{
  "type": "FeatureCollection",
  "features": [
    {
      "type": "Feature",
      "properties": {
        "object_id": "10-235-01486",
        "stname": "BIHAR",
        "dtname": "Aurangabad",
        "sdtname": "Madanpur",
        "st_area_sh": 0.0,
        "st_length_": 0.0,
        "remarks": "",
        "dist_lgd": 189,
        "state_lgd": 10,
        "subdt_lgd": 1486,
        "ac_no": null,
        "st_length(shape)": 153529.37367368402,
        "st_area(shape)": 418713952.50229967
      },
      "geometry": {
        "type": "Polygon",
        "coordinates": [
          [
            [
              84.53855451222242,
              24.764676321144062
            ],
            [
              84.54099679971458,
              24.76437979008026
            ],
            [
              84.54284080293935,
              24.76438979061676
            ],
            [
              84.54274912806797,
              24.760954656032506
            ],
            [
              84.54342658086138,
              24.760679741871314
            ],
            [
              84.54421263009117,
              24.76054918685906
            ],
            [
              84.54488971996523,
              24.760829428011796
            ],
            [
              84.54540836858271,
              24.761375927724192
            ],
            [
              84.54502709572839,
              24.76237329502348
            ],
            [
              84.54520946361251,
              24.763194889655264
            ],
            [
              84.5456245032401,
              24.763538206972747
            ],
            [
              84.54637603919669,
              24.763475346712365
            ],
            [
              84.54682619666364,
              24.762997198368755
            ],
            [
              84.54769672525941,
              24.76227987981811
            ],
            [
              84.54822564880712,
              24.762180832003455
            ],
            [
              84.54874960017973,
              24.762420345608998
            ],
            [
              84.54897170863372,
              24.76300726427364
            ],
            [
              84.54810109469801,
              24.763896101669314
            ],
            [
              84.54828850213092,
              24.764483031306124
            ],
            [
              84.5487383739336,
              24.76461861670218
            ],
            [
              84.54902037755919,
              24.76414938026951
            ],
            [
              84.54962358189944,
              24.763982648221432
            ],
            [
              84.55262929812771,
              24.763929986976414
            ],
            [
              84.55327765269244,
              24.762725019743073
            ],
            [
              84.55440485421937,
              24.762662361368648
            ],
            [
              84.55501361913122,
              24.761362668126512
            ],
            [
              84.5558786958515,
              24.76133601514811
            ],
            [
              84.55925980635894,
              24.76182949810487
            ],
            [
              84.56312551394464,
              24.76198913219929
            ],
            [
              84.56512274011247,
              24.76185460110737
            ],
            [
              84.56921617331767,
              24.761427320785717
            ],
            [
              84.56959196285553,
              24.761161132672083
            ],
            [
              84.56989870608405,
              24.76074602226399
            ],
            [
              84.56982479629572,
              24.760059866395338
            ],
            [
              84.56807596957532,
              24.75754489904509
            ],
            [
              84.56642025592907,
              24.756957434937718
            ],
            [
              84.56593606399093,
              24.756474277234652
            ],
            [
              84.56482530971854,
              24.7533096070899
            ],
            [
              84.56423273963462,
              24.752077101991205
            ],
            [
              84.56329870194493,
              24.751625298899064
            ],
            [
              84.56187044981345,
              24.75116876583854
            ],
            [
              84.56172996857435,
              24.750479554135254
            ],
            [
              84.56172912595461,
              24.75047541560336
            ],
            [
              84.56165540391422,
              24.750113727126525
            ],
            [
              84.5617676106797,
              24.750000048865992
            ],
            [
              84.56296769072902,
              24.7487837373446
            ],
            [
              84.56283157170897,
              24.74746509927332
            ],
            [
              84.56319322086594,
              24.746428647821016
            ],
            [
              84.56402268297846,
              24.74569669068383
            ],
            [
              84.56520692033945,
              24.7451649791046
            ],
            [
              84.56649847134254,
              24.744909085406693
            ],
            [
              84.56805545115591,
              24.744916130118455
            ],
            [
              84.5692698305879,
              24.746099715163172
            ],
            [
              84.57057224222282,
              24.746575108239234
            ],
            [
              84.5721479420284,
              24.746776279021244
            ],
            [
              84.57471038637635,
              24.746395225207145
            ],
            [
              84.57472756755448,
              24.743231141987735
            ],
            [
              84.57580893883222,
              24.741593002660345
            ],
            [
              84.57602211893061,
              24.740551341930452
            ],
            [
              84.57576427818955,
              24.738880069825875
            ],
            [
              84.57494410196213,
              24.737910421910133
            ],
            [
              84.57491353408963,
              24.737170012659103
            ],
            [
              84.57621703268602,
              24.734652791227617
            ],
            [
              84.57763000088126,
              24.732005008101176
            ],
            [
              84.57836001230531,
              24.73228362385298
            ],
            [
              84.57883913325368,
              24.733251683822424
            ],
            [
              84.5793314477586,
              24.734544872956242
            ],
            [
              84.5804945513542,
              24.735154840980446
            ],
            [
              84.58399614660246,
              24.73658327303121
            ],
            [
              84.58398333842315,
              24.73898906781218
            ],
            [
              84.58384369082066,
              24.74013946121417
            ],
            [
              84.58300035063527,
              24.740726958313374
            ],
            [
              84.581940572162,
              24.741096865310613
            ],
            [
              84.58069316077868,
              24.741443414911178
            ],
            [
              84.58079495966332,
              24.742752799892397
            ],
            [
              84.5808980305624,
              24.74380045899518
            ],
            [
              84.58142995897471,
              24.744159462158215
            ],
            [
              84.58186046220158,
              24.74406653663175
            ],
            [
              84.58304655099033,
              24.7431871851578
            ],
            [
              84.5835501456403,
              24.74328874132847
            ],
            [
              84.58390449418896,
              24.743583652700547
            ],
            [
              84.58437449544057,
              24.744420797390514
            ],
            [
              84.58449061436912,
              24.74489973596809
            ],
            [
              84.58488083264709,
              24.745881010372397
            ],
            [
              84.58555784167277,
              24.74683183472278
            ],
            [
              84.58698258498475,
              24.747542299057283
            ],
            [
              84.58834568410526,
              24.747774039257187
            ],
            [
              84.58824838398358,
              24.749344399355973
            ],
            [
              84.58826497856182,
              24.750000261789488
            ],
            [
              84.58827693873152,
              24.750472932320996
            ],
            [
              84.58830138997526,
              24.750479758084175
            ],
            [
              84.58904257464481,
              24.7507399387327
            ],
            [
              84.58981370375605,
              24.750708520053006
            ],
            [
              84.59034290488322,
              24.750480822697618
            ],
            [
              84.59087823611384,
              24.750249717339976
            ],
            [
              84.59128311759216,
              24.75033723767017
            ],
            [
              84.59142816586616,
              24.750481312990853
            ],
            [
              84.5916920540657,
              24.750736067789934
            ],
            [
              84.59218147060552,
              24.75073614365879
            ],
            [
              84.59256201133292,
              24.75074074881618
            ],
            [
              84.59277951681942,
              24.750939405925042
            ],
            [
              84.59299184172166,
              24.751535310899023
            ],
            [
              84.59317971987174,
              24.751562414663663
            ],
            [
              84.59441063099992,
              24.75116992834104
            ],
            [
              84.59521145841445,
              24.751156573022364
            ],
            [
              84.59509358777107,
              24.750483062056905
            ],
            [
              84.59514635481088,
              24.750000355606364
            ],
            [
              84.59515060563882,
              24.749961483598945
            ],
            [
              84.59683649818702,
              24.74988757706914
            ],
            [
              84.59710878383785,
              24.750000324606003
            ],
            [
              84.59735445510175,
              24.750102050607104
            ],
            [
              84.59759436187646,
              24.750484165012725
            ],
            [
              84.59809796371295,
              24.751956115267937
            ],
            [
              84.59842419768817,
              24.752032883974938
            ],
            [
              84.59885925357689,
              24.751762184008804
            ],
            [
              84.59956118815674,
              24.75166295894095
            ],
            [
              84.60005064871405,
              24.751545658363916
            ],
            [
              84.60133082974059,
              24.75147366824927
            ],
            [
              84.60206243926756,
              24.751406062146657
            ],
            [
              84.60257649839224,
              24.751528061799377
            ],
            [
              84.60360960678307,
              24.75146047938425
            ],
            [
              84.60468728059513,
              24.751031768311677
            ],
            [
              84.60487511472778,
              24.750905402047934
            ],
            [
              84.6053136560798,
              24.75048738414258
            ],
            [
              84.60624145227494,
              24.750000129630077
            ],
            [
              84.6083292771324,
              24.74890362500212
            ],
            [
              84.60895802506775,
              24.748707705752057
            ],
            [
              84.61000087568783,
              24.74874378319639
            ],
            [
              84.61020245314602,
              24.747990818664
            ],
            [
              84.60977444004911,
              24.746630399704635
            ],
            [
              84.60931909211641,
              24.745770784898227
            ],
            [
              84.60920000695079,
              24.74489918528125
            ],
            [
              84.60986686770869,
              24.744030807008606
            ],
            [
              84.61110514412385,
              24.744483000753522
            ],
            [
              84.61192075960463,
              24.743516027621283
            ],
            [
              84.61234232279777,
              24.74323344021831
            ],
            [
              84.6127380639181,
              24.74316744418848
            ],
            [
              84.61313174969307,
              24.743516658266696
            ],
            [
              84.61346906798055,
              24.74424024307078
            ],
            [
              84.61364766114387,
              24.74509412664194
            ],
            [
              84.61432375837953,
              24.746275047144547
            ],
            [
              84.61505702080662,
              24.746901119822088
            ],
            [
              84.61589088376572,
              24.747193495222426
            ],
            [
              84.61693350801033,
              24.74726563874239
            ],
            [
              84.61739646197854,
              24.747610649652913
            ],
            [
              84.61870572686075,
              24.747728962289695
            ],
            [
              84.62091532733814,
              24.747706718308624
            ],
            [
              84.62138549657467,
              24.745618807721716
            ],
            [
              84.62179971693872,
              24.74484867790468
            ],
            [
              84.62225485286899,
              24.74377178304641
            ],
            [
              84.62192424409837,
              24.741689533660324
            ],
            [
              84.62298889593207,
              24.741314873618297
            ],
            [
              84.62428930342554,
              24.74121647727941
            ],
            [
              84.62520045383847,
              24.742845252394396
            ],
            [
              84.6257533183868,
              24.742991987079076
            ],
            [
              84.62708214588093,
              24.743164539784757
            ],
            [
              84.62776026702095,
              24.74395275983509
            ],
            [
              84.62822870161068,
              24.744180407961405
            ],
            [
              84.62894614201066,
              24.744034432592947
            ],
            [
              84.62993712210958,
              24.743546518875835
            ],
            [
              84.63013915231866,
              24.742680671702036
            ],
            [
              84.62995015037615,
              24.740924042133678
            ],
            [
              84.63002843226495,
              24.740089359835917
            ],
            [
              84.63043796432152,
              24.739246943203824
            ],
            [
              84.63149794491572,
              24.738777393940552
            ],
            [
              84.63430116201435,
              24.738626405212667
            ],
            [
              84.63658142576863,
              24.738288253728953
            ],
            [
              84.63928614439297,
              24.738046548670813
            ],
            [
              84.64184884386243,
              24.73551563225273
            ],
            [
              84.64232580615919,
              24.735021087762988
            ],
            [
              84.64333009839231,
              24.73481298403657
            ],
            [
              84.64390529865189,
              24.734436146033303
            ],
            [
              84.6442200943786,
              24.733724301357054
            ],
            [
              84.64403536302693,
              24.732071453097923
            ],
            [
              84.64326486632966,
              24.729915336617307
            ],
            [
              84.64291543336222,
              24.72759381838282
            ],
            [
              84.64232665866041,
              24.725682129747792
            ],
            [
              84.64219403318846,
              24.72348791981905
            ],
            [
              84.64252879936227,
              24.72272637738964
            ],
            [
              84.64382412867947,
              24.721598681135106
            ],
            [
              84.64409360440006,
              24.721062660922517
            ],
            [
              84.64292981269499,
              24.72054787786163
            ],
            [
              84.64255601562043,
              24.720171700851083
            ],
            [
              84.64238130677239,
              24.71951650362634
            ],
            [
              84.64248366171417,
              24.71880377634785
            ],
            [
              84.64005398656857,
              24.718450879611016
            ],
            [
              84.63734663677879,
              24.718286377617478
            ],
            [
              84.63505864571646,
              24.718276964161113
            ],
            [
              84.63114693540501,
              24.717818506105306
            ],
            [
              84.6316448949232,
              24.71606471933898
            ],
            [
              84.63229440741632,
              24.714627484197678
            ],
            [
              84.63351553768769,
              24.713508641205188
            ],
            [
              84.63760715988927,
              24.712518750223257
            ],
            [
              84.63939852004175,
              24.71200254209674
            ],
            [
              84.64067859416879,
              24.70993133922793
            ],
            [
              84.64117103892943,
              24.709256333592236
            ],
            [
              84.64193149066523,
              24.707345561299046
            ],
            [
              84.6429716391529,
              24.704794914816834
            ],
            [
              84.64665800168544,
              24.704769161292763
            ],
            [
              84.64744917310901,
              24.70464150266743
            ],
            [
              84.64995690376796,
              24.70514354373988
            ],
            [
              84.65164587933423,
              24.70534434817691
            ],
            [
              84.6535484661902,
              24.705320374662957
            ],
            [
              84.65681297357709,
              24.70566276474182
            ],
            [
              84.65922845174794,
              24.705834816729272
            ],
            [
              84.66177752467289,
              24.705975711073403
            ],
            [
              84.66426473421747,
              24.705619818015098
            ],
            [
              84.66666941104536,
              24.705985797099977
            ],
            [
              84.66817726738572,
              24.705829153890694
            ],
            [
              84.66900333925636,
              24.70563824206067
            ],
            [
              84.67119290370965,
              24.705511312279036
            ],
            [
              84.67229011857411,
              24.70547042123323
            ],
            [
              84.67321343307425,
              24.705613864638714
            ],
            [
              84.6737158859655,
              24.70596341100009
            ],
            [
              84.6740668793066,
              24.706998368314164
            ],
            [
              84.67390372908132,
              24.708081058987233
            ],
            [
              84.67348411972388,
              24.7090770143565
            ],
            [
              84.67294997606605,
              24.71024859994831
            ],
            [
              84.6728317829275,
              24.712297407682
            ],
            [
              84.672887053572,
              24.714238524899034
            ],
            [
              84.67343208031949,
              24.716086778030242
            ],
            [
              84.67434207819386,
              24.716988540379905
            ],
            [
              84.67643202487207,
              24.718174615625365
            ],
            [
              84.67822313888612,
              24.719847070041904
            ],
            [
              84.68060674572898,
              24.719494984918256
            ],
            [
              84.683040564803,
              24.718949001229806
            ],
            [
              84.68466266798289,
              24.7187024196904
            ],
            [
              84.6869527027125,
              24.7182686090652
            ],
            [
              84.68838712267674,
              24.717980621891073
            ],
            [
              84.68890348598015,
              24.71853778420447
            ],
            [
              84.68933935035264,
              24.71941509695736
            ],
            [
              84.68943791799717,
              24.7205755122473
            ],
            [
              84.68971288691576,
              24.720978258283264
            ],
            [
              84.69043174755218,
              24.720475369597747
            ],
            [
              84.69099400398683,
              24.719624350070376
            ],
            [
              84.69126261013825,
              24.718126772270526
            ],
            [
              84.69123254262738,
              24.71709756407561
            ],
            [
              84.69157561642089,
              24.71663843335721
            ],
            [
              84.69294749567504,
              24.715966435222565
            ],
            [
              84.69295352516723,
              24.715961383229384
            ],
            [
              84.69433132342076,
              24.714806955381103
            ],
            [
              84.69467656934064,
              24.71384682821627
            ],
            [
              84.69446557663998,
              24.712406122124758
            ],
            [
              84.69346059539903,
              24.71057884170307
            ],
            [
              84.69248490732119,
              24.70886000636631
            ],
            [
              84.692728789141,
              24.708477214053197
            ],
            [
              84.69337271501142,
              24.70813649895055
            ],
            [
              84.69414537934347,
              24.7077286729124
            ],
            [
              84.69500548838023,
              24.707664165341193
            ],
            [
              84.69618532669126,
              24.707916739964922
            ],
            [
              84.69834650438158,
              24.708624394861445
            ],
            [
              84.6996379853161,
              24.70823637895814
            ],
            [
              84.70044665861633,
              24.707503635633245
            ],
            [
              84.70048452889377,
              24.706754411291627
            ],
            [
              84.70012864063271,
              24.705638224922772
            ],
            [
              84.6998312012556,
              24.704738939639295
            ],
            [
              84.69983489243312,
              24.70389034979758
            ],
            [
              84.70033715218656,
              24.703169985713327
            ],
            [
              84.70074945285083,
              24.70268394140402
            ],
            [
              84.70077924817217,
              24.70151500476204
            ],
            [
              84.6993917022995,
              24.700187358372748
            ],
            [
              84.69880257815302,
              24.69931851460688
            ],
            [
              84.69880276769754,
              24.698158495346092
            ],
            [
              84.70288047679202,
              24.698740342222465
            ],
            [
              84.70112955520035,
              24.695757516595208
            ],
            [
              84.70021957439397,
              24.694322538014116
            ],
            [
              84.69947303666363,
              24.693523940226886
            ],
            [
              84.69873614414446,
              24.692305535661134
            ],
            [
              84.69830062203012,
              24.691041841302155
            ],
            [
              84.69808736108335,
              24.69045204470356
            ],
            [
              84.69798720791233,
              24.69017505912192
            ],
            [
              84.69738513634765,
              24.688509956046182
            ],
            [
              84.6970880805512,
              24.687431262839514
            ],
            [
              84.69689000562431,
              24.686636900303085
            ],
            [
              84.69688962833189,
              24.685977862641778
            ],
            [
              84.69746226929124,
              24.68518764623841
            ],
            [
              84.69838561702906,
              24.68429794932866
            ],
            [
              84.69892341413512,
              24.68309245968232
            ],
            [
              84.69924299788232,
              24.682145368348067
            ],
            [
              84.70008728309534,
              24.679643218321093
            ],
            [
              84.70021044661236,
              24.67906988407226
            ],
            [
              84.70017077431447,
              24.678817121184185
            ],
            [
              84.69996318533042,
              24.67865020865288
            ],
            [
              84.69964697026558,
              24.678578142086536
            ],
            [
              84.69899984639277,
              24.678650685352586
            ],
            [
              84.69848612144135,
              24.678745729766298
            ],
            [
              84.69798732199837,
              24.67902583765077
            ],
            [
              84.69682684956825,
              24.679865992644444
            ],
            [
              84.69635266755732,
              24.68001066460939
            ],
            [
              84.6958289147124,
              24.679857436621084
            ],
            [
              84.69578474544817,
              24.67977157189049
            ],
            [
              84.69571516464123,
              24.679636306230393
            ],
            [
              84.69569008996669,
              24.678972765777598
            ],
            [
              84.69509721176067,
              24.678878249660464
            ],
            [
              84.69330383578867,
              24.678734627732283
            ],
            [
              84.69155482401534,
              24.678396862914845
            ],
            [
              84.6907297528679,
              24.678284376200583
            ],
            [
              84.69046781041926,
              24.6780678198484
            ],
            [
              84.69017598820763,
              24.677390852307585
            ],
            [
              84.69004746893489,
              24.67724646136699
            ],
            [
              84.68983500659041,
              24.677174328687286
            ],
            [
              84.68886174216719,
              24.67706641038874
            ],
            [
              84.6879526372182,
              24.676827552010202
            ],
            [
              84.6869894887234,
              24.677189068186856
            ],
            [
              84.68651044503014,
              24.677496213754726
            ],
            [
              84.68625869037515,
              24.677893545993744
            ],
            [
              84.68620463604954,
              24.678484895782834
            ],
            [
              84.68611580434606,
              24.678674518702373
            ],
            [
              84.68599729320388,
              24.67878290332947
            ],
            [
              84.68527112297599,
              24.678868959746957
            ],
            [
              84.68425836232464,
              24.678833248957023
            ],
            [
              84.68271728718338,
              24.67935299670526
            ],
            [
              84.68135891679448,
              24.67982288765072
            ],
            [
              84.68130454266867,
              24.679841003699927
            ],
            [
              84.68113666101678,
              24.680035190701897
            ],
            [
              84.681057681137,
              24.68008036809936
            ],
            [
              84.68090942587746,
              24.68008945059331
            ],
            [
              84.68080080788152,
              24.680075947250085
            ],
            [
              84.68069204435847,
              24.67999022878013
            ],
            [
              84.68056666559596,
              24.679836102882
            ],
            [
              84.6803152190631,
              24.679581276408115
            ],
            [
              84.68016026596482,
              24.679493218193816
            ],
            [
              84.67998117333816,
              24.67941778666829
            ],
            [
              84.67984000578623,
              24.679433566636064
            ],
            [
              84.67968170915844,
              24.679515428655847
            ],
            [
              84.67954810811612,
              24.679677467773846
            ],
            [
              84.67949987397526,
              24.67979081928231
            ],
            [
              84.67936583096184,
              24.68022202374854
            ],
            [
              84.67801471806212,
              24.680704363361446
            ],
            [
              84.67779232394386,
              24.680523909249086
            ],
            [
              84.67710555741758,
              24.680415794683277
            ],
            [
              84.67667070724306,
              24.680041229374968
            ],
            [
              84.67648793332039,
              24.680068458905716
            ],
            [
              84.67649797558694,
              24.68056047417284
            ],
            [
              84.67639428934191,
              24.680632706925444
            ],
            [
              84.67626087514917,
              24.68061917833719
            ],
            [
              84.67618175333558,
              24.680474791134934
            ],
            [
              84.67601361296889,
              24.680091175344717
            ],
            [
              84.675895088352,
              24.680068578079293
            ],
            [
              84.67544561360467,
              24.680402822757515
            ],
            [
              84.67516908431242,
              24.680547298198565
            ],
            [
              84.67452676642637,
              24.680466308616268
            ],
            [
              84.67380066357212,
              24.680619973368287
            ],
            [
              84.6728076146531,
              24.680651968060626
            ],
            [
              84.67219994838082,
              24.68065211335375
            ],
            [
              84.67162202892091,
              24.680805808078137
            ],
            [
              84.67061922160292,
              24.680964101373824
            ],
            [
              84.66838137719469,
              24.681231020210177
            ],
            [
              84.66705744372221,
              24.68146616928434
            ],
            [
              84.66599033140295,
              24.681538670873962
            ],
            [
              84.66398974733262,
              24.682225338168163
            ],
            [
              84.66257191925169,
              24.682604853944763
            ],
            [
              84.66260140465425,
              24.682099285667988
            ],
            [
              84.66428532360382,
              24.679512312987836
            ],
            [
              84.66434453156417,
              24.679218968861843
            ],
            [
              84.66417153310844,
              24.679061018630243
            ],
            [
              84.66309448003224,
              24.67889423294651
            ],
            [
              84.66136528239913,
              24.678195003692668
            ],
            [
              84.66034261872012,
              24.678195224085442
            ],
            [
              84.65940401130057,
              24.678376014605536
            ],
            [
              84.65756642923347,
              24.67911668128635
            ],
            [
              84.65723548988281,
              24.678994893073362
            ],
            [
              84.65606444967167,
              24.678128479336742
            ],
            [
              84.65540712183557,
              24.676950450845197
            ],
            [
              84.6547103013646,
              24.676025269259597
            ],
            [
              84.65420137970503,
              24.6756596862366
            ],
            [
              84.65104433508061,
              24.674238378608166
            ],
            [
              84.65059484596023,
              24.674202370176868
            ],
            [
              84.6503033893629,
              24.67434683565966
            ],
            [
              84.64996756407541,
              24.674676463214283
            ],
            [
              84.64990334171911,
              24.67489308586135
            ],
            [
              84.65012581488911,
              24.675809419152316
            ],
            [
              84.64994307600075,
              24.676003516927455
            ],
            [
              84.64915266904352,
              24.67596758083881
            ],
            [
              84.6483475692415,
              24.676762119106048
            ],
            [
              84.64743871582077,
              24.67761541421238
            ],
            [
              84.6469201911708,
              24.678477620388772
            ],
            [
              84.64629775659525,
              24.67893362833806
            ],
            [
              84.64575929832914,
              24.67904207559224
            ],
            [
              84.64550737658747,
              24.678911212889897
            ],
            [
              84.64541837420406,
              24.678753206762373
            ],
            [
              84.64520579867188,
              24.677706049909695
            ],
            [
              84.6449041587725,
              24.676031327717666
            ],
            [
              84.64495357868957,
              24.675625100186576
            ],
            [
              84.6455214424082,
              24.674650030024193
            ],
            [
              84.64585730183167,
              24.673851037639544
            ],
            [
              84.64584232781418,
              24.67281275693731
            ],
            [
              84.64561985913578,
              24.67188748424957
            ],
            [
              84.64518002690468,
              24.671169749836796
            ],
            [
              84.64484334911599,
              24.67074306014682
            ],
            [
              84.64473532131316,
              24.67060614960638
            ],
            [
              84.64447848758356,
              24.67028064759515
            ],
            [
              84.64345082118672,
              24.66914776470119
            ],
            [
              84.64309997966092,
              24.668132195303354
            ],
            [
              84.64285281899029,
              24.667166182654242
            ],
            [
              84.64287744001561,
              24.666565857357316
            ],
            [
              84.64306999928664,
              24.665969971746275
            ],
            [
              84.64379109762646,
              24.665080626723764
            ],
            [
              84.64526784980012,
              24.663911302333155
            ],
            [
              84.64544565424261,
              24.66362686560907
            ],
            [
              84.64538134115648,
              24.663401188670782
            ],
            [
              84.64519359775366,
              24.663220693195953
            ],
            [
              84.64482808584098,
              24.663112419950227
            ],
            [
              84.64433910318742,
              24.663098882930623
            ],
            [
              84.64353389918082,
              24.66332924227972
            ],
            [
              84.64178544526128,
              24.66396587292611
            ],
            [
              84.63990353941975,
              24.664832816895995
            ],
            [
              84.63883162201202,
              24.665031518038287
            ],
            [
              84.63827805677775,
              24.662336715825436
            ],
            [
              84.63829771461113,
              24.661366228629014
            ],
            [
              84.63844096086464,
              24.66069357238908
            ],
            [
              84.63842607937363,
              24.660607857743027
            ],
            [
              84.63856921243942,
              24.659705023652673
            ],
            [
              84.6386531932404,
              24.6589692429474
            ],
            [
              84.63866297589384,
              24.65871196220701
            ],
            [
              84.63866294714775,
              24.658508866126123
            ],
            [
              84.63856912979442,
              24.658093526831546
            ],
            [
              84.63857891065125,
              24.65764217702577
            ],
            [
              84.63872209761597,
              24.65688828110751
            ],
            [
              84.63876155341985,
              24.656450395290598
            ],
            [
              84.63873191171042,
              24.656157019791937
            ],
            [
              84.6386577773433,
              24.655944906330514
            ],
            [
              84.63816377580227,
              24.65531295775235
            ],
            [
              84.63809462259337,
              24.65511437094673
            ],
            [
              84.63805510211077,
              24.65491570871434
            ],
            [
              84.63816858897555,
              24.654495956934497
            ],
            [
              84.63821800440101,
              24.654085127294298
            ],
            [
              84.63817347760731,
              24.653800815132424
            ],
            [
              84.63805989731775,
              24.653575082870105
            ],
            [
              84.637896802788,
              24.65337194985582
            ],
            [
              84.6377240100465,
              24.653259109105566
            ],
            [
              84.63742755701955,
              24.653177902597122
            ],
            [
              84.63722999323407,
              24.65316892836234
            ],
            [
              84.63713604023515,
              24.651507753080818
            ],
            [
              84.63678546820394,
              24.651551373236885
            ],
            [
              84.635792630389,
              24.65167490766994
            ],
            [
              84.63551753031639,
              24.651561008907453
            ],
            [
              84.63547647730789,
              24.65154401217843
            ],
            [
              84.6349380208384,
              24.650736062344635
            ],
            [
              84.63477506105598,
              24.650117620928516
            ],
            [
              84.63349576486998,
              24.650284682670314
            ],
            [
              84.63169309941964,
              24.650645945911332
            ],
            [
              84.63076945972935,
              24.65084909887364
            ],
            [
              84.6293617799162,
              24.650659540616623
            ],
            [
              84.62870985993808,
              24.650736357082806
            ],
            [
              84.62763110006287,
              24.651074778097144
            ],
            [
              84.62655147331338,
              24.65141346272231
            ],
            [
              84.62552410336059,
              24.651711346336405
            ],
            [
              84.62447210070442,
              24.65179716424857
            ],
            [
              84.62297546611856,
              24.653164820069765
            ],
            [
              84.62205678512863,
              24.653823920076423
            ],
            [
              84.61970068829302,
              24.65511483630647
            ],
            [
              84.61841643879653,
              24.655638408187663
            ],
            [
              84.61549238930907,
              24.656324325723396
            ],
            [
              84.61449953712106,
              24.65679824095932
            ],
            [
              84.6137635015947,
              24.657329718387686
            ],
            [
              84.61318062073946,
              24.65775060033735
            ],
            [
              84.61241004588872,
              24.658177123012198
            ],
            [
              84.61163946474983,
              24.658603641780285
            ],
            [
              84.61130241595689,
              24.658590339394163
            ],
            [
              84.61104782801549,
              24.65837028813574
            ],
            [
              84.61044943505189,
              24.654960722127754
            ],
            [
              84.60979768844865,
              24.653186693133808
            ],
            [
              84.60920500068545,
              24.6532949651933
            ],
            [
              84.60633516542369,
              24.654075531007056
            ],
            [
              84.60555968127994,
              24.65461711674251
            ],
            [
              84.60453720804375,
              24.65488776014029
            ],
            [
              84.604117318412,
              24.655018625183946
            ],
            [
              84.60303552312939,
              24.65576778983231
            ],
            [
              84.60271939070955,
              24.655776825927912
            ],
            [
              84.60259098821778,
              24.655632341391506
            ],
            [
              84.6025761669139,
              24.655451758753724
            ],
            [
              84.60249734513764,
              24.65420134812038
            ],
            [
              84.6025370740294,
              24.653140576895453
            ],
            [
              84.60241870212606,
              24.65240926994856
            ],
            [
              84.60228606677269,
              24.652120532946487
            ],
            [
              84.60228239356148,
              24.6521125350982
            ],
            [
              84.60222735468236,
              24.65199271998708
            ],
            [
              84.60213825258596,
              24.65176618189245
            ],
            [
              84.60195002139795,
              24.651439854297838
            ],
            [
              84.60172241794936,
              24.651116869199736
            ],
            [
              84.6014351555861,
              24.65076332521453
            ],
            [
              84.6012667529114,
              24.650428015668158
            ],
            [
              84.60118757809718,
              24.65021959916725
            ],
            [
              84.60113800726317,
              24.650074566073847
            ],
            [
              84.60109843916986,
              24.6498298632715
            ],
            [
              84.60113820129929,
              24.649594278178334
            ],
            [
              84.60121754859,
              24.649240812344058
            ],
            [
              84.60119770300874,
              24.649095893234566
            ],
            [
              84.60106895107234,
              24.64888740511082
            ],
            [
              84.6008511365654,
              24.648409233007005
            ],
            [
              84.60080163939325,
              24.648219070127045
            ],
            [
              84.60071246004173,
              24.648110413192292
            ],
            [
              84.60051798286754,
              24.647971732214206
            ],
            [
              84.60043400835481,
              24.647890508386727
            ],
            [
              84.60034511915912,
              24.647709916183544
            ],
            [
              84.60029083396648,
              24.647542873857933
            ],
            [
              84.60044405421462,
              24.647199884089126
            ],
            [
              84.60018236778582,
              24.64688835785591
            ],
            [
              84.60014286077794,
              24.646816148023106
            ],
            [
              84.60006881983561,
              24.64643243037333
            ],
            [
              84.59997506356771,
              24.646062297769056
            ],
            [
              84.59997169129214,
              24.646031736110068
            ],
            [
              84.59992573797379,
              24.64561533796647
            ],
            [
              84.59993950196058,
              24.645507416867154
            ],
            [
              84.59995048476323,
              24.64542130722969
            ],
            [
              84.60011361522557,
              24.64501953359277
            ],
            [
              84.6004297718999,
              24.64467201517797
            ],
            [
              84.60049891163408,
              24.644568233682094
            ],
            [
              84.60051872128273,
              24.64441022815474
            ],
            [
              84.60051874823218,
              24.643990414111958
            ],
            [
              84.60055340793079,
              24.64384600493363
            ],
            [
              84.60060277215229,
              24.643733152308496
            ],
            [
              84.60067191188641,
              24.643629370032436
            ],
            [
              84.6006768696885,
              24.643493964761355
            ],
            [
              84.60065219117101,
              24.643390129214232
            ],
            [
              84.60052875097284,
              24.643214040023743
            ],
            [
              84.60039548679877,
              24.643092131851613
            ],
            [
              84.59989178884258,
              24.64275805666893
            ],
            [
              84.59942761136895,
              24.642392296167156
            ],
            [
              84.59915028437275,
              24.640456865085834
            ],
            [
              84.5989727763743,
              24.639279830677932
            ],
            [
              84.59886501357448,
              24.638565264684743
            ],
            [
              84.59895952622384,
              24.637088263126316
            ],
            [
              84.59901392909575,
              24.636618862046607
            ],
            [
              84.59937352111075,
              24.635325897775843
            ],
            [
              84.59952282200928,
              24.634753125031622
            ],
            [
              84.59966169256904,
              24.63350158687579
            ],
            [
              84.59969546203723,
              24.632473665948655
            ],
            [
              84.59958242702501,
              24.631867457818508
            ],
            [
              84.5993805531228,
              24.63080490293163
            ],
            [
              84.59930178794036,
              24.629780150224057
            ],
            [
              84.59934420189651,
              24.629063473724937
            ],
            [
              84.59953208363984,
              24.627944036093176
            ],
            [
              84.59954209805866,
              24.627271452146573
            ],
            [
              84.59945832027692,
              24.62643634988208
            ],
            [
              84.59924618222426,
              24.625456775673182
            ],
            [
              84.59900941506147,
              24.624197330154548
            ],
            [
              84.60012046128634,
              24.62428779966679
            ],
            [
              84.60174011026886,
              24.624482162925442
            ],
            [
              84.6030831661788,
              24.625046614869678
            ],
            [
              84.60417447012865,
              24.625132537662836
            ],
            [
              84.60595712021615,
              24.625164375089486
            ],
            [
              84.60606576605987,
              24.625101191831362
            ],
            [
              84.60606577863629,
              24.625019940884414
            ],
            [
              84.60597197385934,
              24.6248980508908
            ],
            [
              84.60431297776907,
              24.623683563997748
            ],
            [
              84.60183936871788,
              24.621805377756715
            ],
            [
              84.59939544539357,
              24.620003891681133
            ],
            [
              84.59669982221146,
              24.61793599406881
            ],
            [
              84.59338719207481,
              24.61538943384575
            ],
            [
              84.59263185444794,
              24.61487918978565
            ],
            [
              84.5939608337574,
              24.61190474472576
            ],
            [
              84.5950328086573,
              24.609733726828164
            ],
            [
              84.59619353081905,
              24.607950922668888
            ],
            [
              84.59726521556308,
              24.606763942215057
            ],
            [
              84.59555716696671,
              24.605562890245537
            ],
            [
              84.59310863259007,
              24.604068251349123
            ],
            [
              84.59334092075285,
              24.603133900727176
            ],
            [
              84.59468452643172,
              24.600344522344113
            ],
            [
              84.59586509507305,
              24.59778531122885
            ],
            [
              84.5964132740089,
              24.597045118659008
            ],
            [
              84.59689724136823,
              24.59641776324517
            ],
            [
              84.59681828664127,
              24.59625072915139
            ],
            [
              84.59662963144844,
              24.596161077401476
            ],
            [
              84.5964381815968,
              24.59607009664346
            ],
            [
              84.59475470012678,
              24.595984000324655
            ],
            [
              84.59293799670351,
              24.59561347166094
            ],
            [
              84.59209383096642,
              24.595419186061935
            ],
            [
              84.59079091088506,
              24.593843502778004
            ],
            [
              84.58992727416415,
              24.59271931370079
            ],
            [
              84.58964112032199,
              24.592078256298446
            ],
            [
              84.58903429756779,
              24.590669739361715
            ],
            [
              84.58861999006719,
              24.58936508708141
            ],
            [
              84.58862007181386,
              24.589085218407543
            ],
            [
              84.58905483844508,
              24.58790716536925
            ],
            [
              84.5890598070269,
              24.58779431616443
            ],
            [
              84.58883769408133,
              24.587672384179317
            ],
            [
              84.58666576265877,
              24.58707148008327
            ],
            [
              84.58478509828895,
              24.58650222023733
            ],
            [
              84.58286993412062,
              24.585820076595237
            ],
            [
              84.58237141135878,
              24.585616804882182
            ],
            [
              84.58196188379381,
              24.585016323867613
            ],
            [
              84.58135503139518,
              24.584041119946374
            ],
            [
              84.58105894398258,
              24.58374762268906
            ],
            [
              84.5805307857995,
              24.583625587920285
            ],
            [
              84.57945465259816,
              24.5835756099143
            ],
            [
              84.5788870475943,
              24.583336193741708
            ],
            [
              84.57843797259724,
              24.582952362956263
            ],
            [
              84.57808281017495,
              24.582252580339023
            ],
            [
              84.57568902721654,
              24.58129032486325
            ],
            [
              84.57557551699557,
              24.58122257664816
            ],
            [
              84.57554597769408,
              24.581023951378008
            ],
            [
              84.5754523058678,
              24.5807214806852
            ],
            [
              84.57536846789895,
              24.580518320782264
            ],
            [
              84.57500335393995,
              24.580075826371083
            ],
            [
              84.5748751005685,
              24.5798455676298
            ],
            [
              84.57479622219837,
              24.57959275674395
            ],
            [
              84.57469280634622,
              24.578978814267806
            ],
            [
              84.57461888218488,
              24.57868086437217
            ],
            [
              84.57437720033914,
              24.578193269330875
            ],
            [
              84.57421940856455,
              24.57777792622018
            ],
            [
              84.57242337896925,
              24.575958154708474
            ],
            [
              84.57164853532427,
              24.575641899816826
            ],
            [
              84.56976781256398,
              24.575749556070715
            ],
            [
              84.56816942670422,
              24.573695077600746
            ],
            [
              84.5666054562013,
              24.572046858976723
            ],
            [
              84.56546571868458,
              24.57103075462797
            ],
            [
              84.56423289504315,
              24.56861074212542
            ],
            [
              84.5641097414076,
              24.56810963493485
            ],
            [
              84.56641009059331,
              24.56759595059964
            ],
            [
              84.56722991917272,
              24.56655804204777
            ],
            [
              84.56776318966811,
              24.566111356951193
            ],
            [
              84.56844923215228,
              24.566179328208793
            ],
            [
              84.56968312209395,
              24.566310694594087
            ],
            [
              84.5703592543639,
              24.566473448327436
            ],
            [
              84.5710748514209,
              24.566690378629676
            ],
            [
              84.57147461879035,
              24.566767261381834
            ],
            [
              84.57213597197722,
              24.566875832126716
            ],
            [
              84.57315267802926,
              24.5670477191377
            ],
            [
              84.57418421257171,
              24.567174465324275
            ],
            [
              84.57496405534123,
              24.567219868168163
            ],
            [
              84.575669858965,
              24.567269756293726
            ],
            [
              84.5764151651051,
              24.56727902672635
            ],
            [
              84.5770568236277,
              24.567274720350262
            ],
            [
              84.5774094869369,
              24.56719709607823
            ],
            [
              84.57897757621538,
              24.565329773893268
            ],
            [
              84.5806863147179,
              24.562585756989613
            ],
            [
              84.58126405900639,
              24.56180048511919
            ],
            [
              84.58100253427432,
              24.56162436114352
            ],
            [
              84.58069165071069,
              24.56145273713327
            ],
            [
              84.5801241310468,
              24.561244922396686
            ],
            [
              84.57962785317481,
              24.561167037024923
            ],
            [
              84.5789269660306,
              24.56125710436482
            ],
            [
              84.57866044486896,
              24.561257022661497
            ],
            [
              84.57843342263034,
              24.561216326222713
            ],
            [
              84.57820148121723,
              24.56113048618852
            ],
            [
              84.5776883132213,
              24.56077823202208
            ],
            [
              84.577278784758,
              24.560453091112095
            ],
            [
              84.57700737316792,
              24.56033563930591
            ],
            [
              84.57664218285213,
              24.560227184635362
            ],
            [
              84.57616346884056,
              24.560141263853918
            ],
            [
              84.5759216531459,
              24.560073473973596
            ],
            [
              84.5757242717184,
              24.559969587156843
            ],
            [
              84.57498904467577,
              24.559545025394133
            ],
            [
              84.57436242305273,
              24.55907535463864
            ],
            [
              84.57387891024094,
              24.558664414161782
            ],
            [
              84.57332641579848,
              24.55798260510494
            ],
            [
              84.57306493328728,
              24.55774778581308
            ],
            [
              84.57285276289527,
              24.55761680509322
            ],
            [
              84.57236424107745,
              24.557408988083825
            ],
            [
              84.57217179229917,
              24.557327668681502
            ],
            [
              84.5715946049662,
              24.556718070119594
            ],
            [
              84.57114568268274,
              24.55625296434449
            ],
            [
              84.57075595398663,
              24.555864616368876
            ],
            [
              84.5700948119038,
              24.55540845762963
            ],
            [
              84.56968526008431,
              24.555218717963832
            ],
            [
              84.56923126681107,
              24.555083130392582
            ],
            [
              84.56911776018336,
              24.55506954490911
            ],
            [
              84.57021897614405,
              24.553620944964702
            ],
            [
              84.57162128762506,
              24.552000910321514
            ],
            [
              84.57173986075102,
              24.551698511756232
            ],
            [
              84.57168074172384,
              24.5514547326658
            ],
            [
              84.5706001232343,
              24.551011968951578
            ],
            [
              84.57055601056392,
              24.550307763123236
            ],
            [
              84.56977629266028,
              24.55022171216231
            ],
            [
              84.56994930818398,
              24.54957175389467
            ],
            [
              84.56897726726618,
              24.549165130129246
            ],
            [
              84.56985640711225,
              24.547599084052813
            ],
            [
              84.57031082798358,
              24.546687413241767
            ],
            [
              84.57035550928747,
              24.546078034250616
            ],
            [
              84.57024716527766,
              24.545558879632736
            ],
            [
              84.569941492841,
              24.544881661113752
            ],
            [
              84.56953710633441,
              24.54424954694004
            ],
            [
              84.56844678963303,
              24.543576547646108
            ],
            [
              84.5660537522763,
              24.54274504393819
            ],
            [
              84.56528897335579,
              24.542482927636676
            ],
            [
              84.56510147698971,
              24.542419656890935
            ],
            [
              84.56494359538358,
              24.542351882763686
            ],
            [
              84.56475121128402,
              24.542193814356217
            ],
            [
              84.56430732136278,
              24.541683549085956
            ],
            [
              84.56401135162949,
              24.541435155629177
            ],
            [
              84.5638238867044,
              24.54131771461388
            ],
            [
              84.56344400264547,
              24.541118941943537
            ],
            [
              84.56287169675775,
              24.54085237767786
            ],
            [
              84.56273852690677,
              24.54071238720725
            ],
            [
              84.56226019018766,
              24.540035082059457
            ],
            [
              84.56197415222815,
              24.539678352637022
            ],
            [
              84.56186564921656,
              24.53955642777425
            ],
            [
              84.56174232400278,
              24.539470608871415
            ],
            [
              84.56129830023255,
              24.539267289773363
            ],
            [
              84.56100727841988,
              24.539018893985354
            ],
            [
              84.5608445926236,
              24.538702840098754
            ],
            [
              84.56065722381828,
              24.538409347818863
            ],
            [
              84.56035636724984,
              24.538097750137272
            ],
            [
              84.56024296482668,
              24.537912625084545
            ],
            [
              84.56001125877218,
              24.537479176104444
            ],
            [
              84.55980411804744,
              24.537257897672085
            ],
            [
              84.5596660317169,
              24.537095333202288
            ],
            [
              84.55940948185493,
              24.53699591128344
            ],
            [
              84.55895061432297,
              24.53689188767733
            ],
            [
              84.55875325804831,
              24.536837632648698
            ],
            [
              84.55827003359573,
              24.536137741330627
            ],
            [
              84.55536516942777,
              24.533211320692264
            ],
            [
              84.55376155986463,
              24.533030008105808
            ],
            [
              84.55101792442555,
              24.533132505900294
            ],
            [
              84.54974555335208,
              24.531913082115125
            ],
            [
              84.54782221900626,
              24.530120029727293
            ],
            [
              84.54747228208397,
              24.529465312337997
            ],
            [
              84.54711852732173,
              24.527009485725802
            ],
            [
              84.5469754167138,
              24.52703649686474
            ],
            [
              84.54672376985664,
              24.527036366103715
            ],
            [
              84.54632413813282,
              24.526968447188143
            ],
            [
              84.54509081323148,
              24.526593129667756
            ],
            [
              84.54454811042564,
              24.526493531075786
            ],
            [
              84.54370939297071,
              24.526335089640554
            ],
            [
              84.54262401969834,
              24.526095253603604
            ],
            [
              84.54172119487153,
              24.525887110599715
            ],
            [
              84.54080844276244,
              24.525773751166792
            ],
            [
              84.54029043644039,
              24.525647067756314
            ],
            [
              84.53964906627698,
              24.52553385439732
            ],
            [
              84.53921488175408,
              24.525497495044075
            ],
            [
              84.53848451908874,
              24.525646039636595
            ],
            [
              84.53738893466657,
              24.525920763063493
            ],
            [
              84.5366370717232,
              24.526195387817946
            ],
            [
              84.53625377406621,
              24.52633539120978
            ],
            [
              84.53554809710485,
              24.5264523387246
            ],
            [
              84.53456119266237,
              24.52653300226493
            ],
            [
              84.53403889418988,
              24.52654478387758
            ],
            [
              84.53339176043559,
              24.526559379313092
            ],
            [
              84.53231110601344,
              24.52663545632807
            ],
            [
              84.5306135820789,
              24.52682850579642
            ],
            [
              84.53014485014683,
              24.52680112602949
            ],
            [
              84.52987350413377,
              24.52675130108223
            ],
            [
              84.52942461059642,
              24.526584018862692
            ],
            [
              84.52880819563158,
              24.52615925667232
            ],
            [
              84.52813746313483,
              24.52566680961497
            ],
            [
              84.5277478287618,
              24.525526655100748
            ],
            [
              84.52719033160153,
              24.525454058152263
            ],
            [
              84.52616393272757,
              24.525439840165454
            ],
            [
              84.52547322439382,
              24.525358102851147
            ],
            [
              84.52486652920037,
              24.525168164097632
            ],
            [
              84.52430418473084,
              24.52495557360953
            ],
            [
              84.5240229401817,
              24.524883170023944
            ],
            [
              84.52374665073964,
              24.52486491302239
            ],
            [
              84.52281409976172,
              24.524945543257047
            ],
            [
              84.5222318378457,
              24.52495872091543
            ],
            [
              84.52128945480699,
              24.52487680103668
            ],
            [
              84.52094895917834,
              24.524912723330154
            ],
            [
              84.52040607670945,
              24.525065814265037
            ],
            [
              84.51959160658068,
              24.525498577921866
            ],
            [
              84.51917213286887,
              24.525556935622163
            ],
            [
              84.51888599699298,
              24.52550258416094
            ],
            [
              84.51830398840187,
              24.525181697244328
            ],
            [
              84.51728335311878,
              24.52441356483993
            ],
            [
              84.51640059306214,
              24.523799065340913
            ],
            [
              84.51614423094803,
              24.523595725764196
            ],
            [
              84.51518278655732,
              24.522814114824182
            ],
            [
              84.51485736915068,
              24.522520460353803
            ],
            [
              84.51417194740239,
              24.522086562662757
            ],
            [
              84.51357505642196,
              24.521851431006155
            ],
            [
              84.51312131018543,
              24.52165692891584
            ],
            [
              84.51287479001358,
              24.521530380292184
            ],
            [
              84.51234716902303,
              24.521159821971143
            ],
            [
              84.51175540562623,
              24.520735040617183
            ],
            [
              84.5108084941802,
              24.520314596055034
            ],
            [
              84.51024621169442,
              24.520061339870708
            ],
            [
              84.50945708483644,
              24.519744763405388
            ],
            [
              84.50827322297128,
              24.519463993936757
            ],
            [
              84.50722250490597,
              24.519255548981377
            ],
            [
              84.5068328031593,
              24.5191062252918
            ],
            [
              84.50628066265305,
              24.51864985610694
            ],
            [
              84.50603895834945,
              24.518554877198312
            ],
            [
              84.50570842324065,
              24.518486949609308
            ],
            [
              84.50534827157526,
              24.51845499761472
            ],
            [
              84.50462805358443,
              24.518386761027575
            ],
            [
              84.5041939678762,
              24.518287061119207
            ],
            [
              84.50387335735466,
              24.518151418933744
            ],
            [
              84.50345918639799,
              24.517902847328187
            ],
            [
              84.50322744530921,
              24.517758205254907
            ],
            [
              84.50302032524573,
              24.51764068733
            ],
            [
              84.50284762233571,
              24.517658587396717
            ],
            [
              84.50271933123504,
              24.51768552617093
            ],
            [
              84.50254649806931,
              24.51778474924393
            ],
            [
              84.50208237808789,
              24.51809125806604
            ],
            [
              84.50173204860181,
              24.51818131219195
            ],
            [
              84.5014112979431,
              24.518167512663883
            ],
            [
              84.50109568115622,
              24.51805884582266
            ],
            [
              84.5007652682183,
              24.51785543075023
            ],
            [
              84.50009471089302,
              24.517417025777153
            ],
            [
              84.50000016410768,
              24.51736105413602
            ],
            [
              84.49928606184731,
              24.51693787823319
            ],
            [
              84.49852177520357,
              24.516440688861422
            ],
            [
              84.49826540769958,
              24.51630962089095
            ],
            [
              84.49686787884913,
              24.515971516354575
            ],
            [
              84.49648293278356,
              24.515877033174213
            ],
            [
              84.49579215078799,
              24.515778285097564
            ],
            [
              84.49519503702535,
              24.515702028232138
            ],
            [
              84.4947754653972,
              24.515508221159433
            ],
            [
              84.49411421012665,
              24.515323666808854
            ],
            [
              84.49358116061686,
              24.515166152033657
            ],
            [
              84.49320115259039,
              24.515022010287453
            ],
            [
              84.49257409797937,
              24.51452138623676
            ],
            [
              84.49190255520219,
              24.51392154722296
            ],
            [
              84.49106826913659,
              24.513335336215242
            ],
            [
              84.49031482964993,
              24.512891852813784
            ],
            [
              84.4902487953917,
              24.51285298381047
            ],
            [
              84.48985388521302,
              24.512600546280876
            ],
            [
              84.48913837708919,
              24.5125062313918
            ],
            [
              84.48837878324453,
              24.512669319740205
            ],
            [
              84.48789534319627,
              24.512746472626386
            ],
            [
              84.48639585915436,
              24.513162862324307
            ],
            [
              84.48495543934236,
              24.513466311659304
            ],
            [
              84.48406773316174,
              24.513909391718425
            ],
            [
              84.48341203037796,
              24.514442446104514
            ],
            [
              84.48341251816319,
              24.51505639799378
            ],
            [
              84.48359574842999,
              24.515841731918588
            ],
            [
              84.48371504290311,
              24.516776009967636
            ],
            [
              84.48378986987133,
              24.517723898385192
            ],
            [
              84.48370664724845,
              24.51856814870071
            ],
            [
              84.48362796381274,
              24.51884808324681
            ],
            [
              84.48327825326588,
              24.51952993331145
            ],
            [
              84.48284960416176,
              24.52020730495368
            ],
            [
              84.48230239810137,
              24.520799025167925
            ],
            [
              84.4818587237758,
              24.521259790940885
            ],
            [
              84.4813510112486,
              24.52187409935913
            ],
            [
              84.48033069756237,
              24.523080065203413
            ],
            [
              84.47985262494794,
              24.523775553905068
            ],
            [
              84.47968999215225,
              24.524014911362258
            ],
            [
              84.47910323057496,
              24.52447119894063
            ],
            [
              84.478412683938,
              24.524774114250977
            ],
            [
              84.47723373316246,
              24.52516769008194
            ],
            [
              84.47674053112202,
              24.525380119209363
            ],
            [
              84.47612414759826,
              24.525940329167476
            ],
            [
              84.4754834960871,
              24.52692931039396
            ],
            [
              84.47449777742075,
              24.5283293233845
            ],
            [
              84.4736402312775,
              24.529638958647684
            ],
            [
              84.4730388388392,
              24.530429294395887
            ],
            [
              84.47220092986804,
              24.53159447611613
            ],
            [
              84.47091425492027,
              24.533297103831433
            ],
            [
              84.47021905411181,
              24.53401075565872
            ],
            [
              84.46954348239058,
              24.534561906774606
            ],
            [
              84.46854724535059,
              24.53533891238214
            ],
            [
              84.4679900931434,
              24.53596217460544
            ],
            [
              84.46789411713844,
              24.536120948748444
            ],
            [
              84.4690229419211,
              24.536345994822838
            ],
            [
              84.47058288976818,
              24.53623669240693
            ],
            [
              84.47110542988747,
              24.53552622969529
            ],
            [
              84.47143521580134,
              24.534873408632155
            ],
            [
              84.47208198483958,
              24.534818056041125
            ],
            [
              84.47351256360764,
              24.534884091138416
            ],
            [
              84.4758484681123,
              24.534598170341283
            ],
            [
              84.47715516291447,
              24.533950465914312
            ],
            [
              84.47902860572769,
              24.533422871597715
            ],
            [
              84.48104187580647,
              24.533433106393822
            ],
            [
              84.4851306602301,
              24.53375188669595
            ],
            [
              84.48739544241876,
              24.534593888176435
            ],
            [
              84.4901830566792,
              24.53550167362077
            ],
            [
              84.4910186749464,
              24.536868994856164
            ],
            [
              84.49218422824775,
              24.537529367797397
            ],
            [
              84.49418721261654,
              24.539263686024427
            ],
            [
              84.49527764430228,
              24.54093029364283
            ],
            [
              84.49546789130976,
              24.5421228948658
            ],
            [
              84.4952666677878,
              24.54277183105964
            ],
            [
              84.49441210764454,
              24.544550481166414
            ],
            [
              84.4939495929525,
              24.545974551760967
            ],
            [
              84.49276040497602,
              24.5492365326375
            ],
            [
              84.49203723062962,
              24.55131374736039
            ],
            [
              84.4911273908587,
              24.55241960394998
            ],
            [
              84.4915826040441,
              24.553049295964318
            ],
            [
              84.4920577131164,
              24.554469035163365
            ],
            [
              84.49262922758834,
              24.556281872952553
            ],
            [
              84.49329698666155,
              24.558506051745226
            ],
            [
              84.49389928011007,
              24.560937463345503
            ],
            [
              84.49443364565178,
              24.563188004065587
            ],
            [
              84.49526266309827,
              24.56570186684461
            ],
            [
              84.49582841128442,
              24.56848962397557
            ],
            [
              84.4963288088303,
              24.570645254645328
            ],
            [
              84.49674095139105,
              24.572719082137752
            ],
            [
              84.49718389538633,
              24.574589999073737
            ],
            [
              84.49751658106189,
              24.57673578124697
            ],
            [
              84.49750541500289,
              24.578599873285157
            ],
            [
              84.49759099390677,
              24.580794044015384
            ],
            [
              84.4974853610125,
              24.58194902613826
            ],
            [
              84.49756608092898,
              24.58248655479516
            ],
            [
              84.49764946704525,
              24.5834032448241
            ],
            [
              84.49746630235543,
              24.584314083345426
            ],
            [
              84.49725122232022,
              24.584787016888455
            ],
            [
              84.49701768999076,
              24.58504309787315
            ],
            [
              84.49681393232137,
              24.5852633060094
            ],
            [
              84.49611556315487,
              24.585656941189537
            ],
            [
              84.49519731605122,
              24.58648744226358
            ],
            [
              84.49467399439763,
              24.58648484216998
            ],
            [
              84.49393403143685,
              24.586399855102837
            ],
            [
              84.49315408086953,
              24.58639589328602
            ],
            [
              84.49250264598167,
              24.586356492398288
            ],
            [
              84.49228383973465,
              24.586630743035634
            ],
            [
              84.49210744744376,
              24.587225698392277
            ],
            [
              84.49166820810076,
              24.588022403784493
            ],
            [
              84.49123118041001,
              24.58845804528724
            ],
            [
              84.49027056785924,
              24.588927186051873
            ],
            [
              84.48888763124228,
              24.589037497909505
            ],
            [
              84.48736340400414,
              24.588831170669078
            ],
            [
              84.48658061116727,
              24.58930118814995
            ],
            [
              84.4863570690021,
              24.590333672314774
            ],
            [
              84.48591589558626,
              24.591446367054132
            ],
            [
              84.48621294329787,
              24.592124890884502
            ],
            [
              84.48668241993335,
              24.59367550630004
            ],
            [
              84.48693998129838,
              24.59435388899112
            ],
            [
              84.48676132076142,
              24.595309898391104
            ],
            [
              84.4868494472874,
              24.595427724999546
            ],
            [
              84.48749879808378,
              24.595828208196743
            ],
            [
              84.4885803193802,
              24.596592016020626
            ],
            [
              84.48922473213747,
              24.59778693828478
            ],
            [
              84.48861267130685,
              24.598578256713402
            ],
            [
              84.48821148100603,
              24.599609836144026
            ],
            [
              84.48855451707031,
              24.600843845781867
            ],
            [
              84.48946544739596,
              24.60125014830499
            ],
            [
              84.49110722457888,
              24.601642142150084
            ],
            [
              84.49097553874475,
              24.60219664115732
            ],
            [
              84.49053771873989,
              24.602749652832753
            ],
            [
              84.4898400781071,
              24.602985348286825
            ],
            [
              84.48896991332902,
              24.60317955189885
            ],
            [
              84.48866338659454,
              24.60325922680567
            ],
            [
              84.4881827456967,
              24.603532161369976
            ],
            [
              84.48800780059173,
              24.60389235913783
            ],
            [
              84.48804673896606,
              24.604804352935716
            ],
            [
              84.48865224568837,
              24.605087281119197
            ],
            [
              84.4895632496759,
              24.60548906796598
            ],
            [
              84.49012323157623,
              24.605965835338257
            ],
            [
              84.49003785658995,
              24.60620459567705
            ],
            [
              84.48972959431032,
              24.606564166663944
            ],
            [
              84.48938281137298,
              24.606760988078968
            ],
            [
              84.48916099397312,
              24.607513668177575
            ],
            [
              84.48954643231546,
              24.60826947017758
            ],
            [
              84.48971827284277,
              24.60843284726581
            ],
            [
              84.48988674109452,
              24.609146795752856
            ],
            [
              84.48992327827207,
              24.61046056868039
            ],
            [
              84.49048144467724,
              24.61124873287236
            ],
            [
              84.49100116408654,
              24.611847157352134
            ],
            [
              84.49200185317709,
              24.612132094210487
            ],
            [
              84.49243393025233,
              24.612531430385094
            ],
            [
              84.49299390855943,
              24.61301270112862
            ],
            [
              84.49324488707002,
              24.614796908073796
            ],
            [
              84.49384887923276,
              24.615355189622687
            ],
            [
              84.49432227342118,
              24.61627385211493
            ],
            [
              84.4950573190041,
              24.616394910159553
            ],
            [
              84.49605995923544,
              24.6163592999164
            ],
            [
              84.49788105092884,
              24.616438148122132
            ],
            [
              84.49821958643356,
              24.616800958825312
            ],
            [
              84.49822609562611,
              24.61736515063228
            ],
            [
              84.49872309843853,
              24.618482537632694
            ],
            [
              84.49855866721566,
              24.619446245010387
            ],
            [
              84.49788192678625,
              24.6207872836869
            ],
            [
              84.49764532491345,
              24.621246575406218
            ],
            [
              84.49715765469854,
              24.621871545858887
            ],
            [
              84.49728286817107,
              24.623226296671966
            ],
            [
              84.49762352459814,
              24.624063043013606
            ],
            [
              84.49735800056646,
              24.62469815323248
            ],
            [
              84.4959703738454,
              24.62552173162065
            ],
            [
              84.49539867791374,
              24.626155301651398
            ],
            [
              84.4950846259921,
              24.62746722511934
            ],
            [
              84.49494549312425,
              24.629253967905036
            ],
            [
              84.49467923696562,
              24.63000642524358
            ],
            [
              84.49415472324765,
              24.631001326081748
            ],
            [
              84.49340315674834,
              24.63135356395758
            ],
            [
              84.49325023024932,
              24.631132204723496
            ],
            [
              84.4919018617028,
              24.631165988975
            ],
            [
              84.48915937970057,
              24.631427463241437
            ],
            [
              84.48637698734686,
              24.631770003926146
            ],
            [
              84.48494241287241,
              24.632164373054188
            ],
            [
              84.48424490519031,
              24.632359503887844
            ],
            [
              84.48355222235952,
              24.63258617598832
            ],
            [
              84.48259663767942,
              24.63297846928124
            ],
            [
              84.48207167929539,
              24.63321499373435
            ],
            [
              84.48153780782707,
              24.63250365606065
            ],
            [
              84.4814140011163,
              24.631749257248742
            ],
            [
              84.48189765676022,
              24.63099791605099
            ],
            [
              84.48280867512076,
              24.630605357684345
            ],
            [
              84.48325494827245,
              24.62949272624347
            ],
            [
              84.48421289192851,
              24.628703167169373
            ],
            [
              84.48495528483213,
              24.628431657783224
            ],
            [
              84.48517939383427,
              24.627317839249173
            ],
            [
              84.48540052042966,
              24.626682543088883
            ],
            [
              84.48540290905001,
              24.62628537284202
            ],
            [
              84.48501525276723,
              24.625886199001325
            ],
            [
              84.48436605468446,
              24.625445079303645
            ],
            [
              84.4837147248995,
              24.62536501022225
            ],
            [
              84.48280025072002,
              24.625518273260163
            ],
            [
              84.4820153270793,
              24.625473678774835
            ],
            [
              84.48132275024975,
              24.624874359980435
            ],
            [
              84.48080960920326,
              24.623996056997495
            ],
            [
              84.4805531842071,
              24.623128067593168
            ],
            [
              84.48055558540383,
              24.622730896668674
            ],
            [
              84.48029685173739,
              24.622251139804355
            ],
            [
              84.47968998496574,
              24.62217123608754
            ],
            [
              84.47903696634805,
              24.622366524617497
            ],
            [
              84.47780754013505,
              24.62394902597882
            ],
            [
              84.4757936268625,
              24.62620462487969
            ],
            [
              84.4743972280927,
              24.627632772147514
            ],
            [
              84.47382322618573,
              24.62861828472152
            ],
            [
              84.47286718875469,
              24.629087351657184
            ],
            [
              84.471689260262,
              24.629519098769837
            ],
            [
              84.47159566030095,
              24.63027686720096
            ],
            [
              84.47189639829178,
              24.631154083279398
            ],
            [
              84.47254648929996,
              24.631432833858067
            ],
            [
              84.4737667140695,
              24.631362409924407
            ],
            [
              84.47532261770118,
              24.63291861666218
            ],
            [
              84.47596588510645,
              24.6343166330281
            ],
            [
              84.47604647207227,
              24.634872221784683
            ],
            [
              84.47622959813452,
              24.63560896512001
            ],
            [
              84.47512698798847,
              24.635819965060726
            ],
            [
              84.47469155929892,
              24.635939552357545
            ],
            [
              84.47447016320895,
              24.636615457068398
            ],
            [
              84.47468177664545,
              24.637528322689253
            ],
            [
              84.47467643166954,
              24.638403920121654
            ],
            [
              84.47393906124665,
              24.63863939894604
            ],
            [
              84.47324245726969,
              24.63867638522391
            ],
            [
              84.47217033235113,
              24.63874757093809
            ],
            [
              84.471743592167,
              24.637472492872824
            ],
            [
              84.47001067461026,
              24.637386809643736
            ],
            [
              84.46896961882416,
              24.637223382204404
            ],
            [
              84.46644310708757,
              24.63768423924497
            ],
            [
              84.46470273531062,
              24.638790005870973
            ],
            [
              84.46383357125578,
              24.638785523952343
            ],
            [
              84.46226507593877,
              24.639251166594903
            ],
            [
              84.46091764523342,
              24.640693050408224
            ],
            [
              84.45920987960636,
              24.641302426237164
            ],
            [
              84.45695192641045,
              24.641448526082502
            ],
            [
              84.45460651413687,
              24.64135937867691
            ],
            [
              84.45260290004903,
              24.641904003084758
            ],
            [
              84.45259175644794,
              24.643650682201415
            ],
            [
              84.45292581205433,
              24.646274979960467
            ],
            [
              84.45392166102212,
              24.65277999361613
            ],
            [
              84.45468438459726,
              24.655568932699612
            ],
            [
              84.45466432342033,
              24.658746453345664
            ],
            [
              84.45596673056367,
              24.658992603282837
            ],
            [
              84.45883608073517,
              24.659084450978526
            ],
            [
              84.46204957369538,
              24.658627429160102
            ],
            [
              84.46414293486995,
              24.65800198210806
            ],
            [
              84.4643256962162,
              24.65799392585568
            ],
            [
              84.46561777812366,
              24.65832558863298
            ],
            [
              84.46561435823737,
              24.65888075626916
            ],
            [
              84.46734548994327,
              24.66008598683445
            ],
            [
              84.46906835086041,
              24.661841715837948
            ],
            [
              84.46981963618703,
              24.664156628986888
            ],
            [
              84.47098677321823,
              24.6647224290499
            ],
            [
              84.47172357500752,
              24.665403224656217
            ],
            [
              84.47150348057639,
              24.665839958210555
            ],
            [
              84.47102039536269,
              24.66647388536914
            ],
            [
              84.47127806272887,
              24.667147762717402
            ],
            [
              84.47179691077235,
              24.66790875429758
            ],
            [
              84.4736943448919,
              24.67021599982303
            ],
            [
              84.47481375802532,
              24.671332235710775
            ],
            [
              84.47476536488264,
              24.672767269976195
            ],
            [
              84.47462219229098,
              24.67435537981671
            ],
            [
              84.47214085413508,
              24.67458176670518
            ],
            [
              84.46805397593653,
              24.674799759254398
            ],
            [
              84.46431215501163,
              24.675145815888808
            ],
            [
              84.46486652423808,
              24.677337858100973
            ],
            [
              84.46495450164373,
              24.67827272885777
            ],
            [
              84.46549880973899,
              24.680505310892737
            ],
            [
              84.46557208980828,
              24.68221636765511
            ],
            [
              84.46552685604047,
              24.682333461775972
            ],
            [
              84.4642631483196,
              24.682963351246265
            ],
            [
              84.46299712743685,
              24.683954188035024
            ],
            [
              84.46251642635191,
              24.684177379911482
            ],
            [
              84.46216741738928,
              24.68626532716369
            ],
            [
              84.46197281804426,
              24.68812847323815
            ],
            [
              84.46177482486407,
              24.68976595080429
            ],
            [
              84.46119904698776,
              24.69331967412792
            ],
            [
              84.46168180611302,
              24.69513217167803
            ],
            [
              84.46166469500346,
              24.69784035667249
            ],
            [
              84.46151737578847,
              24.701617474720077
            ],
            [
              84.4622578660603,
              24.70173421274049
            ],
            [
              84.46336645269795,
              24.70224557818701
            ],
            [
              84.4636634779517,
              24.70372760603604
            ],
            [
              84.47283427268607,
              24.702164002862336
            ],
            [
              84.47939793727699,
              24.70107399075486
            ],
            [
              84.47972637661621,
              24.70230334340197
            ],
            [
              84.4805564001758,
              24.703928012050408
            ],
            [
              84.47971333038335,
              24.70443378801394
            ],
            [
              84.47969603062761,
              24.707250213897407
            ],
            [
              84.48147249311941,
              24.706830516676316
            ],
            [
              84.48203421415813,
              24.707090706204482
            ],
            [
              84.4823991250979,
              24.70803142128663
            ],
            [
              84.48322232864786,
              24.710766391967542
            ],
            [
              84.484067372039,
              24.71077065096492
            ],
            [
              84.48742748801989,
              24.71078785587666
            ],
            [
              84.48882826787336,
              24.711223758818544
            ],
            [
              84.48882538517961,
              24.711693147673053
            ],
            [
              84.48882250068922,
              24.712162537206048
            ],
            [
              84.48798356584201,
              24.711986799711305
            ],
            [
              84.4864857508699,
              24.712064928144464
            ],
            [
              84.48452246485014,
              24.71230764090085
            ],
            [
              84.48414814495607,
              24.712906103211804
            ],
            [
              84.48469616219518,
              24.71461503074916
            ],
            [
              84.48413462620938,
              24.71512221909787
            ],
            [
              84.48170442465101,
              24.714942789170397
            ],
            [
              84.48114233440471,
              24.715535737173326
            ],
            [
              84.48094935741705,
              24.716387841401286
            ],
            [
              84.48089103339893,
              24.71782286767872
            ],
            [
              84.48319442877177,
              24.71775343337061
            ],
            [
              84.48359249473204,
              24.718116564826285
            ],
            [
              84.4839381206393,
              24.71897143313901
            ],
            [
              84.48460421064267,
              24.719137299397396
            ],
            [
              84.4861119466088,
              24.719063692789195
            ],
            [
              84.48668300024502,
              24.719427771061497
            ],
            [
              84.48707362276487,
              24.720201555641026
            ],
            [
              84.48742100128524,
              24.721580014655846
            ],
            [
              84.48901575256134,
              24.72183185522077
            ],
            [
              84.49011703589572,
              24.722767230128685
            ],
            [
              84.49038175593522,
              24.723134227733194
            ],
            [
              84.49207533087574,
              24.723390988736792
            ],
            [
              84.49411584506046,
              24.723478084898133
            ],
            [
              84.4943303088514,
              24.72477906936094
            ],
            [
              84.49467155636994,
              24.727209131931936
            ],
            [
              84.49501463016347,
              24.729318779710344
            ],
            [
              84.49535792314596,
              24.731396825367263
            ],
            [
              84.49787886622607,
              24.733374528621617
            ],
            [
              84.49921574891337,
              24.735871149370997
            ],
            [
              84.49972686875049,
              24.737182718405776
            ],
            [
              84.50000003924185,
              24.737846987361518
            ],
            [
              84.50023835060864,
              24.738426481769622
            ],
            [
              84.50039223022017,
              24.739970918364556
            ],
            [
              84.50027242460567,
              24.741816433070465
            ],
            [
              84.50000003834354,
              24.742331846883246
            ],
            [
              84.4999274257225,
              24.74246924397437
            ],
            [
              84.49787872159733,
              24.742263447697564
            ],
            [
              84.49622144667913,
              24.74228809777701
            ],
            [
              84.4947564642323,
              24.742605745113217
            ],
            [
              84.49504676559613,
              24.746091751084222
            ],
            [
              84.4950428669078,
              24.746737187365667
            ],
            [
              84.49597632428583,
              24.746863756111416
            ],
            [
              84.49787747293907,
              24.74665547396084
            ],
            [
              84.49787857068036,
              24.746658021769317
            ],
            [
              84.49877814360588,
              24.748647151619064
            ],
            [
              84.49918323978157,
              24.749515814989614
            ],
            [
              84.49940021705866,
              24.7500000398922
            ],
            [
              84.49961342769976,
              24.75047585368569
            ],
            [
              84.49962296421481,
              24.750497589746278
            ],
            [
              84.49947306503832,
              24.752149530648484
            ],
            [
              84.49936868529389,
              24.752749816273482
            ],
            [
              84.4991509588218,
              24.752961755955646
            ],
            [
              84.49787844311956,
              24.753389688645555
            ],
            [
              84.49725896220471,
              24.753852826208085
            ],
            [
              84.49498998398533,
              24.754662931621183
            ],
            [
              84.494127348886,
              24.755087362897502
            ],
            [
              84.4930706013285,
              24.75490150608962
            ],
            [
              84.49244757116993,
              24.754934481007496
            ],
            [
              84.4926348654151,
              24.755829120750025
            ],
            [
              84.49299470716171,
              24.756814896664533
            ],
            [
              84.49466720313407,
              24.75573104507418
            ],
            [
              84.49513900281288,
              24.75537685978816
            ],
            [
              84.49560838422691,
              24.75541531487814
            ],
            [
              84.49595479705836,
              24.75616631984209
            ],
            [
              84.49787838742404,
              24.75538994463557
            ],
            [
              84.49927802462044,
              24.754388329845607
            ],
            [
              84.50000002756374,
              24.75445644581334
            ],
            [
              84.50072624809732,
              24.75452495820755
            ],
            [
              84.50274165975976,
              24.75590332802478
            ],
            [
              84.50515236877474,
              24.757634146071926
            ],
            [
              84.5058244235916,
              24.757819736121494
            ],
            [
              84.50727800641747,
              24.757604195852014
            ],
            [
              84.50809857790365,
              24.757609322834195
            ],
            [
              84.50939791819859,
              24.758409360319547
            ],
            [
              84.51021314111556,
              24.75889747264679
            ],
            [
              84.5101074138982,
              24.761014390888562
            ],
            [
              84.51164359501777,
              24.762387774826752
            ],
            [
              84.51192945511086,
              24.76327278607316
            ],
            [
              84.51477698700077,
              24.7632522929452
            ],
            [
              84.5156819516146,
              24.762950581145816
            ],
            [
              84.51666127158116,
              24.762373489164286
            ],
            [
              84.51735831213935,
              24.762387526848606
            ],
            [
              84.51886042285517,
              24.763219127727012
            ],
            [
              84.52051157305978,
              24.763224818950224
            ],
            [
              84.52118895398796,
              24.76302664399331
            ],
            [
              84.52295932320719,
              24.762377873646617
            ],
            [
              84.52548102626207,
              24.76167544987131
            ],
            [
              84.52679614815992,
              24.761540884179286
            ],
            [
              84.5290305097998,
              24.76155138335114
            ],
            [
              84.52953974317478,
              24.761551721060485
            ],
            [
              84.53070652087992,
              24.761389883948855
            ],
            [
              84.53130963179537,
              24.761426421857987
            ],
            [
              84.5317146210715,
              24.761878022904032
            ],
            [
              84.5316398821382,
              24.762591217067044
            ],
            [
              84.53111075197796,
              24.762933934871864
            ],
            [
              84.53062070482078,
              24.763687419820226
            ],
            [
              84.53056981076837,
              24.765610329658557
            ],
            [
              84.53034199441908,
              24.766156415987673
            ],
            [
              84.53015363387368,
              24.76686041724889
            ],
            [
              84.53241844301178,
              24.766071934654565
            ],
            [
              84.53855451222242,
              24.764676321144062
            ]
          ]
        ]
      }
    }
  ]
}