{
  "type": "FeatureCollection",
  "features": [
    {
      "type": "Feature",
      "properties": {
        "object_id": "10-209-01115",
        "stname": "BIHAR",
        "dtname": "Araria",
        "sdtname": "Raniganj",
        "st_area_sh": 0.0,
        "st_length_": 0.0,
        "remarks": "",
        "dist_lgd": 188,
        "state_lgd": 10,
        "subdt_lgd": 1115,
        "ac_no": null,
        "st_length(shape)": 160625.61646677545,
        "st_area(shape)": 576910744.770993
      },
      "geometry": {
        "type": "Polygon",
        "coordinates": [
          [
            [
              87.28572181976888,
              26.166201210291433
            ],
            [
              87.28668909871737,
              26.163611318807703
            ],
            [
              87.28678115806767,
              26.163619154164888
            ],
            [
              87.28935947744333,
              26.16383857862215
            ],
            [
              87.29348550871359,
              26.1637281936113
            ],
            [
              87.29465078802878,
              26.16359795564433
            ],
            [
              87.295435687415,
              26.164004574396635
            ],
            [
              87.2970510379589,
              26.164149877851358
            ],
            [
              87.29852140490753,
              26.16401979112775
            ],
            [
              87.2992018221414,
              26.163668120700915
            ],
            [
              87.29994163867677,
              26.164164923634512
            ],
            [
              87.3008014279133,
              26.164891997645977
            ],
            [
              87.30083815733033,
              26.16486811772289
            ],
            [
              87.30085513908246,
              26.16485707674392
            ],
            [
              87.30132168002359,
              26.164553746924483
            ],
            [
              87.30280788786393,
              26.163196101368953
            ],
            [
              87.30427937591001,
              26.161269787660256
            ],
            [
              87.30569555737901,
              26.15983081608989
            ],
            [
              87.3061959198906,
              26.159361658920467
            ],
            [
              87.30754122967356,
              26.15915020925182
            ],
            [
              87.30827657619211,
              26.158780500785458
            ],
            [
              87.30876205541605,
              26.15821204236285
            ],
            [
              87.30965783116285,
              26.15706616062877
            ],
            [
              87.31123355881621,
              26.156222921634456
            ],
            [
              87.31384980865641,
              26.154477515291504
            ],
            [
              87.31629098223763,
              26.15298915591859
            ],
            [
              87.31908689513469,
              26.15183948221071
            ],
            [
              87.32022877603166,
              26.151515912061505
            ],
            [
              87.3202321860365,
              26.151514946046756
            ],
            [
              87.31989092324656,
              26.154123358377202
            ],
            [
              87.31933529368379,
              26.155174730781695
            ],
            [
              87.31906412913042,
              26.157521397137824
            ],
            [
              87.31879365807647,
              26.158396871841433
            ],
            [
              87.31913342427315,
              26.15912354237407
            ],
            [
              87.3185978334294,
              26.16004854316173
            ],
            [
              87.31909769827429,
              26.160482030340763
            ],
            [
              87.3219333418597,
              26.160338650168544
            ],
            [
              87.32259375900206,
              26.159806323149656
            ],
            [
              87.32304375117903,
              26.160000533793948
            ],
            [
              87.32544424095937,
              26.159789344911704
            ],
            [
              87.32621430916026,
              26.160051356332822
            ],
            [
              87.32647503618833,
              26.160361282067903
            ],
            [
              87.32649346512638,
              26.16038318829742
            ],
            [
              87.32660924179683,
              26.16052081066963
            ],
            [
              87.32721954642108,
              26.15985755859804
            ],
            [
              87.32787968418737,
              26.159808200213558
            ],
            [
              87.32807954855832,
              26.16032721609492
            ],
            [
              87.32951491624517,
              26.160020816208178
            ],
            [
              87.33138042962938,
              26.159682891617926
            ],
            [
              87.3314157549796,
              26.158870600611362
            ],
            [
              87.33190075899478,
              26.159164030098808
            ],
            [
              87.33245567170195,
              26.159728362079424
            ],
            [
              87.33281592757194,
              26.159182414620666
            ],
            [
              87.33292112298665,
              26.158595700941756
            ],
            [
              87.33376629843013,
              26.15841992581691
            ],
            [
              87.33381987664865,
              26.158422846266326
            ],
            [
              87.33404659884992,
              26.1584352013308
            ],
            [
              87.33734695979645,
              26.158615017644255
            ],
            [
              87.34052245581677,
              26.15882795672332
            ],
            [
              87.34233271472621,
              26.15884190419848
            ],
            [
              87.34597340241811,
              26.15892386029639
            ],
            [
              87.34819369194906,
              26.15944330664604
            ],
            [
              87.34863783968679,
              26.159189536697042
            ],
            [
              87.34864378294071,
              26.1591861413542
            ],
            [
              87.34878448606365,
              26.156401624601287
            ],
            [
              87.34901961200443,
              26.15596393420469
            ],
            [
              87.3489297265771,
              26.15541325935918
            ],
            [
              87.34756956584584,
              26.154961727784766
            ],
            [
              87.34573936433712,
              26.154780846317873
            ],
            [
              87.34541939880594,
              26.15444228325114
            ],
            [
              87.34546953737524,
              26.154004590342048
            ],
            [
              87.34580958204963,
              26.15389180684024
            ],
            [
              87.34681474475029,
              26.15397318504505
            ],
            [
              87.3468671560572,
              26.15398479068535
            ],
            [
              87.34688645905604,
              26.153989065089213
            ],
            [
              87.3478348464341,
              26.154199082380746
            ],
            [
              87.34847985297775,
              26.154424887356736
            ],
            [
              87.34882496235373,
              26.154199216232783
            ],
            [
              87.34875004735059,
              26.15363514133769
            ],
            [
              87.3476399982557,
              26.15344088864912
            ],
            [
              87.34760019031219,
              26.15239834063786
            ],
            [
              87.34819032685999,
              26.15214119771517
            ],
            [
              87.3491405279366,
              26.151879569286486
            ],
            [
              87.34969561940855,
              26.151816550307117
            ],
            [
              87.35091571661734,
              26.151979185376316
            ],
            [
              87.35204574514246,
              26.152399101832383
            ],
            [
              87.35295586159448,
              26.152318046682733
            ],
            [
              87.35398105043777,
              26.15214216211204
            ],
            [
              87.35455118869072,
              26.15199330703612
            ],
            [
              87.35493111137718,
              26.152367911398812
            ],
            [
              87.35473103320722,
              26.152805706402834
            ],
            [
              87.354742822697,
              26.15327097836192
            ],
            [
              87.3547657980087,
              26.154177662017997
            ],
            [
              87.35499657340857,
              26.154175921134584
            ],
            [
              87.35501418038815,
              26.154175788088835
            ],
            [
              87.35652607555403,
              26.154164375182294
            ],
            [
              87.3576362593962,
              26.154001981835236
            ],
            [
              87.35944655244161,
              26.153920994725233
            ],
            [
              87.36044666571203,
              26.15398432139593
            ],
            [
              87.36122177076676,
              26.154115203072216
            ],
            [
              87.36182689480675,
              26.153664012394707
            ],
            [
              87.36276207066193,
              26.152982638223264
            ],
            [
              87.36362719229797,
              26.153104523016776
            ],
            [
              87.36436223159268,
              26.153930494211842
            ],
            [
              87.36482722832983,
              26.154205802398874
            ],
            [
              87.36554239599215,
              26.153754498377666
            ],
            [
              87.36617247972232,
              26.154029834395505
            ],
            [
              87.36627739755762,
              26.154562400645872
            ],
            [
              87.36747762043906,
              26.154368459134314
            ],
            [
              87.36799769558121,
              26.154657249814644
            ],
            [
              87.36799745393442,
              26.157992407355493
            ],
            [
              87.36798238289889,
              26.15867390385471
            ],
            [
              87.36925259442243,
              26.15867399416106
            ],
            [
              87.36947905521399,
              26.158699437168227
            ],
            [
              87.36949311384815,
              26.158701015916506
            ],
            [
              87.37041785756796,
              26.15880491008527
            ],
            [
              87.37050782743691,
              26.159888043130866
            ],
            [
              87.37213808642129,
              26.16027617436382
            ],
            [
              87.37393349168745,
              26.160614735013347
            ],
            [
              87.373823439082,
              26.161120133908856
            ],
            [
              87.37294320508792,
              26.16152179215254
            ],
            [
              87.37272815110386,
              26.162866667214328
            ],
            [
              87.37346336467171,
              26.16311045633462
            ],
            [
              87.37330334058362,
              26.16225297532921
            ],
            [
              87.37412853120699,
              26.162410926676998
            ],
            [
              87.37471859768623,
              26.16100737421814
            ],
            [
              87.37527872062208,
              26.16060121266679
            ],
            [
              87.37586882033894,
              26.160650781158196
            ],
            [
              87.37631891761879,
              26.160194966652664
            ],
            [
              87.37678404371333,
              26.160276191296013
            ],
            [
              87.37733910464257,
              26.160569552744214
            ],
            [
              87.37880941230236,
              26.161797050979732
            ],
            [
              87.37900455782312,
              26.163385643685498
            ],
            [
              87.37999480040521,
              26.16309228367628
            ],
            [
              87.38051488542884,
              26.162591306901334
            ],
            [
              87.38095997010939,
              26.163029054671576
            ],
            [
              87.38038486237629,
              26.16424315183921
            ],
            [
              87.38105004058966,
              26.16445069720011
            ],
            [
              87.38261029476226,
              26.16273564538867
            ],
            [
              87.3831453439219,
              26.162347486863453
            ],
            [
              87.38399054541652,
              26.162103785645773
            ],
            [
              87.38451062325363,
              26.162248135218096
            ],
            [
              87.38443559685942,
              26.161246236767703
            ],
            [
              87.38393545802836,
              26.16065053927029
            ],
            [
              87.3839153896649,
              26.15959449935739
            ],
            [
              87.38293012285119,
              26.159192869148118
            ],
            [
              87.38280505400743,
              26.15861070631974
            ],
            [
              87.38340012320448,
              26.158285685046856
            ],
            [
              87.38589054332787,
              26.157446148597703
            ],
            [
              87.38634059479365,
              26.15726561527982
            ],
            [
              87.38614540974702,
              26.15617789812276
            ],
            [
              87.38781072009546,
              26.156001772635058
            ],
            [
              87.38849561632932,
              26.15453045928598
            ],
            [
              87.38833051586158,
              26.154223629716494
            ],
            [
              87.38874555459081,
              26.15389861960515
            ],
            [
              87.39025076090111,
              26.153365960014504
            ],
            [
              87.38994565530137,
              26.152959825077218
            ],
            [
              87.3903406607015,
              26.152540055781884
            ],
            [
              87.39163075104395,
              26.152102142860063
            ],
            [
              87.39234569592406,
              26.15147020374944
            ],
            [
              87.39245571439355,
              26.151100146789357
            ],
            [
              87.39301075915307,
              26.15103235535318
            ],
            [
              87.39347573343235,
              26.150806612352596
            ],
            [
              87.39500100002124,
              26.151199106362448
            ],
            [
              87.39528411755775,
              26.151225915357877
            ],
            [
              87.39530346457404,
              26.151227746597424
            ],
            [
              87.39553247478436,
              26.148660752751407
            ],
            [
              87.39560725414186,
              26.14718943634602
            ],
            [
              87.39569329118653,
              26.146646351765224
            ],
            [
              87.39589682876866,
              26.145361575305458
            ],
            [
              87.39626158070661,
              26.143664636292243
            ],
            [
              87.39654141939235,
              26.143059796220985
            ],
            [
              87.39925116768396,
              26.141218088668534
            ],
            [
              87.40044105275311,
              26.140662730647588
            ],
            [
              87.40173098319545,
              26.14007129733285
            ],
            [
              87.4023758010929,
              26.13915047925988
            ],
            [
              87.40299506461548,
              26.136483141376726
            ],
            [
              87.40312968524563,
              26.13476365339124
            ],
            [
              87.40309898082924,
              26.13190238807893
            ],
            [
              87.4030687390452,
              26.131094483009043
            ],
            [
              87.40326338061108,
              26.12968183718327
            ],
            [
              87.40301812077558,
              26.12866194891083
            ],
            [
              87.40236798125838,
              26.127691771331357
            ],
            [
              87.40137286441754,
              26.126942740969263
            ],
            [
              87.40030279933593,
              26.12618924568704
            ],
            [
              87.39935264856499,
              26.125137858214966
            ],
            [
              87.39911737260556,
              26.123815621312122
            ],
            [
              87.39833215970725,
              26.12241215561096
            ],
            [
              87.397657154823,
              26.121902250621282
            ],
            [
              87.39677229630185,
              26.121834697104898
            ],
            [
              87.39511734802021,
              26.121225714365398
            ],
            [
              87.3941075203683,
              26.12108144391703
            ],
            [
              87.39403745896267,
              26.120589448650488
            ],
            [
              87.39424723983602,
              26.119849284599642
            ],
            [
              87.39522695506129,
              26.11901881112376
            ],
            [
              87.39530685481593,
              26.11850874210798
            ],
            [
              87.3948766830674,
              26.11715041498338
            ],
            [
              87.39432157632409,
              26.115977085666955
            ],
            [
              87.394346432708,
              26.11528207527861
            ],
            [
              87.39506619704962,
              26.11452822167791
            ],
            [
              87.3958158564256,
              26.113837615672455
            ],
            [
              87.39592574463933,
              26.11331866009663
            ],
            [
              87.39576065405305,
              26.112713904053937
            ],
            [
              87.39533063142487,
              26.112136266950987
            ],
            [
              87.39463575221326,
              26.111811435723347
            ],
            [
              87.39377094588586,
              26.11173481064915
            ],
            [
              87.39277614704862,
              26.11183872483353
            ],
            [
              87.39178133024511,
              26.1115319686045
            ],
            [
              87.39131142331662,
              26.11107163794916
            ],
            [
              87.3905314502914,
              26.110209718912653
            ],
            [
              87.38971161362714,
              26.10967274533163
            ],
            [
              87.38963146503919,
              26.108887548643157
            ],
            [
              87.38899148097627,
              26.107763820093215
            ],
            [
              87.38883142634545,
              26.106969513836525
            ],
            [
              87.38805151171074,
              26.10614820376571
            ],
            [
              87.38796656432251,
              26.105890980784306
            ],
            [
              87.3878264738506,
              26.10522754906539
            ],
            [
              87.38751153798671,
              26.10451897173763
            ],
            [
              87.38750126934468,
              26.102618958604726
            ],
            [
              87.38753116078577,
              26.101860787369592
            ],
            [
              87.39003536555724,
              26.101616829218486
            ],
            [
              87.39132987201762,
              26.10119251676445
            ],
            [
              87.39287441465588,
              26.100885397013233
            ],
            [
              87.39482375522917,
              26.100835511123282
            ],
            [
              87.39574340729791,
              26.10032539826086
            ],
            [
              87.3962180573311,
              26.099621291889694
            ],
            [
              87.39554320516041,
              26.09897152995067
            ],
            [
              87.39420857544788,
              26.098470695140794
            ],
            [
              87.39263396619707,
              26.0981639917726
            ],
            [
              87.3915942974097,
              26.097875300998716
            ],
            [
              87.39105946384575,
              26.097667779283217
            ],
            [
              87.39009964091413,
              26.0967923632039
            ],
            [
              87.38951477118883,
              26.096210162787433
            ],
            [
              87.38775030569765,
              26.09500079974843
            ],
            [
              87.38687555322343,
              26.094563136600335
            ],
            [
              87.38691544560858,
              26.093394278354655
            ],
            [
              87.38761009574979,
              26.092581848993895
            ],
            [
              87.38783487759007,
              26.092040220100525
            ],
            [
              87.3880447330236,
              26.09119622523723
            ],
            [
              87.38827456159915,
              26.09096608828257
            ],
            [
              87.38866441875437,
              26.090844162047865
            ],
            [
              87.38945417533137,
              26.091187091764123
            ],
            [
              87.39036877258,
              26.09092071609958
            ],
            [
              87.39214781772823,
              26.089832910344604
            ],
            [
              87.39331218794837,
              26.08898877934755
            ],
            [
              87.39380694497255,
              26.088460680657498
            ],
            [
              87.39456652534251,
              26.087964146245525
            ],
            [
              87.39529611635501,
              26.087318689184155
            ],
            [
              87.39571588920583,
              26.087223789372388
            ],
            [
              87.39640552584945,
              26.086636968373877
            ],
            [
              87.3976847196275,
              26.085738712866974
            ],
            [
              87.39890422035494,
              26.08567982377267
            ],
            [
              87.39928407656609,
              26.085896425606123
            ],
            [
              87.40011372462988,
              26.08588726025378
            ],
            [
              87.40088319365448,
              26.085174015335387
            ],
            [
              87.40123271555514,
              26.083892238031442
            ],
            [
              87.40193700641596,
              26.082335123080316
            ],
            [
              87.4026216538165,
              26.081933299841985
            ],
            [
              87.40352605339004,
              26.081314778980616
            ],
            [
              87.40371083684398,
              26.08078671827736
            ],
            [
              87.40316597808145,
              26.080385154369367
            ],
            [
              87.40189658492314,
              26.080376436385645
            ],
            [
              87.40132172063349,
              26.07966796268876
            ],
            [
              87.4005621618231,
              26.079956896871952
            ],
            [
              87.40032717961274,
              26.079803525057095
            ],
            [
              87.4001921430626,
              26.079013735333646
            ],
            [
              87.4001518644019,
              26.07771397896186
            ],
            [
              87.40040157988123,
              26.07724455897063
            ],
            [
              87.40058616301084,
              26.075822934670672
            ],
            [
              87.39997621501779,
              26.07477591787696
            ],
            [
              87.39952127402191,
              26.07363872300452
            ],
            [
              87.39933610429237,
              26.072514975396466
            ],
            [
              87.39906105901701,
              26.071648548918414
            ],
            [
              87.39888602857212,
              26.07078649434135
            ],
            [
              87.39903072111323,
              26.069802678118602
            ],
            [
              87.39912536581492,
              26.06860217178357
            ],
            [
              87.39935501113419,
              26.067767149671518
            ],
            [
              87.3998996219617,
              26.06708105920681
            ],
            [
              87.40011427889043,
              26.066458258937494
            ],
            [
              87.40060382119438,
              26.065663864320324
            ],
            [
              87.40171774202817,
              26.0641156473669
            ],
            [
              87.4026868122173,
              26.062865311394827
            ],
            [
              87.4028266817037,
              26.06259446200041
            ],
            [
              87.40460049865696,
              26.062449677015216
            ],
            [
              87.40540006932844,
              26.062765437781014
            ],
            [
              87.406269511861,
              26.062792388106768
            ],
            [
              87.40780846069,
              26.062430999676156
            ],
            [
              87.40951215335556,
              26.061776186183728
            ],
            [
              87.4103215497996,
              26.061681233388295
            ],
            [
              87.41082621344475,
              26.061486995712166
            ],
            [
              87.41253957467774,
              26.059992726375466
            ],
            [
              87.41316908438442,
              26.059721792868874
            ],
            [
              87.4140532907287,
              26.059188995386982
            ],
            [
              87.41415308098037,
              26.058850487885273
            ],
            [
              87.41400310095547,
              26.05851206978935
            ],
            [
              87.41265905330546,
              26.05855748439172
            ],
            [
              87.41208438664516,
              26.05849895688052
            ],
            [
              87.41156961695307,
              26.05797558365145
            ],
            [
              87.41117479840254,
              26.057655255247152
            ],
            [
              87.41073012964198,
              26.057741162379294
            ],
            [
              87.41026537275502,
              26.057718672813
            ],
            [
              87.40998552957768,
              26.057556299598033
            ],
            [
              87.4093157537867,
              26.056753050628853
            ],
            [
              87.40879071635088,
              26.055521179753537
            ],
            [
              87.40813077711223,
              26.05398683072027
            ],
            [
              87.40754082741402,
              26.052601431326337
            ],
            [
              87.40700598756185,
              26.051780148888668
            ],
            [
              87.40617630356543,
              26.051004107131117
            ],
            [
              87.40594143184786,
              26.050597950667573
            ],
            [
              87.40554643093935,
              26.049573519935777
            ],
            [
              87.40505141430204,
              26.048269364402028
            ],
            [
              87.40495624857746,
              26.04741640219746
            ],
            [
              87.40516106266563,
              26.047059825755852
            ],
            [
              87.40640986913256,
              26.04645474021958
            ],
            [
              87.40671955344531,
              26.046062040639818
            ],
            [
              87.40662441916177,
              26.04546186431076
            ],
            [
              87.40631460189839,
              26.045258808936897
            ],
            [
              87.4057600197712,
              26.04492947737631
            ],
            [
              87.40574995504674,
              26.04465865028736
            ],
            [
              87.40613430912252,
              26.04372891473182
            ],
            [
              87.4067785269454,
              26.042559832333144
            ],
            [
              87.4068682470827,
              26.041855796637122
            ],
            [
              87.4067530731818,
              26.041025340271293
            ],
            [
              87.40675781179493,
              26.039928656758722
            ],
            [
              87.40682254259768,
              26.03927877905437
            ],
            [
              87.40702206920206,
              26.038276843607136
            ],
            [
              87.40742169643431,
              26.037987831644163
            ],
            [
              87.40822091766113,
              26.037671807180146
            ],
            [
              87.40922508143517,
              26.037946866903205
            ],
            [
              87.40982956138309,
              26.03793765259896
            ],
            [
              87.41062388768995,
              26.037770446266936
            ],
            [
              87.41124814943876,
              26.037106941677806
            ],
            [
              87.41171740688532,
              26.036023628328305
            ],
            [
              87.41191203228149,
              26.035522609833553
            ],
            [
              87.41368540906029,
              26.03540480614495
            ],
            [
              87.41539387716993,
              26.03512000935279
            ],
            [
              87.41681754160523,
              26.03500673988297
            ],
            [
              87.41818606744842,
              26.03416692032703
            ],
            [
              87.41924000507574,
              26.033877770703914
            ],
            [
              87.4198792516218,
              26.03341268716455
            ],
            [
              87.42057341577446,
              26.032735494060564
            ],
            [
              87.42198161571214,
              26.03152100938777
            ],
            [
              87.4226458929153,
              26.031146200320176
            ],
            [
              87.42401452925124,
              26.030861461799322
            ],
            [
              87.42508353521914,
              26.030874643989076
            ],
            [
              87.42466879832382,
              26.030509230977156
            ],
            [
              87.42391929435641,
              26.03027474105941
            ],
            [
              87.42358938627169,
              26.029661060255314
            ],
            [
              87.4235291209942,
              26.028880314640247
            ],
            [
              87.42312425029566,
              26.028280247336358
            ],
            [
              87.42227982404711,
              26.027743400869305
            ],
            [
              87.42197978314897,
              26.027089141091423
            ],
            [
              87.42182967735994,
              26.026407654213
            ],
            [
              87.42190934714586,
              26.025775842323757
            ],
            [
              87.42269352159165,
              26.025572474373327
            ],
            [
              87.42346256481483,
              26.025080276220567
            ],
            [
              87.4234973889051,
              26.024705692782433
            ],
            [
              87.42292763782606,
              26.023988279774525
            ],
            [
              87.42291223980378,
              26.023153342646864
            ],
            [
              87.42333147725867,
              26.022169366355314
            ],
            [
              87.42338081902228,
              26.02077020430231
            ],
            [
              87.42370519438316,
              26.020201440686883
            ],
            [
              87.42385479082743,
              26.019461268325273
            ],
            [
              87.4245489163525,
              26.019136061322286
            ],
            [
              87.42411409312743,
              26.018535944996582
            ],
            [
              87.42417849784174,
              26.017204603015227
            ],
            [
              87.42540175801862,
              26.016075892828677
            ],
            [
              87.42530157789815,
              26.01559295163782
            ],
            [
              87.42497677314256,
              26.015123755912324
            ],
            [
              87.42485657855757,
              26.014329459894313
            ],
            [
              87.42533552163947,
              26.01321456823126
            ],
            [
              87.42558991195152,
              26.012451705827726
            ],
            [
              87.42500527219495,
              26.011761446390583
            ],
            [
              87.42438064483181,
              26.01119294429376
            ],
            [
              87.42388117524564,
              26.01116156362575
            ],
            [
              87.4232269142579,
              26.011143729036533
            ],
            [
              87.42267727196648,
              26.010701639293657
            ],
            [
              87.42251727303123,
              26.01025038065485
            ],
            [
              87.42359586042994,
              26.009550417030272
            ],
            [
              87.42342553176722,
              26.0084628706913
            ],
            [
              87.42284563242039,
              26.00703232335605
            ],
            [
              87.42125680104199,
              26.005534495638646
            ],
            [
              87.4199379026267,
              26.00460520897431
            ],
            [
              87.41934833201753,
              26.003914885651636
            ],
            [
              87.419158053569,
              26.002687329160025
            ],
            [
              87.41919250306182,
              26.001477813087153
            ],
            [
              87.41995626868268,
              26.000471060924898
            ],
            [
              87.42118413991194,
              25.998850460674056
            ],
            [
              87.42056978658069,
              25.998552768845737
            ],
            [
              87.4202499944244,
              25.99825053295327
            ],
            [
              87.42016501200189,
              25.997997822272698
            ],
            [
              87.42052447555776,
              25.997790087336657
            ],
            [
              87.42118878420193,
              25.997902711264906
            ],
            [
              87.42148346125954,
              25.99793869773895
            ],
            [
              87.42182796067942,
              25.997771563606115
            ],
            [
              87.4219027436302,
              25.99755942461669
            ],
            [
              87.42164797692405,
              25.997333874019514
            ],
            [
              87.4211184991158,
              25.99711745006806
            ],
            [
              87.42096867899102,
              25.996973038832312
            ],
            [
              87.42091867876232,
              25.996783519152977
            ],
            [
              87.42108839926559,
              25.99664350635006
            ],
            [
              87.4226913602451,
              25.996507617704356
            ],
            [
              87.42334521160103,
              25.995704062125878
            ],
            [
              87.42351945422344,
              25.994214623793376
            ],
            [
              87.42624591656924,
              25.99392942669102
            ],
            [
              87.42624719038032,
              25.993929294270497
            ],
            [
              87.42580614901684,
              25.993180387676222
            ],
            [
              87.42500657295548,
              25.991777073848915
            ],
            [
              87.42551942025288,
              25.99127271093995
            ],
            [
              87.42555527291418,
              25.98960379632705
            ],
            [
              87.42486111235478,
              25.989500187950906
            ],
            [
              87.4234178942907,
              25.98944653865288
            ],
            [
              87.42304213080395,
              25.98957729267488
            ],
            [
              87.42153549437575,
              25.990101544349844
            ],
            [
              87.42171007476469,
              25.989550853614546
            ],
            [
              87.42133532637425,
              25.989108767387883
            ],
            [
              87.41933765464205,
              25.98957501721863
            ],
            [
              87.41932398497836,
              25.989578208348192
            ],
            [
              87.41864393874873,
              25.989736923331233
            ],
            [
              87.41734576985691,
              25.990129944626723
            ],
            [
              87.4170097074142,
              25.990349738894928
            ],
            [
              87.41658534956215,
              25.990627276999177
            ],
            [
              87.41566820379305,
              25.991227100722792
            ],
            [
              87.41520401284474,
              25.991854554968686
            ],
            [
              87.41512177567371,
              25.991637955395973
            ],
            [
              87.41511794076577,
              25.991627853289835
            ],
            [
              87.41453923797492,
              25.99010361066159
            ],
            [
              87.41424138177953,
              25.99028669671944
            ],
            [
              87.41390017558348,
              25.990496427249468
            ],
            [
              87.41365347664689,
              25.990631176246815
            ],
            [
              87.41289158221677,
              25.99104732430165
            ],
            [
              87.41234218965698,
              25.990654834155933
            ],
            [
              87.41118300810594,
              25.988560978117896
            ],
            [
              87.41031384584772,
              25.98780305162873
            ],
            [
              87.40961965474563,
              25.987568531324282
            ],
            [
              87.40739246256001,
              25.987541951309474
            ],
            [
              87.4041867939259,
              25.988404613736396
            ],
            [
              87.40418640675202,
              25.988404364225026
            ],
            [
              87.40418032695418,
              25.98840044067911
            ],
            [
              87.40366240417544,
              25.988066288773986
            ],
            [
              87.4030579008713,
              25.986969686178725
            ],
            [
              87.40289265936806,
              25.98503805418024
            ],
            [
              87.40347174484121,
              25.98448734214372
            ],
            [
              87.40408093465622,
              25.98435633536208
            ],
            [
              87.4048899466213,
              25.98469467584791
            ],
            [
              87.40639309039967,
              25.98490645288179
            ],
            [
              87.40702722643012,
              25.98482511780671
            ],
            [
              87.40749147756557,
              25.984355619910076
            ],
            [
              87.40775103678378,
              25.9838049781601
            ],
            [
              87.40759368159038,
              25.981275590109554
            ],
            [
              87.40752024880749,
              25.980095126869916
            ],
            [
              87.40671108592544,
              25.979124989683033
            ],
            [
              87.40652494691373,
              25.979049123336463
            ],
            [
              87.40491831721458,
              25.978394273284415
            ],
            [
              87.40468355958308,
              25.97784366337299
            ],
            [
              87.4046905367979,
              25.97705958285708
            ],
            [
              87.40471205594054,
              25.974641389257023
            ],
            [
              87.4047126353539,
              25.974576167088262
            ],
            [
              87.40248577284999,
              25.974838371083212
            ],
            [
              87.40221108240918,
              25.974319381349524
            ],
            [
              87.40198111998464,
              25.973322052012232
            ],
            [
              87.40078497186131,
              25.96935281694817
            ],
            [
              87.40176805756552,
              25.96694709134305
            ],
            [
              87.40064645523778,
              25.966001892853065
            ],
            [
              87.400646045606,
              25.96443586161284
            ],
            [
              87.39995168741723,
              25.96265774324431
            ],
            [
              87.39914278235169,
              25.96197642209237
            ],
            [
              87.39810422567867,
              25.96134918396986
            ],
            [
              87.39786978066086,
              25.962445952797022
            ],
            [
              87.39694632602352,
              25.963285547824995
            ],
            [
              87.39526871863718,
              25.962969851344464
            ],
            [
              87.39318687116958,
              25.963286054223175
            ],
            [
              87.38989190101309,
              25.964225213147113
            ],
            [
              87.38803956771073,
              25.963963630805083
            ],
            [
              87.38786948159311,
              25.961138398328504
            ],
            [
              87.38821399179281,
              25.96061934572928
            ],
            [
              87.38890772475413,
              25.959468443795
            ],
            [
              87.39058486411821,
              25.956697113354245
            ],
            [
              87.39330061585085,
              25.95606499199631
            ],
            [
              87.39307074685112,
              25.954760722671434
            ],
            [
              87.38873263142713,
              25.956065497617875
            ],
            [
              87.38885261670468,
              25.957532245706734
            ],
            [
              87.38677078900004,
              25.957586582371817
            ],
            [
              87.38636645100247,
              25.95810561038588
            ],
            [
              87.38555282169682,
              25.959834273262768
            ],
            [
              87.38422514943613,
              25.963963870676523
            ],
            [
              87.38376092075853,
              25.96438363364097
            ],
            [
              87.38121965778667,
              25.964433420102846
            ],
            [
              87.38081525511038,
              25.9656609997576
            ],
            [
              87.38104498307463,
              25.966211662664183
            ],
            [
              87.38113494396043,
              25.966942747922452
            ],
            [
              87.38104507380447,
              25.96822449019904
            ],
            [
              87.38035613784676,
              25.968328338611233
            ],
            [
              87.38015141808174,
              25.969560447887538
            ],
            [
              87.37974701810039,
              25.96992604084578
            ],
            [
              87.37916790927102,
              25.970264549647496
            ],
            [
              87.3790530821198,
              25.97084221494421
            ],
            [
              87.37806941969717,
              25.971753904603066
            ],
            [
              87.37731556878211,
              25.971808065105936
            ],
            [
              87.37806947629103,
              25.970084028862384
            ],
            [
              87.37792785958145,
              25.970009570802286
            ],
            [
              87.37752022656342,
              25.969795246393826
            ],
            [
              87.37535332301147,
              25.96989903527165
            ],
            [
              87.37303662808084,
              25.969926062651172
            ],
            [
              87.37156366140778,
              25.969479266142272
            ],
            [
              87.37199799055945,
              25.971284558028135
            ],
            [
              87.37121914132666,
              25.97238123665902
            ],
            [
              87.36910703860029,
              25.97220062463423
            ],
            [
              87.3686725432603,
              25.974398497204334
            ],
            [
              87.36829803112678,
              25.97507550908708
            ],
            [
              87.36820235695575,
              25.97506788318766
            ],
            [
              87.36699481280475,
              25.974971636751654
            ],
            [
              87.36566671025105,
              25.97502565606284
            ],
            [
              87.36266071464672,
              25.975806259029586
            ],
            [
              87.36222627410397,
              25.976826177356955
            ],
            [
              87.35914059523903,
              25.975833005633696
            ],
            [
              87.35899571315333,
              25.97625270928631
            ],
            [
              87.35870604061022,
              25.976776206363546
            ],
            [
              87.35841636357549,
              25.977299702725443
            ],
            [
              87.35807172491671,
              25.977769021257874
            ],
            [
              87.35662351940617,
              25.97928526522434
            ],
            [
              87.35535002094701,
              25.980174218650514
            ],
            [
              87.35460088169559,
              25.981221162637024
            ],
            [
              87.35408151262922,
              25.981667874161396
            ],
            [
              87.35199920522423,
              25.981978974097125
            ],
            [
              87.34982705640937,
              25.98208239529714
            ],
            [
              87.34956752234397,
              25.98148209126438
            ],
            [
              87.34965767457096,
              25.98004243586421
            ],
            [
              87.34916377723448,
              25.978056534058805
            ],
            [
              87.34626260783729,
              25.978331328063476
            ],
            [
              87.34497434287151,
              25.97839418203141
            ],
            [
              87.34305204607985,
              25.978303578243594
            ],
            [
              87.34187847890782,
              25.978853921126433
            ],
            [
              87.3404349949424,
              25.980040497774063
            ],
            [
              87.33941126406484,
              25.98100116233709
            ],
            [
              87.33940905600586,
              25.98100323365398
            ],
            [
              87.33927622841303,
              25.981127876797572
            ],
            [
              87.33896686120558,
              25.980410191926573
            ],
            [
              87.33696976888673,
              25.979886161901415
            ],
            [
              87.336220762586,
              25.979913097349062
            ],
            [
              87.33570116175429,
              25.980617003079185
            ],
            [
              87.33471732775345,
              25.98108612102406
            ],
            [
              87.33405326884089,
              25.98087825525256
            ],
            [
              87.33338450994282,
              25.98006576239153
            ],
            [
              87.33136222616847,
              25.97998841562746
            ],
            [
              87.32780691256454,
              25.980091145711537
            ],
            [
              87.32439160139762,
              25.979882308327035
            ],
            [
              87.32156027331882,
              25.98008890802589
            ],
            [
              87.32080632897896,
              25.979881000114418
            ],
            [
              87.3199129813784,
              25.97906830897408
            ],
            [
              87.31904458178984,
              25.978129230601805
            ],
            [
              87.31765660023424,
              25.977708966744064
            ],
            [
              87.31564925544308,
              25.977969986343474
            ],
            [
              87.31368165571334,
              25.97849266499738
            ],
            [
              87.3089373248128,
              25.979745192222225
            ],
            [
              87.30889583612142,
              25.97931365600133
            ],
            [
              87.30850879787958,
              25.977392508683735
            ],
            [
              87.30850302171228,
              25.97736383964364
            ],
            [
              87.30824533458316,
              25.976084719791338
            ],
            [
              87.30842049528376,
              25.975407833238652
            ],
            [
              87.30888548213944,
              25.974202986855467
            ],
            [
              87.30894075817385,
              25.973679500935923
            ],
            [
              87.30865182943573,
              25.972370523975044
            ],
            [
              87.3073807124104,
              25.968867764002482
            ],
            [
              87.30640299413999,
              25.967192908658777
            ],
            [
              87.30507523025116,
              25.96688084568131
            ],
            [
              87.30495320669623,
              25.966852165195018
            ],
            [
              87.30295848143815,
              25.966383319984615
            ],
            [
              87.30090674190564,
              25.966016743625314
            ],
            [
              87.30006841521788,
              25.965258083856586
            ],
            [
              87.29868078759851,
              25.96473388213222
            ],
            [
              87.29741314525666,
              25.964051669244412
            ],
            [
              87.29657499733366,
              25.96303130174157
            ],
            [
              87.29576247115915,
              25.961225552063592
            ],
            [
              87.29512858935199,
              25.960990535344973
            ],
            [
              87.29322097103206,
              25.961616748030533
            ],
            [
              87.29241238576671,
              25.96138162063531
            ],
            [
              87.29122581009109,
              25.959029572123264
            ],
            [
              87.29062183769129,
              25.95884423000084
            ],
            [
              87.2900729733409,
              25.958401602683953
            ],
            [
              87.28923421276684,
              25.958477777960635
            ],
            [
              87.28820514769312,
              25.95936628934352
            ],
            [
              87.28699027508603,
              25.961613160386722
            ],
            [
              87.28392354528367,
              25.963389415134465
            ],
            [
              87.28351821913925,
              25.964485890345905
            ],
            [
              87.28415216203189,
              25.964748047375995
            ],
            [
              87.28611959736995,
              25.964279859280765
            ],
            [
              87.28692767957871,
              25.96516950439378
            ],
            [
              87.28675112828604,
              25.96762452327489
            ],
            [
              87.28623147714868,
              25.968201926138065
            ],
            [
              87.28536196993743,
              25.969144641311594
            ],
            [
              87.2822950613703,
              25.97081259537621
            ],
            [
              87.28223921670235,
              25.972067217727638
            ],
            [
              87.28235337820192,
              25.97285259136442
            ],
            [
              87.28327645644517,
              25.973692637051734
            ],
            [
              87.28483908486506,
              25.97390122861849
            ],
            [
              87.28483838328081,
              25.974832133386975
            ],
            [
              87.28483836172126,
              25.974859755621942
            ],
            [
              87.28483782273206,
              25.975575541859225
            ],
            [
              87.28472251857545,
              25.97614871120308
            ],
            [
              87.28396789960084,
              25.977037283754946
            ],
            [
              87.28217367472092,
              25.97917995675741
            ],
            [
              87.28223299407239,
              25.97996525463008
            ],
            [
              87.28211675207461,
              25.98174336331869
            ],
            [
              87.28136200733583,
              25.982686099151493
            ],
            [
              87.28055224707413,
              25.983732692112504
            ],
            [
              87.27979739543582,
              25.98472508569715
            ],
            [
              87.27922272877552,
              25.985194031401704
            ],
            [
              87.2783604233579,
              25.985675531035902
            ],
            [
              87.27800374008781,
              25.985874698037566
            ],
            [
              87.27812558128473,
              25.983518945860798
            ],
            [
              87.27760163440368,
              25.982995049204426
            ],
            [
              87.27663647817423,
              25.982915391636457
            ],
            [
              87.2763334647508,
              25.98289038280701
            ],
            [
              87.27488403932807,
              25.984405818629398
            ],
            [
              87.27470868459136,
              25.985087180244314
            ],
            [
              87.27418908016638,
              25.985398250136566
            ],
            [
              87.27199181894775,
              25.98550497504123
            ],
            [
              87.2711231426781,
              25.98534641665129
            ],
            [
              87.26996995199168,
              25.984979976918183
            ],
            [
              87.26765322921328,
              25.98461270431145
            ],
            [
              87.26771380620615,
              25.983877112351095
            ],
            [
              87.26702004000717,
              25.983565240610428
            ],
            [
              87.26661617272681,
              25.98288342119425
            ],
            [
              87.26696242026821,
              25.981055869317057
            ],
            [
              87.2665595195751,
              25.979381127777465
            ],
            [
              87.26447847969295,
              25.978070745343732
            ],
            [
              87.26488358125852,
              25.97744378523236
            ],
            [
              87.26511941417345,
              25.976135111012077
            ],
            [
              87.26252331624002,
              25.975794633299657
            ],
            [
              87.26183031810058,
              25.974719984009916
            ],
            [
              87.25980853917943,
              25.974221930202898
            ],
            [
              87.25925466941628,
              25.97393712876201
            ],
            [
              87.2589406165963,
              25.97335923962057
            ],
            [
              87.25894128224796,
              25.97270475683208
            ],
            [
              87.25784371165065,
              25.971841928329056
            ],
            [
              87.25677095791139,
              25.971082799762257
            ],
            [
              87.25567328400786,
              25.970296618817866
            ],
            [
              87.25538932115667,
              25.969669004287244
            ],
            [
              87.255474793161,
              25.96909590997037
            ],
            [
              87.25478095958837,
              25.96888321527791
            ],
            [
              87.25359352512334,
              25.968101509997396
            ],
            [
              87.25171710169998,
              25.967210829873462
            ],
            [
              87.25131321555497,
              25.966686899329122
            ],
            [
              87.25073450378095,
              25.966343411682896
            ],
            [
              87.25072336107816,
              25.966345504256395
            ],
            [
              87.25004032076366,
              25.966473739931637
            ],
            [
              87.24999975823532,
              25.966470919685143
            ],
            [
              87.24770387637155,
              25.966313684374764
            ],
            [
              87.24735928173024,
              25.966226124131158
            ],
            [
              87.24734542431864,
              25.96622260285376
            ],
            [
              87.24207325683192,
              25.96488285818788
            ],
            [
              87.2426103945746,
              25.962797325659675
            ],
            [
              87.24260990229781,
              25.962264745618906
            ],
            [
              87.24107166044297,
              25.961756044960335
            ],
            [
              87.23981350700548,
              25.961734476315225
            ],
            [
              87.23917433232462,
              25.96159502913436
            ],
            [
              87.23768675275684,
              25.961781235969752
            ],
            [
              87.23627902712963,
              25.96198996334576
            ],
            [
              87.23512579242573,
              25.962035996003706
            ],
            [
              87.23501010828176,
              25.9610747743166
            ],
            [
              87.23549356090643,
              25.960216875361187
            ],
            [
              87.23518824240598,
              25.959382199013312
            ],
            [
              87.23569670233154,
              25.95859649637643
            ],
            [
              87.23513664317608,
              25.957644665891895
            ],
            [
              87.23549042039619,
              25.95683194388957
            ],
            [
              87.2347060474227,
              25.956241310014565
            ],
            [
              87.23388607780778,
              25.954919579954137
            ],
            [
              87.23337617698452,
              25.954112139364963
            ],
            [
              87.23270588106898,
              25.952700042169948
            ],
            [
              87.23209153043271,
              25.95230326262778
            ],
            [
              87.23245037864261,
              25.951680257164874
            ],
            [
              87.23256462368549,
              25.9511114636677
            ],
            [
              87.23217992465666,
              25.95067395095505
            ],
            [
              87.2317949902692,
              25.950114624998434
            ],
            [
              87.23176891487144,
              25.94888705361821
            ],
            [
              87.23145887302921,
              25.94826448888272
            ],
            [
              87.23156254220629,
              25.94703680128113
            ],
            [
              87.23192162128323,
              25.946639363709355
            ],
            [
              87.23242026621595,
              25.94595752979464
            ],
            [
              87.23259948640334,
              25.945420325784085
            ],
            [
              87.23241923135677,
              25.944820218372808
            ],
            [
              87.23160033702524,
              25.94465835867521
            ],
            [
              87.22593959158425,
              25.94459470071448
            ],
            [
              87.22568008895992,
              25.944685133361883
            ],
            [
              87.22459019087346,
              25.944950447672888
            ],
            [
              87.22452726209119,
              25.944965767189494
            ],
            [
              87.22427351407457,
              25.94598590518866
            ],
            [
              87.22398933203444,
              25.946496081942215
            ],
            [
              87.2240448012066,
              25.94709630278535
            ],
            [
              87.22458438506177,
              25.947700649835756
            ],
            [
              87.22427533765459,
              25.948161292395163
            ],
            [
              87.22376184357019,
              25.94899653700096
            ],
            [
              87.22416169358463,
              25.949542318315622
            ],
            [
              87.22380264325376,
              25.950025519604875
            ],
            [
              87.22341862694452,
              25.95051318490695
            ],
            [
              87.22331451489806,
              25.951393305896516
            ],
            [
              87.22374919618933,
              25.9517631320795
            ],
            [
              87.22334029834336,
              25.95230049939035
            ],
            [
              87.22316089400132,
              25.952715788772586
            ],
            [
              87.22331605910203,
              25.95327079560095
            ],
            [
              87.22334159910389,
              25.95394330165295
            ],
            [
              87.22184573437424,
              25.956065454809657
            ],
            [
              87.221461718065,
              25.956620838385852
            ],
            [
              87.22071883737615,
              25.957781227837604
            ],
            [
              87.22038453293646,
              25.9580567856268
            ],
            [
              87.2198206783989,
              25.958382087370218
            ],
            [
              87.21978615434593,
              25.958394082318225
            ],
            [
              87.21977203193136,
              25.95839898820395
            ],
            [
              87.21915685843824,
              25.95861272276266
            ],
            [
              87.21848786597819,
              25.958640191307527
            ],
            [
              87.21807813090234,
              25.958153015209486
            ],
            [
              87.21733416055709,
              25.958036204106904
            ],
            [
              87.21577167586767,
              25.958222208190115
            ],
            [
              87.2137496687744,
              25.95811061805231
            ],
            [
              87.21066407165615,
              25.957661209024305
            ],
            [
              87.21004569297412,
              25.958031671358217
            ],
            [
              87.20997039978027,
              25.958076778338274
            ],
            [
              87.209536564702,
              25.958681775743628
            ],
            [
              87.20899739586848,
              25.958749827963942
            ],
            [
              87.20825356386378,
              25.958822415286367
            ],
            [
              87.20784399497627,
              25.958520323599632
            ],
            [
              87.20789289476876,
              25.95713019366718
            ],
            [
              87.20704901020434,
              25.956873419117844
            ],
            [
              87.20655962959711,
              25.956621011233306
            ],
            [
              87.2054064146562,
              25.956599083028973
            ],
            [
              87.20467698713705,
              25.95586833493365
            ],
            [
              87.20413761079271,
              25.955521084914
            ],
            [
              87.203468764758,
              25.955683931232166
            ],
            [
              87.20280495198386,
              25.95598673209279
            ],
            [
              87.20206118825114,
              25.95614958665147
            ],
            [
              87.20162609642979,
              25.954922220358167
            ],
            [
              87.20139611693729,
              25.95436720193087
            ],
            [
              87.20149553169313,
              25.95373984813638
            ],
            [
              87.20075113464812,
              25.952815047649988
            ],
            [
              87.2004086905736,
              25.95250412501714
            ],
            [
              87.20039369230162,
              25.952490505938293
            ],
            [
              87.19983200719548,
              25.95198051266615
            ],
            [
              87.19977664043128,
              25.9511907453671
            ],
            [
              87.19909713139417,
              25.9502298171694
            ],
            [
              87.19853278907141,
              25.949860004747883
            ],
            [
              87.19773898827903,
              25.949765644778065
            ],
            [
              87.19638131498282,
              25.950001005391883
            ],
            [
              87.1957122273013,
              25.949883980224634
            ],
            [
              87.19341097441041,
              25.94993023490054
            ],
            [
              87.1908381742839,
              25.949931390782563
            ],
            [
              87.19085233263108,
              25.950721487202117
            ],
            [
              87.19010581286702,
              25.951272661037077
            ],
            [
              87.19043500858773,
              25.951762279922566
            ],
            [
              87.19044021522313,
              25.951770038992848
            ],
            [
              87.19107721867591,
              25.95177144121494
            ],
            [
              87.19149633755319,
              25.952182176873194
            ],
            [
              87.1905517796932,
              25.95248073890682
            ],
            [
              87.19073574029032,
              25.952995909133232
            ],
            [
              87.1917559264158,
              25.952924432876294
            ],
            [
              87.19175772124974,
              25.95292430606366
            ],
            [
              87.19423409980695,
              25.952923173635014
            ],
            [
              87.1943720468986,
              25.953598334222455
            ],
            [
              87.19445121542459,
              25.954486678089083
            ],
            [
              87.193468430656,
              25.954344960721357
            ],
            [
              87.19236785878732,
              25.95443437785374
            ],
            [
              87.19164089714369,
              25.954736758688107
            ],
            [
              87.19162740983799,
              25.954746019097502
            ],
            [
              87.19160752023929,
              25.954759675070108
            ],
            [
              87.19107109216567,
              25.9551279649158
            ],
            [
              87.19063906809104,
              25.955732272352932
            ],
            [
              87.1904428823212,
              25.95640760502223
            ],
            [
              87.18853760141768,
              25.958682739310877
            ],
            [
              87.18814478072031,
              25.95914494779841
            ],
            [
              87.18702500107426,
              25.96019377508445
            ],
            [
              87.18668265132287,
              25.960836414353214
            ],
            [
              87.18656378983772,
              25.961059528778648
            ],
            [
              87.18596461713648,
              25.962184242927467
            ],
            [
              87.1858863487224,
              25.96291278325227
            ],
            [
              87.18529694609819,
              25.963392754775008
            ],
            [
              87.18527108270285,
              25.963404457649958
            ],
            [
              87.18451085913915,
              25.963748452196043
            ],
            [
              87.183764028558,
              25.96397975468764
            ],
            [
              87.18375261636065,
              25.964843281318014
            ],
            [
              87.18375228667894,
              25.96486814134102
            ],
            [
              87.1837262175694,
              25.966840466701125
            ],
            [
              87.18349152102333,
              25.969257067362303
            ],
            [
              87.18337443460918,
              25.970927290804386
            ],
            [
              87.18355271426049,
              25.97373472090579
            ],
            [
              87.18211776339191,
              25.97380633473246
            ],
            [
              87.18056162979153,
              25.97397440177927
            ],
            [
              87.18054724686554,
              25.973975954754092
            ],
            [
              87.1804665889328,
              25.97398466530313
            ],
            [
              87.18048673365304,
              25.974944154253038
            ],
            [
              87.17905180075083,
              25.97510459135408
            ],
            [
              87.17852132940585,
              25.975833323814882
            ],
            [
              87.17765650780711,
              25.976117926040757
            ],
            [
              87.17708744843084,
              25.976653719639703
            ],
            [
              87.17706812926232,
              25.976671909945818
            ],
            [
              87.17669370875694,
              25.97702443873372
            ],
            [
              87.17500313508779,
              25.977078414301346
            ],
            [
              87.17405967856233,
              25.977434064687635
            ],
            [
              87.1711699680749,
              25.977630481393465
            ],
            [
              87.17116558160139,
              25.97782381776492
            ],
            [
              87.17116482971149,
              25.9778569766852
            ],
            [
              87.17115062105862,
              25.97848337334753
            ],
            [
              87.1712697089192,
              25.981379560240093
            ],
            [
              87.17146683342855,
              25.982694344731698
            ],
            [
              87.16855727915647,
              25.982730813106713
            ],
            [
              87.16834165923379,
              25.984401043836993
            ],
            [
              87.16834236081803,
              25.985875890711355
            ],
            [
              87.16875609160022,
              25.988256671175314
            ],
            [
              87.16938631097598,
              25.99088624037676
            ],
            [
              87.16991805613203,
              25.993249178935812
            ],
            [
              87.16989360398998,
              25.993346003881598
            ],
            [
              87.16976098211131,
              25.99387115761399
            ],
            [
              87.16960457823384,
              25.996074441772954
            ],
            [
              87.16968348175683,
              25.996678537220664
            ],
            [
              87.17015584378098,
              25.997957691358376
            ],
            [
              87.17036714101053,
              25.999021539878264
            ],
            [
              87.17039227407555,
              25.999148087155547
            ],
            [
              87.17043641459367,
              25.999385847880497
            ],
            [
              87.17055913524128,
              26.000046867400396
            ],
            [
              87.17077397183306,
              26.000459762208063
            ],
            [
              87.1711211563173,
              26.000772687173043
            ],
            [
              87.1715032726897,
              26.00126192238182
            ],
            [
              87.17202563134934,
              26.001714690657945
            ],
            [
              87.17276905731552,
              26.002257941657955
            ],
            [
              87.17387367070464,
              26.002836964392525
            ],
            [
              87.17465715524433,
              26.003361918262943
            ],
            [
              87.17503911441153,
              26.003796694182547
            ],
            [
              87.17572188073989,
              26.004049784771397
            ],
            [
              87.17664598485918,
              26.004647155811494
            ],
            [
              87.17708818325274,
              26.005063703925483
            ],
            [
              87.17757072768065,
              26.005661608318743
            ],
            [
              87.17773226542997,
              26.006296205671017
            ],
            [
              87.17745192458598,
              26.006731789385558
            ],
            [
              87.17717147055428,
              26.007094860832254
            ],
            [
              87.17661018340183,
              26.007567084712697
            ],
            [
              87.17572803330125,
              26.008184806350062
            ],
            [
              87.17490575681268,
              26.00854853128796
            ],
            [
              87.17410346155097,
              26.008912226842394
            ],
            [
              87.17346150658432,
              26.00911246777548
            ],
            [
              87.17276780596234,
              26.009119800017046
            ],
            [
              87.16992094960555,
              26.009359846308733
            ],
            [
              87.1681829403978,
              26.009482244047213
            ],
            [
              87.16693987955541,
              26.010026829160072
            ],
            [
              87.16647878060827,
              26.010477554206616
            ],
            [
              87.16638704644811,
              26.01056722494542
            ],
            [
              87.16617825821312,
              26.010771312388506
            ],
            [
              87.1648347252978,
              26.01158896566589
            ],
            [
              87.16351055556841,
              26.011971347677903
            ],
            [
              87.16248762598806,
              26.012462188003
            ],
            [
              87.16252874816684,
              26.01315120732881
            ],
            [
              87.16265977823079,
              26.01369548802362
            ],
            [
              87.16267277685296,
              26.01374948065499
            ],
            [
              87.16267869495404,
              26.013774064731827
            ],
            [
              87.16269026525491,
              26.01382212282516
            ],
            [
              87.16317312319485,
              26.014673902824956
            ],
            [
              87.16353508855882,
              26.015108820926947
            ],
            [
              87.16377883383474,
              26.01536508725193
            ],
            [
              87.16380210738711,
              26.015389556354616
            ],
            [
              87.16389688234456,
              26.01548919988086
            ],
            [
              87.1648613971769,
              26.016304216796513
            ],
            [
              87.16548438331802,
              26.016793192745695
            ],
            [
              87.16568609911674,
              26.017536566651206
            ],
            [
              87.16574687194235,
              26.017971734090523
            ],
            [
              87.16591266231623,
              26.018536630371344
            ],
            [
              87.1660698064055,
              26.019204655744655
            ],
            [
              87.16623168371802,
              26.020111243706527
            ],
            [
              87.16631326332224,
              26.021054312627626
            ],
            [
              87.16613430634123,
              26.022215210767403
            ],
            [
              87.16623546472705,
              26.02279544040061
            ],
            [
              87.16613691235385,
              26.024065054302035
            ],
            [
              87.16585775998102,
              26.025407386334972
            ],
            [
              87.16567838708002,
              26.026350662934437
            ],
            [
              87.16549834762908,
              26.026749896744413
            ],
            [
              87.16505714906044,
              26.027076828653282
            ],
            [
              87.16379267058507,
              26.027168926111315
            ],
            [
              87.16246782622088,
              26.02718857126718
            ],
            [
              87.16132345699054,
              26.027044745111763
            ],
            [
              87.16013935617353,
              26.027227470877882
            ],
            [
              87.1583329932575,
              26.027410779973692
            ],
            [
              87.1566472785757,
              26.02768468361721
            ],
            [
              87.15560404617163,
              26.02813919769657
            ],
            [
              87.15520313614516,
              26.02857495463331
            ],
            [
              87.15502861055346,
              26.02895279165591
            ],
            [
              87.15501719386452,
              26.02897750896529
            ],
            [
              87.15484275540938,
              26.029355156614216
            ],
            [
              87.15456382402206,
              26.030897023277284
            ],
            [
              87.1543401650759,
              26.03221597389705
            ],
            [
              87.15360360134014,
              26.03349149524405
            ],
            [
              87.15268130822446,
              26.034381095834895
            ],
            [
              87.15254124739695,
              26.034743971177576
            ],
            [
              87.15224031087843,
              26.034834947120356
            ],
            [
              87.15202035299124,
              26.035560633338164
            ],
            [
              87.15200106256884,
              26.036104697908108
            ],
            [
              87.15198245217111,
              26.037174657913845
            ],
            [
              87.15188335272391,
              26.038226642892873
            ],
            [
              87.15184448621481,
              26.03916975507465
            ],
            [
              87.15182570244221,
              26.040185445972917
            ],
            [
              87.15066175532857,
              26.040531241613287
            ],
            [
              87.14947770930878,
              26.040877048340757
            ],
            [
              87.14953869683173,
              26.04143918135447
            ],
            [
              87.15078338542142,
              26.041456036344275
            ],
            [
              87.1519804309617,
              26.041422364296682
            ],
            [
              87.15274338001397,
              26.041393472785916
            ],
            [
              87.1529361800335,
              26.041386170002674
            ],
            [
              87.15307191008306,
              26.041381028675083
            ],
            [
              87.15396678841289,
              26.041427936622114
            ],
            [
              87.15528037688654,
              26.04154193194323
            ],
            [
              87.15621845070683,
              26.04137143126067
            ],
            [
              87.15726772877278,
              26.041467182605867
            ],
            [
              87.15807641824269,
              26.041493028046375
            ],
            [
              87.15861285260448,
              26.041465712041944
            ],
            [
              87.1597544298709,
              26.04151438915091
            ],
            [
              87.15983831365382,
              26.042044706017045
            ],
            [
              87.16005980855849,
              26.042552296368367
            ],
            [
              87.16044973308733,
              26.042689386766874
            ],
            [
              87.16120314921781,
              26.04271175411547
            ],
            [
              87.16196718343492,
              26.042677127621058
            ],
            [
              87.16291078818242,
              26.042676067082603
            ],
            [
              87.16397491899328,
              26.042801822339907
            ],
            [
              87.16471409682647,
              26.043148628022273
            ],
            [
              87.16566330167147,
              26.044214501998596
            ],
            [
              87.16594489836021,
              26.044576904626755
            ],
            [
              87.16718995436084,
              26.044756787942134
            ],
            [
              87.1683540793409,
              26.044610326376535
            ],
            [
              87.16895617695668,
              26.04442830564934
            ],
            [
              87.17028064223184,
              26.044082173642774
            ],
            [
              87.17108313691953,
              26.043682199795132
            ],
            [
              87.17170545471407,
              26.043663312040223
            ],
            [
              87.17248795559853,
              26.043335953398707
            ],
            [
              87.1731697212036,
              26.04275479306945
            ],
            [
              87.17367064875549,
              26.042101339384676
            ],
            [
              87.17415574978872,
              26.04169901976458
            ],
            [
              87.17503455007159,
              26.04121098135832
            ],
            [
              87.17609751576751,
              26.0405568362453
            ],
            [
              87.17724094176678,
              26.039975093925417
            ],
            [
              87.1780030652673,
              26.039484471988978
            ],
            [
              87.17898583476456,
              26.038830403608117
            ],
            [
              87.17960460780698,
              26.03840523565379
            ],
            [
              87.18081154020528,
              26.03806637836523
            ],
            [
              87.18229180569,
              26.03770576361119
            ],
            [
              87.18261769291553,
              26.037665170056744
            ],
            [
              87.18350098477482,
              26.03766396095896
            ],
            [
              87.18406301124077,
              26.03759073706927
            ],
            [
              87.18444427241702,
              26.03742193532797
            ],
            [
              87.18521278473585,
              26.037466010980467
            ],
            [
              87.18570820022515,
              26.037367222316092
            ],
            [
              87.1870334263733,
              26.03682489896922
            ],
            [
              87.18798662692465,
              26.036540669015388
            ],
            [
              87.18918204561598,
              26.036528995217086
            ],
            [
              87.19006212689645,
              26.03553357020608
            ],
            [
              87.19084481642709,
              26.035387520070703
            ],
            [
              87.19126605982001,
              26.035169254913907
            ],
            [
              87.19174750111677,
              26.034969149643675
            ],
            [
              87.19305204086056,
              26.034767943064058
            ],
            [
              87.19457787698133,
              26.034874706243166
            ],
            [
              87.19588322341227,
              26.035163069657713
            ],
            [
              87.19646559312613,
              26.035253028256353
            ],
            [
              87.19726786772661,
              26.03487105868445
            ],
            [
              87.19801039986906,
              26.03468863540181
            ],
            [
              87.1989904708272,
              26.03477587100227
            ],
            [
              87.19945323794582,
              26.035007297630305
            ],
            [
              87.19985820206917,
              26.035236228876105
            ],
            [
              87.19988477243865,
              26.035251249280165
            ],
            [
              87.2001995942165,
              26.035429218603966
            ],
            [
              87.20086269193166,
              26.03579102687463
            ],
            [
              87.20106423794881,
              26.036225982137278
            ],
            [
              87.20138696400282,
              26.037150542847467
            ],
            [
              87.20142934561962,
              26.038438129681428
            ],
            [
              87.20129007980113,
              26.03918183701835
            ],
            [
              87.20119213828232,
              26.040596578093055
            ],
            [
              87.20151398039413,
              26.040995155658962
            ],
            [
              87.20231718475091,
              26.041084690889946
            ],
            [
              87.20355638373587,
              26.041335964969672
            ],
            [
              87.20401037521248,
              26.04144359062583
            ],
            [
              87.2046468845919,
              26.041607304179973
            ],
            [
              87.2048064460476,
              26.040990523606002
            ],
            [
              87.20512672059922,
              26.040482235597544
            ],
            [
              87.20530699990032,
              26.04022806292133
            ],
            [
              87.205647395816,
              26.039737894034435
            ],
            [
              87.20598807380267,
              26.039410982883293
            ],
            [
              87.20642907564026,
              26.03901141765308
            ],
            [
              87.20695040393225,
              26.03864794612708
            ],
            [
              87.20775318158927,
              26.038501685171934
            ],
            [
              87.20821503242628,
              26.03859167914516
            ],
            [
              87.208557334567,
              26.039189678295177
            ],
            [
              87.20863907766457,
              26.039969372212727
            ],
            [
              87.20845957630449,
              26.040658782907812
            ],
            [
              87.20843758464802,
              26.041901311318526
            ],
            [
              87.20846259194892,
              26.042363600075916
            ],
            [
              87.20832336475797,
              26.043107312379757
            ],
            [
              87.20798306765697,
              26.043651936770917
            ],
            [
              87.20774283838709,
              26.044033066609703
            ],
            [
              87.20688051500314,
              26.044560199397953
            ],
            [
              87.20605811005548,
              26.04499669999802
            ],
            [
              87.20517618543202,
              26.045814066368088
            ],
            [
              87.2047757766655,
              26.046467485640125
            ],
            [
              87.20465611208647,
              26.04692103995501
            ],
            [
              87.2046568361286,
              26.047338213624315
            ],
            [
              87.20473821181524,
              26.047918441664823
            ],
            [
              87.20467881790361,
              26.048426269690218
            ],
            [
              87.20490083203448,
              26.0491151068752
            ],
            [
              87.20498237121454,
              26.04978608224251
            ],
            [
              87.20542584521579,
              26.050837328607482
            ],
            [
              87.20586911080788,
              26.051707167050726
            ],
            [
              87.20623197718206,
              26.05255905937327
            ],
            [
              87.20659402339442,
              26.05293941697289
            ],
            [
              87.20681558118115,
              26.053356184267855
            ],
            [
              87.2066962669451,
              26.054009296791897
            ],
            [
              87.20621591530478,
              26.05486239259953
            ],
            [
              87.20523446633102,
              26.05620579168151
            ],
            [
              87.2047936154104,
              26.056732400855974
            ],
            [
              87.20455319120605,
              26.057022869258855
            ],
            [
              87.20371135569881,
              26.05784016709944
            ],
            [
              87.20302968711175,
              26.058439619920712
            ],
            [
              87.20226792024239,
              26.059147988827817
            ],
            [
              87.20168663928668,
              26.059765445344894
            ],
            [
              87.20160738631904,
              26.06036395705529
            ],
            [
              87.20118731163431,
              26.061307609349026
            ],
            [
              87.20112789436646,
              26.06181552461248
            ],
            [
              87.20110997387486,
              26.06303059363
            ],
            [
              87.2010712079771,
              26.06386490468405
            ],
            [
              87.20075081305122,
              26.06440939388573
            ],
            [
              87.20018994002213,
              26.065171921604872
            ],
            [
              87.20009027194136,
              26.065589144084928
            ],
            [
              87.19975007994326,
              26.066315065180042
            ],
            [
              87.19977122179348,
              26.066931676982257
            ],
            [
              87.19987279969254,
              26.067638835782432
            ],
            [
              87.20019511970806,
              26.0682187309099
            ],
            [
              87.20045712324213,
              26.068780559297128
            ],
            [
              87.20065874202281,
              26.069342380147617
            ],
            [
              87.20082030672162,
              26.069868138684402
            ],
            [
              87.20120236739847,
              26.071077754174624
            ],
            [
              87.20120391070412,
              26.07108264567074
            ],
            [
              87.20120702875647,
              26.071103715735543
            ],
            [
              87.20134612928496,
              26.072043663348936
            ],
            [
              87.20154835981836,
              26.072841338310376
            ],
            [
              87.20170971161643,
              26.073294496022886
            ],
            [
              87.2021534389426,
              26.074400198161207
            ],
            [
              87.20243264431605,
              26.075066562624382
            ],
            [
              87.20247687376738,
              26.07566923468801
            ],
            [
              87.20247759241963,
              26.076086315683476
            ],
            [
              87.20229763291876,
              26.07650374295581
            ],
            [
              87.20171601958634,
              26.076976089209808
            ],
            [
              87.2008731546098,
              26.077285539829376
            ],
            [
              87.19992933696156,
              26.07732315038514
            ],
            [
              87.19914613539123,
              26.07732423239544
            ],
            [
              87.19858357083443,
              26.07712545135965
            ],
            [
              87.19773919489157,
              26.07660071866872
            ],
            [
              87.19746926282677,
              26.077037404100697
            ],
            [
              87.197238499105,
              26.077399360680268
            ],
            [
              87.19727948384154,
              26.07787083836209
            ],
            [
              87.19790328834786,
              26.0786317308747
            ],
            [
              87.19882846056403,
              26.079446567107418
            ],
            [
              87.19911048934243,
              26.0799539204019
            ],
            [
              87.1992135485634,
              26.080646268371815
            ],
            [
              87.19947493405658,
              26.081712587902828
            ],
            [
              87.19984283099635,
              26.08314319813244
            ],
            [
              87.19995497667641,
              26.083645638785438
            ],
            [
              87.20022327470568,
              26.08483095988334
            ],
            [
              87.20046617466694,
              26.085955003163242
            ],
            [
              87.2009108065966,
              26.087568447371357
            ],
            [
              87.20093672928074,
              26.089103914368977
            ],
            [
              87.20118076201757,
              26.09088080173056
            ],
            [
              87.2011605867546,
              26.091647808881326
            ],
            [
              87.20115916561983,
              26.091701813212325
            ],
            [
              87.20099884868097,
              26.092102324184978
            ],
            [
              87.20035636730155,
              26.09223017480118
            ],
            [
              87.19900839581038,
              26.092129538024807
            ],
            [
              87.198710556683,
              26.0921073003198
            ],
            [
              87.19921099824631,
              26.091407146065325
            ],
            [
              87.19929148010924,
              26.091294547380965
            ],
            [
              87.19850631122844,
              26.090836198371164
            ],
            [
              87.19786306897598,
              26.090510656099738
            ],
            [
              87.19740107620513,
              26.090511288613182
            ],
            [
              87.19671863955851,
              26.0907842856094
            ],
            [
              87.1960357277031,
              26.090712707662554
            ],
            [
              87.19525273903348,
              26.0908950856773
            ],
            [
              87.19454950638804,
              26.09075092866675
            ],
            [
              87.19400749259,
              26.090860557329062
            ],
            [
              87.19274283175662,
              26.091243125340092
            ],
            [
              87.19163835760635,
              26.091317104722073
            ],
            [
              87.19007197512691,
              26.091446134888606
            ],
            [
              87.18916573041379,
              26.089923923388067
            ],
            [
              87.18834204267188,
              26.089798042834374
            ],
            [
              87.18788018105506,
              26.08981679487277
            ],
            [
              87.18754361375915,
              26.090099803211437
            ],
            [
              87.18753660869658,
              26.09010569270652
            ],
            [
              87.18731854266134,
              26.090289056744467
            ],
            [
              87.18729916510236,
              26.090742463169203
            ],
            [
              87.18675962077303,
              26.092411674304575
            ],
            [
              87.18608198741823,
              26.093972433202257
            ],
            [
              87.18533910403447,
              26.09589554421119
            ],
            [
              87.18521931369132,
              26.096349081381245
            ],
            [
              87.18479812599396,
              26.09674864385897
            ],
            [
              87.1839948353989,
              26.09684032837202
            ],
            [
              87.18349288556422,
              26.096949776267035
            ],
            [
              87.18260948770373,
              26.097168513630507
            ],
            [
              87.18210767531129,
              26.097368612702155
            ],
            [
              87.18208793842618,
              26.097604404329175
            ],
            [
              87.18200850489718,
              26.098166694299856
            ],
            [
              87.18202934940501,
              26.09871079808225
            ],
            [
              87.18191049690304,
              26.09978096881706
            ],
            [
              87.18161084497542,
              26.100796916682047
            ],
            [
              87.18127052182327,
              26.101577151635627
            ],
            [
              87.18076983232496,
              26.102520842006243
            ],
            [
              87.18081169022393,
              26.10301128300452
            ],
            [
              87.18082093927808,
              26.10349842420643
            ],
            [
              87.18069310991147,
              26.103877470038903
            ],
            [
              87.17986772794698,
              26.103682648152795
            ],
            [
              87.17871384825271,
              26.103377344343713
            ],
            [
              87.17826018196625,
              26.103231262627283
            ],
            [
              87.17773771011892,
              26.103366724287806
            ],
            [
              87.17772125567784,
              26.10337099005743
            ],
            [
              87.17741682920446,
              26.10344991806108
            ],
            [
              87.17703579440368,
              26.10384940868592
            ],
            [
              87.17647428087578,
              26.104412287356507
            ],
            [
              87.1758933224152,
              26.105483015763447
            ],
            [
              87.17581347296624,
              26.105791386688264
            ],
            [
              87.17591494306748,
              26.10649855996454
            ],
            [
              87.17629852189717,
              26.107785727318316
            ],
            [
              87.17666159578218,
              26.108800853839476
            ],
            [
              87.17664322882788,
              26.109889044612995
            ],
            [
              87.17640364365,
              26.11092305720632
            ],
            [
              87.17658520664365,
              26.1114125159739
            ],
            [
              87.17628549003734,
              26.11250105025789
            ],
            [
              87.17600486622403,
              26.112918475060045
            ],
            [
              87.1753635400781,
              26.113916676961423
            ],
            [
              87.1752048311236,
              26.11520450229654
            ],
            [
              87.17478386441178,
              26.115821651810176
            ],
            [
              87.17472446960183,
              26.116438361695174
            ],
            [
              87.17420294098554,
              26.116964882184558
            ],
            [
              87.1737215356214,
              26.117436993292266
            ],
            [
              87.1737021823169,
              26.11794484564243
            ],
            [
              87.17378348524001,
              26.118543235675727
            ],
            [
              87.17370381635241,
              26.119051160650148
            ],
            [
              87.1732830373885,
              26.119740813125645
            ],
            [
              87.17334680519726,
              26.119901374003952
            ],
            [
              87.1733573882496,
              26.119928015965748
            ],
            [
              87.17338383644821,
              26.119994605922027
            ],
            [
              87.17382563419315,
              26.119921476260384
            ],
            [
              87.17452912285844,
              26.120138241326256
            ],
            [
              87.17507236285684,
              26.120681711329958
            ],
            [
              87.17511347425581,
              26.121352655597413
            ],
            [
              87.17507431040438,
              26.121987401629845
            ],
            [
              87.1750549337437,
              26.122477103615026
            ],
            [
              87.17527681133069,
              26.12309347107998
            ],
            [
              87.17548966803557,
              26.123695944111308
            ],
            [
              87.175660275176,
              26.124271830335285
            ],
            [
              87.17616321944571,
              26.124742745662463
            ],
            [
              87.1766657585752,
              26.124941596602117
            ],
            [
              87.17718900836358,
              26.12553944107343
            ],
            [
              87.17857685607021,
              26.126625895200345
            ],
            [
              87.17914008627862,
              26.127060426759545
            ],
            [
              87.1798044434318,
              26.127948300312614
            ],
            [
              87.18016674835894,
              26.128401226807746
            ],
            [
              87.18050895168498,
              26.128854178968137
            ],
            [
              87.18061068229764,
              26.129633944365025
            ],
            [
              87.1799680059838,
              26.12988101925428
            ],
            [
              87.17994805889292,
              26.12988868831653
            ],
            [
              87.17959450894656,
              26.130519039315686
            ],
            [
              87.17998975689179,
              26.130922352163395
            ],
            [
              87.18073445756738,
              26.13173752089237
            ],
            [
              87.18145938542523,
              26.132824685143937
            ],
            [
              87.18174163608751,
              26.133440964945397
            ],
            [
              87.18178283282644,
              26.134075699328665
            ],
            [
              87.18190441620689,
              26.134746540054934
            ],
            [
              87.18178510556413,
              26.135544642260147
            ],
            [
              87.18156514677861,
              26.136270360721255
            ],
            [
              87.18122577494236,
              26.13766722684701
            ],
            [
              87.18119573168599,
              26.13861917170254
            ],
            [
              87.18133331226502,
              26.14051414237539
            ],
            [
              87.18156466887484,
              26.141458715061265
            ],
            [
              87.18163162839784,
              26.141995894964232
            ],
            [
              87.18168761859285,
              26.143332122940194
            ],
            [
              87.18176906973798,
              26.143793615932537
            ],
            [
              87.1820129210151,
              26.14478945817684
            ],
            [
              87.18206779999414,
              26.14546968268562
            ],
            [
              87.18224842963821,
              26.145950645692135
            ],
            [
              87.18240354892484,
              26.146561396141145
            ],
            [
              87.1826630192098,
              26.147364073646532
            ],
            [
              87.18295923957308,
              26.147448756934782
            ],
            [
              87.18325546442789,
              26.14753343935525
            ],
            [
              87.18329746336238,
              26.14749766897289
            ],
            [
              87.1837125712619,
              26.147144131145364
            ],
            [
              87.18481487059086,
              26.14624372866703
            ],
            [
              87.18615459375108,
              26.14555132561726
            ],
            [
              87.18645534521661,
              26.14524546430982
            ],
            [
              87.18693961620652,
              26.14502613874511
            ],
            [
              87.18768674413,
              26.144582623762474
            ],
            [
              87.18806936715222,
              26.144490113042995
            ],
            [
              87.18872284840228,
              26.14423326800014
            ],
            [
              87.18918538914544,
              26.144194015348212
            ],
            [
              87.19006060784528,
              26.144025902790194
            ],
            [
              87.19062504808439,
              26.143466313174976
            ],
            [
              87.19124311055943,
              26.142785199610305
            ],
            [
              87.19175381627319,
              26.142347216215807
            ],
            [
              87.19225821042377,
              26.14227213933501
            ],
            [
              87.19277683299012,
              26.142394429653514
            ],
            [
              87.19342386972632,
              26.14297669838645
            ],
            [
              87.1937479926606,
              26.14363226616464
            ],
            [
              87.19450377585187,
              26.14487038630557
            ],
            [
              87.19506991839843,
              26.14540408460821
            ],
            [
              87.19563583995944,
              26.145743464972323
            ],
            [
              87.19534063559078,
              26.146302710630668
            ],
            [
              87.19469584733773,
              26.147032456246375
            ],
            [
              87.19416973821177,
              26.148022723766935
            ],
            [
              87.19405073928439,
              26.14860285897477
            ],
            [
              87.19394711592145,
              26.15007058616511
            ],
            [
              87.19367884573994,
              26.150654081786865
            ],
            [
              87.19284604818274,
              26.15169992805352
            ],
            [
              87.19263251414813,
              26.15284210168983
            ],
            [
              87.19266118298214,
              26.153911083198267
            ],
            [
              87.19260970861801,
              26.15534469635228
            ],
            [
              87.19246106798123,
              26.1562837966393
            ],
            [
              87.19231601880892,
              26.15685141298475
            ],
            [
              87.19220911659517,
              26.157313241160356
            ],
            [
              87.19223678829918,
              26.15777479819917
            ],
            [
              87.19199612334637,
              26.158795557743225
            ],
            [
              87.19226629166806,
              26.159354041785107
            ],
            [
              87.1927782837693,
              26.159596344172684
            ],
            [
              87.19315607924517,
              26.160130391980704
            ],
            [
              87.19326490385365,
              26.160834828701038
            ],
            [
              87.1938585752721,
              26.161635768838288
            ],
            [
              87.19442390933492,
              26.161635009316598
            ],
            [
              87.19498906103972,
              26.16146421598437
            ],
            [
              87.19517682510377,
              26.161075146957714
            ],
            [
              87.19563780816821,
              26.160122798278152
            ],
            [
              87.1962508292979,
              26.15932437631586
            ],
            [
              87.19627717419023,
              26.15898419528036
            ],
            [
              87.19632864855431,
              26.158235027032212
            ],
            [
              87.19627612226303,
              26.157577831898443
            ],
            [
              87.1962732296878,
              26.156627467243172
            ],
            [
              87.19653004275618,
              26.155713769032815
            ],
            [
              87.197119116597,
              26.1544370767394
            ],
            [
              87.19745241043204,
              26.153910824363233
            ],
            [
              87.19828192644347,
              26.15295073836089
            ],
            [
              87.19850413910206,
              26.15259475365776
            ],
            [
              87.20011403956713,
              26.151228330400773
            ],
            [
              87.20083978219698,
              26.15057131512968
            ],
            [
              87.20145882293737,
              26.150473201705825
            ],
            [
              87.20211623341848,
              26.150463161674185
            ],
            [
              87.20237878312825,
              26.15040898290383
            ],
            [
              87.20239934287017,
              26.150404739817
            ],
            [
              87.20301986044086,
              26.1502766931893
            ],
            [
              87.20406884835096,
              26.14974065612106
            ],
            [
              87.20538386155266,
              26.149208920198987
            ],
            [
              87.20539763721753,
              26.149203349779867
            ],
            [
              87.20581746756051,
              26.14903358492058
            ],
            [
              87.20720273710228,
              26.148535466857147
            ],
            [
              87.20721310006739,
              26.148531739783383
            ],
            [
              87.20737783492085,
              26.148472503324648
            ],
            [
              87.20885792343746,
              26.14817879777707
            ],
            [
              87.20988051884453,
              26.14795870359891
            ],
            [
              87.21103688777042,
              26.147301011103036
            ],
            [
              87.21160146185849,
              26.14686278660863
            ],
            [
              87.21302628422221,
              26.14579166890317
            ],
            [
              87.21369817195244,
              26.14523182889885
            ],
            [
              87.21459031042068,
              26.145140476684702
            ],
            [
              87.2153013305613,
              26.145085239058513
            ],
            [
              87.2157666533869,
              26.145076901681723
            ],
            [
              87.21577086468895,
              26.145076828299274
            ],
            [
              87.21687438842163,
              26.145057053739034
            ],
            [
              87.21762812614898,
              26.14505591832659
            ],
            [
              87.21838190879211,
              26.14507906686765
            ],
            [
              87.21964509099854,
              26.145032269005927
            ],
            [
              87.22058898680018,
              26.144857005673916
            ],
            [
              87.22131558372784,
              26.1447344429518
            ],
            [
              87.2216920838331,
              26.14453945613454
            ],
            [
              87.22214890500283,
              26.144125736862478
            ],
            [
              87.2229553055654,
              26.14351706791944
            ],
            [
              87.22393399491463,
              26.14328574532571
            ],
            [
              87.22440875364397,
              26.143417651854513
            ],
            [
              87.2251092167834,
              26.14370812600137
            ],
            [
              87.22548617413112,
              26.143756114654963
            ],
            [
              87.22599821114811,
              26.14402259167897
            ],
            [
              87.22632176904209,
              26.144289360013655
            ],
            [
              87.22678007602532,
              26.144653076045223
            ],
            [
              87.22748121110457,
              26.14528368361067
            ],
            [
              87.2279051054259,
              26.145491056262927
            ],
            [
              87.22836965120877,
              26.14535514669437
            ],
            [
              87.2286921769385,
              26.14508735827945
            ],
            [
              87.22906814434276,
              26.144625165605074
            ],
            [
              87.22944420337522,
              26.14421146115211
            ],
            [
              87.22992838812684,
              26.14399217315852
            ],
            [
              87.2309242820104,
              26.14391762069494
            ],
            [
              87.23197471800471,
              26.14420750008232
            ],
            [
              87.23338683369875,
              26.144654895291854
            ],
            [
              87.23402933304448,
              26.144561028257638
            ],
            [
              87.23458620677393,
              26.144373389118627
            ],
            [
              87.23504385619039,
              26.144396933740076
            ],
            [
              87.23566327512147,
              26.14451736871492
            ],
            [
              87.23591624340044,
              26.144582159273696
            ],
            [
              87.23593797724043,
              26.144587725074963
            ],
            [
              87.23679446337165,
              26.144807082106738
            ],
            [
              87.23761973214843,
              26.144856740367562
            ],
            [
              87.2386248301704,
              26.144731193147294
            ],
            [
              87.23974378965458,
              26.14446666278969
            ],
            [
              87.24080420144016,
              26.14419301217811
            ],
            [
              87.24247243131327,
              26.14380148810268
            ],
            [
              87.24403320740701,
              26.143555865983103
            ],
            [
              87.2450286799807,
              26.143286899302854
            ],
            [
              87.2460246062036,
              26.143236621855063
            ],
            [
              87.24683732641418,
              26.143030349179575
            ],
            [
              87.24726392286787,
              26.14289354162438
            ],
            [
              87.24999939531597,
              26.143124314214408
            ],
            [
              87.25307228396791,
              26.14366162918754
            ],
            [
              87.25432703009552,
              26.143983133322052
            ],
            [
              87.25481160202104,
              26.144470959315132
            ],
            [
              87.25459600006462,
              26.14502133501381
            ],
            [
              87.2537699246007,
              26.14599094767888
            ],
            [
              87.25323450443686,
              26.146419263283494
            ],
            [
              87.2535240188765,
              26.146920440138405
            ],
            [
              87.25427333779098,
              26.147552908682933
            ],
            [
              87.25455834897612,
              26.147634393719013
            ],
            [
              87.25547314295582,
              26.147847227849212
            ],
            [
              87.25592731499378,
              26.148790829991867
            ],
            [
              87.25417098195086,
              26.1498589833813
            ],
            [
              87.25363049079725,
              26.15030988235326
            ],
            [
              87.25353995768461,
              26.15077912914277
            ],
            [
              87.25377437575295,
              26.15137954666002
            ],
            [
              87.25520837081405,
              26.152563234286088
            ],
            [
              87.25567245216791,
              26.15354745165693
            ],
            [
              87.25542014415068,
              26.15571798612413
            ],
            [
              87.25579443889191,
              26.15649459112601
            ],
            [
              87.25617904719091,
              26.15669663262389
            ],
            [
              87.25620516301287,
              26.156710352165227
            ],
            [
              87.25620755432814,
              26.156711609218604
            ],
            [
              87.25647419227077,
              26.15685167665117
            ],
            [
              87.25968385930622,
              26.15771177434079
            ],
            [
              87.26127863483684,
              26.158200371025636
            ],
            [
              87.26254862537483,
              26.15845865522761
            ],
            [
              87.26238765625908,
              26.159496541074247
            ],
            [
              87.26229698660246,
              26.160159840351238
            ],
            [
              87.26392632481368,
              26.161181091018527
            ],
            [
              87.26596159643042,
              26.1612593357378
            ],
            [
              87.26821675586572,
              26.16158148237599
            ],
            [
              87.2684517219064,
              26.161680911992654
            ],
            [
              87.26864516242475,
              26.16352692218927
            ],
            [
              87.26916447399893,
              26.16435324368756
            ],
            [
              87.27035994389418,
              26.164196147196122
            ],
            [
              87.27196928470883,
              26.16529842805901
            ],
            [
              87.27449970411693,
              26.16557552994998
            ],
            [
              87.27788521457258,
              26.165871257333418
            ],
            [
              87.2814857314016,
              26.16635655612397
            ],
            [
              87.28160669674112,
              26.166372870665544
            ],
            [
              87.2816280110679,
              26.166375744959378
            ],
            [
              87.28464615369147,
              26.166782769245554
            ],
            [
              87.28530653669786,
              26.166521409885874
            ],
            [
              87.28572181976888,
              26.166201210291433
            ]
          ]
        ]
      }
    }
  ]
}