{
  "type": "FeatureCollection",
  "features": [
    {
      "type": "Feature",
      "properties": {
        "object_id": "10-209-01114",
        "stname": "BIHAR",
        "dtname": "Araria",
        "sdtname": "Bhargama",
        "st_area_sh": 0.0,
        "st_length_": 0.0,
        "remarks": "",
        "dist_lgd": 188,
        "state_lgd": 10,
        "subdt_lgd": 1114,
        "ac_no": null,
        "st_length(shape)": 140909.75235341018,
        "st_area(shape)": 280499778.1128878
      },
      "geometry": {
        "type": "Polygon",
        "coordinates": [
          [
            [
              87.13662980019774,
              26.203138781807535
            ],
            [
              87.13840059072683,
              26.20109424860702
            ],
            [
              87.14026150294018,
              26.20101280012525
            ],
            [
              87.14073671442041,
              26.20050733078738
            ],
            [
              87.14139686655976,
              26.199162348390395
            ],
            [
              87.14202180114674,
              26.19644543280728
            ],
            [
              87.14228681673198,
              26.195813538162948
            ],
            [
              87.14381757112892,
              26.195804349999957
            ],
            [
              87.14506312569455,
              26.195817691737915
            ],
            [
              87.1461786428346,
              26.195555785694026
            ],
            [
              87.14660886488878,
              26.195316508204378
            ],
            [
              87.14760932940048,
              26.19521256919391
            ],
            [
              87.14808929925681,
              26.194255729137957
            ],
            [
              87.14861956758249,
              26.193998414943668
            ],
            [
              87.14939999156196,
              26.19461208640115
            ],
            [
              87.14965551914116,
              26.196475890845004
            ],
            [
              87.15009620117854,
              26.198335168606146
            ],
            [
              87.15126713269352,
              26.199747620643034
            ],
            [
              87.15178265697044,
              26.200848673011894
            ],
            [
              87.1524130290598,
              26.20089816313038
            ],
            [
              87.1524983797916,
              26.202279211138165
            ],
            [
              87.15284368410198,
              26.202667257631077
            ],
            [
              87.1533890423278,
              26.202847652122145
            ],
            [
              87.15507492768951,
              26.202752498000258
            ],
            [
              87.15552019742299,
              26.20261704528004
            ],
            [
              87.15735138258698,
              26.203505685757627
            ],
            [
              87.15794192876653,
              26.203983972046597
            ],
            [
              87.15879242493146,
              26.20412364093457
            ],
            [
              87.1596678960579,
              26.20391133832323
            ],
            [
              87.16049348104168,
              26.20438049026675
            ],
            [
              87.16196422977428,
              26.204172543704793
            ],
            [
              87.16378523882271,
              26.20416301284873
            ],
            [
              87.16648194806797,
              26.204582060276998
            ],
            [
              87.16915357096063,
              26.20479332194103
            ],
            [
              87.1707798656796,
              26.205745103311862
            ],
            [
              87.17207560103532,
              26.20574469064953
            ],
            [
              87.17337655739946,
              26.206326401246166
            ],
            [
              87.17401720441907,
              26.206840734402597
            ],
            [
              87.17514822378597,
              26.207670724616044
            ],
            [
              87.1760589430075,
              26.208022411359018
            ],
            [
              87.17695446542942,
              26.20813946568021
            ],
            [
              87.17767479031977,
              26.207769054258275
            ],
            [
              87.1779147330271,
              26.207534298366248
            ],
            [
              87.17894528660928,
              26.207330871676866
            ],
            [
              87.18104640204136,
              26.20702319619339
            ],
            [
              87.18217189317602,
              26.206729355252648
            ],
            [
              87.18218664441129,
              26.20665784838305
            ],
            [
              87.1822966529993,
              26.20612456586542
            ],
            [
              87.18318647291578,
              26.204684550622872
            ],
            [
              87.18305587943303,
              26.20378204394513
            ],
            [
              87.18203979411685,
              26.202654109312494
            ],
            [
              87.18041881922093,
              26.202483334982293
            ],
            [
              87.17940807079587,
              26.202149723118065
            ],
            [
              87.17884752205855,
              26.201540634861168
            ],
            [
              87.17876178774618,
              26.200159695771802
            ],
            [
              87.17927121336065,
              26.198422011313912
            ],
            [
              87.18009092785402,
              26.196778911090732
            ],
            [
              87.1808602935724,
              26.194838042834704
            ],
            [
              87.18126451389065,
              26.19287464320451
            ],
            [
              87.18196344180927,
              26.189954423756284
            ],
            [
              87.18236784358724,
              26.188532674692986
            ],
            [
              87.1821860524215,
              26.184953898080202
            ],
            [
              87.1817402005797,
              26.18375807075616
            ],
            [
              87.18135933556047,
              26.182232828347512
            ],
            [
              87.18060379491436,
              26.181596792007667
            ],
            [
              87.17934727910563,
              26.179480636041355
            ],
            [
              87.17886680978604,
              26.17891215921609
            ],
            [
              87.17864648987778,
              26.178230763256067
            ],
            [
              87.17939576028321,
              26.17624474113586
            ],
            [
              87.17948549299693,
              26.175676092127215
            ],
            [
              87.1790044936713,
              26.173911636946677
            ],
            [
              87.1778329243525,
              26.171163660597315
            ],
            [
              87.17701691900292,
              26.169566307720274
            ],
            [
              87.17585094169675,
              26.167987165326096
            ],
            [
              87.17544545834717,
              26.167220052203028
            ],
            [
              87.17535983273089,
              26.165906768917996
            ],
            [
              87.17577447799808,
              26.164742255821892
            ],
            [
              87.17627412724728,
              26.16380335989057
            ],
            [
              87.17739400840301,
              26.162972521763642
            ],
            [
              87.17912391390855,
              26.161970007890826
            ],
            [
              87.18059394039567,
              26.161328613671458
            ],
            [
              87.18159859375156,
              26.160412043977495
            ],
            [
              87.18198816344591,
              26.15940100483932
            ],
            [
              87.18227733742404,
              26.157555023682487
            ],
            [
              87.1822416581376,
              26.156205629215005
            ],
            [
              87.18176574866638,
              26.154581110845907
            ],
            [
              87.18142033476155,
              26.153692144029716
            ],
            [
              87.18148901815152,
              26.151119717929596
            ],
            [
              87.1816133656481,
              26.149806332397876
            ],
            [
              87.18213307068434,
              26.149025364749978
            ],
            [
              87.18254775817236,
              26.148424974632647
            ],
            [
              87.18281763184663,
              26.148005151930917
            ],
            [
              87.18329789635035,
              26.147571289389656
            ],
            [
              87.18329746336238,
              26.14749766897289
            ],
            [
              87.18325546442789,
              26.14753343935525
            ],
            [
              87.18295923957308,
              26.147448756934782
            ],
            [
              87.1826630192098,
              26.147364073646532
            ],
            [
              87.18240354892484,
              26.146561396141145
            ],
            [
              87.18224842963821,
              26.145950645692135
            ],
            [
              87.18206779999414,
              26.14546968268562
            ],
            [
              87.1820129210151,
              26.14478945817684
            ],
            [
              87.18176906973798,
              26.143793615932537
            ],
            [
              87.18168761859285,
              26.143332122940194
            ],
            [
              87.18163162839784,
              26.141995894964232
            ],
            [
              87.18156466887484,
              26.141458715061265
            ],
            [
              87.18133331226502,
              26.14051414237539
            ],
            [
              87.18119573168599,
              26.13861917170254
            ],
            [
              87.18122577494236,
              26.13766722684701
            ],
            [
              87.18156514677861,
              26.136270360721255
            ],
            [
              87.18178510556413,
              26.135544642260147
            ],
            [
              87.18190441620689,
              26.134746540054934
            ],
            [
              87.18178283282644,
              26.134075699328665
            ],
            [
              87.18174163608751,
              26.133440964945397
            ],
            [
              87.18145938542523,
              26.132824685143937
            ],
            [
              87.18073445756738,
              26.13173752089237
            ],
            [
              87.17998975689179,
              26.130922352163395
            ],
            [
              87.17959450894656,
              26.130519039315686
            ],
            [
              87.17994805889292,
              26.12988868831653
            ],
            [
              87.1799680059838,
              26.12988101925428
            ],
            [
              87.18061068229764,
              26.129633944365025
            ],
            [
              87.18050895168498,
              26.128854178968137
            ],
            [
              87.18016674835894,
              26.128401226807746
            ],
            [
              87.1798044434318,
              26.127948300312614
            ],
            [
              87.17914008627862,
              26.127060426759545
            ],
            [
              87.17857685607021,
              26.126625895200345
            ],
            [
              87.17718900836358,
              26.12553944107343
            ],
            [
              87.1766657585752,
              26.124941596602117
            ],
            [
              87.17616321944571,
              26.124742745662463
            ],
            [
              87.175660275176,
              26.124271830335285
            ],
            [
              87.17548966803557,
              26.123695944111308
            ],
            [
              87.17527681133069,
              26.12309347107998
            ],
            [
              87.1750549337437,
              26.122477103615026
            ],
            [
              87.17507431040438,
              26.121987401629845
            ],
            [
              87.17511347425581,
              26.121352655597413
            ],
            [
              87.17507236285684,
              26.120681711329958
            ],
            [
              87.17452912285844,
              26.120138241326256
            ],
            [
              87.17382563419315,
              26.119921476260384
            ],
            [
              87.17338383644821,
              26.119994605922027
            ],
            [
              87.1733573882496,
              26.119928015965748
            ],
            [
              87.17334680519726,
              26.119901374003952
            ],
            [
              87.1732830373885,
              26.119740813125645
            ],
            [
              87.17370381635241,
              26.119051160650148
            ],
            [
              87.17378348524001,
              26.118543235675727
            ],
            [
              87.1737021823169,
              26.11794484564243
            ],
            [
              87.1737215356214,
              26.117436993292266
            ],
            [
              87.17420294098554,
              26.116964882184558
            ],
            [
              87.17472446960183,
              26.116438361695174
            ],
            [
              87.17478386441178,
              26.115821651810176
            ],
            [
              87.1752048311236,
              26.11520450229654
            ],
            [
              87.1753635400781,
              26.113916676961423
            ],
            [
              87.17600486622403,
              26.112918475060045
            ],
            [
              87.17628549003734,
              26.11250105025789
            ],
            [
              87.17658520664365,
              26.1114125159739
            ],
            [
              87.17640364365,
              26.11092305720632
            ],
            [
              87.17664322882788,
              26.109889044612995
            ],
            [
              87.17666159578218,
              26.108800853839476
            ],
            [
              87.17629852189717,
              26.107785727318316
            ],
            [
              87.17591494306748,
              26.10649855996454
            ],
            [
              87.17581347296624,
              26.105791386688264
            ],
            [
              87.1758933224152,
              26.105483015763447
            ],
            [
              87.17647428087578,
              26.104412287356507
            ],
            [
              87.17703579440368,
              26.10384940868592
            ],
            [
              87.17741682920446,
              26.10344991806108
            ],
            [
              87.17772125567784,
              26.10337099005743
            ],
            [
              87.17773771011892,
              26.103366724287806
            ],
            [
              87.17826018196625,
              26.103231262627283
            ],
            [
              87.17871384825271,
              26.103377344343713
            ],
            [
              87.17986772794698,
              26.103682648152795
            ],
            [
              87.18069310991147,
              26.103877470038903
            ],
            [
              87.18082093927808,
              26.10349842420643
            ],
            [
              87.18081169022393,
              26.10301128300452
            ],
            [
              87.18076983232496,
              26.102520842006243
            ],
            [
              87.18127052182327,
              26.101577151635627
            ],
            [
              87.18161084497542,
              26.100796916682047
            ],
            [
              87.18191049690304,
              26.09978096881706
            ],
            [
              87.18202934940501,
              26.09871079808225
            ],
            [
              87.18200850489718,
              26.098166694299856
            ],
            [
              87.18208793842618,
              26.097604404329175
            ],
            [
              87.18210767531129,
              26.097368612702155
            ],
            [
              87.18260948770373,
              26.097168513630507
            ],
            [
              87.18349288556422,
              26.096949776267035
            ],
            [
              87.1839948353989,
              26.09684032837202
            ],
            [
              87.18479812599396,
              26.09674864385897
            ],
            [
              87.18521931369132,
              26.096349081381245
            ],
            [
              87.18533910403447,
              26.09589554421119
            ],
            [
              87.18608198741823,
              26.093972433202257
            ],
            [
              87.18675962077303,
              26.092411674304575
            ],
            [
              87.18729916510236,
              26.090742463169203
            ],
            [
              87.18731854266134,
              26.090289056744467
            ],
            [
              87.18753660869658,
              26.09010569270652
            ],
            [
              87.18754361375915,
              26.090099803211437
            ],
            [
              87.18788018105506,
              26.08981679487277
            ],
            [
              87.18834204267188,
              26.089798042834374
            ],
            [
              87.18916573041379,
              26.089923923388067
            ],
            [
              87.19007197512691,
              26.091446134888606
            ],
            [
              87.19163835760635,
              26.091317104722073
            ],
            [
              87.19274283175662,
              26.091243125340092
            ],
            [
              87.19400749259,
              26.090860557329062
            ],
            [
              87.19454950638804,
              26.09075092866675
            ],
            [
              87.19525273903348,
              26.0908950856773
            ],
            [
              87.1960357277031,
              26.090712707662554
            ],
            [
              87.19671863955851,
              26.0907842856094
            ],
            [
              87.19740107620513,
              26.090511288613182
            ],
            [
              87.19786306897598,
              26.090510656099738
            ],
            [
              87.19850631122844,
              26.090836198371164
            ],
            [
              87.19929148010924,
              26.091294547380965
            ],
            [
              87.19921099824631,
              26.091407146065325
            ],
            [
              87.198710556683,
              26.0921073003198
            ],
            [
              87.19900839581038,
              26.092129538024807
            ],
            [
              87.20035636730155,
              26.09223017480118
            ],
            [
              87.20099884868097,
              26.092102324184978
            ],
            [
              87.20115916561983,
              26.091701813212325
            ],
            [
              87.2011605867546,
              26.091647808881326
            ],
            [
              87.20118076201757,
              26.09088080173056
            ],
            [
              87.20093672928074,
              26.089103914368977
            ],
            [
              87.2009108065966,
              26.087568447371357
            ],
            [
              87.20046617466694,
              26.085955003163242
            ],
            [
              87.20022327470568,
              26.08483095988334
            ],
            [
              87.19995497667641,
              26.083645638785438
            ],
            [
              87.19984283099635,
              26.08314319813244
            ],
            [
              87.19947493405658,
              26.081712587902828
            ],
            [
              87.1992135485634,
              26.080646268371815
            ],
            [
              87.19911048934243,
              26.0799539204019
            ],
            [
              87.19882846056403,
              26.079446567107418
            ],
            [
              87.19790328834786,
              26.0786317308747
            ],
            [
              87.19727948384154,
              26.07787083836209
            ],
            [
              87.197238499105,
              26.077399360680268
            ],
            [
              87.19746926282677,
              26.077037404100697
            ],
            [
              87.19773919489157,
              26.07660071866872
            ],
            [
              87.19858357083443,
              26.07712545135965
            ],
            [
              87.19914613539123,
              26.07732423239544
            ],
            [
              87.19992933696156,
              26.07732315038514
            ],
            [
              87.2008731546098,
              26.077285539829376
            ],
            [
              87.20171601958634,
              26.076976089209808
            ],
            [
              87.20229763291876,
              26.07650374295581
            ],
            [
              87.20247759241963,
              26.076086315683476
            ],
            [
              87.20247687376738,
              26.07566923468801
            ],
            [
              87.20243264431605,
              26.075066562624382
            ],
            [
              87.2021534389426,
              26.074400198161207
            ],
            [
              87.20170971161643,
              26.073294496022886
            ],
            [
              87.20154835981836,
              26.072841338310376
            ],
            [
              87.20134612928496,
              26.072043663348936
            ],
            [
              87.20120702875647,
              26.071103715735543
            ],
            [
              87.20120391070412,
              26.07108264567074
            ],
            [
              87.20120236739847,
              26.071077754174624
            ],
            [
              87.20082030672162,
              26.069868138684402
            ],
            [
              87.20065874202281,
              26.069342380147617
            ],
            [
              87.20045712324213,
              26.068780559297128
            ],
            [
              87.20019511970806,
              26.0682187309099
            ],
            [
              87.19987279969254,
              26.067638835782432
            ],
            [
              87.19977122179348,
              26.066931676982257
            ],
            [
              87.19975007994326,
              26.066315065180042
            ],
            [
              87.20009027194136,
              26.065589144084928
            ],
            [
              87.20018994002213,
              26.065171921604872
            ],
            [
              87.20075081305122,
              26.06440939388573
            ],
            [
              87.2010712079771,
              26.06386490468405
            ],
            [
              87.20110997387486,
              26.06303059363
            ],
            [
              87.20112789436646,
              26.06181552461248
            ],
            [
              87.20118731163431,
              26.061307609349026
            ],
            [
              87.20160738631904,
              26.06036395705529
            ],
            [
              87.20168663928668,
              26.059765445344894
            ],
            [
              87.20226792024239,
              26.059147988827817
            ],
            [
              87.20302968711175,
              26.058439619920712
            ],
            [
              87.20371135569881,
              26.05784016709944
            ],
            [
              87.20455319120605,
              26.057022869258855
            ],
            [
              87.2047936154104,
              26.056732400855974
            ],
            [
              87.20523446633102,
              26.05620579168151
            ],
            [
              87.20621591530478,
              26.05486239259953
            ],
            [
              87.2066962669451,
              26.054009296791897
            ],
            [
              87.20681558118115,
              26.053356184267855
            ],
            [
              87.20659402339442,
              26.05293941697289
            ],
            [
              87.20623197718206,
              26.05255905937327
            ],
            [
              87.20586911080788,
              26.051707167050726
            ],
            [
              87.20542584521579,
              26.050837328607482
            ],
            [
              87.20498237121454,
              26.04978608224251
            ],
            [
              87.20490083203448,
              26.0491151068752
            ],
            [
              87.20467881790361,
              26.048426269690218
            ],
            [
              87.20473821181524,
              26.047918441664823
            ],
            [
              87.2046568361286,
              26.047338213624315
            ],
            [
              87.20465611208647,
              26.04692103995501
            ],
            [
              87.2047757766655,
              26.046467485640125
            ],
            [
              87.20517618543202,
              26.045814066368088
            ],
            [
              87.20605811005548,
              26.04499669999802
            ],
            [
              87.20688051500314,
              26.044560199397953
            ],
            [
              87.20774283838709,
              26.044033066609703
            ],
            [
              87.20798306765697,
              26.043651936770917
            ],
            [
              87.20832336475797,
              26.043107312379757
            ],
            [
              87.20846259194892,
              26.042363600075916
            ],
            [
              87.20843758464802,
              26.041901311318526
            ],
            [
              87.20845957630449,
              26.040658782907812
            ],
            [
              87.20863907766457,
              26.039969372212727
            ],
            [
              87.208557334567,
              26.039189678295177
            ],
            [
              87.20821503242628,
              26.03859167914516
            ],
            [
              87.20775318158927,
              26.038501685171934
            ],
            [
              87.20695040393225,
              26.03864794612708
            ],
            [
              87.20642907564026,
              26.03901141765308
            ],
            [
              87.20598807380267,
              26.039410982883293
            ],
            [
              87.205647395816,
              26.039737894034435
            ],
            [
              87.20530699990032,
              26.04022806292133
            ],
            [
              87.20512672059922,
              26.040482235597544
            ],
            [
              87.2048064460476,
              26.040990523606002
            ],
            [
              87.2046468845919,
              26.041607304179973
            ],
            [
              87.20401037521248,
              26.04144359062583
            ],
            [
              87.20355638373587,
              26.041335964969672
            ],
            [
              87.20231718475091,
              26.041084690889946
            ],
            [
              87.20151398039413,
              26.040995155658962
            ],
            [
              87.20119213828232,
              26.040596578093055
            ],
            [
              87.20129007980113,
              26.03918183701835
            ],
            [
              87.20142934561962,
              26.038438129681428
            ],
            [
              87.20138696400282,
              26.037150542847467
            ],
            [
              87.20106423794881,
              26.036225982137278
            ],
            [
              87.20086269193166,
              26.03579102687463
            ],
            [
              87.2001995942165,
              26.035429218603966
            ],
            [
              87.19988477243865,
              26.035251249280165
            ],
            [
              87.19985820206917,
              26.035236228876105
            ],
            [
              87.19945323794582,
              26.035007297630305
            ],
            [
              87.1989904708272,
              26.03477587100227
            ],
            [
              87.19801039986906,
              26.03468863540181
            ],
            [
              87.19726786772661,
              26.03487105868445
            ],
            [
              87.19646559312613,
              26.035253028256353
            ],
            [
              87.19588322341227,
              26.035163069657713
            ],
            [
              87.19457787698133,
              26.034874706243166
            ],
            [
              87.19305204086056,
              26.034767943064058
            ],
            [
              87.19174750111677,
              26.034969149643675
            ],
            [
              87.19126605982001,
              26.035169254913907
            ],
            [
              87.19084481642709,
              26.035387520070703
            ],
            [
              87.19006212689645,
              26.03553357020608
            ],
            [
              87.18918204561598,
              26.036528995217086
            ],
            [
              87.18798662692465,
              26.036540669015388
            ],
            [
              87.1870334263733,
              26.03682489896922
            ],
            [
              87.18570820022515,
              26.037367222316092
            ],
            [
              87.18521278473585,
              26.037466010980467
            ],
            [
              87.18444427241702,
              26.03742193532797
            ],
            [
              87.18406301124077,
              26.03759073706927
            ],
            [
              87.18350098477482,
              26.03766396095896
            ],
            [
              87.18261769291553,
              26.037665170056744
            ],
            [
              87.18229180569,
              26.03770576361119
            ],
            [
              87.18081154020528,
              26.03806637836523
            ],
            [
              87.17960460780698,
              26.03840523565379
            ],
            [
              87.17898583476456,
              26.038830403608117
            ],
            [
              87.1780030652673,
              26.039484471988978
            ],
            [
              87.17724094176678,
              26.039975093925417
            ],
            [
              87.17609751576751,
              26.0405568362453
            ],
            [
              87.17503455007159,
              26.04121098135832
            ],
            [
              87.17415574978872,
              26.04169901976458
            ],
            [
              87.17367064875549,
              26.042101339384676
            ],
            [
              87.1731697212036,
              26.04275479306945
            ],
            [
              87.17248795559853,
              26.043335953398707
            ],
            [
              87.17170545471407,
              26.043663312040223
            ],
            [
              87.17108313691953,
              26.043682199795132
            ],
            [
              87.17028064223184,
              26.044082173642774
            ],
            [
              87.16895617695668,
              26.04442830564934
            ],
            [
              87.1683540793409,
              26.044610326376535
            ],
            [
              87.16718995436084,
              26.044756787942134
            ],
            [
              87.16594489836021,
              26.044576904626755
            ],
            [
              87.16566330167147,
              26.044214501998596
            ],
            [
              87.16471409682647,
              26.043148628022273
            ],
            [
              87.16397491899328,
              26.042801822339907
            ],
            [
              87.16291078818242,
              26.042676067082603
            ],
            [
              87.16196718343492,
              26.042677127621058
            ],
            [
              87.16120314921781,
              26.04271175411547
            ],
            [
              87.16044973308733,
              26.042689386766874
            ],
            [
              87.16005980855849,
              26.042552296368367
            ],
            [
              87.15983831365382,
              26.042044706017045
            ],
            [
              87.1597544298709,
              26.04151438915091
            ],
            [
              87.15861285260448,
              26.041465712041944
            ],
            [
              87.15807641824269,
              26.041493028046375
            ],
            [
              87.15726772877278,
              26.041467182605867
            ],
            [
              87.15621845070683,
              26.04137143126067
            ],
            [
              87.15528037688654,
              26.04154193194323
            ],
            [
              87.15396678841289,
              26.041427936622114
            ],
            [
              87.15307191008306,
              26.041381028675083
            ],
            [
              87.1529361800335,
              26.041386170002674
            ],
            [
              87.15274338001397,
              26.041393472785916
            ],
            [
              87.1519804309617,
              26.041422364296682
            ],
            [
              87.15078338542142,
              26.041456036344275
            ],
            [
              87.14953869683173,
              26.04143918135447
            ],
            [
              87.14947770930878,
              26.040877048340757
            ],
            [
              87.15066175532857,
              26.040531241613287
            ],
            [
              87.15182570244221,
              26.040185445972917
            ],
            [
              87.15184448621481,
              26.03916975507465
            ],
            [
              87.15188335272391,
              26.038226642892873
            ],
            [
              87.15198245217111,
              26.037174657913845
            ],
            [
              87.15200106256884,
              26.036104697908108
            ],
            [
              87.15202035299124,
              26.035560633338164
            ],
            [
              87.15224031087843,
              26.034834947120356
            ],
            [
              87.15254124739695,
              26.034743971177576
            ],
            [
              87.15268130822446,
              26.034381095834895
            ],
            [
              87.15360360134014,
              26.03349149524405
            ],
            [
              87.1543401650759,
              26.03221597389705
            ],
            [
              87.15456382402206,
              26.030897023277284
            ],
            [
              87.15484275540938,
              26.029355156614216
            ],
            [
              87.15501719386452,
              26.02897750896529
            ],
            [
              87.15502861055346,
              26.02895279165591
            ],
            [
              87.15520313614516,
              26.02857495463331
            ],
            [
              87.15560404617163,
              26.02813919769657
            ],
            [
              87.1566472785757,
              26.02768468361721
            ],
            [
              87.1583329932575,
              26.027410779973692
            ],
            [
              87.16013935617353,
              26.027227470877882
            ],
            [
              87.16132345699054,
              26.027044745111763
            ],
            [
              87.16246782622088,
              26.02718857126718
            ],
            [
              87.16379267058507,
              26.027168926111315
            ],
            [
              87.16505714906044,
              26.027076828653282
            ],
            [
              87.16549834762908,
              26.026749896744413
            ],
            [
              87.16567838708002,
              26.026350662934437
            ],
            [
              87.16585775998102,
              26.025407386334972
            ],
            [
              87.16613691235385,
              26.024065054302035
            ],
            [
              87.16623546472705,
              26.02279544040061
            ],
            [
              87.16613430634123,
              26.022215210767403
            ],
            [
              87.16631326332224,
              26.021054312627626
            ],
            [
              87.16623168371802,
              26.020111243706527
            ],
            [
              87.1660698064055,
              26.019204655744655
            ],
            [
              87.16591266231623,
              26.018536630371344
            ],
            [
              87.16574687194235,
              26.017971734090523
            ],
            [
              87.16568609911674,
              26.017536566651206
            ],
            [
              87.16548438331802,
              26.016793192745695
            ],
            [
              87.1648613971769,
              26.016304216796513
            ],
            [
              87.16389688234456,
              26.01548919988086
            ],
            [
              87.16380210738711,
              26.015389556354616
            ],
            [
              87.16377883383474,
              26.01536508725193
            ],
            [
              87.16353508855882,
              26.015108820926947
            ],
            [
              87.16317312319485,
              26.014673902824956
            ],
            [
              87.16269026525491,
              26.01382212282516
            ],
            [
              87.16267869495404,
              26.013774064731827
            ],
            [
              87.16267277685296,
              26.01374948065499
            ],
            [
              87.16265977823079,
              26.01369548802362
            ],
            [
              87.16252874816684,
              26.01315120732881
            ],
            [
              87.16248762598806,
              26.012462188003
            ],
            [
              87.16351055556841,
              26.011971347677903
            ],
            [
              87.1648347252978,
              26.01158896566589
            ],
            [
              87.16617825821312,
              26.010771312388506
            ],
            [
              87.16638704644811,
              26.01056722494542
            ],
            [
              87.16647878060827,
              26.010477554206616
            ],
            [
              87.16693987955541,
              26.010026829160072
            ],
            [
              87.1681829403978,
              26.009482244047213
            ],
            [
              87.16992094960555,
              26.009359846308733
            ],
            [
              87.17276780596234,
              26.009119800017046
            ],
            [
              87.17346150658432,
              26.00911246777548
            ],
            [
              87.17410346155097,
              26.008912226842394
            ],
            [
              87.17490575681268,
              26.00854853128796
            ],
            [
              87.17572803330125,
              26.008184806350062
            ],
            [
              87.17661018340183,
              26.007567084712697
            ],
            [
              87.17717147055428,
              26.007094860832254
            ],
            [
              87.17745192458598,
              26.006731789385558
            ],
            [
              87.17773226542997,
              26.006296205671017
            ],
            [
              87.17757072768065,
              26.005661608318743
            ],
            [
              87.17708818325274,
              26.005063703925483
            ],
            [
              87.17664598485918,
              26.004647155811494
            ],
            [
              87.17572188073989,
              26.004049784771397
            ],
            [
              87.17503911441153,
              26.003796694182547
            ],
            [
              87.17465715524433,
              26.003361918262943
            ],
            [
              87.17387367070464,
              26.002836964392525
            ],
            [
              87.17276905731552,
              26.002257941657955
            ],
            [
              87.17202563134934,
              26.001714690657945
            ],
            [
              87.1715032726897,
              26.00126192238182
            ],
            [
              87.1711211563173,
              26.000772687173043
            ],
            [
              87.17077397183306,
              26.000459762208063
            ],
            [
              87.17055913524128,
              26.000046867400396
            ],
            [
              87.17043641459367,
              25.999385847880497
            ],
            [
              87.17039227407555,
              25.999148087155547
            ],
            [
              87.17036714101053,
              25.999021539878264
            ],
            [
              87.17015584378098,
              25.997957691358376
            ],
            [
              87.16968348175683,
              25.996678537220664
            ],
            [
              87.16960457823384,
              25.996074441772954
            ],
            [
              87.16976098211131,
              25.99387115761399
            ],
            [
              87.16989360398998,
              25.993346003881598
            ],
            [
              87.16991805613203,
              25.993249178935812
            ],
            [
              87.16938631097598,
              25.99088624037676
            ],
            [
              87.16875609160022,
              25.988256671175314
            ],
            [
              87.16834236081803,
              25.985875890711355
            ],
            [
              87.16834165923379,
              25.984401043836993
            ],
            [
              87.16855727915647,
              25.982730813106713
            ],
            [
              87.17146683342855,
              25.982694344731698
            ],
            [
              87.1712697089192,
              25.981379560240093
            ],
            [
              87.17115062105862,
              25.97848337334753
            ],
            [
              87.17116482971149,
              25.9778569766852
            ],
            [
              87.17116558160139,
              25.97782381776492
            ],
            [
              87.1711699680749,
              25.977630481393465
            ],
            [
              87.17405967856233,
              25.977434064687635
            ],
            [
              87.17500313508779,
              25.977078414301346
            ],
            [
              87.17669370875694,
              25.97702443873372
            ],
            [
              87.17706812926232,
              25.976671909945818
            ],
            [
              87.17708744843084,
              25.976653719639703
            ],
            [
              87.17765650780711,
              25.976117926040757
            ],
            [
              87.17852132940585,
              25.975833323814882
            ],
            [
              87.17905180075083,
              25.97510459135408
            ],
            [
              87.18048673365304,
              25.974944154253038
            ],
            [
              87.1804665889328,
              25.97398466530313
            ],
            [
              87.18054724686554,
              25.973975954754092
            ],
            [
              87.18056162979153,
              25.97397440177927
            ],
            [
              87.18211776339191,
              25.97380633473246
            ],
            [
              87.18355271426049,
              25.97373472090579
            ],
            [
              87.18337443460918,
              25.970927290804386
            ],
            [
              87.18349152102333,
              25.969257067362303
            ],
            [
              87.1837262175694,
              25.966840466701125
            ],
            [
              87.18375228667894,
              25.96486814134102
            ],
            [
              87.18375261636065,
              25.964843281318014
            ],
            [
              87.183764028558,
              25.96397975468764
            ],
            [
              87.18451085913915,
              25.963748452196043
            ],
            [
              87.18527108270285,
              25.963404457649958
            ],
            [
              87.18529694609819,
              25.963392754775008
            ],
            [
              87.1858863487224,
              25.96291278325227
            ],
            [
              87.18596461713648,
              25.962184242927467
            ],
            [
              87.18656378983772,
              25.961059528778648
            ],
            [
              87.18668265132287,
              25.960836414353214
            ],
            [
              87.18702500107426,
              25.96019377508445
            ],
            [
              87.18814478072031,
              25.95914494779841
            ],
            [
              87.18853760141768,
              25.958682739310877
            ],
            [
              87.1904428823212,
              25.95640760502223
            ],
            [
              87.19063906809104,
              25.955732272352932
            ],
            [
              87.19107109216567,
              25.9551279649158
            ],
            [
              87.19160752023929,
              25.954759675070108
            ],
            [
              87.19162740983799,
              25.954746019097502
            ],
            [
              87.19164089714369,
              25.954736758688107
            ],
            [
              87.19236785878732,
              25.95443437785374
            ],
            [
              87.193468430656,
              25.954344960721357
            ],
            [
              87.19445121542459,
              25.954486678089083
            ],
            [
              87.1943720468986,
              25.953598334222455
            ],
            [
              87.19423409980695,
              25.952923173635014
            ],
            [
              87.19175772124974,
              25.95292430606366
            ],
            [
              87.1917559264158,
              25.952924432876294
            ],
            [
              87.19073574029032,
              25.952995909133232
            ],
            [
              87.1905517796932,
              25.95248073890682
            ],
            [
              87.19149633755319,
              25.952182176873194
            ],
            [
              87.19107721867591,
              25.95177144121494
            ],
            [
              87.19044021522313,
              25.951770038992848
            ],
            [
              87.19043500858773,
              25.951762279922566
            ],
            [
              87.19010581286702,
              25.951272661037077
            ],
            [
              87.19085233263108,
              25.950721487202117
            ],
            [
              87.1908381742839,
              25.949931390782563
            ],
            [
              87.18946223194969,
              25.949932023246298
            ],
            [
              87.18808946426175,
              25.94991909368356
            ],
            [
              87.18752514888847,
              25.949481514343287
            ],
            [
              87.18778381967286,
              25.947834126371003
            ],
            [
              87.18790827856054,
              25.94721126365805
            ],
            [
              87.1889111855915,
              25.946421016863386
            ],
            [
              87.18893596741525,
              25.946084756161284
            ],
            [
              87.1889607501373,
              25.945748495306738
            ],
            [
              87.18839659107088,
              25.94558633073867
            ],
            [
              87.18601554622319,
              25.945587332378476
            ],
            [
              87.18478264891993,
              25.9458902367546
            ],
            [
              87.18398896760347,
              25.94591309993014
            ],
            [
              87.18345005478982,
              25.946378192210055
            ],
            [
              87.18271618599992,
              25.94633960509675
            ],
            [
              87.18270174827666,
              25.946338845794024
            ],
            [
              87.18217212943291,
              25.946310996342717
            ],
            [
              87.18142815190113,
              25.946054035832372
            ],
            [
              87.18095208342811,
              25.945672184972445
            ],
            [
              87.18093885663389,
              25.9456615756753
            ],
            [
              87.1807922632576,
              25.945628242087864
            ],
            [
              87.1802848408862,
              25.945512858011345
            ],
            [
              87.17987532140607,
              25.945165534634583
            ],
            [
              87.17987471414494,
              25.94391083065029
            ],
            [
              87.17959493115474,
              25.94342807763257
            ],
            [
              87.17877144733043,
              25.943613397174904
            ],
            [
              87.1765950530775,
              25.943727043947582
            ],
            [
              87.17380452019071,
              25.943565533327437
            ],
            [
              87.17257146388565,
              25.94321845219897
            ],
            [
              87.17189246598991,
              25.94297491125151
            ],
            [
              87.17168806422848,
              25.94348498230475
            ],
            [
              87.17066471962649,
              25.94346271319023
            ],
            [
              87.17058471926057,
              25.943115245634665
            ],
            [
              87.16856296998381,
              25.942836060616724
            ],
            [
              87.16515354637528,
              25.942814432767186
            ],
            [
              87.16487152119012,
              25.942755833828098
            ],
            [
              87.1647288965708,
              25.942726199921047
            ],
            [
              87.16458949600501,
              25.942697234859846
            ],
            [
              87.1637708621849,
              25.942792254806516
            ],
            [
              87.16388603698412,
              25.944033374884793
            ],
            [
              87.16432079103889,
              25.945328582681125
            ],
            [
              87.16388670083911,
              25.94588378265642
            ],
            [
              87.1608117173159,
              25.946186932639804
            ],
            [
              87.16035254615339,
              25.946232229945558
            ],
            [
              87.15911966232483,
              25.946674790741568
            ],
            [
              87.15861047656055,
              25.94681486061516
            ],
            [
              87.1581763531231,
              25.94737004308191
            ],
            [
              87.15781707462016,
              25.94788008298166
            ],
            [
              87.1572680539629,
              25.948263819253274
            ],
            [
              87.15647435018856,
              25.948286621386245
            ],
            [
              87.15616494525187,
              25.948679304619183
            ],
            [
              87.15573077420369,
              25.949211994598652
            ],
            [
              87.15526664344249,
              25.94944672869938
            ],
            [
              87.15380893914612,
              25.949397355926642
            ],
            [
              87.15237130590812,
              25.949654962607465
            ],
            [
              87.1502447403057,
              25.95002542429114
            ],
            [
              87.14827292298571,
              25.950115949696904
            ],
            [
              87.14796758382401,
              25.950111566075684
            ],
            [
              87.14420933271253,
              25.95005792627358
            ],
            [
              87.14370016491458,
              25.94982780884615
            ],
            [
              87.14390452984509,
              25.948275274843805
            ],
            [
              87.14341528488346,
              25.947995472008387
            ],
            [
              87.14327630023766,
              25.9480357411374
            ],
            [
              87.14277638688372,
              25.948180584039367
            ],
            [
              87.14229219943715,
              25.948365721627496
            ],
            [
              87.14234224368332,
              25.949782826328793
            ],
            [
              87.14249718061194,
              25.95038307322749
            ],
            [
              87.14236740100284,
              25.951100716737773
            ],
            [
              87.14211294421548,
              25.951633278640426
            ],
            [
              87.1403159237784,
              25.95251355118609
            ],
            [
              87.1403407972303,
              25.951841070083145
            ],
            [
              87.14049538740925,
              25.951146068694655
            ],
            [
              87.14037052427967,
              25.95054579176094
            ],
            [
              87.13978150343947,
              25.950523245311377
            ],
            [
              87.13953698291743,
              25.951529773320562
            ],
            [
              87.1398965398981,
              25.952784403387778
            ],
            [
              87.13953718414005,
              25.953479419335657
            ],
            [
              87.13946595761949,
              25.953530311332415
            ],
            [
              87.13720604968955,
              25.955145046335772
            ],
            [
              87.13528404934196,
              25.955122652616307
            ],
            [
              87.13471986242777,
              25.95526260097567
            ],
            [
              87.13274790766552,
              25.95442771179529
            ],
            [
              87.13169953959297,
              25.953989995747104
            ],
            [
              87.13061118391386,
              25.953331167100938
            ],
            [
              87.12999707941596,
              25.953308602607255
            ],
            [
              87.1291483852715,
              25.952401495231612
            ],
            [
              87.12825477985444,
              25.950041058975177
            ],
            [
              87.1277156002411,
              25.949553649388783
            ],
            [
              87.12710156491349,
              25.9495762218719
            ],
            [
              87.12661239900363,
              25.949991485323455
            ],
            [
              87.12702173073588,
              25.950758669029742
            ],
            [
              87.1278953899604,
              25.95177864133439
            ],
            [
              87.12797025375954,
              25.952288674252006
            ],
            [
              87.12853436431693,
              25.952636186625437
            ],
            [
              87.12909849912883,
              25.95291145760191
            ],
            [
              87.12914842479738,
              25.953353788938507
            ],
            [
              87.12702181427922,
              25.953629096199755
            ],
            [
              87.12722649990829,
              25.95411653010666
            ],
            [
              87.12666233455366,
              25.953908885646303
            ],
            [
              87.12633284059224,
              25.954301613935918
            ],
            [
              87.12550917171501,
              25.954464054853805
            ],
            [
              87.12563893515443,
              25.95513648866423
            ],
            [
              87.12369199667621,
              25.95504624093247
            ],
            [
              87.12307790026316,
              25.955231245759943
            ],
            [
              87.12262861056873,
              25.955705155288584
            ],
            [
              87.12239891404553,
              25.957189955801546
            ],
            [
              87.12201448990118,
              25.957420181606754
            ],
            [
              87.12226915060612,
              25.957952731072705
            ],
            [
              87.12208936088683,
              25.95834532229375
            ],
            [
              87.12180979708559,
              25.958462675046626
            ],
            [
              87.12124564790062,
              25.958670295319845
            ],
            [
              87.12124566856188,
              25.95830024933946
            ],
            [
              87.12065660011095,
              25.958070027678833
            ],
            [
              87.1203221285846,
              25.957627749603695
            ],
            [
              87.1200175853302,
              25.957144812943042
            ],
            [
              87.11957830286808,
              25.956864978687946
            ],
            [
              87.11901416625956,
              25.956982290108996
            ],
            [
              87.11814540285333,
              25.957027337721772
            ],
            [
              87.11650781990444,
              25.958394800351225
            ],
            [
              87.11511990212925,
              25.959229640392188
            ],
            [
              87.11486536359516,
              25.958484966362263
            ],
            [
              87.11492281355252,
              25.95785804886001
            ],
            [
              87.11493030190874,
              25.95777633807994
            ],
            [
              87.11482501756082,
              25.95779125935169
            ],
            [
              87.11426135256781,
              25.957871139088756
            ],
            [
              87.11426117470138,
              25.95903102998893
            ],
            [
              87.11372697534802,
              25.95944619466497
            ],
            [
              87.11393614536695,
              25.959663573985623
            ],
            [
              87.11397468129601,
              25.95970362266579
            ],
            [
              87.11426111271761,
              25.960001293332095
            ],
            [
              87.11436594700959,
              25.960673756890074
            ],
            [
              87.11441572176116,
              25.961738885348836
            ],
            [
              87.11398130637123,
              25.962366173084273
            ],
            [
              87.11421079897688,
              25.964171520010975
            ],
            [
              87.11202559404764,
              25.964929282227757
            ],
            [
              87.11202141508494,
              25.96493073113628
            ],
            [
              87.11084063893277,
              25.965340169839376
            ],
            [
              87.10814948486923,
              25.96573699184752
            ],
            [
              87.10715093376909,
              25.96582712961898
            ],
            [
              87.10694633168335,
              25.96536224259751
            ],
            [
              87.10651190910691,
              25.965709761596557
            ],
            [
              87.10512905693157,
              25.96522658996714
            ],
            [
              87.1036562070395,
              25.96530765673182
            ],
            [
              87.09834896483251,
              25.964914134106195
            ],
            [
              87.09689115812816,
              25.964701741988133
            ],
            [
              87.09331628999715,
              25.965314781720437
            ],
            [
              87.09285685562823,
              25.96566218617533
            ],
            [
              87.09105951539091,
              25.965454194610384
            ],
            [
              87.0878592519199,
              25.965336075112116
            ],
            [
              87.08651630829938,
              25.96495211989914
            ],
            [
              87.0858723491913,
              25.964744274069876
            ],
            [
              87.0847991049719,
              25.964188845642873
            ],
            [
              87.08344129692837,
              25.963655966608695
            ],
            [
              87.0828772968638,
              25.963353429391386
            ],
            [
              87.08261831795728,
              25.96140817425659
            ],
            [
              87.07856929566307,
              25.961569355101762
            ],
            [
              87.07833436286006,
              25.9615823948425
            ],
            [
              87.0782997750267,
              25.961542229690355
            ],
            [
              87.07838450412429,
              25.96172729699641
            ],
            [
              87.07847930692948,
              25.962038687938374
            ],
            [
              87.07854905841636,
              25.96238169628755
            ],
            [
              87.07853894877613,
              25.962652508012106
            ],
            [
              87.07847364574656,
              25.963595716706436
            ],
            [
              87.07840364991793,
              25.96393871001735
            ],
            [
              87.07836842517901,
              25.964597640812844
            ],
            [
              87.07832336478603,
              25.964886443309062
            ],
            [
              87.07832310517294,
              25.965549958598363
            ],
            [
              87.07826313993276,
              25.965807161645653
            ],
            [
              87.07813303243857,
              25.966493144065673
            ],
            [
              87.07813293542053,
              25.966799980292475
            ],
            [
              87.07830252297315,
              25.96705281619218
            ],
            [
              87.07852713593016,
              25.967278530689992
            ],
            [
              87.07886155804917,
              25.967540397213984
            ],
            [
              87.07936569707819,
              25.96779332116844
            ],
            [
              87.0797151408254,
              25.967955846838795
            ],
            [
              87.08028423972759,
              25.968244940717966
            ],
            [
              87.08077344516332,
              25.96841659830208
            ],
            [
              87.08129464140293,
              25.968790156282378
            ],
            [
              87.08154667184074,
              25.968781329052128
            ],
            [
              87.08260026631164,
              25.968709377005577
            ],
            [
              87.08418786340482,
              25.968908457256298
            ],
            [
              87.08671436256502,
              25.96876016873283
            ],
            [
              87.08889133712958,
              25.968169555962337
            ],
            [
              87.09053908721084,
              25.967984926828084
            ],
            [
              87.09145776011594,
              25.96803024239684
            ],
            [
              87.09402869084838,
              25.96922224718258
            ],
            [
              87.09688938305716,
              25.970297004045197
            ],
            [
              87.09782291499539,
              25.97078008781909
            ],
            [
              87.09852676568175,
              25.971619721090605
            ],
            [
              87.09878121168934,
              25.97234635683483
            ],
            [
              87.09849628584413,
              25.97383562324624
            ],
            [
              87.09853616565287,
              25.97425091415656
            ],
            [
              87.09974408979126,
              25.975961567720788
            ],
            [
              87.10060781005545,
              25.97660257518662
            ],
            [
              87.10106719681366,
              25.97659811987155
            ],
            [
              87.10108727236361,
              25.976703605083753
            ],
            [
              87.10166073528144,
              25.979716872612904
            ],
            [
              87.10207989727785,
              25.98111148635812
            ],
            [
              87.10280879209603,
              25.98156748486095
            ],
            [
              87.1028087867061,
              25.981595917885784
            ],
            [
              87.10280841031202,
              25.983693199914118
            ],
            [
              87.10271477890996,
              25.986190982265708
            ],
            [
              87.10270301636963,
              25.986504813286082
            ],
            [
              87.10094521727616,
              25.987019103746757
            ],
            [
              87.09955691322537,
              25.98747010521762
            ],
            [
              87.09870296842809,
              25.987582810095738
            ],
            [
              87.09785882964044,
              25.98818742561109
            ],
            [
              87.09746437311097,
              25.988273105030004
            ],
            [
              87.09701005913918,
              25.988846738140683
            ],
            [
              87.09699980576853,
              25.98885968361236
            ],
            [
              87.09373858262231,
              25.99025364789069
            ],
            [
              87.09107162108766,
              25.99116469771973
            ],
            [
              87.08958332376596,
              25.99158404787973
            ],
            [
              87.08830982081525,
              25.992017007817942
            ],
            [
              87.08686637817233,
              25.992671028632596
            ],
            [
              87.08684101873183,
              25.992651371241372
            ],
            [
              87.0868545338853,
              25.992678889165838
            ],
            [
              87.08712803226177,
              25.99339379983967
            ],
            [
              87.08726914860975,
              25.99398137912221
            ],
            [
              87.08758867127146,
              25.995040206684397
            ],
            [
              87.08782161340781,
              25.995621498347045
            ],
            [
              87.08817459741555,
              25.99625391579261
            ],
            [
              87.08832284459024,
              25.996745681712056
            ],
            [
              87.08856291934993,
              25.99696929482
            ],
            [
              87.08903625874113,
              25.996995011184246
            ],
            [
              87.08910691213654,
              25.997141882601987
            ],
            [
              87.08916292389114,
              25.9973489929347
            ],
            [
              87.08917763290556,
              25.997375350306093
            ],
            [
              87.08927267825591,
              25.99764004196703
            ],
            [
              87.0893073020219,
              25.997736465238464
            ],
            [
              87.08953189162273,
              25.998354872395968
            ],
            [
              87.0896316073142,
              25.998873845639203
            ],
            [
              87.08976129080355,
              25.999248505039603
            ],
            [
              87.08995092695667,
              25.99975405934971
            ],
            [
              87.09003730176785,
              25.999940922732787
            ],
            [
              87.090088459925,
              26.000049821677365
            ],
            [
              87.09026443629587,
              26.000477967400272
            ],
            [
              87.09068462057508,
              26.001532391042048
            ],
            [
              87.09141826478616,
              26.003215996832168
            ],
            [
              87.09161781744169,
              26.00386141409859
            ],
            [
              87.09178748584263,
              26.004371493243607
            ],
            [
              87.0920869509207,
              26.00499436330848
            ],
            [
              87.09236166202281,
              26.00513884461259
            ],
            [
              87.09271618574294,
              26.005499993001994
            ],
            [
              87.092855871973,
              26.005865521824266
            ],
            [
              87.09291662862893,
              26.006271667662595
            ],
            [
              87.09291724307657,
              26.00627577307448
            ],
            [
              87.09292149659943,
              26.00630421465366
            ],
            [
              87.09294567834857,
              26.006465857928536
            ],
            [
              87.09298043057365,
              26.00694423798063
            ],
            [
              87.09306030068387,
              26.007359467618564
            ],
            [
              87.09279528240371,
              26.00836583537825
            ],
            [
              87.09261539207311,
              26.00872687211915
            ],
            [
              87.09256533525053,
              26.00924584878312
            ],
            [
              87.09267008510086,
              26.009530223163747
            ],
            [
              87.09334922582873,
              26.010180205091334
            ],
            [
              87.09423307284686,
              26.010753568160602
            ],
            [
              87.0952418198255,
              26.01142174761951
            ],
            [
              87.09601095018523,
              26.01173330968535
            ],
            [
              87.09632059856536,
              26.011805613221583
            ],
            [
              87.09679497461241,
              26.012044858814715
            ],
            [
              87.09702478522162,
              26.012126153249607
            ],
            [
              87.09718450657745,
              26.0122841588178
            ],
            [
              87.09717655379225,
              26.012536685370513
            ],
            [
              87.09717547311898,
              26.012571001064774
            ],
            [
              87.09714925399075,
              26.013403430083297
            ],
            [
              87.09703428310914,
              26.014075869134928
            ],
            [
              87.09700408534255,
              26.01490627327508
            ],
            [
              87.0967592522068,
              26.015280813717965
            ],
            [
              87.09629963727652,
              26.015632743114313
            ],
            [
              87.09569024264563,
              26.015894380818327
            ],
            [
              87.09507076622236,
              26.016174081844444
            ],
            [
              87.0947110295786,
              26.016589237670754
            ],
            [
              87.09464103913989,
              26.01691869320072
            ],
            [
              87.09473571258769,
              26.017708470313686
            ],
            [
              87.09478050258777,
              26.01860212360299
            ],
            [
              87.09470027764299,
              26.019504708141568
            ],
            [
              87.09462516141726,
              26.020298771362413
            ],
            [
              87.09461019728124,
              26.020456962094794
            ],
            [
              87.09457496805074,
              26.021517537618724
            ],
            [
              87.09451468929853,
              26.02249686237488
            ],
            [
              87.09450448174198,
              26.02335434231192
            ],
            [
              87.09446926059631,
              26.024550363762536
            ],
            [
              87.0945488809749,
              26.02562901479156
            ],
            [
              87.0946304075785,
              26.025874715014446
            ],
            [
              87.09463874843593,
              26.025899850306246
            ],
            [
              87.0947185700371,
              26.02610748465905
            ],
            [
              87.0948784468015,
              26.026188737873053
            ],
            [
              87.09509824209366,
              26.02621134892007
            ],
            [
              87.09536296123481,
              26.026292623049855
            ],
            [
              87.09561767134711,
              26.026355843667353
            ],
            [
              87.09579742243884,
              26.026540926775468
            ],
            [
              87.09583242259893,
              26.026689896327483
            ],
            [
              87.09611208611318,
              26.02695617992943
            ],
            [
              87.09666145891003,
              26.02729027769872
            ],
            [
              87.09673135412734,
              26.02745276790254
            ],
            [
              87.09686617687845,
              26.027691967880553
            ],
            [
              87.09694597242849,
              26.028224583207376
            ],
            [
              87.09698086928233,
              26.028608146047116
            ],
            [
              87.09697065004768,
              26.02955140821541
            ],
            [
              87.09675558528382,
              26.030431417775212
            ],
            [
              87.09661556218553,
              26.031045177689865
            ],
            [
              87.09656061942613,
              26.031325047632087
            ],
            [
              87.09671029761707,
              26.032002002688472
            ],
            [
              87.09714488189029,
              26.032250303209818
            ],
            [
              87.09806897702643,
              26.032322728905644
            ],
            [
              87.09895318606564,
              26.032268671365582
            ],
            [
              87.1001471036721,
              26.032291505636458
            ],
            [
              87.10104631996646,
              26.03237287080131
            ],
            [
              87.10151582804295,
              26.032539954065513
            ],
            [
              87.10194047605081,
              26.032842425367548
            ],
            [
              87.10202030034695,
              26.033162836911202
            ],
            [
              87.10227494757716,
              26.033808256615767
            ],
            [
              87.10245971486142,
              26.03417836270395
            ],
            [
              87.10277937137215,
              26.034503357706633
            ],
            [
              87.10319400675782,
              26.034512447977548
            ],
            [
              87.10388342511084,
              26.034386183389365
            ],
            [
              87.10443296229936,
              26.034273433832144
            ],
            [
              87.10528224663697,
              26.0340975403998
            ],
            [
              87.10637630931308,
              26.033939725631967
            ],
            [
              87.10706573305599,
              26.03373220926523
            ],
            [
              87.10754531573838,
              26.033691649850933
            ],
            [
              87.1081098503006,
              26.033461546807874
            ],
            [
              87.10832966355903,
              26.033398388942853
            ],
            [
              87.10871936440739,
              26.03307800064348
            ],
            [
              87.10921396063314,
              26.03280726564523
            ],
            [
              87.10992833687969,
              26.03271256705093
            ],
            [
              87.11028302768648,
              26.032653933810646
            ],
            [
              87.11052283834145,
              26.032455378872704
            ],
            [
              87.11068773219671,
              26.03212142334646
            ],
            [
              87.11073273509749,
              26.031760377037003
            ],
            [
              87.11109746996746,
              26.031232374684414
            ],
            [
              87.11196176156018,
              26.030555483797993
            ],
            [
              87.11282602889843,
              26.03005460096435
            ],
            [
              87.11322567589359,
              26.029932780027274
            ],
            [
              87.11350041574178,
              26.030014038664113
            ],
            [
              87.11387006529466,
              26.03014946233572
            ],
            [
              87.1144694904225,
              26.03046091415086
            ],
            [
              87.11493905419455,
              26.030564750342318
            ],
            [
              87.11554850541928,
              26.030492581054983
            ],
            [
              87.11597312827429,
              26.03036624110697
            ],
            [
              87.1165276529093,
              26.029942039356037
            ],
            [
              87.11717211058233,
              26.02923802639366
            ],
            [
              87.11775661289667,
              26.028592675987095
            ],
            [
              87.11802136617382,
              26.028606228938298
            ],
            [
              87.11844596657097,
              26.028696512217707
            ],
            [
              87.1191702916593,
              26.028800345127586
            ],
            [
              87.12030924943835,
              26.028552164842473
            ],
            [
              87.1206729476525,
              26.02849627482524
            ],
            [
              87.1207013182458,
              26.028491915113825
            ],
            [
              87.12151313834447,
              26.02836715997705
            ],
            [
              87.12231739283183,
              26.028322046067917
            ],
            [
              87.12256216218717,
              26.028489036622513
            ],
            [
              87.1227569762296,
              26.02875080307097
            ],
            [
              87.12295178128883,
              26.029590251346125
            ],
            [
              87.12306666233893,
              26.03033040663728
            ],
            [
              87.12326147099145,
              26.031242064947723
            ],
            [
              87.12325147274237,
              26.031711431123764
            ],
            [
              87.12296173192723,
              26.031824255789928
            ],
            [
              87.12209750860647,
              26.03183326716469
            ],
            [
              87.12120331479287,
              26.031761035697517
            ],
            [
              87.120409022622,
              26.031937024652095
            ],
            [
              87.11989944968386,
              26.0326365440125
            ],
            [
              87.1198094870014,
              26.033588814088684
            ],
            [
              87.12007422860046,
              26.034171018305972
            ],
            [
              87.12057878265117,
              26.034234219341904
            ],
            [
              87.12148798641482,
              26.034171060278567
            ],
            [
              87.12240717585121,
              26.034243290261728
            ],
            [
              87.1226469622517,
              26.034378688871886
            ],
            [
              87.12280681565986,
              26.03473071597093
            ],
            [
              87.12289672983327,
              26.035136899958644
            ],
            [
              87.12289671456192,
              26.035967317308195
            ],
            [
              87.12339435427987,
              26.036815594176332
            ],
            [
              87.12342624357413,
              26.03686995230094
            ],
            [
              87.12428550460127,
              26.03716782624042
            ],
            [
              87.12434916191725,
              26.037170899040646
            ],
            [
              87.1255943885978,
              26.037231011132935
            ],
            [
              87.12625382567819,
              26.037271625823397
            ],
            [
              87.12641369166278,
              26.037357374358667
            ],
            [
              87.12650361571765,
              26.037479227942303
            ],
            [
              87.12657356483392,
              26.038093013936628
            ],
            [
              87.12658534174726,
              26.038337661377206
            ],
            [
              87.12658653291335,
              26.038362396887504
            ],
            [
              87.12658855591938,
              26.038404419638994
            ],
            [
              87.12664352203497,
              26.0393205859738
            ],
            [
              87.12661355872865,
              26.04021870109269
            ],
            [
              87.12652364006365,
              26.040751250663163
            ],
            [
              87.12621389736044,
              26.04105363460537
            ],
            [
              87.1254695101969,
              26.041193546823205
            ],
            [
              87.12468015606514,
              26.041274782323665
            ],
            [
              87.1238258546367,
              26.041396631836815
            ],
            [
              87.12290160499032,
              26.041685462676355
            ],
            [
              87.12289497542353,
              26.041692199654296
            ],
            [
              87.1224619542189,
              26.042132255761604
            ],
            [
              87.12231204785587,
              26.04330115436864
            ],
            [
              87.12222710675586,
              26.043666717195478
            ],
            [
              87.12190735592206,
              26.043914931681787
            ],
            [
              87.12142773640873,
              26.043996158032936
            ],
            [
              87.1206883223186,
              26.04405932068298
            ],
            [
              87.11914953967792,
              26.044163068968427
            ],
            [
              87.11845009163477,
              26.044235247600085
            ],
            [
              87.11775064089666,
              26.04433901590725
            ],
            [
              87.11634674299087,
              26.044474332644224
            ],
            [
              87.11579218332157,
              26.04447429793917
            ],
            [
              87.11488789783408,
              26.044487775609667
            ],
            [
              87.11341405260865,
              26.04460049436216
            ],
            [
              87.1129444232596,
              26.044609481349536
            ],
            [
              87.11276698173647,
              26.044609466014766
            ],
            [
              87.11207011455312,
              26.04460940467564
            ],
            [
              87.11142561106601,
              26.044726686613874
            ],
            [
              87.11043631800318,
              26.04532683684423
            ],
            [
              87.10969687337034,
              26.045516312049518
            ],
            [
              87.10898740012861,
              26.045723839040498
            ],
            [
              87.10830791804095,
              26.045814025206738
            ],
            [
              87.10761836583897,
              26.046427728833613
            ],
            [
              87.10723855095033,
              26.047145270129263
            ],
            [
              87.1066988530091,
              26.047871816368282
            ],
            [
              87.10600920468737,
              26.04895036592083
            ],
            [
              87.10595409484132,
              26.04988457635958
            ],
            [
              87.10582904396388,
              26.050769133610153
            ],
            [
              87.10567901542997,
              26.051613068827294
            ],
            [
              87.1055889449497,
              26.052434445245293
            ],
            [
              87.10559875634924,
              26.05353564978805
            ],
            [
              87.10557363855555,
              26.05435252324366
            ],
            [
              87.10550350708132,
              26.055444691326752
            ],
            [
              87.10557330078902,
              26.056396969044712
            ],
            [
              87.10557316424509,
              26.057218357933202
            ],
            [
              87.10559809968076,
              26.057507200630866
            ],
            [
              87.10543312677376,
              26.058017162784836
            ],
            [
              87.10508831294352,
              26.0582969288062
            ],
            [
              87.1043637758528,
              26.05844124602237
            ],
            [
              87.10406350588424,
              26.05848363683055
            ],
            [
              87.10405633373503,
              26.058484649613106
            ],
            [
              87.10289472583439,
              26.05864863230745
            ],
            [
              87.10208025121408,
              26.05876133260005
            ],
            [
              87.10168550093549,
              26.05883347964642
            ],
            [
              87.10121580331446,
              26.058896585881413
            ],
            [
              87.10025143400921,
              26.058968634391157
            ],
            [
              87.0998716873925,
              26.058968569024564
            ],
            [
              87.09894232633216,
              26.058887166633014
            ],
            [
              87.09794300807076,
              26.058832825979948
            ],
            [
              87.09696368181599,
              26.0587604279574
            ],
            [
              87.09696158335151,
              26.05876038760757
            ],
            [
              87.09573451162287,
              26.058737618209193
            ],
            [
              87.09506494693593,
              26.058791637722038
            ],
            [
              87.09468518774284,
              26.058841203401432
            ],
            [
              87.09429543299558,
              26.058904303983322
            ],
            [
              87.09402058714619,
              26.059017072624513
            ],
            [
              87.09399941205831,
              26.059039131006696
            ],
            [
              87.0938906377555,
              26.059152439396737
            ],
            [
              87.09394056611899,
              26.05929687015208
            ],
            [
              87.09406544182497,
              26.059454857378036
            ],
            [
              87.09421531315371,
              26.059567715872312
            ],
            [
              87.09472984209728,
              26.060068781709276
            ],
            [
              87.09558406088075,
              26.060939992092862
            ],
            [
              87.09619349503748,
              26.061626108843093
            ],
            [
              87.09708755230716,
              26.063160746800598
            ],
            [
              87.09769692987004,
              26.064180828675653
            ],
            [
              87.0983763248211,
              26.0649797781117
            ],
            [
              87.09902083279981,
              26.06540412987602
            ],
            [
              87.0996604171124,
              26.06550804486495
            ],
            [
              87.10048990886936,
              26.06550818930892
            ],
            [
              87.100677643289,
              26.06552096493527
            ],
            [
              87.10170737311604,
              26.065591041222262
            ],
            [
              87.10201895107738,
              26.06561224300076
            ],
            [
              87.10234368666272,
              26.065642049270124
            ],
            [
              87.10305330004162,
              26.065707179698702
            ],
            [
              87.10406265338307,
              26.065874316323384
            ],
            [
              87.1047871734058,
              26.066091047599482
            ],
            [
              87.1051082187119,
              26.066211646371215
            ],
            [
              87.10512613920355,
              26.0662183770977
            ],
            [
              87.10567657830062,
              26.066425141987327
            ],
            [
              87.10673585641227,
              26.066944288644567
            ],
            [
              87.10773518275852,
              26.06744085492395
            ],
            [
              87.10851464643896,
              26.06794190322428
            ],
            [
              87.11005360155617,
              26.06898911507323
            ],
            [
              87.11090804941003,
              26.069426973915537
            ],
            [
              87.11182745803534,
              26.069946069341842
            ],
            [
              87.11281684003137,
              26.070424547174937
            ],
            [
              87.11328652866926,
              26.0708488203077
            ],
            [
              87.1134463991454,
              26.071232447035577
            ],
            [
              87.1137011847162,
              26.071972618602082
            ],
            [
              87.11415088224575,
              26.07253227939541
            ],
            [
              87.11488543914516,
              26.072947539905844
            ],
            [
              87.11534518882273,
              26.072925005651935
            ],
            [
              87.11591988333079,
              26.07278062397604
            ],
            [
              87.11618473901589,
              26.072771614135274
            ],
            [
              87.1163796240252,
              26.072866401401768
            ],
            [
              87.11663447157972,
              26.073028888147107
            ],
            [
              87.11679435732725,
              26.073417026346014
            ],
            [
              87.11678431955228,
              26.074008243398964
            ],
            [
              87.11673430944211,
              26.07455884038084
            ],
            [
              87.11675927092888,
              26.074901838794172
            ],
            [
              87.11672426358226,
              26.075276424844276
            ],
            [
              87.11675922421651,
              26.07556526739229
            ],
            [
              87.11681917777855,
              26.075781899239097
            ],
            [
              87.11713898700285,
              26.0761158877135
            ],
            [
              87.11730389702778,
              26.076165539659584
            ],
            [
              87.11753377590898,
              26.07618811766802
            ],
            [
              87.11771368061262,
              26.076206180394387
            ],
            [
              87.11827839304125,
              26.07608435416603
            ],
            [
              87.11863820604178,
              26.076061805185137
            ],
            [
              87.1191429397555,
              26.0760934186195
            ],
            [
              87.11939280255855,
              26.076237847850425
            ],
            [
              87.11947274902556,
              26.076477045916114
            ],
            [
              87.11954268556539,
              26.077036674690028
            ],
            [
              87.11954198757441,
              26.07704562530107
            ],
            [
              87.11953945163037,
              26.077078125219828
            ],
            [
              87.1195176845527,
              26.077357105009906
            ],
            [
              87.11938273064759,
              26.077826463228153
            ],
            [
              87.11920776577969,
              26.078914115934552
            ],
            [
              87.1191627808452,
              26.079058533617108
            ],
            [
              87.11912776092215,
              26.079798683143192
            ],
            [
              87.11919771183504,
              26.08008752502293
            ],
            [
              87.11918544174655,
              26.080680749709426
            ],
            [
              87.11918268302033,
              26.0808141348461
            ],
            [
              87.11928759366909,
              26.081612960311585
            ],
            [
              87.1192975676637,
              26.082037192901275
            ],
            [
              87.11935749607292,
              26.082939816753953
            ],
            [
              87.11935746014031,
              26.083688994307863
            ],
            [
              87.11937742070594,
              26.084302776270572
            ],
            [
              87.11944737072047,
              26.084686393606994
            ],
            [
              87.1196972155572,
              26.085620616765205
            ],
            [
              87.11999704355462,
              26.08651422275527
            ],
            [
              87.12021692777998,
              26.08703323838595
            ],
            [
              87.12025188841422,
              26.087647021365765
            ],
            [
              87.120251865058,
              26.088206646757055
            ],
            [
              87.12003192244215,
              26.08904607659864
            ],
            [
              87.1199069533114,
              26.08948384267756
            ],
            [
              87.1197320064098,
              26.089899043054277
            ],
            [
              87.11945706803397,
              26.09015631895563
            ],
            [
              87.11916744489817,
              26.090345636939535
            ],
            [
              87.11916716282718,
              26.090345821691805
            ],
            [
              87.11914914262256,
              26.09035496007125
            ],
            [
              87.11888231333879,
              26.09049026238036
            ],
            [
              87.1186174468739,
              26.090521812216274
            ],
            [
              87.1182126327692,
              26.09040448738078
            ],
            [
              87.1177228299538,
              26.090196842690325
            ],
            [
              87.11708809115379,
              26.089948590726305
            ],
            [
              87.11679821199817,
              26.089763535138733
            ],
            [
              87.11637337444579,
              26.089718369025825
            ],
            [
              87.11554873808294,
              26.089668645377582
            ],
            [
              87.11462907074285,
              26.089582873809583
            ],
            [
              87.11429423719542,
              26.089542235298932
            ],
            [
              87.11413430922705,
              26.089406825397944
            ],
            [
              87.11394940090729,
              26.088878731014987
            ],
            [
              87.11385951907324,
              26.088481584622745
            ],
            [
              87.11369460455673,
              26.08825587968971
            ],
            [
              87.11353465772376,
              26.08809798618136
            ],
            [
              87.11337481329875,
              26.088048266685306
            ],
            [
              87.11285494656572,
              26.08806628320783
            ],
            [
              87.11203028415174,
              26.088183590217984
            ],
            [
              87.11096073021156,
              26.088305324788106
            ],
            [
              87.10977623683074,
              26.08849025682244
            ],
            [
              87.10870663258487,
              26.08867066812004
            ],
            [
              87.10783195287418,
              26.088887135331465
            ],
            [
              87.10641750784862,
              26.089022368340586
            ],
            [
              87.10595271502906,
              26.0890742237954
            ],
            [
              87.10548792131115,
              26.08912607922723
            ],
            [
              87.1044833281424,
              26.08933350233829
            ],
            [
              87.10367864156541,
              26.089446231188663
            ],
            [
              87.10292884834047,
              26.089549978004882
            ],
            [
              87.1018592854171,
              26.089802487397726
            ],
            [
              87.10110450923729,
              26.08994306588842
            ],
            [
              87.10045482965751,
              26.09006406768501
            ],
            [
              87.09945513140873,
              26.09016770019748
            ],
            [
              87.09848052400416,
              26.090384089609028
            ],
            [
              87.09730591209147,
              26.090717812940614
            ],
            [
              87.09640996476644,
              26.090897891639617
            ],
            [
              87.0963412786815,
              26.090911697166966
            ],
            [
              87.09542153767956,
              26.091101119615924
            ],
            [
              87.09461686817055,
              26.091258857398664
            ],
            [
              87.09390208319053,
              26.091524978967477
            ],
            [
              87.09351214788191,
              26.09173255514583
            ],
            [
              87.09289228518303,
              26.09216114631257
            ],
            [
              87.09198251278578,
              26.092585133326253
            ],
            [
              87.0912826227715,
              26.09299119420585
            ],
            [
              87.09093778828003,
              26.09308134801385
            ],
            [
              87.09023302041378,
              26.09313533716146
            ],
            [
              87.08942828622605,
              26.093103601668904
            ],
            [
              87.08911845099635,
              26.093062889352456
            ],
            [
              87.08833384715582,
              26.09293632239561
            ],
            [
              87.08803889611208,
              26.092873023940793
            ],
            [
              87.08734917502683,
              26.092990197856977
            ],
            [
              87.08711920272083,
              26.093166145679312
            ],
            [
              87.08664420234466,
              26.093581257960352
            ],
            [
              87.08587437579058,
              26.09397369899844
            ],
            [
              87.08489472434572,
              26.09406818834571
            ],
            [
              87.0844498893968,
              26.094171839900554
            ],
            [
              87.08392987983166,
              26.094595909176405
            ],
            [
              87.08331007642157,
              26.094753747124514
            ],
            [
              87.08298514500352,
              26.094722059669134
            ],
            [
              87.08212556237952,
              26.094636047360897
            ],
            [
              87.08174567382902,
              26.094667504916217
            ],
            [
              87.08134075731637,
              26.094802728017175
            ],
            [
              87.08118273018317,
              26.095059533290147
            ],
            [
              87.08108560702962,
              26.095466105930512
            ],
            [
              87.08110030885754,
              26.09619272110979
            ],
            [
              87.08126992695286,
              26.09722174417809
            ],
            [
              87.08141963119495,
              26.09779495665366
            ],
            [
              87.08127959462196,
              26.09804317260639
            ],
            [
              87.08107520274197,
              26.09814663589912
            ],
            [
              87.08103284897295,
              26.098168076218972
            ],
            [
              87.08099457804691,
              26.098187448900315
            ],
            [
              87.08056967581585,
              26.098363405039994
            ],
            [
              87.08025983609457,
              26.09833170162126
            ],
            [
              87.07977497491153,
              26.098281857398394
            ],
            [
              87.07947501216682,
              26.098363018619597
            ],
            [
              87.07924507579342,
              26.098624736270096
            ],
            [
              87.07911989555859,
              26.099112049827113
            ],
            [
              87.07886481803534,
              26.09961749307102
            ],
            [
              87.07827986386843,
              26.099897100801428
            ],
            [
              87.07762501358584,
              26.10004129897752
            ],
            [
              87.07669025993887,
              26.10021697562662
            ],
            [
              87.07576040839837,
              26.100550663647265
            ],
            [
              87.07521504657929,
              26.100834753626195
            ],
            [
              87.07465559199001,
              26.10097455410313
            ],
            [
              87.07366590097351,
              26.100956099914104
            ],
            [
              87.07269109144802,
              26.1012265838555
            ],
            [
              87.07161115028818,
              26.10179933785916
            ],
            [
              87.07140107476738,
              26.102033944388257
            ],
            [
              87.0715158686809,
              26.102336292744567
            ],
            [
              87.0716907374291,
              26.10258461360981
            ],
            [
              87.0722402153288,
              26.103279809197787
            ],
            [
              87.07249506288333,
              26.103478516764056
            ],
            [
              87.07298692284074,
              26.10379724436657
            ],
            [
              87.07298981631428,
              26.10379911829743
            ],
            [
              87.07336966893216,
              26.103885003671266
            ],
            [
              87.07412941998203,
              26.10395748269149
            ],
            [
              87.0745442494038,
              26.104079483186336
            ],
            [
              87.07503403784618,
              26.10424663762134
            ],
            [
              87.07531386036221,
              26.104476903330294
            ],
            [
              87.0760734308507,
              26.104996169199772
            ],
            [
              87.07642803631754,
              26.105713870328582
            ],
            [
              87.07643790880253,
              26.10601173860274
            ],
            [
              87.07656770278466,
              26.1064269859871
            ],
            [
              87.0766475621151,
              26.10672036415762
            ],
            [
              87.07685244267857,
              26.106878390636144
            ],
            [
              87.07736221414444,
              26.10711324107393
            ],
            [
              87.07767210237472,
              26.10719006600294
            ],
            [
              87.07816686838208,
              26.107456500609175
            ],
            [
              87.07831671276136,
              26.107749900396136
            ],
            [
              87.07841659823445,
              26.107975587074854
            ],
            [
              87.07839643824282,
              26.10839078473183
            ],
            [
              87.07826622744243,
              26.109004522599182
            ],
            [
              87.07819612830751,
              26.109293339161894
            ],
            [
              87.0781060012334,
              26.10966789578079
            ],
            [
              87.0782058723334,
              26.109929687347446
            ],
            [
              87.07832578664404,
              26.110074145796975
            ],
            [
              87.07842574308404,
              26.11012382205178
            ],
            [
              87.07856569791036,
              26.110155459355504
            ],
            [
              87.07926553492402,
              26.110155682795316
            ],
            [
              87.07980541522325,
              26.110137801157762
            ],
            [
              87.08021032095613,
              26.110137927800526
            ],
            [
              87.08045024120554,
              26.110201184645664
            ],
            [
              87.08063515132196,
              26.110323096348285
            ],
            [
              87.08075008627098,
              26.11042693273685
            ],
            [
              87.08089001414783,
              26.11053077709959
            ],
            [
              87.08146470506264,
              26.11100933905192
            ],
            [
              87.08223446424309,
              26.111194604628757
            ],
            [
              87.08246436288722,
              26.11133006674283
            ],
            [
              87.08261431686097,
              26.11136170291345
            ],
            [
              87.0829591836918,
              26.111519761836718
            ],
            [
              87.08317910564641,
              26.111601060676968
            ],
            [
              87.08332904255218,
              26.111682341714786
            ],
            [
              87.08340900788382,
              26.111736522319994
            ],
            [
              87.08407371358335,
              26.11216094331728
            ],
            [
              87.08492331592457,
              26.11278398838155
            ],
            [
              87.08544305599513,
              26.11323092723193
            ],
            [
              87.08563795627579,
              26.113406990600485
            ],
            [
              87.08578788060514,
              26.113542424338902
            ],
            [
              87.08605274257847,
              26.113790717370765
            ],
            [
              87.0862576339217,
              26.113998374215765
            ],
            [
              87.08639754023902,
              26.114196987743256
            ],
            [
              87.0866273822893,
              26.11454004418443
            ],
            [
              87.08714723914083,
              26.11466654823641
            ],
            [
              87.08781210923208,
              26.11466672085111
            ],
            [
              87.08824701869541,
              26.114684884916155
            ],
            [
              87.08877691242363,
              26.114698559384497
            ],
            [
              87.08945678258351,
              26.114685189008352
            ],
            [
              87.090641540069,
              26.114726094643416
            ],
            [
              87.09135635110015,
              26.11490227433134
            ],
            [
              87.09176620744853,
              26.11513253679842
            ],
            [
              87.09218108358272,
              26.115286077659785
            ],
            [
              87.09351581390658,
              26.11534955918186
            ],
            [
              87.0941956876597,
              26.115340680062754
            ],
            [
              87.09455060124867,
              26.115412964041923
            ],
            [
              87.09472053824592,
              26.115534853370214
            ],
            [
              87.09486043468173,
              26.115837260378655
            ],
            [
              87.09480413187299,
              26.116260001663992
            ],
            [
              87.09480065629116,
              26.116286099194674
            ],
            [
              87.09477027616654,
              26.116514203705677
            ],
            [
              87.0948251731119,
              26.116875263010247
            ],
            [
              87.09494994910483,
              26.11766507861857
            ],
            [
              87.09503478240704,
              26.1182653373307
            ],
            [
              87.09499972295811,
              26.118423396597244
            ],
            [
              87.09499891357602,
              26.118427042360377
            ],
            [
              87.09494469216382,
              26.118671496971984
            ],
            [
              87.09466472591731,
              26.118712055994365
            ],
            [
              87.09377984763321,
              26.118793100597973
            ],
            [
              87.09331989673301,
              26.118878750726555
            ],
            [
              87.0926549754378,
              26.118982402873307
            ],
            [
              87.09236495704327,
              26.119207992046576
            ],
            [
              87.09229997201732,
              26.119304658123433
            ],
            [
              87.09229557476398,
              26.11931119866988
            ],
            [
              87.09199486102769,
              26.119758505361926
            ],
            [
              87.0919047662929,
              26.1201420959383
            ],
            [
              87.09166463134609,
              26.12074228062758
            ],
            [
              87.09156956713116,
              26.121013043837426
            ],
            [
              87.09147936459851,
              26.121762193680226
            ],
            [
              87.09140926456531,
              26.12214579139037
            ],
            [
              87.09136412332396,
              26.122664785198058
            ],
            [
              87.09140887918805,
              26.123495202918523
            ],
            [
              87.09124855416434,
              26.124691132662868
            ],
            [
              87.09122325760595,
              26.125729134879464
            ],
            [
              87.09114299942354,
              26.12665429869893
            ],
            [
              87.09123781660178,
              26.127254559622493
            ],
            [
              87.0914774700516,
              26.12839642561851
            ],
            [
              87.0915121944289,
              26.129353207678342
            ],
            [
              87.09164198212281,
              26.13006630410911
            ],
            [
              87.09176674913263,
              26.130856121682207
            ],
            [
              87.09187170469718,
              26.130991537615774
            ],
            [
              87.09198666659567,
              26.13110439163448
            ],
            [
              87.0924016460361,
              26.13109545967728
            ],
            [
              87.09257164142386,
              26.131081958911814
            ],
            [
              87.09311664571347,
              26.130951202223773
            ],
            [
              87.09360666681948,
              26.130770786804007
            ],
            [
              87.09456168825591,
              26.130473127608624
            ],
            [
              87.09572166301935,
              26.13029736013264
            ],
            [
              87.0966766107939,
              26.13026595894172
            ],
            [
              87.09718909068037,
              26.130218672047008
            ],
            [
              87.09770156877016,
              26.130171381907115
            ],
            [
              87.09884150391626,
              26.130140003264426
            ],
            [
              87.09998146062192,
              26.130004813777923
            ],
            [
              87.10101641594898,
              26.129901189153077
            ],
            [
              87.10209635261721,
              26.12986074773226
            ],
            [
              87.10306628608737,
              26.129878951373698
            ],
            [
              87.10384621329851,
              26.129996408384347
            ],
            [
              87.10503608129966,
              26.130321519728156
            ],
            [
              87.10576098130977,
              26.13065558635354
            ],
            [
              87.1057459794445,
              26.130673636636054
            ],
            [
              87.1065858476413,
              26.131192750631282
            ],
            [
              87.10809064791307,
              26.13201431697886
            ],
            [
              87.10851551870311,
              26.132632689857143
            ],
            [
              87.10867227921176,
              26.133166041667785
            ],
            [
              87.10868007569012,
              26.133192567696955
            ],
            [
              87.10879539781303,
              26.133584929797223
            ],
            [
              87.10894025025429,
              26.134663595984982
            ],
            [
              87.10897516687108,
              26.135421792336675
            ],
            [
              87.10911495910233,
              26.136541005680066
            ],
            [
              87.10920483734313,
              26.137664772007366
            ],
            [
              87.10940968826219,
              26.138599007341686
            ],
            [
              87.1093894348458,
              26.14058934377084
            ],
            [
              87.10936427842458,
              26.141505423229624
            ],
            [
              87.10911407336346,
              26.143229468161238
            ],
            [
              87.10906391503126,
              26.14426746608422
            ],
            [
              87.10864859692592,
              26.14671798093721
            ],
            [
              87.10848837610682,
              26.147859724343977
            ],
            [
              87.10837326329134,
              26.148771353613316
            ],
            [
              87.1083830809791,
              26.149651469311646
            ],
            [
              87.10820300559554,
              26.150535969019042
            ],
            [
              87.10817851302934,
              26.15060308097997
            ],
            [
              87.10797277277811,
              26.151166803639562
            ],
            [
              87.10793784268661,
              26.15126251433985
            ],
            [
              87.1076228340592,
              26.151806985333717
            ],
            [
              87.10746265276593,
              26.15208384592125
            ],
            [
              87.10718762186362,
              26.15231403589432
            ],
            [
              87.1063574150477,
              26.1527787760119
            ],
            [
              87.10632302304705,
              26.15279956284243
            ],
            [
              87.10535723620025,
              26.15338332461941
            ],
            [
              87.10443698675182,
              26.153870603326535
            ],
            [
              87.1038268420277,
              26.154412101284017
            ],
            [
              87.10337665940791,
              26.15504386883961
            ],
            [
              87.10333386276946,
              26.15516716336548
            ],
            [
              87.10319651844736,
              26.15556284221815
            ],
            [
              87.10320640620368,
              26.156113463946554
            ],
            [
              87.10327630321765,
              26.156519658056286
            ],
            [
              87.10372631785248,
              26.157047749971237
            ],
            [
              87.10388631858436,
              26.15717414024987
            ],
            [
              87.10449631598479,
              26.157575879811436
            ],
            [
              87.1049413521563,
              26.157670728949213
            ],
            [
              87.1057815024241,
              26.15786939883102
            ],
            [
              87.10649658205153,
              26.158284686835767
            ],
            [
              87.1069665653368,
              26.158740607175314
            ],
            [
              87.10726139420967,
              26.159109300631716
            ],
            [
              87.10728202312185,
              26.159135098317478
            ],
            [
              87.10738157621829,
              26.159259593942124
            ],
            [
              87.10786656136882,
              26.160026931974194
            ],
            [
              87.10827659109205,
              26.16055946439748
            ],
            [
              87.10865656228756,
              26.16136742193894
            ],
            [
              87.10897645864844,
              26.162450556990624
            ],
            [
              87.10923136998335,
              26.16305083462092
            ],
            [
              87.10956641822814,
              26.16331262102149
            ],
            [
              87.10980647861476,
              26.163754891687187
            ],
            [
              87.1098963820084,
              26.1642333040782
            ],
            [
              87.10995629155303,
              26.164950933900844
            ],
            [
              87.11010628595095,
              26.16580385019669
            ],
            [
              87.11028121219128,
              26.16645827465312
            ],
            [
              87.11048621672228,
              26.16664331600857
            ],
            [
              87.11077126473833,
              26.166819353671908
            ],
            [
              87.11129140455921,
              26.167144381802107
            ],
            [
              87.11160144909637,
              26.16740166660862
            ],
            [
              87.11208649712898,
              26.167961309130085
            ],
            [
              87.11240647523654,
              26.16866085709387
            ],
            [
              87.11281150044533,
              26.169658314818268
            ],
            [
              87.11300654625309,
              26.16988399311988
            ],
            [
              87.11345162823868,
              26.17038496839626
            ],
            [
              87.11376168355562,
              26.170642250083464
            ],
            [
              87.11471688465511,
              26.1710078237304
            ],
            [
              87.1149219179322,
              26.171206402364806
            ],
            [
              87.11494694858928,
              26.171526845398134
            ],
            [
              87.11486686827327,
              26.17180664621082
            ],
            [
              87.11486680628953,
              26.17225343170179
            ],
            [
              87.11501686716281,
              26.172619013196005
            ],
            [
              87.11508687466949,
              26.172781490267294
            ],
            [
              87.11531691524749,
              26.173372747297527
            ],
            [
              87.11554688755345,
              26.173995517336195
            ],
            [
              87.11574197019216,
              26.174243765656804
            ],
            [
              87.11583692391432,
              26.17443331178285
            ],
            [
              87.1159169638061,
              26.174618354186983
            ],
            [
              87.11601701816244,
              26.174803380979654
            ],
            [
              87.1161119637998,
              26.17498389762955
            ],
            [
              87.11616700537388,
              26.17508769264177
            ],
            [
              87.11629707783375,
              26.17516894560922
            ],
            [
              87.11642211613476,
              26.175218597395656
            ],
            [
              87.11664217193835,
              26.175218599814244
            ],
            [
              87.11685721604094,
              26.175209667202413
            ],
            [
              87.11698723190699,
              26.17523222527074
            ],
            [
              87.11718227142653,
              26.17523224703794
            ],
            [
              87.11733240865658,
              26.17526381913569
            ],
            [
              87.11746736435832,
              26.175322492166668
            ],
            [
              87.11753739971283,
              26.175408216912345
            ],
            [
              87.11764240917627,
              26.175841462377573
            ],
            [
              87.11748232130783,
              26.176766678826358
            ],
            [
              87.11748232939267,
              26.176974269614362
            ],
            [
              87.11750229355154,
              26.177524881349346
            ],
            [
              87.11764228341214,
              26.177908433662193
            ],
            [
              87.11763221419612,
              26.17844552473783
            ],
            [
              87.1173671222541,
              26.17914951061146
            ],
            [
              87.11698697229386,
              26.179483464866898
            ],
            [
              87.11642173884235,
              26.179876079230333
            ],
            [
              87.11629668257503,
              26.18011528605181
            ],
            [
              87.11622655020248,
              26.180841866385137
            ],
            [
              87.1162715557982,
              26.181518869691185
            ],
            [
              87.11622648821871,
              26.182191250664573
            ],
            [
              87.11623639304305,
              26.1828952840458
            ],
            [
              87.11622637862425,
              26.183594817361783
            ],
            [
              87.11603126544289,
              26.183937827864657
            ],
            [
              87.11533099005133,
              26.184217586793046
            ],
            [
              87.11428054058229,
              26.184298698771908
            ],
            [
              87.11335523272051,
              26.184113600797264
            ],
            [
              87.1121397780051,
              26.18390597032738
            ],
            [
              87.11111939604692,
              26.183716325941656
            ],
            [
              87.10999894625765,
              26.183427336363746
            ],
            [
              87.10884847207664,
              26.183345949692022
            ],
            [
              87.10785812798494,
              26.183269131340182
            ],
            [
              87.10677774215904,
              26.183332151864782
            ],
            [
              87.10568228889086,
              26.183444836759996
            ],
            [
              87.10474183094182,
              26.183643364379567
            ],
            [
              87.1041515812063,
              26.183882444160506
            ],
            [
              87.10365348424587,
              26.183989533969687
            ],
            [
              87.1030560955988,
              26.183968022343215
            ],
            [
              87.10268106334068,
              26.183697130286948
            ],
            [
              87.1022359112865,
              26.183349625672836
            ],
            [
              87.10146565982927,
              26.183060590847894
            ],
            [
              87.10062533618665,
              26.182979282115504
            ],
            [
              87.09837951833195,
              26.18277577222496
            ],
            [
              87.09650884682135,
              26.18263102968013
            ],
            [
              87.09561360197887,
              26.18244579765521
            ],
            [
              87.09533852077088,
              26.18223811826337
            ],
            [
              87.09510849905753,
              26.181813877857028
            ],
            [
              87.09501358755621,
              26.18152047795804
            ],
            [
              87.09485355538328,
              26.1813850489144
            ],
            [
              87.09463354000388,
              26.181326320892452
            ],
            [
              87.09413835178836,
              26.18131273887433
            ],
            [
              87.09307288787764,
              26.181501971198948
            ],
            [
              87.09224252655153,
              26.181470270194797
            ],
            [
              87.09125229025764,
              26.18123983304398
            ],
            [
              87.0908572138906,
              26.18101407112084
            ],
            [
              87.09045713929736,
              26.180792825640292
            ],
            [
              87.0897319644028,
              26.18036843567038
            ],
            [
              87.08914684584418,
              26.180007254312926
            ],
            [
              87.0888467869797,
              26.179831181743957
            ],
            [
              87.08852672982037,
              26.17980853266336
            ],
            [
              87.08835159786584,
              26.179808460108905
            ],
            [
              87.08838652256746,
              26.180205652354307
            ],
            [
              87.08845650941292,
              26.18038168566201
            ],
            [
              87.08835396043504,
              26.180417778096313
            ],
            [
              87.0882514078639,
              26.180453869713293
            ],
            [
              87.0881012814136,
              26.18070200512198
            ],
            [
              87.08777604367005,
              26.180981761338852
            ],
            [
              87.08765989240214,
              26.18101227420738
            ],
            [
              87.08753590782494,
              26.181044844368046
            ],
            [
              87.08713068408846,
              26.181292952721602
            ],
            [
              87.08693560504305,
              26.181523056021828
            ],
            [
              87.08696784557861,
              26.18157607963869
            ],
            [
              87.08717109659815,
              26.18192534613384
            ],
            [
              87.0872604879521,
              26.182105360811292
            ],
            [
              87.0874755095968,
              26.182448445832897
            ],
            [
              87.08740037091319,
              26.1826763090047
            ],
            [
              87.08730270877044,
              26.182962832854333
            ],
            [
              87.08721771107658,
              26.183102476165324
            ],
            [
              87.08704002970327,
              26.183332800804457
            ],
            [
              87.08692491329457,
              26.18356746038044
            ],
            [
              87.08701480231512,
              26.183860868023643
            ],
            [
              87.08707609167203,
              26.183959462028756
            ],
            [
              87.08712982889233,
              26.18404590674605
            ],
            [
              87.08748480536337,
              26.18457852938539
            ],
            [
              87.08762471617224,
              26.18484490831273
            ],
            [
              87.08786460318403,
              26.185508348751373
            ],
            [
              87.08801464878592,
              26.185675394677943
            ],
            [
              87.08840476555424,
              26.18594622490061
            ],
            [
              87.08864978913284,
              26.18611330325021
            ],
            [
              87.0890748952815,
              26.18633002277002
            ],
            [
              87.08948998880798,
              26.18653771663391
            ],
            [
              87.08993512828575,
              26.186641641619996
            ],
            [
              87.09050030514338,
              26.186795242387856
            ],
            [
              87.09115553541334,
              26.186921785020527
            ],
            [
              87.09154565577491,
              26.18705725196522
            ],
            [
              87.09174072943044,
              26.18720169236349
            ],
            [
              87.09188073096915,
              26.18731456375811
            ],
            [
              87.09204078559993,
              26.18747256982305
            ],
            [
              87.09205574883762,
              26.187792931054776
            ],
            [
              87.09200567135379,
              26.18800055459805
            ],
            [
              87.09182534983186,
              26.18867292396406
            ],
            [
              87.09165011007951,
              26.18919187825182
            ],
            [
              87.09131481030646,
              26.189805654029414
            ],
            [
              87.09085441384188,
              26.190437295913167
            ],
            [
              87.09066919739998,
              26.19087507776519
            ],
            [
              87.09062409927776,
              26.191186446663764
            ],
            [
              87.09069403312263,
              26.191412143736414
            ],
            [
              87.09085407877028,
              26.191682930798006
            ],
            [
              87.09114411333447,
              26.191922213334188
            ],
            [
              87.09146425493543,
              26.192138901089923
            ],
            [
              87.09157925905474,
              26.192274271687616
            ],
            [
              87.09173924182032,
              26.192459367981943
            ],
            [
              87.09191429831637,
              26.19272120521811
            ],
            [
              87.09207428737015,
              26.19304165438663
            ],
            [
              87.09222425392032,
              26.19334404999899
            ],
            [
              87.09233915114008,
              26.193975869374825
            ],
            [
              87.09246399540503,
              26.194652918884206
            ],
            [
              87.09249895334432,
              26.19481533863522
            ],
            [
              87.09262900604124,
              26.1949914232207
            ],
            [
              87.09283401326717,
              26.195023074600638
            ],
            [
              87.09318034165699,
              26.195054002940495
            ],
            [
              87.0935241844084,
              26.19510217923424
            ],
            [
              87.09377953861275,
              26.195140570006302
            ],
            [
              87.0943547855847,
              26.195190397869276
            ],
            [
              87.09475496528086,
              26.195222008892443
            ],
            [
              87.09566534493925,
              26.195438839629
            ],
            [
              87.0967708072363,
              26.1957820393413
            ],
            [
              87.0975060872795,
              26.19593567722582
            ],
            [
              87.09794631656597,
              26.19610269691535
            ],
            [
              87.09838150271041,
              26.19622014609321
            ],
            [
              87.09895672183458,
              26.19634661803404
            ],
            [
              87.09948698656704,
              26.196572352664287
            ],
            [
              87.09971702624667,
              26.196730302645243
            ],
            [
              87.09984204658141,
              26.197091399918534
            ],
            [
              87.09985564527817,
              26.1972737431859
            ],
            [
              87.09985814888284,
              26.197307321992195
            ],
            [
              87.09986695327098,
              26.19742538818684
            ],
            [
              87.09986695686422,
              26.19766458235197
            ],
            [
              87.09982179675826,
              26.19811130819782
            ],
            [
              87.09952162740102,
              26.198350529165157
            ],
            [
              87.0992214778067,
              26.198377554619857
            ],
            [
              87.09886626597705,
              26.19839098311448
            ],
            [
              87.09863615173724,
              26.19850373968869
            ],
            [
              87.09826580239675,
              26.199085861267083
            ],
            [
              87.0978654205797,
              26.199668000892
            ],
            [
              87.0974600953336,
              26.200444191397576
            ],
            [
              87.09709467864234,
              26.200954068295854
            ],
            [
              87.09705965243106,
              26.201202314794422
            ],
            [
              87.09725467218767,
              26.201369322094163
            ],
            [
              87.09740477258681,
              26.20144154714383
            ],
            [
              87.09767994272802,
              26.201576985111416
            ],
            [
              87.09799007889333,
              26.201631223123098
            ],
            [
              87.09820016160063,
              26.201735011322995
            ],
            [
              87.09877545079341,
              26.20191114508994
            ],
            [
              87.09912057005084,
              26.202024048172646
            ],
            [
              87.09986597859888,
              26.202150488823783
            ],
            [
              87.10001602060751,
              26.202150565394362
            ],
            [
              87.09999101330665,
              26.202285935638766
            ],
            [
              87.09991095185526,
              26.202421345219964
            ],
            [
              87.09970661926413,
              26.20263760237942
            ],
            [
              87.09972943916725,
              26.202685648187373
            ],
            [
              87.10149534555617,
              26.202861989270502
            ],
            [
              87.10350143270593,
              26.202880383020037
            ],
            [
              87.10466714141585,
              26.202848962680076
            ],
            [
              87.10587280539295,
              26.203097362308394
            ],
            [
              87.10786888890374,
              26.202935083068873
            ],
            [
              87.10836929183948,
              26.201996428731068
            ],
            [
              87.10904969290368,
              26.201942410123557
            ],
            [
              87.11016524956956,
              26.201928982038503
            ],
            [
              87.11132084235106,
              26.202172806322345
            ],
            [
              87.11202183280156,
              26.202213935182424
            ],
            [
              87.11247648094664,
              26.202240610740088
            ],
            [
              87.11338201060079,
              26.202168483712807
            ],
            [
              87.11614851804532,
              26.201942979970838
            ],
            [
              87.1169239797312,
              26.201861843201886
            ],
            [
              87.11767436943747,
              26.202606530167184
            ],
            [
              87.11868993193416,
              26.202579457333822
            ],
            [
              87.11885488328159,
              26.2038025121794
            ],
            [
              87.11934514333947,
              26.20487662477245
            ],
            [
              87.12056085137976,
              26.206329887097123
            ],
            [
              87.12171644326293,
              26.207029448120235
            ],
            [
              87.12243191365751,
              26.20724160480617
            ],
            [
              87.12348252572163,
              26.207241638656946
            ],
            [
              87.12405783737228,
              26.20728675769804
            ],
            [
              87.12582397013662,
              26.208563898737193
            ],
            [
              87.12656937868468,
              26.208645174296205
            ],
            [
              87.12754995898756,
              26.208279602683078
            ],
            [
              87.12948107364207,
              26.207828238020884
            ],
            [
              87.13150728934238,
              26.207616021956536
            ],
            [
              87.13333837928492,
              26.207291030147363
            ],
            [
              87.13473419684475,
              26.207133004223675
            ],
            [
              87.13558943611436,
              26.20528261268653
            ],
            [
              87.13662980019774,
              26.203138781807535
            ]
          ]
        ]
      }
    }
  ]
}