{
  "type": "FeatureCollection",
  "features": [
    {
      "type": "Feature",
      "properties": {
        "object_id": "10-238-01534",
        "stname": "BIHAR",
        "dtname": "Jamui",
        "sdtname": "Chakai",
        "st_area_sh": 0.0,
        "st_length_": 0.0,
        "remarks": "",
        "dist_lgd": 198,
        "state_lgd": 10,
        "subdt_lgd": 1534,
        "ac_no": null,
        "st_length(shape)": 243956.2217086091,
        "st_area(shape)": 956725034.6798706
      },
      "geometry": {
        "type": "Polygon",
        "coordinates": [
          [
            [
              86.51158002855249,
              24.689055825063626
            ],
            [
              86.51182284766539,
              24.68765915066241
            ],
            [
              86.51189003625872,
              24.687460003191276
            ],
            [
              86.51151677996998,
              24.68620401131456
            ],
            [
              86.5117599952399,
              24.685335415307282
            ],
            [
              86.51614493804301,
              24.683637656993355
            ],
            [
              86.51733107264582,
              24.682697839235438
            ],
            [
              86.51874790719005,
              24.68258666728421
            ],
            [
              86.52208433639355,
              24.68176412399574
            ],
            [
              86.52291840955844,
              24.68119288583443
            ],
            [
              86.52334504284305,
              24.680390418127732
            ],
            [
              86.52325879110104,
              24.679678047318372
            ],
            [
              86.52313706309185,
              24.678397328187753
            ],
            [
              86.52313235412313,
              24.67793246663154
            ],
            [
              86.52319394800888,
              24.676704352663318
            ],
            [
              86.5245570498244,
              24.675198926940027
            ],
            [
              86.52562987722548,
              24.673330395966087
            ],
            [
              86.52795777684264,
              24.673441464336815
            ],
            [
              86.5300350500888,
              24.674154906653577
            ],
            [
              86.53072356024505,
              24.67385116987981
            ],
            [
              86.533414743953,
              24.673728974905334
            ],
            [
              86.53506528959142,
              24.671850894742324
            ],
            [
              86.53683490781907,
              24.670508842681226
            ],
            [
              86.53861465365324,
              24.670628995114807
            ],
            [
              86.54044332892425,
              24.671673857962443
            ],
            [
              86.5420543774363,
              24.672689046698554
            ],
            [
              86.54343836418383,
              24.67324133336779
            ],
            [
              86.54562180482182,
              24.673222511891105
            ],
            [
              86.54757048782834,
              24.672009684293428
            ],
            [
              86.54771398111855,
              24.671557139131643
            ],
            [
              86.54810754741756,
              24.67044346523703
            ],
            [
              86.5482112516289,
              24.669476761913977
            ],
            [
              86.54878171327535,
              24.668275844135177
            ],
            [
              86.54970043738442,
              24.665880405102815
            ],
            [
              86.55041304664479,
              24.66456993496176
            ],
            [
              86.55110078155496,
              24.663250563265578
            ],
            [
              86.55263076879068,
              24.660741549641102
            ],
            [
              86.55167283681273,
              24.659820079972498
            ],
            [
              86.55267790698689,
              24.65861540525531
            ],
            [
              86.55430856033168,
              24.661521333329592
            ],
            [
              86.55454867910879,
              24.663712675328792
            ],
            [
              86.55506774184961,
              24.664705612079132
            ],
            [
              86.55565546013267,
              24.665165303975893
            ],
            [
              86.55652908522123,
              24.665090066240975
            ],
            [
              86.55907969067204,
              24.664305101372133
            ],
            [
              86.5602295342357,
              24.664660663407265
            ],
            [
              86.56104285272428,
              24.66591275623962
            ],
            [
              86.56149355007875,
              24.667438811932264
            ],
            [
              86.56251724771865,
              24.668025625931612
            ],
            [
              86.56556850493855,
              24.666915731199854
            ],
            [
              86.5684486843008,
              24.665053620051307
            ],
            [
              86.57105188611153,
              24.66410105108689
            ],
            [
              86.5742901438275,
              24.664826228894608
            ],
            [
              86.57434466976862,
              24.66483929387249
            ],
            [
              86.5766459226595,
              24.66664237586422
            ],
            [
              86.5773396196882,
              24.66870779127718
            ],
            [
              86.57733483795595,
              24.668716842762446
            ],
            [
              86.57665811728947,
              24.670600294148255
            ],
            [
              86.57742247759505,
              24.674668957403497
            ],
            [
              86.57830952081899,
              24.67585708040318
            ],
            [
              86.5793076883385,
              24.67727897770878
            ],
            [
              86.58188523516301,
              24.677152311265754
            ],
            [
              86.5847100801004,
              24.676585631307503
            ],
            [
              86.58578361806892,
              24.676729613241115
            ],
            [
              86.5862422511406,
              24.677113605881463
            ],
            [
              86.58629078262382,
              24.677957154754505
            ],
            [
              86.58606648228051,
              24.67915964612696
            ],
            [
              86.58605699517281,
              24.67920484424824
            ],
            [
              86.58602285559876,
              24.679339309623305
            ],
            [
              86.5860309637925,
              24.679342676704387
            ],
            [
              86.586637391288,
              24.679594466360893
            ],
            [
              86.58748696488311,
              24.68003698891723
            ],
            [
              86.588336549258,
              24.680628523625572
            ],
            [
              86.58902796995577,
              24.681378030776397
            ],
            [
              86.58918105904985,
              24.681594750342622
            ],
            [
              86.5898183814046,
              24.681360142683975
            ],
            [
              86.59059907937025,
              24.681107589317616
            ],
            [
              86.59160707176403,
              24.680534496883592
            ],
            [
              86.59235814957981,
              24.6798440156949
            ],
            [
              86.59282270614248,
              24.67926636760552
            ],
            [
              86.59291449779487,
              24.67911088908011
            ],
            [
              86.59312911968927,
              24.678747354135556
            ],
            [
              86.59398879124652,
              24.67818323634984
            ],
            [
              86.59575253628881,
              24.67774572892322
            ],
            [
              86.59687902635004,
              24.67737585325645
            ],
            [
              86.59814378240486,
              24.677069107367817
            ],
            [
              86.59887002719294,
              24.67670816876914
            ],
            [
              86.59958655400628,
              24.675922819072593
            ],
            [
              86.60066374542303,
              24.674699681839133
            ],
            [
              86.60143657235015,
              24.67403609634327
            ],
            [
              86.601735899986,
              24.673779073602244
            ],
            [
              86.60258070532358,
              24.673142705271832
            ],
            [
              86.6033217570425,
              24.672745569319343
            ],
            [
              86.60369716659297,
              24.67249817715658
            ],
            [
              86.60440379666682,
              24.672032508320733
            ],
            [
              86.60511019677197,
              24.671838476200897
            ],
            [
              86.60655106843653,
              24.67133471975579
            ],
            [
              86.60700725898897,
              24.671175223232506
            ],
            [
              86.60790635041748,
              24.670737474080216
            ],
            [
              86.6092204994399,
              24.670186915090127
            ],
            [
              86.6099762988008,
              24.66996128920142
            ],
            [
              86.61061382058155,
              24.66991944200438
            ],
            [
              86.61073204336451,
              24.66991168121431
            ],
            [
              86.61156194295658,
              24.669916267321295
            ],
            [
              86.61265867003583,
              24.669993156832955
            ],
            [
              86.61325639285621,
              24.66997058304379
            ],
            [
              86.6134045448095,
              24.669938993772842
            ],
            [
              86.61336996865421,
              24.669677175657476
            ],
            [
              86.61331365237075,
              24.66956688026088
            ],
            [
              86.61302425920364,
              24.669000107061628
            ],
            [
              86.61247606589477,
              24.668155888620902
            ],
            [
              86.6116512507672,
              24.666544370320597
            ],
            [
              86.61116231662267,
              24.665591833146355
            ],
            [
              86.61113764619,
              24.665388744180618
            ],
            [
              86.61134025042257,
              24.66494185520745
            ],
            [
              86.61276297342349,
              24.663547202245887
            ],
            [
              86.6142944069468,
              24.66223825217945
            ],
            [
              86.6149365290001,
              24.661841073349578
            ],
            [
              86.61588004391605,
              24.661646965783344
            ],
            [
              86.61690742195364,
              24.661692217600525
            ],
            [
              86.61781137865778,
              24.66157033808376
            ],
            [
              86.61896228942,
              24.66142144364192
            ],
            [
              86.61907592989671,
              24.661164157343865
            ],
            [
              86.61881421562013,
              24.660487043366604
            ],
            [
              86.61881172818511,
              24.660484262757716
            ],
            [
              86.61786091176253,
              24.65942172029037
            ],
            [
              86.61596923674229,
              24.65820732574761
            ],
            [
              86.61409729501389,
              24.657015537162604
            ],
            [
              86.61342061656823,
              24.65644671898792
            ],
            [
              86.6120081011239,
              24.655367803156253
            ],
            [
              86.61146482698955,
              24.654902819044732
            ],
            [
              86.61053133278057,
              24.654333955319657
            ],
            [
              86.60982506023619,
              24.65407653521275
            ],
            [
              86.60903483294202,
              24.653837227052673
            ],
            [
              86.60850440112296,
              24.65369945867272
            ],
            [
              86.60816550988537,
              24.65361143688966
            ],
            [
              86.60768647787025,
              24.65337212130652
            ],
            [
              86.60765684604229,
              24.653146439704358
            ],
            [
              86.60772126063803,
              24.652076660709188
            ],
            [
              86.60772141963984,
              24.651022570381528
            ],
            [
              86.60772155169218,
              24.65014918582474
            ],
            [
              86.60794880210288,
              24.649273464168648
            ],
            [
              86.60834403926833,
              24.648239859791286
            ],
            [
              86.60896657355686,
              24.64710235316201
            ],
            [
              86.60962349535446,
              24.646438899323414
            ],
            [
              86.61025083113816,
              24.646231268964925
            ],
            [
              86.61085830876421,
              24.64624494579875
            ],
            [
              86.61248188877443,
              24.64621360118129
            ],
            [
              86.61248807816676,
              24.646213481975373
            ],
            [
              86.6133869647794,
              24.64622708532806
            ],
            [
              86.61460203142255,
              24.645703495207385
            ],
            [
              86.61527370625208,
              24.64543725397741
            ],
            [
              86.6160787925794,
              24.645392169362257
            ],
            [
              86.6172147508837,
              24.64546442737453
            ],
            [
              86.61760988114963,
              24.645410340216284
            ],
            [
              86.61805438192526,
              24.644913750358818
            ],
            [
              86.61811383243078,
              24.64486537429313
            ],
            [
              86.61877543714597,
              24.644327004873457
            ],
            [
              86.61874583586072,
              24.64372661299967
            ],
            [
              86.61783222586057,
              24.642679362239402
            ],
            [
              86.61742240544478,
              24.641623090890594
            ],
            [
              86.61739772243574,
              24.64100013311838
            ],
            [
              86.61798546766825,
              24.6398265528125
            ],
            [
              86.61795099122597,
              24.638621316108534
            ],
            [
              86.61692393478522,
              24.63645902639007
            ],
            [
              86.61710174192264,
              24.635339583969273
            ],
            [
              86.61740314107352,
              24.63422461196773
            ],
            [
              86.61737848142067,
              24.633691968137697
            ],
            [
              86.61727477810764,
              24.63319091163324
            ],
            [
              86.61652417100903,
              24.632504781291935
            ],
            [
              86.61591674458697,
              24.631913390017605
            ],
            [
              86.61508222765433,
              24.63169215507782
            ],
            [
              86.61388220240227,
              24.631899691200314
            ],
            [
              86.61319575837118,
              24.63181836138259
            ],
            [
              86.61303280577526,
              24.631601730120625
            ],
            [
              86.61293408901035,
              24.63134895765266
            ],
            [
              86.61300816229205,
              24.63071694993697
            ],
            [
              86.6131563411948,
              24.630468697092386
            ],
            [
              86.61350211712069,
              24.630030840308308
            ],
            [
              86.61351202104672,
              24.629669790181204
            ],
            [
              86.61334409986897,
              24.62939886838908
            ],
            [
              86.61297373525711,
              24.62919118602674
            ],
            [
              86.61180831580474,
              24.629173100188677
            ],
            [
              86.611452793158,
              24.62908728714652
            ],
            [
              86.61120096573944,
              24.628857058156434
            ],
            [
              86.61112694456006,
              24.628288248915183
            ],
            [
              86.61109735944447,
              24.627823327303368
            ],
            [
              86.61092952989488,
              24.62752539896794
            ],
            [
              86.61071718522972,
              24.627308727600305
            ],
            [
              86.61012957923607,
              24.62697006335868
            ],
            [
              86.60968026618545,
              24.626514166890203
            ],
            [
              86.60953711066176,
              24.626130412195753
            ],
            [
              86.60956185565462,
              24.625575224728532
            ],
            [
              86.60979408991847,
              24.624857469863613
            ],
            [
              86.61043620029368,
              24.623354411002722
            ],
            [
              86.61082144459989,
              24.622578073645165
            ],
            [
              86.61083145722206,
              24.62183318918817
            ],
            [
              86.61079197267205,
              24.621566932206754
            ],
            [
              86.61062898144858,
              24.621368271333026
            ],
            [
              86.61038705076953,
              24.6211695848277
            ],
            [
              86.61009085106754,
              24.620790401637347
            ],
            [
              86.60970568132146,
              24.620492450006513
            ],
            [
              86.60922314138513,
              24.62039437802593
            ],
            [
              86.60921685317814,
              24.62039309997253
            ],
            [
              86.60851564623368,
              24.62050588466382
            ],
            [
              86.60806137268608,
              24.620826311143816
            ],
            [
              86.60780952730123,
              24.620830802689664
            ],
            [
              86.60778979400939,
              24.620505802182496
            ],
            [
              86.60786915118157,
              24.618185567029837
            ],
            [
              86.60795328110287,
              24.616393502214176
            ],
            [
              86.6079090552448,
              24.61543208332973
            ],
            [
              86.60802779994896,
              24.613626470157502
            ],
            [
              86.6080269438545,
              24.61348239013531
            ],
            [
              86.6080181448563,
              24.61200142108666
            ],
            [
              86.60809256758262,
              24.610894933969814
            ],
            [
              86.60813685632276,
              24.61023644871096
            ],
            [
              86.60817154027589,
              24.60923436699638
            ],
            [
              86.6082062233307,
              24.608232284604817
            ],
            [
              86.60820132571575,
              24.60809228527537
            ],
            [
              86.60724833806516,
              24.60815536932012
            ],
            [
              86.60564871163197,
              24.608119123767022
            ],
            [
              86.60412293300334,
              24.608254292944146
            ],
            [
              86.6032934241784,
              24.60838053516051
            ],
            [
              86.60319795931485,
              24.60822354235918
            ],
            [
              86.6028047972577,
              24.607576986099232
            ],
            [
              86.60287392621208,
              24.60730170898417
            ],
            [
              86.60352096384663,
              24.606426012930825
            ],
            [
              86.60413827083853,
              24.605609118785807
            ],
            [
              86.60361506416926,
              24.604683647126883
            ],
            [
              86.6033092210527,
              24.602963798857257
            ],
            [
              86.60306747362995,
              24.60193908832363
            ],
            [
              86.6023812847204,
              24.601519121829444
            ],
            [
              86.60203903737693,
              24.60125618098679
            ],
            [
              86.60164084744916,
              24.600950260925263
            ],
            [
              86.60106818582858,
              24.600710947403975
            ],
            [
              86.60024860338753,
              24.60055731581792
            ],
            [
              86.59976975732363,
              24.600358615855377
            ],
            [
              86.5992908905985,
              24.60029087060689
            ],
            [
              86.59818991808122,
              24.599911505685533
            ],
            [
              86.59809122287591,
              24.59969927469365
            ],
            [
              86.59774098771292,
              24.59839013677266
            ],
            [
              86.59774118803725,
              24.59755509077039
            ],
            [
              86.59716373659958,
              24.596566411696397
            ],
            [
              86.59627535219091,
              24.595731154225312
            ],
            [
              86.59510052288593,
              24.594958972893266
            ],
            [
              86.59474025803281,
              24.594232147178495
            ],
            [
              86.59380247526668,
              24.593532301807763
            ],
            [
              86.59323833865814,
              24.59343318766088
            ],
            [
              86.59318538836203,
              24.593423884857145
            ],
            [
              86.59230210279095,
              24.591943050044332
            ],
            [
              86.59061413872766,
              24.590069325054518
            ],
            [
              86.58951363782592,
              24.589035389613898
            ],
            [
              86.589099047356,
              24.588687723747725
            ],
            [
              86.5888670421625,
              24.58853418768001
            ],
            [
              86.58910922886145,
              24.58759530922338
            ],
            [
              86.58913422538255,
              24.586412620320864
            ],
            [
              86.58884824222025,
              24.5853382715922
            ],
            [
              86.58837455428271,
              24.584430854270916
            ],
            [
              86.58843914943986,
              24.583130773658734
            ],
            [
              86.58878020292232,
              24.581311689319367
            ],
            [
              86.58913110283859,
              24.580043368054717
            ],
            [
              86.58921519503066,
              24.579303108172635
            ],
            [
              86.58871194533377,
              24.5785626919687
            ],
            [
              86.58763128013182,
              24.57726688588884
            ],
            [
              86.58625948172606,
              24.575582823632836
            ],
            [
              86.58396533181413,
              24.572277948196316
            ],
            [
              86.5824162490904,
              24.569736096116422
            ],
            [
              86.58115826543451,
              24.567636675195953
            ],
            [
              86.58028502931649,
              24.566525996081964
            ],
            [
              86.57870595903198,
              24.566146928384523
            ],
            [
              86.57855271093608,
              24.566110138801623
            ],
            [
              86.57730417486202,
              24.565640348032193
            ],
            [
              86.57683535040344,
              24.565419026138148
            ],
            [
              86.57532979015696,
              24.565766113603193
            ],
            [
              86.57488002794868,
              24.565750435295776
            ],
            [
              86.57402186915442,
              24.565720516602692
            ],
            [
              86.57213151106438,
              24.5656159963847
            ],
            [
              86.5709567994387,
              24.56566070288816
            ],
            [
              86.57049781782068,
              24.56553873465285
            ],
            [
              86.57003902125564,
              24.564929158858135
            ],
            [
              86.56980711667345,
              24.56470785940167
            ],
            [
              86.56970524592359,
              24.564714205942014
            ],
            [
              86.56944679522647,
              24.564730310858618
            ],
            [
              86.56864207271686,
              24.565190420229573
            ],
            [
              86.56791634625671,
              24.565564861667827
            ],
            [
              86.5676032483459,
              24.565765037608934
            ],
            [
              86.56646980173112,
              24.56648968210388
            ],
            [
              86.56641560906495,
              24.566196183761228
            ],
            [
              86.56617384098095,
              24.56608774396493
            ],
            [
              86.56492529592376,
              24.565491409602437
            ],
            [
              86.56454545857723,
              24.565044429849568
            ],
            [
              86.56401766061855,
              24.564407722742743
            ],
            [
              86.56373859178902,
              24.5641687781241
            ],
            [
              86.56256716620065,
              24.5631657598557
            ],
            [
              86.56162985235511,
              24.562221959868968
            ],
            [
              86.55980858638854,
              24.56234300073857
            ],
            [
              86.55917685784307,
              24.562266013144416
            ],
            [
              86.55909848342777,
              24.56115554789291
            ],
            [
              86.55891454169524,
              24.56053271231634
            ],
            [
              86.55864517017922,
              24.559620591368517
            ],
            [
              86.5584680978637,
              24.55846937594126
            ],
            [
              86.55834487775279,
              24.55823916410611
            ],
            [
              86.55941611064426,
              24.557693368221692
            ],
            [
              86.56025058535609,
              24.557106954711983
            ],
            [
              86.56086791211091,
              24.55632175392744
            ],
            [
              86.56125298124564,
              24.556105216667756
            ],
            [
              86.56219630122719,
              24.554764982772802
            ],
            [
              86.56270005038739,
              24.553979715030692
            ],
            [
              86.56332710859166,
              24.55348344777483
            ],
            [
              86.56354446585613,
              24.552991500946714
            ],
            [
              86.56378653218079,
              24.55254920921597
            ],
            [
              86.56350043672911,
              24.552332439107975
            ],
            [
              86.56265657282593,
              24.552052185390846
            ],
            [
              86.56241492062463,
              24.55177674700633
            ],
            [
              86.56216836721511,
              24.551320754793995
            ],
            [
              86.56177376875183,
              24.55095943430517
            ],
            [
              86.56125566631003,
              24.550792199058286
            ],
            [
              86.56101885512976,
              24.550602481824217
            ],
            [
              86.56028880956976,
              24.549825815861976
            ],
            [
              86.55993923826175,
              24.54964405417428
            ],
            [
              86.55952407556498,
              24.54942818603801
            ],
            [
              86.55873453188875,
              24.549265388933524
            ],
            [
              86.5583300133298,
              24.549034986157448
            ],
            [
              86.55763942896354,
              24.548416292813474
            ],
            [
              86.55730897470313,
              24.54798723209682
            ],
            [
              86.55685063717716,
              24.546777295687694
            ],
            [
              86.55656996215993,
              24.545784094271326
            ],
            [
              86.55643681027524,
              24.54549063081084
            ],
            [
              86.55610137216162,
              24.54524669665691
            ],
            [
              86.55583995163416,
              24.544984738386603
            ],
            [
              86.55567237810443,
              24.544569429058598
            ],
            [
              86.55531739444686,
              24.544045642337572
            ],
            [
              86.55462672024909,
              24.543715761082534
            ],
            [
              86.55398031143528,
              24.543629677816778
            ],
            [
              86.55336348414374,
              24.543498521374882
            ],
            [
              86.55306279196701,
              24.542897940707327
            ],
            [
              86.55315692462898,
              24.54232923771984
            ],
            [
              86.55313754078179,
              24.54169724878739
            ],
            [
              86.55301955335742,
              24.540889214711914
            ],
            [
              86.55266979699651,
              24.539787603842374
            ],
            [
              86.55230981421438,
              24.5393721718969
            ],
            [
              86.55214246795843,
              24.538564081173888
            ],
            [
              86.55224535829612,
              24.538305194634976
            ],
            [
              86.55238464477587,
              24.537954724836904
            ],
            [
              86.5525328937472,
              24.537521473761693
            ],
            [
              86.55241472396484,
              24.536655588191657
            ],
            [
              86.55232157495809,
              24.535973034351045
            ],
            [
              86.55200089975786,
              24.53591870619458
            ],
            [
              86.55089008799327,
              24.53689323931302
            ],
            [
              86.55054442884835,
              24.53720000140277
            ],
            [
              86.54989896865547,
              24.537807647764826
            ],
            [
              86.54972973863234,
              24.537966962184168
            ],
            [
              86.54928737584709,
              24.538113864192137
            ],
            [
              86.54782948290452,
              24.53859799500615
            ],
            [
              86.5451000579149,
              24.53947685699357
            ],
            [
              86.54331323515294,
              24.540152971267588
            ],
            [
              86.54152669985189,
              24.540337029060662
            ],
            [
              86.54037729286944,
              24.53975858765198
            ],
            [
              86.5393561967506,
              24.539247994597563
            ],
            [
              86.53828616400834,
              24.538028546871402
            ],
            [
              86.53647656086909,
              24.53600518863926
            ],
            [
              86.53639728724019,
              24.53593651294689
            ],
            [
              86.53629409866184,
              24.535847119592468
            ],
            [
              86.53567708631735,
              24.53613115717426
            ],
            [
              86.53447736828912,
              24.53689784173871
            ],
            [
              86.53169794217249,
              24.538652086654807
            ],
            [
              86.53041410320611,
              24.539671448334225
            ],
            [
              86.53040432234927,
              24.53968248426841
            ],
            [
              86.52982635078705,
              24.5403346012496
            ],
            [
              86.52971967405043,
              24.54032325076241
            ],
            [
              86.52935765927914,
              24.540284731826382
            ],
            [
              86.52834164492985,
              24.539534747309492
            ],
            [
              86.52753787643108,
              24.53869004877495
            ],
            [
              86.52672942770967,
              24.537673915184698
            ],
            [
              86.52557040516041,
              24.536815446689253
            ],
            [
              86.52555793115438,
              24.536805333113428
            ],
            [
              86.52471240087638,
              24.53611976217825
            ],
            [
              86.52415070678707,
              24.53502690174437
            ],
            [
              86.52342606010191,
              24.534159763343705
            ],
            [
              86.52307100278247,
              24.533802892188305
            ],
            [
              86.52234577937887,
              24.533639927712468
            ],
            [
              86.52098895678724,
              24.533462943712642
            ],
            [
              86.52054005067342,
              24.533227874219428
            ],
            [
              86.5202693748036,
              24.53238808233236
            ],
            [
              86.51975188591113,
              24.531679002649305
            ],
            [
              86.51875052218584,
              24.53126298324662
            ],
            [
              86.51750787367017,
              24.53033229683629
            ],
            [
              86.51686242156211,
              24.52922135030441
            ],
            [
              86.51612403963622,
              24.527117275262842
            ],
            [
              86.51587277905462,
              24.526550802175965
            ],
            [
              86.51535092704485,
              24.525374252866555
            ],
            [
              86.5146408303723,
              24.524809490636986
            ],
            [
              86.51401919260245,
              24.524732257711552
            ],
            [
              86.51387152394277,
              24.52434849433929
            ],
            [
              86.51332406455748,
              24.524086274239504
            ],
            [
              86.5124753452602,
              24.524139810673155
            ],
            [
              86.51166138896777,
              24.523940583365707
            ],
            [
              86.5113807417983,
              24.52378517162587
            ],
            [
              86.51118794806693,
              24.523678410633607
            ],
            [
              86.51099605175258,
              24.52308692383369
            ],
            [
              86.51068563710953,
              24.522608200022088
            ],
            [
              86.51064923917086,
              24.522596686926914
            ],
            [
              86.51039954165786,
              24.522517701197515
            ],
            [
              86.50956595987141,
              24.52219203778
            ],
            [
              86.50934425026942,
              24.52185334509929
            ],
            [
              86.50931584823509,
              24.52049907687216
            ],
            [
              86.50916339784314,
              24.520024972394673
            ],
            [
              86.50863110112155,
              24.519370084680148
            ],
            [
              86.50728109225133,
              24.517364763947835
            ],
            [
              86.50686226173323,
              24.516450968359916
            ],
            [
              86.50667051633586,
              24.51603261816446
            ],
            [
              86.50564598865265,
              24.514212678234518
            ],
            [
              86.50461657323595,
              24.512388200161542
            ],
            [
              86.50384328996464,
              24.511078447138537
            ],
            [
              86.50346943180465,
              24.509859324973213
            ],
            [
              86.5031982196406,
              24.509230115962012
            ],
            [
              86.50287383439826,
              24.50847753878678
            ],
            [
              86.50232755899249,
              24.507131946783666
            ],
            [
              86.50150999776085,
              24.505700293226568
            ],
            [
              86.50078150808287,
              24.5040385336328
            ],
            [
              86.50076707664782,
              24.503618704291657
            ],
            [
              86.50087531735136,
              24.503343286340346
            ],
            [
              86.50102421490632,
              24.502964411971725
            ],
            [
              86.50139019484128,
              24.502116031033168
            ],
            [
              86.50163739503782,
              24.501502346162876
            ],
            [
              86.50165262597343,
              24.501068975878667
            ],
            [
              86.50155943474589,
              24.500522715610266
            ],
            [
              86.50157894795046,
              24.500304941784346
            ],
            [
              86.50169769355294,
              24.500000191199245
            ],
            [
              86.5018350181121,
              24.49938369219477
            ],
            [
              86.50192598600934,
              24.4989752996262
            ],
            [
              86.50205502989823,
              24.49821256562318
            ],
            [
              86.5020802483032,
              24.497648363053994
            ],
            [
              86.50206133786814,
              24.496786155810707
            ],
            [
              86.50219990928893,
              24.496285186091402
            ],
            [
              86.50230383538414,
              24.496009886955132
            ],
            [
              86.50265955116868,
              24.495454991930877
            ],
            [
              86.50275372425486,
              24.49499912216224
            ],
            [
              86.50271458914948,
              24.49466049270594
            ],
            [
              86.5027796172946,
              24.49373516181028
            ],
            [
              86.50267644129265,
              24.49324305772654
            ],
            [
              86.5020214868055,
              24.492118557994772
            ],
            [
              86.50131232617751,
              24.490953324904943
            ],
            [
              86.50073618089026,
              24.48989654503918
            ],
            [
              86.50039630869242,
              24.48944032403463
            ],
            [
              86.49999999085367,
              24.489154857350133
            ],
            [
              86.49984413135526,
              24.489065226331395
            ],
            [
              86.49942532688831,
              24.48899573935786
            ],
            [
              86.49918816267017,
              24.488956389631014
            ],
            [
              86.49868993365739,
              24.489064288655214
            ],
            [
              86.49815191466742,
              24.489375262402277
            ],
            [
              86.49797593380497,
              24.489547415771163
            ],
            [
              86.49763334599999,
              24.48988255274615
            ],
            [
              86.49708247840653,
              24.490246854619187
            ],
            [
              86.49679093736758,
              24.48975141130185
            ],
            [
              86.49673172581396,
              24.489750220206183
            ],
            [
              86.49668726908887,
              24.489736705316172
            ],
            [
              86.496652754019,
              24.489705161302215
            ],
            [
              86.49659338615851,
              24.489569762133446
            ],
            [
              86.49648456604162,
              24.489262961397074
            ],
            [
              86.49632141312142,
              24.488870361213095
            ],
            [
              86.49626697162192,
              24.48866272635273
            ],
            [
              86.49614813259467,
              24.488220419776894
            ],
            [
              86.49604931791342,
              24.48800387707154
            ],
            [
              86.49594554093854,
              24.48786851040697
            ],
            [
              86.49565927570525,
              24.487661094621277
            ],
            [
              86.49516067838323,
              24.48721914423025
            ],
            [
              86.49460753086558,
              24.486574072400977
            ],
            [
              86.49433593512087,
              24.486204137793962
            ],
            [
              86.49420238977409,
              24.48583854805768
            ],
            [
              86.49417263487693,
              24.48560390123478
            ],
            [
              86.49424607215141,
              24.485107234593308
            ],
            [
              86.49433956431463,
              24.48482730093439
            ],
            [
              86.49448241620773,
              24.48459241759368
            ],
            [
              86.49478295567086,
              24.484262690866046
            ],
            [
              86.49522648536767,
              24.483810973681326
            ],
            [
              86.4953544692445,
              24.483567099603057
            ],
            [
              86.49537402107666,
              24.483341377720294
            ],
            [
              86.49535900573673,
              24.483097568135154
            ],
            [
              86.49521553041279,
              24.482673394757803
            ],
            [
              86.49494358702007,
              24.48198295671441
            ],
            [
              86.49486456132622,
              24.48187016675587
            ],
            [
              86.49481017462398,
              24.481734787768776
            ],
            [
              86.49481988181896,
              24.481567758752576
            ],
            [
              86.49479995089774,
              24.48135561284413
            ],
            [
              86.49474552826285,
              24.481179607394772
            ],
            [
              86.4945824957169,
              24.48090437739163
            ],
            [
              86.4943751160403,
              24.480674324216796
            ],
            [
              86.4941529608739,
              24.480466850787376
            ],
            [
              86.49377276869285,
              24.480047340907575
            ],
            [
              86.49341718765562,
              24.479569126847824
            ],
            [
              86.49308141806367,
              24.479176664832526
            ],
            [
              86.49290358667169,
              24.47889241592986
            ],
            [
              86.49277511411134,
              24.47864424170681
            ],
            [
              86.49271074173639,
              24.47837344721329
            ],
            [
              86.49266663176101,
              24.478235951854295
            ],
            [
              86.49265138106242,
              24.47818841566558
            ],
            [
              86.4927693388424,
              24.477736916225066
            ],
            [
              86.4927690989922,
              24.477479613912767
            ],
            [
              86.49267023131036,
              24.47724044418322
            ],
            [
              86.49245291985997,
              24.47692914120804
            ],
            [
              86.49211714936972,
              24.476523135028614
            ],
            [
              86.49194918327619,
              24.47623436296699
            ],
            [
              86.49184032004018,
              24.47585075076541
            ],
            [
              86.49185486286629,
              24.47557537992858
            ],
            [
              86.49197304971665,
              24.475372155295606
            ],
            [
              86.49224410916713,
              24.475141727361066
            ],
            [
              86.49257921220915,
              24.474829994862848
            ],
            [
              86.49309652682842,
              24.474220191276356
            ],
            [
              86.49330359478962,
              24.47412974837061
            ],
            [
              86.49372288973672,
              24.474192616089933
            ],
            [
              86.49378601794497,
              24.474184963355327
            ],
            [
              86.494097694721,
              24.474147181241655
            ],
            [
              86.49435404605532,
              24.47401606999988
            ],
            [
              86.49447227782143,
              24.47386701062495
            ],
            [
              86.49450163656157,
              24.473618713663335
            ],
            [
              86.4944913598347,
              24.473537813400622
            ],
            [
              86.4944718232739,
              24.473384004809127
            ],
            [
              86.49437795830988,
              24.473221572738094
            ],
            [
              86.49426931965266,
              24.473081721130825
            ],
            [
              86.4942150137988,
              24.473027594715248
            ],
            [
              86.49384991690776,
              24.472901487704924
            ],
            [
              86.49350953177188,
              24.47282952998536
            ],
            [
              86.49312968095062,
              24.472748573618034
            ],
            [
              86.49230080992952,
              24.472455802954684
            ],
            [
              86.4918123869264,
              24.472302701910824
            ],
            [
              86.49161501088881,
              24.472203545146233
            ],
            [
              86.49126457809649,
              24.47192845494848
            ],
            [
              86.49106716612629,
              24.47178866976668
            ],
            [
              86.49069222819132,
              24.471680619386735
            ],
            [
              86.49048000300206,
              24.471522788302483
            ],
            [
              86.49030719858241,
              24.471324300131464
            ],
            [
              86.49010472999548,
              24.471044581099356
            ],
            [
              86.48997599961865,
              24.470498474162973
            ],
            [
              86.4899065841017,
              24.470092259187492
            ],
            [
              86.48993602369019,
              24.469925216355623
            ],
            [
              86.48997537888279,
              24.469812333828532
            ],
            [
              86.49010837805386,
              24.469631669736966
            ],
            [
              86.49046328625295,
              24.46941472302196
            ],
            [
              86.49111904563055,
              24.46919754536079
            ],
            [
              86.49132607316756,
              24.469070992174338
            ],
            [
              86.49139990390414,
              24.468908426987422
            ],
            [
              86.49141944136325,
              24.468700764095228
            ],
            [
              86.49133036711463,
              24.468375818976774
            ],
            [
              86.49106351627128,
              24.46780273383859
            ],
            [
              86.49088071989075,
              24.467459803969096
            ],
            [
              86.49086074135883,
              24.46718445974786
            ],
            [
              86.49074712513664,
              24.46698592712553
            ],
            [
              86.49061386455581,
              24.466877691106024
            ],
            [
              86.49042142206575,
              24.46676949914649
            ],
            [
              86.49010071722111,
              24.466625292932406
            ],
            [
              86.48968622017595,
              24.466386360957742
            ],
            [
              86.4895875222757,
              24.466318724070423
            ],
            [
              86.48949865374128,
              24.466214967390837
            ],
            [
              86.48937020363881,
              24.465971305331433
            ],
            [
              86.48913776905063,
              24.46518495269115
            ],
            [
              86.48913275195973,
              24.46516797565017
            ],
            [
              86.48904882505772,
              24.465073243343333
            ],
            [
              86.48885639424574,
              24.464974077614446
            ],
            [
              86.4885604272074,
              24.46491110308423
            ],
            [
              86.48801785286062,
              24.46483025528005
            ],
            [
              86.48738143510938,
              24.4645914826142
            ],
            [
              86.48700640913952,
              24.464357028395344
            ],
            [
              86.486868206028,
              24.464247862067094
            ],
            [
              86.4867313737456,
              24.464139779050495
            ],
            [
              86.4867599832908,
              24.463585602847704
            ],
            [
              86.48695762433138,
              24.462928058118862
            ],
            [
              86.4874835394212,
              24.462270182068316
            ],
            [
              86.48810032718687,
              24.461720116296995
            ],
            [
              86.48819832080795,
              24.461632721722633
            ],
            [
              86.49023641403299,
              24.46027007120944
            ],
            [
              86.49150750410888,
              24.459549032347894
            ],
            [
              86.49254611198586,
              24.458903336265823
            ],
            [
              86.49303397084698,
              24.45859197077876
            ],
            [
              86.4932412283527,
              24.45845969201513
            ],
            [
              86.49386965558949,
              24.45783934577975
            ],
            [
              86.49466039672004,
              24.457067447742872
            ],
            [
              86.49519312822622,
              24.456491029655815
            ],
            [
              86.49532280991896,
              24.456259262910432
            ],
            [
              86.49538769792687,
              24.455500199957072
            ],
            [
              86.49541114665074,
              24.45389826821888
            ],
            [
              86.49555599729536,
              24.452557299835195
            ],
            [
              86.49561714292183,
              24.451101442201022
            ],
            [
              86.49571987515601,
              24.449781376213778
            ],
            [
              86.49577132257065,
              24.448356734228213
            ],
            [
              86.49572240660846,
              24.44723603032462
            ],
            [
              86.4957730895568,
              24.446846397632843
            ],
            [
              86.49612796541653,
              24.446201194995858
            ],
            [
              86.49619911468197,
              24.4460206426035
            ],
            [
              86.49650469099893,
              24.445245197383127
            ],
            [
              86.49675671694514,
              24.444312085841233
            ],
            [
              86.49676772490064,
              24.443750992993195
            ],
            [
              86.49661684566215,
              24.44323768093803
            ],
            [
              86.49619920720848,
              24.44259938663632
            ],
            [
              86.49574539000504,
              24.442178450294925
            ],
            [
              86.4946098071965,
              24.44132777372608
            ],
            [
              86.49431551102458,
              24.441008698609647
            ],
            [
              86.49420714186198,
              24.440822468040594
            ],
            [
              86.49391941057813,
              24.43895838970599
            ],
            [
              86.49378866797507,
              24.43807566175263
            ],
            [
              86.4936323727937,
              24.437095307747274
            ],
            [
              86.49361094617758,
              24.436112243953165
            ],
            [
              86.49332803525355,
              24.435243275256255
            ],
            [
              86.49283487273898,
              24.434210581597277
            ],
            [
              86.4924258275693,
              24.433433401833398
            ],
            [
              86.49190623482247,
              24.432057417678536
            ],
            [
              86.491529944923,
              24.430051964974055
            ],
            [
              86.49127929968735,
              24.42808116176235
            ],
            [
              86.49025400843614,
              24.428150867191725
            ],
            [
              86.48868605300663,
              24.428323589268874
            ],
            [
              86.48743520017747,
              24.42845600435141
            ],
            [
              86.48605408264896,
              24.428608052063883
            ],
            [
              86.48528082902205,
              24.428693175343728
            ],
            [
              86.48379077010408,
              24.428725578707876
            ],
            [
              86.48327110369539,
              24.428581921112762
            ],
            [
              86.4822208168214,
              24.42805468227702
            ],
            [
              86.48133194911912,
              24.427786020082195
            ],
            [
              86.48070303140219,
              24.427705108383055
            ],
            [
              86.47996494771697,
              24.427880945635227
            ],
            [
              86.47963210393789,
              24.427916341086792
            ],
            [
              86.47943184071495,
              24.427937638386837
            ],
            [
              86.47918693840896,
              24.427834196077022
            ],
            [
              86.47896108487855,
              24.427583968113886
            ],
            [
              86.47879675696191,
              24.42722087622393
            ],
            [
              86.47851020965764,
              24.42640208394108
            ],
            [
              86.47788741665431,
              24.42548215189813
            ],
            [
              86.47702219710189,
              24.424508815923158
            ],
            [
              86.47636602809251,
              24.424534365357456
            ],
            [
              86.47448196090443,
              24.424634224605587
            ],
            [
              86.47351825275918,
              24.42465363469736
            ],
            [
              86.47252714330283,
              24.42469181934736
            ],
            [
              86.4720965700074,
              24.424811068908326
            ],
            [
              86.47163451884606,
              24.424904166195674
            ],
            [
              86.47141626057133,
              24.424948140821314
            ],
            [
              86.47058942243777,
              24.425261715184405
            ],
            [
              86.47013209910976,
              24.425473993186518
            ],
            [
              86.46942782980848,
              24.42580089414964
            ],
            [
              86.46869777706193,
              24.426246335794264
            ],
            [
              86.46866367611541,
              24.426267141811838
            ],
            [
              86.46844923208744,
              24.425919443346615
            ],
            [
              86.46824712911483,
              24.425619857784053
            ],
            [
              86.46806926807845,
              24.425445435646882
            ],
            [
              86.46771404277408,
              24.42518420522249
            ],
            [
              86.46763206341956,
              24.42504050678811
            ],
            [
              86.46763039794301,
              24.425037590907593
            ],
            [
              86.46738643257984,
              24.424604120186086
            ],
            [
              86.46711477125815,
              24.424374722408842
            ],
            [
              86.46665507458118,
              24.424037030952
            ],
            [
              86.46649652462847,
              24.423861939198552
            ],
            [
              86.4664197977234,
              24.42365155198693
            ],
            [
              86.4664821749401,
              24.423268907608424
            ],
            [
              86.46649589580777,
              24.42298832204141
            ],
            [
              86.4664400205971,
              24.422733284831526
            ],
            [
              86.46636707739603,
              24.422493670095097
            ],
            [
              86.46629725314563,
              24.422200380240056
            ],
            [
              86.46633869602293,
              24.421747603746674
            ],
            [
              86.46640120888524,
              24.421556262865618
            ],
            [
              86.46649851529513,
              24.421345772020402
            ],
            [
              86.46689853059958,
              24.421005485296973
            ],
            [
              86.46694942285536,
              24.42097795081325
            ],
            [
              86.46744129179594,
              24.420711823906746
            ],
            [
              86.46773359280961,
              24.42061599403536
            ],
            [
              86.46807262598095,
              24.42063075307867
            ],
            [
              86.46831139099699,
              24.420641145917617
            ],
            [
              86.4685967668981,
              24.42059633303048
            ],
            [
              86.46884725582689,
              24.420443134624044
            ],
            [
              86.46909642333387,
              24.420152327390277
            ],
            [
              86.46911359373222,
              24.4201095420295
            ],
            [
              86.4691450617166,
              24.42003113815357
            ],
            [
              86.46918309099587,
              24.41986280121768
            ],
            [
              86.46912358299818,
              24.4192276792479
            ],
            [
              86.46903275883137,
              24.418781362146717
            ],
            [
              86.46890076307847,
              24.41845986035573
            ],
            [
              86.46867858096263,
              24.417987624972202
            ],
            [
              86.46860875401727,
              24.417694336913552
            ],
            [
              86.46868503805288,
              24.41730530740032
            ],
            [
              86.46904938485065,
              24.416524031774514
            ],
            [
              86.46918814581596,
              24.41590539898119
            ],
            [
              86.46915459823167,
              24.415354154221706
            ],
            [
              86.46909176197586,
              24.415099122032593
            ],
            [
              86.46895453712969,
              24.41483968120761
            ],
            [
              86.46835320487851,
              24.414143062069023
            ],
            [
              86.46806277505556,
              24.413832124274375
            ],
            [
              86.46788854141631,
              24.413538900178782
            ],
            [
              86.46785351790002,
              24.413239211603507
            ],
            [
              86.46792982529182,
              24.412882066178685
            ],
            [
              86.46811724979271,
              24.41226195785661
            ],
            [
              86.46811946234325,
              24.412199189305195
            ],
            [
              86.46812899257009,
              24.411928701105374
            ],
            [
              86.46805225308866,
              24.411692806592928
            ],
            [
              86.46785713541567,
              24.411393219157812
            ],
            [
              86.46769941191302,
              24.411215593668118
            ],
            [
              86.46702245139637,
              24.41063559820835
            ],
            [
              86.46692914069288,
              24.410440130781296
            ],
            [
              86.4668802346122,
              24.4102488512867
            ],
            [
              86.46688715523314,
              24.41012767217317
            ],
            [
              86.46699587024713,
              24.409957178007364
            ],
            [
              86.46752012255536,
              24.409572564037163
            ],
            [
              86.46790262610165,
              24.40914500030347
            ],
            [
              86.46809571088714,
              24.40875208418421
            ],
            [
              86.4681233089293,
              24.408426865094345
            ],
            [
              86.46808404087328,
              24.40826042523039
            ],
            [
              86.46802552910727,
              24.408012425213204
            ],
            [
              86.46788604769309,
              24.407617165998705
            ],
            [
              86.46777555491315,
              24.40720096468586
            ],
            [
              86.4677069272187,
              24.406985050864257
            ],
            [
              86.46771939403823,
              24.406646230614108
            ],
            [
              86.46774014332465,
              24.406378426776214
            ],
            [
              86.46788615998251,
              24.40615513936123
            ],
            [
              86.46817627898835,
              24.405929466957105
            ],
            [
              86.4684267427643,
              24.40584644296395
            ],
            [
              86.46867727211725,
              24.405795209727213
            ],
            [
              86.46908599658836,
              24.40583827807469
            ],
            [
              86.46951956756195,
              24.405883963326907
            ],
            [
              86.47004866178955,
              24.406011173847862
            ],
            [
              86.47025744822787,
              24.40603656014619
            ],
            [
              86.47039430656142,
              24.40602114414472
            ],
            [
              86.47050489366445,
              24.405997008629818
            ],
            [
              86.4707053509235,
              24.405804412716392
            ],
            [
              86.47074719804267,
              24.405669918120697
            ],
            [
              86.47074690070033,
              24.405275238931015
            ],
            [
              86.47074682164859,
              24.405170460170837
            ],
            [
              86.47075358686101,
              24.40486950093305
            ],
            [
              86.47082333385627,
              24.404651744964443
            ],
            [
              86.47103972633012,
              24.404209779910737
            ],
            [
              86.47110100939881,
              24.40387938800692
            ],
            [
              86.47106483873388,
              24.403385627301663
            ],
            [
              86.47104363220497,
              24.40305907240311
            ],
            [
              86.47108541105221,
              24.402873351096154
            ],
            [
              86.47139484293834,
              24.402311772070114
            ],
            [
              86.47147431778984,
              24.402092198853634
            ],
            [
              86.47145712134038,
              24.40151772273428
            ],
            [
              86.47139813706049,
              24.4009255146805
            ],
            [
              86.47134199235524,
              24.400592578145407
            ],
            [
              86.47124397717461,
              24.400323702057623
            ],
            [
              86.47114909172439,
              24.400162267980047
            ],
            [
              86.47088222291474,
              24.40000062426741
            ],
            [
              86.47042097035569,
              24.399808816021302
            ],
            [
              86.47022524272664,
              24.399668065703004
            ],
            [
              86.47005087164514,
              24.399437655631516
            ],
            [
              86.4700449382727,
              24.39915187460026
            ],
            [
              86.47010902408506,
              24.398872482192626
            ],
            [
              86.47013531867177,
              24.398479431031372
            ],
            [
              86.47005098213793,
              24.39791601793503
            ],
            [
              86.47009647372224,
              24.39741266789924
            ],
            [
              86.47034660062995,
              24.396933333666635
            ],
            [
              86.47081415307407,
              24.396247848324425
            ],
            [
              86.4710120654059,
              24.39589657794108
            ],
            [
              86.47101293767005,
              24.395900013993053
            ],
            [
              86.47104667929042,
              24.395589175262536
            ],
            [
              86.47108138659975,
              24.39521141585432
            ],
            [
              86.47118585437906,
              24.394801475596335
            ],
            [
              86.47140655876629,
              24.39454141465824
            ],
            [
              86.4718114097019,
              24.394060992886054
            ],
            [
              86.47193684505828,
              24.393683098008974
            ],
            [
              86.47192977980858,
              24.39348455928813
            ],
            [
              86.47192660067077,
              24.39334790072536
            ],
            [
              86.47163257040019,
              24.39283893976967
            ],
            [
              86.47137391488717,
              24.392551014220167
            ],
            [
              86.47135309822708,
              24.392526598785395
            ],
            [
              86.47113131765819,
              24.392266485713193
            ],
            [
              86.47061169167365,
              24.391584593663314
            ],
            [
              86.47021724592398,
              24.39089464825421
            ],
            [
              86.47002842184789,
              24.390510507206997
            ],
            [
              86.46996532687729,
              24.390222450357502
            ],
            [
              86.46994773876231,
              24.38942715916835
            ],
            [
              86.46991933762631,
              24.388812462305925
            ],
            [
              86.46981885657021,
              24.38845617477357
            ],
            [
              86.4696019601415,
              24.388065704404504
            ],
            [
              86.4688190109977,
              24.387349016128553
            ],
            [
              86.46811073431196,
              24.386770496676995
            ],
            [
              86.46773309783788,
              24.386335294233827
            ],
            [
              86.46764216677155,
              24.386149645703256
            ],
            [
              86.46757902508853,
              24.38580396727697
            ],
            [
              86.46746152724602,
              24.38558110739906
            ],
            [
              86.46709806978038,
              24.385293256948575
            ],
            [
              86.46679746743516,
              24.384973204801284
            ],
            [
              86.46672052313781,
              24.38483881484495
            ],
            [
              86.46668706089349,
              24.38470566101583
            ],
            [
              86.46667135115578,
              24.38438417228919
            ],
            [
              86.46680507436898,
              24.38410005903194
            ],
            [
              86.46732162362365,
              24.383574702810666
            ],
            [
              86.46741219985546,
              24.383280048637946
            ],
            [
              86.46739791304917,
              24.38273584684727
            ],
            [
              86.46729553295457,
              24.382106347351357
            ],
            [
              86.4671764998912,
              24.381638997323563
            ],
            [
              86.46714136588213,
              24.381363680110574
            ],
            [
              86.46712655176479,
              24.381073597815067
            ],
            [
              86.46595900330514,
              24.38053982930264
            ],
            [
              86.46525329939439,
              24.380144868689893
            ],
            [
              86.4639885523227,
              24.37918763101626
            ],
            [
              86.46346909522146,
              24.378950002924793
            ],
            [
              86.46316157584856,
              24.37888756883566
            ],
            [
              86.46237247773668,
              24.378883068638043
            ],
            [
              86.46122455836436,
              24.378864941840284
            ],
            [
              86.4599224719196,
              24.378739261056005
            ],
            [
              86.45940998843987,
              24.378626441738664
            ],
            [
              86.45898624593383,
              24.378533157325425
            ],
            [
              86.4578996213083,
              24.37820190296606
            ],
            [
              86.45752461510138,
              24.377935391358
            ],
            [
              86.45748812373789,
              24.377771079618636
            ],
            [
              86.4571886110491,
              24.37734398837639
            ],
            [
              86.45695179807224,
              24.37701258525659
            ],
            [
              86.45688207533145,
              24.376853198068144
            ],
            [
              86.45688196663531,
              24.376693791041205
            ],
            [
              86.45696052790016,
              24.376423033712737
            ],
            [
              86.45700510320287,
              24.37616769135923
            ],
            [
              86.45694625636524,
              24.375932027088233
            ],
            [
              86.45682777396918,
              24.37571529559472
            ],
            [
              86.4564877257015,
              24.37536121312596
            ],
            [
              86.45627997142745,
              24.375015191812235
            ],
            [
              86.45616845007648,
              24.37471557631041
            ],
            [
              86.4561822679622,
              24.374505099041812
            ],
            [
              86.45632820467,
              24.374249939375908
            ],
            [
              86.45662727718427,
              24.374039400781843
            ],
            [
              86.45717364691312,
              24.37378134029558
            ],
            [
              86.45735230475513,
              24.37359827700711
            ],
            [
              86.4573613112642,
              24.373475119389056
            ],
            [
              86.45734035985681,
              24.373347609360305
            ],
            [
              86.45728467958057,
              24.37327118199741
            ],
            [
              86.45718981030002,
              24.37318251268098
            ],
            [
              86.45637992607078,
              24.37306120718835
            ],
            [
              86.45605280815334,
              24.372959331071968
            ],
            [
              86.45592048271872,
              24.37284460660524
            ],
            [
              86.45586473866207,
              24.372691593301486
            ],
            [
              86.45585790787267,
              24.372444465284428
            ],
            [
              86.45597412202264,
              24.372245553624687
            ],
            [
              86.45603486161059,
              24.37196823167122
            ],
            [
              86.4559067798174,
              24.371968315133977
            ],
            [
              86.45569478998675,
              24.37196836586626
            ],
            [
              86.45537440763728,
              24.371860282343228
            ],
            [
              86.45449704016727,
              24.371589882884965
            ],
            [
              86.45360006696619,
              24.371477459775626
            ],
            [
              86.45200798638143,
              24.37106294370103
            ],
            [
              86.45097780110852,
              24.37077011538869
            ],
            [
              86.44942525987098,
              24.37040520805652
            ],
            [
              86.44837536556076,
              24.37006713172377
            ],
            [
              86.44759155313604,
              24.369692809720792
            ],
            [
              86.44665970464067,
              24.368989103253497
            ],
            [
              86.4454320732616,
              24.368082272763594
            ],
            [
              86.44497133184393,
              24.367863734946475
            ],
            [
              86.44489976486187,
              24.36782978903831
            ],
            [
              86.44453501472054,
              24.36781635027268
            ],
            [
              86.44389951684417,
              24.36811910715857
            ],
            [
              86.44330355023017,
              24.36867010306165
            ],
            [
              86.44249087224038,
              24.369690664197886
            ],
            [
              86.4420674207885,
              24.37024608338882
            ],
            [
              86.44181624105528,
              24.370684090606623
            ],
            [
              86.44142243760103,
              24.371424584254132
            ],
            [
              86.44065899267873,
              24.372296113944344
            ],
            [
              86.4395111505615,
              24.373154297620808
            ],
            [
              86.43846660661713,
              24.373637774841576
            ],
            [
              86.43719557493172,
              24.37465398701414
            ],
            [
              86.43595409063265,
              24.375584409315515
            ],
            [
              86.43495955590015,
              24.376619488195537
            ],
            [
              86.43437671367245,
              24.37736939270833
            ],
            [
              86.43396025021514,
              24.378094027690146
            ],
            [
              86.43302355530884,
              24.379725554392476
            ],
            [
              86.43255194876781,
              24.38014289025907
            ],
            [
              86.43212252082434,
              24.380287668276406
            ],
            [
              86.43168046885619,
              24.380179355401708
            ],
            [
              86.43094845059578,
              24.379595446294164
            ],
            [
              86.43005454783633,
              24.378754933216
            ],
            [
              86.42937515019034,
              24.377944461369616
            ],
            [
              86.42888375556025,
              24.37748704232202
            ],
            [
              86.4282421715978,
              24.377221236974822
            ],
            [
              86.42795180196198,
              24.377178126143114
            ],
            [
              86.42778081932573,
              24.37715273895553
            ],
            [
              86.42700553730296,
              24.37740951039938
            ],
            [
              86.4262660576358,
              24.37795741467061
            ],
            [
              86.425600966559,
              24.37850220733069
            ],
            [
              86.42529523034193,
              24.378778357994047
            ],
            [
              86.42493468701109,
              24.37897920427988
            ],
            [
              86.42431081423277,
              24.37932673580734
            ],
            [
              86.42355337275151,
              24.379514461984538
            ],
            [
              86.42274998693503,
              24.379421221591862
            ],
            [
              86.42181854717315,
              24.379108974270807
            ],
            [
              86.42133832399193,
              24.378875418301657
            ],
            [
              86.4208962863968,
              24.378767073942974
            ],
            [
              86.4206910626769,
              24.37872252111856
            ],
            [
              86.42044410502551,
              24.378668907319888
            ],
            [
              86.42012866700338,
              24.378750364283263
            ],
            [
              86.41944564914678,
              24.37914955861127
            ],
            [
              86.41885408337936,
              24.37965148406448
            ],
            [
              86.41872014816376,
              24.379765123133854
            ],
            [
              86.41840954936606,
              24.379943917888433
            ],
            [
              86.41814385285785,
              24.379955011191353
            ],
            [
              86.41766802243838,
              24.38002365006108
            ],
            [
              86.41693663928685,
              24.380093201197617
            ],
            [
              86.4159598453829,
              24.38015348116387
            ],
            [
              86.41513568872044,
              24.380070823153886
            ],
            [
              86.41466273829975,
              24.379983260735315
            ],
            [
              86.4143400284154,
              24.379918690807376
            ],
            [
              86.41412168659737,
              24.379908797816988
            ],
            [
              86.41389172237622,
              24.379898378716025
            ],
            [
              86.41366902193245,
              24.37991742503485
            ],
            [
              86.41299612269921,
              24.380306412617607
            ],
            [
              86.41274857844793,
              24.380496069127656
            ],
            [
              86.41213435716908,
              24.38096664792385
            ],
            [
              86.41143540858921,
              24.38190296634626
            ],
            [
              86.41013068289415,
              24.383293736126184
            ],
            [
              86.40895343801934,
              24.384249983797766
            ],
            [
              86.40852012935385,
              24.384746015287387
            ],
            [
              86.40742114031673,
              24.385991620836094
            ],
            [
              86.40663805912062,
              24.386736330030338
            ],
            [
              86.40608537603198,
              24.387091111261167
            ],
            [
              86.40587428182168,
              24.387226617252566
            ],
            [
              86.4048732962871,
              24.38787309833245
            ],
            [
              86.40425734575129,
              24.388552304771228
            ],
            [
              86.40404189471184,
              24.389146545026684
            ],
            [
              86.40395065462508,
              24.391384105297476
            ],
            [
              86.40384266724647,
              24.392812034828278
            ],
            [
              86.4037316273925,
              24.393704620341552
            ],
            [
              86.40347058864904,
              24.394670775157554
            ],
            [
              86.40304686680423,
              24.395754240223546
            ],
            [
              86.40242106983462,
              24.396774497638372
            ],
            [
              86.40154393412993,
              24.397636885402807
            ],
            [
              86.40105304614967,
              24.39795698973958
            ],
            [
              86.40041521085692,
              24.39837291227893
            ],
            [
              86.40004069423182,
              24.39853092411636
            ],
            [
              86.3997054456627,
              24.39858062474468
            ],
            [
              86.39932103499306,
              24.398494925672043
            ],
            [
              86.39868016968288,
              24.398147471396506
            ],
            [
              86.39818136934159,
              24.398009382940906
            ],
            [
              86.39788150990309,
              24.397926369284917
            ],
            [
              86.39743796134167,
              24.398021241212053
            ],
            [
              86.39699924930973,
              24.398364408216583
            ],
            [
              86.39673815037916,
              24.398811330073368
            ],
            [
              86.3967185239868,
              24.399538105756875
            ],
            [
              86.39681234942498,
              24.40002074169685
            ],
            [
              86.39690105087278,
              24.40047702223191
            ],
            [
              86.39737267358345,
              24.401641122991204
            ],
            [
              86.39738932924715,
              24.40168223020514
            ],
            [
              86.39752742635747,
              24.402404485100814
            ],
            [
              86.39750290504513,
              24.402833293026276
            ],
            [
              86.39733532792216,
              24.403189912231543
            ],
            [
              86.39675379004824,
              24.403740774081044
            ],
            [
              86.39584683566603,
              24.40436385206627
            ],
            [
              86.3950328829669,
              24.404825785995797
            ],
            [
              86.39448637399919,
              24.405135937741075
            ],
            [
              86.39291834400947,
              24.405749760857557
            ],
            [
              86.3922485161162,
              24.40601196571262
            ],
            [
              86.39103102042847,
              24.406702677677544
            ],
            [
              86.3905233752749,
              24.40723999637345
            ],
            [
              86.38951776072167,
              24.40812482073207
            ],
            [
              86.3883063502217,
              24.409044291962232
            ],
            [
              86.38793550860441,
              24.409325759271454
            ],
            [
              86.38671796710263,
              24.409953304698966
            ],
            [
              86.38580277157598,
              24.410567897050484
            ],
            [
              86.38575666284909,
              24.41059885964124
            ],
            [
              86.38549537437397,
              24.41072991906431
            ],
            [
              86.3835334672682,
              24.411713969206307
            ],
            [
              86.38228138195043,
              24.412215168155655
            ],
            [
              86.38115239906429,
              24.412914920229838
            ],
            [
              86.38055595005498,
              24.413506208252784
            ],
            [
              86.37981164014656,
              24.414684475019556
            ],
            [
              86.37926433886474,
              24.41513945514317
            ],
            [
              86.37906223858708,
              24.415307462188807
            ],
            [
              86.3780565800164,
              24.416232849056485
            ],
            [
              86.37781997904192,
              24.4167113558597
            ],
            [
              86.37771648144309,
              24.417140195356016
            ],
            [
              86.37772840208692,
              24.417542680942542
            ],
            [
              86.37776581691848,
              24.41880588620195
            ],
            [
              86.37773564430474,
              24.419062890358056
            ],
            [
              86.377701687987,
              24.41935211408639
            ],
            [
              86.37746018221105,
              24.419582325861978
            ],
            [
              86.3771791307997,
              24.41965008025961
            ],
            [
              86.37667130418643,
              24.419519111075974
            ],
            [
              86.37618821627777,
              24.419171578055025
            ],
            [
              86.3758233161178,
              24.418679576060512
            ],
            [
              86.37566065727097,
              24.417799244333676
            ],
            [
              86.3753106026694,
              24.41729817961887
            ],
            [
              86.3749901610311,
              24.417113158172754
            ],
            [
              86.37465000855892,
              24.41704546212495
            ],
            [
              86.37412978788966,
              24.41708652424308
            ],
            [
              86.3740781033198,
              24.417090602643153
            ],
            [
              86.37396746860603,
              24.417140344226578
            ],
            [
              86.37325484766755,
              24.417460736942658
            ],
            [
              86.37270761555604,
              24.417681907095396
            ],
            [
              86.37145536494829,
              24.417857882647194
            ],
            [
              86.36976930531341,
              24.41821447822684
            ],
            [
              86.36956497901048,
              24.418296080646943
            ],
            [
              86.3685712689314,
              24.41869293661882
            ],
            [
              86.36799935111586,
              24.41919396307772
            ],
            [
              86.36772322516721,
              24.419611764847133
            ],
            [
              86.36764474205576,
              24.419730515350142
            ],
            [
              86.36764434589871,
              24.419731114091878
            ],
            [
              86.3674274144357,
              24.420390223972408
            ],
            [
              86.36741754823895,
              24.42100413895959
            ],
            [
              86.36744705340446,
              24.422010724180822
            ],
            [
              86.36759980203703,
              24.42300843171824
            ],
            [
              86.36762441497751,
              24.42363134180747
            ],
            [
              86.36754058419521,
              24.42412338420333
            ],
            [
              86.3672743531894,
              24.42448000624494
            ],
            [
              86.36713495981012,
              24.424565066058626
            ],
            [
              86.36678617632464,
              24.424777898147152
            ],
            [
              86.36629086414162,
              24.4249446237679
            ],
            [
              86.36535140511917,
              24.425260847374116
            ],
            [
              86.36422235575768,
              24.425892734391798
            ],
            [
              86.36377855207472,
              24.426348580349625
            ],
            [
              86.36311288158457,
              24.427377800130905
            ],
            [
              86.36245023572197,
              24.427991301612668
            ],
            [
              86.36224998777043,
              24.428176695609707
            ],
            [
              86.36156957592644,
              24.428524244721597
            ],
            [
              86.36071163272784,
              24.428650495116155
            ],
            [
              86.35984390058756,
              24.42866398629976
            ],
            [
              86.35930400501697,
              24.428777780838846
            ],
            [
              86.35890213738641,
              24.428862482788734
            ],
            [
              86.35822909172778,
              24.4292198831527
            ],
            [
              86.35816259393887,
              24.429255193985746
            ],
            [
              86.3578321082374,
              24.429670410625288
            ],
            [
              86.35768419972757,
              24.430126319813187
            ],
            [
              86.35759035722143,
              24.43091174538299
            ],
            [
              86.35746693588789,
              24.43192743382726
            ],
            [
              86.3572499235765,
              24.432451055390004
            ],
            [
              86.3567962384254,
              24.432920476334036
            ],
            [
              86.3562007290539,
              24.433438534750064
            ],
            [
              86.35570155411514,
              24.433872783978146
            ],
            [
              86.35504563483738,
              24.434748472626364
            ],
            [
              86.35481869614212,
              24.435339785101103
            ],
            [
              86.3547859300921,
              24.43568926586389
            ],
            [
              86.35477426007824,
              24.435813743350337
            ],
            [
              86.35463606415328,
              24.436897100646306
            ],
            [
              86.35449297779986,
              24.43750647072275
            ],
            [
              86.35414767798108,
              24.437946486400854
            ],
            [
              86.35410334522349,
              24.438002979165375
            ],
            [
              86.35309730037721,
              24.438797325633903
            ],
            [
              86.35275698171668,
              24.4392170939584
            ],
            [
              86.35239689562829,
              24.44030040238472
            ],
            [
              86.3523662451108,
              24.44042271791236
            ],
            [
              86.35205640808448,
              24.44165916018035
            ],
            [
              86.35179972078025,
              24.443162327934466
            ],
            [
              86.35162198101645,
              24.444254724135256
            ],
            [
              86.35129149711162,
              24.44513937560405
            ],
            [
              86.35083752539794,
              24.446344561014886
            ],
            [
              86.35046168285949,
              24.44693540285367
            ],
            [
              86.3504183086043,
              24.447003586609988
            ],
            [
              86.34990046218235,
              24.44738718200935
            ],
            [
              86.34952562935028,
              24.447509028618654
            ],
            [
              86.34902266082608,
              24.447472816804574
            ],
            [
              86.34875373217949,
              24.447367835114136
            ],
            [
              86.34812037319176,
              24.447120589905435
            ],
            [
              86.34765191973742,
              24.447106919150343
            ],
            [
              86.3457237183194,
              24.447363841105965
            ],
            [
              86.34498412097294,
              24.447241875778953
            ],
            [
              86.3443925075948,
              24.446853492669028
            ],
            [
              86.34425445989181,
              24.446591707159108
            ],
            [
              86.34427427672699,
              24.446289242233004
            ],
            [
              86.34452586160043,
              24.44590559687832
            ],
            [
              86.34506844762528,
              24.445242154394883
            ],
            [
              86.3451720386489,
              24.444917112778214
            ],
            [
              86.34505381227267,
              24.44454243115777
            ],
            [
              86.3446889417571,
              24.444226379385984
            ],
            [
              86.34394449530475,
              24.44397795038866
            ],
            [
              86.34234187299008,
              24.44406789564639
            ],
            [
              86.34134580213842,
              24.444058594041305
            ],
            [
              86.34021168627876,
              24.443941029348576
            ],
            [
              86.33904802842265,
              24.443737620368715
            ],
            [
              86.33757863255286,
              24.443479938646067
            ],
            [
              86.33650379472213,
              24.44304632767888
            ],
            [
              86.33535011355555,
              24.442504347855785
            ],
            [
              86.33496398710373,
              24.4424591747236
            ],
            [
              86.33484719174375,
              24.44244551000536
            ],
            [
              86.33430963628449,
              24.44259433096624
            ],
            [
              86.3336093635879,
              24.443050039682156
            ],
            [
              86.3335850488881,
              24.443073153217686
            ],
            [
              86.33310131958234,
              24.443532966370743
            ],
            [
              86.3329039938504,
              24.443686350177735
            ],
            [
              86.3328583684171,
              24.443722877931773
            ],
            [
              86.33235156678157,
              24.444128616121446
            ],
            [
              86.3319570338953,
              24.444318068002755
            ],
            [
              86.33170552178544,
              24.444363107168453
            ],
            [
              86.33143920633799,
              24.444372045650766
            ],
            [
              86.33132581738957,
              24.444322413758734
            ],
            [
              86.33116313877983,
              24.444209524643117
            ],
            [
              86.33091173716274,
              24.443915976976985
            ],
            [
              86.33062646456786,
              24.443725102341293
            ],
            [
              86.33047299189313,
              24.44362241308905
            ],
            [
              86.33020183722125,
              24.443464429083264
            ],
            [
              86.3298073986581,
              24.44335593160315
            ],
            [
              86.32967923511816,
              24.443283653600115
            ],
            [
              86.32955102935745,
              24.44325653288004
            ],
            [
              86.32935382040652,
              24.4432564723628
            ],
            [
              86.32906286506912,
              24.443260871312404
            ],
            [
              86.32883603327338,
              24.443247312177352
            ],
            [
              86.32826413072922,
              24.443062068731052
            ],
            [
              86.32807676102557,
              24.443048410620573
            ],
            [
              86.32784497771594,
              24.4430754692325
            ],
            [
              86.32764282892924,
              24.443188275130215
            ],
            [
              86.32742091540966,
              24.443233348229445
            ],
            [
              86.32700671840183,
              24.443242253262056
            ],
            [
              86.32684398858811,
              24.44325119264167
            ],
            [
              86.32650365824948,
              24.44341359630401
            ],
            [
              86.32620773433028,
              24.44349925015494
            ],
            [
              86.32567514475785,
              24.44363902993115
            ],
            [
              86.32541869371057,
              24.44364800117677
            ],
            [
              86.32514758305614,
              24.443575625205323
            ],
            [
              86.32490104581629,
              24.443390465657085
            ],
            [
              86.32469413056872,
              24.443119595357853
            ],
            [
              86.32431460493757,
              24.442528063396146
            ],
            [
              86.32404355177533,
              24.44231588034132
            ],
            [
              86.32384633114629,
              24.44220743503014
            ],
            [
              86.32351100262713,
              24.442153192303273
            ],
            [
              86.32300316523406,
              24.44218460675072
            ],
            [
              86.32212047704266,
              24.442265547596836
            ],
            [
              86.32186409786053,
              24.442224842060657
            ],
            [
              86.32170138691144,
              24.44215700901225
            ],
            [
              86.32140562199405,
              24.441899643004273
            ],
            [
              86.32095202128457,
              24.441515860799623
            ],
            [
              86.32080421338605,
              24.441461543354283
            ],
            [
              86.32066131208559,
              24.441434438598446
            ],
            [
              86.32038510978013,
              24.441429767253535
            ],
            [
              86.31982299617765,
              24.441501838595293
            ],
            [
              86.31912766960501,
              24.44150611738776
            ],
            [
              86.31823525894724,
              24.441487646284425
            ],
            [
              86.31741319356276,
              24.44151768370246
            ],
            [
              86.31737720705246,
              24.441518998744026
            ],
            [
              86.31695308455906,
              24.441649755353353
            ],
            [
              86.31667336624757,
              24.441780570709383
            ],
            [
              86.31651910305541,
              24.441852714635633
            ],
            [
              86.31614914717701,
              24.44209181826569
            ],
            [
              86.31591803041734,
              24.442196530385043
            ],
            [
              86.31586943874699,
              24.442480798325526
            ],
            [
              86.31578029622641,
              24.443405473917796
            ],
            [
              86.3156934147654,
              24.4442581801334
            ],
            [
              86.31569318659331,
              24.444720583815055
            ],
            [
              86.31559052173273,
              24.445189206714694
            ],
            [
              86.31546060378311,
              24.445588977710287
            ],
            [
              86.31520492079534,
              24.445924107405645
            ],
            [
              86.31519074358354,
              24.44594268825964
            ],
            [
              86.31461572658029,
              24.44647283474587
            ],
            [
              86.31436422525019,
              24.446704708630126
            ],
            [
              86.31355153827725,
              24.447060468665995
            ],
            [
              86.31301205233846,
              24.44726646299349
            ],
            [
              86.31230768422247,
              24.447313023801467
            ],
            [
              86.31062815983132,
              24.44707480673127
            ],
            [
              86.30927469244725,
              24.44711008639547
            ],
            [
              86.3074379952207,
              24.447146751361338
            ],
            [
              86.30558418508797,
              24.447353646734825
            ],
            [
              86.30447798257912,
              24.447490626270135
            ],
            [
              86.30337231366954,
              24.44761255210332
            ],
            [
              86.30234273386117,
              24.447726080939514
            ],
            [
              86.30039677993653,
              24.447643846613182
            ],
            [
              86.3000431859727,
              24.447689451306392
            ],
            [
              86.29972079319364,
              24.447731030911243
            ],
            [
              86.29932009786454,
              24.447953784343543
            ],
            [
              86.29916052113745,
              24.448116874597137
            ],
            [
              86.29897174377378,
              24.448309809899158
            ],
            [
              86.29866415523058,
              24.44882199404458
            ],
            [
              86.29814275327675,
              24.44939930586585
            ],
            [
              86.29810726802641,
              24.449438595994835
            ],
            [
              86.29745156883591,
              24.449850631328648
            ],
            [
              86.29659785670226,
              24.45026255328279
            ],
            [
              86.29600848641738,
              24.450441711869473
            ],
            [
              86.29597300206537,
              24.45045249886241
            ],
            [
              86.2953992939075,
              24.450626895404383
            ],
            [
              86.29494165706745,
              24.45092035711344
            ],
            [
              86.2946068154352,
              24.45132628720017
            ],
            [
              86.2943060558848,
              24.451794783319233
            ],
            [
              86.29419961720173,
              24.45219924928295
            ],
            [
              86.29411228209149,
              24.452875306370437
            ],
            [
              86.29406215070875,
              24.453263375718816
            ],
            [
              86.2943093832446,
              24.453429281920624
            ],
            [
              86.29439955343788,
              24.4536075291383
            ],
            [
              86.294399465403,
              24.45374751440244
            ],
            [
              86.294350689578,
              24.454001968808676
            ],
            [
              86.29436449578562,
              24.454180220940273
            ],
            [
              86.29455710715894,
              24.454583734771663
            ],
            [
              86.29461251883893,
              24.454838224286682
            ],
            [
              86.29464710128242,
              24.45504195061662
            ],
            [
              86.29454271704641,
              24.45544913734642
            ],
            [
              86.2944939933237,
              24.45565906673154
            ],
            [
              86.29449699279844,
              24.45582887029864
            ],
            [
              86.29455777011563,
              24.456006075619705
            ],
            [
              86.29482323126523,
              24.456261725871844
            ],
            [
              86.29517497829283,
              24.45650372467694
            ],
            [
              86.29535083967937,
              24.4566247161369
            ],
            [
              86.2961354983171,
              24.457000549968313
            ],
            [
              86.29659686136893,
              24.457087952662924
            ],
            [
              86.29740253788937,
              24.457126470110968
            ],
            [
              86.29779140779608,
              24.45720946771393
            ],
            [
              86.29813161596384,
              24.457349587986407
            ],
            [
              86.29857601522984,
              24.457668016627935
            ],
            [
              86.29887073810153,
              24.4579690428819
            ],
            [
              86.29908589898513,
              24.458134589638767
            ],
            [
              86.2993150771804,
              24.458281056711932
            ],
            [
              86.29969009686207,
              24.458389363900526
            ],
            [
              86.29985670829612,
              24.458484963910298
            ],
            [
              86.29994001805558,
              24.458567715307797
            ],
            [
              86.29993296538227,
              24.45870134561679
            ],
            [
              86.29988344844719,
              24.45873913318298
            ],
            [
              86.29981495460174,
              24.458791402202714
            ],
            [
              86.29980792079306,
              24.45879677040202
            ],
            [
              86.29949526575167,
              24.45893657000634
            ],
            [
              86.29901597681835,
              24.4590381183556
            ],
            [
              86.29881581061348,
              24.459175820298388
            ],
            [
              86.2988075524011,
              24.459185581151164
            ],
            [
              86.29864895932926,
              24.459373012763866
            ],
            [
              86.29860024638631,
              24.45947474964891
            ],
            [
              86.29857939738692,
              24.459647272630075
            ],
            [
              86.29846998258532,
              24.459586043667535
            ],
            [
              86.29835188556646,
              24.459566890803636
            ],
            [
              86.29814348899697,
              24.459605028901098
            ],
            [
              86.29783789112047,
              24.459681188948874
            ],
            [
              86.29756690443355,
              24.459725628160072
            ],
            [
              86.2970695234304,
              24.459761789026526
            ],
            [
              86.2966676063925,
              24.459745708264435
            ],
            [
              86.2961040887232,
              24.45972315872488
            ],
            [
              86.29575671918597,
              24.459805713062565
            ],
            [
              86.29502625770597,
              24.460130595255443
            ],
            [
              86.29469371037094,
              24.46024419294617
            ],
            [
              86.29442285483802,
              24.46028221472654
            ],
            [
              86.29406162070275,
              24.46032026593231
            ],
            [
              86.29381697621321,
              24.460399863931528
            ],
            [
              86.29335829193754,
              24.4606795861681
            ],
            [
              86.29303874502132,
              24.46083216576011
            ],
            [
              86.29273910836504,
              24.460878616073508
            ],
            [
              86.29267059475661,
              24.460889237000234
            ],
            [
              86.29237876895174,
              24.460971771766893
            ],
            [
              86.29229549063331,
              24.461026444672754
            ],
            [
              86.2917395242023,
              24.4613914417022
            ],
            [
              86.29152411179042,
              24.461518587249394
            ],
            [
              86.29109673559908,
              24.46161475399048
            ],
            [
              86.29098489175293,
              24.46163341184571
            ],
            [
              86.29045064838212,
              24.46172253581454
            ],
            [
              86.28987404675068,
              24.4618431052449
            ],
            [
              86.2895475495691,
              24.462002057235267
            ],
            [
              86.2891760647581,
              24.46218452217029
            ],
            [
              86.28917236729237,
              24.46218633659734
            ],
            [
              86.28896389077282,
              24.46223710620146
            ],
            [
              86.28861355679516,
              24.46232013559708
            ],
            [
              86.28858874892028,
              24.462326014694057
            ],
            [
              86.28840810669978,
              24.462427759823644
            ],
            [
              86.28819631899009,
              24.46269923621573
            ],
            [
              86.28813003859348,
              24.46276485293922
            ],
            [
              86.28800496525817,
              24.462828385378426
            ],
            [
              86.28775484913021,
              24.462879138370287
            ],
            [
              86.28750491266536,
              24.462828107369404
            ],
            [
              86.2871021467195,
              24.46261785632053
            ],
            [
              86.28694262209474,
              24.462455017057767
            ],
            [
              86.28690633015727,
              24.462446650596142
            ],
            [
              86.28673175156496,
              24.462406402936402
            ],
            [
              86.2864039338599,
              24.462431225953107
            ],
            [
              86.28614443033725,
              24.462537293230586
            ],
            [
              86.28562053466017,
              24.4630907831136
            ],
            [
              86.2847321718111,
              24.463989980259655
            ],
            [
              86.28465929957692,
              24.46403235007376
            ],
            [
              86.28390556274789,
              24.464470593655783
            ],
            [
              86.2830779664362,
              24.464706090181554
            ],
            [
              86.28122021090276,
              24.465104756736924
            ],
            [
              86.2799514492601,
              24.465357825166592
            ],
            [
              86.2786606815879,
              24.465575736346647
            ],
            [
              86.27746441309036,
              24.465638403106038
            ],
            [
              86.27677580232279,
              24.46567447233279
            ],
            [
              86.27601088506172,
              24.465798962720548
            ],
            [
              86.2766805584448,
              24.467734406804784
            ],
            [
              86.27687798658467,
              24.46842813877875
            ],
            [
              86.27724100297752,
              24.469482649322586
            ],
            [
              86.27785649986409,
              24.470837298654132
            ],
            [
              86.27839679428668,
              24.472025563806927
            ],
            [
              86.27847269743663,
              24.472192492656607
            ],
            [
              86.27873165837683,
              24.473017380345638
            ],
            [
              86.27899770971959,
              24.473273781784695
            ],
            [
              86.27960188513863,
              24.47414483881728
            ],
            [
              86.28020978407456,
              24.47552491085307
            ],
            [
              86.28093729818212,
              24.477234469308215
            ],
            [
              86.28120997280348,
              24.477890712956757
            ],
            [
              86.28182868296383,
              24.47911070592588
            ],
            [
              86.28238154391892,
              24.479554691103495
            ],
            [
              86.28283895618013,
              24.47974236464366
            ],
            [
              86.28346046459261,
              24.4797927281974
            ],
            [
              86.28427880196864,
              24.479618753845198
            ],
            [
              86.2846713657478,
              24.47953529519001
            ],
            [
              86.28668639023635,
              24.478967906168464
            ],
            [
              86.28777816131016,
              24.478729393323572
            ],
            [
              86.28893235361812,
              24.478761382394925
            ],
            [
              86.29042295332191,
              24.478898621280685
            ],
            [
              86.29094181484011,
              24.479198817638288
            ],
            [
              86.29157663808174,
              24.479674040002678
            ],
            [
              86.29198946965033,
              24.480161047350798
            ],
            [
              86.29252513056265,
              24.480792942793286
            ],
            [
              86.29320834874359,
              24.48106897587934
            ],
            [
              86.29337570937258,
              24.481211369380734
            ],
            [
              86.29346599994012,
              24.481547934752133
            ],
            [
              86.29350539915015,
              24.4817556582047
            ],
            [
              86.29365284233268,
              24.4825140690865
            ],
            [
              86.29389867080178,
              24.483732993675257
            ],
            [
              86.29403628821171,
              24.484572732232717
            ],
            [
              86.29408025355833,
              24.485218220635414
            ],
            [
              86.29407984302827,
              24.485787007235995
            ],
            [
              86.2940350997406,
              24.48632415811097
            ],
            [
              86.29384724943827,
              24.486969556593394
            ],
            [
              86.29374327124076,
              24.487687237027636
            ],
            [
              86.29372831429129,
              24.487944556889968
            ],
            [
              86.29378241712591,
              24.48817032119944
            ],
            [
              86.29397444010273,
              24.488599210222446
            ],
            [
              86.29471343108638,
              24.490066719352654
            ],
            [
              86.29511750767419,
              24.490838791103947
            ],
            [
              86.29549199824818,
              24.491448432405445
            ],
            [
              86.29582225577752,
              24.4918142028517
            ],
            [
              86.29605884327728,
              24.492058155770266
            ],
            [
              86.29684280661898,
              24.49275820929774
            ],
            [
              86.29786331973119,
              24.4937472726699
            ],
            [
              86.29823593821614,
              24.49424315394238
            ],
            [
              86.29837060555867,
              24.494422369297595
            ],
            [
              86.29843007403049,
              24.49450148794971
            ],
            [
              86.29868148732568,
              24.494903371676305
            ],
            [
              86.29886868275617,
              24.495246526771407
            ],
            [
              86.29894747219309,
              24.495472222386677
            ],
            [
              86.29895709764136,
              24.49554104772592
            ],
            [
              86.29901629841521,
              24.495964293223643
            ],
            [
              86.29911415908565,
              24.49716509130564
            ],
            [
              86.29919745267541,
              24.49819883420251
            ],
            [
              86.29922172874764,
              24.498876019194867
            ],
            [
              86.29925102730066,
              24.49939508970613
            ],
            [
              86.29928042377,
              24.49959373386642
            ],
            [
              86.29933960657758,
              24.499724690933792
            ],
            [
              86.29942049178405,
              24.500000881929378
            ],
            [
              86.30185479774494,
              24.50187331640035
            ],
            [
              86.30216794236813,
              24.502218312098563
            ],
            [
              86.30244349159841,
              24.50259745437582
            ],
            [
              86.30259194358898,
              24.502900415069174
            ],
            [
              86.30281999619521,
              24.503910349615655
            ],
            [
              86.30285429926263,
              24.504348161685975
            ],
            [
              86.30285917711466,
              24.50448365365682
            ],
            [
              86.30286525331921,
              24.504593802744864
            ],
            [
              86.3028835834426,
              24.504926025640277
            ],
            [
              86.30331249305819,
              24.505454347806314
            ],
            [
              86.30494476157381,
              24.50665137699679
            ],
            [
              86.30658548503291,
              24.507719883615405
            ],
            [
              86.30709503191994,
              24.508051714079446
            ],
            [
              86.3076424652541,
              24.50842658431231
            ],
            [
              86.30819972166587,
              24.508882778931984
            ],
            [
              86.30860398959484,
              24.509266653306707
            ],
            [
              86.30883794862406,
              24.509576772797722
            ],
            [
              86.30897872181562,
              24.509763371654692
            ],
            [
              86.30913618211187,
              24.510481173741212
            ],
            [
              86.30934805516154,
              24.51115840291009
            ],
            [
              86.30931741272887,
              24.511340366631362
            ],
            [
              86.30912534663292,
              24.51248091313134
            ],
            [
              86.30777203106416,
              24.515260940613782
            ],
            [
              86.30648783456826,
              24.517738636241607
            ],
            [
              86.30557413293995,
              24.51941288862952
            ],
            [
              86.30551934109752,
              24.52038340370463
            ],
            [
              86.30603143919996,
              24.522329190851945
            ],
            [
              86.30603089032932,
              24.52339902789225
            ],
            [
              86.305591202727,
              24.524369396930616
            ],
            [
              86.30511201889655,
              24.525375799135816
            ],
            [
              86.30525936506103,
              24.526513418273552
            ],
            [
              86.30568706823915,
              24.52768863296125
            ],
            [
              86.30546991758722,
              24.527844235193175
            ],
            [
              86.30533535444924,
              24.52792722536865
            ],
            [
              86.30486191085348,
              24.528219210633093
            ],
            [
              86.30429630100787,
              24.5284776962742
            ],
            [
              86.30327800493777,
              24.528727587232567
            ],
            [
              86.30304479420516,
              24.528805080853466
            ],
            [
              86.3028602856357,
              24.52889436072221
            ],
            [
              86.30268724226423,
              24.528981344073024
            ],
            [
              86.30212116978623,
              24.52928650981101
            ],
            [
              86.3014642929044,
              24.529569849604343
            ],
            [
              86.30063013080628,
              24.529920730184198
            ],
            [
              86.30026301719744,
              24.530030867594963
            ],
            [
              86.29964117191675,
              24.5302174238101
            ],
            [
              86.29929428207988,
              24.53033881836974
            ],
            [
              86.29919073417543,
              24.530639347098397
            ],
            [
              86.2986667531584,
              24.531290500152192
            ],
            [
              86.2980784168344,
              24.53224028530233
            ],
            [
              86.29760800056115,
              24.533038892891195
            ],
            [
              86.29746665963435,
              24.533512101601385
            ],
            [
              86.29740682734484,
              24.53434666809174
            ],
            [
              86.29728542183085,
              24.535157737707376
            ],
            [
              86.2971305181399,
              24.536097886626855
            ],
            [
              86.29830125382213,
              24.536058712635942
            ],
            [
              86.29844786875793,
              24.53605380618202
            ],
            [
              86.29917992744254,
              24.536070936275717
            ],
            [
              86.29998510539801,
              24.536272368742964
            ],
            [
              86.30124693563994,
              24.537964526972587
            ],
            [
              86.30243562325482,
              24.53960639473068
            ],
            [
              86.30382137519189,
              24.54133665237116
            ],
            [
              86.3040471882981,
              24.54161859703629
            ],
            [
              86.30493189680061,
              24.54272321203365
            ],
            [
              86.30500850422973,
              24.542939860647962
            ],
            [
              86.30526977743348,
              24.54343651772291
            ],
            [
              86.3056840382217,
              24.543924304343545
            ],
            [
              86.30608853072953,
              24.54430367128979
            ],
            [
              86.3062660692707,
              24.54451590869178
            ],
            [
              86.30662096938495,
              24.545224773668227
            ],
            [
              86.3067787351084,
              24.54558593580815
            ],
            [
              86.30702521485607,
              24.545956173622727
            ],
            [
              86.30715893896759,
              24.546095284728636
            ],
            [
              86.3074939782292,
              24.546443812352408
            ],
            [
              86.30757734727746,
              24.54710753333094
            ],
            [
              86.3074883368092,
              24.547441532141015
            ],
            [
              86.30737962538849,
              24.547703297343457
            ],
            [
              86.3075077772503,
              24.54800128165435
            ],
            [
              86.30782339313885,
              24.548430258159918
            ],
            [
              86.3080405931981,
              24.548805172097723
            ],
            [
              86.30807969057425,
              24.549193523956312
            ],
            [
              86.3079166427569,
              24.549400819372096
            ],
            [
              86.30740808222004,
              24.54985199517768
            ],
            [
              86.30703993734527,
              24.550145262952615
            ],
            [
              86.30685252721743,
              24.550294556259068
            ],
            [
              86.30663786489883,
              24.550465557383315
            ],
            [
              86.30608006859956,
              24.55068649140253
            ],
            [
              86.30574927028437,
              24.550943638935056
            ],
            [
              86.30543813609077,
              24.551336218374814
            ],
            [
              86.3049689055937,
              24.552031162394332
            ],
            [
              86.30453932763159,
              24.552410141219298
            ],
            [
              86.30414423060331,
              24.55290198574055
            ],
            [
              86.30410457267845,
              24.553213436349093
            ],
            [
              86.3041413667742,
              24.553368059933078
            ],
            [
              86.30416365667135,
              24.553461736216274
            ],
            [
              86.30440528371982,
              24.55382297269066
            ],
            [
              86.30454334489752,
              24.554048738728508
            ],
            [
              86.30458270188673,
              24.554274460237682
            ],
            [
              86.30459735790062,
              24.55454079498321
            ],
            [
              86.30459326517617,
              24.5545740026277
            ],
            [
              86.3045632326996,
              24.554817619593724
            ],
            [
              86.30455780597697,
              24.554861640336522
            ],
            [
              86.30449740325727,
              24.555018945159464
            ],
            [
              86.30441930462479,
              24.555222331059323
            ],
            [
              86.30415759304317,
              24.555465966375582
            ],
            [
              86.3040341348787,
              24.555596815342593
            ],
            [
              86.30378785815032,
              24.55570375998836
            ],
            [
              86.30373300342579,
              24.555727580014896
            ],
            [
              86.3031998892373,
              24.555889831917604
            ],
            [
              86.30319789857063,
              24.555891326335598
            ],
            [
              86.30317164081488,
              24.555885984342712
            ],
            [
              86.30318808627277,
              24.55590607768644
            ],
            [
              86.30304946724127,
              24.556119950017965
            ],
            [
              86.30289333734994,
              24.556309159678722
            ],
            [
              86.30277620961333,
              24.556501959234797
            ],
            [
              86.30276049268912,
              24.55670195028363
            ],
            [
              86.30276902398938,
              24.556817313814214
            ],
            [
              86.30287806778675,
              24.55711736406123
            ],
            [
              86.30302992079902,
              24.557588861737553
            ],
            [
              86.30305086322322,
              24.557996409243476
            ],
            [
              86.30304682080445,
              24.558242834308295
            ],
            [
              86.30302469619731,
              24.558430016928465
            ],
            [
              86.30301938356074,
              24.55847496212248
            ],
            [
              86.3029217106382,
              24.558749914357637
            ],
            [
              86.30286611839686,
              24.559078693912088
            ],
            [
              86.30278021340456,
              24.559235794902534
            ],
            [
              86.30264754211854,
              24.55932144504524
            ],
            [
              86.30249540434033,
              24.559342799357257
            ],
            [
              86.30236668294664,
              24.559342738078815
            ],
            [
              86.30219118627613,
              24.559285511357736
            ],
            [
              86.30198059422406,
              24.559210409263933
            ],
            [
              86.3017858475553,
              24.55915012427517
            ],
            [
              86.30166859944443,
              24.55911382940362
            ],
            [
              86.30139946238867,
              24.55909941260254
            ],
            [
              86.30120440310618,
              24.55914574490265
            ],
            [
              86.301052231192,
              24.559224241046866
            ],
            [
              86.30095466067739,
              24.55931704933778
            ],
            [
              86.3008999460901,
              24.559495593373452
            ],
            [
              86.30087633836443,
              24.559842006021107
            ],
            [
              86.30084037521033,
              24.560116590858208
            ],
            [
              86.30107339819504,
              24.560539297643157
            ],
            [
              86.30137195417802,
              24.561033924965027
            ],
            [
              86.3022571774152,
              24.561948914023166
            ],
            [
              86.30247823663693,
              24.562315365638213
            ],
            [
              86.30253600010633,
              24.562411117836124
            ],
            [
              86.3031068722829,
              24.563184642025014
            ],
            [
              86.30351170974379,
              24.56407857316657
            ],
            [
              86.30353174037796,
              24.564188260647818
            ],
            [
              86.30373552499682,
              24.565304199125993
            ],
            [
              86.30376024393847,
              24.565439558320364
            ],
            [
              86.30402583983538,
              24.56581055534388
            ],
            [
              86.30448416119167,
              24.566157323094178
            ],
            [
              86.30512185724554,
              24.566589290614722
            ],
            [
              86.30537418322908,
              24.56693595980496
            ],
            [
              86.3055783909544,
              24.56705902472269
            ],
            [
              86.30575021710871,
              24.567162573964385
            ],
            [
              86.30603656588528,
              24.567113059979967
            ],
            [
              86.30703007384344,
              24.56712075934252
            ],
            [
              86.30727049984439,
              24.567122621274446
            ],
            [
              86.30744313717737,
              24.567226551183044
            ],
            [
              86.30758123338937,
              24.567506430297346
            ],
            [
              86.30754646409632,
              24.56781342062386
            ],
            [
              86.30732416340284,
              24.568282743284133
            ],
            [
              86.30698829679285,
              24.56873402189953
            ],
            [
              86.30683509720595,
              24.56909962117352
            ],
            [
              86.30662214977124,
              24.570255083649332
            ],
            [
              86.30668116639045,
              24.57063881935532
            ],
            [
              86.3068093856259,
              24.570990992708207
            ],
            [
              86.30708556277854,
              24.571392795027794
            ],
            [
              86.30773199494855,
              24.57177227739891
            ],
            [
              86.30919545564929,
              24.572148365776073
            ],
            [
              86.30935076358212,
              24.572188276832662
            ],
            [
              86.31025880941739,
              24.57253173785592
            ],
            [
              86.31131479430523,
              24.573073924359242
            ],
            [
              86.3120006526348,
              24.573670045363073
            ],
            [
              86.31239037234776,
              24.574171247959374
            ],
            [
              86.31286401267455,
              24.574659016325242
            ],
            [
              86.31338701093465,
              24.575133189679793
            ],
            [
              86.31417949569516,
              24.575565465290882
            ],
            [
              86.31433936078142,
              24.575652664629423
            ],
            [
              86.31560774243675,
              24.57617230816481
            ],
            [
              86.31675760396674,
              24.57678668021381
            ],
            [
              86.31708127774337,
              24.57702081437811
            ],
            [
              86.31727573335797,
              24.577161475044694
            ],
            [
              86.31760633943368,
              24.577405369982717
            ],
            [
              86.31761599183139,
              24.577865824123602
            ],
            [
              86.31737886893576,
              24.578303574304975
            ],
            [
              86.31699370008802,
              24.578651063951988
            ],
            [
              86.31652929174736,
              24.57942274869073
            ],
            [
              86.31634027094024,
              24.579848404765787
            ],
            [
              86.31616855527871,
              24.580235091176615
            ],
            [
              86.31601518141868,
              24.58090766823614
            ],
            [
              86.31612862336769,
              24.58127783033488
            ],
            [
              86.31659238132808,
              24.581810697377037
            ],
            [
              86.31718948610755,
              24.58212236207004
            ],
            [
              86.3184084945582,
              24.582745796142472
            ],
            [
              86.31970155023942,
              24.58352263309178
            ],
            [
              86.32048616755468,
              24.58410073863702
            ],
            [
              86.32159168734388,
              24.58476924403003
            ],
            [
              86.32279582687997,
              24.585613749771372
            ],
            [
              86.32310974495262,
              24.586029623188026
            ],
            [
              86.32331391584707,
              24.586300100601523
            ],
            [
              86.32338060587541,
              24.58645705065384
            ],
            [
              86.32338296844462,
              24.58646261026457
            ],
            [
              86.32333846680378,
              24.58663860865668
            ],
            [
              86.32320509842509,
              24.586792080882496
            ],
            [
              86.32297307436698,
              24.58681461006889
            ],
            [
              86.32250904331879,
              24.586782810259987
            ],
            [
              86.3219364832078,
              24.586620110682244
            ],
            [
              86.32134908023343,
              24.58638969814788
            ],
            [
              86.31960672587466,
              24.585955656237093
            ],
            [
              86.31939440456566,
              24.585955647251495
            ],
            [
              86.31936475117814,
              24.585955645617723
            ],
            [
              86.31895498016972,
              24.58606379211596
            ],
            [
              86.3186834113745,
              24.586239755943186
            ],
            [
              86.31847594096804,
              24.586451862718327
            ],
            [
              86.3181351048779,
              24.586961754636917
            ],
            [
              86.31800091094748,
              24.587221221977217
            ],
            [
              86.31792270631381,
              24.587372433228815
            ],
            [
              86.31764594076465,
              24.58794113692174
            ],
            [
              86.31750020797443,
              24.588203261921237
            ],
            [
              86.3174828668962,
              24.588234452810607
            ],
            [
              86.3172559389807,
              24.588008728749738
            ],
            [
              86.31672288138603,
              24.587701509359622
            ],
            [
              86.31640215408353,
              24.587525389932114
            ],
            [
              86.31568151837607,
              24.587204581638023
            ],
            [
              86.31484232301743,
              24.587091399335996
            ],
            [
              86.31412162532625,
              24.587018847823078
            ],
            [
              86.313173744598,
              24.5871133288898
            ],
            [
              86.31246781521007,
              24.587230402712233
            ],
            [
              86.31140622842814,
              24.58750976335933
            ],
            [
              86.31103592759665,
              24.58758636867244
            ],
            [
              86.31048792023905,
              24.587829870005574
            ],
            [
              86.30972242356461,
              24.58827195963243
            ],
            [
              86.30922382175102,
              24.588456798764987
            ],
            [
              86.30878438118539,
              24.58847916673127
            ],
            [
              86.30855734008215,
              24.58845653982163
            ],
            [
              86.30848674956883,
              24.58842581214504
            ],
            [
              86.3082562292905,
              24.588325470303865
            ],
            [
              86.30812307291424,
              24.58805907093917
            ],
            [
              86.308113478907,
              24.587594102718732
            ],
            [
              86.30834597188569,
              24.586677877123105
            ],
            [
              86.30875114890976,
              24.585915158967797
            ],
            [
              86.309097056888,
              24.585423283886076
            ],
            [
              86.30928972934679,
              24.58497649286761
            ],
            [
              86.30939350721997,
              24.584818562337727
            ],
            [
              86.30943807803112,
              24.584597413189194
            ],
            [
              86.30941356570196,
              24.58418665361076
            ],
            [
              86.30917182097416,
              24.583893115850234
            ],
            [
              86.30847105061092,
              24.58363097611033
            ],
            [
              86.30795276760774,
              24.583572061353397
            ],
            [
              86.30645699989616,
              24.583535286689415
            ],
            [
              86.30443315484983,
              24.58335381976344
            ],
            [
              86.30391477393027,
              24.583330923987948
            ],
            [
              86.30301640564556,
              24.58328089031587
            ],
            [
              86.30272743558498,
              24.58336020538696
            ],
            [
              86.30231036037496,
              24.583474680928234
            ],
            [
              86.30206843328915,
              24.583591869249126
            ],
            [
              86.30183624573768,
              24.583840053389014
            ],
            [
              86.30169291504252,
              24.584183023378806
            ],
            [
              86.3014307210656,
              24.58513992160192
            ],
            [
              86.30126689081565,
              24.58553491890067
            ],
            [
              86.30123792194439,
              24.585604763333997
            ],
            [
              86.30094643929594,
              24.585947677844768
            ],
            [
              86.30074400933654,
              24.586083018821967
            ],
            [
              86.30026017941948,
              24.586132429735585
            ],
            [
              86.29998867709959,
              24.58609612715826
            ],
            [
              86.29956907762363,
              24.586050825911972
            ],
            [
              86.29866601743818,
              24.585598949637184
            ],
            [
              86.2982601514063,
              24.585334626689846
            ],
            [
              86.29818736181713,
              24.585287223344338
            ],
            [
              86.29789118187809,
              24.58514260831251
            ],
            [
              86.29755992811705,
              24.585108439950087
            ],
            [
              86.2974519326536,
              24.585097300186245
            ],
            [
              86.29688403030738,
              24.585381387952783
            ],
            [
              86.29637529998894,
              24.58575127624654
            ],
            [
              86.29557514092097,
              24.586486644182703
            ],
            [
              86.29463680569093,
              24.587167715735053
            ],
            [
              86.294470254444,
              24.587293113347084
            ],
            [
              86.29427131084624,
              24.587442898269707
            ],
            [
              86.29382183340394,
              24.587758595673645
            ],
            [
              86.29310578269772,
              24.58805615393705
            ],
            [
              86.29238494756427,
              24.588308530324884
            ],
            [
              86.29191589134034,
              24.588398533228677
            ],
            [
              86.29136299175772,
              24.58841634314739
            ],
            [
              86.29093346140627,
              24.588380002839962
            ],
            [
              86.29066200759543,
              24.588334652591634
            ],
            [
              86.29024746114294,
              24.588180976408307
            ],
            [
              86.28920124902706,
              24.5876341730434
            ],
            [
              86.28822416406895,
              24.587055810159953
            ],
            [
              86.28798723520939,
              24.587001496783987
            ],
            [
              86.2874788193013,
              24.586978681728244
            ],
            [
              86.28691098522707,
              24.58714081230232
            ],
            [
              86.28619496057198,
              24.587501554710865
            ],
            [
              86.285715903404,
              24.587717926629796
            ],
            [
              86.28534557741968,
              24.58784856629829
            ],
            [
              86.28491609018741,
              24.587857364696877
            ],
            [
              86.28480039706028,
              24.58781896002153
            ],
            [
              86.2845754930491,
              24.58774430224656
            ],
            [
              86.28425488791747,
              24.587450713194254
            ],
            [
              86.28354469602351,
              24.586403066216548
            ],
            [
              86.28320942140328,
              24.585928870990433
            ],
            [
              86.28294303678557,
              24.585671390060988
            ],
            [
              86.2822324963453,
              24.58526016021662
            ],
            [
              86.28152175198744,
              24.58511073782749
            ],
            [
              86.28106754940676,
              24.58516013768847
            ],
            [
              86.28003056658213,
              24.5854980051274
            ],
            [
              86.2783812731952,
              24.586088333387828
            ],
            [
              86.27787758332383,
              24.586327228854106
            ],
            [
              86.27739651033636,
              24.586479072624936
            ],
            [
              86.27722088790168,
              24.58653450370367
            ],
            [
              86.27617419878037,
              24.586633063757393
            ],
            [
              86.27585827566801,
              24.586628383921052
            ],
            [
              86.27505368970232,
              24.58661882329827
            ],
            [
              86.27455012379845,
              24.586577835305608
            ],
            [
              86.27375554057342,
              24.586392209204725
            ],
            [
              86.27332120513358,
              24.586283637400747
            ],
            [
              86.27215630221247,
              24.58603904825507
            ],
            [
              86.2715739423801,
              24.585943844262594
            ],
            [
              86.27101128080524,
              24.58579003036099
            ],
            [
              86.27037955136146,
              24.585590995728364
            ],
            [
              86.27003901261368,
              24.58543726226406
            ],
            [
              86.26967397231648,
              24.58516618503261
            ],
            [
              86.26955068303535,
              24.585035178237913
            ],
            [
              86.26945711900693,
              24.584768757986378
            ],
            [
              86.26951160991374,
              24.584552094246224
            ],
            [
              86.2699464151725,
              24.584101022095936
            ],
            [
              86.27039101835607,
              24.58373118365935
            ],
            [
              86.27101825802006,
              24.58327119710135
            ],
            [
              86.27131962034001,
              24.582991517396852
            ],
            [
              86.27192714827169,
              24.582540550723508
            ],
            [
              86.27229269072711,
              24.582297033387228
            ],
            [
              86.27283603942166,
              24.581859570822903
            ],
            [
              86.27392280328608,
              24.580952941117378
            ],
            [
              86.27427349928479,
              24.58062815725506
            ],
            [
              86.27482187315503,
              24.58008685303101
            ],
            [
              86.27507881917408,
              24.579748520875384
            ],
            [
              86.27532597625147,
              24.579360467896972
            ],
            [
              86.27548430611692,
              24.57894525609547
            ],
            [
              86.27554373685949,
              24.57867442786108
            ],
            [
              86.2755341760899,
              24.57825913127644
            ],
            [
              86.27545052137738,
              24.577934059407458
            ],
            [
              86.27530759492412,
              24.57766316036507
            ],
            [
              86.27514488307669,
              24.577432805692975
            ],
            [
              86.27487846072972,
              24.577256590949165
            ],
            [
              86.27467120412233,
              24.577130060009587
            ],
            [
              86.27437512389625,
              24.577062165764687
            ],
            [
              86.27408878500113,
              24.57703486640065
            ],
            [
              86.27398019844621,
              24.57704382567729
            ],
            [
              86.2738346839466,
              24.577071815345427
            ],
            [
              86.27353588811341,
              24.577129286376966
            ],
            [
              86.27327414239585,
              24.577255542829167
            ],
            [
              86.27313588628373,
              24.577323151044244
            ],
            [
              86.27264690902007,
              24.577738119059873
            ],
            [
              86.2721775213178,
              24.57826597790399
            ],
            [
              86.27169325931108,
              24.578820858202878
            ],
            [
              86.2714509998486,
              24.579067510273674
            ],
            [
              86.27113504260026,
              24.5793891947219
            ],
            [
              86.2707794912074,
              24.57959663463386
            ],
            [
              86.27033989613156,
              24.579803937777935
            ],
            [
              86.26947591984748,
              24.579961315863763
            ],
            [
              86.26884399277436,
              24.58007375795323
            ],
            [
              86.26826137422717,
              24.58024938382691
            ],
            [
              86.26825746296244,
              24.58025149962263
            ],
            [
              86.26770330214512,
              24.580551381853358
            ],
            [
              86.2670956852802,
              24.581101671647993
            ],
            [
              86.26648294801818,
              24.581800947682687
            ],
            [
              86.26599867972322,
              24.582400962962684
            ],
            [
              86.26538585891788,
              24.58323109597258
            ],
            [
              86.26505476865023,
              24.583610050718494
            ],
            [
              86.26504171433251,
              24.58362617362864
            ],
            [
              86.26488674596287,
              24.58381757839885
            ],
            [
              86.26459516539806,
              24.584110750372215
            ],
            [
              86.26433835502463,
              24.584250471013178
            ],
            [
              86.26409151325592,
              24.584272835646424
            ],
            [
              86.26353864421598,
              24.584254419010858
            ],
            [
              86.26315368198074,
              24.58415030390699
            ],
            [
              86.26281818098508,
              24.583964969103345
            ],
            [
              86.26275425417448,
              24.583716661861086
            ],
            [
              86.26277419407886,
              24.58354968515859
            ],
            [
              86.2629817920461,
              24.5831616423229
            ],
            [
              86.26314981742838,
              24.582954115189413
            ],
            [
              86.26344663786627,
              24.582322307336085
            ],
            [
              86.26356539963841,
              24.58199289112751
            ],
            [
              86.26360501174918,
              24.58183946530186
            ],
            [
              86.26361998037675,
              24.581627306602194
            ],
            [
              86.26364983498692,
              24.581419647038977
            ],
            [
              86.26360081571846,
              24.580986275736823
            ],
            [
              86.26352709277974,
              24.580588998808032
            ],
            [
              86.26327091032869,
              24.580065205714853
            ],
            [
              86.26296519656952,
              24.579685758264798
            ],
            [
              86.26259527931869,
              24.57927474812321
            ],
            [
              86.26225994001973,
              24.578962978314514
            ],
            [
              86.2616925056958,
              24.578687278009216
            ],
            [
              86.2614259989072,
              24.578578682370555
            ],
            [
              86.2611447516631,
              24.578474708777527
            ],
            [
              86.26046356277642,
              24.57848319740467
            ],
            [
              86.2597427878301,
              24.578572948405792
            ],
            [
              86.25921453712054,
              24.578671769603933
            ],
            [
              86.25891818290829,
              24.578802527359063
            ],
            [
              86.2588392901651,
              24.578846264377074
            ],
            [
              86.25825145599939,
              24.579172140175576
            ],
            [
              86.25803902329932,
              24.579357044204688
            ],
            [
              86.25746094573587,
              24.57991629096531
            ],
            [
              86.2569470177652,
              24.58056598325862
            ],
            [
              86.25667990910534,
              24.581111949116693
            ],
            [
              86.25617533169849,
              24.582267153771475
            ],
            [
              86.25609110296251,
              24.58251536422642
            ],
            [
              86.25578909116061,
              24.583467556026395
            ],
            [
              86.25567029165923,
              24.583833088617652
            ],
            [
              86.25562090408154,
              24.583984476323206
            ],
            [
              86.25557050679748,
              24.58427331434002
            ],
            [
              86.25534328603118,
              24.585152811113748
            ],
            [
              86.25525156265077,
              24.58553211538536
            ],
            [
              86.25518891234624,
              24.585777082099867
            ],
            [
              86.25508201282742,
              24.586195060866945
            ],
            [
              86.25495833098248,
              24.586449332874707
            ],
            [
              86.25482056175726,
              24.586732563130916
            ],
            [
              86.25464696592186,
              24.58697725874824
            ],
            [
              86.25461538205478,
              24.587010348338335
            ],
            [
              86.25453585689763,
              24.587093661234956
            ],
            [
              86.25442166216037,
              24.587147373358615
            ],
            [
              86.25412160688919,
              24.587165033152242
            ],
            [
              86.25364860795949,
              24.58711681200119
            ],
            [
              86.25283083921701,
              24.586799196609633
            ],
            [
              86.25278587224881,
              24.586767002250017
            ],
            [
              86.25268400599055,
              24.58669406825516
            ],
            [
              86.25242637725191,
              24.586469452359335
            ],
            [
              86.25178642013844,
              24.58649616560588
            ],
            [
              86.25108699634981,
              24.586590857002097
            ],
            [
              86.25044696377786,
              24.586712754098187
            ],
            [
              86.25000004294087,
              24.586889992141668
            ],
            [
              86.24976218791824,
              24.586984340156523
            ],
            [
              86.24891364558906,
              24.587323833132984
            ],
            [
              86.24812471097059,
              24.587554523315248
            ],
            [
              86.24764845385133,
              24.58762222562825
            ],
            [
              86.24730225481893,
              24.587626456153696
            ],
            [
              86.24691765011319,
              24.587578744902018
            ],
            [
              86.24672888173265,
              24.587571793408383
            ],
            [
              86.24650341807104,
              24.587563488374304
            ],
            [
              86.24647329396632,
              24.58756737010173
            ],
            [
              86.24610409716432,
              24.587614953927318
            ],
            [
              86.24590178578258,
              24.58770388969239
            ],
            [
              86.24583186720906,
              24.58776998516005
            ],
            [
              86.24573263031964,
              24.5878637958349
            ],
            [
              86.24542314183964,
              24.58808711859329
            ],
            [
              86.2451488987598,
              24.58823015123912
            ],
            [
              86.2448593286246,
              24.588326867129112
            ],
            [
              86.24457645902308,
              24.588376925741436
            ],
            [
              86.24457218304232,
              24.58837603781835
            ],
            [
              86.24436486894275,
              24.588332966599165
            ],
            [
              86.24408871694297,
              24.58834973340121
            ],
            [
              86.24378397695753,
              24.58840663399327
            ],
            [
              86.24363983957527,
              24.588494957371093
            ],
            [
              86.24332724472102,
              24.58880712494812
            ],
            [
              86.24304775458161,
              24.58908324571017
            ],
            [
              86.24276554883508,
              24.58918649738513
            ],
            [
              86.2424832263076,
              24.589276470251157
            ],
            [
              86.24235445820152,
              24.589339030377673
            ],
            [
              86.24223043230182,
              24.58939928613948
            ],
            [
              86.24185057519234,
              24.58977640800134
            ],
            [
              86.24154123313774,
              24.590006316027658
            ],
            [
              86.24132911125476,
              24.590247188950652
            ],
            [
              86.24117258969797,
              24.59048861359593
            ],
            [
              86.24112411660525,
              24.59064885190399
            ],
            [
              86.24110839518944,
              24.59106140121651
            ],
            [
              86.24108460420744,
              24.59158363880513
            ],
            [
              86.24094307014286,
              24.59233692806151
            ],
            [
              86.24091951362118,
              24.592457793625133
            ],
            [
              86.24087549437564,
              24.592683651793084
            ],
            [
              86.24084323497547,
              24.593561759705388
            ],
            [
              86.24076555585619,
              24.594207810890662
            ],
            [
              86.24065207617797,
              24.5948942305976
            ],
            [
              86.2406361580311,
              24.595076849657605
            ],
            [
              86.24069973809196,
              24.595441844385615
            ],
            [
              86.24084086881298,
              24.59613180716412
            ],
            [
              86.24084230611743,
              24.596695893707576
            ],
            [
              86.24082709314813,
              24.596712795795536
            ],
            [
              86.24079674356625,
              24.596962531169176
            ],
            [
              86.24043690271795,
              24.59722640973327
            ],
            [
              86.24010549265006,
              24.597443290045394
            ],
            [
              86.23970874721326,
              24.59766769430593
            ],
            [
              86.23931492130112,
              24.597997235084826
            ],
            [
              86.23920002677627,
              24.598098434157755
            ],
            [
              86.23902323204015,
              24.59843981808759
            ],
            [
              86.23889664234865,
              24.598727358366933
            ],
            [
              86.23873589960832,
              24.599337677138237
            ],
            [
              86.23861127004074,
              24.599758164709293
            ],
            [
              86.2385829731093,
              24.599819171795883
            ],
            [
              86.23853370680419,
              24.599925389332807
            ],
            [
              86.23844801022102,
              24.600032876056456
            ],
            [
              86.23834026808247,
              24.60012733668322
            ],
            [
              86.23815288400576,
              24.60024270923597
            ],
            [
              86.23802215038585,
              24.600274329201618
            ],
            [
              86.23794989888754,
              24.60029180418503
            ],
            [
              86.23762956864039,
              24.600275731610996
            ],
            [
              86.23728860139617,
              24.600339841386756
            ],
            [
              86.23701355971406,
              24.600429660849905
            ],
            [
              86.23686215316451,
              24.600524622678414
            ],
            [
              86.23658094005641,
              24.600817428819216
            ],
            [
              86.23623028807513,
              24.601207507054045
            ],
            [
              86.23585938896568,
              24.601710821051423
            ],
            [
              86.23564589355864,
              24.602026095325336
            ],
            [
              86.23541864494456,
              24.602283955083887
            ],
            [
              86.23540628861782,
              24.60229797731812
            ],
            [
              86.234990233894,
              24.60268880317656
            ],
            [
              86.234795648922,
              24.60281759032279
            ],
            [
              86.23468735342124,
              24.60287212798019
            ],
            [
              86.23456410636086,
              24.602900221320958
            ],
            [
              86.23443327392627,
              24.602908495117354
            ],
            [
              86.2340947635744,
              24.602889345320843
            ],
            [
              86.23404738462969,
              24.60288666389172
            ],
            [
              86.23374237155642,
              24.60291699107236
            ],
            [
              86.23353256014033,
              24.60299936962569
            ],
            [
              86.23353004755248,
              24.603001485853735
            ],
            [
              86.23332425609732,
              24.60317486614699
            ],
            [
              86.23323178981018,
              24.60332232308851
            ],
            [
              86.2330489386324,
              24.603389485980504
            ],
            [
              86.2327667912764,
              24.603492716870356
            ],
            [
              86.2323827956284,
              24.60359723570119
            ],
            [
              86.23185576123774,
              24.60367345627795
            ],
            [
              86.23178021202403,
              24.60368438121528
            ],
            [
              86.23135882669729,
              24.60371618734852
            ],
            [
              86.23086686433196,
              24.603901790210774
            ],
            [
              86.23069398984374,
              24.6040169550949
            ],
            [
              86.23049595264608,
              24.604224649868023
            ],
            [
              86.23020984910954,
              24.604554084354398
            ],
            [
              86.22993951639614,
              24.604969755184314
            ],
            [
              86.22973293981342,
              24.60526491540413
            ],
            [
              86.22966650310995,
              24.605432416895862
            ],
            [
              86.22961364983189,
              24.60556566962665
            ],
            [
              86.22954052606946,
              24.605715119871405
            ],
            [
              86.22933594644161,
              24.605764646363966
            ],
            [
              86.22920023525667,
              24.605827078188327
            ],
            [
              86.22895773055417,
              24.60590774783461
            ],
            [
              86.228438866341,
              24.60603233606753
            ],
            [
              86.22807001988198,
              24.606113168929653
            ],
            [
              86.22758080636137,
              24.606250819896502
            ],
            [
              86.22703892102243,
              24.60631152734118
            ],
            [
              86.22688546002581,
              24.606336566938122
            ],
            [
              86.22633145731203,
              24.60644001509911
            ],
            [
              86.22580096261086,
              24.6065275980383
            ],
            [
              86.22528385011252,
              24.60655737222164
            ],
            [
              86.22527111559502,
              24.60655810565227
            ],
            [
              86.22481723730615,
              24.60658728606004
            ],
            [
              86.22462225617711,
              24.606633604062875
            ],
            [
              86.22432065131203,
              24.606718295618148
            ],
            [
              86.22416618779556,
              24.60679372205931
            ],
            [
              86.22406776837306,
              24.606879369903808
            ],
            [
              86.22391481582287,
              24.607029850932083
            ],
            [
              86.2238541741513,
              24.607172408644278
            ],
            [
              86.2237588646963,
              24.607474185730062
            ],
            [
              86.2236523137238,
              24.607788909706834
            ],
            [
              86.22354209223508,
              24.60807390236311
            ],
            [
              86.2235011389396,
              24.608307413661436
            ],
            [
              86.22357259542888,
              24.608525520273847
            ],
            [
              86.22363437706252,
              24.608710523059926
            ],
            [
              86.22367886433035,
              24.60897680659842
            ],
            [
              86.2236548523628,
              24.609234065626524
            ],
            [
              86.22362697674123,
              24.609349247653657
            ],
            [
              86.22359163522133,
              24.60945770961135
            ],
            [
              86.22351984905035,
              24.609597049137932
            ],
            [
              86.2233741099719,
              24.6097305881841
            ],
            [
              86.22305465827708,
              24.61000059214007
            ],
            [
              86.22278931211181,
              24.61029083367576
            ],
            [
              86.22277284060277,
              24.610310664295067
            ],
            [
              86.22249173529248,
              24.610649091896704
            ],
            [
              86.22230199403648,
              24.61080525105967
            ],
            [
              86.22216300310248,
              24.6109015256326
            ],
            [
              86.22200888723401,
              24.610967558213936
            ],
            [
              86.22183589237154,
              24.61100351137662
            ],
            [
              86.22152187728082,
              24.611000532022665
            ],
            [
              86.22114104819423,
              24.61097146861702
            ],
            [
              86.22000191524367,
              24.611028694591862
            ],
            [
              86.21938928308455,
              24.611056493719424
            ],
            [
              86.21932849139431,
              24.611054634890817
            ],
            [
              86.21849634960726,
              24.61102919115076
            ],
            [
              86.21830179068641,
              24.61100840509602
            ],
            [
              86.21794268555836,
              24.611693914307818
            ],
            [
              86.21757629868655,
              24.61238641888035
            ],
            [
              86.21741107604794,
              24.612648202753935
            ],
            [
              86.21733767560437,
              24.612721272713653
            ],
            [
              86.21699169755753,
              24.6130656883372
            ],
            [
              86.21612105577405,
              24.613434344095992
            ],
            [
              86.21582274592946,
              24.61352924378537
            ],
            [
              86.2151788937209,
              24.613642386661702
            ],
            [
              86.21510682727556,
              24.613654546382794
            ],
            [
              86.21429898491698,
              24.61379084314488
            ],
            [
              86.21429001074728,
              24.613724497628017
            ],
            [
              86.21424503569426,
              24.61313373129569
            ],
            [
              86.21423394958535,
              24.612728252211518
            ],
            [
              86.21422753381758,
              24.612289829387286
            ],
            [
              86.21417937693185,
              24.611978148334423
            ],
            [
              86.21408773080657,
              24.6116736396206
            ],
            [
              86.21394995259817,
              24.611369358843227
            ],
            [
              86.21387205878156,
              24.611011530640674
            ],
            [
              86.21385228057396,
              24.610652996592762
            ],
            [
              86.21387791220394,
              24.609921850132416
            ],
            [
              86.21387080203849,
              24.6093492533707
            ],
            [
              86.2138541346967,
              24.60920328914736
            ],
            [
              86.21376834109547,
              24.60901489524425
            ],
            [
              86.2136956548126,
              24.608799933052907
            ],
            [
              86.21363122225053,
              24.60836885761179
            ],
            [
              86.21364398910734,
              24.608041072343816
            ],
            [
              86.21367856166937,
              24.607921060610472
            ],
            [
              86.21377017904858,
              24.6077272719066
            ],
            [
              86.21382664175744,
              24.607613639358195
            ],
            [
              86.21386121431945,
              24.607493627214808
            ],
            [
              86.21387438182488,
              24.607400451968658
            ],
            [
              86.21385113162872,
              24.6073010743826
            ],
            [
              86.21370244338121,
              24.607070343003745
            ],
            [
              86.21339034709192,
              24.606595767880716
            ],
            [
              86.2133428154336,
              24.606437471774907
            ],
            [
              86.21333321783311,
              24.606278133308976
            ],
            [
              86.21335219294687,
              24.606085227407345
            ],
            [
              86.21342172704142,
              24.60587177605578
            ],
            [
              86.21364060066209,
              24.605437259378267
            ],
            [
              86.2140742982981,
              24.60488325988077
            ],
            [
              86.21413665575187,
              24.60477053297472
            ],
            [
              86.21414189292996,
              24.60475022367863
            ],
            [
              86.21421200733622,
              24.604576629129333
            ],
            [
              86.21421742417738,
              24.604450328352172
            ],
            [
              86.21416327103712,
              24.60422509009795
            ],
            [
              86.21414718670196,
              24.60411898238871
            ],
            [
              86.21410263116215,
              24.604053084223832
            ],
            [
              86.21381670639038,
              24.603877172389083
            ],
            [
              86.21361146380583,
              24.60375342980301
            ],
            [
              86.21355169889002,
              24.603641208268353
            ],
            [
              86.21343685556911,
              24.603462496824555
            ],
            [
              86.21339829987711,
              24.603310154195444
            ],
            [
              86.21336458071463,
              24.602991652866447
            ],
            [
              86.21335420696973,
              24.602779172268452
            ],
            [
              86.21335525260871,
              24.602353945358058
            ],
            [
              86.21340376971888,
              24.602193900089404
            ],
            [
              86.21349041761793,
              24.60199344504147
            ],
            [
              86.2137405759667,
              24.60171135766899
            ],
            [
              86.21396981614572,
              24.601489321944047
            ],
            [
              86.21415683281145,
              24.601360814400266
            ],
            [
              86.21433755677864,
              24.601298822221153
            ],
            [
              86.214734839408,
              24.601141181000248
            ],
            [
              86.21540503740718,
              24.6007676128634
            ],
            [
              86.21559041105425,
              24.60070409465272
            ],
            [
              86.21583573107687,
              24.600588163849967
            ],
            [
              86.21593304826656,
              24.60028800126294
            ],
            [
              86.21600062672874,
              24.599941692284137
            ],
            [
              86.21603885992556,
              24.59957580813284
            ],
            [
              86.21607225928783,
              24.59937608318058
            ],
            [
              86.21614519260744,
              24.599163750816004
            ],
            [
              86.21623592424773,
              24.59891017603123
            ],
            [
              86.2163540571992,
              24.598543320151027
            ],
            [
              86.21629099187298,
              24.598409795301748
            ],
            [
              86.2161566712801,
              24.59817889070302
            ],
            [
              86.21606410438167,
              24.59806706929863
            ],
            [
              86.21590942437122,
              24.59793607191922
            ],
            [
              86.21549736894701,
              24.59761552799034
            ],
            [
              86.21537464740112,
              24.597500613689178
            ],
            [
              86.21520862166862,
              24.59733985486648
            ],
            [
              86.21496462576273,
              24.597070419035774
            ],
            [
              86.21501058806423,
              24.596980166707898
            ],
            [
              86.21505969985914,
              24.596856655807766
            ],
            [
              86.215083148583,
              24.59674489039817
            ],
            [
              86.21511024716185,
              24.59660835861267
            ],
            [
              86.21513007208185,
              24.596471915709827
            ],
            [
              86.2151202220548,
              24.59629597034752
            ],
            [
              86.21506697711126,
              24.596137162143734
            ],
            [
              86.21501852827303,
              24.59595061333806
            ],
            [
              86.21492450610383,
              24.59573914914716
            ],
            [
              86.21486825719397,
              24.59562356333969
            ],
            [
              86.214841198141,
              24.595514266045573
            ],
            [
              86.21481069674383,
              24.595418299822445
            ],
            [
              86.21480199386536,
              24.595387367201408
            ],
            [
              86.21475750480091,
              24.595238009174157
            ],
            [
              86.21445076875895,
              24.59492838812139
            ],
            [
              86.21396598033945,
              24.594594470930907
            ],
            [
              86.2131220939784,
              24.594052533598777
            ],
            [
              86.21178354940784,
              24.593258290097488
            ],
            [
              86.21055558924537,
              24.592529646864556
            ],
            [
              86.2086731866355,
              24.591630279293263
            ],
            [
              86.20765197104072,
              24.591132934239816
            ],
            [
              86.20603020562737,
              24.59059547618759
            ],
            [
              86.20497278882496,
              24.590268457941644
            ],
            [
              86.20400433757503,
              24.5899105906361
            ],
            [
              86.20304835763619,
              24.58963896763179
            ],
            [
              86.20220866820414,
              24.589380092616683
            ],
            [
              86.2012669741733,
              24.5891814418926
            ],
            [
              86.20021143125655,
              24.588981795926873
            ],
            [
              86.19927991513784,
              24.58879480679328
            ],
            [
              86.19830479299863,
              24.58859896838956
            ],
            [
              86.19780777491485,
              24.58848460699125
            ],
            [
              86.19727021765894,
              24.588243302644088
            ],
            [
              86.19634080988621,
              24.587666904674712
            ],
            [
              86.19606257020168,
              24.587490094133
            ],
            [
              86.19521532503978,
              24.586707398715443
            ],
            [
              86.19489891773546,
              24.586236887094035
            ],
            [
              86.1944842248576,
              24.585652234359834
            ],
            [
              86.19433117259442,
              24.58566539338742
            ],
            [
              86.19393595788688,
              24.585647580626805
            ],
            [
              86.19366725292079,
              24.585501903256333
            ],
            [
              86.19340394323626,
              24.585387745699123
            ],
            [
              86.19313641416487,
              24.585323275375103
            ],
            [
              86.19286466840155,
              24.585308489910364
            ],
            [
              86.1926277997291,
              24.585315848334123
            ],
            [
              86.19246062415306,
              24.585362978832123
            ],
            [
              86.19208158810376,
              24.585439729228696
            ],
            [
              86.19164416515426,
              24.58557584025095
            ],
            [
              86.19112848007887,
              24.585762524596408
            ],
            [
              86.19093509435776,
              24.585828791815278
            ],
            [
              86.19088284744252,
              24.58584669522304
            ],
            [
              86.19066078659925,
              24.5858538722694
            ],
            [
              86.190467822188,
              24.585824599622153
            ],
            [
              86.19029427575994,
              24.585772533748152
            ],
            [
              86.18999595872882,
              24.585627205328443
            ],
            [
              86.18941511165939,
              24.585404039107505
            ],
            [
              86.1891177082149,
              24.585321870347574
            ],
            [
              86.18888486489323,
              24.5852660000692
            ],
            [
              86.18863325396867,
              24.585278040833106
            ],
            [
              86.18844113666877,
              24.585307418168316
            ],
            [
              86.18828915879068,
              24.585381436148463
            ],
            [
              86.18815646864006,
              24.58542363759329
            ],
            [
              86.18800929764708,
              24.585488574301504
            ],
            [
              86.18765669542333,
              24.585686829799023
            ],
            [
              86.18717399558686,
              24.585764809391822
            ],
            [
              86.18673117466082,
              24.58586938305289
            ],
            [
              86.18611545858529,
              24.58596700177637
            ],
            [
              86.18580415820337,
              24.5859481647007
            ],
            [
              86.18560619197265,
              24.5859144344018
            ],
            [
              86.18539302984057,
              24.58585381182078
            ],
            [
              86.18524858343781,
              24.585765292164123
            ],
            [
              86.18508400129797,
              24.58564993975989
            ],
            [
              86.18486869488731,
              24.585440434192396
            ],
            [
              86.18424447356267,
              24.584604086291474
            ],
            [
              86.18396470314889,
              24.584265715691284
            ],
            [
              86.183867647369,
              24.584148330314974
            ],
            [
              86.18376301519794,
              24.584081896379296
            ],
            [
              86.18371365456973,
              24.584082485353075
            ],
            [
              86.1833184425571,
              24.58440758619393
            ],
            [
              86.18311198365365,
              24.584593234024922
            ],
            [
              86.18285054875314,
              24.584828314247787
            ],
            [
              86.1825489627527,
              24.58502318728024
            ],
            [
              86.18253749396149,
              24.58503059800101
            ],
            [
              86.18214981342419,
              24.585193160774775
            ],
            [
              86.1819723719011,
              24.58521333029073
            ],
            [
              86.18177427900788,
              24.585170570847723
            ],
            [
              86.18156553568869,
              24.58507379125405
            ],
            [
              86.18136121118238,
              24.58494085897906
            ],
            [
              86.18119546841918,
              24.58474429405951
            ],
            [
              86.18110467299849,
              24.584610006229017
            ],
            [
              86.18097382259757,
              24.584299243030358
            ],
            [
              86.18096666841463,
              24.58428225104307
            ],
            [
              86.18071390315492,
              24.58387012868212
            ],
            [
              86.18057816681717,
              24.583700279192495
            ],
            [
              86.18047912216724,
              24.583678898806077
            ],
            [
              86.18036630544566,
              24.58372988235858
            ],
            [
              86.18022510375769,
              24.58386693710874
            ],
            [
              86.18008961535497,
              24.584058071939012
            ],
            [
              86.17997493193423,
              24.58431179280536
            ],
            [
              86.17994606816585,
              24.584375650171264
            ],
            [
              86.17982284805495,
              24.58473359701241
            ],
            [
              86.17978556168245,
              24.58488746204122
            ],
            [
              86.17969820141936,
              24.58499228721665
            ],
            [
              86.179555961279,
              24.58505715716451
            ],
            [
              86.17944775560974,
              24.585085521622798
            ],
            [
              86.17928980034175,
              24.58508740534347
            ],
            [
              86.1788984241354,
              24.584992799399537
            ],
            [
              86.17857121818305,
              24.584897427151407
            ],
            [
              86.1782199140249,
              24.584842952730895
            ],
            [
              86.17756770209432,
              24.584805600089183
            ],
            [
              86.17740948900986,
              24.58478943403624
            ],
            [
              86.17696291312592,
              24.584632307898193
            ],
            [
              86.17664538741907,
              24.584523280382193
            ],
            [
              86.17645216878462,
              24.584475943713898
            ],
            [
              86.17611625725885,
              24.584461893342993
            ],
            [
              86.17554412384764,
              24.58450028679467
            ],
            [
              86.17479538973645,
              24.58461749131039
            ],
            [
              86.17456442658867,
              24.5846924360409
            ],
            [
              86.1743098817664,
              24.58484437083385
            ],
            [
              86.17403539793808,
              24.584983005024576
            ],
            [
              86.17373078012358,
              24.585085898203545
            ],
            [
              86.17359782856317,
              24.585110040213806
            ],
            [
              86.17268155236327,
              24.584904333048286
            ],
            [
              86.1724543621397,
              24.584898007135653
            ],
            [
              86.17226711281032,
              24.584922792882846
            ],
            [
              86.17166481037863,
              24.585268373096373
            ],
            [
              86.17122268834187,
              24.585422529092803
            ],
            [
              86.17093703665795,
              24.585471043337773
            ],
            [
              86.17089129713862,
              24.58548714722021
            ],
            [
              86.17000861972694,
              24.58579792299163
            ],
            [
              86.1695405893791,
              24.585866647345515
            ],
            [
              86.16926390827157,
              24.585851878282398
            ],
            [
              86.16916960672631,
              24.585816897324648
            ],
            [
              86.16897542330125,
              24.585701878252525
            ],
            [
              86.16858289455637,
              24.585526037017654
            ],
            [
              86.16834999643748,
              24.585465623368755
            ],
            [
              86.16781734488137,
              24.58550352066942
            ],
            [
              86.16728475800392,
              24.585545927925594
            ],
            [
              86.16639080493883,
              24.5855204136491
            ],
            [
              86.1661740010366,
              24.585550054778036
            ],
            [
              86.16580975664677,
              24.585626563265095
            ],
            [
              86.16560346842323,
              24.585701201880855
            ],
            [
              86.16506825666852,
              24.585906076977942
            ],
            [
              86.16482754230836,
              24.585990147032792
            ],
            [
              86.164571376027,
              24.58602927520063
            ],
            [
              86.16424604036706,
              24.58606470864592
            ],
            [
              86.16387159920045,
              24.586118770831856
            ],
            [
              86.163476362035,
              24.586320862169888
            ],
            [
              86.1634108748508,
              24.586354347298386
            ],
            [
              86.1631845820442,
              24.586411167927125
            ],
            [
              86.16299707220337,
              24.58641789566301
            ],
            [
              86.1625409427364,
              24.586287765862615
            ],
            [
              86.16228325111567,
              24.586214248343012
            ],
            [
              86.16213465269969,
              24.586179903828903
            ],
            [
              86.16194707907846,
              24.586182118365805
            ],
            [
              86.16150365897613,
              24.586246014804622
            ],
            [
              86.16142141102534,
              24.58636430739064
            ],
            [
              86.16135147179057,
              24.58665392329471
            ],
            [
              86.16133134413832,
              24.58697453940241
            ],
            [
              86.16126082728684,
              24.587223550039813
            ],
            [
              86.16108831571798,
              24.587591086048644
            ],
            [
              86.1608417623085,
              24.587959496651816
            ],
            [
              86.16021171720585,
              24.588440727938703
            ],
            [
              86.1593952429357,
              24.5890053760084
            ],
            [
              86.15844708103477,
              24.589684380304963
            ],
            [
              86.1575762272489,
              24.59024514765663
            ],
            [
              86.1571109870683,
              24.590512342875872
            ],
            [
              86.15655753142849,
              24.59082569882717
            ],
            [
              86.15613177759452,
              24.591092427209265
            ],
            [
              86.1559067514125,
              24.59123947036321
            ],
            [
              86.15574596106147,
              24.591390269160478
            ],
            [
              86.15537059013852,
              24.591728600087425
            ],
            [
              86.15519029287113,
              24.591871719241816
            ],
            [
              86.15492629867038,
              24.592081276127747
            ],
            [
              86.15462869310494,
              24.592332954996913
            ],
            [
              86.15446251555717,
              24.59245223019648
            ],
            [
              86.15401200774724,
              24.59244424813395
            ],
            [
              86.15369705481535,
              24.592438665917626
            ],
            [
              86.15306978371036,
              24.592477145957904
            ],
            [
              86.1528781874333,
              24.59248889932115
            ],
            [
              86.15215738284259,
              24.592840303053
            ],
            [
              86.15156228310282,
              24.59335267333788
            ],
            [
              86.15136049993043,
              24.593747615322496
            ],
            [
              86.15022474015377,
              24.595132695137835
            ],
            [
              86.14995176908842,
              24.595731525873198
            ],
            [
              86.14990377389942,
              24.596178811069812
            ],
            [
              86.15000789223411,
              24.59760800366301
            ],
            [
              86.15009133943578,
              24.597922888043914
            ],
            [
              86.15090719836,
              24.599054940967935
            ],
            [
              86.15120439070037,
              24.59947110134988
            ],
            [
              86.15150152105701,
              24.59988275008081
            ],
            [
              86.15168985555128,
              24.600282137607692
            ],
            [
              86.15183554522235,
              24.60080837159694
            ],
            [
              86.15184482032768,
              24.601115102244563
            ],
            [
              86.15166949433704,
              24.601636080083193
            ],
            [
              86.15149566134642,
              24.601913373196087
            ],
            [
              86.15094571901766,
              24.602370377041893
            ],
            [
              86.15072457355768,
              24.60255414908195
            ],
            [
              86.15022648378375,
              24.602773316080803
            ],
            [
              86.15000813388092,
              24.60286939182763
            ],
            [
              86.1498351587814,
              24.602992546403165
            ],
            [
              86.1492993020363,
              24.603374059860464
            ],
            [
              86.14758197474136,
              24.604143229356655
            ],
            [
              86.14620505683678,
              24.60454289731589
            ],
            [
              86.14526946506165,
              24.604725311177173
            ],
            [
              86.144243862095,
              24.604827548614654
            ],
            [
              86.14413384542217,
              24.60487178374259
            ],
            [
              86.14368904191429,
              24.605050626303345
            ],
            [
              86.14317555411812,
              24.605404075016306
            ],
            [
              86.14253181330068,
              24.605975634605414
            ],
            [
              86.14233444804285,
              24.606152303058483
            ],
            [
              86.14134684830435,
              24.607036329272404
            ],
            [
              86.14091290093667,
              24.607077491064246
            ],
            [
              86.14006779017188,
              24.60702417462505
            ],
            [
              86.13970302386087,
              24.607069038678652
            ],
            [
              86.13894367974784,
              24.607145574849948
            ],
            [
              86.13813312357875,
              24.60719445065617
            ],
            [
              86.1380161593355,
              24.607201503968483
            ],
            [
              86.1370257263106,
              24.606996444023846
            ],
            [
              86.13636797357132,
              24.606570915368607
            ],
            [
              86.1359870124324,
              24.606164724864662
            ],
            [
              86.13557542143721,
              24.605686693114546
            ],
            [
              86.13525940220507,
              24.605333895329697
            ],
            [
              86.1348893951227,
              24.605004284028766
            ],
            [
              86.134389505125,
              24.604919847772262
            ],
            [
              86.13378672928113,
              24.605028284167286
            ],
            [
              86.13366548456554,
              24.60505009460058
            ],
            [
              86.13326255332969,
              24.60519014633922
            ],
            [
              86.1326351079515,
              24.605517808397742
            ],
            [
              86.13217785020053,
              24.606010449031775
            ],
            [
              86.1316575423947,
              24.606585040848092
            ],
            [
              86.13110449997994,
              24.60729086930292
            ],
            [
              86.13066944498951,
              24.608103475263405
            ],
            [
              86.13063290062541,
              24.608171731636922
            ],
            [
              86.13006259528584,
              24.609410211678078
            ],
            [
              86.12974214196949,
              24.610153948332115
            ],
            [
              86.129723934017,
              24.610183369648542
            ],
            [
              86.12921795972984,
              24.611000974678888
            ],
            [
              86.12871925640661,
              24.611037100974208
            ],
            [
              86.12846246669446,
              24.611073272178057
            ],
            [
              86.12809707605429,
              24.611086779717645
            ],
            [
              86.12763786087433,
              24.61115455913934
            ],
            [
              86.12719349574428,
              24.611217727394067
            ],
            [
              86.1265664608962,
              24.6112267307768
            ],
            [
              86.12624316441197,
              24.61124770872146
            ],
            [
              86.1258777962297,
              24.611271416097757
            ],
            [
              86.12587022522851,
              24.611271906938732
            ],
            [
              86.12559869056926,
              24.611326048891453
            ],
            [
              86.12531724659411,
              24.611484079098812
            ],
            [
              86.12514938740014,
              24.611687200997842
            ],
            [
              86.12507040662204,
              24.61192190610423
            ],
            [
              86.12504564725617,
              24.61241394411176
            ],
            [
              86.12510983457817,
              24.612743492604526
            ],
            [
              86.12511831916602,
              24.61296018921473
            ],
            [
              86.12513457957098,
              24.613375436016792
            ],
            [
              86.12511970975811,
              24.613709490928258
            ],
            [
              86.12497840925546,
              24.614112870391633
            ],
            [
              86.12495683890886,
              24.61417444624374
            ],
            [
              86.12460126056659,
              24.614508417352404
            ],
            [
              86.12429019464496,
              24.614734184269796
            ],
            [
              86.12382114560755,
              24.614878566656106
            ],
            [
              86.12380040889752,
              24.614891352653245
            ],
            [
              86.12297189181268,
              24.61540219529027
            ],
            [
              86.12256202109126,
              24.61578587429765
            ],
            [
              86.12213738116823,
              24.61623277338355
            ],
            [
              86.12186571894824,
              24.61665708336176
            ],
            [
              86.12171765323319,
              24.617022691339677
            ],
            [
              86.12113497719385,
              24.61821443194351
            ],
            [
              86.12104107989043,
              24.618489775690236
            ],
            [
              86.12102628912929,
              24.618796738197908
            ],
            [
              86.12107568209686,
              24.61900889105851
            ],
            [
              86.12125838056104,
              24.619356471867267
            ],
            [
              86.1215446978966,
              24.619762725695345
            ],
            [
              86.12176693660632,
              24.620177998091364
            ],
            [
              86.12200391397491,
              24.620859585328205
            ],
            [
              86.12208785794495,
              24.621514179709607
            ],
            [
              86.12203356556581,
              24.621861732321015
            ],
            [
              86.1219643764243,
              24.62206488309551
            ],
            [
              86.12171746728197,
              24.62239442167076
            ],
            [
              86.12148539112155,
              24.62255237092698
            ],
            [
              86.1211002222738,
              24.622832243959106
            ],
            [
              86.1209323621815,
              24.62300375281218
            ],
            [
              86.12083354570363,
              24.62324745961163
            ],
            [
              86.12079407822162,
              24.623522851071442
            ],
            [
              86.120766735301,
              24.62362697833279
            ],
            [
              86.12070516656803,
              24.623861439723896
            ],
            [
              86.12054713404494,
              24.624082583997488
            ],
            [
              86.1203891114033,
              24.624231571955956
            ],
            [
              86.12005827086732,
              24.624398513975784
            ],
            [
              86.11988261339836,
              24.62445460605245
            ],
            [
              86.1196483534335,
              24.624529410147982
            ],
            [
              86.11940632393976,
              24.62462976133729
            ],
            [
              86.11916939687686,
              24.62472799413578
            ],
            [
              86.11888791786741,
              24.62501244270399
            ],
            [
              86.11873473085694,
              24.62538704821104
            ],
            [
              86.11865083629425,
              24.625784275208744
            ],
            [
              86.11866070069436,
              24.626195055031697
            ],
            [
              86.11870509902899,
              24.626569733755623
            ],
            [
              86.11882359040823,
              24.62693084918409
            ],
            [
              86.11892724700887,
              24.62712498703342
            ],
            [
              86.1190754025554,
              24.62734160237402
            ],
            [
              86.11925318543834,
              24.627630546095197
            ],
            [
              86.11944077522925,
              24.627901395776917
            ],
            [
              86.11955936901643,
              24.62814962595698
            ],
            [
              86.11966297710802,
              24.62839343214747
            ],
            [
              86.11964815760076,
              24.628619116830606
            ],
            [
              86.11952960603442,
              24.62908405263054
            ],
            [
              86.11942100330982,
              24.629454223292257
            ],
            [
              86.11941106255291,
              24.629702513265322
            ],
            [
              86.119460428571,
              24.629932727632546
            ],
            [
              86.11959874756522,
              24.63017195176009
            ],
            [
              86.11976173609372,
              24.630415654382418
            ],
            [
              86.11977700116536,
              24.630427001606293
            ],
            [
              86.11991968058192,
              24.63053307719506
            ],
            [
              86.12074929361142,
              24.63101159618583
            ],
            [
              86.1211246717209,
              24.631273427619217
            ],
            [
              86.12133700380967,
              24.63153972435123
            ],
            [
              86.12140120460636,
              24.631697687364692
            ],
            [
              86.12134683676877,
              24.63192792663647
            ],
            [
              86.12127769613627,
              24.632207839101692
            ],
            [
              86.12114932239062,
              24.632749481292322
            ],
            [
              86.12079861920539,
              24.634410640701347
            ],
            [
              86.12068960415405,
              24.634905487330595
            ],
            [
              86.12065045287905,
              24.63508320418894
            ],
            [
              86.12044791512182,
              24.63543530480976
            ],
            [
              86.12021577607938,
              24.635584219626566
            ],
            [
              86.1200034035664,
              24.635647458009352
            ],
            [
              86.11972686439273,
              24.635660919616917
            ],
            [
              86.11961151442203,
              24.635652051907634
            ],
            [
              86.11925771115074,
              24.635624850246266
            ],
            [
              86.11890219928381,
              24.635656450650796
            ],
            [
              86.11862558644823,
              24.635764734642994
            ],
            [
              86.1185169738422,
              24.635895677701953
            ],
            [
              86.1184872979968,
              24.63612588065933
            ],
            [
              86.11861074627976,
              24.63640123231002
            ],
            [
              86.11888232405812,
              24.636884257358023
            ],
            [
              86.11907491926179,
              24.637218261697175
            ],
            [
              86.11936000500708,
              24.637619826082766
            ],
            [
              86.11937615941085,
              24.637642579644584
            ],
            [
              86.11961321223791,
              24.637963117332124
            ],
            [
              86.11980584157754,
              24.638292605822386
            ],
            [
              86.11981335059501,
              24.63831732301736
            ],
            [
              86.11987991575758,
              24.63853641998483
            ],
            [
              86.11990451432499,
              24.63874851729358
            ],
            [
              86.11983043026349,
              24.63892906121549
            ],
            [
              86.1197366021304,
              24.63905097018467
            ],
            [
              86.1194748851589,
              24.639105158079865
            ],
            [
              86.11889207527054,
              24.639114115361817
            ],
            [
              86.11820560339169,
              24.639181796302292
            ],
            [
              86.11800090159292,
              24.639218903265178
            ],
            [
              86.11763279714233,
              24.639285631265253
            ],
            [
              86.11746480859092,
              24.639330701754215
            ],
            [
              86.11715371841478,
              24.639493237243492
            ],
            [
              86.11698078014616,
              24.639750503697343
            ],
            [
              86.11688696279283,
              24.64005293619897
            ],
            [
              86.11679313465974,
              24.640441161840656
            ],
            [
              86.11675356926138,
              24.640897076084997
            ],
            [
              86.11672887187927,
              24.641416202898576
            ],
            [
              86.116674519313,
              24.64175472020768
            ],
            [
              86.11654109344218,
              24.642237717207173
            ],
            [
              86.11629908011811,
              24.642607822770852
            ],
            [
              86.11599285162427,
              24.643018549737267
            ],
            [
              86.11556881536913,
              24.643549592661422
            ],
            [
              86.1154594293136,
              24.643686581873148
            ],
            [
              86.11522185007378,
              24.64394536163425
            ],
            [
              86.1154193141463,
              24.644090182209982
            ],
            [
              86.11590452657059,
              24.644417653320016
            ],
            [
              86.1167165856211,
              24.645159089039712
            ],
            [
              86.11772823415811,
              24.646667120859096
            ],
            [
              86.118423664037,
              24.64761583768844
            ],
            [
              86.11878759221985,
              24.64859793167879
            ],
            [
              86.11964209127767,
              24.64927546612558
            ],
            [
              86.1201222982892,
              24.649871251009674
            ],
            [
              86.12067701606199,
              24.650559470781758
            ],
            [
              86.1212061507138,
              24.651254963742282
            ],
            [
              86.12188833044225,
              24.652144595069196
            ],
            [
              86.12195124844474,
              24.652226643998883
            ],
            [
              86.12258018682292,
              24.652850091963725
            ],
            [
              86.12277929032079,
              24.652964537377773
            ],
            [
              86.12442310308617,
              24.65390938220638
            ],
            [
              86.12485371680582,
              24.654209112336833
            ],
            [
              86.12509141731822,
              24.654574884762237
            ],
            [
              86.12502924940898,
              24.65512134807701
            ],
            [
              86.1248685372114,
              24.655488200399876
            ],
            [
              86.12471180634715,
              24.65648228025184
            ],
            [
              86.12473238944524,
              24.65707144233213
            ],
            [
              86.1251029660595,
              24.659003716870664
            ],
            [
              86.12546490806727,
              24.660822515293972
            ],
            [
              86.12580613402626,
              24.66234350560248
            ],
            [
              86.1264581168864,
              24.66432342866358
            ],
            [
              86.12667861106786,
              24.665121735109818
            ],
            [
              86.12695572516331,
              24.666212900003583
            ],
            [
              86.12705795344267,
              24.666870841284613
            ],
            [
              86.12703835220319,
              24.667133306934524
            ],
            [
              86.12668191686808,
              24.667912886594912
            ],
            [
              86.12602632008554,
              24.668721438709355
            ],
            [
              86.12542904642281,
              24.669523792115513
            ],
            [
              86.12517222706622,
              24.669862848715372
            ],
            [
              86.1249036559491,
              24.67021741940664
            ],
            [
              86.12472448966064,
              24.670715635112398
            ],
            [
              86.12469703085736,
              24.670971105001
            ],
            [
              86.12474794197776,
              24.671108654316267
            ],
            [
              86.12535086694194,
              24.67152685717997
            ],
            [
              86.12609473757422,
              24.67204263464481
            ],
            [
              86.12694216778905,
              24.672614833067506
            ],
            [
              86.12787124228682,
              24.67306464875552
            ],
            [
              86.12993119421768,
              24.67417039505337
            ],
            [
              86.13094716544781,
              24.674732572706827
            ],
            [
              86.13155062311297,
              24.675186183032526
            ],
            [
              86.1319034130846,
              24.675893520987604
            ],
            [
              86.1321661110164,
              24.677237044809143
            ],
            [
              86.13239092878929,
              24.678340054712507
            ],
            [
              86.13232271162495,
              24.679007078266885
            ],
            [
              86.13217650542255,
              24.67940044029235
            ],
            [
              86.13184166289196,
              24.680410790223522
            ],
            [
              86.13146238070429,
              24.681431505668726
            ],
            [
              86.13071850737708,
              24.68283893197064
            ],
            [
              86.1301574897192,
              24.683759790835246
            ],
            [
              86.12948704288667,
              24.684861209346238
            ],
            [
              86.12929754597246,
              24.685175277182356
            ],
            [
              86.12902078221995,
              24.68622660828409
            ],
            [
              86.1288113139603,
              24.688057349970354
            ],
            [
              86.12860466730895,
              24.689777232234746
            ],
            [
              86.12856983782875,
              24.690578272399577
            ],
            [
              86.12853029578659,
              24.691487697320436
            ],
            [
              86.12845333082801,
              24.692051961394423
            ],
            [
              86.12952681040598,
              24.69226089402583
            ],
            [
              86.13054224534191,
              24.692458523083463
            ],
            [
              86.13155617290477,
              24.6926558490268
            ],
            [
              86.13275353285542,
              24.692888868372524
            ],
            [
              86.13388960524578,
              24.691442391835505
            ],
            [
              86.13436983920677,
              24.690884372909203
            ],
            [
              86.13526477233385,
              24.690278787994334
            ],
            [
              86.13613428762996,
              24.689574040636632
            ],
            [
              86.13696861501809,
              24.688477946230336
            ],
            [
              86.13703502926367,
              24.688390694179024
            ],
            [
              86.13764537610875,
              24.687983604193764
            ],
            [
              86.13786117479617,
              24.687839667904964
            ],
            [
              86.13868731314217,
              24.68728863674619
            ],
            [
              86.14188013856264,
              24.683979308384654
            ],
            [
              86.14348738540436,
              24.68351382934467
            ],
            [
              86.14501570716357,
              24.684439023112084
            ],
            [
              86.14619075475913,
              24.684323694840785
            ],
            [
              86.14843244844839,
              24.685524510323276
            ],
            [
              86.1487574957491,
              24.685382620729527
            ],
            [
              86.15192626338796,
              24.6828946508931
            ],
            [
              86.15350676199377,
              24.682145011649546
            ],
            [
              86.15454322918545,
              24.68199432888659
            ],
            [
              86.15596322939271,
              24.682283648935798
            ],
            [
              86.15690691858183,
              24.68365911823066
            ],
            [
              86.15666756067775,
              24.684716738088113
            ],
            [
              86.15821576484912,
              24.684978154062332
            ],
            [
              86.15996109173317,
              24.684475651369628
            ],
            [
              86.1621332252767,
              24.6835642277496
            ],
            [
              86.1632774813193,
              24.683286520817123
            ],
            [
              86.16376133099934,
              24.68324293379396
            ],
            [
              86.16430205571493,
              24.683546514645027
            ],
            [
              86.16513488201818,
              24.68393867228233
            ],
            [
              86.16693743068753,
              24.68383743172428
            ],
            [
              86.16724025905799,
              24.68403413302411
            ],
            [
              86.16782234041267,
              24.684585784210885
            ],
            [
              86.16775788808765,
              24.685231593352434
            ],
            [
              86.16861527792408,
              24.686937040715893
            ],
            [
              86.16917908305426,
              24.68769187895105
            ],
            [
              86.17050932270001,
              24.68785518480447
            ],
            [
              86.17147160432056,
              24.687027822268266
            ],
            [
              86.17148704097042,
              24.686445531365656
            ],
            [
              86.1712705972926,
              24.685228188884114
            ],
            [
              86.17093222707791,
              24.684219202734614
            ],
            [
              86.17178560593656,
              24.682692879760488
            ],
            [
              86.17101806739151,
              24.681117840607367
            ],
            [
              86.17050292669519,
              24.6802543458617
            ],
            [
              86.1700873148408,
              24.677476611745664
            ],
            [
              86.17064601933681,
              24.673505730041267
            ],
            [
              86.17133833116334,
              24.670906175957263
            ],
            [
              86.1722741816533,
              24.66919425461728
            ],
            [
              86.17269721538858,
              24.66827088327035
            ],
            [
              86.17282466925941,
              24.666803199844246
            ],
            [
              86.17263827332954,
              24.664967309194733
            ],
            [
              86.17275462402343,
              24.663987196318
            ],
            [
              86.17296983880595,
              24.66302892503976
            ],
            [
              86.17211887911036,
              24.66217658163934
            ],
            [
              86.1693772424228,
              24.66215275493365
            ],
            [
              86.16699205723995,
              24.66224409006982
            ],
            [
              86.16554437634551,
              24.662875774153314
            ],
            [
              86.16452578203474,
              24.66273304976677
            ],
            [
              86.16373101465513,
              24.66281460762869
            ],
            [
              86.1624756055708,
              24.66339544390035
            ],
            [
              86.16214847507696,
              24.66324394007687
            ],
            [
              86.1613942899886,
              24.661420514602217
            ],
            [
              86.16111023910251,
              24.6603931141023
            ],
            [
              86.16102065820405,
              24.659617349805306
            ],
            [
              86.16016687600181,
              24.659049261099284
            ],
            [
              86.1601934346932,
              24.658620328133363
            ],
            [
              86.1610003311258,
              24.658177612036145
            ],
            [
              86.16130271033865,
              24.656961620739203
            ],
            [
              86.16160271260924,
              24.65610678175975
            ],
            [
              86.16209185516291,
              24.655449329908983
            ],
            [
              86.16323615881622,
              24.6545441308779
            ],
            [
              86.1636437118842,
              24.653535142258967
            ],
            [
              86.16418699500173,
              24.652854780752186
            ],
            [
              86.16493444631874,
              24.65171736515303
            ],
            [
              86.16779466601369,
              24.650422577286275
            ],
            [
              86.17038166311501,
              24.648917229622974
            ],
            [
              86.17313620499993,
              24.647370286652773
            ],
            [
              86.17414662015005,
              24.64641166082015
            ],
            [
              86.17488789734607,
              24.645793267386598
            ],
            [
              86.17600572495303,
              24.64467605516492
            ],
            [
              86.17741121287689,
              24.64371050600047
            ],
            [
              86.17765070912151,
              24.642707012257098
            ],
            [
              86.17843877057757,
              24.64174077261798
            ],
            [
              86.17981300431606,
              24.640576751687775
            ],
            [
              86.181502825197,
              24.640679168837714
            ],
            [
              86.18185654492497,
              24.63909271586708
            ],
            [
              86.18290712824299,
              24.638246684950236
            ],
            [
              86.18339336744167,
              24.638546025631534
            ],
            [
              86.18387924282267,
              24.6387958023984
            ],
            [
              86.18426962279737,
              24.63882491894192
            ],
            [
              86.18454620509021,
              24.638823214849857
            ],
            [
              86.18555734428242,
              24.63865894663249
            ],
            [
              86.18634992606097,
              24.63830651297056
            ],
            [
              86.18681881429994,
              24.638272017001903
            ],
            [
              86.1872344063914,
              24.6383641616434
            ],
            [
              86.18851238564721,
              24.63821173497374
            ],
            [
              86.19293927168927,
              24.6358144558197
            ],
            [
              86.19571757311513,
              24.6361942082887
            ],
            [
              86.19665378562617,
              24.635912985215125
            ],
            [
              86.19812152859585,
              24.635384681194903
            ],
            [
              86.19949953076694,
              24.63539853314142
            ],
            [
              86.20152073207137,
              24.63427093361456
            ],
            [
              86.20721013736316,
              24.634280015359753
            ],
            [
              86.20973065194693,
              24.633880216256305
            ],
            [
              86.21202998783298,
              24.63361278377613
            ],
            [
              86.21362421089971,
              24.634139762666333
            ],
            [
              86.21304080363173,
              24.632762334053332
            ],
            [
              86.21112445997545,
              24.63079761414261
            ],
            [
              86.21075156930101,
              24.629820585933842
            ],
            [
              86.21239346865482,
              24.6294941291418
            ],
            [
              86.21330715231683,
              24.629501790371
            ],
            [
              86.21405213057183,
              24.629402253149244
            ],
            [
              86.21452893835834,
              24.629114842998153
            ],
            [
              86.21604894890451,
              24.628978682980037
            ],
            [
              86.21826584190538,
              24.62893289015607
            ],
            [
              86.22127708007773,
              24.629418985866916
            ],
            [
              86.2271771313205,
              24.63051815172122
            ],
            [
              86.22882435768395,
              24.630223097650433
            ],
            [
              86.23063230163486,
              24.630297063745996
            ],
            [
              86.23160844605687,
              24.630078609680506
            ],
            [
              86.23310962432141,
              24.629436915701035
            ],
            [
              86.23558494106999,
              24.62957864761337
            ],
            [
              86.2368825341417,
              24.629425757019213
            ],
            [
              86.2387086159765,
              24.629287394181517
            ],
            [
              86.23950206013774,
              24.629083568392197
            ],
            [
              86.24146274643303,
              24.629093161700194
            ],
            [
              86.24281093980808,
              24.629102394890968
            ],
            [
              86.24384550975789,
              24.62877956679434
            ],
            [
              86.24541773218498,
              24.628390054709367
            ],
            [
              86.24650217210778,
              24.628143614170654
            ],
            [
              86.24766377731345,
              24.627567797698664
            ],
            [
              86.2479877681954,
              24.627407112631193
            ],
            [
              86.24915913808822,
              24.62691641079317
            ],
            [
              86.24999997826215,
              24.62651643379274
            ],
            [
              86.25068918461274,
              24.62618858421671
            ],
            [
              86.25215166884475,
              24.626282673949053
            ],
            [
              86.25299540159389,
              24.626191287194732
            ],
            [
              86.25368564999023,
              24.62605129490467
            ],
            [
              86.25520130011402,
              24.626005051872163
            ],
            [
              86.25671374055727,
              24.62555260207743
            ],
            [
              86.25802051980111,
              24.624704379138798
            ],
            [
              86.26024734727069,
              24.624671306866162
            ],
            [
              86.26142138066831,
              24.62451447334109
            ],
            [
              86.2612418361891,
              24.624908373759965
            ],
            [
              86.2629888042952,
              24.625375093784655
            ],
            [
              86.26501077365918,
              24.62565034989906
            ],
            [
              86.26594816655647,
              24.625544670306947
            ],
            [
              86.26670901804255,
              24.62497081481012
            ],
            [
              86.26752921582958,
              24.624419146729814
            ],
            [
              86.26930413232078,
              24.624064174853864
            ],
            [
              86.27100329837563,
              24.624120343843124
            ],
            [
              86.27186840204537,
              24.624236261002093
            ],
            [
              86.27424862673122,
              24.624229180068724
            ],
            [
              86.27672045082993,
              24.62456438518346
            ],
            [
              86.27989758986892,
              24.624190575051458
            ],
            [
              86.28131595873563,
              24.623729548202103
            ],
            [
              86.28301008075019,
              24.62256699193119
            ],
            [
              86.284273027598,
              24.62300962601853
            ],
            [
              86.28603166032805,
              24.623697160820743
            ],
            [
              86.28729619629561,
              24.62374259379775
            ],
            [
              86.28855083103213,
              24.6231787900854
            ],
            [
              86.29063789321992,
              24.623566068603278
            ],
            [
              86.2927175344252,
              24.62305064780925
            ],
            [
              86.29464215515847,
              24.623488652357118
            ],
            [
              86.29725536420143,
              24.624449057929166
            ],
            [
              86.29733462435557,
              24.62422369563201
            ],
            [
              86.30068431898087,
              24.624999180837225
            ],
            [
              86.30365757458634,
              24.62623319396255
            ],
            [
              86.30685292876437,
              24.625673670736678
            ],
            [
              86.3085459638174,
              24.62558507880556
            ],
            [
              86.31158970213838,
              24.625211563257825
            ],
            [
              86.31427513932346,
              24.625093300863096
            ],
            [
              86.31638835685908,
              24.625628920333646
            ],
            [
              86.31721339117557,
              24.625672777361995
            ],
            [
              86.31860726837438,
              24.625238580180834
            ],
            [
              86.3199265548619,
              24.62532850099062
            ],
            [
              86.32109851584617,
              24.62494559602164
            ],
            [
              86.32247127994087,
              24.62493579660761
            ],
            [
              86.32323396578676,
              24.624605338684532
            ],
            [
              86.3240551696869,
              24.624197825027878
            ],
            [
              86.32422791481771,
              24.623609848775853
            ],
            [
              86.32329097017974,
              24.62319221628775
            ],
            [
              86.32257392324185,
              24.622497735688135
            ],
            [
              86.32201156709421,
              24.62082277507217
            ],
            [
              86.32202639019472,
              24.61966721824723
            ],
            [
              86.32155369489558,
              24.617504090166122
            ],
            [
              86.3230363633737,
              24.616505041820254
            ],
            [
              86.32428189817638,
              24.616640620070953
            ],
            [
              86.32640592334322,
              24.616729233040484
            ],
            [
              86.32860776417317,
              24.61724611314715
            ],
            [
              86.33177799067604,
              24.61782361130821
            ],
            [
              86.33479362340674,
              24.61879484436807
            ],
            [
              86.33559022155292,
              24.620129644297826
            ],
            [
              86.33585293475606,
              24.621386962614803
            ],
            [
              86.33647278038694,
              24.62283132769841
            ],
            [
              86.33786473429274,
              24.623895466028404
            ],
            [
              86.33835475270381,
              24.62345413024893
            ],
            [
              86.33821393190155,
              24.622588550232965
            ],
            [
              86.33774939779676,
              24.62141391339986
            ],
            [
              86.33716952899267,
              24.61945475862521
            ],
            [
              86.33781376118857,
              24.618578994127276
            ],
            [
              86.3389672402342,
              24.618344993226238
            ],
            [
              86.34009923337487,
              24.618481247309827
            ],
            [
              86.34100407402121,
              24.618619104346852
            ],
            [
              86.34179280202719,
              24.618468941875896
            ],
            [
              86.34338723979126,
              24.61726132440622
            ],
            [
              86.34836625555975,
              24.617450722638047
            ],
            [
              86.34913862075284,
              24.61824851695124
            ],
            [
              86.35111990362098,
              24.62063065680048
            ],
            [
              86.35328335584562,
              24.62182440379478
            ],
            [
              86.35391922921778,
              24.623936578990403
            ],
            [
              86.35660099139504,
              24.623415814895157
            ],
            [
              86.35790330780853,
              24.621573777281995
            ],
            [
              86.35714155082064,
              24.617503780649546
            ],
            [
              86.35835481364673,
              24.6156623672615
            ],
            [
              86.36006689657705,
              24.613821816134386
            ],
            [
              86.36196848630308,
              24.612765172654484
            ],
            [
              86.36320411538314,
              24.613464688320338
            ],
            [
              86.36298953660784,
              24.61487892028008
            ],
            [
              86.36355171309245,
              24.616472570083396
            ],
            [
              86.36543588268847,
              24.61678805623945
            ],
            [
              86.36616820278282,
              24.616399004961202
            ],
            [
              86.36797858296478,
              24.616751149234176
            ],
            [
              86.36905492727024,
              24.61784446727999
            ],
            [
              86.37093776196978,
              24.61856609825815
            ],
            [
              86.37261111313832,
              24.619041086106858
            ],
            [
              86.37489286090943,
              24.61963335902231
            ],
            [
              86.37776497160382,
              24.619431328829183
            ],
            [
              86.38004782070946,
              24.62069598437945
            ],
            [
              86.38207623458733,
              24.622761433812155
            ],
            [
              86.38462857917654,
              24.62433097120336
            ],
            [
              86.38643749869787,
              24.624497811829453
            ],
            [
              86.38977995200364,
              24.62441393423633
            ],
            [
              86.39292261909193,
              24.624083171966372
            ],
            [
              86.39039737038664,
              24.62605663063809
            ],
            [
              86.3882829715664,
              24.628703942116378
            ],
            [
              86.38649058284295,
              24.63036491686209
            ],
            [
              86.38376366235639,
              24.631915486158643
            ],
            [
              86.38049023020713,
              24.632549424712277
            ],
            [
              86.37852741759954,
              24.633399153226282
            ],
            [
              86.37940362983609,
              24.634186972759107
            ],
            [
              86.3802075124209,
              24.634609693205487
            ],
            [
              86.38107281102509,
              24.63417442472057
            ],
            [
              86.38187661365981,
              24.634046476626846
            ],
            [
              86.38267989167848,
              24.634406078603128
            ],
            [
              86.38288568493027,
              24.634770066887068
            ],
            [
              86.38229371941254,
              24.635939051814848
            ],
            [
              86.3826975786081,
              24.636364784277063
            ],
            [
              86.38316675969783,
              24.636361196386225
            ],
            [
              86.38402924118526,
              24.63561903887385
            ],
            [
              86.38509308992512,
              24.634753420624087
            ],
            [
              86.3858887421453,
              24.634260000734123
            ],
            [
              86.38629754926143,
              24.63468570380582
            ],
            [
              86.38590414016757,
              24.63597043003947
            ],
            [
              86.38598547004015,
              24.637314823764463
            ],
            [
              86.38540920887021,
              24.638027801406054
            ],
            [
              86.3852038432165,
              24.63826404276263
            ],
            [
              86.38378623612114,
              24.639881516881974
            ],
            [
              86.387810640085,
              24.643615322223095
            ],
            [
              86.38744151155495,
              24.644308655866705
            ],
            [
              86.38723968795838,
              24.645465626789107
            ],
            [
              86.38775518169258,
              24.646766117699148
            ],
            [
              86.38839611617308,
              24.647727138779903
            ],
            [
              86.38981636611202,
              24.649111018970856
            ],
            [
              86.39071175109167,
              24.650354364395657
            ],
            [
              86.39120048491189,
              24.650865213933013
            ],
            [
              86.39297296696866,
              24.651330169811903
            ],
            [
              86.39405886216218,
              24.651249715628303
            ],
            [
              86.39518799327034,
              24.65157057273026
            ],
            [
              86.3959137367985,
              24.652079587648238
            ],
            [
              86.39850107525962,
              24.65360340566325
            ],
            [
              86.39951438208662,
              24.654218519202885
            ],
            [
              86.4008463797354,
              24.654578464782013
            ],
            [
              86.40263620287043,
              24.654230745188528
            ],
            [
              86.4038499471935,
              24.655164673875568
            ],
            [
              86.40541538195032,
              24.655116554871807
            ],
            [
              86.40797186777303,
              24.655421841098036
            ],
            [
              86.40882901326766,
              24.655708660049314
            ],
            [
              86.40936673132202,
              24.65616037035405
            ],
            [
              86.40991325376444,
              24.657582355003342
            ],
            [
              86.41210350183567,
              24.65780014213253
            ],
            [
              86.41701120484535,
              24.65808703725891
            ],
            [
              86.42071263032854,
              24.658803018204654
            ],
            [
              86.42440652972631,
              24.65923002385359
            ],
            [
              86.42555888767447,
              24.662547345688708
            ],
            [
              86.42827463940709,
              24.668208359376578
            ],
            [
              86.42960557704387,
              24.667904542815428
            ],
            [
              86.43103241522708,
              24.66834921380937
            ],
            [
              86.43205863533629,
              24.6682102549063
            ],
            [
              86.4335402932097,
              24.667128902769505
            ],
            [
              86.435074715428,
              24.667441770348297
            ],
            [
              86.43621688917575,
              24.6680826967942
            ],
            [
              86.4373037006509,
              24.668606670599278
            ],
            [
              86.43932993880914,
              24.668690015653755
            ],
            [
              86.43953349795082,
              24.669839247150367
            ],
            [
              86.44057421507209,
              24.67071110127919
            ],
            [
              86.44150688193268,
              24.67164248626195
            ],
            [
              86.4417267284288,
              24.672421555305263
            ],
            [
              86.44152635830635,
              24.67369144229662
            ],
            [
              86.44128674258577,
              24.674469625923393
            ],
            [
              86.43976861490847,
              24.67588075837652
            ],
            [
              86.43818406669733,
              24.67549160137191
            ],
            [
              86.43697987056738,
              24.676146581214834
            ],
            [
              86.43567758110338,
              24.677393455408033
            ],
            [
              86.4348579267971,
              24.678487632728327
            ],
            [
              86.43714335496595,
              24.681935878405696
            ],
            [
              86.43857652806857,
              24.684059305596424
            ],
            [
              86.43979427797947,
              24.686392084742987
            ],
            [
              86.44025737208487,
              24.68884818481658
            ],
            [
              86.44120102084979,
              24.69041133807056
            ],
            [
              86.44098644836272,
              24.69122091063137
            ],
            [
              86.44206784658995,
              24.691672736375587
            ],
            [
              86.44335049528858,
              24.691987483248933
            ],
            [
              86.44522849615358,
              24.691516715054966
            ],
            [
              86.4458967439103,
              24.69112325414296
            ],
            [
              86.44647551587143,
              24.69119083831764
            ],
            [
              86.44739125667544,
              24.690339575396294
            ],
            [
              86.4489543198799,
              24.690002112996886
            ],
            [
              86.45024982886018,
              24.690104570386705
            ],
            [
              86.45321946964494,
              24.688586948361092
            ],
            [
              86.45423900269519,
              24.68773479594496
            ],
            [
              86.45664702934074,
              24.68690308301295
            ],
            [
              86.45763028841981,
              24.685879621713266
            ],
            [
              86.45823227374623,
              24.685807116934658
            ],
            [
              86.45947196410967,
              24.685246517182186
            ],
            [
              86.46006238272847,
              24.683973526199086
            ],
            [
              86.46147192564752,
              24.684120136026998
            ],
            [
              86.46332582471342,
              24.68475508034
            ],
            [
              86.46521254103332,
              24.6851956387016
            ],
            [
              86.46795891363905,
              24.68614827836312
            ],
            [
              86.4709789705725,
              24.686286273732176
            ],
            [
              86.47279055539528,
              24.68813546402984
            ],
            [
              86.47514262328686,
              24.688666951594026
            ],
            [
              86.47826937132997,
              24.689097273247352
            ],
            [
              86.47999695289388,
              24.68942610111062
            ],
            [
              86.48184060308074,
              24.68899125395371
            ],
            [
              86.48265763879795,
              24.689178628592238
            ],
            [
              86.48319565509296,
              24.689630079761635
            ],
            [
              86.48378904084717,
              24.692188707187928
            ],
            [
              86.48480201619586,
              24.6941932902202
            ],
            [
              86.48705894171903,
              24.69808774098487
            ],
            [
              86.4887744355525,
              24.70217167676893
            ],
            [
              86.49054932689084,
              24.70576306620327
            ],
            [
              86.49187108374538,
              24.708496226879337
            ],
            [
              86.49309721942952,
              24.71004764836793
            ],
            [
              86.49441890891039,
              24.710781426170556
            ],
            [
              86.49580875716515,
              24.71090073107173
            ],
            [
              86.49763125202706,
              24.709378813632824
            ],
            [
              86.50000000073513,
              24.707878129006872
            ],
            [
              86.50030322616098,
              24.707686020685664
            ],
            [
              86.50099899021316,
              24.707580918159344
            ],
            [
              86.50426426026971,
              24.70698050266927
            ],
            [
              86.50508875110546,
              24.706418538202506
            ],
            [
              86.50616176894944,
              24.705005920991173
            ],
            [
              86.50702492507162,
              24.702877479101346
            ],
            [
              86.50747819520106,
              24.700283034366976
            ],
            [
              86.50808675260208,
              24.698391407280603
            ],
            [
              86.50907562705,
              24.697963390673063
            ],
            [
              86.50955153202963,
              24.697625420876307
            ],
            [
              86.5104687972747,
              24.696958767098224
            ],
            [
              86.51107978102529,
              24.69581179167873
            ],
            [
              86.51220875672492,
              24.694082756969536
            ],
            [
              86.51230969232854,
              24.693314733847544
            ],
            [
              86.51147151026956,
              24.6925138622649
            ],
            [
              86.51087756755987,
              24.6914221211169
            ],
            [
              86.51090142322057,
              24.690356811696805
            ],
            [
              86.51158002855249,
              24.689055825063626
            ]
          ]
        ]
      }
    }
  ]
}