{
  "type": "FeatureCollection",
  "features": [
    {
      "type": "Feature",
      "properties": {
        "object_id": "10-215-01181",
        "stname": "BIHAR",
        "dtname": "Darbhanga",
        "sdtname": "Jale",
        "st_area_sh": 0.0,
        "st_length_": 0.0,
        "remarks": "",
        "dist_lgd": 195,
        "state_lgd": 10,
        "subdt_lgd": 1181,
        "ac_no": null,
        "st_length(shape)": 112473.57051363293,
        "st_area(shape)": 234172285.01568127
      },
      "geometry": {
        "type": "Polygon",
        "coordinates": [
          [
            [
              85.72411709303843,
              26.443873774784848
            ],
            [
              85.72560060862789,
              26.44345755409965
            ],
            [
              85.7260866852315,
              26.44329478124606
            ],
            [
              85.72619181866246,
              26.44312770821076
            ],
            [
              85.72615624358056,
              26.442486947650917
            ],
            [
              85.72618616556439,
              26.44235603881249
            ],
            [
              85.72624121612161,
              26.442292792241226
            ],
            [
              85.72632645456397,
              26.44224759897678
            ],
            [
              85.72673740865363,
              26.442075848805967
            ],
            [
              85.72764947624646,
              26.44176835479405
            ],
            [
              85.72833605143157,
              26.441492522892524
            ],
            [
              85.72962890768677,
              26.440927496117002
            ],
            [
              85.73005485825179,
              26.44083242639714
            ],
            [
              85.73055607056962,
              26.440741814291854
            ],
            [
              85.73088188413328,
              26.44064224006988
            ],
            [
              85.73119755661571,
              26.440479559760565
            ],
            [
              85.73199902632568,
              26.43979296526252
            ],
            [
              85.73271042735202,
              26.43939085031843
            ],
            [
              85.73380786589694,
              26.438983845877722
            ],
            [
              85.73437405156264,
              26.438617901890925
            ],
            [
              85.73475962195732,
              26.43823392529659
            ],
            [
              85.7349097493059,
              26.437976602259656
            ],
            [
              85.73493437302615,
              26.437475678626026
            ],
            [
              85.73496413690647,
              26.437110128014087
            ],
            [
              85.73492865614769,
              26.436676922634014
            ],
            [
              85.73488830472344,
              26.43647840173196
            ],
            [
              85.73481301512287,
              26.436329495346676
            ],
            [
              85.73469249804263,
              26.436171611897006
            ],
            [
              85.73456707705932,
              26.436076972618284
            ],
            [
              85.7343563295987,
              26.435770232390734
            ],
            [
              85.73422064266832,
              26.435467947634997
            ],
            [
              85.7342205133109,
              26.435305532707112
            ],
            [
              85.7342754902063,
              26.43515651621418
            ],
            [
              85.73447090971322,
              26.4350119936407
            ],
            [
              85.73470138956733,
              26.434935130383057
            ],
            [
              85.73591904964675,
              26.43444223261553
            ],
            [
              85.73641014244288,
              26.43429291898993
            ],
            [
              85.73709678140843,
              26.43416158094876
            ],
            [
              85.73753463195598,
              26.43403906776621
            ],
            [
              85.7375408096702,
              26.43403733992761
            ],
            [
              85.7380188499453,
              26.43390358036605
            ],
            [
              85.73907648773326,
              26.433839516715782
            ],
            [
              85.73977256799239,
              26.433795505815237
            ],
            [
              85.73979829035224,
              26.433793880131276
            ],
            [
              85.74011896555248,
              26.4337123859556
            ],
            [
              85.7410559892422,
              26.43334155620171
            ],
            [
              85.7417574809526,
              26.43308826837628
            ],
            [
              85.7421834881115,
              26.43297510522125
            ],
            [
              85.74262455462777,
              26.432934116932785
            ],
            [
              85.74335633213968,
              26.432892884091498
            ],
            [
              85.74601822537947,
              26.43301249862582
            ],
            [
              85.74857645393382,
              26.432592185313496
            ],
            [
              85.74967399039512,
              26.432760140771535
            ],
            [
              85.75000232373314,
              26.432785762614785
            ],
            [
              85.75078674431734,
              26.43284687871583
            ],
            [
              85.75148348932979,
              26.432901627137888
            ],
            [
              85.75261129991449,
              26.432875541984714
            ],
            [
              85.7537587647393,
              26.432914800829774
            ],
            [
              85.75445070107006,
              26.432876052780156
            ],
            [
              85.75610026305323,
              26.432765650127926
            ],
            [
              85.75725824714999,
              26.43271243563856
            ],
            [
              85.75787472859015,
              26.4327806297199
            ],
            [
              85.75837093010534,
              26.432853283367947
            ],
            [
              85.7587868689465,
              26.43294834760485
            ],
            [
              85.75985945739572,
              26.43311618992781
            ],
            [
              85.76034064626589,
              26.43313011490522
            ],
            [
              85.76088195668304,
              26.433157650334508
            ],
            [
              85.76137823275837,
              26.433158067818244
            ],
            [
              85.76188452504917,
              26.43313139792396
            ],
            [
              85.76244096758728,
              26.43313179288459
            ],
            [
              85.76298243341297,
              26.43305098439483
            ],
            [
              85.76345599558638,
              26.43302122074871
            ],
            [
              85.76347864480964,
              26.43301979695851
            ],
            [
              85.76392987037347,
              26.43296600985252
            ],
            [
              85.76545386943948,
              26.432800154185713
            ],
            [
              85.76636625144265,
              26.43270159067158
            ],
            [
              85.7675844307483,
              26.432607735250546
            ],
            [
              85.76860705040987,
              26.43258142881967
            ],
            [
              85.76856752813063,
              26.431931520598127
            ],
            [
              85.76851832291094,
              26.4309566992574
            ],
            [
              85.76839890536864,
              26.430040495965134
            ],
            [
              85.7683748700449,
              26.428858156026447
            ],
            [
              85.7682202762727,
              26.42797803273146
            ],
            [
              85.7680207308037,
              26.427034687993757
            ],
            [
              85.76777591293933,
              26.426086799245514
            ],
            [
              85.7675403549089,
              26.42537761036503
            ],
            [
              85.76753602143597,
              26.42536456291559
            ],
            [
              85.76753051117001,
              26.42534805872256
            ],
            [
              85.76682625444514,
              26.423238384116964
            ],
            [
              85.76642625171712,
              26.422213680105124
            ],
            [
              85.76606141174426,
              26.42110775431927
            ],
            [
              85.76586170817176,
              26.420304340340124
            ],
            [
              85.76560758915093,
              26.41868847069538
            ],
            [
              85.76539338407478,
              26.41729837669313
            ],
            [
              85.76520889526824,
              26.41630992618552
            ],
            [
              85.76496422742252,
              26.41526723820493
            ],
            [
              85.76480915933988,
              26.41501889230125
            ],
            [
              85.76453370443274,
              26.414833694097467
            ],
            [
              85.7639523471202,
              26.414752022395607
            ],
            [
              85.76333606869932,
              26.41459809262167
            ],
            [
              85.76304058225962,
              26.414336070654493
            ],
            [
              85.76292081078111,
              26.413862145056406
            ],
            [
              85.7627663382815,
              26.412900765284242
            ],
            [
              85.76271240073689,
              26.411650633598388
            ],
            [
              85.76266803474164,
              26.410847293734857
            ],
            [
              85.76246768617878,
              26.410774961720332
            ],
            [
              85.76192665693429,
              26.410580509116144
            ],
            [
              85.7611100757646,
              26.41016464692631
            ],
            [
              85.76018344378609,
              26.40969004766659
            ],
            [
              85.7598882717568,
              26.409175328307768
            ],
            [
              85.76008916200375,
              26.40875582037135
            ],
            [
              85.76067084540476,
              26.408381681601625
            ],
            [
              85.76153847873034,
              26.407714439938523
            ],
            [
              85.76161392284118,
              26.40733588708222
            ],
            [
              85.76161145876233,
              26.407327183935504
            ],
            [
              85.76146425004012,
              26.40680728860579
            ],
            [
              85.76108517356661,
              26.404902605075467
            ],
            [
              85.76080560707042,
              26.403819253060693
            ],
            [
              85.76065113996069,
              26.402925581333044
            ],
            [
              85.76042164825336,
              26.401941609289793
            ],
            [
              85.76020713505508,
              26.400925987783946
            ],
            [
              85.75976237107308,
              26.399711650032256
            ],
            [
              85.75996287863777,
              26.399617058075084
            ],
            [
              85.76045424811502,
              26.399378280205287
            ],
            [
              85.76138135620062,
              26.39928429306162
            ],
            [
              85.76164686855422,
              26.399410817262517
            ],
            [
              85.76187645638126,
              26.400367793857292
            ],
            [
              85.76203130886826,
              26.40086883766219
            ],
            [
              85.76216626007844,
              26.401243497242977
            ],
            [
              85.76253713044179,
              26.40123027487417
            ],
            [
              85.76351936005157,
              26.401176835021467
            ],
            [
              85.76413592862828,
              26.401023900962677
            ],
            [
              85.76480231327909,
              26.401069559366725
            ],
            [
              85.7651531691779,
              26.40102464926338
            ],
            [
              85.76552382125065,
              26.40119197803211
            ],
            [
              85.76619017086719,
              26.401372960994244
            ],
            [
              85.76687653764316,
              26.40156508927842
            ],
            [
              85.76690164465704,
              26.401572116030383
            ],
            [
              85.76754792770674,
              26.401707960851706
            ],
            [
              85.76805909425624,
              26.401681216900425
            ],
            [
              85.76837994283132,
              26.401573204682048
            ],
            [
              85.76876101625966,
              26.401307176690604
            ],
            [
              85.76937773395672,
              26.400960206875503
            ],
            [
              85.77021505812463,
              26.400532071624877
            ],
            [
              85.77114768186611,
              26.400084428923634
            ],
            [
              85.77117260921689,
              26.400072464865055
            ],
            [
              85.77204994883914,
              26.399698470133547
            ],
            [
              85.7728371056917,
              26.39922519973337
            ],
            [
              85.77354902324929,
              26.398851132252908
            ],
            [
              85.77378957681104,
              26.398864839287214
            ],
            [
              85.7740349534275,
              26.398991440388592
            ],
            [
              85.77445568208579,
              26.399239886770943
            ],
            [
              85.77477624858987,
              26.399461292851797
            ],
            [
              85.77513178740625,
              26.399741319282207
            ],
            [
              85.77541211028394,
              26.400061959601445
            ],
            [
              85.77584278419071,
              26.400423248874684
            ],
            [
              85.77611811513037,
              26.40077092917966
            ],
            [
              85.77658397784346,
              26.401037541759788
            ],
            [
              85.77698455189999,
              26.401344672090755
            ],
            [
              85.77746555841215,
              26.401525554235842
            ],
            [
              85.77780111869662,
              26.401733357863776
            ],
            [
              85.77876810479431,
              26.401928046647523
            ],
            [
              85.77976942540049,
              26.40191119713816
            ],
            [
              85.77977155979761,
              26.401911160930357
            ],
            [
              85.77980048375312,
              26.40191067494092
            ],
            [
              85.78071254056614,
              26.401942916794088
            ],
            [
              85.78137893689505,
              26.402065147057318
            ],
            [
              85.78215074962422,
              26.40194379060927
            ],
            [
              85.7831079827129,
              26.401912845800922
            ],
            [
              85.78383645891611,
              26.40203500287581
            ],
            [
              85.78386456001485,
              26.402039714715073
            ],
            [
              85.78453598421437,
              26.402180030239283
            ],
            [
              85.78533771982569,
              26.40229337085881
            ],
            [
              85.78695654864636,
              26.402001053649826
            ],
            [
              85.78737762405433,
              26.40187488873435
            ],
            [
              85.78791399283912,
              26.40168117666944
            ],
            [
              85.78832005739869,
              26.40144672469188
            ],
            [
              85.7890118625754,
              26.401180925726564
            ],
            [
              85.7898490394196,
              26.40077975834251
            ],
            [
              85.7905407026625,
              26.400680881013724
            ],
            [
              85.7906358594039,
              26.400708047625773
            ],
            [
              85.79065045523065,
              26.401308270977136
            ],
            [
              85.79033967227832,
              26.4013757916544
            ],
            [
              85.78996880910148,
              26.401474854255337
            ],
            [
              85.7896779597653,
              26.40166875575225
            ],
            [
              85.7896226460017,
              26.40200259932025
            ],
            [
              85.78937680136295,
              26.40240868106405
            ],
            [
              85.78910046790344,
              26.40332459295396
            ],
            [
              85.7886484895514,
              26.40454732811679
            ],
            [
              85.78874369659847,
              26.404646630179755
            ],
            [
              85.7894051270405,
              26.404728337196453
            ],
            [
              85.79017683287013,
              26.404800951392595
            ],
            [
              85.79091857359687,
              26.40481498680086
            ],
            [
              85.79194082494917,
              26.404896750824747
            ],
            [
              85.79231448727641,
              26.40496849192725
            ],
            [
              85.79274256684866,
              26.405050678255474
            ],
            [
              85.79341400003136,
              26.405163868010145
            ],
            [
              85.7937546043562,
              26.405430361821686
            ],
            [
              85.79403485087705,
              26.405899841293152
            ],
            [
              85.79427022115958,
              26.406211399206764
            ],
            [
              85.7946506145633,
              26.40687501364823
            ],
            [
              85.79475566265427,
              26.407195494955143
            ],
            [
              85.79467996611685,
              26.407890384068292
            ],
            [
              85.79476487308091,
              26.4083642642013
            ],
            [
              85.79503995698383,
              26.409100027193244
            ],
            [
              85.79535027730378,
              26.409754561612992
            ],
            [
              85.79558688636311,
              26.410251206360403
            ],
            [
              85.79559548144374,
              26.410269245400695
            ],
            [
              85.79599606897503,
              26.41075679563915
            ],
            [
              85.79634938895268,
              26.411182944326285
            ],
            [
              85.79636670397976,
              26.411203828926467
            ],
            [
              85.79673740456155,
              26.41132584904643
            ],
            [
              85.79766461056353,
              26.411326334191646
            ],
            [
              85.79830899277806,
              26.411310380717257
            ],
            [
              85.79980462304744,
              26.4112733463459
            ],
            [
              85.8030799380655,
              26.411104294358715
            ],
            [
              85.80517243416247,
              26.41099625475562
            ],
            [
              85.80612971216686,
              26.41092904382948
            ],
            [
              85.80725741764871,
              26.410843838167096
            ],
            [
              85.80844309860231,
              26.41072033795735
            ],
            [
              85.80846524476902,
              26.410718031292912
            ],
            [
              85.80911183234757,
              26.410610022705857
            ],
            [
              85.81052518771672,
              26.410484284768728
            ],
            [
              85.81118684812742,
              26.41036275936722
            ],
            [
              85.81177328271797,
              26.410263718073633
            ],
            [
              85.81206901619433,
              26.41011043802786
            ],
            [
              85.81248509876593,
              26.40994362262878
            ],
            [
              85.81312177702861,
              26.409637074356045
            ],
            [
              85.8138937316916,
              26.409249308274017
            ],
            [
              85.81452531740493,
              26.409028389230535
            ],
            [
              85.8147107835785,
              26.408902086371043
            ],
            [
              85.8150366887703,
              26.40874878037912
            ],
            [
              85.81514206205146,
              26.40841488793886
            ],
            [
              85.81536761913783,
              26.408387957271838
            ],
            [
              85.81583371900615,
              26.408388114968165
            ],
            [
              85.81700638786286,
              26.408442777650283
            ],
            [
              85.8191362934015,
              26.408569979719317
            ],
            [
              85.82037847389492,
              26.408747320888097
            ],
            [
              85.82040412888112,
              26.40875098329331
            ],
            [
              85.82047931697208,
              26.40858404122
            ],
            [
              85.82060488527912,
              26.408096650760577
            ],
            [
              85.82052054515205,
              26.406205725250214
            ],
            [
              85.82005120775545,
              26.402631296032215
            ],
            [
              85.81994185224265,
              26.40072689117526
            ],
            [
              85.82012726721223,
              26.400672807387966
            ],
            [
              85.82159565876555,
              26.40057404261544
            ],
            [
              85.82182617455229,
              26.400560591655687
            ],
            [
              85.82168162843656,
              26.398890721317755
            ],
            [
              85.82163668931616,
              26.398389826635917
            ],
            [
              85.82141625801681,
              26.39824978973855
            ],
            [
              85.82100043326167,
              26.398209077975434
            ],
            [
              85.82035392473483,
              26.39820880439647
            ],
            [
              85.8197326229349,
              26.398095702768632
            ],
            [
              85.81911633373423,
              26.397874392235227
            ],
            [
              85.81873065464339,
              26.397580861689786
            ],
            [
              85.81818972241696,
              26.396939816623398
            ],
            [
              85.817789218429,
              26.3961634253537
            ],
            [
              85.81747389000137,
              26.39550898363133
            ],
            [
              85.81736393171897,
              26.39497640421252
            ],
            [
              85.81734911311005,
              26.394394233714593
            ],
            [
              85.81758487056649,
              26.393934028783818
            ],
            [
              85.81789075231065,
              26.393478286366797
            ],
            [
              85.8182317366228,
              26.393099389084338
            ],
            [
              85.81872792017167,
              26.392797159858294
            ],
            [
              85.81904868520344,
              26.392670973617467
            ],
            [
              85.81924928170132,
              26.392463447384845
            ],
            [
              85.81927453873385,
              26.392030211091928
            ],
            [
              85.81936115429355,
              26.391524247670183
            ],
            [
              85.81936491643796,
              26.391502265129116
            ],
            [
              85.8196106200412,
              26.391294748061608
            ],
            [
              85.82001661902375,
              26.390987978049633
            ],
            [
              85.8205529545709,
              26.390600124363694
            ],
            [
              85.82104923513779,
              26.39020769385191
            ],
            [
              85.82145017121539,
              26.390013819776335
            ],
            [
              85.82165074435709,
              26.38973857624189
            ],
            [
              85.82179128129172,
              26.38926475965497
            ],
            [
              85.82170623688546,
              26.388804433690453
            ],
            [
              85.82173664755277,
              26.388109421624534
            ],
            [
              85.821721820859,
              26.387594963318836
            ],
            [
              85.82180209341446,
              26.38746859596424
            ],
            [
              85.82197244902663,
              26.387414566319634
            ],
            [
              85.82238838786782,
              26.387301886252057
            ],
            [
              85.82289454181802,
              26.387189225387832
            ],
            [
              85.82333051758161,
              26.38706749761465
            ],
            [
              85.82333062537941,
              26.386868969381894
            ],
            [
              85.82331582922839,
              26.38634096763275
            ],
            [
              85.82334617701363,
              26.385799432731247
            ],
            [
              85.8235015514218,
              26.385700226312988
            ],
            [
              85.82402265962656,
              26.385565023340497
            ],
            [
              85.8247342807401,
              26.38528539627754
            ],
            [
              85.8259319137786,
              26.385118903911355
            ],
            [
              85.82679878623115,
              26.38497930398429
            ],
            [
              85.82789617626703,
              26.384812696099445
            ],
            [
              85.8290537345624,
              26.384673115115994
            ],
            [
              85.82993058729775,
              26.384547028637314
            ],
            [
              85.83092265256151,
              26.38460605463759
            ],
            [
              85.8314688066947,
              26.384660351159788
            ],
            [
              85.83202485217747,
              26.385066646000123
            ],
            [
              85.83236536038255,
              26.385495557229365
            ],
            [
              85.83257326467529,
              26.385718986205816
            ],
            [
              85.83278117076462,
              26.385942416359516
            ],
            [
              85.83322686719791,
              26.38663752193939
            ],
            [
              85.83363240714135,
              26.38731911933099
            ],
            [
              85.83413831674977,
              26.387928494316608
            ],
            [
              85.8344939714489,
              26.388208377316733
            ],
            [
              85.83467431093709,
              26.38830771194396
            ],
            [
              85.83497499143574,
              26.38836198177982
            ],
            [
              85.83536085018962,
              26.38824928976123
            ],
            [
              85.83607868135677,
              26.38815769562893
            ],
            [
              85.83610248401682,
              26.38815465863787
            ],
            [
              85.8369343113935,
              26.387902220346017
            ],
            [
              85.83696445885447,
              26.387694634845573
            ],
            [
              85.83683431991926,
              26.387347073689092
            ],
            [
              85.83658895587918,
              26.38658436020433
            ],
            [
              85.83647400206551,
              26.385911905035
            ],
            [
              85.83697002391766,
              26.38580823004514
            ],
            [
              85.83740701118424,
              26.385693871350334
            ],
            [
              85.83750133428907,
              26.38552400372038
            ],
            [
              85.8374412630477,
              26.385316408312047
            ],
            [
              85.83652016558966,
              26.382635478633727
            ],
            [
              85.83672063542508,
              26.38235578734082
            ],
            [
              85.83724687121347,
              26.382076125146643
            ],
            [
              85.83834420196058,
              26.38198157185524
            ],
            [
              85.83930126975923,
              26.381769767630615
            ],
            [
              85.83970559338378,
              26.381706289863452
            ],
            [
              85.83973215926169,
              26.3817021187972
            ],
            [
              85.83980743987911,
              26.381481085065694
            ],
            [
              85.83982274717155,
              26.380420479734823
            ],
            [
              85.83967243027844,
              26.380406892835676
            ],
            [
              85.83859019482135,
              26.380406693253192
            ],
            [
              85.83761818534457,
              26.380419929273508
            ],
            [
              85.83675133085833,
              26.380672449909948
            ],
            [
              85.83603972411784,
              26.380866279309497
            ],
            [
              85.8358562575941,
              26.38080980572323
            ],
            [
              85.83573914423052,
              26.38070376416545
            ],
            [
              85.83553897982226,
              26.380103473132692
            ],
            [
              85.8352485607791,
              26.379507684107583
            ],
            [
              85.83490808760834,
              26.37882616938444
            ],
            [
              85.83428219362064,
              26.377711321199392
            ],
            [
              85.83312545997876,
              26.375860677210763
            ],
            [
              85.83294015011204,
              26.375829012359304
            ],
            [
              85.83212328597305,
              26.37617625808636
            ],
            [
              85.83211279365052,
              26.37618268922361
            ],
            [
              85.82885590487557,
              26.37817902295468
            ],
            [
              85.82795881758844,
              26.378765377963468
            ],
            [
              85.82704676077542,
              26.379225389837917
            ],
            [
              85.82632013959324,
              26.379347001940403
            ],
            [
              85.82544325002695,
              26.379500152224022
            ],
            [
              85.82455624273562,
              26.379444480330402
            ],
            [
              85.8242304902574,
              26.37924580218309
            ],
            [
              85.82408074828606,
              26.37895810479757
            ],
            [
              85.82408103215371,
              26.378276657653274
            ],
            [
              85.82390591097895,
              26.377595121986836
            ],
            [
              85.82376595255937,
              26.376945204200233
            ],
            [
              85.82378128859791,
              26.376331501020065
            ],
            [
              85.8238116040438,
              26.375762881120046
            ],
            [
              85.8236614479491,
              26.375288929135955
            ],
            [
              85.82339616736088,
              26.374702171785945
            ],
            [
              85.82339635421044,
              26.374327591878785
            ],
            [
              85.82310581030148,
              26.374246297141628
            ],
            [
              85.82232423108856,
              26.374146697711122
            ],
            [
              85.82168795437279,
              26.374119343767415
            ],
            [
              85.82093640494149,
              26.37424090571249
            ],
            [
              85.8201346639403,
              26.374389585606473
            ],
            [
              85.8196990816388,
              26.373924563026602
            ],
            [
              85.81941880367691,
              26.373297139368972
            ],
            [
              85.81929876629707,
              26.37290901863487
            ],
            [
              85.81943910380568,
              26.372769153653646
            ],
            [
              85.8199502182529,
              26.37261591638015
            ],
            [
              85.82046131922537,
              26.37239496425863
            ],
            [
              85.82081714460436,
              26.372047600126336
            ],
            [
              85.82092261939513,
              26.37156022202673
            ],
            [
              85.82090790139752,
              26.370946450809374
            ],
            [
              85.82093817282595,
              26.37053131185746
            ],
            [
              85.82107856603011,
              26.370296650155886
            ],
            [
              85.82135930842104,
              26.369890614845268
            ],
            [
              85.82151966758073,
              26.36968311207103
            ],
            [
              85.82198087163074,
              26.36918231928575
            ],
            [
              85.82235161622997,
              26.36904254235171
            ],
            [
              85.82300287414972,
              26.369042840950033
            ],
            [
              85.82381950023515,
              26.369142361880183
            ],
            [
              85.82442159695265,
              26.369181323690885
            ],
            [
              85.82442326871738,
              26.369181430735456
            ],
            [
              85.8244507050628,
              26.369183207031206
            ],
            [
              85.82516214471667,
              26.369129370046192
            ],
            [
              85.82570334104781,
              26.368962542921047
            ],
            [
              85.82618443110326,
              26.368475350609472
            ],
            [
              85.82653045406589,
              26.367627005347817
            ],
            [
              85.82680637969021,
              26.36669294718402
            ],
            [
              85.82714749874968,
              26.36576339276918
            ],
            [
              85.82765882519931,
              26.364869992367932
            ],
            [
              85.82814505541481,
              26.36428794781653
            ],
            [
              85.82867131186445,
              26.36365178874743
            ],
            [
              85.82945812286563,
              26.362957088179343
            ],
            [
              85.83021478460921,
              26.362190091012607
            ],
            [
              85.83092642907897,
              26.361702958696014
            ],
            [
              85.83140747781192,
              26.36127434066963
            ],
            [
              85.83119719208543,
              26.361008007361264
            ],
            [
              85.83088670198389,
              26.360561191047914
            ],
            [
              85.83061145728249,
              26.359938250643182
            ],
            [
              85.83081188759205,
              26.35983904214363
            ],
            [
              85.83114750986032,
              26.35973985287687
            ],
            [
              85.83210948425705,
              26.359451392168726
            ],
            [
              85.83298624536421,
              26.359185342821107
            ],
            [
              85.83345212065372,
              26.359158443333868
            ],
            [
              85.83403825700356,
              26.35899158813547
            ],
            [
              85.8341135322311,
              26.358770465889997
            ],
            [
              85.83379816876914,
              26.357989662258152
            ],
            [
              85.83355303829104,
              26.35714117565439
            ],
            [
              85.8330273100508,
              26.35643250737224
            ],
            [
              85.83249658538095,
              26.355683169172156
            ],
            [
              85.83221114569943,
              26.35555670413273
            ],
            [
              85.83151478157262,
              26.355524933101286
            ],
            [
              85.83069832886203,
              26.35555627992873
            ],
            [
              85.82989177738251,
              26.35547024376191
            ],
            [
              85.82947603167914,
              26.35555586618899
            ],
            [
              85.82895994056524,
              26.35580389727012
            ],
            [
              85.82815832442986,
              26.35623241322439
            ],
            [
              85.82701603659609,
              26.356525330030276
            ],
            [
              85.82610430227822,
              26.35658367729578
            ],
            [
              85.82551822521721,
              26.356457171384516
            ],
            [
              85.82549858624846,
              26.356449810254826
            ],
            [
              85.82549778764617,
              26.35644951081903
            ],
            [
              85.8248069957691,
              26.356190601598176
            ],
            [
              85.82417607930064,
              26.355761637137547
            ],
            [
              85.82350508808908,
              26.355134171239065
            ],
            [
              85.82302428729113,
              26.35484510901624
            ],
            [
              85.82240835292501,
              26.354402627688685
            ],
            [
              85.82217833031335,
              26.353436790088477
            ],
            [
              85.82196322782025,
              26.35286804790254
            ],
            [
              85.82173819714662,
              26.35203306888021
            ],
            [
              85.82160336810733,
              26.351157573633163
            ],
            [
              85.82141844271958,
              26.350182715714872
            ],
            [
              85.82124862070668,
              26.349280027763104
            ],
            [
              85.82099356743797,
              26.348264508377973
            ],
            [
              85.82079355484498,
              26.347483723172623
            ],
            [
              85.82065360630688,
              26.346847342858155
            ],
            [
              85.82065407163421,
              26.345872565342898
            ],
            [
              85.82080979009713,
              26.3450918203455
            ],
            [
              85.82095030098061,
              26.344496206684173
            ],
            [
              85.82126078209899,
              26.344550494678202
            ],
            [
              85.82175159012921,
              26.34471767178632
            ],
            [
              85.82227744503193,
              26.344857690649736
            ],
            [
              85.8227331460025,
              26.34503838833571
            ],
            [
              85.82333919530723,
              26.34510629530082
            ],
            [
              85.82380003374296,
              26.345007246351614
            ],
            [
              85.82488216589377,
              26.344538259212957
            ],
            [
              85.82650038296175,
              26.343731032823843
            ],
            [
              85.82700972413458,
              26.34357106892042
            ],
            [
              85.82779105092094,
              26.343213523957726
            ],
            [
              85.82872971673098,
              26.342783970391515
            ],
            [
              85.82988694983618,
              26.342256333186327
            ],
            [
              85.83082856661191,
              26.342184479881055
            ],
            [
              85.83195547888134,
              26.34236981229119
            ],
            [
              85.83290710827927,
              26.342618350639935
            ],
            [
              85.83393875870438,
              26.34301126637204
            ],
            [
              85.83483522435733,
              26.343386099890942
            ],
            [
              85.83577674321673,
              26.343675164988596
            ],
            [
              85.8362628898889,
              26.343808422116382
            ],
            [
              85.83628758098283,
              26.34381518994373
            ],
            [
              85.83699883738038,
              26.343874052394884
            ],
            [
              85.83727442074661,
              26.343761358052856
            ],
            [
              85.83748985920961,
              26.34358082501257
            ],
            [
              85.83766026422913,
              26.3432739806677
            ],
            [
              85.83772043967508,
              26.342827297904645
            ],
            [
              85.83772044237001,
              26.342818952161153
            ],
            [
              85.83772044326834,
              26.34281882496643
            ],
            [
              85.83772061664318,
              26.34221797895937
            ],
            [
              85.83774602189771,
              26.34122967720396
            ],
            [
              85.8377616256342,
              26.339266599854533
            ],
            [
              85.8375517001321,
              26.338084086291722
            ],
            [
              85.83741158810061,
              26.337556057326772
            ],
            [
              85.83721140931931,
              26.337163417727766
            ],
            [
              85.83694609369678,
              26.336761672238705
            ],
            [
              85.83668571521504,
              26.336427587840074
            ],
            [
              85.83630018614289,
              26.3361341982856
            ],
            [
              85.83585450857423,
              26.335994160011005
            ],
            [
              85.83514339411047,
              26.33560585288438
            ],
            [
              85.8348179892803,
              26.33531240730649
            ],
            [
              85.83468784944675,
              26.334910761663835
            ],
            [
              85.83467303532942,
              26.334509063101933
            ],
            [
              85.8347332251484,
              26.33416160287765
            ],
            [
              85.83484351940066,
              26.333773469944123
            ],
            [
              85.83502903408325,
              26.33322750067249
            ],
            [
              85.83524466568406,
              26.332505454060982
            ],
            [
              85.8355904748476,
              26.33163008076863
            ],
            [
              85.83582608498034,
              26.33104344003432
            ],
            [
              85.83582926411813,
              26.331027678361618
            ],
            [
              85.83599170197938,
              26.330222124969314
            ],
            [
              85.83608715875808,
              26.3293330698553
            ],
            [
              85.83613515664203,
              26.32892097627472
            ],
            [
              85.83618755088101,
              26.328471139979285
            ],
            [
              85.83623774873907,
              26.32811014427097
            ],
            [
              85.8362178546488,
              26.327694952204087
            ],
            [
              85.83609789272742,
              26.327207532123335
            ],
            [
              85.83595773757679,
              26.326805807637438
            ],
            [
              85.83578756701759,
              26.326440223859233
            ],
            [
              85.83564734539164,
              26.32638599902837
            ],
            [
              85.83546202115186,
              26.32645364962972
            ],
            [
              85.83520161033081,
              26.326525837173044
            ],
            [
              85.8349562085615,
              26.326579908156166
            ],
            [
              85.83487610578757,
              26.32648509209371
            ],
            [
              85.83477107476457,
              26.32617817907742
            ],
            [
              85.83457085735573,
              26.325771992108912
            ],
            [
              85.83435571084519,
              26.325316118631147
            ],
            [
              85.83423058630588,
              26.324955052700073
            ],
            [
              85.83401523587777,
              26.324909874693468
            ],
            [
              85.83384492607969,
              26.325009064835307
            ],
            [
              85.83356446216654,
              26.3252030583944
            ],
            [
              85.83331904692245,
              26.32528872737321
            ],
            [
              85.83302859913323,
              26.325329246625934
            ],
            [
              85.8324075623363,
              26.32525683933535
            ],
            [
              85.83189177844625,
              26.32518898835698
            ],
            [
              85.83141591119585,
              26.325396460647696
            ],
            [
              85.83101518891726,
              26.325563287806688
            ],
            [
              85.83101519430714,
              26.325662598966346
            ],
            [
              85.83144563016039,
              26.326258456084254
            ],
            [
              85.83137052201948,
              26.326384780845352
            ],
            [
              85.83107506342759,
              26.326285408308912
            ],
            [
              85.83067439235298,
              26.326217587723626
            ],
            [
              85.83027376170259,
              26.326285190919833
            ],
            [
              85.83008837907235,
              26.32653782575331
            ],
            [
              85.82977775332516,
              26.326831056861522
            ],
            [
              85.82946721112135,
              26.326966383269166
            ],
            [
              85.82909657342167,
              26.32711972692012
            ],
            [
              85.82856058013265,
              26.32732715227409
            ],
            [
              85.82783422485181,
              26.32787293279043
            ],
            [
              85.82723309561985,
              26.32822020980132
            ],
            [
              85.82665209044691,
              26.32826068696659
            ],
            [
              85.826186319362,
              26.32831916764529
            ],
            [
              85.82591078989469,
              26.32860789437854
            ],
            [
              85.82578535363997,
              26.328955358389727
            ],
            [
              85.82558500058555,
              26.329180959366088
            ],
            [
              85.82550966696749,
              26.329636721818446
            ],
            [
              85.82516912013487,
              26.329636639696048
            ],
            [
              85.82458311493903,
              26.32959581197874
            ],
            [
              85.8239621715669,
              26.3295820516419
            ],
            [
              85.82296051499078,
              26.329527515089843
            ],
            [
              85.82254486540717,
              26.32941449761101
            ],
            [
              85.8224349017349,
              26.32905345734155
            ],
            [
              85.82214479440717,
              26.328177856665246
            ],
            [
              85.82174457159189,
              26.32713523067526
            ],
            [
              85.82143447495245,
              26.326453664927442
            ],
            [
              85.82116920244903,
              26.32606543529967
            ],
            [
              85.82086381926989,
              26.325690687394825
            ],
            [
              85.82064380389052,
              26.325117477113867
            ],
            [
              85.82064903837366,
              26.32452174295005
            ],
            [
              85.82063940034898,
              26.323880926348405
            ],
            [
              85.82062454760407,
              26.323339378289347
            ],
            [
              85.82068993777024,
              26.322739174339997
            ],
            [
              85.8205050842477,
              26.321949302844924
            ],
            [
              85.82029003295858,
              26.32132196439931
            ],
            [
              85.82028033384846,
              26.32066760381001
            ],
            [
              85.82037568462597,
              26.320126059244874
            ],
            [
              85.82040590574874,
              26.31983270728967
            ],
            [
              85.82043609004063,
              26.319552898719994
            ],
            [
              85.82028104531416,
              26.319124132601107
            ],
            [
              85.8200958917543,
              26.31869078573656
            ],
            [
              85.81978572504629,
              26.318216865601443
            ],
            [
              85.81958555524815,
              26.317842169599807
            ],
            [
              85.81924022488661,
              26.31746745064556
            ],
            [
              85.8187898051116,
              26.316826433166163
            ],
            [
              85.81849959537591,
              26.31631186786474
            ],
            [
              85.81823435431352,
              26.315923633228252
            ],
            [
              85.81811437442589,
              26.315643849840438
            ],
            [
              85.8180844120179,
              26.315476849765137
            ],
            [
              85.81845497785237,
              26.315377703799196
            ],
            [
              85.81930129235964,
              26.315337367071
            ],
            [
              85.82004244558816,
              26.31532414775891
            ],
            [
              85.82052313409672,
              26.315410079299692
            ],
            [
              85.82087365672056,
              26.31541016384785
            ],
            [
              85.8210289475854,
              26.315270328386468
            ],
            [
              85.820968879039,
              26.315157521651027
            ],
            [
              85.82085888302741,
              26.314949869169244
            ],
            [
              85.82031336939302,
              26.314281712039154
            ],
            [
              85.8194674097203,
              26.31348712217902
            ],
            [
              85.81909704780338,
              26.31311246805123
            ],
            [
              85.81951280967644,
              26.312832763229842
            ],
            [
              85.8193877426293,
              26.312679336244155
            ],
            [
              85.81914249896349,
              26.312403940028574
            ],
            [
              85.81872706856878,
              26.31192987419327
            ],
            [
              85.817901284159,
              26.311094632861575
            ],
            [
              85.81807162000823,
              26.31087357934376
            ],
            [
              85.81828705397967,
              26.310620936917648
            ],
            [
              85.81825710774137,
              26.310521649903105
            ],
            [
              85.81805683104372,
              26.31038619959888
            ],
            [
              85.8177814596799,
              26.310286785958038
            ],
            [
              85.8174561249183,
              26.310106155625096
            ],
            [
              85.81714574261457,
              26.30995255270376
            ],
            [
              85.8169454641203,
              26.309758416840825
            ],
            [
              85.81699062332794,
              26.309632123067683
            ],
            [
              85.81714595282035,
              26.30953734305819
            ],
            [
              85.81742644817454,
              26.30933895712908
            ],
            [
              85.81773197867741,
              26.309131477819424
            ],
            [
              85.81805750567851,
              26.308937524986703
            ],
            [
              85.81831803328058,
              26.30881128990863
            ],
            [
              85.81839821061462,
              26.308590124934376
            ],
            [
              85.81836836588595,
              26.30828327724049
            ],
            [
              85.818198230361,
              26.30792218801232
            ],
            [
              85.81816832993678,
              26.30766039204186
            ],
            [
              85.81805820456778,
              26.307673930311584
            ],
            [
              85.81781277315406,
              26.307714430762452
            ],
            [
              85.81704159373716,
              26.307808918338157
            ],
            [
              85.81625041872036,
              26.307840128307706
            ],
            [
              85.81570459786215,
              26.307907577148594
            ],
            [
              85.81544432717824,
              26.307772080304108
            ],
            [
              85.81531927809743,
              26.307410999146455
            ],
            [
              85.81514936176144,
              26.306950596994287
            ],
            [
              85.81499430805184,
              26.306476684400582
            ],
            [
              85.81516477505508,
              26.30607516020431
            ],
            [
              85.81533530044885,
              26.305628403994493
            ],
            [
              85.81564588936509,
              26.305267489295545
            ],
            [
              85.81594654201594,
              26.3047801866351
            ],
            [
              85.8163673119967,
              26.30441936834636
            ],
            [
              85.81685821165507,
              26.304126206132548
            ],
            [
              85.81735402869131,
              26.303792456008143
            ],
            [
              85.81778476817509,
              26.303652728127336
            ],
            [
              85.81828060138099,
              26.303445370707674
            ],
            [
              85.8189566015986,
              26.30315228172911
            ],
            [
              85.81976288717682,
              26.302931404724696
            ],
            [
              85.82037880267832,
              26.302764663354267
            ],
            [
              85.82071950761444,
              26.302444423225452
            ],
            [
              85.820679813757,
              26.301595985263287
            ],
            [
              85.82062009914677,
              26.300706837680607
            ],
            [
              85.82042025274217,
              26.299817710659354
            ],
            [
              85.82023539742299,
              26.298942160401907
            ],
            [
              85.82004041809057,
              26.298314802886885
            ],
            [
              85.81979526784956,
              26.2979536399208
            ],
            [
              85.81939493004991,
              26.297606007221837
            ],
            [
              85.81875918783176,
              26.297231154376128
            ],
            [
              85.81798830755385,
              26.296937523793666
            ],
            [
              85.81746261704285,
              26.29684254736769
            ],
            [
              85.81743148862164,
              26.29682900863822
            ],
            [
              85.81691205128331,
              26.29660309097408
            ],
            [
              85.8161060720306,
              26.296255263357
            ],
            [
              85.8161054593796,
              26.296254991952875
            ],
            [
              85.81609834382422,
              26.296251844631453
            ],
            [
              85.81534940759208,
              26.2959207287054
            ],
            [
              85.81534523581588,
              26.295910303374153
            ],
            [
              85.81520479859425,
              26.295559450363747
            ],
            [
              85.81543581743757,
              26.29499135969185
            ],
            [
              85.81543600069388,
              26.29499091110507
            ],
            [
              85.81552952070484,
              26.294876315247663
            ],
            [
              85.81582163666556,
              26.294517673640193
            ],
            [
              85.81622242991105,
              26.293989844721086
            ],
            [
              85.81673321018498,
              26.293795976888422
            ],
            [
              85.81747430142974,
              26.29359768562912
            ],
            [
              85.81812031498487,
              26.293322681392223
            ],
            [
              85.81913199226793,
              26.292515212377374
            ],
            [
              85.82104514061673,
              26.29116658376017
            ],
            [
              85.8221218990455,
              26.29034364904519
            ],
            [
              85.82211147409666,
              26.29032797123421
            ],
            [
              85.82211019938724,
              26.290328945761715
            ],
            [
              85.82072383929075,
              26.28824106380289
            ],
            [
              85.8200724636917,
              26.287106434112392
            ],
            [
              85.818798328327,
              26.28659244563827
            ],
            [
              85.81763634942217,
              26.28649330959856
            ],
            [
              85.81689773213769,
              26.285936625245505
            ],
            [
              85.81571361874424,
              26.281274958853846
            ],
            [
              85.81376402574436,
              26.276684017240516
            ],
            [
              85.81236366270919,
              26.2748753790743
            ],
            [
              85.81034181821103,
              26.27289312019585
            ],
            [
              85.80895702926793,
              26.272244161121286
            ],
            [
              85.80520342334479,
              26.27239862273509
            ],
            [
              85.80319519820468,
              26.272198732190816
            ],
            [
              85.80141522330013,
              26.270535832767838
            ],
            [
              85.8004809610316,
              26.2687929963503
            ],
            [
              85.79980969044394,
              26.266561686946268
            ],
            [
              85.79935906764968,
              26.2665273266015
            ],
            [
              85.79897847392168,
              26.266492667383787
            ],
            [
              85.79867368722388,
              26.266597605232672
            ],
            [
              85.79764575672235,
              26.267291950215572
            ],
            [
              85.79586941909638,
              26.268503713009906
            ],
            [
              85.79380635809635,
              26.268335472160746
            ],
            [
              85.79145585596831,
              26.268809191008355
            ],
            [
              85.7897374686613,
              26.269573818120833
            ],
            [
              85.78887953624246,
              26.27023142100705
            ],
            [
              85.78842786960584,
              26.271063506605575
            ],
            [
              85.78824418389314,
              26.272490289967866
            ],
            [
              85.78821584114763,
              26.275022071352506
            ],
            [
              85.78709533027295,
              26.27521133893926
            ],
            [
              85.78588866826752,
              26.275148149090477
            ],
            [
              85.78436393887118,
              26.275600553270507
            ],
            [
              85.7822439237838,
              26.27615902466587
            ],
            [
              85.7794995634043,
              26.275907369045083
            ],
            [
              85.7778080168597,
              26.27489822713397
            ],
            [
              85.7770607236462,
              26.27460762912221
            ],
            [
              85.77607809967603,
              26.274268285994935
            ],
            [
              85.7759752093383,
              26.274769561850018
            ],
            [
              85.77568561225365,
              26.274942105223065
            ],
            [
              85.77518983923488,
              26.274894339782414
            ],
            [
              85.77455856972851,
              26.274774805672177
            ],
            [
              85.77396774507123,
              26.27474076915413
            ],
            [
              85.7733380934307,
              26.274986816989244
            ],
            [
              85.77122688901964,
              26.27640250078234
            ],
            [
              85.76943345375884,
              26.27723484016984
            ],
            [
              85.76880302866888,
              26.277304795762596
            ],
            [
              85.76803679717256,
              26.27723993083835
            ],
            [
              85.76561027241866,
              26.276422762109217
            ],
            [
              85.76462946124876,
              26.27649394173188
            ],
            [
              85.76480251360341,
              26.27714778084335
            ],
            [
              85.7651837604066,
              26.277317822066184
            ],
            [
              85.76543452511818,
              26.27742078233081
            ],
            [
              85.76553073917668,
              26.27768216731438
            ],
            [
              85.76541705468253,
              26.278007453691316
            ],
            [
              85.76482707174664,
              26.278167587873295
            ],
            [
              85.76364082934597,
              26.278221488103544
            ],
            [
              85.76266426810567,
              26.278121181798518
            ],
            [
              85.76239754841633,
              26.27781066827285
            ],
            [
              85.7622773295768,
              26.276642312215643
            ],
            [
              85.76137666160496,
              26.276749270721155
            ],
            [
              85.76134011185097,
              26.27754367902538
            ],
            [
              85.76111198917617,
              26.27802737563087
            ],
            [
              85.76073347325143,
              26.27847546814531
            ],
            [
              85.75867522183141,
              26.279462157885987
            ],
            [
              85.75732314683603,
              26.280504813279354
            ],
            [
              85.75257954806247,
              26.28334207864119
            ],
            [
              85.75175814922794,
              26.283259188846507
            ],
            [
              85.75202137716576,
              26.281615611298413
            ],
            [
              85.75186184715108,
              26.28061431026302
            ],
            [
              85.75040687283484,
              26.27869688307103
            ],
            [
              85.75000001865612,
              26.278520660225155
            ],
            [
              85.7492182516953,
              26.27818204219427
            ],
            [
              85.74913950807243,
              26.277320356927348
            ],
            [
              85.74794905886128,
              26.276394822838853
            ],
            [
              85.74769245060878,
              26.276328145854848
            ],
            [
              85.74676639265377,
              26.276087515390945
            ],
            [
              85.74496851791885,
              26.275922311777354
            ],
            [
              85.74431685306227,
              26.275716967649497
            ],
            [
              85.74308511009416,
              26.274448534767682
            ],
            [
              85.74201232760883,
              26.27410474880274
            ],
            [
              85.74029563542277,
              26.27417824729008
            ],
            [
              85.73880466381648,
              26.27435933070633
            ],
            [
              85.73712600719786,
              26.27515485809998
            ],
            [
              85.73554918270158,
              26.2763651098693
            ],
            [
              85.73195253491647,
              26.276995513253336
            ],
            [
              85.73134856700821,
              26.278635723308298
            ],
            [
              85.72995059798329,
              26.27832900737714
            ],
            [
              85.72906366615045,
              26.276905875380784
            ],
            [
              85.72797790839915,
              26.27826787480676
            ],
            [
              85.72701305400362,
              26.278586963819407
            ],
            [
              85.72614197384227,
              26.278571857918564
            ],
            [
              85.72446091692524,
              26.278816566987093
            ],
            [
              85.72293317457942,
              26.279823467037822
            ],
            [
              85.72019451401039,
              26.28348793222165
            ],
            [
              85.7212401700691,
              26.287031643870147
            ],
            [
              85.7198337344226,
              26.288381011609133
            ],
            [
              85.71769504785208,
              26.2893898703419
            ],
            [
              85.71602530611435,
              26.289492063622315
            ],
            [
              85.71602514890917,
              26.289503920727075
            ],
            [
              85.71601117202165,
              26.290557074372558
            ],
            [
              85.71585694386377,
              26.291920112753164
            ],
            [
              85.71577219859653,
              26.292385024326894
            ],
            [
              85.71563219256625,
              26.292538512002523
            ],
            [
              85.71511158741804,
              26.292683265953208
            ],
            [
              85.71396024007458,
              26.29286001172038
            ],
            [
              85.71267363339881,
              26.29310451105071
            ],
            [
              85.71265097878563,
              26.29310846061138
            ],
            [
              85.71142718231451,
              26.293321822863692
            ],
            [
              85.7104160494105,
              26.293561642008047
            ],
            [
              85.71019689461717,
              26.29362761405164
            ],
            [
              85.71002553738343,
              26.293679198099102
            ],
            [
              85.70945995089404,
              26.293869118203087
            ],
            [
              85.70932984968807,
              26.29401357089554
            ],
            [
              85.70926489969641,
              26.294198693681604
            ],
            [
              85.70920501260967,
              26.29444236629993
            ],
            [
              85.70901986982962,
              26.294537300396804
            ],
            [
              85.70758299656637,
              26.294610310774775
            ],
            [
              85.70613119599801,
              26.29480974633479
            ],
            [
              85.70559043984137,
              26.294837098087214
            ],
            [
              85.70536518099568,
              26.294927512970958
            ],
            [
              85.70525520474703,
              26.29512613215439
            ],
            [
              85.70514031830704,
              26.29548721131181
            ],
            [
              85.70514571987685,
              26.296055848001036
            ],
            [
              85.70523095292933,
              26.296308499625496
            ],
            [
              85.70548154965593,
              26.29666041987498
            ],
            [
              85.70551670522455,
              26.29674162818574
            ],
            [
              85.70548169877624,
              26.29685443512951
            ],
            [
              85.70527160798413,
              26.29717502169785
            ],
            [
              85.70485643360927,
              26.29766267202366
            ],
            [
              85.70443114061102,
              26.29815925796484
            ],
            [
              85.70417106216661,
              26.29856109467121
            ],
            [
              85.70404605530662,
              26.298822863678982
            ],
            [
              85.70401124019946,
              26.299161373135497
            ],
            [
              85.70407167795346,
              26.29958109195212
            ],
            [
              85.70414198370085,
              26.299987178275853
            ],
            [
              85.70426752595675,
              26.300515190082542
            ],
            [
              85.70421778444285,
              26.300989076315922
            ],
            [
              85.704133034684,
              26.30150354295969
            ],
            [
              85.70396309319517,
              26.301986543719725
            ],
            [
              85.70398336906946,
              26.30230695181298
            ],
            [
              85.7041388647502,
              26.302771678394283
            ],
            [
              85.70443989379518,
              26.30360642405344
            ],
            [
              85.70469064772693,
              26.3042245838077
            ],
            [
              85.70486137075004,
              26.30487885366088
            ],
            [
              85.7050620462997,
              26.3054518733776
            ],
            [
              85.70544813142904,
              26.306322683690095
            ],
            [
              85.7061648307189,
              26.307278995012588
            ],
            [
              85.7066160410114,
              26.307969289191966
            ],
            [
              85.70673339692011,
              26.308129804772612
            ],
            [
              85.70674135329857,
              26.308140687204105
            ],
            [
              85.70696172800409,
              26.30823981681517
            ],
            [
              85.7071770442962,
              26.308334476290206
            ],
            [
              85.70746748759385,
              26.308365893072423
            ],
            [
              85.70787302843561,
              26.30827989913315
            ],
            [
              85.70835359387495,
              26.308112695178874
            ],
            [
              85.70921955633412,
              26.307606704395806
            ],
            [
              85.70950984691818,
              26.307507298839017
            ],
            [
              85.70966516113926,
              26.307538760135618
            ],
            [
              85.70972541833184,
              26.30780499826811
            ],
            [
              85.71001121823781,
              26.308382478398563
            ],
            [
              85.71035211002352,
              26.30880652192712
            ],
            [
              85.7110535289704,
              26.309455898106727
            ],
            [
              85.71129905740216,
              26.309681459759915
            ],
            [
              85.7114094019601,
              26.309866443179367
            ],
            [
              85.71145959712324,
              26.310101083309593
            ],
            [
              85.71140992837287,
              26.310561428656303
            ],
            [
              85.71114494333037,
              26.31118884631203
            ],
            [
              85.71096504491493,
              26.3115860898131
            ],
            [
              85.71095017600034,
              26.311807233769635
            ],
            [
              85.7111456215584,
              26.311996683705605
            ],
            [
              85.71234777941095,
              26.31254203560429
            ],
            [
              85.71308908175982,
              26.312785226782484
            ],
            [
              85.713454669131,
              26.312825702900234
            ],
            [
              85.71393045104143,
              26.31289307717302
            ],
            [
              85.71577321908266,
              26.312968635839386
            ],
            [
              85.71820680728963,
              26.312899407147807
            ],
            [
              85.7196688953646,
              26.312785625375604
            ],
            [
              85.7204900732136,
              26.31276253032433
            ],
            [
              85.72125125258475,
              26.312784576954922
            ],
            [
              85.72184213473426,
              26.312788670788027
            ],
            [
              85.72208250414133,
              26.312783952089724
            ],
            [
              85.72222274193697,
              26.312738798324432
            ],
            [
              85.72226760020901,
              26.31257624140266
            ],
            [
              85.72222740509162,
              26.312386743294585
            ],
            [
              85.72205627423335,
              26.311330827050668
            ],
            [
              85.72183010359765,
              26.31030655982245
            ],
            [
              85.72169422263113,
              26.309516833858922
            ],
            [
              85.7216283940871,
              26.308587255765243
            ],
            [
              85.72165798279593,
              26.308090792608212
            ],
            [
              85.72179286214093,
              26.307684558319288
            ],
            [
              85.72187366919395,
              26.307532901759227
            ],
            [
              85.72198288906117,
              26.307327926041967
            ],
            [
              85.72209786802766,
              26.307201473396223
            ],
            [
              85.7223030989341,
              26.307074922368543
            ],
            [
              85.72263856938706,
              26.307083778819024
            ],
            [
              85.72312936663748,
              26.307187187773746
            ],
            [
              85.72402599488548,
              26.307588252331833
            ],
            [
              85.72475728191726,
              26.307867494701835
            ],
            [
              85.72600947143957,
              26.308227740982396
            ],
            [
              85.72670064060907,
              26.308466442984756
            ],
            [
              85.72732686338014,
              26.308763791269538
            ],
            [
              85.72779782493079,
              26.309079349041482
            ],
            [
              85.72803336679154,
              26.309295856246933
            ],
            [
              85.7281087659866,
              26.309683920635035
            ],
            [
              85.72814925485308,
              26.31006743321348
            ],
            [
              85.72809935613397,
              26.310279603074378
            ],
            [
              85.72797928821143,
              26.310496294856343
            ],
            [
              85.72786432092308,
              26.310676922165356
            ],
            [
              85.72748414042006,
              26.31111041818364
            ],
            [
              85.726788704253,
              26.311819451757795
            ],
            [
              85.72625346734547,
              26.312388435106737
            ],
            [
              85.72547299755188,
              26.313296136681032
            ],
            [
              85.72489785927607,
              26.314077282127137
            ],
            [
              85.72458802494468,
              26.314826657817246
            ],
            [
              85.72447826069843,
              26.31536375576699
            ],
            [
              85.72445874929048,
              26.31586473160333
            ],
            [
              85.72447915631878,
              26.316352068977725
            ],
            [
              85.72463479662825,
              26.31679429559867
            ],
            [
              85.72487029267494,
              26.316970090689406
            ],
            [
              85.72526089812678,
              26.317032968680152
            ],
            [
              85.72581177111016,
              26.316978460842265
            ],
            [
              85.7261671895523,
              26.316897025147412
            ],
            [
              85.72645759062915,
              26.31678846909344
            ],
            [
              85.72672773559465,
              26.31657166588183
            ],
            [
              85.72697786789224,
              26.316196874374594
            ],
            [
              85.72717285800445,
              26.31586275962631
            ],
            [
              85.72750786402841,
              26.31535708934458
            ],
            [
              85.72781810978822,
              26.315054511147395
            ],
            [
              85.72820349692655,
              26.31481507385789
            ],
            [
              85.72873420991833,
              26.31468833064399
            ],
            [
              85.72922492272713,
              26.31467444372589
            ],
            [
              85.72961051557967,
              26.31474638496513
            ],
            [
              85.72979090267863,
              26.314840972291215
            ],
            [
              85.7299012211854,
              26.314967260386844
            ],
            [
              85.7301972699704,
              26.315616925737675
            ],
            [
              85.7303381922823,
              26.316492366130767
            ],
            [
              85.73061952306972,
              26.3174082301386
            ],
            [
              85.73086030660016,
              26.317927039625786
            ],
            [
              85.73106612500482,
              26.31841881785668
            ],
            [
              85.73148717525993,
              26.318878824179965
            ],
            [
              85.7318230104289,
              26.31926215011453
            ],
            [
              85.73228907616124,
              26.31962739582685
            ],
            [
              85.73293561792573,
              26.3202000760916
            ],
            [
              85.73350202457698,
              26.320790825053116
            ],
            [
              85.73380290719656,
              26.32117419780192
            ],
            [
              85.73395861038814,
              26.32170660676392
            ],
            [
              85.73404423780104,
              26.322243542376018
            ],
            [
              85.73405969870538,
              26.32268583507323
            ],
            [
              85.73391969177675,
              26.322916102136798
            ],
            [
              85.73369958656586,
              26.323178020642626
            ],
            [
              85.73331929916334,
              26.32351677860566
            ],
            [
              85.73288383993106,
              26.32376983172188
            ],
            [
              85.7324683134166,
              26.323914558744463
            ],
            [
              85.7320477338787,
              26.32401415795521
            ],
            [
              85.73097103204377,
              26.324028494643475
            ],
            [
              85.73094929011894,
              26.324030423002796
            ],
            [
              85.73076572118728,
              26.324046697710006
            ],
            [
              85.73002468294308,
              26.324205195831105
            ],
            [
              85.72934385967073,
              26.324499034298583
            ],
            [
              85.72875330989788,
              26.32494173223104
            ],
            [
              85.72818291921834,
              26.325533338645677
            ],
            [
              85.72793297197369,
              26.32604799502415
            ],
            [
              85.72765821595584,
              26.326828932094468
            ],
            [
              85.72738345993797,
              26.327614380708408
            ],
            [
              85.72727876488489,
              26.328156010221775
            ],
            [
              85.72722419043473,
              26.328742730802134
            ],
            [
              85.72715000396532,
              26.329812353299538
            ],
            [
              85.72710550142615,
              26.330462249376374
            ],
            [
              85.72719135701112,
              26.331279032383673
            ],
            [
              85.72726211820435,
              26.332014590670546
            ],
            [
              85.72750824401578,
              26.332831258062797
            ],
            [
              85.72775941925745,
              26.33368853826795
            ],
            [
              85.7279754488119,
              26.334446557694594
            ],
            [
              85.72832055908619,
              26.33560111820901
            ],
            [
              85.72832205927271,
              26.335606136272524
            ],
            [
              85.7286635259802,
              26.33660776331642
            ],
            [
              85.72904497580265,
              26.337505562746216
            ],
            [
              85.72953670909762,
              26.338502565190282
            ],
            [
              85.7300485511802,
              26.339571759385457
            ],
            [
              85.73021929396624,
              26.340068057010328
            ],
            [
              85.73023481595602,
              26.340618623829506
            ],
            [
              85.73018029630312,
              26.34125498768528
            ],
            [
              85.7300555050388,
              26.341728938306524
            ],
            [
              85.72975038955762,
              26.342193993774845
            ],
            [
              85.7292700019847,
              26.342699793200875
            ],
            [
              85.72866942701329,
              26.343237269032894
            ],
            [
              85.72768827807681,
              26.34389235135865
            ],
            [
              85.72700238022142,
              26.344249361300623
            ],
            [
              85.72634147978542,
              26.34455671022001
            ],
            [
              85.72601101205026,
              26.344692330666746
            ],
            [
              85.72518494197624,
              26.34514871630406
            ],
            [
              85.72473437757246,
              26.34542431961902
            ],
            [
              85.72436888991429,
              26.345614116257284
            ],
            [
              85.72400834209185,
              26.345722675875603
            ],
            [
              85.7236679416846,
              26.345966609622447
            ],
            [
              85.72315247130659,
              26.346499489805574
            ],
            [
              85.72273211544918,
              26.346969122655015
            ],
            [
              85.72239183361953,
              26.347361979337375
            ],
            [
              85.72197656222662,
              26.34793089027515
            ],
            [
              85.72147138115186,
              26.3488112527523
            ],
            [
              85.72118109505938,
              26.349100276120865
            ],
            [
              85.72075555592278,
              26.3493803626388
            ],
            [
              85.72025471191421,
              26.34945741569425
            ],
            [
              85.7196035213681,
              26.349444308145618
            ],
            [
              85.71857165983893,
              26.349454010613588
            ],
            [
              85.71732434457536,
              26.3493826133744
            ],
            [
              85.71617224893527,
              26.349369810101344
            ],
            [
              85.7152857626668,
              26.349523809917173
            ],
            [
              85.71424899543781,
              26.34966887261682
            ],
            [
              85.71330244331789,
              26.349886079129504
            ],
            [
              85.71248112623005,
              26.350116742069186
            ],
            [
              85.71188515781941,
              26.350270543671055
            ],
            [
              85.71125903925291,
              26.350297999855268
            ],
            [
              85.71056273441494,
              26.350244261138414
            ],
            [
              85.70971104708396,
              26.350055223947116
            ],
            [
              85.70912496103976,
              26.350023977861124
            ],
            [
              85.70860401812504,
              26.35002879485927
            ],
            [
              85.70813817158161,
              26.350029066137406
            ],
            [
              85.70798292922582,
              26.350083311286173
            ],
            [
              85.7079179001824,
              26.350209710667354
            ],
            [
              85.70787796916969,
              26.35040830268331
            ],
            [
              85.7078233686684,
              26.351112351920573
            ],
            [
              85.70776859569058,
              26.351572703266825
            ],
            [
              85.70776717275918,
              26.35157598512487
            ],
            [
              85.70767857910923,
              26.351780349631586
            ],
            [
              85.70747326286282,
              26.35186621386558
            ],
            [
              85.70682706335647,
              26.3518440201229
            ],
            [
              85.70564987058395,
              26.351790530859205
            ],
            [
              85.70436240871202,
              26.351637809131127
            ],
            [
              85.70199803929096,
              26.351571403242087
            ],
            [
              85.7012065965762,
              26.351580851966453
            ],
            [
              85.70094608783876,
              26.35153134717849
            ],
            [
              85.70082578006601,
              26.351396022123396
            ],
            [
              85.70078054180662,
              26.351156861233175
            ],
            [
              85.70086537960037,
              26.350669419210938
            ],
            [
              85.70108530065664,
              26.34993369372294
            ],
            [
              85.70118015286917,
              26.349441733807755
            ],
            [
              85.70112424442085,
              26.348205218294606
            ],
            [
              85.70113874861941,
              26.347406420863198
            ],
            [
              85.70097261688571,
              26.346124833814265
            ],
            [
              85.70100730263546,
              26.34554716030798
            ],
            [
              85.70113228074938,
              26.345172519748072
            ],
            [
              85.70136248032911,
              26.3448519790639
            ],
            [
              85.70173780004808,
              26.34432827736807
            ],
            [
              85.70178775536104,
              26.344125169214063
            ],
            [
              85.70173749372258,
              26.343863444613643
            ],
            [
              85.70145170279976,
              26.343425842399807
            ],
            [
              85.70126565361961,
              26.342320269750193
            ],
            [
              85.70117951057375,
              26.34079945533235
            ],
            [
              85.70121385765863,
              26.33970730436459
            ],
            [
              85.70120780570855,
              26.33811423910707
            ],
            [
              85.70128243864067,
              26.337356024721196
            ],
            [
              85.70131721781523,
              26.336927276219996
            ],
            [
              85.7013170408471,
              26.33665650001001
            ],
            [
              85.70101652923175,
              26.33665665860934
            ],
            [
              85.70044575407324,
              26.336959326888056
            ],
            [
              85.69982995355609,
              26.337347763115243
            ],
            [
              85.69908418478366,
              26.338142428367643
            ],
            [
              85.69811313111433,
              26.339117721835272
            ],
            [
              85.69759256908529,
              26.33965502672786
            ],
            [
              85.69660135183109,
              26.34046334018723
            ],
            [
              85.69587030734448,
              26.340829251610973
            ],
            [
              85.69532449457112,
              26.341055168368833
            ],
            [
              85.6947937501383,
              26.341353280693834
            ],
            [
              85.69449843437854,
              26.34168738227003
            ],
            [
              85.69449051393269,
              26.341710696963347
            ],
            [
              85.6943834347508,
              26.342025907355733
            ],
            [
              85.69436890809435,
              26.342865321867542
            ],
            [
              85.69434912809012,
              26.343294061249967
            ],
            [
              85.69427405588183,
              26.34339338215445
            ],
            [
              85.69398356317683,
              26.343425112241615
            ],
            [
              85.69224538598414,
              26.34321834204445
            ],
            [
              85.69117846859928,
              26.343146630216385
            ],
            [
              85.69034202028877,
              26.34318311727735
            ],
            [
              85.69015674815132,
              26.343277972794624
            ],
            [
              85.68993650729479,
              26.34353982269317
            ],
            [
              85.68973145784805,
              26.34410403419872
            ],
            [
              85.68969663735099,
              26.34453729238652
            ],
            [
              85.68967669205675,
              26.344699766606258
            ],
            [
              85.68957154784601,
              26.344776533778383
            ],
            [
              85.68911577501018,
              26.344839919928962
            ],
            [
              85.68834441682856,
              26.344853800814292
            ],
            [
              85.68715731563847,
              26.344858832161865
            ],
            [
              85.68625570263893,
              26.344827628948217
            ],
            [
              85.68608042336068,
              26.344886371742056
            ],
            [
              85.68598029444416,
              26.344981187222302
            ],
            [
              85.68593038314867,
              26.34531967932615
            ],
            [
              85.68586614372441,
              26.346998518869544
            ],
            [
              85.68569135941787,
              26.348014004288377
            ],
            [
              85.68572670632767,
              26.348560055140403
            ],
            [
              85.68576189243905,
              26.348794712660798
            ],
            [
              85.68570187060503,
              26.348961717003707
            ],
            [
              85.6855266101914,
              26.34907010121368
            ],
            [
              85.68527119669824,
              26.34916498088395
            ],
            [
              85.68437962866022,
              26.34925109821466
            ],
            [
              85.68315243296408,
              26.34930124313635
            ],
            [
              85.68117887470903,
              26.349329106067817
            ],
            [
              85.6797863710343,
              26.349365747345974
            ],
            [
              85.67845897455642,
              26.349379786270152
            ],
            [
              85.67845768457565,
              26.349380190372187
            ],
            [
              85.67809837373339,
              26.34949274319893
            ],
            [
              85.67757752244681,
              26.349696016610842
            ],
            [
              85.67707679072765,
              26.35009333810715
            ],
            [
              85.67682658836145,
              26.35066205932282
            ],
            [
              85.6766765750989,
              26.35124879460748
            ],
            [
              85.67673187808275,
              26.35170458124245
            ],
            [
              85.67688231085855,
              26.352061048678582
            ],
            [
              85.67707278244484,
              26.352331755836683
            ],
            [
              85.67737844589837,
              26.35256180534806
            ],
            [
              85.67780430303858,
              26.35272862796577
            ],
            [
              85.6791669413234,
              26.35301243507248
            ],
            [
              85.67966292095471,
              26.353152147671818
            ],
            [
              85.67994854928246,
              26.35336866021077
            ],
            [
              85.6800538426135,
              26.353580728188494
            ],
            [
              85.6801090485793,
              26.353801840233686
            ],
            [
              85.68013933617743,
              26.354289226392652
            ],
            [
              85.6802195781902,
              26.354487763912292
            ],
            [
              85.68035939377764,
              26.35461361916533
            ],
            [
              85.68038996614169,
              26.354641137909443
            ],
            [
              85.680850906087,
              26.354816964072427
            ],
            [
              85.68138701705531,
              26.355055940306563
            ],
            [
              85.68177289736877,
              26.35538974472936
            ],
            [
              85.68190829683827,
              26.355692058127183
            ],
            [
              85.68205099062791,
              26.35582492792061
            ],
            [
              85.68205363257314,
              26.355827388619964
            ],
            [
              85.68223898286402,
              26.355836340349146
            ],
            [
              85.68287010774164,
              26.35572777734326
            ],
            [
              85.6834060345553,
              26.35558314564144
            ],
            [
              85.68428752169919,
              26.355275905707238
            ],
            [
              85.68497866930912,
              26.355004841605062
            ],
            [
              85.68545947010708,
              26.35482863579312
            ],
            [
              85.68746277068284,
              26.35404252667294
            ],
            [
              85.68835423361797,
              26.35369915389772
            ],
            [
              85.68937085882162,
              26.353238382777665
            ],
            [
              85.68974805871449,
              26.353221221087132
            ],
            [
              85.6897715855918,
              26.35322014968883
            ],
            [
              85.69068333068938,
              26.35333255871664
            ],
            [
              85.69100889631807,
              26.35326922873662
            ],
            [
              85.69142452793537,
              26.353034365369446
            ],
            [
              85.69179507939683,
              26.35280403264699
            ],
            [
              85.69242618810475,
              26.352713478601956
            ],
            [
              85.69395399962083,
              26.352717265943095
            ],
            [
              85.69443485970758,
              26.35267641819451
            ],
            [
              85.69485054432555,
              26.352540828036666
            ],
            [
              85.69549652913453,
              26.352206554146623
            ],
            [
              85.69642312877369,
              26.35204363163926
            ],
            [
              85.69724687939767,
              26.352021326845357
            ],
            [
              85.69812121325694,
              26.351997647165373
            ],
            [
              85.70039545111227,
              26.352104780834715
            ],
            [
              85.70094148487122,
              26.352154134848835
            ],
            [
              85.70151270200083,
              26.35241106887227
            ],
            [
              85.7021639859717,
              26.352546107783187
            ],
            [
              85.70253935330139,
              26.35258394824042
            ],
            [
              85.70296551317385,
              26.35262690663082
            ],
            [
              85.7032211144149,
              26.352820824117746
            ],
            [
              85.70354701691178,
              26.35327193983201
            ],
            [
              85.70376296921113,
              26.35409317502687
            ],
            [
              85.70410902900467,
              26.354711257671582
            ],
            [
              85.70442985512189,
              26.355049549046008
            ],
            [
              85.70443495036615,
              26.355175909192376
            ],
            [
              85.70438493756102,
              26.355293272353336
            ],
            [
              85.70425982110659,
              26.35546483374829
            ],
            [
              85.70425997202352,
              26.355685967949427
            ],
            [
              85.70428507005427,
              26.355762673094993
            ],
            [
              85.70438026362662,
              26.355785184841743
            ],
            [
              85.70463571844229,
              26.355753453315128
            ],
            [
              85.70525179564055,
              26.35564931337957
            ],
            [
              85.70568249470014,
              26.355500144124257
            ],
            [
              85.70596799277213,
              26.355450340770503
            ],
            [
              85.70623852580985,
              26.355490804387173
            ],
            [
              85.7067997536735,
              26.355752236246175
            ],
            [
              85.70711539740982,
              26.355828774725357
            ],
            [
              85.70754120693937,
              26.35585109568871
            ],
            [
              85.70873332072873,
              26.355696965042565
            ],
            [
              85.71014595475066,
              26.35569613434431
            ],
            [
              85.71138328523985,
              26.355726985282338
            ],
            [
              85.71190936741633,
              26.35586205412908
            ],
            [
              85.71238037388272,
              26.356033259702624
            ],
            [
              85.71332271110734,
              26.356795369109197
            ],
            [
              85.71385400980066,
              26.357192177625322
            ],
            [
              85.71447035559518,
              26.357440006379655
            ],
            [
              85.71464075612313,
              26.35754369716305
            ],
            [
              85.71468095303716,
              26.357701624599624
            ],
            [
              85.71455659655743,
              26.35884347360986
            ],
            [
              85.71462200109663,
              26.359208979978682
            ],
            [
              85.71510288543789,
              26.360176325259623
            ],
            [
              85.71510867867316,
              26.36018798114613
            ],
            [
              85.71511381523993,
              26.360350443041312
            ],
            [
              85.71504877541675,
              26.3604587940413
            ],
            [
              85.71473827004385,
              26.360571811786194
            ],
            [
              85.7123186883688,
              26.360613922058164
            ],
            [
              85.7110512481479,
              26.360583097376004
            ],
            [
              85.7108808799593,
              26.360524532389064
            ],
            [
              85.71055501070013,
              26.36018625622633
            ],
            [
              85.71037960655603,
              26.360091589239538
            ],
            [
              85.71009909772712,
              26.360123346942643
            ],
            [
              85.70862669160282,
              26.360674789834512
            ],
            [
              85.70703910079781,
              26.3612984909271
            ],
            [
              85.70615771696016,
              26.36173223365065
            ],
            [
              85.70577222561725,
              26.362088972013158
            ],
            [
              85.70557704057062,
              26.362364370764862
            ],
            [
              85.70530693513099,
              26.36296474187459
            ],
            [
              85.70513186066864,
              26.36334843934364
            ],
            [
              85.70459127968347,
              26.36402567886176
            ],
            [
              85.70371009706847,
              26.364802388372013
            ],
            [
              85.70306436019447,
              26.365574450970325
            ],
            [
              85.70269407912592,
              26.366238052663395
            ],
            [
              85.70257417200179,
              26.366730027245012
            ],
            [
              85.70264988560722,
              26.367578415308678
            ],
            [
              85.70275073137931,
              26.368548640337295
            ],
            [
              85.70280128856352,
              26.369234577138425
            ],
            [
              85.70274631526136,
              26.369437687876683
            ],
            [
              85.70258109621602,
              26.36960024301233
            ],
            [
              85.70199507574884,
              26.36981717868237
            ],
            [
              85.70150918240154,
              26.369925749384336
            ],
            [
              85.70109355258086,
              26.370228336246495
            ],
            [
              85.70072301010255,
              26.370526384645913
            ],
            [
              85.70037269139627,
              26.37111325012104
            ],
            [
              85.70014282598977,
              26.372034006608803
            ],
            [
              85.69999350802327,
              26.37355945167146
            ],
            [
              85.69994476094438,
              26.375662499120477
            ],
            [
              85.69991005273673,
              26.376226632770052
            ],
            [
              85.69978490124797,
              26.376389163064907
            ],
            [
              85.69942928517646,
              26.376560838820705
            ],
            [
              85.69895336312882,
              26.376642317836957
            ],
            [
              85.69849741691816,
              26.376619987206528
            ],
            [
              85.69822182636543,
              26.376574999990833
            ],
            [
              85.69806644027912,
              26.376466767916487
            ],
            [
              85.69717390655218,
              26.375320939396133
            ],
            [
              85.69632161106173,
              26.374400729005494
            ],
            [
              85.69620632127818,
              26.37430601490857
            ],
            [
              85.6960710466745,
              26.374306081707836
            ],
            [
              85.69522944562753,
              26.374477988319736
            ],
            [
              85.69399705317745,
              26.374654589122052
            ],
            [
              85.69217870673555,
              26.375246644738883
            ],
            [
              85.6910165814053,
              26.375662374376287
            ],
            [
              85.69087639571194,
              26.37583844220046
            ],
            [
              85.69085146386954,
              26.37605056070859
            ],
            [
              85.69091690613799,
              26.37659659424286
            ],
            [
              85.6911327084187,
              26.37723281726656
            ],
            [
              85.69129846285998,
              26.377963833270275
            ],
            [
              85.69145888130848,
              26.378117197850482
            ],
            [
              85.69178972184447,
              26.37839684468059
            ],
            [
              85.69208552179616,
              26.378730663792776
            ],
            [
              85.69234650394577,
              26.379497737095935
            ],
            [
              85.69295402289433,
              26.381663651306656
            ],
            [
              85.69340572905685,
              26.382963157324344
            ],
            [
              85.69402312767687,
              26.38482669531058
            ],
            [
              85.69446513383097,
              26.386622620851238
            ],
            [
              85.69491195405665,
              26.388071048810126
            ],
            [
              85.69504261940463,
              26.38871181882119
            ],
            [
              85.69488756210175,
              26.389172211945574
            ],
            [
              85.69483263281707,
              26.389488141908746
            ],
            [
              85.69488790885144,
              26.389749863811524
            ],
            [
              85.69503467739919,
              26.389898410281795
            ],
            [
              85.6950483533511,
              26.389912251154882
            ],
            [
              85.69556452890662,
              26.390015795317673
            ],
            [
              85.6967170485515,
              26.39006486517894
            ],
            [
              85.69687748766125,
              26.390213711396985
            ],
            [
              85.69693772059935,
              26.39038065831517
            ],
            [
              85.69691273665468,
              26.39049349309938
            ],
            [
              85.69675250325915,
              26.39067860322467
            ],
            [
              85.69606132061493,
              26.391193418756007
            ],
            [
              85.69502480401593,
              26.392412415112858
            ],
            [
              85.6941435396542,
              26.393518504922117
            ],
            [
              85.69366801915349,
              26.394403265337505
            ],
            [
              85.693287649106,
              26.395197717887772
            ],
            [
              85.69284699940799,
              26.395748501746695
            ],
            [
              85.69225611725852,
              26.39648438379486
            ],
            [
              85.69116938483513,
              26.397671785317026
            ],
            [
              85.6904130922991,
              26.3983671196142
            ],
            [
              85.68963179156388,
              26.39916625764667
            ],
            [
              85.68880034866616,
              26.39992931205988
            ],
            [
              85.68816924085657,
              26.400498217707522
            ],
            [
              85.6878336706906,
              26.40084134601919
            ],
            [
              85.68756325084061,
              26.401193469803598
            ],
            [
              85.68740310009008,
              26.40158616309604
            ],
            [
              85.68735325257498,
              26.40208260403005
            ],
            [
              85.68735855173682,
              26.402619637990657
            ],
            [
              85.68744908484946,
              26.40322883968858
            ],
            [
              85.68779551564721,
              26.404424608066904
            ],
            [
              85.68832748897532,
              26.405818860847063
            ],
            [
              85.68869893066723,
              26.406897279693492
            ],
            [
              85.68904019615205,
              26.407768118137092
            ],
            [
              85.68918916377562,
              26.408548295702353
            ],
            [
              85.68919097927083,
              26.408557808156292
            ],
            [
              85.68921624977807,
              26.40894139360707
            ],
            [
              85.68921572067039,
              26.408946101946064
            ],
            [
              85.68915640401384,
              26.409473942378046
            ],
            [
              85.68902132344627,
              26.409898216345653
            ],
            [
              85.68868609913167,
              26.410918279682793
            ],
            [
              85.68851624388112,
              26.411911193364396
            ],
            [
              85.68843681035216,
              26.413292174917856
            ],
            [
              85.68841695399111,
              26.413644189908595
            ],
            [
              85.68846024380464,
              26.413702597629154
            ],
            [
              85.6884871717036,
              26.413738929665445
            ],
            [
              85.68866261537352,
              26.413793007328675
            ],
            [
              85.68925406795321,
              26.41389202628342
            ],
            [
              85.6896500875513,
              26.41404077419389
            ],
            [
              85.69040213464926,
              26.414518799749203
            ],
            [
              85.69086845011326,
              26.414888643355518
            ],
            [
              85.69099883069528,
              26.41501494368346
            ],
            [
              85.69134305523067,
              26.41516972087129
            ],
            [
              85.69134975396778,
              26.415172733820334
            ],
            [
              85.69184680259426,
              26.41518955162566
            ],
            [
              85.69187601490898,
              26.41519054038766
            ],
            [
              85.69248242623476,
              26.415140613929267
            ],
            [
              85.69292844067164,
              26.415063684324164
            ],
            [
              85.69373487716683,
              26.414908285898747
            ],
            [
              85.69464231394434,
              26.414733420081564
            ],
            [
              85.6958700782741,
              26.41448912223078
            ],
            [
              85.69676708920443,
              26.41430364561291
            ],
            [
              85.6970536427969,
              26.414328471048748
            ],
            [
              85.69722157565273,
              26.414435069029814
            ],
            [
              85.6974874158914,
              26.414786930890536
            ],
            [
              85.69788370228909,
              26.415382463037325
            ],
            [
              85.69811444804454,
              26.415553816127254
            ],
            [
              85.69850541012757,
              26.415621306746303
            ],
            [
              85.69857059368121,
              26.415707017337855
            ],
            [
              85.69858621628231,
              26.41660055386335
            ],
            [
              85.69864639082995,
              26.41669077223036
            ],
            [
              85.69867271056943,
              26.41669390581692
            ],
            [
              85.69867311660796,
              26.41669451403036
            ],
            [
              85.70049783390184,
              26.41691172487086
            ],
            [
              85.70068147559708,
              26.416992052311155
            ],
            [
              85.70074216398105,
              26.41796678416418
            ],
            [
              85.70083749769056,
              26.418079559798564
            ],
            [
              85.70086174232179,
              26.418080368326567
            ],
            [
              85.70086425580793,
              26.418083341778804
            ],
            [
              85.70217317034715,
              26.41812694838006
            ],
            [
              85.70228610923964,
              26.41826385415936
            ],
            [
              85.70250726997102,
              26.419319713625097
            ],
            [
              85.70259265124551,
              26.419554348106715
            ],
            [
              85.70272805879986,
              26.41965351175137
            ],
            [
              85.70274983036909,
              26.419653650928907
            ],
            [
              85.70275484656163,
              26.419657328273242
            ],
            [
              85.70468383131056,
              26.419669697375234
            ],
            [
              85.70469955092973,
              26.41966979713252
            ],
            [
              85.70528226918992,
              26.41986455621145
            ],
            [
              85.70528376757981,
              26.41986505580163
            ],
            [
              85.70530615539334,
              26.419872539195566
            ],
            [
              85.70587799685207,
              26.420535611666104
            ],
            [
              85.70627450603193,
              26.421320631143423
            ],
            [
              85.70637010384615,
              26.421844072371012
            ],
            [
              85.7068175501976,
              26.423775334077796
            ],
            [
              85.70728565690227,
              26.426545978980737
            ],
            [
              85.7079454128846,
              26.428870758230595
            ],
            [
              85.70794896392489,
              26.428883271946084
            ],
            [
              85.7089322256989,
              26.430006407771977
            ],
            [
              85.70956920759215,
              26.43053855279167
            ],
            [
              85.71017103840835,
              26.430975947313236
            ],
            [
              85.71035664921065,
              26.431174402883066
            ],
            [
              85.71051740542569,
              26.431652672741812
            ],
            [
              85.71090388401711,
              26.4323384003271
            ],
            [
              85.71120187585811,
              26.43295144696471
            ],
            [
              85.71151134727015,
              26.43358810262157
            ],
            [
              85.71179737355152,
              26.43399408925537
            ],
            [
              85.71207334229501,
              26.434350438659777
            ],
            [
              85.71213877827525,
              26.434711429898282
            ],
            [
              85.71205878958743,
              26.43500030267454
            ],
            [
              85.71181842826516,
              26.435334402091478
            ],
            [
              85.71140764216045,
              26.435686656261574
            ],
            [
              85.71092664463147,
              26.435998333998942
            ],
            [
              85.70985914783327,
              26.436314871751144
            ],
            [
              85.70909729203069,
              26.4364416827158
            ],
            [
              85.70700224292172,
              26.4368851600356
            ],
            [
              85.70659126906911,
              26.436998217195825
            ],
            [
              85.7061803949295,
              26.437255684791392
            ],
            [
              85.70588990671608,
              26.437625905108632
            ],
            [
              85.70558452263862,
              26.43820372702315
            ],
            [
              85.70524920220429,
              26.4389891570641
            ],
            [
              85.70519924689137,
              26.43924190587012
            ],
            [
              85.7051943582596,
              26.43942242373043
            ],
            [
              85.7051950930815,
              26.439431113193915
            ],
            [
              85.70521183408513,
              26.439629156852607
            ],
            [
              85.70521457574338,
              26.43966159488082
            ],
            [
              85.70540025930922,
              26.439954827710093
            ],
            [
              85.70560607232397,
              26.440297733269585
            ],
            [
              85.70573155888431,
              26.440608977056424
            ],
            [
              85.70568214884877,
              26.441674094130562
            ],
            [
              85.70572290810813,
              26.44256759428717
            ],
            [
              85.7057885507009,
              26.4432625236063
            ],
            [
              85.70577396655226,
              26.443903373154143
            ],
            [
              85.70590944237856,
              26.44411991581206
            ],
            [
              85.7060499379907,
              26.44422816889112
            ],
            [
              85.70624052815462,
              26.44433182034078
            ],
            [
              85.70642596109053,
              26.444331783341955
            ],
            [
              85.70695209177602,
              26.443970372625106
            ],
            [
              85.70749330607343,
              26.443721856102115
            ],
            [
              85.70807979276627,
              26.443568088069924
            ],
            [
              85.70845075655441,
              26.443513753314193
            ],
            [
              85.70900218559493,
              26.44353597930731
            ],
            [
              85.70916770737254,
              26.443621613646833
            ],
            [
              85.70920285216143,
              26.443770530716414
            ],
            [
              85.70881760605856,
              26.44485382994532
            ],
            [
              85.70884778585884,
              26.444998279046366
            ],
            [
              85.70894817079521,
              26.445115554930574
            ],
            [
              85.7091436828286,
              26.4451470230169
            ],
            [
              85.71050706491843,
              26.444834778852652
            ],
            [
              85.71091303425662,
              26.444726226332474
            ],
            [
              85.7110032942814,
              26.44469914408666
            ],
            [
              85.71111857508183,
              26.44473963514245
            ],
            [
              85.71132445996179,
              26.445154698609787
            ],
            [
              85.71138994175612,
              26.44554276861726
            ],
            [
              85.71139023370857,
              26.446030188195877
            ],
            [
              85.71139549424288,
              26.446269385039763
            ],
            [
              85.7114807901774,
              26.446382100008133
            ],
            [
              85.711701375987,
              26.446413611181097
            ],
            [
              85.71204727677873,
              26.446350193106937
            ],
            [
              85.71267368819602,
              26.446024874921143
            ],
            [
              85.71320462217336,
              26.445473987700343
            ],
            [
              85.71352499823459,
              26.44500034614263
            ],
            [
              85.71388562960036,
              26.44446718689595
            ],
            [
              85.71424621155874,
              26.443893817769563
            ],
            [
              85.71446157815654,
              26.44369064098941
            ],
            [
              85.7147171084307,
              26.443528000374947
            ],
            [
              85.71492766005856,
              26.443478254292987
            ],
            [
              85.71519838623405,
              26.4434825839918
            ],
            [
              85.71553430135306,
              26.443568118634353
            ],
            [
              85.7162564291622,
              26.44389708574336
            ],
            [
              85.71690339403318,
              26.444167415141656
            ],
            [
              85.71807192435142,
              26.444730772346325
            ],
            [
              85.71874893876698,
              26.44510491301445
            ],
            [
              85.7193508423467,
              26.445479099117634
            ],
            [
              85.72016832272998,
              26.445884735803862
            ],
            [
              85.72081531185546,
              26.446191160357397
            ],
            [
              85.72136185226422,
              26.446348713179866
            ],
            [
              85.72183317134436,
              26.44643418215401
            ],
            [
              85.72212902699158,
              26.446433939253108
            ],
            [
              85.72244473720326,
              26.44638864305322
            ],
            [
              85.72281063269658,
              26.44622137584067
            ],
            [
              85.72303100470712,
              26.446036196394548
            ],
            [
              85.7232263981629,
              26.445796896918775
            ],
            [
              85.72349134098457,
              26.44496183219186
            ],
            [
              85.72376140330506,
              26.444226030196234
            ],
            [
              85.72393668527826,
              26.444000271787008
            ],
            [
              85.72410893543736,
              26.443879495147467
            ],
            [
              85.72411709303843,
              26.443873774784848
            ]
          ]
        ]
      }
    }
  ]
}