{
  "type": "FeatureCollection",
  "features": [
    {
      "type": "Feature",
      "properties": {
        "object_id": "10-211-01131",
        "stname": "BIHAR",
        "dtname": "Purnia",
        "sdtname": "Rupauli",
        "st_area_sh": 0.0,
        "st_length_": 0.0,
        "remarks": "",
        "dist_lgd": 214,
        "state_lgd": 10,
        "subdt_lgd": 1131,
        "ac_no": null,
        "st_length(shape)": 113946.660566684,
        "st_area(shape)": 308195114.8462847
      },
      "geometry": {
        "type": "Polygon",
        "coordinates": [
          [
            [
              87.13675876233992,
              25.62447247123326
            ],
            [
              87.13699257135049,
              25.62326287609166
            ],
            [
              87.13714678244038,
              25.622220212852955
            ],
            [
              87.1371665840042,
              25.62050059082587
            ],
            [
              87.13716148426832,
              25.619060839331677
            ],
            [
              87.13726092597364,
              25.61839284926942
            ],
            [
              87.13748984814907,
              25.61798667061218
            ],
            [
              87.13794288741148,
              25.6180497872329
            ],
            [
              87.13828652085542,
              25.618807978693752
            ],
            [
              87.1386747188223,
              25.618609351339472
            ],
            [
              87.13976991517231,
              25.61809930298871
            ],
            [
              87.14003366413297,
              25.617747172051416
            ],
            [
              87.14011814170229,
              25.616239718336722
            ],
            [
              87.14010806709638,
              25.61554911930026
            ],
            [
              87.13974966085759,
              25.615030165399073
            ],
            [
              87.1395255311942,
              25.614578840384404
            ],
            [
              87.13945571682525,
              25.61300366124655
            ],
            [
              87.13976922257122,
              25.612601972169493
            ],
            [
              87.13966456973893,
              25.611532224978586
            ],
            [
              87.13929113738035,
              25.610453642619603
            ],
            [
              87.13923625929968,
              25.609745013770002
            ],
            [
              87.13922614696452,
              25.60847225887595
            ],
            [
              87.138952352144,
              25.607975762766088
            ],
            [
              87.13884773614267,
              25.6072717237259
            ],
            [
              87.13866841803889,
              25.606165876673796
            ],
            [
              87.13842939161314,
              25.605371543703118
            ],
            [
              87.1368365133244,
              25.60563347906437
            ],
            [
              87.13608486867167,
              25.604618066837986
            ],
            [
              87.1352932903113,
              25.603358837187653
            ],
            [
              87.13497467674465,
              25.603083598903723
            ],
            [
              87.13488498535341,
              25.602207946393616
            ],
            [
              87.13431747018107,
              25.600899158779026
            ],
            [
              87.13401876956934,
              25.60038914665156
            ],
            [
              87.13529794178784,
              25.599906138864952
            ],
            [
              87.13691553542499,
              25.59913868998425
            ],
            [
              87.1371046846912,
              25.598881393825245
            ],
            [
              87.13701500767303,
              25.59848423620878
            ],
            [
              87.13644246732504,
              25.596751183056003
            ],
            [
              87.13573060097137,
              25.595081197891798
            ],
            [
              87.13526761196891,
              25.59378594074419
            ],
            [
              87.13477968303914,
              25.592607928602224
            ],
            [
              87.13458556968268,
              25.59168722109905
            ],
            [
              87.13563571282624,
              25.591371187280746
            ],
            [
              87.1365464149798,
              25.59100553330852
            ],
            [
              87.13716857467088,
              25.59056772318815
            ],
            [
              87.1374919726647,
              25.589800412887527
            ],
            [
              87.13757154992415,
              25.58906467699156
            ],
            [
              87.13800451094164,
              25.58874871402531
            ],
            [
              87.13820847163029,
              25.588369563684005
            ],
            [
              87.13844234442122,
              25.58761134284895
            ],
            [
              87.13848697811444,
              25.58683049589297
            ],
            [
              87.1383127453735,
              25.586085787947415
            ],
            [
              87.13793945764371,
              25.58551710482831
            ],
            [
              87.13777999230776,
              25.58428953095547
            ],
            [
              87.13799396472021,
              25.583458970193576
            ],
            [
              87.13940723924095,
              25.582786380776426
            ],
            [
              87.1392727084423,
              25.58082751276149
            ],
            [
              87.1394418890581,
              25.580633415683945
            ],
            [
              87.14112889282231,
              25.58051591804443
            ],
            [
              87.14145263037935,
              25.58202784664797
            ],
            [
              87.14193560240531,
              25.583652694839472
            ],
            [
              87.14196054682415,
              25.584243938947818
            ],
            [
              87.14208494732131,
              25.58428456420661
            ],
            [
              87.14257262472277,
              25.58417163988916
            ],
            [
              87.14523003896257,
              25.58318733788692
            ],
            [
              87.14671807217954,
              25.582776430138527
            ],
            [
              87.14807650724714,
              25.581999951300762
            ],
            [
              87.1493708358411,
              25.58385472493498
            ],
            [
              87.15028682458015,
              25.585181517630282
            ],
            [
              87.15105845764626,
              25.58611118037055
            ],
            [
              87.15234789581181,
              25.58775376296495
            ],
            [
              87.15322895356103,
              25.588633774885093
            ],
            [
              87.15369200724219,
              25.5895228173139
            ],
            [
              87.15457323567132,
              25.590592260715965
            ],
            [
              87.15486205481496,
              25.591048145289477
            ],
            [
              87.1552853113324,
              25.591873963212226
            ],
            [
              87.15591258962394,
              25.59277201505788
            ],
            [
              87.15826673082721,
              25.592491633686265
            ],
            [
              87.15883922266619,
              25.593118903183946
            ],
            [
              87.15905337384338,
              25.593574720606615
            ],
            [
              87.15948146509373,
              25.59377768995192
            ],
            [
              87.15975033175657,
              25.593998781660172
            ],
            [
              87.15970073127816,
              25.594585535740762
            ],
            [
              87.15990488600289,
              25.595000720297143
            ],
            [
              87.1608308604146,
              25.595578228779434
            ],
            [
              87.16240405392057,
              25.59676489082623
            ],
            [
              87.16307127041132,
              25.597775697634013
            ],
            [
              87.1639475958356,
              25.598610442214586
            ],
            [
              87.16436090081632,
              25.599291843624425
            ],
            [
              87.16466458617961,
              25.599251200777925
            ],
            [
              87.16484380097708,
              25.599440670144276
            ],
            [
              87.16519249732599,
              25.60038839809393
            ],
            [
              87.16576523530338,
              25.601150988753357
            ],
            [
              87.16634287808219,
              25.60216186137363
            ],
            [
              87.16646783194159,
              25.603430068271106
            ],
            [
              87.1689515326667,
              25.603352627715907
            ],
            [
              87.17072869494608,
              25.603631944260954
            ],
            [
              87.17266492909937,
              25.60357715034369
            ],
            [
              87.17424271209809,
              25.603409617935732
            ],
            [
              87.17475057823724,
              25.603680271085015
            ],
            [
              87.17483091457309,
              25.60545852260578
            ],
            [
              87.17506004425934,
              25.605738278161024
            ],
            [
              87.1755131032847,
              25.605932218665053
            ],
            [
              87.17606560671031,
              25.605968142899705
            ],
            [
              87.17654832271644,
              25.60557974485482
            ],
            [
              87.17715981940506,
              25.60393214623866
            ],
            [
              87.17827984878276,
              25.604040050329598
            ],
            [
              87.17945962780495,
              25.604310488995296
            ],
            [
              87.18023628964005,
              25.604481711764798
            ],
            [
              87.18083847888401,
              25.60446335085644
            ],
            [
              87.18156017999338,
              25.60432768986305
            ],
            [
              87.18251595331972,
              25.604358941920758
            ],
            [
              87.18351160914969,
              25.604620361847466
            ],
            [
              87.18460674980416,
              25.604710115072297
            ],
            [
              87.18523887001507,
              25.60464216078974
            ],
            [
              87.18657836859649,
              25.605657141032683
            ],
            [
              87.18701677070962,
              25.60654160874667
            ],
            [
              87.18788843567422,
              25.60759279228904
            ],
            [
              87.18862059137685,
              25.608391415229445
            ],
            [
              87.18978597220169,
              25.60934320276233
            ],
            [
              87.19003511725082,
              25.60982601689361
            ],
            [
              87.19127461537477,
              25.609897705049647
            ],
            [
              87.19147363443102,
              25.609685494309172
            ],
            [
              87.19161251217733,
              25.60890910832559
            ],
            [
              87.1917766631258,
              25.608570523874715
            ],
            [
              87.19274210412124,
              25.60825867495973
            ],
            [
              87.19272200431675,
              25.60782081701755
            ],
            [
              87.19249752341206,
              25.606931798810585
            ],
            [
              87.19229268506942,
              25.60558695467464
            ],
            [
              87.19248660798307,
              25.605248372965978
            ],
            [
              87.19362629878736,
              25.60499054880905
            ],
            [
              87.1939999332669,
              25.605455243349418
            ],
            [
              87.19432360524691,
              25.605680740619242
            ],
            [
              87.19458736229242,
              25.60567616684282
            ],
            [
              87.19481618475487,
              25.605369136105082
            ],
            [
              87.19493516122435,
              25.60448889734786
            ],
            [
              87.1948798582405,
              25.603491509988178
            ],
            [
              87.19551654189307,
              25.60286831790033
            ],
            [
              87.19577511835436,
              25.60236271633077
            ],
            [
              87.19582935683458,
              25.601464558270155
            ],
            [
              87.19652090329649,
              25.600877426394636
            ],
            [
              87.19708808968542,
              25.60052512563243
            ],
            [
              87.19740119927434,
              25.59978478772382
            ],
            [
              87.19791876003201,
              25.599671689276242
            ],
            [
              87.19939206267497,
              25.599607705020613
            ],
            [
              87.19996949884128,
              25.59969315777671
            ],
            [
              87.20087526115911,
              25.59943995398606
            ],
            [
              87.20210929932279,
              25.598879693346582
            ],
            [
              87.20255202682405,
              25.598477765618735
            ],
            [
              87.20530430225953,
              25.598250628000265
            ],
            [
              87.20499442480902,
              25.596269332871046
            ],
            [
              87.20498354800756,
              25.59493336487963
            ],
            [
              87.20515264777494,
              25.594703171875956
            ],
            [
              87.20610310936299,
              25.594373130118893
            ],
            [
              87.20660059007913,
              25.594043376681977
            ],
            [
              87.20777971243287,
              25.593406278133084
            ],
            [
              87.20880934164857,
              25.592394719819673
            ],
            [
              87.20983388729813,
              25.591455356102458
            ],
            [
              87.2111021512741,
              25.590150271709298
            ],
            [
              87.21294836165951,
              25.589742910618213
            ],
            [
              87.21355532005934,
              25.589552990812233
            ],
            [
              87.21477417938965,
              25.58882562038858
            ],
            [
              87.21576410396814,
              25.58808934375924
            ],
            [
              87.21647557955461,
              25.587818072785268
            ],
            [
              87.21700771098621,
              25.58730772535625
            ],
            [
              87.21815185833265,
              25.586625447078415
            ],
            [
              87.21833082160187,
              25.586381599619624
            ],
            [
              87.21824602243571,
              25.58613794692787
            ],
            [
              87.2176586535973,
              25.5859622611052
            ],
            [
              87.21808137382052,
              25.585560290784763
            ],
            [
              87.21846940829403,
              25.58540209290412
            ],
            [
              87.21900218920759,
              25.585681582625902
            ],
            [
              87.21963467862608,
              25.58626346511681
            ],
            [
              87.22143608912994,
              25.58599593324193
            ],
            [
              87.22194401455789,
              25.586365767877243
            ],
            [
              87.22332277939866,
              25.586531796892096
            ],
            [
              87.22370085784388,
              25.586391648804895
            ],
            [
              87.2239046191065,
              25.58603496014315
            ],
            [
              87.22441710617947,
              25.585858608163754
            ],
            [
              87.22617884079217,
              25.585789691154556
            ],
            [
              87.22825410899864,
              25.585684408697354
            ],
            [
              87.22989103168578,
              25.585209366862994
            ],
            [
              87.2304483267251,
              25.5850870236737
            ],
            [
              87.23110468527899,
              25.584377974701425
            ],
            [
              87.23138189998579,
              25.582676196922087
            ],
            [
              87.23224766212066,
              25.582449910041774
            ],
            [
              87.23469114706708,
              25.58240294234054
            ],
            [
              87.235870742833,
              25.58255105173586
            ],
            [
              87.23934453612152,
              25.582552917737228
            ],
            [
              87.23910453592201,
              25.581429227177413
            ],
            [
              87.23885525702393,
              25.580937453619562
            ],
            [
              87.23873537415432,
              25.580468119065475
            ],
            [
              87.23847106105163,
              25.579854488092487
            ],
            [
              87.23833630118258,
              25.579511628249595
            ],
            [
              87.23803216486506,
              25.57889801262979
            ],
            [
              87.23762361017553,
              25.578329625138267
            ],
            [
              87.2373891507847,
              25.577774680742312
            ],
            [
              87.2380105567892,
              25.577011385215314
            ],
            [
              87.23849258917741,
              25.57628444013218
            ],
            [
              87.23835779786732,
              25.57586924411199
            ],
            [
              87.23778889839117,
              25.574226799839195
            ],
            [
              87.23782329757836,
              25.573761878649368
            ],
            [
              87.23800717912376,
              25.5734999909959
            ],
            [
              87.23830571444549,
              25.57338240289259
            ],
            [
              87.23905262677332,
              25.57385124663165
            ],
            [
              87.23942055784906,
              25.573516915116418
            ],
            [
              87.2396592132706,
              25.573300110193834
            ],
            [
              87.24083845959183,
              25.573172858928835
            ],
            [
              87.24168408868455,
              25.57286525696008
            ],
            [
              87.24205213474465,
              25.572585096351293
            ],
            [
              87.24308680620408,
              25.572232266604793
            ],
            [
              87.24372906390296,
              25.572543148737772
            ],
            [
              87.2448086232788,
              25.57228496886292
            ],
            [
              87.24518242304832,
              25.57279921313607
            ],
            [
              87.245680042105,
              25.572825928379384
            ],
            [
              87.24670482490978,
              25.572436861990823
            ],
            [
              87.24752113927983,
              25.572785489655317
            ],
            [
              87.24752246698979,
              25.5727857108711
            ],
            [
              87.2480828989461,
              25.57287895936354
            ],
            [
              87.24917277906623,
              25.572843817678926
            ],
            [
              87.25000000437373,
              25.572643282667382
            ],
            [
              87.25060129440409,
              25.57249751498138
            ],
            [
              87.25329379234729,
              25.572165762981104
            ],
            [
              87.25466244036136,
              25.57199094313925
            ],
            [
              87.25590186662012,
              25.571680519835237
            ],
            [
              87.2569019610259,
              25.571821194029482
            ],
            [
              87.2577079402786,
              25.572033967050285
            ],
            [
              87.25857807720891,
              25.57276584682682
            ],
            [
              87.25943909534074,
              25.572649186623607
            ],
            [
              87.25899724729015,
              25.571543064077222
            ],
            [
              87.25899944187441,
              25.56927279488525
            ],
            [
              87.25923412674237,
              25.56837931207773
            ],
            [
              87.25956801256716,
              25.56790120328206
            ],
            [
              87.25940452906693,
              25.567178941015367
            ],
            [
              87.25842181526524,
              25.56451969713775
            ],
            [
              87.25732952316854,
              25.562031988111467
            ],
            [
              87.25690298420703,
              25.5606865647499
            ],
            [
              87.25694401385933,
              25.5593957597306
            ],
            [
              87.25745854909111,
              25.557673363208547
            ],
            [
              87.25739277983593,
              25.557595541321675
            ],
            [
              87.25650432895193,
              25.556544257308705
            ],
            [
              87.25598292340482,
              25.55553286726658
            ],
            [
              87.25529892458795,
              25.552860353103085
            ],
            [
              87.25502610803278,
              25.551760724351436
            ],
            [
              87.25480835281462,
              25.55088301706229
            ],
            [
              87.25464000044556,
              25.55002533487863
            ],
            [
              87.25461546026862,
              25.549718436118486
            ],
            [
              87.25443139456858,
              25.549668636762892
            ],
            [
              87.25256571769097,
              25.5496219293332
            ],
            [
              87.25028209513586,
              25.54954773637132
            ],
            [
              87.24999996574614,
              25.549562683084247
            ],
            [
              87.24852073512064,
              25.549641040235826
            ],
            [
              87.24820638226336,
              25.549615226738553
            ],
            [
              87.24752083205597,
              25.549558930602
            ],
            [
              87.24537857827545,
              25.54958782228087
            ],
            [
              87.2440203758715,
              25.54963406937642
            ],
            [
              87.24338327540065,
              25.54943140530019
            ],
            [
              87.24236750269817,
              25.54858369214395
            ],
            [
              87.24193403143762,
              25.54796122321176
            ],
            [
              87.24184371661558,
              25.547103758403605
            ],
            [
              87.2418818572859,
              25.545474344803246
            ],
            [
              87.24197046530891,
              25.544440762897917
            ],
            [
              87.24210790575076,
              25.542544968826814
            ],
            [
              87.24215801826887,
              25.54138336580321
            ],
            [
              87.2421614534265,
              25.541303746126268
            ],
            [
              87.2421464237135,
              25.541204436245643
            ],
            [
              87.24094721503003,
              25.541020387930082
            ],
            [
              87.23978297506561,
              25.540849727671
            ],
            [
              87.23847934801012,
              25.540710891868738
            ],
            [
              87.23556375256778,
              25.540442259656583
            ],
            [
              87.23533992294169,
              25.540406317376856
            ],
            [
              87.23430996134933,
              25.54028073086234
            ],
            [
              87.23260058055139,
              25.540012634261245
            ],
            [
              87.23125987643085,
              25.539786468599882
            ],
            [
              87.23006838068241,
              25.539664447804455
            ],
            [
              87.22868591568096,
              25.539353168296646
            ],
            [
              87.2274582798103,
              25.53895873521322
            ],
            [
              87.22632686159143,
              25.538436455016576
            ],
            [
              87.22484560077336,
              25.53786828567607
            ],
            [
              87.2228852459564,
              25.53684515761511
            ],
            [
              87.22273525155845,
              25.536578809814532
            ],
            [
              87.22253092166223,
              25.5362088741274
            ],
            [
              87.22234648136475,
              25.535721511632183
            ],
            [
              87.22277369855429,
              25.535030760837532
            ],
            [
              87.22344443733931,
              25.53389290302746
            ],
            [
              87.22370267244075,
              25.533436834926814
            ],
            [
              87.22401067241233,
              25.532872416790624
            ],
            [
              87.22487487507185,
              25.53120191364257
            ],
            [
              87.22524740642017,
              25.53055621022932
            ],
            [
              87.22550821968652,
              25.53010243722829
            ],
            [
              87.22576903385114,
              25.529648664131983
            ],
            [
              87.22592243016905,
              25.528651109688944
            ],
            [
              87.22603578767645,
              25.5273736762216
            ],
            [
              87.22602471863551,
              25.52608740301374
            ],
            [
              87.22594922511735,
              25.525049292790765
            ],
            [
              87.22571475764167,
              25.524205492094932
            ],
            [
              87.2255501081282,
              25.523600798133085
            ],
            [
              87.22468969007096,
              25.523849643740512
            ],
            [
              87.22387413477733,
              25.52403520269366
            ],
            [
              87.22362966635761,
              25.523209383989503
            ],
            [
              87.22332049138964,
              25.522212174850747
            ],
            [
              87.22282323615063,
              25.522406544101358
            ],
            [
              87.22205654292026,
              25.52166685331435
            ],
            [
              87.22154374772515,
              25.52103983465435
            ],
            [
              87.22169782406775,
              25.520832083156993
            ],
            [
              87.2224137472132,
              25.52043447296331
            ],
            [
              87.22249322116642,
              25.520249318641046
            ],
            [
              87.22205468789919,
              25.519252213802805
            ],
            [
              87.22177529208291,
              25.51825486639334
            ],
            [
              87.22164503995997,
              25.517072440648985
            ],
            [
              87.22106751935202,
              25.514091638369546
            ],
            [
              87.22095080663703,
              25.513489224255533
            ],
            [
              87.22069552609454,
              25.511517003359984
            ],
            [
              87.22002638720909,
              25.508127805970293
            ],
            [
              87.21399351735661,
              25.50829413634612
            ],
            [
              87.2078162316441,
              25.508284148714445
            ],
            [
              87.20781535129512,
              25.507020431354437
            ],
            [
              87.20777964056764,
              25.50569797437367
            ],
            [
              87.20741967036194,
              25.502890830316222
            ],
            [
              87.20723949796033,
              25.501229936178802
            ],
            [
              87.20744300679637,
              25.50071978919364
            ],
            [
              87.20928299185687,
              25.500511190108664
            ],
            [
              87.20973567897968,
              25.50047595667189
            ],
            [
              87.20974532059762,
              25.500126193610537
            ],
            [
              87.2110347291188,
              25.50002798964272
            ],
            [
              87.2123145553108,
              25.500027225863498
            ],
            [
              87.21225559079386,
              25.4985223881205
            ],
            [
              87.21217005590746,
              25.497127760066434
            ],
            [
              87.21218408310061,
              25.495823381179232
            ],
            [
              87.21202896830556,
              25.494523583178704
            ],
            [
              87.21173444306325,
              25.492930495361158
            ],
            [
              87.21152952926211,
              25.49154046323994
            ],
            [
              87.21136967226069,
              25.49047988592101
            ],
            [
              87.2112847212792,
              25.4899789988766
            ],
            [
              87.21104986123973,
              25.48841291407801
            ],
            [
              87.21090477343989,
              25.48714470534662
            ],
            [
              87.21084960610168,
              25.486490347047493
            ],
            [
              87.21069463413873,
              25.485371062696654
            ],
            [
              87.21055968113191,
              25.48431947828062
            ],
            [
              87.21048444093866,
              25.483448418628996
            ],
            [
              87.21035960835184,
              25.482721825937496
            ],
            [
              87.21025465009237,
              25.481923050595885
            ],
            [
              87.21114938559005,
              25.48153887440162
            ],
            [
              87.21174593790563,
              25.48126321683777
            ],
            [
              87.21244184478992,
              25.48096935397323
            ],
            [
              87.21264911127882,
              25.480859444717723
            ],
            [
              87.21363479311418,
              25.48033675360837
            ],
            [
              87.21447487870329,
              25.479948121087574
            ],
            [
              87.21512943164349,
              25.4796617756978
            ],
            [
              87.21592139807608,
              25.479315311802015
            ],
            [
              87.21669178967046,
              25.478904101608453
            ],
            [
              87.21729388728627,
              25.478609936169942
            ],
            [
              87.2204843411544,
              25.477051180311506
            ],
            [
              87.22106581075634,
              25.47676647833228
            ],
            [
              87.22277076824982,
              25.475998026074613
            ],
            [
              87.22347153322319,
              25.475672587382224
            ],
            [
              87.22430655590735,
              25.475270360044142
            ],
            [
              87.22519622939842,
              25.474782254678843
            ],
            [
              87.22596662817935,
              25.474461302273152
            ],
            [
              87.22661274324409,
              25.474126901329498
            ],
            [
              87.22733845802615,
              25.473801403237694
            ],
            [
              87.22758653318174,
              25.47320094431783
            ],
            [
              87.22804793755607,
              25.47199095785838
            ],
            [
              87.228315855598,
              25.471313797739413
            ],
            [
              87.22858858860984,
              25.470501173314492
            ],
            [
              87.22875735420394,
              25.470158022754852
            ],
            [
              87.22901522458939,
              25.469327359269204
            ],
            [
              87.22932285265846,
              25.46855983026761
            ],
            [
              87.22952130757268,
              25.468085781868005
            ],
            [
              87.22994779173698,
              25.466893903714553
            ],
            [
              87.23009668839363,
              25.466568845092848
            ],
            [
              87.23039912240371,
              25.465589195948187
            ],
            [
              87.23093000068549,
              25.464324997181606
            ],
            [
              87.23140115896716,
              25.462943585958648
            ],
            [
              87.23160458695484,
              25.462478556306856
            ],
            [
              87.23181248675598,
              25.461440263791882
            ],
            [
              87.23145835200637,
              25.460185765684752
            ],
            [
              87.23106941921759,
              25.45883198761371
            ],
            [
              87.23088011813607,
              25.458358275608155
            ],
            [
              87.23052615496466,
              25.457288809639447
            ],
            [
              87.23025202507256,
              25.45650819218404
            ],
            [
              87.23010224357536,
              25.45578607788107
            ],
            [
              87.22999245687123,
              25.455276117651884
            ],
            [
              87.22957882759867,
              25.454152558602726
            ],
            [
              87.2285715772133,
              25.450596658279448
            ],
            [
              87.22781116680002,
              25.450813857669598
            ],
            [
              87.22666310279891,
              25.45117122338792
            ],
            [
              87.2258132480311,
              25.451456158710133
            ],
            [
              87.22531628833782,
              25.45165960623809
            ],
            [
              87.22551558138026,
              25.452192062219144
            ],
            [
              87.22446690159231,
              25.45252226085034
            ],
            [
              87.22355740677449,
              25.4528433318069
            ],
            [
              87.22255345410453,
              25.453168974201834
            ],
            [
              87.22127121683425,
              25.453643735941387
            ],
            [
              87.22062493288627,
              25.453639644658164
            ],
            [
              87.22004330158758,
              25.453667102649124
            ],
            [
              87.21966057525907,
              25.453757620209558
            ],
            [
              87.21901942608122,
              25.45396565314585
            ],
            [
              87.21778692673166,
              25.4544990276512
            ],
            [
              87.21723522190834,
              25.454661860913696
            ],
            [
              87.21640526212911,
              25.455018945920273
            ],
            [
              87.21525718106005,
              25.455452951185972
            ],
            [
              87.21454642771903,
              25.45567906072563
            ],
            [
              87.21404444195173,
              25.455859906198548
            ],
            [
              87.21214088761018,
              25.456587718839902
            ],
            [
              87.2116836056047,
              25.456723395339836
            ],
            [
              87.21016264194601,
              25.45718014567518
            ],
            [
              87.20935746399053,
              25.45748301463903
            ],
            [
              87.20922821438748,
              25.457496629643895
            ],
            [
              87.2091435814096,
              25.457329679048176
            ],
            [
              87.20873013180011,
              25.456156407279746
            ],
            [
              87.20842115715644,
              25.455077857601353
            ],
            [
              87.20820693770726,
              25.454428034962977
            ],
            [
              87.20771860992554,
              25.452776371053904
            ],
            [
              87.20741468830536,
              25.451792600203923
            ],
            [
              87.20725026067575,
              25.451242046036274
            ],
            [
              87.20690675658922,
              25.450524590962974
            ],
            [
              87.2066280650521,
              25.450077910045536
            ],
            [
              87.20641906571304,
              25.449771107864194
            ],
            [
              87.20580210097927,
              25.44897255903901
            ],
            [
              87.20544392740413,
              25.448598134741733
            ],
            [
              87.20512055096985,
              25.448223690623504
            ],
            [
              87.20415032734385,
              25.44692884293781
            ],
            [
              87.20288166990576,
              25.445336253791442
            ],
            [
              87.20243446609943,
              25.445634381235795
            ],
            [
              87.20155006122751,
              25.446338950844503
            ],
            [
              87.20086938078728,
              25.446912518260625
            ],
            [
              87.20007423431858,
              25.447287548059332
            ],
            [
              87.19917961111027,
              25.447581378827017
            ],
            [
              87.19837936131245,
              25.447753294254323
            ],
            [
              87.19665939207225,
              25.44783538508618
            ],
            [
              87.19602307403402,
              25.447817640194188
            ],
            [
              87.19528244811656,
              25.447948887927012
            ],
            [
              87.19458167056676,
              25.44822002987954
            ],
            [
              87.19435802240041,
              25.448314919603707
            ],
            [
              87.19376182761431,
              25.448924521899926
            ],
            [
              87.19288738505885,
              25.4497960351549
            ],
            [
              87.19238553403888,
              25.450234075214173
            ],
            [
              87.19193802300873,
              25.45005599539817
            ],
            [
              87.19149051377521,
              25.449877916129946
            ],
            [
              87.1907397000641,
              25.449589390184364
            ],
            [
              87.18993417086737,
              25.449233181335227
            ],
            [
              87.18983458183835,
              25.44892630724235
            ],
            [
              87.18956572415863,
              25.448150104214097
            ],
            [
              87.18935160981235,
              25.447482199109167
            ],
            [
              87.18894833811501,
              25.44632691878893
            ],
            [
              87.18887871059565,
              25.446268272944607
            ],
            [
              87.18856052911866,
              25.446205221613532
            ],
            [
              87.18697968376313,
              25.44612916720439
            ],
            [
              87.18712824085662,
              25.44500524293197
            ],
            [
              87.18531852812289,
              25.444491456123096
            ],
            [
              87.18591976874592,
              25.4439902112694
            ],
            [
              87.18705759105445,
              25.442942601741958
            ],
            [
              87.18506834012973,
              25.44118767401938
            ],
            [
              87.18459619729451,
              25.44137292012548
            ],
            [
              87.18350226577242,
              25.44067376627811
            ],
            [
              87.18224500076876,
              25.44144155586083
            ],
            [
              87.18114183097232,
              25.442236359045076
            ],
            [
              87.18117307258127,
              25.44228143798938
            ],
            [
              87.18188300037052,
              25.443305774595967
            ],
            [
              87.18264899201665,
              25.44428039327531
            ],
            [
              87.1820279839658,
              25.44506147127399
            ],
            [
              87.18083546323963,
              25.44620835921479
            ],
            [
              87.1800354541903,
              25.44694887463179
            ],
            [
              87.17878333204163,
              25.44829887415173
            ],
            [
              87.17792874405059,
              25.449121259823865
            ],
            [
              87.17771986957734,
              25.44914779738002
            ],
            [
              87.17684990332697,
              25.449134566726684
            ],
            [
              87.17621856914194,
              25.449157355149243
            ],
            [
              87.17551268916134,
              25.449229815068897
            ],
            [
              87.1743544301801,
              25.449311450651173
            ],
            [
              87.17374796495537,
              25.449370328623772
            ],
            [
              87.17324591630602,
              25.449478820374765
            ],
            [
              87.17198333866575,
              25.44976809202751
            ],
            [
              87.17105381590868,
              25.4500256554031
            ],
            [
              87.16899597142547,
              25.45071233723531
            ],
            [
              87.16776322144592,
              25.45106926767489
            ],
            [
              87.16692811611676,
              25.451272615275958
            ],
            [
              87.16475581997817,
              25.45176067731788
            ],
            [
              87.16442265729718,
              25.45149898330817
            ],
            [
              87.16396512017013,
              25.450948457809794
            ],
            [
              87.16352751486265,
              25.450528817001285
            ],
            [
              87.1622843399342,
              25.449360142232027
            ],
            [
              87.16186168079638,
              25.44901270934785
            ],
            [
              87.16080751140375,
              25.4480831870866
            ],
            [
              87.1602406942224,
              25.447722243915113
            ],
            [
              87.15840601640863,
              25.44654464827299
            ],
            [
              87.15826171463463,
              25.44603465538527
            ],
            [
              87.15796809130087,
              25.444820588083694
            ],
            [
              87.15777899773019,
              25.444102983614055
            ],
            [
              87.15736606105872,
              25.442812211660556
            ],
            [
              87.15709242074846,
              25.441909570873076
            ],
            [
              87.15690842062544,
              25.441620745970216
            ],
            [
              87.1566001170233,
              25.44120556996083
            ],
            [
              87.15570007607549,
              25.439973574078387
            ],
            [
              87.15523759911274,
              25.43921088661005
            ],
            [
              87.15508340239589,
              25.438800189144995
            ],
            [
              87.15495408002927,
              25.438466216400187
            ],
            [
              87.1545463158572,
              25.43780281261797
            ],
            [
              87.15411881929158,
              25.43774873631423
            ],
            [
              87.15307991317394,
              25.437654153020322
            ],
            [
              87.15214040204918,
              25.437469275982092
            ],
            [
              87.15128044303107,
              25.437356593962228
            ],
            [
              87.15027126306447,
              25.436765500599126
            ],
            [
              87.14979406091756,
              25.436688852084917
            ],
            [
              87.14792508632453,
              25.436725262650068
            ],
            [
              87.1471403396519,
              25.43682840760554
            ],
            [
              87.14709997115966,
              25.43683371387432
            ],
            [
              87.14476876304732,
              25.4371499901103
            ],
            [
              87.14414247110594,
              25.43726742369235
            ],
            [
              87.14387397814227,
              25.43678902633883
            ],
            [
              87.14230825143295,
              25.437091623727824
            ],
            [
              87.14040949768828,
              25.437547698153658
            ],
            [
              87.13964900103673,
              25.43775539728959
            ],
            [
              87.13832184620567,
              25.438057928164408
            ],
            [
              87.13735257479388,
              25.438301742035517
            ],
            [
              87.1354587536984,
              25.438753239037762
            ],
            [
              87.13470818343077,
              25.438956397331896
            ],
            [
              87.13366432669758,
              25.439087353760936
            ],
            [
              87.13283420342499,
              25.43906483275676
            ],
            [
              87.13220290696918,
              25.43897459537782
            ],
            [
              87.13188974437966,
              25.43892044740174
            ],
            [
              87.13163622633174,
              25.438771513368923
            ],
            [
              87.13143738244699,
              25.438536820190492
            ],
            [
              87.13112419919622,
              25.438053886647488
            ],
            [
              87.13094026105694,
              25.43763413924972
            ],
            [
              87.13044811094373,
              25.436550914814305
            ],
            [
              87.12908615807346,
              25.43702487730386
            ],
            [
              87.12814670264429,
              25.43739500805934
            ],
            [
              87.12721718078552,
              25.437580078283588
            ],
            [
              87.12624788961081,
              25.43771098023431
            ],
            [
              87.1253183605655,
              25.43786444383686
            ],
            [
              87.1244832767959,
              25.438090119142103
            ],
            [
              87.12344937159943,
              25.437187409705757
            ],
            [
              87.12269383544488,
              25.436578074923133
            ],
            [
              87.12110818589925,
              25.436559986842987
            ],
            [
              87.120084222358,
              25.4366096043297
            ],
            [
              87.11989431491368,
              25.437131527327733
            ],
            [
              87.1197114206168,
              25.437634179811074
            ],
            [
              87.1195373980816,
              25.438058396240535
            ],
            [
              87.11897556116023,
              25.43985927116673
            ],
            [
              87.11801122419429,
              25.439534317189263
            ],
            [
              87.11740663914344,
              25.4393272449452
            ],
            [
              87.11710160540893,
              25.439222769301637
            ],
            [
              87.11626656026691,
              25.438992521663135
            ],
            [
              87.11451187922583,
              25.43846434896936
            ],
            [
              87.1137911339239,
              25.438252150393645
            ],
            [
              87.1129809568439,
              25.438012923083217
            ],
            [
              87.11288158520718,
              25.437886480764178
            ],
            [
              87.11278719113541,
              25.437552513598316
            ],
            [
              87.11256355285052,
              25.436839363293977
            ],
            [
              87.11228024756609,
              25.436342808795242
            ],
            [
              87.11199700157049,
              25.436121686122622
            ],
            [
              87.11157943857528,
              25.4358372702148
            ],
            [
              87.11098798958884,
              25.43561150388639
            ],
            [
              87.10925825566149,
              25.43509679437219
            ],
            [
              87.10886557510135,
              25.434934265639658
            ],
            [
              87.1072551886477,
              25.434293197190044
            ],
            [
              87.10663894436281,
              25.434013246958656
            ],
            [
              87.10594801504347,
              25.433733347996984
            ],
            [
              87.10534663607989,
              25.43361593206254
            ],
            [
              87.1047849527704,
              25.433629338029032
            ],
            [
              87.10412385021347,
              25.43367893319644
            ],
            [
              87.10285134169774,
              25.433981179824272
            ],
            [
              87.10219018883515,
              25.434211197722558
            ],
            [
              87.1018074050145,
              25.43445041230142
            ],
            [
              87.10143952963428,
              25.434680494203544
            ],
            [
              87.1010765869033,
              25.43498290624637
            ],
            [
              87.100773303087,
              25.435393552637837
            ],
            [
              87.10051971766542,
              25.435772649353723
            ],
            [
              87.10042031997754,
              25.435957662038803
            ],
            [
              87.1002909850345,
              25.43638191519914
            ],
            [
              87.1000871132791,
              25.43663012366893
            ],
            [
              87.09984354137801,
              25.43685578181702
            ],
            [
              87.09951544699186,
              25.437099469135646
            ],
            [
              87.0990331702619,
              25.43742886791022
            ],
            [
              87.0985062104314,
              25.437726598769675
            ],
            [
              87.0981482614351,
              25.437830418618436
            ],
            [
              87.09755612523745,
              25.437981264248066
            ],
            [
              87.09742249724567,
              25.438015305648335
            ],
            [
              87.09698506800795,
              25.438100934374113
            ],
            [
              87.09628910093657,
              25.438240731625605
            ],
            [
              87.09593116182171,
              25.438362517160197
            ],
            [
              87.09576218961506,
              25.438488874612606
            ],
            [
              87.09559812939642,
              25.438664897245822
            ],
            [
              87.09549369575308,
              25.43890860929732
            ],
            [
              87.09541404303513,
              25.439174882404345
            ],
            [
              87.09537420904051,
              25.439612708001548
            ],
            [
              87.0954287286934,
              25.440140779125898
            ],
            [
              87.09544342063988,
              25.44086294265118
            ],
            [
              87.09547815310201,
              25.441395542098256
            ],
            [
              87.09541838998278,
              25.441914566229265
            ],
            [
              87.09539837641658,
              25.44238850193544
            ],
            [
              87.0953858170706,
              25.442796961254523
            ],
            [
              87.0953732577246,
              25.443205421621855
            ],
            [
              87.09528372174192,
              25.443426548325338
            ],
            [
              87.095199273817,
              25.443543909270627
            ],
            [
              87.09495564442376,
              25.443724406316804
            ],
            [
              87.09464491896361,
              25.443895869742615
            ],
            [
              87.09433419440177,
              25.44406733535786
            ],
            [
              87.09374254329438,
              25.444360575331586
            ],
            [
              87.09313101696135,
              25.444554488072033
            ],
            [
              87.09264876807917,
              25.444721406091876
            ],
            [
              87.09145568141437,
              25.445154445867274
            ],
            [
              87.09085406170229,
              25.445303191114988
            ],
            [
              87.09047625364998,
              25.445357336221498
            ],
            [
              87.09010845462656,
              25.445361717375487
            ],
            [
              87.08946212127123,
              25.445438330357124
            ],
            [
              87.088567295942,
              25.445596093875995
            ],
            [
              87.08794091057585,
              25.445753872600452
            ],
            [
              87.08739410785901,
              25.44579438495398
            ],
            [
              87.08742899213644,
              25.44548290111923
            ],
            [
              87.0874987418267,
              25.444833021011796
            ],
            [
              87.08761820967462,
              25.44444490733533
            ],
            [
              87.08778743879942,
              25.44382657591266
            ],
            [
              87.0879665457991,
              25.44311802164194
            ],
            [
              87.08755403492904,
              25.443036633329644
            ],
            [
              87.08697244944443,
              25.44295976735092
            ],
            [
              87.0861721682056,
              25.44276093459622
            ],
            [
              87.08537192469599,
              25.44261176601034
            ],
            [
              87.08316000836179,
              25.44220945979476
            ],
            [
              87.08276683462654,
              25.4434912056396
            ],
            [
              87.08235868867047,
              25.444854144900017
            ],
            [
              87.0819357079358,
              25.446208059893483
            ],
            [
              87.08158731701411,
              25.447417624242703
            ],
            [
              87.08139826117267,
              25.447891470965196
            ],
            [
              87.08134844869186,
              25.448067503379477
            ],
            [
              87.08184541557164,
              25.448442265144603
            ],
            [
              87.08142269175512,
              25.449019823133042
            ],
            [
              87.08102985937971,
              25.44938532511928
            ],
            [
              87.08082591935232,
              25.44962447630396
            ],
            [
              87.08140723893563,
              25.450446114783762
            ],
            [
              87.08192896518128,
              25.451087174314804
            ],
            [
              87.08248054783373,
              25.451746364091022
            ],
            [
              87.08356395918548,
              25.45295177987197
            ],
            [
              87.0834544806035,
              25.453145816666936
            ],
            [
              87.08307649198983,
              25.45355637922758
            ],
            [
              87.08263702537306,
              25.454104780654237
            ],
            [
              87.0822659025831,
              25.454382135663412
            ],
            [
              87.08114712455858,
              25.454873749117677
            ],
            [
              87.08039145904662,
              25.455008990361645
            ],
            [
              87.080436349658,
              25.45460728685767
            ],
            [
              87.07993421477039,
              25.454570987954842
            ],
            [
              87.0788654208049,
              25.45454808700126
            ],
            [
              87.07838811355509,
              25.45460667933455
            ],
            [
              87.0789346333026,
              25.455437286283296
            ],
            [
              87.07941656867276,
              25.45621374162285
            ],
            [
              87.07970464041806,
              25.45683217732559
            ],
            [
              87.08004740608945,
              25.457726012964105
            ],
            [
              87.08029575612952,
              25.458434683225075
            ],
            [
              87.0806333609796,
              25.459630861973054
            ],
            [
              87.08079720560256,
              25.460249272005793
            ],
            [
              87.08089149726636,
              25.46068259576521
            ],
            [
              87.08101548633515,
              25.461346090042518
            ],
            [
              87.08120409301894,
              25.462244341634587
            ],
            [
              87.08120387472832,
              25.462957483404292
            ],
            [
              87.08107433137616,
              25.46365705773718
            ],
            [
              87.08086532844382,
              25.464094791871418
            ],
            [
              87.08047231101547,
              25.46485745633667
            ],
            [
              87.07999971093776,
              25.465624584787086
            ],
            [
              87.07959173476327,
              25.4663466173434
            ],
            [
              87.07995447716992,
              25.466870280045544
            ],
            [
              87.08020789191157,
              25.467240482876143
            ],
            [
              87.08028739461085,
              25.467569962202038
            ],
            [
              87.08008803599144,
              25.468765982008602
            ],
            [
              87.08011281781516,
              25.468933034334174
            ],
            [
              87.08035629988471,
              25.46931669687985
            ],
            [
              87.08046066256118,
              25.46962819283863
            ],
            [
              87.08050025131574,
              25.47007048500933
            ],
            [
              87.08044042621276,
              25.470463164740643
            ],
            [
              87.08035081117835,
              25.47078813173884
            ],
            [
              87.08019647791758,
              25.471180772632252
            ],
            [
              87.07997255756166,
              25.4716501196477
            ],
            [
              87.07988300181601,
              25.47191638926748
            ],
            [
              87.07994261132335,
              25.47209687539571
            ],
            [
              87.08009166159192,
              25.472286524664703
            ],
            [
              87.08089689164967,
              25.4732119818498
            ],
            [
              87.08128451199981,
              25.473708625946397
            ],
            [
              87.08133907567017,
              25.474074241096442
            ],
            [
              87.08104056639958,
              25.47443075027789
            ],
            [
              87.08076700603935,
              25.474611149913134
            ],
            [
              87.08078178961398,
              25.474999363378974
            ],
            [
              87.08082123104485,
              25.47596072883524
            ],
            [
              87.08084588620615,
              25.476529457157703
            ],
            [
              87.08093047336993,
              25.476565532097545
            ],
            [
              87.08134804534829,
              25.476610814711705
            ],
            [
              87.082093868918,
              25.476728427946462
            ],
            [
              87.08302863963294,
              25.47687762804651
            ],
            [
              87.08370986624888,
              25.476945511236977
            ],
            [
              87.0844457400785,
              25.477053998400915
            ],
            [
              87.08474900143695,
              25.4770947313417
            ],
            [
              87.08530089939805,
              25.47716259170273
            ],
            [
              87.08617098871763,
              25.477280201964906
            ],
            [
              87.08620564661959,
              25.47802944263028
            ],
            [
              87.08630979729364,
              25.478711004074622
            ],
            [
              87.08773192740645,
              25.47865263594884
            ],
            [
              87.08875132391277,
              25.478585197312114
            ],
            [
              87.08997453917391,
              25.47847716971721
            ],
            [
              87.09088949574867,
              25.478441297277865
            ],
            [
              87.09117286122022,
              25.4787393078411
            ],
            [
              87.09146109017068,
              25.479285474672416
            ],
            [
              87.09184379583792,
              25.479777488342652
            ],
            [
              87.09248003123115,
              25.480567527115713
            ],
            [
              87.09297712477343,
              25.481276288259338
            ],
            [
              87.09353385656908,
              25.482034677234125
            ],
            [
              87.09411049233647,
              25.482788534856635
            ],
            [
              87.0945479817613,
              25.483334688969688
            ],
            [
              87.09518911027789,
              25.48435489972098
            ],
            [
              87.09571603956564,
              25.485135875726552
            ],
            [
              87.09623799757667,
              25.485907731317404
            ],
            [
              87.09682954178452,
              25.486724782099742
            ],
            [
              87.09726208328875,
              25.4873928423743
            ],
            [
              87.09756033474288,
              25.487846515701122
            ],
            [
              87.09785858979026,
              25.488300189748113
            ],
            [
              87.09818672010904,
              25.48878319168278
            ],
            [
              87.09869872478669,
              25.489514498662555
            ],
            [
              87.09872359913689,
              25.489636393673386
            ],
            [
              87.09887760541088,
              25.49010578460187
            ],
            [
              87.09850784806018,
              25.49031536020347
            ],
            [
              87.09833109644318,
              25.490505480231725
            ],
            [
              87.09806600989103,
              25.490963050999376
            ],
            [
              87.0980234432213,
              25.491230563070125
            ],
            [
              87.09807432110404,
              25.491518602364778
            ],
            [
              87.09827705918558,
              25.491838867031397
            ],
            [
              87.09875304231866,
              25.492427515167506
            ],
            [
              87.09896243242487,
              25.49260247533325
            ],
            [
              87.09909243391782,
              25.492793020685248
            ],
            [
              87.09919051108226,
              25.493122115383535
            ],
            [
              87.09921997762018,
              25.493383076649373
            ],
            [
              87.09963266635667,
              25.493942324830023
            ],
            [
              87.09958567099255,
              25.494629577355056
            ],
            [
              87.09940360494237,
              25.495499515666843
            ],
            [
              87.09933390376113,
              25.495679993148045
            ],
            [
              87.09897181442967,
              25.49615966533413
            ],
            [
              87.09874197417605,
              25.49653747518915
            ],
            [
              87.09853794431713,
              25.496961682609985
            ],
            [
              87.09844839755466,
              25.49733632691796
            ],
            [
              87.09839349701608,
              25.497855345676854
            ],
            [
              87.09834858215018,
              25.498541330405413
            ],
            [
              87.09833289666702,
              25.50005086328769
            ],
            [
              87.09833823355811,
              25.500495711884003
            ],
            [
              87.09842749555463,
              25.501480696234193
            ],
            [
              87.09849192362512,
              25.50263619196095
            ],
            [
              87.09852155365645,
              25.503705921091694
            ],
            [
              87.09865067929204,
              25.504391969701896
            ],
            [
              87.09880971343668,
              25.5049019932573
            ],
            [
              87.09888178078033,
              25.505296937194448
            ],
            [
              87.09895385171725,
              25.505691882265097
            ],
            [
              87.09903328434793,
              25.506206473821255
            ],
            [
              87.09924201868398,
              25.506766131734416
            ],
            [
              87.09944587426975,
              25.50719945486359
            ],
            [
              87.09957504302442,
              25.507686922664806
            ],
            [
              87.09965453404561,
              25.50814733210269
            ],
            [
              87.09960475300582,
              25.508598708041696
            ],
            [
              87.09953495839984,
              25.50903646338767
            ],
            [
              87.09944547631606,
              25.5092530740282
            ],
            [
              87.09933100130448,
              25.5095735516627
            ],
            [
              87.09923142664849,
              25.50986241284554
            ],
            [
              87.09894279255778,
              25.51041301482575
            ],
            [
              87.09866424475113,
              25.51076493934154
            ],
            [
              87.0985398298809,
              25.51110348414039
            ],
            [
              87.09835070936077,
              25.51141489126355
            ],
            [
              87.09830592025902,
              25.511649532248057
            ],
            [
              87.09831584394796,
              25.511983562055907
            ],
            [
              87.09835550187282,
              25.512290481165092
            ],
            [
              87.0984151221599,
              25.512791451104757
            ],
            [
              87.09838518580307,
              25.513057778748188
            ],
            [
              87.09826577005741,
              25.513427836082958
            ],
            [
              87.09811642244647,
              25.513703186368463
            ],
            [
              87.0980965058983,
              25.513933294243024
            ],
            [
              87.09812627516851,
              25.514195158014523
            ],
            [
              87.09829038120122,
              25.514565206168342
            ],
            [
              87.0984046891262,
              25.514763890222348
            ],
            [
              87.09849422061731,
              25.515088836341558
            ],
            [
              87.09849409575148,
              25.515300960982916
            ],
            [
              87.09845930489885,
              25.5154724731551
            ],
            [
              87.09835481466163,
              25.51559887931754
            ],
            [
              87.0980961339958,
              25.515801877014077
            ],
            [
              87.09766831673161,
              25.51593725807363
            ],
            [
              87.09774283108612,
              25.516338938266397
            ],
            [
              87.09789193884687,
              25.516830933159397
            ],
            [
              87.09807587878274,
              25.51726877279619
            ],
            [
              87.098384176995,
              25.517675040263395
            ],
            [
              87.09875217544439,
              25.518045210641766
            ],
            [
              87.09921966320982,
              25.518379289940103
            ],
            [
              87.0996473753711,
              25.51865017336932
            ],
            [
              87.10027901498334,
              25.51897073617054
            ],
            [
              87.10037846567185,
              25.519124210400626
            ],
            [
              87.10050270986214,
              25.5196568191612
            ],
            [
              87.10047278877668,
              25.520022404757956
            ],
            [
              87.1001841196517,
              25.520852832138402
            ],
            [
              87.09987059144788,
              25.521602011857937
            ],
            [
              87.09943269867945,
              25.522373737705557
            ],
            [
              87.09880077340297,
              25.523294370013815
            ],
            [
              87.09813908873774,
              25.523777189880366
            ],
            [
              87.09764661343434,
              25.523876395026026
            ],
            [
              87.09685571330202,
              25.523948437018873
            ],
            [
              87.09527982934179,
              25.524060001907827
            ],
            [
              87.09499278886246,
              25.52404546868698
            ],
            [
              87.09418943358867,
              25.52405628186392
            ],
            [
              87.09351785487891,
              25.52433141807678
            ],
            [
              87.09232751885547,
              25.524827041048958
            ],
            [
              87.09165721934667,
              25.525093770002847
            ],
            [
              87.09085625718484,
              25.52551788707932
            ],
            [
              87.09007525109703,
              25.52574783287396
            ],
            [
              87.08941356104192,
              25.525828969842248
            ],
            [
              87.08866247693791,
              25.52574751996992
            ],
            [
              87.088020866026,
              25.525657060668635
            ],
            [
              87.08739898032114,
              25.52572913482829
            ],
            [
              87.08694137043057,
              25.52588247233536
            ],
            [
              87.08652341038,
              25.52622994086356
            ],
            [
              87.08590130458785,
              25.52697901973037
            ],
            [
              87.08567764923492,
              25.52653205462496
            ],
            [
              87.08543405128272,
              25.525891125014322
            ],
            [
              87.08524007177522,
              25.525886543326042
            ],
            [
              87.08460833873819,
              25.525972155693065
            ],
            [
              87.08421524585131,
              25.52616608516641
            ],
            [
              87.08372252620617,
              25.526933231627062
            ],
            [
              87.08330442871338,
              25.527677850939636
            ],
            [
              87.08297122201493,
              25.52755134320221
            ],
            [
              87.08224502843085,
              25.527199112851424
            ],
            [
              87.08170293378444,
              25.526950717601974
            ],
            [
              87.08151902888282,
              25.526539936350865
            ],
            [
              87.08110119729133,
              25.52651271468483
            ],
            [
              87.08016111663474,
              25.526286748921514
            ],
            [
              87.07949970505733,
              25.525898439340448
            ],
            [
              87.07931574805345,
              25.525546350861813
            ],
            [
              87.07910227061271,
              25.524341173340428
            ],
            [
              87.07897319797776,
              25.523749837884225
            ],
            [
              87.07903815964752,
              25.523099972207195
            ],
            [
              87.07862031188637,
              25.52302759328492
            ],
            [
              87.07806329442644,
              25.522901013360336
            ],
            [
              87.07729734140788,
              25.52256223512912
            ],
            [
              87.07610881099818,
              25.521898397000353
            ],
            [
              87.07470639441426,
              25.52103138267029
            ],
            [
              87.07356525642403,
              25.52035214714976
            ],
            [
              87.07343801814888,
              25.520272472168312
            ],
            [
              87.07288136630328,
              25.520060353880897
            ],
            [
              87.07227952919891,
              25.519843469277006
            ],
            [
              87.07148880064477,
              25.519621979654854
            ],
            [
              87.07131943228111,
              25.52015449703275
            ],
            [
              87.07098581774753,
              25.520799794346143
            ],
            [
              87.07036859789221,
              25.521851236134562
            ],
            [
              87.06974638430225,
              25.522717554675896
            ],
            [
              87.06930838912594,
              25.523426019315956
            ],
            [
              87.06873081461903,
              25.524585801273183
            ],
            [
              87.06841727743206,
              25.524878985942344
            ],
            [
              87.06751159416599,
              25.525587301634562
            ],
            [
              87.06697429023498,
              25.52565473577346
            ],
            [
              87.06611851916271,
              25.526114773932143
            ],
            [
              87.06542186488012,
              25.526538795798757
            ],
            [
              87.06519774240324,
              25.52711187687129
            ],
            [
              87.06465548516177,
              25.527238091626863
            ],
            [
              87.06395903838995,
              25.52732355468572
            ],
            [
              87.06301887329172,
              25.52726896660175
            ],
            [
              87.06201903221081,
              25.52729106577679
            ],
            [
              87.06133734925073,
              25.527642818402725
            ],
            [
              87.0604367477542,
              25.528089296242655
            ],
            [
              87.06007401702561,
              25.52738958628476
            ],
            [
              87.05934766533802,
              25.52738924906634
            ],
            [
              87.05900476222442,
              25.526919715277156
            ],
            [
              87.05857716325083,
              25.526445607711054
            ],
            [
              87.05787072631476,
              25.526661896731774
            ],
            [
              87.05741807781952,
              25.526661712719644
            ],
            [
              87.05730513174053,
              25.526629080961257
            ],
            [
              87.05613490360646,
              25.52629096905413
            ],
            [
              87.05562254139932,
              25.526290712084858
            ],
            [
              87.05431922066934,
              25.526249480263967
            ],
            [
              87.05324967481398,
              25.52639788200354
            ],
            [
              87.05243866769062,
              25.526708913036686
            ],
            [
              87.052602094597,
              25.52785996533089
            ],
            [
              87.05278583600523,
              25.52834302703303
            ],
            [
              87.05301911141653,
              25.529205170272633
            ],
            [
              87.05324247841023,
              25.530162134871585
            ],
            [
              87.05355032297327,
              25.531055946392406
            ],
            [
              87.0540124972038,
              25.531841516313968
            ],
            [
              87.05416149626839,
              25.532288377336613
            ],
            [
              87.05389263409712,
              25.532671908098248
            ],
            [
              87.05356890821818,
              25.533235977817263
            ],
            [
              87.05337444901029,
              25.53397157762898
            ],
            [
              87.05392122567596,
              25.534734628612128
            ],
            [
              87.05426417101042,
              25.535294391000154
            ],
            [
              87.05407510169425,
              25.53539361499185
            ],
            [
              87.05362236336745,
              25.535488148963964
            ],
            [
              87.05291583480326,
              25.53563677595967
            ],
            [
              87.05228388796718,
              25.535857615936635
            ],
            [
              87.05208478626592,
              25.53601102398524
            ],
            [
              87.05190038998586,
              25.53657052508976
            ],
            [
              87.05162134091925,
              25.5373783053517
            ],
            [
              87.05139693906635,
              25.538199702245265
            ],
            [
              87.05138676834069,
              25.538623955357863
            ],
            [
              87.0514809010027,
              25.539255871805377
            ],
            [
              87.05163976985732,
              25.539738854380793
            ],
            [
              87.05217493400131,
              25.54068465091951
            ],
            [
              87.05218645130157,
              25.540705005791303
            ],
            [
              87.052559059905,
              25.541472458855676
            ],
            [
              87.05276279242155,
              25.54186981533311
            ],
            [
              87.05262336131302,
              25.542154053369153
            ],
            [
              87.05320455782713,
              25.543697955401576
            ],
            [
              87.0532480955757,
              25.54378679790742
            ],
            [
              87.05393987290465,
              25.545268980401275
            ],
            [
              87.05382505293998,
              25.546054217312008
            ],
            [
              87.0539292018174,
              25.546559793324498
            ],
            [
              87.05397347528614,
              25.547394818858823
            ],
            [
              87.05391846066154,
              25.547913818101804
            ],
            [
              87.05397256259783,
              25.5489158133843
            ],
            [
              87.05397154211165,
              25.550635474848534
            ],
            [
              87.05422007720468,
              25.551005721004813
            ],
            [
              87.05451850293197,
              25.551190913758838
            ],
            [
              87.05457318967152,
              25.551267652168196
            ],
            [
              87.05459287714929,
              25.551655771815973
            ],
            [
              87.05451802233328,
              25.55210713968306
            ],
            [
              87.05446281457087,
              25.55286083937248
            ],
            [
              87.05439768940774,
              25.553695815335185
            ],
            [
              87.0544520850931,
              25.554228408354785
            ],
            [
              87.05456842231231,
              25.554367794998022
            ],
            [
              87.05473750141847,
              25.55446300288144
            ],
            [
              87.05508351899118,
              25.55451407101134
            ],
            [
              87.05509319025353,
              25.554511725604236
            ],
            [
              87.05620789082495,
              25.55424147264304
            ],
            [
              87.05839721991964,
              25.554143205981838
            ],
            [
              87.05864110263784,
              25.553944695750406
            ],
            [
              87.06042726244311,
              25.553995118179436
            ],
            [
              87.06075563710364,
              25.554081075178022
            ],
            [
              87.06225830028337,
              25.553964327888096
            ],
            [
              87.0635271257064,
              25.55390621516275
            ],
            [
              87.0647510209922,
              25.553933802603286
            ],
            [
              87.06599995501995,
              25.553965953633817
            ],
            [
              87.06665667828987,
              25.55405648235068
            ],
            [
              87.06702474590953,
              25.55416945938329
            ],
            [
              87.06736786102556,
              25.554571241713568
            ],
            [
              87.06793434223701,
              25.556259485287754
            ],
            [
              87.06950144067373,
              25.556634724916748
            ],
            [
              87.07083972832612,
              25.55696471999175
            ],
            [
              87.07143673069764,
              25.55712291087469
            ],
            [
              87.07167547864566,
              25.557371229845522
            ],
            [
              87.07183929901413,
              25.558210835063186
            ],
            [
              87.0724310192918,
              25.559064020061758
            ],
            [
              87.07243568244643,
              25.559826840828016
            ],
            [
              87.07258476415603,
              25.560273664804576
            ],
            [
              87.07294789104164,
              25.560603298144553
            ],
            [
              87.07330109783159,
              25.56072080803134
            ],
            [
              87.07445554076949,
              25.560617420115634
            ],
            [
              87.07534640273171,
              25.560175343931373
            ],
            [
              87.07589866001892,
              25.560121418313194
            ],
            [
              87.0761225651035,
              25.56022076681686
            ],
            [
              87.07647566679054,
              25.56064059583385
            ],
            [
              87.07773948500422,
              25.560749375291973
            ],
            [
              87.07860525612222,
              25.560727122635615
            ],
            [
              87.07933674078335,
              25.560813085339827
            ],
            [
              87.07985418655667,
              25.560898946683004
            ],
            [
              87.08125740803105,
              25.56072786009581
            ],
            [
              87.08268054785025,
              25.560480108877137
            ],
            [
              87.08370044561651,
              25.560994898180702
            ],
            [
              87.08474524737738,
              25.561112513034452
            ],
            [
              87.08809409309472,
              25.56102770211468
            ],
            [
              87.08828791000715,
              25.561637038883624
            ],
            [
              87.08826259458415,
              25.562932344919943
            ],
            [
              87.08822231592342,
              25.56473770028534
            ],
            [
              87.08829656527492,
              25.56576234712162
            ],
            [
              87.08902782266229,
              25.566732846185392
            ],
            [
              87.09015696724518,
              25.567920222941247
            ],
            [
              87.09040067658849,
              25.568335526750626
            ],
            [
              87.09180889269587,
              25.568642710874474
            ],
            [
              87.09420737563987,
              25.568521400957497
            ],
            [
              87.09618290929018,
              25.568580457935592
            ],
            [
              87.09763599534769,
              25.568449884918724
            ],
            [
              87.09917857067546,
              25.56847267907041
            ],
            [
              87.09960645531329,
              25.56895123289233
            ],
            [
              87.09997438998232,
              25.570205978095178
            ],
            [
              87.10020297259454,
              25.57188505620036
            ],
            [
              87.10055618387607,
              25.57222807077833
            ],
            [
              87.10182505780816,
              25.57281050486283
            ],
            [
              87.10272066826495,
              25.573113125174206
            ],
            [
              87.10266576592971,
              25.57411502071763
            ],
            [
              87.10261083035685,
              25.575094432627083
            ],
            [
              87.10250612003237,
              25.576304084003972
            ],
            [
              87.10237666022351,
              25.576656096324523
            ],
            [
              87.10103294225524,
              25.576962764827535
            ],
            [
              87.10131626370934,
              25.578714058675867
            ],
            [
              87.10277436056947,
              25.578777452072863
            ],
            [
              87.10458083038502,
              25.578935641694677
            ],
            [
              87.10489933525554,
              25.579107191673682
            ],
            [
              87.10525263457195,
              25.579531555185792
            ],
            [
              87.10523254015735,
              25.580307856384735
            ],
            [
              87.10476470833716,
              25.58090359288967
            ],
            [
              87.10477947035223,
              25.58157602030358
            ],
            [
              87.105048108843,
              25.58221701433171
            ],
            [
              87.10501815541818,
              25.582668317267174
            ],
            [
              87.10476926189735,
              25.58318732168204
            ],
            [
              87.10397296199184,
              25.583259425256482
            ],
            [
              87.10211661501674,
              25.583385554956827
            ],
            [
              87.10234034403152,
              25.584477801374977
            ],
            [
              87.1022705188828,
              25.585375974365373
            ],
            [
              87.10201670079762,
              25.58563323799646
            ],
            [
              87.10119046543358,
              25.585930969400774
            ],
            [
              87.10080718484456,
              25.585976052754628
            ],
            [
              87.1006427841644,
              25.586752315392193
            ],
            [
              87.10058295726479,
              25.58741580162754
            ],
            [
              87.10074713426445,
              25.58767310786544
            ],
            [
              87.10143882266016,
              25.58804330029144
            ],
            [
              87.10179718667816,
              25.588350232912674
            ],
            [
              87.10224499055909,
              25.588937054398276
            ],
            [
              87.10266796320892,
              25.58928018863313
            ],
            [
              87.10297644108424,
              25.589826297933406
            ],
            [
              87.1032898543037,
              25.59045372724157
            ],
            [
              87.10367294894145,
              25.591433173968113
            ],
            [
              87.10394650391176,
              25.59235396120397
            ],
            [
              87.1041055614126,
              25.59365841473695
            ],
            [
              87.10446866224707,
              25.59454303682288
            ],
            [
              87.10455318563048,
              25.595057651304458
            ],
            [
              87.10482695080658,
              25.59542327263658
            ],
            [
              87.10525984624705,
              25.5956940759172
            ],
            [
              87.10612590931751,
              25.595658121860613
            ],
            [
              87.10672811293453,
              25.59623592773644
            ],
            [
              87.1070963269796,
              25.596691759205875
            ],
            [
              87.10733019527898,
              25.59718377911037
            ],
            [
              87.10765371544372,
              25.597382459080794
            ],
            [
              87.10922666999778,
              25.596637896214602
            ],
            [
              87.11053569502981,
              25.596633506807102
            ],
            [
              87.1121035193053,
              25.59681867598578
            ],
            [
              87.11378581230417,
              25.597017473224312
            ],
            [
              87.11389022977785,
              25.597545544936917
            ],
            [
              87.11391512119606,
              25.597820829993836
            ],
            [
              87.11340740058398,
              25.598014832758427
            ],
            [
              87.11334263564528,
              25.59853388564127
            ],
            [
              87.11348694280913,
              25.599143242947253
            ],
            [
              87.11392001611604,
              25.59924705288656
            ],
            [
              87.1146714748175,
              25.599770722221617
            ],
            [
              87.11493531091477,
              25.600154381249403
            ],
            [
              87.1152885707053,
              25.601648303071006
            ],
            [
              87.11580112784684,
              25.60342212679484
            ],
            [
              87.11594040893671,
              25.604424049673007
            ],
            [
              87.1161543876374,
              25.6045821251856
            ],
            [
              87.11655761711391,
              25.604564011372858
            ],
            [
              87.11740376004298,
              25.605119260863475
            ],
            [
              87.11795628682478,
              25.605651848704035
            ],
            [
              87.11809560384722,
              25.606437234029347
            ],
            [
              87.11792628668753,
              25.60762873870691
            ],
            [
              87.11752793506302,
              25.60886990176165
            ],
            [
              87.11729891227628,
              25.6096687608094
            ],
            [
              87.11728897780755,
              25.61038183814842
            ],
            [
              87.11733867440567,
              25.611243937725643
            ],
            [
              87.11730381168782,
              25.612209793317078
            ],
            [
              87.11762727615701,
              25.612322673342305
            ],
            [
              87.11906099184206,
              25.612435514378735
            ],
            [
              87.12016603732081,
              25.612584514088052
            ],
            [
              87.12021587944604,
              25.612796641917374
            ],
            [
              87.12035520006178,
              25.613816706374493
            ],
            [
              87.12047956911793,
              25.61527005821808
            ],
            [
              87.1213407893707,
              25.615301603074595
            ],
            [
              87.12286906441746,
              25.615197871877662
            ],
            [
              87.12432763468978,
              25.61494510593885
            ],
            [
              87.12475575827946,
              25.615224921104765
            ],
            [
              87.12504449298147,
              25.616506809947985
            ],
            [
              87.1253530777563,
              25.616736915613494
            ],
            [
              87.12642840427051,
              25.616416487227394
            ],
            [
              87.12698096878155,
              25.616944525908213
            ],
            [
              87.12760317069342,
              25.616768541084443
            ],
            [
              87.12815081513166,
              25.616727921189685
            ],
            [
              87.12847940179459,
              25.61678655017568
            ],
            [
              87.12873320371014,
              25.61694001493396
            ],
            [
              87.12893244824352,
              25.617743369055916
            ],
            [
              87.12877807994848,
              25.618880751724767
            ],
            [
              87.129808597598,
              25.61902969884803
            ],
            [
              87.13024167629482,
              25.618722793132125
            ],
            [
              87.13033130300732,
              25.61850610820661
            ],
            [
              87.1302565766504,
              25.61762148116395
            ],
            [
              87.13014199473929,
              25.6161907202233
            ],
            [
              87.13072438331777,
              25.615333137392486
            ],
            [
              87.13155079205666,
              25.615274450181495
            ],
            [
              87.13249659498165,
              25.615626479052235
            ],
            [
              87.13303926634644,
              25.615924322094436
            ],
            [
              87.13312390561254,
              25.616840557992766
            ],
            [
              87.13387569669067,
              25.617359513752067
            ],
            [
              87.13382094437411,
              25.6181854982632
            ],
            [
              87.13362193519933,
              25.61962531862492
            ],
            [
              87.1331441275879,
              25.62034293569174
            ],
            [
              87.13268111073762,
              25.620428704102153
            ],
            [
              87.13220324743068,
              25.62065437723991
            ],
            [
              87.1320787822548,
              25.62082594919149
            ],
            [
              87.13203898598938,
              25.62205804515709
            ],
            [
              87.13107819916546,
              25.62243728793173
            ],
            [
              87.13052061217367,
              25.62273516988505
            ],
            [
              87.12987848383214,
              25.62310981472162
            ],
            [
              87.12985856369075,
              25.623344492110753
            ],
            [
              87.1304559622193,
              25.62417940805042
            ],
            [
              87.1307796279111,
              25.6245133898016
            ],
            [
              87.1320241646855,
              25.624224501282757
            ],
            [
              87.1334231649764,
              25.623840786676748
            ],
            [
              87.13403546835215,
              25.62381818693735
            ],
            [
              87.13419474594023,
              25.624034863848543
            ],
            [
              87.13488186640272,
              25.625145105629596
            ],
            [
              87.1352503328744,
              25.62530757367913
            ],
            [
              87.13583778166287,
              25.625447447746243
            ],
            [
              87.13617637286313,
              25.62533007189197
            ],
            [
              87.13652975841782,
              25.624928314097886
            ],
            [
              87.13675876233992,
              25.62447247123326
            ]
          ]
        ]
      }
    }
  ]
}