{
  "type": "FeatureCollection",
  "features": [
    {
      "type": "Feature",
      "properties": {
        "object_id": "10-210-01125",
        "stname": "BIHAR",
        "dtname": "Kishanganj",
        "sdtname": "Bahadurganj",
        "st_area_sh": 0.0,
        "st_length_": 0.0,
        "remarks": "",
        "dist_lgd": 203,
        "state_lgd": 10,
        "subdt_lgd": 1125,
        "ac_no": null,
        "st_length(shape)": 155296.13881782343,
        "st_area(shape)": 347494200.8377232
      },
      "geometry": {
        "type": "Polygon",
        "coordinates": [
          [
            [
              87.88117222407496,
              26.347910866847243
            ],
            [
              87.88112770087452,
              26.34749222716411
            ],
            [
              87.88079082006655,
              26.346551292617864
            ],
            [
              87.88069262073127,
              26.34619680461852
            ],
            [
              87.88053677021601,
              26.34573063017502
            ],
            [
              87.88024191798694,
              26.34532111707825
            ],
            [
              87.8799455934191,
              26.344622983282846
            ],
            [
              87.87966487707935,
              26.344172684746
            ],
            [
              87.87865271111272,
              26.34283819398151
            ],
            [
              87.87831298444195,
              26.34221299096879
            ],
            [
              87.87802668866595,
              26.34151471363896
            ],
            [
              87.87780680893218,
              26.340878306129028
            ],
            [
              87.87748862206527,
              26.33987387019138
            ],
            [
              87.87737539930518,
              26.33929868368705
            ],
            [
              87.87742267943521,
              26.33895048833322
            ],
            [
              87.87724683421835,
              26.338484671929454
            ],
            [
              87.87708372441728,
              26.337919371145986
            ],
            [
              87.87696727041711,
              26.337199905065066
            ],
            [
              87.8764627217563,
              26.336374820041566
            ],
            [
              87.87526492432615,
              26.336130668026005
            ],
            [
              87.87467357235776,
              26.335897945187398
            ],
            [
              87.87466384629818,
              26.335469625223652
            ],
            [
              87.87463155725361,
              26.335145523347716
            ],
            [
              87.87480791990006,
              26.333861439975593
            ],
            [
              87.87555688218336,
              26.33375302461302
            ],
            [
              87.87622515239795,
              26.333840006006753
            ],
            [
              87.87685627458059,
              26.333837475601797
            ],
            [
              87.87737519359098,
              26.333746825397885
            ],
            [
              87.87814174129427,
              26.33352982528667
            ],
            [
              87.87867614456525,
              26.333235913125563
            ],
            [
              87.8792629753128,
              26.332602752149786
            ],
            [
              87.87977718086287,
              26.33230469618554
            ],
            [
              87.87978067710598,
              26.331794919189377
            ],
            [
              87.87986934172284,
              26.331283701216798
            ],
            [
              87.88013301073345,
              26.330981238698342
            ],
            [
              87.88076793817964,
              26.330482440872153
            ],
            [
              87.88138602490918,
              26.33034937209514
            ],
            [
              87.88218155855176,
              26.3289772827796
            ],
            [
              87.8822450838154,
              26.327803428794162
            ],
            [
              87.88189872578118,
              26.327548234779254
            ],
            [
              87.881012109257,
              26.326883473138164
            ],
            [
              87.88071458813323,
              26.32369586788174
            ],
            [
              87.88253505459922,
              26.32268373277483
            ],
            [
              87.88303854863788,
              26.322358842270187
            ],
            [
              87.88364628318209,
              26.3222078603291
            ],
            [
              87.8850703231132,
              26.321608957318414
            ],
            [
              87.8874379983345,
              26.320658949693797
            ],
            [
              87.8887681220976,
              26.32056229537833
            ],
            [
              87.89078700574859,
              26.320353819217374
            ],
            [
              87.89212555570907,
              26.319963859725075
            ],
            [
              87.89302481512254,
              26.31964058405064
            ],
            [
              87.89375271999727,
              26.31927087438696
            ],
            [
              87.89397325190795,
              26.317512391603994
            ],
            [
              87.89397887266668,
              26.316659902623584
            ],
            [
              87.89410175321437,
              26.316116447065284
            ],
            [
              87.89427008132897,
              26.315143713700962
            ],
            [
              87.89425549089209,
              26.314503569918124
            ],
            [
              87.89429098243065,
              26.314083455822676
            ],
            [
              87.8948623199345,
              26.31387899415683
            ],
            [
              87.89587100313275,
              26.31330116295828
            ],
            [
              87.89707498276871,
              26.31316622320197
            ],
            [
              87.89886160340976,
              26.313543661652893
            ],
            [
              87.90066409189197,
              26.31373585136996
            ],
            [
              87.90184902814222,
              26.313646332081213
            ],
            [
              87.90390243584622,
              26.31386097872169
            ],
            [
              87.90511993602549,
              26.314095526213826
            ],
            [
              87.90591852663499,
              26.314193467849442
            ],
            [
              87.9068140679215,
              26.314370881368152
            ],
            [
              87.9077191520113,
              26.314304513684576
            ],
            [
              87.90816759369606,
              26.314201478265673
            ],
            [
              87.9084550195527,
              26.313848839056245
            ],
            [
              87.90858741595422,
              26.313724680385608
            ],
            [
              87.90876672237985,
              26.31368068571634
            ],
            [
              87.90915314527575,
              26.31371417935332
            ],
            [
              87.90996832237863,
              26.31365843070104
            ],
            [
              87.9103306237125,
              26.313732939650937
            ],
            [
              87.91085270389436,
              26.313786364368802
            ],
            [
              87.91130277961466,
              26.31375545876798
            ],
            [
              87.91160052980884,
              26.313853684937705
            ],
            [
              87.91228053471598,
              26.313800534029625
            ],
            [
              87.9128931767566,
              26.313870276725414
            ],
            [
              87.91332314458755,
              26.313839830934054
            ],
            [
              87.91377233097573,
              26.312672371728723
            ],
            [
              87.91398680824136,
              26.31219932964994
            ],
            [
              87.91406014939612,
              26.31146287891015
            ],
            [
              87.91378242534454,
              26.3111432893001
            ],
            [
              87.91368520966452,
              26.310838410766394
            ],
            [
              87.91386075664072,
              26.310627768689567
            ],
            [
              87.91424354495295,
              26.310724352379047
            ],
            [
              87.91485142592256,
              26.310365778322705
            ],
            [
              87.91522118776486,
              26.309889930163624
            ],
            [
              87.91574316194554,
              26.3090638573643
            ],
            [
              87.91587275560337,
              26.308817955902416
            ],
            [
              87.91600416116313,
              26.308648608297432
            ],
            [
              87.91627720499206,
              26.30854430518862
            ],
            [
              87.91667944722008,
              26.30839254828973
            ],
            [
              87.91690236325951,
              26.30828921771649
            ],
            [
              87.91696822593954,
              26.308103109231325
            ],
            [
              87.91684568405668,
              26.30778063069743
            ],
            [
              87.91695198260255,
              26.307390818123537
            ],
            [
              87.91701004700758,
              26.307083041989436
            ],
            [
              87.91730071308743,
              26.306874667196244
            ],
            [
              87.91750215310336,
              26.30670406937146
            ],
            [
              87.91765543803018,
              26.306620021369664
            ],
            [
              87.91801493482374,
              26.306351775359474
            ],
            [
              87.91804691484785,
              26.305778443613985
            ],
            [
              87.9179938908899,
              26.30455719802607
            ],
            [
              87.91807647840386,
              26.304226437603944
            ],
            [
              87.91854125505375,
              26.303748799821136
            ],
            [
              87.91898570282879,
              26.303474401090874
            ],
            [
              87.91918821273823,
              26.30334888564133
            ],
            [
              87.91943902416217,
              26.303366752118887
            ],
            [
              87.92005580833458,
              26.30362141797802
            ],
            [
              87.92014493827875,
              26.304886987930914
            ],
            [
              87.92012004775884,
              26.305766912704303
            ],
            [
              87.92003078755896,
              26.30689606589174
            ],
            [
              87.91985518578554,
              26.30710229699613
            ],
            [
              87.91916926457392,
              26.307769037980925
            ],
            [
              87.91886532498745,
              26.308491762238567
            ],
            [
              87.9193945027584,
              26.309726629211305
            ],
            [
              87.91968629083402,
              26.310659304832804
            ],
            [
              87.9195371776834,
              26.31092812306919
            ],
            [
              87.9197741739166,
              26.311433368184403
            ],
            [
              87.9195332942664,
              26.31184824732755
            ],
            [
              87.9196183862834,
              26.312500667180846
            ],
            [
              87.91970593609099,
              26.31348220461641
            ],
            [
              87.92030475395768,
              26.313818296631464
            ],
            [
              87.92112672771403,
              26.314064581239204
            ],
            [
              87.92203015890368,
              26.313925989845636
            ],
            [
              87.92306996872652,
              26.313622486724515
            ],
            [
              87.92376568876125,
              26.31338406187614
            ],
            [
              87.92458175609458,
              26.313368818786692
            ],
            [
              87.92515118198351,
              26.313520573999824
            ],
            [
              87.92618978087732,
              26.31337943016738
            ],
            [
              87.9267940317549,
              26.313084096350096
            ],
            [
              87.92826848603805,
              26.312952873317144
            ],
            [
              87.92853142920993,
              26.312623178032158
            ],
            [
              87.9288344219721,
              26.31185985815662
            ],
            [
              87.92919241768081,
              26.311528467131534
            ],
            [
              87.92971061534402,
              26.311415101131576
            ],
            [
              87.93083875111887,
              26.31124966439176
            ],
            [
              87.93157780588288,
              26.311371226372618
            ],
            [
              87.93284069883181,
              26.31118520416748
            ],
            [
              87.93403351240877,
              26.310784126290056
            ],
            [
              87.93479443126851,
              26.310769879761345
            ],
            [
              87.93541063063766,
              26.310992828232816
            ],
            [
              87.93653752314414,
              26.31120631137191
            ],
            [
              87.93927705867225,
              26.311421092177646
            ],
            [
              87.94109740296737,
              26.311734247911932
            ],
            [
              87.94200344825451,
              26.312145655380153
            ],
            [
              87.94266885284333,
              26.312981083197712
            ],
            [
              87.9441307837131,
              26.31295361494086
            ],
            [
              87.945782666943,
              26.312913613958028
            ],
            [
              87.94633135342694,
              26.31238464161452
            ],
            [
              87.94694720155482,
              26.31237311216742
            ],
            [
              87.9478513927192,
              26.312274866221905
            ],
            [
              87.94963797563102,
              26.31199323967652
            ],
            [
              87.9513960406258,
              26.312429206886577
            ],
            [
              87.95311111135273,
              26.31273514898145
            ],
            [
              87.95542735892238,
              26.312619386158104
            ],
            [
              87.95728197574218,
              26.312462626803185
            ],
            [
              87.95809061670307,
              26.31234367172952
            ],
            [
              87.95798581564877,
              26.311714284253075
            ],
            [
              87.95837193042249,
              26.310872593715406
            ],
            [
              87.95825421608598,
              26.309688729648744
            ],
            [
              87.9582441603447,
              26.308182657110706
            ],
            [
              87.95830308174249,
              26.306837600970976
            ],
            [
              87.9582988210331,
              26.30665725677356
            ],
            [
              87.95804550241118,
              26.306531243080066
            ],
            [
              87.95781878380313,
              26.306472413987564
            ],
            [
              87.9570177686407,
              26.30648752672319
            ],
            [
              87.95656557559131,
              26.306423879601425
            ],
            [
              87.95599780709405,
              26.306344377221237
            ],
            [
              87.9549227949902,
              26.306206787225694
            ],
            [
              87.95370127035844,
              26.306229853788086
            ],
            [
              87.95318042176682,
              26.30665905174536
            ],
            [
              87.95273772840153,
              26.307655062736803
            ],
            [
              87.95263381667935,
              26.307923089917423
            ],
            [
              87.95089426506428,
              26.308068596914634
            ],
            [
              87.94996333015557,
              26.307883104108775
            ],
            [
              87.94943868977514,
              26.307717088166164
            ],
            [
              87.9488757721804,
              26.307416495154857
            ],
            [
              87.9486646932415,
              26.306951424016017
            ],
            [
              87.94857559024675,
              26.306565263827377
            ],
            [
              87.94836181636198,
              26.306203967925185
            ],
            [
              87.94775896595796,
              26.305908626288534
            ],
            [
              87.94660821329921,
              26.30552435183357
            ],
            [
              87.9458777239714,
              26.30512320121462
            ],
            [
              87.94495452176066,
              26.304833831299348
            ],
            [
              87.94444657477317,
              26.304527659772265
            ],
            [
              87.94344436932643,
              26.304068465389143
            ],
            [
              87.94242674339954,
              26.303591438179964
            ],
            [
              87.94145627633011,
              26.30277529664399
            ],
            [
              87.94101028704605,
              26.302549153000886
            ],
            [
              87.94089864532087,
              26.30205064022701
            ],
            [
              87.93971473943823,
              26.301748148887185
            ],
            [
              87.93913136720452,
              26.30142525403942
            ],
            [
              87.93826542630494,
              26.30101308130962
            ],
            [
              87.93647597866573,
              26.30007695615655
            ],
            [
              87.93554176760115,
              26.299738070063338
            ],
            [
              87.93542032705284,
              26.299469805710526
            ],
            [
              87.93536961266346,
              26.299222729851806
            ],
            [
              87.9354457799181,
              26.299049905290836
            ],
            [
              87.93575947341192,
              26.29897187161528
            ],
            [
              87.9367518135602,
              26.29879090070839
            ],
            [
              87.93742853063344,
              26.298818870824817
            ],
            [
              87.93818782623744,
              26.29873246230221
            ],
            [
              87.9389144303516,
              26.29853845260636
            ],
            [
              87.93978701429273,
              26.298152310294302
            ],
            [
              87.9417474203137,
              26.297384998848045
            ],
            [
              87.94256954229203,
              26.29677422875302
            ],
            [
              87.94297088800141,
              26.29658633403341
            ],
            [
              87.94356516937593,
              26.296300091738786
            ],
            [
              87.94418188527636,
              26.29611265932962
            ],
            [
              87.94488886928646,
              26.295937030716313
            ],
            [
              87.9453998274268,
              26.295940972126992
            ],
            [
              87.94676732559728,
              26.29595586234677
            ],
            [
              87.94732774767212,
              26.295719876822215
            ],
            [
              87.94822680226973,
              26.29432293286694
            ],
            [
              87.94859612303922,
              26.29404987209417
            ],
            [
              87.94862142768245,
              26.293629971374653
            ],
            [
              87.94779356636776,
              26.293564326313486
            ],
            [
              87.94590290464714,
              26.293658521798182
            ],
            [
              87.94538980671979,
              26.2935598943504
            ],
            [
              87.94468495531022,
              26.293397231603354
            ],
            [
              87.94389386742998,
              26.293403024653546
            ],
            [
              87.94328690004701,
              26.293793278897056
            ],
            [
              87.94270879822906,
              26.29412881270553
            ],
            [
              87.94142066262069,
              26.29429732461292
            ],
            [
              87.94088544817102,
              26.2943253731286
            ],
            [
              87.94010436213316,
              26.294331008280498
            ],
            [
              87.93964084312465,
              26.293992438815273
            ],
            [
              87.93858397968447,
              26.292898218801632
            ],
            [
              87.93753771636464,
              26.292263887809906
            ],
            [
              87.93674202012697,
              26.29163385732908
            ],
            [
              87.93668542267082,
              26.29113429008031
            ],
            [
              87.93708567782545,
              26.290901323012516
            ],
            [
              87.93750482994041,
              26.290834875847995
            ],
            [
              87.9382109758223,
              26.291056188257212
            ],
            [
              87.9387945771264,
              26.291608925005253
            ],
            [
              87.93930282594786,
              26.292149645236407
            ],
            [
              87.93966055216198,
              26.29245868036382
            ],
            [
              87.94038800159085,
              26.292517221799073
            ],
            [
              87.94096432204961,
              26.292321445168156
            ],
            [
              87.94170123073842,
              26.29170330973298
            ],
            [
              87.94197069567925,
              26.291229259906284
            ],
            [
              87.94205364970584,
              26.290267134928726
            ],
            [
              87.94275999681037,
              26.289843455276976
            ],
            [
              87.94332758115297,
              26.28948551410574
            ],
            [
              87.94403143812754,
              26.28939111307588
            ],
            [
              87.94451718594773,
              26.289391088913828
            ],
            [
              87.94477030065211,
              26.289508106392667
            ],
            [
              87.94517267583078,
              26.289369711954656
            ],
            [
              87.94544573762603,
              26.28926995732368
            ],
            [
              87.94550431856231,
              26.288984706945804
            ],
            [
              87.94492111970345,
              26.288237958950653
            ],
            [
              87.94472531212436,
              26.287998081278324
            ],
            [
              87.94424194034805,
              26.287880896361244
            ],
            [
              87.94390188399558,
              26.287684283939367
            ],
            [
              87.94362242080561,
              26.287076201170155
            ],
            [
              87.94373912004588,
              26.286708767641638
            ],
            [
              87.9442811203692,
              26.286112231148802
            ],
            [
              87.94531604156026,
              26.28474439903716
            ],
            [
              87.94545867785769,
              26.284200514354147
            ],
            [
              87.9458433993444,
              26.283295801090553
            ],
            [
              87.94596165985664,
              26.282995904298563
            ],
            [
              87.94594823992459,
              26.282414450088332
            ],
            [
              87.94612701095433,
              26.282135979252303
            ],
            [
              87.94679043116473,
              26.28180778226287
            ],
            [
              87.94718244427658,
              26.281656090244482
            ],
            [
              87.94747028784984,
              26.281326002295124
            ],
            [
              87.94756278827295,
              26.280995078145228
            ],
            [
              87.9472472711991,
              26.28056350331459
            ],
            [
              87.9467717111725,
              26.280135006978462
            ],
            [
              87.94656466297424,
              26.27984116396451
            ],
            [
              87.9466209909358,
              26.279461321002564
            ],
            [
              87.94754142364056,
              26.278993088214182
            ],
            [
              87.94879426533976,
              26.278387704151257
            ],
            [
              87.9493884478996,
              26.278101436275072
            ],
            [
              87.95014358430385,
              26.277410828961486
            ],
            [
              87.94999482868269,
              26.275961346847122
            ],
            [
              87.94997420965197,
              26.275501768701407
            ],
            [
              87.95005286074834,
              26.275008668622252
            ],
            [
              87.9502384032787,
              26.274585761303616
            ],
            [
              87.95091193492593,
              26.274266422859235
            ],
            [
              87.95214627222859,
              26.273733622818632
            ],
            [
              87.95270544025526,
              26.273231521671175
            ],
            [
              87.95310187218004,
              26.272836190361485
            ],
            [
              87.95327587495227,
              26.272566885083037
            ],
            [
              87.95346873605725,
              26.27203111292098
            ],
            [
              87.95332221634284,
              26.271542202937297
            ],
            [
              87.95266953100013,
              26.270819374059187
            ],
            [
              87.95247842969476,
              26.27034950017003
            ],
            [
              87.95258888294885,
              26.26928304164264
            ],
            [
              87.95259413809326,
              26.26842609216933
            ],
            [
              87.95216987815762,
              26.26675635831885
            ],
            [
              87.952295544381,
              26.266343587115447
            ],
            [
              87.95348793844477,
              26.264868977167062
            ],
            [
              87.95435425663678,
              26.26401384632865
            ],
            [
              87.95454360263405,
              26.263541262311577
            ],
            [
              87.95424342519198,
              26.262257018002327
            ],
            [
              87.95401423981016,
              26.26165706577296
            ],
            [
              87.95326684239208,
              26.260944959091848
            ],
            [
              87.95267502329975,
              26.25981965487496
            ],
            [
              87.95352785418609,
              26.258382967840316
            ],
            [
              87.95393465716083,
              26.25800552388196
            ],
            [
              87.95419874298972,
              26.25773438766745
            ],
            [
              87.95409167728259,
              26.2570058672812
            ],
            [
              87.95399787070906,
              26.256412280598532
            ],
            [
              87.95293835634045,
              26.255624959879633
            ],
            [
              87.95349056601698,
              26.254396866828262
            ],
            [
              87.95413463921105,
              26.253239264229016
            ],
            [
              87.95435591133352,
              26.252418832840245
            ],
            [
              87.9545192439168,
              26.251689611221227
            ],
            [
              87.9543545458943,
              26.250416416167493
            ],
            [
              87.9534107408225,
              26.25000027234233
            ],
            [
              87.95279960884989,
              26.24973080614002
            ],
            [
              87.9512498802375,
              26.24894375918746
            ],
            [
              87.9494664602938,
              26.24730268975762
            ],
            [
              87.94861099824202,
              26.246101427222225
            ],
            [
              87.94861240230878,
              26.24420702299203
            ],
            [
              87.94953484184985,
              26.242644628635247
            ],
            [
              87.95028458476915,
              26.241199274617227
            ],
            [
              87.95032989399546,
              26.24000620867235
            ],
            [
              87.95012575903364,
              26.23866351834434
            ],
            [
              87.95065295961263,
              26.237500074357666
            ],
            [
              87.9504624449072,
              26.236373189362716
            ],
            [
              87.95088930366894,
              26.234565344808527
            ],
            [
              87.95211409277847,
              26.23304159396211
            ],
            [
              87.95312268075529,
              26.230604518042853
            ],
            [
              87.9519127641536,
              26.229237434185116
            ],
            [
              87.95148348443216,
              26.22875241187508
            ],
            [
              87.95018172587248,
              26.226758263083926
            ],
            [
              87.94889938799093,
              26.225075247957975
            ],
            [
              87.94754425243538,
              26.22333346296067
            ],
            [
              87.94718639506722,
              26.222040502038258
            ],
            [
              87.94697429923535,
              26.220864951057475
            ],
            [
              87.94733773963301,
              26.22003468665709
            ],
            [
              87.94742755139848,
              26.21981158118672
            ],
            [
              87.94626825396476,
              26.22076003879393
            ],
            [
              87.94596511657383,
              26.22085507584739
            ],
            [
              87.944725245649,
              26.220798712831908
            ],
            [
              87.9427519119728,
              26.221018658183716
            ],
            [
              87.94143886787822,
              26.221204977223223
            ],
            [
              87.9412578609417,
              26.221134588937378
            ],
            [
              87.9410681529234,
              26.22092515968121
            ],
            [
              87.94087844939662,
              26.220715729242162
            ],
            [
              87.94080704590797,
              26.22028128795286
            ],
            [
              87.94049584703565,
              26.219540371181154
            ],
            [
              87.93983307630724,
              26.219534294803605
            ],
            [
              87.93930246392681,
              26.21952149169773
            ],
            [
              87.93886478585576,
              26.219583560194142
            ],
            [
              87.93825106314183,
              26.219654582038004
            ],
            [
              87.93810907542806,
              26.219502513087253
            ],
            [
              87.9379961796547,
              26.219109979928216
            ],
            [
              87.93794653156557,
              26.21831595534821
            ],
            [
              87.93837923925815,
              26.218174449126558
            ],
            [
              87.93867244667194,
              26.217920641871316
            ],
            [
              87.93878960584962,
              26.21767569814051
            ],
            [
              87.93875981322321,
              26.217199245127734
            ],
            [
              87.93855150468862,
              26.216692167377317
            ],
            [
              87.93839958609935,
              26.216381218868214
            ],
            [
              87.9381106528697,
              26.215997640123277
            ],
            [
              87.93803936526369,
              26.215563190081284
            ],
            [
              87.93810250874331,
              26.215161701995086
            ],
            [
              87.93838587690982,
              26.21474900864124
            ],
            [
              87.93875462904573,
              26.214292171069165
            ],
            [
              87.93893750807126,
              26.21368540374641
            ],
            [
              87.93899816860747,
              26.213244239740764
            ],
            [
              87.93864361793786,
              26.21322247884421
            ],
            [
              87.9383571712449,
              26.21287857538435
            ],
            [
              87.93801930229013,
              26.21241788535398
            ],
            [
              87.93753021812694,
              26.21236307290057
            ],
            [
              87.93683838600079,
              26.212597357253166
            ],
            [
              87.93653030158757,
              26.21261302702078
            ],
            [
              87.93608520612722,
              26.212556066039348
            ],
            [
              87.9350288978459,
              26.212609786361813
            ],
            [
              87.93485286488114,
              26.21261873786597
            ],
            [
              87.93452798736199,
              26.213073335879532
            ],
            [
              87.93422057219367,
              26.213805829199284
            ],
            [
              87.93425531363894,
              26.21436172291853
            ],
            [
              87.9341264125822,
              26.21512493691059
            ],
            [
              87.93378664458893,
              26.21534139773652
            ],
            [
              87.93360812239253,
              26.215310582778653
            ],
            [
              87.93312151218964,
              26.21529552184008
            ],
            [
              87.93275703603446,
              26.21511495886192
            ],
            [
              87.9325536035552,
              26.21468713259819
            ],
            [
              87.93227472067694,
              26.214462418732733
            ],
            [
              87.93223311520458,
              26.214504333858514
            ],
            [
              87.9317347640209,
              26.215007542264857
            ],
            [
              87.93140491073342,
              26.215382783865845
            ],
            [
              87.93101132916306,
              26.215442589145976
            ],
            [
              87.93069083901575,
              26.21525978595165
            ],
            [
              87.93009631689274,
              26.214931525731316
            ],
            [
              87.92974662431222,
              26.214989189115684
            ],
            [
              87.92949501338762,
              26.21520106695189
            ],
            [
              87.92855640506976,
              26.215726729085674
            ],
            [
              87.9284100587302,
              26.2160017986195
            ],
            [
              87.92823407427449,
              26.21666421535362
            ],
            [
              87.92799957086619,
              26.21697020599476
            ],
            [
              87.92768881127004,
              26.217214750677606
            ],
            [
              87.92714714601836,
              26.217242268188166
            ],
            [
              87.92671381399666,
              26.21726428138601
            ],
            [
              87.92607795140425,
              26.217525336722087
            ],
            [
              87.92583947205252,
              26.21776611508333
            ],
            [
              87.92574333794406,
              26.217967047818558
            ],
            [
              87.92523771310155,
              26.217992727707568
            ],
            [
              87.92502511600978,
              26.21806893807388
            ],
            [
              87.92485475680435,
              26.218240933838224
            ],
            [
              87.92483487618883,
              26.218503314288387
            ],
            [
              87.92485825933565,
              26.218877920856663
            ],
            [
              87.92488164427915,
              26.219252527024672
            ],
            [
              87.92457697436231,
              26.21959477972874
            ],
            [
              87.92400727987712,
              26.219754348922635
            ],
            [
              87.92363393016358,
              26.219577257365046
            ],
            [
              87.92311823790169,
              26.219440097210583
            ],
            [
              87.92230951699075,
              26.219252401306203
            ],
            [
              87.92155886497638,
              26.218833089176897
            ],
            [
              87.92148613826932,
              26.21824863013141
            ],
            [
              87.92127255931894,
              26.217148488614484
            ],
            [
              87.9210245308757,
              26.21549455688565
            ],
            [
              87.92041774944401,
              26.214479784712204
            ],
            [
              87.92009072135811,
              26.214463678386895
            ],
            [
              87.91942448403098,
              26.214236123213727
            ],
            [
              87.91820846517359,
              26.213905731658773
            ],
            [
              87.91796987712574,
              26.21414650300344
            ],
            [
              87.91799681041458,
              26.215158094715346
            ],
            [
              87.91813646340694,
              26.21681752991293
            ],
            [
              87.91771937921378,
              26.21710006194323
            ],
            [
              87.91717974595126,
              26.21716014760053
            ],
            [
              87.91683890716618,
              26.21750413027923
            ],
            [
              87.91688968892916,
              26.218318459261088
            ],
            [
              87.91672947888982,
              26.218653368204084
            ],
            [
              87.91644265310781,
              26.218700624880377
            ],
            [
              87.91569598332511,
              26.21834640282845
            ],
            [
              87.91520009801694,
              26.21794675131352
            ],
            [
              87.91510963317624,
              26.217657264822343
            ],
            [
              87.91507307982901,
              26.217070968859257
            ],
            [
              87.91518506471064,
              26.216542458277953
            ],
            [
              87.9151667875879,
              26.216249310274737
            ],
            [
              87.91492778272172,
              26.21590194631423
            ],
            [
              87.91459253235597,
              26.215755607327267
            ],
            [
              87.91395268843024,
              26.21595140263177
            ],
            [
              87.91338513822362,
              26.216143621788095
            ],
            [
              87.91293393332104,
              26.216460578968498
            ],
            [
              87.91275584141765,
              26.217090465255847
            ],
            [
              87.91248312188056,
              26.217365662927577
            ],
            [
              87.91176093118933,
              26.217402279824302
            ],
            [
              87.91083414559893,
              26.21764531737434
            ],
            [
              87.91025633124188,
              26.21767460937162
            ],
            [
              87.9092615108451,
              26.217986403033084
            ],
            [
              87.90852133498359,
              26.218318083714458
            ],
            [
              87.90807581641673,
              26.21814452059786
            ],
            [
              87.90791115163192,
              26.21782617783155
            ],
            [
              87.907882745106,
              26.21737010827556
            ],
            [
              87.90818948743615,
              26.21706048890003
            ],
            [
              87.90875299342738,
              26.216803175141834
            ],
            [
              87.90865457220822,
              26.21667742575615
            ],
            [
              87.90855624082057,
              26.216551777778765
            ],
            [
              87.90855421062803,
              26.21651917483487
            ],
            [
              87.90805024407557,
              26.21598927316394
            ],
            [
              87.9073478738128,
              26.215763497203675
            ],
            [
              87.90644516756356,
              26.215809239134295
            ],
            [
              87.90601183913512,
              26.215831193771727
            ],
            [
              87.9051856352121,
              26.216526519060796
            ],
            [
              87.90439578700699,
              26.21734326533423
            ],
            [
              87.90350474089014,
              26.217999762376337
            ],
            [
              87.9019049240141,
              26.218157156229086
            ],
            [
              87.90072260635294,
              26.21821702213712
            ],
            [
              87.89796416038978,
              26.218815179871015
            ],
            [
              87.89584335927654,
              26.218769663965677
            ],
            [
              87.89455757635587,
              26.21852903838316
            ],
            [
              87.89353943569432,
              26.218504169340633
            ],
            [
              87.89214630230055,
              26.219262366911728
            ],
            [
              87.89132548287935,
              26.21968593095279
            ],
            [
              87.8910302560528,
              26.220388594110972
            ],
            [
              87.89015261459664,
              26.21989807826597
            ],
            [
              87.88902628174057,
              26.21949650520799
            ],
            [
              87.88831825927802,
              26.220372868978856
            ],
            [
              87.88792440192489,
              26.220851203610778
            ],
            [
              87.887863659642,
              26.221236419201595
            ],
            [
              87.88799066884674,
              26.221917730358726
            ],
            [
              87.88812251008942,
              26.22267516992905
            ],
            [
              87.88871438308068,
              26.22402071226582
            ],
            [
              87.88878538412409,
              26.225163277872934
            ],
            [
              87.88834497517462,
              26.226255413333714
            ],
            [
              87.8874490476125,
              26.22683558620682
            ],
            [
              87.88676859444602,
              26.226793510327482
            ],
            [
              87.88635815419272,
              26.227005323150443
            ],
            [
              87.88594770765118,
              26.227217043722753
            ],
            [
              87.88544565091699,
              26.227318878332156
            ],
            [
              87.8838456948021,
              26.227476086322465
            ],
            [
              87.88282748676693,
              26.227451146667914
            ],
            [
              87.88147140977696,
              26.22744317377778
            ],
            [
              87.87972546575031,
              26.226614402001392
            ],
            [
              87.87860856161147,
              26.226365116990713
            ],
            [
              87.8773370187847,
              26.22635293190887
            ],
            [
              87.8767410881033,
              26.226306546229498
            ],
            [
              87.8759620574108,
              26.22604027988774
            ],
            [
              87.87557693707208,
              26.2252955260965
            ],
            [
              87.8754918746995,
              26.22392436667216
            ],
            [
              87.87528042475635,
              26.22324740198838
            ],
            [
              87.87443589879484,
              26.223290019882356
            ],
            [
              87.87384471121815,
              26.223319850384215
            ],
            [
              87.87341289555262,
              26.223188798228637
            ],
            [
              87.87270895144151,
              26.222765798151865
            ],
            [
              87.8726664350774,
              26.222080216026168
            ],
            [
              87.87265636765801,
              26.220552430955
            ],
            [
              87.87261385398888,
              26.219866847873224
            ],
            [
              87.87260441179691,
              26.21971457772881
            ],
            [
              87.87353342610758,
              26.219667708289013
            ],
            [
              87.8741056978593,
              26.21933315363267
            ],
            [
              87.874945571446,
              26.219214307799323
            ],
            [
              87.87484688702047,
              26.21899007492818
            ],
            [
              87.8745415837914,
              26.21816491377583
            ],
            [
              87.87427817080061,
              26.216649907306117
            ],
            [
              87.87444236396995,
              26.2165652476959
            ],
            [
              87.874859883846,
              26.21646780472979
            ],
            [
              87.87475657489337,
              26.216167339691264
            ],
            [
              87.87463426387757,
              26.21556215528879
            ],
            [
              87.87409917609035,
              26.2151307306419
            ],
            [
              87.87433842080674,
              26.21488935286573
            ],
            [
              87.87543148904781,
              26.214757817333215
            ],
            [
              87.87619155181308,
              26.214719454789698
            ],
            [
              87.87658080709706,
              26.21416491511789
            ],
            [
              87.87749549956709,
              26.213889526931176
            ],
            [
              87.87791310208817,
              26.21379197937188
            ],
            [
              87.87868261423189,
              26.213905966988754
            ],
            [
              87.87946148143101,
              26.21417231913069
            ],
            [
              87.87948925823792,
              26.213253968917755
            ],
            [
              87.87878051442821,
              26.212754771308457
            ],
            [
              87.87752328625548,
              26.212971085834134
            ],
            [
              87.87673488074469,
              26.212552458678832
            ],
            [
              87.87643430534891,
              26.21180343088222
            ],
            [
              87.87548645336679,
              26.21154568560394
            ],
            [
              87.8743885890204,
              26.21160109322646
            ],
            [
              87.87393329588492,
              26.211089174759213
            ],
            [
              87.87362328997533,
              26.210187779174206
            ],
            [
              87.87341186608332,
              26.209510712803667
            ],
            [
              87.87289097706754,
              26.20930778200782
            ],
            [
              87.87221072871691,
              26.20926572880372
            ],
            [
              87.87153982104869,
              26.209375948979833
            ],
            [
              87.87128178986478,
              26.20931259195591
            ],
            [
              87.87056366315191,
              26.208661083966334
            ],
            [
              87.87019289878975,
              26.2081448906275
            ],
            [
              87.86926396712413,
              26.208191742141533
            ],
            [
              87.86823636630432,
              26.20801425821306
            ],
            [
              87.8672603386633,
              26.207299364687287
            ],
            [
              87.86653335456172,
              26.207870912338475
            ],
            [
              87.86577804568095,
              26.207985364349074
            ],
            [
              87.8654260785661,
              26.207773891672844
            ],
            [
              87.86482552335762,
              26.207651324969422
            ],
            [
              87.86470337583519,
              26.20704621395362
            ],
            [
              87.86376501365571,
              26.206940668631958
            ],
            [
              87.86317861499782,
              26.207046595178433
            ],
            [
              87.86303801697774,
              26.207512200313065
            ],
            [
              87.86270964141887,
              26.207681586643602
            ],
            [
              87.86237654521321,
              26.207774745191994
            ],
            [
              87.86219348832125,
              26.20755475465721
            ],
            [
              87.86162555633065,
              26.206589960298622
            ],
            [
              87.86090277903958,
              26.205862268730442
            ],
            [
              87.86013804683147,
              26.2058243280065
            ],
            [
              87.85954693471325,
              26.20585410495547
            ],
            [
              87.85884313702748,
              26.205431128101566
            ],
            [
              87.85852843831884,
              26.204453566185947
            ],
            [
              87.85843881340297,
              26.20442288778163
            ],
            [
              87.8569708198033,
              26.203920742658863
            ],
            [
              87.85584944295267,
              26.203595061078587
            ],
            [
              87.85508901187814,
              26.202257881016454
            ],
            [
              87.85448240561792,
              26.201825568805344
            ],
            [
              87.85388322662848,
              26.201822011890812
            ],
            [
              87.85328195725934,
              26.20178465581839
            ],
            [
              87.85259555634738,
              26.20158280289138
            ],
            [
              87.8517662559316,
              26.20148947979789
            ],
            [
              87.85045372028343,
              26.201454185394503
            ],
            [
              87.84991251496916,
              26.20117748638011
            ],
            [
              87.8497962621916,
              26.20050785631073
            ],
            [
              87.84964056798322,
              26.199806490104756
            ],
            [
              87.84920303543925,
              26.19938951389936
            ],
            [
              87.84801697898982,
              26.198976285843052
            ],
            [
              87.84676453614263,
              26.19870163228642
            ],
            [
              87.84648892582692,
              26.199086951015907
            ],
            [
              87.84561594123718,
              26.198894452210208
            ],
            [
              87.84443822384858,
              26.198615930320287
            ],
            [
              87.84369397233063,
              26.198687157600666
            ],
            [
              87.84317358277809,
              26.19874703674755
            ],
            [
              87.84277333481,
              26.198328169020304
            ],
            [
              87.84249945914112,
              26.19753139835216
            ],
            [
              87.84200587711332,
              26.196813199357518
            ],
            [
              87.84164091766452,
              26.196358744192366
            ],
            [
              87.8409069114324,
              26.195990363610036
            ],
            [
              87.84046109911647,
              26.195438629249313
            ],
            [
              87.83956128184917,
              26.19541631610242
            ],
            [
              87.83865522757888,
              26.195292969832835
            ],
            [
              87.83740713886586,
              26.195693410874593
            ],
            [
              87.836739494777,
              26.195794476693727
            ],
            [
              87.83594334399186,
              26.19563178505686
            ],
            [
              87.83536898814866,
              26.195424232345086
            ],
            [
              87.83490466963951,
              26.19578528933527
            ],
            [
              87.8335943797796,
              26.195783553103393
            ],
            [
              87.83279267560934,
              26.195585379071215
            ],
            [
              87.83253811641401,
              26.196362169888292
            ],
            [
              87.83188818530596,
              26.196613137709516
            ],
            [
              87.83125502574424,
              26.197136048941324
            ],
            [
              87.83106072643649,
              26.197909905118923
            ],
            [
              87.8312417576275,
              26.19888307834064
            ],
            [
              87.83125853636038,
              26.19915511591253
            ],
            [
              87.83101066961393,
              26.20004073605452
            ],
            [
              87.83120848672432,
              26.201286036903483
            ],
            [
              87.8309940426963,
              26.201733388021058
            ],
            [
              87.83009954255722,
              26.201941990999668
            ],
            [
              87.82962042340549,
              26.202020572670875
            ],
            [
              87.8295835376816,
              26.20240447393998
            ],
            [
              87.82965732619735,
              26.20261901918088
            ],
            [
              87.82976121007175,
              26.203323274067426
            ],
            [
              87.83051852758553,
              26.203831026652292
            ],
            [
              87.8312791023905,
              26.204393152378096
            ],
            [
              87.83185876637872,
              26.20496435482844
            ],
            [
              87.83178995722457,
              26.205682427784033
            ],
            [
              87.83178975061207,
              26.205684571694977
            ],
            [
              87.83178519974685,
              26.20573205286461
            ],
            [
              87.83151719277168,
              26.20629126305682
            ],
            [
              87.83149708398408,
              26.206947106742955
            ],
            [
              87.83122246091686,
              26.20739747703142
            ],
            [
              87.83003631373764,
              26.207784420826407
            ],
            [
              87.82994250536746,
              26.208225715139292
            ],
            [
              87.82954722508289,
              26.20868213727622
            ],
            [
              87.82904125977889,
              26.209307910154905
            ],
            [
              87.8290714485623,
              26.209797518812486
            ],
            [
              87.82893077867702,
              26.21045940992331
            ],
            [
              87.82873654584462,
              26.211233249272606
            ],
            [
              87.82888739813366,
              26.212699142603633
            ],
            [
              87.82887408599943,
              26.213463810916362
            ],
            [
              87.82870321834757,
              26.21363609072661
            ],
            [
              87.82844178524371,
              26.21332179186469
            ],
            [
              87.82763420609149,
              26.212980258941535
            ],
            [
              87.82615648822888,
              26.212563254970174
            ],
            [
              87.82594873215818,
              26.212137091644223
            ],
            [
              87.82651500406213,
              26.21150839712713
            ],
            [
              87.82653167859046,
              26.210798099612884
            ],
            [
              87.82649480095141,
              26.20921731577716
            ],
            [
              87.82671253460997,
              26.20784209903555
            ],
            [
              87.82690342121795,
              26.20701388963104
            ],
            [
              87.82681296805539,
              26.206527302151148
            ],
            [
              87.82624998578197,
              26.206228124385806
            ],
            [
              87.82527159736838,
              26.206058855225123
            ],
            [
              87.82460483991674,
              26.20603775308202
            ],
            [
              87.82423629259668,
              26.2059470650834
            ],
            [
              87.82397163094765,
              26.205578287664945
            ],
            [
              87.82368340738708,
              26.204828737036255
            ],
            [
              87.82312389171236,
              26.20458391324611
            ],
            [
              87.82251741480955,
              26.204559781121773
            ],
            [
              87.82173671864054,
              26.20465345719525
            ],
            [
              87.82079186433648,
              26.205028326768545
            ],
            [
              87.81898592362866,
              26.205173375160168
            ],
            [
              87.81753512198691,
              26.20519153239092
            ],
            [
              87.81633230836418,
              26.205306327967246
            ],
            [
              87.81496521263894,
              26.20570222107772
            ],
            [
              87.81245566199321,
              26.206209938301523
            ],
            [
              87.81108854470841,
              26.206605797711898
            ],
            [
              87.80996271760387,
              26.20698956699493
            ],
            [
              87.80930265260108,
              26.207077234204675
            ],
            [
              87.80875988511654,
              26.207104397872822
            ],
            [
              87.80848177928097,
              26.206517931877066
            ],
            [
              87.80831163836618,
              26.206519629262054
            ],
            [
              87.80814149924798,
              26.206521325841027
            ],
            [
              87.80796632058106,
              26.20734457478063
            ],
            [
              87.80752878624045,
              26.207570064835817
            ],
            [
              87.8067702982219,
              26.207472221830887
            ],
            [
              87.80624108900993,
              26.20743089414208
            ],
            [
              87.80568259292306,
              26.208137521693683
            ],
            [
              87.8052616890933,
              26.20863366839562
            ],
            [
              87.80436570583568,
              26.208746380393766
            ],
            [
              87.80324054797602,
              26.208802651726106
            ],
            [
              87.80266558936323,
              26.208016924346655
            ],
            [
              87.8016112142564,
              26.208001747211135
            ],
            [
              87.80049853309771,
              26.208260972833312
            ],
            [
              87.8002359519469,
              26.20827410036954
            ],
            [
              87.79997347410233,
              26.208287220650643
            ],
            [
              87.79929833986068,
              26.208320967950836
            ],
            [
              87.79856905337705,
              26.208696808179695
            ],
            [
              87.79686457199064,
              26.209121374605278
            ],
            [
              87.79654374407683,
              26.20879801584431
            ],
            [
              87.79622291885792,
              26.20847465779693
            ],
            [
              87.79621045742832,
              26.208271683284615
            ],
            [
              87.79668565543383,
              26.207433462766737
            ],
            [
              87.79669836839172,
              26.206414751617444
            ],
            [
              87.79679847934193,
              26.20559526971055
            ],
            [
              87.79751124041758,
              26.20494886215412
            ],
            [
              87.79800719130283,
              26.2044488930554
            ],
            [
              87.79805313923129,
              26.203971505747127
            ],
            [
              87.79856571433915,
              26.20374229227848
            ],
            [
              87.79868243334231,
              26.203193468838982
            ],
            [
              87.79798249841227,
              26.202821257192053
            ],
            [
              87.79793263203253,
              26.202009266811267
            ],
            [
              87.79810360658392,
              26.20111834276106
            ],
            [
              87.79761635139066,
              26.199310130068994
            ],
            [
              87.79650398913391,
              26.19834763470305
            ],
            [
              87.79544149056196,
              26.198197126604125
            ],
            [
              87.7948706812675,
              26.197479056651137
            ],
            [
              87.79422919971299,
              26.19683232111321
            ],
            [
              87.79336669307274,
              26.196264611671356
            ],
            [
              87.79261253762876,
              26.196234384107775
            ],
            [
              87.79156251575779,
              26.196286824705904
            ],
            [
              87.7902165250518,
              26.19642193335406
            ],
            [
              87.7886248891331,
              26.19622990087445
            ],
            [
              87.7868078200955,
              26.197270782601755
            ],
            [
              87.78598278038913,
              26.197311955913435
            ],
            [
              87.78485771505594,
              26.19736809574599
            ],
            [
              87.78234073803776,
              26.19803664766434
            ],
            [
              87.78145309923082,
              26.19828451671112
            ],
            [
              87.78155301434829,
              26.198686819874087
            ],
            [
              87.78125673559452,
              26.19999116496949
            ],
            [
              87.78087308220468,
              26.201096267670376
            ],
            [
              87.78091454304828,
              26.201772885674874
            ],
            [
              87.78021830468568,
              26.20268997722575
            ],
            [
              87.78039284375213,
              26.20431013290958
            ],
            [
              87.77993413342531,
              26.20541897064873
            ],
            [
              87.77964862816678,
              26.205670725737036
            ],
            [
              87.77936306541604,
              26.205922531057645
            ],
            [
              87.77855454842266,
              26.20623432960863
            ],
            [
              87.77750433700717,
              26.20628668107547
            ],
            [
              87.77666680443012,
              26.206124830226372
            ],
            [
              87.77591674081228,
              26.206162209891474
            ],
            [
              87.77522089231847,
              26.205857498938787
            ],
            [
              87.77401289631487,
              26.20456032597054
            ],
            [
              87.77347541541576,
              26.204383416818516
            ],
            [
              87.77205024181076,
              26.204454410863555
            ],
            [
              87.77062920943924,
              26.204593082984605
            ],
            [
              87.76756615823795,
              26.204949190190682
            ],
            [
              87.76671983474755,
              26.205873683829193
            ],
            [
              87.76596922495402,
              26.20713270198434
            ],
            [
              87.76563093918095,
              26.208982067947392
            ],
            [
              87.7654721403949,
              26.21007592771579
            ],
            [
              87.76591749367172,
              26.211207613830613
            ],
            [
              87.76587152508203,
              26.211684984357756
            ],
            [
              87.7652087777098,
              26.211921558940436
            ],
            [
              87.76507938976616,
              26.21226738093821
            ],
            [
              87.76555436229454,
              26.212650931682667
            ],
            [
              87.76557505588545,
              26.212989285368785
            ],
            [
              87.76546222299419,
              26.213605770962065
            ],
            [
              87.7653701771186,
              26.21456051375571
            ],
            [
              87.76522436886988,
              26.21587693567574
            ],
            [
              87.76472085776324,
              26.215901989027472
            ],
            [
              87.76378023272753,
              26.21600572340166
            ],
            [
              87.76347254267475,
              26.21613489620963
            ],
            [
              87.76297944304227,
              26.21633022264346
            ],
            [
              87.76274152334095,
              26.216569879238758
            ],
            [
              87.76238478976518,
              26.216929308807664
            ],
            [
              87.76177277025708,
              26.21724441269209
            ],
            [
              87.76101744520662,
              26.217281978172736
            ],
            [
              87.76012595801696,
              26.217155517692944
            ],
            [
              87.75973441292734,
              26.216947167631925
            ],
            [
              87.75907381881687,
              26.216467533945085
            ],
            [
              87.75844445104399,
              26.21649882569334
            ],
            [
              87.75789882601848,
              26.216867637011866
            ],
            [
              87.757408695318,
              26.218144781707934
            ],
            [
              87.75691508184916,
              26.219365073201924
            ],
            [
              87.75689377470894,
              26.220049406899957
            ],
            [
              87.75715589771896,
              26.220207266196724
            ],
            [
              87.75785167973744,
              26.22022961085648
            ],
            [
              87.75850535232867,
              26.220595729191707
            ],
            [
              87.75934444168608,
              26.22089560175733
            ],
            [
              87.75970766379315,
              26.221674771844494
            ],
            [
              87.76045607810411,
              26.221523692727466
            ],
            [
              87.7607529057285,
              26.222249137925242
            ],
            [
              87.76086442168955,
              26.223040822032456
            ],
            [
              87.76159502779832,
              26.223630828699726
            ],
            [
              87.76262631081246,
              26.223978150243525
            ],
            [
              87.76309121861641,
              26.22435354584033
            ],
            [
              87.76312940869411,
              26.224978081272937
            ],
            [
              87.76315023164238,
              26.225318636138017
            ],
            [
              87.76262541070058,
              26.226028106859474
            ],
            [
              87.76263537481373,
              26.22722335983707
            ],
            [
              87.76283111771411,
              26.22732758131428
            ],
            [
              87.76315629167728,
              26.22748220015921
            ],
            [
              87.76353051275667,
              26.22740665271217
            ],
            [
              87.76382781199656,
              26.227107112818558
            ],
            [
              87.76450290671237,
              26.226788867909942
            ],
            [
              87.76582119876487,
              26.226666343798904
            ],
            [
              87.7675453712223,
              26.225954104071246
            ],
            [
              87.7693359345691,
              26.225295563165396
            ],
            [
              87.77046888890712,
              26.225239157174112
            ],
            [
              87.7718115899825,
              26.225513979386562
            ],
            [
              87.77317504842917,
              26.226129350217537
            ],
            [
              87.77447559336491,
              26.22674793468866
            ],
            [
              87.77531441412606,
              26.22807269680268
            ],
            [
              87.77616392573744,
              26.22854285128669
            ],
            [
              87.77659030839209,
              26.229318836321333
            ],
            [
              87.777597432115,
              26.229268648363067
            ],
            [
              87.77782796407143,
              26.2299404352984
            ],
            [
              87.77769481578001,
              26.230858163858663
            ],
            [
              87.77787981303298,
              26.23181696972965
            ],
            [
              87.77820806821758,
              26.233053294062135
            ],
            [
              87.77892416383956,
              26.23546612686754
            ],
            [
              87.77910232131998,
              26.236311405399505
            ],
            [
              87.77951124701374,
              26.236803499811927
            ],
            [
              87.78010213095986,
              26.237172660104083
            ],
            [
              87.78021725365676,
              26.238020987300764
            ],
            [
              87.78091253621197,
              26.240093162091405
            ],
            [
              87.78072341928508,
              26.241127539156853
            ],
            [
              87.78023373235234,
              26.241379767288752
            ],
            [
              87.779236950035,
              26.24160024417361
            ],
            [
              87.77884540584367,
              26.24139203378646
            ],
            [
              87.77816711492211,
              26.24062861265263
            ],
            [
              87.77770568090337,
              26.240310018802333
            ],
            [
              87.77704098059372,
              26.240798591326115
            ],
            [
              87.77635551842121,
              26.24094669801517
            ],
            [
              87.7751772189243,
              26.240265108364177
            ],
            [
              87.77407925576321,
              26.239864255869332
            ],
            [
              87.77273997906569,
              26.239646300900365
            ],
            [
              87.77194591776188,
              26.24008445281308
            ],
            [
              87.77115194718792,
              26.24052250477388
            ],
            [
              87.77070047009579,
              26.241399134721505
            ],
            [
              87.77063714605475,
              26.242427231608726
            ],
            [
              87.7703150119905,
              26.24335435137793
            ],
            [
              87.76981486776955,
              26.243436178718785
            ],
            [
              87.76937418842716,
              26.243458116055233
            ],
            [
              87.76894750573518,
              26.24370707677669
            ],
            [
              87.76877595895695,
              26.244000361832633
            ],
            [
              87.76860450919678,
              26.24429355107413
            ],
            [
              87.7681777258935,
              26.24454260830281
            ],
            [
              87.76793597936907,
              26.24575037286945
            ],
            [
              87.7679599661838,
              26.24614230287046
            ],
            [
              87.76780979302112,
              26.246269121787982
            ],
            [
              87.76765243962437,
              26.246276953195224
            ],
            [
              87.76743235058314,
              26.245775435899773
            ],
            [
              87.76714574758331,
              26.245220295803524
            ],
            [
              87.76681715373384,
              26.245008923047898
            ],
            [
              87.76615291425993,
              26.244472573348677
            ],
            [
              87.76567054859677,
              26.243813217199687
            ],
            [
              87.76461469306633,
              26.24306861914664
            ],
            [
              87.76342905074027,
              26.243298386819372
            ],
            [
              87.76305131006163,
              26.24331717461918
            ],
            [
              87.7626106307192,
              26.243339091835058
            ],
            [
              87.76210006873592,
              26.24325062125402
            ],
            [
              87.761646059293,
              26.242020441090407
            ],
            [
              87.76110125622601,
              26.2403393268463
            ],
            [
              87.76064670509898,
              26.240134204224443
            ],
            [
              87.75995428277966,
              26.24016863119593
            ],
            [
              87.75894706563194,
              26.240218703256698
            ],
            [
              87.75803807027744,
              26.239808346838146
            ],
            [
              87.75737031839074,
              26.2392151122329
            ],
            [
              87.75640880842305,
              26.23897824185148
            ],
            [
              87.75546453712562,
              26.23902516394032
            ],
            [
              87.75486652594601,
              26.239054877600708
            ],
            [
              87.75426851386811,
              26.23908458883624
            ],
            [
              87.7535448867708,
              26.238608067209334
            ],
            [
              87.75305221204141,
              26.237778392789952
            ],
            [
              87.75335702119712,
              26.23656751569538
            ],
            [
              87.75424977231634,
              26.234644069633756
            ],
            [
              87.75533426613804,
              26.233793057892793
            ],
            [
              87.7555023633856,
              26.23344302597752
            ],
            [
              87.7548952486789,
              26.23073993979744
            ],
            [
              87.75451060983718,
              26.230645188824695
            ],
            [
              87.75339493818694,
              26.23098536689965
            ],
            [
              87.75263616360577,
              26.23096612907836
            ],
            [
              87.75174101578135,
              26.230782774931427
            ],
            [
              87.75125477568439,
              26.231091672847608
            ],
            [
              87.75008655438661,
              26.231605230134665
            ],
            [
              87.74999999542077,
              26.231648607254442
            ],
            [
              87.74794234766864,
              26.232679703323964
            ],
            [
              87.74754692994183,
              26.232548898619193
            ],
            [
              87.74744494690256,
              26.23255322412919
            ],
            [
              87.74593562002008,
              26.23261791498056
            ],
            [
              87.74473439012719,
              26.232303053385184
            ],
            [
              87.74430863988651,
              26.231937822020285
            ],
            [
              87.74222402111626,
              26.228992489303334
            ],
            [
              87.74058133034669,
              26.227567784170077
            ],
            [
              87.74014495842609,
              26.22649852103022
            ],
            [
              87.73745171218624,
              26.225259552331764
            ],
            [
              87.73702044898462,
              26.22435732125808
            ],
            [
              87.73721935934472,
              26.22302578788217
            ],
            [
              87.73692323599953,
              26.22203311706111
            ],
            [
              87.73604213782615,
              26.221596105126736
            ],
            [
              87.73609033603442,
              26.21960130175767
            ],
            [
              87.7353387291109,
              26.218536778981353
            ],
            [
              87.73315125144403,
              26.21745534513048
            ],
            [
              87.73174941337517,
              26.216526663318067
            ],
            [
              87.73192406742594,
              26.21593985232253
            ],
            [
              87.73314907123283,
              26.215090492047917
            ],
            [
              87.73313883133689,
              26.214801643991134
            ],
            [
              87.73221288207799,
              26.214522611327656
            ],
            [
              87.73111858494161,
              26.216044244285367
            ],
            [
              87.72968791185046,
              26.216320641204845
            ],
            [
              87.72710987903737,
              26.21489182300379
            ],
            [
              87.72606898404968,
              26.214693986940922
            ],
            [
              87.72452328707628,
              26.215047058786173
            ],
            [
              87.7221735053971,
              26.217097636982572
            ],
            [
              87.71781129356394,
              26.21814299100865
            ],
            [
              87.71765246333688,
              26.21972713582461
            ],
            [
              87.71545590729573,
              26.219651875876796
            ],
            [
              87.7153498126674,
              26.218329561257157
            ],
            [
              87.71508888172175,
              26.21736846101463
            ],
            [
              87.71187064386021,
              26.215984959932495
            ],
            [
              87.71103496899916,
              26.215782411145216
            ],
            [
              87.71077400840916,
              26.21481679122685
            ],
            [
              87.71190392374655,
              26.21361560810297
            ],
            [
              87.71180319655204,
              26.21274920714967
            ],
            [
              87.70992675516241,
              26.212425356370513
            ],
            [
              87.70987646208292,
              26.21203273002564
            ],
            [
              87.71226782318332,
              26.211882409671755
            ],
            [
              87.71205212780211,
              26.211169453214524
            ],
            [
              87.7106060225527,
              26.21076418620005
            ],
            [
              87.71039009360952,
              26.209757922331136
            ],
            [
              87.70914906026472,
              26.20942468109885
            ],
            [
              87.70507758188508,
              26.2108892238783
            ],
            [
              87.70387170141396,
              26.210623572649926
            ],
            [
              87.70183913282794,
              26.20867954530625
            ],
            [
              87.69861709239777,
              26.208332397315814
            ],
            [
              87.69862214003136,
              26.208406862651806
            ],
            [
              87.69852223120212,
              26.208605537930755
            ],
            [
              87.69834217468319,
              26.208759096835518
            ],
            [
              87.69788719236482,
              26.209237686340906
            ],
            [
              87.6974593706091,
              26.209424316806878
            ],
            [
              87.69715189705026,
              26.209558447094288
            ],
            [
              87.69613657889532,
              26.209938076138002
            ],
            [
              87.69517116574767,
              26.210227345689137
            ],
            [
              87.69387051031916,
              26.21048075707908
            ],
            [
              87.69298508316443,
              26.21068872460994
            ],
            [
              87.69261489911396,
              26.210887524945115
            ],
            [
              87.69229985365561,
              26.211050124341682
            ],
            [
              87.69199981455405,
              26.211330027689776
            ],
            [
              87.69170487429011,
              26.211795006399594
            ],
            [
              87.69165503216487,
              26.212151628326712
            ],
            [
              87.69179546040334,
              26.212675007326123
            ],
            [
              87.69186564936976,
              26.21293227218596
            ],
            [
              87.69194592911174,
              26.213406097614516
            ],
            [
              87.69204666888267,
              26.21452974694625
            ],
            [
              87.6921272100344,
              26.2155045123362
            ],
            [
              87.69216740515179,
              26.215784313096623
            ],
            [
              87.69220448940334,
              26.21582503660932
            ],
            [
              87.69232760800462,
              26.215960242663254
            ],
            [
              87.69234245895291,
              26.215974546766002
            ],
            [
              87.69276323162862,
              26.21637980933603
            ],
            [
              87.69293337972995,
              26.216510544381567
            ],
            [
              87.69299351565002,
              26.216641446908632
            ],
            [
              87.6929936099731,
              26.216758735944218
            ],
            [
              87.69291355570824,
              26.21689871267025
            ],
            [
              87.69275357384099,
              26.21704774435284
            ],
            [
              87.69207339286406,
              26.217625725974706
            ],
            [
              87.6909231441602,
              26.218479189079567
            ],
            [
              87.68964781134123,
              26.219513285363053
            ],
            [
              87.68823243835597,
              26.220705329393116
            ],
            [
              87.68737223409778,
              26.221319455607553
            ],
            [
              87.6862717251112,
              26.221960819367233
            ],
            [
              87.68610665788111,
              26.22206463134377
            ],
            [
              87.68601667902897,
              26.22211887431378
            ],
            [
              87.685986616908,
              26.222182040627427
            ],
            [
              87.68598671392607,
              26.222249760054428
            ],
            [
              87.68607684189853,
              26.222425759625175
            ],
            [
              87.68678287638932,
              26.223359617122046
            ],
            [
              87.6874788353759,
              26.22421225729036
            ],
            [
              87.68814965411096,
              26.224925061302283
            ],
            [
              87.68848012993095,
              26.225335570981382
            ],
            [
              87.68862555459903,
              26.225822900967838
            ],
            [
              87.68862563005749,
              26.226039511115854
            ],
            [
              87.68847571471132,
              26.226405188905847
            ],
            [
              87.68835571955229,
              26.226513571654245
            ],
            [
              87.68830368104621,
              26.226523874283547
            ],
            [
              87.68815053176498,
              26.226554192293246
            ],
            [
              87.68797044739829,
              26.226522729994688
            ],
            [
              87.68784525997694,
              26.226378319844965
            ],
            [
              87.68755487417145,
              26.226179894099992
            ],
            [
              87.68697442325904,
              26.225990618340408
            ],
            [
              87.68682927527206,
              26.22602679575674
            ],
            [
              87.68670928370629,
              26.22615323611709
            ],
            [
              87.68664439300343,
              26.226473631127973
            ],
            [
              87.68650438158325,
              26.226685853092416
            ],
            [
              87.68619937659483,
              26.227015429918556
            ],
            [
              87.68598930736229,
              26.22721408067693
            ],
            [
              87.68431866191938,
              26.22855059766513
            ],
            [
              87.68408362760675,
              26.22872670212844
            ],
            [
              87.68333339510563,
              26.22960258136289
            ],
            [
              87.68298324258768,
              26.229832863169545
            ],
            [
              87.68267809656378,
              26.22991873634925
            ],
            [
              87.68249302924217,
              26.230063178364315
            ],
            [
              87.68234294321609,
              26.230180639203905
            ],
            [
              87.68204791222226,
              26.23062753919624
            ],
            [
              87.68197297835455,
              26.23085096074802
            ],
            [
              87.68189804358846,
              26.23107438106467
            ],
            [
              87.68185499811669,
              26.231100804235933
            ],
            [
              87.68150591100066,
              26.231315086255368
            ],
            [
              87.68141239458295,
              26.231372490107844
            ],
            [
              87.68005683142931,
              26.231693388064105
            ],
            [
              87.67975165935425,
              26.231896543311564
            ],
            [
              87.6795916137066,
              26.232041044110584
            ],
            [
              87.6794815880506,
              26.232230636370808
            ],
            [
              87.67942666505414,
              26.23247883709953
            ],
            [
              87.67948203002172,
              26.233047503640872
            ],
            [
              87.67938698467141,
              26.233196483207468
            ],
            [
              87.67902682761613,
              26.23343131866461
            ],
            [
              87.67850647579286,
              26.23354429430591
            ],
            [
              87.67772582813285,
              26.233693527059007
            ],
            [
              87.67748501316137,
              26.233691696309734
            ],
            [
              87.67658995067691,
              26.233684884181585
            ],
            [
              87.67491853178454,
              26.23360425704683
            ],
            [
              87.67441812615384,
              26.233617982841448
            ],
            [
              87.67369249761005,
              26.23358662398333
            ],
            [
              87.67351739440159,
              26.233586720677938
            ],
            [
              87.67341734543515,
              26.233667911876225
            ],
            [
              87.67334731187728,
              26.233780834105698
            ],
            [
              87.67334735679307,
              26.233850007669954
            ],
            [
              87.67334738643747,
              26.23389812278053
            ],
            [
              87.67350763959594,
              26.234204996348975
            ],
            [
              87.6741384168255,
              26.234940354104868
            ],
            [
              87.67438376739085,
              26.235211072130536
            ],
            [
              87.67468922243523,
              26.23562615533365
            ],
            [
              87.67495966025152,
              26.23614957133918
            ],
            [
              87.67521512764357,
              26.236749714114485
            ],
            [
              87.67527534531034,
              26.237052088826157
            ],
            [
              87.67535563134052,
              26.237656756925457
            ],
            [
              87.67542610327625,
              26.238676723025186
            ],
            [
              87.67537132041696,
              26.23914153199251
            ],
            [
              87.67529132094936,
              26.239349217034395
            ],
            [
              87.67531137404143,
              26.239475531715
            ],
            [
              87.67539149388332,
              26.2395658076253
            ],
            [
              87.67553156728727,
              26.2395837499944
            ],
            [
              87.6758118829784,
              26.23957918060472
            ],
            [
              87.67679263665615,
              26.239520120159348
            ],
            [
              87.67754830935463,
              26.239528927781116
            ],
            [
              87.67771353738313,
              26.239637130701624
            ],
            [
              87.6778137094188,
              26.239835662401365
            ],
            [
              87.67782898796513,
              26.24036370616347
            ],
            [
              87.67775912508716,
              26.24085115929161
            ],
            [
              87.67759419979089,
              26.241451474392747
            ],
            [
              87.67716420141723,
              26.242286533058074
            ],
            [
              87.67699431472565,
              26.242791973173738
            ],
            [
              87.67665422783043,
              26.243247922893367
            ],
            [
              87.67652914641027,
              26.243451125629615
            ],
            [
              87.67648427735845,
              26.243708308719718
            ],
            [
              87.67641946301238,
              26.24439437889341
            ],
            [
              87.67657977006978,
              26.244723730682477
            ],
            [
              87.67667514510181,
              26.245355503939965
            ],
            [
              87.67658041955174,
              26.24625362978039
            ],
            [
              87.6764404108265,
              26.24633491928936
            ],
            [
              87.67616512570093,
              26.246398245673262
            ],
            [
              87.67552451641058,
              26.246434577073618
            ],
            [
              87.67494902599518,
              26.246407665911036
            ],
            [
              87.67475888858213,
              26.24654760775573
            ],
            [
              87.67448878763409,
              26.246953924792383
            ],
            [
              87.67440882859064,
              26.247152490723725
            ],
            [
              87.67397389487279,
              26.248267376054713
            ],
            [
              87.673838890662,
              26.24869617290163
            ],
            [
              87.6737338722154,
              26.248890249817332
            ],
            [
              87.67361381058106,
              26.248976049298772
            ],
            [
              87.67338363076423,
              26.249066336359952
            ],
            [
              87.6732335321617,
              26.249048350336675
            ],
            [
              87.67294812661615,
              26.248885987758456
            ],
            [
              87.67269286134503,
              26.248723575001016
            ],
            [
              87.67251271589289,
              26.248669520887294
            ],
            [
              87.67241759957567,
              26.248705631625906
            ],
            [
              87.67236757688906,
              26.248782343140537
            ],
            [
              87.6723526612621,
              26.248922274068473
            ],
            [
              87.6723878078476,
              26.249287789647614
            ],
            [
              87.67253427366308,
              26.2500347640678
            ],
            [
              87.6725211852094,
              26.250424621126836
            ],
            [
              87.67251669003973,
              26.250558537357197
            ],
            [
              87.67249370484653,
              26.251243170867074
            ],
            [
              87.67248648867985,
              26.251458130379163
            ],
            [
              87.67193799982527,
              26.252592314987055
            ],
            [
              87.67192865644799,
              26.252611637045657
            ],
            [
              87.67188617332157,
              26.252699484172858
            ],
            [
              87.67167114808359,
              26.253155383737855
            ],
            [
              87.67091045110776,
              26.253611428141916
            ],
            [
              87.67044516960465,
              26.254117129976315
            ],
            [
              87.67017488809523,
              26.254428646257093
            ],
            [
              87.66944406100087,
              26.254153574975955
            ],
            [
              87.66861829635403,
              26.254266578007595
            ],
            [
              87.66774740843219,
              26.254298356666443
            ],
            [
              87.66658620028184,
              26.25418590392158
            ],
            [
              87.66588557903896,
              26.25415440479101
            ],
            [
              87.66510988558774,
              26.254398391106694
            ],
            [
              87.6643641419681,
              26.254673880741997
            ],
            [
              87.66438435585863,
              26.25542317299088
            ],
            [
              87.66531033476193,
              26.25568465100839
            ],
            [
              87.66590603457625,
              26.256190014313766
            ],
            [
              87.66622644028193,
              26.256907605853794
            ],
            [
              87.6671173821942,
              26.256744821637525
            ],
            [
              87.66908426057675,
              26.256613521164024
            ],
            [
              87.67028054434567,
              26.25666272169939
            ],
            [
              87.67057087355728,
              26.25716815003301
            ],
            [
              87.67064114157546,
              26.25787230665271
            ],
            [
              87.67163216030194,
              26.258034453655576
            ],
            [
              87.67165715772137,
              26.258675086378926
            ],
            [
              87.67166756021236,
              26.258941668686944
            ],
            [
              87.67177785356628,
              26.259826297905022
            ],
            [
              87.67203819611542,
              26.260381328733775
            ],
            [
              87.67309939662182,
              26.26036307539114
            ],
            [
              87.67397011116881,
              26.26003780160089
            ],
            [
              87.67463579872698,
              26.259807423352555
            ],
            [
              87.67516139042327,
              26.2603623511544
            ],
            [
              87.67487139269001,
              26.261265181668946
            ],
            [
              87.67451117724424,
              26.261901659856225
            ],
            [
              87.67420601055906,
              26.26265099086799
            ],
            [
              87.67381984727629,
              26.26329455622288
            ],
            [
              87.67371572624666,
              26.263468079321818
            ],
            [
              87.67346395721862,
              26.263814416638095
            ],
            [
              87.67331553127916,
              26.26410463807595
            ],
            [
              87.67373610812214,
              26.26470936114881
            ],
            [
              87.67409664696143,
              26.26532757917324
            ],
            [
              87.6748524148813,
              26.265395030182475
            ],
            [
              87.67624499401454,
              26.265013858279513
            ],
            [
              87.677720660125,
              26.264957321727373
            ],
            [
              87.67854059201069,
              26.265141944700265
            ],
            [
              87.67964385613027,
              26.264992521941256
            ],
            [
              87.68075173040388,
              26.264866952766226
            ],
            [
              87.6809176698981,
              26.264745716628408
            ],
            [
              87.68301898655282,
              26.263834824360835
            ],
            [
              87.68419803524469,
              26.263715630094577
            ],
            [
              87.6849806349438,
              26.264036179345702
            ],
            [
              87.68526878394424,
              26.264649217898658
            ],
            [
              87.6853888114426,
              26.264881707610503
            ],
            [
              87.6857197759461,
              26.264907696142288
            ],
            [
              87.68630760562026,
              26.264766927342784
            ],
            [
              87.68682439382681,
              26.26482125591567
            ],
            [
              87.68716735982251,
              26.265185364080622
            ],
            [
              87.68726744921314,
              26.266378967354676
            ],
            [
              87.68813483280708,
              26.267397071813864
            ],
            [
              87.68866295775251,
              26.267758046361756
            ],
            [
              87.689454297161,
              26.26753253608107
            ],
            [
              87.6899607673182,
              26.267090945654882
            ],
            [
              87.69024409595882,
              26.266517841133894
            ],
            [
              87.68978353330591,
              26.265560402642443
            ],
            [
              87.68936273457906,
              26.265066933269974
            ],
            [
              87.6891670877984,
              26.264569557991397
            ],
            [
              87.6891558992815,
              26.26403748921411
            ],
            [
              87.68944567513091,
              26.26376648630833
            ],
            [
              87.6899983887623,
              26.26362632594931
            ],
            [
              87.69055459863677,
              26.263648394810716
            ],
            [
              87.69095507926853,
              26.26340703237185
            ],
            [
              87.69128059998141,
              26.262936949642526
            ],
            [
              87.69090269311444,
              26.262577978907217
            ],
            [
              87.69081850929422,
              26.262146412125592
            ],
            [
              87.69081504000059,
              26.261979575071603
            ],
            [
              87.69103096624877,
              26.261773004334916
            ],
            [
              87.6916629400343,
              26.26182993234428
            ],
            [
              87.69195404359373,
              26.26162647335048
            ],
            [
              87.69206001155955,
              26.26142623960359
            ],
            [
              87.69253762513488,
              26.261282768641713
            ],
            [
              87.69353487277957,
              26.26133348091372
            ],
            [
              87.69416897916557,
              26.261489597235233
            ],
            [
              87.69475950109063,
              26.261479560329153
            ],
            [
              87.69494388389597,
              26.261440349603376
            ],
            [
              87.69531068668773,
              26.261267235939663
            ],
            [
              87.69552405094073,
              26.26093430666132
            ],
            [
              87.69568395465457,
              26.260683510640074
            ],
            [
              87.69612517927436,
              26.26047752488163
            ],
            [
              87.69716304065136,
              26.260793628911244
            ],
            [
              87.6977710060626,
              26.26089602460702
            ],
            [
              87.69835378271328,
              26.26052083322192
            ],
            [
              87.69925162728019,
              26.259170419707477
            ],
            [
              87.69966760025734,
              26.258716765634187
            ],
            [
              87.70047545609067,
              26.258567665715102
            ],
            [
              87.70221970140311,
              26.25890775481358
            ],
            [
              87.70333623004616,
              26.259154810995447
            ],
            [
              87.70467840291217,
              26.259894237890194
            ],
            [
              87.70520529087743,
              26.260187420858255
            ],
            [
              87.70561125931728,
              26.26021206105454
            ],
            [
              87.70590651399158,
              26.26020697527848
            ],
            [
              87.70612043789504,
              26.259905599349217
            ],
            [
              87.7061891662008,
              26.259602270649946
            ],
            [
              87.7067820300338,
              26.25970491713436
            ],
            [
              87.70807317769335,
              26.259682808048773
            ],
            [
              87.70881723966676,
              26.25983242292986
            ],
            [
              87.70941055625066,
              26.25995760521932
            ],
            [
              87.7096693536975,
              26.25988550109422
            ],
            [
              87.70962447566254,
              26.259656315648535
            ],
            [
              87.70926393592495,
              26.25917530090376
            ],
            [
              87.70917551025995,
              26.25854534292497
            ],
            [
              87.70938866610383,
              26.258207982197586
            ],
            [
              87.70973596916572,
              26.257818580655165
            ],
            [
              87.7107323652075,
              26.25616881331163
            ],
            [
              87.71148348704075,
              26.254992205603738
            ],
            [
              87.71194354304383,
              26.254019091686192
            ],
            [
              87.71200730456438,
              26.253481285874322
            ],
            [
              87.71158512422862,
              26.25269011600715
            ],
            [
              87.71117278224183,
              26.25236347527964
            ],
            [
              87.71016845138116,
              26.252213738791024
            ],
            [
              87.70952392274124,
              26.251853698831376
            ],
            [
              87.70938166822778,
              26.251339886180602
            ],
            [
              87.70985137842523,
              26.250407937279217
            ],
            [
              87.71028270361057,
              26.25000012812662
            ],
            [
              87.71172470266082,
              26.2486367182758
            ],
            [
              87.71873174243834,
              26.24913779137715
            ],
            [
              87.7195419680274,
              26.248424239888802
            ],
            [
              87.72016657832255,
              26.247205284632276
            ],
            [
              87.72014067989289,
              26.246131165661673
            ],
            [
              87.72240317137758,
              26.246540369360797
            ],
            [
              87.7220516543187,
              26.245141604729447
            ],
            [
              87.72292750183925,
              26.245253771339467
            ],
            [
              87.72376872289885,
              26.245772234838583
            ],
            [
              87.72461524671358,
              26.246669781384423
            ],
            [
              87.72524193211703,
              26.247946495652545
            ],
            [
              87.7260625197729,
              26.247684150214543
            ],
            [
              87.72673759562406,
              26.247029295981182
            ],
            [
              87.7274126642887,
              26.246374438863008
            ],
            [
              87.73197191529124,
              26.246420785919348
            ],
            [
              87.73274944130564,
              26.24835621423765
            ],
            [
              87.73682972317508,
              26.249819830120817
            ],
            [
              87.73714797831393,
              26.250000356938173
            ],
            [
              87.73786726295518,
              26.25040835783983
            ],
            [
              87.73736046581126,
              26.251915132931906
            ],
            [
              87.7378630714161,
              26.253974241330248
            ],
            [
              87.73980573032027,
              26.256804752267737
            ],
            [
              87.74000802912562,
              26.257604081644278
            ],
            [
              87.73965144017866,
              26.259193407811946
            ],
            [
              87.73936240004947,
              26.261133303053445
            ],
            [
              87.73906052658813,
              26.262469161741578
            ],
            [
              87.73866143385347,
              26.26300831073544
            ],
            [
              87.7381195467179,
              26.263419124149536
            ],
            [
              87.73734387662289,
              26.26343251291189
            ],
            [
              87.73689408027867,
              26.263237312337566
            ],
            [
              87.73592052659791,
              26.262654267994833
            ],
            [
              87.7356897718593,
              26.26216218074796
            ],
            [
              87.73517143136395,
              26.262035776336614
            ],
            [
              87.7341432673005,
              26.262418897067068
            ],
            [
              87.73337681481861,
              26.262865137378004
            ],
            [
              87.73254169601472,
              26.263614802932743
            ],
            [
              87.73249419669574,
              26.264914553163177
            ],
            [
              87.73179947468931,
              26.26614438215061
            ],
            [
              87.73092855083483,
              26.26685859408943
            ],
            [
              87.73008909765971,
              26.267405244157032
            ],
            [
              87.72942841461602,
              26.267651209264493
            ],
            [
              87.72861624866594,
              26.267597549013253
            ],
            [
              87.72757883195504,
              26.26754784802912
            ],
            [
              87.725987525718,
              26.267345183664354
            ],
            [
              87.72528608790653,
              26.267321216008504
            ],
            [
              87.7248809423235,
              26.267810788210735
            ],
            [
              87.72500376627734,
              26.268408544139245
            ],
            [
              87.72494144834945,
              26.269009565076356
            ],
            [
              87.72425912309392,
              26.2698873091977
            ],
            [
              87.72371772284524,
              26.270564168159247
            ],
            [
              87.72361892523196,
              26.271098087933474
            ],
            [
              87.7242194319314,
              26.271556786967437
            ],
            [
              87.72562861642268,
              26.272610528842346
            ],
            [
              87.726494106368,
              26.27375933388446
            ],
            [
              87.72755065629615,
              26.274706334707556
            ],
            [
              87.7280080128618,
              26.275496727092026
            ],
            [
              87.72793123924437,
              26.27706320798911
            ],
            [
              87.72794892707229,
              26.2778972840875
            ],
            [
              87.72841914302124,
              26.279052926007513
            ],
            [
              87.7288156899304,
              26.280277340683856
            ],
            [
              87.72863487433506,
              26.281430660127207
            ],
            [
              87.72853256790229,
              26.281797744697215
            ],
            [
              87.72798342866741,
              26.28187485318671
            ],
            [
              87.72742291855768,
              26.281654522023857
            ],
            [
              87.72690233227414,
              26.28166351975977
            ],
            [
              87.72654044775857,
              26.28183213193408
            ],
            [
              87.7263272766433,
              26.282404133084142
            ],
            [
              87.72660594662086,
              26.28326526994644
            ],
            [
              87.72661260044217,
              26.283580901148106
            ],
            [
              87.72661935217985,
              26.283896526658424
            ],
            [
              87.72663773440551,
              26.284762252272763
            ],
            [
              87.72682934056402,
              26.28506108535659
            ],
            [
              87.72716252300798,
              26.28518618083775
            ],
            [
              87.72793410666675,
              26.284974355685907
            ],
            [
              87.7287751426734,
              26.284495266134368
            ],
            [
              87.7295186854206,
              26.284613309037553
            ],
            [
              87.73004641061571,
              26.285172494964552
            ],
            [
              87.73005690024328,
              26.285668393398126
            ],
            [
              87.73079992466256,
              26.285759374395784
            ],
            [
              87.73166135512113,
              26.28624058907057
            ],
            [
              87.73182081237223,
              26.28690542198796
            ],
            [
              87.73227127526643,
              26.287132108387578
            ],
            [
              87.73317839134536,
              26.287170551732
            ],
            [
              87.73411426698816,
              26.287853489005574
            ],
            [
              87.73451328516262,
              26.287309857302827
            ],
            [
              87.73450060993397,
              26.286714672979237
            ],
            [
              87.7343054563284,
              26.286249016211325
            ],
            [
              87.73367047857654,
              26.286061504734253
            ],
            [
              87.73333446374451,
              26.285801242866864
            ],
            [
              87.73298845784993,
              26.28530657811381
            ],
            [
              87.7331630526119,
              26.284802895234687
            ],
            [
              87.7334941572526,
              26.28459867026786
            ],
            [
              87.73408625033107,
              26.28465611786376
            ],
            [
              87.73468316287106,
              26.284943525362834
            ],
            [
              87.73542258414773,
              26.284863048982995
            ],
            [
              87.73571003785212,
              26.284492683103835
            ],
            [
              87.73586331289748,
              26.283227137820063
            ],
            [
              87.73598371589165,
              26.282765007798524
            ],
            [
              87.73642770732249,
              26.282924205124477
            ],
            [
              87.73746379183187,
              26.28290630408469
            ],
            [
              87.73777056380644,
              26.283437725780843
            ],
            [
              87.7379306399968,
              26.284134028717116
            ],
            [
              87.7378024746603,
              26.28493461406255
            ],
            [
              87.73781093589194,
              26.28533140386485
            ],
            [
              87.73795832517555,
              26.285432522252027
            ],
            [
              87.73916413557805,
              26.28562359715085
            ],
            [
              87.73956675869178,
              26.2854813086649
            ],
            [
              87.74007949819134,
              26.285107138293274
            ],
            [
              87.74014175144052,
              26.284506119372374
            ],
            [
              87.74035770733313,
              26.28430399365594
            ],
            [
              87.74227118716026,
              26.283869306834177
            ],
            [
              87.74237355737343,
              26.2835022086826
            ],
            [
              87.74258372631898,
              26.283029542921604
            ],
            [
              87.7426052508515,
              26.28216312377081
            ],
            [
              87.74261547098448,
              26.28099926492332
            ],
            [
              87.74274990835833,
              26.28049626812374
            ],
            [
              87.74289936197047,
              26.28046214307194
            ],
            [
              87.74385615668126,
              26.28024703830286
            ],
            [
              87.74416397519313,
              26.279894435958518
            ],
            [
              87.74426556477029,
              26.2794912643492
            ],
            [
              87.74398961578974,
              26.278765337182623
            ],
            [
              87.74525235422844,
              26.279041144354466
            ],
            [
              87.74732374979769,
              26.278973565955255
            ],
            [
              87.7474438500596,
              26.278933983371093
            ],
            [
              87.74861743519793,
              26.27859469397382
            ],
            [
              87.74935353630131,
              26.27813091762747
            ],
            [
              87.74983815314256,
              26.27808190017299
            ],
            [
              87.74999998823426,
              26.27816696926537
            ],
            [
              87.75025336255172,
              26.278300152737057
            ],
            [
              87.75067385944465,
              26.278996418846383
            ],
            [
              87.75055209640114,
              26.279621035945276
            ],
            [
              87.75077552088703,
              26.28046507495773
            ],
            [
              87.75083790978182,
              26.281974922665565
            ],
            [
              87.7509471871412,
              26.283330630071752
            ],
            [
              87.75119350609042,
              26.283845038939962
            ],
            [
              87.75125393486127,
              26.28409655975166
            ],
            [
              87.7514880412142,
              26.28450296931579
            ],
            [
              87.7520618392036,
              26.28487629915373
            ],
            [
              87.75238467664872,
              26.285217963920164
            ],
            [
              87.75255629529217,
              26.28574722614929
            ],
            [
              87.75281680941953,
              26.28645529531934
            ],
            [
              87.75317928861982,
              26.28747739570735
            ],
            [
              87.75377115891612,
              26.288224741380287
            ],
            [
              87.75369084683479,
              26.289146311139344
            ],
            [
              87.75360276163127,
              26.28971158738675
            ],
            [
              87.75337036926392,
              26.29008100234271
            ],
            [
              87.75302884326763,
              26.290497380235198
            ],
            [
              87.75298471981749,
              26.29100787373147
            ],
            [
              87.752787138964,
              26.29183669672929
            ],
            [
              87.75243214901823,
              26.292325500260393
            ],
            [
              87.75189389556799,
              26.293146731235396
            ],
            [
              87.75168485760138,
              26.29390362266689
            ],
            [
              87.751488764358,
              26.294335436992686
            ],
            [
              87.75110732890856,
              26.294527089973734
            ],
            [
              87.75077476809884,
              26.294898154275486
            ],
            [
              87.75028711135865,
              26.2952765469739
            ],
            [
              87.75013613330546,
              26.295707592708297
            ],
            [
              87.75028397264505,
              26.296295882157718
            ],
            [
              87.75049658231322,
              26.29663951860741
            ],
            [
              87.75176881235122,
              26.296883487296977
            ],
            [
              87.75242546824745,
              26.296912607911803
            ],
            [
              87.75322932298452,
              26.297268432258004
            ],
            [
              87.75373283498949,
              26.296930420617606
            ],
            [
              87.75413664028608,
              26.29684220428886
            ],
            [
              87.75466028173994,
              26.296977406266876
            ],
            [
              87.7555057141016,
              26.297165620075596
            ],
            [
              87.7560953323215,
              26.297340191019376
            ],
            [
              87.7565761367127,
              26.297575342130784
            ],
            [
              87.75672144010821,
              26.298046395111374
            ],
            [
              87.75676521860528,
              26.29845155986648
            ],
            [
              87.75734315064163,
              26.29900982219697
            ],
            [
              87.75756846158959,
              26.299005905855985
            ],
            [
              87.75774298268973,
              26.29874124529923
            ],
            [
              87.75784665815502,
              26.29820716039831
            ],
            [
              87.75792842371048,
              26.297817864066534
            ],
            [
              87.75950813359549,
              26.297686502946597
            ],
            [
              87.76000395512331,
              26.29745690491541
            ],
            [
              87.76026448631863,
              26.297001245384134
            ],
            [
              87.76059222766686,
              26.29640471189955
            ],
            [
              87.76155668860032,
              26.29608116432828
            ],
            [
              87.76257617224321,
              26.295982125793774
            ],
            [
              87.76438831581808,
              26.29595034727181
            ],
            [
              87.76526913012385,
              26.296855078603613
            ],
            [
              87.76564404290602,
              26.297520498170645
            ],
            [
              87.76604719063583,
              26.29832987239245
            ],
            [
              87.76610316106792,
              26.29883852262411
            ],
            [
              87.76626958475408,
              26.300283391866767
            ],
            [
              87.76662676928409,
              26.301052951911696
            ],
            [
              87.76712261955801,
              26.30198234481424
            ],
            [
              87.7675489986194,
              26.302710048140778
            ],
            [
              87.76823676227563,
              26.30324825236927
            ],
            [
              87.76835984314769,
              26.303615938700997
            ],
            [
              87.7685365902731,
              26.304609654177465
            ],
            [
              87.76809803185306,
              26.3051721009425
            ],
            [
              87.7676998077893,
              26.305747371598688
            ],
            [
              87.76764930270737,
              26.306424821782322
            ],
            [
              87.76799793707254,
              26.307027609842393
            ],
            [
              87.76825573469448,
              26.307370356055674
            ],
            [
              87.76971868066052,
              26.307858846071618
            ],
            [
              87.77060540767746,
              26.30902495503034
            ],
            [
              87.77082877916277,
              26.30986002204462
            ],
            [
              87.77099854009019,
              26.310528998654135
            ],
            [
              87.7708049423667,
              26.31083911616728
            ],
            [
              87.77063686308547,
              26.311635899963633
            ],
            [
              87.76957557184924,
              26.312818230288155
            ],
            [
              87.76876602179328,
              26.314059232903176
            ],
            [
              87.76716509280294,
              26.31437145066408
            ],
            [
              87.76658358726837,
              26.314810099180697
            ],
            [
              87.7661839860873,
              26.315326750233083
            ],
            [
              87.7657610754212,
              26.315456014697823
            ],
            [
              87.76600492220678,
              26.316308671969885
            ],
            [
              87.76643124826757,
              26.31726187329796
            ],
            [
              87.76662601919085,
              26.317930526959444
            ],
            [
              87.7652977558387,
              26.319279832164806
            ],
            [
              87.7646625867457,
              26.320251629793812
            ],
            [
              87.76437955185418,
              26.32082944564836
            ],
            [
              87.76437172213818,
              26.32162331684938
            ],
            [
              87.7646286969033,
              26.321925575947716
            ],
            [
              87.7649900891421,
              26.321959840168713
            ],
            [
              87.76533996587727,
              26.32146206390049
            ],
            [
              87.76542538488103,
              26.32101400626206
            ],
            [
              87.76561155982533,
              26.320356811288573
            ],
            [
              87.76600485932471,
              26.319551603971927
            ],
            [
              87.76620074056567,
              26.3193451977535
            ],
            [
              87.76658448827862,
              26.319257214277624
            ],
            [
              87.76672063155321,
              26.3192954867355
            ],
            [
              87.76691860497047,
              26.31988282872367
            ],
            [
              87.76709458583292,
              26.32084045974219
            ],
            [
              87.7672615035925,
              26.321144245895454
            ],
            [
              87.7678412313611,
              26.32062435013134
            ],
            [
              87.76844496211412,
              26.320284537770792
            ],
            [
              87.76856354691813,
              26.32067031486396
            ],
            [
              87.76891153808954,
              26.321011519861774
            ],
            [
              87.76950872371737,
              26.320369616160807
            ],
            [
              87.76987020129613,
              26.320178365024937
            ],
            [
              87.77085127028253,
              26.320612150785795
            ],
            [
              87.77158786186604,
              26.32108628335054
            ],
            [
              87.77197682340093,
              26.32124185708414
            ],
            [
              87.77244591555744,
              26.320926875936383
            ],
            [
              87.77255304773992,
              26.320785213732766
            ],
            [
              87.77298363001853,
              26.3207776039478
            ],
            [
              87.77367397812785,
              26.32004832560244
            ],
            [
              87.77440500824146,
              26.319340877892813
            ],
            [
              87.77493647402143,
              26.318903034013786
            ],
            [
              87.77650728429691,
              26.318122173134725
            ],
            [
              87.77731628458389,
              26.317783249625453
            ],
            [
              87.77801761639421,
              26.3177888578704
            ],
            [
              87.77878463301808,
              26.3175904691605
            ],
            [
              87.78093617807362,
              26.317489377210368
            ],
            [
              87.78129318294056,
              26.318245367293297
            ],
            [
              87.78119107862874,
              26.319077010995056
            ],
            [
              87.78102368296544,
              26.319440825659157
            ],
            [
              87.78088162069146,
              26.320047670984493
            ],
            [
              87.78107146794865,
              26.320716369758884
            ],
            [
              87.78148056162736,
              26.321331588706933
            ],
            [
              87.78172834393217,
              26.321669930158116
            ],
            [
              87.78157064288742,
              26.322250102119302
            ],
            [
              87.78114943003722,
              26.32269048814945
            ],
            [
              87.78070603239277,
              26.323027521259583
            ],
            [
              87.78012045569332,
              26.323051438755673
            ],
            [
              87.77981473025605,
              26.323273283059166
            ],
            [
              87.77957351373766,
              26.32346694860341
            ],
            [
              87.7793326933763,
              26.3241387669538
            ],
            [
              87.77883052974258,
              26.325004514911917
            ],
            [
              87.77827598444634,
              26.325762975252196
            ],
            [
              87.7779787714447,
              26.326377169818045
            ],
            [
              87.77916955303249,
              26.326775592295984
            ],
            [
              87.78074271779234,
              26.326788430274462
            ],
            [
              87.78233909142585,
              26.326719679239908
            ],
            [
              87.78334574982145,
              26.32671097324171
            ],
            [
              87.78396550112923,
              26.326415810289262
            ],
            [
              87.78713131331081,
              26.325962968309238
            ],
            [
              87.78875566407552,
              26.325798982288774
            ],
            [
              87.79021510840862,
              26.32565131077527
            ],
            [
              87.79176814282127,
              26.32566439686432
            ],
            [
              87.79379495410465,
              26.32557893830749
            ],
            [
              87.79457552540785,
              26.325542473877313
            ],
            [
              87.79519913497975,
              26.32565321173249
            ],
            [
              87.79710304235924,
              26.32521799960476
            ],
            [
              87.79832500626716,
              26.325209870787855
            ],
            [
              87.79889994421868,
              26.32561457181193
            ],
            [
              87.79955368418354,
              26.32550372200392
            ],
            [
              87.80055556893173,
              26.325048470658782
            ],
            [
              87.80109476920629,
              26.324966733874163
            ],
            [
              87.80142984529884,
              26.325172734744267
            ],
            [
              87.8017088278901,
              26.326015665975003
            ],
            [
              87.80202858770708,
              26.326663944898392
            ],
            [
              87.80288332931002,
              26.326811099830202
            ],
            [
              87.8040827841319,
              26.326686050879104
            ],
            [
              87.80462292314593,
              26.326649391148017
            ],
            [
              87.8051347885847,
              26.32668986081097
            ],
            [
              87.80535349062716,
              26.326388305766134
            ],
            [
              87.80540983835165,
              26.326215904164886
            ],
            [
              87.80624397619523,
              26.3261063278684
            ],
            [
              87.80670676756837,
              26.325967316908198
            ],
            [
              87.80812816016434,
              26.32568486214229
            ],
            [
              87.80876339124109,
              26.326101989741524
            ],
            [
              87.80897288465356,
              26.32651773984852
            ],
            [
              87.80897166204643,
              26.32691463932231
            ],
            [
              87.80863068671744,
              26.32735367028097
            ],
            [
              87.80893612559213,
              26.328489302090983
            ],
            [
              87.8096735085914,
              26.329220408856767
            ],
            [
              87.81059307082863,
              26.329803860890774
            ],
            [
              87.81078682755395,
              26.33041374677892
            ],
            [
              87.81088422020211,
              26.33119674608118
            ],
            [
              87.81103481287802,
              26.33143765264289
            ],
            [
              87.81137491234962,
              26.331869067056022
            ],
            [
              87.81174550243865,
              26.33232244628832
            ],
            [
              87.8121480635686,
              26.33263098381275
            ],
            [
              87.81290880276528,
              26.331918369318736
            ],
            [
              87.81312799259292,
              26.33163483331876
            ],
            [
              87.81345407295619,
              26.331656014892207
            ],
            [
              87.81366719466409,
              26.331778462006884
            ],
            [
              87.81445766809667,
              26.331732839828284
            ],
            [
              87.81495430259982,
              26.33153896106827
            ],
            [
              87.81513836201164,
              26.33125607386306
            ],
            [
              87.81543006923891,
              26.331079447039027
            ],
            [
              87.81601518420428,
              26.331037458859402
            ],
            [
              87.81650115839994,
              26.331042250079246
            ],
            [
              87.81715166981968,
              26.330782536854937
            ],
            [
              87.81767684829097,
              26.330290605015144
            ],
            [
              87.81822415586096,
              26.330122919165188
            ],
            [
              87.81886264512725,
              26.33000326567245
            ],
            [
              87.81915852592732,
              26.330246011995182
            ],
            [
              87.81957938214636,
              26.330473015383472
            ],
            [
              87.8208727333733,
              26.330292012359536
            ],
            [
              87.82147500436395,
              26.33034430066609
            ],
            [
              87.82215337703222,
              26.330440400143452
            ],
            [
              87.82270251536877,
              26.330353853373616
            ],
            [
              87.82312559222319,
              26.33000353136169
            ],
            [
              87.82347825822734,
              26.32941990320688
            ],
            [
              87.8238879771335,
              26.32914642917511
            ],
            [
              87.82471528957753,
              26.329181259677597
            ],
            [
              87.82533893777703,
              26.329291786330828
            ],
            [
              87.82608537399774,
              26.329296486643912
            ],
            [
              87.8268734372504,
              26.329142499360476
            ],
            [
              87.82767086993148,
              26.329186735330154
            ],
            [
              87.82839522825748,
              26.32909709835771
            ],
            [
              87.82907685462371,
              26.329341956809117
            ],
            [
              87.82934279816862,
              26.329134167927567
            ],
            [
              87.82995547524352,
              26.329204325691197
            ],
            [
              87.83117494093668,
              26.329078710101136
            ],
            [
              87.83180636405493,
              26.329089886850806
            ],
            [
              87.83241575509251,
              26.329015758942614
            ],
            [
              87.83275318836439,
              26.328869875692558
            ],
            [
              87.83326437737178,
              26.328432200685643
            ],
            [
              87.83366359497222,
              26.328136381107473
            ],
            [
              87.83413477481349,
              26.327924921874715
            ],
            [
              87.83460953803441,
              26.32787577813303
            ],
            [
              87.83495501122805,
              26.32809509876657
            ],
            [
              87.83534282291936,
              26.32818729119722
            ],
            [
              87.83626334725226,
              26.3279090687974
            ],
            [
              87.8365915817756,
              26.327352977862855
            ],
            [
              87.8369429362394,
              26.32693620500606
            ],
            [
              87.83837152973071,
              26.32630610616394
            ],
            [
              87.83958721261818,
              26.32600899694504
            ],
            [
              87.84001524188474,
              26.325888579141626
            ],
            [
              87.84062736200418,
              26.325931640034337
            ],
            [
              87.8409673545763,
              26.32612837840049
            ],
            [
              87.84087709275485,
              26.32657654668521
            ],
            [
              87.84076178590333,
              26.32792264495749
            ],
            [
              87.84064497976352,
              26.328750104966442
            ],
            [
              87.84080041974872,
              26.329653895058282
            ],
            [
              87.84093943403896,
              26.33027377565473
            ],
            [
              87.84111974118782,
              26.330721534998546
            ],
            [
              87.84140805368163,
              26.33107258185355
            ],
            [
              87.8418557955788,
              26.331831259274306
            ],
            [
              87.84217185523511,
              26.332303614127213
            ],
            [
              87.84263464481162,
              26.33284091200762
            ],
            [
              87.84353920877686,
              26.333866447648333
            ],
            [
              87.84428822765399,
              26.334434690696483
            ],
            [
              87.84532200169645,
              26.334740741316143
            ],
            [
              87.84612500303396,
              26.3350328599548
            ],
            [
              87.84675978225813,
              26.33541826507555
            ],
            [
              87.84731317860914,
              26.33552099581501
            ],
            [
              87.84770597595026,
              26.33583859482709
            ],
            [
              87.84806224958858,
              26.33653570926101
            ],
            [
              87.84824867067128,
              26.336807484847448
            ],
            [
              87.84891487116744,
              26.33770199967142
            ],
            [
              87.84941844335955,
              26.33849110274809
            ],
            [
              87.84985293690289,
              26.33865460868691
            ],
            [
              87.85060360778186,
              26.33884395432624
            ],
            [
              87.8515623428537,
              26.339827847873178
            ],
            [
              87.85324940590672,
              26.339774639651974
            ],
            [
              87.8539787947983,
              26.339905716365777
            ],
            [
              87.85451735637069,
              26.34001773500125
            ],
            [
              87.85463250871202,
              26.34113420576092
            ],
            [
              87.8546657284112,
              26.341498884963833
            ],
            [
              87.85473584191914,
              26.341723071999084
            ],
            [
              87.85531128562216,
              26.342136574700973
            ],
            [
              87.85621455511507,
              26.342205929210305
            ],
            [
              87.85888928168703,
              26.342184330144708
            ],
            [
              87.85998308115674,
              26.34203358900234
            ],
            [
              87.8618158949663,
              26.341774722382773
            ],
            [
              87.8628495441429,
              26.34162514720703
            ],
            [
              87.86338198369666,
              26.341687607680583
            ],
            [
              87.86379188496082,
              26.341648551272044
            ],
            [
              87.86488009511284,
              26.341475397144436
            ],
            [
              87.86530128999674,
              26.34171571234684
            ],
            [
              87.86493828258706,
              26.342723604393967
            ],
            [
              87.8650466831907,
              26.343533475072682
            ],
            [
              87.86549241375994,
              26.344197306291328
            ],
            [
              87.86557256683949,
              26.344642342335703
            ],
            [
              87.86551162243568,
              26.345049342970405
            ],
            [
              87.86536372021403,
              26.345381319108252
            ],
            [
              87.86470057219319,
              26.346187196868105
            ],
            [
              87.86435221720413,
              26.346739197261442
            ],
            [
              87.86435818291591,
              26.347005206010206
            ],
            [
              87.86452997134096,
              26.347511675091532
            ],
            [
              87.86487006362604,
              26.34770845003396
            ],
            [
              87.86561572280405,
              26.347672291228463
            ],
            [
              87.86649854214953,
              26.347719405220822
            ],
            [
              87.86745554526945,
              26.347945445374698
            ],
            [
              87.86793320376057,
              26.34824342805324
            ],
            [
              87.86862252958709,
              26.34859615490414
            ],
            [
              87.86934866837396,
              26.34880387423121
            ],
            [
              87.87006025894479,
              26.3483669516014
            ],
            [
              87.87039290868778,
              26.34801359776657
            ],
            [
              87.87095427579027,
              26.347800345899135
            ],
            [
              87.87160210304394,
              26.347644175934153
            ],
            [
              87.87187616825736,
              26.347801520387012
            ],
            [
              87.87221570987518,
              26.348196725625435
            ],
            [
              87.87349990008283,
              26.349598422169816
            ],
            [
              87.87442054928157,
              26.350433947637057
            ],
            [
              87.87486081989053,
              26.35129184204055
            ],
            [
              87.87502204412785,
              26.351554997975043
            ],
            [
              87.87575968135032,
              26.351825576717818
            ],
            [
              87.87689383314263,
              26.351908510035095
            ],
            [
              87.87784740020659,
              26.351755785242897
            ],
            [
              87.87876741788969,
              26.351454777681397
            ],
            [
              87.87951427542025,
              26.351026166747836
            ],
            [
              87.88013323082072,
              26.350482592374867
            ],
            [
              87.8804888109596,
              26.35025509131352
            ],
            [
              87.88085957891504,
              26.35003179501826
            ],
            [
              87.88109436169937,
              26.34955844431133
            ],
            [
              87.88121347022123,
              26.3492901770114
            ],
            [
              87.88127318572974,
              26.348387086844127
            ],
            [
              87.88117222407496,
              26.347910866847243
            ]
          ]
        ]
      }
    }
  ]
}