{
  "type": "FeatureCollection",
  "features": [
    {
      "type": "Feature",
      "properties": {
        "object_id": "10-211-01139",
        "stname": "BIHAR",
        "dtname": "Purnia",
        "sdtname": "Baisa",
        "st_area_sh": 0.0,
        "st_length_": 0.0,
        "remarks": "",
        "dist_lgd": 214,
        "state_lgd": 10,
        "subdt_lgd": 1139,
        "ac_no": null,
        "st_length(shape)": 132173.35304950457,
        "st_area(shape)": 275191667.549805
      },
      "geometry": {
        "type": "Polygon",
        "coordinates": [
          [
            [
              87.71340297569883,
              26.118105879228622
            ],
            [
              87.71382787613325,
              26.118060435303335
            ],
            [
              87.71503773344612,
              26.118100308132274
            ],
            [
              87.7159123844107,
              26.117869603049108
            ],
            [
              87.71637229309009,
              26.117742986315235
            ],
            [
              87.71663613457723,
              26.117635376744207
            ],
            [
              87.71672707193177,
              26.117598288106976
            ],
            [
              87.71686684709505,
              26.11737709820554
            ],
            [
              87.7173358880476,
              26.116158250679568
            ],
            [
              87.71748554198405,
              26.115770059068087
            ],
            [
              87.71787503082996,
              26.11525074264653
            ],
            [
              87.71817967020408,
              26.114889499256016
            ],
            [
              87.7182593579563,
              26.11454192600923
            ],
            [
              87.71826920079687,
              26.114352443119376
            ],
            [
              87.71823890780885,
              26.113977878925372
            ],
            [
              87.7181988959478,
              26.11387857484081
            ],
            [
              87.71814387503493,
              26.11381094973696
            ],
            [
              87.71810377873226,
              26.113698101598775
            ],
            [
              87.7181036179338,
              26.113589842202316
            ],
            [
              87.71813855072027,
              26.113463438618993
            ],
            [
              87.718228448724,
              26.113395633398802
            ],
            [
              87.71836340083249,
              26.11336850436279
            ],
            [
              87.7184884014043,
              26.11338196684421
            ],
            [
              87.7190385548371,
              26.11373813804606
            ],
            [
              87.71933876372023,
              26.11402675174581
            ],
            [
              87.71990895497379,
              26.114387425107868
            ],
            [
              87.72032396136369,
              26.11450905335685
            ],
            [
              87.7209389192611,
              26.114585346708388
            ],
            [
              87.72115385556589,
              26.114553572673064
            ],
            [
              87.72118716868988,
              26.114551172197245
            ],
            [
              87.7216587060606,
              26.11451718561664
            ],
            [
              87.7224883604126,
              26.114245854825775
            ],
            [
              87.72324805037702,
              26.114096403747418
            ],
            [
              87.7237180318657,
              26.114163751210835
            ],
            [
              87.72408303802686,
              26.114253745926437
            ],
            [
              87.72431305524862,
              26.114348392309452
            ],
            [
              87.72446298676452,
              26.11436632895919
            ],
            [
              87.72461801442297,
              26.114334579062707
            ],
            [
              87.72479785444793,
              26.114239681005046
            ],
            [
              87.72520244397379,
              26.113855797611908
            ],
            [
              87.72562703898102,
              26.113440302363653
            ],
            [
              87.72624144082128,
              26.112925428954746
            ],
            [
              87.72674103617162,
              26.112622689342647
            ],
            [
              87.72713590502778,
              26.112577268290718
            ],
            [
              87.7277058887705,
              26.112594888208598
            ],
            [
              87.72826582306014,
              26.1126531886294
            ],
            [
              87.72858096104495,
              26.11274532609467
            ],
            [
              87.728650770024,
              26.11276573529245
            ],
            [
              87.72884083018192,
              26.1128197629437
            ],
            [
              87.72895577231746,
              26.112824147748672
            ],
            [
              87.7289957931617,
              26.112810582761828
            ],
            [
              87.72901573306606,
              26.11275197186935
            ],
            [
              87.72896555856418,
              26.112612091098764
            ],
            [
              87.72884546818375,
              26.112422631699094
            ],
            [
              87.72868008474668,
              26.11202554830967
            ],
            [
              87.72856993332653,
              26.111777438666568
            ],
            [
              87.72853969064418,
              26.11152919620913
            ],
            [
              87.72850967343896,
              26.11142993602234
            ],
            [
              87.72847454481976,
              26.11128104034103
            ],
            [
              87.72848437508394,
              26.11117273030787
            ],
            [
              87.72853432141372,
              26.111082454930884
            ],
            [
              87.72888421342024,
              26.111009988393846
            ],
            [
              87.7289841563855,
              26.110982846704587
            ],
            [
              87.72904911086874,
              26.11094215674474
            ],
            [
              87.72907400228696,
              26.110811287174105
            ],
            [
              87.72907386214978,
              26.110675848658033
            ],
            [
              87.72902337413588,
              26.110098231329818
            ],
            [
              87.72881281891473,
              26.109480066681797
            ],
            [
              87.72871245104636,
              26.109051413141305
            ],
            [
              87.72853718075129,
              26.10859117435635
            ],
            [
              87.72818181800467,
              26.108085976403007
            ],
            [
              87.72797144873478,
              26.10762582174332
            ],
            [
              87.72791596339296,
              26.107079741168622
            ],
            [
              87.72786561102465,
              26.10670067506354
            ],
            [
              87.72787031640011,
              26.10636223395738
            ],
            [
              87.72791770881956,
              26.106231294726403
            ],
            [
              87.7279651021373,
              26.106100357768774
            ],
            [
              87.72811492226208,
              26.105924251935633
            ],
            [
              87.72847464543108,
              26.105729931983234
            ],
            [
              87.72869948476352,
              26.10565303994766
            ],
            [
              87.72899437562018,
              26.105648388671625
            ],
            [
              87.72955448418297,
              26.105869121604474
            ],
            [
              87.72985946940847,
              26.105927532666666
            ],
            [
              87.73029928367325,
              26.1059407467437
            ],
            [
              87.7308041647107,
              26.10589972429376
            ],
            [
              87.73097422657378,
              26.105971818896567
            ],
            [
              87.7311042675926,
              26.106057479226937
            ],
            [
              87.73129917775476,
              26.10608890628354
            ],
            [
              87.73148406631161,
              26.10605275536668
            ],
            [
              87.7316739917222,
              26.105926194399466
            ],
            [
              87.73182375435479,
              26.105709452989988
            ],
            [
              87.73217810829334,
              26.10513601068239
            ],
            [
              87.73240267902953,
              26.104711669050207
            ],
            [
              87.73261220028978,
              26.104327854397603
            ],
            [
              87.73283195156448,
              26.10406145702973
            ],
            [
              87.73306175768215,
              26.103980019036918
            ],
            [
              87.73325169836414,
              26.103952778106823
            ],
            [
              87.7334067323108,
              26.10398882964406
            ],
            [
              87.7335467149849,
              26.104097010003013
            ],
            [
              87.73354689015638,
              26.10420536127863
            ],
            [
              87.73332218018133,
              26.1044943566794
            ],
            [
              87.73273287277854,
              26.10510854334547
            ],
            [
              87.7323883823418,
              26.105514985865973
            ],
            [
              87.73224858292403,
              26.105709193241427
            ],
            [
              87.73218387996907,
              26.10596640532935
            ],
            [
              87.73213401987753,
              26.106101914641503
            ],
            [
              87.73210423533597,
              26.10634558674854
            ],
            [
              87.73219431030783,
              26.10651704715892
            ],
            [
              87.73232436929297,
              26.106589162354414
            ],
            [
              87.73253933793708,
              26.106629605376177
            ],
            [
              87.73267437628385,
              26.106633975086687
            ],
            [
              87.73310917076286,
              26.106579575930017
            ],
            [
              87.73340906972719,
              26.10651159731695
            ],
            [
              87.73365385525223,
              26.10639405377929
            ],
            [
              87.7338536522495,
              26.10626301617035
            ],
            [
              87.73414332569097,
              26.105982988865236
            ],
            [
              87.73437296741693,
              26.10566696796112
            ],
            [
              87.73462749157797,
              26.105219987285842
            ],
            [
              87.73477721917625,
              26.104998730400585
            ],
            [
              87.73523176042183,
              26.10463280401256
            ],
            [
              87.73552661444752,
              26.104510670185995
            ],
            [
              87.73574649957119,
              26.104474424399502
            ],
            [
              87.73611132337436,
              26.104442584694844
            ],
            [
              87.7363507010414,
              26.104452922314625
            ],
            [
              87.73637467797464,
              26.10454471614342
            ],
            [
              87.73638685912991,
              26.104701312093
            ],
            [
              87.73624939982342,
              26.10486887462502
            ],
            [
              87.73604616497357,
              26.104977000122386
            ],
            [
              87.73540661839017,
              26.105279944262552
            ],
            [
              87.73504212516701,
              26.105636652386536
            ],
            [
              87.7348930183046,
              26.10610124591225
            ],
            [
              87.73481098594948,
              26.10668883724418
            ],
            [
              87.73464378971215,
              26.10691578194725
            ],
            [
              87.73454219474512,
              26.107061670301402
            ],
            [
              87.73432720184647,
              26.107385832291726
            ],
            [
              87.73418391067719,
              26.107661413159086
            ],
            [
              87.73414232856099,
              26.107969252398252
            ],
            [
              87.73409550387682,
              26.108174004331698
            ],
            [
              87.73420339783063,
              26.108411556070784
            ],
            [
              87.73435898873281,
              26.108551891173366
            ],
            [
              87.73466411858703,
              26.108600269364405
            ],
            [
              87.73508879983254,
              26.10870257303139
            ],
            [
              87.7354716357555,
              26.108734661638003
            ],
            [
              87.73565098080871,
              26.108675146864897
            ],
            [
              87.73589005933675,
              26.10855609464155
            ],
            [
              87.73608133222031,
              26.108437196367856
            ],
            [
              87.73624848444015,
              26.108107588331617
            ],
            [
              87.73654691465903,
              26.107453878962662
            ],
            [
              87.7366603359468,
              26.10723235365285
            ],
            [
              87.73697087815063,
              26.10672449589841
            ],
            [
              87.73731367616135,
              26.10646477835624
            ],
            [
              87.73767241837008,
              26.106307820960925
            ],
            [
              87.73834808890595,
              26.1062155146681
            ],
            [
              87.73862479516632,
              26.106202957250805
            ],
            [
              87.73883248655832,
              26.106193531321892
            ],
            [
              87.73892225879791,
              26.106188104051604
            ],
            [
              87.7389700599508,
              26.10617178674569
            ],
            [
              87.73899995498515,
              26.106106985367795
            ],
            [
              87.73893997357531,
              26.106015192765444
            ],
            [
              87.7388381746907,
              26.105793866397793
            ],
            [
              87.73831101812914,
              26.104962622707248
            ],
            [
              87.73794585925435,
              26.104606481236523
            ],
            [
              87.73774543702962,
              26.104397666254123
            ],
            [
              87.73765554890736,
              26.104241107005304
            ],
            [
              87.73752974793666,
              26.103971143894334
            ],
            [
              87.73746979167966,
              26.10377136185291
            ],
            [
              87.73748150032105,
              26.10351757981249
            ],
            [
              87.73751125431988,
              26.103366366924718
            ],
            [
              87.73760080737057,
              26.103198868388215
            ],
            [
              87.73776809972762,
              26.103052912292632
            ],
            [
              87.73787271842392,
              26.10303120262679
            ],
            [
              87.73797733712023,
              26.103009495376977
            ],
            [
              87.73832422336379,
              26.10305250410707
            ],
            [
              87.73886863027377,
              26.10320863094815
            ],
            [
              87.7392813998586,
              26.103375725319683
            ],
            [
              87.73983189375294,
              26.103672311271584
            ],
            [
              87.74004139075866,
              26.103844959816172
            ],
            [
              87.74015518125398,
              26.103985322986993
            ],
            [
              87.74029286424098,
              26.104060822976223
            ],
            [
              87.74043041068403,
              26.10411474413469
            ],
            [
              87.74060378104228,
              26.10407674368829
            ],
            [
              87.74087866192595,
              26.10381727517753
            ],
            [
              87.74118705715625,
              26.10348088519972
            ],
            [
              87.74133025220581,
              26.103145976950817
            ],
            [
              87.74151516501715,
              26.102686790242558
            ],
            [
              87.74168217170993,
              26.102195191080227
            ],
            [
              87.74187909409831,
              26.101817026357423
            ],
            [
              87.74210705687301,
              26.101556442005283
            ],
            [
              87.74232223572291,
              26.101361927639502
            ],
            [
              87.74263902031966,
              26.101199577034762
            ],
            [
              87.74290208206914,
              26.10111298624258
            ],
            [
              87.74344006602479,
              26.100918161364277
            ],
            [
              87.74403798827119,
              26.1007610376027
            ],
            [
              87.74463142612765,
              26.10074876598053
            ],
            [
              87.74530709756186,
              26.10069426002077
            ],
            [
              87.7457489662737,
              26.100654389321853
            ],
            [
              87.74591106906337,
              26.100639762102695
            ],
            [
              87.74636561390219,
              26.100660976087454
            ],
            [
              87.74666744424437,
              26.100648669766375
            ],
            [
              87.74760512100931,
              26.100657929960516
            ],
            [
              87.74954473013311,
              26.10045947494166
            ],
            [
              87.74999832455437,
              26.100413059332396
            ],
            [
              87.75308202263412,
              26.100042863998052
            ],
            [
              87.75469151885731,
              26.100021720085078
            ],
            [
              87.75538137379156,
              26.09998163134465
            ],
            [
              87.75668129709311,
              26.099639740642367
            ],
            [
              87.75823601584692,
              26.099406386980622
            ],
            [
              87.75990060933977,
              26.09923166991415
            ],
            [
              87.76085543224849,
              26.099079008265715
            ],
            [
              87.76114219694506,
              26.099106694832752
            ],
            [
              87.7615151513999,
              26.09914270268775
            ],
            [
              87.76182004140395,
              26.09923319218951
            ],
            [
              87.76195969170138,
              26.09947254090009
            ],
            [
              87.7617792318389,
              26.10005010181431
            ],
            [
              87.76167884330927,
              26.100438076990702
            ],
            [
              87.76159329943974,
              26.10103373639989
            ],
            [
              87.76142817561578,
              26.101200655597488
            ],
            [
              87.76069779767906,
              26.10184089094227
            ],
            [
              87.76023231944494,
              26.102449749610994
            ],
            [
              87.76008190643206,
              26.102928098599502
            ],
            [
              87.76015143872999,
              26.10336592163257
            ],
            [
              87.76006536215948,
              26.10453015394529
            ],
            [
              87.76006458781171,
              26.105261346358002
            ],
            [
              87.76025936142992,
              26.105487133834536
            ],
            [
              87.76135388494178,
              26.105618874118623
            ],
            [
              87.76213875198866,
              26.105605971381095
            ],
            [
              87.76287872123764,
              26.105439531989447
            ],
            [
              87.76348422616333,
              26.104695388645535
            ],
            [
              87.76398939286504,
              26.104393394068484
            ],
            [
              87.76548434939794,
              26.10397481672882
            ],
            [
              87.76677401573558,
              26.10394421918258
            ],
            [
              87.76696892589771,
              26.10394435631898
            ],
            [
              87.76821068508126,
              26.103641169132622
            ],
            [
              87.76825883298386,
              26.10362941328559
            ],
            [
              87.76946369207047,
              26.103476896934758
            ],
            [
              87.769908597088,
              26.103337277727466
            ],
            [
              87.77014851194755,
              26.103414189839693
            ],
            [
              87.7708876852892,
              26.10413682306035
            ],
            [
              87.77158686743101,
              26.10481433912511
            ],
            [
              87.7718116950854,
              26.104877694845317
            ],
            [
              87.77237163835818,
              26.10478783569388
            ],
            [
              87.77410654298829,
              26.10433321237961
            ],
            [
              87.77640638732082,
              26.10380681569203
            ],
            [
              87.7775961861517,
              26.103586503183493
            ],
            [
              87.77897111518624,
              26.103158683127383
            ],
            [
              87.77919614675815,
              26.103041441148367
            ],
            [
              87.77897368436793,
              26.100044671838745
            ],
            [
              87.77882028535508,
              26.098203177604844
            ],
            [
              87.77866713068397,
              26.09600520838965
            ],
            [
              87.77862811056298,
              26.09489951915103
            ],
            [
              87.77889341720235,
              26.094403195196502
            ],
            [
              87.77890884756398,
              26.093924833124426
            ],
            [
              87.7786610428013,
              26.092863503353247
            ],
            [
              87.77865485610393,
              26.092837009315204
            ],
            [
              87.77864039592279,
              26.092132986950176
            ],
            [
              87.77869576538198,
              26.091690707227997
            ],
            [
              87.77879623655662,
              26.09102281417631
            ],
            [
              87.77916106395305,
              26.091135968182044
            ],
            [
              87.77954087075686,
              26.091185833198743
            ],
            [
              87.77976085110194,
              26.091109251083406
            ],
            [
              87.77972097758145,
              26.090856466980114
            ],
            [
              87.7793270636344,
              26.089809218381593
            ],
            [
              87.77917759834416,
              26.08916371260228
            ],
            [
              87.77926290056692,
              26.08880271536918
            ],
            [
              87.77968290428474,
              26.08853670217307
            ],
            [
              87.78045279641583,
              26.088334166811237
            ],
            [
              87.78059149809233,
              26.089828115638987
            ],
            [
              87.7810504886935,
              26.09091600211601
            ],
            [
              87.78151496081455,
              26.09132251009285
            ],
            [
              87.78187969119293,
              26.09143556618946
            ],
            [
              87.78261945113445,
              26.091436068807774
            ],
            [
              87.7830844532615,
              26.09117007289331
            ],
            [
              87.78333469425523,
              26.090727997679284
            ],
            [
              87.78334994944541,
              26.0903759556708
            ],
            [
              87.7834450109654,
              26.090236119130317
            ],
            [
              87.78379982843464,
              26.09027247501722
            ],
            [
              87.78488923604095,
              26.09053941609479
            ],
            [
              87.78591364963813,
              26.09076119569366
            ],
            [
              87.7868931941835,
              26.09085210716819
            ],
            [
              87.7877879054267,
              26.09071277865884
            ],
            [
              87.78845773511661,
              26.090559686368735
            ],
            [
              87.78911775520362,
              26.09027129631312
            ],
            [
              87.78944256175588,
              26.09023087425841
            ],
            [
              87.79007216668398,
              26.090461374095565
            ],
            [
              87.79087104924595,
              26.091567590149054
            ],
            [
              87.79102567356084,
              26.091824772023436
            ],
            [
              87.7912754510239,
              26.092240216610705
            ],
            [
              87.79138509669254,
              26.09261938363913
            ],
            [
              87.79162462258158,
              26.09317463117045
            ],
            [
              87.79194409583594,
              26.09370740632018
            ],
            [
              87.79223872528284,
              26.09405512863053
            ],
            [
              87.79265849813365,
              26.09423132978476
            ],
            [
              87.79321827162487,
              26.094245227695172
            ],
            [
              87.795177572718,
              26.09419669915691
            ],
            [
              87.79639703212294,
              26.094359811373703
            ],
            [
              87.796986707835,
              26.09447745494275
            ],
            [
              87.79817564877477,
              26.09546201735607
            ],
            [
              87.79876499570344,
              26.09608962396168
            ],
            [
              87.79937947030724,
              26.096455514155505
            ],
            [
              87.80010879631675,
              26.097137419777006
            ],
            [
              87.80048334887447,
              26.097733345274925
            ],
            [
              87.80079264062341,
              26.09855482012714
            ],
            [
              87.80157194260711,
              26.099259282227095
            ],
            [
              87.80210656416867,
              26.099584521836608
            ],
            [
              87.80305627476515,
              26.09958501473931
            ],
            [
              87.80344134928977,
              26.099196589004887
            ],
            [
              87.80373152488949,
              26.098903884123587
            ],
            [
              87.80412156440269,
              26.098470837123973
            ],
            [
              87.80471149972789,
              26.098344750371588
            ],
            [
              87.8057459582866,
              26.09867468038023
            ],
            [
              87.80602579427735,
              26.098796725915548
            ],
            [
              87.8065855300393,
              26.09886014297971
            ],
            [
              87.80683797729539,
              26.098867037206578
            ],
            [
              87.80709042455148,
              26.09887393223974
            ],
            [
              87.80728532573046,
              26.09887401533186
            ],
            [
              87.80828002395636,
              26.09875720468645
            ],
            [
              87.80948478063505,
              26.098518489402316
            ],
            [
              87.81051981142058,
              26.09778338899313
            ],
            [
              87.81170993633991,
              26.096962534747718
            ],
            [
              87.81229983303751,
              26.09667398299382
            ],
            [
              87.81264976816321,
              26.096520683105936
            ],
            [
              87.81338961164803,
              26.096471367330334
            ],
            [
              87.8143992066363,
              26.09644472324967
            ],
            [
              87.81495904839947,
              26.096408875104704
            ],
            [
              87.81588377864449,
              26.0963008957724
            ],
            [
              87.81721329334982,
              26.096364610262246
            ],
            [
              87.81851786183975,
              26.09637870234279
            ],
            [
              87.81938253970804,
              26.09639257418252
            ],
            [
              87.82029210459446,
              26.09651931972227
            ],
            [
              87.82047200390821,
              26.096677390641734
            ],
            [
              87.82027675957279,
              26.097358759300956
            ],
            [
              87.82020651580913,
              26.097954451334115
            ],
            [
              87.82034619575099,
              26.098410352286358
            ],
            [
              87.82053094506892,
              26.09877597626355
            ],
            [
              87.82061089243429,
              26.09882563231006
            ],
            [
              87.82138927993304,
              26.099013388171464
            ],
            [
              87.8215105066823,
              26.09904262930059
            ],
            [
              87.8221802285744,
              26.099245942353928
            ],
            [
              87.82246000258142,
              26.09948524505564
            ],
            [
              87.8226548678278,
              26.099751577017056
            ],
            [
              87.8228497330742,
              26.099846445692446
            ],
            [
              87.82304469713524,
              26.099769758726996
            ],
            [
              87.82307496407212,
              26.09925077136238
            ],
            [
              87.82315998512217,
              26.099110875245646
            ],
            [
              87.82338486577713,
              26.099165121373538
            ],
            [
              87.82385951401369,
              26.099657300392995
            ],
            [
              87.82403933876726,
              26.09986042118686
            ],
            [
              87.8245592010087,
              26.09979740560157
            ],
            [
              87.82496420286131,
              26.09944105720864
            ],
            [
              87.82534455763744,
              26.098479894196487
            ],
            [
              87.82551456919484,
              26.098267819597623
            ],
            [
              87.82584942070858,
              26.09830400519007
            ],
            [
              87.82685398513127,
              26.098584203353923
            ],
            [
              87.8270788828542,
              26.09858426869837
            ],
            [
              87.82678380424969,
              26.098999405315364
            ],
            [
              87.82644876319141,
              26.099391927402312
            ],
            [
              87.82630869877063,
              26.09956789463743
            ],
            [
              87.82640862915947,
              26.099671700241664
            ],
            [
              87.82663352418749,
              26.099784629682446
            ],
            [
              87.82727832861019,
              26.09978481522651
            ],
            [
              87.82796306494394,
              26.09998810440175
            ],
            [
              87.82881762778216,
              26.10032242230893
            ],
            [
              87.82925235668411,
              26.100552694938248
            ],
            [
              87.82960220826648,
              26.10061605377403
            ],
            [
              87.83006212323407,
              26.10058911860929
            ],
            [
              87.8309170112624,
              26.10024632616744
            ],
            [
              87.8315617608879,
              26.100111145661476
            ],
            [
              87.8319316754438,
              26.100027794624367
            ],
            [
              87.83230158730477,
              26.09994444433457
            ],
            [
              87.83331144460108,
              26.09966945434941
            ],
            [
              87.83387127558444,
              26.09957484287249
            ],
            [
              87.83439108662192,
              26.099547909888074
            ],
            [
              87.83465602585035,
              26.099412564811516
            ],
            [
              87.83496609194708,
              26.099069648720203
            ],
            [
              87.83496614494769,
              26.098767262876805
            ],
            [
              87.83471151298882,
              26.09818500291189
            ],
            [
              87.83380216639301,
              26.097006812271637
            ],
            [
              87.83328265898609,
              26.096171728167622
            ],
            [
              87.8332528942075,
              26.095724955643316
            ],
            [
              87.83345286457961,
              26.095467734744965
            ],
            [
              87.83363280431755,
              26.095431752381177
            ],
            [
              87.83413762876114,
              26.09552210518732
            ],
            [
              87.83466735630103,
              26.095725357400536
            ],
            [
              87.83557682686434,
              26.096330372340173
            ],
            [
              87.83668624534192,
              26.096912911793023
            ],
            [
              87.83737097359084,
              26.097129700968424
            ],
            [
              87.83775076871655,
              26.0971298429532
            ],
            [
              87.83824067034662,
              26.0970893450152
            ],
            [
              87.83856056131762,
              26.096976608201384
            ],
            [
              87.83867067231358,
              26.096529837944527
            ],
            [
              87.83867077831478,
              26.096376341830684
            ],
            [
              87.83828094271914,
              26.096159651294624
            ],
            [
              87.83723140863336,
              26.095757719019744
            ],
            [
              87.83570217867741,
              26.09518411819739
            ],
            [
              87.83479260480784,
              26.094845374308573
            ],
            [
              87.8343729352633,
              26.094565460038556
            ],
            [
              87.83403805859673,
              26.094299050114927
            ],
            [
              87.83389822414468,
              26.094095889813584
            ],
            [
              87.83389826097559,
              26.093972242808434
            ],
            [
              87.83389827624694,
              26.093919911119404
            ],
            [
              87.83409338403847,
              26.093527369863086
            ],
            [
              87.83438829286138,
              26.093333343141428
            ],
            [
              87.8348931837803,
              26.09316654260474
            ],
            [
              87.83533806633993,
              26.09315313265545
            ],
            [
              87.836067661844,
              26.093270619313323
            ],
            [
              87.8365574448965,
              26.09337007966226
            ],
            [
              87.83706227472999,
              26.093419881606447
            ],
            [
              87.83730216623333,
              26.0934063902037
            ],
            [
              87.83762213625607,
              26.09320787770287
            ],
            [
              87.83780224128401,
              26.09264828913987
            ],
            [
              87.83786248320529,
              26.091966869647536
            ],
            [
              87.8378730348166,
              26.09194210834298
            ],
            [
              87.83798748557369,
              26.09167350932766
            ],
            [
              87.83818246221118,
              26.091461454660006
            ],
            [
              87.83874228690632,
              26.09148420640064
            ],
            [
              87.84008665255995,
              26.09167403130741
            ],
            [
              87.84235559843994,
              26.092175551924633
            ],
            [
              87.84276795479978,
              26.092256889223542
            ],
            [
              87.8431803129562,
              26.09233822485237
            ],
            [
              87.8443298043803,
              26.092541609259168
            ],
            [
              87.84501451915447,
              26.09260495791263
            ],
            [
              87.84604908101943,
              26.092844305664173
            ],
            [
              87.84680372694353,
              26.09309269428049
            ],
            [
              87.84795314919732,
              26.093381826859424
            ],
            [
              87.84884782360959,
              26.093661796400653
            ],
            [
              87.84989735410211,
              26.093991408849043
            ],
            [
              87.85085194524554,
              26.09420374532797
            ],
            [
              87.85183156075779,
              26.094253492864897
            ],
            [
              87.85224297029332,
              26.094289132721812
            ],
            [
              87.8527712093248,
              26.094334890838955
            ],
            [
              87.8536658046853,
              26.094587832810202
            ],
            [
              87.85400060679169,
              26.094727789195417
            ],
            [
              87.85429551291969,
              26.094854166241934
            ],
            [
              87.8547303136869,
              26.094980617372602
            ],
            [
              87.85526013375326,
              26.094931066184383
            ],
            [
              87.85573997604878,
              26.09467838392158
            ],
            [
              87.8567048933264,
              26.093450925622417
            ],
            [
              87.85710979097439,
              26.09293196508148
            ],
            [
              87.85752973270846,
              26.09259810123456
            ],
            [
              87.85845437491861,
              26.092241639744874
            ],
            [
              87.86011878605346,
              26.092038772760887
            ],
            [
              87.86119830141183,
              26.092269077026288
            ],
            [
              87.86182805007043,
              26.09247217273186
            ],
            [
              87.86301255512934,
              26.09295970634967
            ],
            [
              87.86343237559083,
              26.09344268863249
            ],
            [
              87.86375709859973,
              26.094074497959244
            ],
            [
              87.86399194426617,
              26.095184756332785
            ],
            [
              87.86400688594429,
              26.095816614336293
            ],
            [
              87.86388182159212,
              26.0966921030636
            ],
            [
              87.86372683884939,
              26.097184034335395
            ],
            [
              87.86357185520839,
              26.09767596434503
            ],
            [
              87.8635167732101,
              26.098032493175154
            ],
            [
              87.86353173105789,
              26.09825813084387
            ],
            [
              87.86364165340763,
              26.098492860644594
            ],
            [
              87.8641064983295,
              26.098935121103516
            ],
            [
              87.86431547521067,
              26.099072648098847
            ],
            [
              87.86504614060826,
              26.0995534899357
            ],
            [
              87.8660507265905,
              26.100162884875065
            ],
            [
              87.86661055487895,
              26.100668402634973
            ],
            [
              87.86715527889417,
              26.10187791600952
            ],
            [
              87.86755000671485,
              26.103737340677583
            ],
            [
              87.86782991187592,
              26.104482002360854
            ],
            [
              87.86807975401767,
              26.10498748209017
            ],
            [
              87.86865458057808,
              26.10501462920466
            ],
            [
              87.86948441459317,
              26.10482507359792
            ],
            [
              87.87016732195701,
              26.10466890616098
            ],
            [
              87.87058908996603,
              26.104572457077456
            ],
            [
              87.87107890715448,
              26.104477672903965
            ],
            [
              87.87075913206617,
              26.103010932900567
            ],
            [
              87.87054917602133,
              26.102112812792
            ],
            [
              87.86964961028234,
              26.100645956809277
            ],
            [
              87.86873993400484,
              26.09935070662293
            ],
            [
              87.86818017219171,
              26.098529268822713
            ],
            [
              87.86799524231238,
              26.098199827278812
            ],
            [
              87.8676054848702,
              26.097540880902663
            ],
            [
              87.86757548742787,
              26.097324273196957
            ],
            [
              87.86754799089536,
              26.09708733383235
            ],
            [
              87.86752049256621,
              26.096850395601287
            ],
            [
              87.86780042108346,
              26.096570524852364
            ],
            [
              87.86822031071526,
              26.096191484380203
            ],
            [
              87.86913004628157,
              26.095658977087517
            ],
            [
              87.86968989163799,
              26.09554617032203
            ],
            [
              87.87080941885746,
              26.095609392303473
            ],
            [
              87.8712692718413,
              26.095699704635333
            ],
            [
              87.87199900838087,
              26.095573401915814
            ],
            [
              87.87227896115265,
              26.09544701838561
            ],
            [
              87.87231895235247,
              26.095243892347703
            ],
            [
              87.87224898077835,
              26.095018227082384
            ],
            [
              87.87170415255855,
              26.094323209891087
            ],
            [
              87.87133932426377,
              26.09379062067909
            ],
            [
              87.87107442725615,
              26.093289659614577
            ],
            [
              87.87070969058956,
              26.09185000531216
            ],
            [
              87.87038979872025,
              26.09094288626107
            ],
            [
              87.86999501610235,
              26.089764892146885
            ],
            [
              87.8698852518561,
              26.089340686762572
            ],
            [
              87.86981519224707,
              26.08906992200571
            ],
            [
              87.8698151868572,
              26.088501270329555
            ],
            [
              87.87022010426816,
              26.0875895967624
            ],
            [
              87.87093484612903,
              26.08663289401337
            ],
            [
              87.87236427685012,
              26.085242894651344
            ],
            [
              87.8724390364447,
              26.08517943793305
            ],
            [
              87.87286406713487,
              26.084818664806082
            ],
            [
              87.87301900316517,
              26.084516334912216
            ],
            [
              87.87294900015002,
              26.084137176319704
            ],
            [
              87.87270908798543,
              26.083794164624234
            ],
            [
              87.87140977374162,
              26.08259365167759
            ],
            [
              87.86988055097223,
              26.080734212867753
            ],
            [
              87.86910104417262,
              26.079863176354554
            ],
            [
              87.86868425372857,
              26.079376570114846
            ],
            [
              87.86807659464282,
              26.07866711487407
            ],
            [
              87.86761688718607,
              26.077908904608126
            ],
            [
              87.86714226769558,
              26.076442087284477
            ],
            [
              87.86686243709471,
              26.075738051012337
            ],
            [
              87.86593805629431,
              26.074627780004633
            ],
            [
              87.86546331193799,
              26.073995880212944
            ],
            [
              87.8647888038221,
              26.072817919674403
            ],
            [
              87.86477063809039,
              26.072778257339625
            ],
            [
              87.86436917200677,
              26.071901718248245
            ],
            [
              87.86433919432744,
              26.071522584157243
            ],
            [
              87.86459411644212,
              26.071152578227597
            ],
            [
              87.86576844089393,
              26.07082771388597
            ],
            [
              87.86709774898674,
              26.070710482277338
            ],
            [
              87.86897665086198,
              26.07080085094181
            ],
            [
              87.87081060014206,
              26.071003969376253
            ],
            [
              87.87168012082806,
              26.07102210633129
            ],
            [
              87.87226480909368,
              26.070972435258955
            ],
            [
              87.87276948441692,
              26.070958910605924
            ],
            [
              87.87280333114019,
              26.070637951999316
            ],
            [
              87.87286943097541,
              26.07001115138265
            ],
            [
              87.87240470822445,
              26.06969523262681
            ],
            [
              87.87163522842005,
              26.069076961811326
            ],
            [
              87.87119051115044,
              26.069085966287908
            ],
            [
              87.87067074413044,
              26.068896330687185
            ],
            [
              87.87009612687747,
              26.06849465821528
            ],
            [
              87.8697064296224,
              26.067926004224375
            ],
            [
              87.86953650879482,
              26.067470153972106
            ],
            [
              87.86857214398113,
              26.067045901683837
            ],
            [
              87.86855935197144,
              26.067040040885235
            ],
            [
              87.86788260705048,
              26.066729966053007
            ],
            [
              87.86742284299986,
              26.066323709164976
            ],
            [
              87.86721304416021,
              26.065922090005138
            ],
            [
              87.86649854484446,
              26.064820762206928
            ],
            [
              87.86544928923641,
              26.06385940201697
            ],
            [
              87.86384048741094,
              26.062360989284365
            ],
            [
              87.86328086034511,
              26.061814823351124
            ],
            [
              87.86214675706185,
              26.060781170028992
            ],
            [
              87.86154219806218,
              26.06019896722189
            ],
            [
              87.86074284118975,
              26.059648262381632
            ],
            [
              87.86053038333685,
              26.05954723283555
            ],
            [
              87.85988846520112,
              26.05924198416191
            ],
            [
              87.85879924983429,
              26.058763509875604
            ],
            [
              87.85758011292454,
              26.058370673189224
            ],
            [
              87.85706051299115,
              26.058194619806887
            ],
            [
              87.85633602979937,
              26.05794176786072
            ],
            [
              87.85500704420171,
              26.057314260963675
            ],
            [
              87.85439255342827,
              26.056885401802823
            ],
            [
              87.85392797979762,
              26.05620382902409
            ],
            [
              87.85361829368824,
              26.05572088275532
            ],
            [
              87.85345354805503,
              26.055292158991477
            ],
            [
              87.85336875517706,
              26.054281211939394
            ],
            [
              87.85356391057927,
              26.052615891842322
            ],
            [
              87.85354920066649,
              26.051302594836564
            ],
            [
              87.8534693503192,
              26.05069774991201
            ],
            [
              87.85332964791947,
              26.0499440976248
            ],
            [
              87.85322978939584,
              26.0494882629561
            ],
            [
              87.85264541284566,
              26.048517826597877
            ],
            [
              87.8520859896974,
              26.04785883704974
            ],
            [
              87.85124686171241,
              26.04698759317483
            ],
            [
              87.85014298943341,
              26.045398817829923
            ],
            [
              87.84972347170414,
              26.04469014790404
            ],
            [
              87.84937401088895,
              26.04388228535554
            ],
            [
              87.8491342720992,
              26.043236841995448
            ],
            [
              87.84900951407253,
              26.042776454994748
            ],
            [
              87.84888221740688,
              26.042365742950384
            ],
            [
              87.84875491984293,
              26.041955030274515
            ],
            [
              87.84867528958286,
              26.04087641878771
            ],
            [
              87.84895533308448,
              26.0394998970276
            ],
            [
              87.84929023490388,
              26.038913288103696
            ],
            [
              87.85015954807903,
              26.03836732607051
            ],
            [
              87.85092896589967,
              26.038065103893327
            ],
            [
              87.8515035579998,
              26.037911744225116
            ],
            [
              87.85228787527772,
              26.03773592485599
            ],
            [
              87.8539265694426,
              26.037357045044114
            ],
            [
              87.85493076735264,
              26.037140546357183
            ],
            [
              87.85497142779734,
              26.037134430619425
            ],
            [
              87.85574005420223,
              26.03701882560075
            ],
            [
              87.85602487943609,
              26.036946620734078
            ],
            [
              87.85658835757954,
              26.036361447873595
            ],
            [
              87.85659796326486,
              26.036351472301956
            ],
            [
              87.85642961538736,
              26.036305876365756
            ],
            [
              87.85592510355747,
              26.035976305764393
            ],
            [
              87.85552549608818,
              26.035588188021837
            ],
            [
              87.85514090934875,
              26.03497430900988
            ],
            [
              87.85487138242416,
              26.034324314256562
            ],
            [
              87.85450687572627,
              26.03315538913156
            ],
            [
              87.85425224556406,
              26.032320455891945
            ],
            [
              87.85422234513979,
              26.03183307424832
            ],
            [
              87.85424136606764,
              26.031357551353583
            ],
            [
              87.85424743867895,
              26.031205724640046
            ],
            [
              87.85441250590904,
              26.030045847754995
            ],
            [
              87.8545143191667,
              26.029381376035047
            ],
            [
              87.85451760700063,
              26.02935991666404
            ],
            [
              87.85461740713377,
              26.02940049372001
            ],
            [
              87.85504205693826,
              26.02965780483193
            ],
            [
              87.85532888092364,
              26.02969065933857
            ],
            [
              87.8553967216939,
              26.02969843021665
            ],
            [
              87.85581634542436,
              26.02970758462844
            ],
            [
              87.85606610042953,
              26.029657950127323
            ],
            [
              87.85637574162313,
              26.02948652810699
            ],
            [
              87.8566309152661,
              26.02913987817399
            ],
            [
              87.8569404558484,
              26.02871936817112
            ],
            [
              87.85724525602093,
              26.02807846100979
            ],
            [
              87.8573502663827,
              26.0273880157875
            ],
            [
              87.8573604586679,
              26.026318408063823
            ],
            [
              87.85730060481882,
              26.025348064108734
            ],
            [
              87.85708092361274,
              26.02451763374472
            ],
            [
              87.85672644301174,
              26.023497650707217
            ],
            [
              87.85650686870517,
              26.0221752786395
            ],
            [
              87.85646210475623,
              26.021579457096742
            ],
            [
              87.85631237985288,
              26.02100634306429
            ],
            [
              87.85583294359586,
              26.01982376599971
            ],
            [
              87.85539860725767,
              26.01887589603985
            ],
            [
              87.85487435405112,
              26.017282786650355
            ],
            [
              87.8546205656103,
              26.01690685437864
            ],
            [
              87.8544599477358,
              26.016668931340273
            ],
            [
              87.85386065466031,
              26.016276132846492
            ],
            [
              87.85318894299989,
              26.01584501333919
            ],
            [
              87.8525172349327,
              26.01541389063404
            ],
            [
              87.85169314205064,
              26.014998602290802
            ],
            [
              87.85093906206515,
              26.01462382279408
            ],
            [
              87.85044965181352,
              26.014158947917995
            ],
            [
              87.85044971289898,
              26.014014561671626
            ],
            [
              87.85059450605141,
              26.013779861994177
            ],
            [
              87.85127389291763,
              26.013351168162536
            ],
            [
              87.8521880976025,
              26.012994849842112
            ],
            [
              87.85282241239764,
              26.012818950347175
            ],
            [
              87.8534966986297,
              26.012710781750997
            ],
            [
              87.85416598214394,
              26.012670218299903
            ],
            [
              87.85445574272195,
              26.01252587301034
            ],
            [
              87.85457568398209,
              26.01233637438924
            ],
            [
              87.85458575499474,
              26.01184890409491
            ],
            [
              87.85446593231224,
              26.0110546141772
            ],
            [
              87.8542164432084,
              26.010084240103815
            ],
            [
              87.85393687401725,
              26.009113815222257
            ],
            [
              87.85344261196475,
              26.008017015892083
            ],
            [
              87.85300518542199,
              26.007208245244605
            ],
            [
              87.85266390466576,
              26.00657723505576
            ],
            [
              87.85210470340141,
              26.005566170882904
            ],
            [
              87.85142999585949,
              26.00465121526019
            ],
            [
              87.8510961630353,
              26.00419850432355
            ],
            [
              87.85040700070215,
              26.00345372913913
            ],
            [
              87.85040701417688,
              26.00325074235321
            ],
            [
              87.85049205498987,
              26.003115339318608
            ],
            [
              87.85073680907388,
              26.00295741991379
            ],
            [
              87.85139605032153,
              26.00247915038196
            ],
            [
              87.85141111237391,
              26.0022804709243
            ],
            [
              87.8512314322491,
              26.00189691571131
            ],
            [
              87.85102177983484,
              26.001359797599232
            ],
            [
              87.85088223643692,
              26.00049324335325
            ],
            [
              87.85079504415882,
              26.000051951598767
            ],
            [
              87.85056784944368,
              25.998900121927715
            ],
            [
              87.85045948207768,
              25.99855914012083
            ],
            [
              87.85045308158129,
              25.99853900088319
            ],
            [
              87.84981883236316,
              25.998412486053667
            ],
            [
              87.84938930291004,
              25.998340242901815
            ],
            [
              87.8491847529266,
              25.998073943643004
            ],
            [
              87.84936451120481,
              25.997518855124937
            ],
            [
              87.84949964297638,
              25.99675611765122
            ],
            [
              87.84951468975741,
              25.996056559676806
            ],
            [
              87.8494798243446,
              25.99574517483703
            ],
            [
              87.84944495713516,
              25.99543379078689
            ],
            [
              87.84911549102155,
              25.995153883719883
            ],
            [
              87.84904618420076,
              25.9951513378813
            ],
            [
              87.84812671089674,
              25.995117561307758
            ],
            [
              87.8480850551187,
              25.99511082327097
            ],
            [
              87.84798685758005,
              25.995094938620255
            ],
            [
              87.84799700315287,
              25.994381898635726
            ],
            [
              87.84794216459802,
              25.993691390082425
            ],
            [
              87.84786742027482,
              25.993694246818514
            ],
            [
              87.84770750578119,
              25.993700358360183
            ],
            [
              87.84751776901679,
              25.993799572158174
            ],
            [
              87.8470781963988,
              25.993889812765126
            ],
            [
              87.8467136609548,
              25.993980050073013
            ],
            [
              87.84655881475604,
              25.994025077056346
            ],
            [
              87.84642895609518,
              25.994052074666936
            ],
            [
              87.84598949037675,
              25.9941242477858
            ],
            [
              87.84554006503672,
              25.99412422114025
            ],
            [
              87.84527539889615,
              25.994137645650405
            ],
            [
              87.84512550331287,
              25.994124095986944
            ],
            [
              87.84512554733034,
              25.9941229833335
            ],
            [
              87.8451808296529,
              25.992724998631324
            ],
            [
              87.84518021700188,
              25.99272204174783
            ],
            [
              87.8449563990539,
              25.991641756100208
            ],
            [
              87.84479671093574,
              25.991095752629665
            ],
            [
              87.84468726289647,
              25.989732688145992
            ],
            [
              87.84458263162374,
              25.98850058916788
            ],
            [
              87.844597798779,
              25.988103431345053
            ],
            [
              87.84471762415643,
              25.98808080972968
            ],
            [
              87.84535677997266,
              25.988062986978274
            ],
            [
              87.84554661465346,
              25.988063006357848
            ],
            [
              87.84566671491537,
              25.98704312010076
            ],
            [
              87.84579185382769,
              25.986181001623173
            ],
            [
              87.8457519650358,
              25.985567318871837
            ],
            [
              87.84546765363828,
              25.984574255706995
            ],
            [
              87.84486375579864,
              25.98344589976653
            ],
            [
              87.84425475373156,
              25.982403215078214
            ],
            [
              87.84424859398366,
              25.98237389074483
            ],
            [
              87.84412011962667,
              25.981762329677167
            ],
            [
              87.84412521307435,
              25.981329096974193
            ],
            [
              87.8445505680563,
              25.980607918325802
            ],
            [
              87.84477470131294,
              25.980227898829117
            ],
            [
              87.84484920758261,
              25.97904926627183
            ],
            [
              87.8448799739828,
              25.978562559887788
            ],
            [
              87.84468041414074,
              25.97785408726212
            ],
            [
              87.8445557216911,
              25.977253702689598
            ],
            [
              87.84463570319244,
              25.976910774043898
            ],
            [
              87.84541989021464,
              25.97631970231875
            ],
            [
              87.84645414216081,
              25.975534284806493
            ],
            [
              87.8467982175759,
              25.975272987649447
            ],
            [
              87.84701292660688,
              25.97493450860596
            ],
            [
              87.84708302035187,
              25.9746727013444
            ],
            [
              87.84693332599124,
              25.974311673028215
            ],
            [
              87.84671868074062,
              25.973968568634408
            ],
            [
              87.84651893225237,
              25.973842171106114
            ],
            [
              87.84645463892917,
              25.97384135302743
            ],
            [
              87.845804995282,
              25.97383308825207
            ],
            [
              87.84519080993573,
              25.973914157969144
            ],
            [
              87.84471646532972,
              25.973932066853738
            ],
            [
              87.84471686597836,
              25.973921225098323
            ],
            [
              87.84472147523407,
              25.97379673260142
            ],
            [
              87.84472155159085,
              25.973449167233074
            ],
            [
              87.84473168279065,
              25.972975318669956
            ],
            [
              87.84476679613846,
              25.97241562626576
            ],
            [
              87.84477185455182,
              25.97238855665599
            ],
            [
              87.84500652235181,
              25.97238862126321
            ],
            [
              87.84512620220218,
              25.97238867294898
            ],
            [
              87.84508154605108,
              25.97167110433598
            ],
            [
              87.84522141014756,
              25.971486037327193
            ],
            [
              87.84533625706167,
              25.971409392374774
            ],
            [
              87.84551608630683,
              25.97127400434105
            ],
            [
              87.84571080333122,
              25.971138693680953
            ],
            [
              87.84592054917026,
              25.971012394061454
            ],
            [
              87.84606032882509,
              25.97089044888773
            ],
            [
              87.8461202778956,
              25.970822835755552
            ],
            [
              87.84621518131208,
              25.970655882734125
            ],
            [
              87.84620522528378,
              25.970398568339515
            ],
            [
              87.84605057940932,
              25.969947212261825
            ],
            [
              87.84577115574524,
              25.96958166217269
            ],
            [
              87.84588095861905,
              25.96947781325174
            ],
            [
              87.84647509356817,
              25.96943727767889
            ],
            [
              87.84664985631514,
              25.9694148341845
            ],
            [
              87.84669088057751,
              25.96940850332541
            ],
            [
              87.84685463536897,
              25.969383229149887
            ],
            [
              87.84705923475978,
              25.96936527111602
            ],
            [
              87.84704455628805,
              25.96866120839221
            ],
            [
              87.84694476693471,
              25.968124158877693
            ],
            [
              87.84674532836522,
              25.967009326291688
            ],
            [
              87.84666182456967,
              25.967006728155475
            ],
            [
              87.84660060887462,
              25.967004825386088
            ],
            [
              87.846546887824,
              25.966997518783742
            ],
            [
              87.84640087475942,
              25.9669776640769
            ],
            [
              87.84632657959384,
              25.966969831707495
            ],
            [
              87.84575684468444,
              25.966909775717586
            ],
            [
              87.84574179610681,
              25.966837645655776
            ],
            [
              87.84576195879335,
              25.966305055636095
            ],
            [
              87.84575719592571,
              25.965546771662485
            ],
            [
              87.84581228511051,
              25.964486282861063
            ],
            [
              87.84591224424547,
              25.964274108035053
            ],
            [
              87.84626180207871,
              25.9640531327014
            ],
            [
              87.84647657399175,
              25.963935791984667
            ],
            [
              87.8465364610785,
              25.96382754608533
            ],
            [
              87.8465764388036,
              25.96365598760762
            ],
            [
              87.84657580818626,
              25.963615310305318
            ],
            [
              87.84657579471154,
              25.96361450911616
            ],
            [
              87.846571607664,
              25.963344601753178
            ],
            [
              87.84643182711085,
              25.963182102018873
            ],
            [
              87.84636547125575,
              25.9631849223442
            ],
            [
              87.84632690927555,
              25.963186560265054
            ],
            [
              87.84623204897818,
              25.963213639261188
            ],
            [
              87.84594244830024,
              25.963299368375512
            ],
            [
              87.84572274194133,
              25.963389590394947
            ],
            [
              87.84524345929621,
              25.96347059219793
            ],
            [
              87.84523885902364,
              25.963450649669532
            ],
            [
              87.84514872027138,
              25.96305989108673
            ],
            [
              87.84476932938757,
              25.96289287697384
            ],
            [
              87.84449978898824,
              25.962798096971113
            ],
            [
              87.84439001665717,
              25.962780039398044
            ],
            [
              87.844384300677,
              25.962783530087535
            ],
            [
              87.84388058834774,
              25.96309125633152
            ],
            [
              87.84349116507882,
              25.96306406504329
            ],
            [
              87.84348026042959,
              25.963060612321875
            ],
            [
              87.84278747159762,
              25.962841278288494
            ],
            [
              87.84269243882372,
              25.96281119068864
            ],
            [
              87.84235298793574,
              25.962680214680447
            ],
            [
              87.84235805443394,
              25.962251400658452
            ],
            [
              87.8422882993538,
              25.961840729213645
            ],
            [
              87.84221315707693,
              25.96183548909909
            ],
            [
              87.84196378475407,
              25.961818097700007
            ],
            [
              87.8410751524104,
              25.9617998259459
            ],
            [
              87.8405309125871,
              25.961754624280925
            ],
            [
              87.84052903780308,
              25.961752762617426
            ],
            [
              87.84037620023729,
              25.961601072077794
            ],
            [
              87.83998211022043,
              25.96092403595217
            ],
            [
              87.83984223534418,
              25.960662204777922
            ],
            [
              87.83963270330416,
              25.960540344988754
            ],
            [
              87.83956600339431,
              25.960537552060853
            ],
            [
              87.83800517968986,
              25.960472183960444
            ],
            [
              87.8379462160712,
              25.960464913297645
            ],
            [
              87.83727132257806,
              25.960381692364553
            ],
            [
              87.83683689461171,
              25.960282297717562
            ],
            [
              87.83667725320592,
              25.960119775985472
            ],
            [
              87.83663238774739,
              25.95980837835037
            ],
            [
              87.8366823888744,
              25.959650416111355
            ],
            [
              87.83680220796364,
              25.959560258262304
            ],
            [
              87.83687215977483,
              25.959406820309365
            ],
            [
              87.83684729800102,
              25.95923981716528
            ],
            [
              87.8366876008997,
              25.959036662761694
            ],
            [
              87.83646296997635,
              25.95880194616836
            ],
            [
              87.83619847002412,
              25.958585176673605
            ],
            [
              87.83596898280838,
              25.958377518288987
            ],
            [
              87.83595897827104,
              25.958314349935097
            ],
            [
              87.83598894517061,
              25.95816541160164
            ],
            [
              87.83606884582355,
              25.957984843983358
            ],
            [
              87.83619378171663,
              25.957709680986564
            ],
            [
              87.8364035931327,
              25.957271851950626
            ],
            [
              87.83657363702949,
              25.956689793188666
            ],
            [
              87.83694328209079,
              25.955985822619564
            ],
            [
              87.83740293205538,
              25.954866636165963
            ],
            [
              87.8377226146172,
              25.954081418707407
            ],
            [
              87.8380575559625,
              25.95305254101759
            ],
            [
              87.83822755224854,
              25.95227633216644
            ],
            [
              87.83826248144173,
              25.952032603174246
            ],
            [
              87.83806296561711,
              25.951477437038946
            ],
            [
              87.83759584885591,
              25.95105150135955
            ],
            [
              87.83742919160777,
              25.950899535320776
            ],
            [
              87.83698498637787,
              25.95055645312108
            ],
            [
              87.83666055711807,
              25.950276541815192
            ],
            [
              87.83634131023912,
              25.94973486402082
            ],
            [
              87.83605698806183,
              25.949128316600444
            ],
            [
              87.8360070237657,
              25.949021725087
            ],
            [
              87.8356279122579,
              25.948322082656343
            ],
            [
              87.83519882657257,
              25.94744637897202
            ],
            [
              87.83499949939417,
              25.946913773897574
            ],
            [
              87.83480496472784,
              25.94628187303269
            ],
            [
              87.83464029724803,
              25.945880117794758
            ],
            [
              87.83446565757026,
              25.945740185746207
            ],
            [
              87.83427107169997,
              25.94559572918938
            ],
            [
              87.83416620417034,
              25.945577601931937
            ],
            [
              87.83416177727261,
              25.945581941294385
            ],
            [
              87.83387160616448,
              25.945866371129444
            ],
            [
              87.83369692516423,
              25.94584825522245
            ],
            [
              87.8336969116895,
              25.94584811870895
            ],
            [
              87.83357255341312,
              25.944584490364022
            ],
            [
              87.83371770589169,
              25.943609762130727
            ],
            [
              87.83387262844728,
              25.94293281397355
            ],
            [
              87.83399737210088,
              25.942308241887766
            ],
            [
              87.83402765520744,
              25.942156621611403
            ],
            [
              87.83413203405355,
              25.942151576107623
            ],
            [
              87.83449202222556,
              25.94213417291461
            ],
            [
              87.83517797397988,
              25.94214092206447
            ],
            [
              87.83541855269445,
              25.942143288103864
            ],
            [
              87.83543540239424,
              25.94214345370236
            ],
            [
              87.83668867258983,
              25.942310511796006
            ],
            [
              87.8367581015815,
              25.942319765912607
            ],
            [
              87.83694781768466,
              25.94227925491328
            ],
            [
              87.83696793455714,
              25.941909202647366
            ],
            [
              87.83705308855785,
              25.941155504126243
            ],
            [
              87.8375272543991,
              25.940997654185455
            ],
            [
              87.83775687456551,
              25.940929977026872
            ],
            [
              87.83795160955617,
              25.940835306973657
            ],
            [
              87.83797658272108,
              25.940736100198528
            ],
            [
              87.83799157560317,
              25.940550964348123
            ],
            [
              87.83792193371076,
              25.94022606570883
            ],
            [
              87.83784715794654,
              25.939806241639715
            ],
            [
              87.83805183099919,
              25.939553596019472
            ],
            [
              87.8383964148607,
              25.939269302000085
            ],
            [
              87.83874078222821,
              25.93917013672033
            ],
            [
              87.83877085423069,
              25.939052797049683
            ],
            [
              87.83876875217291,
              25.938884591270075
            ],
            [
              87.83876600332816,
              25.938664649947647
            ],
            [
              87.83934509598785,
              25.938114224924174
            ],
            [
              87.83905577019439,
              25.93774860504915
            ],
            [
              87.8382572604333,
              25.937089435101413
            ],
            [
              87.8377781915872,
              25.936755388689544
            ],
            [
              87.83769351728687,
              25.936322055708843
            ],
            [
              87.83759909626565,
              25.935220792624797
            ],
            [
              87.83752596531669,
              25.935241726314104
            ],
            [
              87.83739440255174,
              25.935279384002726
            ],
            [
              87.83702493535685,
              25.935468913920513
            ],
            [
              87.83695500420694,
              25.93555462930977
            ],
            [
              87.83675044703695,
              25.935540968686333
            ],
            [
              87.83675002572708,
              25.93553802086738
            ],
            [
              87.83658602479726,
              25.934390062340064
            ],
            [
              87.83628475230883,
              25.933824641334287
            ],
            [
              87.83624692155728,
              25.93375364138551
            ],
            [
              87.83563320602991,
              25.932814707935336
            ],
            [
              87.8352988962003,
              25.932476131827567
            ],
            [
              87.83508944141538,
              25.932200749262094
            ],
            [
              87.83473029496477,
              25.93167719609336
            ],
            [
              87.83487999112205,
              25.9314470387125
            ],
            [
              87.83502986604405,
              25.931352234202578
            ],
            [
              87.83578874303312,
              25.9311400303606
            ],
            [
              87.83580346372568,
              25.93113591263122
            ],
            [
              87.8363026000369,
              25.93123527533174
            ],
            [
              87.83667680943819,
              25.93158298878461
            ],
            [
              87.83721341358157,
              25.932002168398053
            ],
            [
              87.83722579056953,
              25.932011836952455
            ],
            [
              87.83789462492614,
              25.931994009746806
            ],
            [
              87.83841869307976,
              25.931917309187764
            ],
            [
              87.83845870943239,
              25.93169174905253
            ],
            [
              87.83843383957375,
              25.931493138247333
            ],
            [
              87.8378649059616,
              25.931109344911818
            ],
            [
              87.83722617415017,
              25.930757075257855
            ],
            [
              87.83704889701878,
              25.930637506355
            ],
            [
              87.83636285004302,
              25.930174782024213
            ],
            [
              87.83584396067701,
              25.929790948847895
            ],
            [
              87.8352052225774,
              25.929244705995167
            ],
            [
              87.83435700633666,
              25.928626072848715
            ],
            [
              87.83381301265177,
              25.92843184292047
            ],
            [
              87.83349365078845,
              25.928233216118205
            ],
            [
              87.83331906680625,
              25.927939766375847
            ],
            [
              87.83310944044315,
              25.92790811304304
            ],
            [
              87.83310344418862,
              25.927910687805273
            ],
            [
              87.83271014109596,
              25.928079600809752
            ],
            [
              87.8314071662174,
              25.92860718033119
            ],
            [
              87.83007924422505,
              25.929310800755598
            ],
            [
              87.82940532360733,
              25.929658177344766
            ],
            [
              87.82818734732092,
              25.930212872739904
            ],
            [
              87.82731367013011,
              25.930609724284455
            ],
            [
              87.82471767280799,
              25.931849942688952
            ],
            [
              87.82245119190512,
              25.932814906669293
            ],
            [
              87.82009975013929,
              25.9338837116563
            ],
            [
              87.81958565328537,
              25.933942156669747
            ],
            [
              87.81956629459098,
              25.933927754249368
            ],
            [
              87.81944597334352,
              25.933838231873395
            ],
            [
              87.81906448758845,
              25.933608667640996
            ],
            [
              87.81909175325394,
              25.93366263807755
            ],
            [
              87.8194124940312,
              25.93429752783728
            ],
            [
              87.82022592930073,
              25.935249533327923
            ],
            [
              87.82086060521867,
              25.93552790182595
            ],
            [
              87.8209248769823,
              25.936194015804656
            ],
            [
              87.8211684156457,
              25.937820400723705
            ],
            [
              87.82115303109813,
              25.93983860103635
            ],
            [
              87.82175543683611,
              25.940564845730083
            ],
            [
              87.82343915456302,
              25.940732348741268
            ],
            [
              87.82360132562462,
              25.941102454788723
            ],
            [
              87.82381769743725,
              25.942352493781545
            ],
            [
              87.82658280530653,
              25.944230836882344
            ],
            [
              87.8266291880196,
              25.944985015737227
            ],
            [
              87.82621597107374,
              25.94506881623099
            ],
            [
              87.82580275412788,
              25.945152615049537
            ],
            [
              87.82497632293111,
              25.945320302170906
            ],
            [
              87.82347016799987,
              25.94577425195186
            ],
            [
              87.82295272222657,
              25.94643061799732
            ],
            [
              87.82255881456771,
              25.946828663713326
            ],
            [
              87.8217169161784,
              25.946744909706858
            ],
            [
              87.82088273970724,
              25.946786818220414
            ],
            [
              87.82092136726448,
              25.947415330239387
            ],
            [
              87.82139253542762,
              25.948274220722737
            ],
            [
              87.82158561033164,
              25.949147082241204
            ],
            [
              87.82094459410446,
              25.95006184382888
            ],
            [
              87.820149020936,
              25.950732259206564
            ],
            [
              87.81976281543244,
              25.951255962729384
            ],
            [
              87.81822568299692,
              25.95120710685833
            ],
            [
              87.81724475594434,
              25.951130308958266
            ],
            [
              87.81700525790309,
              25.95177269319895
            ],
            [
              87.81787807989778,
              25.952359317320102
            ],
            [
              87.81927612438119,
              25.952415162784394
            ],
            [
              87.81931474475186,
              25.953043673836024
            ],
            [
              87.81921436340878,
              25.953679165874327
            ],
            [
              87.81895942512438,
              25.954070219727722
            ],
            [
              87.81847281671811,
              25.955229410647643
            ],
            [
              87.81712879601758,
              25.956053396623574
            ],
            [
              87.817005129444,
              25.956311711631294
            ],
            [
              87.8148351653319,
              25.95661442203004
            ],
            [
              87.81330026341327,
              25.957004559089548
            ],
            [
              87.81188357978601,
              25.95744108631148
            ],
            [
              87.81053717405838,
              25.958082780270285
            ],
            [
              87.80980485396404,
              25.958380464728524
            ],
            [
              87.80918140698721,
              25.95762879233335
            ],
            [
              87.80893837407525,
              25.957432183922027
            ],
            [
              87.80859618512231,
              25.957501591364878
            ],
            [
              87.80826996013025,
              25.957831147130996
            ],
            [
              87.80802692901497,
              25.957634538250005
            ],
            [
              87.80793429294626,
              25.957065036905735
            ],
            [
              87.80813251429852,
              25.956533103735975
            ],
            [
              87.80838845061116,
              25.95599827577915
            ],
            [
              87.80831167609543,
              25.95568893011691
            ],
            [
              87.80788962511706,
              25.955396900067814
            ],
            [
              87.8076082458206,
              25.95551540916457
            ],
            [
              87.80738757287443,
              25.95568311787347
            ],
            [
              87.8072371787262,
              25.95605600873257
            ],
            [
              87.80694302718304,
              25.95596636021365
            ],
            [
              87.80691429367037,
              25.95549805237055
            ],
            [
              87.80687279240257,
              25.95482158934165
            ],
            [
              87.80673531423147,
              25.954463041173792
            ],
            [
              87.8058015379515,
              25.9543010622671
            ],
            [
              87.80533156185274,
              25.954168071230956
            ],
            [
              87.80530283732321,
              25.953699762695035
            ],
            [
              87.80517174797045,
              25.953445293164915
            ],
            [
              87.80488388643089,
              25.953459723084258
            ],
            [
              87.80454170556277,
              25.953529120753768
            ],
            [
              87.80456723927641,
              25.95394543564048
            ],
            [
              87.8045959620093,
              25.954413743199026
            ],
            [
              87.80446162524676,
              25.955046869330204
            ],
            [
              87.80454476702126,
              25.955460203259054
            ],
            [
              87.80445836795555,
              25.955934374369313
            ],
            [
              87.8040201967094,
              25.9563216859239
            ],
            [
              87.80351483686992,
              25.95655581218963
            ],
            [
              87.80304804529881,
              25.956474808050107
            ],
            [
              87.80294256601648,
              25.95569715174317
            ],
            [
              87.80259417419649,
              25.95472287170739
            ],
            [
              87.80216575506104,
              25.954326748385533
            ],
            [
              87.80181080913275,
              25.95418798302376
            ],
            [
              87.8013471122578,
              25.954158972319167
            ],
            [
              87.80104339994509,
              25.953913240048305
            ],
            [
              87.80107538985067,
              25.953494043103536
            ],
            [
              87.80147189633561,
              25.9533697769622
            ],
            [
              87.80203795264389,
              25.95318486128939
            ],
            [
              87.802370562861,
              25.952959395191797
            ],
            [
              87.80237383272863,
              25.952071888723328
            ],
            [
              87.80230674833986,
              25.9519186074008
            ],
            [
              87.80000437255485,
              25.952033969853105
            ],
            [
              87.79632697970045,
              25.95232255763194
            ],
            [
              87.79322509343112,
              25.952582253153572
            ],
            [
              87.79282858065797,
              25.95270649670223
            ],
            [
              87.7926493209447,
              25.953550656170687
            ],
            [
              87.79240909796299,
              25.955285109362993
            ],
            [
              87.79220058461252,
              25.958479541945984
            ],
            [
              87.79185796806146,
              25.960428001067825
            ],
            [
              87.79143248911198,
              25.96102343328783
            ],
            [
              87.79030665212596,
              25.96149735583839
            ],
            [
              87.78923523597815,
              25.96191630217135
            ],
            [
              87.78788558823071,
              25.962505800266698
            ],
            [
              87.78712104916038,
              25.963222572711754
            ],
            [
              87.78680440559911,
              25.963708148867536
            ],
            [
              87.78620295566863,
              25.964260211680287
            ],
            [
              87.78482143030497,
              25.964329288807274
            ],
            [
              87.78375973931844,
              25.963964776857512
            ],
            [
              87.78271725610934,
              25.963912488910598
            ],
            [
              87.7814507654077,
              25.963975785906097
            ],
            [
              87.78047216229673,
              25.964024688166493
            ],
            [
              87.77978145036973,
              25.964059201363295
            ],
            [
              87.77981669576991,
              25.96369209602094
            ],
            [
              87.78046295905666,
              25.962929026811754
            ],
            [
              87.78070937771886,
              25.96223817926839
            ],
            [
              87.78032579799087,
              25.961631055798424
            ],
            [
              87.77952975230859,
              25.960887807962052
            ],
            [
              87.77934462929147,
              25.95974877988866
            ],
            [
              87.77890672574328,
              25.959196519835686
            ],
            [
              87.77785817890602,
              25.958100533258015
            ],
            [
              87.77691842343953,
              25.956894799652858
            ],
            [
              87.77519214443274,
              25.955101955888676
            ],
            [
              87.7745879932682,
              25.954662382995203
            ],
            [
              87.77400242734856,
              25.95547455539155
            ],
            [
              87.77345192177614,
              25.956859113194596
            ],
            [
              87.77336858416889,
              25.957385259385457
            ],
            [
              87.7728184657704,
              25.957830310364123
            ],
            [
              87.77238336676254,
              25.958269525736554
            ],
            [
              87.77216900088798,
              25.958541266070135
            ],
            [
              87.77214952181936,
              25.95916852723579
            ],
            [
              87.7722993176896,
              25.960674759209194
            ],
            [
              87.77216788697702,
              25.961359851620486
            ],
            [
              87.77256096818576,
              25.96212316038123
            ],
            [
              87.77302757111065,
              25.963143833783374
            ],
            [
              87.77247414331863,
              25.96353680262787
            ],
            [
              87.77199104732513,
              25.96413505072667
            ],
            [
              87.77237449859403,
              25.964742291307314
            ],
            [
              87.77239357072584,
              25.965054527946396
            ],
            [
              87.77231350118961,
              25.96563265898891
            ],
            [
              87.77211501393602,
              25.966164547796637
            ],
            [
              87.77216587475077,
              25.966997180387967
            ],
            [
              87.77196737941235,
              25.96752897661101
            ],
            [
              87.77162155587573,
              25.968485802207404
            ],
            [
              87.7713814308104,
              25.96928071261264
            ],
            [
              87.77068057959876,
              25.970568349142916
            ],
            [
              87.77075686004112,
              25.971817292675706
            ],
            [
              87.77174157439093,
              25.972812017382818
            ],
            [
              87.77223383859021,
              25.973309427863157
            ],
            [
              87.7733019327681,
              25.97377809364336
            ],
            [
              87.77619456457681,
              25.973977082942238
            ],
            [
              87.77677413603855,
              25.97423138289739
            ],
            [
              87.777353706602,
              25.97448567987997
            ],
            [
              87.77833708336038,
              25.974852027954295
            ],
            [
              87.7786147121905,
              25.975291310610626
            ],
            [
              87.77881121237068,
              25.975772515660214
            ],
            [
              87.77882479399948,
              25.97667822910809
            ],
            [
              87.77878519266851,
              25.977397709342647
            ],
            [
              87.77838689314625,
              25.978399550616164
            ],
            [
              87.77819683298831,
              25.979390988673543
            ],
            [
              87.77722905098328,
              25.9806477499171
            ],
            [
              87.77640952513612,
              25.981595062714813
            ],
            [
              87.77585616471772,
              25.982113711055753
            ],
            [
              87.77434273343269,
              25.981962604771947
            ],
            [
              87.77296802089216,
              25.982031225749495
            ],
            [
              87.77155403939729,
              25.982139571179818
            ],
            [
              87.77102162499637,
              25.98231721806227
            ],
            [
              87.7704893121051,
              25.982494828337874
            ],
            [
              87.77001466476686,
              25.982933971004897
            ],
            [
              87.76987079867577,
              25.983998550669234
            ],
            [
              87.7697571051985,
              25.98487282921213
            ],
            [
              87.76974734859618,
              25.986081825805776
            ],
            [
              87.76983473221543,
              25.98751254670185
            ],
            [
              87.76982497471482,
              25.98872154198414
            ],
            [
              87.76982431804635,
              25.990081191298362
            ],
            [
              87.76982863714622,
              25.990836246290886
            ],
            [
              87.76970114015629,
              25.99148463599868
            ],
            [
              87.76887247395109,
              25.99160152692747
            ],
            [
              87.76733106194159,
              25.99167840822199
            ],
            [
              87.76679870233792,
              25.991855972862123
            ],
            [
              87.76689544460581,
              25.992757525959696
            ],
            [
              87.7671193227409,
              25.994370319959344
            ],
            [
              87.76784970786412,
              25.996750893626082
            ],
            [
              87.76821950474074,
              25.998016411368102
            ],
            [
              87.76871664409705,
              25.9993134446536
            ],
            [
              87.76903445277323,
              26.00000008016969
            ],
            [
              87.7692329903325,
              26.00042901813084
            ],
            [
              87.7692462674324,
              26.000457747751867
            ],
            [
              87.76982437104695,
              26.00171286838177
            ],
            [
              87.7709436449415,
              26.00430059076269
            ],
            [
              87.76859482176475,
              26.004836247817735
            ],
            [
              87.76786562780761,
              26.004806921008402
            ],
            [
              87.7670678537667,
              26.004846701607615
            ],
            [
              87.7667698322813,
              26.004730080599465
            ],
            [
              87.76686676319541,
              26.00393635613369
            ],
            [
              87.76733039988322,
              26.00319022369846
            ],
            [
              87.76779402399461,
              26.002443996903928
            ],
            [
              87.76776200893622,
              26.00191975669838
            ],
            [
              87.76731493269067,
              26.00174478283625
            ],
            [
              87.76673070975238,
              26.001708220245188
            ],
            [
              87.76559847496492,
              26.00222481465045
            ],
            [
              87.76368836382008,
              26.003108832650934
            ],
            [
              87.76117410420564,
              26.003628576927117
            ],
            [
              87.75950608723326,
              26.003711680056693
            ],
            [
              87.75842618919256,
              26.003896861843792
            ],
            [
              87.75784205967906,
              26.00386026116868
            ],
            [
              87.75752796014673,
              26.003481460103004
            ],
            [
              87.75698497976141,
              26.001733728880637
            ],
            [
              87.75661439685898,
              26.001620701700976
            ],
            [
              87.75646934229675,
              26.001627926220117
            ],
            [
              87.75627568618278,
              26.00203201415099
            ],
            [
              87.75639621943262,
              26.002814809857735
            ],
            [
              87.75648867763495,
              26.003138863111246
            ],
            [
              87.7563715948141,
              26.003604832818972
            ],
            [
              87.75609756463498,
              26.00388144100618
            ],
            [
              87.75584373666828,
              26.003894081248927
            ],
            [
              87.75558990959992,
              26.003906718260804
            ],
            [
              87.75532376393407,
              26.004314321718255
            ],
            [
              87.75534374066935,
              26.00464198461624
            ],
            [
              87.7547749301264,
              26.00605071878465
            ],
            [
              87.75460467243059,
              26.008031226783526
            ],
            [
              87.75475651017149,
              26.010521618989902
            ],
            [
              87.75467880769605,
              26.012826169333554
            ],
            [
              87.7543269402942,
              26.01540722883995
            ],
            [
              87.75324179699055,
              26.017893391073347
            ],
            [
              87.75243936338829,
              26.019050858906652
            ],
            [
              87.7514718607593,
              26.019887787678694
            ],
            [
              87.75085501011156,
              26.02051009188493
            ],
            [
              87.75008907775424,
              26.021074024194856
            ],
            [
              87.74999999991236,
              26.021113892924298
            ],
            [
              87.74909758920886,
              26.02151778383075
            ],
            [
              87.74804148304845,
              26.02209613683034
            ],
            [
              87.74820191497167,
              26.023534337286005
            ],
            [
              87.74822586944704,
              26.023927490083256
            ],
            [
              87.74744953909028,
              26.02402663314069
            ],
            [
              87.74514678421625,
              26.024105290114388
            ],
            [
              87.74521081523139,
              26.02320257708638
            ],
            [
              87.74472079412537,
              26.022706549920624
            ],
            [
              87.74429485613678,
              26.02142067373901
            ],
            [
              87.74288162114192,
              26.021658478973862
            ],
            [
              87.74246913991625,
              26.02273803405869
            ],
            [
              87.74225018365058,
              26.023568654608738
            ],
            [
              87.74236168344198,
              26.025215858152805
            ],
            [
              87.74326195435849,
              26.026316369834664
            ],
            [
              87.74311786009534,
              26.027070112630632
            ],
            [
              87.74371937111127,
              26.029145712615787
            ],
            [
              87.74497951341878,
              26.03048962512246
            ],
            [
              87.74744930732497,
              26.03238755982201
            ],
            [
              87.74903279821898,
              26.032218239648163
            ],
            [
              87.74894906894632,
              26.033120362686507
            ],
            [
              87.74898076330614,
              26.03364046162066
            ],
            [
              87.74869232864147,
              26.03482843413922
            ],
            [
              87.74824373064983,
              26.03635053197173
            ],
            [
              87.74744923096814,
              26.036907658967287
            ],
            [
              87.74477300959958,
              26.038390218882203
            ],
            [
              87.74285945072069,
              26.03827893974235
            ],
            [
              87.74040719013222,
              26.03889472081951
            ],
            [
              87.73837361543308,
              26.038648105939732
            ],
            [
              87.73693970211869,
              26.038563421345266
            ],
            [
              87.73766629096151,
              26.04084656828452
            ],
            [
              87.7376419987196,
              26.04156864017265
            ],
            [
              87.73633353782958,
              26.04202094708114
            ],
            [
              87.7340300885578,
              26.043200192248182
            ],
            [
              87.73365134176605,
              26.04417534975049
            ],
            [
              87.73252324192381,
              26.045345060097294
            ],
            [
              87.7325494116447,
              26.046635765092653
            ],
            [
              87.730371596257,
              26.047178972816337
            ],
            [
              87.73003241396528,
              26.047829131175863
            ],
            [
              87.72859877463704,
              26.04806930973397
            ],
            [
              87.72823781628453,
              26.04672021626083
            ],
            [
              87.72683350425537,
              26.04624276427048
            ],
            [
              87.72646840556772,
              26.04581880799406
            ],
            [
              87.72699164188138,
              26.044261403162395
            ],
            [
              87.72650142224767,
              26.043517125944287
            ],
            [
              87.72518749960071,
              26.043504419750967
            ],
            [
              87.72396388189433,
              26.044064909025035
            ],
            [
              87.72311908823485,
              26.043505880604094
            ],
            [
              87.72166965113404,
              26.042811803819685
            ],
            [
              87.72162809506897,
              26.040798974053107
            ],
            [
              87.72054880967929,
              26.04056499705027
            ],
            [
              87.71923482235364,
              26.040552337350096
            ],
            [
              87.71889960612393,
              26.039875631810027
            ],
            [
              87.71817996395316,
              26.039636903824913
            ],
            [
              87.71825326827698,
              26.03748404900532
            ],
            [
              87.71884744724355,
              26.03714974135258
            ],
            [
              87.7202361537396,
              26.03694568363717
            ],
            [
              87.7207313626164,
              26.03779836122322
            ],
            [
              87.72133603210885,
              26.038041670235202
            ],
            [
              87.72227991533407,
              26.037661915662646
            ],
            [
              87.72229382574626,
              26.03629892114768
            ],
            [
              87.72387044363005,
              26.033901456223028
            ],
            [
              87.72394878211273,
              26.031960707334367
            ],
            [
              87.72499155008778,
              26.030434565820695
            ],
            [
              87.72593522939546,
              26.029987075958815
            ],
            [
              87.72756338811867,
              26.029566255800034
            ],
            [
              87.7273410928151,
              26.026587663876864
            ],
            [
              87.72559484875113,
              26.023204063216834
            ],
            [
              87.725323573705,
              26.021484713921
            ],
            [
              87.72540735418167,
              26.020085618781167
            ],
            [
              87.72519675673973,
              26.019119970838236
            ],
            [
              87.72419597602102,
              26.017017478094004
            ],
            [
              87.72162420805876,
              26.01775040036084
            ],
            [
              87.71953545344493,
              26.016709218932643
            ],
            [
              87.71720718012863,
              26.015817157742852
            ],
            [
              87.71529912702414,
              26.01581382120626
            ],
            [
              87.71396113671409,
              26.01658639602269
            ],
            [
              87.7131409883344,
              26.015305130259435
            ],
            [
              87.7124414774092,
              26.0149670740972
            ],
            [
              87.71185744671038,
              26.01547739724283
            ],
            [
              87.71110344667497,
              26.015744139801694
            ],
            [
              87.71132236161813,
              26.01466084071753
            ],
            [
              87.71167677664212,
              26.014263512189476
            ],
            [
              87.71209586856992,
              26.013604352797298
            ],
            [
              87.71211513024625,
              26.012706177644585
            ],
            [
              87.71124616382077,
              26.012869249929476
            ],
            [
              87.71078195400781,
              26.013307300617257
            ],
            [
              87.71028851840542,
              26.01467958217713
            ],
            [
              87.70952017317322,
              26.015880456659637
            ],
            [
              87.7086061580329,
              26.015894546313017
            ],
            [
              87.70758762840083,
              26.01659017008654
            ],
            [
              87.70653448757918,
              26.01768745926962
            ],
            [
              87.70599695637438,
              26.02050400514881
            ],
            [
              87.70491391602684,
              26.02178177527605
            ],
            [
              87.70244642090945,
              26.021855328704504
            ],
            [
              87.70144716463182,
              26.021580597743892
            ],
            [
              87.69904409758495,
              26.020868776067328
            ],
            [
              87.69787097418069,
              26.02200214804239
            ],
            [
              87.69678779998412,
              26.023243839197253
            ],
            [
              87.69692317879242,
              26.02399293187256
            ],
            [
              87.69608394929777,
              26.024006843767555
            ],
            [
              87.69552428989263,
              26.023591966036157
            ],
            [
              87.69432025366278,
              26.023249543966493
            ],
            [
              87.69382510587145,
              26.022252314286792
            ],
            [
              87.69443372884948,
              26.020983869862423
            ],
            [
              87.69451252726957,
              26.018970973916765
            ],
            [
              87.69355332866706,
              26.018772806725206
            ],
            [
              87.6923647111208,
              26.01900812609069
            ],
            [
              87.69233623901788,
              26.02170696733317
            ],
            [
              87.69175750658259,
              26.022831022889875
            ],
            [
              87.69186309006949,
              26.024054058954174
            ],
            [
              87.69176367441533,
              26.024988328882152
            ],
            [
              87.69041501840793,
              26.02501151167822
            ],
            [
              87.68978479094729,
              26.023581089307964
            ],
            [
              87.68897504416029,
              26.022660737183
            ],
            [
              87.6883510878387,
              26.023356097251362
            ],
            [
              87.68813174529745,
              26.02421815276986
            ],
            [
              87.68835728262088,
              26.025612625717475
            ],
            [
              87.68653926855563,
              26.026186590666914
            ],
            [
              87.68388199175806,
              26.02659388833164
            ],
            [
              87.68295763161893,
              26.025993982886778
            ],
            [
              87.68200865314941,
              26.026368960171403
            ],
            [
              87.67983605966849,
              26.027159613287598
            ],
            [
              87.67752393267106,
              26.02877618071461
            ],
            [
              87.67620088493746,
              26.030275064743503
            ],
            [
              87.67527739077423,
              26.03183689625272
            ],
            [
              87.67425941809763,
              26.034621836281143
            ],
            [
              87.67351608555624,
              26.037113335074924
            ],
            [
              87.67364692787233,
              26.0394420952948
            ],
            [
              87.67440698884094,
              26.04098077926402
            ],
            [
              87.67424285316379,
              26.04278158173323
            ],
            [
              87.67641152460023,
              26.043823376829
            ],
            [
              87.67665162271611,
              26.04428815032006
            ],
            [
              87.67572793272015,
              26.0458094353126
            ],
            [
              87.67562833111471,
              26.046599217292865
            ],
            [
              87.67636308564347,
              26.047339148216928
            ],
            [
              87.67862122119735,
              26.046945688104405
            ],
            [
              87.67929568978741,
              26.04697252100696
            ],
            [
              87.67916648510007,
              26.048443795155425
            ],
            [
              87.6786272300283,
              26.04906683403218
            ],
            [
              87.67890289064964,
              26.05099834963942
            ],
            [
              87.67652993692772,
              26.051680679840157
            ],
            [
              87.6750764493233,
              26.052705749890894
            ],
            [
              87.67428193526855,
              26.052687941792588
            ],
            [
              87.67363723864365,
              26.052123963745895
            ],
            [
              87.67349179870423,
              26.050973209234748
            ],
            [
              87.67370118881043,
              26.04975458518793
            ],
            [
              87.67325632242047,
              26.049217710308035
            ],
            [
              87.671612366823,
              26.048744293323516
            ],
            [
              87.6714139388582,
              26.05241354775726
            ],
            [
              87.67061015059645,
              26.054074636251535
            ],
            [
              87.66971106096457,
              26.054810613993162
            ],
            [
              87.66895151832385,
              26.054711546993563
            ],
            [
              87.66769262557291,
              26.05527607266016
            ],
            [
              87.66828292920734,
              26.057027008403363
            ],
            [
              87.6692030286371,
              26.059129775790726
            ],
            [
              87.6690286090466,
              26.060425157175153
            ],
            [
              87.6681098822426,
              26.0620591678951
            ],
            [
              87.66631651255884,
              26.063670874789967
            ],
            [
              87.66217530155693,
              26.06726447867913
            ],
            [
              87.66241066016137,
              26.06901997110023
            ],
            [
              87.6619511763851,
              26.069742197829573
            ],
            [
              87.66281618573177,
              26.071276483345766
            ],
            [
              87.66345658661298,
              26.073487723251795
            ],
            [
              87.66376206142029,
              26.075419226796438
            ],
            [
              87.6639474494404,
              26.076580054643497
            ],
            [
              87.66427215627965,
              26.07621892096491
            ],
            [
              87.66477676961912,
              26.075776505253693
            ],
            [
              87.66516642016184,
              26.075496605080613
            ],
            [
              87.66557115970633,
              26.07539270702341
            ],
            [
              87.66587600479465,
              26.075392564205366
            ],
            [
              87.66631086035906,
              26.075469202597272
            ],
            [
              87.66661074584867,
              26.075581949642636
            ],
            [
              87.6669005522408,
              26.075644991179594
            ],
            [
              87.66750525137766,
              26.07569899079188
            ],
            [
              87.6679300152682,
              26.075617657315767
            ],
            [
              87.6681948934112,
              26.075622120168962
            ],
            [
              87.66844977779664,
              26.075662655391174
            ],
            [
              87.66883458103007,
              26.075639923974222
            ],
            [
              87.66893057859458,
              26.075622793913748
            ],
            [
              87.66895228279016,
              26.075618920889838
            ],
            [
              87.66921432944339,
              26.075572158957254
            ],
            [
              87.66976402563373,
              26.07537791607672
            ],
            [
              87.67025365058271,
              26.075309999214255
            ],
            [
              87.67050851879847,
              26.075242268702297
            ],
            [
              87.67075837890654,
              26.07512029461816
            ],
            [
              87.67081825162023,
              26.075012025335532
            ],
            [
              87.67088808575211,
              26.074687003868874
            ],
            [
              87.67087288086762,
              26.07401907994586
            ],
            [
              87.67083780435071,
              26.073732514670027
            ],
            [
              87.67080272783382,
              26.073445948692868
            ],
            [
              87.67069751355447,
              26.072913433919105
            ],
            [
              87.67054744459637,
              26.072597560917217
            ],
            [
              87.67045240194099,
              26.072358362995008
            ],
            [
              87.67038734774475,
              26.072083087895773
            ],
            [
              87.67038731091384,
              26.071848414051463
            ],
            [
              87.67040726698785,
              26.071753693741073
            ],
            [
              87.67055708711264,
              26.071604645080985
            ],
            [
              87.67077195514544,
              26.071536918880966
            ],
            [
              87.6711416900383,
              26.071469104688703
            ],
            [
              87.67143652699602,
              26.071468998983693
            ],
            [
              87.67247093435071,
              26.071491269658715
            ],
            [
              87.67276085842214,
              26.071558814330857
            ],
            [
              87.67310565159113,
              26.07165797520977
            ],
            [
              87.67346053463737,
              26.07170300062794
            ],
            [
              87.67383530099414,
              26.071815745651477
            ],
            [
              87.6742702302204,
              26.07206382789399
            ],
            [
              87.6747250912662,
              26.0723524483998
            ],
            [
              87.67500504403797,
              26.072668340621608
            ],
            [
              87.67508088700079,
              26.072906588190843
            ],
            [
              87.67515012914289,
              26.073124098826355
            ],
            [
              87.67532039402522,
              26.073751386281888
            ],
            [
              87.67531056286275,
              26.07433807096595
            ],
            [
              87.67537565209328,
              26.07447790068084
            ],
            [
              87.67555558464468,
              26.074680943344834
            ],
            [
              87.67576055234476,
              26.074838811381017
            ],
            [
              87.67583551855184,
              26.07487042433871
            ],
            [
              87.67600543309118,
              26.074843262160623
            ],
            [
              87.67619531628102,
              26.07481158303098
            ],
            [
              87.67732969444876,
              26.074653214688368
            ],
            [
              87.67760953043955,
              26.074598988665386
            ],
            [
              87.67781938587305,
              26.074580849036785
            ],
            [
              87.67802425116517,
              26.07459884907391
            ],
            [
              87.67820915140011,
              26.07463942418781
            ],
            [
              87.67838908934142,
              26.074738623609154
            ],
            [
              87.67851414201549,
              26.074855869743395
            ],
            [
              87.67868920659637,
              26.075289088055285
            ],
            [
              87.67876937404895,
              26.075753905380168
            ],
            [
              87.6789647315721,
              26.07680987535338
            ],
            [
              87.6791202245579,
              26.077870455101465
            ],
            [
              87.6790456922371,
              26.078867828943572
            ],
            [
              87.67903592665162,
              26.079445573870604
            ],
            [
              87.67895612660999,
              26.079824641963587
            ],
            [
              87.6787917115568,
              26.080858283738067
            ],
            [
              87.6788621825942,
              26.081860122171445
            ],
            [
              87.67882762979511,
              26.0828034019707
            ],
            [
              87.67906289677141,
              26.083755525833435
            ],
            [
              87.67911757093455,
              26.08406728863259
            ],
            [
              87.67912378098812,
              26.08410269922761
            ],
            [
              87.67919823695212,
              26.08452726004329
            ],
            [
              87.67918347314041,
              26.085104938309296
            ],
            [
              87.67920882629271,
              26.08587664829168
            ],
            [
              87.67908422277627,
              26.086671006624925
            ],
            [
              87.6790343545999,
              26.086901218184945
            ],
            [
              87.67902440396149,
              26.086995982715628
            ],
            [
              87.67904444896875,
              26.087090788316456
            ],
            [
              87.67911447713671,
              26.08713136071404
            ],
            [
              87.6791843759473,
              26.087149361241725
            ],
            [
              87.67940928714495,
              26.08717186936033
            ],
            [
              87.67971421757322,
              26.087198785830843
            ],
            [
              87.67989413934485,
              26.087135544782065
            ],
            [
              87.68016889087113,
              26.08702716236508
            ],
            [
              87.6804587529588,
              26.08697288317752
            ],
            [
              87.68100353626284,
              26.086891396174234
            ],
            [
              87.68130834811346,
              26.086846163601678
            ],
            [
              87.68161826958143,
              26.086837025755024
            ],
            [
              87.68194808693633,
              26.086913660688204
            ],
            [
              87.68248299955205,
              26.087233841293195
            ],
            [
              87.68351787762396,
              26.087743435998
            ],
            [
              87.68416285631986,
              26.08829830165877
            ],
            [
              87.68427783887961,
              26.08845161716173
            ],
            [
              87.68435785361856,
              26.088523833856687
            ],
            [
              87.68438793011263,
              26.088537325015672
            ],
            [
              87.68441782784188,
              26.088537363741633
            ],
            [
              87.68447282539856,
              26.088537283869332
            ],
            [
              87.68462280811838,
              26.08851923595448
            ],
            [
              87.68498253218571,
              26.088252788059325
            ],
            [
              87.6853572257789,
              26.08798184329028
            ],
            [
              87.68586177264307,
              26.087584502643
            ],
            [
              87.68623152101063,
              26.087340576034816
            ],
            [
              87.68662620840712,
              26.087155403370627
            ],
            [
              87.68704102165925,
              26.087146205038046
            ],
            [
              87.6873209501765,
              26.087155075002837
            ],
            [
              87.6873808875689,
              26.087213751166342
            ],
            [
              87.6874359596857,
              26.0873807126744
            ],
            [
              87.68749621059013,
              26.08773274997892
            ],
            [
              87.68751644873517,
              26.088269811388432
            ],
            [
              87.68762173398142,
              26.0889015429602
            ],
            [
              87.68768695167105,
              26.089298704062813
            ],
            [
              87.68789708378567,
              26.089853729352587
            ],
            [
              87.68812725012778,
              26.090192044772543
            ],
            [
              87.68839250915643,
              26.09099077960433
            ],
            [
              87.68859265559837,
              26.091410411874943
            ],
            [
              87.68881780125633,
              26.091744325096936
            ],
            [
              87.68885332962584,
              26.091804226053885
            ],
            [
              87.68893283232512,
              26.091938268129766
            ],
            [
              87.68891788166383,
              26.09201499814758
            ],
            [
              87.68886789580817,
              26.09205117437952
            ],
            [
              87.68877299957819,
              26.092051175186302
            ],
            [
              87.68863799357078,
              26.0920151611145
            ],
            [
              87.68854303984861,
              26.091988073910517
            ],
            [
              87.68843807080935,
              26.091992638598974
            ],
            [
              87.68836313783989,
              26.09203787160238
            ],
            [
              87.68820329610983,
              26.092200351097784
            ],
            [
              87.68798365622625,
              26.092687898756502
            ],
            [
              87.68751429188018,
              26.093649414314886
            ],
            [
              87.6871299512791,
              26.09454767766741
            ],
            [
              87.68706004887527,
              26.094786927861595
            ],
            [
              87.68706023662317,
              26.095161463985704
            ],
            [
              87.68691055933056,
              26.09555865466333
            ],
            [
              87.68659114356835,
              26.096583289828285
            ],
            [
              87.68641167634422,
              26.09735967413291
            ],
            [
              87.68636688814081,
              26.097738757609793
            ],
            [
              87.68632695263655,
              26.097955380682453
            ],
            [
              87.68615718811584,
              26.098167566369092
            ],
            [
              87.68592227058419,
              26.09828498103272
            ],
            [
              87.68560747216256,
              26.09838896122098
            ],
            [
              87.68486279394486,
              26.098497600944693
            ],
            [
              87.68446295740515,
              26.09864667666949
            ],
            [
              87.68377837917488,
              26.098944821902002
            ],
            [
              87.68336854797936,
              26.099044280653352
            ],
            [
              87.68214413077237,
              26.099441950242973
            ],
            [
              87.68145943306617,
              26.099703967190244
            ],
            [
              87.68108464155658,
              26.099776347962546
            ],
            [
              87.68066975464264,
              26.099866703059742
            ],
            [
              87.6805655240185,
              26.099903719071467
            ],
            [
              87.68055978108889,
              26.09990575924752
            ],
            [
              87.68052983844385,
              26.099916393331824
            ],
            [
              87.68047990289385,
              26.099979654093442
            ],
            [
              87.68048496040888,
              26.100110464797268
            ],
            [
              87.680549988554,
              26.100218781044475
            ],
            [
              87.68077503539729,
              26.10038114914494
            ],
            [
              87.68187496317387,
              26.101035186048332
            ],
            [
              87.68281496477877,
              26.101666584896392
            ],
            [
              87.68330002089621,
              26.10198230119281
            ],
            [
              87.68371004433124,
              26.102275526755637
            ],
            [
              87.68377503564541,
              26.1023251506619
            ],
            [
              87.68387003967321,
              26.10232506192536
            ],
            [
              87.6845247444287,
              26.10223455222834
            ],
            [
              87.68502960839817,
              26.10220732379879
            ],
            [
              87.6859643880963,
              26.102419042761845
            ],
            [
              87.68673420297227,
              26.102517953233164
            ],
            [
              87.68703415942879,
              26.102576479713242
            ],
            [
              87.6871741834254,
              26.102630620170167
            ],
            [
              87.6872491801752,
              26.10268472833432
            ],
            [
              87.68746795228623,
              26.10265648276897
            ],
            [
              87.68776312341724,
              26.102724830668613
            ],
            [
              87.68830965933442,
              26.102980474659706
            ],
            [
              87.68937079875538,
              26.103434107779933
            ],
            [
              87.69009349519807,
              26.103672263677083
            ],
            [
              87.69041658417147,
              26.10373338468879
            ],
            [
              87.69107077868387,
              26.10392409804464
            ],
            [
              87.69158133527728,
              26.104006754976336
            ],
            [
              87.69204596011188,
              26.104008585342903
            ],
            [
              87.69252448188398,
              26.103867806757087
            ],
            [
              87.69315849574352,
              26.10363685416494
            ],
            [
              87.69363692588742,
              26.10334470410503
            ],
            [
              87.69402763913709,
              26.103099447051033
            ],
            [
              87.69415923334306,
              26.103066947905685
            ],
            [
              87.69431479460083,
              26.10309570481367
            ],
            [
              87.69439062858046,
              26.10318937284184
            ],
            [
              87.69441872608591,
              26.103492094127347
            ],
            [
              87.69452393856864,
              26.103767504280956
            ],
            [
              87.69463176514883,
              26.104005315044926
            ],
            [
              87.69488714360769,
              26.10421422188314
            ],
            [
              87.69529395466724,
              26.104210420793596
            ],
            [
              87.69621553092732,
              26.104035126864922
            ],
            [
              87.69722852603893,
              26.103958940370525
            ],
            [
              87.69760351517786,
              26.103937680196292
            ],
            [
              87.6981218844193,
              26.103750011295737
            ],
            [
              87.6985685573213,
              26.103717347767173
            ],
            [
              87.69889567883203,
              26.1038397163611
            ],
            [
              87.6995014658287,
              26.104172797905974
            ],
            [
              87.69966651329584,
              26.104262922121915
            ],
            [
              87.69979650939892,
              26.104294435975863
            ],
            [
              87.69995640323128,
              26.104258265143823
            ],
            [
              87.70015629634833,
              26.104154360355313
            ],
            [
              87.70020683915948,
              26.10414275863638
            ],
            [
              87.70051113268217,
              26.104072907906858
            ],
            [
              87.7006710768202,
              26.104095427289696
            ],
            [
              87.70075109155917,
              26.104181177729824
            ],
            [
              87.70079121391302,
              26.10428490986451
            ],
            [
              87.7007512577475,
              26.1043932746796
            ],
            [
              87.70068633740023,
              26.10447449377407
            ],
            [
              87.70063643329128,
              26.104591845638176
            ],
            [
              87.70064651867696,
              26.104673151716128
            ],
            [
              87.70072151003689,
              26.104822041292973
            ],
            [
              87.70082157068144,
              26.104948326764823
            ],
            [
              87.70099670443261,
              26.105237046059614
            ],
            [
              87.70105191129669,
              26.105539440181243
            ],
            [
              87.701052194266,
              26.105972665094118
            ],
            [
              87.70118771770302,
              26.10683006093918
            ],
            [
              87.7012179019949,
              26.10707831095502
            ],
            [
              87.70150319165776,
              26.10764224935863
            ],
            [
              87.70159839421325,
              26.107976230787063
            ],
            [
              87.70182367372021,
              26.108522131324154
            ],
            [
              87.701978736413,
              26.108747739880304
            ],
            [
              87.70204382833847,
              26.108828958369937
            ],
            [
              87.70213383234342,
              26.108878542389025
            ],
            [
              87.7022787746162,
              26.10888298300076
            ],
            [
              87.70281357673913,
              26.108824035378845
            ],
            [
              87.70350335980815,
              26.10869272623172
            ],
            [
              87.70446795998043,
              26.108376324651132
            ],
            [
              87.70492761623322,
              26.10807818813795
            ],
            [
              87.7051825248732,
              26.107992337303713
            ],
            [
              87.70533240518509,
              26.1079200019496
            ],
            [
              87.7054873645716,
              26.107910936734974
            ],
            [
              87.70568233671749,
              26.107919823678365
            ],
            [
              87.70617723208223,
              26.1080278301958
            ],
            [
              87.70661731763823,
              26.10828481535292
            ],
            [
              87.70721235719087,
              26.10851467381593
            ],
            [
              87.70778722866706,
              26.108550498890473
            ],
            [
              87.70828212043857,
              26.108541115903435
            ],
            [
              87.70874203540613,
              26.108635650753914
            ],
            [
              87.70892205958572,
              26.108703207866395
            ],
            [
              87.70934203635407,
              26.108874505102495
            ],
            [
              87.70952721596505,
              26.10910004764007
            ],
            [
              87.70974239930652,
              26.109474517760425
            ],
            [
              87.71001916305903,
              26.109842840054213
            ],
            [
              87.7101627228246,
              26.11003389030123
            ],
            [
              87.71071816643611,
              26.11079178106906
            ],
            [
              87.71098838865673,
              26.11117067338905
            ],
            [
              87.71120359894766,
              26.111581256249835
            ],
            [
              87.7112939595838,
              26.112068573888944
            ],
            [
              87.71126909511504,
              26.112240162226065
            ],
            [
              87.71110430276943,
              26.112542554366723
            ],
            [
              87.71062985395886,
              26.1131070560519
            ],
            [
              87.71018048521272,
              26.11393319322702
            ],
            [
              87.71002619776603,
              26.11475011065586
            ],
            [
              87.7099564597539,
              26.115093205803966
            ],
            [
              87.70992667341571,
              26.115427165138463
            ],
            [
              87.71001177621247,
              26.115657263637466
            ],
            [
              87.71014690618738,
              26.115824182122914
            ],
            [
              87.7104469443906,
              26.115905231955637
            ],
            [
              87.7109919477819,
              26.116040332092737
            ],
            [
              87.71170683516982,
              26.11613468181318
            ],
            [
              87.71260183387393,
              26.116292065611244
            ],
            [
              87.71278178259503,
              26.116377677242923
            ],
            [
              87.7128519338322,
              26.11649949619766
            ],
            [
              87.71288220076904,
              26.1168560031222
            ],
            [
              87.71287760319143,
              26.117384058287698
            ],
            [
              87.71296281558266,
              26.117713477235625
            ],
            [
              87.71305793818807,
              26.11791201185681
            ],
            [
              87.71318804568226,
              26.118074347319983
            ],
            [
              87.71340297569883,
              26.118105879228622
            ]
          ]
        ]
      }
    }
  ]
}