{
  "type": "FeatureCollection",
  "features": [
    {
      "type": "Feature",
      "properties": {
        "object_id": "10-203-01021",
        "stname": "BIHAR",
        "dtname": "Pashchim Champaran",
        "sdtname": "Madhubani",
        "st_area_sh": 0.0,
        "st_length_": 0.0,
        "remarks": "",
        "dist_lgd": 211,
        "state_lgd": 10,
        "subdt_lgd": 1021,
        "ac_no": null,
        "st_length(shape)": 144670.82201821523,
        "st_area(shape)": 386116138.1353823
      },
      "geometry": {
        "type": "Polygon",
        "coordinates": [
          [
            [
              84.02040369614372,
              27.175064872120565
            ],
            [
              84.02094929960963,
              27.172799629250306
            ],
            [
              84.02108292939802,
              27.17145331260821
            ],
            [
              84.02158184921525,
              27.170492625214187
            ],
            [
              84.02182374755496,
              27.1697755078053
            ],
            [
              84.02251663879485,
              27.16936285661767
            ],
            [
              84.02387861681794,
              27.16917002889257
            ],
            [
              84.02529347686514,
              27.169252381333695
            ],
            [
              84.02649035082719,
              27.16941926703788
            ],
            [
              84.027168713614,
              27.169243977781505
            ],
            [
              84.02783897719021,
              27.168120846730236
            ],
            [
              84.02885560778377,
              27.166791464153754
            ],
            [
              84.03028042026602,
              27.16580705412003
            ],
            [
              84.03123792734083,
              27.16538759006265
            ],
            [
              84.03346912241935,
              27.164777466212392
            ],
            [
              84.03486498489494,
              27.16426777938898
            ],
            [
              84.03573929899129,
              27.16400836428504
            ],
            [
              84.03625956996619,
              27.163718577607778
            ],
            [
              84.03620150106958,
              27.163285572985792
            ],
            [
              84.03492277172053,
              27.163318337795122
            ],
            [
              84.03412909759061,
              27.163338668836026
            ],
            [
              84.03446544929085,
              27.162816586385553
            ],
            [
              84.03461651358232,
              27.16202279496204
            ],
            [
              84.03470582588446,
              27.160677581610965
            ],
            [
              84.03452047828854,
              27.159023416328747
            ],
            [
              84.03477484973594,
              27.157318540090202
            ],
            [
              84.03552804038931,
              27.1560352846956
            ],
            [
              84.0364185430254,
              27.154906543986634
            ],
            [
              84.03831806482964,
              27.15359388469422
            ],
            [
              84.04017602517898,
              27.1523613327879
            ],
            [
              84.03934941072588,
              27.14997311536209
            ],
            [
              84.03830858041687,
              27.147787954755067
            ],
            [
              84.03758735721125,
              27.14662145295894
            ],
            [
              84.03694229137875,
              27.1457690801291
            ],
            [
              84.03678465680932,
              27.143600700232206
            ],
            [
              84.03681840022632,
              27.14190135384466
            ],
            [
              84.03671240890431,
              27.13996865920186
            ],
            [
              84.0368495250543,
              27.138740695928508
            ],
            [
              84.03699918887222,
              27.1365249780916
            ],
            [
              84.03734410600872,
              27.13489661696208
            ],
            [
              84.03766568132085,
              27.131847088829677
            ],
            [
              84.03797896877617,
              27.129232181194567
            ],
            [
              84.03821795837102,
              27.12705358911321
            ],
            [
              84.0388247811252,
              27.125339512052697
            ],
            [
              84.03916585077734,
              27.12359280337181
            ],
            [
              84.0395169123904,
              27.120779408174258
            ],
            [
              84.03999524910951,
              27.119187122344485
            ],
            [
              84.04035779209016,
              27.11811129475685
            ],
            [
              84.04038019876829,
              27.116056745206674
            ],
            [
              84.04035652995721,
              27.114635471972797
            ],
            [
              84.04005263169324,
              27.112036254820485
            ],
            [
              84.04256080162833,
              27.109088369320617
            ],
            [
              84.04344837934987,
              27.10788061681022
            ],
            [
              84.04474525736262,
              27.10705723712916
            ],
            [
              84.04706860341959,
              27.10660253534078
            ],
            [
              84.04939436414806,
              27.106226715339012
            ],
            [
              84.05075308398159,
              27.10595481893697
            ],
            [
              84.05275004784134,
              27.104955392872576
            ],
            [
              84.05614324877416,
              27.103485443682164
            ],
            [
              84.06001239780575,
              27.101726757699964
            ],
            [
              84.05966002195744,
              27.099825441323905
            ],
            [
              84.057679402046,
              27.096278748231015
            ],
            [
              84.0572629161308,
              27.09449059732349
            ],
            [
              84.05806160555495,
              27.092542576139525
            ],
            [
              84.0574196622664,
              27.09043897665009
            ],
            [
              84.05947005612265,
              27.08723800570125
            ],
            [
              84.06212096386483,
              27.084856634809352
            ],
            [
              84.06397325225143,
              27.084423380766847
            ],
            [
              84.06532135759157,
              27.083938767089116
            ],
            [
              84.06690331955299,
              27.084026434639735
            ],
            [
              84.06811838619619,
              27.083866491756048
            ],
            [
              84.06938851776967,
              27.083191231094627
            ],
            [
              84.06982016185695,
              27.08099562305203
            ],
            [
              84.07063100728352,
              27.079432718104496
            ],
            [
              84.0712983522334,
              27.07787342667687
            ],
            [
              84.07226507422638,
              27.07669200718587
            ],
            [
              84.07310913935218,
              27.076156181713646
            ],
            [
              84.07509426072153,
              27.075398089144223
            ],
            [
              84.07751590403016,
              27.074821380859298
            ],
            [
              84.07880665732931,
              27.074787931027046
            ],
            [
              84.08009127783001,
              27.074561816650046
            ],
            [
              84.0804353200074,
              27.07410318591489
            ],
            [
              84.08033657988634,
              27.073270500831725
            ],
            [
              84.08103503798604,
              27.072674136380986
            ],
            [
              84.0810204960582,
              27.07222480064404
            ],
            [
              84.08232784663055,
              27.072704873628634
            ],
            [
              84.08875154381874,
              27.06938992005717
            ],
            [
              84.0908716038219,
              27.06837111769873
            ],
            [
              84.09177466580397,
              27.067448114636825
            ],
            [
              84.09404636412202,
              27.06668231665049
            ],
            [
              84.09624640382982,
              27.0659182588922
            ],
            [
              84.0975267321801,
              27.065563659123463
            ],
            [
              84.09962709482397,
              27.06615148291282
            ],
            [
              84.10093520986263,
              27.064446886307294
            ],
            [
              84.10439168003923,
              27.0648065748452
            ],
            [
              84.10841145498439,
              27.06483012436409
            ],
            [
              84.10909718485483,
              27.06384850784426
            ],
            [
              84.10909142395892,
              27.061471423780446
            ],
            [
              84.1105254899869,
              27.061433966930114
            ],
            [
              84.1116393587184,
              27.060376879105952
            ],
            [
              84.11419605115358,
              27.05735453523397
            ],
            [
              84.11716180941971,
              27.053678983184756
            ],
            [
              84.11880301707075,
              27.05119448868286
            ],
            [
              84.1213719391702,
              27.048557216032254
            ],
            [
              84.124003969715,
              27.045661143183253
            ],
            [
              84.12670770558243,
              27.04276322497677
            ],
            [
              84.12886090263977,
              27.0405864337423
            ],
            [
              84.12984771275914,
              27.04004652477962
            ],
            [
              84.1303179179283,
              27.040162637266455
            ],
            [
              84.13078812758904,
              27.04027883924639
            ],
            [
              84.13120974827442,
              27.04110305125043
            ],
            [
              84.13163137255299,
              27.041927259602932
            ],
            [
              84.13386968678014,
              27.043835931752085
            ],
            [
              84.13661595518131,
              27.04543375635501
            ],
            [
              84.14100666157526,
              27.046617142919835
            ],
            [
              84.1449984683724,
              27.04827480929853
            ],
            [
              84.14940764772186,
              27.050014052164407
            ],
            [
              84.15649032923957,
              27.051125989231906
            ],
            [
              84.1575863870739,
              27.049798134873395
            ],
            [
              84.15791333431147,
              27.049298661735662
            ],
            [
              84.15824914522592,
              27.04835786598779
            ],
            [
              84.15862822619097,
              27.044621255821223
            ],
            [
              84.15927721586462,
              27.04036348528521
            ],
            [
              84.15794134557866,
              27.03856270929679
            ],
            [
              84.15947682691063,
              27.03553928894536
            ],
            [
              84.16188643009953,
              27.032455659745217
            ],
            [
              84.16355001298766,
              27.032861376651038
            ],
            [
              84.1664218047801,
              27.032913890244274
            ],
            [
              84.1678555294483,
              27.032875910151308
            ],
            [
              84.1687768658582,
              27.032530212698102
            ],
            [
              84.17149885998377,
              27.032393779100353
            ],
            [
              84.17582871360207,
              27.031428427343307
            ],
            [
              84.17426351869545,
              27.02915597526244
            ],
            [
              84.17307198342111,
              27.027838362913645
            ],
            [
              84.17308272996685,
              27.026471562628274
            ],
            [
              84.17250079773254,
              27.024538691613433
            ],
            [
              84.1721381568355,
              27.022971034025332
            ],
            [
              84.17688031560964,
              27.019400310609843
            ],
            [
              84.17758004302885,
              27.018867703887054
            ],
            [
              84.17971069686412,
              27.01701760025188
            ],
            [
              84.1796316262545,
              27.01679489630687
            ],
            [
              84.17757309815339,
              27.015033212286284
            ],
            [
              84.1760260087913,
              27.012105268033924
            ],
            [
              84.17489594343525,
              27.00925910619092
            ],
            [
              84.17459180711771,
              27.00786753318984
            ],
            [
              84.17433986830804,
              27.00677811397301
            ],
            [
              84.17483187469085,
              27.005380484300087
            ],
            [
              84.17432308688024,
              27.002826316979835
            ],
            [
              84.1762647163151,
              27.00192573976248
            ],
            [
              84.17787118162255,
              27.002557934076325
            ],
            [
              84.17823078262069,
              27.002548379861416
            ],
            [
              84.18063430780835,
              27.002787221383894
            ],
            [
              84.18124516759143,
              27.00028541514086
            ],
            [
              84.18126595820036,
              27.000200262661522
            ],
            [
              84.18133305875881,
              27.00000032172607
            ],
            [
              84.18185344202314,
              26.998449706071234
            ],
            [
              84.18267311160076,
              26.99720709607775
            ],
            [
              84.18447016527551,
              26.997773831326466
            ],
            [
              84.18375725957107,
              26.99961987668612
            ],
            [
              84.18392818920672,
              27.000000219274284
            ],
            [
              84.18405639586574,
              27.000285495981533
            ],
            [
              84.18429935242087,
              27.000826354030504
            ],
            [
              84.18510533257185,
              27.00028554000368
            ],
            [
              84.18553067138417,
              27.000000131229758
            ],
            [
              84.18619398828827,
              26.999555030854633
            ],
            [
              84.1878188681607,
              26.998804993280864
            ],
            [
              84.18965880291553,
              26.99804920770079
            ],
            [
              84.19150511121732,
              26.997485970086093
            ],
            [
              84.1917533849006,
              26.996322631357412
            ],
            [
              84.19308481661074,
              26.994673756321966
            ],
            [
              84.19347561520036,
              26.993438286259998
            ],
            [
              84.19298207269844,
              26.991581593312894
            ],
            [
              84.19272990841164,
              26.99049228126615
            ],
            [
              84.19515345075881,
              26.989782837913275
            ],
            [
              84.19907628221344,
              26.988711014259334
            ],
            [
              84.19999099444644,
              26.987364052302667
            ],
            [
              84.20039434429722,
              26.98506509288687
            ],
            [
              84.20063850189989,
              26.984832906016212
            ],
            [
              84.20088266219747,
              26.984600717865913
            ],
            [
              84.20286817343566,
              26.983709369612836
            ],
            [
              84.20570882423046,
              26.982456258749203
            ],
            [
              84.20814949475513,
              26.982519514180126
            ],
            [
              84.20945806703624,
              26.98248549808964
            ],
            [
              84.20961408373988,
              26.979506742375396
            ],
            [
              84.20871780942805,
              26.978157795328
            ],
            [
              84.2075841058951,
              26.97734919861028
            ],
            [
              84.2041678353275,
              26.977355891341357
            ],
            [
              84.20217950607424,
              26.977891185252155
            ],
            [
              84.19817734799012,
              26.978998883138537
            ],
            [
              84.19547412595904,
              26.977781505790965
            ],
            [
              84.1934323011323,
              26.976735692834783
            ],
            [
              84.19173127017491,
              26.97678105393976
            ],
            [
              84.19111817358676,
              26.976263485856528
            ],
            [
              84.19082751289682,
              26.975203411654263
            ],
            [
              84.19240554472887,
              26.974017284308037
            ],
            [
              84.19285767938777,
              26.972250927928343
            ],
            [
              84.1921661410107,
              26.96937109536001
            ],
            [
              84.19106712143085,
              26.967035939815087
            ],
            [
              84.19006579273984,
              26.965079524706752
            ],
            [
              84.18631876787448,
              26.965026788070656
            ],
            [
              84.18136847214396,
              26.964624615062963
            ],
            [
              84.1773662529744,
              26.964578451606005
            ],
            [
              84.1739568437389,
              26.964440214930033
            ],
            [
              84.17216341386802,
              26.964259026739192
            ],
            [
              84.17002211679325,
              26.963858159271346
            ],
            [
              84.16896382413346,
              26.962742160796704
            ],
            [
              84.16824016918832,
              26.958871461075333
            ],
            [
              84.16771181157924,
              26.955758281248546
            ],
            [
              84.1673512817231,
              26.95386104701754
            ],
            [
              84.16699074917206,
              26.95196371597925
            ],
            [
              84.1664788091731,
              26.94934592782989
            ],
            [
              84.16596687636066,
              26.946728039632436
            ],
            [
              84.16453805020572,
              26.942113131667906
            ],
            [
              84.16449476488377,
              26.94197779201272
            ],
            [
              84.16330443065695,
              26.93825584377759
            ],
            [
              84.1622439011921,
              26.937063601282247
            ],
            [
              84.15978537575285,
              26.934764168390895
            ],
            [
              84.15889246293683,
              26.93349113491097
            ],
            [
              84.15799204020507,
              26.93198949294569
            ],
            [
              84.15657894175412,
              26.930425074927943
            ],
            [
              84.15527603694414,
              26.92962046367555
            ],
            [
              84.15448573778474,
              26.92887862205781
            ],
            [
              84.15436314918948,
              26.927737758670666
            ],
            [
              84.15488548000134,
              26.925511972990765
            ],
            [
              84.1556030264025,
              26.92404376035574
            ],
            [
              84.15694328316201,
              26.92339804808329
            ],
            [
              84.1589736742318,
              26.92303928629806
            ],
            [
              84.16031390224522,
              26.92239354504901
            ],
            [
              84.16167410879052,
              26.922357529235956
            ],
            [
              84.1626792427451,
              26.92187329861259
            ],
            [
              84.16321155473806,
              26.919952338770212
            ],
            [
              84.16297115927982,
              26.917822946731313
            ],
            [
              84.16257858831413,
              26.917528303386323
            ],
            [
              84.16257861706023,
              26.91752828095858
            ],
            [
              84.16218601555184,
              26.917233567157858
            ],
            [
              84.15954555970798,
              26.917150912652893
            ],
            [
              84.15759270762024,
              26.91727883126707
            ],
            [
              84.15648506421368,
              26.917231894684324
            ],
            [
              84.15468470204374,
              26.916821803104067
            ],
            [
              84.15116407778282,
              26.915846964345093
            ],
            [
              84.14768606331077,
              26.916167700673455
            ],
            [
              84.14274020166448,
              26.915840465007296
            ],
            [
              84.13789952105985,
              26.916120573791336
            ],
            [
              84.13484901932308,
              26.91650600518688
            ],
            [
              84.1341175723912,
              26.916960083763207
            ],
            [
              84.13318110026708,
              26.91754142922469
            ],
            [
              84.13127569090443,
              26.91911701535194
            ],
            [
              84.12953021400176,
              26.920383329918256
            ],
            [
              84.12869003498788,
              26.920710538794722
            ],
            [
              84.12572436385834,
              26.921093465912925
            ],
            [
              84.12307887924553,
              26.920857856809356
            ],
            [
              84.12046572769475,
              26.921612895760024
            ],
            [
              84.11899806557342,
              26.920964871602322
            ],
            [
              84.11687268215391,
              26.92102056519797
            ],
            [
              84.11379468927451,
              26.920567328759923
            ],
            [
              84.11239219094392,
              26.919307275103485
            ],
            [
              84.11071733779225,
              26.917520488918083
            ],
            [
              84.1088799291,
              26.915966830361853
            ],
            [
              84.10882041840735,
              26.914137773797332
            ],
            [
              84.1086684989198,
              26.912082235141018
            ],
            [
              84.10851658841536,
              26.910026784014754
            ],
            [
              84.10810214257418,
              26.907749385935585
            ],
            [
              84.10810540525532,
              26.905232257159494
            ],
            [
              84.10864095567486,
              26.903387621675694
            ],
            [
              84.10992419277001,
              26.90098948128068
            ],
            [
              84.11055209988226,
              26.89937122204337
            ],
            [
              84.11113101108226,
              26.898515363279152
            ],
            [
              84.11115922626703,
              26.898473648646775
            ],
            [
              84.11105907219768,
              26.89850406500026
            ],
            [
              84.11041497744401,
              26.898598781281958
            ],
            [
              84.11003752063301,
              26.89857165517636
            ],
            [
              84.10923232471126,
              26.898476764226444
            ],
            [
              84.1087996260018,
              26.89819697377439
            ],
            [
              84.10811026603929,
              26.89759227662949
            ],
            [
              84.1075768652882,
              26.896928973080993
            ],
            [
              84.1075216413561,
              26.896229638282975
            ],
            [
              84.10747646957206,
              26.89534519878341
            ],
            [
              84.10756220568106,
              26.894176546398448
            ],
            [
              84.10756759916605,
              26.89235829471803
            ],
            [
              84.10740667316941,
              26.891108351941835
            ],
            [
              84.10676311470998,
              26.887737846629236
            ],
            [
              84.10624007782233,
              26.886113470170233
            ],
            [
              84.10595851616789,
              26.885120793920866
            ],
            [
              84.10527952725532,
              26.88341057823799
            ],
            [
              84.10449988391181,
              26.881907964734715
            ],
            [
              84.10366984867414,
              26.88062643315604
            ],
            [
              84.10268392159867,
              26.87933583439097
            ],
            [
              84.10140611571771,
              26.87802714902211
            ],
            [
              84.10002773176261,
              26.876844679747823
            ],
            [
              84.09895611618882,
              26.87624896690533
            ],
            [
              84.09886651642576,
              26.876214930769876
            ],
            [
              84.09813610255645,
              26.875937464208974
            ],
            [
              84.09750718124624,
              26.875829087024634
            ],
            [
              84.0969688469476,
              26.875923667666328
            ],
            [
              84.09665683599829,
              26.876058986372417
            ],
            [
              84.09649076714668,
              26.8762349260091
            ],
            [
              84.0962039323815,
              26.87673118405315
            ],
            [
              84.09592183533115,
              26.877683233303028
            ],
            [
              84.09545849239245,
              26.879478884385286
            ],
            [
              84.09545173526489,
              26.879508233765776
            ],
            [
              84.09528712707389,
              26.880223360647896
            ],
            [
              84.09528703095417,
              26.88022366111875
            ],
            [
              84.09509082272643,
              26.880841468352266
            ],
            [
              84.09458244185262,
              26.881486533827747
            ],
            [
              84.0943307914022,
              26.88161740537113
            ],
            [
              84.09404397909492,
              26.88167149665462
            ],
            [
              84.09343013600677,
              26.88159011574028
            ],
            [
              84.09268040117232,
              26.88149970792416
            ],
            [
              84.09208666866846,
              26.88151310316304
            ],
            [
              84.09155842424707,
              26.881589643806453
            ],
            [
              84.09115578765862,
              26.88183314938561
            ],
            [
              84.09081850710038,
              26.882027116012242
            ],
            [
              84.0904009333254,
              26.882162408182253
            ],
            [
              84.0900838513863,
              26.882121681052023
            ],
            [
              84.08956062495412,
              26.88195914896859
            ],
            [
              84.08903748116695,
              26.88165226836771
            ],
            [
              84.08863496495275,
              26.881557360001853
            ],
            [
              84.08805126932553,
              26.88163842765277
            ],
            [
              84.08770908486413,
              26.881733135639347
            ],
            [
              84.0873618249214,
              26.881692321018694
            ],
            [
              84.08705001609302,
              26.88148930373732
            ],
            [
              84.08682366489592,
              26.881155337244653
            ],
            [
              84.08653212206035,
              26.880343043330697
            ],
            [
              84.08608463708136,
              26.879472136967344
            ],
            [
              84.08544088728075,
              26.878479354309214
            ],
            [
              84.08467132572967,
              26.877775193833585
            ],
            [
              84.0842084831526,
              26.87743670278344
            ],
            [
              84.08387413110216,
              26.877322137979483
            ],
            [
              84.08354948804332,
              26.87721090076262
            ],
            [
              84.08345028528984,
              26.87720850574581
            ],
            [
              84.08329506359527,
              26.877204757372134
            ],
            [
              84.08298112486136,
              26.87719717488776
            ],
            [
              84.08233687919075,
              26.877251078383964
            ],
            [
              84.08141111228986,
              26.877372685673116
            ],
            [
              84.08009272501593,
              26.87771965278461
            ],
            [
              84.07974033479461,
              26.8778594196076
            ],
            [
              84.07879924173663,
              26.878517849618863
            ],
            [
              84.07821534668342,
              26.87904102972903
            ],
            [
              84.07735959806908,
              26.88000633074806
            ],
            [
              84.07665967661376,
              26.881174773139538
            ],
            [
              84.07633730629256,
              26.882027419683276
            ],
            [
              84.07617102094696,
              26.8824289626008
            ],
            [
              84.07588917991647,
              26.88278977079234
            ],
            [
              84.07563245039142,
              26.883073961327103
            ],
            [
              84.07521462598646,
              26.883421304343585
            ],
            [
              84.07427342243575,
              26.883917215153524
            ],
            [
              84.07297992029181,
              26.884688374991143
            ],
            [
              84.07209417962507,
              26.885170805315298
            ],
            [
              84.07139944234727,
              26.885589710667137
            ],
            [
              84.07104723358559,
              26.885802080389034
            ],
            [
              84.06981904704767,
              26.88652801183812
            ],
            [
              84.06864630273247,
              26.887190849262158
            ],
            [
              84.06780570420536,
              26.887700348752283
            ],
            [
              84.06738781242674,
              26.888169458299068
            ],
            [
              84.06698511834617,
              26.888494172673486
            ],
            [
              84.0665925851097,
              26.888534644329052
            ],
            [
              84.06623534668077,
              26.88843970889396
            ],
            [
              84.06563675159626,
              26.888114575335624
            ],
            [
              84.06526450142061,
              26.887969977936233
            ],
            [
              84.06513864924595,
              26.88796546637519
            ],
            [
              84.06447946099888,
              26.88798775737886
            ],
            [
              84.06331213262652,
              26.88788345464047
            ],
            [
              84.06247189073055,
              26.887612374271068
            ],
            [
              84.06187826871947,
              26.887503848841313
            ],
            [
              84.06145545057983,
              26.887490085758614
            ],
            [
              84.06091704531431,
              26.887611677224264
            ],
            [
              84.06050424608505,
              26.887832592769243
            ],
            [
              84.0603581360024,
              26.887999619152286
            ],
            [
              84.06026753910936,
              26.888103184679707
            ],
            [
              84.06026582961539,
              26.88812503018927
            ],
            [
              84.06025565709312,
              26.88813665799801
            ],
            [
              84.06022526169717,
              26.888524796820416
            ],
            [
              84.06043126605304,
              26.889075397904932
            ],
            [
              84.0605365809437,
              26.88977040891565
            ],
            [
              84.06049056384495,
              26.890939174981124
            ],
            [
              84.06052548495332,
              26.89146715832392
            ],
            [
              84.06057521658576,
              26.891584940729537
            ],
            [
              84.06087230382327,
              26.89228853766488
            ],
            [
              84.0610632452285,
              26.892785081738523
            ],
            [
              84.06115347920215,
              26.893511655720342
            ],
            [
              84.06111793556128,
              26.89403952769715
            ],
            [
              84.06108738116353,
              26.894617205734402
            ],
            [
              84.0608488667775,
              26.895634811143516
            ],
            [
              84.060484307079,
              26.896464108296456
            ],
            [
              84.06007110540452,
              26.89731670997036
            ],
            [
              84.05951702902884,
              26.898363226968282
            ],
            [
              84.05899297075672,
              26.899342071693024
            ],
            [
              84.05853466018021,
              26.900140500330107
            ],
            [
              84.05852347615493,
              26.900173599165925
            ],
            [
              84.05840354926787,
              26.900528493765584
            ],
            [
              84.05835788610536,
              26.901133075051263
            ],
            [
              84.05826707810822,
              26.901561604965682
            ],
            [
              84.05825999489221,
              26.90157247835348
            ],
            [
              84.05805549431611,
              26.90188639460207
            ],
            [
              84.05777847993363,
              26.902161551964728
            ],
            [
              84.05749166223643,
              26.90225607291515
            ],
            [
              84.05688263411821,
              26.902242290000046
            ],
            [
              84.05619316006965,
              26.902241891052515
            ],
            [
              84.05574523940774,
              26.902336476023603
            ],
            [
              84.0552769683114,
              26.902629561636186
            ],
            [
              84.05447120555267,
              26.903635254752885
            ],
            [
              84.05416896378208,
              26.90409094401812
            ],
            [
              84.05340858211488,
              26.904762785887367
            ],
            [
              84.05339117635795,
              26.904776006135638
            ],
            [
              84.0533771204187,
              26.904786682147872
            ],
            [
              84.05301080181889,
              26.905064911792664
            ],
            [
              84.05259253903607,
              26.905818232349993
            ],
            [
              84.05238087080228,
              26.906377571324697
            ],
            [
              84.05238086900566,
              26.90637915904562
            ],
            [
              84.0523679413504,
              26.90641331987362
            ],
            [
              84.05236745805679,
              26.907139928746858
            ],
            [
              84.05251792856184,
              26.90796122615259
            ],
            [
              84.05255994186935,
              26.908074459772404
            ],
            [
              84.05286962258882,
              26.908909115935547
            ],
            [
              84.053090725828,
              26.90960416511324
            ],
            [
              84.05365903241608,
              26.91031738565953
            ],
            [
              84.05406641660082,
              26.91081395460231
            ],
            [
              84.05466295005176,
              26.911338431823395
            ],
            [
              84.05480596903152,
              26.91146417420775
            ],
            [
              84.05588262864562,
              26.912443922668352
            ],
            [
              84.05655676485902,
              26.913062530942643
            ],
            [
              84.05735146755995,
              26.913978921989877
            ],
            [
              84.05832928913661,
              26.915284959279283
            ],
            [
              84.05842287382626,
              26.91540995313252
            ],
            [
              84.05909173333568,
              26.916457134672132
            ],
            [
              84.05963984579617,
              26.917459244326192
            ],
            [
              84.05996658103133,
              26.918330323188975
            ],
            [
              84.06014736428729,
              26.919106497687018
            ],
            [
              84.06015202474701,
              26.91961198127371
            ],
            [
              84.05997178227682,
              26.920189149620782
            ],
            [
              84.05950886424122,
              26.920968414277457
            ],
            [
              84.05914634731168,
              26.921302145310754
            ],
            [
              84.05847169636364,
              26.921703341952764
            ],
            [
              84.05755023418958,
              26.922194836391586
            ],
            [
              84.05660862460036,
              26.922717749323695
            ],
            [
              84.05635448401998,
              26.922962394092668
            ],
            [
              84.05620584338315,
              26.92310548094483
            ],
            [
              84.0559032988803,
              26.92362882617285
            ],
            [
              84.05589849828341,
              26.923653365604938
            ],
            [
              84.05589079882313,
              26.923666689365767
            ],
            [
              84.05569393033366,
              26.9246729487399
            ],
            [
              84.05559794804053,
              26.925833514015512
            ],
            [
              84.0555823487956,
              26.92602213414927
            ],
            [
              84.05546280908243,
              26.926698062353886
            ],
            [
              84.05507032076173,
              26.927716267622543
            ],
            [
              84.05453616812078,
              26.928649944287304
            ],
            [
              84.05399723105256,
              26.92915950418841
            ],
            [
              84.05335763865511,
              26.92966912265627
            ],
            [
              84.05265272166851,
              26.93004322225829
            ],
            [
              84.05146936465655,
              26.930511873970673
            ],
            [
              84.05080476316158,
              26.930840885120887
            ],
            [
              84.05034142291781,
              26.931016677753387
            ],
            [
              84.04963669457743,
              26.93106589675817
            ],
            [
              84.04869024037386,
              26.931160123601675
            ],
            [
              84.0475526534239,
              26.93122715682428
            ],
            [
              84.04705922321139,
              26.931240370769025
            ],
            [
              84.04579570593334,
              26.931311879334796
            ],
            [
              84.04540307388226,
              26.931311682315094
            ],
            [
              84.04497018023841,
              26.93133851623595
            ],
            [
              84.04425018502975,
              26.931405792823846
            ],
            [
              84.04358055476582,
              26.931567854897075
            ],
            [
              84.04343921024575,
              26.93165955771479
            ],
            [
              84.04323316456734,
              26.931793236696816
            ],
            [
              84.04312716066889,
              26.932063916268035
            ],
            [
              84.04312745441797,
              26.932066070656155
            ],
            [
              84.0431872813176,
              26.93250614961513
            ],
            [
              84.04339827042502,
              26.93305673804013
            ],
            [
              84.04368261236525,
              26.933385967614075
            ],
            [
              84.04371012596577,
              26.933417824149355
            ],
            [
              84.04435406441257,
              26.934009334392105
            ],
            [
              84.04500291933891,
              26.93474059882544
            ],
            [
              84.0457221042672,
              26.93577420413335
            ],
            [
              84.0463655971496,
              26.93699738679696
            ],
            [
              84.04670229829449,
              26.93776910668072
            ],
            [
              84.04682271206845,
              26.938482077120128
            ],
            [
              84.04677711178799,
              26.938856599160765
            ],
            [
              84.04676658083793,
              26.938869946752547
            ],
            [
              84.04653518829548,
              26.939163224986483
            ],
            [
              84.04583012937505,
              26.939686228228975
            ],
            [
              84.0448781810752,
              26.94028127568684
            ],
            [
              84.04402726000714,
              26.940510898072585
            ],
            [
              84.04311103231626,
              26.940496825125017
            ],
            [
              84.04257237372583,
              26.94042878036066
            ],
            [
              84.042033816645,
              26.940333762034623
            ],
            [
              84.0415405454343,
              26.94018917065632
            ],
            [
              84.04039811566665,
              26.93968308095272
            ],
            [
              84.03957281904209,
              26.93924047773582
            ],
            [
              84.03882289825638,
              26.93901434682067
            ],
            [
              84.03743390519777,
              26.938503687043912
            ],
            [
              84.03632653398073,
              26.938286359125748
            ],
            [
              84.03497235962254,
              26.938199787099897
            ],
            [
              84.03441851141895,
              26.93828972026623
            ],
            [
              84.0339704245687,
              26.938438260632502
            ],
            [
              84.03350690106862,
              26.938803441021456
            ],
            [
              84.03272596684606,
              26.939592534657905
            ],
            [
              84.03240847886843,
              26.94008861998938
            ],
            [
              84.03239496012174,
              26.940125413352987
            ],
            [
              84.03230998488574,
              26.94035668976781
            ],
            [
              84.03218639017739,
              26.940693075035085
            ],
            [
              84.0321356506352,
              26.941184942394194
            ],
            [
              84.03222089716239,
              26.941627075103476
            ],
            [
              84.03271849825279,
              26.942647143610845
            ],
            [
              84.03359859121136,
              26.94380273511015
            ],
            [
              84.03432277975575,
              26.94472373168473
            ],
            [
              84.03490634422894,
              26.945206929674313
            ],
            [
              84.03580726911896,
              26.94556842531573
            ],
            [
              84.037765547031,
              26.945799765037137
            ],
            [
              84.03875222779297,
              26.94595825732476
            ],
            [
              84.03914131329536,
              26.94604905796203
            ],
            [
              84.0414854751141,
              26.946596096039993
            ],
            [
              84.04200895037964,
              26.94679942226237
            ],
            [
              84.04244173083575,
              26.947133639008438
            ],
            [
              84.04311582033674,
              26.94786048291739
            ],
            [
              84.04366385374547,
              26.948808232856994
            ],
            [
              84.04405085335978,
              26.94985527008434
            ],
            [
              84.04461901082753,
              26.950861809054025
            ],
            [
              84.04549424210379,
              26.951994680038155
            ],
            [
              84.04597219434396,
              26.952450724092497
            ],
            [
              84.04663153979622,
              26.952911289679676
            ],
            [
              84.04732100755655,
              26.95331330272214
            ],
            [
              84.04798538986259,
              26.95358893601866
            ],
            [
              84.04843839588732,
              26.95372445470816
            ],
            [
              84.04897712544467,
              26.953792392154973
            ],
            [
              84.0498884833684,
              26.953792888609684
            ],
            [
              84.05038181117298,
              26.95383379807254
            ],
            [
              84.05101095257042,
              26.95408684787314
            ],
            [
              84.051982423058,
              26.95451603104017
            ],
            [
              84.05279783102795,
              26.954981097067733
            ],
            [
              84.05350230514512,
              26.955581508679213
            ],
            [
              84.0538745993382,
              26.95611876937214
            ],
            [
              84.05414612770923,
              26.956709945906738
            ],
            [
              84.05426141389952,
              26.957463493294124
            ],
            [
              84.05455286690358,
              26.9585193346608
            ],
            [
              84.05483385183963,
              26.960062575317313
            ],
            [
              84.0548685860984,
              26.96101011613208
            ],
            [
              84.05482769299002,
              26.96201634006781
            ],
            [
              84.0546761067774,
              26.962738144636866
            ],
            [
              84.05466671489113,
              26.962764967873852
            ],
            [
              84.05437950013857,
              26.963585205301
            ],
            [
              84.05423222943259,
              26.964005778005003
            ],
            [
              84.05420309167805,
              26.964078834278293
            ],
            [
              84.05387418880812,
              26.964903516177507
            ],
            [
              84.05365009507733,
              26.965485788213673
            ],
            [
              84.05328909809724,
              26.96642377335944
            ],
            [
              84.05327656570074,
              26.966465963267833
            ],
            [
              84.05320220675478,
              26.96671629373581
            ],
            [
              84.05307201661559,
              26.967154579282035
            ],
            [
              84.05299631199334,
              26.967502039815447
            ],
            [
              84.05307102667216,
              26.968792423015923
            ],
            [
              84.05328197355873,
              26.969622758808427
            ],
            [
              84.05363399906408,
              26.97039452027389
            ],
            [
              84.05399118718735,
              26.971026281712856
            ],
            [
              84.05418704327549,
              26.9718024432925
            ],
            [
              84.05427731408004,
              26.97243421604577
            ],
            [
              84.05434253536295,
              26.972844889131192
            ],
            [
              84.05428159095912,
              26.973742703342776
            ],
            [
              84.05426896693446,
              26.97378187468138
            ],
            [
              84.0540140834473,
              26.97457277526118
            ],
            [
              84.05378708456489,
              26.97523138315748
            ],
            [
              84.05332843083198,
              26.975935031618167
            ],
            [
              84.05278892692684,
              26.976796579392396
            ],
            [
              84.05209865607264,
              26.977450450142374
            ],
            [
              84.05135303731882,
              26.977959895874054
            ],
            [
              84.05023467072272,
              26.97843753392764
            ],
            [
              84.04878384392813,
              26.97911821608739
            ],
            [
              84.04775106791398,
              26.979749279324604
            ],
            [
              84.04687938767803,
              26.980380462307227
            ],
            [
              84.04613851741883,
              26.981165133161667
            ],
            [
              84.04580573382688,
              26.981742566721547
            ],
            [
              84.04580345300435,
              26.981767335262205
            ],
            [
              84.04576004191826,
              26.982238693001346
            ],
            [
              84.04601657920385,
              26.9827216740305
            ],
            [
              84.0465549970458,
              26.983434840309485
            ],
            [
              84.04717396502262,
              26.98409845162059
            ],
            [
              84.04759681101004,
              26.98441008001249
            ],
            [
              84.04784845696886,
              26.984595064633357
            ],
            [
              84.04837216579638,
              26.984757876336534
            ],
            [
              84.04900162340077,
              26.984758166922838
            ],
            [
              84.05007953885966,
              26.984664013718138
            ],
            [
              84.05133850527247,
              26.984597008282314
            ],
            [
              84.05248179832111,
              26.98462924419156
            ],
            [
              84.05308099258193,
              26.984778371074697
            ],
            [
              84.05399739274934,
              26.985166886627365
            ],
            [
              84.05432455288759,
              26.98543779260662
            ],
            [
              84.0550140466991,
              26.98629545884673
            ],
            [
              84.05570338689867,
              26.98717098162054
            ],
            [
              84.05633763611681,
              26.987807542303397
            ],
            [
              84.05666979358301,
              26.98817318223255
            ],
            [
              84.05686103772048,
              26.988574850857944
            ],
            [
              84.05690616908035,
              26.988841027376008
            ],
            [
              84.05686064785164,
              26.989192998924345
            ],
            [
              84.05685007468074,
              26.98922371820541
            ],
            [
              84.05669918825573,
              26.989662082617023
            ],
            [
              84.05637651699895,
              26.990153779371564
            ],
            [
              84.05601878359829,
              26.99051455921252
            ],
            [
              84.05535858384819,
              26.99107822236661
            ],
            [
              84.05468321694286,
              26.991763717293548
            ],
            [
              84.05418927558894,
              26.99248539116374
            ],
            [
              84.05391171143752,
              26.993189127050673
            ],
            [
              84.05370541243423,
              26.99349623332903
            ],
            [
              84.05331724590836,
              26.993857000849086
            ],
            [
              84.05300481185257,
              26.994109559677067
            ],
            [
              84.05271219103865,
              26.994451845374673
            ],
            [
              84.0525608859987,
              26.994704438086416
            ],
            [
              84.0525608743206,
              26.994729536757674
            ],
            [
              84.0525606802845,
              26.995133046996823
            ],
            [
              84.05282218525362,
              26.99575586478266
            ],
            [
              84.05289754941438,
              26.996067243166447
            ],
            [
              84.05291240215928,
              26.996482273195422
            ],
            [
              84.05289709666347,
              26.99674853906034
            ],
            [
              84.05288529100399,
              26.99677493076668
            ],
            [
              84.05280629944612,
              26.99695151699244
            ],
            [
              84.05222161387546,
              26.997691219083098
            ],
            [
              84.05152608338526,
              26.998313481620592
            ],
            [
              84.05088091155157,
              26.99898542309918
            ],
            [
              84.05005917225553,
              26.99989309064663
            ],
            [
              84.05000759907676,
              26.99995174434928
            ],
            [
              84.0499652372229,
              26.99999992232409
            ],
            [
              84.04976179755714,
              27.000231299898086
            ],
            [
              84.0485188274446,
              27.001416909197033
            ],
            [
              84.04851853639043,
              27.001417186133573
            ],
            [
              84.04771169026351,
              27.002535801784685
            ],
            [
              84.04757562334572,
              27.0027207758078
            ],
            [
              84.0471316633559,
              27.003514736924124
            ],
            [
              84.0462595797764,
              27.004407714674777
            ],
            [
              84.04589643492449,
              27.005003165297662
            ],
            [
              84.04501432165482,
              27.005670550343584
            ],
            [
              84.04477184659672,
              27.005877898960005
            ],
            [
              84.04421280433412,
              27.00635595232434
            ],
            [
              84.0437541973136,
              27.006576819324064
            ],
            [
              84.04308337229037,
              27.006728628718392
            ],
            [
              84.0429783026398,
              27.006752400915936
            ],
            [
              84.04297826041896,
              27.006752407318775
            ],
            [
              84.04216207630463,
              27.00681058283192
            ],
            [
              84.04187677496368,
              27.00676576207006
            ],
            [
              84.04121008308903,
              27.00666102335281
            ],
            [
              84.0405097609851,
              27.00664710993958
            ],
            [
              84.03983457014958,
              27.00677301410112
            ],
            [
              84.03930540764999,
              27.007056974648744
            ],
            [
              84.0388366397853,
              27.00745380413657
            ],
            [
              84.03883660025943,
              27.00745384175311
            ],
            [
              84.03833744957517,
              27.0079499522757
            ],
            [
              84.03791894155228,
              27.008396355193195
            ],
            [
              84.03759640324616,
              27.00865772515856
            ],
            [
              84.03749043797524,
              27.008743593141435
            ],
            [
              84.0374618122604,
              27.008779621355128
            ],
            [
              84.03735430188718,
              27.008914931140733
            ],
            [
              84.03730885342202,
              27.009077353890227
            ],
            [
              84.03735843593411,
              27.009176006175736
            ],
            [
              84.03749493134828,
              27.009447540215888
            ],
            [
              84.03784227663097,
              27.009844850269015
            ],
            [
              84.0381743164179,
              27.010440758693214
            ],
            [
              84.03884878590624,
              27.01122628588643
            ],
            [
              84.03884884429672,
              27.011226330704638
            ],
            [
              84.03980549168384,
              27.011957935686226
            ],
            [
              84.04030892643365,
              27.012441070011004
            ],
            [
              84.04063097336136,
              27.01297370399347
            ],
            [
              84.0406237473132,
              27.01300618706899
            ],
            [
              84.04062092211163,
              27.01301887281665
            ],
            [
              84.04068126284756,
              27.013095558695035
            ],
            [
              84.04077199538622,
              27.01312723902309
            ],
            [
              84.04095327541057,
              27.01320854422124
            ],
            [
              84.04116369857933,
              27.013245801881247
            ],
            [
              84.04128573111743,
              27.013267408661402
            ],
            [
              84.04165348342842,
              27.013394049695243
            ],
            [
              84.04197070280978,
              27.01358826781701
            ],
            [
              84.04222246914287,
              27.013832087798214
            ],
            [
              84.04237266925503,
              27.01399429136113
            ],
            [
              84.04246911328224,
              27.014098443024405
            ],
            [
              84.04285681627739,
              27.014405472986823
            ],
            [
              84.0432695723875,
              27.014875054133174
            ],
            [
              84.04333489518001,
              27.015172963393024
            ],
            [
              84.04329944137069,
              27.0154075997516
            ],
            [
              84.04335970574985,
              27.01563321791376
            ],
            [
              84.04335974886897,
              27.0156332739343
            ],
            [
              84.0434855687043,
              27.015800234235726
            ],
            [
              84.04370712289777,
              27.01594030130393
            ],
            [
              84.04382865956585,
              27.016086580850907
            ],
            [
              84.04407467039292,
              27.01638267664717
            ],
            [
              84.04424570063985,
              27.016721238032936
            ],
            [
              84.04424571501289,
              27.01672127164494
            ],
            [
              84.04445189993015,
              27.017317016363656
            ],
            [
              84.04454229829553,
              27.017696102659613
            ],
            [
              84.04453695691282,
              27.01806163099901
            ],
            [
              84.04451015208306,
              27.01836876537249
            ],
            [
              84.0444861562852,
              27.018643711969872
            ],
            [
              84.04440639666774,
              27.019379367629845
            ],
            [
              84.04437460618817,
              27.019672535383563
            ],
            [
              84.04429856918925,
              27.020344829348076
            ],
            [
              84.04419061415,
              27.02079237781578
            ],
            [
              84.04407109869133,
              27.021287845272923
            ],
            [
              84.04401033934045,
              27.021761549353624
            ],
            [
              84.04397966816171,
              27.022294074337076
            ],
            [
              84.04400641280438,
              27.022456389722773
            ],
            [
              84.0440398993032,
              27.022659626129283
            ],
            [
              84.044107049269,
              27.023048676601526
            ],
            [
              84.04413024915954,
              27.02318305533277
            ],
            [
              84.0441302599393,
              27.023183088942844
            ],
            [
              84.04433649965382,
              27.023661556841056
            ],
            [
              84.04446630441575,
              27.023888769301465
            ],
            [
              84.0445428031487,
              27.02402266208613
            ],
            [
              84.0445428148268,
              27.024022689294085
            ],
            [
              84.044719937448,
              27.024586666194406
            ],
            [
              84.04480928927606,
              27.024871164297082
            ],
            [
              84.0448893120999,
              27.025047724791555
            ],
            [
              84.04505069983057,
              27.02540380977745
            ],
            [
              84.04585570261456,
              27.02711449935245
            ],
            [
              84.04621303536659,
              27.027710291385382
            ],
            [
              84.0462130596211,
              27.027710336197014
            ],
            [
              84.04635452002383,
              27.02801856527936
            ],
            [
              84.04677654315444,
              27.02893803895781
            ],
            [
              84.04702796812772,
              27.0296736960209
            ],
            [
              84.04717892641796,
              27.030025817398716
            ],
            [
              84.04749606944247,
              27.03035986621532
            ],
            [
              84.04749609010373,
              27.030359884619646
            ],
            [
              84.0477931989008,
              27.03060823566996
            ],
            [
              84.04828154015723,
              27.03130340220046
            ],
            [
              84.0485331690481,
              27.03172321281953
            ],
            [
              84.04865598491713,
              27.03210007402193
            ],
            [
              84.04878467307316,
              27.032494954665143
            ],
            [
              84.04895014993502,
              27.033052798133994
            ],
            [
              84.04905110709822,
              27.03339313125955
            ],
            [
              84.04917059111585,
              27.03372616505271
            ],
            [
              84.0492421823524,
              27.033925708318105
            ],
            [
              84.04941312276782,
              27.034507932728097
            ],
            [
              84.04952871438532,
              27.035022416988934
            ],
            [
              84.04956861665192,
              27.03567677011915
            ],
            [
              84.04955965685528,
              27.03596730605525
            ],
            [
              84.04954802277403,
              27.036344558687443
            ],
            [
              84.0495576706802,
              27.037007880096354
            ],
            [
              84.04955766888357,
              27.037007931305386
            ],
            [
              84.04951665989253,
              27.038032271387788
            ],
            [
              84.04943350823658,
              27.038334900821084
            ],
            [
              84.04931957041748,
              27.03874958272931
            ],
            [
              84.04926988909071,
              27.039051731753226
            ],
            [
              84.04923869419417,
              27.039241449617208
            ],
            [
              84.04925505880371,
              27.039646494703604
            ],
            [
              84.04926840956543,
              27.039976963165756
            ],
            [
              84.04934790417987,
              27.040396769358868
            ],
            [
              84.04942906516916,
              27.04082537603625
            ],
            [
              84.04962518266706,
              27.041542999175167
            ],
            [
              84.04965653566708,
              27.04197438824442
            ],
            [
              84.0496750373687,
              27.04222895601599
            ],
            [
              84.04960407135957,
              27.042842550880202
            ],
            [
              84.04953395425837,
              27.04314017873773
            ],
            [
              84.04950308455194,
              27.04327120662569
            ],
            [
              84.04943028777627,
              27.043452216322688
            ],
            [
              84.04927085298303,
              27.043848670024452
            ],
            [
              84.04919498486737,
              27.043980376362992
            ],
            [
              84.04884201433435,
              27.04459305275356
            ],
            [
              84.04833758335289,
              27.04521099834481
            ],
            [
              84.04796943668144,
              27.045526680939744
            ],
            [
              84.04765188222854,
              27.04567987304307
            ],
            [
              84.04713783837518,
              27.045760829045847
            ],
            [
              84.0464473456371,
              27.04582364161485
            ],
            [
              84.04644731509437,
              27.04582364321501
            ],
            [
              84.0462460852842,
              27.04582352560346
            ],
            [
              84.04574178276178,
              27.04582324797628
            ],
            [
              84.04558343762498,
              27.045801085803614
            ],
            [
              84.04535259844474,
              27.045768776228297
            ],
            [
              84.04528824493441,
              27.045759769741494
            ],
            [
              84.0450589876874,
              27.0456850199536
            ],
            [
              84.04501112544905,
              27.04566941360485
            ],
            [
              84.04477433942162,
              27.04554291777164
            ],
            [
              84.04437135518516,
              27.045330569843774
            ],
            [
              84.04334350104044,
              27.04501863429118
            ],
            [
              84.04291483576662,
              27.04492886321989
            ],
            [
              84.04191754679947,
              27.044719992105055
            ],
            [
              84.04104589530961,
              27.044453200636983
            ],
            [
              84.04025598242575,
              27.04426369560442
            ],
            [
              84.03987688708764,
              27.044172746996704
            ],
            [
              84.03935283061216,
              27.04405958619309
            ],
            [
              84.03923813192006,
              27.044052058937364
            ],
            [
              84.03907573987287,
              27.044041396124328
            ],
            [
              84.0387582195559,
              27.044081800715563
            ],
            [
              84.03844442814571,
              27.044157045226946
            ],
            [
              84.03821385935835,
              27.044212333048755
            ],
            [
              84.03798345136947,
              27.044280932730732
            ],
            [
              84.03756356173767,
              27.04440594582227
            ],
            [
              84.03702418269836,
              27.044550017658917
            ],
            [
              84.036726873577,
              27.04459950785632
            ],
            [
              84.03633879957763,
              27.04462181828234
            ],
            [
              84.03574407443536,
              27.04462146064349
            ],
            [
              84.03552862609085,
              27.044648510779048
            ],
            [
              84.03535095459902,
              27.044670818795066
            ],
            [
              84.03499811072847,
              27.04475178832711
            ],
            [
              84.03448902108391,
              27.044954497931805
            ],
            [
              84.0341915628422,
              27.04506712737759
            ],
            [
              84.03363213879562,
              27.04510737798353
            ],
            [
              84.03269467133818,
              27.045282828948483
            ],
            [
              84.03233557429492,
              27.045366519116566
            ],
            [
              84.03190323670825,
              27.045467290950654
            ],
            [
              84.03157430060068,
              27.045558451330674
            ],
            [
              84.03131853227296,
              27.045629340018113
            ],
            [
              84.0310058772316,
              27.04586377993852
            ],
            [
              84.03074367337322,
              27.046102722199073
            ],
            [
              84.03074359971136,
              27.046102811007565
            ],
            [
              84.03059229916299,
              27.046265067176932
            ],
            [
              84.03046194732707,
              27.046452144606306
            ],
            [
              84.030400566342,
              27.046540226304607
            ],
            [
              84.03040053400267,
              27.046540270308636
            ],
            [
              84.03005242335534,
              27.04700478387267
            ],
            [
              84.02948722044654,
              27.04790237794123
            ],
            [
              84.02935774895961,
              27.048098907775845
            ],
            [
              84.02927028269532,
              27.048231674808004
            ],
            [
              84.02912399744122,
              27.0483534456546
            ],
            [
              84.02885670372841,
              27.048529210768244
            ],
            [
              84.02875947996354,
              27.048644207999097
            ],
            [
              84.02870039597065,
              27.04871409306504
            ],
            [
              84.02865246635868,
              27.048791162601308
            ],
            [
              84.02857413775747,
              27.048917112334973
            ],
            [
              84.02839753615916,
              27.049237336011984
            ],
            [
              84.02818057415342,
              27.0494718163981
            ],
            [
              84.02778225217327,
              27.04970625069132
            ],
            [
              84.02723767638004,
              27.04998107496134
            ],
            [
              84.0267688231754,
              27.050215456987598
            ],
            [
              84.02622931567699,
              27.050530890291466
            ],
            [
              84.02537217108069,
              27.050909334041652
            ],
            [
              84.02487810665755,
              27.051148139152364
            ],
            [
              84.02419232737978,
              27.051504214964673
            ],
            [
              84.0235771089709,
              27.05185123804704
            ],
            [
              84.02323420226405,
              27.05210812591282
            ],
            [
              84.02323415195838,
              27.052108168314604
            ],
            [
              84.02279537973932,
              27.052495911103136
            ],
            [
              84.02279532943365,
              27.052495943104375
            ],
            [
              84.02246762311971,
              27.052631092222843
            ],
            [
              84.0224335095968,
              27.05265456829535
            ],
            [
              84.02237808264545,
              27.052692683301487
            ],
            [
              84.0223365741911,
              27.05272123634635
            ],
            [
              84.0223072046712,
              27.052781923343012
            ],
            [
              84.02224054788051,
              27.05291965620671
            ],
            [
              84.021534414575,
              27.053541872071374
            ],
            [
              84.01992561993603,
              27.05464626603179
            ],
            [
              84.01894712282629,
              27.05541262781173
            ],
            [
              84.01800412444162,
              27.056021137754076
            ],
            [
              84.01772688188704,
              27.056084090980438
            ],
            [
              84.0172027104272,
              27.05608370697794
            ],
            [
              84.01720263586704,
              27.056083703777926
            ],
            [
              84.01642655614026,
              27.056019869745118
            ],
            [
              84.01611461256458,
              27.056073251709524
            ],
            [
              84.01592754559319,
              27.056105263115878
            ],
            [
              84.01567987288284,
              27.056166036282484
            ],
            [
              84.01552420023397,
              27.05620423409606
            ],
            [
              84.01461674998173,
              27.05640201579387
            ],
            [
              84.01426891421889,
              27.0565506962392
            ],
            [
              84.01398136708971,
              27.056812158144336
            ],
            [
              84.01385319726161,
              27.056893975714615
            ],
            [
              84.01376950931142,
              27.05694739726303
            ],
            [
              84.01354768203011,
              27.057032988327318
            ],
            [
              84.01322711462771,
              27.057015849159722
            ],
            [
              84.01311925301322,
              27.057010093970014
            ],
            [
              84.01245405324029,
              27.056982411615415
            ],
            [
              84.01188950071175,
              27.056981959616106
            ],
            [
              84.01120883913613,
              27.057229645368118
            ],
            [
              84.01035161189482,
              27.0576530957935
            ],
            [
              84.01001380133052,
              27.05778817629971
            ],
            [
              84.0094304120288,
              27.05787829067957
            ],
            [
              84.00914166115716,
              27.057922891846857
            ],
            [
              84.00885551270487,
              27.058017850066516
            ],
            [
              84.00857197206184,
              27.05811194181583
            ],
            [
              84.00835528224566,
              27.058310971333306
            ],
            [
              84.00820873378514,
              27.058445575054183
            ],
            [
              84.0081255542814,
              27.05853640809483
            ],
            [
              84.00770917526576,
              27.05899110098446
            ],
            [
              84.0076655782284,
              27.05918828738096
            ],
            [
              84.00764332606046,
              27.059288934803867
            ],
            [
              84.007516950168,
              27.05964980305552
            ],
            [
              84.00743114039713,
              27.05978509715138
            ],
            [
              84.00733524074896,
              27.059897810107465
            ],
            [
              84.00718393840395,
              27.0599834421192
            ],
            [
              84.00674043924988,
              27.0599831133285
            ],
            [
              84.00674038624929,
              27.059983107728655
            ],
            [
              84.0061052117664,
              27.06011789583736
            ],
            [
              84.0056010341098,
              27.0602302876688
            ],
            [
              84.0056010206351,
              27.060230314867958
            ],
            [
              84.0053890343977,
              27.06053692510553
            ],
            [
              84.00458612109507,
              27.061966722112285
            ],
            [
              84.00393464398643,
              27.063157438670288
            ],
            [
              84.0036239742218,
              27.063807703196773
            ],
            [
              84.00331829819187,
              27.064447503865246
            ],
            [
              84.0031736326002,
              27.06473584306474
            ],
            [
              84.00296980216729,
              27.065142104026304
            ],
            [
              84.00248455201375,
              27.066333022048006
            ],
            [
              84.00221201034306,
              27.066630590790982
            ],
            [
              84.00196488470671,
              27.066828926851386
            ],
            [
              84.00190592378306,
              27.06684159931881
            ],
            [
              84.00167239055526,
              27.06689178921901
            ],
            [
              84.00122880785784,
              27.066963608340984
            ],
            [
              84.00122875306063,
              27.06696362113983
            ],
            [
              84.00088591372737,
              27.067076179694578
            ],
            [
              84.00057828026844,
              27.067238310338563
            ],
            [
              84.00033099922356,
              27.067495277353938
            ],
            [
              84.00022523607359,
              27.067812021932873
            ],
            [
              84.00018938341226,
              27.06791934095491
            ],
            [
              84.00007947363896,
              27.068498542892083
            ],
            [
              84.00007338036639,
              27.06853066993947
            ],
            [
              84.0000626670583,
              27.068587145623695
            ],
            [
              83.99999605069178,
              27.069543694704034
            ],
            [
              84.00021251503084,
              27.06975601199776
            ],
            [
              84.00041002401909,
              27.069864761792257
            ],
            [
              84.00049966330806,
              27.06991412483561
            ],
            [
              84.00076765231687,
              27.070029880051187
            ],
            [
              84.00130582671537,
              27.070262322811935
            ],
            [
              84.00221780627326,
              27.07061060209669
            ],
            [
              84.00282734104134,
              27.070972098631035
            ],
            [
              84.00318497383066,
              27.07118451080708
            ],
            [
              84.00394196974754,
              27.0715109828872
            ],
            [
              84.00396089365731,
              27.071519144217092
            ],
            [
              84.00466097591108,
              27.071488341852803
            ],
            [
              84.00466663080576,
              27.071488093085353
            ],
            [
              84.00714178765422,
              27.071314005334774
            ],
            [
              84.0073283479758,
              27.071300879031593
            ],
            [
              84.00732840367131,
              27.071300874232225
            ],
            [
              84.00762775915493,
              27.071266034728403
            ],
            [
              84.00986920311249,
              27.07100512725542
            ],
            [
              84.01119239457657,
              27.07095915466481
            ],
            [
              84.01215272056473,
              27.070925782070162
            ],
            [
              84.01318090978107,
              27.071034872286617
            ],
            [
              84.0131809421204,
              27.071034881885414
            ],
            [
              84.01366461932389,
              27.071306055162655
            ],
            [
              84.01377397573502,
              27.071384504195223
            ],
            [
              84.01396683414504,
              27.071522854130464
            ],
            [
              84.01484379108497,
              27.071658945793946
            ],
            [
              84.01572096362054,
              27.071551280797546
            ],
            [
              84.01614440878424,
              27.07155161435372
            ],
            [
              84.01659787474638,
              27.071795706002888
            ],
            [
              84.01674859408476,
              27.072337297124665
            ],
            [
              84.0170806599228,
              27.072987294843607
            ],
            [
              84.01792599526642,
              27.07450412896742
            ],
            [
              84.0179260123344,
              27.074504168161216
            ],
            [
              84.01828804776696,
              27.07548367572415
            ],
            [
              84.01828806124168,
              27.075483705319222
            ],
            [
              84.01880125528876,
              27.076539953243856
            ],
            [
              84.01999383260883,
              27.078760947635566
            ],
            [
              84.02033471990295,
              27.079219509721266
            ],
            [
              84.02047719989353,
              27.079411172049802
            ],
            [
              84.02093055266796,
              27.079790570128267
            ],
            [
              84.02152129378196,
              27.079942061375192
            ],
            [
              84.02177732172277,
              27.080007715010385
            ],
            [
              84.02226112469039,
              27.08011639327163
            ],
            [
              84.02277527274832,
              27.080198017874192
            ],
            [
              84.023228745897,
              27.08041491801816
            ],
            [
              84.02322880159255,
              27.080414939613622
            ],
            [
              84.02401464600645,
              27.081015629934292
            ],
            [
              84.02513282395637,
              27.082072353602825
            ],
            [
              84.02628326669634,
              27.08316443739654
            ],
            [
              84.02641725131929,
              27.083291621025737
            ],
            [
              84.02641732857441,
              27.08329170020703
            ],
            [
              84.0274447596126,
              27.084375357385724
            ],
            [
              84.02813976818163,
              27.085160995048252
            ],
            [
              84.02813979333445,
              27.085161028639757
            ],
            [
              84.02862306539774,
              27.08602773729015
            ],
            [
              84.02871338201642,
              27.086519686385863
            ],
            [
              84.02877320442444,
              27.087223632002058
            ],
            [
              84.0284250578445,
              27.087602454978303
            ],
            [
              84.02766819218334,
              27.088305896330475
            ],
            [
              84.02700230969077,
              27.088792756071516
            ],
            [
              84.02630301256461,
              27.089261455755143
            ],
            [
              84.02627594812172,
              27.089279596101697
            ],
            [
              84.02627592027393,
              27.089279616895666
            ],
            [
              84.02557966394498,
              27.089901846119183
            ],
            [
              84.02519782425368,
              27.090243067258164
            ],
            [
              84.02512555478908,
              27.090307652774708
            ],
            [
              84.0248830339169,
              27.09090307164419
            ],
            [
              84.02488302493373,
              27.090903114031295
            ],
            [
              84.0248521067183,
              27.091611497115498
            ],
            [
              84.02494207029905,
              27.092477999109406
            ],
            [
              84.02513001941605,
              27.09265448360522
            ],
            [
              84.02525945137712,
              27.092776019869504
            ],
            [
              84.02555017225421,
              27.093136918673398
            ],
            [
              84.02565226039634,
              27.09326363832818
            ],
            [
              84.02628736211571,
              27.093480701115762
            ],
            [
              84.02725538037767,
              27.093481352102756
            ],
            [
              84.02910072388882,
              27.0934014118311
            ],
            [
              84.029262087365,
              27.093437650393668
            ],
            [
              84.02970563412978,
              27.093537259395656
            ],
            [
              84.03011449424653,
              27.093720556778184
            ],
            [
              84.03037086803872,
              27.093835499663683
            ],
            [
              84.03037089139491,
              27.093835535651806
            ],
            [
              84.0306728555861,
              27.09440427511344
            ],
            [
              84.03076282365843,
              27.095433166845016
            ],
            [
              84.03076282455675,
              27.095433229223527
            ],
            [
              84.03067074993507,
              27.09700796822991
            ],
            [
              84.03035206809646,
              27.097603045989665
            ],
            [
              84.03033740040449,
              27.097630435215994
            ],
            [
              84.0292930720558,
              27.09844200464535
            ],
            [
              84.02905425403917,
              27.09858972406742
            ],
            [
              84.02850606791681,
              27.09892882432434
            ],
            [
              84.02830741896646,
              27.09913860687732
            ],
            [
              84.02817303279662,
              27.099280524379175
            ],
            [
              84.02817300494883,
              27.099280553168278
            ],
            [
              84.02799200609716,
              27.099334395148677
            ],
            [
              84.02771916438917,
              27.09941555791871
            ],
            [
              84.02696274429242,
              27.099496252008418
            ],
            [
              84.02611561231821,
              27.099549857975106
            ],
            [
              84.02538955258308,
              27.099603474312122
            ],
            [
              84.02469355407062,
              27.09981958837058
            ],
            [
              84.02396717992515,
              27.100116877068636
            ],
            [
              84.02378594301994,
              27.100417637226098
            ],
            [
              84.02375516134843,
              27.100468722933442
            ],
            [
              84.0238152631325,
              27.100901938103185
            ],
            [
              84.02381502867223,
              27.101161370116852
            ],
            [
              84.02381491009461,
              27.10130807275364
            ],
            [
              84.02360257441259,
              27.10188097817186
            ],
            [
              84.02360255734459,
              27.10188101815577
            ],
            [
              84.02353016840404,
              27.102018426799443
            ],
            [
              84.0233601541517,
              27.102341108940738
            ],
            [
              84.02313248422777,
              27.102784755782608
            ],
            [
              84.02302683606216,
              27.102990608727552
            ],
            [
              84.02302681360426,
              27.10299064231371
            ],
            [
              84.02240584867256,
              27.103856566863424
            ],
            [
              84.02216924859638,
              27.104019192858807
            ],
            [
              84.02201230303478,
              27.104127068153296
            ],
            [
              84.02128606094165,
              27.10428893407766
            ],
            [
              84.02046908900483,
              27.104450754986967
            ],
            [
              84.01978463294544,
              27.104625255051943
            ],
            [
              84.01962175041812,
              27.104666773325565
            ],
            [
              84.0193380804177,
              27.10477689903236
            ],
            [
              84.01892569171854,
              27.104936996776196
            ],
            [
              84.01747318956598,
              27.105233696134324
            ],
            [
              84.01644441195315,
              27.10542239201975
            ],
            [
              84.01583945769472,
              27.105286574067694
            ],
            [
              84.01520435417875,
              27.10506948298775
            ],
            [
              84.01520430836467,
              27.105069461397044
            ],
            [
              84.01512741527128,
              27.105015842879723
            ],
            [
              84.01411601556765,
              27.10431054731667
            ],
            [
              84.01298270370013,
              27.10311838239136
            ],
            [
              84.0122572952436,
              27.102413800178564
            ],
            [
              84.0115622812847,
              27.101628144387316
            ],
            [
              84.01156222558913,
              27.101628078813537
            ],
            [
              84.01077664258497,
              27.100679887659005
            ],
            [
              84.01025325355772,
              27.100222796882388
            ],
            [
              84.00980944628148,
              27.099835202376433
            ],
            [
              84.00926535737516,
              27.099428664934464
            ],
            [
              84.00876631359041,
              27.09923869302587
            ],
            [
              84.00831645526245,
              27.099325859987374
            ],
            [
              84.0080704408421,
              27.099373528291164
            ],
            [
              84.00733120731333,
              27.09956952327272
            ],
            [
              84.00695082828268,
              27.09967037994119
            ],
            [
              84.00634549044364,
              27.099940650638256
            ],
            [
              84.00561903634811,
              27.100319105928104
            ],
            [
              84.00522946216219,
              27.100562634303756
            ],
            [
              84.00471083240934,
              27.100886833645703
            ],
            [
              84.00410543797643,
              27.101238283646918
            ],
            [
              84.00353013081735,
              27.10167102162882
            ],
            [
              84.00319718463034,
              27.10186021612135
            ],
            [
              84.00305231242612,
              27.101838512045564
            ],
            [
              84.0028341385931,
              27.10180582837523
            ],
            [
              84.00221854918004,
              27.101463063895366
            ],
            [
              84.00195738467241,
              27.10131764495187
            ],
            [
              84.00140621883824,
              27.101032025238723
            ],
            [
              84.00059674064752,
              27.10061253720729
            ],
            [
              84.00000018114547,
              27.100299990948592
            ],
            [
              83.99998538229944,
              27.100292208368874
            ],
            [
              83.99798427810455,
              27.09909050103855
            ],
            [
              83.99764276288805,
              27.09857828913023
            ],
            [
              83.99734927699653,
              27.09821913362411
            ],
            [
              83.99668817623623,
              27.097651106884058
            ],
            [
              83.9959965597057,
              27.096925276261548
            ],
            [
              83.9952797400416,
              27.096023329896074
            ],
            [
              83.99467374643241,
              27.095211666963433
            ],
            [
              83.99401245882254,
              27.094386389111854
            ],
            [
              83.99328045403685,
              27.093525161759434
            ],
            [
              83.99256376103519,
              27.09280824792269
            ],
            [
              83.99197340709507,
              27.092280844079195
            ],
            [
              83.9906922082773,
              27.091501301677507
            ],
            [
              83.98925957416388,
              27.09085253420518
            ],
            [
              83.98786751335858,
              27.090357293927884
            ],
            [
              83.98730271558999,
              27.090163738092723
            ],
            [
              83.98635476209822,
              27.090051768956048
            ],
            [
              83.98555811184976,
              27.090016293071713
            ],
            [
              83.98456496231938,
              27.090039493396016
            ],
            [
              83.98354673362294,
              27.090238878107634
            ],
            [
              83.9827352692571,
              27.090510293629876
            ],
            [
              83.98213041111843,
              27.090646115109966
            ],
            [
              83.98151035258684,
              27.090660110883995
            ],
            [
              83.98083477457742,
              27.090674226620038
            ],
            [
              83.98017437001147,
              27.090737877770724
            ],
            [
              83.97943329313972,
              27.09082413402747
            ],
            [
              83.97891917382789,
              27.090833591157097
            ],
            [
              83.97839976523565,
              27.090761693759028
            ],
            [
              83.97786011490516,
              27.090504956034625
            ],
            [
              83.97714376056837,
              27.090072218089475
            ],
            [
              83.97653845956022,
              27.08970257517409
            ],
            [
              83.97589285923016,
              27.089346624664774
            ],
            [
              83.97525728769192,
              27.089071800903135
            ],
            [
              83.97443035433689,
              27.088815201664815
            ],
            [
              83.97184333567604,
              27.088176223891534
            ],
            [
              83.97085002894052,
              27.087964862836788
            ],
            [
              83.97010884427095,
              27.087757777802683
            ],
            [
              83.96924145169386,
              27.087595898379238
            ],
            [
              83.96820780341554,
              27.08740255131436
            ],
            [
              83.96740616033074,
              27.087227062271293
            ],
            [
              83.966982518436,
              27.087118996343154
            ],
            [
              83.96645798405679,
              27.086785527612623
            ],
            [
              83.9661149192464,
              27.086402135079613
            ],
            [
              83.96563039942316,
              27.085739093751602
            ],
            [
              83.96525680626617,
              27.085161750057296
            ],
            [
              83.96496897616768,
              27.084557234115984
            ],
            [
              83.96470658995128,
              27.084246021913675
            ],
            [
              83.9644039250742,
              27.084124423607378
            ],
            [
              83.96418218492946,
              27.084079520939014
            ],
            [
              83.96312343412885,
              27.083980815305786
            ],
            [
              83.96195380337441,
              27.083981538330537
            ],
            [
              83.95979099614016,
              27.08391971729746
            ],
            [
              83.95874241337027,
              27.0838977658037
            ],
            [
              83.95727034141925,
              27.083921223333235
            ],
            [
              83.95643356073207,
              27.08394878626409
            ],
            [
              83.95583867479138,
              27.084034790210882
            ],
            [
              83.95508258527461,
              27.084256421767943
            ],
            [
              83.95420037229196,
              27.084554777124097
            ],
            [
              83.95283968155469,
              27.084925552745645
            ],
            [
              83.95184688236729,
              27.085305045724283
            ],
            [
              83.95184683834987,
              27.085305067318803
            ],
            [
              83.95118667632902,
              27.085666475668436
            ],
            [
              83.95058189903871,
              27.085937512770347
            ],
            [
              83.95012831899051,
              27.08615894861375
            ],
            [
              83.94996844312445,
              27.086290158184138
            ],
            [
              83.94946819919049,
              27.08670070066413
            ],
            [
              83.94902998123197,
              27.087332642372065
            ],
            [
              83.94873794701795,
              27.087797573208434
            ],
            [
              83.94798239559204,
              27.08878627072182
            ],
            [
              83.94744843159727,
              27.089463448292364
            ],
            [
              83.94731375257662,
              27.08961832626587
            ],
            [
              83.9472439804285,
              27.089698566750304
            ],
            [
              83.9467732632196,
              27.09023989780352
            ],
            [
              83.94647118224746,
              27.090822206612373
            ],
            [
              83.94637569582432,
              27.09126446033438
            ],
            [
              83.94640101034902,
              27.091535179186593
            ],
            [
              83.94644149741887,
              27.091792372006832
            ],
            [
              83.94662318438004,
              27.092063050395378
            ],
            [
              83.94693594272766,
              27.092360685982133
            ],
            [
              83.94724375674798,
              27.092658370362066
            ],
            [
              83.94736492331016,
              27.092892883106444
            ],
            [
              83.94738014436432,
              27.093163613217758
            ],
            [
              83.94728461033048,
              27.093569816721725
            ],
            [
              83.94711850913951,
              27.093976009955348
            ],
            [
              83.94700789059539,
              27.09460337374901
            ],
            [
              83.94700829663392,
              27.095180915096666
            ],
            [
              83.94700886796244,
              27.095948017823257
            ],
            [
              83.94702437018928,
              27.096489536194582
            ],
            [
              83.94716567069193,
              27.0967512240314
            ],
            [
              83.94718101122201,
              27.09714375064147
            ],
            [
              83.94732286239189,
              27.098082276113
            ],
            [
              83.94734867727821,
              27.09899378069051
            ],
            [
              83.94724827527385,
              27.0997834990168
            ],
            [
              83.94710900406548,
              27.10015295831806
            ],
            [
              83.94700159430357,
              27.100437894940576
            ],
            [
              83.94657857404302,
              27.10119165012748
            ],
            [
              83.94645295363368,
              27.101782930368113
            ],
            [
              83.94638269010711,
              27.102473315139804
            ],
            [
              83.94653439489734,
              27.103127667353483
            ],
            [
              83.94674154999514,
              27.103768179142403
            ],
            [
              83.9468277828725,
              27.104458609246997
            ],
            [
              83.9470198211207,
              27.105076683885812
            ],
            [
              83.94715610543076,
              27.10553241462768
            ],
            [
              83.94717144057098,
              27.1057399841682
            ],
            [
              83.9471311816732,
              27.105974588663223
            ],
            [
              83.94706584001608,
              27.106141588854296
            ],
            [
              83.9471216487514,
              27.106732757389114
            ],
            [
              83.94715252474603,
              27.107869827328226
            ],
            [
              83.94717868009386,
              27.109201023092968
            ],
            [
              83.9472903721247,
              27.110509582670286
            ],
            [
              83.9473715510803,
              27.111263131707872
            ],
            [
              83.9473971701339,
              27.111782047059183
            ],
            [
              83.94767493191468,
              27.112494942141467
            ],
            [
              83.94804858885206,
              27.113261803095845
            ],
            [
              83.94853323443942,
              27.11410985568803
            ],
            [
              83.9489725366645,
              27.11487677274052
            ],
            [
              83.94952765957747,
              27.11564360617783
            ],
            [
              83.95022918272895,
              27.116505092749684
            ],
            [
              83.95068346615801,
              27.117208968190024
            ],
            [
              83.95137482936362,
              27.117912341873495
            ],
            [
              83.95158328342528,
              27.11809286724132
            ],
            [
              83.95218727828296,
              27.118615931013625
            ],
            [
              83.95299443432867,
              27.119147899383044
            ],
            [
              83.9532113370456,
              27.11915672407084
            ],
            [
              83.95475459958459,
              27.119368056625767
            ],
            [
              83.95540519544596,
              27.11948045618586
            ],
            [
              83.95620215830816,
              27.11976421464055
            ],
            [
              83.9569891920915,
              27.120291756056105
            ],
            [
              83.95754439585285,
              27.120787852150766
            ],
            [
              83.95792793336004,
              27.121243406976745
            ],
            [
              83.95831644394066,
              27.121549916607187
            ],
            [
              83.95881081738422,
              27.12167599405213
            ],
            [
              83.95929506232298,
              27.12184726112025
            ],
            [
              83.95951709082692,
              27.122068178204724
            ],
            [
              83.95973929629893,
              27.122501335354293
            ],
            [
              83.95991631022399,
              27.123200591784137
            ],
            [
              83.96022444943442,
              27.123832193951817
            ],
            [
              83.96045691366704,
              27.124436647349587
            ],
            [
              83.96102234025632,
              27.125289166052557
            ],
            [
              83.96150704692913,
              27.12591607371623
            ],
            [
              83.96198151190934,
              27.12644378839277
            ],
            [
              83.96248624831803,
              27.12708865431045
            ],
            [
              83.96280446842259,
              27.127693131682523
            ],
            [
              83.96281986285162,
              27.12795039172874
            ],
            [
              83.96273428933765,
              27.12818510076015
            ],
            [
              83.9626098358399,
              27.128360798223888
            ],
            [
              83.96256802824655,
              27.12841981889282
            ],
            [
              83.96237657659826,
              27.128690665344983
            ],
            [
              83.96225563641156,
              27.128780985725253
            ],
            [
              83.9619814678919,
              27.129085610303196
            ],
            [
              83.96189796499466,
              27.129178388775554
            ],
            [
              83.96169135427594,
              27.129480744942523
            ],
            [
              83.96137918073157,
              27.130184891303077
            ],
            [
              83.96116793021442,
              27.130947734374836
            ],
            [
              83.96093671823333,
              27.13193602998423
            ],
            [
              83.96076055680948,
              27.13250470694633
            ],
            [
              83.96053925324597,
              27.133271986350774
            ],
            [
              83.95999015623191,
              27.13418382467016
            ],
            [
              83.95939553709086,
              27.13485198728294
            ],
            [
              83.95888657590541,
              27.135434433333597
            ],
            [
              83.9586902526933,
              27.13590382907814
            ],
            [
              83.95872083583716,
              27.136260324634936
            ],
            [
              83.95906417643033,
              27.136878290742796
            ],
            [
              83.95958923901892,
              27.137618011207167
            ],
            [
              83.96026578900549,
              27.1384207880189
            ],
            [
              83.96072003470533,
              27.138903444690108
            ],
            [
              83.96157298237264,
              27.13960674908529
            ],
            [
              83.96252700128922,
              27.140481592955958
            ],
            [
              83.96323367807547,
              27.14121221961457
            ],
            [
              83.96374363998417,
              27.14188873863433
            ],
            [
              83.96438665226789,
              27.142457149932337
            ],
            [
              83.96518719311986,
              27.14316480539201
            ],
            [
              83.96639403658494,
              27.14472535606499
            ],
            [
              83.96788360592109,
              27.14669628727981
            ],
            [
              83.96929268530944,
              27.148671818326957
            ],
            [
              83.97061578604368,
              27.15057060514388
            ],
            [
              83.97136967289136,
              27.15162099531423
            ],
            [
              83.97149959533256,
              27.15180201219595
            ],
            [
              83.9717777173378,
              27.152492172186165
            ],
            [
              83.97208078825341,
              27.152961251698976
            ],
            [
              83.97263102073798,
              27.153430144601572
            ],
            [
              83.97345873742391,
              27.153971000269944
            ],
            [
              83.97439759637176,
              27.154710390984388
            ],
            [
              83.97536212917039,
              27.15581977960355
            ],
            [
              83.97619071542555,
              27.157227102193925
            ],
            [
              83.9769386293749,
              27.15870653897996
            ],
            [
              83.9772505558826,
              27.15927569276217
            ],
            [
              83.97762588638133,
              27.159960529840582
            ],
            [
              83.97831907226865,
              27.16220726291938
            ],
            [
              83.97859296680214,
              27.163763854328085
            ],
            [
              83.97873524736674,
              27.164873738050918
            ],
            [
              83.97925535035667,
              27.165365233361005
            ],
            [
              83.97953300972952,
              27.16561319165372
            ],
            [
              83.9805826830542,
              27.166004982680196
            ],
            [
              83.98154672806763,
              27.166500652911612
            ],
            [
              83.98231926124566,
              27.167091177061607
            ],
            [
              83.98339551302466,
              27.167691302967164
            ],
            [
              83.98400020677164,
              27.168028478612893
            ],
            [
              83.98601407961996,
              27.168960961119012
            ],
            [
              83.98681673241116,
              27.169479228252722
            ],
            [
              83.9875341171156,
              27.170417344106465
            ],
            [
              83.98844343316868,
              27.171603293171085
            ],
            [
              83.98916032559634,
              27.17199530692442
            ],
            [
              83.99064911070322,
              27.172485921360288
            ],
            [
              83.99186535324112,
              27.17278274276225
            ],
            [
              83.99326841122216,
              27.173174106645124
            ],
            [
              83.99393510938499,
              27.17389108074696
            ],
            [
              83.99420823226565,
              27.17453155639048
            ],
            [
              83.99418363908813,
              27.175172328041395
            ],
            [
              83.99417705803033,
              27.175198863153557
            ],
            [
              83.99417731764346,
              27.17519885276456
            ],
            [
              83.99635168170383,
              27.17511173295853
            ],
            [
              83.99789337219109,
              27.175072611136816
            ],
            [
              83.99838049084042,
              27.175060245812496
            ],
            [
              84.0003223134131,
              27.175050476941568
            ],
            [
              84.00063611290814,
              27.175200464658126
            ],
            [
              84.00063307480582,
              27.175211122974208
            ],
            [
              84.00039781501607,
              27.176036023363626
            ],
            [
              83.99982398109405,
              27.17881557810569
            ],
            [
              83.9993964360194,
              27.18064339362866
            ],
            [
              83.99902956226074,
              27.181600719700242
            ],
            [
              83.99897584390507,
              27.18271955898461
            ],
            [
              84.00107991299785,
              27.182231823958766
            ],
            [
              84.00682700540224,
              27.181137808179127
            ],
            [
              84.01019882732962,
              27.18030154209724
            ],
            [
              84.01351784269131,
              27.179190097646263
            ],
            [
              84.01748810339633,
              27.177745994373904
            ],
            [
              84.01971706616135,
              27.17705716600192
            ],
            [
              84.02023490899002,
              27.17668852819005
            ],
            [
              84.02040369614372,
              27.175064872120565
            ]
          ]
        ]
      }
    }
  ]
}