{
  "type": "FeatureCollection",
  "features": [
    {
      "type": "Feature",
      "properties": {
        "object_id": "10-216-01208",
        "stname": "BIHAR",
        "dtname": "Muzaffarpur",
        "sdtname": "Katra",
        "st_area_sh": 0.0,
        "st_length_": 0.0,
        "remarks": "",
        "dist_lgd": 208,
        "state_lgd": 10,
        "subdt_lgd": 1208,
        "ac_no": null,
        "st_length(shape)": 118891.9342746819,
        "st_area(shape)": 235108975.17115793
      },
      "geometry": {
        "type": "Polygon",
        "coordinates": [
          [
            [
              85.65072189924285,
              26.318135268126507
            ],
            [
              85.65092220558489,
              26.317923101378405
            ],
            [
              85.65114743478618,
              26.317756126329286
            ],
            [
              85.65149294930235,
              26.317643186739986
            ],
            [
              85.65194363138546,
              26.317670174788205
            ],
            [
              85.65300038163794,
              26.318017480784153
            ],
            [
              85.65427249758986,
              26.318522714308166
            ],
            [
              85.65491853629777,
              26.318757273297255
            ],
            [
              85.65548945788167,
              26.318964674174765
            ],
            [
              85.65607038939275,
              26.319077373332746
            ],
            [
              85.65658125680326,
              26.319167564787953
            ],
            [
              85.65706191566737,
              26.3191584346898
            ],
            [
              85.65742249133758,
              26.31907713016388
            ],
            [
              85.65776301032247,
              26.318928107817765
            ],
            [
              85.6580984906569,
              26.318729473058212
            ],
            [
              85.6584489162627,
              26.318363871031803
            ],
            [
              85.65864406178343,
              26.318007286923102
            ],
            [
              85.65881927099306,
              26.317650697690713
            ],
            [
              85.65906953803797,
              26.317352769112347
            ],
            [
              85.6592347957109,
              26.31719027583423
            ],
            [
              85.65943504186583,
              26.317086431331465
            ],
            [
              85.65973548610755,
              26.31705023880372
            ],
            [
              85.6599958367415,
              26.317068200599127
            ],
            [
              85.6606419553995,
              26.317244054054342
            ],
            [
              85.66100750683808,
              26.317347767972294
            ],
            [
              85.66130796724948,
              26.31739733972025
            ],
            [
              85.6616635599648,
              26.31735669288542
            ],
            [
              85.66204403870843,
              26.317207672351994
            ],
            [
              85.66225440438504,
              26.31709479906031
            ],
            [
              85.6628402469858,
              26.31693667690427
            ],
            [
              85.6632858113667,
              26.316859850203933
            ],
            [
              85.66386176980438,
              26.316873164355613
            ],
            [
              85.6642723924157,
              26.31687310799087
            ],
            [
              85.664433334582,
              26.316855167905896
            ],
            [
              85.66463790163345,
              26.31683236515207
            ],
            [
              85.66490333673191,
              26.316782656276498
            ],
            [
              85.6651686370831,
              26.316692318831542
            ],
            [
              85.66538401715563,
              26.316552312602354
            ],
            [
              85.66552915526113,
              26.316317672653184
            ],
            [
              85.66561411522575,
              26.31601070128967
            ],
            [
              85.66566016376554,
              26.315816740646845
            ],
            [
              85.66570410934924,
              26.315631641112983
            ],
            [
              85.6658041771803,
              26.315369859339764
            ],
            [
              85.66590432406312,
              26.315171271623473
            ],
            [
              85.66604447831543,
              26.315004204033396
            ],
            [
              85.66622463814062,
              26.314877772648124
            ],
            [
              85.66651512006585,
              26.314801029130955
            ],
            [
              85.66711597171833,
              26.314791810113967
            ],
            [
              85.6676417107384,
              26.314728445356018
            ],
            [
              85.66818251720065,
              26.314538734967297
            ],
            [
              85.66862808966643,
              26.314398696342042
            ],
            [
              85.66928400984249,
              26.314005929095654
            ],
            [
              85.66986971500097,
              26.313577028102653
            ],
            [
              85.67027062502747,
              26.313344396019573
            ],
            [
              85.6707257573645,
              26.313080301270187
            ],
            [
              85.67141669117537,
              26.312795732730365
            ],
            [
              85.67197748605106,
              26.312705321315494
            ],
            [
              85.67236814809675,
              26.31275028666796
            ],
            [
              85.67272369140473,
              26.312993903379525
            ],
            [
              85.67302939707906,
              26.313408950060307
            ],
            [
              85.67314968329224,
              26.313824178041802
            ],
            [
              85.67324994605775,
              26.314036179172508
            ],
            [
              85.67338521527155,
              26.314261776197014
            ],
            [
              85.67356065534821,
              26.314487384055386
            ],
            [
              85.67386619663084,
              26.31480321128966
            ],
            [
              85.67417686190389,
              26.31524989911368
            ],
            [
              85.67435738105515,
              26.315768781879207
            ],
            [
              85.67447271575448,
              26.316179447912084
            ],
            [
              85.67462804434857,
              26.316517898622557
            ],
            [
              85.67486865899575,
              26.31690588809409
            ],
            [
              85.67526947020752,
              26.317433756792113
            ],
            [
              85.67566529037958,
              26.317907501376038
            ],
            [
              85.67630149343348,
              26.31837660285117
            ],
            [
              85.67692763266123,
              26.318841274650907
            ],
            [
              85.67748375000923,
              26.3193238963699
            ],
            [
              85.67781935610782,
              26.31968486068884
            ],
            [
              85.67810002483685,
              26.32001417193193
            ],
            [
              85.67837046624639,
              26.320185580307555
            ],
            [
              85.67881126775968,
              26.320343388837202
            ],
            [
              85.67960751556292,
              26.320473956129884
            ],
            [
              85.68027856336838,
              26.320514261277633
            ],
            [
              85.68141042804994,
              26.32059960762529
            ],
            [
              85.68235191007842,
              26.32064437586431
            ],
            [
              85.68295786685667,
              26.320567427624642
            ],
            [
              85.6837490239072,
              26.32040460631439
            ],
            [
              85.6846853720638,
              26.320327525059717
            ],
            [
              85.68567194143469,
              26.32035417671996
            ],
            [
              85.68621281976223,
              26.320317786332193
            ],
            [
              85.68682865621197,
              26.320155055657192
            ],
            [
              85.68722420419452,
              26.31993830464231
            ],
            [
              85.6875295415596,
              26.319698969238896
            ],
            [
              85.68778469993119,
              26.319405546150247
            ],
            [
              85.68791980385498,
              26.31904439818161
            ],
            [
              85.68788919825325,
              26.318159915340015
            ],
            [
              85.6878939377647,
              26.31767704962553
            ],
            [
              85.68789384074664,
              26.31736558317395
            ],
            [
              85.68798889418181,
              26.317153481043174
            ],
            [
              85.68817409625068,
              26.31700449809318
            ],
            [
              85.6884194342396,
              26.316986339816793
            ],
            [
              85.68879010158369,
              26.317216332362516
            ],
            [
              85.68938139695823,
              26.317879431189997
            ],
            [
              85.68971701024333,
              26.31810043430172
            ],
            [
              85.6900376171716,
              26.318186061027504
            ],
            [
              85.69024789301666,
              26.3181859056237
            ],
            [
              85.69038804457406,
              26.31815883798071
            ],
            [
              85.6906384508578,
              26.318090977207557
            ],
            [
              85.69087871067043,
              26.317865212910675
            ],
            [
              85.69088381938946,
              26.3178559957479
            ],
            [
              85.69101378674645,
              26.317621426076574
            ],
            [
              85.69109347899025,
              26.316903883926418
            ],
            [
              85.69114291507695,
              26.31584778500039
            ],
            [
              85.69122264774494,
              26.315179897161666
            ],
            [
              85.69135262857665,
              26.31480073280829
            ],
            [
              85.69154276239644,
              26.314435028197252
            ],
            [
              85.69173785311995,
              26.314055915356462
            ],
            [
              85.6921581101627,
              26.313491615383242
            ],
            [
              85.69258856488055,
              26.313062647262136
            ],
            [
              85.69307401086682,
              26.312624698324797
            ],
            [
              85.69344438356352,
              26.31236273904605
            ],
            [
              85.69366458758911,
              26.312182108728276
            ],
            [
              85.69387974487945,
              26.311870614619604
            ],
            [
              85.69393963466112,
              26.31155915107816
            ],
            [
              85.69391940100766,
              26.31110341331134
            ],
            [
              85.69386894263816,
              26.310430995942525
            ],
            [
              85.69346263014356,
              26.309289401259523
            ],
            [
              85.69342239999189,
              26.308964477215397
            ],
            [
              85.69350231771283,
              26.308698156388356
            ],
            [
              85.6937325361572,
              26.30845432932796
            ],
            [
              85.69461354180412,
              26.307907849330697
            ],
            [
              85.69499386244425,
              26.307641460848174
            ],
            [
              85.6952741188466,
              26.307320898393307
            ],
            [
              85.69553412542582,
              26.306643811797695
            ],
            [
              85.6958534648312,
              26.306054155141783
            ],
            [
              85.69586418981739,
              26.306034350756242
            ],
            [
              85.69616933943458,
              26.305637093055594
            ],
            [
              85.69648956008729,
              26.30524430416388
            ],
            [
              85.69690498060051,
              26.304946271208138
            ],
            [
              85.69725542956255,
              26.304779094656084
            ],
            [
              85.69756580018813,
              26.30473830891049
            ],
            [
              85.69783119037083,
              26.304778816829568
            ],
            [
              85.69802665120025,
              26.304963770225864
            ],
            [
              85.69812699211917,
              26.30532471969278
            ],
            [
              85.69812252030569,
              26.306164107147794
            ],
            [
              85.69820801656454,
              26.306768859837554
            ],
            [
              85.69841353583018,
              26.307147828217264
            ],
            [
              85.69870911838959,
              26.307391377790427
            ],
            [
              85.69910477776322,
              26.307526507069262
            ],
            [
              85.69984091839247,
              26.307607392100298
            ],
            [
              85.70092741455892,
              26.307466920717687
            ],
            [
              85.70221405716731,
              26.30710065503402
            ],
            [
              85.70288985795894,
              26.306815975175695
            ],
            [
              85.70321015676508,
              26.30656762008204
            ],
            [
              85.70328003401607,
              26.30629226410055
            ],
            [
              85.70329462714786,
              26.305728142941376
            ],
            [
              85.70326438895708,
              26.305294973869607
            ],
            [
              85.7033392734175,
              26.305046655781243
            ],
            [
              85.70346939258977,
              26.30496540738647
            ],
            [
              85.70369977812081,
              26.304965231832632
            ],
            [
              85.7041806238345,
              26.305267322600365
            ],
            [
              85.70440108926984,
              26.305411687004415
            ],
            [
              85.70457638202281,
              26.305465724357674
            ],
            [
              85.70476164158386,
              26.30547913323217
            ],
            [
              85.70544813142904,
              26.306322683690095
            ],
            [
              85.7050620462997,
              26.3054518733776
            ],
            [
              85.70486137075004,
              26.30487885366088
            ],
            [
              85.70469064772693,
              26.3042245838077
            ],
            [
              85.70443989379518,
              26.30360642405344
            ],
            [
              85.7041388647502,
              26.302771678394283
            ],
            [
              85.70398336906946,
              26.30230695181298
            ],
            [
              85.70396309319517,
              26.301986543719725
            ],
            [
              85.704133034684,
              26.30150354295969
            ],
            [
              85.70421778444285,
              26.300989076315922
            ],
            [
              85.70426752595675,
              26.300515190082542
            ],
            [
              85.70414198370085,
              26.299987178275853
            ],
            [
              85.70407167795346,
              26.29958109195212
            ],
            [
              85.70401124019946,
              26.299161373135497
            ],
            [
              85.70404605530662,
              26.298822863678982
            ],
            [
              85.70417106216661,
              26.29856109467121
            ],
            [
              85.70443114061102,
              26.29815925796484
            ],
            [
              85.70485643360927,
              26.29766267202366
            ],
            [
              85.70527160798413,
              26.29717502169785
            ],
            [
              85.70548169877624,
              26.29685443512951
            ],
            [
              85.70551670522455,
              26.29674162818574
            ],
            [
              85.70548154965593,
              26.29666041987498
            ],
            [
              85.70523095292933,
              26.296308499625496
            ],
            [
              85.70514571987685,
              26.296055848001036
            ],
            [
              85.70514031830704,
              26.29548721131181
            ],
            [
              85.70525520474703,
              26.29512613215439
            ],
            [
              85.70536518099568,
              26.294927512970958
            ],
            [
              85.70559043984137,
              26.294837098087214
            ],
            [
              85.70613119599801,
              26.29480974633479
            ],
            [
              85.70758299656637,
              26.294610310774775
            ],
            [
              85.70901986982962,
              26.294537300396804
            ],
            [
              85.70920501260967,
              26.29444236629993
            ],
            [
              85.70926489969641,
              26.294198693681604
            ],
            [
              85.70932984968807,
              26.29401357089554
            ],
            [
              85.70945995089404,
              26.293869118203087
            ],
            [
              85.71002553738343,
              26.293679198099102
            ],
            [
              85.71019689461717,
              26.29362761405164
            ],
            [
              85.7104160494105,
              26.293561642008047
            ],
            [
              85.71142718231451,
              26.293321822863692
            ],
            [
              85.71265097878563,
              26.29310846061138
            ],
            [
              85.71267363339881,
              26.29310451105071
            ],
            [
              85.71396024007458,
              26.29286001172038
            ],
            [
              85.71511158741804,
              26.292683265953208
            ],
            [
              85.71563219256625,
              26.292538512002523
            ],
            [
              85.71577219859653,
              26.292385024326894
            ],
            [
              85.71585694386377,
              26.291920112753164
            ],
            [
              85.71601117202165,
              26.290557074372558
            ],
            [
              85.71602514890917,
              26.289503920727075
            ],
            [
              85.71602530611435,
              26.289492063622315
            ],
            [
              85.7157794165598,
              26.288765628805645
            ],
            [
              85.71552368506308,
              26.288269322384238
            ],
            [
              85.7151930583261,
              26.288007796948605
            ],
            [
              85.71506274062617,
              26.28775510710429
            ],
            [
              85.71512194858653,
              26.286699076830534
            ],
            [
              85.71514058144216,
              26.284790068713406
            ],
            [
              85.715055067217,
              26.284343314252215
            ],
            [
              85.71489954907838,
              26.28387859918917
            ],
            [
              85.71474904892892,
              26.28354023117849
            ],
            [
              85.71477374990432,
              26.283061781671375
            ],
            [
              85.71487345930758,
              26.282556288062885
            ],
            [
              85.71494272839914,
              26.281468658332866
            ],
            [
              85.71496737906885,
              26.28100375133215
            ],
            [
              85.71521095635983,
              26.27874709639621
            ],
            [
              85.71527025774499,
              26.277727177664225
            ],
            [
              85.71530485905312,
              26.27713145122156
            ],
            [
              85.715354651771,
              26.276774835325433
            ],
            [
              85.71552467859976,
              26.276576203244375
            ],
            [
              85.71679085758598,
              26.27622342300859
            ],
            [
              85.71703615515072,
              26.27619166968195
            ],
            [
              85.71747161617965,
              26.27607855830282
            ],
            [
              85.71770172862281,
              26.27591594111998
            ],
            [
              85.7177515213407,
              26.27564057598735
            ],
            [
              85.71743559733002,
              26.27491875292801
            ],
            [
              85.71718949756973,
              26.27390341691974
            ],
            [
              85.71707881794022,
              26.27314984339654
            ],
            [
              85.71695756244483,
              26.27176447527953
            ],
            [
              85.71681229588023,
              26.271624595232407
            ],
            [
              85.7165520341795,
              26.27162479661352
            ],
            [
              85.71556619783387,
              26.272022605806438
            ],
            [
              85.71498059508332,
              26.272158294249387
            ],
            [
              85.71409482926371,
              26.27240712337793
            ],
            [
              85.71371941073006,
              26.272488533132066
            ],
            [
              85.71355422761732,
              26.27244805098806
            ],
            [
              85.71353882420512,
              26.271992264215942
            ],
            [
              85.71347840441744,
              26.271477840662325
            ],
            [
              85.71336808680896,
              26.271274802949815
            ],
            [
              85.71313280725627,
              26.2711982126207
            ],
            [
              85.71264227860212,
              26.27123010828079
            ],
            [
              85.71196154516127,
              26.27138397918228
            ],
            [
              85.71158122541945,
              26.271528628228324
            ],
            [
              85.711265886212,
              26.271483635612615
            ],
            [
              85.71104547287892,
              26.271330345627813
            ],
            [
              85.71082958256332,
              26.270441393764678
            ],
            [
              85.7106541793176,
              26.270175295401767
            ],
            [
              85.71035881864206,
              26.270080645055067
            ],
            [
              85.70967302768618,
              26.27011267232441
            ],
            [
              85.7081664110209,
              26.270235356846833
            ],
            [
              85.70771588973624,
              26.2701904942264
            ],
            [
              85.70747044933934,
              26.27002821678511
            ],
            [
              85.70718980666145,
              26.269509370978394
            ],
            [
              85.70672846067762,
              26.268282086917548
            ],
            [
              85.70645748297386,
              26.267406718320387
            ],
            [
              85.70626692065768,
              26.266829187207254
            ],
            [
              85.70605603036495,
              26.26587256409784
            ],
            [
              85.70597572187687,
              26.265637920675417
            ],
            [
              85.70578541737719,
              26.265452935180335
            ],
            [
              85.70531984661656,
              26.26537651340167
            ],
            [
              85.70453404981335,
              26.265408516190636
            ],
            [
              85.70288730315026,
              26.26546813140097
            ],
            [
              85.7021414104103,
              26.265414354138983
            ],
            [
              85.70182098943329,
              26.265252020881714
            ],
            [
              85.70117961837158,
              26.26430016425577
            ],
            [
              85.70079888360809,
              26.263772367840485
            ],
            [
              85.70020315774258,
              26.263587588018463
            ],
            [
              85.69983749491293,
              26.263181623199376
            ],
            [
              85.69952199131379,
              26.262983216782846
            ],
            [
              85.69939650385511,
              26.26241014998839
            ],
            [
              85.69936118209814,
              26.261904708216115
            ],
            [
              85.69944610433352,
              26.26165196717071
            ],
            [
              85.69984652837141,
              26.26158851537315
            ],
            [
              85.69994651265918,
              26.261466637781105
            ],
            [
              85.69993139760619,
              26.261367372327623
            ],
            [
              85.69970082612393,
              26.260753721109943
            ],
            [
              85.69860332379855,
              26.258624158652555
            ],
            [
              85.698262757203,
              26.258349054609408
            ],
            [
              85.69768722277014,
              26.25839448493111
            ],
            [
              85.69766653007757,
              26.258400788878255
            ],
            [
              85.69599573641264,
              26.25890980590352
            ],
            [
              85.69569045114989,
              26.258855754112652
            ],
            [
              85.69564025868169,
              26.258580483855784
            ],
            [
              85.69556485140177,
              26.25809769793419
            ],
            [
              85.69557969696018,
              26.257754674004325
            ],
            [
              85.69551930861353,
              26.257271844368795
            ],
            [
              85.69543389410134,
              26.25674382668729
            ],
            [
              85.69549365722057,
              26.256260914703425
            ],
            [
              85.69569860425939,
              26.255732827169837
            ],
            [
              85.6957709213347,
              26.25562363299797
            ],
            [
              85.69577933495565,
              26.25561092893124
            ],
            [
              85.69600361912927,
              26.25527227388245
            ],
            [
              85.6963437186009,
              26.25489753562963
            ],
            [
              85.69684406134952,
              26.254590425860417
            ],
            [
              85.69732936899524,
              26.254454802285093
            ],
            [
              85.69781987608984,
              26.254463584605606
            ],
            [
              85.69806007391873,
              26.25442739186974
            ],
            [
              85.6981351218725,
              26.254341584329495
            ],
            [
              85.69814509227382,
              26.254210675905615
            ],
            [
              85.6980393668531,
              26.2532224027365
            ],
            [
              85.69810435637064,
              26.253059852634745
            ],
            [
              85.69818436122817,
              26.252933463291964
            ],
            [
              85.69834936827112,
              26.252825086645345
            ],
            [
              85.69869464473372,
              26.25273919816167
            ],
            [
              85.69885484309498,
              26.25268494611354
            ],
            [
              85.69891977961193,
              26.25256302292383
            ],
            [
              85.69891984788387,
              26.252559031700383
            ],
            [
              85.69891992963058,
              26.252554172784432
            ],
            [
              85.69892941763662,
              26.25199442930385
            ],
            [
              85.69895932075576,
              26.251664903152637
            ],
            [
              85.6990541478155,
              26.25139410582456
            ],
            [
              85.69923422679229,
              26.251154866631417
            ],
            [
              85.69968934924783,
              26.250626598779764
            ],
            [
              85.69991443022711,
              26.250400766801192
            ],
            [
              85.70011012731344,
              26.25025113574305
            ],
            [
              85.70023203678232,
              26.25017333431656
            ],
            [
              85.7005627758087,
              26.250034494166925
            ],
            [
              85.70097001356801,
              26.249759750865255
            ],
            [
              85.70183357033885,
              26.249333993742393
            ],
            [
              85.70184051611264,
              26.24933056880046
            ],
            [
              85.70288636890237,
              26.249059242338834
            ],
            [
              85.70436257939193,
              26.248765066880082
            ],
            [
              85.70495808786515,
              26.24872863710935
            ],
            [
              85.70536357121472,
              26.248818692326175
            ],
            [
              85.70568400476813,
              26.24908474939129
            ],
            [
              85.70618991796984,
              26.249725339625797
            ],
            [
              85.70639087289554,
              26.250031307725234
            ],
            [
              85.70653068578802,
              26.25024418681539
            ],
            [
              85.7067261798551,
              26.250708909235428
            ],
            [
              85.7068414247229,
              26.250961561299974
            ],
            [
              85.70693664344806,
              26.251087819852994
            ],
            [
              85.70751191018299,
              26.251397696672637
            ],
            [
              85.70836719706331,
              26.251320346380847
            ],
            [
              85.70894362621821,
              26.25116338333148
            ],
            [
              85.70904369494757,
              26.251104696157338
            ],
            [
              85.70940877207566,
              26.250738906726887
            ],
            [
              85.71007723632636,
              26.250173376211563
            ],
            [
              85.71024781022915,
              26.250029067145036
            ],
            [
              85.7107592929856,
              26.249596334649624
            ],
            [
              85.71154466129242,
              26.24920325531399
            ],
            [
              85.71238947740981,
              26.248981230636986
            ],
            [
              85.71240537489538,
              26.24897705317804
            ],
            [
              85.7130109471947,
              26.248963160003964
            ],
            [
              85.71395193784474,
              26.249165693699876
            ],
            [
              85.71462019997449,
              26.249352986014518
            ],
            [
              85.71464273241675,
              26.249359301731857
            ],
            [
              85.71528841000193,
              26.249403990316697
            ],
            [
              85.71575386398158,
              26.249358587094637
            ],
            [
              85.71675964741809,
              26.24914132992574
            ],
            [
              85.7170498355942,
              26.249064384194956
            ],
            [
              85.71719484793557,
              26.24895147278489
            ],
            [
              85.71721981211732,
              26.24881157975922
            ],
            [
              85.71700361727282,
              26.24754805288711
            ],
            [
              85.71671711488432,
              26.246633661150437
            ],
            [
              85.716436707565,
              26.245738710304053
            ],
            [
              85.7159554459313,
              26.2447371586625
            ],
            [
              85.7153791919479,
              26.243825849236195
            ],
            [
              85.71527378273416,
              26.243442384374102
            ],
            [
              85.71491266987142,
              26.24236850537596
            ],
            [
              85.71474213100295,
              26.241881173025156
            ],
            [
              85.71459708003403,
              26.241063810255618
            ],
            [
              85.71459639192452,
              26.241059930634552
            ],
            [
              85.71452084810066,
              26.24039198365102
            ],
            [
              85.71438035787844,
              26.240031044110257
            ],
            [
              85.71410503322701,
              26.239832669058785
            ],
            [
              85.71303898271643,
              26.239702417086182
            ],
            [
              85.71203022316139,
              26.239675318237378
            ],
            [
              85.7110671806678,
              26.239649441699314
            ],
            [
              85.71104674399504,
              26.239649722099013
            ],
            [
              85.71104539831876,
              26.23964974063116
            ],
            [
              85.70934571393599,
              26.239673079068993
            ],
            [
              85.70774928640354,
              26.239624333031838
            ],
            [
              85.70682345212903,
              26.23954368664962
            ],
            [
              85.70594777977995,
              26.23959827760668
            ],
            [
              85.70502225542417,
              26.240131356728995
            ],
            [
              85.70430700781182,
              26.2405966288201
            ],
            [
              85.70426879527625,
              26.240620219264287
            ],
            [
              85.70411689555162,
              26.240713995221025
            ],
            [
              85.70401683311043,
              26.240709570908773
            ],
            [
              85.70386155841524,
              26.24061039568759
            ],
            [
              85.7031103242926,
              26.239735289902235
            ],
            [
              85.70261953512701,
              26.239207497902097
            ],
            [
              85.7025951198159,
              26.239205991956606
            ],
            [
              85.70218415314984,
              26.23918063421676
            ],
            [
              85.7011132176007,
              26.239140622301004
            ],
            [
              85.70036248922958,
              26.239068830779114
            ],
            [
              85.70001225226997,
              26.239064489396522
            ],
            [
              85.69990208198521,
              26.23901492123847
            ],
            [
              85.69978667631896,
              26.23844627663399
            ],
            [
              85.69978530728648,
              26.238434692299617
            ],
            [
              85.69966087534827,
              26.237381263203474
            ],
            [
              85.69949531673974,
              26.236821735906172
            ],
            [
              85.69851894504393,
              26.235951250096704
            ],
            [
              85.69832364591129,
              26.235698679012565
            ],
            [
              85.69820838397548,
              26.235459472775354
            ],
            [
              85.69805262059681,
              26.23433586365325
            ],
            [
              85.69799723856121,
              26.233798820074366
            ],
            [
              85.69788137744914,
              26.23259838170257
            ],
            [
              85.69788091302014,
              26.231822228383837
            ],
            [
              85.69780022544299,
              26.23092410062448
            ],
            [
              85.6976346452749,
              26.230098331131945
            ],
            [
              85.69746878662903,
              26.228893466862395
            ],
            [
              85.69734324257651,
              26.22824817102849
            ],
            [
              85.69705768611396,
              26.22765261386167
            ],
            [
              85.69660683155436,
              26.226790851876633
            ],
            [
              85.69643643282303,
              26.226461404959775
            ],
            [
              85.69637123220141,
              26.226231317936943
            ],
            [
              85.69640112723575,
              26.225956050177658
            ],
            [
              85.69659603919453,
              26.225649055721313
            ],
            [
              85.69700621264819,
              26.225319364622404
            ],
            [
              85.69758638418456,
              26.22510457434759
            ],
            [
              85.69761652625562,
              26.225093414977067
            ],
            [
              85.69899234102901,
              26.224844510290485
            ],
            [
              85.69980294211383,
              26.224753799073078
            ],
            [
              85.70073365603699,
              26.224825502732028
            ],
            [
              85.70108905291958,
              26.224965219939318
            ],
            [
              85.70161441913876,
              26.225014657092952
            ],
            [
              85.70306550105488,
              26.224919059344042
            ],
            [
              85.70410202034881,
              26.224830298339246
            ],
            [
              85.7041261464024,
              26.22482823214251
            ],
            [
              85.70479675762662,
              26.224895577726954
            ],
            [
              85.70499695706916,
              26.225021789650498
            ],
            [
              85.70520236584203,
              26.22540074613155
            ],
            [
              85.7055077202751,
              26.225513459617044
            ],
            [
              85.70618323989402,
              26.225526585206914
            ],
            [
              85.70641832361397,
              26.225512901167
            ],
            [
              85.70656847162384,
              26.225485724067397
            ],
            [
              85.70664849893923,
              26.22540898186716
            ],
            [
              85.70655731544632,
              26.2238340101196
            ],
            [
              85.70621098705651,
              26.222268207956436
            ],
            [
              85.70612564530789,
              26.221947841654853
            ],
            [
              85.70589000014088,
              26.221153679298155
            ],
            [
              85.70579423613833,
              26.220138322252684
            ],
            [
              85.70580404124965,
              26.21992164389782
            ],
            [
              85.70627928596755,
              26.21979501302214
            ],
            [
              85.70692464105758,
              26.219672799868537
            ],
            [
              85.70753501215715,
              26.219582229677496
            ],
            [
              85.707690103596,
              26.219478264785046
            ],
            [
              85.70760449235279,
              26.218693126866416
            ],
            [
              85.70752405091406,
              26.218237293612273
            ],
            [
              85.7070924328779,
              26.21636467036281
            ],
            [
              85.70694687795411,
              26.215696809598327
            ],
            [
              85.70697189603476,
              26.21561560182503
            ],
            [
              85.70844772833361,
              26.21544324838363
            ],
            [
              85.70967337623252,
              26.21522141632038
            ],
            [
              85.71015861021637,
              26.215121765630403
            ],
            [
              85.71018346480366,
              26.21484644821119
            ],
            [
              85.70985234758656,
              26.213713960930168
            ],
            [
              85.70983215705223,
              26.21326047195979
            ],
            [
              85.70983205284767,
              26.21325812590018
            ],
            [
              85.70993969257827,
              26.212526039353442
            ],
            [
              85.70995150901753,
              26.212445668345477
            ],
            [
              85.71026107205766,
              26.21150229131621
            ],
            [
              85.71040608978893,
              26.211375843091936
            ],
            [
              85.71085617089912,
              26.211213128094613
            ],
            [
              85.71335829157911,
              26.211108596399264
            ],
            [
              85.71337770866397,
              26.211107784007716
            ],
            [
              85.71474337516959,
              26.21088129337415
            ],
            [
              85.71596401226587,
              26.210663874846382
            ],
            [
              85.71672435440718,
              26.210509960613674
            ],
            [
              85.716944265582,
              26.210279627660313
            ],
            [
              85.71701413923977,
              26.20997726394047
            ],
            [
              85.71715403298062,
              26.20976057069382
            ],
            [
              85.71744923555265,
              26.209746772771993
            ],
            [
              85.71834481007686,
              26.209773266070023
            ],
            [
              85.71849483411918,
              26.20973713598646
            ],
            [
              85.71856448140149,
              26.209272262694967
            ],
            [
              85.71857907363497,
              26.20876220864808
            ],
            [
              85.71857848434013,
              26.208756480688468
            ],
            [
              85.71837743598965,
              26.206803727315243
            ],
            [
              85.71815591503383,
              26.205043778326967
            ],
            [
              85.71789925827235,
              26.20318456738791
            ],
            [
              85.71774833860967,
              26.20206092298232
            ],
            [
              85.71771296115713,
              26.201690901671732
            ],
            [
              85.71787297895703,
              26.201618568771448
            ],
            [
              85.71939394081909,
              26.201676266961744
            ],
            [
              85.72117473408886,
              26.201566801174753
            ],
            [
              85.72358091289989,
              26.20141167395698
            ],
            [
              85.72436626773197,
              26.20132537995482
            ],
            [
              85.72487613531756,
              26.201277787370326
            ],
            [
              85.72490153069064,
              26.201275415276793
            ],
            [
              85.72507161411328,
              26.2012707831253
            ],
            [
              85.72517168104604,
              26.201198452382037
            ],
            [
              85.72508622610967,
              26.200756303652522
            ],
            [
              85.72448488487532,
              26.199605830693525
            ],
            [
              85.72449469627486,
              26.19936667033882
            ],
            [
              85.72474449799246,
              26.198897158854074
            ],
            [
              85.72517936433667,
              26.198544849694006
            ],
            [
              85.72601942656954,
              26.1981380781953
            ],
            [
              85.72612943785248,
              26.19802511492219
            ],
            [
              85.72594897439674,
              26.19765976869848
            ],
            [
              85.72558820738539,
              26.196942438602814
            ],
            [
              85.72558609005625,
              26.19693278463652
            ],
            [
              85.72552289806761,
              26.196644561344268
            ],
            [
              85.7255624760424,
              26.196143664291807
            ],
            [
              85.7256621629878,
              26.19571028796327
            ],
            [
              85.72564148107499,
              26.194888985602955
            ],
            [
              85.72546043191771,
              26.19381500738041
            ],
            [
              85.72527506006723,
              26.193051759268045
            ],
            [
              85.7252697384475,
              26.193029846280268
            ],
            [
              85.72526915184763,
              26.193027899623242
            ],
            [
              85.72524816630425,
              26.193027797252466
            ],
            [
              85.7219668694047,
              26.193011679898426
            ],
            [
              85.72066306897437,
              26.193467205682794
            ],
            [
              85.71835974007689,
              26.19416969905736
            ],
            [
              85.71708869222181,
              26.1940700642004
            ],
            [
              85.71443632561561,
              26.193798850638164
            ],
            [
              85.71378023386133,
              26.193593359799134
            ],
            [
              85.71354785137542,
              26.193039007255802
            ],
            [
              85.71350497927847,
              26.192312558602172
            ],
            [
              85.71327375382266,
              26.19203351717372
            ],
            [
              85.71235403707523,
              26.192212448990663
            ],
            [
              85.71169795520241,
              26.192006949710336
            ],
            [
              85.71150472399154,
              26.19120876384528
            ],
            [
              85.71122845431242,
              26.189648221036215
            ],
            [
              85.71116868580332,
              26.188447998665453
            ],
            [
              85.70918336500795,
              26.18857614122364
            ],
            [
              85.7074587559693,
              26.18889302272107
            ],
            [
              85.70573038029465,
              26.189489705246515
            ],
            [
              85.70392510703508,
              26.189635317105946
            ],
            [
              85.70192560184138,
              26.189989064681374
            ],
            [
              85.70146489455975,
              26.18988225526363
            ],
            [
              85.70092401802884,
              26.18971245772782
            ],
            [
              85.70065246091173,
              26.18933424837062
            ],
            [
              85.70041809314903,
              26.18822472786085
            ],
            [
              85.70026643057963,
              26.187805499043197
            ],
            [
              85.69880538994026,
              26.18770630371309
            ],
            [
              85.69800048597097,
              26.187812559719323
            ],
            [
              85.6952300555836,
              26.18802874566202
            ],
            [
              85.69303919935294,
              26.18803557174846
            ],
            [
              85.69257896997499,
              26.188036984042125
            ],
            [
              85.69230697537833,
              26.187550419638992
            ],
            [
              85.69207415720949,
              26.186824542953733
            ],
            [
              85.68619235793668,
              26.187013975916155
            ],
            [
              85.68385171122564,
              26.187093243180318
            ],
            [
              85.68284663027168,
              26.187204591939267
            ],
            [
              85.68276804115905,
              26.18623455769549
            ],
            [
              85.68260792274785,
              26.18488111464062
            ],
            [
              85.68237336633895,
              26.183667824903928
            ],
            [
              85.6820278742807,
              26.183565050037902
            ],
            [
              85.68121663179875,
              26.183323830926092
            ],
            [
              85.67914083089133,
              26.18333005187984
            ],
            [
              85.6768358589752,
              26.18358053185262
            ],
            [
              85.67533981009092,
              26.183445107621502
            ],
            [
              85.67429825484149,
              26.183136737018483
            ],
            [
              85.6735745783368,
              26.183590204660486
            ],
            [
              85.67307420684207,
              26.183523972633946
            ],
            [
              85.67272274188547,
              26.183177526767885
            ],
            [
              85.67260397472344,
              26.18213990330203
            ],
            [
              85.67267965239625,
              26.180925635375274
            ],
            [
              85.67305878276865,
              26.179259273980485
            ],
            [
              85.67382031517772,
              26.178214504387313
            ],
            [
              85.6744327371311,
              26.17745004477423
            ],
            [
              85.67554355518386,
              26.1761966586237
            ],
            [
              85.67577023516434,
              26.175261819779333
            ],
            [
              85.67538070319928,
              26.174048995043698
            ],
            [
              85.67503285486002,
              26.17328731693249
            ],
            [
              85.67441657104922,
              26.172977752064057
            ],
            [
              85.67384132497558,
              26.17297942575156
            ],
            [
              85.67295801425163,
              26.173501024945192
            ],
            [
              85.67200022600414,
              26.174198769256932
            ],
            [
              85.67107978970614,
              26.17555541037729
            ],
            [
              85.67070240026875,
              26.176319235050123
            ],
            [
              85.66940365465852,
              26.178191339042584
            ],
            [
              85.6680966499376,
              26.179165492835132
            ],
            [
              85.66660016626872,
              26.18031608786985
            ],
            [
              85.66545344435066,
              26.18136191160898
            ],
            [
              85.66488120403996,
              26.1821939181955
            ],
            [
              85.66419018578742,
              26.183378312023518
            ],
            [
              85.66407657585343,
              26.18379385178351
            ],
            [
              85.66450274111581,
              26.184072426850967
            ],
            [
              85.66519196722936,
              26.183790656272024
            ],
            [
              85.6658057752832,
              26.18337362192455
            ],
            [
              85.66722221816194,
              26.182223274736277
            ],
            [
              85.66822061115859,
              26.181665313783146
            ],
            [
              85.6688759573112,
              26.181699511373186
            ],
            [
              85.66979767370849,
              26.182075884125222
            ],
            [
              85.67107154766344,
              26.183010877911112
            ],
            [
              85.67165016960591,
              26.18394332165451
            ],
            [
              85.67180830813022,
              26.184813898261897
            ],
            [
              85.67181041378126,
              26.185400521930386
            ],
            [
              85.67127231304457,
              26.185993332824463
            ],
            [
              85.67058203320721,
              26.185995397292224
            ],
            [
              85.66977097487991,
              26.185790107115338
            ],
            [
              85.66838893118833,
              26.18537898960524
            ],
            [
              85.66708119523877,
              26.184755450081614
            ],
            [
              85.66638583992003,
              26.184725919249306
            ],
            [
              85.66592622858302,
              26.184898737349627
            ],
            [
              85.66546782458173,
              26.18541903774379
            ],
            [
              85.66542930482235,
              26.185834338869963
            ],
            [
              85.66543190275016,
              26.186565384883945
            ],
            [
              85.66605170616022,
              26.1878452593743
            ],
            [
              85.6665189738384,
              26.189820655390555
            ],
            [
              85.66683424567219,
              26.1912773799221
            ],
            [
              85.66672195266841,
              26.192040397032567
            ],
            [
              85.66645299707237,
              26.192388664064772
            ],
            [
              85.66526401570839,
              26.19280733067888
            ],
            [
              85.66365035579385,
              26.193425702136764
            ],
            [
              85.66280400804892,
              26.193152887834586
            ],
            [
              85.66176300436507,
              26.193015919822713
            ],
            [
              85.66072786308676,
              26.193122690900086
            ],
            [
              85.66003899719766,
              26.193539842696687
            ],
            [
              85.65996113931365,
              26.194162870106165
            ],
            [
              85.65961623205865,
              26.194236042716646
            ],
            [
              85.65823016571125,
              26.19410014723458
            ],
            [
              85.65772887973154,
              26.193826213277653
            ],
            [
              85.65600265821696,
              26.193691211243017
            ],
            [
              85.65334718703313,
              26.193942341196042
            ],
            [
              85.65322992095592,
              26.19329287601974
            ],
            [
              85.65303874239548,
              26.19298201090281
            ],
            [
              85.65207608078757,
              26.192325783053327
            ],
            [
              85.65099765867889,
              26.191493855266238
            ],
            [
              85.65061477334861,
              26.192153880386552
            ],
            [
              85.65015145556269,
              26.192710209599166
            ],
            [
              85.64980629767773,
              26.192711194618376
            ],
            [
              85.64922837731945,
              26.19195006973344
            ],
            [
              85.64891964432263,
              26.190876876944802
            ],
            [
              85.64891764287616,
              26.190285653098755
            ],
            [
              85.6484131597924,
              26.18904149938814
            ],
            [
              85.6479095983801,
              26.188068056917317
            ],
            [
              85.64767644963125,
              26.187170628124463
            ],
            [
              85.64771028467644,
              26.186823075023597
            ],
            [
              85.64805401783336,
              26.186402445777198
            ],
            [
              85.64817268079081,
              26.185986921769114
            ],
            [
              85.64797528409198,
              26.18529689732713
            ],
            [
              85.64762688867873,
              26.184359172177725
            ],
            [
              85.64735325914822,
              26.183317473735013
            ],
            [
              85.64689180626489,
              26.182939600737754
            ],
            [
              85.6459723940463,
              26.183217463610056
            ],
            [
              85.64516204718471,
              26.183219708701717
            ],
            [
              85.64489667317166,
              26.183116624689667
            ],
            [
              85.64473846727371,
              26.182182877245058
            ],
            [
              85.6443487089332,
              26.18083006832838
            ],
            [
              85.64376842600574,
              26.179306287061806
            ],
            [
              85.64295580820308,
              26.178613457900816
            ],
            [
              85.64199387782381,
              26.178133157608368
            ],
            [
              85.64164751260309,
              26.17778664412111
            ],
            [
              85.6416460438576,
              26.177335325739293
            ],
            [
              85.64156785269864,
              26.176396838369353
            ],
            [
              85.64175275203526,
              26.174839400971436
            ],
            [
              85.64220792569476,
              26.173344364842162
            ],
            [
              85.6425145719052,
              26.172337093994688
            ],
            [
              85.6431607723099,
              26.171121362235546
            ],
            [
              85.64350749775505,
              26.170114017358106
            ],
            [
              85.64373555215792,
              26.169526708849105
            ],
            [
              85.64376889133307,
              26.169039238355
            ],
            [
              85.64365137282928,
              26.168276805928848
            ],
            [
              85.64322890503261,
              26.167582938077175
            ],
            [
              85.64299392911049,
              26.166130429167374
            ],
            [
              85.64264367867614,
              26.1645698633768
            ],
            [
              85.64213592392812,
              26.162283194775547
            ],
            [
              85.64205872720419,
              26.16163354832581
            ],
            [
              85.64151919095971,
              26.16181103115758
            ],
            [
              85.64006530629989,
              26.162230171252475
            ],
            [
              85.63892565861471,
              26.162431818220355
            ],
            [
              85.63807669767061,
              26.16277706391749
            ],
            [
              85.63684844465736,
              26.163407679157153
            ],
            [
              85.63577490938383,
              26.163934098322084
            ],
            [
              85.6340813542062,
              26.164484645060057
            ],
            [
              85.63294216556014,
              26.164826162158462
            ],
            [
              85.63148981612116,
              26.165737136402793
            ],
            [
              85.62972829081592,
              26.166951264234118
            ],
            [
              85.62865668692022,
              26.168086910365695
            ],
            [
              85.6274108960977,
              26.169480151375815
            ],
            [
              85.62625480115796,
              26.17081454325434
            ],
            [
              85.6250480879486,
              26.17192787039332
            ],
            [
              85.62339914490462,
              26.17398554624388
            ],
            [
              85.62181981500699,
              26.17594826209261
            ],
            [
              85.62121722421607,
              26.176775671782487
            ],
            [
              85.62133433757967,
              26.1774027068609
            ],
            [
              85.62193784105892,
              26.178470677240785
            ],
            [
              85.62214626367955,
              26.179517159245542
            ],
            [
              85.62210448573063,
              26.18051916511949
            ],
            [
              85.62186239425314,
              26.181467534124636
            ],
            [
              85.62132492772707,
              26.182335402046604
            ],
            [
              85.62108296830193,
              26.183346914637024
            ],
            [
              85.62095164359056,
              26.184520701805617
            ],
            [
              85.62073407701864,
              26.185306525655772
            ],
            [
              85.6203551802082,
              26.185709120317146
            ],
            [
              85.6192809316723,
              26.186077460057962
            ],
            [
              85.61771643565497,
              26.186465002703454
            ],
            [
              85.61572566388246,
              26.18647007961294
            ],
            [
              85.6139145560651,
              26.186375415125568
            ],
            [
              85.61290906278445,
              26.18633737615547
            ],
            [
              85.61141204282134,
              26.185894360858516
            ],
            [
              85.61061599803736,
              26.185666133970553
            ],
            [
              85.60942997931718,
              26.185488556862094
            ],
            [
              85.60862499899109,
              26.18561248827757
            ],
            [
              85.60757557360145,
              26.18591743922347
            ],
            [
              85.60650051209025,
              26.186059992301814
            ],
            [
              85.60543076680888,
              26.186283817025924
            ],
            [
              85.60460069743522,
              26.186389664823004
            ],
            [
              85.60379415044724,
              26.185985486879275
            ],
            [
              85.6031922333928,
              26.185422800720357
            ],
            [
              85.60287597700545,
              26.185048981294965
            ],
            [
              85.60249530692067,
              26.18489196912046
            ],
            [
              85.60200643116666,
              26.185335470289942
            ],
            [
              85.60126757223534,
              26.185802116679234
            ],
            [
              85.60113919759132,
              26.186366529317425
            ],
            [
              85.60138553271024,
              26.18677213678894
            ],
            [
              85.6015617013206,
              26.187155313651463
            ],
            [
              85.60147850115565,
              26.187737620926523
            ],
            [
              85.60120953657639,
              26.18812186028199
            ],
            [
              85.60089555921492,
              26.188528883603382
            ],
            [
              85.60092174869874,
              26.18891237873927
            ],
            [
              85.60136888782635,
              26.18957471020894
            ],
            [
              85.60143972268145,
              26.189818240340813
            ],
            [
              85.60168655277208,
              26.190422397004497
            ],
            [
              85.6019331367243,
              26.190886633785727
            ],
            [
              85.60231506085722,
              26.191485941174687
            ],
            [
              85.60294372974084,
              26.19259458585956
            ],
            [
              85.6032358834308,
              26.19327978064916
            ],
            [
              85.60328221763481,
              26.193721927941642
            ],
            [
              85.60320227925264,
              26.19705277603757
            ],
            [
              85.60286784994709,
              26.197297224734363
            ],
            [
              85.60226854070191,
              26.19764176424622
            ],
            [
              85.60206412277081,
              26.197863317877
            ],
            [
              85.60195618120628,
              26.198581188789035
            ],
            [
              85.60146718687464,
              26.198988507644877
            ],
            [
              85.60096744060733,
              26.19916127879295
            ],
            [
              85.60004736902535,
              26.199285332686202
            ],
            [
              85.59895182682399,
              26.199297012000258
            ],
            [
              85.59694073336313,
              26.19931997083613
            ],
            [
              85.59458463383255,
              26.199366222188765
            ],
            [
              85.5911627128618,
              26.199315752904013
            ],
            [
              85.58917121974214,
              26.199157937812195
            ],
            [
              85.58834154113562,
              26.19944420430385
            ],
            [
              85.58796293717596,
              26.199991227033102
            ],
            [
              85.58819103379966,
              26.201019623032693
            ],
            [
              85.5886456738599,
              26.202530387051755
            ],
            [
              85.58920626661464,
              26.204347771074445
            ],
            [
              85.58966185978737,
              26.20618354574566
            ],
            [
              85.59004273289143,
              26.208132185402157
            ],
            [
              85.59047039923863,
              26.208957070328992
            ],
            [
              85.59085390081319,
              26.21010702130693
            ],
            [
              85.59097022186272,
              26.21053091687535
            ],
            [
              85.59092615320984,
              26.21085598103885
            ],
            [
              85.59072154393755,
              26.211037018073107
            ],
            [
              85.59025638191041,
              26.21107871360392
            ],
            [
              85.58909043963851,
              26.211000232342833
            ],
            [
              85.5879492630207,
              26.210862953275292
            ],
            [
              85.58680925511109,
              26.21110489469843
            ],
            [
              85.58519965558163,
              26.21157342367099
            ],
            [
              85.58361558617256,
              26.21226315299803
            ],
            [
              85.58247660773225,
              26.212874997853305
            ],
            [
              85.58147236939803,
              26.21336924815883
            ],
            [
              85.58053360926488,
              26.214039278934088
            ],
            [
              85.57986486114656,
              26.21462757515307
            ],
            [
              85.5792398502028,
              26.214768846330447
            ],
            [
              85.578794246296,
              26.21467062011827
            ],
            [
              85.57865818566641,
              26.2143053261324
            ],
            [
              85.5778487362218,
              26.212935275892114
            ],
            [
              85.57654631560375,
              26.210577948767153
            ],
            [
              85.57629949359796,
              26.20995121073865
            ],
            [
              85.57609217410848,
              26.209161870751704
            ],
            [
              85.57600562771907,
              26.208638587176292
            ],
            [
              85.5756231367492,
              26.20783165934952
            ],
            [
              85.575326580416,
              26.20731780689993
            ],
            [
              85.57518887227621,
              26.206370404364158
            ],
            [
              85.57491987625598,
              26.20501711711337
            ],
            [
              85.57451166202792,
              26.20392591391476
            ],
            [
              85.5743550030289,
              26.203344096215353
            ],
            [
              85.5741076043047,
              26.202554801697882
            ],
            [
              85.57397100288934,
              26.202009090295718
            ],
            [
              85.57340798109009,
              26.201022000773513
            ],
            [
              85.57273502077139,
              26.200075748779188
            ],
            [
              85.57221859278928,
              26.199652680001922
            ],
            [
              85.57121270784313,
              26.199533098322004
            ],
            [
              85.56926660479816,
              26.199478815001665
            ],
            [
              85.56826042700126,
              26.199277939010834
            ],
            [
              85.56736437367499,
              26.199058766658435
            ],
            [
              85.5654889518732,
              26.199243379838958
            ],
            [
              85.56364363171825,
              26.199495664136897
            ],
            [
              85.56368462992948,
              26.19986565131663
            ],
            [
              85.56331530377011,
              26.200195854620514
            ],
            [
              85.56282563300705,
              26.200418129614075
            ],
            [
              85.5602106560796,
              26.200942758302606
            ],
            [
              85.55698033857243,
              26.201500291623507
            ],
            [
              85.55626626505813,
              26.202002743796427
            ],
            [
              85.55639680464195,
              26.20410553431477
            ],
            [
              85.55669020968509,
              26.20723234984342
            ],
            [
              85.55655093937503,
              26.207566590305564
            ],
            [
              85.55630643142942,
              26.207788309617175
            ],
            [
              85.55589151756598,
              26.207938121052525
            ],
            [
              85.55473207101193,
              26.208391878998203
            ],
            [
              85.5527327113453,
              26.209118162057607
            ],
            [
              85.55207749634677,
              26.209191725024727
            ],
            [
              85.55116677443023,
              26.209128188977914
            ],
            [
              85.55025605341207,
              26.20906464725471
            ],
            [
              85.54925492684198,
              26.208868163357387
            ],
            [
              85.54851899462187,
              26.20868019894049
            ],
            [
              85.54763664599363,
              26.207959923235407
            ],
            [
              85.54716560359462,
              26.207649496228157
            ],
            [
              85.54667534623165,
              26.20768661507614
            ],
            [
              85.5459405144478,
              26.207909257796327
            ],
            [
              85.54432757138886,
              26.209131045291986
            ],
            [
              85.54349266907894,
              26.209390003239612
            ],
            [
              85.54216210783632,
              26.209482992781993
            ],
            [
              85.5412015033704,
              26.209475940673318
            ],
            [
              85.5371979960167,
              26.209050742057894
            ],
            [
              85.53728889833693,
              26.21142888696814
            ],
            [
              85.53724653468647,
              26.212498593261696
            ],
            [
              85.5371069832037,
              26.212719963074417
            ],
            [
              85.53686206742294,
              26.21285135664853
            ],
            [
              85.53663702776618,
              26.212869831830595
            ],
            [
              85.53596169769176,
              26.212934375666812
            ],
            [
              85.53357047313528,
              26.21306995903115
            ],
            [
              85.53238544885016,
              26.21336565694206
            ],
            [
              85.53065092510572,
              26.2140144177971
            ],
            [
              85.53034588059141,
              26.214091687334598
            ],
            [
              85.5301806696309,
              26.214033377154664
            ],
            [
              85.52958910655842,
              26.213556129896215
            ],
            [
              85.52934360597443,
              26.213425730021036
            ],
            [
              85.5292186584032,
              26.213453076765013
            ],
            [
              85.52811549938656,
              26.214560893344075
            ],
            [
              85.52727692027219,
              26.215374793224353
            ],
            [
              85.52586875806374,
              26.216573472774336
            ],
            [
              85.52529930522533,
              26.2169446290357
            ],
            [
              85.52472939334784,
              26.21716685431748
            ],
            [
              85.52390899703315,
              26.21724513075032
            ],
            [
              85.52347870221546,
              26.217223439909503
            ],
            [
              85.52290833938368,
              26.21723349111442
            ],
            [
              85.51920800265857,
              26.21820175284799
            ],
            [
              85.51596240840168,
              26.21890733987422
            ],
            [
              85.51485770068948,
              26.21936962565644
            ],
            [
              85.51389852364655,
              26.220052939081018
            ],
            [
              85.51344899410195,
              26.220387685884514
            ],
            [
              85.51324466779899,
              26.22073559089627
            ],
            [
              85.51324524721234,
              26.221033455666124
            ],
            [
              85.51343102060972,
              26.22129035390822
            ],
            [
              85.51388167933663,
              26.221456429807386
            ],
            [
              85.51478238503772,
              26.221454813227474
            ],
            [
              85.51594784311764,
              26.221321775716696
            ],
            [
              85.51721293873565,
              26.220940345607698
            ],
            [
              85.52041938081922,
              26.220586845189143
            ],
            [
              85.52123990020311,
              26.22056722285555
            ],
            [
              85.52299652160522,
              26.2207263926122
            ],
            [
              85.5238577831805,
              26.22098653921102
            ],
            [
              85.52412332517848,
              26.22115747899598
            ],
            [
              85.52432930527988,
              26.22148655492274
            ],
            [
              85.52445552127224,
              26.22196923827861
            ],
            [
              85.52449723723738,
              26.222686701034778
            ],
            [
              85.52416827328204,
              26.223242376645832
            ],
            [
              85.5238238529139,
              26.223590556781936
            ],
            [
              85.52333401865747,
              26.223812612227142
            ],
            [
              85.52282397320545,
              26.22398060810081
            ],
            [
              85.5186330898599,
              26.224936185231634
            ],
            [
              85.51315699222727,
              26.22627311519939
            ],
            [
              85.51160186114674,
              26.2267272488853
            ],
            [
              85.51017719598818,
              26.227375229324117
            ],
            [
              85.50955729825505,
              26.227656140171046
            ],
            [
              85.50671282782363,
              26.22888881888793
            ],
            [
              85.50502324589452,
              26.22965904083921
            ],
            [
              85.50373432156533,
              26.230645159815573
            ],
            [
              85.50288050343048,
              26.231499582191244
            ],
            [
              85.50177273605641,
              26.23294563617581
            ],
            [
              85.50138242525198,
              26.23530211361702
            ],
            [
              85.50145063433149,
              26.236777791039703
            ],
            [
              85.50171778072057,
              26.237657324986312
            ],
            [
              85.50302541605885,
              26.238359080256394
            ],
            [
              85.50475240293807,
              26.238599683344145
            ],
            [
              85.50708496121827,
              26.238834746389728
            ],
            [
              85.5086417505888,
              26.239003432845106
            ],
            [
              85.51123072667869,
              26.239784003663075
            ],
            [
              85.51249677181593,
              26.244231540886485
            ],
            [
              85.51391619799973,
              26.245605379100358
            ],
            [
              85.5146288360062,
              26.246515738349917
            ],
            [
              85.51531262012574,
              26.247863803760232
            ],
            [
              85.51675322768564,
              26.247545236189623
            ],
            [
              85.51727528091807,
              26.248252803601968
            ],
            [
              85.51843269368631,
              26.25000015390819
            ],
            [
              85.51868152702001,
              26.25037581031156
            ],
            [
              85.51893729894098,
              26.250618993253312
            ],
            [
              85.52170037482111,
              26.25078082166818
            ],
            [
              85.52174260462262,
              26.253872069141586
            ],
            [
              85.52207910993478,
              26.25436341567894
            ],
            [
              85.52351038489718,
              26.256441118927206
            ],
            [
              85.52568677465854,
              26.256107498277306
            ],
            [
              85.52622130099867,
              26.25780340518523
            ],
            [
              85.52639151377869,
              26.259910595716224
            ],
            [
              85.52703295041745,
              26.260234286046288
            ],
            [
              85.53082763719681,
              26.26054281808536
            ],
            [
              85.53243029993563,
              26.26092781192481
            ],
            [
              85.5339732498609,
              26.261497902111724
            ],
            [
              85.53490476328466,
              26.261681123213325
            ],
            [
              85.53553018296189,
              26.2615851351002
            ],
            [
              85.53648970855114,
              26.260996519000678
            ],
            [
              85.53779867788762,
              26.26001910995513
            ],
            [
              85.53838693156659,
              26.25904312908911
            ],
            [
              85.53873370013089,
              26.257598237663917
            ],
            [
              85.53962172072184,
              26.256445649789217
            ],
            [
              85.54061547122512,
              26.257517780187392
            ],
            [
              85.54131295465275,
              26.258233865075844
            ],
            [
              85.54223952105423,
              26.25850282576804
            ],
            [
              85.54317248974874,
              26.259304255767418
            ],
            [
              85.54400079303457,
              26.260259254113187
            ],
            [
              85.54494060599325,
              26.259778983023846
            ],
            [
              85.54720656677156,
              26.25921921071515
            ],
            [
              85.54905268373217,
              26.25890399018534
            ],
            [
              85.55120326309877,
              26.258276732774664
            ],
            [
              85.55312478374601,
              26.258101187067126
            ],
            [
              85.55470147439337,
              26.258129440903318
            ],
            [
              85.55451387292436,
              26.259136255355845
            ],
            [
              85.55448344968063,
              26.260905370359687
            ],
            [
              85.55536442478483,
              26.260903494925547
            ],
            [
              85.55617486327459,
              26.260761813360734
            ],
            [
              85.55636468537895,
              26.260589919976667
            ],
            [
              85.55647856660417,
              26.260138404688206
            ],
            [
              85.55628544498775,
              26.259028689302816
            ],
            [
              85.55651370779975,
              26.25826546863597
            ],
            [
              85.55670174584999,
              26.257434638319555
            ],
            [
              85.55674065008832,
              26.257014879817852
            ],
            [
              85.5577016282534,
              26.257012813387565
            ],
            [
              85.55916207780128,
              26.25659447207364
            ],
            [
              85.55954655584455,
              26.256282262313597
            ],
            [
              85.560045564595,
              26.255690002036392
            ],
            [
              85.5603899660985,
              26.255346262034912
            ],
            [
              85.56130984005114,
              26.25496067366058
            ],
            [
              85.56215529307406,
              26.254787335232248
            ],
            [
              85.5630406627366,
              26.254609438219934
            ],
            [
              85.56365536191922,
              26.254260571924704
            ],
            [
              85.5636139998903,
              26.253777851028907
            ],
            [
              85.56376749322624,
              26.25315471182358
            ],
            [
              85.56407145527061,
              26.252666591660006
            ],
            [
              85.56461111368598,
              26.252317909665443
            ],
            [
              85.56568557871584,
              26.25172887438428
            ],
            [
              85.56707098480153,
              26.251409966141214
            ],
            [
              85.56950370793089,
              26.25037030273841
            ],
            [
              85.57040354765601,
              26.25000035532683
            ],
            [
              85.5708703679732,
              26.24980845800718
            ],
            [
              85.5732144148076,
              26.248656921604635
            ],
            [
              85.57447896784315,
              26.24806738918377
            ],
            [
              85.57505741102091,
              26.247303320615384
            ],
            [
              85.5753424895797,
              26.247235058239745
            ],
            [
              85.57580235963151,
              26.247053496642092
            ],
            [
              85.57649239333051,
              26.246799186818333
            ],
            [
              85.57704808757201,
              26.246861086866883
            ],
            [
              85.57773875727818,
              26.246895610946364
            ],
            [
              85.57793197411601,
              26.24620015220515
            ],
            [
              85.57784790617848,
              26.244778813912845
            ],
            [
              85.5779601210288,
              26.24374058578295
            ],
            [
              85.57818903871268,
              26.24328871172172
            ],
            [
              85.57880386006616,
              26.243007527635303
            ],
            [
              85.57784946924706,
              26.239949907312027
            ],
            [
              85.57735973200867,
              26.2384256823505
            ],
            [
              85.57746561822786,
              26.236922619358886
            ],
            [
              85.57856317175715,
              26.237493272121814
            ],
            [
              85.57965917209933,
              26.23754036885439
            ],
            [
              85.58150503124344,
              26.237274372382117
            ],
            [
              85.58271617494377,
              26.23730766729856
            ],
            [
              85.58337173040384,
              26.237306137155585
            ],
            [
              85.58369815392356,
              26.237689009884917
            ],
            [
              85.58435146988364,
              26.23865329575446
            ],
            [
              85.58512638180052,
              26.240158742315913
            ],
            [
              85.58559085931145,
              26.241561231393963
            ],
            [
              85.58586439092558,
              26.242706904753188
            ],
            [
              85.58596499415255,
              26.242896159746685
            ],
            [
              85.5860456763398,
              26.243103615700374
            ],
            [
              85.58654633439711,
              26.243174631237224
            ],
            [
              85.587392516852,
              26.243308029687405
            ],
            [
              85.58750804379083,
              26.243483769366748
            ],
            [
              85.58766106730789,
              26.24445369388439
            ],
            [
              85.5876296118999,
              26.245703895021602
            ],
            [
              85.58794040383536,
              26.247607578970804
            ],
            [
              85.588324002428,
              26.250000274759365
            ],
            [
              85.58838376015734,
              26.25037301301875
            ],
            [
              85.58876097172829,
              26.252736878679467
            ],
            [
              85.58934230298969,
              26.252979255053443
            ],
            [
              85.59118457516085,
              26.253146391043085
            ],
            [
              85.5937281099721,
              26.253487777804672
            ],
            [
              85.59468956604091,
              26.253661472657818
            ],
            [
              85.59475995263668,
              26.25206376121699
            ],
            [
              85.59468221782188,
              26.2511612950441
            ],
            [
              85.59564401794545,
              26.250375340604855
            ],
            [
              85.59575522578436,
              26.250120760094127
            ],
            [
              85.5958180880913,
              26.250000361772212
            ],
            [
              85.59590980338686,
              26.24982470123622
            ],
            [
              85.5964040923888,
              26.249528067175664
            ],
            [
              85.59790594079654,
              26.249664332987393
            ],
            [
              85.60013866480769,
              26.24986643200766
            ],
            [
              85.60159989499154,
              26.2498268241917
            ],
            [
              85.60348178825666,
              26.249858272126737
            ],
            [
              85.60490829585986,
              26.24987113312364
            ],
            [
              85.60505840164889,
              26.249872485852606
            ],
            [
              85.60520826668943,
              26.249794750237964
            ],
            [
              85.60530321232675,
              26.249745501675875
            ],
            [
              85.60572768785806,
              26.249414982995358
            ],
            [
              85.60595742570376,
              26.24925650511111
            ],
            [
              85.60761941587889,
              26.249410310865358
            ],
            [
              85.60952587896536,
              26.24927464579264
            ],
            [
              85.61011076486034,
              26.24907459297819
            ],
            [
              85.61089616191323,
              26.248932781772194
            ],
            [
              85.61141631520883,
              26.2488456971952
            ],
            [
              85.6135895563751,
              26.24922832726773
            ],
            [
              85.61493727813462,
              26.249676232833387
            ],
            [
              85.61504580090913,
              26.249990377853518
            ],
            [
              85.61504641805173,
              26.250000377080017
            ],
            [
              85.61506956404335,
              26.25037541311532
            ],
            [
              85.61505849410409,
              26.251616512609008
            ],
            [
              85.61510004567756,
              26.25210373162299
            ],
            [
              85.61536618056365,
              26.252378334031043
            ],
            [
              85.61613756479643,
              26.252584044922653
            ],
            [
              85.61625324265219,
              26.252759757682444
            ],
            [
              85.61656948286986,
              26.25466337919703
            ],
            [
              85.61672166017397,
              26.255290313725528
            ],
            [
              85.61703258506009,
              26.255497115125955
            ],
            [
              85.6174189450739,
              26.255807523987052
            ],
            [
              85.61764984264464,
              26.25601453231988
            ],
            [
              85.61757305285752,
              26.257057221893106
            ],
            [
              85.61773075030902,
              26.257887209814168
            ],
            [
              85.61777332775851,
              26.258685806688252
            ],
            [
              85.61808098906523,
              26.259411626607793
            ],
            [
              85.61839456487976,
              26.260453344740423
            ],
            [
              85.61855229916222,
              26.261256266133714
            ],
            [
              85.61886243532754,
              26.26278534171397
            ],
            [
              85.61952474162696,
              26.264864096210104
            ],
            [
              85.6197364853192,
              26.265364517690436
            ],
            [
              85.61994715372806,
              26.26550385427294
            ],
            [
              85.62023748383798,
              26.26550307367855
            ],
            [
              85.62087842819996,
              26.265560095721582
            ],
            [
              85.62118366675034,
              26.26555932882222
            ],
            [
              85.6213742632025,
              26.26566265638302
            ],
            [
              85.62137456862969,
              26.265766389856722
            ],
            [
              85.62134016944249,
              26.265974102222955
            ],
            [
              85.62114606686579,
              26.266322051242337
            ],
            [
              85.6207276810138,
              26.26698202880188
            ],
            [
              85.62056392442571,
              26.267087597764366
            ],
            [
              85.62054807724579,
              26.26710469810508
            ],
            [
              85.62175932604902,
              26.267141894640222
            ],
            [
              85.62360591732009,
              26.266997178905655
            ],
            [
              85.62429674423147,
              26.266995409903377
            ],
            [
              85.62464265220972,
              26.267170466082217
            ],
            [
              85.62472427223813,
              26.26765310633956
            ],
            [
              85.62484021869015,
              26.26789655196594
            ],
            [
              85.625455670661,
              26.267827256893103
            ],
            [
              85.6268370576841,
              26.267787535174843
            ],
            [
              85.62764787616123,
              26.26774930371306
            ],
            [
              85.62787911599005,
              26.268064538092123
            ],
            [
              85.62787975918383,
              26.268254144076447
            ],
            [
              85.62788040237757,
              26.268443657113263
            ],
            [
              85.6277264032901,
              26.268827634742692
            ],
            [
              85.62776801774564,
              26.269310425190945
            ],
            [
              85.62773618863848,
              26.270280794601074
            ],
            [
              85.62773840478229,
              26.270975803865255
            ],
            [
              85.62715874977721,
              26.27128867814996
            ],
            [
              85.62650881687254,
              26.27153412110418
            ],
            [
              85.62616375331065,
              26.27163878696181
            ],
            [
              85.62577921687685,
              26.27191958919931
            ],
            [
              85.62535553186298,
              26.272471328867002
            ],
            [
              85.62532143989965,
              26.27278728505395
            ],
            [
              85.62524288222806,
              26.273270349823623
            ],
            [
              85.62485858564446,
              26.27361889238398
            ],
            [
              85.62474476730134,
              26.274034371611467
            ],
            [
              85.62486213129488,
              26.2747290990282
            ],
            [
              85.62482893405354,
              26.275284264821455
            ],
            [
              85.62424956201781,
              26.27570095035887
            ],
            [
              85.62390565189276,
              26.27618924192669
            ],
            [
              85.623716478372,
              26.276501113015236
            ],
            [
              85.62271728587476,
              26.27712649023159
            ],
            [
              85.62264317127052,
              26.277438085742215
            ],
            [
              85.62298934694674,
              26.27768088498632
            ],
            [
              85.62349016580247,
              26.277747267997658
            ],
            [
              85.62372213685998,
              26.278270148672178
            ],
            [
              85.62384036143959,
              26.279240170924712
            ],
            [
              85.62411331992857,
              26.280038191606657
            ],
            [
              85.6237285912553,
              26.28027839664773
            ],
            [
              85.62249636499355,
              26.280074029203554
            ],
            [
              85.62222672488124,
              26.28028228784623
            ],
            [
              85.62184287655697,
              26.280770721228613
            ],
            [
              85.62181042042576,
              26.281601183985185
            ],
            [
              85.62192995474905,
              26.28299081871525
            ],
            [
              85.62193122317021,
              26.28336993166728
            ],
            [
              85.62166102789907,
              26.283406720268342
            ],
            [
              85.62096504286134,
              26.283372390684594
            ],
            [
              85.61961802987257,
              26.28327209608142
            ],
            [
              85.61846670678365,
              26.283311114986173
            ],
            [
              85.61785147759497,
              26.283488715111393
            ],
            [
              85.61777711505579,
              26.283728144618575
            ],
            [
              85.6170495129133,
              26.2847724877185
            ],
            [
              85.61636091382383,
              26.285500792779096
            ],
            [
              85.61609155488419,
              26.285817373939118
            ],
            [
              85.61636199090385,
              26.285848248328335
            ],
            [
              85.6185149588908,
              26.285914984275628
            ],
            [
              85.62066769241744,
              26.285909439727845
            ],
            [
              85.62382760895579,
              26.286176536176217
            ],
            [
              85.62486433306563,
              26.28631374078803
            ],
            [
              85.62506027539206,
              26.28652079781771
            ],
            [
              85.62506176210385,
              26.287003737760234
            ],
            [
              85.6246790681147,
              26.28787571112103
            ],
            [
              85.62456581211696,
              26.288218916660476
            ],
            [
              85.62445102359331,
              26.288566757106423
            ],
            [
              85.62441398785079,
              26.28950553877639
            ],
            [
              85.62449188615895,
              26.290371788721302
            ],
            [
              85.62437932276228,
              26.29117088614713
            ],
            [
              85.62388023855337,
              26.291691174189832
            ],
            [
              85.62323019695252,
              26.291936598953924
            ],
            [
              85.62219170765316,
              26.292837318608875
            ],
            [
              85.62127253079318,
              26.293466975301552
            ],
            [
              85.6203132216979,
              26.29409226831035
            ],
            [
              85.61999289234906,
              26.294497457352563
            ],
            [
              85.61952988807519,
              26.294974306950266
            ],
            [
              85.6190468280143,
              26.29577889660373
            ],
            [
              85.61862588825198,
              26.297255703756875
            ],
            [
              85.61869797356196,
              26.29787371536916
            ],
            [
              85.61880234342493,
              26.299200272337433
            ],
            [
              85.61932873013025,
              26.299411006858026
            ],
            [
              85.62057590884993,
              26.29955227239582
            ],
            [
              85.62194537702584,
              26.300365511683594
            ],
            [
              85.62273341243072,
              26.300981783332418
            ],
            [
              85.62373299210188,
              26.301962963328013
            ],
            [
              85.62426191025968,
              26.302972492290845
            ],
            [
              85.62452951299294,
              26.30366225565593
            ],
            [
              85.6246037650394,
              26.304943772383623
            ],
            [
              85.6246003379666,
              26.305431114620802
            ],
            [
              85.62417040786487,
              26.305662448360188
            ],
            [
              85.62370537699174,
              26.305857670169004
            ],
            [
              85.62282607365229,
              26.306455697932343
            ],
            [
              85.62239622080568,
              26.30670046090775
            ],
            [
              85.62113911390549,
              26.306618017829365
            ],
            [
              85.62016953796486,
              26.307198196722318
            ],
            [
              85.61877408422271,
              26.30769813684991
            ],
            [
              85.61912683736342,
              26.308387698153528
            ],
            [
              85.6193235773938,
              26.30884749789433
            ],
            [
              85.61955996456925,
              26.309180867872207
            ],
            [
              85.61966107534435,
              26.30948302093029
            ],
            [
              85.61940635984216,
              26.309713835241595
            ],
            [
              85.6191829434411,
              26.31030555486314
            ],
            [
              85.6194098758482,
              26.310805967152465
            ],
            [
              85.62017880678194,
              26.31168849624482
            ],
            [
              85.62074748078096,
              26.312571504980422
            ],
            [
              85.62118079663301,
              26.313405255645318
            ],
            [
              85.62168377863195,
              26.314121528682566
            ],
            [
              85.62217989480716,
              26.314237612096484
            ],
            [
              85.62284070181836,
              26.314177200615287
            ],
            [
              85.62327190842612,
              26.314356644137987
            ],
            [
              85.62334387605678,
              26.314920524402485
            ],
            [
              85.62367522144598,
              26.3151904536214
            ],
            [
              85.6249668973149,
              26.315096833652937
            ],
            [
              85.62556351969906,
              26.315307321054863
            ],
            [
              85.62593052730668,
              26.315780219193567
            ],
            [
              85.62666053693412,
              26.31697423027158
            ],
            [
              85.62746022618322,
              26.318046248241743
            ],
            [
              85.62802732004563,
              26.31840580261171
            ],
            [
              85.62838230729648,
              26.318574999071885
            ],
            [
              85.62862719972104,
              26.31870183304685
            ],
            [
              85.62863935392683,
              26.318708128080736
            ],
            [
              85.6286595417662,
              26.318718584374466
            ],
            [
              85.62882312587773,
              26.31843983919735
            ],
            [
              85.62928386639707,
              26.317875760268475
            ],
            [
              85.62977452979852,
              26.317424451022312
            ],
            [
              85.63049059667445,
              26.316878334610273
            ],
            [
              85.63127185339219,
              26.316359289329956
            ],
            [
              85.63172251032248,
              26.316097538188767
            ],
            [
              85.63213633812272,
              26.31594472104949
            ],
            [
              85.6324865795739,
              26.3160375230385
            ],
            [
              85.63303897879493,
              26.316509981771194
            ],
            [
              85.63368734593608,
              26.317248316018286
            ],
            [
              85.63436100783902,
              26.318036270177384
            ],
            [
              85.63512927491777,
              26.318675003862914
            ],
            [
              85.63565627517245,
              26.319016647128414
            ],
            [
              85.63628287164269,
              26.319213493864968
            ],
            [
              85.63630242976306,
              26.319213439916965
            ],
            [
              85.63630975462588,
              26.3192156912392
            ],
            [
              85.63703093201744,
              26.319215688018428
            ],
            [
              85.63790724037372,
              26.319039575867944
            ],
            [
              85.63896880559612,
              26.3187235701566
            ],
            [
              85.64032086442182,
              26.318263065602796
            ],
            [
              85.64111204123526,
              26.31811862702712
            ],
            [
              85.64172426915255,
              26.318118552948576
            ],
            [
              85.64173303760802,
              26.318118552143392
            ],
            [
              85.64229387200957,
              26.318217756153626
            ],
            [
              85.64288482243101,
              26.318474867778285
            ],
            [
              85.64355595288148,
              26.31902993526593
            ],
            [
              85.64419203915438,
              26.319566884091813
            ],
            [
              85.64472792644216,
              26.319873663253567
            ],
            [
              85.64533397395029,
              26.32011727706336
            ],
            [
              85.64586985584822,
              26.320347405910542
            ],
            [
              85.64632060440663,
              26.320645160113536
            ],
            [
              85.64676130441029,
              26.321006104211225
            ],
            [
              85.64729724919026,
              26.321610796343336
            ],
            [
              85.6477079957691,
              26.32198084395805
            ],
            [
              85.64814578882448,
              26.32231159395767
            ],
            [
              85.64817375427758,
              26.32233272167977
            ],
            [
              85.64862453337874,
              26.322594448264045
            ],
            [
              85.64894011872458,
              26.322662061627042
            ],
            [
              85.64923555216363,
              26.322662047939165
            ],
            [
              85.64940575685881,
              26.322567232694713
            ],
            [
              85.64953099907741,
              26.322436333615617
            ],
            [
              85.64966608413661,
              26.322052655857682
            ],
            [
              85.64978110891715,
              26.32141185538542
            ],
            [
              85.6499713119072,
              26.320784489068043
            ],
            [
              85.65013140965713,
              26.32015268760101
            ],
            [
              85.65025642280533,
              26.319462143930274
            ],
            [
              85.65031644284274,
              26.31902891830436
            ],
            [
              85.65039147911843,
              26.3187175287607
            ],
            [
              85.65051162519443,
              26.31844664796265
            ],
            [
              85.65072189924285,
              26.318135268126507
            ]
          ]
        ]
      }
    }
  ]
}