{
  "type": "FeatureCollection",
  "features": [
    {
      "type": "Feature",
      "properties": {
        "object_id": "10-203-01017",
        "stname": "BIHAR",
        "dtname": "Pashchim Champaran",
        "sdtname": "Narkatiaganj",
        "st_area_sh": 0.0,
        "st_length_": 0.0,
        "remarks": "",
        "dist_lgd": 211,
        "state_lgd": 10,
        "subdt_lgd": 1017,
        "ac_no": null,
        "st_length(shape)": 149144.20649331805,
        "st_area(shape)": 441857686.2127825
      },
      "geometry": {
        "type": "Polygon",
        "coordinates": [
          [
            [
              84.40012569360145,
              27.19140511401171
            ],
            [
              84.40042334587926,
              27.19093121001303
            ],
            [
              84.40105401261606,
              27.190457287220713
            ],
            [
              84.40175023031746,
              27.189996883106552
            ],
            [
              84.40238079644294,
              27.189405640355762
            ],
            [
              84.4028601293937,
              27.18895883182485
            ],
            [
              84.40319308725881,
              27.188557210657954
            ],
            [
              84.40334438241727,
              27.188232289103123
            ],
            [
              84.40355604705779,
              27.187343273864883
            ],
            [
              84.40395442203854,
              27.18620152991608
            ],
            [
              84.40435282576534,
              27.185560681761046
            ],
            [
              84.4052154599664,
              27.184653549124402
            ],
            [
              84.40582611313695,
              27.184860991728748
            ],
            [
              84.40703713736137,
              27.185081793820324
            ],
            [
              84.40854600879803,
              27.18561393082656
            ],
            [
              84.41024155104903,
              27.186091824030562
            ],
            [
              84.41086735520518,
              27.186326312628488
            ],
            [
              84.41173027327385,
              27.186596819724848
            ],
            [
              84.41204312684287,
              27.186714109900812
            ],
            [
              84.41231084006891,
              27.18730965790982
            ],
            [
              84.41328514563956,
              27.18349021567865
            ],
            [
              84.41416732089296,
              27.181256306755976
            ],
            [
              84.41493881741519,
              27.180168608830815
            ],
            [
              84.41754673538111,
              27.178362736871172
            ],
            [
              84.41927684210933,
              27.177175398803026
            ],
            [
              84.42109349702352,
              27.175832007087614
            ],
            [
              84.42109355541405,
              27.17583197911739
            ],
            [
              84.42135842906545,
              27.17572808724253
            ],
            [
              84.42150977722451,
              27.17569643929188
            ],
            [
              84.42172679492582,
              27.175696415317343
            ],
            [
              84.42193867156872,
              27.175696351385334
            ],
            [
              84.4220901203391,
              27.175773009064425
            ],
            [
              84.4221708699,
              27.17599407208181
            ],
            [
              84.42235269699832,
              27.176291827146507
            ],
            [
              84.42260502927004,
              27.17657151276881
            ],
            [
              84.42272109519801,
              27.176571471213293
            ],
            [
              84.42280179535157,
              27.176571412875763
            ],
            [
              84.42295322435902,
              27.17657138890145
            ],
            [
              84.4231196785879,
              27.176530765199846
            ],
            [
              84.42336687339451,
              27.17642682283018
            ],
            [
              84.42354848310059,
              27.176381635155987
            ],
            [
              84.42383098888438,
              27.17638160798506
            ],
            [
              84.42391188487066,
              27.17658914907983
            ],
            [
              84.42394730184907,
              27.176810197694294
            ],
            [
              84.42416431056719,
              27.177017686047854
            ],
            [
              84.42434606400369,
              27.177283905157836
            ],
            [
              84.4245429244083,
              27.17749140701512
            ],
            [
              84.42475988821069,
              27.177595091870266
            ],
            [
              84.42522415641412,
              27.17765357988031
            ],
            [
              84.4255521097648,
              27.177770786758607
            ],
            [
              84.42566826372766,
              27.177861029106438
            ],
            [
              84.42575425585655,
              27.1782896419026
            ],
            [
              84.42576951284332,
              27.17860099202937
            ],
            [
              84.42593612966729,
              27.178840050601572
            ],
            [
              84.42620358687344,
              27.17906110514599
            ],
            [
              84.42643577083166,
              27.17916481970856
            ],
            [
              84.42663253870982,
              27.179164715023095
            ],
            [
              84.42666788741624,
              27.179254929073387
            ],
            [
              84.42671834937903,
              27.179345176614
            ],
            [
              84.42669828011728,
              27.179534683985047
            ],
            [
              84.42656729407074,
              27.179949901098432
            ],
            [
              84.4272282277444,
              27.179890961989845
            ],
            [
              84.4276117194375,
              27.179859312023307
            ],
            [
              84.4277276856525,
              27.17965166193687
            ],
            [
              84.42794433055293,
              27.179105591700793
            ],
            [
              84.42806029766622,
              27.17889794180998
            ],
            [
              84.42848913272158,
              27.178775922166373
            ],
            [
              84.42946807629404,
              27.17891095000664
            ],
            [
              84.4299170929006,
              27.17892434178289
            ],
            [
              84.43044669108308,
              27.17861274482814
            ],
            [
              84.43069382660089,
              27.178346421804715
            ],
            [
              84.43091065924925,
              27.178156803733547
            ],
            [
              84.43119323689828,
              27.178021329863178
            ],
            [
              84.43153625319962,
              27.177876797635633
            ],
            [
              84.43200033724845,
              27.17769612829209
            ],
            [
              84.43227264984873,
              27.177529035200454
            ],
            [
              84.4327873872015,
              27.17767774895927
            ],
            [
              84.43308510864955,
              27.177727293796686
            ],
            [
              84.43332235820768,
              27.17785797880838
            ],
            [
              84.43359990798608,
              27.178038373787075
            ],
            [
              84.43387264189622,
              27.178534637080343
            ],
            [
              84.4340189316419,
              27.17853456515864
            ],
            [
              84.43565819533869,
              27.177477951935025
            ],
            [
              84.43642989667677,
              27.1769361872252
            ],
            [
              84.43729236738442,
              27.176394340769882
            ],
            [
              84.43804393568035,
              27.17607811927538
            ],
            [
              84.43885602168035,
              27.175685161680498
            ],
            [
              84.43935037715764,
              27.175567608976646
            ],
            [
              84.43973879521175,
              27.175355303830273
            ],
            [
              84.43997580312306,
              27.175111592307328
            ],
            [
              84.44014196809444,
              27.174520397736075
            ],
            [
              84.44036324381014,
              27.173270345669405
            ],
            [
              84.44039781098228,
              27.172002293328873
            ],
            [
              84.44050847534044,
              27.171379561781457
            ],
            [
              84.44082101988904,
              27.17093714210965
            ],
            [
              84.44150187909402,
              27.17052626062122
            ],
            [
              84.4423641521723,
              27.169817418268057
            ],
            [
              84.44280279413566,
              27.169257608878304
            ],
            [
              84.4433573043976,
              27.168666209074864
            ],
            [
              84.4438812072612,
              27.167270967656417
            ],
            [
              84.44388119737974,
              27.167253596809456
            ],
            [
              84.44388106981896,
              27.16704598960396
            ],
            [
              84.44399681415007,
              27.16666694731407
            ],
            [
              84.44450107984154,
              27.166251561700207
            ],
            [
              84.44463201378578,
              27.16590399401836
            ],
            [
              84.44480858663802,
              27.165786562085867
            ],
            [
              84.44490445664175,
              27.165890328944855
            ],
            [
              84.44488439636316,
              27.16606181998184
            ],
            [
              84.44490486268027,
              27.166490439726527
            ],
            [
              84.44480916335641,
              27.1667702609995
            ],
            [
              84.44496060943186,
              27.16688753764914
            ],
            [
              84.44525314131255,
              27.166819701186405
            ],
            [
              84.44607507284807,
              27.166110868865143
            ],
            [
              84.44603962442865,
              27.16584918266147
            ],
            [
              84.44572671067246,
              27.165659783924845
            ],
            [
              84.44561035369036,
              27.16524922508119
            ],
            [
              84.44584225288263,
              27.164969328065595
            ],
            [
              84.4464022078335,
              27.164955541395134
            ],
            [
              84.44669468671361,
              27.164662071130078
            ],
            [
              84.44680535825827,
              27.164125022032305
            ],
            [
              84.4471531733599,
              27.16372774564561
            ],
            [
              84.44703683524239,
              27.163245009187392
            ],
            [
              84.44686491925657,
              27.162608823069597
            ],
            [
              84.44642028912355,
              27.1616433583729
            ],
            [
              84.44636437079376,
              27.160953050316966
            ],
            [
              84.44637917502962,
              27.16045208194419
            ],
            [
              84.4467271123021,
              27.160122565125548
            ],
            [
              84.4472870025743,
              27.16007264161659
            ],
            [
              84.44784716323937,
              27.160397203170984
            ],
            [
              84.44859898036864,
              27.160586338286894
            ],
            [
              84.44952706312634,
              27.160396363948028
            ],
            [
              84.45042498315173,
              27.16026047288837
            ],
            [
              84.45087472200379,
              27.161311660709853
            ],
            [
              84.4512232377913,
              27.162069553376444
            ],
            [
              84.45220737542272,
              27.162520214834974
            ],
            [
              84.45325198404582,
              27.16311986098886
            ],
            [
              84.45347931260993,
              27.163516795066922
            ],
            [
              84.45311671662864,
              27.164396940040703
            ],
            [
              84.45303129313334,
              27.164920408155695
            ],
            [
              84.45312789436574,
              27.166039404272933
            ],
            [
              84.45345649989326,
              27.166887588798808
            ],
            [
              84.45380983783724,
              27.16717614126081
            ],
            [
              84.45513695673571,
              27.167586099206773
            ],
            [
              84.45581291113923,
              27.16751796905959
            ],
            [
              84.45664020921025,
              27.16738661818714
            ],
            [
              84.45711952239807,
              27.16744955115543
            ],
            [
              84.45833575685114,
              27.16787751581759
            ],
            [
              84.45947125611634,
              27.168350604248406
            ],
            [
              84.46045013590843,
              27.168598257009513
            ],
            [
              84.4611817068078,
              27.16853009311436
            ],
            [
              84.46200903901483,
              27.168547661964716
            ],
            [
              84.46274555424154,
              27.16836662587021
            ],
            [
              84.46351690344002,
              27.167639734075838
            ],
            [
              84.46429806403805,
              27.16663295429421
            ],
            [
              84.46454990223637,
              27.166177031395655
            ],
            [
              84.46451923644752,
              27.165662641144454
            ],
            [
              84.46410504662622,
              27.165067269322922
            ],
            [
              84.4637871292539,
              27.164841820080582
            ],
            [
              84.46353452299603,
              27.164440375057673
            ],
            [
              84.46318083201415,
              27.16375924673327
            ],
            [
              84.46315030636248,
              27.163474990136045
            ],
            [
              84.46311996037386,
              27.163335081851823
            ],
            [
              84.46308437720712,
              27.16299221502075
            ],
            [
              84.46321522401479,
              27.1625363188164
            ],
            [
              84.46346709185754,
              27.162107519247567
            ],
            [
              84.46381464644769,
              27.16142591472493
            ],
            [
              84.46513044657357,
              27.160351097851244
            ],
            [
              84.4672300932602,
              27.161513969147013
            ],
            [
              84.46798233259764,
              27.162203826956482
            ],
            [
              84.4682953793045,
              27.162596195011783
            ],
            [
              84.46875472024861,
              27.162925291323265
            ],
            [
              84.46966871562603,
              27.163885832838194
            ],
            [
              84.47046661273612,
              27.164801304801255
            ],
            [
              84.47094623674104,
              27.16526129977518
            ],
            [
              84.4713146457205,
              27.165373863385664
            ],
            [
              84.47182911627363,
              27.16532385590817
            ],
            [
              84.47226807174899,
              27.165341641852944
            ],
            [
              84.47271221409682,
              27.165589509086658
            ],
            [
              84.47357517708126,
              27.16586409612297
            ],
            [
              84.47406992242736,
              27.16624283104193
            ],
            [
              84.47414584084862,
              27.166554115671506
            ],
            [
              84.47428256263827,
              27.16705491920329
            ],
            [
              84.47503485677294,
              27.167767357947394
            ],
            [
              84.47573154159826,
              27.16821353764956
            ],
            [
              84.4761404466308,
              27.168502025145884
            ],
            [
              84.47695282368493,
              27.16870907260102
            ],
            [
              84.47785085510142,
              27.168708366907012
            ],
            [
              84.47811299068783,
              27.168410367035836
            ],
            [
              84.4783144450768,
              27.168053775856208
            ],
            [
              84.47837895489401,
              27.166898489271126
            ],
            [
              84.47824193755866,
              27.16600518408358
            ],
            [
              84.47791362128861,
              27.1655631587083
            ],
            [
              84.47747940173143,
              27.165175450175095
            ],
            [
              84.47761524407036,
              27.16476022525173
            ],
            [
              84.47797823171712,
              27.164552404810763
            ],
            [
              84.47850799159637,
              27.16452492887127
            ],
            [
              84.47900758065849,
              27.164759156682937
            ],
            [
              84.48202353588437,
              27.163687509694775
            ],
            [
              84.48841341868861,
              27.161760205615533
            ],
            [
              84.49332008324582,
              27.15985188276084
            ],
            [
              84.4954078685774,
              27.15925450416612
            ],
            [
              84.49649693482392,
              27.158689477717488
            ],
            [
              84.4973291089503,
              27.158449639060063
            ],
            [
              84.49783361359364,
              27.158438265392046
            ],
            [
              84.49868643639516,
              27.15831910716725
            ],
            [
              84.49922612984479,
              27.158400784232235
            ],
            [
              84.49956906889102,
              27.158545455972703
            ],
            [
              84.4999824448387,
              27.158803047041925
            ],
            [
              84.50000003924185,
              27.15881660028552
            ],
            [
              84.50034024112142,
              27.159078685021214
            ],
            [
              84.50084483469796,
              27.159029415647563
            ],
            [
              84.50124226015943,
              27.160031581907578
            ],
            [
              84.50156400255824,
              27.160983959938886
            ],
            [
              84.50183519316275,
              27.162112296351054
            ],
            [
              84.50152650418335,
              27.163010054886115
            ],
            [
              84.50151050967969,
              27.163831224295556
            ],
            [
              84.50148959600156,
              27.16449456690325
            ],
            [
              84.50181100692203,
              27.165785403214862
            ],
            [
              84.50197107592587,
              27.16700839624667
            ],
            [
              84.50220718282695,
              27.16791108088321
            ],
            [
              84.5025085649098,
              27.169201932039186
            ],
            [
              84.50261877292381,
              27.169892417665586
            ],
            [
              84.50318252685004,
              27.17105706207735
            ],
            [
              84.50364608807935,
              27.171684756728236
            ],
            [
              84.50669319957423,
              27.171849799887468
            ],
            [
              84.50847410064186,
              27.171977572387828
            ],
            [
              84.50997259923193,
              27.17191563375152
            ],
            [
              84.51076198570301,
              27.174556131319
            ],
            [
              84.50775266184054,
              27.17674212911713
            ],
            [
              84.50742907430218,
              27.17738709474003
            ],
            [
              84.50719079078316,
              27.178496974871475
            ],
            [
              84.50513628264295,
              27.17931650403059
            ],
            [
              84.50405616631161,
              27.17972169937317
            ],
            [
              84.50001311242417,
              27.181071891852877
            ],
            [
              84.50000003385196,
              27.1810616288579
            ],
            [
              84.49924179825999,
              27.18046649899507
            ],
            [
              84.49847713522216,
              27.178426211854784
            ],
            [
              84.49783010297753,
              27.17891550503276
            ],
            [
              84.49658273561165,
              27.178709616867334
            ],
            [
              84.49562626609098,
              27.179411240199954
            ],
            [
              84.49535932900935,
              27.179853663039545
            ],
            [
              84.4953600252037,
              27.180449349958717
            ],
            [
              84.49582521507865,
              27.18142814976623
            ],
            [
              84.4962146518223,
              27.182280571666347
            ],
            [
              84.49783049464295,
              27.183998567345714
            ],
            [
              84.49850050489427,
              27.184545072310616
            ],
            [
              84.49927183522814,
              27.185182002005963
            ],
            [
              84.5000000122924,
              27.185770280988983
            ],
            [
              84.5005523216819,
              27.186216474219215
            ],
            [
              84.50174373388703,
              27.18566699208313
            ],
            [
              84.50310635600216,
              27.185429075641196
            ],
            [
              84.50378757543156,
              27.185465776613587
            ],
            [
              84.50443897079354,
              27.184978971741103
            ],
            [
              84.50519523907502,
              27.185530152913934
            ],
            [
              84.50663852720776,
              27.1853688792761
            ],
            [
              84.50760798457077,
              27.18479214096383
            ],
            [
              84.50865315104767,
              27.18411613593961
            ],
            [
              84.5103482306663,
              27.184469494631582
            ],
            [
              84.5116793308981,
              27.18540469408759
            ],
            [
              84.51268907141343,
              27.18492266827214
            ],
            [
              84.51319383387326,
              27.184729006815907
            ],
            [
              84.51384379193078,
              27.185632029174368
            ],
            [
              84.5141317172507,
              27.18537506975762
            ],
            [
              84.51423820084955,
              27.18479754997198
            ],
            [
              84.51423868593977,
              27.184346276055596
            ],
            [
              84.51438537723243,
              27.183989924377485
            ],
            [
              84.51488989535048,
              27.18402189600497
            ],
            [
              84.51485279942084,
              27.18582681176736
            ],
            [
              84.51575039066283,
              27.18644119468145
            ],
            [
              84.51618428413158,
              27.186504701027474
            ],
            [
              84.51755081661314,
              27.1874083091107
            ],
            [
              84.51769652425054,
              27.188116879117043
            ],
            [
              84.5180190032679,
              27.188536732389668
            ],
            [
              84.5187047205619,
              27.18918255114125
            ],
            [
              84.51996588874547,
              27.189503844631187
            ],
            [
              84.52165603212161,
              27.189793967079883
            ],
            [
              84.52274607034526,
              27.189758626715097
            ],
            [
              84.52433676842281,
              27.18837902530632
            ],
            [
              84.5248926549038,
              27.187522044988178
            ],
            [
              84.52532246103802,
              27.18650704630674
            ],
            [
              84.52567599301804,
              27.18615081100423
            ],
            [
              84.52632746743177,
              27.185519557911757
            ],
            [
              84.52643341383808,
              27.185546672293476
            ],
            [
              84.52731193384659,
              27.18484783879232
            ],
            [
              84.52814481584544,
              27.184509998776196
            ],
            [
              84.52907880502609,
              27.18387888662825
            ],
            [
              84.5300832409897,
              27.18360883082199
            ],
            [
              84.53104185029736,
              27.183699774846527
            ],
            [
              84.5321517251191,
              27.183948641729085
            ],
            [
              84.53280229582765,
              27.184264967974343
            ],
            [
              84.53360954439981,
              27.184400891342346
            ],
            [
              84.53444238687278,
              27.18410816421623
            ],
            [
              84.53566875162731,
              27.18378856124728
            ],
            [
              84.53665750300601,
              27.184028287133014
            ],
            [
              84.53773655213877,
              27.185030754765954
            ],
            [
              84.53859384585547,
              27.185730670671788
            ],
            [
              84.53869424875812,
              27.18642563831806
            ],
            [
              84.53861777338136,
              27.187350686809285
            ],
            [
              84.53856670864901,
              27.188230594295494
            ],
            [
              84.53889427392748,
              27.188749651700643
            ],
            [
              84.54072650203551,
              27.188082933382642
            ],
            [
              84.54232018072317,
              27.189166888086923
            ],
            [
              84.54246112100135,
              27.189591100225176
            ],
            [
              84.54207742808563,
              27.18987974420654
            ],
            [
              84.54204687278956,
              27.190335472789645
            ],
            [
              84.54169316294306,
              27.19096243334669
            ],
            [
              84.54150121632306,
              27.191219526116292
            ],
            [
              84.54138515578497,
              27.191260110110893
            ],
            [
              84.54108246306009,
              27.191074926288547
            ],
            [
              84.5408401784448,
              27.191219183328464
            ],
            [
              84.54089044098161,
              27.191458350698763
            ],
            [
              84.54120806190987,
              27.19190073215458
            ],
            [
              84.54119275641406,
              27.192018034331912
            ],
            [
              84.54098585913276,
              27.19211722870586
            ],
            [
              84.54104623310636,
              27.192374402711643
            ],
            [
              84.54101578560814,
              27.19255944534509
            ],
            [
              84.54103087910153,
              27.19265867679182
            ],
            [
              84.5409045238703,
              27.19283011710591
            ],
            [
              84.54074299600241,
              27.19291577523951
            ],
            [
              84.54086890207604,
              27.193245259164893
            ],
            [
              84.54243313129375,
              27.193345429653597
            ],
            [
              84.54264009055878,
              27.193359139306693
            ],
            [
              84.54307373429589,
              27.193788055315384
            ],
            [
              84.54848459896755,
              27.191837255249013
            ],
            [
              84.5492365975565,
              27.19165711909714
            ],
            [
              84.55100778334432,
              27.19167160562074
            ],
            [
              84.55215808055719,
              27.19202867026658
            ],
            [
              84.55298562296998,
              27.192069758156666
            ],
            [
              84.55486839568576,
              27.191317102348375
            ],
            [
              84.55742255217689,
              27.189887964021644
            ],
            [
              84.55811413906301,
              27.189437008744928
            ],
            [
              84.55891161306658,
              27.189207331395952
            ],
            [
              84.55908841229429,
              27.188850892967263
            ],
            [
              84.55942204569249,
              27.187722913150967
            ],
            [
              84.55954851770471,
              27.187240218944243
            ],
            [
              84.55976055514606,
              27.18705074224101
            ],
            [
              84.56047728408033,
              27.186712692347935
            ],
            [
              84.56078056699833,
              27.185837421123733
            ],
            [
              84.56195132064688,
              27.185675439147076
            ],
            [
              84.56213354120734,
              27.184529398217002
            ],
            [
              84.56183607218583,
              27.18411414460702
            ],
            [
              84.56204822730648,
              27.18383446430579
            ],
            [
              84.56246212787028,
              27.183541307378935
            ],
            [
              84.56259378855157,
              27.18268856188632
            ],
            [
              84.56239752732324,
              27.18168670929694
            ],
            [
              84.56196941541164,
              27.180301168909388
            ],
            [
              84.56114829415654,
              27.177967922141868
            ],
            [
              84.56077050317222,
              27.17699761562077
            ],
            [
              84.56197131984007,
              27.176921463041232
            ],
            [
              84.56337928980903,
              27.17651592428728
            ],
            [
              84.56428757998609,
              27.17637641993223
            ],
            [
              84.56506957781394,
              27.17634069891931
            ],
            [
              84.56601818527926,
              27.176210222306384
            ],
            [
              84.5662700594102,
              27.1770496508827
            ],
            [
              84.56668330959371,
              27.177871067838886
            ],
            [
              84.56733378597916,
              27.17863392975027
            ],
            [
              84.56787859623266,
              27.178886889077003
            ],
            [
              84.56874620799869,
              27.17939712527501
            ],
            [
              84.5691594977081,
              27.18037198987173
            ],
            [
              84.56929019629374,
              27.181242877701386
            ],
            [
              84.57075338031335,
              27.18133824992501
            ],
            [
              84.57137899941654,
              27.181460312315853
            ],
            [
              84.57194374687948,
              27.182259202044595
            ],
            [
              84.57270508884571,
              27.18356810500112
            ],
            [
              84.5731434235852,
              27.18484077488172
            ],
            [
              84.57401557004681,
              27.186578412292523
            ],
            [
              84.57449470985976,
              27.187232845945875
            ],
            [
              84.57745074476124,
              27.189237434140253
            ],
            [
              84.5787523137764,
              27.19003198368151
            ],
            [
              84.58041233214949,
              27.19025817708936
            ],
            [
              84.58123489430234,
              27.190303582876272
            ],
            [
              84.58246122222596,
              27.18994748435025
            ],
            [
              84.58243610712724,
              27.18946908828134
            ],
            [
              84.58404607227102,
              27.188707001229588
            ],
            [
              84.583970570668,
              27.188251218848073
            ],
            [
              84.58341574330076,
              27.187614829265645
            ],
            [
              84.58325947956044,
              27.18732147291757
            ],
            [
              84.58337555536988,
              27.18713199874955
            ],
            [
              84.58375906592762,
              27.187154673914712
            ],
            [
              84.58405670383239,
              27.18744805307533
            ],
            [
              84.58434424287672,
              27.187475175778026
            ],
            [
              84.58448560176984,
              27.187398515750722
            ],
            [
              84.5845412227573,
              27.187118762977768
            ],
            [
              84.5839007994182,
              27.186085270009237
            ],
            [
              84.58354783876665,
              27.185322555733023
            ],
            [
              84.5835529016716,
              27.185241312289897
            ],
            [
              84.5836338335905,
              27.18473601399852
            ],
            [
              84.58451207422294,
              27.183987210664313
            ],
            [
              84.58542531321888,
              27.184140839808094
            ],
            [
              84.58598032294415,
              27.18433054839507
            ],
            [
              84.58617705219474,
              27.18428096174071
            ],
            [
              84.58634874360172,
              27.184114046318907
            ],
            [
              84.58615215179336,
              27.183441669871513
            ],
            [
              84.58602117922158,
              27.182710561116814
            ],
            [
              84.58592552301685,
              27.182299957110956
            ],
            [
              84.58609211109473,
              27.182083356000785
            ],
            [
              84.58653622918803,
              27.181627795079013
            ],
            [
              84.5867078711877,
              27.181487912743272
            ],
            [
              84.58671803742176,
              27.181298391908243
            ],
            [
              84.5867181622876,
              27.180802064191656
            ],
            [
              84.58649121011759,
              27.180391329299166
            ],
            [
              84.58626438191507,
              27.180012219652372
            ],
            [
              84.58602232098028,
              27.17957893780639
            ],
            [
              84.58562380137082,
              27.179222388701024
            ],
            [
              84.5853816685708,
              27.179032764926223
            ],
            [
              84.58552813169136,
              27.178689863199633
            ],
            [
              84.58609338670244,
              27.178320056057725
            ],
            [
              84.5855839934273,
              27.177642991322376
            ],
            [
              84.58586686392712,
              27.176921157769105
            ],
            [
              84.58585180456971,
              27.17660070310367
            ],
            [
              84.58562492785818,
              27.176194560627348
            ],
            [
              84.58552414227319,
              27.175671102224754
            ],
            [
              84.58528206606705,
              27.175341624729796
            ],
            [
              84.58493921415742,
              27.174768481140113
            ],
            [
              84.58477277879315,
              27.174565343219687
            ],
            [
              84.58472760072087,
              27.17394261478383
            ],
            [
              84.5849397208072,
              27.173446271932058
            ],
            [
              84.58500042086928,
              27.173049225310994
            ],
            [
              84.58508628903067,
              27.172643169807035
            ],
            [
              84.58516701793029,
              27.17251678383489
            ],
            [
              84.58552518431891,
              27.172719948659793
            ],
            [
              84.5858227988675,
              27.172923129098294
            ],
            [
              84.58593881538813,
              27.17315329469749
            ],
            [
              84.58650381707429,
              27.173189528997497
            ],
            [
              84.58658973733795,
              27.172833029805044
            ],
            [
              84.5864637531109,
              27.172490057881795
            ],
            [
              84.58623679375437,
              27.172160602963185
            ],
            [
              84.58630765466062,
              27.171619176867118
            ],
            [
              84.58611092091844,
              27.171289668230376
            ],
            [
              84.58602529979379,
              27.170996368059015
            ],
            [
              84.58614153191007,
              27.17054060283816
            ],
            [
              84.58651001005985,
              27.169954100084897
            ],
            [
              84.58687823488472,
              27.16999036019837
            ],
            [
              84.58710532629358,
              27.169990367391094
            ],
            [
              84.58758973742064,
              27.169597986160067
            ],
            [
              84.58766049771558,
              27.169268592235625
            ],
            [
              84.58640964758136,
              27.168374792924386
            ],
            [
              84.586213055773,
              27.167738449820185
            ],
            [
              84.58595603699042,
              27.167178802634837
            ],
            [
              84.58629925271775,
              27.16674575788456
            ],
            [
              84.58665230320085,
              27.166989526834907
            ],
            [
              84.58696498968327,
              27.167318970641322
            ],
            [
              84.58715156437789,
              27.167612365190795
            ],
            [
              84.58717670013785,
              27.167842513768324
            ],
            [
              84.5873935866851,
              27.167968876261394
            ],
            [
              84.58753490605234,
              27.16781552935148
            ],
            [
              84.58774687432341,
              27.167535809800224
            ],
            [
              84.5878327909938,
              27.167089108700836
            ],
            [
              84.58759076778827,
              27.166709980242146
            ],
            [
              84.58737907979156,
              27.166172920215192
            ],
            [
              84.58727817742559,
              27.16603306486319
            ],
            [
              84.58739429635416,
              27.165667592326255
            ],
            [
              84.58802009691708,
              27.165257112634606
            ],
            [
              84.58823193044086,
              27.16514887991188
            ],
            [
              84.58851468326134,
              27.16473827762967
            ],
            [
              84.58873179528574,
              27.164142749824023
            ],
            [
              84.58877227067752,
              27.163673463913376
            ],
            [
              84.58880266337852,
              27.1634297436697
            ],
            [
              84.58932754899904,
              27.162766583357467
            ],
            [
              84.5893730154305,
              27.162437187660455
            ],
            [
              84.58911584842592,
              27.16194981717304
            ],
            [
              84.5886620339174,
              27.16132694403242
            ],
            [
              84.58876300275874,
              27.16126828202211
            ],
            [
              84.58977183058572,
              27.161417537758258
            ],
            [
              84.59012510834258,
              27.16110620204273
            ],
            [
              84.59061497583666,
              27.15953597407544
            ],
            [
              84.59049924677693,
              27.158317629308115
            ],
            [
              84.59062061815496,
              27.15739708790087
            ],
            [
              84.5908176034254,
              27.15654882089559
            ],
            [
              84.59067659936684,
              27.156016319113203
            ],
            [
              84.59119651730384,
              27.15472141813556
            ],
            [
              84.59135823561455,
              27.153828016335826
            ],
            [
              84.5911970023941,
              27.153281942873253
            ],
            [
              84.59052131389188,
              27.152419942724908
            ],
            [
              84.59022376222538,
              27.152090429386277
            ],
            [
              84.59028942907267,
              27.151697822194112
            ],
            [
              84.59005769517039,
              27.15097128310979
            ],
            [
              84.58983602060268,
              27.15005521818005
            ],
            [
              84.58937228869344,
              27.14898115677534
            ],
            [
              84.58872682311066,
              27.148380781647532
            ],
            [
              84.58576639005751,
              27.146818741661733
            ],
            [
              84.58555960776059,
              27.146782558756367
            ],
            [
              84.58517117713005,
              27.146872671874764
            ],
            [
              84.58398058418848,
              27.14734612106575
            ],
            [
              84.58272958583225,
              27.147278080888434
            ],
            [
              84.58173106078321,
              27.146826520205476
            ],
            [
              84.581110766893,
              27.146433737841324
            ],
            [
              84.58077804079325,
              27.14612232998629
            ],
            [
              84.58075292479623,
              27.145869647346984
            ],
            [
              84.58074797507899,
              27.145580795230362
            ],
            [
              84.58089434657138,
              27.145278527372003
            ],
            [
              84.58089452174289,
              27.144700893677822
            ],
            [
              84.5807837208408,
              27.14451139113206
            ],
            [
              84.57980020574186,
              27.144118504705116
            ],
            [
              84.57918501068923,
              27.14369862505441
            ],
            [
              84.57896867480923,
              27.142335784335405
            ],
            [
              84.57896908713593,
              27.141555118124497
            ],
            [
              84.57893392617741,
              27.141099423811617
            ],
            [
              84.57876258331673,
              27.140765387655687
            ],
            [
              84.57786984926548,
              27.140652318806012
            ],
            [
              84.57763264372481,
              27.1408958952919
            ],
            [
              84.57726429493246,
              27.14128387436009
            ],
            [
              84.5769363829043,
              27.14145523930042
            ],
            [
              84.5766186362119,
              27.14152727680035
            ],
            [
              84.57631094436246,
              27.141423396976
            ],
            [
              84.57601839541378,
              27.141382706927963
            ],
            [
              84.57568551929533,
              27.14144571290418
            ],
            [
              84.57509531088232,
              27.141594444342783
            ],
            [
              84.57495917479426,
              27.141544793141303
            ],
            [
              84.57472223066335,
              27.141192704728123
            ],
            [
              84.57450543035439,
              27.141007564148133
            ],
            [
              84.57505539424265,
              27.140520432716063
            ],
            [
              84.5773308879428,
              27.138946406774245
            ],
            [
              84.5779262032782,
              27.138576560742507
            ],
            [
              84.57811800077786,
              27.13829688068612
            ],
            [
              84.57820385187128,
              27.138026164626204
            ],
            [
              84.57792160659892,
              27.13744846466972
            ],
            [
              84.57741240466493,
              27.137118915975996
            ],
            [
              84.57697368185322,
              27.1368480028022
            ],
            [
              84.57677703884089,
              27.136595247231593
            ],
            [
              84.57621746477567,
              27.136089693604873
            ],
            [
              84.57601587563938,
              27.135638376312762
            ],
            [
              84.575859699934,
              27.135299847775602
            ],
            [
              84.57591031101711,
              27.134961470906774
            ],
            [
              84.5759458339967,
              27.134465100317215
            ],
            [
              84.57612253440972,
              27.133905594217968
            ],
            [
              84.57634982075301,
              27.133332571356497
            ],
            [
              84.57631475681254,
              27.1326782566738
            ],
            [
              84.57547290603391,
              27.13184767483692
            ],
            [
              84.57440895219119,
              27.131341967829673
            ],
            [
              84.57176622899956,
              27.13125524312851
            ],
            [
              84.57140823508747,
              27.130970751930906
            ],
            [
              84.5714335927313,
              27.13064138401104
            ],
            [
              84.57213499371188,
              27.130000898929854
            ],
            [
              84.57220068661029,
              27.129599279945406
            ],
            [
              84.57158051938254,
              27.129260610802145
            ],
            [
              84.56996694301134,
              27.128637318779287
            ],
            [
              84.56908964201665,
              27.128145099851526
            ],
            [
              84.56887291357289,
              27.127856225917206
            ],
            [
              84.56894875743403,
              27.127535874323197
            ],
            [
              84.5693170190898,
              27.127432222945487
            ],
            [
              84.56973563041893,
              27.127373730222274
            ],
            [
              84.57004840763118,
              27.12720235568926
            ],
            [
              84.57017967664703,
              27.12677823590991
            ],
            [
              84.57027573529699,
              27.126372149719657
            ],
            [
              84.57040208513831,
              27.125880403724175
            ],
            [
              84.57043756589711,
              27.125379525957463
            ],
            [
              84.57018555522224,
              27.12517186012809
            ],
            [
              84.56999410537057,
              27.12478368123307
            ],
            [
              84.56993883113283,
              27.124251231970348
            ],
            [
              84.57082674482426,
              27.123719075996185
            ],
            [
              84.57142200626078,
              27.123250033661392
            ],
            [
              84.57145776459896,
              27.12239715401844
            ],
            [
              84.5715083181899,
              27.12195496172143
            ],
            [
              84.57183120324572,
              27.1217113831486
            ],
            [
              84.57220432838045,
              27.121801785920646
            ],
            [
              84.57249188718775,
              27.121666538728416
            ],
            [
              84.57267862178249,
              27.12145449972589
            ],
            [
              84.57279985571827,
              27.12098073619505
            ],
            [
              84.57303690764702,
              27.120872518950915
            ],
            [
              84.57375330420464,
              27.12028169615795
            ],
            [
              84.57381916239308,
              27.119672530939894
            ],
            [
              84.57351672478973,
              27.11930688997511
            ],
            [
              84.57278557520021,
              27.119139720735017
            ],
            [
              84.57202413891089,
              27.11903558823956
            ],
            [
              84.57127315721482,
              27.118259160926925
            ],
            [
              84.57047632820162,
              27.118227311196925
            ],
            [
              84.570168843863,
              27.117997070817147
            ],
            [
              84.5700177059097,
              27.117739763091457
            ],
            [
              84.57042650224605,
              27.117085608245603
            ],
            [
              84.57027072539265,
              27.11598900181975
            ],
            [
              84.5704574671739,
              27.115610070188115
            ],
            [
              84.571375493292,
              27.115059924842782
            ],
            [
              84.57117420509134,
              27.114215946966493
            ],
            [
              84.57114400912137,
              27.11400386105955
            ],
            [
              84.57122983955352,
              27.113845970367784
            ],
            [
              84.57166403216124,
              27.112745099904995
            ],
            [
              84.57144797386067,
              27.111156637823914
            ],
            [
              84.57130206500065,
              27.110402997712484
            ],
            [
              84.57125687884356,
              27.11000137393279
            ],
            [
              84.57139324669693,
              27.10969010609619
            ],
            [
              84.57189772618747,
              27.109108196066515
            ],
            [
              84.5723670016003,
              27.108476548359523
            ],
            [
              84.57278087431634,
              27.107569727701282
            ],
            [
              84.57291753861375,
              27.106504892294648
            ],
            [
              84.57301872305072,
              27.105620486692615
            ],
            [
              84.57306460630049,
              27.1047270211751
            ],
            [
              84.57293896073834,
              27.10381545771756
            ],
            [
              84.57281824782541,
              27.10317013938812
            ],
            [
              84.57248590620458,
              27.102199843855534
            ],
            [
              84.57225969783961,
              27.100642922925058
            ],
            [
              84.57119587065934,
              27.100507111169808
            ],
            [
              84.57059608620541,
              27.100091794759678
            ],
            [
              84.57005681855719,
              27.099554535390958
            ],
            [
              84.56940172393287,
              27.09880077398105
            ],
            [
              84.56893336659824,
              27.097798736982572
            ],
            [
              84.56878244513894,
              27.097212129209773
            ],
            [
              84.56869203419716,
              27.096426888758973
            ],
            [
              84.56865712207195,
              27.09567332621906
            ],
            [
              84.57001935970817,
              27.093819236235433
            ],
            [
              84.57024629211521,
              27.093733566892656
            ],
            [
              84.57071005905874,
              27.0938014788979
            ],
            [
              84.57080580509499,
              27.093968446863183
            ],
            [
              84.5709568954376,
              27.094338497159267
            ],
            [
              84.57102715986247,
              27.094870987982375
            ],
            [
              84.5712537607912,
              27.09540804190124
            ],
            [
              84.57157133590542,
              27.095575185009906
            ],
            [
              84.5719646497778,
              27.095507668344098
            ],
            [
              84.57215141222032,
              27.095155758107236
            ],
            [
              84.57224218697979,
              27.09493914321492
            ],
            [
              84.57224245557606,
              27.094555590652572
            ],
            [
              84.57263568770178,
              27.09445193831475
            ],
            [
              84.57287765341513,
              27.094673139000538
            ],
            [
              84.57329093414138,
              27.094889911953846
            ],
            [
              84.57381512985576,
              27.095156337109124
            ],
            [
              84.57459658959277,
              27.095323602151687
            ],
            [
              84.57501008501636,
              27.095206386372777
            ],
            [
              84.57552943791305,
              27.09500802295903
            ],
            [
              84.57592287844793,
              27.094737455652663
            ],
            [
              84.57646757641203,
              27.09428639699347
            ],
            [
              84.57665468290931,
              27.092883059068857
            ],
            [
              84.57671056889976,
              27.091949011806758
            ],
            [
              84.5767411223992,
              27.0911548283822
            ],
            [
              84.57678703888662,
              27.08990943187933
            ],
            [
              84.57662099788277,
              27.089209885073917
            ],
            [
              84.57648521483264,
              27.08843819107941
            ],
            [
              84.57644007089634,
              27.087820000606214
            ],
            [
              84.57639499343539,
              27.087305535349905
            ],
            [
              84.57558378598775,
              27.08610501232216
            ],
            [
              84.57561413197635,
              27.0859560807441
            ],
            [
              84.57621430270588,
              27.08540124203062
            ],
            [
              84.57665301204287,
              27.08500879823636
            ],
            [
              84.57698595014504,
              27.084566739762764
            ],
            [
              84.57739955695975,
              27.084065965035666
            ],
            [
              84.57636657612971,
              27.082874285230393
            ],
            [
              84.57564102573933,
              27.08201214635334
            ],
            [
              84.57450218923282,
              27.081073190292173
            ],
            [
              84.5740337537448,
              27.08009377477116
            ],
            [
              84.5740540844163,
              27.079750831066388
            ],
            [
              84.57437688862376,
              27.07942603785218
            ],
            [
              84.5749969552402,
              27.079250306761615
            ],
            [
              84.57549112027459,
              27.07900227772878
            ],
            [
              84.57557706209784,
              27.078406662036475
            ],
            [
              84.57538074337732,
              27.077851621171053
            ],
            [
              84.57525498911903,
              27.077197237263004
            ],
            [
              84.57559801709846,
              27.076606191969145
            ],
            [
              84.57606711374656,
              27.07614610105243
            ],
            [
              84.57629920697494,
              27.07558660173658
            ],
            [
              84.57610804009259,
              27.074607398225027
            ],
            [
              84.57619397203437,
              27.074034306915696
            ],
            [
              84.57636582064654,
              27.073190571735434
            ],
            [
              84.57568053993373,
              27.072423166002668
            ],
            [
              84.57552953942269,
              27.071944784383238
            ],
            [
              84.57623540682687,
              27.07156148665558
            ],
            [
              84.57700681980572,
              27.071254903362654
            ],
            [
              84.57760689082225,
              27.07073618897264
            ],
            [
              84.57837831188598,
              27.070294235779595
            ],
            [
              84.57954766865424,
              27.070443476937093
            ],
            [
              84.5797745812984,
              27.07008706689593
            ],
            [
              84.57841448883909,
              27.0679522280928
            ],
            [
              84.57909544775708,
              27.06699131862924
            ],
            [
              84.57972064914365,
              27.066328132862957
            ],
            [
              84.58057258171472,
              27.06617505294752
            ],
            [
              84.58159564514402,
              27.06663558315379
            ],
            [
              84.58198887457482,
              27.06643267834337
            ],
            [
              84.58216072678026,
              27.065214384234512
            ],
            [
              84.58267525213061,
              27.06409544488031
            ],
            [
              84.58170794263937,
              27.063079803035563
            ],
            [
              84.58142607286278,
              27.062109577856223
            ],
            [
              84.58221760990065,
              27.06155022767931
            ],
            [
              84.58386638495968,
              27.059772834275734
            ],
            [
              84.58505635896205,
              27.05860440622909
            ],
            [
              84.58551026420035,
              27.057638854299363
            ],
            [
              84.58477472095078,
              27.056677530063343
            ],
            [
              84.58397880193094,
              27.055558135932973
            ],
            [
              84.58426639128093,
              27.054696378188208
            ],
            [
              84.58500231990779,
              27.054493498177997
            ],
            [
              84.58540072363463,
              27.05393408681995
            ],
            [
              84.58568322223192,
              27.053121948643586
            ],
            [
              84.58517460689784,
              27.052101957654024
            ],
            [
              84.58398059586656,
              27.050783943374103
            ],
            [
              84.58369863625845,
              27.050070921995975
            ],
            [
              84.58387005278098,
              27.049768622624434
            ],
            [
              84.58449536196541,
              27.0489023528954
            ],
            [
              84.58454655785177,
              27.048805307611683
            ],
            [
              84.58455500830365,
              27.048789288067283
            ],
            [
              84.58500469774836,
              27.047936831871983
            ],
            [
              84.584380047029,
              27.04707480037091
            ],
            [
              84.5833015530551,
              27.04707450034486
            ],
            [
              84.5822833854441,
              27.047584097014806
            ],
            [
              84.58069563114573,
              27.04829207701113
            ],
            [
              84.58001041600991,
              27.047786479077697
            ],
            [
              84.5799554076735,
              27.046766595600076
            ],
            [
              84.57948198563732,
              27.045981248939135
            ],
            [
              84.57872616831006,
              27.045471079333613
            ],
            [
              84.57718939879395,
              27.044906568856593
            ],
            [
              84.57696778800663,
              27.044581594705217
            ],
            [
              84.57671116897436,
              27.04366541670392
            ],
            [
              84.57645440082176,
              27.042988431346263
            ],
            [
              84.57624303442192,
              27.04228897179945
            ],
            [
              84.57636434471452,
              27.04165275885625
            ],
            [
              84.57680285372722,
              27.04130995682376
            ],
            [
              84.57664172471134,
              27.040930803805985
            ],
            [
              84.57636473368505,
              27.040565229074332
            ],
            [
              84.57657164444107,
              27.039978665821167
            ],
            [
              84.57739835860714,
              27.039356225928806
            ],
            [
              84.57761015709664,
              27.038873432994517
            ],
            [
              84.57744465687858,
              27.03698717724121
            ],
            [
              84.57701650094954,
              27.036644116917486
            ],
            [
              84.57651769432006,
              27.03661237360874
            ],
            [
              84.57634115919703,
              27.036779268322803
            ],
            [
              84.57602853469838,
              27.037225911158444
            ],
            [
              84.57562019201124,
              27.037695016045994
            ],
            [
              84.57517662638185,
              27.03785284682005
            ],
            [
              84.57501048386838,
              27.03769481761217
            ],
            [
              84.57478381466767,
              27.037396929674106
            ],
            [
              84.5752683398808,
              27.035573977114744
            ],
            [
              84.57564205700525,
              27.03370596089525
            ],
            [
              84.57596564903524,
              27.031215169314514
            ],
            [
              84.57612765031527,
              27.029541086282574
            ],
            [
              84.57575493481231,
              27.02920256993237
            ],
            [
              84.5749488783045,
              27.02881872126654
            ],
            [
              84.57398653020861,
              27.02872357269873
            ],
            [
              84.57313006833189,
              27.028294557331176
            ],
            [
              84.57265171005322,
              27.027622066079218
            ],
            [
              84.57270760233186,
              27.026665422854812
            ],
            [
              84.57329230766544,
              27.026232389733426
            ],
            [
              84.57527231312928,
              27.026567021987102
            ],
            [
              84.57629014926195,
              27.026567390086274
            ],
            [
              84.57719744141069,
              27.025850267395544
            ],
            [
              84.57794863331252,
              27.024988609650062
            ],
            [
              84.57820605364203,
              27.023865071149427
            ],
            [
              84.57791400505498,
              27.02345431785749
            ],
            [
              84.57734472199814,
              27.023120237299125
            ],
            [
              84.57623645336415,
              27.022763304819584
            ],
            [
              84.57547578243945,
              27.02238402195494
            ],
            [
              84.57471519595637,
              27.021873872362825
            ],
            [
              84.57466999542622,
              27.02143156265295
            ],
            [
              84.57479115570018,
              27.020899165623305
            ],
            [
              84.57510377660557,
              27.020371313946843
            ],
            [
              84.57549198984383,
              27.01982994974141
            ],
            [
              84.57547724669335,
              27.01908088932702
            ],
            [
              84.57506923099298,
              27.018809974763727
            ],
            [
              84.57416233410297,
              27.01880067161472
            ],
            [
              84.5714055572096,
              27.02033833203762
            ],
            [
              84.57083614389708,
              27.020586349131534
            ],
            [
              84.57055909537863,
              27.02041020176129
            ],
            [
              84.57025692367661,
              27.02005361838866
            ],
            [
              84.57006571637008,
              27.019579776663388
            ],
            [
              84.57009126355844,
              27.018884812067157
            ],
            [
              84.57023829531256,
              27.01699412072849
            ],
            [
              84.56885852974857,
              27.015486392776076
            ],
            [
              84.56863195217602,
              27.01520651182783
            ],
            [
              84.56744972614298,
              27.011618630856656
            ],
            [
              84.56690649243279,
              27.010039037708683
            ],
            [
              84.56648359793637,
              27.00935295068546
            ],
            [
              84.56661489030841,
              27.008892727269497
            ],
            [
              84.56645413229674,
              27.007886354189957
            ],
            [
              84.56605159631961,
              27.00693408494378
            ],
            [
              84.56568909106817,
              27.006599932859217
            ],
            [
              84.56488302018732,
              27.006622229224472
            ],
            [
              84.56414723439262,
              27.00707765260678
            ],
            [
              84.56355774912339,
              27.007104415654194
            ],
            [
              84.56333125509417,
              27.006851653107773
            ],
            [
              84.56335714543899,
              27.005552013910506
            ],
            [
              84.56387303173697,
              27.00179339582134
            ],
            [
              84.56404491718006,
              27.000624699750787
            ],
            [
              84.5635713621932,
              27.00069665731845
            ],
            [
              84.56047235502437,
              27.002157371899514
            ],
            [
              84.5587592417264,
              27.00277022760959
            ],
            [
              84.55799439902552,
              27.00124465532274
            ],
            [
              84.55755637420476,
              27.000833767324835
            ],
            [
              84.55675045334257,
              27.000734167249362
            ],
            [
              84.555244166359,
              27.000697340859897
            ],
            [
              84.55388385920236,
              27.00102155114206
            ],
            [
              84.55313853599428,
              27.000646586695755
            ],
            [
              84.5530845346693,
              27.000326720717446
            ],
            [
              84.55310897064163,
              27.000000381756433
            ],
            [
              84.55319269362613,
              26.998884194147497
            ],
            [
              84.55246834967318,
              26.997892368755885
            ],
            [
              84.55196130010263,
              26.9976191099134
            ],
            [
              84.5515214831429,
              26.997860647315086
            ],
            [
              84.55049370894824,
              27.00000035214146
            ],
            [
              84.55033758265017,
              27.000325432869886
            ],
            [
              84.55029220605026,
              27.00074442677035
            ],
            [
              84.54956620560394,
              27.001651041209318
            ],
            [
              84.54807389999942,
              27.00326116832647
            ],
            [
              84.54690457018062,
              27.004099845021234
            ],
            [
              84.54568006404041,
              27.004627156037976
            ],
            [
              84.5448385779778,
              27.00492000931191
            ],
            [
              84.54384609589572,
              27.004851760961746
            ],
            [
              84.54357936183334,
              27.00452665410139
            ],
            [
              84.54312140698968,
              27.003926216207947
            ],
            [
              84.54279478763723,
              27.00270767109669
            ],
            [
              84.54287612020474,
              27.001787162368178
            ],
            [
              84.542589480374,
              27.000997294292578
            ],
            [
              84.54207085870596,
              27.000721761855978
            ],
            [
              84.54094226119706,
              27.00089257821532
            ],
            [
              84.54002541726189,
              27.00087398896034
            ],
            [
              84.53893735802684,
              27.00087330461959
            ],
            [
              84.53890223389924,
              27.000319557915677
            ],
            [
              84.53902455299988,
              27.00000015123986
            ],
            [
              84.53923492676134,
              26.99945068802556
            ],
            [
              84.53703138721717,
              26.99739544624747
            ],
            [
              84.53615138678506,
              26.99714733475608
            ],
            [
              84.53530218239753,
              26.99759881681959
            ],
            [
              84.534074888785,
              26.99889659013863
            ],
            [
              84.53322720165197,
              26.99991662336744
            ],
            [
              84.53337696158961,
              27.00000034813943
            ],
            [
              84.53394286967591,
              27.000316721289156
            ],
            [
              84.53373863140786,
              27.00075272130986
            ],
            [
              84.53457842504446,
              27.002558202205833
            ],
            [
              84.53477935032576,
              27.00335257666632
            ],
            [
              84.5339222766963,
              27.004177826388762
            ],
            [
              84.53246537010392,
              27.005273440034973
            ],
            [
              84.53171407130259,
              27.006157333326488
            ],
            [
              84.5305087343122,
              27.007695280394692
            ],
            [
              84.52989384199182,
              27.007961106727787
            ],
            [
              84.5287855679679,
              27.007942356170837
            ],
            [
              84.52825183484018,
              27.00762610932454
            ],
            [
              84.52670509132946,
              27.007719747891784
            ],
            [
              84.52554080734758,
              27.008346227973615
            ],
            [
              84.5249909970712,
              27.009027211767876
            ],
            [
              84.52481927601983,
              27.009500882699015
            ],
            [
              84.5244808752624,
              27.010543076092603
            ],
            [
              84.5244895502931,
              27.010560075894908
            ],
            [
              84.52494855526731,
              27.011459446685794
            ],
            [
              84.5265870464129,
              27.015982143725747
            ],
            [
              84.5283117578595,
              27.019954328239166
            ],
            [
              84.52932919873344,
              27.020311543332202
            ],
            [
              84.53052361220993,
              27.020032525081145
            ],
            [
              84.53136483057462,
              27.02023166373614
            ],
            [
              84.53185199773296,
              27.022176855037557
            ],
            [
              84.53260152236163,
              27.023567224947605
            ],
            [
              84.53402127732883,
              27.025034734715405
            ],
            [
              84.53286641936926,
              27.02626139603084
            ],
            [
              84.5320240502627,
              27.027334755003682
            ],
            [
              84.52910061881613,
              27.028402292648515
            ],
            [
              84.52856686233218,
              27.028004852161164
            ],
            [
              84.52639921767017,
              27.029154032383747
            ],
            [
              84.52573436913849,
              27.028837692395832
            ],
            [
              84.52422690985348,
              27.029707504189336
            ],
            [
              84.52351197395652,
              27.029048114236815
            ],
            [
              84.52255610271382,
              27.027350797615043
            ],
            [
              84.52195237465577,
              27.02640717080689
            ],
            [
              84.52093949093526,
              27.026478682152206
            ],
            [
              84.52060709002562,
              27.02626633497479
            ],
            [
              84.52031564330977,
              27.02540872235172
            ],
            [
              84.51949573657691,
              27.023918982157408
            ],
            [
              84.51926465305493,
              27.023255506610976
            ],
            [
              84.51860042975068,
              27.0222758063192
            ],
            [
              84.51756897605664,
              27.0207181947929
            ],
            [
              84.51670845918473,
              27.019652531164954
            ],
            [
              84.5157320794041,
              27.01858237030162
            ],
            [
              84.51551072463661,
              27.018166992910373
            ],
            [
              84.51560207521617,
              27.01752634499545
            ],
            [
              84.51600037384011,
              27.017219806130075
            ],
            [
              84.51597547972695,
              27.016885782259404
            ],
            [
              84.51552723477322,
              27.01673201788112
            ],
            [
              84.51408071360383,
              27.017245303917505
            ],
            [
              84.51278589363139,
              27.017257816325767
            ],
            [
              84.51193970937983,
              27.0169729220094
            ],
            [
              84.51140110917987,
              27.016503186370883
            ],
            [
              84.51126052643119,
              27.015988650891604
            ],
            [
              84.51053645287114,
              27.014607192981025
            ],
            [
              84.5099983997452,
              27.013609487982595
            ],
            [
              84.50952034240211,
              27.013008895325367
            ],
            [
              84.50908331381304,
              27.01174058786794
            ],
            [
              84.50875701605743,
              27.01062571330719
            ],
            [
              84.50820304837794,
              27.010377021158504
            ],
            [
              84.5073822217702,
              27.010055968758564
            ],
            [
              84.50676791874464,
              27.009730557614837
            ],
            [
              84.50603269799025,
              27.009423046683708
            ],
            [
              84.50603168199567,
              27.010366234298065
            ],
            [
              84.50657557956085,
              27.010614853640675
            ],
            [
              84.5063433012795,
              27.011079479000973
            ],
            [
              84.50482703401313,
              27.010938259806323
            ],
            [
              84.50416229058436,
              27.01062633116127
            ],
            [
              84.50363483308719,
              27.009204446234655
            ],
            [
              84.50317700580432,
              27.00860840160042
            ],
            [
              84.50230594360927,
              27.00815633787248
            ],
            [
              84.50168624260715,
              27.008173894276634
            ],
            [
              84.50062819967899,
              27.00823617963205
            ],
            [
              84.50012510988223,
              27.007640045026406
            ],
            [
              84.50000003834354,
              27.00758941484929
            ],
            [
              84.4994100697807,
              27.007350593132873
            ],
            [
              84.49867425703651,
              27.00757552316044
            ],
            [
              84.49783166065623,
              27.007834862147917
            ],
            [
              84.49637046999821,
              27.008410851841365
            ],
            [
              84.49552923726051,
              27.00855601510466
            ],
            [
              84.49523704943458,
              27.008556275216435
            ],
            [
              84.49463207631153,
              27.008137115943782
            ],
            [
              84.49372461617783,
              27.007555735284292
            ],
            [
              84.49330143242389,
              27.007556149065753
            ],
            [
              84.4930094952279,
              27.007759447637067
            ],
            [
              84.49300971621348,
              27.00804820137516
            ],
            [
              84.4930454655685,
              27.00851296379937
            ],
            [
              84.49336890757982,
              27.00947391613612
            ],
            [
              84.49402011519392,
              27.010637562979692
            ],
            [
              84.49411633733725,
              27.01113388674322
            ],
            [
              84.49411662479815,
              27.011395600084434
            ],
            [
              84.49375936121638,
              27.011860648787966
            ],
            [
              84.49334151165863,
              27.012181392712417
            ],
            [
              84.49262639879352,
              27.01244377267881
            ],
            [
              84.4917146599841,
              27.012561776037256
            ],
            [
              84.49045022911945,
              27.01273435510566
            ],
            [
              84.4897047451129,
              27.012910961083424
            ],
            [
              84.48885864620131,
              27.013232054947398
            ],
            [
              84.48879317878003,
              27.013259120647383
            ],
            [
              84.48849095228078,
              27.013245858703296
            ],
            [
              84.48809885293065,
              27.01420728116933
            ],
            [
              84.48780700466786,
              27.014523402258405
            ],
            [
              84.48690030720383,
              27.01473172211432
            ],
            [
              84.48537392490736,
              27.014936008880287
            ],
            [
              84.48517771937459,
              27.015224936252597
            ],
            [
              84.48485613597758,
              27.01615481597729
            ],
            [
              84.48446843477906,
              27.01633103164105
            ],
            [
              84.48281101163883,
              27.016566986054823
            ],
            [
              84.48264968858683,
              27.01647686491924
            ],
            [
              84.48245274194396,
              27.015985156020996
            ],
            [
              84.48222591463976,
              27.015895061628715
            ],
            [
              84.48034231188066,
              27.01665462062891
            ],
            [
              84.47959707670746,
              27.017151558845875
            ],
            [
              84.47904294733122,
              27.017151891763458
            ],
            [
              84.47837795866236,
              27.01728329729867
            ],
            [
              84.47765691691642,
              27.016706175854296
            ],
            [
              84.47746575093235,
              27.01694096826805
            ],
            [
              84.47658952791603,
              27.017465072341565
            ],
            [
              84.47502873205934,
              27.018689061776243
            ],
            [
              84.47450993162654,
              27.018892524271923
            ],
            [
              84.47353777213112,
              27.019213622651666
            ],
            [
              84.47364001029194,
              27.020892201795654
            ],
            [
              84.47354655226472,
              27.023541091606123
            ],
            [
              84.47275008437425,
              27.023121969819023
            ],
            [
              84.47090116466997,
              27.02332627093934
            ],
            [
              84.47077073827386,
              27.024052871705127
            ],
            [
              84.46950605138932,
              27.02402214433491
            ],
            [
              84.46797936905553,
              27.024140558857354
            ],
            [
              84.46719833511995,
              27.02405533482381
            ],
            [
              84.46710266903379,
              27.024082421923755
            ],
            [
              84.46700721764493,
              27.02443448560914
            ],
            [
              84.46684106075844,
              27.02457898318878
            ],
            [
              84.46567211631685,
              27.02466551279899
            ],
            [
              84.46528392912975,
              27.02437692979552
            ],
            [
              84.4637270032153,
              27.024377902076413
            ],
            [
              84.46359498769947,
              27.02312805884602
            ],
            [
              84.46084884955401,
              27.022998876014
            ],
            [
              84.46035513816881,
              27.023053339603724
            ],
            [
              84.4578260976747,
              27.023546671659606
            ],
            [
              84.45737759131123,
              27.02349731062323
            ],
            [
              84.4565362750302,
              27.02365568790794
            ],
            [
              84.45582089985706,
              27.02385923103541
            ],
            [
              84.45502513983904,
              27.02425227531266
            ],
            [
              84.4540833658581,
              27.024907120121114
            ],
            [
              84.4537104653022,
              27.024934415874966
            ],
            [
              84.4533224721512,
              27.024921031273642
            ],
            [
              84.4528841149538,
              27.02486263466998
            ],
            [
              84.45242042706202,
              27.02474104080032
            ],
            [
              84.45230465667979,
              27.024786252906875
            ],
            [
              84.45173531163924,
              27.02488586687914
            ],
            [
              84.45142795665804,
              27.024858884802782
            ],
            [
              84.45084330881662,
              27.02459753091249
            ],
            [
              84.45037471163181,
              27.024624858750755
            ],
            [
              84.44987090677604,
              27.02480105392811
            ],
            [
              84.4492715050044,
              27.02501802118334
            ],
            [
              84.44704500991146,
              27.025948711302814
            ],
            [
              84.44603760321924,
              27.026590003376306
            ],
            [
              84.44552872378048,
              27.026689539728572
            ],
            [
              84.44444085319164,
              27.027515908825503
            ],
            [
              84.4433479232911,
              27.028193256351074
            ],
            [
              84.44211851594271,
              27.02834283598548
            ],
            [
              84.44133765268701,
              27.028618416737345
            ],
            [
              84.44069798213616,
              27.029042932955193
            ],
            [
              84.43985693624803,
              27.029796916943493
            ],
            [
              84.43929851561964,
              27.03152089221534
            ],
            [
              84.4391075194172,
              27.03224750878458
            ],
            [
              84.43902190907228,
              27.032373885170735
            ],
            [
              84.43877005290766,
              27.032550011379445
            ],
            [
              84.43762623434462,
              27.032600123000122
            ],
            [
              84.4376818158062,
              27.03287534763133
            ],
            [
              84.43757128799193,
              27.03342598290918
            ],
            [
              84.43728917926347,
              27.033597535322112
            ],
            [
              84.43680011935481,
              27.033236785729514
            ],
            [
              84.43622552276312,
              27.03287605738269
            ],
            [
              84.43600369368518,
              27.03274980078725
            ],
            [
              84.43505140582215,
              27.032926177659775
            ],
            [
              84.43488515910411,
              27.032926267278846
            ],
            [
              84.43474902571101,
              27.032854147908317
            ],
            [
              84.43466323031315,
              27.032601476092
            ],
            [
              84.43463293822346,
              27.03240287307835
            ],
            [
              84.4340483236197,
              27.032227161929843
            ],
            [
              84.4326223253613,
              27.032327034160417
            ],
            [
              84.43203793443806,
              27.032525851754592
            ],
            [
              84.43189674173325,
              27.032426562227403
            ],
            [
              84.43170010770407,
              27.032178483257244
            ],
            [
              84.43139267367114,
              27.032029712909104
            ],
            [
              84.428681972267,
              27.032603822998187
            ],
            [
              84.42851559888649,
              27.032527216049775
            ],
            [
              84.42790048288559,
              27.031651989677425
            ],
            [
              84.42718486516733,
              27.031593601374478
            ],
            [
              84.42616195714656,
              27.031530797646774
            ],
            [
              84.42330985193357,
              27.03156339298347
            ],
            [
              84.42075522023363,
              27.03181241272176
            ],
            [
              84.4192842002098,
              27.032670239703062
            ],
            [
              84.41885096879939,
              27.033072034204203
            ],
            [
              84.41840783885289,
              27.033780600235904
            ],
            [
              84.41891196710213,
              27.03433547112377
            ],
            [
              84.42057529037717,
              27.035395443989145
            ],
            [
              84.42354903286954,
              27.036928638885477
            ],
            [
              84.42479922274201,
              27.037957053175806
            ],
            [
              84.42499590707685,
              27.03825939396411
            ],
            [
              84.42501112813103,
              27.038611345195072
            ],
            [
              84.42491051502256,
              27.038963335329022
            ],
            [
              84.42462846378629,
              27.039225163866206
            ],
            [
              84.4243009371354,
              27.039396770628027
            ],
            [
              84.42345941603848,
              27.03938347016323
            ],
            [
              84.42100524832667,
              27.039447496088385
            ],
            [
              84.4199824166627,
              27.03976369576953
            ],
            [
              84.41949369182562,
              27.04008879188625
            ],
            [
              84.41938298075507,
              27.040364094974578
            ],
            [
              84.41926718791495,
              27.040643862031047
            ],
            [
              84.41922703142512,
              27.041095118139612
            ],
            [
              84.41926247984453,
              27.04151482413791
            ],
            [
              84.41950450484673,
              27.041830609141172
            ],
            [
              84.42010425875795,
              27.042141767851405
            ],
            [
              84.42119791090396,
              27.042380559615633
            ],
            [
              84.42235194780338,
              27.042393731708874
            ],
            [
              84.42364214055377,
              27.04255571560524
            ],
            [
              84.42413107380001,
              27.042781144818875
            ],
            [
              84.42435792356207,
              27.04299766768371
            ],
            [
              84.42436820478048,
              27.043498634639676
            ],
            [
              84.42418699392643,
              27.043877718176564
            ],
            [
              84.42364792211094,
              27.04423440432494
            ],
            [
              84.42196512425888,
              27.04531797095389
            ],
            [
              84.42042831701352,
              27.045990785859328
            ],
            [
              84.42042219409657,
              27.04599181395848
            ],
            [
              84.41870490902244,
              27.046280127791608
            ],
            [
              84.41777259519972,
              27.04636166901593
            ],
            [
              84.41701165478044,
              27.046416047667552
            ],
            [
              84.41640176517785,
              27.04633496172527
            ],
            [
              84.41581723681239,
              27.04636222106736
            ],
            [
              84.41539402790562,
              27.046840683808856
            ],
            [
              84.41480466929883,
              27.047639586364948
            ],
            [
              84.41448747057876,
              27.048280408124416
            ],
            [
              84.414225650301,
              27.049007033026605
            ],
            [
              84.4138230101193,
              27.050857260889718
            ],
            [
              84.41383844227757,
              27.051665025658014
            ],
            [
              84.41391943168863,
              27.052635182775234
            ],
            [
              84.41378884539242,
              27.05401596969093
            ],
            [
              84.4135218256658,
              27.05432746502315
            ],
            [
              84.41304816737266,
              27.05458029513855
            ],
            [
              84.4127155885966,
              27.054855649879347
            ],
            [
              84.41243352927549,
              27.055180622276982
            ],
            [
              84.41243352298727,
              27.05535662469899
            ],
            [
              84.41238840510212,
              27.055866494156756
            ],
            [
              84.41257493937258,
              27.05625455515758
            ],
            [
              84.4127161527386,
              27.056430456694308
            ],
            [
              84.41315974891073,
              27.056507028128834
            ],
            [
              84.41358308986985,
              27.056430232693536
            ],
            [
              84.41374938509692,
              27.056506948128632
            ],
            [
              84.41386036386544,
              27.05675505572971
            ],
            [
              84.41394623562007,
              27.057183731929527
            ],
            [
              84.41402699416412,
              27.057756827768046
            ],
            [
              84.41405737339038,
              27.05803202431329
            ],
            [
              84.41389126231793,
              27.05853296494771
            ],
            [
              84.41380558729436,
              27.058808289986438
            ],
            [
              84.41306492903753,
              27.05949435968006
            ],
            [
              84.41248044109625,
              27.059823949714925
            ],
            [
              84.41242504558593,
              27.060148815721867
            ],
            [
              84.41225890666571,
              27.060622720623734
            ],
            [
              84.4120071052983,
              27.061222889029025
            ],
            [
              84.41161400432662,
              27.061547935776073
            ],
            [
              84.41108488764112,
              27.061972244258403
            ],
            [
              84.41066665989263,
              27.06222507314194
            ],
            [
              84.41002159675509,
              27.062423752977697
            ],
            [
              84.40921009466,
              27.062500656303754
            ],
            [
              84.40847420915232,
              27.06273102518348
            ],
            [
              84.40763767640017,
              27.06310572718387
            ],
            [
              84.40662974599013,
              27.063778281828025
            ],
            [
              84.40626686793786,
              27.063778421019386
            ],
            [
              84.40540491106653,
              27.063778557010917
            ],
            [
              84.40487071800136,
              27.06385539781178
            ],
            [
              84.40434148543319,
              27.064103685144882
            ],
            [
              84.4037568510665,
              27.06443324403513
            ],
            [
              84.40311168102946,
              27.06445589769349
            ],
            [
              84.40302616321104,
              27.064907210826604
            ],
            [
              84.40297083866763,
              27.065358414151557
            ],
            [
              84.40266331659979,
              27.065358466947536
            ],
            [
              84.40196766932861,
              27.065056275968214
            ],
            [
              84.40137790827657,
              27.06500675079776
            ],
            [
              84.40043039675595,
              27.06543113738627
            ],
            [
              84.39964919842868,
              27.065756155137155
            ],
            [
              84.39908980492483,
              27.066008945092182
            ],
            [
              84.39818247235189,
              27.06585113712211
            ],
            [
              84.39734568178328,
              27.065445192305244
            ],
            [
              84.39696746679412,
              27.06484059081535
            ],
            [
              84.39686652580062,
              27.064096009643627
            ],
            [
              84.39664974435625,
              27.063726066658983
            ],
            [
              84.39636740386246,
              27.063387658209496
            ],
            [
              84.39580788459449,
              27.063103428112854
            ],
            [
              84.39514249976858,
              27.06277866105954
            ],
            [
              84.39471407165,
              27.062674948928688
            ],
            [
              84.39441666191733,
              27.062661371237578
            ],
            [
              84.39398316280898,
              27.062792373929238
            ],
            [
              84.39333820028276,
              27.06362270498307
            ],
            [
              84.39310642326134,
              27.064128118753736
            ],
            [
              84.39287460401914,
              27.0644259933276
            ],
            [
              84.39239571573445,
              27.064737383755883
            ],
            [
              84.39171531017868,
              27.064827733334997
            ],
            [
              84.39055605496577,
              27.064994798070476
            ],
            [
              84.38992600088001,
              27.06527472129794
            ],
            [
              84.38959842392345,
              27.06554546934141
            ],
            [
              84.38949769133906,
              27.066050897644033
            ],
            [
              84.38933132963665,
              27.066258480351443
            ],
            [
              84.38921542630375,
              27.066272012010838
            ],
            [
              84.38905416433721,
              27.06627200481145
            ],
            [
              84.3888222642466,
              27.06607801380693
            ],
            [
              84.38862059336365,
              27.065929157206764
            ],
            [
              84.3879754197333,
              27.06588406966301
            ],
            [
              84.38761255335913,
              27.066150371005392
            ],
            [
              84.3871840803248,
              27.06638502962075
            ],
            [
              84.38678588770206,
              27.06666932739294
            ],
            [
              84.38627180432286,
              27.06707096577166
            ],
            [
              84.3858887393295,
              27.067486147023356
            ],
            [
              84.38562673040555,
              27.067914873397285
            ],
            [
              84.38529406269627,
              27.06844735861433
            ],
            [
              84.3848052246715,
              27.068993391031416
            ],
            [
              84.38372158694423,
              27.070509637675027
            ],
            [
              84.38343932729882,
              27.071100851898574
            ],
            [
              84.38332336916868,
              27.07120458663215
            ],
            [
              84.38307642229708,
              27.07126332707738
            ],
            [
              84.38276388044342,
              27.071308446053596
            ],
            [
              84.3822799723729,
              27.071385187306447
            ],
            [
              84.38122140482864,
              27.071114438166514
            ],
            [
              84.3801778984384,
              27.07050533500054
            ],
            [
              84.37940164713339,
              27.07003159104949
            ],
            [
              84.37890256831436,
              27.069896149334387
            ],
            [
              84.37837331418663,
              27.070063149724728
            ],
            [
              84.37761223991835,
              27.070609192670087
            ],
            [
              84.37713339744772,
              27.070654330307324
            ],
            [
              84.37663434827311,
              27.070564119806765
            ],
            [
              84.37613531257321,
              27.07059565513491
            ],
            [
              84.37577235007932,
              27.070848411781554
            ],
            [
              84.37554044729374,
              27.071186811312224
            ],
            [
              84.3751926339888,
              27.072193065001713
            ],
            [
              84.37482971102074,
              27.073560377108105
            ],
            [
              84.37462811379962,
              27.073916872091868
            ],
            [
              84.37438113458867,
              27.07403417333622
            ],
            [
              84.3741139603518,
              27.07403415173953
            ],
            [
              84.37371565813463,
              27.074020672209137
            ],
            [
              84.37318636178607,
              27.073962005197753
            ],
            [
              84.37232438784676,
              27.07376793791279
            ],
            [
              84.37194632736788,
              27.0735738470953
            ],
            [
              84.37171444344696,
              27.073190319772234
            ],
            [
              84.37161365426871,
              27.07275708061687
            ],
            [
              84.37159861736916,
              27.072089278390024
            ],
            [
              84.37130115822912,
              27.07152072400989
            ],
            [
              84.37069129916928,
              27.07098364917187
            ],
            [
              84.37027793489969,
              27.070523411991655
            ],
            [
              84.36986467303808,
              27.069855542065024
            ],
            [
              84.36974868616186,
              27.069517065724163
            ],
            [
              84.36931521400297,
              27.069187681758244
            ],
            [
              84.36881624657505,
              27.06904319361055
            ],
            [
              84.36757620856358,
              27.06893490696897
            ],
            [
              84.36684538685914,
              27.068727238826234
            ],
            [
              84.36251129858258,
              27.06880028864083
            ],
            [
              84.36240355285075,
              27.0714645233677
            ],
            [
              84.36204749840137,
              27.072680437889378
            ],
            [
              84.36124982856505,
              27.074461010162818
            ],
            [
              84.36053178180225,
              27.076283674844536
            ],
            [
              84.35983848272726,
              27.077479711946935
            ],
            [
              84.35925664391769,
              27.078005637762192
            ],
            [
              84.35732895633603,
              27.07875438172082
            ],
            [
              84.35587144697406,
              27.079439766282146
            ],
            [
              84.3558220063958,
              27.07948319670791
            ],
            [
              84.35433788893512,
              27.08078687828848
            ],
            [
              84.35336836599504,
              27.081508489641262
            ],
            [
              84.35309850399886,
              27.082053796982702
            ],
            [
              84.35279687667591,
              27.084163962766585
            ],
            [
              84.35288188874284,
              27.087621300199853
            ],
            [
              84.35284871216277,
              27.0902030527867
            ],
            [
              84.35283940292145,
              27.090927357054465
            ],
            [
              84.35284778240643,
              27.09099969661126
            ],
            [
              84.35204272123197,
              27.091796574695007
            ],
            [
              84.34984987792787,
              27.09309059207961
            ],
            [
              84.34881714413453,
              27.094135789654633
            ],
            [
              84.34855522414375,
              27.09605269801599
            ],
            [
              84.34782352478528,
              27.09630054295295
            ],
            [
              84.34555985920251,
              27.096745007047062
            ],
            [
              84.34400979282357,
              27.097067589227564
            ],
            [
              84.34251375921063,
              27.09744982486081
            ],
            [
              84.34184317224093,
              27.097883761050934
            ],
            [
              84.34141271572649,
              27.098257205149164
            ],
            [
              84.34138515631187,
              27.09828111390355
            ],
            [
              84.34090661387856,
              27.099120190632377
            ],
            [
              84.34059529642862,
              27.09992183228001
            ],
            [
              84.33995238565453,
              27.100676588150765
            ],
            [
              84.33963228717269,
              27.10078330872058
            ],
            [
              84.33897758870543,
              27.100757370096815
            ],
            [
              84.33815371591058,
              27.10063799525257
            ],
            [
              84.33727055520528,
              27.100467864867777
            ],
            [
              84.33731585994005,
              27.101109337899874
            ],
            [
              84.33833624189822,
              27.10421445521424
            ],
            [
              84.33892711596287,
              27.105660266954764
            ],
            [
              84.33970769085933,
              27.10739840039589
            ],
            [
              84.33887781372513,
              27.107743583194917
            ],
            [
              84.33776673605921,
              27.10825485998042
            ],
            [
              84.3365502572644,
              27.10874608372771
            ],
            [
              84.33489979157608,
              27.10946816024296
            ],
            [
              84.33422481274293,
              27.109870391249423
            ],
            [
              84.33389723937961,
              27.110928848903434
            ],
            [
              84.33419122742941,
              27.11107428414737
            ],
            [
              84.33472667723765,
              27.11145438097802
            ],
            [
              84.33486790677335,
              27.111876616610203
            ],
            [
              84.3346775340017,
              27.11246399112335
            ],
            [
              84.33443771616021,
              27.1127977879828
            ],
            [
              84.33421814814183,
              27.112915425923035
            ],
            [
              84.33331090540041,
              27.11311925164659
            ],
            [
              84.33314193858367,
              27.113228825310788
            ],
            [
              84.33337496426333,
              27.11403176121015
            ],
            [
              84.33368707133239,
              27.11405122166701
            ],
            [
              84.33446363704772,
              27.11404341285724
            ],
            [
              84.33503724728924,
              27.114090393642186
            ],
            [
              84.33536341928071,
              27.114367266912552
            ],
            [
              84.33557637929184,
              27.114741239719997
            ],
            [
              84.3358168870395,
              27.115016485824675
            ],
            [
              84.3359497236155,
              27.114942313944155
            ],
            [
              84.33635402029061,
              27.11468832707377
            ],
            [
              84.33663073104249,
              27.11449958764078
            ],
            [
              84.33707501622247,
              27.114259893235374
            ],
            [
              84.33752681491146,
              27.114128610092603
            ],
            [
              84.33799588640674,
              27.114119460374297
            ],
            [
              84.3387415788224,
              27.114138110030883
            ],
            [
              84.3390906937862,
              27.11429811362583
            ],
            [
              84.33927911092547,
              27.114644548886467
            ],
            [
              84.33936887957182,
              27.114898886074567
            ],
            [
              84.33945864821818,
              27.11515322428375
            ],
            [
              84.33942985900994,
              27.117647459667463
            ],
            [
              84.3392954449923,
              27.119065989744335
            ],
            [
              84.33909109443485,
              27.120244091863665
            ],
            [
              84.33901392106709,
              27.12158701275616
            ],
            [
              84.33877182509801,
              27.122868158774168
            ],
            [
              84.33835995921835,
              27.1238663806857
            ],
            [
              84.33892238902784,
              27.124174794778728
            ],
            [
              84.34041656402646,
              27.12495200373183
            ],
            [
              84.34147846162548,
              27.126099961678996
            ],
            [
              84.34188566524884,
              27.126576855962973
            ],
            [
              84.34240006663165,
              27.126785098821323
            ],
            [
              84.34303187961878,
              27.126932402670786
            ],
            [
              84.34364481361186,
              27.12702521091195
            ],
            [
              84.34440873014967,
              27.127129894818726
            ],
            [
              84.34492057762216,
              27.126901786639564
            ],
            [
              84.34543806381964,
              27.126671165162964
            ],
            [
              84.34576508292244,
              27.126487872169726
            ],
            [
              84.34629078421322,
              27.12621810930769
            ],
            [
              84.3467013816717,
              27.12633865692128
            ],
            [
              84.34826183437195,
              27.126661389661503
            ],
            [
              84.35080261405021,
              27.127106375986255
            ],
            [
              84.35229891086952,
              27.12715717128557
            ],
            [
              84.35337149842046,
              27.127001458603818
            ],
            [
              84.35353267774197,
              27.126580428936762
            ],
            [
              84.35517438665295,
              27.126236932838356
            ],
            [
              84.356015187301,
              27.1258602841327
            ],
            [
              84.35677821181176,
              27.12621752327094
            ],
            [
              84.35733508464291,
              27.12633628399468
            ],
            [
              84.35836151136466,
              27.126427791139808
            ],
            [
              84.35899276110806,
              27.126385534204047
            ],
            [
              84.35913823428515,
              27.126825530347453
            ],
            [
              84.35940701381143,
              27.12763847426987
            ],
            [
              84.35924670226244,
              27.128023438094935
            ],
            [
              84.35871937322437,
              27.128148855059063
            ],
            [
              84.35773479272352,
              27.128635596683992
            ],
            [
              84.35665227339881,
              27.128998679184022
            ],
            [
              84.35552268774312,
              27.129433047090284
            ],
            [
              84.35485347968736,
              27.13001593789793
            ],
            [
              84.35446406180834,
              27.13070786095444
            ],
            [
              84.35437438479016,
              27.131518219160412
            ],
            [
              84.3542454486991,
              27.132282724009475
            ],
            [
              84.35401760809528,
              27.13339273821542
            ],
            [
              84.35354318623418,
              27.133839442153512
            ],
            [
              84.35225744643265,
              27.134478358319996
            ],
            [
              84.35120062790818,
              27.135031355698803
            ],
            [
              84.35141758811731,
              27.135667044922016
            ],
            [
              84.35191967629254,
              27.137255502704367
            ],
            [
              84.35209111078134,
              27.13811138916092
            ],
            [
              84.35219925716179,
              27.138871341029756
            ],
            [
              84.35273104723358,
              27.138773102604574
            ],
            [
              84.3533902696166,
              27.138830654049734
            ],
            [
              84.35348569315768,
              27.138832455130004
            ],
            [
              84.35358180301161,
              27.138834266602633
            ],
            [
              84.35393977536413,
              27.138836507360683
            ],
            [
              84.35500822617317,
              27.138861166887892
            ],
            [
              84.35549852216366,
              27.13881176069186
            ],
            [
              84.35628917166602,
              27.138641696344873
            ],
            [
              84.35682254906094,
              27.138475800697776
            ],
            [
              84.35759218517217,
              27.13834142265286
            ],
            [
              84.35848432813195,
              27.138358221616063
            ],
            [
              84.35990140971289,
              27.138353316389438
            ],
            [
              84.36086056339964,
              27.13830820284359
            ],
            [
              84.36098610026565,
              27.138266509190977
            ],
            [
              84.36129763780279,
              27.13816303563863
            ],
            [
              84.36211263164938,
              27.13802948621625
            ],
            [
              84.36269386229942,
              27.13797274177319
            ],
            [
              84.36352922634337,
              27.13783054318369
            ],
            [
              84.36396189091683,
              27.1376582157773
            ],
            [
              84.36473218998475,
              27.137280193757928
            ],
            [
              84.36546491072772,
              27.136784166026022
            ],
            [
              84.36615434255546,
              27.136413641317805
            ],
            [
              84.36687024234473,
              27.135989471736284
            ],
            [
              84.36760262891441,
              27.13550695917321
            ],
            [
              84.36841304314964,
              27.134922143154313
            ],
            [
              84.36890261060644,
              27.134687708083426
            ],
            [
              84.36926126298363,
              27.13466934965281
            ],
            [
              84.36948318907962,
              27.134657991151858
            ],
            [
              84.36990899771084,
              27.134562209714996
            ],
            [
              84.37062724479793,
              27.134467397923455
            ],
            [
              84.3713310838062,
              27.13455727873956
            ],
            [
              84.37206927888248,
              27.134471855631173
            ],
            [
              84.37268870230518,
              27.134506011931354
            ],
            [
              84.3732499400503,
              27.13465637467588
            ],
            [
              84.37354708208505,
              27.134887508115234
            ],
            [
              84.37383912079065,
              27.134689960116795
            ],
            [
              84.37457781083866,
              27.134529852183267
            ],
            [
              84.37462468313358,
              27.134519692036285
            ],
            [
              84.37549917599466,
              27.134427778199473
            ],
            [
              84.37572982473205,
              27.134337105027885
            ],
            [
              84.37679182833232,
              27.133919602170614
            ],
            [
              84.37754706085627,
              27.133320163836512
            ],
            [
              84.3783390407636,
              27.132658247831134
            ],
            [
              84.37881568056514,
              27.132112246001693
            ],
            [
              84.37940122133196,
              27.131220894762233
            ],
            [
              84.37971036935048,
              27.13072138802545
            ],
            [
              84.37991137458181,
              27.129886013171312
            ],
            [
              84.38028593073278,
              27.129392235953592
            ],
            [
              84.38077105063061,
              27.128914056110933
            ],
            [
              84.38116239719257,
              27.12856495477703
            ],
            [
              84.3818640137688,
              27.12831638339705
            ],
            [
              84.38248582760849,
              27.128030227376748
            ],
            [
              84.38333727329265,
              27.12784309025111
            ],
            [
              84.38412697686906,
              27.127708933678008
            ],
            [
              84.38464588420133,
              27.127511078782312
            ],
            [
              84.38516688820148,
              27.12722303068988
            ],
            [
              84.38574524244602,
              27.12837069190115
            ],
            [
              84.3861927552728,
              27.128885233068438
            ],
            [
              84.38646713759151,
              27.129200711145526
            ],
            [
              84.38698375242318,
              27.129535156014192
            ],
            [
              84.38750570504429,
              27.129206515392717
            ],
            [
              84.38809768313843,
              27.128685180865727
            ],
            [
              84.38868997115134,
              27.128150318126913
            ],
            [
              84.38915666211112,
              27.127378519204203
            ],
            [
              84.38995924303711,
              27.126689659222937
            ],
            [
              84.39057167217699,
              27.126155161108386
            ],
            [
              84.39143525320233,
              27.125661419385388
            ],
            [
              84.39247996513166,
              27.125401122330874
            ],
            [
              84.39251925025566,
              27.12600428164414
            ],
            [
              84.39252085824003,
              27.12602897518239
            ],
            [
              84.39249213281218,
              27.12661493303222
            ],
            [
              84.39229349733655,
              27.126918022075568
            ],
            [
              84.39217162829186,
              27.127389461107732
            ],
            [
              84.39207055973756,
              27.128050768709265
            ],
            [
              84.39217460980029,
              27.129433210983986
            ],
            [
              84.3922846426428,
              27.13077515971539
            ],
            [
              84.39238449218328,
              27.132121431823006
            ],
            [
              84.39243717028984,
              27.133110422177708
            ],
            [
              84.39244297340659,
              27.13351205013609
            ],
            [
              84.39246210303058,
              27.133774070313528
            ],
            [
              84.39218295604759,
              27.134720801057625
            ],
            [
              84.3917560478785,
              27.135515905683643
            ],
            [
              84.39155016659181,
              27.136130148947373
            ],
            [
              84.39147365168917,
              27.136896488125586
            ],
            [
              84.39137931331294,
              27.13784132737785
            ],
            [
              84.3916093413145,
              27.138793009626568
            ],
            [
              84.3919795379414,
              27.1393548023607
            ],
            [
              84.39329652743673,
              27.139970278798607
            ],
            [
              84.39398384103701,
              27.140122902904817
            ],
            [
              84.39566754079765,
              27.14058275728868
            ],
            [
              84.39655784670268,
              27.14068048810251
            ],
            [
              84.39755654063497,
              27.140888499247712
            ],
            [
              84.3984977801183,
              27.14096460525444
            ],
            [
              84.39918309766203,
              27.140986333716082
            ],
            [
              84.3997588027748,
              27.141168440617665
            ],
            [
              84.40004291205139,
              27.14153011385304
            ],
            [
              84.40033068825099,
              27.142604667354526
            ],
            [
              84.40033253159393,
              27.143831820772807
            ],
            [
              84.40009077159479,
              27.145343197034112
            ],
            [
              84.39955853595862,
              27.14611381598035
            ],
            [
              84.39871764637735,
              27.14692833586564
            ],
            [
              84.39773233644449,
              27.14766347508037
            ],
            [
              84.39657580761848,
              27.148169855638784
            ],
            [
              84.39553741623547,
              27.148595504144012
            ],
            [
              84.3954913093052,
              27.148614403042025
            ],
            [
              84.39426628304045,
              27.14902926274348
            ],
            [
              84.3932258794312,
              27.14952874921914
            ],
            [
              84.39231213198882,
              27.15022006310123
            ],
            [
              84.39144081107901,
              27.151038480146163
            ],
            [
              84.39111316225721,
              27.15146548536594
            ],
            [
              84.3907225532121,
              27.152166821913205
            ],
            [
              84.3899816146809,
              27.153497141930206
            ],
            [
              84.38967622790852,
              27.154267425680732
            ],
            [
              84.3889357295518,
              27.155746929644486
            ],
            [
              84.38888397221841,
              27.156670812881597
            ],
            [
              84.38927818710107,
              27.158803042246273
            ],
            [
              84.38949172472894,
              27.159379970808583
            ],
            [
              84.39013687410477,
              27.161349947339158
            ],
            [
              84.39018575682924,
              27.16293437390734
            ],
            [
              84.39020607672096,
              27.16323279520765
            ],
            [
              84.39025342602126,
              27.163928150723912
            ],
            [
              84.39058945073477,
              27.164660747606128
            ],
            [
              84.390902678003,
              27.165072607356745
            ],
            [
              84.39090321609383,
              27.16548315805839
            ],
            [
              84.39100020360182,
              27.166734632818066
            ],
            [
              84.39124441779832,
              27.166860986175298
            ],
            [
              84.39167285490005,
              27.166656918762893
            ],
            [
              84.39210213102821,
              27.16641677593251
            ],
            [
              84.39245441524835,
              27.16623384703081
            ],
            [
              84.39298695271847,
              27.166324956266926
            ],
            [
              84.39355931520004,
              27.166655910952592
            ],
            [
              84.39392990439073,
              27.1669876239093
            ],
            [
              84.39437044988419,
              27.16734770464932
            ],
            [
              84.39498546078218,
              27.167580196252683
            ],
            [
              84.3957148649451,
              27.16788247888926
            ],
            [
              84.3961869116606,
              27.167972452707062
            ],
            [
              84.39686161291432,
              27.16845868601491
            ],
            [
              84.39761405976262,
              27.169072678644856
            ],
            [
              84.39825588627018,
              27.16945452992957
            ],
            [
              84.39859057698546,
              27.16981263510071
            ],
            [
              84.39872980597303,
              27.17033403509657
            ],
            [
              84.39857630724717,
              27.171080088953286
            ],
            [
              84.39830980225521,
              27.17203121233959
            ],
            [
              84.3982359517557,
              27.17254658420009
            ],
            [
              84.3981621012562,
              27.17306195527933
            ],
            [
              84.39787549196816,
              27.17367470386295
            ],
            [
              84.39741763773586,
              27.174058700339238
            ],
            [
              84.39511622494484,
              27.175631051186652
            ],
            [
              84.39377199673348,
              27.176386545105974
            ],
            [
              84.39265926886239,
              27.176947825922078
            ],
            [
              84.39157394320074,
              27.17741486878885
            ],
            [
              84.39077224531869,
              27.178266142628797
            ],
            [
              84.39064619910792,
              27.178913444083246
            ],
            [
              84.39056890087434,
              27.179850382649228
            ],
            [
              84.39056827474859,
              27.18009398872804
            ],
            [
              84.39037498694385,
              27.18037912199019
            ],
            [
              84.39000059967614,
              27.18107593535918
            ],
            [
              84.38972716418174,
              27.18220321204993
            ],
            [
              84.38940182403024,
              27.18274303494572
            ],
            [
              84.38868190428009,
              27.18311309432718
            ],
            [
              84.38778591383591,
              27.18346182304449
            ],
            [
              84.38695663138644,
              27.183545613697717
            ],
            [
              84.38631056033917,
              27.183560635069693
            ],
            [
              84.38588510294923,
              27.183417355806633
            ],
            [
              84.38561113205895,
              27.183267880966888
            ],
            [
              84.38545608284089,
              27.182994302056066
            ],
            [
              84.3854673270533,
              27.182944885814862
            ],
            [
              84.3856985498142,
              27.18276423186924
            ],
            [
              84.38624304116578,
              27.18234580164832
            ],
            [
              84.38666955497447,
              27.18201088677158
            ],
            [
              84.38723042710525,
              27.181538621788366
            ],
            [
              84.38758308412625,
              27.18112563291629
            ],
            [
              84.387900863158,
              27.18069394723024
            ],
            [
              84.38805970057159,
              27.180372084966645
            ],
            [
              84.38771220077865,
              27.18013101429941
            ],
            [
              84.3867688628308,
              27.179914926009456
            ],
            [
              84.38579496240038,
              27.17971179505963
            ],
            [
              84.38529619439842,
              27.179684445117122
            ],
            [
              84.38478376391933,
              27.179810226827932
            ],
            [
              84.38454067171861,
              27.180067354090816
            ],
            [
              84.38418043022169,
              27.18080501611824
            ],
            [
              84.38376870627584,
              27.18158682880255
            ],
            [
              84.38371194622462,
              27.18228955118946
            ],
            [
              84.38369563102243,
              27.182988517384345
            ],
            [
              84.38401684700845,
              27.183707316687045
            ],
            [
              84.38435708841389,
              27.184259550150394
            ],
            [
              84.38488253098987,
              27.1850904343067
            ],
            [
              84.38511773418577,
              27.185388066011978
            ],
            [
              84.38538961289977,
              27.18541118502149
            ],
            [
              84.3858739045509,
              27.185627745310335
            ],
            [
              84.38620334371505,
              27.18599480417907
            ],
            [
              84.38654422831422,
              27.186736523854574
            ],
            [
              84.38674393098843,
              27.18704251422614
            ],
            [
              84.38704449290945,
              27.187133835009
            ],
            [
              84.38771243434063,
              27.18726358607992
            ],
            [
              84.38770525500486,
              27.187360751856197
            ],
            [
              84.3876608413989,
              27.18796189464536
            ],
            [
              84.38841408595117,
              27.188977472188494
            ],
            [
              84.38894871829251,
              27.189632570160413
            ],
            [
              84.3891329924017,
              27.18973525530782
            ],
            [
              84.38961940856846,
              27.18964506571313
            ],
            [
              84.38982038685036,
              27.18989693813813
            ],
            [
              84.39000423964967,
              27.1902342088992
            ],
            [
              84.39023295521257,
              27.19059487224563
            ],
            [
              84.39057702613607,
              27.190984751360887
            ],
            [
              84.39088926435917,
              27.191008612318328
            ],
            [
              84.39179287880513,
              27.190984832064018
            ],
            [
              84.39257284374553,
              27.191071531166376
            ],
            [
              84.39303489760182,
              27.191161335269477
            ],
            [
              84.3940652248085,
              27.19132937797679
            ],
            [
              84.39456142901861,
              27.191469438142963
            ],
            [
              84.39510776011993,
              27.191840511315828
            ],
            [
              84.39572440415512,
              27.192659522164416
            ],
            [
              84.39602260171031,
              27.193287642624338
            ],
            [
              84.39629379500975,
              27.193775406814826
            ],
            [
              84.39646800798776,
              27.19409444502723
            ],
            [
              84.39910196362221,
              27.194446610339067
            ],
            [
              84.39939959434044,
              27.193792230998213
            ],
            [
              84.39964665080652,
              27.192740881656682
            ],
            [
              84.39989366325516,
              27.19198273302551
            ],
            [
              84.40012569360145,
              27.19140511401171
            ]
          ]
        ]
      }
    }
  ]
}