{
  "type": "FeatureCollection",
  "features": [
    {
      "type": "Feature",
      "properties": {
        "object_id": "10-210-01122",
        "stname": "BIHAR",
        "dtname": "Kishanganj",
        "sdtname": "Dighalbank",
        "st_area_sh": 0.0,
        "st_length_": 0.0,
        "remarks": "",
        "dist_lgd": 203,
        "state_lgd": 10,
        "subdt_lgd": 1122,
        "ac_no": null,
        "st_length(shape)": 147432.83262190674,
        "st_area(shape)": 314385668.4331173
      },
      "geometry": {
        "type": "Polygon",
        "coordinates": [
          [
            [
              87.90650264357205,
              26.464299337792255
            ],
            [
              87.90737869141692,
              26.462514256845605
            ],
            [
              87.90874427527756,
              26.459731544277652
            ],
            [
              87.90967206787938,
              26.457840861754544
            ],
            [
              87.90980831625686,
              26.457563216202367
            ],
            [
              87.90799008479928,
              26.456091380077286
            ],
            [
              87.9076924693524,
              26.455868286859832
            ],
            [
              87.90549392084793,
              26.45410473293529
            ],
            [
              87.9052396239607,
              26.453903441648276
            ],
            [
              87.90522462209543,
              26.45389156762043
            ],
            [
              87.9038305373858,
              26.452788048967037
            ],
            [
              87.90362205996794,
              26.45262302207771
            ],
            [
              87.90357861474585,
              26.452587784032882
            ],
            [
              87.90092155983216,
              26.45043265236064
            ],
            [
              87.8993030265572,
              26.449154657735363
            ],
            [
              87.89912866356056,
              26.449016965857695
            ],
            [
              87.89889311092001,
              26.448830967312226
            ],
            [
              87.89873938492039,
              26.448709595736062
            ],
            [
              87.89941314833297,
              26.44867302297775
            ],
            [
              87.90401047892034,
              26.448273507142428
            ],
            [
              87.90595957425357,
              26.448124195354904
            ],
            [
              87.90803164086434,
              26.447944501861006
            ],
            [
              87.90874066944001,
              26.447883022986694
            ],
            [
              87.91332746817902,
              26.44751838127842
            ],
            [
              87.91523386658679,
              26.447350868785975
            ],
            [
              87.91663909130426,
              26.44722737631421
            ],
            [
              87.91701612500877,
              26.447194240673262
            ],
            [
              87.92076893682119,
              26.44686436687725
            ],
            [
              87.9230134691867,
              26.446667023337668
            ],
            [
              87.92405407132367,
              26.44668190299717
            ],
            [
              87.92439909356301,
              26.44609772531752
            ],
            [
              87.9251427252434,
              26.44483865727767
            ],
            [
              87.92527665956072,
              26.443958187103743
            ],
            [
              87.92539829055185,
              26.443158607374137
            ],
            [
              87.92546350105498,
              26.4427299306108
            ],
            [
              87.92560676527478,
              26.44178809973492
            ],
            [
              87.92566601276104,
              26.441398610283773
            ],
            [
              87.9253146052966,
              26.43964393526804
            ],
            [
              87.92453355698802,
              26.438469908005153
            ],
            [
              87.92423584901465,
              26.438279411315364
            ],
            [
              87.92346857457429,
              26.437788444660736
            ],
            [
              87.9233843584147,
              26.43773455601686
            ],
            [
              87.92256518111384,
              26.43717152496094
            ],
            [
              87.92250286498259,
              26.437128692934312
            ],
            [
              87.92201776664432,
              26.43679527439421
            ],
            [
              87.92161051091871,
              26.43668616169312
            ],
            [
              87.92158892530075,
              26.436680378232037
            ],
            [
              87.92122669942535,
              26.436583328655193
            ],
            [
              87.92090697643934,
              26.436477131620496
            ],
            [
              87.92035035693308,
              26.436292267111554
            ],
            [
              87.91992733218096,
              26.436151764641856
            ],
            [
              87.91940785262183,
              26.43597922433094
            ],
            [
              87.91903060332162,
              26.435853921877033
            ],
            [
              87.91881821643562,
              26.435706420745436
            ],
            [
              87.91880286782069,
              26.435695758655033
            ],
            [
              87.91800730543203,
              26.435143270383733
            ],
            [
              87.91800724973648,
              26.43514323579513
            ],
            [
              87.91777081495032,
              26.434979037886762
            ],
            [
              87.91760439934899,
              26.434863465031945
            ],
            [
              87.91750237678387,
              26.4347375009613
            ],
            [
              87.91730241359825,
              26.434490607894613
            ],
            [
              87.91713328418645,
              26.43428178539481
            ],
            [
              87.91683344001935,
              26.433911567204447
            ],
            [
              87.9167784020385,
              26.433843611893312
            ],
            [
              87.91628392079713,
              26.43323306766245
            ],
            [
              87.9161227783065,
              26.432465144075202
            ],
            [
              87.91599011690197,
              26.43183294668825
            ],
            [
              87.91645512082563,
              26.431108916315303
            ],
            [
              87.9168084767359,
              26.430558713932257
            ],
            [
              87.91684193179374,
              26.430506631045592
            ],
            [
              87.9180694221373,
              26.42987260492009
            ],
            [
              87.91876785238922,
              26.429692882960587
            ],
            [
              87.91993183363884,
              26.429393354319256
            ],
            [
              87.92141989021205,
              26.429252823328508
            ],
            [
              87.92320878359072,
              26.42908385802833
            ],
            [
              87.9236877401474,
              26.428821576966698
            ],
            [
              87.92416401074136,
              26.42860145399232
            ],
            [
              87.92444649137234,
              26.428523259145802
            ],
            [
              87.92474750514597,
              26.428439931962508
            ],
            [
              87.9257361343538,
              26.428094944635838
            ],
            [
              87.92582670339907,
              26.428063352031764
            ],
            [
              87.92652801724306,
              26.426611743261223
            ],
            [
              87.92673044540582,
              26.426192743603362
            ],
            [
              87.92684618704199,
              26.424444733717756
            ],
            [
              87.92684105137349,
              26.42440850963404
            ],
            [
              87.92670493504838,
              26.423448352878168
            ],
            [
              87.926621787884,
              26.42286183465979
            ],
            [
              87.92655919596994,
              26.42242030331098
            ],
            [
              87.92652876464138,
              26.422205643383123
            ],
            [
              87.9264305949505,
              26.421513133277042
            ],
            [
              87.92650437897466,
              26.41973583966743
            ],
            [
              87.9266524806223,
              26.418561949934013
            ],
            [
              87.9268568796888,
              26.41802478502942
            ],
            [
              87.92694196092599,
              26.417801203782012
            ],
            [
              87.92727514606487,
              26.417692711881635
            ],
            [
              87.9280953636148,
              26.417425666343284
            ],
            [
              87.92843759838186,
              26.417405188342673
            ],
            [
              87.9289988801444,
              26.417371630608685
            ],
            [
              87.92966531959244,
              26.417514990254904
            ],
            [
              87.93034310296589,
              26.417953233059702
            ],
            [
              87.93056877683325,
              26.41809915835507
            ],
            [
              87.93074012777878,
              26.418089452802107
            ],
            [
              87.93094024996618,
              26.41807814306439
            ],
            [
              87.93229013756385,
              26.41800176328719
            ],
            [
              87.93324015089257,
              26.41742020613345
            ],
            [
              87.93972051470719,
              26.41364566301478
            ],
            [
              87.93980823968629,
              26.41359456689579
            ],
            [
              87.93975461385709,
              26.413566215016502
            ],
            [
              87.93959704037309,
              26.413472109897974
            ],
            [
              87.9392855432601,
              26.413286079731122
            ],
            [
              87.9383120497665,
              26.4130292416578
            ],
            [
              87.93701937317432,
              26.412625104058602
            ],
            [
              87.93643253613855,
              26.412397072864422
            ],
            [
              87.93625430858957,
              26.412707058051854
            ],
            [
              87.93598493168365,
              26.412982707818077
            ],
            [
              87.93557511216618,
              26.413252038075232
            ],
            [
              87.9350794972509,
              26.413495785828776
            ],
            [
              87.93437386520533,
              26.413545145800448
            ],
            [
              87.93290567038304,
              26.4135726867117
            ],
            [
              87.93131965791801,
              26.413489574799414
            ],
            [
              87.9303637022337,
              26.41333616387725
            ],
            [
              87.9298064970259,
              26.413089471973514
            ],
            [
              87.92874697277583,
              26.412577178999527
            ],
            [
              87.92792626474574,
              26.412204661715162
            ],
            [
              87.92785127158918,
              26.411777648693377
            ],
            [
              87.927904750993,
              26.410838597289487
            ],
            [
              87.9275372996176,
              26.410123821095905
            ],
            [
              87.92799550329455,
              26.409344140142437
            ],
            [
              87.92851194744634,
              26.408915035916344
            ],
            [
              87.92881918295164,
              26.40876045228372
            ],
            [
              87.9293970763604,
              26.40817237090872
            ],
            [
              87.93057566241994,
              26.406896574073798
            ],
            [
              87.93145824820341,
              26.405829226392395
            ],
            [
              87.93208951501484,
              26.404946972980497
            ],
            [
              87.93337304675738,
              26.40388118589996
            ],
            [
              87.93376212327662,
              26.403364199794986
            ],
            [
              87.9337854336599,
              26.402854175288194
            ],
            [
              87.93404659277765,
              26.402226879822315
            ],
            [
              87.93429897086345,
              26.402086858040303
            ],
            [
              87.934882069111,
              26.40194063731121
            ],
            [
              87.93591054129664,
              26.40176351177948
            ],
            [
              87.93746829725441,
              26.40128333974803
            ],
            [
              87.93826969420084,
              26.401042747679092
            ],
            [
              87.93876592625872,
              26.400826035600392
            ],
            [
              87.93964671361502,
              26.40033591686578
            ],
            [
              87.93980836634873,
              26.399742127938758
            ],
            [
              87.93987231112558,
              26.39904184213453
            ],
            [
              87.93980441106652,
              26.397843553353894
            ],
            [
              87.93989924441443,
              26.397174305113708
            ],
            [
              87.94005871693693,
              26.396490257784038
            ],
            [
              87.94055825838834,
              26.395768299629175
            ],
            [
              87.94055146532818,
              26.395475348718474
            ],
            [
              87.94066386972302,
              26.39491850924208
            ],
            [
              87.94051316116445,
              26.39447037725812
            ],
            [
              87.94016700884444,
              26.394025817893063
            ],
            [
              87.93991781259139,
              26.393656197905624
            ],
            [
              87.93893894268078,
              26.39315599426145
            ],
            [
              87.93873312876771,
              26.391847439948595
            ],
            [
              87.93886834677754,
              26.39119096927064
            ],
            [
              87.93889109930706,
              26.390874869347574
            ],
            [
              87.93908785999871,
              26.390284909601757
            ],
            [
              87.93916803912937,
              26.38985037761107
            ],
            [
              87.93941751386019,
              26.389372149281943
            ],
            [
              87.93985262005458,
              26.389115975785597
            ],
            [
              87.94074619403062,
              26.389175863706036
            ],
            [
              87.94138827206648,
              26.389199888231254
            ],
            [
              87.941950981252,
              26.389261475648144
            ],
            [
              87.94248357531596,
              26.389319062838688
            ],
            [
              87.94254788660548,
              26.38949827716563
            ],
            [
              87.94291643392553,
              26.389613114110844
            ],
            [
              87.94307916823082,
              26.3894973437081
            ],
            [
              87.94334439222519,
              26.38905036394705
            ],
            [
              87.94361626644763,
              26.38888740726709
            ],
            [
              87.94388019507136,
              26.388814761332938
            ],
            [
              87.94440315200896,
              26.38866962383199
            ],
            [
              87.9447274896406,
              26.388609471703788
            ],
            [
              87.94484145171417,
              26.38812025066626
            ],
            [
              87.94463575907368,
              26.387465625746717
            ],
            [
              87.94507926541426,
              26.38735354202625
            ],
            [
              87.94510087888003,
              26.38720883321443
            ],
            [
              87.94521238855287,
              26.387044447163998
            ],
            [
              87.94573730561441,
              26.386989479014833
            ],
            [
              87.94607408581108,
              26.386816217357584
            ],
            [
              87.94649016568773,
              26.38638900981044
            ],
            [
              87.94643649494276,
              26.38580366480907
            ],
            [
              87.94613457566734,
              26.385322323910774
            ],
            [
              87.94602441975562,
              26.38489147503664
            ],
            [
              87.94561211998966,
              26.38440312587769
            ],
            [
              87.94491098401211,
              26.38442532383098
            ],
            [
              87.94436790301552,
              26.384345340683808
            ],
            [
              87.94421742622227,
              26.38391073886435
            ],
            [
              87.94456880673725,
              26.38371923384857
            ],
            [
              87.94503244881494,
              26.383182848313176
            ],
            [
              87.94619686664579,
              26.382822696926894
            ],
            [
              87.94681773186451,
              26.382585518778036
            ],
            [
              87.9472889260788,
              26.38237373014637
            ],
            [
              87.94877167091374,
              26.38234575527042
            ],
            [
              87.94881019336808,
              26.381844428281845
            ],
            [
              87.94877093878677,
              26.381236332958405
            ],
            [
              87.94868015594247,
              26.38056158606213
            ],
            [
              87.94848898277189,
              26.37988420764495
            ],
            [
              87.94814992265106,
              26.379529760675993
            ],
            [
              87.94646716522318,
              26.378497130145092
            ],
            [
              87.94576067528654,
              26.378284891387295
            ],
            [
              87.94555295874169,
              26.37797313497637
            ],
            [
              87.94506809037215,
              26.377594407335348
            ],
            [
              87.94450370762522,
              26.37724422194816
            ],
            [
              87.94350025711351,
              26.377195473384905
            ],
            [
              87.94201805575935,
              26.377245849233802
            ],
            [
              87.9410193357759,
              26.377399960806542
            ],
            [
              87.94049553981185,
              26.377499996042406
            ],
            [
              87.9399473186552,
              26.377848513137902
            ],
            [
              87.93960725331956,
              26.378310349886373
            ],
            [
              87.93911261487298,
              26.37859027711743
            ],
            [
              87.9384125487889,
              26.378874006250044
            ],
            [
              87.93791475006914,
              26.37901858627768
            ],
            [
              87.93713781424789,
              26.379010610929633
            ],
            [
              87.93577561434097,
              26.37883319671547
            ],
            [
              87.934120069578,
              26.378977049274816
            ],
            [
              87.93286780639383,
              26.379000462680725
            ],
            [
              87.93233731618425,
              26.379032919368996
            ],
            [
              87.93181605885918,
              26.379245638008754
            ],
            [
              87.9312932276857,
              26.37939073101787
            ],
            [
              87.93054728194514,
              26.37986015623401
            ],
            [
              87.93027855272453,
              26.380158342353212
            ],
            [
              87.92988301821674,
              26.380391295623973
            ],
            [
              87.92946499708074,
              26.38073731083287
            ],
            [
              87.92888825621046,
              26.380933031320065
            ],
            [
              87.92815912333872,
              26.38082936312789
            ],
            [
              87.92802526627656,
              26.38002009327449
            ],
            [
              87.92816853408964,
              26.3792823398213
            ],
            [
              87.92826686727392,
              26.378766379913984
            ],
            [
              87.92834064590821,
              26.378052416739735
            ],
            [
              87.92830641470597,
              26.377439643338292
            ],
            [
              87.92880807797809,
              26.376591494259046
            ],
            [
              87.9291614608378,
              26.37605264111259
            ],
            [
              87.92946240184789,
              26.3754111602514
            ],
            [
              87.9296136592771,
              26.375020462387038
            ],
            [
              87.93000288401834,
              26.374296105275192
            ],
            [
              87.93061824885261,
              26.373382668916395
            ],
            [
              87.93132848206903,
              26.372674809242312
            ],
            [
              87.93197735586001,
              26.37213052940179
            ],
            [
              87.93282340536429,
              26.37144266531786
            ],
            [
              87.9337218967182,
              26.370857606759603
            ],
            [
              87.93447669805083,
              26.370775800925493
            ],
            [
              87.9351069686306,
              26.370944425847004
            ],
            [
              87.9359342119044,
              26.37117692364867
            ],
            [
              87.93646387027398,
              26.37132937490041
            ],
            [
              87.93739230427295,
              26.37160508805591
            ],
            [
              87.93793896775088,
              26.371842892367628
            ],
            [
              87.93853008885225,
              26.37226479035607
            ],
            [
              87.9390121823259,
              26.372526321909167
            ],
            [
              87.9397255273065,
              26.37238662869706
            ],
            [
              87.94027470876217,
              26.37208319839434
            ],
            [
              87.94073322864612,
              26.371754436129475
            ],
            [
              87.94119748966305,
              26.371249617697412
            ],
            [
              87.9416840217125,
              26.370401634050275
            ],
            [
              87.94204227793266,
              26.3696462051938
            ],
            [
              87.94217608019758,
              26.368714724378936
            ],
            [
              87.94281456317569,
              26.368589966998705
            ],
            [
              87.94390100005333,
              26.368330508690416
            ],
            [
              87.94488945768296,
              26.368172104812178
            ],
            [
              87.94516844386749,
              26.36745431990521
            ],
            [
              87.94546164409476,
              26.36713311660126
            ],
            [
              87.94626066499725,
              26.366797890084303
            ],
            [
              87.9473312852377,
              26.366723631800575
            ],
            [
              87.94836484278618,
              26.366780863208636
            ],
            [
              87.94915962274221,
              26.366914718288225
            ],
            [
              87.95012134830563,
              26.367113032914066
            ],
            [
              87.95161869795044,
              26.367071291221176
            ],
            [
              87.95309149304526,
              26.367057037132266
            ],
            [
              87.95447973960385,
              26.366634015054746
            ],
            [
              87.9549009659288,
              26.366432109102373
            ],
            [
              87.9550055433026,
              26.36532974404746
            ],
            [
              87.95494543163706,
              26.364469465903777
            ],
            [
              87.95486353672416,
              26.36417793510611
            ],
            [
              87.95481124040158,
              26.36365570531678
            ],
            [
              87.95453997074534,
              26.36319639288746
            ],
            [
              87.95384848357224,
              26.36276740773325
            ],
            [
              87.95333919719663,
              26.362628166344074
            ],
            [
              87.95238258664047,
              26.3626462748011
            ],
            [
              87.95195337698762,
              26.36250552972634
            ],
            [
              87.95133554987119,
              26.36244052495779
            ],
            [
              87.95020099922691,
              26.362349119636935
            ],
            [
              87.94941757667098,
              26.362273648739155
            ],
            [
              87.94868371237267,
              26.362174741664507
            ],
            [
              87.94816175885326,
              26.361923004820525
            ],
            [
              87.94783354409286,
              26.361383487655385
            ],
            [
              87.94762743104079,
              26.361139357025248
            ],
            [
              87.94718430199262,
              26.361043893159984
            ],
            [
              87.94671822727712,
              26.361039135378544
            ],
            [
              87.94580752781847,
              26.360875881620487
            ],
            [
              87.94487253342301,
              26.360749141348236
            ],
            [
              87.94402426058842,
              26.36046746369454
            ],
            [
              87.94325027213964,
              26.360369282711254
            ],
            [
              87.94238416864496,
              26.359966077205836
            ],
            [
              87.9419097261226,
              26.359600717309686
            ],
            [
              87.94105673713275,
              26.359116141766673
            ],
            [
              87.94018706013992,
              26.358564149729958
            ],
            [
              87.93959809319858,
              26.358228001681596
            ],
            [
              87.93875348459207,
              26.358104001685977
            ],
            [
              87.93804640356392,
              26.358081157152238
            ],
            [
              87.93735088026025,
              26.357904804701793
            ],
            [
              87.93641833916382,
              26.357877194972854
            ],
            [
              87.93575950215804,
              26.357772297904845
            ],
            [
              87.93513930708251,
              26.357603533834425
            ],
            [
              87.93478710999896,
              26.35754247528338
            ],
            [
              87.93430392327562,
              26.357231334231955
            ],
            [
              87.93354178540203,
              26.356555564167536
            ],
            [
              87.93322021817474,
              26.356083481372814
            ],
            [
              87.93291728290473,
              26.35554799305929
            ],
            [
              87.93287549507434,
              26.354389695374458
            ],
            [
              87.9331431499099,
              26.353397064702936
            ],
            [
              87.93331908495826,
              26.352987874970232
            ],
            [
              87.9336742186345,
              26.352525735800548
            ],
            [
              87.93428310032733,
              26.351991200193147
            ],
            [
              87.9346200637803,
              26.351394012113037
            ],
            [
              87.93595978783881,
              26.351481736113364
            ],
            [
              87.93682250288823,
              26.35174061321254
            ],
            [
              87.93760384135268,
              26.35194245224914
            ],
            [
              87.93823869334038,
              26.352097474970606
            ],
            [
              87.94057346237454,
              26.351882281807384
            ],
            [
              87.94135681486185,
              26.351957798125724
            ],
            [
              87.94229182003713,
              26.352089071133374
            ],
            [
              87.94282366310951,
              26.35212412012139
            ],
            [
              87.9430962065768,
              26.351992718358947
            ],
            [
              87.94316455130193,
              26.351265369766796
            ],
            [
              87.94337097067951,
              26.350878197380386
            ],
            [
              87.94378117198094,
              26.350631463015908
            ],
            [
              87.94441557840427,
              26.350335373356025
            ],
            [
              87.9456662812148,
              26.349824803184045
            ],
            [
              87.94637486332776,
              26.349482280024866
            ],
            [
              87.94627663255142,
              26.3491368538776
            ],
            [
              87.94595410322844,
              26.3488407893716
            ],
            [
              87.94537340078774,
              26.34864426187698
            ],
            [
              87.94459709558384,
              26.34843778275398
            ],
            [
              87.94334801243579,
              26.348154652691637
            ],
            [
              87.94256201979985,
              26.347966436399417
            ],
            [
              87.94190746596134,
              26.34804190375457
            ],
            [
              87.94168398488159,
              26.348127237053312
            ],
            [
              87.94106438089753,
              26.348197516127914
            ],
            [
              87.94046396582623,
              26.34823135075697
            ],
            [
              87.93966309978414,
              26.348264410168948
            ],
            [
              87.93929892725951,
              26.34811784037139
            ],
            [
              87.93831884372497,
              26.34798294601957
            ],
            [
              87.93709319043617,
              26.347843479944938
            ],
            [
              87.93651929363207,
              26.347507014963035
            ],
            [
              87.93487501374277,
              26.34681618526093
            ],
            [
              87.93412823167066,
              26.346370210892317
            ],
            [
              87.93331482694383,
              26.345857790215202
            ],
            [
              87.9329092753223,
              26.34543685606492
            ],
            [
              87.93266819983937,
              26.344760411718482
            ],
            [
              87.93281670483056,
              26.344247963786152
            ],
            [
              87.93301674616963,
              26.343797749927273
            ],
            [
              87.9329614557622,
              26.3433568178773
            ],
            [
              87.93282063406164,
              26.343115982815146
            ],
            [
              87.93226897505237,
              26.34265723524957
            ],
            [
              87.93216808436453,
              26.342190060377995
            ],
            [
              87.93233330969811,
              26.341533054837875
            ],
            [
              87.9324841071899,
              26.341124307775168
            ],
            [
              87.93275891081844,
              26.340875631775212
            ],
            [
              87.93314651499892,
              26.340521185155527
            ],
            [
              87.9336515433601,
              26.340259156145923
            ],
            [
              87.93398014798935,
              26.339955329174792
            ],
            [
              87.93446949715553,
              26.339233586174913
            ],
            [
              87.93540655138794,
              26.338593747033965
            ],
            [
              87.9367009437623,
              26.337807330352845
            ],
            [
              87.93795497842423,
              26.336796151853918
            ],
            [
              87.93811015610133,
              26.336139278316846
            ],
            [
              87.93826528796438,
              26.3356988886926
            ],
            [
              87.93911229417442,
              26.33463219876832
            ],
            [
              87.93939049073981,
              26.33388284495717
            ],
            [
              87.93973995604658,
              26.333398305795484
            ],
            [
              87.9399858698556,
              26.33319972161936
            ],
            [
              87.9401202272794,
              26.332728144123962
            ],
            [
              87.94051832198576,
              26.332179501808252
            ],
            [
              87.9405219511795,
              26.331904336327106
            ],
            [
              87.9407176114349,
              26.3314812267414
            ],
            [
              87.9409437093071,
              26.330430701717074
            ],
            [
              87.94104510484816,
              26.330049969806915
            ],
            [
              87.94130943322219,
              26.329350504805294
            ],
            [
              87.94147666179884,
              26.328783657045815
            ],
            [
              87.94185892010506,
              26.328632119086254
            ],
            [
              87.94220936277888,
              26.327543208315106
            ],
            [
              87.94193679236211,
              26.326587673757555
            ],
            [
              87.94143159421937,
              26.325320899620777
            ],
            [
              87.94076554733509,
              26.324025451136862
            ],
            [
              87.94045814384488,
              26.32351257806482
            ],
            [
              87.93946528267374,
              26.321731766920053
            ],
            [
              87.93899780299316,
              26.320576926386224
            ],
            [
              87.93927671192253,
              26.319426242819276
            ],
            [
              87.93942638831687,
              26.318534909847777
            ],
            [
              87.93973794202373,
              26.317708306859696
            ],
            [
              87.9398815440101,
              26.3172050208024
            ],
            [
              87.94027480218698,
              26.31688194678306
            ],
            [
              87.94157291897649,
              26.3167042923255
            ],
            [
              87.94298283739134,
              26.316808638817097
            ],
            [
              87.94416215467947,
              26.316908211930077
            ],
            [
              87.94520373777668,
              26.316897695082176
            ],
            [
              87.94532252380334,
              26.316620353033933
            ],
            [
              87.9454081736741,
              26.315342405337997
            ],
            [
              87.94566865905536,
              26.31426421764938
            ],
            [
              87.945782666943,
              26.312913613958028
            ],
            [
              87.9441307837131,
              26.31295361494086
            ],
            [
              87.94266885284333,
              26.312981083197712
            ],
            [
              87.94200344825451,
              26.312145655380153
            ],
            [
              87.94109740296737,
              26.311734247911932
            ],
            [
              87.93927705867225,
              26.311421092177646
            ],
            [
              87.93653752314414,
              26.31120631137191
            ],
            [
              87.93541063063766,
              26.310992828232816
            ],
            [
              87.93479443126851,
              26.310769879761345
            ],
            [
              87.93403351240877,
              26.310784126290056
            ],
            [
              87.93284069883181,
              26.31118520416748
            ],
            [
              87.93157780588288,
              26.311371226372618
            ],
            [
              87.93083875111887,
              26.31124966439176
            ],
            [
              87.92971061534402,
              26.311415101131576
            ],
            [
              87.92919241768081,
              26.311528467131534
            ],
            [
              87.9288344219721,
              26.31185985815662
            ],
            [
              87.92853142920993,
              26.312623178032158
            ],
            [
              87.92826848603805,
              26.312952873317144
            ],
            [
              87.9267940317549,
              26.313084096350096
            ],
            [
              87.92618978087732,
              26.31337943016738
            ],
            [
              87.92515118198351,
              26.313520573999824
            ],
            [
              87.92458175609458,
              26.313368818786692
            ],
            [
              87.92376568876125,
              26.31338406187614
            ],
            [
              87.92306996872652,
              26.313622486724515
            ],
            [
              87.92203015890368,
              26.313925989845636
            ],
            [
              87.92112672771403,
              26.314064581239204
            ],
            [
              87.92030475395768,
              26.313818296631464
            ],
            [
              87.91970593609099,
              26.31348220461641
            ],
            [
              87.9196183862834,
              26.312500667180846
            ],
            [
              87.9195332942664,
              26.31184824732755
            ],
            [
              87.9197741739166,
              26.311433368184403
            ],
            [
              87.9195371776834,
              26.31092812306919
            ],
            [
              87.91968629083402,
              26.310659304832804
            ],
            [
              87.9193945027584,
              26.309726629211305
            ],
            [
              87.91886532498745,
              26.308491762238567
            ],
            [
              87.91916926457392,
              26.307769037980925
            ],
            [
              87.91985518578554,
              26.30710229699613
            ],
            [
              87.92003078755896,
              26.30689606589174
            ],
            [
              87.92012004775884,
              26.305766912704303
            ],
            [
              87.92014493827875,
              26.304886987930914
            ],
            [
              87.92005580833458,
              26.30362141797802
            ],
            [
              87.91943902416217,
              26.303366752118887
            ],
            [
              87.91918821273823,
              26.30334888564133
            ],
            [
              87.91898570282879,
              26.303474401090874
            ],
            [
              87.91854125505375,
              26.303748799821136
            ],
            [
              87.91807647840386,
              26.304226437603944
            ],
            [
              87.9179938908899,
              26.30455719802607
            ],
            [
              87.91804691484785,
              26.305778443613985
            ],
            [
              87.91801493482374,
              26.306351775359474
            ],
            [
              87.91765543803018,
              26.306620021369664
            ],
            [
              87.91750215310336,
              26.30670406937146
            ],
            [
              87.91730071308743,
              26.306874667196244
            ],
            [
              87.91701004700758,
              26.307083041989436
            ],
            [
              87.91695198260255,
              26.307390818123537
            ],
            [
              87.91684568405668,
              26.30778063069743
            ],
            [
              87.91696822593954,
              26.308103109231325
            ],
            [
              87.91690236325951,
              26.30828921771649
            ],
            [
              87.91667944722008,
              26.30839254828973
            ],
            [
              87.91627720499206,
              26.30854430518862
            ],
            [
              87.91600416116313,
              26.308648608297432
            ],
            [
              87.91587275560337,
              26.308817955902416
            ],
            [
              87.91574316194554,
              26.3090638573643
            ],
            [
              87.91522118776486,
              26.309889930163624
            ],
            [
              87.91485142592256,
              26.310365778322705
            ],
            [
              87.91424354495295,
              26.310724352379047
            ],
            [
              87.91386075664072,
              26.310627768689567
            ],
            [
              87.91368520966452,
              26.310838410766394
            ],
            [
              87.91378242534454,
              26.3111432893001
            ],
            [
              87.91406014939612,
              26.31146287891015
            ],
            [
              87.91398680824136,
              26.31219932964994
            ],
            [
              87.91377233097573,
              26.312672371728723
            ],
            [
              87.91332314458755,
              26.313839830934054
            ],
            [
              87.9128931767566,
              26.313870276725414
            ],
            [
              87.91228053471598,
              26.313800534029625
            ],
            [
              87.91160052980884,
              26.313853684937705
            ],
            [
              87.91130277961466,
              26.31375545876798
            ],
            [
              87.91085270389436,
              26.313786364368802
            ],
            [
              87.9103306237125,
              26.313732939650937
            ],
            [
              87.90996832237863,
              26.31365843070104
            ],
            [
              87.90915314527575,
              26.31371417935332
            ],
            [
              87.90876672237985,
              26.31368068571634
            ],
            [
              87.90858741595422,
              26.313724680385608
            ],
            [
              87.9084550195527,
              26.313848839056245
            ],
            [
              87.90816759369606,
              26.314201478265673
            ],
            [
              87.9077191520113,
              26.314304513684576
            ],
            [
              87.9068140679215,
              26.314370881368152
            ],
            [
              87.90591852663499,
              26.314193467849442
            ],
            [
              87.90511993602549,
              26.314095526213826
            ],
            [
              87.90390243584622,
              26.31386097872169
            ],
            [
              87.90184902814222,
              26.313646332081213
            ],
            [
              87.90066409189197,
              26.31373585136996
            ],
            [
              87.89886160340976,
              26.313543661652893
            ],
            [
              87.89707498276871,
              26.31316622320197
            ],
            [
              87.89587100313275,
              26.31330116295828
            ],
            [
              87.8948623199345,
              26.31387899415683
            ],
            [
              87.89429098243065,
              26.314083455822676
            ],
            [
              87.89425549089209,
              26.314503569918124
            ],
            [
              87.89427008132897,
              26.315143713700962
            ],
            [
              87.89410175321437,
              26.316116447065284
            ],
            [
              87.89397887266668,
              26.316659902623584
            ],
            [
              87.89397325190795,
              26.317512391603994
            ],
            [
              87.89375271999727,
              26.31927087438696
            ],
            [
              87.89302481512254,
              26.31964058405064
            ],
            [
              87.89212555570907,
              26.319963859725075
            ],
            [
              87.89078700574859,
              26.320353819217374
            ],
            [
              87.8887681220976,
              26.32056229537833
            ],
            [
              87.8874379983345,
              26.320658949693797
            ],
            [
              87.8850703231132,
              26.321608957318414
            ],
            [
              87.88364628318209,
              26.3222078603291
            ],
            [
              87.88303854863788,
              26.322358842270187
            ],
            [
              87.88253505459922,
              26.32268373277483
            ],
            [
              87.88071458813323,
              26.32369586788174
            ],
            [
              87.881012109257,
              26.326883473138164
            ],
            [
              87.88189872578118,
              26.327548234779254
            ],
            [
              87.8822450838154,
              26.327803428794162
            ],
            [
              87.88218155855176,
              26.3289772827796
            ],
            [
              87.88138602490918,
              26.33034937209514
            ],
            [
              87.88076793817964,
              26.330482440872153
            ],
            [
              87.88013301073345,
              26.330981238698342
            ],
            [
              87.87986934172284,
              26.331283701216798
            ],
            [
              87.87978067710598,
              26.331794919189377
            ],
            [
              87.87977718086287,
              26.33230469618554
            ],
            [
              87.8792629753128,
              26.332602752149786
            ],
            [
              87.87867614456525,
              26.333235913125563
            ],
            [
              87.87814174129427,
              26.33352982528667
            ],
            [
              87.87737519359098,
              26.333746825397885
            ],
            [
              87.87685627458059,
              26.333837475601797
            ],
            [
              87.87622515239795,
              26.333840006006753
            ],
            [
              87.87555688218336,
              26.33375302461302
            ],
            [
              87.87480791990006,
              26.333861439975593
            ],
            [
              87.87463155725361,
              26.335145523347716
            ],
            [
              87.87466384629818,
              26.335469625223652
            ],
            [
              87.87467357235776,
              26.335897945187398
            ],
            [
              87.87526492432615,
              26.336130668026005
            ],
            [
              87.8764627217563,
              26.336374820041566
            ],
            [
              87.87696727041711,
              26.337199905065066
            ],
            [
              87.87708372441728,
              26.337919371145986
            ],
            [
              87.87724683421835,
              26.338484671929454
            ],
            [
              87.87742267943521,
              26.33895048833322
            ],
            [
              87.87737539930518,
              26.33929868368705
            ],
            [
              87.87748862206527,
              26.33987387019138
            ],
            [
              87.87780680893218,
              26.340878306129028
            ],
            [
              87.87802668866595,
              26.34151471363896
            ],
            [
              87.87831298444195,
              26.34221299096879
            ],
            [
              87.87865271111272,
              26.34283819398151
            ],
            [
              87.87966487707935,
              26.344172684746
            ],
            [
              87.8799455934191,
              26.344622983282846
            ],
            [
              87.88024191798694,
              26.34532111707825
            ],
            [
              87.88053677021601,
              26.34573063017502
            ],
            [
              87.88069262073127,
              26.34619680461852
            ],
            [
              87.88079082006655,
              26.346551292617864
            ],
            [
              87.88112770087452,
              26.34749222716411
            ],
            [
              87.88117222407496,
              26.347910866847243
            ],
            [
              87.88127318572974,
              26.348387086844127
            ],
            [
              87.88121347022123,
              26.3492901770114
            ],
            [
              87.88109436169937,
              26.34955844431133
            ],
            [
              87.88085957891504,
              26.35003179501826
            ],
            [
              87.8804888109596,
              26.35025509131352
            ],
            [
              87.88013323082072,
              26.350482592374867
            ],
            [
              87.87951427542025,
              26.351026166747836
            ],
            [
              87.87876741788969,
              26.351454777681397
            ],
            [
              87.87784740020659,
              26.351755785242897
            ],
            [
              87.87689383314263,
              26.351908510035095
            ],
            [
              87.87575968135032,
              26.351825576717818
            ],
            [
              87.87502204412785,
              26.351554997975043
            ],
            [
              87.87486081989053,
              26.35129184204055
            ],
            [
              87.87442054928157,
              26.350433947637057
            ],
            [
              87.87349990008283,
              26.349598422169816
            ],
            [
              87.87221570987518,
              26.348196725625435
            ],
            [
              87.87187616825736,
              26.347801520387012
            ],
            [
              87.87160210304394,
              26.347644175934153
            ],
            [
              87.87095427579027,
              26.347800345899135
            ],
            [
              87.87039290868778,
              26.34801359776657
            ],
            [
              87.87006025894479,
              26.3483669516014
            ],
            [
              87.86934866837396,
              26.34880387423121
            ],
            [
              87.86862252958709,
              26.34859615490414
            ],
            [
              87.86793320376057,
              26.34824342805324
            ],
            [
              87.86745554526945,
              26.347945445374698
            ],
            [
              87.86649854214953,
              26.347719405220822
            ],
            [
              87.86561572280405,
              26.347672291228463
            ],
            [
              87.86487006362604,
              26.34770845003396
            ],
            [
              87.86452997134096,
              26.347511675091532
            ],
            [
              87.86435818291591,
              26.347005206010206
            ],
            [
              87.86435221720413,
              26.346739197261442
            ],
            [
              87.86470057219319,
              26.346187196868105
            ],
            [
              87.86536372021403,
              26.345381319108252
            ],
            [
              87.86551162243568,
              26.345049342970405
            ],
            [
              87.86557256683949,
              26.344642342335703
            ],
            [
              87.86549241375994,
              26.344197306291328
            ],
            [
              87.8650466831907,
              26.343533475072682
            ],
            [
              87.86493828258706,
              26.342723604393967
            ],
            [
              87.86530128999674,
              26.34171571234684
            ],
            [
              87.86488009511284,
              26.341475397144436
            ],
            [
              87.86379188496082,
              26.341648551272044
            ],
            [
              87.86338198369666,
              26.341687607680583
            ],
            [
              87.8628495441429,
              26.34162514720703
            ],
            [
              87.8618158949663,
              26.341774722382773
            ],
            [
              87.85998308115674,
              26.34203358900234
            ],
            [
              87.85888928168703,
              26.342184330144708
            ],
            [
              87.85621455511507,
              26.342205929210305
            ],
            [
              87.85531128562216,
              26.342136574700973
            ],
            [
              87.85473584191914,
              26.341723071999084
            ],
            [
              87.8546657284112,
              26.341498884963833
            ],
            [
              87.85463250871202,
              26.34113420576092
            ],
            [
              87.85451735637069,
              26.34001773500125
            ],
            [
              87.8539787947983,
              26.339905716365777
            ],
            [
              87.85324940590672,
              26.339774639651974
            ],
            [
              87.8515623428537,
              26.339827847873178
            ],
            [
              87.85060360778186,
              26.33884395432624
            ],
            [
              87.84985293690289,
              26.33865460868691
            ],
            [
              87.84941844335955,
              26.33849110274809
            ],
            [
              87.84891487116744,
              26.33770199967142
            ],
            [
              87.84824867067128,
              26.336807484847448
            ],
            [
              87.84806224958858,
              26.33653570926101
            ],
            [
              87.84770597595026,
              26.33583859482709
            ],
            [
              87.84731317860914,
              26.33552099581501
            ],
            [
              87.84675978225813,
              26.33541826507555
            ],
            [
              87.84612500303396,
              26.3350328599548
            ],
            [
              87.84532200169645,
              26.334740741316143
            ],
            [
              87.84428822765399,
              26.334434690696483
            ],
            [
              87.84353920877686,
              26.333866447648333
            ],
            [
              87.84263464481162,
              26.33284091200762
            ],
            [
              87.84217185523511,
              26.332303614127213
            ],
            [
              87.8418557955788,
              26.331831259274306
            ],
            [
              87.84140805368163,
              26.33107258185355
            ],
            [
              87.84111974118782,
              26.330721534998546
            ],
            [
              87.84093943403896,
              26.33027377565473
            ],
            [
              87.84080041974872,
              26.329653895058282
            ],
            [
              87.84064497976352,
              26.328750104966442
            ],
            [
              87.84076178590333,
              26.32792264495749
            ],
            [
              87.84087709275485,
              26.32657654668521
            ],
            [
              87.8409673545763,
              26.32612837840049
            ],
            [
              87.84062736200418,
              26.325931640034337
            ],
            [
              87.84001524188474,
              26.325888579141626
            ],
            [
              87.83958721261818,
              26.32600899694504
            ],
            [
              87.83837152973071,
              26.32630610616394
            ],
            [
              87.8369429362394,
              26.32693620500606
            ],
            [
              87.8365915817756,
              26.327352977862855
            ],
            [
              87.83626334725226,
              26.3279090687974
            ],
            [
              87.83534282291936,
              26.32818729119722
            ],
            [
              87.83495501122805,
              26.32809509876657
            ],
            [
              87.83460953803441,
              26.32787577813303
            ],
            [
              87.83413477481349,
              26.327924921874715
            ],
            [
              87.83366359497222,
              26.328136381107473
            ],
            [
              87.83326437737178,
              26.328432200685643
            ],
            [
              87.83275318836439,
              26.328869875692558
            ],
            [
              87.83241575509251,
              26.329015758942614
            ],
            [
              87.83180636405493,
              26.329089886850806
            ],
            [
              87.83117494093668,
              26.329078710101136
            ],
            [
              87.82995547524352,
              26.329204325691197
            ],
            [
              87.82934279816862,
              26.329134167927567
            ],
            [
              87.82907685462371,
              26.329341956809117
            ],
            [
              87.82839522825748,
              26.32909709835771
            ],
            [
              87.82767086993148,
              26.329186735330154
            ],
            [
              87.8268734372504,
              26.329142499360476
            ],
            [
              87.82608537399774,
              26.329296486643912
            ],
            [
              87.82533893777703,
              26.329291786330828
            ],
            [
              87.82471528957753,
              26.329181259677597
            ],
            [
              87.8238879771335,
              26.32914642917511
            ],
            [
              87.82347825822734,
              26.32941990320688
            ],
            [
              87.82312559222319,
              26.33000353136169
            ],
            [
              87.82270251536877,
              26.330353853373616
            ],
            [
              87.82215337703222,
              26.330440400143452
            ],
            [
              87.82147500436395,
              26.33034430066609
            ],
            [
              87.8208727333733,
              26.330292012359536
            ],
            [
              87.81957938214636,
              26.330473015383472
            ],
            [
              87.81915852592732,
              26.330246011995182
            ],
            [
              87.81886264512725,
              26.33000326567245
            ],
            [
              87.81822415586096,
              26.330122919165188
            ],
            [
              87.81767684829097,
              26.330290605015144
            ],
            [
              87.81715166981968,
              26.330782536854937
            ],
            [
              87.81650115839994,
              26.331042250079246
            ],
            [
              87.81601518420428,
              26.331037458859402
            ],
            [
              87.81543006923891,
              26.331079447039027
            ],
            [
              87.81513836201164,
              26.33125607386306
            ],
            [
              87.81495430259982,
              26.33153896106827
            ],
            [
              87.81445766809667,
              26.331732839828284
            ],
            [
              87.81366719466409,
              26.331778462006884
            ],
            [
              87.81345407295619,
              26.331656014892207
            ],
            [
              87.81312799259292,
              26.33163483331876
            ],
            [
              87.81290880276528,
              26.331918369318736
            ],
            [
              87.8121480635686,
              26.33263098381275
            ],
            [
              87.81174550243865,
              26.33232244628832
            ],
            [
              87.81137491234962,
              26.331869067056022
            ],
            [
              87.81103481287802,
              26.33143765264289
            ],
            [
              87.81088422020211,
              26.33119674608118
            ],
            [
              87.81078682755395,
              26.33041374677892
            ],
            [
              87.81059307082863,
              26.329803860890774
            ],
            [
              87.8096735085914,
              26.329220408856767
            ],
            [
              87.80893612559213,
              26.328489302090983
            ],
            [
              87.80863068671744,
              26.32735367028097
            ],
            [
              87.80897166204643,
              26.32691463932231
            ],
            [
              87.80897288465356,
              26.32651773984852
            ],
            [
              87.80876339124109,
              26.326101989741524
            ],
            [
              87.80812816016434,
              26.32568486214229
            ],
            [
              87.80670676756837,
              26.325967316908198
            ],
            [
              87.80624397619523,
              26.3261063278684
            ],
            [
              87.80540983835165,
              26.326215904164886
            ],
            [
              87.80535349062716,
              26.326388305766134
            ],
            [
              87.8051347885847,
              26.32668986081097
            ],
            [
              87.80462292314593,
              26.326649391148017
            ],
            [
              87.8040827841319,
              26.326686050879104
            ],
            [
              87.80288332931002,
              26.326811099830202
            ],
            [
              87.80202858770708,
              26.326663944898392
            ],
            [
              87.8017088278901,
              26.326015665975003
            ],
            [
              87.80142984529884,
              26.325172734744267
            ],
            [
              87.80109476920629,
              26.324966733874163
            ],
            [
              87.80055556893173,
              26.325048470658782
            ],
            [
              87.79955368418354,
              26.32550372200392
            ],
            [
              87.79889994421868,
              26.32561457181193
            ],
            [
              87.79832500626716,
              26.325209870787855
            ],
            [
              87.79710304235924,
              26.32521799960476
            ],
            [
              87.79519913497975,
              26.32565321173249
            ],
            [
              87.79457552540785,
              26.325542473877313
            ],
            [
              87.79379495410465,
              26.32557893830749
            ],
            [
              87.79176814282127,
              26.32566439686432
            ],
            [
              87.79021510840862,
              26.32565131077527
            ],
            [
              87.78875566407552,
              26.325798982288774
            ],
            [
              87.78713131331081,
              26.325962968309238
            ],
            [
              87.78396550112923,
              26.326415810289262
            ],
            [
              87.78334574982145,
              26.32671097324171
            ],
            [
              87.78233909142585,
              26.326719679239908
            ],
            [
              87.78074271779234,
              26.326788430274462
            ],
            [
              87.77916955303249,
              26.326775592295984
            ],
            [
              87.7779787714447,
              26.326377169818045
            ],
            [
              87.77827598444634,
              26.325762975252196
            ],
            [
              87.77883052974258,
              26.325004514911917
            ],
            [
              87.7793326933763,
              26.3241387669538
            ],
            [
              87.77957351373766,
              26.32346694860341
            ],
            [
              87.77981473025605,
              26.323273283059166
            ],
            [
              87.78012045569332,
              26.323051438755673
            ],
            [
              87.78070603239277,
              26.323027521259583
            ],
            [
              87.78114943003722,
              26.32269048814945
            ],
            [
              87.78157064288742,
              26.322250102119302
            ],
            [
              87.78172834393217,
              26.321669930158116
            ],
            [
              87.78148056162736,
              26.321331588706933
            ],
            [
              87.78107146794865,
              26.320716369758884
            ],
            [
              87.78088162069146,
              26.320047670984493
            ],
            [
              87.78102368296544,
              26.319440825659157
            ],
            [
              87.78119107862874,
              26.319077010995056
            ],
            [
              87.78129318294056,
              26.318245367293297
            ],
            [
              87.78093617807362,
              26.317489377210368
            ],
            [
              87.77878463301808,
              26.3175904691605
            ],
            [
              87.77801761639421,
              26.3177888578704
            ],
            [
              87.77731628458389,
              26.317783249625453
            ],
            [
              87.77650728429691,
              26.318122173134725
            ],
            [
              87.77493647402143,
              26.318903034013786
            ],
            [
              87.77440500824146,
              26.319340877892813
            ],
            [
              87.77367397812785,
              26.32004832560244
            ],
            [
              87.77298363001853,
              26.3207776039478
            ],
            [
              87.77255304773992,
              26.320785213732766
            ],
            [
              87.77244591555744,
              26.320926875936383
            ],
            [
              87.77197682340093,
              26.32124185708414
            ],
            [
              87.77158786186604,
              26.32108628335054
            ],
            [
              87.77085127028253,
              26.320612150785795
            ],
            [
              87.76987020129613,
              26.320178365024937
            ],
            [
              87.76950872371737,
              26.320369616160807
            ],
            [
              87.76891153808954,
              26.321011519861774
            ],
            [
              87.76856354691813,
              26.32067031486396
            ],
            [
              87.76844496211412,
              26.320284537770792
            ],
            [
              87.7678412313611,
              26.32062435013134
            ],
            [
              87.7672615035925,
              26.321144245895454
            ],
            [
              87.76709458583292,
              26.32084045974219
            ],
            [
              87.76691860497047,
              26.31988282872367
            ],
            [
              87.76672063155321,
              26.3192954867355
            ],
            [
              87.76658448827862,
              26.319257214277624
            ],
            [
              87.76620074056567,
              26.3193451977535
            ],
            [
              87.76600485932471,
              26.319551603971927
            ],
            [
              87.76561155982533,
              26.320356811288573
            ],
            [
              87.76542538488103,
              26.32101400626206
            ],
            [
              87.76533996587727,
              26.32146206390049
            ],
            [
              87.7649900891421,
              26.321959840168713
            ],
            [
              87.7646286969033,
              26.321925575947716
            ],
            [
              87.76437172213818,
              26.32162331684938
            ],
            [
              87.76437955185418,
              26.32082944564836
            ],
            [
              87.7646625867457,
              26.320251629793812
            ],
            [
              87.7652977558387,
              26.319279832164806
            ],
            [
              87.76662601919085,
              26.317930526959444
            ],
            [
              87.76643124826757,
              26.31726187329796
            ],
            [
              87.76600492220678,
              26.316308671969885
            ],
            [
              87.7657610754212,
              26.315456014697823
            ],
            [
              87.76482418468215,
              26.315440786374975
            ],
            [
              87.76413456690318,
              26.315516059942496
            ],
            [
              87.76373305590377,
              26.315243459757195
            ],
            [
              87.76319298336507,
              26.315049964859078
            ],
            [
              87.76256885007534,
              26.314907532115974
            ],
            [
              87.76182539176979,
              26.314807781744417
            ],
            [
              87.76106573055146,
              26.314884220882398
            ],
            [
              87.76035018200348,
              26.315379340812704
            ],
            [
              87.75933455931965,
              26.31542869599349
            ],
            [
              87.75926166193265,
              26.314604567041453
            ],
            [
              87.75796662097466,
              26.314473799073323
            ],
            [
              87.75720998797716,
              26.3146899926292
            ],
            [
              87.75663923976813,
              26.314700008022154
            ],
            [
              87.75642919119682,
              26.31448263804857
            ],
            [
              87.75653331761634,
              26.313736674317063
            ],
            [
              87.7564391858527,
              26.313318815319523
            ],
            [
              87.75664910326996,
              26.312597994156125
            ],
            [
              87.75667574909791,
              26.312209693123012
            ],
            [
              87.75637101001081,
              26.311777512962465
            ],
            [
              87.75593510162088,
              26.31153700033748
            ],
            [
              87.75462371491801,
              26.311577983391683
            ],
            [
              87.75382272311175,
              26.312056498832927
            ],
            [
              87.7531508335849,
              26.312956753756403
            ],
            [
              87.75297492907923,
              26.31362733503118
            ],
            [
              87.75165788568495,
              26.314800487214793
            ],
            [
              87.7508855447464,
              26.315219806371985
            ],
            [
              87.74999999362414,
              26.31548582796688
            ],
            [
              87.74978579663288,
              26.315550172262583
            ],
            [
              87.74880982199244,
              26.315815250994337
            ],
            [
              87.74845501620129,
              26.316087551099184
            ],
            [
              87.74792633340208,
              26.316421534754568
            ],
            [
              87.74744309996635,
              26.316982627801274
            ],
            [
              87.74732605217974,
              26.31715811018538
            ],
            [
              87.7468589551815,
              26.31779771108639
            ],
            [
              87.74588544372156,
              26.318883574837876
            ],
            [
              87.7449673026191,
              26.31997755517937
            ],
            [
              87.74342158857773,
              26.32030207312108
            ],
            [
              87.7417957798473,
              26.320397957896155
            ],
            [
              87.74061349901702,
              26.32038691477358
            ],
            [
              87.73968364837485,
              26.32023614605196
            ],
            [
              87.73849626960533,
              26.319990724038743
            ],
            [
              87.73850766563305,
              26.32052267304402
            ],
            [
              87.73852259922631,
              26.321221540784475
            ],
            [
              87.73871569389328,
              26.321583563634142
            ],
            [
              87.73898254024505,
              26.321881135910306
            ],
            [
              87.73905968396838,
              26.32220901736288
            ],
            [
              87.73887876237187,
              26.32241510607115
            ],
            [
              87.73799315465574,
              26.32246202100049
            ],
            [
              87.73766273542962,
              26.322467798104853
            ],
            [
              87.73709839580184,
              26.322080686384034
            ],
            [
              87.73708563523323,
              26.321481009744694
            ],
            [
              87.73663357423615,
              26.3209520990661
            ],
            [
              87.73595270784467,
              26.320264751116014
            ],
            [
              87.73605649020945,
              26.319965305844025
            ],
            [
              87.7362317892506,
              26.31949771007028
            ],
            [
              87.7358941349932,
              26.319399842970853
            ],
            [
              87.73523259675335,
              26.319614255913066
            ],
            [
              87.73428265259493,
              26.319928338013593
            ],
            [
              87.7335752257154,
              26.319873002193106
            ],
            [
              87.733095973613,
              26.31994895890147
            ],
            [
              87.73270746932063,
              26.320754020133172
            ],
            [
              87.73276238513056,
              26.321686719704996
            ],
            [
              87.7324433367793,
              26.32222443320645
            ],
            [
              87.73200408575819,
              26.32253421666826
            ],
            [
              87.73204697222819,
              26.322664278259953
            ],
            [
              87.73234589831708,
              26.32282597076754
            ],
            [
              87.73309346102515,
              26.32311522891988
            ],
            [
              87.73368633114636,
              26.323204240882987
            ],
            [
              87.73439300344103,
              26.32345812078085
            ],
            [
              87.73477071537361,
              26.323785306134535
            ],
            [
              87.73514117161362,
              26.323778935691315
            ],
            [
              87.73579996280534,
              26.32366828863759
            ],
            [
              87.73678018468041,
              26.32359717098551
            ],
            [
              87.73711994189392,
              26.324024240175458
            ],
            [
              87.73717566618764,
              26.324758483838604
            ],
            [
              87.73694806633229,
              26.32629590095521
            ],
            [
              87.73773398710301,
              26.328379640991773
            ],
            [
              87.73815597969087,
              26.32913903168742
            ],
            [
              87.73894492329252,
              26.329725306885283
            ],
            [
              87.74001651012021,
              26.329706664310265
            ],
            [
              87.74104675019034,
              26.3303337528336
            ],
            [
              87.74184505783049,
              26.33135276031355
            ],
            [
              87.74204595167075,
              26.332079989326374
            ],
            [
              87.7418399374334,
              26.33275102184265
            ],
            [
              87.74086413526948,
              26.333733225767947
            ],
            [
              87.74087691739769,
              26.334332896116326
            ],
            [
              87.74100068009099,
              26.334962159876106
            ],
            [
              87.74101069630639,
              26.335431073917828
            ],
            [
              87.7413203770259,
              26.33609321989528
            ],
            [
              87.74169668040008,
              26.336352846332968
            ],
            [
              87.74224397180043,
              26.33617640601246
            ],
            [
              87.74222390433526,
              26.335243096165826
            ],
            [
              87.7430902171374,
              26.334059885346036
            ],
            [
              87.74367329202876,
              26.33368445000412
            ],
            [
              87.74426708471978,
              26.33380939720062
            ],
            [
              87.74427998362894,
              26.334409060713703
            ],
            [
              87.74411749007214,
              26.3354763291322
            ],
            [
              87.74451258620208,
              26.337548728002055
            ],
            [
              87.74485734703171,
              26.338205719934674
            ],
            [
              87.7455748583986,
              26.33896001698392
            ],
            [
              87.74576799708298,
              26.339322026233443
            ],
            [
              87.74533659374423,
              26.33976243829891
            ],
            [
              87.7440474942435,
              26.340154729350083
            ],
            [
              87.74324194438552,
              26.340434889851952
            ],
            [
              87.74339209868359,
              26.340662242774545
            ],
            [
              87.74426632744,
              26.341716064953246
            ],
            [
              87.74501809516192,
              26.34219905019414
            ],
            [
              87.74666959930275,
              26.344218075005518
            ],
            [
              87.74669106724141,
              26.34521892071182
            ],
            [
              87.74607510862074,
              26.345928794370796
            ],
            [
              87.74527169405819,
              26.34630806206859
            ],
            [
              87.74372486341092,
              26.346601114293424
            ],
            [
              87.74231263542747,
              26.346391177247668
            ],
            [
              87.74073006261166,
              26.346653177076206
            ],
            [
              87.7404467905649,
              26.34722642722495
            ],
            [
              87.73982784414761,
              26.347800922275624
            ],
            [
              87.74002028214609,
              26.348131374716516
            ],
            [
              87.74120222431151,
              26.348110857057595
            ],
            [
              87.74294566293683,
              26.34834666904175
            ],
            [
              87.74484308358163,
              26.34874661782535
            ],
            [
              87.74578034981647,
              26.349465513828914
            ],
            [
              87.74580528974371,
              26.35062876071336
            ],
            [
              87.74491016527548,
              26.351875661760886
            ],
            [
              87.74393424902554,
              26.353092385973216
            ],
            [
              87.74384984062651,
              26.35429356426794
            ],
            [
              87.74298578529068,
              26.355589569070148
            ],
            [
              87.74335790431229,
              26.35565071236615
            ],
            [
              87.74399253621274,
              26.355806521372628
            ],
            [
              87.74469369644481,
              26.355794335394283
            ],
            [
              87.74572759535309,
              26.355645534988795
            ],
            [
              87.7464345757699,
              26.355899346947922
            ],
            [
              87.74676726324212,
              26.355992834107855
            ],
            [
              87.74706628634904,
              26.3561544937405
            ],
            [
              87.74629932003081,
              26.356600852976175
            ],
            [
              87.74567609673448,
              26.356742468931525
            ],
            [
              87.74513227462779,
              26.35732025636848
            ],
            [
              87.74368410504984,
              26.35871208672621
            ],
            [
              87.74265795590755,
              26.35922607799725
            ],
            [
              87.74098942240384,
              26.36062170710819
            ],
            [
              87.74059513655428,
              26.36139526415528
            ],
            [
              87.74075610387342,
              26.361893164071596
            ],
            [
              87.74091630223467,
              26.362589509793327
            ],
            [
              87.74151015511279,
              26.36270995299305
            ],
            [
              87.74231878888716,
              26.362330549124216
            ],
            [
              87.74334556235861,
              26.36184812604905
            ],
            [
              87.74470505204833,
              26.361454581282747
            ],
            [
              87.74591927517348,
              26.36130264824161
            ],
            [
              87.74744203905598,
              26.36060613539777
            ],
            [
              87.74875458638225,
              26.360806790239966
            ],
            [
              87.74954428816197,
              26.360946320368427
            ],
            [
              87.74999998823426,
              26.361012550234825
            ],
            [
              87.75068023568654,
              26.361111411619387
            ],
            [
              87.75166328006826,
              26.361622039015735
            ],
            [
              87.7514943599639,
              26.362157204609204
            ],
            [
              87.75100816208774,
              26.362612129676336
            ],
            [
              87.75049382089203,
              26.36292788677981
            ],
            [
              87.74999998823426,
              26.362994748959032
            ],
            [
              87.74961448970481,
              26.3630469419984
            ],
            [
              87.74884585791004,
              26.363182147174506
            ],
            [
              87.74744195820762,
              26.36302636581402
            ],
            [
              87.74571994799507,
              26.363218498328443
            ],
            [
              87.74476470916633,
              26.363532878226266
            ],
            [
              87.7445550172262,
              26.364037171773983
            ],
            [
              87.74454431110466,
              26.365169380212574
            ],
            [
              87.74478034973377,
              26.367763221700407
            ],
            [
              87.74521040200636,
              26.368653344122016
            ],
            [
              87.74547088289602,
              26.368883328967
            ],
            [
              87.74744186568114,
              26.368766643601482
            ],
            [
              87.74820231921353,
              26.369137910273746
            ],
            [
              87.7486867698665,
              26.36929635870452
            ],
            [
              87.74936357677124,
              26.36931612812265
            ],
            [
              87.74999999003089,
              26.3691217457336
            ],
            [
              87.75011533012011,
              26.36908651678302
            ],
            [
              87.7508135393865,
              26.368934535823346
            ],
            [
              87.75125984038594,
              26.368714727598324
            ],
            [
              87.75135972855396,
              26.368699456382092
            ],
            [
              87.75153071029187,
              26.36872809534359
            ],
            [
              87.75186625799995,
              26.36872222638125
            ],
            [
              87.75207834125538,
              26.36856515587242
            ],
            [
              87.75229920823764,
              26.368349343035593
            ],
            [
              87.75259869757024,
              26.367599897757
            ],
            [
              87.75288206394009,
              26.367026631891072
            ],
            [
              87.75296828244443,
              26.366844671120546
            ],
            [
              87.7531465611974,
              26.3667468456686
            ],
            [
              87.7533121467554,
              26.366757513325574
            ],
            [
              87.75356383403674,
              26.366811711993886
            ],
            [
              87.75379260799016,
              26.36696109362686
            ],
            [
              87.7539228708929,
              26.367193382934165
            ],
            [
              87.75413038801173,
              26.367523528041563
            ],
            [
              87.75424505885604,
              26.367958957725435
            ],
            [
              87.75429830739282,
              26.368341432949023
            ],
            [
              87.75431391382426,
              26.36859829237103
            ],
            [
              87.7544283133774,
              26.368790194290945
            ],
            [
              87.75459076022179,
              26.368886586993156
            ],
            [
              87.75480678618301,
              26.368914368744985
            ],
            [
              87.75498513590288,
              26.368821051393258
            ],
            [
              87.75507308186751,
              26.368715824608223
            ],
            [
              87.75517537482553,
              26.36834865891134
            ],
            [
              87.75509580475263,
              26.36767798498631
            ],
            [
              87.75500361784152,
              26.367120312878825
            ],
            [
              87.75487087289368,
              26.366310795695878
            ],
            [
              87.75498772574585,
              26.36592089125128
            ],
            [
              87.7552434734123,
              26.365695420665013
            ],
            [
              87.75551737423399,
              26.365383939360846
            ],
            [
              87.75578365644378,
              26.36518530062372
            ],
            [
              87.7562498578217,
              26.36496522529403
            ],
            [
              87.75660943276871,
              26.364909333910525
            ],
            [
              87.75715453227974,
              26.364859153903
            ],
            [
              87.75778605690762,
              26.364866119303038
            ],
            [
              87.75855444436061,
              26.364947435931043
            ],
            [
              87.75992640266652,
              26.364670857747864
            ],
            [
              87.76030108637823,
              26.363924567102018
            ],
            [
              87.76046451687789,
              26.36360603264759
            ],
            [
              87.76062409270664,
              26.363102546937085
            ],
            [
              87.7610763127055,
              26.36269772910745
            ],
            [
              87.76155750966048,
              26.36247735203665
            ],
            [
              87.76242790710221,
              26.36240795333896
            ],
            [
              87.76307425842387,
              26.362410107233824
            ],
            [
              87.76391758962605,
              26.362251037643755
            ],
            [
              87.76458335623596,
              26.362221271029807
            ],
            [
              87.76518180220015,
              26.362089009843263
            ],
            [
              87.76547964941238,
              26.361962015748638
            ],
            [
              87.76648904138136,
              26.361831524235065
            ],
            [
              87.76736598304996,
              26.361608680912386
            ],
            [
              87.76739454857764,
              26.36246058933441
            ],
            [
              87.76751104929022,
              26.363676387633888
            ],
            [
              87.76784843584969,
              26.363986151895464
            ],
            [
              87.7683899420996,
              26.363999207088348
            ],
            [
              87.76863697970103,
              26.364531581626863
            ],
            [
              87.76899463674488,
              26.36485000889712
            ],
            [
              87.76937075776108,
              26.365095945879283
            ],
            [
              87.76994720039072,
              26.365108362681227
            ],
            [
              87.77089215710268,
              26.365010617052267
            ],
            [
              87.77096437356668,
              26.36464401185396
            ],
            [
              87.77109150134905,
              26.364267399218985
            ],
            [
              87.77118278365664,
              26.363859868987003
            ],
            [
              87.77127806526391,
              26.36363267917105
            ],
            [
              87.77140894081765,
              26.36342739067334
            ],
            [
              87.77171055197091,
              26.363241705656364
            ],
            [
              87.77256639670502,
              26.36319508172498
            ],
            [
              87.7730641370343,
              26.363276526700627
            ],
            [
              87.77360461381487,
              26.363244480104065
            ],
            [
              87.77395292119326,
              26.363130065270806
            ],
            [
              87.77462885673214,
              26.362649042823943
            ],
            [
              87.77507453519911,
              26.362406718632393
            ],
            [
              87.77545499687477,
              26.362156399713992
            ],
            [
              87.77579844167252,
              26.36205115639838
            ],
            [
              87.77590777203247,
              26.361783102398178
            ],
            [
              87.77620280482292,
              26.36175543161816
            ],
            [
              87.77656526156535,
              26.36183015027509
            ],
            [
              87.77686167776133,
              26.36210011579325
            ],
            [
              87.77729576885945,
              26.362245785706723
            ],
            [
              87.77782793263036,
              26.36229501304896
            ],
            [
              87.77815206814108,
              26.362221675891856
            ],
            [
              87.77848347461571,
              26.36202187428043
            ],
            [
              87.77873765202703,
              26.36173325104193
            ],
            [
              87.77949062169482,
              26.361566620906515
            ],
            [
              87.7799183167881,
              26.361184703601346
            ],
            [
              87.78043943217938,
              26.36072895674372
            ],
            [
              87.78058225712303,
              26.360613704733534
            ],
            [
              87.78128016904705,
              26.360448057385998
            ],
            [
              87.78231985669902,
              26.36056502562151
            ],
            [
              87.78293618093397,
              26.36079767791461
            ],
            [
              87.78291014057051,
              26.361213021658997
            ],
            [
              87.78324632518412,
              26.361694237621943
            ],
            [
              87.78316141372852,
              26.36239483920915
            ],
            [
              87.78364860783634,
              26.362449324855117
            ],
            [
              87.78431163727957,
              26.362293325185732
            ],
            [
              87.78536274521372,
              26.36201306791142
            ],
            [
              87.78637883502148,
              26.361963540222703
            ],
            [
              87.78671288523799,
              26.363265580231374
            ],
            [
              87.78641204034764,
              26.363942956260054
            ],
            [
              87.78611742617211,
              26.364448781313907
            ],
            [
              87.7861223318719,
              26.36512980212537
            ],
            [
              87.7862112695766,
              26.3655340721745
            ],
            [
              87.78644485400832,
              26.365904331070503
            ],
            [
              87.78664699740514,
              26.366441959045158
            ],
            [
              87.78648262816604,
              26.367175535159276
            ],
            [
              87.7859629249264,
              26.368158939020812
            ],
            [
              87.78597068637045,
              26.368515119910562
            ],
            [
              87.7862656850249,
              26.368942927973254
            ],
            [
              87.78648785366606,
              26.369480202170255
            ],
            [
              87.7867674462134,
              26.369890168963135
            ],
            [
              87.78702032825407,
              26.36999841766033
            ],
            [
              87.78701489164997,
              26.370436037641504
            ],
            [
              87.78671494776985,
              26.372074093396506
            ],
            [
              87.78657554271248,
              26.373032740379028
            ],
            [
              87.786872581441,
              26.373555134639407
            ],
            [
              87.78726835400235,
              26.37423822730126
            ],
            [
              87.78783527089668,
              26.37495884403744
            ],
            [
              87.78805928827066,
              26.375807265856626
            ],
            [
              87.78723940669062,
              26.3765840056443
            ],
            [
              87.78596724043301,
              26.377531113984755
            ],
            [
              87.78389470220672,
              26.378321055105477
            ],
            [
              87.78235555664669,
              26.378519668851045
            ],
            [
              87.78035174762451,
              26.378320453128072
            ],
            [
              87.77841959272092,
              26.378192256011065
            ],
            [
              87.77726687814159,
              26.378185519972718
            ],
            [
              87.77559645458255,
              26.37811122715741
            ],
            [
              87.7750249535853,
              26.378328765727673
            ],
            [
              87.77434343591523,
              26.37879181818747
            ],
            [
              87.77383281643976,
              26.379968975831478
            ],
            [
              87.77328229379935,
              26.38092585201625
            ],
            [
              87.77296483905941,
              26.3813057557597
            ],
            [
              87.77259660884468,
              26.38188502510135
            ],
            [
              87.772397329277,
              26.38240274314847
            ],
            [
              87.77249666857436,
              26.382820405799997
            ],
            [
              87.77274663378532,
              26.38348802715135
            ],
            [
              87.77315042740385,
              26.38408084707077
            ],
            [
              87.77340810734647,
              26.3844055231989
            ],
            [
              87.77352636426544,
              26.385233333187383
            ],
            [
              87.77254692572127,
              26.38536328888064
            ],
            [
              87.77128085273625,
              26.385678818850916
            ],
            [
              87.7709432694457,
              26.385829074171987
            ],
            [
              87.77062211634176,
              26.386042159323882
            ],
            [
              87.77015970495599,
              26.386208197297428
            ],
            [
              87.76970139797275,
              26.386568013822902
            ],
            [
              87.76965106357076,
              26.387019923262717
            ],
            [
              87.76979021620153,
              26.3871978696989
            ],
            [
              87.77012975242947,
              26.387137789229
            ],
            [
              87.77044245418327,
              26.386996971783386
            ],
            [
              87.77081398391005,
              26.386796488755788
            ],
            [
              87.77108653456386,
              26.386656376637482
            ],
            [
              87.77152519090026,
              26.3865449423497
            ],
            [
              87.771813224018,
              26.386427177978575
            ],
            [
              87.77220234994456,
              26.386343624840475
            ],
            [
              87.77252520086442,
              26.38621160210024
            ],
            [
              87.772965555915,
              26.386181317780103
            ],
            [
              87.77316794275526,
              26.38626796923564
            ],
            [
              87.77331149982588,
              26.38641428385058
            ],
            [
              87.77339222064066,
              26.386669928198323
            ],
            [
              87.77332514882832,
              26.387045482036317
            ],
            [
              87.77325005056886,
              26.387276821633428
            ],
            [
              87.77295103914004,
              26.387814327634416
            ],
            [
              87.77312020178948,
              26.388681790249937
            ],
            [
              87.77299834801613,
              26.389761856299856
            ],
            [
              87.77313125466074,
              26.390111343079116
            ],
            [
              87.77353579477926,
              26.390275627395187
            ],
            [
              87.77386209073823,
              26.390301397888802
            ],
            [
              87.77432499080753,
              26.39061347026404
            ],
            [
              87.77500378388734,
              26.391178877953525
            ],
            [
              87.77514741461978,
              26.391559700725043
            ],
            [
              87.77492093316701,
              26.3919741332379
            ],
            [
              87.77456284133854,
              26.392332200920052
            ],
            [
              87.77424935086397,
              26.392436957986018
            ],
            [
              87.77374417697573,
              26.392716492896664
            ],
            [
              87.77374643084877,
              26.393280277712474
            ],
            [
              87.77421862129471,
              26.394250656243088
            ],
            [
              87.77465532738863,
              26.3947390369828
            ],
            [
              87.77467546941394,
              26.395667790981435
            ],
            [
              87.7746225721184,
              26.396688050113355
            ],
            [
              87.7745046583559,
              26.397028457152434
            ],
            [
              87.7741784827712,
              26.39701161336506
            ],
            [
              87.77386304474909,
              26.396566111073774
            ],
            [
              87.77358055243998,
              26.396250869148243
            ],
            [
              87.77322052743705,
              26.395828768282858
            ],
            [
              87.77311094285386,
              26.39539770996811
            ],
            [
              87.77292475084154,
              26.394904879791884
            ],
            [
              87.7727941088498,
              26.394659089142486
            ],
            [
              87.77245701783603,
              26.394367377828882
            ],
            [
              87.77209838881507,
              26.394012905301388
            ],
            [
              87.77189609270464,
              26.3939262491968
            ],
            [
              87.77134501310877,
              26.393935965633744
            ],
            [
              87.77099316996144,
              26.394122574173018
            ],
            [
              87.77074562930343,
              26.394262176726375
            ],
            [
              87.77091418559009,
              26.395098166295487
            ],
            [
              87.77112742318066,
              26.39568526260098
            ],
            [
              87.77146982503434,
              26.39622043538074
            ],
            [
              87.7717704013284,
              26.396215160043354
            ],
            [
              87.77194481013913,
              26.39732156585656
            ],
            [
              87.77208388461646,
              26.397955086974083
            ],
            [
              87.77191394941589,
              26.398206153094286
            ],
            [
              87.77166492024945,
              26.39827822262715
            ],
            [
              87.77144091814682,
              26.39834978438523
            ],
            [
              87.77106161978945,
              26.39842409314864
            ],
            [
              87.77086265014053,
              26.39849523881637
            ],
            [
              87.77066423385384,
              26.398819011841308
            ],
            [
              87.77091129211657,
              26.39911686094754
            ],
            [
              87.77116797313256,
              26.39939645371026
            ],
            [
              87.77124922934328,
              26.399679150072952
            ],
            [
              87.77087447286799,
              26.399730849392363
            ],
            [
              87.77057434932483,
              26.399758667176336
            ],
            [
              87.77014052682298,
              26.399631016868923
            ],
            [
              87.76995338978301,
              26.399553185387294
            ],
            [
              87.76956187882935,
              26.399528434017274
            ],
            [
              87.76911114823724,
              26.399545403765064
            ],
            [
              87.76861951555358,
              26.39952249661655
            ],
            [
              87.76798640719585,
              26.399452460369552
            ],
            [
              87.76759591942333,
              26.39947278706677
            ],
            [
              87.76699613766432,
              26.3995510418405
            ],
            [
              87.7666632327998,
              26.399683182092858
            ],
            [
              87.76630159711756,
              26.399878921966305
            ],
            [
              87.76606505363524,
              26.400068077211778
            ],
            [
              87.76590739840458,
              26.400192613116896
            ],
            [
              87.76582014593934,
              26.40032940017352
            ],
            [
              87.7657497189194,
              26.400547146326765
            ],
            [
              87.76573756561189,
              26.40068268901017
            ],
            [
              87.76588378259409,
              26.400950738049655
            ],
            [
              87.76628073644001,
              26.4012278819254
            ],
            [
              87.76655721362997,
              26.401268120310213
            ],
            [
              87.76693285584413,
              26.40125249373121
            ],
            [
              87.76705892091952,
              26.40105639330168
            ],
            [
              87.7672315223199,
              26.40092706115384
            ],
            [
              87.76745241176005,
              26.40071114061051
            ],
            [
              87.76774196572558,
              26.40066101316663
            ],
            [
              87.76836193083241,
              26.40081690631562
            ],
            [
              87.76858880934053,
              26.40088060691887
            ],
            [
              87.76879277272411,
              26.401039397223478
            ],
            [
              87.76885344763338,
              26.401525387679314
            ],
            [
              87.7688268835521,
              26.402148351683973
            ],
            [
              87.76908703925164,
              26.403050338641112
            ],
            [
              87.76936217435855,
              26.403487443967258
            ],
            [
              87.76970328263823,
              26.403959587340985
            ],
            [
              87.76953364208502,
              26.405378756779122
            ],
            [
              87.76931115364367,
              26.405982536263416
            ],
            [
              87.76903288611138,
              26.406555743157476
            ],
            [
              87.76912032991774,
              26.407117955810765
            ],
            [
              87.76975610267864,
              26.407314231798246
            ],
            [
              87.77108622734004,
              26.40785464477235
            ],
            [
              87.77158975641296,
              26.40842306561748
            ],
            [
              87.77195443109585,
              26.40882706828683
            ],
            [
              87.7718904189453,
              26.40933786130597
            ],
            [
              87.77142480776051,
              26.41005864037457
            ],
            [
              87.77105813342784,
              26.41048454061833
            ],
            [
              87.77069577100853,
              26.41064882329345
            ],
            [
              87.77009352337406,
              26.410614285251842
            ],
            [
              87.76925733018511,
              26.41042603793958
            ],
            [
              87.76855301057817,
              26.409847602109124
            ],
            [
              87.76799422074222,
              26.409505648691237
            ],
            [
              87.76748081469272,
              26.409176453093263
            ],
            [
              87.7667826566303,
              26.40888194879936
            ],
            [
              87.76621037320047,
              26.409072494064468
            ],
            [
              87.7658291237023,
              26.4095212122011
            ],
            [
              87.76561227218933,
              26.409921880136928
            ],
            [
              87.76542071094659,
              26.41031788828121
            ],
            [
              87.76568434312627,
              26.410491740611757
            ],
            [
              87.76578213821968,
              26.410556225950337
            ],
            [
              87.76652650562029,
              26.410851453288952
            ],
            [
              87.76706231655129,
              26.411063966880015
            ],
            [
              87.76731498119968,
              26.411164183744127
            ],
            [
              87.76727932616774,
              26.411311577891645
            ],
            [
              87.76709458493463,
              26.411523254706424
            ],
            [
              87.76708875037686,
              26.41152718815727
            ],
            [
              87.76632912688777,
              26.41204069905192
            ],
            [
              87.7662542630886,
              26.41209129462625
            ],
            [
              87.76597117070492,
              26.41228267212309
            ],
            [
              87.76578413427623,
              26.412718788287634
            ],
            [
              87.76559297727535,
              26.41316450900868
            ],
            [
              87.7659314507963,
              26.413454422941488
            ],
            [
              87.76619413884663,
              26.41367942216233
            ],
            [
              87.76639324863275,
              26.413849964397322
            ],
            [
              87.76775620222621,
              26.414322153061534
            ],
            [
              87.76808679303053,
              26.414716199140713
            ],
            [
              87.76819000316848,
              26.414839226032726
            ],
            [
              87.76817599933153,
              26.41488938191199
            ],
            [
              87.76807645072668,
              26.41524591104698
            ],
            [
              87.768066613276,
              26.415281158097446
            ],
            [
              87.76781360008128,
              26.415885634768582
            ],
            [
              87.76747286729739,
              26.41669967660395
            ],
            [
              87.76744752222994,
              26.417131693169793
            ],
            [
              87.76739903386586,
              26.41795818720982
            ],
            [
              87.76738788487488,
              26.41814820984038
            ],
            [
              87.76783216107168,
              26.41854708997435
            ],
            [
              87.7683283006031,
              26.41837718621957
            ],
            [
              87.76867143278714,
              26.418324686728518
            ],
            [
              87.76872378211029,
              26.418316690765188
            ],
            [
              87.76919648639262,
              26.418516279948474
            ],
            [
              87.7694563160037,
              26.419068913877158
            ],
            [
              87.76966241108943,
              26.419507256970594
            ],
            [
              87.76979094473522,
              26.419735296634006
            ],
            [
              87.77053861883441,
              26.421061777224317
            ],
            [
              87.77060030794162,
              26.421171221682155
            ],
            [
              87.77125856822897,
              26.421551186051847
            ],
            [
              87.7714246254025,
              26.421414346120233
            ],
            [
              87.77233922175284,
              26.42066072482256
            ],
            [
              87.7723601974147,
              26.420643450866073
            ],
            [
              87.77220381779175,
              26.419790381929733
            ],
            [
              87.77233261194897,
              26.419496474316514
            ],
            [
              87.77235545969991,
              26.419238696742756
            ],
            [
              87.77326084742025,
              26.419230704865292
            ],
            [
              87.77414932794863,
              26.41947408278824
            ],
            [
              87.77502905259796,
              26.419859548242204
            ],
            [
              87.77596513305663,
              26.421121121630673
            ],
            [
              87.7761704591845,
              26.42182993606117
            ],
            [
              87.77594723232797,
              26.422021832377126
            ],
            [
              87.7757337432091,
              26.42211317277144
            ],
            [
              87.77496536923084,
              26.42065723736928
            ],
            [
              87.77333273959245,
              26.419926536751735
            ],
            [
              87.77298095214068,
              26.420216538271642
            ],
            [
              87.77304324311912,
              26.42064829307685
            ],
            [
              87.77307123462334,
              26.42084232405217
            ],
            [
              87.77322127483538,
              26.421028338009105
            ],
            [
              87.77350754186529,
              26.42138326011843
            ],
            [
              87.77358882412712,
              26.42148403195836
            ],
            [
              87.7739445533864,
              26.4219250552438
            ],
            [
              87.77399373075829,
              26.4219860266654
            ],
            [
              87.77418779740238,
              26.42222663137395
            ],
            [
              87.77521976672942,
              26.423506025177023
            ],
            [
              87.77532225462186,
              26.423633084333517
            ],
            [
              87.7755552794032,
              26.423932747806273
            ],
            [
              87.77612300837455,
              26.424662819692742
            ],
            [
              87.77612217114472,
              26.424669607722308
            ],
            [
              87.77605842309889,
              26.425186986652054
            ],
            [
              87.77553657198742,
              26.42541543661727
            ],
            [
              87.77547108570151,
              26.425402271721758
            ],
            [
              87.7749844557357,
              26.425304437153954
            ],
            [
              87.77414554244804,
              26.425135792675984
            ],
            [
              87.77335952106603,
              26.425255029121097
            ],
            [
              87.7728293982674,
              26.425819661327214
            ],
            [
              87.77280765813921,
              26.425842827114387
            ],
            [
              87.7727654921181,
              26.425836843605275
            ],
            [
              87.77250468424165,
              26.425799887103512
            ],
            [
              87.77201521110796,
              26.425994247279142
            ],
            [
              87.77201172474632,
              26.425995630933613
            ],
            [
              87.77170885505336,
              26.426115893771364
            ],
            [
              87.7708807502952,
              26.426852612632505
            ],
            [
              87.77046712192096,
              26.427519109685235
            ],
            [
              87.77058745574485,
              26.42779940265784
            ],
            [
              87.7706184170794,
              26.427871533343705
            ],
            [
              87.77117863433836,
              26.427935609159817
            ],
            [
              87.77152110895558,
              26.427688459387163
            ],
            [
              87.77242662693166,
              26.427034978397682
            ],
            [
              87.77316337661868,
              26.426630535921788
            ],
            [
              87.77377550661957,
              26.42671103839674
            ],
            [
              87.77485216084379,
              26.426645487350992
            ],
            [
              87.77541733141324,
              26.42696048534222
            ],
            [
              87.77550926230445,
              26.42709940300236
            ],
            [
              87.77555207241764,
              26.427225123630095
            ],
            [
              87.77570749443652,
              26.427681539607438
            ],
            [
              87.77427822361551,
              26.427758102015872
            ],
            [
              87.77339858879773,
              26.428237281385
            ],
            [
              87.77298900823213,
              26.42846041283006
            ],
            [
              87.77267730091339,
              26.4291995919332
            ],
            [
              87.77265066317025,
              26.429965025065176
            ],
            [
              87.77268778874432,
              26.430005628286786
            ],
            [
              87.7736447765929,
              26.43105244961575
            ],
            [
              87.77402652465607,
              26.43110753593986
            ],
            [
              87.7743174961631,
              26.430822069763963
            ],
            [
              87.7749359035912,
              26.429928949925355
            ],
            [
              87.77592529097716,
              26.429476321234954
            ],
            [
              87.77601517101459,
              26.429726672805057
            ],
            [
              87.77665383904561,
              26.43150558130978
            ],
            [
              87.77674737432793,
              26.431949627839614
            ],
            [
              87.77675346400726,
              26.431978544720316
            ],
            [
              87.77691231309896,
              26.43273266235995
            ],
            [
              87.77693202033966,
              26.43282621602827
            ],
            [
              87.77700710692096,
              26.43318267763768
            ],
            [
              87.77751806685798,
              26.434105933008702
            ],
            [
              87.77755147789833,
              26.43423934725096
            ],
            [
              87.777648230946,
              26.434625706888696
            ],
            [
              87.77768227440033,
              26.434761640680247
            ],
            [
              87.77790814140548,
              26.43566356967346
            ],
            [
              87.7778778520107,
              26.435980381834593
            ],
            [
              87.77780690306959,
              26.436198108146225
            ],
            [
              87.77766851221018,
              26.43644762223804
            ],
            [
              87.7768795263877,
              26.436720000163053
            ],
            [
              87.77640302492672,
              26.436854931646845
            ],
            [
              87.77593381598919,
              26.436647798598802
            ],
            [
              87.77578623536444,
              26.43637504003242
            ],
            [
              87.77542809323033,
              26.435713119642628
            ],
            [
              87.77497439370617,
              26.435284957333987
            ],
            [
              87.77439351968727,
              26.43515570700153
            ],
            [
              87.77357419236776,
              26.435104853686266
            ],
            [
              87.77318674090088,
              26.435350546903432
            ],
            [
              87.77301051839162,
              26.43599333799184
            ],
            [
              87.77312414359696,
              26.436410821969936
            ],
            [
              87.7742453623441,
              26.437713508108754
            ],
            [
              87.77429969874068,
              26.43786753089551
            ],
            [
              87.7743631988515,
              26.438047524853545
            ],
            [
              87.7745073200641,
              26.43845603434783
            ],
            [
              87.7744747300839,
              26.438837392008214
            ],
            [
              87.77445269710492,
              26.4390952198689
            ],
            [
              87.77425072887961,
              26.439814201813927
            ],
            [
              87.77441541612231,
              26.440423926936713
            ],
            [
              87.77489312222413,
              26.44086887134069
            ],
            [
              87.77518895990505,
              26.44102685131052
            ],
            [
              87.7757411534119,
              26.4413217247429
            ],
            [
              87.77660161638488,
              26.441781225844792
            ],
            [
              87.77790561713952,
              26.442233338083927
            ],
            [
              87.77789517691929,
              26.4425412700216
            ],
            [
              87.77789189986515,
              26.44263792930423
            ],
            [
              87.77756065688389,
              26.442802438032054
            ],
            [
              87.77746559805884,
              26.442808357922456
            ],
            [
              87.7770678698651,
              26.442833186872452
            ],
            [
              87.77633808212155,
              26.442543029101735
            ],
            [
              87.77579783441139,
              26.44251287378312
            ],
            [
              87.77561381362712,
              26.442793687693534
            ],
            [
              87.77584741961844,
              26.443104423639458
            ],
            [
              87.77641446497186,
              26.443858675986064
            ],
            [
              87.77651724481676,
              26.443995388732297
            ],
            [
              87.77657682198473,
              26.44424596614474
            ],
            [
              87.77662819933076,
              26.444462060151693
            ],
            [
              87.7766396905799,
              26.444510395834048
            ],
            [
              87.77667067437235,
              26.444640711853456
            ],
            [
              87.77669155391449,
              26.444728526686298
            ],
            [
              87.77669738398069,
              26.44475305199405
            ],
            [
              87.77671959033454,
              26.444899520060435
            ],
            [
              87.77675141674673,
              26.445109446144283
            ],
            [
              87.77680757043512,
              26.445276769664925
            ],
            [
              87.77684921723004,
              26.44540086826835
            ],
            [
              87.7768548703281,
              26.446113120613155
            ],
            [
              87.77685820577275,
              26.44653335162933
            ],
            [
              87.77687291209227,
              26.446803919349755
            ],
            [
              87.77691682803157,
              26.44761189237866
            ],
            [
              87.7767449569615,
              26.44797872389111
            ],
            [
              87.77664454327905,
              26.448193043054392
            ],
            [
              87.77622543967315,
              26.4485039003611
            ],
            [
              87.7759854026427,
              26.44857708860106
            ],
            [
              87.77510229763297,
              26.44884639763133
            ],
            [
              87.77497855919414,
              26.448884130925787
            ],
            [
              87.77429048472082,
              26.44927838620989
            ],
            [
              87.77423123004804,
              26.449457097197495
            ],
            [
              87.7741100347398,
              26.44982264723874
            ],
            [
              87.77405241140758,
              26.45014628179221
            ],
            [
              87.7740148438624,
              26.450357273636296
            ],
            [
              87.77436469903802,
              26.450816668723814
            ],
            [
              87.77476925263127,
              26.450919728731556
            ],
            [
              87.77498158382171,
              26.45097381871107
            ],
            [
              87.77610587840039,
              26.451084714630923
            ],
            [
              87.77651327875478,
              26.45095898705831
            ],
            [
              87.77667232906911,
              26.450909901279374
            ],
            [
              87.77699993477174,
              26.4508087980689
            ],
            [
              87.77750964425385,
              26.45065149263079
            ],
            [
              87.77861153844263,
              26.45054800772377
            ],
            [
              87.77898089065314,
              26.45061929898066
            ],
            [
              87.77905614881271,
              26.45070651569847
            ],
            [
              87.77942096632768,
              26.451129293179417
            ],
            [
              87.77929727909283,
              26.45156502431867
            ],
            [
              87.77852929139014,
              26.45217425937452
            ],
            [
              87.77844256533766,
              26.452243062026763
            ],
            [
              87.7784232596439,
              26.452258377682828
            ],
            [
              87.77831633317562,
              26.452343206901144
            ],
            [
              87.77765160322157,
              26.453109813322932
            ],
            [
              87.77766349601761,
              26.453134148648996
            ],
            [
              87.7779558554218,
              26.453732607211943
            ],
            [
              87.77876171699519,
              26.45385981078271
            ],
            [
              87.77986324107805,
              26.4534554463721
            ],
            [
              87.78105258715802,
              26.453227461362864
            ],
            [
              87.78154705761963,
              26.453431944325942
            ],
            [
              87.78278087479775,
              26.454068925931864
            ],
            [
              87.78305786223076,
              26.454467640734272
            ],
            [
              87.78317634283022,
              26.45499436876468
            ],
            [
              87.78326638366609,
              26.45539466794228
            ],
            [
              87.78340096656704,
              26.455992981252592
            ],
            [
              87.78390852727895,
              26.45743940173014
            ],
            [
              87.78447865385382,
              26.45817247983933
            ],
            [
              87.78483418728032,
              26.458629627310984
            ],
            [
              87.78494051906388,
              26.458697099943986
            ],
            [
              87.78573504300006,
              26.459201329114197
            ],
            [
              87.78673589738061,
              26.459626853969894
            ],
            [
              87.78831933437573,
              26.460745024079454
            ],
            [
              87.78877514404246,
              26.461391982380736
            ],
            [
              87.78881872940173,
              26.46196671033824
            ],
            [
              87.78882608121404,
              26.462063642828657
            ],
            [
              87.78882872136265,
              26.462098458181902
            ],
            [
              87.78855016726777,
              26.462367729154884
            ],
            [
              87.78781252824864,
              26.462810526027823
            ],
            [
              87.78681041622669,
              26.462773377120495
            ],
            [
              87.78655553723114,
              26.462753083296413
            ],
            [
              87.78631940517724,
              26.463028465399216
            ],
            [
              87.78651639493923,
              26.465823171301956
            ],
            [
              87.78700046111324,
              26.465710567843722
            ],
            [
              87.78713253232463,
              26.46563274960928
            ],
            [
              87.78724134794994,
              26.465568644901268
            ],
            [
              87.78784035356456,
              26.465215760771528
            ],
            [
              87.7882098989129,
              26.464649183321704
            ],
            [
              87.78860499234787,
              26.46435986620401
            ],
            [
              87.78911841636368,
              26.464321537256623
            ],
            [
              87.78960509483855,
              26.46461504827259
            ],
            [
              87.79017554840014,
              26.465362059667513
            ],
            [
              87.7901060691028,
              26.46578554166772
            ],
            [
              87.7900549639463,
              26.46596001076447
            ],
            [
              87.78995267278488,
              26.466309268223643
            ],
            [
              87.78846729408954,
              26.466775803376226
            ],
            [
              87.78832091271569,
              26.466788489086387
            ],
            [
              87.78701907869751,
              26.466901409939194
            ],
            [
              87.78701722637139,
              26.46690208624162
            ],
            [
              87.78656472160658,
              26.467069841293572
            ],
            [
              87.78641252364125,
              26.467528978305513
            ],
            [
              87.78646100212389,
              26.46767738276638
            ],
            [
              87.78664814185882,
              26.46808631710103
            ],
            [
              87.78776435159993,
              26.468712444398584
            ],
            [
              87.78870820518074,
              26.46923441826172
            ],
            [
              87.7895146102349,
              26.46943127601634
            ],
            [
              87.79000841863817,
              26.469346498792724
            ],
            [
              87.79031368593465,
              26.468926604344976
            ],
            [
              87.79064953098506,
              26.4685164016299
            ],
            [
              87.79067915921976,
              26.4669386733138
            ],
            [
              87.79086992006363,
              26.466609324912334
            ],
            [
              87.79123109311348,
              26.466488407131475
            ],
            [
              87.79134459704626,
              26.46645041986008
            ],
            [
              87.79187264473659,
              26.466726093874595
            ],
            [
              87.79202056402622,
              26.46758665185967
            ],
            [
              87.79197537427582,
              26.46837786039993
            ],
            [
              87.7919441982439,
              26.468923714228115
            ],
            [
              87.79198310697382,
              26.468915366341516
            ],
            [
              87.79216523410946,
              26.468876290246843
            ],
            [
              87.79233064539432,
              26.46884081834411
            ],
            [
              87.79359153779508,
              26.46857035306932
            ],
            [
              87.79445837072174,
              26.46827895822264
            ],
            [
              87.7945327584138,
              26.4682531448441
            ],
            [
              87.79481058038172,
              26.46815673785525
            ],
            [
              87.79579766628389,
              26.467814203941025
            ],
            [
              87.79605709165313,
              26.46772417838951
            ],
            [
              87.79619964979713,
              26.467674696874607
            ],
            [
              87.79652821310388,
              26.467560683927108
            ],
            [
              87.79658351339276,
              26.46754149666735
            ],
            [
              87.79853532882466,
              26.466864151377507
            ],
            [
              87.80088885019035,
              26.466032267937372
            ],
            [
              87.80556452375201,
              26.46439560004292
            ],
            [
              87.80692919941589,
              26.463797861969507
            ],
            [
              87.8088002850498,
              26.4629862541738
            ],
            [
              87.81311149682935,
              26.461085431804598
            ],
            [
              87.81599718106764,
              26.4597444873087
            ],
            [
              87.81723805630895,
              26.4591817077913
            ],
            [
              87.82024068682422,
              26.456504215109188
            ],
            [
              87.8216268906139,
              26.455288312119116
            ],
            [
              87.82229384389827,
              26.454707651648953
            ],
            [
              87.82321568156812,
              26.454204639740148
            ],
            [
              87.82313571893141,
              26.45353894527016
            ],
            [
              87.82503363814118,
              26.45251226034291
            ],
            [
              87.82539345922656,
              26.45231760870948
            ],
            [
              87.82661848279635,
              26.451496096599108
            ],
            [
              87.82874940343127,
              26.450475852626706
            ],
            [
              87.8288690221962,
              26.450420320339717
            ],
            [
              87.82918397692468,
              26.450274131944806
            ],
            [
              87.82973182887376,
              26.45001985186071
            ],
            [
              87.82966453607581,
              26.449484093070282
            ],
            [
              87.82934741910245,
              26.446959265932737
            ],
            [
              87.82929296322992,
              26.446583965847367
            ],
            [
              87.82894090808017,
              26.444157587113317
            ],
            [
              87.82877438198607,
              26.443009856814484
            ],
            [
              87.82865595169226,
              26.442205150092885
            ],
            [
              87.82855774966205,
              26.441546954318206
            ],
            [
              87.82838756832302,
              26.440406297201736
            ],
            [
              87.82837510419846,
              26.440322747761225
            ],
            [
              87.82836584885611,
              26.440260718665098
            ],
            [
              87.8283333235546,
              26.44004270804982
            ],
            [
              87.82832750157324,
              26.44000370178664
            ],
            [
              87.82841454742595,
              26.43998874002494
            ],
            [
              87.828687486152,
              26.43994186475909
            ],
            [
              87.82898516897255,
              26.439890729619272
            ],
            [
              87.82898616430587,
              26.439890570357328
            ],
            [
              87.8290902323349,
              26.43987269119116
            ],
            [
              87.83030751602021,
              26.439663604963638
            ],
            [
              87.83172316658488,
              26.43942042973054
            ],
            [
              87.83372408572684,
              26.439076694679102
            ],
            [
              87.83400801713698,
              26.4390279159281
            ],
            [
              87.83638928207192,
              26.4386188019722
            ],
            [
              87.8377685284097,
              26.43838182296181
            ],
            [
              87.8386341647804,
              26.438234246238146
            ],
            [
              87.84090511839509,
              26.437847058134484
            ],
            [
              87.84108364508309,
              26.437815151282553
            ],
            [
              87.84192525870645,
              26.437664723954473
            ],
            [
              87.84443299295867,
              26.43721651590597
            ],
            [
              87.84558429538637,
              26.437034071333454
            ],
            [
              87.84882840562642,
              26.43646348536201
            ],
            [
              87.8496636178551,
              26.43981080422338
            ],
            [
              87.85102688855383,
              26.445282092625966
            ],
            [
              87.85376646360783,
              26.446233096232007
            ],
            [
              87.855869750268,
              26.446963178066987
            ],
            [
              87.8584800990751,
              26.447869215611018
            ],
            [
              87.86136643459199,
              26.448861721782027
            ],
            [
              87.86142506493564,
              26.448881882129577
            ],
            [
              87.86141074668835,
              26.449163337617627
            ],
            [
              87.86138916196869,
              26.44920699921696
            ],
            [
              87.86127490255274,
              26.44943813372911
            ],
            [
              87.86126644581266,
              26.449455241708545
            ],
            [
              87.86120419885168,
              26.449581150278497
            ],
            [
              87.86109564373781,
              26.4498007538237
            ],
            [
              87.8610285692305,
              26.449936437273614
            ],
            [
              87.86095031339282,
              26.450697442640674
            ],
            [
              87.86093162843493,
              26.451219079971352
            ],
            [
              87.86119628379573,
              26.451343107026247
            ],
            [
              87.86182593274131,
              26.45163818165957
            ],
            [
              87.8620668087982,
              26.452007627089575
            ],
            [
              87.86242583936611,
              26.452558290036805
            ],
            [
              87.86245208544378,
              26.452641106765068
            ],
            [
              87.86250187007681,
              26.452798190725854
            ],
            [
              87.86259992927494,
              26.453107616886182
            ],
            [
              87.86094106433866,
              26.453737654726417
            ],
            [
              87.85998753410558,
              26.454215194760366
            ],
            [
              87.8594548205657,
              26.454481996622544
            ],
            [
              87.85911580536063,
              26.45507026480172
            ],
            [
              87.8590712516175,
              26.455147576263006
            ],
            [
              87.85898599520883,
              26.45529551574818
            ],
            [
              87.85885687586146,
              26.455519558279295
            ],
            [
              87.85885386021704,
              26.455524793908577
            ],
            [
              87.85882335522663,
              26.455577717180066
            ],
            [
              87.85874106056343,
              26.45572051539306
            ],
            [
              87.85866650758139,
              26.45584988419952
            ],
            [
              87.85850580885852,
              26.45612873380935
            ],
            [
              87.85843398136504,
              26.456253365189422
            ],
            [
              87.85836062404063,
              26.456380652833133
            ],
            [
              87.85824980337561,
              26.45657294761836
            ],
            [
              87.85823788542672,
              26.456593626957048
            ],
            [
              87.85827358986602,
              26.45680083029964
            ],
            [
              87.85837127177169,
              26.457367716601144
            ],
            [
              87.85839569696428,
              26.457509467899037
            ],
            [
              87.85846432825196,
              26.45790775017644
            ],
            [
              87.85850673861486,
              26.4581538708613
            ],
            [
              87.85871002197376,
              26.459333570695485
            ],
            [
              87.85871876617473,
              26.45938431198353
            ],
            [
              87.85963762413274,
              26.459533446719465
            ],
            [
              87.85956820592088,
              26.459608981084205
            ],
            [
              87.85934232094941,
              26.459854765187576
            ],
            [
              87.85913136957124,
              26.460084298854394
            ],
            [
              87.85886285235306,
              26.46071841364965
            ],
            [
              87.85826262323302,
              26.46107645526507
            ],
            [
              87.85819655573712,
              26.46227186730672
            ],
            [
              87.85809040092168,
              26.463235386147915
            ],
            [
              87.8584327210287,
              26.463902432681166
            ],
            [
              87.85987096422276,
              26.463756138363316
            ],
            [
              87.86164150681684,
              26.46385399978995
            ],
            [
              87.86280689482818,
              26.46458100810668
            ],
            [
              87.86333560817012,
              26.465721363865097
            ],
            [
              87.86331142642099,
              26.46705298200552
            ],
            [
              87.86333064587649,
              26.46794656268403
            ],
            [
              87.86367247640167,
              26.468100927816835
            ],
            [
              87.86475460495923,
              26.46858962378944
            ],
            [
              87.86712257033636,
              26.469577399878574
            ],
            [
              87.86937225184512,
              26.4705158126411
            ],
            [
              87.87387206222361,
              26.47210513971093
            ],
            [
              87.8768831458857,
              26.473201997601436
            ],
            [
              87.87731469385322,
              26.473351870305205
            ],
            [
              87.88001803895351,
              26.474316549992274
            ],
            [
              87.88317994795517,
              26.475471180234376
            ],
            [
              87.8834077840674,
              26.475554385746257
            ],
            [
              87.88598018713861,
              26.476413360372522
            ],
            [
              87.886102685004,
              26.476958816649237
            ],
            [
              87.88783485785736,
              26.484671401225178
            ],
            [
              87.8882937056264,
              26.486759760670427
            ],
            [
              87.88842239917231,
              26.486659160111905
            ],
            [
              87.89065789089281,
              26.484911813884093
            ],
            [
              87.89202869216861,
              26.483826203692825
            ],
            [
              87.89316738943623,
              26.482924386616364
            ],
            [
              87.89431707040484,
              26.48201384727293
            ],
            [
              87.89444769802357,
              26.48190762218504
            ],
            [
              87.89674536933143,
              26.480039117694986
            ],
            [
              87.89716043770505,
              26.47970454974979
            ],
            [
              87.89878661115154,
              26.47839373495637
            ],
            [
              87.89898149077095,
              26.478243296312193
            ],
            [
              87.8992080458856,
              26.478068405200858
            ],
            [
              87.90017941755849,
              26.477318537339084
            ],
            [
              87.90018027994118,
              26.477317872355147
            ],
            [
              87.90020647391654,
              26.477297651052037
            ],
            [
              87.9002067586825,
              26.477281702690743
            ],
            [
              87.90097806296522,
              26.47562082965767
            ],
            [
              87.90224907398937,
              26.473013613702083
            ],
            [
              87.90237562415501,
              26.47276867710165
            ],
            [
              87.90247509909798,
              26.472576144012127
            ],
            [
              87.90421151110117,
              26.468967579825307
            ],
            [
              87.90513363802852,
              26.46708877210387
            ],
            [
              87.90608584055158,
              26.46514861363016
            ],
            [
              87.90650264357205,
              26.464299337792255
            ]
          ]
        ]
      }
    }
  ]
}