{
  "type": "FeatureCollection",
  "features": [
    {
      "type": "Feature",
      "properties": {
        "object_id": "10-207-01092",
        "stname": "BIHAR",
        "dtname": "Madhubani",
        "sdtname": "Bisfi",
        "st_area_sh": 0.0,
        "st_length_": 0.0,
        "remarks": "",
        "dist_lgd": 206,
        "state_lgd": 10,
        "subdt_lgd": 1092,
        "ac_no": null,
        "st_length(shape)": 99754.46134559005,
        "st_area(shape)": 226192948.413646
      },
      "geometry": {
        "type": "Polygon",
        "coordinates": [
          [
            [
              85.95539042367028,
              26.422297759951224
            ],
            [
              85.95567670507324,
              26.419092366617573
            ],
            [
              85.9558993471265,
              26.418621890958065
            ],
            [
              85.95615357304688,
              26.41839506389301
            ],
            [
              85.95702556859146,
              26.418368203938652
            ],
            [
              85.9584497387783,
              26.41849197592719
            ],
            [
              85.96000280912358,
              26.418380512841125
            ],
            [
              85.96187170196988,
              26.418271908050645
            ],
            [
              85.96212148122956,
              26.418139867123134
            ],
            [
              85.9621189021664,
              26.417711105350815
            ],
            [
              85.96215914040292,
              26.414470785369428
            ],
            [
              85.96240606661327,
              26.413873905747053
            ],
            [
              85.96299015570258,
              26.41351003820898
            ],
            [
              85.96358348216795,
              26.412997060024765
            ],
            [
              85.96379078189447,
              26.41248158788497
            ],
            [
              85.96397301772629,
              26.41195271208285
            ],
            [
              85.96435682472807,
              26.41161691006191
            ],
            [
              85.96463560699503,
              26.41130858576014
            ],
            [
              85.96471286300778,
              26.410829920957337
            ],
            [
              85.96450677960013,
              26.40991939162546
            ],
            [
              85.96462567791617,
              26.40970663777512
            ],
            [
              85.96524461355368,
              26.409297428616163
            ],
            [
              85.96659302881261,
              26.40852357200787
            ],
            [
              85.96675178717445,
              26.408256457772488
            ],
            [
              85.96677411120757,
              26.407814130300448
            ],
            [
              85.96650138628058,
              26.40666929591285
            ],
            [
              85.9664197042684,
              26.40642148103277
            ],
            [
              85.96655289567894,
              26.40608685611843
            ],
            [
              85.96721711898321,
              26.405699934190697
            ],
            [
              85.96790714459733,
              26.40545737363834
            ],
            [
              85.96826285319534,
              26.405433028245184
            ],
            [
              85.96864946204246,
              26.405548340945426
            ],
            [
              85.968887205674,
              26.405912717153093
            ],
            [
              85.96913233255883,
              26.406638021687122
            ],
            [
              85.9693582076488,
              26.406704605123064
            ],
            [
              85.97028303760685,
              26.40632088591586
            ],
            [
              85.9718031829003,
              26.405776166022566
            ],
            [
              85.97353105282346,
              26.40560955918318
            ],
            [
              85.97678388211166,
              26.405651697291557
            ],
            [
              85.97872181228418,
              26.40540271839245
            ],
            [
              85.98412690168689,
              26.404242406895296
            ],
            [
              85.98568859226562,
              26.403931979766625
            ],
            [
              85.98689504676018,
              26.403731699136586
            ],
            [
              85.98798487477804,
              26.403306482022366
            ],
            [
              85.98953496990305,
              26.402770472310824
            ],
            [
              85.98995296678456,
              26.40230349694541
            ],
            [
              85.99055073182575,
              26.40173629392022
            ],
            [
              85.99078569606975,
              26.401640302778738
            ],
            [
              85.99106649415624,
              26.401675018913622
            ],
            [
              85.99172018740869,
              26.402019102026106
            ],
            [
              85.99481788124059,
              26.401326061177993
            ],
            [
              85.9950725509287,
              26.401189376685092
            ],
            [
              85.9951142516225,
              26.400893204133844
            ],
            [
              85.99513486885658,
              26.400746774298902
            ],
            [
              85.99513168971878,
              26.400680810206566
            ],
            [
              85.99506552161158,
              26.39930777396315
            ],
            [
              85.99472503855934,
              26.39930809259916
            ],
            [
              85.99359063973037,
              26.399079191021873
            ],
            [
              85.99322192801861,
              26.398926362005298
            ],
            [
              85.99317238413407,
              26.398881816374317
            ],
            [
              85.99299492015307,
              26.398722254669806
            ],
            [
              85.99296604740152,
              26.398237130277494
            ],
            [
              85.99296529191837,
              26.397573257761884
            ],
            [
              85.99293620626608,
              26.396858356754006
            ],
            [
              85.9930202373727,
              26.39586247068423
            ],
            [
              85.9929403636692,
              26.395595246677416
            ],
            [
              85.99275700135007,
              26.394981781799153
            ],
            [
              85.99275673185548,
              26.394700903748777
            ],
            [
              85.99284134327377,
              26.39421567474756
            ],
            [
              85.99319515732485,
              26.39369189170852
            ],
            [
              85.99350663916644,
              26.393321387115424
            ],
            [
              85.99386069127107,
              26.392989188956374
            ],
            [
              85.99408720416488,
              26.392682548172125
            ],
            [
              85.99421440920241,
              26.39232501025458
            ],
            [
              85.99422820193529,
              26.392005767913513
            ],
            [
              85.99413094762764,
              26.39155918411382
            ],
            [
              85.99411424525158,
              26.39148248582767
            ],
            [
              85.99383016112782,
              26.39084434001356
            ],
            [
              85.99353632938491,
              26.390533047209534
            ],
            [
              85.99318176883385,
              26.39039286800658
            ],
            [
              85.99220380173011,
              26.39045758023456
            ],
            [
              85.99155184492109,
              26.390636899014503
            ],
            [
              85.9911975727292,
              26.390752133956596
            ],
            [
              85.99068737007202,
              26.3908037012803
            ],
            [
              85.99038946177437,
              26.390650641626088
            ],
            [
              85.9902050017139,
              26.39042091898911
            ],
            [
              85.9901761900478,
              26.38999944620316
            ],
            [
              85.99011876524328,
              26.389271521602534
            ],
            [
              85.99011783099536,
              26.388364781375188
            ],
            [
              85.99013151862538,
              26.387828403734474
            ],
            [
              85.99006031456267,
              26.387509194830553
            ],
            [
              85.989859923779,
              26.38725014113077
            ],
            [
              85.9898332105774,
              26.387215608962645
            ],
            [
              85.98952116998368,
              26.387075359745406
            ],
            [
              85.98888319994361,
              26.386973708067224
            ],
            [
              85.9876073577799,
              26.386898148637176
            ],
            [
              85.9858500383868,
              26.387282692067433
            ],
            [
              85.98420165319664,
              26.38792159629342
            ],
            [
              85.98369170296603,
              26.388368949786685
            ],
            [
              85.98309673258368,
              26.38871430698523
            ],
            [
              85.98260085985189,
              26.388995631727465
            ],
            [
              85.9818074929458,
              26.38945595210156
            ],
            [
              85.98122650573917,
              26.389737389304855
            ],
            [
              85.9808722919378,
              26.389890969202423
            ],
            [
              85.98047538031267,
              26.389929582017903
            ],
            [
              85.9796531002308,
              26.38977691872819
            ],
            [
              85.97872530583233,
              26.389665118897295
            ],
            [
              85.97807316486866,
              26.38960168892346
            ],
            [
              85.97760535011648,
              26.389563768044034
            ],
            [
              85.97722259683853,
              26.389474630913824
            ],
            [
              85.9769672147864,
              26.389219375010445
            ],
            [
              85.9768818487833,
              26.388861869018882
            ],
            [
              85.97689010789401,
              26.388651991013397
            ],
            [
              85.97690949174121,
              26.388159378286115
            ],
            [
              85.97669591458747,
              26.387073979647766
            ],
            [
              85.97655369780324,
              26.386524932852353
            ],
            [
              85.97639714480542,
              26.385873763252693
            ],
            [
              85.97628416099718,
              26.38469265899069
            ],
            [
              85.97617044326539,
              26.3843223991346
            ],
            [
              85.97575902295009,
              26.383939535809144
            ],
            [
              85.9752486442231,
              26.38378664168676
            ],
            [
              85.97439818488913,
              26.38380005275405
            ],
            [
              85.97309425689801,
              26.38399249033315
            ],
            [
              85.97193206868569,
              26.384082739020403
            ],
            [
              85.97137916281486,
              26.384057549772773
            ],
            [
              85.97036801823273,
              26.384149773246158
            ],
            [
              85.96973013532927,
              26.384099047930683
            ],
            [
              85.96920562520454,
              26.384048323397682
            ],
            [
              85.9687235964096,
              26.38392098003218
            ],
            [
              85.96835479935791,
              26.38364024487798
            ],
            [
              85.96821296884929,
              26.38343599222188
            ],
            [
              85.96815598421924,
              26.383193347065106
            ],
            [
              85.96839674978337,
              26.38291221903358
            ],
            [
              85.9686942259914,
              26.382656600168005
            ],
            [
              85.96911924230852,
              26.38246473737174
            ],
            [
              85.96945903096302,
              26.381902632396113
            ],
            [
              85.9695861686269,
              26.38137890134527
            ],
            [
              85.96951464386564,
              26.3806509602346
            ],
            [
              85.96927311563184,
              26.380047111036607
            ],
            [
              85.96923038097715,
              26.379689546071738
            ],
            [
              85.96921587498193,
              26.37937028409295
            ],
            [
              85.96924401560653,
              26.379102069870207
            ],
            [
              85.96978219629325,
              26.37860359784779
            ],
            [
              85.97131235331057,
              26.377861895922326
            ],
            [
              85.97221909658865,
              26.377452556173473
            ],
            [
              85.97284261812568,
              26.37719664918378
            ],
            [
              85.97349439976321,
              26.37704296387939
            ],
            [
              85.97451473321237,
              26.376799555226878
            ],
            [
              85.9755289697957,
              26.376803836726786
            ],
            [
              85.97582656817461,
              26.376803618627825
            ],
            [
              85.97619499422208,
              26.376739532927065
            ],
            [
              85.9763649518806,
              26.37657335981902
            ],
            [
              85.97646380069781,
              26.376139073213178
            ],
            [
              85.97686015536749,
              26.375589632400978
            ],
            [
              85.97721426406595,
              26.37529557600998
            ],
            [
              85.97748334991775,
              26.375129387143566
            ],
            [
              85.97803605995585,
              26.375001246041514
            ],
            [
              85.97870200443218,
              26.374796446938245
            ],
            [
              85.97905607001152,
              26.37454075699776
            ],
            [
              85.97936751322558,
              26.37409353666607
            ],
            [
              85.97965951330364,
              26.372812755644492
            ],
            [
              85.97978643177855,
              26.372033596147336
            ],
            [
              85.9797574602123,
              26.371395074068325
            ],
            [
              85.97981755930145,
              26.370623472888287
            ],
            [
              85.98008455297693,
              26.369803237210753
            ],
            [
              85.98065499486044,
              26.36899888501361
            ],
            [
              85.9807232174147,
              26.36886537360337
            ],
            [
              85.98076186922643,
              26.368789733112443
            ],
            [
              85.98058317185854,
              26.368548753821248
            ],
            [
              85.97997625388292,
              26.368484843024238
            ],
            [
              85.97942283956563,
              26.3683888089509
            ],
            [
              85.97881574911347,
              26.368196326870287
            ],
            [
              85.97833336728063,
              26.367682142071402
            ],
            [
              85.97810023739639,
              26.366508575317845
            ],
            [
              85.97808179678023,
              26.365881504175384
            ],
            [
              85.9784025564221,
              26.365318516066985
            ],
            [
              85.97866994176306,
              26.364932376704342
            ],
            [
              85.97906476121189,
              26.364586319802452
            ],
            [
              85.97929413434159,
              26.364385274714234
            ],
            [
              85.97968655169538,
              26.364015101904393
            ],
            [
              85.97991824786837,
              26.36370942170389
            ],
            [
              85.98023967226356,
              26.363080254739756
            ],
            [
              85.98023926891999,
              26.3627264242885
            ],
            [
              85.97979302092116,
              26.362630251819034
            ],
            [
              85.97909675560904,
              26.362518211616226
            ],
            [
              85.97799015424822,
              26.362535057214043
            ],
            [
              85.97763310716043,
              26.362438882975596
            ],
            [
              85.97729395990302,
              26.362358635896708
            ],
            [
              85.97727686675978,
              26.36211544663868
            ],
            [
              85.97727587681634,
              26.36210137464998
            ],
            [
              85.97748966507417,
              26.36166691292702
            ],
            [
              85.97809604406065,
              26.36118388099152
            ],
            [
              85.97886322507622,
              26.36079733422032
            ],
            [
              85.979594677398,
              26.360507222872062
            ],
            [
              85.98014798032419,
              26.36047468934413
            ],
            [
              85.98079048056825,
              26.360441974702898
            ],
            [
              85.981272152732,
              26.360200367888666
            ],
            [
              85.98152179365117,
              26.35992668166186
            ],
            [
              85.9815215439195,
              26.359669366709024
            ],
            [
              85.9814140829536,
              26.359283445928043
            ],
            [
              85.98136863898004,
              26.359254643643613
            ],
            [
              85.9806283202864,
              26.358785438988136
            ],
            [
              85.97852094359678,
              26.357435917345136
            ],
            [
              85.97803870190111,
              26.3570019959088
            ],
            [
              85.9779576621844,
              26.3569128690749
            ],
            [
              85.97771710592772,
              26.35664831106303
            ],
            [
              85.97777379501203,
              26.35593419676639
            ],
            [
              85.97838026023673,
              26.35548339489946
            ],
            [
              85.97882612196004,
              26.355209579181587
            ],
            [
              85.97918290584144,
              26.354968081371478
            ],
            [
              85.97923615797147,
              26.354678552669053
            ],
            [
              85.97889695412017,
              26.354550096699253
            ],
            [
              85.97816521703247,
              26.354534586957186
            ],
            [
              85.9773798289627,
              26.354454677300847
            ],
            [
              85.9768978621515,
              26.354310299980927
            ],
            [
              85.97661187719264,
              26.35390838381151
            ],
            [
              85.97630811637087,
              26.35352259111119
            ],
            [
              85.97586139406155,
              26.352847403900135
            ],
            [
              85.97543260212528,
              26.352332960867184
            ],
            [
              85.97489674268527,
              26.35183472436375
            ],
            [
              85.97405750241087,
              26.35135282339464
            ],
            [
              85.97325401867803,
              26.350919114186755
            ],
            [
              85.97206472919191,
              26.350031658171723
            ],
            [
              85.97117200142888,
              26.349549715881494
            ],
            [
              85.97056486067105,
              26.349228453983528
            ],
            [
              85.96983281366457,
              26.34881076814948
            ],
            [
              85.96965423038269,
              26.34858566669433
            ],
            [
              85.96983223694613,
              26.348038733690323
            ],
            [
              85.97031371597213,
              26.347668414367597
            ],
            [
              85.97141965437629,
              26.347008156337598
            ],
            [
              85.97245426924185,
              26.34652487882958
            ],
            [
              85.97325704600053,
              26.34613834424236
            ],
            [
              85.97429168062902,
              26.34571933508579
            ],
            [
              85.97466598615003,
              26.345204408739946
            ],
            [
              85.97470144894251,
              26.344904011238203
            ],
            [
              85.97471916012665,
              26.34475399412855
            ],
            [
              85.97466536092259,
              26.344400140612336
            ],
            [
              85.97394406585173,
              26.343598595121716
            ],
            [
              85.97373405321304,
              26.3433652126886
            ],
            [
              85.97314480689568,
              26.34291525219921
            ],
            [
              85.97291245674913,
              26.342481120113096
            ],
            [
              85.97239473788797,
              26.34227237026157
            ],
            [
              85.97162738259924,
              26.342305054620656
            ],
            [
              85.97037844857151,
              26.342563330770723
            ],
            [
              85.96858594666033,
              26.342646504187016
            ],
            [
              85.96781824821512,
              26.342277124789835
            ],
            [
              85.96712194158053,
              26.341891554935913
            ],
            [
              85.96672893044035,
              26.34144144783417
            ],
            [
              85.9662287278289,
              26.340717996138096
            ],
            [
              85.96585373419838,
              26.340428633836424
            ],
            [
              85.96521118364868,
              26.340332627181255
            ],
            [
              85.96490026864402,
              26.340358053785543
            ],
            [
              85.9634268743729,
              26.34047854267818
            ],
            [
              85.96287359300625,
              26.340462801611338
            ],
            [
              85.96228465570935,
              26.34036662833982
            ],
            [
              85.96190971418113,
              26.340173862126907
            ],
            [
              85.96162398524208,
              26.339820220823587
            ],
            [
              85.96144509383807,
              26.339273421081106
            ],
            [
              85.96139103142765,
              26.33866224869426
            ],
            [
              85.96128362705565,
              26.338211940647653
            ],
            [
              85.96094409172603,
              26.33760095587108
            ],
            [
              85.96037265181423,
              26.337006165078062
            ],
            [
              85.95959624689732,
              26.336127110393726
            ],
            [
              85.95907818937127,
              26.335435827117003
            ],
            [
              85.9587742911073,
              26.33469616933244
            ],
            [
              85.95827462389174,
              26.33308220884057
            ],
            [
              85.95814842317074,
              26.33140947785164
            ],
            [
              85.95796953536002,
              26.33079839034394
            ],
            [
              85.95762919783485,
              26.32906153516574
            ],
            [
              85.95721807755685,
              26.32808057418085
            ],
            [
              85.95720458755625,
              26.327112491135864
            ],
            [
              85.9571998426549,
              26.326772024714526
            ],
            [
              85.95762751618865,
              26.326015835860943
            ],
            [
              85.95805540711466,
              26.325693829085857
            ],
            [
              85.95859056676707,
              26.325420090215687
            ],
            [
              85.95900094683326,
              26.32541981968503
            ],
            [
              85.959696948939,
              26.32561239468782
            ],
            [
              85.96062516015574,
              26.32607822907384
            ],
            [
              85.9619282742732,
              26.32684950102978
            ],
            [
              85.96305294883926,
              26.32758868238942
            ],
            [
              85.9636419076957,
              26.32776520584568
            ],
            [
              85.96474827998617,
              26.32786095723054
            ],
            [
              85.96623484086442,
              26.32700232713063
            ],
            [
              85.96703766074225,
              26.326744389843054
            ],
            [
              85.96791187602395,
              26.326727754006352
            ],
            [
              85.96862538898948,
              26.326405513303794
            ],
            [
              85.96917797326346,
              26.32574570803804
            ],
            [
              85.96960519314796,
              26.3246355566731
            ],
            [
              85.97065276171993,
              26.323458536245717
            ],
            [
              85.9711157983331,
              26.322396670053525
            ],
            [
              85.97165010278938,
              26.32131861002234
            ],
            [
              85.9721135220849,
              26.32083574539774
            ],
            [
              85.97263082861936,
              26.320626286599175
            ],
            [
              85.97325514875865,
              26.32044892533536
            ],
            [
              85.97400418111056,
              26.320046195074582
            ],
            [
              85.97464612619574,
              26.31967582966992
            ],
            [
              85.97498495185629,
              26.319482513681223
            ],
            [
              85.97514282358095,
              26.319336747252333
            ],
            [
              85.97477552042758,
              26.31900972405889
            ],
            [
              85.9743945808482,
              26.318536160321283
            ],
            [
              85.97413381070102,
              26.318148232674197
            ],
            [
              85.97400831695413,
              26.31781436108912
            ],
            [
              85.9738227052535,
              26.3173676533606
            ],
            [
              85.97357696931088,
              26.316979741930542
            ],
            [
              85.97333111928225,
              26.316366115127025
            ],
            [
              85.97303527171984,
              26.315924032615804
            ],
            [
              85.97236353760151,
              26.315062589142812
            ],
            [
              85.9720074993218,
              26.314449073773737
            ],
            [
              85.97162130729296,
              26.313767807803487
            ],
            [
              85.97129541557585,
              26.313280635099552
            ],
            [
              85.97106455303943,
              26.312685079211168
            ],
            [
              85.9703172939619,
              26.311236948699403
            ],
            [
              85.96986589592152,
              26.310307555118673
            ],
            [
              85.96933879236057,
              26.308764484604062
            ],
            [
              85.96912804310335,
              26.308150832811773
            ],
            [
              85.9690828380816,
              26.307983930648255
            ],
            [
              85.96869728295832,
              26.308015738082332
            ],
            [
              85.96795636598668,
              26.308165159384274
            ],
            [
              85.96724544016917,
              26.30833257826984
            ],
            [
              85.96658449930896,
              26.308319510354526
            ],
            [
              85.96585834255578,
              26.308238707152803
            ],
            [
              85.96533248136488,
              26.308085581697824
            ],
            [
              85.96451632779326,
              26.308167359383912
            ],
            [
              85.96393552833452,
              26.308266993071182
            ],
            [
              85.9633649022964,
              26.308461407639836
            ],
            [
              85.96285925140275,
              26.308615119638315
            ],
            [
              85.96257885755816,
              26.30861534913957
            ],
            [
              85.96234845495916,
              26.30850263094651
            ],
            [
              85.96220805636509,
              26.308249989793353
            ],
            [
              85.96202236740933,
              26.30769501399737
            ],
            [
              85.96188670742838,
              26.30711295324099
            ],
            [
              85.96193122973048,
              26.30633212322333
            ],
            [
              85.9619007912154,
              26.30585835466276
            ],
            [
              85.96185051161065,
              26.30561015696414
            ],
            [
              85.96148006884535,
              26.30567807819633
            ],
            [
              85.96090939070491,
              26.305890540359602
            ],
            [
              85.96050885258099,
              26.3059855093727
            ],
            [
              85.96010841417005,
              26.306057993937234
            ],
            [
              85.95946251020939,
              26.306112538318683
            ],
            [
              85.95903683363053,
              26.30607216132197
            ],
            [
              85.95868127864446,
              26.306031749683903
            ],
            [
              85.958295680402,
              26.305878532731388
            ],
            [
              85.95795999076012,
              26.30566663183193
            ],
            [
              85.95793651418848,
              26.305662107723304
            ],
            [
              85.95793637674625,
              26.305662081954097
            ],
            [
              85.95753928905131,
              26.30558556908817
            ],
            [
              85.95699851672501,
              26.30554525230452
            ],
            [
              85.95649284067854,
              26.305545547040275
            ],
            [
              85.95589188931304,
              26.305446644632216
            ],
            [
              85.95527094234761,
              26.305365741182047
            ],
            [
              85.9547001707824,
              26.305420178785752
            ],
            [
              85.9541594873893,
              26.305515280251704
            ],
            [
              85.95391916469457,
              26.30558313711639
            ],
            [
              85.95350354565365,
              26.3055833569602
            ],
            [
              85.95305779532147,
              26.305403052686156
            ],
            [
              85.95287245042047,
              26.30524975034698
            ],
            [
              85.95259200896517,
              26.30522278436973
            ],
            [
              85.95240684821881,
              26.305416989838065
            ],
            [
              85.95210151534535,
              26.305629277732358
            ],
            [
              85.95180621126366,
              26.30575126194267
            ],
            [
              85.95137561640863,
              26.30582368384134
            ],
            [
              85.95089492790012,
              26.305796875028612
            ],
            [
              85.95026401322829,
              26.305810767842377
            ],
            [
              85.94970824262998,
              26.30587874693763
            ],
            [
              85.94942786944667,
              26.305933032101287
            ],
            [
              85.94919769142649,
              26.306086546937266
            ],
            [
              85.9490026447204,
              26.306420618205898
            ],
            [
              85.94863741128545,
              26.30697590611065
            ],
            [
              85.94832721044143,
              26.307382262869773
            ],
            [
              85.94817221512231,
              26.30768466622601
            ],
            [
              85.94803215878638,
              26.307896893597555
            ],
            [
              85.94800214517441,
              26.30803679593723
            ],
            [
              85.94797713338194,
              26.3080368056005
            ],
            [
              85.9478970611508,
              26.308036837811375
            ],
            [
              85.94777174796529,
              26.307869883140935
            ],
            [
              85.94730564180877,
              26.3071706336824
            ],
            [
              85.94698490282813,
              26.306669903714294
            ],
            [
              85.94679951031642,
              26.306489415915664
            ],
            [
              85.94665920963871,
              26.30646247438531
            ],
            [
              85.94631872029827,
              26.30646259115128
            ],
            [
              85.9454076004281,
              26.306688740848802
            ],
            [
              85.94457652314468,
              26.30686960762378
            ],
            [
              85.94379040025302,
              26.306964761048807
            ],
            [
              85.94280907973834,
              26.307132233206303
            ],
            [
              85.94211817377523,
              26.3073536650935
            ],
            [
              85.94162261904704,
              26.307606599710102
            ],
            [
              85.94120718685572,
              26.307927296660477
            ],
            [
              85.94091196362241,
              26.30824779623747
            ],
            [
              85.94077439472147,
              26.308647556618226
            ],
            [
              85.9403791548611,
              26.30909353618846
            ],
            [
              85.93964567144846,
              26.309313467344687
            ],
            [
              85.93955036019682,
              26.309381579669434
            ],
            [
              85.93926029239493,
              26.30958887573708
            ],
            [
              85.93850420377649,
              26.309661469173825
            ],
            [
              85.93782320173938,
              26.30950826909899
            ],
            [
              85.93721713536665,
              26.309255855611926
            ],
            [
              85.9364906156941,
              26.30839420472839
            ],
            [
              85.93616494855583,
              26.307988125309986
            ],
            [
              85.93573424230972,
              26.307807789345112
            ],
            [
              85.9352535555978,
              26.307835099377773
            ],
            [
              85.93481789693952,
              26.3078352950591
            ],
            [
              85.93430695496886,
              26.307501507298884
            ],
            [
              85.93388198087256,
              26.30722675588362
            ],
            [
              85.93277923328428,
              26.306513803084606
            ],
            [
              85.93073065941483,
              26.305120162043064
            ],
            [
              85.93004946962982,
              26.304718731393184
            ],
            [
              85.9294285109863,
              26.304565487740746
            ],
            [
              85.92867239811335,
              26.304425950036617
            ],
            [
              85.92789627077586,
              26.304480371170484
            ],
            [
              85.92730487389173,
              26.304579699599184
            ],
            [
              85.92689992863298,
              26.3046477116283
            ],
            [
              85.92561345041628,
              26.30532957478894
            ],
            [
              85.9237612698275,
              26.306544196846968
            ],
            [
              85.92236969411245,
              26.307591709376243
            ],
            [
              85.92217452074394,
              26.307844484029232
            ],
            [
              85.92208449607773,
              26.308133351991213
            ],
            [
              85.92231493999927,
              26.30834535709197
            ],
            [
              85.92290577094477,
              26.308345191206435
            ],
            [
              85.92356669024541,
              26.308272778130917
            ],
            [
              85.92373697219571,
              26.30837201634032
            ],
            [
              85.92373705843396,
              26.30852541118169
            ],
            [
              85.92349187315864,
              26.30884597916266
            ],
            [
              85.92319649990668,
              26.30911226904996
            ],
            [
              85.9226858966009,
              26.30940583336152
            ],
            [
              85.9221000441187,
              26.309527828896726
            ],
            [
              85.92155930233507,
              26.309559606917635
            ],
            [
              85.92120371321302,
              26.309361195258283
            ],
            [
              85.92093825026679,
              26.309252933311903
            ],
            [
              85.92061277896126,
              26.30925301061716
            ],
            [
              85.92013709317054,
              26.309334479063807
            ],
            [
              85.9198567083091,
              26.309420306336552
            ],
            [
              85.91948612720324,
              26.309348174969443
            ],
            [
              85.9191906057293,
              26.30915418304147
            ],
            [
              85.9191605193538,
              26.308887976192878
            ],
            [
              85.91925555392436,
              26.308513378863186
            ],
            [
              85.91948564301131,
              26.308039400990907
            ],
            [
              85.91953060728456,
              26.307619735348844
            ],
            [
              85.91945526288674,
              26.30714589313469
            ],
            [
              85.91935993636372,
              26.306699076629855
            ],
            [
              85.9193598285659,
              26.306311031236746
            ],
            [
              85.91952998924363,
              26.305990538382922
            ],
            [
              85.91981028786678,
              26.305697055612104
            ],
            [
              85.92029085330613,
              26.30539009476525
            ],
            [
              85.92086152156512,
              26.30505591020115
            ],
            [
              85.92124695182258,
              26.304929430917646
            ],
            [
              85.92147725740358,
              26.304690193356798
            ],
            [
              85.9215873153989,
              26.304401295069763
            ],
            [
              85.92159705942477,
              26.303954549319243
            ],
            [
              85.92145669766164,
              26.303480670377105
            ],
            [
              85.92120623298739,
              26.30321452216876
            ],
            [
              85.9209307583173,
              26.30302050467306
            ],
            [
              85.92052521927218,
              26.302993617902537
            ],
            [
              85.9201396884034,
              26.303034323731424
            ],
            [
              85.91950892644519,
              26.303314333254306
            ],
            [
              85.91828743774599,
              26.304081938849226
            ],
            [
              85.91772670485409,
              26.304316782352025
            ],
            [
              85.91728109376076,
              26.304289764618666
            ],
            [
              85.9170457450378,
              26.3042086276298
            ],
            [
              85.91694045979156,
              26.303983023918043
            ],
            [
              85.91700050857503,
              26.303676147114956
            ],
            [
              85.9175410554242,
              26.30327430639563
            ],
            [
              85.91806674503692,
              26.302940155191305
            ],
            [
              85.91842206196945,
              26.302506847655895
            ],
            [
              85.9184370063425,
              26.302213534843453
            ],
            [
              85.91834674811433,
              26.301879522316526
            ],
            [
              85.91792585057279,
              26.301058366078923
            ],
            [
              85.91776544739567,
              26.300652227940184
            ],
            [
              85.91774528021753,
              26.30019189316402
            ],
            [
              85.91784026088914,
              26.299844380727777
            ],
            [
              85.91804041541592,
              26.299550929104424
            ],
            [
              85.91855108968865,
              26.299289070737984
            ],
            [
              85.91906162741745,
              26.298923381603277
            ],
            [
              85.91926173343519,
              26.298634443172993
            ],
            [
              85.91932667713864,
              26.298187659895937
            ],
            [
              85.9192763696861,
              26.297434033111525
            ],
            [
              85.91897533255631,
              26.29581846135967
            ],
            [
              85.91872456784472,
              26.294798607351492
            ],
            [
              85.9188643421097,
              26.293670284248503
            ],
            [
              85.9189709721339,
              26.293477945284504
            ],
            [
              85.91910454173518,
              26.293237011328845
            ],
            [
              85.91957006219015,
              26.293110506264703
            ],
            [
              85.92024606061112,
              26.293250209804366
            ],
            [
              85.92045449490986,
              26.293356975010727
            ],
            [
              85.92079185631651,
              26.293529776647894
            ],
            [
              85.92116248772798,
              26.293710245161126
            ],
            [
              85.92148787279527,
              26.293768757776597
            ],
            [
              85.92171816220655,
              26.29366946035353
            ],
            [
              85.92190333013946,
              26.293488836339876
            ],
            [
              85.921858259865,
              26.293396771735203
            ],
            [
              85.9218282246935,
              26.293335419989592
            ],
            [
              85.92170290611809,
              26.293055677105603
            ],
            [
              85.9213022188738,
              26.292735402910026
            ],
            [
              85.92051110673907,
              26.292415171320403
            ],
            [
              85.91994028217326,
              26.292329618172197
            ],
            [
              85.91959977935807,
              26.292162735109148
            ],
            [
              85.91919401303916,
              26.291689023811426
            ],
            [
              85.91887341419576,
              26.291147516178384
            ],
            [
              85.91871812692413,
              26.290741416614015
            ],
            [
              85.91879308863965,
              26.290380390332484
            ],
            [
              85.91895319088118,
              26.290159224021114
            ],
            [
              85.91930857428905,
              26.2900597890062
            ],
            [
              85.91986926585847,
              26.290005506074642
            ],
            [
              85.92098078010557,
              26.29003219611876
            ],
            [
              85.92156650323041,
              26.289946224016788
            ],
            [
              85.92187676156661,
              26.28971146738232
            ],
            [
              85.92189678411597,
              26.289571584807955
            ],
            [
              85.92188666100104,
              26.28937748568768
            ],
            [
              85.92171639971198,
              26.2891383948345
            ],
            [
              85.92099005700753,
              26.28821798480194
            ],
            [
              85.92083472392187,
              26.287870483193785
            ],
            [
              85.92084963415896,
              26.28748236914137
            ],
            [
              85.92084932244353,
              26.286769384323215
            ],
            [
              85.92077413974249,
              26.28651665231536
            ],
            [
              85.92057882893171,
              26.286376776358548
            ],
            [
              85.9200679965555,
              26.286002402686574
            ],
            [
              85.91987384816471,
              26.285803426376923
            ],
            [
              85.91979208440587,
              26.285719629014224
            ],
            [
              85.91966735063373,
              26.285497040289243
            ],
            [
              85.91956202675993,
              26.2850819283036
            ],
            [
              85.91965191937379,
              26.28442749519102
            ],
            [
              85.9197686240039,
              26.284003040318474
            ],
            [
              85.91958304374434,
              26.28399915971543
            ],
            [
              85.91914108340433,
              26.28398991811275
            ],
            [
              85.91829508869728,
              26.284075906710992
            ],
            [
              85.91735392107915,
              26.284229606741672
            ],
            [
              85.91644284612475,
              26.284410433647217
            ],
            [
              85.91564191540394,
              26.284550556021802
            ],
            [
              85.91499115784585,
              26.284631950007952
            ],
            [
              85.91357940686781,
              26.28489862574033
            ],
            [
              85.91243811526566,
              26.285106485088804
            ],
            [
              85.91152696934432,
              26.285368446359442
            ],
            [
              85.9108812189956,
              26.28556723011259
            ],
            [
              85.90998514860136,
              26.28566217791782
            ],
            [
              85.90921927822781,
              26.28584288660902
            ],
            [
              85.9084833289397,
              26.285983011280486
            ],
            [
              85.90767729399148,
              26.28607790719825
            ],
            [
              85.90686125540421,
              26.28606456131928
            ],
            [
              85.90623043775044,
              26.285983463929206
            ],
            [
              85.90543946934615,
              26.285870805885022
            ],
            [
              85.90429804389501,
              26.285983889998942
            ],
            [
              85.90367224872202,
              26.28599752906177
            ],
            [
              85.90288622015345,
              26.285902952026696
            ],
            [
              85.90233052591196,
              26.285704499879238
            ],
            [
              85.90186988780056,
              26.285569159111915
            ],
            [
              85.90152937690056,
              26.28542932067316
            ],
            [
              85.9011438783711,
              26.28521726883396
            ],
            [
              85.90091353056931,
              26.284982661298468
            ],
            [
              85.90047791413183,
              26.284594619738076
            ],
            [
              85.9002926357062,
              26.28432839515662
            ],
            [
              85.90000219959504,
              26.283913295903364
            ],
            [
              85.89976675834558,
              26.283592875646114
            ],
            [
              85.89952142035666,
              26.283132618934705
            ],
            [
              85.89936613128845,
              26.282618159386175
            ],
            [
              85.89922072368834,
              26.281810347633197
            ],
            [
              85.89928057394417,
              26.280880693182848
            ],
            [
              85.89928043021372,
              26.280099908012424
            ],
            [
              85.89928034038218,
              26.279653087162455
            ],
            [
              85.8991401349259,
              26.27932373615903
            ],
            [
              85.89886976178829,
              26.27912971574313
            ],
            [
              85.89859435269524,
              26.278949200380154
            ],
            [
              85.89817383064948,
              26.27876874434148
            ],
            [
              85.89768319419751,
              26.278642460307832
            ],
            [
              85.89708243417317,
              26.27844851768954
            ],
            [
              85.89664696056782,
              26.27846214313968
            ],
            [
              85.8961412890129,
              26.27829520065728
            ],
            [
              85.89570575432215,
              26.278209512245713
            ],
            [
              85.89506000577005,
              26.27802911788418
            ],
            [
              85.89419393371641,
              26.27784874015733
            ],
            [
              85.89278220160301,
              26.277600679044053
            ],
            [
              85.89275623130817,
              26.27759751269035
            ],
            [
              85.89230154992542,
              26.277542077724362
            ],
            [
              85.89207130992145,
              26.27754210672178
            ],
            [
              85.89190111600607,
              26.277515061807684
            ],
            [
              85.89185604573161,
              26.277167569219827
            ],
            [
              85.89171577739327,
              26.276625951108628
            ],
            [
              85.89164060637029,
              26.27617918293216
            ],
            [
              85.89150039911739,
              26.27595807573438
            ],
            [
              85.89122505380469,
              26.275899430893986
            ],
            [
              85.89088471358457,
              26.275872425066325
            ],
            [
              85.89043913572893,
              26.276012353156617
            ],
            [
              85.88980343483328,
              26.276251658741447
            ],
            [
              85.88935796657209,
              26.2764006127107
            ],
            [
              85.8888573624137,
              26.276513477295794
            ],
            [
              85.88844186644198,
              26.276648847153016
            ],
            [
              85.88782114136043,
              26.276734684927003
            ],
            [
              85.88711528743099,
              26.276915290727608
            ],
            [
              85.88680501472174,
              26.277001002648486
            ],
            [
              85.88678881180896,
              26.277009294333055
            ],
            [
              85.88661973988935,
              26.277095809254586
            ],
            [
              85.88646457928019,
              26.277623855204187
            ],
            [
              85.88633952301286,
              26.278030068350613
            ],
            [
              85.88626442475345,
              26.278458789938767
            ],
            [
              85.88610927761904,
              26.278544529716747
            ],
            [
              85.88560369320071,
              26.278391183008683
            ],
            [
              85.88507798023184,
              26.278237770854183
            ],
            [
              85.88458237160472,
              26.278057232355703
            ],
            [
              85.88405681494272,
              26.277971530075227
            ],
            [
              85.88360124243123,
              26.277971599346543
            ],
            [
              85.88318577071398,
              26.277998702148835
            ],
            [
              85.88284535773033,
              26.277958043915657
            ],
            [
              85.88255498629788,
              26.277764018799797
            ],
            [
              85.88224454560368,
              26.277511331613077
            ],
            [
              85.88202926614247,
              26.277403030262054
            ],
            [
              85.88197922998114,
              26.2770961241998
            ],
            [
              85.88216441498203,
              26.276707988601547
            ],
            [
              85.88228955928427,
              26.276053587194045
            ],
            [
              85.88253473916971,
              26.27507879712856
            ],
            [
              85.88258482294175,
              26.274492065048776
            ],
            [
              85.882635973014,
              26.274261448858685
            ],
            [
              85.88263987619392,
              26.274243850158346
            ],
            [
              85.88246967868525,
              26.274144656042427
            ],
            [
              85.88128328716424,
              26.274090543681233
            ],
            [
              85.88018700025948,
              26.274185371997103
            ],
            [
              85.87977147913494,
              26.274271060963542
            ],
            [
              85.8796013319319,
              26.274438113145063
            ],
            [
              85.87950620213995,
              26.274979619836287
            ],
            [
              85.87943117844068,
              26.275439937080396
            ],
            [
              85.87940116393041,
              26.27572879394229
            ],
            [
              85.87918081168282,
              26.275909358617124
            ],
            [
              85.87872035592943,
              26.276189164599362
            ],
            [
              85.8783649455721,
              26.27639675199065
            ],
            [
              85.877904325427,
              26.276703641376248
            ],
            [
              85.87763911041577,
              26.27695634884794
            ],
            [
              85.87733872456455,
              26.277096289324536
            ],
            [
              85.87722861806017,
              26.27737160831234
            ],
            [
              85.877013287395,
              26.277497946890946
            ],
            [
              85.87672299142105,
              26.277484389793738
            ],
            [
              85.87652277670715,
              26.27753852876441
            ],
            [
              85.87641264504994,
              26.27776419036743
            ],
            [
              85.87638255238625,
              26.27827866579999
            ],
            [
              85.8762724467802,
              26.278626213054924
            ],
            [
              85.87599716434957,
              26.278779616641117
            ],
            [
              85.87559667203973,
              26.27877963999989
            ],
            [
              85.87496089209233,
              26.278752538990943
            ],
            [
              85.8742049391195,
              26.27869388509157
            ],
            [
              85.87371441316027,
              26.278693918921544
            ],
            [
              85.87369087011331,
              26.278697428377864
            ],
            [
              85.87304857199024,
              26.278793151839178
            ],
            [
              85.87252297490399,
              26.27891948484272
            ],
            [
              85.87152673606741,
              26.279226386888045
            ],
            [
              85.87075582524676,
              26.279461022173177
            ],
            [
              85.87029520510167,
              26.279754341790113
            ],
            [
              85.8699698442889,
              26.2799484207661
            ],
            [
              85.86930320810984,
              26.279973595625265
            ],
            [
              85.86874827923299,
              26.280201073649028
            ],
            [
              85.86816259024413,
              26.280656906311993
            ],
            [
              85.86764196263806,
              26.280909568123178
            ],
            [
              85.86720141624632,
              26.28106300493629
            ],
            [
              85.86706117485741,
              26.281076525369734
            ],
            [
              85.86704618736525,
              26.281536856285236
            ],
            [
              85.8670161162611,
              26.28195201639575
            ],
            [
              85.8669709651383,
              26.28221826978854
            ],
            [
              85.86692597661052,
              26.28238530166958
            ],
            [
              85.86663060066364,
              26.28239877040018
            ],
            [
              85.86630517786715,
              26.282412359946637
            ],
            [
              85.86593474677994,
              26.2822859236212
            ],
            [
              85.86544412919258,
              26.282118902873385
            ],
            [
              85.86501363494885,
              26.281938362359135
            ],
            [
              85.86453303627185,
              26.281771325807334
            ],
            [
              85.86417758908361,
              26.281577291764172
            ],
            [
              85.86385226240684,
              26.281437304336972
            ],
            [
              85.86342167473833,
              26.28136961295846
            ],
            [
              85.86308133182325,
              26.281383167990832
            ],
            [
              85.8624805421545,
              26.281464267791296
            ],
            [
              85.86163952591077,
              26.281685387050082
            ],
            [
              85.86100865166316,
              26.28185228196576
            ],
            [
              85.85992733428431,
              26.28204620439665
            ],
            [
              85.85941669324927,
              26.28210489365219
            ],
            [
              85.85889104136581,
              26.282172491974837
            ],
            [
              85.85857059523596,
              26.282199556745145
            ],
            [
              85.85846058664795,
              26.28178427831321
            ],
            [
              85.85840059535666,
              26.281170590846266
            ],
            [
              85.8582154408985,
              26.280421385018975
            ],
            [
              85.8581054385987,
              26.279893341328762
            ],
            [
              85.85806040695184,
              26.279306677086584
            ],
            [
              85.85798535989635,
              26.279126144278504
            ],
            [
              85.8575498800028,
              26.27890491301443
            ],
            [
              85.85704933692988,
              26.278670162227243
            ],
            [
              85.85635347855458,
              26.27848955835239
            ],
            [
              85.8561833340465,
              26.278376701327538
            ],
            [
              85.85577920715302,
              26.277991940142005
            ],
            [
              85.85549263469593,
              26.277650096221222
            ],
            [
              85.85538510455977,
              26.277776009202288
            ],
            [
              85.85475660815271,
              26.278511945773307
            ],
            [
              85.85396546457694,
              26.27935574637928
            ],
            [
              85.85326948762405,
              26.279951388910888
            ],
            [
              85.85256350972709,
              26.28044312125287
            ],
            [
              85.85193773072375,
              26.28080412771865
            ],
            [
              85.85154716389948,
              26.281097405278267
            ],
            [
              85.85097132224278,
              26.28163431960327
            ],
            [
              85.85056577511281,
              26.282085561198038
            ],
            [
              85.85031041462027,
              26.282469119160677
            ],
            [
              85.85023522742762,
              26.282852675049835
            ],
            [
              85.84990975881703,
              26.282951907632512
            ],
            [
              85.84982048424409,
              26.282946641627397
            ],
            [
              85.84982041058225,
              26.282946636794733
            ],
            [
              85.84944923030011,
              26.28292474235699
            ],
            [
              85.84887850275233,
              26.282951765068585
            ],
            [
              85.84825770041566,
              26.282978744279863
            ],
            [
              85.84755178989238,
              26.283023726800856
            ],
            [
              85.84679585039424,
              26.2830641512908
            ],
            [
              85.84547924897113,
              26.283176712185522
            ],
            [
              85.84487343143175,
              26.283257878389556
            ],
            [
              85.84468821858309,
              26.283271373598495
            ],
            [
              85.84453802296252,
              26.283298423614436
            ],
            [
              85.84436783803028,
              26.283190067256612
            ],
            [
              85.84408751694922,
              26.282937271874957
            ],
            [
              85.84350205523417,
              26.282147357059905
            ],
            [
              85.84297667015034,
              26.2812987891169
            ],
            [
              85.84225092392727,
              26.280558477228894
            ],
            [
              85.84168044611113,
              26.28001677587249
            ],
            [
              85.84108481456872,
              26.279628531639368
            ],
            [
              85.8406242851535,
              26.279542745139658
            ],
            [
              85.8402237614026,
              26.279556122376697
            ],
            [
              85.83934264077132,
              26.279889910844375
            ],
            [
              85.83863167003804,
              26.280223626665496
            ],
            [
              85.83790563725236,
              26.28057093934356
            ],
            [
              85.83722971788312,
              26.280823495826617
            ],
            [
              85.83661387065358,
              26.281017399840533
            ],
            [
              85.83592802669709,
              26.281310586649823
            ],
            [
              85.83506190074455,
              26.28150444232781
            ],
            [
              85.83404552167929,
              26.281811007299847
            ],
            [
              85.83345976531679,
              26.281919102367976
            ],
            [
              85.83310423099196,
              26.282099576865175
            ],
            [
              85.83293399036415,
              26.28215814124874
            ],
            [
              85.83314913417973,
              26.282546394737306
            ],
            [
              85.83311905139749,
              26.28274044004687
            ],
            [
              85.83283860724728,
              26.282812553334203
            ],
            [
              85.83223779512062,
              26.283033464634798
            ],
            [
              85.83176216772043,
              26.2832544906932
            ],
            [
              85.83144669286736,
              26.283394300341257
            ],
            [
              85.83153658278628,
              26.28404868531796
            ],
            [
              85.83163136672682,
              26.284784363830653
            ],
            [
              85.83169138227265,
              26.284991964034884
            ],
            [
              85.83166130128703,
              26.28514538014571
            ],
            [
              85.8311656603206,
              26.285203912385416
            ],
            [
              85.83044477757647,
              26.285172126882852
            ],
            [
              85.82977891394853,
              26.285216986128
            ],
            [
              85.82917815661912,
              26.285270950739534
            ],
            [
              85.82860738056233,
              26.28531143485364
            ],
            [
              85.82839211008427,
              26.285365472715263
            ],
            [
              85.82825187228865,
              26.285437638334567
            ],
            [
              85.82825176988068,
              26.285866393763555
            ],
            [
              85.82826660286264,
              26.286353774307184
            ],
            [
              85.82827612590297,
              26.286801277314243
            ],
            [
              85.82827639988916,
              26.286814118916123
            ],
            [
              85.82788582408172,
              26.28698102336738
            ],
            [
              85.82700953638668,
              26.287422932765107
            ],
            [
              85.82603814674745,
              26.287770164290105
            ],
            [
              85.82494146188904,
              26.288315799302925
            ],
            [
              85.82398497530039,
              26.28895177316749
            ],
            [
              85.8232287968504,
              26.28949765632288
            ],
            [
              85.82214240129527,
              26.290327980093554
            ],
            [
              85.82212649033494,
              26.29034013994117
            ],
            [
              85.8221218990455,
              26.29034364904519
            ],
            [
              85.82104514061673,
              26.29116658376017
            ],
            [
              85.81913199226793,
              26.292515212377374
            ],
            [
              85.81812031498487,
              26.293322681392223
            ],
            [
              85.81747430142974,
              26.29359768562912
            ],
            [
              85.81673321018498,
              26.293795976888422
            ],
            [
              85.81622242991105,
              26.293989844721086
            ],
            [
              85.81582163666556,
              26.294517673640193
            ],
            [
              85.81552952070484,
              26.294876315247663
            ],
            [
              85.81543600069388,
              26.29499091110507
            ],
            [
              85.81543581743757,
              26.29499135969185
            ],
            [
              85.81520479859425,
              26.295559450363747
            ],
            [
              85.81534523581588,
              26.295910303374153
            ],
            [
              85.81534940759208,
              26.2959207287054
            ],
            [
              85.81609834382422,
              26.296251844631453
            ],
            [
              85.8161054593796,
              26.296254991952875
            ],
            [
              85.8161060720306,
              26.296255263357
            ],
            [
              85.81691205128331,
              26.29660309097408
            ],
            [
              85.81743148862164,
              26.29682900863822
            ],
            [
              85.81746261704285,
              26.29684254736769
            ],
            [
              85.81798830755385,
              26.296937523793666
            ],
            [
              85.81875918783176,
              26.297231154376128
            ],
            [
              85.81939493004991,
              26.297606007221837
            ],
            [
              85.81979526784956,
              26.2979536399208
            ],
            [
              85.82004041809057,
              26.298314802886885
            ],
            [
              85.82023539742299,
              26.298942160401907
            ],
            [
              85.82042025274217,
              26.299817710659354
            ],
            [
              85.82062009914677,
              26.300706837680607
            ],
            [
              85.820679813757,
              26.301595985263287
            ],
            [
              85.82071950761444,
              26.302444423225452
            ],
            [
              85.82037880267832,
              26.302764663354267
            ],
            [
              85.81976288717682,
              26.302931404724696
            ],
            [
              85.8189566015986,
              26.30315228172911
            ],
            [
              85.81828060138099,
              26.303445370707674
            ],
            [
              85.81778476817509,
              26.303652728127336
            ],
            [
              85.81735402869131,
              26.303792456008143
            ],
            [
              85.81685821165507,
              26.304126206132548
            ],
            [
              85.8163673119967,
              26.30441936834636
            ],
            [
              85.81594654201594,
              26.3047801866351
            ],
            [
              85.81564588936509,
              26.305267489295545
            ],
            [
              85.81533530044885,
              26.305628403994493
            ],
            [
              85.81516477505508,
              26.30607516020431
            ],
            [
              85.81499430805184,
              26.306476684400582
            ],
            [
              85.81514936176144,
              26.306950596994287
            ],
            [
              85.81531927809743,
              26.307410999146455
            ],
            [
              85.81544432717824,
              26.307772080304108
            ],
            [
              85.81570459786215,
              26.307907577148594
            ],
            [
              85.81625041872036,
              26.307840128307706
            ],
            [
              85.81704159373716,
              26.307808918338157
            ],
            [
              85.81781277315406,
              26.307714430762452
            ],
            [
              85.81805820456778,
              26.307673930311584
            ],
            [
              85.81816832993678,
              26.30766039204186
            ],
            [
              85.818198230361,
              26.30792218801232
            ],
            [
              85.81836836588595,
              26.30828327724049
            ],
            [
              85.81839821061462,
              26.308590124934376
            ],
            [
              85.81831803328058,
              26.30881128990863
            ],
            [
              85.81805750567851,
              26.308937524986703
            ],
            [
              85.81773197867741,
              26.309131477819424
            ],
            [
              85.81742644817454,
              26.30933895712908
            ],
            [
              85.81714595282035,
              26.30953734305819
            ],
            [
              85.81699062332794,
              26.309632123067683
            ],
            [
              85.8169454641203,
              26.309758416840825
            ],
            [
              85.81714574261457,
              26.30995255270376
            ],
            [
              85.8174561249183,
              26.310106155625096
            ],
            [
              85.8177814596799,
              26.310286785958038
            ],
            [
              85.81805683104372,
              26.31038619959888
            ],
            [
              85.81825710774137,
              26.310521649903105
            ],
            [
              85.81828705397967,
              26.310620936917648
            ],
            [
              85.81807162000823,
              26.31087357934376
            ],
            [
              85.817901284159,
              26.311094632861575
            ],
            [
              85.81872706856878,
              26.31192987419327
            ],
            [
              85.81914249896349,
              26.312403940028574
            ],
            [
              85.8193877426293,
              26.312679336244155
            ],
            [
              85.81951280967644,
              26.312832763229842
            ],
            [
              85.81909704780338,
              26.31311246805123
            ],
            [
              85.8194674097203,
              26.31348712217902
            ],
            [
              85.82031336939302,
              26.314281712039154
            ],
            [
              85.82085888302741,
              26.314949869169244
            ],
            [
              85.820968879039,
              26.315157521651027
            ],
            [
              85.8210289475854,
              26.315270328386468
            ],
            [
              85.82087365672056,
              26.31541016384785
            ],
            [
              85.82052313409672,
              26.315410079299692
            ],
            [
              85.82004244558816,
              26.31532414775891
            ],
            [
              85.81930129235964,
              26.315337367071
            ],
            [
              85.81845497785237,
              26.315377703799196
            ],
            [
              85.8180844120179,
              26.315476849765137
            ],
            [
              85.81811437442589,
              26.315643849840438
            ],
            [
              85.81823435431352,
              26.315923633228252
            ],
            [
              85.81849959537591,
              26.31631186786474
            ],
            [
              85.8187898051116,
              26.316826433166163
            ],
            [
              85.81924022488661,
              26.31746745064556
            ],
            [
              85.81958555524815,
              26.317842169599807
            ],
            [
              85.81978572504629,
              26.318216865601443
            ],
            [
              85.8200958917543,
              26.31869078573656
            ],
            [
              85.82028104531416,
              26.319124132601107
            ],
            [
              85.82043609004063,
              26.319552898719994
            ],
            [
              85.82040590574874,
              26.31983270728967
            ],
            [
              85.82037568462597,
              26.320126059244874
            ],
            [
              85.82028033384846,
              26.32066760381001
            ],
            [
              85.82029003295858,
              26.32132196439931
            ],
            [
              85.8205050842477,
              26.321949302844924
            ],
            [
              85.82068993777024,
              26.322739174339997
            ],
            [
              85.82062454760407,
              26.323339378289347
            ],
            [
              85.82063940034898,
              26.323880926348405
            ],
            [
              85.82064903837366,
              26.32452174295005
            ],
            [
              85.82064380389052,
              26.325117477113867
            ],
            [
              85.82086381926989,
              26.325690687394825
            ],
            [
              85.82116920244903,
              26.32606543529967
            ],
            [
              85.82143447495245,
              26.326453664927442
            ],
            [
              85.82174457159189,
              26.32713523067526
            ],
            [
              85.82214479440717,
              26.328177856665246
            ],
            [
              85.8224349017349,
              26.32905345734155
            ],
            [
              85.82254486540717,
              26.32941449761101
            ],
            [
              85.82296051499078,
              26.329527515089843
            ],
            [
              85.8239621715669,
              26.3295820516419
            ],
            [
              85.82458311493903,
              26.32959581197874
            ],
            [
              85.82516912013487,
              26.329636639696048
            ],
            [
              85.82550966696749,
              26.329636721818446
            ],
            [
              85.82558500058555,
              26.329180959366088
            ],
            [
              85.82578535363997,
              26.328955358389727
            ],
            [
              85.82591078989469,
              26.32860789437854
            ],
            [
              85.826186319362,
              26.32831916764529
            ],
            [
              85.82665209044691,
              26.32826068696659
            ],
            [
              85.82723309561985,
              26.32822020980132
            ],
            [
              85.82783422485181,
              26.32787293279043
            ],
            [
              85.82856058013265,
              26.32732715227409
            ],
            [
              85.82909657342167,
              26.32711972692012
            ],
            [
              85.82946721112135,
              26.326966383269166
            ],
            [
              85.82977775332516,
              26.326831056861522
            ],
            [
              85.83008837907235,
              26.32653782575331
            ],
            [
              85.83027376170259,
              26.326285190919833
            ],
            [
              85.83067439235298,
              26.326217587723626
            ],
            [
              85.83107506342759,
              26.326285408308912
            ],
            [
              85.83137052201948,
              26.326384780845352
            ],
            [
              85.83144563016039,
              26.326258456084254
            ],
            [
              85.83101519430714,
              26.325662598966346
            ],
            [
              85.83101518891726,
              26.325563287806688
            ],
            [
              85.83141591119585,
              26.325396460647696
            ],
            [
              85.83189177844625,
              26.32518898835698
            ],
            [
              85.8324075623363,
              26.32525683933535
            ],
            [
              85.83302859913323,
              26.325329246625934
            ],
            [
              85.83331904692245,
              26.32528872737321
            ],
            [
              85.83356446216654,
              26.3252030583944
            ],
            [
              85.83384492607969,
              26.325009064835307
            ],
            [
              85.83401523587777,
              26.324909874693468
            ],
            [
              85.83423058630588,
              26.324955052700073
            ],
            [
              85.83435571084519,
              26.325316118631147
            ],
            [
              85.83457085735573,
              26.325771992108912
            ],
            [
              85.83477107476457,
              26.32617817907742
            ],
            [
              85.83487610578757,
              26.32648509209371
            ],
            [
              85.8349562085615,
              26.326579908156166
            ],
            [
              85.83520161033081,
              26.326525837173044
            ],
            [
              85.83546202115186,
              26.32645364962972
            ],
            [
              85.83564734539164,
              26.32638599902837
            ],
            [
              85.83578756701759,
              26.326440223859233
            ],
            [
              85.83595773757679,
              26.326805807637438
            ],
            [
              85.83609789272742,
              26.327207532123335
            ],
            [
              85.8362178546488,
              26.327694952204087
            ],
            [
              85.83623774873907,
              26.32811014427097
            ],
            [
              85.83618755088101,
              26.328471139979285
            ],
            [
              85.83613515664203,
              26.32892097627472
            ],
            [
              85.83608715875808,
              26.3293330698553
            ],
            [
              85.83599170197938,
              26.330222124969314
            ],
            [
              85.83582926411813,
              26.331027678361618
            ],
            [
              85.83582608498034,
              26.33104344003432
            ],
            [
              85.8355904748476,
              26.33163008076863
            ],
            [
              85.83524466568406,
              26.332505454060982
            ],
            [
              85.83502903408325,
              26.33322750067249
            ],
            [
              85.83484351940066,
              26.333773469944123
            ],
            [
              85.8347332251484,
              26.33416160287765
            ],
            [
              85.83467303532942,
              26.334509063101933
            ],
            [
              85.83468784944675,
              26.334910761663835
            ],
            [
              85.8348179892803,
              26.33531240730649
            ],
            [
              85.83514339411047,
              26.33560585288438
            ],
            [
              85.83585450857423,
              26.335994160011005
            ],
            [
              85.83630018614289,
              26.3361341982856
            ],
            [
              85.83668571521504,
              26.336427587840074
            ],
            [
              85.83694609369678,
              26.336761672238705
            ],
            [
              85.83721140931931,
              26.337163417727766
            ],
            [
              85.83741158810061,
              26.337556057326772
            ],
            [
              85.8375517001321,
              26.338084086291722
            ],
            [
              85.8377616256342,
              26.339266599854533
            ],
            [
              85.83774602189771,
              26.34122967720396
            ],
            [
              85.83772061664318,
              26.34221797895937
            ],
            [
              85.83772044326834,
              26.34281882496643
            ],
            [
              85.83772044237001,
              26.342818952161153
            ],
            [
              85.83772043967508,
              26.342827297904645
            ],
            [
              85.83766026422913,
              26.3432739806677
            ],
            [
              85.83748985920961,
              26.34358082501257
            ],
            [
              85.83727442074661,
              26.343761358052856
            ],
            [
              85.83699883738038,
              26.343874052394884
            ],
            [
              85.83628758098283,
              26.34381518994373
            ],
            [
              85.8362628898889,
              26.343808422116382
            ],
            [
              85.83577674321673,
              26.343675164988596
            ],
            [
              85.83483522435733,
              26.343386099890942
            ],
            [
              85.83393875870438,
              26.34301126637204
            ],
            [
              85.83290710827927,
              26.342618350639935
            ],
            [
              85.83195547888134,
              26.34236981229119
            ],
            [
              85.83082856661191,
              26.342184479881055
            ],
            [
              85.82988694983618,
              26.342256333186327
            ],
            [
              85.82872971673098,
              26.342783970391515
            ],
            [
              85.82779105092094,
              26.343213523957726
            ],
            [
              85.82700972413458,
              26.34357106892042
            ],
            [
              85.82650038296175,
              26.343731032823843
            ],
            [
              85.82488216589377,
              26.344538259212957
            ],
            [
              85.82380003374296,
              26.345007246351614
            ],
            [
              85.82333919530723,
              26.34510629530082
            ],
            [
              85.8227331460025,
              26.34503838833571
            ],
            [
              85.82227744503193,
              26.344857690649736
            ],
            [
              85.82175159012921,
              26.34471767178632
            ],
            [
              85.82126078209899,
              26.344550494678202
            ],
            [
              85.82095030098061,
              26.344496206684173
            ],
            [
              85.82080979009713,
              26.3450918203455
            ],
            [
              85.82065407163421,
              26.345872565342898
            ],
            [
              85.82065360630688,
              26.346847342858155
            ],
            [
              85.82079355484498,
              26.347483723172623
            ],
            [
              85.82099356743797,
              26.348264508377973
            ],
            [
              85.82124862070668,
              26.349280027763104
            ],
            [
              85.82141844271958,
              26.350182715714872
            ],
            [
              85.82160336810733,
              26.351157573633163
            ],
            [
              85.82173819714662,
              26.35203306888021
            ],
            [
              85.82196322782025,
              26.35286804790254
            ],
            [
              85.82217833031335,
              26.353436790088477
            ],
            [
              85.82240835292501,
              26.354402627688685
            ],
            [
              85.82302428729113,
              26.35484510901624
            ],
            [
              85.82350508808908,
              26.355134171239065
            ],
            [
              85.82417607930064,
              26.355761637137547
            ],
            [
              85.8248069957691,
              26.356190601598176
            ],
            [
              85.82549778764617,
              26.35644951081903
            ],
            [
              85.82549858624846,
              26.356449810254826
            ],
            [
              85.82551822521721,
              26.356457171384516
            ],
            [
              85.82610430227822,
              26.35658367729578
            ],
            [
              85.82701603659609,
              26.356525330030276
            ],
            [
              85.82815832442986,
              26.35623241322439
            ],
            [
              85.82895994056524,
              26.35580389727012
            ],
            [
              85.82947603167914,
              26.35555586618899
            ],
            [
              85.82989177738251,
              26.35547024376191
            ],
            [
              85.83069832886203,
              26.35555627992873
            ],
            [
              85.83151478157262,
              26.355524933101286
            ],
            [
              85.83221114569943,
              26.35555670413273
            ],
            [
              85.83249658538095,
              26.355683169172156
            ],
            [
              85.8330273100508,
              26.35643250737224
            ],
            [
              85.83355303829104,
              26.35714117565439
            ],
            [
              85.83379816876914,
              26.357989662258152
            ],
            [
              85.8341135322311,
              26.358770465889997
            ],
            [
              85.83403825700356,
              26.35899158813547
            ],
            [
              85.83345212065372,
              26.359158443333868
            ],
            [
              85.83298624536421,
              26.359185342821107
            ],
            [
              85.83210948425705,
              26.359451392168726
            ],
            [
              85.83114750986032,
              26.35973985287687
            ],
            [
              85.83081188759205,
              26.35983904214363
            ],
            [
              85.83061145728249,
              26.359938250643182
            ],
            [
              85.83088670198389,
              26.360561191047914
            ],
            [
              85.83119719208543,
              26.361008007361264
            ],
            [
              85.83140747781192,
              26.36127434066963
            ],
            [
              85.83092642907897,
              26.361702958696014
            ],
            [
              85.83021478460921,
              26.362190091012607
            ],
            [
              85.82945812286563,
              26.362957088179343
            ],
            [
              85.82867131186445,
              26.36365178874743
            ],
            [
              85.82814505541481,
              26.36428794781653
            ],
            [
              85.82765882519931,
              26.364869992367932
            ],
            [
              85.82714749874968,
              26.36576339276918
            ],
            [
              85.82680637969021,
              26.36669294718402
            ],
            [
              85.82653045406589,
              26.367627005347817
            ],
            [
              85.82618443110326,
              26.368475350609472
            ],
            [
              85.82570334104781,
              26.368962542921047
            ],
            [
              85.82516214471667,
              26.369129370046192
            ],
            [
              85.8244507050628,
              26.369183207031206
            ],
            [
              85.82442326871738,
              26.369181430735456
            ],
            [
              85.82442159695265,
              26.369181323690885
            ],
            [
              85.82381950023515,
              26.369142361880183
            ],
            [
              85.82300287414972,
              26.369042840950033
            ],
            [
              85.82235161622997,
              26.36904254235171
            ],
            [
              85.82198087163074,
              26.36918231928575
            ],
            [
              85.82151966758073,
              26.36968311207103
            ],
            [
              85.82135930842104,
              26.369890614845268
            ],
            [
              85.82107856603011,
              26.370296650155886
            ],
            [
              85.82093817282595,
              26.37053131185746
            ],
            [
              85.82090790139752,
              26.370946450809374
            ],
            [
              85.82092261939513,
              26.37156022202673
            ],
            [
              85.82081714460436,
              26.372047600126336
            ],
            [
              85.82046131922537,
              26.37239496425863
            ],
            [
              85.8199502182529,
              26.37261591638015
            ],
            [
              85.81943910380568,
              26.372769153653646
            ],
            [
              85.81929876629707,
              26.37290901863487
            ],
            [
              85.81941880367691,
              26.373297139368972
            ],
            [
              85.8196990816388,
              26.373924563026602
            ],
            [
              85.8201346639403,
              26.374389585606473
            ],
            [
              85.82093640494149,
              26.37424090571249
            ],
            [
              85.82168795437279,
              26.374119343767415
            ],
            [
              85.82232423108856,
              26.374146697711122
            ],
            [
              85.82310581030148,
              26.374246297141628
            ],
            [
              85.82339635421044,
              26.374327591878785
            ],
            [
              85.82339616736088,
              26.374702171785945
            ],
            [
              85.8236614479491,
              26.375288929135955
            ],
            [
              85.8238116040438,
              26.375762881120046
            ],
            [
              85.82378128859791,
              26.376331501020065
            ],
            [
              85.82376595255937,
              26.376945204200233
            ],
            [
              85.82390591097895,
              26.377595121986836
            ],
            [
              85.82408103215371,
              26.378276657653274
            ],
            [
              85.82408074828606,
              26.37895810479757
            ],
            [
              85.8242304902574,
              26.37924580218309
            ],
            [
              85.82455624273562,
              26.379444480330402
            ],
            [
              85.82544325002695,
              26.379500152224022
            ],
            [
              85.82632013959324,
              26.379347001940403
            ],
            [
              85.82704676077542,
              26.379225389837917
            ],
            [
              85.82795881758844,
              26.378765377963468
            ],
            [
              85.82885590487557,
              26.37817902295468
            ],
            [
              85.83211279365052,
              26.37618268922361
            ],
            [
              85.83212328597305,
              26.37617625808636
            ],
            [
              85.83294015011204,
              26.375829012359304
            ],
            [
              85.83312545997876,
              26.375860677210763
            ],
            [
              85.83428219362064,
              26.377711321199392
            ],
            [
              85.83490808760834,
              26.37882616938444
            ],
            [
              85.8352485607791,
              26.379507684107583
            ],
            [
              85.83553897982226,
              26.380103473132692
            ],
            [
              85.83573914423052,
              26.38070376416545
            ],
            [
              85.8358562575941,
              26.38080980572323
            ],
            [
              85.83603972411784,
              26.380866279309497
            ],
            [
              85.83675133085833,
              26.380672449909948
            ],
            [
              85.83761818534457,
              26.380419929273508
            ],
            [
              85.83859019482135,
              26.380406693253192
            ],
            [
              85.83967243027844,
              26.380406892835676
            ],
            [
              85.83982274717155,
              26.380420479734823
            ],
            [
              85.83980743987911,
              26.381481085065694
            ],
            [
              85.83973215926169,
              26.3817021187972
            ],
            [
              85.83970559338378,
              26.381706289863452
            ],
            [
              85.83970564009617,
              26.381708053090513
            ],
            [
              85.83971871777008,
              26.382193056203523
            ],
            [
              85.84029025559825,
              26.38225841763514
            ],
            [
              85.8423338456145,
              26.382132638351624
            ],
            [
              85.84264887310655,
              26.382009484853103
            ],
            [
              85.84302336727376,
              26.381755240932
            ],
            [
              85.84404357765372,
              26.380392605786614
            ],
            [
              85.8443880177848,
              26.38012944789335
            ],
            [
              85.8447981526109,
              26.379996844248495
            ],
            [
              85.84709212196147,
              26.379842952623527
            ],
            [
              85.8473820981352,
              26.379710878190398
            ],
            [
              85.84816500326151,
              26.378990023101277
            ],
            [
              85.84866439289763,
              26.378676597869553
            ],
            [
              85.84928475056823,
              26.378484478175842
            ],
            [
              85.85042586340565,
              26.378249488982632
            ],
            [
              85.85103584822966,
              26.377998745648487
            ],
            [
              85.85140994623984,
              26.37767223430342
            ],
            [
              85.85167246540689,
              26.377098047823107
            ],
            [
              85.85206119876968,
              26.375715537113972
            ],
            [
              85.85243017009454,
              26.375380010350778
            ],
            [
              85.85273527838919,
              26.375283902331603
            ],
            [
              85.85402285165225,
              26.375260455980374
            ],
            [
              85.8551905564187,
              26.37533225010444
            ],
            [
              85.85552092533915,
              26.37526317380328
            ],
            [
              85.8560306608724,
              26.375017360666103
            ],
            [
              85.85629522909663,
              26.374835685305968
            ],
            [
              85.85644540405595,
              26.374812477086664
            ],
            [
              85.85658592482086,
              26.374847991607833
            ],
            [
              85.85686882766004,
              26.375293596192847
            ],
            [
              85.85703476895091,
              26.375423706323225
            ],
            [
              85.85758673877724,
              26.37557028174821
            ],
            [
              85.8583591021737,
              26.375715962048783
            ],
            [
              85.8586605740881,
              26.375895210359097
            ],
            [
              85.85971720127137,
              26.37673460195625
            ],
            [
              85.8612984248176,
              26.378257676041187
            ],
            [
              85.8620975732809,
              26.378732611359826
            ],
            [
              85.8633677300072,
              26.380157696123003
            ],
            [
              85.86399669174156,
              26.380655940129035
            ],
            [
              85.86487622415144,
              26.381180129953343
            ],
            [
              85.8654132226552,
              26.381340312228094
            ],
            [
              85.86612969826457,
              26.381337271838724
            ],
            [
              85.8668106176567,
              26.381235045338677
            ],
            [
              85.86750154787433,
              26.381132714933734
            ],
            [
              85.86792793771552,
              26.381234721019446
            ],
            [
              85.86849097927771,
              26.38158878371527
            ],
            [
              85.869590407591,
              26.38199018517055
            ],
            [
              85.86998261923057,
              26.382245719402036
            ],
            [
              85.87039260313973,
              26.38301109789906
            ],
            [
              85.87057258689512,
              26.38388130214101
            ],
            [
              85.87066907763472,
              26.384120047681268
            ],
            [
              85.87095579022902,
              26.38431740813189
            ],
            [
              85.8726430922339,
              26.385018517970355
            ],
            [
              85.8735416985722,
              26.38534403482354
            ],
            [
              85.87421876509002,
              26.385453913111796
            ],
            [
              85.87457546183484,
              26.385632896041116
            ],
            [
              85.8756619337468,
              26.386399810848037
            ],
            [
              85.87662790295158,
              26.387122185683697
            ],
            [
              85.87712013930309,
              26.387341080940953
            ],
            [
              85.87789761321518,
              26.387495678775792
            ],
            [
              85.87948580139987,
              26.387448115866288
            ],
            [
              85.87971596325038,
              26.3873973936089
            ],
            [
              85.88002582812449,
              26.38724711377247
            ],
            [
              85.88012530037251,
              26.3871022599774
            ],
            [
              85.88020399638467,
              26.38682664737777
            ],
            [
              85.88028966512006,
              26.38600049608991
            ],
            [
              85.88038362440722,
              26.385765363654297
            ],
            [
              85.88096728320347,
              26.385284446691273
            ],
            [
              85.88211534001806,
              26.38447613671981
            ],
            [
              85.88237426412735,
              26.384190704027997
            ],
            [
              85.88259696277449,
              26.38367070771312
            ],
            [
              85.88288939494217,
              26.383096356297642
            ],
            [
              85.88293675142903,
              26.382577157394806
            ],
            [
              85.88288765400718,
              26.380934702011007
            ],
            [
              85.88263732767346,
              26.378214625772003
            ],
            [
              85.8826066672745,
              26.37717228897852
            ],
            [
              85.88299083090746,
              26.37687726120669
            ],
            [
              85.88338562789839,
              26.376681524190843
            ],
            [
              85.88383602072396,
              26.3765937871191
            ],
            [
              85.88416100244768,
              26.376470449856075
            ],
            [
              85.88439998755094,
              26.376189628187714
            ],
            [
              85.88464384421793,
              26.37588165109577
            ],
            [
              85.88536338577737,
              26.3755400268303
            ],
            [
              85.88562327108401,
              26.375407998180762
            ],
            [
              85.88575264734955,
              26.375244983623283
            ],
            [
              85.88581092824853,
              26.37491527021977
            ],
            [
              85.8857649803201,
              26.37475756669652
            ],
            [
              85.88580451966732,
              26.374662646861196
            ],
            [
              85.8861348769097,
              26.374602434321336
            ],
            [
              85.88692138158532,
              26.37458092098229
            ],
            [
              85.88792827713617,
              26.37456288521822
            ],
            [
              85.88839378231974,
              26.374475118369354
            ],
            [
              85.88858423324484,
              26.374478714257815
            ],
            [
              85.8888757123,
              26.374639870789213
            ],
            [
              85.88929797797573,
              26.37489524100219
            ],
            [
              85.88945856171424,
              26.37495767787348
            ],
            [
              85.88968405502021,
              26.374952218873815
            ],
            [
              85.89006857797928,
              26.374724818271634
            ],
            [
              85.89070477205,
              26.373801412045704
            ],
            [
              85.8910915776282,
              26.373077579277485
            ],
            [
              85.89112300968,
              26.372423104118457
            ],
            [
              85.89105031082066,
              26.37104258094721
            ],
            [
              85.89109958880391,
              26.37089344121061
            ],
            [
              85.89128453934448,
              26.37082488781322
            ],
            [
              85.89161025678843,
              26.370823476132884
            ],
            [
              85.89241343419573,
              26.37110415631443
            ],
            [
              85.89432282579001,
              26.371221895259673
            ],
            [
              85.89672193396144,
              26.371089261270935
            ],
            [
              85.8978441660082,
              26.371084206919562
            ],
            [
              85.89786200744808,
              26.3742746047561
            ],
            [
              85.89762099125397,
              26.375981499323245
            ],
            [
              85.89755066574364,
              26.377741784793276
            ],
            [
              85.89753172207094,
              26.379745538146796
            ],
            [
              85.89753275872675,
              26.37992610405449
            ],
            [
              85.8973384576224,
              26.380130054689975
            ],
            [
              85.89550624388743,
              26.380418053359243
            ],
            [
              85.8936583797036,
              26.380606929041893
            ],
            [
              85.89219232826159,
              26.38095647410582
            ],
            [
              85.89183322762509,
              26.381269448923444
            ],
            [
              85.89110935977924,
              26.38265806803643
            ],
            [
              85.88961625916572,
              26.3853860016788
            ],
            [
              85.88940976432967,
              26.38611794302845
            ],
            [
              85.88937626794937,
              26.387300489258017
            ],
            [
              85.88929799055217,
              26.387657279861088
            ],
            [
              85.8890589946691,
              26.387933687951612
            ],
            [
              85.88886722681383,
              26.388593363803498
            ],
            [
              85.88868485623476,
              26.39006079419746
            ],
            [
              85.88883300100153,
              26.392379757794423
            ],
            [
              85.88918733158387,
              26.39484660739655
            ],
            [
              85.88936513512803,
              26.395288101048283
            ],
            [
              85.88979285986575,
              26.395611103350976
            ],
            [
              85.89041791662359,
              26.396289713992118
            ],
            [
              85.89128281907071,
              26.398646003694942
            ],
            [
              85.8920145471753,
              26.39955430302486
            ],
            [
              85.89287068835344,
              26.400313115280625
            ],
            [
              85.89342810825859,
              26.400536222699913
            ],
            [
              85.89407164965006,
              26.40090787325745
            ],
            [
              85.89509688161246,
              26.401440302203056
            ],
            [
              85.89828354189514,
              26.40222461482814
            ],
            [
              85.8988016820662,
              26.402569769656687
            ],
            [
              85.89974956998094,
              26.403594328749605
            ],
            [
              85.90041514255475,
              26.404317855203605
            ],
            [
              85.90104385904904,
              26.404734679847035
            ],
            [
              85.90226953120246,
              26.405243572828233
            ],
            [
              85.90158329108894,
              26.407985938758205
            ],
            [
              85.90139971856402,
              26.40920975574983
            ],
            [
              85.90140179097735,
              26.409566183362983
            ],
            [
              85.90172395199109,
              26.409831002366122
            ],
            [
              85.90334624112224,
              26.410441820165254
            ],
            [
              85.90488819301925,
              26.411034944989353
            ],
            [
              85.90526080431759,
              26.41134019260918
            ],
            [
              85.90575016067034,
              26.412800019735332
            ],
            [
              85.90635073833668,
              26.416190875184416
            ],
            [
              85.90641306075614,
              26.417458607807028
            ],
            [
              85.90664984588527,
              26.417674171989006
            ],
            [
              85.90718138173382,
              26.41771687367345
            ],
            [
              85.90909078500617,
              26.417685518773727
            ],
            [
              85.91010023536568,
              26.41803729268151
            ],
            [
              85.91172123900768,
              26.41841344276912
            ],
            [
              85.91374291102933,
              26.41871542389729
            ],
            [
              85.916927314744,
              26.419012052707604
            ],
            [
              85.91857704740708,
              26.419148732176744
            ],
            [
              85.92110353039759,
              26.419209124218973
            ],
            [
              85.92382826797802,
              26.418884932948814
            ],
            [
              85.9257154657949,
              26.41846982072768
            ],
            [
              85.92762920433685,
              26.418320899124662
            ],
            [
              85.93018923580992,
              26.418128209039633
            ],
            [
              85.93086781239577,
              26.420160234375672
            ],
            [
              85.93118803215015,
              26.42092139375713
            ],
            [
              85.93149440976435,
              26.42102824066643
            ],
            [
              85.93233181837385,
              26.421096444877552
            ],
            [
              85.9332697430738,
              26.421195718214893
            ],
            [
              85.93364650099555,
              26.421338366771597
            ],
            [
              85.93441736240887,
              26.422016056225054
            ],
            [
              85.93489953673087,
              26.422180752871267
            ],
            [
              85.93780908381639,
              26.422586436170445
            ],
            [
              85.93946723459202,
              26.422434095233083
            ],
            [
              85.94080685803922,
              26.422657798627615
            ],
            [
              85.94155052834718,
              26.42297454919414
            ],
            [
              85.94188683513167,
              26.423058699278858
            ],
            [
              85.94203161301274,
              26.42295866490646
            ],
            [
              85.94233398324246,
              26.422384113183714
            ],
            [
              85.94322929006867,
              26.421233536989742
            ],
            [
              85.94355850734897,
              26.420970192238133
            ],
            [
              85.94404862637134,
              26.4207873502781
            ],
            [
              85.94540634278668,
              26.420695057125197
            ],
            [
              85.94716066629832,
              26.420690951022266
            ],
            [
              85.94918163404078,
              26.420861609194084
            ],
            [
              85.95016565489121,
              26.42114110180027
            ],
            [
              85.95048831806315,
              26.421446395883084
            ],
            [
              85.95074284581744,
              26.422090446284088
            ],
            [
              85.95088474998794,
              26.42318181461247
            ],
            [
              85.95095068722813,
              26.423312409767462
            ],
            [
              85.95156280105931,
              26.42341771068672
            ],
            [
              85.95362149265384,
              26.423190974306323
            ],
            [
              85.95507820161687,
              26.422872437601914
            ],
            [
              85.95524759513337,
              26.4227046262189
            ],
            [
              85.95539042367028,
              26.422297759951224
            ]
          ]
        ]
      }
    }
  ]
}