{
  "type": "FeatureCollection",
  "features": [
    {
      "type": "Feature",
      "properties": {
        "object_id": "10-211-01135",
        "stname": "BIHAR",
        "dtname": "Purnia",
        "sdtname": "Kasba",
        "st_area_sh": 0.0,
        "st_length_": 0.0,
        "remarks": "",
        "dist_lgd": 214,
        "state_lgd": 10,
        "subdt_lgd": 1135,
        "ac_no": null,
        "st_length(shape)": 130095.64608516233,
        "st_area(shape)": 215123054.3424731
      },
      "geometry": {
        "type": "Polygon",
        "coordinates": [
          [
            [
              87.60624091526367,
              25.951117381142566
            ],
            [
              87.60688167367435,
              25.950949069818765
            ],
            [
              87.60722824910086,
              25.950803605940933
            ],
            [
              87.60733929524302,
              25.950359702850655
            ],
            [
              87.60740383829787,
              25.9500925768438
            ],
            [
              87.60784185323715,
              25.950274889983067
            ],
            [
              87.60819157456379,
              25.950282678230064
            ],
            [
              87.60866043405666,
              25.950261517007622
            ],
            [
              87.6091691419172,
              25.95023527427555
            ],
            [
              87.60978518138621,
              25.95007635897595
            ],
            [
              87.61002376134928,
              25.949774743221695
            ],
            [
              87.61005214362066,
              25.949444979925886
            ],
            [
              87.61087005699191,
              25.94940011761669
            ],
            [
              87.61397540716499,
              25.94942221759686
            ],
            [
              87.6139847406608,
              25.94942262874044
            ],
            [
              87.61476289819082,
              25.949330702165934
            ],
            [
              87.61560495019206,
              25.949291729108623
            ],
            [
              87.61674979193623,
              25.947195331341455
            ],
            [
              87.61823227536141,
              25.94601922575051
            ],
            [
              87.62071606322307,
              25.945227361865218
            ],
            [
              87.62069094992098,
              25.94417073617026
            ],
            [
              87.62034035902518,
              25.944149032634122
            ],
            [
              87.61747684071649,
              25.943971736049026
            ],
            [
              87.61629399933747,
              25.94255849295
            ],
            [
              87.61647968739493,
              25.940607577983872
            ],
            [
              87.6161253999317,
              25.940289978875583
            ],
            [
              87.61549817104752,
              25.940221763308337
            ],
            [
              87.61297114188129,
              25.940267962809447
            ],
            [
              87.61312085690318,
              25.938919931774908
            ],
            [
              87.61401854606156,
              25.938242519629426
            ],
            [
              87.61362255341294,
              25.93742864259989
            ],
            [
              87.61365673969942,
              25.936471179202353
            ],
            [
              87.61406748178668,
              25.936345370707254
            ],
            [
              87.61447822297559,
              25.93621956288565
            ],
            [
              87.61604860385637,
              25.936815620015498
            ],
            [
              87.6165980763662,
              25.936990533763623
            ],
            [
              87.61898504021332,
              25.936413115126868
            ],
            [
              87.62192676764727,
              25.93700324339963
            ],
            [
              87.62267133537219,
              25.937035530861312
            ],
            [
              87.62252005458676,
              25.9380643829004
            ],
            [
              87.62303309232699,
              25.93877127183913
            ],
            [
              87.62416711116863,
              25.93834091583408
            ],
            [
              87.62483376711063,
              25.93844441093569
            ],
            [
              87.62481063908533,
              25.937770810617835
            ],
            [
              87.6251546498217,
              25.936138400152185
            ],
            [
              87.62506372324694,
              25.933763192657192
            ],
            [
              87.62455162873778,
              25.933233556791883
            ],
            [
              87.62370986958732,
              25.933343552366892
            ],
            [
              87.62304286959053,
              25.933169169622587
            ],
            [
              87.62254685043338,
              25.93288325820701
            ],
            [
              87.62273944923027,
              25.931546860020976
            ],
            [
              87.62265614665736,
              25.930897446816974
            ],
            [
              87.62271069864961,
              25.929886437274003
            ],
            [
              87.6227652524385,
              25.928875427135857
            ],
            [
              87.62371843322691,
              25.927932789393875
            ],
            [
              87.62350723481205,
              25.925731735362653
            ],
            [
              87.62254487503806,
              25.924905599046394
            ],
            [
              87.62325772414862,
              25.92381961293261
            ],
            [
              87.62309435383611,
              25.923134424112767
            ],
            [
              87.622653410389,
              25.92277531572761
            ],
            [
              87.62177711191418,
              25.92314008203243
            ],
            [
              87.62021956885712,
              25.923002372246565
            ],
            [
              87.61921702744048,
              25.92214026613035
            ],
            [
              87.6174951376022,
              25.921100807355014
            ],
            [
              87.61681618102898,
              25.921031460869973
            ],
            [
              87.61629369570691,
              25.920347883049036
            ],
            [
              87.61417995804675,
              25.92071777034646
            ],
            [
              87.61322993124332,
              25.922274077026493
            ],
            [
              87.6125171863373,
              25.923396134323934
            ],
            [
              87.6123672215838,
              25.92527384813658
            ],
            [
              87.61265548197532,
              25.926969208148797
            ],
            [
              87.61237766899053,
              25.927295267135417
            ],
            [
              87.61177837681338,
              25.927189534051365
            ],
            [
              87.61133567626155,
              25.92650551123898
            ],
            [
              87.61113058100072,
              25.92542336209973
            ],
            [
              87.6109671909253,
              25.924702130916483
            ],
            [
              87.61012223467074,
              25.92340614533716
            ],
            [
              87.60855450471836,
              25.921282915711682
            ],
            [
              87.60846684262134,
              25.91976720680646
            ],
            [
              87.60794496456042,
              25.9191917689081
            ],
            [
              87.60642410061472,
              25.91840398427405
            ],
            [
              87.60593765210858,
              25.91696208686446
            ],
            [
              87.60584901983108,
              25.915229848024662
            ],
            [
              87.60628365890152,
              25.91436168010379
            ],
            [
              87.60671829168375,
              25.913493513063116
            ],
            [
              87.60818758784053,
              25.912007305261337
            ],
            [
              87.60889724344027,
              25.910307744949737
            ],
            [
              87.61036368744604,
              25.9082800188983
            ],
            [
              87.61131654214601,
              25.907431413265698
            ],
            [
              87.61199270136544,
              25.90682921996437
            ],
            [
              87.61278727560729,
              25.906103853400193
            ],
            [
              87.61537555729942,
              25.904937726822745
            ],
            [
              87.61640781498566,
              25.903886444789805
            ],
            [
              87.61716187430989,
              25.90285298500381
            ],
            [
              87.61735897366637,
              25.902582851141307
            ],
            [
              87.61727065400258,
              25.900958881042
            ],
            [
              87.61781907997512,
              25.89897110483057
            ],
            [
              87.6182889410895,
              25.897236399681713
            ],
            [
              87.6221716888179,
              25.89942176804458
            ],
            [
              87.62324851192538,
              25.899272760109806
            ],
            [
              87.62364555111131,
              25.898873929117137
            ],
            [
              87.62380290360971,
              25.898440099708818
            ],
            [
              87.62363985758904,
              25.897791026992408
            ],
            [
              87.62306849762729,
              25.8954110071258
            ],
            [
              87.62258223597071,
              25.8940052808535
            ],
            [
              87.62200969202947,
              25.891372520623143
            ],
            [
              87.62164125789714,
              25.889605278890553
            ],
            [
              87.62119902357098,
              25.888993518107924
            ],
            [
              87.62035535011064,
              25.887914199266113
            ],
            [
              87.62011267203326,
              25.887301580330032
            ],
            [
              87.62110906358348,
              25.8870445768536
            ],
            [
              87.62159017519849,
              25.887475760975338
            ],
            [
              87.62387031229031,
              25.888512782044362
            ],
            [
              87.62414477994898,
              25.887573057601074
            ],
            [
              87.6257808546265,
              25.887566010344607
            ],
            [
              87.63129068938792,
              25.888083646375346
            ],
            [
              87.63172874475138,
              25.8879012362306
            ],
            [
              87.63194238299056,
              25.887488125202
            ],
            [
              87.63194743511573,
              25.88747835601642
            ],
            [
              87.63208425033015,
              25.88721379488134
            ],
            [
              87.63144511876841,
              25.887108311957597
            ],
            [
              87.63144108623112,
              25.886350198757
            ],
            [
              87.63246044231325,
              25.882952592039263
            ],
            [
              87.63241830683484,
              25.882519534141718
            ],
            [
              87.63137562419972,
              25.88154950332251
            ],
            [
              87.63085112395648,
              25.88046876589744
            ],
            [
              87.63192286259944,
              25.879417290966213
            ],
            [
              87.6324763326123,
              25.878440218385514
            ],
            [
              87.63229172702476,
              25.878192293933132
            ],
            [
              87.63199407025539,
              25.877792544683505
            ],
            [
              87.63087599291678,
              25.877653025658315
            ],
            [
              87.63178858871899,
              25.876674392307685
            ],
            [
              87.63130844638614,
              25.876423830877144
            ],
            [
              87.62975036074666,
              25.87606959630893
            ],
            [
              87.62966649313344,
              25.875311918209203
            ],
            [
              87.63094337824123,
              25.87530637195982
            ],
            [
              87.63127809500766,
              25.875136228388527
            ],
            [
              87.63237601594788,
              25.874578124199967
            ],
            [
              87.63336620732602,
              25.873202107609
            ],
            [
              87.63435810999475,
              25.872150874326667
            ],
            [
              87.63444277980354,
              25.871446541153613
            ],
            [
              87.63454914392642,
              25.870561719675138
            ],
            [
              87.63358937579204,
              25.87016887812099
            ],
            [
              87.63326249592815,
              25.86872636788771
            ],
            [
              87.63270119440264,
              25.868223423620197
            ],
            [
              87.6312649903843,
              25.86826579733303
            ],
            [
              87.63150096702964,
              25.867614994660936
            ],
            [
              87.6308606999974,
              25.867256772149624
            ],
            [
              87.6302997982222,
              25.866826053356778
            ],
            [
              87.6294625153768,
              25.866937953807476
            ],
            [
              87.62874317773495,
              25.86672444910749
            ],
            [
              87.62860841427265,
              25.865956538374668
            ],
            [
              87.62849630093194,
              25.865317699111657
            ],
            [
              87.62821495307654,
              25.86492188164808
            ],
            [
              87.62662291920412,
              25.865650686853584
            ],
            [
              87.62645695186212,
              25.864460116103785
            ],
            [
              87.62605462070088,
              25.863812163675863
            ],
            [
              87.62657233776542,
              25.86362942827873
            ],
            [
              87.6274491383985,
              25.863445137359317
            ],
            [
              87.62840205059064,
              25.862574616982155
            ],
            [
              87.62967994630313,
              25.862785700922437
            ],
            [
              87.63031214376917,
              25.86162778933716
            ],
            [
              87.63162765014594,
              25.86140544866368
            ],
            [
              87.63166910470136,
              25.860885133234884
            ],
            [
              87.63177725108179,
              25.859527706369757
            ],
            [
              87.63149456383829,
              25.858879158619263
            ],
            [
              87.62977875559447,
              25.858850582810312
            ],
            [
              87.62925475840778,
              25.85784207139827
            ],
            [
              87.62705481841296,
              25.856768656891393
            ],
            [
              87.626497023012,
              25.856915450140683
            ],
            [
              87.62371115507649,
              25.858226998736413
            ],
            [
              87.6227935224205,
              25.85823093874325
            ],
            [
              87.62123418991938,
              25.85758784122982
            ],
            [
              87.62071309788432,
              25.857120795797318
            ],
            [
              87.61971074331726,
              25.856186529635867
            ],
            [
              87.61982108607857,
              25.854381110308253
            ],
            [
              87.6194190998704,
              25.853805195188887
            ],
            [
              87.61838353907883,
              25.854134496721315
            ],
            [
              87.61714304831648,
              25.853417850065135
            ],
            [
              87.61574936066218,
              25.853929158812317
            ],
            [
              87.61506817536878,
              25.85335450583809
            ],
            [
              87.61387498629603,
              25.854081481006126
            ],
            [
              87.61295860139995,
              25.854301975328255
            ],
            [
              87.61247737210562,
              25.85383473017423
            ],
            [
              87.6111224629255,
              25.85412920978292
            ],
            [
              87.60951981186479,
              25.85280026968762
            ],
            [
              87.60661050822267,
              25.85339008376681
            ],
            [
              87.60577448301869,
              25.853754492166903
            ],
            [
              87.60553848930535,
              25.85440525636547
            ],
            [
              87.60426677759527,
              25.85538522287425
            ],
            [
              87.60297653992913,
              25.855284494788197
            ],
            [
              87.60207157082367,
              25.855213838030192
            ],
            [
              87.60139373085637,
              25.855288885167703
            ],
            [
              87.5997198128509,
              25.855620696661305
            ],
            [
              87.59972946524861,
              25.857533878028427
            ],
            [
              87.59957407916235,
              25.85836480270173
            ],
            [
              87.59952364414904,
              25.858379667842904
            ],
            [
              87.59801636183212,
              25.858823960012238
            ],
            [
              87.59746265286742,
              25.85898716703101
            ],
            [
              87.59662311704727,
              25.85866572989842
            ],
            [
              87.59490018516328,
              25.857192735930585
            ],
            [
              87.59469202215573,
              25.85546087296287
            ],
            [
              87.5937359299275,
              25.855753554705604
            ],
            [
              87.59297186157438,
              25.85452935678735
            ],
            [
              87.59185062755586,
              25.853703646844206
            ],
            [
              87.59148762014618,
              25.852910958677413
            ],
            [
              87.59108254373344,
              25.85168528587784
            ],
            [
              87.59012038069051,
              25.850750646929296
            ],
            [
              87.58904190198794,
              25.850466255332147
            ],
            [
              87.58827888825698,
              25.84945855682728
            ],
            [
              87.58723846039321,
              25.848812987906395
            ],
            [
              87.58723649937095,
              25.848415956686143
            ],
            [
              87.58771393957143,
              25.848161282626844
            ],
            [
              87.58950843125098,
              25.848009624622517
            ],
            [
              87.58970701282767,
              25.847828312721255
            ],
            [
              87.5895767068058,
              25.84569899495663
            ],
            [
              87.58924757306886,
              25.843678838389973
            ],
            [
              87.58920265191477,
              25.842668228934052
            ],
            [
              87.58996043565416,
              25.842629125236886
            ],
            [
              87.59083050880407,
              25.84110940133591
            ],
            [
              87.59059005405702,
              25.84089375600034
            ],
            [
              87.58971586213154,
              25.84158320831338
            ],
            [
              87.5889193430371,
              25.841839182834708
            ],
            [
              87.58752245468547,
              25.841700364365618
            ],
            [
              87.58751960073778,
              25.84112283196079
            ],
            [
              87.58735666071829,
              25.84043758921846
            ],
            [
              87.58663684517273,
              25.84007957865181
            ],
            [
              87.58511970743882,
              25.83983295383826
            ],
            [
              87.58340214927685,
              25.839370584995695
            ],
            [
              87.58296207000903,
              25.83911969870211
            ],
            [
              87.5824290124144,
              25.836161697790253
            ],
            [
              87.58204939425677,
              25.83601883327308
            ],
            [
              87.58166977699749,
              25.835875967774882
            ],
            [
              87.58091185581588,
              25.835879001361185
            ],
            [
              87.57845277431944,
              25.838776715071
            ],
            [
              87.5776166862334,
              25.83910493381977
            ],
            [
              87.5766209423685,
              25.83943378067173
            ],
            [
              87.5763055124312,
              25.840193082601292
            ],
            [
              87.57523229785623,
              25.840991504929935
            ],
            [
              87.57535518020055,
              25.841640800809877
            ],
            [
              87.57483747571244,
              25.841823355134647
            ],
            [
              87.57431593541803,
              25.841211756047475
            ],
            [
              87.57328017609883,
              25.841504619391593
            ],
            [
              87.57273023287179,
              25.8418662128904
            ],
            [
              87.57228596206487,
              25.84215832272591
            ],
            [
              87.57172729619641,
              25.842124402849773
            ],
            [
              87.57144237574113,
              25.840934314745667
            ],
            [
              87.5719182591612,
              25.840354809108522
            ],
            [
              87.57223528181146,
              25.839920401769515
            ],
            [
              87.5718720992303,
              25.839055424314786
            ],
            [
              87.57187587125618,
              25.839054678066148
            ],
            [
              87.57243005632802,
              25.838944960058125
            ],
            [
              87.57242745211201,
              25.838403454255126
            ],
            [
              87.57206246301878,
              25.837141444350483
            ],
            [
              87.57213576374934,
              25.83580547082952
            ],
            [
              87.57236054738628,
              25.832772293349986
            ],
            [
              87.57262791026933,
              25.8303164910674
            ],
            [
              87.57310618141142,
              25.8302424573873
            ],
            [
              87.5737850418649,
              25.830384162930354
            ],
            [
              87.5737892199293,
              25.831250465926527
            ],
            [
              87.5749473100273,
              25.831534750094153
            ],
            [
              87.57538874036125,
              25.83207442766156
            ],
            [
              87.57622653434805,
              25.832107227341623
            ],
            [
              87.57806061118893,
              25.831955466284516
            ],
            [
              87.57981689662114,
              25.83220121083443
            ],
            [
              87.57985143055559,
              25.83111804204571
            ],
            [
              87.57976010512886,
              25.828735987024054
            ],
            [
              87.57975342166313,
              25.827364209158517
            ],
            [
              87.57957024170197,
              25.82660689004971
            ],
            [
              87.5793870617408,
              25.825849569330472
            ],
            [
              87.57886592209503,
              25.82531012860168
            ],
            [
              87.57885872299634,
              25.823830084642864
            ],
            [
              87.57961312996859,
              25.82314126473849
            ],
            [
              87.57960697830553,
              25.821877751400866
            ],
            [
              87.58019754065477,
              25.82028705429291
            ],
            [
              87.57568149412583,
              25.819223602700383
            ],
            [
              87.57392100906968,
              25.818727605208753
            ],
            [
              87.57267306318877,
              25.818984006798267
            ],
            [
              87.57068465398545,
              25.81920140960398
            ],
            [
              87.56911045436642,
              25.818956103036363
            ],
            [
              87.56825656975624,
              25.819378516785672
            ],
            [
              87.56729014600393,
              25.8204719186595
            ],
            [
              87.56673803783704,
              25.82110272871845
            ],
            [
              87.5661838330023,
              25.821314469688126
            ],
            [
              87.56567631540948,
              25.82160982511943
            ],
            [
              87.56512130837919,
              25.82165388291329
            ],
            [
              87.56437845194486,
              25.82111190904972
            ],
            [
              87.56368645812194,
              25.82153376039341
            ],
            [
              87.56308406855365,
              25.821326513342473
            ],
            [
              87.56257159315882,
              25.82057414728339
            ],
            [
              87.56183073188274,
              25.820451226615255
            ],
            [
              87.56109125580883,
              25.820621768283537
            ],
            [
              87.5602128040723,
              25.820750851332264
            ],
            [
              87.55942023756509,
              25.81945469367947
            ],
            [
              87.55863152393216,
              25.818996755824077
            ],
            [
              87.55715169413035,
              25.81912813071142
            ],
            [
              87.55616736875103,
              25.819923412091672
            ],
            [
              87.5557224044447,
              25.820643201002298
            ],
            [
              87.55462075908929,
              25.821702738244934
            ],
            [
              87.55327713005423,
              25.822111968982302
            ],
            [
              87.55242916893503,
              25.82236443093717
            ],
            [
              87.55087742360482,
              25.82233040188453
            ],
            [
              87.54986029624288,
              25.822346516016406
            ],
            [
              87.54870681719727,
              25.822274518303917
            ],
            [
              87.54804571733527,
              25.82213604723272
            ],
            [
              87.54774264102979,
              25.821933389348114
            ],
            [
              87.54761665859941,
              25.821353472881192
            ],
            [
              87.54757304808729,
              25.820641388055606
            ],
            [
              87.54767440140753,
              25.819178211364907
            ],
            [
              87.54808998810913,
              25.81848594787842
            ],
            [
              87.54808135799418,
              25.818039565077324
            ],
            [
              87.54781074590473,
              25.817714532214485
            ],
            [
              87.54753619200781,
              25.81718199913376
            ],
            [
              87.54762555641229,
              25.81664378284667
            ],
            [
              87.54804109460486,
              25.815956037091418
            ],
            [
              87.54829703990063,
              25.814743077086252
            ],
            [
              87.54825445885785,
              25.814089633951866
            ],
            [
              87.5478801443537,
              25.813558810290413
            ],
            [
              87.54793235084473,
              25.812903807144597
            ],
            [
              87.54825154292644,
              25.812389080716827
            ],
            [
              87.54821365198777,
              25.811974614089255
            ],
            [
              87.54813693316756,
              25.811619529809768
            ],
            [
              87.54774248382462,
              25.811594169263348
            ],
            [
              87.54734803358336,
              25.811568807094115
            ],
            [
              87.54711296872802,
              25.811274757730246
            ],
            [
              87.54723633706094,
              25.810948019364574
            ],
            [
              87.5478512383645,
              25.810252621774158
            ],
            [
              87.54786840337293,
              25.80959378892233
            ],
            [
              87.54825864770204,
              25.809141034767013
            ],
            [
              87.54881699197361,
              25.809132176990953
            ],
            [
              87.5491427067226,
              25.808951151658174
            ],
            [
              87.54930917083294,
              25.80827631683169
            ],
            [
              87.54841214822454,
              25.808051444898013
            ],
            [
              87.54735226105507,
              25.807653132601285
            ],
            [
              87.54613058011644,
              25.807401803034843
            ],
            [
              87.54536428214479,
              25.806967300651127
            ],
            [
              87.54380618213227,
              25.806337807127406
            ],
            [
              87.54300668781762,
              25.80599400794441
            ],
            [
              87.54268049426659,
              25.806148044878835
            ],
            [
              87.54246493273439,
              25.806864138338565
            ],
            [
              87.54241785831856,
              25.807785095876962
            ],
            [
              87.54230380461681,
              25.808594398031673
            ],
            [
              87.54184810813781,
              25.80901658590449
            ],
            [
              87.54125600607615,
              25.809084552988537
            ],
            [
              87.54083245221634,
              25.809361895875952
            ],
            [
              87.54076992498096,
              25.809480199832173
            ],
            [
              87.54091195401729,
              25.809865844936382
            ],
            [
              87.54131903816469,
              25.810545104800756
            ],
            [
              87.54152763775345,
              25.811020033667276
            ],
            [
              87.54140159064436,
              25.81146861911346
            ],
            [
              87.54091372729167,
              25.81177405111362
            ],
            [
              87.53991144458979,
              25.812037896364387
            ],
            [
              87.53921533827952,
              25.812662374875668
            ],
            [
              87.53827653682386,
              25.812600445054006
            ],
            [
              87.53728255994513,
              25.812259685296798
            ],
            [
              87.5358912447415,
              25.811744763601954
            ],
            [
              87.5345637009399,
              25.811170166971532
            ],
            [
              87.53390557180659,
              25.8111804891397
            ],
            [
              87.532848661654,
              25.81119713286571
            ],
            [
              87.53179673176132,
              25.81121362212892
            ],
            [
              87.53140180720959,
              25.81116115326927
            ],
            [
              87.5305283177667,
              25.810340346297853
            ],
            [
              87.52932341376429,
              25.80940280427294
            ],
            [
              87.52886371618902,
              25.80935143768666
            ],
            [
              87.52853925818312,
              25.809595568881225
            ],
            [
              87.52821704506711,
              25.80995698004353
            ],
            [
              87.5278387186869,
              25.811036505972524
            ],
            [
              87.52759537585624,
              25.81187490034361
            ],
            [
              87.52674014467144,
              25.812005581189464
            ],
            [
              87.526145775262,
              25.811956209148924
            ],
            [
              87.52560587609817,
              25.811369217097216
            ],
            [
              87.5246647075817,
              25.8101343388068
            ],
            [
              87.52379917541556,
              25.80972840096725
            ],
            [
              87.52254679634876,
              25.809689288005533
            ],
            [
              87.52067669167509,
              25.808906498781102
            ],
            [
              87.5204415118354,
              25.809126761074783
            ],
            [
              87.52000372686484,
              25.80944481492163
            ],
            [
              87.5198006186774,
              25.809777320253673
            ],
            [
              87.52008797805873,
              25.810201380096217
            ],
            [
              87.52063576532906,
              25.81068453317401
            ],
            [
              87.52110493743565,
              25.811227508205516
            ],
            [
              87.52134423515263,
              25.81174262299964
            ],
            [
              87.5214360860938,
              25.81211559831199
            ],
            [
              87.521555457822,
              25.812880598776477
            ],
            [
              87.52155748621792,
              25.8137737323326
            ],
            [
              87.52147649321358,
              25.814753900318102
            ],
            [
              87.52148716879242,
              25.815317573901336
            ],
            [
              87.52159335774384,
              25.81617305002112
            ],
            [
              87.52184046092229,
              25.81710297997881
            ],
            [
              87.52185066578392,
              25.817639677152222
            ],
            [
              87.52152534270041,
              25.81783868082554
            ],
            [
              87.52103960835494,
              25.817995133152344
            ],
            [
              87.52064626573643,
              25.8180283442914
            ],
            [
              87.52015013967973,
              25.817905274615445
            ],
            [
              87.51963817093468,
              25.81773284407407
            ],
            [
              87.51886879892814,
              25.817925302396052
            ],
            [
              87.51830417722937,
              25.81839423630062
            ],
            [
              87.51785613888813,
              25.818694440358453
            ],
            [
              87.51736834919727,
              25.818747134726767
            ],
            [
              87.51695365901435,
              25.81870848405195
            ],
            [
              87.51672059830042,
              25.818518140797373
            ],
            [
              87.51627741176007,
              25.818552091698532
            ],
            [
              87.51614213266481,
              25.819045968862305
            ],
            [
              87.51594023989794,
              25.819703208689077
            ],
            [
              87.51566046499259,
              25.819680516754275
            ],
            [
              87.51509753931306,
              25.819450180674547
            ],
            [
              87.51445311757266,
              25.819130901919106
            ],
            [
              87.51403683467673,
              25.819006536329777
            ],
            [
              87.51362713104193,
              25.818967820239738
            ],
            [
              87.5135129776272,
              25.818996645848987
            ],
            [
              87.51353022258571,
              25.819118177975536
            ],
            [
              87.51365142418217,
              25.819459145227768
            ],
            [
              87.51405564899204,
              25.81999873390923
            ],
            [
              87.51427652585578,
              25.82033810966559
            ],
            [
              87.51406980733924,
              25.820742835398047
            ],
            [
              87.51264842282811,
              25.82100398330628
            ],
            [
              87.51232805485172,
              25.820679638636857
            ],
            [
              87.51201544382775,
              25.820504094865985
            ],
            [
              87.51176614516676,
              25.820507935859094
            ],
            [
              87.51140784582746,
              25.820545144159574
            ],
            [
              87.51112994480779,
              25.820621591193696
            ],
            [
              87.51075030598895,
              25.82058694222992
            ],
            [
              87.51040251783681,
              25.820398354297797
            ],
            [
              87.51006925005294,
              25.820178010267735
            ],
            [
              87.50977029072637,
              25.819930025909866
            ],
            [
              87.50955559517011,
              25.819919845206545
            ],
            [
              87.5092614418303,
              25.81992437274899
            ],
            [
              87.50885238228759,
              25.82018332298228
            ],
            [
              87.50860982188952,
              25.8202773159418
            ],
            [
              87.50820288237085,
              25.82038744505828
            ],
            [
              87.50803583705053,
              25.82025471710969
            ],
            [
              87.50766764366671,
              25.820039370974992
            ],
            [
              87.50731598826727,
              25.81964336721258
            ],
            [
              87.50698243481912,
              25.819409393808606
            ],
            [
              87.50628936930607,
              25.819153979680163
            ],
            [
              87.50628480227117,
              25.819176683845438
            ],
            [
              87.5063535530348,
              25.820172551190474
            ],
            [
              87.50651571960485,
              25.820837634924082
            ],
            [
              87.5066243447873,
              25.82156676029809
            ],
            [
              87.50686461088816,
              25.822140449354503
            ],
            [
              87.50689619295859,
              25.822748994212496
            ],
            [
              87.50695761975773,
              25.823884807138118
            ],
            [
              87.50685284116128,
              25.82440972699224
            ],
            [
              87.50686613263423,
              25.825108715731794
            ],
            [
              87.50665790674464,
              25.82622621326527
            ],
            [
              87.50680101825085,
              25.82719839933518
            ],
            [
              87.50712278041262,
              25.828650404294855
            ],
            [
              87.50731497766256,
              25.829315139616543
            ],
            [
              87.50767297606623,
              25.83056811887905
            ],
            [
              87.50796457369901,
              25.83121773635347
            ],
            [
              87.50828969825488,
              25.831790087382974
            ],
            [
              87.5087455950582,
              25.8324235716471
            ],
            [
              87.50984948799844,
              25.834869419222812
            ],
            [
              87.51013973995495,
              25.835442342817725
            ],
            [
              87.51048816860589,
              25.83619028878389
            ],
            [
              87.5109155879164,
              25.83689636576748
            ],
            [
              87.51158209024649,
              25.837585276223777
            ],
            [
              87.51217124313905,
              25.838139983883913
            ],
            [
              87.51293496474248,
              25.83869197074667
            ],
            [
              87.51473101410075,
              25.84027895208405
            ],
            [
              87.51554377922707,
              25.840785067290646
            ],
            [
              87.51611107970204,
              25.841236327632984
            ],
            [
              87.51754155516386,
              25.84222451961414
            ],
            [
              87.5180324593138,
              25.842595710795226
            ],
            [
              87.51833500920652,
              25.843024099714995
            ],
            [
              87.51841898282098,
              25.843767118629202
            ],
            [
              87.51847861298954,
              25.844537573022468
            ],
            [
              87.51834871839611,
              25.845311012893514
            ],
            [
              87.51838629492443,
              25.845973530810785
            ],
            [
              87.51761415970007,
              25.84603065630774
            ],
            [
              87.51694284419666,
              25.846144917728818
            ],
            [
              87.51665086837313,
              25.846266737277443
            ],
            [
              87.51614543217684,
              25.846441532208225
            ],
            [
              87.51335339910352,
              25.84573617916875
            ],
            [
              87.51115612800339,
              25.84482312204405
            ],
            [
              87.50929602157885,
              25.844067078049054
            ],
            [
              87.5077401592697,
              25.8435679580445
            ],
            [
              87.50596897887179,
              25.843288738773804
            ],
            [
              87.50442677005663,
              25.843240505984458
            ],
            [
              87.50306318943909,
              25.843410491735256
            ],
            [
              87.5016135960314,
              25.843252540939993
            ],
            [
              87.50048979193286,
              25.8434413471283
            ],
            [
              87.49999999540567,
              25.843490225805784
            ],
            [
              87.49899110200164,
              25.843590905727982
            ],
            [
              87.49753251376303,
              25.84379380221879
            ],
            [
              87.49748319805057,
              25.8438416960333
            ],
            [
              87.49701016228993,
              25.843966861785375
            ],
            [
              87.49481578017176,
              25.84418694566968
            ],
            [
              87.49157373066699,
              25.844067707038082
            ],
            [
              87.49000273533856,
              25.8442449847898
            ],
            [
              87.48763874410822,
              25.844368740148496
            ],
            [
              87.48682013633926,
              25.84366973499691
            ],
            [
              87.48582578486308,
              25.841671166722293
            ],
            [
              87.48562534377372,
              25.840673910153946
            ],
            [
              87.48510524797031,
              25.839135234085852
            ],
            [
              87.48420101817835,
              25.837506679795244
            ],
            [
              87.48366194007468,
              25.8371053651048
            ],
            [
              87.48297378565127,
              25.837128427234166
            ],
            [
              87.48165792443993,
              25.838032128644183
            ],
            [
              87.48065678888672,
              25.839567319870497
            ],
            [
              87.47932218881854,
              25.84187453785202
            ],
            [
              87.47922867689243,
              25.843219569718734
            ],
            [
              87.47898023971577,
              25.844298394596116
            ],
            [
              87.47843682993577,
              25.84460572829962
            ],
            [
              87.47681576431003,
              25.844516602222257
            ],
            [
              87.47403374206226,
              25.8457867328302
            ],
            [
              87.47289698605393,
              25.8462884943931
            ],
            [
              87.47220381364137,
              25.846433370875513
            ],
            [
              87.47113641116626,
              25.84637996688395
            ],
            [
              87.46999899579455,
              25.84611892185649
            ],
            [
              87.46835781868623,
              25.845831100156378
            ],
            [
              87.46703218919448,
              25.847262625693368
            ],
            [
              87.46586063874031,
              25.84802611037514
            ],
            [
              87.46511306525242,
              25.848744178602587
            ],
            [
              87.46445018133628,
              25.849475778051254
            ],
            [
              87.46398194617252,
              25.850333570817543
            ],
            [
              87.46285056029302,
              25.85151221092711
            ],
            [
              87.46222784634142,
              25.852514507911962
            ],
            [
              87.46153543929346,
              25.853733535935465
            ],
            [
              87.46056862387567,
              25.85501583979117
            ],
            [
              87.46067986495224,
              25.85707835503496
            ],
            [
              87.46085981367334,
              25.857624395211815
            ],
            [
              87.46088572737435,
              25.858915106734607
            ],
            [
              87.46109068788786,
              25.85948823316649
            ],
            [
              87.46128592234184,
              25.860435903282937
            ],
            [
              87.46167072467695,
              25.86145565611902
            ],
            [
              87.46215122723423,
              25.863653308121293
            ],
            [
              87.46203270800721,
              25.86529618071989
            ],
            [
              87.46217295478598,
              25.86612200691935
            ],
            [
              87.46243399891937,
              25.86835588274684
            ],
            [
              87.46275892764245,
              25.86919966167253
            ],
            [
              87.46363763539885,
              25.87021469526149
            ],
            [
              87.46397720486446,
              25.87058003709638
            ],
            [
              87.46575328467395,
              25.870714299294246
            ],
            [
              87.46637677476993,
              25.870655266849887
            ],
            [
              87.46659680631902,
              25.87125539282602
            ],
            [
              87.46658790581117,
              25.872708636766998
            ],
            [
              87.46647380360041,
              25.87358876714854
            ],
            [
              87.46628452857006,
              25.873977084789832
            ],
            [
              87.4644636057599,
              25.873896942091104
            ],
            [
              87.46379017831724,
              25.874014750724065
            ],
            [
              87.463356343239,
              25.87432634431296
            ],
            [
              87.46286775764081,
              25.874723851865657
            ],
            [
              87.46284369806254,
              25.875924348788214
            ],
            [
              87.46298434099839,
              25.877156380042074
            ],
            [
              87.46270060721758,
              25.877996084024655
            ],
            [
              87.46233155684097,
              25.878271581029416
            ],
            [
              87.46037582834772,
              25.878281789040177
            ],
            [
              87.45979726210076,
              25.878480715756147
            ],
            [
              87.45936852586004,
              25.87894582673085
            ],
            [
              87.45933417787687,
              25.879640890908313
            ],
            [
              87.45943040630841,
              25.88170786766847
            ],
            [
              87.4593059213696,
              25.882145678385445
            ],
            [
              87.45846830794417,
              25.882827736699767
            ],
            [
              87.4580241799694,
              25.882823410383327
            ],
            [
              87.45736049116275,
              25.882616217382555
            ],
            [
              87.4562668848308,
              25.8811635786473
            ],
            [
              87.45565329866082,
              25.88123609737342
            ],
            [
              87.45531450713625,
              25.88190879863287
            ],
            [
              87.45555467891401,
              25.882942205819322
            ],
            [
              87.45653824611519,
              25.883943585648478
            ],
            [
              87.45731202615487,
              25.88464267268375
            ],
            [
              87.45768673861271,
              25.885355536781578
            ],
            [
              87.45769191740031,
              25.88570310183824
            ],
            [
              87.45714840341576,
              25.886163752301535
            ],
            [
              87.45672944803184,
              25.88629033685229
            ],
            [
              87.45606564603749,
              25.886037996001736
            ],
            [
              87.45540651258764,
              25.88529821531304
            ],
            [
              87.4550419025835,
              25.88466197795603
            ],
            [
              87.4543378902004,
              25.88390868125583
            ],
            [
              87.45375403018149,
              25.883714969286288
            ],
            [
              87.45329001530293,
              25.883724202948017
            ],
            [
              87.45271136641101,
              25.883828297987677
            ],
            [
              87.45216294223508,
              25.88450107823064
            ],
            [
              87.45102095623523,
              25.885314037191993
            ],
            [
              87.45043250043531,
              25.885698039371118
            ],
            [
              87.44965919919768,
              25.88580222722817
            ],
            [
              87.44917985906042,
              25.88535113539637
            ],
            [
              87.4497323085871,
              25.883080726931883
            ],
            [
              87.44932809365869,
              25.882900327142263
            ],
            [
              87.44856998203423,
              25.88337011393063
            ],
            [
              87.44824582316733,
              25.883677239365014
            ],
            [
              87.44747277435631,
              25.884119911348588
            ],
            [
              87.44682427156957,
              25.88421046473957
            ],
            [
              87.4444540999301,
              25.883837024900924
            ],
            [
              87.44328672933689,
              25.88400904792485
            ],
            [
              87.44336179435867,
              25.8844603307683
            ],
            [
              87.44427541064702,
              25.88546190381044
            ],
            [
              87.44458542284484,
              25.88662161517772
            ],
            [
              87.4438220938052,
              25.886649099695376
            ],
            [
              87.44212555801748,
              25.88643771329955
            ],
            [
              87.44100811578781,
              25.88668196020472
            ],
            [
              87.44038006494512,
              25.887860176371905
            ],
            [
              87.44058516469751,
              25.888830410727053
            ],
            [
              87.44080507766895,
              25.889466683808582
            ],
            [
              87.44071058029098,
              25.889958688137718
            ],
            [
              87.44032159001002,
              25.89031090672586
            ],
            [
              87.43951333801967,
              25.89050083218955
            ],
            [
              87.43908427209722,
              25.890528067701617
            ],
            [
              87.43850513542009,
              25.88984686525821
            ],
            [
              87.43810059530155,
              25.88904371303061
            ],
            [
              87.43692245570476,
              25.888001585766865
            ],
            [
              87.43723121834599,
              25.886791932124154
            ],
            [
              87.43702088500872,
              25.885325242704926
            ],
            [
              87.43633699668464,
              25.884707175249613
            ],
            [
              87.43553904837054,
              25.885303273756367
            ],
            [
              87.4349352376675,
              25.885208753809735
            ],
            [
              87.43346795014368,
              25.884162264811714
            ],
            [
              87.4319861296752,
              25.884194436623094
            ],
            [
              87.43155191371126,
              25.883892240918044
            ],
            [
              87.43147180464916,
              25.883364263368126
            ],
            [
              87.43089286110978,
              25.88287705895914
            ],
            [
              87.43084784563261,
              25.882669415882255
            ],
            [
              87.4316956315803,
              25.881983062634642
            ],
            [
              87.432214121196,
              25.88115700138972
            ],
            [
              87.43199438339602,
              25.88060648492499
            ],
            [
              87.43198408241463,
              25.880051308912776
            ],
            [
              87.43231329520336,
              25.87973080277018
            ],
            [
              87.4322580910342,
              25.879207254298052
            ],
            [
              87.43191872368953,
              25.878859897234932
            ],
            [
              87.43061104163887,
              25.877691417835717
            ],
            [
              87.42975829519415,
              25.87854025428535
            ],
            [
              87.42903988910525,
              25.878549586147923
            ],
            [
              87.4287851403654,
              25.87803058685464
            ],
            [
              87.42821145017383,
              25.877954138126427
            ],
            [
              87.42810145685716,
              25.877475771332787
            ],
            [
              87.4285096881532,
              25.875634212883636
            ],
            [
              87.42721744724396,
              25.875399959023383
            ],
            [
              87.42657367408715,
              25.874881190793037
            ],
            [
              87.42541117236281,
              25.874714623158063
            ],
            [
              87.42538160431525,
              25.875477348596316
            ],
            [
              87.42562119757794,
              25.87588347227936
            ],
            [
              87.42563712560623,
              25.87808142817756
            ],
            [
              87.4256773422832,
              25.878853168709814
            ],
            [
              87.42587711861923,
              25.87925925734702
            ],
            [
              87.42594754294424,
              25.88054550961461
            ],
            [
              87.42602756307312,
              25.881145729207578
            ],
            [
              87.42594327235338,
              25.882346308759963
            ],
            [
              87.4261482607147,
              25.88334816724794
            ],
            [
              87.42599894634142,
              25.88420569719952
            ],
            [
              87.42703178164439,
              25.884241446067506
            ],
            [
              87.42780535507153,
              25.88485951191972
            ],
            [
              87.4279501670886,
              25.885143746400242
            ],
            [
              87.42869364785203,
              25.88525631807507
            ],
            [
              87.42913781714931,
              25.885463791733
            ],
            [
              87.42916799784793,
              25.886091079006192
            ],
            [
              87.42904851742355,
              25.886668848329183
            ],
            [
              87.4287344529255,
              25.887251206060238
            ],
            [
              87.42804643684264,
              25.888424859299946
            ],
            [
              87.42787706039414,
              25.889038713743343
            ],
            [
              87.4277076758608,
              25.88965259732117
            ],
            [
              87.427593359851,
              25.890460544211862
            ],
            [
              87.4278732371643,
              25.89170150410703
            ],
            [
              87.42763441375779,
              25.893023973953113
            ],
            [
              87.42797906858625,
              25.8939085051151
            ],
            [
              87.42877292507418,
              25.894955218037698
            ],
            [
              87.43001570833712,
              25.89579429117915
            ],
            [
              87.43009585333184,
              25.896525326987682
            ],
            [
              87.43028075805836,
              25.89701273285772
            ],
            [
              87.43023106774841,
              25.897522765230175
            ],
            [
              87.43146421119006,
              25.898916842144455
            ],
            [
              87.43263728608531,
              25.89968809577412
            ],
            [
              87.43463364627716,
              25.900459080927586
            ],
            [
              87.43556681170276,
              25.9005579547335
            ],
            [
              87.43595590708658,
              25.900363757760033
            ],
            [
              87.43629974534643,
              25.899384251630842
            ],
            [
              87.43641402272867,
              25.8986079050103
            ],
            [
              87.43711215114668,
              25.897560608709416
            ],
            [
              87.43865396829638,
              25.897632128245867
            ],
            [
              87.43859923933597,
              25.89789843092296
            ],
            [
              87.43852504208678,
              25.89899966689356
            ],
            [
              87.43838074839763,
              25.899839179969565
            ],
            [
              87.43736822490158,
              25.90076035502891
            ],
            [
              87.43731883013734,
              25.901559214219567
            ],
            [
              87.43703035774341,
              25.90340978223033
            ],
            [
              87.43704566683249,
              25.90411829714419
            ],
            [
              87.43687679344053,
              25.90554006714829
            ],
            [
              87.4360833070585,
              25.905445582800677
            ],
            [
              87.43575450479989,
              25.906515393077875
            ],
            [
              87.43607397086777,
              25.906700244632884
            ],
            [
              87.43718685414736,
              25.90683520915467
            ],
            [
              87.43784085821694,
              25.9074261367931
            ],
            [
              87.43857943507722,
              25.907565710322302
            ],
            [
              87.43918325476345,
              25.907506816699833
            ],
            [
              87.44007109658965,
              25.906644388812502
            ],
            [
              87.44045496916846,
              25.906102626788346
            ],
            [
              87.44138293514517,
              25.905569678083936
            ],
            [
              87.44197175027118,
              25.905655125126252
            ],
            [
              87.44219647192436,
              25.905831045074887
            ],
            [
              87.44222652326552,
              25.906007057686423
            ],
            [
              87.44204706861785,
              25.90645391885199
            ],
            [
              87.44158819120443,
              25.906801643989414
            ],
            [
              87.44090958227922,
              25.906973487288962
            ],
            [
              87.44062530861093,
              25.9072985810264
            ],
            [
              87.4402420028691,
              25.908932560133458
            ],
            [
              87.43964355780325,
              25.90964138770946
            ],
            [
              87.43805234499101,
              25.91097800596792
            ],
            [
              87.43708454771462,
              25.911691480216096
            ],
            [
              87.43632119981035,
              25.91204387633615
            ],
            [
              87.43553804135914,
              25.91276178570713
            ],
            [
              87.43546339225735,
              25.91303263072891
            ],
            [
              87.43561831121966,
              25.913506440967506
            ],
            [
              87.4358530868175,
              25.913871866991393
            ],
            [
              87.43784005063148,
              25.91525207884405
            ],
            [
              87.43875872712985,
              25.916046038087508
            ],
            [
              87.43950835955634,
              25.91796380176673
            ],
            [
              87.43999808331999,
              25.919127989729283
            ],
            [
              87.44026832710017,
              25.920526919142727
            ],
            [
              87.4405182779381,
              25.92128050400868
            ],
            [
              87.44050869830392,
              25.92206132683276
            ],
            [
              87.44015511961146,
              25.923329664600214
            ],
            [
              87.43918225404022,
              25.924119946727757
            ],
            [
              87.43830930178981,
              25.924901118344934
            ],
            [
              87.43739115799244,
              25.925325770291586
            ],
            [
              87.43713694105523,
              25.925908030123125
            ],
            [
              87.43531078196531,
              25.92702364374593
            ],
            [
              87.43474191033688,
              25.927181825067354
            ],
            [
              87.43408302482209,
              25.927082739290622
            ],
            [
              87.43384269224592,
              25.925530364381537
            ],
            [
              87.43396204600784,
              25.924803635981018
            ],
            [
              87.43411148524693,
              25.924194322318414
            ],
            [
              87.43419089721637,
              25.92333673799795
            ],
            [
              87.43405609961808,
              25.923097643184768
            ],
            [
              87.43375154917719,
              25.922980436974708
            ],
            [
              87.43332736380174,
              25.923138522731453
            ],
            [
              87.43253439934084,
              25.924330343775168
            ],
            [
              87.4317412129961,
              25.924998582046197
            ],
            [
              87.42994986811503,
              25.926037382744695
            ],
            [
              87.4301313969727,
              25.93008114630149
            ],
            [
              87.42981223723032,
              25.93053253001918
            ],
            [
              87.42987241177796,
              25.931223043334043
            ],
            [
              87.43030686938872,
              25.931647119918164
            ],
            [
              87.43122038416743,
              25.931976281906177
            ],
            [
              87.43313214192418,
              25.932138008767744
            ],
            [
              87.43567776531842,
              25.93212340981531
            ],
            [
              87.4360322620891,
              25.932394022121606
            ],
            [
              87.43636692585494,
              25.93298960823491
            ],
            [
              87.43671669299566,
              25.933670984035782
            ],
            [
              87.43715625932542,
              25.93431619082052
            ],
            [
              87.43811072470471,
              25.936360234915043
            ],
            [
              87.43840525623521,
              25.936287935067604
            ],
            [
              87.43940314168375,
              25.935655587003552
            ],
            [
              87.43983725793467,
              25.935353010141505
            ],
            [
              87.4402068670634,
              25.935831291734644
            ],
            [
              87.43865515497085,
              25.93700540192915
            ],
            [
              87.43844068579,
              25.93734400702798
            ],
            [
              87.43866070296605,
              25.938020890367593
            ],
            [
              87.43952449868873,
              25.938498870313076
            ],
            [
              87.44211093524129,
              25.939856180671864
            ],
            [
              87.44371321080624,
              25.939891523308642
            ],
            [
              87.44552968785406,
              25.939042182309336
            ],
            [
              87.446423498087,
              25.939605847125478
            ],
            [
              87.44713742068434,
              25.939700314597665
            ],
            [
              87.44784613574794,
              25.93961868976878
            ],
            [
              87.44837996140217,
              25.93919873509178
            ],
            [
              87.44911877631603,
              25.93933373915135
            ],
            [
              87.45103092663653,
              25.939910472179278
            ],
            [
              87.45169974392516,
              25.93980180835807
            ],
            [
              87.45268776407524,
              25.939219045246766
            ],
            [
              87.4548140565898,
              25.939123144318796
            ],
            [
              87.45500922726339,
              25.939741310364674
            ],
            [
              87.45519906823236,
              25.93998493797203
            ],
            [
              87.45604753689966,
              25.93993030317851
            ],
            [
              87.45631628588325,
              25.938788261117054
            ],
            [
              87.45602592702718,
              25.93744800628345
            ],
            [
              87.45699916809421,
              25.937330175351928
            ],
            [
              87.4571981305566,
              25.936364219168677
            ],
            [
              87.45792670826947,
              25.936124600648135
            ],
            [
              87.46011796874201,
              25.93606015285518
            ],
            [
              87.45996723143736,
              25.934701788138586
            ],
            [
              87.46004653560897,
              25.933848708131656
            ],
            [
              87.46062019525782,
              25.933410582750838
            ],
            [
              87.46069475273144,
              25.93302244937299
            ],
            [
              87.460285232353,
              25.932634570001206
            ],
            [
              87.46026354792033,
              25.93034187001724
            ],
            [
              87.46028257872965,
              25.928969835349683
            ],
            [
              87.46067167860507,
              25.928734860082475
            ],
            [
              87.46116576368942,
              25.928563122015255
            ],
            [
              87.4617497027601,
              25.92864845787263
            ],
            [
              87.46220407961395,
              25.92890998779926
            ],
            [
              87.46292848016074,
              25.92974002316373
            ],
            [
              87.46336795665897,
              25.930060122828436
            ],
            [
              87.46407668609567,
              25.930037107925767
            ],
            [
              87.46468113190761,
              25.93068217061048
            ],
            [
              87.46493153190318,
              25.93188705695863
            ],
            [
              87.46515631284515,
              25.93200876624939
            ],
            [
              87.46564539790664,
              25.932017466978444
            ],
            [
              87.46615937797962,
              25.931809564618792
            ],
            [
              87.46775161487125,
              25.93186273528209
            ],
            [
              87.46873981737933,
              25.93174023978394
            ],
            [
              87.46998748388418,
              25.93159948468274
            ],
            [
              87.47165475166162,
              25.931783437339714
            ],
            [
              87.47363665706224,
              25.93223787877068
            ],
            [
              87.47641724919211,
              25.93267375134416
            ],
            [
              87.47671139175213,
              25.93228998609008
            ],
            [
              87.47691504162366,
              25.931193123770246
            ],
            [
              87.4769840331358,
              25.930091856371227
            ],
            [
              87.47735729211949,
              25.928827912771233
            ],
            [
              87.4764738358685,
              25.928873661899154
            ],
            [
              87.47652301144377,
              25.92797097131851
            ],
            [
              87.47677668490023,
              25.927009440839495
            ],
            [
              87.47633711767214,
              25.926572002600924
            ],
            [
              87.47529339119467,
              25.92587317126878
            ],
            [
              87.47497316425375,
              25.924889540909646
            ],
            [
              87.47493718582831,
              25.923702559330177
            ],
            [
              87.47495658404856,
              25.92298491774918
            ],
            [
              87.47525580568319,
              25.922736529403483
            ],
            [
              87.47688701508511,
              25.921841787969775
            ],
            [
              87.47690172769283,
              25.921485167331518
            ],
            [
              87.4790277246617,
              25.92135281710371
            ],
            [
              87.47950142068403,
              25.920914716364965
            ],
            [
              87.47949616104808,
              25.92055813331946
            ],
            [
              87.47983032984216,
              25.920273596329505
            ],
            [
              87.48185162816465,
              25.920362384082683
            ],
            [
              87.48236038633087,
              25.92004604816914
            ],
            [
              87.48258473877647,
              25.919702935088512
            ],
            [
              87.48213504034858,
              25.9192022408127
            ],
            [
              87.48203998421849,
              25.918917968791934
            ],
            [
              87.48222932482587,
              25.91852522028892
            ],
            [
              87.48188435918036,
              25.91793426585161
            ],
            [
              87.481788367904,
              25.91663904696735
            ],
            [
              87.48265089520554,
              25.91569964185932
            ],
            [
              87.48359373099514,
              25.915211515715722
            ],
            [
              87.48505061333303,
              25.914871879059458
            ],
            [
              87.48659763981307,
              25.914784947961547
            ],
            [
              87.48764032244819,
              25.91437344198628
            ],
            [
              87.48902731675527,
              25.913997786740026
            ],
            [
              87.4899097866561,
              25.913098930114824
            ],
            [
              87.49145081867823,
              25.91210028469806
            ],
            [
              87.49181484926903,
              25.91182017779192
            ],
            [
              87.49180431203075,
              25.911274139315367
            ],
            [
              87.49298710939229,
              25.911277643651534
            ],
            [
              87.49478803480591,
              25.91074362023972
            ],
            [
              87.49591592264572,
              25.91076974006218
            ],
            [
              87.49748283872447,
              25.910786130599316
            ],
            [
              87.49797282299954,
              25.9107404156605
            ],
            [
              87.49947964088746,
              25.91045084205422
            ],
            [
              87.49999999540567,
              25.91041279989781
            ],
            [
              87.5008104312005,
              25.91035354812998
            ],
            [
              87.50169233606098,
              25.910010498959167
            ],
            [
              87.50254771277285,
              25.90984838782582
            ],
            [
              87.50346967620682,
              25.90977547539683
            ],
            [
              87.50484053766976,
              25.909424867115632
            ],
            [
              87.50768665830634,
              25.90948883415558
            ],
            [
              87.50951718859844,
              25.91047529419909
            ],
            [
              87.51098009773355,
              25.911282578971957
            ],
            [
              87.51166368332544,
              25.911795128001653
            ],
            [
              87.51342363388399,
              25.912480439282586
            ],
            [
              87.51406989357749,
              25.91208244882491
            ],
            [
              87.51457575557522,
              25.911912175650244
            ],
            [
              87.51516476563567,
              25.911916446764096
            ],
            [
              87.5163358588474,
              25.91207863019917
            ],
            [
              87.51732778127905,
              25.9122706497134
            ],
            [
              87.51843534383724,
              25.912505909895714
            ],
            [
              87.5193150819613,
              25.912573331890282
            ],
            [
              87.52048425906654,
              25.91264076919826
            ],
            [
              87.52219338564123,
              25.91274936272055
            ],
            [
              87.52339940714785,
              25.912910912347694
            ],
            [
              87.52449678820061,
              25.91313731561131
            ],
            [
              87.5256343005904,
              25.913372090883712
            ],
            [
              87.52656512770126,
              25.913758925888555
            ],
            [
              87.52734800228484,
              25.914238322068773
            ],
            [
              87.5279304492538,
              25.91467581092324
            ],
            [
              87.52849297877631,
              25.914860885620143
            ],
            [
              87.52864270727292,
              25.914858527920764
            ],
            [
              87.5287546301708,
              25.914707907353524
            ],
            [
              87.52876551595543,
              25.91449574384066
            ],
            [
              87.52887714779914,
              25.91433159304626
            ],
            [
              87.52900682320366,
              25.914329557723654
            ],
            [
              87.52925630601933,
              25.9143256906914
            ],
            [
              87.52974164959763,
              25.914385688660392
            ],
            [
              87.53003435125994,
              25.914290909210965
            ],
            [
              87.53027804173863,
              25.913989351317678
            ],
            [
              87.53071318386563,
              25.912737447156204
            ],
            [
              87.53102416983721,
              25.911780764891354
            ],
            [
              87.53119375379653,
              25.911254751939204
            ],
            [
              87.53133750131,
              25.91094125680005
            ],
            [
              87.53163186305893,
              25.910936688302613
            ],
            [
              87.53220684323125,
              25.91098625980313
            ],
            [
              87.53283787198909,
              25.91109807315467
            ],
            [
              87.53382482314399,
              25.911290044168897
            ],
            [
              87.53479047165024,
              25.91141467628501
            ],
            [
              87.53533559811072,
              25.911469274202116
            ],
            [
              87.53610840796985,
              25.911425501171905
            ],
            [
              87.53663229107053,
              25.911417271607704
            ],
            [
              87.53770480226464,
              25.91138680484296
            ],
            [
              87.53808103018038,
              25.91148467725646
            ],
            [
              87.5381690057894,
              25.911645617762968
            ],
            [
              87.53817809494346,
              25.9121191289569
            ],
            [
              87.53839508030539,
              25.912237520800357
            ],
            [
              87.53865482098328,
              25.91224696231126
            ],
            [
              87.53911827710971,
              25.91221262785132
            ],
            [
              87.53961169115253,
              25.91217324901802
            ],
            [
              87.54015754614672,
              25.912011273370144
            ],
            [
              87.54100360732907,
              25.91162348160847
            ],
            [
              87.54191806713551,
              25.91116243925214
            ],
            [
              87.54280076700503,
              25.910868775717105
            ],
            [
              87.5440995144119,
              25.910406233158287
            ],
            [
              87.54476561339843,
              25.910007700793013
            ],
            [
              87.54517507987796,
              25.909762207715172
            ],
            [
              87.54652698509176,
              25.909208523081443
            ],
            [
              87.54736234644079,
              25.909046397109407
            ],
            [
              87.54794995512937,
              25.908721312229222
            ],
            [
              87.54867812321048,
              25.908177491186024
            ],
            [
              87.54945398464663,
              25.907781813343686
            ],
            [
              87.54950440798183,
              25.908836553758196
            ],
            [
              87.54945340074171,
              25.909550053081166
            ],
            [
              87.5495353378754,
              25.91042838570153
            ],
            [
              87.54979511179094,
              25.911470849817587
            ],
            [
              87.55009180556637,
              25.912359311788773
            ],
            [
              87.5502008592452,
              25.91308835586058
            ],
            [
              87.5503500047352,
              25.91383028935859
            ],
            [
              87.55028909177241,
              25.914548503777244
            ],
            [
              87.55019222194377,
              25.915474757670655
            ],
            [
              87.55097804300146,
              25.91532699491322
            ],
            [
              87.55152069190842,
              25.915255246133533
            ],
            [
              87.55224419144498,
              25.915243730773522
            ],
            [
              87.55303204269526,
              25.91520412106148
            ],
            [
              87.55337574171621,
              25.915167172022873
            ],
            [
              87.5536534612762,
              25.91507252328688
            ],
            [
              87.55399835505646,
              25.915098629222843
            ],
            [
              87.55428210680361,
              25.915315108696646
            ],
            [
              87.55461664480528,
              25.915580443087965
            ],
            [
              87.5551622833055,
              25.915662036896844
            ],
            [
              87.55570755888633,
              25.915725494759048
            ],
            [
              87.55625121570301,
              25.915703343210836
            ],
            [
              87.55693355263662,
              25.915624793089222
            ],
            [
              87.55710555306408,
              25.91600102327971
            ],
            [
              87.55718278931391,
              25.916378721167025
            ],
            [
              87.55713988128434,
              25.916992872144935
            ],
            [
              87.556728398087,
              25.91764896465725
            ],
            [
              87.55682672138977,
              25.91808497521318
            ],
            [
              87.55710390465553,
              25.91822492637325
            ],
            [
              87.55760630364786,
              25.91813576211587
            ],
            [
              87.55798786036983,
              25.91798981010695
            ],
            [
              87.55835050575847,
              25.91790291362631
            ],
            [
              87.55869899729146,
              25.91785217671713
            ],
            [
              87.55877373712309,
              25.918103674698312
            ],
            [
              87.5590343949809,
              25.91816260908278
            ],
            [
              87.5592982930619,
              25.91812685109975
            ],
            [
              87.55950787540759,
              25.918123489976438
            ],
            [
              87.55957486457494,
              25.91823070976261
            ],
            [
              87.55956295560921,
              25.91838875017929
            ],
            [
              87.5592518833994,
              25.918565190043118
            ],
            [
              87.55892785838145,
              25.918840935732103
            ],
            [
              87.55867480296594,
              25.919174321926032
            ],
            [
              87.55855220898077,
              25.920055854247792
            ],
            [
              87.55859138990022,
              25.920786072344306
            ],
            [
              87.55858868327626,
              25.921413103971087
            ],
            [
              87.55868459819578,
              25.92197997094604
            ],
            [
              87.55888203442052,
              25.92238278933001
            ],
            [
              87.55907611094607,
              25.92234811929743
            ],
            [
              87.5592477942682,
              25.92219199495351
            ],
            [
              87.55934228176474,
              25.921919840300266
            ],
            [
              87.55946457661089,
              25.921791636086365
            ],
            [
              87.55983164799892,
              25.921930072813396
            ],
            [
              87.56002649527898,
              25.922193151915643
            ],
            [
              87.56048885276583,
              25.92260981994334
            ],
            [
              87.56103581717939,
              25.923011597986413
            ],
            [
              87.56145489473417,
              25.92300487763408
            ],
            [
              87.5617842979657,
              25.9229996567975
            ],
            [
              87.562045626865,
              25.92309024660137
            ],
            [
              87.56217588797111,
              25.92337230776974
            ],
            [
              87.56228715240387,
              25.92369988510135
            ],
            [
              87.56276884882216,
              25.92433719735866
            ],
            [
              87.56441358415732,
              25.92446440506374
            ],
            [
              87.56581047969547,
              25.924676613655112
            ],
            [
              87.5668727635701,
              25.92462811274593
            ],
            [
              87.56791508957403,
              25.924579838033836
            ],
            [
              87.5699971059249,
              25.92460520019594
            ],
            [
              87.5701030352632,
              25.923895291084303
            ],
            [
              87.57018254065741,
              25.923623398091635
            ],
            [
              87.57081101819988,
              25.923599742863416
            ],
            [
              87.57084173070109,
              25.924402238112872
            ],
            [
              87.5708509806536,
              25.924871227876903
            ],
            [
              87.570848953156,
              25.92553434415392
            ],
            [
              87.57106906735005,
              25.926067617085767
            ],
            [
              87.5713562416784,
              25.92645545909642
            ],
            [
              87.57161843385869,
              25.9265911386239
            ],
            [
              87.57212428597497,
              25.92667774270221
            ],
            [
              87.5726483307724,
              25.926669388977533
            ],
            [
              87.57284151077927,
              25.925831770760972
            ],
            [
              87.57316039024728,
              25.92528987713608
            ],
            [
              87.57342964408399,
              25.924766798211753
            ],
            [
              87.573704127014,
              25.92450974061537
            ],
            [
              87.57410150037319,
              25.9244086812692
            ],
            [
              87.57458996290222,
              25.92436924995485
            ],
            [
              87.57514478128631,
              25.92415733166165
            ],
            [
              87.57543432806528,
              25.923900090953467
            ],
            [
              87.575620102361,
              25.923193477979407
            ],
            [
              87.57560926418711,
              25.92264329981604
            ],
            [
              87.57543070965134,
              25.92219056410158
            ],
            [
              87.57507111314482,
              25.921673021149736
            ],
            [
              87.57506159100276,
              25.921185986219122
            ],
            [
              87.57508597127959,
              25.92064883488013
            ],
            [
              87.57532121040808,
              25.920175962284112
            ],
            [
              87.57555709003539,
              25.919982695241934
            ],
            [
              87.57591516030428,
              25.919918278210467
            ],
            [
              87.57625951689202,
              25.91991275829562
            ],
            [
              87.5767007046809,
              25.920014012172324
            ],
            [
              87.5771562951587,
              25.92008332693788
            ],
            [
              87.57757234988256,
              25.92017142807829
            ],
            [
              87.57783660189976,
              25.920153589386228
            ],
            [
              87.57804245533869,
              25.919960857978033
            ],
            [
              87.5780349849488,
              25.919582075174596
            ],
            [
              87.57802882789586,
              25.919266433624053
            ],
            [
              87.57793417241437,
              25.91877174708546
            ],
            [
              87.57780820525532,
              25.918457977024826
            ],
            [
              87.5776154932707,
              25.918303169353372
            ],
            [
              87.5772665561733,
              25.918322368123782
            ],
            [
              87.57705788382101,
              25.918375276628797
            ],
            [
              87.57684587871901,
              25.918252366363586
            ],
            [
              87.57649261443689,
              25.918055065241614
            ],
            [
              87.57607213820523,
              25.91799868719897
            ],
            [
              87.57551830706964,
              25.918007582873457
            ],
            [
              87.57511373910334,
              25.91799594577981
            ],
            [
              87.575073888939,
              25.91774404520228
            ],
            [
              87.57522583357942,
              25.917349119355734
            ],
            [
              87.57541224927226,
              25.916673982885808
            ],
            [
              87.57550504883434,
              25.916059052973555
            ],
            [
              87.57507579696068,
              25.914536724944476
            ],
            [
              87.57462615871992,
              25.91400716104676
            ],
            [
              87.57404727357107,
              25.913502220814888
            ],
            [
              87.57407430208134,
              25.913100289165396
            ],
            [
              87.57398138394163,
              25.91243413677553
            ],
            [
              87.57376926116032,
              25.91179700499891
            ],
            [
              87.57365983198567,
              25.911307086697022
            ],
            [
              87.5736309044369,
              25.910594793055818
            ],
            [
              87.57342029172358,
              25.910034336293787
            ],
            [
              87.57324939532563,
              25.909211565289603
            ],
            [
              87.57282019016432,
              25.90819441780752
            ],
            [
              87.5720332578906,
              25.906750014267715
            ],
            [
              87.5719750174158,
              25.90556011483128
            ],
            [
              87.57215486732218,
              25.90454677897411
            ],
            [
              87.57207199324566,
              25.903627858879094
            ],
            [
              87.57249201313316,
              25.903413656084982
            ],
            [
              87.5728598858184,
              25.903340105348615
            ],
            [
              87.57343744505391,
              25.903272197278078
            ],
            [
              87.57478077225505,
              25.903056730023696
            ],
            [
              87.57583355015736,
              25.903039855189245
            ],
            [
              87.57710172430183,
              25.903064637753058
            ],
            [
              87.57846284533211,
              25.902997629709468
            ],
            [
              87.57998503608948,
              25.902995738027016
            ],
            [
              87.58103915697312,
              25.90305100003062
            ],
            [
              87.58149882939557,
              25.90307523068338
            ],
            [
              87.58198523927413,
              25.903189191289318
            ],
            [
              87.5825105911203,
              25.903257395159137
            ],
            [
              87.5827397711122,
              25.90349279291226
            ],
            [
              87.58287035920505,
              25.903788461831763
            ],
            [
              87.58280053944623,
              25.90429927216549
            ],
            [
              87.58267317361027,
              25.904928337250215
            ],
            [
              87.58282620700885,
              25.905602525244987
            ],
            [
              87.58342277279912,
              25.905737281738453
            ],
            [
              87.5839837087103,
              25.905836547871875
            ],
            [
              87.5840730991659,
              25.906827477022688
            ],
            [
              87.58407938288134,
              25.90765291824109
            ],
            [
              87.58417243127676,
              25.90959103590362
            ],
            [
              87.58404232737587,
              25.91109075904358
            ],
            [
              87.58371755406128,
              25.91133057228573
            ],
            [
              87.58334908130142,
              25.91162521639925
            ],
            [
              87.58314663427404,
              25.911989352213467
            ],
            [
              87.58318685993417,
              25.912259293238453
            ],
            [
              87.58316508477166,
              25.91368960417295
            ],
            [
              87.58323488566587,
              25.91469889588812
            ],
            [
              87.5836559170564,
              25.91478692186943
            ],
            [
              87.5841264590938,
              25.914856041751758
            ],
            [
              87.58481425239444,
              25.914804375964593
            ],
            [
              87.58498369621663,
              25.916312715304052
            ],
            [
              87.58499259313116,
              25.917778660839303
            ],
            [
              87.58510456363975,
              25.918137702033242
            ],
            [
              87.58488189014547,
              25.91823599221549
            ],
            [
              87.58434696225837,
              25.91844762382428
            ],
            [
              87.5839976200208,
              25.918453219755932
            ],
            [
              87.58370941981639,
              25.91877361993187
            ],
            [
              87.58341875912645,
              25.919220368896536
            ],
            [
              87.5830226236457,
              25.919384600951904
            ],
            [
              87.58263846989423,
              25.91939078422141
            ],
            [
              87.58133315041276,
              25.919520059159876
            ],
            [
              87.5815718058343,
              25.920738661367206
            ],
            [
              87.58156363475848,
              25.921338783989338
            ],
            [
              87.58166746114071,
              25.922045306281507
            ],
            [
              87.58161931862799,
              25.922393444351943
            ],
            [
              87.58145655737322,
              25.922743386311396
            ],
            [
              87.58153163586974,
              25.923008309715964
            ],
            [
              87.58198458080902,
              25.923452097743223
            ],
            [
              87.58225472307961,
              25.923984577829295
            ],
            [
              87.5823699733373,
              25.92451502117106
            ],
            [
              87.58247153596498,
              25.925113298680937
            ],
            [
              87.58248118926103,
              25.925600327887686
            ],
            [
              87.5822967651332,
              25.926122057138873
            ],
            [
              87.58208480494696,
              25.926513368921704
            ],
            [
              87.58185341869272,
              25.92692755596058
            ],
            [
              87.58185801537205,
              25.9271620969493
            ],
            [
              87.58195059125362,
              25.92755304334075
            ],
            [
              87.58216110515227,
              25.927599268815168
            ],
            [
              87.58254538556618,
              25.92759308274463
            ],
            [
              87.58291243988621,
              25.92772704499026
            ],
            [
              87.58344200213612,
              25.92800272238965
            ],
            [
              87.58403332176515,
              25.92811949219016
            ],
            [
              87.58452524460462,
              25.928255935684376
            ],
            [
              87.58482397665739,
              25.92846757919602
            ],
            [
              87.58510939477938,
              25.928765280353986
            ],
            [
              87.5853460757039,
              25.92912229825878
            ],
            [
              87.58558196341606,
              25.929190685869724
            ],
            [
              87.5861406355727,
              25.92916816118443
            ],
            [
              87.58657612085614,
              25.92922433272132
            ],
            [
              87.58704539896395,
              25.92923030219273
            ],
            [
              87.58744963635021,
              25.929223775279816
            ],
            [
              87.58768709431746,
              25.929111679392168
            ],
            [
              87.58796738305917,
              25.929152286210865
            ],
            [
              87.58821667183871,
              25.92938733901061
            ],
            [
              87.5884872560804,
              25.929694142687215
            ],
            [
              87.58859330669124,
              25.93000823022719
            ],
            [
              87.58861144727008,
              25.930418463346133
            ],
            [
              87.5896044881043,
              25.930402390610837
            ],
            [
              87.59019686684704,
              25.930316199672088
            ],
            [
              87.59120141420172,
              25.93012403504741
            ],
            [
              87.59212284313811,
              25.93001441940244
            ],
            [
              87.59278712483281,
              25.93003527726813
            ],
            [
              87.59337948560928,
              25.93020162301764
            ],
            [
              87.59381827669296,
              25.930176440601308
            ],
            [
              87.5944418000266,
              25.93015284081631
            ],
            [
              87.59500503742156,
              25.930107673050856
            ],
            [
              87.59559358035804,
              25.92982751359836
            ],
            [
              87.59586961557686,
              25.929651606021967
            ],
            [
              87.59611139533892,
              25.92950786733279
            ],
            [
              87.5963359642785,
              25.929504280326373
            ],
            [
              87.59656891090643,
              25.929671844305453
            ],
            [
              87.596713861264,
              25.929935655033677
            ],
            [
              87.59686303460177,
              25.930659488674358
            ],
            [
              87.596803831133,
              25.931197236650394
            ],
            [
              87.5967267556816,
              25.931590923684322
            ],
            [
              87.5963421896034,
              25.932336932745436
            ],
            [
              87.59596101107218,
              25.93350688175556
            ],
            [
              87.59573940028484,
              25.934164591763142
            ],
            [
              87.59549891499508,
              25.93512930331906
            ],
            [
              87.59531366262055,
              25.93585848608162
            ],
            [
              87.59515676287305,
              25.936506126207114
            ],
            [
              87.59488077885818,
              25.936686543387523
            ],
            [
              87.59411180211035,
              25.936680935396176
            ],
            [
              87.59206542013018,
              25.93670491597955
            ],
            [
              87.58999433537804,
              25.936738366805034
            ],
            [
              87.58957436399957,
              25.938477378997
            ],
            [
              87.58937817912803,
              25.939157147005222
            ],
            [
              87.58916063860725,
              25.93952155724737
            ],
            [
              87.58884747781438,
              25.93958970940271
            ],
            [
              87.58792456306452,
              25.939622623019883
            ],
            [
              87.58703620830025,
              25.939636988392362
            ],
            [
              87.5864310582091,
              25.939836193752164
            ],
            [
              87.5858071665662,
              25.940098870980066
            ],
            [
              87.58594901683776,
              25.941215288102267
            ],
            [
              87.58597863788593,
              25.94170198498758
            ],
            [
              87.58615800629534,
              25.94193814366838
            ],
            [
              87.58648745623928,
              25.941932871163704
            ],
            [
              87.58690633526638,
              25.9419080361852
            ],
            [
              87.58737789868823,
              25.942026760809178
            ],
            [
              87.58762619033782,
              25.94221220130277
            ],
            [
              87.58784239236886,
              25.942537962842863
            ],
            [
              87.58823629104452,
              25.94301878969502
            ],
            [
              87.5886221803411,
              25.943346414997663
            ],
            [
              87.58887808611105,
              25.943409954080376
            ],
            [
              87.58936717386749,
              25.943402053096115
            ],
            [
              87.58982479633447,
              25.943570559383698
            ],
            [
              87.59055693856237,
              25.94373019512385
            ],
            [
              87.59107349320693,
              25.944100736839776
            ],
            [
              87.5914084812646,
              25.944379517391805
            ],
            [
              87.59163814994004,
              25.944628419905822
            ],
            [
              87.59205891632753,
              25.944698288062245
            ],
            [
              87.5926004333572,
              25.944815798204377
            ],
            [
              87.59324671820353,
              25.944931698326634
            ],
            [
              87.59389274433505,
              25.945029549347428
            ],
            [
              87.59435985929964,
              25.945170766605703
            ],
            [
              87.5948724694418,
              25.945591058640087
            ],
            [
              87.59495099118078,
              25.946027364851638
            ],
            [
              87.59488959222944,
              25.946456859154107
            ],
            [
              87.59475799083695,
              25.946869509178008
            ],
            [
              87.59487829232148,
              25.94765242173432
            ],
            [
              87.59511483400715,
              25.94824852278289
            ],
            [
              87.59510013667078,
              25.949272692087337
            ],
            [
              87.5962018889257,
              25.949439793378534
            ],
            [
              87.59709183640297,
              25.94950214501603
            ],
            [
              87.59775321114942,
              25.94961765926934
            ],
            [
              87.59838400005711,
              25.949702231094356
            ],
            [
              87.59910091763759,
              25.949848474191263
            ],
            [
              87.59988124010745,
              25.94992150399261
            ],
            [
              87.60019339478721,
              25.950056264745424
            ],
            [
              87.60047883087547,
              25.95034942272661
            ],
            [
              87.60055443129318,
              25.950632367728574
            ],
            [
              87.60080245973637,
              25.950804256977946
            ],
            [
              87.60159009359434,
              25.950994488068467
            ],
            [
              87.60352991741547,
              25.95112080513588
            ],
            [
              87.60402170460937,
              25.950995529241382
            ],
            [
              87.60432047798467,
              25.95095910191511
            ],
            [
              87.60468676065187,
              25.951047906124053
            ],
            [
              87.60524863709915,
              25.95118308237919
            ],
            [
              87.60559806737162,
              25.951177438729996
            ],
            [
              87.60624091526367,
              25.951117381142566
            ]
          ]
        ]
      }
    }
  ]
}