{
  "type": "FeatureCollection",
  "features": [
    {
      "type": "Feature",
      "properties": {
        "object_id": "10-215-01196",
        "stname": "BIHAR",
        "dtname": "Darbhanga",
        "sdtname": "Gora Bauram",
        "st_area_sh": 0.0,
        "st_length_": 0.0,
        "remarks": "",
        "dist_lgd": 195,
        "state_lgd": 10,
        "subdt_lgd": 1196,
        "ac_no": null,
        "st_length(shape)": 99804.03366816713,
        "st_area(shape)": 145653476.81698695
      },
      "geometry": {
        "type": "Polygon",
        "coordinates": [
          [
            [
              86.27612665364732,
              26.03593495369442
            ],
            [
              86.27673401089912,
              26.0356960239704
            ],
            [
              86.27696200421654,
              26.035486735774047
            ],
            [
              86.27695673469911,
              26.034882114362794
            ],
            [
              86.27659176896209,
              26.033129276293817
            ],
            [
              86.27661720386106,
              26.032605650961905
            ],
            [
              86.27670465036239,
              26.032316195605553
            ],
            [
              86.27696163590731,
              26.031998455937927
            ],
            [
              86.27831992814278,
              26.031361564676285
            ],
            [
              86.28013341919056,
              26.03080715820059
            ],
            [
              86.28123352303695,
              26.030352480103645
            ],
            [
              86.2818411605631,
              26.030140589668846
            ],
            [
              86.28233248242967,
              26.029771586385685
            ],
            [
              86.28258828579168,
              26.029322934050295
            ],
            [
              86.28266586340128,
              26.028483089946654
            ],
            [
              86.28232527794111,
              26.026098279111455
            ],
            [
              86.28011531364604,
              26.02643893313179
            ],
            [
              86.27966499717725,
              26.025210197876643
            ],
            [
              86.27901828922442,
              26.023797829358983
            ],
            [
              86.2779610646615,
              26.022284579962008
            ],
            [
              86.27740134327257,
              26.02168838198783
            ],
            [
              86.27751373868429,
              26.021398747126952
            ],
            [
              86.27777509093978,
              26.02100881165309
            ],
            [
              86.27781881643624,
              26.019717898104687
            ],
            [
              86.27756915126261,
              26.01743622575789
            ],
            [
              86.27709096905369,
              26.015864645859434
            ],
            [
              86.27667640912648,
              26.014716873757447
            ],
            [
              86.27570961436996,
              26.013830221712727
            ],
            [
              86.27518455537457,
              26.013179572970206
            ],
            [
              86.27497127107162,
              26.01221090940136
            ],
            [
              86.27470202172645,
              26.011111704110764
            ],
            [
              86.2747501130352,
              26.01032617761147
            ],
            [
              86.27441613558224,
              26.0086768541389
            ],
            [
              86.27432603455924,
              26.008077294700236
            ],
            [
              86.2746427724436,
              26.007732096924244
            ],
            [
              86.27718917827043,
              26.007059687744597
            ],
            [
              86.28167800135469,
              26.005768650681393
            ],
            [
              86.28378941058166,
              26.005045149854645
            ],
            [
              86.28462786842346,
              26.004975973122015
            ],
            [
              86.28499407024228,
              26.005158369121357
            ],
            [
              86.28570218523129,
              26.005031452893867
            ],
            [
              86.28662257302025,
              26.005760421252717
            ],
            [
              86.28766207921254,
              26.00527009223307
            ],
            [
              86.28745193811473,
              26.0046533693192
            ],
            [
              86.28885405735626,
              26.003934840693862
            ],
            [
              86.28928206506329,
              26.004324329885936
            ],
            [
              86.28978766205803,
              26.00446508035142
            ],
            [
              86.29011011771914,
              26.004778709166363
            ],
            [
              86.2907886413044,
              26.005834301204604
            ],
            [
              86.29164745137726,
              26.00749777221626
            ],
            [
              86.29214338339786,
              26.007661190820727
            ],
            [
              86.29253462036533,
              26.007856924857414
            ],
            [
              86.29279680805404,
              26.008130342899936
            ],
            [
              86.29318297223512,
              26.00887661026237
            ],
            [
              86.29307290705324,
              26.00941444239897
            ],
            [
              86.2944493129181,
              26.009178905198002
            ],
            [
              86.29745949556997,
              26.008435120720026
            ],
            [
              86.29963515320436,
              26.008207202075106
            ],
            [
              86.30180539579419,
              26.0079297426379
            ],
            [
              86.30499057206003,
              26.007775663797364
            ],
            [
              86.30566411358872,
              26.00824459420707
            ],
            [
              86.30717497928529,
              26.008522341928735
            ],
            [
              86.30917580140917,
              26.008295564229307
            ],
            [
              86.3100721529761,
              26.008000218264147
            ],
            [
              86.31129317095804,
              26.00825300915074
            ],
            [
              86.31175543681674,
              26.009111543373702
            ],
            [
              86.31196433015458,
              26.010129893861727
            ],
            [
              86.31151875229892,
              26.01223149112601
            ],
            [
              86.31118816957942,
              26.01379982908428
            ],
            [
              86.31152597205886,
              26.01525950192544
            ],
            [
              86.31163894868055,
              26.016152160710597
            ],
            [
              86.31162820393148,
              26.018300232349002
            ],
            [
              86.31157374716062,
              26.02001098412594
            ],
            [
              86.31170718381125,
              26.020416117164775
            ],
            [
              86.31205462970526,
              26.020715887960645
            ],
            [
              86.31250578879377,
              26.02089763307776
            ],
            [
              86.31287049671427,
              26.020908460811988
            ],
            [
              86.31304434497628,
              26.020798923295942
            ],
            [
              86.31324774870943,
              26.019524813107715
            ],
            [
              86.31339590425596,
              26.01934328786333
            ],
            [
              86.31355118883262,
              26.019391698066936
            ],
            [
              86.31448475311018,
              26.019885785664727
            ],
            [
              86.31540109398878,
              26.02012722668885
            ],
            [
              86.31605546277436,
              26.02013597821632
            ],
            [
              86.31657718632505,
              26.019829720379786
            ],
            [
              86.31713058806595,
              26.019157776852627
            ],
            [
              86.31749504086493,
              26.017476353245428
            ],
            [
              86.31826350826798,
              26.017393996097333
            ],
            [
              86.31867655722887,
              26.01666889016869
            ],
            [
              86.31958539897151,
              26.016084558278205
            ],
            [
              86.3197315539699,
              26.017884063789804
            ],
            [
              86.32001693076936,
              26.01905972030304
            ],
            [
              86.32031281695934,
              26.0197389499558
            ],
            [
              86.32127968627606,
              26.019501647794897
            ],
            [
              86.3222227080169,
              26.019377289155543
            ],
            [
              86.32277162087634,
              26.01931910374299
            ],
            [
              86.3232363364408,
              26.019342703401705
            ],
            [
              86.3236169373553,
              26.019443661838885
            ],
            [
              86.32397869700505,
              26.019680203673285
            ],
            [
              86.32464664382614,
              26.020076897118653
            ],
            [
              86.32577263801734,
              26.020844630202408
            ],
            [
              86.32668949902052,
              26.021149158672195
            ],
            [
              86.32819913133021,
              26.02126882286565
            ],
            [
              86.32946200361788,
              26.02116918908918
            ],
            [
              86.33017889335056,
              26.02090201728906
            ],
            [
              86.33099994723204,
              26.020552978340575
            ],
            [
              86.33194286387003,
              26.020428565114198
            ],
            [
              86.33266640922068,
              26.020346489349667
            ],
            [
              86.33338138374519,
              26.02041781321814
            ],
            [
              86.33406081462887,
              26.020426207107786
            ],
            [
              86.33443939074073,
              26.020306111785217
            ],
            [
              86.334598261392,
              26.020201117782275
            ],
            [
              86.33477043788926,
              26.019911032027114
            ],
            [
              86.33505599165683,
              26.01946208527909
            ],
            [
              86.33572933735275,
              26.018816229036332
            ],
            [
              86.33622187913146,
              26.01860042025794
            ],
            [
              86.33694334578054,
              26.01829269321119
            ],
            [
              86.33756514794213,
              26.018003749879515
            ],
            [
              86.33790766298353,
              26.01722951816143
            ],
            [
              86.33852467892129,
              26.016439607045424
            ],
            [
              86.33899995777514,
              26.015975750087538
            ],
            [
              86.33924134766843,
              26.015608433906316
            ],
            [
              86.33927661462818,
              26.01456121182688
            ],
            [
              86.33915447698718,
              26.013776958922858
            ],
            [
              86.3392962886312,
              26.01344647575317
            ],
            [
              86.33974228330516,
              26.013064018621677
            ],
            [
              86.33999824836387,
              26.012655954687204
            ],
            [
              86.34006873916424,
              26.01217255540352
            ],
            [
              86.33999125138614,
              26.011897867980487
            ],
            [
              86.33956714057082,
              26.01140014610514
            ],
            [
              86.339403404644,
              26.010981712758042
            ],
            [
              86.33943147520002,
              26.010773917630726
            ],
            [
              86.3388585656444,
              26.010394693219407
            ],
            [
              86.33855970064093,
              26.00994565598615
            ],
            [
              86.33800802905527,
              26.008609560650626
            ],
            [
              86.33770672512584,
              26.007348280978636
            ],
            [
              86.3374050978029,
              26.006059938822226
            ],
            [
              86.33722549133994,
              26.005533295898157
            ],
            [
              86.33675716903959,
              26.005117115993496
            ],
            [
              86.33635411563287,
              26.00474111974047
            ],
            [
              86.33589982591559,
              26.00422106228306
            ],
            [
              86.335853054232,
              26.004022857277587
            ],
            [
              86.33596658960583,
              26.003877600329165
            ],
            [
              86.33611096504164,
              26.003826877060725
            ],
            [
              86.33639051177494,
              26.00381123983764
            ],
            [
              86.33663497660142,
              26.00378232695542
            ],
            [
              86.33682375755834,
              26.003672604718965
            ],
            [
              86.33698178469157,
              26.003477373970483
            ],
            [
              86.3370963270768,
              26.002898893723028
            ],
            [
              86.33711725602627,
              26.000831941078438
            ],
            [
              86.33714320925316,
              26.00039855582735
            ],
            [
              86.33744585616397,
              26.000175172088724
            ],
            [
              86.33798637067379,
              26.000000260219966
            ],
            [
              86.33863098914526,
              25.999791656830773
            ],
            [
              86.3389091704393,
              25.99963161110267
            ],
            [
              86.339051029694,
              25.999314659798333
            ],
            [
              86.33913127530002,
              25.998804150145357
            ],
            [
              86.33922757380016,
              25.997869272174416
            ],
            [
              86.3395526516436,
              25.996842477131647
            ],
            [
              86.34007491777675,
              25.99552539227521
            ],
            [
              86.34006486023884,
              25.994437912283377
            ],
            [
              86.33981546366144,
              25.993929854635358
            ],
            [
              86.3395380046129,
              25.993629594778568
            ],
            [
              86.3391258431875,
              25.993343840733317
            ],
            [
              86.33883479981522,
              25.993188165815763
            ],
            [
              86.33864518971328,
              25.99320306160152
            ],
            [
              86.33837129338312,
              25.99329543190303
            ],
            [
              86.33821347196412,
              25.99350869205786
            ],
            [
              86.33798065828691,
              25.993718002619083
            ],
            [
              86.33775134893756,
              25.993760393400468
            ],
            [
              86.33754614677721,
              25.9937077739231
            ],
            [
              86.33742996406826,
              25.9935642313443
            ],
            [
              86.3373979687728,
              25.993343312663512
            ],
            [
              86.33756849236993,
              25.992881714964703
            ],
            [
              86.33799554426948,
              25.992075293963484
            ],
            [
              86.33881962727008,
              25.99154566373
            ],
            [
              86.34008967170698,
              25.991170556657654
            ],
            [
              86.34052289143926,
              25.991036430024508
            ],
            [
              86.34088498885555,
              25.990767425357564
            ],
            [
              86.34113158807916,
              25.990436169295986
            ],
            [
              86.34133527029005,
              25.99031727469002
            ],
            [
              86.34152004925241,
              25.99031592460522
            ],
            [
              86.3424694023194,
              25.990376372375025
            ],
            [
              86.34323806106362,
              25.99032997533724
            ],
            [
              86.3436866428856,
              25.990236379391522
            ],
            [
              86.34396440376806,
              25.99003572596317
            ],
            [
              86.34416057875814,
              25.989641591656724
            ],
            [
              86.34437851094437,
              25.989454978359856
            ],
            [
              86.34465260220891,
              25.989385152928296
            ],
            [
              86.34581515693385,
              25.989272603198522
            ],
            [
              86.34899366231039,
              25.986847772895416
            ],
            [
              86.34903366069675,
              25.98632397424641
            ],
            [
              86.34910115561559,
              25.986057190713243
            ],
            [
              86.34934795336686,
              25.985752987108164
            ],
            [
              86.34954556566139,
              25.985516817836018
            ],
            [
              86.34958733462717,
              25.98517354022501
            ],
            [
              86.34935878884582,
              25.98423217207148
            ],
            [
              86.34897819601615,
              25.9835762292516
            ],
            [
              86.34731516110033,
              25.984640262878376
            ],
            [
              86.34619120877979,
              25.985673199786653
            ],
            [
              86.34551457614819,
              25.98648152760352
            ],
            [
              86.34528178582717,
              25.986690852295354
            ],
            [
              86.3450512637522,
              25.98660234630688
            ],
            [
              86.34478435092512,
              25.986356184386207
            ],
            [
              86.343861597872,
              25.985402006630075
            ],
            [
              86.34295157304814,
              25.984727455725423
            ],
            [
              86.34250100055952,
              25.984609040655968
            ],
            [
              86.3421066760824,
              25.98462555415622
            ],
            [
              86.34167478406012,
              25.98490854835502
            ],
            [
              86.34120532539094,
              25.98543555182082
            ],
            [
              86.3403887873404,
              25.986786453642786
            ],
            [
              86.3399578592104,
              25.987168771853725
            ],
            [
              86.33972878971124,
              25.98723823038743
            ],
            [
              86.33941868319033,
              25.987186383986216
            ],
            [
              86.33892229213066,
              25.98696446817844
            ],
            [
              86.33867502725543,
              25.986691067088188
            ],
            [
              86.33856610203564,
              25.98624516276639
            ],
            [
              86.33842020485372,
              25.986128890704506
            ],
            [
              86.33810474167878,
              25.986041066627312
            ],
            [
              86.33721427767023,
              25.985867227070568
            ],
            [
              86.33680291125387,
              25.985658239254104
            ],
            [
              86.33660096099486,
              25.985425076923796
            ],
            [
              86.33642227799999,
              25.98500226966892
            ],
            [
              86.33631519612318,
              25.984754842266824
            ],
            [
              86.33597810331284,
              25.9844821417984
            ],
            [
              86.3357607891675,
              25.984208437771294
            ],
            [
              86.3357132116951,
              25.983920003301215
            ],
            [
              86.3357705457698,
              25.983630800986198
            ],
            [
              86.33612879570173,
              25.98295113317706
            ],
            [
              86.33639040128212,
              25.981527689919957
            ],
            [
              86.3362954727128,
              25.980977886062256
            ],
            [
              86.33609202675883,
              25.98057330500522
            ],
            [
              86.33595595714613,
              25.9804434623648
            ],
            [
              86.33574040280043,
              25.98035028088791
            ],
            [
              86.33546042397751,
              25.980311751750964
            ],
            [
              86.33495637837329,
              25.980342656945627
            ],
            [
              86.334226426238,
              25.980244328153482
            ],
            [
              86.33302996819594,
              25.979923860220868
            ],
            [
              86.33145828385969,
              25.979515950082437
            ],
            [
              86.33005035700984,
              25.978989386033994
            ],
            [
              86.33004672781607,
              25.97859684674357
            ],
            [
              86.33024880473756,
              25.978306553255884
            ],
            [
              86.33056621905331,
              25.97806949929239
            ],
            [
              86.33155123613538,
              25.977665055202667
            ],
            [
              86.3325342733306,
              25.977053011757153
            ],
            [
              86.33293961474635,
              25.976603142094564
            ],
            [
              86.33290270207299,
              25.97584081803138
            ],
            [
              86.33275377756858,
              25.975395151976056
            ],
            [
              86.3328957293498,
              25.975078196685544
            ],
            [
              86.33327345026551,
              25.974890349718816
            ],
            [
              86.33394138540847,
              25.97475452233401
            ],
            [
              86.33463439522598,
              25.97464557733905
            ],
            [
              86.33504159974767,
              25.974403295822665
            ],
            [
              86.33512312096137,
              25.974037131286067
            ],
            [
              86.33491841377273,
              25.973488195281874
            ],
            [
              86.33465059903709,
              25.973147194667145
            ],
            [
              86.33418217882037,
              25.972703932284794
            ],
            [
              86.33397170085439,
              25.972073726921536
            ],
            [
              86.33451365716023,
              25.970729402759783
            ],
            [
              86.33588625326998,
              25.969049499688875
            ],
            [
              86.33682770116246,
              25.967174107129086
            ],
            [
              86.33749193973803,
              25.966645722344392
            ],
            [
              86.33861990842622,
              25.96605959909275
            ],
            [
              86.33867744192692,
              25.964172818706597
            ],
            [
              86.3391016470653,
              25.964156107691423
            ],
            [
              86.33948864757794,
              25.963891518320622
            ],
            [
              86.34019402001037,
              25.96295208374586
            ],
            [
              86.34069329556047,
              25.96241575363918
            ],
            [
              86.34108022600446,
              25.96213762396604
            ],
            [
              86.34157320166946,
              25.961998475289985
            ],
            [
              86.34210877095366,
              25.961601843397062
            ],
            [
              86.3428657237514,
              25.9613976059532
            ],
            [
              86.34280721108706,
              25.959926928235017
            ],
            [
              86.34281766208707,
              25.95943950465998
            ],
            [
              86.34280063631746,
              25.95921843382555
            ],
            [
              86.34247956226527,
              25.959049436248097
            ],
            [
              86.34083391693672,
              25.958718862980902
            ],
            [
              86.3409564902606,
              25.957923697065308
            ],
            [
              86.3421559046583,
              25.95752204697829
            ],
            [
              86.34224338260066,
              25.957259696964844
            ],
            [
              86.34228493327579,
              25.956889349317017
            ],
            [
              86.34191244594494,
              25.95602564962533
            ],
            [
              86.3417108424356,
              25.95526909898364
            ],
            [
              86.34166626533627,
              25.954773046726853
            ],
            [
              86.34180777694297,
              25.954415481398435
            ],
            [
              86.34225026189908,
              25.953676539981352
            ],
            [
              86.34324736581334,
              25.952987582314307
            ],
            [
              86.34401092302505,
              25.952422236051298
            ],
            [
              86.34435627674277,
              25.951972924848565
            ],
            [
              86.34450867862566,
              25.951182062209018
            ],
            [
              86.34470244523243,
              25.94891975704492
            ],
            [
              86.3448893163711,
              25.946991390390096
            ],
            [
              86.3453889512473,
              25.94650475171381
            ],
            [
              86.3456522070329,
              25.94635836875868
            ],
            [
              86.34605672469353,
              25.946368871367575
            ],
            [
              86.3473985544031,
              25.946805429143364
            ],
            [
              86.34830008924918,
              25.947114504123245
            ],
            [
              86.34912971485511,
              25.947225552175208
            ],
            [
              86.34991330898924,
              25.94720603823972
            ],
            [
              86.3503664919821,
              25.94708524207657
            ],
            [
              86.35068383712755,
              25.94685725699406
            ],
            [
              86.35107382004692,
              25.94530638580727
            ],
            [
              86.35175689000582,
              25.945756968844556
            ],
            [
              86.35220737984943,
              25.94588447734034
            ],
            [
              86.35254187473203,
              25.94588188519994
            ],
            [
              86.35270061422922,
              25.945772353685857
            ],
            [
              86.3528030922402,
              25.945523380889995
            ],
            [
              86.35253406208396,
              25.945051679227923
            ],
            [
              86.35224103882481,
              25.944674800236662
            ],
            [
              86.3522083419451,
              25.944372676283074
            ],
            [
              86.35241014577875,
              25.944068814817776
            ],
            [
              86.35256435327535,
              25.943476515873552
            ],
            [
              86.35268901428397,
              25.942925022009216
            ],
            [
              86.35260031014124,
              25.942515035196237
            ],
            [
              86.3525229382458,
              25.94224033606791
            ],
            [
              86.35259564429164,
              25.942005102114695
            ],
            [
              86.35278379463128,
              25.941850256711813
            ],
            [
              86.35314153432012,
              25.94166252230141
            ],
            [
              86.35414518156291,
              25.94169543695495
            ],
            [
              86.35457882979158,
              25.941624511220844
            ],
            [
              86.35478271681832,
              25.941546198097118
            ],
            [
              86.35501561763218,
              25.94135940833164
            ],
            [
              86.35514093800418,
              25.940884600940084
            ],
            [
              86.3552977649882,
              25.940567559158794
            ],
            [
              86.35574362671146,
              25.940198659108052
            ],
            [
              86.35601587193808,
              25.939957398026056
            ],
            [
              86.3561577895833,
              25.93965394927188
            ],
            [
              86.35616937964711,
              25.939288312364944
            ],
            [
              86.35604530164512,
              25.93829651864047
            ],
            [
              86.35602532131658,
              25.937759581005064
            ],
            [
              86.35609621815544,
              25.937339395930934
            ],
            [
              86.3562684018392,
              25.93706280086655
            ],
            [
              86.35665549218334,
              25.936820718257053
            ],
            [
              86.35704742534516,
              25.93656950175787
            ],
            [
              86.35717386501803,
              25.9362030450149
            ],
            [
              86.35723039510053,
              25.935846071184013
            ],
            [
              86.35724652614812,
              25.934898285861383
            ],
            [
              86.3568518567179,
              25.93272616707413
            ],
            [
              86.3564400887546,
              25.932467604015287
            ],
            [
              86.35597488720157,
              25.9323628143109
            ],
            [
              86.35423579282896,
              25.932141471282584
            ],
            [
              86.35361971473242,
              25.93191149900245
            ],
            [
              86.35321181132146,
              25.93152199296163
            ],
            [
              86.35280211127993,
              25.930947442945342
            ],
            [
              86.35158497132504,
              25.9278113521936
            ],
            [
              86.35284629042559,
              25.92711135917786
            ],
            [
              86.35386525394395,
              25.92611983781688
            ],
            [
              86.35422710612016,
              25.925850833384374
            ],
            [
              86.35449031699,
              25.925708935326718
            ],
            [
              86.3547036210559,
              25.925567416008644
            ],
            [
              86.35487171021857,
              25.925394652932244
            ],
            [
              86.35497470835412,
              25.92519982305381
            ],
            [
              86.3549648205978,
              25.924139416820253
            ],
            [
              86.35505384993067,
              25.922820890268266
            ],
            [
              86.3555174291263,
              25.92148567794916
            ],
            [
              86.35550723234951,
              25.921475654653747
            ],
            [
              86.35511114986937,
              25.92086439522697
            ],
            [
              86.3543995871463,
              25.918594796900617
            ],
            [
              86.35392030090792,
              25.916764166292968
            ],
            [
              86.35344216630975,
              25.914655406851793
            ],
            [
              86.3534376612586,
              25.914635540895684
            ],
            [
              86.35298340567728,
              25.913712494604678
            ],
            [
              86.35173884734334,
              25.913070345609487
            ],
            [
              86.35015624757806,
              25.912169330202847
            ],
            [
              86.34992792457892,
              25.911929020935307
            ],
            [
              86.34971490887223,
              25.91071809834117
            ],
            [
              86.34955349059882,
              25.910112389976543
            ],
            [
              86.34858640568643,
              25.90985973402868
            ],
            [
              86.34794916867168,
              25.909540832752167
            ],
            [
              86.34739580466002,
              25.90940289861293
            ],
            [
              86.34698321563653,
              25.908177529163435
            ],
            [
              86.34679919305563,
              25.90714732538289
            ],
            [
              86.34699375556978,
              25.90626329909586
            ],
            [
              86.34771158763523,
              25.905539646154967
            ],
            [
              86.34899148659078,
              25.904272221644355
            ],
            [
              86.34960543208685,
              25.903372015776895
            ],
            [
              86.34997830838826,
              25.90273709925576
            ],
            [
              86.35001500456762,
              25.902416712076494
            ],
            [
              86.35013332616528,
              25.901776140358766
            ],
            [
              86.34736802605647,
              25.901750176927443
            ],
            [
              86.34727457521579,
              25.902404402746274
            ],
            [
              86.3459663568709,
              25.902470745277473
            ],
            [
              86.34409088476345,
              25.902209445184415
            ],
            [
              86.3433680930993,
              25.902025582138133
            ],
            [
              86.34268526119396,
              25.901837381064635
            ],
            [
              86.34212872523105,
              25.901378862062945
            ],
            [
              86.34202023659249,
              25.901139085154124
            ],
            [
              86.34217446744533,
              25.900331634800093
            ],
            [
              86.34234540696242,
              25.900111184367546
            ],
            [
              86.34227183494065,
              25.899876079668022
            ],
            [
              86.34034388684753,
              25.90008403510779
            ],
            [
              86.33812042087375,
              25.900471206217755
            ],
            [
              86.33693106131902,
              25.900709571957133
            ],
            [
              86.33641654674848,
              25.900774940895374
            ],
            [
              86.33572233588343,
              25.90083948393892
            ],
            [
              86.33581858138295,
              25.899697681321154
            ],
            [
              86.33592548719001,
              25.898434023625914
            ],
            [
              86.33578307097979,
              25.89712407863061
            ],
            [
              86.33582387515496,
              25.896076831385876
            ],
            [
              86.33557538138443,
              25.894992138658193
            ],
            [
              86.33543928931383,
              25.894336868052218
            ],
            [
              86.33552990507147,
              25.893307908355013
            ],
            [
              86.33558586113054,
              25.890445775236408
            ],
            [
              86.3355720369566,
              25.889348613390784
            ],
            [
              86.33564195103854,
              25.88845048623331
            ],
            [
              86.33541146489623,
              25.887718031372312
            ],
            [
              86.33519965742356,
              25.88721591633819
            ],
            [
              86.3343789979025,
              25.886701980380707
            ],
            [
              86.33356640255775,
              25.88653120102629
            ],
            [
              86.33194904158424,
              25.886573425124105
            ],
            [
              86.33139536495888,
              25.885627278762804
            ],
            [
              86.33081755868666,
              25.885421447626765
            ],
            [
              86.3304762707439,
              25.885202149299104
            ],
            [
              86.33044955305073,
              25.885184980964038
            ],
            [
              86.33020734119899,
              25.88476849997412
            ],
            [
              86.32986551965698,
              25.88343053820663
            ],
            [
              86.32976112374284,
              25.882472915183776
            ],
            [
              86.33014419682104,
              25.88180649208861
            ],
            [
              86.33104533730672,
              25.881314021393234
            ],
            [
              86.33096865980902,
              25.879864412029317
            ],
            [
              86.3296354772824,
              25.879975643852948
            ],
            [
              86.32964744104534,
              25.88050844707856
            ],
            [
              86.32799891392136,
              25.880780740104033
            ],
            [
              86.32623379894822,
              25.881368508772784
            ],
            [
              86.32557376089491,
              25.881586668174826
            ],
            [
              86.32510394828951,
              25.881600221898697
            ],
            [
              86.32503465404515,
              25.881602220608137
            ],
            [
              86.32486591719713,
              25.881434387090266
            ],
            [
              86.32480396398523,
              25.880919411655764
            ],
            [
              86.32490029212978,
              25.87977761274346
            ],
            [
              86.32508557684365,
              25.87878973062046
            ],
            [
              86.32527085886258,
              25.877801849125067
            ],
            [
              86.32535319215332,
              25.875608032748243
            ],
            [
              86.32544710921964,
              25.874010225251727
            ],
            [
              86.32536070296739,
              25.873558183118543
            ],
            [
              86.32527263213696,
              25.873097422056954
            ],
            [
              86.32451723611958,
              25.871662712729584
            ],
            [
              86.32379440133633,
              25.870648027828043
            ],
            [
              86.3233486671738,
              25.870049994666758
            ],
            [
              86.3226193932666,
              25.86929261825252
            ],
            [
              86.32162901324229,
              25.868818452684422
            ],
            [
              86.31981903101395,
              25.868552637296503
            ],
            [
              86.31829913455383,
              25.868175292340602
            ],
            [
              86.31697883297005,
              25.86780338527674
            ],
            [
              86.31549386390648,
              25.867430691365588
            ],
            [
              86.31483173277854,
              25.867156678196174
            ],
            [
              86.31422060080591,
              25.86669328131419
            ],
            [
              86.31344352215257,
              25.866450321944484
            ],
            [
              86.31248575726123,
              25.86638709624855
            ],
            [
              86.31132271744606,
              25.86644027538294
            ],
            [
              86.3104281211872,
              25.866670798853537
            ],
            [
              86.31009268127697,
              25.866858825617037
            ],
            [
              86.31005262809339,
              25.86688121023599
            ],
            [
              86.3100724305555,
              25.866908392996734
            ],
            [
              86.31007167237742,
              25.86703931780453
            ],
            [
              86.3100209319369,
              25.8671835513104
            ],
            [
              86.30983474890773,
              25.86744903998798
            ],
            [
              86.30962321991285,
              25.867782130037376
            ],
            [
              86.30962169816677,
              25.868043981613244
            ],
            [
              86.30964514329739,
              25.868177774643176
            ],
            [
              86.30966999788463,
              25.868319614989908
            ],
            [
              86.30975959495277,
              25.86843007524766
            ],
            [
              86.30978395995821,
              25.86846011580934
            ],
            [
              86.31005708463552,
              25.868691669964626
            ],
            [
              86.3104545217751,
              25.86900056494242
            ],
            [
              86.3107326895944,
              25.86922311199201
            ],
            [
              86.31094105023126,
              25.869436296942016
            ],
            [
              86.3110349493313,
              25.869594760782842
            ],
            [
              86.31109796255524,
              25.869915612086718
            ],
            [
              86.31124589172633,
              25.87022332133607
            ],
            [
              86.31140458630777,
              25.870395635773125
            ],
            [
              86.31159319658485,
              25.870572608930573
            ],
            [
              86.31183725177955,
              25.870655033254828
            ],
            [
              86.31198204942356,
              25.870642175018776
            ],
            [
              86.3120926715609,
              25.870498225402454
            ],
            [
              86.31220846799428,
              25.87032269735545
            ],
            [
              86.31232975133743,
              25.87006141178365
            ],
            [
              86.31251015909761,
              25.86993133822301
            ],
            [
              86.31277971207336,
              25.869919069961643
            ],
            [
              86.31318395035794,
              25.869916468068396
            ],
            [
              86.31342322292208,
              25.869962747649854
            ],
            [
              86.31366192236106,
              25.87010835168218
            ],
            [
              86.31412860972758,
              25.870525919785866
            ],
            [
              86.3144812290193,
              25.870821048087862
            ],
            [
              86.31476933759555,
              25.8710526638957
            ],
            [
              86.31497820308562,
              25.87118006484404
            ],
            [
              86.31508707889806,
              25.871338596666757
            ],
            [
              86.31511109356053,
              25.871501244046595
            ],
            [
              86.31503067457969,
              25.87160018979394
            ],
            [
              86.31486539444889,
              25.871703251221255
            ],
            [
              86.31448077177684,
              25.871764641702413
            ],
            [
              86.31411133063307,
              25.871789985311917
            ],
            [
              86.31379186905679,
              25.871802019786227
            ],
            [
              86.31361665894885,
              25.87189600164124
            ],
            [
              86.3134855013241,
              25.87213918017261
            ],
            [
              86.31343964861705,
              25.872301496673632
            ],
            [
              86.31347358876512,
              25.872473219655596
            ],
            [
              86.3134868640684,
              25.872766745946
            ],
            [
              86.31364491276115,
              25.873051926109675
            ],
            [
              86.31387295818088,
              25.87331486282789
            ],
            [
              86.31416081163556,
              25.87359162760645
            ],
            [
              86.31428939199375,
              25.87379540130908
            ],
            [
              86.31427306511345,
              25.87403009400573
            ],
            [
              86.31419729671084,
              25.87418775392936
            ],
            [
              86.31409529660358,
              25.874566515961778
            ],
            [
              86.3140941234038,
              25.87476967693881
            ],
            [
              86.31417287600982,
              25.874959671045797
            ],
            [
              86.31430195133973,
              25.875077665326316
            ],
            [
              86.3144360428622,
              25.875191168816883
            ],
            [
              86.3145455214442,
              25.87524586431817
            ],
            [
              86.31469048078495,
              25.875205916260914
            ],
            [
              86.31480102656549,
              25.87507550808806
            ],
            [
              86.31484695742598,
              25.874899647373272
            ],
            [
              86.31501281517352,
              25.87469726416561
            ],
            [
              86.31528320987069,
              25.874540522297963
            ],
            [
              86.3156383148008,
              25.874406752638482
            ],
            [
              86.31592828199136,
              25.87431782280381
            ],
            [
              86.31619311521858,
              25.874260378779688
            ],
            [
              86.31644204107879,
              25.87436539307207
            ],
            [
              86.31674565367848,
              25.87450678225519
            ],
            [
              86.31685502805591,
              25.87457953380629
            ],
            [
              86.31690399881532,
              25.87474229715483
            ],
            [
              86.31690308972026,
              25.87490031095335
            ],
            [
              86.31690233603372,
              25.87503123660436
            ],
            [
              86.31666154621507,
              25.87524681401891
            ],
            [
              86.31629586182584,
              25.875484377176118
            ],
            [
              86.31608509011073,
              25.87568654888947
            ],
            [
              86.31584422034204,
              25.87591566978531
            ],
            [
              86.31564883317445,
              25.876045676138386
            ],
            [
              86.3154089237048,
              25.876107752992
            ],
            [
              86.31501433332635,
              25.876164584272736
            ],
            [
              86.31437052693188,
              25.876166057711846
            ],
            [
              86.31416032474867,
              25.876268905011152
            ],
            [
              86.31391986640838,
              25.87642578683702
            ],
            [
              86.3136941161842,
              25.876627885005185
            ],
            [
              86.3135779765944,
              25.87686210571696
            ],
            [
              86.31358155817742,
              25.87710592223653
            ],
            [
              86.31361497999757,
              25.87736793985128
            ],
            [
              86.31372349378896,
              25.877589678255475
            ],
            [
              86.3139018246442,
              25.87782077564364
            ],
            [
              86.31423944027408,
              25.87812486361002
            ],
            [
              86.31454227762771,
              25.87840169794227
            ],
            [
              86.31465607171633,
              25.878573798391816
            ],
            [
              86.31465555069344,
              25.87866409174359
            ],
            [
              86.3145598163353,
              25.878821658193097
            ],
            [
              86.31444469184174,
              25.878879806392984
            ],
            [
              86.31428491389208,
              25.878892595032777
            ],
            [
              86.31411071079555,
              25.878810506214545
            ],
            [
              86.31377210342562,
              25.87867797636995
            ],
            [
              86.31349811277238,
              25.878590898179983
            ],
            [
              86.31322861818714,
              25.878589622788198
            ],
            [
              86.31308370825369,
              25.878620540123887
            ],
            [
              86.31279338802524,
              25.878768154873168
            ],
            [
              86.31261863695639,
              25.878780872400657
            ],
            [
              86.31243905115468,
              25.878766475367364
            ],
            [
              86.31208490023538,
              25.87873319399103
            ],
            [
              86.31184513898774,
              25.878768175887192
            ],
            [
              86.31167511665053,
              25.878826062246375
            ],
            [
              86.3114499611111,
              25.878924318903465
            ],
            [
              86.31131952393521,
              25.87904108475508
            ],
            [
              86.31120862960833,
              25.879230179707047
            ],
            [
              86.31101258038242,
              25.87947304894553
            ],
            [
              86.31100756239323,
              25.879477540263036
            ],
            [
              86.31102208904969,
              25.879554359789367
            ],
            [
              86.31102404108881,
              25.883518365261725
            ],
            [
              86.31089100329018,
              25.88408208295687
            ],
            [
              86.30987533838557,
              25.884510676325736
            ],
            [
              86.30879572870406,
              25.884776422668107
            ],
            [
              86.30825497703897,
              25.885071823284402
            ],
            [
              86.30825762617076,
              25.88547365321849
            ],
            [
              86.3092285181433,
              25.885880095702866
            ],
            [
              86.30948718084288,
              25.886030315038827
            ],
            [
              86.30928919844244,
              25.88660275310755
            ],
            [
              86.30856628999733,
              25.887321676369233
            ],
            [
              86.30704521404924,
              25.888822358999025
            ],
            [
              86.30644853417292,
              25.889289047176586
            ],
            [
              86.30555248713486,
              25.889736239153002
            ],
            [
              86.30378214306849,
              25.890323703825477
            ],
            [
              86.30235638106697,
              25.89087668994434
            ],
            [
              86.30210090379343,
              25.89103347882224
            ],
            [
              86.30213018797339,
              25.89199526868895
            ],
            [
              86.30217837360523,
              25.892288963039793
            ],
            [
              86.30162835761462,
              25.892453362703684
            ],
            [
              86.30162878880596,
              25.89248916887648
            ],
            [
              86.30164175958035,
              25.893568579230426
            ],
            [
              86.30165863712791,
              25.89361933385818
            ],
            [
              86.30205375122415,
              25.89480761382794
            ],
            [
              86.3023694003504,
              25.896303527170556
            ],
            [
              86.30264762027197,
              25.897374870081634
            ],
            [
              86.30341393261668,
              25.898264121869943
            ],
            [
              86.30388536578283,
              25.899094914394304
            ],
            [
              86.30411165319954,
              25.899607762039114
            ],
            [
              86.30422613629597,
              25.90013499218721
            ],
            [
              86.30414551519416,
              25.900600404117167
            ],
            [
              86.30410188941073,
              25.90130920579993
            ],
            [
              86.30446933898946,
              25.90391036416802
            ],
            [
              86.30458012911177,
              25.905710162055005
            ],
            [
              86.30479295976554,
              25.907193246955813
            ],
            [
              86.30504848105652,
              25.907868381140887
            ],
            [
              86.30207332641251,
              25.90834120208996
            ],
            [
              86.2994038424086,
              25.908951715988128
            ],
            [
              86.29801011163518,
              25.909354387380386
            ],
            [
              86.29698837232257,
              25.909501718057818
            ],
            [
              86.29625102884917,
              25.909642422783666
            ],
            [
              86.294340620362,
              25.91032409999836
            ],
            [
              86.29480485802273,
              25.912604162756537
            ],
            [
              86.29494980029551,
              25.914326959233108
            ],
            [
              86.29510972826382,
              25.914917004184176
            ],
            [
              86.2959013524383,
              25.915836446352444
            ],
            [
              86.29614282407826,
              25.916046791929652
            ],
            [
              86.29633073726264,
              25.916420014302364
            ],
            [
              86.29646298005224,
              25.916703296116367
            ],
            [
              86.29653075794043,
              25.9170277748318
            ],
            [
              86.29649107576105,
              25.917623679371232
            ],
            [
              86.29642483399203,
              25.91859898778447
            ],
            [
              86.296487628027,
              25.91949199491697
            ],
            [
              86.29656723493085,
              25.920032973934966
            ],
            [
              86.29685938682417,
              25.920897272061715
            ],
            [
              86.29725767197341,
              25.922478389597472
            ],
            [
              86.29738686677923,
              25.923537981842887
            ],
            [
              86.29724589775495,
              25.92397220692432
            ],
            [
              86.29702447561385,
              25.924330297723746
            ],
            [
              86.29647050344276,
              25.924893855180837
            ],
            [
              86.2960388961864,
              25.925194872157675
            ],
            [
              86.2955267073541,
              25.925415152094537
            ],
            [
              86.29502878915842,
              25.925545061100152
            ],
            [
              86.294450395388,
              25.92561697570263
            ],
            [
              86.29377699489487,
              25.925662431189618
            ],
            [
              86.29305750184444,
              25.92557279831377
            ],
            [
              86.29310637199254,
              25.926023750910506
            ],
            [
              86.2931935022869,
              25.926280308342402
            ],
            [
              86.29328524992181,
              25.92649634071017
            ],
            [
              86.29367623985259,
              25.926692082992275
            ],
            [
              86.29402767516478,
              25.9269241433825
            ],
            [
              86.29415971224017,
              25.9271804500211
            ],
            [
              86.2942275287559,
              25.927513950779723
            ],
            [
              86.29427594435647,
              25.92790616439961
            ],
            [
              86.29438903686086,
              25.928279921214113
            ],
            [
              86.29502077259284,
              25.928651982697524
            ],
            [
              86.29496350499346,
              25.928898531133147
            ],
            [
              86.2947795372098,
              25.92954517784807
            ],
            [
              86.29427500561701,
              25.93063186980007
            ],
            [
              86.29405979263112,
              25.931698426092453
            ],
            [
              86.29416965659036,
              25.932270753240786
            ],
            [
              86.29428296199546,
              25.932667057394404
            ],
            [
              86.29459774604406,
              25.93326949519159
            ],
            [
              86.29554025933847,
              25.934300625947632
            ],
            [
              86.29594082081863,
              25.935006235222403
            ],
            [
              86.29603495797218,
              25.93605702328534
            ],
            [
              86.29586299976557,
              25.93693373339555
            ],
            [
              86.29545015472222,
              25.938795957224407
            ],
            [
              86.29549890090281,
              25.939228827111155
            ],
            [
              86.29568146192474,
              25.939552427110527
            ],
            [
              86.29586298718915,
              25.939758701794077
            ],
            [
              86.29631996107248,
              25.940066780656313
            ],
            [
              86.29682725139153,
              25.940419621868546
            ],
            [
              86.29699436318722,
              25.940689180316642
            ],
            [
              86.29705605678598,
              25.940891805764256
            ],
            [
              86.29707258668552,
              25.941067682825654
            ],
            [
              86.29699950873716,
              25.94127128425674
            ],
            [
              86.29675208665678,
              25.94151675775818
            ],
            [
              86.29667018276074,
              25.94185129311879
            ],
            [
              86.2967422977151,
              25.942103484674835
            ],
            [
              86.2967806701508,
              25.942491302173266
            ],
            [
              86.29672783573737,
              25.9427263453239
            ],
            [
              86.29653479856259,
              25.94291276214476
            ],
            [
              86.2962863766573,
              25.943045425006517
            ],
            [
              86.29578813327147,
              25.94315281518036
            ],
            [
              86.29557417163876,
              25.943231074729404
            ],
            [
              86.29543064960247,
              25.94337200576356
            ],
            [
              86.29539686396463,
              25.943503117962216
            ],
            [
              86.29544342095087,
              25.943687804081392
            ],
            [
              86.2955449683072,
              25.943881118678654
            ],
            [
              86.29583204202423,
              25.944167861267807
            ],
            [
              86.29600407029946,
              25.94442835832469
            ],
            [
              86.29600538363641,
              25.94457726799457
            ],
            [
              86.29593146576325,
              25.944686106737045
            ],
            [
              86.29575264263121,
              25.94478667775567
            ],
            [
              86.29553875915195,
              25.944873963148943
            ],
            [
              86.29537518941346,
              25.94500601312126
            ],
            [
              86.29524184708595,
              25.945169432966022
            ],
            [
              86.29520833992584,
              25.945332132048012
            ],
            [
              86.29527031200234,
              25.94556634802249
            ],
            [
              86.29542375682928,
              25.946549014954993
            ],
            [
              86.29538081196883,
              25.947339050872507
            ],
            [
              86.29519331560272,
              25.947588603840092
            ],
            [
              86.29494468169501,
              25.947698703135227
            ],
            [
              86.29450108821781,
              25.947778617992498
            ],
            [
              86.29281536994277,
              25.947962245705686
            ],
            [
              86.28948820775973,
              25.948830001314633
            ],
            [
              86.28786807817853,
              25.949089854781917
            ],
            [
              86.28672042740247,
              25.949152225182956
            ],
            [
              86.28593143708842,
              25.94912628026331
            ],
            [
              86.28537753768084,
              25.949152802723905
            ],
            [
              86.2849145971874,
              25.949305031112345
            ],
            [
              86.2842218703392,
              25.949440848296934
            ],
            [
              86.28333838803705,
              25.949456177730053
            ],
            [
              86.28025180097532,
              25.949293140245473
            ],
            [
              86.27985798943624,
              25.94936364698614
            ],
            [
              86.27971982944388,
              25.94954512281286
            ],
            [
              86.27974336799925,
              25.949955615029925
            ],
            [
              86.27967548410986,
              25.950186248354985
            ],
            [
              86.27960716813084,
              25.950367243115494
            ],
            [
              86.27941326767507,
              25.950458874863106
            ],
            [
              86.2789746068471,
              25.95053419584451
            ],
            [
              86.27861577660349,
              25.950604436095613
            ],
            [
              86.27850669867013,
              25.95069095224744
            ],
            [
              86.27848342511773,
              25.95088516486022
            ],
            [
              86.27859607115943,
              25.95120928209001
            ],
            [
              86.27878681313865,
              25.9519028889621
            ],
            [
              86.2787384226909,
              25.95207923017702
            ],
            [
              86.27863480561614,
              25.952219859838923
            ],
            [
              86.27839593639558,
              25.952307298036626
            ],
            [
              86.27800164695277,
              25.952319123173126
            ],
            [
              86.27697180842958,
              25.95215494429351
            ],
            [
              86.27640704928854,
              25.95208223008439
            ],
            [
              86.27620237713421,
              25.9520836799588
            ],
            [
              86.27612336491508,
              25.952183520126205
            ],
            [
              86.27610157358293,
              25.952549205845063
            ],
            [
              86.27622494281415,
              25.952958992137795
            ],
            [
              86.27641941370013,
              25.953508167698832
            ],
            [
              86.27638748218503,
              25.953855875170714
            ],
            [
              86.27625383173536,
              25.953987691332188
            ],
            [
              86.27611471773216,
              25.95406539362544
            ],
            [
              86.27574066643439,
              25.954108657303134
            ],
            [
              86.27518061626206,
              25.954004317365662
            ],
            [
              86.27464045658678,
              25.953890807324083
            ],
            [
              86.27390209981372,
              25.953950181783732
            ],
            [
              86.27268305992202,
              25.954423605380324
            ],
            [
              86.27093675477265,
              25.95512189579333
            ],
            [
              86.26859811130467,
              25.956027337723384
            ],
            [
              86.2682800888295,
              25.95620105903864
            ],
            [
              86.26814661983953,
              25.95635543083394
            ],
            [
              86.26811337139422,
              25.95654971164051
            ],
            [
              86.26811691614633,
              25.956964859223298
            ],
            [
              86.2681654503245,
              25.958543978276882
            ],
            [
              86.26863287520787,
              25.961225773364262
            ],
            [
              86.26873406413642,
              25.963120411827365
            ],
            [
              86.26861665432878,
              25.963401028360437
            ],
            [
              86.26846309092423,
              25.963542002284125
            ],
            [
              86.26827411593116,
              25.96362907266629
            ],
            [
              86.26801996367266,
              25.963685013739536
            ],
            [
              86.26701136761099,
              25.96367856223228
            ],
            [
              86.26567377166137,
              25.963733076972947
            ],
            [
              86.2633759170972,
              25.9635957433589
            ],
            [
              86.26298189804729,
              25.963643628138083
            ],
            [
              86.26265850723996,
              25.96377675868969
            ],
            [
              86.26225585178688,
              25.963982647682148
            ],
            [
              86.26198126734727,
              25.963984565845703
            ],
            [
              86.26177591786319,
              25.963909284969734
            ],
            [
              86.26160977714635,
              25.963747986989983
            ],
            [
              86.261436908048,
              25.963383662229923
            ],
            [
              86.26115059789898,
              25.96201378693449
            ],
            [
              86.26089525088115,
              25.958423423130238
            ],
            [
              86.26101988404199,
              25.956649042400947
            ],
            [
              86.26094794875065,
              25.956410368970936
            ],
            [
              86.26077675141707,
              25.95624007907833
            ],
            [
              86.26058627803411,
              25.956155667836466
            ],
            [
              86.26034611523953,
              25.956089650332927
            ],
            [
              86.26010649143412,
              25.956091320660622
            ],
            [
              86.2598822288201,
              25.956138012287273
            ],
            [
              86.2588949902043,
              25.956289301979744
            ],
            [
              86.2561243567977,
              25.956308575330333
            ],
            [
              86.25415271914072,
              25.95635384612619
            ],
            [
              86.25308820025768,
              25.95622132829913
            ],
            [
              86.25230628776976,
              25.955856694310132
            ],
            [
              86.25170322087176,
              25.955387026660162
            ],
            [
              86.25135576868955,
              25.955032942808312
            ],
            [
              86.25000000880488,
              25.95241665061789
            ],
            [
              86.24964542938919,
              25.95173236880685
            ],
            [
              86.2480094328651,
              25.948945735935652
            ],
            [
              86.24753443338726,
              25.948318282167673
            ],
            [
              86.24748945294436,
              25.948258863672024
            ],
            [
              86.24699231179142,
              25.94731911691947
            ],
            [
              86.24668092067962,
              25.94709562184055
            ],
            [
              86.24650095129728,
              25.947065270923428
            ],
            [
              86.24627178388178,
              25.947121000157665
            ],
            [
              86.24442601007763,
              25.94786926305849
            ],
            [
              86.24310344923089,
              25.948505610975975
            ],
            [
              86.2428911449899,
              25.948786856859847
            ],
            [
              86.24285839780454,
              25.949048821881643
            ],
            [
              86.24285730365654,
              25.9495136449122
            ],
            [
              86.2428885461638,
              25.950262550109585
            ],
            [
              86.24279060015344,
              25.95048886061449
            ],
            [
              86.24263721192034,
              25.95065237139397
            ],
            [
              86.24241374790859,
              25.950793798382566
            ],
            [
              86.24150668932181,
              25.95097600785333
            ],
            [
              86.23998141644469,
              25.95125720583379
            ],
            [
              86.23838969698267,
              25.951353818187382
            ],
            [
              86.2376702120171,
              25.951282008146613
            ],
            [
              86.23679980289727,
              25.951071345021923
            ],
            [
              86.23600536969093,
              25.950990993798378
            ],
            [
              86.23476004868729,
              25.950719673828438
            ],
            [
              86.23439053118673,
              25.95070864738508
            ],
            [
              86.23415155596496,
              25.95078698834054
            ],
            [
              86.23375989319604,
              25.951114567797685
            ],
            [
              86.23258958241692,
              25.952061169343864
            ],
            [
              86.23164765302745,
              25.9528572908239
            ],
            [
              86.23121239411945,
              25.95334762118261
            ],
            [
              86.23096333530863,
              25.95401719801675
            ],
            [
              86.23083339130783,
              25.95520493790368
            ],
            [
              86.23073138940396,
              25.95584869965976
            ],
            [
              86.23062938570345,
              25.956492461125702
            ],
            [
              86.23049691474175,
              25.956773150002505
            ],
            [
              86.23019008976655,
              25.9571001457996
            ],
            [
              86.22980793117335,
              25.95737349937336
            ],
            [
              86.22766549233985,
              25.958502632867
            ],
            [
              86.22588130164168,
              25.95948490267246
            ],
            [
              86.22560251667977,
              25.959586073269204
            ],
            [
              86.22537715542613,
              25.959501849385493
            ],
            [
              86.22519572178986,
              25.959295481675603
            ],
            [
              86.22500274210726,
              25.95889965723954
            ],
            [
              86.22474419529041,
              25.958423042710145
            ],
            [
              86.22458809684012,
              25.958261633018623
            ],
            [
              86.22442316705227,
              25.958240179232355
            ],
            [
              86.22422886864283,
              25.958295639870688
            ],
            [
              86.22393071510508,
              25.958460104990696
            ],
            [
              86.22365740267989,
              25.958615377622138
            ],
            [
              86.22277465969123,
              25.958729615676795
            ],
            [
              86.2219608444343,
              25.95872605379084
            ],
            [
              86.22138521208507,
              25.958544891768774
            ],
            [
              86.22095417436063,
              25.958340195099684
            ],
            [
              86.22051729399352,
              25.958031740819443
            ],
            [
              86.2199046142237,
              25.95759359232801
            ],
            [
              86.2192930842974,
              25.957295329993894
            ],
            [
              86.21894372499183,
              25.95730669989776
            ],
            [
              86.21877004830806,
              25.957438726233317
            ],
            [
              86.21872189771051,
              25.95765566180096
            ],
            [
              86.21871427820025,
              25.957944530603918
            ],
            [
              86.21888685534614,
              25.958900086926732
            ],
            [
              86.21888052761325,
              25.959346893726348
            ],
            [
              86.21876255995186,
              25.959573323263687
            ],
            [
              86.21859363355931,
              25.959673733759974
            ],
            [
              86.21835433494404,
              25.95971595024204
            ],
            [
              86.21792536424302,
              25.959763944828733
            ],
            [
              86.21744687570863,
              25.959861911134517
            ],
            [
              86.2169356893962,
              25.96023537270203
            ],
            [
              86.21635409043687,
              25.96054164210908
            ],
            [
              86.21469692062153,
              25.960593274917308
            ],
            [
              86.21307624037306,
              25.960829701004865
            ],
            [
              86.21169048663934,
              25.961100651989327
            ],
            [
              86.21005598042032,
              25.961477008335375
            ],
            [
              86.20868355319388,
              25.9615493040241
            ],
            [
              86.20754546767894,
              25.96157939760026
            ],
            [
              86.2070056673298,
              25.96150624903599
            ],
            [
              86.20672995370782,
              25.961368173808808
            ],
            [
              86.20648823862442,
              25.96111254166346
            ],
            [
              86.20609110601373,
              25.96077670495372
            ],
            [
              86.20583048229194,
              25.960652066896014
            ],
            [
              86.20551585275356,
              25.96064060524085
            ],
            [
              86.20520650890232,
              25.960665209312555
            ],
            [
              86.20483801997278,
              25.96078497226171
            ],
            [
              86.20448911701138,
              25.960854926134694
            ],
            [
              86.20401446068999,
              25.960812963669458
            ],
            [
              86.20329439631105,
              25.96067780816539
            ],
            [
              86.20276823508283,
              25.960433068403194
            ],
            [
              86.20200963297822,
              25.959846881088996
            ],
            [
              86.20054956521435,
              25.958331123164076
            ],
            [
              86.19998085258774,
              25.959002770814582
            ],
            [
              86.19930772787737,
              25.95973374498264
            ],
            [
              86.19862056070245,
              25.96058214197861
            ],
            [
              86.19836115240123,
              25.96123371676639
            ],
            [
              86.1984400370596,
              25.961729574606874
            ],
            [
              86.19880781632008,
              25.962765109874574
            ],
            [
              86.1990773046171,
              25.96399533663633
            ],
            [
              86.19894652697973,
              25.96511988138665
            ],
            [
              86.1980745260452,
              25.96658322633894
            ],
            [
              86.19719899922322,
              25.967608848930197
            ],
            [
              86.19688998685031,
              25.968301327016977
            ],
            [
              86.19709077379105,
              25.96905816376119
            ],
            [
              86.19712147730914,
              25.970398263065295
            ],
            [
              86.19708416578383,
              25.971350706721104
            ],
            [
              86.19670716082537,
              25.972282808336757
            ],
            [
              86.19666811195832,
              25.973018648885528
            ],
            [
              86.1967156013958,
              25.97334321797153
            ],
            [
              86.19695704339134,
              25.973558294234667
            ],
            [
              86.19738762566996,
              25.973704400278248
            ],
            [
              86.19786697119713,
              25.973701228907345
            ],
            [
              86.19838302637841,
              25.973300756835723
            ],
            [
              86.19933699139605,
              25.972712353003985
            ],
            [
              86.20012412489243,
              25.972490574624764
            ],
            [
              86.20064873922169,
              25.972532259959895
            ],
            [
              86.20122448026709,
              25.972722527803324
            ],
            [
              86.20189903779033,
              25.973408518352016
            ],
            [
              86.20231633757915,
              25.974380581122578
            ],
            [
              86.20233081392998,
              25.976176563284568
            ],
            [
              86.20231210112428,
              25.976952885818466
            ],
            [
              86.20245900711427,
              25.9772136607913
            ],
            [
              86.20269987508634,
              25.97736099785423
            ],
            [
              86.20544985532628,
              25.97719394993897
            ],
            [
              86.20659683595913,
              25.97701037672061
            ],
            [
              86.20678467278671,
              25.97677447091712
            ],
            [
              86.20670492125413,
              25.97617479714184
            ],
            [
              86.20655402674426,
              25.975422158710984
            ],
            [
              86.20667192164215,
              25.975182202983607
            ],
            [
              86.20693655095182,
              25.975180453784958
            ],
            [
              86.20734186002822,
              25.97528608078602
            ],
            [
              86.20760685405389,
              25.97532945618176
            ],
            [
              86.20780084883275,
              25.97523791728865
            ],
            [
              86.20803306872358,
              25.974934021639665
            ],
            [
              86.20848516206,
              25.97465123762936
            ],
            [
              86.20860287190493,
              25.974388718262407
            ],
            [
              86.20860078601683,
              25.97413150329042
            ],
            [
              86.20837749627825,
              25.973072476888415
            ],
            [
              86.2083977892205,
              25.972490199903252
            ],
            [
              86.20863564424313,
              25.972272005193634
            ],
            [
              86.20894433232421,
              25.97215715198116
            ],
            [
              86.20977809287541,
              25.97215161593991
            ],
            [
              86.21121760988052,
              25.972336114972954
            ],
            [
              86.21363610728903,
              25.97255918417059
            ],
            [
              86.21470938564441,
              25.972529502850588
            ],
            [
              86.21599988382201,
              25.972195977753234
            ],
            [
              86.21731281922044,
              25.972164647239453
            ],
            [
              86.21752946771417,
              25.972402376137122
            ],
            [
              86.21793514509986,
              25.972553098987753
            ],
            [
              86.21858491990102,
              25.972634495852855
            ],
            [
              86.21913306829414,
              25.972499974157515
            ],
            [
              86.2193861120316,
              25.974131886890024
            ],
            [
              86.21997499363292,
              25.975919513735963
            ],
            [
              86.22098837142686,
              25.977104092217274
            ],
            [
              86.22195502784282,
              25.978677074942958
            ],
            [
              86.22203719674187,
              25.979561024598972
            ],
            [
              86.22203676734719,
              25.980116098608814
            ],
            [
              86.22212318527751,
              25.98212370011883
            ],
            [
              86.22239959509379,
              25.983552389842227
            ],
            [
              86.2225657861163,
              25.983722758096977
            ],
            [
              86.22285592039353,
              25.983783986891435
            ],
            [
              86.2238788113463,
              25.983686852865915
            ],
            [
              86.22476192444087,
              25.983595163821388
            ],
            [
              86.2251697748512,
              25.983398367857696
            ],
            [
              86.22545134099722,
              25.983026425283743
            ],
            [
              86.22568978980625,
              25.98287589593341
            ],
            [
              86.22583549025714,
              25.982983219883373
            ],
            [
              86.22593338236857,
              25.98334809280179
            ],
            [
              86.22596173858885,
              25.98375856399312
            ],
            [
              86.2260831809338,
              25.983951794194155
            ],
            [
              86.2262987900767,
              25.984058646383563
            ],
            [
              86.22713804562248,
              25.984098109388857
            ],
            [
              86.2275428785918,
              25.984140502832528
            ],
            [
              86.22768947915459,
              25.984356124602524
            ],
            [
              86.22776330629787,
              25.98482946621943
            ],
            [
              86.22779025126485,
              25.98506846071065
            ],
            [
              86.22793595530895,
              25.98517578185137
            ],
            [
              86.22819523784605,
              25.985128903104126
            ],
            [
              86.22865283785514,
              25.984909196780826
            ],
            [
              86.22972140185193,
              25.984297257260444
            ],
            [
              86.23074752494308,
              25.983987952095074
            ],
            [
              86.23117695288657,
              25.983985041019867
            ],
            [
              86.23153681080287,
              25.984023216071073
            ],
            [
              86.23180292143441,
              25.984197408813742
            ],
            [
              86.23214088830555,
              25.98460577671594
            ],
            [
              86.23241003614108,
              25.985145480324075
            ],
            [
              86.2327458317842,
              25.985292121878636
            ],
            [
              86.23308076594292,
              25.98533497516742
            ],
            [
              86.23360435888775,
              25.985245674383744
            ],
            [
              86.23437025980404,
              25.984870421234067
            ],
            [
              86.23460689760944,
              25.984503278293666
            ],
            [
              86.23461694796083,
              25.98331184183983
            ],
            [
              86.23456877580371,
              25.982924071645122
            ],
            [
              86.23475709233168,
              25.982751307131768
            ],
            [
              86.23626359760587,
              25.982565051124926
            ],
            [
              86.23800991892493,
              25.982399662791817
            ],
            [
              86.23813104775786,
              25.982547800876667
            ],
            [
              86.23830353686883,
              25.982871541795802
            ],
            [
              86.23838049823415,
              25.983714901002312
            ],
            [
              86.23859845736985,
              25.98410150900461
            ],
            [
              86.23883994967105,
              25.98431647111194
            ],
            [
              86.24022265272603,
              25.984848546745692
            ],
            [
              86.24359970823825,
              25.98560159399486
            ],
            [
              86.24525746555179,
              25.98617685917178
            ],
            [
              86.24551909987828,
              25.986409722853157
            ],
            [
              86.24564095904151,
              25.986648060062816
            ],
            [
              86.24566919398922,
              25.98703596170646
            ],
            [
              86.2456054827743,
              25.987771978016063
            ],
            [
              86.24474172567918,
              25.99016515992696
            ],
            [
              86.2447338923699,
              25.99220045990139
            ],
            [
              86.24520950180383,
              25.994119617920123
            ],
            [
              86.24511274336626,
              25.994490327959323
            ],
            [
              86.24489926323052,
              25.994640715667536
            ],
            [
              86.24456540166028,
              25.994728753748767
            ],
            [
              86.24430130055998,
              25.99479826029779
            ],
            [
              86.24399365991454,
              25.9950350366811
            ],
            [
              86.24383159575244,
              25.995361066996104
            ],
            [
              86.24376033419756,
              25.995794780075773
            ],
            [
              86.24377451410435,
              25.996886765034535
            ],
            [
              86.24404664704156,
              26.00000030624182
            ],
            [
              86.24406187887551,
              26.00017457784288
            ],
            [
              86.24412615782569,
              26.000403595603604
            ],
            [
              86.24505049191369,
              26.00369675411567
            ],
            [
              86.24519097494938,
              26.00614170728305
            ],
            [
              86.24507711708041,
              26.006855447719687
            ],
            [
              86.24470171291978,
              26.007354419259894
            ],
            [
              86.24456066664041,
              26.00781121531623
            ],
            [
              86.24460977574036,
              26.008307264249357
            ],
            [
              86.24447176935988,
              26.00852487536742
            ],
            [
              86.24418325474514,
              26.008657717738764
            ],
            [
              86.2439603800282,
              26.009476017070302
            ],
            [
              86.24370029799051,
              26.01002838004387
            ],
            [
              86.24367974184186,
              26.010556502824603
            ],
            [
              86.24391345113942,
              26.01102425070126
            ],
            [
              86.2442690222952,
              26.01173022814577
            ],
            [
              86.24488480933763,
              26.01248867276793
            ],
            [
              86.24523049183874,
              26.01261718910477
            ],
            [
              86.24604377978459,
              26.012503278702308
            ],
            [
              86.24763483718824,
              26.012342670643605
            ],
            [
              86.24853900858972,
              26.012251392279513
            ],
            [
              86.24919767311897,
              26.011578976685705
            ],
            [
              86.24943530895266,
              26.011333608216788
            ],
            [
              86.24962415369001,
              26.011219488279604
            ],
            [
              86.25000003485603,
              26.0111795096229
            ],
            [
              86.25055800542845,
              26.011195016693136
            ],
            [
              86.25084875864488,
              26.01131937027602
            ],
            [
              86.25105473335636,
              26.011466830081
            ],
            [
              86.25139210374614,
              26.011784907902396
            ],
            [
              86.251684544897,
              26.012103314247543
            ],
            [
              86.25196533400032,
              26.01223220802293
            ],
            [
              86.25244112938552,
              26.01238688973147
            ],
            [
              86.25299555790076,
              26.01238306224968
            ],
            [
              86.25354464323671,
              26.012343068650182
            ],
            [
              86.25409776739818,
              26.012190383377934
            ],
            [
              86.25450580555643,
              26.01201156018716
            ],
            [
              86.25506258855604,
              26.011705303759257
            ],
            [
              86.25539577998313,
              26.011536023173083
            ],
            [
              86.25560055724034,
              26.011534616819688
            ],
            [
              86.25590625393154,
              26.011649795654854
            ],
            [
              86.25613733386027,
              26.01180609438389
            ],
            [
              86.25635780288887,
              26.011881321176517
            ],
            [
              86.25658738712266,
              26.011866208975846
            ],
            [
              86.25687543281683,
              26.011670098145093
            ],
            [
              86.2581764727243,
              26.011367740193204
            ],
            [
              86.259027244672,
              26.01097819927988
            ],
            [
              86.25950527955719,
              26.010803367278204
            ],
            [
              86.2598697116949,
              26.010778322403297
            ],
            [
              86.26024493080257,
              26.010852391341885
            ],
            [
              86.26049619767237,
              26.01103568322498
            ],
            [
              86.26066815228573,
              26.011282663732946
            ],
            [
              86.26111896372625,
              26.01201056637887
            ],
            [
              86.26175199033729,
              26.013026013660834
            ],
            [
              86.26211895302914,
              26.013298676135467
            ],
            [
              86.26246523290995,
              26.013494815730958
            ],
            [
              86.26265559759673,
              26.013556694231898
            ],
            [
              86.26290546489135,
              26.013568476880344
            ],
            [
              86.26319433613723,
              26.01347619679301
            ],
            [
              86.26628236858826,
              26.01186610321709
            ],
            [
              86.26661024737875,
              26.012820406738555
            ],
            [
              86.26681777887065,
              26.01371702210926
            ],
            [
              86.26710271819056,
              26.01433324210373
            ],
            [
              86.26714683175923,
              26.014806739046694
            ],
            [
              86.26693695566443,
              26.01538134293879
            ],
            [
              86.26684986938754,
              26.015711392796774
            ],
            [
              86.26766181435204,
              26.017185866802425
            ],
            [
              86.26766391281652,
              26.01742502877609
            ],
            [
              86.2674195971104,
              26.017476387151202
            ],
            [
              86.26708589903348,
              26.017596077692996
            ],
            [
              86.26684431510414,
              26.017967793772065
            ],
            [
              86.26667558095106,
              26.01866395662641
            ],
            [
              86.26659239066755,
              26.01944978011339
            ],
            [
              86.26670491902993,
              26.020333451284024
            ],
            [
              86.26689926864333,
              26.021442209636497
            ],
            [
              86.26677338323098,
              26.021903386718314
            ],
            [
              86.26640223798316,
              26.022312173282756
            ],
            [
              86.2656166280295,
              26.022728322104687
            ],
            [
              86.26527271520952,
              26.022820975130266
            ],
            [
              86.26486769359398,
              26.022769664299453
            ],
            [
              86.26434972140791,
              26.02295385137398
            ],
            [
              86.26316801280447,
              26.02378796411768
            ],
            [
              86.26250243304419,
              26.02423481730539
            ],
            [
              86.26237493066434,
              26.02450202430148
            ],
            [
              86.2624372117613,
              26.024785824110182
            ],
            [
              86.26272779699273,
              26.025460756858806
            ],
            [
              86.26286315693638,
              26.026100579691207
            ],
            [
              86.26268410922555,
              26.026774215753026
            ],
            [
              86.26251351735647,
              26.027271807861894
            ],
            [
              86.26232748524426,
              26.027706295050102
            ],
            [
              86.26233044159987,
              26.02805832118472
            ],
            [
              86.26255558276625,
              26.02867501236125
            ],
            [
              86.26287749943825,
              26.029512049272668
            ],
            [
              86.26359084711378,
              26.031136175066614
            ],
            [
              86.26364180225164,
              26.032417371312206
            ],
            [
              86.26348775375682,
              26.033099946059554
            ],
            [
              86.26308051509918,
              26.0336472426479
            ],
            [
              86.2629603465653,
              26.033808739302174
            ],
            [
              86.26274670922444,
              26.034523267190966
            ],
            [
              86.26237357510654,
              26.035283982760856
            ],
            [
              86.26232656177615,
              26.035627240628322
            ],
            [
              86.26233109198013,
              26.03563127236953
            ],
            [
              86.26256822655391,
              26.03584222385221
            ],
            [
              86.26283429496465,
              26.035993790311462
            ],
            [
              86.26326427986358,
              26.036035817140256
            ],
            [
              86.26417284043353,
              26.03596182624575
            ],
            [
              86.26493622786366,
              26.03584817338366
            ],
            [
              86.26525373919745,
              26.03617079315516
            ],
            [
              86.26525412637135,
              26.03617498388654
            ],
            [
              86.2652758054141,
              26.036409792941207
            ],
            [
              86.26502033173381,
              26.036908034290466
            ],
            [
              86.26359261499823,
              26.038195148382755
            ],
            [
              86.262535041889,
              26.040124971381882
            ],
            [
              86.26211283729872,
              26.04158097691736
            ],
            [
              86.2622244017688,
              26.043511702224777
            ],
            [
              86.26252991789862,
              26.045346227954393
            ],
            [
              86.26243720187982,
              26.045604019812046
            ],
            [
              86.26244414585695,
              26.045603729260833
            ],
            [
              86.26596223956373,
              26.0454563083188
            ],
            [
              86.26912185965806,
              26.045118201015825
            ],
            [
              86.27094222102114,
              26.044739801870737
            ],
            [
              86.27140522888826,
              26.044551548965007
            ],
            [
              86.2717211439158,
              26.04410704191944
            ],
            [
              86.27212264862696,
              26.0437341407019
            ],
            [
              86.27290660029061,
              26.043679019821216
            ],
            [
              86.27458922386948,
              26.043563317945452
            ],
            [
              86.2738757073107,
              26.040793044143683
            ],
            [
              86.2733899442191,
              26.038359660694443
            ],
            [
              86.273348855278,
              26.03707383661182
            ],
            [
              86.27482166205095,
              26.03639093387946
            ],
            [
              86.27612665364732,
              26.03593495369442
            ]
          ]
        ]
      }
    }
  ]
}