{
  "type": "FeatureCollection",
  "features": [
    {
      "type": "Feature",
      "properties": {
        "object_id": "10-204-01031",
        "stname": "BIHAR",
        "dtname": "Purbi Champaran",
        "sdtname": "Raxaul",
        "st_area_sh": 0.0,
        "st_length_": 0.0,
        "remarks": "",
        "dist_lgd": 213,
        "state_lgd": 10,
        "subdt_lgd": 1031,
        "ac_no": null,
        "st_length(shape)": 98709.78801801558,
        "st_area(shape)": 166685360.13968688
      },
      "geometry": {
        "type": "Polygon",
        "coordinates": [
          [
            [
              84.82365077141154,
              27.020449159184842
            ],
            [
              84.82402331982786,
              27.020425410691104
            ],
            [
              84.8244507481215,
              27.02056072326069
            ],
            [
              84.82453735469805,
              27.020702428123307
            ],
            [
              84.82497672070352,
              27.02080119424381
            ],
            [
              84.82540156364578,
              27.02091324692644
            ],
            [
              84.82721740199143,
              27.020136671948062
            ],
            [
              84.82761938819961,
              27.019964766065034
            ],
            [
              84.82875679638478,
              27.019721152254075
            ],
            [
              84.82945126596465,
              27.019572422224446
            ],
            [
              84.82992185201948,
              27.01917606366863
            ],
            [
              84.83036504215312,
              27.01880279793453
            ],
            [
              84.83092224736093,
              27.018280835233377
            ],
            [
              84.83148387407655,
              27.017836413850187
            ],
            [
              84.83164083131625,
              27.01772651565004
            ],
            [
              84.832440337309,
              27.017166782621874
            ],
            [
              84.83335642486273,
              27.01669973515374
            ],
            [
              84.83456197205884,
              27.01608112287131
            ],
            [
              84.83495103240838,
              27.01588646009418
            ],
            [
              84.83538929438436,
              27.015667202370967
            ],
            [
              84.83653674124287,
              27.01499939730053
            ],
            [
              84.83653681310807,
              27.0149993668892
            ],
            [
              84.83657438963643,
              27.014977497944272
            ],
            [
              84.8375522552305,
              27.01453371734237
            ],
            [
              84.8383626299399,
              27.014147319204287
            ],
            [
              84.83873570207403,
              27.014012110954063
            ],
            [
              84.83926463190996,
              27.013820440940037
            ],
            [
              84.83950269444341,
              27.013765546311205
            ],
            [
              84.84108140899507,
              27.01315757962141
            ],
            [
              84.84199568195189,
              27.012805482199973
            ],
            [
              84.84216773088838,
              27.01274253671659
            ],
            [
              84.84306544969112,
              27.012414160975993
            ],
            [
              84.8438190706375,
              27.012143300767843
            ],
            [
              84.84392019578566,
              27.01210695190424
            ],
            [
              84.84562728408301,
              27.01149337478191
            ],
            [
              84.84619255526377,
              27.011290208614824
            ],
            [
              84.84637704137533,
              27.011220978131878
            ],
            [
              84.84741595737447,
              27.01083021962363
            ],
            [
              84.84787905237815,
              27.010650934076317
            ],
            [
              84.8486570509064,
              27.010349760283987
            ],
            [
              84.848753043081,
              27.010312595302686
            ],
            [
              84.84976005720947,
              27.00992274761796
            ],
            [
              84.85097976814266,
              27.009450542281872
            ],
            [
              84.85111637225299,
              27.009399815279018
            ],
            [
              84.85147301060728,
              27.009267377692773
            ],
            [
              84.85419763589834,
              27.00825556001229
            ],
            [
              84.85499905530264,
              27.007719791911022
            ],
            [
              84.85504731100308,
              27.007687544211347
            ],
            [
              84.85547134456326,
              27.007153759080776
            ],
            [
              84.85547091427026,
              27.006984898697368
            ],
            [
              84.85472900555857,
              27.00688837823735
            ],
            [
              84.85417145270274,
              27.006874649734456
            ],
            [
              84.85406996643182,
              27.006872163028834
            ],
            [
              84.85353843956644,
              27.006635319873222
            ],
            [
              84.85303291623354,
              27.006343111355246
            ],
            [
              84.8527454247999,
              27.006093770242824
            ],
            [
              84.85206695331696,
              27.00562660872804
            ],
            [
              84.85206591037293,
              27.00547179887479
            ],
            [
              84.85202689204853,
              27.005287505687946
            ],
            [
              84.852034235776,
              27.005120557782732
            ],
            [
              84.85203585274351,
              27.005083803262373
            ],
            [
              84.85178208855721,
              27.004603489040143
            ],
            [
              84.85189133357723,
              27.00426262209031
            ],
            [
              84.85191419929444,
              27.0037428257152
            ],
            [
              84.8516281451653,
              27.00328247688287
            ],
            [
              84.85161337326875,
              27.00304669867818
            ],
            [
              84.85158661784634,
              27.00261970309258
            ],
            [
              84.8513339037906,
              27.002294199188402
            ],
            [
              84.8515090878474,
              27.002061188261074
            ],
            [
              84.85191013441782,
              27.001871321960763
            ],
            [
              84.85234980674879,
              27.00200713790417
            ],
            [
              84.85247578199265,
              27.002046061687434
            ],
            [
              84.85276093690823,
              27.001634013646786
            ],
            [
              84.8527179758781,
              27.0011822460344
            ],
            [
              84.85251354896383,
              27.000830307200566
            ],
            [
              84.85223113390987,
              27.000644460032458
            ],
            [
              84.85190580094489,
              27.000541519716293
            ],
            [
              84.85156030529335,
              26.999825805335202
            ],
            [
              84.85118572578617,
              26.99923569484456
            ],
            [
              84.85050513427915,
              26.998895677668223
            ],
            [
              84.85010985758782,
              26.99869821169469
            ],
            [
              84.85006657136756,
              26.998638783337388
            ],
            [
              84.84974695438271,
              26.99819996805595
            ],
            [
              84.84968544673521,
              26.997959940973857
            ],
            [
              84.84961960471645,
              26.997703006085228
            ],
            [
              84.85000669865389,
              26.99729456324863
            ],
            [
              84.85005869314251,
              26.997339535064036
            ],
            [
              84.85049846428818,
              26.997719968608518
            ],
            [
              84.85092448761671,
              26.9978546089464
            ],
            [
              84.85163014212017,
              26.99823831605621
            ],
            [
              84.85195959925062,
              26.998425824862473
            ],
            [
              84.85237106537997,
              26.99835592531332
            ],
            [
              84.85285143857985,
              26.998147753602687
            ],
            [
              84.85315188641484,
              26.99810207534113
            ],
            [
              84.85354728527702,
              26.998397435704796
            ],
            [
              84.8534164995548,
              26.998871213053253
            ],
            [
              84.85373572667082,
              26.998876389322785
            ],
            [
              84.85378536038688,
              26.99887719373761
            ],
            [
              84.85421158224311,
              26.99882891603058
            ],
            [
              84.8546382721216,
              26.998525835994716
            ],
            [
              84.85478716608331,
              26.998420076274744
            ],
            [
              84.85520387837393,
              26.998230755313962
            ],
            [
              84.85563701276627,
              26.998203822867012
            ],
            [
              84.85574740313828,
              26.998362653614077
            ],
            [
              84.85577735566481,
              26.998405759232384
            ],
            [
              84.85636775182572,
              26.998553214996168
            ],
            [
              84.85671524712708,
              26.998509188156245
            ],
            [
              84.85726112368084,
              26.99823999533171
            ],
            [
              84.85749935330092,
              26.99802441392954
            ],
            [
              84.85761281411456,
              26.99792174175673
            ],
            [
              84.85777507321109,
              26.997624949790165
            ],
            [
              84.85758971483536,
              26.997196302350712
            ],
            [
              84.85690356006175,
              26.996904771276085
            ],
            [
              84.85672110593936,
              26.996588787941498
            ],
            [
              84.85669239578289,
              26.996348578924618
            ],
            [
              84.85682329020125,
              26.99605068061037
            ],
            [
              84.8573869399229,
              26.996091661966325
            ],
            [
              84.85744972227978,
              26.996010058633946
            ],
            [
              84.85748151814926,
              26.9959687290597
            ],
            [
              84.85764514358333,
              26.99575604327967
            ],
            [
              84.85780110189644,
              26.995423852665144
            ],
            [
              84.85772057601604,
              26.99512003505286
            ],
            [
              84.85767310544318,
              26.994940945374477
            ],
            [
              84.85771866619777,
              26.99461893398896
            ],
            [
              84.85786942596032,
              26.99426130585919
            ],
            [
              84.85790277591522,
              26.99418220739586
            ],
            [
              84.85785047330445,
              26.993949912870303
            ],
            [
              84.85782665088142,
              26.993844112026615
            ],
            [
              84.85773192802628,
              26.993423417072336
            ],
            [
              84.85761121511335,
              26.99259604325739
            ],
            [
              84.85739678635673,
              26.992293003257686
            ],
            [
              84.85716970303268,
              26.992277960218875
            ],
            [
              84.85673795024925,
              26.992452683634
            ],
            [
              84.8562855128581,
              26.993098037034567
            ],
            [
              84.85589018316618,
              26.9933373620904
            ],
            [
              84.85558527968739,
              26.993572882095744
            ],
            [
              84.85558518805921,
              26.99357294132907
            ],
            [
              84.85552436402965,
              26.993619935769345
            ],
            [
              84.8552315168403,
              26.9935832271178
            ],
            [
              84.85521195243172,
              26.993580775338057
            ],
            [
              84.85505531589055,
              26.993392333932075
            ],
            [
              84.85505619444291,
              26.99337833322866
            ],
            [
              84.85506451463907,
              26.993245415709787
            ],
            [
              84.85507878617399,
              26.993017452109697
            ],
            [
              84.85508168413908,
              26.992971150611584
            ],
            [
              84.8551867726543,
              26.992545711280705
            ],
            [
              84.85531859233743,
              26.992226741190063
            ],
            [
              84.85537230979475,
              26.99189798214064
            ],
            [
              84.85560803581016,
              26.9917163458598
            ],
            [
              84.85570694571284,
              26.991431391616455
            ],
            [
              84.85627427762884,
              26.991388085610016
            ],
            [
              84.8566367029302,
              26.9914071182901
            ],
            [
              84.85668170313608,
              26.991409490070648
            ],
            [
              84.8567232484213,
              26.99131292182104
            ],
            [
              84.85681289938836,
              26.991104568175803
            ],
            [
              84.85681838719643,
              26.991101406326827
            ],
            [
              84.8569562830841,
              26.99102226721896
            ],
            [
              84.85702404480263,
              26.990983371639008
            ],
            [
              84.85715932299956,
              26.990905729326073
            ],
            [
              84.8574462853255,
              26.990451523603397
            ],
            [
              84.85710072589359,
              26.99009461305783
            ],
            [
              84.85664724825332,
              26.989691684302514
            ],
            [
              84.85629447624801,
              26.989526230152244
            ],
            [
              84.85604707932043,
              26.989410211822136
            ],
            [
              84.85596716429446,
              26.988907891000235
            ],
            [
              84.85595478191655,
              26.988830068746886
            ],
            [
              84.85581169286823,
              26.9885757578087
            ],
            [
              84.85570859142642,
              26.98839252399434
            ],
            [
              84.85565533660143,
              26.988297882331185
            ],
            [
              84.85554687760731,
              26.98810512304096
            ],
            [
              84.85552267879015,
              26.987583663006607
            ],
            [
              84.8555528612854,
              26.987362247187082
            ],
            [
              84.85557111415366,
              26.987228357162078
            ],
            [
              84.85560380833843,
              26.986988530806265
            ],
            [
              84.85553560734375,
              26.986864287141408
            ],
            [
              84.85550928940086,
              26.986816351694596
            ],
            [
              84.85552762581244,
              26.986577799657553
            ],
            [
              84.85570876659793,
              26.98638720517888
            ],
            [
              84.855737495619,
              26.98636811721538
            ],
            [
              84.85578391156974,
              26.986337274677787
            ],
            [
              84.8558315815686,
              26.986305606013474
            ],
            [
              84.85608085867005,
              26.986140025207042
            ],
            [
              84.85612989141322,
              26.986183774310877
            ],
            [
              84.85655691905825,
              26.986564860370045
            ],
            [
              84.85693151743006,
              26.986858012835906
            ],
            [
              84.85702760931768,
              26.986933221227183
            ],
            [
              84.85698919825442,
              26.98696854398607
            ],
            [
              84.85684686019766,
              26.98709949329587
            ],
            [
              84.85680401235524,
              26.98713890974075
            ],
            [
              84.85673299514214,
              26.98720424062655
            ],
            [
              84.85700632463532,
              26.98746434864055
            ],
            [
              84.85714757034071,
              26.987598764308668
            ],
            [
              84.85722761023253,
              26.987668801823638
            ],
            [
              84.85755334743939,
              26.987953872062768
            ],
            [
              84.85769204642094,
              26.988075251973502
            ],
            [
              84.8580179075953,
              26.988522925715017
            ],
            [
              84.85820488293855,
              26.988778074880045
            ],
            [
              84.85846243711704,
              26.989129556730255
            ],
            [
              84.8587905198251,
              26.98916926463979
            ],
            [
              84.85896937080489,
              26.988851949982294
            ],
            [
              84.85875538132444,
              26.98871777195449
            ],
            [
              84.85873997611561,
              26.98870283330114
            ],
            [
              84.85856707377964,
              26.988535253205754
            ],
            [
              84.85869980525274,
              26.98819520688322
            ],
            [
              84.85883389857185,
              26.988002947723427
            ],
            [
              84.85906837772562,
              26.987849404801455
            ],
            [
              84.85949609887004,
              26.987765987979078
            ],
            [
              84.85982625039821,
              26.987835019172323
            ],
            [
              84.85990073600665,
              26.987850603136856
            ],
            [
              84.86026370029717,
              26.98799003021306
            ],
            [
              84.86051694256228,
              26.987766793273874
            ],
            [
              84.86089365736488,
              26.987414239306748
            ],
            [
              84.86121577525948,
              26.987499903375873
            ],
            [
              84.86132058260198,
              26.987527774963276
            ],
            [
              84.86166740865846,
              26.987373173138906
            ],
            [
              84.86180772101424,
              26.987310625672627
            ],
            [
              84.8619933911054,
              26.98722786165525
            ],
            [
              84.86219454635538,
              26.987025590626533
            ],
            [
              84.86252739732097,
              26.986690892681402
            ],
            [
              84.86277408907105,
              26.986453099253474
            ],
            [
              84.86317517606564,
              26.98606647332871
            ],
            [
              84.86337939367242,
              26.985849398066303
            ],
            [
              84.86337948170734,
              26.985849315614246
            ],
            [
              84.86340581312493,
              26.985821328338222
            ],
            [
              84.86352211261489,
              26.985692391615462
            ],
            [
              84.86403314172213,
              26.985125831646954
            ],
            [
              84.86410827681249,
              26.985044466917078
            ],
            [
              84.86427223282658,
              26.984866914192498
            ],
            [
              84.86434714962634,
              26.984412263819333
            ],
            [
              84.86475965690312,
              26.98424350777828
            ],
            [
              84.86515604570874,
              26.984123767997385
            ],
            [
              84.86597788831105,
              26.98387553917589
            ],
            [
              84.86608867573838,
              26.983842074252916
            ],
            [
              84.86652640231848,
              26.983709857930474
            ],
            [
              84.86688902255426,
              26.983595057600102
            ],
            [
              84.86763004373044,
              26.983360494945455
            ],
            [
              84.86772045826547,
              26.983620415717283
            ],
            [
              84.8677863092674,
              26.98380973405056
            ],
            [
              84.86783035276746,
              26.983936358629975
            ],
            [
              84.867871668084,
              26.98405513478633
            ],
            [
              84.86910510707136,
              26.98396311597729
            ],
            [
              84.86910542956656,
              26.98391837816931
            ],
            [
              84.86910946659543,
              26.983359988214257
            ],
            [
              84.8691130670431,
              26.98286196962951
            ],
            [
              84.86922756002102,
              26.98282120439946
            ],
            [
              84.86954487731873,
              26.98270821395647
            ],
            [
              84.87088848659084,
              26.98222982071413
            ],
            [
              84.87183602326432,
              26.98189243632271
            ],
            [
              84.87231641083724,
              26.98173779473412
            ],
            [
              84.87443543328625,
              26.980981707958396
            ],
            [
              84.8749375169699,
              26.980791707609402
            ],
            [
              84.87548871963497,
              26.980630517671038
            ],
            [
              84.87549325702547,
              26.980757069776306
            ],
            [
              84.87737156331764,
              26.980434857683782
            ],
            [
              84.8773383930258,
              26.980065293146478
            ],
            [
              84.87733091904263,
              26.97998202666021
            ],
            [
              84.87867250710536,
              26.97975407781443
            ],
            [
              84.8805527555552,
              26.979434583923656
            ],
            [
              84.88079634003272,
              26.979393192221426
            ],
            [
              84.8811176710031,
              26.979338588197976
            ],
            [
              84.88253070208037,
              26.97908532294609
            ],
            [
              84.88252386859602,
              26.978951688856895
            ],
            [
              84.88253486577172,
              26.978318174639213
            ],
            [
              84.88257878530429,
              26.975788197077517
            ],
            [
              84.8825812655528,
              26.973477752847703
            ],
            [
              84.88249938860622,
              26.972340469644674
            ],
            [
              84.88172910480966,
              26.970700407782328
            ],
            [
              84.88099242159798,
              26.96957030211554
            ],
            [
              84.87960550634261,
              26.968637151750485
            ],
            [
              84.87869545906088,
              26.968183455823485
            ],
            [
              84.8782530369868,
              26.967938648180144
            ],
            [
              84.87798185177225,
              26.96770774782745
            ],
            [
              84.87781744210893,
              26.967161375100893
            ],
            [
              84.87748580297067,
              26.9654006158029
            ],
            [
              84.87643870960748,
              26.96376883179259
            ],
            [
              84.87585369705006,
              26.96249474314559
            ],
            [
              84.87541402921067,
              26.961433107695196
            ],
            [
              84.87358718380786,
              26.96108084436499
            ],
            [
              84.87250571191876,
              26.96071244374484
            ],
            [
              84.87208342288686,
              26.96048566411894
            ],
            [
              84.87173240798623,
              26.96006049272558
            ],
            [
              84.87115635612373,
              26.959133953372653
            ],
            [
              84.87089097761914,
              26.958690950925714
            ],
            [
              84.87072072800821,
              26.95840172380561
            ],
            [
              84.87049922322207,
              26.958369498802206
            ],
            [
              84.8699755152929,
              26.958368157628204
            ],
            [
              84.86879175134408,
              26.958486780603323
            ],
            [
              84.86788043204791,
              26.9584256071024
            ],
            [
              84.86737213741237,
              26.95834753477393
            ],
            [
              84.86717104055286,
              26.958229688333038
            ],
            [
              84.867101388779,
              26.957985812691376
            ],
            [
              84.86707316191615,
              26.95740816680619
            ],
            [
              84.86725712790317,
              26.95660542002358
            ],
            [
              84.86754858270385,
              26.955311138602827
            ],
            [
              84.86726858860958,
              26.95320300917785
            ],
            [
              84.86707056039509,
              26.95221424763413
            ],
            [
              84.86710309917132,
              26.95153299205747
            ],
            [
              84.86726419764446,
              26.95004425922501
            ],
            [
              84.86718206198309,
              26.949010702271213
            ],
            [
              84.86714836977005,
              26.94855481085553
            ],
            [
              84.8671996249452,
              26.94829771594175
            ],
            [
              84.86738699734381,
              26.947964297016288
            ],
            [
              84.86784637511884,
              26.947645170976617
            ],
            [
              84.86844174165823,
              26.947267748881725
            ],
            [
              84.86889594962884,
              26.946953102046013
            ],
            [
              84.86913875167372,
              26.94663341499645
            ],
            [
              84.86913994283977,
              26.946267866785206
            ],
            [
              84.86873097492523,
              26.945102511638453
            ],
            [
              84.86812839042253,
              26.943128981118367
            ],
            [
              84.86707493698714,
              26.940504328882053
            ],
            [
              84.86623917678615,
              26.93751476691388
            ],
            [
              84.86516576278518,
              26.934835890155842
            ],
            [
              84.86469292555223,
              26.93322814961142
            ],
            [
              84.86426592485665,
              26.932956240277946
            ],
            [
              84.86365683565298,
              26.932909420739076
            ],
            [
              84.86242269777631,
              26.93311813834539
            ],
            [
              84.86096742072782,
              26.93320436669093
            ],
            [
              84.8598002881882,
              26.932943932331256
            ],
            [
              84.85905643282729,
              26.932576400791124
            ],
            [
              84.85888592180659,
              26.93237739291997
            ],
            [
              84.85882120897014,
              26.932165088371416
            ],
            [
              84.85853958623026,
              26.93207859894276
            ],
            [
              84.85801104087328,
              26.932050055302405
            ],
            [
              84.85726622431503,
              26.93195323272171
            ],
            [
              84.85682909062304,
              26.93169476806589
            ],
            [
              84.85664391730026,
              26.93139191015322
            ],
            [
              84.85649482660747,
              26.930831963934825
            ],
            [
              84.8564781700455,
              26.929812087273437
            ],
            [
              84.8562940010392,
              26.92922047973143
            ],
            [
              84.85600817867537,
              26.92889920785591
            ],
            [
              84.85521483063388,
              26.928292390964796
            ],
            [
              84.85455638978513,
              26.92797012010531
            ],
            [
              84.85367111803893,
              26.927769087394328
            ],
            [
              84.85309200561632,
              26.927812634914435
            ],
            [
              84.85275435315553,
              26.927901888376468
            ],
            [
              84.85228049363978,
              26.928067546792416
            ],
            [
              84.85187163801461,
              26.92838673065148
            ],
            [
              84.85141218567941,
              26.92876450187927
            ],
            [
              84.85082246235663,
              26.928943298757588
            ],
            [
              84.85045006036569,
              26.928910736958404
            ],
            [
              84.84975595729848,
              26.92874176881325
            ],
            [
              84.84901158271137,
              26.92852753122561
            ],
            [
              84.84789456987637,
              26.92834392019405
            ],
            [
              84.84562914629059,
              26.928337452811725
            ],
            [
              84.84476845065394,
              26.928289857672034
            ],
            [
              84.84431090993365,
              26.928121574180683
            ],
            [
              84.84417593626559,
              26.927850447847167
            ],
            [
              84.84405607675218,
              26.927574810082557
            ],
            [
              84.84412772997248,
              26.92725463719024
            ],
            [
              84.84395734112266,
              26.927041994620406
            ],
            [
              84.84374114358322,
              26.9269511642594
            ],
            [
              84.84339891600268,
              26.92691857625555
            ],
            [
              84.84287521436173,
              26.92694869821411
            ],
            [
              84.84219530916761,
              26.927036976834923
            ],
            [
              84.84015021537154,
              26.927364968937532
            ],
            [
              84.83818133913577,
              26.92748106399971
            ],
            [
              84.83809740504721,
              26.927020545087743
            ],
            [
              84.83806373529205,
              26.926591773832936
            ],
            [
              84.83782834973815,
              26.926257142984586
            ],
            [
              84.83755193183701,
              26.926120973757445
            ],
            [
              84.8371795316427,
              26.926074768097532
            ],
            [
              84.83665079943617,
              26.926104747715858
            ],
            [
              84.83639895225468,
              26.9261491977254
            ],
            [
              84.83576920808768,
              26.92626920337297
            ],
            [
              84.83487265080657,
              26.9264019196207
            ],
            [
              84.83372491558889,
              26.92638498720092
            ],
            [
              84.83253688374417,
              26.926363398982748
            ],
            [
              84.8319434881085,
              26.926181137999492
            ],
            [
              84.83082686514234,
              26.925920592912888
            ],
            [
              84.8288595349072,
              26.925625940277822
            ],
            [
              84.82840130787405,
              26.925656209152315
            ],
            [
              84.82791258932517,
              26.92575851071167
            ],
            [
              84.82718182062132,
              26.925968410109267
            ],
            [
              84.82653648439594,
              26.926228199809167
            ],
            [
              84.82613369329727,
              26.926227051276673
            ],
            [
              84.82579207207958,
              26.92604098885683
            ],
            [
              84.82531982324312,
              26.925782320031118
            ],
            [
              84.82430414216883,
              26.92545884460321
            ],
            [
              84.8229656290393,
              26.92527431470873
            ],
            [
              84.82227044170553,
              26.925403080313316
            ],
            [
              84.82113637165992,
              26.925765131219947
            ],
            [
              84.82022564165858,
              26.925645080984815
            ],
            [
              84.81891609111213,
              26.92579451422599
            ],
            [
              84.81828668561,
              26.92582420878695
            ],
            [
              84.81794959369795,
              26.925777978977525
            ],
            [
              84.81769821903029,
              26.925700516772558
            ],
            [
              84.8173063235977,
              26.92548728098447
            ],
            [
              84.8169344147819,
              26.925332663681417
            ],
            [
              84.81652647004843,
              26.92536301192719
            ],
            [
              84.8161536970533,
              26.925438545712865
            ],
            [
              84.81566461828001,
              26.92563114234075
            ],
            [
              84.81510448815763,
              26.925981353955393
            ],
            [
              84.81474611874977,
              26.92620590434038
            ],
            [
              84.81440903043095,
              26.926159758784983
            ],
            [
              84.81393606114568,
              26.92609956409618
            ],
            [
              84.8134427854434,
              26.926066480070446
            ],
            [
              84.81263143157032,
              26.926276019277925
            ],
            [
              84.81137680042711,
              26.926574456996804
            ],
            [
              84.80876488405981,
              26.92763128691795
            ],
            [
              84.80669701797132,
              26.928581479103247
            ],
            [
              84.80713135341121,
              26.92952143091176
            ],
            [
              84.80828571011085,
              26.933031226782514
            ],
            [
              84.80890520719541,
              26.935542148689255
            ],
            [
              84.80907922434066,
              26.938714933761084
            ],
            [
              84.80614798383934,
              26.93894946607688
            ],
            [
              84.8056399308506,
              26.938812508130628
            ],
            [
              84.8054243333858,
              26.938599740798537
            ],
            [
              84.80505302644121,
              26.93827814407195
            ],
            [
              84.80445902084948,
              26.938231187395857
            ],
            [
              84.8036476768579,
              26.938440674371783
            ],
            [
              84.80220503281728,
              26.93910393898122
            ],
            [
              84.80099951526556,
              26.939664199695784
            ],
            [
              84.7984575426246,
              26.940748038146296
            ],
            [
              84.79578631319407,
              26.941434399282848
            ],
            [
              84.79316132544108,
              26.941850095204874
            ],
            [
              84.79130845943774,
              26.941857663738134
            ],
            [
              84.78940917478872,
              26.94212672872882
            ],
            [
              84.7884823119432,
              26.942227448151673
            ],
            [
              84.78816839836212,
              26.941405195731438
            ],
            [
              84.78797243806939,
              26.940077905673807
            ],
            [
              84.78653741443733,
              26.94008666916557
            ],
            [
              84.78327889971169,
              26.940319609782865
            ],
            [
              84.78089170409926,
              26.9404650931164
            ],
            [
              84.7804541796401,
              26.940341819976183
            ],
            [
              84.78023311233352,
              26.940219229008196
            ],
            [
              84.78003267932903,
              26.939988492071816
            ],
            [
              84.77979780222155,
              26.93956353964717
            ],
            [
              84.7795818481256,
              26.93823160463556
            ],
            [
              84.77935872996521,
              26.934972832910677
            ],
            [
              84.77900242308924,
              26.932277677018284
            ],
            [
              84.77893375317396,
              26.931835249760965
            ],
            [
              84.77853527129372,
              26.93080961171142
            ],
            [
              84.77821621216266,
              26.93004138819241
            ],
            [
              84.77809736325395,
              26.929571698153424
            ],
            [
              84.77811424888635,
              26.929134025687375
            ],
            [
              84.77835429669656,
              26.928327092985555
            ],
            [
              84.77902275376076,
              26.92616787460535
            ],
            [
              84.77830469442154,
              26.925709692260202
            ],
            [
              84.77732499267098,
              26.925232601954693
            ],
            [
              84.77698791962356,
              26.925186376708467
            ],
            [
              84.77661030830231,
              26.925194176228942
            ],
            [
              84.77633831999383,
              26.92523831503308
            ],
            [
              84.77607615206806,
              26.925327681862015
            ],
            [
              84.7757382435874,
              26.925457429351624
            ],
            [
              84.77549126257983,
              26.925546884910645
            ],
            [
              84.77530493582023,
              26.925555306731912
            ],
            [
              84.77516941417984,
              26.925469105376894
            ],
            [
              84.77508424580607,
              26.92534697399642
            ],
            [
              84.77509503367432,
              26.925198105623608
            ],
            [
              84.77518176870993,
              26.9249005036473
            ],
            [
              84.77565064437249,
              26.923548377358163
            ],
            [
              84.77565248771546,
              26.923092580821073
            ],
            [
              84.77551752482717,
              26.92288008018424
            ],
            [
              84.77535686473185,
              26.922766681203367
            ],
            [
              84.77508555015986,
              26.922643953389933
            ],
            [
              84.77468832232773,
              26.922520817756652
            ],
            [
              84.77431116824896,
              26.922429266098714
            ],
            [
              84.77343042580843,
              26.922381155854108
            ],
            [
              84.77284128818722,
              26.92241983804304
            ],
            [
              84.77236090780085,
              26.920522894172464
            ],
            [
              84.7716932340676,
              26.917695867370206
            ],
            [
              84.7708111827817,
              26.915567462844688
            ],
            [
              84.76945484258535,
              26.91609537910409
            ],
            [
              84.76667785269977,
              26.916889061115377
            ],
            [
              84.76308054105968,
              26.917598756127653
            ],
            [
              84.76065689899956,
              26.918154434693484
            ],
            [
              84.75800181678622,
              26.918646082359786
            ],
            [
              84.75558298700108,
              26.919210642631164
            ],
            [
              84.75224035942213,
              26.920376666642714
            ],
            [
              84.75080387692601,
              26.920782212627223
            ],
            [
              84.75000002578224,
              26.921236825861317
            ],
            [
              84.74958260112759,
              26.921472893926317
            ],
            [
              84.74992956013473,
              26.922687977854405
            ],
            [
              84.75000003207042,
              26.92324171067922
            ],
            [
              84.75010479629383,
              26.92406488206712
            ],
            [
              84.74787730137595,
              26.924589428260685
            ],
            [
              84.74780445070137,
              26.92459012427828
            ],
            [
              84.74340669792232,
              26.924632084760518
            ],
            [
              84.74265294941519,
              26.92431802432097
            ],
            [
              84.74190359816134,
              26.924161930877723
            ],
            [
              84.73995887762356,
              26.923360731047826
            ],
            [
              84.73685404937171,
              26.923074224613604
            ],
            [
              84.73446335392292,
              26.922970695163077
            ],
            [
              84.73345456831676,
              26.92339575096067
            ],
            [
              84.73113167231573,
              26.9238474942866
            ],
            [
              84.72850145277452,
              26.924356737082586
            ],
            [
              84.72580077836558,
              26.924870169694003
            ],
            [
              84.72436561190139,
              26.924955081996067
            ],
            [
              84.7239550899014,
              26.92446165569612
            ],
            [
              84.72260030918035,
              26.922407932628644
            ],
            [
              84.72160270670115,
              26.920441324187664
            ],
            [
              84.72035055311144,
              26.917990837881632
            ],
            [
              84.7193603365805,
              26.91768027530193
            ],
            [
              84.71909336356627,
              26.91663692666999
            ],
            [
              84.71821763731828,
              26.914458579063968
            ],
            [
              84.7164926968013,
              26.914113676859287
            ],
            [
              84.71496877499038,
              26.91168923089781
            ],
            [
              84.71361205211171,
              26.91012275708122
            ],
            [
              84.71419470389658,
              26.9093262406397
            ],
            [
              84.7144583729072,
              26.90785618966254
            ],
            [
              84.71446870173634,
              26.90565415864191
            ],
            [
              84.71427178743278,
              26.90366335617016
            ],
            [
              84.71501861531897,
              26.901121157778245
            ],
            [
              84.7147515569648,
              26.900109336977412
            ],
            [
              84.71331825719973,
              26.899860226920946
            ],
            [
              84.71168279337661,
              26.898748446608458
            ],
            [
              84.7096770089591,
              26.897179498799872
            ],
            [
              84.70893322366679,
              26.89589057200767
            ],
            [
              84.70864753694853,
              26.89456730908033
            ],
            [
              84.70824885743893,
              26.892697681647448
            ],
            [
              84.70798339539101,
              26.890309537384276
            ],
            [
              84.70588873884579,
              26.890540618666005
            ],
            [
              84.70510257014004,
              26.89074968703047
            ],
            [
              84.70363606504883,
              26.89117273381972
            ],
            [
              84.70155205174312,
              26.891254895390627
            ],
            [
              84.69823459136518,
              26.89246936961109
            ],
            [
              84.6947472299226,
              26.893403353071946
            ],
            [
              84.69114141572834,
              26.893880908790564
            ],
            [
              84.68926274382181,
              26.894148728633628
            ],
            [
              84.6877308988701,
              26.893501953655733
            ],
            [
              84.68664200420181,
              26.89285225232111
            ],
            [
              84.68656303869507,
              26.89278199083803
            ],
            [
              84.68643257187479,
              26.893018893934943
            ],
            [
              84.6860292381937,
              26.893549233387063
            ],
            [
              84.68546712369286,
              26.89396867730011
            ],
            [
              84.68484558743263,
              26.894093851779328
            ],
            [
              84.68451174832023,
              26.893930450834645
            ],
            [
              84.68404662402229,
              26.893295630361635
            ],
            [
              84.68306265168088,
              26.89170022735472
            ],
            [
              84.68233436412385,
              26.89064596289129
            ],
            [
              84.68176214896597,
              26.890081573043485
            ],
            [
              84.6813740641868,
              26.889897823358282
            ],
            [
              84.68124879591709,
              26.889838512270394
            ],
            [
              84.68085521793995,
              26.889890707215137
            ],
            [
              84.68057093798345,
              26.89014494521188
            ],
            [
              84.68060925472358,
              26.890599588081802
            ],
            [
              84.68053544734323,
              26.891748978795334
            ],
            [
              84.68096158655443,
              26.893551821137393
            ],
            [
              84.6810531320684,
              26.89424368570973
            ],
            [
              84.68150626565391,
              26.89546490070099
            ],
            [
              84.68126574443153,
              26.896399481080493
            ],
            [
              84.68134549686248,
              26.89766870864309
            ],
            [
              84.68114820257155,
              26.89821144134656
            ],
            [
              84.68067931702754,
              26.898253373181404
            ],
            [
              84.68026637496617,
              26.898512805284184
            ],
            [
              84.67999388719439,
              26.899040762842183
            ],
            [
              84.67982843099381,
              26.899502796282302
            ],
            [
              84.67998144912099,
              26.900141525756464
            ],
            [
              84.6803884155891,
              26.900667111623267
            ],
            [
              84.68045082784008,
              26.90106069498229
            ],
            [
              84.68019088504127,
              26.90146703136217
            ],
            [
              84.68019513856413,
              26.90175136638105
            ],
            [
              84.68052478883237,
              26.901874100089454
            ],
            [
              84.6810062948078,
              26.90195420465903
            ],
            [
              84.68142318855814,
              26.90224080716496
            ],
            [
              84.6814509411105,
              26.902606748803226
            ],
            [
              84.68128570589546,
              26.90281159389093
            ],
            [
              84.68112094588922,
              26.90348571206083
            ],
            [
              84.68080528777985,
              26.903909181389
            ],
            [
              84.68027929363825,
              26.90452772828493
            ],
            [
              84.68037194408005,
              26.905165464838852
            ],
            [
              84.68049833883715,
              26.905875951324525
            ],
            [
              84.68078453669675,
              26.906647720680027
            ],
            [
              84.68114685330201,
              26.90738915732265
            ],
            [
              84.68172098815965,
              26.907863339119373
            ],
            [
              84.68224846541976,
              26.908404438338604
            ],
            [
              84.68271955003961,
              26.909242410811405
            ],
            [
              84.68290551028655,
              26.909994482703283
            ],
            [
              84.68288969814094,
              26.91052214626652
            ],
            [
              84.6831617116022,
              26.911496725822253
            ],
            [
              84.68310365707865,
              26.91187479471081
            ],
            [
              84.68252861043102,
              26.912429372811857
            ],
            [
              84.68181811221153,
              26.912715505760495
            ],
            [
              84.68095694226443,
              26.912985623127728
            ],
            [
              84.68024749507383,
              26.912973962632172
            ],
            [
              84.67946373025983,
              26.913150588131533
            ],
            [
              84.67911595558238,
              26.913420110100656
            ],
            [
              84.67875049756861,
              26.913815681185014
            ],
            [
              84.67824974069664,
              26.91418195217118
            ],
            [
              84.67885436168008,
              26.91464311302949
            ],
            [
              84.68044331343272,
              26.916442517248132
            ],
            [
              84.68127452636175,
              26.91714653682446
            ],
            [
              84.68167848706692,
              26.9168373232013
            ],
            [
              84.68185414812918,
              26.917354596344584
            ],
            [
              84.68222877704368,
              26.91798793910715
            ],
            [
              84.68303055307915,
              26.9198871883459
            ],
            [
              84.68334813088829,
              26.920357154993347
            ],
            [
              84.68396956024903,
              26.920737353611248
            ],
            [
              84.68457147640514,
              26.921333813828397
            ],
            [
              84.68504094315915,
              26.921761147317902
            ],
            [
              84.68641113537718,
              26.922943248124817
            ],
            [
              84.68700117041536,
              26.92362974726266
            ],
            [
              84.68699811344844,
              26.92299353431685
            ],
            [
              84.68699733281247,
              26.922831030613615
            ],
            [
              84.68716583969176,
              26.922220138647294
            ],
            [
              84.68782901106879,
              26.92178881731082
            ],
            [
              84.68854134185145,
              26.921908780339965
            ],
            [
              84.68944571537385,
              26.921991276774783
            ],
            [
              84.68995984995703,
              26.92146274732687
            ],
            [
              84.68976043474373,
              26.92013290534666
            ],
            [
              84.68963799257388,
              26.919472122735147
            ],
            [
              84.68947146108987,
              26.918751961054557
            ],
            [
              84.68943858275047,
              26.91814227972219
            ],
            [
              84.68950781141785,
              26.917462075831
            ],
            [
              84.68958225480544,
              26.916772934328087
            ],
            [
              84.68965903740606,
              26.915474684812764
            ],
            [
              84.68967364940244,
              26.91475748779499
            ],
            [
              84.68960591643003,
              26.914129187716767
            ],
            [
              84.6892609858188,
              26.913518908681688
            ],
            [
              84.6888377373862,
              26.913047225000387
            ],
            [
              84.68819985717765,
              26.912734461217667
            ],
            [
              84.68747828273072,
              26.912330080645024
            ],
            [
              84.68650783542424,
              26.911542593808385
            ],
            [
              84.68755300729102,
              26.91162740719897
            ],
            [
              84.68806461670995,
              26.911220669217336
            ],
            [
              84.68900734290509,
              26.91114586607187
            ],
            [
              84.68938176430875,
              26.91129638629438
            ],
            [
              84.69003427627662,
              26.911631944248967
            ],
            [
              84.69072612457249,
              26.91201326566799
            ],
            [
              84.69110719800084,
              26.912579010194147
            ],
            [
              84.6912401666292,
              26.91321740216164
            ],
            [
              84.69172746134834,
              26.913757810071427
            ],
            [
              84.69246675686087,
              26.913539780042075
            ],
            [
              84.69293307501978,
              26.913132283174253
            ],
            [
              84.69340401321422,
              26.91348741980237
            ],
            [
              84.69377147626771,
              26.913980741097575
            ],
            [
              84.69453847312865,
              26.91413315113943
            ],
            [
              84.69517540381791,
              26.913750995012315
            ],
            [
              84.6959159605651,
              26.913966136169083
            ],
            [
              84.69639642359651,
              26.914348491821134
            ],
            [
              84.69564047601355,
              26.91464297765856
            ],
            [
              84.69520324979511,
              26.91510510425102
            ],
            [
              84.69541931797714,
              26.915618510074008
            ],
            [
              84.69591643128231,
              26.916172601195218
            ],
            [
              84.69635189320955,
              26.916540686001987
            ],
            [
              84.696580781249,
              26.916918934239096
            ],
            [
              84.69667801759029,
              26.91733564166336
            ],
            [
              84.69647171499375,
              26.917332272689503
            ],
            [
              84.69595419196527,
              26.91679138687921
            ],
            [
              84.69518854078063,
              26.916819493031593
            ],
            [
              84.69513929064517,
              26.917509052367556
            ],
            [
              84.69545654775578,
              26.91799703832721
            ],
            [
              84.695987435919,
              26.91837570620503
            ],
            [
              84.69628795382259,
              26.918944634777155
            ],
            [
              84.69601831371025,
              26.91958096186467
            ],
            [
              84.69634930156997,
              26.92013685333998
            ],
            [
              84.69705569269195,
              26.920053628265773
            ],
            [
              84.697733363776,
              26.91964956627399
            ],
            [
              84.69821989223217,
              26.92023055105949
            ],
            [
              84.69841502876976,
              26.920784220653683
            ],
            [
              84.69913020541523,
              26.921012469832434
            ],
            [
              84.69988444979239,
              26.92105184132133
            ],
            [
              84.69949423959929,
              26.921429016364964
            ],
            [
              84.69876917519748,
              26.92168792264495
            ],
            [
              84.69806423305805,
              26.921947154321405
            ],
            [
              84.69800465678841,
              26.922650083095817
            ],
            [
              84.69832056642605,
              26.923205723170156
            ],
            [
              84.69875258241586,
              26.923745207814207
            ],
            [
              84.69916191414814,
              26.924162493140322
            ],
            [
              84.69960281178115,
              26.92476077821259
            ],
            [
              84.69998515812225,
              26.925267864771047
            ],
            [
              84.70028873299273,
              26.925687934915935
            ],
            [
              84.69969758943351,
              26.925795613906022
            ],
            [
              84.69894587291554,
              26.925878110702463
            ],
            [
              84.69831199110835,
              26.926355086949
            ],
            [
              84.69805644286792,
              26.926544941240053
            ],
            [
              84.69799870095807,
              26.926909484963282
            ],
            [
              84.69828525095728,
              26.927424036856564
            ],
            [
              84.69890320473618,
              26.92773192237741
            ],
            [
              84.69950908336104,
              26.928138876362826
            ],
            [
              84.69972903675668,
              26.92846282785733
            ],
            [
              84.69927347861818,
              26.92833808233032
            ],
            [
              84.6986354834253,
              26.92802535932686
            ],
            [
              84.69804854577824,
              26.9276773693997
            ],
            [
              84.69732454318513,
              26.92763396839556
            ],
            [
              84.69678131755978,
              26.928107903348543
            ],
            [
              84.69703602138385,
              26.92870315606858
            ],
            [
              84.69773129585421,
              26.92892206583217
            ],
            [
              84.69848732698046,
              26.929123914216046
            ],
            [
              84.6987884305856,
              26.929665775675126
            ],
            [
              84.69877359401038,
              26.930396506842097
            ],
            [
              84.69862306421652,
              26.931115999929002
            ],
            [
              84.69857821941922,
              26.93158904727982
            ],
            [
              84.69862569178873,
              26.93222603906386
            ],
            [
              84.69845210224155,
              26.932841375400297
            ],
            [
              84.6980293595604,
              26.933330815911077
            ],
            [
              84.69800106712056,
              26.93398010809477
            ],
            [
              84.69824151378275,
              26.93453451828421
            ],
            [
              84.69893069498053,
              26.934807468945355
            ],
            [
              84.6991429632889,
              26.9355103191826
            ],
            [
              84.69849814179815,
              26.935779553887585
            ],
            [
              84.69811815263637,
              26.935155183799832
            ],
            [
              84.6977985581094,
              26.934531800130593
            ],
            [
              84.6973159085786,
              26.934005021685735
            ],
            [
              84.69674218065778,
              26.93449199286762
            ],
            [
              84.69669795569804,
              26.93518163319151
            ],
            [
              84.69653432397577,
              26.935801640841746
            ],
            [
              84.69685025696963,
              26.936357285807027
            ],
            [
              84.69727242922055,
              26.936887592235095
            ],
            [
              84.69799638959286,
              26.937183676202867
            ],
            [
              84.69870269986647,
              26.93735764181906
            ],
            [
              84.69953245662641,
              26.937154594080678
            ],
            [
              84.70021525888734,
              26.936750609360335
            ],
            [
              84.70086255074511,
              26.936855917672993
            ],
            [
              84.70060798256664,
              26.93749249770167
            ],
            [
              84.69995849073476,
              26.937495444025927
            ],
            [
              84.69923222528541,
              26.937560303983535
            ],
            [
              84.69887186880413,
              26.93819966697329
            ],
            [
              84.69882317113259,
              26.93886216179206
            ],
            [
              84.69882287558684,
              26.939620202679063
            ],
            [
              84.6990261912851,
              26.94002059179612
            ],
            [
              84.69981359427605,
              26.94016880234244
            ],
            [
              84.70050510660198,
              26.93983264134567
            ],
            [
              84.70071876640071,
              26.940467830346854
            ],
            [
              84.7011402370674,
              26.94103421138876
            ],
            [
              84.70183660209251,
              26.940955318178037
            ],
            [
              84.70248428292079,
              26.940546237796383
            ],
            [
              84.70268284832781,
              26.93994032765282
            ],
            [
              84.70339183108938,
              26.939735291291484
            ],
            [
              84.7041165550297,
              26.939747090768645
            ],
            [
              84.7047264464289,
              26.939960067355074
            ],
            [
              84.70531785858444,
              26.940339691372696
            ],
            [
              84.70591869406726,
              26.940502880184493
            ],
            [
              84.7061609822758,
              26.939974383021603
            ],
            [
              84.7070070335767,
              26.93971289838866
            ],
            [
              84.70763981315102,
              26.94003903814208
            ],
            [
              84.70820295712117,
              26.94032343374196
            ],
            [
              84.70884947193619,
              26.94071747621564
            ],
            [
              84.70960587855828,
              26.94090573911436
            ],
            [
              84.71000396787473,
              26.941385984023615
            ],
            [
              84.71012415437491,
              26.941915862386367
            ],
            [
              84.71051603004457,
              26.942454664131457
            ],
            [
              84.71119664490777,
              26.94215888310062
            ],
            [
              84.71171023511191,
              26.941657339683477
            ],
            [
              84.71232814666998,
              26.941225169327854
            ],
            [
              84.71300720026125,
              26.94100606161843
            ],
            [
              84.71288884991752,
              26.941631337867516
            ],
            [
              84.7128267718398,
              26.94221240482977
            ],
            [
              84.71246859017982,
              26.94299623010036
            ],
            [
              84.71221243018667,
              26.94371402596768
            ],
            [
              84.71208997094882,
              26.944542282755968
            ],
            [
              84.71230718717777,
              26.945254222981564
            ],
            [
              84.71271645692627,
              26.94670642567973
            ],
            [
              84.71320814081389,
              26.94751136024266
            ],
            [
              84.71390654142144,
              26.94837101862943
            ],
            [
              84.71510818094607,
              26.94933131867196
            ],
            [
              84.71629643377635,
              26.95028089718587
            ],
            [
              84.71804457777712,
              26.951425038164302
            ],
            [
              84.71817240624543,
              26.951594324646173
            ],
            [
              84.71921402258029,
              26.952973745756072
            ],
            [
              84.719802702959,
              26.953492686045145
            ],
            [
              84.72096701838191,
              26.954256434633464
            ],
            [
              84.7215087707702,
              26.954608120359588
            ],
            [
              84.72219183084762,
              26.954944037107733
            ],
            [
              84.72278161525584,
              26.95516112792312
            ],
            [
              84.72360834379496,
              26.9553639926896
            ],
            [
              84.72409714588716,
              26.955845666931
            ],
            [
              84.72492469818138,
              26.95659279837708
            ],
            [
              84.72652930397616,
              26.955832824201014
            ],
            [
              84.7301924208041,
              26.954097793069135
            ],
            [
              84.7308619495584,
              26.953825059671598
            ],
            [
              84.73227779326086,
              26.95365039560583
            ],
            [
              84.73351702458518,
              26.953944822067996
            ],
            [
              84.73412340806324,
              26.953955800107796
            ],
            [
              84.73464237558262,
              26.95390040623722
            ],
            [
              84.7351956003554,
              26.95375299125939
            ],
            [
              84.73570422287602,
              26.953619406378422
            ],
            [
              84.7365815175825,
              26.953809228374617
            ],
            [
              84.73758733874826,
              26.95433006414636
            ],
            [
              84.73856576039951,
              26.95489126209578
            ],
            [
              84.73905257721492,
              26.954899070771685
            ],
            [
              84.73935550978995,
              26.954736006097193
            ],
            [
              84.73973668742289,
              26.954406271958778
            ],
            [
              84.73996807367715,
              26.9540741362626
            ],
            [
              84.74026765284125,
              26.95407893904953
            ],
            [
              84.74071701979076,
              26.954086140827364
            ],
            [
              84.74104734738872,
              26.954427279884364
            ],
            [
              84.74155553692137,
              26.955241451691062
            ],
            [
              84.74154482091836,
              26.955778632332226
            ],
            [
              84.74153812218127,
              26.95611437023349
            ],
            [
              84.74119063137148,
              26.957736280339052
            ],
            [
              84.74115486494846,
              26.958425563063866
            ],
            [
              84.74105431472208,
              26.958985381830633
            ],
            [
              84.74106375062581,
              26.959309939690954
            ],
            [
              84.74117020368192,
              26.95953409861493
            ],
            [
              84.74183022197231,
              26.96024994916473
            ],
            [
              84.74191920728775,
              26.960365964723756
            ],
            [
              84.74219534042294,
              26.96072598091242
            ],
            [
              84.74259322312687,
              26.961437629930753
            ],
            [
              84.74296303437652,
              26.961678643684532
            ],
            [
              84.74322518343767,
              26.961682841635913
            ],
            [
              84.74408786884268,
              26.9616294820834
            ],
            [
              84.7444623683998,
              26.961635475155965
            ],
            [
              84.74476196732684,
              26.961640268813113
            ],
            [
              84.74506022776409,
              26.961712209676172
            ],
            [
              84.7452614782355,
              26.96207222796734
            ],
            [
              84.74548561867867,
              26.962403786818882
            ],
            [
              84.74578849825315,
              26.96276498068458
            ],
            [
              84.74688648477041,
              26.96319220198453
            ],
            [
              84.74756949903374,
              26.96353702614631
            ],
            [
              84.74795065600543,
              26.963867998604687
            ],
            [
              84.74825857692527,
              26.964137019848987
            ],
            [
              84.74868109143432,
              26.964798534318064
            ],
            [
              84.74889744528059,
              26.966359979657888
            ],
            [
              84.74909118673456,
              26.967123070151857
            ],
            [
              84.74943925965263,
              26.967777089159334
            ],
            [
              84.74988810108772,
              26.968479668933615
            ],
            [
              84.74990222619725,
              26.968843551831956
            ],
            [
              84.74986563601911,
              26.969251285314908
            ],
            [
              84.74946437475135,
              26.9697361322736
            ],
            [
              84.74895697393951,
              26.970187384066087
            ],
            [
              84.74832372634293,
              26.970521783624328
            ],
            [
              84.74777711586559,
              26.970738696302757
            ],
            [
              84.74690208671026,
              26.970753891134986
            ],
            [
              84.74672567555476,
              26.97087363873468
            ],
            [
              84.74662881470927,
              26.971158082206642
            ],
            [
              84.74677557157891,
              26.971639029205967
            ],
            [
              84.7468360794015,
              26.972198763078687
            ],
            [
              84.74679104865294,
              26.972497255342756
            ],
            [
              84.7457162799925,
              26.973320874044934
            ],
            [
              84.74475726195138,
              26.974167085738152
            ],
            [
              84.74459721630373,
              26.974613375355904
            ],
            [
              84.74499065414366,
              26.974803418157812
            ],
            [
              84.74561886758141,
              26.974750357836307
            ],
            [
              84.74575041238005,
              26.975777832006038
            ],
            [
              84.74581526804862,
              26.9759733087514
            ],
            [
              84.74632461011976,
              26.976576166279088
            ],
            [
              84.74620101002151,
              26.97749125094157
            ],
            [
              84.74602779686842,
              26.978157728080966
            ],
            [
              84.74594325641704,
              26.978434534235998
            ],
            [
              84.74520552666806,
              26.979167302806545
            ],
            [
              84.74515417357651,
              26.979718720768908
            ],
            [
              84.74492624942935,
              26.980402605362684
            ],
            [
              84.7449903029024,
              26.980855437095663
            ],
            [
              84.74528931702615,
              26.98114576572479
            ],
            [
              84.7457582744354,
              26.981601095341112
            ],
            [
              84.74569706143532,
              26.981974417340535
            ],
            [
              84.74547818601802,
              26.98258802664742
            ],
            [
              84.74550603289353,
              26.983085169068968
            ],
            [
              84.74565997359049,
              26.983537130247306
            ],
            [
              84.74591425340975,
              26.983995725109825
            ],
            [
              84.74619350908888,
              26.98424835971112
            ],
            [
              84.74672548421363,
              26.984478591328774
            ],
            [
              84.74714875061254,
              26.984661772279157
            ],
            [
              84.7474783829145,
              26.984804429374027
            ],
            [
              84.74760483157048,
              26.984940330767923
            ],
            [
              84.74767270468013,
              26.985152460629735
            ],
            [
              84.74753973156017,
              26.985734792040258
            ],
            [
              84.747559299562,
              26.98627561199136
            ],
            [
              84.74756714365107,
              26.986492404655174
            ],
            [
              84.74757886756386,
              26.98681643334544
            ],
            [
              84.74774029931199,
              26.987090407659295
            ],
            [
              84.74885136979137,
              26.98767501764796
            ],
            [
              84.74939513889747,
              26.987796461098373
            ],
            [
              84.75000209100907,
              26.987792565105547
            ],
            [
              84.7505753131784,
              26.987824876946483
            ],
            [
              84.75090137288043,
              26.988003555295478
            ],
            [
              84.7517978645845,
              26.98802497320792
            ],
            [
              84.75200724570759,
              26.98829590672663
            ],
            [
              84.75202380614985,
              26.98861426118254
            ],
            [
              84.75196158703665,
              26.989053208318865
            ],
            [
              84.75213047120836,
              26.989424835792892
            ],
            [
              84.75231477406362,
              26.989796726997376
            ],
            [
              84.75257594126616,
              26.990139309987224
            ],
            [
              84.7527853322707,
              26.990403106999707
            ],
            [
              84.75278677855829,
              26.99071415760007
            ],
            [
              84.7529020521722,
              26.99108500393361
            ],
            [
              84.75341271027526,
              26.991489052352282
            ],
            [
              84.75385292159538,
              26.99171316161503
            ],
            [
              84.75403283977374,
              26.9919185556244
            ],
            [
              84.7541058530434,
              26.99210053897881
            ],
            [
              84.75399388343311,
              26.992727226954333
            ],
            [
              84.75398956972312,
              26.99294410804323
            ],
            [
              84.75410559073535,
              26.99327152007516
            ],
            [
              84.75420015728363,
              26.99352454608015
            ],
            [
              84.7541939436368,
              26.993835601656865
            ],
            [
              84.75422005317054,
              26.994067452970846
            ],
            [
              84.75437583990542,
              26.994330376290748
            ],
            [
              84.75478658558592,
              26.994496084319685
            ],
            [
              84.75511895774949,
              26.99471554582603
            ],
            [
              84.75534604466678,
              26.994863754040388
            ],
            [
              84.75546456119885,
              26.99507541214214
            ],
            [
              84.75555634835963,
              26.995474798890008
            ],
            [
              84.75567246998314,
              26.99580943388137
            ],
            [
              84.75595900471102,
              26.996059995247492
            ],
            [
              84.75626902140039,
              26.996236841935634
            ],
            [
              84.75671737864354,
              26.99643935494093
            ],
            [
              84.75723216809857,
              26.996671212093563
            ],
            [
              84.75785641816928,
              26.996905397209826
            ],
            [
              84.75806222130258,
              26.99697380086336
            ],
            [
              84.75839303219416,
              26.997259969716914
            ],
            [
              84.75877823338124,
              26.997562740999705
            ],
            [
              84.75906509419755,
              26.997791534228014
            ],
            [
              84.75937376610894,
              26.9980265166298
            ],
            [
              84.75965150992346,
              26.99833477190457
            ],
            [
              84.75982247369507,
              26.998473263906984
            ],
            [
              84.76005878541201,
              26.9990194021843
            ],
            [
              84.76041105885238,
              26.999493380216094
            ],
            [
              84.76058253915528,
              26.99999031426472
            ],
            [
              84.7606875540086,
              27.00029234422722
            ],
            [
              84.76067993180342,
              27.000475622688857
            ],
            [
              84.76062877005307,
              27.000711282223005
            ],
            [
              84.7604840712237,
              27.000959450683485
            ],
            [
              84.76031757297737,
              27.0011375983156
            ],
            [
              84.76017229293805,
              27.001420506170728
            ],
            [
              84.76016320108907,
              27.001575961116796
            ],
            [
              84.76019277183158,
              27.001712083166918
            ],
            [
              84.7602175276042,
              27.002294348861046
            ],
            [
              84.7594565701169,
              27.002654788813558
            ],
            [
              84.75901389381963,
              27.002958774160025
            ],
            [
              84.75901220768185,
              27.002959932315278
            ],
            [
              84.75867533136547,
              27.003191262178486
            ],
            [
              84.75836838511769,
              27.003322659224146
            ],
            [
              84.75838508030726,
              27.003562281872938
            ],
            [
              84.75850294196746,
              27.003678897094154
            ],
            [
              84.75898160387672,
              27.003952614233476
            ],
            [
              84.75932092091573,
              27.00417539564974
            ],
            [
              84.75949824475958,
              27.00429181974595
            ],
            [
              84.75951217403636,
              27.00430479781331
            ],
            [
              84.75998914441793,
              27.00474919666999
            ],
            [
              84.76038448578795,
              27.005056558712287
            ],
            [
              84.76042391194746,
              27.005108512238763
            ],
            [
              84.76059925410777,
              27.005339575160882
            ],
            [
              84.76063303615236,
              27.00538409635396
            ],
            [
              84.76074182572651,
              27.005527456300687
            ],
            [
              84.76095989535497,
              27.00591090032009
            ],
            [
              84.76105369114875,
              27.00614462679538
            ],
            [
              84.76123593237044,
              27.006598744327885
            ],
            [
              84.7612430066033,
              27.006623662665014
            ],
            [
              84.76133274111366,
              27.006939901926817
            ],
            [
              84.7613341541636,
              27.006942466265407
            ],
            [
              84.76151234398336,
              27.00715924630664
            ],
            [
              84.76157664718801,
              27.007237471260474
            ],
            [
              84.76164349442159,
              27.007318795125503
            ],
            [
              84.76194571822587,
              27.00765029111162
            ],
            [
              84.76208456093785,
              27.007975920369894
            ],
            [
              84.76208570628985,
              27.007983843814795
            ],
            [
              84.7621546681576,
              27.00846090460007
            ],
            [
              84.76220170484419,
              27.008786313016707
            ],
            [
              84.76226642935872,
              27.00886504985732
            ],
            [
              84.76235059431431,
              27.008967436720017
            ],
            [
              84.76247329879224,
              27.00911670820956
            ],
            [
              84.76281842433787,
              27.009403936218582
            ],
            [
              84.76302407026597,
              27.009580517817042
            ],
            [
              84.76307450977087,
              27.00962383762647
            ],
            [
              84.76308566594838,
              27.009645994933813
            ],
            [
              84.76313336918493,
              27.009740764293085
            ],
            [
              84.7631825447602,
              27.009833881681534
            ],
            [
              84.76324776963634,
              27.009900166188007
            ],
            [
              84.76325997594441,
              27.009912569768286
            ],
            [
              84.76380395615463,
              27.01046537285349
            ],
            [
              84.76383053011736,
              27.010590185891054
            ],
            [
              84.76392288591171,
              27.01102396198013
            ],
            [
              84.76397299303994,
              27.01125930328352
            ],
            [
              84.76404869586558,
              27.01138983535303
            ],
            [
              84.76408345168392,
              27.011449757972773
            ],
            [
              84.76412492240901,
              27.011521270035015
            ],
            [
              84.76443041787756,
              27.01200861831734
            ],
            [
              84.76468809512525,
              27.01287901739142
            ],
            [
              84.76489067689991,
              27.01315196303795
            ],
            [
              84.76533468180548,
              27.01328699305355
            ],
            [
              84.76584199009083,
              27.013607516824248
            ],
            [
              84.76641179956039,
              27.013902797238508
            ],
            [
              84.76704371585373,
              27.01395295239158
            ],
            [
              84.76718955284855,
              27.014180079646003
            ],
            [
              84.76720627588588,
              27.014206130332695
            ],
            [
              84.76729553698408,
              27.014223808238334
            ],
            [
              84.7676016810363,
              27.014284448019264
            ],
            [
              84.76795213808313,
              27.01468178819166
            ],
            [
              84.76861017558831,
              27.015291704159523
            ],
            [
              84.76904642623637,
              27.015600505913266
            ],
            [
              84.76907872516242,
              27.015626989229464
            ],
            [
              84.76918991772997,
              27.01571815702943
            ],
            [
              84.76949043473523,
              27.015964551727876
            ],
            [
              84.769997356745,
              27.016294207960097
            ],
            [
              84.77047967569577,
              27.016712130781016
            ],
            [
              84.77054880195521,
              27.016772035357516
            ],
            [
              84.7711133257376,
              27.017186202276573
            ],
            [
              84.77181184312613,
              27.01734865628785
            ],
            [
              84.77226240573327,
              27.017566350184765
            ],
            [
              84.77277751588689,
              27.017713066167662
            ],
            [
              84.77314066523037,
              27.01782685133057
            ],
            [
              84.77342089198834,
              27.017736119792666
            ],
            [
              84.77367089133526,
              27.017635143007464
            ],
            [
              84.77382993176812,
              27.01757363913208
            ],
            [
              84.77523214982435,
              27.017031472367204
            ],
            [
              84.7768562966715,
              27.01639339170451
            ],
            [
              84.77731380325581,
              27.016216125358675
            ],
            [
              84.7783673052002,
              27.015807960257156
            ],
            [
              84.77854988239181,
              27.015737217603068
            ],
            [
              84.77902451176374,
              27.01555332538821
            ],
            [
              84.78066578589012,
              27.01491739233646
            ],
            [
              84.78227843879324,
              27.014306324301796
            ],
            [
              84.78273715001833,
              27.01411202739052
            ],
            [
              84.78283925433016,
              27.013886650267604
            ],
            [
              84.78280016324226,
              27.013581222705145
            ],
            [
              84.78264961188884,
              27.01240492612473
            ],
            [
              84.78265249188763,
              27.01151350130176
            ],
            [
              84.78265280809462,
              27.011415636985536
            ],
            [
              84.78290871206794,
              27.010994126612175
            ],
            [
              84.78305020211506,
              27.010761088898366
            ],
            [
              84.78326568010397,
              27.010250907345046
            ],
            [
              84.78332860978456,
              27.010101910275225
            ],
            [
              84.78354190576562,
              27.009596888700475
            ],
            [
              84.78378697875154,
              27.009060060138793
            ],
            [
              84.78418797771123,
              27.008181693653885
            ],
            [
              84.78439748819169,
              27.00784106165112
            ],
            [
              84.78455596088928,
              27.00772763373832
            ],
            [
              84.78479775502437,
              27.007580539759463
            ],
            [
              84.78527074497093,
              27.0075241622336
            ],
            [
              84.78561960121995,
              27.008039915377335
            ],
            [
              84.7857025471617,
              27.008162550963867
            ],
            [
              84.78564429500878,
              27.00850272339518
            ],
            [
              84.78549516838343,
              27.009373575398847
            ],
            [
              84.7855385480285,
              27.010236271676458
            ],
            [
              84.78566767725734,
              27.01078139482282
            ],
            [
              84.7857424431401,
              27.010939806838234
            ],
            [
              84.78594423439732,
              27.011001986618535
            ],
            [
              84.78634575437987,
              27.010943051363427
            ],
            [
              84.7864065694263,
              27.01049632882388
            ],
            [
              84.78654536273095,
              27.009676788661675
            ],
            [
              84.78657344227008,
              27.009502933162757
            ],
            [
              84.78661598019374,
              27.00923957792096
            ],
            [
              84.7867887387993,
              27.009035047101253
            ],
            [
              84.78710079286776,
              27.00891794362541
            ],
            [
              84.78743449004635,
              27.008774131006994
            ],
            [
              84.7881276858151,
              27.009055414163377
            ],
            [
              84.78856434160336,
              27.009125981747335
            ],
            [
              84.78877027139912,
              27.009023353326203
            ],
            [
              84.78899320091327,
              27.008912275608232
            ],
            [
              84.78861161993676,
              27.00829400862796
            ],
            [
              84.78811693926936,
              27.007587539627472
            ],
            [
              84.78811157992037,
              27.007579882671436
            ],
            [
              84.78812283940417,
              27.007493828118108
            ],
            [
              84.78813268493968,
              27.007418555040754
            ],
            [
              84.78815810187233,
              27.007224267832015
            ],
            [
              84.78816895441926,
              27.007178497215293
            ],
            [
              84.78832180905307,
              27.006533876909845
            ],
            [
              84.78824660838569,
              27.006155583737435
            ],
            [
              84.78813081644388,
              27.00600030960229
            ],
            [
              84.788014978688,
              27.00584498883159
            ],
            [
              84.78793146141771,
              27.005795571197144
            ],
            [
              84.78758648319578,
              27.005591487117677
            ],
            [
              84.78721599731135,
              27.005413344941765
            ],
            [
              84.78696845575503,
              27.005230436294966
            ],
            [
              84.78708442286832,
              27.004923101940598
            ],
            [
              84.7872334911032,
              27.00479101204361
            ],
            [
              84.7872886216105,
              27.004701371292768
            ],
            [
              84.78744051684357,
              27.004276226053786
            ],
            [
              84.78746582867333,
              27.004167196607366
            ],
            [
              84.787547899656,
              27.003931939702532
            ],
            [
              84.78774025590779,
              27.00374642981789
            ],
            [
              84.78774959120022,
              27.003405060832133
            ],
            [
              84.7877565243976,
              27.003151536808545
            ],
            [
              84.78754206509824,
              27.00291484268995
            ],
            [
              84.78745216619618,
              27.002624370944403
            ],
            [
              84.78744917929787,
              27.00261472308996
            ],
            [
              84.78686310223684,
              27.000721016683915
            ],
            [
              84.7868625884005,
              27.000719363058238
            ],
            [
              84.7867386038233,
              27.000304491938323
            ],
            [
              84.7866593939748,
              27.00003943990194
            ],
            [
              84.78664912263785,
              27.00000506972712
            ],
            [
              84.78648833588007,
              26.99946704437592
            ],
            [
              84.78642113740527,
              26.99924217976799
            ],
            [
              84.78620396519374,
              26.998515461011486
            ],
            [
              84.786199954216,
              26.9985052413079
            ],
            [
              84.78633752221859,
              26.99836320430057
            ],
            [
              84.78634417244665,
              26.998366072993033
            ],
            [
              84.78687546215683,
              26.998595260792282
            ],
            [
              84.78707548822453,
              26.998739792396208
            ],
            [
              84.78718531804779,
              26.99881915819389
            ],
            [
              84.78728408242337,
              26.99883957913357
            ],
            [
              84.7875203402414,
              26.998888437135243
            ],
            [
              84.78807084581382,
              26.998741850259947
            ],
            [
              84.78830639036953,
              26.998679137826382
            ],
            [
              84.78843957818682,
              26.998561111891046
            ],
            [
              84.78840211933777,
              26.998389518788013
            ],
            [
              84.78833332186173,
              26.99807436165492
            ],
            [
              84.7883295875651,
              26.99803324495024
            ],
            [
              84.78831854727028,
              26.997911635658763
            ],
            [
              84.78827814374372,
              26.997466650282387
            ],
            [
              84.7885758633952,
              26.996937034875284
            ],
            [
              84.78913241283287,
              26.99716156391187
            ],
            [
              84.78966232003582,
              26.997368763332613
            ],
            [
              84.78956929409821,
              26.997611005643147
            ],
            [
              84.78970368116643,
              26.998287035046552
            ],
            [
              84.78970438364897,
              26.99840013470815
            ],
            [
              84.78970457678678,
              26.998431387753428
            ],
            [
              84.78970703727232,
              26.998827416856802
            ],
            [
              84.78987749888567,
              26.999103632683738
            ],
            [
              84.79013186584153,
              26.99913727636095
            ],
            [
              84.79029347994766,
              26.99917483883874
            ],
            [
              84.79040082413256,
              26.999244756288295
            ],
            [
              84.79040086186181,
              26.999244786703887
            ],
            [
              84.79044500327822,
              26.999287618243912
            ],
            [
              84.79060961955406,
              26.99948995366774
            ],
            [
              84.79071437209932,
              26.999600108220307
            ],
            [
              84.7911720053461,
              26.999583711068503
            ],
            [
              84.79146319963532,
              26.999405840317355
            ],
            [
              84.79165258156522,
              26.999257076200724
            ],
            [
              84.79123505180769,
              26.99898841023672
            ],
            [
              84.79124014435703,
              26.998873992886892
            ],
            [
              84.79167091168857,
              26.998423300350424
            ],
            [
              84.79191646167992,
              26.998237980681342
            ],
            [
              84.79195184901391,
              26.997906520176706
            ],
            [
              84.79174791257978,
              26.998084084337847
            ],
            [
              84.79105161043678,
              26.99842890886521
            ],
            [
              84.79096114200283,
              26.998341131214538
            ],
            [
              84.79087358231378,
              26.998256189373492
            ],
            [
              84.79068480944164,
              26.997861269241433
            ],
            [
              84.7905434370738,
              26.997560465399584
            ],
            [
              84.79057923763283,
              26.997219778005302
            ],
            [
              84.79094138535478,
              26.996964684807647
            ],
            [
              84.79201265777213,
              26.996771885939523
            ],
            [
              84.79228418075328,
              26.996698401044604
            ],
            [
              84.79255939760687,
              26.996541865979903
            ],
            [
              84.79320496290264,
              26.995945678974664
            ],
            [
              84.79356053316009,
              26.9958382231091
            ],
            [
              84.79382261215265,
              26.99597697112285
            ],
            [
              84.7939861252973,
              26.996420536827195
            ],
            [
              84.79401594487315,
              26.99650144268747
            ],
            [
              84.79434606765523,
              26.996966100761906
            ],
            [
              84.79442030802358,
              26.997384654939818
            ],
            [
              84.79453575141906,
              26.99780468033351
            ],
            [
              84.79444963442435,
              26.998096422787036
            ],
            [
              84.79441427044655,
              26.998216246947727
            ],
            [
              84.79450702060133,
              26.99845061534357
            ],
            [
              84.79458659786077,
              26.998749209263565
            ],
            [
              84.79468969121771,
              26.99921500423852
            ],
            [
              84.79494640097981,
              26.99924264960875
            ],
            [
              84.79533083141241,
              26.99918243233434
            ],
            [
              84.79534378871205,
              26.999219071923903
            ],
            [
              84.79556911672803,
              26.999856380040548
            ],
            [
              84.79569564802905,
              27.000027256944403
            ],
            [
              84.79585513492461,
              27.00015309808363
            ],
            [
              84.79603258902416,
              27.000298147947028
            ],
            [
              84.79610339692978,
              27.00035603225189
            ],
            [
              84.7962334550166,
              27.000462349631785
            ],
            [
              84.79625447200101,
              27.000593701042057
            ],
            [
              84.79628997342103,
              27.000815574257615
            ],
            [
              84.7962113420876,
              27.001191702717062
            ],
            [
              84.79634940685857,
              27.00133526330592
            ],
            [
              84.79651113684736,
              27.001615654227262
            ],
            [
              84.79658889142509,
              27.001750468388305
            ],
            [
              84.79644366618301,
              27.001953037897035
            ],
            [
              84.79618188632944,
              27.002318211639665
            ],
            [
              84.7959380179843,
              27.002697686287082
            ],
            [
              84.79608023117525,
              27.002980029148024
            ],
            [
              84.79665712026754,
              27.00300061100954
            ],
            [
              84.7967156688645,
              27.00297842437896
            ],
            [
              84.79683552927625,
              27.002933037818636
            ],
            [
              84.79691683758922,
              27.0030409111079
            ],
            [
              84.79718628456375,
              27.00339842327613
            ],
            [
              84.79723332484359,
              27.003732821788414
            ],
            [
              84.7971365529313,
              27.00405285015802
            ],
            [
              84.7972527904375,
              27.00422335731439
            ],
            [
              84.79747573432472,
              27.004314490343667
            ],
            [
              84.7977448093967,
              27.004296361069237
            ],
            [
              84.79798995155292,
              27.004120259399294
            ],
            [
              84.79827261005033,
              27.004028675600868
            ],
            [
              84.79856738412599,
              27.00386220365157
            ],
            [
              84.79861128659053,
              27.00383742396805
            ],
            [
              84.7987538222767,
              27.003648417872892
            ],
            [
              84.79897318278421,
              27.003526737817612
            ],
            [
              84.79914523621225,
              27.003431319713837
            ],
            [
              84.79930499260239,
              27.002854753042453
            ],
            [
              84.7993695733865,
              27.002330244676397
            ],
            [
              84.79945224534207,
              27.00163078005843
            ],
            [
              84.79953460737889,
              27.001402659769386
            ],
            [
              84.79956710213766,
              27.001135791820257
            ],
            [
              84.7996164852238,
              27.00105230721247
            ],
            [
              84.79970097087795,
              27.000909509041943
            ],
            [
              84.80005613869014,
              27.000811263308684
            ],
            [
              84.80046573542542,
              27.000881319810514
            ],
            [
              84.80060963834738,
              27.001362833718137
            ],
            [
              84.80067232997446,
              27.001572614671243
            ],
            [
              84.80102548376378,
              27.002472960203526
            ],
            [
              84.80111719905935,
              27.002706788271468
            ],
            [
              84.8011823412905,
              27.002866228954232
            ],
            [
              84.80120065614248,
              27.002922860136522
            ],
            [
              84.80124584409624,
              27.003062579878364
            ],
            [
              84.8011450369517,
              27.003429120268617
            ],
            [
              84.8011350926015,
              27.00346529265321
            ],
            [
              84.8009802113684,
              27.003700071107797
            ],
            [
              84.80094361939364,
              27.004059216347986
            ],
            [
              84.801026085635,
              27.00429321079634
            ],
            [
              84.80118768716476,
              27.004603966061854
            ],
            [
              84.80152318995705,
              27.004948645737755
            ],
            [
              84.80189533772476,
              27.00516523913615
            ],
            [
              84.80262559259228,
              27.005450045729884
            ],
            [
              84.80284062861003,
              27.0054577092339
            ],
            [
              84.8028419311672,
              27.00545775405438
            ],
            [
              84.80307641391423,
              27.005521564010213
            ],
            [
              84.80356510820857,
              27.005437311106025
            ],
            [
              84.80386637800204,
              27.005623647378506
            ],
            [
              84.80406919603361,
              27.00593586603107
            ],
            [
              84.80463667886657,
              27.00616865283078
            ],
            [
              84.80510476940157,
              27.006083660877543
            ],
            [
              84.80545093789127,
              27.00618841213812
            ],
            [
              84.8056809191804,
              27.006353720921936
            ],
            [
              84.80579184404999,
              27.006644180631266
            ],
            [
              84.8059303274359,
              27.006873830970427
            ],
            [
              84.80594561676203,
              27.0068991966454
            ],
            [
              84.80624437486595,
              27.006909835772767
            ],
            [
              84.806694794641,
              27.006990570013144
            ],
            [
              84.80701128998021,
              27.007066534082966
            ],
            [
              84.80710688869276,
              27.0071158631198
            ],
            [
              84.80783844701573,
              27.00749339832939
            ],
            [
              84.80805976944386,
              27.00762142567337
            ],
            [
              84.80815173536938,
              27.007874239311974
            ],
            [
              84.80805915140293,
              27.00833305508852
            ],
            [
              84.80783332392366,
              27.00830653163697
            ],
            [
              84.80737430637302,
              27.007985263632044
            ],
            [
              84.80726289281992,
              27.0079072953101
            ],
            [
              84.80698555684059,
              27.007878934957837
            ],
            [
              84.80684589576335,
              27.008003353894903
            ],
            [
              84.8068327920383,
              27.00829864022862
            ],
            [
              84.80667886212112,
              27.0089770840293
            ],
            [
              84.8066843148949,
              27.00931923963531
            ],
            [
              84.8067095297066,
              27.00955932170123
            ],
            [
              84.80672063737507,
              27.00966506934265
            ],
            [
              84.80672968341,
              27.00975120226733
            ],
            [
              84.80674959726323,
              27.009940794350992
            ],
            [
              84.8068725344048,
              27.010425766902248
            ],
            [
              84.80697896140977,
              27.010817729709245
            ],
            [
              84.8071686290039,
              27.011194171246363
            ],
            [
              84.80723133141073,
              27.01129373964602
            ],
            [
              84.80737105626832,
              27.01151561335364
            ],
            [
              84.80758542393956,
              27.011800511101
            ],
            [
              84.80762339842155,
              27.011841794839857
            ],
            [
              84.80783152010656,
              27.01206805321302
            ],
            [
              84.80801614455872,
              27.01209311039347
            ],
            [
              84.80820404606499,
              27.01204434536486
            ],
            [
              84.80841084542993,
              27.01180216536402
            ],
            [
              84.80855359311848,
              27.01156421294488
            ],
            [
              84.80869031311146,
              27.011336296886622
            ],
            [
              84.80883426633909,
              27.011096341866423
            ],
            [
              84.80928831800284,
              27.010862961024106
            ],
            [
              84.80965176468867,
              27.010811199034467
            ],
            [
              84.80983352441339,
              27.01090084611788
            ],
            [
              84.81007102819471,
              27.011362165758655
            ],
            [
              84.81009381126694,
              27.01141509916815
            ],
            [
              84.81013713970803,
              27.011515779020463
            ],
            [
              84.81057824305529,
              27.01254069092718
            ],
            [
              84.81060424479118,
              27.01260110912869
            ],
            [
              84.81067576056927,
              27.013315303222353
            ],
            [
              84.81075177870355,
              27.013927993263067
            ],
            [
              84.8108017986952,
              27.014428850612457
            ],
            [
              84.81071869285331,
              27.014591993667587
            ],
            [
              84.81070007167578,
              27.01462856100981
            ],
            [
              84.8105686652177,
              27.01479948668705
            ],
            [
              84.81028230835629,
              27.014974143094413
            ],
            [
              84.80996831482513,
              27.01507387780832
            ],
            [
              84.80967656627537,
              27.01513743421315
            ],
            [
              84.80926275105152,
              27.014928622925762
            ],
            [
              84.80885016741794,
              27.014692127270113
            ],
            [
              84.80814897484649,
              27.0139832487502
            ],
            [
              84.80780728535683,
              27.01377700030118
            ],
            [
              84.80745904535209,
              27.013718393026515
            ],
            [
              84.80703916111023,
              27.01387904736119
            ],
            [
              84.80685080685302,
              27.01413644627289
            ],
            [
              84.80684143023808,
              27.014149259941608
            ],
            [
              84.80684171769897,
              27.01415474122385
            ],
            [
              84.80685261606,
              27.01436224305369
            ],
            [
              84.80731281040363,
              27.01538602699536
            ],
            [
              84.8075587143312,
              27.01580259269706
            ],
            [
              84.80800383494436,
              27.016556656752325
            ],
            [
              84.80817959392297,
              27.01724683405666
            ],
            [
              84.80841840026146,
              27.017911530298544
            ],
            [
              84.80853548398065,
              27.01806357166872
            ],
            [
              84.80859780819675,
              27.018080089367533
            ],
            [
              84.8093004290895,
              27.018266395077266
            ],
            [
              84.81029654395859,
              27.018375775772416
            ],
            [
              84.81051413658166,
              27.01840704567202
            ],
            [
              84.81055289169963,
              27.01841262197916
            ],
            [
              84.81079756313865,
              27.018014670783067
            ],
            [
              84.81088482458703,
              27.01767581399012
            ],
            [
              84.81083282830173,
              27.017452151813327
            ],
            [
              84.81074348635516,
              27.01711955473744
            ],
            [
              84.81069997465774,
              27.016957589368506
            ],
            [
              84.81061536144281,
              27.016538682307193
            ],
            [
              84.81089134725428,
              27.016132599931392
            ],
            [
              84.81121516206643,
              27.015811399913108
            ],
            [
              84.81168328673742,
              27.015726387240985
            ],
            [
              84.81207806486375,
              27.01566649091028
            ],
            [
              84.81213205900221,
              27.015757501020538
            ],
            [
              84.81227969532253,
              27.016006381336
            ],
            [
              84.81244502306404,
              27.016234072645585
            ],
            [
              84.81248549216761,
              27.016485051059426
            ],
            [
              84.81215152639275,
              27.017268002313358
            ],
            [
              84.81202885964407,
              27.017707264147237
            ],
            [
              84.81204544973073,
              27.018031330938296
            ],
            [
              84.812047410753,
              27.01803521628009
            ],
            [
              84.8122446286871,
              27.01842658515341
            ],
            [
              84.81225467185199,
              27.018584834340498
            ],
            [
              84.812269254204,
              27.01881456111587
            ],
            [
              84.81228108232135,
              27.01900089681826
            ],
            [
              84.81194048518304,
              27.019700431807422
            ],
            [
              84.8118007225962,
              27.019992871284845
            ],
            [
              84.81170161686079,
              27.020200255098935
            ],
            [
              84.81175116074535,
              27.020479283336833
            ],
            [
              84.81180947667866,
              27.020489087308896
            ],
            [
              84.81209942320794,
              27.020537879082703
            ],
            [
              84.81228805055301,
              27.020553504129627
            ],
            [
              84.8122947744429,
              27.02055406911207
            ],
            [
              84.81247647398044,
              27.02041265615701
            ],
            [
              84.81283667684983,
              27.02043470730351
            ],
            [
              84.81303432867023,
              27.019933415772407
            ],
            [
              84.81303997817506,
              27.01957317287341
            ],
            [
              84.81307264361372,
              27.01906811623407
            ],
            [
              84.81307278015763,
              27.01906602032951
            ],
            [
              84.81308702025152,
              27.01851199511891
            ],
            [
              84.81333912255455,
              27.01817899864169
            ],
            [
              84.81353565327747,
              27.018312101958315
            ],
            [
              84.81356954940809,
              27.018335066629962
            ],
            [
              84.81421846541987,
              27.019060540887388
            ],
            [
              84.81498890282835,
              27.019605490787146
            ],
            [
              84.81587439915334,
              27.020348608975596
            ],
            [
              84.81625275517797,
              27.020426750325253
            ],
            [
              84.81674117638445,
              27.020582738366492
            ],
            [
              84.8177607848932,
              27.020628205828384
            ],
            [
              84.81853017037449,
              27.020498419927666
            ],
            [
              84.81951346897944,
              27.02043167912236
            ],
            [
              84.82025661467127,
              27.020661394919266
            ],
            [
              84.82049032127391,
              27.020743630966905
            ],
            [
              84.82072082897581,
              27.020748526939585
            ],
            [
              84.82113983286872,
              27.020757449805217
            ],
            [
              84.82150584783797,
              27.02088134872304
            ],
            [
              84.82178321885162,
              27.02090968018597
            ],
            [
              84.82214383314937,
              27.020922480278244
            ],
            [
              84.82244773500663,
              27.02105031706846
            ],
            [
              84.82259972186787,
              27.021114262217523
            ],
            [
              84.82279008116478,
              27.02101011225557
            ],
            [
              84.82282285529962,
              27.020976094203103
            ],
            [
              84.82325516683514,
              27.020527542142673
            ],
            [
              84.82345215210559,
              27.020506805839535
            ],
            [
              84.82365077141154,
              27.020449159184842
            ]
          ]
        ]
      }
    }
  ]
}