{
  "type": "FeatureCollection",
  "features": [
    {
      "type": "Feature",
      "properties": {
        "object_id": "10-216-01212",
        "stname": "BIHAR",
        "dtname": "Muzaffarpur",
        "sdtname": "Musahri",
        "st_area_sh": 0.0,
        "st_length_": 0.0,
        "remarks": "",
        "dist_lgd": 208,
        "state_lgd": 10,
        "subdt_lgd": 1212,
        "ac_no": null,
        "st_length(shape)": 211487.75457487197,
        "st_area(shape)": 365415439.5943066
      },
      "geometry": {
        "type": "Polygon",
        "coordinates": [
          [
            [
              85.23042713893996,
              26.234429282883287
            ],
            [
              85.23166765305851,
              26.233805587071764
            ],
            [
              85.23254788615428,
              26.2333084510334
            ],
            [
              85.23350796330911,
              26.232517942370585
            ],
            [
              85.23383312469588,
              26.232364388232316
            ],
            [
              85.23454376664579,
              26.232431465957355
            ],
            [
              85.23512422384641,
              26.23253029602355
            ],
            [
              85.23588009866583,
              26.23275987179723
            ],
            [
              85.23631549771098,
              26.23277308278921
            ],
            [
              85.23707089911824,
              26.2325603570302
            ],
            [
              85.23813634685929,
              26.23209024296318
            ],
            [
              85.23964686939942,
              26.231452657870822
            ],
            [
              85.24074732179214,
              26.23109531992356
            ],
            [
              85.242638385958,
              26.230633415959577
            ],
            [
              85.2431588689353,
              26.23061946499198
            ],
            [
              85.24436995694012,
              26.230771877187475
            ],
            [
              85.24480528322172,
              26.230717397316347
            ],
            [
              85.24510529627213,
              26.230559167106737
            ],
            [
              85.24523027618264,
              26.230374000856013
            ],
            [
              85.24521894213872,
              26.23017790911324
            ],
            [
              85.24521488714353,
              26.230107748661688
            ],
            [
              85.24513464513076,
              26.229864160186548
            ],
            [
              85.24486921272724,
              26.229665703321526
            ],
            [
              85.24384839867939,
              26.22968470767149
            ],
            [
              85.24307777262473,
              26.229667264186045
            ],
            [
              85.24281246868028,
              26.229554624832222
            ],
            [
              85.24276229866999,
              26.229401240031468
            ],
            [
              85.24293682426168,
              26.228791842339557
            ],
            [
              85.2432663730203,
              26.228096608089565
            ],
            [
              85.24353071666567,
              26.227202796604786
            ],
            [
              85.24364001019474,
              26.22650322389715
            ],
            [
              85.24357889331438,
              26.225429101396102
            ],
            [
              85.24352815107723,
              26.224720593234583
            ],
            [
              85.24341748312581,
              26.22412499705192
            ],
            [
              85.24307129307655,
              26.22325880974084
            ],
            [
              85.24290049190004,
              26.222536823164727
            ],
            [
              85.24285409122066,
              26.222005212255095
            ],
            [
              85.24283472084818,
              26.221783300833852
            ],
            [
              85.24286253358768,
              26.221663376830634
            ],
            [
              85.24295931088989,
              26.221246092105012
            ],
            [
              85.24322895010388,
              26.22079457787757
            ],
            [
              85.24371393435608,
              26.220338275776065
            ],
            [
              85.24471883385036,
              26.219674144084177
            ],
            [
              85.24629934772756,
              26.21899577498384
            ],
            [
              85.24678440204836,
              26.218742718193177
            ],
            [
              85.24775251822669,
              26.217022542155746
            ],
            [
              85.24910909557828,
              26.216387431608812
            ],
            [
              85.249730043442,
              26.215918606907
            ],
            [
              85.25000198234314,
              26.215553457873714
            ],
            [
              85.25050794764712,
              26.21481786632188
            ],
            [
              85.25114331077623,
              26.213685115224855
            ],
            [
              85.25146357275142,
              26.213202229867345
            ],
            [
              85.25170368344371,
              26.214858470091002
            ],
            [
              85.25171874998766,
              26.216077043198386
            ],
            [
              85.25162870825349,
              26.2179769893573
            ],
            [
              85.25147859527792,
              26.218554664959235
            ],
            [
              85.25112835292842,
              26.21889772238277
            ],
            [
              85.25067809305352,
              26.219398598088507
            ],
            [
              85.2505730162164,
              26.2200710399963
            ],
            [
              85.25013262702984,
              26.220499782894937
            ],
            [
              85.2509732623879,
              26.221068442735085
            ],
            [
              85.25205407581184,
              26.22125797713094
            ],
            [
              85.25380534864478,
              26.221244443287222
            ],
            [
              85.25546645397937,
              26.221271477932273
            ],
            [
              85.256137060712,
              26.222061224939214
            ],
            [
              85.2566123629221,
              26.221970941885203
            ],
            [
              85.25712277129348,
              26.222810351099234
            ],
            [
              85.25762823623587,
              26.224141641155914
            ],
            [
              85.25830886816709,
              26.225572237879504
            ],
            [
              85.25943467011881,
              26.225432244996625
            ],
            [
              85.25944976181557,
              26.226023507120942
            ],
            [
              85.25944976001895,
              26.22605056805384
            ],
            [
              85.2594899659161,
              26.228000150638984
            ],
            [
              85.25980023593043,
              26.2284514999063
            ],
            [
              85.26101138502065,
              26.230640167830813
            ],
            [
              85.26130168997774,
              26.231673644316583
            ],
            [
              85.25911993278258,
              26.232048404278316
            ],
            [
              85.25945530442087,
              26.233330088109962
            ],
            [
              85.26083142372316,
              26.233325433060728
            ],
            [
              85.26339851864934,
              26.232779159280977
            ],
            [
              85.2650347729899,
              26.23267070582152
            ],
            [
              85.26575039519973,
              26.232490097291638
            ],
            [
              85.26580029032559,
              26.23135734422201
            ],
            [
              85.26738147165099,
              26.230635020324765
            ],
            [
              85.2686923526024,
              26.230057201651405
            ],
            [
              85.26987321678948,
              26.22950198487589
            ],
            [
              85.27201962527818,
              26.22771902224334
            ],
            [
              85.27454169035413,
              26.228539967245307
            ],
            [
              85.27492199841785,
              26.228336859318144
            ],
            [
              85.27537724484091,
              26.227903493263117
            ],
            [
              85.27549715735492,
              26.227352865891213
            ],
            [
              85.27572719433961,
              26.22644118810304
            ],
            [
              85.2755918820067,
              26.225692074850965
            ],
            [
              85.27533156371211,
              26.2251595379386
            ],
            [
              85.27609190675173,
              26.22415759302926
            ],
            [
              85.27712260675928,
              26.223588701697864
            ],
            [
              85.28070489407624,
              26.222477807249845
            ],
            [
              85.28133537037017,
              26.22239646882414
            ],
            [
              85.28165064040736,
              26.2225001281034
            ],
            [
              85.28279705061001,
              26.224675190041257
            ],
            [
              85.28329766464987,
              26.225424274385606
            ],
            [
              85.28381337487805,
              26.226597460897487
            ],
            [
              85.28410889186044,
              26.227648955396155
            ],
            [
              85.28485517357093,
              26.229891751257117
            ],
            [
              85.28694148386886,
              26.229038266323293
            ],
            [
              85.28716690710625,
              26.22961136072665
            ],
            [
              85.28942836103677,
              26.228834571016908
            ],
            [
              85.28993467668376,
              26.23151063780429
            ],
            [
              85.29077114116392,
              26.233685639204552
            ],
            [
              85.29312283535631,
              26.23291780006301
            ],
            [
              85.29386839661794,
              26.232917564771487
            ],
            [
              85.29452388380605,
              26.23290380988563
            ],
            [
              85.29884712762049,
              26.232085596728087
            ],
            [
              85.30000300876118,
              26.231985896020607
            ],
            [
              85.30043360990443,
              26.232653628614827
            ],
            [
              85.30201481278945,
              26.23234166717924
            ],
            [
              85.30293107820957,
              26.233614041732004
            ],
            [
              85.30339175764347,
              26.234150958850435
            ],
            [
              85.30920372278442,
              26.23331171206631
            ],
            [
              85.30922118693185,
              26.233309189943004
            ],
            [
              85.3091704384065,
              26.23191924430665
            ],
            [
              85.31423353468895,
              26.230242684284672
            ],
            [
              85.31666497861735,
              26.22937060688351
            ],
            [
              85.31927970221989,
              26.228580168148593
            ],
            [
              85.31929657258094,
              26.228575068094905
            ],
            [
              85.32330895798458,
              26.227291413972587
            ],
            [
              85.32388437383983,
              26.227223379177044
            ],
            [
              85.32447015715174,
              26.227724032887544
            ],
            [
              85.3250527029354,
              26.22792777365376
            ],
            [
              85.32507567555217,
              26.227935806947734
            ],
            [
              85.32624647770973,
              26.22775016430426
            ],
            [
              85.32711695959308,
              26.22739765721922
            ],
            [
              85.32804735461431,
              26.22691883296772
            ],
            [
              85.32872434297873,
              26.226481517054125
            ],
            [
              85.32945278774095,
              26.22601095292823
            ],
            [
              85.33015289874079,
              26.225446453650942
            ],
            [
              85.33058794474805,
              26.224981299023682
            ],
            [
              85.33080757834342,
              26.224259133763542
            ],
            [
              85.33080909829287,
              26.224251338748076
            ],
            [
              85.3314133833064,
              26.221156520005454
            ],
            [
              85.33205285712626,
              26.219707460157636
            ],
            [
              85.33294800225572,
              26.219061632244607
            ],
            [
              85.33437358639083,
              26.21838377695652
            ],
            [
              85.33601437003705,
              26.217994677976638
            ],
            [
              85.33751550967405,
              26.218156280221027
            ],
            [
              85.33858660422497,
              26.218543736251526
            ],
            [
              85.3390471812509,
              26.21885485627722
            ],
            [
              85.33912258673419,
              26.21940089325347
            ],
            [
              85.33890786243181,
              26.219947092872932
            ],
            [
              85.3383378795874,
              26.220498073625674
            ],
            [
              85.33740785736703,
              26.221365123631163
            ],
            [
              85.3364081860677,
              26.222719646354093
            ],
            [
              85.3358038372738,
              26.224299519880912
            ],
            [
              85.33578941302528,
              26.226618293386203
            ],
            [
              85.33635455844187,
              26.22812359359826
            ],
            [
              85.33666512579852,
              26.22853410326939
            ],
            [
              85.33704077789416,
              26.22898509993264
            ],
            [
              85.33829471104644,
              26.23014569436069
            ],
            [
              85.33831263692792,
              26.230162283613655
            ],
            [
              85.33927891605151,
              26.230838667352185
            ],
            [
              85.34003990587814,
              26.231275928202482
            ],
            [
              85.34069079369195,
              26.231740329209185
            ],
            [
              85.34178214704919,
              26.232344395607544
            ],
            [
              85.34292358777168,
              26.233056739628562
            ],
            [
              85.34398993921792,
              26.233633664281808
            ],
            [
              85.34473584812754,
              26.23394457392359
            ],
            [
              85.34636493121721,
              26.23471933438458
            ],
            [
              85.34632051401796,
              26.234239781232866
            ],
            [
              85.34624187190474,
              26.233686373277045
            ],
            [
              85.3462213516887,
              26.233135795849737
            ],
            [
              85.34616232159476,
              26.232715815807406
            ],
            [
              85.34598984506023,
              26.231488685320286
            ],
            [
              85.34601945802355,
              26.23096520240097
            ],
            [
              85.34614410106583,
              26.23050023020277
            ],
            [
              85.34654913885105,
              26.230120836665684
            ],
            [
              85.34724923368121,
              26.22961047916413
            ],
            [
              85.34768939918725,
              26.22935285714024
            ],
            [
              85.34811449725109,
              26.22901861076518
            ],
            [
              85.34845942337073,
              26.22860316311058
            ],
            [
              85.34839398379721,
              26.228120396885956
            ],
            [
              85.3479630960914,
              26.22756555524432
            ],
            [
              85.34666655404857,
              26.226884974215366
            ],
            [
              85.34491474492144,
              26.22624077123673
            ],
            [
              85.34367833700203,
              26.225690933777283
            ],
            [
              85.3427471137341,
              26.225068789092045
            ],
            [
              85.34193601228766,
              26.22435176974196
            ],
            [
              85.34145023661969,
              26.223900776063815
            ],
            [
              85.34044847044912,
              26.22261965717639
            ],
            [
              85.33991251488938,
              26.221875357752143
            ],
            [
              85.33987722996334,
              26.221419540189945
            ],
            [
              85.33987777883395,
              26.22141652703232
            ],
            [
              85.34018612735188,
              26.21972695530653
            ],
            [
              85.34023014210584,
              26.21840463025771
            ],
            [
              85.34033966560358,
              26.217659883186986
            ],
            [
              85.34028949738992,
              26.217520028261582
            ],
            [
              85.34045937869162,
              26.217176946628292
            ],
            [
              85.3427762227426,
              26.217586195017063
            ],
            [
              85.34432210476892,
              26.217377541902728
            ],
            [
              85.34498871759183,
              26.218825770885076
            ],
            [
              85.34522946339303,
              26.219439417848434
            ],
            [
              85.34584033575253,
              26.220057328720454
            ],
            [
              85.34654104413201,
              26.220341152767894
            ],
            [
              85.34755195425384,
              26.220507479038698
            ],
            [
              85.34858284470424,
              26.220745926272446
            ],
            [
              85.34970372568483,
              26.22076321717337
            ],
            [
              85.35134951474382,
              26.220333284154812
            ],
            [
              85.35324506958779,
              26.21948799988787
            ],
            [
              85.3542153956217,
              26.2190811919728
            ],
            [
              85.35542069128954,
              26.218489120097942
            ],
            [
              85.35467848433719,
              26.21656256161047
            ],
            [
              85.35451293830504,
              26.216039134817034
            ],
            [
              85.35463228128717,
              26.215226749869135
            ],
            [
              85.35508872157124,
              26.21418605608366
            ],
            [
              85.35509164738411,
              26.21417938707325
            ],
            [
              85.35626543644001,
              26.21199416429337
            ],
            [
              85.35721488742338,
              26.21202885104792
            ],
            [
              85.35723607957924,
              26.212029624748045
            ],
            [
              85.3587279135682,
              26.213021362222985
            ],
            [
              85.35986425275821,
              26.213638769626222
            ],
            [
              85.36103576188992,
              26.214441178688904
            ],
            [
              85.36280303102309,
              26.215549990029093
            ],
            [
              85.3655841136331,
              26.21480318571304
            ],
            [
              85.36608979327283,
              26.215132193379677
            ],
            [
              85.36752820085859,
              26.217549981127917
            ],
            [
              85.36792398060646,
              26.21805517095529
            ],
            [
              85.36815923590464,
              26.218181291981317
            ],
            [
              85.3687794624212,
              26.218303186761695
            ],
            [
              85.36879983711017,
              26.21830719205565
            ],
            [
              85.36951029939702,
              26.218275028816052
            ],
            [
              85.37021568710082,
              26.218197655678416
            ],
            [
              85.37130641433227,
              26.218156180290016
            ],
            [
              85.3721170899773,
              26.218295363140868
            ],
            [
              85.37313786090598,
              26.21837576234429
            ],
            [
              85.37447867821423,
              26.218275306043726
            ],
            [
              85.37666498357966,
              26.21799356664564
            ],
            [
              85.37834062365556,
              26.217608524062246
            ],
            [
              85.37835056531081,
              26.217605161045743
            ],
            [
              85.38129657591202,
              26.21660844426052
            ],
            [
              85.38194171001645,
              26.216364181982826
            ],
            [
              85.38140967200965,
              26.21481664213196
            ],
            [
              85.38112856669937,
              26.21398654975217
            ],
            [
              85.38036003731257,
              26.211292925316613
            ],
            [
              85.38035814725721,
              26.211287560961754
            ],
            [
              85.38196041833058,
              26.21098271593839
            ],
            [
              85.38541660823282,
              26.210158150822807
            ],
            [
              85.38915908043627,
              26.210280959895226
            ],
            [
              85.3905997661496,
              26.210153165212425
            ],
            [
              85.39189644383805,
              26.21084240568792
            ],
            [
              85.3937223567896,
              26.21070965504915
            ],
            [
              85.39501874791546,
              26.211141689261005
            ],
            [
              85.39684044058183,
              26.211618150151768
            ],
            [
              85.3965230819616,
              26.2098719533909
            ],
            [
              85.39627495200877,
              26.20748028797011
            ],
            [
              85.39627262088061,
              26.20558033163602
            ],
            [
              85.39630933592458,
              26.20294923563235
            ],
            [
              85.39630768302449,
              26.201617853840837
            ],
            [
              85.39591918591859,
              26.199000710906795
            ],
            [
              85.39583279314111,
              26.19787706965123
            ],
            [
              85.39593742800709,
              26.197561028305067
            ],
            [
              85.39614236157117,
              26.197393864813968
            ],
            [
              85.39636244522251,
              26.197393622196223
            ],
            [
              85.39855358621911,
              26.197468093722915
            ],
            [
              85.3989787067408,
              26.1973728449284
            ],
            [
              85.39928856532673,
              26.197079252879426
            ],
            [
              85.3995131710972,
              26.196690846807307
            ],
            [
              85.40006154496744,
              26.195205483978672
            ],
            [
              85.40034598482406,
              26.194650140402555
            ],
            [
              85.39996470927477,
              26.19382012669096
            ],
            [
              85.39898268987078,
              26.19258008623261
            ],
            [
              85.39656933891054,
              26.190822479962222
            ],
            [
              85.3949716761946,
              26.189276078142537
            ],
            [
              85.394075473748,
              26.188613521685426
            ],
            [
              85.39167853860125,
              26.18790292811364
            ],
            [
              85.39008274977097,
              26.18780062936097
            ],
            [
              85.38907216483928,
              26.187630150855547
            ],
            [
              85.38713575820947,
              26.18715360308648
            ],
            [
              85.38600484664042,
              26.186784649265743
            ],
            [
              85.38521376684501,
              26.18616702206923
            ],
            [
              85.38351785538644,
              26.184998430030667
            ],
            [
              85.38352704335516,
              26.184992495340296
            ],
            [
              85.38327633344082,
              26.18443308129889
            ],
            [
              85.3816884408019,
              26.18240825882298
            ],
            [
              85.38091687780435,
              26.181262651138017
            ],
            [
              85.38212112423996,
              26.180544870197643
            ],
            [
              85.38354372327336,
              26.182341560173942
            ],
            [
              85.38653772367367,
              26.184757761246015
            ],
            [
              85.38917556991163,
              26.186262542014983
            ],
            [
              85.39005541224026,
              26.18582851062987
            ],
            [
              85.39146089477421,
              26.185786507792855
            ],
            [
              85.3940128557828,
              26.186537590880118
            ],
            [
              85.39560011870273,
              26.18776806995584
            ],
            [
              85.39590527011651,
              26.18784451292105
            ],
            [
              85.39724514778698,
              26.187251946829818
            ],
            [
              85.39825467989317,
              26.186578465693188
            ],
            [
              85.40023484076555,
              26.186057440134146
            ],
            [
              85.40160060608585,
              26.18621389935455
            ],
            [
              85.40203314669176,
              26.18415101977282
            ],
            [
              85.40348794942979,
              26.183553776244395
            ],
            [
              85.40590306288462,
              26.182914792614564
            ],
            [
              85.4062124381769,
              26.182399991829893
            ],
            [
              85.40651643974714,
              26.18156475405928
            ],
            [
              85.40774593782537,
              26.18085035437481
            ],
            [
              85.40748397741042,
              26.179460670609387
            ],
            [
              85.40724210871511,
              26.178111529618196
            ],
            [
              85.4054298869868,
              26.173112981262754
            ],
            [
              85.40463856823955,
              26.172278940274477
            ],
            [
              85.40441664124523,
              26.1708530621561
            ],
            [
              85.4085712389415,
              26.169697740305182
            ],
            [
              85.41178083860329,
              26.168818652221503
            ],
            [
              85.41296855513937,
              26.17048710506699
            ],
            [
              85.41367356105914,
              26.17040511839593
            ],
            [
              85.41384910264546,
              26.170725362881928
            ],
            [
              85.41396467719495,
              26.171117834213664
            ],
            [
              85.4141897141568,
              26.171117574610577
            ],
            [
              85.41470062827969,
              26.171649508969022
            ],
            [
              85.41503089928379,
              26.171743913723166
            ],
            [
              85.41546093987829,
              26.171720892211496
            ],
            [
              85.4169309070766,
              26.17137162416177
            ],
            [
              85.41770606333527,
              26.171303017325272
            ],
            [
              85.42062525203873,
              26.170171381249197
            ],
            [
              85.42131997404519,
              26.169877161132877
            ],
            [
              85.42250497138087,
              26.169618561181995
            ],
            [
              85.42293486824494,
              26.169487173656815
            ],
            [
              85.42311966786856,
              26.169301890913115
            ],
            [
              85.42317910579764,
              26.16891374618086
            ],
            [
              85.42313820909602,
              26.16834507028161
            ],
            [
              85.42272706725846,
              26.167641601267576
            ],
            [
              85.42254160108489,
              26.167366540865196
            ],
            [
              85.42270634761644,
              26.16716317383381
            ],
            [
              85.42340133282924,
              26.167040525699306
            ],
            [
              85.42497638584781,
              26.1668175081646
            ],
            [
              85.42689639283381,
              26.16648112627827
            ],
            [
              85.42732619896803,
              26.16625951620003
            ],
            [
              85.42744590576785,
              26.16607427992798
            ],
            [
              85.42750433488887,
              26.165022724375685
            ],
            [
              85.42774884103784,
              26.16465686186526
            ],
            [
              85.42805863135176,
              26.164453414319304
            ],
            [
              85.43075389969933,
              26.164215304136277
            ],
            [
              85.43504405766356,
              26.163708964026657
            ],
            [
              85.43627388991507,
              26.16343203185575
            ],
            [
              85.43698866860686,
              26.163210040259024
            ],
            [
              85.43733295602433,
              26.162695051668546
            ],
            [
              85.43751740171173,
              26.162306684987563
            ],
            [
              85.43747626605824,
              26.161602694163644
            ],
            [
              85.43730924768737,
              26.160357379599546
            ],
            [
              85.43708340583504,
              26.159897326849944
            ],
            [
              85.43626741575683,
              26.159383912047524
            ],
            [
              85.43618712433673,
              26.159180872162533
            ],
            [
              85.4359203399687,
              26.158071038017702
            ],
            [
              85.43507788192893,
              26.156623430800643
            ],
            [
              85.43452076834929,
              26.15536951034214
            ],
            [
              85.43448000190338,
              26.154855045118694
            ],
            [
              85.43458445171642,
              26.154521017904365
            ],
            [
              85.4349090669275,
              26.154245233915745
            ],
            [
              85.43623919428386,
              26.154171378227037
            ],
            [
              85.43699401717608,
              26.153985363186145
            ],
            [
              85.4371584753484,
              26.15363313193442
            ],
            [
              85.4371962971168,
              26.15225207024418
            ],
            [
              85.43699091709003,
              26.152067288281764
            ],
            [
              85.43678589189778,
              26.15203144107288
            ],
            [
              85.4356609801765,
              26.152199876735487
            ],
            [
              85.43451607195699,
              26.152327759982743
            ],
            [
              85.43423091793973,
              26.152273894942272
            ],
            [
              85.43394542795254,
              26.15198548218696
            ],
            [
              85.43330812176748,
              26.15054664203931
            ],
            [
              85.43298109368156,
              26.149274388731143
            ],
            [
              85.43304061964554,
              26.14899899875453
            ],
            [
              85.43312537928587,
              26.14883191076226
            ],
            [
              85.43343023964553,
              26.14870512035482
            ],
            [
              85.43453514678373,
              26.148572838385295
            ],
            [
              85.43481985613494,
              26.148387461941045
            ],
            [
              85.43495887401842,
              26.147759946686705
            ],
            [
              85.43569873007968,
              26.147632638223115
            ],
            [
              85.43614376625122,
              26.147614004321714
            ],
            [
              85.43628905257876,
              26.14780336713386
            ],
            [
              85.43715343490132,
              26.150496569309595
            ],
            [
              85.43731869886246,
              26.150609195626984
            ],
            [
              85.43749871765213,
              26.150608906949188
            ],
            [
              85.43811330544364,
              26.150368946930172
            ],
            [
              85.43854310708628,
              26.150201430300296
            ],
            [
              85.43874818977069,
              26.150255315650185
            ],
            [
              85.43880845594649,
              26.15038605394457
            ],
            [
              85.4392414187606,
              26.15220878369388
            ],
            [
              85.43942688762912,
              26.152488339760893
            ],
            [
              85.43964702607771,
              26.15256029514395
            ],
            [
              85.44009713773058,
              26.152559700864725
            ],
            [
              85.44087718980755,
              26.152522562841945
            ],
            [
              85.44124190221963,
              26.152318920766866
            ],
            [
              85.44130002860842,
              26.15117253604302
            ],
            [
              85.44148432876872,
              26.150748080195818
            ],
            [
              85.44195382337051,
              26.15039993308163
            ],
            [
              85.4428535112804,
              26.150146053148994
            ],
            [
              85.44440332792767,
              26.149922788013182
            ],
            [
              85.44544848003152,
              26.14995747873316
            ],
            [
              85.4456282284283,
              26.149812843819685
            ],
            [
              85.4460362189758,
              26.14859376224266
            ],
            [
              85.44632075135893,
              26.14825942197009
            ],
            [
              85.44748492125474,
              26.147725266602826
            ],
            [
              85.44772976517025,
              26.147612142382897
            ],
            [
              85.4491398488751,
              26.147592087630787
            ],
            [
              85.45089441493185,
              26.14724220704876
            ],
            [
              85.45103246173652,
              26.14611824261174
            ],
            [
              85.45113689987146,
              26.145766065027768
            ],
            [
              85.45152150906878,
              26.14554439463101
            ],
            [
              85.45242113140161,
              26.145249768870574
            ],
            [
              85.45403582976863,
              26.145030856997696
            ],
            [
              85.45518072720834,
              26.14491645201934
            ],
            [
              85.45550554903195,
              26.144789655745512
            ],
            [
              85.45605463975778,
              26.144305933271976
            ],
            [
              85.45695317872242,
              26.14340208164698
            ],
            [
              85.45899546528318,
              26.141833045990175
            ],
            [
              85.45938013017606,
              26.141665481626244
            ],
            [
              85.45971016492325,
              26.14166507196271
            ],
            [
              85.45995534480868,
              26.14175499710752
            ],
            [
              85.46020093522418,
              26.142070538974348
            ],
            [
              85.46093845925897,
              26.143459473995872
            ],
            [
              85.46282350920403,
              26.14616903490996
            ],
            [
              85.4629893040695,
              26.14664717831484
            ],
            [
              85.46282519803673,
              26.147152887695388
            ],
            [
              85.46196681915521,
              26.1480747909295
            ],
            [
              85.4614380240666,
              26.148788610847653
            ],
            [
              85.46135909808572,
              26.14937547705931
            ],
            [
              85.46139977919167,
              26.14974541369512
            ],
            [
              85.46238135662453,
              26.15057437124451
            ],
            [
              85.46338269879028,
              26.151236374630113
            ],
            [
              85.46567486701869,
              26.152284454108102
            ],
            [
              85.46684063142416,
              26.152585058925983
            ],
            [
              85.46772120767636,
              26.15284556817585
            ],
            [
              85.46831125529093,
              26.15284459330225
            ],
            [
              85.46962031535725,
              26.15221534739446
            ],
            [
              85.47055921562762,
              26.151586545620823
            ],
            [
              85.47133403142476,
              26.151418442098315
            ],
            [
              85.47341903916552,
              26.151311444132126
            ],
            [
              85.47498853520572,
              26.150974965921716
            ],
            [
              85.47639767657785,
              26.15040410278951
            ],
            [
              85.47758138213618,
              26.149698266933996
            ],
            [
              85.48037752590022,
              26.14759976036807
            ],
            [
              85.48082803730341,
              26.147838202019823
            ],
            [
              85.48195416444528,
              26.148314812918674
            ],
            [
              85.48506165799863,
              26.14941543999406
            ],
            [
              85.4856319750163,
              26.149581532897137
            ],
            [
              85.48612198803748,
              26.149562649332292
            ],
            [
              85.48628674175552,
              26.14939538635821
            ],
            [
              85.48655022481488,
              26.148627747778555
            ],
            [
              85.48681202802467,
              26.147079328300116
            ],
            [
              85.48678915332428,
              26.145639696260787
            ],
            [
              85.48672628383079,
              26.144209200794112
            ],
            [
              85.48660239806826,
              26.14229137406567
            ],
            [
              85.48653578439671,
              26.141497132369803
            ],
            [
              85.48608324998749,
              26.140207191279586
            ],
            [
              85.48606263634666,
              26.13991388024907
            ],
            [
              85.48618729555864,
              26.1397466437699
            ],
            [
              85.48645199493687,
              26.13962438132244
            ],
            [
              85.48755554561902,
              26.138886937858924
            ],
            [
              85.48775968686903,
              26.13845335271463
            ],
            [
              85.48796381284767,
              26.138019744186067
            ],
            [
              85.48832513322124,
              26.13620939866337
            ],
            [
              85.48860898288471,
              26.13564033835041
            ],
            [
              85.48895817330701,
              26.13523357962569
            ],
            [
              85.48948770591248,
              26.13501159164219
            ],
            [
              85.48987753162665,
              26.13493417127901
            ],
            [
              85.49028763141848,
              26.134969635826387
            ],
            [
              85.49071306635051,
              26.135190060952706
            ],
            [
              85.49087852794104,
              26.135419910041726
            ],
            [
              85.49115201733433,
              26.137116417281327
            ],
            [
              85.49142021834554,
              26.13870447987809
            ],
            [
              85.49193139118326,
              26.1392542158372
            ],
            [
              85.49260716233046,
              26.13960510824977
            ],
            [
              85.49366713573815,
              26.139585282763427
            ],
            [
              85.4946065049291,
              26.13928587912382
            ],
            [
              85.49507600492076,
              26.139045824052495
            ],
            [
              85.4960536665973,
              26.137938533082913
            ],
            [
              85.496382016105,
              26.13712558990826
            ],
            [
              85.49653941801076,
              26.13590679599521
            ],
            [
              85.49698071180083,
              26.13177655675328
            ],
            [
              85.49693993277847,
              26.131406625274607
            ],
            [
              85.49669464958679,
              26.13126263112318
            ],
            [
              85.49261000639665,
              26.131305586712624
            ],
            [
              85.49195467910869,
              26.13115779383649
            ],
            [
              85.49146350636246,
              26.130567397122057
            ],
            [
              85.4903976992953,
              26.130126933868155
            ],
            [
              85.48729046984667,
              26.128954135698496
            ],
            [
              85.4868394598785,
              26.128435868273435
            ],
            [
              85.48683716558124,
              26.127257951861612
            ],
            [
              85.48732544575226,
              26.12644483029585
            ],
            [
              85.48805960379966,
              26.126073597931963
            ],
            [
              85.48916434205461,
              26.125999566339203
            ],
            [
              85.4903093733433,
              26.126069837879886
            ],
            [
              85.49211134978579,
              26.127100269095365
            ],
            [
              85.4969375755992,
              26.130264798383866
            ],
            [
              85.49750752969751,
              26.130263773318525
            ],
            [
              85.49772703573214,
              26.130165999301454
            ],
            [
              85.49975522682779,
              26.129262575351373
            ],
            [
              85.50000001504775,
              26.129192722697226
            ],
            [
              85.50078953626613,
              26.12896742217773
            ],
            [
              85.50172995199436,
              26.129186874689942
            ],
            [
              85.50230490431892,
              26.12918593187919
            ],
            [
              85.50553493256858,
              26.12928850706292
            ],
            [
              85.50871848288374,
              26.128727798348752
            ],
            [
              85.512316384717,
              26.127913395777046
            ],
            [
              85.51238628442587,
              26.127890765650786
            ],
            [
              85.51354035995287,
              26.127491500754857
            ],
            [
              85.51415451116316,
              26.127124752768573
            ],
            [
              85.51451831897175,
              26.12664118939276
            ],
            [
              85.51468228486729,
              26.126198657905405
            ],
            [
              85.5147611955768,
              26.125702056292194
            ],
            [
              85.514475421722,
              26.125332499165115
            ],
            [
              85.51345444507906,
              26.124837947322078
            ],
            [
              85.5116928470103,
              26.12406492731539
            ],
            [
              85.51014221379438,
              26.123697696740944
            ],
            [
              85.5097720468119,
              26.123589986995714
            ],
            [
              85.50952643573513,
              26.123292561146243
            ],
            [
              85.5086216849203,
              26.12107832089175
            ],
            [
              85.50775720288473,
              26.118994853255717
            ],
            [
              85.50762876985024,
              26.117442544255432
            ],
            [
              85.5077491539798,
              26.1153393023796
            ],
            [
              85.5081563028059,
              26.11408394074394
            ],
            [
              85.50925177943027,
              26.112127803001314
            ],
            [
              85.50974255332449,
              26.110244935260276
            ],
            [
              85.5101512768973,
              26.1097161492867
            ],
            [
              85.5109257486397,
              26.10956588738428
            ],
            [
              85.51280619561723,
              26.10996858691199
            ],
            [
              85.51530248802766,
              26.110776383165852
            ],
            [
              85.51595711462973,
              26.11070297025261
            ],
            [
              85.51652591888445,
              26.110219049334066
            ],
            [
              85.51652470436218,
              26.109704558606026
            ],
            [
              85.51578697012165,
              26.108374575825
            ],
            [
              85.51415037981116,
              26.107493039095555
            ],
            [
              85.51296539505186,
              26.107386889017572
            ],
            [
              85.51149071798653,
              26.107348872694693
            ],
            [
              85.5103053658163,
              26.107057671671953
            ],
            [
              85.50666841331936,
              26.105737424355983
            ],
            [
              85.50552202467625,
              26.10496314382103
            ],
            [
              85.50499109159725,
              26.104445070079752
            ],
            [
              85.50474469359628,
              26.103782081901112
            ],
            [
              85.50494876837097,
              26.10337560673646
            ],
            [
              85.50678140161914,
              26.1025238800177
            ],
            [
              85.50686101930279,
              26.102365761337726
            ],
            [
              85.5067203952316,
              26.102054583751357
            ],
            [
              85.50602333670709,
              26.101022411071114
            ],
            [
              85.5057371765767,
              26.10046780340227
            ],
            [
              85.50563073160541,
              26.099768480892838
            ],
            [
              85.50581420711231,
              26.09908663578652
            ],
            [
              85.5063623833532,
              26.09834100475519
            ],
            [
              85.50671148843554,
              26.098006463368307
            ],
            [
              85.50695630629991,
              26.0979337426757
            ],
            [
              85.5073864052849,
              26.09806392319513
            ],
            [
              85.50781684203646,
              26.09833844502201
            ],
            [
              85.50861189687696,
              26.098485930093187
            ],
            [
              85.50975733689913,
              26.098813353224322
            ],
            [
              85.51086250275216,
              26.09909118809719
            ],
            [
              85.51129240410778,
              26.099108404268303
            ],
            [
              85.511716702671,
              26.09884585516519
            ],
            [
              85.51206569097234,
              26.098457171244952
            ],
            [
              85.50977134073608,
              26.09610097316353
            ],
            [
              85.50960487123585,
              26.095433323917327
            ],
            [
              85.50972898427214,
              26.095026902024532
            ],
            [
              85.5105419685874,
              26.09428985073043
            ],
            [
              85.51115584042165,
              26.093882508392337
            ],
            [
              85.51163999013899,
              26.091336248608034
            ],
            [
              85.51155762271226,
              26.090226211074125
            ],
            [
              85.51106579778917,
              26.08930638788955
            ],
            [
              85.51065483561466,
              26.08882432117971
            ],
            [
              85.51016495195088,
              26.08878906207618
            ],
            [
              85.50934615823066,
              26.08916064681304
            ],
            [
              85.50657097036553,
              26.09086248471436
            ],
            [
              85.50624190400225,
              26.09123314798678
            ],
            [
              85.50604298915056,
              26.091675811847274
            ],
            [
              85.50661874906056,
              26.09440512090994
            ],
            [
              85.50645419836177,
              26.09462663421445
            ],
            [
              85.50608974915603,
              26.094776120666875
            ],
            [
              85.50502579172007,
              26.09510754111954
            ],
            [
              85.50396191782737,
              26.09544337109912
            ],
            [
              85.50298227806059,
              26.095445070907274
            ],
            [
              85.50224702586516,
              26.095225203298504
            ],
            [
              85.50183649308536,
              26.094896476907756
            ],
            [
              85.50072915959758,
              26.09360311540311
            ],
            [
              85.5000000231326,
              26.09247424127426
            ],
            [
              85.49982656024787,
              26.092205674137677
            ],
            [
              85.4996195300159,
              26.09124475179302
            ],
            [
              85.49945752873589,
              26.09024762460839
            ],
            [
              85.4990455604483,
              26.089250934271984
            ],
            [
              85.49883698241909,
              26.087518300047385
            ],
            [
              85.49899898819068,
              26.08614149362987
            ],
            [
              85.49915562742679,
              26.084588758967524
            ],
            [
              85.499319592424,
              26.084146228854117
            ],
            [
              85.49968826371156,
              26.083590423726122
            ],
            [
              85.4999999997764,
              26.083350514858235
            ],
            [
              85.50021720342896,
              26.08318335476859
            ],
            [
              85.50209506056349,
              26.0825888550617
            ],
            [
              85.50434339909087,
              26.082291601655403
            ],
            [
              85.50720547290858,
              26.08157345667621
            ],
            [
              85.50994211406487,
              26.08064333871633
            ],
            [
              85.5121888616759,
              26.079682523140647
            ],
            [
              85.51435463604552,
              26.07827498720453
            ],
            [
              85.51561626686147,
              26.077054160373326
            ],
            [
              85.51675685867599,
              26.075391274001763
            ],
            [
              85.51789107784195,
              26.073114533866715
            ],
            [
              85.51829479510369,
              26.070455601324994
            ],
            [
              85.51829267867288,
              26.069530427003695
            ],
            [
              85.51800593912914,
              26.068682437725574
            ],
            [
              85.51738971191223,
              26.067984113876403
            ],
            [
              85.51661387742553,
              26.06739426805857
            ],
            [
              85.51599894917248,
              26.06728262105491
            ],
            [
              85.51518013119777,
              26.06758197832278
            ],
            [
              85.51436686391315,
              26.068134036209763
            ],
            [
              85.51371495201991,
              26.069353837650226
            ],
            [
              85.5123320198945,
              26.072163467646117
            ],
            [
              85.51192395209183,
              26.07290437083324
            ],
            [
              85.51090612314572,
              26.07364178274517
            ],
            [
              85.50800471120341,
              26.074572224219732
            ],
            [
              85.50743517482171,
              26.07464545970051
            ],
            [
              85.50698513503403,
              26.074537896005307
            ],
            [
              85.50620381633252,
              26.073726965666772
            ],
            [
              85.50575195206649,
              26.07275295619395
            ],
            [
              85.50542447122966,
              26.07149891108139
            ],
            [
              85.50558173838814,
              26.07031613314697
            ],
            [
              85.50615436227947,
              26.069353911887184
            ],
            [
              85.50790494520625,
              26.06779824890755
            ],
            [
              85.50958093203185,
              26.066432273752387
            ],
            [
              85.51006876574014,
              26.065600999780564
            ],
            [
              85.51006734730032,
              26.064937630933173
            ],
            [
              85.50978087275958,
              26.064202489061916
            ],
            [
              85.50887980234246,
              26.063463928313514
            ],
            [
              85.50736427888114,
              26.06276262388164
            ],
            [
              85.5055698806264,
              26.062508552778016
            ],
            [
              85.50519979718723,
              26.062400923061375
            ],
            [
              85.5051991027895,
              26.062066935821
            ],
            [
              85.50564709262171,
              26.0612898340301
            ],
            [
              85.50670960736335,
              26.060439561850743
            ],
            [
              85.50838206470817,
              26.059773134337952
            ],
            [
              85.51040530608661,
              26.059607000167276
            ],
            [
              85.51039382921053,
              26.05892557072461
            ],
            [
              85.5100034950499,
              26.05863739083992
            ],
            [
              85.50953801501915,
              26.05831329071657
            ],
            [
              85.5092819897733,
              26.05776773699043
            ],
            [
              85.50885679109815,
              26.057542837149253
            ],
            [
              85.50810219727634,
              26.05747641823674
            ],
            [
              85.50688874221078,
              26.057803579215275
            ],
            [
              85.50628392988617,
              26.057705346766475
            ],
            [
              85.50538586433369,
              26.056005496349993
            ],
            [
              85.50427187882123,
              26.053814081996578
            ],
            [
              85.50346344716779,
              26.054257836400257
            ],
            [
              85.50310460973766,
              26.054678166861006
            ],
            [
              85.50238602308738,
              26.055139733791457
            ],
            [
              85.50228302585018,
              26.056024525764883
            ],
            [
              85.5017182694041,
              26.055930661814376
            ],
            [
              85.50151598227684,
              26.057140539052217
            ],
            [
              85.5000000177427,
              26.057312245062413
            ],
            [
              85.49989745439176,
              26.057323861914885
            ],
            [
              85.49892135758047,
              26.05649066799128
            ],
            [
              85.49794236999057,
              26.056677375665725
            ],
            [
              85.49772827361058,
              26.05645245194245
            ],
            [
              85.49701599493021,
              26.05570413472874
            ],
            [
              85.4958363308924,
              26.055475971378186
            ],
            [
              85.49542353884966,
              26.053987372236737
            ],
            [
              85.49470376821982,
              26.05384867937646
            ],
            [
              85.49285111601553,
              26.054366275781412
            ],
            [
              85.49218435227567,
              26.053252667667056
            ],
            [
              85.49166663700777,
              26.051764257379975
            ],
            [
              85.49099580300137,
              26.051115440371614
            ],
            [
              85.49032373920134,
              26.049866395779155
            ],
            [
              85.49035133544687,
              26.048711015602855
            ],
            [
              85.48981654769696,
              26.048585582246858
            ],
            [
              85.48963604022376,
              26.048292540982576
            ],
            [
              85.48970498771845,
              26.047809529830726
            ],
            [
              85.48998823191742,
              26.04703274267945
            ],
            [
              85.48963390223341,
              26.04722741834387
            ],
            [
              85.48608473310604,
              26.047476412995664
            ],
            [
              85.48622756433785,
              26.047365199781176
            ],
            [
              85.48644170293869,
              26.047053386090564
            ],
            [
              85.48658099480832,
              26.04676436912617
            ],
            [
              85.48660502833543,
              26.046272351905277
            ],
            [
              85.48658927368197,
              26.045902341288407
            ],
            [
              85.48656800067775,
              26.045238926294925
            ],
            [
              85.48651725484734,
              26.04483737207192
            ],
            [
              85.48643156994227,
              26.044476449653107
            ],
            [
              85.48627595478561,
              26.044124618070395
            ],
            [
              85.48607057655546,
              26.043840639868108
            ],
            [
              85.48599513603789,
              26.04360613302002
            ],
            [
              85.48602968793865,
              26.04340292431118
            ],
            [
              85.48613925635219,
              26.043195142202823
            ],
            [
              85.48634881713828,
              26.04307747212972
            ],
            [
              85.48653363203326,
              26.04305006932717
            ],
            [
              85.48710826186264,
              26.043116845890886
            ],
            [
              85.48745802271515,
              26.043111810369812
            ],
            [
              85.4879923559175,
              26.04299808130527
            ],
            [
              85.48850623537915,
              26.042667794236657
            ],
            [
              85.48874042168212,
              26.042365030273135
            ],
            [
              85.48888483394889,
              26.042107500061594
            ],
            [
              85.4890003438197,
              26.041506701381383
            ],
            [
              85.48911223527656,
              26.040924728095096
            ],
            [
              85.48940053160068,
              26.04021570020633
            ],
            [
              85.48961445011426,
              26.039750414189573
            ],
            [
              85.48967859970698,
              26.039371234983822
            ],
            [
              85.48968282897535,
              26.038992140108054
            ],
            [
              85.48958112800709,
              26.038080672789295
            ],
            [
              85.48930504427925,
              26.037435709223402
            ],
            [
              85.48898923615123,
              26.036935306963468
            ],
            [
              85.48891408039962,
              26.03684670808355
            ],
            [
              85.48866495870669,
              26.03655302485347
            ],
            [
              85.48806788357165,
              26.035849137125386
            ],
            [
              85.48739676210432,
              26.035042412299436
            ],
            [
              85.48696584116087,
              26.0343796929839
            ],
            [
              85.48687554161017,
              26.03418575633858
            ],
            [
              85.48658375533117,
              26.033157236749215
            ],
            [
              85.48639588706256,
              26.031641155385632
            ],
            [
              85.48586148199497,
              26.02921843808491
            ],
            [
              85.4858608361063,
              26.029216344209384
            ],
            [
              85.48559495813838,
              26.028352352600976
            ],
            [
              85.48542516038,
              26.027968605688752
            ],
            [
              85.48525376092547,
              26.027581237181153
            ],
            [
              85.48491784939971,
              26.026963409347356
            ],
            [
              85.48442280940621,
              26.026030478988062
            ],
            [
              85.4839200870204,
              26.025083054699223
            ],
            [
              85.48347898367318,
              26.024343621068603
            ],
            [
              85.481851551687,
              26.02482916185919
            ],
            [
              85.48203796558317,
              26.025641266839813
            ],
            [
              85.48228798379475,
              26.025753633997258
            ],
            [
              85.48101468835486,
              26.026008416816907
            ],
            [
              85.48113274584779,
              26.027641956366704
            ],
            [
              85.47969887565255,
              26.027270738304793
            ],
            [
              85.47830890882017,
              26.026910871746065
            ],
            [
              85.4785860094409,
              26.025529333861737
            ],
            [
              85.4780547880027,
              26.024632119345238
            ],
            [
              85.47693641601668,
              26.024913648103805
            ],
            [
              85.47671651831661,
              26.022269285855458
            ],
            [
              85.47660531317263,
              26.021615095655076
            ],
            [
              85.47479592023915,
              26.021887441111396
            ],
            [
              85.47302991323893,
              26.022153230273968
            ],
            [
              85.47216081386281,
              26.022181626837277
            ],
            [
              85.47214291942237,
              26.0221804111219
            ],
            [
              85.47214018405231,
              26.022180223840373
            ],
            [
              85.47138145528524,
              26.022128611625817
            ],
            [
              85.47137809109451,
              26.023026752623448
            ],
            [
              85.47135633389834,
              26.023036789871295
            ],
            [
              85.46929688861731,
              26.023986766207976
            ],
            [
              85.46698046228296,
              26.024676220791303
            ],
            [
              85.46550221800761,
              26.02457244881034
            ],
            [
              85.46435735919543,
              26.024724079071248
            ],
            [
              85.46318891870874,
              26.024965004009214
            ],
            [
              85.46042723072573,
              26.025312101371814
            ],
            [
              85.45942848109789,
              26.025484998640994
            ],
            [
              85.45900008891194,
              26.02617613796996
            ],
            [
              85.45886105216384,
              26.026650175598718
            ],
            [
              85.45800274604586,
              26.027165971709476
            ],
            [
              85.4571438721926,
              26.027343164653125
            ],
            [
              85.45623953729776,
              26.027258726976136
            ],
            [
              85.45564058827702,
              26.02753038692775
            ],
            [
              85.45602740194006,
              26.028775481677187
            ],
            [
              85.4558846371835,
              26.0299851621013
            ],
            [
              85.45536070916711,
              26.03028374690285
            ],
            [
              85.45297802938559,
              26.030372914966993
            ],
            [
              85.45231353928172,
              26.030333184184403
            ],
            [
              85.45221941290795,
              26.030807209053457
            ],
            [
              85.45245513892334,
              26.03132134507438
            ],
            [
              85.45226709817817,
              26.032355191184624
            ],
            [
              85.45183770167573,
              26.032527273319623
            ],
            [
              85.45060357457886,
              26.032402594312867
            ],
            [
              85.44978960571001,
              26.03257522687267
            ],
            [
              85.4494610028774,
              26.033221046131843
            ],
            [
              85.44993670483778,
              26.03386581413194
            ],
            [
              85.45158053556948,
              26.03401244570765
            ],
            [
              85.45177175635075,
              26.034869609023982
            ],
            [
              85.45200759196058,
              26.035428944977824
            ],
            [
              85.4519150421301,
              26.036850723639866
            ],
            [
              85.45116090285583,
              26.0398665459904
            ],
            [
              85.45068343480759,
              26.041157973131817
            ],
            [
              85.44973594215156,
              26.042192761601818
            ],
            [
              85.44873226077283,
              26.042451378801164
            ],
            [
              85.44720842789512,
              26.042453441770295
            ],
            [
              85.44663825101462,
              26.04206615983889
            ],
            [
              85.44491915583518,
              26.041770564715062
            ],
            [
              85.44354096322124,
              26.04215601790339
            ],
            [
              85.44220839514226,
              26.04301979968293
            ],
            [
              85.4401607276729,
              26.043455841934513
            ],
            [
              85.43870617107329,
              26.042997383159722
            ],
            [
              85.43846472009459,
              26.04195516506219
            ],
            [
              85.43733476523131,
              26.041410522297166
            ],
            [
              85.43614022778732,
              26.041069098179268
            ],
            [
              85.43597943114807,
              26.04047803372039
            ],
            [
              85.43632136587784,
              26.038744592386287
            ],
            [
              85.43642308840568,
              26.03668192325492
            ],
            [
              85.43590755155232,
              26.03610046439518
            ],
            [
              85.43569692177103,
              26.03555459096922
            ],
            [
              85.43538167329342,
              26.03524814333615
            ],
            [
              85.43433263328104,
              26.035272010996238
            ],
            [
              85.43338846169658,
              26.035250696376927
            ],
            [
              85.43275794497845,
              26.034565426921343
            ],
            [
              85.43251672486679,
              26.033663126119013
            ],
            [
              85.43081287230112,
              26.033403487840346
            ],
            [
              85.42439012822541,
              26.034471989728488
            ],
            [
              85.42445266624054,
              26.036218490965947
            ],
            [
              85.42477022338846,
              26.03818581787019
            ],
            [
              85.42495679987971,
              26.03932295005751
            ],
            [
              85.42469341204178,
              26.04027549918827
            ],
            [
              85.42356488280484,
              26.040606332152397
            ],
            [
              85.4228061621226,
              26.04105852331936
            ],
            [
              85.42199173421466,
              26.04101439494014
            ],
            [
              85.42010350603015,
              26.04113400416568
            ],
            [
              85.41799970912693,
              26.040829575996767
            ],
            [
              85.41738555612,
              26.04105143520866
            ],
            [
              85.41648909316199,
              26.04301565277982
            ],
            [
              85.41634340798247,
              26.045989959175824
            ],
            [
              85.41522152538036,
              26.047615923697517
            ],
            [
              85.41417449669588,
              26.049174190296405
            ],
            [
              85.41462643462376,
              26.050798420686554
            ],
            [
              85.41515166609564,
              26.0512039477649
            ],
            [
              85.41635095832245,
              26.051337945932932
            ],
            [
              85.41635548313653,
              26.054551349386603
            ],
            [
              85.41501096476934,
              26.054205310219306
            ],
            [
              85.41299125197332,
              26.053395318116014
            ],
            [
              85.41036724518062,
              26.052721257929015
            ],
            [
              85.40714843688886,
              26.051912381394267
            ],
            [
              85.40475001143707,
              26.051779653363518
            ],
            [
              85.40287653628448,
              26.051917039648142
            ],
            [
              85.40370335375682,
              26.053743914734174
            ],
            [
              85.40452957115453,
              26.055160203879346
            ],
            [
              85.40520513119766,
              26.055904131172504
            ],
            [
              85.4055807240045,
              26.056580660260774
            ],
            [
              85.4058813919267,
              26.057189634137977
            ],
            [
              85.4061075904102,
              26.05820479204193
            ],
            [
              85.40670846182566,
              26.059219661931227
            ],
            [
              85.40595945103333,
              26.05955892128862
            ],
            [
              85.40596070418313,
              26.060502149943872
            ],
            [
              85.40611174871162,
              26.061382094256913
            ],
            [
              85.40641424201054,
              26.06341262881009
            ],
            [
              85.4040159908319,
              26.063550631694007
            ],
            [
              85.40281620273504,
              26.063145705763485
            ],
            [
              85.40124810896496,
              26.063891970959233
            ],
            [
              85.39974923398081,
              26.064028946825523
            ],
            [
              85.39780040005736,
              26.063963300623136
            ],
            [
              85.39802828108536,
              26.066395607050225
            ],
            [
              85.3982549583709,
              26.06781701980208
            ],
            [
              85.39743112869522,
              26.06835491495965
            ],
            [
              85.39743711866153,
              26.06914468862712
            ],
            [
              85.39663275188475,
              26.069271862297036
            ],
            [
              85.39533813493159,
              26.069015895319616
            ],
            [
              85.39406418731478,
              26.069288003998246
            ],
            [
              85.39301981405029,
              26.069289052192033
            ],
            [
              85.39241991012041,
              26.069086548887768
            ],
            [
              85.39122035558555,
              26.068884614923387
            ],
            [
              85.39032119229181,
              26.069156255890796
            ],
            [
              85.38837264313429,
              26.0693612322939
            ],
            [
              85.38582982338204,
              26.070040662814293
            ],
            [
              85.38358113361335,
              26.07004273013928
            ],
            [
              85.38268087078173,
              26.069298928129697
            ],
            [
              85.38290345624112,
              26.067272338250714
            ],
            [
              85.38290024925556,
              26.06442903683701
            ],
            [
              85.38312473734673,
              26.064090325789714
            ],
            [
              85.38432364509463,
              26.063818501190543
            ],
            [
              85.38446995999313,
              26.06064108993587
            ],
            [
              85.38057288323768,
              26.060983122805396
            ],
            [
              85.37997503195822,
              26.062603877722882
            ],
            [
              85.37907669780947,
              26.063620113621276
            ],
            [
              85.37818403292849,
              26.06524568586895
            ],
            [
              85.37743696519213,
              26.06748028021336
            ],
            [
              85.3769140828147,
              26.069236424622154
            ],
            [
              85.37548990993294,
              26.069169897756076
            ],
            [
              85.37489004283397,
              26.06903508400634
            ],
            [
              85.37346364392694,
              26.06687449882406
            ],
            [
              85.37241429669072,
              26.06687539614159
            ],
            [
              85.37174050902367,
              26.067688308955763
            ],
            [
              85.37084773185325,
              26.069309230929097
            ],
            [
              85.36874964194702,
              26.069987976677098
            ],
            [
              85.3675507485722,
              26.070395098779517
            ],
            [
              85.36687680729324,
              26.0710726633712
            ],
            [
              85.36627809363111,
              26.072088627294065
            ],
            [
              85.36652660716457,
              26.07578008134099
            ],
            [
              85.36651138611039,
              26.080613674235877
            ],
            [
              85.36299389517319,
              26.081424297070548
            ],
            [
              85.35962170493654,
              26.082713157140336
            ],
            [
              85.35931892238017,
              26.07953166189293
            ],
            [
              85.35961365692991,
              26.07407958061895
            ],
            [
              85.36028695591348,
              26.072589732365223
            ],
            [
              85.3617808793838,
              26.072385461197335
            ],
            [
              85.36147845974675,
              26.069614706743376
            ],
            [
              85.36177509782661,
              26.066297314022325
            ],
            [
              85.36229758494534,
              26.063927554697088
            ],
            [
              85.35982944663421,
              26.064267881745366
            ],
            [
              85.3590799839893,
              26.064403837985072
            ],
            [
              85.35743103016557,
              26.0643374148925
            ],
            [
              85.35713184805681,
              26.065113825082797
            ],
            [
              85.35683208294147,
              26.06511408895621
            ],
            [
              85.35653250826894,
              26.06538509633589
            ],
            [
              85.35526369542228,
              26.065859889721512
            ],
            [
              85.35481351190417,
              26.065386322900647
            ],
            [
              85.35316482308345,
              26.065726017905043
            ],
            [
              85.35196573477421,
              26.06592993998343
            ],
            [
              85.34971748518004,
              26.06633767817248
            ],
            [
              85.34807394370588,
              26.066880412082053
            ],
            [
              85.3461249031699,
              26.066678612300944
            ],
            [
              85.34522531856629,
              26.06647616984554
            ],
            [
              85.34515004693203,
              26.066070000841258
            ],
            [
              85.34589873522914,
              26.065054038772757
            ],
            [
              85.3445491952795,
              26.064581077945682
            ],
            [
              85.3423007741071,
              26.06478562902111
            ],
            [
              85.34185251028877,
              26.06661375031731
            ],
            [
              85.34065979462815,
              26.068713074349052
            ],
            [
              85.34021164759079,
              26.07081192824565
            ],
            [
              85.34051302158882,
              26.07277491435467
            ],
            [
              85.34148442290613,
              26.075346847901315
            ],
            [
              85.34118521115298,
              26.07615939691072
            ],
            [
              85.3414119279644,
              26.07852861260586
            ],
            [
              85.34165842927163,
              26.080577424272487
            ],
            [
              85.34028944708429,
              26.081006997074063
            ],
            [
              85.33716677379928,
              26.082110160683968
            ],
            [
              85.33449828243371,
              26.0824908023468
            ],
            [
              85.32978154508376,
              26.08397375616868
            ],
            [
              85.3280274398628,
              26.08412814395511
            ],
            [
              85.3268079319488,
              26.08406117130984
            ],
            [
              85.32497857665311,
              26.08378679913093
            ],
            [
              85.32444321937133,
              26.082789668101537
            ],
            [
              85.32284390914513,
              26.08268665596311
            ],
            [
              85.32181783995287,
              26.080281743145658
            ],
            [
              85.32135657481743,
              26.077804247011155
            ],
            [
              85.32337560758876,
              26.077780634106478
            ],
            [
              85.32249893900804,
              26.074445972930846
            ],
            [
              85.32181379394083,
              26.073480453130482
            ],
            [
              85.3202492862454,
              26.073034412976494
            ],
            [
              85.31831019095794,
              26.072588613193734
            ],
            [
              85.31762527765606,
              26.072142099217533
            ],
            [
              85.3169751228675,
              26.07133453485169
            ],
            [
              85.31605901644917,
              26.068270539902496
            ],
            [
              85.31541340174606,
              26.066551330105685
            ],
            [
              85.31396220933716,
              26.062751950107796
            ],
            [
              85.30752675859179,
              26.063648229811175
            ],
            [
              85.30425419601177,
              26.064543105008752
            ],
            [
              85.30517016229288,
              26.067882521017484
            ],
            [
              85.30551115468991,
              26.0702562720284
            ],
            [
              85.30464177144614,
              26.07049574294724
            ],
            [
              85.30342240187275,
              26.070428494606936
            ],
            [
              85.3022428618024,
              26.070018250652634
            ],
            [
              85.2986999054235,
              26.06994728617583
            ],
            [
              85.29561686401223,
              26.0703951181455
            ],
            [
              85.2945128497994,
              26.071257453180696
            ],
            [
              85.29336838983923,
              26.071221736915692
            ],
            [
              85.29233869863975,
              26.070242656111027
            ],
            [
              85.29195847681427,
              26.069105467243045
            ],
            [
              85.29145851584964,
              26.068419654132683
            ],
            [
              85.29111895536718,
              26.069141778856928
            ],
            [
              85.29070446461024,
              26.069724122809195
            ],
            [
              85.28864612695199,
              26.07127268522072
            ],
            [
              85.28613262102408,
              26.071688490018804
            ],
            [
              85.28266972429994,
              26.07223998308155
            ],
            [
              85.28266538364049,
              26.07452355035255
            ],
            [
              85.28284567821298,
              26.075904578652256
            ],
            [
              85.28312059323264,
              26.075990269067308
            ],
            [
              85.28313555916529,
              26.07599473432694
            ],
            [
              85.28362026044816,
              26.075994606840318
            ],
            [
              85.2840902051059,
              26.076409701765325
            ],
            [
              85.2853445972973,
              26.07653133400545
            ],
            [
              85.28772334874603,
              26.07670671190867
            ],
            [
              85.28930745318944,
              26.076530278614655
            ],
            [
              85.29287525157919,
              26.075572509950213
            ],
            [
              85.29334020609551,
              26.076109448838288
            ],
            [
              85.29254687063045,
              26.079449373344236
            ],
            [
              85.29420169404625,
              26.081240539927137
            ],
            [
              85.29525770229029,
              26.08518012614546
            ],
            [
              85.29585329790005,
              26.087386876617977
            ],
            [
              85.2977024960821,
              26.087205780788164
            ],
            [
              85.29843228202903,
              26.08756201800089
            ],
            [
              85.29909255364433,
              26.08893380239132
            ],
            [
              85.30028393800168,
              26.0932298812387
            ],
            [
              85.300150056685,
              26.095856594787556
            ],
            [
              85.29791128970697,
              26.096759971215015
            ],
            [
              85.29810149359534,
              26.097639928609738
            ],
            [
              85.29823720208528,
              26.099318767910546
            ],
            [
              85.29836792133219,
              26.101227730987784
            ],
            [
              85.29812332175841,
              26.102157528822787
            ],
            [
              85.29801879379194,
              26.10323621005454
            ],
            [
              85.29804118070714,
              26.10341704470972
            ],
            [
              85.29604953128063,
              26.10342634663243
            ],
            [
              85.29577960909731,
              26.103467086802635
            ],
            [
              85.29564964263865,
              26.1036024957553
            ],
            [
              85.29475625461384,
              26.107208757980185
            ],
            [
              85.29408734390047,
              26.10966404888977
            ],
            [
              85.29402257896174,
              26.110128920836097
            ],
            [
              85.29401281157965,
              26.110697606916066
            ],
            [
              85.29414824338852,
              26.11198382138759
            ],
            [
              85.29580797699566,
              26.11210966435099
            ],
            [
              85.29635283755482,
              26.112235879034227
            ],
            [
              85.29653287700577,
              26.11241626983815
            ],
            [
              85.29681306783107,
              26.113025467068514
            ],
            [
              85.29714844485926,
              26.114004694046617
            ],
            [
              85.29736374588003,
              26.11491628513021
            ],
            [
              85.29741873265691,
              26.11502460863334
            ],
            [
              85.29753879878284,
              26.115096754878074
            ],
            [
              85.29975848374761,
              26.11551119161854
            ],
            [
              85.29986855431936,
              26.115556334058372
            ],
            [
              85.30003853713069,
              26.11570070328075
            ],
            [
              85.30017360422354,
              26.115944295691595
            ],
            [
              85.30036383865465,
              26.11650839539366
            ],
            [
              85.30052911159892,
              26.117271078091875
            ],
            [
              85.3009551313342,
              26.119838856391834
            ],
            [
              85.30103575243602,
              26.121337176009387
            ],
            [
              85.30476002207689,
              26.120731067707975
            ],
            [
              85.30601478078091,
              26.120581612824346
            ],
            [
              85.30655464670708,
              26.12057236388717
            ],
            [
              85.30695962520349,
              26.120676053246964
            ],
            [
              85.30705971728908,
              26.120748225039275
            ],
            [
              85.30713473919171,
              26.120874551378737
            ],
            [
              85.30727001918528,
              26.121447689834444
            ],
            [
              85.30750074427948,
              26.123144434704315
            ],
            [
              85.30759080577661,
              26.123198630159575
            ],
            [
              85.30800071961718,
              26.123144270974212
            ],
            [
              85.3090354683317,
              26.12286852174649
            ],
            [
              85.31006008494813,
              26.122394270202676
            ],
            [
              85.31015002517269,
              26.122394246005964
            ],
            [
              85.31024508309945,
              26.12244836115349
            ],
            [
              85.31066533205734,
              26.123098053104865
            ],
            [
              85.3108053713253,
              26.123179267268544
            ],
            [
              85.31103035708315,
              26.123138467831044
            ],
            [
              85.3123249066627,
              26.122569308345074
            ],
            [
              85.31248487595352,
              26.122546645727905
            ],
            [
              85.31268989126428,
              26.122591675758343
            ],
            [
              85.3128249080515,
              26.1227406272003
            ],
            [
              85.31310101962713,
              26.124938350279418
            ],
            [
              85.31332677973275,
              26.12638246781256
            ],
            [
              85.31331699707933,
              26.126680325353238
            ],
            [
              85.31419176841814,
              26.12646329175244
            ],
            [
              85.31659123771232,
              26.12598377120607
            ],
            [
              85.31701125670149,
              26.126019719971033
            ],
            [
              85.31761138521021,
              26.126412043257872
            ],
            [
              85.3185363067964,
              26.12641163112123
            ],
            [
              85.32539030598883,
              26.125758333032213
            ],
            [
              85.32569137096644,
              26.127477692287833
            ],
            [
              85.32621295078668,
              26.12999114029433
            ],
            [
              85.32779289692863,
              26.130148278800583
            ],
            [
              85.32814298836115,
              26.13024292279364
            ],
            [
              85.32835301267794,
              26.130351097402144
            ],
            [
              85.32860318539973,
              26.130594693949675
            ],
            [
              85.3287783254391,
              26.13089240283816
            ],
            [
              85.32928914164565,
              26.132137772935028
            ],
            [
              85.32951467268086,
              26.132963539257503
            ],
            [
              85.32957010861537,
              26.133599865001287
            ],
            [
              85.32950036521333,
              26.13393834094056
            ],
            [
              85.33107993406284,
              26.133445552209775
            ],
            [
              85.33256471717513,
              26.133088175708625
            ],
            [
              85.33265501762413,
              26.133543893662953
            ],
            [
              85.33286090969062,
              26.134897710729135
            ],
            [
              85.3329160509777,
              26.135064655759653
            ],
            [
              85.33298608184062,
              26.135136826727194
            ],
            [
              85.33321115832831,
              26.135231499742854
            ],
            [
              85.3338012589435,
              26.135316915234334
            ],
            [
              85.3345464761504,
              26.135654965221665
            ],
            [
              85.3349364743411,
              26.135745008707172
            ],
            [
              85.3353215461708,
              26.13574924103638
            ],
            [
              85.33559143870968,
              26.135704017687566
            ],
            [
              85.3366210840951,
              26.13525207033898
            ],
            [
              85.3368910458043,
              26.135184197116338
            ],
            [
              85.3379961649449,
              26.135395678918783
            ],
            [
              85.33888115911166,
              26.135368068690866
            ],
            [
              85.33912122398989,
              26.135399437864223
            ],
            [
              85.33940628727731,
              26.135552713377276
            ],
            [
              85.33971148989508,
              26.135850378981285
            ],
            [
              85.33972646840415,
              26.135823352741248
            ],
            [
              85.34004635039197,
              26.135642564196296
            ],
            [
              85.34127599938716,
              26.135181530929593
            ],
            [
              85.34170080639683,
              26.134973670598402
            ],
            [
              85.3418606301606,
              26.134774974644092
            ],
            [
              85.3420001196596,
              26.134138514170022
            ],
            [
              85.34213993884032,
              26.1338812181138
            ],
            [
              85.34241976405131,
              26.13365990903476
            ],
            [
              85.34292952473739,
              26.133447386954177
            ],
            [
              85.34293957868204,
              26.133460943899895
            ],
            [
              85.34308459820994,
              26.13349243133172
            ],
            [
              85.34403952083169,
              26.133437725310777
            ],
            [
              85.3443045876209,
              26.133496216145765
            ],
            [
              85.3455457808658,
              26.134993696065973
            ],
            [
              85.34610119932452,
              26.135571003229895
            ],
            [
              85.34648644363072,
              26.135877603605238
            ],
            [
              85.34689152094181,
              26.136008249937266
            ],
            [
              85.34854662014038,
              26.136101942394212
            ],
            [
              85.34912165510995,
              26.136182753963062
            ],
            [
              85.3495317261557,
              26.136281739893253
            ],
            [
              85.34956174156429,
              26.136304277263523
            ],
            [
              85.34830372467074,
              26.138638389293266
            ],
            [
              85.348093880017,
              26.138886766892927
            ],
            [
              85.34784910527173,
              26.139085526817322
            ],
            [
              85.34572515736005,
              26.140413757646467
            ],
            [
              85.34465567798001,
              26.141172659379567
            ],
            [
              85.34428142815456,
              26.141455025663543
            ],
            [
              85.34467229591445,
              26.143181009151913
            ],
            [
              85.3447478406366,
              26.143740600941236
            ],
            [
              85.34468305593492,
              26.144038499688655
            ],
            [
              85.34423837998781,
              26.14445849632659
            ],
            [
              85.34463441755217,
              26.145748980721617
            ],
            [
              85.34485451018669,
              26.145848132722453
            ],
            [
              85.34552453121776,
              26.14583411111846
            ],
            [
              85.3481746673071,
              26.145769171264952
            ],
            [
              85.34852476412955,
              26.1458140608992
            ],
            [
              85.34891983510666,
              26.14595820967407
            ],
            [
              85.34930000932142,
              26.146039166022618
            ],
            [
              85.35145510002737,
              26.146033117260515
            ],
            [
              85.3533053258821,
              26.14613111668372
            ],
            [
              85.35362047464669,
              26.146198551315734
            ],
            [
              85.35388552616455,
              26.146306735334345
            ],
            [
              85.35408067168527,
              26.146460031202512
            ],
            [
              85.35434153974886,
              26.147330849776598
            ],
            [
              85.35205744917144,
              26.14864126909376
            ],
            [
              85.35047323962519,
              26.149806788802195
            ],
            [
              85.35004909826716,
              26.150772807269792
            ],
            [
              85.34985510797986,
              26.15205017909477
            ],
            [
              85.35005112396816,
              26.153236944184965
            ],
            [
              85.3503020647495,
              26.154310900400212
            ],
            [
              85.35068409757858,
              26.156594279876185
            ],
            [
              85.35079424810041,
              26.15676117129964
            ],
            [
              85.3512562094302,
              26.158931615337988
            ],
            [
              85.35166252911131,
              26.16039809427121
            ],
            [
              85.35179827263558,
              26.161129041798837
            ],
            [
              85.35195941961776,
              26.162518959402778
            ],
            [
              85.35221025170296,
              26.163376307029964
            ],
            [
              85.35209030684962,
              26.163471186120983
            ],
            [
              85.35163523290309,
              26.16348053163793
            ],
            [
              85.35021533420544,
              26.163968954998886
            ],
            [
              85.34911543876821,
              26.164416479230802
            ],
            [
              85.34862568266519,
              26.164750757077773
            ],
            [
              85.34798096807397,
              26.16538307333618
            ],
            [
              85.34743652523142,
              26.1661099873708
            ],
            [
              85.34714683382364,
              26.16666081892478
            ],
            [
              85.34672229271531,
              26.167306480310206
            ],
            [
              85.34651759900142,
              26.16774881322896
            ],
            [
              85.34650762141356,
              26.16777594172488
            ],
            [
              85.34624819065445,
              26.16849824125071
            ],
            [
              85.346044070964,
              26.169698794048504
            ],
            [
              85.34584468180185,
              26.170529314167897
            ],
            [
              85.34585472856,
              26.170610530001273
            ],
            [
              85.34599991337792,
              26.170669165869302
            ],
            [
              85.34627991735367,
              26.170641900182233
            ],
            [
              85.34761027378042,
              26.170663522302327
            ],
            [
              85.34880561791154,
              26.170572485079397
            ],
            [
              85.34965582481894,
              26.170621498681548
            ],
            [
              85.35047103875277,
              26.170575880090716
            ],
            [
              85.35090102724496,
              26.170440181144638
            ],
            [
              85.3513411217841,
              26.17036765066477
            ],
            [
              85.35275642559908,
              26.17029895938996
            ],
            [
              85.35302677268554,
              26.17052442280193
            ],
            [
              85.35304199463802,
              26.17078164935824
            ],
            [
              85.35308702897984,
              26.170831194173243
            ],
            [
              85.35326205313656,
              26.170840103740137
            ],
            [
              85.35342714731608,
              26.170894184336913
            ],
            [
              85.35368727606617,
              26.17089400616178
            ],
            [
              85.35383243842618,
              26.171092464863133
            ],
            [
              85.35399803386566,
              26.17167905440173
            ],
            [
              85.35401335103957,
              26.172071686990716
            ],
            [
              85.35404918303962,
              26.17292461892224
            ],
            [
              85.35382025188105,
              26.17431925005552
            ],
            [
              85.35377582390204,
              26.174933109815274
            ],
            [
              85.35379128929797,
              26.175443104825323
            ],
            [
              85.35399211217133,
              26.17631845063234
            ],
            [
              85.35428811334565,
              26.177329161704172
            ],
            [
              85.35462406439729,
              26.17825408902105
            ],
            [
              85.35464931783656,
              26.178502317791953
            ],
            [
              85.35455930395014,
              26.178579047382712
            ],
            [
              85.35402926199988,
              26.17866516394976
            ],
            [
              85.35196860489154,
              26.178734362211603
            ],
            [
              85.35012824164035,
              26.179150844008653
            ],
            [
              85.35015319773724,
              26.17906511637237
            ],
            [
              85.35063636290101,
              26.176663839022925
            ],
            [
              85.35086969041458,
              26.174718498263825
            ],
            [
              85.35090421806085,
              26.174145389168277
            ],
            [
              85.35091393244232,
              26.173743706683997
            ],
            [
              85.3508686618436,
              26.173472965809044
            ],
            [
              85.35062311185226,
              26.172981167966764
            ],
            [
              85.35019268228723,
              26.172534738385128
            ],
            [
              85.3498873476171,
              26.172340846912867
            ],
            [
              85.34933711423422,
              26.172269032726145
            ],
            [
              85.34912216894631,
              26.172368454036526
            ],
            [
              85.34880751515341,
              26.172874113996247
            ],
            [
              85.34878844302163,
              26.173952798358698
            ],
            [
              85.34897047493584,
              26.17629491809664
            ],
            [
              85.34894605603148,
              26.177026008637686
            ],
            [
              85.34879165360046,
              26.177761737353805
            ],
            [
              85.3485668079798,
              26.178023690656612
            ],
            [
              85.34755198838984,
              26.178759995128274
            ],
            [
              85.34680718620461,
              26.179238868344765
            ],
            [
              85.34658224087097,
              26.17946464499307
            ],
            [
              85.3464473965603,
              26.179685955069537
            ],
            [
              85.34710411084704,
              26.181436570737816
            ],
            [
              85.34723969806444,
              26.182054751839782
            ],
            [
              85.34725003138517,
              26.182533069790736
            ],
            [
              85.3472302846186,
              26.182844514189433
            ],
            [
              85.347140412666,
              26.183070266923465
            ],
            [
              85.3470254849035,
              26.18315152722414
            ],
            [
              85.34689045733651,
              26.183201257835933
            ],
            [
              85.34666535569598,
              26.183214951687003
            ],
            [
              85.3465503003727,
              26.183142858021117
            ],
            [
              85.34647510779016,
              26.182980384107097
            ],
            [
              85.34635969044584,
              26.18247050188591
            ],
            [
              85.34627950772189,
              26.182371255257536
            ],
            [
              85.34575922057732,
              26.182204693923527
            ],
            [
              85.34509397319367,
              26.18219608591703
            ],
            [
              85.34484889481784,
              26.182236880026455
            ],
            [
              85.34476893307948,
              26.182358734245344
            ],
            [
              85.34474959863961,
              26.183184641735675
            ],
            [
              85.34465968536449,
              26.18332460239853
            ],
            [
              85.34453473420007,
              26.183478097904814
            ],
            [
              85.34439981083764,
              26.183559487708745
            ],
            [
              85.34420470394446,
              26.183573163782754
            ],
            [
              85.3440396277312,
              26.18351005310138
            ],
            [
              85.3439244951528,
              26.183397273145218
            ],
            [
              85.34380931496374,
              26.183234877781185
            ],
            [
              85.3435729053304,
              26.181565228880725
            ],
            [
              85.34351771912755,
              26.181465954072273
            ],
            [
              85.34341761805882,
              26.1813441900148
            ],
            [
              85.34318756041284,
              26.181312759028064
            ],
            [
              85.34240221097066,
              26.181313221758284
            ],
            [
              85.34198708061325,
              26.181349613791873
            ],
            [
              85.34178197457264,
              26.18126853926161
            ],
            [
              85.34165680062598,
              26.18110611594032
            ],
            [
              85.34143089409498,
              26.180090869926648
            ],
            [
              85.34134071402023,
              26.17992844738248
            ],
            [
              85.3410455518724,
              26.17980672766969
            ],
            [
              85.34063038288741,
              26.17979350179751
            ],
            [
              85.34049538406654,
              26.179834205651826
            ],
            [
              85.34031541378589,
              26.179996759731306
            ],
            [
              85.34015588556782,
              26.18069187337247
            ],
            [
              85.34006599744558,
              26.180822808915355
            ],
            [
              85.33992097701935,
              26.18093574695063
            ],
            [
              85.3394809121246,
              26.181080410985967
            ],
            [
              85.33932593387345,
              26.18117979011634
            ],
            [
              85.33904103138448,
              26.181423715073187
            ],
            [
              85.33890607568271,
              26.18151403199217
            ],
            [
              85.3377907543754,
              26.181686204294873
            ],
            [
              85.33753074779622,
              26.181735965359486
            ],
            [
              85.33731569111718,
              26.181736140293435
            ],
            [
              85.33716054667774,
              26.1816640279774
            ],
            [
              85.33700038694404,
              26.181564841123322
            ],
            [
              85.33505856706631,
              26.180008990779935
            ],
            [
              85.33474328714767,
              26.179833176991096
            ],
            [
              85.33453825836219,
              26.179824259243805
            ],
            [
              85.33395313531197,
              26.179964476270545
            ],
            [
              85.33331298506074,
              26.18008677867131
            ],
            [
              85.3328128138903,
              26.180078001215026
            ],
            [
              85.33277280741913,
              26.180082497968534
            ],
            [
              85.33247768210221,
              26.18010979530611
            ],
            [
              85.33228254915788,
              26.180037664248243
            ],
            [
              85.33207237931401,
              26.17994754530649
            ],
            [
              85.33183237462293,
              26.179965776605886
            ],
            [
              85.33128222657999,
              26.180110495051736
            ],
            [
              85.33073212075787,
              26.18021001286222
            ],
            [
              85.32846640521961,
              26.180391852909377
            ],
            [
              85.32729120940199,
              26.18077605683353
            ],
            [
              85.32704618672174,
              26.18079877908608
            ],
            [
              85.32686602599823,
              26.180735703985242
            ],
            [
              85.32682098357158,
              26.180595757948392
            ],
            [
              85.32652533633348,
              26.17988287193563
            ],
            [
              85.3262096952921,
              26.17898499878461
            ],
            [
              85.32627448268872,
              26.178641919690083
            ],
            [
              85.32638905561667,
              26.177865601641965
            ],
            [
              85.32645841094651,
              26.17685020163559
            ],
            [
              85.32641295798975,
              26.176155195684277
            ],
            [
              85.32609249479192,
              26.17573109276063
            ],
            [
              85.32570731696104,
              26.175537303347475
            ],
            [
              85.32521206586344,
              26.17549694384828
            ],
            [
              85.32426692859009,
              26.175763644242423
            ],
            [
              85.3240168978021,
              26.175822433112938
            ],
            [
              85.3237267572367,
              26.17576393527651
            ],
            [
              85.32354163242292,
              26.17560160989477
            ],
            [
              85.32343124205094,
              26.17505103583382
            ],
            [
              85.32320514058549,
              26.173403925664694
            ],
            [
              85.32304466105155,
              26.172731526245915
            ],
            [
              85.32293451771628,
              26.172569128113654
            ],
            [
              85.32221423864,
              26.17249721974084
            ],
            [
              85.32210924265125,
              26.172474749826517
            ],
            [
              85.32198917113544,
              26.172352915910007
            ],
            [
              85.32129789865968,
              26.170651885266356
            ],
            [
              85.32107244128633,
              26.169984091277428
            ],
            [
              85.32056674457858,
              26.169045550369482
            ],
            [
              85.32004600019154,
              26.168066556792468
            ],
            [
              85.31981563801672,
              26.167525039178066
            ],
            [
              85.31981056702693,
              26.16751600680852
            ],
            [
              85.31889541641608,
              26.167525472938166
            ],
            [
              85.31822525794276,
              26.16757546579664
            ],
            [
              85.31749010725694,
              26.167688609359367
            ],
            [
              85.31699502504263,
              26.16781971269474
            ],
            [
              85.31695503474111,
              26.16785136016805
            ],
            [
              85.31687508108759,
              26.167905541318966
            ],
            [
              85.3168101077397,
              26.168054487351622
            ],
            [
              85.31670558516315,
              26.168830827200225
            ],
            [
              85.3165556266978,
              26.168952750258242
            ],
            [
              85.31688110429157,
              26.169719781840154
            ],
            [
              85.31698670215152,
              26.170744225284153
            ],
            [
              85.31708730268355,
              26.17176865327707
            ],
            [
              85.31664263392298,
              26.172463882097013
            ],
            [
              85.31570755598419,
              26.17283429937836
            ],
            [
              85.310832244427,
              26.1749082121126
            ],
            [
              85.3108321087814,
              26.17490795171175
            ],
            [
              85.31083102810813,
              26.17490872888327
            ],
            [
              85.31061213562282,
              26.17506603425732
            ],
            [
              85.31078759186917,
              26.175724861727
            ],
            [
              85.31091792843374,
              26.176392680877253
            ],
            [
              85.3109432690096,
              26.177038114234033
            ],
            [
              85.31088339539762,
              26.177363067924134
            ],
            [
              85.31079843363635,
              26.177507534849973
            ],
            [
              85.31064851918848,
              26.177611314716202
            ],
            [
              85.30958822687884,
              26.177918662394536
            ],
            [
              85.30956326539203,
              26.177968299304744
            ],
            [
              85.30962350821164,
              26.178311349747638
            ],
            [
              85.31010447160463,
              26.17996287040071
            ],
            [
              85.31036531271874,
              26.181280549291557
            ],
            [
              85.31045060865331,
              26.18193498602713
            ],
            [
              85.31052572128577,
              26.182016105237867
            ],
            [
              85.31067082256034,
              26.18203869181625
            ],
            [
              85.31067581719333,
              26.18203861362016
            ],
            [
              85.31243643160688,
              26.181934058153175
            ],
            [
              85.31468230156388,
              26.181964661866807
            ],
            [
              85.31513237009763,
              26.1818877539283
            ],
            [
              85.31577747365937,
              26.18169797727438
            ],
            [
              85.3169379056653,
              26.181620712842424
            ],
            [
              85.31714304943516,
              26.18165671218598
            ],
            [
              85.31752326227745,
              26.18187315300663
            ],
            [
              85.3178136750324,
              26.18245966007879
            ],
            [
              85.3181695138861,
              26.18364641479094
            ],
            [
              85.31814476170679,
              26.184030100122197
            ],
            [
              85.31833550099105,
              26.185135672683945
            ],
            [
              85.31842110684437,
              26.186196223640778
            ],
            [
              85.31858661424896,
              26.186918250221925
            ],
            [
              85.31850204325485,
              26.187766711667965
            ],
            [
              85.31828738902108,
              26.188493404705625
            ],
            [
              85.31788754978643,
              26.189039633274124
            ],
            [
              85.31761747758446,
              26.189102958606373
            ],
            [
              85.31784777597892,
              26.189369149848616
            ],
            [
              85.31799284221918,
              26.18946380706692
            ],
            [
              85.31916839287133,
              26.189431671325977
            ],
            [
              85.32141944071765,
              26.189602107696636
            ],
            [
              85.32177967682468,
              26.18966963568897
            ],
            [
              85.32200476499047,
              26.189755208814816
            ],
            [
              85.32218497512127,
              26.189899567677287
            ],
            [
              85.32223507236804,
              26.190021392117973
            ],
            [
              85.32221026359484,
              26.19033281891846
            ],
            [
              85.32207546958983,
              26.19079776138069
            ],
            [
              85.32188562233266,
              26.19124911467866
            ],
            [
              85.32167074711332,
              26.191587732085598
            ],
            [
              85.32059105927839,
              26.19284733837856
            ],
            [
              85.3197661740822,
              26.19366460063023
            ],
            [
              85.31955119106505,
              26.19397164318854
            ],
            [
              85.31948137310286,
              26.194224399973855
            ],
            [
              85.3194564664133,
              26.19456288862853
            ],
            [
              85.31951260213539,
              26.196322916243275
            ],
            [
              85.31942807605704,
              26.197311380401235
            ],
            [
              85.319288290114,
              26.197767190020084
            ],
            [
              85.31917837764574,
              26.197956784932927
            ],
            [
              85.3186184325763,
              26.198561855334372
            ],
            [
              85.31851851296727,
              26.19878305014362
            ],
            [
              85.31843377488653,
              26.199374230049774
            ],
            [
              85.31844911272167,
              26.19994294475505
            ],
            [
              85.3183541221686,
              26.19991138579272
            ],
            [
              85.31762118133837,
              26.199789562024314
            ],
            [
              85.31664803728938,
              26.19962780611985
            ],
            [
              85.31636785095567,
              26.199627959264323
            ],
            [
              85.31600770737509,
              26.199677780371143
            ],
            [
              85.31549745171732,
              26.19973215790343
            ],
            [
              85.31443700669409,
              26.199913147755733
            ],
            [
              85.31389675089908,
              26.1999991953561
            ],
            [
              85.31276116270064,
              26.19998160072429
            ],
            [
              85.31094536208424,
              26.20030728999429
            ],
            [
              85.31012004030684,
              26.200564936836383
            ],
            [
              85.30909466102071,
              26.20089924883216
            ],
            [
              85.3070088429996,
              26.201613225733
            ],
            [
              85.3067487843181,
              26.201604302398838
            ],
            [
              85.30664866079148,
              26.20158174701836
            ],
            [
              85.30662360408324,
              26.2015095107715
            ],
            [
              85.30629788214775,
              26.200394996894804
            ],
            [
              85.30584664580415,
              26.1983101227577
            ],
            [
              85.30490118513725,
              26.198256278961253
            ],
            [
              85.30282012998377,
              26.19825260506288
            ],
            [
              85.3010342603343,
              26.198393156176852
            ],
            [
              85.30046896939065,
              26.19837074284206
            ],
            [
              85.30029379791024,
              26.19819028982873
            ],
            [
              85.29976315229213,
              26.19733751219945
            ],
            [
              85.29953293384774,
              26.197084826653676
            ],
            [
              85.29935779829997,
              26.196954077849753
            ],
            [
              85.2989424963643,
              26.196845840868857
            ],
            [
              85.29685132707905,
              26.196562231161398
            ],
            [
              85.29623092988258,
              26.196372945917933
            ],
            [
              85.29589564897414,
              26.196142872753082
            ],
            [
              85.29553525656024,
              26.195628481053163
            ],
            [
              85.29483983296956,
              26.195421116145756
            ],
            [
              85.29458969258712,
              26.19529483907085
            ],
            [
              85.29450460057016,
              26.19515044498008
            ],
            [
              85.29421913663413,
              26.194225359186298
            ],
            [
              85.29406395087214,
              26.193995250342457
            ],
            [
              85.29343356171476,
              26.193778769168272
            ],
            [
              85.29290816944446,
              26.193417889740857
            ],
            [
              85.29192762597249,
              26.193057159124137
            ],
            [
              85.29066718272935,
              26.193648683268382
            ],
            [
              85.29050219095775,
              26.1937661163815
            ],
            [
              85.29021219502108,
              26.194258101374484
            ],
            [
              85.2901171874,
              26.194348400283758
            ],
            [
              85.28989215762469,
              26.19444770683647
            ],
            [
              85.28919179329998,
              26.194655536960322
            ],
            [
              85.28893181816179,
              26.194854151875465
            ],
            [
              85.28844672701005,
              26.195319143998745
            ],
            [
              85.28791645688771,
              26.195522403059393
            ],
            [
              85.28771144067865,
              26.19564422484347
            ],
            [
              85.28745137211568,
              26.19589705779784
            ],
            [
              85.28698133942304,
              26.196569658863073
            ],
            [
              85.28687631109497,
              26.19666443677879
            ],
            [
              85.28635111825065,
              26.196786421801058
            ],
            [
              85.28487540991934,
              26.197016986991986
            ],
            [
              85.28467534073253,
              26.197152352726054
            ],
            [
              85.28413019900066,
              26.19740074596823
            ],
            [
              85.28290526975397,
              26.197872065782107
            ],
            [
              85.28308997325784,
              26.198438921860493
            ],
            [
              85.28352045492514,
              26.19944978280104
            ],
            [
              85.28383390317893,
              26.200803620792914
            ],
            [
              85.28383599805015,
              26.20081266428474
            ],
            [
              85.28428646184265,
              26.201494045847802
            ],
            [
              85.28450162182793,
              26.2017286680328
            ],
            [
              85.2853822367077,
              26.202026276781705
            ],
            [
              85.28569747889709,
              26.202238362791036
            ],
            [
              85.28578755386896,
              26.202414349103762
            ],
            [
              85.28588773488775,
              26.20295588916622
            ],
            [
              85.28588281840821,
              26.203073141215924
            ],
            [
              85.2813501880808,
              26.202803481636312
            ],
            [
              85.2800697752889,
              26.203931954837596
            ],
            [
              85.27960454409144,
              26.204193828340156
            ],
            [
              85.27902424858758,
              26.204333850000385
            ],
            [
              85.27793875134773,
              26.20475374874304
            ],
            [
              85.27746854707686,
              26.204839600940975
            ],
            [
              85.2769182130827,
              26.20476753436092
            ],
            [
              85.27636790693624,
              26.205047460876905
            ],
            [
              85.27559746773115,
              26.20514234875988
            ],
            [
              85.27544238976702,
              26.20519204822132
            ],
            [
              85.27525738712416,
              26.205386079267797
            ],
            [
              85.27506236287596,
              26.205945787605504
            ],
            [
              85.27473720777739,
              26.2061533900712
            ],
            [
              85.2740668687427,
              26.20632957276605
            ],
            [
              85.27351160479425,
              26.20642887313083
            ],
            [
              85.2712852561267,
              26.206686495948354
            ],
            [
              85.27065500890313,
              26.20683553667905
            ],
            [
              85.2704998779384,
              26.206925825834876
            ],
            [
              85.27040481282513,
              26.207052195878575
            ],
            [
              85.27019481366116,
              26.20762538327657
            ],
            [
              85.26977458177127,
              26.207959343746005
            ],
            [
              85.26949446999768,
              26.208288850308886
            ],
            [
              85.26935953226224,
              26.208789820842764
            ],
            [
              85.26932456264487,
              26.209272781731077
            ],
            [
              85.26956473801584,
              26.209335921168492
            ],
            [
              85.27128586159118,
              26.209588393144436
            ],
            [
              85.27151100635085,
              26.20968765929693
            ],
            [
              85.27166615258696,
              26.209895237358047
            ],
            [
              85.27195637040747,
              26.21046828583372
            ],
            [
              85.27214655183795,
              26.21061273104561
            ],
            [
              85.27240668597793,
              26.21074358540277
            ],
            [
              85.27250184541428,
              26.21083831067704
            ],
            [
              85.27258187722126,
              26.211158697091086
            ],
            [
              85.27256194630006,
              26.21149718729005
            ],
            [
              85.27239189881003,
              26.211727342944844
            ],
            [
              85.27157146656273,
              26.212273551183873
            ],
            [
              85.27137136862983,
              26.2124902687653
            ],
            [
              85.27134144215447,
              26.21260762887756
            ],
            [
              85.2713614638055,
              26.212765550656453
            ],
            [
              85.27171678702625,
              26.213640989953635
            ],
            [
              85.27174689765627,
              26.21380345010774
            ],
            [
              85.27172191999976,
              26.213934355680173
            ],
            [
              85.27162183510072,
              26.214092286135653
            ],
            [
              85.27145181366184,
              26.214205169344456
            ],
            [
              85.27130165577051,
              26.214245861172905
            ],
            [
              85.27067123337547,
              26.214295585760425
            ],
            [
              85.27048615796907,
              26.2144490178814
            ],
            [
              85.27017111430735,
              26.215247857599465
            ],
            [
              85.26970083996791,
              26.21566763637816
            ],
            [
              85.26959085383778,
              26.21587974427547
            ],
            [
              85.2694408801011,
              26.216525182061954
            ],
            [
              85.26935090394392,
              26.21711640322711
            ],
            [
              85.26926084244678,
              26.21699453379819
            ],
            [
              85.26871042311265,
              26.21679605900436
            ],
            [
              85.26754451587507,
              26.216471254817108
            ],
            [
              85.26496772094046,
              26.21587130477564
            ],
            [
              85.26470253557363,
              26.21569983338094
            ],
            [
              85.26435226357974,
              26.21525306220057
            ],
            [
              85.26399197626873,
              26.21489204785485
            ],
            [
              85.26377179829427,
              26.214747683710744
            ],
            [
              85.26326149682241,
              26.214576188900423
            ],
            [
              85.26273607939926,
              26.214517592055586
            ],
            [
              85.26010935340621,
              26.214477238002925
            ],
            [
              85.25944393803759,
              26.21452238969956
            ],
            [
              85.2594889023108,
              26.21335803688913
            ],
            [
              85.25943871343591,
              26.21175137687049
            ],
            [
              85.25935355224864,
              26.210325295181285
            ],
            [
              85.25678195406797,
              26.21061872971218
            ],
            [
              85.2563467328892,
              26.210700024790942
            ],
            [
              85.2560865143076,
              26.210781227129086
            ],
            [
              85.25572135992438,
              26.210898638127485
            ],
            [
              85.25545119429762,
              26.210939211832216
            ],
            [
              85.25276950129067,
              26.21096189112707
            ],
            [
              85.25342988160212,
              26.209734307895605
            ],
            [
              85.25386513062861,
              26.208827165801797
            ],
            [
              85.25458047256411,
              26.206891072275678
            ],
            [
              85.25468050715752,
              26.20651196362621
            ],
            [
              85.25469553507389,
              26.206399160001062
            ],
            [
              85.25364995267704,
              26.2065255668854
            ],
            [
              85.25198393086289,
              26.206895595397192
            ],
            [
              85.25098832264364,
              26.207053624061103
            ],
            [
              85.25044305065607,
              26.207202578082853
            ],
            [
              85.25000000604949,
              26.207246717078682
            ],
            [
              85.24958251222458,
              26.207288308385202
            ],
            [
              85.24775639715209,
              26.20757254560685
            ],
            [
              85.24050201973584,
              26.207951425937683
            ],
            [
              85.24012681679785,
              26.207924255213502
            ],
            [
              85.23951653103822,
              26.20773919317262
            ],
            [
              85.23922134104261,
              26.2075812049319
            ],
            [
              85.23900126367947,
              26.207396210047076
            ],
            [
              85.23884115425143,
              26.20719309502715
            ],
            [
              85.23858106772217,
              26.20672823575434
            ],
            [
              85.23848097114498,
              26.2066243593187
            ],
            [
              85.23833093632285,
              26.206556675932504
            ],
            [
              85.23776057438943,
              26.206443815126363
            ],
            [
              85.2376055386461,
              26.206376113903705
            ],
            [
              85.23746544727588,
              26.206195613655133
            ],
            [
              85.23731534238514,
              26.205762318261655
            ],
            [
              85.23725545979,
              26.20517107890863
            ],
            [
              85.2373105902973,
              26.20386233388804
            ],
            [
              85.23740573266565,
              26.20321241383926
            ],
            [
              85.23785115960433,
              26.201262898714575
            ],
            [
              85.2379213108415,
              26.20063553826177
            ],
            [
              85.23791628476751,
              26.20008047205853
            ],
            [
              85.23779134977272,
              26.199349290820194
            ],
            [
              85.23764128081464,
              26.19888451065354
            ],
            [
              85.23670606992518,
              26.196555673181514
            ],
            [
              85.23647105986704,
              26.19618109391215
            ],
            [
              85.23628589912067,
              26.195996029325936
            ],
            [
              85.23627593500755,
              26.195986974175376
            ],
            [
              85.2358757544131,
              26.195684578170507
            ],
            [
              85.23551059104675,
              26.195503983159927
            ],
            [
              85.23479030568225,
              26.19541362872291
            ],
            [
              85.23328952896462,
              26.195413503784767
            ],
            [
              85.2321990083457,
              26.195643542118226
            ],
            [
              85.23124846860422,
              26.195999959618938
            ],
            [
              85.22933245193471,
              26.19644191764273
            ],
            [
              85.22870704393559,
              26.196455410038176
            ],
            [
              85.22726640223972,
              26.19634238629145
            ],
            [
              85.22685615961578,
              26.1963603562846
            ],
            [
              85.2267560863948,
              26.196405497275578
            ],
            [
              85.226691044775,
              26.196491162178265
            ],
            [
              85.22653593626814,
              26.19694702337001
            ],
            [
              85.22643083517652,
              26.197122946748493
            ],
            [
              85.22620568233201,
              26.197289912342733
            ],
            [
              85.22590049498561,
              26.197366586840722
            ],
            [
              85.22504508144283,
              26.197434154663718
            ],
            [
              85.22463481366604,
              26.197506244321737
            ],
            [
              85.22373432086566,
              26.197767879181185
            ],
            [
              85.22371925701667,
              26.19780851630311
            ],
            [
              85.22364918123799,
              26.19825075763521
            ],
            [
              85.22367910861169,
              26.19866599689328
            ],
            [
              85.22382408412213,
              26.198968402889008
            ],
            [
              85.22397415577517,
              26.199121794761687
            ],
            [
              85.22431923999831,
              26.199320485080467
            ],
            [
              85.22502957921596,
              26.199550764757763
            ],
            [
              85.22511964700129,
              26.19963197406723
            ],
            [
              85.22571445299195,
              26.202042035827176
            ],
            [
              85.22717941387918,
              26.20639287015946
            ],
            [
              85.227464275944,
              26.207679175994098
            ],
            [
              85.22801406106755,
              26.210815778040278
            ],
            [
              85.22814894041251,
              26.21179966311646
            ],
            [
              85.22818870344024,
              26.213036179258893
            ],
            [
              85.22810353596479,
              26.213704163287932
            ],
            [
              85.22800343040447,
              26.213979421353585
            ],
            [
              85.22772311471334,
              26.214403570383233
            ],
            [
              85.22735783815925,
              26.21479162723063
            ],
            [
              85.2269525739986,
              26.215075904153874
            ],
            [
              85.22664731658358,
              26.21518415239291
            ],
            [
              85.22630702756743,
              26.215224721379865
            ],
            [
              85.22585682069312,
              26.2151930303607
            ],
            [
              85.22544149809625,
              26.215116263640347
            ],
            [
              85.22408571395705,
              26.214763989058667
            ],
            [
              85.22368048662733,
              26.214714310608688
            ],
            [
              85.22328010301362,
              26.214876728162494
            ],
            [
              85.22209917324956,
              26.21572946193328
            ],
            [
              85.22178896432067,
              26.2158737628042
            ],
            [
              85.22150866479922,
              26.215941402894405
            ],
            [
              85.22087332592463,
              26.21596384508267
            ],
            [
              85.21977759417871,
              26.215850809650885
            ],
            [
              85.21910214822165,
              26.215873205113805
            ],
            [
              85.21858173710959,
              26.216013020917238
            ],
            [
              85.21843664302149,
              26.21610779992781
            ],
            [
              85.21807607094456,
              26.217050898656627
            ],
            [
              85.21808605302398,
              26.21727653995102
            ],
            [
              85.21813604516785,
              26.217353293157668
            ],
            [
              85.21830622560854,
              26.217412037666033
            ],
            [
              85.21885656768757,
              26.21738959414529
            ],
            [
              85.2189415788562,
              26.217461771377238
            ],
            [
              85.21897653769378,
              26.21766936377803
            ],
            [
              85.21893651056133,
              26.217872466961353
            ],
            [
              85.21882137528802,
              26.218125208927972
            ],
            [
              85.21862112374318,
              26.218377849608864
            ],
            [
              85.21855606325873,
              26.218441050995388
            ],
            [
              85.21809560481043,
              26.218860614363596
            ],
            [
              85.21792543604782,
              26.219217088918256
            ],
            [
              85.21785018597309,
              26.21981735211989
            ],
            [
              85.21786989860371,
              26.220796708616113
            ],
            [
              85.2178847747048,
              26.221392394368895
            ],
            [
              85.2178595257571,
              26.22221373618984
            ],
            [
              85.21776934568237,
              26.22252510508347
            ],
            [
              85.21743390217888,
              26.223310326737234
            ],
            [
              85.21740382478653,
              26.223549546684463
            ],
            [
              85.21742359580762,
              26.22441605094784
            ],
            [
              85.21734853707403,
              26.224673248748537
            ],
            [
              85.21723338742767,
              26.224804118721394
            ],
            [
              85.21669285764646,
              26.225133384987803
            ],
            [
              85.21595727576934,
              26.225394974669513
            ],
            [
              85.21525165540187,
              26.225543724704423
            ],
            [
              85.21414580862589,
              26.22568337819319
            ],
            [
              85.21394563703112,
              26.225741975055183
            ],
            [
              85.21330509331779,
              26.225922324108847
            ],
            [
              85.21218917642743,
              26.22617477782425
            ],
            [
              85.2108380446631,
              26.22639558492767
            ],
            [
              85.20978725203761,
              26.226521679182948
            ],
            [
              85.20787701063706,
              26.226638058943777
            ],
            [
              85.20795905107701,
              26.227222665209545
            ],
            [
              85.20787587606488,
              26.228005021863023
            ],
            [
              85.20764985814274,
              26.228457076207302
            ],
            [
              85.20773931776863,
              26.230296352120646
            ],
            [
              85.20744084532895,
              26.231449690903897
            ],
            [
              85.20748340121892,
              26.23248771213582
            ],
            [
              85.20721725375644,
              26.234671379964208
            ],
            [
              85.20798199674431,
              26.23480982429697
            ],
            [
              85.20840399741701,
              26.235263498388814
            ],
            [
              85.20950594909797,
              26.235434629914554
            ],
            [
              85.21070809886567,
              26.23523860875107
            ],
            [
              85.21200404802042,
              26.2345197270919
            ],
            [
              85.21257527772644,
              26.23439671718158
            ],
            [
              85.21315715785848,
              26.23453321023812
            ],
            [
              85.21369001063724,
              26.234879225284544
            ],
            [
              85.2139623043729,
              26.23484414809399
            ],
            [
              85.21452820617094,
              26.234591379605643
            ],
            [
              85.21541222386904,
              26.23436696365299
            ],
            [
              85.2163378012254,
              26.234452987388593
            ],
            [
              85.21924882424291,
              26.234823473400184
            ],
            [
              85.22307478137733,
              26.235020384842883
            ],
            [
              85.22395296002605,
              26.23535481702121
            ],
            [
              85.22498677000111,
              26.23614528866882
            ],
            [
              85.22610583638483,
              26.236731508628075
            ],
            [
              85.22681138398876,
              26.237071701932287
            ],
            [
              85.2271122297774,
              26.237216758722038
            ],
            [
              85.22728758361582,
              26.23730130822084
            ],
            [
              85.22966611497733,
              26.238448105696918
            ],
            [
              85.22934894230839,
              26.23739507235139
            ],
            [
              85.22911271772801,
              26.236244481397637
            ],
            [
              85.22901688635183,
              26.235396042932503
            ],
            [
              85.22961188817521,
              26.234885686828743
            ],
            [
              85.23042713893996,
              26.234429282883287
            ]
          ],
          [
            [
              85.46370019036114,
              26.1415824852151
            ],
            [
              85.46463935114292,
              26.14113883134569
            ],
            [
              85.46631510081326,
              26.14150636432803
            ],
            [
              85.46738017934673,
              26.141540852717622
            ],
            [
              85.46835984426633,
              26.14131826384134
            ],
            [
              85.47101246240082,
              26.140023453935797
            ],
            [
              85.47742231475387,
              26.137246978355982
            ],
            [
              85.4781969940071,
              26.13709688330943
            ],
            [
              85.47930228831923,
              26.13724402995715
            ],
            [
              85.4812222369147,
              26.137240942848027
            ],
            [
              85.48203764757957,
              26.13746076207264
            ],
            [
              85.48248834134077,
              26.137794013921436
            ],
            [
              85.48257019403283,
              26.13875066737879
            ],
            [
              85.48233153591636,
              26.14195984063708
            ],
            [
              85.47935251941496,
              26.142479114128093
            ],
            [
              85.47551514020171,
              26.143960908707715
            ],
            [
              85.47420658858184,
              26.144739146700918
            ],
            [
              85.47273820331674,
              26.145662076190035
            ],
            [
              85.47196332823074,
              26.145735556645302
            ],
            [
              85.47016345564265,
              26.145851137351663
            ],
            [
              85.46914362884331,
              26.146001589665406
            ],
            [
              85.46783767155799,
              26.14552069379984
            ],
            [
              85.46473012410576,
              26.144275201939756
            ],
            [
              85.46431954012199,
              26.143941876660698
            ],
            [
              85.46362274929542,
              26.143022222936725
            ],
            [
              85.46337616624153,
              26.142138078367704
            ],
            [
              85.46370019036114,
              26.1415824852151
            ]
          ]
        ]
      }
    }
  ]
}