{
  "type": "FeatureCollection",
  "features": [
    {
      "type": "Feature",
      "properties": {
        "object_id": "10-220-01274",
        "stname": "BIHAR",
        "dtname": "Vaishali",
        "sdtname": "Patepur",
        "st_area_sh": 0.0,
        "st_length_": 0.0,
        "remarks": "",
        "dist_lgd": 224,
        "state_lgd": 10,
        "subdt_lgd": 1274,
        "ac_no": null,
        "st_length(shape)": 118180.33822078991,
        "st_area(shape)": 317029999.71255994
      },
      "geometry": {
        "type": "Polygon",
        "coordinates": [
          [
            [
              85.46948538660496,
              25.93412016714429
            ],
            [
              85.47067574867951,
              25.933175777102896
            ],
            [
              85.47069072269699,
              25.93317593463542
            ],
            [
              85.47168841860096,
              25.932459715222862
            ],
            [
              85.4733328521022,
              25.93152911918714
            ],
            [
              85.47424937623713,
              25.930911331760086
            ],
            [
              85.4754920175663,
              25.9301660650015
            ],
            [
              85.47639464925537,
              25.92985055520208
            ],
            [
              85.47758143693339,
              25.92956510834606
            ],
            [
              85.47863989218826,
              25.929165454764174
            ],
            [
              85.47864787192295,
              25.929163035951476
            ],
            [
              85.47987774010709,
              25.9287902457497
            ],
            [
              85.48111006787845,
              25.928455593317967
            ],
            [
              85.48111024125332,
              25.928442053055186
            ],
            [
              85.48183011159611,
              25.928239491023376
            ],
            [
              85.48253309989981,
              25.92804167583074
            ],
            [
              85.48294830391907,
              25.927973799758334
            ],
            [
              85.4839281404169,
              25.927473975172916
            ],
            [
              85.48464088801784,
              25.927169966706778
            ],
            [
              85.4858559654408,
              25.927011139048282
            ],
            [
              85.48641045773645,
              25.926980820119596
            ],
            [
              85.48676169362267,
              25.926840040751724
            ],
            [
              85.48724347268596,
              25.926249224138097
            ],
            [
              85.48741830370486,
              25.925849304011894
            ],
            [
              85.48751297176274,
              25.924690193938428
            ],
            [
              85.4875410387255,
              25.9244467318368
            ],
            [
              85.4876882034303,
              25.924258679650883
            ],
            [
              85.48877980831577,
              25.923601996973616
            ],
            [
              85.4898699633204,
              25.9230581403341
            ],
            [
              85.4906736033601,
              25.92266928127009
            ],
            [
              85.49163989865333,
              25.92203845822028
            ],
            [
              85.49164005675682,
              25.92203835561248
            ],
            [
              85.49163283609859,
              25.92203827966655
            ],
            [
              85.49162508273938,
              25.922038198872983
            ],
            [
              85.49238649028258,
              25.921436732976073
            ],
            [
              85.49239083273869,
              25.921433161074887
            ],
            [
              85.4927496926267,
              25.92113807205519
            ],
            [
              85.49296913038934,
              25.920761177968167
            ],
            [
              85.49304457539847,
              25.91993138477533
            ],
            [
              85.49311850494973,
              25.919643906135672
            ],
            [
              85.4931916107459,
              25.91935963437192
            ],
            [
              85.49321973160752,
              25.91868732999778
            ],
            [
              85.49321983221884,
              25.91868491824168
            ],
            [
              85.4931388383162,
              25.918013911648558
            ],
            [
              85.4930289833401,
              25.917624564093735
            ],
            [
              85.49300540705546,
              25.917123263094215
            ],
            [
              85.49308080355559,
              25.91666976931032
            ],
            [
              85.4930810748468,
              25.91666813639827
            ],
            [
              85.49308147998701,
              25.915851103072743
            ],
            [
              85.49300065496762,
              25.914748843944405
            ],
            [
              85.49311051174033,
              25.913960034180477
            ],
            [
              85.49310850580231,
              25.913332566190466
            ],
            [
              85.49317258442817,
              25.91300370927259
            ],
            [
              85.49344282731002,
              25.91255511713641
            ],
            [
              85.49377192421603,
              25.912188387763443
            ],
            [
              85.49425108109703,
              25.911403414264623
            ],
            [
              85.49467436007238,
              25.910694595662203
            ],
            [
              85.49512012298098,
              25.91018011311366
            ],
            [
              85.4958050290963,
              25.90969970818794
            ],
            [
              85.49616004688988,
              25.90964922308363
            ],
            [
              85.49684495929338,
              25.90956153263619
            ],
            [
              85.49684846721458,
              25.909560903187824
            ],
            [
              85.49722515686436,
              25.909493250801077
            ],
            [
              85.49752097388405,
              25.90938798010004
            ],
            [
              85.49776625617741,
              25.90933184032038
            ],
            [
              85.49789600973537,
              25.90933318486995
            ],
            [
              85.49871200700012,
              25.909535740602774
            ],
            [
              85.50000001414946,
              25.909815158037954
            ],
            [
              85.50017535630974,
              25.909857844072306
            ],
            [
              85.501689588892,
              25.910103719143265
            ],
            [
              85.50304986101436,
              25.91028930602552
            ],
            [
              85.50374672640109,
              25.9104409503352
            ],
            [
              85.50405460689673,
              25.91056600674801
            ],
            [
              85.50406832237448,
              25.91056362068227
            ],
            [
              85.50454482832704,
              25.910480783851174
            ],
            [
              85.50491227431255,
              25.91023630339455
            ],
            [
              85.5055584136318,
              25.90966065737985
            ],
            [
              85.50603515224802,
              25.90906069025459
            ],
            [
              85.50619747871818,
              25.90845748311508
            ],
            [
              85.50631058200234,
              25.90779959896113
            ],
            [
              85.50634418977374,
              25.906716578364655
            ],
            [
              85.50633258443858,
              25.906052894858504
            ],
            [
              85.50672866063051,
              25.905515290760828
            ],
            [
              85.5071882414248,
              25.90512451532507
            ],
            [
              85.50738956555807,
              25.90495332870293
            ],
            [
              85.50900987031078,
              25.903904689164463
            ],
            [
              85.50936082502429,
              25.90370497864212
            ],
            [
              85.50963321308305,
              25.903549974638825
            ],
            [
              85.51022695187515,
              25.903565105602322
            ],
            [
              85.51074651767254,
              25.903922538395133
            ],
            [
              85.5112680193394,
              25.904523749394095
            ],
            [
              85.51191093730003,
              25.904995295714063
            ],
            [
              85.51261657743044,
              25.90524178130258
            ],
            [
              85.5131699486286,
              25.905292597977805
            ],
            [
              85.51380661880643,
              25.90506891006267
            ],
            [
              85.5140358958164,
              25.90509383037706
            ],
            [
              85.51410732805117,
              25.90545752334319
            ],
            [
              85.51418352405187,
              25.905845470321264
            ],
            [
              85.51418603304647,
              25.90585824230301
            ],
            [
              85.51399694306906,
              25.907007385317193
            ],
            [
              85.51377189712409,
              25.908237412287896
            ],
            [
              85.51359255296916,
              25.909404710198444
            ],
            [
              85.51380966319692,
              25.91000278885177
            ],
            [
              85.51422084456036,
              25.910647999145112
            ],
            [
              85.51468090415672,
              25.91097772397199
            ],
            [
              85.51566602544337,
              25.91162880960574
            ],
            [
              85.51752523714586,
              25.912631898974897
            ],
            [
              85.51918047917661,
              25.913583227034557
            ],
            [
              85.52081931078371,
              25.914651733746897
            ],
            [
              85.52111340932625,
              25.91482529792862
            ],
            [
              85.52268736101028,
              25.91575415861065
            ],
            [
              85.52382963536938,
              25.916618952689156
            ],
            [
              85.52461353043914,
              25.917403353363845
            ],
            [
              85.5253049574251,
              25.9183989668397
            ],
            [
              85.5257549801448,
              25.919139335847266
            ],
            [
              85.52638008720828,
              25.919849886027322
            ],
            [
              85.52690779264047,
              25.920365338744816
            ],
            [
              85.52727219872705,
              25.92076627932816
            ],
            [
              85.5273698896159,
              25.920938805997416
            ],
            [
              85.52741145196914,
              25.92094206766348
            ],
            [
              85.52763419463373,
              25.92095954831751
            ],
            [
              85.5280348863696,
              25.920850767642147
            ],
            [
              85.52787505811425,
              25.920456420996558
            ],
            [
              85.52765713131788,
              25.91991703477533
            ],
            [
              85.5279731397702,
              25.91979385222209
            ],
            [
              85.52821792709186,
              25.919778281391366
            ],
            [
              85.52847975814943,
              25.919947517110966
            ],
            [
              85.52869331643853,
              25.92008554960532
            ],
            [
              85.52911683526408,
              25.920550284127103
            ],
            [
              85.52953088674482,
              25.92137604295873
            ],
            [
              85.52975672769885,
              25.921680777354464
            ],
            [
              85.53072075025442,
              25.92163187205136
            ],
            [
              85.53129944585878,
              25.92166030824434
            ],
            [
              85.53154773122014,
              25.922168399225225
            ],
            [
              85.53169971628475,
              25.922391128007785
            ],
            [
              85.53319320227551,
              25.92231597162343
            ],
            [
              85.53497994059586,
              25.92234307617708
            ],
            [
              85.53567457995727,
              25.92236817139454
            ],
            [
              85.53723524106668,
              25.922424543307958
            ],
            [
              85.53741010083169,
              25.92241276606997
            ],
            [
              85.53685422962208,
              25.921748100382025
            ],
            [
              85.53667934111098,
              25.921358125270796
            ],
            [
              85.53693391467937,
              25.920954429999092
            ],
            [
              85.53856540794892,
              25.919806263155163
            ],
            [
              85.53944990624564,
              25.91932314716939
            ],
            [
              85.54059071904577,
              25.918698156640914
            ],
            [
              85.54068632763978,
              25.91863592201236
            ],
            [
              85.54054226481766,
              25.91817403608985
            ],
            [
              85.54146090179016,
              25.91775444775046
            ],
            [
              85.54183678385448,
              25.917631837401323
            ],
            [
              85.5418412817191,
              25.917266242044835
            ],
            [
              85.54238802065554,
              25.917050552307717
            ],
            [
              85.54214430143075,
              25.916574123125862
            ],
            [
              85.54193024996654,
              25.91612056339978
            ],
            [
              85.54188484372219,
              25.91534820038596
            ],
            [
              85.54198129313927,
              25.914405728376003
            ],
            [
              85.54240713590647,
              25.913466569689763
            ],
            [
              85.5429228587111,
              25.912930065940213
            ],
            [
              85.54406176259121,
              25.9124539901745
            ],
            [
              85.54468267362401,
              25.912293205099616
            ],
            [
              85.5458117571215,
              25.9122097408571
            ],
            [
              85.54636057925107,
              25.912228788715122
            ],
            [
              85.54637425879619,
              25.911520215051624
            ],
            [
              85.54751326059271,
              25.91144135186846
            ],
            [
              85.5490550597761,
              25.911077610287442
            ],
            [
              85.55070435855292,
              25.910493736326288
            ],
            [
              85.55171508002854,
              25.91029167674451
            ],
            [
              85.55444058836348,
              25.909862958024316
            ],
            [
              85.55649140083463,
              25.9095042116119
            ],
            [
              85.55795466839756,
              25.909437522354658
            ],
            [
              85.5589949839719,
              25.9096735719681
            ],
            [
              85.56024672613319,
              25.91017353262487
            ],
            [
              85.56112515810683,
              25.9105885252916
            ],
            [
              85.56136208696638,
              25.910807552627944
            ],
            [
              85.56112708768806,
              25.911252116212477
            ],
            [
              85.56111205707673,
              25.91171820098527
            ],
            [
              85.56110307572051,
              25.91199670424504
            ],
            [
              85.56116950883073,
              25.913103318345215
            ],
            [
              85.56108077863682,
              25.913833720091574
            ],
            [
              85.56107881222466,
              25.914406992068937
            ],
            [
              85.56135151110053,
              25.914969447202566
            ],
            [
              85.5620249223735,
              25.915829294130816
            ],
            [
              85.5626412430152,
              25.91645835427921
            ],
            [
              85.56297850920039,
              25.917048530767495
            ],
            [
              85.56301835038157,
              25.91787951983852
            ],
            [
              85.56318241060023,
              25.918346098743378
            ],
            [
              85.5636361891761,
              25.919208276236017
            ],
            [
              85.5638806593925,
              25.919630510292002
            ],
            [
              85.56322540756297,
              25.92015216416517
            ],
            [
              85.56296657867512,
              25.92040104434032
            ],
            [
              85.56287691243674,
              25.920487265152616
            ],
            [
              85.56308393638048,
              25.921527560707187
            ],
            [
              85.56332997505531,
              25.923055765024216
            ],
            [
              85.56348718741657,
              25.92397674906319
            ],
            [
              85.5635723414173,
              25.924475593123958
            ],
            [
              85.56379960440438,
              25.92508273365797
            ],
            [
              85.56393218226562,
              25.925264612878856
            ],
            [
              85.56484012389629,
              25.92531423571737
            ],
            [
              85.56589321890388,
              25.925744473682048
            ],
            [
              85.566832993235,
              25.92605170210707
            ],
            [
              85.5690371580066,
              25.925829725941973
            ],
            [
              85.57033206242066,
              25.92566645862426
            ],
            [
              85.57114606003559,
              25.92522759185729
            ],
            [
              85.57132148124765,
              25.925098154323837
            ],
            [
              85.57199727844598,
              25.92459949467945
            ],
            [
              85.57274415843446,
              25.923929736867283
            ],
            [
              85.5733049281573,
              25.92379080803947
            ],
            [
              85.5745913928993,
              25.923911808256584
            ],
            [
              85.57566171400074,
              25.92374176868853
            ],
            [
              85.57652798368375,
              25.923520061251875
            ],
            [
              85.57639826785503,
              25.924344869364425
            ],
            [
              85.57631716076463,
              25.925278492830248
            ],
            [
              85.576665154631,
              25.92581457682945
            ],
            [
              85.57750729826039,
              25.925940213981246
            ],
            [
              85.57822633766156,
              25.925924701323943
            ],
            [
              85.57879537368167,
              25.926345580701273
            ],
            [
              85.57931286257413,
              25.92648608031674
            ],
            [
              85.58003622377014,
              25.926384336753177
            ],
            [
              85.58018294830046,
              25.926363699607528
            ],
            [
              85.5806423790761,
              25.926350143754235
            ],
            [
              85.58069959636981,
              25.924490890257676
            ],
            [
              85.58085038308181,
              25.923571487305583
            ],
            [
              85.58110007520492,
              25.922729791261023
            ],
            [
              85.58141873458567,
              25.922569577671535
            ],
            [
              85.58170775315529,
              25.922424266994934
            ],
            [
              85.58213970626304,
              25.922202788149487
            ],
            [
              85.58238409383439,
              25.921803422273715
            ],
            [
              85.5826306652102,
              25.921638810625293
            ],
            [
              85.58379239258677,
              25.92175399428599
            ],
            [
              85.58432798612544,
              25.92170256905524
            ],
            [
              85.58434712563091,
              25.9217007309967
            ],
            [
              85.58505531607841,
              25.92133748966896
            ],
            [
              85.58671295661094,
              25.921308524197052
            ],
            [
              85.58763688016884,
              25.921272390667806
            ],
            [
              85.58840827877468,
              25.921049687241524
            ],
            [
              85.58932779968941,
              25.920963844149874
            ],
            [
              85.58972651064008,
              25.921017380856668
            ],
            [
              85.59001228808813,
              25.922591078352568
            ],
            [
              85.59009311310751,
              25.92293042534755
            ],
            [
              85.59211176409485,
              25.92276948570125
            ],
            [
              85.5936950375966,
              25.922699092311372
            ],
            [
              85.59646491731671,
              25.92275303219538
            ],
            [
              85.59654280125181,
              25.922758727298156
            ],
            [
              85.59753226499456,
              25.922831078267016
            ],
            [
              85.59762442405788,
              25.92390181990816
            ],
            [
              85.59767262226612,
              25.92489088205013
            ],
            [
              85.59816218163812,
              25.925283836368738
            ],
            [
              85.59888554463075,
              25.92574676006764
            ],
            [
              85.59956601756014,
              25.92603772933727
            ],
            [
              85.60007934186294,
              25.926110400648554
            ],
            [
              85.60068905180246,
              25.92605309332463
            ],
            [
              85.60079720806436,
              25.927462549067346
            ],
            [
              85.60086081866794,
              25.927571502186264
            ],
            [
              85.60284502824729,
              25.927373971060725
            ],
            [
              85.60551716138302,
              25.927259775297987
            ],
            [
              85.60695457273714,
              25.927287145321657
            ],
            [
              85.60743423716623,
              25.926826799227328
            ],
            [
              85.60796301698352,
              25.926434635337078
            ],
            [
              85.60865954280705,
              25.9262111030566
            ],
            [
              85.60897042187909,
              25.926185880200077
            ],
            [
              85.60980382130752,
              25.926118262397168
            ],
            [
              85.61106687235991,
              25.92568798701726
            ],
            [
              85.61205070636079,
              25.925227943299724
            ],
            [
              85.61226618614631,
              25.92515778082566
            ],
            [
              85.61256443131222,
              25.925693306299884
            ],
            [
              85.61245485122059,
              25.926098530869453
            ],
            [
              85.6115769097271,
              25.9268936402297
            ],
            [
              85.61118233012846,
              25.927336760037523
            ],
            [
              85.61134622415878,
              25.92783488700796
            ],
            [
              85.61158705619825,
              25.928157699099007
            ],
            [
              85.61329149716047,
              25.927551069646647
            ],
            [
              85.61514115168664,
              25.92690518030463
            ],
            [
              85.61584223825689,
              25.926717771092836
            ],
            [
              85.61607139309598,
              25.926331742078762
            ],
            [
              85.61621989090064,
              25.926012655098784
            ],
            [
              85.61711391672928,
              25.925547203681372
            ],
            [
              85.6187498863039,
              25.924813457014306
            ],
            [
              85.61977656185897,
              25.924100975119508
            ],
            [
              85.62085545288822,
              25.923619203346767
            ],
            [
              85.6216010159465,
              25.92346830231036
            ],
            [
              85.62201950420646,
              25.923111149320587
            ],
            [
              85.62209476685757,
              25.92311051024943
            ],
            [
              85.62302298975247,
              25.923102631333684
            ],
            [
              85.62421421241307,
              25.923262913680396
            ],
            [
              85.62518129373217,
              25.923380432277032
            ],
            [
              85.62525028614262,
              25.922166773660745
            ],
            [
              85.62526320301811,
              25.920623050927322
            ],
            [
              85.62528433858012,
              25.91966173278558
            ],
            [
              85.62741104431971,
              25.919645777352326
            ],
            [
              85.62934730003253,
              25.919695703114225
            ],
            [
              85.63038112438066,
              25.919651306975076
            ],
            [
              85.63108941993104,
              25.919698627090934
            ],
            [
              85.63143453559522,
              25.920072048778465
            ],
            [
              85.63172115476472,
              25.920756397361817
            ],
            [
              85.63326920083259,
              25.92070780596572
            ],
            [
              85.6340969633326,
              25.92071835287448
            ],
            [
              85.63463178701511,
              25.92072516465488
            ],
            [
              85.63488598059611,
              25.92075915810748
            ],
            [
              85.63510710988643,
              25.92149705292603
            ],
            [
              85.63541428969617,
              25.922131932282426
            ],
            [
              85.6367809506368,
              25.922230564122508
            ],
            [
              85.63775921687953,
              25.922244277996764
            ],
            [
              85.63891795286621,
              25.922191966675808
            ],
            [
              85.64003248994426,
              25.92207603367915
            ],
            [
              85.64027192330683,
              25.922091823964728
            ],
            [
              85.64031091468173,
              25.920868845380014
            ],
            [
              85.64039260028714,
              25.91984037564146
            ],
            [
              85.64047613911698,
              25.9195206521972
            ],
            [
              85.64084911872465,
              25.919208156658684
            ],
            [
              85.64120026927091,
              25.919057966632604
            ],
            [
              85.64115636411137,
              25.917662670984836
            ],
            [
              85.6417128228192,
              25.917455720135468
            ],
            [
              85.64216159238904,
              25.917062675892367
            ],
            [
              85.64300893097575,
              25.916736561938016
            ],
            [
              85.64457484183966,
              25.91643070703004
            ],
            [
              85.6455414425601,
              25.9161508350273
            ],
            [
              85.64599698093562,
              25.916037722392257
            ],
            [
              85.64543572432589,
              25.915355347788857
            ],
            [
              85.64452886426679,
              25.914340203777567
            ],
            [
              85.64408676109467,
              25.913761176954946
            ],
            [
              85.64358461991884,
              25.913103509032453
            ],
            [
              85.64314112884956,
              25.91216491931362
            ],
            [
              85.64292598862724,
              25.911336806882158
            ],
            [
              85.64281698435572,
              25.910830197175304
            ],
            [
              85.64233026994826,
              25.910180109073572
            ],
            [
              85.64173870238422,
              25.909533550057322
            ],
            [
              85.64114558971785,
              25.909022402010283
            ],
            [
              85.63933037929462,
              25.908007738402333
            ],
            [
              85.63835715260065,
              25.907565237622013
            ],
            [
              85.63764632110622,
              25.907310278970407
            ],
            [
              85.63676393744365,
              25.907216213795866
            ],
            [
              85.63622440658905,
              25.906822918870425
            ],
            [
              85.63549320489724,
              25.906603872014067
            ],
            [
              85.63439669341369,
              25.906467149735835
            ],
            [
              85.63321222159243,
              25.906600441070804
            ],
            [
              85.63223268064033,
              25.906708572299124
            ],
            [
              85.63219549128586,
              25.90474003414403
            ],
            [
              85.6321799531264,
              25.904356181994107
            ],
            [
              85.62921260214728,
              25.904147589253782
            ],
            [
              85.62895199729012,
              25.90294435067565
            ],
            [
              85.6286240538209,
              25.901090433957823
            ],
            [
              85.62858599040568,
              25.900793791003917
            ],
            [
              85.62853706186712,
              25.90041248279156
            ],
            [
              85.62976072179431,
              25.900338282100783
            ],
            [
              85.63195107496841,
              25.900399592240056
            ],
            [
              85.63198737678736,
              25.899415840700897
            ],
            [
              85.63183035217402,
              25.8983174110981
            ],
            [
              85.63161926964182,
              25.89714624336529
            ],
            [
              85.6314072519634,
              25.896056322274966
            ],
            [
              85.63117090431383,
              25.895345363688378
            ],
            [
              85.62994376610985,
              25.895293147107957
            ],
            [
              85.62760338260519,
              25.89526650262218
            ],
            [
              85.62702014961035,
              25.89520681332769
            ],
            [
              85.6269747379761,
              25.894818162244704
            ],
            [
              85.62708648031261,
              25.894218833214616
            ],
            [
              85.62787754483665,
              25.894000609876148
            ],
            [
              85.62911210941307,
              25.89384074596926
            ],
            [
              85.6298284718347,
              25.89360826409028
            ],
            [
              85.62999342228383,
              25.89315389035508
            ],
            [
              85.63003326436329,
              25.89229656763039
            ],
            [
              85.62997297932289,
              25.891898749907963
            ],
            [
              85.63054419735082,
              25.89170100629074
            ],
            [
              85.63136424332254,
              25.891564292604695
            ],
            [
              85.63103913224144,
              25.890328849333983
            ],
            [
              85.63071620316816,
              25.88933719167296
            ],
            [
              85.63048054722135,
              25.88856755300052
            ],
            [
              85.62873125337701,
              25.888361430393466
            ],
            [
              85.62747082540523,
              25.888173454020475
            ],
            [
              85.626468678349,
              25.88809174098669
            ],
            [
              85.626341631415,
              25.887208978163915
            ],
            [
              85.62628391735295,
              25.886807960696213
            ],
            [
              85.62626186640766,
              25.88526389806491
            ],
            [
              85.62580648523732,
              25.884510229395246
            ],
            [
              85.62502520606166,
              25.883888894983304
            ],
            [
              85.62475358606247,
              25.883675951096976
            ],
            [
              85.6245356107571,
              25.883505062299804
            ],
            [
              85.62438373259201,
              25.882831006693397
            ],
            [
              85.62437300940245,
              25.881983330152114
            ],
            [
              85.62437070971534,
              25.881801647671445
            ],
            [
              85.6245798455983,
              25.8805486843015
            ],
            [
              85.62452606705551,
              25.87959116480067
            ],
            [
              85.6222511258193,
              25.87954249421595
            ],
            [
              85.6206301913476,
              25.879468407297605
            ],
            [
              85.6190530632207,
              25.879489517378286
            ],
            [
              85.61715639177088,
              25.879525621677246
            ],
            [
              85.61569437017124,
              25.879475552832826
            ],
            [
              85.61538761795958,
              25.87929207061094
            ],
            [
              85.61467401875576,
              25.878865439276296
            ],
            [
              85.61429797409637,
              25.878590996784432
            ],
            [
              85.61406725888364,
              25.878263772668422
            ],
            [
              85.61373986518338,
              25.87766928662733
            ],
            [
              85.61361184178067,
              25.877094762013563
            ],
            [
              85.61364720755509,
              25.876630139204618
            ],
            [
              85.6138029502725,
              25.87611249580321
            ],
            [
              85.61390837655426,
              25.875630486027653
            ],
            [
              85.61385292894165,
              25.875250763965646
            ],
            [
              85.61367290655872,
              25.874856310170607
            ],
            [
              85.61334288798122,
              25.874487507653306
            ],
            [
              85.61277127289796,
              25.87429696236017
            ],
            [
              85.61217386987784,
              25.874178395049462
            ],
            [
              85.61144186239719,
              25.874049509320205
            ],
            [
              85.61131770803841,
              25.873998664645335
            ],
            [
              85.61121573038903,
              25.873758436879925
            ],
            [
              85.61108582321914,
              25.87334640310306
            ],
            [
              85.61100654779366,
              25.87287165487417
            ],
            [
              85.61088038929347,
              25.872139150266328
            ],
            [
              85.61063842537675,
              25.871495818860552
            ],
            [
              85.61046773738792,
              25.870731287868306
            ],
            [
              85.6104385322597,
              25.87027223178126
            ],
            [
              85.61042980512674,
              25.870135052767427
            ],
            [
              85.6106364472865,
              25.86953213005795
            ],
            [
              85.61108713116623,
              25.868967658290273
            ],
            [
              85.61166626155517,
              25.86851275164016
            ],
            [
              85.61224765569862,
              25.867863756084823
            ],
            [
              85.61239346484567,
              25.867341504087197
            ],
            [
              85.61245488355995,
              25.86678233328511
            ],
            [
              85.61247820382474,
              25.866127013643254
            ],
            [
              85.61248459174469,
              25.865947490854122
            ],
            [
              85.6125546684217,
              25.865501257195767
            ],
            [
              85.61285954135776,
              25.865030181193642
            ],
            [
              85.61363259555867,
              25.864202442935497
            ],
            [
              85.61439366443706,
              25.86354612362599
            ],
            [
              85.6148130581988,
              25.86309419261845
            ],
            [
              85.61502711505291,
              25.86270801607514
            ],
            [
              85.61508804328705,
              25.862189465339693
            ],
            [
              85.61495881614185,
              25.861718756060846
            ],
            [
              85.61479792158626,
              25.861396712009746
            ],
            [
              85.61457112033321,
              25.86116432469988
            ],
            [
              85.61385142965347,
              25.860841460275072
            ],
            [
              85.6129549756786,
              25.860701984284496
            ],
            [
              85.612223680562,
              25.860518941753387
            ],
            [
              85.61165722899499,
              25.86031941409412
            ],
            [
              85.6111922951399,
              25.859971888329028
            ],
            [
              85.61087335189153,
              25.859546266393608
            ],
            [
              85.610769806682,
              25.85940808629943
            ],
            [
              85.6106274273027,
              25.858783764700863
            ],
            [
              85.61069599930161,
              25.858039579879865
            ],
            [
              85.61087027965326,
              25.85721514986513
            ],
            [
              85.61108987731605,
              25.856355040877457
            ],
            [
              85.6113087329704,
              25.855558123202286
            ],
            [
              85.61127937333197,
              25.854655002733644
            ],
            [
              85.6111106517553,
              25.853723464849335
            ],
            [
              85.61091931778631,
              25.85344626873984
            ],
            [
              85.60973303855471,
              25.852924809951535
            ],
            [
              85.6086181637101,
              25.85269744885068
            ],
            [
              85.60783390392436,
              25.852355881315745
            ],
            [
              85.60657169459336,
              25.851614415163624
            ],
            [
              85.60549026762006,
              25.850979132246177
            ],
            [
              85.60439181577546,
              25.850630013915556
            ],
            [
              85.60384421176143,
              25.85052995196289
            ],
            [
              85.60271732644145,
              25.850478484382982
            ],
            [
              85.60044424292123,
              25.850321166323205
            ],
            [
              85.59977915813266,
              25.850030359622387
            ],
            [
              85.5994355067224,
              25.849557571150676
            ],
            [
              85.59944474859005,
              25.84919652502928
            ],
            [
              85.59953359107334,
              25.848854303866666
            ],
            [
              85.60041216767571,
              25.848384272323226
            ],
            [
              85.60142913423918,
              25.848023907370372
            ],
            [
              85.60251189700733,
              25.847582914304912
            ],
            [
              85.60305198571572,
              25.84732908166188
            ],
            [
              85.60342489255981,
              25.847153820759768
            ],
            [
              85.60444794341271,
              25.84669869514962
            ],
            [
              85.60480671975743,
              25.846733742311606
            ],
            [
              85.60547435306648,
              25.847232203008065
            ],
            [
              85.606004082403,
              25.8480047020177
            ],
            [
              85.60638468421584,
              25.848306291824766
            ],
            [
              85.60680419925015,
              25.848267431715172
            ],
            [
              85.60722371338616,
              25.848228572401265
            ],
            [
              85.60811352521777,
              25.84807459263843
            ],
            [
              85.60888498940064,
              25.847802106215145
            ],
            [
              85.60984523543874,
              25.847170285612044
            ],
            [
              85.61058052805838,
              25.84657693587133
            ],
            [
              85.61065566674199,
              25.84651592117363
            ],
            [
              85.61160797257133,
              25.845742608024672
            ],
            [
              85.61243902380359,
              25.8450643933269
            ],
            [
              85.6139000500699,
              25.8438369406085
            ],
            [
              85.61516546009824,
              25.842631718028976
            ],
            [
              85.61531253227656,
              25.84249163926122
            ],
            [
              85.6161433750997,
              25.84172334717626
            ],
            [
              85.61658332321345,
              25.841316514305227
            ],
            [
              85.61698236025254,
              25.840891464737236
            ],
            [
              85.61732342720973,
              25.840303350845378
            ],
            [
              85.61723862984017,
              25.83987369405079
            ],
            [
              85.61704430897285,
              25.83942493567228
            ],
            [
              85.61647673900329,
              25.838900397725194
            ],
            [
              85.61643300721866,
              25.838878193764618
            ],
            [
              85.61574278936503,
              25.83852775338186
            ],
            [
              85.61464095356676,
              25.838047770894082
            ],
            [
              85.61386186089052,
              25.83769725690265
            ],
            [
              85.61292992885186,
              25.837620647065517
            ],
            [
              85.61186731529554,
              25.83762855270755
            ],
            [
              85.61062220809094,
              25.837458650819734
            ],
            [
              85.61011215635071,
              25.837137776111092
            ],
            [
              85.60959503397088,
              25.83656855162059
            ],
            [
              85.60946885930103,
              25.83584055760235
            ],
            [
              85.60969214095478,
              25.835088823885823
            ],
            [
              85.60994798294433,
              25.834111688885155
            ],
            [
              85.60994565630774,
              25.833457108295644
            ],
            [
              85.60996351212064,
              25.832355812009787
            ],
            [
              85.61002847828196,
              25.831918556691736
            ],
            [
              85.61033783381131,
              25.831483638099737
            ],
            [
              85.61046305896193,
              25.831333519229176
            ],
            [
              85.61058066100905,
              25.831192536864283
            ],
            [
              85.61167988540477,
              25.830607172388557
            ],
            [
              85.61293434137653,
              25.829969108390298
            ],
            [
              85.61374741642165,
              25.82953899038296
            ],
            [
              85.61383419188147,
              25.82948899011736
            ],
            [
              85.61485721398827,
              25.82889952907268
            ],
            [
              85.6158553868977,
              25.82842150714198
            ],
            [
              85.61742647115935,
              25.82757425061126
            ],
            [
              85.61842115411389,
              25.8269876812378
            ],
            [
              85.61848116157486,
              25.82695229428072
            ],
            [
              85.61923944118429,
              25.826512594851057
            ],
            [
              85.61984368218036,
              25.826021771349417
            ],
            [
              85.6202117363253,
              25.82568218628602
            ],
            [
              85.62041656478652,
              25.825223680621722
            ],
            [
              85.62038074805781,
              25.824871230864456
            ],
            [
              85.62021016876514,
              25.824526531323436
            ],
            [
              85.61978004462732,
              25.82419742229992
            ],
            [
              85.61924286196887,
              25.82404105579396
            ],
            [
              85.61913878316005,
              25.824010759749438
            ],
            [
              85.61803260939732,
              25.823914473310136
            ],
            [
              85.61712582120342,
              25.823829102993418
            ],
            [
              85.61642981101285,
              25.823632881298277
            ],
            [
              85.61614327987826,
              25.82339541287721
            ],
            [
              85.61578561834284,
              25.822841271681934
            ],
            [
              85.61558741675348,
              25.822514359836457
            ],
            [
              85.61538921606247,
              25.822187447088346
            ],
            [
              85.61495822325378,
              25.821506207366223
            ],
            [
              85.61456693508234,
              25.820810387396303
            ],
            [
              85.61455752612802,
              25.82079365526345
            ],
            [
              85.61455428859976,
              25.820788518857206
            ],
            [
              85.61411677941196,
              25.82009426260924
            ],
            [
              85.61368978859787,
              25.819498828287056
            ],
            [
              85.61315839108984,
              25.81887531009758
            ],
            [
              85.61251770634102,
              25.818214632974687
            ],
            [
              85.61223324761977,
              25.817801123955785
            ],
            [
              85.61211887501612,
              25.81734409509994
            ],
            [
              85.61205805637644,
              25.81657158273728
            ],
            [
              85.61193004016023,
              25.816001570368897
            ],
            [
              85.61120140226025,
              25.815186564347496
            ],
            [
              85.6104663126599,
              25.814497890671433
            ],
            [
              85.61002970268571,
              25.813875268851575
            ],
            [
              85.6099129172072,
              25.81362586985871
            ],
            [
              85.60986789723842,
              25.81321013227033
            ],
            [
              85.61033431960193,
              25.81256003025001
            ],
            [
              85.61065815956691,
              25.812161361115592
            ],
            [
              85.61086545929344,
              25.811919573936436
            ],
            [
              85.61092531493914,
              25.811491295639094
            ],
            [
              85.61056330196448,
              25.8108874448295
            ],
            [
              85.60999469803406,
              25.81003784861416
            ],
            [
              85.60951120408687,
              25.80929454033328
            ],
            [
              85.60942148484786,
              25.80915660885937
            ],
            [
              85.6088531611918,
              25.808284440359827
            ],
            [
              85.60835186083905,
              25.807652166183413
            ],
            [
              85.60767189635612,
              25.80694595118226
            ],
            [
              85.60718424859907,
              25.806426658679307
            ],
            [
              85.60707718468856,
              25.806199923161174
            ],
            [
              85.60721725539756,
              25.805736299632667
            ],
            [
              85.60777420817877,
              25.805019360697713
            ],
            [
              85.6080923609097,
              25.804679325600578
            ],
            [
              85.60816649617513,
              25.804309869970837
            ],
            [
              85.60774378493504,
              25.803782174384665
            ],
            [
              85.6066933534323,
              25.8027744682294
            ],
            [
              85.60630020125662,
              25.80227864934153
            ],
            [
              85.60624947069759,
              25.801926053663795
            ],
            [
              85.60651000189293,
              25.80139587427283
            ],
            [
              85.60726707236996,
              25.800622167696233
            ],
            [
              85.60793269255447,
              25.79999203712352
            ],
            [
              85.60824339106513,
              25.79943524931685
            ],
            [
              85.60839629869955,
              25.79915231477362
            ],
            [
              85.608638375804,
              25.798919891763493
            ],
            [
              85.60919730398052,
              25.79888461207564
            ],
            [
              85.61013874378816,
              25.798974870017716
            ],
            [
              85.61092157525262,
              25.798982350396944
            ],
            [
              85.611142271555,
              25.798946835373506
            ],
            [
              85.61171595815333,
              25.798854510982487
            ],
            [
              85.61264292161015,
              25.79847513529447
            ],
            [
              85.61317345314225,
              25.79830865579574
            ],
            [
              85.6135437943979,
              25.798194817296928
            ],
            [
              85.61361365637754,
              25.79776211709791
            ],
            [
              85.61361770238958,
              25.796985708086037
            ],
            [
              85.61354454538947,
              25.79598736582616
            ],
            [
              85.61341932203548,
              25.795178123968252
            ],
            [
              85.61331073907382,
              25.794224586673394
            ],
            [
              85.61319937133479,
              25.7939391283333
            ],
            [
              85.61249803503291,
              25.793359130638326
            ],
            [
              85.61175534658359,
              25.79290513439257
            ],
            [
              85.61086366535784,
              25.792400053650397
            ],
            [
              85.60986235373481,
              25.79188940684641
            ],
            [
              85.60906484110365,
              25.791434871954767
            ],
            [
              85.60838557101843,
              25.791103349653802
            ],
            [
              85.60793969043053,
              25.790855314146334
            ],
            [
              85.60788302290575,
              25.790583918986144
            ],
            [
              85.60789470459771,
              25.790010723384558
            ],
            [
              85.60792720294977,
              25.78978983672806
            ],
            [
              85.60846347561483,
              25.78955571539837
            ],
            [
              85.60965981777422,
              25.789160876400103
            ],
            [
              85.61064643475582,
              25.788791108716243
            ],
            [
              85.61141440898379,
              25.788356047943736
            ],
            [
              85.61216752687359,
              25.78791181318714
            ],
            [
              85.61288988285483,
              25.78753950827417
            ],
            [
              85.61291450118517,
              25.78713797735263
            ],
            [
              85.61285368164715,
              25.78636546219523
            ],
            [
              85.61283033892451,
              25.78623444732635
            ],
            [
              85.61275539068372,
              25.785813787947696
            ],
            [
              85.61268035171311,
              25.78497793835512
            ],
            [
              85.61277964699305,
              25.784586147325804
            ],
            [
              85.6130309767449,
              25.78398363564154
            ],
            [
              85.61319818016875,
              25.783326152397862
            ],
            [
              85.6137382976232,
              25.781900286234194
            ],
            [
              85.6140116567608,
              25.78111741298481
            ],
            [
              85.61400640610796,
              25.780282229189954
            ],
            [
              85.61387211156624,
              25.779396158236636
            ],
            [
              85.61370418230366,
              25.77883027777449
            ],
            [
              85.6136692836532,
              25.77840109284144
            ],
            [
              85.61378557326167,
              25.778262259068544
            ],
            [
              85.61406938519589,
              25.77823379727163
            ],
            [
              85.61448441134873,
              25.778192174358676
            ],
            [
              85.61480898074572,
              25.77815012270395
            ],
            [
              85.61501389814015,
              25.777678077801877
            ],
            [
              85.61516208782267,
              25.777368006126665
            ],
            [
              85.61539602259737,
              25.776972979330196
            ],
            [
              85.61624708200597,
              25.776674107055577
            ],
            [
              85.61693247141494,
              25.77647296906207
            ],
            [
              85.61798572093272,
              25.77636560693686
            ],
            [
              85.6190731351774,
              25.77632176123332
            ],
            [
              85.6199988787221,
              25.776461458788148
            ],
            [
              85.62076919485804,
              25.776676418166332
            ],
            [
              85.62136113881618,
              25.7767948849798
            ],
            [
              85.62197936568292,
              25.776796227800904
            ],
            [
              85.62241843614264,
              25.776768787329097
            ],
            [
              85.62265934633554,
              25.776631125402766
            ],
            [
              85.6221875367753,
              25.77603980535559
            ],
            [
              85.62160357704336,
              25.77523073719923
            ],
            [
              85.62119358415106,
              25.77446845772456
            ],
            [
              85.62106010438131,
              25.77393902517919
            ],
            [
              85.62107649234706,
              25.773383927092272
            ],
            [
              85.6213040580664,
              25.773106199914242
            ],
            [
              85.62166460409222,
              25.77296967436438
            ],
            [
              85.62227516832955,
              25.773201169404107
            ],
            [
              85.62313144874659,
              25.77374195722637
            ],
            [
              85.6239649469897,
              25.774097438906814
            ],
            [
              85.62453117487622,
              25.774283363045274
            ],
            [
              85.62531685759339,
              25.774462330780597
            ],
            [
              85.6258143904118,
              25.77455280064941
            ],
            [
              85.6265355282775,
              25.774708581258384
            ],
            [
              85.62709615606651,
              25.77494861289593
            ],
            [
              85.62758055192225,
              25.775314323224755
            ],
            [
              85.6280025849343,
              25.77590064362787
            ],
            [
              85.62828835609417,
              25.77619676505366
            ],
            [
              85.6289397667275,
              25.776347362298466
            ],
            [
              85.629553941294,
              25.776267376748105
            ],
            [
              85.63020809268728,
              25.775745369359733
            ],
            [
              85.63054847961978,
              25.775193318099326
            ],
            [
              85.63082633482537,
              25.774442051354317
            ],
            [
              85.63096735864687,
              25.773883609810724
            ],
            [
              85.6309437158869,
              25.773337162397237
            ],
            [
              85.63017797217579,
              25.773158412191172
            ],
            [
              85.6298408676873,
              25.77301109767986
            ],
            [
              85.62976622577204,
              25.77297847983349
            ],
            [
              85.62955154638544,
              25.772570173952584
            ],
            [
              85.62943470431307,
              25.772325303165715
            ],
            [
              85.62942244500438,
              25.77209044599562
            ],
            [
              85.62995854698954,
              25.77186075277441
            ],
            [
              85.63009392310288,
              25.771794314322058
            ],
            [
              85.62994981267003,
              25.77131895892433
            ],
            [
              85.62985249637867,
              25.77111038715296
            ],
            [
              85.6294332831783,
              25.771147067335644
            ],
            [
              85.62929644370936,
              25.770473153121838
            ],
            [
              85.62920032217735,
              25.77016076270673
            ],
            [
              85.62900221221616,
              25.769612669678892
            ],
            [
              85.6288588401985,
              25.769507492059283
            ],
            [
              85.6286153024334,
              25.76944199717641
            ],
            [
              85.6284878674272,
              25.76881782815845
            ],
            [
              85.62849290068773,
              25.768379991311903
            ],
            [
              85.62838011181393,
              25.76778304569161
            ],
            [
              85.62821903040873,
              25.76705021594959
            ],
            [
              85.62802077222555,
              25.766082295002565
            ],
            [
              85.62787677857372,
              25.765597910886793
            ],
            [
              85.62657106742678,
              25.76555850911437
            ],
            [
              85.62532408004827,
              25.765614449369146
            ],
            [
              85.6252822329291,
              25.765352227225154
            ],
            [
              85.62523404909388,
              25.765207314675315
            ],
            [
              85.62499031369941,
              25.765159869618916
            ],
            [
              85.62460627583062,
              25.765174299079465
            ],
            [
              85.62429593844267,
              25.764417483803726
            ],
            [
              85.62425373918389,
              25.763753487956077
            ],
            [
              85.62437197903485,
              25.763443121820398
            ],
            [
              85.62480934359385,
              25.763126743034206
            ],
            [
              85.6255651034289,
              25.762867540333296
            ],
            [
              85.62603044871237,
              25.762718449375782
            ],
            [
              85.62608206141702,
              25.762565450638494
            ],
            [
              85.62608491985627,
              25.76231719284896
            ],
            [
              85.62606300994648,
              25.762055159206664
            ],
            [
              85.62571840362708,
              25.761740957060205
            ],
            [
              85.62570780440502,
              25.761731292375455
            ],
            [
              85.62515010063225,
              25.761242999050733
            ],
            [
              85.62452791399174,
              25.760727008735138
            ],
            [
              85.62426181413996,
              25.760458152996407
            ],
            [
              85.62373292562656,
              25.76049829511469
            ],
            [
              85.62299306776865,
              25.760676383176886
            ],
            [
              85.62195434131405,
              25.760833580824574
            ],
            [
              85.62093093023672,
              25.760959314845408
            ],
            [
              85.620462478579,
              25.760945847625884
            ],
            [
              85.62006141224565,
              25.760278449761113
            ],
            [
              85.61989689388624,
              25.759848035139548
            ],
            [
              85.61859020177899,
              25.759675245080274
            ],
            [
              85.61604804678005,
              25.759595968344467
            ],
            [
              85.61536525260395,
              25.75959760261661
            ],
            [
              85.61495787740239,
              25.760031955756656
            ],
            [
              85.61451593233376,
              25.76055660500226
            ],
            [
              85.61400910374877,
              25.76108589660224
            ],
            [
              85.61312260939546,
              25.761304742112795
            ],
            [
              85.6125386999692,
              25.761057932288004
            ],
            [
              85.61162042232284,
              25.760658533364428
            ],
            [
              85.61079743436856,
              25.760444010980812
            ],
            [
              85.6103562483763,
              25.759578556063353
            ],
            [
              85.61021506285807,
              25.759055340985686
            ],
            [
              85.60980422195614,
              25.75834322093398
            ],
            [
              85.60935769008967,
              25.757355939369216
            ],
            [
              85.60870828539436,
              25.756865602154186
            ],
            [
              85.60795426379937,
              25.756371025827562
            ],
            [
              85.60693116713239,
              25.755908616907337
            ],
            [
              85.60645260313952,
              25.755878261378193
            ],
            [
              85.60567069244821,
              25.756065206783116
            ],
            [
              85.60491977992245,
              25.75662665935837
            ],
            [
              85.60359637106609,
              25.75740166020001
            ],
            [
              85.60230267308947,
              25.75814500492736
            ],
            [
              85.60015244496412,
              25.75911146391363
            ],
            [
              85.59943599630425,
              25.75955552091081
            ],
            [
              85.59895677294794,
              25.75929034287745
            ],
            [
              85.59834350388324,
              25.759228622230214
            ],
            [
              85.5980741557234,
              25.75913904762438
            ],
            [
              85.59745517696678,
              25.758829076378294
            ],
            [
              85.59701049023988,
              25.75842847822134
            ],
            [
              85.596770144189,
              25.75805892381738
            ],
            [
              85.59653422683243,
              25.75747280572911
            ],
            [
              85.59642814478052,
              25.756981099252275
            ],
            [
              85.59561060960002,
              25.75691981187202
            ],
            [
              85.59479386763189,
              25.757138436905596
            ],
            [
              85.59339362856424,
              25.757231995222526
            ],
            [
              85.59305400519973,
              25.75698903616432
            ],
            [
              85.59263930064375,
              25.75661543276007
            ],
            [
              85.59260845609018,
              25.75630860220096
            ],
            [
              85.59209332707196,
              25.75565995199009
            ],
            [
              85.5922252069422,
              25.754734426958468
            ],
            [
              85.59229095194291,
              25.753339605849643
            ],
            [
              85.59280108632812,
              25.752228178780708
            ],
            [
              85.59283325410014,
              25.75127133497712
            ],
            [
              85.59027592206446,
              25.751029103245774
            ],
            [
              85.58901006467511,
              25.751031966664748
            ],
            [
              85.58815769642113,
              25.7509753002459
            ],
            [
              85.58740947524795,
              25.750728778030773
            ],
            [
              85.5871883684155,
              25.750412112926846
            ],
            [
              85.58711002903452,
              25.750000221125838
            ],
            [
              85.58708307238946,
              25.749858489068586
            ],
            [
              85.58679330013331,
              25.747837259226255
            ],
            [
              85.58590685159412,
              25.746282246146873
            ],
            [
              85.58503955962833,
              25.74446988996368
            ],
            [
              85.58301101010487,
              25.7443436416679
            ],
            [
              85.5822989533084,
              25.744552922342635
            ],
            [
              85.58201265843071,
              25.74556898306066
            ],
            [
              85.58072805320137,
              25.74596005329274
            ],
            [
              85.58084596606558,
              25.747151303920315
            ],
            [
              85.58065205033844,
              25.749124059918927
            ],
            [
              85.58063976497863,
              25.750411884758332
            ],
            [
              85.5798815329799,
              25.751639730835407
            ],
            [
              85.57953040039997,
              25.75260635522719
            ],
            [
              85.57889994207231,
              25.753505921103905
            ],
            [
              85.57858876296295,
              25.754544685705362
            ],
            [
              85.57835030517077,
              25.754793403120665
            ],
            [
              85.5781902397602,
              25.75458163638485
            ],
            [
              85.57795534738139,
              25.754365552822993
            ],
            [
              85.57763548605479,
              25.754045788107398
            ],
            [
              85.57700679291669,
              25.75375836896018
            ],
            [
              85.57672726774301,
              25.753619119618804
            ],
            [
              85.57641308017574,
              25.753547601219186
            ],
            [
              85.57609411716444,
              25.7535482638613
            ],
            [
              85.57570084730948,
              25.753689075630547
            ],
            [
              85.57526692868788,
              25.753586302263173
            ],
            [
              85.57490769420241,
              25.7534426326749
            ],
            [
              85.57459350843178,
              25.75337110931449
            ],
            [
              85.57423515878686,
              25.753552474349082
            ],
            [
              85.57384235156422,
              25.753873755808357
            ],
            [
              85.57360875904766,
              25.754126987693162
            ],
            [
              85.5735708815837,
              25.754840179975787
            ],
            [
              85.57388829859441,
              25.756130268912454
            ],
            [
              85.57314272834961,
              25.75684957620896
            ],
            [
              85.57203759842919,
              25.75735301785034
            ],
            [
              85.57104648178634,
              25.7576033636836
            ],
            [
              85.57013944475912,
              25.75764147198381
            ],
            [
              85.56907179255238,
              25.757215131138654
            ],
            [
              85.56843683186854,
              25.756467284605485
            ],
            [
              85.56831495294234,
              25.755641577144527
            ],
            [
              85.56716812142983,
              25.755427464797418
            ],
            [
              85.56669429515175,
              25.755288616287007
            ],
            [
              85.56613968697344,
              25.7547527226547
            ],
            [
              85.56542646865529,
              25.75457372439339
            ],
            [
              85.56459866123951,
              25.754394954832215
            ],
            [
              85.56392560929265,
              25.754288088931
            ],
            [
              85.56333201602764,
              25.754077267112415
            ],
            [
              85.56281693641678,
              25.75343303608717
            ],
            [
              85.56277470841191,
              25.752539461806474
            ],
            [
              85.56261357041289,
              25.75189444813295
            ],
            [
              85.56225913472763,
              25.751678566002493
            ],
            [
              85.56162570028145,
              25.75146778081607
            ],
            [
              85.56115135028556,
              25.75114383818095
            ],
            [
              85.56170350426652,
              25.750749942624445
            ],
            [
              85.56265606970895,
              25.750411615325298
            ],
            [
              85.56286099339157,
              25.750146531767523
            ],
            [
              85.56295350279787,
              25.74974503938114
            ],
            [
              85.56269380434077,
              25.748292628648013
            ],
            [
              85.56200353797816,
              25.747319279272116
            ],
            [
              85.56051359494285,
              25.74734954232059
            ],
            [
              85.55905068221446,
              25.748219212074893
            ],
            [
              85.55761577626168,
              25.748357615741178
            ],
            [
              85.55660461820484,
              25.74857636010328
            ],
            [
              85.55508122909487,
              25.749202370278194
            ],
            [
              85.55367739317283,
              25.749828148984484
            ],
            [
              85.55318345810713,
              25.75000036838403
            ],
            [
              85.55266164202993,
              25.750182305751554
            ],
            [
              85.5517098293757,
              25.75021140861667
            ],
            [
              85.55139521960027,
              25.749963785234016
            ],
            [
              85.55082075595922,
              25.750411112869106
            ],
            [
              85.54957808498565,
              25.750698666336923
            ],
            [
              85.54800418540391,
              25.75107648517479
            ],
            [
              85.54668482076298,
              25.75161630496588
            ],
            [
              85.54406064508701,
              25.752537832291747
            ],
            [
              85.54305536919864,
              25.75311301885209
            ],
            [
              85.5406251559622,
              25.75389413664787
            ],
            [
              85.53838390334577,
              25.754507888739614
            ],
            [
              85.53679015818277,
              25.754971384850013
            ],
            [
              85.53547108998588,
              25.755646460706416
            ],
            [
              85.52906727790479,
              25.758028342302136
            ],
            [
              85.52705566072613,
              25.758840123967076
            ],
            [
              85.52523909474512,
              25.759971852771994
            ],
            [
              85.52392290385208,
              25.761960137110563
            ],
            [
              85.52432263259392,
              25.764577092206757
            ],
            [
              85.52468090408544,
              25.76648553783878
            ],
            [
              85.52597359235571,
              25.769398673941865
            ],
            [
              85.52802146913251,
              25.7733394209911
            ],
            [
              85.52931569621683,
              25.776866302010465
            ],
            [
              85.5293623493228,
              25.777597360264473
            ],
            [
              85.52812681995574,
              25.777906572266374
            ],
            [
              85.52470316433819,
              25.778346364710362
            ],
            [
              85.52350369514326,
              25.776985597784574
            ],
            [
              85.52231348129072,
              25.77748883268884
            ],
            [
              85.5208238005635,
              25.777798537606813
            ],
            [
              85.51826223566621,
              25.778105649938404
            ],
            [
              85.51506463120843,
              25.779316516911166
            ],
            [
              85.51450890462758,
              25.78046397293075
            ],
            [
              85.51257505999295,
              25.78060287207481
            ],
            [
              85.50967383939178,
              25.780639639111197
            ],
            [
              85.50744150075792,
              25.781049827843
            ],
            [
              85.50625226337408,
              25.78205834878802
            ],
            [
              85.50554576355594,
              25.782700500923752
            ],
            [
              85.50335256631566,
              25.78277203330568
            ],
            [
              85.50111939584183,
              25.782843567262244
            ],
            [
              85.50034253188582,
              25.78325106772999
            ],
            [
              85.49964645611823,
              25.784109770606232
            ],
            [
              85.4977338054361,
              25.782946595982523
            ],
            [
              85.49717956017716,
              25.782046915091936
            ],
            [
              85.49594616520724,
              25.781056125933407
            ],
            [
              85.49585640823899,
              25.781033698388253
            ],
            [
              85.49576665127074,
              25.781011270029946
            ],
            [
              85.49481495719412,
              25.781215982939568
            ],
            [
              85.49393282505986,
              25.78131675705824
            ],
            [
              85.4896609558965,
              25.781468315243963
            ],
            [
              85.48874867180972,
              25.781438169284375
            ],
            [
              85.48736733239733,
              25.781169678359216
            ],
            [
              85.48699347423732,
              25.781174763904367
            ],
            [
              85.48659478843949,
              25.78123864260399
            ],
            [
              85.4859172206617,
              25.781460888764723
            ],
            [
              85.4854790781617,
              25.78171879464251
            ],
            [
              85.48527002941529,
              25.781895139244213
            ],
            [
              85.48429506088797,
              25.782921251949677
            ],
            [
              85.48388192928208,
              25.78327845816935
            ],
            [
              85.48351853020692,
              25.783536301855676
            ],
            [
              85.48306037773392,
              25.78377621290458
            ],
            [
              85.4827067074133,
              25.783903229769013
            ],
            [
              85.48237777579729,
              25.783966942796717
            ],
            [
              85.48212361365734,
              25.783971847841844
            ],
            [
              85.48188912911365,
              25.78390451184369
            ],
            [
              85.48172956855626,
              25.78390028301941
            ],
            [
              85.48189979840427,
              25.784252026367348
            ],
            [
              85.48202085806692,
              25.784969412028826
            ],
            [
              85.4819719169519,
              25.7854705019153
            ],
            [
              85.48181289179045,
              25.78569636872717
            ],
            [
              85.48110066521235,
              25.78604053334242
            ],
            [
              85.4809315546652,
              25.786225869323083
            ],
            [
              85.48083742918972,
              25.786541897760646
            ],
            [
              85.48078986968363,
              25.787742490293255
            ],
            [
              85.48071577124912,
              25.788063062861585
            ],
            [
              85.48062616699447,
              25.788162537001263
            ],
            [
              85.4804966658631,
              25.78822594118649
            ],
            [
              85.48005313886125,
              25.788271769025854
            ],
            [
              85.47850242210204,
              25.788138819064788
            ],
            [
              85.47835053136052,
              25.78823495986854
            ],
            [
              85.47833818940683,
              25.78829230572878
            ],
            [
              85.47833834122214,
              25.788346625654913
            ],
            [
              85.47839066269755,
              25.78967795391379
            ],
            [
              85.47842098083838,
              25.7898674966445
            ],
            [
              85.47843617494308,
              25.789993851017115
            ],
            [
              85.47847632963628,
              25.79014722770467
            ],
            [
              85.4784964006947,
              25.790228473769403
            ],
            [
              85.47859685569965,
              25.790580283275677
            ],
            [
              85.47862701933026,
              25.790747271060063
            ],
            [
              85.47868722621722,
              25.79094119433286
            ],
            [
              85.47896279880368,
              25.79164485094
            ],
            [
              85.4791878699015,
              25.792037205046405
            ],
            [
              85.47987272032127,
              25.79298390520213
            ],
            [
              85.48035834417396,
              25.794021140170027
            ],
            [
              85.48045872911035,
              25.794364017264392
            ],
            [
              85.4805805253915,
              25.79551020103565
            ],
            [
              85.48054628071456,
              25.795835167833943
            ],
            [
              85.48046210857242,
              25.796106093194584
            ],
            [
              85.48004470907061,
              25.796874027789862
            ],
            [
              85.48001544824686,
              25.797199002981245
            ],
            [
              85.47981641661418,
              25.797384375709196
            ],
            [
              85.47966766638291,
              25.797844960955764
            ],
            [
              85.47965339484803,
              25.798151913807573
            ],
            [
              85.47955903042067,
              25.798382219317013
            ],
            [
              85.47959956420293,
              25.798698106168185
            ],
            [
              85.47969479280958,
              25.798977810731248
            ],
            [
              85.48001959217528,
              25.799351825870367
            ],
            [
              85.48008982336249,
              25.799572926020456
            ],
            [
              85.48009984317117,
              25.799595409099705
            ],
            [
              85.48011561129937,
              25.799983531287367
            ],
            [
              85.48002174543701,
              25.80046207076715
            ],
            [
              85.47963987969457,
              25.80149625031561
            ],
            [
              85.47926210038834,
              25.802083592946698
            ],
            [
              85.47922258619396,
              25.802300271392816
            ],
            [
              85.47904336510824,
              25.80244498173206
            ],
            [
              85.47865536656737,
              25.80290597675948
            ],
            [
              85.47845672570186,
              25.803334981613865
            ],
            [
              85.47850688403405,
              25.803474838211304
            ],
            [
              85.47945114095843,
              25.80448431682911
            ],
            [
              85.47986614465337,
              25.805070439634818
            ],
            [
              85.48008647264648,
              25.805602644634256
            ],
            [
              85.48023254499991,
              25.806328993621758
            ],
            [
              85.4802229950101,
              25.80656828273619
            ],
            [
              85.48048350284924,
              25.807199716774527
            ],
            [
              85.48074845824735,
              25.807551250278657
            ],
            [
              85.48158253770043,
              25.808299217173307
            ],
            [
              85.48237201579968,
              25.80911928537941
            ],
            [
              85.48287676927634,
              25.809705276082227
            ],
            [
              85.48320172494891,
              25.81016960786717
            ],
            [
              85.4833720931375,
              25.810570971816706
            ],
            [
              85.48356302376293,
              25.811360468661235
            ],
            [
              85.48359977294288,
              25.812285695075833
            ],
            [
              85.48348540033923,
              25.81244828861482
            ],
            [
              85.48332095025175,
              25.81248014433596
            ],
            [
              85.48014457927233,
              25.812404022798855
            ],
            [
              85.47988532727796,
              25.812431479284143
            ],
            [
              85.47960126201882,
              25.81255382117113
            ],
            [
              85.47934676929884,
              25.812445840724866
            ],
            [
              85.47899276121167,
              25.812450941910793
            ],
            [
              85.4789380735738,
              25.812527728965154
            ],
            [
              85.47880341072282,
              25.812518935328406
            ],
            [
              85.47856922082657,
              25.812578009728593
            ],
            [
              85.47844478799003,
              25.812686535107076
            ],
            [
              85.47848514660079,
              25.812939165144122
            ],
            [
              85.47840073640513,
              25.81312436607004
            ],
            [
              85.47845781895155,
              25.814324748389602
            ],
            [
              85.48085214539071,
              25.81475884209675
            ],
            [
              85.48118185404942,
              25.815092254393363
            ],
            [
              85.48204883789307,
              25.817311429609088
            ],
            [
              85.48240128560658,
              25.81904845381333
            ],
            [
              85.48268253734227,
              25.820045446236954
            ],
            [
              85.4830525363398,
              25.82058185433249
            ],
            [
              85.48402718866014,
              25.821731201734494
            ],
            [
              85.48417260704,
              25.82215526487034
            ],
            [
              85.48397046993144,
              25.82328834876877
            ],
            [
              85.48359096585983,
              25.825577212847733
            ],
            [
              85.48327946605194,
              25.826949689016253
            ],
            [
              85.48322589771492,
              25.82761777737326
            ],
            [
              85.48332188180471,
              25.828235936362525
            ],
            [
              85.48348765511061,
              25.82885393687769
            ],
            [
              85.48363794505428,
              25.829187679812676
            ],
            [
              85.48393257809443,
              25.829385857933232
            ],
            [
              85.48426206666589,
              25.829601960867553
            ],
            [
              85.4846669059234,
              25.830034556898
            ],
            [
              85.48520719136286,
              25.830900218839908
            ],
            [
              85.48536788110255,
              25.83147309292296
            ],
            [
              85.48535322598701,
              25.831626646354685
            ],
            [
              85.4850742523789,
              25.831775981365443
            ],
            [
              85.4844113190554,
              25.83192604792746
            ],
            [
              85.48404263608974,
              25.83211159917622
            ],
            [
              85.4840283924026,
              25.832508872698988
            ],
            [
              85.4841038688528,
              25.83281108901455
            ],
            [
              85.48463813288488,
              25.833144190127335
            ],
            [
              85.48504278169955,
              25.833477529630848
            ],
            [
              85.48520790821844,
              25.833775112158676
            ],
            [
              85.48539310579571,
              25.834108819386618
            ],
            [
              85.4858522571953,
              25.83426150911612
            ],
            [
              85.48635086439883,
              25.834224595391287
            ],
            [
              85.48695873908024,
              25.83393926092516
            ],
            [
              85.48740243227041,
              25.833888902718762
            ],
            [
              85.48767696101451,
              25.833974247992604
            ],
            [
              85.48802648381347,
              25.834203816811836
            ],
            [
              85.48847180564925,
              25.83490716310862
            ],
            [
              85.48869259627473,
              25.835606364758444
            ],
            [
              85.48875056456002,
              25.837127227395538
            ],
            [
              85.4892549128965,
              25.839947147672554
            ],
            [
              85.48936640909463,
              25.840813551254744
            ],
            [
              85.4893121122239,
              25.841097965253063
            ],
            [
              85.48916254362742,
              25.841147807000834
            ],
            [
              85.48872357018571,
              25.84106734290229
            ],
            [
              85.48687663036833,
              25.840285062689546
            ],
            [
              85.48543932860866,
              25.839854062913414
            ],
            [
              85.48511011581998,
              25.83983657025022
            ],
            [
              85.48472173998665,
              25.84013957068798
            ],
            [
              85.48422927636139,
              25.840790340272726
            ],
            [
              85.48391554873159,
              25.841057099337718
            ],
            [
              85.48349170561423,
              25.841089344329617
            ],
            [
              85.48255297332884,
              25.840558339348775
            ],
            [
              85.48131452084387,
              25.839725369371916
            ],
            [
              85.48056591788668,
              25.839460209752517
            ],
            [
              85.48010196229693,
              25.83941135528197
            ],
            [
              85.47964327891962,
              25.839515903306847
            ],
            [
              85.47921999994423,
              25.83981441012426
            ],
            [
              85.47877654390929,
              25.840031768206345
            ],
            [
              85.47819279887473,
              25.839946887336435
            ],
            [
              85.47782376736278,
              25.83994744600809
            ],
            [
              85.47732539192461,
              25.840151355325222
            ],
            [
              85.47693611867433,
              25.840002994612128
            ],
            [
              85.476496929637,
              25.839886410103926
            ],
            [
              85.47610788725372,
              25.839868885105595
            ],
            [
              85.47579389282427,
              25.839968697358316
            ],
            [
              85.47393568723488,
              25.8410728107178
            ],
            [
              85.4725054659963,
              25.841720426119252
            ],
            [
              85.4712744246124,
              25.842191692016144
            ],
            [
              85.47074116399851,
              25.842427192074023
            ],
            [
              85.47035261838361,
              25.842693974127904
            ],
            [
              85.47007910204083,
              25.843078072771785
            ],
            [
              85.46936379513967,
              25.844676837668665
            ],
            [
              85.46909153643828,
              25.84578748307867
            ],
            [
              85.46890844541035,
              25.84655503813805
            ],
            [
              85.46908041709172,
              25.84790420694367
            ],
            [
              85.46956119004189,
              25.848937006886295
            ],
            [
              85.46982160265961,
              25.84948723110964
            ],
            [
              85.4697825888268,
              25.849974684761712
            ],
            [
              85.46957947075792,
              25.850733273907355
            ],
            [
              85.4692704449103,
              25.853586128390422
            ],
            [
              85.46912746096481,
              25.85447989011643
            ],
            [
              85.46895858577624,
              25.854881852398158
            ],
            [
              85.4684456342743,
              25.855297835688642
            ],
            [
              85.46673042610507,
              25.855702091016113
            ],
            [
              85.46579347158563,
              25.85610063613313
            ],
            [
              85.46542514794612,
              25.856588600097414
            ],
            [
              85.46446099872809,
              25.85851271517885
            ],
            [
              85.46409298141407,
              25.859131505750927
            ],
            [
              85.46370479871855,
              25.859664634170542
            ],
            [
              85.4627881685824,
              25.86033398393885
            ],
            [
              85.46111018210702,
              25.862074014178724
            ],
            [
              85.4601997431598,
              25.863415751892326
            ],
            [
              85.45981781723025,
              25.864639412395395
            ],
            [
              85.45920075997003,
              25.86552041039863
            ],
            [
              85.45909312922255,
              25.86672100164716
            ],
            [
              85.45935093133606,
              25.86865229762641
            ],
            [
              85.45983360512137,
              25.87078637664509
            ],
            [
              85.46120493819983,
              25.87325316600985
            ],
            [
              85.46168506166802,
              25.873951942099172
            ],
            [
              85.46297695672588,
              25.876612925169816
            ],
            [
              85.46353225031878,
              25.87747856865379
            ],
            [
              85.46441629137301,
              25.877978269668652
            ],
            [
              85.46611340926906,
              25.878440579666158
            ],
            [
              85.46759084056906,
              25.878840056773182
            ],
            [
              85.46829012242387,
              25.8792722867978
            ],
            [
              85.46892018728944,
              25.88003860607008
            ],
            [
              85.46966246520869,
              25.88214059717699
            ],
            [
              85.47013653762515,
              25.884920110810693
            ],
            [
              85.47024771671798,
              25.885655574929384
            ],
            [
              85.47010390722079,
              25.886120639865695
            ],
            [
              85.4696600729951,
              25.886288250130555
            ],
            [
              85.46892139103191,
              25.886122405742356
            ],
            [
              85.46829779134147,
              25.88615950207635
            ],
            [
              85.46759499078568,
              25.88652606262588
            ],
            [
              85.46689781997178,
              25.887294334246718
            ],
            [
              85.46619479483715,
              25.887530147722813
            ],
            [
              85.46354049236152,
              25.887565583629982
            ],
            [
              85.46103675381568,
              25.888137927780974
            ],
            [
              85.457611146159,
              25.889375014340168
            ],
            [
              85.45622951928573,
              25.889638710752575
            ],
            [
              85.45464270013355,
              25.88954165100327
            ],
            [
              85.45350035390923,
              25.889678716155736
            ],
            [
              85.45306452636767,
              25.88991963726111
            ],
            [
              85.4528373936363,
              25.89004519304468
            ],
            [
              85.45199084287212,
              25.891012164727634
            ],
            [
              85.45143889640198,
              25.892181878876602
            ],
            [
              85.45125543436983,
              25.892813952599482
            ],
            [
              85.45122236918084,
              25.893951408634205
            ],
            [
              85.45107439419566,
              25.894948973686194
            ],
            [
              85.45070669578355,
              25.8958837010223
            ],
            [
              85.45033877369096,
              25.896651501221342
            ],
            [
              85.45079197285348,
              25.899096979879214
            ],
            [
              85.45090406912622,
              25.900448531398904
            ],
            [
              85.4510161671956,
              25.901800083598957
            ],
            [
              85.45090825617376,
              25.902901481132577
            ],
            [
              85.45105376618181,
              25.903366150852538
            ],
            [
              85.4512787196003,
              25.903636615842935
            ],
            [
              85.45227243327264,
              25.90400078439991
            ],
            [
              85.453011936296,
              25.904600074253434
            ],
            [
              85.45327230220133,
              25.90510067861429
            ],
            [
              85.45332783425556,
              25.905475133964433
            ],
            [
              85.45319904279327,
              25.90605750313932
            ],
            [
              85.45302014510108,
              25.906473037939257
            ],
            [
              85.45302042807039,
              25.90665800511049
            ],
            [
              85.45315786312233,
              25.906766166991574
            ],
            [
              85.45329529997093,
              25.906874330389584
            ],
            [
              85.45366379069709,
              25.909319896129958
            ],
            [
              85.4538914192985,
              25.91113839691092
            ],
            [
              85.45400232979507,
              25.911738516684256
            ],
            [
              85.45474085814634,
              25.911719463090996
            ],
            [
              85.45584349524182,
              25.911582500300277
            ],
            [
              85.45769002542745,
              25.91161594694407
            ],
            [
              85.45927715180345,
              25.911744554105645
            ],
            [
              85.45909053309137,
              25.910575862903947
            ],
            [
              85.45882880084852,
              25.909312573020348
            ],
            [
              85.45849751205323,
              25.908243419183357
            ],
            [
              85.45794291375634,
              25.90787863184212
            ],
            [
              85.45690899867843,
              25.907311504761676
            ],
            [
              85.45860974307321,
              25.90678102765719
            ],
            [
              85.45993638316965,
              25.906377452168513
            ],
            [
              85.46042020320527,
              25.90620976134674
            ],
            [
              85.46104940389154,
              25.906443479753104
            ],
            [
              85.46141881359424,
              25.906542210368638
            ],
            [
              85.46171279805074,
              25.90632067987428
            ],
            [
              85.46230577686809,
              25.905818883165413
            ],
            [
              85.46328312233766,
              25.905415744771975
            ],
            [
              85.464629441827,
              25.904845060112724
            ],
            [
              85.4654661946664,
              25.906703314379133
            ],
            [
              85.4655764682574,
              25.90696940588522
            ],
            [
              85.46600087731339,
              25.9071041301118
            ],
            [
              85.46657481813493,
              25.90715294609193
            ],
            [
              85.46696547479074,
              25.90791965483889
            ],
            [
              85.46739035186899,
              25.908307104053677
            ],
            [
              85.4682043728401,
              25.908621774602132
            ],
            [
              85.46879294003112,
              25.90850359891274
            ],
            [
              85.46964453483564,
              25.907549995662762
            ],
            [
              85.47023202943818,
              25.906795433394443
            ],
            [
              85.47060882868243,
              25.908139744035605
            ],
            [
              85.47082984029346,
              25.908987522002793
            ],
            [
              85.47082993910814,
              25.90898790096649
            ],
            [
              85.4719106043101,
              25.91312486115243
            ],
            [
              85.47225479381122,
              25.915733014617285
            ],
            [
              85.46873647642393,
              25.91577438473671
            ],
            [
              85.46840735795834,
              25.915905823364398
            ],
            [
              85.46844378104986,
              25.91670908604413
            ],
            [
              85.46829418191065,
              25.916777041320646
            ],
            [
              85.4679646421352,
              25.916678215852485
            ],
            [
              85.46784800218374,
              25.915640401635528
            ],
            [
              85.46770073776597,
              25.915640601206437
            ],
            [
              85.4675534742465,
              25.915640799969353
            ],
            [
              85.4666654572488,
              25.915809164971577
            ],
            [
              85.46689155781591,
              25.916648215839096
            ],
            [
              85.46674264768453,
              25.917050098228735
            ],
            [
              85.46648410985081,
              25.91758307423654
            ],
            [
              85.46674662991619,
              25.919225478402772
            ],
            [
              85.4665222837588,
              25.91939282511233
            ],
            [
              85.4661534202318,
              25.919628037958823
            ],
            [
              85.46751492574101,
              25.926723199395894
            ],
            [
              85.46753349212133,
              25.926722372102827
            ],
            [
              85.46791888644621,
              25.926705209809494
            ],
            [
              85.46837842861295,
              25.926682985189313
            ],
            [
              85.4690279312246,
              25.926640196179044
            ],
            [
              85.4690284603323,
              25.926640579933427
            ],
            [
              85.46903284231428,
              25.92664027212201
            ],
            [
              85.4691926454168,
              25.926757486811315
            ],
            [
              85.46944784960247,
              25.92767349274931
            ],
            [
              85.4696534560047,
              25.928878414708052
            ],
            [
              85.46977910875341,
              25.929907340403698
            ],
            [
              85.46973513262697,
              25.931121395149827
            ],
            [
              85.46964067477484,
              25.931622458078895
            ],
            [
              85.46930698657941,
              25.93247111903159
            ],
            [
              85.46886318559137,
              25.933058198797845
            ],
            [
              85.46830459787637,
              25.9336091636647
            ],
            [
              85.4683046697416,
              25.933622696063004
            ],
            [
              85.46811906432914,
              25.933905685291485
            ],
            [
              85.46813037142365,
              25.93389820213816
            ],
            [
              85.46813018906563,
              25.93390141982144
            ],
            [
              85.46811095972868,
              25.934241057390064
            ],
            [
              85.46826800410494,
              25.934450361119076
            ],
            [
              85.46827510438897,
              25.93445277901537
            ],
            [
              85.4682754538336,
              25.934452900192934
            ],
            [
              85.46829446398165,
              25.934459379960874
            ],
            [
              85.46848669896087,
              25.93452489660711
            ],
            [
              85.4684917313231,
              25.934524052403948
            ],
            [
              85.46891696503252,
              25.9344527071167
            ],
            [
              85.46948538660496,
              25.93412016714429
            ]
          ]
        ]
      }
    }
  ]
}