{
  "type": "FeatureCollection",
  "features": [
    {
      "type": "Feature",
      "properties": {
        "object_id": "10-204-01043",
        "stname": "BIHAR",
        "dtname": "Purbi Champaran",
        "sdtname": "Harsidhi",
        "st_area_sh": 0.0,
        "st_length_": 0.0,
        "remarks": "",
        "dist_lgd": 213,
        "state_lgd": 10,
        "subdt_lgd": 1043,
        "ac_no": null,
        "st_length(shape)": 133904.34238337883,
        "st_area(shape)": 240218359.62130272
      },
      "geometry": {
        "type": "Polygon",
        "coordinates": [
          [
            [
              84.74189651584366,
              26.69438875416747
            ],
            [
              84.74133575869723,
              26.691617649796328
            ],
            [
              84.74152963400017,
              26.69038232179319
            ],
            [
              84.74202043035224,
              26.68898930279966
            ],
            [
              84.74254768932175,
              26.688330389668053
            ],
            [
              84.74371968534032,
              26.68741081726343
            ],
            [
              84.74443987907667,
              26.68720781496551
            ],
            [
              84.74500695676942,
              26.687343793035755
            ],
            [
              84.74568122503516,
              26.687817266225924
            ],
            [
              84.74624774397584,
              26.688393511823968
            ],
            [
              84.74767689442258,
              26.689112806250296
            ],
            [
              84.75000047044831,
              26.68978851731378
            ],
            [
              84.75067792593664,
              26.690064044318913
            ],
            [
              84.75248631365533,
              26.690313797653218
            ],
            [
              84.75418911698877,
              26.690563483824782
            ],
            [
              84.75585656802254,
              26.69103866279252
            ],
            [
              84.75747859484562,
              26.691730513708155
            ],
            [
              84.75829181362121,
              26.69229522886943
            ],
            [
              84.7592657769337,
              26.693040719705817
            ],
            [
              84.76047083634464,
              26.6937095286231
            ],
            [
              84.76175597068166,
              26.694780114082494
            ],
            [
              84.76239306935591,
              26.695665120173516
            ],
            [
              84.76296002218287,
              26.696540984726532
            ],
            [
              84.76356166884437,
              26.697719277306028
            ],
            [
              84.7641993074061,
              26.698403120039
            ],
            [
              84.76486896102622,
              26.698842348762565
            ],
            [
              84.76527375267302,
              26.699209719262416
            ],
            [
              84.76608756433669,
              26.699470716101366
            ],
            [
              84.76681370312356,
              26.699590444316907
            ],
            [
              84.76782126791929,
              26.699448362347752
            ],
            [
              84.76837769159279,
              26.699254053680434
            ],
            [
              84.76877180496581,
              26.69888120681082
            ],
            [
              84.76946926503724,
              26.69815213327105
            ],
            [
              84.7698513661383,
              26.697363949044885
            ],
            [
              84.76985340172072,
              26.697359572751978
            ],
            [
              84.77021839171223,
              26.69657552662562
            ],
            [
              84.77120608667215,
              26.69487180238902
            ],
            [
              84.77178942207499,
              26.69432593067762
            ],
            [
              84.77256817518801,
              26.693805688121714
            ],
            [
              84.77364463537613,
              26.69321791117622
            ],
            [
              84.77427106655637,
              26.69303821325409
            ],
            [
              84.77757911977665,
              26.691876201691272
            ],
            [
              84.77880042611783,
              26.691588474105796
            ],
            [
              84.7796271160294,
              26.691443471968835
            ],
            [
              84.78052931023892,
              26.691290621917524
            ],
            [
              84.7814494060754,
              26.691250858365976
            ],
            [
              84.78228360141117,
              26.69123682024946
            ],
            [
              84.7832037403668,
              26.691454254757463
            ],
            [
              84.78421864799166,
              26.69144754029462
            ],
            [
              84.78519205884028,
              26.690988923729506
            ],
            [
              84.78585763231237,
              26.69060221226817
            ],
            [
              84.7863528331043,
              26.689933064876968
            ],
            [
              84.78688544872783,
              26.689147174630417
            ],
            [
              84.78716053981728,
              26.68842946798489
            ],
            [
              84.78762107821571,
              26.686433107359072
            ],
            [
              84.78775383214669,
              26.68554170564429
            ],
            [
              84.78781058590972,
              26.685204154663904
            ],
            [
              84.78786733787611,
              26.684866604289244
            ],
            [
              84.78845524660198,
              26.68329639634632
            ],
            [
              84.7886511826402,
              26.682514276953693
            ],
            [
              84.78917369581004,
              26.680947557895315
            ],
            [
              84.78936814333983,
              26.68024212620171
            ],
            [
              84.78914764556511,
              26.679173747197513
            ],
            [
              84.78900660018405,
              26.678413453323806
            ],
            [
              84.7891470499821,
              26.677382281065313
            ],
            [
              84.78911847187794,
              26.6757392920057
            ],
            [
              84.78880669538893,
              26.674195680611337
            ],
            [
              84.78786889555481,
              26.671422772894907
            ],
            [
              84.78698612292175,
              26.66969382302305
            ],
            [
              84.78568102622243,
              26.668664126850647
            ],
            [
              84.78486769875072,
              26.668126552136844
            ],
            [
              84.78352188860613,
              26.66776016919237
            ],
            [
              84.78222611192794,
              26.66756521728297
            ],
            [
              84.78113622731621,
              26.667496842389298
            ],
            [
              84.77799167466415,
              26.667756421123784
            ],
            [
              84.77617866601166,
              26.66741226136494
            ],
            [
              84.77536517774148,
              26.66714989064931
            ],
            [
              84.7748682521842,
              26.66679762516912
            ],
            [
              84.77380904503943,
              26.66606580004503
            ],
            [
              84.77090503067774,
              26.66396302278423
            ],
            [
              84.77078734778229,
              26.66388843539945
            ],
            [
              84.77063066093545,
              26.66325757113145
            ],
            [
              84.77076096336407,
              26.662497009799775
            ],
            [
              84.77090728904237,
              26.661687064052078
            ],
            [
              84.77169148684438,
              26.660616378184482
            ],
            [
              84.77262807125791,
              26.65971503735588
            ],
            [
              84.77349831957929,
              26.658866799091285
            ],
            [
              84.77575915636723,
              26.656492559210175
            ],
            [
              84.77634467377783,
              26.655563131305932
            ],
            [
              84.7763460535901,
              26.654714808392598
            ],
            [
              84.77597340007091,
              26.653472556619104
            ],
            [
              84.77480288537424,
              26.651680827379728
            ],
            [
              84.77403584090261,
              26.650319583303293
            ],
            [
              84.7734069321688,
              26.649862994018136
            ],
            [
              84.77255908962724,
              26.64956090683323
            ],
            [
              84.77161633288938,
              26.6494919759933
            ],
            [
              84.77023427482477,
              26.64954700489263
            ],
            [
              84.76883618901884,
              26.64965140629732
            ],
            [
              84.76818487270863,
              26.64957349123928
            ],
            [
              84.7677411247212,
              26.649151374143376
            ],
            [
              84.7672742675731,
              26.648110684845843
            ],
            [
              84.76706214389348,
              26.647398895878144
            ],
            [
              84.76628475262638,
              26.646317224693902
            ],
            [
              84.7653714992574,
              26.64550867360881
            ],
            [
              84.76301122435741,
              26.64345446967446
            ],
            [
              84.76222799943086,
              26.64241781217979
            ],
            [
              84.76127035401547,
              26.64106968938445
            ],
            [
              84.7612652120588,
              26.64106245004209
            ],
            [
              84.76083032684998,
              26.64044641774294
            ],
            [
              84.76052745715698,
              26.639755753272798
            ],
            [
              84.76026483737863,
              26.639061208748014
            ],
            [
              84.76002458115926,
              26.637220855108833
            ],
            [
              84.76007318540601,
              26.636274006309613
            ],
            [
              84.76026480593761,
              26.635717481250467
            ],
            [
              84.7605268750487,
              26.63515304086146
            ],
            [
              84.76137401331107,
              26.63393899824837
            ],
            [
              84.7642045499741,
              26.631172284997827
            ],
            [
              84.76460256562873,
              26.630844621308885
            ],
            [
              84.76545589058846,
              26.629824683146296
            ],
            [
              84.7661119041893,
              26.629397283830368
            ],
            [
              84.76675162504583,
              26.62903280021593
            ],
            [
              84.76816370480726,
              26.628712027623273
            ],
            [
              84.76889597818922,
              26.628493386231302
            ],
            [
              84.76958176195858,
              26.628341698149562
            ],
            [
              84.7701520987392,
              26.6281881950087
            ],
            [
              84.77206319892913,
              26.627247975941945
            ],
            [
              84.77254209889196,
              26.626889966837002
            ],
            [
              84.77321881237191,
              26.626169546965336
            ],
            [
              84.7740011479663,
              26.625180026978068
            ],
            [
              84.77465777870975,
              26.62394034818923
            ],
            [
              84.77508628498175,
              26.62177654729489
            ],
            [
              84.7749160479472,
              26.620975172349638
            ],
            [
              84.77508208266286,
              26.62017906006154
            ],
            [
              84.77506347316343,
              26.618806972962258
            ],
            [
              84.7747665431311,
              26.61806678992078
            ],
            [
              84.77435544441269,
              26.617518857803375
            ],
            [
              84.77383078606596,
              26.617131596994817
            ],
            [
              84.7729945281983,
              26.616762016249353
            ],
            [
              84.77156278790855,
              26.616292850932393
            ],
            [
              84.76993322691517,
              26.615928870044886
            ],
            [
              84.76922415162713,
              26.615732738197945
            ],
            [
              84.76853629274947,
              26.615478271940656
            ],
            [
              84.76802865029082,
              26.61499198270225
            ],
            [
              84.76763872037208,
              26.614390214816314
            ],
            [
              84.76749646316368,
              26.613702085772676
            ],
            [
              84.76766952090823,
              26.612287884282935
            ],
            [
              84.76758212111929,
              26.611618664823336
            ],
            [
              84.7672063827854,
              26.61106224378366
            ],
            [
              84.76662997339344,
              26.610240947644908
            ],
            [
              84.76608182679696,
              26.608224286989238
            ],
            [
              84.76597315490208,
              26.607461330349917
            ],
            [
              84.76586538671243,
              26.606704695312455
            ],
            [
              84.76603110611941,
              26.605926638992266
            ],
            [
              84.76667439059266,
              26.604596532825802
            ],
            [
              84.76734933259489,
              26.603961842309683
            ],
            [
              84.76811117761766,
              26.6035044991045
            ],
            [
              84.76908022355231,
              26.603492623676356
            ],
            [
              84.77062758869718,
              26.6034266320965
            ],
            [
              84.77149863112929,
              26.603291367712664
            ],
            [
              84.77217483436614,
              26.603107923394518
            ],
            [
              84.77298286986253,
              26.602597125293723
            ],
            [
              84.77365397066858,
              26.6018991677898
            ],
            [
              84.774757721675,
              26.600373161032334
            ],
            [
              84.77608660486472,
              26.599143978296354
            ],
            [
              84.77713118923329,
              26.59885796481609
            ],
            [
              84.77809531329846,
              26.59893249988146
            ],
            [
              84.77882311217202,
              26.599059383603695
            ],
            [
              84.77964626182303,
              26.599213383698014
            ],
            [
              84.78083551268159,
              26.59973309834873
            ],
            [
              84.78199900973928,
              26.601114832910522
            ],
            [
              84.78302117126003,
              26.603543334998893
            ],
            [
              84.78346751088706,
              26.604080690826542
            ],
            [
              84.78419505643565,
              26.604514396746165
            ],
            [
              84.78501323660653,
              26.60473597792455
            ],
            [
              84.78580638162876,
              26.60470942817303
            ],
            [
              84.78677550302191,
              26.604475418211667
            ],
            [
              84.78847254276447,
              26.60416057503581
            ],
            [
              84.78920537220358,
              26.604174492940125
            ],
            [
              84.789847389154,
              26.6042590147753
            ],
            [
              84.79034851882683,
              26.60456462730195
            ],
            [
              84.79130059289078,
              26.605436792753377
            ],
            [
              84.79166233367593,
              26.60594330038115
            ],
            [
              84.79231374790251,
              26.60704995525584
            ],
            [
              84.79259268917129,
              26.607686039018976
            ],
            [
              84.79246236069156,
              26.608460171115638
            ],
            [
              84.79203421015242,
              26.609058204148358
            ],
            [
              84.79143715657693,
              26.609563361682213
            ],
            [
              84.79060855864368,
              26.609839295202907
            ],
            [
              84.7898636279994,
              26.61020226100286
            ],
            [
              84.78932176422,
              26.61070826723964
            ],
            [
              84.78863157690911,
              26.611356365900694
            ],
            [
              84.78798170419155,
              26.611996062368643
            ],
            [
              84.78741319458423,
              26.613363536858554
            ],
            [
              84.7871074547739,
              26.61490205893009
            ],
            [
              84.78678942601049,
              26.616295990320637
            ],
            [
              84.78654906468822,
              26.617045839044913
            ],
            [
              84.78653783035729,
              26.61788950262812
            ],
            [
              84.78636626830769,
              26.61949779939795
            ],
            [
              84.78653484795055,
              26.620389387717786
            ],
            [
              84.78685332766821,
              26.62105768369363
            ],
            [
              84.78731927572126,
              26.621628999012376
            ],
            [
              84.78787446421126,
              26.6219986387102
            ],
            [
              84.78866072813841,
              26.62210112024109
            ],
            [
              84.78935555165448,
              26.62173738511716
            ],
            [
              84.78986060337184,
              26.62132105978151
            ],
            [
              84.79097983414725,
              26.620034334993772
            ],
            [
              84.79218981542762,
              26.618726443653003
            ],
            [
              84.79288877029569,
              26.61814615519247
            ],
            [
              84.79326104472584,
              26.617845081176732
            ],
            [
              84.79378578841253,
              26.617708821929078
            ],
            [
              84.79460179735536,
              26.61782978037919
            ],
            [
              84.79538622332943,
              26.61802695668194
            ],
            [
              84.79657164287333,
              26.61812687103389
            ],
            [
              84.79775706690877,
              26.61822677566126
            ],
            [
              84.79866090683187,
              26.618119022287235
            ],
            [
              84.79936896343041,
              26.617884679971755
            ],
            [
              84.80084549372019,
              26.617249231978057
            ],
            [
              84.80239225789217,
              26.61673109793508
            ],
            [
              84.8047221553625,
              26.61629895221972
            ],
            [
              84.80654453973162,
              26.61629990632385
            ],
            [
              84.80747829714697,
              26.616449230751
            ],
            [
              84.80829644318189,
              26.61686923522532
            ],
            [
              84.80874294001403,
              26.61733883426619
            ],
            [
              84.80925466531568,
              26.618142370961703
            ],
            [
              84.80966631110806,
              26.618291488994064
            ],
            [
              84.80988712688638,
              26.618327651153727
            ],
            [
              84.81010811424292,
              26.618291615081393
            ],
            [
              84.81018849729116,
              26.618246553712133
            ],
            [
              84.81058045291088,
              26.617448001045847
            ],
            [
              84.81078662525172,
              26.61682979509521
            ],
            [
              84.81102352895846,
              26.615272999756723
            ],
            [
              84.81108964855662,
              26.61368902677726
            ],
            [
              84.81170901179219,
              26.610453756871657
            ],
            [
              84.81243303414827,
              26.608305993116332
            ],
            [
              84.81265439969552,
              26.607489284224275
            ],
            [
              84.81306733636701,
              26.60530523427936
            ],
            [
              84.81300273402336,
              26.603983050925223
            ],
            [
              84.81287038343592,
              26.603488425308598
            ],
            [
              84.81286738036792,
              26.603477458307033
            ],
            [
              84.81221491331581,
              26.603323745878548
            ],
            [
              84.80998602421265,
              26.603417517287685
            ],
            [
              84.80837465410377,
              26.603191169717
            ],
            [
              84.80695928111852,
              26.602811331874317
            ],
            [
              84.80685889797877,
              26.602752746329625
            ],
            [
              84.80637777827891,
              26.601349052961453
            ],
            [
              84.80587161624386,
              26.599800840699075
            ],
            [
              84.80547556789972,
              26.5990379772818
            ],
            [
              84.80471781560136,
              26.598753277639155
            ],
            [
              84.80387435324513,
              26.598825097016043
            ],
            [
              84.80354852171516,
              26.59803975628371
            ],
            [
              84.8034937927548,
              26.597267986720624
            ],
            [
              84.8032702218435,
              26.593562886987243
            ],
            [
              84.80334140075335,
              26.592096231655415
            ],
            [
              84.80301614414519,
              26.59056181537314
            ],
            [
              84.80268671935407,
              26.587569597185222
            ],
            [
              84.80231684432407,
              26.58511898327372
            ],
            [
              84.80258335021432,
              26.584320314230375
            ],
            [
              84.80300538861628,
              26.583634692323272
            ],
            [
              84.80273986638124,
              26.583020766264923
            ],
            [
              84.8019477562182,
              26.581508561006142
            ],
            [
              84.80180496181728,
              26.581122653277767
            ],
            [
              84.8016621719079,
              26.58073674505221
            ],
            [
              84.80129106528763,
              26.580122809883417
            ],
            [
              84.80027717186076,
              26.580217071881048
            ],
            [
              84.79976559388284,
              26.579584988884438
            ],
            [
              84.79853209740331,
              26.577941668115336
            ],
            [
              84.79818596304959,
              26.57760301660654
            ],
            [
              84.79793955426884,
              26.57834747675512
            ],
            [
              84.79767770075341,
              26.579647012683942
            ],
            [
              84.79747653382533,
              26.580224576171666
            ],
            [
              84.79655806214286,
              26.58021054207936
            ],
            [
              84.79559431087849,
              26.58029128568634
            ],
            [
              84.79448520860791,
              26.580173295369914
            ],
            [
              84.79181012630309,
              26.58004084824494
            ],
            [
              84.7909769218091,
              26.58010806318767
            ],
            [
              84.78998805005614,
              26.580179715915236
            ],
            [
              84.78908459281534,
              26.580282920989998
            ],
            [
              84.78792794361506,
              26.576649418118166
            ],
            [
              84.78681628743414,
              26.573237088624936
            ],
            [
              84.7859905416519,
              26.57036194824214
            ],
            [
              84.78578034036701,
              26.569648767352486
            ],
            [
              84.78804451170129,
              26.56856710703555
            ],
            [
              84.7859075939135,
              26.56731117622666
            ],
            [
              84.78382085781416,
              26.566005638222638
            ],
            [
              84.78324420587708,
              26.56547726890071
            ],
            [
              84.77661729989015,
              26.569348037353237
            ],
            [
              84.7705330257422,
              26.57003284011252
            ],
            [
              84.76440327797619,
              26.573056212883127
            ],
            [
              84.76252470488437,
              26.573026703208402
            ],
            [
              84.76064613358916,
              26.572997166209692
            ],
            [
              84.75894741669195,
              26.571150731953114
            ],
            [
              84.75991564875297,
              26.565966768703156
            ],
            [
              84.76039209362008,
              26.563764632255456
            ],
            [
              84.76086851782598,
              26.561562492058368
            ],
            [
              84.7581911088846,
              26.550602214226007
            ],
            [
              84.76098301170218,
              26.549401149176525
            ],
            [
              84.7628547306484,
              26.54859589801521
            ],
            [
              84.76528126977533,
              26.542053150802538
            ],
            [
              84.76620955375566,
              26.539549961392623
            ],
            [
              84.75900419021792,
              26.54046644179922
            ],
            [
              84.75576807228893,
              26.540437226709884
            ],
            [
              84.7554294703089,
              26.53984033733119
            ],
            [
              84.7551548876659,
              26.53950998671551
            ],
            [
              84.75479417724839,
              26.5393868809207
            ],
            [
              84.7541063632865,
              26.53948827191152
            ],
            [
              84.75264943333788,
              26.539934486198415
            ],
            [
              84.75108454385843,
              26.539807152832683
            ],
            [
              84.75013253896475,
              26.53951951968998
            ],
            [
              84.75000001410412,
              26.539433530817263
            ],
            [
              84.74958713133154,
              26.539165631390752
            ],
            [
              84.74933860881494,
              26.538632241649257
            ],
            [
              84.74875335820398,
              26.53707330931976
            ],
            [
              84.748596762087,
              26.536156670003155
            ],
            [
              84.74869210927125,
              26.53501073699214
            ],
            [
              84.74951382700773,
              26.53321820670153
            ],
            [
              84.74897681143595,
              26.53298100625198
            ],
            [
              84.7479234891546,
              26.534058091749635
            ],
            [
              84.74781248074169,
              26.53411482294496
            ],
            [
              84.74736022211529,
              26.534378803305003
            ],
            [
              84.74626788959438,
              26.53520982724898
            ],
            [
              84.74507163277494,
              26.53572453200017
            ],
            [
              84.74447892794373,
              26.535871397766797
            ],
            [
              84.74361862936244,
              26.5364008462462
            ],
            [
              84.74291028620134,
              26.536614879267635
            ],
            [
              84.74241774801591,
              26.536811700376045
            ],
            [
              84.74216088374357,
              26.53702742034646
            ],
            [
              84.74163299415673,
              26.53726919818554
            ],
            [
              84.7403817137295,
              26.537724988784852
            ],
            [
              84.73922106522959,
              26.538104418836607
            ],
            [
              84.73805584699981,
              26.538375590852432
            ],
            [
              84.73701608927928,
              26.538642591217954
            ],
            [
              84.73569071131584,
              26.538827317762593
            ],
            [
              84.73503816431365,
              26.538892685955325
            ],
            [
              84.7345415702347,
              26.538863812021194
            ],
            [
              84.73347386862062,
              26.538643338624276
            ],
            [
              84.73157388777726,
              26.538279907312578
            ],
            [
              84.72970360074561,
              26.538042988162623
            ],
            [
              84.72875011003843,
              26.53807555595543
            ],
            [
              84.72680962505724,
              26.537815788090562
            ],
            [
              84.72586225097879,
              26.537609204918983
            ],
            [
              84.72480466888638,
              26.53739324413736
            ],
            [
              84.72439378756027,
              26.537278851093358
            ],
            [
              84.7241531154209,
              26.53723283924035
            ],
            [
              84.72407467183537,
              26.53683542407138
            ],
            [
              84.72406690859468,
              26.536325466009377
            ],
            [
              84.72435272377199,
              26.53527511070468
            ],
            [
              84.72448736865667,
              26.534345983710708
            ],
            [
              84.72429918238443,
              26.53381726997242
            ],
            [
              84.72368503117414,
              26.53316973871722
            ],
            [
              84.72211100492994,
              26.531778456282897
            ],
            [
              84.72029692818057,
              26.53023291487205
            ],
            [
              84.71973732626758,
              26.529738943297623
            ],
            [
              84.71943012040673,
              26.529990557993173
            ],
            [
              84.71877680624331,
              26.530218280708173
            ],
            [
              84.71779755095545,
              26.53044468969267
            ],
            [
              84.71711470377876,
              26.53054144469467
            ],
            [
              84.7163869507193,
              26.53062446164942
            ],
            [
              84.71491134838922,
              26.53074526776394
            ],
            [
              84.71427793909587,
              26.5310272108931
            ],
            [
              84.71391644085584,
              26.531084557625608
            ],
            [
              84.71360032460568,
              26.531083308651496
            ],
            [
              84.71314436312367,
              26.530968772685
            ],
            [
              84.71225845806518,
              26.530509714650456
            ],
            [
              84.71138976832084,
              26.529608397376588
            ],
            [
              84.71073168230662,
              26.528725947871816
            ],
            [
              84.71030804400517,
              26.528124158272913
            ],
            [
              84.70995876734457,
              26.527712155036987
            ],
            [
              84.70934866843453,
              26.5262296387635
            ],
            [
              84.7087532282333,
              26.524832984264183
            ],
            [
              84.70849073781234,
              26.52410543983419
            ],
            [
              84.70819862364824,
              26.522208966727757
            ],
            [
              84.70787310832526,
              26.52102087332408
            ],
            [
              84.7075771161341,
              26.51996383105419
            ],
            [
              84.70737462419093,
              26.51928158839146
            ],
            [
              84.70717126537355,
              26.518793421366652
            ],
            [
              84.70712425383978,
              26.518125365363456
            ],
            [
              84.70695917223668,
              26.516960504155737
            ],
            [
              84.70680638228156,
              26.51636877617341
            ],
            [
              84.70669658300103,
              26.51518596376899
            ],
            [
              84.7062610824462,
              26.515003809203208
            ],
            [
              84.70596556366719,
              26.514903382076177
            ],
            [
              84.7053492196693,
              26.514770181114947
            ],
            [
              84.70440488189655,
              26.51504183589876
            ],
            [
              84.70388089099804,
              26.51550916766191
            ],
            [
              84.70318108093385,
              26.516048027961247
            ],
            [
              84.7025433453541,
              26.51619001881918
            ],
            [
              84.70223790288614,
              26.516089516366524
            ],
            [
              84.70199337068601,
              26.51582239118935
            ],
            [
              84.70175046802983,
              26.515207692013217
            ],
            [
              84.70162608819388,
              26.51499511097765
            ],
            [
              84.70144611162503,
              26.51486351135061
            ],
            [
              84.70073532235142,
              26.514535857237167
            ],
            [
              84.70000361760304,
              26.514388707748424
            ],
            [
              84.6992369746783,
              26.51422328210988
            ],
            [
              84.6989177879865,
              26.51384292024012
            ],
            [
              84.6986440506582,
              26.513372588197758
            ],
            [
              84.69843635477463,
              26.512758023012573
            ],
            [
              84.69817816279227,
              26.512202019691735
            ],
            [
              84.697627435336,
              26.511978763600187
            ],
            [
              84.69659953807214,
              26.51190250318637
            ],
            [
              84.69684017877043,
              26.51297300685486
            ],
            [
              84.69706461925091,
              26.514296105399755
            ],
            [
              84.69647560200394,
              26.514731504834693
            ],
            [
              84.69575768998845,
              26.514846061021014
            ],
            [
              84.69514084383232,
              26.51481211369579
            ],
            [
              84.69445960733493,
              26.514610887648708
            ],
            [
              84.69449195476999,
              26.51518866462751
            ],
            [
              84.69477864670301,
              26.516069719066618
            ],
            [
              84.69486042573321,
              26.516805650789966
            ],
            [
              84.69495784622917,
              26.51740613485059
            ],
            [
              84.69520777820244,
              26.518639124292793
            ],
            [
              84.69517293614582,
              26.519622747204178
            ],
            [
              84.69511833744117,
              26.520534089781727
            ],
            [
              84.69564636716518,
              26.52235477674835
            ],
            [
              84.69595408776071,
              26.523046387598466
            ],
            [
              84.69599643434321,
              26.523628738170732
            ],
            [
              84.69532924839517,
              26.523639637262203
            ],
            [
              84.69482760039445,
              26.523624224210423
            ],
            [
              84.69353880362597,
              26.523528895692944
            ],
            [
              84.69310157471256,
              26.5236896766176
            ],
            [
              84.69299993482974,
              26.523955503897287
            ],
            [
              84.69265979134069,
              26.524793510025003
            ],
            [
              84.69268467467404,
              26.52586311387709
            ],
            [
              84.6926627548828,
              26.527284582639556
            ],
            [
              84.6927047439358,
              26.527957111191864
            ],
            [
              84.69276059938356,
              26.52989324634976
            ],
            [
              84.69286397840477,
              26.531342239821733
            ],
            [
              84.6927916712109,
              26.532795116176175
            ],
            [
              84.69261377424193,
              26.533286255215458
            ],
            [
              84.69242858834275,
              26.534224131762816
            ],
            [
              84.69227803070112,
              26.53527956875245
            ],
            [
              84.69211322308416,
              26.536140832681784
            ],
            [
              84.69203113413518,
              26.53651510112936
            ],
            [
              84.69353191714103,
              26.536403603666763
            ],
            [
              84.69434423490634,
              26.536492516982847
            ],
            [
              84.69476366819399,
              26.53690483990209
            ],
            [
              84.69550728999289,
              26.537729024811135
            ],
            [
              84.69592837438402,
              26.53884525387643
            ],
            [
              84.697148412304,
              26.54076789531084
            ],
            [
              84.69789111422809,
              26.54179515834654
            ],
            [
              84.69862658291748,
              26.54432062019422
            ],
            [
              84.69930447768203,
              26.54525734978141
            ],
            [
              84.69994920035806,
              26.54684382134253
            ],
            [
              84.70027008576409,
              26.547959724649907
            ],
            [
              84.70058612925072,
              26.549030412763994
            ],
            [
              84.70051388943051,
              26.550496792661406
            ],
            [
              84.70043929871922,
              26.552459531992287
            ],
            [
              84.70069762095724,
              26.553011001058174
            ],
            [
              84.70124134424928,
              26.554741444345233
            ],
            [
              84.70211509330531,
              26.55670790932667
            ],
            [
              84.70269181261605,
              26.557851817622293
            ],
            [
              84.70307821574896,
              26.558895722010845
            ],
            [
              84.70362033734486,
              26.56097812279261
            ],
            [
              84.70419838616218,
              26.56291176899472
            ],
            [
              84.70400109187126,
              26.56323594566726
            ],
            [
              84.70347894072249,
              26.56329256922475
            ],
            [
              84.70146099042108,
              26.563402191716207
            ],
            [
              84.70022733943127,
              26.56322143623773
            ],
            [
              84.69986438412388,
              26.56356750708489
            ],
            [
              84.69947532377434,
              26.564125609307318
            ],
            [
              84.69872485771124,
              26.564691236617392
            ],
            [
              84.69807116805204,
              26.564950430982613
            ],
            [
              84.69751628588756,
              26.5655620780268
            ],
            [
              84.69757826694723,
              26.56623462560013
            ],
            [
              84.69747913516066,
              26.56702397685039
            ],
            [
              84.69695568774293,
              26.567346882865586
            ],
            [
              84.69515397001524,
              26.567348914819753
            ],
            [
              84.69541057916605,
              26.568256960917143
            ],
            [
              84.69545886810415,
              26.568654267990087
            ],
            [
              84.69535808790904,
              26.568726108659526
            ],
            [
              84.69476989980711,
              26.56893134060865
            ],
            [
              84.6938117351655,
              26.5688689687365
            ],
            [
              84.69346961178954,
              26.56904363479989
            ],
            [
              84.69263330541283,
              26.569699209249006
            ],
            [
              84.69182374637373,
              26.570016404887834
            ],
            [
              84.69112488493045,
              26.570275448211774
            ],
            [
              84.69052151799517,
              26.570507705892002
            ],
            [
              84.68932994588992,
              26.570945262948808
            ],
            [
              84.68830037686132,
              26.57109918275849
            ],
            [
              84.68776314120228,
              26.5711556529914
            ],
            [
              84.68663855287451,
              26.571241471848413
            ],
            [
              84.68620119909528,
              26.57138419220521
            ],
            [
              84.68607171323526,
              26.571167068192608
            ],
            [
              84.68534268995803,
              26.570428632970447
            ],
            [
              84.68487216139536,
              26.570169540179453
            ],
            [
              84.68499465387087,
              26.569741270391695
            ],
            [
              84.68490652105665,
              26.569303197743714
            ],
            [
              84.68463970794254,
              26.568449266135897
            ],
            [
              84.68436735132482,
              26.567708116184637
            ],
            [
              84.68409336606146,
              26.56729639413608
            ],
            [
              84.68379722025837,
              26.566279841630582
            ],
            [
              84.68343398108337,
              26.565651169603477
            ],
            [
              84.68309935594507,
              26.565320383140822
            ],
            [
              84.68264580284632,
              26.564686771678165
            ],
            [
              84.68237286501862,
              26.56405392403995
            ],
            [
              84.68228335598538,
              26.56389108009167
            ],
            [
              84.68195224505651,
              26.56386270338191
            ],
            [
              84.68079269429786,
              26.563939314134597
            ],
            [
              84.67899649042938,
              26.563850922670305
            ],
            [
              84.67768601910974,
              26.56398556595952
            ],
            [
              84.67689244738776,
              26.564117739180237
            ],
            [
              84.67567159469583,
              26.564388066286472
            ],
            [
              84.67427153169797,
              26.56438247003236
            ],
            [
              84.67222780244286,
              26.56461779609864
            ],
            [
              84.66900645730871,
              26.564523490731876
            ],
            [
              84.66800281365923,
              26.564519361641313
            ],
            [
              84.66678335874587,
              26.56451438889518
            ],
            [
              84.66565426087537,
              26.564509750397075
            ],
            [
              84.66428492565014,
              26.56436882127764
            ],
            [
              84.66379831275229,
              26.564335190713333
            ],
            [
              84.66324637706195,
              26.56430580493911
            ],
            [
              84.6626034168805,
              26.564438570760128
            ],
            [
              84.66108306497453,
              26.564378106319886
            ],
            [
              84.66007402514511,
              26.564455238187687
            ],
            [
              84.65812860571806,
              26.56411766284923
            ],
            [
              84.65713493067325,
              26.56410902780464
            ],
            [
              84.6561920859005,
              26.56399684206869
            ],
            [
              84.65533801983065,
              26.56418728473068
            ],
            [
              84.6547300481312,
              26.564320176835807
            ],
            [
              84.65433260829667,
              26.56450799318322
            ],
            [
              84.65344940806551,
              26.564504333325246
            ],
            [
              84.65247040340765,
              26.564585950138454
            ],
            [
              84.65198405641111,
              26.564498177050222
            ],
            [
              84.65201713687145,
              26.56392519528807
            ],
            [
              84.65189752169982,
              26.56375771021785
            ],
            [
              84.65150370656747,
              26.563264202008686
            ],
            [
              84.65089649214778,
              26.563261623608774
            ],
            [
              84.64964686372235,
              26.563256400922604
            ],
            [
              84.64894401914911,
              26.56330762582187
            ],
            [
              84.64806029699677,
              26.56341214935717
            ],
            [
              84.64781174573407,
              26.56390752101591
            ],
            [
              84.64814295637596,
              26.564870099191765
            ],
            [
              84.64826473918241,
              26.565579065877024
            ],
            [
              84.64831589464458,
              26.567307616087525
            ],
            [
              84.64831268406576,
              26.567939418937847
            ],
            [
              84.6483674597385,
              26.56897754221159
            ],
            [
              84.64853914755226,
              26.57069763317359
            ],
            [
              84.64867124391647,
              26.57422706515855
            ],
            [
              84.64860736112335,
              26.57493978772258
            ],
            [
              84.64854125859317,
              26.576063192815884
            ],
            [
              84.64757229710015,
              26.576108687764055
            ],
            [
              84.64686791461115,
              26.57643513124238
            ],
            [
              84.64570612794576,
              26.576895016900032
            ],
            [
              84.64469999236968,
              26.577355524142778
            ],
            [
              84.64415155022746,
              26.577601425895153
            ],
            [
              84.64350756327164,
              26.5779010367999
            ],
            [
              84.64332589966669,
              26.578089786913093
            ],
            [
              84.64319842693122,
              26.578472806254286
            ],
            [
              84.64338150089121,
              26.578969999130045
            ],
            [
              84.64340895071135,
              26.5794619590627
            ],
            [
              84.64292024473889,
              26.57981639860631
            ],
            [
              84.64190704481138,
              26.5806378416204
            ],
            [
              84.64071189381804,
              26.581702221741846
            ],
            [
              84.64028358517541,
              26.582029838246832
            ],
            [
              84.63954882615509,
              26.58238318129498
            ],
            [
              84.6392166040102,
              26.582571323111274
            ],
            [
              84.63896852436301,
              26.58298090877271
            ],
            [
              84.63918211409317,
              26.583392465190745
            ],
            [
              84.63941869889798,
              26.584219286641126
            ],
            [
              84.6397585279767,
              26.58544814204483
            ],
            [
              84.63929190259394,
              26.58541458032914
            ],
            [
              84.63844907893986,
              26.585329774654593
            ],
            [
              84.63759095697651,
              26.58528544097644
            ],
            [
              84.63683862241764,
              26.585187462097057
            ],
            [
              84.63628156992343,
              26.585171470882
            ],
            [
              84.63572980401467,
              26.58510140706526
            ],
            [
              84.63514266424664,
              26.585085381294693
            ],
            [
              84.63503672502688,
              26.58517969222735
            ],
            [
              84.63494612364225,
              26.585228926296683
            ],
            [
              84.63443196480455,
              26.585632851001936
            ],
            [
              84.63360486705785,
              26.586369329295742
            ],
            [
              84.6331392828225,
              26.587080298953023
            ],
            [
              84.63276948774255,
              26.587710507400484
            ],
            [
              84.63246552569815,
              26.588232596672448
            ],
            [
              84.63230690567686,
              26.58877798922974
            ],
            [
              84.63248733409831,
              26.58977152982875
            ],
            [
              84.63260294997032,
              26.590674525349975
            ],
            [
              84.63278545888998,
              26.591280027193168
            ],
            [
              84.63268595969248,
              26.592051283672376
            ],
            [
              84.63265384941266,
              26.592421164361188
            ],
            [
              84.63299923277475,
              26.593537248773142
            ],
            [
              84.63329636762299,
              26.594296684347338
            ],
            [
              84.63362109871672,
              26.595516509719783
            ],
            [
              84.63376765256712,
              26.596266227992786
            ],
            [
              84.6334357924433,
              26.59637310391305
            ],
            [
              84.6333443646086,
              26.596562205119763
            ],
            [
              84.63334183315614,
              26.59704961694321
            ],
            [
              84.6333087293396,
              26.597590924733247
            ],
            [
              84.63360851331957,
              26.597863034758827
            ],
            [
              84.63393747458001,
              26.598297676734347
            ],
            [
              84.634446525597,
              26.59886839890888
            ],
            [
              84.63536707328609,
              26.600375120109803
            ],
            [
              84.63584355498412,
              26.601406073744208
            ],
            [
              84.63617031088056,
              26.602246781204112
            ],
            [
              84.63640521134417,
              26.603384977703385
            ],
            [
              84.63655077435283,
              26.604333257972563
            ],
            [
              84.63672656836573,
              26.60525460566379
            ],
            [
              84.63697057055982,
              26.606582420719995
            ],
            [
              84.6366091244221,
              26.606580788645612
            ],
            [
              84.63607192289905,
              26.60657846663425
            ],
            [
              84.6353784594323,
              26.606710857350247
            ],
            [
              84.63492558456163,
              26.606898502968445
            ],
            [
              84.63447307800018,
              26.607031857133695
            ],
            [
              84.63311717977493,
              26.60710728322551
            ],
            [
              84.63260529367491,
              26.607077980714013
            ],
            [
              84.63209421695696,
              26.60688617891275
            ],
            [
              84.63176273232888,
              26.606911801284863
            ],
            [
              84.63140050735183,
              26.607045605217063
            ],
            [
              84.63079610016743,
              26.607422090179625
            ],
            [
              84.63025228524725,
              26.607717567784796
            ],
            [
              84.62965729510196,
              26.60819782318389
            ],
            [
              84.62917417305731,
              26.608412292355744
            ],
            [
              84.6286613661841,
              26.608545477696225
            ],
            [
              84.62824487757399,
              26.60851656268238
            ],
            [
              84.62815527062442,
              26.608380747717987
            ],
            [
              84.6279153943924,
              26.608163072211987
            ],
            [
              84.6276750779859,
              26.60805378974579
            ],
            [
              84.62725333692633,
              26.60805189103801
            ],
            [
              84.62671002057114,
              26.608266105877263
            ],
            [
              84.62598552210797,
              26.60856083113913
            ],
            [
              84.62535069167983,
              26.60895962718116
            ],
            [
              84.62513978701405,
              26.60898581692951
            ],
            [
              84.62495859861788,
              26.60906623824576
            ],
            [
              84.62462751643508,
              26.609010597110004
            ],
            [
              84.62453791667203,
              26.608874871080975
            ],
            [
              84.62441904261044,
              26.60857652432179
            ],
            [
              84.62423973977806,
              26.608304984329667
            ],
            [
              84.62381957526179,
              26.608032362617937
            ],
            [
              84.62309667669814,
              26.60802912822803
            ],
            [
              84.62246190466053,
              26.608432512243127
            ],
            [
              84.62176858672088,
              26.60851064731589
            ],
            [
              84.6210141150699,
              26.608778081010776
            ],
            [
              84.61986757461156,
              26.609124968339945
            ],
            [
              84.61933036500365,
              26.609122589355277
            ],
            [
              84.61881778181095,
              26.609228596285895
            ],
            [
              84.61878661835544,
              26.609418024015397
            ],
            [
              84.6187844767718,
              26.60979703916591
            ],
            [
              84.61878258132656,
              26.610149090140403
            ],
            [
              84.6187800283145,
              26.610609352762037
            ],
            [
              84.61889283425631,
              26.612004256889286
            ],
            [
              84.6188560114145,
              26.613222511258837
            ],
            [
              84.61870259533367,
              26.613736256803566
            ],
            [
              84.61815696132503,
              26.614356504978357
            ],
            [
              84.61809327975452,
              26.614979017016925
            ],
            [
              84.61824317623609,
              26.6151150843582
            ],
            [
              84.61839241425258,
              26.615359362986013
            ],
            [
              84.61866062334865,
              26.61590208115228
            ],
            [
              84.61895948475883,
              26.616336621658437
            ],
            [
              84.61937846080397,
              26.616825858229184
            ],
            [
              84.61979177297125,
              26.617445900110333
            ],
            [
              84.62009023013957,
              26.617961686646716
            ],
            [
              84.62038803243601,
              26.61858568326662
            ],
            [
              84.62047639701557,
              26.618965157118467
            ],
            [
              84.62036919566283,
              26.619289580640135
            ],
            [
              84.6210313456554,
              26.61939628165793
            ],
            [
              84.62181423012046,
              26.61945397125619
            ],
            [
              84.62223561275223,
              26.619523513709634
            ],
            [
              84.62265687590809,
              26.619606585858463
            ],
            [
              84.62297265978161,
              26.61971622670741
            ],
            [
              84.62307784800981,
              26.619757375628186
            ],
            [
              84.62318288082945,
              26.619839010070436
            ],
            [
              84.62327274379888,
              26.619934154076017
            ],
            [
              84.62334692667507,
              26.620124061987468
            ],
            [
              84.62342145180932,
              26.62028681872168
            ],
            [
              84.6234802950537,
              26.620544339663976
            ],
            [
              84.62350812755616,
              26.620950527271006
            ],
            [
              84.62350455226132,
              26.621609351645773
            ],
            [
              84.6234836269051,
              26.62267882521635
            ],
            [
              84.62337415011973,
              26.6234229302928
            ],
            [
              84.62328044775076,
              26.62402718911838
            ],
            [
              84.62318706608036,
              26.624595373723512
            ],
            [
              84.62309277172163,
              26.62531244193134
            ],
            [
              84.6228789205817,
              26.625852991989326
            ],
            [
              84.62264883868126,
              26.626596602604007
            ],
            [
              84.6226473609526,
              26.62686730976387
            ],
            [
              84.62261485900731,
              26.627300389615556
            ],
            [
              84.62259778472873,
              26.62767938001682
            ],
            [
              84.62253089078276,
              26.62797234637659
            ],
            [
              84.62280103395163,
              26.62816309696779
            ],
            [
              84.62304097396402,
              26.628353726785555
            ],
            [
              84.62351796321023,
              26.628355755247576
            ],
            [
              84.6248080975701,
              26.628415670346094
            ],
            [
              84.6257423858898,
              26.628365557071078
            ],
            [
              84.62640127589619,
              26.62815189784658
            ],
            [
              84.62712547791531,
              26.62793842292091
            ],
            [
              84.627784152326,
              26.627783367770313
            ],
            [
              84.6282354506534,
              26.627889179928207
            ],
            [
              84.62838523574388,
              26.628052287774384
            ],
            [
              84.62844410773432,
              26.62829618863426
            ],
            [
              84.62864812232189,
              26.62864905313132
            ],
            [
              84.62876716257176,
              26.62892034003466
            ],
            [
              84.62915876874682,
              26.62892202238101
            ],
            [
              84.6294603502557,
              26.62886922961814
            ],
            [
              84.62965159439318,
              26.62878878609491
            ],
            [
              84.62959390278898,
              26.628305743931545
            ],
            [
              84.62945018761488,
              26.627953123300433
            ],
            [
              84.62924166168798,
              26.62751897306207
            ],
            [
              84.6293646778813,
              26.62705920412577
            ],
            [
              84.629842853802,
              26.626844704081083
            ],
            [
              84.6303819283124,
              26.626504110984616
            ],
            [
              84.6306550943122,
              26.626130800666036
            ],
            [
              84.63090229720368,
              26.624994659919587
            ],
            [
              84.6309673397218,
              26.624105950363795
            ],
            [
              84.63121493966865,
              26.62286610894779
            ],
            [
              84.63133835112069,
              26.62232509022277
            ],
            [
              84.63137152320917,
              26.621765668779684
            ],
            [
              84.63154970674073,
              26.6213061987355
            ],
            [
              84.63176218974647,
              26.621009289809386
            ],
            [
              84.63206479713138,
              26.620766848669096
            ],
            [
              84.632698010592,
              26.620661283692915
            ],
            [
              84.6335387851889,
              26.620236318005254
            ],
            [
              84.63396269118836,
              26.619831954094302
            ],
            [
              84.63414520370124,
              26.61950786780572
            ],
            [
              84.63423853506602,
              26.618939673170743
            ],
            [
              84.63442241122152,
              26.617419721936848
            ],
            [
              84.63442568468241,
              26.616824105833835
            ],
            [
              84.63442858624077,
              26.61628259591811
            ],
            [
              84.63437088116186,
              26.61579945913988
            ],
            [
              84.6345843927386,
              26.61531299217065
            ],
            [
              84.63558157300962,
              26.614721648983288
            ],
            [
              84.63642306985203,
              26.614161216936463
            ],
            [
              84.63750349071225,
              26.613976341197425
            ],
            [
              84.63921617910704,
              26.613848365694516
            ],
            [
              84.6394200526591,
              26.613267046945666
            ],
            [
              84.63942163010074,
              26.612969285087413
            ],
            [
              84.63927275320701,
              26.61264368469562
            ],
            [
              84.64015356122457,
              26.61223230495057
            ],
            [
              84.6409696105916,
              26.611721359658773
            ],
            [
              84.6421803410669,
              26.610616442236807
            ],
            [
              84.64333099401266,
              26.60948422176502
            ],
            [
              84.64363470902033,
              26.6090026103957
            ],
            [
              84.64439275866103,
              26.60805819596852
            ],
            [
              84.6452069476171,
              26.60694255438867
            ],
            [
              84.64596304881196,
              26.606350094056015
            ],
            [
              84.64708028981904,
              26.605840394740493
            ],
            [
              84.64774417086515,
              26.605599531839825
            ],
            [
              84.64816745792533,
              26.605303518654445
            ],
            [
              84.64844019273379,
              26.604979677127414
            ],
            [
              84.64876741575414,
              26.60481862628578
            ],
            [
              84.64918878131796,
              26.60487457387285
            ],
            [
              84.64963816443715,
              26.605336798238792
            ],
            [
              84.64999597958449,
              26.606042230942013
            ],
            [
              84.6501423052628,
              26.60685514066338
            ],
            [
              84.65046979957435,
              26.607587600622317
            ],
            [
              84.6506163624079,
              26.608373361733573
            ],
            [
              84.6507617753979,
              26.60937582083174
            ],
            [
              84.65123188444731,
              26.611638630348203
            ],
            [
              84.6514984181854,
              26.612533253195462
            ],
            [
              84.65182310705829,
              26.613807124695846
            ],
            [
              84.65208902275545,
              26.61481004775647
            ],
            [
              84.65229491033034,
              26.61575854009361
            ],
            [
              84.65241320408023,
              26.616192310151302
            ],
            [
              84.65246443230593,
              26.616959641727686
            ],
            [
              84.6521274050726,
              26.618041275254768
            ],
            [
              84.65218407888555,
              26.61872288270351
            ],
            [
              84.65199915170116,
              26.619534390832026
            ],
            [
              84.65211231876572,
              26.620942783922434
            ],
            [
              84.65225545722139,
              26.622378436115167
            ],
            [
              84.65258402501972,
              26.62292132895644
            ],
            [
              84.65276252296161,
              26.62335533122791
            ],
            [
              84.65315178633043,
              26.62381720865527
            ],
            [
              84.65366272740279,
              26.624035994711175
            ],
            [
              84.65438466926065,
              26.624255597062408
            ],
            [
              84.65501669784341,
              26.624371053237297
            ],
            [
              84.65583087781634,
              26.624234535954727
            ],
            [
              84.65642861321312,
              26.624182920725392
            ],
            [
              84.65688076583835,
              26.624130662219358
            ],
            [
              84.6579367686925,
              26.62381462921001
            ],
            [
              84.65892694479925,
              26.62362925511865
            ],
            [
              84.66037431038502,
              26.623364499859363
            ],
            [
              84.6618519986032,
              26.623072791342004
            ],
            [
              84.66248458234482,
              26.623075410154467
            ],
            [
              84.663207471027,
              26.623100913256984
            ],
            [
              84.66411095701388,
              26.623163359977017
            ],
            [
              84.66486352423642,
              26.62327472963429
            ],
            [
              84.66531641527682,
              26.623087090812227
            ],
            [
              84.66585934086484,
              26.62295390313554
            ],
            [
              84.66609406525869,
              26.62222378620264
            ],
            [
              84.66643919888917,
              26.621476123699313
            ],
            [
              84.66668834124333,
              26.62086793875341
            ],
            [
              84.66681171586445,
              26.62031345399985
            ],
            [
              84.66749072184497,
              26.620068014246396
            ],
            [
              84.66835460200933,
              26.620017349602588
            ],
            [
              84.66884728482353,
              26.619879482742885
            ],
            [
              84.66913349076799,
              26.618883415239964
            ],
            [
              84.66947306113191,
              26.618257532950246
            ],
            [
              84.66984518015353,
              26.61815076260568
            ],
            [
              84.67058280120636,
              26.618234951263965
            ],
            [
              84.67076860873973,
              26.61823576079316
            ],
            [
              84.67117137019399,
              26.618016200685105
            ],
            [
              84.67138684279298,
              26.617101080336628
            ],
            [
              84.67173424287293,
              26.61591117328194
            ],
            [
              84.67168067184096,
              26.61458417489321
            ],
            [
              84.67131534408291,
              26.613346234842826
            ],
            [
              84.6710778537763,
              26.611653029232972
            ],
            [
              84.67089515800707,
              26.611056597605668
            ],
            [
              84.67071353302966,
              26.61022553017471
            ],
            [
              84.6707177030092,
              26.609395271918494
            ],
            [
              84.6711245149671,
              26.608367994124077
            ],
            [
              84.67122158601838,
              26.60803904423903
            ],
            [
              84.67202177383243,
              26.607654171303068
            ],
            [
              84.6739312471734,
              26.607300886994498
            ],
            [
              84.67609066236913,
              26.607169758760474
            ],
            [
              84.6775605783635,
              26.607360677390574
            ],
            [
              84.67805075577638,
              26.60773273018244
            ],
            [
              84.6785105611495,
              26.608149664006042
            ],
            [
              84.67878842982982,
              26.6088141811223
            ],
            [
              84.67909381300896,
              26.608982351253832
            ],
            [
              84.68023536961414,
              26.608598834033792
            ],
            [
              84.68183881209062,
              26.608190099854166
            ],
            [
              84.68298126072288,
              26.60761250318895
            ],
            [
              84.68360099136942,
              26.607172793182347
            ],
            [
              84.68458886329746,
              26.606373475654642
            ],
            [
              84.68563253228277,
              26.60649039562389
            ],
            [
              84.68782010786602,
              26.60674724967041
            ],
            [
              84.68938999018181,
              26.607055774315942
            ],
            [
              84.6902465140423,
              26.607447278714403
            ],
            [
              84.69107557640453,
              26.60833503508488
            ],
            [
              84.69162469587644,
              26.608973469003644
            ],
            [
              84.69196467856709,
              26.609254569117457
            ],
            [
              84.69223949477207,
              26.609530904965922
            ],
            [
              84.69248495403357,
              26.609644722295037
            ],
            [
              84.69304300096279,
              26.609479884669486
            ],
            [
              84.69443340078314,
              26.608488033184187
            ],
            [
              84.69665546269013,
              26.606809005748637
            ],
            [
              84.69771043158339,
              26.605621732898214
            ],
            [
              84.69826126773584,
              26.60466852604182
            ],
            [
              84.69865406597528,
              26.60460100183131
            ],
            [
              84.70103203499146,
              26.603888230190574
            ],
            [
              84.7035600262533,
              26.603288680977492
            ],
            [
              84.70438978211493,
              26.60298950920762
            ],
            [
              84.70516181313472,
              26.603213633089215
            ],
            [
              84.70604600420765,
              26.604128548909838
            ],
            [
              84.70625928312072,
              26.604684467947173
            ],
            [
              84.70588252070739,
              26.60474169268648
            ],
            [
              84.70532051490271,
              26.604694352923353
            ],
            [
              84.7049733402999,
              26.60485097108829
            ],
            [
              84.70497145293949,
              26.60524360509736
            ],
            [
              84.70509481767915,
              26.605690808274076
            ],
            [
              84.70511989235366,
              26.60676492777188
            ],
            [
              84.7051277876467,
              26.608285684054266
            ],
            [
              84.70498559421871,
              26.60862364803138
            ],
            [
              84.70505774330904,
              26.60928721385331
            ],
            [
              84.70516792078035,
              26.60934637593774
            ],
            [
              84.70532903901643,
              26.609247694807145
            ],
            [
              84.7056261936276,
              26.609050258398966
            ],
            [
              84.70649117871972,
              26.608728673949354
            ],
            [
              84.70703900910922,
              26.608608899385402
            ],
            [
              84.70719369271295,
              26.608808040080273
            ],
            [
              84.70723655762335,
              26.60928654722452
            ],
            [
              84.70699237756281,
              26.611041014795504
            ],
            [
              84.70689209503442,
              26.61207408979446
            ],
            [
              84.70676010377309,
              26.61344088791224
            ],
            [
              84.70653771863796,
              26.61480736370124
            ],
            [
              84.70657989723549,
              26.615457381887467
            ],
            [
              84.70665872889327,
              26.61576901761957
            ],
            [
              84.70700424520604,
              26.615968956997595
            ],
            [
              84.70761508342956,
              26.616309693118847
            ],
            [
              84.70804033600359,
              26.61663622191379
            ],
            [
              84.70894704155246,
              26.61707736201779
            ],
            [
              84.70949712312007,
              26.61752627130593
            ],
            [
              84.70962043396081,
              26.617996008191678
            ],
            [
              84.7098972363409,
              26.618926662959534
            ],
            [
              84.70978512210185,
              26.61929178514124
            ],
            [
              84.7097877532673,
              26.619797257252824
            ],
            [
              84.70957517863343,
              26.620152885726228
            ],
            [
              84.70943218480649,
              26.620675797086005
            ],
            [
              84.70891079722571,
              26.621562813915258
            ],
            [
              84.70870895476452,
              26.621769627961854
            ],
            [
              84.70846713008667,
              26.621958228625058
            ],
            [
              84.70807872999885,
              26.622331372683238
            ],
            [
              84.70743297515853,
              26.622987698776353
            ],
            [
              84.7070792033283,
              26.623469190207686
            ],
            [
              84.7064649991174,
              26.623809826880215
            ],
            [
              84.70591133506845,
              26.62409656978314
            ],
            [
              84.70525935220827,
              26.623949622778227
            ],
            [
              84.70475355039765,
              26.623667920353274
            ],
            [
              84.70412779564884,
              26.623281897024498
            ],
            [
              84.70354759626473,
              26.62281041590291
            ],
            [
              84.70232901361548,
              26.622494343104815
            ],
            [
              84.70101412168637,
              26.62234932784578
            ],
            [
              84.69867625256619,
              26.621970287646782
            ],
            [
              84.69746668900241,
              26.621866337970467
            ],
            [
              84.69650468406299,
              26.621451908377434
            ],
            [
              84.69546763027144,
              26.620965014928665
            ],
            [
              84.69482638317722,
              26.62068724509372
            ],
            [
              84.69474518625533,
              26.62084939309
            ],
            [
              84.6946983894189,
              26.621196720831275
            ],
            [
              84.69462179187126,
              26.621458091303786
            ],
            [
              84.6944774370967,
              26.622224741060382
            ],
            [
              84.69427724663728,
              26.623130971366738
            ],
            [
              84.69395422593587,
              26.623490711614046
            ],
            [
              84.69337180501803,
              26.623488467040527
            ],
            [
              84.6924537357808,
              26.6233314038027
            ],
            [
              84.69207294981334,
              26.62316294318383
            ],
            [
              84.69176599907401,
              26.623288054153633
            ],
            [
              84.69168474016837,
              26.62348184976449
            ],
            [
              84.69172778474183,
              26.623919682934226
            ],
            [
              84.69168051000167,
              26.624348259144355
            ],
            [
              84.69169265791929,
              26.624943971761574
            ],
            [
              84.69164061132835,
              26.626365199153934
            ],
            [
              84.69169621255287,
              26.62731307765745
            ],
            [
              84.6917272017352,
              26.62817962663097
            ],
            [
              84.69188467101465,
              26.629868003816252
            ],
            [
              84.69192815396595,
              26.630229185157148
            ],
            [
              84.69202073074588,
              26.63079359767577
            ],
            [
              84.69215156857037,
              26.631768842944613
            ],
            [
              84.69210344222734,
              26.632373348329708
            ],
            [
              84.69222099217215,
              26.63300104519143
            ],
            [
              84.69229476002667,
              26.63330372462829
            ],
            [
              84.69240131638904,
              26.63412090435324
            ],
            [
              84.69247269113163,
              26.634933429741356
            ],
            [
              84.69256077633511,
              26.63539861363321
            ],
            [
              84.692588487565,
              26.635908662156822
            ],
            [
              84.69273883769577,
              26.637001263220352
            ],
            [
              84.69268638416803,
              26.63746136232033
            ],
            [
              84.69213287103605,
              26.637693857014778
            ],
            [
              84.69114192597144,
              26.638050947400757
            ],
            [
              84.69031280432037,
              26.63815598482499
            ],
            [
              84.68895466839177,
              26.638624511971535
            ],
            [
              84.68722332827667,
              26.639420944612556
            ],
            [
              84.6866035760706,
              26.63983360436993
            ],
            [
              84.68592462668391,
              26.640052070696726
            ],
            [
              84.68466310995399,
              26.64026366014585
            ],
            [
              84.68457778617169,
              26.639238940956936
            ],
            [
              84.68393751195295,
              26.637711099137285
            ],
            [
              84.68286652160658,
              26.635960418232163
            ],
            [
              84.68201587182976,
              26.63432348237879
            ],
            [
              84.68124779339723,
              26.63326901019563
            ],
            [
              84.68100435085356,
              26.63274001107611
            ],
            [
              84.68097166295696,
              26.633267873149418
            ],
            [
              84.68081038212581,
              26.634404383725116
            ],
            [
              84.68041363758731,
              26.634402800227345
            ],
            [
              84.67911622328035,
              26.634785711349245
            ],
            [
              84.6776697712812,
              26.63483403917578
            ],
            [
              84.67735943838485,
              26.634638783710386
            ],
            [
              84.67686908220722,
              26.634275757382987
            ],
            [
              84.67656503661955,
              26.633832281899632
            ],
            [
              84.6752973403788,
              26.634296521942197
            ],
            [
              84.67437213582328,
              26.63454096112755
            ],
            [
              84.67363182341786,
              26.634957626949884
            ],
            [
              84.67319604528363,
              26.635745535012283
            ],
            [
              84.67325266789261,
              26.637465071235273
            ],
            [
              84.67296540642769,
              26.63868232676074
            ],
            [
              84.6723498331843,
              26.6392619673457
            ],
            [
              84.6716388274167,
              26.63984123001036
            ],
            [
              84.67110863365117,
              26.640421170637566
            ],
            [
              84.67046203619114,
              26.641167601926647
            ],
            [
              84.67017933277798,
              26.641468860199062
            ],
            [
              84.66992936487208,
              26.642243948643895
            ],
            [
              84.66927998802456,
              26.64354548704845
            ],
            [
              84.66890448864253,
              26.644306556047084
            ],
            [
              84.66872289780109,
              26.644468270672668
            ],
            [
              84.66733560704994,
              26.64471078678024
            ],
            [
              84.66641014737289,
              26.64498682975584
            ],
            [
              84.66610703423645,
              26.645337536656708
            ],
            [
              84.66637429471157,
              26.646119298312524
            ],
            [
              84.66664441542258,
              26.647311749144873
            ],
            [
              84.66667203861756,
              26.64780827106303
            ],
            [
              84.66596150716043,
              26.648274603646176
            ],
            [
              84.66473017202743,
              26.64846360214837
            ],
            [
              84.664297325096,
              26.64865587934277
            ],
            [
              84.6641500481018,
              26.65191341516172
            ],
            [
              84.66395865394568,
              26.6530182118948
            ],
            [
              84.6635239537898,
              26.654541661257152
            ],
            [
              84.66311631628015,
              26.655677174148586
            ],
            [
              84.66254681942432,
              26.65801678108223
            ],
            [
              84.66229235634876,
              26.659644793625453
            ],
            [
              84.66222383914707,
              26.660280786942497
            ],
            [
              84.66207104919198,
              26.66069987082523
            ],
            [
              84.66129483471792,
              26.661220106288447
            ],
            [
              84.66033782980134,
              26.661744147856062
            ],
            [
              84.66000517107521,
              26.661986420945063
            ],
            [
              84.66084982010594,
              26.66279315099512
            ],
            [
              84.66157962312087,
              26.663486638385493
            ],
            [
              84.66204991093502,
              26.663845057792575
            ],
            [
              84.66233934722126,
              26.66420278407635
            ],
            [
              84.66281769292354,
              26.664949280643086
            ],
            [
              84.66291064340261,
              26.66544605979296
            ],
            [
              84.66285865879544,
              26.665788823044004
            ],
            [
              84.66270313257196,
              26.66673126475158
            ],
            [
              84.66280226076526,
              26.66796815911125
            ],
            [
              84.66297976427214,
              26.668614215870715
            ],
            [
              84.66320779801377,
              26.669219856341968
            ],
            [
              84.66351254788063,
              26.669537011973127
            ],
            [
              84.66381717198335,
              26.669881216697217
            ],
            [
              84.66432791812132,
              26.670194635344902
            ],
            [
              84.66472942103586,
              26.67026401525567
            ],
            [
              84.66518481568093,
              26.670595268848896
            ],
            [
              84.66565605211605,
              26.67078676622831
            ],
            [
              84.66591615840825,
              26.670995400842827
            ],
            [
              84.66748423331371,
              26.671809631292952
            ],
            [
              84.66806018725981,
              26.672141427856207
            ],
            [
              84.66851516239164,
              26.67257194710205
            ],
            [
              84.66968610019482,
              26.67345667368871
            ],
            [
              84.66994583817775,
              26.673746545333238
            ],
            [
              84.67025087011562,
              26.67400949408024
            ],
            [
              84.67088500434942,
              26.674765765252054
            ],
            [
              84.67118878223914,
              26.675285877977064
            ],
            [
              84.67149071229434,
              26.676194177180292
            ],
            [
              84.6716378275918,
              26.676903225160444
            ],
            [
              84.67189513024199,
              26.6776759603083
            ],
            [
              84.6721039732742,
              26.678087492857866
            ],
            [
              84.67222799198738,
              26.678403851651073
            ],
            [
              84.67242264073978,
              26.678652787719113
            ],
            [
              84.67269848102418,
              26.678748707879127
            ],
            [
              84.67302010664199,
              26.678722930648416
            ],
            [
              84.67376938692888,
              26.67857253900508
            ],
            [
              84.67445866873797,
              26.67835870804574
            ],
            [
              84.6752376913456,
              26.67827614418945
            ],
            [
              84.67611373110563,
              26.677887094724063
            ],
            [
              84.67695872239447,
              26.677669435270552
            ],
            [
              84.67738675705097,
              26.677450043200974
            ],
            [
              84.67891058543708,
              26.677113226002813
            ],
            [
              84.67969482635822,
              26.676980989114426
            ],
            [
              84.68143265410626,
              26.677028558997193
            ],
            [
              84.68188950581876,
              26.677084558716455
            ],
            [
              84.68198372382071,
              26.67734209606662
            ],
            [
              84.68211642115784,
              26.677933809369787
            ],
            [
              84.68223283563212,
              26.67876906300966
            ],
            [
              84.68243125281715,
              26.679279787849918
            ],
            [
              84.68262581263632,
              26.67954233133123
            ],
            [
              84.68271525429587,
              26.679759252765056
            ],
            [
              84.68266684139027,
              26.68039087418837
            ],
            [
              84.68274335090304,
              26.681185366730247
            ],
            [
              84.68299812659235,
              26.681461657793626
            ],
            [
              84.68319831076352,
              26.681615936112728
            ],
            [
              84.68389407661233,
              26.682119530255804
            ],
            [
              84.68437930790125,
              26.682532172085683
            ],
            [
              84.68520093400956,
              26.68299115497441
            ],
            [
              84.68605236082912,
              26.683513546615387
            ],
            [
              84.68641196811544,
              26.68395716779904
            ],
            [
              84.6867150641839,
              26.684630718225996
            ],
            [
              84.68691358287852,
              26.68513241687529
            ],
            [
              84.68675365311354,
              26.685971138907732
            ],
            [
              84.68648872196997,
              26.68673728486864
            ],
            [
              84.68655827582747,
              26.687033680963683
            ],
            [
              84.6876786771077,
              26.686529985727386
            ],
            [
              84.68838514997634,
              26.686124525826735
            ],
            [
              84.6894902358793,
              26.685167178943455
            ],
            [
              84.69226725181602,
              26.682761313002725
            ],
            [
              84.69276020232817,
              26.682334229857187
            ],
            [
              84.69393504780287,
              26.681316340170728
            ],
            [
              84.69466050117515,
              26.68056670313329
            ],
            [
              84.69540762370876,
              26.67954185293798
            ],
            [
              84.69709858904338,
              26.676538115387018
            ],
            [
              84.69846660913507,
              26.673935207859632
            ],
            [
              84.69956569698688,
              26.67306908317853
            ],
            [
              84.70025385500354,
              26.67280704977307
            ],
            [
              84.70100028134279,
              26.67277248220859
            ],
            [
              84.7026123997483,
              26.67269780987598
            ],
            [
              84.70316856111371,
              26.672923598329792
            ],
            [
              84.70443361990078,
              26.673437166883712
            ],
            [
              84.70523990188575,
              26.673885299186118
            ],
            [
              84.70687722162823,
              26.675159034746724
            ],
            [
              84.70723913039834,
              26.675628984114365
            ],
            [
              84.70742467382699,
              26.676038072611785
            ],
            [
              84.70741278103095,
              26.676632517023975
            ],
            [
              84.70725278838391,
              26.676963508905303
            ],
            [
              84.70670975499803,
              26.67747685779205
            ],
            [
              84.70529180744116,
              26.67854894582746
            ],
            [
              84.7044451803202,
              26.679710024898323
            ],
            [
              84.70420549542935,
              26.679988964334864
            ],
            [
              84.70376625518801,
              26.680960829932957
            ],
            [
              84.70378752100574,
              26.681726694924816
            ],
            [
              84.70414243189978,
              26.68233022381308
            ],
            [
              84.7048528232197,
              26.683538231165674
            ],
            [
              84.70623727888781,
              26.68535176285967
            ],
            [
              84.70684932893866,
              26.68623184903177
            ],
            [
              84.70722822305414,
              26.687064657294872
            ],
            [
              84.70746590919349,
              26.688496201029242
            ],
            [
              84.70768432287674,
              26.68928377481343
            ],
            [
              84.70801562424845,
              26.69047839501117
            ],
            [
              84.70853072182564,
              26.6913641608552
            ],
            [
              84.7097447293551,
              26.692826833219367
            ],
            [
              84.71133107779004,
              26.693838648176904
            ],
            [
              84.71219648509036,
              26.694164422351886
            ],
            [
              84.71321842832053,
              26.694333177876704
            ],
            [
              84.71474712827043,
              26.694191014712374
            ],
            [
              84.71557332141366,
              26.694032194006418
            ],
            [
              84.71614628666482,
              26.693662411129377
            ],
            [
              84.7187225039827,
              26.691999702013465
            ],
            [
              84.7189830747039,
              26.691887864073568
            ],
            [
              84.7199854562204,
              26.691851555865604
            ],
            [
              84.72066983322804,
              26.691914963397156
            ],
            [
              84.72130279605872,
              26.692157179618118
            ],
            [
              84.72195751698385,
              26.692929117943184
            ],
            [
              84.72224027519427,
              26.693325246963653
            ],
            [
              84.72259398593908,
              26.694173700063914
            ],
            [
              84.72251950841549,
              26.694891975668533
            ],
            [
              84.72236519042612,
              26.69638020986526
            ],
            [
              84.72223531739222,
              26.697632665788376
            ],
            [
              84.72244847143945,
              26.698281486145206
            ],
            [
              84.72321637290389,
              26.698641890009988
            ],
            [
              84.72534398234866,
              26.69924164328738
            ],
            [
              84.72647196271494,
              26.699928586684923
            ],
            [
              84.72717770076174,
              26.700696837727623
            ],
            [
              84.72788344599505,
              26.70146508679933
            ],
            [
              84.72966168086289,
              26.70340074662458
            ],
            [
              84.73147077286072,
              26.70459720659911
            ],
            [
              84.73488925418228,
              26.706479254656937
            ],
            [
              84.73660111972029,
              26.707289760933715
            ],
            [
              84.73911976670658,
              26.708134861626494
            ],
            [
              84.74063991110171,
              26.7084346446559
            ],
            [
              84.74287820107433,
              26.708600804722433
            ],
            [
              84.74416476193606,
              26.70862126927416
            ],
            [
              84.74543534626045,
              26.708438587992152
            ],
            [
              84.7467144807497,
              26.707893103883404
            ],
            [
              84.7477601951989,
              26.707035627161776
            ],
            [
              84.74784645143247,
              26.706336957387244
            ],
            [
              84.74793270676773,
              26.705638288141493
            ],
            [
              84.74781963222968,
              26.704942712238005
            ],
            [
              84.74588375380924,
              26.70191401335506
            ],
            [
              84.7439479751018,
              26.698885293329422
            ],
            [
              84.74264767091458,
              26.696542674904276
            ],
            [
              84.74254600857385,
              26.69635951599117
            ],
            [
              84.74189651584366,
              26.69438875416747
            ]
          ]
        ]
      }
    }
  ]
}