{
  "type": "FeatureCollection",
  "features": [
    {
      "type": "Feature",
      "properties": {
        "object_id": "10-204-01057",
        "stname": "BIHAR",
        "dtname": "Purbi Champaran",
        "sdtname": "Mehsi",
        "st_area_sh": 0.0,
        "st_length_": 0.0,
        "remarks": "",
        "dist_lgd": 213,
        "state_lgd": 10,
        "subdt_lgd": 1057,
        "ac_no": null,
        "st_length(shape)": 125063.78039343117,
        "st_area(shape)": 149773808.08158112
      },
      "geometry": {
        "type": "Polygon",
        "coordinates": [
          [
            [
              85.09489086229618,
              26.385034249752884
            ],
            [
              85.09589006826819,
              26.383455845328722
            ],
            [
              85.09857372139909,
              26.38120677886294
            ],
            [
              85.09936096628653,
              26.38075625984691
            ],
            [
              85.10046041795606,
              26.382887538937972
            ],
            [
              85.10109575413568,
              26.383655448935205
            ],
            [
              85.10238252789813,
              26.384428475997968
            ],
            [
              85.10412732118289,
              26.385048022806426
            ],
            [
              85.10720064911104,
              26.386139241770806
            ],
            [
              85.1076264748102,
              26.386139639306535
            ],
            [
              85.10816309332664,
              26.385724932363743
            ],
            [
              85.11077682788404,
              26.38308756280098
            ],
            [
              85.11262245436453,
              26.381618138937387
            ],
            [
              85.11405142424988,
              26.380748419819476
            ],
            [
              85.11609178931428,
              26.37981623660323
            ],
            [
              85.117625825257,
              26.379045889970076
            ],
            [
              85.11858864856165,
              26.37824355531642
            ],
            [
              85.11908376311531,
              26.379056212046947
            ],
            [
              85.11933378042859,
              26.37963872302956
            ],
            [
              85.1205516102896,
              26.37931487610318
            ],
            [
              85.1278987836747,
              26.377394303139358
            ],
            [
              85.12814931033269,
              26.377394601716095
            ],
            [
              85.12846937467853,
              26.3779363128349
            ],
            [
              85.12857437605716,
              26.37813049127275
            ],
            [
              85.12878971301056,
              26.378193873625968
            ],
            [
              85.13018313925508,
              26.37761742184686
            ],
            [
              85.13314018565957,
              26.376690191822505
            ],
            [
              85.13496422023387,
              26.37639831601051
            ],
            [
              85.1358562176666,
              26.37627264382302
            ],
            [
              85.13607176931733,
              26.37611044735546
            ],
            [
              85.13625248699631,
              26.37575851105348
            ],
            [
              85.13632316195128,
              26.375307294756226
            ],
            [
              85.13632361021061,
              26.374761198792513
            ],
            [
              85.13614386361046,
              26.374147314196893
            ],
            [
              85.13567886058513,
              26.373212793645866
            ],
            [
              85.1356792001483,
              26.372860767231437
            ],
            [
              85.1358948613935,
              26.372635294891634
            ],
            [
              85.13703752921467,
              26.37227972468444
            ],
            [
              85.14047047700555,
              26.37112708761119
            ],
            [
              85.14411345090984,
              26.37032199129889
            ],
            [
              85.14459962992139,
              26.370110213185274
            ],
            [
              85.1449907141753,
              26.36975395109305
            ],
            [
              85.14502679321204,
              26.368661848166482
            ],
            [
              85.14652485881415,
              26.368505052834653
            ],
            [
              85.15216598055775,
              26.36854512313967
            ],
            [
              85.15255713757514,
              26.368188839321196
            ],
            [
              85.15316420107786,
              26.367128652039657
            ],
            [
              85.15334428724118,
              26.36732287922336
            ],
            [
              85.15657706433562,
              26.37178836205492
            ],
            [
              85.15818375062858,
              26.373757064364888
            ],
            [
              85.15911031792838,
              26.37420442362157
            ],
            [
              85.16046772442502,
              26.37459331825467
            ],
            [
              85.16111414491692,
              26.37443129326864
            ],
            [
              85.1620068619002,
              26.37330812030021
            ],
            [
              85.16300523513392,
              26.371503527392438
            ],
            [
              85.16329156235093,
              26.370411557699846
            ],
            [
              85.16390517996197,
              26.367194235281048
            ],
            [
              85.16441018766187,
              26.364278356861707
            ],
            [
              85.1646612613939,
              26.36356991986156
            ],
            [
              85.1651275013994,
              26.363024191003525
            ],
            [
              85.16605450528043,
              26.362767526052217
            ],
            [
              85.16691121329555,
              26.362736433110587
            ],
            [
              85.16755700856002,
              26.363314548770585
            ],
            [
              85.16883819120812,
              26.365215150181378
            ],
            [
              85.17090387079723,
              26.370135324185057
            ],
            [
              85.17129428221298,
              26.370555262996014
            ],
            [
              85.17225617216803,
              26.370587407365484
            ],
            [
              85.17686588692999,
              26.369818178295944
            ],
            [
              85.17743727833273,
              26.369466465088454
            ],
            [
              85.17929725360324,
              26.367341796633244
            ],
            [
              85.18051025681623,
              26.36618258525544
            ],
            [
              85.18122174318252,
              26.3660203891137
            ],
            [
              85.18439333781957,
              26.365512005810174
            ],
            [
              85.18561060803015,
              26.365512453318907
            ],
            [
              85.18600130061859,
              26.36580147197185
            ],
            [
              85.18610623013195,
              26.36615348688886
            ],
            [
              85.18568031280462,
              26.366541470946633
            ],
            [
              85.18578523333485,
              26.366861982103266
            ],
            [
              85.18650113492077,
              26.367764779901954
            ],
            [
              85.1868568686716,
              26.367796636909084
            ],
            [
              85.19142677279507,
              26.36596173190665
            ],
            [
              85.1948494276894,
              26.363977446286388
            ],
            [
              85.19663283864992,
              26.363874269154064
            ],
            [
              85.19688637017256,
              26.364114435601582
            ],
            [
              85.19827795397245,
              26.366542885898717
            ],
            [
              85.19852331441926,
              26.36676867919179
            ],
            [
              85.19923973163814,
              26.366719271050563
            ],
            [
              85.20286215208874,
              26.365998428279962
            ],
            [
              85.20390922029907,
              26.365867864055073
            ],
            [
              85.2043600973166,
              26.365962837796236
            ],
            [
              85.20509102592057,
              26.367280827735332
            ],
            [
              85.20530125505321,
              26.367745688712336
            ],
            [
              85.20571211302317,
              26.36771424780198
            ],
            [
              85.20712491862332,
              26.367376186647846
            ],
            [
              85.20755072994947,
              26.367602032238555
            ],
            [
              85.20936826341604,
              26.37042759006624
            ],
            [
              85.20965386569263,
              26.37059017680787
            ],
            [
              85.2102600272868,
              26.370572279657633
            ],
            [
              85.2105806063673,
              26.37084763968725
            ],
            [
              85.21111624392344,
              26.372003131853326
            ],
            [
              85.21090072281541,
              26.372328017376535
            ],
            [
              85.20931192377638,
              26.373974805093003
            ],
            [
              85.20911636862384,
              26.3746019981151
            ],
            [
              85.20925635039966,
              26.37532863492726
            ],
            [
              85.21162920979846,
              26.381209572193637
            ],
            [
              85.21178957255138,
              26.381272791905133
            ],
            [
              85.21298206183656,
              26.381092599098302
            ],
            [
              85.21430490924584,
              26.3809665819447
            ],
            [
              85.21462549371623,
              26.38102988628937
            ],
            [
              85.21518152482597,
              26.381625665854312
            ],
            [
              85.21550218026327,
              26.381819838091012
            ],
            [
              85.2162536668125,
              26.381833609113567
            ],
            [
              85.21693015032373,
              26.381725450370155
            ],
            [
              85.21737612972632,
              26.38146373523016
            ],
            [
              85.21757165164117,
              26.38120660422945
            ],
            [
              85.21728640779234,
              26.379744319720906
            ],
            [
              85.21637562479042,
              26.37595327663084
            ],
            [
              85.21644586765575,
              26.375745698629036
            ],
            [
              85.21707230063262,
              26.37528100986674
            ],
            [
              85.21730783710348,
              26.375005792389157
            ],
            [
              85.2173430681306,
              26.374297241667847
            ],
            [
              85.21719869359308,
              26.371273579954746
            ],
            [
              85.21748423388593,
              26.37108403307562
            ],
            [
              85.21805549772792,
              26.370858534733912
            ],
            [
              85.21832103343772,
              26.370664591964964
            ],
            [
              85.21835625368504,
              26.370276411684543
            ],
            [
              85.21862680558736,
              26.370005728027294
            ],
            [
              85.21910784803214,
              26.369730593762156
            ],
            [
              85.2205374817725,
              26.368657047236688
            ],
            [
              85.22056083617325,
              26.368660480726476
            ],
            [
              85.22024470914332,
              26.367952196140013
            ],
            [
              85.22024313170168,
              26.36609284816482
            ],
            [
              85.22025757211986,
              26.365294069651018
            ],
            [
              85.2198414976331,
              26.36494236038432
            ],
            [
              85.21935546774188,
              26.36487953820062
            ],
            [
              85.2189195620469,
              26.364775995654416
            ],
            [
              85.21900403602297,
              26.363945593860855
            ],
            [
              85.21920306496068,
              26.362244090598722
            ],
            [
              85.21925169166532,
              26.360398273066348
            ],
            [
              85.21928631632962,
              26.359780010735935
            ],
            [
              85.21928465983623,
              26.359772578985506
            ],
            [
              85.21921590727598,
              26.359464101760672
            ],
            [
              85.21881462085541,
              26.35885513124056
            ],
            [
              85.21856352286886,
              26.358024887346176
            ],
            [
              85.218061979971,
              26.35728955637721
            ],
            [
              85.21806113106307,
              26.356116247958198
            ],
            [
              85.21864584717643,
              26.35440546030481
            ],
            [
              85.21969640983322,
              26.352644766311087
            ],
            [
              85.22096730138145,
              26.350816120206254
            ],
            [
              85.22143277332736,
              26.350332921394575
            ],
            [
              85.22204854689507,
              26.349881283054902
            ],
            [
              85.22274968826254,
              26.349691214893518
            ],
            [
              85.22296498569006,
              26.349587279599934
            ],
            [
              85.22358604943643,
              26.34951013164295
            ],
            [
              85.22370188000582,
              26.35026367962396
            ],
            [
              85.22395256297071,
              26.350611069766686
            ],
            [
              85.2243038051451,
              26.35118393082065
            ],
            [
              85.22489024961708,
              26.3516619469117
            ],
            [
              85.22549159174974,
              26.351932258155458
            ],
            [
              85.22619289301734,
              26.35199492477061
            ],
            [
              85.22694421337825,
              26.351859077029403
            ],
            [
              85.22719481459643,
              26.352048401865282
            ],
            [
              85.22744566913953,
              26.352346141340142
            ],
            [
              85.22774649426692,
              26.35271138731341
            ],
            [
              85.22796708097484,
              26.352963887188757
            ],
            [
              85.22831797190796,
              26.353252481603608
            ],
            [
              85.2290196702309,
              26.353730373232402
            ],
            [
              85.22940058465745,
              26.353955786656623
            ],
            [
              85.23003673111747,
              26.353883130835158
            ],
            [
              85.23100823484275,
              26.353566469216506
            ],
            [
              85.23207480368126,
              26.352960941843044
            ],
            [
              85.23276063955292,
              26.352473022836097
            ],
            [
              85.23337607086246,
              26.351718933820237
            ],
            [
              85.23421223800028,
              26.35126698292872
            ],
            [
              85.23529874584489,
              26.350738132675282
            ],
            [
              85.23571376840442,
              26.350571333750906
            ],
            [
              85.23616498498514,
              26.350389987040668
            ],
            [
              85.23695095695982,
              26.349969717389893
            ],
            [
              85.23768680024669,
              26.34934635366418
            ],
            [
              85.23838747808347,
              26.34869583511204
            ],
            [
              85.23890264303432,
              26.347896706190653
            ],
            [
              85.23913757404067,
              26.34736845635253
            ],
            [
              85.23918702180549,
              26.346723105260153
            ],
            [
              85.23907102774275,
              26.345960536642792
            ],
            [
              85.23874972192516,
              26.34518001039763
            ],
            [
              85.23831822516159,
              26.344458243633596
            ],
            [
              85.23818244121313,
              26.343871637327545
            ],
            [
              85.2393841768575,
              26.3434420201924
            ],
            [
              85.2412569639006,
              26.34289895196852
            ],
            [
              85.24304488979374,
              26.342640335234403
            ],
            [
              85.24255758070156,
              26.34112886189526
            ],
            [
              85.2444154476261,
              26.340734690342668
            ],
            [
              85.24427933399592,
              26.33992250165818
            ],
            [
              85.24407844913883,
              26.339299805932722
            ],
            [
              85.24611633036145,
              26.33872493215803
            ],
            [
              85.24680373558989,
              26.339911349300877
            ],
            [
              85.24693507108107,
              26.34092206907892
            ],
            [
              85.24698574235131,
              26.341495172124052
            ],
            [
              85.24720675306403,
              26.342113326911367
            ],
            [
              85.2475431595615,
              26.3429388862416
            ],
            [
              85.24776139268337,
              26.34316969827728
            ],
            [
              85.24793741486836,
              26.343323287732666
            ],
            [
              85.24816823967554,
              26.34342342007785
            ],
            [
              85.24847588481258,
              26.343471864092102
            ],
            [
              85.25000388497489,
              26.343175770598414
            ],
            [
              85.25202282072817,
              26.342784460654794
            ],
            [
              85.25472295165638,
              26.342443848729236
            ],
            [
              85.25498844334868,
              26.34244401376088
            ],
            [
              85.25656417190037,
              26.34444911230973
            ],
            [
              85.25698946040698,
              26.344837567672997
            ],
            [
              85.2573752194479,
              26.34481527114983
            ],
            [
              85.2589633869713,
              26.34442846116973
            ],
            [
              85.26105271830349,
              26.343784855873537
            ],
            [
              85.26176929182924,
              26.343514621389968
            ],
            [
              85.26214008044593,
              26.34329380927667
            ],
            [
              85.26263635113136,
              26.342942182835106
            ],
            [
              85.26293696425634,
              26.342784426038516
            ],
            [
              85.2631974855702,
              26.342748498347873
            ],
            [
              85.26442496693062,
              26.342420080950344
            ],
            [
              85.26466045040088,
              26.342316416860974
            ],
            [
              85.26475080205385,
              26.342163060334094
            ],
            [
              85.26520282981323,
              26.340786966686647
            ],
            [
              85.26553966121386,
              26.339496495819343
            ],
            [
              85.26568744934949,
              26.339478561654506
            ],
            [
              85.26583523838339,
              26.33946062668183
            ],
            [
              85.26633092875716,
              26.33959643182301
            ],
            [
              85.26676160805383,
              26.339677919983547
            ],
            [
              85.26711782060671,
              26.339055490220645
            ],
            [
              85.26730350237591,
              26.338608828206606
            ],
            [
              85.26761959976147,
              26.33800884027456
            ],
            [
              85.26762390359,
              26.338002806325363
            ],
            [
              85.26822143327259,
              26.33716532815677
            ],
            [
              85.26877803121926,
              26.33645269890821
            ],
            [
              85.26940976156135,
              26.335686000982196
            ],
            [
              85.2697707684229,
              26.335338760857823
            ],
            [
              85.2703019494369,
              26.33493300534959
            ],
            [
              85.27093830879765,
              26.334608493792047
            ],
            [
              85.27151956370223,
              26.33431111765669
            ],
            [
              85.27285067740881,
              26.33566595369818
            ],
            [
              85.2740582745604,
              26.334935691111927
            ],
            [
              85.27368371661281,
              26.333766523604048
            ],
            [
              85.27340360304258,
              26.3332879706501
            ],
            [
              85.27302383396803,
              26.33238963692806
            ],
            [
              85.27283886007122,
              26.331947254089073
            ],
            [
              85.27237473020833,
              26.330105671118954
            ],
            [
              85.27224013023941,
              26.329387940625097
            ],
            [
              85.27223597283627,
              26.32935923475872
            ],
            [
              85.27193156702414,
              26.327257654391335
            ],
            [
              85.27188154703249,
              26.327280159607067
            ],
            [
              85.26581426092487,
              26.329811953959883
            ],
            [
              85.26604919282956,
              26.330254407757437
            ],
            [
              85.26431070661637,
              26.33094802379278
            ],
            [
              85.26222159267648,
              26.33158726674799
            ],
            [
              85.26056845899171,
              26.331996619921785
            ],
            [
              85.26038810692705,
              26.332005534044733
            ],
            [
              85.26025294012122,
              26.33197383303088
            ],
            [
              85.26009277859089,
              26.331838291071797
            ],
            [
              85.25999784463167,
              26.33163511591154
            ],
            [
              85.25958901326104,
              26.32982061866378
            ],
            [
              85.2594590207512,
              26.32960383904243
            ],
            [
              85.25847341706924,
              26.32853806474619
            ],
            [
              85.2578029989828,
              26.32790570575476
            ],
            [
              85.25713232307989,
              26.32745830266347
            ],
            [
              85.25712975838978,
              26.327455743939243
            ],
            [
              85.25678215439225,
              26.327088003634834
            ],
            [
              85.2565571794142,
              26.326659106799106
            ],
            [
              85.25646730027508,
              26.326433334244346
            ],
            [
              85.25642527079789,
              26.325925602235042
            ],
            [
              85.25638324221897,
              26.325417868804628
            ],
            [
              85.25633935592411,
              26.324208363327546
            ],
            [
              85.25627982726516,
              26.323635152150544
            ],
            [
              85.25620514762066,
              26.32319734221874
            ],
            [
              85.25614047431009,
              26.322813724148933
            ],
            [
              85.25612605365481,
              26.322258574952766
            ],
            [
              85.25614651458207,
              26.321748623287597
            ],
            [
              85.2561924319678,
              26.320976930872
            ],
            [
              85.25628275936624,
              26.320737823066047
            ],
            [
              85.25634830763589,
              26.32032726417941
            ],
            [
              85.2562837142754,
              26.31988488276152
            ],
            [
              85.25616407934082,
              26.319352285062358
            ],
            [
              85.25616369306523,
              26.31934983405489
            ],
            [
              85.25589538156125,
              26.317650692859495
            ],
            [
              85.25582575943176,
              26.31714966516113
            ],
            [
              85.25577115982877,
              26.316662270751173
            ],
            [
              85.25568255270412,
              26.315195403320384
            ],
            [
              85.25566882285331,
              26.313958910087617
            ],
            [
              85.25567937626127,
              26.313394766662615
            ],
            [
              85.25572557661633,
              26.312329793388066
            ],
            [
              85.25576633228243,
              26.311648304787067
            ],
            [
              85.25589287975316,
              26.310267463033696
            ],
            [
              85.25598423123103,
              26.30910319935947
            ],
            [
              85.25616060196235,
              26.307993138127873
            ],
            [
              85.25633728979896,
              26.306567227909774
            ],
            [
              85.25641393226235,
              26.305073481678622
            ],
            [
              85.25642926291097,
              26.3048387878831
            ],
            [
              85.25774144731788,
              26.3045330166012
            ],
            [
              85.25888321412882,
              26.304344408883818
            ],
            [
              85.25983973305684,
              26.304146594685704
            ],
            [
              85.26019041378419,
              26.30404306786026
            ],
            [
              85.26249919725208,
              26.303435652304316
            ],
            [
              85.26217040397664,
              26.30172954771248
            ],
            [
              85.2612512639476,
              26.299598702110018
            ],
            [
              85.26090660822086,
              26.298668719113774
            ],
            [
              85.25790243619657,
              26.298743022676216
            ],
            [
              85.2571786500974,
              26.29658076502989
            ],
            [
              85.25603183924612,
              26.296837003342315
            ],
            [
              85.25601657058127,
              26.29684259810472
            ],
            [
              85.2548648288774,
              26.29726476712631
            ],
            [
              85.2538531758488,
              26.297489592258856
            ],
            [
              85.25266135940181,
              26.297700660885052
            ],
            [
              85.25232579821902,
              26.29771841790106
            ],
            [
              85.25205547359043,
              26.297700138217138
            ],
            [
              85.25185533613167,
              26.297596147393698
            ],
            [
              85.25102490024534,
              26.296922996106918
            ],
            [
              85.25040869728296,
              26.297256427763383
            ],
            [
              85.25000254738345,
              26.29747994422655
            ],
            [
              85.24979252306665,
              26.297594370804482
            ],
            [
              85.24801878606341,
              26.298761649295546
            ],
            [
              85.24848787013512,
              26.30018821362887
            ],
            [
              85.24865772358903,
              26.30060805274766
            ],
            [
              85.24913203944895,
              26.30185405021909
            ],
            [
              85.24917176115417,
              26.302156485715994
            ],
            [
              85.24777600018821,
              26.301520555280444
            ],
            [
              85.24712984290268,
              26.30139296160603
            ],
            [
              85.24623877522623,
              26.301574342383677
            ],
            [
              85.24546290121367,
              26.301814175060695
            ],
            [
              85.24502626967994,
              26.30082165084937
            ],
            [
              85.24494097105044,
              26.300713368041023
            ],
            [
              85.24445040287041,
              26.30080855631691
            ],
            [
              85.24338924727981,
              26.30111186509212
            ],
            [
              85.2428133175882,
              26.300963358399972
            ],
            [
              85.24247263780491,
              26.30072899773918
            ],
            [
              85.24213166517086,
              26.300241881356758
            ],
            [
              85.24176048578701,
              26.299632892400762
            ],
            [
              85.24045850085189,
              26.299516635707185
            ],
            [
              85.23933690211739,
              26.299472360220904
            ],
            [
              85.23812533710718,
              26.29952301714842
            ],
            [
              85.23705874042085,
              26.29952381200988
            ],
            [
              85.23625768034266,
              26.29960125420155
            ],
            [
              85.23626010938722,
              26.299618080770212
            ],
            [
              85.23639382900711,
              26.30054434038749
            ],
            [
              85.2365951468522,
              26.30168140272378
            ],
            [
              85.23673598202748,
              26.302407811389294
            ],
            [
              85.23666178657491,
              26.303333054970352
            ],
            [
              85.23662697685766,
              26.30359485829968
            ],
            [
              85.23639740609859,
              26.304429908069878
            ],
            [
              85.23600248244517,
              26.305053049802734
            ],
            [
              85.23511222415085,
              26.306222628778162
            ],
            [
              85.23437695668407,
              26.307030958996194
            ],
            [
              85.23380152286252,
              26.30749615704937
            ],
            [
              85.23353626293553,
              26.3077040282342
            ],
            [
              85.23315619562027,
              26.308164680248176
            ],
            [
              85.23276583990008,
              26.308458296886922
            ],
            [
              85.23255069877942,
              26.308643494044233
            ],
            [
              85.23213016864884,
              26.308733993986685
            ],
            [
              85.23138887528312,
              26.308630794171215
            ],
            [
              85.2299662924194,
              26.308081288796533
            ],
            [
              85.22947524543733,
              26.307612239853352
            ],
            [
              85.22928957804116,
              26.30714307868872
            ],
            [
              85.22937928919534,
              26.30672326485036
            ],
            [
              85.22954435912034,
              26.30643888121434
            ],
            [
              85.23016991893476,
              26.306050325204378
            ],
            [
              85.230530309552,
              26.305883081795425
            ],
            [
              85.23105070629106,
              26.30556679217102
            ],
            [
              85.23135111819342,
              26.30544466361973
            ],
            [
              85.23150611620747,
              26.30529555609475
            ],
            [
              85.23171613333776,
              26.304966049204968
            ],
            [
              85.23201619759212,
              26.304523551151977
            ],
            [
              85.23224119772303,
              26.304117227050632
            ],
            [
              85.23237075724487,
              26.303512400932647
            ],
            [
              85.23253030342923,
              26.30279917000262
            ],
            [
              85.23249479482266,
              26.302235094656595
            ],
            [
              85.2324342771186,
              26.30177479193612
            ],
            [
              85.23229880937714,
              26.301409340157985
            ],
            [
              85.23207321725644,
              26.301102625658384
            ],
            [
              85.23159214696395,
              26.30069680497182
            ],
            [
              85.23107126603296,
              26.30042652630503
            ],
            [
              85.23068548633081,
              26.3003410668483
            ],
            [
              85.23018468813635,
              26.300205984759778
            ],
            [
              85.22971894400088,
              26.30007088238069
            ],
            [
              85.22912310404932,
              26.300107398315742
            ],
            [
              85.22763597813078,
              26.29993701521714
            ],
            [
              85.2268248155989,
              26.299973747827497
            ],
            [
              85.22606406023255,
              26.30024507527874
            ],
            [
              85.22561342755678,
              26.300452985238422
            ],
            [
              85.22520806997133,
              26.300719497350446
            ],
            [
              85.22501793615157,
              26.300827994368664
            ],
            [
              85.22484790572953,
              26.301076294113823
            ],
            [
              85.22450789788606,
              26.3015954610023
            ],
            [
              85.22420775457998,
              26.301943159048697
            ],
            [
              85.22384764693203,
              26.302381195061113
            ],
            [
              85.22330741359488,
              26.30307209581582
            ],
            [
              85.22299728641272,
              26.303410822375913
            ],
            [
              85.22262194064261,
              26.303717867384208
            ],
            [
              85.2221865622587,
              26.303961882380705
            ],
            [
              85.22190628339847,
              26.304070339320376
            ],
            [
              85.22147508577389,
              26.30344331476775
            ],
            [
              85.2211494294154,
              26.303217938273086
            ],
            [
              85.22074332622826,
              26.30255484493008
            ],
            [
              85.22070815089668,
              26.302392377608008
            ],
            [
              85.22044235018392,
              26.301900637658328
            ],
            [
              85.22030682944184,
              26.301449420811572
            ],
            [
              85.22019645613783,
              26.301115593722447
            ],
            [
              85.22019091263421,
              26.300632680335
            ],
            [
              85.22012550540003,
              26.300167889610922
            ],
            [
              85.2202301977582,
              26.29953595800793
            ],
            [
              85.22022987705964,
              26.299229132247866
            ],
            [
              85.22035484529209,
              26.29884993181203
            ],
            [
              85.22047914427964,
              26.297838935048944
            ],
            [
              85.22056357693319,
              26.296841525379318
            ],
            [
              85.22056297506197,
              26.296149190202375
            ],
            [
              85.22056297236702,
              26.29614654300307
            ],
            [
              85.22066266739725,
              26.295690660070292
            ],
            [
              85.22067730544478,
              26.2952303837139
            ],
            [
              85.2205719752828,
              26.294900952106186
            ],
            [
              85.22046155167311,
              26.294544467343357
            ],
            [
              85.22024605571794,
              26.294300957623722
            ],
            [
              85.21977012468714,
              26.293976313712214
            ],
            [
              85.21930949196563,
              26.293908942939737
            ],
            [
              85.21876376902378,
              26.293918236101128
            ],
            [
              85.21843831029467,
              26.293963661359783
            ],
            [
              85.21809797995601,
              26.294045097867855
            ],
            [
              85.21746242818072,
              26.294447200106937
            ],
            [
              85.21744582641595,
              26.29445513215673
            ],
            [
              85.21720719794388,
              26.29456914131915
            ],
            [
              85.21668666016933,
              26.294804136977774
            ],
            [
              85.21532524988152,
              26.295585807322073
            ],
            [
              85.21476477121283,
              26.2958975690864
            ],
            [
              85.2143242661436,
              26.296019635214122
            ],
            [
              85.21376361499836,
              26.296146340859153
            ],
            [
              85.21321294503426,
              26.29626856537958
            ],
            [
              85.21256205093219,
              26.29635018227862
            ],
            [
              85.21165086817994,
              26.296386846765085
            ],
            [
              85.21163237096992,
              26.296385236059958
            ],
            [
              85.2110851029258,
              26.296337547097615
            ],
            [
              85.210374073802,
              26.29632443514629
            ],
            [
              85.20942767798894,
              26.296234722814805
            ],
            [
              85.20870157513467,
              26.296140353050276
            ],
            [
              85.20836606515584,
              26.296005184726457
            ],
            [
              85.20807560479018,
              26.295838440642196
            ],
            [
              85.20763978443517,
              26.29559044699013
            ],
            [
              85.20664800214067,
              26.29487793322205
            ],
            [
              85.20578127162194,
              26.29423305308119
            ],
            [
              85.20523515611633,
              26.29356546027751
            ],
            [
              85.20451861043836,
              26.292559484882677
            ],
            [
              85.20412249561889,
              26.291828592953564
            ],
            [
              85.20378167839337,
              26.29129165574352
            ],
            [
              85.20364623760132,
              26.290885560710873
            ],
            [
              85.20335529394205,
              26.29002374106395
            ],
            [
              85.20330499996426,
              26.2895770067599
            ],
            [
              85.20374497502745,
              26.288611053670415
            ],
            [
              85.20438015130699,
              26.28763589874344
            ],
            [
              85.20455503083492,
              26.287243164845083
            ],
            [
              85.20475494191825,
              26.286687991031368
            ],
            [
              85.20476472996158,
              26.286345005674963
            ],
            [
              85.20461418759133,
              26.285853149343897
            ],
            [
              85.20443883105797,
              26.285555326696052
            ],
            [
              85.20408820422955,
              26.28525314429713
            ],
            [
              85.20367753760078,
              26.28504580310378
            ],
            [
              85.20329193666338,
              26.284901691215783
            ],
            [
              85.20310163396033,
              26.28486563925418
            ],
            [
              85.2025610529752,
              26.284888474876116
            ],
            [
              85.2019401383491,
              26.284952007367213
            ],
            [
              85.2009440881587,
              26.285160046231056
            ],
            [
              85.20063878492964,
              26.285295680652073
            ],
            [
              85.20021338143863,
              26.285544177964194
            ],
            [
              85.19991313931783,
              26.285851202629956
            ],
            [
              85.19959293663145,
              26.286212318719038
            ],
            [
              85.19936788170331,
              26.286487790046483
            ],
            [
              85.19926789022904,
              26.28677665484346
            ],
            [
              85.19908281572093,
              26.28711518335705
            ],
            [
              85.19905294134784,
              26.287318272284672
            ],
            [
              85.19898313955532,
              26.28773352929584
            ],
            [
              85.19910360093996,
              26.288148647900698
            ],
            [
              85.1995196897998,
              26.28910068828079
            ],
            [
              85.19994077958081,
              26.290021106611135
            ],
            [
              85.20077771028663,
              26.29123009026169
            ],
            [
              85.20132879886566,
              26.291839086304083
            ],
            [
              85.20227080101866,
              26.293106790262947
            ],
            [
              85.20270686391883,
              26.29373383770122
            ],
            [
              85.20332333817244,
              26.294663104847988
            ],
            [
              85.2039195895524,
              26.295429993775738
            ],
            [
              85.20511727020157,
              26.29699993910919
            ],
            [
              85.20605435587505,
              26.2982539280885
            ],
            [
              85.20618980744686,
              26.298556214326123
            ],
            [
              85.2064258137366,
              26.29946319716296
            ],
            [
              85.2066817222015,
              26.300365645367517
            ],
            [
              85.2068924705604,
              26.30109213797813
            ],
            [
              85.20691769525357,
              26.30134032763423
            ],
            [
              85.20694788673195,
              26.301597607975758
            ],
            [
              85.20696809613094,
              26.301800693283848
            ],
            [
              85.20688320713317,
              26.30213010126018
            ],
            [
              85.20667809480439,
              26.3024687492366
            ],
            [
              85.20655302236737,
              26.302662885230944
            ],
            [
              85.20629280827731,
              26.302866073362686
            ],
            [
              85.20612763235108,
              26.302965467599314
            ],
            [
              85.20581731382775,
              26.303046798731902
            ],
            [
              85.20558190312106,
              26.303024445842894
            ],
            [
              85.20535654096908,
              26.302947878085522
            ],
            [
              85.20495582408041,
              26.302695348036025
            ],
            [
              85.20471529297656,
              26.30231637234579
            ],
            [
              85.20428922742718,
              26.30170741764188
            ],
            [
              85.20378798726156,
              26.300881780987904
            ],
            [
              85.20304107942535,
              26.29959594868587
            ],
            [
              85.20251474122902,
              26.29852220894555
            ],
            [
              85.20229891559211,
              26.297899545913037
            ],
            [
              85.2017973682027,
              26.296505301985928
            ],
            [
              85.20126062122715,
              26.294731944166372
            ],
            [
              85.20112487321134,
              26.294086633146822
            ],
            [
              85.20099957529717,
              26.29390624092411
            ],
            [
              85.20075904778658,
              26.29356787961545
            ],
            [
              85.20050868102871,
              26.29337400382896
            ],
            [
              85.20030830821129,
              26.29330189308074
            ],
            [
              85.19943716067634,
              26.293257201258868
            ],
            [
              85.19827059317703,
              26.293212585124945
            ],
            [
              85.1968735880444,
              26.293181761823895
            ],
            [
              85.19583720170111,
              26.293195812392185
            ],
            [
              85.19523642820202,
              26.29326832186661
            ],
            [
              85.19463583256938,
              26.29351685283621
            ],
            [
              85.19386501068195,
              26.29402266673317
            ],
            [
              85.19266874218438,
              26.294569333801448
            ],
            [
              85.19171768411498,
              26.294975917674993
            ],
            [
              85.19127714311314,
              26.2951249909574
            ],
            [
              85.19088680356259,
              26.295413979206817
            ],
            [
              85.19023106933781,
              26.29580694637174
            ],
            [
              85.18974070866861,
              26.29623593728806
            ],
            [
              85.18912532317312,
              26.29712524479447
            ],
            [
              85.18873513723452,
              26.297951318926046
            ],
            [
              85.18830995472909,
              26.298786337675324
            ],
            [
              85.18803483130027,
              26.299296482211833
            ],
            [
              85.18783475941852,
              26.29970719937188
            ],
            [
              85.18769474710002,
              26.299932901602155
            ],
            [
              85.1876198859958,
              26.300438354910682
            ],
            [
              85.18758015261248,
              26.301061238655716
            ],
            [
              85.18758529456917,
              26.301322988327822
            ],
            [
              85.18765563175761,
              26.3017200602908
            ],
            [
              85.18783121286978,
              26.30226604762201
            ],
            [
              85.18807184278829,
              26.302879746678805
            ],
            [
              85.18824218402743,
              26.30311884865853
            ],
            [
              85.1883474378326,
              26.303389628389436
            ],
            [
              85.18863296644737,
              26.303660244011493
            ],
            [
              85.18933414374743,
              26.303993880969326
            ],
            [
              85.18978489589914,
              26.304124590703164
            ],
            [
              85.1903357212718,
              26.304137862026746
            ],
            [
              85.19083146284954,
              26.304060890744637
            ],
            [
              85.19150728520073,
              26.303880124275626
            ],
            [
              85.19268368925239,
              26.303387562784895
            ],
            [
              85.19351964169286,
              26.30298105994972
            ],
            [
              85.19416050430814,
              26.30284533588606
            ],
            [
              85.19458601110539,
              26.302750405370713
            ],
            [
              85.19527198262264,
              26.3026958529646
            ],
            [
              85.19631341929446,
              26.30264576677704
            ],
            [
              85.19761035569769,
              26.30267218332787
            ],
            [
              85.19842658382947,
              26.302775503608217
            ],
            [
              85.1990074533568,
              26.302937699810112
            ],
            [
              85.19948830086713,
              26.30310450535611
            ],
            [
              85.19993900720475,
              26.303271200335313
            ],
            [
              85.20037479072886,
              26.30354169382782
            ],
            [
              85.20079063704355,
              26.30382583895577
            ],
            [
              85.20152212170468,
              26.304592630230662
            ],
            [
              85.20187283207645,
              26.304944468156894
            ],
            [
              85.20237410278477,
              26.305774625746746
            ],
            [
              85.20287380503459,
              26.306557095047992
            ],
            [
              85.20287537798467,
              26.30655955679476
            ],
            [
              85.20304091144038,
              26.306911507931407
            ],
            [
              85.2031662794231,
              26.30721827389802
            ],
            [
              85.20320146194123,
              26.307489066599416
            ],
            [
              85.20323701905681,
              26.308332972851954
            ],
            [
              85.20328772356471,
              26.309298659366963
            ],
            [
              85.20335340388668,
              26.31028700901394
            ],
            [
              85.20335408570799,
              26.311216683791542
            ],
            [
              85.2034197480637,
              26.31212830561164
            ],
            [
              85.20350514640616,
              26.3125073273257
            ],
            [
              85.20352040968119,
              26.3128683169109
            ],
            [
              85.2034355296666,
              26.313202326756688
            ],
            [
              85.2033605688494,
              26.313477696917612
            ],
            [
              85.20306041835678,
              26.31395623430671
            ],
            [
              85.20282528343283,
              26.31436246996028
            ],
            [
              85.20271215499587,
              26.314566732687247
            ],
            [
              85.20259521231219,
              26.314777885362723
            ],
            [
              85.20238504336663,
              26.31508486804508
            ],
            [
              85.20233516261383,
              26.315396297146798
            ],
            [
              85.20237546283413,
              26.315653522933008
            ],
            [
              85.20251101322057,
              26.316073161088976
            ],
            [
              85.20266159062514,
              26.316596524393606
            ],
            [
              85.2027720654388,
              26.31712895278638
            ],
            [
              85.20287247912124,
              26.317625328905187
            ],
            [
              85.20293811183255,
              26.318369955121714
            ],
            [
              85.20288847182825,
              26.319087501073675
            ],
            [
              85.20266364956379,
              26.31989546536374
            ],
            [
              85.20223860270393,
              26.32083893633661
            ],
            [
              85.20148741529368,
              26.320997319680878
            ],
            [
              85.20043572974278,
              26.320948193933987
            ],
            [
              85.2000501108391,
              26.320862652989057
            ],
            [
              85.19978960120334,
              26.320777058033674
            ],
            [
              85.19953916976674,
              26.32059671781877
            ],
            [
              85.19935874404024,
              26.320339536021677
            ],
            [
              85.19917314042445,
              26.31978901124993
            ],
            [
              85.19904755504939,
              26.319256571733074
            ],
            [
              85.19900735005056,
              26.31896775163262
            ],
            [
              85.1989217127562,
              26.318268277665872
            ],
            [
              85.19889653836867,
              26.318069734373058
            ],
            [
              85.1988809525985,
              26.31716713576413
            ],
            [
              85.19886555188125,
              26.316485694136798
            ],
            [
              85.19888034443906,
              26.31613817016633
            ],
            [
              85.19878006640221,
              26.315763655056777
            ],
            [
              85.19863948724677,
              26.315294393229397
            ],
            [
              85.19856922821174,
              26.314915380632833
            ],
            [
              85.1985888438243,
              26.31449561266775
            ],
            [
              85.19868880475585,
              26.314048781825502
            ],
            [
              85.1986735846,
              26.31384124733591
            ],
            [
              85.19852321829954,
              26.31358408033416
            ],
            [
              85.1981976005686,
              26.31333148166409
            ],
            [
              85.19715078658152,
              26.312952920826145
            ],
            [
              85.19651472456312,
              26.312632866676438
            ],
            [
              85.19592368880171,
              26.312484162163
            ],
            [
              85.19523765979228,
              26.312538626216742
            ],
            [
              85.1947169549311,
              26.312692385147315
            ],
            [
              85.19415124357587,
              26.313080811790176
            ],
            [
              85.19387595216209,
              26.31329750638589
            ],
            [
              85.19378599307294,
              26.31346002767065
            ],
            [
              85.19377608555364,
              26.313821061796233
            ],
            [
              85.19372638805719,
              26.31431302413973
            ],
            [
              85.19395227302861,
              26.315170339176337
            ],
            [
              85.19405263281219,
              26.315544948804163
            ],
            [
              85.19410286570455,
              26.31598716884358
            ],
            [
              85.19407798326951,
              26.316235361225495
            ],
            [
              85.19394292965139,
              26.316470071394907
            ],
            [
              85.19359255704617,
              26.316799734797254
            ],
            [
              85.19349253862241,
              26.316971246165092
            ],
            [
              85.19346757983058,
              26.31708864001898
            ],
            [
              85.19345766781971,
              26.31726913868512
            ],
            [
              85.19347780355682,
              26.31744965639496
            ],
            [
              85.19354293500817,
              26.317648162905932
            ],
            [
              85.19359312028985,
              26.317828696934416
            ],
            [
              85.19364333611423,
              26.317968522866
            ],
            [
              85.19375869057647,
              26.318293403140082
            ],
            [
              85.19382413104829,
              26.31880784771718
            ],
            [
              85.19389441074455,
              26.31904252610295
            ],
            [
              85.19394454033068,
              26.31930421020021
            ],
            [
              85.19407013918041,
              26.319872850817518
            ],
            [
              85.19411026602586,
              26.320228321246017
            ],
            [
              85.19411038460349,
              26.32022937120973
            ],
            [
              85.19420576682204,
              26.320757281930412
            ],
            [
              85.1942961364413,
              26.321149910340328
            ],
            [
              85.19433651930659,
              26.321736522292
            ],
            [
              85.1943017419287,
              26.322228492083536
            ],
            [
              85.19441208379166,
              26.32256693961262
            ],
            [
              85.19452259902948,
              26.322900786226143
            ],
            [
              85.19488843703061,
              26.32333831466602
            ],
            [
              85.19527922484048,
              26.323626945926843
            ],
            [
              85.19551475142987,
              26.323915697242498
            ],
            [
              85.1957051718122,
              26.324154775137977
            ],
            [
              85.19579042103435,
              26.324335299829944
            ],
            [
              85.19591582225476,
              26.324827119290063
            ],
            [
              85.1959811342675,
              26.325111379690785
            ],
            [
              85.19592628942445,
              26.32561239468782
            ],
            [
              85.19580644697903,
              26.325950923309133
            ],
            [
              85.19571642321114,
              26.326239817781897
            ],
            [
              85.1955063728432,
              26.326794934205548
            ],
            [
              85.1953664773057,
              26.327250826820716
            ],
            [
              85.19498129767818,
              26.32807237229784
            ],
            [
              85.19459101202656,
              26.32879013429563
            ],
            [
              85.19434073240528,
              26.329038555272124
            ],
            [
              85.19400536615689,
              26.329250790220975
            ],
            [
              85.19374500743808,
              26.329354655216708
            ],
            [
              85.19346958037872,
              26.329467629277314
            ],
            [
              85.19315412259363,
              26.32952647728728
            ],
            [
              85.19278347141922,
              26.329540128134095
            ],
            [
              85.19255311104102,
              26.329531175175457
            ],
            [
              85.19220745908262,
              26.329418585220516
            ],
            [
              85.1918567621856,
              26.329224689702976
            ],
            [
              85.19149597720794,
              26.328945093835152
            ],
            [
              85.19109502765556,
              26.328349507379176
            ],
            [
              85.19100470385038,
              26.327993076395288
            ],
            [
              85.19087913195008,
              26.32739744398027
            ],
            [
              85.19086895942782,
              26.32698217770036
            ],
            [
              85.19082860261369,
              26.326562558134125
            ],
            [
              85.19085331886039,
              26.325881083217805
            ],
            [
              85.19075262400526,
              26.32510938291147
            ],
            [
              85.19075240840957,
              26.32468512610713
            ],
            [
              85.19075234822247,
              26.324495654248615
            ],
            [
              85.19056189011086,
              26.32418877863295
            ],
            [
              85.19037637902153,
              26.323782762627218
            ],
            [
              85.19015071593397,
              26.32327288369695
            ],
            [
              85.18974972416082,
              26.322456228597556
            ],
            [
              85.18936370730344,
              26.32188781564524
            ],
            [
              85.18920836164135,
              26.321738899172743
            ],
            [
              85.189213224222,
              26.321490726634593
            ],
            [
              85.18955839109015,
              26.320660207391036
            ],
            [
              85.19009861095253,
              26.31951810880186
            ],
            [
              85.19041885316483,
              26.31900799127846
            ],
            [
              85.1907541843789,
              26.318719036090197
            ],
            [
              85.19108456677411,
              26.318348869352388
            ],
            [
              85.19142966087871,
              26.317540907962858
            ],
            [
              85.19152958408101,
              26.317188773316072
            ],
            [
              85.19151432709424,
              26.31668786923287
            ],
            [
              85.19147883555569,
              26.315961311732508
            ],
            [
              85.19151860756654,
              26.315451351668354
            ],
            [
              85.19095680208619,
              26.313601280111367
            ],
            [
              85.19080631271653,
              26.31308232966109
            ],
            [
              85.19072089730605,
              26.312513742677062
            ],
            [
              85.19065549276685,
              26.31219788504452
            ],
            [
              85.19043015666604,
              26.31217085062788
            ],
            [
              85.19011971417521,
              26.312238693127338
            ],
            [
              85.1899445256268,
              26.31234254600161
            ],
            [
              85.18991948418994,
              26.31243285865494
            ],
            [
              85.18999481241808,
              26.31278025523908
            ],
            [
              85.19011526032803,
              26.31319546936903
            ],
            [
              85.19031611464239,
              26.31413407496023
            ],
            [
              85.19046673426779,
              26.314928251329697
            ],
            [
              85.190592143573,
              26.315366003943172
            ],
            [
              85.19064247258513,
              26.315839821400612
            ],
            [
              85.19061770243945,
              26.316331734105702
            ],
            [
              85.19054269940146,
              26.316575501913235
            ],
            [
              85.19039258373097,
              26.316895950997232
            ],
            [
              85.19025255344616,
              26.31716679032983
            ],
            [
              85.18995242900469,
              26.31770397163909
            ],
            [
              85.18979238335702,
              26.318038015050384
            ],
            [
              85.18952717283736,
              26.318403767067213
            ],
            [
              85.18940228096173,
              26.318918247387998
            ],
            [
              85.1892371921721,
              26.319292936688047
            ],
            [
              85.18907707286259,
              26.319676535017003
            ],
            [
              85.1889119939544,
              26.31999255020633
            ],
            [
              85.18872683230971,
              26.32028592510712
            ],
            [
              85.18854171198755,
              26.320434964225594
            ],
            [
              85.18816121258267,
              26.320742026928222
            ],
            [
              85.18772557638223,
              26.320891148393596
            ],
            [
              85.1870045346363,
              26.320990801736098
            ],
            [
              85.1856172465801,
              26.320932627351514
            ],
            [
              85.18352890608963,
              26.320739455977854
            ],
            [
              85.18245716385341,
              26.32057738131544
            ],
            [
              85.18152064322024,
              26.320460523224682
            ],
            [
              85.18105480655831,
              26.32054190005137
            ],
            [
              85.18065429807878,
              26.32071807433234
            ],
            [
              85.18035396702479,
              26.321079209030714
            ],
            [
              85.18000355130044,
              26.321440341797878
            ],
            [
              85.17981843636815,
              26.321729191965765
            ],
            [
              85.17976857358168,
              26.322022556831506
            ],
            [
              85.17966844915672,
              26.32228892593663
            ],
            [
              85.17983892604147,
              26.32265441492758
            ],
            [
              85.18002929342322,
              26.322875458043757
            ],
            [
              85.18031489120824,
              26.323091933025875
            ],
            [
              85.18075560378833,
              26.323240780929865
            ],
            [
              85.18127641375237,
              26.323276637379518
            ],
            [
              85.18178225508888,
              26.323366732165596
            ],
            [
              85.1828841941934,
              26.3235016640655
            ],
            [
              85.1841211851194,
              26.323609502868567
            ],
            [
              85.18466218831273,
              26.323744625309107
            ],
            [
              85.18501274327595,
              26.323830214045483
            ],
            [
              85.18538836842214,
              26.323965406277484
            ],
            [
              85.18604963357411,
              26.324366799230212
            ],
            [
              85.18624010426211,
              26.324601466352373
            ],
            [
              85.18652576133597,
              26.32497589733088
            ],
            [
              85.18676126906071,
              26.325219527783645
            ],
            [
              85.18683654608492,
              26.325454181905723
            ],
            [
              85.18710216174475,
              26.325887212001113
            ],
            [
              85.18726270775402,
              26.32635195028532
            ],
            [
              85.18739827700512,
              26.327204883218073
            ],
            [
              85.1874135106357,
              26.327538792143866
            ],
            [
              85.18729860173781,
              26.328111978361864
            ],
            [
              85.18717357241997,
              26.328473088392848
            ],
            [
              85.18702360497146,
              26.328910881598823
            ],
            [
              85.18678341073584,
              26.329308265605132
            ],
            [
              85.18648312459763,
              26.32964684863595
            ],
            [
              85.18605754773178,
              26.33003511617285
            ],
            [
              85.18577224908574,
              26.33029246564036
            ],
            [
              85.18528655606276,
              26.330604055934316
            ],
            [
              85.18473583399637,
              26.330974305877614
            ],
            [
              85.18447551839671,
              26.33117744838294
            ],
            [
              85.18427526415695,
              26.331389655257603
            ],
            [
              85.18417526639446,
              26.331705676323406
            ],
            [
              85.18410028761096,
              26.332093866106458
            ],
            [
              85.18413552043471,
              26.33237820125396
            ],
            [
              85.18415090767722,
              26.333253622025644
            ],
            [
              85.184366755772,
              26.334205692818458
            ],
            [
              85.1845374087265,
              26.335094725809206
            ],
            [
              85.18475335743261,
              26.33597016065534
            ],
            [
              85.18480376998804,
              26.336687697376284
            ],
            [
              85.18478902414263,
              26.337292388120275
            ],
            [
              85.18477913099643,
              26.337675987200903
            ],
            [
              85.184754216222,
              26.33796939860917
            ],
            [
              85.18465415378085,
              26.338154442312007
            ],
            [
              85.18457917769227,
              26.33845236406456
            ],
            [
              85.18436401591038,
              26.338790846284894
            ],
            [
              85.18415375803161,
              26.33917452170954
            ],
            [
              85.18378826857679,
              26.339490697828225
            ],
            [
              85.18332262415433,
              26.339734561792824
            ],
            [
              85.18274171689775,
              26.339955929741873
            ],
            [
              85.1817351959444,
              26.34038501399824
            ],
            [
              85.18087375290943,
              26.340588462006064
            ],
            [
              85.18041796390393,
              26.340656331330507
            ],
            [
              85.17984212943378,
              26.340873148216595
            ],
            [
              85.17927080540466,
              26.34018735634384
            ],
            [
              85.17841896356344,
              26.339592052338936
            ],
            [
              85.17836886002847,
              26.339452224341784
            ],
            [
              85.1796907857663,
              26.33867540174261
            ],
            [
              85.1810176594247,
              26.337831020182826
            ],
            [
              85.18156841293212,
              26.337397509856928
            ],
            [
              85.18112747756986,
              26.33688777461078
            ],
            [
              85.18080176821077,
              26.336441153340342
            ],
            [
              85.17985977863415,
              26.33573738677401
            ],
            [
              85.17939888540121,
              26.33539005260926
            ],
            [
              85.17882278502975,
              26.33524146506871
            ],
            [
              85.17863807883093,
              26.336500591144727
            ],
            [
              85.17843809139077,
              26.33743032198841
            ],
            [
              85.17810326502988,
              26.339158910079224
            ],
            [
              85.17776779367861,
              26.339425263106712
            ],
            [
              85.17680607799667,
              26.339353452321557
            ],
            [
              85.17558860566515,
              26.33855958595276
            ],
            [
              85.17396536701473,
              26.33741834097666
            ],
            [
              85.17346437478415,
              26.33700340932264
            ],
            [
              85.17345366956091,
              26.33543290869781
            ],
            [
              85.17358866119531,
              26.3349319353921
            ],
            [
              85.17362867844625,
              26.33458437902163
            ],
            [
              85.17371368512327,
              26.33422331381543
            ],
            [
              85.17420419940437,
              26.33361385698441
            ],
            [
              85.17489514130011,
              26.33283291817746
            ],
            [
              85.1754407142233,
              26.332097153347647
            ],
            [
              85.17590119063793,
              26.331447139241266
            ],
            [
              85.17619158722319,
              26.331153678290338
            ],
            [
              85.17640675888659,
              26.33058493928811
            ],
            [
              85.17679713796296,
              26.329894312097153
            ],
            [
              85.17684710585235,
              26.32972280940033
            ],
            [
              85.17688206738488,
              26.32941589691483
            ],
            [
              85.17669164879914,
              26.329172281732344
            ],
            [
              85.17657639315158,
              26.329009780078295
            ],
            [
              85.1761154091888,
              26.32884305933079
            ],
            [
              85.1754895134045,
              26.328978615263228
            ],
            [
              85.17501882673834,
              26.329290179303566
            ],
            [
              85.174713386067,
              26.32938052866061
            ],
            [
              85.17422758614448,
              26.329525085230895
            ],
            [
              85.1734665046897,
              26.32974655804845
            ],
            [
              85.17269021655378,
              26.329724204674818
            ],
            [
              85.17218927373054,
              26.329589007089428
            ],
            [
              85.1718286432631,
              26.329340868282124
            ],
            [
              85.17161316707082,
              26.328907730333547
            ],
            [
              85.17136754880754,
              26.328646162136067
            ],
            [
              85.1710870759112,
              26.3286010596414
            ],
            [
              85.17045100401137,
              26.32843425376674
            ],
            [
              85.16946433672408,
              26.328299163367703
            ],
            [
              85.1689885287625,
              26.32836249896304
            ],
            [
              85.16826735406589,
              26.32829506203146
            ],
            [
              85.16776649298932,
              26.328263565310024
            ],
            [
              85.16723068116002,
              26.32846685266419
            ],
            [
              85.16642950340253,
              26.328855130599205
            ],
            [
              85.16593385704618,
              26.329229893221473
            ],
            [
              85.1655282317628,
              26.329568523983674
            ],
            [
              85.16507748410268,
              26.329744640250883
            ],
            [
              85.1645917012482,
              26.3297221717446
            ],
            [
              85.16421602669466,
              26.329546214857384
            ],
            [
              85.16391542434947,
              26.32918978514213
            ],
            [
              85.16336941933665,
              26.328883104730384
            ],
            [
              85.16312901938683,
              26.328666543958832
            ],
            [
              85.16304378184277,
              26.32838679859921
            ],
            [
              85.16275819034595,
              26.32791754524247
            ],
            [
              85.1625025316127,
              26.327366984031464
            ],
            [
              85.16236711777017,
              26.32694731594104
            ],
            [
              85.16231700615036,
              26.326536684060486
            ],
            [
              85.16222664641255,
              26.3259725358709
            ],
            [
              85.16215643858155,
              26.32548970514298
            ],
            [
              85.16209623079624,
              26.3251602733981
            ],
            [
              85.16199591413184,
              26.324605203888748
            ],
            [
              85.16189063876706,
              26.324167417753237
            ],
            [
              85.16167982932271,
              26.32275042336163
            ],
            [
              85.16167967930406,
              26.3223983842643
            ],
            [
              85.16152933905472,
              26.32182073807732
            ],
            [
              85.16142909605219,
              26.321495848372493
            ],
            [
              85.16128870374631,
              26.320954346328627
            ],
            [
              85.161113378654,
              26.32062054885695
            ],
            [
              85.16084772526493,
              26.32003844433314
            ],
            [
              85.16062224633197,
              26.3195825949871
            ],
            [
              85.16040680427568,
              26.319239707756104
            ],
            [
              85.1600561100736,
              26.318797507379834
            ],
            [
              85.15975554725426,
              26.318441067931523
            ],
            [
              85.15936983223084,
              26.31806656590355
            ],
            [
              85.15882889102124,
              26.317507011218897
            ],
            [
              85.15837296637015,
              26.31710109498676
            ],
            [
              85.15783209972075,
              26.3168349007599
            ],
            [
              85.15704585286159,
              26.31642888796267
            ],
            [
              85.15591905018664,
              26.316099729985623
            ],
            [
              85.15470697762827,
              26.31577948564014
            ],
            [
              85.1537305008296,
              26.315508932943178
            ],
            [
              85.1527088845862,
              26.315242937168414
            ],
            [
              85.15176739896447,
              26.31519794621104
            ],
            [
              85.1507657711345,
              26.315256791004277
            ],
            [
              85.14997466259302,
              26.315360770813786
            ],
            [
              85.14940378772152,
              26.315541335784452
            ],
            [
              85.14899322709397,
              26.315699326984017
            ],
            [
              85.14816700789959,
              26.316209489675984
            ],
            [
              85.14785161658986,
              26.31649832792665
            ],
            [
              85.1470404432782,
              26.317635754698898
            ],
            [
              85.14653984181476,
              26.3186421558185
            ],
            [
              85.14655509790323,
              26.319445446658047
            ],
            [
              85.14657028661806,
              26.32081289914243
            ],
            [
              85.14652029986406,
              26.321291291895417
            ],
            [
              85.14650540040678,
              26.321774201321016
            ],
            [
              85.1462950652729,
              26.321999854131366
            ],
            [
              85.14546873828067,
              26.322261766657622
            ],
            [
              85.14519341362924,
              26.32241075411809
            ],
            [
              85.14449228214328,
              26.322591326618202
            ],
            [
              85.14390636138907,
              26.322839644143844
            ],
            [
              85.14307010441973,
              26.322988672729647
            ],
            [
              85.14228379018694,
              26.32308355204244
            ],
            [
              85.14209351892491,
              26.322672905655722
            ],
            [
              85.14195813921835,
              26.32200499033986
            ],
            [
              85.14156740171416,
              26.321057282340277
            ],
            [
              85.14143216394139,
              26.32081361736552
            ],
            [
              85.14112166934825,
              26.320317192104742
            ],
            [
              85.14049548430643,
              26.31951852428086
            ],
            [
              85.13932361225537,
              26.318927424206425
            ],
            [
              85.1381567716682,
              26.318354431673555
            ],
            [
              85.13738559314959,
              26.317993461598252
            ],
            [
              85.13691974211461,
              26.317718145651966
            ],
            [
              85.13633873334841,
              26.316346231982482
            ],
            [
              85.13612343861584,
              26.315836321120525
            ],
            [
              85.13601317041474,
              26.315335358850078
            ],
            [
              85.13590290131529,
              26.31455917563867
            ],
            [
              85.13596795461322,
              26.314049210207767
            ],
            [
              85.13611315560081,
              26.313494069735583
            ],
            [
              85.13621330607687,
              26.312975081764225
            ],
            [
              85.13521181479081,
              26.312745060667574
            ],
            [
              85.13388475967271,
              26.312618751629152
            ],
            [
              85.13256269828929,
              26.31250603813555
            ],
            [
              85.13184658200603,
              26.312343528396497
            ],
            [
              85.13088520768393,
              26.312217173826756
            ],
            [
              85.13008896976216,
              26.311973636006485
            ],
            [
              85.12942302618416,
              26.313165025816044
            ],
            [
              85.12905240824739,
              26.31400895434527
            ],
            [
              85.1285866919597,
              26.315042369191328
            ],
            [
              85.12607788422075,
              26.314789711698424
            ],
            [
              85.12607784289824,
              26.313174054926822
            ],
            [
              85.12505638475834,
              26.31306583197324
            ],
            [
              85.12515155407617,
              26.3122309499159
            ],
            [
              85.12357915018937,
              26.312122552148868
            ],
            [
              85.12328865838268,
              26.313088285995793
            ],
            [
              85.12311844470433,
              26.31380583164799
            ],
            [
              85.12276779541801,
              26.31481229905414
            ],
            [
              85.12236715129286,
              26.315322286087998
            ],
            [
              85.12144066394313,
              26.316062326910217
            ],
            [
              85.12081469809023,
              26.316364634338957
            ],
            [
              85.11961781694164,
              26.316815970259963
            ],
            [
              85.11890172760786,
              26.317023481706112
            ],
            [
              85.11825577064661,
              26.316969331376793
            ],
            [
              85.1174444006039,
              26.316757205974596
            ],
            [
              85.1167284226612,
              26.316035070350463
            ],
            [
              85.11633794027856,
              26.31552508887002
            ],
            [
              85.11589221689583,
              26.315105367401323
            ],
            [
              85.11530640483778,
              26.314640476088574
            ],
            [
              85.11453023078792,
              26.314080828358456
            ],
            [
              85.11400950885874,
              26.31384615038911
            ],
            [
              85.11363389269573,
              26.31372422462423
            ],
            [
              85.11283271134496,
              26.313719638827333
            ],
            [
              85.11232196790196,
              26.313963309061577
            ],
            [
              85.11168089867418,
              26.31422051628823
            ],
            [
              85.1113703708434,
              26.314414465914627
            ],
            [
              85.11094472031569,
              26.31463560286233
            ],
            [
              85.10988295027744,
              26.31584496512922
            ],
            [
              85.10887112117906,
              26.31720328235851
            ],
            [
              85.10884062068021,
              26.317244823832848
            ],
            [
              85.10782421556378,
              26.318629185689726
            ],
            [
              85.10682736317786,
              26.320190596623632
            ],
            [
              85.1058054513887,
              26.321702295043057
            ],
            [
              85.10475354305564,
              26.32295669387964
            ],
            [
              85.1041424506089,
              26.323755486144815
            ],
            [
              85.10413243080022,
              26.323766318798853
            ],
            [
              85.10344126342734,
              26.324513545645924
            ],
            [
              85.10305554660731,
              26.324788711783714
            ],
            [
              85.10256462538935,
              26.3251271131834
            ],
            [
              85.10222396806395,
              26.325366225614864
            ],
            [
              85.10159790159975,
              26.325515175265195
            ],
            [
              85.10113711257137,
              26.325663963694087
            ],
            [
              85.10055114240984,
              26.325749622670152
            ],
            [
              85.10016561064275,
              26.325546473057027
            ],
            [
              85.10001537369968,
              26.325582481771228
            ],
            [
              85.09959976004863,
              26.32527106636909
            ],
            [
              85.09927430221781,
              26.324977725030205
            ],
            [
              85.09905412514169,
              26.324616637109965
            ],
            [
              85.09882888785556,
              26.323682394286912
            ],
            [
              85.09886421140916,
              26.32268499125526
            ],
            [
              85.09883939814436,
              26.321818576985407
            ],
            [
              85.0987243006003,
              26.32154318880802
            ],
            [
              85.09852407330997,
              26.321218290272835
            ],
            [
              85.09830378574105,
              26.3209564889175
            ],
            [
              85.0978180648703,
              26.320676543765796
            ],
            [
              85.0972420812798,
              26.320581614170088
            ],
            [
              85.09662614242208,
              26.320608639377355
            ],
            [
              85.0961654090893,
              26.32073042504119
            ],
            [
              85.09527376738941,
              26.321434191844602
            ],
            [
              85.09471770214371,
              26.32219675538075
            ],
            [
              85.09431690710159,
              26.32277435138214
            ],
            [
              85.09383091673624,
              26.32353242535718
            ],
            [
              85.09381797830122,
              26.323547027809138
            ],
            [
              85.09297929677892,
              26.32449351092005
            ],
            [
              85.09249339804174,
              26.324890523612332
            ],
            [
              85.091917259941,
              26.325134060041826
            ],
            [
              85.0913963951797,
              26.325323538907337
            ],
            [
              85.09096567456054,
              26.325391095926726
            ],
            [
              85.09020451135905,
              26.325269118706814
            ],
            [
              85.08921805966745,
              26.324952864291394
            ],
            [
              85.0864036486621,
              26.324487374011422
            ],
            [
              85.08541987933995,
              26.32438172766596
            ],
            [
              85.08541971943983,
              26.324381710757624
            ],
            [
              85.08446557386081,
              26.324279240666982
            ],
            [
              85.08282802414959,
              26.32419750092397
            ],
            [
              85.08199157134753,
              26.324305547615168
            ],
            [
              85.08156576630958,
              26.324427302016183
            ],
            [
              85.08107498343222,
              26.324571652208917
            ],
            [
              85.08070424961277,
              26.324900934259293
            ],
            [
              85.0801228141468,
              26.326028932375664
            ],
            [
              85.07963667735606,
              26.326832082611162
            ],
            [
              85.07934589359691,
              26.327712046828697
            ],
            [
              85.07912018379693,
              26.32855136064766
            ],
            [
              85.07896956417157,
              26.329508030324966
            ],
            [
              85.07890404734296,
              26.3303699806609
            ],
            [
              85.07879358241078,
              26.33090249790046
            ],
            [
              85.07847791531826,
              26.331620012092372
            ],
            [
              85.07813208459511,
              26.332071204025915
            ],
            [
              85.07779639944482,
              26.332350851116693
            ],
            [
              85.07705507373974,
              26.332693562659454
            ],
            [
              85.07629381082526,
              26.332806104343867
            ],
            [
              85.07566780993804,
              26.332783436767016
            ],
            [
              85.0746714210828,
              26.33216474586498
            ],
            [
              85.07242357932374,
              26.33015117075572
            ],
            [
              85.07097681560921,
              26.328701933364453
            ],
            [
              85.07080151926299,
              26.328665816122896
            ],
            [
              85.07074139322438,
              26.329035898357475
            ],
            [
              85.07072621259441,
              26.329347281896013
            ],
            [
              85.07059060920731,
              26.33008281622591
            ],
            [
              85.0702497057435,
              26.330809266620342
            ],
            [
              85.07004926285754,
              26.33118377816357
            ],
            [
              85.06954301099098,
              26.332185469237416
            ],
            [
              85.0690854118802,
              26.33312577426911
            ],
            [
              85.06867569477066,
              26.33396767102383
            ],
            [
              85.06798877732743,
              26.335501817989552
            ],
            [
              85.06770305467656,
              26.33612457118292
            ],
            [
              85.06696127442396,
              26.33709446031602
            ],
            [
              85.06568848293895,
              26.33861030790518
            ],
            [
              85.063538783023,
              26.340572558335012
            ],
            [
              85.06221900964863,
              26.341474988184558
            ],
            [
              85.0609334001028,
              26.34235403525511
            ],
            [
              85.06037218930713,
              26.342678694956582
            ],
            [
              85.0598914001873,
              26.342836371394338
            ],
            [
              85.05919512679037,
              26.342849685779218
            ],
            [
              85.05836867493235,
              26.342871794304262
            ],
            [
              85.05751723014649,
              26.34281268178397
            ],
            [
              85.05643044741743,
              26.342622741279925
            ],
            [
              85.05523378725442,
              26.341940633959762
            ],
            [
              85.05453301958612,
              26.341258843024967
            ],
            [
              85.05431775539628,
              26.341042178209467
            ],
            [
              85.05396239085303,
              26.340559139837264
            ],
            [
              85.05367205804814,
              26.340206963288505
            ],
            [
              85.05317641259015,
              26.3398997453094
            ],
            [
              85.05186436023561,
              26.339596678974022
            ],
            [
              85.04998113656553,
              26.339704105090156
            ],
            [
              85.04813781606042,
              26.339946810943513
            ],
            [
              85.04767694887863,
              26.33999171017043
            ],
            [
              85.04763781287494,
              26.34001151921563
            ],
            [
              85.04615382926325,
              26.340762635841596
            ],
            [
              85.04539707678981,
              26.341502302354208
            ],
            [
              85.04505615895296,
              26.342057185388153
            ],
            [
              85.0443954651295,
              26.34143853600672
            ],
            [
              85.04417538686802,
              26.340919411632004
            ],
            [
              85.04428604583632,
              26.340242513395808
            ],
            [
              85.04425157658055,
              26.33940305409657
            ],
            [
              85.04410732511221,
              26.33865092876327
            ],
            [
              85.04410182023615,
              26.338622227609076
            ],
            [
              85.04330102695761,
              26.33932896499463
            ],
            [
              85.04226728705113,
              26.340473793711347
            ],
            [
              85.04208584263512,
              26.341087246070195
            ],
            [
              85.04223037976772,
              26.341475562982517
            ],
            [
              85.04255045219836,
              26.341764896100095
            ],
            [
              85.04301606338318,
              26.341891881780604
            ],
            [
              85.0431556418154,
              26.342217040289768
            ],
            [
              85.04347481323585,
              26.343020771342513
            ],
            [
              85.04401008517766,
              26.343409730617033
            ],
            [
              85.04515677475636,
              26.343569308331713
            ],
            [
              85.04747122300049,
              26.343383049647972
            ],
            [
              85.04782662617127,
              26.34350989991856
            ],
            [
              85.0479362116528,
              26.343830499062335
            ],
            [
              85.04814654588834,
              26.343866869984428
            ],
            [
              85.05043616829124,
              26.3435135933731
            ],
            [
              85.05068542383314,
              26.344222476050064
            ],
            [
              85.05082532925212,
              26.344416653961506
            ],
            [
              85.05236331868039,
              26.344287896788646
            ],
            [
              85.05261338270601,
              26.344513946062044
            ],
            [
              85.05274755687348,
              26.345123373668866
            ],
            [
              85.0528858830542,
              26.346283391062084
            ],
            [
              85.0531006037633,
              26.346640163395218
            ],
            [
              85.0547086258511,
              26.346543079968626
            ],
            [
              85.05781521390264,
              26.34596062438864
            ],
            [
              85.05951208386361,
              26.355801116204372
            ],
            [
              85.05611515043081,
              26.35615305773289
            ],
            [
              85.05636191314777,
              26.358405284128192
            ],
            [
              85.05686261971411,
              26.358536891103718
            ],
            [
              85.05725775087836,
              26.358921044362315
            ],
            [
              85.05754241890703,
              26.35940429502898
            ],
            [
              85.05836368299431,
              26.359599431058705
            ],
            [
              85.05871847531071,
              26.360114371398033
            ],
            [
              85.05900261782499,
              26.361017300773256
            ],
            [
              85.05950326959406,
              26.3611804698169
            ],
            [
              85.05982369057108,
              26.36130722732416
            ],
            [
              85.06050180542286,
              26.363271316664314
            ],
            [
              85.06128507885842,
              26.365271571828654
            ],
            [
              85.06189084429553,
              26.365497959990773
            ],
            [
              85.06792872225574,
              26.3648288639859
            ],
            [
              85.06814454429937,
              26.364571910870424
            ],
            [
              85.06814706587038,
              26.362929159310646
            ],
            [
              85.0685037994461,
              26.362284325662728
            ],
            [
              85.0694013017549,
              26.36177095729458
            ],
            [
              85.07156134666964,
              26.36116444985129
            ],
            [
              85.07202577477321,
              26.362130717919822
            ],
            [
              85.07248651708919,
              26.36219455013067
            ],
            [
              85.07717126992344,
              26.36168577170001
            ],
            [
              85.07816813398748,
              26.361718555210533
            ],
            [
              85.07824105832391,
              26.361957571109752
            ],
            [
              85.07831276634148,
              26.362192606309364
            ],
            [
              85.07955330291792,
              26.36686497297205
            ],
            [
              85.08033692220486,
              26.368860616143834
            ],
            [
              85.0815844449793,
              26.37230088191462
            ],
            [
              85.08183470214273,
              26.372432082731496
            ],
            [
              85.08244111077359,
              26.372333502254566
            ],
            [
              85.08304707294174,
              26.372496669811657
            ],
            [
              85.08336695492956,
              26.373011490728604
            ],
            [
              85.0838661451397,
              26.37429372866926
            ],
            [
              85.08421975257825,
              26.37581049712915
            ],
            [
              85.08510718028111,
              26.37889384485013
            ],
            [
              85.08342709893446,
              26.380020168922936
            ],
            [
              85.08181672056566,
              26.38137216629747
            ],
            [
              85.08095965591939,
              26.38156070161615
            ],
            [
              85.07929100922802,
              26.3816805287185
            ],
            [
              85.07844105295058,
              26.377049276664053
            ],
            [
              85.07733367993691,
              26.377178834340615
            ],
            [
              85.07247121698326,
              26.37877949781966
            ],
            [
              85.06907746268824,
              26.379903449735803
            ],
            [
              85.06864676632357,
              26.379808080236476
            ],
            [
              85.06829203239765,
              26.379130732006452
            ],
            [
              85.0674744819458,
              26.376489636984644
            ],
            [
              85.06701406392166,
              26.37614609909806
            ],
            [
              85.0666587748369,
              26.375919990134076
            ],
            [
              85.06640955522762,
              26.375080278744917
            ],
            [
              85.06594379582081,
              26.37495327477942
            ],
            [
              85.05968933224898,
              26.37603725336545
            ],
            [
              85.05947268195864,
              26.376781609141133
            ],
            [
              85.05943639541104,
              26.377521602193337
            ],
            [
              85.05904516293515,
              26.3777467567652
            ],
            [
              85.05822330506149,
              26.377903567725305
            ],
            [
              85.058040505986,
              26.379320393645347
            ],
            [
              85.05843615188489,
              26.379451807000034
            ],
            [
              85.05853975278998,
              26.380417715356675
            ],
            [
              85.06103987022688,
              26.38048424872964
            ],
            [
              85.0613595545854,
              26.38109841673225
            ],
            [
              85.06270658104887,
              26.387779237161567
            ],
            [
              85.06295680407631,
              26.38793752483585
            ],
            [
              85.063633280401,
              26.387938444625803
            ],
            [
              85.06384863082913,
              26.38800638272295
            ],
            [
              85.06481200839431,
              26.39032276184493
            ],
            [
              85.06545247664918,
              26.390905821943036
            ],
            [
              85.06602309100923,
              26.391290150050033
            ],
            [
              85.06641896777518,
              26.39129057734164
            ],
            [
              85.06734670108821,
              26.390840496788382
            ],
            [
              85.07060255141069,
              26.388398612295145
            ],
            [
              85.07092406743405,
              26.387852942753703
            ],
            [
              85.0712862690549,
              26.38691924364083
            ],
            [
              85.0717124936061,
              26.38672577928192
            ],
            [
              85.07607215961374,
              26.386473889103886
            ],
            [
              85.07639822201074,
              26.386185466956942
            ],
            [
              85.0767197452206,
              26.385671349334054
            ],
            [
              85.07764709225808,
              26.38541521510759
            ],
            [
              85.07994779178672,
              26.384849420285317
            ],
            [
              85.08062028318483,
              26.387521843397163
            ],
            [
              85.08065483508562,
              26.38791000677663
            ],
            [
              85.08018850165531,
              26.38813507591801
            ],
            [
              85.07840408368335,
              26.388548085921727
            ],
            [
              85.07793774576152,
              26.388773240728174
            ],
            [
              85.07801161243067,
              26.389612728657653
            ],
            [
              85.07903751723124,
              26.393892192173567
            ],
            [
              85.07893151512941,
              26.394442563832442
            ],
            [
              85.07871502114592,
              26.395114781837016
            ],
            [
              85.07874887236078,
              26.395985751029876
            ],
            [
              85.0799217702879,
              26.399200331620612
            ],
            [
              85.08009867911005,
              26.39928726217046
            ],
            [
              85.08406748903589,
              26.39591175129562
            ],
            [
              85.08560195527161,
              26.395110270076817
            ],
            [
              85.08889075579873,
              26.393985697684645
            ],
            [
              85.09028435990973,
              26.393603720157785
            ],
            [
              85.09028865116183,
              26.393602757765123
            ],
            [
              85.09280570004522,
              26.39303791797904
            ],
            [
              85.09502115214838,
              26.39252585625245
            ],
            [
              85.09559285706317,
              26.39216997630782
            ],
            [
              85.09602483173049,
              26.39143033138247
            ],
            [
              85.09595055003963,
              26.390753270187368
            ],
            [
              85.09510145165329,
              26.388671868974356
            ],
            [
              85.09467246118936,
              26.387191163155634
            ],
            [
              85.09467430543063,
              26.385900513280088
            ],
            [
              85.09489086229618,
              26.385034249752884
            ]
          ]
        ]
      }
    }
  ]
}