{
  "type": "FeatureCollection",
  "features": [
    {
      "type": "Feature",
      "properties": {
        "object_id": "10-207-01091",
        "stname": "BIHAR",
        "dtname": "Madhubani",
        "sdtname": "Benipatti",
        "st_area_sh": 0.0,
        "st_length_": 0.0,
        "remarks": "",
        "dist_lgd": 206,
        "state_lgd": 10,
        "subdt_lgd": 1091,
        "ac_no": null,
        "st_length(shape)": 128414.2409747215,
        "st_area(shape)": 328987645.9449377
      },
      "geometry": {
        "type": "Polygon",
        "coordinates": [
          [
            [
              85.94461619005267,
              26.51203972109152
            ],
            [
              85.94993255465138,
              26.511909954071132
            ],
            [
              85.95177952321491,
              26.512076875788782
            ],
            [
              85.9533286939735,
              26.512764193318514
            ],
            [
              85.95409488594393,
              26.512552833624273
            ],
            [
              85.95362791021822,
              26.511652610890287
            ],
            [
              85.95223481994358,
              26.51023348075986
            ],
            [
              85.95245924066114,
              26.50919446965426
            ],
            [
              85.95334182105476,
              26.509154022984298
            ],
            [
              85.95423409427026,
              26.50988066937596
            ],
            [
              85.95566201222844,
              26.51042866864353
            ],
            [
              85.95812717172606,
              26.510795519327207
            ],
            [
              85.95938673641686,
              26.50842915740077
            ],
            [
              85.96109500959206,
              26.50807318284735
            ],
            [
              85.96718350402526,
              26.50711311528863
            ],
            [
              85.96845555709513,
              26.50679083313914
            ],
            [
              85.97137793841111,
              26.505679524110388
            ],
            [
              85.9724150407117,
              26.505489260855942
            ],
            [
              85.97534077723527,
              26.504923881852626
            ],
            [
              85.97830755508923,
              26.50529170835986
            ],
            [
              85.97830696489609,
              26.50527060206341
            ],
            [
              85.9778930176199,
              26.502704078863438
            ],
            [
              85.9756440323055,
              26.50159116265759
            ],
            [
              85.97248097076535,
              26.5005466026526
            ],
            [
              85.9720541371564,
              26.50002174087617
            ],
            [
              85.9730177258257,
              26.49922359979084
            ],
            [
              85.97320146364066,
              26.498483625748094
            ],
            [
              85.97294189903256,
              26.498075572081007
            ],
            [
              85.97287677836097,
              26.497725705209625
            ],
            [
              85.97358942355399,
              26.497258650016416
            ],
            [
              85.9754363229472,
              26.496878285039116
            ],
            [
              85.97631097391181,
              26.496742455144773
            ],
            [
              85.9777526756197,
              26.496511099688995
            ],
            [
              85.97831849117948,
              26.496328806977576
            ],
            [
              85.97903292222328,
              26.496473768714758
            ],
            [
              85.9799357048293,
              26.496412511931556
            ],
            [
              85.98074406102423,
              26.496181564223267
            ],
            [
              85.9832074418576,
              26.496115172389423
            ],
            [
              85.98375055070196,
              26.4963117059666
            ],
            [
              85.98434639694172,
              26.496752560067343
            ],
            [
              85.98538002994869,
              26.496964494715016
            ],
            [
              85.98587915817505,
              26.496948360955983
            ],
            [
              85.98773933826142,
              26.496261416711246
            ],
            [
              85.98889506668851,
              26.49603983564839
            ],
            [
              85.99043629364508,
              26.495944124061282
            ],
            [
              85.99169740343815,
              26.496006123954245
            ],
            [
              85.993413773129,
              26.495973189680893
            ],
            [
              85.99477986004618,
              26.495940565727263
            ],
            [
              85.99486683223707,
              26.495937882907327
            ],
            [
              85.99583068231611,
              26.49590814838256
            ],
            [
              85.99659238091347,
              26.495765711179303
            ],
            [
              85.99688992269853,
              26.495576310242697
            ],
            [
              85.99725744324418,
              26.49532384110028
            ],
            [
              85.99734472625214,
              26.495024349735324
            ],
            [
              85.99737920359274,
              26.494519995370435
            ],
            [
              85.99711578790703,
              26.49379533011519
            ],
            [
              85.99683469786812,
              26.492991812976562
            ],
            [
              85.99685183592712,
              26.492566335141685
            ],
            [
              85.99713169078251,
              26.492298171993134
            ],
            [
              85.99744684403869,
              26.492124513062915
            ],
            [
              85.99826972958506,
              26.491934734683387
            ],
            [
              85.99921534206719,
              26.491823637734672
            ],
            [
              85.99974088525448,
              26.491917697337904
            ],
            [
              86.00000033308157,
              26.492012506985954
            ],
            [
              86.00185198995256,
              26.491968589877736
            ],
            [
              86.00382721637907,
              26.491638677984824
            ],
            [
              86.00535879812439,
              26.491105126146522
            ],
            [
              86.00685649721385,
              26.490800462929855
            ],
            [
              86.00768605903939,
              26.490519851358133
            ],
            [
              86.00886644083116,
              26.490127010087086
            ],
            [
              86.01078315908488,
              26.48919511863265
            ],
            [
              86.01215629687873,
              26.488574443880324
            ],
            [
              86.01295500696415,
              26.48817892662927
            ],
            [
              86.01384755506413,
              26.48795595431291
            ],
            [
              86.01601325756853,
              26.48765580696922
            ],
            [
              86.01817943707836,
              26.487298389169464
            ],
            [
              86.02082275136144,
              26.48694421208564
            ],
            [
              86.02292304663172,
              26.48685260873049
            ],
            [
              86.02387709609101,
              26.48688775668542
            ],
            [
              86.02518218560377,
              26.48678210374172
            ],
            [
              86.02769512828796,
              26.48679924235147
            ],
            [
              86.02947639856318,
              26.486811364643945
            ],
            [
              86.02995570905607,
              26.486556858947775
            ],
            [
              86.03008892921268,
              26.485841717109235
            ],
            [
              86.03022585222494,
              26.484696845081483
            ],
            [
              86.03048005119584,
              26.4839711466214
            ],
            [
              86.03074009280931,
              26.48331410624851
            ],
            [
              86.03109423744041,
              26.48280089290973
            ],
            [
              86.03196124464024,
              26.481832874354684
            ],
            [
              86.03215541099735,
              26.481433235605955
            ],
            [
              86.03235772687067,
              26.480059660949326
            ],
            [
              86.03236491788455,
              26.47920037905459
            ],
            [
              86.03243317367647,
              26.47865660509452
            ],
            [
              86.03278633734725,
              26.4782580432368
            ],
            [
              86.03351819391092,
              26.478234379005176
            ],
            [
              86.0346658518735,
              26.47792704830067
            ],
            [
              86.03670555128625,
              26.47745382731744
            ],
            [
              86.03782139541305,
              26.477146257320005
            ],
            [
              86.04010069168177,
              26.476932453609173
            ],
            [
              86.04064044981013,
              26.47705065383538
            ],
            [
              86.04162304233924,
              26.47745829806263
            ],
            [
              86.04279712065266,
              26.47780988866131
            ],
            [
              86.04403660081033,
              26.477932763754986
            ],
            [
              86.04486494092708,
              26.477766495218994
            ],
            [
              86.04553863067778,
              26.47708348015183
            ],
            [
              86.04608831788495,
              26.475998677362433
            ],
            [
              86.04702808862282,
              26.473885330020263
            ],
            [
              86.0474477186415,
              26.473143368349497
            ],
            [
              86.04799383324877,
              26.472488199242573
            ],
            [
              86.04921064711519,
              26.47149378027402
            ],
            [
              86.049746750897,
              26.47128554031533
            ],
            [
              86.0502247759007,
              26.471174147599974
            ],
            [
              86.05067358769139,
              26.47074746405352
            ],
            [
              86.05093089932471,
              26.470405458933804
            ],
            [
              86.05160206121623,
              26.470008870806005
            ],
            [
              86.05220751044637,
              26.46986969770749
            ],
            [
              86.05277951629678,
              26.46993073382068
            ],
            [
              86.0536035687547,
              26.47027991328952
            ],
            [
              86.05451961229092,
              26.471059362933023
            ],
            [
              86.0554031673566,
              26.471924545226894
            ],
            [
              86.05610644222288,
              26.472558483818123
            ],
            [
              86.05720023809936,
              26.47302381640048
            ],
            [
              86.05792914729054,
              26.47335780711973
            ],
            [
              86.05883590404338,
              26.47334952066786
            ],
            [
              86.05987183583915,
              26.473098671274506
            ],
            [
              86.06051198339543,
              26.472616155655597
            ],
            [
              86.06065850221155,
              26.47220198727017
            ],
            [
              86.06057170609046,
              26.471142098804183
            ],
            [
              86.06060346512905,
              26.469195395349235
            ],
            [
              86.06069430187225,
              26.46779313901369
            ],
            [
              86.06090671660601,
              26.46710737400831
            ],
            [
              86.06109155036563,
              26.465889374756365
            ],
            [
              86.06142791104902,
              26.464964185969787
            ],
            [
              86.06146563939264,
              26.464860413164065
            ],
            [
              86.06171123789302,
              26.464002598777306
            ],
            [
              86.06176573598633,
              26.463157796238516
            ],
            [
              86.0616304982136,
              26.462182907806913
            ],
            [
              86.06146079477833,
              26.461537154624622
            ],
            [
              86.06108262201002,
              26.46110491126289
            ],
            [
              86.06062224081678,
              26.461001667362012
            ],
            [
              86.06020787402737,
              26.461099157979252
            ],
            [
              86.05988777644389,
              26.46129820823724
            ],
            [
              86.05957426710467,
              26.46161214403435
            ],
            [
              86.05921824768957,
              26.462219226168948
            ],
            [
              86.05895518144848,
              26.462497378393753
            ],
            [
              86.05868724184703,
              26.462757439613156
            ],
            [
              86.05835959841515,
              26.462958421889976
            ],
            [
              86.05797235715403,
              26.4630867829533
            ],
            [
              86.0577312574166,
              26.46313033633661
            ],
            [
              86.05725982065721,
              26.463127224117464
            ],
            [
              86.05689407518254,
              26.46307966827279
            ],
            [
              86.0565386531471,
              26.46299606370722
            ],
            [
              86.0560032347799,
              26.462843555042557
            ],
            [
              86.05567274368855,
              26.462778170113502
            ],
            [
              86.05542179661897,
              26.46279908316203
            ],
            [
              86.05520024062888,
              26.462770803701375
            ],
            [
              86.054835716863,
              26.46261075380565
            ],
            [
              86.05458627626817,
              26.461993175723677
            ],
            [
              86.05427031812148,
              26.46173323019089
            ],
            [
              86.05392080789896,
              26.46168793920469
            ],
            [
              86.05344272540304,
              26.4617994351936
            ],
            [
              86.05313838157468,
              26.462069536798822
            ],
            [
              86.0528314748528,
              26.462640454317135
            ],
            [
              86.05279463673962,
              26.463256135058565
            ],
            [
              86.05287614088539,
              26.4639729090717
            ],
            [
              86.0527283132239,
              26.46454496873653
            ],
            [
              86.05220139920746,
              26.46479923765117
            ],
            [
              86.05140616560223,
              26.46479395901801
            ],
            [
              86.05066185479546,
              26.464402322201234
            ],
            [
              86.04972678404317,
              26.463994967062483
            ],
            [
              86.04917383505317,
              26.463547265177997
            ],
            [
              86.04874925531729,
              26.462957131965716
            ],
            [
              86.04842018715735,
              26.462353279354705
            ],
            [
              86.04818578705532,
              26.461850364381746
            ],
            [
              86.04830442665659,
              26.460963108901822
            ],
            [
              86.0485186892249,
              26.46004778037406
            ],
            [
              86.04849478325855,
              26.45908788761522
            ],
            [
              86.0486148323165,
              26.458028467872527
            ],
            [
              86.04871645782627,
              26.4572699349089
            ],
            [
              86.04902407511553,
              26.456613080635606
            ],
            [
              86.04920241136067,
              26.45619886511503
            ],
            [
              86.0491917564431,
              26.455554246932607
            ],
            [
              86.04900665498555,
              26.454851046889384
            ],
            [
              86.04858646172319,
              26.45373096813692
            ],
            [
              86.04832346195744,
              26.452841169736544
            ],
            [
              86.0483461210622,
              26.452024779726337
            ],
            [
              86.04878125330771,
              26.451325799063163
            ],
            [
              86.04882535609657,
              26.451240443904457
            ],
            [
              86.04912054609221,
              26.45066915377326
            ],
            [
              86.04925499334753,
              26.449796266722682
            ],
            [
              86.04922888291547,
              26.449104055102723
            ],
            [
              86.04913599172521,
              26.448788342301643
            ],
            [
              86.04920263593951,
              26.448416357844867
            ],
            [
              86.04970025769114,
              26.447860981212134
            ],
            [
              86.05059626969488,
              26.447193677661684
            ],
            [
              86.05112568911262,
              26.446624243903774
            ],
            [
              86.0516067621001,
              26.446140437384944
            ],
            [
              86.05169157024945,
              26.44549636211341
            ],
            [
              86.05154411179556,
              26.445209717064614
            ],
            [
              86.05142541200716,
              26.44497897461749
            ],
            [
              86.05066856700724,
              26.44418611726838
            ],
            [
              86.04997294668553,
              26.443694405238535
            ],
            [
              86.04902043424369,
              26.44350190234501
            ],
            [
              86.04841702329094,
              26.44339757692541
            ],
            [
              86.0477586605956,
              26.442999185747922
            ],
            [
              86.04707855417884,
              26.442550629260666
            ],
            [
              86.04644831144688,
              26.441844455805743
            ],
            [
              86.04578582997596,
              26.441181131080132
            ],
            [
              86.04506604587142,
              26.44067142905202
            ],
            [
              86.04480568805093,
              26.44048706112068
            ],
            [
              86.04341515887319,
              26.439417719048876
            ],
            [
              86.04259740270712,
              26.43868878708947
            ],
            [
              86.04193316682647,
              26.43825457575346
            ],
            [
              86.04080902226644,
              26.437674086002787
            ],
            [
              86.0401743328738,
              26.437512278265995
            ],
            [
              86.03934833466502,
              26.437406422336135
            ],
            [
              86.03897716156938,
              26.437274096053205
            ],
            [
              86.03871164382593,
              26.436640313076236
            ],
            [
              86.03863438332161,
              26.435678253680344
            ],
            [
              86.03848244407106,
              26.434047579864572
            ],
            [
              86.0384642370169,
              26.433672443645037
            ],
            [
              86.03842677637124,
              26.432900579806404
            ],
            [
              86.03842816875994,
              26.43212864966359
            ],
            [
              86.0384472938923,
              26.431636722883702
            ],
            [
              86.03851274065235,
              26.43100065010637
            ],
            [
              86.0385713772842,
              26.430581216730864
            ],
            [
              86.03861646821989,
              26.429981120755073
            ],
            [
              86.03859843543889,
              26.42973723006811
            ],
            [
              86.03846385523289,
              26.429036612311645
            ],
            [
              86.03821680505504,
              26.427992153003196
            ],
            [
              86.03796127118763,
              26.426762551037946
            ],
            [
              86.03796943238198,
              26.426383405875818
            ],
            [
              86.03796356368825,
              26.425882282227388
            ],
            [
              86.03808984795255,
              26.42516536207093
            ],
            [
              86.03823738186492,
              26.42430412831535
            ],
            [
              86.03832661960695,
              26.423821700256525
            ],
            [
              86.03834499374778,
              26.42342005168927
            ],
            [
              86.03828333787823,
              26.422995294899156
            ],
            [
              86.03810716028471,
              26.422474968997196
            ],
            [
              86.0376750796162,
              26.421375092207935
            ],
            [
              86.03741783805144,
              26.420353134255315
            ],
            [
              86.03737021566329,
              26.42005035694627
            ],
            [
              86.03758638625325,
              26.419811019600992
            ],
            [
              86.0386699422338,
              26.419532012099836
            ],
            [
              86.03989691335113,
              26.419225248763418
            ],
            [
              86.04122100672373,
              26.41870433706776
            ],
            [
              86.04253054738874,
              26.418025855826755
            ],
            [
              86.04415775838932,
              26.41662620665143
            ],
            [
              86.04468568031551,
              26.416334500180046
            ],
            [
              86.04554453171087,
              26.41621997381623
            ],
            [
              86.04645023384157,
              26.41629761303943
            ],
            [
              86.04774001336695,
              26.41607706067768
            ],
            [
              86.04934959043851,
              26.415643563058303
            ],
            [
              86.05019538661787,
              26.415564576623307
            ],
            [
              86.05106811967931,
              26.415483070366303
            ],
            [
              86.05183378793197,
              26.41518731665338
            ],
            [
              86.05213834286441,
              26.41488850336769
            ],
            [
              86.05222101212507,
              26.4145021757379
            ],
            [
              86.05206644620066,
              26.413956726945532
            ],
            [
              86.05203655026801,
              26.413848846093664
            ],
            [
              86.05180396835611,
              26.413009514317817
            ],
            [
              86.05108327066489,
              26.41147836234891
            ],
            [
              86.05100380928815,
              26.41130954076422
            ],
            [
              86.05074834638764,
              26.410585568980004
            ],
            [
              86.04977967055888,
              26.407404583746967
            ],
            [
              86.04973233114004,
              26.407201131047696
            ],
            [
              86.04941098220336,
              26.405820079802396
            ],
            [
              86.04924214833727,
              26.405094477254156
            ],
            [
              86.04898366260583,
              26.403653059377344
            ],
            [
              86.0489601438134,
              26.40358234735349
            ],
            [
              86.048859493874,
              26.403279714303256
            ],
            [
              86.0486383421258,
              26.403106338699693
            ],
            [
              86.04841957360803,
              26.403030747987874
            ],
            [
              86.04838470460197,
              26.40301869894599
            ],
            [
              86.04768431512439,
              26.40311434698182
            ],
            [
              86.04544242021251,
              26.403128026153112
            ],
            [
              86.04405651286692,
              26.403448315909994
            ],
            [
              86.04267235364284,
              26.403567989148012
            ],
            [
              86.04133522212221,
              26.40375956020955
            ],
            [
              86.04004639930262,
              26.403879936349135
            ],
            [
              86.03982966636728,
              26.403973461930818
            ],
            [
              86.03925885078462,
              26.403917624823062
            ],
            [
              86.03870356976816,
              26.403753727625194
            ],
            [
              86.03815031265601,
              26.403394374204392
            ],
            [
              86.03759689564376,
              26.40301813330478
            ],
            [
              86.03727756791648,
              26.40318797921976
            ],
            [
              86.03728860821131,
              26.403273723991337
            ],
            [
              86.03732654586238,
              26.40356841237113
            ],
            [
              86.03736249015185,
              26.404069739179622
            ],
            [
              86.03771283041769,
              26.404379971224273
            ],
            [
              86.03826567610143,
              26.40481344921407
            ],
            [
              86.03837361586933,
              26.405229668621068
            ],
            [
              86.038369933675,
              26.405673760011105
            ],
            [
              86.03836721716957,
              26.40567737423832
            ],
            [
              86.0380162229302,
              26.406144208826312
            ],
            [
              86.03772868658079,
              26.40629982422708
            ],
            [
              86.03718822686821,
              26.40628192295525
            ],
            [
              86.0365363473143,
              26.406291797660487
            ],
            [
              86.03599779292841,
              26.406044669893614
            ],
            [
              86.03563609166915,
              26.405569405989734
            ],
            [
              86.03537175790524,
              26.405273856171117
            ],
            [
              86.03535248544911,
              26.40525230590211
            ],
            [
              86.03500436402203,
              26.40504943434952
            ],
            [
              86.03459125307737,
              26.405017935202295
            ],
            [
              86.03401735088336,
              26.40520032020634
            ],
            [
              86.03377395684873,
              26.405326087235046
            ],
            [
              86.03363411071855,
              26.405398347033724
            ],
            [
              86.03360717024316,
              26.405469421621024
            ],
            [
              86.03350899785734,
              26.40572841512862
            ],
            [
              86.03350412270028,
              26.405741277329643
            ],
            [
              86.03351728661247,
              26.405750544614584
            ],
            [
              86.03391508936637,
              26.40603061934769
            ],
            [
              86.0345488615791,
              26.40629275431523
            ],
            [
              86.03500731498772,
              26.40661103508896
            ],
            [
              86.03502282529941,
              26.406661395691827
            ],
            [
              86.035100154974,
              26.40691249436601
            ],
            [
              86.03495567263865,
              26.407023263719143
            ],
            [
              86.03474819774065,
              26.407182330393592
            ],
            [
              86.03405698635034,
              26.407163793639192
            ],
            [
              86.03403278932986,
              26.407163145950996
            ],
            [
              86.03322153876304,
              26.407214996397407
            ],
            [
              86.03258431791794,
              26.407353971634834
            ],
            [
              86.03233873289231,
              26.407478198764977
            ],
            [
              86.03208128471505,
              26.407608424698914
            ],
            [
              86.03151351262454,
              26.407693443674923
            ],
            [
              86.03061662656005,
              26.407827742134746
            ],
            [
              86.02999263520412,
              26.40793579999191
            ],
            [
              86.0288651102837,
              26.408131048755237
            ],
            [
              86.02802194077823,
              26.408262623222875
            ],
            [
              86.0271934488462,
              26.408391902093584
            ],
            [
              86.02583955835564,
              26.408683517619274
            ],
            [
              86.02524325756833,
              26.408850017839786
            ],
            [
              86.0240864502646,
              26.40917301517591
            ],
            [
              86.023704227891,
              26.409291136904077
            ],
            [
              86.02332899441029,
              26.409407100665366
            ],
            [
              86.02305150302239,
              26.40942957621369
            ],
            [
              86.02202437381811,
              26.409512758634445
            ],
            [
              86.02106860588167,
              26.40972119072574
            ],
            [
              86.01987323210614,
              26.410056813215544
            ],
            [
              86.01836017272365,
              26.410361623329454
            ],
            [
              86.01713336689632,
              26.41065402877916
            ],
            [
              86.01633744338491,
              26.410763220023103
            ],
            [
              86.01586403572175,
              26.41034447092807
            ],
            [
              86.01528800362223,
              26.408893501614184
            ],
            [
              86.01494331735276,
              26.408289467829775
            ],
            [
              86.01451910682445,
              26.407699148936846
            ],
            [
              86.0139960510722,
              26.407509286100623
            ],
            [
              86.01393290579593,
              26.407512068335468
            ],
            [
              86.01315303428034,
              26.407546447999113
            ],
            [
              86.01307411638429,
              26.40753049802492
            ],
            [
              86.01256570766272,
              26.407427733118638
            ],
            [
              86.01202756919683,
              26.407137541747183
            ],
            [
              86.01107415035489,
              26.40594180630863
            ],
            [
              86.01001786992131,
              26.404888725769773
            ],
            [
              86.00975598496485,
              26.404371333027328
            ],
            [
              86.00959577762042,
              26.40405481781248
            ],
            [
              86.00912293499759,
              26.403564455315387
            ],
            [
              86.00839685819449,
              26.402943406687488
            ],
            [
              86.00767715404,
              26.402129098816673
            ],
            [
              86.00681159402608,
              26.401091584340342
            ],
            [
              86.00612206877354,
              26.40036527134536
            ],
            [
              86.0060108178155,
              26.400248084311052
            ],
            [
              86.00597647791714,
              26.40021191217114
            ],
            [
              86.00572384201483,
              26.400189755874955
            ],
            [
              86.00491206503531,
              26.40011856216922
            ],
            [
              86.00337052277008,
              26.400050500848916
            ],
            [
              86.00251182498663,
              26.4000358042589
            ],
            [
              86.00195572919819,
              26.400026283056157
            ],
            [
              86.0001402699416,
              26.40027612002498
            ],
            [
              85.99997143158396,
              26.400299353703474
            ],
            [
              85.99946017340628,
              26.399457210936774
            ],
            [
              85.99909121016627,
              26.39909998930258
            ],
            [
              85.9983540337795,
              26.39910069899314
            ],
            [
              85.99716326476812,
              26.399152759049255
            ],
            [
              85.99636946397574,
              26.399255624662295
            ],
            [
              85.99540547106457,
              26.399307455327143
            ],
            [
              85.99506552161158,
              26.39930777396315
            ],
            [
              85.99513168971878,
              26.400680810206566
            ],
            [
              85.99513486885658,
              26.400746774298902
            ],
            [
              85.9951142516225,
              26.400893204133844
            ],
            [
              85.9950725509287,
              26.401189376685092
            ],
            [
              85.99481788124059,
              26.401326061177993
            ],
            [
              85.99172018740869,
              26.402019102026106
            ],
            [
              85.99106649415624,
              26.401675018913622
            ],
            [
              85.99078569606975,
              26.401640302778738
            ],
            [
              85.99055073182575,
              26.40173629392022
            ],
            [
              85.98995296678456,
              26.40230349694541
            ],
            [
              85.98953496990305,
              26.402770472310824
            ],
            [
              85.98798487477804,
              26.403306482022366
            ],
            [
              85.98689504676018,
              26.403731699136586
            ],
            [
              85.98568859226562,
              26.403931979766625
            ],
            [
              85.98412690168689,
              26.404242406895296
            ],
            [
              85.97872181228418,
              26.40540271839245
            ],
            [
              85.97678388211166,
              26.405651697291557
            ],
            [
              85.97353105282346,
              26.40560955918318
            ],
            [
              85.9718031829003,
              26.405776166022566
            ],
            [
              85.97028303760685,
              26.40632088591586
            ],
            [
              85.9693582076488,
              26.406704605123064
            ],
            [
              85.96913233255883,
              26.406638021687122
            ],
            [
              85.968887205674,
              26.405912717153093
            ],
            [
              85.96864946204246,
              26.405548340945426
            ],
            [
              85.96826285319534,
              26.405433028245184
            ],
            [
              85.96790714459733,
              26.40545737363834
            ],
            [
              85.96721711898321,
              26.405699934190697
            ],
            [
              85.96655289567894,
              26.40608685611843
            ],
            [
              85.9664197042684,
              26.40642148103277
            ],
            [
              85.96650138628058,
              26.40666929591285
            ],
            [
              85.96677411120757,
              26.407814130300448
            ],
            [
              85.96675178717445,
              26.408256457772488
            ],
            [
              85.96659302881261,
              26.40852357200787
            ],
            [
              85.96524461355368,
              26.409297428616163
            ],
            [
              85.96462567791617,
              26.40970663777512
            ],
            [
              85.96450677960013,
              26.40991939162546
            ],
            [
              85.96471286300778,
              26.410829920957337
            ],
            [
              85.96463560699503,
              26.41130858576014
            ],
            [
              85.96435682472807,
              26.41161691006191
            ],
            [
              85.96397301772629,
              26.41195271208285
            ],
            [
              85.96379078189447,
              26.41248158788497
            ],
            [
              85.96358348216795,
              26.412997060024765
            ],
            [
              85.96299015570258,
              26.41351003820898
            ],
            [
              85.96240606661327,
              26.413873905747053
            ],
            [
              85.96215914040292,
              26.414470785369428
            ],
            [
              85.9621189021664,
              26.417711105350815
            ],
            [
              85.96212148122956,
              26.418139867123134
            ],
            [
              85.96187170196988,
              26.418271908050645
            ],
            [
              85.96000280912358,
              26.418380512841125
            ],
            [
              85.9584497387783,
              26.41849197592719
            ],
            [
              85.95702556859146,
              26.418368203938652
            ],
            [
              85.95615357304688,
              26.41839506389301
            ],
            [
              85.9558993471265,
              26.418621890958065
            ],
            [
              85.95567670507324,
              26.419092366617573
            ],
            [
              85.95539042367028,
              26.422297759951224
            ],
            [
              85.95524759513337,
              26.4227046262189
            ],
            [
              85.95507820161687,
              26.422872437601914
            ],
            [
              85.95362149265384,
              26.423190974306323
            ],
            [
              85.95156280105931,
              26.42341771068672
            ],
            [
              85.95095068722813,
              26.423312409767462
            ],
            [
              85.95088474998794,
              26.42318181461247
            ],
            [
              85.95074284581744,
              26.422090446284088
            ],
            [
              85.95048831806315,
              26.421446395883084
            ],
            [
              85.95016565489121,
              26.42114110180027
            ],
            [
              85.94918163404078,
              26.420861609194084
            ],
            [
              85.94716066629832,
              26.420690951022266
            ],
            [
              85.94540634278668,
              26.420695057125197
            ],
            [
              85.94404862637134,
              26.4207873502781
            ],
            [
              85.94355850734897,
              26.420970192238133
            ],
            [
              85.94322929006867,
              26.421233536989742
            ],
            [
              85.94233398324246,
              26.422384113183714
            ],
            [
              85.94203161301274,
              26.42295866490646
            ],
            [
              85.94188683513167,
              26.423058699278858
            ],
            [
              85.94155052834718,
              26.42297454919414
            ],
            [
              85.94080685803922,
              26.422657798627615
            ],
            [
              85.93946723459202,
              26.422434095233083
            ],
            [
              85.93780908381639,
              26.422586436170445
            ],
            [
              85.93489953673087,
              26.422180752871267
            ],
            [
              85.93441736240887,
              26.422016056225054
            ],
            [
              85.93364650099555,
              26.421338366771597
            ],
            [
              85.9332697430738,
              26.421195718214893
            ],
            [
              85.93233181837385,
              26.421096444877552
            ],
            [
              85.93149440976435,
              26.42102824066643
            ],
            [
              85.93118803215015,
              26.42092139375713
            ],
            [
              85.93086781239577,
              26.420160234375672
            ],
            [
              85.93018923580992,
              26.418128209039633
            ],
            [
              85.92762920433685,
              26.418320899124662
            ],
            [
              85.9257154657949,
              26.41846982072768
            ],
            [
              85.92382826797802,
              26.418884932948814
            ],
            [
              85.92110353039759,
              26.419209124218973
            ],
            [
              85.91857704740708,
              26.419148732176744
            ],
            [
              85.916927314744,
              26.419012052707604
            ],
            [
              85.91374291102933,
              26.41871542389729
            ],
            [
              85.91172123900768,
              26.41841344276912
            ],
            [
              85.91010023536568,
              26.41803729268151
            ],
            [
              85.90909078500617,
              26.417685518773727
            ],
            [
              85.90718138173382,
              26.41771687367345
            ],
            [
              85.90664984588527,
              26.417674171989006
            ],
            [
              85.90641306075614,
              26.417458607807028
            ],
            [
              85.90635073833668,
              26.416190875184416
            ],
            [
              85.90575016067034,
              26.412800019735332
            ],
            [
              85.90526080431759,
              26.41134019260918
            ],
            [
              85.90488819301925,
              26.411034944989353
            ],
            [
              85.90334624112224,
              26.410441820165254
            ],
            [
              85.90172395199109,
              26.409831002366122
            ],
            [
              85.90140179097735,
              26.409566183362983
            ],
            [
              85.90139971856402,
              26.40920975574983
            ],
            [
              85.90158329108894,
              26.407985938758205
            ],
            [
              85.90226953120246,
              26.405243572828233
            ],
            [
              85.90104385904904,
              26.404734679847035
            ],
            [
              85.90041514255475,
              26.404317855203605
            ],
            [
              85.89974956998094,
              26.403594328749605
            ],
            [
              85.8988016820662,
              26.402569769656687
            ],
            [
              85.89828354189514,
              26.40222461482814
            ],
            [
              85.89509688161246,
              26.401440302203056
            ],
            [
              85.89407164965006,
              26.40090787325745
            ],
            [
              85.89342810825859,
              26.400536222699913
            ],
            [
              85.89287068835344,
              26.400313115280625
            ],
            [
              85.8920145471753,
              26.39955430302486
            ],
            [
              85.89128281907071,
              26.398646003694942
            ],
            [
              85.89041791662359,
              26.396289713992118
            ],
            [
              85.88979285986575,
              26.395611103350976
            ],
            [
              85.88936513512803,
              26.395288101048283
            ],
            [
              85.88918733158387,
              26.39484660739655
            ],
            [
              85.88883300100153,
              26.392379757794423
            ],
            [
              85.88868485623476,
              26.39006079419746
            ],
            [
              85.88886722681383,
              26.388593363803498
            ],
            [
              85.8890589946691,
              26.387933687951612
            ],
            [
              85.88929799055217,
              26.387657279861088
            ],
            [
              85.88937626794937,
              26.387300489258017
            ],
            [
              85.88940976432967,
              26.38611794302845
            ],
            [
              85.88961625916572,
              26.3853860016788
            ],
            [
              85.89110935977924,
              26.38265806803643
            ],
            [
              85.89183322762509,
              26.381269448923444
            ],
            [
              85.89219232826159,
              26.38095647410582
            ],
            [
              85.8936583797036,
              26.380606929041893
            ],
            [
              85.89550624388743,
              26.380418053359243
            ],
            [
              85.8973384576224,
              26.380130054689975
            ],
            [
              85.89753275872675,
              26.37992610405449
            ],
            [
              85.89753172207094,
              26.379745538146796
            ],
            [
              85.89755066574364,
              26.377741784793276
            ],
            [
              85.89762099125397,
              26.375981499323245
            ],
            [
              85.89786200744808,
              26.3742746047561
            ],
            [
              85.8978441660082,
              26.371084206919562
            ],
            [
              85.89672193396144,
              26.371089261270935
            ],
            [
              85.89432282579001,
              26.371221895259673
            ],
            [
              85.89241343419573,
              26.37110415631443
            ],
            [
              85.89161025678843,
              26.370823476132884
            ],
            [
              85.89128453934448,
              26.37082488781322
            ],
            [
              85.89109958880391,
              26.37089344121061
            ],
            [
              85.89105031082066,
              26.37104258094721
            ],
            [
              85.89112300968,
              26.372423104118457
            ],
            [
              85.8910915776282,
              26.373077579277485
            ],
            [
              85.89070477205,
              26.373801412045704
            ],
            [
              85.89006857797928,
              26.374724818271634
            ],
            [
              85.88968405502021,
              26.374952218873815
            ],
            [
              85.88945856171424,
              26.37495767787348
            ],
            [
              85.88929797797573,
              26.37489524100219
            ],
            [
              85.8888757123,
              26.374639870789213
            ],
            [
              85.88858423324484,
              26.374478714257815
            ],
            [
              85.88839378231974,
              26.374475118369354
            ],
            [
              85.88792827713617,
              26.37456288521822
            ],
            [
              85.88692138158532,
              26.37458092098229
            ],
            [
              85.8861348769097,
              26.374602434321336
            ],
            [
              85.88580451966732,
              26.374662646861196
            ],
            [
              85.8857649803201,
              26.37475756669652
            ],
            [
              85.88581092824853,
              26.37491527021977
            ],
            [
              85.88575264734955,
              26.375244983623283
            ],
            [
              85.88562327108401,
              26.375407998180762
            ],
            [
              85.88536338577737,
              26.3755400268303
            ],
            [
              85.88464384421793,
              26.37588165109577
            ],
            [
              85.88439998755094,
              26.376189628187714
            ],
            [
              85.88416100244768,
              26.376470449856075
            ],
            [
              85.88383602072396,
              26.3765937871191
            ],
            [
              85.88338562789839,
              26.376681524190843
            ],
            [
              85.88299083090746,
              26.37687726120669
            ],
            [
              85.8826066672745,
              26.37717228897852
            ],
            [
              85.88263732767346,
              26.378214625772003
            ],
            [
              85.88288765400718,
              26.380934702011007
            ],
            [
              85.88293675142903,
              26.382577157394806
            ],
            [
              85.88288939494217,
              26.383096356297642
            ],
            [
              85.88259696277449,
              26.38367070771312
            ],
            [
              85.88237426412735,
              26.384190704027997
            ],
            [
              85.88211534001806,
              26.38447613671981
            ],
            [
              85.88096728320347,
              26.385284446691273
            ],
            [
              85.88038362440722,
              26.385765363654297
            ],
            [
              85.88028966512006,
              26.38600049608991
            ],
            [
              85.88020399638467,
              26.38682664737777
            ],
            [
              85.88012530037251,
              26.3871022599774
            ],
            [
              85.88002582812449,
              26.38724711377247
            ],
            [
              85.87971596325038,
              26.3873973936089
            ],
            [
              85.87948580139987,
              26.387448115866288
            ],
            [
              85.87789761321518,
              26.387495678775792
            ],
            [
              85.87712013930309,
              26.387341080940953
            ],
            [
              85.87662790295158,
              26.387122185683697
            ],
            [
              85.8756619337468,
              26.386399810848037
            ],
            [
              85.87457546183484,
              26.385632896041116
            ],
            [
              85.87421876509002,
              26.385453913111796
            ],
            [
              85.8735416985722,
              26.38534403482354
            ],
            [
              85.8726430922339,
              26.385018517970355
            ],
            [
              85.87095579022902,
              26.38431740813189
            ],
            [
              85.87066907763472,
              26.384120047681268
            ],
            [
              85.87057258689512,
              26.38388130214101
            ],
            [
              85.87039260313973,
              26.38301109789906
            ],
            [
              85.86998261923057,
              26.382245719402036
            ],
            [
              85.869590407591,
              26.38199018517055
            ],
            [
              85.86849097927771,
              26.38158878371527
            ],
            [
              85.86792793771552,
              26.381234721019446
            ],
            [
              85.86750154787433,
              26.381132714933734
            ],
            [
              85.8668106176567,
              26.381235045338677
            ],
            [
              85.86612969826457,
              26.381337271838724
            ],
            [
              85.8654132226552,
              26.381340312228094
            ],
            [
              85.86487622415144,
              26.381180129953343
            ],
            [
              85.86399669174156,
              26.380655940129035
            ],
            [
              85.8633677300072,
              26.380157696123003
            ],
            [
              85.8620975732809,
              26.378732611359826
            ],
            [
              85.8612984248176,
              26.378257676041187
            ],
            [
              85.85971720127137,
              26.37673460195625
            ],
            [
              85.8586605740881,
              26.375895210359097
            ],
            [
              85.8583591021737,
              26.375715962048783
            ],
            [
              85.85758673877724,
              26.37557028174821
            ],
            [
              85.85703476895091,
              26.375423706323225
            ],
            [
              85.85686882766004,
              26.375293596192847
            ],
            [
              85.85658592482086,
              26.374847991607833
            ],
            [
              85.85644540405595,
              26.374812477086664
            ],
            [
              85.85629522909663,
              26.374835685305968
            ],
            [
              85.8560306608724,
              26.375017360666103
            ],
            [
              85.85552092533915,
              26.37526317380328
            ],
            [
              85.8551905564187,
              26.37533225010444
            ],
            [
              85.85402285165225,
              26.375260455980374
            ],
            [
              85.85273527838919,
              26.375283902331603
            ],
            [
              85.85243017009454,
              26.375380010350778
            ],
            [
              85.85206119876968,
              26.375715537113972
            ],
            [
              85.85167246540689,
              26.377098047823107
            ],
            [
              85.85140994623984,
              26.37767223430342
            ],
            [
              85.85103584822966,
              26.377998745648487
            ],
            [
              85.85042586340565,
              26.378249488982632
            ],
            [
              85.84928475056823,
              26.378484478175842
            ],
            [
              85.84866439289763,
              26.378676597869553
            ],
            [
              85.84816500326151,
              26.378990023101277
            ],
            [
              85.8473820981352,
              26.379710878190398
            ],
            [
              85.84709212196147,
              26.379842952623527
            ],
            [
              85.8447981526109,
              26.379996844248495
            ],
            [
              85.8443880177848,
              26.38012944789335
            ],
            [
              85.84404357765372,
              26.380392605786614
            ],
            [
              85.84302336727376,
              26.381755240932
            ],
            [
              85.84264887310655,
              26.382009484853103
            ],
            [
              85.8423338456145,
              26.382132638351624
            ],
            [
              85.84029025559825,
              26.38225841763514
            ],
            [
              85.83971871777008,
              26.382193056203523
            ],
            [
              85.83970564009617,
              26.381708053090513
            ],
            [
              85.83970559338378,
              26.381706289863452
            ],
            [
              85.83930126975923,
              26.381769767630615
            ],
            [
              85.83834420196058,
              26.38198157185524
            ],
            [
              85.83724687121347,
              26.382076125146643
            ],
            [
              85.83672063542508,
              26.38235578734082
            ],
            [
              85.83652016558966,
              26.382635478633727
            ],
            [
              85.8374412630477,
              26.385316408312047
            ],
            [
              85.83750133428907,
              26.38552400372038
            ],
            [
              85.83740701118424,
              26.385693871350334
            ],
            [
              85.83697002391766,
              26.38580823004514
            ],
            [
              85.83647400206551,
              26.385911905035
            ],
            [
              85.83658895587918,
              26.38658436020433
            ],
            [
              85.83683431991926,
              26.387347073689092
            ],
            [
              85.83696445885447,
              26.387694634845573
            ],
            [
              85.8369343113935,
              26.387902220346017
            ],
            [
              85.83610248401682,
              26.38815465863787
            ],
            [
              85.83607868135677,
              26.38815769562893
            ],
            [
              85.83536085018962,
              26.38824928976123
            ],
            [
              85.83497499143574,
              26.38836198177982
            ],
            [
              85.83467431093709,
              26.38830771194396
            ],
            [
              85.8344939714489,
              26.388208377316733
            ],
            [
              85.83413831674977,
              26.387928494316608
            ],
            [
              85.83363240714135,
              26.38731911933099
            ],
            [
              85.83322686719791,
              26.38663752193939
            ],
            [
              85.83278117076462,
              26.385942416359516
            ],
            [
              85.83257326467529,
              26.385718986205816
            ],
            [
              85.83236536038255,
              26.385495557229365
            ],
            [
              85.83202485217747,
              26.385066646000123
            ],
            [
              85.8314688066947,
              26.384660351159788
            ],
            [
              85.83092265256151,
              26.38460605463759
            ],
            [
              85.82993058729775,
              26.384547028637314
            ],
            [
              85.8290537345624,
              26.384673115115994
            ],
            [
              85.82789617626703,
              26.384812696099445
            ],
            [
              85.82679878623115,
              26.38497930398429
            ],
            [
              85.8259319137786,
              26.385118903911355
            ],
            [
              85.8247342807401,
              26.38528539627754
            ],
            [
              85.82402265962656,
              26.385565023340497
            ],
            [
              85.8235015514218,
              26.385700226312988
            ],
            [
              85.82334617701363,
              26.385799432731247
            ],
            [
              85.82331582922839,
              26.38634096763275
            ],
            [
              85.82333062537941,
              26.386868969381894
            ],
            [
              85.82333051758161,
              26.38706749761465
            ],
            [
              85.82289454181802,
              26.387189225387832
            ],
            [
              85.82238838786782,
              26.387301886252057
            ],
            [
              85.82197244902663,
              26.387414566319634
            ],
            [
              85.82180209341446,
              26.38746859596424
            ],
            [
              85.821721820859,
              26.387594963318836
            ],
            [
              85.82173664755277,
              26.388109421624534
            ],
            [
              85.82170623688546,
              26.388804433690453
            ],
            [
              85.82179128129172,
              26.38926475965497
            ],
            [
              85.82165074435709,
              26.38973857624189
            ],
            [
              85.82145017121539,
              26.390013819776335
            ],
            [
              85.82104923513779,
              26.39020769385191
            ],
            [
              85.8205529545709,
              26.390600124363694
            ],
            [
              85.82001661902375,
              26.390987978049633
            ],
            [
              85.8196106200412,
              26.391294748061608
            ],
            [
              85.81936491643796,
              26.391502265129116
            ],
            [
              85.81936115429355,
              26.391524247670183
            ],
            [
              85.81927453873385,
              26.392030211091928
            ],
            [
              85.81924928170132,
              26.392463447384845
            ],
            [
              85.81904868520344,
              26.392670973617467
            ],
            [
              85.81872792017167,
              26.392797159858294
            ],
            [
              85.8182317366228,
              26.393099389084338
            ],
            [
              85.81789075231065,
              26.393478286366797
            ],
            [
              85.81758487056649,
              26.393934028783818
            ],
            [
              85.81734911311005,
              26.394394233714593
            ],
            [
              85.81736393171897,
              26.39497640421252
            ],
            [
              85.81747389000137,
              26.39550898363133
            ],
            [
              85.817789218429,
              26.3961634253537
            ],
            [
              85.81818972241696,
              26.396939816623398
            ],
            [
              85.81873065464339,
              26.397580861689786
            ],
            [
              85.81911633373423,
              26.397874392235227
            ],
            [
              85.8197326229349,
              26.398095702768632
            ],
            [
              85.82035392473483,
              26.39820880439647
            ],
            [
              85.82100043326167,
              26.398209077975434
            ],
            [
              85.82141625801681,
              26.39824978973855
            ],
            [
              85.82163668931616,
              26.398389826635917
            ],
            [
              85.82168162843656,
              26.398890721317755
            ],
            [
              85.82182617455229,
              26.400560591655687
            ],
            [
              85.82159565876555,
              26.40057404261544
            ],
            [
              85.82012726721223,
              26.400672807387966
            ],
            [
              85.81994185224265,
              26.40072689117526
            ],
            [
              85.82005120775545,
              26.402631296032215
            ],
            [
              85.82052054515205,
              26.406205725250214
            ],
            [
              85.82060488527912,
              26.408096650760577
            ],
            [
              85.82047931697208,
              26.40858404122
            ],
            [
              85.82040412888112,
              26.40875098329331
            ],
            [
              85.82037847389492,
              26.408747320888097
            ],
            [
              85.8191362934015,
              26.408569979719317
            ],
            [
              85.81700638786286,
              26.408442777650283
            ],
            [
              85.81583371900615,
              26.408388114968165
            ],
            [
              85.81536761913783,
              26.408387957271838
            ],
            [
              85.81514206205146,
              26.40841488793886
            ],
            [
              85.8150366887703,
              26.40874878037912
            ],
            [
              85.8147107835785,
              26.408902086371043
            ],
            [
              85.81452531740493,
              26.409028389230535
            ],
            [
              85.8138937316916,
              26.409249308274017
            ],
            [
              85.81312177702861,
              26.409637074356045
            ],
            [
              85.81248509876593,
              26.40994362262878
            ],
            [
              85.81206901619433,
              26.41011043802786
            ],
            [
              85.81177328271797,
              26.410263718073633
            ],
            [
              85.81118684812742,
              26.41036275936722
            ],
            [
              85.81052518771672,
              26.410484284768728
            ],
            [
              85.80911183234757,
              26.410610022705857
            ],
            [
              85.80846524476902,
              26.410718031292912
            ],
            [
              85.80844309860231,
              26.41072033795735
            ],
            [
              85.80725741764871,
              26.410843838167096
            ],
            [
              85.80612971216686,
              26.41092904382948
            ],
            [
              85.80517243416247,
              26.41099625475562
            ],
            [
              85.8030799380655,
              26.411104294358715
            ],
            [
              85.79980462304744,
              26.4112733463459
            ],
            [
              85.79830899277806,
              26.411310380717257
            ],
            [
              85.79766461056353,
              26.411326334191646
            ],
            [
              85.79673740456155,
              26.41132584904643
            ],
            [
              85.79636670397976,
              26.411203828926467
            ],
            [
              85.79634938895268,
              26.411182944326285
            ],
            [
              85.79599606897503,
              26.41075679563915
            ],
            [
              85.79559548144374,
              26.410269245400695
            ],
            [
              85.79558688636311,
              26.410251206360403
            ],
            [
              85.79535027730378,
              26.409754561612992
            ],
            [
              85.79503995698383,
              26.409100027193244
            ],
            [
              85.79476487308091,
              26.4083642642013
            ],
            [
              85.79467996611685,
              26.407890384068292
            ],
            [
              85.79475566265427,
              26.407195494955143
            ],
            [
              85.7946506145633,
              26.40687501364823
            ],
            [
              85.79427022115958,
              26.406211399206764
            ],
            [
              85.79403485087705,
              26.405899841293152
            ],
            [
              85.7937546043562,
              26.405430361821686
            ],
            [
              85.79341400003136,
              26.405163868010145
            ],
            [
              85.79274256684866,
              26.405050678255474
            ],
            [
              85.79231448727641,
              26.40496849192725
            ],
            [
              85.79194082494917,
              26.404896750824747
            ],
            [
              85.79091857359687,
              26.40481498680086
            ],
            [
              85.79017683287013,
              26.404800951392595
            ],
            [
              85.7894051270405,
              26.404728337196453
            ],
            [
              85.78874369659847,
              26.404646630179755
            ],
            [
              85.7886484895514,
              26.40454732811679
            ],
            [
              85.78910046790344,
              26.40332459295396
            ],
            [
              85.78937680136295,
              26.40240868106405
            ],
            [
              85.7896226460017,
              26.40200259932025
            ],
            [
              85.7896779597653,
              26.40166875575225
            ],
            [
              85.78996880910148,
              26.401474854255337
            ],
            [
              85.79033967227832,
              26.4013757916544
            ],
            [
              85.79065045523065,
              26.401308270977136
            ],
            [
              85.7906358594039,
              26.400708047625773
            ],
            [
              85.7905407026625,
              26.400680881013724
            ],
            [
              85.7898490394196,
              26.40077975834251
            ],
            [
              85.7890118625754,
              26.401180925726564
            ],
            [
              85.78832005739869,
              26.40144672469188
            ],
            [
              85.78791399283912,
              26.40168117666944
            ],
            [
              85.78737762405433,
              26.40187488873435
            ],
            [
              85.78695654864636,
              26.402001053649826
            ],
            [
              85.78533771982569,
              26.40229337085881
            ],
            [
              85.78453598421437,
              26.402180030239283
            ],
            [
              85.78386456001485,
              26.402039714715073
            ],
            [
              85.78383645891611,
              26.40203500287581
            ],
            [
              85.7831079827129,
              26.401912845800922
            ],
            [
              85.78215074962422,
              26.40194379060927
            ],
            [
              85.78137893689505,
              26.402065147057318
            ],
            [
              85.78071254056614,
              26.401942916794088
            ],
            [
              85.77980048375312,
              26.40191067494092
            ],
            [
              85.77977155979761,
              26.401911160930357
            ],
            [
              85.77976942540049,
              26.40191119713816
            ],
            [
              85.77876810479431,
              26.401928046647523
            ],
            [
              85.77780111869662,
              26.401733357863776
            ],
            [
              85.77746555841215,
              26.401525554235842
            ],
            [
              85.77698455189999,
              26.401344672090755
            ],
            [
              85.77658397784346,
              26.401037541759788
            ],
            [
              85.77611811513037,
              26.40077092917966
            ],
            [
              85.77584278419071,
              26.400423248874684
            ],
            [
              85.77541211028394,
              26.400061959601445
            ],
            [
              85.77513178740625,
              26.399741319282207
            ],
            [
              85.77477624858987,
              26.399461292851797
            ],
            [
              85.77445568208579,
              26.399239886770943
            ],
            [
              85.7740349534275,
              26.398991440388592
            ],
            [
              85.77378957681104,
              26.398864839287214
            ],
            [
              85.77354902324929,
              26.398851132252908
            ],
            [
              85.7728371056917,
              26.39922519973337
            ],
            [
              85.77204994883914,
              26.399698470133547
            ],
            [
              85.77117260921689,
              26.400072464865055
            ],
            [
              85.77114768186611,
              26.400084428923634
            ],
            [
              85.77021505812463,
              26.400532071624877
            ],
            [
              85.76937773395672,
              26.400960206875503
            ],
            [
              85.76876101625966,
              26.401307176690604
            ],
            [
              85.76837994283132,
              26.401573204682048
            ],
            [
              85.76805909425624,
              26.401681216900425
            ],
            [
              85.76754792770674,
              26.401707960851706
            ],
            [
              85.76690164465704,
              26.401572116030383
            ],
            [
              85.76687653764316,
              26.40156508927842
            ],
            [
              85.76619017086719,
              26.401372960994244
            ],
            [
              85.76552382125065,
              26.40119197803211
            ],
            [
              85.7651531691779,
              26.40102464926338
            ],
            [
              85.76480231327909,
              26.401069559366725
            ],
            [
              85.76413592862828,
              26.401023900962677
            ],
            [
              85.76351936005157,
              26.401176835021467
            ],
            [
              85.76253713044179,
              26.40123027487417
            ],
            [
              85.76216626007844,
              26.401243497242977
            ],
            [
              85.76203130886826,
              26.40086883766219
            ],
            [
              85.76187645638126,
              26.400367793857292
            ],
            [
              85.76164686855422,
              26.399410817262517
            ],
            [
              85.76138135620062,
              26.39928429306162
            ],
            [
              85.76045424811502,
              26.399378280205287
            ],
            [
              85.75996287863777,
              26.399617058075084
            ],
            [
              85.75976237107308,
              26.399711650032256
            ],
            [
              85.76020713505508,
              26.400925987783946
            ],
            [
              85.76042164825336,
              26.401941609289793
            ],
            [
              85.76065113996069,
              26.402925581333044
            ],
            [
              85.76080560707042,
              26.403819253060693
            ],
            [
              85.76108517356661,
              26.404902605075467
            ],
            [
              85.76146425004012,
              26.40680728860579
            ],
            [
              85.76161145876233,
              26.407327183935504
            ],
            [
              85.76161392284118,
              26.40733588708222
            ],
            [
              85.76153847873034,
              26.407714439938523
            ],
            [
              85.76067084540476,
              26.408381681601625
            ],
            [
              85.76008916200375,
              26.40875582037135
            ],
            [
              85.7598882717568,
              26.409175328307768
            ],
            [
              85.76018344378609,
              26.40969004766659
            ],
            [
              85.7611100757646,
              26.41016464692631
            ],
            [
              85.76192665693429,
              26.410580509116144
            ],
            [
              85.76246768617878,
              26.410774961720332
            ],
            [
              85.76266803474164,
              26.410847293734857
            ],
            [
              85.76271240073689,
              26.411650633598388
            ],
            [
              85.7627663382815,
              26.412900765284242
            ],
            [
              85.76292081078111,
              26.413862145056406
            ],
            [
              85.76304058225962,
              26.414336070654493
            ],
            [
              85.76333606869932,
              26.41459809262167
            ],
            [
              85.7639523471202,
              26.414752022395607
            ],
            [
              85.76453370443274,
              26.414833694097467
            ],
            [
              85.76480915933988,
              26.41501889230125
            ],
            [
              85.76496422742252,
              26.41526723820493
            ],
            [
              85.76520889526824,
              26.41630992618552
            ],
            [
              85.76539338407478,
              26.41729837669313
            ],
            [
              85.76560758915093,
              26.41868847069538
            ],
            [
              85.76586170817176,
              26.420304340340124
            ],
            [
              85.76606141174426,
              26.42110775431927
            ],
            [
              85.76642625171712,
              26.422213680105124
            ],
            [
              85.76682625444514,
              26.423238384116964
            ],
            [
              85.76753051117001,
              26.42534805872256
            ],
            [
              85.76753602143597,
              26.42536456291559
            ],
            [
              85.7675403549089,
              26.42537761036503
            ],
            [
              85.76777591293933,
              26.426086799245514
            ],
            [
              85.7680207308037,
              26.427034687993757
            ],
            [
              85.7682202762727,
              26.42797803273146
            ],
            [
              85.7683748700449,
              26.428858156026447
            ],
            [
              85.76839890536864,
              26.430040495965134
            ],
            [
              85.76851832291094,
              26.4309566992574
            ],
            [
              85.76856752813063,
              26.431931520598127
            ],
            [
              85.76860705040987,
              26.43258142881967
            ],
            [
              85.76861994662407,
              26.432726530393847
            ],
            [
              85.76866659164521,
              26.433262926977413
            ],
            [
              85.76868103565664,
              26.433894744890218
            ],
            [
              85.76885086575437,
              26.43453114999709
            ],
            [
              85.76918009111948,
              26.436305017312872
            ],
            [
              85.76754006565137,
              26.437192786931025
            ],
            [
              85.76756990768511,
              26.43742298834795
            ],
            [
              85.76770999366545,
              26.43772546102376
            ],
            [
              85.76803038230311,
              26.438226661881778
            ],
            [
              85.76828082092621,
              26.43850661270086
            ],
            [
              85.76841589161236,
              26.438800014972173
            ],
            [
              85.76854856559328,
              26.43898389735674
            ],
            [
              85.76855602969499,
              26.43899424222525
            ],
            [
              85.76878154995045,
              26.439062089128104
            ],
            [
              85.76928792308958,
              26.439048937052235
            ],
            [
              85.76999958283069,
              26.43914868397954
            ],
            [
              85.77088192067916,
              26.439135781264735
            ],
            [
              85.77132800787959,
              26.43919026367401
            ],
            [
              85.77166884127477,
              26.43923120228024
            ],
            [
              85.77189925106033,
              26.439443446391333
            ],
            [
              85.77222451036346,
              26.440111607231735
            ],
            [
              85.7727802719786,
              26.44086110537541
            ],
            [
              85.77313589703327,
              26.441276559249527
            ],
            [
              85.77313558441956,
              26.441542792654076
            ],
            [
              85.77321300841726,
              26.44170352576217
            ],
            [
              85.77333584135427,
              26.44190400909745
            ],
            [
              85.77335574802099,
              26.44209801233816
            ],
            [
              85.77335693559378,
              26.442345752158015
            ],
            [
              85.77338532056014,
              26.442421199667802
            ],
            [
              85.77346562904822,
              26.442517856638187
            ],
            [
              85.77378638869007,
              26.442599244044747
            ],
            [
              85.77415718359497,
              26.442766555124738
            ],
            [
              85.7743926248444,
              26.44298777469521
            ],
            [
              85.77439237241781,
              26.443267643164997
            ],
            [
              85.77443708516277,
              26.443809167323018
            ],
            [
              85.77428086813487,
              26.44472516704367
            ],
            [
              85.7745933399199,
              26.4453913178339
            ],
            [
              85.77448967433612,
              26.445421387141682
            ],
            [
              85.77424506757583,
              26.44549233491241
            ],
            [
              85.7735181436614,
              26.445532500746566
            ],
            [
              85.77283629181802,
              26.44555905838391
            ],
            [
              85.77217437628578,
              26.445739078932835
            ],
            [
              85.7713519884061,
              26.446004747050253
            ],
            [
              85.77090568830496,
              26.446184991304946
            ],
            [
              85.77029876943102,
              26.446455304878185
            ],
            [
              85.76948662324389,
              26.44660207319934
            ],
            [
              85.76908040686905,
              26.44667548061464
            ],
            [
              85.76813771031833,
              26.446841777980556
            ],
            [
              85.7674257217938,
              26.446994711601487
            ],
            [
              85.76691424532552,
              26.447107121833568
            ],
            [
              85.76635752880124,
              26.44731429640051
            ],
            [
              85.76633603391312,
              26.447334341199515
            ],
            [
              85.76595618668512,
              26.447688562190837
            ],
            [
              85.76556955358346,
              26.44832910078663
            ],
            [
              85.76536870735394,
              26.448635764146548
            ],
            [
              85.7652433797954,
              26.44860407502859
            ],
            [
              85.76512303698834,
              26.448622083939316
            ],
            [
              85.76493753308554,
              26.448703178292362
            ],
            [
              85.76455125841167,
              26.44892400522843
            ],
            [
              85.76411479935449,
              26.449176354222605
            ],
            [
              85.7636082699085,
              26.44939713118995
            ],
            [
              85.76297140389792,
              26.449604227643512
            ],
            [
              85.76251001210001,
              26.44973023739045
            ],
            [
              85.76224429403224,
              26.44974355392946
            ],
            [
              85.76178310525356,
              26.449756711218644
            ],
            [
              85.7609557451988,
              26.44988243125667
            ],
            [
              85.76041408264204,
              26.450048994231203
            ],
            [
              85.75995267557276,
              26.450269697140474
            ],
            [
              85.75912996519789,
              26.45075647661793
            ],
            [
              85.75869841812866,
              26.451175780254037
            ],
            [
              85.75805114783049,
              26.451631035709262
            ],
            [
              85.75659624717612,
              26.45260459879211
            ],
            [
              85.75529689520305,
              26.453483535903246
            ],
            [
              85.75523648439852,
              26.453673048776228
            ],
            [
              85.7551610977799,
              26.453912175861987
            ],
            [
              85.75508026826893,
              26.454498742743862
            ],
            [
              85.75497419789512,
              26.4551846681169
            ],
            [
              85.75473219535085,
              26.45649766620492
            ],
            [
              85.75453063496066,
              26.457463259232455
            ],
            [
              85.75469043626656,
              26.45810419463052
            ],
            [
              85.75430412027018,
              26.458352076146788
            ],
            [
              85.75402805540698,
              26.458672328296778
            ],
            [
              85.75384216972019,
              26.459019638335032
            ],
            [
              85.7537616339583,
              26.45932642924382
            ],
            [
              85.75377633668457,
              26.45964687008662
            ],
            [
              85.7537609512387,
              26.45996722961618
            ],
            [
              85.75391560879126,
              26.460675920908464
            ],
            [
              85.75407016663087,
              26.461524456272603
            ],
            [
              85.75399442427937,
              26.4620659251438
            ],
            [
              85.75380823496201,
              26.46272018533931
            ],
            [
              85.75368233068504,
              26.46323449269255
            ],
            [
              85.75371196790287,
              26.463667733291476
            ],
            [
              85.75385204310345,
              26.463961192094295
            ],
            [
              85.75391195983458,
              26.464209442181534
            ],
            [
              85.75378634032359,
              26.464389899195584
            ],
            [
              85.75351045512343,
              26.46454304433114
            ],
            [
              85.75329485316702,
              26.46455641866639
            ],
            [
              85.75307927007523,
              26.46447500013485
            ],
            [
              85.75246715444737,
              26.46490769163555
            ],
            [
              85.75221613461427,
              26.465200894765477
            ],
            [
              85.75200002780471,
              26.465660968857915
            ],
            [
              85.7518741980879,
              26.46613925475801
            ],
            [
              85.75178329576768,
              26.466680680207308
            ],
            [
              85.75178273791389,
              26.46728094526474
            ],
            [
              85.75184229172564,
              26.467813484219366
            ],
            [
              85.75188195414208,
              26.468246722056453
            ],
            [
              85.7519416768371,
              26.468680045110954
            ],
            [
              85.75203641855686,
              26.469140397200896
            ],
            [
              85.75225168095008,
              26.46944751335042
            ],
            [
              85.75262233032788,
              26.46992165021578
            ],
            [
              85.75302806340912,
              26.47031466102194
            ],
            [
              85.75341369938079,
              26.470748211097494
            ],
            [
              85.75407993041969,
              26.47139410800278
            ],
            [
              85.75458573672188,
              26.47194056026944
            ],
            [
              85.75481621388106,
              26.472121324399378
            ],
            [
              85.755097087426,
              26.472121515781883
            ],
            [
              85.75542306358473,
              26.472022521130903
            ],
            [
              85.75600279314996,
              26.471804540090147
            ],
            [
              85.75600995811267,
              26.47180184625341
            ],
            [
              85.75697300869109,
              26.471563496935683
            ],
            [
              85.75783076504013,
              26.47128441372358
            ],
            [
              85.75873342098373,
              26.47117679481161
            ],
            [
              85.75903933776215,
              26.47109585459957
            ],
            [
              85.75993713471834,
              26.470879940043208
            ],
            [
              85.76042360208912,
              26.470781064944646
            ],
            [
              85.76145653620677,
              26.47087218173083
            ],
            [
              85.76173222377756,
              26.47095356839587
            ],
            [
              85.76219851139378,
              26.470940456952537
            ],
            [
              85.76283055704454,
              26.470792006843347
            ],
            [
              85.76345239783363,
              26.470706752160115
            ],
            [
              85.76408412009091,
              26.470747881401007
            ],
            [
              85.7645181635783,
              26.47083867575448
            ],
            [
              85.76456043919387,
              26.470847518850004
            ],
            [
              85.76496662861926,
              26.47080724685514
            ],
            [
              85.76525748693862,
              26.470708106328566
            ],
            [
              85.7655034564432,
              26.470500783275224
            ],
            [
              85.76584475336907,
              26.470139995079197
            ],
            [
              85.76598546278025,
              26.469747500741548
            ],
            [
              85.76598612483862,
              26.46909306739436
            ],
            [
              85.76595665740233,
              26.468470331675558
            ],
            [
              85.76606230107637,
              26.468064262306868
            ],
            [
              85.76632834613093,
              26.467789130283993
            ],
            [
              85.76675987703048,
              26.467469023318657
            ],
            [
              85.7671966136671,
              26.46691432080159
            ],
            [
              85.76759824144747,
              26.466359494985582
            ],
            [
              85.76810493528518,
              26.466025947959636
            ],
            [
              85.76943430805667,
              26.4654132116441
            ],
            [
              85.77172668199933,
              26.464358881884788
            ],
            [
              85.7737230592592,
              26.463385481725837
            ],
            [
              85.77457086586816,
              26.462871660779683
            ],
            [
              85.77489834131508,
              26.46263667138659
            ],
            [
              85.77546899340437,
              26.462217879138382
            ],
            [
              85.77610439516103,
              26.461736714792675
            ],
            [
              85.77627105959569,
              26.462385452031743
            ],
            [
              85.77647118537637,
              26.46288650778596
            ],
            [
              85.776691637337,
              26.463040066667944
            ],
            [
              85.7770627053297,
              26.463026814393665
            ],
            [
              85.77755915657652,
              26.462927873037557
            ],
            [
              85.77828628800178,
              26.462792985768303
            ],
            [
              85.77890811801112,
              26.46269411980546
            ],
            [
              85.77944979134769,
              26.462482347176515
            ],
            [
              85.779590227671,
              26.462414753720147
            ],
            [
              85.7795903687065,
              26.46222074288513
            ],
            [
              85.77970096119942,
              26.461968090343927
            ],
            [
              85.78056879844259,
              26.461463250839582
            ],
            [
              85.78165731312349,
              26.460823152825572
            ],
            [
              85.78245486258557,
              26.46039037761257
            ],
            [
              85.78340301101177,
              26.459705011622425
            ],
            [
              85.78428589323929,
              26.459091850807482
            ],
            [
              85.7850484569143,
              26.458559815154025
            ],
            [
              85.78599643825385,
              26.458059505386334
            ],
            [
              85.786909318822,
              26.457500479017227
            ],
            [
              85.79140327218482,
              26.455282818316185
            ],
            [
              85.7923963112224,
              26.45482310969489
            ],
            [
              85.79302304423656,
              26.4547106796495
            ],
            [
              85.79334001208962,
              26.454765402401122
            ],
            [
              85.79336394680205,
              26.45476953383029
            ],
            [
              85.7938148840067,
              26.455202987241904
            ],
            [
              85.79442082102202,
              26.45619162133049
            ],
            [
              85.79500689808306,
              26.45695013887983
            ],
            [
              85.79564311910325,
              26.45769066002685
            ],
            [
              85.79635468362295,
              26.45837250022684
            ],
            [
              85.79695100417317,
              26.45876537032514
            ],
            [
              85.79746228211378,
              26.45903193887465
            ],
            [
              85.79789832974257,
              26.45915405794949
            ],
            [
              85.79840972715908,
              26.459167840649734
            ],
            [
              85.79889117564235,
              26.45910038678968
            ],
            [
              85.79938759544812,
              26.45900136967896
            ],
            [
              85.79985387767445,
              26.458906881048705
            ],
            [
              85.8003151643695,
              26.458974765279844
            ],
            [
              85.80090663761041,
              26.459169141071296
            ],
            [
              85.8013276088138,
              26.459507797048065
            ],
            [
              85.80203428560007,
              26.45996855978459
            ],
            [
              85.80238646112406,
              26.460170943042232
            ],
            [
              85.80273633696092,
              26.45975226486818
            ],
            [
              85.80310757563353,
              26.459323743157167
            ],
            [
              85.80360921465112,
              26.458971967398398
            ],
            [
              85.80412411010737,
              26.4587315568283
            ],
            [
              85.80412649962602,
              26.45873044217701
            ],
            [
              85.80416254183187,
              26.458713613032124
            ],
            [
              85.81125690234654,
              26.45738179305964
            ],
            [
              85.81679423004726,
              26.45884466090559
            ],
            [
              85.81802808944622,
              26.455874855905922
            ],
            [
              85.81901581225391,
              26.45587089019022
            ],
            [
              85.82052623687768,
              26.456131148137484
            ],
            [
              85.82148100768416,
              26.45556324722577
            ],
            [
              85.8225608769788,
              26.45494070370824
            ],
            [
              85.82849811577937,
              26.452136885057193
            ],
            [
              85.82905611240292,
              26.452428031231364
            ],
            [
              85.82854006889976,
              26.454505902188476
            ],
            [
              85.82755917598315,
              26.45586823377988
            ],
            [
              85.82799149380689,
              26.456101199044884
            ],
            [
              85.83028900701126,
              26.455351780764406
            ],
            [
              85.83258888188651,
              26.45406976718181
            ],
            [
              85.8328880972329,
              26.454750042040548
            ],
            [
              85.8332187796654,
              26.455696344679144
            ],
            [
              85.83411513482558,
              26.45646434423544
            ],
            [
              85.83398571813585,
              26.457647231653684
            ],
            [
              85.83390313511347,
              26.461167463125125
            ],
            [
              85.83492989241523,
              26.46193491873469
            ],
            [
              85.83654131911798,
              26.46231192676377
            ],
            [
              85.83825292773783,
              26.461682185950192
            ],
            [
              85.8391400437253,
              26.461619811292028
            ],
            [
              85.84032797855195,
              26.462530971239175
            ],
            [
              85.84097572495726,
              26.46270431537688
            ],
            [
              85.84170002040115,
              26.462168827914503
            ],
            [
              85.84241882085047,
              26.461543063901576
            ],
            [
              85.84271556493157,
              26.461722326836746
            ],
            [
              85.84320960779509,
              26.462248312374832
            ],
            [
              85.84314882508802,
              26.46310593878808
            ],
            [
              85.8420811450335,
              26.46610232003017
            ],
            [
              85.84261147983455,
              26.466871783706218
            ],
            [
              85.84346801537309,
              26.467666984987343
            ],
            [
              85.84420258035733,
              26.469117018979233
            ],
            [
              85.84393829779738,
              26.469415995614934
            ],
            [
              85.84177670867867,
              26.470304938959497
            ],
            [
              85.83997343327226,
              26.471675205297647
            ],
            [
              85.84012167775201,
              26.47517196684322
            ],
            [
              85.8405445363158,
              26.475490665298757
            ],
            [
              85.84169833695833,
              26.4755760861031
            ],
            [
              85.84277960313321,
              26.475215132093865
            ],
            [
              85.84518167125348,
              26.47523669983715
            ],
            [
              85.8467952763708,
              26.475022430215233
            ],
            [
              85.85039902893149,
              26.47565711322288
            ],
            [
              85.85162113297662,
              26.476333394391588
            ],
            [
              85.8530702880064,
              26.47632733389944
            ],
            [
              85.8547150547826,
              26.476320384073684
            ],
            [
              85.85491227990325,
              26.476644446692237
            ],
            [
              85.85475369132301,
              26.477949282124
            ],
            [
              85.85518821091749,
              26.478570231326984
            ],
            [
              85.85597635322193,
              26.47874286300939
            ],
            [
              85.85778364319931,
              26.47817110309354
            ],
            [
              85.8587036977133,
              26.47766623013962
            ],
            [
              85.85969022396506,
              26.477395779178043
            ],
            [
              85.86071610990099,
              26.4789032096877
            ],
            [
              85.86219881610835,
              26.479542129671813
            ],
            [
              85.8627355585923,
              26.48051911438853
            ],
            [
              85.86469933419389,
              26.484838326327836
            ],
            [
              85.86704032226471,
              26.48653858099512
            ],
            [
              85.86802890925178,
              26.48665163522741
            ],
            [
              85.87095270810929,
              26.485722799071628
            ],
            [
              85.87262300680247,
              26.484853653727093
            ],
            [
              85.87343970385481,
              26.483785043749727
            ],
            [
              85.8744631418816,
              26.48478698117362
            ],
            [
              85.87677145642895,
              26.48504307634973
            ],
            [
              85.87854525541593,
              26.48568508589431
            ],
            [
              85.88275824180901,
              26.485756780720266
            ],
            [
              85.88289729562511,
              26.48732657978723
            ],
            [
              85.88293706404275,
              26.48909532984248
            ],
            [
              85.8822566665718,
              26.49123289863754
            ],
            [
              85.88275957221394,
              26.4924129322488
            ],
            [
              85.88385261799718,
              26.4941860741465
            ],
            [
              85.8838212506241,
              26.494863114639656
            ],
            [
              85.88326871216417,
              26.495632737257356
            ],
            [
              85.88090281291218,
              26.49679844905883
            ],
            [
              85.87980136159285,
              26.499010074291835
            ],
            [
              85.87970149678102,
              26.500000264606317
            ],
            [
              85.87966571239168,
              26.500354891862532
            ],
            [
              85.87962061337116,
              26.500802366876346
            ],
            [
              85.88019836843942,
              26.501905440291893
            ],
            [
              85.88203815766718,
              26.50172582274341
            ],
            [
              85.88347970127157,
              26.50035497225559
            ],
            [
              85.8836448421635,
              26.500197926691584
            ],
            [
              85.88506463306332,
              26.500263820945186
            ],
            [
              85.88547047304408,
              26.500355022903243
            ],
            [
              85.88656115176653,
              26.50060011780794
            ],
            [
              85.88924656829033,
              26.500967180759783
            ],
            [
              85.89133487823806,
              26.503999355160797
            ],
            [
              85.8921926759096,
              26.506721173206312
            ],
            [
              85.89396575265111,
              26.508062451092506
            ],
            [
              85.89555077157942,
              26.508953311951736
            ],
            [
              85.89674647862994,
              26.509290860727713
            ],
            [
              85.89775414224034,
              26.51008503234394
            ],
            [
              85.89844712600672,
              26.51022180868867
            ],
            [
              85.8996681889044,
              26.50792830326856
            ],
            [
              85.9030913863812,
              26.50655887972428
            ],
            [
              85.90644203232236,
              26.505677043295076
            ],
            [
              85.90897816232071,
              26.506220446681084
            ],
            [
              85.91013873087056,
              26.507428989600747
            ],
            [
              85.91064508963662,
              26.508261487601366
            ],
            [
              85.9113793977027,
              26.50860556103597
            ],
            [
              85.9130336740445,
              26.507555460950666
            ],
            [
              85.91545236728572,
              26.50598279895617
            ],
            [
              85.91864259118516,
              26.50687044593211
            ],
            [
              85.9266485629485,
              26.506101663878496
            ],
            [
              85.93132561093256,
              26.5064765246538
            ],
            [
              85.93246242892461,
              26.507870015686343
            ],
            [
              85.93290265012621,
              26.509366109198293
            ],
            [
              85.93501607696928,
              26.508800923714368
            ],
            [
              85.93621109321533,
              26.509002765254724
            ],
            [
              85.93671362336171,
              26.510002154878627
            ],
            [
              85.93664697016423,
              26.51229038504255
            ],
            [
              85.93634521168725,
              26.513853172368457
            ],
            [
              85.93727240241786,
              26.51370885633533
            ],
            [
              85.94288689629981,
              26.51309054785151
            ],
            [
              85.94461619005267,
              26.51203972109152
            ]
          ]
        ]
      }
    }
  ]
}