{
  "type": "FeatureCollection",
  "features": [
    {
      "type": "Feature",
      "properties": {
        "object_id": "10-210-01123",
        "stname": "BIHAR",
        "dtname": "Kishanganj",
        "sdtname": "Thakurganj",
        "st_area_sh": 0.0,
        "st_length_": 0.0,
        "remarks": "",
        "dist_lgd": 203,
        "state_lgd": 10,
        "subdt_lgd": 1123,
        "ac_no": null,
        "st_length(shape)": 224971.2940646554,
        "st_area(shape)": 491161543.46963537
      },
      "geometry": {
        "type": "Polygon",
        "coordinates": [
          [
            [
              88.21870815270921,
              26.55665957581606
            ],
            [
              88.21957112377846,
              26.556559746011537
            ],
            [
              88.21981942261455,
              26.556580802700516
            ],
            [
              88.22033580837585,
              26.55662459465506
            ],
            [
              88.22035411783797,
              26.556626147891453
            ],
            [
              88.22047543531711,
              26.55663643476759
            ],
            [
              88.22178924926791,
              26.55674784426074
            ],
            [
              88.22281594907747,
              26.556820465395273
            ],
            [
              88.22393712560381,
              26.556899766268458
            ],
            [
              88.22479452981324,
              26.556814314332225
            ],
            [
              88.22506043832388,
              26.55678781212585
            ],
            [
              88.22548756119032,
              26.556745241608173
            ],
            [
              88.22602905037226,
              26.55620784602057
            ],
            [
              88.22603086227417,
              26.55620023810725
            ],
            [
              88.22614407425446,
              26.555724946623425
            ],
            [
              88.22622945013907,
              26.555257622741237
            ],
            [
              88.22623647226966,
              26.55521918429523
            ],
            [
              88.22624787997546,
              26.55515673987282
            ],
            [
              88.22625701763853,
              26.555106719062376
            ],
            [
              88.22626789444,
              26.55504718984997
            ],
            [
              88.22631833843644,
              26.554771067208144
            ],
            [
              88.22632383432935,
              26.55474098230404
            ],
            [
              88.22627349543579,
              26.55445719223642
            ],
            [
              88.22627343614698,
              26.554456849119763
            ],
            [
              88.22627404161146,
              26.554455535312425
            ],
            [
              88.22642603206597,
              26.554125918654595
            ],
            [
              88.22643375667911,
              26.554109166155275
            ],
            [
              88.22744014019021,
              26.553506169369793
            ],
            [
              88.22749696671676,
              26.55347211937476
            ],
            [
              88.22762610223381,
              26.553339647810645
            ],
            [
              88.22800328865193,
              26.552952713868653
            ],
            [
              88.22796180535043,
              26.552561187049527
            ],
            [
              88.22790719586598,
              26.552045785617842
            ],
            [
              88.22757568788175,
              26.55172101961916
            ],
            [
              88.22739168416548,
              26.551540654738364
            ],
            [
              88.22720004476929,
              26.551352805089177
            ],
            [
              88.22708349824264,
              26.551238563378366
            ],
            [
              88.22611010895359,
              26.551230239954
            ],
            [
              88.22565826894208,
              26.550973311183903
            ],
            [
              88.2254619340519,
              26.550237870169454
            ],
            [
              88.22546030630463,
              26.54833795804538
            ],
            [
              88.22549031632333,
              26.547997066208744
            ],
            [
              88.22555963122896,
              26.547209696599214
            ],
            [
              88.22615592303308,
              26.546279656932537
            ],
            [
              88.22622342603677,
              26.546017067684907
            ],
            [
              88.2263659536381,
              26.54546262937775
            ],
            [
              88.2269781258598,
              26.544548251785596
            ],
            [
              88.22769893404379,
              26.543471599884708
            ],
            [
              88.22796919579028,
              26.542713183080355
            ],
            [
              88.22892458194269,
              26.54081863762235
            ],
            [
              88.22897817902583,
              26.540712354393577
            ],
            [
              88.22899590458302,
              26.540677203619595
            ],
            [
              88.22930643600706,
              26.54006324510283
            ],
            [
              88.22928033006657,
              26.538885416038152
            ],
            [
              88.2293418987995,
              26.538574732330595
            ],
            [
              88.22957997570602,
              26.537373362911286
            ],
            [
              88.22972415800405,
              26.535834392218042
            ],
            [
              88.22971369981751,
              26.53563216465976
            ],
            [
              88.22969890276815,
              26.53534603197922
            ],
            [
              88.22968331969295,
              26.535044709688478
            ],
            [
              88.22860421576294,
              26.534643875273368
            ],
            [
              88.22719894433304,
              26.53399955783786
            ],
            [
              88.22625807675225,
              26.533462515378528
            ],
            [
              88.22584864979858,
              26.53322881394281
            ],
            [
              88.2246940694184,
              26.53239020071838
            ],
            [
              88.22337897626664,
              26.53164197003743
            ],
            [
              88.22282338533141,
              26.531345472358712
            ],
            [
              88.22231491642269,
              26.531074119770143
            ],
            [
              88.22200860977543,
              26.530873778183796
            ],
            [
              88.22184596619998,
              26.53076739894104
            ],
            [
              88.2217978703997,
              26.530735940616
            ],
            [
              88.22146844111701,
              26.53024388084906
            ],
            [
              88.2212905369615,
              26.52997814770103
            ],
            [
              88.22082953772738,
              26.52972756094274
            ],
            [
              88.22070730396666,
              26.529661116966107
            ],
            [
              88.22052760407891,
              26.529563436133007
            ],
            [
              88.21955910162501,
              26.529212139693506
            ],
            [
              88.21928757505061,
              26.52902995674562
            ],
            [
              88.21914245311477,
              26.52893258561538
            ],
            [
              88.21818387255318,
              26.528531541777248
            ],
            [
              88.21764713995073,
              26.528531884167712
            ],
            [
              88.217187065083,
              26.52863221578587
            ],
            [
              88.2170452480491,
              26.52866314261655
            ],
            [
              88.2165441444274,
              26.528606817022503
            ],
            [
              88.21612705035278,
              26.528559932856446
            ],
            [
              88.21565261861022,
              26.528130019118382
            ],
            [
              88.21557072459565,
              26.528055809315468
            ],
            [
              88.2149824367807,
              26.52752271836085
            ],
            [
              88.21472807701137,
              26.527151491687246
            ],
            [
              88.21437974268355,
              26.526643110943734
            ],
            [
              88.21321528622515,
              26.525948841251193
            ],
            [
              88.21305376734044,
              26.525861094851553
            ],
            [
              88.21218644483194,
              26.525389911830448
            ],
            [
              88.21212584897444,
              26.52537131212255
            ],
            [
              88.21134146611948,
              26.525130543651436
            ],
            [
              88.21063098227306,
              26.524912455145056
            ],
            [
              88.2094167699277,
              26.524637835331205
            ],
            [
              88.20902447564315,
              26.524500290077608
            ],
            [
              88.2087744223973,
              26.524412617320596
            ],
            [
              88.20821733756372,
              26.52402028738302
            ],
            [
              88.20810852104009,
              26.52390171589349
            ],
            [
              88.2076984697573,
              26.52345490475565
            ],
            [
              88.20767514140768,
              26.523429483948682
            ],
            [
              88.20764693340946,
              26.52285725267507
            ],
            [
              88.20761908294071,
              26.522292250936708
            ],
            [
              88.20760891940158,
              26.522284091794003
            ],
            [
              88.207531057026,
              26.52222158282318
            ],
            [
              88.2073831691774,
              26.52210285515042
            ],
            [
              88.20676573103151,
              26.521493997729923
            ],
            [
              88.20640257989136,
              26.521288549860593
            ],
            [
              88.20608823511894,
              26.521110713265625
            ],
            [
              88.20554466004894,
              26.521141600325947
            ],
            [
              88.2053659006973,
              26.52115175936737
            ],
            [
              88.2041520099488,
              26.52128786262509
            ],
            [
              88.20399078032162,
              26.52020487078979
            ],
            [
              88.20372611687598,
              26.51940731282313
            ],
            [
              88.20370926807452,
              26.51935653934152
            ],
            [
              88.2039148547138,
              26.519266239058485
            ],
            [
              88.20389461656877,
              26.518999993394434
            ],
            [
              88.20392451429808,
              26.518720144369045
            ],
            [
              88.20391958344547,
              26.518678190708773
            ],
            [
              88.20390436059465,
              26.51854869162178
            ],
            [
              88.20343780887377,
              26.518490244649463
            ],
            [
              88.20318920910202,
              26.517932115679802
            ],
            [
              88.20274450440883,
              26.51693370738768
            ],
            [
              88.2023319351483,
              26.515110730364785
            ],
            [
              88.20236527612006,
              26.515019335144345
            ],
            [
              88.20242412205938,
              26.514858022804667
            ],
            [
              88.2025723350981,
              26.51445173463215
            ],
            [
              88.20264413923539,
              26.514399980695288
            ],
            [
              88.20277283367963,
              26.51430722080442
            ],
            [
              88.20335657691757,
              26.514067762693244
            ],
            [
              88.20341987400911,
              26.514041798023204
            ],
            [
              88.20349997229141,
              26.51400894126459
            ],
            [
              88.2035449644124,
              26.513742686626504
            ],
            [
              88.20332402556491,
              26.513408890394107
            ],
            [
              88.20316330887577,
              26.51313371735356
            ],
            [
              88.20289242819004,
              26.513120293202842
            ],
            [
              88.2024160417134,
              26.51331010572535
            ],
            [
              88.20196967513692,
              26.513472761042596
            ],
            [
              88.20166877994095,
              26.51354526327303
            ],
            [
              88.20133766002888,
              26.513500204100776
            ],
            [
              88.20079571540113,
              26.51316648835158
            ],
            [
              88.20015114004879,
              26.512830729066586
            ],
            [
              88.19994768960325,
              26.512724751103082
            ],
            [
              88.19925354341692,
              26.5126824881839
            ],
            [
              88.19903515578481,
              26.51266919179171
            ],
            [
              88.19884415778574,
              26.512657563375658
            ],
            [
              88.1978211338823,
              26.513095800152513
            ],
            [
              88.19667266024945,
              26.513543207858135
            ],
            [
              88.19566301585384,
              26.513925417935134
            ],
            [
              88.19510189039812,
              26.514137836164718
            ],
            [
              88.19403779282496,
              26.513742779067748
            ],
            [
              88.19360202187724,
              26.51358099227815
            ],
            [
              88.1934071287831,
              26.51350863476126
            ],
            [
              88.19298292813627,
              26.513112974226583
            ],
            [
              88.19238216631528,
              26.51255262301678
            ],
            [
              88.19224269388427,
              26.512422532625823
            ],
            [
              88.19218702798108,
              26.512370611378294
            ],
            [
              88.1921522110773,
              26.512338135968815
            ],
            [
              88.19128417261153,
              26.511528476027518
            ],
            [
              88.19106311338976,
              26.51089682464258
            ],
            [
              88.19127260590389,
              26.51034835413445
            ],
            [
              88.19141804494504,
              26.509967580715884
            ],
            [
              88.19153894919911,
              26.509651045371765
            ],
            [
              88.19133333022049,
              26.509085608070833
            ],
            [
              88.19129862111454,
              26.50899015976506
            ],
            [
              88.19113204291813,
              26.508532077373406
            ],
            [
              88.19026398828267,
              26.507941304382566
            ],
            [
              88.19009976457063,
              26.50787358570916
            ],
            [
              88.1896241766963,
              26.507677470630224
            ],
            [
              88.18879895642853,
              26.507337175072426
            ],
            [
              88.18831095922684,
              26.507016687820844
            ],
            [
              88.18827715113115,
              26.506994485343125
            ],
            [
              88.18795598365413,
              26.506773444286182
            ],
            [
              88.18759302026187,
              26.505902720094657
            ],
            [
              88.18751400534781,
              26.50571316785145
            ],
            [
              88.18727310593468,
              26.505325160887246
            ],
            [
              88.18596983461208,
              26.50475950775041
            ],
            [
              88.1856525783998,
              26.504621809259064
            ],
            [
              88.18539934601615,
              26.504354129247908
            ],
            [
              88.18511057088999,
              26.50404887812432
            ],
            [
              88.18490387572963,
              26.503285715816794
            ],
            [
              88.184794047703,
              26.502880206704024
            ],
            [
              88.18476943925411,
              26.502811002630903
            ],
            [
              88.18470280042969,
              26.502623594955363
            ],
            [
              88.18465815685502,
              26.502498046699092
            ],
            [
              88.1843720892511,
              26.50169353967758
            ],
            [
              88.18422235985618,
              26.501428066849144
            ],
            [
              88.18420678037423,
              26.501400443239884
            ],
            [
              88.1840772828361,
              26.501170840070564
            ],
            [
              88.18400561075114,
              26.501043762767804
            ],
            [
              88.18393210969631,
              26.50093379529735
            ],
            [
              88.1835840466597,
              26.500413039353756
            ],
            [
              88.18321268581617,
              26.500137875379927
            ],
            [
              88.18277814825538,
              26.500043842601833
            ],
            [
              88.18277809166149,
              26.500043831346762
            ],
            [
              88.18277444090819,
              26.50004301133518
            ],
            [
              88.18265095220103,
              26.500016318347534
            ],
            [
              88.18214429429595,
              26.49996228518718
            ],
            [
              88.18132422856127,
              26.499952486041565
            ],
            [
              88.18105097722153,
              26.49994921965951
            ],
            [
              88.18092296819185,
              26.499936660608594
            ],
            [
              88.18004277372366,
              26.499850307650117
            ],
            [
              88.17970161603662,
              26.499584183394838
            ],
            [
              88.17952071420304,
              26.499024673039905
            ],
            [
              88.17950548686063,
              26.498555339926572
            ],
            [
              88.17960843019895,
              26.497758786103446
            ],
            [
              88.17965538603717,
              26.49739543680688
            ],
            [
              88.17958002636796,
              26.496962261329553
            ],
            [
              88.17901052502054,
              26.496197010704275
            ],
            [
              88.17861644039364,
              26.49566747089867
            ],
            [
              88.17885169389517,
              26.494602290672624
            ],
            [
              88.17902698395321,
              26.49404263627241
            ],
            [
              88.1794431886957,
              26.49401545307427
            ],
            [
              88.18006510943488,
              26.49406032934639
            ],
            [
              88.18077723899489,
              26.493870535671267
            ],
            [
              88.18114829710616,
              26.49372599515083
            ],
            [
              88.18160946432525,
              26.493229334811314
            ],
            [
              88.18178475887485,
              26.49281864070019
            ],
            [
              88.18179971762095,
              26.49252528525735
            ],
            [
              88.18175427544398,
              26.49189803013896
            ],
            [
              88.18144311879253,
              26.49148296719876
            ],
            [
              88.18116210690701,
              26.49113103087641
            ],
            [
              88.18058496179484,
              26.49029186098677
            ],
            [
              88.18030379809409,
              26.48972794527867
            ],
            [
              88.1801982828791,
              26.489249607099396
            ],
            [
              88.18000741783068,
              26.488518556110098
            ],
            [
              88.17988661598454,
              26.4876431082837
            ],
            [
              88.18018230634179,
              26.487281976666115
            ],
            [
              88.18057848943323,
              26.487123869618305
            ],
            [
              88.18136567503186,
              26.486870890653357
            ],
            [
              88.18266957158193,
              26.486748505112427
            ],
            [
              88.18352698477455,
              26.486603721665773
            ],
            [
              88.18503624787662,
              26.48607064013626
            ],
            [
              88.18571799192217,
              26.485388865964076
            ],
            [
              88.18596845839306,
              26.484914977776494
            ],
            [
              88.18617851325259,
              26.483768562400943
            ],
            [
              88.18661985195841,
              26.48392640711912
            ],
            [
              88.18706638741814,
              26.484169883134868
            ],
            [
              88.1872721941447,
              26.484594025977263
            ],
            [
              88.18745281121234,
              26.48485117809056
            ],
            [
              88.18779083557564,
              26.484896064372172
            ],
            [
              88.18785907968947,
              26.484905125889664
            ],
            [
              88.18829013268531,
              26.484471711984845
            ],
            [
              88.18863090858832,
              26.484020269759604
            ],
            [
              88.18873606268055,
              26.48369980030372
            ],
            [
              88.18904650337475,
              26.482806144183005
            ],
            [
              88.1894926292027,
              26.482512627308054
            ],
            [
              88.19017458165739,
              26.482313742396354
            ],
            [
              88.19066085678868,
              26.48205175462833
            ],
            [
              88.19078103071246,
              26.481758423978274
            ],
            [
              88.19084083335753,
              26.48106790897383
            ],
            [
              88.19074985737544,
              26.479881024811267
            ],
            [
              88.19074936779363,
              26.479005577162226
            ],
            [
              88.19086454618612,
              26.47868511222687
            ],
            [
              88.19105995491323,
              26.47839169579853
            ],
            [
              88.191232967742,
              26.47817040595109
            ],
            [
              88.19158814274073,
              26.4777161230717
            ],
            [
              88.19162116570887,
              26.477673885070406
            ],
            [
              88.19233296289224,
              26.477123007771795
            ],
            [
              88.193235194831,
              26.4764591288262
            ],
            [
              88.19412242310788,
              26.475917159981208
            ],
            [
              88.19508504339329,
              26.475488035876683
            ],
            [
              88.19576671557361,
              26.47513113831166
            ],
            [
              88.19629834035537,
              26.475194124004794
            ],
            [
              88.19704055269764,
              26.475288476235157
            ],
            [
              88.19779280011993,
              26.475382920860294
            ],
            [
              88.19833949144564,
              26.47562182111753
            ],
            [
              88.19883109089159,
              26.475887814288807
            ],
            [
              88.19952814761947,
              26.475941635223766
            ],
            [
              88.20007460268829,
              26.475760815180287
            ],
            [
              88.20065122677755,
              26.475616123238677
            ],
            [
              88.20113775523377,
              26.475895602818817
            ],
            [
              88.20226631321678,
              26.47624253200534
            ],
            [
              88.2029583124296,
              26.476359485783618
            ],
            [
              88.20338949388452,
              26.47618774870376
            ],
            [
              88.20352475770842,
              26.475921454687885
            ],
            [
              88.20352451157002,
              26.47556042537242
            ],
            [
              88.20295717965402,
              26.474640101212486
            ],
            [
              88.20297216355299,
              26.474518276791756
            ],
            [
              88.2033130742033,
              26.47431949626157
            ],
            [
              88.20369902728027,
              26.474188404895397
            ],
            [
              88.20466173739723,
              26.473984828856857
            ],
            [
              88.20515057542201,
              26.47394170335036
            ],
            [
              88.20563941075186,
              26.47389857461121
            ],
            [
              88.20733939517194,
              26.473884031373203
            ],
            [
              88.20775543013283,
              26.473761973762166
            ],
            [
              88.20895373061957,
              26.473535612280195
            ],
            [
              88.20988636244587,
              26.47344032100955
            ],
            [
              88.2102122388916,
              26.473349896995806
            ],
            [
              88.21053802101419,
              26.473173707027048
            ],
            [
              88.21073358425154,
              26.473092330777718
            ],
            [
              88.21087896310557,
              26.473132898693475
            ],
            [
              88.21125020087986,
              26.473322137176826
            ],
            [
              88.2118722824175,
              26.47366028592531
            ],
            [
              88.2122939587984,
              26.473956481382768
            ],
            [
              88.21262260385184,
              26.47418732818716
            ],
            [
              88.21274522927799,
              26.474273461599324
            ],
            [
              88.21345767324839,
              26.47481911216335
            ],
            [
              88.214095200419,
              26.475671627289042
            ],
            [
              88.21499877174583,
              26.476943754353073
            ],
            [
              88.2150307948891,
              26.476989829759667
            ],
            [
              88.21576688431435,
              26.478048927809855
            ],
            [
              88.21563676514208,
              26.478477693388957
            ],
            [
              88.21544136809305,
              26.47868989008364
            ],
            [
              88.21534110802251,
              26.47871191871859
            ],
            [
              88.21507034232114,
              26.47877141193263
            ],
            [
              88.21464394259849,
              26.478518914733627
            ],
            [
              88.2137961270064,
              26.47807716089934
            ],
            [
              88.21353092816484,
              26.47890322335707
            ],
            [
              88.21331108526198,
              26.47986459114746
            ],
            [
              88.21297033002018,
              26.480298032867992
            ],
            [
              88.21211344773192,
              26.481097340183798
            ],
            [
              88.2117728649667,
              26.481643538107384
            ],
            [
              88.21178828544686,
              26.48224377093098
            ],
            [
              88.21196428607226,
              26.48289798313288
            ],
            [
              88.21245599690936,
              26.483245178245156
            ],
            [
              88.2130328958831,
              26.483411810331965
            ],
            [
              88.2138189783506,
              26.483382522835115
            ],
            [
              88.21414113127945,
              26.483370519984547
            ],
            [
              88.2153245026645,
              26.483252475002228
            ],
            [
              88.21686415667098,
              26.483319166134475
            ],
            [
              88.21827331331446,
              26.483349850281744
            ],
            [
              88.21985815257972,
              26.483524821807627
            ],
            [
              88.22119194596077,
              26.48332545460838
            ],
            [
              88.22222971391295,
              26.482977209646222
            ],
            [
              88.2238289513756,
              26.482389507849536
            ],
            [
              88.22436018179697,
              26.481946824111223
            ],
            [
              88.22464043640267,
              26.481260730179283
            ],
            [
              88.2246245254424,
              26.479926028819357
            ],
            [
              88.22462424157473,
              26.47990233437615
            ],
            [
              88.22447301468823,
              26.478941245917138
            ],
            [
              88.22423646222279,
              26.47799370794519
            ],
            [
              88.22389490119221,
              26.477294437900447
            ],
            [
              88.22375401211796,
              26.476912126901865
            ],
            [
              88.22345264620478,
              26.476094342832983
            ],
            [
              88.2233215505638,
              26.475706231066894
            ],
            [
              88.22316520417846,
              26.47524336025008
            ],
            [
              88.22306554328425,
              26.474948302702735
            ],
            [
              88.22276872015141,
              26.473820265774137
            ],
            [
              88.22245713141028,
              26.472926993656703
            ],
            [
              88.22187982460136,
              26.472205269718938
            ],
            [
              88.22116728181632,
              26.471528846076254
            ],
            [
              88.21980281905317,
              26.47086187108726
            ],
            [
              88.21891510568602,
              26.470704508614972
            ],
            [
              88.21821811723012,
              26.470664324221122
            ],
            [
              88.21761140856196,
              26.4707098537205
            ],
            [
              88.21683937574555,
              26.470859257642132
            ],
            [
              88.21623285213032,
              26.471180045124257
            ],
            [
              88.21506510604137,
              26.471952494353467
            ],
            [
              88.21450355837749,
              26.47195284736626
            ],
            [
              88.21368612021502,
              26.471858502049862
            ],
            [
              88.21335212479575,
              26.471874012912167
            ],
            [
              88.21279858201936,
              26.47189971772504
            ],
            [
              88.21210158817355,
              26.47185950238754
            ],
            [
              88.21170537633603,
              26.471823593153477
            ],
            [
              88.21139433556722,
              26.47162526793083
            ],
            [
              88.21103814098066,
              26.4712915431754
            ],
            [
              88.21067166876894,
              26.470799823059014
            ],
            [
              88.21066654388022,
              26.470794021207634
            ],
            [
              88.2105999688362,
              26.470718652598347
            ],
            [
              88.21040072699778,
              26.470493090072605
            ],
            [
              88.20977832565988,
              26.469681145110762
            ],
            [
              88.2098231120667,
              26.469225301631788
            ],
            [
              88.21001852259045,
              26.468986027029235
            ],
            [
              88.21028408884294,
              26.4687602423779
            ],
            [
              88.21083058074268,
              26.468597437742268
            ],
            [
              88.21162784184554,
              26.468596996262377
            ],
            [
              88.2122797187045,
              26.468650777987865
            ],
            [
              88.2134982699127,
              26.46874479301554
            ],
            [
              88.21399946965411,
              26.46857748831838
            ],
            [
              88.21435511087846,
              26.4680177040483
            ],
            [
              88.21462566727237,
              26.467272295698162
            ],
            [
              88.21463529541556,
              26.46724577121443
            ],
            [
              88.21491572698939,
              26.466803359712387
            ],
            [
              88.21549204834643,
              26.466387858806325
            ],
            [
              88.21604348187853,
              26.466229508325107
            ],
            [
              88.21660500977947,
              26.466134445017406
            ],
            [
              88.21703615799673,
              26.466003296075773
            ],
            [
              88.21772798113975,
              26.465908021084115
            ],
            [
              88.21784798618026,
              26.465501819635563
            ],
            [
              88.21790764329826,
              26.464860952768095
            ],
            [
              88.21800724310708,
              26.463926694153514
            ],
            [
              88.2182022107614,
              26.463285755788718
            ],
            [
              88.21845242660233,
              26.462586115692748
            ],
            [
              88.21868782922421,
              26.462346759734242
            ],
            [
              88.21975504395141,
              26.461411915357672
            ],
            [
              88.22018034862774,
              26.46031959101588
            ],
            [
              88.22071663566584,
              26.46001229931665
            ],
            [
              88.22188448955265,
              26.45957826728287
            ],
            [
              88.22274642576272,
              26.459126441074005
            ],
            [
              88.22312705183003,
              26.458602715612944
            ],
            [
              88.22453413067026,
              26.45650329023631
            ],
            [
              88.22496451621784,
              26.455546239075762
            ],
            [
              88.2251242986591,
              26.454769902176515
            ],
            [
              88.22514684457612,
              26.45391382136846
            ],
            [
              88.22514743027769,
              26.453891602203438
            ],
            [
              88.22496076664986,
              26.453835522256792
            ],
            [
              88.22378530313426,
              26.453612327353405
            ],
            [
              88.2231450522717,
              26.453503582041307
            ],
            [
              88.22291015809628,
              26.453135933303724
            ],
            [
              88.22230439625241,
              26.451932805950378
            ],
            [
              88.221692507,
              26.45063511270089
            ],
            [
              88.22123840503062,
              26.449329027371757
            ],
            [
              88.22071285016523,
              26.448549212619326
            ],
            [
              88.22062346060792,
              26.44798386093474
            ],
            [
              88.22074121087707,
              26.447360267849337
            ],
            [
              88.22132624319744,
              26.446617033297855
            ],
            [
              88.22258864297125,
              26.44574310129931
            ],
            [
              88.22359860537047,
              26.445356958301474
            ],
            [
              88.22391042138536,
              26.445181920699547
            ],
            [
              88.22397081063033,
              26.444980313002233
            ],
            [
              88.22387633481189,
              26.444429784339373
            ],
            [
              88.22444051094632,
              26.444294257680053
            ],
            [
              88.22513830608933,
              26.443953360350015
            ],
            [
              88.22563709475254,
              26.44371551237857
            ],
            [
              88.22577588087067,
              26.44336431631611
            ],
            [
              88.22551269515368,
              26.442478769170773
            ],
            [
              88.22513788118621,
              26.441003891270217
            ],
            [
              88.22501574893514,
              26.440481347024402
            ],
            [
              88.22371632509687,
              26.439960857138786
            ],
            [
              88.22293208417574,
              26.439390505249374
            ],
            [
              88.22246458922379,
              26.438467334042883
            ],
            [
              88.2221243702762,
              26.437934793687017
            ],
            [
              88.22198300958648,
              26.43785056598133
            ],
            [
              88.22157889077783,
              26.437902311736863
            ],
            [
              88.22084015401741,
              26.438032915150256
            ],
            [
              88.21995411780492,
              26.4379877507808
            ],
            [
              88.21839544287057,
              26.437519356720756
            ],
            [
              88.21695405826796,
              26.437289367850404
            ],
            [
              88.21621953640289,
              26.43696104870038
            ],
            [
              88.21572048004172,
              26.43555025299669
            ],
            [
              88.21544235983312,
              26.43440301531474
            ],
            [
              88.21317135681113,
              26.433680524613862
            ],
            [
              88.21195172403134,
              26.43299987676444
            ],
            [
              88.21078303560964,
              26.43243409162044
            ],
            [
              88.21068485603729,
              26.432262840838185
            ],
            [
              88.21058668993967,
              26.432091664611388
            ],
            [
              88.21061778242827,
              26.43122767036944
            ],
            [
              88.21047784377164,
              26.430411900237733
            ],
            [
              88.21018459593364,
              26.42991776764328
            ],
            [
              88.21000132344602,
              26.429104273622766
            ],
            [
              88.20913717738037,
              26.428892081259885
            ],
            [
              88.20841082928602,
              26.428611477215554
            ],
            [
              88.20800730067052,
              26.428455513028155
            ],
            [
              88.20771231010089,
              26.428152255027825
            ],
            [
              88.20768029683909,
              26.427658037129948
            ],
            [
              88.2076874438355,
              26.427161763372585
            ],
            [
              88.2075884441013,
              26.426848123028893
            ],
            [
              88.2069242351701,
              26.426918462813582
            ],
            [
              88.20624162784361,
              26.426706304236234
            ],
            [
              88.20516475532875,
              26.426479460895983
            ],
            [
              88.2046691116674,
              26.426115888944675
            ],
            [
              88.2042864670856,
              26.425675448023284
            ],
            [
              88.20411403906007,
              26.424834384241972
            ],
            [
              88.20401307381202,
              26.423883351252574
            ],
            [
              88.20382424524435,
              26.423397360856136
            ],
            [
              88.20345314401398,
              26.42313346515732
            ],
            [
              88.2027245537247,
              26.422817487320895
            ],
            [
              88.20220068320045,
              26.42266717798433
            ],
            [
              88.2012277583404,
              26.422004824102302
            ],
            [
              88.20019837166981,
              26.421004201045644
            ],
            [
              88.19777217210604,
              26.419177432640353
            ],
            [
              88.19666231704726,
              26.417994916940675
            ],
            [
              88.1957177223563,
              26.417237998131544
            ],
            [
              88.19537240007965,
              26.417225058370153
            ],
            [
              88.19342717289204,
              26.418040442321605
            ],
            [
              88.19317646118108,
              26.41842585464316
            ],
            [
              88.19193622823519,
              26.41895608289531
            ],
            [
              88.19089187024208,
              26.41932099197056
            ],
            [
              88.19022119703413,
              26.41960422277581
            ],
            [
              88.18971224932339,
              26.419723933961077
            ],
            [
              88.18936892220495,
              26.41974192325037
            ],
            [
              88.1887286201384,
              26.41996164882603
            ],
            [
              88.18812866500454,
              26.42027221061533
            ],
            [
              88.18797508004043,
              26.420295783784514
            ],
            [
              88.18782159568762,
              26.42031934166358
            ],
            [
              88.18723089230288,
              26.419680455878268
            ],
            [
              88.1864991183842,
              26.41844149579083
            ],
            [
              88.18569088076691,
              26.417206537710594
            ],
            [
              88.18585074585316,
              26.41671479505096
            ],
            [
              88.18586009462034,
              26.416265573108944
            ],
            [
              88.18555485606996,
              26.41569463976566
            ],
            [
              88.18520027665427,
              26.414953744917728
            ],
            [
              88.18483412963266,
              26.41462773229916
            ],
            [
              88.18408824587586,
              26.41435605602221
            ],
            [
              88.18351066418245,
              26.414317297712635
            ],
            [
              88.18307693241044,
              26.414132820853045
            ],
            [
              88.18271755778778,
              26.41390999475994
            ],
            [
              88.18246030903647,
              26.412300984391322
            ],
            [
              88.18226082105964,
              26.411586507701205
            ],
            [
              88.18194894665429,
              26.410912368613868
            ],
            [
              88.18138073977919,
              26.41042428561036
            ],
            [
              88.18037882987818,
              26.409751806787362
            ],
            [
              88.17951827797198,
              26.409486112235257
            ],
            [
              88.17919666942215,
              26.409848129097814
            ],
            [
              88.17876035858698,
              26.410216240978222
            ],
            [
              88.17759585182293,
              26.410587813696118
            ],
            [
              88.17670816360861,
              26.410496161660134
            ],
            [
              88.17573745399406,
              26.410305303358914
            ],
            [
              88.17504528589797,
              26.410272507891317
            ],
            [
              88.17451473011137,
              26.41036925779256
            ],
            [
              88.17398428212265,
              26.41046609209134
            ],
            [
              88.17310325401783,
              26.410477619806223
            ],
            [
              88.17263818002556,
              26.410398391684424
            ],
            [
              88.1716922953539,
              26.409999023966257
            ],
            [
              88.17089259891831,
              26.409488462370845
            ],
            [
              88.17010775792255,
              26.409347822642847
            ],
            [
              88.16956692271418,
              26.40954219123621
            ],
            [
              88.1682449098398,
              26.410497234941015
            ],
            [
              88.16624132090483,
              26.411847711251195
            ],
            [
              88.16535814402987,
              26.411976854963353
            ],
            [
              88.1645738492098,
              26.41221165322375
            ],
            [
              88.16377139943786,
              26.41264112815103
            ],
            [
              88.16334243682171,
              26.41266353307403
            ],
            [
              88.1629134760022,
              26.412685936383596
            ],
            [
              88.16194403660545,
              26.41243209712194
            ],
            [
              88.16096975259437,
              26.41162475603874
            ],
            [
              88.1600962308121,
              26.410950516605492
            ],
            [
              88.15935810670271,
              26.40999246678701
            ],
            [
              88.15871956084256,
              26.40866929119363
            ],
            [
              88.15806504114,
              26.407097754365715
            ],
            [
              88.15764804408344,
              26.405873740376627
            ],
            [
              88.15737679329185,
              26.405001950280948
            ],
            [
              88.15761619880664,
              26.402572140048495
            ],
            [
              88.15778268627321,
              26.401784546939155
            ],
            [
              88.15822484873412,
              26.40095861130437
            ],
            [
              88.15869310276248,
              26.40015351130002
            ],
            [
              88.1592250123102,
              26.399568211134326
            ],
            [
              88.16003734175365,
              26.398722847689832
            ],
            [
              88.16072773477875,
              26.397906233697476
            ],
            [
              88.16115269180705,
              26.396813563296277
            ],
            [
              88.16127431471337,
              26.395625168039995
            ],
            [
              88.16138581630135,
              26.394174746714253
            ],
            [
              88.16182715410888,
              26.393212860126763
            ],
            [
              88.16205150026626,
              26.3922298771287
            ],
            [
              88.16160853560976,
              26.3903752402793
            ],
            [
              88.16118890828605,
              26.388325183067842
            ],
            [
              88.1610679537263,
              26.387004167609007
            ],
            [
              88.16078336385101,
              26.384817523719068
            ],
            [
              88.16053825133923,
              26.383243932752123
            ],
            [
              88.16036225969697,
              26.38218475032004
            ],
            [
              88.16025321320464,
              26.38160775431819
            ],
            [
              88.15995419818252,
              26.381429077398796
            ],
            [
              88.15976987825928,
              26.38135776106786
            ],
            [
              88.1595855996585,
              26.381286460788136
            ],
            [
              88.15887530086505,
              26.381420649941475
            ],
            [
              88.15831881610612,
              26.38170876127846
            ],
            [
              88.15802337458221,
              26.38214501228052
            ],
            [
              88.15712932899064,
              26.38277446897765
            ],
            [
              88.15651144168704,
              26.383227549684225
            ],
            [
              88.15611526668046,
              26.383215892902275
            ],
            [
              88.15542482604468,
              26.38253971223232
            ],
            [
              88.15414914557768,
              26.380690181323487
            ],
            [
              88.15374359215951,
              26.38013980125942
            ],
            [
              88.15331586921843,
              26.380066863324842
            ],
            [
              88.15307678440222,
              26.380460367249622
            ],
            [
              88.15256197338762,
              26.380677741247947
            ],
            [
              88.152028947234,
              26.38061029296671
            ],
            [
              88.15147139976807,
              26.380163093714227
            ],
            [
              88.15101092515003,
              26.378758349823517
            ],
            [
              88.15077346718279,
              26.3775323919883
            ],
            [
              88.15042451301743,
              26.37621708304579
            ],
            [
              88.15032990604495,
              26.374745525971516
            ],
            [
              88.14874374266293,
              26.373923401681072
            ],
            [
              88.1472811973455,
              26.373380496715214
            ],
            [
              88.14554306866184,
              26.372661429076416
            ],
            [
              88.14428220410882,
              26.371965189099924
            ],
            [
              88.14320393561205,
              26.371640361309222
            ],
            [
              88.14163516810552,
              26.371912628257274
            ],
            [
              88.14044758002854,
              26.372355535928435
            ],
            [
              88.13852424119118,
              26.373693982188183
            ],
            [
              88.13776736564856,
              26.374257318223176
            ],
            [
              88.13748468379492,
              26.37479595439624
            ],
            [
              88.13668413036655,
              26.375504352366207
            ],
            [
              88.13672983125832,
              26.37621639896808
            ],
            [
              88.13659610175691,
              26.376604390288346
            ],
            [
              88.13614007379957,
              26.376913906631355
            ],
            [
              88.1354054073057,
              26.37699978761005
            ],
            [
              88.1354197192648,
              26.378046775200193
            ],
            [
              88.13446804495112,
              26.378048693001748
            ],
            [
              88.13420149234844,
              26.37801494113828
            ],
            [
              88.1334728059394,
              26.3781957568194
            ],
            [
              88.13275031341429,
              26.37847150509738
            ],
            [
              88.13227599665605,
              26.378496191769973
            ],
            [
              88.13173375378763,
              26.378286269980382
            ],
            [
              88.13182183000796,
              26.377186327745573
            ],
            [
              88.13141667723842,
              26.37640288966623
            ],
            [
              88.1301526452257,
              26.37596271933865
            ],
            [
              88.12965234020633,
              26.375752635205
            ],
            [
              88.12947066761822,
              26.375256139816685
            ],
            [
              88.12900562237206,
              26.37501050211219
            ],
            [
              88.1285469389947,
              26.37486568367494
            ],
            [
              88.12742944017116,
              26.374957533008395
            ],
            [
              88.12671098557323,
              26.3754334138544
            ],
            [
              88.12610876129497,
              26.375970682020302
            ],
            [
              88.1258474997693,
              26.37598426863636
            ],
            [
              88.12569169506813,
              26.375891126806206
            ],
            [
              88.12553599996139,
              26.37579807101458
            ],
            [
              88.12506870443544,
              26.37551882110026
            ],
            [
              88.12449379163674,
              26.37531260082642
            ],
            [
              88.12401141878703,
              26.37479801792186
            ],
            [
              88.12379030386974,
              26.37426975818525
            ],
            [
              88.12319386114864,
              26.37372738602433
            ],
            [
              88.12288452268731,
              26.37357478824037
            ],
            [
              88.12225859995353,
              26.37374228797109
            ],
            [
              88.12148128594154,
              26.37388384590702
            ],
            [
              88.12113033841456,
              26.373665973017854
            ],
            [
              88.12079947092913,
              26.373177223089673
            ],
            [
              88.12037811255183,
              26.373030441814603
            ],
            [
              88.11955703531416,
              26.37307311172624
            ],
            [
              88.11791703230391,
              26.373192044625565
            ],
            [
              88.11617146017979,
              26.373417688914664
            ],
            [
              88.11458586902462,
              26.373803590677472
            ],
            [
              88.11365931789447,
              26.373952952006032
            ],
            [
              88.11304056461499,
              26.373647723030107
            ],
            [
              88.11252308829894,
              26.373168646138993
            ],
            [
              88.11214418879358,
              26.37251369423563
            ],
            [
              88.1119066598594,
              26.371143060320687
            ],
            [
              88.11142734397664,
              26.37008852516452
            ],
            [
              88.11074919678549,
              26.369580289333634
            ],
            [
              88.1105570758923,
              26.369055020702937
            ],
            [
              88.11038781442817,
              26.36888545376666
            ],
            [
              88.109986210004,
              26.368799252061407
            ],
            [
              88.10951243403157,
              26.36882384260886
            ],
            [
              88.10845564065994,
              26.3690213909638
            ],
            [
              88.10764017879113,
              26.369277804599914
            ],
            [
              88.10712695509963,
              26.369304436133604
            ],
            [
              88.10643310086574,
              26.36898364039489
            ],
            [
              88.10581597443525,
              26.368623208925563
            ],
            [
              88.10499675940514,
              26.368201861845304
            ],
            [
              88.10391041325734,
              26.367937068087237
            ],
            [
              88.10368648122332,
              26.367841634785904
            ],
            [
              88.10346255098592,
              26.367746200600937
            ],
            [
              88.10344209185534,
              26.36742611686142
            ],
            [
              88.10413764121014,
              26.366533746660096
            ],
            [
              88.10443376006376,
              26.365590695688812
            ],
            [
              88.10451809929255,
              26.365051078933092
            ],
            [
              88.10451673205665,
              26.364408950247824
            ],
            [
              88.10417812558507,
              26.364069717177593
            ],
            [
              88.10294837328358,
              26.363419812668038
            ],
            [
              88.1017489939202,
              26.36262571625303
            ],
            [
              88.10113408004024,
              26.362300804262862
            ],
            [
              88.10095574738835,
              26.361988905729742
            ],
            [
              88.10097473957009,
              26.36166677528936
            ],
            [
              88.10119343981589,
              26.361370032936406
            ],
            [
              88.10157683089767,
              26.36117170765341
            ],
            [
              88.10219482510077,
              26.360925561901947
            ],
            [
              88.10257821887753,
              26.360727326005904
            ],
            [
              88.10255549419578,
              26.36037170628813
            ],
            [
              88.10205312305122,
              26.359327362093342
            ],
            [
              88.1019591368146,
              26.358475845119322
            ],
            [
              88.10174257276255,
              26.35789369995868
            ],
            [
              88.10115169420634,
              26.3575044360216
            ],
            [
              88.10080455373951,
              26.357282451267956
            ],
            [
              88.10055699781013,
              26.35705539502479
            ],
            [
              88.09989519007573,
              26.357119648601312
            ],
            [
              88.09898784133308,
              26.35698676983137
            ],
            [
              88.09785832215272,
              26.356505378924403
            ],
            [
              88.09704741025078,
              26.355797605863373
            ],
            [
              88.09650077102738,
              26.354536188804218
            ],
            [
              88.09657552792699,
              26.354142350298353
            ],
            [
              88.09673830714807,
              26.3535640293979
            ],
            [
              88.09655902138365,
              26.353363369232394
            ],
            [
              88.09528090109235,
              26.353159678052567
            ],
            [
              88.09419733343371,
              26.35339574376982
            ],
            [
              88.09308053888935,
              26.35363361532325
            ],
            [
              88.09148885176666,
              26.35425591514327
            ],
            [
              88.09035688737207,
              26.354254566851704
            ],
            [
              88.09000884769166,
              26.35401765366317
            ],
            [
              88.08966076040053,
              26.353780706181283
            ],
            [
              88.0898869040868,
              26.35262922813986
            ],
            [
              88.08993116497916,
              26.351757094120202
            ],
            [
              88.0895979457043,
              26.35087438099996
            ],
            [
              88.08957082466756,
              26.34994117762436
            ],
            [
              88.0897590989747,
              26.34984381763962
            ],
            [
              88.09039235196119,
              26.349606596767963
            ],
            [
              88.09111767867105,
              26.348780441023987
            ],
            [
              88.09151611114395,
              26.347912805273648
            ],
            [
              88.09171439807325,
              26.347464478099848
            ],
            [
              88.0916115050406,
              26.346359975252277
            ],
            [
              88.09147816630635,
              26.34528625118193
            ],
            [
              88.0913541143555,
              26.344358063882794
            ],
            [
              88.0910997096704,
              26.342910867205525
            ],
            [
              88.09104770440197,
              26.34209576266307
            ],
            [
              88.09091921567193,
              26.341605951877156
            ],
            [
              88.09103172337308,
              26.341337290183557
            ],
            [
              88.09130017860754,
              26.340972846348883
            ],
            [
              88.09174512584585,
              26.34083298218308
            ],
            [
              88.09245955419468,
              26.340854378629977
            ],
            [
              88.09329143457197,
              26.341190931386716
            ],
            [
              88.09363606155263,
              26.342020078899992
            ],
            [
              88.09368994430001,
              26.342864290624796
            ],
            [
              88.09365692133183,
              26.34336256012794
            ],
            [
              88.09411415482829,
              26.343922944617788
            ],
            [
              88.09501067887174,
              26.34425623133968
            ],
            [
              88.09571512064956,
              26.344628577347493
            ],
            [
              88.09608721272171,
              26.344872126993614
            ],
            [
              88.09629832130504,
              26.346146337958533
            ],
            [
              88.09642055237083,
              26.34704541176116
            ],
            [
              88.09673476778583,
              26.347905330900915
            ],
            [
              88.09733116109959,
              26.3481080492421
            ],
            [
              88.09761459214818,
              26.347976542293274
            ],
            [
              88.09804457614878,
              26.34760371440239
            ],
            [
              88.09839623424317,
              26.347527077100697
            ],
            [
              88.09884049696524,
              26.347883786833883
            ],
            [
              88.0992827950718,
              26.34821130081632
            ],
            [
              88.0995432130794,
              26.348227001384448
            ],
            [
              88.09962897883285,
              26.348047331825246
            ],
            [
              88.09941155958462,
              26.347182400204687
            ],
            [
              88.09956645519074,
              26.34656099693847
            ],
            [
              88.09971683227099,
              26.34637797597105
            ],
            [
              88.100030600325,
              26.34621568764939
            ],
            [
              88.1009222671777,
              26.345965022951873
            ],
            [
              88.10163310765532,
              26.345928157609336
            ],
            [
              88.10270303888792,
              26.345931071738814
            ],
            [
              88.1033168604165,
              26.345899232052755
            ],
            [
              88.10366117029186,
              26.345706148222657
            ],
            [
              88.10359341486155,
              26.34515469674979
            ],
            [
              88.10364324710531,
              26.344918479776915
            ],
            [
              88.10406322656864,
              26.344896692039036
            ],
            [
              88.10482683228936,
              26.34517831825953
            ],
            [
              88.10534864028172,
              26.345735415151555
            ],
            [
              88.10570519060113,
              26.346242583706843
            ],
            [
              88.10590218305813,
              26.346787329156534
            ],
            [
              88.10594125797634,
              26.3473985817937
            ],
            [
              88.10587587320006,
              26.347898532723057
            ],
            [
              88.10526941516186,
              26.348098498804923
            ],
            [
              88.10495973623904,
              26.348177579685345
            ],
            [
              88.10443892268171,
              26.348236108260362
            ],
            [
              88.10399584393916,
              26.348416629206675
            ],
            [
              88.10397503895719,
              26.348638256656994
            ],
            [
              88.1040399970337,
              26.349107492015875
            ],
            [
              88.10400441117206,
              26.349645048363406
            ],
            [
              88.1036142449964,
              26.350106385208807
            ],
            [
              88.10353175539878,
              26.35045723963842
            ],
            [
              88.10370729968002,
              26.35101525775761
            ],
            [
              88.10412282260123,
              26.351497812963274
            ],
            [
              88.10441371056493,
              26.351671764304108
            ],
            [
              88.10479712320628,
              26.351651871928585
            ],
            [
              88.10534879299533,
              26.35152872861377
            ],
            [
              88.10588440180537,
              26.351154362600763
            ],
            [
              88.10634437516346,
              26.350689397887738
            ],
            [
              88.1066151875772,
              26.350549317659485
            ],
            [
              88.1070582690147,
              26.35036878877164
            ],
            [
              88.107880741336,
              26.35010555608035
            ],
            [
              88.10857593855123,
              26.350037964381755
            ],
            [
              88.10877302173806,
              26.349838693936025
            ],
            [
              88.10885750559558,
              26.349519237612885
            ],
            [
              88.10871879673257,
              26.348990727123194
            ],
            [
              88.1083528940527,
              26.348190536843926
            ],
            [
              88.10810350376353,
              26.34757334027067
            ],
            [
              88.10814308892483,
              26.347098587659033
            ],
            [
              88.10836909876211,
              26.346803293153584
            ],
            [
              88.10879810719237,
              26.34640293917414
            ],
            [
              88.10909171435645,
              26.346072628307475
            ],
            [
              88.10897782774138,
              26.345385383613536
            ],
            [
              88.10897251420644,
              26.34475542383753
            ],
            [
              88.10912870877647,
              26.34446375237426
            ],
            [
              88.10913544793776,
              26.344022302013432
            ],
            [
              88.10908252279447,
              26.34374148605273
            ],
            [
              88.10890223091694,
              26.343656322599283
            ],
            [
              88.10862340193759,
              26.343670796929192
            ],
            [
              88.10828089228605,
              26.34378309689813
            ],
            [
              88.10811666408244,
              26.34394915774462
            ],
            [
              88.10781894263435,
              26.34421666783048
            ],
            [
              88.10749522124699,
              26.34407593413766
            ],
            [
              88.1075240508794,
              26.34397991682317
            ],
            [
              88.10731364567691,
              26.343423708276998
            ],
            [
              88.10703080302487,
              26.34337537292112
            ],
            [
              88.10661256180165,
              26.343397078832837
            ],
            [
              88.10635180243423,
              26.343694174819717
            ],
            [
              88.10601129512747,
              26.343837873070484
            ],
            [
              88.10569560557707,
              26.343822748303054
            ],
            [
              88.1055113027218,
              26.34367477616207
            ],
            [
              88.10550126674343,
              26.343517760987222
            ],
            [
              88.10596914168278,
              26.343178411087923
            ],
            [
              88.10622990194851,
              26.342881316191825
            ],
            [
              88.10624869021265,
              26.342628192145717
            ],
            [
              88.10612405705183,
              26.342319587887026
            ],
            [
              88.10594176282953,
              26.342203019012185
            ],
            [
              88.1055684140143,
              26.342379928334307
            ],
            [
              88.10525864795488,
              26.34245901473353
            ],
            [
              88.10481759760826,
              26.342670943315103
            ],
            [
              88.10435647889818,
              26.34256883879656
            ],
            [
              88.10412728992311,
              26.342265657891282
            ],
            [
              88.10348187374768,
              26.342015577947308
            ],
            [
              88.10319101003847,
              26.341841621747427
            ],
            [
              88.10302952618804,
              26.34150342216338
            ],
            [
              88.10298062729387,
              26.34128540775297
            ],
            [
              88.10307715666104,
              26.34115437285396
            ],
            [
              88.10398607026889,
              26.34060301319903
            ],
            [
              88.10426763461828,
              26.340084290015707
            ],
            [
              88.10423552523677,
              26.339581841055914
            ],
            [
              88.10486159439594,
              26.338982226884152
            ],
            [
              88.10565791136942,
              26.33812374528488
            ],
            [
              88.10596709711717,
              26.337563876936446
            ],
            [
              88.10592749937946,
              26.33694435337997
            ],
            [
              88.10557965373512,
              26.33622428709226
            ],
            [
              88.10512765023026,
              26.335898120694385
            ],
            [
              88.10454188937621,
              26.335501139306533
            ],
            [
              88.10421879860618,
              26.33516828063129
            ],
            [
              88.10381970497322,
              26.334994785918433
            ],
            [
              88.10347340443118,
              26.3349738746592
            ],
            [
              88.10265942478257,
              26.335054978829064
            ],
            [
              88.1016024688159,
              26.335381761880033
            ],
            [
              88.10012167781672,
              26.33514772605524
            ],
            [
              88.10015822667236,
              26.334368927055635
            ],
            [
              88.1001699362121,
              26.33320282526708
            ],
            [
              88.10023121568753,
              26.332811240878158
            ],
            [
              88.10026518098842,
              26.331993604803284
            ],
            [
              88.10042805632922,
              26.331169374731918
            ],
            [
              88.10063554560026,
              26.331042073759765
            ],
            [
              88.10092635990215,
              26.33087157190827
            ],
            [
              88.10135855196175,
              26.330888033245255
            ],
            [
              88.10200801684417,
              26.330932009301776
            ],
            [
              88.10240462663538,
              26.33106685268002
            ],
            [
              88.10270543918635,
              26.331051248812386
            ],
            [
              88.10312773270985,
              26.33091280012177
            ],
            [
              88.10372183082806,
              26.330765437047866
            ],
            [
              88.10412843617341,
              26.331055085169293
            ],
            [
              88.10437540999449,
              26.33154731084563
            ],
            [
              88.10502735692205,
              26.331630021995775
            ],
            [
              88.10544871979091,
              26.33215207433407
            ],
            [
              88.10582717912177,
              26.332676258639154
            ],
            [
              88.10618079644179,
              26.332813326085578
            ],
            [
              88.106868329231,
              26.33277764166001
            ],
            [
              88.10738890024322,
              26.332828285636296
            ],
            [
              88.10803343157811,
              26.332794828925724
            ],
            [
              88.10844582836212,
              26.33250155495423
            ],
            [
              88.10927297731278,
              26.331953570945945
            ],
            [
              88.10972341505415,
              26.331580561809098
            ],
            [
              88.10989365119035,
              26.33087238587741
            ],
            [
              88.11010532571234,
              26.329462900791857
            ],
            [
              88.10929328822137,
              26.329687292292487
            ],
            [
              88.1083981907026,
              26.329594466620264
            ],
            [
              88.10758910956723,
              26.329636467400068
            ],
            [
              88.10691856302171,
              26.32942741178358
            ],
            [
              88.1060872917022,
              26.329122223897993
            ],
            [
              88.10556205214546,
              26.328766325871904
            ],
            [
              88.10512705464721,
              26.32861468724862
            ],
            [
              88.10432242107083,
              26.32872617979095
            ],
            [
              88.10355186059316,
              26.328766160820784
            ],
            [
              88.10288354186953,
              26.32859179663559
            ],
            [
              88.1022480062639,
              26.327719065189065
            ],
            [
              88.10241559865827,
              26.32610800176697
            ],
            [
              88.10286550998683,
              26.32528352126213
            ],
            [
              88.1032427152696,
              26.32453245878466
            ],
            [
              88.10332055428897,
              26.32393622402174
            ],
            [
              88.1028302322473,
              26.32291666011836
            ],
            [
              88.10181682480899,
              26.3215758041386
            ],
            [
              88.10151395421771,
              26.32106905811368
            ],
            [
              88.10159039635681,
              26.319845875360333
            ],
            [
              88.10186313296191,
              26.31927435282303
            ],
            [
              88.10201054200844,
              26.319162232791403
            ],
            [
              88.10235284325084,
              26.31907482730647
            ],
            [
              88.10282187701688,
              26.319154965107384
            ],
            [
              88.10387761307138,
              26.31934405035344
            ],
            [
              88.1045799581813,
              26.319446900835384
            ],
            [
              88.10535712037802,
              26.31951113423003
            ],
            [
              88.10593272308282,
              26.319446343642312
            ],
            [
              88.10643584521895,
              26.319455146004486
            ],
            [
              88.10723154504986,
              26.319204804211545
            ],
            [
              88.10799459920503,
              26.3196528253684
            ],
            [
              88.10885023283505,
              26.32033999014666
            ],
            [
              88.11003407493726,
              26.321323528057462
            ],
            [
              88.11083566861474,
              26.321769533714804
            ],
            [
              88.11131360378691,
              26.321988576050533
            ],
            [
              88.11181884684542,
              26.322031983008024
            ],
            [
              88.1118714539851,
              26.321646089673738
            ],
            [
              88.11178630986585,
              26.320919015749087
            ],
            [
              88.11126262439457,
              26.319378655129494
            ],
            [
              88.11006496979651,
              26.31909509567099
            ],
            [
              88.10909434731855,
              26.317914111287486
            ],
            [
              88.10844963272733,
              26.316673819901713
            ],
            [
              88.10800903782658,
              26.315677572397167
            ],
            [
              88.10754853715741,
              26.315107068031253
            ],
            [
              88.10660049922399,
              26.313542837093923
            ],
            [
              88.10604435492655,
              26.312212902014828
            ],
            [
              88.10543765973313,
              26.31156503582416
            ],
            [
              88.10447144798322,
              26.311190654097647
            ],
            [
              88.10410761681838,
              26.310657501065172
            ],
            [
              88.10412214257654,
              26.310147276079025
            ],
            [
              88.10356773741749,
              26.309581539005332
            ],
            [
              88.10285530961677,
              26.309491184671845
            ],
            [
              88.1023360564331,
              26.309475656007688
            ],
            [
              88.10123716621067,
              26.309235368104922
            ],
            [
              88.10098891498525,
              26.309035982325405
            ],
            [
              88.1004253991126,
              26.309065212624418
            ],
            [
              88.10020147336675,
              26.30924671426423
            ],
            [
              88.09998284408788,
              26.309512789031125
            ],
            [
              88.09960990131115,
              26.3095746049036
            ],
            [
              88.0989914094414,
              26.309479269216546
            ],
            [
              88.09829789656735,
              26.30968511886218
            ],
            [
              88.09745041604684,
              26.31058079179431
            ],
            [
              88.09683060006036,
              26.311728327743673
            ],
            [
              88.0960893408306,
              26.31252525117389
            ],
            [
              88.09515922698206,
              26.313465727116323
            ],
            [
              88.09402333605138,
              26.314283093005535
            ],
            [
              88.09263488377857,
              26.315024357963214
            ],
            [
              88.09083193715557,
              26.31547467808698
            ],
            [
              88.08879071060682,
              26.316071180258128
            ],
            [
              88.08776867485021,
              26.316347244941518
            ],
            [
              88.08580903958376,
              26.316671757754797
            ],
            [
              88.08335888015478,
              26.317066315605153
            ],
            [
              88.08198857834226,
              26.31731568610873
            ],
            [
              88.07981738892809,
              26.317428030164617
            ],
            [
              88.07804951882198,
              26.31765334439888
            ],
            [
              88.07711757780015,
              26.317790724332916
            ],
            [
              88.07658045712549,
              26.317907729248482
            ],
            [
              88.07658045532885,
              26.317907775145084
            ],
            [
              88.07604335172215,
              26.31802472760429
            ],
            [
              88.07563772643877,
              26.318055376011948
            ],
            [
              88.07475972655482,
              26.318100774096816
            ],
            [
              88.07366214966933,
              26.318157518255816
            ],
            [
              88.07218575322851,
              26.317797153885355
            ],
            [
              88.0709389131737,
              26.31758373925498
            ],
            [
              88.06901706643802,
              26.316452602297225
            ],
            [
              88.06837225932033,
              26.31600952808965
            ],
            [
              88.06745904278229,
              26.315500995892357
            ],
            [
              88.06697618574064,
              26.315525938376695
            ],
            [
              88.06649574516713,
              26.315590460603556
            ],
            [
              88.0654861169412,
              26.315642607387915
            ],
            [
              88.06454409322865,
              26.31537369299529
            ],
            [
              88.06335996995372,
              26.314760097945996
            ],
            [
              88.06231000916817,
              26.31417918630985
            ],
            [
              88.06079481359191,
              26.313900224876093
            ],
            [
              88.0600535022599,
              26.314017807044884
            ],
            [
              88.05887074172928,
              26.314118553360117
            ],
            [
              88.05812450493455,
              26.314157057811286
            ],
            [
              88.05706082058643,
              26.314053205758167
            ],
            [
              88.05683129743807,
              26.313906219819824
            ],
            [
              88.05661182823435,
              26.31391754297528
            ],
            [
              88.05623680585776,
              26.314254448618655
            ],
            [
              88.05564733765652,
              26.314681830059143
            ],
            [
              88.05539902804064,
              26.31493278473923
            ],
            [
              88.05500641215919,
              26.3149927416805
            ],
            [
              88.05439181179126,
              26.31502444090121
            ],
            [
              88.05410330166806,
              26.31464234662792
            ],
            [
              88.0537195359888,
              26.31414613890426
            ],
            [
              88.05348237985548,
              26.31388051523824
            ],
            [
              88.05296063923679,
              26.313986833061236
            ],
            [
              88.05208014742621,
              26.313992526039165
            ],
            [
              88.05125986160431,
              26.313558523843987
            ],
            [
              88.05123474830222,
              26.313162846042204
            ],
            [
              88.05141905834402,
              26.312597636629604
            ],
            [
              88.05133020328432,
              26.31247646486672
            ],
            [
              88.05093834468265,
              26.312324391020745
            ],
            [
              88.05051641497685,
              26.312202608598138
            ],
            [
              88.05032225400967,
              26.312155223277944
            ],
            [
              88.05030137177258,
              26.311323660336704
            ],
            [
              88.05034214720163,
              26.310460174353345
            ],
            [
              88.04988390220217,
              26.309766037817997
            ],
            [
              88.04935047001004,
              26.309391494058193
            ],
            [
              88.04901473814733,
              26.309121730903335
            ],
            [
              88.04865820669251,
              26.309025224794038
            ],
            [
              88.04818189387774,
              26.309049774898057
            ],
            [
              88.04792789433282,
              26.309062863667894
            ],
            [
              88.04763484502253,
              26.30896317590685
            ],
            [
              88.04745068679603,
              26.30857062617871
            ],
            [
              88.04725735587218,
              26.30803510728262
            ],
            [
              88.0469743066076,
              26.307590255855363
            ],
            [
              88.04666766399043,
              26.306773416114165
            ],
            [
              88.04627665699164,
              26.30613319870869
            ],
            [
              88.0460516478776,
              26.305599309727725
            ],
            [
              88.04615318265753,
              26.30519212773584
            ],
            [
              88.046411733966,
              26.304748114176466
            ],
            [
              88.0464597956303,
              26.303999132328663
            ],
            [
              88.04653782778747,
              26.30321986295228
            ],
            [
              88.04679092722046,
              26.302689987900926
            ],
            [
              88.04773888340718,
              26.302066906747513
            ],
            [
              88.04927289689198,
              26.30164328470561
            ],
            [
              88.05098470583616,
              26.301009552395488
            ],
            [
              88.05319184313304,
              26.30014923019913
            ],
            [
              88.05420876567906,
              26.299608597202386
            ],
            [
              88.05493689243765,
              26.29900933738568
            ],
            [
              88.05472959271111,
              26.298254080297678
            ],
            [
              88.05449961860849,
              26.297978781074544
            ],
            [
              88.0527724026589,
              26.29754126317618
            ],
            [
              88.05070333103127,
              26.296738469602612
            ],
            [
              88.04935574940895,
              26.296424968927624
            ],
            [
              88.04798688490092,
              26.295777484813293
            ],
            [
              88.04716260786421,
              26.295341272150196
            ],
            [
              88.04655012662204,
              26.294894047729986
            ],
            [
              88.04588308440441,
              26.293588055796512
            ],
            [
              88.04461570796393,
              26.29202582815948
            ],
            [
              88.04421484375153,
              26.29156778508878
            ],
            [
              88.04262684421309,
              26.289974059349234
            ],
            [
              88.04064117756634,
              26.28797009969229
            ],
            [
              88.03951603587635,
              26.286974831314566
            ],
            [
              88.03850884567811,
              26.286165016203796
            ],
            [
              88.03811417714627,
              26.285802451005956
            ],
            [
              88.03692919059034,
              26.286264116280062
            ],
            [
              88.03654516978956,
              26.286401991704746
            ],
            [
              88.03615358876729,
              26.286422145775248
            ],
            [
              88.03575269580882,
              26.28629523700974
            ],
            [
              88.03535180195205,
              26.286168325689104
            ],
            [
              88.03458178495511,
              26.28538165781186
            ],
            [
              88.03416785744186,
              26.285048817833157
            ],
            [
              88.03375392813197,
              26.284715976899502
            ],
            [
              88.033278537887,
              26.284445351697137
            ],
            [
              88.03275274586636,
              26.284413350129963
            ],
            [
              88.03152961414855,
              26.2837090323202
            ],
            [
              88.03055640542088,
              26.28281478120009
            ],
            [
              88.03000283479673,
              26.281308676105215
            ],
            [
              88.02996931865346,
              26.27988609937393
            ],
            [
              88.02984163301728,
              26.279173236213605
            ],
            [
              88.02935429967062,
              26.278429212817873
            ],
            [
              88.02901973202451,
              26.277925525856926
            ],
            [
              88.02911695309444,
              26.276853772389106
            ],
            [
              88.02948233115816,
              26.27566909378573
            ],
            [
              88.02979581893781,
              26.274536557085696
            ],
            [
              88.02951383058358,
              26.273558832689687
            ],
            [
              88.0289340740689,
              26.272224226106175
            ],
            [
              88.02804571481309,
              26.2703597119156
            ],
            [
              88.02745958385313,
              26.269794516184934
            ],
            [
              88.02700439312564,
              26.269123269779016
            ],
            [
              88.0260387571958,
              26.267824612269703
            ],
            [
              88.02556730696163,
              26.26670055406246
            ],
            [
              88.02525364490884,
              26.26461687092069
            ],
            [
              88.02529355436197,
              26.264385141946644
            ],
            [
              88.0253334647134,
              26.264153411704566
            ],
            [
              88.02475956880762,
              26.26313310211574
            ],
            [
              88.02440736094427,
              26.26216689828369
            ],
            [
              88.02400856375536,
              26.26103909727571
            ],
            [
              88.02354335860907,
              26.26001310094725
            ],
            [
              88.02297569701135,
              26.259090856743168
            ],
            [
              88.02147761793454,
              26.257955146099984
            ],
            [
              88.02069110158078,
              26.257157089609922
            ],
            [
              88.0200545930997,
              26.256281488907902
            ],
            [
              88.01910909829685,
              26.25542175909813
            ],
            [
              88.01811062085858,
              26.25494901765918
            ],
            [
              88.01722584767737,
              26.2544355143701
            ],
            [
              88.01596181207138,
              26.253928399205186
            ],
            [
              88.01493297067819,
              26.25343720712404
            ],
            [
              88.0140224688489,
              26.25298185087006
            ],
            [
              88.01365705485259,
              26.252707638214634
            ],
            [
              88.01347332512248,
              26.252737984038806
            ],
            [
              88.01324204307281,
              26.25274985940033
            ],
            [
              88.01295315386058,
              26.25295300201474
            ],
            [
              88.01237153064672,
              26.25329674426439
            ],
            [
              88.01173444993879,
              26.253496845398473
            ],
            [
              88.0111152151623,
              26.25361228132468
            ],
            [
              88.01052379043038,
              26.253433407675494
            ],
            [
              88.00936011101471,
              26.25301183971808
            ],
            [
              88.00840677212278,
              26.252244764720363
            ],
            [
              88.00732242382819,
              26.251609885222667
            ],
            [
              88.00587016691567,
              26.250659068893473
            ],
            [
              88.0055369108099,
              26.25041322409654
            ],
            [
              88.00520773575046,
              26.25017048626144
            ],
            [
              88.00506357591028,
              26.25000027798206
            ],
            [
              88.00506354536755,
              26.250000241726724
            ],
            [
              88.0045991585865,
              26.24945194590992
            ],
            [
              88.00421215537895,
              26.248843007827002
            ],
            [
              88.00385875275626,
              26.247917905784426
            ],
            [
              88.00372073290107,
              26.247005897787684
            ],
            [
              88.0039112053857,
              26.246198010652304
            ],
            [
              88.00408029616997,
              26.245488506702415
            ],
            [
              88.00393902710839,
              26.244618951938318
            ],
            [
              88.0035640128166,
              26.24346914474805
            ],
            [
              88.00317797889123,
              26.24214448635255
            ],
            [
              88.0028108823504,
              26.241461923147693
            ],
            [
              88.00253595744928,
              26.240872015010172
            ],
            [
              88.00251514258579,
              26.240541873960957
            ],
            [
              88.0024992208457,
              26.24028933299445
            ],
            [
              88.0028722067416,
              26.240036473210555
            ],
            [
              88.00354303086652,
              26.239709743733297
            ],
            [
              88.00393994338997,
              26.239494533655787
            ],
            [
              88.00399915314698,
              26.239062906902923
            ],
            [
              88.00403799629987,
              26.238651764017703
            ],
            [
              88.00322495718736,
              26.237068001057615
            ],
            [
              88.00281067843282,
              26.236422014922777
            ],
            [
              88.00281047541358,
              26.236421699061474
            ],
            [
              88.00205503088716,
              26.234813855613243
            ],
            [
              88.0016556722512,
              26.233920488177862
            ],
            [
              88.0012905529023,
              26.233320641832748
            ],
            [
              88.00109262260416,
              26.233148002783043
            ],
            [
              88.00051375811654,
              26.232868396083326
            ],
            [
              87.999999990046,
              26.232777246326314
            ],
            [
              87.99989895832263,
              26.232759320634138
            ],
            [
              87.99923219727772,
              26.232456299790318
            ],
            [
              87.99798132738054,
              26.23137190992923
            ],
            [
              87.99741418231416,
              26.230655453214965
            ],
            [
              87.99679533560983,
              26.22987383398409
            ],
            [
              87.99584386431543,
              26.228486912636335
            ],
            [
              87.99502681332685,
              26.227790437199275
            ],
            [
              87.99438947300582,
              26.227781996951883
            ],
            [
              87.99363422880373,
              26.228066857783826
            ],
            [
              87.99280113120925,
              26.228560787298733
            ],
            [
              87.99125560042418,
              26.229296183167673
            ],
            [
              87.98978008972223,
              26.229699902124104
            ],
            [
              87.98864668622657,
              26.229757924833905
            ],
            [
              87.9868434835837,
              26.230014304202538
            ],
            [
              87.98337841113997,
              26.2306207446164
            ],
            [
              87.9793497563482,
              26.23151361202189
            ],
            [
              87.97682363897204,
              26.232079815122418
            ],
            [
              87.97536271062211,
              26.231967181328756
            ],
            [
              87.9719107832259,
              26.231019566119944
            ],
            [
              87.96918415469177,
              26.230596924099125
            ],
            [
              87.96669189032711,
              26.23059924321741
            ],
            [
              87.9645447191687,
              26.23058400295119
            ],
            [
              87.9622711793043,
              26.23076238799464
            ],
            [
              87.96117488611137,
              26.23094324497913
            ],
            [
              87.95967606772106,
              26.231331922723285
            ],
            [
              87.95803546373789,
              26.231665352618514
            ],
            [
              87.95624106458482,
              26.231756844100968
            ],
            [
              87.95420074713114,
              26.231236397048917
            ],
            [
              87.95312268075529,
              26.230604518042853
            ],
            [
              87.95211409277847,
              26.23304159396211
            ],
            [
              87.95088930366894,
              26.234565344808527
            ],
            [
              87.9504624449072,
              26.236373189362716
            ],
            [
              87.95065295961263,
              26.237500074357666
            ],
            [
              87.95012575903364,
              26.23866351834434
            ],
            [
              87.95032989399546,
              26.24000620867235
            ],
            [
              87.95028458476915,
              26.241199274617227
            ],
            [
              87.94953484184985,
              26.242644628635247
            ],
            [
              87.94861240230878,
              26.24420702299203
            ],
            [
              87.94861099824202,
              26.246101427222225
            ],
            [
              87.9494664602938,
              26.24730268975762
            ],
            [
              87.9512498802375,
              26.24894375918746
            ],
            [
              87.95279960884989,
              26.24973080614002
            ],
            [
              87.9534107408225,
              26.25000027234233
            ],
            [
              87.9543545458943,
              26.250416416167493
            ],
            [
              87.9545192439168,
              26.251689611221227
            ],
            [
              87.95435591133352,
              26.252418832840245
            ],
            [
              87.95413463921105,
              26.253239264229016
            ],
            [
              87.95349056601698,
              26.254396866828262
            ],
            [
              87.95293835634045,
              26.255624959879633
            ],
            [
              87.95399787070906,
              26.256412280598532
            ],
            [
              87.95409167728259,
              26.2570058672812
            ],
            [
              87.95419874298972,
              26.25773438766745
            ],
            [
              87.95393465716083,
              26.25800552388196
            ],
            [
              87.95352785418609,
              26.258382967840316
            ],
            [
              87.95267502329975,
              26.25981965487496
            ],
            [
              87.95326684239208,
              26.260944959091848
            ],
            [
              87.95401423981016,
              26.26165706577296
            ],
            [
              87.95424342519198,
              26.262257018002327
            ],
            [
              87.95454360263405,
              26.263541262311577
            ],
            [
              87.95435425663678,
              26.26401384632865
            ],
            [
              87.95348793844477,
              26.264868977167062
            ],
            [
              87.952295544381,
              26.266343587115447
            ],
            [
              87.95216987815762,
              26.26675635831885
            ],
            [
              87.95259413809326,
              26.26842609216933
            ],
            [
              87.95258888294885,
              26.26928304164264
            ],
            [
              87.95247842969476,
              26.27034950017003
            ],
            [
              87.95266953100013,
              26.270819374059187
            ],
            [
              87.95332221634284,
              26.271542202937297
            ],
            [
              87.95346873605725,
              26.27203111292098
            ],
            [
              87.95327587495227,
              26.272566885083037
            ],
            [
              87.95310187218004,
              26.272836190361485
            ],
            [
              87.95270544025526,
              26.273231521671175
            ],
            [
              87.95214627222859,
              26.273733622818632
            ],
            [
              87.95091193492593,
              26.274266422859235
            ],
            [
              87.9502384032787,
              26.274585761303616
            ],
            [
              87.95005286074834,
              26.275008668622252
            ],
            [
              87.94997420965197,
              26.275501768701407
            ],
            [
              87.94999482868269,
              26.275961346847122
            ],
            [
              87.95014358430385,
              26.277410828961486
            ],
            [
              87.9493884478996,
              26.278101436275072
            ],
            [
              87.94879426533976,
              26.278387704151257
            ],
            [
              87.94754142364056,
              26.278993088214182
            ],
            [
              87.9466209909358,
              26.279461321002564
            ],
            [
              87.94656466297424,
              26.27984116396451
            ],
            [
              87.9467717111725,
              26.280135006978462
            ],
            [
              87.9472472711991,
              26.28056350331459
            ],
            [
              87.94756278827295,
              26.280995078145228
            ],
            [
              87.94747028784984,
              26.281326002295124
            ],
            [
              87.94718244427658,
              26.281656090244482
            ],
            [
              87.94679043116473,
              26.28180778226287
            ],
            [
              87.94612701095433,
              26.282135979252303
            ],
            [
              87.94594823992459,
              26.282414450088332
            ],
            [
              87.94596165985664,
              26.282995904298563
            ],
            [
              87.9458433993444,
              26.283295801090553
            ],
            [
              87.94545867785769,
              26.284200514354147
            ],
            [
              87.94531604156026,
              26.28474439903716
            ],
            [
              87.9442811203692,
              26.286112231148802
            ],
            [
              87.94373912004588,
              26.286708767641638
            ],
            [
              87.94362242080561,
              26.287076201170155
            ],
            [
              87.94390188399558,
              26.287684283939367
            ],
            [
              87.94424194034805,
              26.287880896361244
            ],
            [
              87.94472531212436,
              26.287998081278324
            ],
            [
              87.94492111970345,
              26.288237958950653
            ],
            [
              87.94550431856231,
              26.288984706945804
            ],
            [
              87.94544573762603,
              26.28926995732368
            ],
            [
              87.94517267583078,
              26.289369711954656
            ],
            [
              87.94477030065211,
              26.289508106392667
            ],
            [
              87.94451718594773,
              26.289391088913828
            ],
            [
              87.94403143812754,
              26.28939111307588
            ],
            [
              87.94332758115297,
              26.28948551410574
            ],
            [
              87.94275999681037,
              26.289843455276976
            ],
            [
              87.94205364970584,
              26.290267134928726
            ],
            [
              87.94197069567925,
              26.291229259906284
            ],
            [
              87.94170123073842,
              26.29170330973298
            ],
            [
              87.94096432204961,
              26.292321445168156
            ],
            [
              87.94038800159085,
              26.292517221799073
            ],
            [
              87.93966055216198,
              26.29245868036382
            ],
            [
              87.93930282594786,
              26.292149645236407
            ],
            [
              87.9387945771264,
              26.291608925005253
            ],
            [
              87.9382109758223,
              26.291056188257212
            ],
            [
              87.93750482994041,
              26.290834875847995
            ],
            [
              87.93708567782545,
              26.290901323012516
            ],
            [
              87.93668542267082,
              26.29113429008031
            ],
            [
              87.93674202012697,
              26.29163385732908
            ],
            [
              87.93753771636464,
              26.292263887809906
            ],
            [
              87.93858397968447,
              26.292898218801632
            ],
            [
              87.93964084312465,
              26.293992438815273
            ],
            [
              87.94010436213316,
              26.294331008280498
            ],
            [
              87.94088544817102,
              26.2943253731286
            ],
            [
              87.94142066262069,
              26.29429732461292
            ],
            [
              87.94270879822906,
              26.29412881270553
            ],
            [
              87.94328690004701,
              26.293793278897056
            ],
            [
              87.94389386742998,
              26.293403024653546
            ],
            [
              87.94468495531022,
              26.293397231603354
            ],
            [
              87.94538980671979,
              26.2935598943504
            ],
            [
              87.94590290464714,
              26.293658521798182
            ],
            [
              87.94779356636776,
              26.293564326313486
            ],
            [
              87.94862142768245,
              26.293629971374653
            ],
            [
              87.94859612303922,
              26.29404987209417
            ],
            [
              87.94822680226973,
              26.29432293286694
            ],
            [
              87.94732774767212,
              26.295719876822215
            ],
            [
              87.94676732559728,
              26.29595586234677
            ],
            [
              87.9453998274268,
              26.295940972126992
            ],
            [
              87.94488886928646,
              26.295937030716313
            ],
            [
              87.94418188527636,
              26.29611265932962
            ],
            [
              87.94356516937593,
              26.296300091738786
            ],
            [
              87.94297088800141,
              26.29658633403341
            ],
            [
              87.94256954229203,
              26.29677422875302
            ],
            [
              87.9417474203137,
              26.297384998848045
            ],
            [
              87.93978701429273,
              26.298152310294302
            ],
            [
              87.9389144303516,
              26.29853845260636
            ],
            [
              87.93818782623744,
              26.29873246230221
            ],
            [
              87.93742853063344,
              26.298818870824817
            ],
            [
              87.9367518135602,
              26.29879090070839
            ],
            [
              87.93575947341192,
              26.29897187161528
            ],
            [
              87.9354457799181,
              26.299049905290836
            ],
            [
              87.93536961266346,
              26.299222729851806
            ],
            [
              87.93542032705284,
              26.299469805710526
            ],
            [
              87.93554176760115,
              26.299738070063338
            ],
            [
              87.93647597866573,
              26.30007695615655
            ],
            [
              87.93826542630494,
              26.30101308130962
            ],
            [
              87.93913136720452,
              26.30142525403942
            ],
            [
              87.93971473943823,
              26.301748148887185
            ],
            [
              87.94089864532087,
              26.30205064022701
            ],
            [
              87.94101028704605,
              26.302549153000886
            ],
            [
              87.94145627633011,
              26.30277529664399
            ],
            [
              87.94242674339954,
              26.303591438179964
            ],
            [
              87.94344436932643,
              26.304068465389143
            ],
            [
              87.94444657477317,
              26.304527659772265
            ],
            [
              87.94495452176066,
              26.304833831299348
            ],
            [
              87.9458777239714,
              26.30512320121462
            ],
            [
              87.94660821329921,
              26.30552435183357
            ],
            [
              87.94775896595796,
              26.305908626288534
            ],
            [
              87.94836181636198,
              26.306203967925185
            ],
            [
              87.94857559024675,
              26.306565263827377
            ],
            [
              87.9486646932415,
              26.306951424016017
            ],
            [
              87.9488757721804,
              26.307416495154857
            ],
            [
              87.94943868977514,
              26.307717088166164
            ],
            [
              87.94996333015557,
              26.307883104108775
            ],
            [
              87.95089426506428,
              26.308068596914634
            ],
            [
              87.95263381667935,
              26.307923089917423
            ],
            [
              87.95273772840153,
              26.307655062736803
            ],
            [
              87.95318042176682,
              26.30665905174536
            ],
            [
              87.95370127035844,
              26.306229853788086
            ],
            [
              87.9549227949902,
              26.306206787225694
            ],
            [
              87.95599780709405,
              26.306344377221237
            ],
            [
              87.95656557559131,
              26.306423879601425
            ],
            [
              87.9570177686407,
              26.30648752672319
            ],
            [
              87.95781878380313,
              26.306472413987564
            ],
            [
              87.95804550241118,
              26.306531243080066
            ],
            [
              87.9582988210331,
              26.30665725677356
            ],
            [
              87.95830308174249,
              26.306837600970976
            ],
            [
              87.9582441603447,
              26.308182657110706
            ],
            [
              87.95825421608598,
              26.309688729648744
            ],
            [
              87.95837193042249,
              26.310872593715406
            ],
            [
              87.95798581564877,
              26.311714284253075
            ],
            [
              87.95809061670307,
              26.31234367172952
            ],
            [
              87.95728197574218,
              26.312462626803185
            ],
            [
              87.95542735892238,
              26.312619386158104
            ],
            [
              87.95311111135273,
              26.31273514898145
            ],
            [
              87.9513960406258,
              26.312429206886577
            ],
            [
              87.94963797563102,
              26.31199323967652
            ],
            [
              87.9478513927192,
              26.312274866221905
            ],
            [
              87.94694720155482,
              26.31237311216742
            ],
            [
              87.94633135342694,
              26.31238464161452
            ],
            [
              87.945782666943,
              26.312913613958028
            ],
            [
              87.94566865905536,
              26.31426421764938
            ],
            [
              87.9454081736741,
              26.315342405337997
            ],
            [
              87.94532252380334,
              26.316620353033933
            ],
            [
              87.94520373777668,
              26.316897695082176
            ],
            [
              87.94416215467947,
              26.316908211930077
            ],
            [
              87.94298283739134,
              26.316808638817097
            ],
            [
              87.94157291897649,
              26.3167042923255
            ],
            [
              87.94027480218698,
              26.31688194678306
            ],
            [
              87.9398815440101,
              26.3172050208024
            ],
            [
              87.93973794202373,
              26.317708306859696
            ],
            [
              87.93942638831687,
              26.318534909847777
            ],
            [
              87.93927671192253,
              26.319426242819276
            ],
            [
              87.93899780299316,
              26.320576926386224
            ],
            [
              87.93946528267374,
              26.321731766920053
            ],
            [
              87.94045814384488,
              26.32351257806482
            ],
            [
              87.94076554733509,
              26.324025451136862
            ],
            [
              87.94143159421937,
              26.325320899620777
            ],
            [
              87.94193679236211,
              26.326587673757555
            ],
            [
              87.94220936277888,
              26.327543208315106
            ],
            [
              87.94185892010506,
              26.328632119086254
            ],
            [
              87.94147666179884,
              26.328783657045815
            ],
            [
              87.94130943322219,
              26.329350504805294
            ],
            [
              87.94104510484816,
              26.330049969806915
            ],
            [
              87.9409437093071,
              26.330430701717074
            ],
            [
              87.9407176114349,
              26.3314812267414
            ],
            [
              87.9405219511795,
              26.331904336327106
            ],
            [
              87.94051832198576,
              26.332179501808252
            ],
            [
              87.9401202272794,
              26.332728144123962
            ],
            [
              87.9399858698556,
              26.33319972161936
            ],
            [
              87.93973995604658,
              26.333398305795484
            ],
            [
              87.93939049073981,
              26.33388284495717
            ],
            [
              87.93911229417442,
              26.33463219876832
            ],
            [
              87.93826528796438,
              26.3356988886926
            ],
            [
              87.93811015610133,
              26.336139278316846
            ],
            [
              87.93795497842423,
              26.336796151853918
            ],
            [
              87.9367009437623,
              26.337807330352845
            ],
            [
              87.93540655138794,
              26.338593747033965
            ],
            [
              87.93446949715553,
              26.339233586174913
            ],
            [
              87.93398014798935,
              26.339955329174792
            ],
            [
              87.9336515433601,
              26.340259156145923
            ],
            [
              87.93314651499892,
              26.340521185155527
            ],
            [
              87.93275891081844,
              26.340875631775212
            ],
            [
              87.9324841071899,
              26.341124307775168
            ],
            [
              87.93233330969811,
              26.341533054837875
            ],
            [
              87.93216808436453,
              26.342190060377995
            ],
            [
              87.93226897505237,
              26.34265723524957
            ],
            [
              87.93282063406164,
              26.343115982815146
            ],
            [
              87.9329614557622,
              26.3433568178773
            ],
            [
              87.93301674616963,
              26.343797749927273
            ],
            [
              87.93281670483056,
              26.344247963786152
            ],
            [
              87.93266819983937,
              26.344760411718482
            ],
            [
              87.9329092753223,
              26.34543685606492
            ],
            [
              87.93331482694383,
              26.345857790215202
            ],
            [
              87.93412823167066,
              26.346370210892317
            ],
            [
              87.93487501374277,
              26.34681618526093
            ],
            [
              87.93651929363207,
              26.347507014963035
            ],
            [
              87.93709319043617,
              26.347843479944938
            ],
            [
              87.93831884372497,
              26.34798294601957
            ],
            [
              87.93929892725951,
              26.34811784037139
            ],
            [
              87.93966309978414,
              26.348264410168948
            ],
            [
              87.94046396582623,
              26.34823135075697
            ],
            [
              87.94106438089753,
              26.348197516127914
            ],
            [
              87.94168398488159,
              26.348127237053312
            ],
            [
              87.94190746596134,
              26.34804190375457
            ],
            [
              87.94256201979985,
              26.347966436399417
            ],
            [
              87.94334801243579,
              26.348154652691637
            ],
            [
              87.94459709558384,
              26.34843778275398
            ],
            [
              87.94537340078774,
              26.34864426187698
            ],
            [
              87.94595410322844,
              26.3488407893716
            ],
            [
              87.94627663255142,
              26.3491368538776
            ],
            [
              87.94637486332776,
              26.349482280024866
            ],
            [
              87.9456662812148,
              26.349824803184045
            ],
            [
              87.94441557840427,
              26.350335373356025
            ],
            [
              87.94378117198094,
              26.350631463015908
            ],
            [
              87.94337097067951,
              26.350878197380386
            ],
            [
              87.94316455130193,
              26.351265369766796
            ],
            [
              87.9430962065768,
              26.351992718358947
            ],
            [
              87.94282366310951,
              26.35212412012139
            ],
            [
              87.94229182003713,
              26.352089071133374
            ],
            [
              87.94135681486185,
              26.351957798125724
            ],
            [
              87.94057346237454,
              26.351882281807384
            ],
            [
              87.93823869334038,
              26.352097474970606
            ],
            [
              87.93760384135268,
              26.35194245224914
            ],
            [
              87.93682250288823,
              26.35174061321254
            ],
            [
              87.93595978783881,
              26.351481736113364
            ],
            [
              87.9346200637803,
              26.351394012113037
            ],
            [
              87.93428310032733,
              26.351991200193147
            ],
            [
              87.9336742186345,
              26.352525735800548
            ],
            [
              87.93331908495826,
              26.352987874970232
            ],
            [
              87.9331431499099,
              26.353397064702936
            ],
            [
              87.93287549507434,
              26.354389695374458
            ],
            [
              87.93291728290473,
              26.35554799305929
            ],
            [
              87.93322021817474,
              26.356083481372814
            ],
            [
              87.93354178540203,
              26.356555564167536
            ],
            [
              87.93430392327562,
              26.357231334231955
            ],
            [
              87.93478710999896,
              26.35754247528338
            ],
            [
              87.93513930708251,
              26.357603533834425
            ],
            [
              87.93575950215804,
              26.357772297904845
            ],
            [
              87.93641833916382,
              26.357877194972854
            ],
            [
              87.93735088026025,
              26.357904804701793
            ],
            [
              87.93804640356392,
              26.358081157152238
            ],
            [
              87.93875348459207,
              26.358104001685977
            ],
            [
              87.93959809319858,
              26.358228001681596
            ],
            [
              87.94018706013992,
              26.358564149729958
            ],
            [
              87.94105673713275,
              26.359116141766673
            ],
            [
              87.9419097261226,
              26.359600717309686
            ],
            [
              87.94238416864496,
              26.359966077205836
            ],
            [
              87.94325027213964,
              26.360369282711254
            ],
            [
              87.94402426058842,
              26.36046746369454
            ],
            [
              87.94487253342301,
              26.360749141348236
            ],
            [
              87.94580752781847,
              26.360875881620487
            ],
            [
              87.94671822727712,
              26.361039135378544
            ],
            [
              87.94718430199262,
              26.361043893159984
            ],
            [
              87.94762743104079,
              26.361139357025248
            ],
            [
              87.94783354409286,
              26.361383487655385
            ],
            [
              87.94816175885326,
              26.361923004820525
            ],
            [
              87.94868371237267,
              26.362174741664507
            ],
            [
              87.94941757667098,
              26.362273648739155
            ],
            [
              87.95020099922691,
              26.362349119636935
            ],
            [
              87.95133554987119,
              26.36244052495779
            ],
            [
              87.95195337698762,
              26.36250552972634
            ],
            [
              87.95238258664047,
              26.3626462748011
            ],
            [
              87.95333919719663,
              26.362628166344074
            ],
            [
              87.95384848357224,
              26.36276740773325
            ],
            [
              87.95453997074534,
              26.36319639288746
            ],
            [
              87.95481124040158,
              26.36365570531678
            ],
            [
              87.95486353672416,
              26.36417793510611
            ],
            [
              87.95494543163706,
              26.364469465903777
            ],
            [
              87.9550055433026,
              26.36532974404746
            ],
            [
              87.9549009659288,
              26.366432109102373
            ],
            [
              87.95447973960385,
              26.366634015054746
            ],
            [
              87.95309149304526,
              26.367057037132266
            ],
            [
              87.95161869795044,
              26.367071291221176
            ],
            [
              87.95012134830563,
              26.367113032914066
            ],
            [
              87.94915962274221,
              26.366914718288225
            ],
            [
              87.94836484278618,
              26.366780863208636
            ],
            [
              87.9473312852377,
              26.366723631800575
            ],
            [
              87.94626066499725,
              26.366797890084303
            ],
            [
              87.94546164409476,
              26.36713311660126
            ],
            [
              87.94516844386749,
              26.36745431990521
            ],
            [
              87.94488945768296,
              26.368172104812178
            ],
            [
              87.94390100005333,
              26.368330508690416
            ],
            [
              87.94281456317569,
              26.368589966998705
            ],
            [
              87.94217608019758,
              26.368714724378936
            ],
            [
              87.94204227793266,
              26.3696462051938
            ],
            [
              87.9416840217125,
              26.370401634050275
            ],
            [
              87.94119748966305,
              26.371249617697412
            ],
            [
              87.94073322864612,
              26.371754436129475
            ],
            [
              87.94027470876217,
              26.37208319839434
            ],
            [
              87.9397255273065,
              26.37238662869706
            ],
            [
              87.9390121823259,
              26.372526321909167
            ],
            [
              87.93853008885225,
              26.37226479035607
            ],
            [
              87.93793896775088,
              26.371842892367628
            ],
            [
              87.93739230427295,
              26.37160508805591
            ],
            [
              87.93646387027398,
              26.37132937490041
            ],
            [
              87.9359342119044,
              26.37117692364867
            ],
            [
              87.9351069686306,
              26.370944425847004
            ],
            [
              87.93447669805083,
              26.370775800925493
            ],
            [
              87.9337218967182,
              26.370857606759603
            ],
            [
              87.93282340536429,
              26.37144266531786
            ],
            [
              87.93197735586001,
              26.37213052940179
            ],
            [
              87.93132848206903,
              26.372674809242312
            ],
            [
              87.93061824885261,
              26.373382668916395
            ],
            [
              87.93000288401834,
              26.374296105275192
            ],
            [
              87.9296136592771,
              26.375020462387038
            ],
            [
              87.92946240184789,
              26.3754111602514
            ],
            [
              87.9291614608378,
              26.37605264111259
            ],
            [
              87.92880807797809,
              26.376591494259046
            ],
            [
              87.92830641470597,
              26.377439643338292
            ],
            [
              87.92834064590821,
              26.378052416739735
            ],
            [
              87.92826686727392,
              26.378766379913984
            ],
            [
              87.92816853408964,
              26.3792823398213
            ],
            [
              87.92802526627656,
              26.38002009327449
            ],
            [
              87.92815912333872,
              26.38082936312789
            ],
            [
              87.92888825621046,
              26.380933031320065
            ],
            [
              87.92946499708074,
              26.38073731083287
            ],
            [
              87.92988301821674,
              26.380391295623973
            ],
            [
              87.93027855272453,
              26.380158342353212
            ],
            [
              87.93054728194514,
              26.37986015623401
            ],
            [
              87.9312932276857,
              26.37939073101787
            ],
            [
              87.93181605885918,
              26.379245638008754
            ],
            [
              87.93233731618425,
              26.379032919368996
            ],
            [
              87.93286780639383,
              26.379000462680725
            ],
            [
              87.934120069578,
              26.378977049274816
            ],
            [
              87.93577561434097,
              26.37883319671547
            ],
            [
              87.93713781424789,
              26.379010610929633
            ],
            [
              87.93791475006914,
              26.37901858627768
            ],
            [
              87.9384125487889,
              26.378874006250044
            ],
            [
              87.93911261487298,
              26.37859027711743
            ],
            [
              87.93960725331956,
              26.378310349886373
            ],
            [
              87.9399473186552,
              26.377848513137902
            ],
            [
              87.94049553981185,
              26.377499996042406
            ],
            [
              87.9410193357759,
              26.377399960806542
            ],
            [
              87.94201805575935,
              26.377245849233802
            ],
            [
              87.94350025711351,
              26.377195473384905
            ],
            [
              87.94450370762522,
              26.37724422194816
            ],
            [
              87.94506809037215,
              26.377594407335348
            ],
            [
              87.94555295874169,
              26.37797313497637
            ],
            [
              87.94576067528654,
              26.378284891387295
            ],
            [
              87.94646716522318,
              26.378497130145092
            ],
            [
              87.94814992265106,
              26.379529760675993
            ],
            [
              87.94848898277189,
              26.37988420764495
            ],
            [
              87.94868015594247,
              26.38056158606213
            ],
            [
              87.94877093878677,
              26.381236332958405
            ],
            [
              87.94881019336808,
              26.381844428281845
            ],
            [
              87.94877167091374,
              26.38234575527042
            ],
            [
              87.9472889260788,
              26.38237373014637
            ],
            [
              87.94681773186451,
              26.382585518778036
            ],
            [
              87.94619686664579,
              26.382822696926894
            ],
            [
              87.94503244881494,
              26.383182848313176
            ],
            [
              87.94456880673725,
              26.38371923384857
            ],
            [
              87.94421742622227,
              26.38391073886435
            ],
            [
              87.94436790301552,
              26.384345340683808
            ],
            [
              87.94491098401211,
              26.38442532383098
            ],
            [
              87.94561211998966,
              26.38440312587769
            ],
            [
              87.94602441975562,
              26.38489147503664
            ],
            [
              87.94613457566734,
              26.385322323910774
            ],
            [
              87.94643649494276,
              26.38580366480907
            ],
            [
              87.94649016568773,
              26.38638900981044
            ],
            [
              87.94607408581108,
              26.386816217357584
            ],
            [
              87.94573730561441,
              26.386989479014833
            ],
            [
              87.94521238855287,
              26.387044447163998
            ],
            [
              87.94510087888003,
              26.38720883321443
            ],
            [
              87.94507926541426,
              26.38735354202625
            ],
            [
              87.94463575907368,
              26.387465625746717
            ],
            [
              87.94484145171417,
              26.38812025066626
            ],
            [
              87.9447274896406,
              26.388609471703788
            ],
            [
              87.94440315200896,
              26.38866962383199
            ],
            [
              87.94388019507136,
              26.388814761332938
            ],
            [
              87.94361626644763,
              26.38888740726709
            ],
            [
              87.94334439222519,
              26.38905036394705
            ],
            [
              87.94307916823082,
              26.3894973437081
            ],
            [
              87.94291643392553,
              26.389613114110844
            ],
            [
              87.94254788660548,
              26.38949827716563
            ],
            [
              87.94248357531596,
              26.389319062838688
            ],
            [
              87.941950981252,
              26.389261475648144
            ],
            [
              87.94138827206648,
              26.389199888231254
            ],
            [
              87.94074619403062,
              26.389175863706036
            ],
            [
              87.93985262005458,
              26.389115975785597
            ],
            [
              87.93941751386019,
              26.389372149281943
            ],
            [
              87.93916803912937,
              26.38985037761107
            ],
            [
              87.93908785999871,
              26.390284909601757
            ],
            [
              87.93889109930706,
              26.390874869347574
            ],
            [
              87.93886834677754,
              26.39119096927064
            ],
            [
              87.93873312876771,
              26.391847439948595
            ],
            [
              87.93893894268078,
              26.39315599426145
            ],
            [
              87.93991781259139,
              26.393656197905624
            ],
            [
              87.94016700884444,
              26.394025817893063
            ],
            [
              87.94051316116445,
              26.39447037725812
            ],
            [
              87.94066386972302,
              26.39491850924208
            ],
            [
              87.94055146532818,
              26.395475348718474
            ],
            [
              87.94055825838834,
              26.395768299629175
            ],
            [
              87.94005871693693,
              26.396490257784038
            ],
            [
              87.93989924441443,
              26.397174305113708
            ],
            [
              87.93980441106652,
              26.397843553353894
            ],
            [
              87.93987231112558,
              26.39904184213453
            ],
            [
              87.93980836634873,
              26.399742127938758
            ],
            [
              87.93964671361502,
              26.40033591686578
            ],
            [
              87.93876592625872,
              26.400826035600392
            ],
            [
              87.93826969420084,
              26.401042747679092
            ],
            [
              87.93746829725441,
              26.40128333974803
            ],
            [
              87.93591054129664,
              26.40176351177948
            ],
            [
              87.934882069111,
              26.40194063731121
            ],
            [
              87.93429897086345,
              26.402086858040303
            ],
            [
              87.93404659277765,
              26.402226879822315
            ],
            [
              87.9337854336599,
              26.402854175288194
            ],
            [
              87.93376212327662,
              26.403364199794986
            ],
            [
              87.93337304675738,
              26.40388118589996
            ],
            [
              87.93208951501484,
              26.404946972980497
            ],
            [
              87.93145824820341,
              26.405829226392395
            ],
            [
              87.93057566241994,
              26.406896574073798
            ],
            [
              87.9293970763604,
              26.40817237090872
            ],
            [
              87.92881918295164,
              26.40876045228372
            ],
            [
              87.92851194744634,
              26.408915035916344
            ],
            [
              87.92799550329455,
              26.409344140142437
            ],
            [
              87.9275372996176,
              26.410123821095905
            ],
            [
              87.927904750993,
              26.410838597289487
            ],
            [
              87.92785127158918,
              26.411777648693377
            ],
            [
              87.92792626474574,
              26.412204661715162
            ],
            [
              87.92874697277583,
              26.412577178999527
            ],
            [
              87.9298064970259,
              26.413089471973514
            ],
            [
              87.9303637022337,
              26.41333616387725
            ],
            [
              87.93131965791801,
              26.413489574799414
            ],
            [
              87.93290567038304,
              26.4135726867117
            ],
            [
              87.93437386520533,
              26.413545145800448
            ],
            [
              87.9350794972509,
              26.413495785828776
            ],
            [
              87.93557511216618,
              26.413252038075232
            ],
            [
              87.93598493168365,
              26.412982707818077
            ],
            [
              87.93625430858957,
              26.412707058051854
            ],
            [
              87.93643253613855,
              26.412397072864422
            ],
            [
              87.93701937317432,
              26.412625104058602
            ],
            [
              87.9383120497665,
              26.4130292416578
            ],
            [
              87.9392855432601,
              26.413286079731122
            ],
            [
              87.93959704037309,
              26.413472109897974
            ],
            [
              87.93975461385709,
              26.413566215016502
            ],
            [
              87.93980823968629,
              26.41359456689579
            ],
            [
              87.94977031633698,
              26.40779110893409
            ],
            [
              87.95101026182195,
              26.407068678374912
            ],
            [
              87.95251910541083,
              26.406189553828877
            ],
            [
              87.9539025657456,
              26.40538345963133
            ],
            [
              87.95459767762088,
              26.404978434331024
            ],
            [
              87.95522909534924,
              26.404546643402313
            ],
            [
              87.95705443517566,
              26.403298409384874
            ],
            [
              87.96068347082,
              26.40081659412077
            ],
            [
              87.96131946905804,
              26.400381617382678
            ],
            [
              87.96469611763341,
              26.398072182192927
            ],
            [
              87.9659800500246,
              26.397194018263306
            ],
            [
              87.96640768493076,
              26.39712556415788
            ],
            [
              87.97210010137539,
              26.39608626664272
            ],
            [
              87.97347071131004,
              26.39583599333053
            ],
            [
              87.97523516871638,
              26.3955137786173
            ],
            [
              87.97669523019206,
              26.395247134771264
            ],
            [
              87.97707897790501,
              26.39517705006438
            ],
            [
              87.97805163596541,
              26.3950101672127
            ],
            [
              87.9797889247243,
              26.394712095077786
            ],
            [
              87.9843584587419,
              26.39392800499522
            ],
            [
              87.98658283201414,
              26.39350377772741
            ],
            [
              87.99184580973552,
              26.39257588181549
            ],
            [
              87.99191961442095,
              26.392562878937117
            ],
            [
              87.99193879255395,
              26.391592502314946
            ],
            [
              87.99198530821765,
              26.385646970797623
            ],
            [
              87.99198771660095,
              26.385339162160854
            ],
            [
              87.99199492288615,
              26.38441791217433
            ],
            [
              87.9920007969698,
              26.383667058997588
            ],
            [
              87.9920096768164,
              26.38253201637675
            ],
            [
              87.99201461844875,
              26.38190040724108
            ],
            [
              87.99202425018522,
              26.38066908437741
            ],
            [
              87.99204598312691,
              26.377890676669754
            ],
            [
              87.99204606756854,
              26.37787983540197
            ],
            [
              87.99205772141272,
              26.37639011674826
            ],
            [
              87.99205804031466,
              26.37634942705577
            ],
            [
              87.99206898538804,
              26.374950115915443
            ],
            [
              87.99207303858661,
              26.374431693259073
            ],
            [
              87.99207366920395,
              26.37435124525558
            ],
            [
              87.99207466363897,
              26.37422414391142
            ],
            [
              87.99208046406076,
              26.373482516084067
            ],
            [
              87.99208658428279,
              26.372699991313972
            ],
            [
              87.99205927819311,
              26.371374087296495
            ],
            [
              87.9924150793176,
              26.37072640093588
            ],
            [
              87.99249642805478,
              26.37057831432235
            ],
            [
              87.99253357518838,
              26.37051069434897
            ],
            [
              87.99261047187501,
              26.37037071137326
            ],
            [
              87.99263855410912,
              26.370333820812363
            ],
            [
              87.99275412416706,
              26.370182000046213
            ],
            [
              87.99295208410958,
              26.370000207625804
            ],
            [
              87.99294433703857,
              26.36999067026443
            ],
            [
              87.99280037572609,
              26.369813578624644
            ],
            [
              87.99266887674153,
              26.369651810925532
            ],
            [
              87.99265873116872,
              26.369565914022736
            ],
            [
              87.99263774921862,
              26.36938825914557
            ],
            [
              87.9928788992617,
              26.369310581933178
            ],
            [
              87.99314257186558,
              26.369377237599636
            ],
            [
              87.99354995784695,
              26.369513393135907
            ],
            [
              87.99359053205339,
              26.369484331020985
            ],
            [
              87.99400012968697,
              26.36919106233062
            ],
            [
              87.9941395230662,
              26.368927445112146
            ],
            [
              87.99426426492319,
              26.368691535051607
            ],
            [
              87.99433334536855,
              26.368560890969103
            ],
            [
              87.99422094456692,
              26.36826769076264
            ],
            [
              87.99421280313553,
              26.368246457942828
            ],
            [
              87.99371133479782,
              26.368187298832133
            ],
            [
              87.993491956324,
              26.368018880759795
            ],
            [
              87.99356462194562,
              26.367723934249646
            ],
            [
              87.99379855312708,
              26.367605303983364
            ],
            [
              87.99431523982402,
              26.367499626175913
            ],
            [
              87.99451611120638,
              26.367458541386995
            ],
            [
              87.99460820469265,
              26.36745266994563
            ],
            [
              87.99507717108503,
              26.367422771869403
            ],
            [
              87.9952626309704,
              26.367189180759336
            ],
            [
              87.9953437865698,
              26.367086980375323
            ],
            [
              87.99560891534274,
              26.366753057602956
            ],
            [
              87.99574087606136,
              26.36646574120461
            ],
            [
              87.99555550241426,
              26.366332313793873
            ],
            [
              87.99545306662412,
              26.366258579179235
            ],
            [
              87.99544495304046,
              26.366252746310515
            ],
            [
              87.99535249483817,
              26.366007743022248
            ],
            [
              87.9954449728034,
              26.365979423724443
            ],
            [
              87.99594974783965,
              26.365824833316218
            ],
            [
              87.99602650259249,
              26.365801338363443
            ],
            [
              87.99629140768491,
              26.365638229767967
            ],
            [
              87.99637983155328,
              26.36558378103932
            ],
            [
              87.99640788144805,
              26.365566514133107
            ],
            [
              87.99658383086947,
              26.365458166310315
            ],
            [
              87.99658419019556,
              26.36545795623868
            ],
            [
              87.99663790316136,
              26.365424883229604
            ],
            [
              87.99664210637857,
              26.36542446711055
            ],
            [
              87.9966848077956,
              26.365420359041476
            ],
            [
              87.99668749106335,
              26.365420103896895
            ],
            [
              87.99690119667619,
              26.36539952169594
            ],
            [
              87.99704428213127,
              26.365385740666014
            ],
            [
              87.99711215524088,
              26.365379202684704
            ],
            [
              87.99776491694038,
              26.36506489783202
            ],
            [
              87.99800846728192,
              26.364947641979253
            ],
            [
              87.9984409692603,
              26.36508417539049
            ],
            [
              87.99872245725288,
              26.36528727169042
            ],
            [
              87.99908053201334,
              26.36554562771676
            ],
            [
              87.99952254984554,
              26.36569099307196
            ],
            [
              87.99960374856407,
              26.366044569769613
            ],
            [
              87.99953945164759,
              26.36607950667542
            ],
            [
              87.99945753607346,
              26.36604346388078
            ],
            [
              87.99932506331515,
              26.36622396990834
            ],
            [
              88.00001161783905,
              26.36656138490669
            ],
            [
              88.00043101070247,
              26.366549724833575
            ],
            [
              88.00070181592972,
              26.366233365119115
            ],
            [
              88.00074551986658,
              26.366155519178946
            ],
            [
              88.00086180228854,
              26.365948390402117
            ],
            [
              88.00121009439555,
              26.365883398837653
            ],
            [
              88.0017411352724,
              26.366176437679815
            ],
            [
              88.00219496325563,
              26.366486975961262
            ],
            [
              88.00276934155671,
              26.366262835313965
            ],
            [
              88.00295876840237,
              26.365968137856534
            ],
            [
              88.0029698796641,
              26.365760099240703
            ],
            [
              88.00206499320369,
              26.365668706202985
            ],
            [
              88.00171170376876,
              26.36557231967084
            ],
            [
              88.00171698765925,
              26.365200681767067
            ],
            [
              88.00213416168391,
              26.365097640945475
            ],
            [
              88.0027635285585,
              26.36505987380246
            ],
            [
              88.00355257905967,
              26.36471962366763
            ],
            [
              88.00393922383941,
              26.364720472813218
            ],
            [
              88.00438692621071,
              26.364381328389058
            ],
            [
              88.00427805578818,
              26.364159122617878
            ],
            [
              88.00487107143647,
              26.363700844050577
            ],
            [
              88.00513159814024,
              26.363579468216262
            ],
            [
              88.00544795424055,
              26.363236444105667
            ],
            [
              88.00552406220638,
              26.362857309188257
            ],
            [
              88.00553961923048,
              26.362638436764534
            ],
            [
              88.00558961856089,
              26.36222152618145
            ],
            [
              88.00557906964451,
              26.36193238267312
            ],
            [
              88.00563820933293,
              26.361678472075447
            ],
            [
              88.00564906726974,
              26.361631852343027
            ],
            [
              88.00614622728733,
              26.361752961386163
            ],
            [
              88.00655423310621,
              26.361722967662676
            ],
            [
              88.00655974516881,
              26.3617118858234
            ],
            [
              88.00674171599759,
              26.361346055747553
            ],
            [
              88.00657951978316,
              26.36099635960647
            ],
            [
              88.00852508743223,
              26.36114886372575
            ],
            [
              88.00957432327735,
              26.361343307816018
            ],
            [
              88.01231387587347,
              26.3618023136974
            ],
            [
              88.01554621099677,
              26.362357678073092
            ],
            [
              88.01623267029922,
              26.362473652748484
            ],
            [
              88.01686317533925,
              26.362580172238633
            ],
            [
              88.01829897960732,
              26.362822730289782
            ],
            [
              88.01967466592166,
              26.36305555994467
            ],
            [
              88.02206420074708,
              26.363459949126778
            ],
            [
              88.02277180818794,
              26.3635803246142
            ],
            [
              88.02475740925766,
              26.363918086989635
            ],
            [
              88.02931834729631,
              26.364717760376525
            ],
            [
              88.03008905779264,
              26.3648963576983
            ],
            [
              88.03050431032091,
              26.364922206292306
            ],
            [
              88.0306084277573,
              26.36560603009571
            ],
            [
              88.0308164479327,
              26.36611488302844
            ],
            [
              88.03111726407694,
              26.366605414207893
            ],
            [
              88.0307809069868,
              26.367072316614095
            ],
            [
              88.02982574900645,
              26.366942035303822
            ],
            [
              88.02934468859536,
              26.36739977061982
            ],
            [
              88.0291168695511,
              26.367685132918968
            ],
            [
              88.02899389018873,
              26.36783917514711
            ],
            [
              88.02815084824405,
              26.36871482498512
            ],
            [
              88.02789631599816,
              26.368979197635696
            ],
            [
              88.02775818744682,
              26.369122667283083
            ],
            [
              88.02757431308795,
              26.36958790717724
            ],
            [
              88.02757374894595,
              26.370121197638657
            ],
            [
              88.02750596297294,
              26.371026125323734
            ],
            [
              88.02765677393946,
              26.37128332888099
            ],
            [
              88.0280320047252,
              26.371398323975345
            ],
            [
              88.02856360525246,
              26.371418885792156
            ],
            [
              88.02895049257735,
              26.371666870769307
            ],
            [
              88.02899521520379,
              26.37169553635962
            ],
            [
              88.02898826583674,
              26.37203828667567
            ],
            [
              88.02873500740195,
              26.372148818260772
            ],
            [
              88.0285644254143,
              26.372223266216896
            ],
            [
              88.02818335737585,
              26.372506294691956
            ],
            [
              88.0280828089461,
              26.37278932569308
            ],
            [
              88.02814335090467,
              26.37306708282554
            ],
            [
              88.02853095688178,
              26.37341833276811
            ],
            [
              88.0289629611935,
              26.373809812695157
            ],
            [
              88.02919210165953,
              26.3737670408441
            ],
            [
              88.02952345423522,
              26.373504288778403
            ],
            [
              88.02991367969969,
              26.373745941828993
            ],
            [
              88.03007448891535,
              26.374047864376195
            ],
            [
              88.03001921108435,
              26.37442894322421
            ],
            [
              88.02973235386132,
              26.374797984119958
            ],
            [
              88.02944426864124,
              26.3751685996445
            ],
            [
              88.02916401583218,
              26.37575521700505
            ],
            [
              88.02915512071425,
              26.376229344131865
            ],
            [
              88.02948313335371,
              26.37635628392065
            ],
            [
              88.02991641057818,
              26.376544053212303
            ],
            [
              88.03020748988307,
              26.376302686082774
            ],
            [
              88.03049051938467,
              26.375806062680393
            ],
            [
              88.03073351726229,
              26.375889105149675
            ],
            [
              88.03082405666315,
              26.376249910722642
            ],
            [
              88.03078102556441,
              26.37666461063773
            ],
            [
              88.03106153798662,
              26.377173740016044
            ],
            [
              88.03111673137599,
              26.37740255625119
            ],
            [
              88.03118012638389,
              26.377665370273586
            ],
            [
              88.0316047654086,
              26.378049501810224
            ],
            [
              88.03141119643118,
              26.378469753087874
            ],
            [
              88.03111678527492,
              26.378614183127446
            ],
            [
              88.0306104606448,
              26.37844668965447
            ],
            [
              88.03014912633905,
              26.378528621237336
            ],
            [
              88.02981663829281,
              26.37874303325738
            ],
            [
              88.0291633888081,
              26.37847721180348
            ],
            [
              88.02878956927567,
              26.37864803782771
            ],
            [
              88.02839517023838,
              26.378841350736707
            ],
            [
              88.02805295433596,
              26.379384902835845
            ],
            [
              88.02793909377202,
              26.3800734688807
            ],
            [
              88.02768439443952,
              26.38059758972381
            ],
            [
              88.02760800709763,
              26.380991169098117
            ],
            [
              88.027276352688,
              26.381141975341762
            ],
            [
              88.02724329288891,
              26.381612492743425
            ],
            [
              88.02781879408408,
              26.382281625163458
            ],
            [
              88.02797682570888,
              26.38249355399112
            ],
            [
              88.02849370374695,
              26.382733264883058
            ],
            [
              88.02864529534948,
              26.382777361254913
            ],
            [
              88.03015904733306,
              26.383217693124745
            ],
            [
              88.03062705073145,
              26.382894669030044
            ],
            [
              88.03066983299686,
              26.382340547703315
            ],
            [
              88.03096865937276,
              26.382324153240738
            ],
            [
              88.03126639339725,
              26.382793564927074
            ],
            [
              88.03128603326432,
              26.383325643650725
            ],
            [
              88.03130001105012,
              26.383704337212365
            ],
            [
              88.03151080522312,
              26.38453760674965
            ],
            [
              88.03188489425017,
              26.38488701759908
            ],
            [
              88.03224487613396,
              26.384878423008715
            ],
            [
              88.03225542505035,
              26.38518506600793
            ],
            [
              88.03178409069889,
              26.385415874988812
            ],
            [
              88.03165298697306,
              26.38585139417024
            ],
            [
              88.03194877165338,
              26.38662133731518
            ],
            [
              88.0320548312474,
              26.387340157927337
            ],
            [
              88.03205596042972,
              26.387909013757298
            ],
            [
              88.03252003459707,
              26.388389527091515
            ],
            [
              88.03332289939067,
              26.38800339562022
            ],
            [
              88.03358380338686,
              26.38787791470494
            ],
            [
              88.03463561290525,
              26.388257343333294
            ],
            [
              88.03452008237318,
              26.389177835238197
            ],
            [
              88.03451868189967,
              26.389801673798353
            ],
            [
              88.03462143928668,
              26.390317469339394
            ],
            [
              88.03485418199705,
              26.39069244239488
            ],
            [
              88.03482612132251,
              26.391259063173955
            ],
            [
              88.0344664340861,
              26.391785683316915
            ],
            [
              88.03449892794657,
              26.39191039633697
            ],
            [
              88.03485249585925,
              26.391903734325236
            ],
            [
              88.03507386499976,
              26.391457661109737
            ],
            [
              88.03536716673666,
              26.391163801223584
            ],
            [
              88.03605820205716,
              26.390692180063837
            ],
            [
              88.0362131919864,
              26.39014555893883
            ],
            [
              88.03666147107612,
              26.39011723268184
            ],
            [
              88.03689866134542,
              26.3903272198774
            ],
            [
              88.03693320965291,
              26.390433255013868
            ],
            [
              88.03697114281243,
              26.390847181392928
            ],
            [
              88.03688503480089,
              26.391342417215466
            ],
            [
              88.0374046904298,
              26.391535186634254
            ],
            [
              88.03779325131605,
              26.39175795293215
            ],
            [
              88.03814015013604,
              26.3919209997096
            ],
            [
              88.03809234538991,
              26.392264850374325
            ],
            [
              88.03783795597617,
              26.39242456665213
            ],
            [
              88.03775712377028,
              26.392950912715914
            ],
            [
              88.03784823360132,
              26.393453440351678
            ],
            [
              88.03790709121876,
              26.393778071621455
            ],
            [
              88.0386353320634,
              26.393972510694795
            ],
            [
              88.03916137740893,
              26.394083896776557
            ],
            [
              88.03972991576235,
              26.39428361076073
            ],
            [
              88.03974327640557,
              26.39428357776921
            ],
            [
              88.04039872316946,
              26.394281953942297
            ],
            [
              88.041027528597,
              26.39466054317899
            ],
            [
              88.04151747244791,
              26.39450833997827
            ],
            [
              88.04157329375967,
              26.39476054334877
            ],
            [
              88.04143108775523,
              26.394814426325276
            ],
            [
              88.04056063641461,
              26.394968013149086
            ],
            [
              88.04084893184044,
              26.395137447655923
            ],
            [
              88.0410597358949,
              26.395298825615008
            ],
            [
              88.0413941400476,
              26.395300220098306
            ],
            [
              88.0423220521254,
              26.395516873350513
            ],
            [
              88.04252619427369,
              26.395544371894267
            ],
            [
              88.0426014838743,
              26.39577297712385
            ],
            [
              88.0431872474233,
              26.39577659487978
            ],
            [
              88.04350998066384,
              26.396001860312875
            ],
            [
              88.0437446754133,
              26.39602491702202
            ],
            [
              88.04423933362281,
              26.39611713898454
            ],
            [
              88.04500674370878,
              26.39596688337129
            ],
            [
              88.04537891393437,
              26.39630852768589
            ],
            [
              88.04528197673206,
              26.396591280695105
            ],
            [
              88.04427765665115,
              26.39650627365656
            ],
            [
              88.0439904706447,
              26.39644016471666
            ],
            [
              88.04388186792012,
              26.396760694312437
            ],
            [
              88.04423209859152,
              26.39699373640138
            ],
            [
              88.04456844041029,
              26.39733676811246
            ],
            [
              88.04474758244426,
              26.397490925295273
            ],
            [
              88.04497866416962,
              26.39759036539197
            ],
            [
              88.04650708923505,
              26.397513725024005
            ],
            [
              88.04660008462992,
              26.39775290102804
            ],
            [
              88.04667372941522,
              26.397942305174528
            ],
            [
              88.04635959395027,
              26.398403652812128
            ],
            [
              88.04616516528512,
              26.398816671948772
            ],
            [
              88.04589908429794,
              26.398978322364826
            ],
            [
              88.0455530173179,
              26.398862493763126
            ],
            [
              88.04526971472843,
              26.399041364179414
            ],
            [
              88.04527736567971,
              26.39925051119562
            ],
            [
              88.0452938686298,
              26.399701591307487
            ],
            [
              88.04543245801686,
              26.39993129628253
            ],
            [
              88.04552327589546,
              26.400217942068863
            ],
            [
              88.04610097975973,
              26.40039904564343
            ],
            [
              88.04641038828967,
              26.400345166078335
            ],
            [
              88.04682629838476,
              26.400505860064875
            ],
            [
              88.04708113426119,
              26.400604320746616
            ],
            [
              88.04731165813277,
              26.400849858958786
            ],
            [
              88.04758023284316,
              26.40106068033934
            ],
            [
              88.04785270264861,
              26.400834867977522
            ],
            [
              88.04818239423933,
              26.400283249848005
            ],
            [
              88.0484268105568,
              26.400111322906238
            ],
            [
              88.04873177512104,
              26.400089939841063
            ],
            [
              88.04897285599381,
              26.400164937052487
            ],
            [
              88.04912949972149,
              26.400344368690828
            ],
            [
              88.04908977442301,
              26.40083516327516
            ],
            [
              88.0497766352724,
              26.40078628707873
            ],
            [
              88.04999605417042,
              26.400779902370598
            ],
            [
              88.05022769195295,
              26.40080018136108
            ],
            [
              88.05063319955705,
              26.400643254243708
            ],
            [
              88.05140477423268,
              26.400587158043958
            ],
            [
              88.05145671661904,
              26.400266072614226
            ],
            [
              88.05145616774838,
              26.39987999293203
            ],
            [
              88.05136673956355,
              26.399556407144516
            ],
            [
              88.05184946634947,
              26.399166444322525
            ],
            [
              88.05206610136844,
              26.399442258397123
            ],
            [
              88.05227745968345,
              26.399661411114817
            ],
            [
              88.05251076204418,
              26.399821401195
            ],
            [
              88.0525696430178,
              26.399830289973295
            ],
            [
              88.05283543474744,
              26.400434966680574
            ],
            [
              88.05238576506565,
              26.400634945664205
            ],
            [
              88.05218911756175,
              26.400816317329493
            ],
            [
              88.052186616652,
              26.400942974223366
            ],
            [
              88.05233437244824,
              26.401185178965417
            ],
            [
              88.05266599541685,
              26.401395999733463
            ],
            [
              88.05302706156719,
              26.401424059307217
            ],
            [
              88.0534314579553,
              26.401316573071224
            ],
            [
              88.05385974414006,
              26.401049655378458
            ],
            [
              88.05467964907626,
              26.400773853995812
            ],
            [
              88.05547927634159,
              26.400596656670867
            ],
            [
              88.05560787197113,
              26.400528886907768
            ],
            [
              88.05569376259038,
              26.400610586379642
            ],
            [
              88.05595115417383,
              26.40108301429029
            ],
            [
              88.0558264437579,
              26.401250222280936
            ],
            [
              88.0555375877833,
              26.401431592174742
            ],
            [
              88.05501236978614,
              26.401693230678706
            ],
            [
              88.05503319902263,
              26.401800722196253
            ],
            [
              88.05490488007418,
              26.401873770314648
            ],
            [
              88.0543938303057,
              26.402009308221626
            ],
            [
              88.05428550336389,
              26.402384832279722
            ],
            [
              88.05440436934062,
              26.402814800804965
            ],
            [
              88.05486042694234,
              26.402742867670437
            ],
            [
              88.05554062319067,
              26.402600666012084
            ],
            [
              88.0557747304419,
              26.402971461861966
            ],
            [
              88.05634716658534,
              26.404118057200368
            ],
            [
              88.05633716474298,
              26.40426137779939
            ],
            [
              88.0565282417938,
              26.404907163119564
            ],
            [
              88.05629632373689,
              26.405040759995835
            ],
            [
              88.05633852928388,
              26.405753481373402
            ],
            [
              88.05693206685338,
              26.405785710084093
            ],
            [
              88.0576730727582,
              26.40668537071677
            ],
            [
              88.05779555086066,
              26.407057843064813
            ],
            [
              88.05698699703635,
              26.40733961228949
            ],
            [
              88.05680566580804,
              26.40740280160241
            ],
            [
              88.05685982074498,
              26.40778860508968
            ],
            [
              88.05734059100018,
              26.408064145921426
            ],
            [
              88.0576008697689,
              26.407968057862373
            ],
            [
              88.05836602688018,
              26.40768557892545
            ],
            [
              88.05925060602527,
              26.40822525880236
            ],
            [
              88.05940640982816,
              26.408817714355408
            ],
            [
              88.05958362856907,
              26.40932657565173
            ],
            [
              88.05992163855936,
              26.409580170722307
            ],
            [
              88.06043685022256,
              26.409767107976325
            ],
            [
              88.06122008413226,
              26.409962102617232
            ],
            [
              88.06167086143678,
              26.4100901550415
            ],
            [
              88.06246353933506,
              26.410244041752588
            ],
            [
              88.06316675581083,
              26.410466800907468
            ],
            [
              88.0638030693575,
              26.4103859821648
            ],
            [
              88.06411445777435,
              26.40967383167802
            ],
            [
              88.06398060071214,
              26.408775290171622
            ],
            [
              88.06418947428709,
              26.408172563202033
            ],
            [
              88.06465608619513,
              26.40806785581826
            ],
            [
              88.06631225798216,
              26.408903923203194
            ],
            [
              88.06675941417777,
              26.409630261304727
            ],
            [
              88.06737933796205,
              26.409575551715893
            ],
            [
              88.0675065340164,
              26.40868811332884
            ],
            [
              88.06782319464564,
              26.408298435608636
            ],
            [
              88.06873197979439,
              26.407910422850104
            ],
            [
              88.06939023379354,
              26.40782738409798
            ],
            [
              88.07047732194978,
              26.407957109996094
            ],
            [
              88.07129638516462,
              26.408140441361912
            ],
            [
              88.0707161633226,
              26.409005919236076
            ],
            [
              88.07053069355578,
              26.409304239273393
            ],
            [
              88.06962876614588,
              26.410754933090697
            ],
            [
              88.06922796391724,
              26.41185095116979
            ],
            [
              88.06925764335593,
              26.412680319868016
            ],
            [
              88.0695942771272,
              26.41365442361146
            ],
            [
              88.0702041676281,
              26.414178545673433
            ],
            [
              88.07119237462776,
              26.414590748873692
            ],
            [
              88.07287159359173,
              26.415736514330046
            ],
            [
              88.0736093646632,
              26.416407594608902
            ],
            [
              88.07377424684036,
              26.416557571793994
            ],
            [
              88.07484382773004,
              26.41728308535275
            ],
            [
              88.07486405509528,
              26.417298800670405
            ],
            [
              88.07630974083145,
              26.418421905337524
            ],
            [
              88.07718823658547,
              26.418856048181894
            ],
            [
              88.07774621793769,
              26.419238525384817
            ],
            [
              88.07805145109818,
              26.41966210777484
            ],
            [
              88.07857971168922,
              26.420134298388305
            ],
            [
              88.07943209072296,
              26.42115811824732
            ],
            [
              88.08021975602196,
              26.422163327096303
            ],
            [
              88.08097464898277,
              26.423044101351692
            ],
            [
              88.08158733683744,
              26.423882653781416
            ],
            [
              88.082211130564,
              26.42503784767145
            ],
            [
              88.08237356842524,
              26.425223356097668
            ],
            [
              88.08256805098932,
              26.425433943891594
            ],
            [
              88.08268917533066,
              26.425487637173266
            ],
            [
              88.08295824321614,
              26.425602875927613
            ],
            [
              88.08324074181343,
              26.425703097052203
            ],
            [
              88.08329078875455,
              26.42572924014009
            ],
            [
              88.08348340102616,
              26.425828774153317
            ],
            [
              88.08370901470643,
              26.42590586631642
            ],
            [
              88.08403146497766,
              26.426500823785453
            ],
            [
              88.08424612999121,
              26.426847455340106
            ],
            [
              88.08442390389098,
              26.427338816925655
            ],
            [
              88.08441524413166,
              26.42873869484946
            ],
            [
              88.08450827815405,
              26.429331982188096
            ],
            [
              88.08457191930036,
              26.429457537082573
            ],
            [
              88.08471741224038,
              26.429849167243166
            ],
            [
              88.08487719737661,
              26.43028293322733
            ],
            [
              88.08501155300375,
              26.430743832180845
            ],
            [
              88.08530613124668,
              26.43109919818236
            ],
            [
              88.08587420696774,
              26.431819592684935
            ],
            [
              88.0863745586995,
              26.432278979645154
            ],
            [
              88.0869550248833,
              26.432842575967065
            ],
            [
              88.0877361315824,
              26.43356304403491
            ],
            [
              88.08819136183578,
              26.433988689355374
            ],
            [
              88.08850495561661,
              26.434288044372153
            ],
            [
              88.08905476679132,
              26.43454882808998
            ],
            [
              88.0895364865658,
              26.43480746028219
            ],
            [
              88.09005125625791,
              26.435010281904436
            ],
            [
              88.09054327701377,
              26.435183545200417
            ],
            [
              88.09097242019129,
              26.435449219961576
            ],
            [
              88.09154011502665,
              26.43582185118374
            ],
            [
              88.09165892979941,
              26.435863546300805
            ],
            [
              88.0921811698814,
              26.43608919999656
            ],
            [
              88.09304780607701,
              26.43645208572769
            ],
            [
              88.09363092768076,
              26.436710687104114
            ],
            [
              88.09382195981584,
              26.436867553086017
            ],
            [
              88.09422718355229,
              26.437184919367084
            ],
            [
              88.09460387769366,
              26.43750259365217
            ],
            [
              88.09498571918155,
              26.438073627336472
            ],
            [
              88.09526624957006,
              26.438464674818043
            ],
            [
              88.09548455455717,
              26.438858042356937
            ],
            [
              88.0956028761548,
              26.439082424932195
            ],
            [
              88.09597868186233,
              26.43998762760531
            ],
            [
              88.09600502585637,
              26.44016877973486
            ],
            [
              88.09605832919037,
              26.44023615700955
            ],
            [
              88.0960954170352,
              26.44065270624603
            ],
            [
              88.09615926838727,
              26.441385241302083
            ],
            [
              88.09622485887773,
              26.442010193087153
            ],
            [
              88.09627050227733,
              26.442979392754697
            ],
            [
              88.09631859717933,
              26.443250029147425
            ],
            [
              88.0963567225783,
              26.44346455497366
            ],
            [
              88.09641548856756,
              26.444265169351805
            ],
            [
              88.09650831238417,
              26.44517741974522
            ],
            [
              88.09656042095887,
              26.44564418530657
            ],
            [
              88.0965934008079,
              26.446075220723042
            ],
            [
              88.09661403600829,
              26.446523835069666
            ],
            [
              88.09668920613295,
              26.447295968781884
            ],
            [
              88.09672288576957,
              26.448114001709534
            ],
            [
              88.09682548684975,
              26.44847779300267
            ],
            [
              88.09693283732283,
              26.448984930195763
            ],
            [
              88.09704893109857,
              26.449600832754534
            ],
            [
              88.09710207722742,
              26.450346522822347
            ],
            [
              88.09710834567147,
              26.4509354499188
            ],
            [
              88.09711525102105,
              26.45101024194776
            ],
            [
              88.09709351718108,
              26.451368630637095
            ],
            [
              88.09705861493735,
              26.4518021676262
            ],
            [
              88.09701083893725,
              26.452084802272992
            ],
            [
              88.09700882132114,
              26.452170950617916
            ],
            [
              88.09696374206356,
              26.452359519833983
            ],
            [
              88.09694044066339,
              26.45245699283699
            ],
            [
              88.09681356171436,
              26.452910846223528
            ],
            [
              88.0967519857949,
              26.453166491992853
            ],
            [
              88.09670677538328,
              26.453354202238312
            ],
            [
              88.09656989459185,
              26.4539334596742
            ],
            [
              88.09646862122169,
              26.454225169108838
            ],
            [
              88.0963033267178,
              26.454647312790602
            ],
            [
              88.0961455574011,
              26.455039786238356
            ],
            [
              88.09598171726968,
              26.455422289734148
            ],
            [
              88.09592588158489,
              26.455564156021314
            ],
            [
              88.09561600503267,
              26.456245158734138
            ],
            [
              88.09522039326977,
              26.4570613161556
            ],
            [
              88.09506462809445,
              26.457321121846547
            ],
            [
              88.09475723807893,
              26.457847926896708
            ],
            [
              88.09418051876823,
              26.45871895869452
            ],
            [
              88.09408626573197,
              26.458925903274267
            ],
            [
              88.09379849761726,
              26.459470897186225
            ],
            [
              88.09330114805515,
              26.460407679387828
            ],
            [
              88.09293451863822,
              26.461068476743723
            ],
            [
              88.09269383661741,
              26.461490070994028
            ],
            [
              88.09201738275058,
              26.4625780673111
            ],
            [
              88.09205877172899,
              26.46280882033401
            ],
            [
              88.09208430813757,
              26.463307455242575
            ],
            [
              88.09225513267033,
              26.46347853039925
            ],
            [
              88.09275286760969,
              26.463994383224218
            ],
            [
              88.09304556208544,
              26.464352662337962
            ],
            [
              88.09326840356471,
              26.46439569091551
            ],
            [
              88.09393103505424,
              26.464572964689605
            ],
            [
              88.09427340726354,
              26.464663648917234
            ],
            [
              88.09499112344633,
              26.46485374893338
            ],
            [
              88.0956446289509,
              26.464817818212833
            ],
            [
              88.09686911712477,
              26.464751372888156
            ],
            [
              88.09773498256591,
              26.46471853018641
            ],
            [
              88.09792176027977,
              26.4647149467608
            ],
            [
              88.09907735575621,
              26.464719315065985
            ],
            [
              88.09996496132551,
              26.464738826076506
            ],
            [
              88.10008882373184,
              26.464764829225498
            ],
            [
              88.100367082281,
              26.464807924395828
            ],
            [
              88.10113648123699,
              26.464985488647443
            ],
            [
              88.10137917997561,
              26.465061465753102
            ],
            [
              88.10192235799025,
              26.46523355397737
            ],
            [
              88.10243377876299,
              26.465398052943826
            ],
            [
              88.10292516800317,
              26.465571310737865
            ],
            [
              88.10326173979067,
              26.46595046123097
            ],
            [
              88.10346516508338,
              26.466186255265644
            ],
            [
              88.10356754966959,
              26.46639985377885
            ],
            [
              88.10366823913483,
              26.466691046712963
            ],
            [
              88.1037997506958,
              26.467512558156287
            ],
            [
              88.1037050017895,
              26.46817471475806
            ],
            [
              88.10337645105919,
              26.468554413952255
            ],
            [
              88.10245988560177,
              26.469214627365528
            ],
            [
              88.10113391834346,
              26.470303133663283
            ],
            [
              88.10058719917001,
              26.47042760495124
            ],
            [
              88.09970544881969,
              26.47067224015862
            ],
            [
              88.09915634372081,
              26.471022760284136
            ],
            [
              88.09886969041536,
              26.471264372290122
            ],
            [
              88.09876749717031,
              26.471350507086413
            ],
            [
              88.09854757611403,
              26.47160964526067
            ],
            [
              88.09780703912979,
              26.47249901392708
            ],
            [
              88.09803249740148,
              26.4727712149158
            ],
            [
              88.09832184655112,
              26.472753960030097
            ],
            [
              88.09880448170888,
              26.47274497635941
            ],
            [
              88.09918992094953,
              26.47272734835628
            ],
            [
              88.09936697979033,
              26.47266051598991
            ],
            [
              88.0998952349915,
              26.47245891861381
            ],
            [
              88.10033592960525,
              26.472282957260934
            ],
            [
              88.100795902065,
              26.47209767981276
            ],
            [
              88.10103779142156,
              26.472004941264803
            ],
            [
              88.10123785521847,
              26.47197529222189
            ],
            [
              88.10180675379634,
              26.47188899385085
            ],
            [
              88.1022522139727,
              26.471812558877883
            ],
            [
              88.10259563182096,
              26.47177608110885
            ],
            [
              88.10271821502634,
              26.47178038883621
            ],
            [
              88.10294777859887,
              26.471830552900425
            ],
            [
              88.10316511879536,
              26.471878045623445
            ],
            [
              88.1038178760033,
              26.471995603718895
            ],
            [
              88.10452360506692,
              26.472123415132565
            ],
            [
              88.10475786143847,
              26.472199132617195
            ],
            [
              88.10486407464442,
              26.47223115538647
            ],
            [
              88.10513552576033,
              26.47240111964556
            ],
            [
              88.10536509382449,
              26.47253227898648
            ],
            [
              88.10585798504783,
              26.47281034034752
            ],
            [
              88.10607185505233,
              26.472980199215137
            ],
            [
              88.10620018208563,
              26.473074959342558
            ],
            [
              88.10670429057194,
              26.473580801305594
            ],
            [
              88.10682369284287,
              26.4737607032578
            ],
            [
              88.10686666195787,
              26.4737933383292
            ],
            [
              88.10689564699882,
              26.474105519237177
            ],
            [
              88.10691982964627,
              26.47458406273476
            ],
            [
              88.10696178366499,
              26.475015014732154
            ],
            [
              88.10697808629074,
              26.47574249209029
            ],
            [
              88.10687750103007,
              26.47602584793377
            ],
            [
              88.10669951782283,
              26.476386981125486
            ],
            [
              88.1066444151633,
              26.476521050775457
            ],
            [
              88.10655738458193,
              26.476732799981793
            ],
            [
              88.1063862186894,
              26.47704183614355
            ],
            [
              88.10620572558925,
              26.477187315106896
            ],
            [
              88.10593357109244,
              26.477357362906368
            ],
            [
              88.10537096161988,
              26.47774456369774
            ],
            [
              88.10489888256507,
              26.478064235207746
            ],
            [
              88.1044376946847,
              26.478082450984438
            ],
            [
              88.10374179858019,
              26.47813362625336
            ],
            [
              88.10335725855313,
              26.478154430371895
            ],
            [
              88.1031882558038,
              26.478188645833534
            ],
            [
              88.10308911683072,
              26.478223528675965
            ],
            [
              88.10276302478933,
              26.478343609937752
            ],
            [
              88.10218037210616,
              26.478555983778094
            ],
            [
              88.10175258987628,
              26.478720806237526
            ],
            [
              88.10152483461242,
              26.47883913810358
            ],
            [
              88.10121121118716,
              26.479009591933753
            ],
            [
              88.10085235129915,
              26.479184237174135
            ],
            [
              88.10047245735875,
              26.47935851629405
            ],
            [
              88.1004397874285,
              26.479591075392843
            ],
            [
              88.10032174969847,
              26.479924289608157
            ],
            [
              88.10020525257919,
              26.48025149724961
            ],
            [
              88.10023995539692,
              26.4803823203835
            ],
            [
              88.10024391696732,
              26.4806635693952
            ],
            [
              88.10027658599927,
              26.48087824179975
            ],
            [
              88.10025662004374,
              26.481096153383227
            ],
            [
              88.10029927295176,
              26.4811846053696
            ],
            [
              88.1003256304205,
              26.481395369053924
            ],
            [
              88.10031521625142,
              26.4815750047013
            ],
            [
              88.10036020837244,
              26.481623456667403
            ],
            [
              88.10040689471606,
              26.481759884956706
            ],
            [
              88.10047279692192,
              26.482022815746674
            ],
            [
              88.10055104826802,
              26.482310776230385
            ],
            [
              88.10061516282649,
              26.48260353861298
            ],
            [
              88.10065806726276,
              26.482660324170748
            ],
            [
              88.10067886056663,
              26.482722985727605
            ],
            [
              88.10073712260102,
              26.48289855803064
            ],
            [
              88.10087487835152,
              26.483319286741967
            ],
            [
              88.10092929559649,
              26.483503635933378
            ],
            [
              88.1009925244161,
              26.483668973129358
            ],
            [
              88.10102453677956,
              26.48387483160058
            ],
            [
              88.10109406278929,
              26.483962975912608
            ],
            [
              88.10121630463485,
              26.484159691073586
            ],
            [
              88.10131350684013,
              26.48432738317185
            ],
            [
              88.10141086714896,
              26.48454894982401
            ],
            [
              88.10146439236684,
              26.484593336914145
            ],
            [
              88.10169102114335,
              26.484776112165626
            ],
            [
              88.10207682599831,
              26.48510634687263
            ],
            [
              88.1025003663834,
              26.485469594306544
            ],
            [
              88.10300771509294,
              26.48590853618899
            ],
            [
              88.10348171205092,
              26.48630687133123
            ],
            [
              88.10375443518127,
              26.48655632185756
            ],
            [
              88.10393202492644,
              26.48672402332526
            ],
            [
              88.10410368129914,
              26.486888860611632
            ],
            [
              88.1043143317417,
              26.487140286968355
            ],
            [
              88.10434167915388,
              26.48716960888516
            ],
            [
              88.10456718144302,
              26.487411393609403
            ],
            [
              88.10463261832159,
              26.48753069020236
            ],
            [
              88.10477838704442,
              26.487760385744966
            ],
            [
              88.10500776825897,
              26.488168912610842
            ],
            [
              88.10513142944264,
              26.488410117147446
            ],
            [
              88.1053311186421,
              26.488781433658154
            ],
            [
              88.10545517059293,
              26.48908392416333
            ],
            [
              88.10547737604846,
              26.489302694958308
            ],
            [
              88.10542973569399,
              26.48954694108436
            ],
            [
              88.1051308742838,
              26.490106336774804
            ],
            [
              88.1046041911344,
              26.490172445854515
            ],
            [
              88.10355217410518,
              26.49029130140201
            ],
            [
              88.10303945526688,
              26.490487111688825
            ],
            [
              88.10276226122133,
              26.49088290963436
            ],
            [
              88.1027875964073,
              26.49097666368465
            ],
            [
              88.10286916613003,
              26.492397790774096
            ],
            [
              88.10271390221465,
              26.492799978634892
            ],
            [
              88.10201299800245,
              26.492870483953173
            ],
            [
              88.1011935278508,
              26.492936335776896
            ],
            [
              88.10065969770498,
              26.493403792031977
            ],
            [
              88.10047188782686,
              26.49368424863225
            ],
            [
              88.10016696728009,
              26.49416789066773
            ],
            [
              88.09996170133935,
              26.494834285910322
            ],
            [
              88.0997209160123,
              26.49555146533557
            ],
            [
              88.09948115656124,
              26.49629167130619
            ],
            [
              88.09938563240888,
              26.49658657681361
            ],
            [
              88.09954754295907,
              26.49744873234307
            ],
            [
              88.09984333392761,
              26.497855925599325
            ],
            [
              88.10011717815546,
              26.49847115899057
            ],
            [
              88.10020963186619,
              26.49902777222873
            ],
            [
              88.0996827618672,
              26.50001075432641
            ],
            [
              88.09946525099083,
              26.500612913141467
            ],
            [
              88.09925665230041,
              26.501449512303072
            ],
            [
              88.09925471643096,
              26.502471662181534
            ],
            [
              88.09910554399151,
              26.50386654993924
            ],
            [
              88.09857057478193,
              26.505913603182904
            ],
            [
              88.09782455178623,
              26.50608135679813
            ],
            [
              88.09659998815386,
              26.50558610200345
            ],
            [
              88.09535237375128,
              26.50496530112129
            ],
            [
              88.09353507474499,
              26.50462279162591
            ],
            [
              88.09233247042977,
              26.504695280148667
            ],
            [
              88.09129339183558,
              26.505359647214796
            ],
            [
              88.09055126932483,
              26.50642956312073
            ],
            [
              88.09024129305965,
              26.507252547984123
            ],
            [
              88.09038876229332,
              26.507969437685308
            ],
            [
              88.0911436597457,
              26.508579121649817
            ],
            [
              88.0926148360764,
              26.508968267158878
            ],
            [
              88.09276334106758,
              26.509031686894026
            ],
            [
              88.09404187368557,
              26.509577682957932
            ],
            [
              88.09579361903235,
              26.510264051612882
            ],
            [
              88.09631576029966,
              26.51132230776002
            ],
            [
              88.09637376900913,
              26.51207001735138
            ],
            [
              88.0956491357987,
              26.513608506048207
            ],
            [
              88.0954132992905,
              26.513995128963717
            ],
            [
              88.09488002160862,
              26.514508691748386
            ],
            [
              88.0948092146013,
              26.514600323701554
            ],
            [
              88.09443059626858,
              26.51509029465705
            ],
            [
              88.09429065581531,
              26.515618883248784
            ],
            [
              88.09447219814773,
              26.515832964669976
            ],
            [
              88.0951030454459,
              26.516407164939086
            ],
            [
              88.09652144036374,
              26.517284882246898
            ],
            [
              88.0977193437951,
              26.517681533973985
            ],
            [
              88.09921054806507,
              26.517816820656734
            ],
            [
              88.09965593907114,
              26.517903403664214
            ],
            [
              88.10061095421935,
              26.51808905099329
            ],
            [
              88.10191937558352,
              26.51825821197377
            ],
            [
              88.10300313188834,
              26.518252948655583
            ],
            [
              88.10305806117304,
              26.518738118188875
            ],
            [
              88.1031556173146,
              26.51962951918435
            ],
            [
              88.10309641204915,
              26.520715810370906
            ],
            [
              88.10368853926364,
              26.522153481129926
            ],
            [
              88.1037740606753,
              26.522609670957173
            ],
            [
              88.10404680806019,
              26.524064520979522
            ],
            [
              88.10412094602059,
              26.524459970970153
            ],
            [
              88.10433325205821,
              26.52574748522336
            ],
            [
              88.10443784560168,
              26.526381777216148
            ],
            [
              88.10472806521882,
              26.527756670930675
            ],
            [
              88.10463136517177,
              26.52883407310397
            ],
            [
              88.10423309619222,
              26.529514302726902
            ],
            [
              88.10377540186003,
              26.529719071997476
            ],
            [
              88.10318402294217,
              26.529970907760532
            ],
            [
              88.10276087422254,
              26.530322736351938
            ],
            [
              88.10245718257107,
              26.530599470008767
            ],
            [
              88.10249660064574,
              26.530885976197766
            ],
            [
              88.10256576912599,
              26.531345523796396
            ],
            [
              88.10263420637759,
              26.531501091339717
            ],
            [
              88.10280948475751,
              26.53200550997901
            ],
            [
              88.10295391409224,
              26.532444967676874
            ],
            [
              88.10321757591636,
              26.53321092838781
            ],
            [
              88.10334122003205,
              26.533647963946855
            ],
            [
              88.10347375118087,
              26.53408367737111
            ],
            [
              88.10362139109446,
              26.53461415639449
            ],
            [
              88.10364631575032,
              26.535004112994336
            ],
            [
              88.10365214222327,
              26.535631851223105
            ],
            [
              88.10367694201331,
              26.536070996063806
            ],
            [
              88.10347880240772,
              26.536242905650532
            ],
            [
              88.1032797617919,
              26.536436796382862
            ],
            [
              88.1030297525635,
              26.53639485884194
            ],
            [
              88.10273936496138,
              26.536351615307744
            ],
            [
              88.10237043136577,
              26.536295126322063
            ],
            [
              88.10201449729063,
              26.536051632179074
            ],
            [
              88.10152143718402,
              26.535718808168703
            ],
            [
              88.10103921974284,
              26.535392124957426
            ],
            [
              88.10077948175991,
              26.53524284992888
            ],
            [
              88.1004771860904,
              26.53506001190509
            ],
            [
              88.09989242775622,
              26.534706330865042
            ],
            [
              88.09952439067925,
              26.5347314863678
            ],
            [
              88.09897170579397,
              26.534761590987433
            ],
            [
              88.09887468774328,
              26.534839555309233
            ],
            [
              88.09861607894267,
              26.53500952663782
            ],
            [
              88.09834455236826,
              26.535204881360634
            ],
            [
              88.09830546217866,
              26.535313317140734
            ],
            [
              88.09816316364775,
              26.53568805362036
            ],
            [
              88.09807345159528,
              26.535893110844317
            ],
            [
              88.09796985967333,
              26.536173687928276
            ],
            [
              88.09796374484121,
              26.536307130073112
            ],
            [
              88.09799935585569,
              26.53739255699825
            ],
            [
              88.0980228539869,
              26.537868541681817
            ],
            [
              88.09807437057182,
              26.53794827276478
            ],
            [
              88.09828815433808,
              26.538142358317014
            ],
            [
              88.09858118927534,
              26.538433124380862
            ],
            [
              88.09893497637694,
              26.53878099310252
            ],
            [
              88.09898755836377,
              26.53881719002111
            ],
            [
              88.09922029388758,
              26.538943362392473
            ],
            [
              88.09966008389787,
              26.539181780114255
            ],
            [
              88.10001433003858,
              26.539370046706143
            ],
            [
              88.10049087821197,
              26.53962303703693
            ],
            [
              88.10084969767578,
              26.539806760649242
            ],
            [
              88.10141746257978,
              26.539795825321374
            ],
            [
              88.1022088675653,
              26.539779380939333
            ],
            [
              88.10312615526821,
              26.539737794210208
            ],
            [
              88.10339486742085,
              26.53973049220041
            ],
            [
              88.103504503208,
              26.538808467882788
            ],
            [
              88.1034925071057,
              26.538523702922305
            ],
            [
              88.10355169440483,
              26.538382820618665
            ],
            [
              88.10356743738016,
              26.53834534814705
            ],
            [
              88.10373062982627,
              26.53795690495774
            ],
            [
              88.10374659827875,
              26.53791889388959
            ],
            [
              88.10374845060488,
              26.537914487379116
            ],
            [
              88.1039753794187,
              26.53775461282873
            ],
            [
              88.10442092762995,
              26.537440716196457
            ],
            [
              88.10534405528053,
              26.537210747082824
            ],
            [
              88.10598100663104,
              26.537115344660837
            ],
            [
              88.10599148008893,
              26.5371137750867
            ],
            [
              88.10640591065874,
              26.537051701746847
            ],
            [
              88.10644021372616,
              26.537046563859853
            ],
            [
              88.10660843134796,
              26.537021367073617
            ],
            [
              88.10718571210575,
              26.536999218618185
            ],
            [
              88.10719549116591,
              26.536998843302317
            ],
            [
              88.10744483564102,
              26.536791360150385
            ],
            [
              88.10782287815361,
              26.536476785793305
            ],
            [
              88.1078678280538,
              26.536439380208087
            ],
            [
              88.10787935164227,
              26.536436904879395
            ],
            [
              88.10788827191304,
              26.536434989714355
            ],
            [
              88.10830963208694,
              26.53634445613725
            ],
            [
              88.10866563802729,
              26.53626796437485
            ],
            [
              88.10889762076289,
              26.53622694939644
            ],
            [
              88.10895589357709,
              26.53621664622326
            ],
            [
              88.10920224756059,
              26.536173089186693
            ],
            [
              88.10927776443495,
              26.536159737650124
            ],
            [
              88.10981878559458,
              26.536087964173433
            ],
            [
              88.10986234220775,
              26.536082185709844
            ],
            [
              88.10997850695041,
              26.536066774328948
            ],
            [
              88.11002527683736,
              26.536060569109786
            ],
            [
              88.11055187015525,
              26.535466779276256
            ],
            [
              88.11063751733106,
              26.535370202023135
            ],
            [
              88.11111923620724,
              26.534228449205017
            ],
            [
              88.1111249009834,
              26.534189801983477
            ],
            [
              88.11114495497381,
              26.534052996324387
            ],
            [
              88.11122970922422,
              26.533474819205583
            ],
            [
              88.11136985988328,
              26.532644652304672
            ],
            [
              88.11139046004939,
              26.532522629772014
            ],
            [
              88.11145065615655,
              26.53207006227538
            ],
            [
              88.11146324694361,
              26.531975402225175
            ],
            [
              88.11150089533716,
              26.53169235230382
            ],
            [
              88.11154756820605,
              26.53159017160822
            ],
            [
              88.1117098946762,
              26.531234792072816
            ],
            [
              88.11171061602336,
              26.531233215988497
            ],
            [
              88.11173178572136,
              26.531186869776935
            ],
            [
              88.11227363063614,
              26.53105608760304
            ],
            [
              88.11227370878956,
              26.531056069117568
            ],
            [
              88.11244556638486,
              26.531195110265728
            ],
            [
              88.11277018159593,
              26.531457739871108
            ],
            [
              88.11285470677596,
              26.531522397761965
            ],
            [
              88.1131775379329,
              26.531769351043135
            ],
            [
              88.11370831470504,
              26.532175376201238
            ],
            [
              88.1137247278236,
              26.532194392734585
            ],
            [
              88.11376751098729,
              26.532243964621305
            ],
            [
              88.11398997427585,
              26.532501726192027
            ],
            [
              88.1140394184474,
              26.53255901512462
            ],
            [
              88.1141020139547,
              26.53261198411462
            ],
            [
              88.11425354087851,
              26.532740207932854
            ],
            [
              88.11454381169966,
              26.53298583730672
            ],
            [
              88.11454610240362,
              26.5329877742293
            ],
            [
              88.11466546604701,
              26.53257015206856
            ],
            [
              88.11475971818494,
              26.532240391337616
            ],
            [
              88.11477697212658,
              26.53218002484821
            ],
            [
              88.11484594657072,
              26.532177210262873
            ],
            [
              88.11510805430939,
              26.532166512105395
            ],
            [
              88.11570001713217,
              26.53234253368006
            ],
            [
              88.11590876404462,
              26.532436438747315
            ],
            [
              88.1162117100944,
              26.532572720710466
            ],
            [
              88.11625722683154,
              26.532598222274114
            ],
            [
              88.11644832813687,
              26.532705290201733
            ],
            [
              88.11651778587463,
              26.532744204752976
            ],
            [
              88.11669087326358,
              26.532739043365677
            ],
            [
              88.11687141936434,
              26.532733657744714
            ],
            [
              88.11696931057749,
              26.53273073788773
            ],
            [
              88.11695954678868,
              26.532227256344488
            ],
            [
              88.11694926826519,
              26.531697261372848
            ],
            [
              88.11689917012009,
              26.531115156683278
            ],
            [
              88.11774210696191,
              26.530582661831367
            ],
            [
              88.11797290302302,
              26.530194627979714
            ],
            [
              88.1179177293966,
              26.529648496062208
            ],
            [
              88.11789430762217,
              26.52917060539539
            ],
            [
              88.11787769777257,
              26.528831672358255
            ],
            [
              88.11763866865185,
              26.528438200147338
            ],
            [
              88.11759771355976,
              26.528370782905352
            ],
            [
              88.11737600665269,
              26.528005825713738
            ],
            [
              88.11733941108466,
              26.527874114008625
            ],
            [
              88.11726567556951,
              26.52760872982314
            ],
            [
              88.1178250133778,
              26.5270477179471
            ],
            [
              88.11791644300908,
              26.52695601474941
            ],
            [
              88.11796304940265,
              26.526909268956917
            ],
            [
              88.11835070209214,
              26.526557507061497
            ],
            [
              88.11853500404911,
              26.526390268819494
            ],
            [
              88.11862314404985,
              26.52634981534607
            ],
            [
              88.1199898993136,
              26.52572250216578
            ],
            [
              88.12088428267172,
              26.525597270117267
            ],
            [
              88.12105349113526,
              26.525573577052516
            ],
            [
              88.12208190493041,
              26.52517195081041
            ],
            [
              88.1225531233992,
              26.524928224892754
            ],
            [
              88.1232153156126,
              26.52458571866657
            ],
            [
              88.12325084757535,
              26.5245673406665
            ],
            [
              88.12381973357678,
              26.52413104535729
            ],
            [
              88.12386279342162,
              26.52409802189131
            ],
            [
              88.12389794899026,
              26.52360047768975
            ],
            [
              88.12393702660343,
              26.52304743973593
            ],
            [
              88.12395813970755,
              26.52274864517487
            ],
            [
              88.12395937489106,
              26.522620324190267
            ],
            [
              88.12396317925631,
              26.522225153203674
            ],
            [
              88.12439350641337,
              26.52172792079011
            ],
            [
              88.12465052339932,
              26.521430944971485
            ],
            [
              88.12502892703463,
              26.52074669271472
            ],
            [
              88.12514716958053,
              26.5205328792747
            ],
            [
              88.12532029020714,
              26.520407702652985
            ],
            [
              88.1253509497078,
              26.520385534111675
            ],
            [
              88.12650156582261,
              26.519553558040496
            ],
            [
              88.12674200170504,
              26.519312423696988
            ],
            [
              88.12703492704784,
              26.51901864798919
            ],
            [
              88.12798643607152,
              26.51806436528525
            ],
            [
              88.12807244616671,
              26.517980874646234
            ],
            [
              88.12878844027907,
              26.517285859682588
            ],
            [
              88.12913015941312,
              26.516954151609333
            ],
            [
              88.12935449119745,
              26.51654459288522
            ],
            [
              88.12961124138377,
              26.51607584418069
            ],
            [
              88.1296467841263,
              26.516010953323146
            ],
            [
              88.13005294570392,
              26.516024526646717
            ],
            [
              88.13089586727435,
              26.516286253707555
            ],
            [
              88.13126701162388,
              26.516484819397174
            ],
            [
              88.1316075216256,
              26.51646836604828
            ],
            [
              88.13210978317566,
              26.516444096369614
            ],
            [
              88.13279705904671,
              26.516439542739736
            ],
            [
              88.13348156900503,
              26.516722541048445
            ],
            [
              88.1337673482497,
              26.51684068991102
            ],
            [
              88.13498151927256,
              26.52338349226344
            ],
            [
              88.13620431771541,
              26.523429607729145
            ],
            [
              88.13702516318774,
              26.523904001803796
            ],
            [
              88.13710288273118,
              26.52394891864588
            ],
            [
              88.13759798111518,
              26.52423504678807
            ],
            [
              88.1400365666501,
              26.524217887237665
            ],
            [
              88.14184611678871,
              26.523904308842365
            ],
            [
              88.14288406440397,
              26.52297235776911
            ],
            [
              88.14419333287944,
              26.522465283943834
            ],
            [
              88.14430901343016,
              26.522445228927282
            ],
            [
              88.14440045204461,
              26.52242937604952
            ],
            [
              88.14490859666148,
              26.522341278924337
            ],
            [
              88.14600284169559,
              26.522151565726524
            ],
            [
              88.147375436907,
              26.522628804819007
            ],
            [
              88.14833204386991,
              26.524224952320566
            ],
            [
              88.14851819455974,
              26.52678269514399
            ],
            [
              88.14852413871196,
              26.52686436774061
            ],
            [
              88.14862700030356,
              26.528277666190625
            ],
            [
              88.1503457882592,
              26.53181028161788
            ],
            [
              88.15216394066499,
              26.532252202623056
            ],
            [
              88.15220004844784,
              26.532221188351695
            ],
            [
              88.15229550522656,
              26.532139191654043
            ],
            [
              88.15284346497346,
              26.531668487699324
            ],
            [
              88.15499033160297,
              26.529824282792863
            ],
            [
              88.15634534498766,
              26.530021972317734
            ],
            [
              88.15753404697558,
              26.530768357776417
            ],
            [
              88.15757386839381,
              26.53079336063238
            ],
            [
              88.16147449708791,
              26.533242435863826
            ],
            [
              88.16251918386443,
              26.533713261150346
            ],
            [
              88.16307022842601,
              26.533961603324734
            ],
            [
              88.16430948310652,
              26.534520096389475
            ],
            [
              88.16445133607304,
              26.53458402360699
            ],
            [
              88.16458098273148,
              26.534642451133443
            ],
            [
              88.16654353213268,
              26.535526873998574
            ],
            [
              88.16654885644739,
              26.535540240075118
            ],
            [
              88.16743340235483,
              26.537760953776306
            ],
            [
              88.16780609809484,
              26.540389785625784
            ],
            [
              88.16782696236562,
              26.54053695884364
            ],
            [
              88.16785821565267,
              26.54075739966997
            ],
            [
              88.16817554732344,
              26.540351547930584
            ],
            [
              88.16846762375829,
              26.540124158750245
            ],
            [
              88.16854671143591,
              26.54006258771486
            ],
            [
              88.16943558991797,
              26.539819779048482
            ],
            [
              88.16943976708403,
              26.539818637859145
            ],
            [
              88.16994135220268,
              26.539434893016114
            ],
            [
              88.17012959956037,
              26.53898169619263
            ],
            [
              88.17030965877426,
              26.538548213853737
            ],
            [
              88.17043251955901,
              26.538252431602075
            ],
            [
              88.17059295597382,
              26.53774238339811
            ],
            [
              88.17120213231408,
              26.537279416074966
            ],
            [
              88.17120235060467,
              26.53727925132215
            ],
            [
              88.17120281862695,
              26.537278895295334
            ],
            [
              88.1712048128869,
              26.53727737876577
            ],
            [
              88.17205249013843,
              26.53664982393773
            ],
            [
              88.17278473118105,
              26.535972657649673
            ],
            [
              88.17383520490459,
              26.535388636962434
            ],
            [
              88.17489649075094,
              26.534798597685892
            ],
            [
              88.17525265659144,
              26.53473535372446
            ],
            [
              88.17591584503644,
              26.535166380739007
            ],
            [
              88.17623121029503,
              26.535371343256717
            ],
            [
              88.17620694679921,
              26.535521047285645
            ],
            [
              88.17617953201336,
              26.535690197043948
            ],
            [
              88.17613612092727,
              26.535958048328222
            ],
            [
              88.17600105473271,
              26.536738733044608
            ],
            [
              88.17584247603394,
              26.537953281220915
            ],
            [
              88.17580600802665,
              26.538232585082497
            ],
            [
              88.17581635572043,
              26.538981737179313
            ],
            [
              88.17578592618848,
              26.539223293108353
            ],
            [
              88.17575626471613,
              26.539458740735892
            ],
            [
              88.1757288283707,
              26.539676538000425
            ],
            [
              88.17562135482844,
              26.540529667332123
            ],
            [
              88.1758652914455,
              26.541146750335955
            ],
            [
              88.1759051344233,
              26.54124754105623
            ],
            [
              88.17611364058727,
              26.541774994198125
            ],
            [
              88.17621924293883,
              26.542366181352165
            ],
            [
              88.17652470876297,
              26.542787102935822
            ],
            [
              88.17712288343594,
              26.543611358895983
            ],
            [
              88.17732870094225,
              26.54389115285498
            ],
            [
              88.17733208759088,
              26.543900790740352
            ],
            [
              88.17740973796404,
              26.544121749065198
            ],
            [
              88.17774574201628,
              26.545077872374883
            ],
            [
              88.17836850986679,
              26.546494638262274
            ],
            [
              88.17845609740363,
              26.546773479343532
            ],
            [
              88.17851220887121,
              26.546952111919065
            ],
            [
              88.17858961220766,
              26.54719852973588
            ],
            [
              88.17874304176324,
              26.547442040398277
            ],
            [
              88.17879726497212,
              26.547528098805778
            ],
            [
              88.17897622374974,
              26.547812126209582
            ],
            [
              88.17939290639596,
              26.548254211385917
            ],
            [
              88.17948924801524,
              26.548250545383844
            ],
            [
              88.1808592183494,
              26.548198397656847
            ],
            [
              88.18175074057334,
              26.548164457785443
            ],
            [
              88.18202715577955,
              26.548153933088333
            ],
            [
              88.18218810962391,
              26.54897071566071
            ],
            [
              88.18369841567011,
              26.548812196107242
            ],
            [
              88.18526589139923,
              26.548557724932376
            ],
            [
              88.18595611733767,
              26.548445667819742
            ],
            [
              88.18780755771468,
              26.548214750025533
            ],
            [
              88.19021092390052,
              26.548046729305955
            ],
            [
              88.19098732163091,
              26.54799883572966
            ],
            [
              88.19187056587953,
              26.547944351026633
            ],
            [
              88.1921375820129,
              26.54792787888332
            ],
            [
              88.19222522524525,
              26.54792247067105
            ],
            [
              88.19256914525178,
              26.54790125488672
            ],
            [
              88.19458132118257,
              26.54799508614531
            ],
            [
              88.19534237029801,
              26.547965855294454
            ],
            [
              88.19541423911399,
              26.547963094937433
            ],
            [
              88.195386433561,
              26.547767168885265
            ],
            [
              88.19533219867404,
              26.54738500962136
            ],
            [
              88.1952579753737,
              26.54686199808801
            ],
            [
              88.19527820992548,
              26.54648151615162
            ],
            [
              88.19531094722937,
              26.54586596138843
            ],
            [
              88.19536717817289,
              26.544808660158402
            ],
            [
              88.19557764356249,
              26.544370753395473
            ],
            [
              88.1956345365644,
              26.54433390086583
            ],
            [
              88.19573196604348,
              26.544270793955164
            ],
            [
              88.19602528484835,
              26.544080802791918
            ],
            [
              88.1962747901219,
              26.543919191360192
            ],
            [
              88.19725846062936,
              26.54397377280331
            ],
            [
              88.19752239643962,
              26.54398841887435
            ],
            [
              88.19765179875628,
              26.54399559926571
            ],
            [
              88.19780519956579,
              26.544004111263476
            ],
            [
              88.19854304609576,
              26.544072951379327
            ],
            [
              88.1987260787332,
              26.544090027598326
            ],
            [
              88.19910472491367,
              26.54412535332018
            ],
            [
              88.20019779315474,
              26.54400275635148
            ],
            [
              88.20128726004987,
              26.543880553028508
            ],
            [
              88.20175290357402,
              26.543809642655354
            ],
            [
              88.20201313203711,
              26.543770014218584
            ],
            [
              88.2021200612003,
              26.543753730328024
            ],
            [
              88.20203461973871,
              26.54356874571564
            ],
            [
              88.20192979532821,
              26.543141221152233
            ],
            [
              88.2019014903119,
              26.543025778671105
            ],
            [
              88.20189845490457,
              26.543013401130516
            ],
            [
              88.20172217220815,
              26.54229442381293
            ],
            [
              88.20171268330381,
              26.54225572305384
            ],
            [
              88.20151126664409,
              26.541132083007266
            ],
            [
              88.20150875585286,
              26.541102786919264
            ],
            [
              88.20147569605375,
              26.540717103954353
            ],
            [
              88.20137472541583,
              26.539539164269158
            ],
            [
              88.201715327944,
              26.53965045937791
            ],
            [
              88.20187897134436,
              26.539703931397014
            ],
            [
              88.20257854604996,
              26.539932519657924
            ],
            [
              88.20268452659226,
              26.53996714908902
            ],
            [
              88.20321184664716,
              26.540335224979493
            ],
            [
              88.20333151392111,
              26.540418753202953
            ],
            [
              88.20338227861616,
              26.54045418774456
            ],
            [
              88.20385939721974,
              26.540986397298582
            ],
            [
              88.20398480832162,
              26.541126288724797
            ],
            [
              88.2055274186837,
              26.540411444807283
            ],
            [
              88.20555466997617,
              26.540398817049308
            ],
            [
              88.20620193398612,
              26.540452655184
            ],
            [
              88.20642973686071,
              26.540457412792016
            ],
            [
              88.20705453939534,
              26.540470464067017
            ],
            [
              88.20718175611093,
              26.540473120933544
            ],
            [
              88.2076721140852,
              26.540483360236134
            ],
            [
              88.20785575398376,
              26.540458610230488
            ],
            [
              88.2095689589099,
              26.54022770769763
            ],
            [
              88.2095885314033,
              26.540225070113085
            ],
            [
              88.2104813085737,
              26.53999797321182
            ],
            [
              88.21076236357833,
              26.539926481004162
            ],
            [
              88.21152669783275,
              26.539942284853176
            ],
            [
              88.21161029056152,
              26.53994401270839
            ],
            [
              88.21207235160432,
              26.540145649214924
            ],
            [
              88.21268438368885,
              26.54041272904047
            ],
            [
              88.2129504170653,
              26.54069764361235
            ],
            [
              88.21296348934933,
              26.540711644772237
            ],
            [
              88.213206584245,
              26.54097199113448
            ],
            [
              88.21335242393474,
              26.541082569608534
            ],
            [
              88.2135799249754,
              26.541255064775296
            ],
            [
              88.21373568476082,
              26.54137316427692
            ],
            [
              88.21397970492124,
              26.541558185379493
            ],
            [
              88.21330051568437,
              26.542125782851162
            ],
            [
              88.2129367581814,
              26.542429773903354
            ],
            [
              88.2123350019254,
              26.542588183340733
            ],
            [
              88.21212907302798,
              26.542642393334358
            ],
            [
              88.21183756522672,
              26.542659347613885
            ],
            [
              88.2115019151107,
              26.5426788711102
            ],
            [
              88.21053335157136,
              26.54244478984417
            ],
            [
              88.21028099504511,
              26.54244491521139
            ],
            [
              88.21026244393617,
              26.54244492405139
            ],
            [
              88.20948976523108,
              26.542368696734748
            ],
            [
              88.20886242585408,
              26.54221557734115
            ],
            [
              88.20878517163796,
              26.54228081582484
            ],
            [
              88.20814039865625,
              26.54282530767384
            ],
            [
              88.20787702968296,
              26.54308511884201
            ],
            [
              88.20777430104202,
              26.543186459953493
            ],
            [
              88.20775099784522,
              26.543188612880545
            ],
            [
              88.20728263691733,
              26.54323188437554
            ],
            [
              88.20696174162985,
              26.543240148911796
            ],
            [
              88.20638452195753,
              26.543255016074905
            ],
            [
              88.20556609295329,
              26.543427330372698
            ],
            [
              88.20524576270614,
              26.543494773324408
            ],
            [
              88.20524689278676,
              26.543528389911867
            ],
            [
              88.2052472763674,
              26.54353978214848
            ],
            [
              88.20526356731509,
              26.54402437708039
            ],
            [
              88.20527140242098,
              26.544257419252308
            ],
            [
              88.20538893080622,
              26.54452714386594
            ],
            [
              88.20540705162215,
              26.54456872966236
            ],
            [
              88.20577338100176,
              26.54463171586598
            ],
            [
              88.20585289807407,
              26.54468150899982
            ],
            [
              88.20610468506842,
              26.544839174390372
            ],
            [
              88.20642076269104,
              26.544771226752392
            ],
            [
              88.20689761988487,
              26.545122981833536
            ],
            [
              88.20739113184408,
              26.545300191364976
            ],
            [
              88.20765046558515,
              26.54539331194485
            ],
            [
              88.2080703282675,
              26.545386990705907
            ],
            [
              88.20858372533382,
              26.54537926233589
            ],
            [
              88.20875418515055,
              26.545266321354056
            ],
            [
              88.20879677697313,
              26.545268201012544
            ],
            [
              88.20944984320154,
              26.54529703074298
            ],
            [
              88.20976283780608,
              26.545310847313363
            ],
            [
              88.21058039274952,
              26.545003545757744
            ],
            [
              88.2108711064401,
              26.544892706673007
            ],
            [
              88.2116237419346,
              26.544605754895034
            ],
            [
              88.2119046029031,
              26.544425064606624
            ],
            [
              88.21192420683757,
              26.54443617870095
            ],
            [
              88.2128641653233,
              26.544969031960903
            ],
            [
              88.21341554405817,
              26.545281601313228
            ],
            [
              88.2135547236384,
              26.54539955362553
            ],
            [
              88.2138497600221,
              26.54564959103954
            ],
            [
              88.21403811607594,
              26.54580921912823
            ],
            [
              88.21440901159214,
              26.546199320897017
            ],
            [
              88.21456558525121,
              26.54636399970436
            ],
            [
              88.21507038364363,
              26.546894933838818
            ],
            [
              88.21509251094572,
              26.5469182062338
            ],
            [
              88.21518306471962,
              26.54701344862186
            ],
            [
              88.21563523531115,
              26.547762253271472
            ],
            [
              88.21568618775406,
              26.547840802616847
            ],
            [
              88.21570938405132,
              26.547876561929957
            ],
            [
              88.21580070768142,
              26.548017345784817
            ],
            [
              88.21610619865842,
              26.548488288027585
            ],
            [
              88.21623807942697,
              26.54869159223595
            ],
            [
              88.21614401144367,
              26.548704435247238
            ],
            [
              88.21465993440718,
              26.548907050395123
            ],
            [
              88.21398037057284,
              26.548999825716905
            ],
            [
              88.2134944098519,
              26.549112075149466
            ],
            [
              88.21258261444864,
              26.549322682865892
            ],
            [
              88.21233482495731,
              26.549379918397584
            ],
            [
              88.2117729053909,
              26.54953365823808
            ],
            [
              88.21081477219032,
              26.549629477035655
            ],
            [
              88.21001904361334,
              26.549709052083855
            ],
            [
              88.2099566187859,
              26.549715295136814
            ],
            [
              88.20897825732179,
              26.549806113880063
            ],
            [
              88.20847659404969,
              26.54990570527588
            ],
            [
              88.20836425882507,
              26.549971808862423
            ],
            [
              88.20836256909404,
              26.549972802894985
            ],
            [
              88.20821570712148,
              26.550059225033383
            ],
            [
              88.20821624341569,
              26.550071993961904
            ],
            [
              88.20823626596506,
              26.550549292918067
            ],
            [
              88.20824126598794,
              26.5506684861625
            ],
            [
              88.20821117871412,
              26.550950263809675
            ],
            [
              88.20819888167622,
              26.551065433134053
            ],
            [
              88.20814441143067,
              26.551575576379157
            ],
            [
              88.20810355784816,
              26.551958181318998
            ],
            [
              88.20808175932946,
              26.552162339193
            ],
            [
              88.2081515566304,
              26.552639823106805
            ],
            [
              88.20819947186936,
              26.55296760468307
            ],
            [
              88.2082855906607,
              26.553556734887493
            ],
            [
              88.20829349314026,
              26.55361079425235
            ],
            [
              88.20842504512541,
              26.5539112818933
            ],
            [
              88.20844766380594,
              26.55396294810314
            ],
            [
              88.20851471765202,
              26.554116108060853
            ],
            [
              88.20859496864793,
              26.554284238009124
            ],
            [
              88.20872574628531,
              26.554558224377388
            ],
            [
              88.208950358344,
              26.554713413307383
            ],
            [
              88.20911737581655,
              26.554828807863238
            ],
            [
              88.20974459122604,
              26.554887041064728
            ],
            [
              88.20970948686137,
              26.554918666333283
            ],
            [
              88.2097087771923,
              26.5549761779028
            ],
            [
              88.20970089178071,
              26.555615380269117
            ],
            [
              88.20969575072236,
              26.556032213018632
            ],
            [
              88.2096911531447,
              26.556404909120065
            ],
            [
              88.20969055935834,
              26.556453036228813
            ],
            [
              88.20988567074306,
              26.55688992136011
            ],
            [
              88.21004711416934,
              26.557251414236827
            ],
            [
              88.21014793389027,
              26.557477164003096
            ],
            [
              88.2101990749794,
              26.557732897813967
            ],
            [
              88.21027403399997,
              26.55810773380133
            ],
            [
              88.21033369111801,
              26.558406054603186
            ],
            [
              88.21036450243393,
              26.55856012062353
            ],
            [
              88.21038777598632,
              26.55868667383868
            ],
            [
              88.21049329838779,
              26.55926043790174
            ],
            [
              88.21057755586986,
              26.5597185853948
            ],
            [
              88.21064665068826,
              26.56009427866448
            ],
            [
              88.21072009335263,
              26.560292046993297
            ],
            [
              88.21084915341116,
              26.5606395786262
            ],
            [
              88.2109532852206,
              26.56091998669572
            ],
            [
              88.21101826216173,
              26.56095833484436
            ],
            [
              88.21127491892324,
              26.561109810147165
            ],
            [
              88.21146737668465,
              26.561223396003502
            ],
            [
              88.21149554695363,
              26.561240021312937
            ],
            [
              88.21165926401588,
              26.561213327288776
            ],
            [
              88.21169190699668,
              26.561208004874654
            ],
            [
              88.21191205622502,
              26.561172109106263
            ],
            [
              88.21223073087711,
              26.56094252826711
            ],
            [
              88.21231328784836,
              26.560883051902763
            ],
            [
              88.21295495176085,
              26.560002692680996
            ],
            [
              88.21312379281345,
              26.559889278370363
            ],
            [
              88.21386277391562,
              26.559392888160723
            ],
            [
              88.21410766364522,
              26.55919350401139
            ],
            [
              88.21422886524168,
              26.559094826249893
            ],
            [
              88.21424176504915,
              26.559082064754463
            ],
            [
              88.21445526674441,
              26.558870869110667
            ],
            [
              88.21458494574222,
              26.55874259013397
            ],
            [
              88.21477898543685,
              26.558567794269095
            ],
            [
              88.21484061525521,
              26.55851227482911
            ],
            [
              88.21486866514998,
              26.55849657799726
            ],
            [
              88.21488848737503,
              26.55848548374677
            ],
            [
              88.21546900655939,
              26.55816060260526
            ],
            [
              88.21605763034428,
              26.557831187840286
            ],
            [
              88.21605955812886,
              26.557830107898315
            ],
            [
              88.21662780093658,
              26.557538646942838
            ],
            [
              88.21674670374422,
              26.557477659781558
            ],
            [
              88.21734372408203,
              26.55726067414267
            ],
            [
              88.21870815270921,
              26.55665957581606
            ]
          ]
        ]
      }
    }
  ]
}