{
  "type": "FeatureCollection",
  "features": [
    {
      "type": "Feature",
      "properties": {
        "object_id": "10-206-01079",
        "stname": "BIHAR",
        "dtname": "Sitamarhi",
        "sdtname": "Bokhara",
        "st_area_sh": 0.0,
        "st_length_": 0.0,
        "remarks": "",
        "dist_lgd": 221,
        "state_lgd": 10,
        "subdt_lgd": 1079,
        "ac_no": null,
        "st_length(shape)": 81978.13188098712,
        "st_area(shape)": 108574895.39827529
      },
      "geometry": {
        "type": "Polygon",
        "coordinates": [
          [
            [
              85.6373042839685,
              26.410926420174427
            ],
            [
              85.63793553461024,
              26.410870530112344
            ],
            [
              85.63851211827533,
              26.41092309977432
            ],
            [
              85.64021219432358,
              26.411256934268902
            ],
            [
              85.64103173274717,
              26.410546264717794
            ],
            [
              85.64161199142012,
              26.410228776027527
            ],
            [
              85.6422828128501,
              26.410014785331747
            ],
            [
              85.64346477028688,
              26.4097724068312
            ],
            [
              85.64391658334893,
              26.408512060993747
            ],
            [
              85.6442403119228,
              26.407919958689355
            ],
            [
              85.64456987685111,
              26.407571558905385
            ],
            [
              85.64561509093868,
              26.40690076273531
            ],
            [
              85.64579464709597,
              26.40665211560667
            ],
            [
              85.64584372295828,
              26.406363172613087
            ],
            [
              85.64580732771455,
              26.405984167971646
            ],
            [
              85.6455290467075,
              26.40519068195873
            ],
            [
              85.6454983324096,
              26.404996660862167
            ],
            [
              85.64560776787248,
              26.404757173202025
            ],
            [
              85.64605184194835,
              26.404205453933894
            ],
            [
              85.64627079911232,
              26.40374451408844
            ],
            [
              85.64674961283686,
              26.401595054956903
            ],
            [
              85.64679642943622,
              26.40065627713228
            ],
            [
              85.64819857113562,
              26.40034552574757
            ],
            [
              85.6498806584203,
              26.399844428174443
            ],
            [
              85.65097743670353,
              26.39966084384789
            ],
            [
              85.65122777202038,
              26.399574389118424
            ],
            [
              85.65132267094532,
              26.399488396989376
            ],
            [
              85.65136741243634,
              26.39937540765509
            ],
            [
              85.65121521716597,
              26.398861416350858
            ],
            [
              85.65122991360401,
              26.39874398961616
            ],
            [
              85.65137464387438,
              26.398572070037325
            ],
            [
              85.65173480542123,
              26.398390614381228
            ],
            [
              85.65279644340717,
              26.3981664978138
            ],
            [
              85.6549351281811,
              26.397876093257686
            ],
            [
              85.65515812956049,
              26.39857952262685
            ],
            [
              85.65532951643858,
              26.398858843113693
            ],
            [
              85.65562540442518,
              26.398943682664175
            ],
            [
              85.65640691985776,
              26.39888283263382
            ],
            [
              85.6566927242553,
              26.39892716905825
            ],
            [
              85.65681835903766,
              26.399017060078624
            ],
            [
              85.65699458244526,
              26.39925119513687
            ],
            [
              85.65737784057637,
              26.399949653156497
            ],
            [
              85.65763437696366,
              26.400201591180565
            ],
            [
              85.6579354581109,
              26.400327106175464
            ],
            [
              85.6585820178417,
              26.400361330272347
            ],
            [
              85.65887793187947,
              26.400423705099097
            ],
            [
              85.65908377364028,
              26.400540422052448
            ],
            [
              85.6593351276467,
              26.400760881007372
            ],
            [
              85.65953086695384,
              26.40085504638016
            ],
            [
              85.6596863886857,
              26.400886235273603
            ],
            [
              85.6602376227918,
              26.40088911020006
            ],
            [
              85.66407980978848,
              26.40045839987495
            ],
            [
              85.66619900201903,
              26.400312318697537
            ],
            [
              85.66656459478011,
              26.400239058777842
            ],
            [
              85.66677457597778,
              26.400116580363683
            ],
            [
              85.66736361837756,
              26.399455991914206
            ],
            [
              85.66794850606917,
              26.399066250028454
            ],
            [
              85.66816823937755,
              26.39886701986019
            ],
            [
              85.66833253585312,
              26.398573152280168
            ],
            [
              85.66852566465604,
              26.397918255915137
            ],
            [
              85.66867467719537,
              26.397552318392567
            ],
            [
              85.66911915641144,
              26.39713130534692
            ],
            [
              85.67006609390862,
              26.395688885187624
            ],
            [
              85.6699921949001,
              26.3955810419735
            ],
            [
              85.67012438379079,
              26.395600093962834
            ],
            [
              85.67174030386659,
              26.39583296700201
            ],
            [
              85.67451322258728,
              26.394953765720683
            ],
            [
              85.67643612664007,
              26.394582528904735
            ],
            [
              85.67719712994143,
              26.394395204952062
            ],
            [
              85.67938757115043,
              26.394573664667096
            ],
            [
              85.68002910840049,
              26.39459887012827
            ],
            [
              85.6809107662243,
              26.395882339357264
            ],
            [
              85.68170998026459,
              26.39921944577427
            ],
            [
              85.6828851886586,
              26.402605007706086
            ],
            [
              85.68347148760351,
              26.402603212613577
            ],
            [
              85.6846249630559,
              26.402843402342096
            ],
            [
              85.6858621120854,
              26.409329096358647
            ],
            [
              85.68805586717949,
              26.408814270795403
            ],
            [
              85.68918916377562,
              26.408548295702353
            ],
            [
              85.68904019615205,
              26.407768118137092
            ],
            [
              85.68869893066723,
              26.406897279693492
            ],
            [
              85.68832748897532,
              26.405818860847063
            ],
            [
              85.68779551564721,
              26.404424608066904
            ],
            [
              85.68744908484946,
              26.40322883968858
            ],
            [
              85.68735855173682,
              26.402619637990657
            ],
            [
              85.68735325257498,
              26.40208260403005
            ],
            [
              85.68740310009008,
              26.40158616309604
            ],
            [
              85.68756325084061,
              26.401193469803598
            ],
            [
              85.6878336706906,
              26.40084134601919
            ],
            [
              85.68816924085657,
              26.400498217707522
            ],
            [
              85.68880034866616,
              26.39992931205988
            ],
            [
              85.68963179156388,
              26.39916625764667
            ],
            [
              85.6904130922991,
              26.3983671196142
            ],
            [
              85.69116938483513,
              26.397671785317026
            ],
            [
              85.69225611725852,
              26.39648438379486
            ],
            [
              85.69284699940799,
              26.395748501746695
            ],
            [
              85.693287649106,
              26.395197717887772
            ],
            [
              85.69366801915349,
              26.394403265337505
            ],
            [
              85.6941435396542,
              26.393518504922117
            ],
            [
              85.69502480401593,
              26.392412415112858
            ],
            [
              85.69606132061493,
              26.391193418756007
            ],
            [
              85.69675250325915,
              26.39067860322467
            ],
            [
              85.69691273665468,
              26.39049349309938
            ],
            [
              85.69693772059935,
              26.39038065831517
            ],
            [
              85.69687748766125,
              26.390213711396985
            ],
            [
              85.6967170485515,
              26.39006486517894
            ],
            [
              85.69556452890662,
              26.390015795317673
            ],
            [
              85.6950483533511,
              26.389912251154882
            ],
            [
              85.69503467739919,
              26.389898410281795
            ],
            [
              85.69488790885144,
              26.389749863811524
            ],
            [
              85.69483263281707,
              26.389488141908746
            ],
            [
              85.69488756210175,
              26.389172211945574
            ],
            [
              85.69504261940463,
              26.38871181882119
            ],
            [
              85.69491195405665,
              26.388071048810126
            ],
            [
              85.69446513383097,
              26.386622620851238
            ],
            [
              85.69402312767687,
              26.38482669531058
            ],
            [
              85.69340572905685,
              26.382963157324344
            ],
            [
              85.69295402289433,
              26.381663651306656
            ],
            [
              85.69234650394577,
              26.379497737095935
            ],
            [
              85.69208552179616,
              26.378730663792776
            ],
            [
              85.69178972184447,
              26.37839684468059
            ],
            [
              85.69145888130848,
              26.378117197850482
            ],
            [
              85.69129846285998,
              26.377963833270275
            ],
            [
              85.6911327084187,
              26.37723281726656
            ],
            [
              85.69091690613799,
              26.37659659424286
            ],
            [
              85.69085146386954,
              26.37605056070859
            ],
            [
              85.69087639571194,
              26.37583844220046
            ],
            [
              85.6910165814053,
              26.375662374376287
            ],
            [
              85.69217870673555,
              26.375246644738883
            ],
            [
              85.69399705317745,
              26.374654589122052
            ],
            [
              85.69522944562753,
              26.374477988319736
            ],
            [
              85.6960710466745,
              26.374306081707836
            ],
            [
              85.69620632127818,
              26.37430601490857
            ],
            [
              85.69632161106173,
              26.374400729005494
            ],
            [
              85.69717390655218,
              26.375320939396133
            ],
            [
              85.69806644027912,
              26.376466767916487
            ],
            [
              85.69822182636543,
              26.376574999990833
            ],
            [
              85.69849741691816,
              26.376619987206528
            ],
            [
              85.69895336312882,
              26.376642317836957
            ],
            [
              85.69942928517646,
              26.376560838820705
            ],
            [
              85.69978490124797,
              26.376389163064907
            ],
            [
              85.69991005273673,
              26.376226632770052
            ],
            [
              85.69994476094438,
              26.375662499120477
            ],
            [
              85.69999350802327,
              26.37355945167146
            ],
            [
              85.70014282598977,
              26.372034006608803
            ],
            [
              85.70037269139627,
              26.37111325012104
            ],
            [
              85.70072301010255,
              26.370526384645913
            ],
            [
              85.70109355258086,
              26.370228336246495
            ],
            [
              85.70150918240154,
              26.369925749384336
            ],
            [
              85.70199507574884,
              26.36981717868237
            ],
            [
              85.70258109621602,
              26.36960024301233
            ],
            [
              85.70274631526136,
              26.369437687876683
            ],
            [
              85.70280128856352,
              26.369234577138425
            ],
            [
              85.70275073137931,
              26.368548640337295
            ],
            [
              85.70264988560722,
              26.367578415308678
            ],
            [
              85.70257417200179,
              26.366730027245012
            ],
            [
              85.70269407912592,
              26.366238052663395
            ],
            [
              85.70306436019447,
              26.365574450970325
            ],
            [
              85.70371009706847,
              26.364802388372013
            ],
            [
              85.70459127968347,
              26.36402567886176
            ],
            [
              85.70513186066864,
              26.36334843934364
            ],
            [
              85.70530693513099,
              26.36296474187459
            ],
            [
              85.70557704057062,
              26.362364370764862
            ],
            [
              85.70577222561725,
              26.362088972013158
            ],
            [
              85.70615771696016,
              26.36173223365065
            ],
            [
              85.70703910079781,
              26.3612984909271
            ],
            [
              85.70862669160282,
              26.360674789834512
            ],
            [
              85.71009909772712,
              26.360123346942643
            ],
            [
              85.71037960655603,
              26.360091589239538
            ],
            [
              85.71055501070013,
              26.36018625622633
            ],
            [
              85.7108808799593,
              26.360524532389064
            ],
            [
              85.7110512481479,
              26.360583097376004
            ],
            [
              85.7123186883688,
              26.360613922058164
            ],
            [
              85.71473827004385,
              26.360571811786194
            ],
            [
              85.71504877541675,
              26.3604587940413
            ],
            [
              85.71511381523993,
              26.360350443041312
            ],
            [
              85.71510867867316,
              26.36018798114613
            ],
            [
              85.71510288543789,
              26.360176325259623
            ],
            [
              85.71462200109663,
              26.359208979978682
            ],
            [
              85.71455659655743,
              26.35884347360986
            ],
            [
              85.71468095303716,
              26.357701624599624
            ],
            [
              85.71464075612313,
              26.35754369716305
            ],
            [
              85.71447035559518,
              26.357440006379655
            ],
            [
              85.71385400980066,
              26.357192177625322
            ],
            [
              85.71332271110734,
              26.356795369109197
            ],
            [
              85.71238037388272,
              26.356033259702624
            ],
            [
              85.71190936741633,
              26.35586205412908
            ],
            [
              85.71138328523985,
              26.355726985282338
            ],
            [
              85.71014595475066,
              26.35569613434431
            ],
            [
              85.70873332072873,
              26.355696965042565
            ],
            [
              85.70754120693937,
              26.35585109568871
            ],
            [
              85.70711539740982,
              26.355828774725357
            ],
            [
              85.7067997536735,
              26.355752236246175
            ],
            [
              85.70623852580985,
              26.355490804387173
            ],
            [
              85.70596799277213,
              26.355450340770503
            ],
            [
              85.70568249470014,
              26.355500144124257
            ],
            [
              85.70525179564055,
              26.35564931337957
            ],
            [
              85.70463571844229,
              26.355753453315128
            ],
            [
              85.70438026362662,
              26.355785184841743
            ],
            [
              85.70428507005427,
              26.355762673094993
            ],
            [
              85.70425997202352,
              26.355685967949427
            ],
            [
              85.70425982110659,
              26.35546483374829
            ],
            [
              85.70438493756102,
              26.355293272353336
            ],
            [
              85.70443495036615,
              26.355175909192376
            ],
            [
              85.70442985512189,
              26.355049549046008
            ],
            [
              85.70410902900467,
              26.354711257671582
            ],
            [
              85.70376296921113,
              26.35409317502687
            ],
            [
              85.70354701691178,
              26.35327193983201
            ],
            [
              85.7032211144149,
              26.352820824117746
            ],
            [
              85.70296551317385,
              26.35262690663082
            ],
            [
              85.70253935330139,
              26.35258394824042
            ],
            [
              85.7021639859717,
              26.352546107783187
            ],
            [
              85.70151270200083,
              26.35241106887227
            ],
            [
              85.70094148487122,
              26.352154134848835
            ],
            [
              85.70039545111227,
              26.352104780834715
            ],
            [
              85.69812121325694,
              26.351997647165373
            ],
            [
              85.69724687939767,
              26.352021326845357
            ],
            [
              85.69642312877369,
              26.35204363163926
            ],
            [
              85.69549652913453,
              26.352206554146623
            ],
            [
              85.69485054432555,
              26.352540828036666
            ],
            [
              85.69443485970758,
              26.35267641819451
            ],
            [
              85.69395399962083,
              26.352717265943095
            ],
            [
              85.69242618810475,
              26.352713478601956
            ],
            [
              85.69179507939683,
              26.35280403264699
            ],
            [
              85.69142452793537,
              26.353034365369446
            ],
            [
              85.69100889631807,
              26.35326922873662
            ],
            [
              85.69068333068938,
              26.35333255871664
            ],
            [
              85.6897715855918,
              26.35322014968883
            ],
            [
              85.68974805871449,
              26.353221221087132
            ],
            [
              85.68937085882162,
              26.353238382777665
            ],
            [
              85.68835423361797,
              26.35369915389772
            ],
            [
              85.68746277068284,
              26.35404252667294
            ],
            [
              85.68545947010708,
              26.35482863579312
            ],
            [
              85.68497866930912,
              26.355004841605062
            ],
            [
              85.68428752169919,
              26.355275905707238
            ],
            [
              85.6834060345553,
              26.35558314564144
            ],
            [
              85.68287010774164,
              26.35572777734326
            ],
            [
              85.68223898286402,
              26.355836340349146
            ],
            [
              85.68205363257314,
              26.355827388619964
            ],
            [
              85.68205099062791,
              26.35582492792061
            ],
            [
              85.68190829683827,
              26.355692058127183
            ],
            [
              85.68177289736877,
              26.35538974472936
            ],
            [
              85.68138701705531,
              26.355055940306563
            ],
            [
              85.680850906087,
              26.354816964072427
            ],
            [
              85.68038996614169,
              26.354641137909443
            ],
            [
              85.68035939377764,
              26.35461361916533
            ],
            [
              85.6802195781902,
              26.354487763912292
            ],
            [
              85.68013933617743,
              26.354289226392652
            ],
            [
              85.6801090485793,
              26.353801840233686
            ],
            [
              85.6800538426135,
              26.353580728188494
            ],
            [
              85.67994854928246,
              26.35336866021077
            ],
            [
              85.67966292095471,
              26.353152147671818
            ],
            [
              85.6791669413234,
              26.35301243507248
            ],
            [
              85.67780430303858,
              26.35272862796577
            ],
            [
              85.67737844589837,
              26.35256180534806
            ],
            [
              85.67707278244484,
              26.352331755836683
            ],
            [
              85.67688231085855,
              26.352061048678582
            ],
            [
              85.67673187808275,
              26.35170458124245
            ],
            [
              85.6766765750989,
              26.35124879460748
            ],
            [
              85.67682658836145,
              26.35066205932282
            ],
            [
              85.67707679072765,
              26.35009333810715
            ],
            [
              85.67757752244681,
              26.349696016610842
            ],
            [
              85.67809837373339,
              26.34949274319893
            ],
            [
              85.67845768457565,
              26.349380190372187
            ],
            [
              85.67845897455642,
              26.349379786270152
            ],
            [
              85.6797863710343,
              26.349365747345974
            ],
            [
              85.68117887470903,
              26.349329106067817
            ],
            [
              85.68315243296408,
              26.34930124313635
            ],
            [
              85.68437962866022,
              26.34925109821466
            ],
            [
              85.68527119669824,
              26.34916498088395
            ],
            [
              85.6855266101914,
              26.34907010121368
            ],
            [
              85.68570187060503,
              26.348961717003707
            ],
            [
              85.68576189243905,
              26.348794712660798
            ],
            [
              85.68572670632767,
              26.348560055140403
            ],
            [
              85.68569135941787,
              26.348014004288377
            ],
            [
              85.68586614372441,
              26.346998518869544
            ],
            [
              85.68593038314867,
              26.34531967932615
            ],
            [
              85.68598029444416,
              26.344981187222302
            ],
            [
              85.68608042336068,
              26.344886371742056
            ],
            [
              85.68625570263893,
              26.344827628948217
            ],
            [
              85.68715731563847,
              26.344858832161865
            ],
            [
              85.68834441682856,
              26.344853800814292
            ],
            [
              85.68911577501018,
              26.344839919928962
            ],
            [
              85.68957154784601,
              26.344776533778383
            ],
            [
              85.68967669205675,
              26.344699766606258
            ],
            [
              85.68969663735099,
              26.34453729238652
            ],
            [
              85.68973145784805,
              26.34410403419872
            ],
            [
              85.68993650729479,
              26.34353982269317
            ],
            [
              85.69015674815132,
              26.343277972794624
            ],
            [
              85.69034202028877,
              26.34318311727735
            ],
            [
              85.69117846859928,
              26.343146630216385
            ],
            [
              85.69224538598414,
              26.34321834204445
            ],
            [
              85.69398356317683,
              26.343425112241615
            ],
            [
              85.69427405588183,
              26.34339338215445
            ],
            [
              85.69434912809012,
              26.343294061249967
            ],
            [
              85.69436890809435,
              26.342865321867542
            ],
            [
              85.6943834347508,
              26.342025907355733
            ],
            [
              85.69449051393269,
              26.341710696963347
            ],
            [
              85.69449843437854,
              26.34168738227003
            ],
            [
              85.6947937501383,
              26.341353280693834
            ],
            [
              85.69532449457112,
              26.341055168368833
            ],
            [
              85.69587030734448,
              26.340829251610973
            ],
            [
              85.69660135183109,
              26.34046334018723
            ],
            [
              85.69759256908529,
              26.33965502672786
            ],
            [
              85.69811313111433,
              26.339117721835272
            ],
            [
              85.69908418478366,
              26.338142428367643
            ],
            [
              85.69982995355609,
              26.337347763115243
            ],
            [
              85.70044575407324,
              26.336959326888056
            ],
            [
              85.70101652923175,
              26.33665665860934
            ],
            [
              85.7013170408471,
              26.33665650001001
            ],
            [
              85.70131721781523,
              26.336927276219996
            ],
            [
              85.70128243864067,
              26.337356024721196
            ],
            [
              85.70120780570855,
              26.33811423910707
            ],
            [
              85.70121385765863,
              26.33970730436459
            ],
            [
              85.70117951057375,
              26.34079945533235
            ],
            [
              85.70126565361961,
              26.342320269750193
            ],
            [
              85.70145170279976,
              26.343425842399807
            ],
            [
              85.70173749372258,
              26.343863444613643
            ],
            [
              85.70178775536104,
              26.344125169214063
            ],
            [
              85.70173780004808,
              26.34432827736807
            ],
            [
              85.70136248032911,
              26.3448519790639
            ],
            [
              85.70113228074938,
              26.345172519748072
            ],
            [
              85.70100730263546,
              26.34554716030798
            ],
            [
              85.70097261688571,
              26.346124833814265
            ],
            [
              85.70113874861941,
              26.347406420863198
            ],
            [
              85.70112424442085,
              26.348205218294606
            ],
            [
              85.70118015286917,
              26.349441733807755
            ],
            [
              85.70108530065664,
              26.34993369372294
            ],
            [
              85.70086537960037,
              26.350669419210938
            ],
            [
              85.70078054180662,
              26.351156861233175
            ],
            [
              85.70082578006601,
              26.351396022123396
            ],
            [
              85.70094608783876,
              26.35153134717849
            ],
            [
              85.7012065965762,
              26.351580851966453
            ],
            [
              85.70199803929096,
              26.351571403242087
            ],
            [
              85.70436240871202,
              26.351637809131127
            ],
            [
              85.70564987058395,
              26.351790530859205
            ],
            [
              85.70682706335647,
              26.3518440201229
            ],
            [
              85.70747326286282,
              26.35186621386558
            ],
            [
              85.70767857910923,
              26.351780349631586
            ],
            [
              85.70776717275918,
              26.35157598512487
            ],
            [
              85.70776859569058,
              26.351572703266825
            ],
            [
              85.7078233686684,
              26.351112351920573
            ],
            [
              85.70787796916969,
              26.35040830268331
            ],
            [
              85.7079179001824,
              26.350209710667354
            ],
            [
              85.70798292922582,
              26.350083311286173
            ],
            [
              85.70813817158161,
              26.350029066137406
            ],
            [
              85.70860401812504,
              26.35002879485927
            ],
            [
              85.70912496103976,
              26.350023977861124
            ],
            [
              85.70971104708396,
              26.350055223947116
            ],
            [
              85.71056273441494,
              26.350244261138414
            ],
            [
              85.71125903925291,
              26.350297999855268
            ],
            [
              85.71188515781941,
              26.350270543671055
            ],
            [
              85.71248112623005,
              26.350116742069186
            ],
            [
              85.71330244331789,
              26.349886079129504
            ],
            [
              85.71424899543781,
              26.34966887261682
            ],
            [
              85.7152857626668,
              26.349523809917173
            ],
            [
              85.71617224893527,
              26.349369810101344
            ],
            [
              85.71732434457536,
              26.3493826133744
            ],
            [
              85.71857165983893,
              26.349454010613588
            ],
            [
              85.7196035213681,
              26.349444308145618
            ],
            [
              85.72025471191421,
              26.34945741569425
            ],
            [
              85.72075555592278,
              26.3493803626388
            ],
            [
              85.72118109505938,
              26.349100276120865
            ],
            [
              85.72147138115186,
              26.3488112527523
            ],
            [
              85.72197656222662,
              26.34793089027515
            ],
            [
              85.72239183361953,
              26.347361979337375
            ],
            [
              85.72273211544918,
              26.346969122655015
            ],
            [
              85.72315247130659,
              26.346499489805574
            ],
            [
              85.7236679416846,
              26.345966609622447
            ],
            [
              85.72400834209185,
              26.345722675875603
            ],
            [
              85.72436888991429,
              26.345614116257284
            ],
            [
              85.72473437757246,
              26.34542431961902
            ],
            [
              85.72518494197624,
              26.34514871630406
            ],
            [
              85.72601101205026,
              26.344692330666746
            ],
            [
              85.72634147978542,
              26.34455671022001
            ],
            [
              85.72700238022142,
              26.344249361300623
            ],
            [
              85.72768827807681,
              26.34389235135865
            ],
            [
              85.72866942701329,
              26.343237269032894
            ],
            [
              85.7292700019847,
              26.342699793200875
            ],
            [
              85.72975038955762,
              26.342193993774845
            ],
            [
              85.7300555050388,
              26.341728938306524
            ],
            [
              85.73018029630312,
              26.34125498768528
            ],
            [
              85.73023481595602,
              26.340618623829506
            ],
            [
              85.73021929396624,
              26.340068057010328
            ],
            [
              85.7300485511802,
              26.339571759385457
            ],
            [
              85.72953670909762,
              26.338502565190282
            ],
            [
              85.72904497580265,
              26.337505562746216
            ],
            [
              85.7286635259802,
              26.33660776331642
            ],
            [
              85.72832205927271,
              26.335606136272524
            ],
            [
              85.72832055908619,
              26.33560111820901
            ],
            [
              85.7279754488119,
              26.334446557694594
            ],
            [
              85.72775941925745,
              26.33368853826795
            ],
            [
              85.72750824401578,
              26.332831258062797
            ],
            [
              85.72726211820435,
              26.332014590670546
            ],
            [
              85.72719135701112,
              26.331279032383673
            ],
            [
              85.72710550142615,
              26.330462249376374
            ],
            [
              85.72715000396532,
              26.329812353299538
            ],
            [
              85.72722419043473,
              26.328742730802134
            ],
            [
              85.72727876488489,
              26.328156010221775
            ],
            [
              85.72738345993797,
              26.327614380708408
            ],
            [
              85.72765821595584,
              26.326828932094468
            ],
            [
              85.72793297197369,
              26.32604799502415
            ],
            [
              85.72818291921834,
              26.325533338645677
            ],
            [
              85.72875330989788,
              26.32494173223104
            ],
            [
              85.72934385967073,
              26.324499034298583
            ],
            [
              85.73002468294308,
              26.324205195831105
            ],
            [
              85.73076572118728,
              26.324046697710006
            ],
            [
              85.73094929011894,
              26.324030423002796
            ],
            [
              85.73097103204377,
              26.324028494643475
            ],
            [
              85.7320477338787,
              26.32401415795521
            ],
            [
              85.7324683134166,
              26.323914558744463
            ],
            [
              85.73288383993106,
              26.32376983172188
            ],
            [
              85.73331929916334,
              26.32351677860566
            ],
            [
              85.73369958656586,
              26.323178020642626
            ],
            [
              85.73391969177675,
              26.322916102136798
            ],
            [
              85.73405969870538,
              26.32268583507323
            ],
            [
              85.73404423780104,
              26.322243542376018
            ],
            [
              85.73395861038814,
              26.32170660676392
            ],
            [
              85.73380290719656,
              26.32117419780192
            ],
            [
              85.73350202457698,
              26.320790825053116
            ],
            [
              85.73293561792573,
              26.3202000760916
            ],
            [
              85.73228907616124,
              26.31962739582685
            ],
            [
              85.7318230104289,
              26.31926215011453
            ],
            [
              85.73148717525993,
              26.318878824179965
            ],
            [
              85.73106612500482,
              26.31841881785668
            ],
            [
              85.73086030660016,
              26.317927039625786
            ],
            [
              85.73061952306972,
              26.3174082301386
            ],
            [
              85.7303381922823,
              26.316492366130767
            ],
            [
              85.7301972699704,
              26.315616925737675
            ],
            [
              85.7299012211854,
              26.314967260386844
            ],
            [
              85.72979090267863,
              26.314840972291215
            ],
            [
              85.72961051557967,
              26.31474638496513
            ],
            [
              85.72922492272713,
              26.31467444372589
            ],
            [
              85.72873420991833,
              26.31468833064399
            ],
            [
              85.72820349692655,
              26.31481507385789
            ],
            [
              85.72781810978822,
              26.315054511147395
            ],
            [
              85.72750786402841,
              26.31535708934458
            ],
            [
              85.72717285800445,
              26.31586275962631
            ],
            [
              85.72697786789224,
              26.316196874374594
            ],
            [
              85.72672773559465,
              26.31657166588183
            ],
            [
              85.72645759062915,
              26.31678846909344
            ],
            [
              85.7261671895523,
              26.316897025147412
            ],
            [
              85.72581177111016,
              26.316978460842265
            ],
            [
              85.72526089812678,
              26.317032968680152
            ],
            [
              85.72487029267494,
              26.316970090689406
            ],
            [
              85.72463479662825,
              26.31679429559867
            ],
            [
              85.72447915631878,
              26.316352068977725
            ],
            [
              85.72445874929048,
              26.31586473160333
            ],
            [
              85.72447826069843,
              26.31536375576699
            ],
            [
              85.72458802494468,
              26.314826657817246
            ],
            [
              85.72489785927607,
              26.314077282127137
            ],
            [
              85.72547299755188,
              26.313296136681032
            ],
            [
              85.72625346734547,
              26.312388435106737
            ],
            [
              85.726788704253,
              26.311819451757795
            ],
            [
              85.72748414042006,
              26.31111041818364
            ],
            [
              85.72786432092308,
              26.310676922165356
            ],
            [
              85.72797928821143,
              26.310496294856343
            ],
            [
              85.72809935613397,
              26.310279603074378
            ],
            [
              85.72814925485308,
              26.31006743321348
            ],
            [
              85.7281087659866,
              26.309683920635035
            ],
            [
              85.72803336679154,
              26.309295856246933
            ],
            [
              85.72779782493079,
              26.309079349041482
            ],
            [
              85.72732686338014,
              26.308763791269538
            ],
            [
              85.72670064060907,
              26.308466442984756
            ],
            [
              85.72600947143957,
              26.308227740982396
            ],
            [
              85.72475728191726,
              26.307867494701835
            ],
            [
              85.72402599488548,
              26.307588252331833
            ],
            [
              85.72312936663748,
              26.307187187773746
            ],
            [
              85.72263856938706,
              26.307083778819024
            ],
            [
              85.7223030989341,
              26.307074922368543
            ],
            [
              85.72209786802766,
              26.307201473396223
            ],
            [
              85.72198288906117,
              26.307327926041967
            ],
            [
              85.72187366919395,
              26.307532901759227
            ],
            [
              85.72179286214093,
              26.307684558319288
            ],
            [
              85.72165798279593,
              26.308090792608212
            ],
            [
              85.7216283940871,
              26.308587255765243
            ],
            [
              85.72169422263113,
              26.309516833858922
            ],
            [
              85.72183010359765,
              26.31030655982245
            ],
            [
              85.72205627423335,
              26.311330827050668
            ],
            [
              85.72222740509162,
              26.312386743294585
            ],
            [
              85.72226760020901,
              26.31257624140266
            ],
            [
              85.72222274193697,
              26.312738798324432
            ],
            [
              85.72208250414133,
              26.312783952089724
            ],
            [
              85.72184213473426,
              26.312788670788027
            ],
            [
              85.72125125258475,
              26.312784576954922
            ],
            [
              85.7204900732136,
              26.31276253032433
            ],
            [
              85.7196688953646,
              26.312785625375604
            ],
            [
              85.71820680728963,
              26.312899407147807
            ],
            [
              85.71577321908266,
              26.312968635839386
            ],
            [
              85.71393045104143,
              26.31289307717302
            ],
            [
              85.713454669131,
              26.312825702900234
            ],
            [
              85.71308908175982,
              26.312785226782484
            ],
            [
              85.71234777941095,
              26.31254203560429
            ],
            [
              85.7111456215584,
              26.311996683705605
            ],
            [
              85.71095017600034,
              26.311807233769635
            ],
            [
              85.71096504491493,
              26.3115860898131
            ],
            [
              85.71114494333037,
              26.31118884631203
            ],
            [
              85.71140992837287,
              26.310561428656303
            ],
            [
              85.71145959712324,
              26.310101083309593
            ],
            [
              85.7114094019601,
              26.309866443179367
            ],
            [
              85.71129905740216,
              26.309681459759915
            ],
            [
              85.7110535289704,
              26.309455898106727
            ],
            [
              85.71035211002352,
              26.30880652192712
            ],
            [
              85.71001121823781,
              26.308382478398563
            ],
            [
              85.70972541833184,
              26.30780499826811
            ],
            [
              85.70966516113926,
              26.307538760135618
            ],
            [
              85.70950984691818,
              26.307507298839017
            ],
            [
              85.70921955633412,
              26.307606704395806
            ],
            [
              85.70835359387495,
              26.308112695178874
            ],
            [
              85.70787302843561,
              26.30827989913315
            ],
            [
              85.70746748759385,
              26.308365893072423
            ],
            [
              85.7071770442962,
              26.308334476290206
            ],
            [
              85.70696172800409,
              26.30823981681517
            ],
            [
              85.70674135329857,
              26.308140687204105
            ],
            [
              85.70673339692011,
              26.308129804772612
            ],
            [
              85.7066160410114,
              26.307969289191966
            ],
            [
              85.7061648307189,
              26.307278995012588
            ],
            [
              85.70544813142904,
              26.306322683690095
            ],
            [
              85.70476164158386,
              26.30547913323217
            ],
            [
              85.70457638202281,
              26.305465724357674
            ],
            [
              85.70440108926984,
              26.305411687004415
            ],
            [
              85.7041806238345,
              26.305267322600365
            ],
            [
              85.70369977812081,
              26.304965231832632
            ],
            [
              85.70346939258977,
              26.30496540738647
            ],
            [
              85.7033392734175,
              26.305046655781243
            ],
            [
              85.70326438895708,
              26.305294973869607
            ],
            [
              85.70329462714786,
              26.305728142941376
            ],
            [
              85.70328003401607,
              26.30629226410055
            ],
            [
              85.70321015676508,
              26.30656762008204
            ],
            [
              85.70288985795894,
              26.306815975175695
            ],
            [
              85.70221405716731,
              26.30710065503402
            ],
            [
              85.70092741455892,
              26.307466920717687
            ],
            [
              85.69984091839247,
              26.307607392100298
            ],
            [
              85.69910477776322,
              26.307526507069262
            ],
            [
              85.69870911838959,
              26.307391377790427
            ],
            [
              85.69841353583018,
              26.307147828217264
            ],
            [
              85.69820801656454,
              26.306768859837554
            ],
            [
              85.69812252030569,
              26.306164107147794
            ],
            [
              85.69812699211917,
              26.30532471969278
            ],
            [
              85.69802665120025,
              26.304963770225864
            ],
            [
              85.69783119037083,
              26.304778816829568
            ],
            [
              85.69756580018813,
              26.30473830891049
            ],
            [
              85.69725542956255,
              26.304779094656084
            ],
            [
              85.69690498060051,
              26.304946271208138
            ],
            [
              85.69648956008729,
              26.30524430416388
            ],
            [
              85.69616933943458,
              26.305637093055594
            ],
            [
              85.69586418981739,
              26.306034350756242
            ],
            [
              85.6958534648312,
              26.306054155141783
            ],
            [
              85.69553412542582,
              26.306643811797695
            ],
            [
              85.6952741188466,
              26.307320898393307
            ],
            [
              85.69499386244425,
              26.307641460848174
            ],
            [
              85.69461354180412,
              26.307907849330697
            ],
            [
              85.6937325361572,
              26.30845432932796
            ],
            [
              85.69350231771283,
              26.308698156388356
            ],
            [
              85.69342239999189,
              26.308964477215397
            ],
            [
              85.69346263014356,
              26.309289401259523
            ],
            [
              85.69386894263816,
              26.310430995942525
            ],
            [
              85.69391940100766,
              26.31110341331134
            ],
            [
              85.69393963466112,
              26.31155915107816
            ],
            [
              85.69387974487945,
              26.311870614619604
            ],
            [
              85.69366458758911,
              26.312182108728276
            ],
            [
              85.69344438356352,
              26.31236273904605
            ],
            [
              85.69307401086682,
              26.312624698324797
            ],
            [
              85.69258856488055,
              26.313062647262136
            ],
            [
              85.6921581101627,
              26.313491615383242
            ],
            [
              85.69173785311995,
              26.314055915356462
            ],
            [
              85.69154276239644,
              26.314435028197252
            ],
            [
              85.69135262857665,
              26.31480073280829
            ],
            [
              85.69122264774494,
              26.315179897161666
            ],
            [
              85.69114291507695,
              26.31584778500039
            ],
            [
              85.69109347899025,
              26.316903883926418
            ],
            [
              85.69101378674645,
              26.317621426076574
            ],
            [
              85.69088381938946,
              26.3178559957479
            ],
            [
              85.69087871067043,
              26.317865212910675
            ],
            [
              85.6906384508578,
              26.318090977207557
            ],
            [
              85.69038804457406,
              26.31815883798071
            ],
            [
              85.69024789301666,
              26.3181859056237
            ],
            [
              85.6900376171716,
              26.318186061027504
            ],
            [
              85.68971701024333,
              26.31810043430172
            ],
            [
              85.68938139695823,
              26.317879431189997
            ],
            [
              85.68879010158369,
              26.317216332362516
            ],
            [
              85.6884194342396,
              26.316986339816793
            ],
            [
              85.68817409625068,
              26.31700449809318
            ],
            [
              85.68798889418181,
              26.317153481043174
            ],
            [
              85.68789384074664,
              26.31736558317395
            ],
            [
              85.6878939377647,
              26.31767704962553
            ],
            [
              85.68788919825325,
              26.318159915340015
            ],
            [
              85.68791980385498,
              26.31904439818161
            ],
            [
              85.68778469993119,
              26.319405546150247
            ],
            [
              85.6875295415596,
              26.319698969238896
            ],
            [
              85.68722420419452,
              26.31993830464231
            ],
            [
              85.68682865621197,
              26.320155055657192
            ],
            [
              85.68621281976223,
              26.320317786332193
            ],
            [
              85.68567194143469,
              26.32035417671996
            ],
            [
              85.6846853720638,
              26.320327525059717
            ],
            [
              85.6837490239072,
              26.32040460631439
            ],
            [
              85.68295786685667,
              26.320567427624642
            ],
            [
              85.68235191007842,
              26.32064437586431
            ],
            [
              85.68141042804994,
              26.32059960762529
            ],
            [
              85.68027856336838,
              26.320514261277633
            ],
            [
              85.67960751556292,
              26.320473956129884
            ],
            [
              85.67881126775968,
              26.320343388837202
            ],
            [
              85.67837046624639,
              26.320185580307555
            ],
            [
              85.67810002483685,
              26.32001417193193
            ],
            [
              85.67781935610782,
              26.31968486068884
            ],
            [
              85.67748375000923,
              26.3193238963699
            ],
            [
              85.67692763266123,
              26.318841274650907
            ],
            [
              85.67630149343348,
              26.31837660285117
            ],
            [
              85.67566529037958,
              26.317907501376038
            ],
            [
              85.67526947020752,
              26.317433756792113
            ],
            [
              85.67486865899575,
              26.31690588809409
            ],
            [
              85.67462804434857,
              26.316517898622557
            ],
            [
              85.67447271575448,
              26.316179447912084
            ],
            [
              85.67435738105515,
              26.315768781879207
            ],
            [
              85.67417686190389,
              26.31524989911368
            ],
            [
              85.67386619663084,
              26.31480321128966
            ],
            [
              85.67356065534821,
              26.314487384055386
            ],
            [
              85.67338521527155,
              26.314261776197014
            ],
            [
              85.67324994605775,
              26.314036179172508
            ],
            [
              85.67314968329224,
              26.313824178041802
            ],
            [
              85.67302939707906,
              26.313408950060307
            ],
            [
              85.67272369140473,
              26.312993903379525
            ],
            [
              85.67236814809675,
              26.31275028666796
            ],
            [
              85.67197748605106,
              26.312705321315494
            ],
            [
              85.67141669117537,
              26.312795732730365
            ],
            [
              85.6707257573645,
              26.313080301270187
            ],
            [
              85.67027062502747,
              26.313344396019573
            ],
            [
              85.66986971500097,
              26.313577028102653
            ],
            [
              85.66928400984249,
              26.314005929095654
            ],
            [
              85.66862808966643,
              26.314398696342042
            ],
            [
              85.66818251720065,
              26.314538734967297
            ],
            [
              85.6676417107384,
              26.314728445356018
            ],
            [
              85.66711597171833,
              26.314791810113967
            ],
            [
              85.66651512006585,
              26.314801029130955
            ],
            [
              85.66622463814062,
              26.314877772648124
            ],
            [
              85.66604447831543,
              26.315004204033396
            ],
            [
              85.66590432406312,
              26.315171271623473
            ],
            [
              85.6658041771803,
              26.315369859339764
            ],
            [
              85.66570410934924,
              26.315631641112983
            ],
            [
              85.66566016376554,
              26.315816740646845
            ],
            [
              85.66561411522575,
              26.31601070128967
            ],
            [
              85.66552915526113,
              26.316317672653184
            ],
            [
              85.66538401715563,
              26.316552312602354
            ],
            [
              85.6651686370831,
              26.316692318831542
            ],
            [
              85.66490333673191,
              26.316782656276498
            ],
            [
              85.66463790163345,
              26.31683236515207
            ],
            [
              85.664433334582,
              26.316855167905896
            ],
            [
              85.6642723924157,
              26.31687310799087
            ],
            [
              85.66386176980438,
              26.316873164355613
            ],
            [
              85.6632858113667,
              26.316859850203933
            ],
            [
              85.6628402469858,
              26.31693667690427
            ],
            [
              85.66225440438504,
              26.31709479906031
            ],
            [
              85.66204403870843,
              26.317207672351994
            ],
            [
              85.6616635599648,
              26.31735669288542
            ],
            [
              85.66130796724948,
              26.31739733972025
            ],
            [
              85.66100750683808,
              26.317347767972294
            ],
            [
              85.6606419553995,
              26.317244054054342
            ],
            [
              85.6599958367415,
              26.317068200599127
            ],
            [
              85.65973548610755,
              26.31705023880372
            ],
            [
              85.65943504186583,
              26.317086431331465
            ],
            [
              85.6592347957109,
              26.31719027583423
            ],
            [
              85.65906953803797,
              26.317352769112347
            ],
            [
              85.65881927099306,
              26.317650697690713
            ],
            [
              85.65864406178343,
              26.318007286923102
            ],
            [
              85.6584489162627,
              26.318363871031803
            ],
            [
              85.6580984906569,
              26.318729473058212
            ],
            [
              85.65776301032247,
              26.318928107817765
            ],
            [
              85.65742249133758,
              26.31907713016388
            ],
            [
              85.65706191566737,
              26.3191584346898
            ],
            [
              85.65658125680326,
              26.319167564787953
            ],
            [
              85.65607038939275,
              26.319077373332746
            ],
            [
              85.65548945788167,
              26.318964674174765
            ],
            [
              85.65491853629777,
              26.318757273297255
            ],
            [
              85.65427249758986,
              26.318522714308166
            ],
            [
              85.65300038163794,
              26.318017480784153
            ],
            [
              85.65194363138546,
              26.317670174788205
            ],
            [
              85.65149294930235,
              26.317643186739986
            ],
            [
              85.65114743478618,
              26.317756126329286
            ],
            [
              85.65092220558489,
              26.317923101378405
            ],
            [
              85.65072189924285,
              26.318135268126507
            ],
            [
              85.65051162519443,
              26.31844664796265
            ],
            [
              85.65039147911843,
              26.3187175287607
            ],
            [
              85.65031644284274,
              26.31902891830436
            ],
            [
              85.65025642280533,
              26.319462143930274
            ],
            [
              85.65013140965713,
              26.32015268760101
            ],
            [
              85.6499713119072,
              26.320784489068043
            ],
            [
              85.64978110891715,
              26.32141185538542
            ],
            [
              85.64966608413661,
              26.322052655857682
            ],
            [
              85.64953099907741,
              26.322436333615617
            ],
            [
              85.64940575685881,
              26.322567232694713
            ],
            [
              85.64923555216363,
              26.322662047939165
            ],
            [
              85.64894011872458,
              26.322662061627042
            ],
            [
              85.64862453337874,
              26.322594448264045
            ],
            [
              85.64817375427758,
              26.32233272167977
            ],
            [
              85.64814578882448,
              26.32231159395767
            ],
            [
              85.6477079957691,
              26.32198084395805
            ],
            [
              85.64729724919026,
              26.321610796343336
            ],
            [
              85.64676130441029,
              26.321006104211225
            ],
            [
              85.64632060440663,
              26.320645160113536
            ],
            [
              85.64586985584822,
              26.320347405910542
            ],
            [
              85.64533397395029,
              26.32011727706336
            ],
            [
              85.64472792644216,
              26.319873663253567
            ],
            [
              85.64419203915438,
              26.319566884091813
            ],
            [
              85.64355595288148,
              26.31902993526593
            ],
            [
              85.64288482243101,
              26.318474867778285
            ],
            [
              85.64229387200957,
              26.318217756153626
            ],
            [
              85.64173303760802,
              26.318118552143392
            ],
            [
              85.64172426915255,
              26.318118552948576
            ],
            [
              85.64111204123526,
              26.31811862702712
            ],
            [
              85.64032086442182,
              26.318263065602796
            ],
            [
              85.63896880559612,
              26.3187235701566
            ],
            [
              85.63790724037372,
              26.319039575867944
            ],
            [
              85.63703093201744,
              26.319215688018428
            ],
            [
              85.63630975462588,
              26.3192156912392
            ],
            [
              85.63630242976306,
              26.319213439916965
            ],
            [
              85.63628287164269,
              26.319213493864968
            ],
            [
              85.63565627517245,
              26.319016647128414
            ],
            [
              85.63512927491777,
              26.318675003862914
            ],
            [
              85.63436100783902,
              26.318036270177384
            ],
            [
              85.63368734593608,
              26.317248316018286
            ],
            [
              85.63303897879493,
              26.316509981771194
            ],
            [
              85.6324865795739,
              26.3160375230385
            ],
            [
              85.63213633812272,
              26.31594472104949
            ],
            [
              85.63172251032248,
              26.316097538188767
            ],
            [
              85.63127185339219,
              26.316359289329956
            ],
            [
              85.63049059667445,
              26.316878334610273
            ],
            [
              85.62977452979852,
              26.317424451022312
            ],
            [
              85.62928386639707,
              26.317875760268475
            ],
            [
              85.62882312587773,
              26.31843983919735
            ],
            [
              85.6286595417662,
              26.318718584374466
            ],
            [
              85.62865464594792,
              26.318726927024297
            ],
            [
              85.62850264022202,
              26.31898594019582
            ],
            [
              85.62845762115158,
              26.31933795665236
            ],
            [
              85.6285026608833,
              26.319689934195114
            ],
            [
              85.62886820783028,
              26.319987829385905
            ],
            [
              85.62950428422172,
              26.320366854373088
            ],
            [
              85.63024540331429,
              26.32081810867521
            ],
            [
              85.6308298634078,
              26.321125370852062
            ],
            [
              85.63084636456125,
              26.321134046673304
            ],
            [
              85.63152745193833,
              26.321562694237418
            ],
            [
              85.63200324013697,
              26.32196888469751
            ],
            [
              85.632378921877,
              26.322496900213523
            ],
            [
              85.63256420569253,
              26.323038444160428
            ],
            [
              85.63270947405375,
              26.323882312031333
            ],
            [
              85.63300500001931,
              26.324830079039522
            ],
            [
              85.63340073844469,
              26.32574160580622
            ],
            [
              85.63379644632734,
              26.326314767104467
            ],
            [
              85.63415699504812,
              26.326725449690755
            ],
            [
              85.63483812913755,
              26.32746996909258
            ],
            [
              85.63499344874847,
              26.327654985296828
            ],
            [
              85.63506361705365,
              26.32783106502315
            ],
            [
              85.63502856838454,
              26.327966420857095
            ],
            [
              85.63493840358113,
              26.32804311136896
            ],
            [
              85.63437752785708,
              26.32842226618794
            ],
            [
              85.63401698542452,
              26.328778772337728
            ],
            [
              85.63381667279428,
              26.32923466680339
            ],
            [
              85.63367142599263,
              26.32966788484613
            ],
            [
              85.63357636087936,
              26.33011918502742
            ],
            [
              85.63355629880411,
              26.33054790802318
            ],
            [
              85.63361647963997,
              26.33137832414894
            ],
            [
              85.63366160022005,
              26.332416238311154
            ],
            [
              85.63366160201667,
              26.332492974181555
            ],
            [
              85.63359150557673,
              26.33266898214207
            ],
            [
              85.63346128489485,
              26.3327863673295
            ],
            [
              85.63326602438973,
              26.33285401982685
            ],
            [
              85.63304057959276,
              26.33288111865436
            ],
            [
              85.63270898537027,
              26.332850263234374
            ],
            [
              85.63258180458728,
              26.332838759977466
            ],
            [
              85.63210710874,
              26.332696044783397
            ],
            [
              85.63205847035725,
              26.33268571132185
            ],
            [
              85.63141165640324,
              26.332550176637056
            ],
            [
              85.63107574038588,
              26.332517871141164
            ],
            [
              85.63090862409865,
              26.33250224734156
            ],
            [
              85.63028596943587,
              26.33252476119908
            ],
            [
              85.62991044310438,
              26.332628512153715
            ],
            [
              85.62941452725346,
              26.332822654771782
            ],
            [
              85.62895880562165,
              26.33313400075214
            ],
            [
              85.62866338116572,
              26.333377724336962
            ],
            [
              85.62830774892451,
              26.333756831091936
            ],
            [
              85.62806757355354,
              26.334076764071646
            ],
            [
              85.62784695181134,
              26.334370649140066
            ],
            [
              85.6272960402004,
              26.335038580076098
            ],
            [
              85.62685532223044,
              26.33558009112776
            ],
            [
              85.62640460780798,
              26.336153285032665
            ],
            [
              85.62618927444788,
              26.33625702709956
            ],
            [
              85.6261617006602,
              26.336255062715495
            ],
            [
              85.62599886933687,
              26.336243464798013
            ],
            [
              85.62589869370798,
              26.336148704954322
            ],
            [
              85.625873640593,
              26.335945609011446
            ],
            [
              85.62591371264122,
              26.33559814907395
            ],
            [
              85.62586867560444,
              26.335458238158694
            ],
            [
              85.62575346038103,
              26.33538156866049
            ],
            [
              85.62550304960571,
              26.335358945867462
            ],
            [
              85.62506231007615,
              26.33542667012371
            ],
            [
              85.62436612471413,
              26.335575629373547
            ],
            [
              85.62402053923104,
              26.33554396395583
            ],
            [
              85.62382020863451,
              26.3354718029675
            ],
            [
              85.62350972931273,
              26.33531832707432
            ],
            [
              85.62317910976232,
              26.335097218347745
            ],
            [
              85.62267828192343,
              26.3347903346019
            ],
            [
              85.62230771159737,
              26.33454211838354
            ],
            [
              85.62187194514124,
              26.334325502180388
            ],
            [
              85.62159150099102,
              26.334208152367477
            ],
            [
              85.62127599020536,
              26.33415844289931
            ],
            [
              85.6210305516051,
              26.33419002738199
            ],
            [
              85.62071501925988,
              26.334235199352253
            ],
            [
              85.62028431481036,
              26.3343524766798
            ],
            [
              85.61960816726906,
              26.334569134696995
            ],
            [
              85.6191874368142,
              26.33474058190912
            ],
            [
              85.6187416101252,
              26.334975252963613
            ],
            [
              85.61838101289543,
              26.335119652802415
            ],
            [
              85.61777004711112,
              26.33506094933036
            ],
            [
              85.61774372467667,
              26.335055065778118
            ],
            [
              85.61714391596817,
              26.3349210248844
            ],
            [
              85.61679340592075,
              26.334722370057705
            ],
            [
              85.61651292314295,
              26.334532876785346
            ],
            [
              85.61598709159647,
              26.33394613563309
            ],
            [
              85.61581180423337,
              26.33338652322492
            ],
            [
              85.6156716760322,
              26.332962305605474
            ],
            [
              85.61553643376786,
              26.332632837959554
            ],
            [
              85.61527097082163,
              26.332461361862386
            ],
            [
              85.61473507994057,
              26.332443273638084
            ],
            [
              85.61439078803151,
              26.332516526621756
            ],
            [
              85.614099077211,
              26.332578591070774
            ],
            [
              85.61339284598914,
              26.332704920207654
            ],
            [
              85.61291703173933,
              26.3327905941022
            ],
            [
              85.61243126864775,
              26.33291237339509
            ],
            [
              85.61184020773354,
              26.33309289167899
            ],
            [
              85.61139448884236,
              26.33330939506002
            ],
            [
              85.61095871879297,
              26.33366592400009
            ],
            [
              85.6107382919852,
              26.33391864336506
            ],
            [
              85.61056799656016,
              26.334184846628943
            ],
            [
              85.61037257705325,
              26.334482676353108
            ],
            [
              85.61031242676015,
              26.33476249634745
            ],
            [
              85.61029242127879,
              26.334961096359546
            ],
            [
              85.61035751140764,
              26.335182186024156
            ],
            [
              85.6105377646576,
              26.335583866148507
            ],
            [
              85.61067795843577,
              26.33579151061562
            ],
            [
              85.61098338922564,
              26.336509113655033
            ],
            [
              85.61113362257544,
              26.336991933045784
            ],
            [
              85.61121366875547,
              26.33742071834053
            ],
            [
              85.61121356814412,
              26.337899101246077
            ],
            [
              85.6111333863185,
              26.33895060587151
            ],
            [
              85.6110982379364,
              26.339225885021122
            ],
            [
              85.61108821543276,
              26.33946953861986
            ],
            [
              85.61116334692987,
              26.339663642391873
            ],
            [
              85.61133357857453,
              26.339781029341296
            ],
            [
              85.61161902723921,
              26.33984870512213
            ],
            [
              85.61202479086316,
              26.33987583692919
            ],
            [
              85.6126859419291,
              26.339794670123304
            ],
            [
              85.61303653462157,
              26.339717988201684
            ],
            [
              85.61315177499779,
              26.339758554732573
            ],
            [
              85.61324686256891,
              26.339875934340274
            ],
            [
              85.61320674919823,
              26.34016479728394
            ],
            [
              85.61330690686084,
              26.340394892726106
            ],
            [
              85.61345213839115,
              26.34051681939222
            ],
            [
              85.61364750669406,
              26.340593549892272
            ],
            [
              85.61396305970054,
              26.340607074652016
            ],
            [
              85.61460416486094,
              26.340476233001002
            ],
            [
              85.61503994569011,
              26.340372472979784
            ],
            [
              85.61567606430235,
              26.34027326460417
            ],
            [
              85.61598162175467,
              26.34019207714575
            ],
            [
              85.61603666243046,
              26.34008824763559
            ],
            [
              85.61600163442257,
              26.339849034387758
            ],
            [
              85.61595162431239,
              26.339614368384748
            ],
            [
              85.61594162606329,
              26.3393345891022
            ],
            [
              85.6160167512722,
              26.33923528564544
            ],
            [
              85.61611691881625,
              26.339203754063053
            ],
            [
              85.6162871432744,
              26.339212710298852
            ],
            [
              85.6164674926441,
              26.33933912638661
            ],
            [
              85.6166978709886,
              26.339740830726704
            ],
            [
              85.6168280216019,
              26.34006122214476
            ],
            [
              85.6168379955965,
              26.340562182104204
            ],
            [
              85.61667271726233,
              26.340887123767825
            ],
            [
              85.61629701036948,
              26.341297691864618
            ],
            [
              85.61608164826325,
              26.34153692626908
            ],
            [
              85.61582622938019,
              26.341875348750246
            ],
            [
              85.61568085142453,
              26.34243041998306
            ],
            [
              85.61563069758387,
              26.34331050874482
            ],
            [
              85.61554548788763,
              26.343802333727997
            ],
            [
              85.61545036618047,
              26.344217597628642
            ],
            [
              85.61534010875916,
              26.344515443395508
            ],
            [
              85.61515471894238,
              26.34498020912938
            ],
            [
              85.61499438044393,
              26.34537732705387
            ],
            [
              85.61476897517285,
              26.345819586913723
            ],
            [
              85.61442333668921,
              26.346311510712138
            ],
            [
              85.61406261189865,
              26.34680789132527
            ],
            [
              85.61375701042887,
              26.347286207249176
            ],
            [
              85.61347150427206,
              26.347692404052225
            ],
            [
              85.61317592800084,
              26.347976627622632
            ],
            [
              85.612825288596,
              26.348197753600658
            ],
            [
              85.61244959517786,
              26.348486527345035
            ],
            [
              85.61218408012934,
              26.348761831302795
            ],
            [
              85.61202376229214,
              26.348996444944618
            ],
            [
              85.611793233929,
              26.349429712985447
            ],
            [
              85.61158288891365,
              26.349632786067538
            ],
            [
              85.61126728919474,
              26.349704929370493
            ],
            [
              85.61074630316091,
              26.349682363311434
            ],
            [
              85.60997997644314,
              26.349537797303274
            ],
            [
              85.60923863636506,
              26.349406919867253
            ],
            [
              85.60852743206978,
              26.349311992096336
            ],
            [
              85.60823682797367,
              26.34933002375013
            ],
            [
              85.60797640188125,
              26.349388702274094
            ],
            [
              85.60768584180259,
              26.349587198296657
            ],
            [
              85.60752550420247,
              26.349830925064676
            ],
            [
              85.60739522423175,
              26.35030921480467
            ],
            [
              85.60738513165956,
              26.350792102995293
            ],
            [
              85.60733997155357,
              26.351098970063966
            ],
            [
              85.60719961787528,
              26.351347224825357
            ],
            [
              85.60689907212394,
              26.351500573203303
            ],
            [
              85.60644826966659,
              26.351649480367666
            ],
            [
              85.60596731884998,
              26.35167197440082
            ],
            [
              85.60593711120192,
              26.35166475222605
            ],
            [
              85.60555166118151,
              26.351572595401
            ],
            [
              85.6052660993291,
              26.35143719633691
            ],
            [
              85.6049004526691,
              26.351270141634892
            ],
            [
              85.60432448794323,
              26.35109408790764
            ],
            [
              85.60369330467516,
              26.350927060884118
            ],
            [
              85.60306224267961,
              26.350850221320734
            ],
            [
              85.60244105586403,
              26.350877203237847
            ],
            [
              85.60203030479364,
              26.351003467321053
            ],
            [
              85.60159441436998,
              26.3511703791233
            ],
            [
              85.60095320769999,
              26.35149525638043
            ],
            [
              85.6003319813585,
              26.351883250182365
            ],
            [
              85.59985611770136,
              26.352140405367923
            ],
            [
              85.59903451405094,
              26.35259152534593
            ],
            [
              85.59861367130662,
              26.35288929562107
            ],
            [
              85.59810761706942,
              26.35306517032995
            ],
            [
              85.59739630856959,
              26.353168888379702
            ],
            [
              85.5967801541162,
              26.35336733122778
            ],
            [
              85.59634423225152,
              26.353601936333305
            ],
            [
              85.59587831743617,
              26.353971839819025
            ],
            [
              85.59559774572516,
              26.354220061045872
            ],
            [
              85.59527711903394,
              26.354391423600518
            ],
            [
              85.59437533894777,
              26.35461693796468
            ],
            [
              85.59379929876343,
              26.35477026188383
            ],
            [
              85.59325821202675,
              26.35499127425649
            ],
            [
              85.59309290943807,
              26.35500472730286
            ],
            [
              85.59274223140564,
              26.355009135986503
            ],
            [
              85.59171526479643,
              26.355054021318534
            ],
            [
              85.5911942509148,
              26.355189370266718
            ],
            [
              85.59066320734301,
              26.355482512683395
            ],
            [
              85.59037765806701,
              26.355735187620237
            ],
            [
              85.59016211539942,
              26.356073594325334
            ],
            [
              85.5901531573994,
              26.356090687172934
            ],
            [
              85.58995161677217,
              26.356475241366212
            ],
            [
              85.58983129821964,
              26.3567865969542
            ],
            [
              85.5896307268746,
              26.35722878663008
            ],
            [
              85.58929491865506,
              26.357964311167304
            ],
            [
              85.58903429044167,
              26.358383970614618
            ],
            [
              85.58878877817958,
              26.358672697194354
            ],
            [
              85.58853318143011,
              26.358875740364013
            ],
            [
              85.58813732981702,
              26.359232134987003
            ],
            [
              85.58776656006498,
              26.3594622069932
            ],
            [
              85.58730557161061,
              26.359719375108117
            ],
            [
              85.58703503677627,
              26.35997201020062
            ],
            [
              85.58672697931253,
              26.36030292369106
            ],
            [
              85.5867264088823,
              26.360303536226123
            ],
            [
              85.58672467782877,
              26.36030539636874
            ],
            [
              85.58715681868442,
              26.360888265069715
            ],
            [
              85.58785252344775,
              26.362393915191365
            ],
            [
              85.5884934552333,
              26.36400801411094
            ],
            [
              85.58879196899547,
              26.36676474421605
            ],
            [
              85.58899586141214,
              26.367960194787273
            ],
            [
              85.5899775843721,
              26.367885608869283
            ],
            [
              85.59038354472708,
              26.367934326751232
            ],
            [
              85.59082020231195,
              26.368195028642145
            ],
            [
              85.59181613931464,
              26.367858700943245
            ],
            [
              85.59390243523951,
              26.366896942907903
            ],
            [
              85.59472283604579,
              26.366470782880107
            ],
            [
              85.59581278084462,
              26.36575515572835
            ],
            [
              85.59651827634626,
              26.36546002797974
            ],
            [
              85.59718910675942,
              26.36528248188867
            ],
            [
              85.59778511020433,
              26.36522229907122
            ],
            [
              85.59816101023496,
              26.36528459065705
            ],
            [
              85.5988379932095,
              26.365526631940355
            ],
            [
              85.59860473127291,
              26.366249250774462
            ],
            [
              85.59850121391116,
              26.366800069653
            ],
            [
              85.59850768717111,
              26.367301019244525
            ],
            [
              85.59862932984034,
              26.36777906770755
            ],
            [
              85.59928996437502,
              26.369194519949954
            ],
            [
              85.59943716770736,
              26.369839539601717
            ],
            [
              85.59946965887289,
              26.37064275032452
            ],
            [
              85.59943711380843,
              26.371491181297717
            ],
            [
              85.59923706528289,
              26.37326973210621
            ],
            [
              85.59925304631179,
              26.373590115954272
            ],
            [
              85.59931393322341,
              26.37386526276082
            ],
            [
              85.59942484731324,
              26.3740861541246
            ],
            [
              85.59957065107037,
              26.374261797800795
            ],
            [
              85.59983170328857,
              26.37444169060508
            ],
            [
              85.60032349677064,
              26.374684190767738
            ],
            [
              85.60065008378378,
              26.37500826797155
            ],
            [
              85.60103273824701,
              26.375630121965486
            ],
            [
              85.60178371724813,
              26.377085949397042
            ],
            [
              85.6019898365884,
              26.377329107156662
            ],
            [
              85.60222079793951,
              26.377472979294154
            ],
            [
              85.60251661136593,
              26.37755350318858
            ],
            [
              85.60350364786079,
              26.377542062322064
            ],
            [
              85.60456047896163,
              26.377426588858835
            ],
            [
              85.60646844223461,
              26.377119514820407
            ],
            [
              85.60676395562373,
              26.377100726168052
            ],
            [
              85.60709985097984,
              26.377154032301483
            ],
            [
              85.60793747338839,
              26.37744973297473
            ],
            [
              85.60823823473542,
              26.377494170984146
            ],
            [
              85.60864899029741,
              26.37748864128294
            ],
            [
              85.60982093241704,
              26.37730963527196
            ],
            [
              85.61056674610528,
              26.377086635883987
            ],
            [
              85.61085673216046,
              26.376882844053444
            ],
            [
              85.61112590694547,
              26.376453464645234
            ],
            [
              85.61140919965347,
              26.375712652707936
            ],
            [
              85.61207864127118,
              26.37347257096815
            ],
            [
              85.61224757485024,
              26.37303886907914
            ],
            [
              85.61243694779697,
              26.372699975217532
            ],
            [
              85.61275641296652,
              26.37233358434663
            ],
            [
              85.61314637881789,
              26.372061860038407
            ],
            [
              85.61378685156431,
              26.37180295439294
            ],
            [
              85.61450259774168,
              26.37157098018517
            ],
            [
              85.61508419580271,
              26.37173197336739
            ],
            [
              85.6154754570247,
              26.3718889381641
            ],
            [
              85.61576673665388,
              26.372100303361844
            ],
            [
              85.61600816337808,
              26.372411117073412
            ],
            [
              85.61623504817443,
              26.372852788239058
            ],
            [
              85.61644213230531,
              26.373375708053686
            ],
            [
              85.61699436533799,
              26.375314846228413
            ],
            [
              85.61715036407531,
              26.37554008880005
            ],
            [
              85.61729096479031,
              26.375629935251585
            ],
            [
              85.6175968016187,
              26.375705927792186
            ],
            [
              85.6187144756137,
              26.375824910293687
            ],
            [
              85.61887502521623,
              26.375892131196057
            ],
            [
              85.61899558900883,
              26.376000184338572
            ],
            [
              85.61912171966127,
              26.376261565793108
            ],
            [
              85.61931950712726,
              26.377010233002853
            ],
            [
              85.6194406916557,
              26.37731680192386
            ],
            [
              85.61964686040331,
              26.37754640495836
            ],
            [
              85.62007875332392,
              26.377865737969845
            ],
            [
              85.62026988786691,
              26.378108858677777
            ],
            [
              85.62041120274257,
              26.3784199491678
            ],
            [
              85.6207856681637,
              26.379583270905975
            ],
            [
              85.62089128309167,
              26.379722878159313
            ],
            [
              85.62104200063341,
              26.379821746073713
            ],
            [
              85.62268213389936,
              26.38038618615047
            ],
            [
              85.62338899124698,
              26.380506193934334
            ],
            [
              85.62361982683396,
              26.38059582567502
            ],
            [
              85.624036634346,
              26.380897097777442
            ],
            [
              85.625312913091,
              26.382021982727714
            ],
            [
              85.62590532237647,
              26.382381453374144
            ],
            [
              85.62646116933153,
              26.382285240123064
            ],
            [
              85.62682656086997,
              26.382175905249575
            ],
            [
              85.627076623099,
              26.382035374685763
            ],
            [
              85.62762643517199,
              26.381614275286175
            ],
            [
              85.62774653184066,
              26.381573318643802
            ],
            [
              85.62788189358092,
              26.381600018162544
            ],
            [
              85.62813316134906,
              26.38181141870977
            ],
            [
              85.62917937436323,
              26.383054271921743
            ],
            [
              85.62966202119908,
              26.383562924896843
            ],
            [
              85.63012432568534,
              26.383972350025214
            ],
            [
              85.63057128964148,
              26.384287061350033
            ],
            [
              85.63123393280911,
              26.384637354950925
            ],
            [
              85.63196633644678,
              26.38490615987395
            ],
            [
              85.63309968334859,
              26.385200924915857
            ],
            [
              85.63361613019529,
              26.385298845798065
            ],
            [
              85.63408224623329,
              26.385342707817667
            ],
            [
              85.63455321856374,
              26.385327945781395
            ],
            [
              85.63536947993315,
              26.38517684725097
            ],
            [
              85.63597007017592,
              26.384981145220834
            ],
            [
              85.63758114204414,
              26.384290814662343
            ],
            [
              85.63872223511862,
              26.383886094390828
            ],
            [
              85.63943608315579,
              26.38609094439029
            ],
            [
              85.6398580371161,
              26.387899481093125
            ],
            [
              85.64006434061098,
              26.38964086995652
            ],
            [
              85.64021367115392,
              26.39233014977793
            ],
            [
              85.64048139156648,
              26.394454885748136
            ],
            [
              85.64054437784092,
              26.39528514390651
            ],
            [
              85.64051802576208,
              26.396386287326923
            ],
            [
              85.64037000136956,
              26.397072652670374
            ],
            [
              85.64007212720786,
              26.397921909008264
            ],
            [
              85.63923715482936,
              26.399963986063927
            ],
            [
              85.63886858774637,
              26.40064191775813
            ],
            [
              85.63840445159528,
              26.401216339607814
            ],
            [
              85.63792100525885,
              26.402020918047782
            ],
            [
              85.6368332586375,
              26.403431839155964
            ],
            [
              85.6362340374272,
              26.4040787716547
            ],
            [
              85.63529931522126,
              26.40482145979154
            ],
            [
              85.63308870413915,
              26.406176715010897
            ],
            [
              85.63143902806993,
              26.407413161373388
            ],
            [
              85.63068392400504,
              26.40792513372428
            ],
            [
              85.63022351855733,
              26.408138404178466
            ],
            [
              85.62948241204118,
              26.408307379249603
            ],
            [
              85.62562403830141,
              26.40850705735903
            ],
            [
              85.62631373243721,
              26.40944840787967
            ],
            [
              85.62666847714293,
              26.41065694690837
            ],
            [
              85.62690698344412,
              26.411576972165
            ],
            [
              85.62930312178518,
              26.4117150490979
            ],
            [
              85.63100188808974,
              26.411669910622663
            ],
            [
              85.6337224592839,
              26.41141895988052
            ],
            [
              85.6373042839685,
              26.410926420174427
            ]
          ]
        ]
      }
    }
  ]
}