{
  "type": "FeatureCollection",
  "features": [
    {
      "type": "Feature",
      "properties": {
        "object_id": "10-211-01138",
        "stname": "BIHAR",
        "dtname": "Purnia",
        "sdtname": "Amour",
        "st_area_sh": 0.0,
        "st_length_": 0.0,
        "remarks": "",
        "dist_lgd": 214,
        "state_lgd": 10,
        "subdt_lgd": 1138,
        "ac_no": null,
        "st_length(shape)": 141371.93624621196,
        "st_area(shape)": 307011870.96961224
      },
      "geometry": {
        "type": "Polygon",
        "coordinates": [
          [
            [
              87.66208465076497,
              26.080452831074652
            ],
            [
              87.66226453390904,
              26.080258686659
            ],
            [
              87.66241931632743,
              26.080028449123535
            ],
            [
              87.66249421695751,
              26.079870542094763
            ],
            [
              87.66252420002674,
              26.0797261149249
            ],
            [
              87.66248916842562,
              26.079595169277564
            ],
            [
              87.66239916172572,
              26.079378606614565
            ],
            [
              87.66198426133703,
              26.0789590183407
            ],
            [
              87.66166926169277,
              26.07870186063746
            ],
            [
              87.66122943305493,
              26.078435704260443
            ],
            [
              87.66043472226914,
              26.077984532773197
            ],
            [
              87.65972498043116,
              26.07756502180305
            ],
            [
              87.65948995240674,
              26.077321309918634
            ],
            [
              87.65931499203045,
              26.077091227173174
            ],
            [
              87.6592099717872,
              26.076888184654756
            ],
            [
              87.65916496619147,
              26.07668956263934
            ],
            [
              87.6591999268257,
              26.076540688898838
            ],
            [
              87.65923483805257,
              26.076418813799197
            ],
            [
              87.65932474144621,
              26.07631492624289
            ],
            [
              87.65943466828753,
              26.07625176000095
            ],
            [
              87.65959958909222,
              26.076242698787205
            ],
            [
              87.65982455688376,
              26.076350927394937
            ],
            [
              87.66004446536365,
              26.076644279325606
            ],
            [
              87.66028450239409,
              26.077032348251787
            ],
            [
              87.6604344419948,
              26.07723987913153
            ],
            [
              87.66060447780671,
              26.07741138300873
            ],
            [
              87.66084938101105,
              26.077650443123282
            ],
            [
              87.66104436214007,
              26.07781289176175
            ],
            [
              87.66143921841986,
              26.07802941294371
            ],
            [
              87.6616541367583,
              26.078074478675507
            ],
            [
              87.66192396911012,
              26.0780698997275
            ],
            [
              87.66234877432312,
              26.07802921364845
            ],
            [
              87.66282842258256,
              26.077749268835372
            ],
            [
              87.66304329959851,
              26.077609320383807
            ],
            [
              87.66356279622562,
              26.07716232368139
            ],
            [
              87.66365460225103,
              26.077023351648126
            ],
            [
              87.66370257767711,
              26.076950729262798
            ],
            [
              87.6638007841989,
              26.076802069675423
            ],
            [
              87.66394600225449,
              26.076582243690932
            ],
            [
              87.6639474494404,
              26.076580054643497
            ],
            [
              87.66376206142029,
              26.075419226796438
            ],
            [
              87.66345658661298,
              26.073487723251795
            ],
            [
              87.66281618573177,
              26.071276483345766
            ],
            [
              87.6619511763851,
              26.069742197829573
            ],
            [
              87.66241066016137,
              26.06901997110023
            ],
            [
              87.66217530155693,
              26.06726447867913
            ],
            [
              87.66631651255884,
              26.063670874789967
            ],
            [
              87.6681098822426,
              26.0620591678951
            ],
            [
              87.6690286090466,
              26.060425157175153
            ],
            [
              87.6692030286371,
              26.059129775790726
            ],
            [
              87.66828292920734,
              26.057027008403363
            ],
            [
              87.66769262557291,
              26.05527607266016
            ],
            [
              87.66895151832385,
              26.054711546993563
            ],
            [
              87.66971106096457,
              26.054810613993162
            ],
            [
              87.67061015059645,
              26.054074636251535
            ],
            [
              87.6714139388582,
              26.05241354775726
            ],
            [
              87.671612366823,
              26.048744293323516
            ],
            [
              87.67325632242047,
              26.049217710308035
            ],
            [
              87.67370118881043,
              26.04975458518793
            ],
            [
              87.67349179870423,
              26.050973209234748
            ],
            [
              87.67363723864365,
              26.052123963745895
            ],
            [
              87.67428193526855,
              26.052687941792588
            ],
            [
              87.6750764493233,
              26.052705749890894
            ],
            [
              87.67652993692772,
              26.051680679840157
            ],
            [
              87.67890289064964,
              26.05099834963942
            ],
            [
              87.6786272300283,
              26.04906683403218
            ],
            [
              87.67916648510007,
              26.048443795155425
            ],
            [
              87.67929568978741,
              26.04697252100696
            ],
            [
              87.67862122119735,
              26.046945688104405
            ],
            [
              87.67636308564347,
              26.047339148216928
            ],
            [
              87.67562833111471,
              26.046599217292865
            ],
            [
              87.67572793272015,
              26.0458094353126
            ],
            [
              87.67665162271611,
              26.04428815032006
            ],
            [
              87.67641152460023,
              26.043823376829
            ],
            [
              87.67424285316379,
              26.04278158173323
            ],
            [
              87.67440698884094,
              26.04098077926402
            ],
            [
              87.67364692787233,
              26.0394420952948
            ],
            [
              87.67351608555624,
              26.037113335074924
            ],
            [
              87.67425941809763,
              26.034621836281143
            ],
            [
              87.67527739077423,
              26.03183689625272
            ],
            [
              87.67620088493746,
              26.030275064743503
            ],
            [
              87.67752393267106,
              26.02877618071461
            ],
            [
              87.67983605966849,
              26.027159613287598
            ],
            [
              87.68200865314941,
              26.026368960171403
            ],
            [
              87.68295763161893,
              26.025993982886778
            ],
            [
              87.68388199175806,
              26.02659388833164
            ],
            [
              87.68653926855563,
              26.026186590666914
            ],
            [
              87.68835728262088,
              26.025612625717475
            ],
            [
              87.68813174529745,
              26.02421815276986
            ],
            [
              87.6883510878387,
              26.023356097251362
            ],
            [
              87.68897504416029,
              26.022660737183
            ],
            [
              87.68978479094729,
              26.023581089307964
            ],
            [
              87.69041501840793,
              26.02501151167822
            ],
            [
              87.69176367441533,
              26.024988328882152
            ],
            [
              87.69186309006949,
              26.024054058954174
            ],
            [
              87.69175750658259,
              26.022831022889875
            ],
            [
              87.69233623901788,
              26.02170696733317
            ],
            [
              87.6923647111208,
              26.01900812609069
            ],
            [
              87.69355332866706,
              26.018772806725206
            ],
            [
              87.69451252726957,
              26.018970973916765
            ],
            [
              87.69443372884948,
              26.020983869862423
            ],
            [
              87.69382510587145,
              26.022252314286792
            ],
            [
              87.69432025366278,
              26.023249543966493
            ],
            [
              87.69552428989263,
              26.023591966036157
            ],
            [
              87.69608394929777,
              26.024006843767555
            ],
            [
              87.69692317879242,
              26.02399293187256
            ],
            [
              87.69678779998412,
              26.023243839197253
            ],
            [
              87.69787097418069,
              26.02200214804239
            ],
            [
              87.69904409758495,
              26.020868776067328
            ],
            [
              87.70144716463182,
              26.021580597743892
            ],
            [
              87.70244642090945,
              26.021855328704504
            ],
            [
              87.70491391602684,
              26.02178177527605
            ],
            [
              87.70599695637438,
              26.02050400514881
            ],
            [
              87.70653448757918,
              26.01768745926962
            ],
            [
              87.70758762840083,
              26.01659017008654
            ],
            [
              87.7086061580329,
              26.015894546313017
            ],
            [
              87.70952017317322,
              26.015880456659637
            ],
            [
              87.71028851840542,
              26.01467958217713
            ],
            [
              87.71078195400781,
              26.013307300617257
            ],
            [
              87.71124616382077,
              26.012869249929476
            ],
            [
              87.71211513024625,
              26.012706177644585
            ],
            [
              87.71209586856992,
              26.013604352797298
            ],
            [
              87.71167677664212,
              26.014263512189476
            ],
            [
              87.71132236161813,
              26.01466084071753
            ],
            [
              87.71110344667497,
              26.015744139801694
            ],
            [
              87.71185744671038,
              26.01547739724283
            ],
            [
              87.7124414774092,
              26.0149670740972
            ],
            [
              87.7131409883344,
              26.015305130259435
            ],
            [
              87.71396113671409,
              26.01658639602269
            ],
            [
              87.71529912702414,
              26.01581382120626
            ],
            [
              87.71720718012863,
              26.015817157742852
            ],
            [
              87.71953545344493,
              26.016709218932643
            ],
            [
              87.72162420805876,
              26.01775040036084
            ],
            [
              87.72419597602102,
              26.017017478094004
            ],
            [
              87.72519675673973,
              26.019119970838236
            ],
            [
              87.72540735418167,
              26.020085618781167
            ],
            [
              87.725323573705,
              26.021484713921
            ],
            [
              87.72559484875113,
              26.023204063216834
            ],
            [
              87.7273410928151,
              26.026587663876864
            ],
            [
              87.72756338811867,
              26.029566255800034
            ],
            [
              87.72593522939546,
              26.029987075958815
            ],
            [
              87.72499155008778,
              26.030434565820695
            ],
            [
              87.72394878211273,
              26.031960707334367
            ],
            [
              87.72387044363005,
              26.033901456223028
            ],
            [
              87.72229382574626,
              26.03629892114768
            ],
            [
              87.72227991533407,
              26.037661915662646
            ],
            [
              87.72133603210885,
              26.038041670235202
            ],
            [
              87.7207313626164,
              26.03779836122322
            ],
            [
              87.7202361537396,
              26.03694568363717
            ],
            [
              87.71884744724355,
              26.03714974135258
            ],
            [
              87.71825326827698,
              26.03748404900532
            ],
            [
              87.71817996395316,
              26.039636903824913
            ],
            [
              87.71889960612393,
              26.039875631810027
            ],
            [
              87.71923482235364,
              26.040552337350096
            ],
            [
              87.72054880967929,
              26.04056499705027
            ],
            [
              87.72162809506897,
              26.040798974053107
            ],
            [
              87.72166965113404,
              26.042811803819685
            ],
            [
              87.72311908823485,
              26.043505880604094
            ],
            [
              87.72396388189433,
              26.044064909025035
            ],
            [
              87.72518749960071,
              26.043504419750967
            ],
            [
              87.72650142224767,
              26.043517125944287
            ],
            [
              87.72699164188138,
              26.044261403162395
            ],
            [
              87.72646840556772,
              26.04581880799406
            ],
            [
              87.72683350425537,
              26.04624276427048
            ],
            [
              87.72823781628453,
              26.04672021626083
            ],
            [
              87.72859877463704,
              26.04806930973397
            ],
            [
              87.73003241396528,
              26.047829131175863
            ],
            [
              87.730371596257,
              26.047178972816337
            ],
            [
              87.7325494116447,
              26.046635765092653
            ],
            [
              87.73252324192381,
              26.045345060097294
            ],
            [
              87.73365134176605,
              26.04417534975049
            ],
            [
              87.7340300885578,
              26.043200192248182
            ],
            [
              87.73633353782958,
              26.04202094708114
            ],
            [
              87.7376419987196,
              26.04156864017265
            ],
            [
              87.73766629096151,
              26.04084656828452
            ],
            [
              87.73693970211869,
              26.038563421345266
            ],
            [
              87.73837361543308,
              26.038648105939732
            ],
            [
              87.74040719013222,
              26.03889472081951
            ],
            [
              87.74285945072069,
              26.03827893974235
            ],
            [
              87.74477300959958,
              26.038390218882203
            ],
            [
              87.74744923096814,
              26.036907658967287
            ],
            [
              87.74824373064983,
              26.03635053197173
            ],
            [
              87.74869232864147,
              26.03482843413922
            ],
            [
              87.74898076330614,
              26.03364046162066
            ],
            [
              87.74894906894632,
              26.033120362686507
            ],
            [
              87.74903279821898,
              26.032218239648163
            ],
            [
              87.74744930732497,
              26.03238755982201
            ],
            [
              87.74497951341878,
              26.03048962512246
            ],
            [
              87.74371937111127,
              26.029145712615787
            ],
            [
              87.74311786009534,
              26.027070112630632
            ],
            [
              87.74326195435849,
              26.026316369834664
            ],
            [
              87.74236168344198,
              26.025215858152805
            ],
            [
              87.74225018365058,
              26.023568654608738
            ],
            [
              87.74246913991625,
              26.02273803405869
            ],
            [
              87.74288162114192,
              26.021658478973862
            ],
            [
              87.74429485613678,
              26.02142067373901
            ],
            [
              87.74472079412537,
              26.022706549920624
            ],
            [
              87.74521081523139,
              26.02320257708638
            ],
            [
              87.74514678421625,
              26.024105290114388
            ],
            [
              87.74744953909028,
              26.02402663314069
            ],
            [
              87.74822586944704,
              26.023927490083256
            ],
            [
              87.74820191497167,
              26.023534337286005
            ],
            [
              87.74804148304845,
              26.02209613683034
            ],
            [
              87.74909758920886,
              26.02151778383075
            ],
            [
              87.74999999991236,
              26.021113892924298
            ],
            [
              87.75008907775424,
              26.021074024194856
            ],
            [
              87.75085501011156,
              26.02051009188493
            ],
            [
              87.7514718607593,
              26.019887787678694
            ],
            [
              87.75243936338829,
              26.019050858906652
            ],
            [
              87.75324179699055,
              26.017893391073347
            ],
            [
              87.7543269402942,
              26.01540722883995
            ],
            [
              87.75467880769605,
              26.012826169333554
            ],
            [
              87.75475651017149,
              26.010521618989902
            ],
            [
              87.75460467243059,
              26.008031226783526
            ],
            [
              87.7547749301264,
              26.00605071878465
            ],
            [
              87.75534374066935,
              26.00464198461624
            ],
            [
              87.75532376393407,
              26.004314321718255
            ],
            [
              87.75558990959992,
              26.003906718260804
            ],
            [
              87.75584373666828,
              26.003894081248927
            ],
            [
              87.75609756463498,
              26.00388144100618
            ],
            [
              87.7563715948141,
              26.003604832818972
            ],
            [
              87.75648867763495,
              26.003138863111246
            ],
            [
              87.75639621943262,
              26.002814809857735
            ],
            [
              87.75627568618278,
              26.00203201415099
            ],
            [
              87.75646934229675,
              26.001627926220117
            ],
            [
              87.75661439685898,
              26.001620701700976
            ],
            [
              87.75698497976141,
              26.001733728880637
            ],
            [
              87.75752796014673,
              26.003481460103004
            ],
            [
              87.75784205967906,
              26.00386026116868
            ],
            [
              87.75842618919256,
              26.003896861843792
            ],
            [
              87.75950608723326,
              26.003711680056693
            ],
            [
              87.76117410420564,
              26.003628576927117
            ],
            [
              87.76368836382008,
              26.003108832650934
            ],
            [
              87.76559847496492,
              26.00222481465045
            ],
            [
              87.76673070975238,
              26.001708220245188
            ],
            [
              87.76731493269067,
              26.00174478283625
            ],
            [
              87.76776200893622,
              26.00191975669838
            ],
            [
              87.76779402399461,
              26.002443996903928
            ],
            [
              87.76733039988322,
              26.00319022369846
            ],
            [
              87.76686676319541,
              26.00393635613369
            ],
            [
              87.7667698322813,
              26.004730080599465
            ],
            [
              87.7670678537667,
              26.004846701607615
            ],
            [
              87.76786562780761,
              26.004806921008402
            ],
            [
              87.76859482176475,
              26.004836247817735
            ],
            [
              87.7709436449415,
              26.00430059076269
            ],
            [
              87.76982437104695,
              26.00171286838177
            ],
            [
              87.7692462674324,
              26.000457747751867
            ],
            [
              87.7692329903325,
              26.00042901813084
            ],
            [
              87.76903445277323,
              26.00000008016969
            ],
            [
              87.76871664409705,
              25.9993134446536
            ],
            [
              87.76821950474074,
              25.998016411368102
            ],
            [
              87.76784970786412,
              25.996750893626082
            ],
            [
              87.7671193227409,
              25.994370319959344
            ],
            [
              87.76689544460581,
              25.992757525959696
            ],
            [
              87.76679870233792,
              25.991855972862123
            ],
            [
              87.76733106194159,
              25.99167840822199
            ],
            [
              87.76887247395109,
              25.99160152692747
            ],
            [
              87.76970114015629,
              25.99148463599868
            ],
            [
              87.76982863714622,
              25.990836246290886
            ],
            [
              87.76982431804635,
              25.990081191298362
            ],
            [
              87.76982497471482,
              25.98872154198414
            ],
            [
              87.76983473221543,
              25.98751254670185
            ],
            [
              87.76974734859618,
              25.986081825805776
            ],
            [
              87.7697571051985,
              25.98487282921213
            ],
            [
              87.76987079867577,
              25.983998550669234
            ],
            [
              87.77001466476686,
              25.982933971004897
            ],
            [
              87.7704893121051,
              25.982494828337874
            ],
            [
              87.77102162499637,
              25.98231721806227
            ],
            [
              87.77155403939729,
              25.982139571179818
            ],
            [
              87.77296802089216,
              25.982031225749495
            ],
            [
              87.77434273343269,
              25.981962604771947
            ],
            [
              87.77585616471772,
              25.982113711055753
            ],
            [
              87.77640952513612,
              25.981595062714813
            ],
            [
              87.77722905098328,
              25.9806477499171
            ],
            [
              87.77819683298831,
              25.979390988673543
            ],
            [
              87.77838689314625,
              25.978399550616164
            ],
            [
              87.77878519266851,
              25.977397709342647
            ],
            [
              87.77882479399948,
              25.97667822910809
            ],
            [
              87.77881121237068,
              25.975772515660214
            ],
            [
              87.7786147121905,
              25.975291310610626
            ],
            [
              87.77833708336038,
              25.974852027954295
            ],
            [
              87.777353706602,
              25.97448567987997
            ],
            [
              87.77677413603855,
              25.97423138289739
            ],
            [
              87.77619456457681,
              25.973977082942238
            ],
            [
              87.7733019327681,
              25.97377809364336
            ],
            [
              87.77223383859021,
              25.973309427863157
            ],
            [
              87.77174157439093,
              25.972812017382818
            ],
            [
              87.77075686004112,
              25.971817292675706
            ],
            [
              87.77068057959876,
              25.970568349142916
            ],
            [
              87.7713814308104,
              25.96928071261264
            ],
            [
              87.77162155587573,
              25.968485802207404
            ],
            [
              87.77196737941235,
              25.96752897661101
            ],
            [
              87.77216587475077,
              25.966997180387967
            ],
            [
              87.77211501393602,
              25.966164547796637
            ],
            [
              87.77231350118961,
              25.96563265898891
            ],
            [
              87.77239357072584,
              25.965054527946396
            ],
            [
              87.77237449859403,
              25.964742291307314
            ],
            [
              87.77199104732513,
              25.96413505072667
            ],
            [
              87.77247414331863,
              25.96353680262787
            ],
            [
              87.77302757111065,
              25.963143833783374
            ],
            [
              87.77256096818576,
              25.96212316038123
            ],
            [
              87.77216788697702,
              25.961359851620486
            ],
            [
              87.7722993176896,
              25.960674759209194
            ],
            [
              87.77214952181936,
              25.95916852723579
            ],
            [
              87.77216900088798,
              25.958541266070135
            ],
            [
              87.77238336676254,
              25.958269525736554
            ],
            [
              87.7728184657704,
              25.957830310364123
            ],
            [
              87.77336858416889,
              25.957385259385457
            ],
            [
              87.77345192177614,
              25.956859113194596
            ],
            [
              87.77400242734856,
              25.95547455539155
            ],
            [
              87.7745879932682,
              25.954662382995203
            ],
            [
              87.77519214443274,
              25.955101955888676
            ],
            [
              87.77691842343953,
              25.956894799652858
            ],
            [
              87.77785817890602,
              25.958100533258015
            ],
            [
              87.77890672574328,
              25.959196519835686
            ],
            [
              87.77934462929147,
              25.95974877988866
            ],
            [
              87.77952975230859,
              25.960887807962052
            ],
            [
              87.78032579799087,
              25.961631055798424
            ],
            [
              87.78070937771886,
              25.96223817926839
            ],
            [
              87.78046295905666,
              25.962929026811754
            ],
            [
              87.77981669576991,
              25.96369209602094
            ],
            [
              87.77978145036973,
              25.964059201363295
            ],
            [
              87.78047216229673,
              25.964024688166493
            ],
            [
              87.7814507654077,
              25.963975785906097
            ],
            [
              87.78271725610934,
              25.963912488910598
            ],
            [
              87.78375973931844,
              25.963964776857512
            ],
            [
              87.78482143030497,
              25.964329288807274
            ],
            [
              87.78620295566863,
              25.964260211680287
            ],
            [
              87.78680440559911,
              25.963708148867536
            ],
            [
              87.78712104916038,
              25.963222572711754
            ],
            [
              87.78788558823071,
              25.962505800266698
            ],
            [
              87.78923523597815,
              25.96191630217135
            ],
            [
              87.79030665212596,
              25.96149735583839
            ],
            [
              87.79143248911198,
              25.96102343328783
            ],
            [
              87.79185796806146,
              25.960428001067825
            ],
            [
              87.79220058461252,
              25.958479541945984
            ],
            [
              87.79240909796299,
              25.955285109362993
            ],
            [
              87.7926493209447,
              25.953550656170687
            ],
            [
              87.79282858065797,
              25.95270649670223
            ],
            [
              87.79322509343112,
              25.952582253153572
            ],
            [
              87.79632697970045,
              25.95232255763194
            ],
            [
              87.80000437255485,
              25.952033969853105
            ],
            [
              87.80230674833986,
              25.9519186074008
            ],
            [
              87.80237383272863,
              25.952071888723328
            ],
            [
              87.802370562861,
              25.952959395191797
            ],
            [
              87.80203795264389,
              25.95318486128939
            ],
            [
              87.80147189633561,
              25.9533697769622
            ],
            [
              87.80107538985067,
              25.953494043103536
            ],
            [
              87.80104339994509,
              25.953913240048305
            ],
            [
              87.8013471122578,
              25.954158972319167
            ],
            [
              87.80181080913275,
              25.95418798302376
            ],
            [
              87.80216575506104,
              25.954326748385533
            ],
            [
              87.80259417419649,
              25.95472287170739
            ],
            [
              87.80294256601648,
              25.95569715174317
            ],
            [
              87.80304804529881,
              25.956474808050107
            ],
            [
              87.80351483686992,
              25.95655581218963
            ],
            [
              87.8040201967094,
              25.9563216859239
            ],
            [
              87.80445836795555,
              25.955934374369313
            ],
            [
              87.80454476702126,
              25.955460203259054
            ],
            [
              87.80446162524676,
              25.955046869330204
            ],
            [
              87.8045959620093,
              25.954413743199026
            ],
            [
              87.80456723927641,
              25.95394543564048
            ],
            [
              87.80454170556277,
              25.953529120753768
            ],
            [
              87.80488388643089,
              25.953459723084258
            ],
            [
              87.80517174797045,
              25.953445293164915
            ],
            [
              87.80530283732321,
              25.953699762695035
            ],
            [
              87.80533156185274,
              25.954168071230956
            ],
            [
              87.8058015379515,
              25.9543010622671
            ],
            [
              87.80673531423147,
              25.954463041173792
            ],
            [
              87.80687279240257,
              25.95482158934165
            ],
            [
              87.80691429367037,
              25.95549805237055
            ],
            [
              87.80694302718304,
              25.95596636021365
            ],
            [
              87.8072371787262,
              25.95605600873257
            ],
            [
              87.80738757287443,
              25.95568311787347
            ],
            [
              87.8076082458206,
              25.95551540916457
            ],
            [
              87.80788962511706,
              25.955396900067814
            ],
            [
              87.80831167609543,
              25.95568893011691
            ],
            [
              87.80838845061116,
              25.95599827577915
            ],
            [
              87.80813251429852,
              25.956533103735975
            ],
            [
              87.80793429294626,
              25.957065036905735
            ],
            [
              87.80802692901497,
              25.957634538250005
            ],
            [
              87.80826996013025,
              25.957831147130996
            ],
            [
              87.80859618512231,
              25.957501591364878
            ],
            [
              87.80893837407525,
              25.957432183922027
            ],
            [
              87.80918140698721,
              25.95762879233335
            ],
            [
              87.80980485396404,
              25.958380464728524
            ],
            [
              87.81053717405838,
              25.958082780270285
            ],
            [
              87.81188357978601,
              25.95744108631148
            ],
            [
              87.81330026341327,
              25.957004559089548
            ],
            [
              87.8148351653319,
              25.95661442203004
            ],
            [
              87.817005129444,
              25.956311711631294
            ],
            [
              87.81712879601758,
              25.956053396623574
            ],
            [
              87.81847281671811,
              25.955229410647643
            ],
            [
              87.81895942512438,
              25.954070219727722
            ],
            [
              87.81921436340878,
              25.953679165874327
            ],
            [
              87.81931474475186,
              25.953043673836024
            ],
            [
              87.81927612438119,
              25.952415162784394
            ],
            [
              87.81787807989778,
              25.952359317320102
            ],
            [
              87.81700525790309,
              25.95177269319895
            ],
            [
              87.81724475594434,
              25.951130308958266
            ],
            [
              87.81822568299692,
              25.95120710685833
            ],
            [
              87.81976281543244,
              25.951255962729384
            ],
            [
              87.820149020936,
              25.950732259206564
            ],
            [
              87.82094459410446,
              25.95006184382888
            ],
            [
              87.82158561033164,
              25.949147082241204
            ],
            [
              87.82139253542762,
              25.948274220722737
            ],
            [
              87.82092136726448,
              25.947415330239387
            ],
            [
              87.82088273970724,
              25.946786818220414
            ],
            [
              87.8217169161784,
              25.946744909706858
            ],
            [
              87.82255881456771,
              25.946828663713326
            ],
            [
              87.82295272222657,
              25.94643061799732
            ],
            [
              87.82347016799987,
              25.94577425195186
            ],
            [
              87.82497632293111,
              25.945320302170906
            ],
            [
              87.82580275412788,
              25.945152615049537
            ],
            [
              87.82621597107374,
              25.94506881623099
            ],
            [
              87.8266291880196,
              25.944985015737227
            ],
            [
              87.82658280530653,
              25.944230836882344
            ],
            [
              87.82381769743725,
              25.942352493781545
            ],
            [
              87.82360132562462,
              25.941102454788723
            ],
            [
              87.82343915456302,
              25.940732348741268
            ],
            [
              87.82175543683611,
              25.940564845730083
            ],
            [
              87.82115303109813,
              25.93983860103635
            ],
            [
              87.8211684156457,
              25.937820400723705
            ],
            [
              87.8209248769823,
              25.936194015804656
            ],
            [
              87.82086060521867,
              25.93552790182595
            ],
            [
              87.82022592930073,
              25.935249533327923
            ],
            [
              87.8194124940312,
              25.93429752783728
            ],
            [
              87.81909175325394,
              25.93366263807755
            ],
            [
              87.81906448758845,
              25.933608667640996
            ],
            [
              87.81906326228639,
              25.933607930068263
            ],
            [
              87.81750981105546,
              25.932673101014768
            ],
            [
              87.81633726077635,
              25.931864720214172
            ],
            [
              87.81605290895462,
              25.931724748086822
            ],
            [
              87.8159891420442,
              25.931722608849416
            ],
            [
              87.81564363022298,
              25.931711020774046
            ],
            [
              87.81438034291365,
              25.931902912174944
            ],
            [
              87.81425093880034,
              25.931922566791247
            ],
            [
              87.81282330740471,
              25.932147649035677
            ],
            [
              87.81276762712847,
              25.932136551376974
            ],
            [
              87.81261872508192,
              25.932106870365754
            ],
            [
              87.81237417132222,
              25.931894680000827
            ],
            [
              87.81211997324966,
              25.931370972784407
            ],
            [
              87.81187101594844,
              25.930152326196804
            ],
            [
              87.81164645329709,
              25.930098081088843
            ],
            [
              87.81160398544205,
              25.93009805766031
            ],
            [
              87.81115230622896,
              25.93009781529625
            ],
            [
              87.80797285492645,
              25.930299534747622
            ],
            [
              87.80792292566466,
              25.9302899096782
            ],
            [
              87.80750364509062,
              25.93020908782449
            ],
            [
              87.80744830437753,
              25.930056631168753
            ],
            [
              87.80743885679568,
              25.93003060690973
            ],
            [
              87.80736608786779,
              25.930030386358293
            ],
            [
              87.80722540360944,
              25.930029957373616
            ],
            [
              87.80527571538815,
              25.92963033122051
            ],
            [
              87.80510597602027,
              25.928871457170978
            ],
            [
              87.80355035984951,
              25.92627272210071
            ],
            [
              87.80221438895224,
              25.9245215717744
            ],
            [
              87.80072381619793,
              25.92207112304857
            ],
            [
              87.79970024342383,
              25.919950824049625
            ],
            [
              87.79870148121961,
              25.91823323868243
            ],
            [
              87.79807698680713,
              25.916244324261257
            ],
            [
              87.79765046042202,
              25.914750630400256
            ],
            [
              87.79760110787862,
              25.913944982117535
            ],
            [
              87.79583184089226,
              25.9142356888327
            ],
            [
              87.7941331931653,
              25.91476960432119
            ],
            [
              87.79406972719049,
              25.915393844052222
            ],
            [
              87.7938159333598,
              25.916234575231844
            ],
            [
              87.7929226261834,
              25.91742937313921
            ],
            [
              87.79159243774157,
              25.918968083923886
            ],
            [
              87.79055523842295,
              25.92030810215096
            ],
            [
              87.78928718016115,
              25.921199580639588
            ],
            [
              87.78806980215276,
              25.92208860676694
            ],
            [
              87.78749111103997,
              25.92280947825435
            ],
            [
              87.78725985324482,
              25.92340156197206
            ],
            [
              87.78696049865952,
              25.923755077617155
            ],
            [
              87.78639425460331,
              25.924992806260132
            ],
            [
              87.78637337506117,
              25.925525987116526
            ],
            [
              87.78538077260485,
              25.925914267988258
            ],
            [
              87.78420741204536,
              25.925972949632122
            ],
            [
              87.78351416327598,
              25.9260076169827
            ],
            [
              87.78286530116308,
              25.925894933917647
            ],
            [
              87.78253375275465,
              25.92484724003761
            ],
            [
              87.78231772140357,
              25.923938897092796
            ],
            [
              87.78188246878378,
              25.922944853349875
            ],
            [
              87.78106772826213,
              25.92274370382814
            ],
            [
              87.77978782930657,
              25.922807679801632
            ],
            [
              87.77745304769601,
              25.923117862395504
            ],
            [
              87.77485453419278,
              25.923489557218087
            ],
            [
              87.77222916914737,
              25.924297838733196
            ],
            [
              87.77063469814563,
              25.925344960647045
            ],
            [
              87.77006578339808,
              25.925663614778742
            ],
            [
              87.76892739065934,
              25.927171614823457
            ],
            [
              87.76848823306304,
              25.92874155102406
            ],
            [
              87.76808179031273,
              25.92997113071546
            ],
            [
              87.76841287878372,
              25.931889536305484
            ],
            [
              87.76864354099587,
              25.93303903635777
            ],
            [
              87.76874691911877,
              25.933856166244635
            ],
            [
              87.76838238277647,
              25.934019483612754
            ],
            [
              87.76685075611536,
              25.93346712226392
            ],
            [
              87.76504950461329,
              25.93287972785365
            ],
            [
              87.7640154907207,
              25.93259267503291
            ],
            [
              87.76293696710235,
              25.93245296228686
            ],
            [
              87.76251933493688,
              25.932183536063178
            ],
            [
              87.76210170726299,
              25.931914109223396
            ],
            [
              87.76168168468051,
              25.930290383095276
            ],
            [
              87.76092320744173,
              25.9301346982562
            ],
            [
              87.7605594849731,
              25.928556535281473
            ],
            [
              87.76022743530471,
              25.926819133846355
            ],
            [
              87.76020109400567,
              25.926387094943305
            ],
            [
              87.76027597756773,
              25.926186359288995
            ],
            [
              87.76101205082334,
              25.92611031420245
            ],
            [
              87.7614487434425,
              25.926127886999414
            ],
            [
              87.76194844838732,
              25.925748400125137
            ],
            [
              87.76226006138296,
              25.925141941668038
            ],
            [
              87.76304969758567,
              25.9238024098204
            ],
            [
              87.76374732025218,
              25.923097913032798
            ],
            [
              87.7645465127329,
              25.92191545966943
            ],
            [
              87.76463132806876,
              25.92116274093606
            ],
            [
              87.76519629561894,
              25.92042541362723
            ],
            [
              87.76594215242629,
              25.919797188251298
            ],
            [
              87.76712717671143,
              25.919225918738118
            ],
            [
              87.7675614528625,
              25.91920424777278
            ],
            [
              87.76778376882734,
              25.91856279201982
            ],
            [
              87.7673283939452,
              25.916812652662276
            ],
            [
              87.76714064066093,
              25.91587643479365
            ],
            [
              87.76673297620182,
              25.915620989121823
            ],
            [
              87.76587622776252,
              25.915860743864833
            ],
            [
              87.76538650399887,
              25.915688171789515
            ],
            [
              87.76487761557694,
              25.91520141997645
            ],
            [
              87.76428392619218,
              25.915467480998117
            ],
            [
              87.7630291980309,
              25.9156088508453
            ],
            [
              87.76173338272511,
              25.91579160517996
            ],
            [
              87.760705416291,
              25.916079308134442
            ],
            [
              87.76015508319512,
              25.916343098382747
            ],
            [
              87.75959728959081,
              25.917198271698847
            ],
            [
              87.75810831044782,
              25.917784634122246
            ],
            [
              87.75700054037877,
              25.91819441692949
            ],
            [
              87.75532815400085,
              25.91863232417161
            ],
            [
              87.7541722045882,
              25.918965702875887
            ],
            [
              87.75379326915021,
              25.9191815846346
            ],
            [
              87.7536674079924,
              25.91997577838518
            ],
            [
              87.75254525230238,
              25.920149893830033
            ],
            [
              87.75135818614662,
              25.919972573248856
            ],
            [
              87.75065887913894,
              25.91921947287463
            ],
            [
              87.75039831290933,
              25.91923244782059
            ],
            [
              87.75066051766605,
              25.920677108105384
            ],
            [
              87.75066248317988,
              25.92142558664031
            ],
            [
              87.75097098980129,
              25.922198145758415
            ],
            [
              87.75120961108685,
              25.92254083306783
            ],
            [
              87.7521652523608,
              25.922493241011708
            ],
            [
              87.75249322367776,
              25.922870821148933
            ],
            [
              87.75267370060826,
              25.923689190609213
            ],
            [
              87.75285188683475,
              25.92446823621506
            ],
            [
              87.75286821820661,
              25.92545234675828
            ],
            [
              87.75272463598317,
              25.92559736770138
            ],
            [
              87.75258100614903,
              25.925742436940652
            ],
            [
              87.75158674540266,
              25.925870736230323
            ],
            [
              87.75012905278442,
              25.926258543340964
            ],
            [
              87.74999998643763,
              25.9262591258416
            ],
            [
              87.74925784955386,
              25.926262478653864
            ],
            [
              87.74801574182399,
              25.925181824347796
            ],
            [
              87.74745171660655,
              25.924801517623763
            ],
            [
              87.74710108528653,
              25.92478976001327
            ],
            [
              87.7465249768302,
              25.924691366226487
            ],
            [
              87.7462265133737,
              25.924507097105774
            ],
            [
              87.74548664832928,
              25.924217634868956
            ],
            [
              87.74543118903857,
              25.923244319236243
            ],
            [
              87.74543688256084,
              25.92256761035739
            ],
            [
              87.74533743007576,
              25.92211377636859
            ],
            [
              87.7452378410467,
              25.921885423823632
            ],
            [
              87.74485229670317,
              25.921828957931695
            ],
            [
              87.74438454573138,
              25.92190014604275
            ],
            [
              87.7434643879111,
              25.92206027490093
            ],
            [
              87.7431752866965,
              25.92231782259932
            ],
            [
              87.74276201675004,
              25.92260458373851
            ],
            [
              87.74220517985151,
              25.922708852117246
            ],
            [
              87.74165322888977,
              25.922813059808984
            ],
            [
              87.74106245723308,
              25.922967573127565
            ],
            [
              87.7404347118176,
              25.92302348504288
            ],
            [
              87.74000723321828,
              25.923346510677888
            ],
            [
              87.73931105594107,
              25.92371486966915
            ],
            [
              87.73887621564802,
              25.923925290869384
            ],
            [
              87.73832655359367,
              25.924137641009644
            ],
            [
              87.73761568436998,
              25.924276180011102
            ],
            [
              87.73697840693103,
              25.92435475830119
            ],
            [
              87.73600673881405,
              25.92372644479607
            ],
            [
              87.73505443118809,
              25.92306611216457
            ],
            [
              87.73449063414274,
              25.922841287271105
            ],
            [
              87.7338285730834,
              25.922694689087407
            ],
            [
              87.7331126652093,
              25.922594254332147
            ],
            [
              87.73220251282468,
              25.922515075382698
            ],
            [
              87.73161045837375,
              25.92237180790207
            ],
            [
              87.73111621159265,
              25.922127668002116
            ],
            [
              87.73082083564573,
              25.921609568104568
            ],
            [
              87.73040314868302,
              25.92097167311611
            ],
            [
              87.7301356636291,
              25.920597312213832
            ],
            [
              87.72970581257913,
              25.920329512754375
            ],
            [
              87.72917726003563,
              25.920117571039647
            ],
            [
              87.72875681165173,
              25.920061601189616
            ],
            [
              87.72828707809809,
              25.92003802361772
            ],
            [
              87.72785333824125,
              25.92006352087656
            ],
            [
              87.72748693070822,
              25.920209606053557
            ],
            [
              87.72711499224795,
              25.920563287204693
            ],
            [
              87.72661925695843,
              25.92096411561867
            ],
            [
              87.72620207215395,
              25.921066002019053
            ],
            [
              87.72564315296059,
              25.921075593100266
            ],
            [
              87.72506669685627,
              25.920959078094754
            ],
            [
              87.72477799898518,
              25.92052199794432
            ],
            [
              87.72462709998375,
              25.919509647879973
            ],
            [
              87.72425998637493,
              25.918663472597352
            ],
            [
              87.72402237299912,
              25.918040492015457
            ],
            [
              87.72367653419116,
              25.917496133017956
            ],
            [
              87.72351492008501,
              25.917165065797185
            ],
            [
              87.7227396156043,
              25.916849060652606
            ],
            [
              87.72203853442397,
              25.916500161257787
            ],
            [
              87.72145711872095,
              25.916383787165785
            ],
            [
              87.72098404073951,
              25.916202328933682
            ],
            [
              87.72061947744776,
              25.916190559961837
            ],
            [
              87.71964387470986,
              25.916563477273666
            ],
            [
              87.71887944433567,
              25.916765955142207
            ],
            [
              87.71834284198893,
              25.91688784164201
            ],
            [
              87.7171596071478,
              25.916876391079086
            ],
            [
              87.71536398718426,
              25.916938503016944
            ],
            [
              87.71343290666579,
              25.916971279142256
            ],
            [
              87.71236978825627,
              25.916971346203777
            ],
            [
              87.70969350670056,
              25.916935494942845
            ],
            [
              87.70835587122505,
              25.91694019490707
            ],
            [
              87.70757094219441,
              25.91687678860078
            ],
            [
              87.70700969726278,
              25.916773553307333
            ],
            [
              87.70671525466547,
              25.91653492431115
            ],
            [
              87.70619954084401,
              25.915975353043198
            ],
            [
              87.70590079621482,
              25.915051211110757
            ],
            [
              87.70595199030454,
              25.914148165817423
            ],
            [
              87.70684370297133,
              25.914304518162293
            ],
            [
              87.7073499781941,
              25.914408725202772
            ],
            [
              87.70764336886418,
              25.91435411410278
            ],
            [
              87.70772900526022,
              25.91414964686232
            ],
            [
              87.70775998995101,
              25.91395968108845
            ],
            [
              87.7077172948222,
              25.913586037235774
            ],
            [
              87.70753743144105,
              25.913336483351
            ],
            [
              87.70725373359285,
              25.913133812138373
            ],
            [
              87.70654377256594,
              25.91283909503411
            ],
            [
              87.70597916703683,
              25.912329948998217
            ],
            [
              87.70571029408575,
              25.911878953715902
            ],
            [
              87.70510579078163,
              25.911370399037175
            ],
            [
              87.70508102602588,
              25.91089727429877
            ],
            [
              87.70507031900601,
              25.910378670947818
            ],
            [
              87.70528738162305,
              25.910014188368987
            ],
            [
              87.70540414374535,
              25.90938976017293
            ],
            [
              87.70473252371309,
              25.909495801724837
            ],
            [
              87.70381243865637,
              25.909651181725067
            ],
            [
              87.70306590901086,
              25.909758527993723
            ],
            [
              87.70203744760498,
              25.90974437391247
            ],
            [
              87.70141050887666,
              25.90959710090763
            ],
            [
              87.70063832873652,
              25.909186111741523
            ],
            [
              87.70040400858453,
              25.908955554107717
            ],
            [
              87.70032693762475,
              25.908609500664593
            ],
            [
              87.70000223078551,
              25.908353375859807
            ],
            [
              87.6995071027571,
              25.908064033146157
            ],
            [
              87.69926143598477,
              25.907770455628462
            ],
            [
              87.69890958565092,
              25.906923928646638
            ],
            [
              87.6986600103088,
              25.906441007951468
            ],
            [
              87.69818326181112,
              25.906074640156707
            ],
            [
              87.69758266438181,
              25.90575097813781
            ],
            [
              87.69706123188524,
              25.905638000168636
            ],
            [
              87.69653701101805,
              25.905628819128196
            ],
            [
              87.69618818980334,
              25.905652702599006
            ],
            [
              87.695689093018,
              25.9058956693892
            ],
            [
              87.69525912878032,
              25.906105913106114
            ],
            [
              87.69463403608987,
              25.906531468261864
            ],
            [
              87.69430174926624,
              25.906631745394414
            ],
            [
              87.69407369486338,
              25.906464171292228
            ],
            [
              87.6939985992989,
              25.906212831913777
            ],
            [
              87.6935887761882,
              25.90570105940079
            ],
            [
              87.6931962402568,
              25.905301673189847
            ],
            [
              87.69250735280812,
              25.904808115101176
            ],
            [
              87.69208668343867,
              25.90449940510298
            ],
            [
              87.69136686609644,
              25.904200315840736
            ],
            [
              87.69077183912025,
              25.904147161791034
            ],
            [
              87.68982987200154,
              25.903973577854906
            ],
            [
              87.68899246159535,
              25.903780172746323
            ],
            [
              87.68824020339328,
              25.903603288953835
            ],
            [
              87.68714101762512,
              25.903306060007022
            ],
            [
              87.68664856567791,
              25.90314287301393
            ],
            [
              87.68572013796715,
              25.903135926887185
            ],
            [
              87.68530102986968,
              25.903142986951092
            ],
            [
              87.6848643309623,
              25.9030240340702
            ],
            [
              87.6841911936755,
              25.902566149973897
            ],
            [
              87.68381595210997,
              25.902035691126308
            ],
            [
              87.68368622999306,
              25.90155069790813
            ],
            [
              87.68350291797952,
              25.901129810834508
            ],
            [
              87.68311220562819,
              25.900820612019512
            ],
            [
              87.68277593657294,
              25.90048338403207
            ],
            [
              87.68251320989503,
              25.90032994428785
            ],
            [
              87.68184712797648,
              25.90021484232843
            ],
            [
              87.68103522523282,
              25.900291589371157
            ],
            [
              87.6804177412728,
              25.900360578757503
            ],
            [
              87.67986719527622,
              25.900527620113866
            ],
            [
              87.67955633327213,
              25.90070430326469
            ],
            [
              87.67914559028658,
              25.900873564739715
            ],
            [
              87.67862301962457,
              25.900945420045673
            ],
            [
              87.67801404181196,
              25.900937594598446
            ],
            [
              87.67751795258621,
              25.90084209969628
            ],
            [
              87.67734448161664,
              25.900168433187932
            ],
            [
              87.67723451075788,
              25.899917608885815
            ],
            [
              87.67697196104811,
              25.899768667032347
            ],
            [
              87.67664031202835,
              25.899661462785787
            ],
            [
              87.67604442536442,
              25.899563145810426
            ],
            [
              87.67560842804127,
              25.899475737969908
            ],
            [
              87.67535601222623,
              25.899087551053377
            ],
            [
              87.67517733911285,
              25.89864845687856
            ],
            [
              87.67509616105556,
              25.898099512921306
            ],
            [
              87.67503532265293,
              25.897320129879624
            ],
            [
              87.67450926383266,
              25.897220668292317
            ],
            [
              87.67383411521796,
              25.897150759869906
            ],
            [
              87.67313284628973,
              25.89702270732151
            ],
            [
              87.67270584379752,
              25.896889974073893
            ],
            [
              87.67224337581791,
              25.897213434939445
            ],
            [
              87.67110417010383,
              25.897638441144146
            ],
            [
              87.66996919455642,
              25.898270825045895
            ],
            [
              87.6694545362554,
              25.898238783134143
            ],
            [
              87.66903187621928,
              25.898069892029802
            ],
            [
              87.66869779096847,
              25.897840887660493
            ],
            [
              87.66823643061161,
              25.897487771920595
            ],
            [
              87.66783215998765,
              25.897241860858056
            ],
            [
              87.66745306464954,
              25.897248190747415
            ],
            [
              87.66711912223087,
              25.897271831866938
            ],
            [
              87.66673992089159,
              25.897278073671245
            ],
            [
              87.66645669555722,
              25.89709336574252
            ],
            [
              87.66582636658697,
              25.896774552788557
            ],
            [
              87.66534625659348,
              25.896480403319657
            ],
            [
              87.66496492714526,
              25.896378478709497
            ],
            [
              87.66459980779638,
              25.89633942510816
            ],
            [
              87.66421562709543,
              25.89634581484616
            ],
            [
              87.66365072871554,
              25.89654013560793
            ],
            [
              87.66299734807679,
              25.897051725628277
            ],
            [
              87.66237324892305,
              25.897283141298463
            ],
            [
              87.66171786863448,
              25.897451871099896
            ],
            [
              87.66109115717988,
              25.89755699083129
            ],
            [
              87.66046760420181,
              25.897567321622557
            ],
            [
              87.65990946115286,
              25.897608247191965
            ],
            [
              87.65914629380995,
              25.897873491310552
            ],
            [
              87.65838550700258,
              25.898012381174958
            ],
            [
              87.65782928455172,
              25.898147926153424
            ],
            [
              87.65641200893468,
              25.898640590066115
            ],
            [
              87.65540800595907,
              25.89884662280242
            ],
            [
              87.65460664404692,
              25.898954685984734
            ],
            [
              87.65394048397495,
              25.898586816934284
            ],
            [
              87.652987213355,
              25.898092918020982
            ],
            [
              87.65283449167187,
              25.897450365602204
            ],
            [
              87.65266701516019,
              25.896821625104547
            ],
            [
              87.65249233056669,
              25.896084787261728
            ],
            [
              87.65200679744382,
              25.896011636013867
            ],
            [
              87.6514278278533,
              25.896007668174967
            ],
            [
              87.65080262916165,
              25.895941288069164
            ],
            [
              87.65032946224699,
              25.895741657809655
            ],
            [
              87.64997317872722,
              25.89540018723439
            ],
            [
              87.64963165901914,
              25.89504499782754
            ],
            [
              87.64917217973446,
              25.894533897720724
            ],
            [
              87.64873344883792,
              25.89455463175465
            ],
            [
              87.64817268001335,
              25.89471275723076
            ],
            [
              87.64699917841838,
              25.89516967700641
            ],
            [
              87.64643182943438,
              25.895494803268186
            ],
            [
              87.64533007089123,
              25.89629334738558
            ],
            [
              87.64497791333356,
              25.897638868630445
            ],
            [
              87.64474685676099,
              25.898797472874545
            ],
            [
              87.64447323441703,
              25.90081830737282
            ],
            [
              87.64434146503959,
              25.90121287887799
            ],
            [
              87.64165659828473,
              25.901225593179614
            ],
            [
              87.64149785519425,
              25.901764950144795
            ],
            [
              87.64115676218591,
              25.902672794014286
            ],
            [
              87.64047147967646,
              25.904082381371627
            ],
            [
              87.6395278461829,
              25.904066322823148
            ],
            [
              87.6395186249765,
              25.90435066296696
            ],
            [
              87.63976958282586,
              25.904914870242358
            ],
            [
              87.6401190930484,
              25.906158660635008
            ],
            [
              87.64034731723284,
              25.90708406895454
            ],
            [
              87.64077670295549,
              25.907830338151538
            ],
            [
              87.64095093210318,
              25.908553658676716
            ],
            [
              87.64109657236692,
              25.910080466019277
            ],
            [
              87.6405244551254,
              25.910419158977085
            ],
            [
              87.64007767891718,
              25.910539312382255
            ],
            [
              87.63966045189188,
              25.9106408756973
            ],
            [
              87.63880462961563,
              25.910528636896718
            ],
            [
              87.63863253396678,
              25.910161611144154
            ],
            [
              87.63855093639626,
              25.909581076238737
            ],
            [
              87.63845646956096,
              25.909348082381225
            ],
            [
              87.63762090788765,
              25.909249033329033
            ],
            [
              87.63608793644858,
              25.909215616718903
            ],
            [
              87.6344099643462,
              25.90916654060074
            ],
            [
              87.63285988898411,
              25.90902962898301
            ],
            [
              87.63261688661491,
              25.908857727268966
            ],
            [
              87.63240417274214,
              25.90870331827984
            ],
            [
              87.63238348633779,
              25.908419434659493
            ],
            [
              87.63230449567824,
              25.90796518583173
            ],
            [
              87.63204857733189,
              25.907401028699066
            ],
            [
              87.63187010364452,
              25.907214441770535
            ],
            [
              87.63156696086367,
              25.907030006353
            ],
            [
              87.63088401487231,
              25.906820148910075
            ],
            [
              87.63006572780189,
              25.90633746293056
            ],
            [
              87.62887669972551,
              25.9052833369135
            ],
            [
              87.62823732561868,
              25.90476155666135
            ],
            [
              87.62758550176032,
              25.904361733343293
            ],
            [
              87.6267780007615,
              25.90416745293617
            ],
            [
              87.62634372640709,
              25.90416109190375
            ],
            [
              87.62581987834074,
              25.904169621763735
            ],
            [
              87.62521115385309,
              25.90417963683347
            ],
            [
              87.62458525986537,
              25.90408158139367
            ],
            [
              87.62360511883868,
              25.90398484220084
            ],
            [
              87.62323611966605,
              25.90474870133131
            ],
            [
              87.62277693502878,
              25.905243410332577
            ],
            [
              87.62255451216441,
              25.905355289731933
            ],
            [
              87.62181730074337,
              25.905177904885335
            ],
            [
              87.62093330729981,
              25.905147204598254
            ],
            [
              87.62091866925226,
              25.90491287192765
            ],
            [
              87.62097137520661,
              25.904307601617326
            ],
            [
              87.62090494928293,
              25.903478735046708
            ],
            [
              87.62086552581837,
              25.9030056820866
            ],
            [
              87.6206980205606,
              25.902864063601335
            ],
            [
              87.62032789040903,
              25.903073102238995
            ],
            [
              87.61985336075008,
              25.903306416363165
            ],
            [
              87.61951464019242,
              25.90333903062398
            ],
            [
              87.61890834744426,
              25.903466197953616
            ],
            [
              87.61846868589305,
              25.903446347890178
            ],
            [
              87.61790959242653,
              25.90318927936835
            ],
            [
              87.6175262121245,
              25.90298801291595
            ],
            [
              87.61716187430989,
              25.90285298500381
            ],
            [
              87.61640781498566,
              25.903886444789805
            ],
            [
              87.61537555729942,
              25.904937726822745
            ],
            [
              87.61278727560729,
              25.906103853400193
            ],
            [
              87.61199270136544,
              25.90682921996437
            ],
            [
              87.61131654214601,
              25.907431413265698
            ],
            [
              87.61036368744604,
              25.9082800188983
            ],
            [
              87.60889724344027,
              25.910307744949737
            ],
            [
              87.60818758784053,
              25.912007305261337
            ],
            [
              87.60671829168375,
              25.913493513063116
            ],
            [
              87.60628365890152,
              25.91436168010379
            ],
            [
              87.60584901983108,
              25.915229848024662
            ],
            [
              87.60593765210858,
              25.91696208686446
            ],
            [
              87.60642410061472,
              25.91840398427405
            ],
            [
              87.60794496456042,
              25.9191917689081
            ],
            [
              87.60846684262134,
              25.91976720680646
            ],
            [
              87.60855450471836,
              25.921282915711682
            ],
            [
              87.61012223467074,
              25.92340614533716
            ],
            [
              87.6109671909253,
              25.924702130916483
            ],
            [
              87.61113058100072,
              25.92542336209973
            ],
            [
              87.61133567626155,
              25.92650551123898
            ],
            [
              87.61177837681338,
              25.927189534051365
            ],
            [
              87.61237766899053,
              25.927295267135417
            ],
            [
              87.61265548197532,
              25.926969208148797
            ],
            [
              87.6123672215838,
              25.92527384813658
            ],
            [
              87.6125171863373,
              25.923396134323934
            ],
            [
              87.61322993124332,
              25.922274077026493
            ],
            [
              87.61417995804675,
              25.92071777034646
            ],
            [
              87.61629369570691,
              25.920347883049036
            ],
            [
              87.61681618102898,
              25.921031460869973
            ],
            [
              87.6174951376022,
              25.921100807355014
            ],
            [
              87.61921702744048,
              25.92214026613035
            ],
            [
              87.62021956885712,
              25.923002372246565
            ],
            [
              87.62177711191418,
              25.92314008203243
            ],
            [
              87.622653410389,
              25.92277531572761
            ],
            [
              87.62309435383611,
              25.923134424112767
            ],
            [
              87.62325772414862,
              25.92381961293261
            ],
            [
              87.62254487503806,
              25.924905599046394
            ],
            [
              87.62350723481205,
              25.925731735362653
            ],
            [
              87.62371843322691,
              25.927932789393875
            ],
            [
              87.6227652524385,
              25.928875427135857
            ],
            [
              87.62271069864961,
              25.929886437274003
            ],
            [
              87.62265614665736,
              25.930897446816974
            ],
            [
              87.62273944923027,
              25.931546860020976
            ],
            [
              87.62254685043338,
              25.93288325820701
            ],
            [
              87.62304286959053,
              25.933169169622587
            ],
            [
              87.62370986958732,
              25.933343552366892
            ],
            [
              87.62455162873778,
              25.933233556791883
            ],
            [
              87.62506372324694,
              25.933763192657192
            ],
            [
              87.6251546498217,
              25.936138400152185
            ],
            [
              87.62481063908533,
              25.937770810617835
            ],
            [
              87.62483376711063,
              25.93844441093569
            ],
            [
              87.62416711116863,
              25.93834091583408
            ],
            [
              87.62303309232699,
              25.93877127183913
            ],
            [
              87.62252005458676,
              25.9380643829004
            ],
            [
              87.62267133537219,
              25.937035530861312
            ],
            [
              87.62192676764727,
              25.93700324339963
            ],
            [
              87.61898504021332,
              25.936413115126868
            ],
            [
              87.6165980763662,
              25.936990533763623
            ],
            [
              87.61604860385637,
              25.936815620015498
            ],
            [
              87.61447822297559,
              25.93621956288565
            ],
            [
              87.61406748178668,
              25.936345370707254
            ],
            [
              87.61365673969942,
              25.936471179202353
            ],
            [
              87.61362255341294,
              25.93742864259989
            ],
            [
              87.61401854606156,
              25.938242519629426
            ],
            [
              87.61312085690318,
              25.938919931774908
            ],
            [
              87.61297114188129,
              25.940267962809447
            ],
            [
              87.61549817104752,
              25.940221763308337
            ],
            [
              87.6161253999317,
              25.940289978875583
            ],
            [
              87.61647968739493,
              25.940607577983872
            ],
            [
              87.61629399933747,
              25.94255849295
            ],
            [
              87.61747684071649,
              25.943971736049026
            ],
            [
              87.62034035902518,
              25.944149032634122
            ],
            [
              87.62069094992098,
              25.94417073617026
            ],
            [
              87.62071606322307,
              25.945227361865218
            ],
            [
              87.61823227536141,
              25.94601922575051
            ],
            [
              87.61674979193623,
              25.947195331341455
            ],
            [
              87.61560495019206,
              25.949291729108623
            ],
            [
              87.61476289819082,
              25.949330702165934
            ],
            [
              87.6139847406608,
              25.94942262874044
            ],
            [
              87.61320658402906,
              25.94951455120445
            ],
            [
              87.61287837555686,
              25.95043759170346
            ],
            [
              87.61260742120928,
              25.951076768971852
            ],
            [
              87.61184365828338,
              25.951115485385923
            ],
            [
              87.61113991090329,
              25.951384288351413
            ],
            [
              87.60960779376201,
              25.952471950031686
            ],
            [
              87.60851913175738,
              25.95410709437347
            ],
            [
              87.60752988900023,
              25.95600773478409
            ],
            [
              87.606962319929,
              25.95611648380535
            ],
            [
              87.60534563089531,
              25.955999185252285
            ],
            [
              87.60291629710954,
              25.95593843792331
            ],
            [
              87.60128945621483,
              25.9557679526912
            ],
            [
              87.59978135463439,
              25.955809602758446
            ],
            [
              87.59821522997139,
              25.956011031018168
            ],
            [
              87.59888553307349,
              25.956859030001844
            ],
            [
              87.59907430325069,
              25.957390002966942
            ],
            [
              87.59808020959096,
              25.958386645951386
            ],
            [
              87.59814352015724,
              25.959272550830818
            ],
            [
              87.59861581929933,
              25.959695982847023
            ],
            [
              87.59868702875191,
              25.960227442962957
            ],
            [
              87.59832758226402,
              25.962763447718153
            ],
            [
              87.59842578070095,
              25.96320795096031
            ],
            [
              87.5984879773563,
              25.96348948719933
            ],
            [
              87.59857931715607,
              25.964109441052386
            ],
            [
              87.59791845804257,
              25.965157892150007
            ],
            [
              87.59691987999297,
              25.96720026370651
            ],
            [
              87.59555831699154,
              25.969155452010426
            ],
            [
              87.5961664575743,
              25.969312501810148
            ],
            [
              87.59795127439823,
              25.969712826746818
            ],
            [
              87.59902098734025,
              25.97009830087356
            ],
            [
              87.60110107590647,
              25.970929775790005
            ],
            [
              87.60125895930923,
              25.97099288326208
            ],
            [
              87.60182913079986,
              25.971380502209723
            ],
            [
              87.60224301699061,
              25.971875046133515
            ],
            [
              87.60249328223888,
              25.97291972120069
            ],
            [
              87.60250041576053,
              25.9743199086972
            ],
            [
              87.60087001663898,
              25.975425587650076
            ],
            [
              87.6008714970626,
              25.975716938894884
            ],
            [
              87.60087298916427,
              25.97601051183739
            ],
            [
              87.60101348118313,
              25.97666565700316
            ],
            [
              87.60083977485496,
              25.977180432239724
            ],
            [
              87.59959942602642,
              25.97792997618361
            ],
            [
              87.59962304992175,
              25.978727460207544
            ],
            [
              87.60109580818566,
              25.97935937985942
            ],
            [
              87.601430496206,
              25.97967700436697
            ],
            [
              87.60143374181912,
              25.9803151110994
            ],
            [
              87.60120509901977,
              25.980626226727637
            ],
            [
              87.60097645532207,
              25.980937342340113
            ],
            [
              87.59883871108424,
              25.98053851966965
            ],
            [
              87.59735040118615,
              25.980704224751253
            ],
            [
              87.59662543290409,
              25.98068951715174
            ],
            [
              87.59685056598563,
              25.978721224332684
            ],
            [
              87.59596814279723,
              25.97858300537901
            ],
            [
              87.59573370586425,
              25.978708037903143
            ],
            [
              87.59546393729288,
              25.979613099667052
            ],
            [
              87.59530043672463,
              25.98021640597229
            ],
            [
              87.59434467417809,
              25.98107110338063
            ],
            [
              87.59301736214182,
              25.982086868169933
            ],
            [
              87.59235210487671,
              25.9822667543913
            ],
            [
              87.59200156967643,
              25.98271136077789
            ],
            [
              87.5917709362104,
              25.983598468165148
            ],
            [
              87.59132080569287,
              25.983706675681503
            ],
            [
              87.59094723679037,
              25.983442371737052
            ],
            [
              87.59086633182096,
              25.982946346212813
            ],
            [
              87.59038585711146,
              25.982859726997656
            ],
            [
              87.58935489299924,
              25.984352726609146
            ],
            [
              87.58874685931602,
              25.98423113684525
            ],
            [
              87.58747538925277,
              25.984679387343494
            ],
            [
              87.58712492681602,
              25.985123890935327
            ],
            [
              87.58708735118603,
              25.98544305834528
            ],
            [
              87.58732471483019,
              25.985902965291228
            ],
            [
              87.58788653737854,
              25.98657420034531
            ],
            [
              87.58777371526705,
              25.987797063325456
            ],
            [
              87.58768205566705,
              25.988790528840884
            ],
            [
              87.58737197070569,
              25.989500791132905
            ],
            [
              87.58651761268338,
              25.98909314031794
            ],
            [
              87.58514545135824,
              25.98899241902608
            ],
            [
              87.58417239175088,
              25.98911114863243
            ],
            [
              87.58334376327494,
              25.989212250950516
            ],
            [
              87.5818568134262,
              25.989660959669166
            ],
            [
              87.58109348438656,
              25.989841096727854
            ],
            [
              87.58054818634783,
              25.990494771944682
            ],
            [
              87.58054779019078,
              25.99173589030807
            ],
            [
              87.5801579581884,
              25.9925752189046
            ],
            [
              87.58011278820098,
              25.993485863969514
            ],
            [
              87.58010759234536,
              25.993590617017837
            ],
            [
              87.58084130033684,
              25.994696595157276
            ],
            [
              87.58215934086103,
              25.995622246027697
            ],
            [
              87.58235393571451,
              25.996019396203963
            ],
            [
              87.58203132644148,
              25.996816160819254
            ],
            [
              87.58201406172003,
              25.996858799168887
            ],
            [
              87.58196387464173,
              25.997481590380012
            ],
            [
              87.5824530980438,
              25.99805489513823
            ],
            [
              87.58303730121915,
              25.998497337688146
            ],
            [
              87.583916070061,
              25.998980485639535
            ],
            [
              87.58469999657177,
              25.999337238880894
            ],
            [
              87.58567872365023,
              25.999644436697977
            ],
            [
              87.58665255760536,
              25.999910925365754
            ],
            [
              87.58706175818355,
              26.000049018314275
            ],
            [
              87.58773240084881,
              26.000677756846244
            ],
            [
              87.58825049879904,
              26.001081709981534
            ],
            [
              87.58871739726965,
              26.00127665485824
            ],
            [
              87.58945378942717,
              26.00155284868546
            ],
            [
              87.58984894304932,
              26.001666545255887
            ],
            [
              87.59029204065645,
              26.00179657033392
            ],
            [
              87.59071100143025,
              26.00203477379789
            ],
            [
              87.5909917168717,
              26.002322120666893
            ],
            [
              87.59119147434309,
              26.002624517249036
            ],
            [
              87.59139612044629,
              26.002945042776187
            ],
            [
              87.5916757156886,
              26.003247471664547
            ],
            [
              87.59191542663056,
              26.003346810617543
            ],
            [
              87.59248475100988,
              26.003360460946862
            ],
            [
              87.59284933855614,
              26.003414769977848
            ],
            [
              87.59352356819433,
              26.003405863802307
            ],
            [
              87.59441253291466,
              26.00333837433053
            ],
            [
              87.59490204198094,
              26.00335649672409
            ],
            [
              87.5954763349421,
              26.003424292988704
            ],
            [
              87.59599576958547,
              26.003392806900415
            ],
            [
              87.5965600840604,
              26.00338388780516
            ],
            [
              87.59694960524573,
              26.003487836762453
            ],
            [
              87.59706953213276,
              26.00355100022772
            ],
            [
              87.59747397613157,
              26.00358264936348
            ],
            [
              87.59778863980591,
              26.00356473530777
            ],
            [
              87.5980433562064,
              26.00358733779467
            ],
            [
              87.59825316672419,
              26.003641460217068
            ],
            [
              87.59853277813613,
              26.00368671521425
            ],
            [
              87.59866514040169,
              26.00370928296054
            ],
            [
              87.59879750087059,
              26.00373185070252
            ],
            [
              87.59901218295212,
              26.003840218917382
            ],
            [
              87.59923692616485,
              26.004020782329537
            ],
            [
              87.59960646342834,
              26.004242010339933
            ],
            [
              87.59979616695509,
              26.004350389387298
            ],
            [
              87.60013074897424,
              26.004535461172512
            ],
            [
              87.60043044491935,
              26.00469801436354
            ],
            [
              87.6006950930936,
              26.004806352621763
            ],
            [
              87.60084985574909,
              26.004901152047932
            ],
            [
              87.60085230455654,
              26.004902722376226
            ],
            [
              87.60086713304693,
              26.004912229926447
            ],
            [
              87.60100474327037,
              26.005000465381315
            ],
            [
              87.6011196153373,
              26.005032043078298
            ],
            [
              87.60137425897429,
              26.00500055419158
            ],
            [
              87.60153914923625,
              26.004964472996946
            ],
            [
              87.60176393916136,
              26.004820057682423
            ],
            [
              87.60187374922172,
              26.004720817666986
            ],
            [
              87.60197367242402,
              26.00466216075385
            ],
            [
              87.60218840840449,
              26.004603477975635
            ],
            [
              87.60233829141134,
              26.004603486049312
            ],
            [
              87.60250311789291,
              26.004594491960688
            ],
            [
              87.60265291016991,
              26.004635133286758
            ],
            [
              87.60278775897216,
              26.004743468373487
            ],
            [
              87.60302740523545,
              26.004905993018795
            ],
            [
              87.60321722105162,
              26.00517229535894
            ],
            [
              87.60336199444112,
              26.00538442705918
            ],
            [
              87.60345181878301,
              26.005519857350308
            ],
            [
              87.60363660133864,
              26.005641706855766
            ],
            [
              87.60391130705082,
              26.005781691171954
            ],
            [
              87.60442564106,
              26.006020992635822
            ],
            [
              87.60484015157988,
              26.006260167664372
            ],
            [
              87.6053745602407,
              26.006535589244145
            ],
            [
              87.60565917886208,
              26.00669810414329
            ],
            [
              87.60596881556411,
              26.00677030663129
            ],
            [
              87.60639334499432,
              26.006838054906165
            ],
            [
              87.60656816792842,
              26.006887796747506
            ],
            [
              87.6067878832705,
              26.00700064608519
            ],
            [
              87.60720236594258,
              26.007077372786657
            ],
            [
              87.60747212732747,
              26.007109016935413
            ],
            [
              87.60781671657887,
              26.007176735950242
            ],
            [
              87.608401013179,
              26.007280646834538
            ],
            [
              87.60851597238256,
              26.007231041601855
            ],
            [
              87.6085658917629,
              26.007145230684166
            ],
            [
              87.6086857575645,
              26.0071949312205
            ],
            [
              87.60882558213511,
              26.007316783024734
            ],
            [
              87.60906527421248,
              26.0075244462132
            ],
            [
              87.60915934039913,
              26.007631648347566
            ],
            [
              87.60940984459927,
              26.00791713431598
            ],
            [
              87.60955461619213,
              26.008242038156727
            ],
            [
              87.60960453108092,
              26.008910013118385
            ],
            [
              87.60968439759786,
              26.00924404034852
            ],
            [
              87.60983413417932,
              26.009794661381196
            ],
            [
              87.60980409541453,
              26.01022784484404
            ],
            [
              87.60975912844637,
              26.01063409265763
            ],
            [
              87.60975906107271,
              26.01081459314795
            ],
            [
              87.6098040289392,
              26.010950026864677
            ],
            [
              87.610023740688,
              26.011234343027414
            ],
            [
              87.61021356189407,
              26.011419369249147
            ],
            [
              87.61039835702613,
              26.01148260918064
            ],
            [
              87.61063810929063,
              26.01148710515396
            ],
            [
              87.61119746057363,
              26.01134279716132
            ],
            [
              87.6115559009484,
              26.01126464509249
            ],
            [
              87.6115577811223,
              26.011264234972415
            ],
            [
              87.61177689099988,
              26.01121646081718
            ],
            [
              87.61236620469087,
              26.01118489124174
            ],
            [
              87.61281576118495,
              26.011103706758544
            ],
            [
              87.61332021282767,
              26.01099095662823
            ],
            [
              87.61362993127638,
              26.011017996357065
            ],
            [
              87.61402948484678,
              26.011045103087632
            ],
            [
              87.61438904991229,
              26.011049716139752
            ],
            [
              87.61496350097691,
              26.01123472569862
            ],
            [
              87.61542796411479,
              26.011636460336675
            ],
            [
              87.61567261040094,
              26.011889239358553
            ],
            [
              87.61587737598006,
              26.012083312961607
            ],
            [
              87.61600228941529,
              26.01216007428595
            ],
            [
              87.61613715798045,
              26.012191643599195
            ],
            [
              87.61683136435393,
              26.012114912973548
            ],
            [
              87.61718100034062,
              26.012169132380468
            ],
            [
              87.61737076585109,
              26.012245887190183
            ],
            [
              87.61809003342437,
              26.012241368641064
            ],
            [
              87.61829232594151,
              26.012286508914592
            ],
            [
              87.61849461935698,
              26.01233164917079
            ],
            [
              87.61910894484043,
              26.012381300687696
            ],
            [
              87.61931870235759,
              26.012363336305963
            ],
            [
              87.61954345814675,
              26.012309100035083
            ],
            [
              87.61967336262168,
              26.012232424383704
            ],
            [
              87.6197732759425,
              26.012115063134523
            ],
            [
              87.61979819970006,
              26.01197066468675
            ],
            [
              87.61984822418329,
              26.01184882336303
            ],
            [
              87.61991314542888,
              26.011785608655657
            ],
            [
              87.62003302201028,
              26.011740489179836
            ],
            [
              87.62016786811759,
              26.01176763126569
            ],
            [
              87.62060241466155,
              26.011835294310853
            ],
            [
              87.62090700732324,
              26.011893941989864
            ],
            [
              87.62109683841078,
              26.0119255428601
            ],
            [
              87.62116672644156,
              26.01197075106978
            ],
            [
              87.62117673187721,
              26.012011340596718
            ],
            [
              87.62115181171289,
              26.01206092927827
            ],
            [
              87.62104188397325,
              26.012173818854226
            ],
            [
              87.62096693663081,
              26.01226858972807
            ],
            [
              87.6208820557179,
              26.01241297569972
            ],
            [
              87.62083714803853,
              26.012557370374257
            ],
            [
              87.6208370941396,
              26.01275601872159
            ],
            [
              87.6209270235844,
              26.012868863227055
            ],
            [
              87.62109684739391,
              26.012895945310976
            ],
            [
              87.62131659327873,
              26.01280109259765
            ],
            [
              87.62179112293768,
              26.012282113079106
            ],
            [
              87.62206585200606,
              26.012002280875368
            ],
            [
              87.62243538926955,
              26.011623256610235
            ],
            [
              87.62261523198943,
              26.01144721862305
            ],
            [
              87.6227201381466,
              26.011424645097808
            ],
            [
              87.62287993675758,
              26.011370502042688
            ],
            [
              87.6230248278264,
              26.01138856910623
            ],
            [
              87.62327951009088,
              26.01162774611959
            ],
            [
              87.62343931678666,
              26.01183988391967
            ],
            [
              87.6234743079636,
              26.01197526640004
            ],
            [
              87.62351924079583,
              26.012309254232395
            ],
            [
              87.62352426866647,
              26.01267483774667
            ],
            [
              87.6235691565829,
              26.013094516390957
            ],
            [
              87.62363914163174,
              26.01325250208782
            ],
            [
              87.62379392674508,
              26.013478114148988
            ],
            [
              87.62394873701125,
              26.013708329843865
            ],
            [
              87.62410864342003,
              26.013938524904688
            ],
            [
              87.62458316409581,
              26.014344700138917
            ],
            [
              87.6250077195772,
              26.014656097832038
            ],
            [
              87.62538226315175,
              26.014863692336977
            ],
            [
              87.62581679442435,
              26.015057752142898
            ],
            [
              87.62598663979345,
              26.01510740169959
            ],
            [
              87.6264311549421,
              26.015242815125813
            ],
            [
              87.62674089944198,
              26.015215737619783
            ],
            [
              87.6271005013384,
              26.015111874929783
            ],
            [
              87.62743516240931,
              26.014922337695904
            ],
            [
              87.62775979019678,
              26.014574826946056
            ],
            [
              87.62803453723149,
              26.014168661388346
            ],
            [
              87.62837977596485,
              26.013890943168917
            ],
            [
              87.62844409803415,
              26.01383920136977
            ],
            [
              87.62881870628742,
              26.01362700259761
            ],
            [
              87.62907837330344,
              26.013636078339694
            ],
            [
              87.62930313358414,
              26.013789503645707
            ],
            [
              87.6295778357031,
              26.014069304948688
            ],
            [
              87.62976266766606,
              26.014398799842787
            ],
            [
              87.62999751692573,
              26.015093769688963
            ],
            [
              87.63012238724178,
              26.01544131361633
            ],
            [
              87.6301923480361,
              26.015779794663086
            ],
            [
              87.63027228641832,
              26.016208529678195
            ],
            [
              87.63030225511453,
              26.016262665658456
            ],
            [
              87.63034216905923,
              26.016307819724304
            ],
            [
              87.63045701417671,
              26.01631228564316
            ],
            [
              87.63118128267115,
              26.01626713803732
            ],
            [
              87.63160585791549,
              26.01620397333903
            ],
            [
              87.63206539289568,
              26.01608205164321
            ],
            [
              87.63272472307658,
              26.01607754292923
            ],
            [
              87.63297941342591,
              26.01614523336019
            ],
            [
              87.6335688492878,
              26.016375341299323
            ],
            [
              87.63389348156687,
              26.016515229668844
            ],
            [
              87.63424320469012,
              26.016767966702137
            ],
            [
              87.63444802237153,
              26.01720572110097
            ],
            [
              87.63448801896122,
              26.01752618260989
            ],
            [
              87.63448300905692,
              26.01776530514082
            ],
            [
              87.63432327063308,
              26.01835202061834
            ],
            [
              87.63417842986995,
              26.018884583078993
            ],
            [
              87.63400862312841,
              26.019308900687314
            ],
            [
              87.63388876181835,
              26.019543562670684
            ],
            [
              87.6338088440974,
              26.019660935060582
            ],
            [
              87.63349420557591,
              26.019764708962775
            ],
            [
              87.63304958532434,
              26.01981893775282
            ],
            [
              87.63282489062063,
              26.019904708731726
            ],
            [
              87.6324452464119,
              26.020130392770522
            ],
            [
              87.63192582793819,
              26.020419259828138
            ],
            [
              87.6317309896413,
              26.02063131231725
            ],
            [
              87.63156119906945,
              26.020893094680265
            ],
            [
              87.63149629758679,
              26.02112778578647
            ],
            [
              87.63155117117591,
              26.02135346262994
            ],
            [
              87.63166105759306,
              26.02145727378377
            ],
            [
              87.63182593977018,
              26.021529421989175
            ],
            [
              87.63211063295171,
              26.02154298463594
            ],
            [
              87.63246031205752,
              26.02154299028671
            ],
            [
              87.63262018702528,
              26.021538408322527
            ],
            [
              87.63275004658443,
              26.02158352887604
            ],
            [
              87.63291989015687,
              26.021723465124335
            ],
            [
              87.63312472400797,
              26.02194008832596
            ],
            [
              87.63341446392477,
              26.022260540137772
            ],
            [
              87.63358430300562,
              26.02243650298052
            ],
            [
              87.63364921526805,
              26.022576444669696
            ],
            [
              87.6336690069504,
              26.02269911116413
            ],
            [
              87.63367393420975,
              26.022729647599583
            ],
            [
              87.63367810778257,
              26.022755519771533
            ],
            [
              87.63368415613937,
              26.022793000102915
            ],
            [
              87.63366423330301,
              26.023307497367036
            ],
            [
              87.63356933886963,
              26.023632524098634
            ],
            [
              87.6335444285868,
              26.023776924345793
            ],
            [
              87.63346454140859,
              26.02430947268428
            ],
            [
              87.63343454306798,
              26.02454870409431
            ],
            [
              87.63345459526177,
              26.024914221236497
            ],
            [
              87.63345961055599,
              26.025401609827558
            ],
            [
              87.63343968322805,
              26.025487388027535
            ],
            [
              87.63345967164143,
              26.02563637667603
            ],
            [
              87.63350455686293,
              26.025862007717013
            ],
            [
              87.63352457581901,
              26.025979304366675
            ],
            [
              87.63357956978243,
              26.026114685069334
            ],
            [
              87.63374441872189,
              26.026439656399646
            ],
            [
              87.63388932326541,
              26.026660784046335
            ],
            [
              87.63407913459001,
              26.02698122135265
            ],
            [
              87.63432893900253,
              26.027288120826203
            ],
            [
              87.63456872360636,
              26.0276085168659
            ],
            [
              87.63484853444433,
              26.028104904312315
            ],
            [
              87.63495845140419,
              26.02839833020795
            ],
            [
              87.6350334131197,
              26.02869615381951
            ],
            [
              87.6350983469417,
              26.029210639730234
            ],
            [
              87.63534821423629,
              26.030492359077527
            ],
            [
              87.6355031385885,
              26.031255030769
            ],
            [
              87.63553330311741,
              26.032401370631625
            ],
            [
              87.63554333909578,
              26.03329948869145
            ],
            [
              87.63558333209224,
              26.033543199320782
            ],
            [
              87.63558335544842,
              26.033732817063047
            ],
            [
              87.63554833193213,
              26.033836538969247
            ],
            [
              87.63548345919557,
              26.033890731390873
            ],
            [
              87.6351437163551,
              26.03386820738364
            ],
            [
              87.6349339031424,
              26.033863710653335
            ],
            [
              87.63482403738651,
              26.033859226837553
            ],
            [
              87.63475904158079,
              26.03389075399155
            ],
            [
              87.63465916419254,
              26.033922435305993
            ],
            [
              87.63460420616178,
              26.033999157324477
            ],
            [
              87.634559285906,
              26.03412097968899
            ],
            [
              87.6345143467856,
              26.034685158955604
            ],
            [
              87.63448946614716,
              26.035280852602984
            ],
            [
              87.63441954218375,
              26.036142840682498
            ],
            [
              87.63437458240212,
              26.036350445606615
            ],
            [
              87.63430964858013,
              26.036616740373844
            ],
            [
              87.6340599313042,
              26.0372034866996
            ],
            [
              87.6337752066816,
              26.03761873762533
            ],
            [
              87.63337061356248,
              26.038029456610403
            ],
            [
              87.63280607720365,
              26.0382686826429
            ],
            [
              87.632281547316,
              26.03847630963232
            ],
            [
              87.63201173293052,
              26.03859812492512
            ],
            [
              87.6318768670603,
              26.03877867199819
            ],
            [
              87.63177196090308,
              26.039234486965036
            ],
            [
              87.63164215434455,
              26.03948273262627
            ],
            [
              87.63146731164751,
              26.03962715614195
            ],
            [
              87.63115251232756,
              26.03976713463192
            ],
            [
              87.6307029684099,
              26.039812257860483
            ],
            [
              87.63020830031893,
              26.039830307631348
            ],
            [
              87.62995359110495,
              26.0398619389138
            ],
            [
              87.62963881873445,
              26.03997022130877
            ],
            [
              87.62906426256693,
              26.040114667630693
            ],
            [
              87.62854478390612,
              26.04024108263368
            ],
            [
              87.6277354359711,
              26.040498331223194
            ],
            [
              87.6274306528666,
              26.04062471272063
            ],
            [
              87.6266663159172,
              26.041058014834995
            ],
            [
              87.62579201080398,
              26.041545424328483
            ],
            [
              87.6254622805857,
              26.041793626356107
            ],
            [
              87.62544709007425,
              26.041812423208444
            ],
            [
              87.62535249927146,
              26.04192947065352
            ],
            [
              87.62523249423097,
              26.042077966259317
            ],
            [
              87.62516258464062,
              26.04225849667512
            ],
            [
              87.62512760244681,
              26.042786510730476
            ],
            [
              87.62514258544743,
              26.043048300961573
            ],
            [
              87.62509261037154,
              26.04335064266054
            ],
            [
              87.6249677409538,
              26.04366658402397
            ],
            [
              87.62488776394405,
              26.044248789058678
            ],
            [
              87.62492276590079,
              26.044497037824854
            ],
            [
              87.62497765026968,
              26.0447813203253
            ],
            [
              87.62500263062111,
              26.045458331687783
            ],
            [
              87.62505261108689,
              26.045873471058687
            ],
            [
              87.62510753677832,
              26.04620298882485
            ],
            [
              87.62511256285234,
              26.046509879972255
            ],
            [
              87.6250276082776,
              26.04668135620515
            ],
            [
              87.6249677355639,
              26.04677615408945
            ],
            [
              87.624907725408,
              26.046825803944348
            ],
            [
              87.62478284790538,
              26.04683934591075
            ],
            [
              87.62468288966879,
              26.04683932815503
            ],
            [
              87.62457297809883,
              26.046866349131108
            ],
            [
              87.62447805761433,
              26.046911546300002
            ],
            [
              87.62433315666405,
              26.04695668776312
            ],
            [
              87.62403841762271,
              26.047001754150706
            ],
            [
              87.6236587302948,
              26.047087548837663
            ],
            [
              87.62338893836721,
              26.047200318357607
            ],
            [
              87.62315403700526,
              26.047295147298176
            ],
            [
              87.62308410405873,
              26.047340236153733
            ],
            [
              87.62305411739622,
              26.04743499315153
            ],
            [
              87.6230541290743,
              26.04758849532233
            ],
            [
              87.62303912900572,
              26.04781411561119
            ],
            [
              87.62303912541243,
              26.04822938061324
            ],
            [
              87.62313410608407,
              26.04864902166903
            ],
            [
              87.62319404257813,
              26.04890628409339
            ],
            [
              87.62334394355126,
              26.04916360890401
            ],
            [
              87.62351375658102,
              26.049348611632777
            ],
            [
              87.62373360397542,
              26.049411772206128
            ],
            [
              87.62405841591756,
              26.04945696113007
            ],
            [
              87.62475783790956,
              26.049569785671828
            ],
            [
              87.62510759157554,
              26.049605835397017
            ],
            [
              87.62539740515417,
              26.04970516819931
            ],
            [
              87.62568212798013,
              26.049993960814952
            ],
            [
              87.6260419149295,
              26.05043177685616
            ],
            [
              87.62625173712536,
              26.050752225079773
            ],
            [
              87.6264416562478,
              26.051352403376622
            ],
            [
              87.62658651407892,
              26.05186239070033
            ],
            [
              87.62671640777405,
              26.052358898233937
            ],
            [
              87.62686132399571,
              26.0528417978298
            ],
            [
              87.62693131982432,
              26.053202852671284
            ],
            [
              87.62693131712939,
              26.053446556635752
            ],
            [
              87.62693129736645,
              26.053536761878313
            ],
            [
              87.62694625611256,
              26.053586449221175
            ],
            [
              87.62697128676962,
              26.053631577622294
            ],
            [
              87.62704125834374,
              26.053649604282718
            ],
            [
              87.62716611428678,
              26.053649604282718
            ],
            [
              87.62731103320336,
              26.053663151110023
            ],
            [
              87.62750087417233,
              26.053739887650977
            ],
            [
              87.62776065527441,
              26.05386625568082
            ],
            [
              87.62829530468375,
              26.0541550396577
            ],
            [
              87.62861012915651,
              26.054349158750128
            ],
            [
              87.62871000295151,
              26.054425835121975
            ],
            [
              87.62903984096764,
              26.054529591987084
            ],
            [
              87.62950448826015,
              26.05473723214446
            ],
            [
              87.63012910304687,
              26.055080154638198
            ],
            [
              87.6307037247914,
              26.055513408165595
            ],
            [
              87.63173798841565,
              26.056262574768276
            ],
            [
              87.63209273312137,
              26.05661010083102
            ],
            [
              87.63230270443758,
              26.05695302268615
            ],
            [
              87.63262750020998,
              26.05767964531906
            ],
            [
              87.63282733044495,
              26.057864686253247
            ],
            [
              87.63297722333327,
              26.057909808164812
            ],
            [
              87.63313213061748,
              26.057864704007297
            ],
            [
              87.63342691726956,
              26.057656998375233
            ],
            [
              87.6336967190786,
              26.057413282991654
            ],
            [
              87.6340464969991,
              26.05730050635086
            ],
            [
              87.63455608790359,
              26.05723722817083
            ],
            [
              87.63479598839011,
              26.057214683631358
            ],
            [
              87.6349508525552,
              26.057273326378976
            ],
            [
              87.63503083764977,
              26.05736805436413
            ],
            [
              87.63504581975208,
              26.057458373603858
            ],
            [
              87.63498082394634,
              26.05756665104346
            ],
            [
              87.63489093941732,
              26.057675038942506
            ],
            [
              87.63483099124515,
              26.057792323947606
            ],
            [
              87.63475112113493,
              26.058090194762258
            ],
            [
              87.6345612325552,
              26.05874918569359
            ],
            [
              87.63429151878104,
              26.0595660010173
            ],
            [
              87.63402175020967,
              26.060707875038567
            ],
            [
              87.6340069001597,
              26.061700728313483
            ],
            [
              87.63397188023666,
              26.062382241679703
            ],
            [
              87.63387209357828,
              26.063754253334945
            ],
            [
              87.63391208298147,
              26.064237152772826
            ],
            [
              87.63397209044244,
              26.064408628890277
            ],
            [
              87.63405702705087,
              26.064512455997104
            ],
            [
              87.63414699063163,
              26.064584656795713
            ],
            [
              87.63432186387136,
              26.064625244255822
            ],
            [
              87.63467164358849,
              26.064638785779394
            ],
            [
              87.63532620281687,
              26.06457098534594
            ],
            [
              87.6357209809432,
              26.064512362390158
            ],
            [
              87.63635054724378,
              26.064259563619885
            ],
            [
              87.63684526114885,
              26.064083474703963
            ],
            [
              87.63714504243389,
              26.063984183140036
            ],
            [
              87.63735993202626,
              26.063993167027153
            ],
            [
              87.63747984004868,
              26.064074444020104
            ],
            [
              87.6377197225689,
              26.064286478902716
            ],
            [
              87.63783962879471,
              26.06438581540001
            ],
            [
              87.63787967389345,
              26.064543744118144
            ],
            [
              87.6379347019928,
              26.065013120610455
            ],
            [
              87.63797464737854,
              26.06537412261538
            ],
            [
              87.6380497043155,
              26.06557270895138
            ],
            [
              87.6384794754154,
              26.065938216029075
            ],
            [
              87.63893420440886,
              26.066204468596833
            ],
            [
              87.63906908734707,
              26.06626310523077
            ],
            [
              87.639338962818,
              26.066326289771972
            ],
            [
              87.63960876822031,
              26.066339813346126
            ],
            [
              87.64038831813905,
              26.066366786250903
            ],
            [
              87.64139765710743,
              26.066145508348512
            ],
            [
              87.64169753720715,
              26.06608232532368
            ],
            [
              87.64205482414512,
              26.066041682689168
            ],
            [
              87.64241211198139,
              26.066001041654445
            ],
            [
              87.64350133543306,
              26.065617225910387
            ],
            [
              87.64383606297925,
              26.065418621090025
            ],
            [
              87.6439410113573,
              26.065396031321725
            ],
            [
              87.64403093541218,
              26.065423078683285
            ],
            [
              87.64411598341171,
              26.065490781789514
            ],
            [
              87.64416096475294,
              26.065599114747624
            ],
            [
              87.64417594056701,
              26.06588799004186
            ],
            [
              87.64409606686353,
              26.066181351238072
            ],
            [
              87.64397123068345,
              26.06644313036697
            ],
            [
              87.64394622517918,
              26.06662364826801
            ],
            [
              87.6438963381382,
              26.066953082673827
            ],
            [
              87.64385141788242,
              26.067404394306386
            ],
            [
              87.64385145830661,
              26.067539836115255
            ],
            [
              87.64384647804668,
              26.067634576779504
            ],
            [
              87.64381150663267,
              26.067693243361017
            ],
            [
              87.64373157364038,
              26.067738385695083
            ],
            [
              87.64361162429545,
              26.0677790099883
            ],
            [
              87.6434167689305,
              26.067815184834693
            ],
            [
              87.64316185579898,
              26.067801601717793
            ],
            [
              87.64277711185437,
              26.06764828014907
            ],
            [
              87.64237231841093,
              26.067540013641104
            ],
            [
              87.64162779829672,
              26.067558133380047
            ],
            [
              87.64142284407139,
              26.067594258264673
            ],
            [
              87.64125795291109,
              26.06766198916561
            ],
            [
              87.64107315957568,
              26.067801863164377
            ],
            [
              87.6405335191266,
              26.06826683609085
            ],
            [
              87.64026747497039,
              26.06867832562145
            ],
            [
              87.64024718382475,
              26.068709710267928
            ],
            [
              87.64016877257855,
              26.068830988196417
            ],
            [
              87.6397790959847,
              26.069720126938236
            ],
            [
              87.63961431891047,
              26.07008564689454
            ],
            [
              87.6392845680309,
              26.070762688782896
            ],
            [
              87.63912460772322,
              26.07094777763904
            ],
            [
              87.63899474457078,
              26.071078646618492
            ],
            [
              87.63880489641527,
              26.07120951061024
            ],
            [
              87.63861000511774,
              26.07127728218658
            ],
            [
              87.63811025166396,
              26.071340440622336
            ],
            [
              87.63772048344194,
              26.071349566768156
            ],
            [
              87.63718074956812,
              26.07132251512688
            ],
            [
              87.63687095296596,
              26.071218689215456
            ],
            [
              87.63632126216554,
              26.07108792932553
            ],
            [
              87.6360264305977,
              26.071033787990995
            ],
            [
              87.63573659905275,
              26.070997684340085
            ],
            [
              87.635631620132,
              26.070997694023013
            ],
            [
              87.635561660236,
              26.07100224500573
            ],
            [
              87.63546672358183,
              26.071047358629357
            ],
            [
              87.63537680581514,
              26.07113308326169
            ],
            [
              87.63526690861823,
              26.071277496017718
            ],
            [
              87.63514197721673,
              26.071507663616323
            ],
            [
              87.63514195835212,
              26.071634076227223
            ],
            [
              87.63516200425768,
              26.071810061804022
            ],
            [
              87.63521696228844,
              26.072026707053762
            ],
            [
              87.63548181527861,
              26.07250961030905
            ],
            [
              87.63569676595641,
              26.072915799745896
            ],
            [
              87.63609164918564,
              26.073389640320762
            ],
            [
              87.6364514280502,
              26.073971804998333
            ],
            [
              87.63669636718713,
              26.07428314361028
            ],
            [
              87.63697122740957,
              26.074580985400708
            ],
            [
              87.63738102536743,
              26.075000669247057
            ],
            [
              87.63745343766419,
              26.075052981155434
            ],
            [
              87.63751274893083,
              26.07509582668245
            ],
            [
              87.63765595296351,
              26.075199276376196
            ],
            [
              87.63790077891272,
              26.075248849636527
            ],
            [
              87.63850058582459,
              26.075564755023237
            ],
            [
              87.63900025304012,
              26.07575875391635
            ],
            [
              87.6393450983114,
              26.075943774359565
            ],
            [
              87.63973996087934,
              26.076133267026655
            ],
            [
              87.63996489094167,
              26.07620089374305
            ],
            [
              87.64046956267167,
              26.076376895048583
            ],
            [
              87.64070944159859,
              26.076435516099796
            ],
            [
              87.64103928500462,
              26.076453555388635
            ],
            [
              87.64153911571357,
              26.07656627727988
            ],
            [
              87.64177396856648,
              26.07665652120104
            ],
            [
              87.64196888501684,
              26.076683645035434
            ],
            [
              87.64218874858093,
              26.076683569996273
            ],
            [
              87.64228373464246,
              26.07666553961847
            ],
            [
              87.64240365074973,
              26.076525592292025
            ],
            [
              87.64252848064159,
              26.076205124193773
            ],
            [
              87.64269834577364,
              26.075965901366185
            ],
            [
              87.6428283355885,
              26.075785366397543
            ],
            [
              87.6431830973622,
              26.075496470331515
            ],
            [
              87.64336292211576,
              26.07541521578908
            ],
            [
              87.64362783080148,
              26.07533394263195
            ],
            [
              87.64404758927923,
              26.075212070310553
            ],
            [
              87.6442474797013,
              26.075198537271493
            ],
            [
              87.64435741372915,
              26.075135292159533
            ],
            [
              87.64435739306789,
              26.075076601065334
            ],
            [
              87.64438731864496,
              26.074972809144146
            ],
            [
              87.64441729183271,
              26.074932223656276
            ],
            [
              87.64446730912944,
              26.074900577633002
            ],
            [
              87.64454726907118,
              26.074914126844234
            ],
            [
              87.64462222719342,
              26.074963814802885
            ],
            [
              87.64464221560682,
              26.07509013734605
            ],
            [
              87.64463723534689,
              26.075202937203816
            ],
            [
              87.64467227413455,
              26.075284225782628
            ],
            [
              87.64473718460034,
              26.07532483938935
            ],
            [
              87.6448121957232,
              26.075329289343617
            ],
            [
              87.64490208115052,
              26.075329339370306
            ],
            [
              87.64502210775059,
              26.075338283656833
            ],
            [
              87.64518700070751,
              26.07537890208608
            ],
            [
              87.64538688394308,
              26.07550974674808
            ],
            [
              87.6456417791083,
              26.075699308702387
            ],
            [
              87.64607663467271,
              26.076069284127303
            ],
            [
              87.64636155243308,
              26.076263313652568
            ],
            [
              87.6465264930007,
              26.076367046334727
            ],
            [
              87.64665639478068,
              26.07640763778021
            ],
            [
              87.6468362635517,
              26.076425703700203
            ],
            [
              87.64698623908502,
              26.076425663356492
            ],
            [
              87.64714111582654,
              26.076353456141007
            ],
            [
              87.64732096842788,
              26.07616835888511
            ],
            [
              87.64765077140973,
              26.075906561958423
            ],
            [
              87.64796550425432,
              26.075540993200875
            ],
            [
              87.64819034538343,
              26.07533781485843
            ],
            [
              87.64852519240557,
              26.07510308137266
            ],
            [
              87.64886993706554,
              26.074886450690535
            ],
            [
              87.64920467898479,
              26.074723860820818
            ],
            [
              87.64984431809465,
              26.074425902395046
            ],
            [
              87.650309007608,
              26.074258841718827
            ],
            [
              87.65074872665134,
              26.074132434362195
            ],
            [
              87.6508887012406,
              26.0741142873993
            ],
            [
              87.65103362285211,
              26.07410523489596
            ],
            [
              87.65119856701303,
              26.074154874784494
            ],
            [
              87.6513885058984,
              26.074294787020865
            ],
            [
              87.65156342225725,
              26.0744661878961
            ],
            [
              87.65159349156475,
              26.0747505687498
            ],
            [
              87.65160853744744,
              26.074994203683335
            ],
            [
              87.65163848188912,
              26.075147659259667
            ],
            [
              87.65163860585663,
              26.07535082098756
            ],
            [
              87.6515836145882,
              26.075549354096633
            ],
            [
              87.65146373621018,
              26.07576605939888
            ],
            [
              87.65135382913176,
              26.075905968903086
            ],
            [
              87.65113903835407,
              26.07628057594691
            ],
            [
              87.65106912517047,
              26.076384368322493
            ],
            [
              87.65104315757054,
              26.07642286269528
            ],
            [
              87.6509991095789,
              26.07648816060606
            ],
            [
              87.65098413735807,
              26.076564887843748
            ],
            [
              87.65096923879908,
              26.076691275629884
            ],
            [
              87.65102425342373,
              26.076822134962647
            ],
            [
              87.6511391335755,
              26.076930421129465
            ],
            [
              87.65122409443845,
              26.07698006062706
            ],
            [
              87.65131905444882,
              26.077011686723377
            ],
            [
              87.65145400655732,
              26.07698904593785
            ],
            [
              87.65155891630778,
              26.07693945162885
            ],
            [
              87.65204363465867,
              26.07639775679395
            ],
            [
              87.65218845925216,
              26.075991501169142
            ],
            [
              87.65228334200741,
              26.075738790920557
            ],
            [
              87.65238819785894,
              26.075589873206425
            ],
            [
              87.65249312916897,
              26.075454410046486
            ],
            [
              87.65259808473348,
              26.0753416088172
            ],
            [
              87.65269296659044,
              26.075269307334793
            ],
            [
              87.65281794470432,
              26.075233255016528
            ],
            [
              87.65299286285985,
              26.075224156607387
            ],
            [
              87.65331260560879,
              26.07526018230133
            ],
            [
              87.65350259839308,
              26.075318825697497
            ],
            [
              87.6535525411296,
              26.075454221236292
            ],
            [
              87.65358756195099,
              26.075657314654336
            ],
            [
              87.65355272438595,
              26.076045465119023
            ],
            [
              87.65358269577708,
              26.076221402915024
            ],
            [
              87.65366275902508,
              26.076361357866958
            ],
            [
              87.65376269300718,
              26.07646058971809
            ],
            [
              87.65395768940759,
              26.076609503904088
            ],
            [
              87.65410256610336,
              26.076699684049004
            ],
            [
              87.6542724626764,
              26.076704241265073
            ],
            [
              87.65447742768154,
              26.07670412426856
            ],
            [
              87.65466729559999,
              26.07668610680387
            ],
            [
              87.65477717483058,
              26.07657770664196
            ],
            [
              87.6550120564296,
              26.07641971023677
            ],
            [
              87.65527188334576,
              26.076252661281018
            ],
            [
              87.65539680935736,
              26.0761714613241
            ],
            [
              87.65551668773541,
              26.076171367726438
            ],
            [
              87.65567163813876,
              26.076202989199967
            ],
            [
              87.65587660673715,
              26.076347340835735
            ],
            [
              87.65604648264892,
              26.07649176087783
            ],
            [
              87.6560865052898,
              26.07660453759964
            ],
            [
              87.65604661829455,
              26.076803095209545
            ],
            [
              87.65584181857946,
              26.077245473152963
            ],
            [
              87.65554702743582,
              26.077597514315816
            ],
            [
              87.65520736544373,
              26.07793612416915
            ],
            [
              87.65493248994994,
              26.078148297747802
            ],
            [
              87.65467770887075,
              26.078378530105656
            ],
            [
              87.65435793917233,
              26.078644811675808
            ],
            [
              87.6541580748014,
              26.07895172596711
            ],
            [
              87.65415815205651,
              26.079073621828748
            ],
            [
              87.65423822159273,
              26.079357955989348
            ],
            [
              87.65439310282581,
              26.079538382978463
            ],
            [
              87.65463804825096,
              26.079786573919957
            ],
            [
              87.65488799369899,
              26.079980565010324
            ],
            [
              87.65525782021999,
              26.080084349264464
            ],
            [
              87.65580265113474,
              26.080282779138287
            ],
            [
              87.6561824489554,
              26.08030976577525
            ],
            [
              87.65706205682375,
              26.08036824688622
            ],
            [
              87.65777676544695,
              26.080476414393868
            ],
            [
              87.65917601996105,
              26.080412873599784
            ],
            [
              87.6598157650721,
              26.080507557051554
            ],
            [
              87.66022056480371,
              26.080588686225884
            ],
            [
              87.6606154399481,
              26.08062922618319
            ],
            [
              87.6610602317779,
              26.08065617401172
            ],
            [
              87.6616498742523,
              26.08062439721301
            ],
            [
              87.66186974140966,
              26.080570204615867
            ],
            [
              87.66208465076497,
              26.080452831074652
            ]
          ]
        ]
      }
    }
  ]
}