{
  "type": "FeatureCollection",
  "features": [
    {
      "type": "Feature",
      "properties": {
        "object_id": "10-203-01014",
        "stname": "BIHAR",
        "dtname": "Pashchim Champaran",
        "sdtname": "Ramnagar",
        "st_area_sh": 0.0,
        "st_length_": 0.0,
        "remarks": "",
        "dist_lgd": 211,
        "state_lgd": 10,
        "subdt_lgd": 1014,
        "ac_no": null,
        "st_length(shape)": 230865.78384139363,
        "st_area(shape)": 866139404.2451236
      },
      "geometry": {
        "type": "Polygon",
        "coordinates": [
          [
            [
              84.10906470267248,
              27.52111934369662
            ],
            [
              84.10926388701873,
              27.52076668616222
            ],
            [
              84.1094548733397,
              27.520452932749723
            ],
            [
              84.10953077559132,
              27.52032823991162
            ],
            [
              84.10961564931769,
              27.520249461351288
            ],
            [
              84.10961569333514,
              27.520249431077897
            ],
            [
              84.10985550399012,
              27.52002687108289
            ],
            [
              84.11008464715111,
              27.519907748086982
            ],
            [
              84.11039371342294,
              27.519631418344723
            ],
            [
              84.11062188101351,
              27.519531502730878
            ],
            [
              84.11097966382152,
              27.51943038165746
            ],
            [
              84.11126367428342,
              27.51936479619192
            ],
            [
              84.11167833033035,
              27.519419961948888
            ],
            [
              84.11189192724703,
              27.519608216031443
            ],
            [
              84.11208165233337,
              27.519699259828446
            ],
            [
              84.11243722708238,
              27.519784133324723
            ],
            [
              84.11261451409528,
              27.51980998214507
            ],
            [
              84.11268014411162,
              27.51981956132788
            ],
            [
              84.11282742110582,
              27.51989606410628
            ],
            [
              84.1129029379802,
              27.519789656652357
            ],
            [
              84.11298240564516,
              27.519677705049002
            ],
            [
              84.11315395960992,
              27.519273921809962
            ],
            [
              84.11332304680091,
              27.519203714731884
            ],
            [
              84.11347744384203,
              27.519139332909806
            ],
            [
              84.11380752440331,
              27.51915901162129
            ],
            [
              84.11413533941341,
              27.51922351611998
            ],
            [
              84.11452255821663,
              27.51925190407845
            ],
            [
              84.11498354577267,
              27.519244754708048
            ],
            [
              84.11546110005918,
              27.519052182011844
            ],
            [
              84.11573332911615,
              27.51893478037854
            ],
            [
              84.11591781522772,
              27.51898710619459
            ],
            [
              84.11608340527731,
              27.519128509258476
            ],
            [
              84.11629921025296,
              27.519130759073917
            ],
            [
              84.11649443662209,
              27.519112931834687
            ],
            [
              84.11670208758989,
              27.519134104319942
            ],
            [
              84.11684444810454,
              27.519165487008824
            ],
            [
              84.11689919143795,
              27.518936681252878
            ],
            [
              84.11712094056584,
              27.51839374288726
            ],
            [
              84.11712248117655,
              27.518389170728103
            ],
            [
              84.11718607291552,
              27.51820074725526
            ],
            [
              84.11726184041984,
              27.51797623601559
            ],
            [
              84.1173410080475,
              27.517741648618728
            ],
            [
              84.11739224974797,
              27.517012193292462
            ],
            [
              84.11736636389475,
              27.5168122329306
            ],
            [
              84.11725629511959,
              27.516711561082634
            ],
            [
              84.1170554399069,
              27.516555909996644
            ],
            [
              84.11704116927032,
              27.516525760644786
            ],
            [
              84.11699040906686,
              27.516418533316035
            ],
            [
              84.11702802332442,
              27.516344535324162
            ],
            [
              84.11710228525234,
              27.516198451266515
            ],
            [
              84.11728372158353,
              27.516026066379492
            ],
            [
              84.11728380961841,
              27.515894754316587
            ],
            [
              84.11728385273757,
              27.515829702922208
            ],
            [
              84.11728391382302,
              27.515737318260193
            ],
            [
              84.11721486661531,
              27.515394455673114
            ],
            [
              84.117208363711,
              27.515379045824993
            ],
            [
              84.1170808343817,
              27.515076849200476
            ],
            [
              84.11694490490615,
              27.514754769089095
            ],
            [
              84.11688149193192,
              27.514585387128744
            ],
            [
              84.11694768519195,
              27.514414790720007
            ],
            [
              84.11695771308547,
              27.51421627166917
            ],
            [
              84.11706603014579,
              27.514066618695203
            ],
            [
              84.11723251940897,
              27.514047636993745
            ],
            [
              84.11727651709495,
              27.513888983303442
            ],
            [
              84.11725832890542,
              27.513394159349772
            ],
            [
              84.1174724387601,
              27.51328725482632
            ],
            [
              84.11791508990456,
              27.5132151923502
            ],
            [
              84.11829058030344,
              27.513332936304078
            ],
            [
              84.1186379875699,
              27.513436717648258
            ],
            [
              84.11877639280236,
              27.513403773350284
            ],
            [
              84.11881812583549,
              27.513289946143654
            ],
            [
              84.11879656806532,
              27.513158907276182
            ],
            [
              84.11878270436554,
              27.51307464134549
            ],
            [
              84.11878204590043,
              27.513070638620558
            ],
            [
              84.11875755243591,
              27.512921756111435
            ],
            [
              84.11879727683609,
              27.512705179022102
            ],
            [
              84.11893431842593,
              27.512556677649364
            ],
            [
              84.11916641614589,
              27.512521076807605
            ],
            [
              84.11935929881044,
              27.512406901315284
            ],
            [
              84.11942484079186,
              27.512249111300484
            ],
            [
              84.119599478673,
              27.51221120303792
            ],
            [
              84.1197597515944,
              27.512172717931776
            ],
            [
              84.11987958775164,
              27.512222445651574
            ],
            [
              84.11996293524034,
              27.512424712113503
            ],
            [
              84.12008147692521,
              27.512500053630365
            ],
            [
              84.12027766269507,
              27.5124630106978
            ],
            [
              84.1203895298974,
              27.512242911969892
            ],
            [
              84.12052204397823,
              27.512184063327183
            ],
            [
              84.12076825243466,
              27.512296612135607
            ],
            [
              84.12088841018875,
              27.512339934919005
            ],
            [
              84.1211799054136,
              27.512268213617993
            ],
            [
              84.12190413078893,
              27.511893015322457
            ],
            [
              84.12206731335354,
              27.51179689308077
            ],
            [
              84.12223379722684,
              27.511777904613826
            ],
            [
              84.12255473563346,
              27.511835698603726
            ],
            [
              84.1227920750231,
              27.51183880425601
            ],
            [
              84.12287035960685,
              27.511713607678843
            ],
            [
              84.12285714179575,
              27.51140507173921
            ],
            [
              84.12297036904741,
              27.5113005283945
            ],
            [
              84.12337774424897,
              27.511214200685675
            ],
            [
              84.12361928056764,
              27.51113405397762
            ],
            [
              84.12391594020707,
              27.510959866107594
            ],
            [
              84.12418814321289,
              27.510842447072573
            ],
            [
              84.12448688874038,
              27.51091217985243
            ],
            [
              84.12496332731932,
              27.511168708747654
            ],
            [
              84.12556969372936,
              27.511417612312858
            ],
            [
              84.12589523330684,
              27.511526916816365
            ],
            [
              84.12619035143726,
              27.511525916121077
            ],
            [
              84.12644657431247,
              27.511439936761228
            ],
            [
              84.12678575480757,
              27.511421450174275
            ],
            [
              84.12717956544833,
              27.511604073902173
            ],
            [
              84.12733039258453,
              27.51161012029634
            ],
            [
              84.12757717326782,
              27.511568678308898
            ],
            [
              84.12810801561699,
              27.511602790367938
            ],
            [
              84.12868195015031,
              27.51163862415235
            ],
            [
              84.12873119669253,
              27.511758234939233
            ],
            [
              84.12875663967631,
              27.511786634385235
            ],
            [
              84.12889360490936,
              27.511939549082424
            ],
            [
              84.12912897339527,
              27.51205095005582
            ],
            [
              84.12948754402576,
              27.512149079828593
            ],
            [
              84.1298060390148,
              27.512150917082
            ],
            [
              84.12982251771035,
              27.512142235939866
            ],
            [
              84.12990254143253,
              27.51210015597396
            ],
            [
              84.12996436888025,
              27.512007946646722
            ],
            [
              84.12996913264621,
              27.511913452223087
            ],
            [
              84.13008821242197,
              27.511819896266
            ],
            [
              84.13012985203034,
              27.511787180942065
            ],
            [
              84.13027526232536,
              27.511998553218017
            ],
            [
              84.13046121269086,
              27.51219901709829
            ],
            [
              84.1307540643718,
              27.51238555384883
            ],
            [
              84.13100537166581,
              27.512504874612468
            ],
            [
              84.13128778043155,
              27.512574457351093
            ],
            [
              84.13144693584876,
              27.51257718931881
            ],
            [
              84.13153717700891,
              27.51271145321863
            ],
            [
              84.13169404621372,
              27.512840645816578
            ],
            [
              84.1317789900087,
              27.512910602802098
            ],
            [
              84.1318594467188,
              27.51308770198737
            ],
            [
              84.13190616989337,
              27.513190557774454
            ],
            [
              84.13193777621831,
              27.513373912343248
            ],
            [
              84.13215791107363,
              27.513564817891933
            ],
            [
              84.13233127334705,
              27.513772057374997
            ],
            [
              84.13251314266621,
              27.513989467320158
            ],
            [
              84.13253549814037,
              27.514076129860886
            ],
            [
              84.13275900706789,
              27.514098738196424
            ],
            [
              84.13298395240157,
              27.51419423699087
            ],
            [
              84.13326059667816,
              27.514378299756405
            ],
            [
              84.13357966928392,
              27.5146323428025
            ],
            [
              84.13389152662133,
              27.51482691739778
            ],
            [
              84.1340471956769,
              27.514878673132095
            ],
            [
              84.13418652886907,
              27.51492499529836
            ],
            [
              84.13431519366887,
              27.514930373072563
            ],
            [
              84.13459538000264,
              27.514841442180764
            ],
            [
              84.13466833937338,
              27.514736596962397
            ],
            [
              84.13474949137951,
              27.514620001772734
            ],
            [
              84.13488866826478,
              27.514593707965272
            ],
            [
              84.13509134076929,
              27.514624582055653
            ],
            [
              84.13524598035558,
              27.51469677984571
            ],
            [
              84.13537639417525,
              27.5147576659213
            ],
            [
              84.13556345665506,
              27.514982618732958
            ],
            [
              84.13582302305979,
              27.515294760084032
            ],
            [
              84.135853339404,
              27.515402515129576
            ],
            [
              84.13586668926743,
              27.51544997636122
            ],
            [
              84.13593968277418,
              27.5157094368935
            ],
            [
              84.13608353089893,
              27.515909321980363
            ],
            [
              84.13612419942847,
              27.515965834299816
            ],
            [
              84.13637723867433,
              27.515957495242986
            ],
            [
              84.13648937357462,
              27.515953797759
            ],
            [
              84.13668440141605,
              27.516042621790458
            ],
            [
              84.13706835484324,
              27.516326566617916
            ],
            [
              84.13749954168802,
              27.516585087371983
            ],
            [
              84.13768854632549,
              27.516698405267718
            ],
            [
              84.13784760202971,
              27.516872145869485
            ],
            [
              84.13782088074323,
              27.517098685349687
            ],
            [
              84.1378781411561,
              27.517178363241065
            ],
            [
              84.13838210681027,
              27.517512627981358
            ],
            [
              84.13872266621932,
              27.517738507282207
            ],
            [
              84.13909188997076,
              27.517714005969566
            ],
            [
              84.13934118503852,
              27.517697462760516
            ],
            [
              84.13974320538269,
              27.517758268303083
            ],
            [
              84.14003014614904,
              27.517698599633167
            ],
            [
              84.14036753899673,
              27.517628464844737
            ],
            [
              84.14063984171553,
              27.517571850606764
            ],
            [
              84.14108267701461,
              27.517520499264112
            ],
            [
              84.14135287587905,
              27.517731600006275
            ],
            [
              84.14146278385576,
              27.51777377899706
            ],
            [
              84.1415382126952,
              27.517802740943974
            ],
            [
              84.14175199735978,
              27.517815841655455
            ],
            [
              84.14200134183488,
              27.517831121302308
            ],
            [
              84.14216489899698,
              27.51772765003215
            ],
            [
              84.14234426920301,
              27.51761416270568
            ],
            [
              84.14254490343015,
              27.517487246277323
            ],
            [
              84.14273182756942,
              27.51731785976135
            ],
            [
              84.14315690407363,
              27.51708903582099
            ],
            [
              84.1434402884098,
              27.516936485997423
            ],
            [
              84.14363924188903,
              27.51693988628197
            ],
            [
              84.14393485229621,
              27.517051848639206
            ],
            [
              84.14414338091808,
              27.517169436318156
            ],
            [
              84.14429044860482,
              27.517493967143437
            ],
            [
              84.14448084383433,
              27.517788047654516
            ],
            [
              84.14454155467617,
              27.517881832761166
            ],
            [
              84.14483534240163,
              27.518030138926974
            ],
            [
              84.14503135659328,
              27.51812908873033
            ],
            [
              84.14535116402094,
              27.51823056233765
            ],
            [
              84.14552268564633,
              27.518284986155024
            ],
            [
              84.14568160660325,
              27.518462271077425
            ],
            [
              84.1458567520325,
              27.518657656291335
            ],
            [
              84.14596862731969,
              27.5185779396376
            ],
            [
              84.14616454898484,
              27.51843833636683
            ],
            [
              84.14633951744597,
              27.518313652398035
            ],
            [
              84.14643547368799,
              27.518245288232002
            ],
            [
              84.14669142706865,
              27.518062905772013
            ],
            [
              84.14679167456278,
              27.517991472619173
            ],
            [
              84.14731299476993,
              27.517393958765087
            ],
            [
              84.14755766261565,
              27.517198885202337
            ],
            [
              84.1477458956003,
              27.5171108078079
            ],
            [
              84.14801056174086,
              27.516986967624675
            ],
            [
              84.14830831283336,
              27.516892006632677
            ],
            [
              84.14849274504604,
              27.516676317708104
            ],
            [
              84.14861754798847,
              27.516631227969846
            ],
            [
              84.14877330058737,
              27.516783117757623
            ],
            [
              84.14896483937225,
              27.516866035232436
            ],
            [
              84.1490017250961,
              27.516882003354105
            ],
            [
              84.14902815263345,
              27.51689344307024
            ],
            [
              84.14909239026113,
              27.516921251637765
            ],
            [
              84.14935438660869,
              27.51680537339815
            ],
            [
              84.1495317751312,
              27.516726917365567
            ],
            [
              84.14986062679714,
              27.516685420740526
            ],
            [
              84.15049802461039,
              27.516701765724914
            ],
            [
              84.15115161006501,
              27.51671852419122
            ],
            [
              84.15137255340409,
              27.516672950079883
            ],
            [
              84.15136890175245,
              27.516440643234905
            ],
            [
              84.15111937402104,
              27.516020988217825
            ],
            [
              84.15109673917081,
              27.51595577835482
            ],
            [
              84.15095434092692,
              27.51554552576825
            ],
            [
              84.15096879212493,
              27.51535946363506
            ],
            [
              84.15105577240061,
              27.515177810155368
            ],
            [
              84.15107146237534,
              27.51514505838491
            ],
            [
              84.15102765603052,
              27.51479734518547
            ],
            [
              84.15095799257855,
              27.51424437808721
            ],
            [
              84.15094318115614,
              27.51412680719897
            ],
            [
              84.15093018073736,
              27.514023611293812
            ],
            [
              84.15089857890399,
              27.513772757688077
            ],
            [
              84.15082102734549,
              27.51352359175461
            ],
            [
              84.15080830091289,
              27.513505295136568
            ],
            [
              84.15063531233862,
              27.513256703031935
            ],
            [
              84.15034677885923,
              27.513003917221766
            ],
            [
              84.15008737415127,
              27.512679459991382
            ],
            [
              84.15009794642384,
              27.51257062909058
            ],
            [
              84.15036214633882,
              27.512189690610978
            ],
            [
              84.15044376007901,
              27.512129399862907
            ],
            [
              84.1504953341561,
              27.51209130034444
            ],
            [
              84.1505901441478,
              27.512021259181395
            ],
            [
              84.1507554763809,
              27.51198233979171
            ],
            [
              84.1509430904263,
              27.5120080382705
            ],
            [
              84.15108195559617,
              27.511886122020567
            ],
            [
              84.15091898233902,
              27.511674767056665
            ],
            [
              84.15060687886321,
              27.511179775389525
            ],
            [
              84.15053463365312,
              27.510890103082005
            ],
            [
              84.15067806136636,
              27.510677324823792
            ],
            [
              84.15089525693405,
              27.510622266225276
            ],
            [
              84.15105543283744,
              27.510581661238174
            ],
            [
              84.15166943223245,
              27.5105575766193
            ],
            [
              84.15177316429154,
              27.51049204960217
            ],
            [
              84.1518592480486,
              27.51043769283872
            ],
            [
              84.15173741763144,
              27.510118728747308
            ],
            [
              84.15162076959518,
              27.51001991037112
            ],
            [
              84.15155132533212,
              27.509961078067573
            ],
            [
              84.1513502554221,
              27.509898425346538
            ],
            [
              84.15114377765406,
              27.50991934783453
            ],
            [
              84.15077038841461,
              27.509957213862684
            ],
            [
              84.15070042312871,
              27.509927107319847
            ],
            [
              84.15065973663287,
              27.509720634232757
            ],
            [
              84.15023189241924,
              27.509598851691486
            ],
            [
              84.14995211212401,
              27.509578575303557
            ],
            [
              84.14950761763659,
              27.50917844075075
            ],
            [
              84.14946526027431,
              27.50910265874687
            ],
            [
              84.14943734961842,
              27.509052725648893
            ],
            [
              84.14922602094786,
              27.508584514608604
            ],
            [
              84.14914595500488,
              27.508407125326094
            ],
            [
              84.14915872814991,
              27.508094742932983
            ],
            [
              84.14927732732697,
              27.507956628245786
            ],
            [
              84.14953288544888,
              27.507659018097332
            ],
            [
              84.14970942686013,
              27.507453425955777
            ],
            [
              84.1497630535876,
              27.50737633766763
            ],
            [
              84.14990445380323,
              27.50717311536917
            ],
            [
              84.14993409730928,
              27.507130510028833
            ],
            [
              84.15005122684256,
              27.506962160091508
            ],
            [
              84.14996065600067,
              27.506765663330256
            ],
            [
              84.14955906055964,
              27.506426420388966
            ],
            [
              84.14913075910353,
              27.50611626890895
            ],
            [
              84.14904674506491,
              27.506055440198907
            ],
            [
              84.14882932222343,
              27.505897995638566
            ],
            [
              84.14882416679201,
              27.50570968781448
            ],
            [
              84.14894561542518,
              27.505527898884374
            ],
            [
              84.14933489676027,
              27.505197478034574
            ],
            [
              84.14955595957528,
              27.504813725293886
            ],
            [
              84.14964250506638,
              27.50466350018896
            ],
            [
              84.14979836366649,
              27.504301002995142
            ],
            [
              84.14974813796063,
              27.50408503600608
            ],
            [
              84.149624639372,
              27.503994086055116
            ],
            [
              84.14936905969051,
              27.503805869790696
            ],
            [
              84.1491862875645,
              27.50365472620588
            ],
            [
              84.14896261963517,
              27.503469779388347
            ],
            [
              84.14843776455739,
              27.50303576687381
            ],
            [
              84.14868891913778,
              27.50279427605574
            ],
            [
              84.14875335439478,
              27.50264777879401
            ],
            [
              84.14910749094103,
              27.502339803875692
            ],
            [
              84.14915372812703,
              27.502299594231424
            ],
            [
              84.1492963087289,
              27.502175598732048
            ],
            [
              84.14938688226576,
              27.501926521273848
            ],
            [
              84.14943770894453,
              27.501786746276306
            ],
            [
              84.14993684615408,
              27.50150870808357
            ],
            [
              84.14997036499227,
              27.50149004931179
            ],
            [
              84.15018047195406,
              27.501270829821205
            ],
            [
              84.1502457381527,
              27.501202732352898
            ],
            [
              84.15021637761598,
              27.50091746881686
            ],
            [
              84.15021446600106,
              27.500898906358746
            ],
            [
              84.15004991170898,
              27.500719350908646
            ],
            [
              84.1498363857592,
              27.50070171829473
            ],
            [
              84.14945845643433,
              27.500704834619807
            ],
            [
              84.14907695361127,
              27.500575791915182
            ],
            [
              84.14905464125627,
              27.50051877368313
            ],
            [
              84.14903171175861,
              27.500460180124097
            ],
            [
              84.1490479146714,
              27.500137619772158
            ],
            [
              84.14880534439186,
              27.499986812186506
            ],
            [
              84.14877079698266,
              27.499973352378532
            ],
            [
              84.14854497938487,
              27.499885367966858
            ],
            [
              84.1483551096698,
              27.499600097829134
            ],
            [
              84.14797239861267,
              27.49939361731681
            ],
            [
              84.14787164626534,
              27.499319331377407
            ],
            [
              84.1475712837703,
              27.499097873274565
            ],
            [
              84.14737183801431,
              27.498950819691096
            ],
            [
              84.14715039700853,
              27.498787544165967
            ],
            [
              84.14696844324776,
              27.49865338518984
            ],
            [
              84.14696414301247,
              27.498650206654332
            ],
            [
              84.146897623664,
              27.49864276669754
            ],
            [
              84.14673987321191,
              27.49862512339225
            ],
            [
              84.14633456593214,
              27.49886840425901
            ],
            [
              84.1463169957835,
              27.498878950218597
            ],
            [
              84.1462869983412,
              27.49889695524102
            ],
            [
              84.14625429427497,
              27.498916585779895
            ],
            [
              84.14614742979046,
              27.49883361334233
            ],
            [
              84.14610586025067,
              27.49874004865448
            ],
            [
              84.14604653371269,
              27.498606522299887
            ],
            [
              84.14638660623486,
              27.498137575961955
            ],
            [
              84.1463656269797,
              27.497945544020602
            ],
            [
              84.14608226330482,
              27.497686997795707
            ],
            [
              84.14606299893353,
              27.49766942127111
            ],
            [
              84.14578294016056,
              27.49741388961795
            ],
            [
              84.14546998957346,
              27.497076693607955
            ],
            [
              84.144963051394,
              27.496701358250583
            ],
            [
              84.14456165358233,
              27.496404160707623
            ],
            [
              84.14492900524475,
              27.496363132132117
            ],
            [
              84.1453009976039,
              27.496173151356714
            ],
            [
              84.14574467192944,
              27.49590169128286
            ],
            [
              84.14594354725526,
              27.495780024928177
            ],
            [
              84.14651750783973,
              27.49532953034319
            ],
            [
              84.14688231457494,
              27.49497765392455
            ],
            [
              84.14695136717252,
              27.494720935882768
            ],
            [
              84.14712148023953,
              27.494281613677625
            ],
            [
              84.14743750575985,
              27.49388454002333
            ],
            [
              84.1475556854237,
              27.493361202793263
            ],
            [
              84.147625831271,
              27.493050568249974
            ],
            [
              84.14766659142869,
              27.492870065272577
            ],
            [
              84.14769354358215,
              27.492750708078006
            ],
            [
              84.14767585216094,
              27.49239182609758
            ],
            [
              84.14766921091606,
              27.49225710789182
            ],
            [
              84.14744308339947,
              27.49184308618361
            ],
            [
              84.14730224283427,
              27.49158521811202
            ],
            [
              84.1473006034089,
              27.49142769069561
            ],
            [
              84.14735058477298,
              27.49121558402952
            ],
            [
              84.14742387472377,
              27.49090455614831
            ],
            [
              84.14752260855661,
              27.49048554882762
            ],
            [
              84.14778985735364,
              27.490122537168116
            ],
            [
              84.14793504486649,
              27.489925321034484
            ],
            [
              84.14802502012537,
              27.489803106190617
            ],
            [
              84.1482870982196,
              27.489775946609658
            ],
            [
              84.14856766993061,
              27.48967790207638
            ],
            [
              84.14885857496233,
              27.489576245149664
            ],
            [
              84.14911619202289,
              27.489326528762597
            ],
            [
              84.14904632465334,
              27.48878657370107
            ],
            [
              84.1490176872604,
              27.488565249008143
            ],
            [
              84.14898556260754,
              27.488316971123478
            ],
            [
              84.1489689743175,
              27.488188763393865
            ],
            [
              84.14899805727482,
              27.4880198680919
            ],
            [
              84.1488872842205,
              27.487582979992084
            ],
            [
              84.148832777144,
              27.487143787093586
            ],
            [
              84.14878661990807,
              27.486771873280354
            ],
            [
              84.14878379111323,
              27.486749087994877
            ],
            [
              84.14887385081374,
              27.48632602291237
            ],
            [
              84.14912963171787,
              27.485908329021743
            ],
            [
              84.14973880536316,
              27.485873480616046
            ],
            [
              84.15004422716987,
              27.48589023262036
            ],
            [
              84.15026961267803,
              27.485902593607186
            ],
            [
              84.1504590646765,
              27.48599550138891
            ],
            [
              84.1506966609843,
              27.4861120360576
            ],
            [
              84.15146862193552,
              27.486393236242765
            ],
            [
              84.1517621114203,
              27.486546074654573
            ],
            [
              84.15197796670161,
              27.48661842634093
            ],
            [
              84.15216204407973,
              27.48661211718653
            ],
            [
              84.15228749740241,
              27.486553395095015
            ],
            [
              84.15247217575347,
              27.48612830429775
            ],
            [
              84.15259983713516,
              27.485834445192637
            ],
            [
              84.1526213886171,
              27.485784848198012
            ],
            [
              84.15270969300956,
              27.485464053857463
            ],
            [
              84.15312246439102,
              27.485070830219275
            ],
            [
              84.15344466582891,
              27.48476388436782
            ],
            [
              84.15359149097054,
              27.484370295627254
            ],
            [
              84.15375320658629,
              27.484199214069353
            ],
            [
              84.15403999374075,
              27.48407864570472
            ],
            [
              84.15427935074653,
              27.483978015635326
            ],
            [
              84.15460749184508,
              27.484060325065133
            ],
            [
              84.1551264063639,
              27.484094690307735
            ],
            [
              84.1553500141061,
              27.484143357249085
            ],
            [
              84.15548489614602,
              27.484172727309016
            ],
            [
              84.1561253886554,
              27.48422559722247
            ],
            [
              84.1564104519428,
              27.484249127362077
            ],
            [
              84.15683452772383,
              27.484130977735372
            ],
            [
              84.15742809942928,
              27.483999880241658
            ],
            [
              84.15765524383875,
              27.483949711020923
            ],
            [
              84.157999094675,
              27.48401355239232
            ],
            [
              84.15822772759289,
              27.484136477350862
            ],
            [
              84.15855855465416,
              27.484359074076334
            ],
            [
              84.15873860757982,
              27.48453468830861
            ],
            [
              84.1587506072754,
              27.484557912362174
            ],
            [
              84.15881305276405,
              27.484678776658725
            ],
            [
              84.15898374793939,
              27.484735658054127
            ],
            [
              84.1592693924368,
              27.484637796311066
            ],
            [
              84.15952606536801,
              27.484506910606402
            ],
            [
              84.15995929498176,
              27.484519634350494
            ],
            [
              84.16027877542265,
              27.484459535645758
            ],
            [
              84.16064228139734,
              27.484437611361077
            ],
            [
              84.16077465623928,
              27.48442962614201
            ],
            [
              84.16139755344717,
              27.484135407073587
            ],
            [
              84.16157881191194,
              27.484049789640064
            ],
            [
              84.16170061807456,
              27.483992253609873
            ],
            [
              84.16183551987743,
              27.483967276984874
            ],
            [
              84.1618604912457,
              27.483962665939533
            ],
            [
              84.16187714690939,
              27.48396814085852
            ],
            [
              84.16194650403583,
              27.4839909761291
            ],
            [
              84.1619988470708,
              27.48400820817228
            ],
            [
              84.16209649933207,
              27.484040357166343
            ],
            [
              84.16238392159545,
              27.484134971949686
            ],
            [
              84.16262276566319,
              27.48421359466572
            ],
            [
              84.16287157384406,
              27.48415774024355
            ],
            [
              84.16317909770852,
              27.483928727014174
            ],
            [
              84.16325715412022,
              27.48387058684622
            ],
            [
              84.1632571891545,
              27.483870571704525
            ],
            [
              84.16382058555125,
              27.483451003673046
            ],
            [
              84.16424634208015,
              27.48320647739483
            ],
            [
              84.16480397578435,
              27.48300334834375
            ],
            [
              84.1649615600481,
              27.482956163204747
            ],
            [
              84.1652376590473,
              27.48288197137054
            ],
            [
              84.16525302562856,
              27.48287785278825
            ],
            [
              84.1654495985723,
              27.48282503801365
            ],
            [
              84.16588815429739,
              27.48263002032288
            ],
            [
              84.16609774203296,
              27.482419861174986
            ],
            [
              84.16645847041674,
              27.482147437159455
            ],
            [
              84.16663751722929,
              27.482012220284066
            ],
            [
              84.1669113425925,
              27.481869578091395
            ],
            [
              84.1670790391914,
              27.481680511113524
            ],
            [
              84.1673456160486,
              27.48124956065422
            ],
            [
              84.16741120204753,
              27.481143534230092
            ],
            [
              84.16740999201684,
              27.481134912007604
            ],
            [
              84.16736676867865,
              27.480827045862767
            ],
            [
              84.16728918028919,
              27.480541716781477
            ],
            [
              84.16717920763384,
              27.48029151607939
            ],
            [
              84.16698659536218,
              27.4800607861299
            ],
            [
              84.16690215192882,
              27.479959631177667
            ],
            [
              84.16692110368639,
              27.479839668644633
            ],
            [
              84.16732084320803,
              27.479705364646005
            ],
            [
              84.16788995558494,
              27.47945034200548
            ],
            [
              84.1683778809214,
              27.479287680714027
            ],
            [
              84.16860936868527,
              27.47921050894459
            ],
            [
              84.16880536131734,
              27.47910895393133
            ],
            [
              84.16942126963231,
              27.47914258033699
            ],
            [
              84.1696742280298,
              27.479268250698674
            ],
            [
              84.16978980796922,
              27.479325683200116
            ],
            [
              84.17033203736293,
              27.479301746353457
            ],
            [
              84.17065822193078,
              27.479287344394685
            ],
            [
              84.17090212171692,
              27.47923111529149
            ],
            [
              84.1709111641586,
              27.479218256249244
            ],
            [
              84.17099553842165,
              27.47909826501506
            ],
            [
              84.17100092921166,
              27.479083671757667
            ],
            [
              84.17108999807041,
              27.478842546809545
            ],
            [
              84.171210661576,
              27.4787339319033
            ],
            [
              84.17139999140359,
              27.47856354133115
            ],
            [
              84.17187812061186,
              27.478086374121247
            ],
            [
              84.17191631607945,
              27.477832967984654
            ],
            [
              84.17173733574224,
              27.477329651905695
            ],
            [
              84.17153852779009,
              27.476916591028342
            ],
            [
              84.17123287960791,
              27.476613764383284
            ],
            [
              84.17123216544728,
              27.476613055066984
            ],
            [
              84.1709885171894,
              27.476371656126943
            ],
            [
              84.17092389059121,
              27.476245710688374
            ],
            [
              84.17089791580479,
              27.475948782312308
            ],
            [
              84.17083705943585,
              27.475736955864754
            ],
            [
              84.17100008299866,
              27.475413861627402
            ],
            [
              84.17130181003462,
              27.475289541759132
            ],
            [
              84.17198926736535,
              27.475398698031693
            ],
            [
              84.17255468497149,
              27.475502993337933
            ],
            [
              84.17258968423326,
              27.47549410527541
            ],
            [
              84.17308105281221,
              27.475369430835514
            ],
            [
              84.173555208772,
              27.475261054791513
            ],
            [
              84.17452548090702,
              27.474808870316338
            ],
            [
              84.17512691826109,
              27.474396539604932
            ],
            [
              84.17514962497651,
              27.474375089126905
            ],
            [
              84.17533011807669,
              27.474204672685406
            ],
            [
              84.17576086923856,
              27.474149096124115
            ],
            [
              84.17600403240621,
              27.474176944183437
            ],
            [
              84.17615577312904,
              27.47429223528132
            ],
            [
              84.17626909021223,
              27.474378344078207
            ],
            [
              84.17649282192194,
              27.474387240200763
            ],
            [
              84.17701982936316,
              27.474444549320634
            ],
            [
              84.17737032593587,
              27.474567546326284
            ],
            [
              84.1783227889704,
              27.475287051152208
            ],
            [
              84.17882195762093,
              27.47569770006748
            ],
            [
              84.17913359307447,
              27.475782793993925
            ],
            [
              84.17950015781267,
              27.475788274101404
            ],
            [
              84.17965768817754,
              27.475694562312864
            ],
            [
              84.17985569842571,
              27.47540250766017
            ],
            [
              84.18021279492083,
              27.475189486263943
            ],
            [
              84.18061485029929,
              27.475096398810678
            ],
            [
              84.18083903655655,
              27.47509621789267
            ],
            [
              84.18105758408873,
              27.475004926790206
            ],
            [
              84.18155392843606,
              27.474452069018398
            ],
            [
              84.1817013563472,
              27.474393471949323
            ],
            [
              84.18186581092627,
              27.474328130625487
            ],
            [
              84.18215216778772,
              27.474103206307102
            ],
            [
              84.18227626285768,
              27.473862743927455
            ],
            [
              84.18230047155626,
              27.473581962062585
            ],
            [
              84.18262976878661,
              27.473313295606136
            ],
            [
              84.18300764780581,
              27.473092005176355
            ],
            [
              84.18326665995001,
              27.472802368933372
            ],
            [
              84.18338646915777,
              27.472443586135473
            ],
            [
              84.18359529242704,
              27.472342817915123
            ],
            [
              84.18379226512107,
              27.47233433209054
            ],
            [
              84.18403438983624,
              27.472323902344122
            ],
            [
              84.18437179256536,
              27.47230094589975
            ],
            [
              84.18461293542192,
              27.472165104829966
            ],
            [
              84.18492031555596,
              27.471722883152484
            ],
            [
              84.18527356187175,
              27.471382456253927
            ],
            [
              84.18544870370775,
              27.471343967235214
            ],
            [
              84.18595853086914,
              27.471336942276505
            ],
            [
              84.1860916387364,
              27.471324048040962
            ],
            [
              84.18639946443477,
              27.470872752034026
            ],
            [
              84.18659044536587,
              27.47051679160852
            ],
            [
              84.18674729840099,
              27.470232185034575
            ],
            [
              84.18689690921832,
              27.470092706949732
            ],
            [
              84.18730639635912,
              27.47005442869407
            ],
            [
              84.18757010669225,
              27.470283021240505
            ],
            [
              84.18775043899394,
              27.47034470898659
            ],
            [
              84.18830184377997,
              27.470321148778073
            ],
            [
              84.18879878281197,
              27.470368135289053
            ],
            [
              84.18922656324524,
              27.470575967787614
            ],
            [
              84.1894846330567,
              27.470713446316363
            ],
            [
              84.18971062043607,
              27.470676970355676
            ],
            [
              84.19019786035797,
              27.470305492713827
            ],
            [
              84.190695263819,
              27.469934417118488
            ],
            [
              84.19104282829063,
              27.469911849925506
            ],
            [
              84.1914450786035,
              27.470018689770146
            ],
            [
              84.19174156576638,
              27.47020313166451
            ],
            [
              84.19186909868898,
              27.470379870755245
            ],
            [
              84.19190359130093,
              27.47042768216661
            ],
            [
              84.19209476986138,
              27.47068065501406
            ],
            [
              84.19215284324953,
              27.470946524750115
            ],
            [
              84.1921738584373,
              27.471138217215366
            ],
            [
              84.19235622542315,
              27.471363573993024
            ],
            [
              84.19277949361869,
              27.471662102390106
            ],
            [
              84.19303079013294,
              27.471935633888158
            ],
            [
              84.19320050255133,
              27.472414966127566
            ],
            [
              84.19328479506773,
              27.47256372409474
            ],
            [
              84.19353315588756,
              27.472691722065473
            ],
            [
              84.19372502165919,
              27.472726593769664
            ],
            [
              84.19397402118125,
              27.47292238296474
            ],
            [
              84.19407801644674,
              27.473004154702767
            ],
            [
              84.19459621410995,
              27.473442768764205
            ],
            [
              84.1949785909938,
              27.473539722300888
            ],
            [
              84.19548933174183,
              27.473514523331982
            ],
            [
              84.19586673375565,
              27.473302268195944
            ],
            [
              84.19630130814738,
              27.472965038205828
            ],
            [
              84.19653678622774,
              27.47273806915856
            ],
            [
              84.1967767891222,
              27.472829374891365
            ],
            [
              84.19738448324225,
              27.473107932625084
            ],
            [
              84.19760369642607,
              27.473207502240804
            ],
            [
              84.19793884258722,
              27.4732298679126
            ],
            [
              84.19821477629642,
              27.473213534803794
            ],
            [
              84.1986979477484,
              27.473332649361893
            ],
            [
              84.19900484279216,
              27.47330844979434
            ],
            [
              84.19951399172552,
              27.47311049262115
            ],
            [
              84.20008776905368,
              27.472842385314536
            ],
            [
              84.2003993919308,
              27.472518452100527
            ],
            [
              84.20045139540261,
              27.472416911641147
            ],
            [
              84.20061383326384,
              27.472099783704166
            ],
            [
              84.20068207378444,
              27.471957069697737
            ],
            [
              84.20058104565429,
              27.471734946049587
            ],
            [
              84.20072589001072,
              27.471486203822646
            ],
            [
              84.2009062079394,
              27.47113889229489
            ],
            [
              84.20111387417857,
              27.47085628387841
            ],
            [
              84.20150798485663,
              27.470717383631175
            ],
            [
              84.20174254485877,
              27.470508546346025
            ],
            [
              84.20214255028175,
              27.470660710195016
            ],
            [
              84.20234548599265,
              27.470677832739494
            ],
            [
              84.20261864211099,
              27.4706647280115
            ],
            [
              84.202968526931,
              27.47064796572156
            ],
            [
              84.2035902141082,
              27.470645306836857
            ],
            [
              84.20376149678174,
              27.470479403781578
            ],
            [
              84.20404193644042,
              27.47037235396773
            ],
            [
              84.2042643089991,
              27.470408420356087
            ],
            [
              84.20462769909109,
              27.470477330709134
            ],
            [
              84.20524938357336,
              27.47047466464705
            ],
            [
              84.20542497007543,
              27.470427082003486
            ],
            [
              84.20553183186502,
              27.47012230233038
            ],
            [
              84.20563328040664,
              27.469926368679573
            ],
            [
              84.20590264473617,
              27.46983705312557
            ],
            [
              84.20626308206583,
              27.469760427878416
            ],
            [
              84.20647113278396,
              27.469621853034404
            ],
            [
              84.20649492556255,
              27.469606006379426
            ],
            [
              84.20658887317161,
              27.469441413681658
            ],
            [
              84.20660654123661,
              27.46941047511129
            ],
            [
              84.20666525781853,
              27.469049258270516
            ],
            [
              84.2067870424216,
              27.468854129317222
            ],
            [
              84.20688442878156,
              27.468739831222827
            ],
            [
              84.20703877102547,
              27.468709581896665
            ],
            [
              84.20712869328372,
              27.46854045667063
            ],
            [
              84.2072690101311,
              27.468382414881802
            ],
            [
              84.20761271005038,
              27.468232416647286
            ],
            [
              84.20792274740101,
              27.46814470576792
            ],
            [
              84.2080564993603,
              27.467913695326246
            ],
            [
              84.20812222459806,
              27.46761637466724
            ],
            [
              84.2081269353634,
              27.467316641327212
            ],
            [
              84.20823313509462,
              27.467229956322715
            ],
            [
              84.20852102538026,
              27.467177722271867
            ],
            [
              84.20864508631423,
              27.467069465699964
            ],
            [
              84.20882990480247,
              27.46690819293277
            ],
            [
              84.20894421991397,
              27.466658234661928
            ],
            [
              84.20887413874537,
              27.466428251701043
            ],
            [
              84.20895073180147,
              27.46632221818782
            ],
            [
              84.20931856585915,
              27.46589142605183
            ],
            [
              84.20946518798151,
              27.4656063930601
            ],
            [
              84.20950040194066,
              27.465307864998
            ],
            [
              84.20948742936964,
              27.46527383424289
            ],
            [
              84.20935618101505,
              27.46492953279753
            ],
            [
              84.20916091601838,
              27.464758219392547
            ],
            [
              84.20874714930356,
              27.464678237336994
            ],
            [
              84.20841448159428,
              27.464401514679327
            ],
            [
              84.20819006626661,
              27.464201779175635
            ],
            [
              84.20818280338756,
              27.463937925713708
            ],
            [
              84.20807816043673,
              27.463788370185323
            ],
            [
              84.20777940862102,
              27.46364931516526
            ],
            [
              84.2075217825773,
              27.46350279611804
            ],
            [
              84.20667002338112,
              27.462805641125577
            ],
            [
              84.2066211038257,
              27.46276046794694
            ],
            [
              84.20629984741548,
              27.462463809317345
            ],
            [
              84.20623202820477,
              27.462188469629766
            ],
            [
              84.2061920100555,
              27.461968760608723
            ],
            [
              84.20596104241616,
              27.461696055669677
            ],
            [
              84.20550452308035,
              27.461041796207372
            ],
            [
              84.20509618308816,
              27.46085295494036
            ],
            [
              84.20492827987675,
              27.460746335775866
            ],
            [
              84.20488080211736,
              27.460471800856684
            ],
            [
              84.20471963088065,
              27.45982013588336
            ],
            [
              84.20458539293277,
              27.459651228976263
            ],
            [
              84.20421773314825,
              27.459463996284036
            ],
            [
              84.20422089072646,
              27.459400500981882
            ],
            [
              84.20448932889293,
              27.45932932868064
            ],
            [
              84.20465879157972,
              27.45919970662271
            ],
            [
              84.2049098060229,
              27.458864274813802
            ],
            [
              84.2052464712352,
              27.4586503852784
            ],
            [
              84.20554200977715,
              27.458443953942975
            ],
            [
              84.20558514508048,
              27.458191181784397
            ],
            [
              84.20564771274002,
              27.457957354985293
            ],
            [
              84.20568814141939,
              27.4577590067536
            ],
            [
              84.20583365502068,
              27.457701145320872
            ],
            [
              84.20615768542848,
              27.457741230954383
            ],
            [
              84.2064225123675,
              27.457742621133573
            ],
            [
              84.2068219841912,
              27.457494857284654
            ],
            [
              84.20723638781155,
              27.45727681685715
            ],
            [
              84.20727184431583,
              27.457258173708595
            ],
            [
              84.20755024390047,
              27.45698565560258
            ],
            [
              84.20755050620853,
              27.45698541168185
            ],
            [
              84.20775376261795,
              27.456786455087375
            ],
            [
              84.20786085437626,
              27.45668163031302
            ],
            [
              84.20800225998177,
              27.45629641397524
            ],
            [
              84.2079987951797,
              27.456240640260773
            ],
            [
              84.20799094031088,
              27.45611419592912
            ],
            [
              84.20784326715963,
              27.455976791659598
            ],
            [
              84.20756247985295,
              27.455715528335514
            ],
            [
              84.20747372001466,
              27.455637943085616
            ],
            [
              84.20727932907877,
              27.455468025378604
            ],
            [
              84.20720044082714,
              27.45521042370473
            ],
            [
              84.20729957441033,
              27.45465085433925
            ],
            [
              84.20745770664641,
              27.45433900978778
            ],
            [
              84.20767819992955,
              27.454002366673063
            ],
            [
              84.20790640255443,
              27.453920508297944
            ],
            [
              84.20794829728433,
              27.45391121434056
            ],
            [
              84.20818454432259,
              27.453858801794972
            ],
            [
              84.20816441038212,
              27.45364896722168
            ],
            [
              84.20799536361532,
              27.45336053460798
            ],
            [
              84.20749778857608,
              27.45312272693905
            ],
            [
              84.20686598457212,
              27.45271601238699
            ],
            [
              84.20678304132532,
              27.452540046917882
            ],
            [
              84.20681149456362,
              27.452377578679904
            ],
            [
              84.20703268314277,
              27.452231824277092
            ],
            [
              84.2072267282273,
              27.451812336670766
            ],
            [
              84.20730036133452,
              27.45156076977162
            ],
            [
              84.20729490317085,
              27.451260630068926
            ],
            [
              84.20729727382488,
              27.451212961806608
            ],
            [
              84.2073052742208,
              27.451052003047018
            ],
            [
              84.20746906224993,
              27.450831268197145
            ],
            [
              84.20750017180653,
              27.450205385902592
            ],
            [
              84.20749672137752,
              27.44965993390505
            ],
            [
              84.20751320007311,
              27.449533345710446
            ],
            [
              84.2076862506311,
              27.449331152665376
            ],
            [
              84.2077015785848,
              27.44902274806815
            ],
            [
              84.20763185135247,
              27.44876571806852
            ],
            [
              84.20760687010272,
              27.44867363427996
            ],
            [
              84.20726088307273,
              27.448051010617558
            ],
            [
              84.20710562005564,
              27.447690411772818
            ],
            [
              84.20687262761366,
              27.447254030237225
            ],
            [
              84.20670744809418,
              27.447092988372244
            ],
            [
              84.2063208437386,
              27.446877740696813
            ],
            [
              84.206130368559,
              27.446815672310763
            ],
            [
              84.20613387288695,
              27.446745206976335
            ],
            [
              84.20613532995435,
              27.446715894704127
            ],
            [
              84.20635921527595,
              27.446515715010744
            ],
            [
              84.20712417565615,
              27.44588251298976
            ],
            [
              84.20737900973596,
              27.445674468121496
            ],
            [
              84.20743275414277,
              27.44541302493662
            ],
            [
              84.20751249040403,
              27.445243495663085
            ],
            [
              84.20742795085096,
              27.44489478366833
            ],
            [
              84.2074647647096,
              27.444768999178457
            ],
            [
              84.20764301561479,
              27.444666988314253
            ],
            [
              84.20807454381942,
              27.444593173299626
            ],
            [
              84.20809553026108,
              27.4443758766805
            ],
            [
              84.20812880206256,
              27.444243763277445
            ],
            [
              84.20815898815106,
              27.44412390616989
            ],
            [
              84.20826626855558,
              27.4438100467732
            ],
            [
              84.20829266465188,
              27.44348390126015
            ],
            [
              84.20829487001589,
              27.44302955669974
            ],
            [
              84.20860188363729,
              27.442796307636332
            ],
            [
              84.20892742590974,
              27.442600146047916
            ],
            [
              84.20939575629488,
              27.4424005416631
            ],
            [
              84.2097610633917,
              27.442224127637786
            ],
            [
              84.20996890839564,
              27.442141461693375
            ],
            [
              84.21044630368033,
              27.442169428653383
            ],
            [
              84.21101089124312,
              27.44208268880091
            ],
            [
              84.21152824808325,
              27.441921372313203
            ],
            [
              84.21242467510864,
              27.441511467368404
            ],
            [
              84.21297478003243,
              27.441305994923187
            ],
            [
              84.21335771027847,
              27.441184800840432
            ],
            [
              84.21357507562779,
              27.441320633043794
            ],
            [
              84.21366343122419,
              27.441383768038655
            ],
            [
              84.21383085832852,
              27.441503425624344
            ],
            [
              84.21395582206938,
              27.44165378230416
            ],
            [
              84.214015731614,
              27.44188336410695
            ],
            [
              84.21398909297255,
              27.44200955209855
            ],
            [
              84.2140783450876,
              27.442058523032834
            ],
            [
              84.21451436037705,
              27.441893980097248
            ],
            [
              84.21494992740719,
              27.4417385070793
            ],
            [
              84.21524791834985,
              27.441686661165882
            ],
            [
              84.21571469644621,
              27.441723279856056
            ],
            [
              84.2161310889366,
              27.44174881774187
            ],
            [
              84.21639677915664,
              27.441732047866836
            ],
            [
              84.2164742426802,
              27.44169522030348
            ],
            [
              84.21685582455501,
              27.441513876622842
            ],
            [
              84.21708264916425,
              27.44145921635104
            ],
            [
              84.21735985488787,
              27.44141563289271
            ],
            [
              84.21765109409289,
              27.441499842834634
            ],
            [
              84.21810437230717,
              27.441808580182386
            ],
            [
              84.21815133802684,
              27.441852520647227
            ],
            [
              84.21834774478224,
              27.442036316862197
            ],
            [
              84.2184781145845,
              27.44207781929382
            ],
            [
              84.21861613533801,
              27.441965118207733
            ],
            [
              84.21871753626897,
              27.441769172787144
            ],
            [
              84.2189440913836,
              27.441514548694798
            ],
            [
              84.21899580919114,
              27.44145312066313
            ],
            [
              84.21922552817223,
              27.441180294038308
            ],
            [
              84.21945432907508,
              27.440880315038605
            ],
            [
              84.21966261515182,
              27.440788564293875
            ],
            [
              84.2198282519138,
              27.44094052121635
            ],
            [
              84.21994295509748,
              27.441005153649293
            ],
            [
              84.21996699042123,
              27.441018705966297
            ],
            [
              84.22021846210693,
              27.441083165352012
            ],
            [
              84.22071303856973,
              27.441175397385226
            ],
            [
              84.22101274170137,
              27.4417052766515
            ],
            [
              84.22119674092603,
              27.44210334912525
            ],
            [
              84.22117173182855,
              27.442402285209425
            ],
            [
              84.22102364006238,
              27.442923578016963
            ],
            [
              84.22089660300986,
              27.44363656320189
            ],
            [
              84.22088158138166,
              27.444144931238483
            ],
            [
              84.22083101701094,
              27.444342883820763
            ],
            [
              84.22075859123947,
              27.444509809173965
            ],
            [
              84.22067321355824,
              27.444706583614508
            ],
            [
              84.22048596692379,
              27.445138147310182
            ],
            [
              84.22035271263118,
              27.44536010212397
            ],
            [
              84.22036477161555,
              27.445733209603926
            ],
            [
              84.22041659901755,
              27.446126064187524
            ],
            [
              84.22037260222989,
              27.446396983630674
            ],
            [
              84.22052097606704,
              27.44710265997882
            ],
            [
              84.22052286702072,
              27.447475366953526
            ],
            [
              84.22052051073975,
              27.44750420389566
            ],
            [
              84.22049695511635,
              27.447792443757084
            ],
            [
              84.22063417187769,
              27.448106871381594
            ],
            [
              84.22078920402772,
              27.44826749563344
            ],
            [
              84.22116135359205,
              27.448363981040973
            ],
            [
              84.22170590243583,
              27.448476358309502
            ],
            [
              84.2223519501269,
              27.44880177319027
            ],
            [
              84.22259669612609,
              27.449002289930057
            ],
            [
              84.2226918995799,
              27.449342321980357
            ],
            [
              84.22261425639324,
              27.449675536301534
            ],
            [
              84.22251357770777,
              27.45006237091675
            ],
            [
              84.22280259358247,
              27.450191923997767
            ],
            [
              84.22360684357822,
              27.45061446216946
            ],
            [
              84.22386625816767,
              27.45072466883783
            ],
            [
              84.22455479437507,
              27.451015396222182
            ],
            [
              84.22492066202062,
              27.451238863395854
            ],
            [
              84.22512744341921,
              27.4513833460351
            ],
            [
              84.22520923412755,
              27.45137748287118
            ],
            [
              84.22530091528711,
              27.451172063079596
            ],
            [
              84.22537315870058,
              27.450947699751268
            ],
            [
              84.22557056078932,
              27.450664651349125
            ],
            [
              84.22566656464205,
              27.450577552273717
            ],
            [
              84.2258721665527,
              27.450540216675165
            ],
            [
              84.22600679257275,
              27.4506110757801
            ],
            [
              84.22633881529164,
              27.450785831032007
            ],
            [
              84.22683102469371,
              27.451132426255768
            ],
            [
              84.22705842422472,
              27.451477666004692
            ],
            [
              84.22707842521453,
              27.451896526719196
            ],
            [
              84.2273444190651,
              27.4520796963714
            ],
            [
              84.22779343656998,
              27.45227007922642
            ],
            [
              84.22788702844619,
              27.452437360871595
            ],
            [
              84.22811684624192,
              27.45252821708207
            ],
            [
              84.22829447730957,
              27.452644280949293
            ],
            [
              84.22826695203098,
              27.45278861188193
            ],
            [
              84.22814162806567,
              27.453056327138473
            ],
            [
              84.22818213400016,
              27.453266959992806
            ],
            [
              84.22845127824245,
              27.453386630198093
            ],
            [
              84.2286594143005,
              27.45350389686103
            ],
            [
              84.22898866931001,
              27.453644113371034
            ],
            [
              84.22938969971074,
              27.454060606300374
            ],
            [
              84.22943438640455,
              27.454107016230473
            ],
            [
              84.22957495657681,
              27.454239271669742
            ],
            [
              84.22971668467751,
              27.45437261824254
            ],
            [
              84.22980938093336,
              27.454558041294433
            ],
            [
              84.22984719731187,
              27.45482309777209
            ],
            [
              84.22984241737625,
              27.454875517033685
            ],
            [
              84.22982933431247,
              27.455018992105536
            ],
            [
              84.229833951653,
              27.455043626941645
            ],
            [
              84.22986573764103,
              27.455104369039173
            ],
            [
              84.22990786862785,
              27.455184883355347
            ],
            [
              84.22998312858404,
              27.45532870398286
            ],
            [
              84.23016595820224,
              27.455621179307716
            ],
            [
              84.23052283820338,
              27.456108667015418
            ],
            [
              84.23083390143007,
              27.45628479976794
            ],
            [
              84.23112380034867,
              27.45633870817299
            ],
            [
              84.23133321740433,
              27.456231636654973
            ],
            [
              84.23158926870134,
              27.45614461132666
            ],
            [
              84.23216968368112,
              27.455827577665328
            ],
            [
              84.23248774119061,
              27.45559369085157
            ],
            [
              84.23249868177246,
              27.45558565730829
            ],
            [
              84.23274160868318,
              27.455407026005798
            ],
            [
              84.23286773843728,
              27.455333089839062
            ],
            [
              84.23311493683715,
              27.455205302881094
            ],
            [
              84.23339142211194,
              27.455062374889998
            ],
            [
              84.23376391303607,
              27.454822122070055
            ],
            [
              84.23386527533947,
              27.454698654238538
            ],
            [
              84.23388818507416,
              27.45465649014329
            ],
            [
              84.23402995359903,
              27.454395590377953
            ],
            [
              84.23425365027448,
              27.45413733732111
            ],
            [
              84.23442730899194,
              27.454065271208698
            ],
            [
              84.23478221539438,
              27.454042828310644
            ],
            [
              84.23499102518892,
              27.453947865641684
            ],
            [
              84.23549034385815,
              27.453752104920984
            ],
            [
              84.23549751960063,
              27.45374930214176
            ],
            [
              84.23577063888801,
              27.45372970500532
            ],
            [
              84.23602398625601,
              27.453697191639204
            ],
            [
              84.2362067565854,
              27.453593128396115
            ],
            [
              84.23628892458615,
              27.453546345182893
            ],
            [
              84.23635302656818,
              27.453509848395758
            ],
            [
              84.23667377902353,
              27.453352524816633
            ],
            [
              84.23684923257493,
              27.45324410878965
            ],
            [
              84.23693910722247,
              27.453077698861193
            ],
            [
              84.2369974249524,
              27.45286149033379
            ],
            [
              84.23711855468363,
              27.452750935051405
            ],
            [
              84.23724847263328,
              27.45273783935248
            ],
            [
              84.23744599509627,
              27.45273347411915
            ],
            [
              84.23767866773801,
              27.45270621293024
            ],
            [
              84.23792156769927,
              27.452688782282905
            ],
            [
              84.23806103024883,
              27.45267877317125
            ],
            [
              84.23852018344502,
              27.452611865313635
            ],
            [
              84.23935580530548,
              27.45249907295288
            ],
            [
              84.23969832214354,
              27.45245185163506
            ],
            [
              84.23993479016735,
              27.45248543196723
            ],
            [
              84.24093259207255,
              27.45267034880837
            ],
            [
              84.24149111241391,
              27.45279549692592
            ],
            [
              84.24170921078849,
              27.452925465303423
            ],
            [
              84.2417590448289,
              27.453018467053706
            ],
            [
              84.24176274678616,
              27.453218909166715
            ],
            [
              84.24176178738544,
              27.45329370687928
            ],
            [
              84.24175558002682,
              27.45377702462254
            ],
            [
              84.24212907706409,
              27.454204441945638
            ],
            [
              84.2422331432965,
              27.45443917588243
            ],
            [
              84.24224983040122,
              27.454652266877435
            ],
            [
              84.24233571293563,
              27.454704200760087
            ],
            [
              84.24265406509254,
              27.454595326907082
            ],
            [
              84.24302704110694,
              27.454482530197765
            ],
            [
              84.24344515656604,
              27.45442006432998
            ],
            [
              84.24393766690372,
              27.45436659022842
            ],
            [
              84.24410713228542,
              27.45437932064134
            ],
            [
              84.2443045667135,
              27.454514542725665
            ],
            [
              84.2443928441565,
              27.454518011898163
            ],
            [
              84.2446813399066,
              27.454462587230772
            ],
            [
              84.24502146722602,
              27.454463814833765
            ],
            [
              84.24526392341953,
              27.454376231702838
            ],
            [
              84.2457217632788,
              27.454060399839097
            ],
            [
              84.24578954655688,
              27.4537899328679
            ],
            [
              84.24590645061298,
              27.453351451051756
            ],
            [
              84.24607019911623,
              27.453066546664722
            ],
            [
              84.24638875429241,
              27.4530912042573
            ],
            [
              84.24689654587138,
              27.45314150311436
            ],
            [
              84.24747403863155,
              27.453158122187144
            ],
            [
              84.247926311631,
              27.453230514928222
            ],
            [
              84.24821471485468,
              27.453314678385144
            ],
            [
              84.24879810235973,
              27.453349732390233
            ],
            [
              84.2490027574461,
              27.453752289859786
            ],
            [
              84.24912289364059,
              27.45379949467779
            ],
            [
              84.24941599684982,
              27.453926326686325
            ],
            [
              84.24965605903309,
              27.45388719863626
            ],
            [
              84.24993566595349,
              27.45387390139353
            ],
            [
              84.25011952593931,
              27.454008579645464
            ],
            [
              84.2503036832675,
              27.45413720180609
            ],
            [
              84.25076595631273,
              27.45428281339297
            ],
            [
              84.2510653396441,
              27.454282428371414
            ],
            [
              84.25150501556831,
              27.454196507147362
            ],
            [
              84.2519145431333,
              27.454170096875874
            ],
            [
              84.2520397619957,
              27.454114317303063
            ],
            [
              84.25224616789855,
              27.454067793383917
            ],
            [
              84.25271800440827,
              27.45401954919977
            ],
            [
              84.25347884601288,
              27.454043339282386
            ],
            [
              84.25405425198664,
              27.454102336975257
            ],
            [
              84.25426095613017,
              27.454049752336577
            ],
            [
              84.25432342497503,
              27.453748727396647
            ],
            [
              84.25442745168154,
              27.45357072286809
            ],
            [
              84.25453207666604,
              27.45338060531868
            ],
            [
              84.25466595438948,
              27.453149146230064
            ],
            [
              84.25475849164351,
              27.452928204331098
            ],
            [
              84.25481998222303,
              27.452784948148715
            ],
            [
              84.25485461227724,
              27.452634568376382
            ],
            [
              84.25485536506544,
              27.4523432609418
            ],
            [
              84.25490454782725,
              27.452035644391593
            ],
            [
              84.25490646034051,
              27.451996852870497
            ],
            [
              84.25491709190189,
              27.451781216182386
            ],
            [
              84.25490858755107,
              27.451677701175235
            ],
            [
              84.25469413903151,
              27.451335461793473
            ],
            [
              84.25463139170891,
              27.451090219344284
            ],
            [
              84.25472870440701,
              27.45077235166025
            ],
            [
              84.25473975368503,
              27.450548213118832
            ],
            [
              84.25481072238908,
              27.45035070374023
            ],
            [
              84.25486371041444,
              27.450103930914402
            ],
            [
              84.25495945016246,
              27.44995594938204
            ],
            [
              84.25506936802064,
              27.449796383850497
            ],
            [
              84.25524427988792,
              27.449560464988355
            ],
            [
              84.25543038386533,
              27.44937354121022
            ],
            [
              84.25554687110318,
              27.449080704136062
            ],
            [
              84.25571170656791,
              27.448911154191887
            ],
            [
              84.2559179570622,
              27.448591491339897
            ],
            [
              84.25623524022392,
              27.448227625783574
            ],
            [
              84.25644842481391,
              27.448181361656815
            ],
            [
              84.2568272623355,
              27.448086970310023
            ],
            [
              84.25704611709156,
              27.44792560679829
            ],
            [
              84.25715483659712,
              27.44779027220329
            ],
            [
              84.25730310443308,
              27.447680765727956
            ],
            [
              84.25768469888432,
              27.44739225532533
            ],
            [
              84.25788430094718,
              27.447345455929536
            ],
            [
              84.25818903823763,
              27.447236015977214
            ],
            [
              84.2583034809099,
              27.4471777408583
            ],
            [
              84.25851004132295,
              27.44707258727451
            ],
            [
              84.2589689367027,
              27.446872077390513
            ],
            [
              84.25911279740387,
              27.446713840317656
            ],
            [
              84.25911757105129,
              27.446616914208743
            ],
            [
              84.25914331317408,
              27.4465086717287
            ],
            [
              84.25924352204066,
              27.44626982009621
            ],
            [
              84.2596345101748,
              27.446066645289605
            ],
            [
              84.25975957901854,
              27.445920386684833
            ],
            [
              84.25986552003495,
              27.44579650310968
            ],
            [
              84.2599603551795,
              27.445666691354045
            ],
            [
              84.26008735090953,
              27.445574556348774
            ],
            [
              84.26014920261179,
              27.445285642629305
            ],
            [
              84.25995638642254,
              27.444780381811757
            ],
            [
              84.25990348104223,
              27.444647780199826
            ],
            [
              84.2598638428803,
              27.444548430332112
            ],
            [
              84.25972021843604,
              27.4441884466523
            ],
            [
              84.25962007873977,
              27.443735374171236
            ],
            [
              84.2596227727873,
              27.44370365667607
            ],
            [
              84.25965245581922,
              27.44335426217291
            ],
            [
              84.2596947601809,
              27.44318597261163
            ],
            [
              84.25960417676262,
              27.443091377683867
            ],
            [
              84.25938793879897,
              27.442785493222782
            ],
            [
              84.25931686678865,
              27.44273406076626
            ],
            [
              84.25921057992088,
              27.442657147219432
            ],
            [
              84.25911738420173,
              27.442477476116824
            ],
            [
              84.25895081768341,
              27.442162267103242
            ],
            [
              84.25874401023367,
              27.441770905979368
            ],
            [
              84.25859739260288,
              27.441570930973246
            ],
            [
              84.25839324775961,
              27.44129586519268
            ],
            [
              84.25841906534086,
              27.441048025332886
            ],
            [
              84.2583020696566,
              27.44066105626342
            ],
            [
              84.25824349860174,
              27.440331002107353
            ],
            [
              84.25825528629491,
              27.439815551262946
            ],
            [
              84.2584145818493,
              27.439481902155634
            ],
            [
              84.25843472656953,
              27.439349161831714
            ],
            [
              84.25851717394629,
              27.439194586923676
            ],
            [
              84.25865214671605,
              27.439078488176786
            ],
            [
              84.25885345108638,
              27.439134938669458
            ],
            [
              84.2591192176632,
              27.438987550730165
            ],
            [
              84.25923531323558,
              27.438840364300233
            ],
            [
              84.25937505875444,
              27.438627339228137
            ],
            [
              84.25952666742495,
              27.438311596212504
            ],
            [
              84.25949786294535,
              27.43806768494162
            ],
            [
              84.2595906759822,
              27.437840679135622
            ],
            [
              84.25980786436338,
              27.437436464280967
            ],
            [
              84.25990127298327,
              27.437197342666053
            ],
            [
              84.26021956315641,
              27.437088431602277
            ],
            [
              84.26044756905026,
              27.436878864902887
            ],
            [
              84.26081173618496,
              27.436528965640942
            ],
            [
              84.26102235518647,
              27.436258021967568
            ],
            [
              84.26138211428808,
              27.435859392635553
            ],
            [
              84.26181327598006,
              27.435530327098462
            ],
            [
              84.26229748768115,
              27.435367216713125
            ],
            [
              84.2627144011944,
              27.435189329224606
            ],
            [
              84.2632144672619,
              27.435051991375563
            ],
            [
              84.26350741685923,
              27.434971551660848
            ],
            [
              84.26409436169281,
              27.43479425272968
            ],
            [
              84.26477784667337,
              27.43459038388076
            ],
            [
              84.26534673806472,
              27.43450341722178
            ],
            [
              84.26574291127467,
              27.434470378356565
            ],
            [
              84.26616945472777,
              27.43451136061215
            ],
            [
              84.26634770383635,
              27.434621525164214
            ],
            [
              84.2665927202284,
              27.43461898181487
            ],
            [
              84.26683303393995,
              27.434573765997268
            ],
            [
              84.26696567288658,
              27.434366525798936
            ],
            [
              84.2669914689083,
              27.434118683930667
            ],
            [
              84.2671005890625,
              27.433698086981867
            ],
            [
              84.26715533059928,
              27.433414960041397
            ],
            [
              84.26723507943693,
              27.433314900032855
            ],
            [
              84.26736801392931,
              27.433101601983903
            ],
            [
              84.26742268988907,
              27.43295807289311
            ],
            [
              84.2674517324222,
              27.432906850330095
            ],
            [
              84.26766848871374,
              27.43252461819556
            ],
            [
              84.26767564020173,
              27.432379228243427
            ],
            [
              84.26780887113816,
              27.432159871253123
            ],
            [
              84.26793114083146,
              27.432025057894887
            ],
            [
              84.26803066069023,
              27.431937910617776
            ],
            [
              84.26835488513413,
              27.43170782096882
            ],
            [
              84.26855475309833,
              27.431654951381287
            ],
            [
              84.26882079006805,
              27.431501486715643
            ],
            [
              84.26889702379799,
              27.43133452334661
            ],
            [
              84.26903167856413,
              27.431224472718874
            ],
            [
              84.26931778299897,
              27.43107786435346
            ],
            [
              84.26975241667954,
              27.43081567617681
            ],
            [
              84.27000427643742,
              27.43067379376196
            ],
            [
              84.27012594695444,
              27.430551094627436
            ],
            [
              84.27044510130689,
              27.430423986185293
            ],
            [
              84.27077634428815,
              27.430327697177294
            ],
            [
              84.27099726157608,
              27.430321567387136
            ],
            [
              84.27104880690706,
              27.43032015134816
            ],
            [
              84.2711701782851,
              27.430203509061474
            ],
            [
              84.27146014817062,
              27.42997814232062
            ],
            [
              84.27167543481833,
              27.42974985213229
            ],
            [
              84.2718009743793,
              27.42954839863134
            ],
            [
              84.2720162592304,
              27.429320109148964
            ],
            [
              84.27219932690215,
              27.42919374239859
            ],
            [
              84.27242402160584,
              27.42905079266835
            ],
            [
              84.27255867188043,
              27.428940738966595
            ],
            [
              84.27274650241979,
              27.42871744430269
            ],
            [
              84.27288339039774,
              27.42859213731369
            ],
            [
              84.27288342633035,
              27.42859211498841
            ],
            [
              84.27292456378048,
              27.428554461788313
            ],
            [
              84.27305182810676,
              27.428456256753847
            ],
            [
              84.27321488041571,
              27.42818343467734
            ],
            [
              84.27343516439134,
              27.427991756050655
            ],
            [
              84.27338353012713,
              27.427935109295237
            ],
            [
              84.27307629102859,
              27.427819907669125
            ],
            [
              84.27284522187963,
              27.427677338085047
            ],
            [
              84.27279721680918,
              27.427408398725643
            ],
            [
              84.2727187238163,
              27.42734463221569
            ],
            [
              84.27260872510975,
              27.427091476240435
            ],
            [
              84.2726088975863,
              27.426672681627515
            ],
            [
              84.2726234817349,
              27.4263758430191
            ],
            [
              84.27262913842625,
              27.42626074182659
            ],
            [
              84.2726527793896,
              27.426194900748964
            ],
            [
              84.27270452594321,
              27.425972350838506
            ],
            [
              84.27262317271446,
              27.42568996714981
            ],
            [
              84.27245946014379,
              27.42542256981741
            ],
            [
              84.27236417314668,
              27.42528531231033
            ],
            [
              84.27236685192285,
              27.42523078991747
            ],
            [
              84.27256849405973,
              27.4251415657444
            ],
            [
              84.27269134855632,
              27.424994632749947
            ],
            [
              84.27285034227675,
              27.42452742399752
            ],
            [
              84.27312658859968,
              27.423888785358052
            ],
            [
              84.27340271993823,
              27.423529342682738
            ],
            [
              84.27365342266602,
              27.423272088248357
            ],
            [
              84.27379931894964,
              27.423071428273126
            ],
            [
              84.27381265444002,
              27.422938418636626
            ],
            [
              84.27377376277812,
              27.422760880304118
            ],
            [
              84.2736164866365,
              27.42263940511685
            ],
            [
              84.27340257530948,
              27.42242467030169
            ],
            [
              84.27332295223594,
              27.42224553798286
            ],
            [
              84.27326905062397,
              27.421958157951202
            ],
            [
              84.27323962900176,
              27.4217263618395
            ],
            [
              84.2733182297925,
              27.421510932323194
            ],
            [
              84.27346828886914,
              27.421225461711543
            ],
            [
              84.27379556129682,
              27.420655581991454
            ],
            [
              84.27410235123769,
              27.420364101624003
            ],
            [
              84.27441509161902,
              27.41995146289537
            ],
            [
              84.2747358090401,
              27.419514856055
            ],
            [
              84.27475033300159,
              27.41935761398408
            ],
            [
              84.27477611015867,
              27.41910976872313
            ],
            [
              84.27494558003197,
              27.41898286639486
            ],
            [
              84.27510171890643,
              27.418988971297658
            ],
            [
              84.27532960891759,
              27.41891897939607
            ],
            [
              84.27545483227158,
              27.418723579155426
            ],
            [
              84.27558357073329,
              27.418595082372985
            ],
            [
              84.27578108780635,
              27.41845106634681
            ],
            [
              84.27604118781035,
              27.41827914889344
            ],
            [
              84.27615694292122,
              27.418138004716145
            ],
            [
              84.27628424587509,
              27.417900197692152
            ],
            [
              84.27648092122679,
              27.4176347558865
            ],
            [
              84.2767192173222,
              27.417352732040523
            ],
            [
              84.27683050960273,
              27.4173024583361
            ],
            [
              84.27732081996629,
              27.417151676956262
            ],
            [
              84.27763110974351,
              27.416927093750548
            ],
            [
              84.2776305671611,
              27.416799609989802
            ],
            [
              84.2777756055536,
              27.41647752167773
            ],
            [
              84.27802038658706,
              27.41620181762987
            ],
            [
              84.27819753256445,
              27.41605700185835
            ],
            [
              84.27833900015372,
              27.415807609365153
            ],
            [
              84.2783907323343,
              27.41558505526725
            ],
            [
              84.2783855310888,
              27.415275302015996
            ],
            [
              84.27826641358381,
              27.414930747242718
            ],
            [
              84.2783121989172,
              27.414829353924194
            ],
            [
              84.27836867689743,
              27.414744063052545
            ],
            [
              84.27842973179402,
              27.414651859173862
            ],
            [
              84.27849063038379,
              27.414381108218663
            ],
            [
              84.2783493146098,
              27.41421170432706
            ],
            [
              84.27837716418024,
              27.413921450956774
            ],
            [
              84.27840213914178,
              27.413412579296306
            ],
            [
              84.27848894963589,
              27.4133067197061
            ],
            [
              84.27859741401993,
              27.412898225249506
            ],
            [
              84.27854994704029,
              27.412756768774653
            ],
            [
              84.278528494373,
              27.412501005993963
            ],
            [
              84.27833897230595,
              27.411789522270023
            ],
            [
              84.27826182768426,
              27.41128272773354
            ],
            [
              84.2781863170981,
              27.411158382631672
            ],
            [
              84.27823155625585,
              27.410929505682585
            ],
            [
              84.27823928715716,
              27.410771997797706
            ],
            [
              84.27807404475561,
              27.410674493069894
            ],
            [
              84.27784949288403,
              27.410538253934686
            ],
            [
              84.27775986257822,
              27.410285895176287
            ],
            [
              84.27782194963909,
              27.409990909695463
            ],
            [
              84.27771493064435,
              27.4096771757465
            ],
            [
              84.27753289423856,
              27.40950617767752
            ],
            [
              84.27754562965434,
              27.40938528362312
            ],
            [
              84.27750321929148,
              27.409140840332725
            ],
            [
              84.27787492778297,
              27.408772985746957
            ],
            [
              84.27817048069798,
              27.40843250095504
            ],
            [
              84.27823018722334,
              27.408185978921377
            ],
            [
              84.27839171239626,
              27.407943438159418
            ],
            [
              84.27850507529354,
              27.407850755698497
            ],
            [
              84.27868374211872,
              27.40753604912244
            ],
            [
              84.27882287139327,
              27.407195518252237
            ],
            [
              84.27894128731403,
              27.406999849255925
            ],
            [
              84.27932383667441,
              27.406826641986914
            ],
            [
              84.27956324488414,
              27.40665997865011
            ],
            [
              84.27939924575095,
              27.406398644832255
            ],
            [
              84.27926239729885,
              27.40613837106321
            ],
            [
              84.27913441881194,
              27.40583595699955
            ],
            [
              84.27870896681189,
              27.405497634746027
            ],
            [
              84.27867096538044,
              27.405301922070823
            ],
            [
              84.27860848934907,
              27.405050623993
            ],
            [
              84.27851569158356,
              27.404585704255137
            ],
            [
              84.2784859654325,
              27.40435996384287
            ],
            [
              84.2783066626001,
              27.40399484474886
            ],
            [
              84.27813023168166,
              27.403848346977632
            ],
            [
              84.27798863383671,
              27.403684999987217
            ],
            [
              84.27780725140441,
              27.40336228726891
            ],
            [
              84.27771995492175,
              27.403201063342614
            ],
            [
              84.27758722614357,
              27.40299557463088
            ],
            [
              84.27734857341699,
              27.402731318812773
            ],
            [
              84.27724091392345,
              27.402569298041502
            ],
            [
              84.27712081725478,
              27.40252211437988
            ],
            [
              84.27697124506504,
              27.4023827333286
            ],
            [
              84.27664202688648,
              27.402023889795434
            ],
            [
              84.27654735074371,
              27.401874515930526
            ],
            [
              84.27626851817112,
              27.401736149312676
            ],
            [
              84.27587316063142,
              27.401477899852964
            ],
            [
              84.27589100566453,
              27.401114418137276
            ],
            [
              84.27607586278035,
              27.400812094802895
            ],
            [
              84.2764681570649,
              27.400578580297577
            ],
            [
              84.2766437929743,
              27.40046405595733
            ],
            [
              84.2766512274316,
              27.400312604796074
            ],
            [
              84.27655095388633,
              27.40013873226828
            ],
            [
              84.27630195166935,
              27.39994690528142
            ],
            [
              84.27614984712882,
              27.39979939564978
            ],
            [
              84.2762558519256,
              27.399414747225144
            ],
            [
              84.27625027159104,
              27.399173476044385
            ],
            [
              84.27615850059993,
              27.398913281762923
            ],
            [
              84.27610639472019,
              27.39873239739122
            ],
            [
              84.27616663664146,
              27.398392613017776
            ],
            [
              84.27617515536531,
              27.397864184814757
            ],
            [
              84.27623920524506,
              27.397446789964548
            ],
            [
              84.2763806836141,
              27.397226821256194
            ],
            [
              84.27645488535487,
              27.39695756689595
            ],
            [
              84.2767151811916,
              27.39644675879134
            ],
            [
              84.27689632467204,
              27.396306101153662
            ],
            [
              84.27696823930212,
              27.396083411271814
            ],
            [
              84.27688852460042,
              27.395932550689142
            ],
            [
              84.27691467725327,
              27.39575472809202
            ],
            [
              84.27703602797008,
              27.39576724832569
            ],
            [
              84.27720719925252,
              27.39600721972858
            ],
            [
              84.27748163816507,
              27.396095708947268
            ],
            [
              84.27771640657637,
              27.396104888934957
            ],
            [
              84.2780642171864,
              27.396118486640816
            ],
            [
              84.2783103465911,
              27.39607367936634
            ],
            [
              84.27858783258908,
              27.39610007881292
            ],
            [
              84.279206116948,
              27.396169936025046
            ],
            [
              84.27932426067925,
              27.396183297643457
            ],
            [
              84.27989167164698,
              27.39633766637048
            ],
            [
              84.28039974260201,
              27.396458608993154
            ],
            [
              84.28060049361011,
              27.39645090373017
            ],
            [
              84.28071010514277,
              27.396525169650076
            ],
            [
              84.2809123204048,
              27.396665262335
            ],
            [
              84.28144196979127,
              27.396701509935472
            ],
            [
              84.28193721909224,
              27.396728635810867
            ],
            [
              84.28219318774424,
              27.396660878135563
            ],
            [
              84.28240225535527,
              27.396661268941042
            ],
            [
              84.2828290835743,
              27.39666239111108
            ],
            [
              84.28310586708974,
              27.39652546076064
            ],
            [
              84.28320760399063,
              27.396405020676465
            ],
            [
              84.28322276755264,
              27.396273423324647
            ],
            [
              84.28331478108886,
              27.39581823767647
            ],
            [
              84.28339233444397,
              27.395657974186022
            ],
            [
              84.28355303316681,
              27.39557871489532
            ],
            [
              84.28370769970257,
              27.395444790842873
            ],
            [
              84.28374894764546,
              27.39531421164498
            ],
            [
              84.28387791158427,
              27.39517150599412
            ],
            [
              84.28405561811041,
              27.395100687075082
            ],
            [
              84.28427978999463,
              27.395148322938287
            ],
            [
              84.28450966887583,
              27.395079541007455
            ],
            [
              84.28457548035186,
              27.39498102466887
            ],
            [
              84.28458200301915,
              27.39467024300985
            ],
            [
              84.28456122588491,
              27.39449040290309
            ],
            [
              84.28452695425851,
              27.39419376335233
            ],
            [
              84.2845217916406,
              27.393765886366538
            ],
            [
              84.28455244215809,
              27.393673771860065
            ],
            [
              84.28461792844396,
              27.393404173062848
            ],
            [
              84.284643742432,
              27.393055263855647
            ],
            [
              84.2845746718681,
              27.392687098907476
            ],
            [
              84.28469379296635,
              27.392567337380417
            ],
            [
              84.28486361767418,
              27.39230181079147
            ],
            [
              84.28493285083312,
              27.392133445020868
            ],
            [
              84.28513897376665,
              27.391838233225997
            ],
            [
              84.28530955665258,
              27.391557186002796
            ],
            [
              84.2854381864181,
              27.391243395739036
            ],
            [
              84.28555165441827,
              27.39106120430916
            ],
            [
              84.2856215909581,
              27.391056158674882
            ],
            [
              84.28583217043374,
              27.391025501217484
            ],
            [
              84.2860541064112,
              27.39094085637774
            ],
            [
              84.28621897960517,
              27.39077622292
            ],
            [
              84.28637662944597,
              27.390759049692495
            ],
            [
              84.28662274537592,
              27.390714226686715
            ],
            [
              84.28685147171862,
              27.390668725698134
            ],
            [
              84.28708661293076,
              27.390670128686114
            ],
            [
              84.28725980003271,
              27.390513595317916
            ],
            [
              84.28731240088419,
              27.390329025814086
            ],
            [
              84.28738505123448,
              27.390090810387687
            ],
            [
              84.28758018867038,
              27.389841821111297
            ],
            [
              84.28762371294421,
              27.389664672272545
            ],
            [
              84.28777423555152,
              27.38943727026823
            ],
            [
              84.28798561991765,
              27.389212243894228
            ],
            [
              84.28827601740124,
              27.38897474870368
            ],
            [
              84.28829345639586,
              27.388796583107037
            ],
            [
              84.28832305857941,
              27.388370062729383
            ],
            [
              84.28840136023115,
              27.388194273075964
            ],
            [
              84.28859040978438,
              27.388069460114785
            ],
            [
              84.28885357933171,
              27.387854228992637
            ],
            [
              84.28919390517879,
              27.387486488613945
            ],
            [
              84.28940528415504,
              27.38726145986574
            ],
            [
              84.28957694232436,
              27.387135967865536
            ],
            [
              84.28969453269335,
              27.387047244949006
            ],
            [
              84.28986314916713,
              27.386983841197544
            ],
            [
              84.28996677073349,
              27.386824589861043
            ],
            [
              84.29035165840854,
              27.38661410463565
            ],
            [
              84.29036453216487,
              27.386529071959064
            ],
            [
              84.29064474993963,
              27.386143432962736
            ],
            [
              84.29091094860611,
              27.38586610900787
            ],
            [
              84.29112840109197,
              27.3855168992342
            ],
            [
              84.29137075128428,
              27.385370834824133
            ],
            [
              84.29169324916622,
              27.385189015791212
            ],
            [
              84.29185765074469,
              27.385098968018763
            ],
            [
              84.29238247438144,
              27.384811551202187
            ],
            [
              84.29260928910921,
              27.384804845377847
            ],
            [
              84.29289092981539,
              27.38474584575181
            ],
            [
              84.29327238502778,
              27.384605204338005
            ],
            [
              84.29370106916619,
              27.384567489085473
            ],
            [
              84.2942514750256,
              27.384534518240493
            ],
            [
              84.29488464716373,
              27.38459030823859
            ],
            [
              84.29536655827935,
              27.384889028290537
            ],
            [
              84.29580310357483,
              27.385224857164424
            ],
            [
              84.29608808421723,
              27.385453691623276
            ],
            [
              84.29610615921906,
              27.385796535627154
            ],
            [
              84.29615942662049,
              27.38595413094918
            ],
            [
              84.29617488033833,
              27.38617245900888
            ],
            [
              84.29623756657548,
              27.386493715173305
            ],
            [
              84.29640500356128,
              27.386632431088774
            ],
            [
              84.2966344431663,
              27.38675023606695
            ],
            [
              84.29692774400488,
              27.386987167323035
            ],
            [
              84.29718019575255,
              27.38734692110383
            ],
            [
              84.2971608379565,
              27.387742737607155
            ],
            [
              84.297082821969,
              27.388447305217078
            ],
            [
              84.29723021664253,
              27.388639670610075
            ],
            [
              84.2973004981354,
              27.38880570387936
            ],
            [
              84.29767319836701,
              27.389022399968
            ],
            [
              84.29850972393261,
              27.389373804077817
            ],
            [
              84.29882349378325,
              27.389370475631278
            ],
            [
              84.29916372890048,
              27.389360403350985
            ],
            [
              84.29931378528218,
              27.389498437699
            ],
            [
              84.30007956043434,
              27.39022809566709
            ],
            [
              84.30049419402339,
              27.390656366003455
            ],
            [
              84.3008560264367,
              27.39038275027617
            ],
            [
              84.30124997811296,
              27.39016481338065
            ],
            [
              84.30163447591919,
              27.38996206176381
            ],
            [
              84.30187609218791,
              27.389652657831974
            ],
            [
              84.30214603772741,
              27.389476546386046
            ],
            [
              84.30246173176937,
              27.389255560812874
            ],
            [
              84.30264207395257,
              27.389130393312517
            ],
            [
              84.30292296007393,
              27.389086896083413
            ],
            [
              84.30348511410062,
              27.388992140755512
            ],
            [
              84.30368888434643,
              27.38892231410355
            ],
            [
              84.30397811132516,
              27.388708071296673
            ],
            [
              84.30439965295875,
              27.388460098267092
            ],
            [
              84.30465220172448,
              27.38828330534751
            ],
            [
              84.3046860152101,
              27.38821237034941
            ],
            [
              84.30476866919939,
              27.388039009211724
            ],
            [
              84.30495166141266,
              27.387859510072598
            ],
            [
              84.30524313328131,
              27.38777754123862
            ],
            [
              84.30545472066672,
              27.38776973008399
            ],
            [
              84.30565329865016,
              27.38776239830225
            ],
            [
              84.30591639004406,
              27.387796744090117
            ],
            [
              84.30607744360145,
              27.387817779882877
            ],
            [
              84.30638592507,
              27.387744248311822
            ],
            [
              84.30724633863566,
              27.387606651267028
            ],
            [
              84.30843034692622,
              27.38744275623543
            ],
            [
              84.30867872211911,
              27.387351328803838
            ],
            [
              84.30910098869317,
              27.3872666636039
            ],
            [
              84.3093160992711,
              27.3871428402534
            ],
            [
              84.30950474637908,
              27.387025760740645
            ],
            [
              84.3098260854343,
              27.386867186654833
            ],
            [
              84.31017917095167,
              27.386772052942007
            ],
            [
              84.31050768844435,
              27.386644859032135
            ],
            [
              84.3106566327117,
              27.386627323036937
            ],
            [
              84.31098439112793,
              27.38651565014901
            ],
            [
              84.31118398869924,
              27.386531185692608
            ],
            [
              84.31147621066118,
              27.386433682711903
            ],
            [
              84.31211433610977,
              27.386209657642592
            ],
            [
              84.3122576236858,
              27.385950847865175
            ],
            [
              84.3123022448026,
              27.385750408860023
            ],
            [
              84.31238579620886,
              27.385644794770673
            ],
            [
              84.31280843378707,
              27.385552357632832
            ],
            [
              84.3131358077244,
              27.385448442334198
            ],
            [
              84.31366127365656,
              27.385212256770217
            ],
            [
              84.31400376713843,
              27.385155581699667
            ],
            [
              84.31417085288297,
              27.385123194108818
            ],
            [
              84.31422945358221,
              27.384993282316845
            ],
            [
              84.31418939680538,
              27.384742896846483
            ],
            [
              84.31419466272956,
              27.38470476287544
            ],
            [
              84.31425671026454,
              27.384255631640084
            ],
            [
              84.31459353178371,
              27.384136528617095
            ],
            [
              84.3151594335818,
              27.383964115882193
            ],
            [
              84.31564595035987,
              27.38381194576643
            ],
            [
              84.31600356158961,
              27.383623663953127
            ],
            [
              84.31631883611838,
              27.383410408751924
            ],
            [
              84.31660651440158,
              27.383227185009357
            ],
            [
              84.31695542814278,
              27.38303856319501
            ],
            [
              84.31716220684645,
              27.38290662608524
            ],
            [
              84.31723743805658,
              27.38261406502349
            ],
            [
              84.31724311720579,
              27.382318802292097
            ],
            [
              84.31728484844231,
              27.382221380150657
            ],
            [
              84.3173610651043,
              27.382043451749606
            ],
            [
              84.31751605413521,
              27.381901727654075
            ],
            [
              84.31793149081813,
              27.38177789430913
            ],
            [
              84.31838473040482,
              27.381593319798682
            ],
            [
              84.31890160484964,
              27.38146148466247
            ],
            [
              84.31901978990335,
              27.381431352604285
            ],
            [
              84.31952292281927,
              27.38129536937528
            ],
            [
              84.31966240872502,
              27.381293006667697
            ],
            [
              84.3199462934228,
              27.381366233030686
            ],
            [
              84.32005478206132,
              27.38146375403888
            ],
            [
              84.31994326879523,
              27.38160716816227
            ],
            [
              84.3199360858662,
              27.381754631071427
            ],
            [
              84.32012471410957,
              27.38181638265672
            ],
            [
              84.32050801715648,
              27.38181570782849
            ],
            [
              84.32105122032394,
              27.381751256130716
            ],
            [
              84.32155283957857,
              27.381646306670742
            ],
            [
              84.32235157571515,
              27.38152178225641
            ],
            [
              84.32247707395359,
              27.381448891816287
            ],
            [
              84.32280064711895,
              27.38124372162883
            ],
            [
              84.32311590098644,
              27.381030450671954
            ],
            [
              84.32349012565908,
              27.380858348177807
            ],
            [
              84.3236976481678,
              27.380710880883182
            ],
            [
              84.32380269985205,
              27.380577258693776
            ],
            [
              84.32391121544006,
              27.380439233153798
            ],
            [
              84.32419773938814,
              27.380279277614957
            ],
            [
              84.32453718937782,
              27.380284668338778
            ],
            [
              84.32472278940035,
              27.380229658693914
            ],
            [
              84.32497945155174,
              27.38014630262151
            ],
            [
              84.32531776876584,
              27.380174975273246
            ],
            [
              84.3258643675651,
              27.3802194970386
            ],
            [
              84.32649677703355,
              27.380290673276193
            ],
            [
              84.32654882811607,
              27.380290868707846
            ],
            [
              84.3269409337544,
              27.380292339630284
            ],
            [
              84.32729324222906,
              27.380391534319223
            ],
            [
              84.32765803189629,
              27.380592294927304
            ],
            [
              84.32783796804092,
              27.380653700171617
            ],
            [
              84.32807308859184,
              27.38065503707941
            ],
            [
              84.32833844374024,
              27.38057201236398
            ],
            [
              84.32872210880818,
              27.380384710170336
            ],
            [
              84.32911144673717,
              27.380259833356487
            ],
            [
              84.32935034021224,
              27.380183555928774
            ],
            [
              84.32956730311632,
              27.38002089507983
            ],
            [
              84.32981828881341,
              27.379875102601485
            ],
            [
              84.33007306001116,
              27.37983054320639
            ],
            [
              84.33026054290251,
              27.37973672121594
            ],
            [
              84.33052738655935,
              27.37944380238413
            ],
            [
              84.33054325170559,
              27.379296676209528
            ],
            [
              84.3306124112027,
              27.37912828585438
            ],
            [
              84.3308822740972,
              27.37877327633438
            ],
            [
              84.33126289297802,
              27.378469211175112
            ],
            [
              84.33162272843641,
              27.37823432371551
            ],
            [
              84.3318612212629,
              27.377986958182994
            ],
            [
              84.33191599603735,
              27.377822089266942
            ],
            [
              84.33196325101456,
              27.377679876357792
            ],
            [
              84.33202712572285,
              27.37762014303655
            ],
            [
              84.33224862511906,
              27.377543188136894
            ],
            [
              84.33256877480484,
              27.377407846266546
            ],
            [
              84.3331070282551,
              27.377265399098224
            ],
            [
              84.33399796118424,
              27.37721436529669
            ],
            [
              84.33451128189378,
              27.377226464847094
            ],
            [
              84.33459191197872,
              27.37725197616411
            ],
            [
              84.33504314472908,
              27.37739479587616
            ],
            [
              84.33556782283875,
              27.37753174512834
            ],
            [
              84.33635256861311,
              27.377694309924635
            ],
            [
              84.33685986162709,
              27.37783058235818
            ],
            [
              84.33711613301135,
              27.377754965345435
            ],
            [
              84.33724616684367,
              27.377767772395277
            ],
            [
              84.33754819661188,
              27.377826116046823
            ],
            [
              84.33792203860219,
              27.37784058230022
            ],
            [
              84.33838960541937,
              27.377718706748514
            ],
            [
              84.33872108016594,
              27.377529360004775
            ],
            [
              84.33886470640682,
              27.377441605768635
            ],
            [
              84.33913761009855,
              27.377382181029137
            ],
            [
              84.33937988213741,
              27.377236035679886
            ],
            [
              84.33959908543981,
              27.377026793378562
            ],
            [
              84.33976841607422,
              27.376947807908564
            ],
            [
              84.34013692117344,
              27.376713236301462
            ],
            [
              84.34070460163578,
              27.37632307118606
            ],
            [
              84.34104479363387,
              27.376312900397135
            ],
            [
              84.3413059895825,
              27.376315225718777
            ],
            [
              84.34151953799017,
              27.376222397884277
            ],
            [
              84.34193681442281,
              27.37605968893283
            ],
            [
              84.34239796726885,
              27.376069743279253
            ],
            [
              84.34274572308163,
              27.376083187894984
            ],
            [
              84.34286781490852,
              27.376080132663233
            ],
            [
              84.34299479896045,
              27.375976181344353
            ],
            [
              84.34314331383312,
              27.37578752562868
            ],
            [
              84.34334666097241,
              27.375725405325635
            ],
            [
              84.34365170099514,
              27.375721644107788
            ],
            [
              84.34391515171514,
              27.375677398136755
            ],
            [
              84.34417668543033,
              27.375493110198473
            ],
            [
              84.34438003077295,
              27.37543098733698
            ],
            [
              84.34460569475888,
              27.375447484088745
            ],
            [
              84.34496101438634,
              27.375484545133467
            ],
            [
              84.34517343091674,
              27.375414994738893
            ],
            [
              84.34571354028638,
              27.37523369461058
            ],
            [
              84.34624382568005,
              27.37507534134046
            ],
            [
              84.34701862530757,
              27.374724258757215
            ],
            [
              84.34744232289786,
              27.374608437668282
            ],
            [
              84.34847952041983,
              27.37459406911205
            ],
            [
              84.34876510023852,
              27.374607654305997
            ],
            [
              84.34837303861762,
              27.373482489864955
            ],
            [
              84.34809765198246,
              27.37269215979812
            ],
            [
              84.34660397105725,
              27.368802016119055
            ],
            [
              84.34648439630978,
              27.36551190997151
            ],
            [
              84.34607272536452,
              27.36208919760274
            ],
            [
              84.34535756758368,
              27.35932320087192
            ],
            [
              84.34346777633057,
              27.3561524848427
            ],
            [
              84.3426196499214,
              27.351738706972874
            ],
            [
              84.34359665762442,
              27.349705546159402
            ],
            [
              84.34398887375556,
              27.346879079285124
            ],
            [
              84.34169009302832,
              27.343096531328783
            ],
            [
              84.33982588938778,
              27.342412009256297
            ],
            [
              84.33918684496267,
              27.342078508985534
            ],
            [
              84.33838278900298,
              27.340909169841183
            ],
            [
              84.33734255966691,
              27.340193933193117
            ],
            [
              84.33556767102348,
              27.335426588625186
            ],
            [
              84.33502701008827,
              27.33354147596972
            ],
            [
              84.33290497468982,
              27.33167752934223
            ],
            [
              84.3320330231627,
              27.33016026262033
            ],
            [
              84.33300058058887,
              27.328587436260687
            ],
            [
              84.33479415059695,
              27.325440789242005
            ],
            [
              84.33462827578143,
              27.324090483699585
            ],
            [
              84.33400502194236,
              27.32306222284898
            ],
            [
              84.33335162423562,
              27.32201555466289
            ],
            [
              84.33433938297594,
              27.321230487182852
            ],
            [
              84.33434814604155,
              27.321223522114035
            ],
            [
              84.33468778288079,
              27.319836016132115
            ],
            [
              84.33484194366501,
              27.31934498071252
            ],
            [
              84.334843288443,
              27.319340701196804
            ],
            [
              84.33661177389507,
              27.318795681734095
            ],
            [
              84.33662078309904,
              27.31879290506331
            ],
            [
              84.33637922522082,
              27.31577035992483
            ],
            [
              84.33616652122954,
              27.314609381699675
            ],
            [
              84.33628084173093,
              27.313608464935296
            ],
            [
              84.33666914210575,
              27.31245596139197
            ],
            [
              84.33715052321537,
              27.311651413849553
            ],
            [
              84.33715721386761,
              27.311644042706487
            ],
            [
              84.3382618560028,
              27.31042689624789
            ],
            [
              84.33826497585179,
              27.31042449930298
            ],
            [
              84.33826906498298,
              27.31041999275902
            ],
            [
              84.33971262440689,
              27.309310469844746
            ],
            [
              84.34011723998387,
              27.309027585634524
            ],
            [
              84.34094683235213,
              27.30844757520471
            ],
            [
              84.34159394724178,
              27.307756922928473
            ],
            [
              84.34189186631923,
              27.30714069679504
            ],
            [
              84.34223766110978,
              27.30683624103741
            ],
            [
              84.34559399787824,
              27.307805664364697
            ],
            [
              84.34642775932774,
              27.30649795384277
            ],
            [
              84.34647611923275,
              27.306146301914932
            ],
            [
              84.34532962009688,
              27.30549364491231
            ],
            [
              84.34531071595006,
              27.304703773336257
            ],
            [
              84.34568006007574,
              27.303988738984277
            ],
            [
              84.34626674260127,
              27.30324816289188
            ],
            [
              84.3471233158691,
              27.30223846435688
            ],
            [
              84.34713741492747,
              27.301751212967368
            ],
            [
              84.34765003764603,
              27.301425042848482
            ],
            [
              84.3483540230797,
              27.301194989077025
            ],
            [
              84.34892332679775,
              27.300738464260377
            ],
            [
              84.34929576202634,
              27.30027159934689
            ],
            [
              84.34948102877388,
              27.29982608991003
            ],
            [
              84.34979299031588,
              27.299349709056447
            ],
            [
              84.35013939865573,
              27.298968452348777
            ],
            [
              84.35092762270683,
              27.298292249657212
            ],
            [
              84.35110952706032,
              27.297652670917746
            ],
            [
              84.35148369783403,
              27.296955724083848
            ],
            [
              84.35208967796848,
              27.296323407625376
            ],
            [
              84.35230287423656,
              27.296193849107144
            ],
            [
              84.35294865422968,
              27.296297287741083
            ],
            [
              84.35396012310362,
              27.2967641701667
            ],
            [
              84.35537638991259,
              27.296502534624743
            ],
            [
              84.35620506240599,
              27.297094331007905
            ],
            [
              84.3567326636336,
              27.296813421742364
            ],
            [
              84.35716211134,
              27.29615746323398
            ],
            [
              84.35766820869635,
              27.295375547256405
            ],
            [
              84.3578908426648,
              27.29468207707959
            ],
            [
              84.35803620175587,
              27.29417770171414
            ],
            [
              84.35849060196591,
              27.293553371642286
            ],
            [
              84.35956340421419,
              27.292644323084268
            ],
            [
              84.35955307358844,
              27.29138068485706
            ],
            [
              84.35996459990491,
              27.291076529152736
            ],
            [
              84.36074465737177,
              27.2907927282989
            ],
            [
              84.36130244828112,
              27.29051213120304
            ],
            [
              84.36149559774535,
              27.29034183522314
            ],
            [
              84.36138450219585,
              27.28969585196875
            ],
            [
              84.36128066593214,
              27.288761114010768
            ],
            [
              84.36122178136526,
              27.287903429301387
            ],
            [
              84.36140845307791,
              27.287286452682988
            ],
            [
              84.3616650891782,
              27.286742026252213
            ],
            [
              84.36212485682208,
              27.286090804787623
            ],
            [
              84.36269110536983,
              27.285354327064926
            ],
            [
              84.36318490389162,
              27.284852067321783
            ],
            [
              84.36351324172124,
              27.28419988870586
            ],
            [
              84.36338297702189,
              27.283413906226393
            ],
            [
              84.36304424209118,
              27.282816167234227
            ],
            [
              84.3621719662722,
              27.281984832925332
            ],
            [
              84.36182491563692,
              27.281806558342033
            ],
            [
              84.3603337266383,
              27.281973072670215
            ],
            [
              84.35983661243482,
              27.2816224129071
            ],
            [
              84.35932085010433,
              27.28106870213001
            ],
            [
              84.35890286939251,
              27.2809080139366
            ],
            [
              84.35795412179004,
              27.280820714124268
            ],
            [
              84.35723394961329,
              27.280568006233736
            ],
            [
              84.35657056803046,
              27.28015304601437
            ],
            [
              84.35556483579792,
              27.2802594177421
            ],
            [
              84.35495358973927,
              27.280282466759363
            ],
            [
              84.35442948385644,
              27.280130136690467
            ],
            [
              84.3539776429466,
              27.27979345834573
            ],
            [
              84.35388442297294,
              27.278813621072445
            ],
            [
              84.35425587185136,
              27.2784595588794
            ],
            [
              84.35516860868904,
              27.27797817929909
            ],
            [
              84.35542745464488,
              27.277808323193355
            ],
            [
              84.35571248289803,
              27.27753487668136
            ],
            [
              84.35614975133731,
              27.277158658978323
            ],
            [
              84.35644487216264,
              27.276876255736934
            ],
            [
              84.35660387666289,
              27.27655690377825
            ],
            [
              84.35675479093567,
              27.275989326955607
            ],
            [
              84.35686728785701,
              27.275173372157752
            ],
            [
              84.35700367188007,
              27.274519944652734
            ],
            [
              84.3571771042221,
              27.273654603862976
            ],
            [
              84.35715531738153,
              27.27256249116899
            ],
            [
              84.3570659332141,
              27.27173616634243
            ],
            [
              84.35683407714095,
              27.271048735099253
            ],
            [
              84.35675447113543,
              27.270236032934793
            ],
            [
              84.35699107660146,
              27.26969153812397
            ],
            [
              84.35751274535497,
              27.26884657533872
            ],
            [
              84.35752668900481,
              27.268350264752222
            ],
            [
              84.35705777561303,
              27.2682750808903
            ],
            [
              84.35653658296665,
              27.268398136367825
            ],
            [
              84.35596424743449,
              27.26862449402019
            ],
            [
              84.35553865080571,
              27.268802330624588
            ],
            [
              84.35501862327426,
              27.268785452296736
            ],
            [
              84.35460764403179,
              27.268399228696065
            ],
            [
              84.35423626073039,
              27.267458266173012
            ],
            [
              84.35469915181652,
              27.26703256514763
            ],
            [
              84.35541671887894,
              27.26633326225603
            ],
            [
              84.35589973222741,
              27.265916660660064
            ],
            [
              84.35603358210307,
              27.265583735351044
            ],
            [
              84.35598515212948,
              27.26468527377362
            ],
            [
              84.35608897491845,
              27.264311546261666
            ],
            [
              84.35654311371874,
              27.26371421237602
            ],
            [
              84.35733715615795,
              27.262902576919522
            ],
            [
              84.35777547203284,
              27.262381991673955
            ],
            [
              84.35801125015051,
              27.261941194130102
            ],
            [
              84.35811547628305,
              27.261535849792036
            ],
            [
              84.35784842242043,
              27.261452873205624
            ],
            [
              84.35779274843239,
              27.261457444022458
            ],
            [
              84.35778817510926,
              27.261457820132637
            ],
            [
              84.35672683805899,
              27.26154496187288
            ],
            [
              84.35611485538176,
              27.261662867867855
            ],
            [
              84.35572971528012,
              27.26184084816498
            ],
            [
              84.35543205491746,
              27.261807400820707
            ],
            [
              84.35524624289253,
              27.26167537929697
            ],
            [
              84.35543589701194,
              27.261311006903764
            ],
            [
              84.35616519966526,
              27.26039975806721
            ],
            [
              84.35688451574754,
              27.259695468048047
            ],
            [
              84.3568978602211,
              27.259682402203715
            ],
            [
              84.35789936857515,
              27.25883139894308
            ],
            [
              84.35873731078398,
              27.258209547017316
            ],
            [
              84.35976551706828,
              27.25780095969301
            ],
            [
              84.36075722570092,
              27.257527498298984
            ],
            [
              84.3623542622911,
              27.2573392279771
            ],
            [
              84.36324367257583,
              27.257232071683376
            ],
            [
              84.36391563037463,
              27.2571867730313
            ],
            [
              84.36437981233985,
              27.256585044669567
            ],
            [
              84.36492161862705,
              27.255731086132418
            ],
            [
              84.36531592244292,
              27.255025186152896
            ],
            [
              84.36548874482885,
              27.2542275823431
            ],
            [
              84.36566190228639,
              27.253389329210982
            ],
            [
              84.365334847251,
              27.252593045733814
            ],
            [
              84.36495062073598,
              27.25201303130008
            ],
            [
              84.36439600087958,
              27.251910223065188
            ],
            [
              84.36477730966652,
              27.250919928169008
            ],
            [
              84.36708528914228,
              27.250835297723253
            ],
            [
              84.36736440737916,
              27.250656560297422
            ],
            [
              84.36835300604426,
              27.250249988085912
            ],
            [
              84.36835650767725,
              27.250248548181442
            ],
            [
              84.37023807665055,
              27.250006108893512
            ],
            [
              84.37168204301128,
              27.248625331150876
            ],
            [
              84.37373119898905,
              27.247612728298193
            ],
            [
              84.374056748448,
              27.2474518511831
            ],
            [
              84.37493040677423,
              27.247003574308366
            ],
            [
              84.37585169377678,
              27.245816318931993
            ],
            [
              84.37701586726585,
              27.243956902960456
            ],
            [
              84.37788934862395,
              27.242572215725918
            ],
            [
              84.37801714924447,
              27.242369619064444
            ],
            [
              84.3793834266045,
              27.239205665101395
            ],
            [
              84.3796535068913,
              27.238664844929588
            ],
            [
              84.38032726042238,
              27.237481940601008
            ],
            [
              84.38086611394725,
              27.237532628965567
            ],
            [
              84.38091178878787,
              27.238814716710653
            ],
            [
              84.38074768724671,
              27.24000265219591
            ],
            [
              84.38109608625322,
              27.240212184979246
            ],
            [
              84.38135214024518,
              27.24005456619889
            ],
            [
              84.3816650611879,
              27.239839363214276
            ],
            [
              84.3821579200719,
              27.238621485946183
            ],
            [
              84.38308912537352,
              27.23765090705109
            ],
            [
              84.3839207712905,
              27.23683635780773
            ],
            [
              84.38430284723871,
              27.236469054237475
            ],
            [
              84.38445148607889,
              27.236156034272458
            ],
            [
              84.38445593543452,
              27.23575009198344
            ],
            [
              84.38412591416204,
              27.23453938169257
            ],
            [
              84.3834503648987,
              27.23299739181604
            ],
            [
              84.38284372899408,
              27.231961963942386
            ],
            [
              84.38254214568859,
              27.231478117019684
            ],
            [
              84.38244832204704,
              27.231174100141473
            ],
            [
              84.38236868639713,
              27.23091094992494
            ],
            [
              84.38184417357745,
              27.230680081627156
            ],
            [
              84.38140996120676,
              27.230256911698287
            ],
            [
              84.38095776725905,
              27.229955211887734
            ],
            [
              84.38079583604764,
              27.229758192388317
            ],
            [
              84.38046798869817,
              27.229318963758253
            ],
            [
              84.38046476374629,
              27.229025663649242
            ],
            [
              84.38063413300827,
              27.228473930718877
            ],
            [
              84.3809109102355,
              27.227861048725984
            ],
            [
              84.38067716500532,
              27.22706718261317
            ],
            [
              84.3801972768957,
              27.22644014237123
            ],
            [
              84.38001311327932,
              27.225899840105157
            ],
            [
              84.38000978322455,
              27.225611048961856
            ],
            [
              84.38009161256042,
              27.224056151377564
            ],
            [
              84.38016439226811,
              27.223534190949987
            ],
            [
              84.38023484893246,
              27.223111438802455
            ],
            [
              84.38010611586068,
              27.222984070771787
            ],
            [
              84.37999317068002,
              27.222872324170666
            ],
            [
              84.37959279964272,
              27.222729487645616
            ],
            [
              84.37918516662465,
              27.222681256881817
            ],
            [
              84.3788331276446,
              27.222629552054734
            ],
            [
              84.37876211312643,
              27.222429722142333
            ],
            [
              84.37900626803415,
              27.222132030361735
            ],
            [
              84.3795520978755,
              27.2220971332084
            ],
            [
              84.38015267644018,
              27.222094838204534
            ],
            [
              84.38059741077775,
              27.22206706809502
            ],
            [
              84.3810556944048,
              27.222107220680396
            ],
            [
              84.3814252729908,
              27.22227203265276
            ],
            [
              84.38196651423769,
              27.222635769224553
            ],
            [
              84.38224007729285,
              27.222819613727072
            ],
            [
              84.38262553180483,
              27.22295313998588
            ],
            [
              84.38288257843519,
              27.222966968215395
            ],
            [
              84.38314025478455,
              27.222953739094702
            ],
            [
              84.38329979198573,
              27.222821379103177
            ],
            [
              84.38332686002187,
              27.22209554915249
            ],
            [
              84.38338819698947,
              27.221198926757108
            ],
            [
              84.38367124805065,
              27.2205320182701
            ],
            [
              84.38391055385246,
              27.2202252027583
            ],
            [
              84.38430264242285,
              27.220074630141124
            ],
            [
              84.38460602774877,
              27.220048716014887
            ],
            [
              84.38474462881398,
              27.220164091346295
            ],
            [
              84.3847299943597,
              27.220574356205695
            ],
            [
              84.38437130066,
              27.221023305086987
            ],
            [
              84.38437212980499,
              27.22120377801722
            ],
            [
              84.38447341934489,
              27.221404171701586
            ],
            [
              84.3848889269947,
              27.221547275135148
            ],
            [
              84.38525998420765,
              27.22164894513894
            ],
            [
              84.38564649244347,
              27.221737366613038
            ],
            [
              84.38609026558372,
              27.221966711731064
            ],
            [
              84.38651733994115,
              27.22204686678183
            ],
            [
              84.3867898340011,
              27.222047442729817
            ],
            [
              84.38694810008617,
              27.221969191264687
            ],
            [
              84.38713159894927,
              27.221674862887
            ],
            [
              84.38716282169362,
              27.22141829488903
            ],
            [
              84.38731814938937,
              27.221249759932522
            ],
            [
              84.38769331459811,
              27.221175554752055
            ],
            [
              84.38814750280578,
              27.221175005160767
            ],
            [
              84.38838972992889,
              27.22117501235019
            ],
            [
              84.38866306391363,
              27.221139507790213
            ],
            [
              84.38916318208345,
              27.220900707656725
            ],
            [
              84.38938267464334,
              27.220463751909787
            ],
            [
              84.3893854531325,
              27.220458221612233
            ],
            [
              84.38980958999898,
              27.220231535892857
            ],
            [
              84.38996280665383,
              27.22015318729217
            ],
            [
              84.3901650066445,
              27.219489265784823
            ],
            [
              84.39016658767939,
              27.219205076904146
            ],
            [
              84.39043340438678,
              27.219016057940976
            ],
            [
              84.39114914517424,
              27.218835405721062
            ],
            [
              84.39206643557209,
              27.21823442860614
            ],
            [
              84.39280948963577,
              27.217747498394793
            ],
            [
              84.39303562972876,
              27.217571252174043
            ],
            [
              84.3931089762734,
              27.217238771756705
            ],
            [
              84.39296532308306,
              27.216906764068185
            ],
            [
              84.39261097722935,
              27.21652120716004
            ],
            [
              84.39246837776282,
              27.216360651787287
            ],
            [
              84.39192404720966,
              27.216115921051987
            ],
            [
              84.3912645463489,
              27.21583295061895
            ],
            [
              84.3909793546024,
              27.215511837658287
            ],
            [
              84.39066736970422,
              27.215041349043783
            ],
            [
              84.39047991016905,
              27.214424302904455
            ],
            [
              84.3902222598708,
              27.213787902939018
            ],
            [
              84.39001894327424,
              27.21276904508562
            ],
            [
              84.39004775404204,
              27.21131690513519
            ],
            [
              84.39001624024354,
              27.210504261977736
            ],
            [
              84.389980731637,
              27.209862979081404
            ],
            [
              84.38963504105106,
              27.208891091769278
            ],
            [
              84.38946115955139,
              27.20769232576389
            ],
            [
              84.38919176018759,
              27.206911340018177
            ],
            [
              84.38889525775335,
              27.20599450624382
            ],
            [
              84.38854045106388,
              27.204765297353227
            ],
            [
              84.38788315287216,
              27.203525934620505
            ],
            [
              84.38666534996064,
              27.201441502172695
            ],
            [
              84.38655357079321,
              27.20104241235302
            ],
            [
              84.3870833333674,
              27.2008267241112
            ],
            [
              84.38763862516362,
              27.200597974656958
            ],
            [
              84.388027693598,
              27.20057364995065
            ],
            [
              84.3887002370984,
              27.20050949486057
            ],
            [
              84.38973042865949,
              27.20068659500209
            ],
            [
              84.39077239174406,
              27.200575175188572
            ],
            [
              84.3917041378315,
              27.20043011529951
            ],
            [
              84.39394808629208,
              27.20048541062577
            ],
            [
              84.39536231482367,
              27.200638035107662
            ],
            [
              84.3960654405696,
              27.200777426827827
            ],
            [
              84.39696894182782,
              27.20097918833193
            ],
            [
              84.3970216423923,
              27.200231269059245
            ],
            [
              84.39688086740414,
              27.19869025200407
            ],
            [
              84.3967665918185,
              27.197528687721455
            ],
            [
              84.39698327714314,
              27.196454479814083
            ],
            [
              84.39685094991191,
              27.19563544969573
            ],
            [
              84.39655262479592,
              27.194795290839387
            ],
            [
              84.39646800798776,
              27.19409444502723
            ],
            [
              84.39629379500975,
              27.193775406814826
            ],
            [
              84.39602260171031,
              27.193287642624338
            ],
            [
              84.39572440415512,
              27.192659522164416
            ],
            [
              84.39510776011993,
              27.191840511315828
            ],
            [
              84.39456142901861,
              27.191469438142963
            ],
            [
              84.3940652248085,
              27.19132937797679
            ],
            [
              84.39303489760182,
              27.191161335269477
            ],
            [
              84.39257284374553,
              27.191071531166376
            ],
            [
              84.39179287880513,
              27.190984832064018
            ],
            [
              84.39088926435917,
              27.191008612318328
            ],
            [
              84.39057702613607,
              27.190984751360887
            ],
            [
              84.39023295521257,
              27.19059487224563
            ],
            [
              84.39000423964967,
              27.1902342088992
            ],
            [
              84.38982038685036,
              27.18989693813813
            ],
            [
              84.38961940856846,
              27.18964506571313
            ],
            [
              84.3891329924017,
              27.18973525530782
            ],
            [
              84.38894871829251,
              27.189632570160413
            ],
            [
              84.38841408595117,
              27.188977472188494
            ],
            [
              84.3876608413989,
              27.18796189464536
            ],
            [
              84.38770525500486,
              27.187360751856197
            ],
            [
              84.38771243434063,
              27.18726358607992
            ],
            [
              84.38704449290945,
              27.187133835009
            ],
            [
              84.38674393098843,
              27.18704251422614
            ],
            [
              84.38654422831422,
              27.186736523854574
            ],
            [
              84.38620334371505,
              27.18599480417907
            ],
            [
              84.3858739045509,
              27.185627745310335
            ],
            [
              84.38538961289977,
              27.18541118502149
            ],
            [
              84.38511773418577,
              27.185388066011978
            ],
            [
              84.38488253098987,
              27.1850904343067
            ],
            [
              84.38435708841389,
              27.184259550150394
            ],
            [
              84.38401684700845,
              27.183707316687045
            ],
            [
              84.38369563102243,
              27.182988517384345
            ],
            [
              84.38371194622462,
              27.18228955118946
            ],
            [
              84.38376870627584,
              27.18158682880255
            ],
            [
              84.38418043022169,
              27.18080501611824
            ],
            [
              84.38454067171861,
              27.180067354090816
            ],
            [
              84.38478376391933,
              27.179810226827932
            ],
            [
              84.38529619439842,
              27.179684445117122
            ],
            [
              84.38579496240038,
              27.17971179505963
            ],
            [
              84.3867688628308,
              27.179914926009456
            ],
            [
              84.38771220077865,
              27.18013101429941
            ],
            [
              84.38805970057159,
              27.180372084966645
            ],
            [
              84.387900863158,
              27.18069394723024
            ],
            [
              84.38758308412625,
              27.18112563291629
            ],
            [
              84.38723042710525,
              27.181538621788366
            ],
            [
              84.38666955497447,
              27.18201088677158
            ],
            [
              84.38624304116578,
              27.18234580164832
            ],
            [
              84.3856985498142,
              27.18276423186924
            ],
            [
              84.3854673270533,
              27.182944885814862
            ],
            [
              84.38545608284089,
              27.182994302056066
            ],
            [
              84.38561113205895,
              27.183267880966888
            ],
            [
              84.38588510294923,
              27.183417355806633
            ],
            [
              84.38631056033917,
              27.183560635069693
            ],
            [
              84.38695663138644,
              27.183545613697717
            ],
            [
              84.38778591383591,
              27.18346182304449
            ],
            [
              84.38868190428009,
              27.18311309432718
            ],
            [
              84.38940182403024,
              27.18274303494572
            ],
            [
              84.38972716418174,
              27.18220321204993
            ],
            [
              84.39000059967614,
              27.18107593535918
            ],
            [
              84.39037498694385,
              27.18037912199019
            ],
            [
              84.39056827474859,
              27.18009398872804
            ],
            [
              84.39056890087434,
              27.179850382649228
            ],
            [
              84.39064619910792,
              27.178913444083246
            ],
            [
              84.39077224531869,
              27.178266142628797
            ],
            [
              84.39157394320074,
              27.17741486878885
            ],
            [
              84.39265926886239,
              27.176947825922078
            ],
            [
              84.39377199673348,
              27.176386545105974
            ],
            [
              84.39511622494484,
              27.175631051186652
            ],
            [
              84.39741763773586,
              27.174058700339238
            ],
            [
              84.39787549196816,
              27.17367470386295
            ],
            [
              84.3981621012562,
              27.17306195527933
            ],
            [
              84.3982359517557,
              27.17254658420009
            ],
            [
              84.39830980225521,
              27.17203121233959
            ],
            [
              84.39857630724717,
              27.171080088953286
            ],
            [
              84.39872980597303,
              27.17033403509657
            ],
            [
              84.39859057698546,
              27.16981263510071
            ],
            [
              84.39825588627018,
              27.16945452992957
            ],
            [
              84.39761405976262,
              27.169072678644856
            ],
            [
              84.39686161291432,
              27.16845868601491
            ],
            [
              84.3961869116606,
              27.167972452707062
            ],
            [
              84.3957148649451,
              27.16788247888926
            ],
            [
              84.39498546078218,
              27.167580196252683
            ],
            [
              84.39437044988419,
              27.16734770464932
            ],
            [
              84.39392990439073,
              27.1669876239093
            ],
            [
              84.39355931520004,
              27.166655910952592
            ],
            [
              84.39298695271847,
              27.166324956266926
            ],
            [
              84.39245441524835,
              27.16623384703081
            ],
            [
              84.39210213102821,
              27.16641677593251
            ],
            [
              84.39167285490005,
              27.166656918762893
            ],
            [
              84.39124441779832,
              27.166860986175298
            ],
            [
              84.39100020360182,
              27.166734632818066
            ],
            [
              84.39090321609383,
              27.16548315805839
            ],
            [
              84.390902678003,
              27.165072607356745
            ],
            [
              84.39058945073477,
              27.164660747606128
            ],
            [
              84.39025342602126,
              27.163928150723912
            ],
            [
              84.39020607672096,
              27.16323279520765
            ],
            [
              84.39018575682924,
              27.16293437390734
            ],
            [
              84.39013687410477,
              27.161349947339158
            ],
            [
              84.38949172472894,
              27.159379970808583
            ],
            [
              84.38927818710107,
              27.158803042246273
            ],
            [
              84.38888397221841,
              27.156670812881597
            ],
            [
              84.3889357295518,
              27.155746929644486
            ],
            [
              84.38967622790852,
              27.154267425680732
            ],
            [
              84.3899816146809,
              27.153497141930206
            ],
            [
              84.3907225532121,
              27.152166821913205
            ],
            [
              84.39111316225721,
              27.15146548536594
            ],
            [
              84.39144081107901,
              27.151038480146163
            ],
            [
              84.39231213198882,
              27.15022006310123
            ],
            [
              84.3932258794312,
              27.14952874921914
            ],
            [
              84.39426628304045,
              27.14902926274348
            ],
            [
              84.3954913093052,
              27.148614403042025
            ],
            [
              84.39553741623547,
              27.148595504144012
            ],
            [
              84.39657580761848,
              27.148169855638784
            ],
            [
              84.39773233644449,
              27.14766347508037
            ],
            [
              84.39871764637735,
              27.14692833586564
            ],
            [
              84.39955853595862,
              27.14611381598035
            ],
            [
              84.40009077159479,
              27.145343197034112
            ],
            [
              84.40033253159393,
              27.143831820772807
            ],
            [
              84.40033068825099,
              27.142604667354526
            ],
            [
              84.40004291205139,
              27.14153011385304
            ],
            [
              84.3997588027748,
              27.141168440617665
            ],
            [
              84.39918309766203,
              27.140986333716082
            ],
            [
              84.3984977801183,
              27.14096460525444
            ],
            [
              84.39755654063497,
              27.140888499247712
            ],
            [
              84.39655784670268,
              27.14068048810251
            ],
            [
              84.39566754079765,
              27.14058275728868
            ],
            [
              84.39398384103701,
              27.140122902904817
            ],
            [
              84.39329652743673,
              27.139970278798607
            ],
            [
              84.3919795379414,
              27.1393548023607
            ],
            [
              84.3916093413145,
              27.138793009626568
            ],
            [
              84.39137931331294,
              27.13784132737785
            ],
            [
              84.39147365168917,
              27.136896488125586
            ],
            [
              84.39155016659181,
              27.136130148947373
            ],
            [
              84.3917560478785,
              27.135515905683643
            ],
            [
              84.39218295604759,
              27.134720801057625
            ],
            [
              84.39246210303058,
              27.133774070313528
            ],
            [
              84.39244297340659,
              27.13351205013609
            ],
            [
              84.39243717028984,
              27.133110422177708
            ],
            [
              84.39238449218328,
              27.132121431823006
            ],
            [
              84.3922846426428,
              27.13077515971539
            ],
            [
              84.39217460980029,
              27.129433210983986
            ],
            [
              84.39207055973756,
              27.128050768709265
            ],
            [
              84.39217162829186,
              27.127389461107732
            ],
            [
              84.39229349733655,
              27.126918022075568
            ],
            [
              84.39249213281218,
              27.12661493303222
            ],
            [
              84.39252085824003,
              27.12602897518239
            ],
            [
              84.39251925025566,
              27.12600428164414
            ],
            [
              84.39247996513166,
              27.125401122330874
            ],
            [
              84.39143525320233,
              27.125661419385388
            ],
            [
              84.39057167217699,
              27.126155161108386
            ],
            [
              84.38995924303711,
              27.126689659222937
            ],
            [
              84.38915666211112,
              27.127378519204203
            ],
            [
              84.38868997115134,
              27.128150318126913
            ],
            [
              84.38809768313843,
              27.128685180865727
            ],
            [
              84.38750570504429,
              27.129206515392717
            ],
            [
              84.38698375242318,
              27.129535156014192
            ],
            [
              84.38646713759151,
              27.129200711145526
            ],
            [
              84.3861927552728,
              27.128885233068438
            ],
            [
              84.38574524244602,
              27.12837069190115
            ],
            [
              84.38516688820148,
              27.12722303068988
            ],
            [
              84.38464588420133,
              27.127511078782312
            ],
            [
              84.38412697686906,
              27.127708933678008
            ],
            [
              84.38333727329265,
              27.12784309025111
            ],
            [
              84.38248582760849,
              27.128030227376748
            ],
            [
              84.3818640137688,
              27.12831638339705
            ],
            [
              84.38116239719257,
              27.12856495477703
            ],
            [
              84.38077105063061,
              27.128914056110933
            ],
            [
              84.38028593073278,
              27.129392235953592
            ],
            [
              84.37991137458181,
              27.129886013171312
            ],
            [
              84.37971036935048,
              27.13072138802545
            ],
            [
              84.37940122133196,
              27.131220894762233
            ],
            [
              84.37881568056514,
              27.132112246001693
            ],
            [
              84.3783390407636,
              27.132658247831134
            ],
            [
              84.37754706085627,
              27.133320163836512
            ],
            [
              84.37679182833232,
              27.133919602170614
            ],
            [
              84.37572982473205,
              27.134337105027885
            ],
            [
              84.37549917599466,
              27.134427778199473
            ],
            [
              84.37462468313358,
              27.134519692036285
            ],
            [
              84.37457781083866,
              27.134529852183267
            ],
            [
              84.37383912079065,
              27.134689960116795
            ],
            [
              84.37354708208505,
              27.134887508115234
            ],
            [
              84.3732499400503,
              27.13465637467588
            ],
            [
              84.37268870230518,
              27.134506011931354
            ],
            [
              84.37206927888248,
              27.134471855631173
            ],
            [
              84.3713310838062,
              27.13455727873956
            ],
            [
              84.37062724479793,
              27.134467397923455
            ],
            [
              84.36990899771084,
              27.134562209714996
            ],
            [
              84.36948318907962,
              27.134657991151858
            ],
            [
              84.36926126298363,
              27.13466934965281
            ],
            [
              84.36890261060644,
              27.134687708083426
            ],
            [
              84.36841304314964,
              27.134922143154313
            ],
            [
              84.36760262891441,
              27.13550695917321
            ],
            [
              84.36687024234473,
              27.135989471736284
            ],
            [
              84.36615434255546,
              27.136413641317805
            ],
            [
              84.36546491072772,
              27.136784166026022
            ],
            [
              84.36473218998475,
              27.137280193757928
            ],
            [
              84.36396189091683,
              27.1376582157773
            ],
            [
              84.36352922634337,
              27.13783054318369
            ],
            [
              84.36269386229942,
              27.13797274177319
            ],
            [
              84.36211263164938,
              27.13802948621625
            ],
            [
              84.36129763780279,
              27.13816303563863
            ],
            [
              84.36098610026565,
              27.138266509190977
            ],
            [
              84.36086056339964,
              27.13830820284359
            ],
            [
              84.35990140971289,
              27.138353316389438
            ],
            [
              84.35848432813195,
              27.138358221616063
            ],
            [
              84.35759218517217,
              27.13834142265286
            ],
            [
              84.35682254906094,
              27.138475800697776
            ],
            [
              84.35628917166602,
              27.138641696344873
            ],
            [
              84.35549852216366,
              27.13881176069186
            ],
            [
              84.35500822617317,
              27.138861166887892
            ],
            [
              84.35393977536413,
              27.138836507360683
            ],
            [
              84.35358180301161,
              27.138834266602633
            ],
            [
              84.35348569315768,
              27.138832455130004
            ],
            [
              84.3533902696166,
              27.138830654049734
            ],
            [
              84.35273104723358,
              27.138773102604574
            ],
            [
              84.35219925716179,
              27.138871341029756
            ],
            [
              84.35209111078134,
              27.13811138916092
            ],
            [
              84.35191967629254,
              27.137255502704367
            ],
            [
              84.35141758811731,
              27.135667044922016
            ],
            [
              84.35120062790818,
              27.135031355698803
            ],
            [
              84.35225744643265,
              27.134478358319996
            ],
            [
              84.35354318623418,
              27.133839442153512
            ],
            [
              84.35401760809528,
              27.13339273821542
            ],
            [
              84.3542454486991,
              27.132282724009475
            ],
            [
              84.35437438479016,
              27.131518219160412
            ],
            [
              84.35446406180834,
              27.13070786095444
            ],
            [
              84.35485347968736,
              27.13001593789793
            ],
            [
              84.35552268774312,
              27.129433047090284
            ],
            [
              84.35665227339881,
              27.128998679184022
            ],
            [
              84.35773479272352,
              27.128635596683992
            ],
            [
              84.35871937322437,
              27.128148855059063
            ],
            [
              84.35924670226244,
              27.128023438094935
            ],
            [
              84.35940701381143,
              27.12763847426987
            ],
            [
              84.35913823428515,
              27.126825530347453
            ],
            [
              84.35899276110806,
              27.126385534204047
            ],
            [
              84.35836151136466,
              27.126427791139808
            ],
            [
              84.35733508464291,
              27.12633628399468
            ],
            [
              84.35677821181176,
              27.12621752327094
            ],
            [
              84.356015187301,
              27.1258602841327
            ],
            [
              84.35517438665295,
              27.126236932838356
            ],
            [
              84.35353267774197,
              27.126580428936762
            ],
            [
              84.35337149842046,
              27.127001458603818
            ],
            [
              84.35229891086952,
              27.12715717128557
            ],
            [
              84.35080261405021,
              27.127106375986255
            ],
            [
              84.34826183437195,
              27.126661389661503
            ],
            [
              84.3467013816717,
              27.12633865692128
            ],
            [
              84.34629078421322,
              27.12621810930769
            ],
            [
              84.34576508292244,
              27.126487872169726
            ],
            [
              84.34543806381964,
              27.126671165162964
            ],
            [
              84.34492057762216,
              27.126901786639564
            ],
            [
              84.34440873014967,
              27.127129894818726
            ],
            [
              84.34364481361186,
              27.12702521091195
            ],
            [
              84.34303187961878,
              27.126932402670786
            ],
            [
              84.34240006663165,
              27.126785098821323
            ],
            [
              84.34188566524884,
              27.126576855962973
            ],
            [
              84.34147846162548,
              27.126099961678996
            ],
            [
              84.34041656402646,
              27.12495200373183
            ],
            [
              84.33892238902784,
              27.124174794778728
            ],
            [
              84.33835995921835,
              27.1238663806857
            ],
            [
              84.33877182509801,
              27.122868158774168
            ],
            [
              84.33901392106709,
              27.12158701275616
            ],
            [
              84.33909109443485,
              27.120244091863665
            ],
            [
              84.3392954449923,
              27.119065989744335
            ],
            [
              84.33942985900994,
              27.117647459667463
            ],
            [
              84.33945864821818,
              27.11515322428375
            ],
            [
              84.33936887957182,
              27.114898886074567
            ],
            [
              84.33927911092547,
              27.114644548886467
            ],
            [
              84.3390906937862,
              27.11429811362583
            ],
            [
              84.3387415788224,
              27.114138110030883
            ],
            [
              84.33799588640674,
              27.114119460374297
            ],
            [
              84.33752681491146,
              27.114128610092603
            ],
            [
              84.33707501622247,
              27.114259893235374
            ],
            [
              84.33663073104249,
              27.11449958764078
            ],
            [
              84.33635402029061,
              27.11468832707377
            ],
            [
              84.3359497236155,
              27.114942313944155
            ],
            [
              84.3358168870395,
              27.115016485824675
            ],
            [
              84.33557637929184,
              27.114741239719997
            ],
            [
              84.33536341928071,
              27.114367266912552
            ],
            [
              84.33503724728924,
              27.114090393642186
            ],
            [
              84.33446363704772,
              27.11404341285724
            ],
            [
              84.33368707133239,
              27.11405122166701
            ],
            [
              84.33337496426333,
              27.11403176121015
            ],
            [
              84.33314193858367,
              27.113228825310788
            ],
            [
              84.33331090540041,
              27.11311925164659
            ],
            [
              84.33421814814183,
              27.112915425923035
            ],
            [
              84.33443771616021,
              27.1127977879828
            ],
            [
              84.3346775340017,
              27.11246399112335
            ],
            [
              84.33486790677335,
              27.111876616610203
            ],
            [
              84.33472667723765,
              27.11145438097802
            ],
            [
              84.33419122742941,
              27.11107428414737
            ],
            [
              84.33389723937961,
              27.110928848903434
            ],
            [
              84.33422481274293,
              27.109870391249423
            ],
            [
              84.33489979157608,
              27.10946816024296
            ],
            [
              84.3365502572644,
              27.10874608372771
            ],
            [
              84.33776673605921,
              27.10825485998042
            ],
            [
              84.33887781372513,
              27.107743583194917
            ],
            [
              84.33970769085933,
              27.10739840039589
            ],
            [
              84.33892711596287,
              27.105660266954764
            ],
            [
              84.33833624189822,
              27.10421445521424
            ],
            [
              84.33731585994005,
              27.101109337899874
            ],
            [
              84.33727055520528,
              27.100467864867777
            ],
            [
              84.33815371591058,
              27.10063799525257
            ],
            [
              84.33897758870543,
              27.100757370096815
            ],
            [
              84.33963228717269,
              27.10078330872058
            ],
            [
              84.33995238565453,
              27.100676588150765
            ],
            [
              84.34059529642862,
              27.09992183228001
            ],
            [
              84.34090661387856,
              27.099120190632377
            ],
            [
              84.34138515631187,
              27.09828111390355
            ],
            [
              84.34141271572649,
              27.098257205149164
            ],
            [
              84.34184317224093,
              27.097883761050934
            ],
            [
              84.34251375921063,
              27.09744982486081
            ],
            [
              84.34400979282357,
              27.097067589227564
            ],
            [
              84.34555985920251,
              27.096745007047062
            ],
            [
              84.34782352478528,
              27.09630054295295
            ],
            [
              84.34855522414375,
              27.09605269801599
            ],
            [
              84.34881714413453,
              27.094135789654633
            ],
            [
              84.34984987792787,
              27.09309059207961
            ],
            [
              84.35204272123197,
              27.091796574695007
            ],
            [
              84.35284778240643,
              27.09099969661126
            ],
            [
              84.35283940292145,
              27.090927357054465
            ],
            [
              84.35284871216277,
              27.0902030527867
            ],
            [
              84.35288188874284,
              27.087621300199853
            ],
            [
              84.35279687667591,
              27.084163962766585
            ],
            [
              84.35309850399886,
              27.082053796982702
            ],
            [
              84.35336836599504,
              27.081508489641262
            ],
            [
              84.35433788893512,
              27.08078687828848
            ],
            [
              84.3558220063958,
              27.07948319670791
            ],
            [
              84.35587144697406,
              27.079439766282146
            ],
            [
              84.35732895633603,
              27.07875438172082
            ],
            [
              84.35925664391769,
              27.078005637762192
            ],
            [
              84.35983848272726,
              27.077479711946935
            ],
            [
              84.36053178180225,
              27.076283674844536
            ],
            [
              84.36124982856505,
              27.074461010162818
            ],
            [
              84.36204749840137,
              27.072680437889378
            ],
            [
              84.36240355285075,
              27.0714645233677
            ],
            [
              84.36251129858258,
              27.06880028864083
            ],
            [
              84.36118072476353,
              27.06880689193473
            ],
            [
              84.35854676194253,
              27.069379989970507
            ],
            [
              84.35780004185419,
              27.069632127029067
            ],
            [
              84.35650797970966,
              27.07014468885977
            ],
            [
              84.35576516819113,
              27.070229966688224
            ],
            [
              84.35540379930852,
              27.069952481947478
            ],
            [
              84.3548274501037,
              27.068958146854275
            ],
            [
              84.35369475627711,
              27.06869320803685
            ],
            [
              84.35332407366165,
              27.06868966121258
            ],
            [
              84.35223364556917,
              27.068679223117634
            ],
            [
              84.35192159958555,
              27.068019188621115
            ],
            [
              84.3513727549981,
              27.06628548927323
            ],
            [
              84.35087837706294,
              27.064164832352873
            ],
            [
              84.35063474497476,
              27.06359631298255
            ],
            [
              84.34887573674895,
              27.06348136707649
            ],
            [
              84.34791775266869,
              27.06341875718195
            ],
            [
              84.34650314055651,
              27.064001098967353
            ],
            [
              84.34544388669934,
              27.064666795921664
            ],
            [
              84.34371546071905,
              27.065753001788583
            ],
            [
              84.34216621809522,
              27.066486140144455
            ],
            [
              84.34157400733741,
              27.067237364826465
            ],
            [
              84.34039723407815,
              27.06777451360568
            ],
            [
              84.33780469526987,
              27.068298376372873
            ],
            [
              84.3369192258943,
              27.068236486694857
            ],
            [
              84.33512843976531,
              27.06788674737838
            ],
            [
              84.33494040530837,
              27.068379432041407
            ],
            [
              84.3342306176563,
              27.068559961274776
            ],
            [
              84.33309815379842,
              27.06732741721893
            ],
            [
              84.33306628696204,
              27.067292733265678
            ],
            [
              84.3323682510705,
              27.066977223907692
            ],
            [
              84.32906555360594,
              27.066846829250963
            ],
            [
              84.32809041170376,
              27.066954612354927
            ],
            [
              84.32567017964844,
              27.067224377233064
            ],
            [
              84.32418639995431,
              27.06731794210695
            ],
            [
              84.32324779702634,
              27.067584284039693
            ],
            [
              84.31999417722066,
              27.068144844793252
            ],
            [
              84.31898633664218,
              27.068143668112146
            ],
            [
              84.31816571035877,
              27.068534031988115
            ],
            [
              84.31730965272395,
              27.06859768131694
            ],
            [
              84.31628269599618,
              27.068674029267154
            ],
            [
              84.31513748324781,
              27.068524756157302
            ],
            [
              84.31447522366078,
              27.06754776194188
            ],
            [
              84.31399152399942,
              27.066699411144704
            ],
            [
              84.3138706296268,
              27.06542941671848
            ],
            [
              84.31351860232485,
              27.06518809980059
            ],
            [
              84.3126955640649,
              27.065046048719513
            ],
            [
              84.31245204157115,
              27.064269955811927
            ],
            [
              84.31204593658741,
              27.0624937502538
            ],
            [
              84.31143080172187,
              27.061453402927572
            ],
            [
              84.31104695699085,
              27.0612791420029
            ],
            [
              84.31039657492853,
              27.061293767019478
            ],
            [
              84.31019739058225,
              27.06098318539879
            ],
            [
              84.31012933601296,
              27.060034504663957
            ],
            [
              84.30826251827494,
              27.060346141678583
            ],
            [
              84.30670818130514,
              27.06065471873212
            ],
            [
              84.30333675104323,
              27.061090837344008
            ],
            [
              84.30185445895923,
              27.061125551214452
            ],
            [
              84.30024290200076,
              27.06129761726558
            ],
            [
              84.30082361701785,
              27.06239776627483
            ],
            [
              84.30075642033968,
              27.064402870894913
            ],
            [
              84.30023354335214,
              27.06696680325173
            ],
            [
              84.29959959327296,
              27.068258943604846
            ],
            [
              84.2985015582467,
              27.06986729109781
            ],
            [
              84.29748579722232,
              27.071898285848786
            ],
            [
              84.2971413139721,
              27.07372878382687
            ],
            [
              84.29802250377367,
              27.075707961349345
            ],
            [
              84.29928394863835,
              27.078890855727234
            ],
            [
              84.30035445928432,
              27.082443256611914
            ],
            [
              84.3013216798423,
              27.08296309974652
            ],
            [
              84.30075789537337,
              27.086317303042065
            ],
            [
              84.30004980913044,
              27.087429336001076
            ],
            [
              84.29934170761615,
              27.088541364319784
            ],
            [
              84.2988636915956,
              27.09043616789278
            ],
            [
              84.29918206531208,
              27.090822072253165
            ],
            [
              84.29950044262179,
              27.091207975283982
            ],
            [
              84.30114533965373,
              27.091709393875252
            ],
            [
              84.30398297390582,
              27.091388981186725
            ],
            [
              84.30480020096418,
              27.091488004192563
            ],
            [
              84.30554408327455,
              27.09341017616927
            ],
            [
              84.30276643582218,
              27.09548952180869
            ],
            [
              84.30035181194917,
              27.096283932804926
            ],
            [
              84.29918383409485,
              27.097833453878756
            ],
            [
              84.2970819344335,
              27.101836540837706
            ],
            [
              84.2949490096572,
              27.10492995819943
            ],
            [
              84.2910415977844,
              27.107707421229723
            ],
            [
              84.29067834872791,
              27.108992082212435
            ],
            [
              84.28999274911317,
              27.11077118895975
            ],
            [
              84.289079007959,
              27.11182801089347
            ],
            [
              84.28856784320612,
              27.11275248661619
            ],
            [
              84.28866860812988,
              27.11372097714355
            ],
            [
              84.28979216609002,
              27.11484365070639
            ],
            [
              84.29136974966275,
              27.117350056816942
            ],
            [
              84.28539384467736,
              27.119151973115514
            ],
            [
              84.28175452422136,
              27.119858028266954
            ],
            [
              84.2805716810457,
              27.120982787819454
            ],
            [
              84.27894501262753,
              27.121027009670897
            ],
            [
              84.27758957523805,
              27.121063846142377
            ],
            [
              84.2772239896635,
              27.122287829992466
            ],
            [
              84.2779882161201,
              27.124816533286516
            ],
            [
              84.27696550932197,
              27.126665388766725
            ],
            [
              84.27569641170939,
              27.129249222970337
            ],
            [
              84.27505973883657,
              27.13048055235231
            ],
            [
              84.27442305069243,
              27.13171187696943
            ],
            [
              84.27190903182652,
              27.133601162647782
            ],
            [
              84.27130107180517,
              27.13568144038081
            ],
            [
              84.27140384087028,
              27.138713726065156
            ],
            [
              84.27078968516841,
              27.14061210811816
            ],
            [
              84.27099304129088,
              27.142609674716173
            ],
            [
              84.27099104074271,
              27.14455212560524
            ],
            [
              84.2695695672984,
              27.14665452401475
            ],
            [
              84.26957370673523,
              27.148778844822054
            ],
            [
              84.26805552785392,
              27.150034015045573
            ],
            [
              84.26611836304599,
              27.15093633331306
            ],
            [
              84.26516303977563,
              27.15278313181255
            ],
            [
              84.26399205526008,
              27.154271668385313
            ],
            [
              84.26826918136445,
              27.160347170286162
            ],
            [
              84.26899031204364,
              27.161602301639164
            ],
            [
              84.26930262213193,
              27.162807738769235
            ],
            [
              84.26826098783076,
              27.164110647821037
            ],
            [
              84.26859579532703,
              27.16598324070232
            ],
            [
              84.2683760350692,
              27.16750668262979
            ],
            [
              84.26820956377232,
              27.168603726742713
            ],
            [
              84.26728084321077,
              27.171238996884732
            ],
            [
              84.26743078730304,
              27.17366280429693
            ],
            [
              84.26809857781728,
              27.175344224374363
            ],
            [
              84.26775338938955,
              27.177174541325993
            ],
            [
              84.26741845972242,
              27.179308067672906
            ],
            [
              84.26549729840127,
              27.178692438792314
            ],
            [
              84.2642787597695,
              27.17878611424915
            ],
            [
              84.26306435967625,
              27.18100411275666
            ],
            [
              84.26105576712514,
              27.18459683316248
            ],
            [
              84.26097597337174,
              27.184739553948052
            ],
            [
              84.25734514558837,
              27.18395521904959
            ],
            [
              84.25484026797878,
              27.18424778276373
            ],
            [
              84.25172414161557,
              27.185062837167735
            ],
            [
              84.25038613333925,
              27.18453664833461
            ],
            [
              84.25000002575203,
              27.18394670473171
            ],
            [
              84.24919293618161,
              27.182713513791988
            ],
            [
              84.24888486164987,
              27.181035019224144
            ],
            [
              84.24944861827105,
              27.179108209637562
            ],
            [
              84.25000003743013,
              27.177883610259713
            ],
            [
              84.25058908611811,
              27.176575395810207
            ],
            [
              84.25261441787623,
              27.175115150942776
            ],
            [
              84.25284505673214,
              27.172635003065118
            ],
            [
              84.25295784380933,
              27.16852746693742
            ],
            [
              84.25210933381952,
              27.165739109905083
            ],
            [
              84.25110473615919,
              27.163910771364495
            ],
            [
              84.25000002844696,
              27.16277473803339
            ],
            [
              84.24934658762109,
              27.162102758128867
            ],
            [
              84.2478626444336,
              27.162246592258594
            ],
            [
              84.24580582223318,
              27.16280745503807
            ],
            [
              84.24374331998524,
              27.163300868826006
            ],
            [
              84.23801503291301,
              27.163893033945115
            ],
            [
              84.23611881511235,
              27.16569542523684
            ],
            [
              84.23524092841612,
              27.16686828938971
            ],
            [
              84.23384026175039,
              27.170682388971905
            ],
            [
              84.23296599436644,
              27.171964636108143
            ],
            [
              84.23111783733181,
              27.17338254078002
            ],
            [
              84.23162447367733,
              27.17572230539067
            ],
            [
              84.2323333279798,
              27.176797887703337
            ],
            [
              84.23196452284328,
              27.17896285092217
            ],
            [
              84.2324844479668,
              27.180647453132785
            ],
            [
              84.23319201408518,
              27.18331433721396
            ],
            [
              84.23385849216078,
              27.184757786684063
            ],
            [
              84.23386880841348,
              27.18637700429202
            ],
            [
              84.23392583885762,
              27.188073844854376
            ],
            [
              84.23420197917935,
              27.18972535428039
            ],
            [
              84.23365655986805,
              27.19056947623636
            ],
            [
              84.23372685214072,
              27.192660917268917
            ],
            [
              84.23442458709664,
              27.192405241307455
            ],
            [
              84.235167606126,
              27.19218778487849
            ],
            [
              84.23579036409504,
              27.19232898897847
            ],
            [
              84.23606824086019,
              27.19271648172562
            ],
            [
              84.23622045409688,
              27.193304927119307
            ],
            [
              84.23583548198016,
              27.193670710254636
            ],
            [
              84.2349112431136,
              27.194406510908976
            ],
            [
              84.23375619560947,
              27.19550394015846
            ],
            [
              84.23259725480693,
              27.196483047318264
            ],
            [
              84.23160936940413,
              27.197299509630657
            ],
            [
              84.23084302292347,
              27.199453030663676
            ],
            [
              84.2301594849423,
              27.201446187309156
            ],
            [
              84.22969251370817,
              27.203315108016604
            ],
            [
              84.22901424075289,
              27.205466239071026
            ],
            [
              84.22858944272637,
              27.20662298220164
            ],
            [
              84.22845677413535,
              27.207930010954886
            ],
            [
              84.22862354097794,
              27.208952458625404
            ],
            [
              84.22909913334388,
              27.20996661706553
            ],
            [
              84.22926607266302,
              27.21033731390697
            ],
            [
              84.22943302725349,
              27.210708032683335
            ],
            [
              84.22993945159664,
              27.21132640399874
            ],
            [
              84.23000870811175,
              27.212075014957442
            ],
            [
              84.22929593625632,
              27.213200040999094
            ],
            [
              84.22742532493285,
              27.215343607720037
            ],
            [
              84.22603327131405,
              27.21727674281878
            ],
            [
              84.22468128165863,
              27.219090373202267
            ],
            [
              84.2236931689821,
              27.219906765769448
            ],
            [
              84.22261586797086,
              27.22135758993382
            ],
            [
              84.22168910214337,
              27.222685775770877
            ],
            [
              84.22146146725375,
              27.223797750813194
            ],
            [
              84.22119054075398,
              27.22625376369923
            ],
            [
              84.22069689404746,
              27.227333418815924
            ],
            [
              84.21960279543875,
              27.22894259971281
            ],
            [
              84.21874910396637,
              27.231137658636953
            ],
            [
              84.21889675915128,
              27.232911053611176
            ],
            [
              84.21892849124039,
              27.233858126374088
            ],
            [
              84.21887626498639,
              27.23954676092556
            ],
            [
              84.21850122194854,
              27.241531599250642
            ],
            [
              84.21822623416534,
              27.243869162021376
            ],
            [
              84.21784577787957,
              27.245696103217984
            ],
            [
              84.21731983404365,
              27.247132084864386
            ],
            [
              84.216723252982,
              27.24777989282333
            ],
            [
              84.21551026234546,
              27.248483807869214
            ],
            [
              84.2141597108928,
              27.249033361998134
            ],
            [
              84.21321670262665,
              27.249887975711925
            ],
            [
              84.2129239389806,
              27.25000026620671
            ],
            [
              84.21222195679003,
              27.25026950625658
            ],
            [
              84.21206974534998,
              27.250562241669524
            ],
            [
              84.21160562626687,
              27.25215153776442
            ],
            [
              84.21133461442713,
              27.253606876209382
            ],
            [
              84.21164897087765,
              27.256190003165685
            ],
            [
              84.21170483980009,
              27.257783134996405
            ],
            [
              84.21158056866034,
              27.259203471110922
            ],
            [
              84.21104320723717,
              27.261058361655362
            ],
            [
              84.21062754507712,
              27.262314104729043
            ],
            [
              84.21020968473952,
              27.263267546981524
            ],
            [
              84.21053154481764,
              27.26449715211652
            ],
            [
              84.21131700115934,
              27.265829558278867
            ],
            [
              84.2159984868209,
              27.268512683056002
            ],
            [
              84.21726048684441,
              27.268553574250785
            ],
            [
              84.2198573456509,
              27.26787789704964
            ],
            [
              84.22060559916343,
              27.268321099251988
            ],
            [
              84.22148625626401,
              27.26865687014387
            ],
            [
              84.22241645275756,
              27.26909234074709
            ],
            [
              84.22246670900614,
              27.269115355350486
            ],
            [
              84.22228813560577,
              27.270422500828406
            ],
            [
              84.22213527917533,
              27.272208091271864
            ],
            [
              84.2228787392775,
              27.273734057375748
            ],
            [
              84.2230451180479,
              27.275418241305324
            ],
            [
              84.22327772421431,
              27.278677498345576
            ],
            [
              84.22749924819591,
              27.280386927793344
            ],
            [
              84.22773811112825,
              27.28187757424297
            ],
            [
              84.22691685063425,
              27.283319882844182
            ],
            [
              84.22575593802965,
              27.285445579203657
            ],
            [
              84.22713428515384,
              27.288253056139958
            ],
            [
              84.22740026103811,
              27.291187692325913
            ],
            [
              84.2292334701064,
              27.2917741148215
            ],
            [
              84.23191464927703,
              27.29352619415055
            ],
            [
              84.23307782833109,
              27.295574082223087
            ],
            [
              84.23479525444074,
              27.297233391979315
            ],
            [
              84.2360694472976,
              27.29875870220818
            ],
            [
              84.2324806166521,
              27.29958533612225
            ],
            [
              84.23033870692633,
              27.2996058586233
            ],
            [
              84.22764125387602,
              27.299617715197375
            ],
            [
              84.22460145287091,
              27.300055674747963
            ],
            [
              84.22178500358818,
              27.300928381289946
            ],
            [
              84.2193294857085,
              27.302629373321768
            ],
            [
              84.21717537865777,
              27.30396696886198
            ],
            [
              84.21612949173203,
              27.305082783305863
            ],
            [
              84.21580459175503,
              27.307981509789393
            ],
            [
              84.2155974339623,
              27.31015923627996
            ],
            [
              84.21521065533355,
              27.31210551203305
            ],
            [
              84.21395667097732,
              27.316026050970333
            ],
            [
              84.2106356505759,
              27.318938659833506
            ],
            [
              84.20820617665292,
              27.322128540036037
            ],
            [
              84.20680018657083,
              27.32228499690965
            ],
            [
              84.20342811401349,
              27.323053850059846
            ],
            [
              84.20204540107706,
              27.32449629328777
            ],
            [
              84.19797952009992,
              27.32436648274495
            ],
            [
              84.19479837277812,
              27.324703449699147
            ],
            [
              84.19187050455237,
              27.3255070238955
            ],
            [
              84.18905532369084,
              27.326144386260967
            ],
            [
              84.18553493029694,
              27.326550750172192
            ],
            [
              84.18205881306676,
              27.32655581470798
            ],
            [
              84.17744215881928,
              27.32642573762712
            ],
            [
              84.17385300567858,
              27.326628215358344
            ],
            [
              84.17144085396923,
              27.327367656965617
            ],
            [
              84.16957928598573,
              27.328643580855033
            ],
            [
              84.16746202333638,
              27.329714631388892
            ],
            [
              84.16567575573326,
              27.331022708246874
            ],
            [
              84.16337401685382,
              27.331830526851427
            ],
            [
              84.16245493162201,
              27.331259406842925
            ],
            [
              84.16138959527208,
              27.330660058892953
            ],
            [
              84.15987073456948,
              27.33097754263513
            ],
            [
              84.15570743489305,
              27.333024990911074
            ],
            [
              84.15374673871626,
              27.3335690562356
            ],
            [
              84.15218766223498,
              27.333854615047144
            ],
            [
              84.1515818150512,
              27.335338726006828
            ],
            [
              84.1500569940267,
              27.336251639816318
            ],
            [
              84.14966822023969,
              27.3382608678358
            ],
            [
              84.14920928713072,
              27.339710026848884
            ],
            [
              84.1469014837248,
              27.341609394658615
            ],
            [
              84.14503865360832,
              27.34294817667959
            ],
            [
              84.1436615147182,
              27.34372688715639
            ],
            [
              84.14250669897943,
              27.344511785756257
            ],
            [
              84.1414648733371,
              27.345099116126764
            ],
            [
              84.14079040205209,
              27.345851719228623
            ],
            [
              84.13958525640291,
              27.348120668629782
            ],
            [
              84.13895438844351,
              27.34854424027017
            ],
            [
              84.13687868365581,
              27.348924721761485
            ],
            [
              84.1356544991125,
              27.34904579680049
            ],
            [
              84.1343566886485,
              27.349964902683865
            ],
            [
              84.13319777299877,
              27.35114223526629
            ],
            [
              84.13266665935839,
              27.352193729290825
            ],
            [
              84.13231292525737,
              27.354207741871143
            ],
            [
              84.13259288521566,
              27.356023703908267
            ],
            [
              84.13360798238504,
              27.35811178376704
            ],
            [
              84.13422457791123,
              27.359109301262972
            ],
            [
              84.13459096298637,
              27.359870156842216
            ],
            [
              84.13457607610549,
              27.361358975090063
            ],
            [
              84.1337140671319,
              27.362141628963755
            ],
            [
              84.13348345881869,
              27.362965463206947
            ],
            [
              84.13323385293383,
              27.36567051626126
            ],
            [
              84.13229693883859,
              27.36787827437755
            ],
            [
              84.13072539463951,
              27.369350112324803
            ],
            [
              84.1300125131896,
              27.370368553312602
            ],
            [
              84.12929602859707,
              27.37174794696507
            ],
            [
              84.12847067897191,
              27.372900852680534
            ],
            [
              84.12808839910613,
              27.374215239363604
            ],
            [
              84.12766537794725,
              27.3755653408642
            ],
            [
              84.12724936724088,
              27.37672149814308
            ],
            [
              84.12679923043514,
              27.377245793971895
            ],
            [
              84.12598647788522,
              27.377140018603665
            ],
            [
              84.12514099521789,
              27.376767713231963
            ],
            [
              84.12433592506027,
              27.375903973282742
            ],
            [
              84.12368149159599,
              27.374644453181812
            ],
            [
              84.122878845093,
              27.373546069675655
            ],
            [
              84.12195657263858,
              27.3732769523073
            ],
            [
              84.12080666080293,
              27.37352933172624
            ],
            [
              84.1204697162146,
              27.373860481318015
            ],
            [
              84.12057216727614,
              27.374718601323803
            ],
            [
              84.12100518937903,
              27.37587710793748
            ],
            [
              84.12110667564995,
              27.376834426934263
            ],
            [
              84.12047386283793,
              27.3774248771832
            ],
            [
              84.1189130876425,
              27.377809204846656
            ],
            [
              84.11583709620956,
              27.378573867705153
            ],
            [
              84.11409225621239,
              27.379155144028733
            ],
            [
              84.11283135213353,
              27.37937506014213
            ],
            [
              84.11241653259317,
              27.38039583780037
            ],
            [
              84.11574274974855,
              27.38039129262232
            ],
            [
              84.11662389732926,
              27.38122413316093
            ],
            [
              84.11654272196692,
              27.381751363018488
            ],
            [
              84.11579266823054,
              27.382435566126077
            ],
            [
              84.1135277764474,
              27.383441254174542
            ],
            [
              84.11282016810823,
              27.38393177420641
            ],
            [
              84.11258594317766,
              27.38508488398921
            ],
            [
              84.1128312155896,
              27.386309599196796
            ],
            [
              84.11326528333151,
              27.387368907756233
            ],
            [
              84.11377880167042,
              27.38806786087826
            ],
            [
              84.11525379134947,
              27.388179134184817
            ],
            [
              84.11710686306701,
              27.3878964201961
            ],
            [
              84.11895660832307,
              27.387943008690776
            ],
            [
              84.12035511903211,
              27.388617552602973
            ],
            [
              84.12175196875621,
              27.38945454180756
            ],
            [
              84.12218377903183,
              27.390743853724874
            ],
            [
              84.12264852693565,
              27.39226806220547
            ],
            [
              84.12278079308145,
              27.394182121076177
            ],
            [
              84.11866524515057,
              27.394712839971724
            ],
            [
              84.11436704007804,
              27.395305014045018
            ],
            [
              84.11066091999915,
              27.395834314259538
            ],
            [
              84.10862091066763,
              27.39658009462377
            ],
            [
              84.10716765662512,
              27.397294587357756
            ],
            [
              84.10616224778612,
              27.3982112030055
            ],
            [
              84.10457566668751,
              27.39763426424606
            ],
            [
              84.10317982307652,
              27.39669783875783
            ],
            [
              84.10251829741311,
              27.396132948109027
            ],
            [
              84.10099424983802,
              27.396846832801305
            ],
            [
              84.09835217702667,
              27.398607216692564
            ],
            [
              84.09589257271077,
              27.40079305930101
            ],
            [
              84.0952469319565,
              27.402109734396944
            ],
            [
              84.09479297281923,
              27.403459482633874
            ],
            [
              84.0950330098497,
              27.405175878739218
            ],
            [
              84.09498561922689,
              27.40543668989698
            ],
            [
              84.09498471731833,
              27.405441655125014
            ],
            [
              84.09317228538424,
              27.406153099178375
            ],
            [
              84.0923511272982,
              27.40684103028014
            ],
            [
              84.09174825443631,
              27.407923390287554
            ],
            [
              84.08989921884933,
              27.407777192792643
            ],
            [
              84.08752673225136,
              27.407888281183027
            ],
            [
              84.08585926864117,
              27.408271341844202
            ],
            [
              84.08436752807701,
              27.409251492730288
            ],
            [
              84.08324567242434,
              27.41062720600913
            ],
            [
              84.08215854204727,
              27.412070852182993
            ],
            [
              84.08151338458663,
              27.41331978898386
            ],
            [
              84.07994482908249,
              27.414858672272338
            ],
            [
              84.07862952482665,
              27.416363512202583
            ],
            [
              84.07898098888494,
              27.418514055738804
            ],
            [
              84.07954752579192,
              27.420896440265594
            ],
            [
              84.07949518814684,
              27.422019465264977
            ],
            [
              84.07724105997741,
              27.42190123220683
            ],
            [
              84.07576652215093,
              27.42123012960281
            ],
            [
              84.06945303297674,
              27.420053415269138
            ],
            [
              84.0684523250216,
              27.420008805884308
            ],
            [
              84.06659319416747,
              27.420787117614797
            ],
            [
              84.0553211851863,
              27.426470425961796
            ],
            [
              84.05334894206484,
              27.427410019718412
            ],
            [
              84.05107511294295,
              27.428644726112775
            ],
            [
              84.04836267329875,
              27.430209474610244
            ],
            [
              84.04582869117228,
              27.431640375763365
            ],
            [
              84.04110075542401,
              27.43436963602726
            ],
            [
              84.03912779095539,
              27.43534508414054
            ],
            [
              84.03734418595876,
              27.436123576376005
            ],
            [
              84.03585338233744,
              27.43693628919192
            ],
            [
              84.03395884079312,
              27.437677689362996
            ],
            [
              84.03329531188662,
              27.43794042490538
            ],
            [
              84.03238005796949,
              27.438302831916257
            ],
            [
              84.0318406744386,
              27.43851640612968
            ],
            [
              84.03126441865857,
              27.438727034059557
            ],
            [
              84.03127817096725,
              27.438764461354516
            ],
            [
              84.03128043921335,
              27.43877063213321
            ],
            [
              84.03137824778148,
              27.438987156088125
            ],
            [
              84.03143092409144,
              27.4394204506693
            ],
            [
              84.0315114257173,
              27.43970913977463
            ],
            [
              84.03160706305738,
              27.439968082747804
            ],
            [
              84.03161526377762,
              27.440472433622705
            ],
            [
              84.03158368080886,
              27.440823349622352
            ],
            [
              84.03157216171199,
              27.44118115665284
            ],
            [
              84.03163756535285,
              27.44136599836986
            ],
            [
              84.03188573213662,
              27.441570435091236
            ],
            [
              84.03208639241488,
              27.441639338753696
            ],
            [
              84.0323034280825,
              27.441654258254886
            ],
            [
              84.03257235223751,
              27.441586277803196
            ],
            [
              84.03287958055625,
              27.441434843164316
            ],
            [
              84.03318742871257,
              27.441271287079157
            ],
            [
              84.03340663740481,
              27.441243787074352
            ],
            [
              84.03365239131372,
              27.441229511687947
            ],
            [
              84.03394072626543,
              27.441314130755956
            ],
            [
              84.0340364040297,
              27.44143947990599
            ],
            [
              84.03424044287176,
              27.441575315782025
            ],
            [
              84.03443865434255,
              27.441559102352787
            ],
            [
              84.0345572211803,
              27.441503210369937
            ],
            [
              84.03463320338196,
              27.44135872515406
            ],
            [
              84.03468540358479,
              27.4412594608183
            ],
            [
              84.03490681314953,
              27.4410559459294
            ],
            [
              84.03514180703795,
              27.440852983154663
            ],
            [
              84.03544685963709,
              27.44074396089563
            ],
            [
              84.03573891720731,
              27.440755859760962
            ],
            [
              84.03594915891641,
              27.440770497157327
            ],
            [
              84.03613254459177,
              27.44077796812833
            ],
            [
              84.03634864870641,
              27.440811060115013
            ],
            [
              84.03665395103718,
              27.440963162901866
            ],
            [
              84.03699101510146,
              27.44129266028799
            ],
            [
              84.03705704486808,
              27.441465379006637
            ],
            [
              84.03704700260153,
              27.441514059190432
            ],
            [
              84.03699368669109,
              27.441772494871778
            ],
            [
              84.03693407987876,
              27.44187329820832
            ],
            [
              84.03689174677096,
              27.44203553238333
            ],
            [
              84.03691764609891,
              27.44219446896223
            ],
            [
              84.03703587337348,
              27.442278227075974
            ],
            [
              84.03720474586711,
              27.44230332316645
            ],
            [
              84.03764223169868,
              27.442266487024185
            ],
            [
              84.03796146330625,
              27.442279488298354
            ],
            [
              84.03820998133129,
              27.442344260259876
            ],
            [
              84.03857238866634,
              27.442577626674595
            ],
            [
              84.03883973358313,
              27.442673526311143
            ],
            [
              84.03910801095113,
              27.442751245845542
            ],
            [
              84.03967638221793,
              27.44281689288753
            ],
            [
              84.03998257927074,
              27.442818129389657
            ],
            [
              84.04017313979026,
              27.442818898715583
            ],
            [
              84.04056649139193,
              27.44271346114946
            ],
            [
              84.04093884487382,
              27.44261931226559
            ],
            [
              84.04126703717637,
              27.44259016232942
            ],
            [
              84.04151803724653,
              27.442606449749594
            ],
            [
              84.04183541023977,
              27.44265580229218
            ],
            [
              84.04208733916796,
              27.44265390807337
            ],
            [
              84.0423874330667,
              27.442641830035946
            ],
            [
              84.0427844767442,
              27.442597261667792
            ],
            [
              84.04319171809676,
              27.44248631023789
            ],
            [
              84.04334114475945,
              27.442492389126844
            ],
            [
              84.04343189795935,
              27.44258109701978
            ],
            [
              84.0434797323499,
              27.442710563219403
            ],
            [
              84.04345745233422,
              27.44301328130043
            ],
            [
              84.04346228616876,
              27.443128000691196
            ],
            [
              84.04346975476203,
              27.443305259127495
            ],
            [
              84.04353951343543,
              27.443405255866722
            ],
            [
              84.04366980418591,
              27.443386265972254
            ],
            [
              84.0438396306904,
              27.443259582086288
            ],
            [
              84.0441196795819,
              27.44310701768183
            ],
            [
              84.04431450709905,
              27.44302385732064
            ],
            [
              84.04458497455971,
              27.442925554345635
            ],
            [
              84.04478349774593,
              27.44290326703222
            ],
            [
              84.04510704486015,
              27.44296500676986
            ],
            [
              84.04574796766254,
              27.443076087666398
            ],
            [
              84.04615395137371,
              27.44312296062374
            ],
            [
              84.04638457585662,
              27.443138411674486
            ],
            [
              84.0467961318175,
              27.44307620485877
            ],
            [
              84.04705856923788,
              27.44300186181238
            ],
            [
              84.04725616176944,
              27.442997751306617
            ],
            [
              84.04754760668865,
              27.443021744667806
            ],
            [
              84.04795020375121,
              27.443001677652795
            ],
            [
              84.04832409874216,
              27.442877212012267
            ],
            [
              84.04869027540813,
              27.44277064801686
            ],
            [
              84.04900981603618,
              27.442777564778112
            ],
            [
              84.04917559832525,
              27.44286324536467
            ],
            [
              84.04930465029896,
              27.44286849033173
            ],
            [
              84.04954701755925,
              27.44278725430206
            ],
            [
              84.04979339310232,
              27.44276083332643
            ],
            [
              84.0501428880535,
              27.442714311793562
            ],
            [
              84.0503676483342,
              27.44271130065689
            ],
            [
              84.05061803036347,
              27.442739693193015
            ],
            [
              84.0508745883103,
              27.442780478651002
            ],
            [
              84.0511187971169,
              27.44279647585167
            ],
            [
              84.05134356997404,
              27.442659869760273
            ],
            [
              84.05156277597138,
              27.442632340604035
            ],
            [
              84.0515624552728,
              27.442771995334375
            ],
            [
              84.05157322876798,
              27.44309427082057
            ],
            [
              84.05155653896836,
              27.44328791070326
            ],
            [
              84.05162692286916,
              27.443375784059313
            ],
            [
              84.05176770414556,
              27.443417938914074
            ],
            [
              84.05197580067774,
              27.44334137901472
            ],
            [
              84.05213171227847,
              27.443353784635075
            ],
            [
              84.05218944071355,
              27.44342292714847
            ],
            [
              84.05217893671296,
              27.443495369328964
            ],
            [
              84.05213106908472,
              27.44363309209266
            ],
            [
              84.05209554969838,
              27.443795604302217
            ],
            [
              84.05219186796148,
              27.443908820117784
            ],
            [
              84.052322156017,
              27.443889823932228
            ],
            [
              84.05249567369899,
              27.443824003734303
            ],
            [
              84.05258736384171,
              27.443894525145645
            ],
            [
              84.05262872497235,
              27.444017652700097
            ],
            [
              84.05268521642728,
              27.44411103426265
            ],
            [
              84.0527031198509,
              27.444160340690722
            ],
            [
              84.05271268331543,
              27.44423967115397
            ],
            [
              84.0527463243245,
              27.44438070303639
            ],
            [
              84.05282689242571,
              27.444535787275537
            ],
            [
              84.05280743222168,
              27.44465037274541
            ],
            [
              84.05269040509639,
              27.444809574218826
            ],
            [
              84.05258727221354,
              27.444963268312073
            ],
            [
              84.05266135717333,
              27.445112016285663
            ],
            [
              84.0527953489828,
              27.445153893844417
            ],
            [
              84.05289228618511,
              27.445254989059777
            ],
            [
              84.05293302837651,
              27.445390238274765
            ],
            [
              84.0529015298494,
              27.445473971640503
            ],
            [
              84.0527801836242,
              27.44558441862141
            ],
            [
              84.05279499504657,
              27.445694324187404
            ],
            [
              84.0528690809047,
              27.44584307276971
            ],
            [
              84.05304444642121,
              27.445874485116803
            ],
            [
              84.05314231068489,
              27.445957400978536
            ],
            [
              84.05308302457108,
              27.446052152092868
            ],
            [
              84.05296939756909,
              27.44614469566539
            ],
            [
              84.05295704034405,
              27.446253497342685
            ],
            [
              84.05303391008125,
              27.44634770530713
            ],
            [
              84.05312714802122,
              27.446387926605855
            ],
            [
              84.05317994111213,
              27.44642043415461
            ],
            [
              84.05318734143347,
              27.44654218291925
            ],
            [
              84.05327965141373,
              27.446600584331758
            ],
            [
              84.05339357665636,
              27.446635572708573
            ],
            [
              84.05348836239357,
              27.44664549467645
            ],
            [
              84.05353188756574,
              27.446726204104333
            ],
            [
              84.0536334645665,
              27.44673640269271
            ],
            [
              84.05371342810149,
              27.44677001186975
            ],
            [
              84.05371434617973,
              27.446885424903748
            ],
            [
              84.05378010465516,
              27.44693060299145
            ],
            [
              84.05392644829978,
              27.446997270352615
            ],
            [
              84.05392118057893,
              27.44723388028632
            ],
            [
              84.05399867015365,
              27.447315967636424
            ],
            [
              84.05429103674435,
              27.4475889552686
            ],
            [
              84.05429164580211,
              27.447710429306177
            ],
            [
              84.05407211191972,
              27.44787761263736
            ],
            [
              84.05407395795761,
              27.447974846151745
            ],
            [
              84.05410420872481,
              27.448048944298083
            ],
            [
              84.05420733442114,
              27.448028843121072
            ],
            [
              84.05437992863496,
              27.44798119897221
            ],
            [
              84.05452071709786,
              27.448023349675626
            ],
            [
              84.05459048655106,
              27.448123342138324
            ],
            [
              84.05452100725373,
              27.448284475770265
            ],
            [
              84.05431383059637,
              27.448342860316586
            ],
            [
              84.05409893471578,
              27.44841914729532
            ],
            [
              84.0540597151688,
              27.44852078638914
            ],
            [
              84.05419371057151,
              27.4485626618567
            ],
            [
              84.05436476058141,
              27.448545316650783
            ],
            [
              84.05454847683679,
              27.448413111781107
            ],
            [
              84.05471211484726,
              27.448407612774467
            ],
            [
              84.05478806111631,
              27.44852000036201
            ],
            [
              84.05474946140686,
              27.448609518133548
            ],
            [
              84.05458272959856,
              27.448675616085968
            ],
            [
              84.05447682361645,
              27.448750258239656
            ],
            [
              84.05448515189748,
              27.44885382701412
            ],
            [
              84.0546389084398,
              27.448908648639613
            ],
            [
              84.05480502041058,
              27.448854669639037
            ],
            [
              84.05495137393666,
              27.44878774431504
            ],
            [
              84.05507919521843,
              27.44881722424287
            ],
            [
              84.05507363105357,
              27.44892630070455
            ],
            [
              84.0549207952844,
              27.448986892314714
            ],
            [
              84.05472257303381,
              27.449003133351006
            ],
            [
              84.05474479825223,
              27.44910119334979
            ],
            [
              84.05487817471574,
              27.449155188970558
            ],
            [
              84.05506898586525,
              27.449150790910927
            ],
            [
              84.05517426572158,
              27.449221862959092
            ],
            [
              84.05513844809457,
              27.44925684332981
            ],
            [
              84.05495566698539,
              27.44923727568806
            ],
            [
              84.05490410099314,
              27.44931412406155
            ],
            [
              84.05496337812382,
              27.449352965951455
            ],
            [
              84.05516560955552,
              27.449391538380333
            ],
            [
              84.05524495684624,
              27.44943726788815
            ],
            [
              84.05516097335033,
              27.44948243616173
            ],
            [
              84.05502542925204,
              27.449470861095858
            ],
            [
              84.05493527073686,
              27.449503634791597
            ],
            [
              84.05498559256247,
              27.449584618749782
            ],
            [
              84.0551723846494,
              27.449658998813465
            ],
            [
              84.05534899343425,
              27.449666170240285
            ],
            [
              84.05540086126042,
              27.449716854899687
            ],
            [
              84.05537646391562,
              27.44979480623416
            ],
            [
              84.05523597459172,
              27.449880187212084
            ],
            [
              84.05529432735595,
              27.4499372093346
            ],
            [
              84.05550242478647,
              27.449994237007846
            ],
            [
              84.05565402627042,
              27.44995788492871
            ],
            [
              84.05575436898597,
              27.44999232139125
            ],
            [
              84.05573799359665,
              27.4501799001964
            ],
            [
              84.05586303638925,
              27.45026391690954
            ],
            [
              84.05603501525714,
              27.450228392387384
            ],
            [
              84.05611930058701,
              27.45031075492586
            ],
            [
              84.0562289031365,
              27.450430579801836
            ],
            [
              84.05640303885939,
              27.45048622810979
            ],
            [
              84.05662472420687,
              27.450543806345845
            ],
            [
              84.05672445067815,
              27.450590361246956
            ],
            [
              84.05693502296727,
              27.450598907736158
            ],
            [
              84.0570656281281,
              27.450573847014066
            ],
            [
              84.05723853495567,
              27.450520142258842
            ],
            [
              84.05742594777846,
              27.450582399084762
            ],
            [
              84.05744786577309,
              27.45068651937637
            ],
            [
              84.0575222696348,
              27.450829205118435
            ],
            [
              84.05773191486256,
              27.450855930275303
            ],
            [
              84.05780169240056,
              27.4509559201702
            ],
            [
              84.05783750373935,
              27.451054531668497
            ],
            [
              84.0579412420867,
              27.451155899688064
            ],
            [
              84.0579097462545,
              27.45123963505458
            ],
            [
              84.05794463143025,
              27.451356425700045
            ],
            [
              84.05806411185463,
              27.451549519370364
            ],
            [
              84.05803199798152,
              27.451645375335126
            ],
            [
              84.05808077829808,
              27.451756656348167
            ],
            [
              84.05826355940725,
              27.45190981064856
            ],
            [
              84.05837563591706,
              27.45198115673719
            ],
            [
              84.05846949908445,
              27.452009254328846
            ],
            [
              84.0584772129178,
              27.452124943279042
            ],
            [
              84.05857632404309,
              27.452183615959203
            ],
            [
              84.05860688922061,
              27.45225165205918
            ],
            [
              84.05870970230322,
              27.452371199009196
            ],
            [
              84.05884185076974,
              27.45244942986497
            ],
            [
              84.0593911373283,
              27.452489935118884
            ],
            [
              84.05991449042294,
              27.45250509389464
            ],
            [
              84.06028407709375,
              27.45259902867463
            ],
            [
              84.06047705228477,
              27.452685796927554
            ],
            [
              84.06070831636814,
              27.45268910592889
            ],
            [
              84.06103684014901,
              27.452653851627222
            ],
            [
              84.06115633135316,
              27.45271334988114
            ],
            [
              84.0612696448431,
              27.45289404539842
            ],
            [
              84.06136196111161,
              27.453219625807954
            ],
            [
              84.06132521732154,
              27.453406378854442
            ],
            [
              84.06121467513424,
              27.453705514685574
            ],
            [
              84.06101768267727,
              27.453697524848046
            ],
            [
              84.06078363740977,
              27.453748755296893
            ],
            [
              84.06050389394548,
              27.453895289697954
            ],
            [
              84.06033622968589,
              27.454113166222314
            ],
            [
              84.06013923004241,
              27.454372359967408
            ],
            [
              84.06018986717666,
              27.454447282049422
            ],
            [
              84.06030719703422,
              27.454549200168678
            ],
            [
              84.06073730769734,
              27.45465773209271
            ],
            [
              84.06119428517393,
              27.45477342464178
            ],
            [
              84.06147001496554,
              27.45483925982904
            ],
            [
              84.06156727376474,
              27.455067882333363
            ],
            [
              84.0616734887673,
              27.455387952883708
            ],
            [
              84.06163766934364,
              27.45569011803624
            ],
            [
              84.06173493083777,
              27.45591874116797
            ],
            [
              84.06194983300657,
              27.456243218982618
            ],
            [
              84.06206129866197,
              27.456460272215182
            ],
            [
              84.06212366959046,
              27.456572103968977
            ],
            [
              84.06209618922762,
              27.456710653767608
            ],
            [
              84.0619405668844,
              27.4568257901591
            ],
            [
              84.06174078785341,
              27.457005932109233
            ],
            [
              84.06157281367508,
              27.457096276786647
            ],
            [
              84.06136686142148,
              27.457130432026307
            ],
            [
              84.06124520437916,
              27.457113352016442
            ],
            [
              84.06114793929177,
              27.457285506310573
            ],
            [
              84.06094476283238,
              27.45739871306278
            ],
            [
              84.06047603718852,
              27.457646885254082
            ],
            [
              84.06012680364707,
              27.457954553907154
            ],
            [
              84.06007091136843,
              27.45811623992681
            ],
            [
              84.05994801465101,
              27.45825699181476
            ],
            [
              84.05990941314494,
              27.45848010394597
            ],
            [
              84.05996251615466,
              27.458773732306593
            ],
            [
              84.05986246269661,
              27.459134014330342
            ],
            [
              84.05964630737803,
              27.459501730604035
            ],
            [
              84.05964784619209,
              27.459738615814718
            ],
            [
              84.05976332731683,
              27.459876892212733
            ],
            [
              84.05986367362563,
              27.46017850781625
            ],
            [
              84.06000261784726,
              27.460524196708295
            ],
            [
              84.05996031079061,
              27.460686433741138
            ],
            [
              84.05967807809468,
              27.460881445632275
            ],
            [
              84.05944308690118,
              27.461084444090062
            ],
            [
              84.05932142177403,
              27.461200955687655
            ],
            [
              84.05911946971838,
              27.461423511866208
            ],
            [
              84.05908457196621,
              27.461573905159682
            ],
            [
              84.05919542317397,
              27.461669487775872
            ],
            [
              84.05941435069357,
              27.46178159880799
            ],
            [
              84.059677745718,
              27.461822645844588
            ],
            [
              84.05988988287234,
              27.46180089002437
            ],
            [
              84.06004551419869,
              27.46168575563971
            ],
            [
              84.06014710467416,
              27.461695949656356
            ],
            [
              84.0602808054295,
              27.461877471385314
            ],
            [
              84.06057970456892,
              27.462290368637422
            ],
            [
              84.06069796777606,
              27.462507699308066
            ],
            [
              84.0607742347437,
              27.46274761335933
            ],
            [
              84.06083936529674,
              27.462832887861364
            ],
            [
              84.06092739121145,
              27.46294814061047
            ],
            [
              84.06111636710281,
              27.463247276859576
            ],
            [
              84.06127466103565,
              27.46352271034925
            ],
            [
              84.06129144875167,
              27.463551921707793
            ],
            [
              84.0616141325849,
              27.463898986935213
            ],
            [
              84.06186703259188,
              27.46414606286418
            ],
            [
              84.0619562290114,
              27.464154526204066
            ],
            [
              84.0623141663296,
              27.464188483973885
            ],
            [
              84.06240464284839,
              27.464283236960522
            ],
            [
              84.06234319089643,
              27.464954775177052
            ],
            [
              84.06229995857508,
              27.46526878323143
            ],
            [
              84.06212703198456,
              27.465589677824656
            ],
            [
              84.06186424242462,
              27.466070879672795
            ],
            [
              84.0616162732702,
              27.466528394059885
            ],
            [
              84.0616557982444,
              27.466687877194108
            ],
            [
              84.06177808231078,
              27.466692835682
            ],
            [
              84.06198652289773,
              27.466743793875928
            ],
            [
              84.06217674385407,
              27.466751507783787
            ],
            [
              84.06240309415284,
              27.466851771001334
            ],
            [
              84.0625772577235,
              27.466907411021996
            ],
            [
              84.0628344894068,
              27.46706964822525
            ],
            [
              84.06305991533915,
              27.46745527167506
            ],
            [
              84.06335636836604,
              27.46778305038719
            ],
            [
              84.06358859005351,
              27.46803535739482
            ],
            [
              84.06375411183113,
              27.46826067110071
            ],
            [
              84.06390543034581,
              27.468631144188333
            ],
            [
              84.0640629220831,
              27.468746829247696
            ],
            [
              84.06424573463332,
              27.468766384659865
            ],
            [
              84.06457553941178,
              27.468706883910144
            ],
            [
              84.06514219309973,
              27.468541608397814
            ],
            [
              84.06542568074217,
              27.468723119650782
            ],
            [
              84.06574159127813,
              27.46880271778553
            ],
            [
              84.06603743255232,
              27.469009019732017
            ],
            [
              84.06630023828194,
              27.46932935587125
            ],
            [
              84.06637868635907,
              27.46966043989283
            ],
            [
              84.06641668509559,
              27.470117402977134
            ],
            [
              84.06651180231115,
              27.4702548470086
            ],
            [
              84.06672701170376,
              27.470592183327184
            ],
            [
              84.0667702898392,
              27.470660019969017
            ],
            [
              84.06681878269487,
              27.4709109487088
            ],
            [
              84.06704360226439,
              27.471041503861304
            ],
            [
              84.06710753356656,
              27.471256623868967
            ],
            [
              84.06713133083673,
              27.471725154659477
            ],
            [
              84.06729686878403,
              27.47208405377002
            ],
            [
              84.06728390968773,
              27.47233856663426
            ],
            [
              84.06719034925257,
              27.472571594606933
            ],
            [
              84.06718510309132,
              27.472674611789106
            ],
            [
              84.06741517780526,
              27.47283573982905
            ],
            [
              84.06801953827728,
              27.47299988431916
            ],
            [
              84.06827371928186,
              27.473489890232436
            ],
            [
              84.06830584393472,
              27.473661214772257
            ],
            [
              84.06825829161517,
              27.4737928792854
            ],
            [
              84.0678018755856,
              27.47419945311883
            ],
            [
              84.06775312491345,
              27.4751568987304
            ],
            [
              84.06769105941216,
              27.475306193357838
            ],
            [
              84.06767007117388,
              27.4755846683188
            ],
            [
              84.06798385899083,
              27.476107449246445
            ],
            [
              84.06797583703535,
              27.476265003358023
            ],
            [
              84.06817721416921,
              27.47672250969419
            ],
            [
              84.06829457995939,
              27.476958008603873
            ],
            [
              84.06831033461285,
              27.477049731645977
            ],
            [
              84.06822913230106,
              27.477441141304464
            ],
            [
              84.06821525961811,
              27.477981010923433
            ],
            [
              84.0683860625913,
              27.478370482225493
            ],
            [
              84.06871900518506,
              27.47878473629297
            ],
            [
              84.0690291674015,
              27.479112308363593
            ],
            [
              84.06911958283486,
              27.47920780005764
            ],
            [
              84.06920823397698,
              27.479472497605425
            ],
            [
              84.06934537078824,
              27.47972094206928
            ],
            [
              84.06936051728228,
              27.47995837277714
            ],
            [
              84.06944485830766,
              27.480441497101392
            ],
            [
              84.06948532381794,
              27.480582798272643
            ],
            [
              84.06969225703185,
              27.480797634266036
            ],
            [
              84.06992481918081,
              27.480910278925553
            ],
            [
              84.07006966982543,
              27.481007228281683
            ],
            [
              84.07024139985998,
              27.481244927977453
            ],
            [
              84.0704322711966,
              27.481374100130775
            ],
            [
              84.07066451713858,
              27.481359213100216
            ],
            [
              84.07082855400103,
              27.48155669800386
            ],
            [
              84.07118654791311,
              27.481618322854832
            ],
            [
              84.07168699127307,
              27.48158351931476
            ],
            [
              84.07182667390988,
              27.481525001748885
            ],
            [
              84.07184363140748,
              27.481333178324846
            ],
            [
              84.0718334948178,
              27.481108171079633
            ],
            [
              84.07250350237413,
              27.480666846008287
            ],
            [
              84.07274598911037,
              27.480567570037984
            ],
            [
              84.07323980829342,
              27.480760814968423
            ],
            [
              84.07376462923521,
              27.480910391296003
            ],
            [
              84.07388669411267,
              27.48091533001701
            ],
            [
              84.07416474065941,
              27.48068273331119
            ],
            [
              84.0743158372902,
              27.48054125534383
            ],
            [
              84.0744783613897,
              27.480457993311788
            ],
            [
              84.07454168093913,
              27.480486223112557
            ],
            [
              84.07452798612262,
              27.480614010249667
            ],
            [
              84.07459001838626,
              27.480809029915832
            ],
            [
              84.07477805104658,
              27.481214493206757
            ],
            [
              84.07472882426732,
              27.48175794733304
            ],
            [
              84.07456341028754,
              27.48232237034376
            ],
            [
              84.07452687131335,
              27.482474901206572
            ],
            [
              84.07463719610836,
              27.48256920174584
            ],
            [
              84.0750331079086,
              27.482707141083374
            ],
            [
              84.07536341933685,
              27.482861678106847
            ],
            [
              84.07581317705355,
              27.482931207065164
            ],
            [
              84.07610952677418,
              27.48290469131011
            ],
            [
              84.07644633571691,
              27.482789972661642
            ],
            [
              84.07677630758204,
              27.482809735176613
            ],
            [
              84.07706549323828,
              27.482924103151383
            ],
            [
              84.0774056097779,
              27.483168869137664
            ],
            [
              84.07767262411465,
              27.483436347237504
            ],
            [
              84.07770984580846,
              27.483553357993113
            ],
            [
              84.07751765843992,
              27.48393702386988
            ],
            [
              84.07773896739333,
              27.484112814896733
            ],
            [
              84.07797789320776,
              27.48422514695725
            ],
            [
              84.07853402403047,
              27.484042288129896
            ],
            [
              84.0790085635709,
              27.48390746487422
            ],
            [
              84.07923018244306,
              27.483935673867638
            ],
            [
              84.07946618064798,
              27.484105640132345
            ],
            [
              84.07948653198073,
              27.48413016167882
            ],
            [
              84.07964245705618,
              27.48431811034522
            ],
            [
              84.07979129442406,
              27.48436262837779
            ],
            [
              84.07999234816438,
              27.48437075386116
            ],
            [
              84.08036279182801,
              27.484194818204752
            ],
            [
              84.08055270735717,
              27.48410463839079
            ],
            [
              84.08092311778312,
              27.48389501281321
            ],
            [
              84.08127849310613,
              27.483556438941562
            ],
            [
              84.08187637223338,
              27.483259748631177
            ],
            [
              84.08259238880363,
              27.482903659273966
            ],
            [
              84.08285348503927,
              27.482862871922094
            ],
            [
              84.08325298381241,
              27.482930347168086
            ],
            [
              84.08375303640523,
              27.483143056338594
            ],
            [
              84.08413720003816,
              27.48322916060841
            ],
            [
              84.08462254092153,
              27.483306516842468
            ],
            [
              84.08490780722822,
              27.483356539719967
            ],
            [
              84.08496852884984,
              27.483435997382934
            ],
            [
              84.08493073043763,
              27.483755319320018
            ],
            [
              84.08491509615843,
              27.483921529923713
            ],
            [
              84.08504374658521,
              27.484221906641615
            ],
            [
              84.08534180579986,
              27.484586878269614
            ],
            [
              84.08545279265321,
              27.484668361628703
            ],
            [
              84.0856655783912,
              27.484587117347708
            ],
            [
              84.08605462616433,
              27.48457715894818
            ],
            [
              84.0861336123323,
              27.484580349046972
            ],
            [
              84.0864557877191,
              27.4847537809438
            ],
            [
              84.08660823182281,
              27.484869025111127
            ],
            [
              84.08690295918605,
              27.48487450715742
            ],
            [
              84.08712555542525,
              27.4848834940787
            ],
            [
              84.08760603013475,
              27.485056896012004
            ],
            [
              84.08802773077015,
              27.48511242084893
            ],
            [
              84.08825425803703,
              27.485185733768887
            ],
            [
              84.08851022129915,
              27.48552974719034
            ],
            [
              84.08872696860752,
              27.48565400210864
            ],
            [
              84.08914932321645,
              27.485696715376825
            ],
            [
              84.08923451494641,
              27.48571940365597
            ],
            [
              84.08950416044864,
              27.48593562662636
            ],
            [
              84.08965014476715,
              27.48632012016753
            ],
            [
              84.08988947931503,
              27.48670837936751
            ],
            [
              84.09016829032805,
              27.487027644002243
            ],
            [
              84.09022739408385,
              27.487139115616213
            ],
            [
              84.09027086895034,
              27.487416799618273
            ],
            [
              84.09025296822169,
              27.487627836983318
            ],
            [
              84.09034764975434,
              27.487747163073504
            ],
            [
              84.09064205911396,
              27.48775904172502
            ],
            [
              84.09092766318719,
              27.487802648302686
            ],
            [
              84.09113528810386,
              27.487965031650795
            ],
            [
              84.09120034319842,
              27.48838475939704
            ],
            [
              84.09116097093785,
              27.48887727563252
            ],
            [
              84.09130920284119,
              27.489075763893023
            ],
            [
              84.09158275781151,
              27.489215138255325
            ],
            [
              84.09180406317165,
              27.489249732988416
            ],
            [
              84.09248753916904,
              27.4892516327818
            ],
            [
              84.09279108080186,
              27.48922537435124
            ],
            [
              84.09312760408032,
              27.489258195197007
            ],
            [
              84.09341021406871,
              27.489077084347134
            ],
            [
              84.09390467824211,
              27.48897510093562
            ],
            [
              84.094201000115,
              27.488807374292936
            ],
            [
              84.09441021594805,
              27.48879655961133
            ],
            [
              84.09452153787302,
              27.488871633609453
            ],
            [
              84.09483785624408,
              27.48901914293324
            ],
            [
              84.09488325260698,
              27.489117227100902
            ],
            [
              84.09493724584715,
              27.489613509352747
            ],
            [
              84.0949092498513,
              27.489881890612892
            ],
            [
              84.09495923031709,
              27.490031495991385
            ],
            [
              84.09516783888898,
              27.490174662323817
            ],
            [
              84.09517505775062,
              27.490316124728942
            ],
            [
              84.09498186426897,
              27.490436675905247
            ],
            [
              84.09489216209799,
              27.490644818781544
            ],
            [
              84.09487491803776,
              27.490843049650607
            ],
            [
              84.09495918001144,
              27.491026120312153
            ],
            [
              84.09545084772935,
              27.491405288874752
            ],
            [
              84.0959627625755,
              27.49181094026431
            ],
            [
              84.09599032558334,
              27.491841929121936
            ],
            [
              84.09609891842648,
              27.49196401818742
            ],
            [
              84.09614468130201,
              27.492196872363458
            ],
            [
              84.09628874771738,
              27.492619778625777
            ],
            [
              84.09635540630471,
              27.49286630884147
            ],
            [
              84.09628331201158,
              27.493010992705045
            ],
            [
              84.09618638918231,
              27.49307767283634
            ],
            [
              84.09618578012454,
              27.493231654236165
            ],
            [
              84.09635228196416,
              27.493353869258737
            ],
            [
              84.09642056470553,
              27.49356837992231
            ],
            [
              84.09642194541613,
              27.493825112604636
            ],
            [
              84.09649740839158,
              27.49403991320338
            ],
            [
              84.09655554556012,
              27.49417059473774
            ],
            [
              84.09648410164728,
              27.494302470605074
            ],
            [
              84.09635617975417,
              27.494412819256215
            ],
            [
              84.09626156918846,
              27.49457584627677
            ],
            [
              84.09621495201509,
              27.494785725639627
            ],
            [
              84.09625816098027,
              27.495210983024162
            ],
            [
              84.09631407032693,
              27.495527666718004
            ],
            [
              84.09645254203471,
              27.49577709014456
            ],
            [
              84.09656581779541,
              27.495813740271466
            ],
            [
              84.0968811426298,
              27.495839282360357
            ],
            [
              84.09697648711912,
              27.495945794257363
            ],
            [
              84.09695401127071,
              27.496105312099203
            ],
            [
              84.09691879641326,
              27.496232230881354
            ],
            [
              84.09703345468115,
              27.496525612022385
            ],
            [
              84.09727802730548,
              27.496811396120638
            ],
            [
              84.09749874067583,
              27.49699996300237
            ],
            [
              84.09757254356464,
              27.49710560681841
            ],
            [
              84.09756183474813,
              27.497316933988053
            ],
            [
              84.09747996229315,
              27.497512559151076
            ],
            [
              84.09752897706998,
              27.497681373754364
            ],
            [
              84.09774348487838,
              27.49785043989732
            ],
            [
              84.09777781220033,
              27.498025079604442
            ],
            [
              84.09770511064607,
              27.49832374530836
            ],
            [
              84.09761980842332,
              27.49897749732138
            ],
            [
              84.09761099056047,
              27.49904506229556
            ],
            [
              84.09753893579322,
              27.499330920331495
            ],
            [
              84.09764313138304,
              27.49954687513585
            ],
            [
              84.09779787786883,
              27.49961727962045
            ],
            [
              84.0977986117924,
              27.49988681896917
            ],
            [
              84.09777163718105,
              27.500277163397776
            ],
            [
              84.09788232220048,
              27.500365043113796
            ],
            [
              84.09803131587518,
              27.50083306203717
            ],
            [
              84.09825171573351,
              27.50102803075577
            ],
            [
              84.09839960807368,
              27.501091741907075
            ],
            [
              84.09839214576863,
              27.50123902928164
            ],
            [
              84.0982831666499,
              27.501401478070296
            ],
            [
              84.09826489761197,
              27.50141634964236
            ],
            [
              84.09796040556158,
              27.501664401175663
            ],
            [
              84.09816922074602,
              27.50184678612158
            ],
            [
              84.0982222752467,
              27.50189312572679
            ],
            [
              84.09847988242576,
              27.502063927206194
            ],
            [
              84.09850298529825,
              27.502077217040036
            ],
            [
              84.09856378956489,
              27.50211221888024
            ],
            [
              84.09856441658897,
              27.50211405789484
            ],
            [
              84.09863893812998,
              27.502333414348747
            ],
            [
              84.09867763934906,
              27.502503807184624
            ],
            [
              84.09869189201935,
              27.502566555747848
            ],
            [
              84.09868785858374,
              27.502590351285132
            ],
            [
              84.09867136371847,
              27.502687661624748
            ],
            [
              84.09843936840647,
              27.50300557636736
            ],
            [
              84.09817234867984,
              27.50302048676553
            ],
            [
              84.09795689943704,
              27.503011805699757
            ],
            [
              84.09789619937497,
              27.50307352929739
            ],
            [
              84.0978841933912,
              27.503310469823735
            ],
            [
              84.09788233118363,
              27.50338285431657
            ],
            [
              84.09787677330696,
              27.503598931047012
            ],
            [
              84.09788602864934,
              27.503656224965837
            ],
            [
              84.09789868591167,
              27.50373456761469
            ],
            [
              84.09796924678062,
              27.503904250734188
            ],
            [
              84.09796308164283,
              27.50402592404432
            ],
            [
              84.09779632198676,
              27.504192460210497
            ],
            [
              84.09733316320266,
              27.504385556113593
            ],
            [
              84.09719902496782,
              27.504476403752793
            ],
            [
              84.0971341899605,
              27.50490372161868
            ],
            [
              84.09725307659846,
              27.505113853786785
            ],
            [
              84.09745583174798,
              27.505231110018602
            ],
            [
              84.09774801418403,
              27.505287799927373
            ],
            [
              84.09792755776492,
              27.505295033866446
            ],
            [
              84.0981912950475,
              27.50520299014298
            ],
            [
              84.09847008719592,
              27.505239888912897
            ],
            [
              84.09867576276842,
              27.50529950936307
            ],
            [
              84.09868335712585,
              27.505575741250773
            ],
            [
              84.09867533337372,
              27.50601818235835
            ],
            [
              84.09862778824068,
              27.506388443988275
            ],
            [
              84.09866281085867,
              27.506691449295424
            ],
            [
              84.09868245342068,
              27.506871912078765
            ],
            [
              84.09876030501646,
              27.506965026055116
            ],
            [
              84.098804589265,
              27.50701800374124
            ],
            [
              84.09878317522526,
              27.507440654666183
            ],
            [
              84.09874045224868,
              27.507573686668863
            ],
            [
              84.09869057868242,
              27.507634265153666
            ],
            [
              84.09860241622378,
              27.507741382327858
            ],
            [
              84.09842291127045,
              27.507875322271488
            ],
            [
              84.0985274392369,
              27.50808487270957
            ],
            [
              84.09863654591638,
              27.508152817722465
            ],
            [
              84.09873673412173,
              27.508215225240004
            ],
            [
              84.09888333737943,
              27.5083045487116
            ],
            [
              84.099029336071,
              27.508547854392777
            ],
            [
              84.09910652471008,
              27.509012978182405
            ],
            [
              84.0992666089853,
              27.509404436759283
            ],
            [
              84.09933819393368,
              27.509696079345737
            ],
            [
              84.09959456772587,
              27.510033663745105
            ],
            [
              84.09980001871955,
              27.510382031784697
            ],
            [
              84.09985423294526,
              27.51044838428972
            ],
            [
              84.09973250493606,
              27.51057823526142
            ],
            [
              84.09945309564502,
              27.510695319151743
            ],
            [
              84.09922164830535,
              27.51087329114309
            ],
            [
              84.09918350763502,
              27.51090262060899
            ],
            [
              84.0992015161615,
              27.511049107677323
            ],
            [
              84.09921918242989,
              27.511192829882507
            ],
            [
              84.09919239107485,
              27.51161793702705
            ],
            [
              84.09918949939795,
              27.511663828738246
            ],
            [
              84.09918247457243,
              27.511775284168493
            ],
            [
              84.09909670163246,
              27.51204775437924
            ],
            [
              84.09908194141403,
              27.512225998256707
            ],
            [
              84.09908050770287,
              27.512243293602026
            ],
            [
              84.09905962636405,
              27.5124954389998
            ],
            [
              84.09909530115895,
              27.51278563530742
            ],
            [
              84.09902254929904,
              27.51294312578203
            ],
            [
              84.09897597434647,
              27.513294176722276
            ],
            [
              84.0989756392749,
              27.513300803035033
            ],
            [
              84.09897078298246,
              27.51339663634724
            ],
            [
              84.09878834862297,
              27.51358821030206
            ],
            [
              84.09860572741391,
              27.5137007250085
            ],
            [
              84.09860262642957,
              27.513702636330603
            ],
            [
              84.09860221140791,
              27.5137108178086
            ],
            [
              84.09858088540305,
              27.5141317022041
            ],
            [
              84.09855873294816,
              27.51428481281943
            ],
            [
              84.09849904528741,
              27.514468497792556
            ],
            [
              84.0981613020968,
              27.514683445326956
            ],
            [
              84.09811976489638,
              27.514709892081047
            ],
            [
              84.09794543962897,
              27.5147413716374
            ],
            [
              84.09762398199611,
              27.51511984822302
            ],
            [
              84.0974585482534,
              27.515401940706077
            ],
            [
              84.09750802027271,
              27.51598786623311
            ],
            [
              84.09755509379026,
              27.5161951019477
            ],
            [
              84.09761523420187,
              27.51642853105988
            ],
            [
              84.09764441597387,
              27.51684680066557
            ],
            [
              84.09767079230726,
              27.51697080592196
            ],
            [
              84.09769672756782,
              27.517092747607265
            ],
            [
              84.09804741638001,
              27.517273712770685
            ],
            [
              84.09847220362674,
              27.517412743106803
            ],
            [
              84.09888911534337,
              27.517423119984315
            ],
            [
              84.09911761531059,
              27.517316820877596
            ],
            [
              84.09924036739923,
              27.517308929663002
            ],
            [
              84.09965667544797,
              27.51747328430609
            ],
            [
              84.09981371712932,
              27.51749885881197
            ],
            [
              84.0998446317515,
              27.51749573021551
            ],
            [
              84.10013202077721,
              27.5174667586275
            ],
            [
              84.10032465191347,
              27.517500183705202
            ],
            [
              84.10043892480414,
              27.517517619235118
            ],
            [
              84.10098493969844,
              27.517963114609405
            ],
            [
              84.1011003417714,
              27.518075732393026
            ],
            [
              84.1012661267554,
              27.51823752614674
            ],
            [
              84.10168146911522,
              27.518421084219753
            ],
            [
              84.10193749615773,
              27.51862389695956
            ],
            [
              84.10212035272538,
              27.518708259020613
            ],
            [
              84.10224899057577,
              27.518726271951827
            ],
            [
              84.10241969473424,
              27.51878048121714
            ],
            [
              84.10259607714366,
              27.51883649493366
            ],
            [
              84.10273127628885,
              27.518960000819508
            ],
            [
              84.10273131042484,
              27.51896002471987
            ],
            [
              84.10291939339082,
              27.519131848131167
            ],
            [
              84.10324854778904,
              27.5193119327996
            ],
            [
              84.10334131770675,
              27.51934630536013
            ],
            [
              84.10338710932835,
              27.519363271355672
            ],
            [
              84.10351065732434,
              27.519409044317552
            ],
            [
              84.1035593990133,
              27.519427112104548
            ],
            [
              84.10359023099049,
              27.51945488418107
            ],
            [
              84.10359026782145,
              27.51945491126799
            ],
            [
              84.1037383676724,
              27.519588318315122
            ],
            [
              84.10385301605886,
              27.519740518704594
            ],
            [
              84.10390404396026,
              27.520012077710096
            ],
            [
              84.10407815093707,
              27.520269340624626
            ],
            [
              84.10423883888014,
              27.52039388694267
            ],
            [
              84.1042904821275,
              27.520433913910395
            ],
            [
              84.10447983710795,
              27.52058067827191
            ],
            [
              84.10473787098678,
              27.52088623284968
            ],
            [
              84.10498148780363,
              27.521050038025834
            ],
            [
              84.1052942892704,
              27.521126790896847
            ],
            [
              84.10548356160581,
              27.521054168723115
            ],
            [
              84.10553650830867,
              27.52103386736024
            ],
            [
              84.1058114511761,
              27.52114759732643
            ],
            [
              84.10599950090439,
              27.52112949636228
            ],
            [
              84.10622767657983,
              27.521029587686204
            ],
            [
              84.1065560880713,
              27.52094013114808
            ],
            [
              84.10678767644647,
              27.521044686840717
            ],
            [
              84.10688360124747,
              27.52108799502515
            ],
            [
              84.10691495694246,
              27.521102150923173
            ],
            [
              84.10718660658607,
              27.52113874401866
            ],
            [
              84.10756988627675,
              27.52110282489969
            ],
            [
              84.10772040169756,
              27.521115295058017
            ],
            [
              84.10814753714043,
              27.521350644036172
            ],
            [
              84.10825947620799,
              27.521426315629473
            ],
            [
              84.10855118343525,
              27.521623547012247
            ],
            [
              84.1087089365823,
              27.521777474925372
            ],
            [
              84.10880490629904,
              27.521729999694504
            ],
            [
              84.10895557712837,
              27.521312550101815
            ],
            [
              84.10902228422476,
              27.52119444663251
            ],
            [
              84.10906470267248,
              27.52111934369662
            ]
          ]
        ]
      }
    }
  ]
}