{
  "type": "FeatureCollection",
  "features": [
    {
      "type": "Feature",
      "properties": {
        "object_id": "10-226-01360",
        "stname": "BIHAR",
        "dtname": "Munger",
        "sdtname": "Kharagpur",
        "st_area_sh": 0.0,
        "st_length_": 0.0,
        "remarks": "",
        "dist_lgd": 207,
        "state_lgd": 10,
        "subdt_lgd": 1360,
        "ac_no": null,
        "st_length(shape)": 169586.30903503796,
        "st_area(shape)": 398589433.5102216
      },
      "geometry": {
        "type": "Polygon",
        "coordinates": [
          [
            [
              86.55376202531278,
              25.277908624891168
            ],
            [
              86.55331652740719,
              25.27686243920874
            ],
            [
              86.55336384167322,
              25.276200731201353
            ],
            [
              86.55301204164502,
              25.275688265315527
            ],
            [
              86.55315352899723,
              25.2746423196195
            ],
            [
              86.55371709697219,
              25.27427973066462
            ],
            [
              86.55376219419607,
              25.27427212325549
            ],
            [
              86.55472669285875,
              25.27410939363365
            ],
            [
              86.55604145363385,
              25.274003272318286
            ],
            [
              86.55620537910522,
              25.27483593292571
            ],
            [
              86.55667427902226,
              25.275924805234595
            ],
            [
              86.55688531484209,
              25.276394488236722
            ],
            [
              86.55747195874004,
              25.276842990973666
            ],
            [
              86.55827019631162,
              25.276843396314515
            ],
            [
              86.55939706097034,
              25.276822562281666
            ],
            [
              86.56040666943333,
              25.276652185767844
            ],
            [
              86.56132232310073,
              25.276673965355734
            ],
            [
              86.5617686753042,
              25.276119097211275
            ],
            [
              86.56151078964734,
              25.2754145777382
            ],
            [
              86.56125316180703,
              25.274197753393803
            ],
            [
              86.56101886411294,
              25.273343755819294
            ],
            [
              86.56083140457777,
              25.272639264099396
            ],
            [
              86.56026818335249,
              25.272169439837967
            ],
            [
              86.55942330704801,
              25.271699408235502
            ],
            [
              86.5594470162833,
              25.271293823719088
            ],
            [
              86.55925941840755,
              25.270824125037
            ],
            [
              86.55929345377704,
              25.270810436996772
            ],
            [
              86.5609030829509,
              25.270163107908616
            ],
            [
              86.56149003317441,
              25.270163407666118
            ],
            [
              86.56167758613437,
              25.270675818897395
            ],
            [
              86.56222744581808,
              25.27107723571296
            ],
            [
              86.56397796406615,
              25.271082325865766
            ],
            [
              86.56552736209852,
              25.27106160863384
            ],
            [
              86.56580885278608,
              25.271723477075653
            ],
            [
              86.56639561885493,
              25.27200117699495
            ],
            [
              86.56717005915631,
              25.2725137697414
            ],
            [
              86.56731041912282,
              25.273346351212652
            ],
            [
              86.56780451588531,
              25.27322077960209
            ],
            [
              86.567850883327,
              25.272343280761778
            ],
            [
              86.5679913717526,
              25.272232111663868
            ],
            [
              86.56857892474565,
              25.27176718098863
            ],
            [
              86.56911896943659,
              25.271468582219192
            ],
            [
              86.57064522686723,
              25.270743356641454
            ],
            [
              86.5716313848097,
              25.27044487070668
            ],
            [
              86.57188955433418,
              25.27048761163439
            ],
            [
              86.5719525226423,
              25.27035182907984
            ],
            [
              86.57207758879112,
              25.27008214085942
            ],
            [
              86.57188989030409,
              25.26974051163251
            ],
            [
              86.57036402723384,
              25.269569193404575
            ],
            [
              86.56890840882555,
              25.26995290378699
            ],
            [
              86.56841560294217,
              25.269589786600946
            ],
            [
              86.56848610362397,
              25.26931239310921
            ],
            [
              86.56787591218746,
              25.26894929431597
            ],
            [
              86.56757113626941,
              25.26815930663569
            ],
            [
              86.56726629207944,
              25.267305382740687
            ],
            [
              86.56682098012512,
              25.265960413718002
            ],
            [
              86.5662583679576,
              25.26423111761845
            ],
            [
              86.56576616843705,
              25.262672613275946
            ],
            [
              86.56560672825388,
              25.26205332889406
            ],
            [
              86.56532096697548,
              25.260943387333455
            ],
            [
              86.56530237544237,
              25.260817382061898
            ],
            [
              86.56515718972616,
              25.259833313763778
            ],
            [
              86.56508719479585,
              25.258936729314044
            ],
            [
              86.56539254922892,
              25.258381884077153
            ],
            [
              86.56600319790792,
              25.257677667059806
            ],
            [
              86.56656669222102,
              25.25744308205103
            ],
            [
              86.56736513101521,
              25.256845700383384
            ],
            [
              86.56811644329127,
              25.25629098208346
            ],
            [
              86.56929027187306,
              25.25599260685599
            ],
            [
              86.57062833943822,
              25.255779588255606
            ],
            [
              86.57154392034208,
              25.25552379222785
            ],
            [
              86.57194401379994,
              25.255651270273383
            ],
            [
              86.57201329816289,
              25.255673345298217
            ],
            [
              86.57267028194423,
              25.25618592899222
            ],
            [
              86.5731161014467,
              25.256741066991378
            ],
            [
              86.57363198235481,
              25.25793667578494
            ],
            [
              86.57337353704754,
              25.258577013313218
            ],
            [
              86.57515736572469,
              25.25900451812911
            ],
            [
              86.57539188170941,
              25.259474243045027
            ],
            [
              86.5758844073184,
              25.260541723342335
            ],
            [
              86.57628135307954,
              25.26133374287316
            ],
            [
              86.5764943023109,
              25.261758633406235
            ],
            [
              86.57642367766157,
              25.262249605843937
            ],
            [
              86.57625894190981,
              25.263103338642374
            ],
            [
              86.57593018636362,
              25.26357289009757
            ],
            [
              86.57548630273058,
              25.264336885151966
            ],
            [
              86.57548379912588,
              25.26434119488067
            ],
            [
              86.57549216423782,
              25.2643387447126
            ],
            [
              86.57630997609945,
              25.264099191799723
            ],
            [
              86.576939476823,
              25.26391479502311
            ],
            [
              86.57797244058506,
              25.263701648963146
            ],
            [
              86.5783332129863,
              25.263356493851262
            ],
            [
              86.57886470571573,
              25.262848004049033
            ],
            [
              86.57940518429295,
              25.261482037678665
            ],
            [
              86.57963989521204,
              25.26143945037518
            ],
            [
              86.5796402159106,
              25.261434509301374
            ],
            [
              86.57966348856468,
              25.261076576631925
            ],
            [
              86.57914755824923,
              25.259816961370817
            ],
            [
              86.5781863357424,
              25.25663607197279
            ],
            [
              86.57802214886128,
              25.25627311400562
            ],
            [
              86.57792846356033,
              25.25573940704664
            ],
            [
              86.58058096760874,
              25.255590824933535
            ],
            [
              86.58144956662329,
              25.255505691676678
            ],
            [
              86.58189557297531,
              25.25529229768263
            ],
            [
              86.58213060279635,
              25.254630657331056
            ],
            [
              86.58154406489957,
              25.25369125596011
            ],
            [
              86.58095287372964,
              25.25257513795671
            ],
            [
              86.58091074992936,
              25.252495611061057
            ],
            [
              86.5808406247433,
              25.25174848809573
            ],
            [
              86.5808175667866,
              25.250510413309033
            ],
            [
              86.58088068511339,
              25.250193330237604
            ],
            [
              86.58094466941616,
              25.250181918891027
            ],
            [
              86.58114807764088,
              25.2500510616655
            ],
            [
              86.58114925263726,
              25.2500002796837
            ],
            [
              86.58083708807602,
              25.24966222902611
            ],
            [
              86.58101505960519,
              25.249398906209525
            ],
            [
              86.58191679836884,
              25.249313518365838
            ],
            [
              86.582753895263,
              25.24930122700938
            ],
            [
              86.58362323628593,
              25.249274366068672
            ],
            [
              86.58442823817158,
              25.249232663349616
            ],
            [
              86.58441438435328,
              25.24857305210509
            ],
            [
              86.58399855869983,
              25.2477803952335
            ],
            [
              86.58399213574555,
              25.247625306621128
            ],
            [
              86.58396881098922,
              25.247062109969338
            ],
            [
              86.58416646101296,
              25.246295121829768
            ],
            [
              86.58441045332559,
              25.245548293051236
            ],
            [
              86.58447718287985,
              25.244859593083167
            ],
            [
              86.58473731701983,
              25.24409815196433
            ],
            [
              86.584498261848,
              25.243393936642175
            ],
            [
              86.58393716962995,
              25.24273280595003
            ],
            [
              86.58357230180931,
              25.241163461040006
            ],
            [
              86.58349431995781,
              25.240430383194862
            ],
            [
              86.58330529286248,
              25.239220678115675
            ],
            [
              86.58305186105284,
              25.238018074199285
            ],
            [
              86.58310342704509,
              25.237752948251156
            ],
            [
              86.58318292525279,
              25.23734421378688
            ],
            [
              86.58316459512942,
              25.236009995764107
            ],
            [
              86.58313137632852,
              25.233591923062235
            ],
            [
              86.58301061400824,
              25.23124641397842
            ],
            [
              86.5832372382932,
              25.23086596260516
            ],
            [
              86.58478242412518,
              25.23084099910654
            ],
            [
              86.58587675899084,
              25.230873384206802
            ],
            [
              86.58674666235913,
              25.23064130230973
            ],
            [
              86.5884853731511,
              25.230499582117897
            ],
            [
              86.59096462721557,
              25.23030126214716
            ],
            [
              86.5925421883304,
              25.230217677087
            ],
            [
              86.59337920168122,
              25.230190667282372
            ],
            [
              86.59431297796118,
              25.230105291134183
            ],
            [
              86.59511760974095,
              25.230136811804115
            ],
            [
              86.5957707792756,
              25.22977586880549
            ],
            [
              86.59662353470345,
              25.229858816262254
            ],
            [
              86.59741996127143,
              25.229941602763645
            ],
            [
              86.59824171134724,
              25.229665348224067
            ],
            [
              86.59903031628404,
              25.22966382618337
            ],
            [
              86.5998204950692,
              25.229196929347008
            ],
            [
              86.60046634333429,
              25.22856840782466
            ],
            [
              86.60082229088415,
              25.22799772872026
            ],
            [
              86.60135374498604,
              25.227896560748974
            ],
            [
              86.60170491260024,
              25.228791613283317
            ],
            [
              86.60210615859665,
              25.229137142888895
            ],
            [
              86.60237723062353,
              25.22911367670419
            ],
            [
              86.60374829330905,
              25.228994981313114
            ],
            [
              86.60448200309716,
              25.228907224953865
            ],
            [
              86.60590583012753,
              25.2287369161154
            ],
            [
              86.60722465218605,
              25.22903357618085
            ],
            [
              86.60786890773812,
              25.228888713311804
            ],
            [
              86.60877057104334,
              25.22877397601115
            ],
            [
              86.61199201589045,
              25.22799096030006
            ],
            [
              86.61366640730809,
              25.22781945479347
            ],
            [
              86.61463235674995,
              25.227734032285515
            ],
            [
              86.61530897321182,
              25.22753058900967
            ],
            [
              86.6156962063881,
              25.22720908211645
            ],
            [
              86.61640454775254,
              25.227152291692278
            ],
            [
              86.61688719728336,
              25.22721217420492
            ],
            [
              86.61762827774835,
              25.22697957173177
            ],
            [
              86.61830598296837,
              25.22642433596283
            ],
            [
              86.61888711570208,
              25.225868848176276
            ],
            [
              86.61934058525749,
              25.22496124626821
            ],
            [
              86.61956718079632,
              25.22455141722374
            ],
            [
              86.61989115910187,
              25.22387800227606
            ],
            [
              86.61973213304208,
              25.223261973988592
            ],
            [
              86.61892962667626,
              25.222556343382415
            ],
            [
              86.61831888277584,
              25.222290930978172
            ],
            [
              86.6174174458461,
              25.222347230381214
            ],
            [
              86.61658010730517,
              25.222491636195084
            ],
            [
              86.61606556219188,
              25.22234372370698
            ],
            [
              86.61539146730098,
              25.221755668854033
            ],
            [
              86.61443281936577,
              25.221621890338042
            ],
            [
              86.61362915057997,
              25.221297324347123
            ],
            [
              86.61311600683857,
              25.220709678903162
            ],
            [
              86.61298902009166,
              25.220152359230283
            ],
            [
              86.61360381719065,
              25.219127934911924
            ],
            [
              86.61379888096472,
              25.218512826921625
            ],
            [
              86.61399320273034,
              25.218132235752254
            ],
            [
              86.61331978696579,
              25.2173389667228
            ],
            [
              86.61274275414303,
              25.216604577372504
            ],
            [
              86.61239028486997,
              25.216105295019712
            ],
            [
              86.61216653070238,
              25.215483443267
            ],
            [
              86.61226643144678,
              25.214428358650824
            ],
            [
              86.61265433027468,
              25.21390170203545
            ],
            [
              86.61371941060479,
              25.2129664006649
            ],
            [
              86.61439751737173,
              25.212264606608763
            ],
            [
              86.61459749582872,
              25.21181300216838
            ],
            [
              86.61465684392626,
              25.21167897864988
            ],
            [
              86.61411219716612,
              25.21088604791405
            ],
            [
              86.61363211142718,
              25.210034652330226
            ],
            [
              86.61324784358965,
              25.209418028093207
            ],
            [
              86.6132058590282,
              25.208497855987517
            ],
            [
              86.61318764568581,
              25.20809868698997
            ],
            [
              86.61317416107508,
              25.207635729776886
            ],
            [
              86.61315861123754,
              25.207101892992895
            ],
            [
              86.61293668693816,
              25.20583142207538
            ],
            [
              86.6133252936385,
              25.20507024212541
            ],
            [
              86.61387397922414,
              25.20457331668161
            ],
            [
              86.61406901874368,
              25.203958205834045
            ],
            [
              86.61384716002132,
              25.202872963119084
            ],
            [
              86.61381876876679,
              25.20167096299181
            ],
            [
              86.61382827024752,
              25.20165217572739
            ],
            [
              86.61433691702267,
              25.200646282305517
            ],
            [
              86.61501467344664,
              25.200032427743757
            ],
            [
              86.61572506566493,
              25.199272078007542
            ],
            [
              86.61601699836932,
              25.1985399547283
            ],
            [
              86.61621145667887,
              25.19770655106473
            ],
            [
              86.61617126156148,
              25.197595651019952
            ],
            [
              86.6158604992704,
              25.19673823524072
            ],
            [
              86.61583034102966,
              25.196093221662228
            ],
            [
              86.61609008530084,
              25.195361014242952
            ],
            [
              86.61673534786436,
              25.194835013202056
            ],
            [
              86.6173812464351,
              25.19410380291223
            ],
            [
              86.61799413461411,
              25.193636342060454
            ],
            [
              86.61873573700028,
              25.19316921025077
            ],
            [
              86.61874101909414,
              25.193145499772825
            ],
            [
              86.61886628197401,
              25.192583240880275
            ],
            [
              86.61864257541711,
              25.192084304638822
            ],
            [
              86.61848317925141,
              25.190517323717735
            ],
            [
              86.61813204217991,
              25.189607643797363
            ],
            [
              86.61797512895764,
              25.189158545187055
            ],
            [
              86.61784499092073,
              25.188786074913594
            ],
            [
              86.61810625963291,
              25.187555506089023
            ],
            [
              86.61894344905353,
              25.187381772330408
            ],
            [
              86.61965210393004,
              25.18714907259482
            ],
            [
              86.62020095480571,
              25.186564177383268
            ],
            [
              86.62009742217256,
              25.186394624636982
            ],
            [
              86.61975273320816,
              25.185830142966775
            ],
            [
              86.62001351233853,
              25.184266344679507
            ],
            [
              86.61956593662968,
              25.18332710380567
            ],
            [
              86.6189255797659,
              25.18229941862774
            ],
            [
              86.61863872164454,
              25.181419219734554
            ],
            [
              86.61847957161723,
              25.18086181773894
            ],
            [
              86.6191876425888,
              25.180805012193293
            ],
            [
              86.62000678575366,
              25.18133056165927
            ],
            [
              86.62015103812028,
              25.18142310967138
            ],
            [
              86.62136950398855,
              25.18280405378232
            ],
            [
              86.62230047662648,
              25.183510000190072
            ],
            [
              86.62307210430274,
              25.183717176041892
            ],
            [
              86.62387600305723,
              25.183895113796385
            ],
            [
              86.62484124103338,
              25.183926878932283
            ],
            [
              86.6257107518379,
              25.183694558739315
            ],
            [
              86.62603378062418,
              25.18328495981714
            ],
            [
              86.6266071959313,
              25.182467847903297
            ],
            [
              86.62715572521009,
              25.181970870067058
            ],
            [
              86.6274782096173,
              25.18173716007899
            ],
            [
              86.62763900625652,
              25.181766879603327
            ],
            [
              86.62799090599773,
              25.18244201764126
            ],
            [
              86.62853507485413,
              25.18338147588646
            ],
            [
              86.62898449390592,
              25.183734388178678
            ],
            [
              86.62911329255472,
              25.18370539507956
            ],
            [
              86.6293075110141,
              25.18332478288698
            ],
            [
              86.62925015178656,
              25.182951637928046
            ],
            [
              86.62921284115956,
              25.18270892331046
            ],
            [
              86.62892608814109,
              25.181770112672222
            ],
            [
              86.62889595325656,
              25.18109578385788
            ],
            [
              86.62909096403003,
              25.180451335373373
            ],
            [
              86.62941370805038,
              25.18012967404222
            ],
            [
              86.62909486900658,
              25.179161468076018
            ],
            [
              86.62894751924885,
              25.178877533675557
            ],
            [
              86.62877496995074,
              25.17854504439987
            ],
            [
              86.62768356269461,
              25.177692156096303
            ],
            [
              86.62707460195003,
              25.1763528712086
            ],
            [
              86.62682121505615,
              25.17503304100891
            ],
            [
              86.62688940167779,
              25.173772650855394
            ],
            [
              86.62698806813702,
              25.17306933013082
            ],
            [
              86.62711997226177,
              25.172292905666573
            ],
            [
              86.62628567002649,
              25.17155791699696
            ],
            [
              86.6256117988161,
              25.170969907098463
            ],
            [
              86.62516189736901,
              25.170792875684544
            ],
            [
              86.62445397461944,
              25.170820397046793
            ],
            [
              86.62423659759204,
              25.170766987663246
            ],
            [
              86.62397172394064,
              25.17070190985918
            ],
            [
              86.62313763011447,
              25.16990827411748
            ],
            [
              86.62256075629355,
              25.169173919053613
            ],
            [
              86.62233698505794,
              25.168704302346598
            ],
            [
              86.62217837581643,
              25.167971011609907
            ],
            [
              86.62211637679049,
              25.167208654397097
            ],
            [
              86.62147690925883,
              25.1663153272488
            ],
            [
              86.62093123662265,
              25.1659035153498
            ],
            [
              86.61977483176416,
              25.165314242344973
            ],
            [
              86.61913283727164,
              25.164843544859053
            ],
            [
              86.61932787409623,
              25.16419910802254
            ],
            [
              86.61952300075234,
              25.16352535360017
            ],
            [
              86.61901079485207,
              25.162703205615767
            ],
            [
              86.61839998267969,
              25.16255505626389
            ],
            [
              86.61740210262104,
              25.162728373344084
            ],
            [
              86.61688799229239,
              25.16252183585492
            ],
            [
              86.61734041171724,
              25.161878065667565
            ],
            [
              86.61788915928665,
              25.161293176031194
            ],
            [
              86.61834129484386,
              25.16073734801852
            ],
            [
              86.61844011222007,
              25.15997527326104
            ],
            [
              86.61828126312837,
              25.159329925245547
            ],
            [
              86.61744527206037,
              25.15918118962242
            ],
            [
              86.6167060699726,
              25.158944752735827
            ],
            [
              86.61603167234948,
              25.158561906904886
            ],
            [
              86.61590519135409,
              25.15785800896196
            ],
            [
              86.61619683659762,
              25.157184509791428
            ],
            [
              86.61677773936259,
              25.156599705793592
            ],
            [
              86.61742260936236,
              25.15613232714098
            ],
            [
              86.61809681744099,
              25.156573799310323
            ],
            [
              86.61909409922164,
              25.156576367110517
            ],
            [
              86.61986655065297,
              25.156461090066404
            ],
            [
              86.62044706804072,
              25.15599353199779
            ],
            [
              86.62075104355982,
              25.155393639775504
            ],
            [
              86.6208031162019,
              25.15529087306399
            ],
            [
              86.62041934243777,
              25.154557004050094
            ],
            [
              86.62006729088132,
              25.153969791985666
            ],
            [
              86.61949005414101,
              25.153382001398473
            ],
            [
              86.61888019867438,
              25.152940700635085
            ],
            [
              86.61791502358028,
              25.152967529983375
            ],
            [
              86.61720720503531,
              25.152995017150744
            ],
            [
              86.61672512144318,
              25.152847194272628
            ],
            [
              86.616629803005,
              25.152465845807797
            ],
            [
              86.61647115603424,
              25.151761864718523
            ],
            [
              86.61669890411159,
              25.150941620720186
            ],
            [
              86.61750330861761,
              25.150885070387364
            ],
            [
              86.61824363090449,
              25.15074055609396
            ],
            [
              86.61811723704571,
              25.150007342761498
            ],
            [
              86.61834597326987,
              25.148864629212092
            ],
            [
              86.61863630876971,
              25.148601538816475
            ],
            [
              86.61918517042514,
              25.1479580106831
            ],
            [
              86.6191899925816,
              25.14640430203268
            ],
            [
              86.61845122797338,
              25.146050615702894
            ],
            [
              86.61764721962442,
              25.145989911819076
            ],
            [
              86.61674652560144,
              25.145987583684228
            ],
            [
              86.61613699263002,
              25.145458326659362
            ],
            [
              86.61581742864578,
              25.14478324326623
            ],
            [
              86.61562140906429,
              25.144406969935392
            ],
            [
              86.6154656986862,
              25.14410807482022
            ],
            [
              86.61466566268739,
              25.142786798682092
            ],
            [
              86.61405606234234,
              25.142286848696074
            ],
            [
              86.61347854083607,
              25.14181629494721
            ],
            [
              86.61317916109796,
              25.141335630357034
            ],
            [
              86.61309447781446,
              25.141199663000993
            ],
            [
              86.61309687990952,
              25.140437467036932
            ],
            [
              86.61271273603953,
              25.139850153694706
            ],
            [
              86.61216711730223,
              25.139467625294195
            ],
            [
              86.61204095610712,
              25.138675777141348
            ],
            [
              86.61226852272479,
              25.13791416884081
            ],
            [
              86.612463643991,
              25.137240422982
            ],
            [
              86.6123995087713,
              25.13678201262403
            ],
            [
              86.61236927597042,
              25.136565920342704
            ],
            [
              86.61156653783928,
              25.136124086284152
            ],
            [
              86.61076204260343,
              25.136239236966397
            ],
            [
              86.61034529168525,
              25.135798409340143
            ],
            [
              86.60996192036639,
              25.134976565750932
            ],
            [
              86.60922362557707,
              25.134505573133996
            ],
            [
              86.60848337335877,
              25.134650196105753
            ],
            [
              86.60816004184025,
              25.13517702119306
            ],
            [
              86.60802876294295,
              25.135997506124433
            ],
            [
              86.60767288905491,
              25.136641506370506
            ],
            [
              86.60699770271098,
              25.136551770728083
            ],
            [
              86.6069039293751,
              25.135701371731617
            ],
            [
              86.60680949937074,
              25.135056180804646
            ],
            [
              86.60690749389015,
              25.13458739323207
            ],
            [
              86.60642512014215,
              25.134556796906896
            ],
            [
              86.6054606529205,
              25.134407655367
            ],
            [
              86.60468879976715,
              25.134376282335868
            ],
            [
              86.60407625564287,
              25.134814379307404
            ],
            [
              86.6035600118154,
              25.135311363060534
            ],
            [
              86.60272192587615,
              25.13586611222111
            ],
            [
              86.60260534072195,
              25.135853989138628
            ],
            [
              86.60243253720063,
              25.135836019616672
            ],
            [
              86.60227285267571,
              25.135483806368473
            ],
            [
              86.60208223825727,
              25.13475040705745
            ],
            [
              86.60208451818144,
              25.1340468418443
            ],
            [
              86.60208527815618,
              25.13381232029019
            ],
            [
              86.60170006618931,
              25.133576761375625
            ],
            [
              86.60089633991133,
              25.13345733692227
            ],
            [
              86.60041444766034,
              25.13328014535271
            ],
            [
              86.60115593865541,
              25.13275446367049
            ],
            [
              86.6017367938097,
              25.132169715845663
            ],
            [
              86.6023845339268,
              25.130793627930732
            ],
            [
              86.60216134839276,
              25.130177490915454
            ],
            [
              86.60189925502713,
              25.12983192298858
            ],
            [
              86.6016489206086,
              25.12950185783184
            ],
            [
              86.60107160032494,
              25.129001941288305
            ],
            [
              86.60059392117265,
              25.12753487904968
            ],
            [
              86.60011329374953,
              25.1269765891354
            ],
            [
              86.59883023721575,
              25.125917763214897
            ],
            [
              86.598123818246,
              25.125564063089158
            ],
            [
              86.59693670178454,
              25.124681375159742
            ],
            [
              86.59738879601929,
              25.124125608155158
            ],
            [
              86.59877500789376,
              25.123132639093047
            ],
            [
              86.59919482925358,
              25.12260609633874
            ],
            [
              86.59951883271196,
              25.12187408290717
            ],
            [
              86.60016406203783,
              25.12126019779183
            ],
            [
              86.60103345695968,
              25.120940069723975
            ],
            [
              86.60180574759258,
              25.121124795321418
            ],
            [
              86.60190113969263,
              25.12114761210735
            ],
            [
              86.6022248377238,
              25.120503539118854
            ],
            [
              86.60270981119622,
              25.119713319172458
            ],
            [
              86.6034534365884,
              25.11848395923695
            ],
            [
              86.60377693070201,
              25.1178985127464
            ],
            [
              86.60480775377872,
              25.117373583940495
            ],
            [
              86.6063522838406,
              25.117113853250192
            ],
            [
              86.60712384324485,
              25.11720384718342
            ],
            [
              86.60845846217761,
              25.11645806671143
            ],
            [
              86.60863807223384,
              25.11635770004005
            ],
            [
              86.60831871576046,
              25.11565328140162
            ],
            [
              86.60848427616564,
              25.114158624802755
            ],
            [
              86.60855083593827,
              25.113455228131546
            ],
            [
              86.60768366344843,
              25.11310114786555
            ],
            [
              86.60751241670752,
              25.113066737823566
            ],
            [
              86.60694447573377,
              25.112952612958694
            ],
            [
              86.60597970937312,
              25.112950052375087
            ],
            [
              86.60514386023893,
              25.112859882055517
            ],
            [
              86.60453369036196,
              25.11259441623361
            ],
            [
              86.60421465009553,
              25.111802044117766
            ],
            [
              86.60405631214523,
              25.111039415818006
            ],
            [
              86.60367220690283,
              25.110481393802996
            ],
            [
              86.60296623978563,
              25.11001045561213
            ],
            [
              86.60277558943459,
              25.109306441272757
            ],
            [
              86.60239749212475,
              25.108716523335342
            ],
            [
              86.60178053727246,
              25.107753919056933
            ],
            [
              86.60093531870983,
              25.107844961076722
            ],
            [
              86.59982549778702,
              25.107457936649098
            ],
            [
              86.59882700507737,
              25.106817163236816
            ],
            [
              86.59755624198823,
              25.106214999077753
            ],
            [
              86.59640925955874,
              25.10604940678995
            ],
            [
              86.59545824371017,
              25.10613024296493
            ],
            [
              86.59407609132245,
              25.106214990943293
            ],
            [
              86.5927050942139,
              25.105965667370587
            ],
            [
              86.59231168422174,
              25.104443808291588
            ],
            [
              86.59242002104504,
              25.10347253383848
            ],
            [
              86.59170038336586,
              25.102937501654704
            ],
            [
              86.5913009375933,
              25.102219079058653
            ],
            [
              86.5897536002962,
              25.102160810892283
            ],
            [
              86.58896152426915,
              25.10180698100668
            ],
            [
              86.58832158242704,
              25.101311849125498
            ],
            [
              86.58749184363342,
              25.101138757246115
            ],
            [
              86.58611172143821,
              25.101868770056544
            ],
            [
              86.58380154558164,
              25.103694687995212
            ],
            [
              86.58187745485435,
              25.105007168896464
            ],
            [
              86.58050047586435,
              25.106030490913913
            ],
            [
              86.5801764733043,
              25.106331233798777
            ],
            [
              86.57985256776232,
              25.106631971876716
            ],
            [
              86.57867911377802,
              25.107689463286544
            ],
            [
              86.57832845371192,
              25.108265757138508
            ],
            [
              86.5768767420768,
              25.10834649098285
            ],
            [
              86.57586579063245,
              25.107922286098727
            ],
            [
              86.57496482441994,
              25.10712249686304
            ],
            [
              86.57489482320142,
              25.106148319349867
            ],
            [
              86.57488433267555,
              25.10517815171429
            ],
            [
              86.57493329265515,
              25.104202877624882
            ],
            [
              86.57326340089878,
              25.103351362741133
            ],
            [
              86.57201807809851,
              25.10325409193094
            ],
            [
              86.57059716520291,
              25.10342920227327
            ],
            [
              86.56929614326175,
              25.104144825970238
            ],
            [
              86.56865195508328,
              25.104638007917668
            ],
            [
              86.56776029272217,
              25.104700024931514
            ],
            [
              86.56763380813355,
              25.103997136755467
            ],
            [
              86.56821827271865,
              25.103021697061806
            ],
            [
              86.56850465203797,
              25.101990173649178
            ],
            [
              86.56845140529782,
              25.101191839974913
            ],
            [
              86.56839828611841,
              25.100398015110528
            ],
            [
              86.56755864339878,
              25.09976015929368
            ],
            [
              86.56642534770094,
              25.099012026361528
            ],
            [
              86.56588027693599,
              25.098100774293126
            ],
            [
              86.56602540875332,
              25.096840361039348
            ],
            [
              86.56616887868732,
              25.095431010899567
            ],
            [
              86.56646531284962,
              25.09348336813431
            ],
            [
              86.5665897313131,
              25.092132878718573
            ],
            [
              86.56657734534195,
              25.09098217338585
            ],
            [
              86.56660198792684,
              25.08957841973836
            ],
            [
              86.5665915360285,
              25.08860373069872
            ],
            [
              86.56618807927822,
              25.087957385654907
            ],
            [
              86.56547319099197,
              25.087390611704773
            ],
            [
              86.5641994410045,
              25.086932526114396
            ],
            [
              86.56372699723366,
              25.086792335171346
            ],
            [
              86.56308382235486,
              25.085967618822554
            ],
            [
              86.56291785231791,
              25.085283168666507
            ],
            [
              86.56295100374517,
              25.084673571328683
            ],
            [
              86.56349650210817,
              25.083766141318485
            ],
            [
              86.5644196450301,
              25.082950211795378
            ],
            [
              86.56665460404966,
              25.08152685974458
            ],
            [
              86.56637168144754,
              25.080554523836827
            ],
            [
              86.56612836197307,
              25.080051212885103
            ],
            [
              86.56576189425293,
              25.07915642325838
            ],
            [
              86.56476107131343,
              25.07826267504838
            ],
            [
              86.56428832660694,
              25.07808637577117
            ],
            [
              86.56365357073896,
              25.07805591664068
            ],
            [
              86.56285685311684,
              25.077701880358415
            ],
            [
              86.56230061988619,
              25.07713370095972
            ],
            [
              86.56143075604373,
              25.076902188096636
            ],
            [
              86.5603360555638,
              25.07835145190066
            ],
            [
              86.55995215064566,
              25.07907693208313
            ],
            [
              86.55907103360764,
              25.080109171015142
            ],
            [
              86.55868827314318,
              25.080938359400367
            ],
            [
              86.55862013143731,
              25.081985955724843
            ],
            [
              86.55866898361907,
              25.082852030617968
            ],
            [
              86.55859540081752,
              25.083389715911327
            ],
            [
              86.5580887626754,
              25.084224614639023
            ],
            [
              86.55853181267182,
              25.084870592128794
            ],
            [
              86.55937903537585,
              25.086699858607656
            ],
            [
              86.5598339934397,
              25.08846043304577
            ],
            [
              86.55861514938074,
              25.088976576678988
            ],
            [
              86.55668518816309,
              25.089747252746076
            ],
            [
              86.55538098079595,
              25.09015585816899
            ],
            [
              86.55521733110737,
              25.089223145190633
            ],
            [
              86.55489290274588,
              25.08854006375512
            ],
            [
              86.55429353511022,
              25.08811209740557
            ],
            [
              86.55342926687368,
              25.08794369902711
            ],
            [
              86.55294821814071,
              25.08697762490825
            ],
            [
              86.55436714306458,
              25.086640200785446
            ],
            [
              86.55560256104056,
              25.085816987722033
            ],
            [
              86.55589140533701,
              25.08500662866234
            ],
            [
              86.55599424536905,
              25.08348934974007
            ],
            [
              86.55568254883008,
              25.082142709036262
            ],
            [
              86.55429500834728,
              25.079830794371507
            ],
            [
              86.55236911110796,
              25.080037202366512
            ],
            [
              86.55178357932431,
              25.080908875688046
            ],
            [
              86.55101478583279,
              25.080861376125466
            ],
            [
              86.54976538737608,
              25.080818200088345
            ],
            [
              86.54888110108178,
              25.081096725004937
            ],
            [
              86.54835211195702,
              25.081697096756066
            ],
            [
              86.54633562770616,
              25.081768855331752
            ],
            [
              86.54591705230962,
              25.080621713819795
            ],
            [
              86.54515513542161,
              25.07933309607525
            ],
            [
              86.5445078633268,
              25.07811573567756
            ],
            [
              86.54401658278276,
              25.07663974177371
            ],
            [
              86.54284636093686,
              25.07423098829406
            ],
            [
              86.54182239020912,
              25.07442047191481
            ],
            [
              86.5411457611708,
              25.07417357415965
            ],
            [
              86.5403883520289,
              25.073783020962214
            ],
            [
              86.5395508571811,
              25.072851612839763
            ],
            [
              86.53903516132593,
              25.072819979913014
            ],
            [
              86.53828000695538,
              25.072645965716244
            ],
            [
              86.5374841202749,
              25.07189920731052
            ],
            [
              86.53704164609854,
              25.071289270748544
            ],
            [
              86.53695362557374,
              25.070459680968593
            ],
            [
              86.53643264672642,
              25.06992715217996
            ],
            [
              86.53529481812966,
              25.06869593870222
            ],
            [
              86.53532807106654,
              25.068081828189122
            ],
            [
              86.53527899071265,
              25.06718424227813
            ],
            [
              86.53486756410919,
              25.06574363687003
            ],
            [
              86.5344602176537,
              25.06470463118908
            ],
            [
              86.53360692233835,
              25.063669545373887
            ],
            [
              86.53297085133681,
              25.063494435917764
            ],
            [
              86.5322572117088,
              25.063500635718256
            ],
            [
              86.531114807094,
              25.063727126363926
            ],
            [
              86.5303234667872,
              25.06387832576789
            ],
            [
              86.5294245199874,
              25.06464428481987
            ],
            [
              86.52819817858908,
              25.064907564871838
            ],
            [
              86.52749255193343,
              25.065202477632855
            ],
            [
              86.52634368394014,
              25.06528452963082
            ],
            [
              86.52579365986472,
              25.065289319982885
            ],
            [
              86.52479840019177,
              25.06490071579433
            ],
            [
              86.52440356367492,
              25.065048510778734
            ],
            [
              86.52382347388529,
              25.06598767189101
            ],
            [
              86.52462001184433,
              25.066811230657112
            ],
            [
              86.52510208016515,
              25.067425336148442
            ],
            [
              86.52585099663436,
              25.068917233264187
            ],
            [
              86.52586069574448,
              25.069851406922734
            ],
            [
              86.52583151307418,
              25.0708625061086
            ],
            [
              86.52544068304348,
              25.071407481706572
            ],
            [
              86.52499601877447,
              25.072016009213044
            ],
            [
              86.52684969505823,
              25.07345776622566
            ],
            [
              86.5278085523009,
              25.074636419370915
            ],
            [
              86.52811594680797,
              25.075608608630652
            ],
            [
              86.52833501536308,
              25.0766582480503
            ],
            [
              86.52918225693169,
              25.07805447081631
            ],
            [
              86.52966595479644,
              25.079291420635382
            ],
            [
              86.52759657774165,
              25.079525879989212
            ],
            [
              86.52657156496817,
              25.07818525561182
            ],
            [
              86.5257278079645,
              25.07710946104486
            ],
            [
              86.52455174796759,
              25.077931862893017
            ],
            [
              86.52372584318358,
              25.07858881689521
            ],
            [
              86.52220842607363,
              25.078037744164597
            ],
            [
              86.5214352353288,
              25.077556906871585
            ],
            [
              86.52029589666405,
              25.076650573783745
            ],
            [
              86.51940042005621,
              25.075845818654145
            ],
            [
              86.51850893915478,
              25.0759076460366
            ],
            [
              86.51620295663395,
              25.07673965692028
            ],
            [
              86.51511519114796,
              25.074587193239427
            ],
            [
              86.512869702975,
              25.075522483912728
            ],
            [
              86.51168088240945,
              25.075586754031534
            ],
            [
              86.50942821759564,
              25.075335049954973
            ],
            [
              86.50807376116647,
              25.07326601262006
            ],
            [
              86.50800326767117,
              25.07218798117667
            ],
            [
              86.50745153140682,
              25.07057251998586
            ],
            [
              86.50660579092299,
              25.069279882633605
            ],
            [
              86.50683263439686,
              25.068199376638113
            ],
            [
              86.50599624896844,
              25.067339994967995
            ],
            [
              86.50432013997195,
              25.06578814864415
            ],
            [
              86.50306425298396,
              25.065094672212417
            ],
            [
              86.50217612729011,
              25.064993806906323
            ],
            [
              86.5021837746481,
              25.055717848936
            ],
            [
              86.50342709959519,
              25.04668745236437
            ],
            [
              86.50392837838835,
              25.04628153978398
            ],
            [
              86.50452073018167,
              25.046059872295206
            ],
            [
              86.50486532302632,
              25.0453529541889
            ],
            [
              86.50533826895541,
              25.045082676956323
            ],
            [
              86.50705308096758,
              25.044634978240683
            ],
            [
              86.50757992491543,
              25.04381818499783
            ],
            [
              86.50780285263296,
              25.042358537098693
            ],
            [
              86.50677238798403,
              25.03993920714506
            ],
            [
              86.50837208718075,
              25.03987157163019
            ],
            [
              86.50996846710248,
              25.039483469596597
            ],
            [
              86.51114374376849,
              25.03860700070874
            ],
            [
              86.51195944908075,
              25.036979902398333
            ],
            [
              86.51236126101576,
              25.035568361733894
            ],
            [
              86.5131808731012,
              25.034807767040952
            ],
            [
              86.51383040356065,
              25.034368936755467
            ],
            [
              86.51500405966587,
              25.035284192178977
            ],
            [
              86.5154285307056,
              25.036575759677756
            ],
            [
              86.5160391497402,
              25.038136668288743
            ],
            [
              86.51605078921135,
              25.039273776787713
            ],
            [
              86.51617805263932,
              25.040080535804407
            ],
            [
              86.5167292732707,
              25.0416464311826
            ],
            [
              86.51715369939467,
              25.042450610905696
            ],
            [
              86.51787056756783,
              25.043256830593812
            ],
            [
              86.5187696024025,
              25.043953170042077
            ],
            [
              86.51990431833677,
              25.04491380272323
            ],
            [
              86.52092228472516,
              25.045609166724955
            ],
            [
              86.5215713166196,
              25.04560362198065
            ],
            [
              86.52328776626055,
              25.045318133638613
            ],
            [
              86.52401183083742,
              25.04633633909032
            ],
            [
              86.52484534525021,
              25.046437536337017
            ],
            [
              86.52543492484253,
              25.04643245796177
            ],
            [
              86.52614501702348,
              25.04610593508155
            ],
            [
              86.52732468824784,
              25.045662542912826
            ],
            [
              86.52807969798963,
              25.045841127741006
            ],
            [
              86.52820728121786,
              25.04667043902724
            ],
            [
              86.52817918371241,
              25.047789875768135
            ],
            [
              86.52819154093746,
              25.048976716340654
            ],
            [
              86.52816457980083,
              25.050199955610555
            ],
            [
              86.5286122318665,
              25.051315330137975
            ],
            [
              86.52899535075873,
              25.051943832202294
            ],
            [
              86.52927916987947,
              25.052555149252978
            ],
            [
              86.52995028505858,
              25.05276602133233
            ],
            [
              86.53074197840334,
              25.052650926335183
            ],
            [
              86.53222131772502,
              25.05433052100034
            ],
            [
              86.5332661221808,
              25.05568889380636
            ],
            [
              86.53426350906435,
              25.056763413343383
            ],
            [
              86.53451556824825,
              25.058128656653164
            ],
            [
              86.53480017339487,
              25.058812177098783
            ],
            [
              86.53545901309562,
              25.059257791273453
            ],
            [
              86.53609127613865,
              25.05954114278062
            ],
            [
              86.53732021456646,
              25.05953054931528
            ],
            [
              86.53878267813722,
              25.059590052711926
            ],
            [
              86.54032303193132,
              25.059504519723475
            ],
            [
              86.54119210884957,
              25.059208065010875
            ],
            [
              86.54130614189006,
              25.058742301947554
            ],
            [
              86.54171829073903,
              25.05693345122348
            ],
            [
              86.54158885698132,
              25.0554588947356
            ],
            [
              86.54109922215088,
              25.054131818603793
            ],
            [
              86.54029021827061,
              25.052586311338427
            ],
            [
              86.53964505182684,
              25.05154945078471
            ],
            [
              86.53901426741074,
              25.049988931815772
            ],
            [
              86.53880405085447,
              25.048839856074384
            ],
            [
              86.53986633742402,
              25.048072540057127
            ],
            [
              86.54151265289576,
              25.046762978368474
            ],
            [
              86.5428893686794,
              25.045749096358243
            ],
            [
              86.5438346200388,
              25.045163171693257
            ],
            [
              86.5446582565767,
              25.044794986742698
            ],
            [
              86.54520900110099,
              25.044397622335094
            ],
            [
              86.54583790264824,
              25.043886640333863
            ],
            [
              86.5460242617472,
              25.043235160668115
            ],
            [
              86.54601141494032,
              25.042012210829764
            ],
            [
              86.5457664470573,
              25.040859081278537
            ],
            [
              86.54702153634135,
              25.04005829315663
            ],
            [
              86.54681725315754,
              25.03948242863342
            ],
            [
              86.54644351716841,
              25.037865518116362
            ],
            [
              86.54588071725301,
              25.037112241641932
            ],
            [
              86.54527523837848,
              25.035605679698975
            ],
            [
              86.54454824529377,
              25.03431224787085
            ],
            [
              86.54408244097115,
              25.03336410328567
            ],
            [
              86.54316826503238,
              25.032649932292795
            ],
            [
              86.54252894662109,
              25.03215459079869
            ],
            [
              86.54197143688442,
              25.031906713375246
            ],
            [
              86.54118366109263,
              25.031913518715665
            ],
            [
              86.54047179204406,
              25.032064090743585
            ],
            [
              86.54007844493398,
              25.032351849074196
            ],
            [
              86.53968362638345,
              25.03249968899952
            ],
            [
              86.53865624295592,
              25.03232807808146
            ],
            [
              86.53829584964372,
              25.031974628392877
            ],
            [
              86.5378935669915,
              25.031400494616538
            ],
            [
              86.53764970493458,
              25.030824910958017
            ],
            [
              86.53763918117104,
              25.029818598813172
            ],
            [
              86.5373206978601,
              25.029207651910674
            ],
            [
              86.53663717874356,
              25.028274776889567
            ],
            [
              86.5357582095774,
              25.027600911609127
            ],
            [
              86.53544006493131,
              25.027026070376547
            ],
            [
              86.53482571968493,
              25.02559623738418
            ],
            [
              86.53431167493325,
              25.0247612379282
            ],
            [
              86.53346415309025,
              25.022823457346323
            ],
            [
              86.53321012300265,
              25.021255082381106
            ],
            [
              86.53177884534529,
              25.020351310638727
            ],
            [
              86.53099265777493,
              25.01906280566982
            ],
            [
              86.52884481737162,
              25.017835705900513
            ],
            [
              86.52705979303688,
              25.017201177777512
            ],
            [
              86.5271041401675,
              25.01574311889751
            ],
            [
              86.52703687162408,
              25.014985429600173
            ],
            [
              86.52596127831022,
              25.013970190883466
            ],
            [
              86.52514687286016,
              25.012812875635294
            ],
            [
              86.52470508140343,
              25.010329971157454
            ],
            [
              86.52474058102682,
              25.008005408127104
            ],
            [
              86.52566982530618,
              25.00588988129439
            ],
            [
              86.52654299944044,
              25.004587102043537
            ],
            [
              86.52747999079081,
              25.003225222781452
            ],
            [
              86.52747322198512,
              25.002575372084358
            ],
            [
              86.52640122911893,
              25.002372492397736
            ],
            [
              86.52574681721424,
              25.001836528631483
            ],
            [
              86.52508354971745,
              25.000921545685493
            ],
            [
              86.52485483235793,
              25.000488320157547
            ],
            [
              86.52471757517239,
              25.000000221023512
            ],
            [
              86.5246105409063,
              24.99961959384739
            ],
            [
              86.52361675626705,
              24.997465839141885
            ],
            [
              86.52316241085421,
              24.99592183839525
            ],
            [
              86.52331631831352,
              24.995520190306255
            ],
            [
              86.52395078672059,
              24.99482547475765
            ],
            [
              86.52420938294482,
              24.99352570631835
            ],
            [
              86.52448204319312,
              24.993232480862027
            ],
            [
              86.52447842118589,
              24.993225394108773
            ],
            [
              86.52447794867206,
              24.993225180789672
            ],
            [
              86.52354333695887,
              24.991396595085096
            ],
            [
              86.52343517890034,
              24.990716701750177
            ],
            [
              86.5234348869479,
              24.9907148648887
            ],
            [
              86.5230341700592,
              24.99015041462308
            ],
            [
              86.52232161469774,
              24.98948643483604
            ],
            [
              86.5202674173746,
              24.988211978036432
            ],
            [
              86.52022413744254,
              24.988173692204953
            ],
            [
              86.51818406792388,
              24.986368995268883
            ],
            [
              86.51764567074316,
              24.98572112524746
            ],
            [
              86.51745833966709,
              24.9854957022031
            ],
            [
              86.51600069555784,
              24.98558967432313
            ],
            [
              86.51365800607783,
              24.985813625856096
            ],
            [
              86.51107298616846,
              24.985662712945555
            ],
            [
              86.50767127729159,
              24.985037165919035
            ],
            [
              86.50620078188392,
              24.984711018762102
            ],
            [
              86.50479421059181,
              24.984977272172102
            ],
            [
              86.50165902557151,
              24.986247657913797
            ],
            [
              86.50000023160217,
              24.98692320432834
            ],
            [
              86.49643469876358,
              24.988235018250442
            ],
            [
              86.49446230742011,
              24.98939159773557
            ],
            [
              86.49185031559435,
              24.99084895407541
            ],
            [
              86.48978544718395,
              24.99184765686798
            ],
            [
              86.48925244079327,
              24.992136621651017
            ],
            [
              86.48879879606635,
              24.992522850086306
            ],
            [
              86.48826658198976,
              24.992858182649876
            ],
            [
              86.48791895822932,
              24.993077209711533
            ],
            [
              86.48511824743034,
              24.99515177664306
            ],
            [
              86.4834768277769,
              24.99658804519017
            ],
            [
              86.48216940264442,
              24.997649864340623
            ],
            [
              86.48129005888077,
              24.998070889061427
            ],
            [
              86.4805312286041,
              24.998298437616693
            ],
            [
              86.4789876669261,
              24.998596026278843
            ],
            [
              86.47766957160466,
              24.999003299907873
            ],
            [
              86.47552602514844,
              24.99966223589959
            ],
            [
              86.47496768357179,
              24.99986484894924
            ],
            [
              86.47469699961711,
              24.999899704378336
            ],
            [
              86.47452181735693,
              24.999922262052532
            ],
            [
              86.47427680994801,
              24.999906483811866
            ],
            [
              86.4740732319417,
              24.99989337435569
            ],
            [
              86.4738197147921,
              24.999877047373566
            ],
            [
              86.47238914410889,
              24.999433047721457
            ],
            [
              86.4717254157764,
              24.999152091033032
            ],
            [
              86.4699986417979,
              24.99874606274543
            ],
            [
              86.46880157559639,
              24.998838695215994
            ],
            [
              86.46630163512758,
              24.998902446200166
            ],
            [
              86.46461361626707,
              24.998750984333128
            ],
            [
              86.46355126591713,
              24.998444261980566
            ],
            [
              86.46266136874554,
              24.998222866317086
            ],
            [
              86.46004242306115,
              24.998128583889002
            ],
            [
              86.45909794425289,
              24.998222144155466
            ],
            [
              86.45831283735585,
              24.998376785158516
            ],
            [
              86.45779332725398,
              24.998592987021606
            ],
            [
              86.45727354855586,
              24.998869783014708
            ],
            [
              86.45644156127906,
              24.999520487818554
            ],
            [
              86.45612511983876,
              25.00000022265181
            ],
            [
              86.45513077644742,
              25.000813241685588
            ],
            [
              86.45450588857283,
              25.001842722592986
            ],
            [
              86.45442219163948,
              25.002574002712514
            ],
            [
              86.4545713317396,
              25.00349470073553
            ],
            [
              86.45496845177387,
              25.004767425363067
            ],
            [
              86.45524147134829,
              25.00582349621454
            ],
            [
              86.45526167715398,
              25.006319994977503
            ],
            [
              86.45504918965666,
              25.007109955056265
            ],
            [
              86.45471289724523,
              25.007972340313145
            ],
            [
              86.45422842323607,
              25.009466607639542
            ],
            [
              86.45392000105632,
              25.010069186327982
            ],
            [
              86.45387713973918,
              25.0101529253608
            ],
            [
              86.45316918285366,
              25.01063627063467
            ],
            [
              86.45203028795667,
              25.01123714298019
            ],
            [
              86.45148542560088,
              25.011323184235078
            ],
            [
              86.45118307243916,
              25.011030012649943
            ],
            [
              86.45084583410173,
              25.010402751665996
            ],
            [
              86.45035975390486,
              25.009306150908223
            ],
            [
              86.45002215264803,
              25.00796120834612
            ],
            [
              86.44946173955634,
              25.00693684732452
            ],
            [
              86.44904054018087,
              25.00663013563885
            ],
            [
              86.4477425554437,
              25.00613422673061
            ],
            [
              86.44696955604003,
              25.00560648319261
            ],
            [
              86.44648877141177,
              25.005065104191967
            ],
            [
              86.44610185623912,
              25.00409935379769
            ],
            [
              86.4457645307651,
              25.003192216368596
            ],
            [
              86.44539771899017,
              25.002695870232962
            ],
            [
              86.4450755849259,
              25.002357548145483
            ],
            [
              86.44343561066177,
              25.00156835861943
            ],
            [
              86.44218715633441,
              25.00102725165856
            ],
            [
              86.44132014733795,
              25.000526672169663
            ],
            [
              86.44119125706098,
              25.000278471986192
            ],
            [
              86.44115157488162,
              25.000156588227387
            ],
            [
              86.44115584457415,
              25.0000013640903
            ],
            [
              86.44114140864754,
              24.999775087950976
            ],
            [
              86.44144825338564,
              24.999282886713846
            ],
            [
              86.4417896464313,
              24.998578591053203
            ],
            [
              86.44047744585477,
              24.999233723146887
            ],
            [
              86.43919912434082,
              24.998403764819205
            ],
            [
              86.43841158839922,
              24.998237065300003
            ],
            [
              86.43857616335254,
              24.998841885086318
            ],
            [
              86.43883982787158,
              24.99940615865788
            ],
            [
              86.43911160327934,
              24.999987785693694
            ],
            [
              86.43911824362591,
              25.000001461788298
            ],
            [
              86.4391116077709,
              25.00023451936863
            ],
            [
              86.439111288869,
              25.000245719610184
            ],
            [
              86.43907312843572,
              25.00044416326413
            ],
            [
              86.43908829020107,
              25.000618695944915
            ],
            [
              86.43901714183396,
              25.000879688091302
            ],
            [
              86.43888348599438,
              25.00098358100255
            ],
            [
              86.43882416843954,
              25.001105453357134
            ],
            [
              86.43878948718137,
              25.00121387270759
            ],
            [
              86.43911653682686,
              25.001403307958103
            ],
            [
              86.43923549443174,
              25.001525131047938
            ],
            [
              86.43934444390601,
              25.001646915752456
            ],
            [
              86.43949317257773,
              25.00189058575239
            ],
            [
              86.43952792929439,
              25.002071153200156
            ],
            [
              86.43951808465718,
              25.002165938181356
            ],
            [
              86.43940915584415,
              25.00217049489924
            ],
            [
              86.43921105396781,
              25.00221571524729
            ],
            [
              86.4390773172799,
              25.002315091837293
            ],
            [
              86.43904273842965,
              25.00240084381138
            ],
            [
              86.43899332659744,
              25.002545332198586
            ],
            [
              86.43925091311529,
              25.002603919657194
            ],
            [
              86.43927676303589,
              25.00261913987049
            ],
            [
              86.43941932477317,
              25.00270308018817
            ],
            [
              86.4399791647397,
              25.003000768089912
            ],
            [
              86.44002392599367,
              25.003357381861104
            ],
            [
              86.440028970034,
              25.003425042383135
            ],
            [
              86.43993502871317,
              25.00381779881442
            ],
            [
              86.44000449094248,
              25.003993801080675
            ],
            [
              86.44013836237771,
              25.00421492664051
            ],
            [
              86.4402475049898,
              25.004535299593527
            ],
            [
              86.44013865163524,
              25.004828752083636
            ],
            [
              86.43986132643568,
              25.005013923114756
            ],
            [
              86.43956925628902,
              25.005172035914867
            ],
            [
              86.439519802236,
              25.00532555364737
            ],
            [
              86.43948533118362,
              25.005758902145125
            ],
            [
              86.43992130515055,
              25.005948295380605
            ],
            [
              86.44022858826654,
              25.006282147892986
            ],
            [
              86.44039718677399,
              25.00664771626098
            ],
            [
              86.44043200277946,
              25.006990746707288
            ],
            [
              86.44034802377513,
              25.00741506013667
            ],
            [
              86.44014510423393,
              25.00769054834901
            ],
            [
              86.43982816602526,
              25.00775834976574
            ],
            [
              86.43967960264357,
              25.00782615440143
            ],
            [
              86.43962015034144,
              25.00791190334261
            ],
            [
              86.43962023208815,
              25.00802478770668
            ],
            [
              86.43976883230077,
              25.008123965028393
            ],
            [
              86.43996215693642,
              25.00828191914718
            ],
            [
              86.44042293338836,
              25.0084892853148
            ],
            [
              86.44024472200906,
              25.00866995215169
            ],
            [
              86.43994781892617,
              25.009301985217483
            ],
            [
              86.43998762686968,
              25.009658580695664
            ],
            [
              86.43988383013186,
              25.010037753749554
            ],
            [
              86.43957685603633,
              25.01037642671958
            ],
            [
              86.43901289280264,
              25.011830154965654
            ],
            [
              86.43872089811448,
              25.01216427560053
            ],
            [
              86.43825045040018,
              25.012511991877663
            ],
            [
              86.43781476389412,
              25.012864261863314
            ],
            [
              86.43753754559408,
              25.013216499089992
            ],
            [
              86.4376466891045,
              25.013536872985643
            ],
            [
              86.43750322456034,
              25.01400638306254
            ],
            [
              86.43747857658558,
              25.01430430569556
            ],
            [
              86.4375085479767,
              25.014665380220748
            ],
            [
              86.43768692823932,
              25.014863918617017
            ],
            [
              86.43805863313759,
              25.015157199086346
            ],
            [
              86.43826684016256,
              25.01540082518965
            ],
            [
              86.43837096298883,
              25.01564902168028
            ],
            [
              86.43842568116942,
              25.01621320176489
            ],
            [
              86.43838128463145,
              25.016429954274557
            ],
            [
              86.43829227775646,
              25.016736845809692
            ],
            [
              86.43819831757098,
              25.017129601188255
            ],
            [
              86.43817378098733,
              25.01762159578272
            ],
            [
              86.43819378736703,
              25.0179511152214
            ],
            [
              86.43825340855241,
              25.018221902385573
            ],
            [
              86.43847647640713,
              25.01866417025078
            ],
            [
              86.43859057143138,
              25.018921437334456
            ],
            [
              86.43870964671557,
              25.019282486071106
            ],
            [
              86.43880900757249,
              25.019706765983756
            ],
            [
              86.43884381010324,
              25.02000915839333
            ],
            [
              86.43879949441363,
              25.02060041614286
            ],
            [
              86.43870579833288,
              25.021327222301124
            ],
            [
              86.43863666758187,
              25.02177407485575
            ],
            [
              86.43864208442304,
              25.022631749887047
            ],
            [
              86.43877121814346,
              25.023331309360085
            ],
            [
              86.43902920171662,
              25.02405339204032
            ],
            [
              86.43914831023848,
              25.02449571703836
            ],
            [
              86.43905946685686,
              25.025114080812934
            ],
            [
              86.43845553667789,
              25.02609832310669
            ],
            [
              86.43811896129709,
              25.026680801312466
            ],
            [
              86.4380300226941,
              25.02699229790237
            ],
            [
              86.43798066476081,
              25.027470742726166
            ],
            [
              86.43815920222858,
              25.02779110709766
            ],
            [
              86.43859047800659,
              25.028332595901535
            ],
            [
              86.43902674841758,
              25.028910135797947
            ],
            [
              86.43927962327176,
              25.029275662841155
            ],
            [
              86.43939864825026,
              25.02951940092401
            ],
            [
              86.4395821255538,
              25.029997730895225
            ],
            [
              86.4398205384302,
              25.030995175272288
            ],
            [
              86.43997956628662,
              25.03207838430012
            ],
            [
              86.44000447387451,
              25.032290519822144
            ],
            [
              86.44019811022555,
              25.033021659304193
            ],
            [
              86.43995576272823,
              25.033915513662848
            ],
            [
              86.43953510234194,
              25.03471920281676
            ],
            [
              86.4391193719099,
              25.03552733312095
            ],
            [
              86.43907022058912,
              25.036330796029358
            ],
            [
              86.43927868093903,
              25.037093508824665
            ],
            [
              86.43939312630621,
              25.037910411966447
            ],
            [
              86.43903686524433,
              25.03893523400975
            ],
            [
              86.43877970991782,
              25.03981096886844
            ],
            [
              86.43874550835999,
              25.040704705389338
            ],
            [
              86.4390182853893,
              25.041363626742942
            ],
            [
              86.43934080303417,
              25.042180502258205
            ],
            [
              86.43985651685566,
              25.043087510290118
            ],
            [
              86.43985694894529,
              25.043909040175908
            ],
            [
              86.43957977106945,
              25.044346979339075
            ],
            [
              86.43907966098445,
              25.045064843848298
            ],
            [
              86.43856884657454,
              25.04613664712282
            ],
            [
              86.4385352819223,
              25.046207074735523
            ],
            [
              86.43799052466936,
              25.046821183378512
            ],
            [
              86.43721767708098,
              25.04708331026195
            ],
            [
              86.43646469393848,
              25.047228018691094
            ],
            [
              86.43479520013578,
              25.047874237688223
            ],
            [
              86.43285300835552,
              25.04825416428592
            ],
            [
              86.43124773511245,
              25.048489418745156
            ],
            [
              86.4291272672742,
              25.0489144896134
            ],
            [
              86.42790841692704,
              25.04910450312546
            ],
            [
              86.42740805621207,
              25.049366545372543
            ],
            [
              86.4266552212916,
              25.050070928081237
            ],
            [
              86.42622423656775,
              25.050378024380777
            ],
            [
              86.42527283085035,
              25.050378319795986
            ],
            [
              86.42426193510154,
              25.050189094405738
            ],
            [
              86.4229438218138,
              25.04999993301511
            ],
            [
              86.42161112617404,
              25.05032085135091
            ],
            [
              86.42067968281886,
              25.050524296328867
            ],
            [
              86.41830639582199,
              25.051170471095432
            ],
            [
              86.41793430105487,
              25.04989766690889
            ],
            [
              86.41743849929001,
              25.04902209034902
            ],
            [
              86.41719578887327,
              25.04904931360663
            ],
            [
              86.41565472091855,
              25.04899106326633
            ],
            [
              86.4129245871582,
              25.049005313345173
            ],
            [
              86.41292431856193,
              25.0481250866927
            ],
            [
              86.41347429502663,
              25.048066302039903
            ],
            [
              86.41305289083526,
              25.047438988642003
            ],
            [
              86.41342444930815,
              25.04704165965956
            ],
            [
              86.41433561768734,
              25.04555193206029
            ],
            [
              86.4143652944311,
              25.04523145781146
            ],
            [
              86.41396396309473,
              25.045303747218338
            ],
            [
              86.4126313033876,
              25.045768985143326
            ],
            [
              86.40993612127832,
              25.046676910687747
            ],
            [
              86.40975791528889,
              25.04739468668336
            ],
            [
              86.4093716442083,
              25.048211696181717
            ],
            [
              86.40913401376451,
              25.049019725373512
            ],
            [
              86.40879243925919,
              25.050188926759397
            ],
            [
              86.40836157401124,
              25.0507306796504
            ],
            [
              86.40757383594871,
              25.051123537806422
            ],
            [
              86.40667706037698,
              25.051430615192878
            ],
            [
              86.40471490803112,
              25.051665781362026
            ],
            [
              86.4036396399074,
              25.051693074833786
            ],
            [
              86.40017108110202,
              25.051666555292925
            ],
            [
              86.3993039553246,
              25.051621599746696
            ],
            [
              86.39704447858598,
              25.05169417428742
            ],
            [
              86.3956917909396,
              25.05187037401597
            ],
            [
              86.39511212335809,
              25.052439206889602
            ],
            [
              86.39456079672551,
              25.05301382404494
            ],
            [
              86.39442345958993,
              25.053156961354894
            ],
            [
              86.39346225055783,
              25.054037325214498
            ],
            [
              86.39326907234754,
              25.054371304068127
            ],
            [
              86.39339792220031,
              25.054578904036134
            ],
            [
              86.39373489463647,
              25.05457892519465
            ],
            [
              86.39426011982013,
              25.054298949208178
            ],
            [
              86.395191579345,
              25.05358119166453
            ],
            [
              86.3964401423685,
              25.053070978729053
            ],
            [
              86.3974510165577,
              25.052894740036347
            ],
            [
              86.39795146261261,
              25.05309779337473
            ],
            [
              86.39848175070121,
              25.05366643663495
            ],
            [
              86.39835302481595,
              25.05412232817168
            ],
            [
              86.39820450275677,
              25.054794965406845
            ],
            [
              86.39762491961693,
              25.055467571281984
            ],
            [
              86.39664889467083,
              25.056681940742703
            ],
            [
              86.39583136398191,
              25.05698900339005
            ],
            [
              86.39441413238234,
              25.05709295215561
            ],
            [
              86.3939285255976,
              25.057196812132005
            ],
            [
              86.39264521933217,
              25.057765739909605
            ],
            [
              86.39177800012995,
              25.05749045769771
            ],
            [
              86.39100994415529,
              25.057472500260435
            ],
            [
              86.39030137911033,
              25.057693735346056
            ],
            [
              86.38888918526285,
              25.058158790350948
            ],
            [
              86.38787823920843,
              25.058158871727368
            ],
            [
              86.38721918481033,
              25.057851999991307
            ],
            [
              86.38678798359248,
              25.057400672112568
            ],
            [
              86.38664427380826,
              25.056376089038817
            ],
            [
              86.3863865202038,
              25.056154945972708
            ],
            [
              86.38602980818763,
              25.056434777749995
            ],
            [
              86.38557899315386,
              25.05751361511406
            ],
            [
              86.38546512540341,
              25.05937328531685
            ],
            [
              86.38549503840406,
              25.061187854826155
            ],
            [
              86.38565362608597,
              25.061991248046336
            ],
            [
              86.38574790876665,
              25.06276764526702
            ],
            [
              86.3861195714441,
              25.0635303783189
            ],
            [
              86.38658548536115,
              25.064261620396753
            ],
            [
              86.38741809517045,
              25.064744496182325
            ],
            [
              86.38845881139338,
              25.0648301532669
            ],
            [
              86.3899850661291,
              25.064712621114154
            ],
            [
              86.39144700059214,
              25.064829878229535
            ],
            [
              86.39258188540971,
              25.06544364538305
            ],
            [
              86.39354338729261,
              25.066174726318117
            ],
            [
              86.39391513441169,
              25.066851738606786
            ],
            [
              86.39408880660386,
              25.06778604030871
            ],
            [
              86.39397484632694,
              25.06845863183264
            ],
            [
              86.39373715389938,
              25.0691898697174
            ],
            [
              86.39289968600103,
              25.070083645090254
            ],
            [
              86.39240427141006,
              25.07069760235882
            ],
            [
              86.39227552486352,
              25.071370129887757
            ],
            [
              86.39288511263219,
              25.072074217689156
            ],
            [
              86.39370287688307,
              25.072426235254962
            ],
            [
              86.39485774382581,
              25.072863878051894
            ],
            [
              86.39466450902171,
              25.073405563240883
            ],
            [
              86.39437237599299,
              25.075265233047208
            ],
            [
              86.39429322273834,
              25.076258283219904
            ],
            [
              86.39411513442822,
              25.07807281171172
            ],
            [
              86.39403597758032,
              25.079287024624993
            ],
            [
              86.39387276986291,
              25.081480719963114
            ],
            [
              86.39375898475743,
              25.08257757119704
            ],
            [
              86.39363035768682,
              25.08439211911767
            ],
            [
              86.39363049602737,
              25.085209124351046
            ],
            [
              86.3935316966175,
              25.087127464602002
            ],
            [
              86.39330876440839,
              25.08825592672393
            ],
            [
              86.39319489306466,
              25.089045825224808
            ],
            [
              86.39355186738887,
              25.0893527017855
            ],
            [
              86.39407725426932,
              25.089352590328172
            ],
            [
              86.39566822543473,
              25.089162842633137
            ],
            [
              86.39901882825676,
              25.0887244673184
            ],
            [
              86.40168538375289,
              25.088403547078784
            ],
            [
              86.4035936246053,
              25.088344583243423
            ],
            [
              86.40538790428245,
              25.088330653403336
            ],
            [
              86.40609461520465,
              25.088704596896346
            ],
            [
              86.40624053843773,
              25.088781808730324
            ],
            [
              86.40689981741464,
              25.089291788310152
            ],
            [
              86.40741060757001,
              25.089995782807865
            ],
            [
              86.40842209171531,
              25.091444456343982
            ],
            [
              86.40936923941828,
              25.09289313713498
            ],
            [
              86.40983538330406,
              25.093710009957192
            ],
            [
              86.4110355190489,
              25.09564165377815
            ],
            [
              86.41170990140067,
              25.096738304064722
            ],
            [
              86.41318269110563,
              25.09855243863733
            ],
            [
              86.41400091170068,
              25.099649015646985
            ],
            [
              86.41528538577602,
              25.1015354446193
            ],
            [
              86.41593017672399,
              25.10259150202912
            ],
            [
              86.41658501443015,
              25.103936397331
            ],
            [
              86.41706617724917,
              25.10511886814249
            ],
            [
              86.41752202015356,
              25.1063898090867
            ],
            [
              86.41759711661635,
              25.106599183644953
            ],
            [
              86.41767660494257,
              25.107050487161793
            ],
            [
              86.41724054743233,
              25.107502023282564
            ],
            [
              86.4155705658444,
              25.10953818566086
            ],
            [
              86.41512468076493,
              25.11023792903376
            ],
            [
              86.41454499701379,
              25.111352913678484
            ],
            [
              86.41444613292519,
              25.112097732943763
            ],
            [
              86.41443169160868,
              25.113546644134907
            ],
            [
              86.41406043137646,
              25.115316086856993
            ],
            [
              86.4139021248672,
              25.116543900708184
            ],
            [
              86.41361014724704,
              25.118241139137844
            ],
            [
              86.4132585376617,
              25.119441816860096
            ],
            [
              86.41253521868649,
              25.121021843600957
            ],
            [
              86.41209929143193,
              25.12238509570017
            ],
            [
              86.41277406005929,
              25.123847302401153
            ],
            [
              86.41313127513203,
              25.124695791292517
            ],
            [
              86.41378643892659,
              25.12686221293525
            ],
            [
              86.4143024959045,
              25.12810334729338
            ],
            [
              86.41520041323497,
              25.129858925766317
            ],
            [
              86.41565191997147,
              25.130766117871925
            ],
            [
              86.41648559877596,
              25.13266610610238
            ],
            [
              86.41683784077527,
              25.133297920880473
            ],
            [
              86.41762659662902,
              25.134511849848668
            ],
            [
              86.41833102493212,
              25.135373789839967
            ],
            [
              86.41911975383641,
              25.136452341968567
            ],
            [
              86.42006739201953,
              25.13787386333293
            ],
            [
              86.4202597761191,
              25.138141191020363
            ],
            [
              86.42212264306647,
              25.137748511345535
            ],
            [
              86.4229724277657,
              25.137582769048983
            ],
            [
              86.42429854773758,
              25.13766035338057
            ],
            [
              86.42530790467228,
              25.137398680706582
            ],
            [
              86.42600038089053,
              25.13682177931337
            ],
            [
              86.42586977842461,
              25.136386538337685
            ],
            [
              86.42571449744123,
              25.135564780844824
            ],
            [
              86.42542661074886,
              25.13469437621318
            ],
            [
              86.42514233438563,
              25.133075164223868
            ],
            [
              86.42483067288097,
              25.13164910015786
            ],
            [
              86.42439001240318,
              25.129449691775243
            ],
            [
              86.42412770164526,
              25.128820774377978
            ],
            [
              86.42352207365037,
              25.12785241086114
            ],
            [
              86.42323364078233,
              25.12712675963468
            ],
            [
              86.42292938768381,
              25.124130924052245
            ],
            [
              86.42264435763404,
              25.122704958088313
            ],
            [
              86.42231502267448,
              25.119395026053
            ],
            [
              86.42237387939358,
              25.118163563619383
            ],
            [
              86.42290808144189,
              25.11736868988885
            ],
            [
              86.42391590135915,
              25.1174209237332
            ],
            [
              86.42540066201357,
              25.11757162734655
            ],
            [
              86.42654088821381,
              25.117648467955288
            ],
            [
              86.4273616959569,
              25.117965544760146
            ],
            [
              86.42802138366724,
              25.118716824932733
            ],
            [
              86.42883838614681,
              25.119855038088957
            ],
            [
              86.42978734844665,
              25.12113860674466
            ],
            [
              86.43185033219157,
              25.12247484825724
            ],
            [
              86.43319977242822,
              25.123204544160508
            ],
            [
              86.43436474811287,
              25.12369195266069
            ],
            [
              86.43693482005588,
              25.12437795359984
            ],
            [
              86.43836551201167,
              25.124769802756024
            ],
            [
              86.43886444171038,
              25.125882645945083
            ],
            [
              86.43965664889144,
              25.126682597897904
            ],
            [
              86.44029130684304,
              25.127119642395556
            ],
            [
              86.44180148622675,
              25.12753596236937
            ],
            [
              86.4432327773588,
              25.12780693838298
            ],
            [
              86.4436293323528,
              25.128122423226607
            ],
            [
              86.44437005169503,
              25.128559938351422
            ],
            [
              86.44534833859902,
              25.129288042084198
            ],
            [
              86.44635234965946,
              25.130209582342758
            ],
            [
              86.44682674816436,
              25.130887570025894
            ],
            [
              86.44748521326763,
              25.131952573599314
            ],
            [
              86.44837738587182,
              25.13410528592607
            ],
            [
              86.44924990782923,
              25.134784745932752
            ],
            [
              86.45107618010688,
              25.135733421045092
            ],
            [
              86.45284929098435,
              25.136730100968702
            ],
            [
              86.45480793630733,
              25.137751644740167
            ],
            [
              86.45628966963925,
              25.138650674389645
            ],
            [
              86.45729491588322,
              25.13930646297302
            ],
            [
              86.45811466361428,
              25.139937365929637
            ],
            [
              86.45925182386445,
              25.140762589193148
            ],
            [
              86.45986013512707,
              25.14119954427205
            ],
            [
              86.46052100502034,
              25.141733224912304
            ],
            [
              86.46142162178822,
              25.14207461099657
            ],
            [
              86.46213769585066,
              25.142125436376137
            ],
            [
              86.46312179395619,
              25.141573618812096
            ],
            [
              86.46426532056681,
              25.140973967980393
            ],
            [
              86.46575420808163,
              25.140254814262917
            ],
            [
              86.46737477424409,
              25.139753486069086
            ],
            [
              86.468570194732,
              25.139395559836537
            ],
            [
              86.46979178673742,
              25.13911014224502
            ],
            [
              86.47143807705635,
              25.138802026793783
            ],
            [
              86.47228760124412,
              25.138684315231075
            ],
            [
              86.47308301630909,
              25.138783773889052
            ],
            [
              86.47379710509473,
              25.139317587072913
            ],
            [
              86.47522582435016,
              25.14024035198667
            ],
            [
              86.47699951284436,
              25.141140209052033
            ],
            [
              86.47795232801845,
              25.141674934925142
            ],
            [
              86.48006988262024,
              25.14284155884549
            ],
            [
              86.4817902596956,
              25.14383780098326
            ],
            [
              86.48340410196815,
              25.144930191164367
            ],
            [
              86.48491202119058,
              25.145973879157967
            ],
            [
              86.48713436157533,
              25.147502988389824
            ],
            [
              86.4884576186164,
              25.148328724845236
            ],
            [
              86.4894364292382,
              25.149008318743185
            ],
            [
              86.49123583919392,
              25.15017368862449
            ],
            [
              86.49253226265911,
              25.15107172175815
            ],
            [
              86.49298290072478,
              25.151194005076945
            ],
            [
              86.49372603204355,
              25.151148233922115
            ],
            [
              86.49473496497345,
              25.15098262528549
            ],
            [
              86.49574359696774,
              25.150889523996373
            ],
            [
              86.49624702003945,
              25.151060291360054
            ],
            [
              86.4953131907589,
              25.15231291903445
            ],
            [
              86.49424598860813,
              25.15373414023886
            ],
            [
              86.49344607208526,
              25.154673214731424
            ],
            [
              86.49275230588628,
              25.155612738967537
            ],
            [
              86.49187258932182,
              25.156599936716677
            ],
            [
              86.49131246189437,
              25.157298342890943
            ],
            [
              86.49091147640944,
              25.158021495019884
            ],
            [
              86.49026844975265,
              25.159516567762985
            ],
            [
              86.48975857138728,
              25.160891357012883
            ],
            [
              86.4891125955614,
              25.163086832814347
            ],
            [
              86.4895616669652,
              25.163571430701545
            ],
            [
              86.49046192530528,
              25.164033379694615
            ],
            [
              86.49120353218304,
              25.16437403912503
            ],
            [
              86.49250050541718,
              25.16517544464049
            ],
            [
              86.49332120536245,
              25.165637106242798
            ],
            [
              86.49469778639879,
              25.166462967945755
            ],
            [
              86.49612767256575,
              25.1672164839599
            ],
            [
              86.49753108088971,
              25.167945784799
            ],
            [
              86.49803269834774,
              25.16857538762409
            ],
            [
              86.49853461674141,
              25.169156677217753
            ],
            [
              86.50000104637412,
              25.170100466377583
            ],
            [
              86.50029352705086,
              25.170260770131648
            ],
            [
              86.50107212206044,
              25.170594877954645
            ],
            [
              86.50190227138417,
              25.171039649016294
            ],
            [
              86.50245613306248,
              25.17123092973261
            ],
            [
              86.50313993784327,
              25.171650497632772
            ],
            [
              86.50431885088956,
              25.171640717945664
            ],
            [
              86.50746723665291,
              25.172511217595066
            ],
            [
              86.50969183809723,
              25.17319418811559
            ],
            [
              86.51378698618633,
              25.174623255255973
            ],
            [
              86.5155608031396,
              25.173052675831673
            ],
            [
              86.51807867937136,
              25.17106620039831
            ],
            [
              86.51890284322037,
              25.170819230370757
            ],
            [
              86.51892803018428,
              25.170811679090328
            ],
            [
              86.51963417965945,
              25.171039106736487
            ],
            [
              86.52213567421371,
              25.173202736797954
            ],
            [
              86.52340472960546,
              25.174139788261577
            ],
            [
              86.5259070748643,
              25.176142430107696
            ],
            [
              86.52840866014836,
              25.178338105270225
            ],
            [
              86.5314395462726,
              25.18085708719627
            ],
            [
              86.53277855437385,
              25.18201941478657
            ],
            [
              86.53415460809909,
              25.182763727335555
            ],
            [
              86.53815022285472,
              25.182615415384547
            ],
            [
              86.54522246505049,
              25.18228340699799
            ],
            [
              86.54759222975315,
              25.182033295735625
            ],
            [
              86.54798023009064,
              25.182259617985093
            ],
            [
              86.54726754177854,
              25.183769536764057
            ],
            [
              86.54733556760175,
              25.18450972035325
            ],
            [
              86.54824741241235,
              25.186507114364773
            ],
            [
              86.54778531004705,
              25.187181288044954
            ],
            [
              86.54689666333033,
              25.18846544113823
            ],
            [
              86.54657264190567,
              25.19004084394577
            ],
            [
              86.54688297659865,
              25.192164908266623
            ],
            [
              86.54705426915365,
              25.193645378651933
            ],
            [
              86.54722520867077,
              25.195222297087465
            ],
            [
              86.54782353066742,
              25.195996159676845
            ],
            [
              86.54835241828253,
              25.196383835724816
            ],
            [
              86.54927251681397,
              25.19619365769147
            ],
            [
              86.55171309391386,
              25.19597584907474
            ],
            [
              86.55429382975764,
              25.196080186049432
            ],
            [
              86.55490580255335,
              25.19623397806695
            ],
            [
              86.5550710781926,
              25.196275511193583
            ],
            [
              86.55510080164873,
              25.197819847244727
            ],
            [
              86.55509745183102,
              25.19784068100462
            ],
            [
              86.55507449987552,
              25.1979834886068
            ],
            [
              86.55495608934464,
              25.19872022071822
            ],
            [
              86.55491303488971,
              25.200843384252927
            ],
            [
              86.55476609386544,
              25.202354947004164
            ],
            [
              86.55496990633203,
              25.20463968823627
            ],
            [
              86.55517382300323,
              25.206924518257864
            ],
            [
              86.55516774320536,
              25.208597339792178
            ],
            [
              86.5555713652457,
              25.210175890834062
            ],
            [
              86.55576047588436,
              25.21091548724266
            ],
            [
              86.55615116128624,
              25.212266181695167
            ],
            [
              86.55617958577847,
              25.212364450628012
            ],
            [
              86.55638341980463,
              25.214681426708758
            ],
            [
              86.55622034863111,
              25.214828798301028
            ],
            [
              86.55609957014117,
              25.2149379483014
            ],
            [
              86.55440101673733,
              25.215222361849268
            ],
            [
              86.55178208273105,
              25.21576134000606
            ],
            [
              86.54937585810596,
              25.216140085608266
            ],
            [
              86.5480293086479,
              25.21687594632432
            ],
            [
              86.5474616829828,
              25.217356717806325
            ],
            [
              86.5464307503116,
              25.21880126063914
            ],
            [
              86.54649868809989,
              25.219541440145196
            ],
            [
              86.54645750214077,
              25.221117702929245
            ],
            [
              86.54627353525541,
              25.22304734663615
            ],
            [
              86.5447493619162,
              25.2239756157655
            ],
            [
              86.54396965658894,
              25.22442357011454
            ],
            [
              86.54333011359884,
              25.225193713638202
            ],
            [
              86.5433952522367,
              25.226706005182628
            ],
            [
              86.54313959889338,
              25.22886064598401
            ],
            [
              86.54270639263581,
              25.231207810874356
            ],
            [
              86.54234480186932,
              25.233329972029598
            ],
            [
              86.5418406511622,
              25.235709153299982
            ],
            [
              86.54140787789261,
              25.23792753562437
            ],
            [
              86.54129848015899,
              25.238795850946023
            ],
            [
              86.54099083592028,
              25.23900425879865
            ],
            [
              86.540589336599,
              25.239276244066396
            ],
            [
              86.53998734228944,
              25.239435206228322
            ],
            [
              86.53941945701123,
              25.239948272023653
            ],
            [
              86.53891908371986,
              25.241330019643986
            ],
            [
              86.5382770874307,
              25.242743562280975
            ],
            [
              86.5377441627867,
              25.243353177690103
            ],
            [
              86.5365722521081,
              25.244571979259895
            ],
            [
              86.5357537593235,
              25.245856270218486
            ],
            [
              86.53479458587383,
              25.246947038819364
            ],
            [
              86.53408441284449,
              25.247652527864606
            ],
            [
              86.53294826679227,
              25.248742816405397
            ],
            [
              86.5325279432742,
              25.25000101417092
            ],
            [
              86.53199077409049,
              25.250270824992878
            ],
            [
              86.53182524871961,
              25.2509362240616
            ],
            [
              86.53212981622849,
              25.251683477143793
            ],
            [
              86.53269243468418,
              25.252751138852187
            ],
            [
              86.53277425503687,
              25.253167438351117
            ],
            [
              86.53277375018372,
              25.253818541751034
            ],
            [
              86.53231556986294,
              25.25459733367597
            ],
            [
              86.53182215582007,
              25.255162710949048
            ],
            [
              86.53082432876205,
              25.25548220702202
            ],
            [
              86.53027265627806,
              25.25554592495969
            ],
            [
              86.52996787497018,
              25.255086832844004
            ],
            [
              86.52972194588976,
              25.254456980345992
            ],
            [
              86.52937010274243,
              25.254125881297302
            ],
            [
              86.52899454586823,
              25.254125586374947
            ],
            [
              86.528231428831,
              25.254456018398
            ],
            [
              86.52752716581796,
              25.25456222423483
            ],
            [
              86.52690523160402,
              25.25435903060268
            ],
            [
              86.52634254936794,
              25.25360091592917
            ],
            [
              86.52587398721744,
              25.252490637124584
            ],
            [
              86.52567492773699,
              25.25202085838684
            ],
            [
              86.5253702407522,
              25.251390989990295
            ],
            [
              86.52497107255905,
              25.251540155723543
            ],
            [
              86.52481830596015,
              25.251806878976538
            ],
            [
              86.52424274637447,
              25.252500200699423
            ],
            [
              86.52390185099551,
              25.253161767347386
            ],
            [
              86.52358440434041,
              25.253844538854235
            ],
            [
              86.52320822493373,
              25.25453804637319
            ],
            [
              86.52256185205248,
              25.255583597391613
            ],
            [
              86.52192755702025,
              25.256255587151642
            ],
            [
              86.52114610087652,
              25.257354333936895
            ],
            [
              86.52100483181493,
              25.257951879651294
            ],
            [
              86.52107431290891,
              25.25899793585634
            ],
            [
              86.52128256395132,
              25.25919659977335
            ],
            [
              86.5215669130781,
              25.25946785902878
            ],
            [
              86.52262296803451,
              25.259788793133914
            ],
            [
              86.52299820241352,
              25.260130547856463
            ],
            [
              86.5236087774307,
              25.25978944794476
            ],
            [
              86.52377331555306,
              25.25951210761485
            ],
            [
              86.52433682783249,
              25.2594484526898
            ],
            [
              86.52511126004903,
              25.259641038957955
            ],
            [
              86.52614408996212,
              25.25970576536531
            ],
            [
              86.52790432259165,
              25.260005800990804
            ],
            [
              86.52832634662059,
              25.260603799984477
            ],
            [
              86.52989833368906,
              25.261672073823068
            ],
            [
              86.53161163563325,
              25.262100060872303
            ],
            [
              86.53240942943707,
              25.262527568720504
            ],
            [
              86.53259672008897,
              25.263125353007478
            ],
            [
              86.5326850837702,
              25.26322140198177
            ],
            [
              86.53332381917488,
              25.263915661033835
            ],
            [
              86.53358795800439,
              25.264285757378406
            ],
            [
              86.53379292121289,
              25.26447099035231
            ],
            [
              86.53405068739376,
              25.265132841926228
            ],
            [
              86.53419089644329,
              25.265944049152168
            ],
            [
              86.5344016187511,
              25.266755389060982
            ],
            [
              86.53477687918124,
              25.267182545007227
            ],
            [
              86.5355745633906,
              25.267780713369238
            ],
            [
              86.53531560873861,
              25.26878382802671
            ],
            [
              86.53533870532289,
              25.269317516642637
            ],
            [
              86.53559673021854,
              25.269680545284263
            ],
            [
              86.53651189610078,
              25.270129350658955
            ],
            [
              86.5370044387778,
              25.270641936688776
            ],
            [
              86.5365814266021,
              25.271303363879756
            ],
            [
              86.5367458362654,
              25.27131518916129
            ],
            [
              86.53777864821215,
              25.271389477118188
            ],
            [
              86.5389054203444,
              25.271432826157785
            ],
            [
              86.53921046935027,
              25.271603824129702
            ],
            [
              86.53991451497102,
              25.272052491606026
            ],
            [
              86.54059483967842,
              25.27273596678563
            ],
            [
              86.54094681128483,
              25.272949552700656
            ],
            [
              86.54202626196451,
              25.273697295807725
            ],
            [
              86.5422369905605,
              25.274444598090437
            ],
            [
              86.54209559573479,
              25.275255647229915
            ],
            [
              86.54208349902117,
              25.275610758350798
            ],
            [
              86.5420715990386,
              25.27596004740353
            ],
            [
              86.54242353561071,
              25.27634448571706
            ],
            [
              86.54284581026957,
              25.27685701462826
            ],
            [
              86.54319785643617,
              25.277027970840237
            ],
            [
              86.5441603249063,
              25.27719927610206
            ],
            [
              86.54533419301396,
              25.277093176984227
            ],
            [
              86.54601493274298,
              25.277200297980333
            ],
            [
              86.54678933621345,
              25.27773430780905
            ],
            [
              86.54758719110268,
              25.27837512738594
            ],
            [
              86.54958173310445,
              25.28010525599887
            ],
            [
              86.55025792196825,
              25.280628432648037
            ],
            [
              86.5505203387274,
              25.28083146615612
            ],
            [
              86.55108360037684,
              25.281237299029403
            ],
            [
              86.55177912098554,
              25.2816785481287
            ],
            [
              86.55185810984848,
              25.28172865891924
            ],
            [
              86.55253895378212,
              25.28170769738607
            ],
            [
              86.55352520155611,
              25.281366619932527
            ],
            [
              86.5541596106744,
              25.280598410741437
            ],
            [
              86.55406622541071,
              25.279680531224223
            ],
            [
              86.55420763011793,
              25.27865598896579
            ],
            [
              86.55376202531278,
              25.277908624891168
            ]
          ]
        ]
      }
    }
  ]
}