{
  "type": "FeatureCollection",
  "features": [
    {
      "type": "Feature",
      "properties": {
        "object_id": "10-236-01508",
        "stname": "BIHAR",
        "dtname": "Gaya",
        "sdtname": "Fatehpur",
        "st_area_sh": 0.0,
        "st_length_": 0.0,
        "remarks": "",
        "dist_lgd": 196,
        "state_lgd": 10,
        "subdt_lgd": 1508,
        "ac_no": null,
        "st_length(shape)": 155359.44599717355,
        "st_area(shape)": 408449805.62920874
      },
      "geometry": {
        "type": "Polygon",
        "coordinates": [
          [
            [
              85.29023434927265,
              24.74758905993409
            ],
            [
              85.2905408283964,
              24.747562148651067
            ],
            [
              85.29114386565003,
              24.747562488030063
            ],
            [
              85.291603545259,
              24.7475808006256
            ],
            [
              85.29221152234837,
              24.74758565309176
            ],
            [
              85.29249821697633,
              24.74757678436941
            ],
            [
              85.29268113642605,
              24.747531744857874
            ],
            [
              85.29346228804094,
              24.747270366400866
            ],
            [
              85.2944907332771,
              24.746778905961794
            ],
            [
              85.29555867923297,
              24.746337113337262
            ],
            [
              85.2958800721871,
              24.74617026682946
            ],
            [
              85.2959839201289,
              24.746093585873606
            ],
            [
              85.29603836073007,
              24.745985280224723
            ],
            [
              85.29601867774386,
              24.745845338378587
            ],
            [
              85.29586569644762,
              24.74545705917934
            ],
            [
              85.29552993044892,
              24.744910696675472
            ],
            [
              85.29535212241316,
              24.744702962756012
            ],
            [
              85.29499705880555,
              24.74342533294187
            ],
            [
              85.29495264879284,
              24.743307947085643
            ],
            [
              85.29483907029989,
              24.743145385403583
            ],
            [
              85.2947304082865,
              24.74302345013318
            ],
            [
              85.29467609524612,
              24.742933142620956
            ],
            [
              85.29463173643738,
              24.742739020244976
            ],
            [
              85.29423672924065,
              24.742102344206724
            ],
            [
              85.29400957944127,
              24.741772704995032
            ],
            [
              85.2939948237144,
              24.741659848829592
            ],
            [
              85.29400968364583,
              24.74161020331047
            ],
            [
              85.29408386023378,
              24.74155607628391
            ],
            [
              85.29421736156313,
              24.741479412062457
            ],
            [
              85.29429156599883,
              24.74138014615185
            ],
            [
              85.29430651755843,
              24.741190568120604
            ],
            [
              85.29427200608183,
              24.74105513338566
            ],
            [
              85.29415346439696,
              24.740928678657216
            ],
            [
              85.29402008344188,
              24.740820273053174
            ],
            [
              85.29371378398113,
              24.74059441040421
            ],
            [
              85.29357549912292,
              24.74042732040517
            ],
            [
              85.29352614388459,
              24.740318957604725
            ],
            [
              85.29392200088756,
              24.73963305609057
            ],
            [
              85.29408030470191,
              24.739416474235437
            ],
            [
              85.29444630799304,
              24.73902847438265
            ],
            [
              85.2948660952169,
              24.739547801230806
            ],
            [
              85.2952316664184,
              24.73983237303728
            ],
            [
              85.29567634595877,
              24.7400763623069
            ],
            [
              85.29606670617055,
              24.740248098300942
            ],
            [
              85.29645705739915,
              24.74043337409895
            ],
            [
              85.29706492309741,
              24.740560082248
            ],
            [
              85.29787058344816,
              24.74054695830973
            ],
            [
              85.29885417041234,
              24.740547461695932
            ],
            [
              85.2994526109866,
              24.739920329031108
            ],
            [
              85.29961085102056,
              24.739794019188537
            ],
            [
              85.29972950140159,
              24.739748940143333
            ],
            [
              85.3000310326048,
              24.73969492408024
            ],
            [
              85.30178576305323,
              24.739519750071675
            ],
            [
              85.30271995615149,
              24.739452495633714
            ],
            [
              85.30307584441255,
              24.739416556638133
            ],
            [
              85.303273559115,
              24.739398595295146
            ],
            [
              85.30347623880604,
              24.73934001103024
            ],
            [
              85.30359985956554,
              24.739240763808375
            ],
            [
              85.30372352074924,
              24.739073806608957
            ],
            [
              85.3038126596766,
              24.73877141767402
            ],
            [
              85.30385729786136,
              24.738500603161317
            ],
            [
              85.30388726386259,
              24.73795443200588
            ],
            [
              85.30389749926697,
              24.737340542714154
            ],
            [
              85.30382398473736,
              24.736248137229207
            ],
            [
              85.30376500764402,
              24.735665812128236
            ],
            [
              85.30370108622333,
              24.735087998657363
            ],
            [
              85.30369630089783,
              24.73481264707044
            ],
            [
              85.30375075587203,
              24.73465919930293
            ],
            [
              85.30387446017487,
              24.734406478236732
            ],
            [
              85.30397838177848,
              24.734176317185423
            ],
            [
              85.30408234111138,
              24.733878446244727
            ],
            [
              85.3040528655903,
              24.733562457382444
            ],
            [
              85.30407286658009,
              24.733156212665975
            ],
            [
              85.30400891641332,
              24.73262805297915
            ],
            [
              85.30397942023096,
              24.732352690234826
            ],
            [
              85.30396465372435,
              24.732244348139467
            ],
            [
              85.30389551758343,
              24.732145008767795
            ],
            [
              85.30372258919627,
              24.73205464766389
            ],
            [
              85.30348043124349,
              24.7320274482636
            ],
            [
              85.30346081742755,
              24.731756604378813
            ],
            [
              85.30345612912008,
              24.731314235372373
            ],
            [
              85.30346114261766,
              24.73118784825145
            ],
            [
              85.30346620282769,
              24.7309847242211
            ],
            [
              85.30346637260928,
              24.73068680484092
            ],
            [
              85.30346647591554,
              24.730506246897946
            ],
            [
              85.3034171503216,
              24.73033920780298
            ],
            [
              85.30329862390805,
              24.730185677819346
            ],
            [
              85.30303189972716,
              24.729914714062208
            ],
            [
              85.30289852685695,
              24.72979728607889
            ],
            [
              85.30281456402227,
              24.72970245359371
            ],
            [
              85.30277509923522,
              24.729576043620952
            ],
            [
              85.30271609070081,
              24.72906142796254
            ],
            [
              85.3026668468536,
              24.728754456852815
            ],
            [
              85.30258302056285,
              24.728424898939966
            ],
            [
              85.30253866983895,
              24.728203694022493
            ],
            [
              85.30251898056456,
              24.72806826717519
            ],
            [
              85.30254403906939,
              24.72746792602553
            ],
            [
              85.30263346366098,
              24.726664490060138
            ],
            [
              85.30271296636026,
              24.72592424233298
            ],
            [
              85.30276322530378,
              24.724475292801124
            ],
            [
              85.30317324604387,
              24.724764382817497
            ],
            [
              85.30343511123739,
              24.724872843214175
            ],
            [
              85.30366735807767,
              24.724922607201343
            ],
            [
              85.30397374826826,
              24.72494983589779
            ],
            [
              85.30415168655975,
              24.72490478166314
            ],
            [
              85.30432919096496,
              24.72439002836756
            ],
            [
              85.30566914229723,
              24.724539777789584
            ],
            [
              85.30626092815191,
              24.724632747281323
            ],
            [
              85.30645056430502,
              24.724686608324713
            ],
            [
              85.30662057316748,
              24.72475241098636
            ],
            [
              85.30679706966292,
              24.72491381437917
            ],
            [
              85.30713689694501,
              24.725397935177742
            ],
            [
              85.3077381465512,
              24.726234693129697
            ],
            [
              85.30807311035434,
              24.726587153289632
            ],
            [
              85.30824547010789,
              24.72676851410514
            ],
            [
              85.3086507899641,
              24.72710329032069
            ],
            [
              85.30879463539392,
              24.727181027401112
            ],
            [
              85.30903657685275,
              24.72727673160886
            ],
            [
              85.3092981545854,
              24.727342571250233
            ],
            [
              85.30976902989775,
              24.72739655188077
            ],
            [
              85.31057064693145,
              24.727427724323626
            ],
            [
              85.31159743118268,
              24.72752376124774
            ],
            [
              85.31206829841018,
              24.727595659156776
            ],
            [
              85.31417007859562,
              24.72780709177246
            ],
            [
              85.31523052361885,
              24.72791212581654
            ],
            [
              85.31624427960351,
              24.727912527260884
            ],
            [
              85.31740436665635,
              24.72783755179308
            ],
            [
              85.31761365525291,
              24.727843606915634
            ],
            [
              85.31778369106483,
              24.727873547170933
            ],
            [
              85.31792752930816,
              24.72798115138052
            ],
            [
              85.31803855658568,
              24.728327736712775
            ],
            [
              85.31808419459539,
              24.728644424261667
            ],
            [
              85.31813646576514,
              24.72875796701929
            ],
            [
              85.31821492462205,
              24.72881774590631
            ],
            [
              85.31836207315718,
              24.72884081736358
            ],
            [
              85.31844708432575,
              24.72887072392546
            ],
            [
              85.31852547221578,
              24.729085851380802
            ],
            [
              85.31858434420622,
              24.730317659145328
            ],
            [
              85.31930170375783,
              24.72993971335989
            ],
            [
              85.31964276263017,
              24.729836019970794
            ],
            [
              85.32009749970845,
              24.729718825269703
            ],
            [
              85.32059176715084,
              24.729615186363983
            ],
            [
              85.32112063500301,
              24.72949801511696
            ],
            [
              85.32149136343254,
              24.729353701705953
            ],
            [
              85.32189177040246,
              24.729146205344932
            ],
            [
              85.32210435312118,
              24.728983776914482
            ],
            [
              85.32240592834184,
              24.7287446460104
            ],
            [
              85.32257894566219,
              24.728645400124705
            ],
            [
              85.32302876626095,
              24.7284469440172
            ],
            [
              85.32324132562344,
              24.728338683377974
            ],
            [
              85.32353793136397,
              24.72815371430703
            ],
            [
              85.32399764061735,
              24.727937203031274
            ],
            [
              85.32416571271206,
              24.727842467041494
            ],
            [
              85.32470948541143,
              24.72750410673018
            ],
            [
              85.32508517343966,
              24.727287564133846
            ],
            [
              85.32536695428303,
              24.72708904384819
            ],
            [
              85.3254016229648,
              24.726903984796678
            ],
            [
              85.32536219500867,
              24.72662862162103
            ],
            [
              85.3252833283166,
              24.726109492143475
            ],
            [
              85.32512549611783,
              24.725324014863816
            ],
            [
              85.32504658091675,
              24.72493127599643
            ],
            [
              85.32500710804482,
              24.724773275197865
            ],
            [
              85.32488858342792,
              24.724565594133054
            ],
            [
              85.32451221178178,
              24.724155799132365
            ],
            [
              85.32422272159663,
              24.723990367946655
            ],
            [
              85.32409158014156,
              24.7239043475925
            ],
            [
              85.3240100975554,
              24.723776671053518
            ],
            [
              85.32380493222597,
              24.72310895698024
            ],
            [
              85.32365997019025,
              24.72226697939463
            ],
            [
              85.3235291584169,
              24.72139026038402
            ],
            [
              85.3235300405625,
              24.720714506602636
            ],
            [
              85.32357388463659,
              24.72042589432555
            ],
            [
              85.3236143393671,
              24.720195616833788
            ],
            [
              85.32374385307486,
              24.719820059732115
            ],
            [
              85.32423553426753,
              24.719041678689624
            ],
            [
              85.32478200101443,
              24.718218724096047
            ],
            [
              85.32536465818917,
              24.71732696926915
            ],
            [
              85.32565405764446,
              24.716940179215193
            ],
            [
              85.3259909788766,
              24.71641772321145
            ],
            [
              85.32633763784644,
              24.715803729276782
            ],
            [
              85.32642515980625,
              24.715607243788725
            ],
            [
              85.32645595764747,
              24.715463753141975
            ],
            [
              85.32659202007365,
              24.714670050811392
            ],
            [
              85.32670799976337,
              24.71419440930568
            ],
            [
              85.32774433310604,
              24.71346674497801
            ],
            [
              85.32843137092355,
              24.713042649847143
            ],
            [
              85.32876255281933,
              24.712780944307656
            ],
            [
              85.32953856337583,
              24.712266592957775
            ],
            [
              85.32978076714275,
              24.712077079910475
            ],
            [
              85.32984011613861,
              24.711937166015854
            ],
            [
              85.32980574569754,
              24.711327773736222
            ],
            [
              85.32991005357675,
              24.709842717343545
            ],
            [
              85.33004881544039,
              24.70873232826847
            ],
            [
              85.33013783489177,
              24.708524714286362
            ],
            [
              85.33022189564278,
              24.708362236091837
            ],
            [
              85.33025654456162,
              24.708199744628157
            ],
            [
              85.3302765266868,
              24.70759488205393
            ],
            [
              85.33029174414773,
              24.706497997082508
            ],
            [
              85.33028224805685,
              24.705419160918648
            ],
            [
              85.33031718713153,
              24.704439644331146
            ],
            [
              85.33040158205584,
              24.703338265843218
            ],
            [
              85.33042166119905,
              24.70245805196685
            ],
            [
              85.33049622406257,
              24.70120770863884
            ],
            [
              85.33063518984376,
              24.699478907145217
            ],
            [
              85.33076420408824,
              24.69793517425736
            ],
            [
              85.33075932713456,
              24.6977546153253
            ],
            [
              85.33073961270735,
              24.697614676361958
            ],
            [
              85.3306260351127,
              24.697434084319617
            ],
            [
              85.33039391223991,
              24.697149635917384
            ],
            [
              85.33014697075821,
              24.696856155379145
            ],
            [
              85.32991979041611,
              24.696576222227222
            ],
            [
              85.32941115082753,
              24.695822236819968
            ],
            [
              85.32913460806056,
              24.695424924184593
            ],
            [
              85.32879383215753,
              24.6950366190489
            ],
            [
              85.32867532281199,
              24.69484248235045
            ],
            [
              85.32838392460519,
              24.69454447238889
            ],
            [
              85.32815672000856,
              24.694350299828606
            ],
            [
              85.32773187526969,
              24.69417412340408
            ],
            [
              85.32701060086006,
              24.69395270908382
            ],
            [
              85.32671418735904,
              24.693862334129822
            ],
            [
              85.32562730042542,
              24.693636281786414
            ],
            [
              85.32465400815443,
              24.693523109366613
            ],
            [
              85.32439241515043,
              24.6928594689883
            ],
            [
              85.32433320000352,
              24.6926788912742
            ],
            [
              85.32409131603687,
              24.692155189203547
            ],
            [
              85.32366670935151,
              24.69143281066482
            ],
            [
              85.32335564792146,
              24.69094068160262
            ],
            [
              85.32323717810178,
              24.690683346013895
            ],
            [
              85.32295502805083,
              24.690202020360882
            ],
            [
              85.32288109490632,
              24.68977768195748
            ],
            [
              85.32273118764495,
              24.689068897297595
            ],
            [
              85.32270792936393,
              24.688267477691202
            ],
            [
              85.32266247191562,
              24.687093178774482
            ],
            [
              85.32266435568276,
              24.686891925386693
            ],
            [
              85.32267037709013,
              24.686248633897755
            ],
            [
              85.32269068081217,
              24.68523964866198
            ],
            [
              85.32265593757026,
              24.68453436511764
            ],
            [
              85.32267847630074,
              24.68406320391652
            ],
            [
              85.32264410496133,
              24.683557627677835
            ],
            [
              85.32266834060938,
              24.68309987030253
            ],
            [
              85.32263579195168,
              24.68248466162615
            ],
            [
              85.32262918124951,
              24.681962902645157
            ],
            [
              85.3226202933181,
              24.681357276017927
            ],
            [
              85.32275281099218,
              24.68024164491619
            ],
            [
              85.32303390372604,
              24.679360138181266
            ],
            [
              85.32308646056006,
              24.679195316010237
            ],
            [
              85.32317323512154,
              24.678084858675813
            ],
            [
              85.32328230586839,
              24.67715050729488
            ],
            [
              85.32330721435463,
              24.676649465212343
            ],
            [
              85.3232431096776,
              24.676365063246536
            ],
            [
              85.32315427977072,
              24.676143848299347
            ],
            [
              85.32270496761844,
              24.675574932030553
            ],
            [
              85.32236039902831,
              24.675093793745685
            ],
            [
              85.32224581082895,
              24.674933787766157
            ],
            [
              85.32215205815434,
              24.674676458316537
            ],
            [
              85.32217190822716,
              24.67446430940068
            ],
            [
              85.32221648622483,
              24.674184459015024
            ],
            [
              85.32229092781581,
              24.673376485152072
            ],
            [
              85.32234060824425,
              24.67271294894108
            ],
            [
              85.32242473097905,
              24.67236991732303
            ],
            [
              85.32249893631308,
              24.67211715963016
            ],
            [
              85.32258796744257,
              24.671850868620382
            ],
            [
              85.32285004194358,
              24.671232547344484
            ],
            [
              85.3228600231247,
              24.670988795402458
            ],
            [
              85.32281574157108,
              24.670559953275173
            ],
            [
              85.32270252420086,
              24.66960746635286
            ],
            [
              85.32274733576051,
              24.668763368757737
            ],
            [
              85.32280677189296,
              24.668384215758202
            ],
            [
              85.32291060636003,
              24.66814952610352
            ],
            [
              85.32326643443395,
              24.66775241996871
            ],
            [
              85.32405710190265,
              24.66700788572309
            ],
            [
              85.32475381008419,
              24.66631777781945
            ],
            [
              85.32444156826783,
              24.66597387063185
            ],
            [
              85.32389924275438,
              24.665346316655036
            ],
            [
              85.32373308317293,
              24.66517634762385
            ],
            [
              85.32358276538147,
              24.66509264674017
            ],
            [
              85.32340626169952,
              24.665098561234384
            ],
            [
              85.32300742498472,
              24.665277671905287
            ],
            [
              85.32186967004984,
              24.665988292262355
            ],
            [
              85.32104822719783,
              24.666621240685547
            ],
            [
              85.32010033658813,
              24.667351607200175
            ],
            [
              85.31949531136279,
              24.66783031001109
            ],
            [
              85.31879561718127,
              24.668302069694537
            ],
            [
              85.31812206936438,
              24.66876786184518
            ],
            [
              85.31774765784218,
              24.66901999122034
            ],
            [
              85.31764957618618,
              24.669067752208846
            ],
            [
              85.31751882010838,
              24.66909160208388
            ],
            [
              85.31623103663956,
              24.668959653017527
            ],
            [
              85.3159303417679,
              24.66891770997382
            ],
            [
              85.31409662335484,
              24.66889120290988
            ],
            [
              85.31285453808283,
              24.668896666609587
            ],
            [
              85.31107791299598,
              24.66896297466435
            ],
            [
              85.31105659597426,
              24.668966387740042
            ],
            [
              85.31059411541825,
              24.669040441092218
            ],
            [
              85.31039582759064,
              24.66910115395103
            ],
            [
              85.31024541996766,
              24.6691966880925
            ],
            [
              85.31008840433746,
              24.669429644347705
            ],
            [
              85.30987238376613,
              24.669985219721635
            ],
            [
              85.3095712388385,
              24.670803656259825
            ],
            [
              85.30914299756952,
              24.67191118583324
            ],
            [
              85.3090317304418,
              24.672162085207777
            ],
            [
              85.30895735981774,
              24.672301866628818
            ],
            [
              85.30883962841324,
              24.672409365386713
            ],
            [
              85.30789138027406,
              24.673000462005245
            ],
            [
              85.30704117785825,
              24.673603548080926
            ],
            [
              85.30690041364984,
              24.67371554107506
            ],
            [
              85.30658651444182,
              24.67389464590437
            ],
            [
              85.30616800372397,
              24.674091628186012
            ],
            [
              85.30597183142885,
              24.674175186710354
            ],
            [
              85.30584105109655,
              24.674228900601012
            ],
            [
              85.30554684026458,
              24.674264615158354
            ],
            [
              85.30518723926644,
              24.67433017181718
            ],
            [
              85.30414111698211,
              24.674526853014925
            ],
            [
              85.30209089380578,
              24.675044937154293
            ],
            [
              85.30183858489026,
              24.67508141062763
            ],
            [
              85.30131558842677,
              24.675063230216306
            ],
            [
              85.30129645071798,
              24.67425660321967
            ],
            [
              85.30125776027869,
              24.673348392145897
            ],
            [
              85.30129971699236,
              24.672008196976485
            ],
            [
              85.30129273977754,
              24.670542071794085
            ],
            [
              85.30127639942253,
              24.670413412401047
            ],
            [
              85.3012502674309,
              24.67038352363827
            ],
            [
              85.30116531734774,
              24.670323733030106
            ],
            [
              85.30053118041901,
              24.670347318993358
            ],
            [
              85.30009318793762,
              24.670329176259067
            ],
            [
              85.3000212876806,
              24.67031121474547
            ],
            [
              85.29994940628818,
              24.670263379947784
            ],
            [
              85.29985799462321,
              24.670078109933186
            ],
            [
              85.29970795890276,
              24.66954028925328
            ],
            [
              85.29964931777933,
              24.669217613038487
            ],
            [
              85.29961269705846,
              24.66893464311205
            ],
            [
              85.29956713810049,
              24.6686000232049
            ],
            [
              85.2995148759139,
              24.668540247252206
            ],
            [
              85.29899839942277,
              24.66859376111908
            ],
            [
              85.2980307458768,
              24.66882031520049
            ],
            [
              85.29691921995158,
              24.66912446259358
            ],
            [
              85.29650815986074,
              24.66923857798106
            ],
            [
              85.29614201194082,
              24.66933099772757
            ],
            [
              85.29577586581752,
              24.669423415772926
            ],
            [
              85.29540970442288,
              24.669536746397412
            ],
            [
              85.2951677899135,
              24.669590391265256
            ],
            [
              85.29499127455344,
              24.66960224839835
            ],
            [
              85.2948474569714,
              24.669596196158576
            ],
            [
              85.29474542901636,
              24.66953833660094
            ],
            [
              85.29462781529115,
              24.669448650070287
            ],
            [
              85.29454942470619,
              24.66935898306701
            ],
            [
              85.29454295324291,
              24.66925740577323
            ],
            [
              85.29459597270927,
              24.669109633161078
            ],
            [
              85.29463826359623,
              24.668949951751138
            ],
            [
              85.29488546469105,
              24.66897881064906
            ],
            [
              85.29499846197402,
              24.668939353337144
            ],
            [
              85.29508155703613,
              24.668896838038993
            ],
            [
              85.29517131669931,
              24.668823929097517
            ],
            [
              85.29521788805856,
              24.668738837183163
            ],
            [
              85.29523457695993,
              24.668620291103522
            ],
            [
              85.29520077515242,
              24.668474881837625
            ],
            [
              85.29516430355186,
              24.66835022769623
            ],
            [
              85.29512118531655,
              24.668231648593913
            ],
            [
              85.29505482407156,
              24.66808569927711
            ],
            [
              85.29490923501177,
              24.66782618913973
            ],
            [
              85.29479978697252,
              24.66751302292841
            ],
            [
              85.29478658982266,
              24.667367101342776
            ],
            [
              85.29480325806277,
              24.66728199292427
            ],
            [
              85.29485802475239,
              24.667178449821243
            ],
            [
              85.29496110104134,
              24.66706298884964
            ],
            [
              85.29521376658805,
              24.666838172022114
            ],
            [
              85.29561346209225,
              24.666452096268394
            ],
            [
              85.29578642641198,
              24.666157318121424
            ],
            [
              85.29582972431038,
              24.665993187910015
            ],
            [
              85.29583310017921,
              24.665908072839805
            ],
            [
              85.29580659359011,
              24.665789502845197
            ],
            [
              85.29571670187461,
              24.665579199281204
            ],
            [
              85.2954245751341,
              24.66516561908888
            ],
            [
              85.29536156460512,
              24.664977113631693
            ],
            [
              85.29535500870017,
              24.664837274205286
            ],
            [
              85.29538173896978,
              24.664579697795645
            ],
            [
              85.29541834891086,
              24.664482440049593
            ],
            [
              85.29545826375387,
              24.66441254416139
            ],
            [
              85.29550483241822,
              24.66433353193898
            ],
            [
              85.29582739408052,
              24.66390203824483
            ],
            [
              85.29592068412278,
              24.663494743408116
            ],
            [
              85.29595470961081,
              24.66310635025191
            ],
            [
              85.29597469712587,
              24.66302428398287
            ],
            [
              85.29600462899116,
              24.66297870120288
            ],
            [
              85.29606584738112,
              24.662936881869367
            ],
            [
              85.29620542581333,
              24.662885278330535
            ],
            [
              85.29644139257722,
              24.662782045065015
            ],
            [
              85.29656771187585,
              24.66268179473411
            ],
            [
              85.29674056390621,
              24.662554209744147
            ],
            [
              85.29702494537231,
              24.662270319346177
            ],
            [
              85.29740058399322,
              24.66196044469543
            ],
            [
              85.29766650957181,
              24.661756909791908
            ],
            [
              85.29830737757698,
              24.661355568342326
            ],
            [
              85.29899868239205,
              24.660988093221384
            ],
            [
              85.2993709604155,
              24.660726850650015
            ],
            [
              85.29945840691681,
              24.660661745650557
            ],
            [
              85.29967974641295,
              24.660496956734836
            ],
            [
              85.29979278142515,
              24.66037845833864
            ],
            [
              85.29993907566244,
              24.660202218400784
            ],
            [
              85.30046059260061,
              24.659801731609885
            ],
            [
              85.3008895031145,
              24.659725442395658
            ],
            [
              85.30129156657779,
              24.659646602729495
            ],
            [
              85.30167518403502,
              24.659579166369088
            ],
            [
              85.30201911661797,
              24.659479017146978
            ],
            [
              85.30228329227839,
              24.65941074797566
            ],
            [
              85.3024359115536,
              24.65935267714727
            ],
            [
              85.30293933372702,
              24.65903656860766
            ],
            [
              85.30311229086026,
              24.658901233111116
            ],
            [
              85.30323584065285,
              24.658788442261116
            ],
            [
              85.30358663905952,
              24.65861707887061
            ],
            [
              85.30365581382797,
              24.658576485938013
            ],
            [
              85.30367557676422,
              24.65856746718944
            ],
            [
              85.30385159535592,
              24.65857822486565
            ],
            [
              85.3047177572411,
              24.658631156015204
            ],
            [
              85.30493510103084,
              24.658613201797912
            ],
            [
              85.30511293960929,
              24.658577173345083
            ],
            [
              85.30532045762645,
              24.658464419756587
            ],
            [
              85.30552802864423,
              24.658256873076304
            ],
            [
              85.30627435167722,
              24.65739504800409
            ],
            [
              85.30651902042123,
              24.657085952347142
            ],
            [
              85.30676368557202,
              24.656776855924747
            ],
            [
              85.3067933641124,
              24.656700132164143
            ],
            [
              85.30677364609191,
              24.656627900248147
            ],
            [
              85.30651208632557,
              24.656217008229426
            ],
            [
              85.30614197683526,
              24.65559842415014
            ],
            [
              85.30568805542723,
              24.654708961126605
            ],
            [
              85.30555972030912,
              24.654550912914623
            ],
            [
              85.30506608258575,
              24.65403609020973
            ],
            [
              85.30495752567523,
              24.653846451883098
            ],
            [
              85.30472576841677,
              24.653160218651305
            ],
            [
              85.30468636022361,
              24.652970614100816
            ],
            [
              85.3046521083601,
              24.652397322189984
            ],
            [
              85.30465717665497,
              24.652167111666586
            ],
            [
              85.3047658701094,
              24.652108480655947
            ],
            [
              85.30501286638834,
              24.65204088673205
            ],
            [
              85.30503264818921,
              24.65199575633119
            ],
            [
              85.30489956906807,
              24.651499156739675
            ],
            [
              85.30471717064123,
              24.65087614209425
            ],
            [
              85.30454955578897,
              24.650316329985955
            ],
            [
              85.30446584268594,
              24.64986940582161
            ],
            [
              85.30438224995719,
              24.649210324944345
            ],
            [
              85.30439216735793,
              24.649142620862257
            ],
            [
              85.30443171928158,
              24.649070414782443
            ],
            [
              85.3050590209293,
              24.648993971230244
            ],
            [
              85.30577032403927,
              24.648845340199898
            ],
            [
              85.30633836023445,
              24.648759836229686
            ],
            [
              85.30687181398615,
              24.648687856088628
            ],
            [
              85.30781526422341,
              24.648507722258344
            ],
            [
              85.30866480907244,
              24.648444905150185
            ],
            [
              85.3095489381616,
              24.648359528274298
            ],
            [
              85.31135670334776,
              24.64818877434734
            ],
            [
              85.31168761934222,
              24.648184401355945
            ],
            [
              85.31240875181804,
              24.648107966242456
            ],
            [
              85.31264584866256,
              24.648058410803248
            ],
            [
              85.31335218768226,
              24.647932312349706
            ],
            [
              85.31380661843504,
              24.647846732639223
            ],
            [
              85.31437954685525,
              24.64783342339155
            ],
            [
              85.3146610743737,
              24.647824509191278
            ],
            [
              85.3149525004283,
              24.64777045816337
            ],
            [
              85.31533285789936,
              24.647653245872256
            ],
            [
              85.31556009663197,
              24.647558542734913
            ],
            [
              85.31587128382616,
              24.647490956145443
            ],
            [
              85.31649365641793,
              24.64736480894706
            ],
            [
              85.31680980590576,
              24.647243055057565
            ],
            [
              85.31707659027379,
              24.647071626829973
            ],
            [
              85.317219901206,
              24.64689563590847
            ],
            [
              85.31733847343362,
              24.646814430159974
            ],
            [
              85.31749159307044,
              24.646787405655054
            ],
            [
              85.31769409309841,
              24.64677845463872
            ],
            [
              85.31784718488746,
              24.646814625297456
            ],
            [
              85.31858287725736,
              24.647284357923642
            ],
            [
              85.31900256656483,
              24.64755986786575
            ],
            [
              85.31933834064839,
              24.647731524850812
            ],
            [
              85.32024197216236,
              24.648196799390337
            ],
            [
              85.32184682319722,
              24.648964753366826
            ],
            [
              85.3219307869302,
              24.64896478275943
            ],
            [
              85.32200488177145,
              24.648942238641293
            ],
            [
              85.32252859419219,
              24.64852713694969
            ],
            [
              85.32311158733687,
              24.64807142773189
            ],
            [
              85.3240354650807,
              24.64737207717418
            ],
            [
              85.32471727021168,
              24.646808060022803
            ],
            [
              85.32504337842276,
              24.646465106610123
            ],
            [
              85.32512738257991,
              24.646356799234653
            ],
            [
              85.32515212757271,
              24.646230415744697
            ],
            [
              85.32501395769889,
              24.645932447204267
            ],
            [
              85.32489058936598,
              24.645670594238663
            ],
            [
              85.32474756679296,
              24.645155952101586
            ],
            [
              85.324599464247,
              24.64499791302536
            ],
            [
              85.32447606806633,
              24.644808283832646
            ],
            [
              85.324125567002,
              24.644419963171735
            ],
            [
              85.32379477856831,
              24.644135468968784
            ],
            [
              85.32365159968845,
              24.64402257088158
            ],
            [
              85.323547949376,
              24.643864545067995
            ],
            [
              85.323469014412,
              24.64365236091629
            ],
            [
              85.32337526263568,
              24.6434446859166
            ],
            [
              85.32329631868852,
              24.643255070695474
            ],
            [
              85.32320256601388,
              24.643051908644352
            ],
            [
              85.32305941857504,
              24.642862271597874
            ],
            [
              85.32283722657772,
              24.642735802921354
            ],
            [
              85.3226446457471,
              24.642658998680055
            ],
            [
              85.32243230557353,
              24.64259121429484
            ],
            [
              85.3220471097763,
              24.642523368635143
            ],
            [
              85.32163721390205,
              24.642469054848263
            ],
            [
              85.32157301759692,
              24.642450976647677
            ],
            [
              85.32154833458786,
              24.64242388424526
            ],
            [
              85.32154980692661,
              24.642399410364476
            ],
            [
              85.321538488154,
              24.64235165713395
            ],
            [
              85.32155827264985,
              24.642283954232397
            ],
            [
              85.3216522031909,
              24.642062802160513
            ],
            [
              85.32175599633545,
              24.641877766263175
            ],
            [
              85.32194376668771,
              24.64164761881306
            ],
            [
              85.32210685403093,
              24.641390379945285
            ],
            [
              85.3221365343679,
              24.64127754061505
            ],
            [
              85.32214645895517,
              24.64116469383428
            ],
            [
              85.32213662869103,
              24.64105184123596
            ],
            [
              85.32211937564767,
              24.640977354039713
            ],
            [
              85.3221021208077,
              24.64090286761557
            ],
            [
              85.32207750786722,
              24.64071327139802
            ],
            [
              85.32210225735162,
              24.640582374214468
            ],
            [
              85.32216655336977,
              24.640361210964688
            ],
            [
              85.32224569943787,
              24.640058802888458
            ],
            [
              85.3222606006918,
              24.6398556780975
            ],
            [
              85.32227052617736,
              24.639742831665227
            ],
            [
              85.32225084588612,
              24.639566779791966
            ],
            [
              85.32219164960385,
              24.639404255013183
            ],
            [
              85.32209300470419,
              24.63910178338085
            ],
            [
              85.32202888385754,
              24.638907659239457
            ],
            [
              85.32199931042005,
              24.638772227619995
            ],
            [
              85.3220043203244,
              24.638605213350147
            ],
            [
              85.32199448197542,
              24.638510415983248
            ],
            [
              85.32195995432916,
              24.638411095785866
            ],
            [
              85.32180203858702,
              24.63812665811821
            ],
            [
              85.32176257829157,
              24.638013794609886
            ],
            [
              85.32176260164775,
              24.637959626654617
            ],
            [
              85.32182700636204,
              24.637481166933902
            ],
            [
              85.32188143977667,
              24.637223889274242
            ],
            [
              85.32190627190607,
              24.636894376735277
            ],
            [
              85.32193602410831,
              24.63661000502035
            ],
            [
              85.32197556704878,
              24.636528768088198
            ],
            [
              85.32205461430219,
              24.636456572679606
            ],
            [
              85.32224727957444,
              24.63630767768308
            ],
            [
              85.32233621638085,
              24.636208402277504
            ],
            [
              85.32238069736044,
              24.636127165084208
            ],
            [
              85.32240050700912,
              24.635991753313736
            ],
            [
              85.32246981203329,
              24.635599060390835
            ],
            [
              85.32255391231018,
              24.635251513316952
            ],
            [
              85.32264284462495,
              24.635156750150053
            ],
            [
              85.32274657398914,
              24.635107131597092
            ],
            [
              85.32285523330762,
              24.63507557188123
            ],
            [
              85.32293919075236,
              24.635066572665576
            ],
            [
              85.3232355027438,
              24.63506216165338
            ],
            [
              85.32342318056959,
              24.63502611415675
            ],
            [
              85.32352197009799,
              24.63497649473538
            ],
            [
              85.32360101375815,
              24.634908812333233
            ],
            [
              85.32364548755126,
              24.634841117646125
            ],
            [
              85.3236900008702,
              24.634678629180364
            ],
            [
              85.32375431036307,
              24.63441232525629
            ],
            [
              85.32376638461882,
              24.634240426229542
            ],
            [
              85.32376921341366,
              24.634200173225665
            ],
            [
              85.32374952863083,
              24.634028634009308
            ],
            [
              85.32367060983648,
              24.63379387976532
            ],
            [
              85.32360152939113,
              24.633653922937825
            ],
            [
              85.32331281085884,
              24.63329757361795
            ],
            [
              85.32279172421366,
              24.633418915672028
            ],
            [
              85.32254478812183,
              24.63345494240169
            ],
            [
              85.32184841231695,
              24.63359011521936
            ],
            [
              85.32105323440723,
              24.633801988205757
            ],
            [
              85.32066796943975,
              24.633955325002784
            ],
            [
              85.32013946989686,
              24.63414923473563
            ],
            [
              85.31972950215737,
              24.63432061537445
            ],
            [
              85.3191762998425,
              24.63453256877765
            ],
            [
              85.31823287924963,
              24.634915903276703
            ],
            [
              85.31730428894382,
              24.635249583808204
            ],
            [
              85.31645961925183,
              24.635651001010554
            ],
            [
              85.31560011657785,
              24.63607497806585
            ],
            [
              85.31519015692321,
              24.63620572074628
            ],
            [
              85.31469628294298,
              24.636246148661
            ],
            [
              85.31456787685792,
              24.636255125745
            ],
            [
              85.3144690981093,
              24.636273141968406
            ],
            [
              85.31438512269823,
              24.636313733986537
            ],
            [
              85.31400461341185,
              24.636810118789032
            ],
            [
              85.31363876373263,
              24.637617973364865
            ],
            [
              85.3134706404339,
              24.638051247312863
            ],
            [
              85.31327786287227,
              24.638398744955296
            ],
            [
              85.31288747481271,
              24.6388770656183
            ],
            [
              85.31197331684024,
              24.6398878179682
            ],
            [
              85.31136058406977,
              24.64055111472653
            ],
            [
              85.31085158066352,
              24.641169313658036
            ],
            [
              85.31068851038829,
              24.641349804273926
            ],
            [
              85.31056498305358,
              24.64146260026388
            ],
            [
              85.31005626531153,
              24.6415165486921
            ],
            [
              85.30967102909018,
              24.641543465741858
            ],
            [
              85.3089449316258,
              24.641737249385713
            ],
            [
              85.307818801789,
              24.641912793598607
            ],
            [
              85.30688034618471,
              24.64207938784464
            ],
            [
              85.30655434397487,
              24.642160491342867
            ],
            [
              85.30638641111901,
              24.642187498885875
            ],
            [
              85.30630739261166,
              24.642182949319224
            ],
            [
              85.30628272217903,
              24.642142311034416
            ],
            [
              85.30624840473854,
              24.6416773552383
            ],
            [
              85.30621930111995,
              24.640715863015863
            ],
            [
              85.30620505024629,
              24.63968666724817
            ],
            [
              85.30621537817713,
              24.63886512636333
            ],
            [
              85.3061914021422,
              24.637560573390996
            ],
            [
              85.30609817138874,
              24.63646363087353
            ],
            [
              85.30599952469244,
              24.636237886052363
            ],
            [
              85.30580233460611,
              24.63560132304586
            ],
            [
              85.30553116735781,
              24.63478867859212
            ],
            [
              85.30491487456389,
              24.632969255157835
            ],
            [
              85.30474719143969,
              24.632571944842482
            ],
            [
              85.30468797898774,
              24.632486151282183
            ],
            [
              85.30459911314824,
              24.632440969720367
            ],
            [
              85.3042732178379,
              24.63237310711612
            ],
            [
              85.30358686004507,
              24.632237362199387
            ],
            [
              85.30336465636967,
              24.632196630039953
            ],
            [
              85.30330541337499,
              24.632165004263296
            ],
            [
              85.30328586244113,
              24.631812902592646
            ],
            [
              85.30341476619283,
              24.63092370866295
            ],
            [
              85.30358302962871,
              24.630291830266458
            ],
            [
              85.30384023436253,
              24.629565199232555
            ],
            [
              85.30401826518049,
              24.629118397616832
            ],
            [
              85.3040430326312,
              24.628982989683276
            ],
            [
              85.30406800040619,
              24.6284954910003
            ],
            [
              85.30393023297759,
              24.627606168125197
            ],
            [
              85.3038171296934,
              24.626771025633563
            ],
            [
              85.30377286790275,
              24.626450510681725
            ],
            [
              85.30378282662598,
              24.62630606816349
            ],
            [
              85.30379281229868,
              24.626111972322548
            ],
            [
              85.3038226597223,
              24.625728295604723
            ],
            [
              85.30382289777587,
              24.625308494730735
            ],
            [
              85.30391236728323,
              24.62427934599451
            ],
            [
              85.30401643441394,
              24.623629379214435
            ],
            [
              85.30406593787428,
              24.623412732125203
            ],
            [
              85.30415992590754,
              24.62311936722028
            ],
            [
              85.30425880436918,
              24.62291176915323
            ],
            [
              85.30432803483316,
              24.622735755630625
            ],
            [
              85.3044812496914,
              24.62249207233263
            ],
            [
              85.3046294780015,
              24.622334152399063
            ],
            [
              85.30499010307905,
              24.622063480930414
            ],
            [
              85.30600269394877,
              24.621508727819396
            ],
            [
              85.30684237170271,
              24.621093824066094
            ],
            [
              85.30795857874887,
              24.620660982945648
            ],
            [
              85.30881300324654,
              24.620349896043486
            ],
            [
              85.30963699372069,
              24.62017811078894
            ],
            [
              85.30975633400784,
              24.61998467590316
            ],
            [
              85.30991458931314,
              24.619519801806614
            ],
            [
              85.3099889186147,
              24.619014266292027
            ],
            [
              85.3101075483345,
              24.61877959001271
            ],
            [
              85.31023108105909,
              24.61861262578982
            ],
            [
              85.31035457156291,
              24.61852691166373
            ],
            [
              85.31059767544171,
              24.618419756061108
            ],
            [
              85.31081634873806,
              24.617934532240955
            ],
            [
              85.31090598443373,
              24.617584201848796
            ],
            [
              85.31105043802299,
              24.61727597134588
            ],
            [
              85.31119489161229,
              24.616967740899877
            ],
            [
              85.31129466030436,
              24.61671547130874
            ],
            [
              85.31137115993565,
              24.61649966974556
            ],
            [
              85.31155563077586,
              24.61613934331124
            ],
            [
              85.311728576231,
              24.615671269056172
            ],
            [
              85.31172527761726,
              24.61562263013235
            ],
            [
              85.31161912729341,
              24.61536419189091
            ],
            [
              85.31155919618921,
              24.61525939460305
            ],
            [
              85.31131028200716,
              24.614900580359468
            ],
            [
              85.31128374128207,
              24.614842810611428
            ],
            [
              85.31128046961781,
              24.614742493217637
            ],
            [
              85.31129379432842,
              24.614666500706754
            ],
            [
              85.31132704636698,
              24.61459051713321
            ],
            [
              85.3113999913647,
              24.614500877707247
            ],
            [
              85.31161270074587,
              24.61420913588507
            ],
            [
              85.31216157587603,
              24.61360476575607
            ],
            [
              85.31251050758353,
              24.613200603077207
            ],
            [
              85.31269313777574,
              24.613035803815663
            ],
            [
              85.31250873430915,
              24.612432573846156
            ],
            [
              85.31233970011876,
              24.61211908497172
            ],
            [
              85.31204432237526,
              24.611702492970064
            ],
            [
              85.31176067483271,
              24.611400008199997
            ],
            [
              85.31143206301697,
              24.611104974344244
            ],
            [
              85.31062911917162,
              24.61064288570832
            ],
            [
              85.3105029247388,
              24.61054558106268
            ],
            [
              85.31001223618452,
              24.610008488961117
            ],
            [
              85.30986934027398,
              24.609835198176235
            ],
            [
              85.3095300483878,
              24.60935969839804
            ],
            [
              85.31005336734644,
              24.60898418078199
            ],
            [
              85.31044850659553,
              24.608708996603067
            ],
            [
              85.31058682738635,
              24.608569122766024
            ],
            [
              85.31066588362293,
              24.608456306891075
            ],
            [
              85.31070544363142,
              24.608338958900475
            ],
            [
              85.31070554334438,
              24.608144857220548
            ],
            [
              85.31066125460426,
              24.607855941974627
            ],
            [
              85.31058236904757,
              24.607634721633566
            ],
            [
              85.31037027501237,
              24.607219342247614
            ],
            [
              85.30969958024485,
              24.605697831046164
            ],
            [
              85.3092409902923,
              24.604587184816516
            ],
            [
              85.30895980503195,
              24.60413114711933
            ],
            [
              85.30863433103148,
              24.603399733849876
            ],
            [
              85.30838777941858,
              24.602817318340964
            ],
            [
              85.30827467613443,
              24.601964119811164
            ],
            [
              85.30825012607602,
              24.601706809896196
            ],
            [
              85.308314364602,
              24.60160301722861
            ],
            [
              85.30846252284348,
              24.60152183024134
            ],
            [
              85.30911915268864,
              24.60154920431037
            ],
            [
              85.31006706036632,
              24.60160829764803
            ],
            [
              85.3111532223595,
              24.601640363225076
            ],
            [
              85.31180988184906,
              24.601609043359247
            ],
            [
              85.31235793591904,
              24.601555104660935
            ],
            [
              85.31300474807642,
              24.601469606724738
            ],
            [
              85.31371577270866,
              24.601320936326953
            ],
            [
              85.31422436827981,
              24.601181208600273
            ],
            [
              85.3146687154435,
              24.601176873985956
            ],
            [
              85.31598696617351,
              24.60111420216026
            ],
            [
              85.31778420220625,
              24.60087114077203
            ],
            [
              85.31769562023442,
              24.60024365996685
            ],
            [
              85.31762669879085,
              24.599810287659142
            ],
            [
              85.31748865917272,
              24.59937689098072
            ],
            [
              85.31722224940216,
              24.59895698531488
            ],
            [
              85.3168620168884,
              24.59858218383952
            ],
            [
              85.31652645840052,
              24.598234474242485
            ],
            [
              85.31631432843271,
              24.597886811870296
            ],
            [
              85.31621075807035,
              24.597656557293135
            ],
            [
              85.31603823931498,
              24.597069668396756
            ],
            [
              85.31590531290743,
              24.596275149172918
            ],
            [
              85.31583658280505,
              24.595453572149378
            ],
            [
              85.31580724113292,
              24.594862223736374
            ],
            [
              85.31569389710029,
              24.594428833611623
            ],
            [
              85.3155806698486,
              24.593747172605234
            ],
            [
              85.31545269136164,
              24.592948142195702
            ],
            [
              85.31533464375016,
              24.592077540753266
            ],
            [
              85.31521207940942,
              24.5914907269867
            ],
            [
              85.31506453831054,
              24.591084222879882
            ],
            [
              85.3150124575836,
              24.590737652368983
            ],
            [
              85.31483981575907,
              24.590059130822315
            ],
            [
              85.31480243506344,
              24.589790239677697
            ],
            [
              85.31476118083233,
              24.5893242437534
            ],
            [
              85.31473169273482,
              24.588863769657255
            ],
            [
              85.31467783334365,
              24.588400331129595
            ],
            [
              85.31470030200555,
              24.587989021209427
            ],
            [
              85.31484420043597,
              24.587523028383792
            ],
            [
              85.31524948256289,
              24.586710586948957
            ],
            [
              85.31547174193389,
              24.58624462367427
            ],
            [
              85.31557639386784,
              24.585898114919917
            ],
            [
              85.31564199334144,
              24.585276738731576
            ],
            [
              85.3156551608469,
              24.585049693348243
            ],
            [
              85.31569446214058,
              24.584798757903503
            ],
            [
              85.31592981805005,
              24.584249150112633
            ],
            [
              85.31633140899952,
              24.583504131389525
            ],
            [
              85.31688903731383,
              24.582873416045345
            ],
            [
              85.3172840525954,
              24.582656895250224
            ],
            [
              85.31783206264795,
              24.58251265622021
            ],
            [
              85.31953029894647,
              24.58227405001062
            ],
            [
              85.32046825868073,
              24.58217959960259
            ],
            [
              85.32153954187784,
              24.581990396320446
            ],
            [
              85.3225071783558,
              24.581751494215105
            ],
            [
              85.32339576308877,
              24.581670549226093
            ],
            [
              85.32359318673707,
              24.58174735580088
            ],
            [
              85.3242643845612,
              24.58212224770443
            ],
            [
              85.324797385562,
              24.582451950302975
            ],
            [
              85.32525635011199,
              24.58276357092187
            ],
            [
              85.32564124138031,
              24.583147390032543
            ],
            [
              85.3258929645943,
              24.583237752809858
            ],
            [
              85.32623356712249,
              24.58326946202734
            ],
            [
              85.32661368115009,
              24.58325604379388
            ],
            [
              85.32733930340571,
              24.583351070114027
            ],
            [
              85.3276157383748,
              24.58336921322452
            ],
            [
              85.32798102840361,
              24.583391898235654
            ],
            [
              85.32847964459027,
              24.58329725915217
            ],
            [
              85.32894868823779,
              24.58308073092087
            ],
            [
              85.32926473531766,
              24.58276936024352
            ],
            [
              85.32960546181339,
              24.582457996144104
            ],
            [
              85.32983762061875,
              24.582051804176608
            ],
            [
              85.33009945437128,
              24.58147860201966
            ],
            [
              85.32995185578018,
              24.58010629386822
            ],
            [
              85.32983137014101,
              24.57884458805987
            ],
            [
              85.32971088629847,
              24.57758288179726
            ],
            [
              85.32956812962681,
              24.576494959945094
            ],
            [
              85.32956851141081,
              24.575443191356268
            ],
            [
              85.32954417604974,
              24.5744862100682
            ],
            [
              85.32954446979886,
              24.57367368570318
            ],
            [
              85.32980640955253,
              24.572766445306815
            ],
            [
              85.33008796402046,
              24.572206790826783
            ],
            [
              85.33073487139927,
              24.57138994299493
            ],
            [
              85.33122874627784,
              24.57060013326393
            ],
            [
              85.33170286899998,
              24.569814829088408
            ],
            [
              85.33185594911093,
              24.569620769800434
            ],
            [
              85.33175233562942,
              24.569503375602917
            ],
            [
              85.33112561608998,
              24.56909693085093
            ],
            [
              85.3305778153449,
              24.568857526222956
            ],
            [
              85.32937855006755,
              24.56842833365373
            ],
            [
              85.32861849718377,
              24.56823399689391
            ],
            [
              85.32827797460563,
              24.568093956920613
            ],
            [
              85.3279670793639,
              24.56792232624536
            ],
            [
              85.32754759487229,
              24.567755175713877
            ],
            [
              85.32704910983968,
              24.567660223348067
            ],
            [
              85.32647658925458,
              24.567565243949545
            ],
            [
              85.32584978257859,
              24.56744767462406
            ],
            [
              85.32548453117731,
              24.5674475553431
            ],
            [
              85.32524764992847,
              24.56734816810263
            ],
            [
              85.32449274618787,
              24.566657269783114
            ],
            [
              85.32400919744347,
              24.56626438536705
            ],
            [
              85.3237476583384,
              24.566119847232898
            ],
            [
              85.32358975157943,
              24.56602499820445
            ],
            [
              85.32332817744008,
              24.565975254192917
            ],
            [
              85.322548313111,
              24.5659975542774
            ],
            [
              85.32129451111275,
              24.56626343764619
            ],
            [
              85.32019369669898,
              24.56656999637392
            ],
            [
              85.31980371467795,
              24.56669173239528
            ],
            [
              85.31935948160027,
              24.566714137745024
            ],
            [
              85.3188264159208,
              24.566709425301617
            ],
            [
              85.31828286600363,
              24.56685732796601
            ],
            [
              85.31801262312175,
              24.56620313399008
            ],
            [
              85.31781988957755,
              24.565878463855356
            ],
            [
              85.31771639467365,
              24.56553535796922
            ],
            [
              85.31770167667604,
              24.56534124875361
            ],
            [
              85.31771655187885,
              24.56519229199428
            ],
            [
              85.31776105531632,
              24.56501174704688
            ],
            [
              85.31780554258414,
              24.564867315313563
            ],
            [
              85.31786485385076,
              24.564686777251183
            ],
            [
              85.31788463834657,
              24.56459650322041
            ],
            [
              85.31789459257824,
              24.56441143198096
            ],
            [
              85.31789003991638,
              24.564357560595646
            ],
            [
              85.31794901521309,
              24.564127067898376
            ],
            [
              85.31823562539947,
              24.563377847688518
            ],
            [
              85.31835419672875,
              24.563120591662454
            ],
            [
              85.31845799975478,
              24.562777564831975
            ],
            [
              85.3185173451574,
              24.562515773084446
            ],
            [
              85.31859141394752,
              24.562014118628515
            ],
            [
              85.31864597402463,
              24.561843231295473
            ],
            [
              85.31877940708195,
              24.561459587947198
            ],
            [
              85.31892270094619,
              24.561098518087498
            ],
            [
              85.31900171675858,
              24.560994726079162
            ],
            [
              85.31916960739362,
              24.56081422574243
            ],
            [
              85.31933749443537,
              24.5606382417287
            ],
            [
              85.31968316705502,
              24.560223078191854
            ],
            [
              85.31970143788958,
              24.560194098592902
            ],
            [
              85.31994493433218,
              24.55980788223263
            ],
            [
              85.32003872563436,
              24.55962334889209
            ],
            [
              85.3200487202902,
              24.559487423741754
            ],
            [
              85.32001918907355,
              24.559297824243625
            ],
            [
              85.31996990659876,
              24.55913078640292
            ],
            [
              85.31992060975091,
              24.55899986105294
            ],
            [
              85.31977271471581,
              24.558611600021496
            ],
            [
              85.31968895040883,
              24.558300100723795
            ],
            [
              85.31966434465485,
              24.558133072175593
            ],
            [
              85.31966931682996,
              24.55805182105839
            ],
            [
              85.31978803907623,
              24.55743344182366
            ],
            [
              85.31983254700532,
              24.55723032668851
            ],
            [
              85.31987702798489,
              24.557090407603372
            ],
            [
              85.31994618838034,
              24.55694146963768
            ],
            [
              85.32007957113201,
              24.55665262009212
            ],
            [
              85.3201783804234,
              24.55642244087231
            ],
            [
              85.32029671190249,
              24.556187240357037
            ],
            [
              85.3205457976628,
              24.556146035691363
            ],
            [
              85.32064549987955,
              24.556161288691122
            ],
            [
              85.32076733927984,
              24.55622727660457
            ],
            [
              85.32140963470799,
              24.556718920682126
            ],
            [
              85.32171994065489,
              24.55690841214242
            ],
            [
              85.32215954561222,
              24.557168964679693
            ],
            [
              85.32241818226063,
              24.55721639990668
            ],
            [
              85.32278028057523,
              24.557263870249262
            ],
            [
              85.32285787794781,
              24.557263898029266
            ],
            [
              85.32314242919551,
              24.55719297807111
            ],
            [
              85.32389274344331,
              24.556672442865086
            ],
            [
              85.32428082103593,
              24.556435848906176
            ],
            [
              85.32472061014789,
              24.55624661737582
            ],
            [
              85.32516031212327,
              24.556270435665112
            ],
            [
              85.32530704743336,
              24.55631300070411
            ],
            [
              85.32537538497198,
              24.556364672738265
            ],
            [
              85.32546187836078,
              24.556392519953043
            ],
            [
              85.32551059310035,
              24.55639439266618
            ],
            [
              85.32579785187032,
              24.556211235960973
            ],
            [
              85.32603835961798,
              24.55602195506761
            ],
            [
              85.32615861259346,
              24.55593036667162
            ],
            [
              85.32631893132896,
              24.555857118948026
            ],
            [
              85.32643913220217,
              24.555899916991766
            ],
            [
              85.32648586166495,
              24.555954907309015
            ],
            [
              85.32648582124075,
              24.55605875006221
            ],
            [
              85.32648576734186,
              24.556199242244904
            ],
            [
              85.32649477295256,
              24.556531290207626
            ],
            [
              85.3265615249647,
              24.55662293699328
            ],
            [
              85.32666169340709,
              24.556659619873848
            ],
            [
              85.32673515224114,
              24.5566779686637
            ],
            [
              85.32692215992374,
              24.55667192076166
            ],
            [
              85.32704239044135,
              24.556641417335683
            ],
            [
              85.32724277583516,
              24.55658039738847
            ],
            [
              85.32739641110494,
              24.556519361887318
            ],
            [
              85.32767026970582,
              24.556440038814337
            ],
            [
              85.32800423817562,
              24.556360735300768
            ],
            [
              85.32821797163624,
              24.55632415119769
            ],
            [
              85.32840499908177,
              24.556263126193674
            ],
            [
              85.32856659611988,
              24.556183347035546
            ],
            [
              85.32877230762502,
              24.555965830689598
            ],
            [
              85.32904090209833,
              24.55586585667889
            ],
            [
              85.32930805567393,
              24.555853722393987
            ],
            [
              85.32950841771154,
              24.55585378204
            ],
            [
              85.32981564423366,
              24.555841658375815
            ],
            [
              85.33005608370934,
              24.55582340587773
            ],
            [
              85.33032992524224,
              24.555786837142193
            ],
            [
              85.33054366319442,
              24.555731925189885
            ],
            [
              85.33072219617064,
              24.555596005625958
            ],
            [
              85.33098276419688,
              24.555315097373313
            ],
            [
              85.33110301807069,
              24.55520518070231
            ],
            [
              85.33123661821467,
              24.555131918664895
            ],
            [
              85.33145033999719,
              24.55511976388213
            ],
            [
              85.33173084972444,
              24.555107628707972
            ],
            [
              85.33197795020797,
              24.555138241994854
            ],
            [
              85.3321048516149,
              24.55511995262607
            ],
            [
              85.33220506137978,
              24.555034463028278
            ],
            [
              85.33221849029495,
              24.554826782276137
            ],
            [
              85.3321450835632,
              24.55464961898829
            ],
            [
              85.33215183799585,
              24.55442971820007
            ],
            [
              85.33224537597312,
              24.554319794216426
            ],
            [
              85.33236563344019,
              24.554197661337053
            ],
            [
              85.33252372255716,
              24.5541646308992
            ],
            [
              85.33290440521836,
              24.554164737936613
            ],
            [
              85.33337190915347,
              24.554164868669336
            ],
            [
              85.33372590376592,
              24.554085557180336
            ],
            [
              85.33394633416695,
              24.553975666395328
            ],
            [
              85.3342268959965,
              24.553792490632887
            ],
            [
              85.33468114888285,
              24.553515233156375
            ],
            [
              85.3349749770325,
              24.553149392332053
            ],
            [
              85.33551064872462,
              24.55304244795921
            ],
            [
              85.33590846944483,
              24.55300672818335
            ],
            [
              85.33631279666264,
              24.55300683277051
            ],
            [
              85.33675626078242,
              24.552983065337877
            ],
            [
              85.33716061405134,
              24.552905549060437
            ],
            [
              85.33741359490675,
              24.55282933599093
            ],
            [
              85.33827272388154,
              24.552500742689652
            ],
            [
              85.33890942639873,
              24.55231130830237
            ],
            [
              85.3391751561446,
              24.55222506179675
            ],
            [
              85.33943754595425,
              24.552139900331053
            ],
            [
              85.33971394499075,
              24.552049685085162
            ],
            [
              85.34049378596363,
              24.551779022616266
            ],
            [
              85.34093305944265,
              24.55163918896371
            ],
            [
              85.34159935875348,
              24.551467805403863
            ],
            [
              85.34198926262107,
              24.55138212538404
            ],
            [
              85.34246308081433,
              24.5512377792703
            ],
            [
              85.34286285537027,
              24.551147583803015
            ],
            [
              85.34346004189644,
              24.55103937366966
            ],
            [
              85.34394370472688,
              24.550980791675354
            ],
            [
              85.34455076373797,
              24.55085452428109
            ],
            [
              85.34563656730337,
              24.550592925806694
            ],
            [
              85.34628310727122,
              24.550453116161982
            ],
            [
              85.34664833262136,
              24.550349362734323
            ],
            [
              85.34704081016224,
              24.550228414876663
            ],
            [
              85.34751204569905,
              24.550083194765808
            ],
            [
              85.34817341056403,
              24.549835042643497
            ],
            [
              85.34837576686157,
              24.54976285360069
            ],
            [
              85.34881994065043,
              24.549708762656316
            ],
            [
              85.34948126958281,
              24.549614082611267
            ],
            [
              85.35042389786157,
              24.54952847404797
            ],
            [
              85.3513912019629,
              24.549429320187294
            ],
            [
              85.35229433401358,
              24.549420431659673
            ],
            [
              85.35261510713016,
              24.54947464938044
            ],
            [
              85.35326650967866,
              24.549673363871968
            ],
            [
              85.35377974504827,
              24.549786288263416
            ],
            [
              85.35444102187834,
              24.549984998175706
            ],
            [
              85.35471737779572,
              24.55006628883792
            ],
            [
              85.35532932543862,
              24.550143109061757
            ],
            [
              85.35568465404928,
              24.550161212039114
            ],
            [
              85.35623244940447,
              24.55021544986733
            ],
            [
              85.35641144141977,
              24.550257148378737
            ],
            [
              85.3565038726726,
              24.550278680728958
            ],
            [
              85.35701710085567,
              24.5504818749428
            ],
            [
              85.35750072505859,
              24.55064443759426
            ],
            [
              85.35781163108007,
              24.550721213340516
            ],
            [
              85.35830019601704,
              24.55085217511525
            ],
            [
              85.35868019685695,
              24.55091541464401
            ],
            [
              85.35884798598234,
              24.55097862881077
            ],
            [
              85.35909965889066,
              24.551150190349556
            ],
            [
              85.35982012930808,
              24.551710005840242
            ],
            [
              85.36045670965439,
              24.552247240946055
            ],
            [
              85.36101926612635,
              24.552798007188013
            ],
            [
              85.36155714677577,
              24.553384882073303
            ],
            [
              85.36168051960023,
              24.5534616316295
            ],
            [
              85.36187792528223,
              24.55353387410519
            ],
            [
              85.36245533899069,
              24.55367837282208
            ],
            [
              85.3627218349995,
              24.553777703898906
            ],
            [
              85.36340783077125,
              24.553908667384658
            ],
            [
              85.36394382495857,
              24.554029829036764
            ],
            [
              85.36424681502582,
              24.554098319970844
            ],
            [
              85.36476004141225,
              24.554206676173433
            ],
            [
              85.36531282331559,
              24.55432409368381
            ],
            [
              85.366280139095,
              24.554509207594307
            ],
            [
              85.36725729771497,
              24.55473496422603
            ],
            [
              85.36816537858456,
              24.554974231592862
            ],
            [
              85.36923632940503,
              24.55519999800942
            ],
            [
              85.370238273442,
              24.55530392799736
            ],
            [
              85.37037152234474,
              24.555315286116965
            ],
            [
              85.37077620170214,
              24.55534977962749
            ],
            [
              85.37082619384601,
              24.554418486647325
            ],
            [
              85.37091984770596,
              24.553520057219128
            ],
            [
              85.37106654528681,
              24.552842568735002
            ],
            [
              85.37111210065147,
              24.552797619888057
            ],
            [
              85.37117162032726,
              24.552788547754197
            ],
            [
              85.37206460680514,
              24.5527885689985
            ],
            [
              85.37226279042815,
              24.55278857226688
            ],
            [
              85.37299751082094,
              24.55272836835093
            ],
            [
              85.37336784758504,
              24.55266182869524
            ],
            [
              85.3744204431293,
              24.552329768035776
            ],
            [
              85.37549479497144,
              24.55197758229472
            ],
            [
              85.37645163729296,
              24.551767641297715
            ],
            [
              85.37683850305827,
              24.551676897123116
            ],
            [
              85.3776518323266,
              24.551525678747797
            ],
            [
              85.37826353922104,
              24.551392581783038
            ],
            [
              85.37921366663578,
              24.551197378637962
            ],
            [
              85.37952117163563,
              24.551115704672068
            ],
            [
              85.38041591162492,
              24.55071784361175
            ],
            [
              85.38077631212364,
              24.55050307877887
            ],
            [
              85.38102466216374,
              24.550421501596254
            ],
            [
              85.38129579258111,
              24.550360996666807
            ],
            [
              85.38193063289071,
              24.550161342776043
            ],
            [
              85.3826688207805,
              24.54983787800749
            ],
            [
              85.38337639139041,
              24.549520250654787
            ],
            [
              85.38416767959495,
              24.549236121630333
            ],
            [
              85.38459090197645,
              24.549133257031365
            ],
            [
              85.38517669516986,
              24.548935567161855
            ],
            [
              85.38598675097732,
              24.548575574969846
            ],
            [
              85.38743292899031,
              24.548044433740202
            ],
            [
              85.3881150943457,
              24.547832334681
            ],
            [
              85.38875983408971,
              24.54766592137526
            ],
            [
              85.38987570786095,
              24.547271513980732
            ],
            [
              85.3908884721055,
              24.546818197008495
            ],
            [
              85.39147029294871,
              24.54661931375124
            ],
            [
              85.39187035137232,
              24.54648013540462
            ],
            [
              85.39232992767501,
              24.546374219015387
            ],
            [
              85.39326834465176,
              24.546146485401653
            ],
            [
              85.39367500389604,
              24.545952856879595
            ],
            [
              85.39474777380495,
              24.545614582122997
            ],
            [
              85.39597069621533,
              24.545233518676877
            ],
            [
              85.3972110351624,
              24.544864773279084
            ],
            [
              85.39741313094846,
              24.54482577035578
            ],
            [
              85.39749247913753,
              24.54479853587979
            ],
            [
              85.39751230585416,
              24.544738039678247
            ],
            [
              85.39745800179692,
              24.544494820695125
            ],
            [
              85.39744612606886,
              24.544441632056486
            ],
            [
              85.39735680658016,
              24.544169424294065
            ],
            [
              85.397235309438,
              24.543577117198645
            ],
            [
              85.39717903178207,
              24.543186942867177
            ],
            [
              85.3971202936406,
              24.542556775607853
            ],
            [
              85.39696834271196,
              24.541649586240695
            ],
            [
              85.39677053727966,
              24.540681798183446
            ],
            [
              85.39673012476997,
              24.54013622661857
            ],
            [
              85.39671027559547,
              24.54006666165268
            ],
            [
              85.39657140234075,
              24.540000138979035
            ],
            [
              85.39596401634283,
              24.539869093147566
            ],
            [
              85.39523002897532,
              24.539854070243745
            ],
            [
              85.39437377460948,
              24.53974300333675
            ],
            [
              85.39427789202928,
              24.539724866986333
            ],
            [
              85.39415220694126,
              24.539407291662133
            ],
            [
              85.39403189108367,
              24.53912677372371
            ],
            [
              85.39386319915143,
              24.53861864925362
            ],
            [
              85.39347605041681,
              24.537786392751986
            ],
            [
              85.39303150831867,
              24.536901416136658
            ],
            [
              85.39265339304252,
              24.536031830921004
            ],
            [
              85.39226008905158,
              24.535175785642608
            ],
            [
              85.39207188121979,
              24.534808135982114
            ],
            [
              85.39203548867098,
              24.53462363532659
            ],
            [
              85.39219083792634,
              24.53434232217602
            ],
            [
              85.39242916186952,
              24.533907942320496
            ],
            [
              85.39258781782341,
              24.533650826885204
            ],
            [
              85.39272463483444,
              24.53314317629647
            ],
            [
              85.39271468419606,
              24.532904227687652
            ],
            [
              85.39264118493782,
              24.531999109674157
            ],
            [
              85.39239515165286,
              24.531240023203356
            ],
            [
              85.39195350302828,
              24.53038452793523
            ],
            [
              85.39193366193858,
              24.530345209145274
            ],
            [
              85.3918543164445,
              24.530330095205745
            ],
            [
              85.39141981122302,
              24.530413587154385
            ],
            [
              85.39091741672227,
              24.530437687390393
            ],
            [
              85.3905669749468,
              24.530380253799006
            ],
            [
              85.39024297687833,
              24.53029257104691
            ],
            [
              85.38965461719815,
              24.53018627323931
            ],
            [
              85.38942968444088,
              24.530111170069652
            ],
            [
              85.38923462156515,
              24.53003254619922
            ],
            [
              85.38909245778157,
              24.529969041167803
            ],
            [
              85.3888876904058,
              24.529859853333242
            ],
            [
              85.3886662502984,
              24.529734858374173
            ],
            [
              85.38856016285658,
              24.529660572173658
            ],
            [
              85.38829239124007,
              24.529449162848767
            ],
            [
              85.38814695489388,
              24.529323865101563
            ],
            [
              85.38799156611266,
              24.529236162815156
            ],
            [
              85.38786924162211,
              24.52919685183797
            ],
            [
              85.38773369393057,
              24.529163591711367
            ],
            [
              85.38760145383591,
              24.529145454649544
            ],
            [
              85.38712085875217,
              24.52910883564164
            ],
            [
              85.38667060157219,
              24.52904531379814
            ],
            [
              85.38631039061801,
              24.529000200332796
            ],
            [
              85.38600939121744,
              24.528937024945733
            ],
            [
              85.38503730987543,
              24.528706875784895
            ],
            [
              85.38460801488263,
              24.52858502362401
            ],
            [
              85.38367541270075,
              24.528345834241257
            ],
            [
              85.38330533375316,
              24.528246545142114
            ],
            [
              85.38229871488343,
              24.527880956726275
            ],
            [
              85.38176086567505,
              24.527664306635955
            ],
            [
              85.38160296700094,
              24.52761917387762
            ],
            [
              85.3814154634483,
              24.527583069293744
            ],
            [
              85.38115394230955,
              24.527483769784446
            ],
            [
              85.38037430974582,
              24.52707753538016
            ],
            [
              85.38002397127656,
              24.526915038635224
            ],
            [
              85.37970324038078,
              24.526779628061934
            ],
            [
              85.37964402882716,
              24.526761574016113
            ],
            [
              85.37951080328062,
              24.52674352078491
            ],
            [
              85.37914566866034,
              24.526720961188996
            ],
            [
              85.37902231110722,
              24.526707421670096
            ],
            [
              85.37860289758252,
              24.52660812310281
            ],
            [
              85.37806999809139,
              24.52650882363975
            ],
            [
              85.3779219701056,
              24.52645465892584
            ],
            [
              85.37772459855957,
              24.52640049337129
            ],
            [
              85.37755190103947,
              24.526391468364587
            ],
            [
              85.37743347972884,
              24.526373414262927
            ],
            [
              85.37734466329668,
              24.52634181733132
            ],
            [
              85.37718676641919,
              24.52626508060861
            ],
            [
              85.37644662918525,
              24.525953618686515
            ],
            [
              85.37611603658426,
              24.52587236716133
            ],
            [
              85.3753561669568,
              24.52561506936461
            ],
            [
              85.3742706445641,
              24.52529456766843
            ],
            [
              85.37289894766796,
              24.524965026968772
            ],
            [
              85.37219336233478,
              24.524901819312515
            ],
            [
              85.37173448312474,
              24.52494243599705
            ],
            [
              85.37107330331267,
              24.524955960995396
            ],
            [
              85.370767382941,
              24.524983037140345
            ],
            [
              85.37011114206638,
              24.524879193186816
            ],
            [
              85.36999272165404,
              24.524879189100457
            ],
            [
              85.36977561591787,
              24.52491980824414
            ],
            [
              85.36911936156852,
              24.525109373064186
            ],
            [
              85.36879240534782,
              24.52522973463203
            ],
            [
              85.36871475227973,
              24.5252583202116
            ],
            [
              85.36859632917242,
              24.525307970038746
            ],
            [
              85.36848284140935,
              24.525344076911278
            ],
            [
              85.36839402318056,
              24.52537115705889
            ],
            [
              85.36819665612612,
              24.5253711488862
            ],
            [
              85.36777231893535,
              24.52530793162716
            ],
            [
              85.36752067656977,
              24.525285348889824
            ],
            [
              85.36736278328554,
              24.52528534071716
            ],
            [
              85.36721969244057,
              24.52528533336175
            ],
            [
              85.3671407440018,
              24.525298871399446
            ],
            [
              85.36694830690166,
              24.52535754302313
            ],
            [
              85.36666211802519,
              24.525452323095394
            ],
            [
              85.36650915289862,
              24.52551099709919
            ],
            [
              85.36637592735207,
              24.525538073941718
            ],
            [
              85.36623777095296,
              24.52553355119164
            ],
            [
              85.36609467920965,
              24.525542571356418
            ],
            [
              85.36599599298748,
              24.525569649826664
            ],
            [
              85.36584796230677,
              24.525628322958394
            ],
            [
              85.36570980141606,
              24.525691512269116
            ],
            [
              85.36564565272162,
              24.52571859070728
            ],
            [
              85.36558644206632,
              24.5257321303328
            ],
            [
              85.36550749722082,
              24.5257095550271
            ],
            [
              85.36541868977184,
              24.525592182659683
            ],
            [
              85.36506839172678,
              24.525217494408587
            ],
            [
              85.36494504495346,
              24.525118175865952
            ],
            [
              85.36487103635045,
              24.5250730307507
            ],
            [
              85.36472301375457,
              24.5250278798983
            ],
            [
              85.36451084965076,
              24.524973697382954
            ],
            [
              85.36407171720727,
              24.524865327378453
            ],
            [
              85.3637411362844,
              24.524770506816893
            ],
            [
              85.3635092361938,
              24.524716320921392
            ],
            [
              85.36336614624715,
              24.524698254319823
            ],
            [
              85.36318358432689,
              24.524680181994754
            ],
            [
              85.36293687820378,
              24.52465759260636
            ],
            [
              85.3628085906964,
              24.52464855439804
            ],
            [
              85.36265563455295,
              24.524612429345552
            ],
            [
              85.36224610788626,
              24.524531141809845
            ],
            [
              85.36194513184192,
              24.524458890809598
            ],
            [
              85.36181684702944,
              24.524431794119824
            ],
            [
              85.3616441540009,
              24.5244092087731
            ],
            [
              85.36146158758909,
              24.52443176306344
            ],
            [
              85.3612494118072,
              24.524494940717197
            ],
            [
              85.36069675836293,
              24.52474767634976
            ],
            [
              85.36038094843829,
              24.524937234891503
            ],
            [
              85.36017370261065,
              24.52503201037736
            ],
            [
              85.35989737903263,
              24.52510420710813
            ],
            [
              85.35947795742311,
              24.525239585980096
            ],
            [
              85.35931019075558,
              24.52527568061331
            ],
            [
              85.35907828258016,
              24.52528468363397
            ],
            [
              85.35862434140923,
              24.525257551162596
            ],
            [
              85.35813586540547,
              24.525194300338352
            ],
            [
              85.3578398202137,
              24.52515363960276
            ],
            [
              85.35744509418966,
              24.525085882305362
            ],
            [
              85.35730404880859,
              24.525043787227226
            ],
            [
              85.35721813213816,
              24.52501814540315
            ],
            [
              85.35700596983102,
              24.524959436026464
            ],
            [
              85.35689248566115,
              24.524945880789517
            ],
            [
              85.3566753862132,
              24.524918770311206
            ],
            [
              85.35626586583473,
              24.524814896065525
            ],
            [
              85.35591062436069,
              24.524697486084644
            ],
            [
              85.35526429819186,
              24.524381418207398
            ],
            [
              85.35489919680924,
              24.524214349408616
            ],
            [
              85.35442063730791,
              24.523898299112755
            ],
            [
              85.35432689810803,
              24.523839604740818
            ],
            [
              85.35415421765592,
              24.523753812688106
            ],
            [
              85.35351282503461,
              24.523500935300625
            ],
            [
              85.35328587016966,
              24.523419648680065
            ],
            [
              85.35296516891829,
              24.52332480659494
            ],
            [
              85.35242243287479,
              24.52322993092968
            ],
            [
              85.35204251018828,
              24.523211818346553
            ],
            [
              85.35184021677281,
              24.52318470177293
            ],
            [
              85.35163299340307,
              24.52314404283853
            ],
            [
              85.3514307035809,
              24.52308984234747
            ],
            [
              85.35115440515567,
              24.52303563039106
            ],
            [
              85.35087316689474,
              24.523003986034528
            ],
            [
              85.35059192683717,
              24.522990398712476
            ],
            [
              85.35016759773124,
              24.5229677591659
            ],
            [
              85.34952616917734,
              24.52294959505613
            ],
            [
              85.34896862440638,
              24.522917900823632
            ],
            [
              85.3483765277346,
              24.522940367115236
            ],
            [
              85.34788805173089,
              24.522940278848715
            ],
            [
              85.34740451556291,
              24.522913106641216
            ],
            [
              85.34687163313974,
              24.522917521604302
            ],
            [
              85.34621047309061,
              24.522881284086054
            ],
            [
              85.34548022900292,
              24.522872114167274
            ],
            [
              85.34427136881999,
              24.5229034700561
            ],
            [
              85.34321545489905,
              24.522970959644976
            ],
            [
              85.3420164402517,
              24.523083553362873
            ],
            [
              85.3406398151979,
              24.52311935684618
            ],
            [
              85.33917930725951,
              24.52316866998177
            ],
            [
              85.3377582623116,
              24.52324506288675
            ],
            [
              85.33630761428175,
              24.523312407633437
            ],
            [
              85.33608557769297,
              24.523316864263794
            ],
            [
              85.33600663374581,
              24.523307816151632
            ],
            [
              85.33595236382456,
              24.52329425910183
            ],
            [
              85.33592277421741,
              24.52324459703663
            ],
            [
              85.33588828070712,
              24.523100137647475
            ],
            [
              85.33580454334962,
              24.522644197337403
            ],
            [
              85.33577496991214,
              24.522544880028804
            ],
            [
              85.33572565419965,
              24.522463613221607
            ],
            [
              85.33559742508274,
              24.522283018221405
            ],
            [
              85.33546917440627,
              24.52217013201403
            ],
            [
              85.33534584110767,
              24.522111417219516
            ],
            [
              85.33498076397957,
              24.521975899305417
            ],
            [
              85.33467980590149,
              24.521912620675092
            ],
            [
              85.33441338175791,
              24.521867409024324
            ],
            [
              85.33413711207879,
              24.521754483213453
            ],
            [
              85.33388549576432,
              24.521691216730964
            ],
            [
              85.33362400157503,
              24.521659546699674
            ],
            [
              85.33319475778616,
              24.52160525975236
            ],
            [
              85.33244480915269,
              24.52152831009134
            ],
            [
              85.3322721295989,
              24.521492148997737
            ],
            [
              85.33188236586848,
              24.521419812068018
            ],
            [
              85.33166034814434,
              24.521379122322397
            ],
            [
              85.33143832772524,
              24.521347460385353
            ],
            [
              85.33095973229129,
              24.52132926416681
            ],
            [
              85.33081665042947,
              24.521315679115467
            ],
            [
              85.33059463270533,
              24.521274986884254
            ],
            [
              85.33008646293561,
              24.52117552710101
            ],
            [
              85.32871487563396,
              24.52098100598346
            ],
            [
              85.32815241079017,
              24.52094471968603
            ],
            [
              85.32792051519115,
              24.52093561909603
            ],
            [
              85.327150825181,
              24.520890236278657
            ],
            [
              85.32690907955487,
              24.520835989863627
            ],
            [
              85.32658345733238,
              24.520777203340614
            ],
            [
              85.32627755672361,
              24.520754533155078
            ],
            [
              85.32589271037105,
              24.52074086631184
            ],
            [
              85.32457536334623,
              24.52065466267622
            ],
            [
              85.32434347673039,
              24.52062750059911
            ],
            [
              85.32418067594973,
              24.52057327695498
            ],
            [
              85.32373174917474,
              24.520406105014505
            ],
            [
              85.32301148716644,
              24.520162097592888
            ],
            [
              85.32276975232011,
              24.520089790137316
            ],
            [
              85.32246387686419,
              24.52001294334519
            ],
            [
              85.32220238536983,
              24.519990282012035
            ],
            [
              85.32196061638751,
              24.51999922493124
            ],
            [
              85.32170896414046,
              24.520044277063345
            ],
            [
              85.32124513341654,
              24.520129878766937
            ],
            [
              85.320850383138,
              24.52020196225902
            ],
            [
              85.31991283662876,
              24.52040475483592
            ],
            [
              85.319666097268,
              24.520494944609418
            ],
            [
              85.31906405714435,
              24.520702369155412
            ],
            [
              85.31896042479823,
              24.5207429569581
            ],
            [
              85.31866434996205,
              24.520819585085366
            ],
            [
              85.31827453412934,
              24.5208826346061
            ],
            [
              85.31791433305662,
              24.520923125092303
            ],
            [
              85.31783778042474,
              24.520934410315324
            ],
            [
              85.31727286677346,
              24.521017676399275
            ],
            [
              85.31695707481512,
              24.521049152893465
            ],
            [
              85.31667087695548,
              24.521103211238604
            ],
            [
              85.31632545676244,
              24.52118433017848
            ],
            [
              85.3160392517163,
              24.52125192939125
            ],
            [
              85.31522502862424,
              24.521481824143386
            ],
            [
              85.31500790402346,
              24.52153590682105
            ],
            [
              85.31486973864118,
              24.521562936300416
            ],
            [
              85.31466251077985,
              24.521558339033607
            ],
            [
              85.31430728098391,
              24.521513055333596
            ],
            [
              85.31421846275512,
              24.521526561086247
            ],
            [
              85.3139519963907,
              24.5215851363973
            ],
            [
              85.31362452902862,
              24.521699302190854
            ],
            [
              85.313201893247,
              24.521846645773184
            ],
            [
              85.3130686452426,
              24.521905274058795
            ],
            [
              85.31286138773687,
              24.521959357371426
            ],
            [
              85.31247649557024,
              24.522031422650493
            ],
            [
              85.31208666177122,
              24.522117027086235
            ],
            [
              85.31190408278299,
              24.522153062954843
            ],
            [
              85.3117412550529,
              24.522162022065825
            ],
            [
              85.31150936664042,
              24.52213484069981
            ],
            [
              85.31100615736771,
              24.522008233712853
            ],
            [
              85.31051282057999,
              24.521872602084127
            ],
            [
              85.31025133357718,
              24.521836377341035
            ],
            [
              85.31000958705276,
              24.521795646048556
            ],
            [
              85.30956060458216,
              24.521763852632727
            ],
            [
              85.30901786943697,
              24.52174556003419
            ],
            [
              85.30839615261536,
              24.52179494072701
            ],
            [
              85.30804578001015,
              24.52189860824436
            ],
            [
              85.30749799363811,
              24.522096982272842
            ],
            [
              85.30664919888234,
              24.522344872134237
            ],
            [
              85.30611130655483,
              24.52248907739895
            ],
            [
              85.30535134170592,
              24.522700888286572
            ],
            [
              85.30507989957314,
              24.52282264072767
            ],
            [
              85.30469987627536,
              24.522998512693608
            ],
            [
              85.30454688779258,
              24.523052610246552
            ],
            [
              85.3043692252839,
              24.523115723211536
            ],
            [
              85.30402872965524,
              24.5231923016716
            ],
            [
              85.30377707740816,
              24.523214754020323
            ],
            [
              85.30359452626769,
              24.52319661119561
            ],
            [
              85.30294826926915,
              24.523002198637727
            ],
            [
              85.30216882714828,
              24.522749036956554
            ],
            [
              85.30203561777142,
              24.522730916131213
            ],
            [
              85.3018481321851,
              24.522712768332877
            ],
            [
              85.30156686068649,
              24.522762285949085
            ],
            [
              85.30104871332891,
              24.52287939779623
            ],
            [
              85.30049601766386,
              24.523010032290195
            ],
            [
              85.29986437356004,
              24.5231406266015
            ],
            [
              85.29952387343978,
              24.523221709082403
            ],
            [
              85.29922286325944,
              24.523271211786916
            ],
            [
              85.29897120741911,
              24.52329817060672
            ],
            [
              85.29777714877716,
              24.523302076390493
            ],
            [
              85.29660279557928,
              24.523360152332565
            ],
            [
              85.29527553744192,
              24.52333237134206
            ],
            [
              85.29426398861794,
              24.523417598942338
            ],
            [
              85.29354350292913,
              24.523579716092012
            ],
            [
              85.29326223232884,
              24.523620190180438
            ],
            [
              85.29268485095976,
              24.523755296864202
            ],
            [
              85.29243318972952,
              24.523786758778584
            ],
            [
              85.29202859122053,
              24.52378653566186
            ],
            [
              85.2912292990268,
              24.523731924357357
            ],
            [
              85.29048431268696,
              24.523632199269766
            ],
            [
              85.2889992735548,
              24.523437253702564
            ],
            [
              85.28823457997424,
              24.52330139314396
            ],
            [
              85.28808658522613,
              24.523260681941366
            ],
            [
              85.28799286399254,
              24.523220000964965
            ],
            [
              85.28778575740378,
              24.523039319603214
            ],
            [
              85.28723347406545,
              24.52255599429346
            ],
            [
              85.28672062407308,
              24.52213588682861
            ],
            [
              85.28661707527029,
              24.522041032332012
            ],
            [
              85.28652336032492,
              24.521995834621375
            ],
            [
              85.28638523177356,
              24.52195964178807
            ],
            [
              85.28610400339407,
              24.521941420322246
            ],
            [
              85.2854724670881,
              24.52190944713961
            ],
            [
              85.28515180805755,
              24.521832518097185
            ],
            [
              85.28491012890676,
              24.521705978640647
            ],
            [
              85.28456979677148,
              24.521543269804795
            ],
            [
              85.28433795237643,
              24.52146639121026
            ],
            [
              85.28411101817271,
              24.52142111401543
            ],
            [
              85.28354860093964,
              24.521335005652666
            ],
            [
              85.28306021117417,
              24.521226371791563
            ],
            [
              85.28272482965443,
              24.52104560501494
            ],
            [
              85.28249801672327,
              24.52083781815611
            ],
            [
              85.28137435905016,
              24.520217243329604
            ],
            [
              85.2833258079694,
              24.516981967841016
            ],
            [
              85.28265901009355,
              24.516599217155267
            ],
            [
              85.28244696007582,
              24.51642299540447
            ],
            [
              85.28198269995718,
              24.515961655288933
            ],
            [
              85.28155693714007,
              24.51553605537228
            ],
            [
              85.28081754820275,
              24.514516474854585
            ],
            [
              85.2806372662067,
              24.513913721177108
            ],
            [
              85.28061170734023,
              24.513594706612768
            ],
            [
              85.28052178418366,
              24.512980162359966
            ],
            [
              85.28057379843526,
              24.512472062037602
            ],
            [
              85.28084965938089,
              24.511867282137946
            ],
            [
              85.28099192018256,
              24.51153654638183
            ],
            [
              85.28114675110999,
              24.511435198148263
            ],
            [
              85.28114556533382,
              24.51139364939477
            ],
            [
              85.2815959833122,
              24.510948244880964
            ],
            [
              85.2818739211628,
              24.510573356014532
            ],
            [
              85.28203281606856,
              24.51025888732954
            ],
            [
              85.28214489168006,
              24.509777211339504
            ],
            [
              85.28221158799663,
              24.508978736192365
            ],
            [
              85.28218581263617,
              24.50807131402716
            ],
            [
              85.28225208943952,
              24.507841478925315
            ],
            [
              85.28246447902048,
              24.50669222926828
            ],
            [
              85.28265635916516,
              24.505795544235824
            ],
            [
              85.2828154049879,
              24.505263296724507
            ],
            [
              85.28296120066018,
              24.50476733712212
            ],
            [
              85.28319985338676,
              24.503847978199982
            ],
            [
              85.28343290421927,
              24.503315118375518
            ],
            [
              85.28375043890924,
              24.5030007443325
            ],
            [
              85.28422668524871,
              24.502601772780388
            ],
            [
              85.28471843471333,
              24.502430680305743
            ],
            [
              85.28478210819898,
              24.5024085266869
            ],
            [
              85.28520519762981,
              24.50238458210432
            ],
            [
              85.28535065463724,
              24.50234837217799
            ],
            [
              85.28558504755277,
              24.502295898092488
            ],
            [
              85.28557522986503,
              24.502277817640348
            ],
            [
              85.28554564025787,
              24.502160465887318
            ],
            [
              85.28552121955687,
              24.50191667561603
            ],
            [
              85.28551265232402,
              24.501893102048367
            ],
            [
              85.28542276599835,
              24.50164577018907
            ],
            [
              85.28534887956626,
              24.501469677057027
            ],
            [
              85.28524051759014,
              24.501158210065352
            ],
            [
              85.28515188890592,
              24.50094140925977
            ],
            [
              85.2848412766335,
              24.500467738612322
            ],
            [
              85.28443792139281,
              24.50000077893292
            ],
            [
              85.28427276612784,
              24.49978094100068
            ],
            [
              85.28397749618216,
              24.499355026341487
            ],
            [
              85.28387416207671,
              24.498826196252036
            ],
            [
              85.28387264122892,
              24.49844407119897
            ],
            [
              85.28418439975164,
              24.49783689162551
            ],
            [
              85.28429213111042,
              24.49758376834333
            ],
            [
              85.28421178758805,
              24.4974401958123
            ],
            [
              85.2841510408136,
              24.497117893337002
            ],
            [
              85.28417012372516,
              24.496809587281657
            ],
            [
              85.28429228921391,
              24.496394467685228
            ],
            [
              85.28459042388704,
              24.495787221809792
            ],
            [
              85.28486542694161,
              24.495197501052107
            ],
            [
              85.28488546116904,
              24.494913585086746
            ],
            [
              85.28487906696085,
              24.494635779046284
            ],
            [
              85.28479346200587,
              24.494400142330424
            ],
            [
              85.28460236339545,
              24.494122134875504
            ],
            [
              85.2843584582194,
              24.49380181198862
            ],
            [
              85.28412097330272,
              24.49353203517612
            ],
            [
              85.28359655031457,
              24.493132318285458
            ],
            [
              85.28329333656683,
              24.49287840484138
            ],
            [
              85.28300984173788,
              24.492618485675997
            ],
            [
              85.28286477998915,
              24.492503703242225
            ],
            [
              85.2826828397031,
              24.492307419397132
            ],
            [
              85.28255761006093,
              24.492156383761344
            ],
            [
              85.2824521316769,
              24.492011352364656
            ],
            [
              85.2823862528272,
              24.491914624344695
            ],
            [
              85.28235332777541,
              24.491818000070996
            ],
            [
              85.28233367443362,
              24.491666900901002
            ],
            [
              85.28217525743158,
              24.491656611200668
            ],
            [
              85.28198396927668,
              24.49163998761452
            ],
            [
              85.28180220685704,
              24.49164126125842
            ],
            [
              85.28141951466452,
              24.49174751238067
            ],
            [
              85.2809480123281,
              24.491803541207542
            ],
            [
              85.28034669534829,
              24.491828203922182
            ],
            [
              85.2798362995533,
              24.491791331245
            ],
            [
              85.27935666926015,
              24.49176302335461
            ],
            [
              85.27902595538662,
              24.491783540608125
            ],
            [
              85.27816810291786,
              24.491945942996345
            ],
            [
              85.27757356642178,
              24.49209581478835
            ],
            [
              85.2770677960522,
              24.49227694529475
            ],
            [
              85.27644587800799,
              24.492589564044074
            ],
            [
              85.27562573501818,
              24.493039413651882
            ],
            [
              85.27520529112587,
              24.493134924401343
            ],
            [
              85.27486358816145,
              24.493172282265675
            ],
            [
              85.27481730066981,
              24.49316970966709
            ],
            [
              85.27452196335048,
              24.493153299642316
            ],
            [
              85.27418036998053,
              24.493102986398263
            ],
            [
              85.2738730356606,
              24.493015142746486
            ],
            [
              85.27349728475028,
              24.492908456979283
            ],
            [
              85.27303968833445,
              24.49277672683512
            ],
            [
              85.27274596798263,
              24.492752678233366
            ],
            [
              85.27257018744446,
              24.492659653149815
            ],
            [
              85.27243331743283,
              24.492562350122213
            ],
            [
              85.27234711869146,
              24.492492270772026
            ],
            [
              85.27228824131109,
              24.492421712338693
            ],
            [
              85.27222869917742,
              24.492342911196104
            ],
            [
              85.27205502878185,
              24.49231157302374
            ],
            [
              85.2717506157832,
              24.492298969901608
            ],
            [
              85.27150700884782,
              24.492298800682796
            ],
            [
              85.27115692819508,
              24.492321157183515
            ],
            [
              85.27093348933616,
              24.492382974342444
            ],
            [
              85.27062887601319,
              24.492500474192827
            ],
            [
              85.27026341260955,
              24.492587029037658
            ],
            [
              85.26989800669804,
              24.49265489296464
            ],
            [
              85.26962048476744,
              24.492667151892103
            ],
            [
              85.26948518501092,
              24.49265467633246
            ],
            [
              85.26940399976709,
              24.492617359188408
            ],
            [
              85.26922137316815,
              24.492487144349028
            ],
            [
              85.26904407088391,
              24.492342814733252
            ],
            [
              85.26877361330467,
              24.492069837612462
            ],
            [
              85.26852337680252,
              24.49188377083416
            ],
            [
              85.26828667072513,
              24.491747245880305
            ],
            [
              85.26792818543461,
              24.49159821895419
            ],
            [
              85.26742084211494,
              24.491418138759773
            ],
            [
              85.26697218213958,
              24.491261573378598
            ],
            [
              85.26684822900341,
              24.491270895204433
            ],
            [
              85.26613344761668,
              24.49132444725346
            ],
            [
              85.26528427197522,
              24.491364352948995
            ],
            [
              85.26492355077794,
              24.491400115602616
            ],
            [
              85.26421533338097,
              24.491399559710757
            ],
            [
              85.26310525733663,
              24.491348058772033
            ],
            [
              85.26223314501102,
              24.491233378182454
            ],
            [
              85.26138727516981,
              24.491226710741124
            ],
            [
              85.26096755172638,
              24.49126241620966
            ],
            [
              85.26026351598706,
              24.491481565177917
            ],
            [
              85.25923378256677,
              24.491678896694257
            ],
            [
              85.25889935685446,
              24.491696619794048
            ],
            [
              85.25829530809787,
              24.491747800135656
            ],
            [
              85.25788175967368,
              24.491707634601237
            ],
            [
              85.2577099820284,
              24.491704388364177
            ],
            [
              85.25721948661193,
              24.491695117254586
            ],
            [
              85.2568719760392,
              24.491652822151348
            ],
            [
              85.25620314078431,
              24.491658281325293
            ],
            [
              85.25585448755454,
              24.491613081679663
            ],
            [
              85.2551660780096,
              24.491528471784072
            ],
            [
              85.25481204926119,
              24.491408087745572
            ],
            [
              85.25429410582119,
              24.49127560475768
            ],
            [
              85.25382863926515,
              24.491137135970586
            ],
            [
              85.25328804300864,
              24.491037703837645
            ],
            [
              85.2528487731229,
              24.491031356842186
            ],
            [
              85.25220611028381,
              24.491006764275493
            ],
            [
              85.25182575371105,
              24.491042540110637
            ],
            [
              85.25118761029616,
              24.49104788077495
            ],
            [
              85.25073515224372,
              24.491053474043547
            ],
            [
              85.25011210232222,
              24.491058986380356
            ],
            [
              85.25000002132087,
              24.491037371119063
            ],
            [
              85.24910921325757,
              24.490728005401344
            ],
            [
              85.24822679006913,
              24.489578681874743
            ],
            [
              85.24780821826589,
              24.488420922615585
            ],
            [
              85.2471760423594,
              24.48754121210446
            ],
            [
              85.2468103813264,
              24.486873432111736
            ],
            [
              85.24645946973199,
              24.48617403990807
            ],
            [
              85.24599514762963,
              24.485542491959905
            ],
            [
              85.24544682586166,
              24.484707811402398
            ],
            [
              85.24494822135311,
              24.48422971397633
            ],
            [
              85.24462238892481,
              24.48396363805944
            ],
            [
              85.2440004484227,
              24.483508212260332
            ],
            [
              85.24302814879009,
              24.482876977947715
            ],
            [
              85.2424064086123,
              24.482606642212552
            ],
            [
              85.24126654802637,
              24.482142557754404
            ],
            [
              85.24017094114629,
              24.481497862949514
            ],
            [
              85.24021529276848,
              24.48143012217685
            ],
            [
              85.24126005590182,
              24.48039557024448
            ],
            [
              85.24202381074288,
              24.479582471141455
            ],
            [
              85.2419889354486,
              24.479216844996138
            ],
            [
              85.24172107489889,
              24.477592043984412
            ],
            [
              85.24146295837501,
              24.475777569982682
            ],
            [
              85.24128000478933,
              24.475213390242892
            ],
            [
              85.24109744915728,
              24.475145894635904
            ],
            [
              85.24081616957383,
              24.475069304893477
            ],
            [
              85.24016950474015,
              24.474487533813942
            ],
            [
              85.23900457397127,
              24.473377939814497
            ],
            [
              85.23817522504648,
              24.47259765267904
            ],
            [
              85.23779997270117,
              24.47216449268488
            ],
            [
              85.23716788932116,
              24.47125314522975
            ],
            [
              85.23697053663976,
              24.47110888773521
            ],
            [
              85.23689650557888,
              24.47105477437092
            ],
            [
              85.23606328311854,
              24.471488727184216
            ],
            [
              85.23491977537256,
              24.472256913171833
            ],
            [
              85.23467777731989,
              24.472463764851415
            ],
            [
              85.23419033707366,
              24.472880411398606
            ],
            [
              85.23346052956717,
              24.473070514190585
            ],
            [
              85.232340971805,
              24.473139038642028
            ],
            [
              85.23220782980181,
              24.473093962342908
            ],
            [
              85.23011074241539,
              24.47082104269999
            ],
            [
              85.2282214200829,
              24.47283852940379
            ],
            [
              85.22809271306225,
              24.47549287272121
            ],
            [
              85.22809614642327,
              24.47549721821934
            ],
            [
              85.23085423036538,
              24.478987110040762
            ],
            [
              85.23085568114456,
              24.478991758736203
            ],
            [
              85.2321705263613,
              24.48320338990676
            ],
            [
              85.23204158308373,
              24.488268245661118
            ],
            [
              85.23006298078839,
              24.49187925259517
            ],
            [
              85.22821780526222,
              24.49368908167501
            ],
            [
              85.22334795636029,
              24.498148236871707
            ],
            [
              85.2207426866278,
              24.500001217893967
            ],
            [
              85.22072583063981,
              24.500028592874923
            ],
            [
              85.21980898221307,
              24.501517473379966
            ],
            [
              85.2196519971256,
              24.501930940405614
            ],
            [
              85.21950073789972,
              24.50232931900724
            ],
            [
              85.21896195803672,
              24.50310819807816
            ],
            [
              85.21838808997872,
              24.50403771213992
            ],
            [
              85.21814488099702,
              24.50491072472713
            ],
            [
              85.2178001578966,
              24.505963746732093
            ],
            [
              85.21745670681067,
              24.506926133789953
            ],
            [
              85.21737749426724,
              24.507861484326803
            ],
            [
              85.21703659080345,
              24.508642692151106
            ],
            [
              85.21715741959902,
              24.509429354339023
            ],
            [
              85.21730789459566,
              24.510458066042634
            ],
            [
              85.21769137461067,
              24.51133848016824
            ],
            [
              85.21810771679539,
              24.51221918972846
            ],
            [
              85.21871867629147,
              24.51334389872528
            ],
            [
              85.21897157899342,
              24.51373560432828
            ],
            [
              85.21917063577892,
              24.51404390973638
            ],
            [
              85.2190606038347,
              24.514827845807382
            ],
            [
              85.21891846610224,
              24.515551089359185
            ],
            [
              85.21827610779204,
              24.51663716224092
            ],
            [
              85.21799725725309,
              24.51769095969483
            ],
            [
              85.21762124044147,
              24.518622803933297
            ],
            [
              85.21744432802606,
              24.519466350228544
            ],
            [
              85.21762947439937,
              24.52037457605202
            ],
            [
              85.21774605057044,
              24.521463290402483
            ],
            [
              85.21799367926332,
              24.522818275615546
            ],
            [
              85.21792481710858,
              24.525354461108613
            ],
            [
              85.21784568810845,
              24.526289809297438
            ],
            [
              85.218068914965,
              24.526836071149756
            ],
            [
              85.218425352995,
              24.5272933463452
            ],
            [
              85.21901014097362,
              24.527934434334615
            ],
            [
              85.21926941362923,
              24.528269754993566
            ],
            [
              85.2193928259796,
              24.528875237207675
            ],
            [
              85.21954195440158,
              24.529994489930182
            ],
            [
              85.21949791898636,
              24.530779204154012
            ],
            [
              85.21975208831286,
              24.531476878791736
            ],
            [
              85.2202725865615,
              24.531996489654187
            ],
            [
              85.22096030979357,
              24.532367020083278
            ],
            [
              85.22154726001708,
              24.532857164091546
            ],
            [
              85.22187034180396,
              24.533344195047935
            ],
            [
              85.2221269823958,
              24.533860687055924
            ],
            [
              85.22244581515139,
              24.534649679706273
            ],
            [
              85.22282981978249,
              24.53549984309019
            ],
            [
              85.2234108393285,
              24.53641281934403
            ],
            [
              85.22399700711937,
              24.537177782002562
            ],
            [
              85.22451042125371,
              24.538210671872548
            ],
            [
              85.22456699355705,
              24.538875766770175
            ],
            [
              85.22442272591903,
              24.53974995012865
            ],
            [
              85.22441209884923,
              24.540504903378675
            ],
            [
              85.22377290979534,
              24.54137325637161
            ],
            [
              85.22310245308135,
              24.542120342064127
            ],
            [
              85.22269980571312,
              24.542598905671277
            ],
            [
              85.22228641808735,
              24.54383232795763
            ],
            [
              85.22201017805264,
              24.544704862115356
            ],
            [
              85.22176434239707,
              24.545759049923408
            ],
            [
              85.22171510124477,
              24.54690620732308
            ],
            [
              85.22170402861057,
              24.547691309350746
            ],
            [
              85.2221137879409,
              24.54905524320427
            ],
            [
              85.22187220041829,
              24.54980746933806
            ],
            [
              85.22195926693225,
              24.550654130063936
            ],
            [
              85.22181879467632,
              24.551256498181942
            ],
            [
              85.22203526260866,
              24.552285983360893
            ],
            [
              85.22209107134401,
              24.55301147137407
            ],
            [
              85.22217899305411,
              24.553797738750543
            ],
            [
              85.22190695623662,
              24.554314407217273
            ],
            [
              85.22063657942309,
              24.555477304053753
            ],
            [
              85.21989956563138,
              24.55625382961737
            ],
            [
              85.21926068559793,
              24.557091915080036
            ],
            [
              85.21855159773347,
              24.55823117659536
            ],
            [
              85.21828356919879,
              24.55851494208009
            ],
            [
              85.21801553707084,
              24.55879870610558
            ],
            [
              85.21747648411996,
              24.559577560102976
            ],
            [
              85.21719589803592,
              24.56075212933757
            ],
            [
              85.21665340992739,
              24.56177263828845
            ],
            [
              85.21648334896265,
              24.56213303869501
            ],
            [
              85.21703060892197,
              24.5631059522753
            ],
            [
              85.21705802191116,
              24.563498935646184
            ],
            [
              85.21664972413981,
              24.56436998082912
            ],
            [
              85.21640754193245,
              24.565152342761344
            ],
            [
              85.21597353707261,
              24.565509618208758
            ],
            [
              85.21537481802059,
              24.565834784403016
            ],
            [
              85.21444023235857,
              24.566578690057238
            ],
            [
              85.2133736500453,
              24.56734278574823
            ],
            [
              85.2126280609359,
              24.566398205113785
            ],
            [
              85.21218100265666,
              24.565336538709584
            ],
            [
              85.21183091032582,
              24.56442689313045
            ],
            [
              85.21154718462986,
              24.563487879747857
            ],
            [
              85.21119324571298,
              24.562849860766075
            ],
            [
              85.21057270927763,
              24.56238970195276
            ],
            [
              85.21004398695254,
              24.562443823376565
            ],
            [
              85.20970887582568,
              24.56280198320975
            ],
            [
              85.20953955776767,
              24.56310180098991
            ],
            [
              85.20969901681543,
              24.56349608425066
            ],
            [
              85.20881101868235,
              24.563274256920216
            ],
            [
              85.20822140764902,
              24.562965416359283
            ],
            [
              85.20736176124463,
              24.563075903044584
            ],
            [
              85.20619876724349,
              24.563635563984697
            ],
            [
              85.20513509457344,
              24.564166152239835
            ],
            [
              85.20409802910379,
              24.56514983699782
            ],
            [
              85.20306395861732,
              24.565922281365943
            ],
            [
              85.20246650529151,
              24.566156578805874
            ],
            [
              85.20156438833712,
              24.56693058560282
            ],
            [
              85.20135285934222,
              24.567045715047392
            ],
            [
              85.20053330474894,
              24.56749177426558
            ],
            [
              85.19986602178288,
              24.567996901063673
            ],
            [
              85.19894126279173,
              24.568046158164318
            ],
            [
              85.19830952795807,
              24.568370678077166
            ],
            [
              85.19751414702908,
              24.56860258861045
            ],
            [
              85.19658107592663,
              24.569225232948753
            ],
            [
              85.19558518114476,
              24.56963593782891
            ],
            [
              85.19425357695808,
              24.570434907008796
            ],
            [
              85.1930509016759,
              24.57144667972857
            ],
            [
              85.19261238727336,
              24.572105386195084
            ],
            [
              85.19228110117298,
              24.572191967050497
            ],
            [
              85.19189070772356,
              24.57179489588508
            ],
            [
              85.19119646721411,
              24.571877116817465
            ],
            [
              85.19080519880558,
              24.572138224821707
            ],
            [
              85.1906632667873,
              24.572232941777493
            ],
            [
              85.1903936796756,
              24.57262208786694
            ],
            [
              85.19038197372912,
              24.573436872210408
            ],
            [
              85.190735134705,
              24.57413713297366
            ],
            [
              85.19000453757936,
              24.574460517895197
            ],
            [
              85.18874636437894,
              24.574747310184623
            ],
            [
              85.18784516370614,
              24.575461195915302
            ],
            [
              85.18688052310964,
              24.57599310900993
            ],
            [
              85.18654584317412,
              24.576321242069874
            ],
            [
              85.18571490872284,
              24.57673404363159
            ],
            [
              85.18505978714907,
              24.57684686195572
            ],
            [
              85.18453709162122,
              24.576478243022816
            ],
            [
              85.18381735243244,
              24.576046844683674
            ],
            [
              85.18282267217285,
              24.576367009220434
            ],
            [
              85.18198649695019,
              24.577141953691328
            ],
            [
              85.18145082974965,
              24.577679098598434
            ],
            [
              85.18046398459595,
              24.577455728688278
            ],
            [
              85.1798137848916,
              24.576783545645196
            ],
            [
              85.17965615481376,
              24.57626836511307
            ],
            [
              85.17880835179807,
              24.57601650935997
            ],
            [
              85.17768178268508,
              24.57633504337185
            ],
            [
              85.17731444719239,
              24.57663260426809
            ],
            [
              85.17714032224927,
              24.577264573979747
            ],
            [
              85.17641492187758,
              24.57722563586908
            ],
            [
              85.17582281442604,
              24.577097662199694
            ],
            [
              85.1748394861767,
              24.57663278317643
            ],
            [
              85.17420937909031,
              24.575952750666566
            ],
            [
              85.17396227591186,
              24.575686066014473
            ],
            [
              85.17257157335925,
              24.574189593368967
            ],
            [
              85.17178366192188,
              24.573908270106315
            ],
            [
              85.17085676583866,
              24.574108373900305
            ],
            [
              85.16946405195814,
              24.57457457103895
            ],
            [
              85.1689973574051,
              24.574901059220323
            ],
            [
              85.16869111723317,
              24.57553150181876
            ],
            [
              85.16818749473545,
              24.576129298103584
            ],
            [
              85.167657828281,
              24.57624365607913
            ],
            [
              85.16633981111296,
              24.576106810292778
            ],
            [
              85.16578025321746,
              24.57600934972256
            ],
            [
              85.16495717812656,
              24.575878611109324
            ],
            [
              85.16389838061359,
              24.576077063994994
            ],
            [
              85.16303916001064,
              24.57615714174448
            ],
            [
              85.1620913852836,
              24.576202908954958
            ],
            [
              85.16123805403564,
              24.57619249220436
            ],
            [
              85.1606066677483,
              24.5761847819621
            ],
            [
              85.15958117437614,
              24.576353454636337
            ],
            [
              85.15884524125775,
              24.57703595536904
            ],
            [
              85.15870222766787,
              24.577789082156624
            ],
            [
              85.15895824123562,
              24.57833572999409
            ],
            [
              85.15941173235062,
              24.578915036659083
            ],
            [
              85.15960180957653,
              24.579460877372927
            ],
            [
              85.15952396606559,
              24.580267618880587
            ],
            [
              85.15947644069549,
              24.58126288427957
            ],
            [
              85.15880329532385,
              24.58215994506011
            ],
            [
              85.15816453207142,
              24.582966866871498
            ],
            [
              85.15739853413707,
              24.583440339747256
            ],
            [
              85.15709894239654,
              24.583617785010333
            ],
            [
              85.15659293217678,
              24.584366013406388
            ],
            [
              85.15606145471871,
              24.584600928228888
            ],
            [
              85.15513588724384,
              24.584710300400864
            ],
            [
              85.15315345093886,
              24.584867016367543
            ],
            [
              85.15255735227251,
              24.58501056814187
            ],
            [
              85.15228762232867,
              24.58539954710669
            ],
            [
              85.15234835203515,
              24.585762424937844
            ],
            [
              85.15239366485471,
              24.58581252133464
            ],
            [
              85.15290041528624,
              24.586372754639573
            ],
            [
              85.15262979690861,
              24.586822122791975
            ],
            [
              85.1524185392049,
              24.586947195637478
            ],
            [
              85.15223029184725,
              24.587058642231426
            ],
            [
              85.15100189690018,
              24.587556558935105
            ],
            [
              85.1500543189042,
              24.586911207789804
            ],
            [
              85.14919822533673,
              24.586779974914805
            ],
            [
              85.1472153093314,
              24.58696675875651
            ],
            [
              85.14440803723761,
              24.587113295398353
            ],
            [
              85.1417366577884,
              24.58698978783324
            ],
            [
              85.14051535773544,
              24.587004862269847
            ],
            [
              85.13942559978621,
              24.587051799351972
            ],
            [
              85.14063807658643,
              24.59123639170128
            ],
            [
              85.1398678942995,
              24.591377470959642
            ],
            [
              85.13892487525355,
              24.592068678938325
            ],
            [
              85.13870096118585,
              24.592367099333472
            ],
            [
              85.13844892895142,
              24.594572791816358
            ],
            [
              85.1383109270625,
              24.596478704982157
            ],
            [
              85.13857248862548,
              24.597571447939057
            ],
            [
              85.13880467078708,
              24.599246159610814
            ],
            [
              85.13869616957213,
              24.59975169824389
            ],
            [
              85.13858762703467,
              24.600478438815973
            ],
            [
              85.13827171200712,
              24.60156633198833
            ],
            [
              85.13835579341938,
              24.602577496279363
            ],
            [
              85.13869648937236,
              24.60285283687826
            ],
            [
              85.1387163349536,
              24.60353448014489
            ],
            [
              85.13888916003448,
              24.603787228803316
            ],
            [
              85.13924953178712,
              24.603823296741897
            ],
            [
              85.13971859609589,
              24.603611044614635
            ],
            [
              85.14080476258064,
              24.60361100704381
            ],
            [
              85.14142193213031,
              24.603786920886296
            ],
            [
              85.14182193665495,
              24.604585869847778
            ],
            [
              85.1420541610374,
              24.605344262284714
            ],
            [
              85.14211850556455,
              24.606337288935684
            ],
            [
              85.14160996209567,
              24.60707765767807
            ],
            [
              85.14163476008912,
              24.607610348748953
            ],
            [
              85.14126455537735,
              24.60813844100894
            ],
            [
              85.14083008698682,
              24.608404819688673
            ],
            [
              85.1404153545831,
              24.608951070865857
            ],
            [
              85.14037105416483,
              24.60981782089825
            ],
            [
              85.1408697520982,
              24.609971250002072
            ],
            [
              85.14084512119142,
              24.61036389439538
            ],
            [
              85.13979355421813,
              24.61185820816474
            ],
            [
              85.1400207920524,
              24.612327575643572
            ],
            [
              85.13949252337656,
              24.612607490345884
            ],
            [
              85.13972958428846,
              24.613067962833846
            ],
            [
              85.13930014556519,
              24.614182947967173
            ],
            [
              85.13895454481076,
              24.61478787718079
            ],
            [
              85.13826821037415,
              24.614693122182988
            ],
            [
              85.13728558370904,
              24.614855700331077
            ],
            [
              85.1366239942652,
              24.614855741981916
            ],
            [
              85.13620423039757,
              24.61456691083837
            ],
            [
              85.13574996223986,
              24.61453986139189
            ],
            [
              85.13508827398134,
              24.614201326714845
            ],
            [
              85.13461424558233,
              24.614007258632718
            ],
            [
              85.1344019143919,
              24.614007240665554
            ],
            [
              85.13403157583116,
              24.614300666968028
            ],
            [
              85.1343723921584,
              24.614977783868895
            ],
            [
              85.1349302917639,
              24.615144735794786
            ],
            [
              85.13524647359107,
              24.616065614657863
            ],
            [
              85.13519711925107,
              24.616715659143185
            ],
            [
              85.13553784125517,
              24.616990913089868
            ],
            [
              85.13623898891085,
              24.617067681657414
            ],
            [
              85.13717728012341,
              24.61841270338142
            ],
            [
              85.13775033790104,
              24.62059297184888
            ],
            [
              85.13789855183808,
              24.621428055169083
            ],
            [
              85.13802697319447,
              24.62154989628115
            ],
            [
              85.13928116236661,
              24.621725855125305
            ],
            [
              85.14124648576544,
              24.621725602783922
            ],
            [
              85.14242167080326,
              24.621323766014466
            ],
            [
              85.14415985428418,
              24.621233309873382
            ],
            [
              85.14550296858457,
              24.621422648190332
            ],
            [
              85.14640169170384,
              24.621517371956195
            ],
            [
              85.1482484572481,
              24.621115349956185
            ],
            [
              85.14910759879932,
              24.62116034125125
            ],
            [
              85.15061852737796,
              24.62067710924908
            ],
            [
              85.15260856163358,
              24.620581913641693
            ],
            [
              85.15315703431851,
              24.62240549686694
            ],
            [
              85.15367591919295,
              24.62391756715637
            ],
            [
              85.15381979067388,
              24.62717668292808
            ],
            [
              85.15226934879915,
              24.627560660608566
            ],
            [
              85.15106957327875,
              24.628847365206067
            ],
            [
              85.14964254824595,
              24.62953821509165
            ],
            [
              85.14889200402942,
              24.629556389068373
            ],
            [
              85.1493317176829,
              24.631032421377178
            ],
            [
              85.1493913029357,
              24.632413734697195
            ],
            [
              85.14968317904622,
              24.635230379356074
            ],
            [
              85.1498711317565,
              24.636859923653308
            ],
            [
              85.15005432070083,
              24.638778355658385
            ],
            [
              85.15018322894409,
              24.641748491068334
            ],
            [
              85.14997111963753,
              24.643012480694907
            ],
            [
              85.15009024612566,
              24.64559443600715
            ],
            [
              85.1502387241674,
              24.64724206222753
            ],
            [
              85.15162160868206,
              24.647241809121187
            ],
            [
              85.15151811198157,
              24.648257476667375
            ],
            [
              85.15292576574357,
              24.64837458388382
            ],
            [
              85.15294082240605,
              24.649390250380666
            ],
            [
              85.15449157958943,
              24.64927702964415
            ],
            [
              85.15459547873523,
              24.650003759118704
            ],
            [
              85.15724276177522,
              24.649565378057144
            ],
            [
              85.1577859703326,
              24.64937114117887
            ],
            [
              85.15914920420042,
              24.649352778217033
            ],
            [
              85.15944050359256,
              24.649181246746103
            ],
            [
              85.16158404286227,
              24.649185194327252
            ],
            [
              85.16231023644636,
              24.649469405145695
            ],
            [
              85.16320437905601,
              24.65017343284574
            ],
            [
              85.16359976893506,
              24.65091812222685
            ],
            [
              85.16464139425307,
              24.64922509632354
            ],
            [
              85.16645842915467,
              24.647649232925115
            ],
            [
              85.16730771439057,
              24.64692675500786
            ],
            [
              85.16832998460748,
              24.64662401092726
            ],
            [
              85.16924369701559,
              24.646700508184743
            ],
            [
              85.16993019135232,
              24.646623583093767
            ],
            [
              85.17051262215163,
              24.645634851901903
            ],
            [
              85.17215683915886,
              24.64440199711277
            ],
            [
              85.17405277668513,
              24.64297493884793
            ],
            [
              85.17552906622643,
              24.6420220421772
            ],
            [
              85.17619554070879,
              24.641340198842823
            ],
            [
              85.1759680091254,
              24.64044194161395
            ],
            [
              85.17563195566582,
              24.639968173324412
            ],
            [
              85.17521699778494,
              24.639738062365335
            ],
            [
              85.17212051488204,
              24.639910571933434
            ],
            [
              85.17080697042583,
              24.64017733118602
            ],
            [
              85.17080683927182,
              24.639757506998244
            ],
            [
              85.17095483671486,
              24.639324141801826
            ],
            [
              85.17080646108107,
              24.638809609057706
            ],
            [
              85.17051988772566,
              24.638498158246858
            ],
            [
              85.17091431910228,
              24.63669698299973
            ],
            [
              85.17075094429818,
              24.63550534675278
            ],
            [
              85.1705630490801,
              24.63479221998454
            ],
            [
              85.17157516474106,
              24.63410128319397
            ],
            [
              85.17279449928016,
              24.633004004909267
            ],
            [
              85.17407329600287,
              24.63217299930612
            ],
            [
              85.17470999313018,
              24.63128800105844
            ],
            [
              85.17545481597664,
              24.629139138198287
            ],
            [
              85.17673365132688,
              24.62887690869584
            ],
            [
              85.17688851998356,
              24.62913385485825
            ],
            [
              85.17832495397063,
              24.63151700805703
            ],
            [
              85.17916986710607,
              24.632631653095114
            ],
            [
              85.18069143083937,
              24.633989796033468
            ],
            [
              85.18158086717521,
              24.63502766070613
            ],
            [
              85.18224319413588,
              24.636350100380042
            ],
            [
              85.18310805705714,
              24.63759561336853
            ],
            [
              85.18393849204512,
              24.639179655374303
            ],
            [
              85.18249168610977,
              24.63970840631404
            ],
            [
              85.18247158091539,
              24.639008719058776
            ],
            [
              85.18226894075025,
              24.63865217761359
            ],
            [
              85.18187391289226,
              24.638747090003307
            ],
            [
              85.18154344066555,
              24.63963195213211
            ],
            [
              85.18098545392343,
              24.63983534102298
            ],
            [
              85.18103022416057,
              24.640494398707943
            ],
            [
              85.1809864672231,
              24.642209647402012
            ],
            [
              85.1809231503686,
              24.644132656968953
            ],
            [
              85.1806323818808,
              24.645563701139274
            ],
            [
              85.1815411050458,
              24.64551370787178
            ],
            [
              85.18273648600787,
              24.645833731389395
            ],
            [
              85.18422306036082,
              24.64581514174201
            ],
            [
              85.18472215714615,
              24.64626636284709
            ],
            [
              85.184915074845,
              24.64684406002979
            ],
            [
              85.18493497432519,
              24.647318035748107
            ],
            [
              85.18555235318227,
              24.64729965778787
            ],
            [
              85.18572050073547,
              24.647620133951605
            ],
            [
              85.18555277539048,
              24.64814833233577
            ],
            [
              85.18565237879255,
              24.649827524127446
            ],
            [
              85.18562870279493,
              24.652012226394334
            ],
            [
              85.18585178861593,
              24.653578550251105
            ],
            [
              85.18161964115784,
              24.65527741574936
            ],
            [
              85.18128387515912,
              24.6556161289774
            ],
            [
              85.18091408367242,
              24.65699297980291
            ],
            [
              85.18103375364133,
              24.659710423259828
            ],
            [
              85.18047612173376,
              24.660726271017467
            ],
            [
              85.1791974516735,
              24.662293044741343
            ],
            [
              85.17963781570725,
              24.66397662360604
            ],
            [
              85.18003351191182,
              24.665276516764205
            ],
            [
              85.18063222018407,
              24.667429414226103
            ],
            [
              85.18315148880448,
              24.667505199130492
            ],
            [
              85.18471739607514,
              24.667545208741345
            ],
            [
              85.18523601864152,
              24.6673553901222
            ],
            [
              85.18541816284515,
              24.66607338197102
            ],
            [
              85.1855414745842,
              24.665770922700332
            ],
            [
              85.18626771488071,
              24.665847365774212
            ],
            [
              85.18828811309126,
              24.666018068605627
            ],
            [
              85.1894243417885,
              24.66617107277421
            ],
            [
              85.19086672980926,
              24.666188462623865
            ],
            [
              85.191879220966,
              24.665885620763966
            ],
            [
              85.19299522409462,
              24.665189949726457
            ],
            [
              85.19340498432327,
              24.664851206153042
            ],
            [
              85.19390020757308,
              24.66443856970838
            ],
            [
              85.19410645177916,
              24.664850876344865
            ],
            [
              85.19363307016717,
              24.666453552630415
            ],
            [
              85.19322354619541,
              24.667320459722703
            ],
            [
              85.19300637128897,
              24.667627470407144
            ],
            [
              85.1930314100309,
              24.66827299839308
            ],
            [
              85.19321455405944,
              24.66895898607589
            ],
            [
              85.19323507517379,
              24.670254536736753
            ],
            [
              85.19381929092553,
              24.672691813974556
            ],
            [
              85.19397814181387,
              24.674104586891318
            ],
            [
              85.19397954408404,
              24.676632437616725
            ],
            [
              85.19407849980077,
              24.676948326890525
            ],
            [
              85.19419851562105,
              24.679629532903515
            ],
            [
              85.19531041434713,
              24.680148142735582
            ],
            [
              85.19632312109954,
              24.680052924711802
            ],
            [
              85.19710841125293,
              24.67980423694922
            ],
            [
              85.19809661016772,
              24.680015975181842
            ],
            [
              85.19898599170634,
              24.68029985866092
            ],
            [
              85.1997072562345,
              24.680240889062944
            ],
            [
              85.2002999080651,
              24.679911068887197
            ],
            [
              85.20141623728213,
              24.6796306462824
            ],
            [
              85.20407960016574,
              24.680500445199815
            ],
            [
              85.20539858571763,
              24.680459131288377
            ],
            [
              85.20717658163362,
              24.67959148129652
            ],
            [
              85.20804106636415,
              24.679518789202064
            ],
            [
              85.20967187242252,
              24.68034838587502
            ],
            [
              85.21060055166156,
              24.68023500140695
            ],
            [
              85.21113876199269,
              24.67972917129611
            ],
            [
              85.21111868734101,
              24.679273261758954
            ],
            [
              85.21142960504064,
              24.678821733084224
            ],
            [
              85.21191815470623,
              24.678180399812753
            ],
            [
              85.21235281892947,
              24.677936393712695
            ],
            [
              85.21305416690944,
              24.677764533391848
            ],
            [
              85.21482753021354,
              24.677578329274997
            ],
            [
              85.21629425090042,
              24.676864268213095
            ],
            [
              85.21771624806256,
              24.67584326069935
            ],
            [
              85.21930610621533,
              24.674695682006035
            ],
            [
              85.22060470001028,
              24.673810199059567
            ],
            [
              85.22116775414891,
              24.673719543388497
            ],
            [
              85.22121206804185,
              24.67353443033927
            ],
            [
              85.2211892023246,
              24.673720318872416
            ],
            [
              85.2216568643632,
              24.673737245644617
            ],
            [
              85.22192388319154,
              24.674071101594105
            ],
            [
              85.22212786633806,
              24.675962316622144
            ],
            [
              85.2222134335638,
              24.677966531260683
            ],
            [
              85.22278250731314,
              24.67929324712889
            ],
            [
              85.22299052838683,
              24.679929531833345
            ],
            [
              85.22333675616534,
              24.680475546170463
            ],
            [
              85.22338718578875,
              24.681730377107698
            ],
            [
              85.2234285648857,
              24.68414080380506
            ],
            [
              85.2236914649384,
              24.685490327774495
            ],
            [
              85.22406320397268,
              24.68693004006245
            ],
            [
              85.22517164059164,
              24.687434896602404
            ],
            [
              85.22574346138909,
              24.6876240251628
            ],
            [
              85.22707760062153,
              24.687790133142947
            ],
            [
              85.22969603606283,
              24.687734209908243
            ],
            [
              85.2322549329637,
              24.68736223683245
            ],
            [
              85.23472963616292,
              24.686809743357664
            ],
            [
              85.23558430320567,
              24.68675501298729
            ],
            [
              85.23666122512788,
              24.686591660800627
            ],
            [
              85.23801977158654,
              24.68647778820047
            ],
            [
              85.24048045118586,
              24.686809928638056
            ],
            [
              85.2416365703801,
              24.686890296226256
            ],
            [
              85.24297526227437,
              24.68664549340706
            ],
            [
              85.24421572429064,
              24.687073336675716
            ],
            [
              85.24555508902306,
              24.687532723303654
            ],
            [
              85.24602455487877,
              24.687663230884226
            ],
            [
              85.24669169141946,
              24.687888442759405
            ],
            [
              85.24778756779413,
              24.688058890149204
            ],
            [
              85.24901850766837,
              24.6887642361874
            ],
            [
              85.24999996382869,
              24.6891101153091
            ],
            [
              85.25036682141767,
              24.689239399390676
            ],
            [
              85.25158722315533,
              24.689258446984827
            ],
            [
              85.25250586372108,
              24.689498468295582
            ],
            [
              85.2535323829693,
              24.690713491090793
            ],
            [
              85.25404009190324,
              24.691928226987617
            ],
            [
              85.25422200434156,
              24.692822124961612
            ],
            [
              85.25390974366057,
              24.69388257670182
            ],
            [
              85.25386959974718,
              24.69451456574206
            ],
            [
              85.25298926963335,
              24.69544365089989
            ],
            [
              85.25199523526244,
              24.696332106862098
            ],
            [
              85.25086319361274,
              24.696940568657652
            ],
            [
              85.25086315768013,
              24.696940575186815
            ],
            [
              85.24999999706635,
              24.697404498294784
            ],
            [
              85.24973105494499,
              24.69754904380446
            ],
            [
              85.24866308024306,
              24.698301984714636
            ],
            [
              85.24817800076944,
              24.699105000615635
            ],
            [
              85.24864550739947,
              24.70100581780552
            ],
            [
              85.2493561259932,
              24.701958828720397
            ],
            [
              85.24999999706635,
              24.702929293782958
            ],
            [
              85.25033301062702,
              24.70343121770939
            ],
            [
              85.2509888203103,
              24.704767867781328
            ],
            [
              85.25109613395246,
              24.706122184026754
            ],
            [
              85.25113535799102,
              24.70651488186357
            ],
            [
              85.2510161614343,
              24.707110589999914
            ],
            [
              85.25072274201808,
              24.708943064997356
            ],
            [
              85.25032605766673,
              24.71037811425576
            ],
            [
              85.24999999796465,
              24.71186049496614
            ],
            [
              85.24996867460902,
              24.712002894629542
            ],
            [
              85.24976992594567,
              24.713031915639274
            ],
            [
              85.24999168315838,
              24.713664009896018
            ],
            [
              85.25000000425287,
              24.713684179886773
            ],
            [
              85.25047970102135,
              24.71484708282135
            ],
            [
              85.25057281768873,
              24.715596507353936
            ],
            [
              85.25145181200773,
              24.716251726029807
            ],
            [
              85.25192082331587,
              24.716694456226477
            ],
            [
              85.25236928206866,
              24.717994861246275
            ],
            [
              85.25317427137789,
              24.718492012011467
            ],
            [
              85.25424143490113,
              24.71879983994669
            ],
            [
              85.25523392506807,
              24.719617646645283
            ],
            [
              85.25637971543318,
              24.72039051368399
            ],
            [
              85.25669553883255,
              24.720887281156482
            ],
            [
              85.25697709509711,
              24.720955160888394
            ],
            [
              85.25782193906227,
              24.72119509092755
            ],
            [
              85.25830563333375,
              24.721845510707077
            ],
            [
              85.2591151088295,
              24.722924913611696
            ],
            [
              85.26074462311051,
              24.724438358078558
            ],
            [
              85.26180092959521,
              24.725820441154454
            ],
            [
              85.26282213800346,
              24.72782088123385
            ],
            [
              85.26289954133992,
              24.729653611074205
            ],
            [
              85.26331357395608,
              24.73089518227818
            ],
            [
              85.26474629790103,
              24.731586889114414
            ],
            [
              85.26603115825189,
              24.731687194979983
            ],
            [
              85.26663862330155,
              24.73217057223106
            ],
            [
              85.270488833152,
              24.731997290342292
            ],
            [
              85.27121458027341,
              24.732959265030548
            ],
            [
              85.27144120904991,
              24.733893803201706
            ],
            [
              85.27132717331446,
              24.734340559112127
            ],
            [
              85.27034211311326,
              24.736104852328264
            ],
            [
              85.26962472571388,
              24.736930420200512
            ],
            [
              85.26921337277224,
              24.738275261722805
            ],
            [
              85.26754649486365,
              24.739691460726807
            ],
            [
              85.26731815030496,
              24.740864951123307
            ],
            [
              85.26641255956534,
              24.742069493972906
            ],
            [
              85.26679240858998,
              24.743004144799006
            ],
            [
              85.26665975976185,
              24.74409536915337
            ],
            [
              85.2668332720539,
              24.744057441671234
            ],
            [
              85.2684301307777,
              24.74370838983257
            ],
            [
              85.26905675868898,
              24.743601464140102
            ],
            [
              85.26960504811758,
              24.743518339715916
            ],
            [
              85.27036225334191,
              24.743351850027267
            ],
            [
              85.27064948426414,
              24.7432685402398
            ],
            [
              85.27094973806304,
              24.7432210279777
            ],
            [
              85.27115859277329,
              24.74320924311946
            ],
            [
              85.27126300485709,
              24.743221245807863
            ],
            [
              85.27141959019428,
              24.743281004689624
            ],
            [
              85.27166740483844,
              24.743507848810477
            ],
            [
              85.27186304982249,
              24.743686934865504
            ],
            [
              85.27203264815486,
              24.743794422597993
            ],
            [
              85.27229023467272,
              24.74384019119234
            ],
            [
              85.27242409622647,
              24.74387911977531
            ],
            [
              85.27257102108106,
              24.743915069718522
            ],
            [
              85.27276042187556,
              24.743927149027684
            ],
            [
              85.27326660906343,
              24.74391853132263
            ],
            [
              85.2735573002961,
              24.743898472292283
            ],
            [
              85.27383164578389,
              24.74386280788795
            ],
            [
              85.27406354317954,
              24.743821141342718
            ],
            [
              85.27424645634107,
              24.74377645291317
            ],
            [
              85.27447180501827,
              24.743755692237574
            ],
            [
              85.27524837612353,
              24.743737108219662
            ],
            [
              85.27551617379119,
              24.7437223488574
            ],
            [
              85.27638442156442,
              24.743731624143088
            ],
            [
              85.27675016883572,
              24.743743813608415
            ],
            [
              85.27709263626645,
              24.74376959659581
            ],
            [
              85.27733424714528,
              24.743832489668893
            ],
            [
              85.27756279472321,
              24.743895375367636
            ],
            [
              85.27788928831154,
              24.743991185826403
            ],
            [
              85.27869776398242,
              24.744260886184982
            ],
            [
              85.27910254844271,
              24.744470268014393
            ],
            [
              85.27929456333469,
              24.74456945966431
            ],
            [
              85.27937944604419,
              24.744602376135944
            ],
            [
              85.27950024519538,
              24.744644278195377
            ],
            [
              85.27966024323234,
              24.744671266798477
            ],
            [
              85.2798398380172,
              24.744695281681867
            ],
            [
              85.28001619257883,
              24.744686430701645
            ],
            [
              85.28022522335891,
              24.744653701894066
            ],
            [
              85.28051295464275,
              24.744580506879263
            ],
            [
              85.2806991376719,
              24.74452983865378
            ],
            [
              85.2808265187792,
              24.744503031951187
            ],
            [
              85.28097350741419,
              24.744461300353702
            ],
            [
              85.28115314531816,
              24.744428551090987
            ],
            [
              85.28144705701114,
              24.744428734653948
            ],
            [
              85.28225232659476,
              24.744553594944907
            ],
            [
              85.28261457133478,
              24.744741403200443
            ],
            [
              85.28287231236281,
              24.74498132488895
            ],
            [
              85.28313310317128,
              24.7452240860195
            ],
            [
              85.2833750904442,
              24.745513125363157
            ],
            [
              85.28353308883133,
              24.745747945829024
            ],
            [
              85.28364164574182,
              24.746000792324935
            ],
            [
              85.28383902806763,
              24.746456818162997
            ],
            [
              85.28417968539303,
              24.74700772369137
            ],
            [
              85.28423894096414,
              24.747089010191832
            ],
            [
              85.28429328364892,
              24.74712966892264
            ],
            [
              85.28440693221049,
              24.747183905289514
            ],
            [
              85.28468862501893,
              24.747256297639222
            ],
            [
              85.28512351741429,
              24.74737392206446
            ],
            [
              85.2856820108062,
              24.747450993006165
            ],
            [
              85.28623556705733,
              24.74752354510009
            ],
            [
              85.28672982731317,
              24.74756897620573
            ],
            [
              85.28728833328151,
              24.74763249961276
            ],
            [
              85.28787652228178,
              24.747659928106792
            ],
            [
              85.2888651272351,
              24.747633417404
            ],
            [
              85.2899525828023,
              24.747615982632663
            ],
            [
              85.29023434927265,
              24.74758905993409
            ]
          ]
        ]
      }
    }
  ]
}