Tender ID :,Tender Ref No :,Tender Title :,Work Description,Tender Value in ₹,Tender Currency,Bid Currency,Publish Date,Contract Date :,Update Date,Issuing Authority Name,Issuing Authority Designation,Issuing Organisation Name,Issuing Address,Approving Authority Name,Approving Authority Designation,Approving Organisation Name,EMD Amount,Tender Fee Amount,Tender Processing Fee Amount,is_flood_tender,positive_keywords_dict,negative_keywords_dict,Season,Scheme,Erosion,Roads_Bridges_Embkt,Response Type
3669,NPS-02/2020-21/GRNO-22,"Construction of Drain & Paver Block Road From The House of Arvind Singh to The House of Sona Singh In the Ward No-18 At Nagar Panchayat Sonpur, Saran.","Construction of Drain & Paver Block Road From The House of Arvind Singh to The House of Sona Singh In the Ward No-18 At Nagar Panchayat Sonpur, Saran.",858600.0,INR,INR,2020-09-02 00:10:33+00:00,2020-09-02T00:05:35.055000+00:00,2020-09-10T16:36:52+00:00,PANKAJ KUMAR,EXECUTIVE OFFICER NAGAR PANCHAYAT SONPUR,NAGAR PANCHAYAT SONPUR,NAGAR PANCHAYAT SONPUR,PANKAJ KUMAR,EXECUTIVE OFFICER NAGAR PANCHAYAT SONPUR,NAGAR PANCHAYAT SONPUR,17172.0,1250.0,590.0,True,"{'Flood': 0, 'Embankment': 0, 'embkt': 0, 'Relief': 0, 'Erosion': 0, 'SDRF': 0, 'Inundation': 0, 'Hydrology': 0, 'Silt': 0, 'Siltation': 0, 'Bund': 0, 'Trench': 0, 'Breach': 0, 'Culvert': 0, 'Sluice': 0, 'Dyke': 0, 'Storm water drain': 0, 'Emergency': 0, 'Immediate': 0, 'IM': 0, 'AE': 0, 'A E': 0, 'AAPDA MITRA': 0, 'Bridge': 0, 'River': 0, 'Drain': 2, 'Restoration': 0, 'Protection': 0, 'irr': 0, 'irrigation': 0, 'dam': 0, 'Nallah': 0, 'Retrofitting': 0, 'Pond': 0, 'Pokhari': 0, 'D/C': 0, 'Recharge shaft': 0, 'LFB': 0, 'RFB': 0}","{'Floodlight': 0, 'Flood Light': 0, 'GAS': 0, 'FIFA': 0, 'pipe': 0, 'pipes': 0, 'covid': 0, 'supply': 0, 'Beautification': 0, 'Installation': 0}",,,False,True,Immediate Measures
3670,NPS-02/2020-21/GRNO-23,"Construction of  Drain  from The Railway Demo Shed to the Railway Dhala  in ward no-03,04,05 at Nagar Panchayat Sonpur","Construction of  Drain  from The Railway Demo Shed to the Railway Dhala  in ward no-03,04,05 at Nagar Panchayat Sonpur",2423600.0,INR,INR,2020-09-02 00:15:50+00:00,2020-09-02T00:10:59.262000+00:00,2020-09-10T16:48:59+00:00,PANKAJ KUMAR,EXECUTIVE OFFICER NAGAR PANCHAYAT SONPUR,NAGAR PANCHAYAT SONPUR,NAGAR PANCHAYAT SONPUR,PANKAJ KUMAR,EXECUTIVE OFFICER NAGAR PANCHAYAT SONPUR,NAGAR PANCHAYAT SONPUR,48472.0,500.0,590.0,True,"{'Flood': 0, 'Embankment': 0, 'embkt': 0, 'Relief': 0, 'Erosion': 0, 'SDRF': 0, 'Inundation': 0, 'Hydrology': 0, 'Silt': 0, 'Siltation': 0, 'Bund': 0, 'Trench': 0, 'Breach': 0, 'Culvert': 0, 'Sluice': 0, 'Dyke': 0, 'Storm water drain': 0, 'Emergency': 0, 'Immediate': 0, 'IM': 0, 'AE': 0, 'A E': 0, 'AAPDA MITRA': 0, 'Bridge': 0, 'River': 0, 'Drain': 2, 'Restoration': 0, 'Protection': 0, 'irr': 0, 'irrigation': 0, 'dam': 0, 'Nallah': 0, 'Retrofitting': 0, 'Pond': 0, 'Pokhari': 0, 'D/C': 0, 'Recharge shaft': 0, 'LFB': 0, 'RFB': 0}","{'Floodlight': 0, 'Flood Light': 0, 'GAS': 0, 'FIFA': 0, 'pipe': 0, 'pipes': 0, 'covid': 0, 'supply': 0, 'Beautification': 0, 'Installation': 0}",,,False,True,Immediate Measures
3672,NPS-02/2020-21/GRNO-25,"Construction of   Drain from The House of Badlu Sah to The House of Manohar Singh In the Ward No-18  at Nagar Panchayat Sonpur, Saran","Construction of   Drain from The House of Badlu Sah to The House of Manohar Singh In the Ward No-18  at Nagar Panchayat Sonpur, Saran",150900.0,INR,INR,2020-09-02 00:37:15+00:00,2020-09-02T00:32:22.287000+00:00,2020-09-12T00:46:18+00:00,PANKAJ KUMAR,EXECUTIVE OFFICER NAGAR PANCHAYAT SONPUR,NAGAR PANCHAYAT SONPUR,NAGAR PANCHAYAT SONPUR,PANKAJ KUMAR,EXECUTIVE OFFICER NAGAR PANCHAYAT SONPUR,NAGAR PANCHAYAT SONPUR,3018.0,500.0,590.0,True,"{'Flood': 0, 'Embankment': 0, 'embkt': 0, 'Relief': 0, 'Erosion': 0, 'SDRF': 0, 'Inundation': 0, 'Hydrology': 0, 'Silt': 0, 'Siltation': 0, 'Bund': 0, 'Trench': 0, 'Breach': 0, 'Culvert': 0, 'Sluice': 0, 'Dyke': 0, 'Storm water drain': 0, 'Emergency': 0, 'Immediate': 0, 'IM': 0, 'AE': 0, 'A E': 0, 'AAPDA MITRA': 0, 'Bridge': 0, 'River': 0, 'Drain': 2, 'Restoration': 0, 'Protection': 0, 'irr': 0, 'irrigation': 0, 'dam': 0, 'Nallah': 0, 'Retrofitting': 0, 'Pond': 0, 'Pokhari': 0, 'D/C': 0, 'Recharge shaft': 0, 'LFB': 0, 'RFB': 0}","{'Floodlight': 0, 'Flood Light': 0, 'GAS': 0, 'FIFA': 0, 'pipe': 0, 'pipes': 0, 'covid': 0, 'supply': 0, 'Beautification': 0, 'Installation': 0}",,,False,True,Immediate Measures
3673,NPS-02/2020-21/GRNO-26,"Construction of   Drain from The House of Amar Sah to The House of Sunil Thakur In the Ward No-18  at Nagar Panchayat Sonpur, Saran","Construction of   Drain from The House of Amar Sah to The House of Sunil Thakur In the Ward No-18  at Nagar Panchayat Sonpur, Saran",346700.0,INR,INR,2020-09-02 00:52:02+00:00,2020-09-02T00:46:54.139000+00:00,2020-09-12T00:55:22+00:00,PANKAJ KUMAR,EXECUTIVE OFFICER NAGAR PANCHAYAT SONPUR,NAGAR PANCHAYAT SONPUR,NAGAR PANCHAYAT SONPUR,PANKAJ KUMAR,EXECUTIVE OFFICER NAGAR PANCHAYAT SONPUR,NAGAR PANCHAYAT SONPUR,6934.0,750.0,590.0,True,"{'Flood': 0, 'Embankment': 0, 'embkt': 0, 'Relief': 0, 'Erosion': 0, 'SDRF': 0, 'Inundation': 0, 'Hydrology': 0, 'Silt': 0, 'Siltation': 0, 'Bund': 0, 'Trench': 0, 'Breach': 0, 'Culvert': 0, 'Sluice': 0, 'Dyke': 0, 'Storm water drain': 0, 'Emergency': 0, 'Immediate': 0, 'IM': 0, 'AE': 0, 'A E': 0, 'AAPDA MITRA': 0, 'Bridge': 0, 'River': 0, 'Drain': 2, 'Restoration': 0, 'Protection': 0, 'irr': 0, 'irrigation': 0, 'dam': 0, 'Nallah': 0, 'Retrofitting': 0, 'Pond': 0, 'Pokhari': 0, 'D/C': 0, 'Recharge shaft': 0, 'LFB': 0, 'RFB': 0}","{'Floodlight': 0, 'Flood Light': 0, 'GAS': 0, 'FIFA': 0, 'pipe': 0, 'pipes': 0, 'covid': 0, 'supply': 0, 'Beautification': 0, 'Installation': 0}",,,False,True,Immediate Measures
3668,NPS-02/2020-21/GRNO-21,"Construction of   Drain from The Dudhaila Bazar to The Railway Bhawari In the Ward No-02  at Nagar Panchayat Sonpur, Saran                                                                                     
S","Construction of   Drain from The Dudhaila Bazar to The Railway Bhawari In the Ward No-02  at Nagar Panchayat Sonpur, Saran                                                                                     
S",572000.0,INR,INR,2020-09-02 00:05:01+00:00,2020-09-01T23:59:53.275000+00:00,2020-09-10T16:27:48+00:00,PANKAJ KUMAR,EXECUTIVE OFFICER NAGAR PANCHAYAT SONPUR,NAGAR PANCHAYAT SONPUR,NAGAR PANCHAYAT SONPUR,PANKAJ KUMAR,EXECUTIVE OFFICER NAGAR PANCHAYAT SONPUR,NAGAR PANCHAYAT SONPUR,11440.0,750.0,590.0,True,"{'Flood': 0, 'Embankment': 0, 'embkt': 0, 'Relief': 0, 'Erosion': 0, 'SDRF': 0, 'Inundation': 0, 'Hydrology': 0, 'Silt': 0, 'Siltation': 0, 'Bund': 0, 'Trench': 0, 'Breach': 0, 'Culvert': 0, 'Sluice': 0, 'Dyke': 0, 'Storm water drain': 0, 'Emergency': 0, 'Immediate': 0, 'IM': 0, 'AE': 0, 'A E': 0, 'AAPDA MITRA': 0, 'Bridge': 0, 'River': 0, 'Drain': 2, 'Restoration': 0, 'Protection': 0, 'irr': 0, 'irrigation': 0, 'dam': 0, 'Nallah': 0, 'Retrofitting': 0, 'Pond': 0, 'Pokhari': 0, 'D/C': 0, 'Recharge shaft': 0, 'LFB': 0, 'RFB': 0}","{'Floodlight': 0, 'Flood Light': 0, 'GAS': 0, 'FIFA': 0, 'pipe': 0, 'pipes': 0, 'covid': 0, 'supply': 0, 'Beautification': 0, 'Installation': 0}",,,False,True,Immediate Measures
3675,NPS-02/2020-21/GRNO-28,"Construction of Drain & Paver Block Road From The House of Manoj Baba to The Masjid In the Ward No-16 At Nagar Panchayat Sonpur, Saran.","Construction of Drain & Paver Block Road From The House of Manoj Baba to The Masjid In the Ward No-16 At Nagar Panchayat Sonpur, Saran.",892500.0,INR,INR,2020-09-02 01:04:23+00:00,2020-09-02T00:59:17.788000+00:00,2020-09-12T01:15:09+00:00,PANKAJ KUMAR,EXECUTIVE OFFICER NAGAR PANCHAYAT SONPUR,NAGAR PANCHAYAT SONPUR,NAGAR PANCHAYAT SONPUR,PANKAJ KUMAR,EXECUTIVE OFFICER NAGAR PANCHAYAT SONPUR,NAGAR PANCHAYAT SONPUR,17850.0,1250.0,590.0,True,"{'Flood': 0, 'Embankment': 0, 'embkt': 0, 'Relief': 0, 'Erosion': 0, 'SDRF': 0, 'Inundation': 0, 'Hydrology': 0, 'Silt': 0, 'Siltation': 0, 'Bund': 0, 'Trench': 0, 'Breach': 0, 'Culvert': 0, 'Sluice': 0, 'Dyke': 0, 'Storm water drain': 0, 'Emergency': 0, 'Immediate': 0, 'IM': 0, 'AE': 0, 'A E': 0, 'AAPDA MITRA': 0, 'Bridge': 0, 'River': 0, 'Drain': 2, 'Restoration': 0, 'Protection': 0, 'irr': 0, 'irrigation': 0, 'dam': 0, 'Nallah': 0, 'Retrofitting': 0, 'Pond': 0, 'Pokhari': 0, 'D/C': 0, 'Recharge shaft': 0, 'LFB': 0, 'RFB': 0}","{'Floodlight': 0, 'Flood Light': 0, 'GAS': 0, 'FIFA': 0, 'pipe': 0, 'pipes': 0, 'covid': 0, 'supply': 0, 'Beautification': 0, 'Installation': 0}",,,False,True,Immediate Measures
3677,NPS-02/2020-21/GRNO-30,"Construction of Drain & Paver Block Road From The N.H.-19  to The House of Devnandan Ray (Part-1) In the Ward No-11 At Nagar Panchayat Sonpur, Saran.","Construction of Drain & Paver Block Road From The N.H.-19  to The House of Devnandan Ray (Part-1) In the Ward No-11 At Nagar Panchayat Sonpur, Saran.",2355900.0,INR,INR,2020-09-02 01:14:10+00:00,2020-09-02T01:10:32.601000+00:00,2020-09-12T01:33:48+00:00,PANKAJ KUMAR,EXECUTIVE OFFICER NAGAR PANCHAYAT SONPUR,NAGAR PANCHAYAT SONPUR,NAGAR PANCHAYAT SONPUR,PANKAJ KUMAR,EXECUTIVE OFFICER NAGAR PANCHAYAT SONPUR,NAGAR PANCHAYAT SONPUR,47118.0,5000.0,590.0,True,"{'Flood': 0, 'Embankment': 0, 'embkt': 0, 'Relief': 0, 'Erosion': 0, 'SDRF': 0, 'Inundation': 0, 'Hydrology': 0, 'Silt': 0, 'Siltation': 0, 'Bund': 0, 'Trench': 0, 'Breach': 0, 'Culvert': 0, 'Sluice': 0, 'Dyke': 0, 'Storm water drain': 0, 'Emergency': 0, 'Immediate': 0, 'IM': 0, 'AE': 0, 'A E': 0, 'AAPDA MITRA': 0, 'Bridge': 0, 'River': 0, 'Drain': 2, 'Restoration': 0, 'Protection': 0, 'irr': 0, 'irrigation': 0, 'dam': 0, 'Nallah': 0, 'Retrofitting': 0, 'Pond': 0, 'Pokhari': 0, 'D/C': 0, 'Recharge shaft': 0, 'LFB': 0, 'RFB': 0}","{'Floodlight': 0, 'Flood Light': 0, 'GAS': 0, 'FIFA': 0, 'pipe': 0, 'pipes': 0, 'covid': 0, 'supply': 0, 'Beautification': 0, 'Installation': 0}",,,False,True,Immediate Measures
3679,NPS-02/2020-21/GRNO-32,"Construction of Drain & Paver Block Road From The House of Jimdar Ray to The Shop of Banarsi Ray In the Ward No-05 At Nagar Panchayat Sonpur, Saran.","Construction of Drain & Paver Block Road From The House of Jimdar Ray to The Shop of Banarsi Ray In the Ward No-05 At Nagar Panchayat Sonpur, Saran.",230700.0,INR,INR,2020-09-02 01:25:16+00:00,2020-09-02T01:19:42.809000+00:00,2020-09-07T09:30:38+00:00,PANKAJ KUMAR,EXECUTIVE OFFICER NAGAR PANCHAYAT SONPUR,NAGAR PANCHAYAT SONPUR,NAGAR PANCHAYAT SONPUR,PANKAJ KUMAR,EXECUTIVE OFFICER NAGAR PANCHAYAT SONPUR,NAGAR PANCHAYAT SONPUR,4614.0,500.0,590.0,True,"{'Flood': 0, 'Embankment': 0, 'embkt': 0, 'Relief': 0, 'Erosion': 0, 'SDRF': 0, 'Inundation': 0, 'Hydrology': 0, 'Silt': 0, 'Siltation': 0, 'Bund': 0, 'Trench': 0, 'Breach': 0, 'Culvert': 0, 'Sluice': 0, 'Dyke': 0, 'Storm water drain': 0, 'Emergency': 0, 'Immediate': 0, 'IM': 0, 'AE': 0, 'A E': 0, 'AAPDA MITRA': 0, 'Bridge': 0, 'River': 0, 'Drain': 2, 'Restoration': 0, 'Protection': 0, 'irr': 0, 'irrigation': 0, 'dam': 0, 'Nallah': 0, 'Retrofitting': 0, 'Pond': 0, 'Pokhari': 0, 'D/C': 0, 'Recharge shaft': 0, 'LFB': 0, 'RFB': 0}","{'Floodlight': 0, 'Flood Light': 0, 'GAS': 0, 'FIFA': 0, 'pipe': 0, 'pipes': 0, 'covid': 0, 'supply': 0, 'Beautification': 0, 'Installation': 0}",,,False,True,Immediate Measures
3678,NPS-02/2020-21/GRNO-31,"Construction of Drain & Paver Block Road From The House of Naresh Ray to The House of Ramesh Ray In the Ward No-11 At Nagar Panchayat Sonpur, Saran.","Construction of Drain & Paver Block Road From The House of Naresh Ray to The House of Ramesh Ray In the Ward No-11 At Nagar Panchayat Sonpur, Saran.",2355900.0,INR,INR,2020-09-02 01:18:23+00:00,2020-09-02T01:14:42.720000+00:00,2020-09-12T01:42:04+00:00,PANKAJ KUMAR,EXECUTIVE OFFICER NAGAR PANCHAYAT SONPUR,NAGAR PANCHAYAT SONPUR,NAGAR PANCHAYAT SONPUR,PANKAJ KUMAR,EXECUTIVE OFFICER NAGAR PANCHAYAT SONPUR,NAGAR PANCHAYAT SONPUR,47118.0,5000.0,590.0,True,"{'Flood': 0, 'Embankment': 0, 'embkt': 0, 'Relief': 0, 'Erosion': 0, 'SDRF': 0, 'Inundation': 0, 'Hydrology': 0, 'Silt': 0, 'Siltation': 0, 'Bund': 0, 'Trench': 0, 'Breach': 0, 'Culvert': 0, 'Sluice': 0, 'Dyke': 0, 'Storm water drain': 0, 'Emergency': 0, 'Immediate': 0, 'IM': 0, 'AE': 0, 'A E': 0, 'AAPDA MITRA': 0, 'Bridge': 0, 'River': 0, 'Drain': 2, 'Restoration': 0, 'Protection': 0, 'irr': 0, 'irrigation': 0, 'dam': 0, 'Nallah': 0, 'Retrofitting': 0, 'Pond': 0, 'Pokhari': 0, 'D/C': 0, 'Recharge shaft': 0, 'LFB': 0, 'RFB': 0}","{'Floodlight': 0, 'Flood Light': 0, 'GAS': 0, 'FIFA': 0, 'pipe': 0, 'pipes': 0, 'covid': 0, 'supply': 0, 'Beautification': 0, 'Installation': 0}",,,False,True,Immediate Measures
3674,NPS-02/2020-21/GRNO-27,"Construction of   Drain from The House of Arvind Singh to The House of Kameshwar Singh In the Ward No-18  at Nagar Panchayat Sonpur, Saran","Construction of   Drain from The House of Arvind Singh to The House of Kameshwar Singh In the Ward No-18  at Nagar Panchayat Sonpur, Saran",134700.0,INR,INR,2020-09-02 00:58:44+00:00,2020-09-02T00:52:50.900000+00:00,2020-09-12T01:04:59+00:00,PANKAJ KUMAR,EXECUTIVE OFFICER NAGAR PANCHAYAT SONPUR,NAGAR PANCHAYAT SONPUR,NAGAR PANCHAYAT SONPUR,PANKAJ KUMAR,EXECUTIVE OFFICER NAGAR PANCHAYAT SONPUR,NAGAR PANCHAYAT SONPUR,2694.0,500.0,590.0,True,"{'Flood': 0, 'Embankment': 0, 'embkt': 0, 'Relief': 0, 'Erosion': 0, 'SDRF': 0, 'Inundation': 0, 'Hydrology': 0, 'Silt': 0, 'Siltation': 0, 'Bund': 0, 'Trench': 0, 'Breach': 0, 'Culvert': 0, 'Sluice': 0, 'Dyke': 0, 'Storm water drain': 0, 'Emergency': 0, 'Immediate': 0, 'IM': 0, 'AE': 0, 'A E': 0, 'AAPDA MITRA': 0, 'Bridge': 0, 'River': 0, 'Drain': 2, 'Restoration': 0, 'Protection': 0, 'irr': 0, 'irrigation': 0, 'dam': 0, 'Nallah': 0, 'Retrofitting': 0, 'Pond': 0, 'Pokhari': 0, 'D/C': 0, 'Recharge shaft': 0, 'LFB': 0, 'RFB': 0}","{'Floodlight': 0, 'Flood Light': 0, 'GAS': 0, 'FIFA': 0, 'pipe': 0, 'pipes': 0, 'covid': 0, 'supply': 0, 'Beautification': 0, 'Installation': 0}",,,False,True,Immediate Measures
3676,NPS-02/2020-21/GRNO-29,"Construction of Drain & Paver Block Road From The House of Anil Ray to The House of Mani Singh In the Ward No-11 At Nagar Panchayat Sonpur, Saran.","Construction of Drain & Paver Block Road From The House of Anil Ray to The House of Mani Singh In the Ward No-11 At Nagar Panchayat Sonpur, Saran.",2355900.0,INR,INR,2020-09-02 01:09:55+00:00,2020-09-02T01:04:54.868000+00:00,2020-09-12T01:25:01+00:00,PANKAJ KUMAR,EXECUTIVE OFFICER NAGAR PANCHAYAT SONPUR,NAGAR PANCHAYAT SONPUR,NAGAR PANCHAYAT SONPUR,PANKAJ KUMAR,EXECUTIVE OFFICER NAGAR PANCHAYAT SONPUR,NAGAR PANCHAYAT SONPUR,47118.0,5000.0,590.0,True,"{'Flood': 0, 'Embankment': 0, 'embkt': 0, 'Relief': 0, 'Erosion': 0, 'SDRF': 0, 'Inundation': 0, 'Hydrology': 0, 'Silt': 0, 'Siltation': 0, 'Bund': 0, 'Trench': 0, 'Breach': 0, 'Culvert': 0, 'Sluice': 0, 'Dyke': 0, 'Storm water drain': 0, 'Emergency': 0, 'Immediate': 0, 'IM': 0, 'AE': 0, 'A E': 0, 'AAPDA MITRA': 0, 'Bridge': 0, 'River': 0, 'Drain': 2, 'Restoration': 0, 'Protection': 0, 'irr': 0, 'irrigation': 0, 'dam': 0, 'Nallah': 0, 'Retrofitting': 0, 'Pond': 0, 'Pokhari': 0, 'D/C': 0, 'Recharge shaft': 0, 'LFB': 0, 'RFB': 0}","{'Floodlight': 0, 'Flood Light': 0, 'GAS': 0, 'FIFA': 0, 'pipe': 0, 'pipes': 0, 'covid': 0, 'supply': 0, 'Beautification': 0, 'Installation': 0}",,,False,True,Immediate Measures
3694,02/2020-21/ NP/ BELSAND/UDHD,CONSTRUCTION OF PUCCA DRAIN & R.C.C.SLAB FROM THE HOUSE OF RUDAL MANDAL TO THE HOUSE OF HULASH DAS IN WARD NO-01 UNDER NAGAR PANCHAYAT BELSAND  (GROUP 01),CONSTRUCTION OF PUCCA DRAIN & R.C.C.SLAB FROM THE HOUSE OF RUDAL MANDAL TO THE HOUSE OF HULASH DAS IN WARD NO-01 UNDER NAGAR PANCHAYAT BELSAND  (GROUP 01),619699.0,INR,INR,2020-09-02 08:25:09+00:00,2020-09-02T07:42:38.410000+00:00,2020-09-10T04:31:21+00:00,SHEONATH THAKUR (EO),EXECUTIVE OFFICER BELSAND,UDHD,NAGAR PANCHAYAT BELSAND,SHEONATH THAKUR (E O BELSAND),EXECUTIVE OFFICER BELSAND,UDHD,12400.0,1250.0,590.0,True,"{'Flood': 0, 'Embankment': 0, 'embkt': 0, 'Relief': 0, 'Erosion': 0, 'SDRF': 0, 'Inundation': 0, 'Hydrology': 0, 'Silt': 0, 'Siltation': 0, 'Bund': 0, 'Trench': 0, 'Breach': 0, 'Culvert': 0, 'Sluice': 0, 'Dyke': 0, 'Storm water drain': 0, 'Emergency': 0, 'Immediate': 0, 'IM': 0, 'AE': 0, 'A E': 0, 'AAPDA MITRA': 0, 'Bridge': 0, 'River': 0, 'Drain': 2, 'Restoration': 0, 'Protection': 0, 'irr': 0, 'irrigation': 0, 'dam': 0, 'Nallah': 0, 'Retrofitting': 0, 'Pond': 0, 'Pokhari': 0, 'D/C': 0, 'Recharge shaft': 0, 'LFB': 0, 'RFB': 0}","{'Floodlight': 0, 'Flood Light': 0, 'GAS': 0, 'FIFA': 0, 'pipe': 0, 'pipes': 0, 'covid': 0, 'supply': 0, 'Beautification': 0, 'Installation': 0}",,,False,True,Immediate Measures
3688,NPM-NIT 03-2020-21/GR77,Construction of Paver Block road  & RCC Drain from Avinash Prasad cloth shop via Lalit Singh to Dinesh Sah house ward no. - 10 under Nagar Panchayat Mehsi,Construction of Paver Block road  & RCC Drain from Avinash Prasad cloth shop via Lalit Singh to Dinesh Sah house ward no. - 10 under Nagar Panchayat Mehsi,370500.0,INR,INR,2020-09-02 03:07:00+00:00,2020-09-02T02:49:46.686000+00:00,2020-09-12T12:24:17+00:00,"EXECUTIVE OFFICER, MEHSI",EO,NAGAR PANCHAYAT MEHSI,NAGAR PANCHAYAT MEHSI,"EXECUTIVE OFFICER, MEHSI",EO,NAGAR PANCHAYAT MEHSI,7500.0,1500.0,590.0,True,"{'Flood': 0, 'Embankment': 0, 'embkt': 0, 'Relief': 0, 'Erosion': 0, 'SDRF': 0, 'Inundation': 0, 'Hydrology': 0, 'Silt': 0, 'Siltation': 0, 'Bund': 0, 'Trench': 0, 'Breach': 0, 'Culvert': 0, 'Sluice': 0, 'Dyke': 0, 'Storm water drain': 0, 'Emergency': 0, 'Immediate': 0, 'IM': 0, 'AE': 0, 'A E': 0, 'AAPDA MITRA': 0, 'Bridge': 0, 'River': 0, 'Drain': 2, 'Restoration': 0, 'Protection': 0, 'irr': 0, 'irrigation': 0, 'dam': 0, 'Nallah': 0, 'Retrofitting': 0, 'Pond': 0, 'Pokhari': 0, 'D/C': 0, 'Recharge shaft': 0, 'LFB': 0, 'RFB': 0}","{'Floodlight': 0, 'Flood Light': 0, 'GAS': 0, 'FIFA': 0, 'pipe': 0, 'pipes': 0, 'covid': 0, 'supply': 0, 'Beautification': 0, 'Installation': 0}",,,False,True,Immediate Measures
3685,NPM-NIT 03-2020-21/GR74,Construction of RCC drain with cover slab from Rajdeo Prasad house  to Manohar Rawut house in ward no. - 9 under Nagar Panchayat Mehsi,Construction of RCC drain with cover slab from Rajdeo Prasad house  to Manohar Rawut house in ward no. - 9 under Nagar Panchayat Mehsi,274000.0,INR,INR,2020-09-02 02:36:24+00:00,2020-09-02T02:30:21.996000+00:00,2020-09-08T11:37:50+00:00,"EXECUTIVE OFFICER, MEHSI",EO,NAGAR PANCHAYAT MEHSI,NAGAR PANCHAYAT MEHSI,"EXECUTIVE OFFICER, MEHSI",EO,NAGAR PANCHAYAT MEHSI,5500.0,1500.0,590.0,True,"{'Flood': 0, 'Embankment': 0, 'embkt': 0, 'Relief': 0, 'Erosion': 0, 'SDRF': 0, 'Inundation': 0, 'Hydrology': 0, 'Silt': 0, 'Siltation': 0, 'Bund': 0, 'Trench': 0, 'Breach': 0, 'Culvert': 0, 'Sluice': 0, 'Dyke': 0, 'Storm water drain': 0, 'Emergency': 0, 'Immediate': 0, 'IM': 0, 'AE': 0, 'A E': 0, 'AAPDA MITRA': 0, 'Bridge': 0, 'River': 0, 'Drain': 2, 'Restoration': 0, 'Protection': 0, 'irr': 0, 'irrigation': 0, 'dam': 0, 'Nallah': 0, 'Retrofitting': 0, 'Pond': 0, 'Pokhari': 0, 'D/C': 0, 'Recharge shaft': 0, 'LFB': 0, 'RFB': 0}","{'Floodlight': 0, 'Flood Light': 0, 'GAS': 0, 'FIFA': 0, 'pipe': 0, 'pipes': 0, 'covid': 0, 'supply': 0, 'Beautification': 0, 'Installation': 0}",,,False,True,Immediate Measures
3700,02/2020-21/ GR07/ NP/ BELSAND/UDHD,"CONSTRUCTION FO PAVER BLOCK ROAD, PUCCA DRAIN & R.C.C. SLAB (I) FROM THE HOUSE OF PUROSHATAM GUPTA TO THE HOUSE OF CHOTELAL PASWAN (II) FROM THE HOUSE OF VINOD RAM TO THE HOUSE OF JAGARNATH RAM IN WARD NO-02 UNDER NAGAR PANCHAYAT BELSAND(GROUP NO 07)","CONSTRUCTION FO PAVER BLOCK ROAD, PUCCA DRAIN & R.C.C. SLAB (I) FROM THE HOUSE OF PUROSHATAM GUPTA TO THE HOUSE OF CHOTELAL PASWAN (II) FROM THE HOUSE OF VINOD RAM TO THE HOUSE OF JAGARNATH RAM IN WARD NO-02 UNDER NAGAR PANCHAYAT BELSAND(GROUP NO 07)",947719.0,INR,INR,2020-09-02 09:14:44+00:00,2020-09-02T09:09:24.083000+00:00,2020-09-10T04:10:10+00:00,SHEONATH THAKUR (EO),EXECUTIVE OFFICER BELSAND,UDHD,NAGAR PANCHAYAT BELSAND,SHEONATH THAKUR (E O BELSAND),EXECUTIVE OFFICER BELSAND,UDHD,19000.0,1250.0,590.0,True,"{'Flood': 0, 'Embankment': 0, 'embkt': 0, 'Relief': 0, 'Erosion': 0, 'SDRF': 0, 'Inundation': 0, 'Hydrology': 0, 'Silt': 0, 'Siltation': 0, 'Bund': 0, 'Trench': 0, 'Breach': 0, 'Culvert': 0, 'Sluice': 0, 'Dyke': 0, 'Storm water drain': 0, 'Emergency': 0, 'Immediate': 0, 'IM': 0, 'AE': 0, 'A E': 0, 'AAPDA MITRA': 0, 'Bridge': 0, 'River': 0, 'Drain': 2, 'Restoration': 0, 'Protection': 0, 'irr': 0, 'irrigation': 0, 'dam': 0, 'Nallah': 0, 'Retrofitting': 0, 'Pond': 0, 'Pokhari': 0, 'D/C': 0, 'Recharge shaft': 0, 'LFB': 0, 'RFB': 0}","{'Floodlight': 0, 'Flood Light': 0, 'GAS': 0, 'FIFA': 0, 'pipe': 0, 'pipes': 0, 'covid': 0, 'supply': 0, 'Beautification': 0, 'Installation': 0}",,,False,True,Immediate Measures
3699,02/2020-21/ GR06/ NP/ BELSAND/UDHD,DETAILE ESTIMATE FOR CONSTRUCTION OF R.C.C.COVER DRAIN FROM THE HOUSE OF  BABAR TO THE RIVER IN WARD NO- 02 UNDER NAGAR PANCHAYAT BELSAND (GROUP NO 06),DETAILE ESTIMATE FOR CONSTRUCTION OF R.C.C.COVER DRAIN FROM THE HOUSE OF  BABAR TO THE RIVER IN WARD NO- 02 UNDER NAGAR PANCHAYAT BELSAND (GROUP NO 06),1805729.0,INR,INR,2020-09-02 09:09:02+00:00,2020-09-02T09:02:13.101000+00:00,2020-09-10T04:15:29+00:00,SHEONATH THAKUR (EO),EXECUTIVE OFFICER BELSAND,UDHD,NAGAR PANCHAYAT BELSAND,SHEONATH THAKUR (E O BELSAND),EXECUTIVE OFFICER BELSAND,UDHD,37000.0,5000.0,590.0,True,"{'Flood': 0, 'Embankment': 0, 'embkt': 0, 'Relief': 0, 'Erosion': 0, 'SDRF': 0, 'Inundation': 0, 'Hydrology': 0, 'Silt': 0, 'Siltation': 0, 'Bund': 0, 'Trench': 0, 'Breach': 0, 'Culvert': 0, 'Sluice': 0, 'Dyke': 0, 'Storm water drain': 0, 'Emergency': 0, 'Immediate': 0, 'IM': 0, 'AE': 0, 'A E': 0, 'AAPDA MITRA': 0, 'Bridge': 0, 'River': 2, 'Drain': 2, 'Restoration': 0, 'Protection': 0, 'irr': 0, 'irrigation': 0, 'dam': 0, 'Nallah': 0, 'Retrofitting': 0, 'Pond': 0, 'Pokhari': 0, 'D/C': 0, 'Recharge shaft': 0, 'LFB': 0, 'RFB': 0}","{'Floodlight': 0, 'Flood Light': 0, 'GAS': 0, 'FIFA': 0, 'pipe': 0, 'pipes': 0, 'covid': 0, 'supply': 0, 'Beautification': 0, 'Installation': 0}",,,False,True,Immediate Measures
3698,02/2020-21/ GR05/ NP/ BELSAND/UDHD,"CONSTRUCTION FO PAVER BLOCK ROAD, PUCCA DRAIN & R.C.C. SLAB FROM THE HOUSE OF SHIVCHANDRA MANDAL TO THE HOUSE OF BIPIN MANDAL IN WARD NO-01 UNDER NAGAR PANCHAYAT BELSAND (GROUP 05)","CONSTRUCTION FO PAVER BLOCK ROAD, PUCCA DRAIN & R.C.C. SLAB FROM THE HOUSE OF SHIVCHANDRA MANDAL TO THE HOUSE OF BIPIN MANDAL IN WARD NO-01 UNDER NAGAR PANCHAYAT BELSAND (GROUP 05)",1301072.0,INR,INR,2020-09-02 09:01:44+00:00,2020-09-02T08:55:39.086000+00:00,2020-09-10T04:18:58+00:00,SHEONATH THAKUR (EO),EXECUTIVE OFFICER BELSAND,UDHD,NAGAR PANCHAYAT BELSAND,SHEONATH THAKUR (E O BELSAND),EXECUTIVE OFFICER BELSAND,UDHD,27000.0,2500.0,590.0,True,"{'Flood': 0, 'Embankment': 0, 'embkt': 0, 'Relief': 0, 'Erosion': 0, 'SDRF': 0, 'Inundation': 0, 'Hydrology': 0, 'Silt': 0, 'Siltation': 0, 'Bund': 0, 'Trench': 0, 'Breach': 0, 'Culvert': 0, 'Sluice': 0, 'Dyke': 0, 'Storm water drain': 0, 'Emergency': 0, 'Immediate': 0, 'IM': 0, 'AE': 0, 'A E': 0, 'AAPDA MITRA': 0, 'Bridge': 0, 'River': 0, 'Drain': 2, 'Restoration': 0, 'Protection': 0, 'irr': 0, 'irrigation': 0, 'dam': 0, 'Nallah': 0, 'Retrofitting': 0, 'Pond': 0, 'Pokhari': 0, 'D/C': 0, 'Recharge shaft': 0, 'LFB': 0, 'RFB': 0}","{'Floodlight': 0, 'Flood Light': 0, 'GAS': 0, 'FIFA': 0, 'pipe': 0, 'pipes': 0, 'covid': 0, 'supply': 0, 'Beautification': 0, 'Installation': 0}",,,False,True,Immediate Measures
3695,02/2020-21/ GR02/NP/ BELSAND/UDHD,"CONSTRUCTION FO PAVER BLOCK ROAD, PUCCA DRAIN & R.C.C. SLAB FROM THE HOUSE OF VISHWANATH PASWAN TO THE HOUSE OF JITENDRA PASWAN & FROM THE HOUSE OF BALKISHORE PASWAN TO THE HOUSE OF RAMATVAR PASWAN IN WARD NO-01 UNDER NAGAR PANCHAYAT BELSAND (GROUP 02)","CONSTRUCTION FO PAVER BLOCK ROAD, PUCCA DRAIN & R.C.C. SLAB FROM THE HOUSE OF VISHWANATH PASWAN TO THE HOUSE OF JITENDRA PASWAN & FROM THE HOUSE OF BALKISHORE PASWAN TO THE HOUSE OF RAMATVAR PASWAN IN WARD NO-01 UNDER NAGAR PANCHAYAT BELSAND (GROUP 02)",236220.0,INR,INR,2020-09-02 08:38:46+00:00,2020-09-02T08:26:20.834000+00:00,2020-09-10T04:29:01+00:00,SHEONATH THAKUR (EO),EXECUTIVE OFFICER BELSAND,UDHD,NAGAR PANCHAYAT BELSAND,SHEONATH THAKUR (E O BELSAND),EXECUTIVE OFFICER BELSAND,UDHD,4800.0,500.0,590.0,True,"{'Flood': 0, 'Embankment': 0, 'embkt': 0, 'Relief': 0, 'Erosion': 0, 'SDRF': 0, 'Inundation': 0, 'Hydrology': 0, 'Silt': 0, 'Siltation': 0, 'Bund': 0, 'Trench': 0, 'Breach': 0, 'Culvert': 0, 'Sluice': 0, 'Dyke': 0, 'Storm water drain': 0, 'Emergency': 0, 'Immediate': 0, 'IM': 0, 'AE': 0, 'A E': 0, 'AAPDA MITRA': 0, 'Bridge': 0, 'River': 0, 'Drain': 2, 'Restoration': 0, 'Protection': 0, 'irr': 0, 'irrigation': 0, 'dam': 0, 'Nallah': 0, 'Retrofitting': 0, 'Pond': 0, 'Pokhari': 0, 'D/C': 0, 'Recharge shaft': 0, 'LFB': 0, 'RFB': 0}","{'Floodlight': 0, 'Flood Light': 0, 'GAS': 0, 'FIFA': 0, 'pipe': 0, 'pipes': 0, 'covid': 0, 'supply': 0, 'Beautification': 0, 'Installation': 0}",,,False,True,Immediate Measures
3691,NPM-NIT 03-2020-21/GR80,Construction of Paver Block road  & RCC Drain from Rupesh Giri house to Gowshala ward no. - 10 under Nagar Panchayat Mehsi,Construction of Paver Block road  & RCC Drain from Rupesh Giri house to Gowshala ward no. - 10 under Nagar Panchayat Mehsi,187400.0,INR,INR,2020-09-02 09:24:02+00:00,2020-09-02T03:26:30.915000+00:00,2020-09-16T04:08:12+00:00,"EXECUTIVE OFFICER, MEHSI",EO,NAGAR PANCHAYAT MEHSI,NAGAR PANCHAYAT MEHSI,"EXECUTIVE OFFICER, MEHSI",EO,NAGAR PANCHAYAT MEHSI,3800.0,1500.0,590.0,True,"{'Flood': 0, 'Embankment': 0, 'embkt': 0, 'Relief': 0, 'Erosion': 0, 'SDRF': 0, 'Inundation': 0, 'Hydrology': 0, 'Silt': 0, 'Siltation': 0, 'Bund': 0, 'Trench': 0, 'Breach': 0, 'Culvert': 0, 'Sluice': 0, 'Dyke': 0, 'Storm water drain': 0, 'Emergency': 0, 'Immediate': 0, 'IM': 0, 'AE': 0, 'A E': 0, 'AAPDA MITRA': 0, 'Bridge': 0, 'River': 0, 'Drain': 2, 'Restoration': 0, 'Protection': 0, 'irr': 0, 'irrigation': 0, 'dam': 0, 'Nallah': 0, 'Retrofitting': 0, 'Pond': 0, 'Pokhari': 0, 'D/C': 0, 'Recharge shaft': 0, 'LFB': 0, 'RFB': 0}","{'Floodlight': 0, 'Flood Light': 0, 'GAS': 0, 'FIFA': 0, 'pipe': 0, 'pipes': 0, 'covid': 0, 'supply': 0, 'Beautification': 0, 'Installation': 0}",,,False,True,Immediate Measures
3702,02/2020-21/ GR09/ NP/ BELSAND/UDHD,"CONSTRUCTION FO PAVER BLOCK ROAD, PUCCA DRAIN & R.C.C. SLAB FROM THE HOUSE OF RAJESH SHA THORUGH THE HOUSE OF FAKIRA PASWAN TO THE HOUSE OF CHANDESHWAR SHA IN WARD NO-04 UNDER NAGAR PANCHAYAT BELSAND (GROUP NO 09)","CONSTRUCTION FO PAVER BLOCK ROAD, PUCCA DRAIN & R.C.C. SLAB FROM THE HOUSE OF RAJESH SHA THORUGH THE HOUSE OF FAKIRA PASWAN TO THE HOUSE OF CHANDESHWAR SHA IN WARD NO-04 UNDER NAGAR PANCHAYAT BELSAND (GROUP NO 09)",1538056.0,INR,INR,2020-09-02 09:26:15+00:00,2020-09-02T09:20:03.907000+00:00,2020-09-10T04:02:16+00:00,SHEONATH THAKUR (EO),EXECUTIVE OFFICER BELSAND,UDHD,NAGAR PANCHAYAT BELSAND,SHEONATH THAKUR (E O BELSAND),EXECUTIVE OFFICER BELSAND,UDHD,31000.0,5000.0,590.0,True,"{'Flood': 0, 'Embankment': 0, 'embkt': 0, 'Relief': 0, 'Erosion': 0, 'SDRF': 0, 'Inundation': 0, 'Hydrology': 0, 'Silt': 0, 'Siltation': 0, 'Bund': 0, 'Trench': 0, 'Breach': 0, 'Culvert': 0, 'Sluice': 0, 'Dyke': 0, 'Storm water drain': 0, 'Emergency': 0, 'Immediate': 0, 'IM': 0, 'AE': 0, 'A E': 0, 'AAPDA MITRA': 0, 'Bridge': 0, 'River': 0, 'Drain': 2, 'Restoration': 0, 'Protection': 0, 'irr': 0, 'irrigation': 0, 'dam': 0, 'Nallah': 0, 'Retrofitting': 0, 'Pond': 0, 'Pokhari': 0, 'D/C': 0, 'Recharge shaft': 0, 'LFB': 0, 'RFB': 0}","{'Floodlight': 0, 'Flood Light': 0, 'GAS': 0, 'FIFA': 0, 'pipe': 0, 'pipes': 0, 'covid': 0, 'supply': 0, 'Beautification': 0, 'Installation': 0}",,,False,True,Immediate Measures
3701,02/2020-21/ GR08/ NP/ BELSAND/UDHD,"CONSTRUCTION FO PAVER BLOCK ROAD, PUCCA DRAIN & R.C.C. SLAB (I) FROM THE HOUSE OF PREMANAD WAKIL TO THE HOUSE OF RAMJI SHA (II) FROM THE HOUSE OF SAMAN BHANDARI THROUGH THE HOUSE OF SHIVCHANDRA BHAGAT TO THE GATE OF PAWAN SHA (III) FROM THE HOUSE OF SOGARATH MAHATO THROUGH THE HOUSE OF RAMBRICH MAHATO TO THE MANUSHMARA RIVER IN WARD NO-03 UNDER NAGAR PANCHAYAT BELSAND (GROUP 08)","CONSTRUCTION FO PAVER BLOCK ROAD, PUCCA DRAIN & R.C.C. SLAB (I) FROM THE HOUSE OF PREMANAD WAKIL TO THE HOUSE OF RAMJI SHA (II) FROM THE HOUSE OF SAMAN BHANDARI THROUGH THE HOUSE OF SHIVCHANDRA BHAGAT TO THE GATE OF PAWAN SHA (III) FROM THE HOUSE OF SOGARATH MAHATO THROUGH THE HOUSE OF RAMBRICH MAHATO TO THE MANUSHMARA RIVER IN WARD NO-03 UNDER NAGAR PANCHAYAT BELSAND (GROUP 08)",719244.0,INR,INR,2020-09-02 09:19:37+00:00,2020-09-02T09:15:05.858000+00:00,2020-09-10T04:06:15+00:00,SHEONATH THAKUR (EO),EXECUTIVE OFFICER BELSAND,UDHD,NAGAR PANCHAYAT BELSAND,SHEONATH THAKUR (E O BELSAND),EXECUTIVE OFFICER BELSAND,UDHD,15000.0,1250.0,590.0,True,"{'Flood': 0, 'Embankment': 0, 'embkt': 0, 'Relief': 0, 'Erosion': 0, 'SDRF': 0, 'Inundation': 0, 'Hydrology': 0, 'Silt': 0, 'Siltation': 0, 'Bund': 0, 'Trench': 0, 'Breach': 0, 'Culvert': 0, 'Sluice': 0, 'Dyke': 0, 'Storm water drain': 0, 'Emergency': 0, 'Immediate': 0, 'IM': 0, 'AE': 0, 'A E': 0, 'AAPDA MITRA': 0, 'Bridge': 0, 'River': 2, 'Drain': 2, 'Restoration': 0, 'Protection': 0, 'irr': 0, 'irrigation': 0, 'dam': 0, 'Nallah': 0, 'Retrofitting': 0, 'Pond': 0, 'Pokhari': 0, 'D/C': 0, 'Recharge shaft': 0, 'LFB': 0, 'RFB': 0}","{'Floodlight': 0, 'Flood Light': 0, 'GAS': 0, 'FIFA': 0, 'pipe': 0, 'pipes': 0, 'covid': 0, 'supply': 0, 'Beautification': 0, 'Installation': 0}",,,False,True,Immediate Measures
3703,NPM-NIT 03-2020-21/GR81,Construction of Paver Block road  & RCC Drain from Umesh Chowdhary house  via Suresh Chowdhary to Sita Chowdhary house ward no. - 10 under Nagar Panchayat Mehsi,Construction of Paver Block road  & RCC Drain from Umesh Chowdhary house  via Suresh Chowdhary to Sita Chowdhary house ward no. - 10 under Nagar Panchayat Mehsi,569800.0,INR,INR,2020-09-02 09:54:35+00:00,2020-09-02T09:24:27.669000+00:00,2020-09-11T02:18:44+00:00,"EXECUTIVE OFFICER, MEHSI",EO,NAGAR PANCHAYAT MEHSI,NAGAR PANCHAYAT MEHSI,"EXECUTIVE OFFICER, MEHSI",EO,NAGAR PANCHAYAT MEHSI,11400.0,2500.0,590.0,True,"{'Flood': 0, 'Embankment': 0, 'embkt': 0, 'Relief': 0, 'Erosion': 0, 'SDRF': 0, 'Inundation': 0, 'Hydrology': 0, 'Silt': 0, 'Siltation': 0, 'Bund': 0, 'Trench': 0, 'Breach': 0, 'Culvert': 0, 'Sluice': 0, 'Dyke': 0, 'Storm water drain': 0, 'Emergency': 0, 'Immediate': 0, 'IM': 0, 'AE': 0, 'A E': 0, 'AAPDA MITRA': 0, 'Bridge': 0, 'River': 0, 'Drain': 2, 'Restoration': 0, 'Protection': 0, 'irr': 0, 'irrigation': 0, 'dam': 0, 'Nallah': 0, 'Retrofitting': 0, 'Pond': 0, 'Pokhari': 0, 'D/C': 0, 'Recharge shaft': 0, 'LFB': 0, 'RFB': 0}","{'Floodlight': 0, 'Flood Light': 0, 'GAS': 0, 'FIFA': 0, 'pipe': 0, 'pipes': 0, 'covid': 0, 'supply': 0, 'Beautification': 0, 'Installation': 0}",,,False,True,Immediate Measures
3707,02/2020-21/ GR12/ NP/ BELSAND/UDHD,"DETAILE ESTIMATE FOR CONSTRUCTION OF P.C.C.ROAD ,PUCCA DRAIN & R.C.C. SLAB FROM THE MAIN ROAD THROUGH THE HOUSE OF CHANDESHWAR SHA TO THE HOUSE OF PARICHAN SHA IN WARD NO- 04  UNDER NAGAR PANCHAYAT, BELSAND(G12)","DETAILE ESTIMATE FOR CONSTRUCTION OF P.C.C.ROAD ,PUCCA DRAIN & R.C.C. SLAB FROM THE MAIN ROAD THROUGH THE HOUSE OF CHANDESHWAR SHA TO THE HOUSE OF PARICHAN SHA IN WARD NO- 04  UNDER NAGAR PANCHAYAT, BELSAND(G12)",1133961.0,INR,INR,2020-09-02 09:41:19+00:00,2020-09-02T09:36:38.059000+00:00,2020-09-10T03:49:56+00:00,SHEONATH THAKUR (EO),EXECUTIVE OFFICER BELSAND,UDHD,NAGAR PANCHAYAT BELSAND,SHEONATH THAKUR (E O BELSAND),EXECUTIVE OFFICER BELSAND,UDHD,23000.0,2500.0,590.0,True,"{'Flood': 0, 'Embankment': 0, 'embkt': 0, 'Relief': 0, 'Erosion': 0, 'SDRF': 0, 'Inundation': 0, 'Hydrology': 0, 'Silt': 0, 'Siltation': 0, 'Bund': 0, 'Trench': 0, 'Breach': 0, 'Culvert': 0, 'Sluice': 0, 'Dyke': 0, 'Storm water drain': 0, 'Emergency': 0, 'Immediate': 0, 'IM': 0, 'AE': 0, 'A E': 0, 'AAPDA MITRA': 0, 'Bridge': 0, 'River': 0, 'Drain': 2, 'Restoration': 0, 'Protection': 0, 'irr': 0, 'irrigation': 0, 'dam': 0, 'Nallah': 0, 'Retrofitting': 0, 'Pond': 0, 'Pokhari': 0, 'D/C': 0, 'Recharge shaft': 0, 'LFB': 0, 'RFB': 0}","{'Floodlight': 0, 'Flood Light': 0, 'GAS': 0, 'FIFA': 0, 'pipe': 0, 'pipes': 0, 'covid': 0, 'supply': 0, 'Beautification': 0, 'Installation': 0}",,,False,True,Immediate Measures
3704,02/2020-21/ GR10/ NP/ BELSAND/UDHD,"CONSTRUCTION FO PAVER BLOCK ROAD, PUCCA DRAIN & R.C.C. SLAB (I) FROM THE HOUSE OF LAKHINDRA PASWAN TO THE HOUSE OF CHANDESHWAR RAM (II) FROM THE HOUSE OF RAMLALA PASWAN TO THE MAIN ROAD IN WARD NO-04 UNDER NAGAR PANCHAYAT BELSAND(GROUP 10)","CONSTRUCTION FO PAVER BLOCK ROAD, PUCCA DRAIN & R.C.C. SLAB (I) FROM THE HOUSE OF LAKHINDRA PASWAN TO THE HOUSE OF CHANDESHWAR RAM (II) FROM THE HOUSE OF RAMLALA PASWAN TO THE MAIN ROAD IN WARD NO-04 UNDER NAGAR PANCHAYAT BELSAND(GROUP 10)",528420.0,INR,INR,2020-09-02 09:31:39+00:00,2020-09-02T09:26:40.346000+00:00,2020-09-10T03:57:44+00:00,SHEONATH THAKUR (EO),EXECUTIVE OFFICER BELSAND,UDHD,NAGAR PANCHAYAT BELSAND,SHEONATH THAKUR (E O BELSAND),EXECUTIVE OFFICER BELSAND,UDHD,11000.0,1250.0,590.0,True,"{'Flood': 0, 'Embankment': 0, 'embkt': 0, 'Relief': 0, 'Erosion': 0, 'SDRF': 0, 'Inundation': 0, 'Hydrology': 0, 'Silt': 0, 'Siltation': 0, 'Bund': 0, 'Trench': 0, 'Breach': 0, 'Culvert': 0, 'Sluice': 0, 'Dyke': 0, 'Storm water drain': 0, 'Emergency': 0, 'Immediate': 0, 'IM': 0, 'AE': 0, 'A E': 0, 'AAPDA MITRA': 0, 'Bridge': 0, 'River': 0, 'Drain': 2, 'Restoration': 0, 'Protection': 0, 'irr': 0, 'irrigation': 0, 'dam': 0, 'Nallah': 0, 'Retrofitting': 0, 'Pond': 0, 'Pokhari': 0, 'D/C': 0, 'Recharge shaft': 0, 'LFB': 0, 'RFB': 0}","{'Floodlight': 0, 'Flood Light': 0, 'GAS': 0, 'FIFA': 0, 'pipe': 0, 'pipes': 0, 'covid': 0, 'supply': 0, 'Beautification': 0, 'Installation': 0}",,,False,True,Immediate Measures
3712,02/2020-21/ GR17/ NP/ BELSAND/UDHD,CONSTRUCTION OF PUCCA DRAIN & R.C.C. SLAB FROM THE HOUSE OF GITA DEVI TO THE HOUSE OF FULMOHAMAD IN WARD NO-06  UNDER NAGAR PANCHAYAT BELSAND (G17),CONSTRUCTION OF PUCCA DRAIN & R.C.C. SLAB FROM THE HOUSE OF GITA DEVI TO THE HOUSE OF FULMOHAMAD IN WARD NO-06  UNDER NAGAR PANCHAYAT BELSAND (G17),459374.0,INR,INR,2020-09-02 10:01:07+00:00,2020-09-02T09:57:27.423000+00:00,2020-09-09T17:17:11+00:00,SHEONATH THAKUR (EO),EXECUTIVE OFFICER BELSAND,UDHD,NAGAR PANCHAYAT BELSAND,SHEONATH THAKUR (E O BELSAND),EXECUTIVE OFFICER BELSAND,UDHD,9200.0,750.0,590.0,True,"{'Flood': 0, 'Embankment': 0, 'embkt': 0, 'Relief': 0, 'Erosion': 0, 'SDRF': 0, 'Inundation': 0, 'Hydrology': 0, 'Silt': 0, 'Siltation': 0, 'Bund': 0, 'Trench': 0, 'Breach': 0, 'Culvert': 0, 'Sluice': 0, 'Dyke': 0, 'Storm water drain': 0, 'Emergency': 0, 'Immediate': 0, 'IM': 0, 'AE': 0, 'A E': 0, 'AAPDA MITRA': 0, 'Bridge': 0, 'River': 0, 'Drain': 2, 'Restoration': 0, 'Protection': 0, 'irr': 0, 'irrigation': 0, 'dam': 0, 'Nallah': 0, 'Retrofitting': 0, 'Pond': 0, 'Pokhari': 0, 'D/C': 0, 'Recharge shaft': 0, 'LFB': 0, 'RFB': 0}","{'Floodlight': 0, 'Flood Light': 0, 'GAS': 0, 'FIFA': 0, 'pipe': 0, 'pipes': 0, 'covid': 0, 'supply': 0, 'Beautification': 0, 'Installation': 0}",,,False,True,Immediate Measures
3710,02/2020-21/ GR16/ NP/ BELSAND/UDHD,"CONSTRUCTION FO PAVER BLOCK ROAD, PUCCA DRAIN & R.C.C. SLAB FROM THE KABRISTHAN TO THE REST P.C.C.ROAD IN WARD NO-06 UNDER NAGAR PANCHAYAT BELSAND (G16)","CONSTRUCTION FO PAVER BLOCK ROAD, PUCCA DRAIN & R.C.C. SLAB FROM THE KABRISTHAN TO THE REST P.C.C.ROAD IN WARD NO-06 UNDER NAGAR PANCHAYAT BELSAND (G16)",673769.0,INR,INR,2020-09-02 09:57:11+00:00,2020-09-02T09:52:56.542000+00:00,2020-09-09T17:19:08+00:00,SHEONATH THAKUR (EO),EXECUTIVE OFFICER BELSAND,UDHD,NAGAR PANCHAYAT BELSAND,SHEONATH THAKUR (E O BELSAND),EXECUTIVE OFFICER BELSAND,UDHD,13500.0,1250.0,590.0,True,"{'Flood': 0, 'Embankment': 0, 'embkt': 0, 'Relief': 0, 'Erosion': 0, 'SDRF': 0, 'Inundation': 0, 'Hydrology': 0, 'Silt': 0, 'Siltation': 0, 'Bund': 0, 'Trench': 0, 'Breach': 0, 'Culvert': 0, 'Sluice': 0, 'Dyke': 0, 'Storm water drain': 0, 'Emergency': 0, 'Immediate': 0, 'IM': 0, 'AE': 0, 'A E': 0, 'AAPDA MITRA': 0, 'Bridge': 0, 'River': 0, 'Drain': 2, 'Restoration': 0, 'Protection': 0, 'irr': 0, 'irrigation': 0, 'dam': 0, 'Nallah': 0, 'Retrofitting': 0, 'Pond': 0, 'Pokhari': 0, 'D/C': 0, 'Recharge shaft': 0, 'LFB': 0, 'RFB': 0}","{'Floodlight': 0, 'Flood Light': 0, 'GAS': 0, 'FIFA': 0, 'pipe': 0, 'pipes': 0, 'covid': 0, 'supply': 0, 'Beautification': 0, 'Installation': 0}",,,False,True,Immediate Measures
3709,02/2020-21/ GR14/ NP/ BELSAND/UDHD,"CONSTRUCTION FO PAVER BLOCK ROAD, PUCCA DRAIN & R.C.C. SLAB (I) FROM THE R.E.O. ROAD TO THE WEST SIDE OF PACHIYARI MATH (II) FROM THE HOUSE OF SHANKER SAHANI TO THE HOUSE OF RAMBABU IN WARD NO-05 UNDER NAGAR PANCHAYAT BELSAND (G14)","CONSTRUCTION FO PAVER BLOCK ROAD, PUCCA DRAIN & R.C.C. SLAB (I) FROM THE R.E.O. ROAD TO THE WEST SIDE OF PACHIYARI MATH (II) FROM THE HOUSE OF SHANKER SAHANI TO THE HOUSE OF RAMBABU IN WARD NO-05 UNDER NAGAR PANCHAYAT BELSAND (G14)",414250.0,INR,INR,2020-09-02 09:52:15+00:00,2020-09-02T09:47:23.078000+00:00,2022-07-07T10:49:30+00:00,SHEONATH THAKUR (EO),EXECUTIVE OFFICER BELSAND,UDHD,NAGAR PANCHAYAT BELSAND,SHEONATH THAKUR (E O BELSAND),EXECUTIVE OFFICER BELSAND,UDHD,8300.0,750.0,590.0,True,"{'Flood': 0, 'Embankment': 0, 'embkt': 0, 'Relief': 0, 'Erosion': 0, 'SDRF': 0, 'Inundation': 0, 'Hydrology': 0, 'Silt': 0, 'Siltation': 0, 'Bund': 0, 'Trench': 0, 'Breach': 0, 'Culvert': 0, 'Sluice': 0, 'Dyke': 0, 'Storm water drain': 0, 'Emergency': 0, 'Immediate': 0, 'IM': 0, 'AE': 0, 'A E': 0, 'AAPDA MITRA': 0, 'Bridge': 0, 'River': 0, 'Drain': 2, 'Restoration': 0, 'Protection': 0, 'irr': 0, 'irrigation': 0, 'dam': 0, 'Nallah': 0, 'Retrofitting': 0, 'Pond': 0, 'Pokhari': 0, 'D/C': 0, 'Recharge shaft': 0, 'LFB': 0, 'RFB': 0}","{'Floodlight': 0, 'Flood Light': 0, 'GAS': 0, 'FIFA': 0, 'pipe': 0, 'pipes': 0, 'covid': 0, 'supply': 0, 'Beautification': 0, 'Installation': 0}",,,False,True,Immediate Measures
3708,02/2020-21/ GR13/ NP/ BELSAND/UDHD,"CONSTRUCTION FO PAVER BLOCK ROAD, PUCCA DRAIN & R.C.C. SLAB FROM THE HOUSE OF GENA SHA TO THE HOUSE OF NAWAB SHA IN WARD NO-04 UNDER NAGAR PANCHAYAT BELSAND(G13)","CONSTRUCTION FO PAVER BLOCK ROAD, PUCCA DRAIN & R.C.C. SLAB FROM THE HOUSE OF GENA SHA TO THE HOUSE OF NAWAB SHA IN WARD NO-04 UNDER NAGAR PANCHAYAT BELSAND(G13)",374455.0,INR,INR,2020-09-02 09:46:56+00:00,2020-09-02T09:41:53.064000+00:00,2020-09-10T03:45:59+00:00,SHEONATH THAKUR (EO),EXECUTIVE OFFICER BELSAND,UDHD,NAGAR PANCHAYAT BELSAND,SHEONATH THAKUR (E O BELSAND),EXECUTIVE OFFICER BELSAND,UDHD,7500.0,750.0,590.0,True,"{'Flood': 0, 'Embankment': 0, 'embkt': 0, 'Relief': 0, 'Erosion': 0, 'SDRF': 0, 'Inundation': 0, 'Hydrology': 0, 'Silt': 0, 'Siltation': 0, 'Bund': 0, 'Trench': 0, 'Breach': 0, 'Culvert': 0, 'Sluice': 0, 'Dyke': 0, 'Storm water drain': 0, 'Emergency': 0, 'Immediate': 0, 'IM': 0, 'AE': 0, 'A E': 0, 'AAPDA MITRA': 0, 'Bridge': 0, 'River': 0, 'Drain': 2, 'Restoration': 0, 'Protection': 0, 'irr': 0, 'irrigation': 0, 'dam': 0, 'Nallah': 0, 'Retrofitting': 0, 'Pond': 0, 'Pokhari': 0, 'D/C': 0, 'Recharge shaft': 0, 'LFB': 0, 'RFB': 0}","{'Floodlight': 0, 'Flood Light': 0, 'GAS': 0, 'FIFA': 0, 'pipe': 0, 'pipes': 0, 'covid': 0, 'supply': 0, 'Beautification': 0, 'Installation': 0}",,,False,True,Immediate Measures
3706,02/2020-21/ GR11/ NP/ BELSAND/UDHD,"DETAILE ESTIMATE FOR CONSTRUCTION OF PAVER BLOCK ROAD,PUCCA DRAIN & R.C.C. SLAB FROM THE MAIN ROAD THROUGH THE HOUSE OF RAJKISHORE SHA TO THE HOUSE OF RAJA SHA IN WARD NO- 04  UNDER NAGAR PANCHAYAT, BELSAND(GROUP NO 11)","DETAILE ESTIMATE FOR CONSTRUCTION OF PAVER BLOCK ROAD,PUCCA DRAIN & R.C.C. SLAB FROM THE MAIN ROAD THROUGH THE HOUSE OF RAJKISHORE SHA TO THE HOUSE OF RAJA SHA IN WARD NO- 04  UNDER NAGAR PANCHAYAT, BELSAND(GROUP NO 11)",1239088.0,INR,INR,2020-09-02 09:36:21+00:00,2020-09-02T09:32:01.256000+00:00,2020-09-10T03:53:43+00:00,SHEONATH THAKUR (EO),EXECUTIVE OFFICER BELSAND,UDHD,NAGAR PANCHAYAT BELSAND,SHEONATH THAKUR (E O BELSAND),EXECUTIVE OFFICER BELSAND,UDHD,25000.0,2500.0,590.0,True,"{'Flood': 0, 'Embankment': 0, 'embkt': 0, 'Relief': 0, 'Erosion': 0, 'SDRF': 0, 'Inundation': 0, 'Hydrology': 0, 'Silt': 0, 'Siltation': 0, 'Bund': 0, 'Trench': 0, 'Breach': 0, 'Culvert': 0, 'Sluice': 0, 'Dyke': 0, 'Storm water drain': 0, 'Emergency': 0, 'Immediate': 0, 'IM': 0, 'AE': 0, 'A E': 0, 'AAPDA MITRA': 0, 'Bridge': 0, 'River': 0, 'Drain': 2, 'Restoration': 0, 'Protection': 0, 'irr': 0, 'irrigation': 0, 'dam': 0, 'Nallah': 0, 'Retrofitting': 0, 'Pond': 0, 'Pokhari': 0, 'D/C': 0, 'Recharge shaft': 0, 'LFB': 0, 'RFB': 0}","{'Floodlight': 0, 'Flood Light': 0, 'GAS': 0, 'FIFA': 0, 'pipe': 0, 'pipes': 0, 'covid': 0, 'supply': 0, 'Beautification': 0, 'Installation': 0}",,,False,True,Immediate Measures
3713,NPM-NIT 03-2020-21/GR83,Construction of RCC drain with cover slab in VIP Road from Krishna Singh house  to Late Sushil Singh Pan Shop in ward no. - 11 under Nagar Panchayat Mehsi,Construction of RCC drain with cover slab in VIP Road from Krishna Singh house  to Late Sushil Singh Pan Shop in ward no. - 11 under Nagar Panchayat Mehsi,274000.0,INR,INR,2020-09-02 10:02:12+00:00,2020-09-02T09:58:56.884000+00:00,2020-09-16T04:29:19+00:00,"EXECUTIVE OFFICER, MEHSI",EO,NAGAR PANCHAYAT MEHSI,NAGAR PANCHAYAT MEHSI,"EXECUTIVE OFFICER, MEHSI",EO,NAGAR PANCHAYAT MEHSI,5500.0,1500.0,590.0,True,"{'Flood': 0, 'Embankment': 0, 'embkt': 0, 'Relief': 0, 'Erosion': 0, 'SDRF': 0, 'Inundation': 0, 'Hydrology': 0, 'Silt': 0, 'Siltation': 0, 'Bund': 0, 'Trench': 0, 'Breach': 0, 'Culvert': 0, 'Sluice': 0, 'Dyke': 0, 'Storm water drain': 0, 'Emergency': 0, 'Immediate': 0, 'IM': 0, 'AE': 0, 'A E': 0, 'AAPDA MITRA': 0, 'Bridge': 0, 'River': 0, 'Drain': 2, 'Restoration': 0, 'Protection': 0, 'irr': 0, 'irrigation': 0, 'dam': 0, 'Nallah': 0, 'Retrofitting': 0, 'Pond': 0, 'Pokhari': 0, 'D/C': 0, 'Recharge shaft': 0, 'LFB': 0, 'RFB': 0}","{'Floodlight': 0, 'Flood Light': 0, 'GAS': 0, 'FIFA': 0, 'pipe': 0, 'pipes': 0, 'covid': 0, 'supply': 0, 'Beautification': 0, 'Installation': 0}",,,False,True,Immediate Measures
3711,NPM-NIT 03-2020-21/GR82,Construction of RCC drain with cover slab from Vijay Shankar Mishra House  to Sekh Neim house in ward no. - 10 under Nagar Panchayat Mehsi,Construction of RCC drain with cover slab from Vijay Shankar Mishra House  to Sekh Neim house in ward no. - 10 under Nagar Panchayat Mehsi,216900.0,INR,INR,2020-09-02 09:58:28+00:00,2020-09-02T09:55:05.973000+00:00,2020-09-16T04:16:05+00:00,"EXECUTIVE OFFICER, MEHSI",EO,NAGAR PANCHAYAT MEHSI,NAGAR PANCHAYAT MEHSI,"EXECUTIVE OFFICER, MEHSI",EO,NAGAR PANCHAYAT MEHSI,4400.0,1500.0,590.0,True,"{'Flood': 0, 'Embankment': 0, 'embkt': 0, 'Relief': 0, 'Erosion': 0, 'SDRF': 0, 'Inundation': 0, 'Hydrology': 0, 'Silt': 0, 'Siltation': 0, 'Bund': 0, 'Trench': 0, 'Breach': 0, 'Culvert': 0, 'Sluice': 0, 'Dyke': 0, 'Storm water drain': 0, 'Emergency': 0, 'Immediate': 0, 'IM': 0, 'AE': 0, 'A E': 0, 'AAPDA MITRA': 0, 'Bridge': 0, 'River': 0, 'Drain': 2, 'Restoration': 0, 'Protection': 0, 'irr': 0, 'irrigation': 0, 'dam': 0, 'Nallah': 0, 'Retrofitting': 0, 'Pond': 0, 'Pokhari': 0, 'D/C': 0, 'Recharge shaft': 0, 'LFB': 0, 'RFB': 0}","{'Floodlight': 0, 'Flood Light': 0, 'GAS': 0, 'FIFA': 0, 'pipe': 0, 'pipes': 0, 'covid': 0, 'supply': 0, 'Beautification': 0, 'Installation': 0}",,,False,True,Immediate Measures
3718,02/2020-21/ GR20/ NP/ BELSAND/UDHD,"CONSTRUCTION FO PAVER BLOCK ROAD, PUCCA DRAIN & R.C.C. SLAB FROM THE  MAIN ROAD NEAR SCHOOL THROUGH THE HOUSE OF SUNIL SHA TO THE HOUSE OF SATNARAYAN MAHATO IN WARD NO-07UNDER NAGAR PANCHAYAT BELSAND (G20)","CONSTRUCTION FO PAVER BLOCK ROAD, PUCCA DRAIN & R.C.C. SLAB FROM THE  MAIN ROAD NEAR SCHOOL THROUGH THE HOUSE OF SUNIL SHA TO THE HOUSE OF SATNARAYAN MAHATO IN WARD NO-07UNDER NAGAR PANCHAYAT BELSAND (G20)",849611.0,INR,INR,2020-09-02 10:14:16+00:00,2020-09-02T10:10:37.016000+00:00,2020-09-09T17:10:12+00:00,SHEONATH THAKUR (EO),EXECUTIVE OFFICER BELSAND,UDHD,NAGAR PANCHAYAT BELSAND,SHEONATH THAKUR (E O BELSAND),EXECUTIVE OFFICER BELSAND,UDHD,17000.0,1250.0,590.0,True,"{'Flood': 0, 'Embankment': 0, 'embkt': 0, 'Relief': 0, 'Erosion': 0, 'SDRF': 0, 'Inundation': 0, 'Hydrology': 0, 'Silt': 0, 'Siltation': 0, 'Bund': 0, 'Trench': 0, 'Breach': 0, 'Culvert': 0, 'Sluice': 0, 'Dyke': 0, 'Storm water drain': 0, 'Emergency': 0, 'Immediate': 0, 'IM': 0, 'AE': 0, 'A E': 0, 'AAPDA MITRA': 0, 'Bridge': 0, 'River': 0, 'Drain': 2, 'Restoration': 0, 'Protection': 0, 'irr': 0, 'irrigation': 0, 'dam': 0, 'Nallah': 0, 'Retrofitting': 0, 'Pond': 0, 'Pokhari': 0, 'D/C': 0, 'Recharge shaft': 0, 'LFB': 0, 'RFB': 0}","{'Floodlight': 0, 'Flood Light': 0, 'GAS': 0, 'FIFA': 0, 'pipe': 0, 'pipes': 0, 'covid': 0, 'supply': 0, 'Beautification': 0, 'Installation': 0}",,,False,True,Immediate Measures
3714,02/2020-21/ GR18/ NP/ BELSAND/UDHD,"CONSTRUCTION FO PAVER BLOCK ROAD, PUCCA DRAIN & R.C.C. SLAB FROM THE  HOUSE OF SANDIP GUPTA TO THE RESIDENCE OF S.D.O. SAHEB IN WARD NO-7 UNDER NAGAR PANCHAYAT BELSAND (G18)","CONSTRUCTION FO PAVER BLOCK ROAD, PUCCA DRAIN & R.C.C. SLAB FROM THE  HOUSE OF SANDIP GUPTA TO THE RESIDENCE OF S.D.O. SAHEB IN WARD NO-7 UNDER NAGAR PANCHAYAT BELSAND (G18)",1109064.0,INR,INR,2020-09-02 10:05:26+00:00,2020-09-02T10:01:26.376000+00:00,2020-09-09T17:15:16+00:00,SHEONATH THAKUR (EO),EXECUTIVE OFFICER BELSAND,UDHD,NAGAR PANCHAYAT BELSAND,SHEONATH THAKUR (E O BELSAND),EXECUTIVE OFFICER BELSAND,UDHD,22500.0,2500.0,590.0,True,"{'Flood': 0, 'Embankment': 0, 'embkt': 0, 'Relief': 0, 'Erosion': 0, 'SDRF': 0, 'Inundation': 0, 'Hydrology': 0, 'Silt': 0, 'Siltation': 0, 'Bund': 0, 'Trench': 0, 'Breach': 0, 'Culvert': 0, 'Sluice': 0, 'Dyke': 0, 'Storm water drain': 0, 'Emergency': 0, 'Immediate': 0, 'IM': 0, 'AE': 0, 'A E': 0, 'AAPDA MITRA': 0, 'Bridge': 0, 'River': 0, 'Drain': 2, 'Restoration': 0, 'Protection': 0, 'irr': 0, 'irrigation': 0, 'dam': 0, 'Nallah': 0, 'Retrofitting': 0, 'Pond': 0, 'Pokhari': 0, 'D/C': 0, 'Recharge shaft': 0, 'LFB': 0, 'RFB': 0}","{'Floodlight': 0, 'Flood Light': 0, 'GAS': 0, 'FIFA': 0, 'pipe': 0, 'pipes': 0, 'covid': 0, 'supply': 0, 'Beautification': 0, 'Installation': 0}",,,False,True,Immediate Measures
3717,NPM-NIT 03-2020-21/GR85,Construction of RCC drain with cover slab from Chowk Bazar behine of  Shiv Mandir RadhesyamSingh house  to Dargaha Md Manjar Hussain house in ward no. - 11 under Nagar Panchayat Mehsi,Construction of RCC drain with cover slab from Chowk Bazar behine of  Shiv Mandir RadhesyamSingh house  to Dargaha Md Manjar Hussain house in ward no. - 11 under Nagar Panchayat Mehsi,520600.0,INR,INR,2020-09-02 10:10:39+00:00,2020-09-02T10:06:21.046000+00:00,2020-09-16T04:44:55+00:00,"EXECUTIVE OFFICER, MEHSI",EO,NAGAR PANCHAYAT MEHSI,NAGAR PANCHAYAT MEHSI,"EXECUTIVE OFFICER, MEHSI",EO,NAGAR PANCHAYAT MEHSI,10500.0,2500.0,590.0,True,"{'Flood': 0, 'Embankment': 0, 'embkt': 0, 'Relief': 0, 'Erosion': 0, 'SDRF': 0, 'Inundation': 0, 'Hydrology': 0, 'Silt': 0, 'Siltation': 0, 'Bund': 0, 'Trench': 0, 'Breach': 0, 'Culvert': 0, 'Sluice': 0, 'Dyke': 0, 'Storm water drain': 0, 'Emergency': 0, 'Immediate': 0, 'IM': 0, 'AE': 0, 'A E': 0, 'AAPDA MITRA': 0, 'Bridge': 0, 'River': 0, 'Drain': 2, 'Restoration': 0, 'Protection': 0, 'irr': 0, 'irrigation': 0, 'dam': 0, 'Nallah': 0, 'Retrofitting': 0, 'Pond': 0, 'Pokhari': 0, 'D/C': 0, 'Recharge shaft': 0, 'LFB': 0, 'RFB': 0}","{'Floodlight': 0, 'Flood Light': 0, 'GAS': 0, 'FIFA': 0, 'pipe': 0, 'pipes': 0, 'covid': 0, 'supply': 0, 'Beautification': 0, 'Installation': 0}",,,False,True,Immediate Measures
3715,NPM-NIT 03-2020-21/GR84,Construction of Paver Block road  & RCC Drain from Late Kamleshwari Singh house to Sri Harishchandra Prasad house ward no. - 11 under Nagar Panchayat Mehsi,Construction of Paver Block road  & RCC Drain from Late Kamleshwari Singh house to Sri Harishchandra Prasad house ward no. - 11 under Nagar Panchayat Mehsi,255300.0,INR,INR,2020-09-02 10:05:55+00:00,2020-09-02T10:02:42.129000+00:00,2020-09-16T04:37:25+00:00,"EXECUTIVE OFFICER, MEHSI",EO,NAGAR PANCHAYAT MEHSI,NAGAR PANCHAYAT MEHSI,"EXECUTIVE OFFICER, MEHSI",EO,NAGAR PANCHAYAT MEHSI,5200.0,1500.0,590.0,True,"{'Flood': 0, 'Embankment': 0, 'embkt': 0, 'Relief': 0, 'Erosion': 0, 'SDRF': 0, 'Inundation': 0, 'Hydrology': 0, 'Silt': 0, 'Siltation': 0, 'Bund': 0, 'Trench': 0, 'Breach': 0, 'Culvert': 0, 'Sluice': 0, 'Dyke': 0, 'Storm water drain': 0, 'Emergency': 0, 'Immediate': 0, 'IM': 0, 'AE': 0, 'A E': 0, 'AAPDA MITRA': 0, 'Bridge': 0, 'River': 0, 'Drain': 2, 'Restoration': 0, 'Protection': 0, 'irr': 0, 'irrigation': 0, 'dam': 0, 'Nallah': 0, 'Retrofitting': 0, 'Pond': 0, 'Pokhari': 0, 'D/C': 0, 'Recharge shaft': 0, 'LFB': 0, 'RFB': 0}","{'Floodlight': 0, 'Flood Light': 0, 'GAS': 0, 'FIFA': 0, 'pipe': 0, 'pipes': 0, 'covid': 0, 'supply': 0, 'Beautification': 0, 'Installation': 0}",,,False,True,Immediate Measures
3725,NPM-NIT 03-2020-21/GR89,Construction of Paver Block road  & RCC Drain from Nearby of Vishwanath Sah house to Kapildev Dubey house ward no. - 12 under Nagar Panchayat Mehsi,Construction of Paver Block road  & RCC Drain from Nearby of Vishwanath Sah house to Kapildev Dubey house ward no. - 12 under Nagar Panchayat Mehsi,213800.0,INR,INR,2020-09-02 10:26:20+00:00,2020-09-02T10:22:51.593000+00:00,2020-09-16T05:16:43+00:00,"EXECUTIVE OFFICER, MEHSI",EO,NAGAR PANCHAYAT MEHSI,NAGAR PANCHAYAT MEHSI,"EXECUTIVE OFFICER, MEHSI",EO,NAGAR PANCHAYAT MEHSI,4300.0,1500.0,590.0,True,"{'Flood': 0, 'Embankment': 0, 'embkt': 0, 'Relief': 0, 'Erosion': 0, 'SDRF': 0, 'Inundation': 0, 'Hydrology': 0, 'Silt': 0, 'Siltation': 0, 'Bund': 0, 'Trench': 0, 'Breach': 0, 'Culvert': 0, 'Sluice': 0, 'Dyke': 0, 'Storm water drain': 0, 'Emergency': 0, 'Immediate': 0, 'IM': 0, 'AE': 0, 'A E': 0, 'AAPDA MITRA': 0, 'Bridge': 0, 'River': 0, 'Drain': 2, 'Restoration': 0, 'Protection': 0, 'irr': 0, 'irrigation': 0, 'dam': 0, 'Nallah': 0, 'Retrofitting': 0, 'Pond': 0, 'Pokhari': 0, 'D/C': 0, 'Recharge shaft': 0, 'LFB': 0, 'RFB': 0}","{'Floodlight': 0, 'Flood Light': 0, 'GAS': 0, 'FIFA': 0, 'pipe': 0, 'pipes': 0, 'covid': 0, 'supply': 0, 'Beautification': 0, 'Installation': 0}",,,False,True,Immediate Measures
3724,02/2020-21/ GR23/ NP/ BELSAND/UDHD,"CONSTRUCTION FO PAVER BLOCK ROAD, PUCCA DRAIN & R.C.C. SLAB (I) FROM THE HOUSE OF SANJIV KUMAR YADAV TO THE HOUSE OF JAMUN RAI (II) FROM THE HOUSE OF HARIKANT JHA TO THE HOUSE OF KISHAN SHA & FROM THE HOUSE OF SHAYANANDAN JHA TO THE HOUE OF RAMSAGAR SHA(III)FROM THE HOUSE OF LALBABU SHA TO THE HOUSE OF RAJESH GUPTA IN WARD NO-09 UNDER NAGAR PANCHAYAT BELSAND(G23)","CONSTRUCTION FO PAVER BLOCK ROAD, PUCCA DRAIN & R.C.C. SLAB (I) FROM THE HOUSE OF SANJIV KUMAR YADAV TO THE HOUSE OF JAMUN RAI (II) FROM THE HOUSE OF HARIKANT JHA TO THE HOUSE OF KISHAN SHA & FROM THE HOUSE OF SHAYANANDAN JHA TO THE HOUE OF RAMSAGAR SHA(III)FROM THE HOUSE OF LALBABU SHA TO THE HOUSE OF RAJESH GUPTA IN WARD NO-09 UNDER NAGAR PANCHAYAT BELSAND(G23)",621511.0,INR,INR,2020-09-02 10:26:45+00:00,2020-09-02T10:22:33.325000+00:00,2020-09-09T16:59:25+00:00,SHEONATH THAKUR (EO),EXECUTIVE OFFICER BELSAND,UDHD,NAGAR PANCHAYAT BELSAND,SHEONATH THAKUR (E O BELSAND),EXECUTIVE OFFICER BELSAND,UDHD,12500.0,1250.0,590.0,True,"{'Flood': 0, 'Embankment': 0, 'embkt': 0, 'Relief': 0, 'Erosion': 0, 'SDRF': 0, 'Inundation': 0, 'Hydrology': 0, 'Silt': 0, 'Siltation': 0, 'Bund': 0, 'Trench': 0, 'Breach': 0, 'Culvert': 0, 'Sluice': 0, 'Dyke': 0, 'Storm water drain': 0, 'Emergency': 0, 'Immediate': 0, 'IM': 0, 'AE': 0, 'A E': 0, 'AAPDA MITRA': 0, 'Bridge': 0, 'River': 0, 'Drain': 2, 'Restoration': 0, 'Protection': 0, 'irr': 0, 'irrigation': 0, 'dam': 0, 'Nallah': 0, 'Retrofitting': 0, 'Pond': 0, 'Pokhari': 0, 'D/C': 0, 'Recharge shaft': 0, 'LFB': 0, 'RFB': 0}","{'Floodlight': 0, 'Flood Light': 0, 'GAS': 0, 'FIFA': 0, 'pipe': 0, 'pipes': 0, 'covid': 0, 'supply': 0, 'Beautification': 0, 'Installation': 0}",,,False,True,Immediate Measures
3716,02/2020-21/ GR19/ NP/ BELSAND/UDHD,"CONSTRUCTION FO PAVER BLOCK ROAD, PUCCA DRAIN & R.C.C. SLAB FROM THE HOUSE OF MD. SHAHID TO NEAR THE MAHAJID IN WARD NO-07 UNDER NAGAR PANCHAYAT BELSAND (G19)","CONSTRUCTION FO PAVER BLOCK ROAD, PUCCA DRAIN & R.C.C. SLAB FROM THE HOUSE OF MD. SHAHID TO NEAR THE MAHAJID IN WARD NO-07 UNDER NAGAR PANCHAYAT BELSAND (G19)",805022.0,INR,INR,2020-09-02 10:10:16+00:00,2020-09-02T10:06:19.358000+00:00,2020-09-09T17:12:47+00:00,SHEONATH THAKUR (EO),EXECUTIVE OFFICER BELSAND,UDHD,NAGAR PANCHAYAT BELSAND,SHEONATH THAKUR (E O BELSAND),EXECUTIVE OFFICER BELSAND,UDHD,16200.0,1250.0,590.0,True,"{'Flood': 0, 'Embankment': 0, 'embkt': 0, 'Relief': 0, 'Erosion': 0, 'SDRF': 0, 'Inundation': 0, 'Hydrology': 0, 'Silt': 0, 'Siltation': 0, 'Bund': 0, 'Trench': 0, 'Breach': 0, 'Culvert': 0, 'Sluice': 0, 'Dyke': 0, 'Storm water drain': 0, 'Emergency': 0, 'Immediate': 0, 'IM': 0, 'AE': 0, 'A E': 0, 'AAPDA MITRA': 0, 'Bridge': 0, 'River': 0, 'Drain': 2, 'Restoration': 0, 'Protection': 0, 'irr': 0, 'irrigation': 0, 'dam': 0, 'Nallah': 0, 'Retrofitting': 0, 'Pond': 0, 'Pokhari': 0, 'D/C': 0, 'Recharge shaft': 0, 'LFB': 0, 'RFB': 0}","{'Floodlight': 0, 'Flood Light': 0, 'GAS': 0, 'FIFA': 0, 'pipe': 0, 'pipes': 0, 'covid': 0, 'supply': 0, 'Beautification': 0, 'Installation': 0}",,,False,True,Immediate Measures
3723,NPM-NIT 03-2020-21/GR88,Construction of RCC drain with cover slab from Bholi Mahto house  to Dinanath Mahto house in ward no. - 11 under Nagar Panchayat Mehsi,Construction of RCC drain with cover slab from Bholi Mahto house  to Dinanath Mahto house in ward no. - 11 under Nagar Panchayat Mehsi,310500.0,INR,INR,2020-09-02 10:22:29+00:00,2020-09-02T10:19:22.100000+00:00,2020-09-16T05:01:36+00:00,"EXECUTIVE OFFICER, MEHSI",EO,NAGAR PANCHAYAT MEHSI,NAGAR PANCHAYAT MEHSI,"EXECUTIVE OFFICER, MEHSI",EO,NAGAR PANCHAYAT MEHSI,6300.0,1500.0,590.0,True,"{'Flood': 0, 'Embankment': 0, 'embkt': 0, 'Relief': 0, 'Erosion': 0, 'SDRF': 0, 'Inundation': 0, 'Hydrology': 0, 'Silt': 0, 'Siltation': 0, 'Bund': 0, 'Trench': 0, 'Breach': 0, 'Culvert': 0, 'Sluice': 0, 'Dyke': 0, 'Storm water drain': 0, 'Emergency': 0, 'Immediate': 0, 'IM': 0, 'AE': 0, 'A E': 0, 'AAPDA MITRA': 0, 'Bridge': 0, 'River': 0, 'Drain': 2, 'Restoration': 0, 'Protection': 0, 'irr': 0, 'irrigation': 0, 'dam': 0, 'Nallah': 0, 'Retrofitting': 0, 'Pond': 0, 'Pokhari': 0, 'D/C': 0, 'Recharge shaft': 0, 'LFB': 0, 'RFB': 0}","{'Floodlight': 0, 'Flood Light': 0, 'GAS': 0, 'FIFA': 0, 'pipe': 0, 'pipes': 0, 'covid': 0, 'supply': 0, 'Beautification': 0, 'Installation': 0}",,,False,True,Immediate Measures
3727,02/2020-21/ GR24/ NP/ BELSAND/UDHD,"CONSTRUCTION FO PAVER BLOCK ROAD, PUCCA DRAIN & R.C.C. SLAB FROM THE  HOUSE OF  SHIVSHANKER SINGH TO THE HOUSE OF CHALITRA PANDIT IN WARD NO-10 UNDER NAGAR PANCHAYAT BELSAND(G24)","CONSTRUCTION FO PAVER BLOCK ROAD, PUCCA DRAIN & R.C.C. SLAB FROM THE  HOUSE OF  SHIVSHANKER SINGH TO THE HOUSE OF CHALITRA PANDIT IN WARD NO-10 UNDER NAGAR PANCHAYAT BELSAND(G24)",913853.0,INR,INR,2020-09-02 10:30:22+00:00,2020-09-02T10:27:04.475000+00:00,2020-09-09T16:53:49+00:00,SHEONATH THAKUR (EO),EXECUTIVE OFFICER BELSAND,UDHD,NAGAR PANCHAYAT BELSAND,SHEONATH THAKUR (E O BELSAND),EXECUTIVE OFFICER BELSAND,UDHD,19000.0,1250.0,590.0,True,"{'Flood': 0, 'Embankment': 0, 'embkt': 0, 'Relief': 0, 'Erosion': 0, 'SDRF': 0, 'Inundation': 0, 'Hydrology': 0, 'Silt': 0, 'Siltation': 0, 'Bund': 0, 'Trench': 0, 'Breach': 0, 'Culvert': 0, 'Sluice': 0, 'Dyke': 0, 'Storm water drain': 0, 'Emergency': 0, 'Immediate': 0, 'IM': 0, 'AE': 0, 'A E': 0, 'AAPDA MITRA': 0, 'Bridge': 0, 'River': 0, 'Drain': 2, 'Restoration': 0, 'Protection': 0, 'irr': 0, 'irrigation': 0, 'dam': 0, 'Nallah': 0, 'Retrofitting': 0, 'Pond': 0, 'Pokhari': 0, 'D/C': 0, 'Recharge shaft': 0, 'LFB': 0, 'RFB': 0}","{'Floodlight': 0, 'Flood Light': 0, 'GAS': 0, 'FIFA': 0, 'pipe': 0, 'pipes': 0, 'covid': 0, 'supply': 0, 'Beautification': 0, 'Installation': 0}",,,False,True,Immediate Measures
3729,02/2020-21/ GR26/ NP/ BELSAND/UDHD,"CONSTRUCTION FO PAVER BLOCK ROAD, PUCCA DRAIN & R.C.C. SLAB FROM THE  HOUSE OF MAHENDRA RAI THROUGH THE HOUSE OF VIRENDRA RAI TO THE HOUSE OF RAMKISHORE THAKUR IN WARD NO-10 UNDER NAGAR PANCHAYAT BELSAND(G26)","CONSTRUCTION FO PAVER BLOCK ROAD, PUCCA DRAIN & R.C.C. SLAB FROM THE  HOUSE OF MAHENDRA RAI THROUGH THE HOUSE OF VIRENDRA RAI TO THE HOUSE OF RAMKISHORE THAKUR IN WARD NO-10 UNDER NAGAR PANCHAYAT BELSAND(G26)",651865.0,INR,INR,2020-09-02 10:39:22+00:00,2020-09-02T10:34:46.500000+00:00,2020-09-09T16:47:38+00:00,SHEONATH THAKUR (EO),EXECUTIVE OFFICER BELSAND,UDHD,NAGAR PANCHAYAT BELSAND,SHEONATH THAKUR (E O BELSAND),EXECUTIVE OFFICER BELSAND,UDHD,13100.0,1250.0,590.0,True,"{'Flood': 0, 'Embankment': 0, 'embkt': 0, 'Relief': 0, 'Erosion': 0, 'SDRF': 0, 'Inundation': 0, 'Hydrology': 0, 'Silt': 0, 'Siltation': 0, 'Bund': 0, 'Trench': 0, 'Breach': 0, 'Culvert': 0, 'Sluice': 0, 'Dyke': 0, 'Storm water drain': 0, 'Emergency': 0, 'Immediate': 0, 'IM': 0, 'AE': 0, 'A E': 0, 'AAPDA MITRA': 0, 'Bridge': 0, 'River': 0, 'Drain': 2, 'Restoration': 0, 'Protection': 0, 'irr': 0, 'irrigation': 0, 'dam': 0, 'Nallah': 0, 'Retrofitting': 0, 'Pond': 0, 'Pokhari': 0, 'D/C': 0, 'Recharge shaft': 0, 'LFB': 0, 'RFB': 0}","{'Floodlight': 0, 'Flood Light': 0, 'GAS': 0, 'FIFA': 0, 'pipe': 0, 'pipes': 0, 'covid': 0, 'supply': 0, 'Beautification': 0, 'Installation': 0}",,,False,True,Immediate Measures
3728,02/2020-21/ GR25/ NP/ BELSAND/UDHD,"CONSTRUCTION FO PAVER BLOCK ROAD, PUCCA DRAIN & R.C.C. SLAB FROM THE  HOUSE OF RAMBABU RAI THROUGH THE HOUSE OF DHOTHI THAKUR TO THE HOUE OF VIRENDRA RAI IN WARD NO-10  UNDER NAGAR PANCHAYAT BELSAND(G25)","CONSTRUCTION FO PAVER BLOCK ROAD, PUCCA DRAIN & R.C.C. SLAB FROM THE  HOUSE OF RAMBABU RAI THROUGH THE HOUSE OF DHOTHI THAKUR TO THE HOUE OF VIRENDRA RAI IN WARD NO-10  UNDER NAGAR PANCHAYAT BELSAND(G25)",357444.0,INR,INR,2020-09-02 10:34:24+00:00,2020-09-02T10:30:40.158000+00:00,2020-09-07T09:30:38+00:00,SHEONATH THAKUR (EO),EXECUTIVE OFFICER BELSAND,UDHD,NAGAR PANCHAYAT BELSAND,SHEONATH THAKUR (E O BELSAND),EXECUTIVE OFFICER BELSAND,UDHD,7200.0,750.0,590.0,True,"{'Flood': 0, 'Embankment': 0, 'embkt': 0, 'Relief': 0, 'Erosion': 0, 'SDRF': 0, 'Inundation': 0, 'Hydrology': 0, 'Silt': 0, 'Siltation': 0, 'Bund': 0, 'Trench': 0, 'Breach': 0, 'Culvert': 0, 'Sluice': 0, 'Dyke': 0, 'Storm water drain': 0, 'Emergency': 0, 'Immediate': 0, 'IM': 0, 'AE': 0, 'A E': 0, 'AAPDA MITRA': 0, 'Bridge': 0, 'River': 0, 'Drain': 2, 'Restoration': 0, 'Protection': 0, 'irr': 0, 'irrigation': 0, 'dam': 0, 'Nallah': 0, 'Retrofitting': 0, 'Pond': 0, 'Pokhari': 0, 'D/C': 0, 'Recharge shaft': 0, 'LFB': 0, 'RFB': 0}","{'Floodlight': 0, 'Flood Light': 0, 'GAS': 0, 'FIFA': 0, 'pipe': 0, 'pipes': 0, 'covid': 0, 'supply': 0, 'Beautification': 0, 'Installation': 0}",,,False,True,Immediate Measures
3721,NPM-NIT 03-2020-21/GR87,Construction of Paver Block road  & RCC Drain from Rakesh Singh house to Parmod Jaiswal house ward no. - 11 under Nagar Panchayat Mehsi,Construction of Paver Block road  & RCC Drain from Rakesh Singh house to Parmod Jaiswal house ward no. - 11 under Nagar Panchayat Mehsi,103000.0,INR,INR,2020-09-02 10:18:59+00:00,2020-09-02T10:15:10.988000+00:00,2020-09-11T02:18:44+00:00,"EXECUTIVE OFFICER, MEHSI",EO,NAGAR PANCHAYAT MEHSI,NAGAR PANCHAYAT MEHSI,"EXECUTIVE OFFICER, MEHSI",EO,NAGAR PANCHAYAT MEHSI,2100.0,1500.0,590.0,True,"{'Flood': 0, 'Embankment': 0, 'embkt': 0, 'Relief': 0, 'Erosion': 0, 'SDRF': 0, 'Inundation': 0, 'Hydrology': 0, 'Silt': 0, 'Siltation': 0, 'Bund': 0, 'Trench': 0, 'Breach': 0, 'Culvert': 0, 'Sluice': 0, 'Dyke': 0, 'Storm water drain': 0, 'Emergency': 0, 'Immediate': 0, 'IM': 0, 'AE': 0, 'A E': 0, 'AAPDA MITRA': 0, 'Bridge': 0, 'River': 0, 'Drain': 2, 'Restoration': 0, 'Protection': 0, 'irr': 0, 'irrigation': 0, 'dam': 0, 'Nallah': 0, 'Retrofitting': 0, 'Pond': 0, 'Pokhari': 0, 'D/C': 0, 'Recharge shaft': 0, 'LFB': 0, 'RFB': 0}","{'Floodlight': 0, 'Flood Light': 0, 'GAS': 0, 'FIFA': 0, 'pipe': 0, 'pipes': 0, 'covid': 0, 'supply': 0, 'Beautification': 0, 'Installation': 0}",,,False,True,Immediate Measures
3732,02/2020-21/ GR27/ NP/ BELSAND/UDHD,"CONSTRUCTION FO PAVER BLOCK ROAD, PUCCA DRAIN & R.C.C. SLAB (I) FROM PIPA TREE TO THE HOUSE OF SHANKER PANDIT (II) FROM THE HOUSE OF RAMCHANDRA RAI TO THE HOUSE OF BHAGNARAYAN PANDEY (III) FROM THE HOUSE OF RAMBAHADUR RAI TO THE HOUSE OF RAUDI RAI (IV) FROM THE HOUSE OF JAYNARAYAN SHA TO THE BARAHAM SHA IN WARD NO-11 UNDER NAGAR PANCHAYAT BELSAND(G27)","CONSTRUCTION FO PAVER BLOCK ROAD, PUCCA DRAIN & R.C.C. SLAB (I) FROM PIPA TREE TO THE HOUSE OF SHANKER PANDIT (II) FROM THE HOUSE OF RAMCHANDRA RAI TO THE HOUSE OF BHAGNARAYAN PANDEY (III) FROM THE HOUSE OF RAMBAHADUR RAI TO THE HOUSE OF RAUDI RAI (IV) FROM THE HOUSE OF JAYNARAYAN SHA TO THE BARAHAM SHA IN WARD NO-11 UNDER NAGAR PANCHAYAT BELSAND(G27)",702361.0,INR,INR,2020-09-02 10:43:08+00:00,2020-09-02T10:39:42.024000+00:00,2020-09-09T16:45:15+00:00,SHEONATH THAKUR (EO),EXECUTIVE OFFICER BELSAND,UDHD,NAGAR PANCHAYAT BELSAND,SHEONATH THAKUR (E O BELSAND),EXECUTIVE OFFICER BELSAND,UDHD,14100.0,1250.0,590.0,True,"{'Flood': 0, 'Embankment': 0, 'embkt': 0, 'Relief': 0, 'Erosion': 0, 'SDRF': 0, 'Inundation': 0, 'Hydrology': 0, 'Silt': 0, 'Siltation': 0, 'Bund': 0, 'Trench': 0, 'Breach': 0, 'Culvert': 0, 'Sluice': 0, 'Dyke': 0, 'Storm water drain': 0, 'Emergency': 0, 'Immediate': 0, 'IM': 0, 'AE': 0, 'A E': 0, 'AAPDA MITRA': 0, 'Bridge': 0, 'River': 0, 'Drain': 2, 'Restoration': 0, 'Protection': 0, 'irr': 0, 'irrigation': 0, 'dam': 0, 'Nallah': 0, 'Retrofitting': 0, 'Pond': 0, 'Pokhari': 0, 'D/C': 0, 'Recharge shaft': 0, 'LFB': 0, 'RFB': 0}","{'Floodlight': 0, 'Flood Light': 0, 'GAS': 0, 'FIFA': 0, 'pipe': 0, 'pipes': 0, 'covid': 0, 'supply': 0, 'Beautification': 0, 'Installation': 0}",,,False,True,Immediate Measures
3733,02/2020-21/ GR28/ NP/ BELSAND/UDHD,"CONSTRUCTION FO PAVER BLOCK ROAD, PUCCA DRAIN & R.C.C. SLAB FROM THE HOUSE OF UDAY PANDEY THROUGH THE HOUSE OF WAJID MIYA TO THE  HOUSE OF UPENDRA PANDEY IN WARD NO-11 UNDER NAGAR PANCHAYAT BELSAND(G28)","CONSTRUCTION FO PAVER BLOCK ROAD, PUCCA DRAIN & R.C.C. SLAB FROM THE HOUSE OF UDAY PANDEY THROUGH THE HOUSE OF WAJID MIYA TO THE  HOUSE OF UPENDRA PANDEY IN WARD NO-11 UNDER NAGAR PANCHAYAT BELSAND(G28)",374790.0,INR,INR,2020-09-02 10:47:15+00:00,2020-09-02T10:43:34.050000+00:00,2020-09-09T16:42:44+00:00,SHEONATH THAKUR (EO),EXECUTIVE OFFICER BELSAND,UDHD,NAGAR PANCHAYAT BELSAND,SHEONATH THAKUR (E O BELSAND),EXECUTIVE OFFICER BELSAND,UDHD,7500.0,750.0,590.0,True,"{'Flood': 0, 'Embankment': 0, 'embkt': 0, 'Relief': 0, 'Erosion': 0, 'SDRF': 0, 'Inundation': 0, 'Hydrology': 0, 'Silt': 0, 'Siltation': 0, 'Bund': 0, 'Trench': 0, 'Breach': 0, 'Culvert': 0, 'Sluice': 0, 'Dyke': 0, 'Storm water drain': 0, 'Emergency': 0, 'Immediate': 0, 'IM': 0, 'AE': 0, 'A E': 0, 'AAPDA MITRA': 0, 'Bridge': 0, 'River': 0, 'Drain': 2, 'Restoration': 0, 'Protection': 0, 'irr': 0, 'irrigation': 0, 'dam': 0, 'Nallah': 0, 'Retrofitting': 0, 'Pond': 0, 'Pokhari': 0, 'D/C': 0, 'Recharge shaft': 0, 'LFB': 0, 'RFB': 0}","{'Floodlight': 0, 'Flood Light': 0, 'GAS': 0, 'FIFA': 0, 'pipe': 0, 'pipes': 0, 'covid': 0, 'supply': 0, 'Beautification': 0, 'Installation': 0}",,,False,True,Immediate Measures
3740,02/2020-21/ GR31/ NP/ BELSAND/UDHD,"CONSTRUCTION FO PAVER BLOCK ROAD, PUCCA DRAIN & R.C.C. SLAB FROM THE HOUSE OF SANJAY SHA TO THE HOUSE OF SOGARATH BHAGAT IN WARD NO-13UNDER NAGAR PANCHAYAT BELSAND(G31)","CONSTRUCTION FO PAVER BLOCK ROAD, PUCCA DRAIN & R.C.C. SLAB FROM THE HOUSE OF SANJAY SHA TO THE HOUSE OF SOGARATH BHAGAT IN WARD NO-13UNDER NAGAR PANCHAYAT BELSAND(G31)",615676.0,INR,INR,2020-09-02 11:00:20+00:00,2020-09-02T10:57:01.683000+00:00,2020-09-09T10:40:30+00:00,SHEONATH THAKUR (EO),EXECUTIVE OFFICER BELSAND,UDHD,NAGAR PANCHAYAT BELSAND,SHEONATH THAKUR (E O BELSAND),EXECUTIVE OFFICER BELSAND,UDHD,12500.0,1250.0,590.0,True,"{'Flood': 0, 'Embankment': 0, 'embkt': 0, 'Relief': 0, 'Erosion': 0, 'SDRF': 0, 'Inundation': 0, 'Hydrology': 0, 'Silt': 0, 'Siltation': 0, 'Bund': 0, 'Trench': 0, 'Breach': 0, 'Culvert': 0, 'Sluice': 0, 'Dyke': 0, 'Storm water drain': 0, 'Emergency': 0, 'Immediate': 0, 'IM': 0, 'AE': 0, 'A E': 0, 'AAPDA MITRA': 0, 'Bridge': 0, 'River': 0, 'Drain': 2, 'Restoration': 0, 'Protection': 0, 'irr': 0, 'irrigation': 0, 'dam': 0, 'Nallah': 0, 'Retrofitting': 0, 'Pond': 0, 'Pokhari': 0, 'D/C': 0, 'Recharge shaft': 0, 'LFB': 0, 'RFB': 0}","{'Floodlight': 0, 'Flood Light': 0, 'GAS': 0, 'FIFA': 0, 'pipe': 0, 'pipes': 0, 'covid': 0, 'supply': 0, 'Beautification': 0, 'Installation': 0}",,,False,True,Immediate Measures
3720,02/2020-21/ GR21/ NP/ BELSAND/UDHD,"CONSTRUCTION FO PAVER BLOCK ROAD, PUCCA DRAIN & R.C.C. SLAB FROM THE HOUSE OF SUDHIR SHA TO THE HOUSE OF HARENDRA PRASAD (II) FROM THE HOUSE OF AWADESH SHA TO THE HOUSE OF RAJENDRA SHA IN WARD NO-08 UNDER  NAGAR PANCHAYAT BELSAND (G21)","CONSTRUCTION FO PAVER BLOCK ROAD, PUCCA DRAIN & R.C.C. SLAB FROM THE HOUSE OF SUDHIR SHA TO THE HOUSE OF HARENDRA PRASAD (II) FROM THE HOUSE OF AWADESH SHA TO THE HOUSE OF RAJENDRA SHA IN WARD NO-08 UNDER  NAGAR PANCHAYAT BELSAND (G21)",440826.0,INR,INR,2020-09-02 10:18:16+00:00,2020-09-02T10:14:32.017000+00:00,2020-09-09T17:07:18+00:00,SHEONATH THAKUR (EO),EXECUTIVE OFFICER BELSAND,UDHD,NAGAR PANCHAYAT BELSAND,SHEONATH THAKUR (E O BELSAND),EXECUTIVE OFFICER BELSAND,UDHD,8900.0,750.0,590.0,True,"{'Flood': 0, 'Embankment': 0, 'embkt': 0, 'Relief': 0, 'Erosion': 0, 'SDRF': 0, 'Inundation': 0, 'Hydrology': 0, 'Silt': 0, 'Siltation': 0, 'Bund': 0, 'Trench': 0, 'Breach': 0, 'Culvert': 0, 'Sluice': 0, 'Dyke': 0, 'Storm water drain': 0, 'Emergency': 0, 'Immediate': 0, 'IM': 0, 'AE': 0, 'A E': 0, 'AAPDA MITRA': 0, 'Bridge': 0, 'River': 0, 'Drain': 2, 'Restoration': 0, 'Protection': 0, 'irr': 0, 'irrigation': 0, 'dam': 0, 'Nallah': 0, 'Retrofitting': 0, 'Pond': 0, 'Pokhari': 0, 'D/C': 0, 'Recharge shaft': 0, 'LFB': 0, 'RFB': 0}","{'Floodlight': 0, 'Flood Light': 0, 'GAS': 0, 'FIFA': 0, 'pipe': 0, 'pipes': 0, 'covid': 0, 'supply': 0, 'Beautification': 0, 'Installation': 0}",,,False,True,Immediate Measures
3722,02/2020-21/ GR22/ NP/ BELSAND/UDHD,"CONSTRUCTION FO PAVER BLOCK ROAD, PUCCA DRAIN & R.C.C. SLAB FROM THE HOUSE OF DINESH PRASAD GUPTA TO THE HOUSE OF UPENDRA GUPTA IN WARD NO-08 UNDER NAGAR PANCHAYAT BELSAND(G22)","CONSTRUCTION FO PAVER BLOCK ROAD, PUCCA DRAIN & R.C.C. SLAB FROM THE HOUSE OF DINESH PRASAD GUPTA TO THE HOUSE OF UPENDRA GUPTA IN WARD NO-08 UNDER NAGAR PANCHAYAT BELSAND(G22)",254826.0,INR,INR,2020-09-02 10:22:14+00:00,2020-09-02T10:18:32.042000+00:00,2020-09-09T17:03:58+00:00,SHEONATH THAKUR (EO),EXECUTIVE OFFICER BELSAND,UDHD,NAGAR PANCHAYAT BELSAND,SHEONATH THAKUR (E O BELSAND),EXECUTIVE OFFICER BELSAND,UDHD,5100.0,750.0,590.0,True,"{'Flood': 0, 'Embankment': 0, 'embkt': 0, 'Relief': 0, 'Erosion': 0, 'SDRF': 0, 'Inundation': 0, 'Hydrology': 0, 'Silt': 0, 'Siltation': 0, 'Bund': 0, 'Trench': 0, 'Breach': 0, 'Culvert': 0, 'Sluice': 0, 'Dyke': 0, 'Storm water drain': 0, 'Emergency': 0, 'Immediate': 0, 'IM': 0, 'AE': 0, 'A E': 0, 'AAPDA MITRA': 0, 'Bridge': 0, 'River': 0, 'Drain': 2, 'Restoration': 0, 'Protection': 0, 'irr': 0, 'irrigation': 0, 'dam': 0, 'Nallah': 0, 'Retrofitting': 0, 'Pond': 0, 'Pokhari': 0, 'D/C': 0, 'Recharge shaft': 0, 'LFB': 0, 'RFB': 0}","{'Floodlight': 0, 'Flood Light': 0, 'GAS': 0, 'FIFA': 0, 'pipe': 0, 'pipes': 0, 'covid': 0, 'supply': 0, 'Beautification': 0, 'Installation': 0}",,,False,True,Immediate Measures
3745,02/2020-21/ GR34/ NP/ BELSAND/UDHD,"CONSTRUCTION FO PAVER BLOCK ROAD, PUCCA DRAIN & R.C.C. SLAB FROM THE HOUSE OF JAYPRAKASH DAS TO THE HOUSE OF HEMAN BHAGAT IN WARD NO -13 UNDER NAGAR PANCHAYAT BELSAND(G34)","CONSTRUCTION FO PAVER BLOCK ROAD, PUCCA DRAIN & R.C.C. SLAB FROM THE HOUSE OF JAYPRAKASH DAS TO THE HOUSE OF HEMAN BHAGAT IN WARD NO -13 UNDER NAGAR PANCHAYAT BELSAND(G34)",939258.0,INR,INR,2020-09-02 11:11:37+00:00,2020-09-02T11:08:13.721000+00:00,2020-09-09T07:26:17+00:00,SHEONATH THAKUR (EO),EXECUTIVE OFFICER BELSAND,UDHD,NAGAR PANCHAYAT BELSAND,SHEONATH THAKUR (E O BELSAND),EXECUTIVE OFFICER BELSAND,UDHD,19000.0,1250.0,590.0,True,"{'Flood': 0, 'Embankment': 0, 'embkt': 0, 'Relief': 0, 'Erosion': 0, 'SDRF': 0, 'Inundation': 0, 'Hydrology': 0, 'Silt': 0, 'Siltation': 0, 'Bund': 0, 'Trench': 0, 'Breach': 0, 'Culvert': 0, 'Sluice': 0, 'Dyke': 0, 'Storm water drain': 0, 'Emergency': 0, 'Immediate': 0, 'IM': 0, 'AE': 0, 'A E': 0, 'AAPDA MITRA': 0, 'Bridge': 0, 'River': 0, 'Drain': 2, 'Restoration': 0, 'Protection': 0, 'irr': 0, 'irrigation': 0, 'dam': 0, 'Nallah': 0, 'Retrofitting': 0, 'Pond': 0, 'Pokhari': 0, 'D/C': 0, 'Recharge shaft': 0, 'LFB': 0, 'RFB': 0}","{'Floodlight': 0, 'Flood Light': 0, 'GAS': 0, 'FIFA': 0, 'pipe': 0, 'pipes': 0, 'covid': 0, 'supply': 0, 'Beautification': 0, 'Installation': 0}",,,False,True,Immediate Measures
3747,02/2020-21/ GR35/ NP/ BELSAND/UDHD,"DETAILE ESTIMATE FOR CONSTRUCTION OF PAVER BLOCK ROAD,PUCCA DRAIN ,& R.C.C. SLAB FROM THE HOUSE OF SHIVSHANKER BAITH TO THE HOUSE OF GANESH THAKUR IN WARD NO- 13  UNDER NAGAR PANCHAYAT, BELSAND(G35)","DETAILE ESTIMATE FOR CONSTRUCTION OF PAVER BLOCK ROAD,PUCCA DRAIN ,& R.C.C. SLAB FROM THE HOUSE OF SHIVSHANKER BAITH TO THE HOUSE OF GANESH THAKUR IN WARD NO- 13  UNDER NAGAR PANCHAYAT, BELSAND(G35)",1000000.0,INR,INR,2020-09-02 11:17:41+00:00,2020-09-02T11:11:56.443000+00:00,2020-09-09T07:21:14+00:00,SHEONATH THAKUR (EO),EXECUTIVE OFFICER BELSAND,UDHD,NAGAR PANCHAYAT BELSAND,SHEONATH THAKUR (E O BELSAND),EXECUTIVE OFFICER BELSAND,UDHD,20000.0,2500.0,590.0,True,"{'Flood': 0, 'Embankment': 0, 'embkt': 0, 'Relief': 0, 'Erosion': 0, 'SDRF': 0, 'Inundation': 0, 'Hydrology': 0, 'Silt': 0, 'Siltation': 0, 'Bund': 0, 'Trench': 0, 'Breach': 0, 'Culvert': 0, 'Sluice': 0, 'Dyke': 0, 'Storm water drain': 0, 'Emergency': 0, 'Immediate': 0, 'IM': 0, 'AE': 0, 'A E': 0, 'AAPDA MITRA': 0, 'Bridge': 0, 'River': 0, 'Drain': 2, 'Restoration': 0, 'Protection': 0, 'irr': 0, 'irrigation': 0, 'dam': 0, 'Nallah': 0, 'Retrofitting': 0, 'Pond': 0, 'Pokhari': 0, 'D/C': 0, 'Recharge shaft': 0, 'LFB': 0, 'RFB': 0}","{'Floodlight': 0, 'Flood Light': 0, 'GAS': 0, 'FIFA': 0, 'pipe': 0, 'pipes': 0, 'covid': 0, 'supply': 0, 'Beautification': 0, 'Installation': 0}",,,False,True,Immediate Measures
3749,NPM-NIT 03-2020-21/GR101,Construction of Paver Block road  & RCC Drain from Md Abdul house to Allihasan house ward no. - 13 under Nagar Panchayat Mehsi,Construction of Paver Block road  & RCC Drain from Md Abdul house to Allihasan house ward no. - 13 under Nagar Panchayat Mehsi,252300.0,INR,INR,2020-09-02 11:28:39+00:00,2020-09-02T11:23:03.743000+00:00,2020-09-11T02:18:44+00:00,"EXECUTIVE OFFICER, MEHSI",EO,NAGAR PANCHAYAT MEHSI,NAGAR PANCHAYAT MEHSI,"EXECUTIVE OFFICER, MEHSI",EO,NAGAR PANCHAYAT MEHSI,5100.0,1500.0,590.0,True,"{'Flood': 0, 'Embankment': 0, 'embkt': 0, 'Relief': 0, 'Erosion': 0, 'SDRF': 0, 'Inundation': 0, 'Hydrology': 0, 'Silt': 0, 'Siltation': 0, 'Bund': 0, 'Trench': 0, 'Breach': 0, 'Culvert': 0, 'Sluice': 0, 'Dyke': 0, 'Storm water drain': 0, 'Emergency': 0, 'Immediate': 0, 'IM': 0, 'AE': 0, 'A E': 0, 'AAPDA MITRA': 0, 'Bridge': 0, 'River': 0, 'Drain': 2, 'Restoration': 0, 'Protection': 0, 'irr': 0, 'irrigation': 0, 'dam': 0, 'Nallah': 0, 'Retrofitting': 0, 'Pond': 0, 'Pokhari': 0, 'D/C': 0, 'Recharge shaft': 0, 'LFB': 0, 'RFB': 0}","{'Floodlight': 0, 'Flood Light': 0, 'GAS': 0, 'FIFA': 0, 'pipe': 0, 'pipes': 0, 'covid': 0, 'supply': 0, 'Beautification': 0, 'Installation': 0}",,,False,True,Immediate Measures
3744,NPM-NIT 03-2020-21/GR98,Construction of Paver Block road  & RCC Drain from Md Salim house to Surendra Pandey house ward no. - 13 under Nagar Panchayat Mehsi,Construction of Paver Block road  & RCC Drain from Md Salim house to Surendra Pandey house ward no. - 13 under Nagar Panchayat Mehsi,423500.0,INR,INR,2020-09-02 11:08:10+00:00,2020-09-02T11:04:09.405000+00:00,2020-09-16T06:49:44+00:00,"EXECUTIVE OFFICER, MEHSI",EO,NAGAR PANCHAYAT MEHSI,NAGAR PANCHAYAT MEHSI,"EXECUTIVE OFFICER, MEHSI",EO,NAGAR PANCHAYAT MEHSI,8500.0,1500.0,590.0,True,"{'Flood': 0, 'Embankment': 0, 'embkt': 0, 'Relief': 0, 'Erosion': 0, 'SDRF': 0, 'Inundation': 0, 'Hydrology': 0, 'Silt': 0, 'Siltation': 0, 'Bund': 0, 'Trench': 0, 'Breach': 0, 'Culvert': 0, 'Sluice': 0, 'Dyke': 0, 'Storm water drain': 0, 'Emergency': 0, 'Immediate': 0, 'IM': 0, 'AE': 0, 'A E': 0, 'AAPDA MITRA': 0, 'Bridge': 0, 'River': 0, 'Drain': 2, 'Restoration': 0, 'Protection': 0, 'irr': 0, 'irrigation': 0, 'dam': 0, 'Nallah': 0, 'Retrofitting': 0, 'Pond': 0, 'Pokhari': 0, 'D/C': 0, 'Recharge shaft': 0, 'LFB': 0, 'RFB': 0}","{'Floodlight': 0, 'Flood Light': 0, 'GAS': 0, 'FIFA': 0, 'pipe': 0, 'pipes': 0, 'covid': 0, 'supply': 0, 'Beautification': 0, 'Installation': 0}",,,False,True,Immediate Measures
3746,NPM-NIT 03-2020-21/GR99,Construction of Paver Block road  & RCC Drain from Babulal Sah house to Alam Kuresi house ward no. - 13 under Nagar Panchayat Mehsi,Construction of Paver Block road  & RCC Drain from Babulal Sah house to Alam Kuresi house ward no. - 13 under Nagar Panchayat Mehsi,214400.0,INR,INR,2020-09-02 11:17:27+00:00,2020-09-02T11:08:36.718000+00:00,2020-09-11T02:18:44+00:00,"EXECUTIVE OFFICER, MEHSI",EO,NAGAR PANCHAYAT MEHSI,NAGAR PANCHAYAT MEHSI,"EXECUTIVE OFFICER, MEHSI",EO,NAGAR PANCHAYAT MEHSI,4300.0,1500.0,590.0,True,"{'Flood': 0, 'Embankment': 0, 'embkt': 0, 'Relief': 0, 'Erosion': 0, 'SDRF': 0, 'Inundation': 0, 'Hydrology': 0, 'Silt': 0, 'Siltation': 0, 'Bund': 0, 'Trench': 0, 'Breach': 0, 'Culvert': 0, 'Sluice': 0, 'Dyke': 0, 'Storm water drain': 0, 'Emergency': 0, 'Immediate': 0, 'IM': 0, 'AE': 0, 'A E': 0, 'AAPDA MITRA': 0, 'Bridge': 0, 'River': 0, 'Drain': 2, 'Restoration': 0, 'Protection': 0, 'irr': 0, 'irrigation': 0, 'dam': 0, 'Nallah': 0, 'Retrofitting': 0, 'Pond': 0, 'Pokhari': 0, 'D/C': 0, 'Recharge shaft': 0, 'LFB': 0, 'RFB': 0}","{'Floodlight': 0, 'Flood Light': 0, 'GAS': 0, 'FIFA': 0, 'pipe': 0, 'pipes': 0, 'covid': 0, 'supply': 0, 'Beautification': 0, 'Installation': 0}",,,False,True,Immediate Measures
3748,NPM-NIT 03-2020-21/GR100,Construction of Paver Block road  & RCC Drain from Md Kqume house house to Md Mainudin Sekh house ward no. - 13 under Nagar Panchayat Mehsi,Construction of Paver Block road  & RCC Drain from Md Kqume house house to Md Mainudin Sekh house ward no. - 13 under Nagar Panchayat Mehsi,298700.0,INR,INR,2020-09-02 11:22:35+00:00,2020-09-02T11:18:32.031000+00:00,2020-09-16T06:57:23+00:00,"EXECUTIVE OFFICER, MEHSI",EO,NAGAR PANCHAYAT MEHSI,NAGAR PANCHAYAT MEHSI,"EXECUTIVE OFFICER, MEHSI",EO,NAGAR PANCHAYAT MEHSI,6000.0,1500.0,590.0,True,"{'Flood': 0, 'Embankment': 0, 'embkt': 0, 'Relief': 0, 'Erosion': 0, 'SDRF': 0, 'Inundation': 0, 'Hydrology': 0, 'Silt': 0, 'Siltation': 0, 'Bund': 0, 'Trench': 0, 'Breach': 0, 'Culvert': 0, 'Sluice': 0, 'Dyke': 0, 'Storm water drain': 0, 'Emergency': 0, 'Immediate': 0, 'IM': 0, 'AE': 0, 'A E': 0, 'AAPDA MITRA': 0, 'Bridge': 0, 'River': 0, 'Drain': 2, 'Restoration': 0, 'Protection': 0, 'irr': 0, 'irrigation': 0, 'dam': 0, 'Nallah': 0, 'Retrofitting': 0, 'Pond': 0, 'Pokhari': 0, 'D/C': 0, 'Recharge shaft': 0, 'LFB': 0, 'RFB': 0}","{'Floodlight': 0, 'Flood Light': 0, 'GAS': 0, 'FIFA': 0, 'pipe': 0, 'pipes': 0, 'covid': 0, 'supply': 0, 'Beautification': 0, 'Installation': 0}",,,False,True,Immediate Measures
3741,NPM-NIT 03-2020-21/GR97,Construction of RCC drain with cover slab from Bacchan Prasad House via Ganur Chowdhary hpuse to District Board Road in ward no. - 12 under Nagar Panchayat Mehsi,Construction of RCC drain with cover slab from Bacchan Prasad House via Ganur Chowdhary hpuse to District Board Road in ward no. - 12 under Nagar Panchayat Mehsi,1403100.0,INR,INR,2020-09-02 11:03:42+00:00,2020-09-02T10:58:39.082000+00:00,2020-09-16T06:40:28+00:00,"EXECUTIVE OFFICER, MEHSI",EO,NAGAR PANCHAYAT MEHSI,NAGAR PANCHAYAT MEHSI,"EXECUTIVE OFFICER, MEHSI",EO,NAGAR PANCHAYAT MEHSI,28100.0,5000.0,590.0,True,"{'Flood': 0, 'Embankment': 0, 'embkt': 0, 'Relief': 0, 'Erosion': 0, 'SDRF': 0, 'Inundation': 0, 'Hydrology': 0, 'Silt': 0, 'Siltation': 0, 'Bund': 0, 'Trench': 0, 'Breach': 0, 'Culvert': 0, 'Sluice': 0, 'Dyke': 0, 'Storm water drain': 0, 'Emergency': 0, 'Immediate': 0, 'IM': 0, 'AE': 0, 'A E': 0, 'AAPDA MITRA': 0, 'Bridge': 0, 'River': 0, 'Drain': 2, 'Restoration': 0, 'Protection': 0, 'irr': 0, 'irrigation': 0, 'dam': 0, 'Nallah': 0, 'Retrofitting': 0, 'Pond': 0, 'Pokhari': 0, 'D/C': 0, 'Recharge shaft': 0, 'LFB': 0, 'RFB': 0}","{'Floodlight': 0, 'Flood Light': 0, 'GAS': 0, 'FIFA': 0, 'pipe': 0, 'pipes': 0, 'covid': 0, 'supply': 0, 'Beautification': 0, 'Installation': 0}",,,False,True,Immediate Measures
3753,NPM-NIT 03-2020-21/GR103,Construction of Paver Block road  & RCC Drain from Md Aslam house house to Shambhu Sah house ward no. - 13 under Nagar Panchayat Mehsi,Construction of Paver Block road  & RCC Drain from Md Aslam house house to Shambhu Sah house ward no. - 13 under Nagar Panchayat Mehsi,302300.0,INR,INR,2020-09-02 22:14:46+00:00,2020-09-02T13:18:30.150000+00:00,2020-09-11T02:18:44+00:00,"EXECUTIVE OFFICER, MEHSI",EO,NAGAR PANCHAYAT MEHSI,NAGAR PANCHAYAT MEHSI,"EXECUTIVE OFFICER, MEHSI",EO,NAGAR PANCHAYAT MEHSI,6100.0,1500.0,590.0,True,"{'Flood': 0, 'Embankment': 0, 'embkt': 0, 'Relief': 0, 'Erosion': 0, 'SDRF': 0, 'Inundation': 0, 'Hydrology': 0, 'Silt': 0, 'Siltation': 0, 'Bund': 0, 'Trench': 0, 'Breach': 0, 'Culvert': 0, 'Sluice': 0, 'Dyke': 0, 'Storm water drain': 0, 'Emergency': 0, 'Immediate': 0, 'IM': 0, 'AE': 0, 'A E': 0, 'AAPDA MITRA': 0, 'Bridge': 0, 'River': 0, 'Drain': 2, 'Restoration': 0, 'Protection': 0, 'irr': 0, 'irrigation': 0, 'dam': 0, 'Nallah': 0, 'Retrofitting': 0, 'Pond': 0, 'Pokhari': 0, 'D/C': 0, 'Recharge shaft': 0, 'LFB': 0, 'RFB': 0}","{'Floodlight': 0, 'Flood Light': 0, 'GAS': 0, 'FIFA': 0, 'pipe': 0, 'pipes': 0, 'covid': 0, 'supply': 0, 'Beautification': 0, 'Installation': 0}",,,False,True,Immediate Measures
3776,NPM-NIT 03-2020-21/GR105,Construction of RCC drain with cover slab from Arjun Sah House to Surendra Ram House in ward no. - 13 under Nagar Panchayat Mehsi,Construction of RCC drain with cover slab from Arjun Sah House to Surendra Ram House in ward no. - 13 under Nagar Panchayat Mehsi,1401100.0,INR,INR,2020-09-02 22:27:43+00:00,2020-09-02T22:21:50.958000+00:00,2020-09-16T07:53:06+00:00,"EXECUTIVE OFFICER, MEHSI",EO,NAGAR PANCHAYAT MEHSI,NAGAR PANCHAYAT MEHSI,"EXECUTIVE OFFICER, MEHSI",EO,NAGAR PANCHAYAT MEHSI,28100.0,5000.0,590.0,True,"{'Flood': 0, 'Embankment': 0, 'embkt': 0, 'Relief': 0, 'Erosion': 0, 'SDRF': 0, 'Inundation': 0, 'Hydrology': 0, 'Silt': 0, 'Siltation': 0, 'Bund': 0, 'Trench': 0, 'Breach': 0, 'Culvert': 0, 'Sluice': 0, 'Dyke': 0, 'Storm water drain': 0, 'Emergency': 0, 'Immediate': 0, 'IM': 0, 'AE': 0, 'A E': 0, 'AAPDA MITRA': 0, 'Bridge': 0, 'River': 0, 'Drain': 2, 'Restoration': 0, 'Protection': 0, 'irr': 0, 'irrigation': 0, 'dam': 0, 'Nallah': 0, 'Retrofitting': 0, 'Pond': 0, 'Pokhari': 0, 'D/C': 0, 'Recharge shaft': 0, 'LFB': 0, 'RFB': 0}","{'Floodlight': 0, 'Flood Light': 0, 'GAS': 0, 'FIFA': 0, 'pipe': 0, 'pipes': 0, 'covid': 0, 'supply': 0, 'Beautification': 0, 'Installation': 0}",,,False,True,Immediate Measures
3780,NPM-NIT 03-2020-21/GR109,Construction of PCC road & RCC drain with cover slab Badri Mahto house to Sohan Ram house in ward no. - 14 under Nagar Panchayat Mehsi,Construction of PCC road & RCC drain with cover slab Badri Mahto house to Sohan Ram house in ward no. - 14 under Nagar Panchayat Mehsi,1472600.0,INR,INR,2020-09-02 22:48:13+00:00,2020-09-02T22:42:49.123000+00:00,2020-09-16T08:22:53+00:00,"EXECUTIVE OFFICER, MEHSI",EO,NAGAR PANCHAYAT MEHSI,NAGAR PANCHAYAT MEHSI,"EXECUTIVE OFFICER, MEHSI",EO,NAGAR PANCHAYAT MEHSI,29500.0,5000.0,590.0,True,"{'Flood': 0, 'Embankment': 0, 'embkt': 0, 'Relief': 0, 'Erosion': 0, 'SDRF': 0, 'Inundation': 0, 'Hydrology': 0, 'Silt': 0, 'Siltation': 0, 'Bund': 0, 'Trench': 0, 'Breach': 0, 'Culvert': 0, 'Sluice': 0, 'Dyke': 0, 'Storm water drain': 0, 'Emergency': 0, 'Immediate': 0, 'IM': 0, 'AE': 0, 'A E': 0, 'AAPDA MITRA': 0, 'Bridge': 0, 'River': 0, 'Drain': 2, 'Restoration': 0, 'Protection': 0, 'irr': 0, 'irrigation': 0, 'dam': 0, 'Nallah': 0, 'Retrofitting': 0, 'Pond': 0, 'Pokhari': 0, 'D/C': 0, 'Recharge shaft': 0, 'LFB': 0, 'RFB': 0}","{'Floodlight': 0, 'Flood Light': 0, 'GAS': 0, 'FIFA': 0, 'pipe': 0, 'pipes': 0, 'covid': 0, 'supply': 0, 'Beautification': 0, 'Installation': 0}",,,False,True,Immediate Measures
3781,NPM-NIT 03-2020-21/GR110,Construction of Paver Block road  & RCC Drain from Shiv Singh house to CSP of Ramcharitra Sah ward no. - 14 under Nagar Panchayat Mehsi,Construction of Paver Block road  & RCC Drain from Shiv Singh house to CSP of Ramcharitra Sah ward no. - 14 under Nagar Panchayat Mehsi,417700.0,INR,INR,2020-09-02 22:54:08+00:00,2020-09-02T22:48:43.258000+00:00,2020-09-16T08:29:35+00:00,"EXECUTIVE OFFICER, MEHSI",EO,NAGAR PANCHAYAT MEHSI,NAGAR PANCHAYAT MEHSI,"EXECUTIVE OFFICER, MEHSI",EO,NAGAR PANCHAYAT MEHSI,8400.0,1500.0,590.0,True,"{'Flood': 0, 'Embankment': 0, 'embkt': 0, 'Relief': 0, 'Erosion': 0, 'SDRF': 0, 'Inundation': 0, 'Hydrology': 0, 'Silt': 0, 'Siltation': 0, 'Bund': 0, 'Trench': 0, 'Breach': 0, 'Culvert': 0, 'Sluice': 0, 'Dyke': 0, 'Storm water drain': 0, 'Emergency': 0, 'Immediate': 0, 'IM': 0, 'AE': 0, 'A E': 0, 'AAPDA MITRA': 0, 'Bridge': 0, 'River': 0, 'Drain': 2, 'Restoration': 0, 'Protection': 0, 'irr': 0, 'irrigation': 0, 'dam': 0, 'Nallah': 0, 'Retrofitting': 0, 'Pond': 0, 'Pokhari': 0, 'D/C': 0, 'Recharge shaft': 0, 'LFB': 0, 'RFB': 0}","{'Floodlight': 0, 'Flood Light': 0, 'GAS': 0, 'FIFA': 0, 'pipe': 0, 'pipes': 0, 'covid': 0, 'supply': 0, 'Beautification': 0, 'Installation': 0}",,,False,True,Immediate Measures
3779,NPM-NIT 03-2020-21/GR108,Construction of RCC drain with cover slab from Nandlal Chowdhary house to Md Haidar House in ward no. - 13 under Nagar Panchayat Mehsi,Construction of RCC drain with cover slab from Nandlal Chowdhary house to Md Haidar House in ward no. - 13 under Nagar Panchayat Mehsi,1226000.0,INR,INR,2020-09-02 22:42:13+00:00,2020-09-02T22:38:07.010000+00:00,2020-09-16T08:14:31+00:00,"EXECUTIVE OFFICER, MEHSI",EO,NAGAR PANCHAYAT MEHSI,NAGAR PANCHAYAT MEHSI,"EXECUTIVE OFFICER, MEHSI",EO,NAGAR PANCHAYAT MEHSI,24600.0,5000.0,590.0,True,"{'Flood': 0, 'Embankment': 0, 'embkt': 0, 'Relief': 0, 'Erosion': 0, 'SDRF': 0, 'Inundation': 0, 'Hydrology': 0, 'Silt': 0, 'Siltation': 0, 'Bund': 0, 'Trench': 0, 'Breach': 0, 'Culvert': 0, 'Sluice': 0, 'Dyke': 0, 'Storm water drain': 0, 'Emergency': 0, 'Immediate': 0, 'IM': 0, 'AE': 0, 'A E': 0, 'AAPDA MITRA': 0, 'Bridge': 0, 'River': 0, 'Drain': 2, 'Restoration': 0, 'Protection': 0, 'irr': 0, 'irrigation': 0, 'dam': 0, 'Nallah': 0, 'Retrofitting': 0, 'Pond': 0, 'Pokhari': 0, 'D/C': 0, 'Recharge shaft': 0, 'LFB': 0, 'RFB': 0}","{'Floodlight': 0, 'Flood Light': 0, 'GAS': 0, 'FIFA': 0, 'pipe': 0, 'pipes': 0, 'covid': 0, 'supply': 0, 'Beautification': 0, 'Installation': 0}",,,False,True,Immediate Measures
3777,NPM-NIT 03-2020-21/GR106,Construction of RCC drain with cover slab from Md Bhikhari MIya House to Koriya Tolla in ward no. - 13 under Nagar Panchayat Mehsi,Construction of RCC drain with cover slab from Md Bhikhari MIya House to Koriya Tolla in ward no. - 13 under Nagar Panchayat Mehsi,1401100.0,INR,INR,2020-09-02 22:32:50+00:00,2020-09-02T22:28:20.876000+00:00,2020-09-16T08:00:40+00:00,"EXECUTIVE OFFICER, MEHSI",EO,NAGAR PANCHAYAT MEHSI,NAGAR PANCHAYAT MEHSI,"EXECUTIVE OFFICER, MEHSI",EO,NAGAR PANCHAYAT MEHSI,28100.0,5000.0,590.0,True,"{'Flood': 0, 'Embankment': 0, 'embkt': 0, 'Relief': 0, 'Erosion': 0, 'SDRF': 0, 'Inundation': 0, 'Hydrology': 0, 'Silt': 0, 'Siltation': 0, 'Bund': 0, 'Trench': 0, 'Breach': 0, 'Culvert': 0, 'Sluice': 0, 'Dyke': 0, 'Storm water drain': 0, 'Emergency': 0, 'Immediate': 0, 'IM': 0, 'AE': 0, 'A E': 0, 'AAPDA MITRA': 0, 'Bridge': 0, 'River': 0, 'Drain': 2, 'Restoration': 0, 'Protection': 0, 'irr': 0, 'irrigation': 0, 'dam': 0, 'Nallah': 0, 'Retrofitting': 0, 'Pond': 0, 'Pokhari': 0, 'D/C': 0, 'Recharge shaft': 0, 'LFB': 0, 'RFB': 0}","{'Floodlight': 0, 'Flood Light': 0, 'GAS': 0, 'FIFA': 0, 'pipe': 0, 'pipes': 0, 'covid': 0, 'supply': 0, 'Beautification': 0, 'Installation': 0}",,,False,True,Immediate Measures
3782,NPM-NIT 03-2020-21/GR111,Construction of Paver Block road  & RCC Drain from Lalbabu singh house to Laxman Mahto ward no. - 14 under Nagar Panchayat Mehsi,Construction of Paver Block road  & RCC Drain from Lalbabu singh house to Laxman Mahto ward no. - 14 under Nagar Panchayat Mehsi,417700.0,INR,INR,2020-09-02 22:59:01+00:00,2020-09-02T22:54:34.127000+00:00,2020-09-16T08:35:36+00:00,"EXECUTIVE OFFICER, MEHSI",EO,NAGAR PANCHAYAT MEHSI,NAGAR PANCHAYAT MEHSI,"EXECUTIVE OFFICER, MEHSI",EO,NAGAR PANCHAYAT MEHSI,8400.0,1500.0,590.0,True,"{'Flood': 0, 'Embankment': 0, 'embkt': 0, 'Relief': 0, 'Erosion': 0, 'SDRF': 0, 'Inundation': 0, 'Hydrology': 0, 'Silt': 0, 'Siltation': 0, 'Bund': 0, 'Trench': 0, 'Breach': 0, 'Culvert': 0, 'Sluice': 0, 'Dyke': 0, 'Storm water drain': 0, 'Emergency': 0, 'Immediate': 0, 'IM': 0, 'AE': 0, 'A E': 0, 'AAPDA MITRA': 0, 'Bridge': 0, 'River': 0, 'Drain': 2, 'Restoration': 0, 'Protection': 0, 'irr': 0, 'irrigation': 0, 'dam': 0, 'Nallah': 0, 'Retrofitting': 0, 'Pond': 0, 'Pokhari': 0, 'D/C': 0, 'Recharge shaft': 0, 'LFB': 0, 'RFB': 0}","{'Floodlight': 0, 'Flood Light': 0, 'GAS': 0, 'FIFA': 0, 'pipe': 0, 'pipes': 0, 'covid': 0, 'supply': 0, 'Beautification': 0, 'Installation': 0}",,,False,True,Immediate Measures
3791,NPS-02/2020-21/GRNO-34,"Construction of   Drain from The House of Munna Thakur to The House of Ajay Singh In the Ward No-03  at Nagar Panchayat Sonpur, Saran","Construction of   Drain from The House of Munna Thakur to The House of Ajay Singh In the Ward No-03  at Nagar Panchayat Sonpur, Saran",127500.0,INR,INR,2020-09-03 03:46:48+00:00,2020-09-03T03:31:54.146000+00:00,2020-09-07T09:30:38+00:00,PANKAJ KUMAR,EXECUTIVE OFFICER NAGAR PANCHAYAT SONPUR,NAGAR PANCHAYAT SONPUR,NAGAR PANCHAYAT SONPUR,PANKAJ KUMAR,EXECUTIVE OFFICER NAGAR PANCHAYAT SONPUR,NAGAR PANCHAYAT SONPUR,2550.0,500.0,590.0,True,"{'Flood': 0, 'Embankment': 0, 'embkt': 0, 'Relief': 0, 'Erosion': 0, 'SDRF': 0, 'Inundation': 0, 'Hydrology': 0, 'Silt': 0, 'Siltation': 0, 'Bund': 0, 'Trench': 0, 'Breach': 0, 'Culvert': 0, 'Sluice': 0, 'Dyke': 0, 'Storm water drain': 0, 'Emergency': 0, 'Immediate': 0, 'IM': 0, 'AE': 0, 'A E': 0, 'AAPDA MITRA': 0, 'Bridge': 0, 'River': 0, 'Drain': 2, 'Restoration': 0, 'Protection': 0, 'irr': 0, 'irrigation': 0, 'dam': 0, 'Nallah': 0, 'Retrofitting': 0, 'Pond': 0, 'Pokhari': 0, 'D/C': 0, 'Recharge shaft': 0, 'LFB': 0, 'RFB': 0}","{'Floodlight': 0, 'Flood Light': 0, 'GAS': 0, 'FIFA': 0, 'pipe': 0, 'pipes': 0, 'covid': 0, 'supply': 0, 'Beautification': 0, 'Installation': 0}",,,False,True,Immediate Measures
3783,NPM-NIT 03-2020-21/GR112,Construction of Paver Block road  & RCC Drain from Jahur MIya house to Assmohamad house ward no. - 14 under Nagar Panchayat Mehsi,Construction of Paver Block road  & RCC Drain from Jahur MIya house to Assmohamad house ward no. - 14 under Nagar Panchayat Mehsi,495700.0,INR,INR,2020-09-02 23:05:33+00:00,2020-09-02T22:59:59.947000+00:00,2020-09-11T02:18:44+00:00,"EXECUTIVE OFFICER, MEHSI",EO,NAGAR PANCHAYAT MEHSI,NAGAR PANCHAYAT MEHSI,"EXECUTIVE OFFICER, MEHSI",EO,NAGAR PANCHAYAT MEHSI,10000.0,1500.0,590.0,True,"{'Flood': 0, 'Embankment': 0, 'embkt': 0, 'Relief': 0, 'Erosion': 0, 'SDRF': 0, 'Inundation': 0, 'Hydrology': 0, 'Silt': 0, 'Siltation': 0, 'Bund': 0, 'Trench': 0, 'Breach': 0, 'Culvert': 0, 'Sluice': 0, 'Dyke': 0, 'Storm water drain': 0, 'Emergency': 0, 'Immediate': 0, 'IM': 0, 'AE': 0, 'A E': 0, 'AAPDA MITRA': 0, 'Bridge': 0, 'River': 0, 'Drain': 2, 'Restoration': 0, 'Protection': 0, 'irr': 0, 'irrigation': 0, 'dam': 0, 'Nallah': 0, 'Retrofitting': 0, 'Pond': 0, 'Pokhari': 0, 'D/C': 0, 'Recharge shaft': 0, 'LFB': 0, 'RFB': 0}","{'Floodlight': 0, 'Flood Light': 0, 'GAS': 0, 'FIFA': 0, 'pipe': 0, 'pipes': 0, 'covid': 0, 'supply': 0, 'Beautification': 0, 'Installation': 0}",,,False,True,Immediate Measures
3795,NPS-02/2020-21/GRNO-38,"Construction of Drain & Paver Block Road From The House of  Sunil Ram to The Lakari Bazar Main Road In the Ward No-19 At Nagar Panchayat Sonpur, Saran.","Construction of Drain & Paver Block Road From The House of  Sunil Ram to The Lakari Bazar Main Road In the Ward No-19 At Nagar Panchayat Sonpur, Saran.",803900.0,INR,INR,2020-09-03 04:10:54+00:00,2020-09-03T04:06:07.352000+00:00,2020-09-12T02:07:29+00:00,PANKAJ KUMAR,EXECUTIVE OFFICER NAGAR PANCHAYAT SONPUR,NAGAR PANCHAYAT SONPUR,NAGAR PANCHAYAT SONPUR,PANKAJ KUMAR,EXECUTIVE OFFICER NAGAR PANCHAYAT SONPUR,NAGAR PANCHAYAT SONPUR,16078.0,1250.0,590.0,True,"{'Flood': 0, 'Embankment': 0, 'embkt': 0, 'Relief': 0, 'Erosion': 0, 'SDRF': 0, 'Inundation': 0, 'Hydrology': 0, 'Silt': 0, 'Siltation': 0, 'Bund': 0, 'Trench': 0, 'Breach': 0, 'Culvert': 0, 'Sluice': 0, 'Dyke': 0, 'Storm water drain': 0, 'Emergency': 0, 'Immediate': 0, 'IM': 0, 'AE': 0, 'A E': 0, 'AAPDA MITRA': 0, 'Bridge': 0, 'River': 0, 'Drain': 2, 'Restoration': 0, 'Protection': 0, 'irr': 0, 'irrigation': 0, 'dam': 0, 'Nallah': 0, 'Retrofitting': 0, 'Pond': 0, 'Pokhari': 0, 'D/C': 0, 'Recharge shaft': 0, 'LFB': 0, 'RFB': 0}","{'Floodlight': 0, 'Flood Light': 0, 'GAS': 0, 'FIFA': 0, 'pipe': 0, 'pipes': 0, 'covid': 0, 'supply': 0, 'Beautification': 0, 'Installation': 0}",,,False,True,Immediate Measures
3786,NPM-NIT 03-2020-21/GR115,Construction of Paver Block road  & RCC Drain from Ajim Miya house to Khalli MIya ward no. - 14 under Nagar Panchayat Mehsi,Construction of Paver Block road  & RCC Drain from Ajim Miya house to Khalli MIya ward no. - 14 under Nagar Panchayat Mehsi,537000.0,INR,INR,2020-09-02 23:20:48+00:00,2020-09-02T23:16:06.653000+00:00,2020-09-16T09:32:10+00:00,"EXECUTIVE OFFICER, MEHSI",EO,NAGAR PANCHAYAT MEHSI,NAGAR PANCHAYAT MEHSI,"EXECUTIVE OFFICER, MEHSI",EO,NAGAR PANCHAYAT MEHSI,10800.0,2500.0,590.0,True,"{'Flood': 0, 'Embankment': 0, 'embkt': 0, 'Relief': 0, 'Erosion': 0, 'SDRF': 0, 'Inundation': 0, 'Hydrology': 0, 'Silt': 0, 'Siltation': 0, 'Bund': 0, 'Trench': 0, 'Breach': 0, 'Culvert': 0, 'Sluice': 0, 'Dyke': 0, 'Storm water drain': 0, 'Emergency': 0, 'Immediate': 0, 'IM': 0, 'AE': 0, 'A E': 0, 'AAPDA MITRA': 0, 'Bridge': 0, 'River': 0, 'Drain': 2, 'Restoration': 0, 'Protection': 0, 'irr': 0, 'irrigation': 0, 'dam': 0, 'Nallah': 0, 'Retrofitting': 0, 'Pond': 0, 'Pokhari': 0, 'D/C': 0, 'Recharge shaft': 0, 'LFB': 0, 'RFB': 0}","{'Floodlight': 0, 'Flood Light': 0, 'GAS': 0, 'FIFA': 0, 'pipe': 0, 'pipes': 0, 'covid': 0, 'supply': 0, 'Beautification': 0, 'Installation': 0}",,,False,True,Immediate Measures
3785,NPM-NIT 03-2020-21/GR114,Construction of Paver Block road  & RCC Drain from Noor Alam house to Nai Mahjid ward no. - 14 under Nagar Panchayat Mehsi,Construction of Paver Block road  & RCC Drain from Noor Alam house to Nai Mahjid ward no. - 14 under Nagar Panchayat Mehsi,537000.0,INR,INR,2020-09-02 23:15:36+00:00,2020-09-02T23:11:33.622000+00:00,2020-09-16T09:26:50+00:00,"EXECUTIVE OFFICER, MEHSI",EO,NAGAR PANCHAYAT MEHSI,NAGAR PANCHAYAT MEHSI,"EXECUTIVE OFFICER, MEHSI",EO,NAGAR PANCHAYAT MEHSI,10800.0,2500.0,590.0,True,"{'Flood': 0, 'Embankment': 0, 'embkt': 0, 'Relief': 0, 'Erosion': 0, 'SDRF': 0, 'Inundation': 0, 'Hydrology': 0, 'Silt': 0, 'Siltation': 0, 'Bund': 0, 'Trench': 0, 'Breach': 0, 'Culvert': 0, 'Sluice': 0, 'Dyke': 0, 'Storm water drain': 0, 'Emergency': 0, 'Immediate': 0, 'IM': 0, 'AE': 0, 'A E': 0, 'AAPDA MITRA': 0, 'Bridge': 0, 'River': 0, 'Drain': 2, 'Restoration': 0, 'Protection': 0, 'irr': 0, 'irrigation': 0, 'dam': 0, 'Nallah': 0, 'Retrofitting': 0, 'Pond': 0, 'Pokhari': 0, 'D/C': 0, 'Recharge shaft': 0, 'LFB': 0, 'RFB': 0}","{'Floodlight': 0, 'Flood Light': 0, 'GAS': 0, 'FIFA': 0, 'pipe': 0, 'pipes': 0, 'covid': 0, 'supply': 0, 'Beautification': 0, 'Installation': 0}",,,False,True,Immediate Measures
3797,NPS-02/2020-21/GRNO-40,"Construction of Drain & Paver Block Road From The House of Naval Singh  to The House of Ajit Singh In the Ward No-19 At Nagar Panchayat Sonpur, Saran.","Construction of Drain & Paver Block Road From The House of Naval Singh  to The House of Ajit Singh In the Ward No-19 At Nagar Panchayat Sonpur, Saran.",1124400.0,INR,INR,2020-09-03 04:37:22+00:00,2020-09-03T04:17:07.326000+00:00,2020-09-12T02:16:41+00:00,PANKAJ KUMAR,EXECUTIVE OFFICER NAGAR PANCHAYAT SONPUR,NAGAR PANCHAYAT SONPUR,NAGAR PANCHAYAT SONPUR,PANKAJ KUMAR,EXECUTIVE OFFICER NAGAR PANCHAYAT SONPUR,NAGAR PANCHAYAT SONPUR,22488.0,2500.0,590.0,True,"{'Flood': 0, 'Embankment': 0, 'embkt': 0, 'Relief': 0, 'Erosion': 0, 'SDRF': 0, 'Inundation': 0, 'Hydrology': 0, 'Silt': 0, 'Siltation': 0, 'Bund': 0, 'Trench': 0, 'Breach': 0, 'Culvert': 0, 'Sluice': 0, 'Dyke': 0, 'Storm water drain': 0, 'Emergency': 0, 'Immediate': 0, 'IM': 0, 'AE': 0, 'A E': 0, 'AAPDA MITRA': 0, 'Bridge': 0, 'River': 0, 'Drain': 2, 'Restoration': 0, 'Protection': 0, 'irr': 0, 'irrigation': 0, 'dam': 0, 'Nallah': 0, 'Retrofitting': 0, 'Pond': 0, 'Pokhari': 0, 'D/C': 0, 'Recharge shaft': 0, 'LFB': 0, 'RFB': 0}","{'Floodlight': 0, 'Flood Light': 0, 'GAS': 0, 'FIFA': 0, 'pipe': 0, 'pipes': 0, 'covid': 0, 'supply': 0, 'Beautification': 0, 'Installation': 0}",,,False,True,Immediate Measures
3802,NPS-02/2020-21/GRNO-45,"Construction of Drain & Paver Block Road From The House of Uma Singh to The Shish Mahal In the Ward No-18 At Nagar Panchayat Sonpur, Saran.","Construction of Drain & Paver Block Road From The House of Uma Singh to The Shish Mahal In the Ward No-18 At Nagar Panchayat Sonpur, Saran.",513800.0,INR,INR,2020-09-03 05:16:34+00:00,2020-09-03T05:10:40.474000+00:00,2020-09-12T02:25:53+00:00,PANKAJ KUMAR,EXECUTIVE OFFICER NAGAR PANCHAYAT SONPUR,NAGAR PANCHAYAT SONPUR,NAGAR PANCHAYAT SONPUR,PANKAJ KUMAR,EXECUTIVE OFFICER NAGAR PANCHAYAT SONPUR,NAGAR PANCHAYAT SONPUR,10276.0,1250.0,590.0,True,"{'Flood': 0, 'Embankment': 0, 'embkt': 0, 'Relief': 0, 'Erosion': 0, 'SDRF': 0, 'Inundation': 0, 'Hydrology': 0, 'Silt': 0, 'Siltation': 0, 'Bund': 0, 'Trench': 0, 'Breach': 0, 'Culvert': 0, 'Sluice': 0, 'Dyke': 0, 'Storm water drain': 0, 'Emergency': 0, 'Immediate': 0, 'IM': 0, 'AE': 0, 'A E': 0, 'AAPDA MITRA': 0, 'Bridge': 0, 'River': 0, 'Drain': 2, 'Restoration': 0, 'Protection': 0, 'irr': 0, 'irrigation': 0, 'dam': 0, 'Nallah': 0, 'Retrofitting': 0, 'Pond': 0, 'Pokhari': 0, 'D/C': 0, 'Recharge shaft': 0, 'LFB': 0, 'RFB': 0}","{'Floodlight': 0, 'Flood Light': 0, 'GAS': 0, 'FIFA': 0, 'pipe': 0, 'pipes': 0, 'covid': 0, 'supply': 0, 'Beautification': 0, 'Installation': 0}",,,False,True,Immediate Measures
3794,NPS-02/2020-21/GRNO-37,"Construction of Drain & Paver Block Road From The House of  Vijay  Singh to The House of Pinku Singh In the Ward No-14 At Nagar Panchayat Sonpur, Saran.","Construction of Drain & Paver Block Road From The House of  Vijay  Singh to The House of Pinku Singh In the Ward No-14 At Nagar Panchayat Sonpur, Saran.",248700.0,INR,INR,2020-09-03 04:05:38+00:00,2020-09-03T04:01:09.413000+00:00,2020-09-07T09:30:38+00:00,PANKAJ KUMAR,EXECUTIVE OFFICER NAGAR PANCHAYAT SONPUR,NAGAR PANCHAYAT SONPUR,NAGAR PANCHAYAT SONPUR,PANKAJ KUMAR,EXECUTIVE OFFICER NAGAR PANCHAYAT SONPUR,NAGAR PANCHAYAT SONPUR,4974.0,500.0,590.0,True,"{'Flood': 0, 'Embankment': 0, 'embkt': 0, 'Relief': 0, 'Erosion': 0, 'SDRF': 0, 'Inundation': 0, 'Hydrology': 0, 'Silt': 0, 'Siltation': 0, 'Bund': 0, 'Trench': 0, 'Breach': 0, 'Culvert': 0, 'Sluice': 0, 'Dyke': 0, 'Storm water drain': 0, 'Emergency': 0, 'Immediate': 0, 'IM': 0, 'AE': 0, 'A E': 0, 'AAPDA MITRA': 0, 'Bridge': 0, 'River': 0, 'Drain': 2, 'Restoration': 0, 'Protection': 0, 'irr': 0, 'irrigation': 0, 'dam': 0, 'Nallah': 0, 'Retrofitting': 0, 'Pond': 0, 'Pokhari': 0, 'D/C': 0, 'Recharge shaft': 0, 'LFB': 0, 'RFB': 0}","{'Floodlight': 0, 'Flood Light': 0, 'GAS': 0, 'FIFA': 0, 'pipe': 0, 'pipes': 0, 'covid': 0, 'supply': 0, 'Beautification': 0, 'Installation': 0}",,,False,True,Immediate Measures
3793,NPS-02/2020-21/GRNO-36,"Construction of   Drain from The House of Dhirendra Thakur to The House of Munna Thakur In the Ward No-03  at Nagar Panchayat Sonpur, Saran","Construction of   Drain from The House of Dhirendra Thakur to The House of Munna Thakur In the Ward No-03  at Nagar Panchayat Sonpur, Saran",168000.0,INR,INR,2020-09-03 04:00:35+00:00,2020-09-03T03:53:47.702000+00:00,2020-09-07T09:30:38+00:00,PANKAJ KUMAR,EXECUTIVE OFFICER NAGAR PANCHAYAT SONPUR,NAGAR PANCHAYAT SONPUR,NAGAR PANCHAYAT SONPUR,PANKAJ KUMAR,EXECUTIVE OFFICER NAGAR PANCHAYAT SONPUR,NAGAR PANCHAYAT SONPUR,3360.0,500.0,590.0,True,"{'Flood': 0, 'Embankment': 0, 'embkt': 0, 'Relief': 0, 'Erosion': 0, 'SDRF': 0, 'Inundation': 0, 'Hydrology': 0, 'Silt': 0, 'Siltation': 0, 'Bund': 0, 'Trench': 0, 'Breach': 0, 'Culvert': 0, 'Sluice': 0, 'Dyke': 0, 'Storm water drain': 0, 'Emergency': 0, 'Immediate': 0, 'IM': 0, 'AE': 0, 'A E': 0, 'AAPDA MITRA': 0, 'Bridge': 0, 'River': 0, 'Drain': 2, 'Restoration': 0, 'Protection': 0, 'irr': 0, 'irrigation': 0, 'dam': 0, 'Nallah': 0, 'Retrofitting': 0, 'Pond': 0, 'Pokhari': 0, 'D/C': 0, 'Recharge shaft': 0, 'LFB': 0, 'RFB': 0}","{'Floodlight': 0, 'Flood Light': 0, 'GAS': 0, 'FIFA': 0, 'pipe': 0, 'pipes': 0, 'covid': 0, 'supply': 0, 'Beautification': 0, 'Installation': 0}",,,False,True,Immediate Measures
3801,NPS-02/2020-21/GRNO-44,"Construction of Drain & Paver Block Road From The House of Siddhu Mahto to The Main Drain In the Ward No-04 At Nagar Panchayat Sonpur, Saran.","Construction of Drain & Paver Block Road From The House of Siddhu Mahto to The Main Drain In the Ward No-04 At Nagar Panchayat Sonpur, Saran.",297200.0,INR,INR,2020-09-03 05:10:12+00:00,2020-09-03T05:02:54.894000+00:00,2020-09-07T09:30:38+00:00,PANKAJ KUMAR,EXECUTIVE OFFICER NAGAR PANCHAYAT SONPUR,NAGAR PANCHAYAT SONPUR,NAGAR PANCHAYAT SONPUR,PANKAJ KUMAR,EXECUTIVE OFFICER NAGAR PANCHAYAT SONPUR,NAGAR PANCHAYAT SONPUR,5944.0,750.0,590.0,True,"{'Flood': 0, 'Embankment': 0, 'embkt': 0, 'Relief': 0, 'Erosion': 0, 'SDRF': 0, 'Inundation': 0, 'Hydrology': 0, 'Silt': 0, 'Siltation': 0, 'Bund': 0, 'Trench': 0, 'Breach': 0, 'Culvert': 0, 'Sluice': 0, 'Dyke': 0, 'Storm water drain': 0, 'Emergency': 0, 'Immediate': 0, 'IM': 0, 'AE': 0, 'A E': 0, 'AAPDA MITRA': 0, 'Bridge': 0, 'River': 0, 'Drain': 4, 'Restoration': 0, 'Protection': 0, 'irr': 0, 'irrigation': 0, 'dam': 0, 'Nallah': 0, 'Retrofitting': 0, 'Pond': 0, 'Pokhari': 0, 'D/C': 0, 'Recharge shaft': 0, 'LFB': 0, 'RFB': 0}","{'Floodlight': 0, 'Flood Light': 0, 'GAS': 0, 'FIFA': 0, 'pipe': 0, 'pipes': 0, 'covid': 0, 'supply': 0, 'Beautification': 0, 'Installation': 0}",,,False,True,Immediate Measures
3792,NPS-02/2020-21/GRNO-35,"Construction of Drain & Paver Block Road From The PWD Road To The House of  Abhay  Singh  In the Ward No-03 At Nagar Panchayat Sonpur, Saran.","Construction of Drain & Paver Block Road From The PWD Road To The House of  Abhay  Singh  In the Ward No-03 At Nagar Panchayat Sonpur, Saran.",663800.0,INR,INR,2020-09-03 03:53:23+00:00,2020-09-03T03:48:04.015000+00:00,2020-09-12T01:58:09+00:00,PANKAJ KUMAR,EXECUTIVE OFFICER NAGAR PANCHAYAT SONPUR,NAGAR PANCHAYAT SONPUR,NAGAR PANCHAYAT SONPUR,PANKAJ KUMAR,EXECUTIVE OFFICER NAGAR PANCHAYAT SONPUR,NAGAR PANCHAYAT SONPUR,13276.0,1250.0,590.0,True,"{'Flood': 0, 'Embankment': 0, 'embkt': 0, 'Relief': 0, 'Erosion': 0, 'SDRF': 0, 'Inundation': 0, 'Hydrology': 0, 'Silt': 0, 'Siltation': 0, 'Bund': 0, 'Trench': 0, 'Breach': 0, 'Culvert': 0, 'Sluice': 0, 'Dyke': 0, 'Storm water drain': 0, 'Emergency': 0, 'Immediate': 0, 'IM': 0, 'AE': 0, 'A E': 0, 'AAPDA MITRA': 0, 'Bridge': 0, 'River': 0, 'Drain': 2, 'Restoration': 0, 'Protection': 0, 'irr': 0, 'irrigation': 0, 'dam': 0, 'Nallah': 0, 'Retrofitting': 0, 'Pond': 0, 'Pokhari': 0, 'D/C': 0, 'Recharge shaft': 0, 'LFB': 0, 'RFB': 0}","{'Floodlight': 0, 'Flood Light': 0, 'GAS': 0, 'FIFA': 0, 'pipe': 0, 'pipes': 0, 'covid': 0, 'supply': 0, 'Beautification': 0, 'Installation': 0}",,,False,True,Immediate Measures
3810,NPM-NIT 03-2020-21/GR126,Construction of RCC drain with cover slab from Bidaya Bhagat house via Basudev Bhagat House to River in ward no. - 15 under Nagar Panchayat Mehsi,Construction of RCC drain with cover slab from Bidaya Bhagat house via Basudev Bhagat House to River in ward no. - 15 under Nagar Panchayat Mehsi,1226000.0,INR,INR,2020-09-03 07:05:54+00:00,2020-09-03T07:01:46.682000+00:00,2020-09-16T11:00:03+00:00,"EXECUTIVE OFFICER, MEHSI",EO,NAGAR PANCHAYAT MEHSI,NAGAR PANCHAYAT MEHSI,"EXECUTIVE OFFICER, MEHSI",EO,NAGAR PANCHAYAT MEHSI,24600.0,5000.0,590.0,True,"{'Flood': 0, 'Embankment': 0, 'embkt': 0, 'Relief': 0, 'Erosion': 0, 'SDRF': 0, 'Inundation': 0, 'Hydrology': 0, 'Silt': 0, 'Siltation': 0, 'Bund': 0, 'Trench': 0, 'Breach': 0, 'Culvert': 0, 'Sluice': 0, 'Dyke': 0, 'Storm water drain': 0, 'Emergency': 0, 'Immediate': 0, 'IM': 0, 'AE': 0, 'A E': 0, 'AAPDA MITRA': 0, 'Bridge': 0, 'River': 2, 'Drain': 2, 'Restoration': 0, 'Protection': 0, 'irr': 0, 'irrigation': 0, 'dam': 0, 'Nallah': 0, 'Retrofitting': 0, 'Pond': 0, 'Pokhari': 0, 'D/C': 0, 'Recharge shaft': 0, 'LFB': 0, 'RFB': 0}","{'Floodlight': 0, 'Flood Light': 0, 'GAS': 0, 'FIFA': 0, 'pipe': 0, 'pipes': 0, 'covid': 0, 'supply': 0, 'Beautification': 0, 'Installation': 0}",,,False,True,Immediate Measures
3808,NPM-NIT 03-2020-21/GR124,Construction of RCC drain with cover slab from Rambabu Sahani House via Nawalkishore House to River in ward no. - 15 under Nagar Panchayat Mehsi,Construction of RCC drain with cover slab from Rambabu Sahani House via Nawalkishore House to River in ward no. - 15 under Nagar Panchayat Mehsi,997500.0,INR,INR,2020-09-03 06:56:34+00:00,2020-09-03T06:52:45.924000+00:00,2020-09-16T10:40:42+00:00,"EXECUTIVE OFFICER, MEHSI",EO,NAGAR PANCHAYAT MEHSI,NAGAR PANCHAYAT MEHSI,"EXECUTIVE OFFICER, MEHSI",EO,NAGAR PANCHAYAT MEHSI,20000.0,2500.0,590.0,True,"{'Flood': 0, 'Embankment': 0, 'embkt': 0, 'Relief': 0, 'Erosion': 0, 'SDRF': 0, 'Inundation': 0, 'Hydrology': 0, 'Silt': 0, 'Siltation': 0, 'Bund': 0, 'Trench': 0, 'Breach': 0, 'Culvert': 0, 'Sluice': 0, 'Dyke': 0, 'Storm water drain': 0, 'Emergency': 0, 'Immediate': 0, 'IM': 0, 'AE': 0, 'A E': 0, 'AAPDA MITRA': 0, 'Bridge': 0, 'River': 2, 'Drain': 2, 'Restoration': 0, 'Protection': 0, 'irr': 0, 'irrigation': 0, 'dam': 0, 'Nallah': 0, 'Retrofitting': 0, 'Pond': 0, 'Pokhari': 0, 'D/C': 0, 'Recharge shaft': 0, 'LFB': 0, 'RFB': 0}","{'Floodlight': 0, 'Flood Light': 0, 'GAS': 0, 'FIFA': 0, 'pipe': 0, 'pipes': 0, 'covid': 0, 'supply': 0, 'Beautification': 0, 'Installation': 0}",,,False,True,Immediate Measures
3809,NPM-NIT 03-2020-21/GR125,Construction of RCC drain with cover slab from Dinanath Sah House to Bidya Bhagat House in ward no. - 15 under Nagar Panchayat Mehsi,Construction of RCC drain with cover slab from Dinanath Sah House to Bidya Bhagat House in ward no. - 15 under Nagar Panchayat Mehsi,1401100.0,INR,INR,2020-09-03 07:01:21+00:00,2020-09-03T06:57:02.687000+00:00,2020-09-16T10:48:53+00:00,"EXECUTIVE OFFICER, MEHSI",EO,NAGAR PANCHAYAT MEHSI,NAGAR PANCHAYAT MEHSI,"EXECUTIVE OFFICER, MEHSI",EO,NAGAR PANCHAYAT MEHSI,28100.0,5000.0,590.0,True,"{'Flood': 0, 'Embankment': 0, 'embkt': 0, 'Relief': 0, 'Erosion': 0, 'SDRF': 0, 'Inundation': 0, 'Hydrology': 0, 'Silt': 0, 'Siltation': 0, 'Bund': 0, 'Trench': 0, 'Breach': 0, 'Culvert': 0, 'Sluice': 0, 'Dyke': 0, 'Storm water drain': 0, 'Emergency': 0, 'Immediate': 0, 'IM': 0, 'AE': 0, 'A E': 0, 'AAPDA MITRA': 0, 'Bridge': 0, 'River': 0, 'Drain': 2, 'Restoration': 0, 'Protection': 0, 'irr': 0, 'irrigation': 0, 'dam': 0, 'Nallah': 0, 'Retrofitting': 0, 'Pond': 0, 'Pokhari': 0, 'D/C': 0, 'Recharge shaft': 0, 'LFB': 0, 'RFB': 0}","{'Floodlight': 0, 'Flood Light': 0, 'GAS': 0, 'FIFA': 0, 'pipe': 0, 'pipes': 0, 'covid': 0, 'supply': 0, 'Beautification': 0, 'Installation': 0}",,,False,True,Immediate Measures
3814,02/2020-21-G-01,Construction Of Drain From House Of Madan Mahto To Outside Bridge In Ward No. 01 Under Nagar Panchayat Sugauli,Construction Of Drain From House Of Madan Mahto To Outside Bridge In Ward No. 01 Under Nagar Panchayat Sugauli,2281900.0,INR,INR,2020-09-05 08:50:59+00:00,2020-09-03T09:56:04.633000+00:00,2020-09-22T04:18:00+00:00,EXECUTIVE OFFICER NAGAR PARISHAD MOKAMA,EXECUTIVE OFFICER,NAGAR PARISHAD MOKAMA,"STATION ROAD, Mokama",EXECUTIVE OFFICER NAGAR PANCHAYAT SUGAULI,EXECUTIVE OFFICER,NAGAR PANCHAYAT SUGAULI,45600.0,5000.0,590.0,True,"{'Flood': 0, 'Embankment': 0, 'embkt': 0, 'Relief': 0, 'Erosion': 0, 'SDRF': 0, 'Inundation': 0, 'Hydrology': 0, 'Silt': 0, 'Siltation': 0, 'Bund': 0, 'Trench': 0, 'Breach': 0, 'Culvert': 0, 'Sluice': 0, 'Dyke': 0, 'Storm water drain': 0, 'Emergency': 0, 'Immediate': 0, 'IM': 0, 'AE': 0, 'A E': 0, 'AAPDA MITRA': 0, 'Bridge': 2, 'River': 0, 'Drain': 2, 'Restoration': 0, 'Protection': 0, 'irr': 0, 'irrigation': 0, 'dam': 0, 'Nallah': 0, 'Retrofitting': 0, 'Pond': 0, 'Pokhari': 0, 'D/C': 0, 'Recharge shaft': 0, 'LFB': 0, 'RFB': 0}","{'Floodlight': 0, 'Flood Light': 0, 'GAS': 0, 'FIFA': 0, 'pipe': 0, 'pipes': 0, 'covid': 0, 'supply': 0, 'Beautification': 0, 'Installation': 0}",,,False,True,Others
3827,02/2020-21/07,CONSTRUCTION OF RCC DRAIN WITH COVER FROM WEST OF BARUN ROAD THANA SHIV MANDIR TO FIELD OF MUNNA SHERMA AND CONSTRUCTION OF PULIYA AT CHARCH UNDER NAGAR PARISAD DAUDNAGAR  AURANGABAD,CONSTRUCTION OF RCC DRAIN WITH COVER FROM WEST OF BARUN ROAD THANA SHIV MANDIR TO FIELD OF MUNNA SHERMA AND CONSTRUCTION OF PULIYA AT CHARCH UNDER NAGAR PARISAD DAUDNAGAR  AURANGABAD,2416854.0,INR,INR,2020-09-04 05:51:00+00:00,2020-09-03T17:10:49.233000+00:00,2020-09-09T13:31:00+00:00,"EXECUTIVE OFFICER, DAUDNAGAR (EO)",EXECUTIVE OFFICER,NAGAR PARISHAD DAUDNAGAR,AT KASERA TOLI WARD NO 14 DAUDNAGAR,"EXECUTIVE OFFICER, DAUDNAGAR",EO,NAGAR PARISHAD DAUDNAGAR,48400.0,5000.0,590.0,True,"{'Flood': 0, 'Embankment': 0, 'embkt': 0, 'Relief': 0, 'Erosion': 0, 'SDRF': 0, 'Inundation': 0, 'Hydrology': 0, 'Silt': 0, 'Siltation': 0, 'Bund': 0, 'Trench': 0, 'Breach': 0, 'Culvert': 0, 'Sluice': 0, 'Dyke': 0, 'Storm water drain': 0, 'Emergency': 0, 'Immediate': 0, 'IM': 0, 'AE': 0, 'A E': 0, 'AAPDA MITRA': 0, 'Bridge': 0, 'River': 0, 'Drain': 2, 'Restoration': 0, 'Protection': 0, 'irr': 0, 'irrigation': 0, 'dam': 0, 'Nallah': 0, 'Retrofitting': 0, 'Pond': 0, 'Pokhari': 0, 'D/C': 0, 'Recharge shaft': 0, 'LFB': 0, 'RFB': 0}","{'Floodlight': 0, 'Flood Light': 0, 'GAS': 0, 'FIFA': 0, 'pipe': 0, 'pipes': 0, 'covid': 0, 'supply': 0, 'Beautification': 0, 'Installation': 0}",,,False,True,Others
3825,02/2020-21/05,CONSTRUCTION OF RCC DRAIN WITH COVER FROM WEST OF BARUN ROAD  RT RAJENDER SINGH TEACHER HOUSE TO DUKHAN YADAV HOUSE AND CONSTRUCTION OF PULIYA AT RT RAMKESHWAR TEACHER HOUSE AND KADRI SCHOOL ROAD MORE UNDER NAGAR PARISAD DAUDNAGAR AURANGABAD,CONSTRUCTION OF RCC DRAIN WITH COVER FROM WEST OF BARUN ROAD  RT RAJENDER SINGH TEACHER HOUSE TO DUKHAN YADAV HOUSE AND CONSTRUCTION OF PULIYA AT RT RAMKESHWAR TEACHER HOUSE AND KADRI SCHOOL ROAD MORE UNDER NAGAR PARISAD DAUDNAGAR AURANGABAD,2374531.0,INR,INR,2020-09-04 05:48:38+00:00,2020-09-03T17:02:40.478000+00:00,2020-09-09T13:27:14+00:00,"EXECUTIVE OFFICER, DAUDNAGAR (EO)",EXECUTIVE OFFICER,NAGAR PARISHAD DAUDNAGAR,AT KASERA TOLI WARD NO 14 DAUDNAGAR,"EXECUTIVE OFFICER, DAUDNAGAR",EO,NAGAR PARISHAD DAUDNAGAR,47500.0,5000.0,590.0,True,"{'Flood': 0, 'Embankment': 0, 'embkt': 0, 'Relief': 0, 'Erosion': 0, 'SDRF': 0, 'Inundation': 0, 'Hydrology': 0, 'Silt': 0, 'Siltation': 0, 'Bund': 0, 'Trench': 0, 'Breach': 0, 'Culvert': 0, 'Sluice': 0, 'Dyke': 0, 'Storm water drain': 0, 'Emergency': 0, 'Immediate': 0, 'IM': 0, 'AE': 0, 'A E': 0, 'AAPDA MITRA': 0, 'Bridge': 0, 'River': 0, 'Drain': 2, 'Restoration': 0, 'Protection': 0, 'irr': 0, 'irrigation': 0, 'dam': 0, 'Nallah': 0, 'Retrofitting': 0, 'Pond': 0, 'Pokhari': 0, 'D/C': 0, 'Recharge shaft': 0, 'LFB': 0, 'RFB': 0}","{'Floodlight': 0, 'Flood Light': 0, 'GAS': 0, 'FIFA': 0, 'pipe': 0, 'pipes': 0, 'covid': 0, 'supply': 0, 'Beautification': 0, 'Installation': 0}",,,False,True,Others
3821,02/2020-21/001,CONSTRUCTION OF RCC DRAIN WITH COVER FROM WEST OF BARUN ROAD AND EAST OF JAT TOLI TO JOKHAN CHOUDHARY HOUSE UNDER NAGAR PARISAD DAUDNAGAR AURANGABAD,CONSTRUCTION OF RCC DRAIN WITH COVER FROM WEST OF BARUN ROAD AND EAST OF JAT TOLI TO JOKHAN CHOUDHARY HOUSE UNDER NAGAR PARISAD DAUDNAGAR AURANGABAD,2418226.0,INR,INR,2020-09-04 05:43:12+00:00,2020-09-03T16:06:19.528000+00:00,2020-09-09T12:59:22+00:00,"EXECUTIVE OFFICER, DAUDNAGAR (EO)",EXECUTIVE OFFICER,NAGAR PARISHAD DAUDNAGAR,AT KASERA TOLI WARD NO 14 DAUDNAGAR,"EXECUTIVE OFFICER, DAUDNAGAR",EO,NAGAR PARISHAD DAUDNAGAR,48400.0,5000.0,590.0,True,"{'Flood': 0, 'Embankment': 0, 'embkt': 0, 'Relief': 0, 'Erosion': 0, 'SDRF': 0, 'Inundation': 0, 'Hydrology': 0, 'Silt': 0, 'Siltation': 0, 'Bund': 0, 'Trench': 0, 'Breach': 0, 'Culvert': 0, 'Sluice': 0, 'Dyke': 0, 'Storm water drain': 0, 'Emergency': 0, 'Immediate': 0, 'IM': 0, 'AE': 0, 'A E': 0, 'AAPDA MITRA': 0, 'Bridge': 0, 'River': 0, 'Drain': 2, 'Restoration': 0, 'Protection': 0, 'irr': 0, 'irrigation': 0, 'dam': 0, 'Nallah': 0, 'Retrofitting': 0, 'Pond': 0, 'Pokhari': 0, 'D/C': 0, 'Recharge shaft': 0, 'LFB': 0, 'RFB': 0}","{'Floodlight': 0, 'Flood Light': 0, 'GAS': 0, 'FIFA': 0, 'pipe': 0, 'pipes': 0, 'covid': 0, 'supply': 0, 'Beautification': 0, 'Installation': 0}",,,False,True,Others
3824,02/2020-21/005,"CONSTRUCTION OF RCC DRAIN WITH COVER FROM WEST OF BARUN ROAD  NATHUN KURESI HOUSE TO RT RAJENDER SINGH TEACHER HOUSE AND CONSTRUCTION OF PULIYA AT SALAMAT HUSAIN HOUSE AND DORD HOSPITAL ROAD MORE,UNDER NAGAR PARISAD DAUDNAGAR  AURANGABAD","CONSTRUCTION OF RCC DRAIN WITH COVER FROM WEST OF BARUN ROAD  NATHUN KURESI HOUSE TO RT RAJENDER SINGH TEACHER HOUSE AND CONSTRUCTION OF PULIYA AT SALAMAT HUSAIN HOUSE AND DORD HOSPITAL ROAD MORE,UNDER NAGAR PARISAD DAUDNAGAR  AURANGABAD",2374526.0,INR,INR,2020-09-04 05:47:32+00:00,2020-09-03T16:57:48.708000+00:00,2020-09-09T13:24:38+00:00,"EXECUTIVE OFFICER, DAUDNAGAR (EO)",EXECUTIVE OFFICER,NAGAR PARISHAD DAUDNAGAR,AT KASERA TOLI WARD NO 14 DAUDNAGAR,"EXECUTIVE OFFICER, DAUDNAGAR",EO,NAGAR PARISHAD DAUDNAGAR,47500.0,5000.0,590.0,True,"{'Flood': 0, 'Embankment': 0, 'embkt': 0, 'Relief': 0, 'Erosion': 0, 'SDRF': 0, 'Inundation': 0, 'Hydrology': 0, 'Silt': 0, 'Siltation': 0, 'Bund': 0, 'Trench': 0, 'Breach': 0, 'Culvert': 0, 'Sluice': 0, 'Dyke': 0, 'Storm water drain': 0, 'Emergency': 0, 'Immediate': 0, 'IM': 0, 'AE': 0, 'A E': 0, 'AAPDA MITRA': 0, 'Bridge': 0, 'River': 0, 'Drain': 2, 'Restoration': 0, 'Protection': 0, 'irr': 0, 'irrigation': 0, 'dam': 0, 'Nallah': 0, 'Retrofitting': 0, 'Pond': 0, 'Pokhari': 0, 'D/C': 0, 'Recharge shaft': 0, 'LFB': 0, 'RFB': 0}","{'Floodlight': 0, 'Flood Light': 0, 'GAS': 0, 'FIFA': 0, 'pipe': 0, 'pipes': 0, 'covid': 0, 'supply': 0, 'Beautification': 0, 'Installation': 0}",,,False,True,Others
3828,02/2020-21/08,CONSTRUCTION OF RCC DRAIN WITH COVER FROM WEST OF BARUN ROAD FIELD OF MUNNA SHERMA TO IN FRONT OF JAGDISH KABAD UNDER NAGAR PARISAD DAUDNAGAR AURANGABAD,CONSTRUCTION OF RCC DRAIN WITH COVER FROM WEST OF BARUN ROAD FIELD OF MUNNA SHERMA TO IN FRONT OF JAGDISH KABAD UNDER NAGAR PARISAD DAUDNAGAR AURANGABAD,2418369.0,INR,INR,2020-09-04 05:52:08+00:00,2020-09-03T17:15:49.141000+00:00,2020-09-09T13:10:58+00:00,"EXECUTIVE OFFICER, DAUDNAGAR (EO)",EXECUTIVE OFFICER,NAGAR PARISHAD DAUDNAGAR,AT KASERA TOLI WARD NO 14 DAUDNAGAR,"EXECUTIVE OFFICER, DAUDNAGAR",EO,NAGAR PARISHAD DAUDNAGAR,48400.0,5000.0,590.0,True,"{'Flood': 0, 'Embankment': 0, 'embkt': 0, 'Relief': 0, 'Erosion': 0, 'SDRF': 0, 'Inundation': 0, 'Hydrology': 0, 'Silt': 0, 'Siltation': 0, 'Bund': 0, 'Trench': 0, 'Breach': 0, 'Culvert': 0, 'Sluice': 0, 'Dyke': 0, 'Storm water drain': 0, 'Emergency': 0, 'Immediate': 0, 'IM': 0, 'AE': 0, 'A E': 0, 'AAPDA MITRA': 0, 'Bridge': 0, 'River': 0, 'Drain': 2, 'Restoration': 0, 'Protection': 0, 'irr': 0, 'irrigation': 0, 'dam': 0, 'Nallah': 0, 'Retrofitting': 0, 'Pond': 0, 'Pokhari': 0, 'D/C': 0, 'Recharge shaft': 0, 'LFB': 0, 'RFB': 0}","{'Floodlight': 0, 'Flood Light': 0, 'GAS': 0, 'FIFA': 0, 'pipe': 0, 'pipes': 0, 'covid': 0, 'supply': 0, 'Beautification': 0, 'Installation': 0}",,,False,True,Others
3830,02/2020-21/10,CONSTRUCTION OF RCC DRAIN WITH COVER FROM WEST OF BARUN ROAD BOUNDARY GATE OF SURESH PD TO SOUTH CORNER OF BOUNDARY OF SIPAHI JI UNDER NAGAR PARISAD DAUDNAGAR AURANGABAD,CONSTRUCTION OF RCC DRAIN WITH COVER FROM WEST OF BARUN ROAD BOUNDARY GATE OF SURESH PD TO SOUTH CORNER OF BOUNDARY OF SIPAHI JI UNDER NAGAR PARISAD DAUDNAGAR AURANGABAD,2418224.0,INR,INR,2020-09-04 05:54:31+00:00,2020-09-03T17:23:51.099000+00:00,2020-09-09T13:43:06+00:00,"EXECUTIVE OFFICER, DAUDNAGAR (EO)",EXECUTIVE OFFICER,NAGAR PARISHAD DAUDNAGAR,AT KASERA TOLI WARD NO 14 DAUDNAGAR,"EXECUTIVE OFFICER, DAUDNAGAR",EO,NAGAR PARISHAD DAUDNAGAR,48400.0,5000.0,590.0,True,"{'Flood': 0, 'Embankment': 0, 'embkt': 0, 'Relief': 0, 'Erosion': 0, 'SDRF': 0, 'Inundation': 0, 'Hydrology': 0, 'Silt': 0, 'Siltation': 0, 'Bund': 0, 'Trench': 0, 'Breach': 0, 'Culvert': 0, 'Sluice': 0, 'Dyke': 0, 'Storm water drain': 0, 'Emergency': 0, 'Immediate': 0, 'IM': 0, 'AE': 0, 'A E': 0, 'AAPDA MITRA': 0, 'Bridge': 0, 'River': 0, 'Drain': 2, 'Restoration': 0, 'Protection': 0, 'irr': 0, 'irrigation': 0, 'dam': 0, 'Nallah': 0, 'Retrofitting': 0, 'Pond': 0, 'Pokhari': 0, 'D/C': 0, 'Recharge shaft': 0, 'LFB': 0, 'RFB': 0}","{'Floodlight': 0, 'Flood Light': 0, 'GAS': 0, 'FIFA': 0, 'pipe': 0, 'pipes': 0, 'covid': 0, 'supply': 0, 'Beautification': 0, 'Installation': 0}",,,False,True,Others
3829,02/2020-21/09,CONSTRUCTION OF RCC DRAIN WITH COVER FROM WEST OF BARUN ROAD IN FRONT OF EMPTY FIELD MAJAR TO BOUNDARY OF SURESH PD UNDER NAGAR PARISAD DAUDNAGAR AURANGABAD,CONSTRUCTION OF RCC DRAIN WITH COVER FROM WEST OF BARUN ROAD IN FRONT OF EMPTY FIELD MAJAR TO BOUNDARY OF SURESH PD UNDER NAGAR PARISAD DAUDNAGAR AURANGABAD,2418224.0,INR,INR,2020-09-04 05:53:27+00:00,2020-09-03T17:20:40.673000+00:00,2020-09-09T13:34:08+00:00,"EXECUTIVE OFFICER, DAUDNAGAR (EO)",EXECUTIVE OFFICER,NAGAR PARISHAD DAUDNAGAR,AT KASERA TOLI WARD NO 14 DAUDNAGAR,"EXECUTIVE OFFICER, DAUDNAGAR",EO,NAGAR PARISHAD DAUDNAGAR,48400.0,5000.0,590.0,True,"{'Flood': 0, 'Embankment': 0, 'embkt': 0, 'Relief': 0, 'Erosion': 0, 'SDRF': 0, 'Inundation': 0, 'Hydrology': 0, 'Silt': 0, 'Siltation': 0, 'Bund': 0, 'Trench': 0, 'Breach': 0, 'Culvert': 0, 'Sluice': 0, 'Dyke': 0, 'Storm water drain': 0, 'Emergency': 0, 'Immediate': 0, 'IM': 0, 'AE': 0, 'A E': 0, 'AAPDA MITRA': 0, 'Bridge': 0, 'River': 0, 'Drain': 2, 'Restoration': 0, 'Protection': 0, 'irr': 0, 'irrigation': 0, 'dam': 0, 'Nallah': 0, 'Retrofitting': 0, 'Pond': 0, 'Pokhari': 0, 'D/C': 0, 'Recharge shaft': 0, 'LFB': 0, 'RFB': 0}","{'Floodlight': 0, 'Flood Light': 0, 'GAS': 0, 'FIFA': 0, 'pipe': 0, 'pipes': 0, 'covid': 0, 'supply': 0, 'Beautification': 0, 'Installation': 0}",,,False,True,Others
3826,02/2020-21/06,CONSTRUCTION OF RCC DRAIN WITH COVER FROM WEST OF BARUN ROAD DUKHAN YADAV HOUSE TO THANA SHIV MANDIR AND CONSTRUCTION OF PULIYA AT RENU RANI VIKAS MITR HOUSE AND GOSAI TOLA MORE ROAD UNDER NAGAR PARISAD DAUDNAGAR AURANGABAD,CONSTRUCTION OF RCC DRAIN WITH COVER FROM WEST OF BARUN ROAD DUKHAN YADAV HOUSE TO THANA SHIV MANDIR AND CONSTRUCTION OF PULIYA AT RENU RANI VIKAS MITR HOUSE AND GOSAI TOLA MORE ROAD UNDER NAGAR PARISAD DAUDNAGAR AURANGABAD,2390043.0,INR,INR,2020-09-04 05:49:45+00:00,2020-09-03T17:06:44.366000+00:00,2020-09-09T13:04:58+00:00,"EXECUTIVE OFFICER, DAUDNAGAR (EO)",EXECUTIVE OFFICER,NAGAR PARISHAD DAUDNAGAR,AT KASERA TOLI WARD NO 14 DAUDNAGAR,"EXECUTIVE OFFICER, DAUDNAGAR",EO,NAGAR PARISHAD DAUDNAGAR,47800.0,5000.0,590.0,True,"{'Flood': 0, 'Embankment': 0, 'embkt': 0, 'Relief': 0, 'Erosion': 0, 'SDRF': 0, 'Inundation': 0, 'Hydrology': 0, 'Silt': 0, 'Siltation': 0, 'Bund': 0, 'Trench': 0, 'Breach': 0, 'Culvert': 0, 'Sluice': 0, 'Dyke': 0, 'Storm water drain': 0, 'Emergency': 0, 'Immediate': 0, 'IM': 0, 'AE': 0, 'A E': 0, 'AAPDA MITRA': 0, 'Bridge': 0, 'River': 0, 'Drain': 2, 'Restoration': 0, 'Protection': 0, 'irr': 0, 'irrigation': 0, 'dam': 0, 'Nallah': 0, 'Retrofitting': 0, 'Pond': 0, 'Pokhari': 0, 'D/C': 0, 'Recharge shaft': 0, 'LFB': 0, 'RFB': 0}","{'Floodlight': 0, 'Flood Light': 0, 'GAS': 0, 'FIFA': 0, 'pipe': 0, 'pipes': 0, 'covid': 0, 'supply': 0, 'Beautification': 0, 'Installation': 0}",,,False,True,Others
3832,02/2020-21/12,CONSTRUCTION OF RCC DRAIN WITH COVER FROM EAST OF BARUN PIRAHIBAGH IN FRONT OF  WAKIL KURESI HOUSE TO CHHOTU LAKDI SHOP AND CONSTRUCTION OF PULIYA AT PIRAHIBAGH CHOWK AND DR S SINGH HOUSE UNDER NAGAR PARISHAD DAUDNAGAR AURANGABAD,CONSTRUCTION OF RCC DRAIN WITH COVER FROM EAST OF BARUN PIRAHIBAGH IN FRONT OF  WAKIL KURESI HOUSE TO CHHOTU LAKDI SHOP AND CONSTRUCTION OF PULIYA AT PIRAHIBAGH CHOWK AND DR S SINGH HOUSE UNDER NAGAR PARISHAD DAUDNAGAR AURANGABAD,2390617.0,INR,INR,2020-09-04 05:57:00+00:00,2020-09-03T17:33:06.326000+00:00,2020-09-09T13:56:58+00:00,"EXECUTIVE OFFICER, DAUDNAGAR (EO)",EXECUTIVE OFFICER,NAGAR PARISHAD DAUDNAGAR,AT KASERA TOLI WARD NO 14 DAUDNAGAR,"EXECUTIVE OFFICER, DAUDNAGAR",EO,NAGAR PARISHAD DAUDNAGAR,47900.0,5000.0,590.0,True,"{'Flood': 0, 'Embankment': 0, 'embkt': 0, 'Relief': 0, 'Erosion': 0, 'SDRF': 0, 'Inundation': 0, 'Hydrology': 0, 'Silt': 0, 'Siltation': 0, 'Bund': 0, 'Trench': 0, 'Breach': 0, 'Culvert': 0, 'Sluice': 0, 'Dyke': 0, 'Storm water drain': 0, 'Emergency': 0, 'Immediate': 0, 'IM': 0, 'AE': 0, 'A E': 0, 'AAPDA MITRA': 0, 'Bridge': 0, 'River': 0, 'Drain': 2, 'Restoration': 0, 'Protection': 0, 'irr': 0, 'irrigation': 0, 'dam': 0, 'Nallah': 0, 'Retrofitting': 0, 'Pond': 0, 'Pokhari': 0, 'D/C': 0, 'Recharge shaft': 0, 'LFB': 0, 'RFB': 0}","{'Floodlight': 0, 'Flood Light': 0, 'GAS': 0, 'FIFA': 0, 'pipe': 0, 'pipes': 0, 'covid': 0, 'supply': 0, 'Beautification': 0, 'Installation': 0}",,,False,True,Others
3822,02/2020-21/002,CONSTRUCTION OF RCC DRAIN WITH COVER FROM WEST OF BARUN ROAD JOKHAN CHOUDHARY HOUSE TO CHHOTU PATWA CEMENT SHOP AND CONSTRUCTION OF PULIYA AT VINOD PRAJAPATI HOUSE AND NILKOTHI BANSWADI UNDER NAGAR PARISHAD DAUDNAGAR AURANGABAD,CONSTRUCTION OF RCC DRAIN WITH COVER FROM WEST OF BARUN ROAD JOKHAN CHOUDHARY HOUSE TO CHHOTU PATWA CEMENT SHOP AND CONSTRUCTION OF PULIYA AT VINOD PRAJAPATI HOUSE AND NILKOTHI BANSWADI UNDER NAGAR PARISHAD DAUDNAGAR AURANGABAD,2393529.0,INR,INR,2020-09-04 05:44:42+00:00,2020-09-03T16:32:56.451000+00:00,2020-09-09T13:16:03+00:00,"EXECUTIVE OFFICER, DAUDNAGAR (EO)",EXECUTIVE OFFICER,NAGAR PARISHAD DAUDNAGAR,AT KASERA TOLI WARD NO 14 DAUDNAGAR,"EXECUTIVE OFFICER, DAUDNAGAR",EO,NAGAR PARISHAD DAUDNAGAR,47900.0,5000.0,590.0,True,"{'Flood': 0, 'Embankment': 0, 'embkt': 0, 'Relief': 0, 'Erosion': 0, 'SDRF': 0, 'Inundation': 0, 'Hydrology': 0, 'Silt': 0, 'Siltation': 0, 'Bund': 0, 'Trench': 0, 'Breach': 0, 'Culvert': 0, 'Sluice': 0, 'Dyke': 0, 'Storm water drain': 0, 'Emergency': 0, 'Immediate': 0, 'IM': 0, 'AE': 0, 'A E': 0, 'AAPDA MITRA': 0, 'Bridge': 0, 'River': 0, 'Drain': 2, 'Restoration': 0, 'Protection': 0, 'irr': 0, 'irrigation': 0, 'dam': 0, 'Nallah': 0, 'Retrofitting': 0, 'Pond': 0, 'Pokhari': 0, 'D/C': 0, 'Recharge shaft': 0, 'LFB': 0, 'RFB': 0}","{'Floodlight': 0, 'Flood Light': 0, 'GAS': 0, 'FIFA': 0, 'pipe': 0, 'pipes': 0, 'covid': 0, 'supply': 0, 'Beautification': 0, 'Installation': 0}",,,False,True,Others
3833,02/2020-21/13,CONSTRUCTION OF RCC DRAIN WITH COVER FROM GOLA ROAD NORTH DIRECTION BUCHADKHANA KANHAI YADAV FIELD TO BADRU MISRY HOUSE AND CONTRUCTION OF PULIYA AT MASTER MAHFUZ HOUSE UNDER NAGAR PARISAD DAUDNAGAR AURANGABAD,CONSTRUCTION OF RCC DRAIN WITH COVER FROM GOLA ROAD NORTH DIRECTION BUCHADKHANA KANHAI YADAV FIELD TO BADRU MISRY HOUSE AND CONTRUCTION OF PULIYA AT MASTER MAHFUZ HOUSE UNDER NAGAR PARISAD DAUDNAGAR AURANGABAD,1193904.0,INR,INR,2020-09-04 05:58:08+00:00,2020-09-03T17:37:41.302000+00:00,2020-09-08T09:30:48+00:00,"EXECUTIVE OFFICER, DAUDNAGAR (EO)",EXECUTIVE OFFICER,NAGAR PARISHAD DAUDNAGAR,AT KASERA TOLI WARD NO 14 DAUDNAGAR,"EXECUTIVE OFFICER, DAUDNAGAR",EO,NAGAR PARISHAD DAUDNAGAR,23900.0,2500.0,590.0,True,"{'Flood': 0, 'Embankment': 0, 'embkt': 0, 'Relief': 0, 'Erosion': 0, 'SDRF': 0, 'Inundation': 0, 'Hydrology': 0, 'Silt': 0, 'Siltation': 0, 'Bund': 0, 'Trench': 0, 'Breach': 0, 'Culvert': 0, 'Sluice': 0, 'Dyke': 0, 'Storm water drain': 0, 'Emergency': 0, 'Immediate': 0, 'IM': 0, 'AE': 0, 'A E': 0, 'AAPDA MITRA': 0, 'Bridge': 0, 'River': 0, 'Drain': 2, 'Restoration': 0, 'Protection': 0, 'irr': 0, 'irrigation': 0, 'dam': 0, 'Nallah': 0, 'Retrofitting': 0, 'Pond': 0, 'Pokhari': 0, 'D/C': 0, 'Recharge shaft': 0, 'LFB': 0, 'RFB': 0}","{'Floodlight': 0, 'Flood Light': 0, 'GAS': 0, 'FIFA': 0, 'pipe': 0, 'pipes': 0, 'covid': 0, 'supply': 0, 'Beautification': 0, 'Installation': 0}",,,False,True,Others
3823,02/2020-21/003,CONSTRUCTION OF RCC DRAIN WITH COVER FROM WEST OF BARUN ROAD CHHOTU CEMENT SHOP TO NATHUN KURESI HOUSE AND CONSTRUCTION OF PULIYA AT ABDUL SALAM KURES HOUSE AND YUNUS KURESI HOUSE UNDER NAGAR PARISAD DAUDNAGAR  AURANGABAD,CONSTRUCTION OF RCC DRAIN WITH COVER FROM WEST OF BARUN ROAD CHHOTU CEMENT SHOP TO NATHUN KURESI HOUSE AND CONSTRUCTION OF PULIYA AT ABDUL SALAM KURES HOUSE AND YUNUS KURESI HOUSE UNDER NAGAR PARISAD DAUDNAGAR  AURANGABAD,2375987.0,INR,INR,2020-09-04 05:46:08+00:00,2020-09-03T16:53:17.645000+00:00,2020-09-09T13:19:48+00:00,"EXECUTIVE OFFICER, DAUDNAGAR (EO)",EXECUTIVE OFFICER,NAGAR PARISHAD DAUDNAGAR,AT KASERA TOLI WARD NO 14 DAUDNAGAR,"EXECUTIVE OFFICER, DAUDNAGAR",EO,NAGAR PARISHAD DAUDNAGAR,47600.0,5000.0,590.0,True,"{'Flood': 0, 'Embankment': 0, 'embkt': 0, 'Relief': 0, 'Erosion': 0, 'SDRF': 0, 'Inundation': 0, 'Hydrology': 0, 'Silt': 0, 'Siltation': 0, 'Bund': 0, 'Trench': 0, 'Breach': 0, 'Culvert': 0, 'Sluice': 0, 'Dyke': 0, 'Storm water drain': 0, 'Emergency': 0, 'Immediate': 0, 'IM': 0, 'AE': 0, 'A E': 0, 'AAPDA MITRA': 0, 'Bridge': 0, 'River': 0, 'Drain': 2, 'Restoration': 0, 'Protection': 0, 'irr': 0, 'irrigation': 0, 'dam': 0, 'Nallah': 0, 'Retrofitting': 0, 'Pond': 0, 'Pokhari': 0, 'D/C': 0, 'Recharge shaft': 0, 'LFB': 0, 'RFB': 0}","{'Floodlight': 0, 'Flood Light': 0, 'GAS': 0, 'FIFA': 0, 'pipe': 0, 'pipes': 0, 'covid': 0, 'supply': 0, 'Beautification': 0, 'Installation': 0}",,,False,True,Others
3831,02/2020-21/11,CONSTRUCTION OF RCC DRAIN WITH COVER FROM EAST OF BARUN PIRAHIBAGH KABRISTAN NORTH DIRECTION WAKIL KURESI HOUSE TO FIELD AND CONSTRUCTION OF PULIYA AT KABRISTAN UNDER NAGAR PARISAD DAUDNAGAR AURANGABAD,CONSTRUCTION OF RCC DRAIN WITH COVER FROM EAST OF BARUN PIRAHIBAGH KABRISTAN NORTH DIRECTION WAKIL KURESI HOUSE TO FIELD AND CONSTRUCTION OF PULIYA AT KABRISTAN UNDER NAGAR PARISAD DAUDNAGAR AURANGABAD,2408305.0,INR,INR,2020-09-04 05:55:42+00:00,2020-09-03T17:27:21.864000+00:00,2020-09-09T13:53:51+00:00,"EXECUTIVE OFFICER, DAUDNAGAR (EO)",EXECUTIVE OFFICER,NAGAR PARISHAD DAUDNAGAR,AT KASERA TOLI WARD NO 14 DAUDNAGAR,"EXECUTIVE OFFICER, DAUDNAGAR",EO,NAGAR PARISHAD DAUDNAGAR,48200.0,5000.0,590.0,True,"{'Flood': 0, 'Embankment': 0, 'embkt': 0, 'Relief': 0, 'Erosion': 0, 'SDRF': 0, 'Inundation': 0, 'Hydrology': 0, 'Silt': 0, 'Siltation': 0, 'Bund': 0, 'Trench': 0, 'Breach': 0, 'Culvert': 0, 'Sluice': 0, 'Dyke': 0, 'Storm water drain': 0, 'Emergency': 0, 'Immediate': 0, 'IM': 0, 'AE': 0, 'A E': 0, 'AAPDA MITRA': 0, 'Bridge': 0, 'River': 0, 'Drain': 2, 'Restoration': 0, 'Protection': 0, 'irr': 0, 'irrigation': 0, 'dam': 0, 'Nallah': 0, 'Retrofitting': 0, 'Pond': 0, 'Pokhari': 0, 'D/C': 0, 'Recharge shaft': 0, 'LFB': 0, 'RFB': 0}","{'Floodlight': 0, 'Flood Light': 0, 'GAS': 0, 'FIFA': 0, 'pipe': 0, 'pipes': 0, 'covid': 0, 'supply': 0, 'Beautification': 0, 'Installation': 0}",,,False,True,Others
3834,02/2020-21/14,CONSTRUCTION OF RCC DRAIN WITH COVER FROM PIRAHI BAGH MORE TINMOHANI TO SANJAY YADAV HOUSE TO BARUN ROAD AND CONTRUCTION OF PULIYA AT MASTER MAHFUZ HOUSE UNDER NAGAR PARISAD DAUDNAGAR AURANGABAD,CONSTRUCTION OF RCC DRAIN WITH COVER FROM PIRAHI BAGH MORE TINMOHANI TO SANJAY YADAV HOUSE TO BARUN ROAD AND CONTRUCTION OF PULIYA AT MASTER MAHFUZ HOUSE UNDER NAGAR PARISAD DAUDNAGAR AURANGABAD,1193905.0,INR,INR,2020-09-04 05:59:19+00:00,2020-09-03T17:43:38.535000+00:00,2020-09-09T14:00:20+00:00,"EXECUTIVE OFFICER, DAUDNAGAR (EO)",EXECUTIVE OFFICER,NAGAR PARISHAD DAUDNAGAR,AT KASERA TOLI WARD NO 14 DAUDNAGAR,"EXECUTIVE OFFICER, DAUDNAGAR",EO,NAGAR PARISHAD DAUDNAGAR,23900.0,2500.0,590.0,True,"{'Flood': 0, 'Embankment': 0, 'embkt': 0, 'Relief': 0, 'Erosion': 0, 'SDRF': 0, 'Inundation': 0, 'Hydrology': 0, 'Silt': 0, 'Siltation': 0, 'Bund': 0, 'Trench': 0, 'Breach': 0, 'Culvert': 0, 'Sluice': 0, 'Dyke': 0, 'Storm water drain': 0, 'Emergency': 0, 'Immediate': 0, 'IM': 0, 'AE': 0, 'A E': 0, 'AAPDA MITRA': 0, 'Bridge': 0, 'River': 0, 'Drain': 2, 'Restoration': 0, 'Protection': 0, 'irr': 0, 'irrigation': 0, 'dam': 0, 'Nallah': 0, 'Retrofitting': 0, 'Pond': 0, 'Pokhari': 0, 'D/C': 0, 'Recharge shaft': 0, 'LFB': 0, 'RFB': 0}","{'Floodlight': 0, 'Flood Light': 0, 'GAS': 0, 'FIFA': 0, 'pipe': 0, 'pipes': 0, 'covid': 0, 'supply': 0, 'Beautification': 0, 'Installation': 0}",,,False,True,Others
3835,02/2020-21/15,CONSTRUCTION OF RCC DRAIN WITH COVER FROM NORTH OF MUSAFIR YADAV FIELD TO MD KHALID HOUSE TO PIRAHIBAGH MORE TINMOHANI UNDER NAGAR PARISAD DAUDNAGAR AURANGABAD,CONSTRUCTION OF RCC DRAIN WITH COVER FROM NORTH OF MUSAFIR YADAV FIELD TO MD KHALID HOUSE TO PIRAHIBAGH MORE TINMOHANI UNDER NAGAR PARISAD DAUDNAGAR AURANGABAD,1133665.0,INR,INR,2020-09-04 06:00:59+00:00,2020-09-03T17:46:53.801000+00:00,2020-09-08T09:30:48+00:00,"EXECUTIVE OFFICER, DAUDNAGAR (EO)",EXECUTIVE OFFICER,NAGAR PARISHAD DAUDNAGAR,AT KASERA TOLI WARD NO 14 DAUDNAGAR,"EXECUTIVE OFFICER, DAUDNAGAR",EO,NAGAR PARISHAD DAUDNAGAR,22700.0,2500.0,590.0,True,"{'Flood': 0, 'Embankment': 0, 'embkt': 0, 'Relief': 0, 'Erosion': 0, 'SDRF': 0, 'Inundation': 0, 'Hydrology': 0, 'Silt': 0, 'Siltation': 0, 'Bund': 0, 'Trench': 0, 'Breach': 0, 'Culvert': 0, 'Sluice': 0, 'Dyke': 0, 'Storm water drain': 0, 'Emergency': 0, 'Immediate': 0, 'IM': 0, 'AE': 0, 'A E': 0, 'AAPDA MITRA': 0, 'Bridge': 0, 'River': 0, 'Drain': 2, 'Restoration': 0, 'Protection': 0, 'irr': 0, 'irrigation': 0, 'dam': 0, 'Nallah': 0, 'Retrofitting': 0, 'Pond': 0, 'Pokhari': 0, 'D/C': 0, 'Recharge shaft': 0, 'LFB': 0, 'RFB': 0}","{'Floodlight': 0, 'Flood Light': 0, 'GAS': 0, 'FIFA': 0, 'pipe': 0, 'pipes': 0, 'covid': 0, 'supply': 0, 'Beautification': 0, 'Installation': 0}",,,False,True,Others
3836,02/2020-21/16,CONSTRUCTION OF RCC DRAIN WITH COVER AT CINEMA HALL CHAWK IN WARD NO 22 UNDER NAGAR PARISHAD DAUDNAGAR,CONSTRUCTION OF RCC DRAIN WITH COVER AT CINEMA HALL CHAWK IN WARD NO 22 UNDER NAGAR PARISHAD DAUDNAGAR,1291734.0,INR,INR,2020-09-04 06:07:23+00:00,2020-09-03T17:53:58.824000+00:00,2020-09-09T12:25:33+00:00,"EXECUTIVE OFFICER, DAUDNAGAR (EO)",EXECUTIVE OFFICER,NAGAR PARISHAD DAUDNAGAR,AT KASERA TOLI WARD NO 14 DAUDNAGAR,"EXECUTIVE OFFICER, DAUDNAGAR",EO,NAGAR PARISHAD DAUDNAGAR,25900.0,2500.0,590.0,True,"{'Flood': 0, 'Embankment': 0, 'embkt': 0, 'Relief': 0, 'Erosion': 0, 'SDRF': 0, 'Inundation': 0, 'Hydrology': 0, 'Silt': 0, 'Siltation': 0, 'Bund': 0, 'Trench': 0, 'Breach': 0, 'Culvert': 0, 'Sluice': 0, 'Dyke': 0, 'Storm water drain': 0, 'Emergency': 0, 'Immediate': 0, 'IM': 0, 'AE': 0, 'A E': 0, 'AAPDA MITRA': 0, 'Bridge': 0, 'River': 0, 'Drain': 2, 'Restoration': 0, 'Protection': 0, 'irr': 0, 'irrigation': 0, 'dam': 0, 'Nallah': 0, 'Retrofitting': 0, 'Pond': 0, 'Pokhari': 0, 'D/C': 0, 'Recharge shaft': 0, 'LFB': 0, 'RFB': 0}","{'Floodlight': 0, 'Flood Light': 0, 'GAS': 0, 'FIFA': 0, 'pipe': 0, 'pipes': 0, 'covid': 0, 'supply': 0, 'Beautification': 0, 'Installation': 0}",,,False,True,Others
3870,NIT09/2020-21/G-129/20,Construction of Road & Drain from Ramswarup Yadav to H/o Rampravesh Singh Advocate and H/o Kamaishwar Yadav to Naga bigha road and H/o Umesh Yadav to Dipak Kiran store in Ward no-05 under Nagar Parishad Aurangabad.,Construction of Road & Drain from Ramswarup Yadav to H/o Rampravesh Singh Advocate and H/o Kamaishwar Yadav to Naga bigha road and H/o Umesh Yadav to Dipak Kiran store in Ward no-05 under Nagar Parishad Aurangabad.,2146698.0,INR,INR,2020-09-04 15:00:33+00:00,2020-09-04T14:58:24.328000+00:00,2022-04-06T09:44:46+00:00,Sushil Kumar,Executive Officer,Municipal Council Aurangabad,"Near Block More, Aurangabad",Sushil Kumar,Executive Officer,Municipal Council Aurangabad,43500.0,5000.0,590.0,True,"{'Flood': 0, 'Embankment': 0, 'embkt': 0, 'Relief': 0, 'Erosion': 0, 'SDRF': 0, 'Inundation': 0, 'Hydrology': 0, 'Silt': 0, 'Siltation': 0, 'Bund': 0, 'Trench': 0, 'Breach': 0, 'Culvert': 0, 'Sluice': 0, 'Dyke': 0, 'Storm water drain': 0, 'Emergency': 0, 'Immediate': 0, 'IM': 0, 'AE': 0, 'A E': 0, 'AAPDA MITRA': 0, 'Bridge': 0, 'River': 0, 'Drain': 2, 'Restoration': 0, 'Protection': 0, 'irr': 0, 'irrigation': 0, 'dam': 0, 'Nallah': 0, 'Retrofitting': 0, 'Pond': 0, 'Pokhari': 0, 'D/C': 0, 'Recharge shaft': 0, 'LFB': 0, 'RFB': 0}","{'Floodlight': 0, 'Flood Light': 0, 'GAS': 0, 'FIFA': 0, 'pipe': 0, 'pipes': 0, 'covid': 0, 'supply': 0, 'Beautification': 0, 'Installation': 0}",,,False,True,Others
3868,NIT09/2020-21/G-127/20,"Construction of Road & Drain from H/o Vijay Saw, Mohan Ram, Karmu Singh and H/o Ajit Singh to Old G.T Road in Ward no-03 under Nagar Parishad Aurangabad.","Construction of Road & Drain from H/o Vijay Saw, Mohan Ram, Karmu Singh and H/o Ajit Singh to Old G.T Road in Ward no-03 under Nagar Parishad Aurangabad.",2434264.0,INR,INR,2020-09-04 14:55:31+00:00,2020-09-04T14:52:51.661000+00:00,2022-05-23T12:54:26+00:00,Sushil Kumar,Executive Officer,Municipal Council Aurangabad,"Near Block More, Aurangabad",Sushil Kumar,Executive Officer,Municipal Council Aurangabad,49500.0,5000.0,590.0,True,"{'Flood': 0, 'Embankment': 0, 'embkt': 0, 'Relief': 0, 'Erosion': 0, 'SDRF': 0, 'Inundation': 0, 'Hydrology': 0, 'Silt': 0, 'Siltation': 0, 'Bund': 0, 'Trench': 0, 'Breach': 0, 'Culvert': 0, 'Sluice': 0, 'Dyke': 0, 'Storm water drain': 0, 'Emergency': 0, 'Immediate': 0, 'IM': 0, 'AE': 0, 'A E': 0, 'AAPDA MITRA': 0, 'Bridge': 0, 'River': 0, 'Drain': 2, 'Restoration': 0, 'Protection': 0, 'irr': 0, 'irrigation': 0, 'dam': 0, 'Nallah': 0, 'Retrofitting': 0, 'Pond': 0, 'Pokhari': 0, 'D/C': 0, 'Recharge shaft': 0, 'LFB': 0, 'RFB': 0}","{'Floodlight': 0, 'Flood Light': 0, 'GAS': 0, 'FIFA': 0, 'pipe': 0, 'pipes': 0, 'covid': 0, 'supply': 0, 'Beautification': 0, 'Installation': 0}",,,False,True,Others
3869,NIT09/2020-21/G-128/20,"Construction of Road & Drain from H/o kameshwar Ram to H/o Manoj Singh via H/o Ramdev Ram, Mandip Ram, Manish Paswan & Prawesh Ram in Ward no-04 under Nagar Parishad Aurangabad.","Construction of Road & Drain from H/o kameshwar Ram to H/o Manoj Singh via H/o Ramdev Ram, Mandip Ram, Manish Paswan & Prawesh Ram in Ward no-04 under Nagar Parishad Aurangabad.",2363846.0,INR,INR,2020-09-04 14:58:00+00:00,2020-09-04T14:55:47.159000+00:00,2022-04-06T09:40:03+00:00,Sushil Kumar,Executive Officer,Municipal Council Aurangabad,"Near Block More, Aurangabad",Sushil Kumar,Executive Officer,Municipal Council Aurangabad,48000.0,5000.0,590.0,True,"{'Flood': 0, 'Embankment': 0, 'embkt': 0, 'Relief': 0, 'Erosion': 0, 'SDRF': 0, 'Inundation': 0, 'Hydrology': 0, 'Silt': 0, 'Siltation': 0, 'Bund': 0, 'Trench': 0, 'Breach': 0, 'Culvert': 0, 'Sluice': 0, 'Dyke': 0, 'Storm water drain': 0, 'Emergency': 0, 'Immediate': 0, 'IM': 0, 'AE': 0, 'A E': 0, 'AAPDA MITRA': 0, 'Bridge': 0, 'River': 0, 'Drain': 2, 'Restoration': 0, 'Protection': 0, 'irr': 0, 'irrigation': 0, 'dam': 0, 'Nallah': 0, 'Retrofitting': 0, 'Pond': 0, 'Pokhari': 0, 'D/C': 0, 'Recharge shaft': 0, 'LFB': 0, 'RFB': 0}","{'Floodlight': 0, 'Flood Light': 0, 'GAS': 0, 'FIFA': 0, 'pipe': 0, 'pipes': 0, 'covid': 0, 'supply': 0, 'Beautification': 0, 'Installation': 0}",,,False,True,Others
3873,NIT09/2020-21/G-132/20,"Construction of Road and Drain from behind H/o Sourabh Singh to Ajay Singh, H/o Bhola Ji to H/o Nawab and H/o Bhikhari Saw to Veer Kunwar Singh Path via H/o Kashi Ram and H/o Harihar Singh to main road in Ward no-11 under Nagar Parishad Aurangabad.","Construction of Road and Drain from behind H/o Sourabh Singh to Ajay Singh, H/o Bhola Ji to H/o Nawab and H/o Bhikhari Saw to Veer Kunwar Singh Path via H/o Kashi Ram and H/o Harihar Singh to main road in Ward no-11 under Nagar Parishad Aurangabad.",2482427.0,INR,INR,2020-09-04 15:09:25+00:00,2020-09-04T15:06:32.504000+00:00,2022-05-25T12:27:45+00:00,Sushil Kumar,Executive Officer,Municipal Council Aurangabad,"Near Block More, Aurangabad",Sushil Kumar,Executive Officer,Municipal Council Aurangabad,50000.0,5000.0,590.0,True,"{'Flood': 0, 'Embankment': 0, 'embkt': 0, 'Relief': 0, 'Erosion': 0, 'SDRF': 0, 'Inundation': 0, 'Hydrology': 0, 'Silt': 0, 'Siltation': 0, 'Bund': 0, 'Trench': 0, 'Breach': 0, 'Culvert': 0, 'Sluice': 0, 'Dyke': 0, 'Storm water drain': 0, 'Emergency': 0, 'Immediate': 0, 'IM': 0, 'AE': 0, 'A E': 0, 'AAPDA MITRA': 0, 'Bridge': 0, 'River': 0, 'Drain': 2, 'Restoration': 0, 'Protection': 0, 'irr': 0, 'irrigation': 0, 'dam': 0, 'Nallah': 0, 'Retrofitting': 0, 'Pond': 0, 'Pokhari': 0, 'D/C': 0, 'Recharge shaft': 0, 'LFB': 0, 'RFB': 0}","{'Floodlight': 0, 'Flood Light': 0, 'GAS': 0, 'FIFA': 0, 'pipe': 0, 'pipes': 0, 'covid': 0, 'supply': 0, 'Beautification': 0, 'Installation': 0}",,,False,True,Others
3875,06 SBD/2020-21,"Raising & Strengthening  of Eastern Kosi Embankment from Km 40.00 Km to Km 124.37 , Construction of Bituminous Road Over it and Construction/Renovation/Restoration of Structure  (A.F.S. Structure at Km 123.60)

TENDER  INVITATION NO 06/2020-21  SL. NO 22 SHOULD BY DEEMED DELETED. Letter No- 2175 dt 06.06.2019","Raising & Strengthening  of Eastern Kosi Embankment from Km 40.00 Km to Km 124.37 , Construction of Bituminous Road Over it and Construction/Renovation/Restoration of Structure  (A.F.S. Structure at Km 123.60)

TENDER  INVITATION NO 06/2020-21  SL. NO 22 SHOULD BY DEEMED DELETED. Letter No- 2175 dt 06.06.2019",647294411.0,INR,INR,2020-09-04 17:08:16+00:00,2020-09-04T15:25:02.726000+00:00,2020-09-15T10:35:41+00:00,"RAM BINAY SHARMA, CHANDRAYAN",EE,"eastern kosi embankment division, chandrayan",CHANDRAYAN,"SUPERINTENDING ENGINEER, EASTERN KOSI EMBANKMENT CIRCLE, SAHARSA",SE,"EASTERN KOSI EMBANKMENT CIRCLE, SAHARSA",7473000.0,10000.0,5900.0,True,"{'Flood': 0, 'Embankment': 2, 'embkt': 0, 'Relief': 0, 'Erosion': 0, 'SDRF': 0, 'Inundation': 0, 'Hydrology': 0, 'Silt': 0, 'Siltation': 0, 'Bund': 0, 'Trench': 0, 'Breach': 0, 'Culvert': 0, 'Sluice': 0, 'Dyke': 0, 'Storm water drain': 0, 'Emergency': 0, 'Immediate': 0, 'IM': 0, 'AE': 0, 'A E': 0, 'AAPDA MITRA': 0, 'Bridge': 0, 'River': 0, 'Drain': 0, 'Restoration': 2, 'Protection': 0, 'irr': 0, 'irrigation': 0, 'dam': 0, 'Nallah': 0, 'Retrofitting': 0, 'Pond': 0, 'Pokhari': 0, 'D/C': 0, 'Recharge shaft': 0, 'LFB': 0, 'RFB': 0}","{'Floodlight': 0, 'Flood Light': 0, 'GAS': 0, 'FIFA': 0, 'pipe': 0, 'pipes': 0, 'covid': 0, 'supply': 0, 'Beautification': 0, 'Installation': 0}",,,False,True,Repair and Restoration
3896,NPNARKAT04/2020-21,Construction of PCC Road and drain under block road  from the house of Natthu Sah  to the culvert near the house of Swati Ranjan. In Nagar Parishad Narkatiyaganj (West Champaran),Construction of PCC Road and drain under block road  from the house of Natthu Sah  to the culvert near the house of Swati Ranjan. In Nagar Parishad Narkatiyaganj (West Champaran),8426421.0,INR,INR,2020-09-05 17:51:44+00:00,2020-09-05T07:07:57.637000+00:00,2021-10-17T10:50:11+00:00,RITA KUMARI,EXECUTIVE OFFICER,Nagar panchayat kateya,Nagar panchayat kateya,RITA KUMARI,EXECUTIVE OFFICER,Narkatiyaganj Muncipal Council,168600.0,10000.0,3540.0,True,"{'Flood': 0, 'Embankment': 0, 'embkt': 0, 'Relief': 0, 'Erosion': 0, 'SDRF': 0, 'Inundation': 0, 'Hydrology': 0, 'Silt': 0, 'Siltation': 0, 'Bund': 0, 'Trench': 0, 'Breach': 0, 'Culvert': 2, 'Sluice': 0, 'Dyke': 0, 'Storm water drain': 0, 'Emergency': 0, 'Immediate': 0, 'IM': 0, 'AE': 0, 'A E': 0, 'AAPDA MITRA': 0, 'Bridge': 0, 'River': 0, 'Drain': 2, 'Restoration': 0, 'Protection': 0, 'irr': 0, 'irrigation': 0, 'dam': 0, 'Nallah': 0, 'Retrofitting': 0, 'Pond': 0, 'Pokhari': 0, 'D/C': 0, 'Recharge shaft': 0, 'LFB': 0, 'RFB': 0}","{'Floodlight': 0, 'Flood Light': 0, 'GAS': 0, 'FIFA': 0, 'pipe': 0, 'pipes': 0, 'covid': 0, 'supply': 0, 'Beautification': 0, 'Installation': 0}",,,False,True,Others
3880,NIT01/2020-21/Gr-74,Construction of PCC Road & RCC Drain from Pardesi Cardo Hotel to Ramdeo Mahto house in Ward no-19 (Detail as per NIT & BOQ),Construction of PCC Road & RCC Drain from Pardesi Cardo Hotel to Ramdeo Mahto house in Ward no-19 (Detail as per NIT & BOQ),11000800.0,INR,INR,2020-09-04 21:08:37+00:00,2020-09-04T21:03:32.090000+00:00,2020-09-25T06:52:11+00:00,"Aditya Kumar, Executive Officer, Saharsa",Executive Officer,"NAGAR PARISHAD, SAHARSA","GANGJALA, SAHARSA","Executive Officer, Saharsa",Executive Officer,"Nagar Parishad, Saharsa",220500.0,10000.0,3540.0,True,"{'Flood': 0, 'Embankment': 0, 'embkt': 0, 'Relief': 0, 'Erosion': 0, 'SDRF': 0, 'Inundation': 0, 'Hydrology': 0, 'Silt': 0, 'Siltation': 0, 'Bund': 0, 'Trench': 0, 'Breach': 0, 'Culvert': 0, 'Sluice': 0, 'Dyke': 0, 'Storm water drain': 0, 'Emergency': 0, 'Immediate': 0, 'IM': 0, 'AE': 0, 'A E': 0, 'AAPDA MITRA': 0, 'Bridge': 0, 'River': 0, 'Drain': 2, 'Restoration': 0, 'Protection': 0, 'irr': 0, 'irrigation': 0, 'dam': 0, 'Nallah': 0, 'Retrofitting': 0, 'Pond': 0, 'Pokhari': 0, 'D/C': 0, 'Recharge shaft': 0, 'LFB': 0, 'RFB': 0}","{'Floodlight': 0, 'Flood Light': 0, 'GAS': 0, 'FIFA': 0, 'pipe': 0, 'pipes': 0, 'covid': 0, 'supply': 0, 'Beautification': 0, 'Installation': 0}",,,False,True,Immediate Measures
3933,NIT NO -10/2020-21/G-03/NPNABINAGAR,Construction of Road & Drain from Mutur Bigha Transformer to Ramachandra Sharma house to Suryadev Pandey house to Bhagwat Pandey house to Manoj Ram house in Ward no-01 under NP Nabinagar.,Construction of Road & Drain from Mutur Bigha Transformer to Ramachandra Sharma house to Suryadev Pandey house to Bhagwat Pandey house to Manoj Ram house in Ward no-01 under NP Nabinagar.,3876373.0,INR,INR,2020-09-06 08:04:37+00:00,2020-09-06T05:47:42.313000+00:00,2020-09-19T08:38:22+00:00,Rishikesh Awasthi (Executive Office),EO,"Nagar Panchayat , Nabinagar","Near Police Station ,Nabinagar",Rishikesh Awasthi (Executive Officer),EO,"Nagar Panchayat , Nabinagar",77600.0,5000.0,590.0,True,"{'Flood': 0, 'Embankment': 0, 'embkt': 0, 'Relief': 0, 'Erosion': 0, 'SDRF': 0, 'Inundation': 0, 'Hydrology': 0, 'Silt': 0, 'Siltation': 0, 'Bund': 0, 'Trench': 0, 'Breach': 0, 'Culvert': 0, 'Sluice': 0, 'Dyke': 0, 'Storm water drain': 0, 'Emergency': 0, 'Immediate': 0, 'IM': 0, 'AE': 0, 'A E': 0, 'AAPDA MITRA': 0, 'Bridge': 0, 'River': 0, 'Drain': 2, 'Restoration': 0, 'Protection': 0, 'irr': 0, 'irrigation': 0, 'dam': 0, 'Nallah': 0, 'Retrofitting': 0, 'Pond': 0, 'Pokhari': 0, 'D/C': 0, 'Recharge shaft': 0, 'LFB': 0, 'RFB': 0}","{'Floodlight': 0, 'Flood Light': 0, 'GAS': 0, 'FIFA': 0, 'pipe': 0, 'pipes': 0, 'covid': 0, 'supply': 0, 'Beautification': 0, 'Installation': 0}",,,False,True,Others
3931,NIT NO -10/2020-21/G-02/NPNABINAGAR,Construction of Road & Drain from Ranga Bigha Vinod Rajak house to Naresh Singh house in Ward no-01 under NP Nabinagar.,Construction of Road & Drain from Ranga Bigha Vinod Rajak house to Naresh Singh house in Ward no-01 under NP Nabinagar.,3305694.0,INR,INR,2020-09-06 08:06:06+00:00,2020-09-06T05:44:46.488000+00:00,2020-09-19T09:28:34+00:00,Rishikesh Awasthi (Executive Office),EO,"Nagar Panchayat , Nabinagar","Near Police Station ,Nabinagar",Rishikesh Awasthi (Executive Officer),EO,"Nagar Panchayat , Nabinagar",66200.0,5000.0,590.0,True,"{'Flood': 0, 'Embankment': 0, 'embkt': 0, 'Relief': 0, 'Erosion': 0, 'SDRF': 0, 'Inundation': 0, 'Hydrology': 0, 'Silt': 0, 'Siltation': 0, 'Bund': 0, 'Trench': 0, 'Breach': 0, 'Culvert': 0, 'Sluice': 0, 'Dyke': 0, 'Storm water drain': 0, 'Emergency': 0, 'Immediate': 0, 'IM': 0, 'AE': 0, 'A E': 0, 'AAPDA MITRA': 0, 'Bridge': 0, 'River': 0, 'Drain': 2, 'Restoration': 0, 'Protection': 0, 'irr': 0, 'irrigation': 0, 'dam': 0, 'Nallah': 0, 'Retrofitting': 0, 'Pond': 0, 'Pokhari': 0, 'D/C': 0, 'Recharge shaft': 0, 'LFB': 0, 'RFB': 0}","{'Floodlight': 0, 'Flood Light': 0, 'GAS': 0, 'FIFA': 0, 'pipe': 0, 'pipes': 0, 'covid': 0, 'supply': 0, 'Beautification': 0, 'Installation': 0}",,,False,True,Others
3934,NIT NO -10/2020-21/G-04/NPNABINAGAR,Construction of Drain & drain covering the Pahad Bigha from the house of Suresh Ram to the house of Ijlam Mian in Ward no-01 under NP Nabinagar.,Construction of Drain & drain covering the Pahad Bigha from the house of Suresh Ram to the house of Ijlam Mian in Ward no-01 under NP Nabinagar.,3105348.0,INR,INR,2020-09-06 08:02:43+00:00,2020-09-06T05:50:42.124000+00:00,2020-09-19T08:05:02+00:00,Rishikesh Awasthi (Executive Office),EO,"Nagar Panchayat , Nabinagar","Near Police Station ,Nabinagar",Rishikesh Awasthi (Executive Officer),EO,"Nagar Panchayat , Nabinagar",62200.0,5000.0,590.0,True,"{'Flood': 0, 'Embankment': 0, 'embkt': 0, 'Relief': 0, 'Erosion': 0, 'SDRF': 0, 'Inundation': 0, 'Hydrology': 0, 'Silt': 0, 'Siltation': 0, 'Bund': 0, 'Trench': 0, 'Breach': 0, 'Culvert': 0, 'Sluice': 0, 'Dyke': 0, 'Storm water drain': 0, 'Emergency': 0, 'Immediate': 0, 'IM': 0, 'AE': 0, 'A E': 0, 'AAPDA MITRA': 0, 'Bridge': 0, 'River': 0, 'Drain': 4, 'Restoration': 0, 'Protection': 0, 'irr': 0, 'irrigation': 0, 'dam': 0, 'Nallah': 0, 'Retrofitting': 0, 'Pond': 0, 'Pokhari': 0, 'D/C': 0, 'Recharge shaft': 0, 'LFB': 0, 'RFB': 0}","{'Floodlight': 0, 'Flood Light': 0, 'GAS': 0, 'FIFA': 0, 'pipe': 0, 'pipes': 0, 'covid': 0, 'supply': 0, 'Beautification': 0, 'Installation': 0}",,,False,True,Others
3925,03/2020-21/DEHRI,"CONSTRUCTION OF SLR BRIDGE AT 11.25 K.M. IN RAASULPUR DISTRIBUTORY UNDER IRRIGATION SUB-DIVISION, KARGAHAR (DEHRI) (GROUP-01)","CONSTRUCTION OF SLR BRIDGE AT 11.25 K.M. IN RAASULPUR DISTRIBUTORY UNDER IRRIGATION SUB-DIVISION, KARGAHAR (DEHRI) (GROUP-01)",1484184.0,INR,INR,2020-09-05 16:46:04+00:00,2020-09-05T16:15:20.172000+00:00,2021-01-09T16:25:03+00:00,SATYENDRA NARAYAN SINGH,SE,"IRRIGATION MECHANICAL CIRCLE, GAYA, CAMP-DEHRI","IRRIGATION MECHANICAL CIRCLE, GAYA, CAMP-DEHRI",ASHOK KUMAR YADAV,SE,WATER RESOURCES DEPARTMENT,29700.0,2500.0,590.0,True,"{'Flood': 0, 'Embankment': 0, 'embkt': 0, 'Relief': 0, 'Erosion': 0, 'SDRF': 0, 'Inundation': 0, 'Hydrology': 0, 'Silt': 0, 'Siltation': 0, 'Bund': 0, 'Trench': 0, 'Breach': 0, 'Culvert': 0, 'Sluice': 0, 'Dyke': 0, 'Storm water drain': 0, 'Emergency': 0, 'Immediate': 0, 'IM': 0, 'AE': 0, 'A E': 0, 'AAPDA MITRA': 0, 'Bridge': 2, 'River': 0, 'Drain': 0, 'Restoration': 0, 'Protection': 0, 'irr': 0, 'irrigation': 2, 'dam': 0, 'Nallah': 0, 'Retrofitting': 0, 'Pond': 0, 'Pokhari': 0, 'D/C': 0, 'Recharge shaft': 0, 'LFB': 0, 'RFB': 0}","{'Floodlight': 0, 'Flood Light': 0, 'GAS': 0, 'FIFA': 0, 'pipe': 0, 'pipes': 0, 'covid': 0, 'supply': 0, 'Beautification': 0, 'Installation': 0}",,,False,True,Immediate Measures
3935,NIT NO -10/2020-21/G-05/NPNABINAGAR,Construction of Road & Drain from Shamsher house to Naushad house in Ward no-02 under NP Nabinagar.,Construction of Road & Drain from Shamsher house to Naushad house in Ward no-02 under NP Nabinagar.,2930812.0,INR,INR,2020-09-06 08:01:02+00:00,2020-09-06T05:52:38.914000+00:00,2020-09-19T07:30:58+00:00,Rishikesh Awasthi (Executive Office),EO,"Nagar Panchayat , Nabinagar","Near Police Station ,Nabinagar",Rishikesh Awasthi (Executive Officer),EO,"Nagar Panchayat , Nabinagar",58700.0,5000.0,590.0,True,"{'Flood': 0, 'Embankment': 0, 'embkt': 0, 'Relief': 0, 'Erosion': 0, 'SDRF': 0, 'Inundation': 0, 'Hydrology': 0, 'Silt': 0, 'Siltation': 0, 'Bund': 0, 'Trench': 0, 'Breach': 0, 'Culvert': 0, 'Sluice': 0, 'Dyke': 0, 'Storm water drain': 0, 'Emergency': 0, 'Immediate': 0, 'IM': 0, 'AE': 0, 'A E': 0, 'AAPDA MITRA': 0, 'Bridge': 0, 'River': 0, 'Drain': 2, 'Restoration': 0, 'Protection': 0, 'irr': 0, 'irrigation': 0, 'dam': 0, 'Nallah': 0, 'Retrofitting': 0, 'Pond': 0, 'Pokhari': 0, 'D/C': 0, 'Recharge shaft': 0, 'LFB': 0, 'RFB': 0}","{'Floodlight': 0, 'Flood Light': 0, 'GAS': 0, 'FIFA': 0, 'pipe': 0, 'pipes': 0, 'covid': 0, 'supply': 0, 'Beautification': 0, 'Installation': 0}",,,False,True,Others
3942,NIT NO -10/2020-21/G-10/NPNABINAGAR,Construction of PCC Road & Drain from Kurmi Pokhar Manoj Singh Chandravanshi house to Sita ram Yadav to Vijay Paswan house in Ward no-05 under NP Nabinagar.,Construction of PCC Road & Drain from Kurmi Pokhar Manoj Singh Chandravanshi house to Sita ram Yadav to Vijay Paswan house in Ward no-05 under NP Nabinagar.,3457468.0,INR,INR,2020-09-06 07:52:39+00:00,2020-09-06T06:09:46.821000+00:00,2020-09-19T05:14:41+00:00,Rishikesh Awasthi (Executive Office),EO,"Nagar Panchayat , Nabinagar","Near Police Station ,Nabinagar",Rishikesh Awasthi (Executive Officer),EO,"Nagar Panchayat , Nabinagar",69200.0,5000.0,590.0,True,"{'Flood': 0, 'Embankment': 0, 'embkt': 0, 'Relief': 0, 'Erosion': 0, 'SDRF': 0, 'Inundation': 0, 'Hydrology': 0, 'Silt': 0, 'Siltation': 0, 'Bund': 0, 'Trench': 0, 'Breach': 0, 'Culvert': 0, 'Sluice': 0, 'Dyke': 0, 'Storm water drain': 0, 'Emergency': 0, 'Immediate': 0, 'IM': 0, 'AE': 0, 'A E': 0, 'AAPDA MITRA': 0, 'Bridge': 0, 'River': 0, 'Drain': 2, 'Restoration': 0, 'Protection': 0, 'irr': 0, 'irrigation': 0, 'dam': 0, 'Nallah': 0, 'Retrofitting': 0, 'Pond': 0, 'Pokhari': 0, 'D/C': 0, 'Recharge shaft': 0, 'LFB': 0, 'RFB': 0}","{'Floodlight': 0, 'Flood Light': 0, 'GAS': 0, 'FIFA': 0, 'pipe': 0, 'pipes': 0, 'covid': 0, 'supply': 0, 'Beautification': 0, 'Installation': 0}",,,False,True,Others
3945,NIT NO -10/2020-21/G-12/NPNABINAGAR,Construction of Drain from Kharunda Mahboob Alam house to Fakhruddin Ansari's house via Azim Ansari's house to Mehboob Alam's house in Ward no-05 under NP Nabinagar.,Construction of Drain from Kharunda Mahboob Alam house to Fakhruddin Ansari's house via Azim Ansari's house to Mehboob Alam's house in Ward no-05 under NP Nabinagar.,3134975.0,INR,INR,2020-09-06 07:48:35+00:00,2020-09-06T06:15:55.701000+00:00,2020-09-18T12:16:45+00:00,Rishikesh Awasthi (Executive Office),EO,"Nagar Panchayat , Nabinagar","Near Police Station ,Nabinagar",Rishikesh Awasthi (Executive Officer),EO,"Nagar Panchayat , Nabinagar",62700.0,5000.0,590.0,True,"{'Flood': 0, 'Embankment': 0, 'embkt': 0, 'Relief': 0, 'Erosion': 0, 'SDRF': 0, 'Inundation': 0, 'Hydrology': 0, 'Silt': 0, 'Siltation': 0, 'Bund': 0, 'Trench': 0, 'Breach': 0, 'Culvert': 0, 'Sluice': 0, 'Dyke': 0, 'Storm water drain': 0, 'Emergency': 0, 'Immediate': 0, 'IM': 0, 'AE': 0, 'A E': 0, 'AAPDA MITRA': 0, 'Bridge': 0, 'River': 0, 'Drain': 2, 'Restoration': 0, 'Protection': 0, 'irr': 0, 'irrigation': 0, 'dam': 0, 'Nallah': 0, 'Retrofitting': 0, 'Pond': 0, 'Pokhari': 0, 'D/C': 0, 'Recharge shaft': 0, 'LFB': 0, 'RFB': 0}","{'Floodlight': 0, 'Flood Light': 0, 'GAS': 0, 'FIFA': 0, 'pipe': 0, 'pipes': 0, 'covid': 0, 'supply': 0, 'Beautification': 0, 'Installation': 0}",,,False,True,Immediate Measures
3939,NIT NO -10/2020-21/G-08/NPNABINAGAR,Construction of Road & Drain of Ramesh Singh house from Bablu Pal house to Suchitra Devi and Dhirendra Kumar Singh house in Ward no-04 under NP Nabinagar.,Construction of Road & Drain of Ramesh Singh house from Bablu Pal house to Suchitra Devi and Dhirendra Kumar Singh house in Ward no-04 under NP Nabinagar.,3343523.0,INR,INR,2020-09-06 07:55:38+00:00,2020-09-06T05:59:59.635000+00:00,2020-09-19T05:41:47+00:00,Rishikesh Awasthi (Executive Office),EO,"Nagar Panchayat , Nabinagar","Near Police Station ,Nabinagar",Rishikesh Awasthi (Executive Officer),EO,"Nagar Panchayat , Nabinagar",66900.0,5000.0,590.0,True,"{'Flood': 0, 'Embankment': 0, 'embkt': 0, 'Relief': 0, 'Erosion': 0, 'SDRF': 0, 'Inundation': 0, 'Hydrology': 0, 'Silt': 0, 'Siltation': 0, 'Bund': 0, 'Trench': 0, 'Breach': 0, 'Culvert': 0, 'Sluice': 0, 'Dyke': 0, 'Storm water drain': 0, 'Emergency': 0, 'Immediate': 0, 'IM': 0, 'AE': 0, 'A E': 0, 'AAPDA MITRA': 0, 'Bridge': 0, 'River': 0, 'Drain': 2, 'Restoration': 0, 'Protection': 0, 'irr': 0, 'irrigation': 0, 'dam': 0, 'Nallah': 0, 'Retrofitting': 0, 'Pond': 0, 'Pokhari': 0, 'D/C': 0, 'Recharge shaft': 0, 'LFB': 0, 'RFB': 0}","{'Floodlight': 0, 'Flood Light': 0, 'GAS': 0, 'FIFA': 0, 'pipe': 0, 'pipes': 0, 'covid': 0, 'supply': 0, 'Beautification': 0, 'Installation': 0}",,,False,True,Others
3950,NIT NO -10/2020-21/G-16/NPNABINAGAR,Construction of Drain covered drain from Nandkishore Singh to Canal through Ramnagar Rajendra Yadav's house to Ganesh Yadav's house and Fekan Ram's house in Ward no-05 under NP Nabinagar.,Construction of Drain covered drain from Nandkishore Singh to Canal through Ramnagar Rajendra Yadav's house to Ganesh Yadav's house and Fekan Ram's house in Ward no-05 under NP Nabinagar.,3082119.0,INR,INR,2020-09-06 07:41:45+00:00,2020-09-06T06:25:32.925000+00:00,2020-09-18T11:43:11+00:00,Rishikesh Awasthi (Executive Office),EO,"Nagar Panchayat , Nabinagar","Near Police Station ,Nabinagar",Rishikesh Awasthi (Executive Officer),EO,"Nagar Panchayat , Nabinagar",61700.0,5000.0,590.0,True,"{'Flood': 0, 'Embankment': 0, 'embkt': 0, 'Relief': 0, 'Erosion': 0, 'SDRF': 0, 'Inundation': 0, 'Hydrology': 0, 'Silt': 0, 'Siltation': 0, 'Bund': 0, 'Trench': 0, 'Breach': 0, 'Culvert': 0, 'Sluice': 0, 'Dyke': 0, 'Storm water drain': 0, 'Emergency': 0, 'Immediate': 0, 'IM': 0, 'AE': 0, 'A E': 0, 'AAPDA MITRA': 0, 'Bridge': 0, 'River': 0, 'Drain': 4, 'Restoration': 0, 'Protection': 0, 'irr': 0, 'irrigation': 0, 'dam': 0, 'Nallah': 0, 'Retrofitting': 0, 'Pond': 0, 'Pokhari': 0, 'D/C': 0, 'Recharge shaft': 0, 'LFB': 0, 'RFB': 0}","{'Floodlight': 0, 'Flood Light': 0, 'GAS': 0, 'FIFA': 0, 'pipe': 0, 'pipes': 0, 'covid': 0, 'supply': 0, 'Beautification': 0, 'Installation': 0}",,,False,True,Others
3936,NIT NO -10/2020-21/G-06/NPNABINAGAR,Construction of Drain from Vishnu Saw house to Sangam Studio via Amanat Mian's house in Ward no-03 under NP Nabinagar.,Construction of Drain from Vishnu Saw house to Sangam Studio via Amanat Mian's house in Ward no-03 under NP Nabinagar.,4384283.0,INR,INR,2020-09-06 07:59:12+00:00,2020-09-06T05:54:56.190000+00:00,2020-09-19T06:05:07+00:00,Rishikesh Awasthi (Executive Office),EO,"Nagar Panchayat , Nabinagar","Near Police Station ,Nabinagar",Rishikesh Awasthi (Executive Officer),EO,"Nagar Panchayat , Nabinagar",87700.0,5000.0,590.0,True,"{'Flood': 0, 'Embankment': 0, 'embkt': 0, 'Relief': 0, 'Erosion': 0, 'SDRF': 0, 'Inundation': 0, 'Hydrology': 0, 'Silt': 0, 'Siltation': 0, 'Bund': 0, 'Trench': 0, 'Breach': 0, 'Culvert': 0, 'Sluice': 0, 'Dyke': 0, 'Storm water drain': 0, 'Emergency': 0, 'Immediate': 0, 'IM': 0, 'AE': 0, 'A E': 0, 'AAPDA MITRA': 0, 'Bridge': 0, 'River': 0, 'Drain': 2, 'Restoration': 0, 'Protection': 0, 'irr': 0, 'irrigation': 0, 'dam': 0, 'Nallah': 0, 'Retrofitting': 0, 'Pond': 0, 'Pokhari': 0, 'D/C': 0, 'Recharge shaft': 0, 'LFB': 0, 'RFB': 0}","{'Floodlight': 0, 'Flood Light': 0, 'GAS': 0, 'FIFA': 0, 'pipe': 0, 'pipes': 0, 'covid': 0, 'supply': 0, 'Beautification': 0, 'Installation': 0}",,,False,True,Others
3946,NIT NO -10/2020-21/G-13/NPNABINAGAR,Construction of Drain from Gurdi Dhadaka Singh's house to Pravesh Sharma's house and Uday Paswan's house to Sanjay Singh's house and Uday Paswan's house to Krishna Singh's house under NP Nabinagar.,Construction of Drain from Gurdi Dhadaka Singh's house to Pravesh Sharma's house and Uday Paswan's house to Sanjay Singh's house and Uday Paswan's house to Krishna Singh's house under NP Nabinagar.,3046888.0,INR,INR,2020-09-06 07:46:41+00:00,2020-09-06T06:17:54.065000+00:00,2020-09-18T12:21:25+00:00,Rishikesh Awasthi (Executive Office),EO,"Nagar Panchayat , Nabinagar","Near Police Station ,Nabinagar",Rishikesh Awasthi (Executive Officer),EO,"Nagar Panchayat , Nabinagar",61000.0,5000.0,590.0,True,"{'Flood': 0, 'Embankment': 0, 'embkt': 0, 'Relief': 0, 'Erosion': 0, 'SDRF': 0, 'Inundation': 0, 'Hydrology': 0, 'Silt': 0, 'Siltation': 0, 'Bund': 0, 'Trench': 0, 'Breach': 0, 'Culvert': 0, 'Sluice': 0, 'Dyke': 0, 'Storm water drain': 0, 'Emergency': 0, 'Immediate': 0, 'IM': 0, 'AE': 0, 'A E': 0, 'AAPDA MITRA': 0, 'Bridge': 0, 'River': 0, 'Drain': 2, 'Restoration': 0, 'Protection': 0, 'irr': 0, 'irrigation': 0, 'dam': 0, 'Nallah': 0, 'Retrofitting': 0, 'Pond': 0, 'Pokhari': 0, 'D/C': 0, 'Recharge shaft': 0, 'LFB': 0, 'RFB': 0}","{'Floodlight': 0, 'Flood Light': 0, 'GAS': 0, 'FIFA': 0, 'pipe': 0, 'pipes': 0, 'covid': 0, 'supply': 0, 'Beautification': 0, 'Installation': 0}",,,False,True,Others
3956,NIT NO -10/2020-21/G-21/NPNABINAGAR,"Construction of Pcc Road & Drain from Mahip bigha mohalla in Pramod Gupta house in Sant Singh, Pramod Singh house to Sunil Singh in Ward no-06 under NP Nabinagar.","Construction of Pcc Road & Drain from Mahip bigha mohalla in Pramod Gupta house in Sant Singh, Pramod Singh house to Sunil Singh in Ward no-06 under NP Nabinagar.",4511378.0,INR,INR,2020-09-06 07:33:03+00:00,2020-09-06T06:35:43.465000+00:00,2020-09-18T07:26:41+00:00,Rishikesh Awasthi (Executive Office),EO,"Nagar Panchayat , Nabinagar","Near Police Station ,Nabinagar",Rishikesh Awasthi (Executive Officer),EO,"Nagar Panchayat , Nabinagar",90300.0,5000.0,590.0,True,"{'Flood': 0, 'Embankment': 0, 'embkt': 0, 'Relief': 0, 'Erosion': 0, 'SDRF': 0, 'Inundation': 0, 'Hydrology': 0, 'Silt': 0, 'Siltation': 0, 'Bund': 0, 'Trench': 0, 'Breach': 0, 'Culvert': 0, 'Sluice': 0, 'Dyke': 0, 'Storm water drain': 0, 'Emergency': 0, 'Immediate': 0, 'IM': 0, 'AE': 0, 'A E': 0, 'AAPDA MITRA': 0, 'Bridge': 0, 'River': 0, 'Drain': 2, 'Restoration': 0, 'Protection': 0, 'irr': 0, 'irrigation': 0, 'dam': 0, 'Nallah': 0, 'Retrofitting': 0, 'Pond': 0, 'Pokhari': 0, 'D/C': 0, 'Recharge shaft': 0, 'LFB': 0, 'RFB': 0}","{'Floodlight': 0, 'Flood Light': 0, 'GAS': 0, 'FIFA': 0, 'pipe': 0, 'pipes': 0, 'covid': 0, 'supply': 0, 'Beautification': 0, 'Installation': 0}",,,False,True,Others
3955,NIT NO -10/2020-21/G-20/NPNABINAGAR,"Construction of Pcc Road & Drain to Hemant Singh, Dadan Singh's house in the house of Shiv Narayan Singh in the street of Dr. Arjun Singh in Ward no-06 under NP Nabinagar.","Construction of Pcc Road & Drain to Hemant Singh, Dadan Singh's house in the house of Shiv Narayan Singh in the street of Dr. Arjun Singh in Ward no-06 under NP Nabinagar.",2822719.0,INR,INR,2020-09-06 07:34:37+00:00,2020-09-06T06:33:44.331000+00:00,2020-09-18T07:46:04+00:00,Rishikesh Awasthi (Executive Office),EO,"Nagar Panchayat , Nabinagar","Near Police Station ,Nabinagar",Rishikesh Awasthi (Executive Officer),EO,"Nagar Panchayat , Nabinagar",56500.0,5000.0,590.0,True,"{'Flood': 0, 'Embankment': 0, 'embkt': 0, 'Relief': 0, 'Erosion': 0, 'SDRF': 0, 'Inundation': 0, 'Hydrology': 0, 'Silt': 0, 'Siltation': 0, 'Bund': 0, 'Trench': 0, 'Breach': 0, 'Culvert': 0, 'Sluice': 0, 'Dyke': 0, 'Storm water drain': 0, 'Emergency': 0, 'Immediate': 0, 'IM': 0, 'AE': 0, 'A E': 0, 'AAPDA MITRA': 0, 'Bridge': 0, 'River': 0, 'Drain': 2, 'Restoration': 0, 'Protection': 0, 'irr': 0, 'irrigation': 0, 'dam': 0, 'Nallah': 0, 'Retrofitting': 0, 'Pond': 0, 'Pokhari': 0, 'D/C': 0, 'Recharge shaft': 0, 'LFB': 0, 'RFB': 0}","{'Floodlight': 0, 'Flood Light': 0, 'GAS': 0, 'FIFA': 0, 'pipe': 0, 'pipes': 0, 'covid': 0, 'supply': 0, 'Beautification': 0, 'Installation': 0}",,,False,True,Others
3954,NIT NO -10/2020-21/G-19/NPNABINAGAR,Construction of Pcc Road & Drain from Mahip Bhigha PCC path to Ramniwash Singh's house to Pramod Gupta's house in Ward no-06 under NP Nabinagar.,Construction of Pcc Road & Drain from Mahip Bhigha PCC path to Ramniwash Singh's house to Pramod Gupta's house in Ward no-06 under NP Nabinagar.,4875574.0,INR,INR,2020-09-06 07:37:48+00:00,2020-09-06T06:31:25.950000+00:00,2020-09-18T09:57:15+00:00,Rishikesh Awasthi (Executive Office),EO,"Nagar Panchayat , Nabinagar","Near Police Station ,Nabinagar",Rishikesh Awasthi (Executive Officer),EO,"Nagar Panchayat , Nabinagar",97600.0,5000.0,590.0,True,"{'Flood': 0, 'Embankment': 0, 'embkt': 0, 'Relief': 0, 'Erosion': 0, 'SDRF': 0, 'Inundation': 0, 'Hydrology': 0, 'Silt': 0, 'Siltation': 0, 'Bund': 0, 'Trench': 0, 'Breach': 0, 'Culvert': 0, 'Sluice': 0, 'Dyke': 0, 'Storm water drain': 0, 'Emergency': 0, 'Immediate': 0, 'IM': 0, 'AE': 0, 'A E': 0, 'AAPDA MITRA': 0, 'Bridge': 0, 'River': 0, 'Drain': 2, 'Restoration': 0, 'Protection': 0, 'irr': 0, 'irrigation': 0, 'dam': 0, 'Nallah': 0, 'Retrofitting': 0, 'Pond': 0, 'Pokhari': 0, 'D/C': 0, 'Recharge shaft': 0, 'LFB': 0, 'RFB': 0}","{'Floodlight': 0, 'Flood Light': 0, 'GAS': 0, 'FIFA': 0, 'pipe': 0, 'pipes': 0, 'covid': 0, 'supply': 0, 'Beautification': 0, 'Installation': 0}",,,False,True,Others
3951,NIT NO -10/2020-21/G-17/NPNABINAGAR,Construction of Road & Drain from village Tilhapur Tandwa PWD path to Nandkishore Chandravanshi house to Lalan Chandravanshi via bigoo Singh house in Ward no-06 under NP Nabinagar.,Construction of Road & Drain from village Tilhapur Tandwa PWD path to Nandkishore Chandravanshi house to Lalan Chandravanshi via bigoo Singh house in Ward no-06 under NP Nabinagar.,4844108.0,INR,INR,2020-09-06 07:40:28+00:00,2020-09-06T06:27:33.727000+00:00,2020-09-18T11:41:03+00:00,Rishikesh Awasthi (Executive Office),EO,"Nagar Panchayat , Nabinagar","Near Police Station ,Nabinagar",Rishikesh Awasthi (Executive Officer),EO,"Nagar Panchayat , Nabinagar",96900.0,5000.0,590.0,True,"{'Flood': 0, 'Embankment': 0, 'embkt': 0, 'Relief': 0, 'Erosion': 0, 'SDRF': 0, 'Inundation': 0, 'Hydrology': 0, 'Silt': 0, 'Siltation': 0, 'Bund': 0, 'Trench': 0, 'Breach': 0, 'Culvert': 0, 'Sluice': 0, 'Dyke': 0, 'Storm water drain': 0, 'Emergency': 0, 'Immediate': 0, 'IM': 0, 'AE': 0, 'A E': 0, 'AAPDA MITRA': 0, 'Bridge': 0, 'River': 0, 'Drain': 2, 'Restoration': 0, 'Protection': 0, 'irr': 0, 'irrigation': 0, 'dam': 0, 'Nallah': 0, 'Retrofitting': 0, 'Pond': 0, 'Pokhari': 0, 'D/C': 0, 'Recharge shaft': 0, 'LFB': 0, 'RFB': 0}","{'Floodlight': 0, 'Flood Light': 0, 'GAS': 0, 'FIFA': 0, 'pipe': 0, 'pipes': 0, 'covid': 0, 'supply': 0, 'Beautification': 0, 'Installation': 0}",,,False,True,Others
3953,NIT NO -10/2020-21/G-18/NPNABINAGAR,Construction of Pcc Road & Drain fromTandwa Ambika Singh's house to Rampukar Singh via Uday Singh's house in Ward no-06 under NP Nabinagar.,Construction of Pcc Road & Drain fromTandwa Ambika Singh's house to Rampukar Singh via Uday Singh's house in Ward no-06 under NP Nabinagar.,2822719.0,INR,INR,2020-09-06 07:39:09+00:00,2020-09-06T06:29:31.965000+00:00,2020-09-18T10:51:35+00:00,Rishikesh Awasthi (Executive Office),EO,"Nagar Panchayat , Nabinagar","Near Police Station ,Nabinagar",Rishikesh Awasthi (Executive Officer),EO,"Nagar Panchayat , Nabinagar",56500.0,5000.0,590.0,True,"{'Flood': 0, 'Embankment': 0, 'embkt': 0, 'Relief': 0, 'Erosion': 0, 'SDRF': 0, 'Inundation': 0, 'Hydrology': 0, 'Silt': 0, 'Siltation': 0, 'Bund': 0, 'Trench': 0, 'Breach': 0, 'Culvert': 0, 'Sluice': 0, 'Dyke': 0, 'Storm water drain': 0, 'Emergency': 0, 'Immediate': 0, 'IM': 0, 'AE': 0, 'A E': 0, 'AAPDA MITRA': 0, 'Bridge': 0, 'River': 0, 'Drain': 2, 'Restoration': 0, 'Protection': 0, 'irr': 0, 'irrigation': 0, 'dam': 0, 'Nallah': 0, 'Retrofitting': 0, 'Pond': 0, 'Pokhari': 0, 'D/C': 0, 'Recharge shaft': 0, 'LFB': 0, 'RFB': 0}","{'Floodlight': 0, 'Flood Light': 0, 'GAS': 0, 'FIFA': 0, 'pipe': 0, 'pipes': 0, 'covid': 0, 'supply': 0, 'Beautification': 0, 'Installation': 0}",,,False,True,Others
3957,NIT NO -10/2020-21/G-22/NPNABINAGAR,Construction of Road & Drain from Bhagwat Pandey's house in Murali Belai to Lakshman Ram's house to Santosh Pandey's house in Ward no-11 under NP Nabinagar.,Construction of Road & Drain from Bhagwat Pandey's house in Murali Belai to Lakshman Ram's house to Santosh Pandey's house in Ward no-11 under NP Nabinagar.,4944756.0,INR,INR,2020-09-06 07:31:20+00:00,2020-09-06T06:37:38.952000+00:00,2020-09-18T07:04:29+00:00,Rishikesh Awasthi (Executive Office),EO,"Nagar Panchayat , Nabinagar","Near Police Station ,Nabinagar",Rishikesh Awasthi (Executive Officer),EO,"Nagar Panchayat , Nabinagar",98900.0,5000.0,590.0,True,"{'Flood': 0, 'Embankment': 0, 'embkt': 0, 'Relief': 0, 'Erosion': 0, 'SDRF': 0, 'Inundation': 0, 'Hydrology': 0, 'Silt': 0, 'Siltation': 0, 'Bund': 0, 'Trench': 0, 'Breach': 0, 'Culvert': 0, 'Sluice': 0, 'Dyke': 0, 'Storm water drain': 0, 'Emergency': 0, 'Immediate': 0, 'IM': 0, 'AE': 0, 'A E': 0, 'AAPDA MITRA': 0, 'Bridge': 0, 'River': 0, 'Drain': 2, 'Restoration': 0, 'Protection': 0, 'irr': 0, 'irrigation': 0, 'dam': 0, 'Nallah': 0, 'Retrofitting': 0, 'Pond': 0, 'Pokhari': 0, 'D/C': 0, 'Recharge shaft': 0, 'LFB': 0, 'RFB': 0}","{'Floodlight': 0, 'Flood Light': 0, 'GAS': 0, 'FIFA': 0, 'pipe': 0, 'pipes': 0, 'covid': 0, 'supply': 0, 'Beautification': 0, 'Installation': 0}",,,False,True,Others
3960,NIT NO -10/2020-21/G-24/NPNABINAGAR,Construction of Road & Drain from  from Mali Pariyama Road to Satyanarayan Singh's house to Santosh Singh's house in Ward no-11 under NP Nabinagar.,Construction of Road & Drain from  from Mali Pariyama Road to Satyanarayan Singh's house to Santosh Singh's house in Ward no-11 under NP Nabinagar.,4747042.0,INR,INR,2020-09-06 07:28:22+00:00,2020-09-06T06:42:11.644000+00:00,2020-09-17T11:16:24+00:00,Rishikesh Awasthi (Executive Office),EO,"Nagar Panchayat , Nabinagar","Near Police Station ,Nabinagar",Rishikesh Awasthi (Executive Officer),EO,"Nagar Panchayat , Nabinagar",95000.0,5000.0,590.0,True,"{'Flood': 0, 'Embankment': 0, 'embkt': 0, 'Relief': 0, 'Erosion': 0, 'SDRF': 0, 'Inundation': 0, 'Hydrology': 0, 'Silt': 0, 'Siltation': 0, 'Bund': 0, 'Trench': 0, 'Breach': 0, 'Culvert': 0, 'Sluice': 0, 'Dyke': 0, 'Storm water drain': 0, 'Emergency': 0, 'Immediate': 0, 'IM': 0, 'AE': 0, 'A E': 0, 'AAPDA MITRA': 0, 'Bridge': 0, 'River': 0, 'Drain': 2, 'Restoration': 0, 'Protection': 0, 'irr': 0, 'irrigation': 0, 'dam': 0, 'Nallah': 0, 'Retrofitting': 0, 'Pond': 0, 'Pokhari': 0, 'D/C': 0, 'Recharge shaft': 0, 'LFB': 0, 'RFB': 0}","{'Floodlight': 0, 'Flood Light': 0, 'GAS': 0, 'FIFA': 0, 'pipe': 0, 'pipes': 0, 'covid': 0, 'supply': 0, 'Beautification': 0, 'Installation': 0}",,,False,True,Others
3961,NIT NO -10/2020-21/G-25/NPNABINAGAR,Construction of Road and culverts from Budhi Dam School to Punpun River in Ward No 11 under NP Nabinagar.,Construction of Road and culverts from Budhi Dam School to Punpun River in Ward No 11 under NP Nabinagar.,4170668.0,INR,INR,2020-09-06 07:26:45+00:00,2020-09-06T06:44:24.291000+00:00,2020-09-17T10:48:47+00:00,Rishikesh Awasthi (Executive Office),EO,"Nagar Panchayat , Nabinagar","Near Police Station ,Nabinagar",Rishikesh Awasthi (Executive Officer),EO,"Nagar Panchayat , Nabinagar",83500.0,5000.0,590.0,True,"{'Flood': 0, 'Embankment': 0, 'embkt': 0, 'Relief': 0, 'Erosion': 0, 'SDRF': 0, 'Inundation': 0, 'Hydrology': 0, 'Silt': 0, 'Siltation': 0, 'Bund': 0, 'Trench': 0, 'Breach': 0, 'Culvert': 0, 'Sluice': 0, 'Dyke': 0, 'Storm water drain': 0, 'Emergency': 0, 'Immediate': 0, 'IM': 0, 'AE': 0, 'A E': 0, 'AAPDA MITRA': 0, 'Bridge': 0, 'River': 2, 'Drain': 0, 'Restoration': 0, 'Protection': 0, 'irr': 0, 'irrigation': 0, 'dam': 2, 'Nallah': 0, 'Retrofitting': 0, 'Pond': 0, 'Pokhari': 0, 'D/C': 0, 'Recharge shaft': 0, 'LFB': 0, 'RFB': 0}","{'Floodlight': 0, 'Flood Light': 0, 'GAS': 0, 'FIFA': 0, 'pipe': 0, 'pipes': 0, 'covid': 0, 'supply': 0, 'Beautification': 0, 'Installation': 0}",,,False,True,Others
3958,NIT NO -10/2020-21/G-23/NPNABINAGAR,Construction of Road & Drain up to Mahendra Pal's house via Budhi Dam Shivpujan Pal's house to Laddu Miya house in Ward no-11 under NP Nabinagar.,Construction of Road & Drain up to Mahendra Pal's house via Budhi Dam Shivpujan Pal's house to Laddu Miya house in Ward no-11 under NP Nabinagar.,4316151.0,INR,INR,2020-09-06 07:29:55+00:00,2020-09-06T06:39:31.404000+00:00,2020-09-18T06:33:25+00:00,Rishikesh Awasthi (Executive Office),EO,"Nagar Panchayat , Nabinagar","Near Police Station ,Nabinagar",Rishikesh Awasthi (Executive Officer),EO,"Nagar Panchayat , Nabinagar",86400.0,5000.0,590.0,True,"{'Flood': 0, 'Embankment': 0, 'embkt': 0, 'Relief': 0, 'Erosion': 0, 'SDRF': 0, 'Inundation': 0, 'Hydrology': 0, 'Silt': 0, 'Siltation': 0, 'Bund': 0, 'Trench': 0, 'Breach': 0, 'Culvert': 0, 'Sluice': 0, 'Dyke': 0, 'Storm water drain': 0, 'Emergency': 0, 'Immediate': 0, 'IM': 0, 'AE': 0, 'A E': 0, 'AAPDA MITRA': 0, 'Bridge': 0, 'River': 0, 'Drain': 2, 'Restoration': 0, 'Protection': 0, 'irr': 0, 'irrigation': 0, 'dam': 2, 'Nallah': 0, 'Retrofitting': 0, 'Pond': 0, 'Pokhari': 0, 'D/C': 0, 'Recharge shaft': 0, 'LFB': 0, 'RFB': 0}","{'Floodlight': 0, 'Flood Light': 0, 'GAS': 0, 'FIFA': 0, 'pipe': 0, 'pipes': 0, 'covid': 0, 'supply': 0, 'Beautification': 0, 'Installation': 0}",,,False,True,Others
3967,NIT NO -10/2020-21/G-28/NPNABINAGAR,Construction of Road & Drain from Anandua PWD Kandi path to Satyavijay and Rana Singh's house and from Anandua Manish Singh's house to PWD Kandi path and Shankar Mandr to Rakeshwar Singh's house in Ward no-13 under NP Nabinagar.,Construction of Road & Drain from Anandua PWD Kandi path to Satyavijay and Rana Singh's house and from Anandua Manish Singh's house to PWD Kandi path and Shankar Mandr to Rakeshwar Singh's house in Ward no-13 under NP Nabinagar.,3121330.0,INR,INR,2020-09-06 07:20:48+00:00,2020-09-06T06:55:19.009000+00:00,2020-09-17T09:13:19+00:00,Rishikesh Awasthi (Executive Office),EO,"Nagar Panchayat , Nabinagar","Near Police Station ,Nabinagar",Rishikesh Awasthi (Executive Officer),EO,"Nagar Panchayat , Nabinagar",62500.0,5000.0,590.0,True,"{'Flood': 0, 'Embankment': 0, 'embkt': 0, 'Relief': 0, 'Erosion': 0, 'SDRF': 0, 'Inundation': 0, 'Hydrology': 0, 'Silt': 0, 'Siltation': 0, 'Bund': 0, 'Trench': 0, 'Breach': 0, 'Culvert': 0, 'Sluice': 0, 'Dyke': 0, 'Storm water drain': 0, 'Emergency': 0, 'Immediate': 0, 'IM': 0, 'AE': 0, 'A E': 0, 'AAPDA MITRA': 0, 'Bridge': 0, 'River': 0, 'Drain': 2, 'Restoration': 0, 'Protection': 0, 'irr': 0, 'irrigation': 0, 'dam': 0, 'Nallah': 0, 'Retrofitting': 0, 'Pond': 0, 'Pokhari': 0, 'D/C': 0, 'Recharge shaft': 0, 'LFB': 0, 'RFB': 0}","{'Floodlight': 0, 'Flood Light': 0, 'GAS': 0, 'FIFA': 0, 'pipe': 0, 'pipes': 0, 'covid': 0, 'supply': 0, 'Beautification': 0, 'Installation': 0}",,,False,True,Others
3962,NIT NO -10/2020-21/G-26/NPNABINAGAR,Construction of Road & Drain from the house of Vishwanath Mali to the house of Rameshwar Saw and from the house of Laddu Khan to the house of Gopal Chaudhary in Ward no-12 under NP Nabinagar.,Construction of Road & Drain from the house of Vishwanath Mali to the house of Rameshwar Saw and from the house of Laddu Khan to the house of Gopal Chaudhary in Ward no-12 under NP Nabinagar.,3256950.0,INR,INR,2020-09-06 07:24:19+00:00,2020-09-06T06:46:48.969000+00:00,2020-09-17T10:17:55+00:00,Rishikesh Awasthi (Executive Office),EO,"Nagar Panchayat , Nabinagar","Near Police Station ,Nabinagar",Rishikesh Awasthi (Executive Officer),EO,"Nagar Panchayat , Nabinagar",65200.0,5000.0,590.0,True,"{'Flood': 0, 'Embankment': 0, 'embkt': 0, 'Relief': 0, 'Erosion': 0, 'SDRF': 0, 'Inundation': 0, 'Hydrology': 0, 'Silt': 0, 'Siltation': 0, 'Bund': 0, 'Trench': 0, 'Breach': 0, 'Culvert': 0, 'Sluice': 0, 'Dyke': 0, 'Storm water drain': 0, 'Emergency': 0, 'Immediate': 0, 'IM': 0, 'AE': 0, 'A E': 0, 'AAPDA MITRA': 0, 'Bridge': 0, 'River': 0, 'Drain': 2, 'Restoration': 0, 'Protection': 0, 'irr': 0, 'irrigation': 0, 'dam': 0, 'Nallah': 0, 'Retrofitting': 0, 'Pond': 0, 'Pokhari': 0, 'D/C': 0, 'Recharge shaft': 0, 'LFB': 0, 'RFB': 0}","{'Floodlight': 0, 'Flood Light': 0, 'GAS': 0, 'FIFA': 0, 'pipe': 0, 'pipes': 0, 'covid': 0, 'supply': 0, 'Beautification': 0, 'Installation': 0}",,,False,True,Others
3971,NIT NO -10/2020-21/G-31/NPNABINAGAR,Construction of Drain from Ramchandra Saw house up to the Bhan Khap village of Punpun River in Ward no-14 under NP Nabinagar.,Construction of Drain from Ramchandra Saw house up to the Bhan Khap village of Punpun River in Ward no-14 under NP Nabinagar.,3134398.0,INR,INR,2020-09-06 07:15:57+00:00,2020-09-06T07:01:44.521000+00:00,2020-09-15T08:01:03+00:00,Rishikesh Awasthi (Executive Office),EO,"Nagar Panchayat , Nabinagar","Near Police Station ,Nabinagar",Rishikesh Awasthi (Executive Officer),EO,"Nagar Panchayat , Nabinagar",62700.0,5000.0,590.0,True,"{'Flood': 0, 'Embankment': 0, 'embkt': 0, 'Relief': 0, 'Erosion': 0, 'SDRF': 0, 'Inundation': 0, 'Hydrology': 0, 'Silt': 0, 'Siltation': 0, 'Bund': 0, 'Trench': 0, 'Breach': 0, 'Culvert': 0, 'Sluice': 0, 'Dyke': 0, 'Storm water drain': 0, 'Emergency': 0, 'Immediate': 0, 'IM': 0, 'AE': 0, 'A E': 0, 'AAPDA MITRA': 0, 'Bridge': 0, 'River': 2, 'Drain': 2, 'Restoration': 0, 'Protection': 0, 'irr': 0, 'irrigation': 0, 'dam': 0, 'Nallah': 0, 'Retrofitting': 0, 'Pond': 0, 'Pokhari': 0, 'D/C': 0, 'Recharge shaft': 0, 'LFB': 0, 'RFB': 0}","{'Floodlight': 0, 'Flood Light': 0, 'GAS': 0, 'FIFA': 0, 'pipe': 0, 'pipes': 0, 'covid': 0, 'supply': 0, 'Beautification': 0, 'Installation': 0}",,,False,True,Others
3968,NIT NO -10/2020-21/G-29/NPNABINAGAR,Construction of Drain from Shiva Bigha Pramod Saw house to petrol pump through Main Nala in Ward no-13 under NP Nabinagar.,Construction of Drain from Shiva Bigha Pramod Saw house to petrol pump through Main Nala in Ward no-13 under NP Nabinagar.,3080410.0,INR,INR,2020-09-06 07:19:07+00:00,2020-09-06T06:57:29.846000+00:00,2020-09-15T09:05:25+00:00,Rishikesh Awasthi (Executive Office),EO,"Nagar Panchayat , Nabinagar","Near Police Station ,Nabinagar",Rishikesh Awasthi (Executive Officer),EO,"Nagar Panchayat , Nabinagar",61700.0,5000.0,590.0,True,"{'Flood': 0, 'Embankment': 0, 'embkt': 0, 'Relief': 0, 'Erosion': 0, 'SDRF': 0, 'Inundation': 0, 'Hydrology': 0, 'Silt': 0, 'Siltation': 0, 'Bund': 0, 'Trench': 0, 'Breach': 0, 'Culvert': 0, 'Sluice': 0, 'Dyke': 0, 'Storm water drain': 0, 'Emergency': 0, 'Immediate': 0, 'IM': 0, 'AE': 0, 'A E': 0, 'AAPDA MITRA': 0, 'Bridge': 0, 'River': 0, 'Drain': 2, 'Restoration': 0, 'Protection': 0, 'irr': 0, 'irrigation': 0, 'dam': 0, 'Nallah': 0, 'Retrofitting': 0, 'Pond': 0, 'Pokhari': 0, 'D/C': 0, 'Recharge shaft': 0, 'LFB': 0, 'RFB': 0}","{'Floodlight': 0, 'Flood Light': 0, 'GAS': 0, 'FIFA': 0, 'pipe': 0, 'pipes': 0, 'covid': 0, 'supply': 0, 'Beautification': 0, 'Installation': 0}",,,False,True,Others
3974,NIT NO -10/2020-21/G-33/NPNABINAGAR,Construction of Drain with lid from North Koyal canal to Feroz Ansari's house to Ramchandra Saw in Ward no-14 under NP Nabinagar.,Construction of Drain with lid from North Koyal canal to Feroz Ansari's house to Ramchandra Saw in Ward no-14 under NP Nabinagar.,4531231.0,INR,INR,2020-09-06 07:11:52+00:00,2020-09-06T07:05:49.002000+00:00,2020-09-15T06:59:56+00:00,Rishikesh Awasthi (Executive Office),EO,"Nagar Panchayat , Nabinagar","Near Police Station ,Nabinagar",Rishikesh Awasthi (Executive Officer),EO,"Nagar Panchayat , Nabinagar",90700.0,5000.0,590.0,True,"{'Flood': 0, 'Embankment': 0, 'embkt': 0, 'Relief': 0, 'Erosion': 0, 'SDRF': 0, 'Inundation': 0, 'Hydrology': 0, 'Silt': 0, 'Siltation': 0, 'Bund': 0, 'Trench': 0, 'Breach': 0, 'Culvert': 0, 'Sluice': 0, 'Dyke': 0, 'Storm water drain': 0, 'Emergency': 0, 'Immediate': 0, 'IM': 0, 'AE': 0, 'A E': 0, 'AAPDA MITRA': 0, 'Bridge': 0, 'River': 0, 'Drain': 2, 'Restoration': 0, 'Protection': 0, 'irr': 0, 'irrigation': 0, 'dam': 0, 'Nallah': 0, 'Retrofitting': 0, 'Pond': 0, 'Pokhari': 0, 'D/C': 0, 'Recharge shaft': 0, 'LFB': 0, 'RFB': 0}","{'Floodlight': 0, 'Flood Light': 0, 'GAS': 0, 'FIFA': 0, 'pipe': 0, 'pipes': 0, 'covid': 0, 'supply': 0, 'Beautification': 0, 'Installation': 0}",,,False,True,Others
3973,NIT NO -10/2020-21/G-32/NPNABINAGAR,Construction of Drain with lid from the house of Marhum Tahir in Shivrajpur to Punpun river in Ward no-14 under NP Nabinagar..,Construction of Drain with lid from the house of Marhum Tahir in Shivrajpur to Punpun river in Ward no-14 under NP Nabinagar..,3054284.0,INR,INR,2020-09-06 07:14:17+00:00,2020-09-06T07:03:41.939000+00:00,2020-09-15T07:24:45+00:00,Rishikesh Awasthi (Executive Office),EO,"Nagar Panchayat , Nabinagar","Near Police Station ,Nabinagar",Rishikesh Awasthi (Executive Officer),EO,"Nagar Panchayat , Nabinagar",61100.0,5000.0,590.0,True,"{'Flood': 0, 'Embankment': 0, 'embkt': 0, 'Relief': 0, 'Erosion': 0, 'SDRF': 0, 'Inundation': 0, 'Hydrology': 0, 'Silt': 0, 'Siltation': 0, 'Bund': 0, 'Trench': 0, 'Breach': 0, 'Culvert': 0, 'Sluice': 0, 'Dyke': 0, 'Storm water drain': 0, 'Emergency': 0, 'Immediate': 0, 'IM': 0, 'AE': 0, 'A E': 0, 'AAPDA MITRA': 0, 'Bridge': 0, 'River': 2, 'Drain': 2, 'Restoration': 0, 'Protection': 0, 'irr': 0, 'irrigation': 0, 'dam': 0, 'Nallah': 0, 'Retrofitting': 0, 'Pond': 0, 'Pokhari': 0, 'D/C': 0, 'Recharge shaft': 0, 'LFB': 0, 'RFB': 0}","{'Floodlight': 0, 'Flood Light': 0, 'GAS': 0, 'FIFA': 0, 'pipe': 0, 'pipes': 0, 'covid': 0, 'supply': 0, 'Beautification': 0, 'Installation': 0}",,,False,True,Others
3969,NIT NO -10/2020-21/G-30/NPNABINAGAR,Construction of Road & Drain Sanjay Singh's house to Nayaka Bigha in Ward no-14 under NP Nabinagar.,Construction of Road & Drain Sanjay Singh's house to Nayaka Bigha in Ward no-14 under NP Nabinagar.,3429141.0,INR,INR,2020-09-06 07:17:34+00:00,2020-09-06T06:59:27.878000+00:00,2020-09-15T08:36:31+00:00,Rishikesh Awasthi (Executive Office),EO,"Nagar Panchayat , Nabinagar","Near Police Station ,Nabinagar",Rishikesh Awasthi (Executive Officer),EO,"Nagar Panchayat , Nabinagar",68600.0,5000.0,590.0,True,"{'Flood': 0, 'Embankment': 0, 'embkt': 0, 'Relief': 0, 'Erosion': 0, 'SDRF': 0, 'Inundation': 0, 'Hydrology': 0, 'Silt': 0, 'Siltation': 0, 'Bund': 0, 'Trench': 0, 'Breach': 0, 'Culvert': 0, 'Sluice': 0, 'Dyke': 0, 'Storm water drain': 0, 'Emergency': 0, 'Immediate': 0, 'IM': 0, 'AE': 0, 'A E': 0, 'AAPDA MITRA': 0, 'Bridge': 0, 'River': 0, 'Drain': 2, 'Restoration': 0, 'Protection': 0, 'irr': 0, 'irrigation': 0, 'dam': 0, 'Nallah': 0, 'Retrofitting': 0, 'Pond': 0, 'Pokhari': 0, 'D/C': 0, 'Recharge shaft': 0, 'LFB': 0, 'RFB': 0}","{'Floodlight': 0, 'Flood Light': 0, 'GAS': 0, 'FIFA': 0, 'pipe': 0, 'pipes': 0, 'covid': 0, 'supply': 0, 'Beautification': 0, 'Installation': 0}",,,False,True,Others
3999,E-TENDER-04/2020-21/GR05,CONSTRUCTION OF PAVOR BLOCK ROAD AND RCC DRAIN FROM CHANDRIKA RAM TO SHIVRAJ SARMA HOUSE AT KUMHAR TOLI IN WARD NO 8 MASAURHI,CONSTRUCTION OF PAVOR BLOCK ROAD AND RCC DRAIN FROM CHANDRIKA RAM TO SHIVRAJ SARMA HOUSE AT KUMHAR TOLI IN WARD NO 8 MASAURHI,716400.0,INR,INR,2020-09-07 07:48:54+00:00,2020-09-06T11:20:18.398000+00:00,2020-09-14T21:31:00+00:00,JAGNNATH YADAV,NAGAR EXECUTIVE OFFICER,NAGAR PRISHAD MASAURHI,BLOCK ROAD MASAURHI,KISHOR KUNAL,NAGAR EXECUTIVE OFFICER,NAGAR PRISHAD MASAURHI,14400.0,1250.0,590.0,True,"{'Flood': 0, 'Embankment': 0, 'embkt': 0, 'Relief': 0, 'Erosion': 0, 'SDRF': 0, 'Inundation': 0, 'Hydrology': 0, 'Silt': 0, 'Siltation': 0, 'Bund': 0, 'Trench': 0, 'Breach': 0, 'Culvert': 0, 'Sluice': 0, 'Dyke': 0, 'Storm water drain': 0, 'Emergency': 0, 'Immediate': 0, 'IM': 0, 'AE': 0, 'A E': 0, 'AAPDA MITRA': 0, 'Bridge': 0, 'River': 0, 'Drain': 2, 'Restoration': 0, 'Protection': 0, 'irr': 0, 'irrigation': 0, 'dam': 0, 'Nallah': 0, 'Retrofitting': 0, 'Pond': 0, 'Pokhari': 0, 'D/C': 0, 'Recharge shaft': 0, 'LFB': 0, 'RFB': 0}","{'Floodlight': 0, 'Flood Light': 0, 'GAS': 0, 'FIFA': 0, 'pipe': 0, 'pipes': 0, 'covid': 0, 'supply': 0, 'Beautification': 0, 'Installation': 0}",,,False,True,Immediate Measures
4022,E-TENDER-04/2020-21/GR07,Construction of Brick Soling Drain and  P C C Road  From the House of Kapil Prasad  to till Railway Line at Ward No 26,Construction of Brick Soling Drain and  P C C Road  From the House of Kapil Prasad  to till Railway Line at Ward No 26,242100.0,INR,INR,2020-09-07 07:43:13+00:00,2020-09-06T12:02:26.711000+00:00,2020-12-30T09:10:14+00:00,JAGNNATH YADAV,NAGAR EXECUTIVE OFFICER,NAGAR PRISHAD MASAURHI,BLOCK ROAD MASAURHI,KISHOR KUNAL,NAGAR EXECUTIVE OFFICER,NAGAR PRISHAD MASAURHI,4900.0,500.0,590.0,True,"{'Flood': 0, 'Embankment': 0, 'embkt': 0, 'Relief': 0, 'Erosion': 0, 'SDRF': 0, 'Inundation': 0, 'Hydrology': 0, 'Silt': 0, 'Siltation': 0, 'Bund': 0, 'Trench': 0, 'Breach': 0, 'Culvert': 0, 'Sluice': 0, 'Dyke': 0, 'Storm water drain': 0, 'Emergency': 0, 'Immediate': 0, 'IM': 0, 'AE': 0, 'A E': 0, 'AAPDA MITRA': 0, 'Bridge': 0, 'River': 0, 'Drain': 2, 'Restoration': 0, 'Protection': 0, 'irr': 0, 'irrigation': 0, 'dam': 0, 'Nallah': 0, 'Retrofitting': 0, 'Pond': 0, 'Pokhari': 0, 'D/C': 0, 'Recharge shaft': 0, 'LFB': 0, 'RFB': 0}","{'Floodlight': 0, 'Flood Light': 0, 'GAS': 0, 'FIFA': 0, 'pipe': 0, 'pipes': 0, 'covid': 0, 'supply': 0, 'Beautification': 0, 'Installation': 0}",,,False,True,Immediate Measures
4020,E-TENDER-04/2020-21/GR06,"Construction of Devi asthan to ashok yadav home to
ramchandra ram home miti bharai, Drain and PCC work in Ward No 17","Construction of Devi asthan to ashok yadav home to
ramchandra ram home miti bharai, Drain and PCC work in Ward No 17",1342033.0,INR,INR,2020-09-07 07:45:29+00:00,2020-09-06T11:58:57.005000+00:00,2020-09-14T21:31:00+00:00,JAGNNATH YADAV,NAGAR EXECUTIVE OFFICER,NAGAR PRISHAD MASAURHI,BLOCK ROAD MASAURHI,KISHOR KUNAL,NAGAR EXECUTIVE OFFICER,NAGAR PRISHAD MASAURHI,26900.0,2500.0,590.0,True,"{'Flood': 0, 'Embankment': 0, 'embkt': 0, 'Relief': 0, 'Erosion': 0, 'SDRF': 0, 'Inundation': 0, 'Hydrology': 0, 'Silt': 0, 'Siltation': 0, 'Bund': 0, 'Trench': 0, 'Breach': 0, 'Culvert': 0, 'Sluice': 0, 'Dyke': 0, 'Storm water drain': 0, 'Emergency': 0, 'Immediate': 0, 'IM': 0, 'AE': 0, 'A E': 0, 'AAPDA MITRA': 0, 'Bridge': 0, 'River': 0, 'Drain': 2, 'Restoration': 0, 'Protection': 0, 'irr': 0, 'irrigation': 0, 'dam': 0, 'Nallah': 0, 'Retrofitting': 0, 'Pond': 0, 'Pokhari': 0, 'D/C': 0, 'Recharge shaft': 0, 'LFB': 0, 'RFB': 0}","{'Floodlight': 0, 'Flood Light': 0, 'GAS': 0, 'FIFA': 0, 'pipe': 0, 'pipes': 0, 'covid': 0, 'supply': 0, 'Beautification': 0, 'Installation': 0}",,,False,True,Immediate Measures
4028,E-TENDER-04/2020-21/GR09,CONSTRUCTION OF PAVOR BLOCK ROAD AND RCC DRAIN FROM KAPIL THAKUR HOUSE TO DEEPU KUMAR HOUSE AT KUMHAR TOLI IN WARD NO 8 MASAURHI,CONSTRUCTION OF PAVOR BLOCK ROAD AND RCC DRAIN FROM KAPIL THAKUR HOUSE TO DEEPU KUMAR HOUSE AT KUMHAR TOLI IN WARD NO 8 MASAURHI,573400.0,INR,INR,2020-09-07 07:36:35+00:00,2020-09-06T12:07:02.528000+00:00,2020-09-14T21:31:00+00:00,JAGNNATH YADAV,NAGAR EXECUTIVE OFFICER,NAGAR PRISHAD MASAURHI,BLOCK ROAD MASAURHI,KISHOR KUNAL,NAGAR EXECUTIVE OFFICER,NAGAR PRISHAD MASAURHI,11500.0,1250.0,590.0,True,"{'Flood': 0, 'Embankment': 0, 'embkt': 0, 'Relief': 0, 'Erosion': 0, 'SDRF': 0, 'Inundation': 0, 'Hydrology': 0, 'Silt': 0, 'Siltation': 0, 'Bund': 0, 'Trench': 0, 'Breach': 0, 'Culvert': 0, 'Sluice': 0, 'Dyke': 0, 'Storm water drain': 0, 'Emergency': 0, 'Immediate': 0, 'IM': 0, 'AE': 0, 'A E': 0, 'AAPDA MITRA': 0, 'Bridge': 0, 'River': 0, 'Drain': 2, 'Restoration': 0, 'Protection': 0, 'irr': 0, 'irrigation': 0, 'dam': 0, 'Nallah': 0, 'Retrofitting': 0, 'Pond': 0, 'Pokhari': 0, 'D/C': 0, 'Recharge shaft': 0, 'LFB': 0, 'RFB': 0}","{'Floodlight': 0, 'Flood Light': 0, 'GAS': 0, 'FIFA': 0, 'pipe': 0, 'pipes': 0, 'covid': 0, 'supply': 0, 'Beautification': 0, 'Installation': 0}",,,False,True,Immediate Measures
4030,E-TENDER-04/2020-21/GR10,CONSTRUCTION OF PAVOR BLOCK ROAD AND RCC DRAIN FROM DHARMENDRA SINGH HOUSE TO RAMASRAY SARMA AT KUMHAR TOLI IN WARD NO 8 MASAURHI,CONSTRUCTION OF PAVOR BLOCK ROAD AND RCC DRAIN FROM DHARMENDRA SINGH HOUSE TO RAMASRAY SARMA AT KUMHAR TOLI IN WARD NO 8 MASAURHI,767400.0,INR,INR,2020-09-07 07:32:45+00:00,2020-09-06T12:09:54.223000+00:00,2020-09-14T21:31:00+00:00,JAGNNATH YADAV,NAGAR EXECUTIVE OFFICER,NAGAR PRISHAD MASAURHI,BLOCK ROAD MASAURHI,KISHOR KUNAL,NAGAR EXECUTIVE OFFICER,NAGAR PRISHAD MASAURHI,15400.0,1250.0,590.0,True,"{'Flood': 0, 'Embankment': 0, 'embkt': 0, 'Relief': 0, 'Erosion': 0, 'SDRF': 0, 'Inundation': 0, 'Hydrology': 0, 'Silt': 0, 'Siltation': 0, 'Bund': 0, 'Trench': 0, 'Breach': 0, 'Culvert': 0, 'Sluice': 0, 'Dyke': 0, 'Storm water drain': 0, 'Emergency': 0, 'Immediate': 0, 'IM': 0, 'AE': 0, 'A E': 0, 'AAPDA MITRA': 0, 'Bridge': 0, 'River': 0, 'Drain': 2, 'Restoration': 0, 'Protection': 0, 'irr': 0, 'irrigation': 0, 'dam': 0, 'Nallah': 0, 'Retrofitting': 0, 'Pond': 0, 'Pokhari': 0, 'D/C': 0, 'Recharge shaft': 0, 'LFB': 0, 'RFB': 0}","{'Floodlight': 0, 'Flood Light': 0, 'GAS': 0, 'FIFA': 0, 'pipe': 0, 'pipes': 0, 'covid': 0, 'supply': 0, 'Beautification': 0, 'Installation': 0}",,,False,True,Immediate Measures
4067,NPI-NIT02/2020-21/GR002,"Construction of RCC slab including repair of P.C.C. Road,Drain and R.C.C.Slab in ward no.-02 , at Nagar Panchayat areas under Nagar Panchayat Islampur.","Construction of RCC slab including repair of P.C.C. Road,Drain and R.C.C.Slab in ward no.-02 , at Nagar Panchayat areas under Nagar Panchayat Islampur.",300000.0,INR,INR,2020-09-07 07:30:23+00:00,2020-09-07T07:19:28.009000+00:00,2020-09-13T09:26:06+00:00,"EXECUTIVE OFFICER, N.P. ISLAMPUR (EO)",EXECUTIVE OFFICER,NAGAR PANCHAYAT ISLAMPUR,"ISLAMPUR, NALANDA","EXECUTIVE OFFICER, N.P. ISLAMPUR (EO)",EXECUTIVE OFFICER,NAGAR PANCHAYAT ISLAMPUR,6000.0,750.0,590.0,True,"{'Flood': 0, 'Embankment': 0, 'embkt': 0, 'Relief': 0, 'Erosion': 0, 'SDRF': 0, 'Inundation': 0, 'Hydrology': 0, 'Silt': 0, 'Siltation': 0, 'Bund': 0, 'Trench': 0, 'Breach': 0, 'Culvert': 0, 'Sluice': 0, 'Dyke': 0, 'Storm water drain': 0, 'Emergency': 0, 'Immediate': 0, 'IM': 0, 'AE': 0, 'A E': 0, 'AAPDA MITRA': 0, 'Bridge': 0, 'River': 0, 'Drain': 2, 'Restoration': 0, 'Protection': 0, 'irr': 0, 'irrigation': 0, 'dam': 0, 'Nallah': 0, 'Retrofitting': 0, 'Pond': 0, 'Pokhari': 0, 'D/C': 0, 'Recharge shaft': 0, 'LFB': 0, 'RFB': 0}","{'Floodlight': 0, 'Flood Light': 0, 'GAS': 0, 'FIFA': 0, 'pipe': 0, 'pipes': 0, 'covid': 0, 'supply': 0, 'Beautification': 0, 'Installation': 0}",,,False,True,Immediate Measures
4072,NPI-NIT02/2020-21/GR005,"Construction of RCC slab including repair of P.C.C. Road,Drain and R.C.C.Slab in ward no.-05 , at Nagar Panchayat areas under Nagar Panchayat Islampur.","Construction of RCC slab including repair of P.C.C. Road,Drain and R.C.C.Slab in ward no.-05 , at Nagar Panchayat areas under Nagar Panchayat Islampur.",297700.0,INR,INR,2020-09-07 09:43:02+00:00,2020-09-07T09:39:46.600000+00:00,2020-09-13T09:34:24+00:00,"EXECUTIVE OFFICER, N.P. ISLAMPUR (EO)",EXECUTIVE OFFICER,NAGAR PANCHAYAT ISLAMPUR,"ISLAMPUR, NALANDA","EXECUTIVE OFFICER, N.P. ISLAMPUR (EO)",EXECUTIVE OFFICER,NAGAR PANCHAYAT ISLAMPUR,6000.0,750.0,590.0,True,"{'Flood': 0, 'Embankment': 0, 'embkt': 0, 'Relief': 0, 'Erosion': 0, 'SDRF': 0, 'Inundation': 0, 'Hydrology': 0, 'Silt': 0, 'Siltation': 0, 'Bund': 0, 'Trench': 0, 'Breach': 0, 'Culvert': 0, 'Sluice': 0, 'Dyke': 0, 'Storm water drain': 0, 'Emergency': 0, 'Immediate': 0, 'IM': 0, 'AE': 0, 'A E': 0, 'AAPDA MITRA': 0, 'Bridge': 0, 'River': 0, 'Drain': 2, 'Restoration': 0, 'Protection': 0, 'irr': 0, 'irrigation': 0, 'dam': 0, 'Nallah': 0, 'Retrofitting': 0, 'Pond': 0, 'Pokhari': 0, 'D/C': 0, 'Recharge shaft': 0, 'LFB': 0, 'RFB': 0}","{'Floodlight': 0, 'Flood Light': 0, 'GAS': 0, 'FIFA': 0, 'pipe': 0, 'pipes': 0, 'covid': 0, 'supply': 0, 'Beautification': 0, 'Installation': 0}",,,False,True,Immediate Measures
4071,NPI-NIT02/2020-21/GR004,"Construction of RCC slab including repair of P.C.C. Road,Drain and R.C.C.Slab in ward no.-04 , at Nagar Panchayat areas under Nagar Panchayat Islampur.","Construction of RCC slab including repair of P.C.C. Road,Drain and R.C.C.Slab in ward no.-04 , at Nagar Panchayat areas under Nagar Panchayat Islampur.",298200.0,INR,INR,2020-09-07 09:39:27+00:00,2020-09-07T09:35:23.064000+00:00,2020-09-13T09:31:54+00:00,"EXECUTIVE OFFICER, N.P. ISLAMPUR (EO)",EXECUTIVE OFFICER,NAGAR PANCHAYAT ISLAMPUR,"ISLAMPUR, NALANDA","EXECUTIVE OFFICER, N.P. ISLAMPUR (EO)",EXECUTIVE OFFICER,NAGAR PANCHAYAT ISLAMPUR,6000.0,750.0,590.0,True,"{'Flood': 0, 'Embankment': 0, 'embkt': 0, 'Relief': 0, 'Erosion': 0, 'SDRF': 0, 'Inundation': 0, 'Hydrology': 0, 'Silt': 0, 'Siltation': 0, 'Bund': 0, 'Trench': 0, 'Breach': 0, 'Culvert': 0, 'Sluice': 0, 'Dyke': 0, 'Storm water drain': 0, 'Emergency': 0, 'Immediate': 0, 'IM': 0, 'AE': 0, 'A E': 0, 'AAPDA MITRA': 0, 'Bridge': 0, 'River': 0, 'Drain': 2, 'Restoration': 0, 'Protection': 0, 'irr': 0, 'irrigation': 0, 'dam': 0, 'Nallah': 0, 'Retrofitting': 0, 'Pond': 0, 'Pokhari': 0, 'D/C': 0, 'Recharge shaft': 0, 'LFB': 0, 'RFB': 0}","{'Floodlight': 0, 'Flood Light': 0, 'GAS': 0, 'FIFA': 0, 'pipe': 0, 'pipes': 0, 'covid': 0, 'supply': 0, 'Beautification': 0, 'Installation': 0}",,,False,True,Immediate Measures
4068,NPI-NIT02/2020-21/GR003,"Construction of RCC slab including repair of P.C.C. Road,Drain and R.C.C.Slab in ward no.-03 , at  Nagar Panchayat areas under Nagar Panchayat Islampur.","Construction of RCC slab including repair of P.C.C. Road,Drain and R.C.C.Slab in ward no.-03 , at  Nagar Panchayat areas under Nagar Panchayat Islampur.",300200.0,INR,INR,2020-09-07 09:35:04+00:00,2020-09-07T07:31:43.576000+00:00,2020-09-13T09:29:30+00:00,"EXECUTIVE OFFICER, N.P. ISLAMPUR (EO)",EXECUTIVE OFFICER,NAGAR PANCHAYAT ISLAMPUR,"ISLAMPUR, NALANDA","EXECUTIVE OFFICER, N.P. ISLAMPUR (EO)",EXECUTIVE OFFICER,NAGAR PANCHAYAT ISLAMPUR,6100.0,750.0,590.0,True,"{'Flood': 0, 'Embankment': 0, 'embkt': 0, 'Relief': 0, 'Erosion': 0, 'SDRF': 0, 'Inundation': 0, 'Hydrology': 0, 'Silt': 0, 'Siltation': 0, 'Bund': 0, 'Trench': 0, 'Breach': 0, 'Culvert': 0, 'Sluice': 0, 'Dyke': 0, 'Storm water drain': 0, 'Emergency': 0, 'Immediate': 0, 'IM': 0, 'AE': 0, 'A E': 0, 'AAPDA MITRA': 0, 'Bridge': 0, 'River': 0, 'Drain': 2, 'Restoration': 0, 'Protection': 0, 'irr': 0, 'irrigation': 0, 'dam': 0, 'Nallah': 0, 'Retrofitting': 0, 'Pond': 0, 'Pokhari': 0, 'D/C': 0, 'Recharge shaft': 0, 'LFB': 0, 'RFB': 0}","{'Floodlight': 0, 'Flood Light': 0, 'GAS': 0, 'FIFA': 0, 'pipe': 0, 'pipes': 0, 'covid': 0, 'supply': 0, 'Beautification': 0, 'Installation': 0}",,,False,True,Immediate Measures
4066,NPI-NIT02/2020-21/GR01,"Construction of RCC slab including repair of P.C.C. Road,Drain and R.C.C.Slab at ward no.-01 , in Nagar Panchayat areas under Nagar Panchayat Islampur","Construction of RCC slab including repair of P.C.C. Road,Drain and R.C.C.Slab at ward no.-01 , in Nagar Panchayat areas under Nagar Panchayat Islampur",348200.0,INR,INR,2020-09-07 07:18:20+00:00,2020-09-07T07:00:14.349000+00:00,2020-09-13T09:23:15+00:00,"EXECUTIVE OFFICER, N.P. ISLAMPUR (EO)",EXECUTIVE OFFICER,NAGAR PANCHAYAT ISLAMPUR,"ISLAMPUR, NALANDA","EXECUTIVE OFFICER, N.P. ISLAMPUR (EO)",EXECUTIVE OFFICER,NAGAR PANCHAYAT ISLAMPUR,7000.0,750.0,590.0,True,"{'Flood': 0, 'Embankment': 0, 'embkt': 0, 'Relief': 0, 'Erosion': 0, 'SDRF': 0, 'Inundation': 0, 'Hydrology': 0, 'Silt': 0, 'Siltation': 0, 'Bund': 0, 'Trench': 0, 'Breach': 0, 'Culvert': 0, 'Sluice': 0, 'Dyke': 0, 'Storm water drain': 0, 'Emergency': 0, 'Immediate': 0, 'IM': 0, 'AE': 0, 'A E': 0, 'AAPDA MITRA': 0, 'Bridge': 0, 'River': 0, 'Drain': 2, 'Restoration': 0, 'Protection': 0, 'irr': 0, 'irrigation': 0, 'dam': 0, 'Nallah': 0, 'Retrofitting': 0, 'Pond': 0, 'Pokhari': 0, 'D/C': 0, 'Recharge shaft': 0, 'LFB': 0, 'RFB': 0}","{'Floodlight': 0, 'Flood Light': 0, 'GAS': 0, 'FIFA': 0, 'pipe': 0, 'pipes': 0, 'covid': 0, 'supply': 0, 'Beautification': 0, 'Installation': 0}",,,False,True,Immediate Measures
4076,NPI-NIT02/2020-21/GR008,"Construction of RCC slab including repair of P.C.C. Road,Drain and R.C.C.Slab in ward no.-08 , at Nagar Panchayat areas under Nagar Panchayat Islampur.","Construction of RCC slab including repair of P.C.C. Road,Drain and R.C.C.Slab in ward no.-08 , at Nagar Panchayat areas under Nagar Panchayat Islampur.",297900.0,INR,INR,2020-09-07 09:54:11+00:00,2020-09-07T09:51:33.969000+00:00,2020-09-13T09:46:38+00:00,"EXECUTIVE OFFICER, N.P. ISLAMPUR (EO)",EXECUTIVE OFFICER,NAGAR PANCHAYAT ISLAMPUR,"ISLAMPUR, NALANDA","EXECUTIVE OFFICER, N.P. ISLAMPUR (EO)",EXECUTIVE OFFICER,NAGAR PANCHAYAT ISLAMPUR,6000.0,750.0,590.0,True,"{'Flood': 0, 'Embankment': 0, 'embkt': 0, 'Relief': 0, 'Erosion': 0, 'SDRF': 0, 'Inundation': 0, 'Hydrology': 0, 'Silt': 0, 'Siltation': 0, 'Bund': 0, 'Trench': 0, 'Breach': 0, 'Culvert': 0, 'Sluice': 0, 'Dyke': 0, 'Storm water drain': 0, 'Emergency': 0, 'Immediate': 0, 'IM': 0, 'AE': 0, 'A E': 0, 'AAPDA MITRA': 0, 'Bridge': 0, 'River': 0, 'Drain': 2, 'Restoration': 0, 'Protection': 0, 'irr': 0, 'irrigation': 0, 'dam': 0, 'Nallah': 0, 'Retrofitting': 0, 'Pond': 0, 'Pokhari': 0, 'D/C': 0, 'Recharge shaft': 0, 'LFB': 0, 'RFB': 0}","{'Floodlight': 0, 'Flood Light': 0, 'GAS': 0, 'FIFA': 0, 'pipe': 0, 'pipes': 0, 'covid': 0, 'supply': 0, 'Beautification': 0, 'Installation': 0}",,,False,True,Immediate Measures
4073,NPI-NIT02/2020-21/GR006,"Construction of RCC slab including repair of P.C.C. Road,Drain and R.C.C.Slab in ward no.-06 , at Nagar Panchayat areas under Nagar Panchayat Islampur.","Construction of RCC slab including repair of P.C.C. Road,Drain and R.C.C.Slab in ward no.-06 , at Nagar Panchayat areas under Nagar Panchayat Islampur.",299800.0,INR,INR,2020-09-07 09:47:11+00:00,2020-09-07T09:43:30.606000+00:00,2020-09-13T09:37:16+00:00,"EXECUTIVE OFFICER, N.P. ISLAMPUR (EO)",EXECUTIVE OFFICER,NAGAR PANCHAYAT ISLAMPUR,"ISLAMPUR, NALANDA","EXECUTIVE OFFICER, N.P. ISLAMPUR (EO)",EXECUTIVE OFFICER,NAGAR PANCHAYAT ISLAMPUR,6000.0,750.0,590.0,True,"{'Flood': 0, 'Embankment': 0, 'embkt': 0, 'Relief': 0, 'Erosion': 0, 'SDRF': 0, 'Inundation': 0, 'Hydrology': 0, 'Silt': 0, 'Siltation': 0, 'Bund': 0, 'Trench': 0, 'Breach': 0, 'Culvert': 0, 'Sluice': 0, 'Dyke': 0, 'Storm water drain': 0, 'Emergency': 0, 'Immediate': 0, 'IM': 0, 'AE': 0, 'A E': 0, 'AAPDA MITRA': 0, 'Bridge': 0, 'River': 0, 'Drain': 2, 'Restoration': 0, 'Protection': 0, 'irr': 0, 'irrigation': 0, 'dam': 0, 'Nallah': 0, 'Retrofitting': 0, 'Pond': 0, 'Pokhari': 0, 'D/C': 0, 'Recharge shaft': 0, 'LFB': 0, 'RFB': 0}","{'Floodlight': 0, 'Flood Light': 0, 'GAS': 0, 'FIFA': 0, 'pipe': 0, 'pipes': 0, 'covid': 0, 'supply': 0, 'Beautification': 0, 'Installation': 0}",,,False,True,Immediate Measures
4077,NPI-NIT02/2020-21/GR009,"Construction of RCC slab including repair of P.C.C. Road,Drain and R.C.C.Slab in ward no.-09 , at  Nagar Panchayat areas under Nagar Panchayat Islampur.","Construction of RCC slab including repair of P.C.C. Road,Drain and R.C.C.Slab in ward no.-09 , at  Nagar Panchayat areas under Nagar Panchayat Islampur.",299500.0,INR,INR,2020-09-07 09:57:22+00:00,2020-09-07T09:54:35.677000+00:00,2020-09-13T09:43:19+00:00,"EXECUTIVE OFFICER, N.P. ISLAMPUR (EO)",EXECUTIVE OFFICER,NAGAR PANCHAYAT ISLAMPUR,"ISLAMPUR, NALANDA","EXECUTIVE OFFICER, N.P. ISLAMPUR (EO)",EXECUTIVE OFFICER,NAGAR PANCHAYAT ISLAMPUR,6000.0,750.0,590.0,True,"{'Flood': 0, 'Embankment': 0, 'embkt': 0, 'Relief': 0, 'Erosion': 0, 'SDRF': 0, 'Inundation': 0, 'Hydrology': 0, 'Silt': 0, 'Siltation': 0, 'Bund': 0, 'Trench': 0, 'Breach': 0, 'Culvert': 0, 'Sluice': 0, 'Dyke': 0, 'Storm water drain': 0, 'Emergency': 0, 'Immediate': 0, 'IM': 0, 'AE': 0, 'A E': 0, 'AAPDA MITRA': 0, 'Bridge': 0, 'River': 0, 'Drain': 2, 'Restoration': 0, 'Protection': 0, 'irr': 0, 'irrigation': 0, 'dam': 0, 'Nallah': 0, 'Retrofitting': 0, 'Pond': 0, 'Pokhari': 0, 'D/C': 0, 'Recharge shaft': 0, 'LFB': 0, 'RFB': 0}","{'Floodlight': 0, 'Flood Light': 0, 'GAS': 0, 'FIFA': 0, 'pipe': 0, 'pipes': 0, 'covid': 0, 'supply': 0, 'Beautification': 0, 'Installation': 0}",,,False,True,Immediate Measures
4080,NPI-NIT02/2020-21/GR011,"Construction of RCC slab including repair of P.C.C. Road,Drain and R.C.C.Slab in ward no.-11 , at  Nagar Panchayat areas under Nagar Panchayat Islampur.","Construction of RCC slab including repair of P.C.C. Road,Drain and R.C.C.Slab in ward no.-11 , at  Nagar Panchayat areas under Nagar Panchayat Islampur.",298200.0,INR,INR,2020-09-07 10:04:13+00:00,2020-09-07T10:00:53.654000+00:00,2020-09-13T10:19:57+00:00,"EXECUTIVE OFFICER, N.P. ISLAMPUR (EO)",EXECUTIVE OFFICER,NAGAR PANCHAYAT ISLAMPUR,"ISLAMPUR, NALANDA","EXECUTIVE OFFICER, N.P. ISLAMPUR (EO)",EXECUTIVE OFFICER,NAGAR PANCHAYAT ISLAMPUR,6000.0,750.0,590.0,True,"{'Flood': 0, 'Embankment': 0, 'embkt': 0, 'Relief': 0, 'Erosion': 0, 'SDRF': 0, 'Inundation': 0, 'Hydrology': 0, 'Silt': 0, 'Siltation': 0, 'Bund': 0, 'Trench': 0, 'Breach': 0, 'Culvert': 0, 'Sluice': 0, 'Dyke': 0, 'Storm water drain': 0, 'Emergency': 0, 'Immediate': 0, 'IM': 0, 'AE': 0, 'A E': 0, 'AAPDA MITRA': 0, 'Bridge': 0, 'River': 0, 'Drain': 2, 'Restoration': 0, 'Protection': 0, 'irr': 0, 'irrigation': 0, 'dam': 0, 'Nallah': 0, 'Retrofitting': 0, 'Pond': 0, 'Pokhari': 0, 'D/C': 0, 'Recharge shaft': 0, 'LFB': 0, 'RFB': 0}","{'Floodlight': 0, 'Flood Light': 0, 'GAS': 0, 'FIFA': 0, 'pipe': 0, 'pipes': 0, 'covid': 0, 'supply': 0, 'Beautification': 0, 'Installation': 0}",,,False,True,Immediate Measures
4082,NPI-NIT02/2020-21/GR012,"Construction of RCC slab including repair of P.C.C. Road,Drain and R.C.C.Slab in ward no.-12 , at Nagar Panchayat areas under Nagar Panchayat Islampur.","Construction of RCC slab including repair of P.C.C. Road,Drain and R.C.C.Slab in ward no.-12 , at Nagar Panchayat areas under Nagar Panchayat Islampur.",298000.0,INR,INR,2020-09-07 10:07:25+00:00,2020-09-07T10:04:32.363000+00:00,2020-09-13T09:58:13+00:00,"EXECUTIVE OFFICER, N.P. ISLAMPUR (EO)",EXECUTIVE OFFICER,NAGAR PANCHAYAT ISLAMPUR,"ISLAMPUR, NALANDA","EXECUTIVE OFFICER, N.P. ISLAMPUR (EO)",EXECUTIVE OFFICER,NAGAR PANCHAYAT ISLAMPUR,6000.0,750.0,590.0,True,"{'Flood': 0, 'Embankment': 0, 'embkt': 0, 'Relief': 0, 'Erosion': 0, 'SDRF': 0, 'Inundation': 0, 'Hydrology': 0, 'Silt': 0, 'Siltation': 0, 'Bund': 0, 'Trench': 0, 'Breach': 0, 'Culvert': 0, 'Sluice': 0, 'Dyke': 0, 'Storm water drain': 0, 'Emergency': 0, 'Immediate': 0, 'IM': 0, 'AE': 0, 'A E': 0, 'AAPDA MITRA': 0, 'Bridge': 0, 'River': 0, 'Drain': 2, 'Restoration': 0, 'Protection': 0, 'irr': 0, 'irrigation': 0, 'dam': 0, 'Nallah': 0, 'Retrofitting': 0, 'Pond': 0, 'Pokhari': 0, 'D/C': 0, 'Recharge shaft': 0, 'LFB': 0, 'RFB': 0}","{'Floodlight': 0, 'Flood Light': 0, 'GAS': 0, 'FIFA': 0, 'pipe': 0, 'pipes': 0, 'covid': 0, 'supply': 0, 'Beautification': 0, 'Installation': 0}",,,False,True,Immediate Measures
4086,NPI-NIT02/2020-21/GR015,"Construction of RCC slab including repair of P.C.C. Road,Drain and R.C.C.Slab in ward no.-15 , at  Nagar Panchayat areas under Nagar Panchayat Islampur.","Construction of RCC slab including repair of P.C.C. Road,Drain and R.C.C.Slab in ward no.-15 , at  Nagar Panchayat areas under Nagar Panchayat Islampur.",298500.0,INR,INR,2020-09-07 10:20:50+00:00,2020-09-07T10:17:43.894000+00:00,2020-09-13T10:06:45+00:00,"EXECUTIVE OFFICER, N.P. ISLAMPUR (EO)",EXECUTIVE OFFICER,NAGAR PANCHAYAT ISLAMPUR,"ISLAMPUR, NALANDA","EXECUTIVE OFFICER, N.P. ISLAMPUR (EO)",EXECUTIVE OFFICER,NAGAR PANCHAYAT ISLAMPUR,6000.0,750.0,590.0,True,"{'Flood': 0, 'Embankment': 0, 'embkt': 0, 'Relief': 0, 'Erosion': 0, 'SDRF': 0, 'Inundation': 0, 'Hydrology': 0, 'Silt': 0, 'Siltation': 0, 'Bund': 0, 'Trench': 0, 'Breach': 0, 'Culvert': 0, 'Sluice': 0, 'Dyke': 0, 'Storm water drain': 0, 'Emergency': 0, 'Immediate': 0, 'IM': 0, 'AE': 0, 'A E': 0, 'AAPDA MITRA': 0, 'Bridge': 0, 'River': 0, 'Drain': 2, 'Restoration': 0, 'Protection': 0, 'irr': 0, 'irrigation': 0, 'dam': 0, 'Nallah': 0, 'Retrofitting': 0, 'Pond': 0, 'Pokhari': 0, 'D/C': 0, 'Recharge shaft': 0, 'LFB': 0, 'RFB': 0}","{'Floodlight': 0, 'Flood Light': 0, 'GAS': 0, 'FIFA': 0, 'pipe': 0, 'pipes': 0, 'covid': 0, 'supply': 0, 'Beautification': 0, 'Installation': 0}",,,False,True,Immediate Measures
4088,NPI-NIT02/2020-21/GR016,"Construction of RCC slab including repair of P.C.C. Road,Drain and R.C.C.Slab at ward no.-16 , in Nagar Panchayat areas under Nagar Panchayat Islampur.","Construction of RCC slab including repair of P.C.C. Road,Drain and R.C.C.Slab at ward no.-16 , in Nagar Panchayat areas under Nagar Panchayat Islampur.",745300.0,INR,INR,2020-09-07 10:25:01+00:00,2020-09-07T10:21:09.502000+00:00,2020-09-13T10:09:43+00:00,"EXECUTIVE OFFICER, N.P. ISLAMPUR (EO)",EXECUTIVE OFFICER,NAGAR PANCHAYAT ISLAMPUR,"ISLAMPUR, NALANDA","EXECUTIVE OFFICER, N.P. ISLAMPUR (EO)",EXECUTIVE OFFICER,NAGAR PANCHAYAT ISLAMPUR,15000.0,1250.0,590.0,True,"{'Flood': 0, 'Embankment': 0, 'embkt': 0, 'Relief': 0, 'Erosion': 0, 'SDRF': 0, 'Inundation': 0, 'Hydrology': 0, 'Silt': 0, 'Siltation': 0, 'Bund': 0, 'Trench': 0, 'Breach': 0, 'Culvert': 0, 'Sluice': 0, 'Dyke': 0, 'Storm water drain': 0, 'Emergency': 0, 'Immediate': 0, 'IM': 0, 'AE': 0, 'A E': 0, 'AAPDA MITRA': 0, 'Bridge': 0, 'River': 0, 'Drain': 2, 'Restoration': 0, 'Protection': 0, 'irr': 0, 'irrigation': 0, 'dam': 0, 'Nallah': 0, 'Retrofitting': 0, 'Pond': 0, 'Pokhari': 0, 'D/C': 0, 'Recharge shaft': 0, 'LFB': 0, 'RFB': 0}","{'Floodlight': 0, 'Flood Light': 0, 'GAS': 0, 'FIFA': 0, 'pipe': 0, 'pipes': 0, 'covid': 0, 'supply': 0, 'Beautification': 0, 'Installation': 0}",,,False,True,Immediate Measures
4089,NPI-NIT02/2020-21/GR017,"Construction of RCC slab including repair of P.C.C. Road,Drain and R.C.C.Slab at ward no.-17 , in Nagar Panchayat areas under Nagar Panchayat Islampur.","Construction of RCC slab including repair of P.C.C. Road,Drain and R.C.C.Slab at ward no.-17 , in Nagar Panchayat areas under Nagar Panchayat Islampur.",315400.0,INR,INR,2020-09-07 10:29:41+00:00,2020-09-07T10:25:34.837000+00:00,2020-09-13T10:12:17+00:00,"EXECUTIVE OFFICER, N.P. ISLAMPUR (EO)",EXECUTIVE OFFICER,NAGAR PANCHAYAT ISLAMPUR,"ISLAMPUR, NALANDA","EXECUTIVE OFFICER, N.P. ISLAMPUR (EO)",EXECUTIVE OFFICER,NAGAR PANCHAYAT ISLAMPUR,6400.0,750.0,590.0,True,"{'Flood': 0, 'Embankment': 0, 'embkt': 0, 'Relief': 0, 'Erosion': 0, 'SDRF': 0, 'Inundation': 0, 'Hydrology': 0, 'Silt': 0, 'Siltation': 0, 'Bund': 0, 'Trench': 0, 'Breach': 0, 'Culvert': 0, 'Sluice': 0, 'Dyke': 0, 'Storm water drain': 0, 'Emergency': 0, 'Immediate': 0, 'IM': 0, 'AE': 0, 'A E': 0, 'AAPDA MITRA': 0, 'Bridge': 0, 'River': 0, 'Drain': 2, 'Restoration': 0, 'Protection': 0, 'irr': 0, 'irrigation': 0, 'dam': 0, 'Nallah': 0, 'Retrofitting': 0, 'Pond': 0, 'Pokhari': 0, 'D/C': 0, 'Recharge shaft': 0, 'LFB': 0, 'RFB': 0}","{'Floodlight': 0, 'Flood Light': 0, 'GAS': 0, 'FIFA': 0, 'pipe': 0, 'pipes': 0, 'covid': 0, 'supply': 0, 'Beautification': 0, 'Installation': 0}",,,False,True,Immediate Measures
4091,NPI-NIT02/2020-21/GR018,"Construction of RCC slab including repair of P.C.C. Road,Drain and R.C.C.Slab in ward no.-18 , at  Nagar Panchayat areas under Nagar Panchayat Islampur.","Construction of RCC slab including repair of P.C.C. Road,Drain and R.C.C.Slab in ward no.-18 , at  Nagar Panchayat areas under Nagar Panchayat Islampur.",299200.0,INR,INR,2020-09-07 10:33:25+00:00,2020-09-07T10:30:03.514000+00:00,2020-09-13T10:16:11+00:00,"EXECUTIVE OFFICER, N.P. ISLAMPUR (EO)",EXECUTIVE OFFICER,NAGAR PANCHAYAT ISLAMPUR,"ISLAMPUR, NALANDA","EXECUTIVE OFFICER, N.P. ISLAMPUR (EO)",EXECUTIVE OFFICER,NAGAR PANCHAYAT ISLAMPUR,6000.0,750.0,590.0,True,"{'Flood': 0, 'Embankment': 0, 'embkt': 0, 'Relief': 0, 'Erosion': 0, 'SDRF': 0, 'Inundation': 0, 'Hydrology': 0, 'Silt': 0, 'Siltation': 0, 'Bund': 0, 'Trench': 0, 'Breach': 0, 'Culvert': 0, 'Sluice': 0, 'Dyke': 0, 'Storm water drain': 0, 'Emergency': 0, 'Immediate': 0, 'IM': 0, 'AE': 0, 'A E': 0, 'AAPDA MITRA': 0, 'Bridge': 0, 'River': 0, 'Drain': 2, 'Restoration': 0, 'Protection': 0, 'irr': 0, 'irrigation': 0, 'dam': 0, 'Nallah': 0, 'Retrofitting': 0, 'Pond': 0, 'Pokhari': 0, 'D/C': 0, 'Recharge shaft': 0, 'LFB': 0, 'RFB': 0}","{'Floodlight': 0, 'Flood Light': 0, 'GAS': 0, 'FIFA': 0, 'pipe': 0, 'pipes': 0, 'covid': 0, 'supply': 0, 'Beautification': 0, 'Installation': 0}",,,False,True,Immediate Measures
4079,NPI-NIT02/2020-21/GR010,"Construction of RCC slab including repair of P.C.C. Road,Drain and R.C.C.Slab in ward no.-10 , at Nagar Panchayat areas under Nagar Panchayat Islampur.","Construction of RCC slab including repair of P.C.C. Road,Drain and R.C.C.Slab in ward no.-10 , at Nagar Panchayat areas under Nagar Panchayat Islampur.",298200.0,INR,INR,2020-09-07 10:00:22+00:00,2020-09-07T09:57:43.740000+00:00,2020-09-13T09:53:34+00:00,"EXECUTIVE OFFICER, N.P. ISLAMPUR (EO)",EXECUTIVE OFFICER,NAGAR PANCHAYAT ISLAMPUR,"ISLAMPUR, NALANDA","EXECUTIVE OFFICER, N.P. ISLAMPUR (EO)",EXECUTIVE OFFICER,NAGAR PANCHAYAT ISLAMPUR,6000.0,750.0,590.0,True,"{'Flood': 0, 'Embankment': 0, 'embkt': 0, 'Relief': 0, 'Erosion': 0, 'SDRF': 0, 'Inundation': 0, 'Hydrology': 0, 'Silt': 0, 'Siltation': 0, 'Bund': 0, 'Trench': 0, 'Breach': 0, 'Culvert': 0, 'Sluice': 0, 'Dyke': 0, 'Storm water drain': 0, 'Emergency': 0, 'Immediate': 0, 'IM': 0, 'AE': 0, 'A E': 0, 'AAPDA MITRA': 0, 'Bridge': 0, 'River': 0, 'Drain': 2, 'Restoration': 0, 'Protection': 0, 'irr': 0, 'irrigation': 0, 'dam': 0, 'Nallah': 0, 'Retrofitting': 0, 'Pond': 0, 'Pokhari': 0, 'D/C': 0, 'Recharge shaft': 0, 'LFB': 0, 'RFB': 0}","{'Floodlight': 0, 'Flood Light': 0, 'GAS': 0, 'FIFA': 0, 'pipe': 0, 'pipes': 0, 'covid': 0, 'supply': 0, 'Beautification': 0, 'Installation': 0}",,,False,True,Immediate Measures
4084,NPI-NIT02/2020-21/GR014,"Construction of RCC slab including repair of P.C.C. Road,Drain and R.C.C.Slab in ward no.-14 , at Nagar Panchayat areas under Nagar Panchayat Islampur.","Construction of RCC slab including repair of P.C.C. Road,Drain and R.C.C.Slab in ward no.-14 , at Nagar Panchayat areas under Nagar Panchayat Islampur.",298800.0,INR,INR,2020-09-07 10:17:16+00:00,2020-09-07T10:10:51.344000+00:00,2020-09-13T10:03:45+00:00,"EXECUTIVE OFFICER, N.P. ISLAMPUR (EO)",EXECUTIVE OFFICER,NAGAR PANCHAYAT ISLAMPUR,"ISLAMPUR, NALANDA","EXECUTIVE OFFICER, N.P. ISLAMPUR (EO)",EXECUTIVE OFFICER,NAGAR PANCHAYAT ISLAMPUR,6000.0,750.0,590.0,True,"{'Flood': 0, 'Embankment': 0, 'embkt': 0, 'Relief': 0, 'Erosion': 0, 'SDRF': 0, 'Inundation': 0, 'Hydrology': 0, 'Silt': 0, 'Siltation': 0, 'Bund': 0, 'Trench': 0, 'Breach': 0, 'Culvert': 0, 'Sluice': 0, 'Dyke': 0, 'Storm water drain': 0, 'Emergency': 0, 'Immediate': 0, 'IM': 0, 'AE': 0, 'A E': 0, 'AAPDA MITRA': 0, 'Bridge': 0, 'River': 0, 'Drain': 2, 'Restoration': 0, 'Protection': 0, 'irr': 0, 'irrigation': 0, 'dam': 0, 'Nallah': 0, 'Retrofitting': 0, 'Pond': 0, 'Pokhari': 0, 'D/C': 0, 'Recharge shaft': 0, 'LFB': 0, 'RFB': 0}","{'Floodlight': 0, 'Flood Light': 0, 'GAS': 0, 'FIFA': 0, 'pipe': 0, 'pipes': 0, 'covid': 0, 'supply': 0, 'Beautification': 0, 'Installation': 0}",,,False,True,Immediate Measures
4100,NIT-01/2020-21-GR04,Dtailed Estimate for Construction of Paver Block Road & R.C.C Drain from Shyam Sah h/o Rudal Ray  in Ward No.04 in  Kanti Nagar Panchayat,Dtailed Estimate for Construction of Paver Block Road & R.C.C Drain from Shyam Sah h/o Rudal Ray  in Ward No.04 in  Kanti Nagar Panchayat,1519690.0,INR,INR,2020-09-07 12:40:58+00:00,2020-09-07T12:34:58.713000+00:00,2021-03-23T08:28:06+00:00,"EXECUTIVE OFFICER, KANTI",EO,NAGAR PARISHAD KANTI,"KANTI KASWA WARD NO 03, KANTI","EXECUTIVE OFFICER, KANTI",EO,NAGAR PANCHAYAT KANTI,30500.0,5000.0,590.0,True,"{'Flood': 0, 'Embankment': 0, 'embkt': 0, 'Relief': 0, 'Erosion': 0, 'SDRF': 0, 'Inundation': 0, 'Hydrology': 0, 'Silt': 0, 'Siltation': 0, 'Bund': 0, 'Trench': 0, 'Breach': 0, 'Culvert': 0, 'Sluice': 0, 'Dyke': 0, 'Storm water drain': 0, 'Emergency': 0, 'Immediate': 0, 'IM': 0, 'AE': 0, 'A E': 0, 'AAPDA MITRA': 0, 'Bridge': 0, 'River': 0, 'Drain': 2, 'Restoration': 0, 'Protection': 0, 'irr': 0, 'irrigation': 0, 'dam': 0, 'Nallah': 0, 'Retrofitting': 0, 'Pond': 0, 'Pokhari': 0, 'D/C': 0, 'Recharge shaft': 0, 'LFB': 0, 'RFB': 0}","{'Floodlight': 0, 'Flood Light': 0, 'GAS': 0, 'FIFA': 0, 'pipe': 0, 'pipes': 0, 'covid': 0, 'supply': 0, 'Beautification': 0, 'Installation': 0}",,,False,True,Immediate Measures
4083,NPI-NIT02/2020-21/GR013,"Construction of RCC slab including repair of P.C.C. Road,Drain and R.C.C.Slab in ward no.-13 , at Nagar Panchayat areas under Nagar Panchayat Islampur.","Construction of RCC slab including repair of P.C.C. Road,Drain and R.C.C.Slab in ward no.-13 , at Nagar Panchayat areas under Nagar Panchayat Islampur.",299100.0,INR,INR,2020-09-07 10:10:32+00:00,2020-09-07T10:07:45.774000+00:00,2020-09-13T10:01:04+00:00,"EXECUTIVE OFFICER, N.P. ISLAMPUR (EO)",EXECUTIVE OFFICER,NAGAR PANCHAYAT ISLAMPUR,"ISLAMPUR, NALANDA","EXECUTIVE OFFICER, N.P. ISLAMPUR (EO)",EXECUTIVE OFFICER,NAGAR PANCHAYAT ISLAMPUR,6000.0,750.0,590.0,True,"{'Flood': 0, 'Embankment': 0, 'embkt': 0, 'Relief': 0, 'Erosion': 0, 'SDRF': 0, 'Inundation': 0, 'Hydrology': 0, 'Silt': 0, 'Siltation': 0, 'Bund': 0, 'Trench': 0, 'Breach': 0, 'Culvert': 0, 'Sluice': 0, 'Dyke': 0, 'Storm water drain': 0, 'Emergency': 0, 'Immediate': 0, 'IM': 0, 'AE': 0, 'A E': 0, 'AAPDA MITRA': 0, 'Bridge': 0, 'River': 0, 'Drain': 2, 'Restoration': 0, 'Protection': 0, 'irr': 0, 'irrigation': 0, 'dam': 0, 'Nallah': 0, 'Retrofitting': 0, 'Pond': 0, 'Pokhari': 0, 'D/C': 0, 'Recharge shaft': 0, 'LFB': 0, 'RFB': 0}","{'Floodlight': 0, 'Flood Light': 0, 'GAS': 0, 'FIFA': 0, 'pipe': 0, 'pipes': 0, 'covid': 0, 'supply': 0, 'Beautification': 0, 'Installation': 0}",,,False,True,Immediate Measures
4104,NIT-01/2020-21-GR08,Detailed Estimate for Construction of  R.C.C Drain from Kishori Bhagat house to Barham Asthan to Yogender Bhagat in Ward No.10 in  Kanti Nagar Panchayat,Detailed Estimate for Construction of  R.C.C Drain from Kishori Bhagat house to Barham Asthan to Yogender Bhagat in Ward No.10 in  Kanti Nagar Panchayat,2181376.0,INR,INR,2020-09-07 13:03:25+00:00,2020-09-07T12:59:24.267000+00:00,2020-09-16T09:31:00+00:00,"EXECUTIVE OFFICER, KANTI",EO,NAGAR PARISHAD KANTI,"KANTI KASWA WARD NO 03, KANTI","EXECUTIVE OFFICER, KANTI",EO,NAGAR PANCHAYAT KANTI,43700.0,5000.0,590.0,True,"{'Flood': 0, 'Embankment': 0, 'embkt': 0, 'Relief': 0, 'Erosion': 0, 'SDRF': 0, 'Inundation': 0, 'Hydrology': 0, 'Silt': 0, 'Siltation': 0, 'Bund': 0, 'Trench': 0, 'Breach': 0, 'Culvert': 0, 'Sluice': 0, 'Dyke': 0, 'Storm water drain': 0, 'Emergency': 0, 'Immediate': 0, 'IM': 0, 'AE': 0, 'A E': 0, 'AAPDA MITRA': 0, 'Bridge': 0, 'River': 0, 'Drain': 2, 'Restoration': 0, 'Protection': 0, 'irr': 0, 'irrigation': 0, 'dam': 0, 'Nallah': 0, 'Retrofitting': 0, 'Pond': 0, 'Pokhari': 0, 'D/C': 0, 'Recharge shaft': 0, 'LFB': 0, 'RFB': 0}","{'Floodlight': 0, 'Flood Light': 0, 'GAS': 0, 'FIFA': 0, 'pipe': 0, 'pipes': 0, 'covid': 0, 'supply': 0, 'Beautification': 0, 'Installation': 0}",,,False,True,Immediate Measures
4107,NIT-01/2020-21-GR11,Detailed Estimate for Construction of  R.C.C Drain from Abdul Klam h/o Mahzid in Ward No.13 in  Kanti Nagar Panchayat,Detailed Estimate for Construction of  R.C.C Drain from Abdul Klam h/o Mahzid in Ward No.13 in  Kanti Nagar Panchayat,1165908.0,INR,INR,2020-09-07 13:16:47+00:00,2020-09-07T13:12:06.732000+00:00,2021-03-23T09:43:58+00:00,"EXECUTIVE OFFICER, KANTI",EO,NAGAR PARISHAD KANTI,"KANTI KASWA WARD NO 03, KANTI","EXECUTIVE OFFICER, KANTI",EO,NAGAR PANCHAYAT KANTI,23400.0,2500.0,590.0,True,"{'Flood': 0, 'Embankment': 0, 'embkt': 0, 'Relief': 0, 'Erosion': 0, 'SDRF': 0, 'Inundation': 0, 'Hydrology': 0, 'Silt': 0, 'Siltation': 0, 'Bund': 0, 'Trench': 0, 'Breach': 0, 'Culvert': 0, 'Sluice': 0, 'Dyke': 0, 'Storm water drain': 0, 'Emergency': 0, 'Immediate': 0, 'IM': 0, 'AE': 0, 'A E': 0, 'AAPDA MITRA': 0, 'Bridge': 0, 'River': 0, 'Drain': 2, 'Restoration': 0, 'Protection': 0, 'irr': 0, 'irrigation': 0, 'dam': 0, 'Nallah': 0, 'Retrofitting': 0, 'Pond': 0, 'Pokhari': 0, 'D/C': 0, 'Recharge shaft': 0, 'LFB': 0, 'RFB': 0}","{'Floodlight': 0, 'Flood Light': 0, 'GAS': 0, 'FIFA': 0, 'pipe': 0, 'pipes': 0, 'covid': 0, 'supply': 0, 'Beautification': 0, 'Installation': 0}",,,False,True,Immediate Measures
4092,NPI-NIT02/2020-21/GR019,"Construction of RCC slab including repair of P.C.C. Road,Drain and R.C.C.Slab in ward no.-19 , at Nagar Panchayat areas under Nagar Panchayat Islampur.","Construction of RCC slab including repair of P.C.C. Road,Drain and R.C.C.Slab in ward no.-19 , at Nagar Panchayat areas under Nagar Panchayat Islampur.",298200.0,INR,INR,2020-09-07 10:36:54+00:00,2020-09-07T10:33:45.491000+00:00,2020-09-13T10:18:45+00:00,"EXECUTIVE OFFICER, N.P. ISLAMPUR (EO)",EXECUTIVE OFFICER,NAGAR PANCHAYAT ISLAMPUR,"ISLAMPUR, NALANDA","EXECUTIVE OFFICER, N.P. ISLAMPUR (EO)",EXECUTIVE OFFICER,NAGAR PANCHAYAT ISLAMPUR,6000.0,750.0,590.0,True,"{'Flood': 0, 'Embankment': 0, 'embkt': 0, 'Relief': 0, 'Erosion': 0, 'SDRF': 0, 'Inundation': 0, 'Hydrology': 0, 'Silt': 0, 'Siltation': 0, 'Bund': 0, 'Trench': 0, 'Breach': 0, 'Culvert': 0, 'Sluice': 0, 'Dyke': 0, 'Storm water drain': 0, 'Emergency': 0, 'Immediate': 0, 'IM': 0, 'AE': 0, 'A E': 0, 'AAPDA MITRA': 0, 'Bridge': 0, 'River': 0, 'Drain': 2, 'Restoration': 0, 'Protection': 0, 'irr': 0, 'irrigation': 0, 'dam': 0, 'Nallah': 0, 'Retrofitting': 0, 'Pond': 0, 'Pokhari': 0, 'D/C': 0, 'Recharge shaft': 0, 'LFB': 0, 'RFB': 0}","{'Floodlight': 0, 'Flood Light': 0, 'GAS': 0, 'FIFA': 0, 'pipe': 0, 'pipes': 0, 'covid': 0, 'supply': 0, 'Beautification': 0, 'Installation': 0}",,,False,True,Immediate Measures
4103,NIT-01/2020-21-GR07,Detailed Estimate for Construction of  R.C.C Drain from Raj Sah house of Prahlad Sah via Dasi Sah house of Baraj Kishore Sah in Ward No.  9 in  Kanti Nagar Panchayat,Detailed Estimate for Construction of  R.C.C Drain from Raj Sah house of Prahlad Sah via Dasi Sah house of Baraj Kishore Sah in Ward No.  9 in  Kanti Nagar Panchayat,1579616.0,INR,INR,2020-09-07 12:59:10+00:00,2020-09-07T12:54:44.141000+00:00,2020-09-16T09:31:00+00:00,"EXECUTIVE OFFICER, KANTI",EO,NAGAR PARISHAD KANTI,"KANTI KASWA WARD NO 03, KANTI","EXECUTIVE OFFICER, KANTI",EO,NAGAR PANCHAYAT KANTI,31700.0,5000.0,590.0,True,"{'Flood': 0, 'Embankment': 0, 'embkt': 0, 'Relief': 0, 'Erosion': 0, 'SDRF': 0, 'Inundation': 0, 'Hydrology': 0, 'Silt': 0, 'Siltation': 0, 'Bund': 0, 'Trench': 0, 'Breach': 0, 'Culvert': 0, 'Sluice': 0, 'Dyke': 0, 'Storm water drain': 0, 'Emergency': 0, 'Immediate': 0, 'IM': 0, 'AE': 0, 'A E': 0, 'AAPDA MITRA': 0, 'Bridge': 0, 'River': 0, 'Drain': 2, 'Restoration': 0, 'Protection': 0, 'irr': 0, 'irrigation': 0, 'dam': 0, 'Nallah': 0, 'Retrofitting': 0, 'Pond': 0, 'Pokhari': 0, 'D/C': 0, 'Recharge shaft': 0, 'LFB': 0, 'RFB': 0}","{'Floodlight': 0, 'Flood Light': 0, 'GAS': 0, 'FIFA': 0, 'pipe': 0, 'pipes': 0, 'covid': 0, 'supply': 0, 'Beautification': 0, 'Installation': 0}",,,False,True,Immediate Measures
4102,NIT-01/2020-21-GR06,Detailed Estimate for Construction of  R.C.C Drain from Durga Asthan to Dr. Murtaza house via Madhya Vidhyalya Kanti Kasba in Ward No.8 in  Kanti Nagar Panchayat,Detailed Estimate for Construction of  R.C.C Drain from Durga Asthan to Dr. Murtaza house via Madhya Vidhyalya Kanti Kasba in Ward No.8 in  Kanti Nagar Panchayat,2482256.0,INR,INR,2020-09-07 12:54:13+00:00,2020-09-07T12:47:50.410000+00:00,2021-03-23T07:02:10+00:00,"EXECUTIVE OFFICER, KANTI",EO,NAGAR PARISHAD KANTI,"KANTI KASWA WARD NO 03, KANTI","EXECUTIVE OFFICER, KANTI",EO,NAGAR PANCHAYAT KANTI,49800.0,5000.0,590.0,True,"{'Flood': 0, 'Embankment': 0, 'embkt': 0, 'Relief': 0, 'Erosion': 0, 'SDRF': 0, 'Inundation': 0, 'Hydrology': 0, 'Silt': 0, 'Siltation': 0, 'Bund': 0, 'Trench': 0, 'Breach': 0, 'Culvert': 0, 'Sluice': 0, 'Dyke': 0, 'Storm water drain': 0, 'Emergency': 0, 'Immediate': 0, 'IM': 0, 'AE': 0, 'A E': 0, 'AAPDA MITRA': 0, 'Bridge': 0, 'River': 0, 'Drain': 2, 'Restoration': 0, 'Protection': 0, 'irr': 0, 'irrigation': 0, 'dam': 0, 'Nallah': 0, 'Retrofitting': 0, 'Pond': 0, 'Pokhari': 0, 'D/C': 0, 'Recharge shaft': 0, 'LFB': 0, 'RFB': 0}","{'Floodlight': 0, 'Flood Light': 0, 'GAS': 0, 'FIFA': 0, 'pipe': 0, 'pipes': 0, 'covid': 0, 'supply': 0, 'Beautification': 0, 'Installation': 0}",,,False,True,Immediate Measures
4101,NIT-01/2020-21-GR05,Detailed Estimate for Construction of  R.C.C Drain from Rekha Devi h/o Harinarayan Bhagat via Dheeraj Paswan house in Ward No.7 in  Kanti Nagar Panchayat,Detailed Estimate for Construction of  R.C.C Drain from Rekha Devi h/o Harinarayan Bhagat via Dheeraj Paswan house in Ward No.7 in  Kanti Nagar Panchayat,3760993.0,INR,INR,2020-09-07 12:47:34+00:00,2020-09-07T12:41:14.709000+00:00,2021-03-24T05:10:56+00:00,"EXECUTIVE OFFICER, KANTI",EO,NAGAR PARISHAD KANTI,"KANTI KASWA WARD NO 03, KANTI","EXECUTIVE OFFICER, KANTI",EO,NAGAR PANCHAYAT KANTI,75300.0,5000.0,590.0,True,"{'Flood': 0, 'Embankment': 0, 'embkt': 0, 'Relief': 0, 'Erosion': 0, 'SDRF': 0, 'Inundation': 0, 'Hydrology': 0, 'Silt': 0, 'Siltation': 0, 'Bund': 0, 'Trench': 0, 'Breach': 0, 'Culvert': 0, 'Sluice': 0, 'Dyke': 0, 'Storm water drain': 0, 'Emergency': 0, 'Immediate': 0, 'IM': 0, 'AE': 0, 'A E': 0, 'AAPDA MITRA': 0, 'Bridge': 0, 'River': 0, 'Drain': 2, 'Restoration': 0, 'Protection': 0, 'irr': 0, 'irrigation': 0, 'dam': 0, 'Nallah': 0, 'Retrofitting': 0, 'Pond': 0, 'Pokhari': 0, 'D/C': 0, 'Recharge shaft': 0, 'LFB': 0, 'RFB': 0}","{'Floodlight': 0, 'Flood Light': 0, 'GAS': 0, 'FIFA': 0, 'pipe': 0, 'pipes': 0, 'covid': 0, 'supply': 0, 'Beautification': 0, 'Installation': 0}",,,False,True,Immediate Measures
4372,NIT02/2020-21/G04,"Construction Of P.C.C. Road And Drain From Advocate Manoj Kumar House To Lakshmi Narayan Sharma House Via House Of Rajendra Prasad Singh In Ward No 2, Chapra Nagar Nigam.","Construction Of P.C.C. Road And Drain From Advocate Manoj Kumar House To Lakshmi Narayan Sharma House Via House Of Rajendra Prasad Singh In Ward No 2, Chapra Nagar Nigam.",720730.0,INR,INR,2020-09-09 18:49:39+00:00,2020-09-09T18:39:02.585000+00:00,2020-09-16T16:48:10+00:00,SANJAY KUMAR UPADHYAY,MUNICIPAL COMMISSIONER,CHAPRA MUNICIPAL CORPORATION,"NEAR MUNICIPAL CHOWK, CHAPRA, SARAN",ABDUL HAMID,MUNICIPAL COMMISSIONER,BEGUSARAI MUNICIPAL CORPORATION,14415.0,1250.0,590.0,True,"{'Flood': 0, 'Embankment': 0, 'embkt': 0, 'Relief': 0, 'Erosion': 0, 'SDRF': 0, 'Inundation': 0, 'Hydrology': 0, 'Silt': 0, 'Siltation': 0, 'Bund': 0, 'Trench': 0, 'Breach': 0, 'Culvert': 0, 'Sluice': 0, 'Dyke': 0, 'Storm water drain': 0, 'Emergency': 0, 'Immediate': 0, 'IM': 0, 'AE': 0, 'A E': 0, 'AAPDA MITRA': 0, 'Bridge': 0, 'River': 0, 'Drain': 2, 'Restoration': 0, 'Protection': 0, 'irr': 0, 'irrigation': 0, 'dam': 0, 'Nallah': 0, 'Retrofitting': 0, 'Pond': 0, 'Pokhari': 0, 'D/C': 0, 'Recharge shaft': 0, 'LFB': 0, 'RFB': 0}","{'Floodlight': 0, 'Flood Light': 0, 'GAS': 0, 'FIFA': 0, 'pipe': 0, 'pipes': 0, 'covid': 0, 'supply': 0, 'Beautification': 0, 'Installation': 0}",,,False,True,Others
4366,10/BCD/DARBHANGA/2020-21,RENOVATION OF RCC DRAIN AT MANDAL KARA IN DISTIC DARBHANGA YEAR 2020-21,RENOVATION OF RCC DRAIN AT MANDAL KARA IN DISTIC DARBHANGA YEAR 2020-21,4750122.0,INR,INR,2020-09-13 11:13:31+00:00,2020-09-09T14:14:00.357000+00:00,2020-10-03T09:31:00+00:00,"Executive Engineer, BUILDING DIVISION DARBHANGA",EE,Building division Darbhanga,"Executive Engineer, BUILDING DIVISION DARBHANGA, BCD","Superintending Engineer, BUILDING CIRCLE DARBHANGA",SE,Building Circle Darbhanga,95100.0,5000.0,590.0,True,"{'Flood': 0, 'Embankment': 0, 'embkt': 0, 'Relief': 0, 'Erosion': 0, 'SDRF': 0, 'Inundation': 0, 'Hydrology': 0, 'Silt': 0, 'Siltation': 0, 'Bund': 0, 'Trench': 0, 'Breach': 0, 'Culvert': 0, 'Sluice': 0, 'Dyke': 0, 'Storm water drain': 0, 'Emergency': 0, 'Immediate': 0, 'IM': 0, 'AE': 0, 'A E': 0, 'AAPDA MITRA': 0, 'Bridge': 0, 'River': 0, 'Drain': 2, 'Restoration': 0, 'Protection': 0, 'irr': 0, 'irrigation': 0, 'dam': 0, 'Nallah': 0, 'Retrofitting': 0, 'Pond': 0, 'Pokhari': 0, 'D/C': 0, 'Recharge shaft': 0, 'LFB': 0, 'RFB': 0}","{'Floodlight': 0, 'Flood Light': 0, 'GAS': 0, 'FIFA': 0, 'pipe': 0, 'pipes': 0, 'covid': 0, 'supply': 0, 'Beautification': 0, 'Installation': 0}",,,False,True,Repair and Restoration
4369,NIT02/2020-21/G01,"Construction Of Remaining Part Of  P.C.C. Road And Drain From Narayanpur Colony, Tribhuvan Singh House To Jwala Jaiswal House In Ward No 2, Chapra Nagar Nigam.","Construction Of Remaining Part Of  P.C.C. Road And Drain From Narayanpur Colony, Tribhuvan Singh House To Jwala Jaiswal House In Ward No 2, Chapra Nagar Nigam.",615063.0,INR,INR,2020-09-09 17:27:52+00:00,2020-09-09T17:07:52.679000+00:00,2020-09-16T16:14:48+00:00,SANJAY KUMAR UPADHYAY,MUNICIPAL COMMISSIONER,CHAPRA MUNICIPAL CORPORATION,"NEAR MUNICIPAL CHOWK, CHAPRA, SARAN",ABDUL HAMID,MUNICIPAL COMMISSIONER,BEGUSARAI MUNICIPAL CORPORATION,12302.0,1250.0,590.0,True,"{'Flood': 0, 'Embankment': 0, 'embkt': 0, 'Relief': 0, 'Erosion': 0, 'SDRF': 0, 'Inundation': 0, 'Hydrology': 0, 'Silt': 0, 'Siltation': 0, 'Bund': 0, 'Trench': 0, 'Breach': 0, 'Culvert': 0, 'Sluice': 0, 'Dyke': 0, 'Storm water drain': 0, 'Emergency': 0, 'Immediate': 0, 'IM': 0, 'AE': 0, 'A E': 0, 'AAPDA MITRA': 0, 'Bridge': 0, 'River': 0, 'Drain': 2, 'Restoration': 0, 'Protection': 0, 'irr': 0, 'irrigation': 0, 'dam': 0, 'Nallah': 0, 'Retrofitting': 0, 'Pond': 0, 'Pokhari': 0, 'D/C': 0, 'Recharge shaft': 0, 'LFB': 0, 'RFB': 0}","{'Floodlight': 0, 'Flood Light': 0, 'GAS': 0, 'FIFA': 0, 'pipe': 0, 'pipes': 0, 'covid': 0, 'supply': 0, 'Beautification': 0, 'Installation': 0}",,,False,True,Others
4370,NIT02/2020-21/G02,"Construction Of Paver Block Road And Drain From Northern Side Of N.H. 101, Nagendra Prasad Sonar House To Devanath Ram House In Shyamchak , Ward No 2, Chapra Nagar Nigam.","Construction Of Paver Block Road And Drain From Northern Side Of N.H. 101, Nagendra Prasad Sonar House To Devanath Ram House In Shyamchak , Ward No 2, Chapra Nagar Nigam.",521828.0,INR,INR,2020-09-09 18:24:36+00:00,2020-09-09T17:28:45.755000+00:00,2020-09-16T16:31:47+00:00,SANJAY KUMAR UPADHYAY,MUNICIPAL COMMISSIONER,CHAPRA MUNICIPAL CORPORATION,"NEAR MUNICIPAL CHOWK, CHAPRA, SARAN",ABDUL HAMID,MUNICIPAL COMMISSIONER,BEGUSARAI MUNICIPAL CORPORATION,10437.0,1250.0,590.0,True,"{'Flood': 0, 'Embankment': 0, 'embkt': 0, 'Relief': 0, 'Erosion': 0, 'SDRF': 0, 'Inundation': 0, 'Hydrology': 0, 'Silt': 0, 'Siltation': 0, 'Bund': 0, 'Trench': 0, 'Breach': 0, 'Culvert': 0, 'Sluice': 0, 'Dyke': 0, 'Storm water drain': 0, 'Emergency': 0, 'Immediate': 0, 'IM': 0, 'AE': 0, 'A E': 0, 'AAPDA MITRA': 0, 'Bridge': 0, 'River': 0, 'Drain': 2, 'Restoration': 0, 'Protection': 0, 'irr': 0, 'irrigation': 0, 'dam': 0, 'Nallah': 0, 'Retrofitting': 0, 'Pond': 0, 'Pokhari': 0, 'D/C': 0, 'Recharge shaft': 0, 'LFB': 0, 'RFB': 0}","{'Floodlight': 0, 'Flood Light': 0, 'GAS': 0, 'FIFA': 0, 'pipe': 0, 'pipes': 0, 'covid': 0, 'supply': 0, 'Beautification': 0, 'Installation': 0}",,,False,True,Others
4371,NIT02/2020-21/G03,"Construction Of P.C.C. Road And Drain From Ramashankar Ray House To Soni Bhawan And Ganesh Ram House To Mangal Ray House In Shyamchak Krishna Nagar Muhalla , Ward No 2, Chapra Nagar Nigam.","Construction Of P.C.C. Road And Drain From Ramashankar Ray House To Soni Bhawan And Ganesh Ram House To Mangal Ray House In Shyamchak Krishna Nagar Muhalla , Ward No 2, Chapra Nagar Nigam.",1426947.0,INR,INR,2020-09-09 18:38:08+00:00,2020-09-09T18:25:19.512000+00:00,2020-09-16T16:38:01+00:00,SANJAY KUMAR UPADHYAY,MUNICIPAL COMMISSIONER,CHAPRA MUNICIPAL CORPORATION,"NEAR MUNICIPAL CHOWK, CHAPRA, SARAN",ABDUL HAMID,MUNICIPAL COMMISSIONER,BEGUSARAI MUNICIPAL CORPORATION,28539.0,2500.0,590.0,True,"{'Flood': 0, 'Embankment': 0, 'embkt': 0, 'Relief': 0, 'Erosion': 0, 'SDRF': 0, 'Inundation': 0, 'Hydrology': 0, 'Silt': 0, 'Siltation': 0, 'Bund': 0, 'Trench': 0, 'Breach': 0, 'Culvert': 0, 'Sluice': 0, 'Dyke': 0, 'Storm water drain': 0, 'Emergency': 0, 'Immediate': 0, 'IM': 0, 'AE': 0, 'A E': 0, 'AAPDA MITRA': 0, 'Bridge': 0, 'River': 0, 'Drain': 2, 'Restoration': 0, 'Protection': 0, 'irr': 0, 'irrigation': 0, 'dam': 0, 'Nallah': 0, 'Retrofitting': 0, 'Pond': 0, 'Pokhari': 0, 'D/C': 0, 'Recharge shaft': 0, 'LFB': 0, 'RFB': 0}","{'Floodlight': 0, 'Flood Light': 0, 'GAS': 0, 'FIFA': 0, 'pipe': 0, 'pipes': 0, 'covid': 0, 'supply': 0, 'Beautification': 0, 'Installation': 0}",,,False,True,Others
4295,NIT02/2020-21,"Nagar Parishad Sasaram invites online proposal for Empanelment of Agencies for flood / water logging related works (Drain cleaning/Desalting, Drain Construction/ Repairing and Dewatering ) in Nagar Parishad Sasaram, Area for the duration of 1 YEAR.","Nagar Parishad Sasaram invites online proposal for Empanelment of Agencies for flood / water logging related works (Drain cleaning/Desalting, Drain Construction/ Repairing and Dewatering ) in Nagar Parishad Sasaram, Area for the duration of 1 YEAR.",0.0,INR,INR,2020-09-10 06:06:29+00:00,2020-09-09T10:14:21.917000+00:00,2020-09-18T06:31:00+00:00,SASARAM NAGAR NIGAM MUNICIPAL COMMISSIONER,MUNICIPAL COMMISSIONER,SASARAM NAGAR NIGAM,"G.T. ROAD, SASARAM",EXECUTIVE OFFICER NP SASARAM,EXECUTIVE OFFICER,SASARAM NAGAR PARISHAD,25000.0,5000.0,590.0,True,"{'Flood': 2, 'Embankment': 0, 'embkt': 0, 'Relief': 0, 'Erosion': 0, 'SDRF': 0, 'Inundation': 0, 'Hydrology': 0, 'Silt': 0, 'Siltation': 0, 'Bund': 0, 'Trench': 0, 'Breach': 0, 'Culvert': 0, 'Sluice': 0, 'Dyke': 0, 'Storm water drain': 0, 'Emergency': 0, 'Immediate': 0, 'IM': 0, 'AE': 0, 'A E': 0, 'AAPDA MITRA': 0, 'Bridge': 0, 'River': 0, 'Drain': 4, 'Restoration': 0, 'Protection': 0, 'irr': 0, 'irrigation': 0, 'dam': 0, 'Nallah': 0, 'Retrofitting': 0, 'Pond': 0, 'Pokhari': 0, 'D/C': 0, 'Recharge shaft': 0, 'LFB': 0, 'RFB': 0}","{'Floodlight': 0, 'Flood Light': 0, 'GAS': 0, 'FIFA': 0, 'pipe': 0, 'pipes': 0, 'covid': 0, 'supply': 0, 'Beautification': 0, 'Installation': 0}",,,False,True,Repair and Restoration
4382,NIT02/2020-21/G11,"Construction Of Paver Block Road And Drain In Premda Devi House In Bajrang Nagar And P.C.C. Road And Drain From Manoj Ojha House To Lala Ray House In Ratanpura Ojha Toli,  Ward No 10, Chapra Nagar Nigam.","Construction Of Paver Block Road And Drain In Premda Devi House In Bajrang Nagar And P.C.C. Road And Drain From Manoj Ojha House To Lala Ray House In Ratanpura Ojha Toli,  Ward No 10, Chapra Nagar Nigam.",527509.0,INR,INR,2020-09-10 02:17:42+00:00,2020-09-10T02:05:52.551000+00:00,2020-09-17T17:59:33+00:00,SANJAY KUMAR UPADHYAY,MUNICIPAL COMMISSIONER,CHAPRA MUNICIPAL CORPORATION,"NEAR MUNICIPAL CHOWK, CHAPRA, SARAN",ABDUL HAMID,MUNICIPAL COMMISSIONER,BEGUSARAI MUNICIPAL CORPORATION,10551.0,1250.0,590.0,True,"{'Flood': 0, 'Embankment': 0, 'embkt': 0, 'Relief': 0, 'Erosion': 0, 'SDRF': 0, 'Inundation': 0, 'Hydrology': 0, 'Silt': 0, 'Siltation': 0, 'Bund': 0, 'Trench': 0, 'Breach': 0, 'Culvert': 0, 'Sluice': 0, 'Dyke': 0, 'Storm water drain': 0, 'Emergency': 0, 'Immediate': 0, 'IM': 0, 'AE': 0, 'A E': 0, 'AAPDA MITRA': 0, 'Bridge': 0, 'River': 0, 'Drain': 4, 'Restoration': 0, 'Protection': 0, 'irr': 0, 'irrigation': 0, 'dam': 0, 'Nallah': 0, 'Retrofitting': 0, 'Pond': 0, 'Pokhari': 0, 'D/C': 0, 'Recharge shaft': 0, 'LFB': 0, 'RFB': 0}","{'Floodlight': 0, 'Flood Light': 0, 'GAS': 0, 'FIFA': 0, 'pipe': 0, 'pipes': 0, 'covid': 0, 'supply': 0, 'Beautification': 0, 'Installation': 0}",,,False,True,Others
4378,NIT02/2020-21/G10,"Construction Of P.C.C. Road And Drain From Ishwardayal Prasad House To Pr. Rajendra Singh House Via House Of Pashupati Prasad In Gyan Mandir Colony,  Ward No 10, Chapra Nagar Nigam.","Construction Of P.C.C. Road And Drain From Ishwardayal Prasad House To Pr. Rajendra Singh House Via House Of Pashupati Prasad In Gyan Mandir Colony,  Ward No 10, Chapra Nagar Nigam.",979870.0,INR,INR,2020-09-09 19:44:59+00:00,2020-09-09T19:36:36.147000+00:00,2020-09-17T16:54:19+00:00,SANJAY KUMAR UPADHYAY,MUNICIPAL COMMISSIONER,CHAPRA MUNICIPAL CORPORATION,"NEAR MUNICIPAL CHOWK, CHAPRA, SARAN",ABDUL HAMID,MUNICIPAL COMMISSIONER,BEGUSARAI MUNICIPAL CORPORATION,19598.0,1250.0,590.0,True,"{'Flood': 0, 'Embankment': 0, 'embkt': 0, 'Relief': 0, 'Erosion': 0, 'SDRF': 0, 'Inundation': 0, 'Hydrology': 0, 'Silt': 0, 'Siltation': 0, 'Bund': 0, 'Trench': 0, 'Breach': 0, 'Culvert': 0, 'Sluice': 0, 'Dyke': 0, 'Storm water drain': 0, 'Emergency': 0, 'Immediate': 0, 'IM': 0, 'AE': 0, 'A E': 0, 'AAPDA MITRA': 0, 'Bridge': 0, 'River': 0, 'Drain': 2, 'Restoration': 0, 'Protection': 0, 'irr': 0, 'irrigation': 0, 'dam': 0, 'Nallah': 0, 'Retrofitting': 0, 'Pond': 0, 'Pokhari': 0, 'D/C': 0, 'Recharge shaft': 0, 'LFB': 0, 'RFB': 0}","{'Floodlight': 0, 'Flood Light': 0, 'GAS': 0, 'FIFA': 0, 'pipe': 0, 'pipes': 0, 'covid': 0, 'supply': 0, 'Beautification': 0, 'Installation': 0}",,,False,True,Others
4376,NIT02/2020-21/G08,"Construction Of Remaining Part Of P.C.C. Road And Drain From Vindhyavashini Nagar Gate To Nagendra Prasad Giri House Via House Of Suresh Singh In Ward No 10, Chapra Nagar Nigam.","Construction Of Remaining Part Of P.C.C. Road And Drain From Vindhyavashini Nagar Gate To Nagendra Prasad Giri House Via House Of Suresh Singh In Ward No 10, Chapra Nagar Nigam.",626330.0,INR,INR,2020-09-09 19:27:51+00:00,2020-09-09T19:19:19.176000+00:00,2020-09-16T17:21:42+00:00,SANJAY KUMAR UPADHYAY,MUNICIPAL COMMISSIONER,CHAPRA MUNICIPAL CORPORATION,"NEAR MUNICIPAL CHOWK, CHAPRA, SARAN",ABDUL HAMID,MUNICIPAL COMMISSIONER,BEGUSARAI MUNICIPAL CORPORATION,12527.0,1250.0,590.0,True,"{'Flood': 0, 'Embankment': 0, 'embkt': 0, 'Relief': 0, 'Erosion': 0, 'SDRF': 0, 'Inundation': 0, 'Hydrology': 0, 'Silt': 0, 'Siltation': 0, 'Bund': 0, 'Trench': 0, 'Breach': 0, 'Culvert': 0, 'Sluice': 0, 'Dyke': 0, 'Storm water drain': 0, 'Emergency': 0, 'Immediate': 0, 'IM': 0, 'AE': 0, 'A E': 0, 'AAPDA MITRA': 0, 'Bridge': 0, 'River': 0, 'Drain': 2, 'Restoration': 0, 'Protection': 0, 'irr': 0, 'irrigation': 0, 'dam': 0, 'Nallah': 0, 'Retrofitting': 0, 'Pond': 0, 'Pokhari': 0, 'D/C': 0, 'Recharge shaft': 0, 'LFB': 0, 'RFB': 0}","{'Floodlight': 0, 'Flood Light': 0, 'GAS': 0, 'FIFA': 0, 'pipe': 0, 'pipes': 0, 'covid': 0, 'supply': 0, 'Beautification': 0, 'Installation': 0}",,,False,True,Others
4375,NIT02/2020-21/G07,"Construction Of P.C.C. Road And Drain From Shambhunath Ray House To Rajesh Manjhi House In Narayanpur, Ward No 2, Chapra Nagar Nigam.","Construction Of P.C.C. Road And Drain From Shambhunath Ray House To Rajesh Manjhi House In Narayanpur, Ward No 2, Chapra Nagar Nigam.",445342.0,INR,INR,2020-09-09 19:18:22+00:00,2020-09-09T19:09:53.427000+00:00,2020-09-16T17:15:22+00:00,SANJAY KUMAR UPADHYAY,MUNICIPAL COMMISSIONER,CHAPRA MUNICIPAL CORPORATION,"NEAR MUNICIPAL CHOWK, CHAPRA, SARAN",ABDUL HAMID,MUNICIPAL COMMISSIONER,BEGUSARAI MUNICIPAL CORPORATION,8907.0,1250.0,590.0,True,"{'Flood': 0, 'Embankment': 0, 'embkt': 0, 'Relief': 0, 'Erosion': 0, 'SDRF': 0, 'Inundation': 0, 'Hydrology': 0, 'Silt': 0, 'Siltation': 0, 'Bund': 0, 'Trench': 0, 'Breach': 0, 'Culvert': 0, 'Sluice': 0, 'Dyke': 0, 'Storm water drain': 0, 'Emergency': 0, 'Immediate': 0, 'IM': 0, 'AE': 0, 'A E': 0, 'AAPDA MITRA': 0, 'Bridge': 0, 'River': 0, 'Drain': 2, 'Restoration': 0, 'Protection': 0, 'irr': 0, 'irrigation': 0, 'dam': 0, 'Nallah': 0, 'Retrofitting': 0, 'Pond': 0, 'Pokhari': 0, 'D/C': 0, 'Recharge shaft': 0, 'LFB': 0, 'RFB': 0}","{'Floodlight': 0, 'Flood Light': 0, 'GAS': 0, 'FIFA': 0, 'pipe': 0, 'pipes': 0, 'covid': 0, 'supply': 0, 'Beautification': 0, 'Installation': 0}",,,False,True,Others
4374,NIT02/2020-21/G06,"Construction Of Paver Block Road And Drain From Rajesh Ram House To Parvati Devi House In Shyamchak, Ward No 2, Chapra Nagar Nigam.","Construction Of Paver Block Road And Drain From Rajesh Ram House To Parvati Devi House In Shyamchak, Ward No 2, Chapra Nagar Nigam.",463446.0,INR,INR,2020-09-09 19:09:05+00:00,2020-09-09T19:01:23.993000+00:00,2020-09-16T17:06:02+00:00,SANJAY KUMAR UPADHYAY,MUNICIPAL COMMISSIONER,CHAPRA MUNICIPAL CORPORATION,"NEAR MUNICIPAL CHOWK, CHAPRA, SARAN",ABDUL HAMID,MUNICIPAL COMMISSIONER,BEGUSARAI MUNICIPAL CORPORATION,9269.0,750.0,590.0,True,"{'Flood': 0, 'Embankment': 0, 'embkt': 0, 'Relief': 0, 'Erosion': 0, 'SDRF': 0, 'Inundation': 0, 'Hydrology': 0, 'Silt': 0, 'Siltation': 0, 'Bund': 0, 'Trench': 0, 'Breach': 0, 'Culvert': 0, 'Sluice': 0, 'Dyke': 0, 'Storm water drain': 0, 'Emergency': 0, 'Immediate': 0, 'IM': 0, 'AE': 0, 'A E': 0, 'AAPDA MITRA': 0, 'Bridge': 0, 'River': 0, 'Drain': 2, 'Restoration': 0, 'Protection': 0, 'irr': 0, 'irrigation': 0, 'dam': 0, 'Nallah': 0, 'Retrofitting': 0, 'Pond': 0, 'Pokhari': 0, 'D/C': 0, 'Recharge shaft': 0, 'LFB': 0, 'RFB': 0}","{'Floodlight': 0, 'Flood Light': 0, 'GAS': 0, 'FIFA': 0, 'pipe': 0, 'pipes': 0, 'covid': 0, 'supply': 0, 'Beautification': 0, 'Installation': 0}",,,False,True,Others
4373,NIT02/2020-21/G05,"Construction Of P.C.C. Road And Drain From Uday Shrivastav House To Manoj Ray House And Mahang Ray House To Manoj Ray House Via House Of Bangali Ray In Shyamchak, Krishna Nagar, Ward No 2, Chapra Nagar Nigam.","Construction Of P.C.C. Road And Drain From Uday Shrivastav House To Manoj Ray House And Mahang Ray House To Manoj Ray House Via House Of Bangali Ray In Shyamchak, Krishna Nagar, Ward No 2, Chapra Nagar Nigam.",1224511.0,INR,INR,2020-09-09 19:01:00+00:00,2020-09-09T18:50:06.300000+00:00,2020-09-15T09:31:00+00:00,SANJAY KUMAR UPADHYAY,MUNICIPAL COMMISSIONER,CHAPRA MUNICIPAL CORPORATION,"NEAR MUNICIPAL CHOWK, CHAPRA, SARAN",ABDUL HAMID,MUNICIPAL COMMISSIONER,BEGUSARAI MUNICIPAL CORPORATION,24491.0,2500.0,590.0,True,"{'Flood': 0, 'Embankment': 0, 'embkt': 0, 'Relief': 0, 'Erosion': 0, 'SDRF': 0, 'Inundation': 0, 'Hydrology': 0, 'Silt': 0, 'Siltation': 0, 'Bund': 0, 'Trench': 0, 'Breach': 0, 'Culvert': 0, 'Sluice': 0, 'Dyke': 0, 'Storm water drain': 0, 'Emergency': 0, 'Immediate': 0, 'IM': 0, 'AE': 0, 'A E': 0, 'AAPDA MITRA': 0, 'Bridge': 0, 'River': 0, 'Drain': 2, 'Restoration': 0, 'Protection': 0, 'irr': 0, 'irrigation': 0, 'dam': 0, 'Nallah': 0, 'Retrofitting': 0, 'Pond': 0, 'Pokhari': 0, 'D/C': 0, 'Recharge shaft': 0, 'LFB': 0, 'RFB': 0}","{'Floodlight': 0, 'Flood Light': 0, 'GAS': 0, 'FIFA': 0, 'pipe': 0, 'pipes': 0, 'covid': 0, 'supply': 0, 'Beautification': 0, 'Installation': 0}",,,False,True,Others
4383,NIT02/2020-21/G12,"Construction Of P.C.C. Road And Drain From Adalat Ram House To Luti Dawa House Via House Of Sarvanand Shukla, Bhrigunath Pathak, Prakash Shukla, Ravindra Singh And Alakhnath Ojha In Ratanpura Ojha Toli Ward No 12, Chapra Nagar Nigam.","Construction Of P.C.C. Road And Drain From Adalat Ram House To Luti Dawa House Via House Of Sarvanand Shukla, Bhrigunath Pathak, Prakash Shukla, Ravindra Singh And Alakhnath Ojha In Ratanpura Ojha Toli Ward No 12, Chapra Nagar Nigam.",658945.0,INR,INR,2020-09-10 02:32:28+00:00,2020-09-10T02:18:16.855000+00:00,2020-09-17T18:06:25+00:00,SANJAY KUMAR UPADHYAY,MUNICIPAL COMMISSIONER,CHAPRA MUNICIPAL CORPORATION,"NEAR MUNICIPAL CHOWK, CHAPRA, SARAN",ABDUL HAMID,MUNICIPAL COMMISSIONER,BEGUSARAI MUNICIPAL CORPORATION,13179.0,1250.0,590.0,True,"{'Flood': 0, 'Embankment': 0, 'embkt': 0, 'Relief': 0, 'Erosion': 0, 'SDRF': 0, 'Inundation': 0, 'Hydrology': 0, 'Silt': 0, 'Siltation': 0, 'Bund': 0, 'Trench': 0, 'Breach': 0, 'Culvert': 0, 'Sluice': 0, 'Dyke': 0, 'Storm water drain': 0, 'Emergency': 0, 'Immediate': 0, 'IM': 0, 'AE': 0, 'A E': 0, 'AAPDA MITRA': 0, 'Bridge': 0, 'River': 0, 'Drain': 2, 'Restoration': 0, 'Protection': 0, 'irr': 0, 'irrigation': 0, 'dam': 0, 'Nallah': 0, 'Retrofitting': 0, 'Pond': 0, 'Pokhari': 0, 'D/C': 0, 'Recharge shaft': 0, 'LFB': 0, 'RFB': 0}","{'Floodlight': 0, 'Flood Light': 0, 'GAS': 0, 'FIFA': 0, 'pipe': 0, 'pipes': 0, 'covid': 0, 'supply': 0, 'Beautification': 0, 'Installation': 0}",,,False,True,Others
4377,NIT02/2020-21/G09,"Construction Of P.C.C. Road And Drain From Shankar Ray House To Satyendra Yadav House In Daulatganj, Mirchaiya Tola, Ward No 10, Chapra Nagar Nigam.","Construction Of P.C.C. Road And Drain From Shankar Ray House To Satyendra Yadav House In Daulatganj, Mirchaiya Tola, Ward No 10, Chapra Nagar Nigam.",526796.0,INR,INR,2020-09-09 19:35:36+00:00,2020-09-09T19:28:07.074000+00:00,2020-09-16T17:31:35+00:00,SANJAY KUMAR UPADHYAY,MUNICIPAL COMMISSIONER,CHAPRA MUNICIPAL CORPORATION,"NEAR MUNICIPAL CHOWK, CHAPRA, SARAN",ABDUL HAMID,MUNICIPAL COMMISSIONER,BEGUSARAI MUNICIPAL CORPORATION,10536.0,1250.0,590.0,True,"{'Flood': 0, 'Embankment': 0, 'embkt': 0, 'Relief': 0, 'Erosion': 0, 'SDRF': 0, 'Inundation': 0, 'Hydrology': 0, 'Silt': 0, 'Siltation': 0, 'Bund': 0, 'Trench': 0, 'Breach': 0, 'Culvert': 0, 'Sluice': 0, 'Dyke': 0, 'Storm water drain': 0, 'Emergency': 0, 'Immediate': 0, 'IM': 0, 'AE': 0, 'A E': 0, 'AAPDA MITRA': 0, 'Bridge': 0, 'River': 0, 'Drain': 2, 'Restoration': 0, 'Protection': 0, 'irr': 0, 'irrigation': 0, 'dam': 0, 'Nallah': 0, 'Retrofitting': 0, 'Pond': 0, 'Pokhari': 0, 'D/C': 0, 'Recharge shaft': 0, 'LFB': 0, 'RFB': 0}","{'Floodlight': 0, 'Flood Light': 0, 'GAS': 0, 'FIFA': 0, 'pipe': 0, 'pipes': 0, 'covid': 0, 'supply': 0, 'Beautification': 0, 'Installation': 0}",,,False,True,Others
4386,NIT02/2020-21/G15,"Construction Of Paver Block Road And Drain From Shahi Jee House To Habib Jarrah Via House Of Sahay Jee Behind Bhagwan Bazar P.S. In Ward No 12, Chapra Nagar Nigam.","Construction Of Paver Block Road And Drain From Shahi Jee House To Habib Jarrah Via House Of Sahay Jee Behind Bhagwan Bazar P.S. In Ward No 12, Chapra Nagar Nigam.",1010779.0,INR,INR,2020-09-10 02:51:51+00:00,2020-09-10T02:46:00.251000+00:00,2020-09-15T09:31:00+00:00,SANJAY KUMAR UPADHYAY,MUNICIPAL COMMISSIONER,CHAPRA MUNICIPAL CORPORATION,"NEAR MUNICIPAL CHOWK, CHAPRA, SARAN",ABDUL HAMID,MUNICIPAL COMMISSIONER,BEGUSARAI MUNICIPAL CORPORATION,20216.0,2500.0,590.0,True,"{'Flood': 0, 'Embankment': 0, 'embkt': 0, 'Relief': 0, 'Erosion': 0, 'SDRF': 0, 'Inundation': 0, 'Hydrology': 0, 'Silt': 0, 'Siltation': 0, 'Bund': 0, 'Trench': 0, 'Breach': 0, 'Culvert': 0, 'Sluice': 0, 'Dyke': 0, 'Storm water drain': 0, 'Emergency': 0, 'Immediate': 0, 'IM': 0, 'AE': 0, 'A E': 0, 'AAPDA MITRA': 0, 'Bridge': 0, 'River': 0, 'Drain': 2, 'Restoration': 0, 'Protection': 0, 'irr': 0, 'irrigation': 0, 'dam': 0, 'Nallah': 0, 'Retrofitting': 0, 'Pond': 0, 'Pokhari': 0, 'D/C': 0, 'Recharge shaft': 0, 'LFB': 0, 'RFB': 0}","{'Floodlight': 0, 'Flood Light': 0, 'GAS': 0, 'FIFA': 0, 'pipe': 0, 'pipes': 0, 'covid': 0, 'supply': 0, 'Beautification': 0, 'Installation': 0}",,,False,True,Others
4385,NIT02/2020-21/G14,"Construction Of Paver Block Road And Drain From Dwarika Pathak, Chandrika Ray House   To Vindhyachal Singh House Via House Of Jagarnath Prasad Infront Of Dharamnath Temple, Ward No 12, Chapra Nagar Nigam.","Construction Of Paver Block Road And Drain From Dwarika Pathak, Chandrika Ray House   To Vindhyachal Singh House Via House Of Jagarnath Prasad Infront Of Dharamnath Temple, Ward No 12, Chapra Nagar Nigam.",764371.0,INR,INR,2020-09-10 02:45:17+00:00,2020-09-10T02:39:28.886000+00:00,2020-09-17T18:23:12+00:00,SANJAY KUMAR UPADHYAY,MUNICIPAL COMMISSIONER,CHAPRA MUNICIPAL CORPORATION,"NEAR MUNICIPAL CHOWK, CHAPRA, SARAN",ABDUL HAMID,MUNICIPAL COMMISSIONER,BEGUSARAI MUNICIPAL CORPORATION,15288.0,1250.0,590.0,True,"{'Flood': 0, 'Embankment': 0, 'embkt': 0, 'Relief': 0, 'Erosion': 0, 'SDRF': 0, 'Inundation': 0, 'Hydrology': 0, 'Silt': 0, 'Siltation': 0, 'Bund': 0, 'Trench': 0, 'Breach': 0, 'Culvert': 0, 'Sluice': 0, 'Dyke': 0, 'Storm water drain': 0, 'Emergency': 0, 'Immediate': 0, 'IM': 0, 'AE': 0, 'A E': 0, 'AAPDA MITRA': 0, 'Bridge': 0, 'River': 0, 'Drain': 2, 'Restoration': 0, 'Protection': 0, 'irr': 0, 'irrigation': 0, 'dam': 0, 'Nallah': 0, 'Retrofitting': 0, 'Pond': 0, 'Pokhari': 0, 'D/C': 0, 'Recharge shaft': 0, 'LFB': 0, 'RFB': 0}","{'Floodlight': 0, 'Flood Light': 0, 'GAS': 0, 'FIFA': 0, 'pipe': 0, 'pipes': 0, 'covid': 0, 'supply': 0, 'Beautification': 0, 'Installation': 0}",,,False,True,Others
4388,NIT02/2020-21/G17,"Construction Of Paver Block Road And Drain From Shyam Bihari Ray House  To Dinesh Baba Via House Of Mithilesh Pandey And Yogendra Sah In Ratanpura Ojha Toli, Naw Colony, Ward No 12, Chapra Nagar Nigam.","Construction Of Paver Block Road And Drain From Shyam Bihari Ray House  To Dinesh Baba Via House Of Mithilesh Pandey And Yogendra Sah In Ratanpura Ojha Toli, Naw Colony, Ward No 12, Chapra Nagar Nigam.",1049704.0,INR,INR,2020-09-10 03:31:28+00:00,2020-09-10T03:12:23.704000+00:00,2020-09-17T18:36:07+00:00,SANJAY KUMAR UPADHYAY,MUNICIPAL COMMISSIONER,CHAPRA MUNICIPAL CORPORATION,"NEAR MUNICIPAL CHOWK, CHAPRA, SARAN",ABDUL HAMID,MUNICIPAL COMMISSIONER,BEGUSARAI MUNICIPAL CORPORATION,20995.0,2500.0,590.0,True,"{'Flood': 0, 'Embankment': 0, 'embkt': 0, 'Relief': 0, 'Erosion': 0, 'SDRF': 0, 'Inundation': 0, 'Hydrology': 0, 'Silt': 0, 'Siltation': 0, 'Bund': 0, 'Trench': 0, 'Breach': 0, 'Culvert': 0, 'Sluice': 0, 'Dyke': 0, 'Storm water drain': 0, 'Emergency': 0, 'Immediate': 0, 'IM': 0, 'AE': 0, 'A E': 0, 'AAPDA MITRA': 0, 'Bridge': 0, 'River': 0, 'Drain': 2, 'Restoration': 0, 'Protection': 0, 'irr': 0, 'irrigation': 0, 'dam': 0, 'Nallah': 0, 'Retrofitting': 0, 'Pond': 0, 'Pokhari': 0, 'D/C': 0, 'Recharge shaft': 0, 'LFB': 0, 'RFB': 0}","{'Floodlight': 0, 'Flood Light': 0, 'GAS': 0, 'FIFA': 0, 'pipe': 0, 'pipes': 0, 'covid': 0, 'supply': 0, 'Beautification': 0, 'Installation': 0}",,,False,True,Others
4384,NIT02/2020-21/G13,"Construction Of Paver Block Road And Drain From Brahamdev Prasad Lichvi House Batuk Tiwari House Via House Of Bhuwar Jee House In Ratanpura, Ward No 12, Chapra Nagar Nigam.","Construction Of Paver Block Road And Drain From Brahamdev Prasad Lichvi House Batuk Tiwari House Via House Of Bhuwar Jee House In Ratanpura, Ward No 12, Chapra Nagar Nigam.",481939.0,INR,INR,2020-09-10 02:38:45+00:00,2020-09-10T02:33:14.914000+00:00,2020-09-17T18:16:12+00:00,SANJAY KUMAR UPADHYAY,MUNICIPAL COMMISSIONER,CHAPRA MUNICIPAL CORPORATION,"NEAR MUNICIPAL CHOWK, CHAPRA, SARAN",ABDUL HAMID,MUNICIPAL COMMISSIONER,BEGUSARAI MUNICIPAL CORPORATION,9639.0,1250.0,590.0,True,"{'Flood': 0, 'Embankment': 0, 'embkt': 0, 'Relief': 0, 'Erosion': 0, 'SDRF': 0, 'Inundation': 0, 'Hydrology': 0, 'Silt': 0, 'Siltation': 0, 'Bund': 0, 'Trench': 0, 'Breach': 0, 'Culvert': 0, 'Sluice': 0, 'Dyke': 0, 'Storm water drain': 0, 'Emergency': 0, 'Immediate': 0, 'IM': 0, 'AE': 0, 'A E': 0, 'AAPDA MITRA': 0, 'Bridge': 0, 'River': 0, 'Drain': 2, 'Restoration': 0, 'Protection': 0, 'irr': 0, 'irrigation': 0, 'dam': 0, 'Nallah': 0, 'Retrofitting': 0, 'Pond': 0, 'Pokhari': 0, 'D/C': 0, 'Recharge shaft': 0, 'LFB': 0, 'RFB': 0}","{'Floodlight': 0, 'Flood Light': 0, 'GAS': 0, 'FIFA': 0, 'pipe': 0, 'pipes': 0, 'covid': 0, 'supply': 0, 'Beautification': 0, 'Installation': 0}",,,False,True,Others
4387,NIT02/2020-21/G16,"Construction Of Paver Block Road And Drain In Tiju Prasad Street, Ward No 12, Chapra Nagar Nigam.","Construction Of Paver Block Road And Drain In Tiju Prasad Street, Ward No 12, Chapra Nagar Nigam.",214407.0,INR,INR,2020-09-10 03:11:48+00:00,2020-09-10T02:52:07.812000+00:00,2020-09-17T18:29:32+00:00,SANJAY KUMAR UPADHYAY,MUNICIPAL COMMISSIONER,CHAPRA MUNICIPAL CORPORATION,"NEAR MUNICIPAL CHOWK, CHAPRA, SARAN",ABDUL HAMID,MUNICIPAL COMMISSIONER,BEGUSARAI MUNICIPAL CORPORATION,4289.0,500.0,590.0,True,"{'Flood': 0, 'Embankment': 0, 'embkt': 0, 'Relief': 0, 'Erosion': 0, 'SDRF': 0, 'Inundation': 0, 'Hydrology': 0, 'Silt': 0, 'Siltation': 0, 'Bund': 0, 'Trench': 0, 'Breach': 0, 'Culvert': 0, 'Sluice': 0, 'Dyke': 0, 'Storm water drain': 0, 'Emergency': 0, 'Immediate': 0, 'IM': 0, 'AE': 0, 'A E': 0, 'AAPDA MITRA': 0, 'Bridge': 0, 'River': 0, 'Drain': 2, 'Restoration': 0, 'Protection': 0, 'irr': 0, 'irrigation': 0, 'dam': 0, 'Nallah': 0, 'Retrofitting': 0, 'Pond': 0, 'Pokhari': 0, 'D/C': 0, 'Recharge shaft': 0, 'LFB': 0, 'RFB': 0}","{'Floodlight': 0, 'Flood Light': 0, 'GAS': 0, 'FIFA': 0, 'pipe': 0, 'pipes': 0, 'covid': 0, 'supply': 0, 'Beautification': 0, 'Installation': 0}",,,False,True,Others
4436,NIT-03/2020-21/GR-01,Construction of Drain 1 In Alinagar from Shatrughna Bhandari house to kalpana cinema via dih bishanpur in part length upto alinagar more 2 Road with drain from alafganj masjid belal house to main road via moti house 3 road with drain from alafganj engineer mahfoos house to main road via abdul rauf house and 4 road and drain in alinagar ansar house to main road via khan saheb house in ward no 01,Construction of Drain 1 In Alinagar from Shatrughna Bhandari house to kalpana cinema via dih bishanpur in part length upto alinagar more 2 Road with drain from alafganj masjid belal house to main road via moti house 3 road with drain from alafganj engineer mahfoos house to main road via abdul rauf house and 4 road and drain in alinagar ansar house to main road via khan saheb house in ward no 01,2500000.0,INR,INR,2020-09-11 04:24:31+00:00,2020-09-10T14:25:32.718000+00:00,2020-09-19T09:31:00+00:00,SOMESH BAHADUR MATHUR,Municipal Commissioner Begusarai,"BEGUSARAI Municipal Corporation, BEGUSARAI","SRI KRISHNA SINGH CHOWK,",Manesh Kumar Meena,Municipal Commissioner,"Darbhanga Municipal Corporation, Darbhanga",50000.0,5000.0,590.0,True,"{'Flood': 0, 'Embankment': 0, 'embkt': 0, 'Relief': 0, 'Erosion': 0, 'SDRF': 0, 'Inundation': 0, 'Hydrology': 0, 'Silt': 0, 'Siltation': 0, 'Bund': 0, 'Trench': 0, 'Breach': 0, 'Culvert': 0, 'Sluice': 0, 'Dyke': 0, 'Storm water drain': 0, 'Emergency': 0, 'Immediate': 0, 'IM': 0, 'AE': 0, 'A E': 0, 'AAPDA MITRA': 0, 'Bridge': 0, 'River': 0, 'Drain': 8, 'Restoration': 0, 'Protection': 0, 'irr': 0, 'irrigation': 0, 'dam': 0, 'Nallah': 0, 'Retrofitting': 0, 'Pond': 0, 'Pokhari': 0, 'D/C': 0, 'Recharge shaft': 0, 'LFB': 0, 'RFB': 0}","{'Floodlight': 0, 'Flood Light': 0, 'GAS': 0, 'FIFA': 0, 'pipe': 0, 'pipes': 0, 'covid': 0, 'supply': 0, 'Beautification': 0, 'Installation': 0}",,,False,True,Immediate Measures
4435,NIT-03/2020-21/GR-29,"Improvement of road from Shatrughna Sahani house to Kali Mandir, Ram Chandra Sahni house to Kali Mandir, upto Deepak Sahani's house with Mandir Campus and drain infront of Mahabir Mandir Remaining Part at Sahani Chowk, Repairing of existing drain around mandir in ward no.-04.","Improvement of road from Shatrughna Sahani house to Kali Mandir, Ram Chandra Sahni house to Kali Mandir, upto Deepak Sahani's house with Mandir Campus and drain infront of Mahabir Mandir Remaining Part at Sahani Chowk, Repairing of existing drain around mandir in ward no.-04.",1175000.0,INR,INR,2020-09-11 06:08:52+00:00,2020-09-10T13:40:38.655000+00:00,2020-09-19T09:31:00+00:00,SOMESH BAHADUR MATHUR,Municipal Commissioner Begusarai,"BEGUSARAI Municipal Corporation, BEGUSARAI","SRI KRISHNA SINGH CHOWK,",Manesh Kumar Meena,Municipal Commissioner,"Darbhanga Municipal Corporation, Darbhanga",23500.0,2500.0,590.0,True,"{'Flood': 0, 'Embankment': 0, 'embkt': 0, 'Relief': 0, 'Erosion': 0, 'SDRF': 0, 'Inundation': 0, 'Hydrology': 0, 'Silt': 0, 'Siltation': 0, 'Bund': 0, 'Trench': 0, 'Breach': 0, 'Culvert': 0, 'Sluice': 0, 'Dyke': 0, 'Storm water drain': 0, 'Emergency': 0, 'Immediate': 0, 'IM': 0, 'AE': 0, 'A E': 0, 'AAPDA MITRA': 0, 'Bridge': 0, 'River': 0, 'Drain': 4, 'Restoration': 0, 'Protection': 0, 'irr': 0, 'irrigation': 0, 'dam': 0, 'Nallah': 0, 'Retrofitting': 0, 'Pond': 0, 'Pokhari': 0, 'D/C': 0, 'Recharge shaft': 0, 'LFB': 0, 'RFB': 0}","{'Floodlight': 0, 'Flood Light': 0, 'GAS': 0, 'FIFA': 0, 'pipe': 0, 'pipes': 0, 'covid': 0, 'supply': 0, 'Beautification': 0, 'Installation': 0}",,,False,True,Immediate Measures
4445,NIT02/2020-21/G23,"Construction Of Paver Block Road And Drain From Hatim House To Jabbar Ali House In Ward No 14, Chapra Nagar Nigam.","Construction Of Paver Block Road And Drain From Hatim House To Jabbar Ali House In Ward No 14, Chapra Nagar Nigam.",372378.0,INR,INR,2020-09-10 17:28:22+00:00,2020-09-10T17:14:21.023000+00:00,2020-09-15T09:31:00+00:00,SANJAY KUMAR UPADHYAY,MUNICIPAL COMMISSIONER,CHAPRA MUNICIPAL CORPORATION,"NEAR MUNICIPAL CHOWK, CHAPRA, SARAN",ABDUL HAMID,MUNICIPAL COMMISSIONER,BEGUSARAI MUNICIPAL CORPORATION,7448.0,750.0,590.0,True,"{'Flood': 0, 'Embankment': 0, 'embkt': 0, 'Relief': 0, 'Erosion': 0, 'SDRF': 0, 'Inundation': 0, 'Hydrology': 0, 'Silt': 0, 'Siltation': 0, 'Bund': 0, 'Trench': 0, 'Breach': 0, 'Culvert': 0, 'Sluice': 0, 'Dyke': 0, 'Storm water drain': 0, 'Emergency': 0, 'Immediate': 0, 'IM': 0, 'AE': 0, 'A E': 0, 'AAPDA MITRA': 0, 'Bridge': 0, 'River': 0, 'Drain': 2, 'Restoration': 0, 'Protection': 0, 'irr': 0, 'irrigation': 0, 'dam': 0, 'Nallah': 0, 'Retrofitting': 0, 'Pond': 0, 'Pokhari': 0, 'D/C': 0, 'Recharge shaft': 0, 'LFB': 0, 'RFB': 0}","{'Floodlight': 0, 'Flood Light': 0, 'GAS': 0, 'FIFA': 0, 'pipe': 0, 'pipes': 0, 'covid': 0, 'supply': 0, 'Beautification': 0, 'Installation': 0}",,,False,True,Immediate Measures
4441,NIT02/2020-21/G19,"Construction Of Paver Block Road And Drain From Devanti Devi House To Prabhu Ray House In  Ward No 14, Chapra Nagar Nigam.","Construction Of Paver Block Road And Drain From Devanti Devi House To Prabhu Ray House In  Ward No 14, Chapra Nagar Nigam.",459237.0,INR,INR,2020-09-10 16:41:56+00:00,2020-09-10T16:28:02.748000+00:00,2020-09-15T09:31:00+00:00,SANJAY KUMAR UPADHYAY,MUNICIPAL COMMISSIONER,CHAPRA MUNICIPAL CORPORATION,"NEAR MUNICIPAL CHOWK, CHAPRA, SARAN",ABDUL HAMID,MUNICIPAL COMMISSIONER,BEGUSARAI MUNICIPAL CORPORATION,9185.0,750.0,590.0,True,"{'Flood': 0, 'Embankment': 0, 'embkt': 0, 'Relief': 0, 'Erosion': 0, 'SDRF': 0, 'Inundation': 0, 'Hydrology': 0, 'Silt': 0, 'Siltation': 0, 'Bund': 0, 'Trench': 0, 'Breach': 0, 'Culvert': 0, 'Sluice': 0, 'Dyke': 0, 'Storm water drain': 0, 'Emergency': 0, 'Immediate': 0, 'IM': 0, 'AE': 0, 'A E': 0, 'AAPDA MITRA': 0, 'Bridge': 0, 'River': 0, 'Drain': 2, 'Restoration': 0, 'Protection': 0, 'irr': 0, 'irrigation': 0, 'dam': 0, 'Nallah': 0, 'Retrofitting': 0, 'Pond': 0, 'Pokhari': 0, 'D/C': 0, 'Recharge shaft': 0, 'LFB': 0, 'RFB': 0}","{'Floodlight': 0, 'Flood Light': 0, 'GAS': 0, 'FIFA': 0, 'pipe': 0, 'pipes': 0, 'covid': 0, 'supply': 0, 'Beautification': 0, 'Installation': 0}",,,False,True,Others
4448,NIT02/2020-21/G30,"Construction Of P.C.C. Road & Drain From Dr. Shyamal Kishor House To The House Of Arjun Jee Pan Wale In Dahiawan, Narayan Chowk, Jayprakash Path, Ward No 19, Chapra  Nagar Nigam.","Construction Of P.C.C. Road & Drain From Dr. Shyamal Kishor House To The House Of Arjun Jee Pan Wale In Dahiawan, Narayan Chowk, Jayprakash Path, Ward No 19, Chapra  Nagar Nigam.",70426.0,INR,INR,2020-09-10 17:54:14+00:00,2020-09-10T17:48:19.815000+00:00,2020-09-17T18:47:18+00:00,SANJAY KUMAR UPADHYAY,MUNICIPAL COMMISSIONER,CHAPRA MUNICIPAL CORPORATION,"NEAR MUNICIPAL CHOWK, CHAPRA, SARAN",ABDUL HAMID,MUNICIPAL COMMISSIONER,BEGUSARAI MUNICIPAL CORPORATION,1409.0,500.0,590.0,True,"{'Flood': 0, 'Embankment': 0, 'embkt': 0, 'Relief': 0, 'Erosion': 0, 'SDRF': 0, 'Inundation': 0, 'Hydrology': 0, 'Silt': 0, 'Siltation': 0, 'Bund': 0, 'Trench': 0, 'Breach': 0, 'Culvert': 0, 'Sluice': 0, 'Dyke': 0, 'Storm water drain': 0, 'Emergency': 0, 'Immediate': 0, 'IM': 0, 'AE': 0, 'A E': 0, 'AAPDA MITRA': 0, 'Bridge': 0, 'River': 0, 'Drain': 2, 'Restoration': 0, 'Protection': 0, 'irr': 0, 'irrigation': 0, 'dam': 0, 'Nallah': 0, 'Retrofitting': 0, 'Pond': 0, 'Pokhari': 0, 'D/C': 0, 'Recharge shaft': 0, 'LFB': 0, 'RFB': 0}","{'Floodlight': 0, 'Flood Light': 0, 'GAS': 0, 'FIFA': 0, 'pipe': 0, 'pipes': 0, 'covid': 0, 'supply': 0, 'Beautification': 0, 'Installation': 0}",,,False,True,Others
4443,NIT02/2020-21/G21,"Construction Of Paver Block Road And Drain From Imambara To Jaglal Manjhi In  Ward No 14, Chapra Nagar Nigam.","Construction Of Paver Block Road And Drain From Imambara To Jaglal Manjhi In  Ward No 14, Chapra Nagar Nigam.",474704.0,INR,INR,2020-09-10 17:05:24+00:00,2020-09-10T16:53:13.230000+00:00,2020-09-15T09:31:00+00:00,SANJAY KUMAR UPADHYAY,MUNICIPAL COMMISSIONER,CHAPRA MUNICIPAL CORPORATION,"NEAR MUNICIPAL CHOWK, CHAPRA, SARAN",ABDUL HAMID,MUNICIPAL COMMISSIONER,BEGUSARAI MUNICIPAL CORPORATION,9495.0,750.0,590.0,True,"{'Flood': 0, 'Embankment': 0, 'embkt': 0, 'Relief': 0, 'Erosion': 0, 'SDRF': 0, 'Inundation': 0, 'Hydrology': 0, 'Silt': 0, 'Siltation': 0, 'Bund': 0, 'Trench': 0, 'Breach': 0, 'Culvert': 0, 'Sluice': 0, 'Dyke': 0, 'Storm water drain': 0, 'Emergency': 0, 'Immediate': 0, 'IM': 0, 'AE': 0, 'A E': 0, 'AAPDA MITRA': 0, 'Bridge': 0, 'River': 0, 'Drain': 2, 'Restoration': 0, 'Protection': 0, 'irr': 0, 'irrigation': 0, 'dam': 0, 'Nallah': 0, 'Retrofitting': 0, 'Pond': 0, 'Pokhari': 0, 'D/C': 0, 'Recharge shaft': 0, 'LFB': 0, 'RFB': 0}","{'Floodlight': 0, 'Flood Light': 0, 'GAS': 0, 'FIFA': 0, 'pipe': 0, 'pipes': 0, 'covid': 0, 'supply': 0, 'Beautification': 0, 'Installation': 0}",,,False,True,Immediate Measures
4444,NIT02/2020-21/G22,"Construction Of Paver Block Road And Drain From Bhagwan Bazar Thana Road To Umashankar Singh House In Ward No 14, Chapra Nagar Nigam.","Construction Of Paver Block Road And Drain From Bhagwan Bazar Thana Road To Umashankar Singh House In Ward No 14, Chapra Nagar Nigam.",342003.0,INR,INR,2020-09-10 17:13:38+00:00,2020-09-10T17:06:14.859000+00:00,2020-09-15T09:31:00+00:00,SANJAY KUMAR UPADHYAY,MUNICIPAL COMMISSIONER,CHAPRA MUNICIPAL CORPORATION,"NEAR MUNICIPAL CHOWK, CHAPRA, SARAN",ABDUL HAMID,MUNICIPAL COMMISSIONER,BEGUSARAI MUNICIPAL CORPORATION,6841.0,750.0,590.0,True,"{'Flood': 0, 'Embankment': 0, 'embkt': 0, 'Relief': 0, 'Erosion': 0, 'SDRF': 0, 'Inundation': 0, 'Hydrology': 0, 'Silt': 0, 'Siltation': 0, 'Bund': 0, 'Trench': 0, 'Breach': 0, 'Culvert': 0, 'Sluice': 0, 'Dyke': 0, 'Storm water drain': 0, 'Emergency': 0, 'Immediate': 0, 'IM': 0, 'AE': 0, 'A E': 0, 'AAPDA MITRA': 0, 'Bridge': 0, 'River': 0, 'Drain': 2, 'Restoration': 0, 'Protection': 0, 'irr': 0, 'irrigation': 0, 'dam': 0, 'Nallah': 0, 'Retrofitting': 0, 'Pond': 0, 'Pokhari': 0, 'D/C': 0, 'Recharge shaft': 0, 'LFB': 0, 'RFB': 0}","{'Floodlight': 0, 'Flood Light': 0, 'GAS': 0, 'FIFA': 0, 'pipe': 0, 'pipes': 0, 'covid': 0, 'supply': 0, 'Beautification': 0, 'Installation': 0}",,,False,True,Others
4450,NIT02/2020-21/G32,"Construction Of Paver Block Road And Drain From Dr. Shashikant Tiwari Boundary Wall To Ravindra Singh House Via House Of Nisha Ray In Ward No 23, Chapra Nagar Nigam.","Construction Of Paver Block Road And Drain From Dr. Shashikant Tiwari Boundary Wall To Ravindra Singh House Via House Of Nisha Ray In Ward No 23, Chapra Nagar Nigam.",592285.0,INR,INR,2020-09-10 18:09:48+00:00,2020-09-10T18:01:49.098000+00:00,2020-09-17T18:58:25+00:00,SANJAY KUMAR UPADHYAY,MUNICIPAL COMMISSIONER,CHAPRA MUNICIPAL CORPORATION,"NEAR MUNICIPAL CHOWK, CHAPRA, SARAN",ABDUL HAMID,MUNICIPAL COMMISSIONER,BEGUSARAI MUNICIPAL CORPORATION,11846.0,1250.0,590.0,True,"{'Flood': 0, 'Embankment': 0, 'embkt': 0, 'Relief': 0, 'Erosion': 0, 'SDRF': 0, 'Inundation': 0, 'Hydrology': 0, 'Silt': 0, 'Siltation': 0, 'Bund': 0, 'Trench': 0, 'Breach': 0, 'Culvert': 0, 'Sluice': 0, 'Dyke': 0, 'Storm water drain': 0, 'Emergency': 0, 'Immediate': 0, 'IM': 0, 'AE': 0, 'A E': 0, 'AAPDA MITRA': 0, 'Bridge': 0, 'River': 0, 'Drain': 2, 'Restoration': 0, 'Protection': 0, 'irr': 0, 'irrigation': 0, 'dam': 0, 'Nallah': 0, 'Retrofitting': 0, 'Pond': 0, 'Pokhari': 0, 'D/C': 0, 'Recharge shaft': 0, 'LFB': 0, 'RFB': 0}","{'Floodlight': 0, 'Flood Light': 0, 'GAS': 0, 'FIFA': 0, 'pipe': 0, 'pipes': 0, 'covid': 0, 'supply': 0, 'Beautification': 0, 'Installation': 0}",,,False,True,Others
4449,NIT02/2020-21/G31,"Construction Of P.C.C. Road & Drain From The House Of Chandra Madhav Singh To The House Of B.N. Sinha In Dev Kumar Singh Hata  Ward No 20, Chapra Nagar Nigam.","Construction Of P.C.C. Road & Drain From The House Of Chandra Madhav Singh To The House Of B.N. Sinha In Dev Kumar Singh Hata  Ward No 20, Chapra Nagar Nigam.",596382.0,INR,INR,2020-09-10 18:01:09+00:00,2020-09-10T17:54:46.179000+00:00,2020-09-17T18:51:59+00:00,SANJAY KUMAR UPADHYAY,MUNICIPAL COMMISSIONER,CHAPRA MUNICIPAL CORPORATION,"NEAR MUNICIPAL CHOWK, CHAPRA, SARAN",ABDUL HAMID,MUNICIPAL COMMISSIONER,BEGUSARAI MUNICIPAL CORPORATION,11928.0,1250.0,590.0,True,"{'Flood': 0, 'Embankment': 0, 'embkt': 0, 'Relief': 0, 'Erosion': 0, 'SDRF': 0, 'Inundation': 0, 'Hydrology': 0, 'Silt': 0, 'Siltation': 0, 'Bund': 0, 'Trench': 0, 'Breach': 0, 'Culvert': 0, 'Sluice': 0, 'Dyke': 0, 'Storm water drain': 0, 'Emergency': 0, 'Immediate': 0, 'IM': 0, 'AE': 0, 'A E': 0, 'AAPDA MITRA': 0, 'Bridge': 0, 'River': 0, 'Drain': 2, 'Restoration': 0, 'Protection': 0, 'irr': 0, 'irrigation': 0, 'dam': 0, 'Nallah': 0, 'Retrofitting': 0, 'Pond': 0, 'Pokhari': 0, 'D/C': 0, 'Recharge shaft': 0, 'LFB': 0, 'RFB': 0}","{'Floodlight': 0, 'Flood Light': 0, 'GAS': 0, 'FIFA': 0, 'pipe': 0, 'pipes': 0, 'covid': 0, 'supply': 0, 'Beautification': 0, 'Installation': 0}",,,False,True,Others
4446,NIT02/2020-21/G25,"Construction Of P.C.C. Road And Drain From Vikash House To Harendra Ray House Via House Of Devendra Singh And Jitendra Pratap Singh In Ward No 14, Chapra Nagar Nigam.","Construction Of P.C.C. Road And Drain From Vikash House To Harendra Ray House Via House Of Devendra Singh And Jitendra Pratap Singh In Ward No 14, Chapra Nagar Nigam.",543693.0,INR,INR,2020-09-10 17:40:05+00:00,2020-09-10T17:31:41.669000+00:00,2020-09-15T09:31:00+00:00,SANJAY KUMAR UPADHYAY,MUNICIPAL COMMISSIONER,CHAPRA MUNICIPAL CORPORATION,"NEAR MUNICIPAL CHOWK, CHAPRA, SARAN",ABDUL HAMID,MUNICIPAL COMMISSIONER,BEGUSARAI MUNICIPAL CORPORATION,10874.0,1250.0,590.0,True,"{'Flood': 0, 'Embankment': 0, 'embkt': 0, 'Relief': 0, 'Erosion': 0, 'SDRF': 0, 'Inundation': 0, 'Hydrology': 0, 'Silt': 0, 'Siltation': 0, 'Bund': 0, 'Trench': 0, 'Breach': 0, 'Culvert': 0, 'Sluice': 0, 'Dyke': 0, 'Storm water drain': 0, 'Emergency': 0, 'Immediate': 0, 'IM': 0, 'AE': 0, 'A E': 0, 'AAPDA MITRA': 0, 'Bridge': 0, 'River': 0, 'Drain': 2, 'Restoration': 0, 'Protection': 0, 'irr': 0, 'irrigation': 0, 'dam': 0, 'Nallah': 0, 'Retrofitting': 0, 'Pond': 0, 'Pokhari': 0, 'D/C': 0, 'Recharge shaft': 0, 'LFB': 0, 'RFB': 0}","{'Floodlight': 0, 'Flood Light': 0, 'GAS': 0, 'FIFA': 0, 'pipe': 0, 'pipes': 0, 'covid': 0, 'supply': 0, 'Beautification': 0, 'Installation': 0}",,,False,True,Others
4442,NIT02/2020-21/G20,"Construction Of Paver Block Road And Drain From Dadan Prasad House To Baijnath Ray House Via House Of Dilip Verma In  Ward No 14, Chapra Nagar Nigam.","Construction Of Paver Block Road And Drain From Dadan Prasad House To Baijnath Ray House Via House Of Dilip Verma In  Ward No 14, Chapra Nagar Nigam.",313137.0,INR,INR,2020-09-10 16:52:45+00:00,2020-09-10T16:42:30.485000+00:00,2020-09-15T09:31:00+00:00,SANJAY KUMAR UPADHYAY,MUNICIPAL COMMISSIONER,CHAPRA MUNICIPAL CORPORATION,"NEAR MUNICIPAL CHOWK, CHAPRA, SARAN",ABDUL HAMID,MUNICIPAL COMMISSIONER,BEGUSARAI MUNICIPAL CORPORATION,6263.0,750.0,590.0,True,"{'Flood': 0, 'Embankment': 0, 'embkt': 0, 'Relief': 0, 'Erosion': 0, 'SDRF': 0, 'Inundation': 0, 'Hydrology': 0, 'Silt': 0, 'Siltation': 0, 'Bund': 0, 'Trench': 0, 'Breach': 0, 'Culvert': 0, 'Sluice': 0, 'Dyke': 0, 'Storm water drain': 0, 'Emergency': 0, 'Immediate': 0, 'IM': 0, 'AE': 0, 'A E': 0, 'AAPDA MITRA': 0, 'Bridge': 0, 'River': 0, 'Drain': 2, 'Restoration': 0, 'Protection': 0, 'irr': 0, 'irrigation': 0, 'dam': 0, 'Nallah': 0, 'Retrofitting': 0, 'Pond': 0, 'Pokhari': 0, 'D/C': 0, 'Recharge shaft': 0, 'LFB': 0, 'RFB': 0}","{'Floodlight': 0, 'Flood Light': 0, 'GAS': 0, 'FIFA': 0, 'pipe': 0, 'pipes': 0, 'covid': 0, 'supply': 0, 'Beautification': 0, 'Installation': 0}",,,False,True,Others
4447,NIT02/2020-21/G26,"Construction Of P.C.C. Road And Drain From House Of Akhtar To House Of Ramesh Ray Via House Of Nasru, In Ward No 17, Chapra Nagar Nigam.","Construction Of P.C.C. Road And Drain From House Of Akhtar To House Of Ramesh Ray Via House Of Nasru, In Ward No 17, Chapra Nagar Nigam.",799004.0,INR,INR,2020-09-10 17:47:28+00:00,2020-09-10T17:40:24.401000+00:00,2020-10-16T01:47:34+00:00,SANJAY KUMAR UPADHYAY,MUNICIPAL COMMISSIONER,CHAPRA MUNICIPAL CORPORATION,"NEAR MUNICIPAL CHOWK, CHAPRA, SARAN",ABDUL HAMID,MUNICIPAL COMMISSIONER,BEGUSARAI MUNICIPAL CORPORATION,15981.0,2500.0,590.0,True,"{'Flood': 0, 'Embankment': 0, 'embkt': 0, 'Relief': 0, 'Erosion': 0, 'SDRF': 0, 'Inundation': 0, 'Hydrology': 0, 'Silt': 0, 'Siltation': 0, 'Bund': 0, 'Trench': 0, 'Breach': 0, 'Culvert': 0, 'Sluice': 0, 'Dyke': 0, 'Storm water drain': 0, 'Emergency': 0, 'Immediate': 0, 'IM': 0, 'AE': 0, 'A E': 0, 'AAPDA MITRA': 0, 'Bridge': 0, 'River': 0, 'Drain': 2, 'Restoration': 0, 'Protection': 0, 'irr': 0, 'irrigation': 0, 'dam': 0, 'Nallah': 0, 'Retrofitting': 0, 'Pond': 0, 'Pokhari': 0, 'D/C': 0, 'Recharge shaft': 0, 'LFB': 0, 'RFB': 0}","{'Floodlight': 0, 'Flood Light': 0, 'GAS': 0, 'FIFA': 0, 'pipe': 0, 'pipes': 0, 'covid': 0, 'supply': 0, 'Beautification': 0, 'Installation': 0}",,,False,True,Others
4451,NIT-03/2020-21/GR-02,Construction of 1 Road from Nandan lal das house to nageshwar lal das house 2 Road from mithun paswan house to anganbari kendra in paswan tola 3 Road from uday lal sas house to madan lal das house 4 Road from kanhaiya lal das house to suman jha house 5 Road with drain from mohan yadav house to bhawesh thakur house 6 Road with drain from bhawesh thakur house 6 road with drain from bhawesh thakur house to durganand jha house 7 Road from shivji das house to shailendra sah house and 8 Drain from shivji das house to lalita niwas in ward no 02,Construction of 1 Road from Nandan lal das house to nageshwar lal das house 2 Road from mithun paswan house to anganbari kendra in paswan tola 3 Road from uday lal sas house to madan lal das house 4 Road from kanhaiya lal das house to suman jha house 5 Road with drain from mohan yadav house to bhawesh thakur house 6 Road with drain from bhawesh thakur house 6 road with drain from bhawesh thakur house to durganand jha house 7 Road from shivji das house to shailendra sah house and 8 Drain from shivji das house to lalita niwas in ward no 02,2497800.0,INR,INR,2020-09-11 04:47:07+00:00,2020-09-11T01:47:44.963000+00:00,2020-09-19T09:31:00+00:00,SOMESH BAHADUR MATHUR,Municipal Commissioner Begusarai,"BEGUSARAI Municipal Corporation, BEGUSARAI","SRI KRISHNA SINGH CHOWK,",Manesh Kumar Meena,Municipal Commissioner,"Darbhanga Municipal Corporation, Darbhanga",50000.0,5000.0,590.0,True,"{'Flood': 0, 'Embankment': 0, 'embkt': 0, 'Relief': 0, 'Erosion': 0, 'SDRF': 0, 'Inundation': 0, 'Hydrology': 0, 'Silt': 0, 'Siltation': 0, 'Bund': 0, 'Trench': 0, 'Breach': 0, 'Culvert': 0, 'Sluice': 0, 'Dyke': 0, 'Storm water drain': 0, 'Emergency': 0, 'Immediate': 0, 'IM': 0, 'AE': 0, 'A E': 0, 'AAPDA MITRA': 0, 'Bridge': 0, 'River': 0, 'Drain': 8, 'Restoration': 0, 'Protection': 0, 'irr': 0, 'irrigation': 0, 'dam': 0, 'Nallah': 0, 'Retrofitting': 0, 'Pond': 0, 'Pokhari': 0, 'D/C': 0, 'Recharge shaft': 0, 'LFB': 0, 'RFB': 0}","{'Floodlight': 0, 'Flood Light': 0, 'GAS': 0, 'FIFA': 0, 'pipe': 0, 'pipes': 0, 'covid': 0, 'supply': 0, 'Beautification': 0, 'Installation': 0}",,,False,True,Immediate Measures
4456,NIT-03/2020-21/GR-07,Construction of 1 Road with Drain from Anil Singh house to Prakash jha house 2 Road with Drain from Vinay Srivastava house to Vishwanath jha house 3 Road with Drain from shyam sah house to Bachchan Roy house and 4 Road with Drain from Dabour Wala house to Bhola Maharaj house in Ward no 08,Construction of 1 Road with Drain from Anil Singh house to Prakash jha house 2 Road with Drain from Vinay Srivastava house to Vishwanath jha house 3 Road with Drain from shyam sah house to Bachchan Roy house and 4 Road with Drain from Dabour Wala house to Bhola Maharaj house in Ward no 08,2500000.0,INR,INR,2020-09-11 05:00:14+00:00,2020-09-11T02:16:50.864000+00:00,2020-12-23T08:55:18+00:00,SOMESH BAHADUR MATHUR,Municipal Commissioner Begusarai,"BEGUSARAI Municipal Corporation, BEGUSARAI","SRI KRISHNA SINGH CHOWK,",Manesh Kumar Meena,Municipal Commissioner,"Darbhanga Municipal Corporation, Darbhanga",50000.0,5000.0,590.0,True,"{'Flood': 0, 'Embankment': 0, 'embkt': 0, 'Relief': 0, 'Erosion': 0, 'SDRF': 0, 'Inundation': 0, 'Hydrology': 0, 'Silt': 0, 'Siltation': 0, 'Bund': 0, 'Trench': 0, 'Breach': 0, 'Culvert': 0, 'Sluice': 0, 'Dyke': 0, 'Storm water drain': 0, 'Emergency': 0, 'Immediate': 0, 'IM': 0, 'AE': 0, 'A E': 0, 'AAPDA MITRA': 0, 'Bridge': 0, 'River': 0, 'Drain': 8, 'Restoration': 0, 'Protection': 0, 'irr': 0, 'irrigation': 0, 'dam': 0, 'Nallah': 0, 'Retrofitting': 0, 'Pond': 0, 'Pokhari': 0, 'D/C': 0, 'Recharge shaft': 0, 'LFB': 0, 'RFB': 0}","{'Floodlight': 0, 'Flood Light': 0, 'GAS': 0, 'FIFA': 0, 'pipe': 0, 'pipes': 0, 'covid': 0, 'supply': 0, 'Beautification': 0, 'Installation': 0}",,,False,True,Immediate Measures
4452,NIT-03/2020-21/GR-03,Construction of 1 Drain from Nunu chy house to Jagannath Thakur house in bela dulla 2 Road with drain from umesh thakur house to sattan thakur house in bela dulla 3 Road with drain from ajay bhagat house to vijay yadav house in belashankar 4 Soling road from baidyanath thakur house to tuntun sah house via bhadai sah house in bela shankar part 5 Road with drain from bachcha yadav house to Heman Das house via Mahadev Pandit house &Link road jai Krishna jha house to Radha devi house in bela shankar ward no 03,Construction of 1 Drain from Nunu chy house to Jagannath Thakur house in bela dulla 2 Road with drain from umesh thakur house to sattan thakur house in bela dulla 3 Road with drain from ajay bhagat house to vijay yadav house in belashankar 4 Soling road from baidyanath thakur house to tuntun sah house via bhadai sah house in bela shankar part 5 Road with drain from bachcha yadav house to Heman Das house via Mahadev Pandit house &Link road jai Krishna jha house to Radha devi house in bela shankar ward no 03,2500000.0,INR,INR,2020-09-11 04:50:35+00:00,2020-09-11T01:58:34.509000+00:00,2020-09-19T09:31:00+00:00,SOMESH BAHADUR MATHUR,Municipal Commissioner Begusarai,"BEGUSARAI Municipal Corporation, BEGUSARAI","SRI KRISHNA SINGH CHOWK,",Manesh Kumar Meena,Municipal Commissioner,"Darbhanga Municipal Corporation, Darbhanga",50000.0,5000.0,590.0,True,"{'Flood': 0, 'Embankment': 0, 'embkt': 0, 'Relief': 0, 'Erosion': 0, 'SDRF': 0, 'Inundation': 0, 'Hydrology': 0, 'Silt': 0, 'Siltation': 0, 'Bund': 0, 'Trench': 0, 'Breach': 0, 'Culvert': 0, 'Sluice': 0, 'Dyke': 0, 'Storm water drain': 0, 'Emergency': 0, 'Immediate': 0, 'IM': 0, 'AE': 0, 'A E': 0, 'AAPDA MITRA': 0, 'Bridge': 0, 'River': 0, 'Drain': 8, 'Restoration': 0, 'Protection': 0, 'irr': 0, 'irrigation': 0, 'dam': 0, 'Nallah': 0, 'Retrofitting': 0, 'Pond': 0, 'Pokhari': 0, 'D/C': 0, 'Recharge shaft': 0, 'LFB': 0, 'RFB': 0}","{'Floodlight': 0, 'Flood Light': 0, 'GAS': 0, 'FIFA': 0, 'pipe': 0, 'pipes': 0, 'covid': 0, 'supply': 0, 'Beautification': 0, 'Installation': 0}",,,False,True,Immediate Measures
4457,NIT-03/2020-21/GR-08,Construction of 1 Road and Drain from Janak Paswan house to Mahendra Paswan house and 2 Drain from Shashtrinagar Shambhu Paswan house to J P Chwok in ward no 16,Construction of 1 Road and Drain from Janak Paswan house to Mahendra Paswan house and 2 Drain from Shashtrinagar Shambhu Paswan house to J P Chwok in ward no 16,380000.0,INR,INR,2020-09-11 05:02:49+00:00,2020-09-11T02:28:17.042000+00:00,2020-09-19T09:31:00+00:00,SOMESH BAHADUR MATHUR,Municipal Commissioner Begusarai,"BEGUSARAI Municipal Corporation, BEGUSARAI","SRI KRISHNA SINGH CHOWK,",Manesh Kumar Meena,Municipal Commissioner,"Darbhanga Municipal Corporation, Darbhanga",7600.0,750.0,590.0,True,"{'Flood': 0, 'Embankment': 0, 'embkt': 0, 'Relief': 0, 'Erosion': 0, 'SDRF': 0, 'Inundation': 0, 'Hydrology': 0, 'Silt': 0, 'Siltation': 0, 'Bund': 0, 'Trench': 0, 'Breach': 0, 'Culvert': 0, 'Sluice': 0, 'Dyke': 0, 'Storm water drain': 0, 'Emergency': 0, 'Immediate': 0, 'IM': 0, 'AE': 0, 'A E': 0, 'AAPDA MITRA': 0, 'Bridge': 0, 'River': 0, 'Drain': 4, 'Restoration': 0, 'Protection': 0, 'irr': 0, 'irrigation': 0, 'dam': 0, 'Nallah': 0, 'Retrofitting': 0, 'Pond': 0, 'Pokhari': 0, 'D/C': 0, 'Recharge shaft': 0, 'LFB': 0, 'RFB': 0}","{'Floodlight': 0, 'Flood Light': 0, 'GAS': 0, 'FIFA': 0, 'pipe': 0, 'pipes': 0, 'covid': 0, 'supply': 0, 'Beautification': 0, 'Installation': 0}",,,False,True,Immediate Measures
4453,NIT-03/2020-21/GR-04,Construction of 1 Drain in Part length by the side of Dih Bishanpur Road 2 Road with part drain from dih Bishanpur main road to brahmasthan via awani kumar house and 3 Road with Drain from Junjhun jha house to vinit lal das house in ward no 04,Construction of 1 Drain in Part length by the side of Dih Bishanpur Road 2 Road with part drain from dih Bishanpur main road to brahmasthan via awani kumar house and 3 Road with Drain from Junjhun jha house to vinit lal das house in ward no 04,2498900.0,INR,INR,2020-09-11 04:53:10+00:00,2020-09-11T02:01:43.345000+00:00,2020-09-19T09:31:00+00:00,SOMESH BAHADUR MATHUR,Municipal Commissioner Begusarai,"BEGUSARAI Municipal Corporation, BEGUSARAI","SRI KRISHNA SINGH CHOWK,",Manesh Kumar Meena,Municipal Commissioner,"Darbhanga Municipal Corporation, Darbhanga",50000.0,5000.0,590.0,True,"{'Flood': 0, 'Embankment': 0, 'embkt': 0, 'Relief': 0, 'Erosion': 0, 'SDRF': 0, 'Inundation': 0, 'Hydrology': 0, 'Silt': 0, 'Siltation': 0, 'Bund': 0, 'Trench': 0, 'Breach': 0, 'Culvert': 0, 'Sluice': 0, 'Dyke': 0, 'Storm water drain': 0, 'Emergency': 0, 'Immediate': 0, 'IM': 0, 'AE': 0, 'A E': 0, 'AAPDA MITRA': 0, 'Bridge': 0, 'River': 0, 'Drain': 6, 'Restoration': 0, 'Protection': 0, 'irr': 0, 'irrigation': 0, 'dam': 0, 'Nallah': 0, 'Retrofitting': 0, 'Pond': 0, 'Pokhari': 0, 'D/C': 0, 'Recharge shaft': 0, 'LFB': 0, 'RFB': 0}","{'Floodlight': 0, 'Flood Light': 0, 'GAS': 0, 'FIFA': 0, 'pipe': 0, 'pipes': 0, 'covid': 0, 'supply': 0, 'Beautification': 0, 'Installation': 0}",,,False,True,Immediate Measures
4454,NIT-03/2020-21/GR-05,Construction of 1 PCC road from Mahatma Gandhi College to Sunil Karn house 2 Road with Drain from Md Nisar house to Arif house 3 Drain from Manoj Singh house to Kabristan and 4 Drain from Laxminarayan house to Dilip Mahaseth house in ward no 05,Construction of 1 PCC road from Mahatma Gandhi College to Sunil Karn house 2 Road with Drain from Md Nisar house to Arif house 3 Drain from Manoj Singh house to Kabristan and 4 Drain from Laxminarayan house to Dilip Mahaseth house in ward no 05,2462900.0,INR,INR,2020-09-11 04:55:34+00:00,2020-09-11T02:04:03.599000+00:00,2022-06-27T06:00:47+00:00,SOMESH BAHADUR MATHUR,Municipal Commissioner Begusarai,"BEGUSARAI Municipal Corporation, BEGUSARAI","SRI KRISHNA SINGH CHOWK,",Manesh Kumar Meena,Municipal Commissioner,"Darbhanga Municipal Corporation, Darbhanga",50000.0,5000.0,590.0,True,"{'Flood': 0, 'Embankment': 0, 'embkt': 0, 'Relief': 0, 'Erosion': 0, 'SDRF': 0, 'Inundation': 0, 'Hydrology': 0, 'Silt': 0, 'Siltation': 0, 'Bund': 0, 'Trench': 0, 'Breach': 0, 'Culvert': 0, 'Sluice': 0, 'Dyke': 0, 'Storm water drain': 0, 'Emergency': 0, 'Immediate': 0, 'IM': 0, 'AE': 0, 'A E': 0, 'AAPDA MITRA': 0, 'Bridge': 0, 'River': 0, 'Drain': 6, 'Restoration': 0, 'Protection': 0, 'irr': 0, 'irrigation': 0, 'dam': 0, 'Nallah': 0, 'Retrofitting': 0, 'Pond': 0, 'Pokhari': 0, 'D/C': 0, 'Recharge shaft': 0, 'LFB': 0, 'RFB': 0}","{'Floodlight': 0, 'Flood Light': 0, 'GAS': 0, 'FIFA': 0, 'pipe': 0, 'pipes': 0, 'covid': 0, 'supply': 0, 'Beautification': 0, 'Installation': 0}",,,False,True,Immediate Measures
4460,NIT-03/2020-21/GR-11,Construction of RCC Drain with Cover in Mohalla Benta Bhulla Chowk to Sahganj Durga Mandir in Both Sides in w no 43,Construction of RCC Drain with Cover in Mohalla Benta Bhulla Chowk to Sahganj Durga Mandir in Both Sides in w no 43,2287000.0,INR,INR,2020-09-11 05:14:51+00:00,2020-09-11T02:44:21.193000+00:00,2020-12-23T09:04:25+00:00,SOMESH BAHADUR MATHUR,Municipal Commissioner Begusarai,"BEGUSARAI Municipal Corporation, BEGUSARAI","SRI KRISHNA SINGH CHOWK,",Manesh Kumar Meena,Municipal Commissioner,"Darbhanga Municipal Corporation, Darbhanga",45800.0,5000.0,590.0,True,"{'Flood': 0, 'Embankment': 0, 'embkt': 0, 'Relief': 0, 'Erosion': 0, 'SDRF': 0, 'Inundation': 0, 'Hydrology': 0, 'Silt': 0, 'Siltation': 0, 'Bund': 0, 'Trench': 0, 'Breach': 0, 'Culvert': 0, 'Sluice': 0, 'Dyke': 0, 'Storm water drain': 0, 'Emergency': 0, 'Immediate': 0, 'IM': 0, 'AE': 0, 'A E': 0, 'AAPDA MITRA': 0, 'Bridge': 0, 'River': 0, 'Drain': 2, 'Restoration': 0, 'Protection': 0, 'irr': 0, 'irrigation': 0, 'dam': 0, 'Nallah': 0, 'Retrofitting': 0, 'Pond': 0, 'Pokhari': 0, 'D/C': 0, 'Recharge shaft': 0, 'LFB': 0, 'RFB': 0}","{'Floodlight': 0, 'Flood Light': 0, 'GAS': 0, 'FIFA': 0, 'pipe': 0, 'pipes': 0, 'covid': 0, 'supply': 0, 'Beautification': 0, 'Installation': 0}",,,False,True,Immediate Measures
4455,NIT-03/2020-21/GR-06,Construction of Drain 1 From Gandhi Chowk to Kadirabad Chowk via Neem Chowk Part 2 From Naka no 02 to Naka no 02 via Deepak Kumar Ram Avtar Purbey Raju Agrawal Shauchalaya and vijay yadav house and 3 Kadirabad chowk to pradeep sha house via mahesh prasad house in ward no 07,Construction of Drain 1 From Gandhi Chowk to Kadirabad Chowk via Neem Chowk Part 2 From Naka no 02 to Naka no 02 via Deepak Kumar Ram Avtar Purbey Raju Agrawal Shauchalaya and vijay yadav house and 3 Kadirabad chowk to pradeep sha house via mahesh prasad house in ward no 07,2500000.0,INR,INR,2020-09-11 04:58:00+00:00,2020-09-11T02:06:36.118000+00:00,2020-09-19T09:31:00+00:00,SOMESH BAHADUR MATHUR,Municipal Commissioner Begusarai,"BEGUSARAI Municipal Corporation, BEGUSARAI","SRI KRISHNA SINGH CHOWK,",Manesh Kumar Meena,Municipal Commissioner,"Darbhanga Municipal Corporation, Darbhanga",50000.0,5000.0,590.0,True,"{'Flood': 0, 'Embankment': 0, 'embkt': 0, 'Relief': 0, 'Erosion': 0, 'SDRF': 0, 'Inundation': 0, 'Hydrology': 0, 'Silt': 0, 'Siltation': 0, 'Bund': 0, 'Trench': 0, 'Breach': 0, 'Culvert': 0, 'Sluice': 0, 'Dyke': 0, 'Storm water drain': 0, 'Emergency': 0, 'Immediate': 0, 'IM': 0, 'AE': 0, 'A E': 0, 'AAPDA MITRA': 0, 'Bridge': 0, 'River': 0, 'Drain': 2, 'Restoration': 0, 'Protection': 0, 'irr': 0, 'irrigation': 0, 'dam': 0, 'Nallah': 0, 'Retrofitting': 0, 'Pond': 0, 'Pokhari': 0, 'D/C': 0, 'Recharge shaft': 0, 'LFB': 0, 'RFB': 0}","{'Floodlight': 0, 'Flood Light': 0, 'GAS': 0, 'FIFA': 0, 'pipe': 0, 'pipes': 0, 'covid': 0, 'supply': 0, 'Beautification': 0, 'Installation': 0}",,,False,True,Immediate Measures
4461,NIT-03/2020-21/GR-12,Construction of RCC Drain with cover and Const of PCC road and culvert in mohalla K M Tank in w no 47,Construction of RCC Drain with cover and Const of PCC road and culvert in mohalla K M Tank in w no 47,2490000.0,INR,INR,2020-09-11 05:17:17+00:00,2020-09-11T02:48:09.182000+00:00,2020-09-19T09:31:00+00:00,SOMESH BAHADUR MATHUR,Municipal Commissioner Begusarai,"BEGUSARAI Municipal Corporation, BEGUSARAI","SRI KRISHNA SINGH CHOWK,",Manesh Kumar Meena,Municipal Commissioner,"Darbhanga Municipal Corporation, Darbhanga",49800.0,5000.0,590.0,True,"{'Flood': 0, 'Embankment': 0, 'embkt': 0, 'Relief': 0, 'Erosion': 0, 'SDRF': 0, 'Inundation': 0, 'Hydrology': 0, 'Silt': 0, 'Siltation': 0, 'Bund': 0, 'Trench': 0, 'Breach': 0, 'Culvert': 2, 'Sluice': 0, 'Dyke': 0, 'Storm water drain': 0, 'Emergency': 0, 'Immediate': 0, 'IM': 0, 'AE': 0, 'A E': 0, 'AAPDA MITRA': 0, 'Bridge': 0, 'River': 0, 'Drain': 2, 'Restoration': 0, 'Protection': 0, 'irr': 0, 'irrigation': 0, 'dam': 0, 'Nallah': 0, 'Retrofitting': 0, 'Pond': 0, 'Pokhari': 0, 'D/C': 0, 'Recharge shaft': 0, 'LFB': 0, 'RFB': 0}","{'Floodlight': 0, 'Flood Light': 0, 'GAS': 0, 'FIFA': 0, 'pipe': 0, 'pipes': 0, 'covid': 0, 'supply': 0, 'Beautification': 0, 'Installation': 0}",,,False,True,Immediate Measures
4462,NIT-03/2020-21/GR-13,(i) Construction of Pcc Road & RCC Drain with Cover from Dr. Jagadish Jha to V.I.P Road Hanuman Mandir Via Benta School & Dr. R. Satyawati Clinic (Part-IV) (Remaining Portion) (ii) Construction of Retaining Wall on the bank of Madmadiye Pokhar & Construction of P.C.C Road and R.C.C Drain with Cover from the house of Gope Yadav to Transformer Via chouraha. (Part-1st),(i) Construction of Pcc Road & RCC Drain with Cover from Dr. Jagadish Jha to V.I.P Road Hanuman Mandir Via Benta School & Dr. R. Satyawati Clinic (Part-IV) (Remaining Portion) (ii) Construction of Retaining Wall on the bank of Madmadiye Pokhar & Construction of P.C.C Road and R.C.C Drain with Cover from the house of Gope Yadav to Transformer Via chouraha. (Part-1st),1225000.0,INR,INR,2020-09-11 05:20:07+00:00,2020-09-11T02:51:31.519000+00:00,2020-09-19T09:31:00+00:00,SOMESH BAHADUR MATHUR,Municipal Commissioner Begusarai,"BEGUSARAI Municipal Corporation, BEGUSARAI","SRI KRISHNA SINGH CHOWK,",Manesh Kumar Meena,Municipal Commissioner,"Darbhanga Municipal Corporation, Darbhanga",24500.0,2500.0,590.0,True,"{'Flood': 0, 'Embankment': 0, 'embkt': 0, 'Relief': 0, 'Erosion': 0, 'SDRF': 0, 'Inundation': 0, 'Hydrology': 0, 'Silt': 0, 'Siltation': 0, 'Bund': 0, 'Trench': 0, 'Breach': 0, 'Culvert': 0, 'Sluice': 0, 'Dyke': 0, 'Storm water drain': 0, 'Emergency': 0, 'Immediate': 0, 'IM': 0, 'AE': 0, 'A E': 0, 'AAPDA MITRA': 0, 'Bridge': 0, 'River': 0, 'Drain': 4, 'Restoration': 0, 'Protection': 0, 'irr': 0, 'irrigation': 0, 'dam': 0, 'Nallah': 0, 'Retrofitting': 0, 'Pond': 0, 'Pokhari': 0, 'D/C': 0, 'Recharge shaft': 0, 'LFB': 0, 'RFB': 0}","{'Floodlight': 0, 'Flood Light': 0, 'GAS': 0, 'FIFA': 0, 'pipe': 0, 'pipes': 0, 'covid': 0, 'supply': 0, 'Beautification': 0, 'Installation': 0}",,,False,True,Immediate Measures
4459,NIT-03/2020-21/GR-10,1 Construction of Drain from the house of Ram Chandra Mandal upto Back side of Shiv Shankar Thakur via the house of Bhagwan devi 2 Const of Drain in Mohalla Karamganj from the house of Shahid Babu upto Masjid 3 Const of Drain in Mohalla Imambari from Ram Janka Mandir upto Lt Harihar Mandal 4 Raising of Road from the house of Ramashish Rakesh upto Milan Kant dutta via Bhagwan devi in w no 37,1 Construction of Drain from the house of Ram Chandra Mandal upto Back side of Shiv Shankar Thakur via the house of Bhagwan devi 2 Const of Drain in Mohalla Karamganj from the house of Shahid Babu upto Masjid 3 Const of Drain in Mohalla Imambari from Ram Janka Mandir upto Lt Harihar Mandal 4 Raising of Road from the house of Ramashish Rakesh upto Milan Kant dutta via Bhagwan devi in w no 37,2335000.0,INR,INR,2020-09-11 05:11:29+00:00,2020-09-11T02:40:38.729000+00:00,2020-09-19T09:31:00+00:00,SOMESH BAHADUR MATHUR,Municipal Commissioner Begusarai,"BEGUSARAI Municipal Corporation, BEGUSARAI","SRI KRISHNA SINGH CHOWK,",Manesh Kumar Meena,Municipal Commissioner,"Darbhanga Municipal Corporation, Darbhanga",46700.0,5000.0,590.0,True,"{'Flood': 0, 'Embankment': 0, 'embkt': 0, 'Relief': 0, 'Erosion': 0, 'SDRF': 0, 'Inundation': 0, 'Hydrology': 0, 'Silt': 0, 'Siltation': 0, 'Bund': 0, 'Trench': 0, 'Breach': 0, 'Culvert': 0, 'Sluice': 0, 'Dyke': 0, 'Storm water drain': 0, 'Emergency': 0, 'Immediate': 0, 'IM': 0, 'AE': 0, 'A E': 0, 'AAPDA MITRA': 0, 'Bridge': 0, 'River': 0, 'Drain': 6, 'Restoration': 0, 'Protection': 0, 'irr': 0, 'irrigation': 0, 'dam': 0, 'Nallah': 0, 'Retrofitting': 0, 'Pond': 0, 'Pokhari': 0, 'D/C': 0, 'Recharge shaft': 0, 'LFB': 0, 'RFB': 0}","{'Floodlight': 0, 'Flood Light': 0, 'GAS': 0, 'FIFA': 0, 'pipe': 0, 'pipes': 0, 'covid': 0, 'supply': 0, 'Beautification': 0, 'Installation': 0}",,,False,True,Immediate Measures
4458,NIT-03/2020-21/GR-09,1 Construction of PCC road and Drain in w no 35 from Adhi Wakta Awadhesh Kumar up to the house of Devi Kant Jha 2 Const of PCC road and Drain from the house of Raj kumar Yadav to the house of Indu Thakur 3 Const of PCC road and RCC Drain from Raj kumar House up to Mithilesh Jha House via the house of Basant singh Patrakar Part,1 Construction of PCC road and Drain in w no 35 from Adhi Wakta Awadhesh Kumar up to the house of Devi Kant Jha 2 Const of PCC road and Drain from the house of Raj kumar Yadav to the house of Indu Thakur 3 Const of PCC road and RCC Drain from Raj kumar House up to Mithilesh Jha House via the house of Basant singh Patrakar Part,2470000.0,INR,INR,2020-09-11 05:08:52+00:00,2020-09-11T02:35:37.733000+00:00,2020-12-23T08:11:17+00:00,SOMESH BAHADUR MATHUR,Municipal Commissioner Begusarai,"BEGUSARAI Municipal Corporation, BEGUSARAI","SRI KRISHNA SINGH CHOWK,",Manesh Kumar Meena,Municipal Commissioner,"Darbhanga Municipal Corporation, Darbhanga",49400.0,5000.0,590.0,True,"{'Flood': 0, 'Embankment': 0, 'embkt': 0, 'Relief': 0, 'Erosion': 0, 'SDRF': 0, 'Inundation': 0, 'Hydrology': 0, 'Silt': 0, 'Siltation': 0, 'Bund': 0, 'Trench': 0, 'Breach': 0, 'Culvert': 0, 'Sluice': 0, 'Dyke': 0, 'Storm water drain': 0, 'Emergency': 0, 'Immediate': 0, 'IM': 0, 'AE': 0, 'A E': 0, 'AAPDA MITRA': 0, 'Bridge': 0, 'River': 0, 'Drain': 6, 'Restoration': 0, 'Protection': 0, 'irr': 0, 'irrigation': 0, 'dam': 0, 'Nallah': 0, 'Retrofitting': 0, 'Pond': 0, 'Pokhari': 0, 'D/C': 0, 'Recharge shaft': 0, 'LFB': 0, 'RFB': 0}","{'Floodlight': 0, 'Flood Light': 0, 'GAS': 0, 'FIFA': 0, 'pipe': 0, 'pipes': 0, 'covid': 0, 'supply': 0, 'Beautification': 0, 'Installation': 0}",,,False,True,Immediate Measures
4464,NIT-03/2020-21/GR-15,"Construction of road from Ram Brivsh Mahto to Nand Kishore Thakur house, Laxman Mahto to Garbhu Mahto house is koyari Tola, Chchathi Pokhar Campus upto Gayatri Mandir & Vijay Mallik to Councellor house, Main Road to Public School is Bhatiya Pokhar north side & Drain with road from Jitendra Sharma to Ram Padarath Thakur house main road Rajesh Thakur to Ram Nagina Thakur house & Slal over existing drain from councellor house to Anganwari Kendra (Part) in ward no.-02.","Construction of road from Ram Brivsh Mahto to Nand Kishore Thakur house, Laxman Mahto to Garbhu Mahto house is koyari Tola, Chchathi Pokhar Campus upto Gayatri Mandir & Vijay Mallik to Councellor house, Main Road to Public School is Bhatiya Pokhar north side & Drain with road from Jitendra Sharma to Ram Padarath Thakur house main road Rajesh Thakur to Ram Nagina Thakur house & Slal over existing drain from councellor house to Anganwari Kendra (Part) in ward no.-02.",1206400.0,INR,INR,2020-09-11 05:26:11+00:00,2020-09-11T02:58:43.283000+00:00,2020-09-19T09:31:00+00:00,SOMESH BAHADUR MATHUR,Municipal Commissioner Begusarai,"BEGUSARAI Municipal Corporation, BEGUSARAI","SRI KRISHNA SINGH CHOWK,",Manesh Kumar Meena,Municipal Commissioner,"Darbhanga Municipal Corporation, Darbhanga",24150.0,2500.0,590.0,True,"{'Flood': 0, 'Embankment': 0, 'embkt': 0, 'Relief': 0, 'Erosion': 0, 'SDRF': 0, 'Inundation': 0, 'Hydrology': 0, 'Silt': 0, 'Siltation': 0, 'Bund': 0, 'Trench': 0, 'Breach': 0, 'Culvert': 0, 'Sluice': 0, 'Dyke': 0, 'Storm water drain': 0, 'Emergency': 0, 'Immediate': 0, 'IM': 0, 'AE': 0, 'A E': 0, 'AAPDA MITRA': 0, 'Bridge': 0, 'River': 0, 'Drain': 4, 'Restoration': 0, 'Protection': 0, 'irr': 0, 'irrigation': 0, 'dam': 0, 'Nallah': 0, 'Retrofitting': 0, 'Pond': 0, 'Pokhari': 0, 'D/C': 0, 'Recharge shaft': 0, 'LFB': 0, 'RFB': 0}","{'Floodlight': 0, 'Flood Light': 0, 'GAS': 0, 'FIFA': 0, 'pipe': 0, 'pipes': 0, 'covid': 0, 'supply': 0, 'Beautification': 0, 'Installation': 0}",,,False,True,Immediate Measures
4468,NIT-03/2020-21/GR-19,A. Construction of PCC road with RCC drain with Cover from the house of Horible Concellor to the house of Sri Chunchun Sahni in Mohalla Donar. B. Const. of RCC drain with cover from the house of Raju Sah to the house of Sri SarSar paswan western side of Petrol pump moh.donar. C. Const. of RCC drain with cover from the house of ottm Sah to Donar chowk. D. Const. of RCC drain with RCC Cover from the house of Babloo Mandal to theh ouse of Sri Ashok Choudhary in moh.-donar in ward no.-17.,A. Construction of PCC road with RCC drain with Cover from the house of Horible Concellor to the house of Sri Chunchun Sahni in Mohalla Donar. B. Const. of RCC drain with cover from the house of Raju Sah to the house of Sri SarSar paswan western side of Petrol pump moh.donar. C. Const. of RCC drain with cover from the house of ottm Sah to Donar chowk. D. Const. of RCC drain with RCC Cover from the house of Babloo Mandal to theh ouse of Sri Ashok Choudhary in moh.-donar in ward no.-17.,1369500.0,INR,INR,2020-09-11 05:56:05+00:00,2020-09-11T03:10:04.378000+00:00,2020-09-19T09:31:00+00:00,SOMESH BAHADUR MATHUR,Municipal Commissioner Begusarai,"BEGUSARAI Municipal Corporation, BEGUSARAI","SRI KRISHNA SINGH CHOWK,",Manesh Kumar Meena,Municipal Commissioner,"Darbhanga Municipal Corporation, Darbhanga",27400.0,2500.0,590.0,True,"{'Flood': 0, 'Embankment': 0, 'embkt': 0, 'Relief': 0, 'Erosion': 0, 'SDRF': 0, 'Inundation': 0, 'Hydrology': 0, 'Silt': 0, 'Siltation': 0, 'Bund': 0, 'Trench': 0, 'Breach': 0, 'Culvert': 0, 'Sluice': 0, 'Dyke': 0, 'Storm water drain': 0, 'Emergency': 0, 'Immediate': 0, 'IM': 0, 'AE': 0, 'A E': 0, 'AAPDA MITRA': 0, 'Bridge': 0, 'River': 0, 'Drain': 8, 'Restoration': 0, 'Protection': 0, 'irr': 0, 'irrigation': 0, 'dam': 0, 'Nallah': 0, 'Retrofitting': 0, 'Pond': 0, 'Pokhari': 0, 'D/C': 0, 'Recharge shaft': 0, 'LFB': 0, 'RFB': 0}","{'Floodlight': 0, 'Flood Light': 0, 'GAS': 0, 'FIFA': 0, 'pipe': 0, 'pipes': 0, 'covid': 0, 'supply': 0, 'Beautification': 0, 'Installation': 0}",,,False,True,Immediate Measures
4467,NIT-03/2020-21/GR-18,"Construction of Road and Drain from the house of Shankar Ram to Shatrughna Ram house, Baidyanath Ram to Chchitneshwar Ram house. Manoj Ram to Satto Ram house, Ram Pd. Sahani to Harihar Sahani house, Ganga Sahani to Baidyanath Sahani house, Ram briksh Sahani to Satya Nr. Sahani house. Our Prakash Bari to Kailash Bari. house and Binod Bari to Dinesh Bari house in Mohalla - Chunabhatti in w.no.-14.","Construction of Road and Drain from the house of Shankar Ram to Shatrughna Ram house, Baidyanath Ram to Chchitneshwar Ram house. Manoj Ram to Satto Ram house, Ram Pd. Sahani to Harihar Sahani house, Ganga Sahani to Baidyanath Sahani house, Ram briksh Sahani to Satya Nr. Sahani house. Our Prakash Bari to Kailash Bari. house and Binod Bari to Dinesh Bari house in Mohalla - Chunabhatti in w.no.-14.",1135100.0,INR,INR,2020-09-11 05:35:46+00:00,2020-09-11T03:07:41.650000+00:00,2020-09-19T09:31:00+00:00,SOMESH BAHADUR MATHUR,Municipal Commissioner Begusarai,"BEGUSARAI Municipal Corporation, BEGUSARAI","SRI KRISHNA SINGH CHOWK,",Manesh Kumar Meena,Municipal Commissioner,"Darbhanga Municipal Corporation, Darbhanga",22750.0,2500.0,590.0,True,"{'Flood': 0, 'Embankment': 0, 'embkt': 0, 'Relief': 0, 'Erosion': 0, 'SDRF': 0, 'Inundation': 0, 'Hydrology': 0, 'Silt': 0, 'Siltation': 0, 'Bund': 0, 'Trench': 0, 'Breach': 0, 'Culvert': 0, 'Sluice': 0, 'Dyke': 0, 'Storm water drain': 0, 'Emergency': 0, 'Immediate': 0, 'IM': 0, 'AE': 0, 'A E': 0, 'AAPDA MITRA': 0, 'Bridge': 0, 'River': 0, 'Drain': 2, 'Restoration': 0, 'Protection': 0, 'irr': 0, 'irrigation': 0, 'dam': 0, 'Nallah': 0, 'Retrofitting': 0, 'Pond': 0, 'Pokhari': 0, 'D/C': 0, 'Recharge shaft': 0, 'LFB': 0, 'RFB': 0}","{'Floodlight': 0, 'Flood Light': 0, 'GAS': 0, 'FIFA': 0, 'pipe': 0, 'pipes': 0, 'covid': 0, 'supply': 0, 'Beautification': 0, 'Installation': 0}",,,False,True,Immediate Measures
4470,NIT-03/2020-21/GR-21,Construction of RCC Drain from Culvert in between Parmeshwar Chowk and Bela Durga Mandir towards chchathi Pokhar (Part) upto Munmun Land in ward no.-02 with flank development.,Construction of RCC Drain from Culvert in between Parmeshwar Chowk and Bela Durga Mandir towards chchathi Pokhar (Part) upto Munmun Land in ward no.-02 with flank development.,645900.0,INR,INR,2020-09-11 06:02:41+00:00,2020-09-11T03:14:54.867000+00:00,2020-09-19T09:31:00+00:00,SOMESH BAHADUR MATHUR,Municipal Commissioner Begusarai,"BEGUSARAI Municipal Corporation, BEGUSARAI","SRI KRISHNA SINGH CHOWK,",Manesh Kumar Meena,Municipal Commissioner,"Darbhanga Municipal Corporation, Darbhanga",12950.0,1250.0,590.0,True,"{'Flood': 0, 'Embankment': 0, 'embkt': 0, 'Relief': 0, 'Erosion': 0, 'SDRF': 0, 'Inundation': 0, 'Hydrology': 0, 'Silt': 0, 'Siltation': 0, 'Bund': 0, 'Trench': 0, 'Breach': 0, 'Culvert': 2, 'Sluice': 0, 'Dyke': 0, 'Storm water drain': 0, 'Emergency': 0, 'Immediate': 0, 'IM': 0, 'AE': 0, 'A E': 0, 'AAPDA MITRA': 0, 'Bridge': 0, 'River': 0, 'Drain': 2, 'Restoration': 0, 'Protection': 0, 'irr': 0, 'irrigation': 0, 'dam': 0, 'Nallah': 0, 'Retrofitting': 0, 'Pond': 0, 'Pokhari': 0, 'D/C': 0, 'Recharge shaft': 0, 'LFB': 0, 'RFB': 0}","{'Floodlight': 0, 'Flood Light': 0, 'GAS': 0, 'FIFA': 0, 'pipe': 0, 'pipes': 0, 'covid': 0, 'supply': 0, 'Beautification': 0, 'Installation': 0}",,,False,True,Immediate Measures
4472,NIT-03/2020-21/GR-23,Construction of RCC drain with RCC Cover from the house of Sri Akhilesh Sri Vastav to the house of Sri Jitendra Thakur Nia the house of Sri Prijay Kumar Thakur & the house of Sri Sushil Srivastrav in w.no.-28. Moh.-Banker's Colony.,Construction of RCC drain with RCC Cover from the house of Sri Akhilesh Sri Vastav to the house of Sri Jitendra Thakur Nia the house of Sri Prijay Kumar Thakur & the house of Sri Sushil Srivastrav in w.no.-28. Moh.-Banker's Colony.,250000.0,INR,INR,2020-09-11 06:13:44+00:00,2020-09-11T03:24:41.446000+00:00,2020-09-19T09:31:00+00:00,SOMESH BAHADUR MATHUR,Municipal Commissioner Begusarai,"BEGUSARAI Municipal Corporation, BEGUSARAI","SRI KRISHNA SINGH CHOWK,",Manesh Kumar Meena,Municipal Commissioner,"Darbhanga Municipal Corporation, Darbhanga",5000.0,500.0,590.0,True,"{'Flood': 0, 'Embankment': 0, 'embkt': 0, 'Relief': 0, 'Erosion': 0, 'SDRF': 0, 'Inundation': 0, 'Hydrology': 0, 'Silt': 0, 'Siltation': 0, 'Bund': 0, 'Trench': 0, 'Breach': 0, 'Culvert': 0, 'Sluice': 0, 'Dyke': 0, 'Storm water drain': 0, 'Emergency': 0, 'Immediate': 0, 'IM': 0, 'AE': 0, 'A E': 0, 'AAPDA MITRA': 0, 'Bridge': 0, 'River': 0, 'Drain': 2, 'Restoration': 0, 'Protection': 0, 'irr': 0, 'irrigation': 0, 'dam': 0, 'Nallah': 0, 'Retrofitting': 0, 'Pond': 0, 'Pokhari': 0, 'D/C': 0, 'Recharge shaft': 0, 'LFB': 0, 'RFB': 0}","{'Floodlight': 0, 'Flood Light': 0, 'GAS': 0, 'FIFA': 0, 'pipe': 0, 'pipes': 0, 'covid': 0, 'supply': 0, 'Beautification': 0, 'Installation': 0}",,,False,True,Immediate Measures
4466,NIT-03/2020-21/GR-17,"Construction of Road and Drain from Vasim Raza to Raishur Rahman & Hashan Akhatar house, Shyamli Haldhar to Shishir Hukharjee house Southern Gali of Danbi Road, Vikash Kr. Poddar to Akhilesh Kr. Chy house, Bansidhar Balu Gali (Appax Dera), Sushil Thakur Gali and Drain from Deepak Sah to Dr. R.K. Mishra house in w.no.-12.","Construction of Road and Drain from Vasim Raza to Raishur Rahman & Hashan Akhatar house, Shyamli Haldhar to Shishir Hukharjee house Southern Gali of Danbi Road, Vikash Kr. Poddar to Akhilesh Kr. Chy house, Bansidhar Balu Gali (Appax Dera), Sushil Thakur Gali and Drain from Deepak Sah to Dr. R.K. Mishra house in w.no.-12.",1216800.0,INR,INR,2020-09-11 05:31:50+00:00,2020-09-11T03:05:06.304000+00:00,2020-09-19T09:31:00+00:00,SOMESH BAHADUR MATHUR,Municipal Commissioner Begusarai,"BEGUSARAI Municipal Corporation, BEGUSARAI","SRI KRISHNA SINGH CHOWK,",Manesh Kumar Meena,Municipal Commissioner,"Darbhanga Municipal Corporation, Darbhanga",24400.0,2500.0,590.0,True,"{'Flood': 0, 'Embankment': 0, 'embkt': 0, 'Relief': 0, 'Erosion': 0, 'SDRF': 0, 'Inundation': 0, 'Hydrology': 0, 'Silt': 0, 'Siltation': 0, 'Bund': 0, 'Trench': 0, 'Breach': 0, 'Culvert': 0, 'Sluice': 0, 'Dyke': 0, 'Storm water drain': 0, 'Emergency': 0, 'Immediate': 0, 'IM': 0, 'AE': 0, 'A E': 0, 'AAPDA MITRA': 0, 'Bridge': 0, 'River': 0, 'Drain': 4, 'Restoration': 0, 'Protection': 0, 'irr': 0, 'irrigation': 0, 'dam': 0, 'Nallah': 0, 'Retrofitting': 0, 'Pond': 0, 'Pokhari': 0, 'D/C': 0, 'Recharge shaft': 0, 'LFB': 0, 'RFB': 0}","{'Floodlight': 0, 'Flood Light': 0, 'GAS': 0, 'FIFA': 0, 'pipe': 0, 'pipes': 0, 'covid': 0, 'supply': 0, 'Beautification': 0, 'Installation': 0}",,,False,True,Immediate Measures
4469,NIT-03/2020-21/GR-20,A. construction of PCC road from the house of Sri Ashok Thakur to the house of Sri Lakshmi Thakur in Moh.-Raj Kumar Singh in w.no.-19. B. Const. of PCC road from Bandhan General Store to the house of Pankaj Mehra in Moh.-Raj kumar ganj with part RCC drain. C. Const. of RCC drain from Aagan Badi Kendra to the house of Bose in Moh.-Raj kumar ganj. D. Const. of RCC drain from Electric Shop of Ashish Puddar to the house of Sri Mahesh Poddar in w.no.-19 in Mirzapur Road.,A. construction of PCC road from the house of Sri Ashok Thakur to the house of Sri Lakshmi Thakur in Moh.-Raj Kumar Singh in w.no.-19. B. Const. of PCC road from Bandhan General Store to the house of Pankaj Mehra in Moh.-Raj kumar ganj with part RCC drain. C. Const. of RCC drain from Aagan Badi Kendra to the house of Bose in Moh.-Raj kumar ganj. D. Const. of RCC drain from Electric Shop of Ashish Puddar to the house of Sri Mahesh Poddar in w.no.-19 in Mirzapur Road.,1372500.0,INR,INR,2020-09-11 05:58:55+00:00,2020-09-11T03:12:29.237000+00:00,2020-09-19T09:31:00+00:00,SOMESH BAHADUR MATHUR,Municipal Commissioner Begusarai,"BEGUSARAI Municipal Corporation, BEGUSARAI","SRI KRISHNA SINGH CHOWK,",Manesh Kumar Meena,Municipal Commissioner,"Darbhanga Municipal Corporation, Darbhanga",27450.0,2500.0,590.0,True,"{'Flood': 0, 'Embankment': 0, 'embkt': 0, 'Relief': 0, 'Erosion': 0, 'SDRF': 0, 'Inundation': 0, 'Hydrology': 0, 'Silt': 0, 'Siltation': 0, 'Bund': 0, 'Trench': 0, 'Breach': 0, 'Culvert': 0, 'Sluice': 0, 'Dyke': 0, 'Storm water drain': 0, 'Emergency': 0, 'Immediate': 0, 'IM': 0, 'AE': 0, 'A E': 0, 'AAPDA MITRA': 0, 'Bridge': 0, 'River': 0, 'Drain': 6, 'Restoration': 0, 'Protection': 0, 'irr': 0, 'irrigation': 0, 'dam': 0, 'Nallah': 0, 'Retrofitting': 0, 'Pond': 0, 'Pokhari': 0, 'D/C': 0, 'Recharge shaft': 0, 'LFB': 0, 'RFB': 0}","{'Floodlight': 0, 'Flood Light': 0, 'GAS': 0, 'FIFA': 0, 'pipe': 0, 'pipes': 0, 'covid': 0, 'supply': 0, 'Beautification': 0, 'Installation': 0}",,,False,True,Immediate Measures
4475,NIT-03/2020-21/GR-26,"Const. of road from Manish Gupta to Amareshwari Charan Singh house Const. of drain from o.p. sharma to krishna Agrawal house, sita babu Gali, Mithilesh Sah to Binod Pandit house, Gopal Thakur to Suresh Mahto house, Baidyanath Roy to Anil Ram house & Raj kr. Master to Moti Ram house in ward no.-11.","Const. of road from Manish Gupta to Amareshwari Charan Singh house Const. of drain from o.p. sharma to krishna Agrawal house, sita babu Gali, Mithilesh Sah to Binod Pandit house, Gopal Thakur to Suresh Mahto house, Baidyanath Roy to Anil Ram house & Raj kr. Master to Moti Ram house in ward no.-11.",1820000.0,INR,INR,2020-09-11 06:21:27+00:00,2020-09-11T03:34:11.872000+00:00,2020-09-19T09:31:00+00:00,SOMESH BAHADUR MATHUR,Municipal Commissioner Begusarai,"BEGUSARAI Municipal Corporation, BEGUSARAI","SRI KRISHNA SINGH CHOWK,",Manesh Kumar Meena,Municipal Commissioner,"Darbhanga Municipal Corporation, Darbhanga",36400.0,5000.0,590.0,True,"{'Flood': 0, 'Embankment': 0, 'embkt': 0, 'Relief': 0, 'Erosion': 0, 'SDRF': 0, 'Inundation': 0, 'Hydrology': 0, 'Silt': 0, 'Siltation': 0, 'Bund': 0, 'Trench': 0, 'Breach': 0, 'Culvert': 0, 'Sluice': 0, 'Dyke': 0, 'Storm water drain': 0, 'Emergency': 0, 'Immediate': 0, 'IM': 0, 'AE': 0, 'A E': 0, 'AAPDA MITRA': 0, 'Bridge': 0, 'River': 0, 'Drain': 2, 'Restoration': 0, 'Protection': 0, 'irr': 0, 'irrigation': 0, 'dam': 0, 'Nallah': 0, 'Retrofitting': 0, 'Pond': 0, 'Pokhari': 0, 'D/C': 0, 'Recharge shaft': 0, 'LFB': 0, 'RFB': 0}","{'Floodlight': 0, 'Flood Light': 0, 'GAS': 0, 'FIFA': 0, 'pipe': 0, 'pipes': 0, 'covid': 0, 'supply': 0, 'Beautification': 0, 'Installation': 0}",,,False,True,Immediate Measures
4471,NIT-03/2020-21/GR-22,Renovation/Raising of existing PCC road & Drain from the house of Shrishti Narayan Jha upto Bholu Yadav house (Town Boundary) in w.no.-03.,Renovation/Raising of existing PCC road & Drain from the house of Shrishti Narayan Jha upto Bholu Yadav house (Town Boundary) in w.no.-03.,1221900.0,INR,INR,2020-09-11 06:06:08+00:00,2020-09-11T03:19:05.036000+00:00,2020-12-23T09:37:51+00:00,SOMESH BAHADUR MATHUR,Municipal Commissioner Begusarai,"BEGUSARAI Municipal Corporation, BEGUSARAI","SRI KRISHNA SINGH CHOWK,",Manesh Kumar Meena,Municipal Commissioner,"Darbhanga Municipal Corporation, Darbhanga",24450.0,2500.0,590.0,True,"{'Flood': 0, 'Embankment': 0, 'embkt': 0, 'Relief': 0, 'Erosion': 0, 'SDRF': 0, 'Inundation': 0, 'Hydrology': 0, 'Silt': 0, 'Siltation': 0, 'Bund': 0, 'Trench': 0, 'Breach': 0, 'Culvert': 0, 'Sluice': 0, 'Dyke': 0, 'Storm water drain': 0, 'Emergency': 0, 'Immediate': 0, 'IM': 0, 'AE': 0, 'A E': 0, 'AAPDA MITRA': 0, 'Bridge': 0, 'River': 0, 'Drain': 2, 'Restoration': 0, 'Protection': 0, 'irr': 0, 'irrigation': 0, 'dam': 0, 'Nallah': 0, 'Retrofitting': 0, 'Pond': 0, 'Pokhari': 0, 'D/C': 0, 'Recharge shaft': 0, 'LFB': 0, 'RFB': 0}","{'Floodlight': 0, 'Flood Light': 0, 'GAS': 0, 'FIFA': 0, 'pipe': 0, 'pipes': 0, 'covid': 0, 'supply': 0, 'Beautification': 0, 'Installation': 0}",,,False,True,Immediate Measures
4477,NIT-03/2020-21/GR-28,1. Construction of PCC Road and RCC Drain with Cover in W.no.-35 from the house of Dr. Jagadish Jha upto V.I.P road Hanuman Mandir via Benta School and Dr. R. Satyawati Clinic (Part-vth) (ii) PCC Road & RCC Drain with cover from yogendra yadav Near corner of Pokhar upto Pramod Lal Das with Link Road & Drain from Umesh Chandra Karn upto Vijay Kr. Gupta advocate (iii) Const. of PCC road and RCC Drain with Cover from Hanuman Mandir upto mahendra yadav & from Shankar Thakur upto D.Chy.,1. Construction of PCC Road and RCC Drain with Cover in W.no.-35 from the house of Dr. Jagadish Jha upto V.I.P road Hanuman Mandir via Benta School and Dr. R. Satyawati Clinic (Part-vth) (ii) PCC Road & RCC Drain with cover from yogendra yadav Near corner of Pokhar upto Pramod Lal Das with Link Road & Drain from Umesh Chandra Karn upto Vijay Kr. Gupta advocate (iii) Const. of PCC road and RCC Drain with Cover from Hanuman Mandir upto mahendra yadav & from Shankar Thakur upto D.Chy.,2080000.0,INR,INR,2020-09-11 06:27:46+00:00,2020-09-11T03:40:24.658000+00:00,2020-12-23T09:42:54+00:00,SOMESH BAHADUR MATHUR,Municipal Commissioner Begusarai,"BEGUSARAI Municipal Corporation, BEGUSARAI","SRI KRISHNA SINGH CHOWK,",Manesh Kumar Meena,Municipal Commissioner,"Darbhanga Municipal Corporation, Darbhanga",41600.0,5000.0,590.0,True,"{'Flood': 0, 'Embankment': 0, 'embkt': 0, 'Relief': 0, 'Erosion': 0, 'SDRF': 0, 'Inundation': 0, 'Hydrology': 0, 'Silt': 0, 'Siltation': 0, 'Bund': 0, 'Trench': 0, 'Breach': 0, 'Culvert': 0, 'Sluice': 0, 'Dyke': 0, 'Storm water drain': 0, 'Emergency': 0, 'Immediate': 0, 'IM': 0, 'AE': 0, 'A E': 0, 'AAPDA MITRA': 0, 'Bridge': 0, 'River': 0, 'Drain': 8, 'Restoration': 0, 'Protection': 0, 'irr': 0, 'irrigation': 0, 'dam': 0, 'Nallah': 0, 'Retrofitting': 0, 'Pond': 0, 'Pokhari': 0, 'D/C': 0, 'Recharge shaft': 0, 'LFB': 0, 'RFB': 0}","{'Floodlight': 0, 'Flood Light': 0, 'GAS': 0, 'FIFA': 0, 'pipe': 0, 'pipes': 0, 'covid': 0, 'supply': 0, 'Beautification': 0, 'Installation': 0}",,,False,True,Immediate Measures
4473,NIT-03/2020-21/GR-24,Construction of Retaining Wall with PCC road & RCC drain situated north Bhinda of Katraihiya Pokhar near Katrhihiya Maszid in ward no.-17.,Construction of Retaining Wall with PCC road & RCC drain situated north Bhinda of Katraihiya Pokhar near Katrhihiya Maszid in ward no.-17.,1160000.0,INR,INR,2020-09-11 06:16:18+00:00,2020-09-11T03:28:20.522000+00:00,2020-09-19T09:31:00+00:00,SOMESH BAHADUR MATHUR,Municipal Commissioner Begusarai,"BEGUSARAI Municipal Corporation, BEGUSARAI","SRI KRISHNA SINGH CHOWK,",Manesh Kumar Meena,Municipal Commissioner,"Darbhanga Municipal Corporation, Darbhanga",23200.0,2500.0,590.0,True,"{'Flood': 0, 'Embankment': 0, 'embkt': 0, 'Relief': 0, 'Erosion': 0, 'SDRF': 0, 'Inundation': 0, 'Hydrology': 0, 'Silt': 0, 'Siltation': 0, 'Bund': 0, 'Trench': 0, 'Breach': 0, 'Culvert': 0, 'Sluice': 0, 'Dyke': 0, 'Storm water drain': 0, 'Emergency': 0, 'Immediate': 0, 'IM': 0, 'AE': 0, 'A E': 0, 'AAPDA MITRA': 0, 'Bridge': 0, 'River': 0, 'Drain': 2, 'Restoration': 0, 'Protection': 0, 'irr': 0, 'irrigation': 0, 'dam': 0, 'Nallah': 0, 'Retrofitting': 0, 'Pond': 0, 'Pokhari': 0, 'D/C': 0, 'Recharge shaft': 0, 'LFB': 0, 'RFB': 0}","{'Floodlight': 0, 'Flood Light': 0, 'GAS': 0, 'FIFA': 0, 'pipe': 0, 'pipes': 0, 'covid': 0, 'supply': 0, 'Beautification': 0, 'Installation': 0}",,,False,True,Immediate Measures
4476,NIT-03/2020-21/GR-27,"Const. of drain from 1. Ranjeet Paswan to Sajjan Mandal house 2. Jageshwar Paswan to Vijay Paswan (Guard Sb.) house. 3. Sanjay Paswan to Pramod Paswan via Surendra Pasan house 4. Banarsi Paswan to Parmeshwar Paswan & Pukarji house & 5. In Mithila Colony Ganpati Mishra to Industrial Estate Campus via Ashwani jha, Paswan jha & Kanhaiya Das house in ward no.-16.","Const. of drain from 1. Ranjeet Paswan to Sajjan Mandal house 2. Jageshwar Paswan to Vijay Paswan (Guard Sb.) house. 3. Sanjay Paswan to Pramod Paswan via Surendra Pasan house 4. Banarsi Paswan to Parmeshwar Paswan & Pukarji house & 5. In Mithila Colony Ganpati Mishra to Industrial Estate Campus via Ashwani jha, Paswan jha & Kanhaiya Das house in ward no.-16.",1850000.0,INR,INR,2020-09-11 06:23:46+00:00,2020-09-11T03:37:56.578000+00:00,2020-09-19T09:31:00+00:00,SOMESH BAHADUR MATHUR,Municipal Commissioner Begusarai,"BEGUSARAI Municipal Corporation, BEGUSARAI","SRI KRISHNA SINGH CHOWK,",Manesh Kumar Meena,Municipal Commissioner,"Darbhanga Municipal Corporation, Darbhanga",37000.0,5000.0,590.0,True,"{'Flood': 0, 'Embankment': 0, 'embkt': 0, 'Relief': 0, 'Erosion': 0, 'SDRF': 0, 'Inundation': 0, 'Hydrology': 0, 'Silt': 0, 'Siltation': 0, 'Bund': 0, 'Trench': 0, 'Breach': 0, 'Culvert': 0, 'Sluice': 0, 'Dyke': 0, 'Storm water drain': 0, 'Emergency': 0, 'Immediate': 0, 'IM': 0, 'AE': 0, 'A E': 0, 'AAPDA MITRA': 0, 'Bridge': 0, 'River': 0, 'Drain': 2, 'Restoration': 0, 'Protection': 0, 'irr': 0, 'irrigation': 0, 'dam': 0, 'Nallah': 0, 'Retrofitting': 0, 'Pond': 0, 'Pokhari': 0, 'D/C': 0, 'Recharge shaft': 0, 'LFB': 0, 'RFB': 0}","{'Floodlight': 0, 'Flood Light': 0, 'GAS': 0, 'FIFA': 0, 'pipe': 0, 'pipes': 0, 'covid': 0, 'supply': 0, 'Beautification': 0, 'Installation': 0}",,,False,True,Immediate Measures
4480,NITNO-02/2020-21/RCD/CHAPRA,CONSTRUCTION OF H.L BRIDGE OF SPAN 2X8 M AT KM 33.100 OF DIGHWARA- BHELDHI- AMNOUR- TARAIYA TO  SEMRI BANDH(SH104) PATH FOR THE YEAR   2020-21,CONSTRUCTION OF H.L BRIDGE OF SPAN 2X8 M AT KM 33.100 OF DIGHWARA- BHELDHI- AMNOUR- TARAIYA TO  SEMRI BANDH(SH104) PATH FOR THE YEAR   2020-21,22347842.0,INR,INR,2020-09-11 08:35:06+00:00,2020-09-11T05:33:21.592000+00:00,2025-11-11T08:18:55+00:00,KAUNTEY KUMAR,EE,Patna City Road Division,"OFFICE OF THE EXECUTIVE ENGINEER, PATNA CITY ROAD DIVISION,GULZARBAGH, PATNA-7","SUPERINTENDING ENGINEER, SARAN ROAD CIRCLE HAJIPUR",SE,SARAN ROAD CIRCLE HAJIPUR,447000.0,10000.0,3540.0,True,"{'Flood': 0, 'Embankment': 0, 'embkt': 0, 'Relief': 0, 'Erosion': 0, 'SDRF': 0, 'Inundation': 0, 'Hydrology': 0, 'Silt': 0, 'Siltation': 0, 'Bund': 0, 'Trench': 0, 'Breach': 0, 'Culvert': 0, 'Sluice': 0, 'Dyke': 0, 'Storm water drain': 0, 'Emergency': 0, 'Immediate': 0, 'IM': 0, 'AE': 0, 'A E': 0, 'AAPDA MITRA': 0, 'Bridge': 2, 'River': 0, 'Drain': 0, 'Restoration': 0, 'Protection': 0, 'irr': 0, 'irrigation': 0, 'dam': 0, 'Nallah': 0, 'Retrofitting': 0, 'Pond': 0, 'Pokhari': 0, 'D/C': 0, 'Recharge shaft': 0, 'LFB': 0, 'RFB': 0}","{'Floodlight': 0, 'Flood Light': 0, 'GAS': 0, 'FIFA': 0, 'pipe': 0, 'pipes': 0, 'covid': 0, 'supply': 0, 'Beautification': 0, 'Installation': 0}",,,False,True,Others
4485,04/2020-21/GR009,"construction of Road  &  Drain from service road mahuse to sudhir singh to virandr singh    ward no---08---,Nagar Parisad Sheikhpura","construction of Road  &  Drain from service road mahuse to sudhir singh to virandr singh    ward no---08---,Nagar Parisad Sheikhpura",2266920.0,INR,INR,2020-09-11 06:45:27+00:00,2020-09-11T06:32:42.654000+00:00,2020-10-09T12:03:52+00:00,SUDHANSHU KUMAR,EO,NAGAR PANCHAYAT MOHANIA,STATION ROAD MOHANIA,DINESH DAYAL LAL,EO,NAGAR PARISHAD SHEIKHPURA,46000.0,5000.0,590.0,True,"{'Flood': 0, 'Embankment': 0, 'embkt': 0, 'Relief': 0, 'Erosion': 0, 'SDRF': 0, 'Inundation': 0, 'Hydrology': 0, 'Silt': 0, 'Siltation': 0, 'Bund': 0, 'Trench': 0, 'Breach': 0, 'Culvert': 0, 'Sluice': 0, 'Dyke': 0, 'Storm water drain': 0, 'Emergency': 0, 'Immediate': 0, 'IM': 0, 'AE': 0, 'A E': 0, 'AAPDA MITRA': 0, 'Bridge': 0, 'River': 0, 'Drain': 2, 'Restoration': 0, 'Protection': 0, 'irr': 0, 'irrigation': 0, 'dam': 0, 'Nallah': 0, 'Retrofitting': 0, 'Pond': 0, 'Pokhari': 0, 'D/C': 0, 'Recharge shaft': 0, 'LFB': 0, 'RFB': 0}","{'Floodlight': 0, 'Flood Light': 0, 'GAS': 0, 'FIFA': 0, 'pipe': 0, 'pipes': 0, 'covid': 0, 'supply': 0, 'Beautification': 0, 'Installation': 0}",,,False,True,Immediate Measures
4486,04/2020-21/GR010,"construction of Road  &  Drain from the house of Dilip Ram  to Navodaya vidyalaya    ward no---10---,Nagar Parisad Sheikhpura","construction of Road  &  Drain from the house of Dilip Ram  to Navodaya vidyalaya    ward no---10---,Nagar Parisad Sheikhpura",961080.0,INR,INR,2020-09-11 07:04:09+00:00,2020-09-11T06:57:26.391000+00:00,2020-10-09T12:02:51+00:00,SUDHANSHU KUMAR,EO,NAGAR PANCHAYAT MOHANIA,STATION ROAD MOHANIA,DINESH DAYAL LAL,EO,NAGAR PARISHAD SHEIKHPURA,20000.0,1250.0,590.0,True,"{'Flood': 0, 'Embankment': 0, 'embkt': 0, 'Relief': 0, 'Erosion': 0, 'SDRF': 0, 'Inundation': 0, 'Hydrology': 0, 'Silt': 0, 'Siltation': 0, 'Bund': 0, 'Trench': 0, 'Breach': 0, 'Culvert': 0, 'Sluice': 0, 'Dyke': 0, 'Storm water drain': 0, 'Emergency': 0, 'Immediate': 0, 'IM': 0, 'AE': 0, 'A E': 0, 'AAPDA MITRA': 0, 'Bridge': 0, 'River': 0, 'Drain': 2, 'Restoration': 0, 'Protection': 0, 'irr': 0, 'irrigation': 0, 'dam': 0, 'Nallah': 0, 'Retrofitting': 0, 'Pond': 0, 'Pokhari': 0, 'D/C': 0, 'Recharge shaft': 0, 'LFB': 0, 'RFB': 0}","{'Floodlight': 0, 'Flood Light': 0, 'GAS': 0, 'FIFA': 0, 'pipe': 0, 'pipes': 0, 'covid': 0, 'supply': 0, 'Beautification': 0, 'Installation': 0}",,,False,True,Immediate Measures
4484,04/2020-21/GR008,"construction road and drain  near main road to surender saw  house      ward no---07---,Nagar Parisad Sheikhpura","construction road and drain  near main road to surender saw  house      ward no---07---,Nagar Parisad Sheikhpura",1106230.0,INR,INR,2020-09-11 06:32:24+00:00,2020-09-11T06:22:52.610000+00:00,2020-10-09T12:04:32+00:00,SUDHANSHU KUMAR,EO,NAGAR PANCHAYAT MOHANIA,STATION ROAD MOHANIA,DINESH DAYAL LAL,EO,NAGAR PARISHAD SHEIKHPURA,22000.0,1250.0,590.0,True,"{'Flood': 0, 'Embankment': 0, 'embkt': 0, 'Relief': 0, 'Erosion': 0, 'SDRF': 0, 'Inundation': 0, 'Hydrology': 0, 'Silt': 0, 'Siltation': 0, 'Bund': 0, 'Trench': 0, 'Breach': 0, 'Culvert': 0, 'Sluice': 0, 'Dyke': 0, 'Storm water drain': 0, 'Emergency': 0, 'Immediate': 0, 'IM': 0, 'AE': 0, 'A E': 0, 'AAPDA MITRA': 0, 'Bridge': 0, 'River': 0, 'Drain': 2, 'Restoration': 0, 'Protection': 0, 'irr': 0, 'irrigation': 0, 'dam': 0, 'Nallah': 0, 'Retrofitting': 0, 'Pond': 0, 'Pokhari': 0, 'D/C': 0, 'Recharge shaft': 0, 'LFB': 0, 'RFB': 0}","{'Floodlight': 0, 'Flood Light': 0, 'GAS': 0, 'FIFA': 0, 'pipe': 0, 'pipes': 0, 'covid': 0, 'supply': 0, 'Beautification': 0, 'Installation': 0}",,,False,True,Immediate Measures
4481,04/2020-21/GR002,"construction of Drain & Road with PCC from the house of Papu mahto to Bhola mahto ward no---04---,Nagar Parisad Sheikhpura","construction of Drain & Road with PCC from the house of Papu mahto to Bhola mahto ward no---04---,Nagar Parisad Sheikhpura",1363990.0,INR,INR,2020-09-11 06:05:12+00:00,2020-09-11T05:51:32.386000+00:00,2020-10-09T12:14:35+00:00,SUDHANSHU KUMAR,EO,NAGAR PANCHAYAT MOHANIA,STATION ROAD MOHANIA,DINESH DAYAL LAL,EO,NAGAR PARISHAD SHEIKHPURA,29000.0,2500.0,590.0,True,"{'Flood': 0, 'Embankment': 0, 'embkt': 0, 'Relief': 0, 'Erosion': 0, 'SDRF': 0, 'Inundation': 0, 'Hydrology': 0, 'Silt': 0, 'Siltation': 0, 'Bund': 0, 'Trench': 0, 'Breach': 0, 'Culvert': 0, 'Sluice': 0, 'Dyke': 0, 'Storm water drain': 0, 'Emergency': 0, 'Immediate': 0, 'IM': 0, 'AE': 0, 'A E': 0, 'AAPDA MITRA': 0, 'Bridge': 0, 'River': 0, 'Drain': 2, 'Restoration': 0, 'Protection': 0, 'irr': 0, 'irrigation': 0, 'dam': 0, 'Nallah': 0, 'Retrofitting': 0, 'Pond': 0, 'Pokhari': 0, 'D/C': 0, 'Recharge shaft': 0, 'LFB': 0, 'RFB': 0}","{'Floodlight': 0, 'Flood Light': 0, 'GAS': 0, 'FIFA': 0, 'pipe': 0, 'pipes': 0, 'covid': 0, 'supply': 0, 'Beautification': 0, 'Installation': 0}",,,False,True,Immediate Measures
4482,04/2020-21/GR003,"construction of   Drain & Road from the house of Rahul Kumar  to Upendrajee     ward no---04---,Nagar Parisad Sheikhpura","construction of   Drain & Road from the house of Rahul Kumar  to Upendrajee     ward no---04---,Nagar Parisad Sheikhpura",1106230.0,INR,INR,2020-09-11 06:13:47+00:00,2020-09-11T06:05:35.397000+00:00,2020-10-09T12:09:38+00:00,SUDHANSHU KUMAR,EO,NAGAR PANCHAYAT MOHANIA,STATION ROAD MOHANIA,DINESH DAYAL LAL,EO,NAGAR PARISHAD SHEIKHPURA,23000.0,2500.0,590.0,True,"{'Flood': 0, 'Embankment': 0, 'embkt': 0, 'Relief': 0, 'Erosion': 0, 'SDRF': 0, 'Inundation': 0, 'Hydrology': 0, 'Silt': 0, 'Siltation': 0, 'Bund': 0, 'Trench': 0, 'Breach': 0, 'Culvert': 0, 'Sluice': 0, 'Dyke': 0, 'Storm water drain': 0, 'Emergency': 0, 'Immediate': 0, 'IM': 0, 'AE': 0, 'A E': 0, 'AAPDA MITRA': 0, 'Bridge': 0, 'River': 0, 'Drain': 2, 'Restoration': 0, 'Protection': 0, 'irr': 0, 'irrigation': 0, 'dam': 0, 'Nallah': 0, 'Retrofitting': 0, 'Pond': 0, 'Pokhari': 0, 'D/C': 0, 'Recharge shaft': 0, 'LFB': 0, 'RFB': 0}","{'Floodlight': 0, 'Flood Light': 0, 'GAS': 0, 'FIFA': 0, 'pipe': 0, 'pipes': 0, 'covid': 0, 'supply': 0, 'Beautification': 0, 'Installation': 0}",,,False,True,Immediate Measures
4479,04/2020-21/GR001,"construction of Road  &  Drain from Friead service center to school to Ravi stono ward no---02---,Nagar Parisad Sheikhpura","construction of Road  &  Drain from Friead service center to school to Ravi stono ward no---02---,Nagar Parisad Sheikhpura",2239940.0,INR,INR,2020-09-11 05:50:56+00:00,2020-09-11T05:11:53.266000+00:00,2020-09-23T05:34:22+00:00,SUDHANSHU KUMAR,EO,NAGAR PANCHAYAT MOHANIA,STATION ROAD MOHANIA,DINESH DAYAL LAL,EO,NAGAR PARISHAD SHEIKHPURA,45000.0,5000.0,590.0,True,"{'Flood': 0, 'Embankment': 0, 'embkt': 0, 'Relief': 0, 'Erosion': 0, 'SDRF': 0, 'Inundation': 0, 'Hydrology': 0, 'Silt': 0, 'Siltation': 0, 'Bund': 0, 'Trench': 0, 'Breach': 0, 'Culvert': 0, 'Sluice': 0, 'Dyke': 0, 'Storm water drain': 0, 'Emergency': 0, 'Immediate': 0, 'IM': 0, 'AE': 0, 'A E': 0, 'AAPDA MITRA': 0, 'Bridge': 0, 'River': 0, 'Drain': 2, 'Restoration': 0, 'Protection': 0, 'irr': 0, 'irrigation': 0, 'dam': 0, 'Nallah': 0, 'Retrofitting': 0, 'Pond': 0, 'Pokhari': 0, 'D/C': 0, 'Recharge shaft': 0, 'LFB': 0, 'RFB': 0}","{'Floodlight': 0, 'Flood Light': 0, 'GAS': 0, 'FIFA': 0, 'pipe': 0, 'pipes': 0, 'covid': 0, 'supply': 0, 'Beautification': 0, 'Installation': 0}",,,False,True,Immediate Measures
4493,04/2020-21/GR017,construction of   Drain & Road  from the house of Soni to Balesher Ram via Jahangir WARD NO-15 NEAR  NAGAR PARISHAD  SHEIKHPURA,construction of   Drain & Road  from the house of Soni to Balesher Ram via Jahangir WARD NO-15 NEAR  NAGAR PARISHAD  SHEIKHPURA,464842.0,INR,INR,2020-09-11 07:56:31+00:00,2020-09-11T07:49:13.727000+00:00,2020-10-09T11:57:10+00:00,SUDHANSHU KUMAR,EO,NAGAR PANCHAYAT MOHANIA,STATION ROAD MOHANIA,DINESH DAYAL LAL,EO,NAGAR PARISHAD SHEIKHPURA,10000.0,750.0,590.0,True,"{'Flood': 0, 'Embankment': 0, 'embkt': 0, 'Relief': 0, 'Erosion': 0, 'SDRF': 0, 'Inundation': 0, 'Hydrology': 0, 'Silt': 0, 'Siltation': 0, 'Bund': 0, 'Trench': 0, 'Breach': 0, 'Culvert': 0, 'Sluice': 0, 'Dyke': 0, 'Storm water drain': 0, 'Emergency': 0, 'Immediate': 0, 'IM': 0, 'AE': 0, 'A E': 0, 'AAPDA MITRA': 0, 'Bridge': 0, 'River': 0, 'Drain': 2, 'Restoration': 0, 'Protection': 0, 'irr': 0, 'irrigation': 0, 'dam': 0, 'Nallah': 0, 'Retrofitting': 0, 'Pond': 0, 'Pokhari': 0, 'D/C': 0, 'Recharge shaft': 0, 'LFB': 0, 'RFB': 0}","{'Floodlight': 0, 'Flood Light': 0, 'GAS': 0, 'FIFA': 0, 'pipe': 0, 'pipes': 0, 'covid': 0, 'supply': 0, 'Beautification': 0, 'Installation': 0}",,,False,True,Immediate Measures
4492,04/2020-21/GR016,"construction of   Drain & Road in Gareritola from Om Pandit to Umesh Courasia,Sibu Chourasia to Mannu Saw WARD NO-15 NEAR  NAGAR PARISHAD  SHEIKHPURA","construction of   Drain & Road in Gareritola from Om Pandit to Umesh Courasia,Sibu Chourasia to Mannu Saw WARD NO-15 NEAR  NAGAR PARISHAD  SHEIKHPURA",1162900.0,INR,INR,2020-09-11 07:48:33+00:00,2020-09-11T07:41:48.401000+00:00,2020-10-09T11:58:01+00:00,SUDHANSHU KUMAR,EO,NAGAR PANCHAYAT MOHANIA,STATION ROAD MOHANIA,DINESH DAYAL LAL,EO,NAGAR PARISHAD SHEIKHPURA,24000.0,2500.0,590.0,True,"{'Flood': 0, 'Embankment': 0, 'embkt': 0, 'Relief': 0, 'Erosion': 0, 'SDRF': 0, 'Inundation': 0, 'Hydrology': 0, 'Silt': 0, 'Siltation': 0, 'Bund': 0, 'Trench': 0, 'Breach': 0, 'Culvert': 0, 'Sluice': 0, 'Dyke': 0, 'Storm water drain': 0, 'Emergency': 0, 'Immediate': 0, 'IM': 0, 'AE': 0, 'A E': 0, 'AAPDA MITRA': 0, 'Bridge': 0, 'River': 0, 'Drain': 2, 'Restoration': 0, 'Protection': 0, 'irr': 0, 'irrigation': 0, 'dam': 0, 'Nallah': 0, 'Retrofitting': 0, 'Pond': 0, 'Pokhari': 0, 'D/C': 0, 'Recharge shaft': 0, 'LFB': 0, 'RFB': 0}","{'Floodlight': 0, 'Flood Light': 0, 'GAS': 0, 'FIFA': 0, 'pipe': 0, 'pipes': 0, 'covid': 0, 'supply': 0, 'Beautification': 0, 'Installation': 0}",,,False,True,Immediate Measures
4498,04/2020-21/GR020,construction of RCC DRAIN IN BYPASS SANGAT GALI MODE TO PASWAN GALI LINE HOTEL  FRONT AND LINE HOTEL BEHIND WARD NO-15 NEAR  NAGAR PARISHAD  SHEIKHPURA,construction of RCC DRAIN IN BYPASS SANGAT GALI MODE TO PASWAN GALI LINE HOTEL  FRONT AND LINE HOTEL BEHIND WARD NO-15 NEAR  NAGAR PARISHAD  SHEIKHPURA,1948077.0,INR,INR,2020-09-11 08:14:39+00:00,2020-09-11T08:07:47.772000+00:00,2020-10-09T12:16:14+00:00,SUDHANSHU KUMAR,EO,NAGAR PANCHAYAT MOHANIA,STATION ROAD MOHANIA,DINESH DAYAL LAL,EO,NAGAR PARISHAD SHEIKHPURA,40000.0,5000.0,590.0,True,"{'Flood': 0, 'Embankment': 0, 'embkt': 0, 'Relief': 0, 'Erosion': 0, 'SDRF': 0, 'Inundation': 0, 'Hydrology': 0, 'Silt': 0, 'Siltation': 0, 'Bund': 0, 'Trench': 0, 'Breach': 0, 'Culvert': 0, 'Sluice': 0, 'Dyke': 0, 'Storm water drain': 0, 'Emergency': 0, 'Immediate': 0, 'IM': 0, 'AE': 0, 'A E': 0, 'AAPDA MITRA': 0, 'Bridge': 0, 'River': 0, 'Drain': 2, 'Restoration': 0, 'Protection': 0, 'irr': 0, 'irrigation': 0, 'dam': 0, 'Nallah': 0, 'Retrofitting': 0, 'Pond': 0, 'Pokhari': 0, 'D/C': 0, 'Recharge shaft': 0, 'LFB': 0, 'RFB': 0}","{'Floodlight': 0, 'Flood Light': 0, 'GAS': 0, 'FIFA': 0, 'pipe': 0, 'pipes': 0, 'covid': 0, 'supply': 0, 'Beautification': 0, 'Installation': 0}",,,False,True,Immediate Measures
4499,04/2020-21/GR021,construction of RCC  Drain in the bank of main road from Kalisthan to Paswangali  WARD NO-17 NEAR  NAGAR PARISHAD  SHEIKHPURA,construction of RCC  Drain in the bank of main road from Kalisthan to Paswangali  WARD NO-17 NEAR  NAGAR PARISHAD  SHEIKHPURA,2264820.0,INR,INR,2020-09-11 08:30:20+00:00,2020-09-11T08:16:30.602000+00:00,2020-10-09T11:42:43+00:00,SUDHANSHU KUMAR,EO,NAGAR PANCHAYAT MOHANIA,STATION ROAD MOHANIA,DINESH DAYAL LAL,EO,NAGAR PARISHAD SHEIKHPURA,46000.0,5000.0,590.0,True,"{'Flood': 0, 'Embankment': 0, 'embkt': 0, 'Relief': 0, 'Erosion': 0, 'SDRF': 0, 'Inundation': 0, 'Hydrology': 0, 'Silt': 0, 'Siltation': 0, 'Bund': 0, 'Trench': 0, 'Breach': 0, 'Culvert': 0, 'Sluice': 0, 'Dyke': 0, 'Storm water drain': 0, 'Emergency': 0, 'Immediate': 0, 'IM': 0, 'AE': 0, 'A E': 0, 'AAPDA MITRA': 0, 'Bridge': 0, 'River': 0, 'Drain': 2, 'Restoration': 0, 'Protection': 0, 'irr': 0, 'irrigation': 0, 'dam': 0, 'Nallah': 0, 'Retrofitting': 0, 'Pond': 0, 'Pokhari': 0, 'D/C': 0, 'Recharge shaft': 0, 'LFB': 0, 'RFB': 0}","{'Floodlight': 0, 'Flood Light': 0, 'GAS': 0, 'FIFA': 0, 'pipe': 0, 'pipes': 0, 'covid': 0, 'supply': 0, 'Beautification': 0, 'Installation': 0}",,,False,True,Immediate Measures
4500,04/2020-21/GR022,construction of Drain&Road with PCC from the house of Rajnish Kumar to Rina Rani Saha via Ramchandra Paswan  WARD NO-17 NEAR  NAGAR PARISHAD  SHEIKHPURA,construction of Drain&Road with PCC from the house of Rajnish Kumar to Rina Rani Saha via Ramchandra Paswan  WARD NO-17 NEAR  NAGAR PARISHAD  SHEIKHPURA,1440540.0,INR,INR,2020-09-11 09:05:24+00:00,2020-09-11T08:32:33.986000+00:00,2020-10-09T11:41:45+00:00,SUDHANSHU KUMAR,EO,NAGAR PANCHAYAT MOHANIA,STATION ROAD MOHANIA,DINESH DAYAL LAL,EO,NAGAR PARISHAD SHEIKHPURA,30000.0,2500.0,590.0,True,"{'Flood': 0, 'Embankment': 0, 'embkt': 0, 'Relief': 0, 'Erosion': 0, 'SDRF': 0, 'Inundation': 0, 'Hydrology': 0, 'Silt': 0, 'Siltation': 0, 'Bund': 0, 'Trench': 0, 'Breach': 0, 'Culvert': 0, 'Sluice': 0, 'Dyke': 0, 'Storm water drain': 0, 'Emergency': 0, 'Immediate': 0, 'IM': 0, 'AE': 0, 'A E': 0, 'AAPDA MITRA': 0, 'Bridge': 0, 'River': 0, 'Drain': 2, 'Restoration': 0, 'Protection': 0, 'irr': 0, 'irrigation': 0, 'dam': 0, 'Nallah': 0, 'Retrofitting': 0, 'Pond': 0, 'Pokhari': 0, 'D/C': 0, 'Recharge shaft': 0, 'LFB': 0, 'RFB': 0}","{'Floodlight': 0, 'Flood Light': 0, 'GAS': 0, 'FIFA': 0, 'pipe': 0, 'pipes': 0, 'covid': 0, 'supply': 0, 'Beautification': 0, 'Installation': 0}",,,False,True,Immediate Measures
4501,04/2020-21/GR023,"construction of Drain&Road with PCC in Rajopuram colony from main road to  the house of Rajani Ranjan via Rajaram Paswan,Mandir  WARD NO-18 NEAR  NAGAR PARISHAD  SHEIKHPURA","construction of Drain&Road with PCC in Rajopuram colony from main road to  the house of Rajani Ranjan via Rajaram Paswan,Mandir  WARD NO-18 NEAR  NAGAR PARISHAD  SHEIKHPURA",2314790.0,INR,INR,2020-09-11 09:10:47+00:00,2020-09-11T09:05:42.561000+00:00,2020-09-23T05:32:59+00:00,SUDHANSHU KUMAR,EO,NAGAR PANCHAYAT MOHANIA,STATION ROAD MOHANIA,DINESH DAYAL LAL,EO,NAGAR PARISHAD SHEIKHPURA,47000.0,5000.0,590.0,True,"{'Flood': 0, 'Embankment': 0, 'embkt': 0, 'Relief': 0, 'Erosion': 0, 'SDRF': 0, 'Inundation': 0, 'Hydrology': 0, 'Silt': 0, 'Siltation': 0, 'Bund': 0, 'Trench': 0, 'Breach': 0, 'Culvert': 0, 'Sluice': 0, 'Dyke': 0, 'Storm water drain': 0, 'Emergency': 0, 'Immediate': 0, 'IM': 0, 'AE': 0, 'A E': 0, 'AAPDA MITRA': 0, 'Bridge': 0, 'River': 0, 'Drain': 2, 'Restoration': 0, 'Protection': 0, 'irr': 0, 'irrigation': 0, 'dam': 0, 'Nallah': 0, 'Retrofitting': 0, 'Pond': 0, 'Pokhari': 0, 'D/C': 0, 'Recharge shaft': 0, 'LFB': 0, 'RFB': 0}","{'Floodlight': 0, 'Flood Light': 0, 'GAS': 0, 'FIFA': 0, 'pipe': 0, 'pipes': 0, 'covid': 0, 'supply': 0, 'Beautification': 0, 'Installation': 0}",,,False,True,Immediate Measures
4502,04/2020-21/GR024,"construction of Road with PCC from the house of Kishori Mahto to Firangi Paswan ,drain and PCC from the house of DewakiYadav to Sikander Yadav WARD NO-18 NEAR  NAGAR PARISHAD  SHEIKHPURA","construction of Road with PCC from the house of Kishori Mahto to Firangi Paswan ,drain and PCC from the house of DewakiYadav to Sikander Yadav WARD NO-18 NEAR  NAGAR PARISHAD  SHEIKHPURA",987190.0,INR,INR,2020-09-11 09:17:45+00:00,2020-09-11T09:11:20.774000+00:00,2020-10-09T11:40:28+00:00,SUDHANSHU KUMAR,EO,NAGAR PANCHAYAT MOHANIA,STATION ROAD MOHANIA,DINESH DAYAL LAL,EO,NAGAR PARISHAD SHEIKHPURA,20000.0,1250.0,590.0,True,"{'Flood': 0, 'Embankment': 0, 'embkt': 0, 'Relief': 0, 'Erosion': 0, 'SDRF': 0, 'Inundation': 0, 'Hydrology': 0, 'Silt': 0, 'Siltation': 0, 'Bund': 0, 'Trench': 0, 'Breach': 0, 'Culvert': 0, 'Sluice': 0, 'Dyke': 0, 'Storm water drain': 0, 'Emergency': 0, 'Immediate': 0, 'IM': 0, 'AE': 0, 'A E': 0, 'AAPDA MITRA': 0, 'Bridge': 0, 'River': 0, 'Drain': 2, 'Restoration': 0, 'Protection': 0, 'irr': 0, 'irrigation': 0, 'dam': 0, 'Nallah': 0, 'Retrofitting': 0, 'Pond': 0, 'Pokhari': 0, 'D/C': 0, 'Recharge shaft': 0, 'LFB': 0, 'RFB': 0}","{'Floodlight': 0, 'Flood Light': 0, 'GAS': 0, 'FIFA': 0, 'pipe': 0, 'pipes': 0, 'covid': 0, 'supply': 0, 'Beautification': 0, 'Installation': 0}",,,False,True,Immediate Measures
4509,04/2020-21/GR0028,"construction of Road with Paver block &  Drain from the house of Chamari Yadav to Jakho Manjhi,Vijay Pandit and Kirani Tati to corner of Dukhi Yadav","construction of Road with Paver block &  Drain from the house of Chamari Yadav to Jakho Manjhi,Vijay Pandit and Kirani Tati to corner of Dukhi Yadav",524490.0,INR,INR,2020-09-11 09:55:11+00:00,2020-09-11T09:43:15+00:00,2020-10-09T11:35:28+00:00,SUDHANSHU KUMAR,EO,NAGAR PANCHAYAT MOHANIA,STATION ROAD MOHANIA,DINESH DAYAL LAL,EO,NAGAR PARISHAD SHEIKHPURA,11000.0,1250.0,590.0,True,"{'Flood': 0, 'Embankment': 0, 'embkt': 0, 'Relief': 0, 'Erosion': 0, 'SDRF': 0, 'Inundation': 0, 'Hydrology': 0, 'Silt': 0, 'Siltation': 0, 'Bund': 0, 'Trench': 0, 'Breach': 0, 'Culvert': 0, 'Sluice': 0, 'Dyke': 0, 'Storm water drain': 0, 'Emergency': 0, 'Immediate': 0, 'IM': 0, 'AE': 0, 'A E': 0, 'AAPDA MITRA': 0, 'Bridge': 0, 'River': 0, 'Drain': 2, 'Restoration': 0, 'Protection': 0, 'irr': 0, 'irrigation': 0, 'dam': 0, 'Nallah': 0, 'Retrofitting': 0, 'Pond': 0, 'Pokhari': 0, 'D/C': 0, 'Recharge shaft': 0, 'LFB': 0, 'RFB': 0}","{'Floodlight': 0, 'Flood Light': 0, 'GAS': 0, 'FIFA': 0, 'pipe': 0, 'pipes': 0, 'covid': 0, 'supply': 0, 'Beautification': 0, 'Installation': 0}",,,False,True,Immediate Measures
4515,04/2020-21/GR0032,"construction of Road with Paver block &  Drain in main road from the house of Vinay Saw to Pankaj Kumar, Sunil Saw and Suresh Chudhari    IN WARD NO 22","construction of Road with Paver block &  Drain in main road from the house of Vinay Saw to Pankaj Kumar, Sunil Saw and Suresh Chudhari    IN WARD NO 22",2636480.0,INR,INR,2020-09-11 10:25:07+00:00,2020-09-11T10:18:48.367000+00:00,2020-10-09T11:30:46+00:00,SUDHANSHU KUMAR,EO,NAGAR PANCHAYAT MOHANIA,STATION ROAD MOHANIA,DINESH DAYAL LAL,EO,NAGAR PARISHAD SHEIKHPURA,53000.0,5000.0,590.0,True,"{'Flood': 0, 'Embankment': 0, 'embkt': 0, 'Relief': 0, 'Erosion': 0, 'SDRF': 0, 'Inundation': 0, 'Hydrology': 0, 'Silt': 0, 'Siltation': 0, 'Bund': 0, 'Trench': 0, 'Breach': 0, 'Culvert': 0, 'Sluice': 0, 'Dyke': 0, 'Storm water drain': 0, 'Emergency': 0, 'Immediate': 0, 'IM': 0, 'AE': 0, 'A E': 0, 'AAPDA MITRA': 0, 'Bridge': 0, 'River': 0, 'Drain': 2, 'Restoration': 0, 'Protection': 0, 'irr': 0, 'irrigation': 0, 'dam': 0, 'Nallah': 0, 'Retrofitting': 0, 'Pond': 0, 'Pokhari': 0, 'D/C': 0, 'Recharge shaft': 0, 'LFB': 0, 'RFB': 0}","{'Floodlight': 0, 'Flood Light': 0, 'GAS': 0, 'FIFA': 0, 'pipe': 0, 'pipes': 0, 'covid': 0, 'supply': 0, 'Beautification': 0, 'Installation': 0}",,,False,True,Immediate Measures
4517,04/2020-21/GR0035,construction of  Drain & Road in Jamuara from Masjid to kabristan near mango tree via anganwadi   IN WARD NO 25,construction of  Drain & Road in Jamuara from Masjid to kabristan near mango tree via anganwadi   IN WARD NO 25,956948.0,INR,INR,2020-09-11 10:34:41+00:00,2020-09-11T10:30:06.329000+00:00,2020-09-23T06:03:38+00:00,SUDHANSHU KUMAR,EO,NAGAR PANCHAYAT MOHANIA,STATION ROAD MOHANIA,DINESH DAYAL LAL,EO,NAGAR PARISHAD SHEIKHPURA,20000.0,1250.0,590.0,True,"{'Flood': 0, 'Embankment': 0, 'embkt': 0, 'Relief': 0, 'Erosion': 0, 'SDRF': 0, 'Inundation': 0, 'Hydrology': 0, 'Silt': 0, 'Siltation': 0, 'Bund': 0, 'Trench': 0, 'Breach': 0, 'Culvert': 0, 'Sluice': 0, 'Dyke': 0, 'Storm water drain': 0, 'Emergency': 0, 'Immediate': 0, 'IM': 0, 'AE': 0, 'A E': 0, 'AAPDA MITRA': 0, 'Bridge': 0, 'River': 0, 'Drain': 2, 'Restoration': 0, 'Protection': 0, 'irr': 0, 'irrigation': 0, 'dam': 0, 'Nallah': 0, 'Retrofitting': 0, 'Pond': 0, 'Pokhari': 0, 'D/C': 0, 'Recharge shaft': 0, 'LFB': 0, 'RFB': 0}","{'Floodlight': 0, 'Flood Light': 0, 'GAS': 0, 'FIFA': 0, 'pipe': 0, 'pipes': 0, 'covid': 0, 'supply': 0, 'Beautification': 0, 'Installation': 0}",,,False,True,Immediate Measures
4512,04/2020-21/GR0030,construction of Road with Paver block &  Drain from the house of Jakki Ahmed to thee house of Imtyaj and Baban  IN WARD NO 21 NAGAR PARISHAD SHEIKHPURA,construction of Road with Paver block &  Drain from the house of Jakki Ahmed to thee house of Imtyaj and Baban  IN WARD NO 21 NAGAR PARISHAD SHEIKHPURA,301160.0,INR,INR,2020-09-11 10:13:14+00:00,2020-09-11T10:06:26.265000+00:00,2020-10-09T11:34:41+00:00,SUDHANSHU KUMAR,EO,NAGAR PANCHAYAT MOHANIA,STATION ROAD MOHANIA,DINESH DAYAL LAL,EO,NAGAR PARISHAD SHEIKHPURA,7000.0,750.0,590.0,True,"{'Flood': 0, 'Embankment': 0, 'embkt': 0, 'Relief': 0, 'Erosion': 0, 'SDRF': 0, 'Inundation': 0, 'Hydrology': 0, 'Silt': 0, 'Siltation': 0, 'Bund': 0, 'Trench': 0, 'Breach': 0, 'Culvert': 0, 'Sluice': 0, 'Dyke': 0, 'Storm water drain': 0, 'Emergency': 0, 'Immediate': 0, 'IM': 0, 'AE': 0, 'A E': 0, 'AAPDA MITRA': 0, 'Bridge': 0, 'River': 0, 'Drain': 2, 'Restoration': 0, 'Protection': 0, 'irr': 0, 'irrigation': 0, 'dam': 0, 'Nallah': 0, 'Retrofitting': 0, 'Pond': 0, 'Pokhari': 0, 'D/C': 0, 'Recharge shaft': 0, 'LFB': 0, 'RFB': 0}","{'Floodlight': 0, 'Flood Light': 0, 'GAS': 0, 'FIFA': 0, 'pipe': 0, 'pipes': 0, 'covid': 0, 'supply': 0, 'Beautification': 0, 'Installation': 0}",,,False,True,Immediate Measures
4511,04/2020-21/GR0029,construction of Road with Paver block &  Drain from the house of Gore Bhai to boaring via Banglow of Shami Akwal  IN WARD NO 21 NAGAR PARISHAD SHEIKHPURA,construction of Road with Paver block &  Drain from the house of Gore Bhai to boaring via Banglow of Shami Akwal  IN WARD NO 21 NAGAR PARISHAD SHEIKHPURA,839930.0,INR,INR,2020-09-11 10:05:46+00:00,2020-09-11T09:59:13.129000+00:00,2020-09-16T09:31:00+00:00,SUDHANSHU KUMAR,EO,NAGAR PANCHAYAT MOHANIA,STATION ROAD MOHANIA,DINESH DAYAL LAL,EO,NAGAR PARISHAD SHEIKHPURA,6000.0,750.0,590.0,True,"{'Flood': 0, 'Embankment': 0, 'embkt': 0, 'Relief': 0, 'Erosion': 0, 'SDRF': 0, 'Inundation': 0, 'Hydrology': 0, 'Silt': 0, 'Siltation': 0, 'Bund': 0, 'Trench': 0, 'Breach': 0, 'Culvert': 0, 'Sluice': 0, 'Dyke': 0, 'Storm water drain': 0, 'Emergency': 0, 'Immediate': 0, 'IM': 0, 'AE': 0, 'A E': 0, 'AAPDA MITRA': 0, 'Bridge': 0, 'River': 0, 'Drain': 2, 'Restoration': 0, 'Protection': 0, 'irr': 0, 'irrigation': 0, 'dam': 0, 'Nallah': 0, 'Retrofitting': 0, 'Pond': 0, 'Pokhari': 0, 'D/C': 0, 'Recharge shaft': 0, 'LFB': 0, 'RFB': 0}","{'Floodlight': 0, 'Flood Light': 0, 'GAS': 0, 'FIFA': 0, 'pipe': 0, 'pipes': 0, 'covid': 0, 'supply': 0, 'Beautification': 0, 'Installation': 0}",,,False,True,Immediate Measures
4518,04/2020-21/GR0037,construction of RCC Drain in main road from the house of Gopal Yadav to Badahi tola  IN WARD NO 26,construction of RCC Drain in main road from the house of Gopal Yadav to Badahi tola  IN WARD NO 26,2449480.0,INR,INR,2020-09-11 10:41:41+00:00,2020-09-11T10:35:03.540000+00:00,2020-09-23T06:13:34+00:00,SUDHANSHU KUMAR,EO,NAGAR PANCHAYAT MOHANIA,STATION ROAD MOHANIA,DINESH DAYAL LAL,EO,NAGAR PARISHAD SHEIKHPURA,49000.0,5000.0,590.0,True,"{'Flood': 0, 'Embankment': 0, 'embkt': 0, 'Relief': 0, 'Erosion': 0, 'SDRF': 0, 'Inundation': 0, 'Hydrology': 0, 'Silt': 0, 'Siltation': 0, 'Bund': 0, 'Trench': 0, 'Breach': 0, 'Culvert': 0, 'Sluice': 0, 'Dyke': 0, 'Storm water drain': 0, 'Emergency': 0, 'Immediate': 0, 'IM': 0, 'AE': 0, 'A E': 0, 'AAPDA MITRA': 0, 'Bridge': 0, 'River': 0, 'Drain': 2, 'Restoration': 0, 'Protection': 0, 'irr': 0, 'irrigation': 0, 'dam': 0, 'Nallah': 0, 'Retrofitting': 0, 'Pond': 0, 'Pokhari': 0, 'D/C': 0, 'Recharge shaft': 0, 'LFB': 0, 'RFB': 0}","{'Floodlight': 0, 'Flood Light': 0, 'GAS': 0, 'FIFA': 0, 'pipe': 0, 'pipes': 0, 'covid': 0, 'supply': 0, 'Beautification': 0, 'Installation': 0}",,,False,True,Immediate Measures
4636,NIT04/2020-21/GR02,constraction  of RCC drain & PCC Road from NH727 to house of Suresh Sukla in ward no-01 under nagar parishad Bagaha. during year   2020-21.,constraction  of RCC drain & PCC Road from NH727 to house of Suresh Sukla in ward no-01 under nagar parishad Bagaha. during year   2020-21.,2183000.0,INR,INR,2020-09-14 04:12:28+00:00,2020-09-14T04:07:28.652000+00:00,2020-09-18T22:01:00+00:00,EXECUTIVE OFFICER BAGAHA,EXECUTIVE OFFICER BAGAHA,NAGAR PARISHAD BAGAHA,NAGAR PARISHAD BAGAHA,"EXECUTIVE OFFICER, BAGAHA",EXECUTIVE OFFICER  BAGAHA,NAGAR PARISHAD BAGAHA,43000.0,5000.0,590.0,True,"{'Flood': 0, 'Embankment': 0, 'embkt': 0, 'Relief': 0, 'Erosion': 0, 'SDRF': 0, 'Inundation': 0, 'Hydrology': 0, 'Silt': 0, 'Siltation': 0, 'Bund': 0, 'Trench': 0, 'Breach': 0, 'Culvert': 0, 'Sluice': 0, 'Dyke': 0, 'Storm water drain': 0, 'Emergency': 0, 'Immediate': 0, 'IM': 0, 'AE': 0, 'A E': 0, 'AAPDA MITRA': 0, 'Bridge': 0, 'River': 0, 'Drain': 2, 'Restoration': 0, 'Protection': 0, 'irr': 0, 'irrigation': 0, 'dam': 0, 'Nallah': 0, 'Retrofitting': 0, 'Pond': 0, 'Pokhari': 0, 'D/C': 0, 'Recharge shaft': 0, 'LFB': 0, 'RFB': 0}","{'Floodlight': 0, 'Flood Light': 0, 'GAS': 0, 'FIFA': 0, 'pipe': 0, 'pipes': 0, 'covid': 0, 'supply': 0, 'Beautification': 0, 'Installation': 0}",,,False,True,Immediate Measures
4637,NIT04/2020-21/GR03,Construction of  Pcc Road & Drain from House of Moti Pashwan to House of Devki Ram in  ward no-30 under nagar parishad Bagaha. during year 2020-21.,Construction of  Pcc Road & Drain from House of Moti Pashwan to House of Devki Ram in  ward no-30 under nagar parishad Bagaha. during year 2020-21.,2351000.0,INR,INR,2020-09-14 04:18:36+00:00,2020-09-14T04:13:02.996000+00:00,2020-12-09T15:05:03+00:00,EXECUTIVE OFFICER BAGAHA,EXECUTIVE OFFICER BAGAHA,NAGAR PARISHAD BAGAHA,NAGAR PARISHAD BAGAHA,"EXECUTIVE OFFICER, BAGAHA",EXECUTIVE OFFICER  BAGAHA,NAGAR PARISHAD BAGAHA,44500.0,5000.0,590.0,True,"{'Flood': 0, 'Embankment': 0, 'embkt': 0, 'Relief': 0, 'Erosion': 0, 'SDRF': 0, 'Inundation': 0, 'Hydrology': 0, 'Silt': 0, 'Siltation': 0, 'Bund': 0, 'Trench': 0, 'Breach': 0, 'Culvert': 0, 'Sluice': 0, 'Dyke': 0, 'Storm water drain': 0, 'Emergency': 0, 'Immediate': 0, 'IM': 0, 'AE': 0, 'A E': 0, 'AAPDA MITRA': 0, 'Bridge': 0, 'River': 0, 'Drain': 2, 'Restoration': 0, 'Protection': 0, 'irr': 0, 'irrigation': 0, 'dam': 0, 'Nallah': 0, 'Retrofitting': 0, 'Pond': 0, 'Pokhari': 0, 'D/C': 0, 'Recharge shaft': 0, 'LFB': 0, 'RFB': 0}","{'Floodlight': 0, 'Flood Light': 0, 'GAS': 0, 'FIFA': 0, 'pipe': 0, 'pipes': 0, 'covid': 0, 'supply': 0, 'Beautification': 0, 'Installation': 0}",,,False,True,Immediate Measures
4658,02/2020-21/SCD/BUXAR,"CONSTRUCTION OF ONE NO. CULVERT BRIDGE, TWO NOS. OUTLET, BRICK BLOCK PITCHING IN RIGHT BANK, REPAIR OF BANKS AND JUNGLE CLEARANCE WORKS IN AMAITHI RPC  (GROUP-01)","CONSTRUCTION OF ONE NO. CULVERT BRIDGE, TWO NOS. OUTLET, BRICK BLOCK PITCHING IN RIGHT BANK, REPAIR OF BANKS AND JUNGLE CLEARANCE WORKS IN AMAITHI RPC  (GROUP-01)",5131589.0,INR,INR,2020-09-14 15:26:24+00:00,2020-09-14T14:33:10.489000+00:00,2021-01-04T05:12:59+00:00,DHARMENDRA KUMAR BHARTI,EE,SONE CANAL DIVISION BUXAR,SONE CANAL DIVISION BUXAR,DINESH KUMAR SINGH YADAV,SE,"WATER RESOURCES DEPARTMENT, SONE CANAL CIRCLE",103000.0,10000.0,590.0,True,"{'Flood': 0, 'Embankment': 0, 'embkt': 0, 'Relief': 0, 'Erosion': 0, 'SDRF': 0, 'Inundation': 0, 'Hydrology': 0, 'Silt': 0, 'Siltation': 0, 'Bund': 0, 'Trench': 0, 'Breach': 0, 'Culvert': 2, 'Sluice': 0, 'Dyke': 0, 'Storm water drain': 0, 'Emergency': 0, 'Immediate': 0, 'IM': 0, 'AE': 0, 'A E': 0, 'AAPDA MITRA': 0, 'Bridge': 2, 'River': 0, 'Drain': 0, 'Restoration': 0, 'Protection': 0, 'irr': 0, 'irrigation': 0, 'dam': 0, 'Nallah': 0, 'Retrofitting': 0, 'Pond': 0, 'Pokhari': 0, 'D/C': 0, 'Recharge shaft': 0, 'LFB': 0, 'RFB': 0}","{'Floodlight': 0, 'Flood Light': 0, 'GAS': 0, 'FIFA': 0, 'pipe': 0, 'pipes': 0, 'covid': 0, 'supply': 0, 'Beautification': 0, 'Installation': 0}",,,False,True,Immediate Measures
4660,02/2020-21/SCD/BUXAR/02,CONSTRUCTION OF DLR BRIDGE AT 10.60 K.M. IN SIKROUL DISTRIBUTORY AT KORANSARAI IN THE DISTRICT OF BUXAR (GROUP-02),CONSTRUCTION OF DLR BRIDGE AT 10.60 K.M. IN SIKROUL DISTRIBUTORY AT KORANSARAI IN THE DISTRICT OF BUXAR (GROUP-02),2994920.0,INR,INR,2020-09-14 15:24:11+00:00,2020-09-14T15:02:24.476000+00:00,2021-01-04T05:09:45+00:00,DHARMENDRA KUMAR BHARTI,EE,SONE CANAL DIVISION BUXAR,SONE CANAL DIVISION BUXAR,DINESH KUMAR SINGH YADAV,SE,"WATER RESOURCES DEPARTMENT, SONE CANAL CIRCLE",59900.0,5000.0,590.0,True,"{'Flood': 0, 'Embankment': 0, 'embkt': 0, 'Relief': 0, 'Erosion': 0, 'SDRF': 0, 'Inundation': 0, 'Hydrology': 0, 'Silt': 0, 'Siltation': 0, 'Bund': 0, 'Trench': 0, 'Breach': 0, 'Culvert': 0, 'Sluice': 0, 'Dyke': 0, 'Storm water drain': 0, 'Emergency': 0, 'Immediate': 0, 'IM': 0, 'AE': 0, 'A E': 0, 'AAPDA MITRA': 0, 'Bridge': 2, 'River': 0, 'Drain': 0, 'Restoration': 0, 'Protection': 0, 'irr': 0, 'irrigation': 0, 'dam': 0, 'Nallah': 0, 'Retrofitting': 0, 'Pond': 0, 'Pokhari': 0, 'D/C': 0, 'Recharge shaft': 0, 'LFB': 0, 'RFB': 0}","{'Floodlight': 0, 'Flood Light': 0, 'GAS': 0, 'FIFA': 0, 'pipe': 0, 'pipes': 0, 'covid': 0, 'supply': 0, 'Beautification': 0, 'Installation': 0}",,,False,True,Immediate Measures
4716,RCD/KOCHAS/09/2020-21,Construction of Foot Over Bridge across OLD GT Road in 6th Km in front of Civil Court Sasaram in the District Rohtas for the year 2019-20 (GROUP-01),Construction of Foot Over Bridge across OLD GT Road in 6th Km in front of Civil Court Sasaram in the District Rohtas for the year 2019-20 (GROUP-01),22183414.0,INR,INR,2020-09-16 16:37:43+00:00,2020-09-16T15:30:34.736000+00:00,2020-09-25T06:39:05+00:00,BIBHUTI CHANDRA,EXECUTIVE ENGINEER,ROAD DIVISION KOCHAS,ROAD DIVISION KOCHAS,GIRISH NARAYAN SINGH,SE,BHOJPUR ROAD CIRCLE ARA,443700.0,10000.0,3540.0,True,"{'Flood': 0, 'Embankment': 0, 'embkt': 0, 'Relief': 0, 'Erosion': 0, 'SDRF': 0, 'Inundation': 0, 'Hydrology': 0, 'Silt': 0, 'Siltation': 0, 'Bund': 0, 'Trench': 0, 'Breach': 0, 'Culvert': 0, 'Sluice': 0, 'Dyke': 0, 'Storm water drain': 0, 'Emergency': 0, 'Immediate': 0, 'IM': 0, 'AE': 0, 'A E': 0, 'AAPDA MITRA': 0, 'Bridge': 2, 'River': 0, 'Drain': 0, 'Restoration': 0, 'Protection': 0, 'irr': 0, 'irrigation': 0, 'dam': 0, 'Nallah': 0, 'Retrofitting': 0, 'Pond': 0, 'Pokhari': 0, 'D/C': 0, 'Recharge shaft': 0, 'LFB': 0, 'RFB': 0}","{'Floodlight': 0, 'Flood Light': 0, 'GAS': 0, 'FIFA': 0, 'pipe': 0, 'pipes': 0, 'covid': 0, 'supply': 0, 'Beautification': 0, 'Installation': 0}",,,False,True,Immediate Measures
4767,NIT-04 /2020-21,Balance & Restoration Works of Western Koshi Canal Project.,Balance & Restoration Works of Western Koshi Canal Project.,6966943161.0,INR,INR,2020-09-18 13:49:39+00:00,2020-09-18T12:39:11.406000+00:00,2021-04-22T06:44:56+00:00,"E.E. WESTERN KOSI CANAL DIVISION, DARBHANGA",EE,"Water Resources Department, Patna, Bihar","EXECUTIVE ENGINEER, WESTERN KOSI CANAL DIVISION, DARBHANGA","BRAJESH MOHAN, S.E. WESTERN KOSHI CANAL CIRCLE, DARBHANGA",S.E.,"Water Resources Department, Patna, Bihar",70669500.0,10000.0,5900.0,True,"{'Flood': 0, 'Embankment': 0, 'embkt': 0, 'Relief': 0, 'Erosion': 0, 'SDRF': 0, 'Inundation': 0, 'Hydrology': 0, 'Silt': 0, 'Siltation': 0, 'Bund': 0, 'Trench': 0, 'Breach': 0, 'Culvert': 0, 'Sluice': 0, 'Dyke': 0, 'Storm water drain': 0, 'Emergency': 0, 'Immediate': 0, 'IM': 0, 'AE': 0, 'A E': 0, 'AAPDA MITRA': 0, 'Bridge': 0, 'River': 0, 'Drain': 0, 'Restoration': 2, 'Protection': 0, 'irr': 0, 'irrigation': 0, 'dam': 0, 'Nallah': 0, 'Retrofitting': 0, 'Pond': 0, 'Pokhari': 0, 'D/C': 0, 'Recharge shaft': 0, 'LFB': 0, 'RFB': 0}","{'Floodlight': 0, 'Flood Light': 0, 'GAS': 0, 'FIFA': 0, 'pipe': 0, 'pipes': 0, 'covid': 0, 'supply': 0, 'Beautification': 0, 'Installation': 0}",,,False,False,Repair and Restoration
4787,LKR E-Tender - 04/2020-21/ GR-17,"Construction of Community Hall / Marriage Hall at Mauja - Jaynagar (Near Ashtghatti Pond), Khata No. 330,  Khesra No. 36, Thana No. 124, In Ward No. 28 Under Nagar Parishad Lakhisarai.","Construction of Community Hall / Marriage Hall at Mauja - Jaynagar (Near Ashtghatti Pond), Khata No. 330,  Khesra No. 36, Thana No. 124, In Ward No. 28 Under Nagar Parishad Lakhisarai.",3922800.0,INR,INR,2020-09-19 03:32:16+00:00,2020-09-18T16:40:43.287000+00:00,2020-09-28T09:19:51+00:00,"AMIT KUMAR, EXECUTIVE OFFICER LAKHISARAI MUNICIPAL COUNCIL","EXECUTIVE OFFICER, N.P. LAKHISARAI","Amit Kumar, LAKHISARAI MUNICIPAL COUNCIL","NAGAR PARISHAD, LAKHISARAI",EXECUTIVE OFFICER LAKHISARAI MUNICIPAL COUNCIL,EXECUTIVE OFFICER,LAKHISARAI MUNICIPAL COUNCIL,78500.0,5000.0,590.0,True,"{'Flood': 0, 'Embankment': 0, 'embkt': 0, 'Relief': 0, 'Erosion': 0, 'SDRF': 0, 'Inundation': 0, 'Hydrology': 0, 'Silt': 0, 'Siltation': 0, 'Bund': 0, 'Trench': 0, 'Breach': 0, 'Culvert': 0, 'Sluice': 0, 'Dyke': 0, 'Storm water drain': 0, 'Emergency': 0, 'Immediate': 0, 'IM': 0, 'AE': 0, 'A E': 0, 'AAPDA MITRA': 0, 'Bridge': 0, 'River': 0, 'Drain': 0, 'Restoration': 0, 'Protection': 0, 'irr': 0, 'irrigation': 0, 'dam': 0, 'Nallah': 0, 'Retrofitting': 0, 'Pond': 2, 'Pokhari': 0, 'D/C': 0, 'Recharge shaft': 0, 'LFB': 0, 'RFB': 0}","{'Floodlight': 0, 'Flood Light': 0, 'GAS': 0, 'FIFA': 0, 'pipe': 0, 'pipes': 0, 'covid': 0, 'supply': 0, 'Beautification': 0, 'Installation': 0}",,,False,False,Immediate Measures
4800,LKR E-Tender - 04/2020-21/ GR-30,Construction of Culvert East Side From B.ed College to N.H. 80 Under Nagar Parishad Lakhisarai.,Construction of Culvert East Side From B.ed College to N.H. 80 Under Nagar Parishad Lakhisarai.,2480000.0,INR,INR,2020-09-19 03:39:40+00:00,2020-09-18T17:55:23.034000+00:00,2020-09-28T08:16:36+00:00,"AMIT KUMAR, EXECUTIVE OFFICER LAKHISARAI MUNICIPAL COUNCIL","EXECUTIVE OFFICER, N.P. LAKHISARAI","Amit Kumar, LAKHISARAI MUNICIPAL COUNCIL","NAGAR PARISHAD, LAKHISARAI",EXECUTIVE OFFICER LAKHISARAI MUNICIPAL COUNCIL,EXECUTIVE OFFICER,LAKHISARAI MUNICIPAL COUNCIL,49600.0,5000.0,590.0,True,"{'Flood': 0, 'Embankment': 0, 'embkt': 0, 'Relief': 0, 'Erosion': 0, 'SDRF': 0, 'Inundation': 0, 'Hydrology': 0, 'Silt': 0, 'Siltation': 0, 'Bund': 0, 'Trench': 0, 'Breach': 0, 'Culvert': 2, 'Sluice': 0, 'Dyke': 0, 'Storm water drain': 0, 'Emergency': 0, 'Immediate': 0, 'IM': 0, 'AE': 0, 'A E': 0, 'AAPDA MITRA': 0, 'Bridge': 0, 'River': 0, 'Drain': 0, 'Restoration': 0, 'Protection': 0, 'irr': 0, 'irrigation': 0, 'dam': 0, 'Nallah': 0, 'Retrofitting': 0, 'Pond': 0, 'Pokhari': 0, 'D/C': 0, 'Recharge shaft': 0, 'LFB': 0, 'RFB': 0}","{'Floodlight': 0, 'Flood Light': 0, 'GAS': 0, 'FIFA': 0, 'pipe': 0, 'pipes': 0, 'covid': 0, 'supply': 0, 'Beautification': 0, 'Installation': 0}",,,False,True,Immediate Measures
4799,LKR E-Tender - 04/2020-21/ GR-29,Construction of Culvert West Side From B.ed College to N.H. 80 Under Nagar Parishad Lakhisarai.,Construction of Culvert West Side From B.ed College to N.H. 80 Under Nagar Parishad Lakhisarai.,2480000.0,INR,INR,2020-09-19 03:38:50+00:00,2020-09-18T17:47:34.980000+00:00,2020-09-28T08:19:48+00:00,"AMIT KUMAR, EXECUTIVE OFFICER LAKHISARAI MUNICIPAL COUNCIL","EXECUTIVE OFFICER, N.P. LAKHISARAI","Amit Kumar, LAKHISARAI MUNICIPAL COUNCIL","NAGAR PARISHAD, LAKHISARAI",EXECUTIVE OFFICER LAKHISARAI MUNICIPAL COUNCIL,EXECUTIVE OFFICER,LAKHISARAI MUNICIPAL COUNCIL,49600.0,5000.0,590.0,True,"{'Flood': 0, 'Embankment': 0, 'embkt': 0, 'Relief': 0, 'Erosion': 0, 'SDRF': 0, 'Inundation': 0, 'Hydrology': 0, 'Silt': 0, 'Siltation': 0, 'Bund': 0, 'Trench': 0, 'Breach': 0, 'Culvert': 2, 'Sluice': 0, 'Dyke': 0, 'Storm water drain': 0, 'Emergency': 0, 'Immediate': 0, 'IM': 0, 'AE': 0, 'A E': 0, 'AAPDA MITRA': 0, 'Bridge': 0, 'River': 0, 'Drain': 0, 'Restoration': 0, 'Protection': 0, 'irr': 0, 'irrigation': 0, 'dam': 0, 'Nallah': 0, 'Retrofitting': 0, 'Pond': 0, 'Pokhari': 0, 'D/C': 0, 'Recharge shaft': 0, 'LFB': 0, 'RFB': 0}","{'Floodlight': 0, 'Flood Light': 0, 'GAS': 0, 'FIFA': 0, 'pipe': 0, 'pipes': 0, 'covid': 0, 'supply': 0, 'Beautification': 0, 'Installation': 0}",,,False,True,Immediate Measures
4806,06/2020-21/IMG/GAYA,"Fabrication, Erection and Renovation of shade over platform and Repair, Maintenance of Gear Box of Fulwariya, reservoir scheme under Irrigation Division, Rajauli, Nawada for the year 2020-2021 (GROUP-01)","Fabrication, Erection and Renovation of shade over platform and Repair, Maintenance of Gear Box of Fulwariya, reservoir scheme under Irrigation Division, Rajauli, Nawada for the year 2020-2021 (GROUP-01)",5999195.0,INR,INR,2020-09-21 16:06:11+00:00,2020-09-19T07:43:59.162000+00:00,2020-09-30T17:04:39+00:00,ER. VIKAS KUMAR,EXECUTIVE ENGINEER,"IRRIGATION MECHANICAL DIVISION, GAYA","IRRIGATION MECHANICAL DIVISION, GAYA",ASHOK KUMAR YADAV,SE,WATER RESOURCES DEPARTMENT,120000.0,10000.0,590.0,True,"{'Flood': 0, 'Embankment': 0, 'embkt': 0, 'Relief': 0, 'Erosion': 0, 'SDRF': 0, 'Inundation': 0, 'Hydrology': 0, 'Silt': 0, 'Siltation': 0, 'Bund': 0, 'Trench': 0, 'Breach': 0, 'Culvert': 0, 'Sluice': 0, 'Dyke': 0, 'Storm water drain': 0, 'Emergency': 0, 'Immediate': 0, 'IM': 0, 'AE': 0, 'A E': 0, 'AAPDA MITRA': 0, 'Bridge': 0, 'River': 0, 'Drain': 0, 'Restoration': 0, 'Protection': 0, 'irr': 0, 'irrigation': 2, 'dam': 0, 'Nallah': 0, 'Retrofitting': 0, 'Pond': 0, 'Pokhari': 0, 'D/C': 0, 'Recharge shaft': 0, 'LFB': 0, 'RFB': 0}","{'Floodlight': 0, 'Flood Light': 0, 'GAS': 0, 'FIFA': 0, 'pipe': 0, 'pipes': 0, 'covid': 0, 'supply': 0, 'Beautification': 0, 'Installation': 0}",,,False,False,Immediate Measures
4816,NIT03/2020-21/GR02,"Construction OF  P.C.C ROAD & R.C.C DRAIN FROM GUDRI BAZAR PULIA TO MOUNT SENIOR SECONDARY SCHOOL IN WARD NO.19,22&23 UNDER NAGAR PARISHAD BAGAHA,DURING THE YEAR 2020-2021","Construction OF  P.C.C ROAD & R.C.C DRAIN FROM GUDRI BAZAR PULIA TO MOUNT SENIOR SECONDARY SCHOOL IN WARD NO.19,22&23 UNDER NAGAR PARISHAD BAGAHA,DURING THE YEAR 2020-2021",13337200.0,INR,INR,2020-09-20 14:05:08+00:00,2020-09-20T02:11:23.224000+00:00,2020-12-28T14:31:46+00:00,EXECUTIVE OFFICER BAGAHA,EXECUTIVE OFFICER BAGAHA,NAGAR PARISHAD BAGAHA,NAGAR PARISHAD BAGAHA,"Executive officer,Bagaha","EXECUTIVE OFFICER, BAGAHA",NAGAR PARISHAD BAGAHA,265000.0,10000.0,3540.0,True,"{'Flood': 0, 'Embankment': 0, 'embkt': 0, 'Relief': 0, 'Erosion': 0, 'SDRF': 0, 'Inundation': 0, 'Hydrology': 0, 'Silt': 0, 'Siltation': 0, 'Bund': 0, 'Trench': 0, 'Breach': 0, 'Culvert': 0, 'Sluice': 0, 'Dyke': 0, 'Storm water drain': 0, 'Emergency': 0, 'Immediate': 0, 'IM': 0, 'AE': 0, 'A E': 0, 'AAPDA MITRA': 0, 'Bridge': 0, 'River': 0, 'Drain': 2, 'Restoration': 0, 'Protection': 0, 'irr': 0, 'irrigation': 0, 'dam': 0, 'Nallah': 0, 'Retrofitting': 0, 'Pond': 0, 'Pokhari': 0, 'D/C': 0, 'Recharge shaft': 0, 'LFB': 0, 'RFB': 0}","{'Floodlight': 0, 'Flood Light': 0, 'GAS': 0, 'FIFA': 0, 'pipe': 0, 'pipes': 0, 'covid': 0, 'supply': 0, 'Beautification': 0, 'Installation': 0}",,,False,True,Immediate Measures
4812,NIT03/2020-21/GR01,"Construction OF P.C.C ROAD & R.C.C DRAIN FROM MOUNT SENIOR SECONDRY SCHOOL TO SSAMUDAIK BHAWAN IN WARD NO. 20&22 UNDER NAGAR PARISHAD BAGAHA,DURING THE YEAR 2020-2021","Construction OF P.C.C ROAD & R.C.C DRAIN FROM MOUNT SENIOR SECONDRY SCHOOL TO SSAMUDAIK BHAWAN IN WARD NO. 20&22 UNDER NAGAR PARISHAD BAGAHA,DURING THE YEAR 2020-2021",15577787.0,INR,INR,2020-09-20 14:10:46+00:00,2020-09-19T09:35:44.589000+00:00,2020-12-28T14:32:31+00:00,EXECUTIVE OFFICER BAGAHA,EXECUTIVE OFFICER BAGAHA,NAGAR PARISHAD BAGAHA,NAGAR PARISHAD BAGAHA,"Executive officer,Bagaha","EXECUTIVE OFFICER, BAGAHA",NAGAR PARISHAD BAGAHA,309000.0,10000.0,3540.0,True,"{'Flood': 0, 'Embankment': 0, 'embkt': 0, 'Relief': 0, 'Erosion': 0, 'SDRF': 0, 'Inundation': 0, 'Hydrology': 0, 'Silt': 0, 'Siltation': 0, 'Bund': 0, 'Trench': 0, 'Breach': 0, 'Culvert': 0, 'Sluice': 0, 'Dyke': 0, 'Storm water drain': 0, 'Emergency': 0, 'Immediate': 0, 'IM': 0, 'AE': 0, 'A E': 0, 'AAPDA MITRA': 0, 'Bridge': 0, 'River': 0, 'Drain': 2, 'Restoration': 0, 'Protection': 0, 'irr': 0, 'irrigation': 0, 'dam': 0, 'Nallah': 0, 'Retrofitting': 0, 'Pond': 0, 'Pokhari': 0, 'D/C': 0, 'Recharge shaft': 0, 'LFB': 0, 'RFB': 0}","{'Floodlight': 0, 'Flood Light': 0, 'GAS': 0, 'FIFA': 0, 'pipe': 0, 'pipes': 0, 'covid': 0, 'supply': 0, 'Beautification': 0, 'Installation': 0}",,,False,True,Immediate Measures
4803,LKR E-Tender - 04/2020-21/ GR-33,Construction of Double Storied Six Seater Community Toilet Complex (12 Seat) In East South Side of Ashtghatti Pond in Ward No. 28 Under Nagar Parishad Lakhisarai.,Construction of Double Storied Six Seater Community Toilet Complex (12 Seat) In East South Side of Ashtghatti Pond in Ward No. 28 Under Nagar Parishad Lakhisarai.,939000.0,INR,INR,2020-09-19 03:41:47+00:00,2020-09-18T18:03:41.861000+00:00,2020-09-28T07:48:43+00:00,"AMIT KUMAR, EXECUTIVE OFFICER LAKHISARAI MUNICIPAL COUNCIL","EXECUTIVE OFFICER, N.P. LAKHISARAI","Amit Kumar, LAKHISARAI MUNICIPAL COUNCIL","NAGAR PARISHAD, LAKHISARAI",EXECUTIVE OFFICER LAKHISARAI MUNICIPAL COUNCIL,EXECUTIVE OFFICER,LAKHISARAI MUNICIPAL COUNCIL,18800.0,1250.0,590.0,True,"{'Flood': 0, 'Embankment': 0, 'embkt': 0, 'Relief': 0, 'Erosion': 0, 'SDRF': 0, 'Inundation': 0, 'Hydrology': 0, 'Silt': 0, 'Siltation': 0, 'Bund': 0, 'Trench': 0, 'Breach': 0, 'Culvert': 0, 'Sluice': 0, 'Dyke': 0, 'Storm water drain': 0, 'Emergency': 0, 'Immediate': 0, 'IM': 0, 'AE': 0, 'A E': 0, 'AAPDA MITRA': 0, 'Bridge': 0, 'River': 0, 'Drain': 0, 'Restoration': 0, 'Protection': 0, 'irr': 0, 'irrigation': 0, 'dam': 0, 'Nallah': 0, 'Retrofitting': 0, 'Pond': 2, 'Pokhari': 0, 'D/C': 0, 'Recharge shaft': 0, 'LFB': 0, 'RFB': 0}","{'Floodlight': 0, 'Flood Light': 0, 'GAS': 0, 'FIFA': 0, 'pipe': 0, 'pipes': 0, 'covid': 0, 'supply': 0, 'Beautification': 0, 'Installation': 0}",,,False,False,Immediate Measures
4825,03/RCD/BUXAR/2020-21,"IRQP Work of Sarenja-Koransarai Road (Km.0+000 to 28+650) including  Road Crust Work ,RCC Drain Work  and Cross Drain Work under Road Division Buxar (GROUP-01)","IRQP Work of Sarenja-Koransarai Road (Km.0+000 to 28+650) including  Road Crust Work ,RCC Drain Work  and Cross Drain Work under Road Division Buxar (GROUP-01)",236023705.0,INR,INR,2020-09-20 09:25:13+00:00,2020-09-20T08:19:34.415000+00:00,2020-10-01T13:16:32+00:00,RANJEET KUMAR,EXECUTIVE ENGINEER,ROAD DIVISION BUXAR,ROAD DIVISION BUXAR,GIRISH NARAYAN SINGH,SE,BHOJPUR ROAD CIRCLE ARA,3361000.0,10000.0,5900.0,True,"{'Flood': 0, 'Embankment': 0, 'embkt': 0, 'Relief': 0, 'Erosion': 0, 'SDRF': 0, 'Inundation': 0, 'Hydrology': 0, 'Silt': 0, 'Siltation': 0, 'Bund': 0, 'Trench': 0, 'Breach': 0, 'Culvert': 0, 'Sluice': 0, 'Dyke': 0, 'Storm water drain': 0, 'Emergency': 0, 'Immediate': 0, 'IM': 0, 'AE': 0, 'A E': 0, 'AAPDA MITRA': 0, 'Bridge': 0, 'River': 0, 'Drain': 4, 'Restoration': 0, 'Protection': 0, 'irr': 0, 'irrigation': 0, 'dam': 0, 'Nallah': 0, 'Retrofitting': 0, 'Pond': 0, 'Pokhari': 0, 'D/C': 0, 'Recharge shaft': 0, 'LFB': 0, 'RFB': 0}","{'Floodlight': 0, 'Flood Light': 0, 'GAS': 0, 'FIFA': 0, 'pipe': 0, 'pipes': 0, 'covid': 0, 'supply': 0, 'Beautification': 0, 'Installation': 0}",,,False,True,Immediate Measures
4839,NIT 10/2020-21 GR 20,Construction of PCC Road and RCC drain from Shiwal main road to house of Patnahi Devi Ward No. 07 at Nagar Parisad Danapur Nizamat.,Construction of PCC Road and RCC drain from Shiwal main road to house of Patnahi Devi Ward No. 07 at Nagar Parisad Danapur Nizamat.,3404691.0,INR,INR,2020-09-20 11:17:57+00:00,2020-09-20T09:13:01.103000+00:00,2020-12-28T12:08:17+00:00,"EXECUTIVE OFFICER, DANAPUR NIZAMAT",EO,NAGAR PARISHAD DANAPUR NIZAMAT,NAGAR PARISHAD DANAPUR NIZAMAT WARD NO.-35,"EXECUTIVE OFFICER, DANAPUR NIZAMAT",EO,NAGAR PARISHAD DANAPUR NIZAMAT,68100.0,5000.0,590.0,True,"{'Flood': 0, 'Embankment': 0, 'embkt': 0, 'Relief': 0, 'Erosion': 0, 'SDRF': 0, 'Inundation': 0, 'Hydrology': 0, 'Silt': 0, 'Siltation': 0, 'Bund': 0, 'Trench': 0, 'Breach': 0, 'Culvert': 0, 'Sluice': 0, 'Dyke': 0, 'Storm water drain': 0, 'Emergency': 0, 'Immediate': 0, 'IM': 0, 'AE': 0, 'A E': 0, 'AAPDA MITRA': 0, 'Bridge': 0, 'River': 0, 'Drain': 2, 'Restoration': 0, 'Protection': 0, 'irr': 0, 'irrigation': 0, 'dam': 0, 'Nallah': 0, 'Retrofitting': 0, 'Pond': 0, 'Pokhari': 0, 'D/C': 0, 'Recharge shaft': 0, 'LFB': 0, 'RFB': 0}","{'Floodlight': 0, 'Flood Light': 0, 'GAS': 0, 'FIFA': 0, 'pipe': 0, 'pipes': 0, 'covid': 0, 'supply': 0, 'Beautification': 0, 'Installation': 0}",,,False,True,Immediate Measures
4837,NIT 10/2020-21 GR 18,"Construction of RCC drain from Sri Anil Kumar Amin to Santosh Kumar, Ward No. 07 at Nagar Parisad Danapur Nizamat.","Construction of RCC drain from Sri Anil Kumar Amin to Santosh Kumar, Ward No. 07 at Nagar Parisad Danapur Nizamat.",1631041.0,INR,INR,2020-09-20 11:14:35+00:00,2020-09-20T09:06:53.894000+00:00,2020-12-28T11:27:22+00:00,"EXECUTIVE OFFICER, DANAPUR NIZAMAT",EO,NAGAR PARISHAD DANAPUR NIZAMAT,NAGAR PARISHAD DANAPUR NIZAMAT WARD NO.-35,"EXECUTIVE OFFICER, DANAPUR NIZAMAT",EO,NAGAR PARISHAD DANAPUR NIZAMAT,32700.0,5000.0,590.0,True,"{'Flood': 0, 'Embankment': 0, 'embkt': 0, 'Relief': 0, 'Erosion': 0, 'SDRF': 0, 'Inundation': 0, 'Hydrology': 0, 'Silt': 0, 'Siltation': 0, 'Bund': 0, 'Trench': 0, 'Breach': 0, 'Culvert': 0, 'Sluice': 0, 'Dyke': 0, 'Storm water drain': 0, 'Emergency': 0, 'Immediate': 0, 'IM': 0, 'AE': 0, 'A E': 0, 'AAPDA MITRA': 0, 'Bridge': 0, 'River': 0, 'Drain': 2, 'Restoration': 0, 'Protection': 0, 'irr': 0, 'irrigation': 0, 'dam': 0, 'Nallah': 0, 'Retrofitting': 0, 'Pond': 0, 'Pokhari': 0, 'D/C': 0, 'Recharge shaft': 0, 'LFB': 0, 'RFB': 0}","{'Floodlight': 0, 'Flood Light': 0, 'GAS': 0, 'FIFA': 0, 'pipe': 0, 'pipes': 0, 'covid': 0, 'supply': 0, 'Beautification': 0, 'Installation': 0}",,,False,True,Immediate Measures
4859,NIT 10/2020-21 GR 39,"Construction of PCC Road and drain from house of Santosh Sharma to Guddu Khan, Ward No. 14 at Nagar Parisad Danapur Nizamat.","Construction of PCC Road and drain from house of Santosh Sharma to Guddu Khan, Ward No. 14 at Nagar Parisad Danapur Nizamat.",1391195.0,INR,INR,2020-09-20 11:57:19+00:00,2020-09-20T10:21:23.092000+00:00,2020-12-30T18:58:22+00:00,"EXECUTIVE OFFICER, DANAPUR NIZAMAT",EO,NAGAR PARISHAD DANAPUR NIZAMAT,NAGAR PARISHAD DANAPUR NIZAMAT WARD NO.-35,"EXECUTIVE OFFICER, DANAPUR NIZAMAT",EO,NAGAR PARISHAD DANAPUR NIZAMAT,27900.0,2500.0,590.0,True,"{'Flood': 0, 'Embankment': 0, 'embkt': 0, 'Relief': 0, 'Erosion': 0, 'SDRF': 0, 'Inundation': 0, 'Hydrology': 0, 'Silt': 0, 'Siltation': 0, 'Bund': 0, 'Trench': 0, 'Breach': 0, 'Culvert': 0, 'Sluice': 0, 'Dyke': 0, 'Storm water drain': 0, 'Emergency': 0, 'Immediate': 0, 'IM': 0, 'AE': 0, 'A E': 0, 'AAPDA MITRA': 0, 'Bridge': 0, 'River': 0, 'Drain': 2, 'Restoration': 0, 'Protection': 0, 'irr': 0, 'irrigation': 0, 'dam': 0, 'Nallah': 0, 'Retrofitting': 0, 'Pond': 0, 'Pokhari': 0, 'D/C': 0, 'Recharge shaft': 0, 'LFB': 0, 'RFB': 0}","{'Floodlight': 0, 'Flood Light': 0, 'GAS': 0, 'FIFA': 0, 'pipe': 0, 'pipes': 0, 'covid': 0, 'supply': 0, 'Beautification': 0, 'Installation': 0}",,,False,True,Immediate Measures
4856,NIT 10/2020-21 GR 36,"Construction of PCC Road and drain from Laxman Jee control shop to house of Goldi Jee via Lal Kothi Hata, Lal Kothi main road, house of Alok Jee, Ward No. 13 at Nagar Parisad Danapur Nizamat.","Construction of PCC Road and drain from Laxman Jee control shop to house of Goldi Jee via Lal Kothi Hata, Lal Kothi main road, house of Alok Jee, Ward No. 13 at Nagar Parisad Danapur Nizamat.",1644519.0,INR,INR,2020-09-20 11:52:08+00:00,2020-09-20T10:12:32.848000+00:00,2020-12-30T11:22:19+00:00,"EXECUTIVE OFFICER, DANAPUR NIZAMAT",EO,NAGAR PARISHAD DANAPUR NIZAMAT,NAGAR PARISHAD DANAPUR NIZAMAT WARD NO.-35,"EXECUTIVE OFFICER, DANAPUR NIZAMAT",EO,NAGAR PARISHAD DANAPUR NIZAMAT,32900.0,5000.0,590.0,True,"{'Flood': 0, 'Embankment': 0, 'embkt': 0, 'Relief': 0, 'Erosion': 0, 'SDRF': 0, 'Inundation': 0, 'Hydrology': 0, 'Silt': 0, 'Siltation': 0, 'Bund': 0, 'Trench': 0, 'Breach': 0, 'Culvert': 0, 'Sluice': 0, 'Dyke': 0, 'Storm water drain': 0, 'Emergency': 0, 'Immediate': 0, 'IM': 0, 'AE': 0, 'A E': 0, 'AAPDA MITRA': 0, 'Bridge': 0, 'River': 0, 'Drain': 2, 'Restoration': 0, 'Protection': 0, 'irr': 0, 'irrigation': 0, 'dam': 0, 'Nallah': 0, 'Retrofitting': 0, 'Pond': 0, 'Pokhari': 0, 'D/C': 0, 'Recharge shaft': 0, 'LFB': 0, 'RFB': 0}","{'Floodlight': 0, 'Flood Light': 0, 'GAS': 0, 'FIFA': 0, 'pipe': 0, 'pipes': 0, 'covid': 0, 'supply': 0, 'Beautification': 0, 'Installation': 0}",,,False,True,Immediate Measures
4857,NIT 10/2020-21 GR 37,"Construction of RCC drain from Lal Kothi Kabrgah to house of Aminjee in both side road, Ward No. 13 at Nagar Parisad Danapur Nizamat.","Construction of RCC drain from Lal Kothi Kabrgah to house of Aminjee in both side road, Ward No. 13 at Nagar Parisad Danapur Nizamat.",2413563.0,INR,INR,2020-09-20 11:53:49+00:00,2020-09-20T10:15:36.161000+00:00,2020-12-30T15:09:22+00:00,"EXECUTIVE OFFICER, DANAPUR NIZAMAT",EO,NAGAR PARISHAD DANAPUR NIZAMAT,NAGAR PARISHAD DANAPUR NIZAMAT WARD NO.-35,"EXECUTIVE OFFICER, DANAPUR NIZAMAT",EO,NAGAR PARISHAD DANAPUR NIZAMAT,48300.0,5000.0,590.0,True,"{'Flood': 0, 'Embankment': 0, 'embkt': 0, 'Relief': 0, 'Erosion': 0, 'SDRF': 0, 'Inundation': 0, 'Hydrology': 0, 'Silt': 0, 'Siltation': 0, 'Bund': 0, 'Trench': 0, 'Breach': 0, 'Culvert': 0, 'Sluice': 0, 'Dyke': 0, 'Storm water drain': 0, 'Emergency': 0, 'Immediate': 0, 'IM': 0, 'AE': 0, 'A E': 0, 'AAPDA MITRA': 0, 'Bridge': 0, 'River': 0, 'Drain': 2, 'Restoration': 0, 'Protection': 0, 'irr': 0, 'irrigation': 0, 'dam': 0, 'Nallah': 0, 'Retrofitting': 0, 'Pond': 0, 'Pokhari': 0, 'D/C': 0, 'Recharge shaft': 0, 'LFB': 0, 'RFB': 0}","{'Floodlight': 0, 'Flood Light': 0, 'GAS': 0, 'FIFA': 0, 'pipe': 0, 'pipes': 0, 'covid': 0, 'supply': 0, 'Beautification': 0, 'Installation': 0}",,,False,True,Immediate Measures
4860,NIT 10/2020-21 GR 40,"Construction of PCC Road and drain from house of Bikki to Vijay Halwai, Ward No. 14 at Nagar Parisad Danapur Nizamat.","Construction of PCC Road and drain from house of Bikki to Vijay Halwai, Ward No. 14 at Nagar Parisad Danapur Nizamat.",851307.0,INR,INR,2020-09-20 11:58:57+00:00,2020-09-20T10:24:05.696000+00:00,2020-12-30T19:10:11+00:00,"EXECUTIVE OFFICER, DANAPUR NIZAMAT",EO,NAGAR PARISHAD DANAPUR NIZAMAT,NAGAR PARISHAD DANAPUR NIZAMAT WARD NO.-35,"EXECUTIVE OFFICER, DANAPUR NIZAMAT",EO,NAGAR PARISHAD DANAPUR NIZAMAT,17100.0,1250.0,590.0,True,"{'Flood': 0, 'Embankment': 0, 'embkt': 0, 'Relief': 0, 'Erosion': 0, 'SDRF': 0, 'Inundation': 0, 'Hydrology': 0, 'Silt': 0, 'Siltation': 0, 'Bund': 0, 'Trench': 0, 'Breach': 0, 'Culvert': 0, 'Sluice': 0, 'Dyke': 0, 'Storm water drain': 0, 'Emergency': 0, 'Immediate': 0, 'IM': 0, 'AE': 0, 'A E': 0, 'AAPDA MITRA': 0, 'Bridge': 0, 'River': 0, 'Drain': 2, 'Restoration': 0, 'Protection': 0, 'irr': 0, 'irrigation': 0, 'dam': 0, 'Nallah': 0, 'Retrofitting': 0, 'Pond': 0, 'Pokhari': 0, 'D/C': 0, 'Recharge shaft': 0, 'LFB': 0, 'RFB': 0}","{'Floodlight': 0, 'Flood Light': 0, 'GAS': 0, 'FIFA': 0, 'pipe': 0, 'pipes': 0, 'covid': 0, 'supply': 0, 'Beautification': 0, 'Installation': 0}",,,False,True,Immediate Measures
4866,NIT-01/2020-21 Gr.-03,"Construction of Drain And Paver Block Road  from Dhanesh Ray house to Uday Ray house in East Dahiyanwa Mission Road ward no.-28 At Chapra Nagar Nigam, Chapra","Construction of Drain And Paver Block Road  from Dhanesh Ray house to Uday Ray house in East Dahiyanwa Mission Road ward no.-28 At Chapra Nagar Nigam, Chapra",338850.0,INR,INR,2020-09-20 16:52:24+00:00,2020-09-20T16:44:18.163000+00:00,2020-10-27T06:43:54+00:00,SANJAY KUMAR UPADHYAY,MUNICIPAL COMMISSIONER,CHAPRA MUNICIPAL CORPORATION,"NEAR MUNICIPAL CHOWK, CHAPRA, SARAN",ABDUL HAMID,MUNICIPAL COMMISSIONER,BEGUSARAI MUNICIPAL CORPORATION,6800.0,750.0,590.0,True,"{'Flood': 0, 'Embankment': 0, 'embkt': 0, 'Relief': 0, 'Erosion': 0, 'SDRF': 0, 'Inundation': 0, 'Hydrology': 0, 'Silt': 0, 'Siltation': 0, 'Bund': 0, 'Trench': 0, 'Breach': 0, 'Culvert': 0, 'Sluice': 0, 'Dyke': 0, 'Storm water drain': 0, 'Emergency': 0, 'Immediate': 0, 'IM': 0, 'AE': 0, 'A E': 0, 'AAPDA MITRA': 0, 'Bridge': 0, 'River': 0, 'Drain': 2, 'Restoration': 0, 'Protection': 0, 'irr': 0, 'irrigation': 0, 'dam': 0, 'Nallah': 0, 'Retrofitting': 0, 'Pond': 0, 'Pokhari': 0, 'D/C': 0, 'Recharge shaft': 0, 'LFB': 0, 'RFB': 0}","{'Floodlight': 0, 'Flood Light': 0, 'GAS': 0, 'FIFA': 0, 'pipe': 0, 'pipes': 0, 'covid': 0, 'supply': 0, 'Beautification': 0, 'Installation': 0}",,,False,True,Immediate Measures
4850,NIT 10/2020-21 GR 30,"Construction of PCC Road and RCC drain from Hanuman Mandir to Vimal Jee, Ward No. 10 at Nagar Parisad Danapur Nizamat.","Construction of PCC Road and RCC drain from Hanuman Mandir to Vimal Jee, Ward No. 10 at Nagar Parisad Danapur Nizamat.",1190021.0,INR,INR,2020-09-20 11:38:41+00:00,2020-09-20T09:52:19.880000+00:00,2020-12-29T19:05:08+00:00,"EXECUTIVE OFFICER, DANAPUR NIZAMAT",EO,NAGAR PARISHAD DANAPUR NIZAMAT,NAGAR PARISHAD DANAPUR NIZAMAT WARD NO.-35,"EXECUTIVE OFFICER, DANAPUR NIZAMAT",EO,NAGAR PARISHAD DANAPUR NIZAMAT,23900.0,2500.0,590.0,True,"{'Flood': 0, 'Embankment': 0, 'embkt': 0, 'Relief': 0, 'Erosion': 0, 'SDRF': 0, 'Inundation': 0, 'Hydrology': 0, 'Silt': 0, 'Siltation': 0, 'Bund': 0, 'Trench': 0, 'Breach': 0, 'Culvert': 0, 'Sluice': 0, 'Dyke': 0, 'Storm water drain': 0, 'Emergency': 0, 'Immediate': 0, 'IM': 0, 'AE': 0, 'A E': 0, 'AAPDA MITRA': 0, 'Bridge': 0, 'River': 0, 'Drain': 2, 'Restoration': 0, 'Protection': 0, 'irr': 0, 'irrigation': 0, 'dam': 0, 'Nallah': 0, 'Retrofitting': 0, 'Pond': 0, 'Pokhari': 0, 'D/C': 0, 'Recharge shaft': 0, 'LFB': 0, 'RFB': 0}","{'Floodlight': 0, 'Flood Light': 0, 'GAS': 0, 'FIFA': 0, 'pipe': 0, 'pipes': 0, 'covid': 0, 'supply': 0, 'Beautification': 0, 'Installation': 0}",,,False,True,Immediate Measures
4868,NIT-01/2020-21 Gr.-05,"Construction of Drain And Paver Block Road  from Raja Babu house to Ajay Jaysawal house via Devendra Sir house in ward no.-30 At Chapra Nagar Nigam, Chapra","Construction of Drain And Paver Block Road  from Raja Babu house to Ajay Jaysawal house via Devendra Sir house in ward no.-30 At Chapra Nagar Nigam, Chapra",275187.0,INR,INR,2020-09-21 01:15:50+00:00,2020-09-21T01:08:24.878000+00:00,2020-10-27T06:22:43+00:00,SANJAY KUMAR UPADHYAY,MUNICIPAL COMMISSIONER,CHAPRA MUNICIPAL CORPORATION,"NEAR MUNICIPAL CHOWK, CHAPRA, SARAN",ABDUL HAMID,MUNICIPAL COMMISSIONER,BEGUSARAI MUNICIPAL CORPORATION,5600.0,750.0,590.0,True,"{'Flood': 0, 'Embankment': 0, 'embkt': 0, 'Relief': 0, 'Erosion': 0, 'SDRF': 0, 'Inundation': 0, 'Hydrology': 0, 'Silt': 0, 'Siltation': 0, 'Bund': 0, 'Trench': 0, 'Breach': 0, 'Culvert': 0, 'Sluice': 0, 'Dyke': 0, 'Storm water drain': 0, 'Emergency': 0, 'Immediate': 0, 'IM': 0, 'AE': 0, 'A E': 0, 'AAPDA MITRA': 0, 'Bridge': 0, 'River': 0, 'Drain': 2, 'Restoration': 0, 'Protection': 0, 'irr': 0, 'irrigation': 0, 'dam': 0, 'Nallah': 0, 'Retrofitting': 0, 'Pond': 0, 'Pokhari': 0, 'D/C': 0, 'Recharge shaft': 0, 'LFB': 0, 'RFB': 0}","{'Floodlight': 0, 'Flood Light': 0, 'GAS': 0, 'FIFA': 0, 'pipe': 0, 'pipes': 0, 'covid': 0, 'supply': 0, 'Beautification': 0, 'Installation': 0}",,,False,True,Immediate Measures
4867,NIT-01/2020-21 Gr.-04,"Construction of Drain And Paver Block Road  from Mukesh Singh Rupganj house to Dinesh Singh house in ward no.-30 At Chapra Nagar Nigam, Chapra","Construction of Drain And Paver Block Road  from Mukesh Singh Rupganj house to Dinesh Singh house in ward no.-30 At Chapra Nagar Nigam, Chapra",236387.0,INR,INR,2020-09-20 17:00:07+00:00,2020-09-20T16:52:48.109000+00:00,2020-10-27T06:36:52+00:00,SANJAY KUMAR UPADHYAY,MUNICIPAL COMMISSIONER,CHAPRA MUNICIPAL CORPORATION,"NEAR MUNICIPAL CHOWK, CHAPRA, SARAN",ABDUL HAMID,MUNICIPAL COMMISSIONER,BEGUSARAI MUNICIPAL CORPORATION,4800.0,500.0,590.0,True,"{'Flood': 0, 'Embankment': 0, 'embkt': 0, 'Relief': 0, 'Erosion': 0, 'SDRF': 0, 'Inundation': 0, 'Hydrology': 0, 'Silt': 0, 'Siltation': 0, 'Bund': 0, 'Trench': 0, 'Breach': 0, 'Culvert': 0, 'Sluice': 0, 'Dyke': 0, 'Storm water drain': 0, 'Emergency': 0, 'Immediate': 0, 'IM': 0, 'AE': 0, 'A E': 0, 'AAPDA MITRA': 0, 'Bridge': 0, 'River': 0, 'Drain': 2, 'Restoration': 0, 'Protection': 0, 'irr': 0, 'irrigation': 0, 'dam': 0, 'Nallah': 0, 'Retrofitting': 0, 'Pond': 0, 'Pokhari': 0, 'D/C': 0, 'Recharge shaft': 0, 'LFB': 0, 'RFB': 0}","{'Floodlight': 0, 'Flood Light': 0, 'GAS': 0, 'FIFA': 0, 'pipe': 0, 'pipes': 0, 'covid': 0, 'supply': 0, 'Beautification': 0, 'Installation': 0}",,,False,True,Immediate Measures
4873,NIT-01/2020-21 Gr.-010,"Construction of Drain And Paver Block Road  from Krishna Prasad shop to Pankaj ji house in Lahsun Bazar ward no.-33 At Chapra Nagar Nigam, Chapra","Construction of Drain And Paver Block Road  from Krishna Prasad shop to Pankaj ji house in Lahsun Bazar ward no.-33 At Chapra Nagar Nigam, Chapra",531251.0,INR,INR,2020-09-21 01:41:46+00:00,2020-09-21T01:36:58.081000+00:00,2020-10-27T06:00:41+00:00,SANJAY KUMAR UPADHYAY,MUNICIPAL COMMISSIONER,CHAPRA MUNICIPAL CORPORATION,"NEAR MUNICIPAL CHOWK, CHAPRA, SARAN",ABDUL HAMID,MUNICIPAL COMMISSIONER,BEGUSARAI MUNICIPAL CORPORATION,10700.0,1250.0,590.0,True,"{'Flood': 0, 'Embankment': 0, 'embkt': 0, 'Relief': 0, 'Erosion': 0, 'SDRF': 0, 'Inundation': 0, 'Hydrology': 0, 'Silt': 0, 'Siltation': 0, 'Bund': 0, 'Trench': 0, 'Breach': 0, 'Culvert': 0, 'Sluice': 0, 'Dyke': 0, 'Storm water drain': 0, 'Emergency': 0, 'Immediate': 0, 'IM': 0, 'AE': 0, 'A E': 0, 'AAPDA MITRA': 0, 'Bridge': 0, 'River': 0, 'Drain': 2, 'Restoration': 0, 'Protection': 0, 'irr': 0, 'irrigation': 0, 'dam': 0, 'Nallah': 0, 'Retrofitting': 0, 'Pond': 0, 'Pokhari': 0, 'D/C': 0, 'Recharge shaft': 0, 'LFB': 0, 'RFB': 0}","{'Floodlight': 0, 'Flood Light': 0, 'GAS': 0, 'FIFA': 0, 'pipe': 0, 'pipes': 0, 'covid': 0, 'supply': 0, 'Beautification': 0, 'Installation': 0}",,,False,True,Immediate Measures
4875,NIT-01/2020-21 Gr.-12,"Construction of Drain And Paver Block Road  from Awadesh Tiwari house to Tajalal house in ward no.-33 At Chapra Nagar Nigam, Chapra","Construction of Drain And Paver Block Road  from Awadesh Tiwari house to Tajalal house in ward no.-33 At Chapra Nagar Nigam, Chapra",241198.0,INR,INR,2020-09-21 01:51:28+00:00,2020-09-21T01:46:25.229000+00:00,2020-09-28T09:31:00+00:00,SANJAY KUMAR UPADHYAY,MUNICIPAL COMMISSIONER,CHAPRA MUNICIPAL CORPORATION,"NEAR MUNICIPAL CHOWK, CHAPRA, SARAN",ABDUL HAMID,MUNICIPAL COMMISSIONER,BEGUSARAI MUNICIPAL CORPORATION,4900.0,500.0,590.0,True,"{'Flood': 0, 'Embankment': 0, 'embkt': 0, 'Relief': 0, 'Erosion': 0, 'SDRF': 0, 'Inundation': 0, 'Hydrology': 0, 'Silt': 0, 'Siltation': 0, 'Bund': 0, 'Trench': 0, 'Breach': 0, 'Culvert': 0, 'Sluice': 0, 'Dyke': 0, 'Storm water drain': 0, 'Emergency': 0, 'Immediate': 0, 'IM': 0, 'AE': 0, 'A E': 0, 'AAPDA MITRA': 0, 'Bridge': 0, 'River': 0, 'Drain': 2, 'Restoration': 0, 'Protection': 0, 'irr': 0, 'irrigation': 0, 'dam': 0, 'Nallah': 0, 'Retrofitting': 0, 'Pond': 0, 'Pokhari': 0, 'D/C': 0, 'Recharge shaft': 0, 'LFB': 0, 'RFB': 0}","{'Floodlight': 0, 'Flood Light': 0, 'GAS': 0, 'FIFA': 0, 'pipe': 0, 'pipes': 0, 'covid': 0, 'supply': 0, 'Beautification': 0, 'Installation': 0}",,,False,True,Immediate Measures
4874,NIT-01/2020-21 Gr.-11,"Construction of Drain And Paver Block Road  from Ram Awtar Baida Gairej to Sitaram Pandey house in ward no.-33 At Chapra Nagar Nigam, Chapra","Construction of Drain And Paver Block Road  from Ram Awtar Baida Gairej to Sitaram Pandey house in ward no.-33 At Chapra Nagar Nigam, Chapra",266459.0,INR,INR,2020-09-21 01:46:10+00:00,2020-09-21T01:42:07.751000+00:00,2020-10-27T05:54:28+00:00,SANJAY KUMAR UPADHYAY,MUNICIPAL COMMISSIONER,CHAPRA MUNICIPAL CORPORATION,"NEAR MUNICIPAL CHOWK, CHAPRA, SARAN",ABDUL HAMID,MUNICIPAL COMMISSIONER,BEGUSARAI MUNICIPAL CORPORATION,5400.0,750.0,590.0,True,"{'Flood': 0, 'Embankment': 0, 'embkt': 0, 'Relief': 0, 'Erosion': 0, 'SDRF': 0, 'Inundation': 0, 'Hydrology': 0, 'Silt': 0, 'Siltation': 0, 'Bund': 0, 'Trench': 0, 'Breach': 0, 'Culvert': 0, 'Sluice': 0, 'Dyke': 0, 'Storm water drain': 0, 'Emergency': 0, 'Immediate': 0, 'IM': 0, 'AE': 0, 'A E': 0, 'AAPDA MITRA': 0, 'Bridge': 0, 'River': 0, 'Drain': 2, 'Restoration': 0, 'Protection': 0, 'irr': 0, 'irrigation': 0, 'dam': 0, 'Nallah': 0, 'Retrofitting': 0, 'Pond': 0, 'Pokhari': 0, 'D/C': 0, 'Recharge shaft': 0, 'LFB': 0, 'RFB': 0}","{'Floodlight': 0, 'Flood Light': 0, 'GAS': 0, 'FIFA': 0, 'pipe': 0, 'pipes': 0, 'covid': 0, 'supply': 0, 'Beautification': 0, 'Installation': 0}",,,False,True,Immediate Measures
4871,NIT-01/2020-21 Gr.-08,"Construction of Drain And Paver Block Road  from Rameshwar Ray house to Azad Road in ward no.-32 At Chapra Nagar Nigam, Chapra","Construction of Drain And Paver Block Road  from Rameshwar Ray house to Azad Road in ward no.-32 At Chapra Nagar Nigam, Chapra",666113.0,INR,INR,2020-09-21 01:31:38+00:00,2020-09-21T01:27:06.645000+00:00,2020-10-27T06:13:51+00:00,SANJAY KUMAR UPADHYAY,MUNICIPAL COMMISSIONER,CHAPRA MUNICIPAL CORPORATION,"NEAR MUNICIPAL CHOWK, CHAPRA, SARAN",ABDUL HAMID,MUNICIPAL COMMISSIONER,BEGUSARAI MUNICIPAL CORPORATION,13400.0,1250.0,590.0,True,"{'Flood': 0, 'Embankment': 0, 'embkt': 0, 'Relief': 0, 'Erosion': 0, 'SDRF': 0, 'Inundation': 0, 'Hydrology': 0, 'Silt': 0, 'Siltation': 0, 'Bund': 0, 'Trench': 0, 'Breach': 0, 'Culvert': 0, 'Sluice': 0, 'Dyke': 0, 'Storm water drain': 0, 'Emergency': 0, 'Immediate': 0, 'IM': 0, 'AE': 0, 'A E': 0, 'AAPDA MITRA': 0, 'Bridge': 0, 'River': 0, 'Drain': 2, 'Restoration': 0, 'Protection': 0, 'irr': 0, 'irrigation': 0, 'dam': 0, 'Nallah': 0, 'Retrofitting': 0, 'Pond': 0, 'Pokhari': 0, 'D/C': 0, 'Recharge shaft': 0, 'LFB': 0, 'RFB': 0}","{'Floodlight': 0, 'Flood Light': 0, 'GAS': 0, 'FIFA': 0, 'pipe': 0, 'pipes': 0, 'covid': 0, 'supply': 0, 'Beautification': 0, 'Installation': 0}",,,False,True,Immediate Measures
4870,NIT-01/2020-21 Gr.-07,"Construction of Drain And Paver Block Road  from Musrapha Bhai house to Majid Ansari house in Karimchak Emli Mohalla ward no.-30 At Chapra Nagar Nigam, Chapra","Construction of Drain And Paver Block Road  from Musrapha Bhai house to Majid Ansari house in Karimchak Emli Mohalla ward no.-30 At Chapra Nagar Nigam, Chapra",287804.0,INR,INR,2020-09-21 01:26:49+00:00,2020-09-21T01:20:55.852000+00:00,2020-10-27T06:17:39+00:00,SANJAY KUMAR UPADHYAY,MUNICIPAL COMMISSIONER,CHAPRA MUNICIPAL CORPORATION,"NEAR MUNICIPAL CHOWK, CHAPRA, SARAN",ABDUL HAMID,MUNICIPAL COMMISSIONER,BEGUSARAI MUNICIPAL CORPORATION,5800.0,750.0,590.0,True,"{'Flood': 0, 'Embankment': 0, 'embkt': 0, 'Relief': 0, 'Erosion': 0, 'SDRF': 0, 'Inundation': 0, 'Hydrology': 0, 'Silt': 0, 'Siltation': 0, 'Bund': 0, 'Trench': 0, 'Breach': 0, 'Culvert': 0, 'Sluice': 0, 'Dyke': 0, 'Storm water drain': 0, 'Emergency': 0, 'Immediate': 0, 'IM': 0, 'AE': 0, 'A E': 0, 'AAPDA MITRA': 0, 'Bridge': 0, 'River': 0, 'Drain': 2, 'Restoration': 0, 'Protection': 0, 'irr': 0, 'irrigation': 0, 'dam': 0, 'Nallah': 0, 'Retrofitting': 0, 'Pond': 0, 'Pokhari': 0, 'D/C': 0, 'Recharge shaft': 0, 'LFB': 0, 'RFB': 0}","{'Floodlight': 0, 'Flood Light': 0, 'GAS': 0, 'FIFA': 0, 'pipe': 0, 'pipes': 0, 'covid': 0, 'supply': 0, 'Beautification': 0, 'Installation': 0}",,,False,True,Immediate Measures
4872,NIT-01/2020-21 Gr.-09,"Construction of Drain And Paver Block Road  from Shatrudhan  Prasad house to Paras Nath Gupta house in ward no.-32 At Chapra Nagar Nigam, Chapra","Construction of Drain And Paver Block Road  from Shatrudhan  Prasad house to Paras Nath Gupta house in ward no.-32 At Chapra Nagar Nigam, Chapra",494582.0,INR,INR,2020-09-21 01:36:35+00:00,2020-09-21T01:31:58.882000+00:00,2020-10-27T06:08:27+00:00,SANJAY KUMAR UPADHYAY,MUNICIPAL COMMISSIONER,CHAPRA MUNICIPAL CORPORATION,"NEAR MUNICIPAL CHOWK, CHAPRA, SARAN",ABDUL HAMID,MUNICIPAL COMMISSIONER,BEGUSARAI MUNICIPAL CORPORATION,9900.0,750.0,590.0,True,"{'Flood': 0, 'Embankment': 0, 'embkt': 0, 'Relief': 0, 'Erosion': 0, 'SDRF': 0, 'Inundation': 0, 'Hydrology': 0, 'Silt': 0, 'Siltation': 0, 'Bund': 0, 'Trench': 0, 'Breach': 0, 'Culvert': 0, 'Sluice': 0, 'Dyke': 0, 'Storm water drain': 0, 'Emergency': 0, 'Immediate': 0, 'IM': 0, 'AE': 0, 'A E': 0, 'AAPDA MITRA': 0, 'Bridge': 0, 'River': 0, 'Drain': 2, 'Restoration': 0, 'Protection': 0, 'irr': 0, 'irrigation': 0, 'dam': 0, 'Nallah': 0, 'Retrofitting': 0, 'Pond': 0, 'Pokhari': 0, 'D/C': 0, 'Recharge shaft': 0, 'LFB': 0, 'RFB': 0}","{'Floodlight': 0, 'Flood Light': 0, 'GAS': 0, 'FIFA': 0, 'pipe': 0, 'pipes': 0, 'covid': 0, 'supply': 0, 'Beautification': 0, 'Installation': 0}",,,False,True,Immediate Measures
4877,NIT-01/2020-21 Gr.-14,"Construction of Drain And Paver Block Road  from Construction of Drain And P.C.C. Road  from Gauriji  house to Dharmnath Prasad house in ward no.-33 At Chapra Nagar Nigam, Chapra","Construction of Drain And Paver Block Road  from Construction of Drain And P.C.C. Road  from Gauriji  house to Dharmnath Prasad house in ward no.-33 At Chapra Nagar Nigam, Chapra",680796.0,INR,INR,2020-09-21 02:02:40+00:00,2020-09-21T01:56:00.678000+00:00,2020-10-27T05:48:19+00:00,SANJAY KUMAR UPADHYAY,MUNICIPAL COMMISSIONER,CHAPRA MUNICIPAL CORPORATION,"NEAR MUNICIPAL CHOWK, CHAPRA, SARAN",ABDUL HAMID,MUNICIPAL COMMISSIONER,BEGUSARAI MUNICIPAL CORPORATION,13700.0,1250.0,590.0,True,"{'Flood': 0, 'Embankment': 0, 'embkt': 0, 'Relief': 0, 'Erosion': 0, 'SDRF': 0, 'Inundation': 0, 'Hydrology': 0, 'Silt': 0, 'Siltation': 0, 'Bund': 0, 'Trench': 0, 'Breach': 0, 'Culvert': 0, 'Sluice': 0, 'Dyke': 0, 'Storm water drain': 0, 'Emergency': 0, 'Immediate': 0, 'IM': 0, 'AE': 0, 'A E': 0, 'AAPDA MITRA': 0, 'Bridge': 0, 'River': 0, 'Drain': 4, 'Restoration': 0, 'Protection': 0, 'irr': 0, 'irrigation': 0, 'dam': 0, 'Nallah': 0, 'Retrofitting': 0, 'Pond': 0, 'Pokhari': 0, 'D/C': 0, 'Recharge shaft': 0, 'LFB': 0, 'RFB': 0}","{'Floodlight': 0, 'Flood Light': 0, 'GAS': 0, 'FIFA': 0, 'pipe': 0, 'pipes': 0, 'covid': 0, 'supply': 0, 'Beautification': 0, 'Installation': 0}",,,False,True,Immediate Measures
4883,NIT-01/2020-21 Gr.-20,"Construction of Drain And P.C.C. Road  from Yogendra Singh house to Yogendra Pandey house in ward no.-34 At Chapra Nagar Nigam, Chapra","Construction of Drain And P.C.C. Road  from Yogendra Singh house to Yogendra Pandey house in ward no.-34 At Chapra Nagar Nigam, Chapra",1529111.0,INR,INR,2020-09-21 02:52:04+00:00,2020-09-21T02:44:55.207000+00:00,2020-10-27T05:05:23+00:00,SANJAY KUMAR UPADHYAY,MUNICIPAL COMMISSIONER,CHAPRA MUNICIPAL CORPORATION,"NEAR MUNICIPAL CHOWK, CHAPRA, SARAN",ABDUL HAMID,MUNICIPAL COMMISSIONER,BEGUSARAI MUNICIPAL CORPORATION,30600.0,5000.0,590.0,True,"{'Flood': 0, 'Embankment': 0, 'embkt': 0, 'Relief': 0, 'Erosion': 0, 'SDRF': 0, 'Inundation': 0, 'Hydrology': 0, 'Silt': 0, 'Siltation': 0, 'Bund': 0, 'Trench': 0, 'Breach': 0, 'Culvert': 0, 'Sluice': 0, 'Dyke': 0, 'Storm water drain': 0, 'Emergency': 0, 'Immediate': 0, 'IM': 0, 'AE': 0, 'A E': 0, 'AAPDA MITRA': 0, 'Bridge': 0, 'River': 0, 'Drain': 2, 'Restoration': 0, 'Protection': 0, 'irr': 0, 'irrigation': 0, 'dam': 0, 'Nallah': 0, 'Retrofitting': 0, 'Pond': 0, 'Pokhari': 0, 'D/C': 0, 'Recharge shaft': 0, 'LFB': 0, 'RFB': 0}","{'Floodlight': 0, 'Flood Light': 0, 'GAS': 0, 'FIFA': 0, 'pipe': 0, 'pipes': 0, 'covid': 0, 'supply': 0, 'Beautification': 0, 'Installation': 0}",,,False,True,Immediate Measures
4882,NIT-01/2020-21 Gr.-19,Construction of Drain And Paver Block Road  from Vipin ji house to Chhathi lal Sah house via Janta Pustak in ward no.-34 At Chapra Nagar Nigam,Construction of Drain And Paver Block Road  from Vipin ji house to Chhathi lal Sah house via Janta Pustak in ward no.-34 At Chapra Nagar Nigam,943161.0,INR,INR,2020-09-21 02:44:29+00:00,2020-09-21T02:34:05.709000+00:00,2020-10-27T05:19:54+00:00,SANJAY KUMAR UPADHYAY,MUNICIPAL COMMISSIONER,CHAPRA MUNICIPAL CORPORATION,"NEAR MUNICIPAL CHOWK, CHAPRA, SARAN",ABDUL HAMID,MUNICIPAL COMMISSIONER,BEGUSARAI MUNICIPAL CORPORATION,18900.0,1250.0,590.0,True,"{'Flood': 0, 'Embankment': 0, 'embkt': 0, 'Relief': 0, 'Erosion': 0, 'SDRF': 0, 'Inundation': 0, 'Hydrology': 0, 'Silt': 0, 'Siltation': 0, 'Bund': 0, 'Trench': 0, 'Breach': 0, 'Culvert': 0, 'Sluice': 0, 'Dyke': 0, 'Storm water drain': 0, 'Emergency': 0, 'Immediate': 0, 'IM': 0, 'AE': 0, 'A E': 0, 'AAPDA MITRA': 0, 'Bridge': 0, 'River': 0, 'Drain': 2, 'Restoration': 0, 'Protection': 0, 'irr': 0, 'irrigation': 0, 'dam': 0, 'Nallah': 0, 'Retrofitting': 0, 'Pond': 0, 'Pokhari': 0, 'D/C': 0, 'Recharge shaft': 0, 'LFB': 0, 'RFB': 0}","{'Floodlight': 0, 'Flood Light': 0, 'GAS': 0, 'FIFA': 0, 'pipe': 0, 'pipes': 0, 'covid': 0, 'supply': 0, 'Beautification': 0, 'Installation': 0}",,,False,True,Immediate Measures
4881,NIT-01/2020-21 Gr.-18,"Construction of Drain And Paver Block Road  from Prashuram Prasad house to Yogendra Prasad house in ward no.-34 At Chapra Nagar Nigam, Chapra","Construction of Drain And Paver Block Road  from Prashuram Prasad house to Yogendra Prasad house in ward no.-34 At Chapra Nagar Nigam, Chapra",359259.0,INR,INR,2020-09-21 02:33:51+00:00,2020-09-21T02:30:11.474000+00:00,2020-09-28T09:31:00+00:00,SANJAY KUMAR UPADHYAY,MUNICIPAL COMMISSIONER,CHAPRA MUNICIPAL CORPORATION,"NEAR MUNICIPAL CHOWK, CHAPRA, SARAN",ABDUL HAMID,MUNICIPAL COMMISSIONER,BEGUSARAI MUNICIPAL CORPORATION,7200.0,750.0,590.0,True,"{'Flood': 0, 'Embankment': 0, 'embkt': 0, 'Relief': 0, 'Erosion': 0, 'SDRF': 0, 'Inundation': 0, 'Hydrology': 0, 'Silt': 0, 'Siltation': 0, 'Bund': 0, 'Trench': 0, 'Breach': 0, 'Culvert': 0, 'Sluice': 0, 'Dyke': 0, 'Storm water drain': 0, 'Emergency': 0, 'Immediate': 0, 'IM': 0, 'AE': 0, 'A E': 0, 'AAPDA MITRA': 0, 'Bridge': 0, 'River': 0, 'Drain': 2, 'Restoration': 0, 'Protection': 0, 'irr': 0, 'irrigation': 0, 'dam': 0, 'Nallah': 0, 'Retrofitting': 0, 'Pond': 0, 'Pokhari': 0, 'D/C': 0, 'Recharge shaft': 0, 'LFB': 0, 'RFB': 0}","{'Floodlight': 0, 'Flood Light': 0, 'GAS': 0, 'FIFA': 0, 'pipe': 0, 'pipes': 0, 'covid': 0, 'supply': 0, 'Beautification': 0, 'Installation': 0}",,,False,True,Immediate Measures
4880,NIT-01/2020-21 Gr.-17,"Construction of Drain And P.C.C. Road  from Suresh Padak house to Bhagawan Mistra house via Suman Sriwastaw house in ward no.-34 At Chapra Nagar Nigam, Chapra","Construction of Drain And P.C.C. Road  from Suresh Padak house to Bhagawan Mistra house via Suman Sriwastaw house in ward no.-34 At Chapra Nagar Nigam, Chapra",3921588.0,INR,INR,2020-09-21 02:29:40+00:00,2020-09-21T02:13:21.603000+00:00,2020-10-27T05:26:05+00:00,SANJAY KUMAR UPADHYAY,MUNICIPAL COMMISSIONER,CHAPRA MUNICIPAL CORPORATION,"NEAR MUNICIPAL CHOWK, CHAPRA, SARAN",ABDUL HAMID,MUNICIPAL COMMISSIONER,BEGUSARAI MUNICIPAL CORPORATION,78500.0,5000.0,590.0,True,"{'Flood': 0, 'Embankment': 0, 'embkt': 0, 'Relief': 0, 'Erosion': 0, 'SDRF': 0, 'Inundation': 0, 'Hydrology': 0, 'Silt': 0, 'Siltation': 0, 'Bund': 0, 'Trench': 0, 'Breach': 0, 'Culvert': 0, 'Sluice': 0, 'Dyke': 0, 'Storm water drain': 0, 'Emergency': 0, 'Immediate': 0, 'IM': 0, 'AE': 0, 'A E': 0, 'AAPDA MITRA': 0, 'Bridge': 0, 'River': 0, 'Drain': 2, 'Restoration': 0, 'Protection': 0, 'irr': 0, 'irrigation': 0, 'dam': 0, 'Nallah': 0, 'Retrofitting': 0, 'Pond': 0, 'Pokhari': 0, 'D/C': 0, 'Recharge shaft': 0, 'LFB': 0, 'RFB': 0}","{'Floodlight': 0, 'Flood Light': 0, 'GAS': 0, 'FIFA': 0, 'pipe': 0, 'pipes': 0, 'covid': 0, 'supply': 0, 'Beautification': 0, 'Installation': 0}",,,False,True,Immediate Measures
4879,NIT-01/2020-21 Gr.-16,"Construction of Drain And P.C.C. Road  from Devbhajan  house to Munna ji Bhujjawala house via Rajkishor Sriwastaw house in ward no.-34 At Chapra Nagar Nigam, Chapra","Construction of Drain And P.C.C. Road  from Devbhajan  house to Munna ji Bhujjawala house via Rajkishor Sriwastaw house in ward no.-34 At Chapra Nagar Nigam, Chapra",438597.0,INR,INR,2020-09-21 02:12:57+00:00,2020-09-21T02:07:59.698000+00:00,2020-10-27T05:42:35+00:00,SANJAY KUMAR UPADHYAY,MUNICIPAL COMMISSIONER,CHAPRA MUNICIPAL CORPORATION,"NEAR MUNICIPAL CHOWK, CHAPRA, SARAN",ABDUL HAMID,MUNICIPAL COMMISSIONER,BEGUSARAI MUNICIPAL CORPORATION,8800.0,750.0,590.0,True,"{'Flood': 0, 'Embankment': 0, 'embkt': 0, 'Relief': 0, 'Erosion': 0, 'SDRF': 0, 'Inundation': 0, 'Hydrology': 0, 'Silt': 0, 'Siltation': 0, 'Bund': 0, 'Trench': 0, 'Breach': 0, 'Culvert': 0, 'Sluice': 0, 'Dyke': 0, 'Storm water drain': 0, 'Emergency': 0, 'Immediate': 0, 'IM': 0, 'AE': 0, 'A E': 0, 'AAPDA MITRA': 0, 'Bridge': 0, 'River': 0, 'Drain': 2, 'Restoration': 0, 'Protection': 0, 'irr': 0, 'irrigation': 0, 'dam': 0, 'Nallah': 0, 'Retrofitting': 0, 'Pond': 0, 'Pokhari': 0, 'D/C': 0, 'Recharge shaft': 0, 'LFB': 0, 'RFB': 0}","{'Floodlight': 0, 'Flood Light': 0, 'GAS': 0, 'FIFA': 0, 'pipe': 0, 'pipes': 0, 'covid': 0, 'supply': 0, 'Beautification': 0, 'Installation': 0}",,,False,True,Immediate Measures
4885,NIT-01/2020-21 Gr.-22,"Construction of Drain And Paver Block Road  from Rudal Mahto house to Jagrshwar Mahto house in ward no.-34 At Chapra Nagar Nigam, Chapra","Construction of Drain And Paver Block Road  from Rudal Mahto house to Jagrshwar Mahto house in ward no.-34 At Chapra Nagar Nigam, Chapra",141931.0,INR,INR,2020-09-21 03:03:41+00:00,2020-09-21T02:52:36.798000+00:00,2020-10-27T04:50:42+00:00,SANJAY KUMAR UPADHYAY,MUNICIPAL COMMISSIONER,CHAPRA MUNICIPAL CORPORATION,"NEAR MUNICIPAL CHOWK, CHAPRA, SARAN",ABDUL HAMID,MUNICIPAL COMMISSIONER,BEGUSARAI MUNICIPAL CORPORATION,2900.0,500.0,590.0,True,"{'Flood': 0, 'Embankment': 0, 'embkt': 0, 'Relief': 0, 'Erosion': 0, 'SDRF': 0, 'Inundation': 0, 'Hydrology': 0, 'Silt': 0, 'Siltation': 0, 'Bund': 0, 'Trench': 0, 'Breach': 0, 'Culvert': 0, 'Sluice': 0, 'Dyke': 0, 'Storm water drain': 0, 'Emergency': 0, 'Immediate': 0, 'IM': 0, 'AE': 0, 'A E': 0, 'AAPDA MITRA': 0, 'Bridge': 0, 'River': 0, 'Drain': 2, 'Restoration': 0, 'Protection': 0, 'irr': 0, 'irrigation': 0, 'dam': 0, 'Nallah': 0, 'Retrofitting': 0, 'Pond': 0, 'Pokhari': 0, 'D/C': 0, 'Recharge shaft': 0, 'LFB': 0, 'RFB': 0}","{'Floodlight': 0, 'Flood Light': 0, 'GAS': 0, 'FIFA': 0, 'pipe': 0, 'pipes': 0, 'covid': 0, 'supply': 0, 'Beautification': 0, 'Installation': 0}",,,False,True,Immediate Measures
4878,NIT-01/2020-21 Gr.-15,"Construction of Drain And Paver Block Road  from Chunilal Sah house to Shri Kant Sriwastaw house via Guljari Sah house in ward no.-33 At Chapra Nagar Nigam, Chapra","Construction of Drain And Paver Block Road  from Chunilal Sah house to Shri Kant Sriwastaw house via Guljari Sah house in ward no.-33 At Chapra Nagar Nigam, Chapra",286196.0,INR,INR,2020-09-21 02:07:43+00:00,2020-09-21T02:03:04.135000+00:00,2020-09-28T09:31:00+00:00,SANJAY KUMAR UPADHYAY,MUNICIPAL COMMISSIONER,CHAPRA MUNICIPAL CORPORATION,"NEAR MUNICIPAL CHOWK, CHAPRA, SARAN",ABDUL HAMID,MUNICIPAL COMMISSIONER,BEGUSARAI MUNICIPAL CORPORATION,5800.0,750.0,590.0,True,"{'Flood': 0, 'Embankment': 0, 'embkt': 0, 'Relief': 0, 'Erosion': 0, 'SDRF': 0, 'Inundation': 0, 'Hydrology': 0, 'Silt': 0, 'Siltation': 0, 'Bund': 0, 'Trench': 0, 'Breach': 0, 'Culvert': 0, 'Sluice': 0, 'Dyke': 0, 'Storm water drain': 0, 'Emergency': 0, 'Immediate': 0, 'IM': 0, 'AE': 0, 'A E': 0, 'AAPDA MITRA': 0, 'Bridge': 0, 'River': 0, 'Drain': 2, 'Restoration': 0, 'Protection': 0, 'irr': 0, 'irrigation': 0, 'dam': 0, 'Nallah': 0, 'Retrofitting': 0, 'Pond': 0, 'Pokhari': 0, 'D/C': 0, 'Recharge shaft': 0, 'LFB': 0, 'RFB': 0}","{'Floodlight': 0, 'Flood Light': 0, 'GAS': 0, 'FIFA': 0, 'pipe': 0, 'pipes': 0, 'covid': 0, 'supply': 0, 'Beautification': 0, 'Installation': 0}",,,False,True,Immediate Measures
4876,NIT-01/2020-21 Gr.-13,"Construction of Drain And Paver Block Road  from Brijanand Mishra house to Awadesh Tiwari house in ward no.-33 At Chapra Nagar Nigam, Chapra","Construction of Drain And Paver Block Road  from Brijanand Mishra house to Awadesh Tiwari house in ward no.-33 At Chapra Nagar Nigam, Chapra",205759.0,INR,INR,2020-09-21 01:55:40+00:00,2020-09-21T01:51:42.536000+00:00,2020-09-28T09:31:00+00:00,SANJAY KUMAR UPADHYAY,MUNICIPAL COMMISSIONER,CHAPRA MUNICIPAL CORPORATION,"NEAR MUNICIPAL CHOWK, CHAPRA, SARAN",ABDUL HAMID,MUNICIPAL COMMISSIONER,BEGUSARAI MUNICIPAL CORPORATION,4200.0,500.0,590.0,True,"{'Flood': 0, 'Embankment': 0, 'embkt': 0, 'Relief': 0, 'Erosion': 0, 'SDRF': 0, 'Inundation': 0, 'Hydrology': 0, 'Silt': 0, 'Siltation': 0, 'Bund': 0, 'Trench': 0, 'Breach': 0, 'Culvert': 0, 'Sluice': 0, 'Dyke': 0, 'Storm water drain': 0, 'Emergency': 0, 'Immediate': 0, 'IM': 0, 'AE': 0, 'A E': 0, 'AAPDA MITRA': 0, 'Bridge': 0, 'River': 0, 'Drain': 2, 'Restoration': 0, 'Protection': 0, 'irr': 0, 'irrigation': 0, 'dam': 0, 'Nallah': 0, 'Retrofitting': 0, 'Pond': 0, 'Pokhari': 0, 'D/C': 0, 'Recharge shaft': 0, 'LFB': 0, 'RFB': 0}","{'Floodlight': 0, 'Flood Light': 0, 'GAS': 0, 'FIFA': 0, 'pipe': 0, 'pipes': 0, 'covid': 0, 'supply': 0, 'Beautification': 0, 'Installation': 0}",,,False,True,Immediate Measures
4888,NIT-01/2020-21 Gr.-25,"Construction of Drain And Paver Block Road  from Mahavir Kirana Store house to Punam Sadan in ward no.-34 At Chapra Nagar Nigam, Chapra","Construction of Drain And Paver Block Road  from Mahavir Kirana Store house to Punam Sadan in ward no.-34 At Chapra Nagar Nigam, Chapra",119212.0,INR,INR,2020-09-21 03:28:09+00:00,2020-09-21T03:23:56.314000+00:00,2020-10-27T04:34:31+00:00,SANJAY KUMAR UPADHYAY,MUNICIPAL COMMISSIONER,CHAPRA MUNICIPAL CORPORATION,"NEAR MUNICIPAL CHOWK, CHAPRA, SARAN",ABDUL HAMID,MUNICIPAL COMMISSIONER,BEGUSARAI MUNICIPAL CORPORATION,2400.0,500.0,590.0,True,"{'Flood': 0, 'Embankment': 0, 'embkt': 0, 'Relief': 0, 'Erosion': 0, 'SDRF': 0, 'Inundation': 0, 'Hydrology': 0, 'Silt': 0, 'Siltation': 0, 'Bund': 0, 'Trench': 0, 'Breach': 0, 'Culvert': 0, 'Sluice': 0, 'Dyke': 0, 'Storm water drain': 0, 'Emergency': 0, 'Immediate': 0, 'IM': 0, 'AE': 0, 'A E': 0, 'AAPDA MITRA': 0, 'Bridge': 0, 'River': 0, 'Drain': 2, 'Restoration': 0, 'Protection': 0, 'irr': 0, 'irrigation': 0, 'dam': 0, 'Nallah': 0, 'Retrofitting': 0, 'Pond': 0, 'Pokhari': 0, 'D/C': 0, 'Recharge shaft': 0, 'LFB': 0, 'RFB': 0}","{'Floodlight': 0, 'Flood Light': 0, 'GAS': 0, 'FIFA': 0, 'pipe': 0, 'pipes': 0, 'covid': 0, 'supply': 0, 'Beautification': 0, 'Installation': 0}",,,False,True,Immediate Measures
4887,NIT-01/2020-21 Gr.-24,"Construction of Drain And Paver Block Road  from Bharat Mahto house to Kamla Devi house in ward no.-34 At Chapra Nagar Nigam, Chapra","Construction of Drain And Paver Block Road  from Bharat Mahto house to Kamla Devi house in ward no.-34 At Chapra Nagar Nigam, Chapra",155111.0,INR,INR,2020-09-21 03:23:42+00:00,2020-09-21T03:10:00.294000+00:00,2020-10-27T04:42:20+00:00,SANJAY KUMAR UPADHYAY,MUNICIPAL COMMISSIONER,CHAPRA MUNICIPAL CORPORATION,"NEAR MUNICIPAL CHOWK, CHAPRA, SARAN",ABDUL HAMID,MUNICIPAL COMMISSIONER,BEGUSARAI MUNICIPAL CORPORATION,3200.0,500.0,590.0,True,"{'Flood': 0, 'Embankment': 0, 'embkt': 0, 'Relief': 0, 'Erosion': 0, 'SDRF': 0, 'Inundation': 0, 'Hydrology': 0, 'Silt': 0, 'Siltation': 0, 'Bund': 0, 'Trench': 0, 'Breach': 0, 'Culvert': 0, 'Sluice': 0, 'Dyke': 0, 'Storm water drain': 0, 'Emergency': 0, 'Immediate': 0, 'IM': 0, 'AE': 0, 'A E': 0, 'AAPDA MITRA': 0, 'Bridge': 0, 'River': 0, 'Drain': 2, 'Restoration': 0, 'Protection': 0, 'irr': 0, 'irrigation': 0, 'dam': 0, 'Nallah': 0, 'Retrofitting': 0, 'Pond': 0, 'Pokhari': 0, 'D/C': 0, 'Recharge shaft': 0, 'LFB': 0, 'RFB': 0}","{'Floodlight': 0, 'Flood Light': 0, 'GAS': 0, 'FIFA': 0, 'pipe': 0, 'pipes': 0, 'covid': 0, 'supply': 0, 'Beautification': 0, 'Installation': 0}",,,False,True,Immediate Measures
4884,NIT-01/2020-21 Gr.-21,Construction of Drain And Paver Block Road  from Shivji Prasad house to Vinod Sah house in war,Construction of Drain And Paver Block Road  from Shivji Prasad house to Vinod Sah house in war,350921.0,INR,INR,2020-09-21 02:57:34+00:00,2020-09-21T02:52:36.361000+00:00,2020-10-27T04:55:10+00:00,SANJAY KUMAR UPADHYAY,MUNICIPAL COMMISSIONER,CHAPRA MUNICIPAL CORPORATION,"NEAR MUNICIPAL CHOWK, CHAPRA, SARAN",ABDUL HAMID,MUNICIPAL COMMISSIONER,BEGUSARAI MUNICIPAL CORPORATION,7100.0,750.0,590.0,True,"{'Flood': 0, 'Embankment': 0, 'embkt': 0, 'Relief': 0, 'Erosion': 0, 'SDRF': 0, 'Inundation': 0, 'Hydrology': 0, 'Silt': 0, 'Siltation': 0, 'Bund': 0, 'Trench': 0, 'Breach': 0, 'Culvert': 0, 'Sluice': 0, 'Dyke': 0, 'Storm water drain': 0, 'Emergency': 0, 'Immediate': 0, 'IM': 0, 'AE': 0, 'A E': 0, 'AAPDA MITRA': 0, 'Bridge': 0, 'River': 0, 'Drain': 2, 'Restoration': 0, 'Protection': 0, 'irr': 0, 'irrigation': 0, 'dam': 0, 'Nallah': 0, 'Retrofitting': 0, 'Pond': 0, 'Pokhari': 0, 'D/C': 0, 'Recharge shaft': 0, 'LFB': 0, 'RFB': 0}","{'Floodlight': 0, 'Flood Light': 0, 'GAS': 0, 'FIFA': 0, 'pipe': 0, 'pipes': 0, 'covid': 0, 'supply': 0, 'Beautification': 0, 'Installation': 0}",,,False,True,Immediate Measures
4886,NIT-01/2020-21 Gr.-23,"Construction of Drain And P.C.C. Road  from Ramchandra Pandit  house to Dhiraj Raut house in ward no.-34 At Chapra Nagar Nigam, Chapra","Construction of Drain And P.C.C. Road  from Ramchandra Pandit  house to Dhiraj Raut house in ward no.-34 At Chapra Nagar Nigam, Chapra",258177.0,INR,INR,2020-09-21 03:09:41+00:00,2020-09-21T03:03:56.656000+00:00,2020-10-27T04:46:43+00:00,SANJAY KUMAR UPADHYAY,MUNICIPAL COMMISSIONER,CHAPRA MUNICIPAL CORPORATION,"NEAR MUNICIPAL CHOWK, CHAPRA, SARAN",ABDUL HAMID,MUNICIPAL COMMISSIONER,BEGUSARAI MUNICIPAL CORPORATION,5200.0,750.0,590.0,True,"{'Flood': 0, 'Embankment': 0, 'embkt': 0, 'Relief': 0, 'Erosion': 0, 'SDRF': 0, 'Inundation': 0, 'Hydrology': 0, 'Silt': 0, 'Siltation': 0, 'Bund': 0, 'Trench': 0, 'Breach': 0, 'Culvert': 0, 'Sluice': 0, 'Dyke': 0, 'Storm water drain': 0, 'Emergency': 0, 'Immediate': 0, 'IM': 0, 'AE': 0, 'A E': 0, 'AAPDA MITRA': 0, 'Bridge': 0, 'River': 0, 'Drain': 2, 'Restoration': 0, 'Protection': 0, 'irr': 0, 'irrigation': 0, 'dam': 0, 'Nallah': 0, 'Retrofitting': 0, 'Pond': 0, 'Pokhari': 0, 'D/C': 0, 'Recharge shaft': 0, 'LFB': 0, 'RFB': 0}","{'Floodlight': 0, 'Flood Light': 0, 'GAS': 0, 'FIFA': 0, 'pipe': 0, 'pipes': 0, 'covid': 0, 'supply': 0, 'Beautification': 0, 'Installation': 0}",,,False,True,Immediate Measures
4891,NIT-01/2020-21 Gr.-28,"Construction of Drain And Paver Block Road  from Ramuna Sah house to Shankar Sharma house And Ramawtar Sharma to Jaganath Singh ward no.-35 At Chapra Nagar Nigam, Chapra","Construction of Drain And Paver Block Road  from Ramuna Sah house to Shankar Sharma house And Ramawtar Sharma to Jaganath Singh ward no.-35 At Chapra Nagar Nigam, Chapra",525811.0,INR,INR,2020-09-21 03:48:23+00:00,2020-09-21T03:42:42.796000+00:00,2020-10-27T04:28:58+00:00,SANJAY KUMAR UPADHYAY,MUNICIPAL COMMISSIONER,CHAPRA MUNICIPAL CORPORATION,"NEAR MUNICIPAL CHOWK, CHAPRA, SARAN",ABDUL HAMID,MUNICIPAL COMMISSIONER,BEGUSARAI MUNICIPAL CORPORATION,10600.0,1250.0,590.0,True,"{'Flood': 0, 'Embankment': 0, 'embkt': 0, 'Relief': 0, 'Erosion': 0, 'SDRF': 0, 'Inundation': 0, 'Hydrology': 0, 'Silt': 0, 'Siltation': 0, 'Bund': 0, 'Trench': 0, 'Breach': 0, 'Culvert': 0, 'Sluice': 0, 'Dyke': 0, 'Storm water drain': 0, 'Emergency': 0, 'Immediate': 0, 'IM': 0, 'AE': 0, 'A E': 0, 'AAPDA MITRA': 0, 'Bridge': 0, 'River': 0, 'Drain': 2, 'Restoration': 0, 'Protection': 0, 'irr': 0, 'irrigation': 0, 'dam': 0, 'Nallah': 0, 'Retrofitting': 0, 'Pond': 0, 'Pokhari': 0, 'D/C': 0, 'Recharge shaft': 0, 'LFB': 0, 'RFB': 0}","{'Floodlight': 0, 'Flood Light': 0, 'GAS': 0, 'FIFA': 0, 'pipe': 0, 'pipes': 0, 'covid': 0, 'supply': 0, 'Beautification': 0, 'Installation': 0}",,,False,True,Immediate Measures
4890,NIT-01/2020-21 Gr.-27,"Construction of Drain And Paver Block Road  from Rajeshwar Singh shop to Sanskrit the model school in ward no.-35 At Chapra Nagar Nigam, Chapra","Construction of Drain And Paver Block Road  from Rajeshwar Singh shop to Sanskrit the model school in ward no.-35 At Chapra Nagar Nigam, Chapra",264593.0,INR,INR,2020-09-21 03:42:17+00:00,2020-09-21T03:35:25.766000+00:00,2020-09-28T09:31:00+00:00,SANJAY KUMAR UPADHYAY,MUNICIPAL COMMISSIONER,CHAPRA MUNICIPAL CORPORATION,"NEAR MUNICIPAL CHOWK, CHAPRA, SARAN",ABDUL HAMID,MUNICIPAL COMMISSIONER,BEGUSARAI MUNICIPAL CORPORATION,5300.0,750.0,590.0,True,"{'Flood': 0, 'Embankment': 0, 'embkt': 0, 'Relief': 0, 'Erosion': 0, 'SDRF': 0, 'Inundation': 0, 'Hydrology': 0, 'Silt': 0, 'Siltation': 0, 'Bund': 0, 'Trench': 0, 'Breach': 0, 'Culvert': 0, 'Sluice': 0, 'Dyke': 0, 'Storm water drain': 0, 'Emergency': 0, 'Immediate': 0, 'IM': 0, 'AE': 0, 'A E': 0, 'AAPDA MITRA': 0, 'Bridge': 0, 'River': 0, 'Drain': 2, 'Restoration': 0, 'Protection': 0, 'irr': 0, 'irrigation': 0, 'dam': 0, 'Nallah': 0, 'Retrofitting': 0, 'Pond': 0, 'Pokhari': 0, 'D/C': 0, 'Recharge shaft': 0, 'LFB': 0, 'RFB': 0}","{'Floodlight': 0, 'Flood Light': 0, 'GAS': 0, 'FIFA': 0, 'pipe': 0, 'pipes': 0, 'covid': 0, 'supply': 0, 'Beautification': 0, 'Installation': 0}",,,False,True,Immediate Measures
4893,NIT-01/2020-21 Gr.-30,"Construction of Drain And Paver Block Road  from Club Road Shivnath Prasad house to Umesh ji Banker house in ward no.-36 At Chapra Nagar Nigam, Chapra","Construction of Drain And Paver Block Road  from Club Road Shivnath Prasad house to Umesh ji Banker house in ward no.-36 At Chapra Nagar Nigam, Chapra",346822.0,INR,INR,2020-09-21 04:02:29+00:00,2020-09-21T03:56:46.388000+00:00,2020-09-28T09:31:00+00:00,SANJAY KUMAR UPADHYAY,MUNICIPAL COMMISSIONER,CHAPRA MUNICIPAL CORPORATION,"NEAR MUNICIPAL CHOWK, CHAPRA, SARAN",ABDUL HAMID,MUNICIPAL COMMISSIONER,BEGUSARAI MUNICIPAL CORPORATION,7000.0,750.0,590.0,True,"{'Flood': 0, 'Embankment': 0, 'embkt': 0, 'Relief': 0, 'Erosion': 0, 'SDRF': 0, 'Inundation': 0, 'Hydrology': 0, 'Silt': 0, 'Siltation': 0, 'Bund': 0, 'Trench': 0, 'Breach': 0, 'Culvert': 0, 'Sluice': 0, 'Dyke': 0, 'Storm water drain': 0, 'Emergency': 0, 'Immediate': 0, 'IM': 0, 'AE': 0, 'A E': 0, 'AAPDA MITRA': 0, 'Bridge': 0, 'River': 0, 'Drain': 2, 'Restoration': 0, 'Protection': 0, 'irr': 0, 'irrigation': 0, 'dam': 0, 'Nallah': 0, 'Retrofitting': 0, 'Pond': 0, 'Pokhari': 0, 'D/C': 0, 'Recharge shaft': 0, 'LFB': 0, 'RFB': 0}","{'Floodlight': 0, 'Flood Light': 0, 'GAS': 0, 'FIFA': 0, 'pipe': 0, 'pipes': 0, 'covid': 0, 'supply': 0, 'Beautification': 0, 'Installation': 0}",,,False,True,Immediate Measures
4889,NIT-01/2020-21 Gr.-26,"Construction of Drain And Paver Block Road  from Om Prakash Sriwastaw house to Sunil Sweet house in ward no.-34 At Chapra Nagar Nigam, Chapra","Construction of Drain And Paver Block Road  from Om Prakash Sriwastaw house to Sunil Sweet house in ward no.-34 At Chapra Nagar Nigam, Chapra",299559.0,INR,INR,2020-09-21 03:33:55+00:00,2020-09-21T03:28:22.407000+00:00,2020-10-27T04:20:54+00:00,SANJAY KUMAR UPADHYAY,MUNICIPAL COMMISSIONER,CHAPRA MUNICIPAL CORPORATION,"NEAR MUNICIPAL CHOWK, CHAPRA, SARAN",ABDUL HAMID,MUNICIPAL COMMISSIONER,BEGUSARAI MUNICIPAL CORPORATION,6000.0,750.0,590.0,True,"{'Flood': 0, 'Embankment': 0, 'embkt': 0, 'Relief': 0, 'Erosion': 0, 'SDRF': 0, 'Inundation': 0, 'Hydrology': 0, 'Silt': 0, 'Siltation': 0, 'Bund': 0, 'Trench': 0, 'Breach': 0, 'Culvert': 0, 'Sluice': 0, 'Dyke': 0, 'Storm water drain': 0, 'Emergency': 0, 'Immediate': 0, 'IM': 0, 'AE': 0, 'A E': 0, 'AAPDA MITRA': 0, 'Bridge': 0, 'River': 0, 'Drain': 2, 'Restoration': 0, 'Protection': 0, 'irr': 0, 'irrigation': 0, 'dam': 0, 'Nallah': 0, 'Retrofitting': 0, 'Pond': 0, 'Pokhari': 0, 'D/C': 0, 'Recharge shaft': 0, 'LFB': 0, 'RFB': 0}","{'Floodlight': 0, 'Flood Light': 0, 'GAS': 0, 'FIFA': 0, 'pipe': 0, 'pipes': 0, 'covid': 0, 'supply': 0, 'Beautification': 0, 'Installation': 0}",,,False,True,Immediate Measures
4894,NIT-01/2020-21 Gr.-32,"Construction of Drain from Manoj Ray house to Randir Verma house in ward no.- 38 At Chapra Nagar Nigam, Chapra","Construction of Drain from Manoj Ray house to Randir Verma house in ward no.- 38 At Chapra Nagar Nigam, Chapra",777277.0,INR,INR,2020-09-21 04:10:50+00:00,2020-09-21T04:03:03.178000+00:00,2020-10-27T03:41:20+00:00,SANJAY KUMAR UPADHYAY,MUNICIPAL COMMISSIONER,CHAPRA MUNICIPAL CORPORATION,"NEAR MUNICIPAL CHOWK, CHAPRA, SARAN",ABDUL HAMID,MUNICIPAL COMMISSIONER,BEGUSARAI MUNICIPAL CORPORATION,15600.0,1250.0,590.0,True,"{'Flood': 0, 'Embankment': 0, 'embkt': 0, 'Relief': 0, 'Erosion': 0, 'SDRF': 0, 'Inundation': 0, 'Hydrology': 0, 'Silt': 0, 'Siltation': 0, 'Bund': 0, 'Trench': 0, 'Breach': 0, 'Culvert': 0, 'Sluice': 0, 'Dyke': 0, 'Storm water drain': 0, 'Emergency': 0, 'Immediate': 0, 'IM': 0, 'AE': 0, 'A E': 0, 'AAPDA MITRA': 0, 'Bridge': 0, 'River': 0, 'Drain': 2, 'Restoration': 0, 'Protection': 0, 'irr': 0, 'irrigation': 0, 'dam': 0, 'Nallah': 0, 'Retrofitting': 0, 'Pond': 0, 'Pokhari': 0, 'D/C': 0, 'Recharge shaft': 0, 'LFB': 0, 'RFB': 0}","{'Floodlight': 0, 'Flood Light': 0, 'GAS': 0, 'FIFA': 0, 'pipe': 0, 'pipes': 0, 'covid': 0, 'supply': 0, 'Beautification': 0, 'Installation': 0}",,,False,True,Immediate Measures
4892,NIT-01/2020-21 Gr.-29,"Construction of Drain And Paver Block Road  from Rest Part Ramdayal ji house to Bindu Singh house via Rambabu house or Budan Ray house in ward no.-36 At Chapra Nagar Nigam, Chapra","Construction of Drain And Paver Block Road  from Rest Part Ramdayal ji house to Bindu Singh house via Rambabu house or Budan Ray house in ward no.-36 At Chapra Nagar Nigam, Chapra",564550.0,INR,INR,2020-09-21 03:56:26+00:00,2020-09-21T03:48:46.483000+00:00,2020-10-27T03:50:50+00:00,SANJAY KUMAR UPADHYAY,MUNICIPAL COMMISSIONER,CHAPRA MUNICIPAL CORPORATION,"NEAR MUNICIPAL CHOWK, CHAPRA, SARAN",ABDUL HAMID,MUNICIPAL COMMISSIONER,BEGUSARAI MUNICIPAL CORPORATION,11300.0,1250.0,590.0,True,"{'Flood': 0, 'Embankment': 0, 'embkt': 0, 'Relief': 0, 'Erosion': 0, 'SDRF': 0, 'Inundation': 0, 'Hydrology': 0, 'Silt': 0, 'Siltation': 0, 'Bund': 0, 'Trench': 0, 'Breach': 0, 'Culvert': 0, 'Sluice': 0, 'Dyke': 0, 'Storm water drain': 0, 'Emergency': 0, 'Immediate': 0, 'IM': 0, 'AE': 0, 'A E': 0, 'AAPDA MITRA': 0, 'Bridge': 0, 'River': 0, 'Drain': 2, 'Restoration': 0, 'Protection': 0, 'irr': 0, 'irrigation': 0, 'dam': 0, 'Nallah': 0, 'Retrofitting': 0, 'Pond': 0, 'Pokhari': 0, 'D/C': 0, 'Recharge shaft': 0, 'LFB': 0, 'RFB': 0}","{'Floodlight': 0, 'Flood Light': 0, 'GAS': 0, 'FIFA': 0, 'pipe': 0, 'pipes': 0, 'covid': 0, 'supply': 0, 'Beautification': 0, 'Installation': 0}",,,False,True,Immediate Measures
4897,NIT-01/2020-21 Gr.-35,"Construction of Drain And Paver Block Road  from Ramesh ji (or) Rajan ji house to Sunil Jaysawal house via Mangal Ray house  in ward no.-38 At Chapra Nagar Nigam, Chapra","Construction of Drain And Paver Block Road  from Ramesh ji (or) Rajan ji house to Sunil Jaysawal house via Mangal Ray house  in ward no.-38 At Chapra Nagar Nigam, Chapra",382143.0,INR,INR,2020-09-21 05:00:37+00:00,2020-09-21T04:45:03.752000+00:00,2020-10-16T01:43:25+00:00,SANJAY KUMAR UPADHYAY,MUNICIPAL COMMISSIONER,CHAPRA MUNICIPAL CORPORATION,"NEAR MUNICIPAL CHOWK, CHAPRA, SARAN",ABDUL HAMID,MUNICIPAL COMMISSIONER,BEGUSARAI MUNICIPAL CORPORATION,7700.0,750.0,590.0,True,"{'Flood': 0, 'Embankment': 0, 'embkt': 0, 'Relief': 0, 'Erosion': 0, 'SDRF': 0, 'Inundation': 0, 'Hydrology': 0, 'Silt': 0, 'Siltation': 0, 'Bund': 0, 'Trench': 0, 'Breach': 0, 'Culvert': 0, 'Sluice': 0, 'Dyke': 0, 'Storm water drain': 0, 'Emergency': 0, 'Immediate': 0, 'IM': 0, 'AE': 0, 'A E': 0, 'AAPDA MITRA': 0, 'Bridge': 0, 'River': 0, 'Drain': 2, 'Restoration': 0, 'Protection': 0, 'irr': 0, 'irrigation': 0, 'dam': 0, 'Nallah': 0, 'Retrofitting': 0, 'Pond': 0, 'Pokhari': 0, 'D/C': 0, 'Recharge shaft': 0, 'LFB': 0, 'RFB': 0}","{'Floodlight': 0, 'Flood Light': 0, 'GAS': 0, 'FIFA': 0, 'pipe': 0, 'pipes': 0, 'covid': 0, 'supply': 0, 'Beautification': 0, 'Installation': 0}",,,False,True,Immediate Measures
4895,NIT-01/2020-21 Gr.-33,"Construction of Drain And Paver Block Road  from Late Hiralal house to Prabhu Ray house in ward no.-38 At Chapra Nagar Nigam, Chapra","Construction of Drain And Paver Block Road  from Late Hiralal house to Prabhu Ray house in ward no.-38 At Chapra Nagar Nigam, Chapra",594654.0,INR,INR,2020-09-21 04:36:24+00:00,2020-09-21T04:11:19.345000+00:00,2020-10-16T03:03:45+00:00,SANJAY KUMAR UPADHYAY,MUNICIPAL COMMISSIONER,CHAPRA MUNICIPAL CORPORATION,"NEAR MUNICIPAL CHOWK, CHAPRA, SARAN",ABDUL HAMID,MUNICIPAL COMMISSIONER,BEGUSARAI MUNICIPAL CORPORATION,11900.0,1250.0,590.0,True,"{'Flood': 0, 'Embankment': 0, 'embkt': 0, 'Relief': 0, 'Erosion': 0, 'SDRF': 0, 'Inundation': 0, 'Hydrology': 0, 'Silt': 0, 'Siltation': 0, 'Bund': 0, 'Trench': 0, 'Breach': 0, 'Culvert': 0, 'Sluice': 0, 'Dyke': 0, 'Storm water drain': 0, 'Emergency': 0, 'Immediate': 0, 'IM': 0, 'AE': 0, 'A E': 0, 'AAPDA MITRA': 0, 'Bridge': 0, 'River': 0, 'Drain': 2, 'Restoration': 0, 'Protection': 0, 'irr': 0, 'irrigation': 0, 'dam': 0, 'Nallah': 0, 'Retrofitting': 0, 'Pond': 0, 'Pokhari': 0, 'D/C': 0, 'Recharge shaft': 0, 'LFB': 0, 'RFB': 0}","{'Floodlight': 0, 'Flood Light': 0, 'GAS': 0, 'FIFA': 0, 'pipe': 0, 'pipes': 0, 'covid': 0, 'supply': 0, 'Beautification': 0, 'Installation': 0}",,,False,True,Immediate Measures
4896,NIT-01/2020-21 Gr.-34,"Construction of Drain And Paver Block Road  from Thakur ji house to Lala Toli Gachhi via lalu Sriwastaw in ward no.-38 At Chapra Nagar Nigam, Chapra","Construction of Drain And Paver Block Road  from Thakur ji house to Lala Toli Gachhi via lalu Sriwastaw in ward no.-38 At Chapra Nagar Nigam, Chapra",1364477.0,INR,INR,2020-09-21 04:44:14+00:00,2020-09-21T04:37:46.752000+00:00,2020-10-16T01:58:05+00:00,SANJAY KUMAR UPADHYAY,MUNICIPAL COMMISSIONER,CHAPRA MUNICIPAL CORPORATION,"NEAR MUNICIPAL CHOWK, CHAPRA, SARAN",ABDUL HAMID,MUNICIPAL COMMISSIONER,BEGUSARAI MUNICIPAL CORPORATION,27300.0,5000.0,590.0,True,"{'Flood': 0, 'Embankment': 0, 'embkt': 0, 'Relief': 0, 'Erosion': 0, 'SDRF': 0, 'Inundation': 0, 'Hydrology': 0, 'Silt': 0, 'Siltation': 0, 'Bund': 0, 'Trench': 0, 'Breach': 0, 'Culvert': 0, 'Sluice': 0, 'Dyke': 0, 'Storm water drain': 0, 'Emergency': 0, 'Immediate': 0, 'IM': 0, 'AE': 0, 'A E': 0, 'AAPDA MITRA': 0, 'Bridge': 0, 'River': 0, 'Drain': 2, 'Restoration': 0, 'Protection': 0, 'irr': 0, 'irrigation': 0, 'dam': 0, 'Nallah': 0, 'Retrofitting': 0, 'Pond': 0, 'Pokhari': 0, 'D/C': 0, 'Recharge shaft': 0, 'LFB': 0, 'RFB': 0}","{'Floodlight': 0, 'Flood Light': 0, 'GAS': 0, 'FIFA': 0, 'pipe': 0, 'pipes': 0, 'covid': 0, 'supply': 0, 'Beautification': 0, 'Installation': 0}",,,False,True,Immediate Measures
4898,NIT-01/2020-21 Gr.-36,"Construction of Drain And Paver Block Road  from Mahtab ji house to rais ji house via Masjid & laila house  in ward no.-38 At Chapra Nagar Nigam, Chapra","Construction of Drain And Paver Block Road  from Mahtab ji house to rais ji house via Masjid & laila house  in ward no.-38 At Chapra Nagar Nigam, Chapra",1742557.0,INR,INR,2020-09-21 05:13:18+00:00,2020-09-21T05:01:03.280000+00:00,2020-10-12T02:25:23+00:00,SANJAY KUMAR UPADHYAY,MUNICIPAL COMMISSIONER,CHAPRA MUNICIPAL CORPORATION,"NEAR MUNICIPAL CHOWK, CHAPRA, SARAN",ABDUL HAMID,MUNICIPAL COMMISSIONER,BEGUSARAI MUNICIPAL CORPORATION,34900.0,5000.0,590.0,True,"{'Flood': 0, 'Embankment': 0, 'embkt': 0, 'Relief': 0, 'Erosion': 0, 'SDRF': 0, 'Inundation': 0, 'Hydrology': 0, 'Silt': 0, 'Siltation': 0, 'Bund': 0, 'Trench': 0, 'Breach': 0, 'Culvert': 0, 'Sluice': 0, 'Dyke': 0, 'Storm water drain': 0, 'Emergency': 0, 'Immediate': 0, 'IM': 0, 'AE': 0, 'A E': 0, 'AAPDA MITRA': 0, 'Bridge': 0, 'River': 0, 'Drain': 2, 'Restoration': 0, 'Protection': 0, 'irr': 0, 'irrigation': 0, 'dam': 0, 'Nallah': 0, 'Retrofitting': 0, 'Pond': 0, 'Pokhari': 0, 'D/C': 0, 'Recharge shaft': 0, 'LFB': 0, 'RFB': 0}","{'Floodlight': 0, 'Flood Light': 0, 'GAS': 0, 'FIFA': 0, 'pipe': 0, 'pipes': 0, 'covid': 0, 'supply': 0, 'Beautification': 0, 'Installation': 0}",,,False,True,Immediate Measures
4902,01/2020-21/ID/BIJKHORBA/GROU 1,BOX TYPE BRIDGE PROTECTION WALL OUTLET/INLET AT CHAIN 243.00 OVER LOHAGARH NALA,BOX TYPE BRIDGE PROTECTION WALL OUTLET/INLET AT CHAIN 243.00 OVER LOHAGARH NALA,2395551.0,INR,INR,2020-09-21 07:19:51+00:00,2020-09-21T07:01:23.667000+00:00,2021-06-26T09:57:53+00:00,MANOJ KUMAR,EE,WATER RESOURCES DEPARTMENT,"IRRIGATION DIVISION, BIJIKHORWA",SHAILENDRA,"CE, FLOOD CONTROL AND DRAINAGE, PATNA",WATER RESOURCES DEPARTMENT,48000.0,5000.0,590.0,True,"{'Flood': 0, 'Embankment': 0, 'embkt': 0, 'Relief': 0, 'Erosion': 0, 'SDRF': 0, 'Inundation': 0, 'Hydrology': 0, 'Silt': 0, 'Siltation': 0, 'Bund': 0, 'Trench': 0, 'Breach': 0, 'Culvert': 0, 'Sluice': 0, 'Dyke': 0, 'Storm water drain': 0, 'Emergency': 0, 'Immediate': 0, 'IM': 0, 'AE': 0, 'A E': 0, 'AAPDA MITRA': 0, 'Bridge': 2, 'River': 0, 'Drain': 0, 'Restoration': 0, 'Protection': 2, 'irr': 0, 'irrigation': 0, 'dam': 0, 'Nallah': 0, 'Retrofitting': 0, 'Pond': 0, 'Pokhari': 0, 'D/C': 0, 'Recharge shaft': 0, 'LFB': 0, 'RFB': 0}","{'Floodlight': 0, 'Flood Light': 0, 'GAS': 0, 'FIFA': 0, 'pipe': 0, 'pipes': 0, 'covid': 0, 'supply': 0, 'Beautification': 0, 'Installation': 0}",,,False,True,Immediate Measures
4905,NIT-02-NPSUPAUL/GROUP-07,Construction of Drain from NH327E to GST office Under N.P Supaul,Construction of Drain from NH327E to GST office Under N.P Supaul,776875.0,INR,INR,2020-09-21 07:22:50+00:00,2020-09-21T07:16:20.579000+00:00,2021-01-31T12:06:09+00:00,ARVIND KUMAR SINGH,Executive Offier Nagar Parishad Supaul,Nagar Parishad Supaul,Ward no 04 Near Bus Stand Supaul,Bhawesh kumar,Executive Officer Nagar Parishad Supaul,Nagar Parishad Supaul,16000.0,5000.0,590.0,True,"{'Flood': 0, 'Embankment': 0, 'embkt': 0, 'Relief': 0, 'Erosion': 0, 'SDRF': 0, 'Inundation': 0, 'Hydrology': 0, 'Silt': 0, 'Siltation': 0, 'Bund': 0, 'Trench': 0, 'Breach': 0, 'Culvert': 0, 'Sluice': 0, 'Dyke': 0, 'Storm water drain': 0, 'Emergency': 0, 'Immediate': 0, 'IM': 0, 'AE': 0, 'A E': 0, 'AAPDA MITRA': 0, 'Bridge': 0, 'River': 0, 'Drain': 2, 'Restoration': 0, 'Protection': 0, 'irr': 0, 'irrigation': 0, 'dam': 0, 'Nallah': 0, 'Retrofitting': 0, 'Pond': 0, 'Pokhari': 0, 'D/C': 0, 'Recharge shaft': 0, 'LFB': 0, 'RFB': 0}","{'Floodlight': 0, 'Flood Light': 0, 'GAS': 0, 'FIFA': 0, 'pipe': 0, 'pipes': 0, 'covid': 0, 'supply': 0, 'Beautification': 0, 'Installation': 0}",,,False,True,Immediate Measures
4909,NIT-02-NPSUPAUL/GROUP-10,Construction of Drain and road from Manoj agrawal house to Arun choudhary house at Ward no 8 Under N.P. Supaul,Construction of Drain and road from Manoj agrawal house to Arun choudhary house at Ward no 8 Under N.P. Supaul,2243659.0,INR,INR,2020-09-21 07:57:26+00:00,2020-09-21T07:53:33.127000+00:00,2021-01-31T11:55:46+00:00,ARVIND KUMAR SINGH,Executive Offier Nagar Parishad Supaul,Nagar Parishad Supaul,Ward no 04 Near Bus Stand Supaul,Bhawesh kumar,Executive Officer Nagar Parishad Supaul,Nagar Parishad Supaul,46000.0,5000.0,590.0,True,"{'Flood': 0, 'Embankment': 0, 'embkt': 0, 'Relief': 0, 'Erosion': 0, 'SDRF': 0, 'Inundation': 0, 'Hydrology': 0, 'Silt': 0, 'Siltation': 0, 'Bund': 0, 'Trench': 0, 'Breach': 0, 'Culvert': 0, 'Sluice': 0, 'Dyke': 0, 'Storm water drain': 0, 'Emergency': 0, 'Immediate': 0, 'IM': 0, 'AE': 0, 'A E': 0, 'AAPDA MITRA': 0, 'Bridge': 0, 'River': 0, 'Drain': 2, 'Restoration': 0, 'Protection': 0, 'irr': 0, 'irrigation': 0, 'dam': 0, 'Nallah': 0, 'Retrofitting': 0, 'Pond': 0, 'Pokhari': 0, 'D/C': 0, 'Recharge shaft': 0, 'LFB': 0, 'RFB': 0}","{'Floodlight': 0, 'Flood Light': 0, 'GAS': 0, 'FIFA': 0, 'pipe': 0, 'pipes': 0, 'covid': 0, 'supply': 0, 'Beautification': 0, 'Installation': 0}",,,False,True,Immediate Measures
4906,NIT-02-NPSUPAUL/GROUP-08,Construction of Drain from Jugeshwar yadav house to BUIDCO drain under N.P.Supaul,Construction of Drain from Jugeshwar yadav house to BUIDCO drain under N.P.Supaul,1703999.0,INR,INR,2020-09-21 07:29:52+00:00,2020-09-21T07:23:15.717000+00:00,2023-05-08T12:29:18+00:00,ARVIND KUMAR SINGH,Executive Offier Nagar Parishad Supaul,Nagar Parishad Supaul,Ward no 04 Near Bus Stand Supaul,Bhawesh kumar,Executive Officer Nagar Parishad Supaul,Nagar Parishad Supaul,36000.0,5000.0,590.0,True,"{'Flood': 0, 'Embankment': 0, 'embkt': 0, 'Relief': 0, 'Erosion': 0, 'SDRF': 0, 'Inundation': 0, 'Hydrology': 0, 'Silt': 0, 'Siltation': 0, 'Bund': 0, 'Trench': 0, 'Breach': 0, 'Culvert': 0, 'Sluice': 0, 'Dyke': 0, 'Storm water drain': 0, 'Emergency': 0, 'Immediate': 0, 'IM': 0, 'AE': 0, 'A E': 0, 'AAPDA MITRA': 0, 'Bridge': 0, 'River': 0, 'Drain': 4, 'Restoration': 0, 'Protection': 0, 'irr': 0, 'irrigation': 0, 'dam': 0, 'Nallah': 0, 'Retrofitting': 0, 'Pond': 0, 'Pokhari': 0, 'D/C': 0, 'Recharge shaft': 0, 'LFB': 0, 'RFB': 0}","{'Floodlight': 0, 'Flood Light': 0, 'GAS': 0, 'FIFA': 0, 'pipe': 0, 'pipes': 0, 'covid': 0, 'supply': 0, 'Beautification': 0, 'Installation': 0}",,,False,True,Immediate Measures
4911,NIT-02-NPSUPAUL/GROUP-12,Construction of drain from NH327E bridge to NP Culvert at Ward no 08 Under N.P. Supaul,Construction of drain from NH327E bridge to NP Culvert at Ward no 08 Under N.P. Supaul,1269231.0,INR,INR,2020-09-21 08:11:15+00:00,2020-09-21T08:05:31.733000+00:00,2021-01-31T11:37:36+00:00,ARVIND KUMAR SINGH,Executive Offier Nagar Parishad Supaul,Nagar Parishad Supaul,Ward no 04 Near Bus Stand Supaul,Bhawesh kumar,Executive Officer Nagar Parishad Supaul,Nagar Parishad Supaul,26000.0,2500.0,590.0,True,"{'Flood': 0, 'Embankment': 0, 'embkt': 0, 'Relief': 0, 'Erosion': 0, 'SDRF': 0, 'Inundation': 0, 'Hydrology': 0, 'Silt': 0, 'Siltation': 0, 'Bund': 0, 'Trench': 0, 'Breach': 0, 'Culvert': 2, 'Sluice': 0, 'Dyke': 0, 'Storm water drain': 0, 'Emergency': 0, 'Immediate': 0, 'IM': 0, 'AE': 0, 'A E': 0, 'AAPDA MITRA': 0, 'Bridge': 2, 'River': 0, 'Drain': 2, 'Restoration': 0, 'Protection': 0, 'irr': 0, 'irrigation': 0, 'dam': 0, 'Nallah': 0, 'Retrofitting': 0, 'Pond': 0, 'Pokhari': 0, 'D/C': 0, 'Recharge shaft': 0, 'LFB': 0, 'RFB': 0}","{'Floodlight': 0, 'Flood Light': 0, 'GAS': 0, 'FIFA': 0, 'pipe': 0, 'pipes': 0, 'covid': 0, 'supply': 0, 'Beautification': 0, 'Installation': 0}",,,False,True,Immediate Measures
4915,NIT-01/2020-21 Gr.-37,"Construction of Drain And Paver Block Road  from Siya Ram Ray house to Goriya Toli P.C.C. Road in ward no.-39 At Chapra Nagar Nigam, Chapra","Construction of Drain And Paver Block Road  from Siya Ram Ray house to Goriya Toli P.C.C. Road in ward no.-39 At Chapra Nagar Nigam, Chapra",380787.0,INR,INR,2020-09-21 08:32:54+00:00,2020-09-21T08:26:22.804000+00:00,2020-10-12T02:18:24+00:00,SANJAY KUMAR UPADHYAY,MUNICIPAL COMMISSIONER,CHAPRA MUNICIPAL CORPORATION,"NEAR MUNICIPAL CHOWK, CHAPRA, SARAN",ABDUL HAMID,MUNICIPAL COMMISSIONER,BEGUSARAI MUNICIPAL CORPORATION,7700.0,750.0,590.0,True,"{'Flood': 0, 'Embankment': 0, 'embkt': 0, 'Relief': 0, 'Erosion': 0, 'SDRF': 0, 'Inundation': 0, 'Hydrology': 0, 'Silt': 0, 'Siltation': 0, 'Bund': 0, 'Trench': 0, 'Breach': 0, 'Culvert': 0, 'Sluice': 0, 'Dyke': 0, 'Storm water drain': 0, 'Emergency': 0, 'Immediate': 0, 'IM': 0, 'AE': 0, 'A E': 0, 'AAPDA MITRA': 0, 'Bridge': 0, 'River': 0, 'Drain': 2, 'Restoration': 0, 'Protection': 0, 'irr': 0, 'irrigation': 0, 'dam': 0, 'Nallah': 0, 'Retrofitting': 0, 'Pond': 0, 'Pokhari': 0, 'D/C': 0, 'Recharge shaft': 0, 'LFB': 0, 'RFB': 0}","{'Floodlight': 0, 'Flood Light': 0, 'GAS': 0, 'FIFA': 0, 'pipe': 0, 'pipes': 0, 'covid': 0, 'supply': 0, 'Beautification': 0, 'Installation': 0}",,,False,True,Immediate Measures
4910,NIT-02-NPSUPAUL/GROUP-11,Construction of road and drain from Nauana Kachahari road to sanjay singh house at Ward n o08 Under N.P. Supaul,Construction of road and drain from Nauana Kachahari road to sanjay singh house at Ward n o08 Under N.P. Supaul,1508353.0,INR,INR,2020-09-21 08:04:07+00:00,2020-09-21T07:58:28.131000+00:00,2022-09-09T12:06:50+00:00,ARVIND KUMAR SINGH,Executive Offier Nagar Parishad Supaul,Nagar Parishad Supaul,Ward no 04 Near Bus Stand Supaul,Bhawesh kumar,Executive Officer Nagar Parishad Supaul,Nagar Parishad Supaul,32000.0,5000.0,590.0,True,"{'Flood': 0, 'Embankment': 0, 'embkt': 0, 'Relief': 0, 'Erosion': 0, 'SDRF': 0, 'Inundation': 0, 'Hydrology': 0, 'Silt': 0, 'Siltation': 0, 'Bund': 0, 'Trench': 0, 'Breach': 0, 'Culvert': 0, 'Sluice': 0, 'Dyke': 0, 'Storm water drain': 0, 'Emergency': 0, 'Immediate': 0, 'IM': 0, 'AE': 0, 'A E': 0, 'AAPDA MITRA': 0, 'Bridge': 0, 'River': 0, 'Drain': 2, 'Restoration': 0, 'Protection': 0, 'irr': 0, 'irrigation': 0, 'dam': 0, 'Nallah': 0, 'Retrofitting': 0, 'Pond': 0, 'Pokhari': 0, 'D/C': 0, 'Recharge shaft': 0, 'LFB': 0, 'RFB': 0}","{'Floodlight': 0, 'Flood Light': 0, 'GAS': 0, 'FIFA': 0, 'pipe': 0, 'pipes': 0, 'covid': 0, 'supply': 0, 'Beautification': 0, 'Installation': 0}",,,False,True,Immediate Measures
4912,NIT-02-NPSUPAUL/GROUP-13,Construction of drain and road from Bijay agrawal house to Binay bhushan singh house via Tejnarayan gupta house at Ward no 09 Under N.P. Supaul,Construction of drain and road from Bijay agrawal house to Binay bhushan singh house via Tejnarayan gupta house at Ward no 09 Under N.P. Supaul,1515968.0,INR,INR,2020-09-21 08:15:42+00:00,2020-09-21T08:11:43.048000+00:00,2022-09-10T11:14:26+00:00,ARVIND KUMAR SINGH,Executive Offier Nagar Parishad Supaul,Nagar Parishad Supaul,Ward no 04 Near Bus Stand Supaul,Bhawesh kumar,Executive Officer Nagar Parishad Supaul,Nagar Parishad Supaul,32000.0,5000.0,590.0,True,"{'Flood': 0, 'Embankment': 0, 'embkt': 0, 'Relief': 0, 'Erosion': 0, 'SDRF': 0, 'Inundation': 0, 'Hydrology': 0, 'Silt': 0, 'Siltation': 0, 'Bund': 0, 'Trench': 0, 'Breach': 0, 'Culvert': 0, 'Sluice': 0, 'Dyke': 0, 'Storm water drain': 0, 'Emergency': 0, 'Immediate': 0, 'IM': 0, 'AE': 0, 'A E': 0, 'AAPDA MITRA': 0, 'Bridge': 0, 'River': 0, 'Drain': 2, 'Restoration': 0, 'Protection': 0, 'irr': 0, 'irrigation': 0, 'dam': 0, 'Nallah': 0, 'Retrofitting': 0, 'Pond': 0, 'Pokhari': 0, 'D/C': 0, 'Recharge shaft': 0, 'LFB': 0, 'RFB': 0}","{'Floodlight': 0, 'Flood Light': 0, 'GAS': 0, 'FIFA': 0, 'pipe': 0, 'pipes': 0, 'covid': 0, 'supply': 0, 'Beautification': 0, 'Installation': 0}",,,False,True,Immediate Measures
4919,NIT-02-NPSUPAUL/GROUP-17,Construction of drain from South hathkhola road to Shivdhari marik house at Ward no 10 Under N.P. Supaul,Construction of drain from South hathkhola road to Shivdhari marik house at Ward no 10 Under N.P. Supaul,28870.0,INR,INR,2020-09-21 08:44:50+00:00,2020-09-21T08:41:16.739000+00:00,2024-11-30T08:24:11+00:00,ARVIND KUMAR SINGH,Executive Offier Nagar Parishad Supaul,Nagar Parishad Supaul,Ward no 04 Near Bus Stand Supaul,Bhawesh kumar,Executive Officer Nagar Parishad Supaul,Nagar Parishad Supaul,600.0,500.0,590.0,True,"{'Flood': 0, 'Embankment': 0, 'embkt': 0, 'Relief': 0, 'Erosion': 0, 'SDRF': 0, 'Inundation': 0, 'Hydrology': 0, 'Silt': 0, 'Siltation': 0, 'Bund': 0, 'Trench': 0, 'Breach': 0, 'Culvert': 0, 'Sluice': 0, 'Dyke': 0, 'Storm water drain': 0, 'Emergency': 0, 'Immediate': 0, 'IM': 0, 'AE': 0, 'A E': 0, 'AAPDA MITRA': 0, 'Bridge': 0, 'River': 0, 'Drain': 2, 'Restoration': 0, 'Protection': 0, 'irr': 0, 'irrigation': 0, 'dam': 0, 'Nallah': 0, 'Retrofitting': 0, 'Pond': 0, 'Pokhari': 0, 'D/C': 0, 'Recharge shaft': 0, 'LFB': 0, 'RFB': 0}","{'Floodlight': 0, 'Flood Light': 0, 'GAS': 0, 'FIFA': 0, 'pipe': 0, 'pipes': 0, 'covid': 0, 'supply': 0, 'Beautification': 0, 'Installation': 0}",,,False,True,Immediate Measures
4917,NIT-01/2020-21 Gr.-38,"Construction of Drain And P.C.C. Road  from End of Ramakant Ray house to Goriya Toli P.C.C. Road via Shankar Ray house in ward no.-39 At Chapra Nagar Nigam, Chapra","Construction of Drain And P.C.C. Road  from End of Ramakant Ray house to Goriya Toli P.C.C. Road via Shankar Ray house in ward no.-39 At Chapra Nagar Nigam, Chapra",521765.0,INR,INR,2020-09-21 14:53:15+00:00,2020-09-21T08:33:21.158000+00:00,2020-10-12T02:11:56+00:00,SANJAY KUMAR UPADHYAY,MUNICIPAL COMMISSIONER,CHAPRA MUNICIPAL CORPORATION,"NEAR MUNICIPAL CHOWK, CHAPRA, SARAN",ABDUL HAMID,MUNICIPAL COMMISSIONER,BEGUSARAI MUNICIPAL CORPORATION,10500.0,1250.0,590.0,True,"{'Flood': 0, 'Embankment': 0, 'embkt': 0, 'Relief': 0, 'Erosion': 0, 'SDRF': 0, 'Inundation': 0, 'Hydrology': 0, 'Silt': 0, 'Siltation': 0, 'Bund': 0, 'Trench': 0, 'Breach': 0, 'Culvert': 0, 'Sluice': 0, 'Dyke': 0, 'Storm water drain': 0, 'Emergency': 0, 'Immediate': 0, 'IM': 0, 'AE': 0, 'A E': 0, 'AAPDA MITRA': 0, 'Bridge': 0, 'River': 0, 'Drain': 2, 'Restoration': 0, 'Protection': 0, 'irr': 0, 'irrigation': 0, 'dam': 0, 'Nallah': 0, 'Retrofitting': 0, 'Pond': 0, 'Pokhari': 0, 'D/C': 0, 'Recharge shaft': 0, 'LFB': 0, 'RFB': 0}","{'Floodlight': 0, 'Flood Light': 0, 'GAS': 0, 'FIFA': 0, 'pipe': 0, 'pipes': 0, 'covid': 0, 'supply': 0, 'Beautification': 0, 'Installation': 0}",,,False,True,Immediate Measures
4918,NIT-02-NPSUPAUL/GROUP-16,Construction of drain and road from Ratan singh hose to Late Sushil datt house at Ward no 09 Under N.P. Supaul,Construction of drain and road from Ratan singh hose to Late Sushil datt house at Ward no 09 Under N.P. Supaul,581412.0,INR,INR,2020-09-21 08:40:47+00:00,2020-09-21T08:37:00.917000+00:00,2021-01-31T04:52:20+00:00,ARVIND KUMAR SINGH,Executive Offier Nagar Parishad Supaul,Nagar Parishad Supaul,Ward no 04 Near Bus Stand Supaul,Bhawesh kumar,Executive Officer Nagar Parishad Supaul,Nagar Parishad Supaul,12000.0,1250.0,590.0,True,"{'Flood': 0, 'Embankment': 0, 'embkt': 0, 'Relief': 0, 'Erosion': 0, 'SDRF': 0, 'Inundation': 0, 'Hydrology': 0, 'Silt': 0, 'Siltation': 0, 'Bund': 0, 'Trench': 0, 'Breach': 0, 'Culvert': 0, 'Sluice': 0, 'Dyke': 0, 'Storm water drain': 0, 'Emergency': 0, 'Immediate': 0, 'IM': 0, 'AE': 0, 'A E': 0, 'AAPDA MITRA': 0, 'Bridge': 0, 'River': 0, 'Drain': 2, 'Restoration': 0, 'Protection': 0, 'irr': 0, 'irrigation': 0, 'dam': 0, 'Nallah': 0, 'Retrofitting': 0, 'Pond': 0, 'Pokhari': 0, 'D/C': 0, 'Recharge shaft': 0, 'LFB': 0, 'RFB': 0}","{'Floodlight': 0, 'Flood Light': 0, 'GAS': 0, 'FIFA': 0, 'pipe': 0, 'pipes': 0, 'covid': 0, 'supply': 0, 'Beautification': 0, 'Installation': 0}",,,False,True,Immediate Measures
4921,NIT-02-NPSUPAUL/GROUP-19,Construction of road and drain arriage from Dr. Ajit srivastav house to Mahavir chowk at Ward no 10 Under N.P. Supaul,Construction of road and drain arriage from Dr. Ajit srivastav house to Mahavir chowk at Ward no 10 Under N.P. Supaul,1236379.0,INR,INR,2020-09-21 08:53:21+00:00,2020-09-21T08:50:10.935000+00:00,2023-01-16T11:45:55+00:00,ARVIND KUMAR SINGH,Executive Offier Nagar Parishad Supaul,Nagar Parishad Supaul,Ward no 04 Near Bus Stand Supaul,Bhawesh kumar,Executive Officer Nagar Parishad Supaul,Nagar Parishad Supaul,26000.0,2500.0,590.0,True,"{'Flood': 0, 'Embankment': 0, 'embkt': 0, 'Relief': 0, 'Erosion': 0, 'SDRF': 0, 'Inundation': 0, 'Hydrology': 0, 'Silt': 0, 'Siltation': 0, 'Bund': 0, 'Trench': 0, 'Breach': 0, 'Culvert': 0, 'Sluice': 0, 'Dyke': 0, 'Storm water drain': 0, 'Emergency': 0, 'Immediate': 0, 'IM': 0, 'AE': 0, 'A E': 0, 'AAPDA MITRA': 0, 'Bridge': 0, 'River': 0, 'Drain': 2, 'Restoration': 0, 'Protection': 0, 'irr': 0, 'irrigation': 0, 'dam': 0, 'Nallah': 0, 'Retrofitting': 0, 'Pond': 0, 'Pokhari': 0, 'D/C': 0, 'Recharge shaft': 0, 'LFB': 0, 'RFB': 0}","{'Floodlight': 0, 'Flood Light': 0, 'GAS': 0, 'FIFA': 0, 'pipe': 0, 'pipes': 0, 'covid': 0, 'supply': 0, 'Beautification': 0, 'Installation': 0}",,,False,True,Immediate Measures
4923,NIT-02-NPSUPAUL/GROUP-20,Construction of road and arriage drain from Satendra singh house to Prabhakar mukharji house at Ward no 10 Under N.P. Supaul,Construction of road and arriage drain from Satendra singh house to Prabhakar mukharji house at Ward no 10 Under N.P. Supaul,186798.0,INR,INR,2020-09-21 08:56:55+00:00,2020-09-21T08:53:40.246000+00:00,2023-01-16T11:59:10+00:00,ARVIND KUMAR SINGH,Executive Offier Nagar Parishad Supaul,Nagar Parishad Supaul,Ward no 04 Near Bus Stand Supaul,Bhawesh kumar,Executive Officer Nagar Parishad Supaul,Nagar Parishad Supaul,4000.0,500.0,590.0,True,"{'Flood': 0, 'Embankment': 0, 'embkt': 0, 'Relief': 0, 'Erosion': 0, 'SDRF': 0, 'Inundation': 0, 'Hydrology': 0, 'Silt': 0, 'Siltation': 0, 'Bund': 0, 'Trench': 0, 'Breach': 0, 'Culvert': 0, 'Sluice': 0, 'Dyke': 0, 'Storm water drain': 0, 'Emergency': 0, 'Immediate': 0, 'IM': 0, 'AE': 0, 'A E': 0, 'AAPDA MITRA': 0, 'Bridge': 0, 'River': 0, 'Drain': 2, 'Restoration': 0, 'Protection': 0, 'irr': 0, 'irrigation': 0, 'dam': 0, 'Nallah': 0, 'Retrofitting': 0, 'Pond': 0, 'Pokhari': 0, 'D/C': 0, 'Recharge shaft': 0, 'LFB': 0, 'RFB': 0}","{'Floodlight': 0, 'Flood Light': 0, 'GAS': 0, 'FIFA': 0, 'pipe': 0, 'pipes': 0, 'covid': 0, 'supply': 0, 'Beautification': 0, 'Installation': 0}",,,False,True,Immediate Measures
4920,NIT-02-NPSUPAUL/GROUP-18,Construction of drain and road from Patel chowk to Bepar sangh at Ward no 10 Under N.P. Supaul,Construction of drain and road from Patel chowk to Bepar sangh at Ward no 10 Under N.P. Supaul,2498093.0,INR,INR,2020-09-21 08:48:46+00:00,2020-09-21T08:45:16.774000+00:00,2022-09-22T10:51:02+00:00,ARVIND KUMAR SINGH,Executive Offier Nagar Parishad Supaul,Nagar Parishad Supaul,Ward no 04 Near Bus Stand Supaul,Bhawesh kumar,Executive Officer Nagar Parishad Supaul,Nagar Parishad Supaul,50000.0,5000.0,590.0,True,"{'Flood': 0, 'Embankment': 0, 'embkt': 0, 'Relief': 0, 'Erosion': 0, 'SDRF': 0, 'Inundation': 0, 'Hydrology': 0, 'Silt': 0, 'Siltation': 0, 'Bund': 0, 'Trench': 0, 'Breach': 0, 'Culvert': 0, 'Sluice': 0, 'Dyke': 0, 'Storm water drain': 0, 'Emergency': 0, 'Immediate': 0, 'IM': 0, 'AE': 0, 'A E': 0, 'AAPDA MITRA': 0, 'Bridge': 0, 'River': 0, 'Drain': 2, 'Restoration': 0, 'Protection': 0, 'irr': 0, 'irrigation': 0, 'dam': 0, 'Nallah': 0, 'Retrofitting': 0, 'Pond': 0, 'Pokhari': 0, 'D/C': 0, 'Recharge shaft': 0, 'LFB': 0, 'RFB': 0}","{'Floodlight': 0, 'Flood Light': 0, 'GAS': 0, 'FIFA': 0, 'pipe': 0, 'pipes': 0, 'covid': 0, 'supply': 0, 'Beautification': 0, 'Installation': 0}",,,False,True,Immediate Measures
4914,NIT-02-NPSUPAUL/GROUP-14,Construction of drain and road from jagdev singh house to Aramil at Ward no 09 Under N.P. Supaul,Construction of drain and road from jagdev singh house to Aramil at Ward no 09 Under N.P. Supaul,1764234.0,INR,INR,2020-09-21 08:31:49+00:00,2020-09-21T08:16:11.483000+00:00,2022-09-09T11:52:22+00:00,ARVIND KUMAR SINGH,Executive Offier Nagar Parishad Supaul,Nagar Parishad Supaul,Ward no 04 Near Bus Stand Supaul,Bhawesh kumar,Executive Officer Nagar Parishad Supaul,Nagar Parishad Supaul,36000.0,5000.0,590.0,True,"{'Flood': 0, 'Embankment': 0, 'embkt': 0, 'Relief': 0, 'Erosion': 0, 'SDRF': 0, 'Inundation': 0, 'Hydrology': 0, 'Silt': 0, 'Siltation': 0, 'Bund': 0, 'Trench': 0, 'Breach': 0, 'Culvert': 0, 'Sluice': 0, 'Dyke': 0, 'Storm water drain': 0, 'Emergency': 0, 'Immediate': 0, 'IM': 0, 'AE': 0, 'A E': 0, 'AAPDA MITRA': 0, 'Bridge': 0, 'River': 0, 'Drain': 2, 'Restoration': 0, 'Protection': 0, 'irr': 0, 'irrigation': 0, 'dam': 0, 'Nallah': 0, 'Retrofitting': 0, 'Pond': 0, 'Pokhari': 0, 'D/C': 0, 'Recharge shaft': 0, 'LFB': 0, 'RFB': 0}","{'Floodlight': 0, 'Flood Light': 0, 'GAS': 0, 'FIFA': 0, 'pipe': 0, 'pipes': 0, 'covid': 0, 'supply': 0, 'Beautification': 0, 'Installation': 0}",,,False,True,Immediate Measures
4916,NIT-02-NPSUPAUL/GROUP-15,Construction of drain and road from late Rajesh yadav house to Bidyapuri ring bandh PWD road at Ward no 09 Under N.P. Supaul,Construction of drain and road from late Rajesh yadav house to Bidyapuri ring bandh PWD road at Ward no 09 Under N.P. Supaul,1146599.0,INR,INR,2020-09-21 08:36:43+00:00,2020-09-21T08:32:48.776000+00:00,2022-09-10T10:14:41+00:00,ARVIND KUMAR SINGH,Executive Offier Nagar Parishad Supaul,Nagar Parishad Supaul,Ward no 04 Near Bus Stand Supaul,Bhawesh kumar,Executive Officer Nagar Parishad Supaul,Nagar Parishad Supaul,24000.0,2500.0,590.0,True,"{'Flood': 0, 'Embankment': 0, 'embkt': 0, 'Relief': 0, 'Erosion': 0, 'SDRF': 0, 'Inundation': 0, 'Hydrology': 0, 'Silt': 0, 'Siltation': 0, 'Bund': 0, 'Trench': 0, 'Breach': 0, 'Culvert': 0, 'Sluice': 0, 'Dyke': 0, 'Storm water drain': 0, 'Emergency': 0, 'Immediate': 0, 'IM': 0, 'AE': 0, 'A E': 0, 'AAPDA MITRA': 0, 'Bridge': 0, 'River': 0, 'Drain': 2, 'Restoration': 0, 'Protection': 0, 'irr': 0, 'irrigation': 0, 'dam': 0, 'Nallah': 0, 'Retrofitting': 0, 'Pond': 0, 'Pokhari': 0, 'D/C': 0, 'Recharge shaft': 0, 'LFB': 0, 'RFB': 0}","{'Floodlight': 0, 'Flood Light': 0, 'GAS': 0, 'FIFA': 0, 'pipe': 0, 'pipes': 0, 'covid': 0, 'supply': 0, 'Beautification': 0, 'Installation': 0}",,,False,True,Immediate Measures
4927,NIT-01/2020-21 Gr.-39,"Construction of Drain And Paver Block Road  from Munna Ray house to Mithu Ray house via Chandeshwar Ray house in ward no.- 39 At Chapra Nagar Nigam, Chapra","Construction of Drain And Paver Block Road  from Munna Ray house to Mithu Ray house via Chandeshwar Ray house in ward no.- 39 At Chapra Nagar Nigam, Chapra",227930.0,INR,INR,2020-09-21 14:56:23+00:00,2020-09-21T10:16:16.877000+00:00,2020-10-12T02:02:03+00:00,SANJAY KUMAR UPADHYAY,MUNICIPAL COMMISSIONER,CHAPRA MUNICIPAL CORPORATION,"NEAR MUNICIPAL CHOWK, CHAPRA, SARAN",ABDUL HAMID,MUNICIPAL COMMISSIONER,BEGUSARAI MUNICIPAL CORPORATION,4600.0,500.0,590.0,True,"{'Flood': 0, 'Embankment': 0, 'embkt': 0, 'Relief': 0, 'Erosion': 0, 'SDRF': 0, 'Inundation': 0, 'Hydrology': 0, 'Silt': 0, 'Siltation': 0, 'Bund': 0, 'Trench': 0, 'Breach': 0, 'Culvert': 0, 'Sluice': 0, 'Dyke': 0, 'Storm water drain': 0, 'Emergency': 0, 'Immediate': 0, 'IM': 0, 'AE': 0, 'A E': 0, 'AAPDA MITRA': 0, 'Bridge': 0, 'River': 0, 'Drain': 2, 'Restoration': 0, 'Protection': 0, 'irr': 0, 'irrigation': 0, 'dam': 0, 'Nallah': 0, 'Retrofitting': 0, 'Pond': 0, 'Pokhari': 0, 'D/C': 0, 'Recharge shaft': 0, 'LFB': 0, 'RFB': 0}","{'Floodlight': 0, 'Flood Light': 0, 'GAS': 0, 'FIFA': 0, 'pipe': 0, 'pipes': 0, 'covid': 0, 'supply': 0, 'Beautification': 0, 'Installation': 0}",,,False,True,Immediate Measures
4931,NIT-01/2020-21 Gr.-43,"Construction of Drain And P.C.C. Road  from Bara Telpa Middle School Adda no.-01 to Pashupati Sah house in ward no.-41 At Chapra Nagar Nigam, Chapra","Construction of Drain And P.C.C. Road  from Bara Telpa Middle School Adda no.-01 to Pashupati Sah house in ward no.-41 At Chapra Nagar Nigam, Chapra",328743.0,INR,INR,2020-09-21 15:12:07+00:00,2020-09-21T10:39:30.190000+00:00,2020-10-11T16:08:58+00:00,SANJAY KUMAR UPADHYAY,MUNICIPAL COMMISSIONER,CHAPRA MUNICIPAL CORPORATION,"NEAR MUNICIPAL CHOWK, CHAPRA, SARAN",ABDUL HAMID,MUNICIPAL COMMISSIONER,BEGUSARAI MUNICIPAL CORPORATION,6600.0,750.0,590.0,True,"{'Flood': 0, 'Embankment': 0, 'embkt': 0, 'Relief': 0, 'Erosion': 0, 'SDRF': 0, 'Inundation': 0, 'Hydrology': 0, 'Silt': 0, 'Siltation': 0, 'Bund': 0, 'Trench': 0, 'Breach': 0, 'Culvert': 0, 'Sluice': 0, 'Dyke': 0, 'Storm water drain': 0, 'Emergency': 0, 'Immediate': 0, 'IM': 0, 'AE': 0, 'A E': 0, 'AAPDA MITRA': 0, 'Bridge': 0, 'River': 0, 'Drain': 2, 'Restoration': 0, 'Protection': 0, 'irr': 0, 'irrigation': 0, 'dam': 0, 'Nallah': 0, 'Retrofitting': 0, 'Pond': 0, 'Pokhari': 0, 'D/C': 0, 'Recharge shaft': 0, 'LFB': 0, 'RFB': 0}","{'Floodlight': 0, 'Flood Light': 0, 'GAS': 0, 'FIFA': 0, 'pipe': 0, 'pipes': 0, 'covid': 0, 'supply': 0, 'Beautification': 0, 'Installation': 0}",,,False,True,Immediate Measures
4929,NIT-01/2020-21 Gr.-41,"Construction of Drain And Paver Block Road  from Rajan Gupta house to Dwarika Sah house  in ward no.- 39 At Chapra Nagar Nigam, Chapra","Construction of Drain And Paver Block Road  from Rajan Gupta house to Dwarika Sah house  in ward no.- 39 At Chapra Nagar Nigam, Chapra",249991.0,INR,INR,2020-09-21 15:04:26+00:00,2020-09-21T10:29:41.705000+00:00,2020-10-12T01:52:04+00:00,SANJAY KUMAR UPADHYAY,MUNICIPAL COMMISSIONER,CHAPRA MUNICIPAL CORPORATION,"NEAR MUNICIPAL CHOWK, CHAPRA, SARAN",ABDUL HAMID,MUNICIPAL COMMISSIONER,BEGUSARAI MUNICIPAL CORPORATION,5000.0,500.0,590.0,True,"{'Flood': 0, 'Embankment': 0, 'embkt': 0, 'Relief': 0, 'Erosion': 0, 'SDRF': 0, 'Inundation': 0, 'Hydrology': 0, 'Silt': 0, 'Siltation': 0, 'Bund': 0, 'Trench': 0, 'Breach': 0, 'Culvert': 0, 'Sluice': 0, 'Dyke': 0, 'Storm water drain': 0, 'Emergency': 0, 'Immediate': 0, 'IM': 0, 'AE': 0, 'A E': 0, 'AAPDA MITRA': 0, 'Bridge': 0, 'River': 0, 'Drain': 2, 'Restoration': 0, 'Protection': 0, 'irr': 0, 'irrigation': 0, 'dam': 0, 'Nallah': 0, 'Retrofitting': 0, 'Pond': 0, 'Pokhari': 0, 'D/C': 0, 'Recharge shaft': 0, 'LFB': 0, 'RFB': 0}","{'Floodlight': 0, 'Flood Light': 0, 'GAS': 0, 'FIFA': 0, 'pipe': 0, 'pipes': 0, 'covid': 0, 'supply': 0, 'Beautification': 0, 'Installation': 0}",,,False,True,Immediate Measures
4928,NIT-01/2020-21 Gr.-40,"Construction of Drain And Paver Block Road  from Musmat Basanti Devi house  to Harihar Dwar house in ward no.- 39 At Chapra Nagar Nigam, Chapra","Construction of Drain And Paver Block Road  from Musmat Basanti Devi house  to Harihar Dwar house in ward no.- 39 At Chapra Nagar Nigam, Chapra",360442.0,INR,INR,2020-09-21 14:59:18+00:00,2020-09-21T10:25:11.698000+00:00,2020-10-12T01:58:00+00:00,SANJAY KUMAR UPADHYAY,MUNICIPAL COMMISSIONER,CHAPRA MUNICIPAL CORPORATION,"NEAR MUNICIPAL CHOWK, CHAPRA, SARAN",ABDUL HAMID,MUNICIPAL COMMISSIONER,BEGUSARAI MUNICIPAL CORPORATION,7300.0,750.0,590.0,True,"{'Flood': 0, 'Embankment': 0, 'embkt': 0, 'Relief': 0, 'Erosion': 0, 'SDRF': 0, 'Inundation': 0, 'Hydrology': 0, 'Silt': 0, 'Siltation': 0, 'Bund': 0, 'Trench': 0, 'Breach': 0, 'Culvert': 0, 'Sluice': 0, 'Dyke': 0, 'Storm water drain': 0, 'Emergency': 0, 'Immediate': 0, 'IM': 0, 'AE': 0, 'A E': 0, 'AAPDA MITRA': 0, 'Bridge': 0, 'River': 0, 'Drain': 2, 'Restoration': 0, 'Protection': 0, 'irr': 0, 'irrigation': 0, 'dam': 0, 'Nallah': 0, 'Retrofitting': 0, 'Pond': 0, 'Pokhari': 0, 'D/C': 0, 'Recharge shaft': 0, 'LFB': 0, 'RFB': 0}","{'Floodlight': 0, 'Flood Light': 0, 'GAS': 0, 'FIFA': 0, 'pipe': 0, 'pipes': 0, 'covid': 0, 'supply': 0, 'Beautification': 0, 'Installation': 0}",,,False,True,Immediate Measures
4934,NIT-02-NPSUPAUL/GROUP-25,Construction of Drain from kameshwar thakur house to Bari durga sthan culvert via kishor chaudhary house ward no 11 Under N.P. Supaul,Construction of Drain from kameshwar thakur house to Bari durga sthan culvert via kishor chaudhary house ward no 11 Under N.P. Supaul,1140869.0,INR,INR,2020-09-21 10:57:30+00:00,2020-09-21T10:52:59.454000+00:00,2021-01-31T04:03:30+00:00,ARVIND KUMAR SINGH,Executive Offier Nagar Parishad Supaul,Nagar Parishad Supaul,Ward no 04 Near Bus Stand Supaul,Bhawesh kumar,Executive Officer Nagar Parishad Supaul,Nagar Parishad Supaul,24000.0,2500.0,590.0,True,"{'Flood': 0, 'Embankment': 0, 'embkt': 0, 'Relief': 0, 'Erosion': 0, 'SDRF': 0, 'Inundation': 0, 'Hydrology': 0, 'Silt': 0, 'Siltation': 0, 'Bund': 0, 'Trench': 0, 'Breach': 0, 'Culvert': 2, 'Sluice': 0, 'Dyke': 0, 'Storm water drain': 0, 'Emergency': 0, 'Immediate': 0, 'IM': 0, 'AE': 0, 'A E': 0, 'AAPDA MITRA': 0, 'Bridge': 0, 'River': 0, 'Drain': 2, 'Restoration': 0, 'Protection': 0, 'irr': 0, 'irrigation': 0, 'dam': 0, 'Nallah': 0, 'Retrofitting': 0, 'Pond': 0, 'Pokhari': 0, 'D/C': 0, 'Recharge shaft': 0, 'LFB': 0, 'RFB': 0}","{'Floodlight': 0, 'Flood Light': 0, 'GAS': 0, 'FIFA': 0, 'pipe': 0, 'pipes': 0, 'covid': 0, 'supply': 0, 'Beautification': 0, 'Installation': 0}",,,False,True,Immediate Measures
4933,NIT-02-NPSUPAUL/GROUP-24,Construction of drain from shyam mukhiya house to Ganeshi mukhiya house via rajaram mukhiya house at Ward no 11 Under N.P. Supaul,Construction of drain from shyam mukhiya house to Ganeshi mukhiya house via rajaram mukhiya house at Ward no 11 Under N.P. Supaul,381842.0,INR,INR,2020-09-21 10:52:47+00:00,2020-09-21T10:49:56.695000+00:00,2022-10-22T12:09:08+00:00,ARVIND KUMAR SINGH,Executive Offier Nagar Parishad Supaul,Nagar Parishad Supaul,Ward no 04 Near Bus Stand Supaul,Bhawesh kumar,Executive Officer Nagar Parishad Supaul,Nagar Parishad Supaul,8000.0,750.0,590.0,True,"{'Flood': 0, 'Embankment': 0, 'embkt': 0, 'Relief': 0, 'Erosion': 0, 'SDRF': 0, 'Inundation': 0, 'Hydrology': 0, 'Silt': 0, 'Siltation': 0, 'Bund': 0, 'Trench': 0, 'Breach': 0, 'Culvert': 0, 'Sluice': 0, 'Dyke': 0, 'Storm water drain': 0, 'Emergency': 0, 'Immediate': 0, 'IM': 0, 'AE': 0, 'A E': 0, 'AAPDA MITRA': 0, 'Bridge': 0, 'River': 0, 'Drain': 2, 'Restoration': 0, 'Protection': 0, 'irr': 0, 'irrigation': 0, 'dam': 0, 'Nallah': 0, 'Retrofitting': 0, 'Pond': 0, 'Pokhari': 0, 'D/C': 0, 'Recharge shaft': 0, 'LFB': 0, 'RFB': 0}","{'Floodlight': 0, 'Flood Light': 0, 'GAS': 0, 'FIFA': 0, 'pipe': 0, 'pipes': 0, 'covid': 0, 'supply': 0, 'Beautification': 0, 'Installation': 0}",,,False,True,Immediate Measures
4940,NIT-02-NPSUPAUL/GROUP-31,Construction of drain from Arjun thakur shop to N.P Bazar at ward no 12 Under N.P. Supaul,Construction of drain from Arjun thakur shop to N.P Bazar at ward no 12 Under N.P. Supaul,2466625.0,INR,INR,2020-09-21 11:37:32+00:00,2020-09-21T11:34:09.915000+00:00,2024-11-18T11:17:29+00:00,ARVIND KUMAR SINGH,Executive Offier Nagar Parishad Supaul,Nagar Parishad Supaul,Ward no 04 Near Bus Stand Supaul,Bhawesh kumar,Executive Officer Nagar Parishad Supaul,Nagar Parishad Supaul,50000.0,5000.0,590.0,True,"{'Flood': 0, 'Embankment': 0, 'embkt': 0, 'Relief': 0, 'Erosion': 0, 'SDRF': 0, 'Inundation': 0, 'Hydrology': 0, 'Silt': 0, 'Siltation': 0, 'Bund': 0, 'Trench': 0, 'Breach': 0, 'Culvert': 0, 'Sluice': 0, 'Dyke': 0, 'Storm water drain': 0, 'Emergency': 0, 'Immediate': 0, 'IM': 0, 'AE': 0, 'A E': 0, 'AAPDA MITRA': 0, 'Bridge': 0, 'River': 0, 'Drain': 2, 'Restoration': 0, 'Protection': 0, 'irr': 0, 'irrigation': 0, 'dam': 0, 'Nallah': 0, 'Retrofitting': 0, 'Pond': 0, 'Pokhari': 0, 'D/C': 0, 'Recharge shaft': 0, 'LFB': 0, 'RFB': 0}","{'Floodlight': 0, 'Flood Light': 0, 'GAS': 0, 'FIFA': 0, 'pipe': 0, 'pipes': 0, 'covid': 0, 'supply': 0, 'Beautification': 0, 'Installation': 0}",,,False,True,Immediate Measures
4939,NIT-02-NPSUPAUL/GROUP-30,Raise of drain with road from Anil kumar house to Manoj gupta house at ward no 11 Under N.P. Supaul,Raise of drain with road from Anil kumar house to Manoj gupta house at ward no 11 Under N.P. Supaul,306765.0,INR,INR,2020-09-21 11:28:58+00:00,2020-09-21T11:26:05.498000+00:00,2022-10-21T05:58:45+00:00,ARVIND KUMAR SINGH,Executive Offier Nagar Parishad Supaul,Nagar Parishad Supaul,Ward no 04 Near Bus Stand Supaul,Bhawesh kumar,Executive Officer Nagar Parishad Supaul,Nagar Parishad Supaul,8000.0,750.0,590.0,True,"{'Flood': 0, 'Embankment': 0, 'embkt': 0, 'Relief': 0, 'Erosion': 0, 'SDRF': 0, 'Inundation': 0, 'Hydrology': 0, 'Silt': 0, 'Siltation': 0, 'Bund': 0, 'Trench': 0, 'Breach': 0, 'Culvert': 0, 'Sluice': 0, 'Dyke': 0, 'Storm water drain': 0, 'Emergency': 0, 'Immediate': 0, 'IM': 0, 'AE': 0, 'A E': 0, 'AAPDA MITRA': 0, 'Bridge': 0, 'River': 0, 'Drain': 2, 'Restoration': 0, 'Protection': 0, 'irr': 0, 'irrigation': 0, 'dam': 0, 'Nallah': 0, 'Retrofitting': 0, 'Pond': 0, 'Pokhari': 0, 'D/C': 0, 'Recharge shaft': 0, 'LFB': 0, 'RFB': 0}","{'Floodlight': 0, 'Flood Light': 0, 'GAS': 0, 'FIFA': 0, 'pipe': 0, 'pipes': 0, 'covid': 0, 'supply': 0, 'Beautification': 0, 'Installation': 0}",,,False,True,Immediate Measures
4935,NIT-02-NPSUPAUL/GROUP-26,Raise of drain with road from Koshi road to Kanihya chaudhary house at ward no 11 Under N.P. Supaul,Raise of drain with road from Koshi road to Kanihya chaudhary house at ward no 11 Under N.P. Supaul,338551.0,INR,INR,2020-09-21 11:00:44+00:00,2020-09-21T10:57:57.258000+00:00,2022-10-22T12:05:55+00:00,ARVIND KUMAR SINGH,Executive Offier Nagar Parishad Supaul,Nagar Parishad Supaul,Ward no 04 Near Bus Stand Supaul,Bhawesh kumar,Executive Officer Nagar Parishad Supaul,Nagar Parishad Supaul,8000.0,750.0,590.0,True,"{'Flood': 0, 'Embankment': 0, 'embkt': 0, 'Relief': 0, 'Erosion': 0, 'SDRF': 0, 'Inundation': 0, 'Hydrology': 0, 'Silt': 0, 'Siltation': 0, 'Bund': 0, 'Trench': 0, 'Breach': 0, 'Culvert': 0, 'Sluice': 0, 'Dyke': 0, 'Storm water drain': 0, 'Emergency': 0, 'Immediate': 0, 'IM': 0, 'AE': 0, 'A E': 0, 'AAPDA MITRA': 0, 'Bridge': 0, 'River': 0, 'Drain': 2, 'Restoration': 0, 'Protection': 0, 'irr': 0, 'irrigation': 0, 'dam': 0, 'Nallah': 0, 'Retrofitting': 0, 'Pond': 0, 'Pokhari': 0, 'D/C': 0, 'Recharge shaft': 0, 'LFB': 0, 'RFB': 0}","{'Floodlight': 0, 'Flood Light': 0, 'GAS': 0, 'FIFA': 0, 'pipe': 0, 'pipes': 0, 'covid': 0, 'supply': 0, 'Beautification': 0, 'Installation': 0}",,,False,True,Immediate Measures
4937,NIT-02-NPSUPAUL/GROUP-28,Construction of precast coverplate over both side old drain from Gandhi chowk to Masjid at ward no 11 Under N.P. Supaul,Construction of precast coverplate over both side old drain from Gandhi chowk to Masjid at ward no 11 Under N.P. Supaul,468983.0,INR,INR,2020-09-21 11:22:27+00:00,2020-09-21T11:18:50.289000+00:00,2022-09-09T08:22:09+00:00,ARVIND KUMAR SINGH,Executive Offier Nagar Parishad Supaul,Nagar Parishad Supaul,Ward no 04 Near Bus Stand Supaul,Bhawesh kumar,Executive Officer Nagar Parishad Supaul,Nagar Parishad Supaul,10000.0,750.0,590.0,True,"{'Flood': 0, 'Embankment': 0, 'embkt': 0, 'Relief': 0, 'Erosion': 0, 'SDRF': 0, 'Inundation': 0, 'Hydrology': 0, 'Silt': 0, 'Siltation': 0, 'Bund': 0, 'Trench': 0, 'Breach': 0, 'Culvert': 0, 'Sluice': 0, 'Dyke': 0, 'Storm water drain': 0, 'Emergency': 0, 'Immediate': 0, 'IM': 0, 'AE': 0, 'A E': 0, 'AAPDA MITRA': 0, 'Bridge': 0, 'River': 0, 'Drain': 2, 'Restoration': 0, 'Protection': 0, 'irr': 0, 'irrigation': 0, 'dam': 0, 'Nallah': 0, 'Retrofitting': 0, 'Pond': 0, 'Pokhari': 0, 'D/C': 0, 'Recharge shaft': 0, 'LFB': 0, 'RFB': 0}","{'Floodlight': 0, 'Flood Light': 0, 'GAS': 0, 'FIFA': 0, 'pipe': 0, 'pipes': 0, 'covid': 0, 'supply': 0, 'Beautification': 0, 'Installation': 0}",,,False,True,Immediate Measures
4941,NIT-02-NPSUPAUL/GROUP-32,Construction of drain from Laxmi mandir to Fateh khan house at ward no 12 Under N.P. Supaul,Construction of drain from Laxmi mandir to Fateh khan house at ward no 12 Under N.P. Supaul,1870043.0,INR,INR,2020-09-21 11:40:31+00:00,2020-09-21T11:37:50.194000+00:00,2021-01-28T10:58:47+00:00,ARVIND KUMAR SINGH,Executive Offier Nagar Parishad Supaul,Nagar Parishad Supaul,Ward no 04 Near Bus Stand Supaul,Bhawesh kumar,Executive Officer Nagar Parishad Supaul,Nagar Parishad Supaul,38000.0,5000.0,590.0,True,"{'Flood': 0, 'Embankment': 0, 'embkt': 0, 'Relief': 0, 'Erosion': 0, 'SDRF': 0, 'Inundation': 0, 'Hydrology': 0, 'Silt': 0, 'Siltation': 0, 'Bund': 0, 'Trench': 0, 'Breach': 0, 'Culvert': 0, 'Sluice': 0, 'Dyke': 0, 'Storm water drain': 0, 'Emergency': 0, 'Immediate': 0, 'IM': 0, 'AE': 0, 'A E': 0, 'AAPDA MITRA': 0, 'Bridge': 0, 'River': 0, 'Drain': 2, 'Restoration': 0, 'Protection': 0, 'irr': 0, 'irrigation': 0, 'dam': 0, 'Nallah': 0, 'Retrofitting': 0, 'Pond': 0, 'Pokhari': 0, 'D/C': 0, 'Recharge shaft': 0, 'LFB': 0, 'RFB': 0}","{'Floodlight': 0, 'Flood Light': 0, 'GAS': 0, 'FIFA': 0, 'pipe': 0, 'pipes': 0, 'covid': 0, 'supply': 0, 'Beautification': 0, 'Installation': 0}",,,False,True,Immediate Measures
4938,NIT-02-NPSUPAUL/GROUP-29,Construction of drain from Masjid chowk to PHED culvert via Mahavir chowk at ward no 11 Under N.P. Supaul,Construction of drain from Masjid chowk to PHED culvert via Mahavir chowk at ward no 11 Under N.P. Supaul,1876367.0,INR,INR,2020-09-21 11:25:51+00:00,2020-09-21T11:22:45.565000+00:00,2022-10-22T09:46:35+00:00,ARVIND KUMAR SINGH,Executive Offier Nagar Parishad Supaul,Nagar Parishad Supaul,Ward no 04 Near Bus Stand Supaul,Bhawesh kumar,Executive Officer Nagar Parishad Supaul,Nagar Parishad Supaul,38000.0,5000.0,590.0,True,"{'Flood': 0, 'Embankment': 0, 'embkt': 0, 'Relief': 0, 'Erosion': 0, 'SDRF': 0, 'Inundation': 0, 'Hydrology': 0, 'Silt': 0, 'Siltation': 0, 'Bund': 0, 'Trench': 0, 'Breach': 0, 'Culvert': 2, 'Sluice': 0, 'Dyke': 0, 'Storm water drain': 0, 'Emergency': 0, 'Immediate': 0, 'IM': 0, 'AE': 0, 'A E': 0, 'AAPDA MITRA': 0, 'Bridge': 0, 'River': 0, 'Drain': 2, 'Restoration': 0, 'Protection': 0, 'irr': 0, 'irrigation': 0, 'dam': 0, 'Nallah': 0, 'Retrofitting': 0, 'Pond': 0, 'Pokhari': 0, 'D/C': 0, 'Recharge shaft': 0, 'LFB': 0, 'RFB': 0}","{'Floodlight': 0, 'Flood Light': 0, 'GAS': 0, 'FIFA': 0, 'pipe': 0, 'pipes': 0, 'covid': 0, 'supply': 0, 'Beautification': 0, 'Installation': 0}",,,False,True,Immediate Measures
4943,NIT-02-NPSUPAUL/GROUP-34,Construction of drain with road from Harki khatoon house to Ali hassan house at ward no 12 Under N.P. Supaul,Construction of drain with road from Harki khatoon house to Ali hassan house at ward no 12 Under N.P. Supaul,308897.0,INR,INR,2020-09-21 11:47:19+00:00,2020-09-21T11:44:06.974000+00:00,2021-01-28T10:38:28+00:00,ARVIND KUMAR SINGH,Executive Offier Nagar Parishad Supaul,Nagar Parishad Supaul,Ward no 04 Near Bus Stand Supaul,Bhawesh kumar,Executive Officer Nagar Parishad Supaul,Nagar Parishad Supaul,7000.0,750.0,590.0,True,"{'Flood': 0, 'Embankment': 0, 'embkt': 0, 'Relief': 0, 'Erosion': 0, 'SDRF': 0, 'Inundation': 0, 'Hydrology': 0, 'Silt': 0, 'Siltation': 0, 'Bund': 0, 'Trench': 0, 'Breach': 0, 'Culvert': 0, 'Sluice': 0, 'Dyke': 0, 'Storm water drain': 0, 'Emergency': 0, 'Immediate': 0, 'IM': 0, 'AE': 0, 'A E': 0, 'AAPDA MITRA': 0, 'Bridge': 0, 'River': 0, 'Drain': 2, 'Restoration': 0, 'Protection': 0, 'irr': 0, 'irrigation': 0, 'dam': 0, 'Nallah': 0, 'Retrofitting': 0, 'Pond': 0, 'Pokhari': 0, 'D/C': 0, 'Recharge shaft': 0, 'LFB': 0, 'RFB': 0}","{'Floodlight': 0, 'Flood Light': 0, 'GAS': 0, 'FIFA': 0, 'pipe': 0, 'pipes': 0, 'covid': 0, 'supply': 0, 'Beautification': 0, 'Installation': 0}",,,False,True,Immediate Measures
4942,NIT-02-NPSUPAUL/GROUP-33,Construction of drain with road from balram karn to naveen verma at ward no 12 Under N.P. Supaul,Construction of drain with road from balram karn to naveen verma at ward no 12 Under N.P. Supaul,349265.0,INR,INR,2020-09-21 11:43:27+00:00,2020-09-21T11:40:49.775000+00:00,2021-01-28T10:46:00+00:00,ARVIND KUMAR SINGH,Executive Offier Nagar Parishad Supaul,Nagar Parishad Supaul,Ward no 04 Near Bus Stand Supaul,Bhawesh kumar,Executive Officer Nagar Parishad Supaul,Nagar Parishad Supaul,8000.0,750.0,590.0,True,"{'Flood': 0, 'Embankment': 0, 'embkt': 0, 'Relief': 0, 'Erosion': 0, 'SDRF': 0, 'Inundation': 0, 'Hydrology': 0, 'Silt': 0, 'Siltation': 0, 'Bund': 0, 'Trench': 0, 'Breach': 0, 'Culvert': 0, 'Sluice': 0, 'Dyke': 0, 'Storm water drain': 0, 'Emergency': 0, 'Immediate': 0, 'IM': 0, 'AE': 0, 'A E': 0, 'AAPDA MITRA': 0, 'Bridge': 0, 'River': 0, 'Drain': 2, 'Restoration': 0, 'Protection': 0, 'irr': 0, 'irrigation': 0, 'dam': 0, 'Nallah': 0, 'Retrofitting': 0, 'Pond': 0, 'Pokhari': 0, 'D/C': 0, 'Recharge shaft': 0, 'LFB': 0, 'RFB': 0}","{'Floodlight': 0, 'Flood Light': 0, 'GAS': 0, 'FIFA': 0, 'pipe': 0, 'pipes': 0, 'covid': 0, 'supply': 0, 'Beautification': 0, 'Installation': 0}",,,False,True,Immediate Measures
4949,NIT-01/2020-21 Gr.-45,"Construction of Drain And Paver Block Road  from Naga Mahto house to Shivpati Mahto house in Raija new Colony ward no.-43 At Chapra Nagar Nigam, Chapra","Construction of Drain And Paver Block Road  from Naga Mahto house to Shivpati Mahto house in Raija new Colony ward no.-43 At Chapra Nagar Nigam, Chapra",340273.0,INR,INR,2020-09-21 15:22:20+00:00,2020-09-21T15:18:32.156000+00:00,2020-10-11T15:35:17+00:00,SANJAY KUMAR UPADHYAY,MUNICIPAL COMMISSIONER,CHAPRA MUNICIPAL CORPORATION,"NEAR MUNICIPAL CHOWK, CHAPRA, SARAN",ABDUL HAMID,MUNICIPAL COMMISSIONER,BEGUSARAI MUNICIPAL CORPORATION,6900.0,750.0,590.0,True,"{'Flood': 0, 'Embankment': 0, 'embkt': 0, 'Relief': 0, 'Erosion': 0, 'SDRF': 0, 'Inundation': 0, 'Hydrology': 0, 'Silt': 0, 'Siltation': 0, 'Bund': 0, 'Trench': 0, 'Breach': 0, 'Culvert': 0, 'Sluice': 0, 'Dyke': 0, 'Storm water drain': 0, 'Emergency': 0, 'Immediate': 0, 'IM': 0, 'AE': 0, 'A E': 0, 'AAPDA MITRA': 0, 'Bridge': 0, 'River': 0, 'Drain': 2, 'Restoration': 0, 'Protection': 0, 'irr': 0, 'irrigation': 0, 'dam': 0, 'Nallah': 0, 'Retrofitting': 0, 'Pond': 0, 'Pokhari': 0, 'D/C': 0, 'Recharge shaft': 0, 'LFB': 0, 'RFB': 0}","{'Floodlight': 0, 'Flood Light': 0, 'GAS': 0, 'FIFA': 0, 'pipe': 0, 'pipes': 0, 'covid': 0, 'supply': 0, 'Beautification': 0, 'Installation': 0}",,,False,True,Immediate Measures
4951,NIT-01/2020-21 Gr.-47,"Construction of Drain And Paver Block Road  from Ashok Prasad house to Virendra Prasad house via Bramdev Ram house & Paras Ram house in ward no.-44 At Chapra Nagar Nigam, Chapra","Construction of Drain And Paver Block Road  from Ashok Prasad house to Virendra Prasad house via Bramdev Ram house & Paras Ram house in ward no.-44 At Chapra Nagar Nigam, Chapra",904516.0,INR,INR,2020-09-21 15:32:44+00:00,2020-09-21T15:27:50.533000+00:00,2020-10-27T04:08:35+00:00,SANJAY KUMAR UPADHYAY,MUNICIPAL COMMISSIONER,CHAPRA MUNICIPAL CORPORATION,"NEAR MUNICIPAL CHOWK, CHAPRA, SARAN",ABDUL HAMID,MUNICIPAL COMMISSIONER,BEGUSARAI MUNICIPAL CORPORATION,18100.0,1250.0,590.0,True,"{'Flood': 0, 'Embankment': 0, 'embkt': 0, 'Relief': 0, 'Erosion': 0, 'SDRF': 0, 'Inundation': 0, 'Hydrology': 0, 'Silt': 0, 'Siltation': 0, 'Bund': 0, 'Trench': 0, 'Breach': 0, 'Culvert': 0, 'Sluice': 0, 'Dyke': 0, 'Storm water drain': 0, 'Emergency': 0, 'Immediate': 0, 'IM': 0, 'AE': 0, 'A E': 0, 'AAPDA MITRA': 0, 'Bridge': 0, 'River': 0, 'Drain': 2, 'Restoration': 0, 'Protection': 0, 'irr': 0, 'irrigation': 0, 'dam': 0, 'Nallah': 0, 'Retrofitting': 0, 'Pond': 0, 'Pokhari': 0, 'D/C': 0, 'Recharge shaft': 0, 'LFB': 0, 'RFB': 0}","{'Floodlight': 0, 'Flood Light': 0, 'GAS': 0, 'FIFA': 0, 'pipe': 0, 'pipes': 0, 'covid': 0, 'supply': 0, 'Beautification': 0, 'Installation': 0}",,,False,True,Immediate Measures
4952,NIT-01/2020-21 Gr.-48,"Construction of Drain And Paver Block Road  from Chandra Choudary to Kanya Primary School via Ravindra Choudary And Devnath Mishra house to Vishnudev Sah in ward no.-44 At Chapra Nagar Nigam, Chapra","Construction of Drain And Paver Block Road  from Chandra Choudary to Kanya Primary School via Ravindra Choudary And Devnath Mishra house to Vishnudev Sah in ward no.-44 At Chapra Nagar Nigam, Chapra",771216.0,INR,INR,2020-09-21 15:38:29+00:00,2020-09-21T15:33:10.683000+00:00,2020-10-05T11:49:38+00:00,SANJAY KUMAR UPADHYAY,MUNICIPAL COMMISSIONER,CHAPRA MUNICIPAL CORPORATION,"NEAR MUNICIPAL CHOWK, CHAPRA, SARAN",ABDUL HAMID,MUNICIPAL COMMISSIONER,BEGUSARAI MUNICIPAL CORPORATION,15500.0,1250.0,590.0,True,"{'Flood': 0, 'Embankment': 0, 'embkt': 0, 'Relief': 0, 'Erosion': 0, 'SDRF': 0, 'Inundation': 0, 'Hydrology': 0, 'Silt': 0, 'Siltation': 0, 'Bund': 0, 'Trench': 0, 'Breach': 0, 'Culvert': 0, 'Sluice': 0, 'Dyke': 0, 'Storm water drain': 0, 'Emergency': 0, 'Immediate': 0, 'IM': 0, 'AE': 0, 'A E': 0, 'AAPDA MITRA': 0, 'Bridge': 0, 'River': 0, 'Drain': 2, 'Restoration': 0, 'Protection': 0, 'irr': 0, 'irrigation': 0, 'dam': 0, 'Nallah': 0, 'Retrofitting': 0, 'Pond': 0, 'Pokhari': 0, 'D/C': 0, 'Recharge shaft': 0, 'LFB': 0, 'RFB': 0}","{'Floodlight': 0, 'Flood Light': 0, 'GAS': 0, 'FIFA': 0, 'pipe': 0, 'pipes': 0, 'covid': 0, 'supply': 0, 'Beautification': 0, 'Installation': 0}",,,False,True,Immediate Measures
4953,NIT-01/2020-21 Gr.-49,"Construction of Drain And P.C.C. Road  from Bharat Mahto house to Suresh Mahto house via Md. Suleman, Lakshaman Singh house And Pashupati Singh house to Suresh Mahto house in ward no.-44 At Chapra Nagar Nigam, Chapra","Construction of Drain And P.C.C. Road  from Bharat Mahto house to Suresh Mahto house via Md. Suleman, Lakshaman Singh house And Pashupati Singh house to Suresh Mahto house in ward no.-44 At Chapra Nagar Nigam, Chapra",1126064.0,INR,INR,2020-09-21 15:43:25+00:00,2020-09-21T15:38:48.572000+00:00,2020-10-05T11:40:48+00:00,SANJAY KUMAR UPADHYAY,MUNICIPAL COMMISSIONER,CHAPRA MUNICIPAL CORPORATION,"NEAR MUNICIPAL CHOWK, CHAPRA, SARAN",ABDUL HAMID,MUNICIPAL COMMISSIONER,BEGUSARAI MUNICIPAL CORPORATION,22600.0,2500.0,590.0,True,"{'Flood': 0, 'Embankment': 0, 'embkt': 0, 'Relief': 0, 'Erosion': 0, 'SDRF': 0, 'Inundation': 0, 'Hydrology': 0, 'Silt': 0, 'Siltation': 0, 'Bund': 0, 'Trench': 0, 'Breach': 0, 'Culvert': 0, 'Sluice': 0, 'Dyke': 0, 'Storm water drain': 0, 'Emergency': 0, 'Immediate': 0, 'IM': 0, 'AE': 0, 'A E': 0, 'AAPDA MITRA': 0, 'Bridge': 0, 'River': 0, 'Drain': 2, 'Restoration': 0, 'Protection': 0, 'irr': 0, 'irrigation': 0, 'dam': 0, 'Nallah': 0, 'Retrofitting': 0, 'Pond': 0, 'Pokhari': 0, 'D/C': 0, 'Recharge shaft': 0, 'LFB': 0, 'RFB': 0}","{'Floodlight': 0, 'Flood Light': 0, 'GAS': 0, 'FIFA': 0, 'pipe': 0, 'pipes': 0, 'covid': 0, 'supply': 0, 'Beautification': 0, 'Installation': 0}",,,False,True,Immediate Measures
4936,NIT-02-NPSUPAUL/GROUP-27,Raise of drain cover plate from mukul patha to Gandhi chowk at ward no 11 Under N.P. Supaul,Raise of drain cover plate from mukul patha to Gandhi chowk at ward no 11 Under N.P. Supaul,335999.0,INR,INR,2020-09-21 11:18:34+00:00,2020-09-21T11:01:10.099000+00:00,2022-10-22T10:03:51+00:00,ARVIND KUMAR SINGH,Executive Offier Nagar Parishad Supaul,Nagar Parishad Supaul,Ward no 04 Near Bus Stand Supaul,Bhawesh kumar,Executive Officer Nagar Parishad Supaul,Nagar Parishad Supaul,8000.0,750.0,590.0,True,"{'Flood': 0, 'Embankment': 0, 'embkt': 0, 'Relief': 0, 'Erosion': 0, 'SDRF': 0, 'Inundation': 0, 'Hydrology': 0, 'Silt': 0, 'Siltation': 0, 'Bund': 0, 'Trench': 0, 'Breach': 0, 'Culvert': 0, 'Sluice': 0, 'Dyke': 0, 'Storm water drain': 0, 'Emergency': 0, 'Immediate': 0, 'IM': 0, 'AE': 0, 'A E': 0, 'AAPDA MITRA': 0, 'Bridge': 0, 'River': 0, 'Drain': 2, 'Restoration': 0, 'Protection': 0, 'irr': 0, 'irrigation': 0, 'dam': 0, 'Nallah': 0, 'Retrofitting': 0, 'Pond': 0, 'Pokhari': 0, 'D/C': 0, 'Recharge shaft': 0, 'LFB': 0, 'RFB': 0}","{'Floodlight': 0, 'Flood Light': 0, 'GAS': 0, 'FIFA': 0, 'pipe': 0, 'pipes': 0, 'covid': 0, 'supply': 0, 'Beautification': 0, 'Installation': 0}",,,False,True,Immediate Measures
4948,NIT-01/2020-21 Gr.-44,"Construction of Drain And Paver Block Road  from Bara Telpa Mathiya Akalu Sah house to Sudama Ray house in ward no.-43 At Chapra Nagar Nigam, Chapra","Construction of Drain And Paver Block Road  from Bara Telpa Mathiya Akalu Sah house to Sudama Ray house in ward no.-43 At Chapra Nagar Nigam, Chapra",145447.0,INR,INR,2020-09-21 15:18:12+00:00,2020-09-21T15:13:22.239000+00:00,2020-10-11T15:52:01+00:00,SANJAY KUMAR UPADHYAY,MUNICIPAL COMMISSIONER,CHAPRA MUNICIPAL CORPORATION,"NEAR MUNICIPAL CHOWK, CHAPRA, SARAN",ABDUL HAMID,MUNICIPAL COMMISSIONER,BEGUSARAI MUNICIPAL CORPORATION,3000.0,500.0,590.0,True,"{'Flood': 0, 'Embankment': 0, 'embkt': 0, 'Relief': 0, 'Erosion': 0, 'SDRF': 0, 'Inundation': 0, 'Hydrology': 0, 'Silt': 0, 'Siltation': 0, 'Bund': 0, 'Trench': 0, 'Breach': 0, 'Culvert': 0, 'Sluice': 0, 'Dyke': 0, 'Storm water drain': 0, 'Emergency': 0, 'Immediate': 0, 'IM': 0, 'AE': 0, 'A E': 0, 'AAPDA MITRA': 0, 'Bridge': 0, 'River': 0, 'Drain': 2, 'Restoration': 0, 'Protection': 0, 'irr': 0, 'irrigation': 0, 'dam': 0, 'Nallah': 0, 'Retrofitting': 0, 'Pond': 0, 'Pokhari': 0, 'D/C': 0, 'Recharge shaft': 0, 'LFB': 0, 'RFB': 0}","{'Floodlight': 0, 'Flood Light': 0, 'GAS': 0, 'FIFA': 0, 'pipe': 0, 'pipes': 0, 'covid': 0, 'supply': 0, 'Beautification': 0, 'Installation': 0}",,,False,True,Immediate Measures
5039,NIT-02-NPSUPAUL/GROUP-72,Construction of drain with road from upendra kamat house to bhupendra lal das house at ward n o24 Under N.P.Supaul,Construction of drain with road from upendra kamat house to bhupendra lal das house at ward n o24 Under N.P.Supaul,1812289.0,INR,INR,2020-09-24 10:44:44+00:00,2020-09-22T13:32:22.366000+00:00,2021-06-26T07:50:59+00:00,ARVIND KUMAR SINGH,Executive Offier Nagar Parishad Supaul,Nagar Parishad Supaul,Ward no 04 Near Bus Stand Supaul,Bhawesh kumar,Executive Officer Nagar Parishad Supaul,Nagar Parishad Supaul,38000.0,5000.0,590.0,True,"{'Flood': 0, 'Embankment': 0, 'embkt': 0, 'Relief': 0, 'Erosion': 0, 'SDRF': 0, 'Inundation': 0, 'Hydrology': 0, 'Silt': 0, 'Siltation': 0, 'Bund': 0, 'Trench': 0, 'Breach': 0, 'Culvert': 0, 'Sluice': 0, 'Dyke': 0, 'Storm water drain': 0, 'Emergency': 0, 'Immediate': 0, 'IM': 0, 'AE': 0, 'A E': 0, 'AAPDA MITRA': 0, 'Bridge': 0, 'River': 0, 'Drain': 2, 'Restoration': 0, 'Protection': 0, 'irr': 0, 'irrigation': 0, 'dam': 0, 'Nallah': 0, 'Retrofitting': 0, 'Pond': 0, 'Pokhari': 0, 'D/C': 0, 'Recharge shaft': 0, 'LFB': 0, 'RFB': 0}","{'Floodlight': 0, 'Flood Light': 0, 'GAS': 0, 'FIFA': 0, 'pipe': 0, 'pipes': 0, 'covid': 0, 'supply': 0, 'Beautification': 0, 'Installation': 0}",,,False,True,Immediate Measures
5046,NIT 10/2020-21 GR 66,"Construction of R.C.C. drain from house of Panchu Sharma to Amar Jayswal via Amar Saw, Ward No. 23 at Nagar Parisad Danapur Nizamat.","Construction of R.C.C. drain from house of Panchu Sharma to Amar Jayswal via Amar Saw, Ward No. 23 at Nagar Parisad Danapur Nizamat.",3953559.0,INR,INR,2020-09-23 03:39:20+00:00,2020-09-23T02:47:46.205000+00:00,2021-01-02T15:24:14+00:00,"EXECUTIVE OFFICER, DANAPUR NIZAMAT",EO,NAGAR PARISHAD DANAPUR NIZAMAT,NAGAR PARISHAD DANAPUR NIZAMAT WARD NO.-35,"EXECUTIVE OFFICER, DANAPUR NIZAMAT",EO,NAGAR PARISHAD DANAPUR NIZAMAT,79100.0,5000.0,590.0,True,"{'Flood': 0, 'Embankment': 0, 'embkt': 0, 'Relief': 0, 'Erosion': 0, 'SDRF': 0, 'Inundation': 0, 'Hydrology': 0, 'Silt': 0, 'Siltation': 0, 'Bund': 0, 'Trench': 0, 'Breach': 0, 'Culvert': 0, 'Sluice': 0, 'Dyke': 0, 'Storm water drain': 0, 'Emergency': 0, 'Immediate': 0, 'IM': 0, 'AE': 0, 'A E': 0, 'AAPDA MITRA': 0, 'Bridge': 0, 'River': 0, 'Drain': 2, 'Restoration': 0, 'Protection': 0, 'irr': 0, 'irrigation': 0, 'dam': 0, 'Nallah': 0, 'Retrofitting': 0, 'Pond': 0, 'Pokhari': 0, 'D/C': 0, 'Recharge shaft': 0, 'LFB': 0, 'RFB': 0}","{'Floodlight': 0, 'Flood Light': 0, 'GAS': 0, 'FIFA': 0, 'pipe': 0, 'pipes': 0, 'covid': 0, 'supply': 0, 'Beautification': 0, 'Installation': 0}",,,False,True,Immediate Measures
5058,NIT 10/2020-21 GR 78,"Construction of PCC Road and RCC drain from house of R. K. Roy to Suraj Singh, Ward No. 32 at Nagar Parisad Danapur Nizamat.","Construction of PCC Road and RCC drain from house of R. K. Roy to Suraj Singh, Ward No. 32 at Nagar Parisad Danapur Nizamat.",1710181.0,INR,INR,2020-09-23 03:49:20+00:00,2020-09-23T03:22:33.128000+00:00,2021-01-03T09:52:48+00:00,"EXECUTIVE OFFICER, DANAPUR NIZAMAT",EO,NAGAR PARISHAD DANAPUR NIZAMAT,NAGAR PARISHAD DANAPUR NIZAMAT WARD NO.-35,"EXECUTIVE OFFICER, DANAPUR NIZAMAT",EO,NAGAR PARISHAD DANAPUR NIZAMAT,34300.0,5000.0,590.0,True,"{'Flood': 0, 'Embankment': 0, 'embkt': 0, 'Relief': 0, 'Erosion': 0, 'SDRF': 0, 'Inundation': 0, 'Hydrology': 0, 'Silt': 0, 'Siltation': 0, 'Bund': 0, 'Trench': 0, 'Breach': 0, 'Culvert': 0, 'Sluice': 0, 'Dyke': 0, 'Storm water drain': 0, 'Emergency': 0, 'Immediate': 0, 'IM': 0, 'AE': 0, 'A E': 0, 'AAPDA MITRA': 0, 'Bridge': 0, 'River': 0, 'Drain': 2, 'Restoration': 0, 'Protection': 0, 'irr': 0, 'irrigation': 0, 'dam': 0, 'Nallah': 0, 'Retrofitting': 0, 'Pond': 0, 'Pokhari': 0, 'D/C': 0, 'Recharge shaft': 0, 'LFB': 0, 'RFB': 0}","{'Floodlight': 0, 'Flood Light': 0, 'GAS': 0, 'FIFA': 0, 'pipe': 0, 'pipes': 0, 'covid': 0, 'supply': 0, 'Beautification': 0, 'Installation': 0}",,,False,True,Immediate Measures
5059,NIT 10/2020-21 GR 79,"Construction of PCC Road and RCC drain from house of Ghasita Singh to Shankar Mahto, Ward No. 31 at Nagar Parisad Danapur Nizamat.","Construction of PCC Road and RCC drain from house of Ghasita Singh to Shankar Mahto, Ward No. 31 at Nagar Parisad Danapur Nizamat.",1302835.0,INR,INR,2020-09-23 03:50:04+00:00,2020-09-23T03:25:33.254000+00:00,2021-01-03T10:01:10+00:00,"EXECUTIVE OFFICER, DANAPUR NIZAMAT",EO,NAGAR PARISHAD DANAPUR NIZAMAT,NAGAR PARISHAD DANAPUR NIZAMAT WARD NO.-35,"EXECUTIVE OFFICER, DANAPUR NIZAMAT",EO,NAGAR PARISHAD DANAPUR NIZAMAT,26100.0,2500.0,590.0,True,"{'Flood': 0, 'Embankment': 0, 'embkt': 0, 'Relief': 0, 'Erosion': 0, 'SDRF': 0, 'Inundation': 0, 'Hydrology': 0, 'Silt': 0, 'Siltation': 0, 'Bund': 0, 'Trench': 0, 'Breach': 0, 'Culvert': 0, 'Sluice': 0, 'Dyke': 0, 'Storm water drain': 0, 'Emergency': 0, 'Immediate': 0, 'IM': 0, 'AE': 0, 'A E': 0, 'AAPDA MITRA': 0, 'Bridge': 0, 'River': 0, 'Drain': 2, 'Restoration': 0, 'Protection': 0, 'irr': 0, 'irrigation': 0, 'dam': 0, 'Nallah': 0, 'Retrofitting': 0, 'Pond': 0, 'Pokhari': 0, 'D/C': 0, 'Recharge shaft': 0, 'LFB': 0, 'RFB': 0}","{'Floodlight': 0, 'Flood Light': 0, 'GAS': 0, 'FIFA': 0, 'pipe': 0, 'pipes': 0, 'covid': 0, 'supply': 0, 'Beautification': 0, 'Installation': 0}",,,False,True,Immediate Measures
5057,NIT 10/2020-21 GR 77,"Construction of PCC Road and drain from house of Pradumn Jee to Shiv Mandier, Ward No. 27 at Nagar Parisad Danapur Nizamat.","Construction of PCC Road and drain from house of Pradumn Jee to Shiv Mandier, Ward No. 27 at Nagar Parisad Danapur Nizamat.",867381.0,INR,INR,2020-09-23 03:48:28+00:00,2020-09-23T03:19:09.839000+00:00,2021-01-03T09:37:50+00:00,"EXECUTIVE OFFICER, DANAPUR NIZAMAT",EO,NAGAR PARISHAD DANAPUR NIZAMAT,NAGAR PARISHAD DANAPUR NIZAMAT WARD NO.-35,"EXECUTIVE OFFICER, DANAPUR NIZAMAT",EO,NAGAR PARISHAD DANAPUR NIZAMAT,17400.0,1250.0,590.0,True,"{'Flood': 0, 'Embankment': 0, 'embkt': 0, 'Relief': 0, 'Erosion': 0, 'SDRF': 0, 'Inundation': 0, 'Hydrology': 0, 'Silt': 0, 'Siltation': 0, 'Bund': 0, 'Trench': 0, 'Breach': 0, 'Culvert': 0, 'Sluice': 0, 'Dyke': 0, 'Storm water drain': 0, 'Emergency': 0, 'Immediate': 0, 'IM': 0, 'AE': 0, 'A E': 0, 'AAPDA MITRA': 0, 'Bridge': 0, 'River': 0, 'Drain': 2, 'Restoration': 0, 'Protection': 0, 'irr': 0, 'irrigation': 0, 'dam': 0, 'Nallah': 0, 'Retrofitting': 0, 'Pond': 0, 'Pokhari': 0, 'D/C': 0, 'Recharge shaft': 0, 'LFB': 0, 'RFB': 0}","{'Floodlight': 0, 'Flood Light': 0, 'GAS': 0, 'FIFA': 0, 'pipe': 0, 'pipes': 0, 'covid': 0, 'supply': 0, 'Beautification': 0, 'Installation': 0}",,,False,True,Immediate Measures
5060,NIT 10/2020-21 GR 80,"Construction of PCC Road and RCC drain from house of Sanjay Singh to Parma Singh, Ward No. 28 at Nagar Parisad Danapur Nizamat.","Construction of PCC Road and RCC drain from house of Sanjay Singh to Parma Singh, Ward No. 28 at Nagar Parisad Danapur Nizamat.",1886867.0,INR,INR,2020-09-23 03:50:57+00:00,2020-09-23T03:28:08.863000+00:00,2021-01-03T10:12:39+00:00,"EXECUTIVE OFFICER, DANAPUR NIZAMAT",EO,NAGAR PARISHAD DANAPUR NIZAMAT,NAGAR PARISHAD DANAPUR NIZAMAT WARD NO.-35,"EXECUTIVE OFFICER, DANAPUR NIZAMAT",EO,NAGAR PARISHAD DANAPUR NIZAMAT,37800.0,5000.0,590.0,True,"{'Flood': 0, 'Embankment': 0, 'embkt': 0, 'Relief': 0, 'Erosion': 0, 'SDRF': 0, 'Inundation': 0, 'Hydrology': 0, 'Silt': 0, 'Siltation': 0, 'Bund': 0, 'Trench': 0, 'Breach': 0, 'Culvert': 0, 'Sluice': 0, 'Dyke': 0, 'Storm water drain': 0, 'Emergency': 0, 'Immediate': 0, 'IM': 0, 'AE': 0, 'A E': 0, 'AAPDA MITRA': 0, 'Bridge': 0, 'River': 0, 'Drain': 2, 'Restoration': 0, 'Protection': 0, 'irr': 0, 'irrigation': 0, 'dam': 0, 'Nallah': 0, 'Retrofitting': 0, 'Pond': 0, 'Pokhari': 0, 'D/C': 0, 'Recharge shaft': 0, 'LFB': 0, 'RFB': 0}","{'Floodlight': 0, 'Flood Light': 0, 'GAS': 0, 'FIFA': 0, 'pipe': 0, 'pipes': 0, 'covid': 0, 'supply': 0, 'Beautification': 0, 'Installation': 0}",,,False,True,Immediate Measures
5055,NIT 10/2020-21 GR 75,"Construction of PCC Road and RCC drain from Gandhi lane road no. 02 to lane no. 06, Ward No. 21 at Nagar Parisad Danapur Nizamat.","Construction of PCC Road and RCC drain from Gandhi lane road no. 02 to lane no. 06, Ward No. 21 at Nagar Parisad Danapur Nizamat.",1322677.0,INR,INR,2020-09-23 03:46:51+00:00,2020-09-23T03:13:43.016000+00:00,2021-01-03T09:08:22+00:00,"EXECUTIVE OFFICER, DANAPUR NIZAMAT",EO,NAGAR PARISHAD DANAPUR NIZAMAT,NAGAR PARISHAD DANAPUR NIZAMAT WARD NO.-35,"EXECUTIVE OFFICER, DANAPUR NIZAMAT",EO,NAGAR PARISHAD DANAPUR NIZAMAT,26500.0,2500.0,590.0,True,"{'Flood': 0, 'Embankment': 0, 'embkt': 0, 'Relief': 0, 'Erosion': 0, 'SDRF': 0, 'Inundation': 0, 'Hydrology': 0, 'Silt': 0, 'Siltation': 0, 'Bund': 0, 'Trench': 0, 'Breach': 0, 'Culvert': 0, 'Sluice': 0, 'Dyke': 0, 'Storm water drain': 0, 'Emergency': 0, 'Immediate': 0, 'IM': 0, 'AE': 0, 'A E': 0, 'AAPDA MITRA': 0, 'Bridge': 0, 'River': 0, 'Drain': 2, 'Restoration': 0, 'Protection': 0, 'irr': 0, 'irrigation': 0, 'dam': 0, 'Nallah': 0, 'Retrofitting': 0, 'Pond': 0, 'Pokhari': 0, 'D/C': 0, 'Recharge shaft': 0, 'LFB': 0, 'RFB': 0}","{'Floodlight': 0, 'Flood Light': 0, 'GAS': 0, 'FIFA': 0, 'pipe': 0, 'pipes': 0, 'covid': 0, 'supply': 0, 'Beautification': 0, 'Installation': 0}",,,False,True,Immediate Measures
5053,NIT 10/2020-21 GR 73,"Construction of PCC Road and RCC drain from Danapur main road to Lt. Bhushan Mahto, Ward No. 29 at Nagar Parisad Danapur Nizamat.","Construction of PCC Road and RCC drain from Danapur main road to Lt. Bhushan Mahto, Ward No. 29 at Nagar Parisad Danapur Nizamat.",1575056.0,INR,INR,2020-09-23 03:45:12+00:00,2020-09-23T03:07:16.600000+00:00,2021-01-03T08:46:43+00:00,"EXECUTIVE OFFICER, DANAPUR NIZAMAT",EO,NAGAR PARISHAD DANAPUR NIZAMAT,NAGAR PARISHAD DANAPUR NIZAMAT WARD NO.-35,"EXECUTIVE OFFICER, DANAPUR NIZAMAT",EO,NAGAR PARISHAD DANAPUR NIZAMAT,31600.0,5000.0,590.0,True,"{'Flood': 0, 'Embankment': 0, 'embkt': 0, 'Relief': 0, 'Erosion': 0, 'SDRF': 0, 'Inundation': 0, 'Hydrology': 0, 'Silt': 0, 'Siltation': 0, 'Bund': 0, 'Trench': 0, 'Breach': 0, 'Culvert': 0, 'Sluice': 0, 'Dyke': 0, 'Storm water drain': 0, 'Emergency': 0, 'Immediate': 0, 'IM': 0, 'AE': 0, 'A E': 0, 'AAPDA MITRA': 0, 'Bridge': 0, 'River': 0, 'Drain': 2, 'Restoration': 0, 'Protection': 0, 'irr': 0, 'irrigation': 0, 'dam': 0, 'Nallah': 0, 'Retrofitting': 0, 'Pond': 0, 'Pokhari': 0, 'D/C': 0, 'Recharge shaft': 0, 'LFB': 0, 'RFB': 0}","{'Floodlight': 0, 'Flood Light': 0, 'GAS': 0, 'FIFA': 0, 'pipe': 0, 'pipes': 0, 'covid': 0, 'supply': 0, 'Beautification': 0, 'Installation': 0}",,,False,True,Immediate Measures
5054,NIT 10/2020-21 GR 74,"Construction of PCC Road and RCC drain from Panchdeo Asthan Mandir to Pawan Singh in Gandhi road lane, Ward No. 21 at Nagar Parisad Danapur Nizamat.","Construction of PCC Road and RCC drain from Panchdeo Asthan Mandir to Pawan Singh in Gandhi road lane, Ward No. 21 at Nagar Parisad Danapur Nizamat.",1380561.0,INR,INR,2020-09-23 03:46:02+00:00,2020-09-23T03:10:40.138000+00:00,2021-01-03T08:52:17+00:00,"EXECUTIVE OFFICER, DANAPUR NIZAMAT",EO,NAGAR PARISHAD DANAPUR NIZAMAT,NAGAR PARISHAD DANAPUR NIZAMAT WARD NO.-35,"EXECUTIVE OFFICER, DANAPUR NIZAMAT",EO,NAGAR PARISHAD DANAPUR NIZAMAT,27700.0,2500.0,590.0,True,"{'Flood': 0, 'Embankment': 0, 'embkt': 0, 'Relief': 0, 'Erosion': 0, 'SDRF': 0, 'Inundation': 0, 'Hydrology': 0, 'Silt': 0, 'Siltation': 0, 'Bund': 0, 'Trench': 0, 'Breach': 0, 'Culvert': 0, 'Sluice': 0, 'Dyke': 0, 'Storm water drain': 0, 'Emergency': 0, 'Immediate': 0, 'IM': 0, 'AE': 0, 'A E': 0, 'AAPDA MITRA': 0, 'Bridge': 0, 'River': 0, 'Drain': 2, 'Restoration': 0, 'Protection': 0, 'irr': 0, 'irrigation': 0, 'dam': 0, 'Nallah': 0, 'Retrofitting': 0, 'Pond': 0, 'Pokhari': 0, 'D/C': 0, 'Recharge shaft': 0, 'LFB': 0, 'RFB': 0}","{'Floodlight': 0, 'Flood Light': 0, 'GAS': 0, 'FIFA': 0, 'pipe': 0, 'pipes': 0, 'covid': 0, 'supply': 0, 'Beautification': 0, 'Installation': 0}",,,False,True,Immediate Measures
5064,NIT 10/2020-21 GR 84,"Construction of PCC Road and RCC drain from Nasriganj Masjid to main road via house of Md. Shafir Khan, Ward No. 29 at Nagar Parisad Danapur Nizamat.","Construction of PCC Road and RCC drain from Nasriganj Masjid to main road via house of Md. Shafir Khan, Ward No. 29 at Nagar Parisad Danapur Nizamat.",2298557.0,INR,INR,2020-09-23 05:47:53+00:00,2020-09-23T03:58:20.522000+00:00,2021-01-03T18:18:38+00:00,"EXECUTIVE OFFICER, DANAPUR NIZAMAT",EO,NAGAR PARISHAD DANAPUR NIZAMAT,NAGAR PARISHAD DANAPUR NIZAMAT WARD NO.-35,"EXECUTIVE OFFICER, DANAPUR NIZAMAT",EO,NAGAR PARISHAD DANAPUR NIZAMAT,46000.0,5000.0,590.0,True,"{'Flood': 0, 'Embankment': 0, 'embkt': 0, 'Relief': 0, 'Erosion': 0, 'SDRF': 0, 'Inundation': 0, 'Hydrology': 0, 'Silt': 0, 'Siltation': 0, 'Bund': 0, 'Trench': 0, 'Breach': 0, 'Culvert': 0, 'Sluice': 0, 'Dyke': 0, 'Storm water drain': 0, 'Emergency': 0, 'Immediate': 0, 'IM': 0, 'AE': 0, 'A E': 0, 'AAPDA MITRA': 0, 'Bridge': 0, 'River': 0, 'Drain': 2, 'Restoration': 0, 'Protection': 0, 'irr': 0, 'irrigation': 0, 'dam': 0, 'Nallah': 0, 'Retrofitting': 0, 'Pond': 0, 'Pokhari': 0, 'D/C': 0, 'Recharge shaft': 0, 'LFB': 0, 'RFB': 0}","{'Floodlight': 0, 'Flood Light': 0, 'GAS': 0, 'FIFA': 0, 'pipe': 0, 'pipes': 0, 'covid': 0, 'supply': 0, 'Beautification': 0, 'Installation': 0}",,,False,True,Immediate Measures
5068,NIT 10/2020-21 GR 88,"Construction of PCC Road and RCC drain from house of Amarnath Yadav to Khausi Pal, Ward No. 31 at Nagar Parisad Danapur Nizamat.","Construction of PCC Road and RCC drain from house of Amarnath Yadav to Khausi Pal, Ward No. 31 at Nagar Parisad Danapur Nizamat.",1984342.0,INR,INR,2020-09-23 05:51:46+00:00,2020-09-23T04:08:37.288000+00:00,2021-01-03T18:55:25+00:00,"EXECUTIVE OFFICER, DANAPUR NIZAMAT",EO,NAGAR PARISHAD DANAPUR NIZAMAT,NAGAR PARISHAD DANAPUR NIZAMAT WARD NO.-35,"EXECUTIVE OFFICER, DANAPUR NIZAMAT",EO,NAGAR PARISHAD DANAPUR NIZAMAT,39700.0,5000.0,590.0,True,"{'Flood': 0, 'Embankment': 0, 'embkt': 0, 'Relief': 0, 'Erosion': 0, 'SDRF': 0, 'Inundation': 0, 'Hydrology': 0, 'Silt': 0, 'Siltation': 0, 'Bund': 0, 'Trench': 0, 'Breach': 0, 'Culvert': 0, 'Sluice': 0, 'Dyke': 0, 'Storm water drain': 0, 'Emergency': 0, 'Immediate': 0, 'IM': 0, 'AE': 0, 'A E': 0, 'AAPDA MITRA': 0, 'Bridge': 0, 'River': 0, 'Drain': 2, 'Restoration': 0, 'Protection': 0, 'irr': 0, 'irrigation': 0, 'dam': 0, 'Nallah': 0, 'Retrofitting': 0, 'Pond': 0, 'Pokhari': 0, 'D/C': 0, 'Recharge shaft': 0, 'LFB': 0, 'RFB': 0}","{'Floodlight': 0, 'Flood Light': 0, 'GAS': 0, 'FIFA': 0, 'pipe': 0, 'pipes': 0, 'covid': 0, 'supply': 0, 'Beautification': 0, 'Installation': 0}",,,False,True,Immediate Measures
5069,NIT 10/2020-21 GR 89,"Construction of PCC Road and RCC drain from house of Pankaj Jee to Kaushik Apartment, Ward No. 31 at Nagar Parisad Danapur Nizamat.","Construction of PCC Road and RCC drain from house of Pankaj Jee to Kaushik Apartment, Ward No. 31 at Nagar Parisad Danapur Nizamat.",1873438.0,INR,INR,2020-09-23 05:52:42+00:00,2020-09-23T04:11:14.514000+00:00,2021-01-03T19:06:33+00:00,"EXECUTIVE OFFICER, DANAPUR NIZAMAT",EO,NAGAR PARISHAD DANAPUR NIZAMAT,NAGAR PARISHAD DANAPUR NIZAMAT WARD NO.-35,"EXECUTIVE OFFICER, DANAPUR NIZAMAT",EO,NAGAR PARISHAD DANAPUR NIZAMAT,37500.0,5000.0,590.0,True,"{'Flood': 0, 'Embankment': 0, 'embkt': 0, 'Relief': 0, 'Erosion': 0, 'SDRF': 0, 'Inundation': 0, 'Hydrology': 0, 'Silt': 0, 'Siltation': 0, 'Bund': 0, 'Trench': 0, 'Breach': 0, 'Culvert': 0, 'Sluice': 0, 'Dyke': 0, 'Storm water drain': 0, 'Emergency': 0, 'Immediate': 0, 'IM': 0, 'AE': 0, 'A E': 0, 'AAPDA MITRA': 0, 'Bridge': 0, 'River': 0, 'Drain': 2, 'Restoration': 0, 'Protection': 0, 'irr': 0, 'irrigation': 0, 'dam': 0, 'Nallah': 0, 'Retrofitting': 0, 'Pond': 0, 'Pokhari': 0, 'D/C': 0, 'Recharge shaft': 0, 'LFB': 0, 'RFB': 0}","{'Floodlight': 0, 'Flood Light': 0, 'GAS': 0, 'FIFA': 0, 'pipe': 0, 'pipes': 0, 'covid': 0, 'supply': 0, 'Beautification': 0, 'Installation': 0}",,,False,True,Immediate Measures
5086,NIT 10/2020-21 GR 106,"Construction of PCC Road and RCC drain from house of Dudhnath Jee to Jhajee via Raju Kumar in Ranjan road lane no. 03, Ward No. 38 at Nagar Parisad Danapur Nizamat.","Construction of PCC Road and RCC drain from house of Dudhnath Jee to Jhajee via Raju Kumar in Ranjan road lane no. 03, Ward No. 38 at Nagar Parisad Danapur Nizamat.",2082982.0,INR,INR,2020-09-23 06:11:28+00:00,2020-09-23T05:07:29.193000+00:00,2021-01-04T19:06:46+00:00,"EXECUTIVE OFFICER, DANAPUR NIZAMAT",EO,NAGAR PARISHAD DANAPUR NIZAMAT,NAGAR PARISHAD DANAPUR NIZAMAT WARD NO.-35,"EXECUTIVE OFFICER, DANAPUR NIZAMAT",EO,NAGAR PARISHAD DANAPUR NIZAMAT,41700.0,5000.0,590.0,True,"{'Flood': 0, 'Embankment': 0, 'embkt': 0, 'Relief': 0, 'Erosion': 0, 'SDRF': 0, 'Inundation': 0, 'Hydrology': 0, 'Silt': 0, 'Siltation': 0, 'Bund': 0, 'Trench': 0, 'Breach': 0, 'Culvert': 0, 'Sluice': 0, 'Dyke': 0, 'Storm water drain': 0, 'Emergency': 0, 'Immediate': 0, 'IM': 0, 'AE': 0, 'A E': 0, 'AAPDA MITRA': 0, 'Bridge': 0, 'River': 0, 'Drain': 2, 'Restoration': 0, 'Protection': 0, 'irr': 0, 'irrigation': 0, 'dam': 0, 'Nallah': 0, 'Retrofitting': 0, 'Pond': 0, 'Pokhari': 0, 'D/C': 0, 'Recharge shaft': 0, 'LFB': 0, 'RFB': 0}","{'Floodlight': 0, 'Flood Light': 0, 'GAS': 0, 'FIFA': 0, 'pipe': 0, 'pipes': 0, 'covid': 0, 'supply': 0, 'Beautification': 0, 'Installation': 0}",,,False,True,Immediate Measures
5094,NIT 10/2020-21 GR 114,"Construction of PCC Road and RCC drain from house of Sri Manoj Kumar to Bajrangi Jee in Kali Mandir main road connected road no. 03, Ward No. 39 at Nagar Parisad Danapur Nizamat.","Construction of PCC Road and RCC drain from house of Sri Manoj Kumar to Bajrangi Jee in Kali Mandir main road connected road no. 03, Ward No. 39 at Nagar Parisad Danapur Nizamat.",2636246.0,INR,INR,2020-09-23 06:21:11+00:00,2020-09-23T05:27:53.489000+00:00,2021-01-05T06:54:26+00:00,"EXECUTIVE OFFICER, DANAPUR NIZAMAT",EO,NAGAR PARISHAD DANAPUR NIZAMAT,NAGAR PARISHAD DANAPUR NIZAMAT WARD NO.-35,"EXECUTIVE OFFICER, DANAPUR NIZAMAT",EO,NAGAR PARISHAD DANAPUR NIZAMAT,52800.0,5000.0,590.0,True,"{'Flood': 0, 'Embankment': 0, 'embkt': 0, 'Relief': 0, 'Erosion': 0, 'SDRF': 0, 'Inundation': 0, 'Hydrology': 0, 'Silt': 0, 'Siltation': 0, 'Bund': 0, 'Trench': 0, 'Breach': 0, 'Culvert': 0, 'Sluice': 0, 'Dyke': 0, 'Storm water drain': 0, 'Emergency': 0, 'Immediate': 0, 'IM': 0, 'AE': 0, 'A E': 0, 'AAPDA MITRA': 0, 'Bridge': 0, 'River': 0, 'Drain': 2, 'Restoration': 0, 'Protection': 0, 'irr': 0, 'irrigation': 0, 'dam': 0, 'Nallah': 0, 'Retrofitting': 0, 'Pond': 0, 'Pokhari': 0, 'D/C': 0, 'Recharge shaft': 0, 'LFB': 0, 'RFB': 0}","{'Floodlight': 0, 'Flood Light': 0, 'GAS': 0, 'FIFA': 0, 'pipe': 0, 'pipes': 0, 'covid': 0, 'supply': 0, 'Beautification': 0, 'Installation': 0}",,,False,True,Immediate Measures
5097,NIT 10/2020-21 GR 117,"Construction of RCC drain from Lal Kothi Kabrgah to house of Suryadev Choudhary to Hardaspur Kali Mandir, Ward No. 40 at Nagar Parisad Danapur Nizamat.","Construction of RCC drain from Lal Kothi Kabrgah to house of Suryadev Choudhary to Hardaspur Kali Mandir, Ward No. 40 at Nagar Parisad Danapur Nizamat.",2436924.0,INR,INR,2020-09-23 06:24:57+00:00,2020-09-23T05:36:18.590000+00:00,2021-01-05T08:09:49+00:00,"EXECUTIVE OFFICER, DANAPUR NIZAMAT",EO,NAGAR PARISHAD DANAPUR NIZAMAT,NAGAR PARISHAD DANAPUR NIZAMAT WARD NO.-35,"EXECUTIVE OFFICER, DANAPUR NIZAMAT",EO,NAGAR PARISHAD DANAPUR NIZAMAT,48800.0,5000.0,590.0,True,"{'Flood': 0, 'Embankment': 0, 'embkt': 0, 'Relief': 0, 'Erosion': 0, 'SDRF': 0, 'Inundation': 0, 'Hydrology': 0, 'Silt': 0, 'Siltation': 0, 'Bund': 0, 'Trench': 0, 'Breach': 0, 'Culvert': 0, 'Sluice': 0, 'Dyke': 0, 'Storm water drain': 0, 'Emergency': 0, 'Immediate': 0, 'IM': 0, 'AE': 0, 'A E': 0, 'AAPDA MITRA': 0, 'Bridge': 0, 'River': 0, 'Drain': 2, 'Restoration': 0, 'Protection': 0, 'irr': 0, 'irrigation': 0, 'dam': 0, 'Nallah': 0, 'Retrofitting': 0, 'Pond': 0, 'Pokhari': 0, 'D/C': 0, 'Recharge shaft': 0, 'LFB': 0, 'RFB': 0}","{'Floodlight': 0, 'Flood Light': 0, 'GAS': 0, 'FIFA': 0, 'pipe': 0, 'pipes': 0, 'covid': 0, 'supply': 0, 'Beautification': 0, 'Installation': 0}",,,False,True,Immediate Measures
5116,01/2020-21/GPCDC/BUXAR/GROUP 03,"Protection work of  canal bank, canal bed and repair of inlet in D/S of Vishunpura fall in chausa branch canal at ch. 38.460 km","Protection work of  canal bank, canal bed and repair of inlet in D/S of Vishunpura fall in chausa branch canal at ch. 38.460 km",1173108.0,INR,INR,2020-09-23 11:09:00+00:00,2020-09-23T10:01:38.611000+00:00,2021-01-04T05:07:44+00:00,AWADH KUMAR SINGH (SE),SE,WATER RESOURCES DEPARTMENT,"GANGA PUMP CANAL DIVISION, CHAUSA, BUXAR",OM PRAKASH SINGH (CE),CE,WATER RESOURCES DEPARTMENT,23500.0,5000.0,590.0,True,"{'Flood': 0, 'Embankment': 0, 'embkt': 0, 'Relief': 0, 'Erosion': 0, 'SDRF': 0, 'Inundation': 0, 'Hydrology': 0, 'Silt': 0, 'Siltation': 0, 'Bund': 0, 'Trench': 0, 'Breach': 0, 'Culvert': 0, 'Sluice': 0, 'Dyke': 0, 'Storm water drain': 0, 'Emergency': 0, 'Immediate': 0, 'IM': 0, 'AE': 0, 'A E': 0, 'AAPDA MITRA': 0, 'Bridge': 0, 'River': 0, 'Drain': 0, 'Restoration': 0, 'Protection': 2, 'irr': 0, 'irrigation': 0, 'dam': 0, 'Nallah': 0, 'Retrofitting': 0, 'Pond': 0, 'Pokhari': 0, 'D/C': 0, 'Recharge shaft': 0, 'LFB': 0, 'RFB': 0}","{'Floodlight': 0, 'Flood Light': 0, 'GAS': 0, 'FIFA': 0, 'pipe': 0, 'pipes': 0, 'covid': 0, 'supply': 0, 'Beautification': 0, 'Installation': 0}",,,False,False,Immediate Measures
5119,01/2020-21/GPCDC/BUXAR/GROUP 04,protection work of canal bank and canal bed in Atrauna distributory  at C.H - 0.00 km (H.R),protection work of canal bank and canal bed in Atrauna distributory  at C.H - 0.00 km (H.R),1722292.0,INR,INR,2020-09-23 11:25:30+00:00,2020-09-23T11:09:34.114000+00:00,2021-01-04T05:05:21+00:00,AWADH KUMAR SINGH (SE),SE,WATER RESOURCES DEPARTMENT,"GANGA PUMP CANAL DIVISION, CHAUSA, BUXAR",OM PRAKASH SINGH (CE),CE,WATER RESOURCES DEPARTMENT,34500.0,5000.0,590.0,True,"{'Flood': 0, 'Embankment': 0, 'embkt': 0, 'Relief': 0, 'Erosion': 0, 'SDRF': 0, 'Inundation': 0, 'Hydrology': 0, 'Silt': 0, 'Siltation': 0, 'Bund': 0, 'Trench': 0, 'Breach': 0, 'Culvert': 0, 'Sluice': 0, 'Dyke': 0, 'Storm water drain': 0, 'Emergency': 0, 'Immediate': 0, 'IM': 0, 'AE': 0, 'A E': 0, 'AAPDA MITRA': 0, 'Bridge': 0, 'River': 0, 'Drain': 0, 'Restoration': 0, 'Protection': 2, 'irr': 0, 'irrigation': 0, 'dam': 0, 'Nallah': 0, 'Retrofitting': 0, 'Pond': 0, 'Pokhari': 0, 'D/C': 0, 'Recharge shaft': 0, 'LFB': 0, 'RFB': 0}","{'Floodlight': 0, 'Flood Light': 0, 'GAS': 0, 'FIFA': 0, 'pipe': 0, 'pipes': 0, 'covid': 0, 'supply': 0, 'Beautification': 0, 'Installation': 0}",,,False,False,Immediate Measures
5141,01/2020-21/GPCDC/01,"CANAL BANK PROTECTION WORK IN BHANPUR P.C. AT K.M. 0.00 TO 0.080 (R/S & L/S) UNDER SONE CANAL SUB DIVISION, JAMRODH (GROUP-01)","CANAL BANK PROTECTION WORK IN BHANPUR P.C. AT K.M. 0.00 TO 0.080 (R/S & L/S) UNDER SONE CANAL SUB DIVISION, JAMRODH (GROUP-01)",1891599.0,INR,INR,2020-09-23 17:44:07+00:00,2020-09-23T16:45:43.787000+00:00,2021-01-04T04:37:00+00:00,ER. VIRENDRA KUMAR RAVI,EXECUTIVE ENGINEER,"GANGA PUMP CANAL DIVISION, CHAUSA BUXAR","GANGA PUMP CANAL DIVISION, CHAUSA BUXAR",DINESH KUMAR SINGH YADAV,SE,"WATER RESOURCES DEPARTMENT, SONE CANAL CIRCLE",38000.0,5000.0,590.0,True,"{'Flood': 0, 'Embankment': 0, 'embkt': 0, 'Relief': 0, 'Erosion': 0, 'SDRF': 0, 'Inundation': 0, 'Hydrology': 0, 'Silt': 0, 'Siltation': 0, 'Bund': 0, 'Trench': 0, 'Breach': 0, 'Culvert': 0, 'Sluice': 0, 'Dyke': 0, 'Storm water drain': 0, 'Emergency': 0, 'Immediate': 0, 'IM': 0, 'AE': 0, 'A E': 0, 'AAPDA MITRA': 0, 'Bridge': 0, 'River': 0, 'Drain': 0, 'Restoration': 0, 'Protection': 2, 'irr': 0, 'irrigation': 0, 'dam': 0, 'Nallah': 0, 'Retrofitting': 0, 'Pond': 0, 'Pokhari': 0, 'D/C': 0, 'Recharge shaft': 0, 'LFB': 0, 'RFB': 0}","{'Floodlight': 0, 'Flood Light': 0, 'GAS': 0, 'FIFA': 0, 'pipe': 0, 'pipes': 0, 'covid': 0, 'supply': 0, 'Beautification': 0, 'Installation': 0}",,,False,False,Immediate Measures
5143,03/2020-21/GPCDC/01,CONSTRUCTION OF SUJATPUR NEW BRIDGE IN PLACE OF OLD BRIDGE IN CHAUSA BRANCH CANAL AT Km. 31.745 UNDER SONE CANAL SUB DIVISION JAMRODH (GROUP-01),CONSTRUCTION OF SUJATPUR NEW BRIDGE IN PLACE OF OLD BRIDGE IN CHAUSA BRANCH CANAL AT Km. 31.745 UNDER SONE CANAL SUB DIVISION JAMRODH (GROUP-01),5980560.0,INR,INR,2020-09-23 18:27:00+00:00,2020-09-23T17:54:52.543000+00:00,2021-01-04T04:11:08+00:00,ER. VIRENDRA KUMAR RAVI,EXECUTIVE ENGINEER,"GANGA PUMP CANAL DIVISION, CHAUSA BUXAR","GANGA PUMP CANAL DIVISION, CHAUSA BUXAR",DINESH KUMAR SINGH YADAV,SE,"WATER RESOURCES DEPARTMENT, SONE CANAL CIRCLE",120000.0,10000.0,590.0,True,"{'Flood': 0, 'Embankment': 0, 'embkt': 0, 'Relief': 0, 'Erosion': 0, 'SDRF': 0, 'Inundation': 0, 'Hydrology': 0, 'Silt': 0, 'Siltation': 0, 'Bund': 0, 'Trench': 0, 'Breach': 0, 'Culvert': 0, 'Sluice': 0, 'Dyke': 0, 'Storm water drain': 0, 'Emergency': 0, 'Immediate': 0, 'IM': 0, 'AE': 0, 'A E': 0, 'AAPDA MITRA': 0, 'Bridge': 4, 'River': 0, 'Drain': 0, 'Restoration': 0, 'Protection': 0, 'irr': 0, 'irrigation': 0, 'dam': 0, 'Nallah': 0, 'Retrofitting': 0, 'Pond': 0, 'Pokhari': 0, 'D/C': 0, 'Recharge shaft': 0, 'LFB': 0, 'RFB': 0}","{'Floodlight': 0, 'Flood Light': 0, 'GAS': 0, 'FIFA': 0, 'pipe': 0, 'pipes': 0, 'covid': 0, 'supply': 0, 'Beautification': 0, 'Installation': 0}",,,False,True,Immediate Measures
5142,01/2020-21/GPCDC/02,"CANAL BANK PROTECTION WORK IN SUJATPUR P.C. AT K.M. 0.00  UNDER SONE CANAL SUB DIVISION, JAMRODH (GROUP-02)","CANAL BANK PROTECTION WORK IN SUJATPUR P.C. AT K.M. 0.00  UNDER SONE CANAL SUB DIVISION, JAMRODH (GROUP-02)",1572149.0,INR,INR,2020-09-23 17:46:53+00:00,2020-09-23T17:25:22.127000+00:00,2021-01-04T04:21:57+00:00,ER. VIRENDRA KUMAR RAVI,EXECUTIVE ENGINEER,"GANGA PUMP CANAL DIVISION, CHAUSA BUXAR","GANGA PUMP CANAL DIVISION, CHAUSA BUXAR",DINESH KUMAR SINGH YADAV,SE,"WATER RESOURCES DEPARTMENT, SONE CANAL CIRCLE",31500.0,5000.0,590.0,True,"{'Flood': 0, 'Embankment': 0, 'embkt': 0, 'Relief': 0, 'Erosion': 0, 'SDRF': 0, 'Inundation': 0, 'Hydrology': 0, 'Silt': 0, 'Siltation': 0, 'Bund': 0, 'Trench': 0, 'Breach': 0, 'Culvert': 0, 'Sluice': 0, 'Dyke': 0, 'Storm water drain': 0, 'Emergency': 0, 'Immediate': 0, 'IM': 0, 'AE': 0, 'A E': 0, 'AAPDA MITRA': 0, 'Bridge': 0, 'River': 0, 'Drain': 0, 'Restoration': 0, 'Protection': 2, 'irr': 0, 'irrigation': 0, 'dam': 0, 'Nallah': 0, 'Retrofitting': 0, 'Pond': 0, 'Pokhari': 0, 'D/C': 0, 'Recharge shaft': 0, 'LFB': 0, 'RFB': 0}","{'Floodlight': 0, 'Flood Light': 0, 'GAS': 0, 'FIFA': 0, 'pipe': 0, 'pipes': 0, 'covid': 0, 'supply': 0, 'Beautification': 0, 'Installation': 0}",,,False,False,Immediate Measures
5145,01/RCD/BHAGALPUR/2020-21,"Road Crust work, Miscellaneous Work, RCC Box Culvert work, Parapet wall construction work, Protection work cum Improvement work of Domaniya Chowk Pirpainti to Babupur via Bakharpur road from CH. 0.00 to Ch. 15.855 (Total Length 15.855 Kms) for the year 2020-21 under Road Division, Bhagalpur","Road Crust work, Miscellaneous Work, RCC Box Culvert work, Parapet wall construction work, Protection work cum Improvement work of Domaniya Chowk Pirpainti to Babupur via Bakharpur road from CH. 0.00 to Ch. 15.855 (Total Length 15.855 Kms) for the year 2020-21 under Road Division, Bhagalpur",146892101.0,INR,INR,2020-09-24 10:05:29+00:00,2020-09-24T06:06:41.742000+00:00,2021-10-01T05:44:01+00:00,NAVAL KISHORE SINGH,"EXECUTIVE ENGINEER, ROAD DIVISION, BHAGALPUR","EXECUTIVE ENGINEER, ROAD DIVISION, BHAGALPUR","ADAMPUR, BHAGALPUR",PRABHA SHANKAR KOKIL,"SUPERINTENDING ENGINEER, EAST BIHAR ROAD CIRCLE, RCD, BHAGALPUR","SUPERINTENDING ENGINEER, EAST BIHAR ROAD CIRCLE, RCD, BHAGALPUR",2469000.0,10000.0,5900.0,True,"{'Flood': 0, 'Embankment': 0, 'embkt': 0, 'Relief': 0, 'Erosion': 0, 'SDRF': 0, 'Inundation': 0, 'Hydrology': 0, 'Silt': 0, 'Siltation': 0, 'Bund': 0, 'Trench': 0, 'Breach': 0, 'Culvert': 2, 'Sluice': 0, 'Dyke': 0, 'Storm water drain': 0, 'Emergency': 0, 'Immediate': 0, 'IM': 0, 'AE': 0, 'A E': 0, 'AAPDA MITRA': 0, 'Bridge': 0, 'River': 0, 'Drain': 0, 'Restoration': 0, 'Protection': 2, 'irr': 0, 'irrigation': 0, 'dam': 0, 'Nallah': 0, 'Retrofitting': 0, 'Pond': 0, 'Pokhari': 0, 'D/C': 0, 'Recharge shaft': 0, 'LFB': 0, 'RFB': 0}","{'Floodlight': 0, 'Flood Light': 0, 'GAS': 0, 'FIFA': 0, 'pipe': 0, 'pipes': 0, 'covid': 0, 'supply': 0, 'Beautification': 0, 'Installation': 0}",,,False,True,Immediate Measures
5161,NIT-02-NPSUPAUL/GROUP-74,Construction of drain with road from ram saroop kamat house to upendra kamat house at ward no 24 Under N.P.Supaul,Construction of drain with road from ram saroop kamat house to upendra kamat house at ward no 24 Under N.P.Supaul,887413.0,INR,INR,2020-09-24 11:02:55+00:00,2020-09-24T10:54:19.402000+00:00,2021-06-26T07:46:05+00:00,ARVIND KUMAR SINGH,Executive Offier Nagar Parishad Supaul,Nagar Parishad Supaul,Ward no 04 Near Bus Stand Supaul,Bhawesh kumar,Executive Officer Nagar Parishad Supaul,Nagar Parishad Supaul,18000.0,1250.0,590.0,True,"{'Flood': 0, 'Embankment': 0, 'embkt': 0, 'Relief': 0, 'Erosion': 0, 'SDRF': 0, 'Inundation': 0, 'Hydrology': 0, 'Silt': 0, 'Siltation': 0, 'Bund': 0, 'Trench': 0, 'Breach': 0, 'Culvert': 0, 'Sluice': 0, 'Dyke': 0, 'Storm water drain': 0, 'Emergency': 0, 'Immediate': 0, 'IM': 0, 'AE': 0, 'A E': 0, 'AAPDA MITRA': 0, 'Bridge': 0, 'River': 0, 'Drain': 2, 'Restoration': 0, 'Protection': 0, 'irr': 0, 'irrigation': 0, 'dam': 0, 'Nallah': 0, 'Retrofitting': 0, 'Pond': 0, 'Pokhari': 0, 'D/C': 0, 'Recharge shaft': 0, 'LFB': 0, 'RFB': 0}","{'Floodlight': 0, 'Flood Light': 0, 'GAS': 0, 'FIFA': 0, 'pipe': 0, 'pipes': 0, 'covid': 0, 'supply': 0, 'Beautification': 0, 'Installation': 0}",,,False,True,Immediate Measures
5162,NIT-02-NPSUPAUL/GROUP-75,Construction of drain with road from upendra kamat house to govind kamat house at ward no 24 Under N.P.Supaul,Construction of drain with road from upendra kamat house to govind kamat house at ward no 24 Under N.P.Supaul,654283.0,INR,INR,2020-09-24 11:06:03+00:00,2020-09-24T11:03:16.707000+00:00,2021-06-26T07:44:15+00:00,ARVIND KUMAR SINGH,Executive Offier Nagar Parishad Supaul,Nagar Parishad Supaul,Ward no 04 Near Bus Stand Supaul,Bhawesh kumar,Executive Officer Nagar Parishad Supaul,Nagar Parishad Supaul,14000.0,1250.0,590.0,True,"{'Flood': 0, 'Embankment': 0, 'embkt': 0, 'Relief': 0, 'Erosion': 0, 'SDRF': 0, 'Inundation': 0, 'Hydrology': 0, 'Silt': 0, 'Siltation': 0, 'Bund': 0, 'Trench': 0, 'Breach': 0, 'Culvert': 0, 'Sluice': 0, 'Dyke': 0, 'Storm water drain': 0, 'Emergency': 0, 'Immediate': 0, 'IM': 0, 'AE': 0, 'A E': 0, 'AAPDA MITRA': 0, 'Bridge': 0, 'River': 0, 'Drain': 2, 'Restoration': 0, 'Protection': 0, 'irr': 0, 'irrigation': 0, 'dam': 0, 'Nallah': 0, 'Retrofitting': 0, 'Pond': 0, 'Pokhari': 0, 'D/C': 0, 'Recharge shaft': 0, 'LFB': 0, 'RFB': 0}","{'Floodlight': 0, 'Flood Light': 0, 'GAS': 0, 'FIFA': 0, 'pipe': 0, 'pipes': 0, 'covid': 0, 'supply': 0, 'Beautification': 0, 'Installation': 0}",,,False,True,Immediate Measures
5163,NIT-02-NPSUPAUL/GROUP-76,Raise of drain from jatesh kamat house to manikanat kamat house at ward no 24 Under N.P.Supaul,Raise of drain from jatesh kamat house to manikanat kamat house at ward no 24 Under N.P.Supaul,344640.0,INR,INR,2020-09-24 11:09:25+00:00,2020-09-24T11:06:17.977000+00:00,2021-06-26T07:42:39+00:00,ARVIND KUMAR SINGH,Executive Offier Nagar Parishad Supaul,Nagar Parishad Supaul,Ward no 04 Near Bus Stand Supaul,Bhawesh kumar,Executive Officer Nagar Parishad Supaul,Nagar Parishad Supaul,8000.0,750.0,590.0,True,"{'Flood': 0, 'Embankment': 0, 'embkt': 0, 'Relief': 0, 'Erosion': 0, 'SDRF': 0, 'Inundation': 0, 'Hydrology': 0, 'Silt': 0, 'Siltation': 0, 'Bund': 0, 'Trench': 0, 'Breach': 0, 'Culvert': 0, 'Sluice': 0, 'Dyke': 0, 'Storm water drain': 0, 'Emergency': 0, 'Immediate': 0, 'IM': 0, 'AE': 0, 'A E': 0, 'AAPDA MITRA': 0, 'Bridge': 0, 'River': 0, 'Drain': 2, 'Restoration': 0, 'Protection': 0, 'irr': 0, 'irrigation': 0, 'dam': 0, 'Nallah': 0, 'Retrofitting': 0, 'Pond': 0, 'Pokhari': 0, 'D/C': 0, 'Recharge shaft': 0, 'LFB': 0, 'RFB': 0}","{'Floodlight': 0, 'Flood Light': 0, 'GAS': 0, 'FIFA': 0, 'pipe': 0, 'pipes': 0, 'covid': 0, 'supply': 0, 'Beautification': 0, 'Installation': 0}",,,False,True,Immediate Measures
5167,NIT-02-NPSUPAUL/GROUP-80,Raise of drain from Dr. Rajaram gupta house to madan gupta at ward no 25 Under N.P.Supaul,Raise of drain from Dr. Rajaram gupta house to madan gupta at ward no 25 Under N.P.Supaul,59179.0,INR,INR,2020-09-24 11:21:23+00:00,2020-09-24T11:18:21.482000+00:00,2021-06-26T07:20:48+00:00,ARVIND KUMAR SINGH,Executive Offier Nagar Parishad Supaul,Nagar Parishad Supaul,Ward no 04 Near Bus Stand Supaul,Bhawesh kumar,Executive Officer Nagar Parishad Supaul,Nagar Parishad Supaul,1500.0,500.0,590.0,True,"{'Flood': 0, 'Embankment': 0, 'embkt': 0, 'Relief': 0, 'Erosion': 0, 'SDRF': 0, 'Inundation': 0, 'Hydrology': 0, 'Silt': 0, 'Siltation': 0, 'Bund': 0, 'Trench': 0, 'Breach': 0, 'Culvert': 0, 'Sluice': 0, 'Dyke': 0, 'Storm water drain': 0, 'Emergency': 0, 'Immediate': 0, 'IM': 0, 'AE': 0, 'A E': 0, 'AAPDA MITRA': 0, 'Bridge': 0, 'River': 0, 'Drain': 2, 'Restoration': 0, 'Protection': 0, 'irr': 0, 'irrigation': 0, 'dam': 0, 'Nallah': 0, 'Retrofitting': 0, 'Pond': 0, 'Pokhari': 0, 'D/C': 0, 'Recharge shaft': 0, 'LFB': 0, 'RFB': 0}","{'Floodlight': 0, 'Flood Light': 0, 'GAS': 0, 'FIFA': 0, 'pipe': 0, 'pipes': 0, 'covid': 0, 'supply': 0, 'Beautification': 0, 'Installation': 0}",,,False,True,Immediate Measures
5166,NIT-02-NPSUPAUL/GROUP-79,Raise of drain from harprashad sah house to mahendra mistri house at ward no 25 Under N.P.Supaul,Raise of drain from harprashad sah house to mahendra mistri house at ward no 25 Under N.P.Supaul,117556.0,INR,INR,2020-09-24 11:18:01+00:00,2020-09-24T11:15:30.260000+00:00,2021-06-26T07:23:59+00:00,ARVIND KUMAR SINGH,Executive Offier Nagar Parishad Supaul,Nagar Parishad Supaul,Ward no 04 Near Bus Stand Supaul,Bhawesh kumar,Executive Officer Nagar Parishad Supaul,Nagar Parishad Supaul,4000.0,500.0,590.0,True,"{'Flood': 0, 'Embankment': 0, 'embkt': 0, 'Relief': 0, 'Erosion': 0, 'SDRF': 0, 'Inundation': 0, 'Hydrology': 0, 'Silt': 0, 'Siltation': 0, 'Bund': 0, 'Trench': 0, 'Breach': 0, 'Culvert': 0, 'Sluice': 0, 'Dyke': 0, 'Storm water drain': 0, 'Emergency': 0, 'Immediate': 0, 'IM': 0, 'AE': 0, 'A E': 0, 'AAPDA MITRA': 0, 'Bridge': 0, 'River': 0, 'Drain': 2, 'Restoration': 0, 'Protection': 0, 'irr': 0, 'irrigation': 0, 'dam': 0, 'Nallah': 0, 'Retrofitting': 0, 'Pond': 0, 'Pokhari': 0, 'D/C': 0, 'Recharge shaft': 0, 'LFB': 0, 'RFB': 0}","{'Floodlight': 0, 'Flood Light': 0, 'GAS': 0, 'FIFA': 0, 'pipe': 0, 'pipes': 0, 'covid': 0, 'supply': 0, 'Beautification': 0, 'Installation': 0}",,,False,True,Immediate Measures
5165,NIT-02-NPSUPAUL/GROUP-78,Construction of raise of drain with road from late magni singh house to topal sah house at ward no 25 Under N.P.Supaul,Construction of raise of drain with road from late magni singh house to topal sah house at ward no 25 Under N.P.Supaul,2410203.0,INR,INR,2020-09-24 11:15:16+00:00,2020-09-24T11:12:29.745000+00:00,2021-06-26T07:26:03+00:00,ARVIND KUMAR SINGH,Executive Offier Nagar Parishad Supaul,Nagar Parishad Supaul,Ward no 04 Near Bus Stand Supaul,Bhawesh kumar,Executive Officer Nagar Parishad Supaul,Nagar Parishad Supaul,49000.0,5000.0,590.0,True,"{'Flood': 0, 'Embankment': 0, 'embkt': 0, 'Relief': 0, 'Erosion': 0, 'SDRF': 0, 'Inundation': 0, 'Hydrology': 0, 'Silt': 0, 'Siltation': 0, 'Bund': 0, 'Trench': 0, 'Breach': 0, 'Culvert': 0, 'Sluice': 0, 'Dyke': 0, 'Storm water drain': 0, 'Emergency': 0, 'Immediate': 0, 'IM': 0, 'AE': 0, 'A E': 0, 'AAPDA MITRA': 0, 'Bridge': 0, 'River': 0, 'Drain': 2, 'Restoration': 0, 'Protection': 0, 'irr': 0, 'irrigation': 0, 'dam': 0, 'Nallah': 0, 'Retrofitting': 0, 'Pond': 0, 'Pokhari': 0, 'D/C': 0, 'Recharge shaft': 0, 'LFB': 0, 'RFB': 0}","{'Floodlight': 0, 'Flood Light': 0, 'GAS': 0, 'FIFA': 0, 'pipe': 0, 'pipes': 0, 'covid': 0, 'supply': 0, 'Beautification': 0, 'Installation': 0}",,,False,True,Immediate Measures
5164,NIT-02-NPSUPAUL/GROUP-77,Construction of drain with road from sambhu shankar das house to arvind lal das house at ward no 24 Under N.P.Supaul,Construction of drain with road from sambhu shankar das house to arvind lal das house at ward no 24 Under N.P.Supaul,753707.0,INR,INR,2020-09-24 11:12:08+00:00,2020-09-24T11:09:44.337000+00:00,2021-06-26T07:34:34+00:00,ARVIND KUMAR SINGH,Executive Offier Nagar Parishad Supaul,Nagar Parishad Supaul,Ward no 04 Near Bus Stand Supaul,Bhawesh kumar,Executive Officer Nagar Parishad Supaul,Nagar Parishad Supaul,16000.0,1250.0,590.0,True,"{'Flood': 0, 'Embankment': 0, 'embkt': 0, 'Relief': 0, 'Erosion': 0, 'SDRF': 0, 'Inundation': 0, 'Hydrology': 0, 'Silt': 0, 'Siltation': 0, 'Bund': 0, 'Trench': 0, 'Breach': 0, 'Culvert': 0, 'Sluice': 0, 'Dyke': 0, 'Storm water drain': 0, 'Emergency': 0, 'Immediate': 0, 'IM': 0, 'AE': 0, 'A E': 0, 'AAPDA MITRA': 0, 'Bridge': 0, 'River': 0, 'Drain': 2, 'Restoration': 0, 'Protection': 0, 'irr': 0, 'irrigation': 0, 'dam': 0, 'Nallah': 0, 'Retrofitting': 0, 'Pond': 0, 'Pokhari': 0, 'D/C': 0, 'Recharge shaft': 0, 'LFB': 0, 'RFB': 0}","{'Floodlight': 0, 'Flood Light': 0, 'GAS': 0, 'FIFA': 0, 'pipe': 0, 'pipes': 0, 'covid': 0, 'supply': 0, 'Beautification': 0, 'Installation': 0}",,,False,True,Immediate Measures
5174,NIT-02-NPSUPAUL/GROUP-85,Construction of drain with road from pappu poddar house to dinesh bhagat house at ward no 26 Under N.P.Supaul,Construction of drain with road from pappu poddar house to dinesh bhagat house at ward no 26 Under N.P.Supaul,1416228.0,INR,INR,2020-09-24 12:08:45+00:00,2020-09-24T12:00:18.471000+00:00,2021-06-26T07:09:34+00:00,ARVIND KUMAR SINGH,Executive Offier Nagar Parishad Supaul,Nagar Parishad Supaul,Ward no 04 Near Bus Stand Supaul,Bhawesh kumar,Executive Officer Nagar Parishad Supaul,Nagar Parishad Supaul,28000.0,2500.0,590.0,True,"{'Flood': 0, 'Embankment': 0, 'embkt': 0, 'Relief': 0, 'Erosion': 0, 'SDRF': 0, 'Inundation': 0, 'Hydrology': 0, 'Silt': 0, 'Siltation': 0, 'Bund': 0, 'Trench': 0, 'Breach': 0, 'Culvert': 0, 'Sluice': 0, 'Dyke': 0, 'Storm water drain': 0, 'Emergency': 0, 'Immediate': 0, 'IM': 0, 'AE': 0, 'A E': 0, 'AAPDA MITRA': 0, 'Bridge': 0, 'River': 0, 'Drain': 2, 'Restoration': 0, 'Protection': 0, 'irr': 0, 'irrigation': 0, 'dam': 0, 'Nallah': 0, 'Retrofitting': 0, 'Pond': 0, 'Pokhari': 0, 'D/C': 0, 'Recharge shaft': 0, 'LFB': 0, 'RFB': 0}","{'Floodlight': 0, 'Flood Light': 0, 'GAS': 0, 'FIFA': 0, 'pipe': 0, 'pipes': 0, 'covid': 0, 'supply': 0, 'Beautification': 0, 'Installation': 0}",,,False,True,Immediate Measures
5170,NIT-02-NPSUPAUL/GROUP-83,Construction of drain from urdu primary school to md taslim at ward no 26 Under N.P.Supaul,Construction of drain from urdu primary school to md taslim at ward no 26 Under N.P.Supaul,1570906.0,INR,INR,2020-09-24 11:39:27+00:00,2020-09-24T11:32:04.397000+00:00,2021-06-26T07:15:30+00:00,ARVIND KUMAR SINGH,Executive Offier Nagar Parishad Supaul,Nagar Parishad Supaul,Ward no 04 Near Bus Stand Supaul,Bhawesh kumar,Executive Officer Nagar Parishad Supaul,Nagar Parishad Supaul,32000.0,5000.0,590.0,True,"{'Flood': 0, 'Embankment': 0, 'embkt': 0, 'Relief': 0, 'Erosion': 0, 'SDRF': 0, 'Inundation': 0, 'Hydrology': 0, 'Silt': 0, 'Siltation': 0, 'Bund': 0, 'Trench': 0, 'Breach': 0, 'Culvert': 0, 'Sluice': 0, 'Dyke': 0, 'Storm water drain': 0, 'Emergency': 0, 'Immediate': 0, 'IM': 0, 'AE': 0, 'A E': 0, 'AAPDA MITRA': 0, 'Bridge': 0, 'River': 0, 'Drain': 2, 'Restoration': 0, 'Protection': 0, 'irr': 0, 'irrigation': 0, 'dam': 0, 'Nallah': 0, 'Retrofitting': 0, 'Pond': 0, 'Pokhari': 0, 'D/C': 0, 'Recharge shaft': 0, 'LFB': 0, 'RFB': 0}","{'Floodlight': 0, 'Flood Light': 0, 'GAS': 0, 'FIFA': 0, 'pipe': 0, 'pipes': 0, 'covid': 0, 'supply': 0, 'Beautification': 0, 'Installation': 0}",,,False,True,Immediate Measures
5169,NIT-02-NPSUPAUL/GROUP-82,Construction of drain from narayan sah house to Idgah at ward no 26 Under N.P.Supaul,Construction of drain from narayan sah house to Idgah at ward no 26 Under N.P.Supaul,2463582.0,INR,INR,2020-09-24 11:31:02+00:00,2020-09-24T11:25:30.248000+00:00,2021-06-26T07:18:39+00:00,ARVIND KUMAR SINGH,Executive Offier Nagar Parishad Supaul,Nagar Parishad Supaul,Ward no 04 Near Bus Stand Supaul,Bhawesh kumar,Executive Officer Nagar Parishad Supaul,Nagar Parishad Supaul,50000.0,5000.0,590.0,True,"{'Flood': 0, 'Embankment': 0, 'embkt': 0, 'Relief': 0, 'Erosion': 0, 'SDRF': 0, 'Inundation': 0, 'Hydrology': 0, 'Silt': 0, 'Siltation': 0, 'Bund': 0, 'Trench': 0, 'Breach': 0, 'Culvert': 0, 'Sluice': 0, 'Dyke': 0, 'Storm water drain': 0, 'Emergency': 0, 'Immediate': 0, 'IM': 0, 'AE': 0, 'A E': 0, 'AAPDA MITRA': 0, 'Bridge': 0, 'River': 0, 'Drain': 2, 'Restoration': 0, 'Protection': 0, 'irr': 0, 'irrigation': 0, 'dam': 0, 'Nallah': 0, 'Retrofitting': 0, 'Pond': 0, 'Pokhari': 0, 'D/C': 0, 'Recharge shaft': 0, 'LFB': 0, 'RFB': 0}","{'Floodlight': 0, 'Flood Light': 0, 'GAS': 0, 'FIFA': 0, 'pipe': 0, 'pipes': 0, 'covid': 0, 'supply': 0, 'Beautification': 0, 'Installation': 0}",,,False,True,Immediate Measures
5175,NIT-02-NPSUPAUL/GROUP-86,Construction of drain with road from bharat sah house to nageshwar sah at ward no 26 Under N.P.Supaul,Construction of drain with road from bharat sah house to nageshwar sah at ward no 26 Under N.P.Supaul,424061.0,INR,INR,2020-09-24 12:12:53+00:00,2020-09-24T12:08:58.763000+00:00,2021-06-26T07:06:03+00:00,ARVIND KUMAR SINGH,Executive Offier Nagar Parishad Supaul,Nagar Parishad Supaul,Ward no 04 Near Bus Stand Supaul,Bhawesh kumar,Executive Officer Nagar Parishad Supaul,Nagar Parishad Supaul,10000.0,750.0,590.0,True,"{'Flood': 0, 'Embankment': 0, 'embkt': 0, 'Relief': 0, 'Erosion': 0, 'SDRF': 0, 'Inundation': 0, 'Hydrology': 0, 'Silt': 0, 'Siltation': 0, 'Bund': 0, 'Trench': 0, 'Breach': 0, 'Culvert': 0, 'Sluice': 0, 'Dyke': 0, 'Storm water drain': 0, 'Emergency': 0, 'Immediate': 0, 'IM': 0, 'AE': 0, 'A E': 0, 'AAPDA MITRA': 0, 'Bridge': 0, 'River': 0, 'Drain': 2, 'Restoration': 0, 'Protection': 0, 'irr': 0, 'irrigation': 0, 'dam': 0, 'Nallah': 0, 'Retrofitting': 0, 'Pond': 0, 'Pokhari': 0, 'D/C': 0, 'Recharge shaft': 0, 'LFB': 0, 'RFB': 0}","{'Floodlight': 0, 'Flood Light': 0, 'GAS': 0, 'FIFA': 0, 'pipe': 0, 'pipes': 0, 'covid': 0, 'supply': 0, 'Beautification': 0, 'Installation': 0}",,,False,True,Immediate Measures
5176,NIT-02-NPSUPAUL/GROUP-87,Construction of drain from urdu middle school to md jakir house at ward no 26 Under N.P.Supaul,Construction of drain from urdu middle school to md jakir house at ward no 26 Under N.P.Supaul,364558.0,INR,INR,2020-09-24 12:17:49+00:00,2020-09-24T12:13:13.863000+00:00,2021-06-26T07:03:43+00:00,ARVIND KUMAR SINGH,Executive Offier Nagar Parishad Supaul,Nagar Parishad Supaul,Ward no 04 Near Bus Stand Supaul,Bhawesh kumar,Executive Officer Nagar Parishad Supaul,Nagar Parishad Supaul,8000.0,750.0,590.0,True,"{'Flood': 0, 'Embankment': 0, 'embkt': 0, 'Relief': 0, 'Erosion': 0, 'SDRF': 0, 'Inundation': 0, 'Hydrology': 0, 'Silt': 0, 'Siltation': 0, 'Bund': 0, 'Trench': 0, 'Breach': 0, 'Culvert': 0, 'Sluice': 0, 'Dyke': 0, 'Storm water drain': 0, 'Emergency': 0, 'Immediate': 0, 'IM': 0, 'AE': 0, 'A E': 0, 'AAPDA MITRA': 0, 'Bridge': 0, 'River': 0, 'Drain': 2, 'Restoration': 0, 'Protection': 0, 'irr': 0, 'irrigation': 0, 'dam': 0, 'Nallah': 0, 'Retrofitting': 0, 'Pond': 0, 'Pokhari': 0, 'D/C': 0, 'Recharge shaft': 0, 'LFB': 0, 'RFB': 0}","{'Floodlight': 0, 'Flood Light': 0, 'GAS': 0, 'FIFA': 0, 'pipe': 0, 'pipes': 0, 'covid': 0, 'supply': 0, 'Beautification': 0, 'Installation': 0}",,,False,True,Immediate Measures
5194,NIT06/2020-21/GR01,"constraction of RCC drain & PCC Road from House of Satramin miyan to House of Dwarika Yadav,House of Gogho yadav to house of rangi yadav & house of ganga yadav to house of kamlesh yadav in ward no-15 under nagar parishad Bagaha. during year 2020-21.","constraction of RCC drain & PCC Road from House of Satramin miyan to House of Dwarika Yadav,House of Gogho yadav to house of rangi yadav & house of ganga yadav to house of kamlesh yadav in ward no-15 under nagar parishad Bagaha. during year 2020-21.",1137000.0,INR,INR,2020-09-25 02:16:10+00:00,2020-09-25T02:03:39.906000+00:00,2020-12-08T14:27:28+00:00,EXECUTIVE OFFICER BAGAHA,EXECUTIVE OFFICER BAGAHA,NAGAR PARISHAD BAGAHA,NAGAR PARISHAD BAGAHA,"Executive officer,Bagaha","EXECUTIVE OFFICER, BAGAHA",NAGAR PARISHAD BAGAHA,23000.0,2500.0,590.0,True,"{'Flood': 0, 'Embankment': 0, 'embkt': 0, 'Relief': 0, 'Erosion': 0, 'SDRF': 0, 'Inundation': 0, 'Hydrology': 0, 'Silt': 0, 'Siltation': 0, 'Bund': 0, 'Trench': 0, 'Breach': 0, 'Culvert': 0, 'Sluice': 0, 'Dyke': 0, 'Storm water drain': 0, 'Emergency': 0, 'Immediate': 0, 'IM': 0, 'AE': 0, 'A E': 0, 'AAPDA MITRA': 0, 'Bridge': 0, 'River': 0, 'Drain': 2, 'Restoration': 0, 'Protection': 0, 'irr': 0, 'irrigation': 0, 'dam': 0, 'Nallah': 0, 'Retrofitting': 0, 'Pond': 0, 'Pokhari': 0, 'D/C': 0, 'Recharge shaft': 0, 'LFB': 0, 'RFB': 0}","{'Floodlight': 0, 'Flood Light': 0, 'GAS': 0, 'FIFA': 0, 'pipe': 0, 'pipes': 0, 'covid': 0, 'supply': 0, 'Beautification': 0, 'Installation': 0}",,,False,True,Immediate Measures
5195,NIT06/2020-21/GR02,constraction of RCC drain from Mill of Manoj Prasad to House of Sujit Chaudhary  ward no-22 under nagar parishad Bagaha. during year 2020-21.,constraction of RCC drain from Mill of Manoj Prasad to House of Sujit Chaudhary  ward no-22 under nagar parishad Bagaha. during year 2020-21.,989000.0,INR,INR,2020-09-25 02:27:48+00:00,2020-09-25T02:16:40.224000+00:00,2020-12-08T14:36:45+00:00,EXECUTIVE OFFICER BAGAHA,EXECUTIVE OFFICER BAGAHA,NAGAR PARISHAD BAGAHA,NAGAR PARISHAD BAGAHA,"Executive officer,Bagaha","EXECUTIVE OFFICER, BAGAHA",NAGAR PARISHAD BAGAHA,20000.0,1250.0,590.0,True,"{'Flood': 0, 'Embankment': 0, 'embkt': 0, 'Relief': 0, 'Erosion': 0, 'SDRF': 0, 'Inundation': 0, 'Hydrology': 0, 'Silt': 0, 'Siltation': 0, 'Bund': 0, 'Trench': 0, 'Breach': 0, 'Culvert': 0, 'Sluice': 0, 'Dyke': 0, 'Storm water drain': 0, 'Emergency': 0, 'Immediate': 0, 'IM': 0, 'AE': 0, 'A E': 0, 'AAPDA MITRA': 0, 'Bridge': 0, 'River': 0, 'Drain': 2, 'Restoration': 0, 'Protection': 0, 'irr': 0, 'irrigation': 0, 'dam': 0, 'Nallah': 0, 'Retrofitting': 0, 'Pond': 0, 'Pokhari': 0, 'D/C': 0, 'Recharge shaft': 0, 'LFB': 0, 'RFB': 0}","{'Floodlight': 0, 'Flood Light': 0, 'GAS': 0, 'FIFA': 0, 'pipe': 0, 'pipes': 0, 'covid': 0, 'supply': 0, 'Beautification': 0, 'Installation': 0}",,,False,True,Immediate Measures
5196,NIT06/2020-21/GR03,constraction of RCC drain from House of Bhagat Ram to house of Hiraman Thakur   ward no-28 under nagar parishad Bagaha. during year 2020-21.,constraction of RCC drain from House of Bhagat Ram to house of Hiraman Thakur   ward no-28 under nagar parishad Bagaha. during year 2020-21.,1446000.0,INR,INR,2020-09-25 02:33:01+00:00,2020-09-25T02:28:25.799000+00:00,2020-12-08T14:41:19+00:00,EXECUTIVE OFFICER BAGAHA,EXECUTIVE OFFICER BAGAHA,NAGAR PARISHAD BAGAHA,NAGAR PARISHAD BAGAHA,"Executive officer,Bagaha","EXECUTIVE OFFICER, BAGAHA",NAGAR PARISHAD BAGAHA,29000.0,2500.0,590.0,True,"{'Flood': 0, 'Embankment': 0, 'embkt': 0, 'Relief': 0, 'Erosion': 0, 'SDRF': 0, 'Inundation': 0, 'Hydrology': 0, 'Silt': 0, 'Siltation': 0, 'Bund': 0, 'Trench': 0, 'Breach': 0, 'Culvert': 0, 'Sluice': 0, 'Dyke': 0, 'Storm water drain': 0, 'Emergency': 0, 'Immediate': 0, 'IM': 0, 'AE': 0, 'A E': 0, 'AAPDA MITRA': 0, 'Bridge': 0, 'River': 0, 'Drain': 2, 'Restoration': 0, 'Protection': 0, 'irr': 0, 'irrigation': 0, 'dam': 0, 'Nallah': 0, 'Retrofitting': 0, 'Pond': 0, 'Pokhari': 0, 'D/C': 0, 'Recharge shaft': 0, 'LFB': 0, 'RFB': 0}","{'Floodlight': 0, 'Flood Light': 0, 'GAS': 0, 'FIFA': 0, 'pipe': 0, 'pipes': 0, 'covid': 0, 'supply': 0, 'Beautification': 0, 'Installation': 0}",,,False,True,Immediate Measures
5199,NIT NO -11/2020-21/GR01/NPNAVINAGAR,"Construction of Road and Drain From Taufiq House to Aftab Ansari House , From Shamsher House Remains part on the Peepal Tree in Ward No.02 Under Nagar Panchayat Navinagar.","Construction of Road and Drain From Taufiq House to Aftab Ansari House , From Shamsher House Remains part on the Peepal Tree in Ward No.02 Under Nagar Panchayat Navinagar.",1526810.0,INR,INR,2020-09-25 08:52:02+00:00,2020-09-25T04:22:39.176000+00:00,2020-10-10T06:14:23+00:00,Rishikesh Awasthi (Executive Office),EO,"Nagar Panchayat , Nabinagar","Near Police Station ,Nabinagar",Rishikesh Awasthi (Executive Officer),EO,"Nagar Panchayat , Nabinagar",30600.0,5000.0,590.0,True,"{'Flood': 0, 'Embankment': 0, 'embkt': 0, 'Relief': 0, 'Erosion': 0, 'SDRF': 0, 'Inundation': 0, 'Hydrology': 0, 'Silt': 0, 'Siltation': 0, 'Bund': 0, 'Trench': 0, 'Breach': 0, 'Culvert': 0, 'Sluice': 0, 'Dyke': 0, 'Storm water drain': 0, 'Emergency': 0, 'Immediate': 0, 'IM': 0, 'AE': 0, 'A E': 0, 'AAPDA MITRA': 0, 'Bridge': 0, 'River': 0, 'Drain': 2, 'Restoration': 0, 'Protection': 0, 'irr': 0, 'irrigation': 0, 'dam': 0, 'Nallah': 0, 'Retrofitting': 0, 'Pond': 0, 'Pokhari': 0, 'D/C': 0, 'Recharge shaft': 0, 'LFB': 0, 'RFB': 0}","{'Floodlight': 0, 'Flood Light': 0, 'GAS': 0, 'FIFA': 0, 'pipe': 0, 'pipes': 0, 'covid': 0, 'supply': 0, 'Beautification': 0, 'Installation': 0}",,,False,True,Immediate Measures
5203,NIT NO -11/2020-21/GR03/NPNAVINAGAR,Construction of Road & Drain From Raja Gopal School to Chauhan house of Vipin Pandey house in Ward no-03 under NP Nabinagar.,Construction of Road & Drain From Raja Gopal School to Chauhan house of Vipin Pandey house in Ward no-03 under NP Nabinagar.,2117942.0,INR,INR,2020-09-25 08:48:58+00:00,2020-09-25T07:05:28.920000+00:00,2020-10-10T06:47:27+00:00,Rishikesh Awasthi (Executive Office),EO,"Nagar Panchayat , Nabinagar","Near Police Station ,Nabinagar",Rishikesh Awasthi (Executive Officer),EO,"Nagar Panchayat , Nabinagar",42400.0,5000.0,590.0,True,"{'Flood': 0, 'Embankment': 0, 'embkt': 0, 'Relief': 0, 'Erosion': 0, 'SDRF': 0, 'Inundation': 0, 'Hydrology': 0, 'Silt': 0, 'Siltation': 0, 'Bund': 0, 'Trench': 0, 'Breach': 0, 'Culvert': 0, 'Sluice': 0, 'Dyke': 0, 'Storm water drain': 0, 'Emergency': 0, 'Immediate': 0, 'IM': 0, 'AE': 0, 'A E': 0, 'AAPDA MITRA': 0, 'Bridge': 0, 'River': 0, 'Drain': 2, 'Restoration': 0, 'Protection': 0, 'irr': 0, 'irrigation': 0, 'dam': 0, 'Nallah': 0, 'Retrofitting': 0, 'Pond': 0, 'Pokhari': 0, 'D/C': 0, 'Recharge shaft': 0, 'LFB': 0, 'RFB': 0}","{'Floodlight': 0, 'Flood Light': 0, 'GAS': 0, 'FIFA': 0, 'pipe': 0, 'pipes': 0, 'covid': 0, 'supply': 0, 'Beautification': 0, 'Installation': 0}",,,False,True,Immediate Measures
5207,NIT NO -11/2020-21/GR07/NPNAVINAGAR,Construction of Ghat in the pond near Shankar Bhagwan temple in village Gurdi in Ward no-05 under Nagar Panchayat Nabinagar.,Construction of Ghat in the pond near Shankar Bhagwan temple in village Gurdi in Ward no-05 under Nagar Panchayat Nabinagar.,2285743.0,INR,INR,2020-09-25 08:43:24+00:00,2020-09-25T07:19:06.134000+00:00,2020-10-12T10:51:08+00:00,Rishikesh Awasthi (Executive Office),EO,"Nagar Panchayat , Nabinagar","Near Police Station ,Nabinagar",Rishikesh Awasthi (Executive Officer),EO,"Nagar Panchayat , Nabinagar",45800.0,5000.0,590.0,True,"{'Flood': 0, 'Embankment': 0, 'embkt': 0, 'Relief': 0, 'Erosion': 0, 'SDRF': 0, 'Inundation': 0, 'Hydrology': 0, 'Silt': 0, 'Siltation': 0, 'Bund': 0, 'Trench': 0, 'Breach': 0, 'Culvert': 0, 'Sluice': 0, 'Dyke': 0, 'Storm water drain': 0, 'Emergency': 0, 'Immediate': 0, 'IM': 0, 'AE': 0, 'A E': 0, 'AAPDA MITRA': 0, 'Bridge': 0, 'River': 0, 'Drain': 0, 'Restoration': 0, 'Protection': 0, 'irr': 0, 'irrigation': 0, 'dam': 0, 'Nallah': 0, 'Retrofitting': 0, 'Pond': 2, 'Pokhari': 0, 'D/C': 0, 'Recharge shaft': 0, 'LFB': 0, 'RFB': 0}","{'Floodlight': 0, 'Flood Light': 0, 'GAS': 0, 'FIFA': 0, 'pipe': 0, 'pipes': 0, 'covid': 0, 'supply': 0, 'Beautification': 0, 'Installation': 0}",,,False,False,Immediate Measures
5205,NIT NO -11/2020-21/GR05/NPNAVINAGAR,Construction of Road & Drain and Remaining part of Girja singh house to Braham Asthan in Ward no-05 under NP Nabinagar.,Construction of Road & Drain and Remaining part of Girja singh house to Braham Asthan in Ward no-05 under NP Nabinagar.,2431414.0,INR,INR,2020-09-25 08:46:06+00:00,2020-09-25T07:12:39.872000+00:00,2020-10-12T10:38:06+00:00,Rishikesh Awasthi (Executive Office),EO,"Nagar Panchayat , Nabinagar","Near Police Station ,Nabinagar",Rishikesh Awasthi (Executive Officer),EO,"Nagar Panchayat , Nabinagar",48700.0,5000.0,590.0,True,"{'Flood': 0, 'Embankment': 0, 'embkt': 0, 'Relief': 0, 'Erosion': 0, 'SDRF': 0, 'Inundation': 0, 'Hydrology': 0, 'Silt': 0, 'Siltation': 0, 'Bund': 0, 'Trench': 0, 'Breach': 0, 'Culvert': 0, 'Sluice': 0, 'Dyke': 0, 'Storm water drain': 0, 'Emergency': 0, 'Immediate': 0, 'IM': 0, 'AE': 0, 'A E': 0, 'AAPDA MITRA': 0, 'Bridge': 0, 'River': 0, 'Drain': 2, 'Restoration': 0, 'Protection': 0, 'irr': 0, 'irrigation': 0, 'dam': 0, 'Nallah': 0, 'Retrofitting': 0, 'Pond': 0, 'Pokhari': 0, 'D/C': 0, 'Recharge shaft': 0, 'LFB': 0, 'RFB': 0}","{'Floodlight': 0, 'Flood Light': 0, 'GAS': 0, 'FIFA': 0, 'pipe': 0, 'pipes': 0, 'covid': 0, 'supply': 0, 'Beautification': 0, 'Installation': 0}",,,False,True,Immediate Measures
5214,NIT NO -11/2020-21/GR12/NPNAVINAGAR,Construction of Pcc Road & Drain from house of Dhnauti Anirudh Singh to Pakki road in Ward no-11 under NP Nabinagar.,Construction of Pcc Road & Drain from house of Dhnauti Anirudh Singh to Pakki road in Ward no-11 under NP Nabinagar.,992234.0,INR,INR,2020-09-25 08:36:13+00:00,2020-09-25T07:38:46.575000+00:00,2020-10-13T08:15:03+00:00,Rishikesh Awasthi (Executive Office),EO,"Nagar Panchayat , Nabinagar","Near Police Station ,Nabinagar",Rishikesh Awasthi (Executive Officer),EO,"Nagar Panchayat , Nabinagar",19900.0,1250.0,590.0,True,"{'Flood': 0, 'Embankment': 0, 'embkt': 0, 'Relief': 0, 'Erosion': 0, 'SDRF': 0, 'Inundation': 0, 'Hydrology': 0, 'Silt': 0, 'Siltation': 0, 'Bund': 0, 'Trench': 0, 'Breach': 0, 'Culvert': 0, 'Sluice': 0, 'Dyke': 0, 'Storm water drain': 0, 'Emergency': 0, 'Immediate': 0, 'IM': 0, 'AE': 0, 'A E': 0, 'AAPDA MITRA': 0, 'Bridge': 0, 'River': 0, 'Drain': 2, 'Restoration': 0, 'Protection': 0, 'irr': 0, 'irrigation': 0, 'dam': 0, 'Nallah': 0, 'Retrofitting': 0, 'Pond': 0, 'Pokhari': 0, 'D/C': 0, 'Recharge shaft': 0, 'LFB': 0, 'RFB': 0}","{'Floodlight': 0, 'Flood Light': 0, 'GAS': 0, 'FIFA': 0, 'pipe': 0, 'pipes': 0, 'covid': 0, 'supply': 0, 'Beautification': 0, 'Installation': 0}",,,False,True,Immediate Measures
5215,NIT NO -11/2020-21/GR13/NPNAVINAGAR,Construction of Pcc Road & Drain from the back of the petrol pump in PWD road via Anil Chandravanshi Tuna Singh and Prince Pratap house in Ward no-13 under NP Nabinagar.,Construction of Pcc Road & Drain from the back of the petrol pump in PWD road via Anil Chandravanshi Tuna Singh and Prince Pratap house in Ward no-13 under NP Nabinagar.,2350367.0,INR,INR,2020-09-25 08:34:41+00:00,2020-09-25T07:47:30.501000+00:00,2020-10-09T10:40:20+00:00,Rishikesh Awasthi (Executive Office),EO,"Nagar Panchayat , Nabinagar","Near Police Station ,Nabinagar",Rishikesh Awasthi (Executive Officer),EO,"Nagar Panchayat , Nabinagar",47100.0,5000.0,590.0,True,"{'Flood': 0, 'Embankment': 0, 'embkt': 0, 'Relief': 0, 'Erosion': 0, 'SDRF': 0, 'Inundation': 0, 'Hydrology': 0, 'Silt': 0, 'Siltation': 0, 'Bund': 0, 'Trench': 0, 'Breach': 0, 'Culvert': 0, 'Sluice': 0, 'Dyke': 0, 'Storm water drain': 0, 'Emergency': 0, 'Immediate': 0, 'IM': 0, 'AE': 0, 'A E': 0, 'AAPDA MITRA': 0, 'Bridge': 0, 'River': 0, 'Drain': 2, 'Restoration': 0, 'Protection': 0, 'irr': 0, 'irrigation': 0, 'dam': 0, 'Nallah': 0, 'Retrofitting': 0, 'Pond': 0, 'Pokhari': 0, 'D/C': 0, 'Recharge shaft': 0, 'LFB': 0, 'RFB': 0}","{'Floodlight': 0, 'Flood Light': 0, 'GAS': 0, 'FIFA': 0, 'pipe': 0, 'pipes': 0, 'covid': 0, 'supply': 0, 'Beautification': 0, 'Installation': 0}",,,False,True,Immediate Measures
5216,NIT NO -11/2020-21/GR14/NPNAVINAGAR,Construction of Drain from Ashok Chaudhary's house to Radha Krishna Thakurbari in Ward no-10 under NP Nabinagar.,Construction of Drain from Ashok Chaudhary's house to Radha Krishna Thakurbari in Ward no-10 under NP Nabinagar.,1749837.0,INR,INR,2020-09-25 08:33:35+00:00,2020-09-25T07:52:01.854000+00:00,2020-10-12T10:16:07+00:00,Rishikesh Awasthi (Executive Office),EO,"Nagar Panchayat , Nabinagar","Near Police Station ,Nabinagar",Rishikesh Awasthi (Executive Officer),EO,"Nagar Panchayat , Nabinagar",35000.0,5000.0,590.0,True,"{'Flood': 0, 'Embankment': 0, 'embkt': 0, 'Relief': 0, 'Erosion': 0, 'SDRF': 0, 'Inundation': 0, 'Hydrology': 0, 'Silt': 0, 'Siltation': 0, 'Bund': 0, 'Trench': 0, 'Breach': 0, 'Culvert': 0, 'Sluice': 0, 'Dyke': 0, 'Storm water drain': 0, 'Emergency': 0, 'Immediate': 0, 'IM': 0, 'AE': 0, 'A E': 0, 'AAPDA MITRA': 0, 'Bridge': 0, 'River': 0, 'Drain': 2, 'Restoration': 0, 'Protection': 0, 'irr': 0, 'irrigation': 0, 'dam': 0, 'Nallah': 0, 'Retrofitting': 0, 'Pond': 0, 'Pokhari': 0, 'D/C': 0, 'Recharge shaft': 0, 'LFB': 0, 'RFB': 0}","{'Floodlight': 0, 'Flood Light': 0, 'GAS': 0, 'FIFA': 0, 'pipe': 0, 'pipes': 0, 'covid': 0, 'supply': 0, 'Beautification': 0, 'Installation': 0}",,,False,True,Immediate Measures
5220,NIT NO -11/2020-21/GR18/NPNAVINAGAR,Construction of Road & Drain from Shiv Yadav to Moshtak Ansari house in Ward no-04 under NP Nabinagar,Construction of Road & Drain from Shiv Yadav to Moshtak Ansari house in Ward no-04 under NP Nabinagar,2270615.0,INR,INR,2020-09-25 08:26:13+00:00,2020-09-25T08:19:04.682000+00:00,2020-10-09T10:30:36+00:00,Rishikesh Awasthi (Executive Office),EO,"Nagar Panchayat , Nabinagar","Near Police Station ,Nabinagar",Rishikesh Awasthi (Executive Officer),EO,"Nagar Panchayat , Nabinagar",45500.0,5000.0,590.0,True,"{'Flood': 0, 'Embankment': 0, 'embkt': 0, 'Relief': 0, 'Erosion': 0, 'SDRF': 0, 'Inundation': 0, 'Hydrology': 0, 'Silt': 0, 'Siltation': 0, 'Bund': 0, 'Trench': 0, 'Breach': 0, 'Culvert': 0, 'Sluice': 0, 'Dyke': 0, 'Storm water drain': 0, 'Emergency': 0, 'Immediate': 0, 'IM': 0, 'AE': 0, 'A E': 0, 'AAPDA MITRA': 0, 'Bridge': 0, 'River': 0, 'Drain': 2, 'Restoration': 0, 'Protection': 0, 'irr': 0, 'irrigation': 0, 'dam': 0, 'Nallah': 0, 'Retrofitting': 0, 'Pond': 0, 'Pokhari': 0, 'D/C': 0, 'Recharge shaft': 0, 'LFB': 0, 'RFB': 0}","{'Floodlight': 0, 'Flood Light': 0, 'GAS': 0, 'FIFA': 0, 'pipe': 0, 'pipes': 0, 'covid': 0, 'supply': 0, 'Beautification': 0, 'Installation': 0}",,,False,True,Immediate Measures
5224,04/BCD/SAMASTIPUR/2020-21,"Repair, Painting, floortile work, drain cover with franking machine shed in main court, extention of ADJ chamber, office three nos. Toilets attached to Judicial officer chamber, repair of Po quarters with raising of B/wall, swifting of toilets from west to eastside in the campus of civil court Dalsinghsarai, samastipur - FY-2020-21","Repair, Painting, floortile work, drain cover with franking machine shed in main court, extention of ADJ chamber, office three nos. Toilets attached to Judicial officer chamber, repair of Po quarters with raising of B/wall, swifting of toilets from west to eastside in the campus of civil court Dalsinghsarai, samastipur - FY-2020-21",4027236.0,INR,INR,2020-09-25 09:56:30+00:00,2020-09-25T09:30:54.805000+00:00,2020-10-20T22:01:00+00:00,"Executive Engineer, BUILDING DIVISION SAMASTIPUR",EE,Executive Engineer,"EE,  BUILDING DIVISION SAMASTIPUR, BCD SAMASTIPUR, BIHAR","Superintending Engineer, BUILDING CIRCLE DARBHANGA",SE,Superintending Engineer,41000.0,5000.0,590.0,True,"{'Flood': 0, 'Embankment': 0, 'embkt': 0, 'Relief': 0, 'Erosion': 0, 'SDRF': 0, 'Inundation': 0, 'Hydrology': 0, 'Silt': 0, 'Siltation': 0, 'Bund': 0, 'Trench': 0, 'Breach': 0, 'Culvert': 0, 'Sluice': 0, 'Dyke': 0, 'Storm water drain': 0, 'Emergency': 0, 'Immediate': 0, 'IM': 0, 'AE': 0, 'A E': 0, 'AAPDA MITRA': 0, 'Bridge': 0, 'River': 0, 'Drain': 2, 'Restoration': 0, 'Protection': 0, 'irr': 0, 'irrigation': 0, 'dam': 0, 'Nallah': 0, 'Retrofitting': 0, 'Pond': 0, 'Pokhari': 0, 'D/C': 0, 'Recharge shaft': 0, 'LFB': 0, 'RFB': 0}","{'Floodlight': 0, 'Flood Light': 0, 'GAS': 0, 'FIFA': 0, 'pipe': 0, 'pipes': 0, 'covid': 0, 'supply': 0, 'Beautification': 0, 'Installation': 0}",,,False,True,Repair and Restoration
5259,NPNARKAT 06/2020-21/GR-01,Construction of drain from House of Bhoat Chaturvedi to Harbora river in Ward no 01 under Nagar Parishad Narkatiaganj,Construction of drain from House of Bhoat Chaturvedi to Harbora river in Ward no 01 under Nagar Parishad Narkatiaganj,1131964.0,INR,INR,2020-09-28 12:48:17+00:00,2020-09-28T12:09:31.704000+00:00,2021-10-10T09:46:16+00:00,RITA KUMARI,EXECUTIVE OFFICER,Nagar panchayat kateya,Nagar panchayat kateya,RITA KUMARI,EXECUTIVE OFFICER,Narkatiyaganj Muncipal Council,22700.0,2500.0,590.0,True,"{'Flood': 0, 'Embankment': 0, 'embkt': 0, 'Relief': 0, 'Erosion': 0, 'SDRF': 0, 'Inundation': 0, 'Hydrology': 0, 'Silt': 0, 'Siltation': 0, 'Bund': 0, 'Trench': 0, 'Breach': 0, 'Culvert': 0, 'Sluice': 0, 'Dyke': 0, 'Storm water drain': 0, 'Emergency': 0, 'Immediate': 0, 'IM': 0, 'AE': 0, 'A E': 0, 'AAPDA MITRA': 0, 'Bridge': 0, 'River': 2, 'Drain': 2, 'Restoration': 0, 'Protection': 0, 'irr': 0, 'irrigation': 0, 'dam': 0, 'Nallah': 0, 'Retrofitting': 0, 'Pond': 0, 'Pokhari': 0, 'D/C': 0, 'Recharge shaft': 0, 'LFB': 0, 'RFB': 0}","{'Floodlight': 0, 'Flood Light': 0, 'GAS': 0, 'FIFA': 0, 'pipe': 0, 'pipes': 0, 'covid': 0, 'supply': 0, 'Beautification': 0, 'Installation': 0}",,,False,True,Immediate Measures
5260,NPNARKAT 06/2020-21/GR-02,Construction of Drain and pever Block road from House of Shoukat Sahab to the  road of house of Ashok Sah in ward 02 under Nagar Parishad Narkatiaganj,Construction of Drain and pever Block road from House of Shoukat Sahab to the  road of house of Ashok Sah in ward 02 under Nagar Parishad Narkatiaganj,2307180.0,INR,INR,2020-09-28 13:25:39+00:00,2020-09-28T13:01:43.721000+00:00,2021-10-20T06:13:24+00:00,RITA KUMARI,EXECUTIVE OFFICER,Nagar panchayat kateya,Nagar panchayat kateya,RITA KUMARI,EXECUTIVE OFFICER,Narkatiyaganj Muncipal Council,46200.0,5000.0,590.0,True,"{'Flood': 0, 'Embankment': 0, 'embkt': 0, 'Relief': 0, 'Erosion': 0, 'SDRF': 0, 'Inundation': 0, 'Hydrology': 0, 'Silt': 0, 'Siltation': 0, 'Bund': 0, 'Trench': 0, 'Breach': 0, 'Culvert': 0, 'Sluice': 0, 'Dyke': 0, 'Storm water drain': 0, 'Emergency': 0, 'Immediate': 0, 'IM': 0, 'AE': 0, 'A E': 0, 'AAPDA MITRA': 0, 'Bridge': 0, 'River': 0, 'Drain': 2, 'Restoration': 0, 'Protection': 0, 'irr': 0, 'irrigation': 0, 'dam': 0, 'Nallah': 0, 'Retrofitting': 0, 'Pond': 0, 'Pokhari': 0, 'D/C': 0, 'Recharge shaft': 0, 'LFB': 0, 'RFB': 0}","{'Floodlight': 0, 'Flood Light': 0, 'GAS': 0, 'FIFA': 0, 'pipe': 0, 'pipes': 0, 'covid': 0, 'supply': 0, 'Beautification': 0, 'Installation': 0}",,,False,True,Immediate Measures
5263,NPNARKAT 06/2020-21/GR-05,Construction of Drain and Pever Block road from Nagendra Tiwari Chowk through house of  Sri Ramesh Verma front of the house of Rajdev Pandit to the house of Upendrra Tiwari's east and west directions (Arjun kumar Jaiswal)  in ward 03 under Nagar Parishad Narkatiaganj,Construction of Drain and Pever Block road from Nagendra Tiwari Chowk through house of  Sri Ramesh Verma front of the house of Rajdev Pandit to the house of Upendrra Tiwari's east and west directions (Arjun kumar Jaiswal)  in ward 03 under Nagar Parishad Narkatiaganj,1488996.0,INR,INR,2020-09-28 14:10:17+00:00,2020-09-28T14:02:07.044000+00:00,2021-10-17T12:05:29+00:00,RITA KUMARI,EXECUTIVE OFFICER,Nagar panchayat kateya,Nagar panchayat kateya,RITA KUMARI,EXECUTIVE OFFICER,Narkatiyaganj Muncipal Council,29800.0,2500.0,590.0,True,"{'Flood': 0, 'Embankment': 0, 'embkt': 0, 'Relief': 0, 'Erosion': 0, 'SDRF': 0, 'Inundation': 0, 'Hydrology': 0, 'Silt': 0, 'Siltation': 0, 'Bund': 0, 'Trench': 0, 'Breach': 0, 'Culvert': 0, 'Sluice': 0, 'Dyke': 0, 'Storm water drain': 0, 'Emergency': 0, 'Immediate': 0, 'IM': 0, 'AE': 0, 'A E': 0, 'AAPDA MITRA': 0, 'Bridge': 0, 'River': 0, 'Drain': 2, 'Restoration': 0, 'Protection': 0, 'irr': 0, 'irrigation': 0, 'dam': 0, 'Nallah': 0, 'Retrofitting': 0, 'Pond': 0, 'Pokhari': 0, 'D/C': 0, 'Recharge shaft': 0, 'LFB': 0, 'RFB': 0}","{'Floodlight': 0, 'Flood Light': 0, 'GAS': 0, 'FIFA': 0, 'pipe': 0, 'pipes': 0, 'covid': 0, 'supply': 0, 'Beautification': 0, 'Installation': 0}",,,False,True,Immediate Measures
5268,NPNARKAT 06/2020-21/GR-10,Construction of Pever Block Road and Drain from house of Late Manohar Ram to the road of Badhur Ram (Sipahi jee) house in ward 07 under Nagar Parishad Narkatiaganj,Construction of Pever Block Road and Drain from house of Late Manohar Ram to the road of Badhur Ram (Sipahi jee) house in ward 07 under Nagar Parishad Narkatiaganj,2334115.0,INR,INR,2020-09-28 14:50:53+00:00,2020-09-28T14:45:09.813000+00:00,2021-10-20T06:02:38+00:00,RITA KUMARI,EXECUTIVE OFFICER,Nagar panchayat kateya,Nagar panchayat kateya,RITA KUMARI,EXECUTIVE OFFICER,Narkatiyaganj Muncipal Council,46700.0,5000.0,590.0,True,"{'Flood': 0, 'Embankment': 0, 'embkt': 0, 'Relief': 0, 'Erosion': 0, 'SDRF': 0, 'Inundation': 0, 'Hydrology': 0, 'Silt': 0, 'Siltation': 0, 'Bund': 0, 'Trench': 0, 'Breach': 0, 'Culvert': 0, 'Sluice': 0, 'Dyke': 0, 'Storm water drain': 0, 'Emergency': 0, 'Immediate': 0, 'IM': 0, 'AE': 0, 'A E': 0, 'AAPDA MITRA': 0, 'Bridge': 0, 'River': 0, 'Drain': 2, 'Restoration': 0, 'Protection': 0, 'irr': 0, 'irrigation': 0, 'dam': 0, 'Nallah': 0, 'Retrofitting': 0, 'Pond': 0, 'Pokhari': 0, 'D/C': 0, 'Recharge shaft': 0, 'LFB': 0, 'RFB': 0}","{'Floodlight': 0, 'Flood Light': 0, 'GAS': 0, 'FIFA': 0, 'pipe': 0, 'pipes': 0, 'covid': 0, 'supply': 0, 'Beautification': 0, 'Installation': 0}",,,False,True,Immediate Measures
5261,NPNARKAT 06/2020-21/GR-03,Construction of drain and Pever Block Road from the house of Arif Master to Bacha kha (Ganesh Jaiswal)  in ward 02 under Nagar Parishad Narkatiaganj,Construction of drain and Pever Block Road from the house of Arif Master to Bacha kha (Ganesh Jaiswal)  in ward 02 under Nagar Parishad Narkatiaganj,2307180.0,INR,INR,2020-09-28 13:50:40+00:00,2020-09-28T13:39:28.175000+00:00,2021-10-20T05:53:33+00:00,RITA KUMARI,EXECUTIVE OFFICER,Nagar panchayat kateya,Nagar panchayat kateya,RITA KUMARI,EXECUTIVE OFFICER,Narkatiyaganj Muncipal Council,46200.0,5000.0,590.0,True,"{'Flood': 0, 'Embankment': 0, 'embkt': 0, 'Relief': 0, 'Erosion': 0, 'SDRF': 0, 'Inundation': 0, 'Hydrology': 0, 'Silt': 0, 'Siltation': 0, 'Bund': 0, 'Trench': 0, 'Breach': 0, 'Culvert': 0, 'Sluice': 0, 'Dyke': 0, 'Storm water drain': 0, 'Emergency': 0, 'Immediate': 0, 'IM': 0, 'AE': 0, 'A E': 0, 'AAPDA MITRA': 0, 'Bridge': 0, 'River': 0, 'Drain': 2, 'Restoration': 0, 'Protection': 0, 'irr': 0, 'irrigation': 0, 'dam': 0, 'Nallah': 0, 'Retrofitting': 0, 'Pond': 0, 'Pokhari': 0, 'D/C': 0, 'Recharge shaft': 0, 'LFB': 0, 'RFB': 0}","{'Floodlight': 0, 'Flood Light': 0, 'GAS': 0, 'FIFA': 0, 'pipe': 0, 'pipes': 0, 'covid': 0, 'supply': 0, 'Beautification': 0, 'Installation': 0}",,,False,True,Immediate Measures
5262,NPNARKAT 06/2020-21/GR-04,Construction of PCC road and drain from Maiin Baba madarsha to the house of Nagendra Master in ward 02 under Nagar Parishad Narkatiaganj,Construction of PCC road and drain from Maiin Baba madarsha to the house of Nagendra Master in ward 02 under Nagar Parishad Narkatiaganj,2455397.0,INR,INR,2020-09-28 14:00:50+00:00,2020-09-28T13:51:40.051000+00:00,2021-10-17T11:21:16+00:00,RITA KUMARI,EXECUTIVE OFFICER,Nagar panchayat kateya,Nagar panchayat kateya,RITA KUMARI,EXECUTIVE OFFICER,Narkatiyaganj Muncipal Council,49200.0,5000.0,590.0,True,"{'Flood': 0, 'Embankment': 0, 'embkt': 0, 'Relief': 0, 'Erosion': 0, 'SDRF': 0, 'Inundation': 0, 'Hydrology': 0, 'Silt': 0, 'Siltation': 0, 'Bund': 0, 'Trench': 0, 'Breach': 0, 'Culvert': 0, 'Sluice': 0, 'Dyke': 0, 'Storm water drain': 0, 'Emergency': 0, 'Immediate': 0, 'IM': 0, 'AE': 0, 'A E': 0, 'AAPDA MITRA': 0, 'Bridge': 0, 'River': 0, 'Drain': 2, 'Restoration': 0, 'Protection': 0, 'irr': 0, 'irrigation': 0, 'dam': 0, 'Nallah': 0, 'Retrofitting': 0, 'Pond': 0, 'Pokhari': 0, 'D/C': 0, 'Recharge shaft': 0, 'LFB': 0, 'RFB': 0}","{'Floodlight': 0, 'Flood Light': 0, 'GAS': 0, 'FIFA': 0, 'pipe': 0, 'pipes': 0, 'covid': 0, 'supply': 0, 'Beautification': 0, 'Installation': 0}",,,False,True,Immediate Measures
5264,NPNARKAT 06/2020-21/GR-06,Construction of Drain and Pever Block Road at krisi Bazar east Boundry and Sanit Xevier's school  to the house of Manoj Mishra in ward 03 under Nagar Parishad Narkatiaganj,Construction of Drain and Pever Block Road at krisi Bazar east Boundry and Sanit Xevier's school  to the house of Manoj Mishra in ward 03 under Nagar Parishad Narkatiaganj,2365738.0,INR,INR,2020-09-28 14:20:17+00:00,2020-09-28T14:11:15.556000+00:00,2021-10-19T11:29:32+00:00,RITA KUMARI,EXECUTIVE OFFICER,Nagar panchayat kateya,Nagar panchayat kateya,RITA KUMARI,EXECUTIVE OFFICER,Narkatiyaganj Muncipal Council,47400.0,5000.0,590.0,True,"{'Flood': 0, 'Embankment': 0, 'embkt': 0, 'Relief': 0, 'Erosion': 0, 'SDRF': 0, 'Inundation': 0, 'Hydrology': 0, 'Silt': 0, 'Siltation': 0, 'Bund': 0, 'Trench': 0, 'Breach': 0, 'Culvert': 0, 'Sluice': 0, 'Dyke': 0, 'Storm water drain': 0, 'Emergency': 0, 'Immediate': 0, 'IM': 0, 'AE': 0, 'A E': 0, 'AAPDA MITRA': 0, 'Bridge': 0, 'River': 0, 'Drain': 2, 'Restoration': 0, 'Protection': 0, 'irr': 0, 'irrigation': 0, 'dam': 0, 'Nallah': 0, 'Retrofitting': 0, 'Pond': 0, 'Pokhari': 0, 'D/C': 0, 'Recharge shaft': 0, 'LFB': 0, 'RFB': 0}","{'Floodlight': 0, 'Flood Light': 0, 'GAS': 0, 'FIFA': 0, 'pipe': 0, 'pipes': 0, 'covid': 0, 'supply': 0, 'Beautification': 0, 'Installation': 0}",,,False,True,Immediate Measures
5265,NPNARKAT 06/2020-21/GR-07,Construction of Pever Block Road and Drain from Panchayat to house of Babu Sahab and (from house of Nur Hoda to Taib Diwan in ward 04 under Nagar Parishad Narkatiaganj,Construction of Pever Block Road and Drain from Panchayat to house of Babu Sahab and (from house of Nur Hoda to Taib Diwan in ward 04 under Nagar Parishad Narkatiaganj,2444444.0,INR,INR,2020-09-28 14:28:05+00:00,2020-09-28T14:21:26.671000+00:00,2021-10-20T05:45:55+00:00,RITA KUMARI,EXECUTIVE OFFICER,Nagar panchayat kateya,Nagar panchayat kateya,RITA KUMARI,EXECUTIVE OFFICER,Narkatiyaganj Muncipal Council,48900.0,5000.0,590.0,True,"{'Flood': 0, 'Embankment': 0, 'embkt': 0, 'Relief': 0, 'Erosion': 0, 'SDRF': 0, 'Inundation': 0, 'Hydrology': 0, 'Silt': 0, 'Siltation': 0, 'Bund': 0, 'Trench': 0, 'Breach': 0, 'Culvert': 0, 'Sluice': 0, 'Dyke': 0, 'Storm water drain': 0, 'Emergency': 0, 'Immediate': 0, 'IM': 0, 'AE': 0, 'A E': 0, 'AAPDA MITRA': 0, 'Bridge': 0, 'River': 0, 'Drain': 2, 'Restoration': 0, 'Protection': 0, 'irr': 0, 'irrigation': 0, 'dam': 0, 'Nallah': 0, 'Retrofitting': 0, 'Pond': 0, 'Pokhari': 0, 'D/C': 0, 'Recharge shaft': 0, 'LFB': 0, 'RFB': 0}","{'Floodlight': 0, 'Flood Light': 0, 'GAS': 0, 'FIFA': 0, 'pipe': 0, 'pipes': 0, 'covid': 0, 'supply': 0, 'Beautification': 0, 'Installation': 0}",,,False,True,Immediate Measures
5267,NPNARKAT 06/2020-21/GR-09,Construction of  Pever Block Road and Drain from house of Nurul Hoda to house of Najeer in ward 06 under Nagar Parishad Narkatiaganj,Construction of  Pever Block Road and Drain from house of Nurul Hoda to house of Najeer in ward 06 under Nagar Parishad Narkatiaganj,1676307.0,INR,INR,2020-09-28 14:44:06+00:00,2020-09-28T14:38:09.699000+00:00,2021-10-19T13:19:32+00:00,RITA KUMARI,EXECUTIVE OFFICER,Nagar panchayat kateya,Nagar panchayat kateya,RITA KUMARI,EXECUTIVE OFFICER,Narkatiyaganj Muncipal Council,33600.0,5000.0,590.0,True,"{'Flood': 0, 'Embankment': 0, 'embkt': 0, 'Relief': 0, 'Erosion': 0, 'SDRF': 0, 'Inundation': 0, 'Hydrology': 0, 'Silt': 0, 'Siltation': 0, 'Bund': 0, 'Trench': 0, 'Breach': 0, 'Culvert': 0, 'Sluice': 0, 'Dyke': 0, 'Storm water drain': 0, 'Emergency': 0, 'Immediate': 0, 'IM': 0, 'AE': 0, 'A E': 0, 'AAPDA MITRA': 0, 'Bridge': 0, 'River': 0, 'Drain': 2, 'Restoration': 0, 'Protection': 0, 'irr': 0, 'irrigation': 0, 'dam': 0, 'Nallah': 0, 'Retrofitting': 0, 'Pond': 0, 'Pokhari': 0, 'D/C': 0, 'Recharge shaft': 0, 'LFB': 0, 'RFB': 0}","{'Floodlight': 0, 'Flood Light': 0, 'GAS': 0, 'FIFA': 0, 'pipe': 0, 'pipes': 0, 'covid': 0, 'supply': 0, 'Beautification': 0, 'Installation': 0}",,,False,True,Immediate Measures
5270,NPNARKAT 06/2020-21/GR-12,Construction of Pever Block Road and Drain from house of Manoj Thakur to house of Raj Bhagwan Sah in ward 10 under Nagar Parishad Narkatiaganj,Construction of Pever Block Road and Drain from house of Manoj Thakur to house of Raj Bhagwan Sah in ward 10 under Nagar Parishad Narkatiaganj,1379000.0,INR,INR,2020-09-28 15:04:34+00:00,2020-09-28T14:59:08.735000+00:00,2021-10-20T06:23:18+00:00,RITA KUMARI,EXECUTIVE OFFICER,Nagar panchayat kateya,Nagar panchayat kateya,RITA KUMARI,EXECUTIVE OFFICER,Narkatiyaganj Muncipal Council,27600.0,2500.0,590.0,True,"{'Flood': 0, 'Embankment': 0, 'embkt': 0, 'Relief': 0, 'Erosion': 0, 'SDRF': 0, 'Inundation': 0, 'Hydrology': 0, 'Silt': 0, 'Siltation': 0, 'Bund': 0, 'Trench': 0, 'Breach': 0, 'Culvert': 0, 'Sluice': 0, 'Dyke': 0, 'Storm water drain': 0, 'Emergency': 0, 'Immediate': 0, 'IM': 0, 'AE': 0, 'A E': 0, 'AAPDA MITRA': 0, 'Bridge': 0, 'River': 0, 'Drain': 2, 'Restoration': 0, 'Protection': 0, 'irr': 0, 'irrigation': 0, 'dam': 0, 'Nallah': 0, 'Retrofitting': 0, 'Pond': 0, 'Pokhari': 0, 'D/C': 0, 'Recharge shaft': 0, 'LFB': 0, 'RFB': 0}","{'Floodlight': 0, 'Flood Light': 0, 'GAS': 0, 'FIFA': 0, 'pipe': 0, 'pipes': 0, 'covid': 0, 'supply': 0, 'Beautification': 0, 'Installation': 0}",,,False,True,Immediate Measures
5271,NPNARKAT 06/2020-21/GR-13,Construction of Pever Block Road and Drain from house of Komali devi to house of Jata Mistri in ward 11 under Nagar Parishad Narkatiaganj,Construction of Pever Block Road and Drain from house of Komali devi to house of Jata Mistri in ward 11 under Nagar Parishad Narkatiaganj,1384389.0,INR,INR,2020-09-28 15:28:11+00:00,2020-09-28T15:23:15.326000+00:00,2021-10-17T11:38:49+00:00,RITA KUMARI,EXECUTIVE OFFICER,Nagar panchayat kateya,Nagar panchayat kateya,RITA KUMARI,EXECUTIVE OFFICER,Narkatiyaganj Muncipal Council,27700.0,2500.0,590.0,True,"{'Flood': 0, 'Embankment': 0, 'embkt': 0, 'Relief': 0, 'Erosion': 0, 'SDRF': 0, 'Inundation': 0, 'Hydrology': 0, 'Silt': 0, 'Siltation': 0, 'Bund': 0, 'Trench': 0, 'Breach': 0, 'Culvert': 0, 'Sluice': 0, 'Dyke': 0, 'Storm water drain': 0, 'Emergency': 0, 'Immediate': 0, 'IM': 0, 'AE': 0, 'A E': 0, 'AAPDA MITRA': 0, 'Bridge': 0, 'River': 0, 'Drain': 2, 'Restoration': 0, 'Protection': 0, 'irr': 0, 'irrigation': 0, 'dam': 0, 'Nallah': 0, 'Retrofitting': 0, 'Pond': 0, 'Pokhari': 0, 'D/C': 0, 'Recharge shaft': 0, 'LFB': 0, 'RFB': 0}","{'Floodlight': 0, 'Flood Light': 0, 'GAS': 0, 'FIFA': 0, 'pipe': 0, 'pipes': 0, 'covid': 0, 'supply': 0, 'Beautification': 0, 'Installation': 0}",,,False,True,Immediate Measures
5269,NPNARKAT 06/2020-21/GR-11,Construction of Pever Block Road and Drain from house of Raja Ram to house of Alamgir Dealer in ward 07 under Nagar Parishad Narkatiaganj,Construction of Pever Block Road and Drain from house of Raja Ram to house of Alamgir Dealer in ward 07 under Nagar Parishad Narkatiaganj,2280756.0,INR,INR,2020-09-28 14:57:49+00:00,2020-09-28T14:52:11.069000+00:00,2021-10-20T06:31:34+00:00,RITA KUMARI,EXECUTIVE OFFICER,Nagar panchayat kateya,Nagar panchayat kateya,RITA KUMARI,EXECUTIVE OFFICER,Narkatiyaganj Muncipal Council,45700.0,5000.0,590.0,True,"{'Flood': 0, 'Embankment': 0, 'embkt': 0, 'Relief': 0, 'Erosion': 0, 'SDRF': 0, 'Inundation': 0, 'Hydrology': 0, 'Silt': 0, 'Siltation': 0, 'Bund': 0, 'Trench': 0, 'Breach': 0, 'Culvert': 0, 'Sluice': 0, 'Dyke': 0, 'Storm water drain': 0, 'Emergency': 0, 'Immediate': 0, 'IM': 0, 'AE': 0, 'A E': 0, 'AAPDA MITRA': 0, 'Bridge': 0, 'River': 0, 'Drain': 2, 'Restoration': 0, 'Protection': 0, 'irr': 0, 'irrigation': 0, 'dam': 0, 'Nallah': 0, 'Retrofitting': 0, 'Pond': 0, 'Pokhari': 0, 'D/C': 0, 'Recharge shaft': 0, 'LFB': 0, 'RFB': 0}","{'Floodlight': 0, 'Flood Light': 0, 'GAS': 0, 'FIFA': 0, 'pipe': 0, 'pipes': 0, 'covid': 0, 'supply': 0, 'Beautification': 0, 'Installation': 0}",,,False,True,Immediate Measures
5274,NPNARKAT 06/2020-21/GR-16,Construction of Pever Block Road and Drain from house of Vyash Pandey to house of Bachhan Sah (Blaye Prashad to Kusilal Sah in ward 12under Nagar Parishad Narkatiaganj,Construction of Pever Block Road and Drain from house of Vyash Pandey to house of Bachhan Sah (Blaye Prashad to Kusilal Sah in ward 12under Nagar Parishad Narkatiaganj,1576604.0,INR,INR,2020-09-28 15:56:36+00:00,2020-09-28T15:40:17.872000+00:00,2021-10-17T11:51:35+00:00,RITA KUMARI,EXECUTIVE OFFICER,Nagar panchayat kateya,Nagar panchayat kateya,RITA KUMARI,EXECUTIVE OFFICER,Narkatiyaganj Muncipal Council,31600.0,5000.0,590.0,True,"{'Flood': 0, 'Embankment': 0, 'embkt': 0, 'Relief': 0, 'Erosion': 0, 'SDRF': 0, 'Inundation': 0, 'Hydrology': 0, 'Silt': 0, 'Siltation': 0, 'Bund': 0, 'Trench': 0, 'Breach': 0, 'Culvert': 0, 'Sluice': 0, 'Dyke': 0, 'Storm water drain': 0, 'Emergency': 0, 'Immediate': 0, 'IM': 0, 'AE': 0, 'A E': 0, 'AAPDA MITRA': 0, 'Bridge': 0, 'River': 0, 'Drain': 2, 'Restoration': 0, 'Protection': 0, 'irr': 0, 'irrigation': 0, 'dam': 0, 'Nallah': 0, 'Retrofitting': 0, 'Pond': 0, 'Pokhari': 0, 'D/C': 0, 'Recharge shaft': 0, 'LFB': 0, 'RFB': 0}","{'Floodlight': 0, 'Flood Light': 0, 'GAS': 0, 'FIFA': 0, 'pipe': 0, 'pipes': 0, 'covid': 0, 'supply': 0, 'Beautification': 0, 'Installation': 0}",,,False,True,Immediate Measures
5272,NPNARKAT 06/2020-21/GR-14,Construction of Pever Block Road and Drain From house of Ganesh Gupta to house of Gorakh jee and from house of Lalan Pandey to south side of the house of Vajpayee jee  and a road crossing in ward 11 under Nagar Parishad Narkatiaganj,Construction of Pever Block Road and Drain From house of Ganesh Gupta to house of Gorakh jee and from house of Lalan Pandey to south side of the house of Vajpayee jee  and a road crossing in ward 11 under Nagar Parishad Narkatiaganj,879084.0,INR,INR,2020-09-28 15:33:27+00:00,2020-09-28T15:29:00.069000+00:00,2021-10-19T12:58:52+00:00,RITA KUMARI,EXECUTIVE OFFICER,Nagar panchayat kateya,Nagar panchayat kateya,RITA KUMARI,EXECUTIVE OFFICER,Narkatiyaganj Muncipal Council,17600.0,1250.0,590.0,True,"{'Flood': 0, 'Embankment': 0, 'embkt': 0, 'Relief': 0, 'Erosion': 0, 'SDRF': 0, 'Inundation': 0, 'Hydrology': 0, 'Silt': 0, 'Siltation': 0, 'Bund': 0, 'Trench': 0, 'Breach': 0, 'Culvert': 0, 'Sluice': 0, 'Dyke': 0, 'Storm water drain': 0, 'Emergency': 0, 'Immediate': 0, 'IM': 0, 'AE': 0, 'A E': 0, 'AAPDA MITRA': 0, 'Bridge': 0, 'River': 0, 'Drain': 2, 'Restoration': 0, 'Protection': 0, 'irr': 0, 'irrigation': 0, 'dam': 0, 'Nallah': 0, 'Retrofitting': 0, 'Pond': 0, 'Pokhari': 0, 'D/C': 0, 'Recharge shaft': 0, 'LFB': 0, 'RFB': 0}","{'Floodlight': 0, 'Flood Light': 0, 'GAS': 0, 'FIFA': 0, 'pipe': 0, 'pipes': 0, 'covid': 0, 'supply': 0, 'Beautification': 0, 'Installation': 0}",,,False,True,Immediate Measures
5275,NPNARKAT 06/2020-21/GR-17,Construction of Pever Block Road and Drain From house of Jeyut Sah to house of Sunil Sarraf in ward 12 under Nagar Parishad Narkatiaganj,Construction of Pever Block Road and Drain From house of Jeyut Sah to house of Sunil Sarraf in ward 12 under Nagar Parishad Narkatiaganj,938528.0,INR,INR,2020-09-28 16:01:33+00:00,2020-09-28T15:57:22.538000+00:00,2021-10-19T12:31:44+00:00,RITA KUMARI,EXECUTIVE OFFICER,Nagar panchayat kateya,Nagar panchayat kateya,RITA KUMARI,EXECUTIVE OFFICER,Narkatiyaganj Muncipal Council,18800.0,1250.0,590.0,True,"{'Flood': 0, 'Embankment': 0, 'embkt': 0, 'Relief': 0, 'Erosion': 0, 'SDRF': 0, 'Inundation': 0, 'Hydrology': 0, 'Silt': 0, 'Siltation': 0, 'Bund': 0, 'Trench': 0, 'Breach': 0, 'Culvert': 0, 'Sluice': 0, 'Dyke': 0, 'Storm water drain': 0, 'Emergency': 0, 'Immediate': 0, 'IM': 0, 'AE': 0, 'A E': 0, 'AAPDA MITRA': 0, 'Bridge': 0, 'River': 0, 'Drain': 2, 'Restoration': 0, 'Protection': 0, 'irr': 0, 'irrigation': 0, 'dam': 0, 'Nallah': 0, 'Retrofitting': 0, 'Pond': 0, 'Pokhari': 0, 'D/C': 0, 'Recharge shaft': 0, 'LFB': 0, 'RFB': 0}","{'Floodlight': 0, 'Flood Light': 0, 'GAS': 0, 'FIFA': 0, 'pipe': 0, 'pipes': 0, 'covid': 0, 'supply': 0, 'Beautification': 0, 'Installation': 0}",,,False,True,Immediate Measures
5278,NPNARKAT 06/2020-21/GR-20,"Construction of RCC Drain from high school Bhagat Singh chowk, front of Thana to house of Pabhu Mishra to Gowshala in ward 14 under Nagar Parishad Narkatiaganj","Construction of RCC Drain from high school Bhagat Singh chowk, front of Thana to house of Pabhu Mishra to Gowshala in ward 14 under Nagar Parishad Narkatiaganj",1883399.0,INR,INR,2020-09-28 16:20:46+00:00,2020-09-28T16:16:03.818000+00:00,2021-10-19T13:39:00+00:00,RITA KUMARI,EXECUTIVE OFFICER,Nagar panchayat kateya,Nagar panchayat kateya,RITA KUMARI,EXECUTIVE OFFICER,Narkatiyaganj Muncipal Council,37700.0,5000.0,590.0,True,"{'Flood': 0, 'Embankment': 0, 'embkt': 0, 'Relief': 0, 'Erosion': 0, 'SDRF': 0, 'Inundation': 0, 'Hydrology': 0, 'Silt': 0, 'Siltation': 0, 'Bund': 0, 'Trench': 0, 'Breach': 0, 'Culvert': 0, 'Sluice': 0, 'Dyke': 0, 'Storm water drain': 0, 'Emergency': 0, 'Immediate': 0, 'IM': 0, 'AE': 0, 'A E': 0, 'AAPDA MITRA': 0, 'Bridge': 0, 'River': 0, 'Drain': 2, 'Restoration': 0, 'Protection': 0, 'irr': 0, 'irrigation': 0, 'dam': 0, 'Nallah': 0, 'Retrofitting': 0, 'Pond': 0, 'Pokhari': 0, 'D/C': 0, 'Recharge shaft': 0, 'LFB': 0, 'RFB': 0}","{'Floodlight': 0, 'Flood Light': 0, 'GAS': 0, 'FIFA': 0, 'pipe': 0, 'pipes': 0, 'covid': 0, 'supply': 0, 'Beautification': 0, 'Installation': 0}",,,False,True,Immediate Measures
5279,NPNARKAT 06/2020-21/GR-21,Construction of PCC Road from house of Ashok Gupta to house of Mithelesh Patel through east of dam of Belwa Sathi Nahar house of Madan Sah  in ward 21 under Nagar Parishad Narkatiaganj,Construction of PCC Road from house of Ashok Gupta to house of Mithelesh Patel through east of dam of Belwa Sathi Nahar house of Madan Sah  in ward 21 under Nagar Parishad Narkatiaganj,2362214.0,INR,INR,2020-09-28 16:25:32+00:00,2020-09-28T16:21:25.102000+00:00,2021-10-19T12:20:04+00:00,RITA KUMARI,EXECUTIVE OFFICER,Nagar panchayat kateya,Nagar panchayat kateya,RITA KUMARI,EXECUTIVE OFFICER,Narkatiyaganj Muncipal Council,47300.0,5000.0,590.0,True,"{'Flood': 0, 'Embankment': 0, 'embkt': 0, 'Relief': 0, 'Erosion': 0, 'SDRF': 0, 'Inundation': 0, 'Hydrology': 0, 'Silt': 0, 'Siltation': 0, 'Bund': 0, 'Trench': 0, 'Breach': 0, 'Culvert': 0, 'Sluice': 0, 'Dyke': 0, 'Storm water drain': 0, 'Emergency': 0, 'Immediate': 0, 'IM': 0, 'AE': 0, 'A E': 0, 'AAPDA MITRA': 0, 'Bridge': 0, 'River': 0, 'Drain': 0, 'Restoration': 0, 'Protection': 0, 'irr': 0, 'irrigation': 0, 'dam': 2, 'Nallah': 0, 'Retrofitting': 0, 'Pond': 0, 'Pokhari': 0, 'D/C': 0, 'Recharge shaft': 0, 'LFB': 0, 'RFB': 0}","{'Floodlight': 0, 'Flood Light': 0, 'GAS': 0, 'FIFA': 0, 'pipe': 0, 'pipes': 0, 'covid': 0, 'supply': 0, 'Beautification': 0, 'Installation': 0}",,,False,True,Immediate Measures
5280,NPNARKAT 06/2020-21/GR-22,Construction of Pever Block Road and Drain from Yachhsala of Pramad Sharma to house of  Mohan Patel through house of  Nawal Singh  in ward 21 under Nagar Parishad Narkatiaganj,Construction of Pever Block Road and Drain from Yachhsala of Pramad Sharma to house of  Mohan Patel through house of  Nawal Singh  in ward 21 under Nagar Parishad Narkatiaganj,949640.0,INR,INR,2020-09-28 16:30:45+00:00,2020-09-28T16:26:12.532000+00:00,2021-10-19T12:08:54+00:00,RITA KUMARI,EXECUTIVE OFFICER,Nagar panchayat kateya,Nagar panchayat kateya,RITA KUMARI,EXECUTIVE OFFICER,Narkatiyaganj Muncipal Council,19000.0,1250.0,590.0,True,"{'Flood': 0, 'Embankment': 0, 'embkt': 0, 'Relief': 0, 'Erosion': 0, 'SDRF': 0, 'Inundation': 0, 'Hydrology': 0, 'Silt': 0, 'Siltation': 0, 'Bund': 0, 'Trench': 0, 'Breach': 0, 'Culvert': 0, 'Sluice': 0, 'Dyke': 0, 'Storm water drain': 0, 'Emergency': 0, 'Immediate': 0, 'IM': 0, 'AE': 0, 'A E': 0, 'AAPDA MITRA': 0, 'Bridge': 0, 'River': 0, 'Drain': 2, 'Restoration': 0, 'Protection': 0, 'irr': 0, 'irrigation': 0, 'dam': 0, 'Nallah': 0, 'Retrofitting': 0, 'Pond': 0, 'Pokhari': 0, 'D/C': 0, 'Recharge shaft': 0, 'LFB': 0, 'RFB': 0}","{'Floodlight': 0, 'Flood Light': 0, 'GAS': 0, 'FIFA': 0, 'pipe': 0, 'pipes': 0, 'covid': 0, 'supply': 0, 'Beautification': 0, 'Installation': 0}",,,False,True,Immediate Measures
5281,NPNARKAT 06/2020-21/GR-23,Construction of Pever Block Road and Drain from Block road to house of Gaffar through north side of the house of Madhusudan Verma in ward 21 under Nagar Parishad Narkatiaganj,Construction of Pever Block Road and Drain from Block road to house of Gaffar through north side of the house of Madhusudan Verma in ward 21 under Nagar Parishad Narkatiaganj,622068.0,INR,INR,2020-09-28 16:35:54+00:00,2020-09-28T16:31:25.004000+00:00,2021-10-20T05:35:22+00:00,RITA KUMARI,EXECUTIVE OFFICER,Nagar panchayat kateya,Nagar panchayat kateya,RITA KUMARI,EXECUTIVE OFFICER,Narkatiyaganj Muncipal Council,12500.0,1250.0,590.0,True,"{'Flood': 0, 'Embankment': 0, 'embkt': 0, 'Relief': 0, 'Erosion': 0, 'SDRF': 0, 'Inundation': 0, 'Hydrology': 0, 'Silt': 0, 'Siltation': 0, 'Bund': 0, 'Trench': 0, 'Breach': 0, 'Culvert': 0, 'Sluice': 0, 'Dyke': 0, 'Storm water drain': 0, 'Emergency': 0, 'Immediate': 0, 'IM': 0, 'AE': 0, 'A E': 0, 'AAPDA MITRA': 0, 'Bridge': 0, 'River': 0, 'Drain': 2, 'Restoration': 0, 'Protection': 0, 'irr': 0, 'irrigation': 0, 'dam': 0, 'Nallah': 0, 'Retrofitting': 0, 'Pond': 0, 'Pokhari': 0, 'D/C': 0, 'Recharge shaft': 0, 'LFB': 0, 'RFB': 0}","{'Floodlight': 0, 'Flood Light': 0, 'GAS': 0, 'FIFA': 0, 'pipe': 0, 'pipes': 0, 'covid': 0, 'supply': 0, 'Beautification': 0, 'Installation': 0}",,,False,True,Immediate Measures
5283,NPNARKAT 06/2020-21/GR-24,Construction of Pever Block Road and Drain from house of Lalan Sah to house of Yamuna Sah through house of Mohan Sah at Louriya raod in ward 21 under Nagar Parishad Narkatiaganj,Construction of Pever Block Road and Drain from house of Lalan Sah to house of Yamuna Sah through house of Mohan Sah at Louriya raod in ward 21 under Nagar Parishad Narkatiaganj,519037.0,INR,INR,2020-09-28 16:41:17+00:00,2020-09-28T16:36:52.943000+00:00,2021-10-19T11:43:14+00:00,RITA KUMARI,EXECUTIVE OFFICER,Nagar panchayat kateya,Nagar panchayat kateya,RITA KUMARI,EXECUTIVE OFFICER,Narkatiyaganj Muncipal Council,10400.0,1250.0,590.0,True,"{'Flood': 0, 'Embankment': 0, 'embkt': 0, 'Relief': 0, 'Erosion': 0, 'SDRF': 0, 'Inundation': 0, 'Hydrology': 0, 'Silt': 0, 'Siltation': 0, 'Bund': 0, 'Trench': 0, 'Breach': 0, 'Culvert': 0, 'Sluice': 0, 'Dyke': 0, 'Storm water drain': 0, 'Emergency': 0, 'Immediate': 0, 'IM': 0, 'AE': 0, 'A E': 0, 'AAPDA MITRA': 0, 'Bridge': 0, 'River': 0, 'Drain': 2, 'Restoration': 0, 'Protection': 0, 'irr': 0, 'irrigation': 0, 'dam': 0, 'Nallah': 0, 'Retrofitting': 0, 'Pond': 0, 'Pokhari': 0, 'D/C': 0, 'Recharge shaft': 0, 'LFB': 0, 'RFB': 0}","{'Floodlight': 0, 'Flood Light': 0, 'GAS': 0, 'FIFA': 0, 'pipe': 0, 'pipes': 0, 'covid': 0, 'supply': 0, 'Beautification': 0, 'Installation': 0}",,,False,True,Immediate Measures
5285,NPNARKAT 06/2020-21/GR-25,Construction of PCC Road and Drain from Belwa Sathi Nahar to house of Laxman Srivastava in ward 21under Nagar Parishad Narkatiaganj,Construction of PCC Road and Drain from Belwa Sathi Nahar to house of Laxman Srivastava in ward 21under Nagar Parishad Narkatiaganj,719123.0,INR,INR,2020-09-28 16:46:29+00:00,2020-09-28T16:42:07.591000+00:00,2021-10-19T13:47:50+00:00,RITA KUMARI,EXECUTIVE OFFICER,Nagar panchayat kateya,Nagar panchayat kateya,RITA KUMARI,EXECUTIVE OFFICER,Narkatiyaganj Muncipal Council,14400.0,1250.0,590.0,True,"{'Flood': 0, 'Embankment': 0, 'embkt': 0, 'Relief': 0, 'Erosion': 0, 'SDRF': 0, 'Inundation': 0, 'Hydrology': 0, 'Silt': 0, 'Siltation': 0, 'Bund': 0, 'Trench': 0, 'Breach': 0, 'Culvert': 0, 'Sluice': 0, 'Dyke': 0, 'Storm water drain': 0, 'Emergency': 0, 'Immediate': 0, 'IM': 0, 'AE': 0, 'A E': 0, 'AAPDA MITRA': 0, 'Bridge': 0, 'River': 0, 'Drain': 2, 'Restoration': 0, 'Protection': 0, 'irr': 0, 'irrigation': 0, 'dam': 0, 'Nallah': 0, 'Retrofitting': 0, 'Pond': 0, 'Pokhari': 0, 'D/C': 0, 'Recharge shaft': 0, 'LFB': 0, 'RFB': 0}","{'Floodlight': 0, 'Flood Light': 0, 'GAS': 0, 'FIFA': 0, 'pipe': 0, 'pipes': 0, 'covid': 0, 'supply': 0, 'Beautification': 0, 'Installation': 0}",,,False,True,Immediate Measures
5286,NPNARKAT 06/2020-21/GR-26,Construction of PCC raod and Drain from Belwa Sathi vitarni to Boundary of Mukhtar Miya through house of Bikhari Baitha  in ward 21 under Nagar Parishad Narkatiaganj,Construction of PCC raod and Drain from Belwa Sathi vitarni to Boundary of Mukhtar Miya through house of Bikhari Baitha  in ward 21 under Nagar Parishad Narkatiaganj,867005.0,INR,INR,2020-09-28 16:52:27+00:00,2020-09-28T16:47:33.246000+00:00,2021-10-19T14:01:59+00:00,RITA KUMARI,EXECUTIVE OFFICER,Nagar panchayat kateya,Nagar panchayat kateya,RITA KUMARI,EXECUTIVE OFFICER,Narkatiyaganj Muncipal Council,17400.0,1250.0,590.0,True,"{'Flood': 0, 'Embankment': 0, 'embkt': 0, 'Relief': 0, 'Erosion': 0, 'SDRF': 0, 'Inundation': 0, 'Hydrology': 0, 'Silt': 0, 'Siltation': 0, 'Bund': 0, 'Trench': 0, 'Breach': 0, 'Culvert': 0, 'Sluice': 0, 'Dyke': 0, 'Storm water drain': 0, 'Emergency': 0, 'Immediate': 0, 'IM': 0, 'AE': 0, 'A E': 0, 'AAPDA MITRA': 0, 'Bridge': 0, 'River': 0, 'Drain': 2, 'Restoration': 0, 'Protection': 0, 'irr': 0, 'irrigation': 0, 'dam': 0, 'Nallah': 0, 'Retrofitting': 0, 'Pond': 0, 'Pokhari': 0, 'D/C': 0, 'Recharge shaft': 0, 'LFB': 0, 'RFB': 0}","{'Floodlight': 0, 'Flood Light': 0, 'GAS': 0, 'FIFA': 0, 'pipe': 0, 'pipes': 0, 'covid': 0, 'supply': 0, 'Beautification': 0, 'Installation': 0}",,,False,True,Immediate Measures
5287,NPNARKAT 06/2020-21/GR-27,Construction of RCC Drain from house of Jamadar Sahab to house of Raju Gupta for water logging relif at Block road in ward 21 under Nagar Parishad Narkatiaganj,Construction of RCC Drain from house of Jamadar Sahab to house of Raju Gupta for water logging relif at Block road in ward 21 under Nagar Parishad Narkatiaganj,1331391.0,INR,INR,2020-09-28 16:58:59+00:00,2020-09-28T16:53:36.166000+00:00,2021-10-20T06:38:25+00:00,RITA KUMARI,EXECUTIVE OFFICER,Nagar panchayat kateya,Nagar panchayat kateya,RITA KUMARI,EXECUTIVE OFFICER,Narkatiyaganj Muncipal Council,26700.0,2500.0,590.0,True,"{'Flood': 0, 'Embankment': 0, 'embkt': 0, 'Relief': 0, 'Erosion': 0, 'SDRF': 0, 'Inundation': 0, 'Hydrology': 0, 'Silt': 0, 'Siltation': 0, 'Bund': 0, 'Trench': 0, 'Breach': 0, 'Culvert': 0, 'Sluice': 0, 'Dyke': 0, 'Storm water drain': 0, 'Emergency': 0, 'Immediate': 0, 'IM': 0, 'AE': 0, 'A E': 0, 'AAPDA MITRA': 0, 'Bridge': 0, 'River': 0, 'Drain': 2, 'Restoration': 0, 'Protection': 0, 'irr': 0, 'irrigation': 0, 'dam': 0, 'Nallah': 0, 'Retrofitting': 0, 'Pond': 0, 'Pokhari': 0, 'D/C': 0, 'Recharge shaft': 0, 'LFB': 0, 'RFB': 0}","{'Floodlight': 0, 'Flood Light': 0, 'GAS': 0, 'FIFA': 0, 'pipe': 0, 'pipes': 0, 'covid': 0, 'supply': 0, 'Beautification': 0, 'Installation': 0}",,,False,True,Immediate Measures
5288,NPNARKAT 06/2020-21/GR-28,Construction of Pever Block Road and Drain from house of Late Radhav Dubey to house of Late Chandra Mohan Tiwari though house of Suman Singh AND from house of Murari Saran to campus of Ramjanki Mandir through house of Mangal Singh Patel in ward 22 under Nagar Parishad Narkatiaganj,Construction of Pever Block Road and Drain from house of Late Radhav Dubey to house of Late Chandra Mohan Tiwari though house of Suman Singh AND from house of Murari Saran to campus of Ramjanki Mandir through house of Mangal Singh Patel in ward 22 under Nagar Parishad Narkatiaganj,1703293.0,INR,INR,2020-09-28 17:05:00+00:00,2020-09-28T16:59:48.043000+00:00,2021-10-19T13:10:35+00:00,RITA KUMARI,EXECUTIVE OFFICER,Nagar panchayat kateya,Nagar panchayat kateya,RITA KUMARI,EXECUTIVE OFFICER,Narkatiyaganj Muncipal Council,34100.0,5000.0,590.0,True,"{'Flood': 0, 'Embankment': 0, 'embkt': 0, 'Relief': 0, 'Erosion': 0, 'SDRF': 0, 'Inundation': 0, 'Hydrology': 0, 'Silt': 0, 'Siltation': 0, 'Bund': 0, 'Trench': 0, 'Breach': 0, 'Culvert': 0, 'Sluice': 0, 'Dyke': 0, 'Storm water drain': 0, 'Emergency': 0, 'Immediate': 0, 'IM': 0, 'AE': 0, 'A E': 0, 'AAPDA MITRA': 0, 'Bridge': 0, 'River': 0, 'Drain': 2, 'Restoration': 0, 'Protection': 0, 'irr': 0, 'irrigation': 0, 'dam': 0, 'Nallah': 0, 'Retrofitting': 0, 'Pond': 0, 'Pokhari': 0, 'D/C': 0, 'Recharge shaft': 0, 'LFB': 0, 'RFB': 0}","{'Floodlight': 0, 'Flood Light': 0, 'GAS': 0, 'FIFA': 0, 'pipe': 0, 'pipes': 0, 'covid': 0, 'supply': 0, 'Beautification': 0, 'Installation': 0}",,,False,True,Immediate Measures
5289,NPNARKAT 06/2020-21/GR-29,Construction of Pever Block Road and Drain from house of Bharat jee to Railway AND from house of Arun Srivastava T.T. to Railway in ward 22 under Nagar Parishad Narkatiaganj,Construction of Pever Block Road and Drain from house of Bharat jee to Railway AND from house of Arun Srivastava T.T. to Railway in ward 22 under Nagar Parishad Narkatiaganj,1602053.0,INR,INR,2020-09-28 17:13:42+00:00,2020-09-28T17:05:58.028000+00:00,2021-10-20T05:21:05+00:00,RITA KUMARI,EXECUTIVE OFFICER,Nagar panchayat kateya,Nagar panchayat kateya,RITA KUMARI,EXECUTIVE OFFICER,Narkatiyaganj Muncipal Council,31400.0,5000.0,590.0,True,"{'Flood': 0, 'Embankment': 0, 'embkt': 0, 'Relief': 0, 'Erosion': 0, 'SDRF': 0, 'Inundation': 0, 'Hydrology': 0, 'Silt': 0, 'Siltation': 0, 'Bund': 0, 'Trench': 0, 'Breach': 0, 'Culvert': 0, 'Sluice': 0, 'Dyke': 0, 'Storm water drain': 0, 'Emergency': 0, 'Immediate': 0, 'IM': 0, 'AE': 0, 'A E': 0, 'AAPDA MITRA': 0, 'Bridge': 0, 'River': 0, 'Drain': 2, 'Restoration': 0, 'Protection': 0, 'irr': 0, 'irrigation': 0, 'dam': 0, 'Nallah': 0, 'Retrofitting': 0, 'Pond': 0, 'Pokhari': 0, 'D/C': 0, 'Recharge shaft': 0, 'LFB': 0, 'RFB': 0}","{'Floodlight': 0, 'Flood Light': 0, 'GAS': 0, 'FIFA': 0, 'pipe': 0, 'pipes': 0, 'covid': 0, 'supply': 0, 'Beautification': 0, 'Installation': 0}",,,False,True,Immediate Measures
5290,NPNARKAT 06/2020-21/GR-30,Construction of Pever Block Road and Drain from house of Vijay Srivastava to house of Pramaod Pandey through house of Upendra Tiwari in ward 23 under Nagar Parishad Narkatiaganj,Construction of Pever Block Road and Drain from house of Vijay Srivastava to house of Pramaod Pandey through house of Upendra Tiwari in ward 23 under Nagar Parishad Narkatiaganj,1368112.0,INR,INR,2020-09-28 17:19:54+00:00,2020-09-28T17:14:19.263000+00:00,2021-10-17T12:23:19+00:00,RITA KUMARI,EXECUTIVE OFFICER,Nagar panchayat kateya,Nagar panchayat kateya,RITA KUMARI,EXECUTIVE OFFICER,Narkatiyaganj Muncipal Council,27400.0,2500.0,590.0,True,"{'Flood': 0, 'Embankment': 0, 'embkt': 0, 'Relief': 0, 'Erosion': 0, 'SDRF': 0, 'Inundation': 0, 'Hydrology': 0, 'Silt': 0, 'Siltation': 0, 'Bund': 0, 'Trench': 0, 'Breach': 0, 'Culvert': 0, 'Sluice': 0, 'Dyke': 0, 'Storm water drain': 0, 'Emergency': 0, 'Immediate': 0, 'IM': 0, 'AE': 0, 'A E': 0, 'AAPDA MITRA': 0, 'Bridge': 0, 'River': 0, 'Drain': 2, 'Restoration': 0, 'Protection': 0, 'irr': 0, 'irrigation': 0, 'dam': 0, 'Nallah': 0, 'Retrofitting': 0, 'Pond': 0, 'Pokhari': 0, 'D/C': 0, 'Recharge shaft': 0, 'LFB': 0, 'RFB': 0}","{'Floodlight': 0, 'Flood Light': 0, 'GAS': 0, 'FIFA': 0, 'pipe': 0, 'pipes': 0, 'covid': 0, 'supply': 0, 'Beautification': 0, 'Installation': 0}",,,False,True,Immediate Measures
5292,NPNARKAT 06/2020-21/GR-32,Construction of Pever Block Road and Drain from house of Baagar Das to Matura Devi through house of Devendra Prasad in ward 25 under Nagar Parishad Narkatiaganj,Construction of Pever Block Road and Drain from house of Baagar Das to Matura Devi through house of Devendra Prasad in ward 25 under Nagar Parishad Narkatiaganj,2044784.0,INR,INR,2020-09-28 17:31:15+00:00,2020-09-28T17:25:52.433000+00:00,2021-12-29T10:28:45+00:00,RITA KUMARI,EXECUTIVE OFFICER,Nagar panchayat kateya,Nagar panchayat kateya,RITA KUMARI,EXECUTIVE OFFICER,Narkatiyaganj Muncipal Council,41000.0,5000.0,590.0,True,"{'Flood': 0, 'Embankment': 0, 'embkt': 0, 'Relief': 0, 'Erosion': 0, 'SDRF': 0, 'Inundation': 0, 'Hydrology': 0, 'Silt': 0, 'Siltation': 0, 'Bund': 0, 'Trench': 0, 'Breach': 0, 'Culvert': 0, 'Sluice': 0, 'Dyke': 0, 'Storm water drain': 0, 'Emergency': 0, 'Immediate': 0, 'IM': 0, 'AE': 0, 'A E': 0, 'AAPDA MITRA': 0, 'Bridge': 0, 'River': 0, 'Drain': 2, 'Restoration': 0, 'Protection': 0, 'irr': 0, 'irrigation': 0, 'dam': 0, 'Nallah': 0, 'Retrofitting': 0, 'Pond': 0, 'Pokhari': 0, 'D/C': 0, 'Recharge shaft': 0, 'LFB': 0, 'RFB': 0}","{'Floodlight': 0, 'Flood Light': 0, 'GAS': 0, 'FIFA': 0, 'pipe': 0, 'pipes': 0, 'covid': 0, 'supply': 0, 'Beautification': 0, 'Installation': 0}",,,False,True,Immediate Measures
5293,NPNARKAT 06/2020-21/GR-33,"Construction of Pever Block Road and Drain from house of Taimul Miya to house of Babujan Saai through house of Tanvir Baitha, house of Radha Devi nurse and house of Mehrun Nesa in ward 25 under Nagar Parishad Narkatiaganj","Construction of Pever Block Road and Drain from house of Taimul Miya to house of Babujan Saai through house of Tanvir Baitha, house of Radha Devi nurse and house of Mehrun Nesa in ward 25 under Nagar Parishad Narkatiaganj",689750.0,INR,INR,2020-09-28 17:38:08+00:00,2020-09-28T17:31:53.765000+00:00,2021-10-19T12:00:17+00:00,RITA KUMARI,EXECUTIVE OFFICER,Nagar panchayat kateya,Nagar panchayat kateya,RITA KUMARI,EXECUTIVE OFFICER,Narkatiyaganj Muncipal Council,13800.0,1250.0,590.0,True,"{'Flood': 0, 'Embankment': 0, 'embkt': 0, 'Relief': 0, 'Erosion': 0, 'SDRF': 0, 'Inundation': 0, 'Hydrology': 0, 'Silt': 0, 'Siltation': 0, 'Bund': 0, 'Trench': 0, 'Breach': 0, 'Culvert': 0, 'Sluice': 0, 'Dyke': 0, 'Storm water drain': 0, 'Emergency': 0, 'Immediate': 0, 'IM': 0, 'AE': 0, 'A E': 0, 'AAPDA MITRA': 0, 'Bridge': 0, 'River': 0, 'Drain': 2, 'Restoration': 0, 'Protection': 0, 'irr': 0, 'irrigation': 0, 'dam': 0, 'Nallah': 0, 'Retrofitting': 0, 'Pond': 0, 'Pokhari': 0, 'D/C': 0, 'Recharge shaft': 0, 'LFB': 0, 'RFB': 0}","{'Floodlight': 0, 'Flood Light': 0, 'GAS': 0, 'FIFA': 0, 'pipe': 0, 'pipes': 0, 'covid': 0, 'supply': 0, 'Beautification': 0, 'Installation': 0}",,,False,True,Immediate Measures
5295,NPNARKAT 06/2020-21/GR-34,Construction of Pever Block Road and Drain from house of Haider Ali to house of Sekh Harun through house of Azhar Miya in ward 25 under Nagar Parishad Narkatiaganj,Construction of Pever Block Road and Drain from house of Haider Ali to house of Sekh Harun through house of Azhar Miya in ward 25 under Nagar Parishad Narkatiaganj,892671.0,INR,INR,2020-09-28 17:44:09+00:00,2020-09-28T17:39:13.446000+00:00,2021-10-10T10:00:07+00:00,RITA KUMARI,EXECUTIVE OFFICER,Nagar panchayat kateya,Nagar panchayat kateya,RITA KUMARI,EXECUTIVE OFFICER,Narkatiyaganj Muncipal Council,17900.0,1250.0,590.0,True,"{'Flood': 0, 'Embankment': 0, 'embkt': 0, 'Relief': 0, 'Erosion': 0, 'SDRF': 0, 'Inundation': 0, 'Hydrology': 0, 'Silt': 0, 'Siltation': 0, 'Bund': 0, 'Trench': 0, 'Breach': 0, 'Culvert': 0, 'Sluice': 0, 'Dyke': 0, 'Storm water drain': 0, 'Emergency': 0, 'Immediate': 0, 'IM': 0, 'AE': 0, 'A E': 0, 'AAPDA MITRA': 0, 'Bridge': 0, 'River': 0, 'Drain': 2, 'Restoration': 0, 'Protection': 0, 'irr': 0, 'irrigation': 0, 'dam': 0, 'Nallah': 0, 'Retrofitting': 0, 'Pond': 0, 'Pokhari': 0, 'D/C': 0, 'Recharge shaft': 0, 'LFB': 0, 'RFB': 0}","{'Floodlight': 0, 'Flood Light': 0, 'GAS': 0, 'FIFA': 0, 'pipe': 0, 'pipes': 0, 'covid': 0, 'supply': 0, 'Beautification': 0, 'Installation': 0}",,,False,True,Immediate Measures
5429,NIT 11/2020-21 GR 11,"Construction of PCC Road and drain from house of Ram Pyare Singh to Anil Singh, Ward No. 05 at Nagar Parisad Danapur Nizamat.","Construction of PCC Road and drain from house of Ram Pyare Singh to Anil Singh, Ward No. 05 at Nagar Parisad Danapur Nizamat.",637605.0,INR,INR,2020-09-30 06:29:44+00:00,2020-09-29T12:28:24.227000+00:00,2021-03-25T19:41:44+00:00,"EXECUTIVE OFFICER, DANAPUR NIZAMAT",EO,NAGAR PARISHAD DANAPUR NIZAMAT,NAGAR PARISHAD DANAPUR NIZAMAT WARD NO.-35,"EXECUTIVE OFFICER, DANAPUR NIZAMAT",EO,NAGAR PARISHAD DANAPUR NIZAMAT,12800.0,1250.0,590.0,True,"{'Flood': 0, 'Embankment': 0, 'embkt': 0, 'Relief': 0, 'Erosion': 0, 'SDRF': 0, 'Inundation': 0, 'Hydrology': 0, 'Silt': 0, 'Siltation': 0, 'Bund': 0, 'Trench': 0, 'Breach': 0, 'Culvert': 0, 'Sluice': 0, 'Dyke': 0, 'Storm water drain': 0, 'Emergency': 0, 'Immediate': 0, 'IM': 0, 'AE': 0, 'A E': 0, 'AAPDA MITRA': 0, 'Bridge': 0, 'River': 0, 'Drain': 2, 'Restoration': 0, 'Protection': 0, 'irr': 0, 'irrigation': 0, 'dam': 0, 'Nallah': 0, 'Retrofitting': 0, 'Pond': 0, 'Pokhari': 0, 'D/C': 0, 'Recharge shaft': 0, 'LFB': 0, 'RFB': 0}","{'Floodlight': 0, 'Flood Light': 0, 'GAS': 0, 'FIFA': 0, 'pipe': 0, 'pipes': 0, 'covid': 0, 'supply': 0, 'Beautification': 0, 'Installation': 0}",,,False,True,Immediate Measures
5442,NIT 11/2020-21 GR 19,"Construction of PCC Road and RCC drain from house of Sahdeo Roy to Lagan Roy in Shanti Nagar road, Ward No. 07 at Nagar Parisad Danapur Nizamat.","Construction of PCC Road and RCC drain from house of Sahdeo Roy to Lagan Roy in Shanti Nagar road, Ward No. 07 at Nagar Parisad Danapur Nizamat.",3403543.0,INR,INR,2020-09-30 06:38:07+00:00,2020-09-29T12:50:28.378000+00:00,2021-01-06T09:16:32+00:00,"EXECUTIVE OFFICER, DANAPUR NIZAMAT",EO,NAGAR PARISHAD DANAPUR NIZAMAT,NAGAR PARISHAD DANAPUR NIZAMAT WARD NO.-35,"EXECUTIVE OFFICER, DANAPUR NIZAMAT",EO,NAGAR PARISHAD DANAPUR NIZAMAT,68100.0,5000.0,590.0,True,"{'Flood': 0, 'Embankment': 0, 'embkt': 0, 'Relief': 0, 'Erosion': 0, 'SDRF': 0, 'Inundation': 0, 'Hydrology': 0, 'Silt': 0, 'Siltation': 0, 'Bund': 0, 'Trench': 0, 'Breach': 0, 'Culvert': 0, 'Sluice': 0, 'Dyke': 0, 'Storm water drain': 0, 'Emergency': 0, 'Immediate': 0, 'IM': 0, 'AE': 0, 'A E': 0, 'AAPDA MITRA': 0, 'Bridge': 0, 'River': 0, 'Drain': 2, 'Restoration': 0, 'Protection': 0, 'irr': 0, 'irrigation': 0, 'dam': 0, 'Nallah': 0, 'Retrofitting': 0, 'Pond': 0, 'Pokhari': 0, 'D/C': 0, 'Recharge shaft': 0, 'LFB': 0, 'RFB': 0}","{'Floodlight': 0, 'Flood Light': 0, 'GAS': 0, 'FIFA': 0, 'pipe': 0, 'pipes': 0, 'covid': 0, 'supply': 0, 'Beautification': 0, 'Installation': 0}",,,False,True,Immediate Measures
5534,NIT 11/2020-21 GR 29,"Construction of PCC Road and drain from house of Nageshwar Singh to Bhagwan Yadav in Vijay Vihar Colony, Ward No. 12 at Nagar Parisad Danapur Nizamat.","Construction of PCC Road and drain from house of Nageshwar Singh to Bhagwan Yadav in Vijay Vihar Colony, Ward No. 12 at Nagar Parisad Danapur Nizamat.",1295227.0,INR,INR,2020-09-30 07:12:45+00:00,2020-09-30T02:19:56.155000+00:00,2021-01-07T17:59:44+00:00,"EXECUTIVE OFFICER, DANAPUR NIZAMAT",EO,NAGAR PARISHAD DANAPUR NIZAMAT,NAGAR PARISHAD DANAPUR NIZAMAT WARD NO.-35,"EXECUTIVE OFFICER, DANAPUR NIZAMAT",EO,NAGAR PARISHAD DANAPUR NIZAMAT,26000.0,2500.0,590.0,True,"{'Flood': 0, 'Embankment': 0, 'embkt': 0, 'Relief': 0, 'Erosion': 0, 'SDRF': 0, 'Inundation': 0, 'Hydrology': 0, 'Silt': 0, 'Siltation': 0, 'Bund': 0, 'Trench': 0, 'Breach': 0, 'Culvert': 0, 'Sluice': 0, 'Dyke': 0, 'Storm water drain': 0, 'Emergency': 0, 'Immediate': 0, 'IM': 0, 'AE': 0, 'A E': 0, 'AAPDA MITRA': 0, 'Bridge': 0, 'River': 0, 'Drain': 2, 'Restoration': 0, 'Protection': 0, 'irr': 0, 'irrigation': 0, 'dam': 0, 'Nallah': 0, 'Retrofitting': 0, 'Pond': 0, 'Pokhari': 0, 'D/C': 0, 'Recharge shaft': 0, 'LFB': 0, 'RFB': 0}","{'Floodlight': 0, 'Flood Light': 0, 'GAS': 0, 'FIFA': 0, 'pipe': 0, 'pipes': 0, 'covid': 0, 'supply': 0, 'Beautification': 0, 'Installation': 0}",,,False,True,Immediate Measures
5535,NIT 11/2020-21 GR 30,"Construction of Paver Block Road and Drain from house of Vinay Jee Lal Kothi main road adda in Bibiganj main road, Ward No. 13 at Nagar Parisad Danapur Nizamat.","Construction of Paver Block Road and Drain from house of Vinay Jee Lal Kothi main road adda in Bibiganj main road, Ward No. 13 at Nagar Parisad Danapur Nizamat.",1416052.0,INR,INR,2020-09-30 07:13:48+00:00,2020-09-30T02:29:09.308000+00:00,2021-01-07T18:08:27+00:00,"EXECUTIVE OFFICER, DANAPUR NIZAMAT",EO,NAGAR PARISHAD DANAPUR NIZAMAT,NAGAR PARISHAD DANAPUR NIZAMAT WARD NO.-35,"EXECUTIVE OFFICER, DANAPUR NIZAMAT",EO,NAGAR PARISHAD DANAPUR NIZAMAT,28400.0,2500.0,590.0,True,"{'Flood': 0, 'Embankment': 0, 'embkt': 0, 'Relief': 0, 'Erosion': 0, 'SDRF': 0, 'Inundation': 0, 'Hydrology': 0, 'Silt': 0, 'Siltation': 0, 'Bund': 0, 'Trench': 0, 'Breach': 0, 'Culvert': 0, 'Sluice': 0, 'Dyke': 0, 'Storm water drain': 0, 'Emergency': 0, 'Immediate': 0, 'IM': 0, 'AE': 0, 'A E': 0, 'AAPDA MITRA': 0, 'Bridge': 0, 'River': 0, 'Drain': 2, 'Restoration': 0, 'Protection': 0, 'irr': 0, 'irrigation': 0, 'dam': 0, 'Nallah': 0, 'Retrofitting': 0, 'Pond': 0, 'Pokhari': 0, 'D/C': 0, 'Recharge shaft': 0, 'LFB': 0, 'RFB': 0}","{'Floodlight': 0, 'Flood Light': 0, 'GAS': 0, 'FIFA': 0, 'pipe': 0, 'pipes': 0, 'covid': 0, 'supply': 0, 'Beautification': 0, 'Installation': 0}",,,False,True,Immediate Measures
5540,NIT 11/2020-21 GR 34,"Construction of PCC Road and RCC drain from house of Bhola Babu to Lala Roy in Sultanpur, Ward No. 15 at Nagar Parisad Danapur Nizamat.","Construction of PCC Road and RCC drain from house of Bhola Babu to Lala Roy in Sultanpur, Ward No. 15 at Nagar Parisad Danapur Nizamat.",4749983.0,INR,INR,2020-09-30 07:26:30+00:00,2020-09-30T05:07:47.736000+00:00,2021-01-07T18:28:04+00:00,"EXECUTIVE OFFICER, DANAPUR NIZAMAT",EO,NAGAR PARISHAD DANAPUR NIZAMAT,NAGAR PARISHAD DANAPUR NIZAMAT WARD NO.-35,"EXECUTIVE OFFICER, DANAPUR NIZAMAT",EO,NAGAR PARISHAD DANAPUR NIZAMAT,95000.0,5000.0,590.0,True,"{'Flood': 0, 'Embankment': 0, 'embkt': 0, 'Relief': 0, 'Erosion': 0, 'SDRF': 0, 'Inundation': 0, 'Hydrology': 0, 'Silt': 0, 'Siltation': 0, 'Bund': 0, 'Trench': 0, 'Breach': 0, 'Culvert': 0, 'Sluice': 0, 'Dyke': 0, 'Storm water drain': 0, 'Emergency': 0, 'Immediate': 0, 'IM': 0, 'AE': 0, 'A E': 0, 'AAPDA MITRA': 0, 'Bridge': 0, 'River': 0, 'Drain': 2, 'Restoration': 0, 'Protection': 0, 'irr': 0, 'irrigation': 0, 'dam': 0, 'Nallah': 0, 'Retrofitting': 0, 'Pond': 0, 'Pokhari': 0, 'D/C': 0, 'Recharge shaft': 0, 'LFB': 0, 'RFB': 0}","{'Floodlight': 0, 'Flood Light': 0, 'GAS': 0, 'FIFA': 0, 'pipe': 0, 'pipes': 0, 'covid': 0, 'supply': 0, 'Beautification': 0, 'Installation': 0}",,,False,True,Immediate Measures
5542,NIT 11/2020-21 GR 35,"Construction of PCC Road and RCC drain from house of Sunil Roy to Santosh Roy in Saguna Naya Tola, Ward No. 16 at Nagar Parisad Danapur Nizamat.","Construction of PCC Road and RCC drain from house of Sunil Roy to Santosh Roy in Saguna Naya Tola, Ward No. 16 at Nagar Parisad Danapur Nizamat.",1750756.0,INR,INR,2020-09-30 07:27:51+00:00,2020-09-30T05:11:57.913000+00:00,2021-01-07T18:35:22+00:00,"EXECUTIVE OFFICER, DANAPUR NIZAMAT",EO,NAGAR PARISHAD DANAPUR NIZAMAT,NAGAR PARISHAD DANAPUR NIZAMAT WARD NO.-35,"EXECUTIVE OFFICER, DANAPUR NIZAMAT",EO,NAGAR PARISHAD DANAPUR NIZAMAT,35100.0,5000.0,590.0,True,"{'Flood': 0, 'Embankment': 0, 'embkt': 0, 'Relief': 0, 'Erosion': 0, 'SDRF': 0, 'Inundation': 0, 'Hydrology': 0, 'Silt': 0, 'Siltation': 0, 'Bund': 0, 'Trench': 0, 'Breach': 0, 'Culvert': 0, 'Sluice': 0, 'Dyke': 0, 'Storm water drain': 0, 'Emergency': 0, 'Immediate': 0, 'IM': 0, 'AE': 0, 'A E': 0, 'AAPDA MITRA': 0, 'Bridge': 0, 'River': 0, 'Drain': 2, 'Restoration': 0, 'Protection': 0, 'irr': 0, 'irrigation': 0, 'dam': 0, 'Nallah': 0, 'Retrofitting': 0, 'Pond': 0, 'Pokhari': 0, 'D/C': 0, 'Recharge shaft': 0, 'LFB': 0, 'RFB': 0}","{'Floodlight': 0, 'Flood Light': 0, 'GAS': 0, 'FIFA': 0, 'pipe': 0, 'pipes': 0, 'covid': 0, 'supply': 0, 'Beautification': 0, 'Installation': 0}",,,False,True,Immediate Measures
5544,NIT 11/2020-21 GR 36,"Construction of PCC Road and RCC drain from house of Himanshu Sharma to Moti Sharma in Saguna Naya Tola, Ward No. 16 at Nagar Parisad Danapur Nizamat.","Construction of PCC Road and RCC drain from house of Himanshu Sharma to Moti Sharma in Saguna Naya Tola, Ward No. 16 at Nagar Parisad Danapur Nizamat.",1750756.0,INR,INR,2020-09-30 07:28:53+00:00,2020-09-30T05:57:40.886000+00:00,2021-01-07T18:43:12+00:00,"EXECUTIVE OFFICER, DANAPUR NIZAMAT",EO,NAGAR PARISHAD DANAPUR NIZAMAT,NAGAR PARISHAD DANAPUR NIZAMAT WARD NO.-35,"EXECUTIVE OFFICER, DANAPUR NIZAMAT",EO,NAGAR PARISHAD DANAPUR NIZAMAT,35100.0,5000.0,590.0,True,"{'Flood': 0, 'Embankment': 0, 'embkt': 0, 'Relief': 0, 'Erosion': 0, 'SDRF': 0, 'Inundation': 0, 'Hydrology': 0, 'Silt': 0, 'Siltation': 0, 'Bund': 0, 'Trench': 0, 'Breach': 0, 'Culvert': 0, 'Sluice': 0, 'Dyke': 0, 'Storm water drain': 0, 'Emergency': 0, 'Immediate': 0, 'IM': 0, 'AE': 0, 'A E': 0, 'AAPDA MITRA': 0, 'Bridge': 0, 'River': 0, 'Drain': 2, 'Restoration': 0, 'Protection': 0, 'irr': 0, 'irrigation': 0, 'dam': 0, 'Nallah': 0, 'Retrofitting': 0, 'Pond': 0, 'Pokhari': 0, 'D/C': 0, 'Recharge shaft': 0, 'LFB': 0, 'RFB': 0}","{'Floodlight': 0, 'Flood Light': 0, 'GAS': 0, 'FIFA': 0, 'pipe': 0, 'pipes': 0, 'covid': 0, 'supply': 0, 'Beautification': 0, 'Installation': 0}",,,False,True,Immediate Measures
5546,NIT 11/2020-21 GR 38,"Construction of PCC Road and RCC drain from house of Shambhu Pd. Gupta to Arjun Pd, Ward No. 18 at Nagar Parisad Danapur Nizamat.","Construction of PCC Road and RCC drain from house of Shambhu Pd. Gupta to Arjun Pd, Ward No. 18 at Nagar Parisad Danapur Nizamat.",3846784.0,INR,INR,2020-09-30 07:40:33+00:00,2020-09-30T06:04:52.491000+00:00,2021-01-07T19:01:51+00:00,"EXECUTIVE OFFICER, DANAPUR NIZAMAT",EO,NAGAR PARISHAD DANAPUR NIZAMAT,NAGAR PARISHAD DANAPUR NIZAMAT WARD NO.-35,"EXECUTIVE OFFICER, DANAPUR NIZAMAT",EO,NAGAR PARISHAD DANAPUR NIZAMAT,77000.0,5000.0,590.0,True,"{'Flood': 0, 'Embankment': 0, 'embkt': 0, 'Relief': 0, 'Erosion': 0, 'SDRF': 0, 'Inundation': 0, 'Hydrology': 0, 'Silt': 0, 'Siltation': 0, 'Bund': 0, 'Trench': 0, 'Breach': 0, 'Culvert': 0, 'Sluice': 0, 'Dyke': 0, 'Storm water drain': 0, 'Emergency': 0, 'Immediate': 0, 'IM': 0, 'AE': 0, 'A E': 0, 'AAPDA MITRA': 0, 'Bridge': 0, 'River': 0, 'Drain': 2, 'Restoration': 0, 'Protection': 0, 'irr': 0, 'irrigation': 0, 'dam': 0, 'Nallah': 0, 'Retrofitting': 0, 'Pond': 0, 'Pokhari': 0, 'D/C': 0, 'Recharge shaft': 0, 'LFB': 0, 'RFB': 0}","{'Floodlight': 0, 'Flood Light': 0, 'GAS': 0, 'FIFA': 0, 'pipe': 0, 'pipes': 0, 'covid': 0, 'supply': 0, 'Beautification': 0, 'Installation': 0}",,,False,True,Immediate Measures
5547,NIT 11/2020-21 GR 39,"Construction of PCC Road and drain include cover from house of Dilip Jee to boundary of Shekhar Jee, Ward No. 19 at Nagar Parisad Danapur Nizamat.","Construction of PCC Road and drain include cover from house of Dilip Jee to boundary of Shekhar Jee, Ward No. 19 at Nagar Parisad Danapur Nizamat.",1552475.0,INR,INR,2020-09-30 07:42:05+00:00,2020-09-30T06:07:57.403000+00:00,2021-01-07T19:09:07+00:00,"EXECUTIVE OFFICER, DANAPUR NIZAMAT",EO,NAGAR PARISHAD DANAPUR NIZAMAT,NAGAR PARISHAD DANAPUR NIZAMAT WARD NO.-35,"EXECUTIVE OFFICER, DANAPUR NIZAMAT",EO,NAGAR PARISHAD DANAPUR NIZAMAT,31100.0,5000.0,590.0,True,"{'Flood': 0, 'Embankment': 0, 'embkt': 0, 'Relief': 0, 'Erosion': 0, 'SDRF': 0, 'Inundation': 0, 'Hydrology': 0, 'Silt': 0, 'Siltation': 0, 'Bund': 0, 'Trench': 0, 'Breach': 0, 'Culvert': 0, 'Sluice': 0, 'Dyke': 0, 'Storm water drain': 0, 'Emergency': 0, 'Immediate': 0, 'IM': 0, 'AE': 0, 'A E': 0, 'AAPDA MITRA': 0, 'Bridge': 0, 'River': 0, 'Drain': 2, 'Restoration': 0, 'Protection': 0, 'irr': 0, 'irrigation': 0, 'dam': 0, 'Nallah': 0, 'Retrofitting': 0, 'Pond': 0, 'Pokhari': 0, 'D/C': 0, 'Recharge shaft': 0, 'LFB': 0, 'RFB': 0}","{'Floodlight': 0, 'Flood Light': 0, 'GAS': 0, 'FIFA': 0, 'pipe': 0, 'pipes': 0, 'covid': 0, 'supply': 0, 'Beautification': 0, 'Installation': 0}",,,False,True,Immediate Measures
5549,NIT 11/2020-21 GR 41,"Construction of PCC Road and RCC drain from house of Shivvachan Ram to Subnhash Sharma in Police Colony, lane no. 03, Ward No. 19 at Nagar Parisad Danapur Nizamat.","Construction of PCC Road and RCC drain from house of Shivvachan Ram to Subnhash Sharma in Police Colony, lane no. 03, Ward No. 19 at Nagar Parisad Danapur Nizamat.",1713630.0,INR,INR,2020-09-30 08:49:06+00:00,2020-09-30T06:13:27.785000+00:00,2021-01-08T19:49:16+00:00,"EXECUTIVE OFFICER, DANAPUR NIZAMAT",EO,NAGAR PARISHAD DANAPUR NIZAMAT,NAGAR PARISHAD DANAPUR NIZAMAT WARD NO.-35,"EXECUTIVE OFFICER, DANAPUR NIZAMAT",EO,NAGAR PARISHAD DANAPUR NIZAMAT,34300.0,5000.0,590.0,True,"{'Flood': 0, 'Embankment': 0, 'embkt': 0, 'Relief': 0, 'Erosion': 0, 'SDRF': 0, 'Inundation': 0, 'Hydrology': 0, 'Silt': 0, 'Siltation': 0, 'Bund': 0, 'Trench': 0, 'Breach': 0, 'Culvert': 0, 'Sluice': 0, 'Dyke': 0, 'Storm water drain': 0, 'Emergency': 0, 'Immediate': 0, 'IM': 0, 'AE': 0, 'A E': 0, 'AAPDA MITRA': 0, 'Bridge': 0, 'River': 0, 'Drain': 2, 'Restoration': 0, 'Protection': 0, 'irr': 0, 'irrigation': 0, 'dam': 0, 'Nallah': 0, 'Retrofitting': 0, 'Pond': 0, 'Pokhari': 0, 'D/C': 0, 'Recharge shaft': 0, 'LFB': 0, 'RFB': 0}","{'Floodlight': 0, 'Flood Light': 0, 'GAS': 0, 'FIFA': 0, 'pipe': 0, 'pipes': 0, 'covid': 0, 'supply': 0, 'Beautification': 0, 'Installation': 0}",,,False,True,Immediate Measures
5561,NIT 11/2020-21 GR 49,"Construction of Paver Block Road and RCC drain from house of Sunil Roy to Aruni Devi in New Panchwatinagar, Ward No. 22 at Nagar Parisad Danapur Nizamat.","Construction of Paver Block Road and RCC drain from house of Sunil Roy to Aruni Devi in New Panchwatinagar, Ward No. 22 at Nagar Parisad Danapur Nizamat.",2830624.0,INR,INR,2020-09-30 08:57:26+00:00,2020-09-30T08:05:08.816000+00:00,2021-01-08T21:53:53+00:00,"EXECUTIVE OFFICER, DANAPUR NIZAMAT",EO,NAGAR PARISHAD DANAPUR NIZAMAT,NAGAR PARISHAD DANAPUR NIZAMAT WARD NO.-35,"EXECUTIVE OFFICER, DANAPUR NIZAMAT",EO,NAGAR PARISHAD DANAPUR NIZAMAT,56700.0,5000.0,590.0,True,"{'Flood': 0, 'Embankment': 0, 'embkt': 0, 'Relief': 0, 'Erosion': 0, 'SDRF': 0, 'Inundation': 0, 'Hydrology': 0, 'Silt': 0, 'Siltation': 0, 'Bund': 0, 'Trench': 0, 'Breach': 0, 'Culvert': 0, 'Sluice': 0, 'Dyke': 0, 'Storm water drain': 0, 'Emergency': 0, 'Immediate': 0, 'IM': 0, 'AE': 0, 'A E': 0, 'AAPDA MITRA': 0, 'Bridge': 0, 'River': 0, 'Drain': 2, 'Restoration': 0, 'Protection': 0, 'irr': 0, 'irrigation': 0, 'dam': 0, 'Nallah': 0, 'Retrofitting': 0, 'Pond': 0, 'Pokhari': 0, 'D/C': 0, 'Recharge shaft': 0, 'LFB': 0, 'RFB': 0}","{'Floodlight': 0, 'Flood Light': 0, 'GAS': 0, 'FIFA': 0, 'pipe': 0, 'pipes': 0, 'covid': 0, 'supply': 0, 'Beautification': 0, 'Installation': 0}",,,False,True,Immediate Measures
5562,NIT 11/2020-21 GR 50,"Construction of R.C.C. drain from east of Gurudwara Mandir to Thakurbadi via house of Bhandarijee, Ward No. 23 at Nagar Parisad Danapur Nizamat.","Construction of R.C.C. drain from east of Gurudwara Mandir to Thakurbadi via house of Bhandarijee, Ward No. 23 at Nagar Parisad Danapur Nizamat.",2250911.0,INR,INR,2020-09-30 08:58:34+00:00,2020-09-30T08:07:27.199000+00:00,2021-01-08T22:03:34+00:00,"EXECUTIVE OFFICER, DANAPUR NIZAMAT",EO,NAGAR PARISHAD DANAPUR NIZAMAT,NAGAR PARISHAD DANAPUR NIZAMAT WARD NO.-35,"EXECUTIVE OFFICER, DANAPUR NIZAMAT",EO,NAGAR PARISHAD DANAPUR NIZAMAT,45100.0,5000.0,590.0,True,"{'Flood': 0, 'Embankment': 0, 'embkt': 0, 'Relief': 0, 'Erosion': 0, 'SDRF': 0, 'Inundation': 0, 'Hydrology': 0, 'Silt': 0, 'Siltation': 0, 'Bund': 0, 'Trench': 0, 'Breach': 0, 'Culvert': 0, 'Sluice': 0, 'Dyke': 0, 'Storm water drain': 0, 'Emergency': 0, 'Immediate': 0, 'IM': 0, 'AE': 0, 'A E': 0, 'AAPDA MITRA': 0, 'Bridge': 0, 'River': 0, 'Drain': 2, 'Restoration': 0, 'Protection': 0, 'irr': 0, 'irrigation': 0, 'dam': 0, 'Nallah': 0, 'Retrofitting': 0, 'Pond': 0, 'Pokhari': 0, 'D/C': 0, 'Recharge shaft': 0, 'LFB': 0, 'RFB': 0}","{'Floodlight': 0, 'Flood Light': 0, 'GAS': 0, 'FIFA': 0, 'pipe': 0, 'pipes': 0, 'covid': 0, 'supply': 0, 'Beautification': 0, 'Installation': 0}",,,False,True,Immediate Measures
5560,NIT 11/2020-21 GR 48,"Construction of Culvert near Jhakhri Mahadeo Awadh Paswan, Ward No. 22 at Nagar Parisad Danapur Nizamat.","Construction of Culvert near Jhakhri Mahadeo Awadh Paswan, Ward No. 22 at Nagar Parisad Danapur Nizamat.",422843.0,INR,INR,2020-09-30 08:56:28+00:00,2020-09-30T08:02:14.436000+00:00,2021-01-08T21:43:36+00:00,"EXECUTIVE OFFICER, DANAPUR NIZAMAT",EO,NAGAR PARISHAD DANAPUR NIZAMAT,NAGAR PARISHAD DANAPUR NIZAMAT WARD NO.-35,"EXECUTIVE OFFICER, DANAPUR NIZAMAT",EO,NAGAR PARISHAD DANAPUR NIZAMAT,8500.0,1250.0,590.0,True,"{'Flood': 0, 'Embankment': 0, 'embkt': 0, 'Relief': 0, 'Erosion': 0, 'SDRF': 0, 'Inundation': 0, 'Hydrology': 0, 'Silt': 0, 'Siltation': 0, 'Bund': 0, 'Trench': 0, 'Breach': 0, 'Culvert': 2, 'Sluice': 0, 'Dyke': 0, 'Storm water drain': 0, 'Emergency': 0, 'Immediate': 0, 'IM': 0, 'AE': 0, 'A E': 0, 'AAPDA MITRA': 0, 'Bridge': 0, 'River': 0, 'Drain': 0, 'Restoration': 0, 'Protection': 0, 'irr': 0, 'irrigation': 0, 'dam': 0, 'Nallah': 0, 'Retrofitting': 0, 'Pond': 0, 'Pokhari': 0, 'D/C': 0, 'Recharge shaft': 0, 'LFB': 0, 'RFB': 0}","{'Floodlight': 0, 'Flood Light': 0, 'GAS': 0, 'FIFA': 0, 'pipe': 0, 'pipes': 0, 'covid': 0, 'supply': 0, 'Beautification': 0, 'Installation': 0}",,,False,True,Immediate Measures
5568,NIT 11/2020-21 GR 56,Construction of PCC Road and RCC drain from house of Shri Laxman Mahto to Suraksha Bandh Ward No. 29 at Nagar Parisad Danapur Nizamat.,Construction of PCC Road and RCC drain from house of Shri Laxman Mahto to Suraksha Bandh Ward No. 29 at Nagar Parisad Danapur Nizamat.,2348298.0,INR,INR,2020-09-30 09:05:58+00:00,2020-09-30T08:23:06.010000+00:00,2021-01-09T10:22:26+00:00,"EXECUTIVE OFFICER, DANAPUR NIZAMAT",EO,NAGAR PARISHAD DANAPUR NIZAMAT,NAGAR PARISHAD DANAPUR NIZAMAT WARD NO.-35,"EXECUTIVE OFFICER, DANAPUR NIZAMAT",EO,NAGAR PARISHAD DANAPUR NIZAMAT,47000.0,2500.0,590.0,True,"{'Flood': 0, 'Embankment': 0, 'embkt': 0, 'Relief': 0, 'Erosion': 0, 'SDRF': 0, 'Inundation': 0, 'Hydrology': 0, 'Silt': 0, 'Siltation': 0, 'Bund': 0, 'Trench': 0, 'Breach': 0, 'Culvert': 0, 'Sluice': 0, 'Dyke': 0, 'Storm water drain': 0, 'Emergency': 0, 'Immediate': 0, 'IM': 0, 'AE': 0, 'A E': 0, 'AAPDA MITRA': 0, 'Bridge': 0, 'River': 0, 'Drain': 2, 'Restoration': 0, 'Protection': 0, 'irr': 0, 'irrigation': 0, 'dam': 0, 'Nallah': 0, 'Retrofitting': 0, 'Pond': 0, 'Pokhari': 0, 'D/C': 0, 'Recharge shaft': 0, 'LFB': 0, 'RFB': 0}","{'Floodlight': 0, 'Flood Light': 0, 'GAS': 0, 'FIFA': 0, 'pipe': 0, 'pipes': 0, 'covid': 0, 'supply': 0, 'Beautification': 0, 'Installation': 0}",,,False,True,Immediate Measures
5569,NIT 11/2020-21 GR 57,"Construction of PCC Road and drain from house of Sohrai Mistri to house of Birju Mahto, Ward No. 27 at Nagar Parisad Danapur Nizamat.","Construction of PCC Road and drain from house of Sohrai Mistri to house of Birju Mahto, Ward No. 27 at Nagar Parisad Danapur Nizamat.",432895.0,INR,INR,2020-09-30 09:07:05+00:00,2020-09-30T08:25:38.484000+00:00,2021-01-09T10:32:04+00:00,"EXECUTIVE OFFICER, DANAPUR NIZAMAT",EO,NAGAR PARISHAD DANAPUR NIZAMAT,NAGAR PARISHAD DANAPUR NIZAMAT WARD NO.-35,"EXECUTIVE OFFICER, DANAPUR NIZAMAT",EO,NAGAR PARISHAD DANAPUR NIZAMAT,8700.0,750.0,590.0,True,"{'Flood': 0, 'Embankment': 0, 'embkt': 0, 'Relief': 0, 'Erosion': 0, 'SDRF': 0, 'Inundation': 0, 'Hydrology': 0, 'Silt': 0, 'Siltation': 0, 'Bund': 0, 'Trench': 0, 'Breach': 0, 'Culvert': 0, 'Sluice': 0, 'Dyke': 0, 'Storm water drain': 0, 'Emergency': 0, 'Immediate': 0, 'IM': 0, 'AE': 0, 'A E': 0, 'AAPDA MITRA': 0, 'Bridge': 0, 'River': 0, 'Drain': 2, 'Restoration': 0, 'Protection': 0, 'irr': 0, 'irrigation': 0, 'dam': 0, 'Nallah': 0, 'Retrofitting': 0, 'Pond': 0, 'Pokhari': 0, 'D/C': 0, 'Recharge shaft': 0, 'LFB': 0, 'RFB': 0}","{'Floodlight': 0, 'Flood Light': 0, 'GAS': 0, 'FIFA': 0, 'pipe': 0, 'pipes': 0, 'covid': 0, 'supply': 0, 'Beautification': 0, 'Installation': 0}",,,False,True,Immediate Measures
5573,NIT 11/2020-21 GR 61,"Construction of PCC Road and RCC drain from house of Tribhuwan Roy to Hajari Choudhary, Ward No. 28 at Nagar Parisad Danapur Nizamat.","Construction of PCC Road and RCC drain from house of Tribhuwan Roy to Hajari Choudhary, Ward No. 28 at Nagar Parisad Danapur Nizamat.",2541270.0,INR,INR,2020-09-30 10:42:09+00:00,2020-09-30T08:42:49.623000+00:00,2021-01-16T05:50:36+00:00,"EXECUTIVE OFFICER, DANAPUR NIZAMAT",EO,NAGAR PARISHAD DANAPUR NIZAMAT,NAGAR PARISHAD DANAPUR NIZAMAT WARD NO.-35,"EXECUTIVE OFFICER, DANAPUR NIZAMAT",EO,NAGAR PARISHAD DANAPUR NIZAMAT,50900.0,5000.0,590.0,True,"{'Flood': 0, 'Embankment': 0, 'embkt': 0, 'Relief': 0, 'Erosion': 0, 'SDRF': 0, 'Inundation': 0, 'Hydrology': 0, 'Silt': 0, 'Siltation': 0, 'Bund': 0, 'Trench': 0, 'Breach': 0, 'Culvert': 0, 'Sluice': 0, 'Dyke': 0, 'Storm water drain': 0, 'Emergency': 0, 'Immediate': 0, 'IM': 0, 'AE': 0, 'A E': 0, 'AAPDA MITRA': 0, 'Bridge': 0, 'River': 0, 'Drain': 2, 'Restoration': 0, 'Protection': 0, 'irr': 0, 'irrigation': 0, 'dam': 0, 'Nallah': 0, 'Retrofitting': 0, 'Pond': 0, 'Pokhari': 0, 'D/C': 0, 'Recharge shaft': 0, 'LFB': 0, 'RFB': 0}","{'Floodlight': 0, 'Flood Light': 0, 'GAS': 0, 'FIFA': 0, 'pipe': 0, 'pipes': 0, 'covid': 0, 'supply': 0, 'Beautification': 0, 'Installation': 0}",,,False,True,Immediate Measures
5578,NIT 11/2020-21 GR 66,"Construction of R.C.C. drain from Danapur-Patna main road to Surksha Bandh in Chainpur Kothi, Ward No. 30 at Nagar Parisad Danapur Nizamat.","Construction of R.C.C. drain from Danapur-Patna main road to Surksha Bandh in Chainpur Kothi, Ward No. 30 at Nagar Parisad Danapur Nizamat.",3351099.0,INR,INR,2020-09-30 10:47:16+00:00,2020-09-30T09:40:26.022000+00:00,2021-01-16T07:45:33+00:00,"EXECUTIVE OFFICER, DANAPUR NIZAMAT",EO,NAGAR PARISHAD DANAPUR NIZAMAT,NAGAR PARISHAD DANAPUR NIZAMAT WARD NO.-35,"EXECUTIVE OFFICER, DANAPUR NIZAMAT",EO,NAGAR PARISHAD DANAPUR NIZAMAT,67100.0,5000.0,590.0,True,"{'Flood': 0, 'Embankment': 0, 'embkt': 0, 'Relief': 0, 'Erosion': 0, 'SDRF': 0, 'Inundation': 0, 'Hydrology': 0, 'Silt': 0, 'Siltation': 0, 'Bund': 0, 'Trench': 0, 'Breach': 0, 'Culvert': 0, 'Sluice': 0, 'Dyke': 0, 'Storm water drain': 0, 'Emergency': 0, 'Immediate': 0, 'IM': 0, 'AE': 0, 'A E': 0, 'AAPDA MITRA': 0, 'Bridge': 0, 'River': 0, 'Drain': 2, 'Restoration': 0, 'Protection': 0, 'irr': 0, 'irrigation': 0, 'dam': 0, 'Nallah': 0, 'Retrofitting': 0, 'Pond': 0, 'Pokhari': 0, 'D/C': 0, 'Recharge shaft': 0, 'LFB': 0, 'RFB': 0}","{'Floodlight': 0, 'Flood Light': 0, 'GAS': 0, 'FIFA': 0, 'pipe': 0, 'pipes': 0, 'covid': 0, 'supply': 0, 'Beautification': 0, 'Installation': 0}",,,False,True,Immediate Measures
5580,NIT 11/2020-21 GR 67,"Construction of PCC Road and RCC drain from land of Vinod Singh to house of Paras Roy, Ward No. 31 at Nagar Parisad Danapur Nizamat.","Construction of PCC Road and RCC drain from land of Vinod Singh to house of Paras Roy, Ward No. 31 at Nagar Parisad Danapur Nizamat.",2772512.0,INR,INR,2020-09-30 10:48:21+00:00,2020-09-30T09:42:54.655000+00:00,2021-01-16T07:58:25+00:00,"EXECUTIVE OFFICER, DANAPUR NIZAMAT",EO,NAGAR PARISHAD DANAPUR NIZAMAT,NAGAR PARISHAD DANAPUR NIZAMAT WARD NO.-35,"EXECUTIVE OFFICER, DANAPUR NIZAMAT",EO,NAGAR PARISHAD DANAPUR NIZAMAT,55500.0,5000.0,590.0,True,"{'Flood': 0, 'Embankment': 0, 'embkt': 0, 'Relief': 0, 'Erosion': 0, 'SDRF': 0, 'Inundation': 0, 'Hydrology': 0, 'Silt': 0, 'Siltation': 0, 'Bund': 0, 'Trench': 0, 'Breach': 0, 'Culvert': 0, 'Sluice': 0, 'Dyke': 0, 'Storm water drain': 0, 'Emergency': 0, 'Immediate': 0, 'IM': 0, 'AE': 0, 'A E': 0, 'AAPDA MITRA': 0, 'Bridge': 0, 'River': 0, 'Drain': 2, 'Restoration': 0, 'Protection': 0, 'irr': 0, 'irrigation': 0, 'dam': 0, 'Nallah': 0, 'Retrofitting': 0, 'Pond': 0, 'Pokhari': 0, 'D/C': 0, 'Recharge shaft': 0, 'LFB': 0, 'RFB': 0}","{'Floodlight': 0, 'Flood Light': 0, 'GAS': 0, 'FIFA': 0, 'pipe': 0, 'pipes': 0, 'covid': 0, 'supply': 0, 'Beautification': 0, 'Installation': 0}",,,False,True,Immediate Measures
5583,NIT 11/2020-21 GR 70,"Construction of PCC Road and RCC drain from house of Nirala Roy to Nirmala Devi in Yadubanshi Nagar, Ward No. 34 at Nagar Parisad Danapur Nizamat.","Construction of PCC Road and RCC drain from house of Nirala Roy to Nirmala Devi in Yadubanshi Nagar, Ward No. 34 at Nagar Parisad Danapur Nizamat.",2273175.0,INR,INR,2020-09-30 10:52:25+00:00,2020-09-30T09:50:14.666000+00:00,2021-01-16T10:15:20+00:00,"EXECUTIVE OFFICER, DANAPUR NIZAMAT",EO,NAGAR PARISHAD DANAPUR NIZAMAT,NAGAR PARISHAD DANAPUR NIZAMAT WARD NO.-35,"EXECUTIVE OFFICER, DANAPUR NIZAMAT",EO,NAGAR PARISHAD DANAPUR NIZAMAT,45500.0,5000.0,590.0,True,"{'Flood': 0, 'Embankment': 0, 'embkt': 0, 'Relief': 0, 'Erosion': 0, 'SDRF': 0, 'Inundation': 0, 'Hydrology': 0, 'Silt': 0, 'Siltation': 0, 'Bund': 0, 'Trench': 0, 'Breach': 0, 'Culvert': 0, 'Sluice': 0, 'Dyke': 0, 'Storm water drain': 0, 'Emergency': 0, 'Immediate': 0, 'IM': 0, 'AE': 0, 'A E': 0, 'AAPDA MITRA': 0, 'Bridge': 0, 'River': 0, 'Drain': 2, 'Restoration': 0, 'Protection': 0, 'irr': 0, 'irrigation': 0, 'dam': 0, 'Nallah': 0, 'Retrofitting': 0, 'Pond': 0, 'Pokhari': 0, 'D/C': 0, 'Recharge shaft': 0, 'LFB': 0, 'RFB': 0}","{'Floodlight': 0, 'Flood Light': 0, 'GAS': 0, 'FIFA': 0, 'pipe': 0, 'pipes': 0, 'covid': 0, 'supply': 0, 'Beautification': 0, 'Installation': 0}",,,False,True,Immediate Measures
5590,NIT 11/2020-21 GR 75,"Construction of PCC Road and drain from house of Vijendra Singh to front of Sahjad Singh near Khagri Road, Ward No. 36 at Nagar Parisad Danapur Nizamat.","Construction of PCC Road and drain from house of Vijendra Singh to front of Sahjad Singh near Khagri Road, Ward No. 36 at Nagar Parisad Danapur Nizamat.",740808.0,INR,INR,2020-09-30 10:58:17+00:00,2020-09-30T10:09:46.119000+00:00,2021-01-16T11:17:53+00:00,"EXECUTIVE OFFICER, DANAPUR NIZAMAT",EO,NAGAR PARISHAD DANAPUR NIZAMAT,NAGAR PARISHAD DANAPUR NIZAMAT WARD NO.-35,"EXECUTIVE OFFICER, DANAPUR NIZAMAT",EO,NAGAR PARISHAD DANAPUR NIZAMAT,14900.0,1250.0,590.0,True,"{'Flood': 0, 'Embankment': 0, 'embkt': 0, 'Relief': 0, 'Erosion': 0, 'SDRF': 0, 'Inundation': 0, 'Hydrology': 0, 'Silt': 0, 'Siltation': 0, 'Bund': 0, 'Trench': 0, 'Breach': 0, 'Culvert': 0, 'Sluice': 0, 'Dyke': 0, 'Storm water drain': 0, 'Emergency': 0, 'Immediate': 0, 'IM': 0, 'AE': 0, 'A E': 0, 'AAPDA MITRA': 0, 'Bridge': 0, 'River': 0, 'Drain': 2, 'Restoration': 0, 'Protection': 0, 'irr': 0, 'irrigation': 0, 'dam': 0, 'Nallah': 0, 'Retrofitting': 0, 'Pond': 0, 'Pokhari': 0, 'D/C': 0, 'Recharge shaft': 0, 'LFB': 0, 'RFB': 0}","{'Floodlight': 0, 'Flood Light': 0, 'GAS': 0, 'FIFA': 0, 'pipe': 0, 'pipes': 0, 'covid': 0, 'supply': 0, 'Beautification': 0, 'Installation': 0}",,,False,True,Immediate Measures
5596,NIT 11/2020-21 GR 79,"Construction of PCC Road and RCC drain from Lane no. 10 to lane no. 05 H.P. Srivastava, Ward No. 38 at Nagar Parisad Danapur Nizamat.","Construction of PCC Road and RCC drain from Lane no. 10 to lane no. 05 H.P. Srivastava, Ward No. 38 at Nagar Parisad Danapur Nizamat.",4316490.0,INR,INR,2020-09-30 11:02:28+00:00,2020-09-30T10:21:33.500000+00:00,2021-01-16T20:01:11+00:00,"EXECUTIVE OFFICER, DANAPUR NIZAMAT",EO,NAGAR PARISHAD DANAPUR NIZAMAT,NAGAR PARISHAD DANAPUR NIZAMAT WARD NO.-35,"EXECUTIVE OFFICER, DANAPUR NIZAMAT",EO,NAGAR PARISHAD DANAPUR NIZAMAT,86400.0,5000.0,590.0,True,"{'Flood': 0, 'Embankment': 0, 'embkt': 0, 'Relief': 0, 'Erosion': 0, 'SDRF': 0, 'Inundation': 0, 'Hydrology': 0, 'Silt': 0, 'Siltation': 0, 'Bund': 0, 'Trench': 0, 'Breach': 0, 'Culvert': 0, 'Sluice': 0, 'Dyke': 0, 'Storm water drain': 0, 'Emergency': 0, 'Immediate': 0, 'IM': 0, 'AE': 0, 'A E': 0, 'AAPDA MITRA': 0, 'Bridge': 0, 'River': 0, 'Drain': 2, 'Restoration': 0, 'Protection': 0, 'irr': 0, 'irrigation': 0, 'dam': 0, 'Nallah': 0, 'Retrofitting': 0, 'Pond': 0, 'Pokhari': 0, 'D/C': 0, 'Recharge shaft': 0, 'LFB': 0, 'RFB': 0}","{'Floodlight': 0, 'Flood Light': 0, 'GAS': 0, 'FIFA': 0, 'pipe': 0, 'pipes': 0, 'covid': 0, 'supply': 0, 'Beautification': 0, 'Installation': 0}",,,False,True,Immediate Measures
5599,NIT 11/2020-21 GR 81,"Construction of PCC Road and RCC drain from house of Laxman Singh to Sri Surendra Singh Mastar Sahab in main road Man Sarobar road no. 10, Ward No. 39 at Nagar Parisad Danapur Nizamat.","Construction of PCC Road and RCC drain from house of Laxman Singh to Sri Surendra Singh Mastar Sahab in main road Man Sarobar road no. 10, Ward No. 39 at Nagar Parisad Danapur Nizamat.",1440908.0,INR,INR,2020-09-30 11:04:34+00:00,2020-09-30T10:27:51.991000+00:00,2021-01-16T20:11:31+00:00,"EXECUTIVE OFFICER, DANAPUR NIZAMAT",EO,NAGAR PARISHAD DANAPUR NIZAMAT,NAGAR PARISHAD DANAPUR NIZAMAT WARD NO.-35,"EXECUTIVE OFFICER, DANAPUR NIZAMAT",EO,NAGAR PARISHAD DANAPUR NIZAMAT,28900.0,2500.0,590.0,True,"{'Flood': 0, 'Embankment': 0, 'embkt': 0, 'Relief': 0, 'Erosion': 0, 'SDRF': 0, 'Inundation': 0, 'Hydrology': 0, 'Silt': 0, 'Siltation': 0, 'Bund': 0, 'Trench': 0, 'Breach': 0, 'Culvert': 0, 'Sluice': 0, 'Dyke': 0, 'Storm water drain': 0, 'Emergency': 0, 'Immediate': 0, 'IM': 0, 'AE': 0, 'A E': 0, 'AAPDA MITRA': 0, 'Bridge': 0, 'River': 0, 'Drain': 2, 'Restoration': 0, 'Protection': 0, 'irr': 0, 'irrigation': 0, 'dam': 0, 'Nallah': 0, 'Retrofitting': 0, 'Pond': 0, 'Pokhari': 0, 'D/C': 0, 'Recharge shaft': 0, 'LFB': 0, 'RFB': 0}","{'Floodlight': 0, 'Flood Light': 0, 'GAS': 0, 'FIFA': 0, 'pipe': 0, 'pipes': 0, 'covid': 0, 'supply': 0, 'Beautification': 0, 'Installation': 0}",,,False,True,Immediate Measures
5598,NIT 11/2020-21 GR 80,"Construction of PCC Road and RCC drain from house of Vidya Mishra to Shiv Kumar Pandit in Ranjan road lane no. 03, Ward No. 38 at Nagar Parisad Danapur Nizamat.","Construction of PCC Road and RCC drain from house of Vidya Mishra to Shiv Kumar Pandit in Ranjan road lane no. 03, Ward No. 38 at Nagar Parisad Danapur Nizamat.",3001833.0,INR,INR,2020-09-30 11:03:37+00:00,2020-09-30T10:25:12.249000+00:00,2021-01-16T20:06:15+00:00,"EXECUTIVE OFFICER, DANAPUR NIZAMAT",EO,NAGAR PARISHAD DANAPUR NIZAMAT,NAGAR PARISHAD DANAPUR NIZAMAT WARD NO.-35,"EXECUTIVE OFFICER, DANAPUR NIZAMAT",EO,NAGAR PARISHAD DANAPUR NIZAMAT,60100.0,5000.0,590.0,True,"{'Flood': 0, 'Embankment': 0, 'embkt': 0, 'Relief': 0, 'Erosion': 0, 'SDRF': 0, 'Inundation': 0, 'Hydrology': 0, 'Silt': 0, 'Siltation': 0, 'Bund': 0, 'Trench': 0, 'Breach': 0, 'Culvert': 0, 'Sluice': 0, 'Dyke': 0, 'Storm water drain': 0, 'Emergency': 0, 'Immediate': 0, 'IM': 0, 'AE': 0, 'A E': 0, 'AAPDA MITRA': 0, 'Bridge': 0, 'River': 0, 'Drain': 2, 'Restoration': 0, 'Protection': 0, 'irr': 0, 'irrigation': 0, 'dam': 0, 'Nallah': 0, 'Retrofitting': 0, 'Pond': 0, 'Pokhari': 0, 'D/C': 0, 'Recharge shaft': 0, 'LFB': 0, 'RFB': 0}","{'Floodlight': 0, 'Flood Light': 0, 'GAS': 0, 'FIFA': 0, 'pipe': 0, 'pipes': 0, 'covid': 0, 'supply': 0, 'Beautification': 0, 'Installation': 0}",,,False,True,Immediate Measures
5600,NIT 11/2020-21 GR 82,"Construction of PCC Road and RCC drain from house of Sri Munna Singh to Alok Kumar in Kali Mandir connected road no. 04, Ward No. 39 at Nagar Parisad Danapur Nizamat.","Construction of PCC Road and RCC drain from house of Sri Munna Singh to Alok Kumar in Kali Mandir connected road no. 04, Ward No. 39 at Nagar Parisad Danapur Nizamat.",1926745.0,INR,INR,2020-09-30 11:05:45+00:00,2020-09-30T10:30:56.911000+00:00,2021-01-16T20:16:43+00:00,"EXECUTIVE OFFICER, DANAPUR NIZAMAT",EO,NAGAR PARISHAD DANAPUR NIZAMAT,NAGAR PARISHAD DANAPUR NIZAMAT WARD NO.-35,"EXECUTIVE OFFICER, DANAPUR NIZAMAT",EO,NAGAR PARISHAD DANAPUR NIZAMAT,38600.0,5000.0,590.0,True,"{'Flood': 0, 'Embankment': 0, 'embkt': 0, 'Relief': 0, 'Erosion': 0, 'SDRF': 0, 'Inundation': 0, 'Hydrology': 0, 'Silt': 0, 'Siltation': 0, 'Bund': 0, 'Trench': 0, 'Breach': 0, 'Culvert': 0, 'Sluice': 0, 'Dyke': 0, 'Storm water drain': 0, 'Emergency': 0, 'Immediate': 0, 'IM': 0, 'AE': 0, 'A E': 0, 'AAPDA MITRA': 0, 'Bridge': 0, 'River': 0, 'Drain': 2, 'Restoration': 0, 'Protection': 0, 'irr': 0, 'irrigation': 0, 'dam': 0, 'Nallah': 0, 'Retrofitting': 0, 'Pond': 0, 'Pokhari': 0, 'D/C': 0, 'Recharge shaft': 0, 'LFB': 0, 'RFB': 0}","{'Floodlight': 0, 'Flood Light': 0, 'GAS': 0, 'FIFA': 0, 'pipe': 0, 'pipes': 0, 'covid': 0, 'supply': 0, 'Beautification': 0, 'Installation': 0}",,,False,True,Immediate Measures
5602,NIT 11/2020-21 GR 83,"Construction of PCC Road and RCC drain from Kothwa Shiv Mandir to Akhilesh Pd. Via Dilip Choudhary, Ward No. 40 at Nagar Parisad Danapur Nizamat.","Construction of PCC Road and RCC drain from Kothwa Shiv Mandir to Akhilesh Pd. Via Dilip Choudhary, Ward No. 40 at Nagar Parisad Danapur Nizamat.",3616549.0,INR,INR,2020-09-30 11:06:51+00:00,2020-09-30T10:35:16.022000+00:00,2021-01-16T20:21:35+00:00,"EXECUTIVE OFFICER, DANAPUR NIZAMAT",EO,NAGAR PARISHAD DANAPUR NIZAMAT,NAGAR PARISHAD DANAPUR NIZAMAT WARD NO.-35,"EXECUTIVE OFFICER, DANAPUR NIZAMAT",EO,NAGAR PARISHAD DANAPUR NIZAMAT,72400.0,5000.0,590.0,True,"{'Flood': 0, 'Embankment': 0, 'embkt': 0, 'Relief': 0, 'Erosion': 0, 'SDRF': 0, 'Inundation': 0, 'Hydrology': 0, 'Silt': 0, 'Siltation': 0, 'Bund': 0, 'Trench': 0, 'Breach': 0, 'Culvert': 0, 'Sluice': 0, 'Dyke': 0, 'Storm water drain': 0, 'Emergency': 0, 'Immediate': 0, 'IM': 0, 'AE': 0, 'A E': 0, 'AAPDA MITRA': 0, 'Bridge': 0, 'River': 0, 'Drain': 2, 'Restoration': 0, 'Protection': 0, 'irr': 0, 'irrigation': 0, 'dam': 0, 'Nallah': 0, 'Retrofitting': 0, 'Pond': 0, 'Pokhari': 0, 'D/C': 0, 'Recharge shaft': 0, 'LFB': 0, 'RFB': 0}","{'Floodlight': 0, 'Flood Light': 0, 'GAS': 0, 'FIFA': 0, 'pipe': 0, 'pipes': 0, 'covid': 0, 'supply': 0, 'Beautification': 0, 'Installation': 0}",,,False,True,Immediate Measures
