Tender ID :,Tender Ref No :,Tender Title :,Work Description,Tender Value in ₹,Tender Currency,Bid Currency,Publish Date,Contract Date :,Update Date,Issuing Authority Name,Issuing Authority Designation,Issuing Organisation Name,Issuing Address,Approving Authority Name,Approving Authority Designation,Approving Organisation Name,EMD Amount,Tender Fee Amount,Tender Processing Fee Amount,is_flood_tender,positive_keywords_dict,negative_keywords_dict,Season,Scheme,Erosion,Roads_Bridges_Embkt,Response Type
8536,NIT/06/2020-21,"CONSTRUCTION OF NEW 03 NOS ANTI-FLOOD SLUICE GATE NEAR PILLER NO-145 (RUPASPUR PUL IN NEHRU PATH),  90-91(NEAR GAMAON INDIA OFFICE) AND 106-107(NEAR ABHIMANYU NAGAR)  IN PATNA MAIN CANAL","CONSTRUCTION OF NEW 03 NOS ANTI-FLOOD SLUICE GATE NEAR PILLER NO-145 (RUPASPUR PUL IN NEHRU PATH),  90-91(NEAR GAMAON INDIA OFFICE) AND 106-107(NEAR ABHIMANYU NAGAR)  IN PATNA MAIN CANAL",14247164.0,INR,INR,2021-03-02 07:52:52+00:00,2021-03-02T07:07:53.444000+00:00,2021-08-24T10:48:07+00:00,Lakshman Jha,SE DIGHA PATNA,"GANGA SONE FLOOD PROTECTION DIVISION, DIGHA, PATNA",DIGHA PATNA,MANOJ RAMAN (CE),CE,WATER RESOURCES DEPARTMENT,285000.0,10000.0,3540.0,True,"{'Flood': 2, 'Embankment': 0, 'embkt': 0, 'Relief': 0, 'Erosion': 0, 'SDRF': 0, 'Inundation': 0, 'Hydrology': 0, 'Silt': 0, 'Siltation': 0, 'Bund': 0, 'Trench': 0, 'Breach': 0, 'Culvert': 0, 'Sluice': 2, 'Dyke': 0, 'Storm water drain': 0, 'Emergency': 0, 'Immediate': 0, 'IM': 0, 'AE': 0, 'A E': 0, 'AAPDA MITRA': 0, 'Bridge': 0, 'River': 0, 'Drain': 0, 'Restoration': 0, 'Protection': 0, 'irr': 0, 'irrigation': 0, 'dam': 0, 'Nallah': 0, 'Retrofitting': 0, 'Pond': 0, 'Pokhari': 0, 'D/C': 0, 'Recharge shaft': 0, 'LFB': 0, 'RFB': 0}","{'Floodlight': 0, 'Flood Light': 0, 'GAS': 0, 'FIFA': 0, 'pipe': 0, 'pipes': 0, 'covid': 0, 'supply': 0, 'Beautification': 0, 'Installation': 0}",,,False,True,Immediate Measures
8542,NIT-15/2020-21-GROUP-03,Construction of RCC drain with Cover Slab from HO Hazi Hakim to Aitwari Gali at Mohalla Baniya Pokhar under Ward No 24 GMC Gaya,Construction of RCC drain with Cover Slab from HO Hazi Hakim to Aitwari Gali at Mohalla Baniya Pokhar under Ward No 24 GMC Gaya,497000.0,INR,INR,2021-03-02 09:45:00+00:00,2021-03-02T09:37:06.456000+00:00,2021-07-20T07:21:16+00:00,SAWAN KUMAR,Municipal Commissioner Gaya,GAYA MUNICIPAL CORPORATION,NEAR KEDARNATH MARKET GAYA,SAWAN KUMAR,MUNICIPAL COMMISSIONER GAYA,GAYA MUNICIPAL CORPORATION,10000.0,750.0,590.0,True,"{'Flood': 0, 'Embankment': 0, 'embkt': 0, 'Relief': 0, 'Erosion': 0, 'SDRF': 0, 'Inundation': 0, 'Hydrology': 0, 'Silt': 0, 'Siltation': 0, 'Bund': 0, 'Trench': 0, 'Breach': 0, 'Culvert': 0, 'Sluice': 0, 'Dyke': 0, 'Storm water drain': 0, 'Emergency': 0, 'Immediate': 0, 'IM': 0, 'AE': 0, 'A E': 0, 'AAPDA MITRA': 0, 'Bridge': 0, 'River': 0, 'Drain': 2, 'Restoration': 0, 'Protection': 0, 'irr': 0, 'irrigation': 0, 'dam': 0, 'Nallah': 0, 'Retrofitting': 0, 'Pond': 0, 'Pokhari': 0, 'D/C': 0, 'Recharge shaft': 0, 'LFB': 0, 'RFB': 0}","{'Floodlight': 0, 'Flood Light': 0, 'GAS': 0, 'FIFA': 0, 'pipe': 0, 'pipes': 0, 'covid': 0, 'supply': 0, 'Beautification': 0, 'Installation': 0}",,,False,True,Immediate Measures
8541,NIT-15/2020-21-GROUP-02,Construction of RCC drain with cover slab from HO Kalu Painter to Emambara towards to HO Hasnain at Mohalla Baniya Pokhar under Ward NO 24 GMC Gaya,Construction of RCC drain with cover slab from HO Kalu Painter to Emambara towards to HO Hasnain at Mohalla Baniya Pokhar under Ward NO 24 GMC Gaya,995000.0,INR,INR,2021-03-02 09:36:34+00:00,2021-03-02T09:21:12.493000+00:00,2021-07-19T06:06:37+00:00,SAWAN KUMAR,Municipal Commissioner Gaya,GAYA MUNICIPAL CORPORATION,NEAR KEDARNATH MARKET GAYA,SAWAN KUMAR,MUNICIPAL COMMISSIONER GAYA,GAYA MUNICIPAL CORPORATION,19900.0,1250.0,590.0,True,"{'Flood': 0, 'Embankment': 0, 'embkt': 0, 'Relief': 0, 'Erosion': 0, 'SDRF': 0, 'Inundation': 0, 'Hydrology': 0, 'Silt': 0, 'Siltation': 0, 'Bund': 0, 'Trench': 0, 'Breach': 0, 'Culvert': 0, 'Sluice': 0, 'Dyke': 0, 'Storm water drain': 0, 'Emergency': 0, 'Immediate': 0, 'IM': 0, 'AE': 0, 'A E': 0, 'AAPDA MITRA': 0, 'Bridge': 0, 'River': 0, 'Drain': 2, 'Restoration': 0, 'Protection': 0, 'irr': 0, 'irrigation': 0, 'dam': 0, 'Nallah': 0, 'Retrofitting': 0, 'Pond': 0, 'Pokhari': 0, 'D/C': 0, 'Recharge shaft': 0, 'LFB': 0, 'RFB': 0}","{'Floodlight': 0, 'Flood Light': 0, 'GAS': 0, 'FIFA': 0, 'pipe': 0, 'pipes': 0, 'covid': 0, 'supply': 0, 'Beautification': 0, 'Installation': 0}",,,False,True,Immediate Measures
8546,NIT-15/2020-21-GROUP-06,Construction of Rcc drain with Cover Slab and pcc road at HO Ataullah Ji to near Mosque via HO Madan Ji and HO Naushad Saheb Ji to Ho Rahman Saheb under gaya nager negam ward no 23,Construction of Rcc drain with Cover Slab and pcc road at HO Ataullah Ji to near Mosque via HO Madan Ji and HO Naushad Saheb Ji to Ho Rahman Saheb under gaya nager negam ward no 23,2280500.0,INR,INR,2021-03-02 09:57:12+00:00,2021-03-02T09:52:30.576000+00:00,2021-09-03T07:14:49+00:00,SAWAN KUMAR,Municipal Commissioner Gaya,GAYA MUNICIPAL CORPORATION,NEAR KEDARNATH MARKET GAYA,SAWAN KUMAR,MUNICIPAL COMMISSIONER GAYA,GAYA MUNICIPAL CORPORATION,19000.0,1250.0,590.0,True,"{'Flood': 0, 'Embankment': 0, 'embkt': 0, 'Relief': 0, 'Erosion': 0, 'SDRF': 0, 'Inundation': 0, 'Hydrology': 0, 'Silt': 0, 'Siltation': 0, 'Bund': 0, 'Trench': 0, 'Breach': 0, 'Culvert': 0, 'Sluice': 0, 'Dyke': 0, 'Storm water drain': 0, 'Emergency': 0, 'Immediate': 0, 'IM': 0, 'AE': 0, 'A E': 0, 'AAPDA MITRA': 0, 'Bridge': 0, 'River': 0, 'Drain': 2, 'Restoration': 0, 'Protection': 0, 'irr': 0, 'irrigation': 0, 'dam': 0, 'Nallah': 0, 'Retrofitting': 0, 'Pond': 0, 'Pokhari': 0, 'D/C': 0, 'Recharge shaft': 0, 'LFB': 0, 'RFB': 0}","{'Floodlight': 0, 'Flood Light': 0, 'GAS': 0, 'FIFA': 0, 'pipe': 0, 'pipes': 0, 'covid': 0, 'supply': 0, 'Beautification': 0, 'Installation': 0}",,,False,True,Immediate Measures
8548,NIT-15/2020-21-GROUP-07,Construction of PCC Road Rcc Drain and different places iorn jali matlub alamji house to master manaji saha and atamji house via mujaferji house under GMC Ward No 23 Gaya,Construction of PCC Road Rcc Drain and different places iorn jali matlub alamji house to master manaji saha and atamji house via mujaferji house under GMC Ward No 23 Gaya,1233100.0,INR,INR,2021-03-02 10:02:21+00:00,2021-03-02T09:57:44.531000+00:00,2021-10-26T07:10:28+00:00,SAWAN KUMAR,Municipal Commissioner Gaya,GAYA MUNICIPAL CORPORATION,NEAR KEDARNATH MARKET GAYA,SAWAN KUMAR,MUNICIPAL COMMISSIONER GAYA,GAYA MUNICIPAL CORPORATION,25000.0,2500.0,590.0,True,"{'Flood': 0, 'Embankment': 0, 'embkt': 0, 'Relief': 0, 'Erosion': 0, 'SDRF': 0, 'Inundation': 0, 'Hydrology': 0, 'Silt': 0, 'Siltation': 0, 'Bund': 0, 'Trench': 0, 'Breach': 0, 'Culvert': 0, 'Sluice': 0, 'Dyke': 0, 'Storm water drain': 0, 'Emergency': 0, 'Immediate': 0, 'IM': 0, 'AE': 0, 'A E': 0, 'AAPDA MITRA': 0, 'Bridge': 0, 'River': 0, 'Drain': 2, 'Restoration': 0, 'Protection': 0, 'irr': 0, 'irrigation': 0, 'dam': 0, 'Nallah': 0, 'Retrofitting': 0, 'Pond': 0, 'Pokhari': 0, 'D/C': 0, 'Recharge shaft': 0, 'LFB': 0, 'RFB': 0}","{'Floodlight': 0, 'Flood Light': 0, 'GAS': 0, 'FIFA': 0, 'pipe': 0, 'pipes': 0, 'covid': 0, 'supply': 0, 'Beautification': 0, 'Installation': 0}",,,False,True,Immediate Measures
8545,NIT NO-04-2020-21/NPB-GR02,Construction of RCC Drain from shivaji chowk to hawaiadda in ward no -8-9 bhabhua (kaimur),Construction of RCC Drain from shivaji chowk to hawaiadda in ward no -8-9 bhabhua (kaimur),4818249.0,INR,INR,2021-03-02 09:59:29+00:00,2021-03-02T09:49:30.956000+00:00,2021-03-10T09:31:00+00:00,Sanjay Upadhyay,EO BHABHUA,NAGAR PARISHAD BHABHUA,NAGAR PARISHAD BHABHUA WARD NO-12 BHABHUA,Sanjay Upadhyay,EO BHABHUA,NAGAR PARISHAD BHABHUA,96400.0,5000.0,590.0,True,"{'Flood': 0, 'Embankment': 0, 'embkt': 0, 'Relief': 0, 'Erosion': 0, 'SDRF': 0, 'Inundation': 0, 'Hydrology': 0, 'Silt': 0, 'Siltation': 0, 'Bund': 0, 'Trench': 0, 'Breach': 0, 'Culvert': 0, 'Sluice': 0, 'Dyke': 0, 'Storm water drain': 0, 'Emergency': 0, 'Immediate': 0, 'IM': 0, 'AE': 0, 'A E': 0, 'AAPDA MITRA': 0, 'Bridge': 0, 'River': 0, 'Drain': 2, 'Restoration': 0, 'Protection': 0, 'irr': 0, 'irrigation': 0, 'dam': 0, 'Nallah': 0, 'Retrofitting': 0, 'Pond': 0, 'Pokhari': 0, 'D/C': 0, 'Recharge shaft': 0, 'LFB': 0, 'RFB': 0}","{'Floodlight': 0, 'Flood Light': 0, 'GAS': 0, 'FIFA': 0, 'pipe': 0, 'pipes': 0, 'covid': 0, 'supply': 0, 'Beautification': 0, 'Installation': 0}",,,False,True,Immediate Measures
8551,NIT-15/2020-21-GROUP-09,Construction of RCC Drain and Paver Block Road from house of Shivlal Parwatiya to house of Bishnulal Gupt and house Binod Chaurasiya to house Lalu Jhangar under Ward No 40 GMC Gaya,Construction of RCC Drain and Paver Block Road from house of Shivlal Parwatiya to house of Bishnulal Gupt and house Binod Chaurasiya to house Lalu Jhangar under Ward No 40 GMC Gaya,752907.0,INR,INR,2021-03-02 10:12:06+00:00,2021-03-02T10:06:54.377000+00:00,2021-09-06T08:07:07+00:00,SAWAN KUMAR,Municipal Commissioner Gaya,GAYA MUNICIPAL CORPORATION,NEAR KEDARNATH MARKET GAYA,SAWAN KUMAR,MUNICIPAL COMMISSIONER GAYA,GAYA MUNICIPAL CORPORATION,15100.0,1250.0,590.0,True,"{'Flood': 0, 'Embankment': 0, 'embkt': 0, 'Relief': 0, 'Erosion': 0, 'SDRF': 0, 'Inundation': 0, 'Hydrology': 0, 'Silt': 0, 'Siltation': 0, 'Bund': 0, 'Trench': 0, 'Breach': 0, 'Culvert': 0, 'Sluice': 0, 'Dyke': 0, 'Storm water drain': 0, 'Emergency': 0, 'Immediate': 0, 'IM': 0, 'AE': 0, 'A E': 0, 'AAPDA MITRA': 0, 'Bridge': 0, 'River': 0, 'Drain': 2, 'Restoration': 0, 'Protection': 0, 'irr': 0, 'irrigation': 0, 'dam': 0, 'Nallah': 0, 'Retrofitting': 0, 'Pond': 0, 'Pokhari': 0, 'D/C': 0, 'Recharge shaft': 0, 'LFB': 0, 'RFB': 0}","{'Floodlight': 0, 'Flood Light': 0, 'GAS': 0, 'FIFA': 0, 'pipe': 0, 'pipes': 0, 'covid': 0, 'supply': 0, 'Beautification': 0, 'Installation': 0}",,,False,True,Immediate Measures
8544,NIT-15/2020-21-GROUP-04,Construction  of PCC Road and Drain From HO Dr Makshud to west Side Road Police Line in mohalla Police Line under GMC  ward 31 Gaya,Construction  of PCC Road and Drain From HO Dr Makshud to west Side Road Police Line in mohalla Police Line under GMC  ward 31 Gaya,2280500.0,INR,INR,2021-03-02 09:50:14+00:00,2021-03-02T09:45:25.749000+00:00,2021-03-10T09:31:00+00:00,SAWAN KUMAR,Municipal Commissioner Gaya,GAYA MUNICIPAL CORPORATION,NEAR KEDARNATH MARKET GAYA,SAWAN KUMAR,MUNICIPAL COMMISSIONER GAYA,GAYA MUNICIPAL CORPORATION,45700.0,5000.0,590.0,True,"{'Flood': 0, 'Embankment': 0, 'embkt': 0, 'Relief': 0, 'Erosion': 0, 'SDRF': 0, 'Inundation': 0, 'Hydrology': 0, 'Silt': 0, 'Siltation': 0, 'Bund': 0, 'Trench': 0, 'Breach': 0, 'Culvert': 0, 'Sluice': 0, 'Dyke': 0, 'Storm water drain': 0, 'Emergency': 0, 'Immediate': 0, 'IM': 0, 'AE': 0, 'A E': 0, 'AAPDA MITRA': 0, 'Bridge': 0, 'River': 0, 'Drain': 2, 'Restoration': 0, 'Protection': 0, 'irr': 0, 'irrigation': 0, 'dam': 0, 'Nallah': 0, 'Retrofitting': 0, 'Pond': 0, 'Pokhari': 0, 'D/C': 0, 'Recharge shaft': 0, 'LFB': 0, 'RFB': 0}","{'Floodlight': 0, 'Flood Light': 0, 'GAS': 0, 'FIFA': 0, 'pipe': 0, 'pipes': 0, 'covid': 0, 'supply': 0, 'Beautification': 0, 'Installation': 0}",,,False,True,Immediate Measures
8554,NIT-15/2020-21-GROUP-11,Construction of PCC Road and RCC drain from house of Jitendra Verma to house of Mundrika Singh at Mohalla Vishnupuri Colony under GMC Ward No 45 Gaya,Construction of PCC Road and RCC drain from house of Jitendra Verma to house of Mundrika Singh at Mohalla Vishnupuri Colony under GMC Ward No 45 Gaya,1305776.0,INR,INR,2021-03-02 10:31:36+00:00,2021-03-02T10:18:50.847000+00:00,2022-02-17T07:08:26+00:00,SAWAN KUMAR,Municipal Commissioner Gaya,GAYA MUNICIPAL CORPORATION,NEAR KEDARNATH MARKET GAYA,SAWAN KUMAR,MUNICIPAL COMMISSIONER GAYA,GAYA MUNICIPAL CORPORATION,26200.0,2500.0,590.0,True,"{'Flood': 0, 'Embankment': 0, 'embkt': 0, 'Relief': 0, 'Erosion': 0, 'SDRF': 0, 'Inundation': 0, 'Hydrology': 0, 'Silt': 0, 'Siltation': 0, 'Bund': 0, 'Trench': 0, 'Breach': 0, 'Culvert': 0, 'Sluice': 0, 'Dyke': 0, 'Storm water drain': 0, 'Emergency': 0, 'Immediate': 0, 'IM': 0, 'AE': 0, 'A E': 0, 'AAPDA MITRA': 0, 'Bridge': 0, 'River': 0, 'Drain': 2, 'Restoration': 0, 'Protection': 0, 'irr': 0, 'irrigation': 0, 'dam': 0, 'Nallah': 0, 'Retrofitting': 0, 'Pond': 0, 'Pokhari': 0, 'D/C': 0, 'Recharge shaft': 0, 'LFB': 0, 'RFB': 0}","{'Floodlight': 0, 'Flood Light': 0, 'GAS': 0, 'FIFA': 0, 'pipe': 0, 'pipes': 0, 'covid': 0, 'supply': 0, 'Beautification': 0, 'Installation': 0}",,,False,True,Immediate Measures
8553,NIT-15/2020-21-GROUP-10,Construction of Road and Drain in Mohalla Adarsh Nagar Khatkachak from house of Rajendra Prasad to house of Ranjan Ji Patrakar under GMC Ward No 44 at Gaya,Construction of Road and Drain in Mohalla Adarsh Nagar Khatkachak from house of Rajendra Prasad to house of Ranjan Ji Patrakar under GMC Ward No 44 at Gaya,313311.0,INR,INR,2021-03-02 10:18:23+00:00,2021-03-02T10:12:58.919000+00:00,2021-09-06T07:59:10+00:00,SAWAN KUMAR,Municipal Commissioner Gaya,GAYA MUNICIPAL CORPORATION,NEAR KEDARNATH MARKET GAYA,SAWAN KUMAR,MUNICIPAL COMMISSIONER GAYA,GAYA MUNICIPAL CORPORATION,6300.0,750.0,590.0,True,"{'Flood': 0, 'Embankment': 0, 'embkt': 0, 'Relief': 0, 'Erosion': 0, 'SDRF': 0, 'Inundation': 0, 'Hydrology': 0, 'Silt': 0, 'Siltation': 0, 'Bund': 0, 'Trench': 0, 'Breach': 0, 'Culvert': 0, 'Sluice': 0, 'Dyke': 0, 'Storm water drain': 0, 'Emergency': 0, 'Immediate': 0, 'IM': 0, 'AE': 0, 'A E': 0, 'AAPDA MITRA': 0, 'Bridge': 0, 'River': 0, 'Drain': 2, 'Restoration': 0, 'Protection': 0, 'irr': 0, 'irrigation': 0, 'dam': 0, 'Nallah': 0, 'Retrofitting': 0, 'Pond': 0, 'Pokhari': 0, 'D/C': 0, 'Recharge shaft': 0, 'LFB': 0, 'RFB': 0}","{'Floodlight': 0, 'Flood Light': 0, 'GAS': 0, 'FIFA': 0, 'pipe': 0, 'pipes': 0, 'covid': 0, 'supply': 0, 'Beautification': 0, 'Installation': 0}",,,False,True,Immediate Measures
8558,NIT20/2020-21/R-35/19,Construction of Road and Drain from H/O Suresh Baitha in Jay Prakash Nagar to H/O Santosh Singh in Ward no-02 under Nagar Parishad Aurangabad.,Construction of Road and Drain from H/O Suresh Baitha in Jay Prakash Nagar to H/O Santosh Singh in Ward no-02 under Nagar Parishad Aurangabad.,1214903.0,INR,INR,2021-03-02 10:56:17+00:00,2021-03-02T10:41:16.336000+00:00,2022-05-27T11:29:25+00:00,Executive Officer Aurangabad,Executive Officer Aurangabad,Municipal council Aurangabad,"Block More, Aurangabad",Ajeet Kumar,"Executive Officer, Nagar Parishad Aurangabad",Aurangabad Nagar Parishad,24600.0,2500.0,590.0,True,"{'Flood': 0, 'Embankment': 0, 'embkt': 0, 'Relief': 0, 'Erosion': 0, 'SDRF': 0, 'Inundation': 0, 'Hydrology': 0, 'Silt': 0, 'Siltation': 0, 'Bund': 0, 'Trench': 0, 'Breach': 0, 'Culvert': 0, 'Sluice': 0, 'Dyke': 0, 'Storm water drain': 0, 'Emergency': 0, 'Immediate': 0, 'IM': 0, 'AE': 0, 'A E': 0, 'AAPDA MITRA': 0, 'Bridge': 0, 'River': 0, 'Drain': 2, 'Restoration': 0, 'Protection': 0, 'irr': 0, 'irrigation': 0, 'dam': 0, 'Nallah': 0, 'Retrofitting': 0, 'Pond': 0, 'Pokhari': 0, 'D/C': 0, 'Recharge shaft': 0, 'LFB': 0, 'RFB': 0}","{'Floodlight': 0, 'Flood Light': 0, 'GAS': 0, 'FIFA': 0, 'pipe': 0, 'pipes': 0, 'covid': 0, 'supply': 0, 'Beautification': 0, 'Installation': 0}",,,False,True,Others
8557,NIT-15/2020-21-GROUP-13,Construction of RCC Drain with Cover from HO Ravi Chauhan to HO Sanjay Seth under GMC Ward No 19 Gaya,Construction of RCC Drain with Cover from HO Ravi Chauhan to HO Sanjay Seth under GMC Ward No 19 Gaya,176700.0,INR,INR,2021-03-02 10:40:53+00:00,2021-03-02T10:36:46.024000+00:00,2021-09-06T07:18:53+00:00,SAWAN KUMAR,Municipal Commissioner Gaya,GAYA MUNICIPAL CORPORATION,NEAR KEDARNATH MARKET GAYA,SAWAN KUMAR,MUNICIPAL COMMISSIONER GAYA,GAYA MUNICIPAL CORPORATION,3600.0,750.0,590.0,True,"{'Flood': 0, 'Embankment': 0, 'embkt': 0, 'Relief': 0, 'Erosion': 0, 'SDRF': 0, 'Inundation': 0, 'Hydrology': 0, 'Silt': 0, 'Siltation': 0, 'Bund': 0, 'Trench': 0, 'Breach': 0, 'Culvert': 0, 'Sluice': 0, 'Dyke': 0, 'Storm water drain': 0, 'Emergency': 0, 'Immediate': 0, 'IM': 0, 'AE': 0, 'A E': 0, 'AAPDA MITRA': 0, 'Bridge': 0, 'River': 0, 'Drain': 2, 'Restoration': 0, 'Protection': 0, 'irr': 0, 'irrigation': 0, 'dam': 0, 'Nallah': 0, 'Retrofitting': 0, 'Pond': 0, 'Pokhari': 0, 'D/C': 0, 'Recharge shaft': 0, 'LFB': 0, 'RFB': 0}","{'Floodlight': 0, 'Flood Light': 0, 'GAS': 0, 'FIFA': 0, 'pipe': 0, 'pipes': 0, 'covid': 0, 'supply': 0, 'Beautification': 0, 'Installation': 0}",,,False,True,Immediate Measures
8560,NIT-15/2020-21-GROUP-15,"Improvement of Road & Drain at Mohalla Durga Bari From H/o Sahinji to Masjid Road Dr. Arif Imam via Rahman & Adv Ajay Sharma to Masjid under G.M.C., W. No. 23, Gaya","Improvement of Road & Drain at Mohalla Durga Bari From H/o Sahinji to Masjid Road Dr. Arif Imam via Rahman & Adv Ajay Sharma to Masjid under G.M.C., W. No. 23, Gaya",1011000.0,INR,INR,2021-03-02 10:50:33+00:00,2021-03-02T10:45:48.973000+00:00,2021-09-03T07:42:49+00:00,SAWAN KUMAR,Municipal Commissioner Gaya,GAYA MUNICIPAL CORPORATION,NEAR KEDARNATH MARKET GAYA,SAWAN KUMAR,MUNICIPAL COMMISSIONER GAYA,GAYA MUNICIPAL CORPORATION,20200.0,1250.0,590.0,True,"{'Flood': 0, 'Embankment': 0, 'embkt': 0, 'Relief': 0, 'Erosion': 0, 'SDRF': 0, 'Inundation': 0, 'Hydrology': 0, 'Silt': 0, 'Siltation': 0, 'Bund': 0, 'Trench': 0, 'Breach': 0, 'Culvert': 0, 'Sluice': 0, 'Dyke': 0, 'Storm water drain': 0, 'Emergency': 0, 'Immediate': 0, 'IM': 0, 'AE': 0, 'A E': 0, 'AAPDA MITRA': 0, 'Bridge': 0, 'River': 0, 'Drain': 2, 'Restoration': 0, 'Protection': 0, 'irr': 0, 'irrigation': 0, 'dam': 0, 'Nallah': 0, 'Retrofitting': 0, 'Pond': 0, 'Pokhari': 0, 'D/C': 0, 'Recharge shaft': 0, 'LFB': 0, 'RFB': 0}","{'Floodlight': 0, 'Flood Light': 0, 'GAS': 0, 'FIFA': 0, 'pipe': 0, 'pipes': 0, 'covid': 0, 'supply': 0, 'Beautification': 0, 'Installation': 0}",,,False,True,Immediate Measures
8559,NIT-15/2020-21-GROUP-14,Construction of R.C.C. drain at Mohalla yasin Colony from bari road to Akhtarji (east past) under G.M.C. W.No. 23 Gaya.,Construction of R.C.C. drain at Mohalla yasin Colony from bari road to Akhtarji (east past) under G.M.C. W.No. 23 Gaya.,1305300.0,INR,INR,2021-03-02 10:45:22+00:00,2021-03-02T10:41:18.986000+00:00,2021-07-20T07:30:18+00:00,SAWAN KUMAR,Municipal Commissioner Gaya,GAYA MUNICIPAL CORPORATION,NEAR KEDARNATH MARKET GAYA,SAWAN KUMAR,MUNICIPAL COMMISSIONER GAYA,GAYA MUNICIPAL CORPORATION,26100.0,1250.0,590.0,True,"{'Flood': 0, 'Embankment': 0, 'embkt': 0, 'Relief': 0, 'Erosion': 0, 'SDRF': 0, 'Inundation': 0, 'Hydrology': 0, 'Silt': 0, 'Siltation': 0, 'Bund': 0, 'Trench': 0, 'Breach': 0, 'Culvert': 0, 'Sluice': 0, 'Dyke': 0, 'Storm water drain': 0, 'Emergency': 0, 'Immediate': 0, 'IM': 0, 'AE': 0, 'A E': 0, 'AAPDA MITRA': 0, 'Bridge': 0, 'River': 0, 'Drain': 2, 'Restoration': 0, 'Protection': 0, 'irr': 0, 'irrigation': 0, 'dam': 0, 'Nallah': 0, 'Retrofitting': 0, 'Pond': 0, 'Pokhari': 0, 'D/C': 0, 'Recharge shaft': 0, 'LFB': 0, 'RFB': 0}","{'Floodlight': 0, 'Flood Light': 0, 'GAS': 0, 'FIFA': 0, 'pipe': 0, 'pipes': 0, 'covid': 0, 'supply': 0, 'Beautification': 0, 'Installation': 0}",,,False,True,Immediate Measures
8562,NIT-15/2020-21-GROUP-16,"Imprevement of drain Schamber from Bottom nala to bar library to durga bari road (Both side) under W.No. 23 GMC, Gaya","Imprevement of drain Schamber from Bottom nala to bar library to durga bari road (Both side) under W.No. 23 GMC, Gaya",957700.0,INR,INR,2021-03-02 10:54:58+00:00,2021-03-02T10:51:06.953000+00:00,2021-07-20T07:42:54+00:00,SAWAN KUMAR,Municipal Commissioner Gaya,GAYA MUNICIPAL CORPORATION,NEAR KEDARNATH MARKET GAYA,SAWAN KUMAR,MUNICIPAL COMMISSIONER GAYA,GAYA MUNICIPAL CORPORATION,19000.0,750.0,590.0,True,"{'Flood': 0, 'Embankment': 0, 'embkt': 0, 'Relief': 0, 'Erosion': 0, 'SDRF': 0, 'Inundation': 0, 'Hydrology': 0, 'Silt': 0, 'Siltation': 0, 'Bund': 0, 'Trench': 0, 'Breach': 0, 'Culvert': 0, 'Sluice': 0, 'Dyke': 0, 'Storm water drain': 0, 'Emergency': 0, 'Immediate': 0, 'IM': 0, 'AE': 0, 'A E': 0, 'AAPDA MITRA': 0, 'Bridge': 0, 'River': 0, 'Drain': 2, 'Restoration': 0, 'Protection': 0, 'irr': 0, 'irrigation': 0, 'dam': 0, 'Nallah': 0, 'Retrofitting': 0, 'Pond': 0, 'Pokhari': 0, 'D/C': 0, 'Recharge shaft': 0, 'LFB': 0, 'RFB': 0}","{'Floodlight': 0, 'Flood Light': 0, 'GAS': 0, 'FIFA': 0, 'pipe': 0, 'pipes': 0, 'covid': 0, 'supply': 0, 'Beautification': 0, 'Installation': 0}",,,False,True,Immediate Measures
8564,NIT20/2020-21/R-02/20,Construction of Road and Drain from H.O. Vednarayan Sharma to H.O.Sudarshan Sharma Wakil in Ward no-07 under Nagar Parishad Aurangabad.,Construction of Road and Drain from H.O. Vednarayan Sharma to H.O.Sudarshan Sharma Wakil in Ward no-07 under Nagar Parishad Aurangabad.,620006.0,INR,INR,2021-03-02 11:01:02+00:00,2021-03-02T10:56:34.760000+00:00,2021-08-26T11:05:28+00:00,Executive Officer Aurangabad,Executive Officer Aurangabad,Municipal council Aurangabad,"Block More, Aurangabad",Ajeet Kumar,"Executive Officer, Nagar Parishad Aurangabad",Aurangabad Nagar Parishad,12300.0,1250.0,590.0,True,"{'Flood': 0, 'Embankment': 0, 'embkt': 0, 'Relief': 0, 'Erosion': 0, 'SDRF': 0, 'Inundation': 0, 'Hydrology': 0, 'Silt': 0, 'Siltation': 0, 'Bund': 0, 'Trench': 0, 'Breach': 0, 'Culvert': 0, 'Sluice': 0, 'Dyke': 0, 'Storm water drain': 0, 'Emergency': 0, 'Immediate': 0, 'IM': 0, 'AE': 0, 'A E': 0, 'AAPDA MITRA': 0, 'Bridge': 0, 'River': 0, 'Drain': 2, 'Restoration': 0, 'Protection': 0, 'irr': 0, 'irrigation': 0, 'dam': 0, 'Nallah': 0, 'Retrofitting': 0, 'Pond': 0, 'Pokhari': 0, 'D/C': 0, 'Recharge shaft': 0, 'LFB': 0, 'RFB': 0}","{'Floodlight': 0, 'Flood Light': 0, 'GAS': 0, 'FIFA': 0, 'pipe': 0, 'pipes': 0, 'covid': 0, 'supply': 0, 'Beautification': 0, 'Installation': 0}",,,False,True,Others
8570,NIT20/2020-21/R-06/20,Construction of Road and Drain from H/o Ravi Ji to Main road in Ward no-30 under Nagar Parishad Aurangabad.,Construction of Road and Drain from H/o Ravi Ji to Main road in Ward no-30 under Nagar Parishad Aurangabad.,651633.0,INR,INR,2021-03-02 11:05:03+00:00,2021-03-02T11:01:17.964000+00:00,2022-05-25T12:08:02+00:00,Executive Officer Aurangabad,Executive Officer Aurangabad,Municipal council Aurangabad,"Block More, Aurangabad",Ajeet Kumar,"Executive Officer, Nagar Parishad Aurangabad",Aurangabad Nagar Parishad,13200.0,1250.0,590.0,True,"{'Flood': 0, 'Embankment': 0, 'embkt': 0, 'Relief': 0, 'Erosion': 0, 'SDRF': 0, 'Inundation': 0, 'Hydrology': 0, 'Silt': 0, 'Siltation': 0, 'Bund': 0, 'Trench': 0, 'Breach': 0, 'Culvert': 0, 'Sluice': 0, 'Dyke': 0, 'Storm water drain': 0, 'Emergency': 0, 'Immediate': 0, 'IM': 0, 'AE': 0, 'A E': 0, 'AAPDA MITRA': 0, 'Bridge': 0, 'River': 0, 'Drain': 2, 'Restoration': 0, 'Protection': 0, 'irr': 0, 'irrigation': 0, 'dam': 0, 'Nallah': 0, 'Retrofitting': 0, 'Pond': 0, 'Pokhari': 0, 'D/C': 0, 'Recharge shaft': 0, 'LFB': 0, 'RFB': 0}","{'Floodlight': 0, 'Flood Light': 0, 'GAS': 0, 'FIFA': 0, 'pipe': 0, 'pipes': 0, 'covid': 0, 'supply': 0, 'Beautification': 0, 'Installation': 0}",,,False,True,Others
8572,NIT20/2020-21/R-14/20,"Construction of Road & Drain & repairs from Dharnidhar road to Press, New Kazi Muhalla maidan both side, new kazi mohalla maidan to Baijnath babu & cornar of Dr. Nehal in Ward no-23 under Nagar Parishad Aurangabad.","Construction of Road & Drain & repairs from Dharnidhar road to Press, New Kazi Muhalla maidan both side, new kazi mohalla maidan to Baijnath babu & cornar of Dr. Nehal in Ward no-23 under Nagar Parishad Aurangabad.",1151555.0,INR,INR,2021-03-02 11:15:42+00:00,2021-03-02T11:09:15.673000+00:00,2022-05-27T11:36:09+00:00,Executive Officer Aurangabad,Executive Officer Aurangabad,Municipal council Aurangabad,"Block More, Aurangabad",Ajeet Kumar,"Executive Officer, Nagar Parishad Aurangabad",Aurangabad Nagar Parishad,23500.0,2500.0,590.0,True,"{'Flood': 0, 'Embankment': 0, 'embkt': 0, 'Relief': 0, 'Erosion': 0, 'SDRF': 0, 'Inundation': 0, 'Hydrology': 0, 'Silt': 0, 'Siltation': 0, 'Bund': 0, 'Trench': 0, 'Breach': 0, 'Culvert': 0, 'Sluice': 0, 'Dyke': 0, 'Storm water drain': 0, 'Emergency': 0, 'Immediate': 0, 'IM': 0, 'AE': 0, 'A E': 0, 'AAPDA MITRA': 0, 'Bridge': 0, 'River': 0, 'Drain': 2, 'Restoration': 0, 'Protection': 0, 'irr': 0, 'irrigation': 0, 'dam': 0, 'Nallah': 0, 'Retrofitting': 0, 'Pond': 0, 'Pokhari': 0, 'D/C': 0, 'Recharge shaft': 0, 'LFB': 0, 'RFB': 0}","{'Floodlight': 0, 'Flood Light': 0, 'GAS': 0, 'FIFA': 0, 'pipe': 0, 'pipes': 0, 'covid': 0, 'supply': 0, 'Beautification': 0, 'Installation': 0}",,,False,True,Repair and Restoration
8576,06/SBD/2020-21/FCD/GOPALGANJ,"Raising, Strengthening and Protection Work between 0.0 km to 3.30 km of Manguraha Chharki","Raising, Strengthening and Protection Work between 0.0 km to 3.30 km of Manguraha Chharki",47095666.0,INR,INR,2021-03-02 17:47:02+00:00,2021-03-02T16:37:06.336000+00:00,2021-06-11T15:58:39+00:00,NAWAL KISHORE SINGH,EXECUTIVE ENGINEER (EE),WATER RESOURCES DEPARTMENT,"EXECUTIVE ENGINEER, FLOOD CONTROL DIVISION, GOPALGANJ",VINAY KUMAR SINGH,SE,WATER RESOURCES DEPARTMENT,942000.0,10000.0,5900.0,True,"{'Flood': 0, 'Embankment': 0, 'embkt': 0, 'Relief': 0, 'Erosion': 0, 'SDRF': 0, 'Inundation': 0, 'Hydrology': 0, 'Silt': 0, 'Siltation': 0, 'Bund': 0, 'Trench': 0, 'Breach': 0, 'Culvert': 0, 'Sluice': 0, 'Dyke': 0, 'Storm water drain': 0, 'Emergency': 0, 'Immediate': 0, 'IM': 0, 'AE': 0, 'A E': 0, 'AAPDA MITRA': 0, 'Bridge': 0, 'River': 0, 'Drain': 0, 'Restoration': 0, 'Protection': 2, 'irr': 0, 'irrigation': 0, 'dam': 0, 'Nallah': 0, 'Retrofitting': 0, 'Pond': 0, 'Pokhari': 0, 'D/C': 0, 'Recharge shaft': 0, 'LFB': 0, 'RFB': 0}","{'Floodlight': 0, 'Flood Light': 0, 'GAS': 0, 'FIFA': 0, 'pipe': 0, 'pipes': 0, 'covid': 0, 'supply': 0, 'Beautification': 0, 'Installation': 0}",,,False,False,Repair and Restoration
8601,NIT-08_Gr_01_2020-21,"Construction of 125mmX40mmX 61m deep (Soil-'B'), I.M-II tube well with constrcution of 1.85mtrn dia. circular P.C.C  platform and P.C.C drain including Operation and Maintenance for 5-Years for water place of defunct T/well in the water scarce area in district of vaishali P.H.Sub-Division, Mahua under P.H. Division, Hajipur for the year 2020-2021","Construction of 125mmX40mmX 61m deep (Soil-'B'), I.M-II tube well with constrcution of 1.85mtrn dia. circular P.C.C  platform and P.C.C drain including Operation and Maintenance for 5-Years for water place of defunct T/well in the water scarce area in district of vaishali P.H.Sub-Division, Mahua under P.H. Division, Hajipur for the year 2020-2021",3121524.0,INR,INR,2021-03-03 13:54:59+00:00,2021-03-03T13:32:43.942000+00:00,2021-07-17T10:27:18+00:00,"Executive Engineer P.H. Division, Hajipur",EE,P.H. DIVISION HAJIPUR,Hospital road Near pani tanki campus hajipur,SUPERINTENDING ENGINNER  MUZAFFARPUR,SE,PHED CIRCLE OFFICE MUZAFFARPUR,62600.0,5000.0,590.0,True,"{'Flood': 0, 'Embankment': 0, 'embkt': 0, 'Relief': 0, 'Erosion': 0, 'SDRF': 0, 'Inundation': 0, 'Hydrology': 0, 'Silt': 0, 'Siltation': 0, 'Bund': 0, 'Trench': 0, 'Breach': 0, 'Culvert': 0, 'Sluice': 0, 'Dyke': 0, 'Storm water drain': 0, 'Emergency': 0, 'Immediate': 0, 'IM': 0, 'AE': 0, 'A E': 0, 'AAPDA MITRA': 0, 'Bridge': 0, 'River': 0, 'Drain': 2, 'Restoration': 0, 'Protection': 0, 'irr': 0, 'irrigation': 0, 'dam': 0, 'Nallah': 0, 'Retrofitting': 0, 'Pond': 0, 'Pokhari': 0, 'D/C': 0, 'Recharge shaft': 0, 'LFB': 0, 'RFB': 0}","{'Floodlight': 0, 'Flood Light': 0, 'GAS': 0, 'FIFA': 0, 'pipe': 0, 'pipes': 0, 'covid': 0, 'supply': 0, 'Beautification': 0, 'Installation': 0}",,,False,True,Immediate Measures
8640,NIT NO 04/2020-21-GROUP-1/IMD-CHAPRA,"F/E of A.F.S. Gate, Hoisting system, Embeded part, plateform & civil work at 4.30 Km of Bishunpur Charki and at 138.05Km of Saran Main Embankment under F.C.D Gopalganj before flood 2021.","F/E of A.F.S. Gate, Hoisting system, Embeded part, plateform & civil work at 4.30 Km of Bishunpur Charki and at 138.05Km of Saran Main Embankment under F.C.D Gopalganj before flood 2021.",2394409.0,INR,INR,2021-03-05 05:40:25+00:00,2021-03-05T02:00:10.711000+00:00,2021-03-12T11:59:25+00:00,MUKTESHWAR PANDEY,Executive Engineer,WATER RESOURCE DEPARTMENT,MECHANICAL DIVISION MUZAFFARPUR,PRADIP KUMAR PASWAN,SE,WATER RESOURCE DEPARTMENT,47900.0,5000.0,590.0,True,"{'Flood': 2, 'Embankment': 2, 'embkt': 0, 'Relief': 0, 'Erosion': 0, 'SDRF': 0, 'Inundation': 0, 'Hydrology': 0, 'Silt': 0, 'Siltation': 0, 'Bund': 0, 'Trench': 0, 'Breach': 0, 'Culvert': 0, 'Sluice': 0, 'Dyke': 0, 'Storm water drain': 0, 'Emergency': 0, 'Immediate': 0, 'IM': 0, 'AE': 0, 'A E': 0, 'AAPDA MITRA': 0, 'Bridge': 0, 'River': 0, 'Drain': 0, 'Restoration': 0, 'Protection': 0, 'irr': 0, 'irrigation': 0, 'dam': 0, 'Nallah': 0, 'Retrofitting': 0, 'Pond': 0, 'Pokhari': 0, 'D/C': 0, 'Recharge shaft': 0, 'LFB': 0, 'RFB': 0}","{'Floodlight': 0, 'Flood Light': 0, 'GAS': 0, 'FIFA': 0, 'pipe': 0, 'pipes': 0, 'covid': 0, 'supply': 0, 'Beautification': 0, 'Installation': 0}",,,False,True,Immediate Measures
8641,NIT NO 04/2020-21-GROUP-2/IMD-CHAPRA,"F/E of A.F.S gate, Hoisting system, Embeded part, plateform, bottom Seal, top seal, side seal etc. work at 6.90Km (Rampurva) of Salehpur Tondaspur Charki  under Flood Control and Drainage Division, Gopalganj before Flood 2021.","F/E of A.F.S gate, Hoisting system, Embeded part, plateform, bottom Seal, top seal, side seal etc. work at 6.90Km (Rampurva) of Salehpur Tondaspur Charki  under Flood Control and Drainage Division, Gopalganj before Flood 2021.",1830199.0,INR,INR,2021-03-05 05:41:40+00:00,2021-03-05T02:26:54.904000+00:00,2021-03-12T11:57:54+00:00,MUKTESHWAR PANDEY,Executive Engineer,WATER RESOURCE DEPARTMENT,MECHANICAL DIVISION MUZAFFARPUR,PRADIP KUMAR PASWAN,SE,WATER RESOURCE DEPARTMENT,36650.0,5000.0,590.0,True,"{'Flood': 4, 'Embankment': 0, 'embkt': 0, 'Relief': 0, 'Erosion': 0, 'SDRF': 0, 'Inundation': 0, 'Hydrology': 0, 'Silt': 0, 'Siltation': 0, 'Bund': 0, 'Trench': 0, 'Breach': 0, 'Culvert': 0, 'Sluice': 0, 'Dyke': 0, 'Storm water drain': 0, 'Emergency': 0, 'Immediate': 0, 'IM': 0, 'AE': 0, 'A E': 0, 'AAPDA MITRA': 0, 'Bridge': 0, 'River': 0, 'Drain': 0, 'Restoration': 0, 'Protection': 0, 'irr': 0, 'irrigation': 0, 'dam': 0, 'Nallah': 0, 'Retrofitting': 0, 'Pond': 0, 'Pokhari': 0, 'D/C': 0, 'Recharge shaft': 0, 'LFB': 0, 'RFB': 0}","{'Floodlight': 0, 'Flood Light': 0, 'GAS': 0, 'FIFA': 0, 'pipe': 0, 'pipes': 0, 'covid': 0, 'supply': 0, 'Beautification': 0, 'Installation': 0}",,,False,False,Immediate Measures
8642,NIT NO 04/2020-21-GROUP-3/IMD-CHAPRA,"F/E of A.F.S. Gate of 7 Nos, Gogra Embankment at Rakauli (35.4 km), Admapur (38.8 km), Admapur (39.0 km) and annual oiling, greasing under Flood Control Division, Siwan","F/E of A.F.S. Gate of 7 Nos, Gogra Embankment at Rakauli (35.4 km), Admapur (38.8 km), Admapur (39.0 km) and annual oiling, greasing under Flood Control Division, Siwan",2083047.0,INR,INR,2021-03-05 05:43:14+00:00,2021-03-05T02:33:05.801000+00:00,2021-03-12T11:56:36+00:00,MUKTESHWAR PANDEY,Executive Engineer,WATER RESOURCE DEPARTMENT,MECHANICAL DIVISION MUZAFFARPUR,PRADIP KUMAR PASWAN,SE,WATER RESOURCE DEPARTMENT,41700.0,5000.0,590.0,True,"{'Flood': 2, 'Embankment': 2, 'embkt': 0, 'Relief': 0, 'Erosion': 0, 'SDRF': 0, 'Inundation': 0, 'Hydrology': 0, 'Silt': 0, 'Siltation': 0, 'Bund': 0, 'Trench': 0, 'Breach': 0, 'Culvert': 0, 'Sluice': 0, 'Dyke': 0, 'Storm water drain': 0, 'Emergency': 0, 'Immediate': 0, 'IM': 0, 'AE': 0, 'A E': 0, 'AAPDA MITRA': 0, 'Bridge': 0, 'River': 0, 'Drain': 0, 'Restoration': 0, 'Protection': 0, 'irr': 0, 'irrigation': 0, 'dam': 0, 'Nallah': 0, 'Retrofitting': 0, 'Pond': 0, 'Pokhari': 0, 'D/C': 0, 'Recharge shaft': 0, 'LFB': 0, 'RFB': 0}","{'Floodlight': 0, 'Flood Light': 0, 'GAS': 0, 'FIFA': 0, 'pipe': 0, 'pipes': 0, 'covid': 0, 'supply': 0, 'Beautification': 0, 'Installation': 0}",,,False,True,Immediate Measures
8643,NIT NO 04/2020-21-GROUP-4/IMD-CHAPRA,"F/E of A.F.S. Gate, Hoisting system, Rubber Seal Path repairing of I-Beam, Platform, Painting etc, work at 6.00 Mile Dariyapur of Saran main Embankment under Flood Control and Drainage Division, Chapra before Flood 2021.","F/E of A.F.S. Gate, Hoisting system, Rubber Seal Path repairing of I-Beam, Platform, Painting etc, work at 6.00 Mile Dariyapur of Saran main Embankment under Flood Control and Drainage Division, Chapra before Flood 2021.",2463400.0,INR,INR,2021-03-05 05:44:26+00:00,2021-03-05T02:45:08.658000+00:00,2021-03-12T11:55:28+00:00,MUKTESHWAR PANDEY,Executive Engineer,WATER RESOURCE DEPARTMENT,MECHANICAL DIVISION MUZAFFARPUR,PRADIP KUMAR PASWAN,SE,WATER RESOURCE DEPARTMENT,49500.0,5000.0,590.0,True,"{'Flood': 4, 'Embankment': 2, 'embkt': 0, 'Relief': 0, 'Erosion': 0, 'SDRF': 0, 'Inundation': 0, 'Hydrology': 0, 'Silt': 0, 'Siltation': 0, 'Bund': 0, 'Trench': 0, 'Breach': 0, 'Culvert': 0, 'Sluice': 0, 'Dyke': 0, 'Storm water drain': 0, 'Emergency': 0, 'Immediate': 0, 'IM': 0, 'AE': 0, 'A E': 0, 'AAPDA MITRA': 0, 'Bridge': 0, 'River': 0, 'Drain': 0, 'Restoration': 0, 'Protection': 0, 'irr': 0, 'irrigation': 0, 'dam': 0, 'Nallah': 0, 'Retrofitting': 0, 'Pond': 0, 'Pokhari': 0, 'D/C': 0, 'Recharge shaft': 0, 'LFB': 0, 'RFB': 0}","{'Floodlight': 0, 'Flood Light': 0, 'GAS': 0, 'FIFA': 0, 'pipe': 0, 'pipes': 0, 'covid': 0, 'supply': 0, 'Beautification': 0, 'Installation': 0}",,,False,True,Immediate Measures
8644,NIT NO 04/2020-21-GROUP-5/IMD-CHAPRA,"F/E of A.F.S gate, Embeded-Part, Hoisting system, plateform etc. at 18.70 M (Hasanpur), Darihara Nishak, Dariyapur Shikarpur Nahar L+R of Saran Embankment under Flood Control and Drainage Division, Gopalganj before Flood 2021.","F/E of A.F.S gate, Embeded-Part, Hoisting system, plateform etc. at 18.70 M (Hasanpur), Darihara Nishak, Dariyapur Shikarpur Nahar L+R of Saran Embankment under Flood Control and Drainage Division, Gopalganj before Flood 2021.",1795244.0,INR,INR,2021-03-05 05:45:43+00:00,2021-03-05T03:02:57.754000+00:00,2021-03-31T07:24:59+00:00,MUKTESHWAR PANDEY,Executive Engineer,WATER RESOURCE DEPARTMENT,MECHANICAL DIVISION MUZAFFARPUR,PRADIP KUMAR PASWAN,SE,WATER RESOURCE DEPARTMENT,36000.0,5000.0,590.0,True,"{'Flood': 4, 'Embankment': 2, 'embkt': 0, 'Relief': 0, 'Erosion': 0, 'SDRF': 0, 'Inundation': 0, 'Hydrology': 0, 'Silt': 0, 'Siltation': 0, 'Bund': 0, 'Trench': 0, 'Breach': 0, 'Culvert': 0, 'Sluice': 0, 'Dyke': 0, 'Storm water drain': 0, 'Emergency': 0, 'Immediate': 0, 'IM': 0, 'AE': 0, 'A E': 0, 'AAPDA MITRA': 0, 'Bridge': 0, 'River': 0, 'Drain': 0, 'Restoration': 0, 'Protection': 0, 'irr': 0, 'irrigation': 0, 'dam': 0, 'Nallah': 0, 'Retrofitting': 0, 'Pond': 0, 'Pokhari': 0, 'D/C': 0, 'Recharge shaft': 0, 'LFB': 0, 'RFB': 0}","{'Floodlight': 0, 'Flood Light': 0, 'GAS': 0, 'FIFA': 0, 'pipe': 0, 'pipes': 0, 'covid': 0, 'supply': 0, 'Beautification': 0, 'Installation': 0}",,,False,True,Immediate Measures
8645,NIT NO 04/2020-21-GROUP-6/IMD-CHAPRA,"F/E of A.F.S. Gate, Embeded Part Hoisting system, Plateform at 28.30 M (Purshotampur), at - 30.4M (Madhubani), at - 33.20M (Kuari) of Saran main Embankment under Flood Control and Drainage Division, Chapra before Flood 2021.","F/E of A.F.S. Gate, Embeded Part Hoisting system, Plateform at 28.30 M (Purshotampur), at - 30.4M (Madhubani), at - 33.20M (Kuari) of Saran main Embankment under Flood Control and Drainage Division, Chapra before Flood 2021.",1590961.0,INR,INR,2021-03-05 05:46:54+00:00,2021-03-05T03:17:57.407000+00:00,2021-03-12T11:54:03+00:00,MUKTESHWAR PANDEY,Executive Engineer,WATER RESOURCE DEPARTMENT,MECHANICAL DIVISION MUZAFFARPUR,PRADIP KUMAR PASWAN,SE,WATER RESOURCE DEPARTMENT,32000.0,5000.0,590.0,True,"{'Flood': 4, 'Embankment': 2, 'embkt': 0, 'Relief': 0, 'Erosion': 0, 'SDRF': 0, 'Inundation': 0, 'Hydrology': 0, 'Silt': 0, 'Siltation': 0, 'Bund': 0, 'Trench': 0, 'Breach': 0, 'Culvert': 0, 'Sluice': 0, 'Dyke': 0, 'Storm water drain': 0, 'Emergency': 0, 'Immediate': 0, 'IM': 0, 'AE': 0, 'A E': 0, 'AAPDA MITRA': 0, 'Bridge': 0, 'River': 0, 'Drain': 0, 'Restoration': 0, 'Protection': 0, 'irr': 0, 'irrigation': 0, 'dam': 0, 'Nallah': 0, 'Retrofitting': 0, 'Pond': 0, 'Pokhari': 0, 'D/C': 0, 'Recharge shaft': 0, 'LFB': 0, 'RFB': 0}","{'Floodlight': 0, 'Flood Light': 0, 'GAS': 0, 'FIFA': 0, 'pipe': 0, 'pipes': 0, 'covid': 0, 'supply': 0, 'Beautification': 0, 'Installation': 0}",,,False,True,Immediate Measures
8647,NIT NO 04/2020-21-GROUP-8/IMD-CHAPRA,"F/E of gate, emb. H. A. and plateform at kothiya Naraw of Kathi tad Bandh, Jhawaa of Chapra Sonpur path panchrukha of Sikati j Bandh 5.00k.m and Muzauna 8.50 mile of mahi (R) Emb under Flood Control and Drainage Division, Chapra for year 2021 before Flood.","F/E of gate, emb. H. A. and plateform at kothiya Naraw of Kathi tad Bandh, Jhawaa of Chapra Sonpur path panchrukha of Sikati j Bandh 5.00k.m and Muzauna 8.50 mile of mahi (R) Emb under Flood Control and Drainage Division, Chapra for year 2021 before Flood.",2035280.0,INR,INR,2021-03-05 05:49:17+00:00,2021-03-05T04:14:14.673000+00:00,2021-12-18T10:43:32+00:00,MUKTESHWAR PANDEY,Executive Engineer,WATER RESOURCE DEPARTMENT,MECHANICAL DIVISION MUZAFFARPUR,PRADIP KUMAR PASWAN,SE,WATER RESOURCE DEPARTMENT,41000.0,5000.0,590.0,True,"{'Flood': 4, 'Embankment': 0, 'embkt': 0, 'Relief': 0, 'Erosion': 0, 'SDRF': 0, 'Inundation': 0, 'Hydrology': 0, 'Silt': 0, 'Siltation': 0, 'Bund': 0, 'Trench': 0, 'Breach': 0, 'Culvert': 0, 'Sluice': 0, 'Dyke': 0, 'Storm water drain': 0, 'Emergency': 0, 'Immediate': 0, 'IM': 0, 'AE': 0, 'A E': 0, 'AAPDA MITRA': 0, 'Bridge': 0, 'River': 0, 'Drain': 0, 'Restoration': 0, 'Protection': 0, 'irr': 0, 'irrigation': 0, 'dam': 0, 'Nallah': 0, 'Retrofitting': 0, 'Pond': 0, 'Pokhari': 0, 'D/C': 0, 'Recharge shaft': 0, 'LFB': 0, 'RFB': 0}","{'Floodlight': 0, 'Flood Light': 0, 'GAS': 0, 'FIFA': 0, 'pipe': 0, 'pipes': 0, 'covid': 0, 'supply': 0, 'Beautification': 0, 'Installation': 0}",,,False,False,Immediate Measures
8646,NIT NO 04/2020-21-GROUP-7/IMD-CHAPRA,"F/E of A.F.S. Gate, Embeded Part Hoisting system, Plateform at 18.20 M Baligaon, at- 21.00 Mansuriya, at 28.70M Baghakol of Saran main Embankment under Flood Control and Drainage Division, Chapra before Flood 2021.","F/E of A.F.S. Gate, Embeded Part Hoisting system, Plateform at 18.20 M Baligaon, at- 21.00 Mansuriya, at 28.70M Baghakol of Saran main Embankment under Flood Control and Drainage Division, Chapra before Flood 2021.",2254476.0,INR,INR,2021-03-05 05:48:07+00:00,2021-03-05T03:24:10.469000+00:00,2021-12-18T10:34:05+00:00,MUKTESHWAR PANDEY,Executive Engineer,WATER RESOURCE DEPARTMENT,MECHANICAL DIVISION MUZAFFARPUR,PRADIP KUMAR PASWAN,SE,WATER RESOURCE DEPARTMENT,45100.0,5000.0,590.0,True,"{'Flood': 4, 'Embankment': 2, 'embkt': 0, 'Relief': 0, 'Erosion': 0, 'SDRF': 0, 'Inundation': 0, 'Hydrology': 0, 'Silt': 0, 'Siltation': 0, 'Bund': 0, 'Trench': 0, 'Breach': 0, 'Culvert': 0, 'Sluice': 0, 'Dyke': 0, 'Storm water drain': 0, 'Emergency': 0, 'Immediate': 0, 'IM': 0, 'AE': 0, 'A E': 0, 'AAPDA MITRA': 0, 'Bridge': 0, 'River': 0, 'Drain': 0, 'Restoration': 0, 'Protection': 0, 'irr': 0, 'irrigation': 0, 'dam': 0, 'Nallah': 0, 'Retrofitting': 0, 'Pond': 0, 'Pokhari': 0, 'D/C': 0, 'Recharge shaft': 0, 'LFB': 0, 'RFB': 0}","{'Floodlight': 0, 'Flood Light': 0, 'GAS': 0, 'FIFA': 0, 'pipe': 0, 'pipes': 0, 'covid': 0, 'supply': 0, 'Beautification': 0, 'Installation': 0}",,,False,True,Immediate Measures
8663,03/2020-21-GR-01/IMD-VALMIKINAGAR,"REPAIR, FABRICATION  AND ERRECTION OF A. F. S GATE ( 6 Nos ) INCLUDING THEIR EMBADED , BOTTOM SEAL BEAM, TOP SEAL BEAM , RUBBER SEAL AND HOISTING ARRANGMENT AT 130.10 KM SONRAPUR OF CHAMPARAN EMBANKMENT.","REPAIR, FABRICATION  AND ERRECTION OF A. F. S GATE ( 6 Nos ) INCLUDING THEIR EMBADED , BOTTOM SEAL BEAM, TOP SEAL BEAM , RUBBER SEAL AND HOISTING ARRANGMENT AT 130.10 KM SONRAPUR OF CHAMPARAN EMBANKMENT.",6562713.0,INR,INR,2021-03-06 09:24:50+00:00,2021-03-06T08:00:02.198000+00:00,2021-11-23T08:40:16+00:00,Abdul Quaiyum,Executive Engineer,Water Resource Department,Irrigation Mechanical Division Birpur,PRADIP KUMAR PASWAN,SE,WATER RESOURCE DEPARTMENT,131300.0,10000.0,590.0,True,"{'Flood': 0, 'Embankment': 2, 'embkt': 0, 'Relief': 0, 'Erosion': 0, 'SDRF': 0, 'Inundation': 0, 'Hydrology': 0, 'Silt': 0, 'Siltation': 0, 'Bund': 0, 'Trench': 0, 'Breach': 0, 'Culvert': 0, 'Sluice': 0, 'Dyke': 0, 'Storm water drain': 0, 'Emergency': 0, 'Immediate': 0, 'IM': 0, 'AE': 0, 'A E': 0, 'AAPDA MITRA': 0, 'Bridge': 0, 'River': 0, 'Drain': 0, 'Restoration': 0, 'Protection': 0, 'irr': 0, 'irrigation': 0, 'dam': 0, 'Nallah': 0, 'Retrofitting': 0, 'Pond': 0, 'Pokhari': 0, 'D/C': 0, 'Recharge shaft': 0, 'LFB': 0, 'RFB': 0}","{'Floodlight': 0, 'Flood Light': 0, 'GAS': 0, 'FIFA': 0, 'pipe': 0, 'pipes': 0, 'covid': 0, 'supply': 0, 'Beautification': 0, 'Installation': 0}",,,False,True,Immediate Measures
8669,NIT - 05/2020 - 2021 / Group -01,"Group -01 Supplying Spare Parts of IM II & IM III Handpumps (confirming to IS 15500/ 2004 with latest ammendments), including all taxes and FOR upto Divisional Store of P. H. Division, SAMASTIPUR","Group -01 Supplying Spare Parts of IM II & IM III Handpumps (confirming to IS 15500/ 2004 with latest ammendments), including all taxes and FOR upto Divisional Store of P. H. Division, SAMASTIPUR",3924670.0,INR,INR,2021-03-07 13:29:15+00:00,2021-03-07T13:00:24.183000+00:00,2021-04-18T04:13:11+00:00,KUMAR ABHISHEK,EE,P.H DIVISION SAMASTIPUR,BHADURPUR PANI TANKI CAMPUS SAMASTIPUR,KUMAR ABHISHEK,EE,P.H DIVISION SAMASTIPUR,80000.0,5000.0,590.0,True,"{'Flood': 0, 'Embankment': 0, 'embkt': 0, 'Relief': 0, 'Erosion': 0, 'SDRF': 0, 'Inundation': 0, 'Hydrology': 0, 'Silt': 0, 'Siltation': 0, 'Bund': 0, 'Trench': 0, 'Breach': 0, 'Culvert': 0, 'Sluice': 0, 'Dyke': 0, 'Storm water drain': 0, 'Emergency': 0, 'Immediate': 0, 'IM': 4, 'AE': 0, 'A E': 0, 'AAPDA MITRA': 0, 'Bridge': 0, 'River': 0, 'Drain': 0, 'Restoration': 0, 'Protection': 0, 'irr': 0, 'irrigation': 0, 'dam': 0, 'Nallah': 0, 'Retrofitting': 0, 'Pond': 0, 'Pokhari': 0, 'D/C': 0, 'Recharge shaft': 0, 'LFB': 0, 'RFB': 0}","{'Floodlight': 0, 'Flood Light': 0, 'GAS': 0, 'FIFA': 0, 'pipe': 0, 'pipes': 0, 'covid': 0, 'supply': 0, 'Beautification': 0, 'Installation': 0}",,,False,False,Immediate Measures
8768,NIT/09/2020/21/GR01,WARD NO 01 SADHU SAH KE GHAR SE MATHURA MALI KE GHAR TAK RCC DRAIN NIRMAN KARYA,WARD NO 01 SADHU SAH KE GHAR SE MATHURA MALI KE GHAR TAK RCC DRAIN NIRMAN KARYA,2445809.0,INR,INR,2021-03-13 18:25:25+00:00,2021-03-12T04:04:23.167000+00:00,2021-04-04T18:19:14+00:00,EXECUTIVE OFFICER BAGAHA,EXECUTIVE OFFICER BAGAHA,NAGAR PARISHAD BAGAHA,NAGAR PARISHAD BAGAHA,"Executive officer,Bagaha","EXECUTIVE OFFICER, BAGAHA",NAGAR PARISHAD BAGAHA,50000.0,5000.0,590.0,True,"{'Flood': 0, 'Embankment': 0, 'embkt': 0, 'Relief': 0, 'Erosion': 0, 'SDRF': 0, 'Inundation': 0, 'Hydrology': 0, 'Silt': 0, 'Siltation': 0, 'Bund': 0, 'Trench': 0, 'Breach': 0, 'Culvert': 0, 'Sluice': 0, 'Dyke': 0, 'Storm water drain': 0, 'Emergency': 0, 'Immediate': 0, 'IM': 0, 'AE': 0, 'A E': 0, 'AAPDA MITRA': 0, 'Bridge': 0, 'River': 0, 'Drain': 2, 'Restoration': 0, 'Protection': 0, 'irr': 0, 'irrigation': 0, 'dam': 0, 'Nallah': 0, 'Retrofitting': 0, 'Pond': 0, 'Pokhari': 0, 'D/C': 0, 'Recharge shaft': 0, 'LFB': 0, 'RFB': 0}","{'Floodlight': 0, 'Flood Light': 0, 'GAS': 0, 'FIFA': 0, 'pipe': 0, 'pipes': 0, 'covid': 0, 'supply': 0, 'Beautification': 0, 'Installation': 0}",,,False,True,Immediate Measures
8771,NIT-08/2020-21/NPR-GR40,Construction of drain from Niranjan Upadhyay's house to Bazaar Kund Road in Ward No. 19.,Construction of drain from Niranjan Upadhyay's house to Bazaar Kund Road in Ward No. 19.,533500.0,INR,INR,2021-03-12 05:22:16+00:00,2021-03-12T05:19:00.519000+00:00,2021-04-07T07:00:03+00:00,"EXECUTIVE OFFICER, RAJGIR",EO,NAGAR PANCHAYAT RAJGIR,VEERAYAT ROAD RAJGIR,"EXECUTIVE OFFICER, RAJGIR",EO,NAGAR PANCHAYAT RAJGIR,11000.0,750.0,590.0,True,"{'Flood': 0, 'Embankment': 0, 'embkt': 0, 'Relief': 0, 'Erosion': 0, 'SDRF': 0, 'Inundation': 0, 'Hydrology': 0, 'Silt': 0, 'Siltation': 0, 'Bund': 0, 'Trench': 0, 'Breach': 0, 'Culvert': 0, 'Sluice': 0, 'Dyke': 0, 'Storm water drain': 0, 'Emergency': 0, 'Immediate': 0, 'IM': 0, 'AE': 0, 'A E': 0, 'AAPDA MITRA': 0, 'Bridge': 0, 'River': 0, 'Drain': 2, 'Restoration': 0, 'Protection': 0, 'irr': 0, 'irrigation': 0, 'dam': 0, 'Nallah': 0, 'Retrofitting': 0, 'Pond': 0, 'Pokhari': 0, 'D/C': 0, 'Recharge shaft': 0, 'LFB': 0, 'RFB': 0}","{'Floodlight': 0, 'Flood Light': 0, 'GAS': 0, 'FIFA': 0, 'pipe': 0, 'pipes': 0, 'covid': 0, 'supply': 0, 'Beautification': 0, 'Installation': 0}",,,False,True,Immediate Measures
8789,NPM-NIT-07/2020-21-GR15,Construction of Paver Block road  & RCC Drain from REO Road via Bindeswari Singh House via Alihasn House to Amant Hissain house house ward no. - 3 under Nagar Panchayat Mehsi,Construction of Paver Block road  & RCC Drain from REO Road via Bindeswari Singh House via Alihasn House to Amant Hissain house house ward no. - 3 under Nagar Panchayat Mehsi,255300.0,INR,INR,2021-03-12 09:30:50+00:00,2021-03-12T09:26:44.545000+00:00,2022-12-26T12:26:41+00:00,"EXECUTIVE OFFICER, MEHSI",EO,NAGAR PANCHAYAT MEHSI,NAGAR PANCHAYAT MEHSI,"EXECUTIVE OFFICER, MEHSI",EO,NAGAR PANCHAYAT MEHSI,5200.0,1500.0,590.0,True,"{'Flood': 0, 'Embankment': 0, 'embkt': 0, 'Relief': 0, 'Erosion': 0, 'SDRF': 0, 'Inundation': 0, 'Hydrology': 0, 'Silt': 0, 'Siltation': 0, 'Bund': 0, 'Trench': 0, 'Breach': 0, 'Culvert': 0, 'Sluice': 0, 'Dyke': 0, 'Storm water drain': 0, 'Emergency': 0, 'Immediate': 0, 'IM': 0, 'AE': 0, 'A E': 0, 'AAPDA MITRA': 0, 'Bridge': 0, 'River': 0, 'Drain': 2, 'Restoration': 0, 'Protection': 0, 'irr': 0, 'irrigation': 0, 'dam': 0, 'Nallah': 0, 'Retrofitting': 0, 'Pond': 0, 'Pokhari': 0, 'D/C': 0, 'Recharge shaft': 0, 'LFB': 0, 'RFB': 0}","{'Floodlight': 0, 'Flood Light': 0, 'GAS': 0, 'FIFA': 0, 'pipe': 0, 'pipes': 0, 'covid': 0, 'supply': 0, 'Beautification': 0, 'Installation': 0}",,,False,True,Immediate Measures
8791,NPM-NIT-07/2020-21-GR16,Construction of Paver Block road  & RCC Drain from Ghariyarichak Laxman Pandit house  via Jayprakash Pandit to Aiyharaj house ward no. - 3 under Nagar Panchayat Mehsi,Construction of Paver Block road  & RCC Drain from Ghariyarichak Laxman Pandit house  via Jayprakash Pandit to Aiyharaj house ward no. - 3 under Nagar Panchayat Mehsi,274000.0,INR,INR,2021-03-12 09:36:10+00:00,2021-03-12T09:32:15.793000+00:00,2022-08-23T12:23:52+00:00,"EXECUTIVE OFFICER, MEHSI",EO,NAGAR PANCHAYAT MEHSI,NAGAR PANCHAYAT MEHSI,"EXECUTIVE OFFICER, MEHSI",EO,NAGAR PANCHAYAT MEHSI,5500.0,1500.0,590.0,True,"{'Flood': 0, 'Embankment': 0, 'embkt': 0, 'Relief': 0, 'Erosion': 0, 'SDRF': 0, 'Inundation': 0, 'Hydrology': 0, 'Silt': 0, 'Siltation': 0, 'Bund': 0, 'Trench': 0, 'Breach': 0, 'Culvert': 0, 'Sluice': 0, 'Dyke': 0, 'Storm water drain': 0, 'Emergency': 0, 'Immediate': 0, 'IM': 0, 'AE': 0, 'A E': 0, 'AAPDA MITRA': 0, 'Bridge': 0, 'River': 0, 'Drain': 2, 'Restoration': 0, 'Protection': 0, 'irr': 0, 'irrigation': 0, 'dam': 0, 'Nallah': 0, 'Retrofitting': 0, 'Pond': 0, 'Pokhari': 0, 'D/C': 0, 'Recharge shaft': 0, 'LFB': 0, 'RFB': 0}","{'Floodlight': 0, 'Flood Light': 0, 'GAS': 0, 'FIFA': 0, 'pipe': 0, 'pipes': 0, 'covid': 0, 'supply': 0, 'Beautification': 0, 'Installation': 0}",,,False,True,Immediate Measures
8794,NPM-NIT-07/2020-21-GR19,Construction of Paver Block road  & RCC Drain from REO Road to Anil Kumar Singh house ward no. -3 under Nagar Panchayat Mehsi,Construction of Paver Block road  & RCC Drain from REO Road to Anil Kumar Singh house ward no. -3 under Nagar Panchayat Mehsi,784000.0,INR,INR,2021-03-12 09:50:09+00:00,2021-03-12T09:46:14.224000+00:00,2022-08-23T15:19:17+00:00,"EXECUTIVE OFFICER, MEHSI",EO,NAGAR PANCHAYAT MEHSI,NAGAR PANCHAYAT MEHSI,"EXECUTIVE OFFICER, MEHSI",EO,NAGAR PANCHAYAT MEHSI,15700.0,2500.0,590.0,True,"{'Flood': 0, 'Embankment': 0, 'embkt': 0, 'Relief': 0, 'Erosion': 0, 'SDRF': 0, 'Inundation': 0, 'Hydrology': 0, 'Silt': 0, 'Siltation': 0, 'Bund': 0, 'Trench': 0, 'Breach': 0, 'Culvert': 0, 'Sluice': 0, 'Dyke': 0, 'Storm water drain': 0, 'Emergency': 0, 'Immediate': 0, 'IM': 0, 'AE': 0, 'A E': 0, 'AAPDA MITRA': 0, 'Bridge': 0, 'River': 0, 'Drain': 2, 'Restoration': 0, 'Protection': 0, 'irr': 0, 'irrigation': 0, 'dam': 0, 'Nallah': 0, 'Retrofitting': 0, 'Pond': 0, 'Pokhari': 0, 'D/C': 0, 'Recharge shaft': 0, 'LFB': 0, 'RFB': 0}","{'Floodlight': 0, 'Flood Light': 0, 'GAS': 0, 'FIFA': 0, 'pipe': 0, 'pipes': 0, 'covid': 0, 'supply': 0, 'Beautification': 0, 'Installation': 0}",,,False,True,Immediate Measures
8799,NPM-NIT-07/2020-21-GR23,Construction of Paver Block road  & RCC Drain from PWD Road to Md Mahboo Hussain house ward no. - 3 under Nagar Panchayat Mehsi,Construction of Paver Block road  & RCC Drain from PWD Road to Md Mahboo Hussain house ward no. - 3 under Nagar Panchayat Mehsi,265300.0,INR,INR,2021-03-12 10:22:35+00:00,2021-03-12T10:07:09.948000+00:00,2021-03-24T10:38:16+00:00,"EXECUTIVE OFFICER, MEHSI",EO,NAGAR PANCHAYAT MEHSI,NAGAR PANCHAYAT MEHSI,"EXECUTIVE OFFICER, MEHSI",EO,NAGAR PANCHAYAT MEHSI,5400.0,1500.0,590.0,True,"{'Flood': 0, 'Embankment': 0, 'embkt': 0, 'Relief': 0, 'Erosion': 0, 'SDRF': 0, 'Inundation': 0, 'Hydrology': 0, 'Silt': 0, 'Siltation': 0, 'Bund': 0, 'Trench': 0, 'Breach': 0, 'Culvert': 0, 'Sluice': 0, 'Dyke': 0, 'Storm water drain': 0, 'Emergency': 0, 'Immediate': 0, 'IM': 0, 'AE': 0, 'A E': 0, 'AAPDA MITRA': 0, 'Bridge': 0, 'River': 0, 'Drain': 2, 'Restoration': 0, 'Protection': 0, 'irr': 0, 'irrigation': 0, 'dam': 0, 'Nallah': 0, 'Retrofitting': 0, 'Pond': 0, 'Pokhari': 0, 'D/C': 0, 'Recharge shaft': 0, 'LFB': 0, 'RFB': 0}","{'Floodlight': 0, 'Flood Light': 0, 'GAS': 0, 'FIFA': 0, 'pipe': 0, 'pipes': 0, 'covid': 0, 'supply': 0, 'Beautification': 0, 'Installation': 0}",,,False,True,Immediate Measures
8798,NPM-NIT-07/2020-21-GR22,Construction of Paver Block road  & RCC Drain from PWD Road house to Dilip Mishra house ward no. - 3 under Nagar Panchayat Mehsi,Construction of Paver Block road  & RCC Drain from PWD Road house to Dilip Mishra house ward no. - 3 under Nagar Panchayat Mehsi,444200.0,INR,INR,2021-03-12 10:06:38+00:00,2021-03-12T10:02:37.615000+00:00,2022-08-23T15:13:00+00:00,"EXECUTIVE OFFICER, MEHSI",EO,NAGAR PANCHAYAT MEHSI,NAGAR PANCHAYAT MEHSI,"EXECUTIVE OFFICER, MEHSI",EO,NAGAR PANCHAYAT MEHSI,9000.0,1500.0,590.0,True,"{'Flood': 0, 'Embankment': 0, 'embkt': 0, 'Relief': 0, 'Erosion': 0, 'SDRF': 0, 'Inundation': 0, 'Hydrology': 0, 'Silt': 0, 'Siltation': 0, 'Bund': 0, 'Trench': 0, 'Breach': 0, 'Culvert': 0, 'Sluice': 0, 'Dyke': 0, 'Storm water drain': 0, 'Emergency': 0, 'Immediate': 0, 'IM': 0, 'AE': 0, 'A E': 0, 'AAPDA MITRA': 0, 'Bridge': 0, 'River': 0, 'Drain': 2, 'Restoration': 0, 'Protection': 0, 'irr': 0, 'irrigation': 0, 'dam': 0, 'Nallah': 0, 'Retrofitting': 0, 'Pond': 0, 'Pokhari': 0, 'D/C': 0, 'Recharge shaft': 0, 'LFB': 0, 'RFB': 0}","{'Floodlight': 0, 'Flood Light': 0, 'GAS': 0, 'FIFA': 0, 'pipe': 0, 'pipes': 0, 'covid': 0, 'supply': 0, 'Beautification': 0, 'Installation': 0}",,,False,True,Immediate Measures
8796,NPM-NIT-07/2020-21-GR21,Construction of RCC drain with cover slab from Suresh Rawut house  to Ramashankar Singh house in ward no. - 3 under Nagar Panchayat Mehsi,Construction of RCC drain with cover slab from Suresh Rawut house  to Ramashankar Singh house in ward no. - 3 under Nagar Panchayat Mehsi,520600.0,INR,INR,2021-03-12 10:01:51+00:00,2021-03-12T09:57:57.806000+00:00,2021-03-24T10:21:48+00:00,"EXECUTIVE OFFICER, MEHSI",EO,NAGAR PANCHAYAT MEHSI,NAGAR PANCHAYAT MEHSI,"EXECUTIVE OFFICER, MEHSI",EO,NAGAR PANCHAYAT MEHSI,10500.0,2500.0,590.0,True,"{'Flood': 0, 'Embankment': 0, 'embkt': 0, 'Relief': 0, 'Erosion': 0, 'SDRF': 0, 'Inundation': 0, 'Hydrology': 0, 'Silt': 0, 'Siltation': 0, 'Bund': 0, 'Trench': 0, 'Breach': 0, 'Culvert': 0, 'Sluice': 0, 'Dyke': 0, 'Storm water drain': 0, 'Emergency': 0, 'Immediate': 0, 'IM': 0, 'AE': 0, 'A E': 0, 'AAPDA MITRA': 0, 'Bridge': 0, 'River': 0, 'Drain': 2, 'Restoration': 0, 'Protection': 0, 'irr': 0, 'irrigation': 0, 'dam': 0, 'Nallah': 0, 'Retrofitting': 0, 'Pond': 0, 'Pokhari': 0, 'D/C': 0, 'Recharge shaft': 0, 'LFB': 0, 'RFB': 0}","{'Floodlight': 0, 'Flood Light': 0, 'GAS': 0, 'FIFA': 0, 'pipe': 0, 'pipes': 0, 'covid': 0, 'supply': 0, 'Beautification': 0, 'Installation': 0}",,,False,True,Immediate Measures
8795,NPM-NIT-07/2020-21-GR20,Construction of RCC drain with cover slab from Lakhindra Thakur house  to Rajeshwar Sharma house in ward no. - 3 under Nagar Panchayat Mehsi,Construction of RCC drain with cover slab from Lakhindra Thakur house  to Rajeshwar Sharma house in ward no. - 3 under Nagar Panchayat Mehsi,372700.0,INR,INR,2021-03-12 09:57:25+00:00,2021-03-12T09:50:58.646000+00:00,2021-03-24T10:13:11+00:00,"EXECUTIVE OFFICER, MEHSI",EO,NAGAR PANCHAYAT MEHSI,NAGAR PANCHAYAT MEHSI,"EXECUTIVE OFFICER, MEHSI",EO,NAGAR PANCHAYAT MEHSI,7500.0,1500.0,590.0,True,"{'Flood': 0, 'Embankment': 0, 'embkt': 0, 'Relief': 0, 'Erosion': 0, 'SDRF': 0, 'Inundation': 0, 'Hydrology': 0, 'Silt': 0, 'Siltation': 0, 'Bund': 0, 'Trench': 0, 'Breach': 0, 'Culvert': 0, 'Sluice': 0, 'Dyke': 0, 'Storm water drain': 0, 'Emergency': 0, 'Immediate': 0, 'IM': 0, 'AE': 0, 'A E': 0, 'AAPDA MITRA': 0, 'Bridge': 0, 'River': 0, 'Drain': 2, 'Restoration': 0, 'Protection': 0, 'irr': 0, 'irrigation': 0, 'dam': 0, 'Nallah': 0, 'Retrofitting': 0, 'Pond': 0, 'Pokhari': 0, 'D/C': 0, 'Recharge shaft': 0, 'LFB': 0, 'RFB': 0}","{'Floodlight': 0, 'Flood Light': 0, 'GAS': 0, 'FIFA': 0, 'pipe': 0, 'pipes': 0, 'covid': 0, 'supply': 0, 'Beautification': 0, 'Installation': 0}",,,False,True,Immediate Measures
8792,NPM-NIT-07/2020-21-GR17,Construction of Paver Block road  & RCC Drain from Laxman Pandit house to Sitaram Pandit house ward no. - 3 under Nagar Panchayat Mehsi,Construction of Paver Block road  & RCC Drain from Laxman Pandit house to Sitaram Pandit house ward no. - 3 under Nagar Panchayat Mehsi,495700.0,INR,INR,2021-03-12 09:40:37+00:00,2021-03-12T09:36:49.270000+00:00,2022-08-23T14:59:19+00:00,"EXECUTIVE OFFICER, MEHSI",EO,NAGAR PANCHAYAT MEHSI,NAGAR PANCHAYAT MEHSI,"EXECUTIVE OFFICER, MEHSI",EO,NAGAR PANCHAYAT MEHSI,10000.0,1500.0,590.0,True,"{'Flood': 0, 'Embankment': 0, 'embkt': 0, 'Relief': 0, 'Erosion': 0, 'SDRF': 0, 'Inundation': 0, 'Hydrology': 0, 'Silt': 0, 'Siltation': 0, 'Bund': 0, 'Trench': 0, 'Breach': 0, 'Culvert': 0, 'Sluice': 0, 'Dyke': 0, 'Storm water drain': 0, 'Emergency': 0, 'Immediate': 0, 'IM': 0, 'AE': 0, 'A E': 0, 'AAPDA MITRA': 0, 'Bridge': 0, 'River': 0, 'Drain': 2, 'Restoration': 0, 'Protection': 0, 'irr': 0, 'irrigation': 0, 'dam': 0, 'Nallah': 0, 'Retrofitting': 0, 'Pond': 0, 'Pokhari': 0, 'D/C': 0, 'Recharge shaft': 0, 'LFB': 0, 'RFB': 0}","{'Floodlight': 0, 'Flood Light': 0, 'GAS': 0, 'FIFA': 0, 'pipe': 0, 'pipes': 0, 'covid': 0, 'supply': 0, 'Beautification': 0, 'Installation': 0}",,,False,True,Immediate Measures
8793,NPM-NIT-07/2020-21-GR18,Construction of RCC drain with cover slab from REO Raod to Laxman Pandit house in ward no. - 3 under Nagar Panchayat Mehsi,Construction of RCC drain with cover slab from REO Raod to Laxman Pandit house in ward no. - 3 under Nagar Panchayat Mehsi,288600.0,INR,INR,2021-03-12 09:45:18+00:00,2021-03-12T09:41:24.059000+00:00,2021-03-24T09:59:18+00:00,"EXECUTIVE OFFICER, MEHSI",EO,NAGAR PANCHAYAT MEHSI,NAGAR PANCHAYAT MEHSI,"EXECUTIVE OFFICER, MEHSI",EO,NAGAR PANCHAYAT MEHSI,5800.0,1500.0,590.0,True,"{'Flood': 0, 'Embankment': 0, 'embkt': 0, 'Relief': 0, 'Erosion': 0, 'SDRF': 0, 'Inundation': 0, 'Hydrology': 0, 'Silt': 0, 'Siltation': 0, 'Bund': 0, 'Trench': 0, 'Breach': 0, 'Culvert': 0, 'Sluice': 0, 'Dyke': 0, 'Storm water drain': 0, 'Emergency': 0, 'Immediate': 0, 'IM': 0, 'AE': 0, 'A E': 0, 'AAPDA MITRA': 0, 'Bridge': 0, 'River': 0, 'Drain': 2, 'Restoration': 0, 'Protection': 0, 'irr': 0, 'irrigation': 0, 'dam': 0, 'Nallah': 0, 'Retrofitting': 0, 'Pond': 0, 'Pokhari': 0, 'D/C': 0, 'Recharge shaft': 0, 'LFB': 0, 'RFB': 0}","{'Floodlight': 0, 'Flood Light': 0, 'GAS': 0, 'FIFA': 0, 'pipe': 0, 'pipes': 0, 'covid': 0, 'supply': 0, 'Beautification': 0, 'Installation': 0}",,,False,True,Immediate Measures
8803,NPM-NIT-07/2020-21-GR27,Construction of Paver Block road  & RCC Drain from  August Samark Pustakalay  via Sarvesh Kumar to PWD Road ward no. - 4 under Nagar Panchayat Mehsi,Construction of Paver Block road  & RCC Drain from  August Samark Pustakalay  via Sarvesh Kumar to PWD Road ward no. - 4 under Nagar Panchayat Mehsi,495700.0,INR,INR,2021-03-12 11:05:06+00:00,2021-03-12T11:01:17.034000+00:00,2022-07-11T09:09:47+00:00,"EXECUTIVE OFFICER, MEHSI",EO,NAGAR PANCHAYAT MEHSI,NAGAR PANCHAYAT MEHSI,"EXECUTIVE OFFICER, MEHSI",EO,NAGAR PANCHAYAT MEHSI,10000.0,1500.0,590.0,True,"{'Flood': 0, 'Embankment': 0, 'embkt': 0, 'Relief': 0, 'Erosion': 0, 'SDRF': 0, 'Inundation': 0, 'Hydrology': 0, 'Silt': 0, 'Siltation': 0, 'Bund': 0, 'Trench': 0, 'Breach': 0, 'Culvert': 0, 'Sluice': 0, 'Dyke': 0, 'Storm water drain': 0, 'Emergency': 0, 'Immediate': 0, 'IM': 0, 'AE': 0, 'A E': 0, 'AAPDA MITRA': 0, 'Bridge': 0, 'River': 0, 'Drain': 2, 'Restoration': 0, 'Protection': 0, 'irr': 0, 'irrigation': 0, 'dam': 0, 'Nallah': 0, 'Retrofitting': 0, 'Pond': 0, 'Pokhari': 0, 'D/C': 0, 'Recharge shaft': 0, 'LFB': 0, 'RFB': 0}","{'Floodlight': 0, 'Flood Light': 0, 'GAS': 0, 'FIFA': 0, 'pipe': 0, 'pipes': 0, 'covid': 0, 'supply': 0, 'Beautification': 0, 'Installation': 0}",,,False,True,Immediate Measures
8801,NIT-15EPCD/2020-21-GR01,Construction of P.C.C Road & R.C.C Drain from Shanti Niketan to Nahar Par under Ward no. 70 in Patna City  Division PMC Patna.,Construction of P.C.C Road & R.C.C Drain from Shanti Niketan to Nahar Par under Ward no. 70 in Patna City  Division PMC Patna.,9049650.0,INR,INR,2021-03-12 11:50:12+00:00,2021-03-12T10:38:41.333000+00:00,2021-06-23T07:08:03+00:00,"Ramswarup Prasad, EXECUTIVE ENGINEER",EE,"PATNA CITY DIVISION, PMC","PATNA CITY DIVISION, MEENA BAZAR, SHERSHAH PATH, PATNA-07","Ramswarup Prasad, EXECUTIVE ENGINEER",EE,"PATNA CITY DIVISION, PMC",181000.0,10000.0,3540.0,True,"{'Flood': 0, 'Embankment': 0, 'embkt': 0, 'Relief': 0, 'Erosion': 0, 'SDRF': 0, 'Inundation': 0, 'Hydrology': 0, 'Silt': 0, 'Siltation': 0, 'Bund': 0, 'Trench': 0, 'Breach': 0, 'Culvert': 0, 'Sluice': 0, 'Dyke': 0, 'Storm water drain': 0, 'Emergency': 0, 'Immediate': 0, 'IM': 0, 'AE': 0, 'A E': 0, 'AAPDA MITRA': 0, 'Bridge': 0, 'River': 0, 'Drain': 2, 'Restoration': 0, 'Protection': 0, 'irr': 0, 'irrigation': 0, 'dam': 0, 'Nallah': 0, 'Retrofitting': 0, 'Pond': 0, 'Pokhari': 0, 'D/C': 0, 'Recharge shaft': 0, 'LFB': 0, 'RFB': 0}","{'Floodlight': 0, 'Flood Light': 0, 'GAS': 0, 'FIFA': 0, 'pipe': 0, 'pipes': 0, 'covid': 0, 'supply': 0, 'Beautification': 0, 'Installation': 0}",,,False,True,Immediate Measures
8804,NPM-NIT-07/2020-21-GR28,Construction of RCC drain with cover slab from Barj Bihari house Via Sita Kunwar house to Sanjay Chowdhary house in ward no. - 4 under Nagar Panchayat Mehsi,Construction of RCC drain with cover slab from Barj Bihari house Via Sita Kunwar house to Sanjay Chowdhary house in ward no. - 4 under Nagar Panchayat Mehsi,310500.0,INR,INR,2021-03-12 11:09:21+00:00,2021-03-12T11:05:37.081000+00:00,2022-08-23T14:20:18+00:00,"EXECUTIVE OFFICER, MEHSI",EO,NAGAR PANCHAYAT MEHSI,NAGAR PANCHAYAT MEHSI,"EXECUTIVE OFFICER, MEHSI",EO,NAGAR PANCHAYAT MEHSI,6300.0,1500.0,590.0,True,"{'Flood': 0, 'Embankment': 0, 'embkt': 0, 'Relief': 0, 'Erosion': 0, 'SDRF': 0, 'Inundation': 0, 'Hydrology': 0, 'Silt': 0, 'Siltation': 0, 'Bund': 0, 'Trench': 0, 'Breach': 0, 'Culvert': 0, 'Sluice': 0, 'Dyke': 0, 'Storm water drain': 0, 'Emergency': 0, 'Immediate': 0, 'IM': 0, 'AE': 0, 'A E': 0, 'AAPDA MITRA': 0, 'Bridge': 0, 'River': 0, 'Drain': 2, 'Restoration': 0, 'Protection': 0, 'irr': 0, 'irrigation': 0, 'dam': 0, 'Nallah': 0, 'Retrofitting': 0, 'Pond': 0, 'Pokhari': 0, 'D/C': 0, 'Recharge shaft': 0, 'LFB': 0, 'RFB': 0}","{'Floodlight': 0, 'Flood Light': 0, 'GAS': 0, 'FIFA': 0, 'pipe': 0, 'pipes': 0, 'covid': 0, 'supply': 0, 'Beautification': 0, 'Installation': 0}",,,False,True,Immediate Measures
8807,NPR-13/2020-21-GR-03,Construction of RCC Cover Slab of Drain from infront the SDO Court Gate (Lohiya Nagar Durga Mandir) to Holi Mission School Turning for the year 2020-21,Construction of RCC Cover Slab of Drain from infront the SDO Court Gate (Lohiya Nagar Durga Mandir) to Holi Mission School Turning for the year 2020-21,95852.0,INR,INR,2021-03-12 12:02:00+00:00,2021-03-12T11:39:59.938000+00:00,2021-03-14T09:31:00+00:00,"EXECUTIVE OFFICER, RAMGARH",EXECUTIVE OFFICER RAMGARH,NAGAR PANCHAYAT RAMGARH,DEWHALIA ROAD RAMGARH,"EXECUTIVE OFFICER, ROSERA",EO,ROSERA NAGAR PANCHAYAT,2000.0,500.0,590.0,True,"{'Flood': 0, 'Embankment': 0, 'embkt': 0, 'Relief': 0, 'Erosion': 0, 'SDRF': 0, 'Inundation': 0, 'Hydrology': 0, 'Silt': 0, 'Siltation': 0, 'Bund': 0, 'Trench': 0, 'Breach': 0, 'Culvert': 0, 'Sluice': 0, 'Dyke': 0, 'Storm water drain': 0, 'Emergency': 0, 'Immediate': 0, 'IM': 0, 'AE': 0, 'A E': 0, 'AAPDA MITRA': 0, 'Bridge': 0, 'River': 0, 'Drain': 2, 'Restoration': 0, 'Protection': 0, 'irr': 0, 'irrigation': 0, 'dam': 0, 'Nallah': 0, 'Retrofitting': 0, 'Pond': 0, 'Pokhari': 0, 'D/C': 0, 'Recharge shaft': 0, 'LFB': 0, 'RFB': 0}","{'Floodlight': 0, 'Flood Light': 0, 'GAS': 0, 'FIFA': 0, 'pipe': 0, 'pipes': 0, 'covid': 0, 'supply': 0, 'Beautification': 0, 'Installation': 0}",,,False,True,Immediate Measures
8810,NIT-05/2020-21,"DRAIN REPAIRING & TOILET CONSTRUCTION NEAR TOWN HALL,
WARD NO- 26","DRAIN REPAIRING & TOILET CONSTRUCTION NEAR TOWN HALL,
WARD NO- 26",1447350.0,INR,INR,2021-03-12 14:20:54+00:00,2021-03-12T14:11:23.276000+00:00,2021-06-21T10:06:35+00:00,MUNCIPAL COMMISSIONER MUNGER,MC,NAGAR NIGAM MUNGER,NAGAR NIGAM TOWN HALL ROAD MUNGER,MUNCIPAL COMMISSIONER MUNGER,MC,NAGAR NIGAM MUNGER,29000.0,2500.0,590.0,True,"{'Flood': 0, 'Embankment': 0, 'embkt': 0, 'Relief': 0, 'Erosion': 0, 'SDRF': 0, 'Inundation': 0, 'Hydrology': 0, 'Silt': 0, 'Siltation': 0, 'Bund': 0, 'Trench': 0, 'Breach': 0, 'Culvert': 0, 'Sluice': 0, 'Dyke': 0, 'Storm water drain': 0, 'Emergency': 0, 'Immediate': 0, 'IM': 0, 'AE': 0, 'A E': 0, 'AAPDA MITRA': 0, 'Bridge': 0, 'River': 0, 'Drain': 2, 'Restoration': 0, 'Protection': 0, 'irr': 0, 'irrigation': 0, 'dam': 0, 'Nallah': 0, 'Retrofitting': 0, 'Pond': 0, 'Pokhari': 0, 'D/C': 0, 'Recharge shaft': 0, 'LFB': 0, 'RFB': 0}","{'Floodlight': 0, 'Flood Light': 0, 'GAS': 0, 'FIFA': 0, 'pipe': 0, 'pipes': 0, 'covid': 0, 'supply': 0, 'Beautification': 0, 'Installation': 0}",,,False,True,Repair and Restoration
8817,NIT-05/2020-21/6,"DRAIN AT MAKSASPUR MAIN ROAD NEAR OIL GODOWN, WARD NO.- 38
& 39.","DRAIN AT MAKSASPUR MAIN ROAD NEAR OIL GODOWN, WARD NO.- 38
& 39.",131000.0,INR,INR,2021-03-12 14:41:02+00:00,2021-03-12T14:38:36.482000+00:00,2021-03-23T07:03:37+00:00,MUNCIPAL COMMISSIONER MUNGER,MC,NAGAR NIGAM MUNGER,NAGAR NIGAM TOWN HALL ROAD MUNGER,MUNCIPAL COMMISSIONER MUNGER,MC,NAGAR NIGAM MUNGER,2700.0,500.0,590.0,True,"{'Flood': 0, 'Embankment': 0, 'embkt': 0, 'Relief': 0, 'Erosion': 0, 'SDRF': 0, 'Inundation': 0, 'Hydrology': 0, 'Silt': 0, 'Siltation': 0, 'Bund': 0, 'Trench': 0, 'Breach': 0, 'Culvert': 0, 'Sluice': 0, 'Dyke': 0, 'Storm water drain': 0, 'Emergency': 0, 'Immediate': 0, 'IM': 0, 'AE': 0, 'A E': 0, 'AAPDA MITRA': 0, 'Bridge': 0, 'River': 0, 'Drain': 2, 'Restoration': 0, 'Protection': 0, 'irr': 0, 'irrigation': 0, 'dam': 0, 'Nallah': 0, 'Retrofitting': 0, 'Pond': 0, 'Pokhari': 0, 'D/C': 0, 'Recharge shaft': 0, 'LFB': 0, 'RFB': 0}","{'Floodlight': 0, 'Flood Light': 0, 'GAS': 0, 'FIFA': 0, 'pipe': 0, 'pipes': 0, 'covid': 0, 'supply': 0, 'Beautification': 0, 'Installation': 0}",,,False,True,Others
8839,NPM-NIT-07/2020-21-GR39,Construction of RCC drain with cover slab in Chapra Govind from Sekh Rahim House  to Alludin Khan in ward no. - 6 under Nagar Panchayat Mehsi,Construction of RCC drain with cover slab in Chapra Govind from Sekh Rahim House  to Alludin Khan in ward no. - 6 under Nagar Panchayat Mehsi,997500.0,INR,INR,2021-03-13 10:06:56+00:00,2021-03-13T09:58:18.594000+00:00,2022-08-23T13:35:28+00:00,"EXECUTIVE OFFICER, MEHSI",EO,NAGAR PANCHAYAT MEHSI,NAGAR PANCHAYAT MEHSI,"EXECUTIVE OFFICER, MEHSI",EO,NAGAR PANCHAYAT MEHSI,20000.0,2500.0,590.0,True,"{'Flood': 0, 'Embankment': 0, 'embkt': 0, 'Relief': 0, 'Erosion': 0, 'SDRF': 0, 'Inundation': 0, 'Hydrology': 0, 'Silt': 0, 'Siltation': 0, 'Bund': 0, 'Trench': 0, 'Breach': 0, 'Culvert': 0, 'Sluice': 0, 'Dyke': 0, 'Storm water drain': 0, 'Emergency': 0, 'Immediate': 0, 'IM': 0, 'AE': 0, 'A E': 0, 'AAPDA MITRA': 0, 'Bridge': 0, 'River': 0, 'Drain': 2, 'Restoration': 0, 'Protection': 0, 'irr': 0, 'irrigation': 0, 'dam': 0, 'Nallah': 0, 'Retrofitting': 0, 'Pond': 0, 'Pokhari': 0, 'D/C': 0, 'Recharge shaft': 0, 'LFB': 0, 'RFB': 0}","{'Floodlight': 0, 'Flood Light': 0, 'GAS': 0, 'FIFA': 0, 'pipe': 0, 'pipes': 0, 'covid': 0, 'supply': 0, 'Beautification': 0, 'Installation': 0}",,,False,True,Immediate Measures
8841,NPM-NIT-07/2020-21-GR40,Construction of RCC drain with cover slab from Alludin House via Samdpura Kabristhan  to Ijhar House  in ward no. - 6 under Nagar Panchayat Mehsi,Construction of RCC drain with cover slab from Alludin House via Samdpura Kabristhan  to Ijhar House  in ward no. - 6 under Nagar Panchayat Mehsi,2326700.0,INR,INR,2021-03-13 10:14:37+00:00,2021-03-13T10:07:27.281000+00:00,2021-03-25T06:13:05+00:00,"EXECUTIVE OFFICER, MEHSI",EO,NAGAR PANCHAYAT MEHSI,NAGAR PANCHAYAT MEHSI,"EXECUTIVE OFFICER, MEHSI",EO,NAGAR PANCHAYAT MEHSI,46600.0,5000.0,590.0,True,"{'Flood': 0, 'Embankment': 0, 'embkt': 0, 'Relief': 0, 'Erosion': 0, 'SDRF': 0, 'Inundation': 0, 'Hydrology': 0, 'Silt': 0, 'Siltation': 0, 'Bund': 0, 'Trench': 0, 'Breach': 0, 'Culvert': 0, 'Sluice': 0, 'Dyke': 0, 'Storm water drain': 0, 'Emergency': 0, 'Immediate': 0, 'IM': 0, 'AE': 0, 'A E': 0, 'AAPDA MITRA': 0, 'Bridge': 0, 'River': 0, 'Drain': 2, 'Restoration': 0, 'Protection': 0, 'irr': 0, 'irrigation': 0, 'dam': 0, 'Nallah': 0, 'Retrofitting': 0, 'Pond': 0, 'Pokhari': 0, 'D/C': 0, 'Recharge shaft': 0, 'LFB': 0, 'RFB': 0}","{'Floodlight': 0, 'Flood Light': 0, 'GAS': 0, 'FIFA': 0, 'pipe': 0, 'pipes': 0, 'covid': 0, 'supply': 0, 'Beautification': 0, 'Installation': 0}",,,False,True,Immediate Measures
8844,NPM-NIT-07/2020-21-GR42,Construction of Paver Block road  & RCC Drain from Akbar ali Ansari land via Md Isad land via Sah Alam & Nesar Alam land via Md Noor Alam Ansari Land to Khursida Khatoon Land house ward no. - 7 under Nagar Panchayat Mehsi,Construction of Paver Block road  & RCC Drain from Akbar ali Ansari land via Md Isad land via Sah Alam & Nesar Alam land via Md Noor Alam Ansari Land to Khursida Khatoon Land house ward no. - 7 under Nagar Panchayat Mehsi,523000.0,INR,INR,2021-03-13 10:31:26+00:00,2021-03-13T10:23:20.308000+00:00,2021-03-25T07:55:50+00:00,"EXECUTIVE OFFICER, MEHSI",EO,NAGAR PANCHAYAT MEHSI,NAGAR PANCHAYAT MEHSI,"EXECUTIVE OFFICER, MEHSI",EO,NAGAR PANCHAYAT MEHSI,10500.0,2500.0,590.0,True,"{'Flood': 0, 'Embankment': 0, 'embkt': 0, 'Relief': 0, 'Erosion': 0, 'SDRF': 0, 'Inundation': 0, 'Hydrology': 0, 'Silt': 0, 'Siltation': 0, 'Bund': 0, 'Trench': 0, 'Breach': 0, 'Culvert': 0, 'Sluice': 0, 'Dyke': 0, 'Storm water drain': 0, 'Emergency': 0, 'Immediate': 0, 'IM': 0, 'AE': 0, 'A E': 0, 'AAPDA MITRA': 0, 'Bridge': 0, 'River': 0, 'Drain': 2, 'Restoration': 0, 'Protection': 0, 'irr': 0, 'irrigation': 0, 'dam': 0, 'Nallah': 0, 'Retrofitting': 0, 'Pond': 0, 'Pokhari': 0, 'D/C': 0, 'Recharge shaft': 0, 'LFB': 0, 'RFB': 0}","{'Floodlight': 0, 'Flood Light': 0, 'GAS': 0, 'FIFA': 0, 'pipe': 0, 'pipes': 0, 'covid': 0, 'supply': 0, 'Beautification': 0, 'Installation': 0}",,,False,True,Immediate Measures
8848,NPM-NIT-07/2020-21-GR46,Construction of RCC drain with cover slab from Vinod Gupta house via Narayan Mahto housevia Bindra Mahto house via Ali Ahmad house  to Bhulan Ansari house in ward no. - 8 under Nagar Panchayat Mehsi,Construction of RCC drain with cover slab from Vinod Gupta house via Narayan Mahto housevia Bindra Mahto house via Ali Ahmad house  to Bhulan Ansari house in ward no. - 8 under Nagar Panchayat Mehsi,694700.0,INR,INR,2021-03-13 10:56:54+00:00,2021-03-13T10:51:41.633000+00:00,2021-03-25T09:13:17+00:00,"EXECUTIVE OFFICER, MEHSI",EO,NAGAR PANCHAYAT MEHSI,NAGAR PANCHAYAT MEHSI,"EXECUTIVE OFFICER, MEHSI",EO,NAGAR PANCHAYAT MEHSI,13900.0,2500.0,590.0,True,"{'Flood': 0, 'Embankment': 0, 'embkt': 0, 'Relief': 0, 'Erosion': 0, 'SDRF': 0, 'Inundation': 0, 'Hydrology': 0, 'Silt': 0, 'Siltation': 0, 'Bund': 0, 'Trench': 0, 'Breach': 0, 'Culvert': 0, 'Sluice': 0, 'Dyke': 0, 'Storm water drain': 0, 'Emergency': 0, 'Immediate': 0, 'IM': 0, 'AE': 0, 'A E': 0, 'AAPDA MITRA': 0, 'Bridge': 0, 'River': 0, 'Drain': 2, 'Restoration': 0, 'Protection': 0, 'irr': 0, 'irrigation': 0, 'dam': 0, 'Nallah': 0, 'Retrofitting': 0, 'Pond': 0, 'Pokhari': 0, 'D/C': 0, 'Recharge shaft': 0, 'LFB': 0, 'RFB': 0}","{'Floodlight': 0, 'Flood Light': 0, 'GAS': 0, 'FIFA': 0, 'pipe': 0, 'pipes': 0, 'covid': 0, 'supply': 0, 'Beautification': 0, 'Installation': 0}",,,False,True,Immediate Measures
8850,NPM-NIT-07/2020-21-GR48,Construction of Paver Block road  & RCC Drain from Dharmendra Thakur house to Ranjit Thakur house ward no. - 9 under Nagar Panchayat Mehsi,Construction of Paver Block road  & RCC Drain from Dharmendra Thakur house to Ranjit Thakur house ward no. - 9 under Nagar Panchayat Mehsi,114500.0,INR,INR,2021-03-13 11:11:56+00:00,2021-03-13T11:05:16.280000+00:00,2021-03-25T09:35:42+00:00,"EXECUTIVE OFFICER, MEHSI",EO,NAGAR PANCHAYAT MEHSI,NAGAR PANCHAYAT MEHSI,"EXECUTIVE OFFICER, MEHSI",EO,NAGAR PANCHAYAT MEHSI,2300.0,1500.0,590.0,True,"{'Flood': 0, 'Embankment': 0, 'embkt': 0, 'Relief': 0, 'Erosion': 0, 'SDRF': 0, 'Inundation': 0, 'Hydrology': 0, 'Silt': 0, 'Siltation': 0, 'Bund': 0, 'Trench': 0, 'Breach': 0, 'Culvert': 0, 'Sluice': 0, 'Dyke': 0, 'Storm water drain': 0, 'Emergency': 0, 'Immediate': 0, 'IM': 0, 'AE': 0, 'A E': 0, 'AAPDA MITRA': 0, 'Bridge': 0, 'River': 0, 'Drain': 2, 'Restoration': 0, 'Protection': 0, 'irr': 0, 'irrigation': 0, 'dam': 0, 'Nallah': 0, 'Retrofitting': 0, 'Pond': 0, 'Pokhari': 0, 'D/C': 0, 'Recharge shaft': 0, 'LFB': 0, 'RFB': 0}","{'Floodlight': 0, 'Flood Light': 0, 'GAS': 0, 'FIFA': 0, 'pipe': 0, 'pipes': 0, 'covid': 0, 'supply': 0, 'Beautification': 0, 'Installation': 0}",,,False,True,Immediate Measures
8853,NPM-NIT-07/2020-21-GR51,Construction of Paver Block road  & RCC Drain from Kasba Mehsi Primary school to Murli Manohar Math  ward no. - 10 under Nagar Panchayat Mehsi,Construction of Paver Block road  & RCC Drain from Kasba Mehsi Primary school to Murli Manohar Math  ward no. - 10 under Nagar Panchayat Mehsi,1247800.0,INR,INR,2021-03-13 16:28:35+00:00,2021-03-13T16:18:35.224000+00:00,2021-03-25T10:21:24+00:00,"EXECUTIVE OFFICER, MEHSI",EO,NAGAR PANCHAYAT MEHSI,NAGAR PANCHAYAT MEHSI,"EXECUTIVE OFFICER, MEHSI",EO,NAGAR PANCHAYAT MEHSI,25000.0,5000.0,590.0,True,"{'Flood': 0, 'Embankment': 0, 'embkt': 0, 'Relief': 0, 'Erosion': 0, 'SDRF': 0, 'Inundation': 0, 'Hydrology': 0, 'Silt': 0, 'Siltation': 0, 'Bund': 0, 'Trench': 0, 'Breach': 0, 'Culvert': 0, 'Sluice': 0, 'Dyke': 0, 'Storm water drain': 0, 'Emergency': 0, 'Immediate': 0, 'IM': 0, 'AE': 0, 'A E': 0, 'AAPDA MITRA': 0, 'Bridge': 0, 'River': 0, 'Drain': 2, 'Restoration': 0, 'Protection': 0, 'irr': 0, 'irrigation': 0, 'dam': 0, 'Nallah': 0, 'Retrofitting': 0, 'Pond': 0, 'Pokhari': 0, 'D/C': 0, 'Recharge shaft': 0, 'LFB': 0, 'RFB': 0}","{'Floodlight': 0, 'Flood Light': 0, 'GAS': 0, 'FIFA': 0, 'pipe': 0, 'pipes': 0, 'covid': 0, 'supply': 0, 'Beautification': 0, 'Installation': 0}",,,False,True,Immediate Measures
8854,NPM-NIT-07/2020-21-GR52,Construction of Paver Block road  & RCC Drain from Umesh Chowdhary house  via Suresh Chowdhary to Sita Chowdhary house ward no. - 10 under Nagar Panchayat Mehsi,Construction of Paver Block road  & RCC Drain from Umesh Chowdhary house  via Suresh Chowdhary to Sita Chowdhary house ward no. - 10 under Nagar Panchayat Mehsi,569800.0,INR,INR,2021-03-13 16:37:26+00:00,2021-03-13T16:29:30.976000+00:00,2021-03-22T11:31:00+00:00,"EXECUTIVE OFFICER, MEHSI",EO,NAGAR PANCHAYAT MEHSI,NAGAR PANCHAYAT MEHSI,"EXECUTIVE OFFICER, MEHSI",EO,NAGAR PANCHAYAT MEHSI,11400.0,2500.0,590.0,True,"{'Flood': 0, 'Embankment': 0, 'embkt': 0, 'Relief': 0, 'Erosion': 0, 'SDRF': 0, 'Inundation': 0, 'Hydrology': 0, 'Silt': 0, 'Siltation': 0, 'Bund': 0, 'Trench': 0, 'Breach': 0, 'Culvert': 0, 'Sluice': 0, 'Dyke': 0, 'Storm water drain': 0, 'Emergency': 0, 'Immediate': 0, 'IM': 0, 'AE': 0, 'A E': 0, 'AAPDA MITRA': 0, 'Bridge': 0, 'River': 0, 'Drain': 2, 'Restoration': 0, 'Protection': 0, 'irr': 0, 'irrigation': 0, 'dam': 0, 'Nallah': 0, 'Retrofitting': 0, 'Pond': 0, 'Pokhari': 0, 'D/C': 0, 'Recharge shaft': 0, 'LFB': 0, 'RFB': 0}","{'Floodlight': 0, 'Flood Light': 0, 'GAS': 0, 'FIFA': 0, 'pipe': 0, 'pipes': 0, 'covid': 0, 'supply': 0, 'Beautification': 0, 'Installation': 0}",,,False,True,Immediate Measures
8858,NIT/09/2020/21/GR03,WARD NO 02 KALI ASTHAN MANDIR SE RAMADHAR SAHANI KE GHAR TAK PCC SADAK AND RCC DRAIN NIRMAN KARYA,WARD NO 02 KALI ASTHAN MANDIR SE RAMADHAR SAHANI KE GHAR TAK PCC SADAK AND RCC DRAIN NIRMAN KARYA,2967800.0,INR,INR,2021-03-14 04:09:38+00:00,2021-03-13T18:35:45.386000+00:00,2021-04-04T17:55:12+00:00,EXECUTIVE OFFICER BAGAHA,EXECUTIVE OFFICER BAGAHA,NAGAR PARISHAD BAGAHA,NAGAR PARISHAD BAGAHA,"Executive officer,Bagaha","EXECUTIVE OFFICER, BAGAHA",NAGAR PARISHAD BAGAHA,60000.0,5000.0,590.0,True,"{'Flood': 0, 'Embankment': 0, 'embkt': 0, 'Relief': 0, 'Erosion': 0, 'SDRF': 0, 'Inundation': 0, 'Hydrology': 0, 'Silt': 0, 'Siltation': 0, 'Bund': 0, 'Trench': 0, 'Breach': 0, 'Culvert': 0, 'Sluice': 0, 'Dyke': 0, 'Storm water drain': 0, 'Emergency': 0, 'Immediate': 0, 'IM': 0, 'AE': 0, 'A E': 0, 'AAPDA MITRA': 0, 'Bridge': 0, 'River': 0, 'Drain': 2, 'Restoration': 0, 'Protection': 0, 'irr': 0, 'irrigation': 0, 'dam': 0, 'Nallah': 0, 'Retrofitting': 0, 'Pond': 0, 'Pokhari': 0, 'D/C': 0, 'Recharge shaft': 0, 'LFB': 0, 'RFB': 0}","{'Floodlight': 0, 'Flood Light': 0, 'GAS': 0, 'FIFA': 0, 'pipe': 0, 'pipes': 0, 'covid': 0, 'supply': 0, 'Beautification': 0, 'Installation': 0}",,,False,True,Immediate Measures
8856,NPM-NIT-07/2020-21-GR54,Construction of Paver Block road  & RCC Drain from Babulal Sah house to Alam Kuresi house ward no. - 13 under Nagar Panchayat Mehsi,Construction of Paver Block road  & RCC Drain from Babulal Sah house to Alam Kuresi house ward no. - 13 under Nagar Panchayat Mehsi,214400.0,INR,INR,2021-03-14 01:23:01+00:00,2021-03-13T16:46:50.140000+00:00,2022-08-23T14:38:31+00:00,"EXECUTIVE OFFICER, MEHSI",EO,NAGAR PANCHAYAT MEHSI,NAGAR PANCHAYAT MEHSI,"EXECUTIVE OFFICER, MEHSI",EO,NAGAR PANCHAYAT MEHSI,4300.0,1500.0,590.0,True,"{'Flood': 0, 'Embankment': 0, 'embkt': 0, 'Relief': 0, 'Erosion': 0, 'SDRF': 0, 'Inundation': 0, 'Hydrology': 0, 'Silt': 0, 'Siltation': 0, 'Bund': 0, 'Trench': 0, 'Breach': 0, 'Culvert': 0, 'Sluice': 0, 'Dyke': 0, 'Storm water drain': 0, 'Emergency': 0, 'Immediate': 0, 'IM': 0, 'AE': 0, 'A E': 0, 'AAPDA MITRA': 0, 'Bridge': 0, 'River': 0, 'Drain': 2, 'Restoration': 0, 'Protection': 0, 'irr': 0, 'irrigation': 0, 'dam': 0, 'Nallah': 0, 'Retrofitting': 0, 'Pond': 0, 'Pokhari': 0, 'D/C': 0, 'Recharge shaft': 0, 'LFB': 0, 'RFB': 0}","{'Floodlight': 0, 'Flood Light': 0, 'GAS': 0, 'FIFA': 0, 'pipe': 0, 'pipes': 0, 'covid': 0, 'supply': 0, 'Beautification': 0, 'Installation': 0}",,,False,True,Immediate Measures
8864,NPM-NIT-07/2020-21-GR56,Construction of Paver Block road  & RCC Drain from Md Anwar house to Md Taiyab house ward no. - 13 under Nagar Panchayat Mehsi,Construction of Paver Block road  & RCC Drain from Md Anwar house to Md Taiyab house ward no. - 13 under Nagar Panchayat Mehsi,286600.0,INR,INR,2021-03-14 01:37:36+00:00,2021-03-14T01:31:45.606000+00:00,2022-08-23T12:06:03+00:00,"EXECUTIVE OFFICER, MEHSI",EO,NAGAR PANCHAYAT MEHSI,NAGAR PANCHAYAT MEHSI,"EXECUTIVE OFFICER, MEHSI",EO,NAGAR PANCHAYAT MEHSI,5800.0,1500.0,590.0,True,"{'Flood': 0, 'Embankment': 0, 'embkt': 0, 'Relief': 0, 'Erosion': 0, 'SDRF': 0, 'Inundation': 0, 'Hydrology': 0, 'Silt': 0, 'Siltation': 0, 'Bund': 0, 'Trench': 0, 'Breach': 0, 'Culvert': 0, 'Sluice': 0, 'Dyke': 0, 'Storm water drain': 0, 'Emergency': 0, 'Immediate': 0, 'IM': 0, 'AE': 0, 'A E': 0, 'AAPDA MITRA': 0, 'Bridge': 0, 'River': 0, 'Drain': 2, 'Restoration': 0, 'Protection': 0, 'irr': 0, 'irrigation': 0, 'dam': 0, 'Nallah': 0, 'Retrofitting': 0, 'Pond': 0, 'Pokhari': 0, 'D/C': 0, 'Recharge shaft': 0, 'LFB': 0, 'RFB': 0}","{'Floodlight': 0, 'Flood Light': 0, 'GAS': 0, 'FIFA': 0, 'pipe': 0, 'pipes': 0, 'covid': 0, 'supply': 0, 'Beautification': 0, 'Installation': 0}",,,False,True,Immediate Measures
8863,NPM-NIT-07/2020-21-GR55,Construction of Paver Block road  & RCC Drain from Md Abdul house to Allihasan house ward no. - 13 under Nagar Panchayat Mehsi,Construction of Paver Block road  & RCC Drain from Md Abdul house to Allihasan house ward no. - 13 under Nagar Panchayat Mehsi,252300.0,INR,INR,2021-03-14 01:30:38+00:00,2021-03-14T01:23:32.720000+00:00,2022-08-23T14:32:14+00:00,"EXECUTIVE OFFICER, MEHSI",EO,NAGAR PANCHAYAT MEHSI,NAGAR PANCHAYAT MEHSI,"EXECUTIVE OFFICER, MEHSI",EO,NAGAR PANCHAYAT MEHSI,5100.0,1500.0,590.0,True,"{'Flood': 0, 'Embankment': 0, 'embkt': 0, 'Relief': 0, 'Erosion': 0, 'SDRF': 0, 'Inundation': 0, 'Hydrology': 0, 'Silt': 0, 'Siltation': 0, 'Bund': 0, 'Trench': 0, 'Breach': 0, 'Culvert': 0, 'Sluice': 0, 'Dyke': 0, 'Storm water drain': 0, 'Emergency': 0, 'Immediate': 0, 'IM': 0, 'AE': 0, 'A E': 0, 'AAPDA MITRA': 0, 'Bridge': 0, 'River': 0, 'Drain': 2, 'Restoration': 0, 'Protection': 0, 'irr': 0, 'irrigation': 0, 'dam': 0, 'Nallah': 0, 'Retrofitting': 0, 'Pond': 0, 'Pokhari': 0, 'D/C': 0, 'Recharge shaft': 0, 'LFB': 0, 'RFB': 0}","{'Floodlight': 0, 'Flood Light': 0, 'GAS': 0, 'FIFA': 0, 'pipe': 0, 'pipes': 0, 'covid': 0, 'supply': 0, 'Beautification': 0, 'Installation': 0}",,,False,True,Immediate Measures
8865,NPM-NIT-07/2020-21-GR57,Construction of Paver Block road  & RCC Drain from Md Aslam house house to Shambhu Sah house ward no. - 13 under Nagar Panchayat Mehsi,Construction of Paver Block road  & RCC Drain from Md Aslam house house to Shambhu Sah house ward no. - 13 under Nagar Panchayat Mehsi,302300.0,INR,INR,2021-03-14 01:42:43+00:00,2021-03-14T01:38:28.502000+00:00,2022-08-23T13:03:35+00:00,"EXECUTIVE OFFICER, MEHSI",EO,NAGAR PANCHAYAT MEHSI,NAGAR PANCHAYAT MEHSI,"EXECUTIVE OFFICER, MEHSI",EO,NAGAR PANCHAYAT MEHSI,6100.0,1500.0,590.0,True,"{'Flood': 0, 'Embankment': 0, 'embkt': 0, 'Relief': 0, 'Erosion': 0, 'SDRF': 0, 'Inundation': 0, 'Hydrology': 0, 'Silt': 0, 'Siltation': 0, 'Bund': 0, 'Trench': 0, 'Breach': 0, 'Culvert': 0, 'Sluice': 0, 'Dyke': 0, 'Storm water drain': 0, 'Emergency': 0, 'Immediate': 0, 'IM': 0, 'AE': 0, 'A E': 0, 'AAPDA MITRA': 0, 'Bridge': 0, 'River': 0, 'Drain': 2, 'Restoration': 0, 'Protection': 0, 'irr': 0, 'irrigation': 0, 'dam': 0, 'Nallah': 0, 'Retrofitting': 0, 'Pond': 0, 'Pokhari': 0, 'D/C': 0, 'Recharge shaft': 0, 'LFB': 0, 'RFB': 0}","{'Floodlight': 0, 'Flood Light': 0, 'GAS': 0, 'FIFA': 0, 'pipe': 0, 'pipes': 0, 'covid': 0, 'supply': 0, 'Beautification': 0, 'Installation': 0}",,,False,True,Immediate Measures
8867,NPM-NIT-07/2020-21-GR59,Construction of RCC drain with cover slab from Md Alli Mohmad house to Md Hasmudin House in ward no. - 13 under Nagar Panchayat Mehsi,Construction of RCC drain with cover slab from Md Alli Mohmad house to Md Hasmudin House in ward no. - 13 under Nagar Panchayat Mehsi,1226000.0,INR,INR,2021-03-14 01:52:58+00:00,2021-03-14T01:48:07.584000+00:00,2022-09-28T10:36:09+00:00,"EXECUTIVE OFFICER, MEHSI",EO,NAGAR PANCHAYAT MEHSI,NAGAR PANCHAYAT MEHSI,"EXECUTIVE OFFICER, MEHSI",EO,NAGAR PANCHAYAT MEHSI,24600.0,5000.0,590.0,True,"{'Flood': 0, 'Embankment': 0, 'embkt': 0, 'Relief': 0, 'Erosion': 0, 'SDRF': 0, 'Inundation': 0, 'Hydrology': 0, 'Silt': 0, 'Siltation': 0, 'Bund': 0, 'Trench': 0, 'Breach': 0, 'Culvert': 0, 'Sluice': 0, 'Dyke': 0, 'Storm water drain': 0, 'Emergency': 0, 'Immediate': 0, 'IM': 0, 'AE': 0, 'A E': 0, 'AAPDA MITRA': 0, 'Bridge': 0, 'River': 0, 'Drain': 2, 'Restoration': 0, 'Protection': 0, 'irr': 0, 'irrigation': 0, 'dam': 0, 'Nallah': 0, 'Retrofitting': 0, 'Pond': 0, 'Pokhari': 0, 'D/C': 0, 'Recharge shaft': 0, 'LFB': 0, 'RFB': 0}","{'Floodlight': 0, 'Flood Light': 0, 'GAS': 0, 'FIFA': 0, 'pipe': 0, 'pipes': 0, 'covid': 0, 'supply': 0, 'Beautification': 0, 'Installation': 0}",,,False,True,Immediate Measures
8866,NPM-NIT-07/2020-21-GR58,Construction of Paver Block road  & RCC Drain from Shivmangal Baba House to Anwar Miya house ward no. - 13 under Nagar Panchayat Mehsi,Construction of Paver Block road  & RCC Drain from Shivmangal Baba House to Anwar Miya house ward no. - 13 under Nagar Panchayat Mehsi,1441400.0,INR,INR,2021-03-14 01:47:27+00:00,2021-03-14T01:43:10.308000+00:00,2021-03-26T05:46:48+00:00,"EXECUTIVE OFFICER, MEHSI",EO,NAGAR PANCHAYAT MEHSI,NAGAR PANCHAYAT MEHSI,"EXECUTIVE OFFICER, MEHSI",EO,NAGAR PANCHAYAT MEHSI,28900.0,5000.0,590.0,True,"{'Flood': 0, 'Embankment': 0, 'embkt': 0, 'Relief': 0, 'Erosion': 0, 'SDRF': 0, 'Inundation': 0, 'Hydrology': 0, 'Silt': 0, 'Siltation': 0, 'Bund': 0, 'Trench': 0, 'Breach': 0, 'Culvert': 0, 'Sluice': 0, 'Dyke': 0, 'Storm water drain': 0, 'Emergency': 0, 'Immediate': 0, 'IM': 0, 'AE': 0, 'A E': 0, 'AAPDA MITRA': 0, 'Bridge': 0, 'River': 0, 'Drain': 2, 'Restoration': 0, 'Protection': 0, 'irr': 0, 'irrigation': 0, 'dam': 0, 'Nallah': 0, 'Retrofitting': 0, 'Pond': 0, 'Pokhari': 0, 'D/C': 0, 'Recharge shaft': 0, 'LFB': 0, 'RFB': 0}","{'Floodlight': 0, 'Flood Light': 0, 'GAS': 0, 'FIFA': 0, 'pipe': 0, 'pipes': 0, 'covid': 0, 'supply': 0, 'Beautification': 0, 'Installation': 0}",,,False,True,Immediate Measures
8868,NPM-NIT-07/2020-21-GR60,Construction of Paver Block road  & RCC Drain from Jahur MIya house to Assmohamad house ward no. - 14 under Nagar Panchayat Mehsi,Construction of Paver Block road  & RCC Drain from Jahur MIya house to Assmohamad house ward no. - 14 under Nagar Panchayat Mehsi,495700.0,INR,INR,2021-03-14 01:57:43+00:00,2021-03-14T01:53:28.574000+00:00,2023-02-13T06:38:00+00:00,"EXECUTIVE OFFICER, MEHSI",EO,NAGAR PANCHAYAT MEHSI,NAGAR PANCHAYAT MEHSI,"EXECUTIVE OFFICER, MEHSI",EO,NAGAR PANCHAYAT MEHSI,10000.0,1500.0,590.0,True,"{'Flood': 0, 'Embankment': 0, 'embkt': 0, 'Relief': 0, 'Erosion': 0, 'SDRF': 0, 'Inundation': 0, 'Hydrology': 0, 'Silt': 0, 'Siltation': 0, 'Bund': 0, 'Trench': 0, 'Breach': 0, 'Culvert': 0, 'Sluice': 0, 'Dyke': 0, 'Storm water drain': 0, 'Emergency': 0, 'Immediate': 0, 'IM': 0, 'AE': 0, 'A E': 0, 'AAPDA MITRA': 0, 'Bridge': 0, 'River': 0, 'Drain': 2, 'Restoration': 0, 'Protection': 0, 'irr': 0, 'irrigation': 0, 'dam': 0, 'Nallah': 0, 'Retrofitting': 0, 'Pond': 0, 'Pokhari': 0, 'D/C': 0, 'Recharge shaft': 0, 'LFB': 0, 'RFB': 0}","{'Floodlight': 0, 'Flood Light': 0, 'GAS': 0, 'FIFA': 0, 'pipe': 0, 'pipes': 0, 'covid': 0, 'supply': 0, 'Beautification': 0, 'Installation': 0}",,,False,True,Immediate Measures
8869,NPM-NIT-07/2020-21-GR61,Construction of Paver Block road  & RCC Drain from Assmohamad house to Noor Alam house ward no. - 14 under Nagar Panchayat Mehsi,Construction of Paver Block road  & RCC Drain from Assmohamad house to Noor Alam house ward no. - 14 under Nagar Panchayat Mehsi,537000.0,INR,INR,2021-03-14 02:18:27+00:00,2021-03-14T01:58:23.097000+00:00,2021-03-26T06:16:35+00:00,"EXECUTIVE OFFICER, MEHSI",EO,NAGAR PANCHAYAT MEHSI,NAGAR PANCHAYAT MEHSI,"EXECUTIVE OFFICER, MEHSI",EO,NAGAR PANCHAYAT MEHSI,10800.0,2500.0,590.0,True,"{'Flood': 0, 'Embankment': 0, 'embkt': 0, 'Relief': 0, 'Erosion': 0, 'SDRF': 0, 'Inundation': 0, 'Hydrology': 0, 'Silt': 0, 'Siltation': 0, 'Bund': 0, 'Trench': 0, 'Breach': 0, 'Culvert': 0, 'Sluice': 0, 'Dyke': 0, 'Storm water drain': 0, 'Emergency': 0, 'Immediate': 0, 'IM': 0, 'AE': 0, 'A E': 0, 'AAPDA MITRA': 0, 'Bridge': 0, 'River': 0, 'Drain': 2, 'Restoration': 0, 'Protection': 0, 'irr': 0, 'irrigation': 0, 'dam': 0, 'Nallah': 0, 'Retrofitting': 0, 'Pond': 0, 'Pokhari': 0, 'D/C': 0, 'Recharge shaft': 0, 'LFB': 0, 'RFB': 0}","{'Floodlight': 0, 'Flood Light': 0, 'GAS': 0, 'FIFA': 0, 'pipe': 0, 'pipes': 0, 'covid': 0, 'supply': 0, 'Beautification': 0, 'Installation': 0}",,,False,True,Immediate Measures
8871,NPM-NIT-07/2020-21-GR63,Construction of Paver Block road  & RCC Drain from Nai Sarak Amit house to Dinesh Singh house ward no. - 14 under Nagar Panchayat Mehsi,Construction of Paver Block road  & RCC Drain from Nai Sarak Amit house to Dinesh Singh house ward no. - 14 under Nagar Panchayat Mehsi,537000.0,INR,INR,2021-03-14 02:29:15+00:00,2021-03-14T02:25:17.900000+00:00,2023-01-18T13:25:28+00:00,"EXECUTIVE OFFICER, MEHSI",EO,NAGAR PANCHAYAT MEHSI,NAGAR PANCHAYAT MEHSI,"EXECUTIVE OFFICER, MEHSI",EO,NAGAR PANCHAYAT MEHSI,10800.0,2500.0,590.0,True,"{'Flood': 0, 'Embankment': 0, 'embkt': 0, 'Relief': 0, 'Erosion': 0, 'SDRF': 0, 'Inundation': 0, 'Hydrology': 0, 'Silt': 0, 'Siltation': 0, 'Bund': 0, 'Trench': 0, 'Breach': 0, 'Culvert': 0, 'Sluice': 0, 'Dyke': 0, 'Storm water drain': 0, 'Emergency': 0, 'Immediate': 0, 'IM': 0, 'AE': 0, 'A E': 0, 'AAPDA MITRA': 0, 'Bridge': 0, 'River': 0, 'Drain': 2, 'Restoration': 0, 'Protection': 0, 'irr': 0, 'irrigation': 0, 'dam': 0, 'Nallah': 0, 'Retrofitting': 0, 'Pond': 0, 'Pokhari': 0, 'D/C': 0, 'Recharge shaft': 0, 'LFB': 0, 'RFB': 0}","{'Floodlight': 0, 'Flood Light': 0, 'GAS': 0, 'FIFA': 0, 'pipe': 0, 'pipes': 0, 'covid': 0, 'supply': 0, 'Beautification': 0, 'Installation': 0}",,,False,True,Immediate Measures
8870,NPM-NIT-07/2020-21-GR62,Construction of Paver Block road  & RCC Drain from Sailesh Srivastava House to Assmohmad house ward no. - 14 under Nagar Panchayat Mehsi,Construction of Paver Block road  & RCC Drain from Sailesh Srivastava House to Assmohmad house ward no. - 14 under Nagar Panchayat Mehsi,1371900.0,INR,INR,2021-03-14 02:24:46+00:00,2021-03-14T02:19:03.494000+00:00,2021-03-26T06:24:41+00:00,"EXECUTIVE OFFICER, MEHSI",EO,NAGAR PANCHAYAT MEHSI,NAGAR PANCHAYAT MEHSI,"EXECUTIVE OFFICER, MEHSI",EO,NAGAR PANCHAYAT MEHSI,27500.0,5000.0,590.0,True,"{'Flood': 0, 'Embankment': 0, 'embkt': 0, 'Relief': 0, 'Erosion': 0, 'SDRF': 0, 'Inundation': 0, 'Hydrology': 0, 'Silt': 0, 'Siltation': 0, 'Bund': 0, 'Trench': 0, 'Breach': 0, 'Culvert': 0, 'Sluice': 0, 'Dyke': 0, 'Storm water drain': 0, 'Emergency': 0, 'Immediate': 0, 'IM': 0, 'AE': 0, 'A E': 0, 'AAPDA MITRA': 0, 'Bridge': 0, 'River': 0, 'Drain': 2, 'Restoration': 0, 'Protection': 0, 'irr': 0, 'irrigation': 0, 'dam': 0, 'Nallah': 0, 'Retrofitting': 0, 'Pond': 0, 'Pokhari': 0, 'D/C': 0, 'Recharge shaft': 0, 'LFB': 0, 'RFB': 0}","{'Floodlight': 0, 'Flood Light': 0, 'GAS': 0, 'FIFA': 0, 'pipe': 0, 'pipes': 0, 'covid': 0, 'supply': 0, 'Beautification': 0, 'Installation': 0}",,,False,True,Immediate Measures
8872,NPM-NIT-07/2020-21-GR64,Construction of Paver Block road  & RCC Drain from Nai Sarka Main Road  to Prem Kumar house ward no. - 14 under Nagar Panchayat Mehsi,Construction of Paver Block road  & RCC Drain from Nai Sarka Main Road  to Prem Kumar house ward no. - 14 under Nagar Panchayat Mehsi,805500.0,INR,INR,2021-03-14 02:33:44+00:00,2021-03-14T02:29:53.660000+00:00,2021-03-22T11:31:00+00:00,"EXECUTIVE OFFICER, MEHSI",EO,NAGAR PANCHAYAT MEHSI,NAGAR PANCHAYAT MEHSI,"EXECUTIVE OFFICER, MEHSI",EO,NAGAR PANCHAYAT MEHSI,16200.0,2500.0,590.0,True,"{'Flood': 0, 'Embankment': 0, 'embkt': 0, 'Relief': 0, 'Erosion': 0, 'SDRF': 0, 'Inundation': 0, 'Hydrology': 0, 'Silt': 0, 'Siltation': 0, 'Bund': 0, 'Trench': 0, 'Breach': 0, 'Culvert': 0, 'Sluice': 0, 'Dyke': 0, 'Storm water drain': 0, 'Emergency': 0, 'Immediate': 0, 'IM': 0, 'AE': 0, 'A E': 0, 'AAPDA MITRA': 0, 'Bridge': 0, 'River': 0, 'Drain': 2, 'Restoration': 0, 'Protection': 0, 'irr': 0, 'irrigation': 0, 'dam': 0, 'Nallah': 0, 'Retrofitting': 0, 'Pond': 0, 'Pokhari': 0, 'D/C': 0, 'Recharge shaft': 0, 'LFB': 0, 'RFB': 0}","{'Floodlight': 0, 'Flood Light': 0, 'GAS': 0, 'FIFA': 0, 'pipe': 0, 'pipes': 0, 'covid': 0, 'supply': 0, 'Beautification': 0, 'Installation': 0}",,,False,True,Immediate Measures
8873,NPM-NIT-07/2020-21-GR65,Construction of Paver Block road  & RCC Drain from Zafroj Alam house to Motiurrahman house ward no. - 14 under Nagar Panchayat Mehsi,Construction of Paver Block road  & RCC Drain from Zafroj Alam house to Motiurrahman house ward no. - 14 under Nagar Panchayat Mehsi,555100.0,INR,INR,2021-03-14 02:38:44+00:00,2021-03-14T02:34:29.499000+00:00,2021-03-26T06:42:11+00:00,"EXECUTIVE OFFICER, MEHSI",EO,NAGAR PANCHAYAT MEHSI,NAGAR PANCHAYAT MEHSI,"EXECUTIVE OFFICER, MEHSI",EO,NAGAR PANCHAYAT MEHSI,11200.0,2500.0,590.0,True,"{'Flood': 0, 'Embankment': 0, 'embkt': 0, 'Relief': 0, 'Erosion': 0, 'SDRF': 0, 'Inundation': 0, 'Hydrology': 0, 'Silt': 0, 'Siltation': 0, 'Bund': 0, 'Trench': 0, 'Breach': 0, 'Culvert': 0, 'Sluice': 0, 'Dyke': 0, 'Storm water drain': 0, 'Emergency': 0, 'Immediate': 0, 'IM': 0, 'AE': 0, 'A E': 0, 'AAPDA MITRA': 0, 'Bridge': 0, 'River': 0, 'Drain': 2, 'Restoration': 0, 'Protection': 0, 'irr': 0, 'irrigation': 0, 'dam': 0, 'Nallah': 0, 'Retrofitting': 0, 'Pond': 0, 'Pokhari': 0, 'D/C': 0, 'Recharge shaft': 0, 'LFB': 0, 'RFB': 0}","{'Floodlight': 0, 'Flood Light': 0, 'GAS': 0, 'FIFA': 0, 'pipe': 0, 'pipes': 0, 'covid': 0, 'supply': 0, 'Beautification': 0, 'Installation': 0}",,,False,True,Immediate Measures
8874,NPM-NIT-07/2020-21-GR66,Construction of RCC drain with cover slab from Nai Mahjid to Samsad house in ward no. - 14 under Nagar Panchayat Mehsi,Construction of RCC drain with cover slab from Nai Mahjid to Samsad house in ward no. - 14 under Nagar Panchayat Mehsi,328600.0,INR,INR,2021-03-14 02:43:12+00:00,2021-03-14T02:39:18.129000+00:00,2023-01-30T07:00:05+00:00,"EXECUTIVE OFFICER, MEHSI",EO,NAGAR PANCHAYAT MEHSI,NAGAR PANCHAYAT MEHSI,"EXECUTIVE OFFICER, MEHSI",EO,NAGAR PANCHAYAT MEHSI,6600.0,1500.0,590.0,True,"{'Flood': 0, 'Embankment': 0, 'embkt': 0, 'Relief': 0, 'Erosion': 0, 'SDRF': 0, 'Inundation': 0, 'Hydrology': 0, 'Silt': 0, 'Siltation': 0, 'Bund': 0, 'Trench': 0, 'Breach': 0, 'Culvert': 0, 'Sluice': 0, 'Dyke': 0, 'Storm water drain': 0, 'Emergency': 0, 'Immediate': 0, 'IM': 0, 'AE': 0, 'A E': 0, 'AAPDA MITRA': 0, 'Bridge': 0, 'River': 0, 'Drain': 2, 'Restoration': 0, 'Protection': 0, 'irr': 0, 'irrigation': 0, 'dam': 0, 'Nallah': 0, 'Retrofitting': 0, 'Pond': 0, 'Pokhari': 0, 'D/C': 0, 'Recharge shaft': 0, 'LFB': 0, 'RFB': 0}","{'Floodlight': 0, 'Flood Light': 0, 'GAS': 0, 'FIFA': 0, 'pipe': 0, 'pipes': 0, 'covid': 0, 'supply': 0, 'Beautification': 0, 'Installation': 0}",,,False,True,Immediate Measures
8892,NIT/09/2020/21/GR23,WARD NO 13 ASHOK SAH KE GHAR SE NANDLAL GOND KE GHAR TAK PAVOR BLOCK SADAK AND DRAIN NIRMAN KARYA,WARD NO 13 ASHOK SAH KE GHAR SE NANDLAL GOND KE GHAR TAK PAVOR BLOCK SADAK AND DRAIN NIRMAN KARYA,862500.0,INR,INR,2021-03-14 11:12:26+00:00,2021-03-14T11:04:33.532000+00:00,2021-04-04T12:35:57+00:00,EXECUTIVE OFFICER BAGAHA,EXECUTIVE OFFICER BAGAHA,NAGAR PARISHAD BAGAHA,NAGAR PARISHAD BAGAHA,"Executive officer,Bagaha","EXECUTIVE OFFICER, BAGAHA",NAGAR PARISHAD BAGAHA,17500.0,1250.0,590.0,True,"{'Flood': 0, 'Embankment': 0, 'embkt': 0, 'Relief': 0, 'Erosion': 0, 'SDRF': 0, 'Inundation': 0, 'Hydrology': 0, 'Silt': 0, 'Siltation': 0, 'Bund': 0, 'Trench': 0, 'Breach': 0, 'Culvert': 0, 'Sluice': 0, 'Dyke': 0, 'Storm water drain': 0, 'Emergency': 0, 'Immediate': 0, 'IM': 0, 'AE': 0, 'A E': 0, 'AAPDA MITRA': 0, 'Bridge': 0, 'River': 0, 'Drain': 2, 'Restoration': 0, 'Protection': 0, 'irr': 0, 'irrigation': 0, 'dam': 0, 'Nallah': 0, 'Retrofitting': 0, 'Pond': 0, 'Pokhari': 0, 'D/C': 0, 'Recharge shaft': 0, 'LFB': 0, 'RFB': 0}","{'Floodlight': 0, 'Flood Light': 0, 'GAS': 0, 'FIFA': 0, 'pipe': 0, 'pipes': 0, 'covid': 0, 'supply': 0, 'Beautification': 0, 'Installation': 0}",,,False,True,Immediate Measures
8950,NIT - 07/2020 - 2021 / Group -01,"Group -01 Sinking of 125mm X 40 mm x 61 m (avg.) deep Tube Well with IM-II Hand Pump and Construction of UNICEF design PCC Platform and Drain,  in place of Old Defunct T/well , under State Plan Scheme within the jurisdiction of P.H. Division, Samastipur in the District of Samastipur for the Year 2020-21","Group -01 Sinking of 125mm X 40 mm x 61 m (avg.) deep Tube Well with IM-II Hand Pump and Construction of UNICEF design PCC Platform and Drain,  in place of Old Defunct T/well , under State Plan Scheme within the jurisdiction of P.H. Division, Samastipur in the District of Samastipur for the Year 2020-21",2560850.0,INR,INR,2021-03-15 09:18:10+00:00,2021-03-15T08:31:55.318000+00:00,2022-06-30T13:29:47+00:00,KUMAR ABHISHEK,EE,P.H DIVISION SAMASTIPUR,BHADURPUR PANI TANKI CAMPUS SAMASTIPUR,KUMAR ABHISHEK,EE,P.H DIVISION SAMASTIPUR,51500.0,5000.0,590.0,True,"{'Flood': 0, 'Embankment': 0, 'embkt': 0, 'Relief': 0, 'Erosion': 0, 'SDRF': 0, 'Inundation': 0, 'Hydrology': 0, 'Silt': 0, 'Siltation': 0, 'Bund': 0, 'Trench': 0, 'Breach': 0, 'Culvert': 0, 'Sluice': 0, 'Dyke': 0, 'Storm water drain': 0, 'Emergency': 0, 'Immediate': 0, 'IM': 2, 'AE': 0, 'A E': 0, 'AAPDA MITRA': 0, 'Bridge': 0, 'River': 0, 'Drain': 2, 'Restoration': 0, 'Protection': 0, 'irr': 0, 'irrigation': 0, 'dam': 0, 'Nallah': 0, 'Retrofitting': 0, 'Pond': 0, 'Pokhari': 0, 'D/C': 0, 'Recharge shaft': 0, 'LFB': 0, 'RFB': 0}","{'Floodlight': 0, 'Flood Light': 0, 'GAS': 0, 'FIFA': 0, 'pipe': 0, 'pipes': 0, 'covid': 0, 'supply': 0, 'Beautification': 0, 'Installation': 0}",,,False,True,Immediate Measures
8952,NIT - 07/2020 - 2021 / Group -02,"Group-02 Sinking of 125mm X 40 mm x 61 m (avg.) deep Tube Well with IM-II Hand Pump and Construction of UNICEF design PCC Platform and Drain,  in place of Old Defunct T/well , under State Plan Scheme within the jurisdiction of P.H. Division, Samastipur in the District of Samastipur for the Year 2020-21","Group-02 Sinking of 125mm X 40 mm x 61 m (avg.) deep Tube Well with IM-II Hand Pump and Construction of UNICEF design PCC Platform and Drain,  in place of Old Defunct T/well , under State Plan Scheme within the jurisdiction of P.H. Division, Samastipur in the District of Samastipur for the Year 2020-21",2560850.0,INR,INR,2021-03-15 10:38:38+00:00,2021-03-15T10:07:25.535000+00:00,2022-06-30T13:07:32+00:00,KUMAR ABHISHEK,EE,P.H DIVISION SAMASTIPUR,BHADURPUR PANI TANKI CAMPUS SAMASTIPUR,KUMAR ABHISHEK,EE,P.H DIVISION SAMASTIPUR,51500.0,5000.0,590.0,True,"{'Flood': 0, 'Embankment': 0, 'embkt': 0, 'Relief': 0, 'Erosion': 0, 'SDRF': 0, 'Inundation': 0, 'Hydrology': 0, 'Silt': 0, 'Siltation': 0, 'Bund': 0, 'Trench': 0, 'Breach': 0, 'Culvert': 0, 'Sluice': 0, 'Dyke': 0, 'Storm water drain': 0, 'Emergency': 0, 'Immediate': 0, 'IM': 2, 'AE': 0, 'A E': 0, 'AAPDA MITRA': 0, 'Bridge': 0, 'River': 0, 'Drain': 2, 'Restoration': 0, 'Protection': 0, 'irr': 0, 'irrigation': 0, 'dam': 0, 'Nallah': 0, 'Retrofitting': 0, 'Pond': 0, 'Pokhari': 0, 'D/C': 0, 'Recharge shaft': 0, 'LFB': 0, 'RFB': 0}","{'Floodlight': 0, 'Flood Light': 0, 'GAS': 0, 'FIFA': 0, 'pipe': 0, 'pipes': 0, 'covid': 0, 'supply': 0, 'Beautification': 0, 'Installation': 0}",,,False,True,Immediate Measures
8954,10/BCD/GARDANIBAGH/2020-21,"Construction of boundary wall at open land near pond of BMP surya mandir (4645 ft) and Construction of boundary wall at open land at aamkudha (2609 ft) in campus BVC, patna for the year 2020-21","Construction of boundary wall at open land near pond of BMP surya mandir (4645 ft) and Construction of boundary wall at open land at aamkudha (2609 ft) in campus BVC, patna for the year 2020-21",30046513.0,INR,INR,2021-03-15 11:19:33+00:00,2021-03-15T10:44:51.018000+00:00,2021-07-30T10:41:52+00:00,"Executive Engineer, BUILDING DIVISION GARDANIBAG",EE,"Gardanibagh Building Division,","EE, Gardanibagh Building Division, BCD PATNA, BIHAR","Superintending Engineer, South Bihar Circle",SE,South Bihar Circle,601000.0,10000.0,5900.0,True,"{'Flood': 0, 'Embankment': 0, 'embkt': 0, 'Relief': 0, 'Erosion': 0, 'SDRF': 0, 'Inundation': 0, 'Hydrology': 0, 'Silt': 0, 'Siltation': 0, 'Bund': 0, 'Trench': 0, 'Breach': 0, 'Culvert': 0, 'Sluice': 0, 'Dyke': 0, 'Storm water drain': 0, 'Emergency': 0, 'Immediate': 0, 'IM': 0, 'AE': 0, 'A E': 0, 'AAPDA MITRA': 0, 'Bridge': 0, 'River': 0, 'Drain': 0, 'Restoration': 0, 'Protection': 0, 'irr': 0, 'irrigation': 0, 'dam': 0, 'Nallah': 0, 'Retrofitting': 0, 'Pond': 2, 'Pokhari': 0, 'D/C': 0, 'Recharge shaft': 0, 'LFB': 0, 'RFB': 0}","{'Floodlight': 0, 'Flood Light': 0, 'GAS': 0, 'FIFA': 0, 'pipe': 0, 'pipes': 0, 'covid': 0, 'supply': 0, 'Beautification': 0, 'Installation': 0}",,,False,False,Others
8955,NIT - 07/2020 - 2021 / Group -03,"Group 03 - Sinking of 125mm X 40 mm x 61 m (avg.) deep Tube Well with IM-II Hand Pump and Construction of UNICEF design PCC Platform and Drain,  in place of Old Defunct T/well , under State Plan Scheme within the jurisdiction of P.H. Division, Samastipur in the District of Samastipur for the Year 2020-21 (as per Sub BOQ 1)","Group 03 - Sinking of 125mm X 40 mm x 61 m (avg.) deep Tube Well with IM-II Hand Pump and Construction of UNICEF design PCC Platform and Drain,  in place of Old Defunct T/well , under State Plan Scheme within the jurisdiction of P.H. Division, Samastipur in the District of Samastipur for the Year 2020-21 (as per Sub BOQ 1)",2560850.0,INR,INR,2021-03-15 11:11:29+00:00,2021-03-15T10:55:33.386000+00:00,2021-03-17T11:31:00+00:00,KUMAR ABHISHEK,EE,P.H DIVISION SAMASTIPUR,BHADURPUR PANI TANKI CAMPUS SAMASTIPUR,KUMAR ABHISHEK,EE,P.H DIVISION SAMASTIPUR,51500.0,5000.0,590.0,True,"{'Flood': 0, 'Embankment': 0, 'embkt': 0, 'Relief': 0, 'Erosion': 0, 'SDRF': 0, 'Inundation': 0, 'Hydrology': 0, 'Silt': 0, 'Siltation': 0, 'Bund': 0, 'Trench': 0, 'Breach': 0, 'Culvert': 0, 'Sluice': 0, 'Dyke': 0, 'Storm water drain': 0, 'Emergency': 0, 'Immediate': 0, 'IM': 2, 'AE': 0, 'A E': 0, 'AAPDA MITRA': 0, 'Bridge': 0, 'River': 0, 'Drain': 2, 'Restoration': 0, 'Protection': 0, 'irr': 0, 'irrigation': 0, 'dam': 0, 'Nallah': 0, 'Retrofitting': 0, 'Pond': 0, 'Pokhari': 0, 'D/C': 0, 'Recharge shaft': 0, 'LFB': 0, 'RFB': 0}","{'Floodlight': 0, 'Flood Light': 0, 'GAS': 0, 'FIFA': 0, 'pipe': 0, 'pipes': 0, 'covid': 0, 'supply': 0, 'Beautification': 0, 'Installation': 0}",,,False,True,Immediate Measures
8957,04/2020-21-GR-01/IMD-VALMIKINAGAR,"REPAIR , FABRICATION AND ERRECTION OF A. F. S. GATE, EMBADED, HOISTING ARRANGEMENT, PLATEFORM , APPROCH LADDER AND REPAIRING OF CIVIL STRUCTURE AT BAHUARA, GAD RIVER OF RAXAUL BLOCK.","REPAIR , FABRICATION AND ERRECTION OF A. F. S. GATE, EMBADED, HOISTING ARRANGEMENT, PLATEFORM , APPROCH LADDER AND REPAIRING OF CIVIL STRUCTURE AT BAHUARA, GAD RIVER OF RAXAUL BLOCK.",2940115.0,INR,INR,2021-03-16 05:30:17+00:00,2021-03-15T17:11:12.209000+00:00,2021-11-23T09:15:58+00:00,Abdul Quaiyum,Executive Engineer,Water Resource Department,Irrigation Mechanical Division Birpur,PRADIP KUMAR PASWAN,SE,WATER RESOURCE DEPARTMENT,58900.0,5000.0,590.0,True,"{'Flood': 0, 'Embankment': 0, 'embkt': 0, 'Relief': 0, 'Erosion': 0, 'SDRF': 0, 'Inundation': 0, 'Hydrology': 0, 'Silt': 0, 'Siltation': 0, 'Bund': 0, 'Trench': 0, 'Breach': 0, 'Culvert': 0, 'Sluice': 0, 'Dyke': 0, 'Storm water drain': 0, 'Emergency': 0, 'Immediate': 0, 'IM': 0, 'AE': 0, 'A E': 0, 'AAPDA MITRA': 0, 'Bridge': 0, 'River': 2, 'Drain': 0, 'Restoration': 0, 'Protection': 0, 'irr': 0, 'irrigation': 0, 'dam': 0, 'Nallah': 0, 'Retrofitting': 0, 'Pond': 0, 'Pokhari': 0, 'D/C': 0, 'Recharge shaft': 0, 'LFB': 0, 'RFB': 0}","{'Floodlight': 0, 'Flood Light': 0, 'GAS': 0, 'FIFA': 0, 'pipe': 0, 'pipes': 0, 'covid': 0, 'supply': 0, 'Beautification': 0, 'Installation': 0}",,,False,False,Immediate Measures
8962,KTR/NIT-13/2020-21-GR02,"CONSTRUCTION OF PCC ROAD, DRAIN AND SLAB FROM THE HOUSE OF SAKIM DEALER VIA MASJID THE HOUSE OF SAHID UPTO PCC ROAD  WARD NO.- 07 AT KATIHAR","CONSTRUCTION OF PCC ROAD, DRAIN AND SLAB FROM THE HOUSE OF SAKIM DEALER VIA MASJID THE HOUSE OF SAHID UPTO PCC ROAD  WARD NO.- 07 AT KATIHAR",2582466.0,INR,INR,2021-03-16 09:01:45+00:00,2021-03-16T08:17:10.371000+00:00,2021-04-01T06:25:21+00:00,"MUNICIPAL COMMISSIONER, KATIHAR",MCO,NAGAR NIGAM KATIHAR,SHAHID CHOWK KATIHAR,SOMESH BAHADUR MATHUR,MUNICIPAL COMMISSIONER BEGUSARAI,"BEGUSARAI Municipal Corporation, BEGUSARAI",51700.0,5000.0,590.0,True,"{'Flood': 0, 'Embankment': 0, 'embkt': 0, 'Relief': 0, 'Erosion': 0, 'SDRF': 0, 'Inundation': 0, 'Hydrology': 0, 'Silt': 0, 'Siltation': 0, 'Bund': 0, 'Trench': 0, 'Breach': 0, 'Culvert': 0, 'Sluice': 0, 'Dyke': 0, 'Storm water drain': 0, 'Emergency': 0, 'Immediate': 0, 'IM': 0, 'AE': 0, 'A E': 0, 'AAPDA MITRA': 0, 'Bridge': 0, 'River': 0, 'Drain': 2, 'Restoration': 0, 'Protection': 0, 'irr': 0, 'irrigation': 0, 'dam': 0, 'Nallah': 0, 'Retrofitting': 0, 'Pond': 0, 'Pokhari': 0, 'D/C': 0, 'Recharge shaft': 0, 'LFB': 0, 'RFB': 0}","{'Floodlight': 0, 'Flood Light': 0, 'GAS': 0, 'FIFA': 0, 'pipe': 0, 'pipes': 0, 'covid': 0, 'supply': 0, 'Beautification': 0, 'Installation': 0}",,,False,True,Immediate Measures
8964,KTR/NIT-13/2020-21-GR04,"CONSTRUCTION OF PCC ROAD AND DRAIN FROM THE MANAHARI ROAD FROM NATHURAM HOUSE OF VIA SHAMBHU PRASAD TO SULEKHA DEVI HOUSE, IN WARD NO.- 10 AT KATIHAR.","CONSTRUCTION OF PCC ROAD AND DRAIN FROM THE MANAHARI ROAD FROM NATHURAM HOUSE OF VIA SHAMBHU PRASAD TO SULEKHA DEVI HOUSE, IN WARD NO.- 10 AT KATIHAR.",3011368.0,INR,INR,2021-03-16 09:15:58+00:00,2021-03-16T08:19:06.462000+00:00,2021-04-01T10:57:26+00:00,"MUNICIPAL COMMISSIONER, KATIHAR",MCO,NAGAR NIGAM KATIHAR,SHAHID CHOWK KATIHAR,SOMESH BAHADUR MATHUR,MUNICIPAL COMMISSIONER BEGUSARAI,"BEGUSARAI Municipal Corporation, BEGUSARAI",60300.0,5000.0,590.0,True,"{'Flood': 0, 'Embankment': 0, 'embkt': 0, 'Relief': 0, 'Erosion': 0, 'SDRF': 0, 'Inundation': 0, 'Hydrology': 0, 'Silt': 0, 'Siltation': 0, 'Bund': 0, 'Trench': 0, 'Breach': 0, 'Culvert': 0, 'Sluice': 0, 'Dyke': 0, 'Storm water drain': 0, 'Emergency': 0, 'Immediate': 0, 'IM': 0, 'AE': 0, 'A E': 0, 'AAPDA MITRA': 0, 'Bridge': 0, 'River': 0, 'Drain': 2, 'Restoration': 0, 'Protection': 0, 'irr': 0, 'irrigation': 0, 'dam': 0, 'Nallah': 0, 'Retrofitting': 0, 'Pond': 0, 'Pokhari': 0, 'D/C': 0, 'Recharge shaft': 0, 'LFB': 0, 'RFB': 0}","{'Floodlight': 0, 'Flood Light': 0, 'GAS': 0, 'FIFA': 0, 'pipe': 0, 'pipes': 0, 'covid': 0, 'supply': 0, 'Beautification': 0, 'Installation': 0}",,,False,True,Immediate Measures
8965,KTR/NIT-13/2020-21-GR05,CONSTRUCTION OF PCC ROAD AND DRAIN FROM THE HOUSE OF MD. SAFIK TO  NARAYAN SINGH UPTO THE ENGLISH SCHOOL  IN WARD NO- 18 KATIHAR.,CONSTRUCTION OF PCC ROAD AND DRAIN FROM THE HOUSE OF MD. SAFIK TO  NARAYAN SINGH UPTO THE ENGLISH SCHOOL  IN WARD NO- 18 KATIHAR.,1074313.0,INR,INR,2021-03-16 09:23:20+00:00,2021-03-16T08:23:16.802000+00:00,2021-04-01T11:10:55+00:00,"MUNICIPAL COMMISSIONER, KATIHAR",MCO,NAGAR NIGAM KATIHAR,SHAHID CHOWK KATIHAR,SOMESH BAHADUR MATHUR,MUNICIPAL COMMISSIONER BEGUSARAI,"BEGUSARAI Municipal Corporation, BEGUSARAI",21500.0,2500.0,590.0,True,"{'Flood': 0, 'Embankment': 0, 'embkt': 0, 'Relief': 0, 'Erosion': 0, 'SDRF': 0, 'Inundation': 0, 'Hydrology': 0, 'Silt': 0, 'Siltation': 0, 'Bund': 0, 'Trench': 0, 'Breach': 0, 'Culvert': 0, 'Sluice': 0, 'Dyke': 0, 'Storm water drain': 0, 'Emergency': 0, 'Immediate': 0, 'IM': 0, 'AE': 0, 'A E': 0, 'AAPDA MITRA': 0, 'Bridge': 0, 'River': 0, 'Drain': 2, 'Restoration': 0, 'Protection': 0, 'irr': 0, 'irrigation': 0, 'dam': 0, 'Nallah': 0, 'Retrofitting': 0, 'Pond': 0, 'Pokhari': 0, 'D/C': 0, 'Recharge shaft': 0, 'LFB': 0, 'RFB': 0}","{'Floodlight': 0, 'Flood Light': 0, 'GAS': 0, 'FIFA': 0, 'pipe': 0, 'pipes': 0, 'covid': 0, 'supply': 0, 'Beautification': 0, 'Installation': 0}",,,False,True,Immediate Measures
8966,KTR/NIT-13/2020-21-GR06,CONSTRUCTION OF PCC ROAD AND DRAIN SLAB  FROM FROM THE HOUSE OF SULOCHANA DEVI VIA VINAY  MANDAL TO THE HOUSE NATHUNI SAH IN WARD NO.- 36 AT KATIHAR.,CONSTRUCTION OF PCC ROAD AND DRAIN SLAB  FROM FROM THE HOUSE OF SULOCHANA DEVI VIA VINAY  MANDAL TO THE HOUSE NATHUNI SAH IN WARD NO.- 36 AT KATIHAR.,1092124.0,INR,INR,2021-03-16 09:30:19+00:00,2021-03-16T08:25:10.669000+00:00,2021-04-01T11:37:11+00:00,"MUNICIPAL COMMISSIONER, KATIHAR",MCO,NAGAR NIGAM KATIHAR,SHAHID CHOWK KATIHAR,SOMESH BAHADUR MATHUR,MUNICIPAL COMMISSIONER BEGUSARAI,"BEGUSARAI Municipal Corporation, BEGUSARAI",21900.0,2500.0,590.0,True,"{'Flood': 0, 'Embankment': 0, 'embkt': 0, 'Relief': 0, 'Erosion': 0, 'SDRF': 0, 'Inundation': 0, 'Hydrology': 0, 'Silt': 0, 'Siltation': 0, 'Bund': 0, 'Trench': 0, 'Breach': 0, 'Culvert': 0, 'Sluice': 0, 'Dyke': 0, 'Storm water drain': 0, 'Emergency': 0, 'Immediate': 0, 'IM': 0, 'AE': 0, 'A E': 0, 'AAPDA MITRA': 0, 'Bridge': 0, 'River': 0, 'Drain': 2, 'Restoration': 0, 'Protection': 0, 'irr': 0, 'irrigation': 0, 'dam': 0, 'Nallah': 0, 'Retrofitting': 0, 'Pond': 0, 'Pokhari': 0, 'D/C': 0, 'Recharge shaft': 0, 'LFB': 0, 'RFB': 0}","{'Floodlight': 0, 'Flood Light': 0, 'GAS': 0, 'FIFA': 0, 'pipe': 0, 'pipes': 0, 'covid': 0, 'supply': 0, 'Beautification': 0, 'Installation': 0}",,,False,True,Immediate Measures
8976,06/MUNG/PHED/2020-21 GR-1,"Construction of 42 nos of 125mmdia x 45m deep Gravel packed T/well  and 23 nos of 125/115mm dia x 70m deep Drilled T/well with India Mark II Hand Pump with Platform and drain in Place of Old Defunct/Ordinary Handpump in the water Scare Area of Munger District under P.H. Division,Munger for the year 2020-21.","Construction of 42 nos of 125mmdia x 45m deep Gravel packed T/well  and 23 nos of 125/115mm dia x 70m deep Drilled T/well with India Mark II Hand Pump with Platform and drain in Place of Old Defunct/Ordinary Handpump in the water Scare Area of Munger District under P.H. Division,Munger for the year 2020-21.",4520510.0,INR,INR,2021-03-16 11:17:55+00:00,2021-03-16T10:58:08.290000+00:00,2021-06-05T09:16:27+00:00,Sri Avi Ranjan,Executive Engineer,"P.H. Division, Munger","Basudeopur, Pani Tanki, Munger",Sri Avi Ranjan,Executive Engineer,"P.H.Division, Munger",91000.0,5000.0,590.0,True,"{'Flood': 0, 'Embankment': 0, 'embkt': 0, 'Relief': 0, 'Erosion': 0, 'SDRF': 0, 'Inundation': 0, 'Hydrology': 0, 'Silt': 0, 'Siltation': 0, 'Bund': 0, 'Trench': 0, 'Breach': 0, 'Culvert': 0, 'Sluice': 0, 'Dyke': 0, 'Storm water drain': 0, 'Emergency': 0, 'Immediate': 0, 'IM': 0, 'AE': 0, 'A E': 0, 'AAPDA MITRA': 0, 'Bridge': 0, 'River': 0, 'Drain': 2, 'Restoration': 0, 'Protection': 0, 'irr': 0, 'irrigation': 0, 'dam': 0, 'Nallah': 0, 'Retrofitting': 0, 'Pond': 0, 'Pokhari': 0, 'D/C': 0, 'Recharge shaft': 0, 'LFB': 0, 'RFB': 0}","{'Floodlight': 0, 'Flood Light': 0, 'GAS': 0, 'FIFA': 0, 'pipe': 0, 'pipes': 0, 'covid': 0, 'supply': 0, 'Beautification': 0, 'Installation': 0}",,,False,True,Immediate Measures
8979,06/MUNG/PHED/2020-21 GR-2,"Construction of 42 nos of 125mmdia x 45m deep Gravel packed T/well  and 23 nos of 125/115mm dia x 70m deep Drilled T/well with India Mark II Hand Pump with Platform and drain in Place of Old Defunct/Ordinary Handpump in the water Scare Area of Munger District under P.H. Division,Munger for the year 2020-21.","Construction of 42 nos of 125mmdia x 45m deep Gravel packed T/well  and 23 nos of 125/115mm dia x 70m deep Drilled T/well with India Mark II Hand Pump with Platform and drain in Place of Old Defunct/Ordinary Handpump in the water Scare Area of Munger District under P.H. Division,Munger for the year 2020-21.",4520510.0,INR,INR,2021-03-16 11:22:21+00:00,2021-03-16T11:18:33.916000+00:00,2021-06-05T09:25:01+00:00,Sri Avi Ranjan,Executive Engineer,"P.H. Division, Munger","Basudeopur, Pani Tanki, Munger",Sri Avi Ranjan,Executive Engineer,"P.H.Division, Munger",91000.0,5000.0,590.0,True,"{'Flood': 0, 'Embankment': 0, 'embkt': 0, 'Relief': 0, 'Erosion': 0, 'SDRF': 0, 'Inundation': 0, 'Hydrology': 0, 'Silt': 0, 'Siltation': 0, 'Bund': 0, 'Trench': 0, 'Breach': 0, 'Culvert': 0, 'Sluice': 0, 'Dyke': 0, 'Storm water drain': 0, 'Emergency': 0, 'Immediate': 0, 'IM': 0, 'AE': 0, 'A E': 0, 'AAPDA MITRA': 0, 'Bridge': 0, 'River': 0, 'Drain': 2, 'Restoration': 0, 'Protection': 0, 'irr': 0, 'irrigation': 0, 'dam': 0, 'Nallah': 0, 'Retrofitting': 0, 'Pond': 0, 'Pokhari': 0, 'D/C': 0, 'Recharge shaft': 0, 'LFB': 0, 'RFB': 0}","{'Floodlight': 0, 'Flood Light': 0, 'GAS': 0, 'FIFA': 0, 'pipe': 0, 'pipes': 0, 'covid': 0, 'supply': 0, 'Beautification': 0, 'Installation': 0}",,,False,True,Immediate Measures
8987,RCD/Road/Hilsa/06/2020-21/01,"Construction of HL RCC Bridge, Size 3x14m in 10th km (Chainage- 9+600KM) of  Chandi- Tharthari- Ben- Chhabilapur Road under Road Division, Hilsa in Nalanda District for the year 2020-21 (GROUP-01)","Construction of HL RCC Bridge, Size 3x14m in 10th km (Chainage- 9+600KM) of  Chandi- Tharthari- Ben- Chhabilapur Road under Road Division, Hilsa in Nalanda District for the year 2020-21 (GROUP-01)",49257241.0,INR,INR,2021-03-16 15:32:25+00:00,2021-03-16T11:56:49.870000+00:00,2021-12-02T10:32:56+00:00,SANJAY SHARMA,EE,ROAD DIVISION HILSA,ROAD DIVISION HILSA,SANJAY KUMAR SINGH,SE,Patna City Road Division,985200.0,10000.0,5900.0,True,"{'Flood': 0, 'Embankment': 0, 'embkt': 0, 'Relief': 0, 'Erosion': 0, 'SDRF': 0, 'Inundation': 0, 'Hydrology': 0, 'Silt': 0, 'Siltation': 0, 'Bund': 0, 'Trench': 0, 'Breach': 0, 'Culvert': 0, 'Sluice': 0, 'Dyke': 0, 'Storm water drain': 0, 'Emergency': 0, 'Immediate': 0, 'IM': 0, 'AE': 0, 'A E': 0, 'AAPDA MITRA': 0, 'Bridge': 2, 'River': 0, 'Drain': 0, 'Restoration': 0, 'Protection': 0, 'irr': 0, 'irrigation': 0, 'dam': 0, 'Nallah': 0, 'Retrofitting': 0, 'Pond': 0, 'Pokhari': 0, 'D/C': 0, 'Recharge shaft': 0, 'LFB': 0, 'RFB': 0}","{'Floodlight': 0, 'Flood Light': 0, 'GAS': 0, 'FIFA': 0, 'pipe': 0, 'pipes': 0, 'covid': 0, 'supply': 0, 'Beautification': 0, 'Installation': 0}",,,False,True,Immediate Measures
8988,NPH/NIT-10/2020-2021,"Nagar Parishad Hajipur invites online proposal for Empanelment of Agencies for flood / water logging related works (Drain cleaning/Desilting, Drain Construction/ Repairing and Dewatering ) and construction of Sumphouse  in Nagar Parishad Hajipur Area for the duration of  3 YEARS.","Nagar Parishad Hajipur invites online proposal for Empanelment of Agencies for flood / water logging related works (Drain cleaning/Desilting, Drain Construction/ Repairing and Dewatering ) and construction of Sumphouse  in Nagar Parishad Hajipur Area for the duration of  3 YEARS.",0.0,INR,INR,2021-03-16 12:20:21+00:00,2021-03-16T11:57:04.554000+00:00,2021-03-24T09:31:00+00:00,SUSHIL KUMAR,EXECUTIVE OFFICER (HAJIPUR),HAJIPUR NAGAR PARISHAD,"Rambalak chowk, Hajipur",ANUBHUTI SRIVASTAVA,EO,NAGAR PARISHAD HAJIPUR,25000.0,2500.0,590.0,True,"{'Flood': 2, 'Embankment': 0, 'embkt': 0, 'Relief': 0, 'Erosion': 0, 'SDRF': 0, 'Inundation': 0, 'Hydrology': 0, 'Silt': 0, 'Siltation': 0, 'Bund': 0, 'Trench': 0, 'Breach': 0, 'Culvert': 0, 'Sluice': 0, 'Dyke': 0, 'Storm water drain': 0, 'Emergency': 0, 'Immediate': 0, 'IM': 0, 'AE': 0, 'A E': 0, 'AAPDA MITRA': 0, 'Bridge': 0, 'River': 0, 'Drain': 4, 'Restoration': 0, 'Protection': 0, 'irr': 0, 'irrigation': 0, 'dam': 0, 'Nallah': 0, 'Retrofitting': 0, 'Pond': 0, 'Pokhari': 0, 'D/C': 0, 'Recharge shaft': 0, 'LFB': 0, 'RFB': 0}","{'Floodlight': 0, 'Flood Light': 0, 'GAS': 0, 'FIFA': 0, 'pipe': 0, 'pipes': 0, 'covid': 0, 'supply': 0, 'Beautification': 0, 'Installation': 0}",,,False,True,Repair and Restoration
8994,NIT-07-2020-2021-GR02,Construction of R.C.C Drain form Jivan Sadan to Main road in ward no. 20 under nagar parishad Madhepura for the year 2020-21,Construction of R.C.C Drain form Jivan Sadan to Main road in ward no. 20 under nagar parishad Madhepura for the year 2020-21,1294200.0,INR,INR,2021-03-16 12:54:00+00:00,2021-03-16T12:45:04.840000+00:00,2021-07-07T08:25:13+00:00,"MISS. TANYA KUMARI ,EXECUTIVE OFFICER",EXECUTIVE OFFICER NAGAR PARISHAD  MADHEPURA,NAGAR PARISHAD MADHEPURA,WARD NO-14 NAGAR PARISHAD MADHEPURA,"MISS.TANYA KUMARI, EXECUTIVE OFFICER",EXECUTIVE OFFICER NAGAR PARISHAD MADHEPURA,NAGAR PARISHAD MADHEPURA,26000.0,2500.0,590.0,True,"{'Flood': 0, 'Embankment': 0, 'embkt': 0, 'Relief': 0, 'Erosion': 0, 'SDRF': 0, 'Inundation': 0, 'Hydrology': 0, 'Silt': 0, 'Siltation': 0, 'Bund': 0, 'Trench': 0, 'Breach': 0, 'Culvert': 0, 'Sluice': 0, 'Dyke': 0, 'Storm water drain': 0, 'Emergency': 0, 'Immediate': 0, 'IM': 0, 'AE': 0, 'A E': 0, 'AAPDA MITRA': 0, 'Bridge': 0, 'River': 0, 'Drain': 2, 'Restoration': 0, 'Protection': 0, 'irr': 0, 'irrigation': 0, 'dam': 0, 'Nallah': 0, 'Retrofitting': 0, 'Pond': 0, 'Pokhari': 0, 'D/C': 0, 'Recharge shaft': 0, 'LFB': 0, 'RFB': 0}","{'Floodlight': 0, 'Flood Light': 0, 'GAS': 0, 'FIFA': 0, 'pipe': 0, 'pipes': 0, 'covid': 0, 'supply': 0, 'Beautification': 0, 'Installation': 0}",,,False,True,Immediate Measures
9004,LKR E-TENDER - 08 / 2020-21 / GR 07,Expression of Interest for Drain/Sewer Cleaning From Ward No. 01 to Ward No. 33 Under Nagar Parishad Lakhisarai.,Expression of Interest for Drain/Sewer Cleaning From Ward No. 01 to Ward No. 33 Under Nagar Parishad Lakhisarai.,0.0,INR,INR,2021-03-17 03:15:28+00:00,2021-03-16T17:15:43.068000+00:00,2021-04-05T04:46:22+00:00,"AMIT KUMAR, EXECUTIVE OFFICER LAKHISARAI MUNICIPAL COUNCIL","EXECUTIVE OFFICER, N.P. LAKHISARAI","Amit Kumar, LAKHISARAI MUNICIPAL COUNCIL","NAGAR PARISHAD, LAKHISARAI",EXECUTIVE OFFICER LAKHISARAI MUNICIPAL COUNCIL,EXECUTIVE OFFICER,LAKHISARAI MUNICIPAL COUNCIL,5000.0,1000.0,590.0,True,"{'Flood': 0, 'Embankment': 0, 'embkt': 0, 'Relief': 0, 'Erosion': 0, 'SDRF': 0, 'Inundation': 0, 'Hydrology': 0, 'Silt': 0, 'Siltation': 0, 'Bund': 0, 'Trench': 0, 'Breach': 0, 'Culvert': 0, 'Sluice': 0, 'Dyke': 0, 'Storm water drain': 0, 'Emergency': 0, 'Immediate': 0, 'IM': 0, 'AE': 0, 'A E': 0, 'AAPDA MITRA': 0, 'Bridge': 0, 'River': 0, 'Drain': 2, 'Restoration': 0, 'Protection': 0, 'irr': 0, 'irrigation': 0, 'dam': 0, 'Nallah': 0, 'Retrofitting': 0, 'Pond': 0, 'Pokhari': 0, 'D/C': 0, 'Recharge shaft': 0, 'LFB': 0, 'RFB': 0}","{'Floodlight': 0, 'Flood Light': 0, 'GAS': 0, 'FIFA': 0, 'pipe': 0, 'pipes': 0, 'covid': 0, 'supply': 0, 'Beautification': 0, 'Installation': 0}",,,False,True,Immediate Measures
9010,22/2020-21/PHD/CHAPRA/01,"Construction of 125mm x 40mm x 61 mtr deep 30 Nos. India Mark II Hand Pumps in Place of Old Defunct/Ordinary Handpump with Platform and Drain in Saran District under P.H.Division, Chapra  in the year 2020-21. (GROUP-01)","Construction of 125mm x 40mm x 61 mtr deep 30 Nos. India Mark II Hand Pumps in Place of Old Defunct/Ordinary Handpump with Platform and Drain in Saran District under P.H.Division, Chapra  in the year 2020-21. (GROUP-01)",1604550.0,INR,INR,2021-03-16 18:49:35+00:00,2021-03-16T18:11:18.043000+00:00,2021-08-27T09:05:02+00:00,MANOJ MANOHAR,SE,"PUBLIC HEALTH DIVISION, CHAPRA","PUBLIC HEALTH DIVISION, CHAPRA",MANOJ MANOHAR,SE,"PUBLIC HEALTH DIVISION, CHAPRA",32100.0,5000.0,590.0,True,"{'Flood': 0, 'Embankment': 0, 'embkt': 0, 'Relief': 0, 'Erosion': 0, 'SDRF': 0, 'Inundation': 0, 'Hydrology': 0, 'Silt': 0, 'Siltation': 0, 'Bund': 0, 'Trench': 0, 'Breach': 0, 'Culvert': 0, 'Sluice': 0, 'Dyke': 0, 'Storm water drain': 0, 'Emergency': 0, 'Immediate': 0, 'IM': 0, 'AE': 0, 'A E': 0, 'AAPDA MITRA': 0, 'Bridge': 0, 'River': 0, 'Drain': 2, 'Restoration': 0, 'Protection': 0, 'irr': 0, 'irrigation': 0, 'dam': 0, 'Nallah': 0, 'Retrofitting': 0, 'Pond': 0, 'Pokhari': 0, 'D/C': 0, 'Recharge shaft': 0, 'LFB': 0, 'RFB': 0}","{'Floodlight': 0, 'Flood Light': 0, 'GAS': 0, 'FIFA': 0, 'pipe': 0, 'pipes': 0, 'covid': 0, 'supply': 0, 'Beautification': 0, 'Installation': 0}",,,False,True,Immediate Measures
9014,22/2020-21/PHD/CHAPRA/03,"Construction of 125mm x 40mm x 61 mtr deep 30 Nos. India Mark II Hand Pumps in Place of Old Defunct/Ordinary Handpump with Platform and Drain in Saran District under P.H.Division, Chapra  in the year 2020-21.. (GROUP-03)","Construction of 125mm x 40mm x 61 mtr deep 30 Nos. India Mark II Hand Pumps in Place of Old Defunct/Ordinary Handpump with Platform and Drain in Saran District under P.H.Division, Chapra  in the year 2020-21.. (GROUP-03)",1604550.0,INR,INR,2021-03-16 19:01:42+00:00,2021-03-16T18:34:26.016000+00:00,2021-08-25T05:55:07+00:00,MANOJ MANOHAR,SE,"PUBLIC HEALTH DIVISION, CHAPRA","PUBLIC HEALTH DIVISION, CHAPRA",MANOJ MANOHAR,SE,"PUBLIC HEALTH DIVISION, CHAPRA",32100.0,5000.0,590.0,True,"{'Flood': 0, 'Embankment': 0, 'embkt': 0, 'Relief': 0, 'Erosion': 0, 'SDRF': 0, 'Inundation': 0, 'Hydrology': 0, 'Silt': 0, 'Siltation': 0, 'Bund': 0, 'Trench': 0, 'Breach': 0, 'Culvert': 0, 'Sluice': 0, 'Dyke': 0, 'Storm water drain': 0, 'Emergency': 0, 'Immediate': 0, 'IM': 0, 'AE': 0, 'A E': 0, 'AAPDA MITRA': 0, 'Bridge': 0, 'River': 0, 'Drain': 2, 'Restoration': 0, 'Protection': 0, 'irr': 0, 'irrigation': 0, 'dam': 0, 'Nallah': 0, 'Retrofitting': 0, 'Pond': 0, 'Pokhari': 0, 'D/C': 0, 'Recharge shaft': 0, 'LFB': 0, 'RFB': 0}","{'Floodlight': 0, 'Flood Light': 0, 'GAS': 0, 'FIFA': 0, 'pipe': 0, 'pipes': 0, 'covid': 0, 'supply': 0, 'Beautification': 0, 'Installation': 0}",,,False,True,Immediate Measures
9012,22/2020-21/PHD/CHAPRA/02,"Construction of 125mm x 40mm x 61 mtr deep 30 Nos. India Mark II Hand Pumps in Place of Old Defunct/Ordinary Handpump with Platform and Drain in Saran District under P.H.Division, Chapra  in the year 2020-21. (GROUP-02)","Construction of 125mm x 40mm x 61 mtr deep 30 Nos. India Mark II Hand Pumps in Place of Old Defunct/Ordinary Handpump with Platform and Drain in Saran District under P.H.Division, Chapra  in the year 2020-21. (GROUP-02)",1604550.0,INR,INR,2021-03-16 18:56:00+00:00,2021-03-16T18:27:14.521000+00:00,2021-08-26T09:56:58+00:00,MANOJ MANOHAR,SE,"PUBLIC HEALTH DIVISION, CHAPRA","PUBLIC HEALTH DIVISION, CHAPRA",MANOJ MANOHAR,SE,"PUBLIC HEALTH DIVISION, CHAPRA",32100.0,5000.0,590.0,True,"{'Flood': 0, 'Embankment': 0, 'embkt': 0, 'Relief': 0, 'Erosion': 0, 'SDRF': 0, 'Inundation': 0, 'Hydrology': 0, 'Silt': 0, 'Siltation': 0, 'Bund': 0, 'Trench': 0, 'Breach': 0, 'Culvert': 0, 'Sluice': 0, 'Dyke': 0, 'Storm water drain': 0, 'Emergency': 0, 'Immediate': 0, 'IM': 0, 'AE': 0, 'A E': 0, 'AAPDA MITRA': 0, 'Bridge': 0, 'River': 0, 'Drain': 2, 'Restoration': 0, 'Protection': 0, 'irr': 0, 'irrigation': 0, 'dam': 0, 'Nallah': 0, 'Retrofitting': 0, 'Pond': 0, 'Pokhari': 0, 'D/C': 0, 'Recharge shaft': 0, 'LFB': 0, 'RFB': 0}","{'Floodlight': 0, 'Flood Light': 0, 'GAS': 0, 'FIFA': 0, 'pipe': 0, 'pipes': 0, 'covid': 0, 'supply': 0, 'Beautification': 0, 'Installation': 0}",,,False,True,Immediate Measures
9049,03/PHED/LKR/2020-21/02,Construction 20 nos. 125 mm x 40 mm x 46m deep tubewell and 35 Nos. of 125 mm x 41 m deep GPT T/well and 12 nos. 125/115mm dia and 70 m deep drilled tubewell  and  including platform and drain with IM-II  handpump for water scarce areas in place of old defunct/ordinary IN LAKHISARAI DISTRICT for the Year 2020-21. (GROUP-02),Construction 20 nos. 125 mm x 40 mm x 46m deep tubewell and 35 Nos. of 125 mm x 41 m deep GPT T/well and 12 nos. 125/115mm dia and 70 m deep drilled tubewell  and  including platform and drain with IM-II  handpump for water scarce areas in place of old defunct/ordinary IN LAKHISARAI DISTRICT for the Year 2020-21. (GROUP-02),4461100.0,INR,INR,2021-03-17 09:02:31+00:00,2021-03-17T08:41:53.162000+00:00,2021-04-05T09:41:41+00:00,"EXECUTIVE ENGINEER, LAKHISARAI DIVISION",EE,"EXECUTIVE ENGINEER, LAKHISARAI DIVISION","EXECUTIVE ENGINEER, LAKHISARAI DIVISION","Executive Engineer, Lakhisarai Division",EE,"Executive Engineer, Lakhisarai Division",89300.0,5000.0,590.0,True,"{'Flood': 0, 'Embankment': 0, 'embkt': 0, 'Relief': 0, 'Erosion': 0, 'SDRF': 0, 'Inundation': 0, 'Hydrology': 0, 'Silt': 0, 'Siltation': 0, 'Bund': 0, 'Trench': 0, 'Breach': 0, 'Culvert': 0, 'Sluice': 0, 'Dyke': 0, 'Storm water drain': 0, 'Emergency': 0, 'Immediate': 0, 'IM': 2, 'AE': 0, 'A E': 0, 'AAPDA MITRA': 0, 'Bridge': 0, 'River': 0, 'Drain': 2, 'Restoration': 0, 'Protection': 0, 'irr': 0, 'irrigation': 0, 'dam': 0, 'Nallah': 0, 'Retrofitting': 0, 'Pond': 0, 'Pokhari': 0, 'D/C': 0, 'Recharge shaft': 0, 'LFB': 0, 'RFB': 0}","{'Floodlight': 0, 'Flood Light': 0, 'GAS': 0, 'FIFA': 0, 'pipe': 0, 'pipes': 0, 'covid': 0, 'supply': 0, 'Beautification': 0, 'Installation': 0}",,,False,True,Immediate Measures
9063,NIT-12 2021/2022 JEHANABAD,Construction of Sustainable Tube-Wells 20-21 (With IM-II Hand Pumps) 31 Nos. 125 mm X 40 mm dia. X 61 m and 16 Nos. 125 mm dia. X 45 m deep GPT with P.C.C. Platform & drain with defect & liability period of six months in place of old defunct / Ordinary HP in the water-scarcity areas for the year 2020-21 under the jurisdiction of P.H. Division Jehanabad in Jehanabad District.,Construction of Sustainable Tube-Wells 20-21 (With IM-II Hand Pumps) 31 Nos. 125 mm X 40 mm dia. X 61 m and 16 Nos. 125 mm dia. X 45 m deep GPT with P.C.C. Platform & drain with defect & liability period of six months in place of old defunct / Ordinary HP in the water-scarcity areas for the year 2020-21 under the jurisdiction of P.H. Division Jehanabad in Jehanabad District.,3110600.0,INR,INR,2021-03-17 12:04:54+00:00,2021-03-17T11:19:07.004000+00:00,2021-05-24T06:09:34+00:00,Chandra bhusha,EE,PHED ARWAN,PHED ARWAL,SE(MD MANZOOR NASEER),SE,PHE CIRCLE GAYA,63000.0,5000.0,590.0,True,"{'Flood': 0, 'Embankment': 0, 'embkt': 0, 'Relief': 0, 'Erosion': 0, 'SDRF': 0, 'Inundation': 0, 'Hydrology': 0, 'Silt': 0, 'Siltation': 0, 'Bund': 0, 'Trench': 0, 'Breach': 0, 'Culvert': 0, 'Sluice': 0, 'Dyke': 0, 'Storm water drain': 0, 'Emergency': 0, 'Immediate': 0, 'IM': 2, 'AE': 0, 'A E': 0, 'AAPDA MITRA': 0, 'Bridge': 0, 'River': 0, 'Drain': 2, 'Restoration': 0, 'Protection': 0, 'irr': 0, 'irrigation': 0, 'dam': 0, 'Nallah': 0, 'Retrofitting': 0, 'Pond': 0, 'Pokhari': 0, 'D/C': 0, 'Recharge shaft': 0, 'LFB': 0, 'RFB': 0}","{'Floodlight': 0, 'Flood Light': 0, 'GAS': 0, 'FIFA': 0, 'pipe': 0, 'pipes': 0, 'covid': 0, 'supply': 0, 'Beautification': 0, 'Installation': 0}",,,False,True,Immediate Measures
9070,NIT07/2020-21/MMC MUZAFFARPUR/GR-03,Construction of  PCC Road with RCC Drain from Madan Mohan Gupta via Shiv Mandir to Shailendra Trivedi and Jagdish Gupta in Ward No.-01 under MMC Muz.  GROUP-03,Construction of  PCC Road with RCC Drain from Madan Mohan Gupta via Shiv Mandir to Shailendra Trivedi and Jagdish Gupta in Ward No.-01 under MMC Muz.  GROUP-03,3249200.0,INR,INR,2021-03-17 14:02:27+00:00,2021-03-17T12:17:28.736000+00:00,2021-12-07T06:24:12+00:00,"MUNICIPAL COMMISSIONER, MUZAFFARPUR",MUNICIPAL COMMISSIONER,MUZAFFARPUR MUNICIPAL CORPORATION,"OPPOSITE OF MUZAFFARPUR RAILWAY STATION, KACHHARI CAMPUR","MUNICIPAL COMMISSIONER, MUZAFFARPUR",MUNICIPAL COMMISSIONER,MUZAFFARPUR MUNICIPAL CORPORATION,65000.0,5000.0,590.0,True,"{'Flood': 0, 'Embankment': 0, 'embkt': 0, 'Relief': 0, 'Erosion': 0, 'SDRF': 0, 'Inundation': 0, 'Hydrology': 0, 'Silt': 0, 'Siltation': 0, 'Bund': 0, 'Trench': 0, 'Breach': 0, 'Culvert': 0, 'Sluice': 0, 'Dyke': 0, 'Storm water drain': 0, 'Emergency': 0, 'Immediate': 0, 'IM': 0, 'AE': 0, 'A E': 0, 'AAPDA MITRA': 0, 'Bridge': 0, 'River': 0, 'Drain': 2, 'Restoration': 0, 'Protection': 0, 'irr': 0, 'irrigation': 0, 'dam': 0, 'Nallah': 0, 'Retrofitting': 0, 'Pond': 0, 'Pokhari': 0, 'D/C': 0, 'Recharge shaft': 0, 'LFB': 0, 'RFB': 0}","{'Floodlight': 0, 'Flood Light': 0, 'GAS': 0, 'FIFA': 0, 'pipe': 0, 'pipes': 0, 'covid': 0, 'supply': 0, 'Beautification': 0, 'Installation': 0}",,,False,True,Immediate Measures
9071,NIT07/2020-21/MMC MUZAFFARPUR/GR-04,Construction of  PCC Road and RCC Drain from the House of Brajmohan Ji to Laxmi Chowk via ATM Gali in Ward No.-01 under MMC Muz.  GROUP-04,Construction of  PCC Road and RCC Drain from the House of Brajmohan Ji to Laxmi Chowk via ATM Gali in Ward No.-01 under MMC Muz.  GROUP-04,2809954.0,INR,INR,2021-03-17 14:05:38+00:00,2021-03-17T12:17:50.080000+00:00,2021-12-07T06:36:35+00:00,"MUNICIPAL COMMISSIONER, MUZAFFARPUR",MUNICIPAL COMMISSIONER,MUZAFFARPUR MUNICIPAL CORPORATION,"OPPOSITE OF MUZAFFARPUR RAILWAY STATION, KACHHARI CAMPUR","MUNICIPAL COMMISSIONER, MUZAFFARPUR",MUNICIPAL COMMISSIONER,MUZAFFARPUR MUNICIPAL CORPORATION,56200.0,5000.0,590.0,True,"{'Flood': 0, 'Embankment': 0, 'embkt': 0, 'Relief': 0, 'Erosion': 0, 'SDRF': 0, 'Inundation': 0, 'Hydrology': 0, 'Silt': 0, 'Siltation': 0, 'Bund': 0, 'Trench': 0, 'Breach': 0, 'Culvert': 0, 'Sluice': 0, 'Dyke': 0, 'Storm water drain': 0, 'Emergency': 0, 'Immediate': 0, 'IM': 0, 'AE': 0, 'A E': 0, 'AAPDA MITRA': 0, 'Bridge': 0, 'River': 0, 'Drain': 2, 'Restoration': 0, 'Protection': 0, 'irr': 0, 'irrigation': 0, 'dam': 0, 'Nallah': 0, 'Retrofitting': 0, 'Pond': 0, 'Pokhari': 0, 'D/C': 0, 'Recharge shaft': 0, 'LFB': 0, 'RFB': 0}","{'Floodlight': 0, 'Flood Light': 0, 'GAS': 0, 'FIFA': 0, 'pipe': 0, 'pipes': 0, 'covid': 0, 'supply': 0, 'Beautification': 0, 'Installation': 0}",,,False,True,Immediate Measures
9072,NIT07/2020-21/MMC MUZAFFARPUR/GR-05,Construction of  RCC Plateform Drain and Widening of Road in Chandwara Pit under MMC Muz.  GROUP-05,Construction of  RCC Plateform Drain and Widening of Road in Chandwara Pit under MMC Muz.  GROUP-05,1754272.0,INR,INR,2021-03-17 14:09:06+00:00,2021-03-17T12:18:11.541000+00:00,2021-06-11T08:05:38+00:00,"MUNICIPAL COMMISSIONER, MUZAFFARPUR",MUNICIPAL COMMISSIONER,MUZAFFARPUR MUNICIPAL CORPORATION,"OPPOSITE OF MUZAFFARPUR RAILWAY STATION, KACHHARI CAMPUR","MUNICIPAL COMMISSIONER, MUZAFFARPUR",MUNICIPAL COMMISSIONER,MUZAFFARPUR MUNICIPAL CORPORATION,35100.0,5000.0,590.0,True,"{'Flood': 0, 'Embankment': 0, 'embkt': 0, 'Relief': 0, 'Erosion': 0, 'SDRF': 0, 'Inundation': 0, 'Hydrology': 0, 'Silt': 0, 'Siltation': 0, 'Bund': 0, 'Trench': 0, 'Breach': 0, 'Culvert': 0, 'Sluice': 0, 'Dyke': 0, 'Storm water drain': 0, 'Emergency': 0, 'Immediate': 0, 'IM': 0, 'AE': 0, 'A E': 0, 'AAPDA MITRA': 0, 'Bridge': 0, 'River': 0, 'Drain': 2, 'Restoration': 0, 'Protection': 0, 'irr': 0, 'irrigation': 0, 'dam': 0, 'Nallah': 0, 'Retrofitting': 0, 'Pond': 0, 'Pokhari': 0, 'D/C': 0, 'Recharge shaft': 0, 'LFB': 0, 'RFB': 0}","{'Floodlight': 0, 'Flood Light': 0, 'GAS': 0, 'FIFA': 0, 'pipe': 0, 'pipes': 0, 'covid': 0, 'supply': 0, 'Beautification': 0, 'Installation': 0}",,,False,True,Immediate Measures
9096,NIT-25/2020-21/G1,"Construction of  125mm X 40mm X 61M deep tube well with I.M-II Hand Pump, platform & drain under Sinking of New Handpump in the place of defunct Handpump in the water Scarce area in Patna District under P.H. Division, Patna East, Patna for the Year 2020-21- 65 No. Group 1","Construction of  125mm X 40mm X 61M deep tube well with I.M-II Hand Pump, platform & drain under Sinking of New Handpump in the place of defunct Handpump in the water Scarce area in Patna District under P.H. Division, Patna East, Patna for the Year 2020-21- 65 No. Group 1",3994250.0,INR,INR,2021-03-19 09:41:22+00:00,2021-03-18T08:40:11.163000+00:00,2021-05-13T09:43:19+00:00,"EXECUTIVE ENGINEER , P.H. DIVISION, PATNA EAST.",EE,"P.H. DIVISION, PATNA EAST","CHHAJJU BAGH, FRASER ROAD, PATNA-1","EXECUTIVE ENGINEER, P.H. DIVISION, PATNA EAST",EE,"P H DIVISION, PATNA EAST",79900.0,5000.0,590.0,True,"{'Flood': 0, 'Embankment': 0, 'embkt': 0, 'Relief': 0, 'Erosion': 0, 'SDRF': 0, 'Inundation': 0, 'Hydrology': 0, 'Silt': 0, 'Siltation': 0, 'Bund': 0, 'Trench': 0, 'Breach': 0, 'Culvert': 0, 'Sluice': 0, 'Dyke': 0, 'Storm water drain': 0, 'Emergency': 0, 'Immediate': 0, 'IM': 0, 'AE': 0, 'A E': 0, 'AAPDA MITRA': 0, 'Bridge': 0, 'River': 0, 'Drain': 2, 'Restoration': 0, 'Protection': 0, 'irr': 0, 'irrigation': 0, 'dam': 0, 'Nallah': 0, 'Retrofitting': 0, 'Pond': 0, 'Pokhari': 0, 'D/C': 0, 'Recharge shaft': 0, 'LFB': 0, 'RFB': 0}","{'Floodlight': 0, 'Flood Light': 0, 'GAS': 0, 'FIFA': 0, 'pipe': 0, 'pipes': 0, 'covid': 0, 'supply': 0, 'Beautification': 0, 'Installation': 0}",,,False,True,Immediate Measures
9099,NIT-12/EPCD2020-21-SBD,Construction of P.C.C Road & R.C.C Drain at Chatanki Pul Kadam Tal To Guru Govind Singh Link Path in Ward No.62 under Patna City Division PMC Patna.,Construction of P.C.C Road & R.C.C Drain at Chatanki Pul Kadam Tal To Guru Govind Singh Link Path in Ward No.62 under Patna City Division PMC Patna.,30411723.0,INR,INR,2021-03-19 05:34:46+00:00,2021-03-18T09:02:14.037000+00:00,2021-04-01T07:18:58+00:00,"Ramswarup Prasad, EXECUTIVE ENGINEER",EE,"PATNA CITY DIVISION, PMC","PATNA CITY DIVISION, MEENA BAZAR, SHERSHAH PATH, PATNA-07","Ramswarup Prasad, EXECUTIVE ENGINEER",EE,"PATNA CITY DIVISION, PMC",608300.0,10000.0,5900.0,True,"{'Flood': 0, 'Embankment': 0, 'embkt': 0, 'Relief': 0, 'Erosion': 0, 'SDRF': 0, 'Inundation': 0, 'Hydrology': 0, 'Silt': 0, 'Siltation': 0, 'Bund': 0, 'Trench': 0, 'Breach': 0, 'Culvert': 0, 'Sluice': 0, 'Dyke': 0, 'Storm water drain': 0, 'Emergency': 0, 'Immediate': 0, 'IM': 0, 'AE': 0, 'A E': 0, 'AAPDA MITRA': 0, 'Bridge': 0, 'River': 0, 'Drain': 2, 'Restoration': 0, 'Protection': 0, 'irr': 0, 'irrigation': 0, 'dam': 0, 'Nallah': 0, 'Retrofitting': 0, 'Pond': 0, 'Pokhari': 0, 'D/C': 0, 'Recharge shaft': 0, 'LFB': 0, 'RFB': 0}","{'Floodlight': 0, 'Flood Light': 0, 'GAS': 0, 'FIFA': 0, 'pipe': 0, 'pipes': 0, 'covid': 0, 'supply': 0, 'Beautification': 0, 'Installation': 0}",,,False,True,Others
9122,NIT 11/2020-21/BIHARSHARIF GR.01,"Construction of new 125mm X 40mm dia X 46 meter deep/125mm Xx 40mm dia X 61 meter deep hand operated T/well and125mm DIA X 45 M. DEEP GRAVEL PACKED T/W with India Mark -II Hand Pump with Platform and drain in place of Defunct T/W in different block under P.H.Division, Biharsharif.","Construction of new 125mm X 40mm dia X 46 meter deep/125mm Xx 40mm dia X 61 meter deep hand operated T/well and125mm DIA X 45 M. DEEP GRAVEL PACKED T/W with India Mark -II Hand Pump with Platform and drain in place of Defunct T/W in different block under P.H.Division, Biharsharif.",3103300.0,INR,INR,2021-03-19 07:07:54+00:00,2021-03-19T06:35:43.744000+00:00,2021-05-08T10:44:23+00:00,RAMA SHANKAR SINGH,EXECUTIVE ENGINEER,P.H.E.D.,Biharsharif,PRASHOON KUMAR,SE,PHED ARA,62100.0,5000.0,590.0,True,"{'Flood': 0, 'Embankment': 0, 'embkt': 0, 'Relief': 0, 'Erosion': 0, 'SDRF': 0, 'Inundation': 0, 'Hydrology': 0, 'Silt': 0, 'Siltation': 0, 'Bund': 0, 'Trench': 0, 'Breach': 0, 'Culvert': 0, 'Sluice': 0, 'Dyke': 0, 'Storm water drain': 0, 'Emergency': 0, 'Immediate': 0, 'IM': 0, 'AE': 0, 'A E': 0, 'AAPDA MITRA': 0, 'Bridge': 0, 'River': 0, 'Drain': 2, 'Restoration': 0, 'Protection': 0, 'irr': 0, 'irrigation': 0, 'dam': 0, 'Nallah': 0, 'Retrofitting': 0, 'Pond': 0, 'Pokhari': 0, 'D/C': 0, 'Recharge shaft': 0, 'LFB': 0, 'RFB': 0}","{'Floodlight': 0, 'Flood Light': 0, 'GAS': 0, 'FIFA': 0, 'pipe': 0, 'pipes': 0, 'covid': 0, 'supply': 0, 'Beautification': 0, 'Installation': 0}",,,False,True,Immediate Measures
9125,NIT-11/2020-21/BIHARSHARIF Gr.02,"Construction of new 125mm X 40mm dia X 46 meter deep/125mm Xx 40mm dia X 61 meter deep hand operated T/well and125mm DIA X 45 M. DEEP GRAVEL PACKED T/W with India Mark -II Hand Pump with Platform and drain in place of Defunct T/W in diffrent block under P.H.Division, Biharsharif.","Construction of new 125mm X 40mm dia X 46 meter deep/125mm Xx 40mm dia X 61 meter deep hand operated T/well and125mm DIA X 45 M. DEEP GRAVEL PACKED T/W with India Mark -II Hand Pump with Platform and drain in place of Defunct T/W in diffrent block under P.H.Division, Biharsharif.",3400000.0,INR,INR,2021-03-19 07:42:58+00:00,2021-03-19T07:18:35.365000+00:00,2021-05-08T10:46:41+00:00,RAMA SHANKAR SINGH,EXECUTIVE ENGINEER,P.H.E.D.,Biharsharif,PRASHOON KUMAR,SE,PHED ARA,68800.0,5000.0,590.0,True,"{'Flood': 0, 'Embankment': 0, 'embkt': 0, 'Relief': 0, 'Erosion': 0, 'SDRF': 0, 'Inundation': 0, 'Hydrology': 0, 'Silt': 0, 'Siltation': 0, 'Bund': 0, 'Trench': 0, 'Breach': 0, 'Culvert': 0, 'Sluice': 0, 'Dyke': 0, 'Storm water drain': 0, 'Emergency': 0, 'Immediate': 0, 'IM': 0, 'AE': 0, 'A E': 0, 'AAPDA MITRA': 0, 'Bridge': 0, 'River': 0, 'Drain': 2, 'Restoration': 0, 'Protection': 0, 'irr': 0, 'irrigation': 0, 'dam': 0, 'Nallah': 0, 'Retrofitting': 0, 'Pond': 0, 'Pokhari': 0, 'D/C': 0, 'Recharge shaft': 0, 'LFB': 0, 'RFB': 0}","{'Floodlight': 0, 'Flood Light': 0, 'GAS': 0, 'FIFA': 0, 'pipe': 0, 'pipes': 0, 'covid': 0, 'supply': 0, 'Beautification': 0, 'Installation': 0}",,,False,True,Immediate Measures
9127,NIT-11/2020-21/BIHARSHARIF Gr.03,"Construction of new 125mm X 40mm dia X 46 meter deep/125mm Xx 40mm dia X 61 meter deep hand operated T/well and125mm DIA X 45 M. DEEP GRAVEL PACKED T/W with India Mark -II Hand Pump with Platform and drain in place of Defunct T/W in diffrent block under P.H.Division, Biharsharif.","Construction of new 125mm X 40mm dia X 46 meter deep/125mm Xx 40mm dia X 61 meter deep hand operated T/well and125mm DIA X 45 M. DEEP GRAVEL PACKED T/W with India Mark -II Hand Pump with Platform and drain in place of Defunct T/W in diffrent block under P.H.Division, Biharsharif.",3161200.0,INR,INR,2021-03-19 08:00:54+00:00,2021-03-19T07:46:12.553000+00:00,2021-05-08T10:48:41+00:00,RAMA SHANKAR SINGH,EXECUTIVE ENGINEER,P.H.E.D.,Biharsharif,PRASHOON KUMAR,SE,PHED ARA,63300.0,5000.0,590.0,True,"{'Flood': 0, 'Embankment': 0, 'embkt': 0, 'Relief': 0, 'Erosion': 0, 'SDRF': 0, 'Inundation': 0, 'Hydrology': 0, 'Silt': 0, 'Siltation': 0, 'Bund': 0, 'Trench': 0, 'Breach': 0, 'Culvert': 0, 'Sluice': 0, 'Dyke': 0, 'Storm water drain': 0, 'Emergency': 0, 'Immediate': 0, 'IM': 0, 'AE': 0, 'A E': 0, 'AAPDA MITRA': 0, 'Bridge': 0, 'River': 0, 'Drain': 2, 'Restoration': 0, 'Protection': 0, 'irr': 0, 'irrigation': 0, 'dam': 0, 'Nallah': 0, 'Retrofitting': 0, 'Pond': 0, 'Pokhari': 0, 'D/C': 0, 'Recharge shaft': 0, 'LFB': 0, 'RFB': 0}","{'Floodlight': 0, 'Flood Light': 0, 'GAS': 0, 'FIFA': 0, 'pipe': 0, 'pipes': 0, 'covid': 0, 'supply': 0, 'Beautification': 0, 'Installation': 0}",,,False,True,Immediate Measures
9128,NIT NO-20/2020-21 GR-01,GR NO-01 Construction of 25 Nos. 125 mm x 40mm x 61M deep T/Well & 35 Nos. 125 mm x 115mm x 70M deep drilled T/Well  with  IM II Hand  Pump  P.C.C. 1.85 meter  dia  circular platform and  2 meter  long  P.C.C.  Drain  for  providing  drinking  water in water Scarce area by replacing Defunct T/well in P.H Sub-division Aurangabad and Daudnagar in the district of Aurangabad under  P.H. Division Aurangabad in the  year 2020-21,GR NO-01 Construction of 25 Nos. 125 mm x 40mm x 61M deep T/Well & 35 Nos. 125 mm x 115mm x 70M deep drilled T/Well  with  IM II Hand  Pump  P.C.C. 1.85 meter  dia  circular platform and  2 meter  long  P.C.C.  Drain  for  providing  drinking  water in water Scarce area by replacing Defunct T/well in P.H Sub-division Aurangabad and Daudnagar in the district of Aurangabad under  P.H. Division Aurangabad in the  year 2020-21,3596500.0,INR,INR,2021-03-20 06:47:17+00:00,2021-03-19T07:56:00.098000+00:00,2021-04-10T11:09:45+00:00,"EXECUTIVE ENGINEER, AURANGABAD",EE,PH DIVISION AURANGABAD,"PHED COLONY , AURANGABAD","EXECUTIVE ENGINEEER, AURANGABAD",EE,"PH DIVISION, AURANGABAD",72000.0,5000.0,590.0,True,"{'Flood': 0, 'Embankment': 0, 'embkt': 0, 'Relief': 0, 'Erosion': 0, 'SDRF': 0, 'Inundation': 0, 'Hydrology': 0, 'Silt': 0, 'Siltation': 0, 'Bund': 0, 'Trench': 0, 'Breach': 0, 'Culvert': 0, 'Sluice': 0, 'Dyke': 0, 'Storm water drain': 0, 'Emergency': 0, 'Immediate': 0, 'IM': 2, 'AE': 0, 'A E': 0, 'AAPDA MITRA': 0, 'Bridge': 0, 'River': 0, 'Drain': 2, 'Restoration': 0, 'Protection': 0, 'irr': 0, 'irrigation': 0, 'dam': 0, 'Nallah': 0, 'Retrofitting': 0, 'Pond': 0, 'Pokhari': 0, 'D/C': 0, 'Recharge shaft': 0, 'LFB': 0, 'RFB': 0}","{'Floodlight': 0, 'Flood Light': 0, 'GAS': 0, 'FIFA': 0, 'pipe': 0, 'pipes': 0, 'covid': 0, 'supply': 0, 'Beautification': 0, 'Installation': 0}",,,False,True,Immediate Measures
9129,NIT-11/2020-21/BIHARSHARIF Gr.04,"Construction of new 125mm X 40mm dia X 46 meter deep/125mm Xx 40mm dia X 61 meter deep hand operated T/well and125mm DIA X 45 M. DEEP GRAVEL PACKED T/W with India Mark -II Hand Pump with Platform and drain in place of Defunct T/W in diffrent block under P.H.Division, Biharsharif.","Construction of new 125mm X 40mm dia X 46 meter deep/125mm Xx 40mm dia X 61 meter deep hand operated T/well and125mm DIA X 45 M. DEEP GRAVEL PACKED T/W with India Mark -II Hand Pump with Platform and drain in place of Defunct T/W in diffrent block under P.H.Division, Biharsharif.",2705800.0,INR,INR,2021-03-19 08:26:13+00:00,2021-03-19T08:05:00.874000+00:00,2021-05-10T07:02:21+00:00,RAMA SHANKAR SINGH,EXECUTIVE ENGINEER,P.H.E.D.,Biharsharif,PRASHOON KUMAR,SE,PHED ARA,54200.0,5000.0,590.0,True,"{'Flood': 0, 'Embankment': 0, 'embkt': 0, 'Relief': 0, 'Erosion': 0, 'SDRF': 0, 'Inundation': 0, 'Hydrology': 0, 'Silt': 0, 'Siltation': 0, 'Bund': 0, 'Trench': 0, 'Breach': 0, 'Culvert': 0, 'Sluice': 0, 'Dyke': 0, 'Storm water drain': 0, 'Emergency': 0, 'Immediate': 0, 'IM': 0, 'AE': 0, 'A E': 0, 'AAPDA MITRA': 0, 'Bridge': 0, 'River': 0, 'Drain': 2, 'Restoration': 0, 'Protection': 0, 'irr': 0, 'irrigation': 0, 'dam': 0, 'Nallah': 0, 'Retrofitting': 0, 'Pond': 0, 'Pokhari': 0, 'D/C': 0, 'Recharge shaft': 0, 'LFB': 0, 'RFB': 0}","{'Floodlight': 0, 'Flood Light': 0, 'GAS': 0, 'FIFA': 0, 'pipe': 0, 'pipes': 0, 'covid': 0, 'supply': 0, 'Beautification': 0, 'Installation': 0}",,,False,True,Immediate Measures
9134,NIT NO-20/2020-21 GR-02,GR NO-02 Construction of 20 Nos. 125 mm x 40mm x 61M deep T/Well & 25 Nos. 125 mm x 115mm x 70M deep drilled T/Well  with  IM II Hand  Pump  P.C.C. 1.85 meter  dia  circular platform and  2 meter  long  P.C.C.  Drain  for  providing  drinking  water in water Scarce area by replacing Defunct T/well in P.H Sub-division Navinagar in the district of Aurangabad under  P.H. Division Aurangabad in the  year 2020-21,GR NO-02 Construction of 20 Nos. 125 mm x 40mm x 61M deep T/Well & 25 Nos. 125 mm x 115mm x 70M deep drilled T/Well  with  IM II Hand  Pump  P.C.C. 1.85 meter  dia  circular platform and  2 meter  long  P.C.C.  Drain  for  providing  drinking  water in water Scarce area by replacing Defunct T/well in P.H Sub-division Navinagar in the district of Aurangabad under  P.H. Division Aurangabad in the  year 2020-21,2700500.0,INR,INR,2021-03-20 06:49:14+00:00,2021-03-19T09:11:21.225000+00:00,2021-04-10T11:13:14+00:00,"EXECUTIVE ENGINEER, AURANGABAD",EE,PH DIVISION AURANGABAD,"PHED COLONY , AURANGABAD","EXECUTIVE ENGINEEER, AURANGABAD",EE,"PH DIVISION, AURANGABAD",54500.0,5000.0,590.0,True,"{'Flood': 0, 'Embankment': 0, 'embkt': 0, 'Relief': 0, 'Erosion': 0, 'SDRF': 0, 'Inundation': 0, 'Hydrology': 0, 'Silt': 0, 'Siltation': 0, 'Bund': 0, 'Trench': 0, 'Breach': 0, 'Culvert': 0, 'Sluice': 0, 'Dyke': 0, 'Storm water drain': 0, 'Emergency': 0, 'Immediate': 0, 'IM': 2, 'AE': 0, 'A E': 0, 'AAPDA MITRA': 0, 'Bridge': 0, 'River': 0, 'Drain': 2, 'Restoration': 0, 'Protection': 0, 'irr': 0, 'irrigation': 0, 'dam': 0, 'Nallah': 0, 'Retrofitting': 0, 'Pond': 0, 'Pokhari': 0, 'D/C': 0, 'Recharge shaft': 0, 'LFB': 0, 'RFB': 0}","{'Floodlight': 0, 'Flood Light': 0, 'GAS': 0, 'FIFA': 0, 'pipe': 0, 'pipes': 0, 'covid': 0, 'supply': 0, 'Beautification': 0, 'Installation': 0}",,,False,True,Immediate Measures
9137,NIT-25/2020-21/G2,"Construction of  125mm X 40mm X 61M deep tube well with I.M-II Hand Pump, platform & drain under Sinking of New Handpump in the place of defunct Handpump in the water Scarce area in Patna District under P.H. Division, Patna East, Patna for the Year 2020-21- 60 No. Group 2","Construction of  125mm X 40mm X 61M deep tube well with I.M-II Hand Pump, platform & drain under Sinking of New Handpump in the place of defunct Handpump in the water Scarce area in Patna District under P.H. Division, Patna East, Patna for the Year 2020-21- 60 No. Group 2",3687000.0,INR,INR,2021-03-19 09:38:36+00:00,2021-03-19T09:31:14.317000+00:00,2021-05-13T09:45:49+00:00,"EXECUTIVE ENGINEER , P.H. DIVISION, PATNA EAST.",EE,"P.H. DIVISION, PATNA EAST","CHHAJJU BAGH, FRASER ROAD, PATNA-1","EXECUTIVE ENGINEER, P.H. DIVISION, PATNA EAST",EE,"P H DIVISION, PATNA EAST",73800.0,5000.0,590.0,True,"{'Flood': 0, 'Embankment': 0, 'embkt': 0, 'Relief': 0, 'Erosion': 0, 'SDRF': 0, 'Inundation': 0, 'Hydrology': 0, 'Silt': 0, 'Siltation': 0, 'Bund': 0, 'Trench': 0, 'Breach': 0, 'Culvert': 0, 'Sluice': 0, 'Dyke': 0, 'Storm water drain': 0, 'Emergency': 0, 'Immediate': 0, 'IM': 0, 'AE': 0, 'A E': 0, 'AAPDA MITRA': 0, 'Bridge': 0, 'River': 0, 'Drain': 2, 'Restoration': 0, 'Protection': 0, 'irr': 0, 'irrigation': 0, 'dam': 0, 'Nallah': 0, 'Retrofitting': 0, 'Pond': 0, 'Pokhari': 0, 'D/C': 0, 'Recharge shaft': 0, 'LFB': 0, 'RFB': 0}","{'Floodlight': 0, 'Flood Light': 0, 'GAS': 0, 'FIFA': 0, 'pipe': 0, 'pipes': 0, 'covid': 0, 'supply': 0, 'Beautification': 0, 'Installation': 0}",,,False,True,Immediate Measures
9135,05/2020-21/buxar/GR.-01,"Construction of new 125mm X 40mm dia X 61 meter deep hand operated T/well with India Mark II Hand Pump with Platform and drain Construction of 125mm X 40mm dia. X 46 meter , 125mm X 40mm dia. X 61 meter deep and construction of  1.85 Mtr. dia. circular P.C.C. Platform and 3.00 mtr P.C.C drain in Aapda/Defunct  head under the jurisdiction of P.H.Division, BUXAR (Year 2020-21)","Construction of new 125mm X 40mm dia X 61 meter deep hand operated T/well with India Mark II Hand Pump with Platform and drain Construction of 125mm X 40mm dia. X 46 meter , 125mm X 40mm dia. X 61 meter deep and construction of  1.85 Mtr. dia. circular P.C.C. Platform and 3.00 mtr P.C.C drain in Aapda/Defunct  head under the jurisdiction of P.H.Division, BUXAR (Year 2020-21)",3072350.0,INR,INR,2021-03-19 09:56:46+00:00,2021-03-19T09:15:48.351000+00:00,2021-05-15T08:22:44+00:00,Pawan Kumar,EE,PHED BUXAR,PHED BUXAR,PRASHOON KUMAR,SE,PHED ARA,63000.0,5000.0,590.0,True,"{'Flood': 0, 'Embankment': 0, 'embkt': 0, 'Relief': 0, 'Erosion': 0, 'SDRF': 0, 'Inundation': 0, 'Hydrology': 0, 'Silt': 0, 'Siltation': 0, 'Bund': 0, 'Trench': 0, 'Breach': 0, 'Culvert': 0, 'Sluice': 0, 'Dyke': 0, 'Storm water drain': 0, 'Emergency': 0, 'Immediate': 0, 'IM': 0, 'AE': 0, 'A E': 0, 'AAPDA MITRA': 0, 'Bridge': 0, 'River': 0, 'Drain': 4, 'Restoration': 0, 'Protection': 0, 'irr': 0, 'irrigation': 0, 'dam': 0, 'Nallah': 0, 'Retrofitting': 0, 'Pond': 0, 'Pokhari': 0, 'D/C': 0, 'Recharge shaft': 0, 'LFB': 0, 'RFB': 0}","{'Floodlight': 0, 'Flood Light': 0, 'GAS': 0, 'FIFA': 0, 'pipe': 0, 'pipes': 0, 'covid': 0, 'supply': 0, 'Beautification': 0, 'Installation': 0}",,,False,True,Immediate Measures
9136,NIT NO-20/2020-21 GR-03,GR NO-03 Construction of 25 Nos. 125 mm x 40mm x 61M deep T/Well & 20 Nos. 125 mm x 115mm x 70M deep drilled T/Well  with  IM II Hand  Pump  P.C.C. 1.85 meter  dia  circular platform and  2 meter  long  P.C.C.  Drain for  providing  drinking  water in water Scarce area by replacing Defunct T/well in P.H Sub-division Rafiganj in the district of Aurangabad under  P.H. Division Aurangabad in the  year 2020-21,GR NO-03 Construction of 25 Nos. 125 mm x 40mm x 61M deep T/Well & 20 Nos. 125 mm x 115mm x 70M deep drilled T/Well  with  IM II Hand  Pump  P.C.C. 1.85 meter  dia  circular platform and  2 meter  long  P.C.C.  Drain for  providing  drinking  water in water Scarce area by replacing Defunct T/well in P.H Sub-division Rafiganj in the district of Aurangabad under  P.H. Division Aurangabad in the  year 2020-21,2713000.0,INR,INR,2021-03-20 06:50:59+00:00,2021-03-19T09:28:34.038000+00:00,2021-04-10T11:15:56+00:00,"EXECUTIVE ENGINEER, AURANGABAD",EE,PH DIVISION AURANGABAD,"PHED COLONY , AURANGABAD","EXECUTIVE ENGINEEER, AURANGABAD",EE,"PH DIVISION, AURANGABAD",54500.0,5000.0,590.0,True,"{'Flood': 0, 'Embankment': 0, 'embkt': 0, 'Relief': 0, 'Erosion': 0, 'SDRF': 0, 'Inundation': 0, 'Hydrology': 0, 'Silt': 0, 'Siltation': 0, 'Bund': 0, 'Trench': 0, 'Breach': 0, 'Culvert': 0, 'Sluice': 0, 'Dyke': 0, 'Storm water drain': 0, 'Emergency': 0, 'Immediate': 0, 'IM': 2, 'AE': 0, 'A E': 0, 'AAPDA MITRA': 0, 'Bridge': 0, 'River': 0, 'Drain': 2, 'Restoration': 0, 'Protection': 0, 'irr': 0, 'irrigation': 0, 'dam': 0, 'Nallah': 0, 'Retrofitting': 0, 'Pond': 0, 'Pokhari': 0, 'D/C': 0, 'Recharge shaft': 0, 'LFB': 0, 'RFB': 0}","{'Floodlight': 0, 'Flood Light': 0, 'GAS': 0, 'FIFA': 0, 'pipe': 0, 'pipes': 0, 'covid': 0, 'supply': 0, 'Beautification': 0, 'Installation': 0}",,,False,True,Immediate Measures
9139,05/2020-21/buxar/GR.-02,"Construction of new 125mm X 40mm dia X 61 meter deep hand operated T/well with India Mark II Hand Pump with Platform and drain Construction of 125mm X 40mm dia. X 46 meter , 125mm X 40mm dia. X 61 meter deep and construction of  1.85 Mtr. dia. circular P.C.C. Platform and 3.00 mtr P.C.C drain in Aapda/Defunct  head under the jurisdiction of P.H.Division, BUXAR (Year 2020-21)","Construction of new 125mm X 40mm dia X 61 meter deep hand operated T/well with India Mark II Hand Pump with Platform and drain Construction of 125mm X 40mm dia. X 46 meter , 125mm X 40mm dia. X 61 meter deep and construction of  1.85 Mtr. dia. circular P.C.C. Platform and 3.00 mtr P.C.C drain in Aapda/Defunct  head under the jurisdiction of P.H.Division, BUXAR (Year 2020-21)",3072350.0,INR,INR,2021-03-19 10:01:40+00:00,2021-03-19T09:58:02.446000+00:00,2021-05-15T08:26:30+00:00,Pawan Kumar,EE,PHED BUXAR,PHED BUXAR,PRASHOON KUMAR,SE,PHED ARA,63000.0,5000.0,590.0,True,"{'Flood': 0, 'Embankment': 0, 'embkt': 0, 'Relief': 0, 'Erosion': 0, 'SDRF': 0, 'Inundation': 0, 'Hydrology': 0, 'Silt': 0, 'Siltation': 0, 'Bund': 0, 'Trench': 0, 'Breach': 0, 'Culvert': 0, 'Sluice': 0, 'Dyke': 0, 'Storm water drain': 0, 'Emergency': 0, 'Immediate': 0, 'IM': 0, 'AE': 0, 'A E': 0, 'AAPDA MITRA': 0, 'Bridge': 0, 'River': 0, 'Drain': 4, 'Restoration': 0, 'Protection': 0, 'irr': 0, 'irrigation': 0, 'dam': 0, 'Nallah': 0, 'Retrofitting': 0, 'Pond': 0, 'Pokhari': 0, 'D/C': 0, 'Recharge shaft': 0, 'LFB': 0, 'RFB': 0}","{'Floodlight': 0, 'Flood Light': 0, 'GAS': 0, 'FIFA': 0, 'pipe': 0, 'pipes': 0, 'covid': 0, 'supply': 0, 'Beautification': 0, 'Installation': 0}",,,False,True,Immediate Measures
9156,NIT-04/PHED/SITAMARHI/2020-21/GR01,"Construction of 125mm X 40mm dia X 61 meter deep hand operated T/well with India Mark II Hand Pump  and construction of  1.85 Mtr dia circular P.C.C. Platform and P.C.C drain  in place of old and defunct handpump in the water scare area for the year 2020-21under P.H Division Sitamarhi, District-Sitamarhi.","Construction of 125mm X 40mm dia X 61 meter deep hand operated T/well with India Mark II Hand Pump  and construction of  1.85 Mtr dia circular P.C.C. Platform and P.C.C drain  in place of old and defunct handpump in the water scare area for the year 2020-21under P.H Division Sitamarhi, District-Sitamarhi.",2808500.0,INR,INR,2021-03-19 11:49:49+00:00,2021-03-19T10:23:41.122000+00:00,2021-04-15T08:01:37+00:00,Arun Prakash,EXECUTIVE ENGINEER,"EXECUTIVE ENGINEER, SITAMARHI DIVISION",DUMRA SITAMARHI,SUPERINTENDING ENGINNER  MUZAFFARPUR,SE,PHED CIRCLE OFFICE MUZAFFARPUR,56200.0,5000.0,590.0,True,"{'Flood': 0, 'Embankment': 0, 'embkt': 0, 'Relief': 0, 'Erosion': 0, 'SDRF': 0, 'Inundation': 0, 'Hydrology': 0, 'Silt': 0, 'Siltation': 0, 'Bund': 0, 'Trench': 0, 'Breach': 0, 'Culvert': 0, 'Sluice': 0, 'Dyke': 0, 'Storm water drain': 0, 'Emergency': 0, 'Immediate': 0, 'IM': 0, 'AE': 0, 'A E': 0, 'AAPDA MITRA': 0, 'Bridge': 0, 'River': 0, 'Drain': 2, 'Restoration': 0, 'Protection': 0, 'irr': 0, 'irrigation': 0, 'dam': 0, 'Nallah': 0, 'Retrofitting': 0, 'Pond': 0, 'Pokhari': 0, 'D/C': 0, 'Recharge shaft': 0, 'LFB': 0, 'RFB': 0}","{'Floodlight': 0, 'Flood Light': 0, 'GAS': 0, 'FIFA': 0, 'pipe': 0, 'pipes': 0, 'covid': 0, 'supply': 0, 'Beautification': 0, 'Installation': 0}",,,False,True,Immediate Measures
9164,09/PHED/SKP/GR-02,"Construction of 36 nos. of 125mm dia x 55m deep Gravel packed T/well  and 6 nos. of 125/115mm dia x 70m deep Drilled T/well with India Mark II Hand Pump with Platform and drain in Place of defunct handpump in Rural of Sheikhpura District  under  P.H. Division, Sheikhpura for the year 2020-21.","Construction of 36 nos. of 125mm dia x 55m deep Gravel packed T/well  and 6 nos. of 125/115mm dia x 70m deep Drilled T/well with India Mark II Hand Pump with Platform and drain in Place of defunct handpump in Rural of Sheikhpura District  under  P.H. Division, Sheikhpura for the year 2020-21.",3057000.0,INR,INR,2021-03-19 12:41:25+00:00,2021-03-19T11:13:02.820000+00:00,2021-10-26T13:57:06+00:00,"EXECUTIVE ENGINEER, JAMUI",E.E JAMUI,P.H.E.D JAMUI,SIRCHAND NAWADA ROAD NEAR DDC RESIDENCE,"EXECUTIVE  ENGINEER, JAMUI",E.E JAMUI,P.H.E.D  JAMUI,61500.0,5000.0,590.0,True,"{'Flood': 0, 'Embankment': 0, 'embkt': 0, 'Relief': 0, 'Erosion': 0, 'SDRF': 0, 'Inundation': 0, 'Hydrology': 0, 'Silt': 0, 'Siltation': 0, 'Bund': 0, 'Trench': 0, 'Breach': 0, 'Culvert': 0, 'Sluice': 0, 'Dyke': 0, 'Storm water drain': 0, 'Emergency': 0, 'Immediate': 0, 'IM': 0, 'AE': 0, 'A E': 0, 'AAPDA MITRA': 0, 'Bridge': 0, 'River': 0, 'Drain': 2, 'Restoration': 0, 'Protection': 0, 'irr': 0, 'irrigation': 0, 'dam': 0, 'Nallah': 0, 'Retrofitting': 0, 'Pond': 0, 'Pokhari': 0, 'D/C': 0, 'Recharge shaft': 0, 'LFB': 0, 'RFB': 0}","{'Floodlight': 0, 'Flood Light': 0, 'GAS': 0, 'FIFA': 0, 'pipe': 0, 'pipes': 0, 'covid': 0, 'supply': 0, 'Beautification': 0, 'Installation': 0}",,,False,True,Immediate Measures
9166,KTR/NIT-14/2020-21-GR07,CONSTRUCTION OF PCC ROAD AND DRAIN FROM PCC ROAD TO THE HOUSE OF UDAY PANDEY  VIA BIJAY BHOWMIK UPTO THE HOUSE OF SHANKAR AGRWAL  IN WARD NO.- 14 AT KATIHAR,CONSTRUCTION OF PCC ROAD AND DRAIN FROM PCC ROAD TO THE HOUSE OF UDAY PANDEY  VIA BIJAY BHOWMIK UPTO THE HOUSE OF SHANKAR AGRWAL  IN WARD NO.- 14 AT KATIHAR,916427.0,INR,INR,2021-03-19 11:41:25+00:00,2021-03-19T11:25:33.884000+00:00,2021-04-01T12:01:06+00:00,"MUNICIPAL COMMISSIONER, KATIHAR",MCO,NAGAR NIGAM KATIHAR,SHAHID CHOWK KATIHAR,SOMESH BAHADUR MATHUR,MUNICIPAL COMMISSIONER BEGUSARAI,"BEGUSARAI Municipal Corporation, BEGUSARAI",18400.0,1250.0,590.0,True,"{'Flood': 0, 'Embankment': 0, 'embkt': 0, 'Relief': 0, 'Erosion': 0, 'SDRF': 0, 'Inundation': 0, 'Hydrology': 0, 'Silt': 0, 'Siltation': 0, 'Bund': 0, 'Trench': 0, 'Breach': 0, 'Culvert': 0, 'Sluice': 0, 'Dyke': 0, 'Storm water drain': 0, 'Emergency': 0, 'Immediate': 0, 'IM': 0, 'AE': 0, 'A E': 0, 'AAPDA MITRA': 0, 'Bridge': 0, 'River': 0, 'Drain': 2, 'Restoration': 0, 'Protection': 0, 'irr': 0, 'irrigation': 0, 'dam': 0, 'Nallah': 0, 'Retrofitting': 0, 'Pond': 0, 'Pokhari': 0, 'D/C': 0, 'Recharge shaft': 0, 'LFB': 0, 'RFB': 0}","{'Floodlight': 0, 'Flood Light': 0, 'GAS': 0, 'FIFA': 0, 'pipe': 0, 'pipes': 0, 'covid': 0, 'supply': 0, 'Beautification': 0, 'Installation': 0}",,,False,True,Immediate Measures
9167,KTR/NIT-14/2020-21-GR01,"CONSTRUCTION OF P.C.C ROAD & REPAIR OF DRAIN  AND SLAB FROM THE HOUSE OF BHESH NATH JHA  UPTO POSTER KRIST SCHOOL, ASHOK MISHRA TO THE HOUSE OF PROP DILIP KUMAR JHA HOUSE  IN WARD NO.- 37 AT KATIHAR.","CONSTRUCTION OF P.C.C ROAD & REPAIR OF DRAIN  AND SLAB FROM THE HOUSE OF BHESH NATH JHA  UPTO POSTER KRIST SCHOOL, ASHOK MISHRA TO THE HOUSE OF PROP DILIP KUMAR JHA HOUSE  IN WARD NO.- 37 AT KATIHAR.",2979857.0,INR,INR,2021-03-19 11:55:56+00:00,2021-03-19T11:42:12.318000+00:00,2021-04-01T12:11:31+00:00,"MUNICIPAL COMMISSIONER, KATIHAR",MCO,NAGAR NIGAM KATIHAR,SHAHID CHOWK KATIHAR,SOMESH BAHADUR MATHUR,MUNICIPAL COMMISSIONER BEGUSARAI,"BEGUSARAI Municipal Corporation, BEGUSARAI",59600.0,5000.0,590.0,True,"{'Flood': 0, 'Embankment': 0, 'embkt': 0, 'Relief': 0, 'Erosion': 0, 'SDRF': 0, 'Inundation': 0, 'Hydrology': 0, 'Silt': 0, 'Siltation': 0, 'Bund': 0, 'Trench': 0, 'Breach': 0, 'Culvert': 0, 'Sluice': 0, 'Dyke': 0, 'Storm water drain': 0, 'Emergency': 0, 'Immediate': 0, 'IM': 0, 'AE': 0, 'A E': 0, 'AAPDA MITRA': 0, 'Bridge': 0, 'River': 0, 'Drain': 2, 'Restoration': 0, 'Protection': 0, 'irr': 0, 'irrigation': 0, 'dam': 0, 'Nallah': 0, 'Retrofitting': 0, 'Pond': 0, 'Pokhari': 0, 'D/C': 0, 'Recharge shaft': 0, 'LFB': 0, 'RFB': 0}","{'Floodlight': 0, 'Flood Light': 0, 'GAS': 0, 'FIFA': 0, 'pipe': 0, 'pipes': 0, 'covid': 0, 'supply': 0, 'Beautification': 0, 'Installation': 0}",,,False,True,Immediate Measures
9165,09/PHED/SKP/GR-03,"Construction of 36 nos. of 125mm dia x 55m deep Gravel packed T/well  and 6 nos. of 125/115mm dia x 70m deep Drilled T/well with India Mark II Hand Pump with Platform and drain in Place of defunct handpump in Rural of Sheikhpura District  under  P.H. Division, Sheikhpura for the year 2020-21.","Construction of 36 nos. of 125mm dia x 55m deep Gravel packed T/well  and 6 nos. of 125/115mm dia x 70m deep Drilled T/well with India Mark II Hand Pump with Platform and drain in Place of defunct handpump in Rural of Sheikhpura District  under  P.H. Division, Sheikhpura for the year 2020-21.",3057000.0,INR,INR,2021-03-19 12:45:21+00:00,2021-03-19T11:13:30.789000+00:00,2021-10-26T13:56:30+00:00,"EXECUTIVE ENGINEER, JAMUI",E.E JAMUI,P.H.E.D JAMUI,SIRCHAND NAWADA ROAD NEAR DDC RESIDENCE,"EXECUTIVE  ENGINEER, JAMUI",E.E JAMUI,P.H.E.D  JAMUI,61500.0,5000.0,590.0,True,"{'Flood': 0, 'Embankment': 0, 'embkt': 0, 'Relief': 0, 'Erosion': 0, 'SDRF': 0, 'Inundation': 0, 'Hydrology': 0, 'Silt': 0, 'Siltation': 0, 'Bund': 0, 'Trench': 0, 'Breach': 0, 'Culvert': 0, 'Sluice': 0, 'Dyke': 0, 'Storm water drain': 0, 'Emergency': 0, 'Immediate': 0, 'IM': 0, 'AE': 0, 'A E': 0, 'AAPDA MITRA': 0, 'Bridge': 0, 'River': 0, 'Drain': 2, 'Restoration': 0, 'Protection': 0, 'irr': 0, 'irrigation': 0, 'dam': 0, 'Nallah': 0, 'Retrofitting': 0, 'Pond': 0, 'Pokhari': 0, 'D/C': 0, 'Recharge shaft': 0, 'LFB': 0, 'RFB': 0}","{'Floodlight': 0, 'Flood Light': 0, 'GAS': 0, 'FIFA': 0, 'pipe': 0, 'pipes': 0, 'covid': 0, 'supply': 0, 'Beautification': 0, 'Installation': 0}",,,False,True,Immediate Measures
9168,KTR/NIT-14/2020-21-GR02,CONSTRUCTION OF PCC ROAD AND DRAIN SLAB OF ANATHLAY ROAD WARD NO-21 AT KATIHAR.,CONSTRUCTION OF PCC ROAD AND DRAIN SLAB OF ANATHLAY ROAD WARD NO-21 AT KATIHAR.,4871269.0,INR,INR,2021-03-19 12:02:37+00:00,2021-03-19T11:56:25.682000+00:00,2021-04-01T12:29:27+00:00,"MUNICIPAL COMMISSIONER, KATIHAR",MCO,NAGAR NIGAM KATIHAR,SHAHID CHOWK KATIHAR,SOMESH BAHADUR MATHUR,MUNICIPAL COMMISSIONER BEGUSARAI,"BEGUSARAI Municipal Corporation, BEGUSARAI",97500.0,5000.0,590.0,True,"{'Flood': 0, 'Embankment': 0, 'embkt': 0, 'Relief': 0, 'Erosion': 0, 'SDRF': 0, 'Inundation': 0, 'Hydrology': 0, 'Silt': 0, 'Siltation': 0, 'Bund': 0, 'Trench': 0, 'Breach': 0, 'Culvert': 0, 'Sluice': 0, 'Dyke': 0, 'Storm water drain': 0, 'Emergency': 0, 'Immediate': 0, 'IM': 0, 'AE': 0, 'A E': 0, 'AAPDA MITRA': 0, 'Bridge': 0, 'River': 0, 'Drain': 2, 'Restoration': 0, 'Protection': 0, 'irr': 0, 'irrigation': 0, 'dam': 0, 'Nallah': 0, 'Retrofitting': 0, 'Pond': 0, 'Pokhari': 0, 'D/C': 0, 'Recharge shaft': 0, 'LFB': 0, 'RFB': 0}","{'Floodlight': 0, 'Flood Light': 0, 'GAS': 0, 'FIFA': 0, 'pipe': 0, 'pipes': 0, 'covid': 0, 'supply': 0, 'Beautification': 0, 'Installation': 0}",,,False,True,Immediate Measures
9170,NIT-04/PHED/SITAMARHI/2020-21/GR02,"Construction of 125mm X 40mm dia X 61 meter deep hand operated T/well with India Mark II Hand Pump  and construction of  1.85 Mtr dia circular P.C.C. Platform and P.C.C drain  in place of old and defunct handpump in the water scare area for the year 2020-21under P.H Division Sitamarhi, District-Sitamarhi.","Construction of 125mm X 40mm dia X 61 meter deep hand operated T/well with India Mark II Hand Pump  and construction of  1.85 Mtr dia circular P.C.C. Platform and P.C.C drain  in place of old and defunct handpump in the water scare area for the year 2020-21under P.H Division Sitamarhi, District-Sitamarhi.",2808500.0,INR,INR,2021-03-19 12:25:20+00:00,2021-03-19T11:59:54.634000+00:00,2021-04-15T08:08:33+00:00,Arun Prakash,EXECUTIVE ENGINEER,"EXECUTIVE ENGINEER, SITAMARHI DIVISION",DUMRA SITAMARHI,SUPERINTENDING ENGINNER  MUZAFFARPUR,SE,PHED CIRCLE OFFICE MUZAFFARPUR,56200.0,5000.0,590.0,True,"{'Flood': 0, 'Embankment': 0, 'embkt': 0, 'Relief': 0, 'Erosion': 0, 'SDRF': 0, 'Inundation': 0, 'Hydrology': 0, 'Silt': 0, 'Siltation': 0, 'Bund': 0, 'Trench': 0, 'Breach': 0, 'Culvert': 0, 'Sluice': 0, 'Dyke': 0, 'Storm water drain': 0, 'Emergency': 0, 'Immediate': 0, 'IM': 0, 'AE': 0, 'A E': 0, 'AAPDA MITRA': 0, 'Bridge': 0, 'River': 0, 'Drain': 2, 'Restoration': 0, 'Protection': 0, 'irr': 0, 'irrigation': 0, 'dam': 0, 'Nallah': 0, 'Retrofitting': 0, 'Pond': 0, 'Pokhari': 0, 'D/C': 0, 'Recharge shaft': 0, 'LFB': 0, 'RFB': 0}","{'Floodlight': 0, 'Flood Light': 0, 'GAS': 0, 'FIFA': 0, 'pipe': 0, 'pipes': 0, 'covid': 0, 'supply': 0, 'Beautification': 0, 'Installation': 0}",,,False,True,Immediate Measures
9173,KTR/NIT-14/2020-21-GR05,CONSTRUCTION OF DRAIN FROM PUCCA DRAIN TO WARDS & RAILWAY  LOW LAND IN FRONT OF DIPNAYAYAN GUPTA  AT HOUSE IN WARD NO.- 21 AT KATIHAR.,CONSTRUCTION OF DRAIN FROM PUCCA DRAIN TO WARDS & RAILWAY  LOW LAND IN FRONT OF DIPNAYAYAN GUPTA  AT HOUSE IN WARD NO.- 21 AT KATIHAR.,2863968.0,INR,INR,2021-03-19 12:29:50+00:00,2021-03-19T12:22:03.816000+00:00,2021-04-07T10:32:02+00:00,"MUNICIPAL COMMISSIONER, KATIHAR",MCO,NAGAR NIGAM KATIHAR,SHAHID CHOWK KATIHAR,SOMESH BAHADUR MATHUR,MUNICIPAL COMMISSIONER BEGUSARAI,"BEGUSARAI Municipal Corporation, BEGUSARAI",57300.0,5000.0,590.0,True,"{'Flood': 0, 'Embankment': 0, 'embkt': 0, 'Relief': 0, 'Erosion': 0, 'SDRF': 0, 'Inundation': 0, 'Hydrology': 0, 'Silt': 0, 'Siltation': 0, 'Bund': 0, 'Trench': 0, 'Breach': 0, 'Culvert': 0, 'Sluice': 0, 'Dyke': 0, 'Storm water drain': 0, 'Emergency': 0, 'Immediate': 0, 'IM': 0, 'AE': 0, 'A E': 0, 'AAPDA MITRA': 0, 'Bridge': 0, 'River': 0, 'Drain': 4, 'Restoration': 0, 'Protection': 0, 'irr': 0, 'irrigation': 0, 'dam': 0, 'Nallah': 0, 'Retrofitting': 0, 'Pond': 0, 'Pokhari': 0, 'D/C': 0, 'Recharge shaft': 0, 'LFB': 0, 'RFB': 0}","{'Floodlight': 0, 'Flood Light': 0, 'GAS': 0, 'FIFA': 0, 'pipe': 0, 'pipes': 0, 'covid': 0, 'supply': 0, 'Beautification': 0, 'Installation': 0}",,,False,True,Immediate Measures
9171,KTR/NIT-14/2020-21-GR03 (Unemployed Eng.),CONSTRUCTION PAVER BLOCK ROAD AND DRAIN BESIDE THE SAHARA INDIA IN HIGH SCHOOL PARA IN WARD NO.- 21 AT KATIHAR.,CONSTRUCTION PAVER BLOCK ROAD AND DRAIN BESIDE THE SAHARA INDIA IN HIGH SCHOOL PARA IN WARD NO.- 21 AT KATIHAR.,3100542.0,INR,INR,2021-03-19 12:12:08+00:00,2021-03-19T12:02:59.202000+00:00,2021-04-07T10:13:03+00:00,"MUNICIPAL COMMISSIONER, KATIHAR",MCO,NAGAR NIGAM KATIHAR,SHAHID CHOWK KATIHAR,SOMESH BAHADUR MATHUR,MUNICIPAL COMMISSIONER BEGUSARAI,"BEGUSARAI Municipal Corporation, BEGUSARAI",31100.0,5000.0,590.0,True,"{'Flood': 0, 'Embankment': 0, 'embkt': 0, 'Relief': 0, 'Erosion': 0, 'SDRF': 0, 'Inundation': 0, 'Hydrology': 0, 'Silt': 0, 'Siltation': 0, 'Bund': 0, 'Trench': 0, 'Breach': 0, 'Culvert': 0, 'Sluice': 0, 'Dyke': 0, 'Storm water drain': 0, 'Emergency': 0, 'Immediate': 0, 'IM': 0, 'AE': 0, 'A E': 0, 'AAPDA MITRA': 0, 'Bridge': 0, 'River': 0, 'Drain': 2, 'Restoration': 0, 'Protection': 0, 'irr': 0, 'irrigation': 0, 'dam': 0, 'Nallah': 0, 'Retrofitting': 0, 'Pond': 0, 'Pokhari': 0, 'D/C': 0, 'Recharge shaft': 0, 'LFB': 0, 'RFB': 0}","{'Floodlight': 0, 'Flood Light': 0, 'GAS': 0, 'FIFA': 0, 'pipe': 0, 'pipes': 0, 'covid': 0, 'supply': 0, 'Beautification': 0, 'Installation': 0}",,,False,True,Immediate Measures
9174,KTR/NIT-14/2020-21-GR06,CONSTRUCTION OF PCC DRAIN & EDGE SOLING ROAD FROM  CULVART UPTO  PCC ROAD IN INDISTRIAL AREA AT VERMA COLONY IN WARD NO.- 21 AT KATIHAR.,CONSTRUCTION OF PCC DRAIN & EDGE SOLING ROAD FROM  CULVART UPTO  PCC ROAD IN INDISTRIAL AREA AT VERMA COLONY IN WARD NO.- 21 AT KATIHAR.,1069863.0,INR,INR,2021-03-19 12:37:06+00:00,2021-03-19T12:30:29.181000+00:00,2021-04-07T10:43:18+00:00,"MUNICIPAL COMMISSIONER, KATIHAR",MCO,NAGAR NIGAM KATIHAR,SHAHID CHOWK KATIHAR,SOMESH BAHADUR MATHUR,MUNICIPAL COMMISSIONER BEGUSARAI,"BEGUSARAI Municipal Corporation, BEGUSARAI",21400.0,2500.0,590.0,True,"{'Flood': 0, 'Embankment': 0, 'embkt': 0, 'Relief': 0, 'Erosion': 0, 'SDRF': 0, 'Inundation': 0, 'Hydrology': 0, 'Silt': 0, 'Siltation': 0, 'Bund': 0, 'Trench': 0, 'Breach': 0, 'Culvert': 0, 'Sluice': 0, 'Dyke': 0, 'Storm water drain': 0, 'Emergency': 0, 'Immediate': 0, 'IM': 0, 'AE': 0, 'A E': 0, 'AAPDA MITRA': 0, 'Bridge': 0, 'River': 0, 'Drain': 2, 'Restoration': 0, 'Protection': 0, 'irr': 0, 'irrigation': 0, 'dam': 0, 'Nallah': 0, 'Retrofitting': 0, 'Pond': 0, 'Pokhari': 0, 'D/C': 0, 'Recharge shaft': 0, 'LFB': 0, 'RFB': 0}","{'Floodlight': 0, 'Flood Light': 0, 'GAS': 0, 'FIFA': 0, 'pipe': 0, 'pipes': 0, 'covid': 0, 'supply': 0, 'Beautification': 0, 'Installation': 0}",,,False,True,Immediate Measures
9175,NIT-04/2020-21/MADHUBANI GROUP 1,"Construction of 25 Nos of 125mm X 40mm dia X 71 meter deep hand operated T/well with India Mark II Hand Pump  and construction of  1.85 Mtr dia circular P.C.C. Platform and P.C.C drain and 39 Nos of Singur hand pump with P.C.C platform and drain  in place of old and defunct hand pump in the water scare area for the year 2020-21under P.H Division Madhubani, District-Madhubani. (GROUP 1)","Construction of 25 Nos of 125mm X 40mm dia X 71 meter deep hand operated T/well with India Mark II Hand Pump  and construction of  1.85 Mtr dia circular P.C.C. Platform and P.C.C drain and 39 Nos of Singur hand pump with P.C.C platform and drain  in place of old and defunct hand pump in the water scare area for the year 2020-21under P.H Division Madhubani, District-Madhubani. (GROUP 1)",2912250.0,INR,INR,2021-03-19 18:49:42+00:00,2021-03-19T14:10:25.284000+00:00,2021-06-09T08:50:11+00:00,AMBIKA PRSAD MANDAL EE PH DIVISION MADHUBANI,EXECUTIVE ENGINEER MADHUBANI,PH DIVISION MADHUBANI,KHADI BHANDAR ROAD,EE DARBHANGA,EE SUBODH SHANKAR,PHED DARBHANG,58500.0,5000.0,590.0,True,"{'Flood': 0, 'Embankment': 0, 'embkt': 0, 'Relief': 0, 'Erosion': 0, 'SDRF': 0, 'Inundation': 0, 'Hydrology': 0, 'Silt': 0, 'Siltation': 0, 'Bund': 0, 'Trench': 0, 'Breach': 0, 'Culvert': 0, 'Sluice': 0, 'Dyke': 0, 'Storm water drain': 0, 'Emergency': 0, 'Immediate': 0, 'IM': 0, 'AE': 0, 'A E': 0, 'AAPDA MITRA': 0, 'Bridge': 0, 'River': 0, 'Drain': 4, 'Restoration': 0, 'Protection': 0, 'irr': 0, 'irrigation': 0, 'dam': 0, 'Nallah': 0, 'Retrofitting': 0, 'Pond': 0, 'Pokhari': 0, 'D/C': 0, 'Recharge shaft': 0, 'LFB': 0, 'RFB': 0}","{'Floodlight': 0, 'Flood Light': 0, 'GAS': 0, 'FIFA': 0, 'pipe': 0, 'pipes': 0, 'covid': 0, 'supply': 0, 'Beautification': 0, 'Installation': 0}",,,False,True,Immediate Measures
9180,NIT NO-4/MBD/GR-2,"Construction of 25 Nos of 125mm X 40mm dia X 71 meter deep hand operated T/well with India Mark II Hand Pump  and construction of  1.85 Mtr dia circular P.C.C. Platform and P.C.C drain and 39 Nos of Singur hand pump with P.C.C platform and drain  in place of old and defunct hand pump in the water scare area for the year 2020-21under P.H Division Madhubani, District-Madhubani.(GROUP 2)","Construction of 25 Nos of 125mm X 40mm dia X 71 meter deep hand operated T/well with India Mark II Hand Pump  and construction of  1.85 Mtr dia circular P.C.C. Platform and P.C.C drain and 39 Nos of Singur hand pump with P.C.C platform and drain  in place of old and defunct hand pump in the water scare area for the year 2020-21under P.H Division Madhubani, District-Madhubani.(GROUP 2)",2912250.0,INR,INR,2021-03-19 19:45:36+00:00,2021-03-19T19:16:05.743000+00:00,2021-06-09T12:30:23+00:00,AMBIKA PRSAD MANDAL EE PH DIVISION MADHUBANI,EXECUTIVE ENGINEER MADHUBANI,PH DIVISION MADHUBANI,KHADI BHANDAR ROAD,MUKESH KUMAR EE PH DIVISION MADHUBANI,EXECUTIVE ENGINEER PH DIVISION MADHUBANI,PH DIVISION MADHUBANI,58500.0,5000.0,590.0,True,"{'Flood': 0, 'Embankment': 0, 'embkt': 0, 'Relief': 0, 'Erosion': 0, 'SDRF': 0, 'Inundation': 0, 'Hydrology': 0, 'Silt': 0, 'Siltation': 0, 'Bund': 0, 'Trench': 0, 'Breach': 0, 'Culvert': 0, 'Sluice': 0, 'Dyke': 0, 'Storm water drain': 0, 'Emergency': 0, 'Immediate': 0, 'IM': 0, 'AE': 0, 'A E': 0, 'AAPDA MITRA': 0, 'Bridge': 0, 'River': 0, 'Drain': 4, 'Restoration': 0, 'Protection': 0, 'irr': 0, 'irrigation': 0, 'dam': 0, 'Nallah': 0, 'Retrofitting': 0, 'Pond': 0, 'Pokhari': 0, 'D/C': 0, 'Recharge shaft': 0, 'LFB': 0, 'RFB': 0}","{'Floodlight': 0, 'Flood Light': 0, 'GAS': 0, 'FIFA': 0, 'pipe': 0, 'pipes': 0, 'covid': 0, 'supply': 0, 'Beautification': 0, 'Installation': 0}",,,False,True,Immediate Measures
9181,NIT NO-4/MDB/GROUP 3,"Construction of 25 Nos of 125mm X 40mm dia X 71 meter deep hand operated T/well with India Mark II Hand Pump  and construction of  1.85 Mtr dia circular P.C.C. Platform and P.C.C drain and 39 Nos of Singur hand pump with P.C.C platform and drain  in place of old and defunct hand pump in the water scare area for the year 2020-21under P.H Division Madhubani, District-Madhubani.(GR 3)","Construction of 25 Nos of 125mm X 40mm dia X 71 meter deep hand operated T/well with India Mark II Hand Pump  and construction of  1.85 Mtr dia circular P.C.C. Platform and P.C.C drain and 39 Nos of Singur hand pump with P.C.C platform and drain  in place of old and defunct hand pump in the water scare area for the year 2020-21under P.H Division Madhubani, District-Madhubani.(GR 3)",2912250.0,INR,INR,2021-03-19 20:13:26+00:00,2021-03-19T19:52:29.567000+00:00,2021-07-15T15:10:45+00:00,AMBIKA PRSAD MANDAL EE PH DIVISION MADHUBANI,EXECUTIVE ENGINEER MADHUBANI,PH DIVISION MADHUBANI,KHADI BHANDAR ROAD,MUKESH KUMAR EE PH DIVISION MADHUBANI,EXECUTIVE ENGINEER PH DIVISION MADHUBANI,PH DIVISION MADHUBANI,58500.0,5000.0,590.0,True,"{'Flood': 0, 'Embankment': 0, 'embkt': 0, 'Relief': 0, 'Erosion': 0, 'SDRF': 0, 'Inundation': 0, 'Hydrology': 0, 'Silt': 0, 'Siltation': 0, 'Bund': 0, 'Trench': 0, 'Breach': 0, 'Culvert': 0, 'Sluice': 0, 'Dyke': 0, 'Storm water drain': 0, 'Emergency': 0, 'Immediate': 0, 'IM': 0, 'AE': 0, 'A E': 0, 'AAPDA MITRA': 0, 'Bridge': 0, 'River': 0, 'Drain': 4, 'Restoration': 0, 'Protection': 0, 'irr': 0, 'irrigation': 0, 'dam': 0, 'Nallah': 0, 'Retrofitting': 0, 'Pond': 0, 'Pokhari': 0, 'D/C': 0, 'Recharge shaft': 0, 'LFB': 0, 'RFB': 0}","{'Floodlight': 0, 'Flood Light': 0, 'GAS': 0, 'FIFA': 0, 'pipe': 0, 'pipes': 0, 'covid': 0, 'supply': 0, 'Beautification': 0, 'Installation': 0}",,,False,True,Immediate Measures
9182,NITNO-4/2020-21/MDB/GR 4,"Construction of 25 Nos of 125mm X 40mm dia X 71 meter deep hand operated T/well with India Mark II Hand Pump  and construction of  1.85 Mtr dia circular P.C.C. Platform and P.C.C drain and 39 Nos of Singur hand pump with P.C.C platform and drain  in place of old and defunct hand pump in the water scare area for the year 2020-21under P.H Division Madhubani, District-Madhubani.(GR 4)","Construction of 25 Nos of 125mm X 40mm dia X 71 meter deep hand operated T/well with India Mark II Hand Pump  and construction of  1.85 Mtr dia circular P.C.C. Platform and P.C.C drain and 39 Nos of Singur hand pump with P.C.C platform and drain  in place of old and defunct hand pump in the water scare area for the year 2020-21under P.H Division Madhubani, District-Madhubani.(GR 4)",2912250.0,INR,INR,2021-03-19 20:40:06+00:00,2021-03-19T20:21:05.787000+00:00,2021-07-15T15:05:59+00:00,AMBIKA PRSAD MANDAL EE PH DIVISION MADHUBANI,EXECUTIVE ENGINEER MADHUBANI,PH DIVISION MADHUBANI,KHADI BHANDAR ROAD,MUKESH KUMAR EE PH DIVISION MADHUBANI,EXECUTIVE ENGINEER PH DIVISION MADHUBANI,PH DIVISION MADHUBANI,58500.0,5000.0,590.0,True,"{'Flood': 0, 'Embankment': 0, 'embkt': 0, 'Relief': 0, 'Erosion': 0, 'SDRF': 0, 'Inundation': 0, 'Hydrology': 0, 'Silt': 0, 'Siltation': 0, 'Bund': 0, 'Trench': 0, 'Breach': 0, 'Culvert': 0, 'Sluice': 0, 'Dyke': 0, 'Storm water drain': 0, 'Emergency': 0, 'Immediate': 0, 'IM': 0, 'AE': 0, 'A E': 0, 'AAPDA MITRA': 0, 'Bridge': 0, 'River': 0, 'Drain': 4, 'Restoration': 0, 'Protection': 0, 'irr': 0, 'irrigation': 0, 'dam': 0, 'Nallah': 0, 'Retrofitting': 0, 'Pond': 0, 'Pokhari': 0, 'D/C': 0, 'Recharge shaft': 0, 'LFB': 0, 'RFB': 0}","{'Floodlight': 0, 'Flood Light': 0, 'GAS': 0, 'FIFA': 0, 'pipe': 0, 'pipes': 0, 'covid': 0, 'supply': 0, 'Beautification': 0, 'Installation': 0}",,,False,True,Immediate Measures
9183,NIT-07/2020-21 PHED GOPALGANJ GR-1,"Construction of 50 nos. 125mm X 40mm dia X 61 meter deep hand operated T/well  with India Mark II Hand Pump with Platform and drain in the Blocks of Baikunthpur, Sidhawaliya, Barauli, Manjha, Gopalganj, Thawe & Hathua ditrict of Gopalganj under P. H. Division, Gopalganj  for the year 2020-21","Construction of 50 nos. 125mm X 40mm dia X 61 meter deep hand operated T/well  with India Mark II Hand Pump with Platform and drain in the Blocks of Baikunthpur, Sidhawaliya, Barauli, Manjha, Gopalganj, Thawe & Hathua ditrict of Gopalganj under P. H. Division, Gopalganj  for the year 2020-21",2692500.0,INR,INR,2021-03-20 04:55:31+00:00,2021-03-20T04:31:04.126000+00:00,2021-03-27T06:11:50+00:00,"Pradeep Kumar Jha, Executive Engineer PH Division Gopalganj",Executive Engineer,"Executive Engineer P.H. Division, Gopalganj","NEAR MINZ STADIUM, GOPALGANJ",Abhay Kumar,Executive Engineer,"Executive Engineer P.H. Division, Gopalganj",54000.0,5000.0,590.0,True,"{'Flood': 0, 'Embankment': 0, 'embkt': 0, 'Relief': 0, 'Erosion': 0, 'SDRF': 0, 'Inundation': 0, 'Hydrology': 0, 'Silt': 0, 'Siltation': 0, 'Bund': 0, 'Trench': 0, 'Breach': 0, 'Culvert': 0, 'Sluice': 0, 'Dyke': 0, 'Storm water drain': 0, 'Emergency': 0, 'Immediate': 0, 'IM': 0, 'AE': 0, 'A E': 0, 'AAPDA MITRA': 0, 'Bridge': 0, 'River': 0, 'Drain': 2, 'Restoration': 0, 'Protection': 0, 'irr': 0, 'irrigation': 0, 'dam': 0, 'Nallah': 0, 'Retrofitting': 0, 'Pond': 0, 'Pokhari': 0, 'D/C': 0, 'Recharge shaft': 0, 'LFB': 0, 'RFB': 0}","{'Floodlight': 0, 'Flood Light': 0, 'GAS': 0, 'FIFA': 0, 'pipe': 0, 'pipes': 0, 'covid': 0, 'supply': 0, 'Beautification': 0, 'Installation': 0}",,,False,True,Immediate Measures
9184,NIT-07/2020-21 PHED GOPALGANJ GR-2,"Construction of 50 nos. 125mm X 40mm dia X 61 meter deep hand operated T/well  with India Mark II Hand Pump with Platform and drain in the Blocks of Kuchaikote, Uchkagaon, Fulawaria, Panchadeori, Kateya, Bhore & Vijayipur ditrict of Gopalganj under P. H. Division, Gopalganj  for the year 2020-21","Construction of 50 nos. 125mm X 40mm dia X 61 meter deep hand operated T/well  with India Mark II Hand Pump with Platform and drain in the Blocks of Kuchaikote, Uchkagaon, Fulawaria, Panchadeori, Kateya, Bhore & Vijayipur ditrict of Gopalganj under P. H. Division, Gopalganj  for the year 2020-21",2692500.0,INR,INR,2021-03-20 05:01:16+00:00,2021-03-20T04:56:02.941000+00:00,2021-03-27T06:09:31+00:00,"Pradeep Kumar Jha, Executive Engineer PH Division Gopalganj",Executive Engineer,"Executive Engineer P.H. Division, Gopalganj","NEAR MINZ STADIUM, GOPALGANJ",Abhay Kumar,Executive Engineer,"Executive Engineer P.H. Division, Gopalganj",54000.0,5000.0,590.0,True,"{'Flood': 0, 'Embankment': 0, 'embkt': 0, 'Relief': 0, 'Erosion': 0, 'SDRF': 0, 'Inundation': 0, 'Hydrology': 0, 'Silt': 0, 'Siltation': 0, 'Bund': 0, 'Trench': 0, 'Breach': 0, 'Culvert': 0, 'Sluice': 0, 'Dyke': 0, 'Storm water drain': 0, 'Emergency': 0, 'Immediate': 0, 'IM': 0, 'AE': 0, 'A E': 0, 'AAPDA MITRA': 0, 'Bridge': 0, 'River': 0, 'Drain': 2, 'Restoration': 0, 'Protection': 0, 'irr': 0, 'irrigation': 0, 'dam': 0, 'Nallah': 0, 'Retrofitting': 0, 'Pond': 0, 'Pokhari': 0, 'D/C': 0, 'Recharge shaft': 0, 'LFB': 0, 'RFB': 0}","{'Floodlight': 0, 'Flood Light': 0, 'GAS': 0, 'FIFA': 0, 'pipe': 0, 'pipes': 0, 'covid': 0, 'supply': 0, 'Beautification': 0, 'Installation': 0}",,,False,True,Immediate Measures
9190,"NIT-15/2020-21/BHABHUA, GROUP-01","Construction of 70 Nos New India Mark II Hand Pumps in Place of Old Defunct/Ordinary Handpump with Platform and Drain in The Water Scarce Area in Kaimur District under P.H.Division, Bhabhua  in the year 2020-21.","Construction of 70 Nos New India Mark II Hand Pumps in Place of Old Defunct/Ordinary Handpump with Platform and Drain in The Water Scarce Area in Kaimur District under P.H.Division, Bhabhua  in the year 2020-21.",5939780.0,INR,INR,2021-03-20 09:47:21+00:00,2021-03-20T08:22:15.625000+00:00,2021-04-10T11:03:59+00:00,Er. Sunil Kumar Suman,EE,"P.H. DIVISION, SAHARSA","P.H. DIVISION, SAHARSA","SUPERINTENDING ENGINEER, SASARAM",SUPERINTENDING ENGINEER (SE),"P.H. CIRCLE, SASARAM",119000.0,10000.0,590.0,True,"{'Flood': 0, 'Embankment': 0, 'embkt': 0, 'Relief': 0, 'Erosion': 0, 'SDRF': 0, 'Inundation': 0, 'Hydrology': 0, 'Silt': 0, 'Siltation': 0, 'Bund': 0, 'Trench': 0, 'Breach': 0, 'Culvert': 0, 'Sluice': 0, 'Dyke': 0, 'Storm water drain': 0, 'Emergency': 0, 'Immediate': 0, 'IM': 0, 'AE': 0, 'A E': 0, 'AAPDA MITRA': 0, 'Bridge': 0, 'River': 0, 'Drain': 2, 'Restoration': 0, 'Protection': 0, 'irr': 0, 'irrigation': 0, 'dam': 0, 'Nallah': 0, 'Retrofitting': 0, 'Pond': 0, 'Pokhari': 0, 'D/C': 0, 'Recharge shaft': 0, 'LFB': 0, 'RFB': 0}","{'Floodlight': 0, 'Flood Light': 0, 'GAS': 0, 'FIFA': 0, 'pipe': 0, 'pipes': 0, 'covid': 0, 'supply': 0, 'Beautification': 0, 'Installation': 0}",,,False,True,Immediate Measures
9192,NIT-03/2020-21,"Construction of new 125mm X 40mm dia X 61 meter deep hand operated T/well with India Mark II Hand Pump with Platform and construction of  1.85 Mtr. dia. circular P.C.C. Platform and 3.00 mtr P.C.C drain in Aapda/Defunct  head under the jurisdiction of P.H.Division, Ara (Year 2019-20). (Bloclk-Ara, Barhara, Koilwar, Udawantnagar, Sandesh.)","Construction of new 125mm X 40mm dia X 61 meter deep hand operated T/well with India Mark II Hand Pump with Platform and construction of  1.85 Mtr. dia. circular P.C.C. Platform and 3.00 mtr P.C.C drain in Aapda/Defunct  head under the jurisdiction of P.H.Division, Ara (Year 2019-20). (Bloclk-Ara, Barhara, Koilwar, Udawantnagar, Sandesh.)",3379530.0,INR,INR,2021-03-20 10:11:22+00:00,2021-03-20T09:16:33.397000+00:00,2021-05-15T05:36:35+00:00,Manoj kumar,EE,PHED ARA,STATION ROAD NAWADA HEAD POST OFFICE PANI TANKI ARA,PRASHOON KUMAR,SE,PHED ARA,67600.0,5000.0,590.0,True,"{'Flood': 0, 'Embankment': 0, 'embkt': 0, 'Relief': 0, 'Erosion': 0, 'SDRF': 0, 'Inundation': 0, 'Hydrology': 0, 'Silt': 0, 'Siltation': 0, 'Bund': 0, 'Trench': 0, 'Breach': 0, 'Culvert': 0, 'Sluice': 0, 'Dyke': 0, 'Storm water drain': 0, 'Emergency': 0, 'Immediate': 0, 'IM': 0, 'AE': 0, 'A E': 0, 'AAPDA MITRA': 0, 'Bridge': 0, 'River': 0, 'Drain': 2, 'Restoration': 0, 'Protection': 0, 'irr': 0, 'irrigation': 0, 'dam': 0, 'Nallah': 0, 'Retrofitting': 0, 'Pond': 0, 'Pokhari': 0, 'D/C': 0, 'Recharge shaft': 0, 'LFB': 0, 'RFB': 0}","{'Floodlight': 0, 'Flood Light': 0, 'GAS': 0, 'FIFA': 0, 'pipe': 0, 'pipes': 0, 'covid': 0, 'supply': 0, 'Beautification': 0, 'Installation': 0}",,,False,True,Others
9195,NIT--03/2020-21/ARA,"Construction of new 125mm X 40mm dia X 61 meter deep hand operated T/well with India Mark II Hand Pump with Platform and construction of  1.85 Mtr. dia. circular P.C.C. Platform and 3.00 mtr P.C.C drain in Aapda/Defunct  head under the jurisdiction of P.H.Division, Ara (Year 2019-20). (Bloclk-PIRO, TARARI, CHAPOKHARI, SAHAR, GARAHANI, AGIOAN)","Construction of new 125mm X 40mm dia X 61 meter deep hand operated T/well with India Mark II Hand Pump with Platform and construction of  1.85 Mtr. dia. circular P.C.C. Platform and 3.00 mtr P.C.C drain in Aapda/Defunct  head under the jurisdiction of P.H.Division, Ara (Year 2019-20). (Bloclk-PIRO, TARARI, CHAPOKHARI, SAHAR, GARAHANI, AGIOAN)",3256638.0,INR,INR,2021-03-20 10:33:44+00:00,2021-03-20T10:14:48.738000+00:00,2021-05-15T05:40:18+00:00,Manoj kumar,EE,PHED ARA,STATION ROAD NAWADA HEAD POST OFFICE PANI TANKI ARA,PRASHOON KUMAR,SE,PHED ARA,65150.0,5000.0,590.0,True,"{'Flood': 0, 'Embankment': 0, 'embkt': 0, 'Relief': 0, 'Erosion': 0, 'SDRF': 0, 'Inundation': 0, 'Hydrology': 0, 'Silt': 0, 'Siltation': 0, 'Bund': 0, 'Trench': 0, 'Breach': 0, 'Culvert': 0, 'Sluice': 0, 'Dyke': 0, 'Storm water drain': 0, 'Emergency': 0, 'Immediate': 0, 'IM': 0, 'AE': 0, 'A E': 0, 'AAPDA MITRA': 0, 'Bridge': 0, 'River': 0, 'Drain': 2, 'Restoration': 0, 'Protection': 0, 'irr': 0, 'irrigation': 0, 'dam': 0, 'Nallah': 0, 'Retrofitting': 0, 'Pond': 0, 'Pokhari': 0, 'D/C': 0, 'Recharge shaft': 0, 'LFB': 0, 'RFB': 0}","{'Floodlight': 0, 'Flood Light': 0, 'GAS': 0, 'FIFA': 0, 'pipe': 0, 'pipes': 0, 'covid': 0, 'supply': 0, 'Beautification': 0, 'Installation': 0}",,,False,True,Others
9194,32/RE-TENDER/BCD/DARBHANGA/2020-21,RENOVATION OF RCC DRAIN AT MANDAL KARA IN DISTIC DARBHANGA YEAR 2020-21,RENOVATION OF RCC DRAIN AT MANDAL KARA IN DISTIC DARBHANGA YEAR 2020-21,4750122.0,INR,INR,2021-03-20 10:55:07+00:00,2021-03-20T10:14:12.180000+00:00,2021-04-12T09:31:00+00:00,"Executive Engineer, BUILDING DIVISION DARBHANGA",EE,Building division Darbhanga,"Executive Engineer, BUILDING DIVISION DARBHANGA, BCD",SUPERINTENDING ENGINEER BUILDING CIRCLE DARBHANGA,SE,BUILDING CIRCLE DARBHANGA,95500.0,5000.0,590.0,True,"{'Flood': 0, 'Embankment': 0, 'embkt': 0, 'Relief': 0, 'Erosion': 0, 'SDRF': 0, 'Inundation': 0, 'Hydrology': 0, 'Silt': 0, 'Siltation': 0, 'Bund': 0, 'Trench': 0, 'Breach': 0, 'Culvert': 0, 'Sluice': 0, 'Dyke': 0, 'Storm water drain': 0, 'Emergency': 0, 'Immediate': 0, 'IM': 0, 'AE': 0, 'A E': 0, 'AAPDA MITRA': 0, 'Bridge': 0, 'River': 0, 'Drain': 2, 'Restoration': 0, 'Protection': 0, 'irr': 0, 'irrigation': 0, 'dam': 0, 'Nallah': 0, 'Retrofitting': 0, 'Pond': 0, 'Pokhari': 0, 'D/C': 0, 'Recharge shaft': 0, 'LFB': 0, 'RFB': 0}","{'Floodlight': 0, 'Flood Light': 0, 'GAS': 0, 'FIFA': 0, 'pipe': 0, 'pipes': 0, 'covid': 0, 'supply': 0, 'Beautification': 0, 'Installation': 0}",,,False,True,Repair and Restoration
9197,NIT-03/2020-21 GR-03,"Construction of new 125mm X 40mm dia X 61 meter deep hand operated T/well with India Mark II Hand Pump   and construction of  1.85 Mtr. dia. circular P.C.C. Platform and 3.00 mtr P.C.C drain in Aapda/Defunct  head under the jurisdiction of P.H.Division, Ara (Year 2019-20). (Bloclk-JAGDISHPUR, BIHIYA, SHAHPUR)","Construction of new 125mm X 40mm dia X 61 meter deep hand operated T/well with India Mark II Hand Pump   and construction of  1.85 Mtr. dia. circular P.C.C. Platform and 3.00 mtr P.C.C drain in Aapda/Defunct  head under the jurisdiction of P.H.Division, Ara (Year 2019-20). (Bloclk-JAGDISHPUR, BIHIYA, SHAHPUR)",2580732.0,INR,INR,2021-03-20 10:49:31+00:00,2021-03-20T10:35:55.745000+00:00,2021-05-15T05:50:40+00:00,Manoj kumar,EE,PHED ARA,STATION ROAD NAWADA HEAD POST OFFICE PANI TANKI ARA,PRASHOON KUMAR,SE,PHED ARA,51650.0,5000.0,590.0,True,"{'Flood': 0, 'Embankment': 0, 'embkt': 0, 'Relief': 0, 'Erosion': 0, 'SDRF': 0, 'Inundation': 0, 'Hydrology': 0, 'Silt': 0, 'Siltation': 0, 'Bund': 0, 'Trench': 0, 'Breach': 0, 'Culvert': 0, 'Sluice': 0, 'Dyke': 0, 'Storm water drain': 0, 'Emergency': 0, 'Immediate': 0, 'IM': 0, 'AE': 0, 'A E': 0, 'AAPDA MITRA': 0, 'Bridge': 0, 'River': 0, 'Drain': 2, 'Restoration': 0, 'Protection': 0, 'irr': 0, 'irrigation': 0, 'dam': 0, 'Nallah': 0, 'Retrofitting': 0, 'Pond': 0, 'Pokhari': 0, 'D/C': 0, 'Recharge shaft': 0, 'LFB': 0, 'RFB': 0}","{'Floodlight': 0, 'Flood Light': 0, 'GAS': 0, 'FIFA': 0, 'pipe': 0, 'pipes': 0, 'covid': 0, 'supply': 0, 'Beautification': 0, 'Installation': 0}",,,False,True,Immediate Measures
9220,08/E/NCD/2020-21/GROUP-6,Construction of P.C.C. Road and UG Drain Work from mahesh ray house to gayatri mandir to ramesh singh at rupashpur ray in ward no-03.,Construction of P.C.C. Road and UG Drain Work from mahesh ray house to gayatri mandir to ramesh singh at rupashpur ray in ward no-03.,2921700.0,INR,INR,2021-03-21 05:54:19+00:00,2021-03-21T05:50:40.482000+00:00,2021-04-01T09:31:00+00:00,"Shushil Kumar Jha, Executive Engineer",EE,"New Capital Division, Patna Municipal Corporation, Patna","Harding Road, Patna",Shushil Kumar Jha,EE,"New Capital Division, Patna Municipal Corporation, Patna",58434.0,5000.0,590.0,True,"{'Flood': 0, 'Embankment': 0, 'embkt': 0, 'Relief': 0, 'Erosion': 0, 'SDRF': 0, 'Inundation': 0, 'Hydrology': 0, 'Silt': 0, 'Siltation': 0, 'Bund': 0, 'Trench': 0, 'Breach': 0, 'Culvert': 0, 'Sluice': 0, 'Dyke': 0, 'Storm water drain': 0, 'Emergency': 0, 'Immediate': 0, 'IM': 0, 'AE': 0, 'A E': 0, 'AAPDA MITRA': 0, 'Bridge': 0, 'River': 0, 'Drain': 2, 'Restoration': 0, 'Protection': 0, 'irr': 0, 'irrigation': 0, 'dam': 0, 'Nallah': 0, 'Retrofitting': 0, 'Pond': 0, 'Pokhari': 0, 'D/C': 0, 'Recharge shaft': 0, 'LFB': 0, 'RFB': 0}","{'Floodlight': 0, 'Flood Light': 0, 'GAS': 0, 'FIFA': 0, 'pipe': 0, 'pipes': 0, 'covid': 0, 'supply': 0, 'Beautification': 0, 'Installation': 0}",,,False,True,Immediate Measures
9219,08/E/NCD/2020-21/GROUP-5,Construction of P.C.C. Road and UG Drain Work from krishna  ray ji house to ranjeet ray ji house to krishna ray  to siyamani ray at mahuabagh in ward no-03.,Construction of P.C.C. Road and UG Drain Work from krishna  ray ji house to ranjeet ray ji house to krishna ray  to siyamani ray at mahuabagh in ward no-03.,1553200.0,INR,INR,2021-03-21 05:43:51+00:00,2021-03-21T05:38:40.593000+00:00,2022-04-08T12:25:27+00:00,"Shushil Kumar Jha, Executive Engineer",EE,"New Capital Division, Patna Municipal Corporation, Patna","Harding Road, Patna",Shushil Kumar Jha,EE,"New Capital Division, Patna Municipal Corporation, Patna",31064.0,5000.0,590.0,True,"{'Flood': 0, 'Embankment': 0, 'embkt': 0, 'Relief': 0, 'Erosion': 0, 'SDRF': 0, 'Inundation': 0, 'Hydrology': 0, 'Silt': 0, 'Siltation': 0, 'Bund': 0, 'Trench': 0, 'Breach': 0, 'Culvert': 0, 'Sluice': 0, 'Dyke': 0, 'Storm water drain': 0, 'Emergency': 0, 'Immediate': 0, 'IM': 0, 'AE': 0, 'A E': 0, 'AAPDA MITRA': 0, 'Bridge': 0, 'River': 0, 'Drain': 2, 'Restoration': 0, 'Protection': 0, 'irr': 0, 'irrigation': 0, 'dam': 0, 'Nallah': 0, 'Retrofitting': 0, 'Pond': 0, 'Pokhari': 0, 'D/C': 0, 'Recharge shaft': 0, 'LFB': 0, 'RFB': 0}","{'Floodlight': 0, 'Flood Light': 0, 'GAS': 0, 'FIFA': 0, 'pipe': 0, 'pipes': 0, 'covid': 0, 'supply': 0, 'Beautification': 0, 'Installation': 0}",,,False,True,Immediate Measures
9223,08/E/NCD/2020-21/GROUP-9,Construction of P.C.C. Road and UG Drain Work from Naresh Ray House to Dilip Ray House to Laldas Ray House at Mahuabagh in Ward No-03.,Construction of P.C.C. Road and UG Drain Work from Naresh Ray House to Dilip Ray House to Laldas Ray House at Mahuabagh in Ward No-03.,3479200.0,INR,INR,2021-03-21 06:09:39+00:00,2021-03-21T06:05:39.506000+00:00,2021-04-01T09:31:00+00:00,"Shushil Kumar Jha, Executive Engineer",EE,"New Capital Division, Patna Municipal Corporation, Patna","Harding Road, Patna",Shushil Kumar Jha,EE,"New Capital Division, Patna Municipal Corporation, Patna",69584.0,5000.0,590.0,True,"{'Flood': 0, 'Embankment': 0, 'embkt': 0, 'Relief': 0, 'Erosion': 0, 'SDRF': 0, 'Inundation': 0, 'Hydrology': 0, 'Silt': 0, 'Siltation': 0, 'Bund': 0, 'Trench': 0, 'Breach': 0, 'Culvert': 0, 'Sluice': 0, 'Dyke': 0, 'Storm water drain': 0, 'Emergency': 0, 'Immediate': 0, 'IM': 0, 'AE': 0, 'A E': 0, 'AAPDA MITRA': 0, 'Bridge': 0, 'River': 0, 'Drain': 2, 'Restoration': 0, 'Protection': 0, 'irr': 0, 'irrigation': 0, 'dam': 0, 'Nallah': 0, 'Retrofitting': 0, 'Pond': 0, 'Pokhari': 0, 'D/C': 0, 'Recharge shaft': 0, 'LFB': 0, 'RFB': 0}","{'Floodlight': 0, 'Flood Light': 0, 'GAS': 0, 'FIFA': 0, 'pipe': 0, 'pipes': 0, 'covid': 0, 'supply': 0, 'Beautification': 0, 'Installation': 0}",,,False,True,Immediate Measures
9222,08/E/NCD/2020-21/GROUP-8,Construction of P.C.C Road and U/G Drain Work from Mukesh Prasad House to Safdar Immam House at Khalilpura in Ward No-03.,Construction of P.C.C Road and U/G Drain Work from Mukesh Prasad House to Safdar Immam House at Khalilpura in Ward No-03.,2209100.0,INR,INR,2021-03-21 06:05:09+00:00,2021-03-21T06:00:11.121000+00:00,2022-09-14T09:43:48+00:00,"Shushil Kumar Jha, Executive Engineer",EE,"New Capital Division, Patna Municipal Corporation, Patna","Harding Road, Patna",Shushil Kumar Jha,EE,"New Capital Division, Patna Municipal Corporation, Patna",44182.0,5000.0,590.0,True,"{'Flood': 0, 'Embankment': 0, 'embkt': 0, 'Relief': 0, 'Erosion': 0, 'SDRF': 0, 'Inundation': 0, 'Hydrology': 0, 'Silt': 0, 'Siltation': 0, 'Bund': 0, 'Trench': 0, 'Breach': 0, 'Culvert': 0, 'Sluice': 0, 'Dyke': 0, 'Storm water drain': 0, 'Emergency': 0, 'Immediate': 0, 'IM': 0, 'AE': 0, 'A E': 0, 'AAPDA MITRA': 0, 'Bridge': 0, 'River': 0, 'Drain': 2, 'Restoration': 0, 'Protection': 0, 'irr': 0, 'irrigation': 0, 'dam': 0, 'Nallah': 0, 'Retrofitting': 0, 'Pond': 0, 'Pokhari': 0, 'D/C': 0, 'Recharge shaft': 0, 'LFB': 0, 'RFB': 0}","{'Floodlight': 0, 'Flood Light': 0, 'GAS': 0, 'FIFA': 0, 'pipe': 0, 'pipes': 0, 'covid': 0, 'supply': 0, 'Beautification': 0, 'Installation': 0}",,,False,True,Immediate Measures
9221,08/E/NCD/2020-21/GROUP-7,Construction of P.C.C Road and U/G Drain Work from Javed Akela House to Benga Choudhary House at Khalilpura in Ward No-03.,Construction of P.C.C Road and U/G Drain Work from Javed Akela House to Benga Choudhary House at Khalilpura in Ward No-03.,1700100.0,INR,INR,2021-03-21 05:59:50+00:00,2021-03-21T05:54:46.786000+00:00,2022-09-14T09:58:22+00:00,"Shushil Kumar Jha, Executive Engineer",EE,"New Capital Division, Patna Municipal Corporation, Patna","Harding Road, Patna",Shushil Kumar Jha,EE,"New Capital Division, Patna Municipal Corporation, Patna",34002.0,5000.0,590.0,True,"{'Flood': 0, 'Embankment': 0, 'embkt': 0, 'Relief': 0, 'Erosion': 0, 'SDRF': 0, 'Inundation': 0, 'Hydrology': 0, 'Silt': 0, 'Siltation': 0, 'Bund': 0, 'Trench': 0, 'Breach': 0, 'Culvert': 0, 'Sluice': 0, 'Dyke': 0, 'Storm water drain': 0, 'Emergency': 0, 'Immediate': 0, 'IM': 0, 'AE': 0, 'A E': 0, 'AAPDA MITRA': 0, 'Bridge': 0, 'River': 0, 'Drain': 2, 'Restoration': 0, 'Protection': 0, 'irr': 0, 'irrigation': 0, 'dam': 0, 'Nallah': 0, 'Retrofitting': 0, 'Pond': 0, 'Pokhari': 0, 'D/C': 0, 'Recharge shaft': 0, 'LFB': 0, 'RFB': 0}","{'Floodlight': 0, 'Flood Light': 0, 'GAS': 0, 'FIFA': 0, 'pipe': 0, 'pipes': 0, 'covid': 0, 'supply': 0, 'Beautification': 0, 'Installation': 0}",,,False,True,Immediate Measures
9224,08/E/NCD/2020-21/GROUP-10,Construction of P.C.C. Road and UG Drain Work from Parasnath Gupta House to Uday Singh House at Rupaspur Gandhi Puram Colony in Ward No-03.,Construction of P.C.C. Road and UG Drain Work from Parasnath Gupta House to Uday Singh House at Rupaspur Gandhi Puram Colony in Ward No-03.,1790500.0,INR,INR,2021-03-21 06:50:25+00:00,2021-03-21T06:44:06.738000+00:00,2022-02-04T08:12:35+00:00,"Shushil Kumar Jha, Executive Engineer",EE,"New Capital Division, Patna Municipal Corporation, Patna","Harding Road, Patna",Shushil Kumar Jha,EE,"New Capital Division, Patna Municipal Corporation, Patna",35810.0,5000.0,590.0,True,"{'Flood': 0, 'Embankment': 0, 'embkt': 0, 'Relief': 0, 'Erosion': 0, 'SDRF': 0, 'Inundation': 0, 'Hydrology': 0, 'Silt': 0, 'Siltation': 0, 'Bund': 0, 'Trench': 0, 'Breach': 0, 'Culvert': 0, 'Sluice': 0, 'Dyke': 0, 'Storm water drain': 0, 'Emergency': 0, 'Immediate': 0, 'IM': 0, 'AE': 0, 'A E': 0, 'AAPDA MITRA': 0, 'Bridge': 0, 'River': 0, 'Drain': 2, 'Restoration': 0, 'Protection': 0, 'irr': 0, 'irrigation': 0, 'dam': 0, 'Nallah': 0, 'Retrofitting': 0, 'Pond': 0, 'Pokhari': 0, 'D/C': 0, 'Recharge shaft': 0, 'LFB': 0, 'RFB': 0}","{'Floodlight': 0, 'Flood Light': 0, 'GAS': 0, 'FIFA': 0, 'pipe': 0, 'pipes': 0, 'covid': 0, 'supply': 0, 'Beautification': 0, 'Installation': 0}",,,False,True,Immediate Measures
9225,08/E/NCD/2020-21/GROUP-11,Construction of P.C.C. Road and UG Drain Work from Girija Devi House to Mahendra Ram House to Suresh Paswan House at Yarpur Yogiyatoli Mushari in Ward No-19.,Construction of P.C.C. Road and UG Drain Work from Girija Devi House to Mahendra Ram House to Suresh Paswan House at Yarpur Yogiyatoli Mushari in Ward No-19.,2270600.0,INR,INR,2021-03-21 06:54:31+00:00,2021-03-21T06:50:58.586000+00:00,2021-04-01T09:31:00+00:00,"Shushil Kumar Jha, Executive Engineer",EE,"New Capital Division, Patna Municipal Corporation, Patna","Harding Road, Patna",Shushil Kumar Jha,EE,"New Capital Division, Patna Municipal Corporation, Patna",45412.0,5000.0,590.0,True,"{'Flood': 0, 'Embankment': 0, 'embkt': 0, 'Relief': 0, 'Erosion': 0, 'SDRF': 0, 'Inundation': 0, 'Hydrology': 0, 'Silt': 0, 'Siltation': 0, 'Bund': 0, 'Trench': 0, 'Breach': 0, 'Culvert': 0, 'Sluice': 0, 'Dyke': 0, 'Storm water drain': 0, 'Emergency': 0, 'Immediate': 0, 'IM': 0, 'AE': 0, 'A E': 0, 'AAPDA MITRA': 0, 'Bridge': 0, 'River': 0, 'Drain': 2, 'Restoration': 0, 'Protection': 0, 'irr': 0, 'irrigation': 0, 'dam': 0, 'Nallah': 0, 'Retrofitting': 0, 'Pond': 0, 'Pokhari': 0, 'D/C': 0, 'Recharge shaft': 0, 'LFB': 0, 'RFB': 0}","{'Floodlight': 0, 'Flood Light': 0, 'GAS': 0, 'FIFA': 0, 'pipe': 0, 'pipes': 0, 'covid': 0, 'supply': 0, 'Beautification': 0, 'Installation': 0}",,,False,True,Immediate Measures
9226,08/E/NCD/2020-21/GROUP-01,Construction of P.C.C. Road and UG Drain Work from Amit Rina shop to Sri Prabhakar Prasad Sinha House at Navneet Vihar Colony Rukanpura in Ward No-03.,Construction of P.C.C. Road and UG Drain Work from Amit Rina shop to Sri Prabhakar Prasad Sinha House at Navneet Vihar Colony Rukanpura in Ward No-03.,1790700.0,INR,INR,2021-03-21 06:59:58+00:00,2021-03-21T06:55:00.483000+00:00,2022-02-09T08:18:09+00:00,"Shushil Kumar Jha, Executive Engineer",EE,"New Capital Division, Patna Municipal Corporation, Patna","Harding Road, Patna",Shushil Kumar Jha,EE,"New Capital Division, Patna Municipal Corporation, Patna",35900.0,5000.0,590.0,True,"{'Flood': 0, 'Embankment': 0, 'embkt': 0, 'Relief': 0, 'Erosion': 0, 'SDRF': 0, 'Inundation': 0, 'Hydrology': 0, 'Silt': 0, 'Siltation': 0, 'Bund': 0, 'Trench': 0, 'Breach': 0, 'Culvert': 0, 'Sluice': 0, 'Dyke': 0, 'Storm water drain': 0, 'Emergency': 0, 'Immediate': 0, 'IM': 0, 'AE': 0, 'A E': 0, 'AAPDA MITRA': 0, 'Bridge': 0, 'River': 0, 'Drain': 2, 'Restoration': 0, 'Protection': 0, 'irr': 0, 'irrigation': 0, 'dam': 0, 'Nallah': 0, 'Retrofitting': 0, 'Pond': 0, 'Pokhari': 0, 'D/C': 0, 'Recharge shaft': 0, 'LFB': 0, 'RFB': 0}","{'Floodlight': 0, 'Flood Light': 0, 'GAS': 0, 'FIFA': 0, 'pipe': 0, 'pipes': 0, 'covid': 0, 'supply': 0, 'Beautification': 0, 'Installation': 0}",,,False,True,Immediate Measures
9227,08/E/NCD/2020-21/GROUP-02,Construction of P.C.C. Road and UG Drain Work from VIJAY SINGH JI HOUSE TO ramjeet choudhary ji house in vikash vihar colony ward no-03.,Construction of P.C.C. Road and UG Drain Work from VIJAY SINGH JI HOUSE TO ramjeet choudhary ji house in vikash vihar colony ward no-03.,3101400.0,INR,INR,2021-03-21 07:04:52+00:00,2021-03-21T07:00:19.564000+00:00,2021-07-03T05:26:35+00:00,"Shushil Kumar Jha, Executive Engineer",EE,"New Capital Division, Patna Municipal Corporation, Patna","Harding Road, Patna",Shushil Kumar Jha,EE,"New Capital Division, Patna Municipal Corporation, Patna",62025.0,5000.0,590.0,True,"{'Flood': 0, 'Embankment': 0, 'embkt': 0, 'Relief': 0, 'Erosion': 0, 'SDRF': 0, 'Inundation': 0, 'Hydrology': 0, 'Silt': 0, 'Siltation': 0, 'Bund': 0, 'Trench': 0, 'Breach': 0, 'Culvert': 0, 'Sluice': 0, 'Dyke': 0, 'Storm water drain': 0, 'Emergency': 0, 'Immediate': 0, 'IM': 0, 'AE': 0, 'A E': 0, 'AAPDA MITRA': 0, 'Bridge': 0, 'River': 0, 'Drain': 2, 'Restoration': 0, 'Protection': 0, 'irr': 0, 'irrigation': 0, 'dam': 0, 'Nallah': 0, 'Retrofitting': 0, 'Pond': 0, 'Pokhari': 0, 'D/C': 0, 'Recharge shaft': 0, 'LFB': 0, 'RFB': 0}","{'Floodlight': 0, 'Flood Light': 0, 'GAS': 0, 'FIFA': 0, 'pipe': 0, 'pipes': 0, 'covid': 0, 'supply': 0, 'Beautification': 0, 'Installation': 0}",,,False,True,Immediate Measures
9228,08/E/NCD/2020-21/GROUP-03,Construction of P.C.C. Road and UG Drain Work from umesh ray ji house to gadish ray ji house in vikash vihar colony ward no-03.,Construction of P.C.C. Road and UG Drain Work from umesh ray ji house to gadish ray ji house in vikash vihar colony ward no-03.,1846000.0,INR,INR,2021-03-21 07:08:32+00:00,2021-03-21T07:05:12.566000+00:00,2022-02-04T07:18:11+00:00,"Shushil Kumar Jha, Executive Engineer",EE,"New Capital Division, Patna Municipal Corporation, Patna","Harding Road, Patna",Shushil Kumar Jha,EE,"New Capital Division, Patna Municipal Corporation, Patna",36920.0,5000.0,590.0,True,"{'Flood': 0, 'Embankment': 0, 'embkt': 0, 'Relief': 0, 'Erosion': 0, 'SDRF': 0, 'Inundation': 0, 'Hydrology': 0, 'Silt': 0, 'Siltation': 0, 'Bund': 0, 'Trench': 0, 'Breach': 0, 'Culvert': 0, 'Sluice': 0, 'Dyke': 0, 'Storm water drain': 0, 'Emergency': 0, 'Immediate': 0, 'IM': 0, 'AE': 0, 'A E': 0, 'AAPDA MITRA': 0, 'Bridge': 0, 'River': 0, 'Drain': 2, 'Restoration': 0, 'Protection': 0, 'irr': 0, 'irrigation': 0, 'dam': 0, 'Nallah': 0, 'Retrofitting': 0, 'Pond': 0, 'Pokhari': 0, 'D/C': 0, 'Recharge shaft': 0, 'LFB': 0, 'RFB': 0}","{'Floodlight': 0, 'Flood Light': 0, 'GAS': 0, 'FIFA': 0, 'pipe': 0, 'pipes': 0, 'covid': 0, 'supply': 0, 'Beautification': 0, 'Installation': 0}",,,False,True,Immediate Measures
9235,NIT NO. 06/2020-21/1,"FABRICATION AND ERECTION OF A.F.S. GATE 12 NO. X 1090MM X 2080MM AT 0.705 KM(R) 1.045KM(R), 3.260 KM(R), 3.990KM(R), 6.950KM(R) AND 0.240KM(L) OF GANDAKI (L+R) BANDH, INCLUDING EMBEDDED PART HOISTING SYSTEM, PLATFORM, ETC. UNDER FLOOD CONTROL AND DRAINAGE DIVISION, CHAPRA. (BEFORE FLOOD-2021)","FABRICATION AND ERECTION OF A.F.S. GATE 12 NO. X 1090MM X 2080MM AT 0.705 KM(R) 1.045KM(R), 3.260 KM(R), 3.990KM(R), 6.950KM(R) AND 0.240KM(L) OF GANDAKI (L+R) BANDH, INCLUDING EMBEDDED PART HOISTING SYSTEM, PLATFORM, ETC. UNDER FLOOD CONTROL AND DRAINAGE DIVISION, CHAPRA. (BEFORE FLOOD-2021)",3717672.0,INR,INR,2021-03-23 10:39:23+00:00,2021-03-23T09:25:28.814000+00:00,2021-12-02T13:50:22+00:00,MUKTESHWAR PANDEY,Executive Engineer,WATER RESOURCE DEPARTMENT,MECHANICAL DIVISION MUZAFFARPUR,PRADIP KUMAR PASWAN,SE,WATER RESOURCE DEPARTMENT,75000.0,5000.0,590.0,True,"{'Flood': 4, 'Embankment': 0, 'embkt': 0, 'Relief': 0, 'Erosion': 0, 'SDRF': 0, 'Inundation': 0, 'Hydrology': 0, 'Silt': 0, 'Siltation': 0, 'Bund': 0, 'Trench': 0, 'Breach': 0, 'Culvert': 0, 'Sluice': 0, 'Dyke': 0, 'Storm water drain': 0, 'Emergency': 0, 'Immediate': 0, 'IM': 0, 'AE': 0, 'A E': 0, 'AAPDA MITRA': 0, 'Bridge': 0, 'River': 0, 'Drain': 0, 'Restoration': 0, 'Protection': 0, 'irr': 0, 'irrigation': 0, 'dam': 0, 'Nallah': 0, 'Retrofitting': 0, 'Pond': 0, 'Pokhari': 0, 'D/C': 0, 'Recharge shaft': 0, 'LFB': 0, 'RFB': 0}","{'Floodlight': 0, 'Flood Light': 0, 'GAS': 0, 'FIFA': 0, 'pipe': 0, 'pipes': 0, 'covid': 0, 'supply': 0, 'Beautification': 0, 'Installation': 0}",,,False,False,Others
9237,NIT - 07/2020-21/PURNIA,"Anti Erosion Work at Village Pipaltore, Mirchintola, Sharmatola, Kabristan, Kasibari & Pokharia under Block Baisa, Dist.- Purnea (Agenda No.- 168/387/2021)","Anti Erosion Work at Village Pipaltore, Mirchintola, Sharmatola, Kabristan, Kasibari & Pokharia under Block Baisa, Dist.- Purnea (Agenda No.- 168/387/2021)",13704677.0,INR,INR,2021-03-23 11:27:54+00:00,2021-03-23T10:39:30.470000+00:00,2021-04-16T10:46:44+00:00,RAMNATH PRASAD SE,SE,"WRD, PURNIA","Mahananda Colony, PWD Colony, Purnia, Bihar 854301",RAM NATH PRASAD,SUPERINTENDING ENGINEER,"Water Resources Department, Kishanganj",274100.0,10000.0,3540.0,True,"{'Flood': 0, 'Embankment': 0, 'embkt': 0, 'Relief': 0, 'Erosion': 2, 'SDRF': 0, 'Inundation': 0, 'Hydrology': 0, 'Silt': 0, 'Siltation': 0, 'Bund': 0, 'Trench': 0, 'Breach': 0, 'Culvert': 0, 'Sluice': 0, 'Dyke': 0, 'Storm water drain': 0, 'Emergency': 0, 'Immediate': 0, 'IM': 0, 'AE': 0, 'A E': 0, 'AAPDA MITRA': 0, 'Bridge': 0, 'River': 0, 'Drain': 0, 'Restoration': 0, 'Protection': 0, 'irr': 0, 'irrigation': 0, 'dam': 0, 'Nallah': 0, 'Retrofitting': 0, 'Pond': 0, 'Pokhari': 0, 'D/C': 0, 'Recharge shaft': 0, 'LFB': 0, 'RFB': 0}","{'Floodlight': 0, 'Flood Light': 0, 'GAS': 0, 'FIFA': 0, 'pipe': 0, 'pipes': 0, 'covid': 0, 'supply': 0, 'Beautification': 0, 'Installation': 0}",,,True,False,Others
9269,07/SBD/2020-21/FCD/GOPALGANJ,Breach closer between 0.0 km to 7.00 km and 7.00 km to 12.40 km of Baikuntpur Retired Line,Breach closer between 0.0 km to 7.00 km and 7.00 km to 12.40 km of Baikuntpur Retired Line,33853184.0,INR,INR,2021-03-24 18:59:05+00:00,2021-03-24T17:13:07.702000+00:00,2021-06-11T16:02:34+00:00,NAWAL KISHORE SINGH,EXECUTIVE ENGINEER (EE),WATER RESOURCES DEPARTMENT,"EXECUTIVE ENGINEER, FLOOD CONTROL DIVISION, GOPALGANJ",VINAY KUMAR SINGH,SE,WATER RESOURCES DEPARTMENT,677100.0,10000.0,5900.0,True,"{'Flood': 0, 'Embankment': 0, 'embkt': 0, 'Relief': 0, 'Erosion': 0, 'SDRF': 0, 'Inundation': 0, 'Hydrology': 0, 'Silt': 0, 'Siltation': 0, 'Bund': 0, 'Trench': 0, 'Breach': 2, 'Culvert': 0, 'Sluice': 0, 'Dyke': 0, 'Storm water drain': 0, 'Emergency': 0, 'Immediate': 0, 'IM': 0, 'AE': 0, 'A E': 0, 'AAPDA MITRA': 0, 'Bridge': 0, 'River': 0, 'Drain': 0, 'Restoration': 0, 'Protection': 0, 'irr': 0, 'irrigation': 0, 'dam': 0, 'Nallah': 0, 'Retrofitting': 0, 'Pond': 0, 'Pokhari': 0, 'D/C': 0, 'Recharge shaft': 0, 'LFB': 0, 'RFB': 0}","{'Floodlight': 0, 'Flood Light': 0, 'GAS': 0, 'FIFA': 0, 'pipe': 0, 'pipes': 0, 'covid': 0, 'supply': 0, 'Beautification': 0, 'Installation': 0}",,,False,True,Others
9267,06/2020-21/FCDBEGUSARAI,Anti Erosion Work between km 21.00 to 22.00 km of Left BudhiGandak Embankment near village sohagi.,Anti Erosion Work between km 21.00 to 22.00 km of Left BudhiGandak Embankment near village sohagi.,30969053.0,INR,INR,2021-03-24 16:34:07+00:00,2021-03-24T15:14:42.495000+00:00,2021-05-25T10:50:34+00:00,Mahesh Prasad Singh,Executive Engineer,Water REsources Department,"Flood Control Division,Begusarai",SATYAJEET,SE,WATER RESOURCES DEPARTMENT,619400.0,10000.0,5900.0,True,"{'Flood': 0, 'Embankment': 2, 'embkt': 0, 'Relief': 0, 'Erosion': 2, 'SDRF': 0, 'Inundation': 0, 'Hydrology': 0, 'Silt': 0, 'Siltation': 0, 'Bund': 0, 'Trench': 0, 'Breach': 0, 'Culvert': 0, 'Sluice': 0, 'Dyke': 0, 'Storm water drain': 0, 'Emergency': 0, 'Immediate': 0, 'IM': 0, 'AE': 0, 'A E': 0, 'AAPDA MITRA': 0, 'Bridge': 0, 'River': 0, 'Drain': 0, 'Restoration': 0, 'Protection': 0, 'irr': 0, 'irrigation': 0, 'dam': 0, 'Nallah': 0, 'Retrofitting': 0, 'Pond': 0, 'Pokhari': 0, 'D/C': 0, 'Recharge shaft': 0, 'LFB': 0, 'RFB': 0}","{'Floodlight': 0, 'Flood Light': 0, 'GAS': 0, 'FIFA': 0, 'pipe': 0, 'pipes': 0, 'covid': 0, 'supply': 0, 'Beautification': 0, 'Installation': 0}",,,True,True,Others
9268,08/2020-21/FCD/ROSERA/WRD/01,Restoration of Anti Erosion Work KM 104-105 and 78-79 of Left Burhi Gandak Embankment Near Village Rahua Dharampur and Aakopur. (GROUP-01),Restoration of Anti Erosion Work KM 104-105 and 78-79 of Left Burhi Gandak Embankment Near Village Rahua Dharampur and Aakopur. (GROUP-01),14866574.0,INR,INR,2021-03-24 18:50:06+00:00,2021-03-24T16:48:55.743000+00:00,2021-04-17T07:05:46+00:00,JYOTENDRA KUMAR,EE,WATER RESOURCES DEPARTMENT,"FLOOD CONTROL DIVISION, ROSERA",GANESH PRASAD SINGH,SE,WATER RESOURCES DEPARTMENT,297400.0,10000.0,3540.0,True,"{'Flood': 0, 'Embankment': 2, 'embkt': 0, 'Relief': 0, 'Erosion': 2, 'SDRF': 0, 'Inundation': 0, 'Hydrology': 0, 'Silt': 0, 'Siltation': 0, 'Bund': 0, 'Trench': 0, 'Breach': 0, 'Culvert': 0, 'Sluice': 0, 'Dyke': 0, 'Storm water drain': 0, 'Emergency': 0, 'Immediate': 0, 'IM': 0, 'AE': 0, 'A E': 0, 'AAPDA MITRA': 0, 'Bridge': 0, 'River': 0, 'Drain': 0, 'Restoration': 2, 'Protection': 0, 'irr': 0, 'irrigation': 0, 'dam': 0, 'Nallah': 0, 'Retrofitting': 0, 'Pond': 0, 'Pokhari': 0, 'D/C': 0, 'Recharge shaft': 0, 'LFB': 0, 'RFB': 0}","{'Floodlight': 0, 'Flood Light': 0, 'GAS': 0, 'FIFA': 0, 'pipe': 0, 'pipes': 0, 'covid': 0, 'supply': 0, 'Beautification': 0, 'Installation': 0}",,,True,True,Immediate Measures
9270,09 SBD/2020-21/FCD/ROSERA/01,"Anti Erosion Work in KM 84-85 & 87-88 of Left Burhi Gandak Embankment Near Village Fafaut, Mirzapur (GROUP-01)","Anti Erosion Work in KM 84-85 & 87-88 of Left Burhi Gandak Embankment Near Village Fafaut, Mirzapur (GROUP-01)",24808152.0,INR,INR,2021-03-24 18:41:54+00:00,2021-03-24T17:38:47.506000+00:00,2021-04-17T07:36:18+00:00,JYOTENDRA KUMAR,EE,WATER RESOURCES DEPARTMENT,"FLOOD CONTROL DIVISION, ROSERA",GANESH PRASAD SINGH,SE,WATER RESOURCES DEPARTMENT,496200.0,10000.0,3540.0,True,"{'Flood': 0, 'Embankment': 2, 'embkt': 0, 'Relief': 0, 'Erosion': 2, 'SDRF': 0, 'Inundation': 0, 'Hydrology': 0, 'Silt': 0, 'Siltation': 0, 'Bund': 0, 'Trench': 0, 'Breach': 0, 'Culvert': 0, 'Sluice': 0, 'Dyke': 0, 'Storm water drain': 0, 'Emergency': 0, 'Immediate': 0, 'IM': 0, 'AE': 0, 'A E': 0, 'AAPDA MITRA': 0, 'Bridge': 0, 'River': 0, 'Drain': 0, 'Restoration': 0, 'Protection': 0, 'irr': 0, 'irrigation': 0, 'dam': 0, 'Nallah': 0, 'Retrofitting': 0, 'Pond': 0, 'Pokhari': 0, 'D/C': 0, 'Recharge shaft': 0, 'LFB': 0, 'RFB': 0}","{'Floodlight': 0, 'Flood Light': 0, 'GAS': 0, 'FIFA': 0, 'pipe': 0, 'pipes': 0, 'covid': 0, 'supply': 0, 'Beautification': 0, 'Installation': 0}",,,True,True,Immediate Measures
9300,NNP-14/2020-21 GR03,"Cons. of P.C.C. Road cum Drain Ward No.-37 Mujrapati h/f Ajit Shop to Shiv Mandir to h/f Renu for Year 2017-18 under Nagar Nigam, Purnea.","Cons. of P.C.C. Road cum Drain Ward No.-37 Mujrapati h/f Ajit Shop to Shiv Mandir to h/f Renu for Year 2017-18 under Nagar Nigam, Purnea.",3279596.0,INR,INR,2021-03-26 07:45:21+00:00,2021-03-26T07:27:04.982000+00:00,2021-05-01T09:48:53+00:00,"MUNICIPAL COMMISSIONER, PURNEA",MCO,"MUNICIPAL CORPORATION, PURNEA","KALA BHAWAN ROAD, PURNEA","MUNICIPAL COMMISSIONER, PURNEA",MCO,"MUNICIPAL CORPORATION, PURNEA",65600.0,5000.0,590.0,True,"{'Flood': 0, 'Embankment': 0, 'embkt': 0, 'Relief': 0, 'Erosion': 0, 'SDRF': 0, 'Inundation': 0, 'Hydrology': 0, 'Silt': 0, 'Siltation': 0, 'Bund': 0, 'Trench': 0, 'Breach': 0, 'Culvert': 0, 'Sluice': 0, 'Dyke': 0, 'Storm water drain': 0, 'Emergency': 0, 'Immediate': 0, 'IM': 0, 'AE': 0, 'A E': 0, 'AAPDA MITRA': 0, 'Bridge': 0, 'River': 0, 'Drain': 2, 'Restoration': 0, 'Protection': 0, 'irr': 0, 'irrigation': 0, 'dam': 0, 'Nallah': 0, 'Retrofitting': 0, 'Pond': 0, 'Pokhari': 0, 'D/C': 0, 'Recharge shaft': 0, 'LFB': 0, 'RFB': 0}","{'Floodlight': 0, 'Flood Light': 0, 'GAS': 0, 'FIFA': 0, 'pipe': 0, 'pipes': 0, 'covid': 0, 'supply': 0, 'Beautification': 0, 'Installation': 0}",,,False,True,Immediate Measures
9302,NNP-14/2020-21 GR04,"Cons. of R.C.C. Drain at ward No.-37 from Middle School Gulabbagh to pani Tanki via. h/f Baidya Nath Singh Gulabbag for year 2019-20 under Nagar Nigam, Punrea.","Cons. of R.C.C. Drain at ward No.-37 from Middle School Gulabbagh to pani Tanki via. h/f Baidya Nath Singh Gulabbag for year 2019-20 under Nagar Nigam, Punrea.",2194700.0,INR,INR,2021-03-26 08:10:20+00:00,2021-03-26T07:47:16.023000+00:00,2021-11-05T08:08:54+00:00,"MUNICIPAL COMMISSIONER, PURNEA",MCO,"MUNICIPAL CORPORATION, PURNEA","KALA BHAWAN ROAD, PURNEA","MUNICIPAL COMMISSIONER, PURNEA",MCO,"MUNICIPAL CORPORATION, PURNEA",43900.0,5000.0,590.0,True,"{'Flood': 0, 'Embankment': 0, 'embkt': 0, 'Relief': 0, 'Erosion': 0, 'SDRF': 0, 'Inundation': 0, 'Hydrology': 0, 'Silt': 0, 'Siltation': 0, 'Bund': 0, 'Trench': 0, 'Breach': 0, 'Culvert': 0, 'Sluice': 0, 'Dyke': 0, 'Storm water drain': 0, 'Emergency': 0, 'Immediate': 0, 'IM': 0, 'AE': 0, 'A E': 0, 'AAPDA MITRA': 0, 'Bridge': 0, 'River': 0, 'Drain': 2, 'Restoration': 0, 'Protection': 0, 'irr': 0, 'irrigation': 0, 'dam': 0, 'Nallah': 0, 'Retrofitting': 0, 'Pond': 0, 'Pokhari': 0, 'D/C': 0, 'Recharge shaft': 0, 'LFB': 0, 'RFB': 0}","{'Floodlight': 0, 'Flood Light': 0, 'GAS': 0, 'FIFA': 0, 'pipe': 0, 'pipes': 0, 'covid': 0, 'supply': 0, 'Beautification': 0, 'Installation': 0}",,,False,True,Immediate Measures
9304,NNP-14/2020-21 GR05,"Cons. of Paver B/Soling Cum R.C.C. Drain at Ward No. 37 From Shani Mandir Tola h/f Kiran Paswan to h/f Sri Ram Gupta and R.C.C. Drain from Marketing Maveshi gate and h/f Rajeev Singh to Bazar Samiti Mavashi Gate for Year 2019-20 under Nagar Nigam, Purnea.","Cons. of Paver B/Soling Cum R.C.C. Drain at Ward No. 37 From Shani Mandir Tola h/f Kiran Paswan to h/f Sri Ram Gupta and R.C.C. Drain from Marketing Maveshi gate and h/f Rajeev Singh to Bazar Samiti Mavashi Gate for Year 2019-20 under Nagar Nigam, Purnea.",2168800.0,INR,INR,2021-03-26 08:21:40+00:00,2021-03-26T08:10:45.941000+00:00,2021-11-05T08:25:53+00:00,"MUNICIPAL COMMISSIONER, PURNEA",MCO,"MUNICIPAL CORPORATION, PURNEA","KALA BHAWAN ROAD, PURNEA","MUNICIPAL COMMISSIONER, PURNEA",MCO,"MUNICIPAL CORPORATION, PURNEA",43400.0,5000.0,590.0,True,"{'Flood': 0, 'Embankment': 0, 'embkt': 0, 'Relief': 0, 'Erosion': 0, 'SDRF': 0, 'Inundation': 0, 'Hydrology': 0, 'Silt': 0, 'Siltation': 0, 'Bund': 0, 'Trench': 0, 'Breach': 0, 'Culvert': 0, 'Sluice': 0, 'Dyke': 0, 'Storm water drain': 0, 'Emergency': 0, 'Immediate': 0, 'IM': 0, 'AE': 0, 'A E': 0, 'AAPDA MITRA': 0, 'Bridge': 0, 'River': 0, 'Drain': 4, 'Restoration': 0, 'Protection': 0, 'irr': 0, 'irrigation': 0, 'dam': 0, 'Nallah': 0, 'Retrofitting': 0, 'Pond': 0, 'Pokhari': 0, 'D/C': 0, 'Recharge shaft': 0, 'LFB': 0, 'RFB': 0}","{'Floodlight': 0, 'Flood Light': 0, 'GAS': 0, 'FIFA': 0, 'pipe': 0, 'pipes': 0, 'covid': 0, 'supply': 0, 'Beautification': 0, 'Installation': 0}",,,False,True,Immediate Measures
9306,NIT NO. 03/2020-21/DARBHANGA/GROUP - 02,"Anti Erosion work at Mohanpur & Ujuwa Block- Biraul & Kusheswar Asthan, District - Darbhanga (Agenda No. 175/15/2021)","Anti Erosion work at Mohanpur & Ujuwa Block- Biraul & Kusheswar Asthan, District - Darbhanga (Agenda No. 175/15/2021)",15354174.0,INR,INR,2021-03-26 09:05:57+00:00,2021-03-26T08:28:09.808000+00:00,2021-05-05T06:30:29+00:00,PRIYA SHANKAR APPU,SE,"WRD, DARBHANGA",FCC DARBHANGA,PRIYA SHANKAR APPU,"SE, DARBHANGA","WRD, DARBHANGA",307100.0,10000.0,3540.0,True,"{'Flood': 0, 'Embankment': 0, 'embkt': 0, 'Relief': 0, 'Erosion': 2, 'SDRF': 0, 'Inundation': 0, 'Hydrology': 0, 'Silt': 0, 'Siltation': 0, 'Bund': 0, 'Trench': 0, 'Breach': 0, 'Culvert': 0, 'Sluice': 0, 'Dyke': 0, 'Storm water drain': 0, 'Emergency': 0, 'Immediate': 0, 'IM': 0, 'AE': 0, 'A E': 0, 'AAPDA MITRA': 0, 'Bridge': 0, 'River': 0, 'Drain': 0, 'Restoration': 0, 'Protection': 0, 'irr': 0, 'irrigation': 0, 'dam': 0, 'Nallah': 0, 'Retrofitting': 0, 'Pond': 0, 'Pokhari': 0, 'D/C': 0, 'Recharge shaft': 0, 'LFB': 0, 'RFB': 0}","{'Floodlight': 0, 'Flood Light': 0, 'GAS': 0, 'FIFA': 0, 'pipe': 0, 'pipes': 0, 'covid': 0, 'supply': 0, 'Beautification': 0, 'Installation': 0}",,,True,False,Immediate Measures
9303,NIT NO. 03/2020-21/DARBHANGA/GROUP - 01,Anti Erosion work at Sheikhpurdani & Sirhulli Village under Darbhanga District (Agenda No. 175/17/2021),Anti Erosion work at Sheikhpurdani & Sirhulli Village under Darbhanga District (Agenda No. 175/17/2021),6078210.0,INR,INR,2021-03-26 09:03:34+00:00,2021-03-26T08:00:07.078000+00:00,2021-04-11T05:08:11+00:00,PRIYA SHANKAR APPU,SE,"WRD, DARBHANGA",FCC DARBHANGA,PRIYA SHANKAR APPU,"SE, DARBHANGA","WRD, DARBHANGA",121600.0,10000.0,590.0,True,"{'Flood': 0, 'Embankment': 0, 'embkt': 0, 'Relief': 0, 'Erosion': 2, 'SDRF': 0, 'Inundation': 0, 'Hydrology': 0, 'Silt': 0, 'Siltation': 0, 'Bund': 0, 'Trench': 0, 'Breach': 0, 'Culvert': 0, 'Sluice': 0, 'Dyke': 0, 'Storm water drain': 0, 'Emergency': 0, 'Immediate': 0, 'IM': 0, 'AE': 0, 'A E': 0, 'AAPDA MITRA': 0, 'Bridge': 0, 'River': 0, 'Drain': 0, 'Restoration': 0, 'Protection': 0, 'irr': 0, 'irrigation': 0, 'dam': 0, 'Nallah': 0, 'Retrofitting': 0, 'Pond': 0, 'Pokhari': 0, 'D/C': 0, 'Recharge shaft': 0, 'LFB': 0, 'RFB': 0}","{'Floodlight': 0, 'Flood Light': 0, 'GAS': 0, 'FIFA': 0, 'pipe': 0, 'pipes': 0, 'covid': 0, 'supply': 0, 'Beautification': 0, 'Installation': 0}",,,True,False,Immediate Measures
9307,NIT NO. 03/2020-21/DARBHANGA/GROUP - 03,Anti Erosion work at Village Sinuara under Block Hanuman Nagar of Darbhanga District (Agenda No. 168/297/2021),Anti Erosion work at Village Sinuara under Block Hanuman Nagar of Darbhanga District (Agenda No. 168/297/2021),10217119.0,INR,INR,2021-03-26 09:07:40+00:00,2021-03-26T08:39:56.262000+00:00,2021-05-05T06:05:37+00:00,PRIYA SHANKAR APPU,SE,"WRD, DARBHANGA",FCC DARBHANGA,PRIYA SHANKAR APPU,"SE, DARBHANGA","WRD, DARBHANGA",204400.0,10000.0,3540.0,True,"{'Flood': 0, 'Embankment': 0, 'embkt': 0, 'Relief': 0, 'Erosion': 2, 'SDRF': 0, 'Inundation': 0, 'Hydrology': 0, 'Silt': 0, 'Siltation': 0, 'Bund': 0, 'Trench': 0, 'Breach': 0, 'Culvert': 0, 'Sluice': 0, 'Dyke': 0, 'Storm water drain': 0, 'Emergency': 0, 'Immediate': 0, 'IM': 0, 'AE': 0, 'A E': 0, 'AAPDA MITRA': 0, 'Bridge': 0, 'River': 0, 'Drain': 0, 'Restoration': 0, 'Protection': 0, 'irr': 0, 'irrigation': 0, 'dam': 0, 'Nallah': 0, 'Retrofitting': 0, 'Pond': 0, 'Pokhari': 0, 'D/C': 0, 'Recharge shaft': 0, 'LFB': 0, 'RFB': 0}","{'Floodlight': 0, 'Flood Light': 0, 'GAS': 0, 'FIFA': 0, 'pipe': 0, 'pipes': 0, 'covid': 0, 'supply': 0, 'Beautification': 0, 'Installation': 0}",,,True,False,Immediate Measures
9308,NIT NO. 03/2020-21/DARBHANGA/GROUP - 04,Anti Erosion work at Village Sinuara under Block Hanuman Nagar of Darbhanga District (Agenda No. 172/04/2021),Anti Erosion work at Village Sinuara under Block Hanuman Nagar of Darbhanga District (Agenda No. 172/04/2021),2285923.0,INR,INR,2021-03-26 09:09:33+00:00,2021-03-26T08:45:37.729000+00:00,2021-04-11T04:57:15+00:00,PRIYA SHANKAR APPU,SE,"WRD, DARBHANGA",FCC DARBHANGA,PRIYA SHANKAR APPU,"SE, DARBHANGA","WRD, DARBHANGA",45800.0,5000.0,590.0,True,"{'Flood': 0, 'Embankment': 0, 'embkt': 0, 'Relief': 0, 'Erosion': 2, 'SDRF': 0, 'Inundation': 0, 'Hydrology': 0, 'Silt': 0, 'Siltation': 0, 'Bund': 0, 'Trench': 0, 'Breach': 0, 'Culvert': 0, 'Sluice': 0, 'Dyke': 0, 'Storm water drain': 0, 'Emergency': 0, 'Immediate': 0, 'IM': 0, 'AE': 0, 'A E': 0, 'AAPDA MITRA': 0, 'Bridge': 0, 'River': 0, 'Drain': 0, 'Restoration': 0, 'Protection': 0, 'irr': 0, 'irrigation': 0, 'dam': 0, 'Nallah': 0, 'Retrofitting': 0, 'Pond': 0, 'Pokhari': 0, 'D/C': 0, 'Recharge shaft': 0, 'LFB': 0, 'RFB': 0}","{'Floodlight': 0, 'Flood Light': 0, 'GAS': 0, 'FIFA': 0, 'pipe': 0, 'pipes': 0, 'covid': 0, 'supply': 0, 'Beautification': 0, 'Installation': 0}",,,True,False,Immediate Measures
9309,NIT NO. 03/2020-21/DARBHANGA/GROUP - 05,Anti Erosion work on Right Bank of Gehuan River at Rasiyari Village under Kiratpur Block of Darbhanga district (Agenda No. 168/293/2021),Anti Erosion work on Right Bank of Gehuan River at Rasiyari Village under Kiratpur Block of Darbhanga district (Agenda No. 168/293/2021),8729462.0,INR,INR,2021-03-26 09:11:36+00:00,2021-03-26T08:52:23.831000+00:00,2021-05-05T06:18:50+00:00,PRIYA SHANKAR APPU,SE,"WRD, DARBHANGA",FCC DARBHANGA,PRIYA SHANKAR APPU,"SE, DARBHANGA","WRD, DARBHANGA",174600.0,10000.0,3540.0,True,"{'Flood': 0, 'Embankment': 0, 'embkt': 0, 'Relief': 0, 'Erosion': 2, 'SDRF': 0, 'Inundation': 0, 'Hydrology': 0, 'Silt': 0, 'Siltation': 0, 'Bund': 0, 'Trench': 0, 'Breach': 0, 'Culvert': 0, 'Sluice': 0, 'Dyke': 0, 'Storm water drain': 0, 'Emergency': 0, 'Immediate': 0, 'IM': 0, 'AE': 0, 'A E': 0, 'AAPDA MITRA': 0, 'Bridge': 0, 'River': 2, 'Drain': 0, 'Restoration': 0, 'Protection': 0, 'irr': 0, 'irrigation': 0, 'dam': 0, 'Nallah': 0, 'Retrofitting': 0, 'Pond': 0, 'Pokhari': 0, 'D/C': 0, 'Recharge shaft': 0, 'LFB': 0, 'RFB': 0}","{'Floodlight': 0, 'Flood Light': 0, 'GAS': 0, 'FIFA': 0, 'pipe': 0, 'pipes': 0, 'covid': 0, 'supply': 0, 'Beautification': 0, 'Installation': 0}",,,True,False,Immediate Measures
9312,NNP-14/2020-21 GR08,"Cons. of Road cum drain at ward no. 27 from infront of h/f Majja Bahi to towards h/f Kammu Bhai & Naimulla and Bhatta Bazar Laxami Mandir to Old Bata and h/f Dukhha to h/f Md. Jamil Under Nagar Nigam, Purnea for Year 2017-18.","Cons. of Road cum drain at ward no. 27 from infront of h/f Majja Bahi to towards h/f Kammu Bhai & Naimulla and Bhatta Bazar Laxami Mandir to Old Bata and h/f Dukhha to h/f Md. Jamil Under Nagar Nigam, Purnea for Year 2017-18.",4956703.0,INR,INR,2021-03-26 09:47:31+00:00,2021-03-26T09:26:51.184000+00:00,2021-05-01T10:31:46+00:00,"MUNICIPAL COMMISSIONER, PURNEA",MCO,"MUNICIPAL CORPORATION, PURNEA","KALA BHAWAN ROAD, PURNEA","MUNICIPAL COMMISSIONER, PURNEA",MCO,"MUNICIPAL CORPORATION, PURNEA",99200.0,5000.0,590.0,True,"{'Flood': 0, 'Embankment': 0, 'embkt': 0, 'Relief': 0, 'Erosion': 0, 'SDRF': 0, 'Inundation': 0, 'Hydrology': 0, 'Silt': 0, 'Siltation': 0, 'Bund': 0, 'Trench': 0, 'Breach': 0, 'Culvert': 0, 'Sluice': 0, 'Dyke': 0, 'Storm water drain': 0, 'Emergency': 0, 'Immediate': 0, 'IM': 0, 'AE': 0, 'A E': 0, 'AAPDA MITRA': 0, 'Bridge': 0, 'River': 0, 'Drain': 2, 'Restoration': 0, 'Protection': 0, 'irr': 0, 'irrigation': 0, 'dam': 0, 'Nallah': 0, 'Retrofitting': 0, 'Pond': 0, 'Pokhari': 0, 'D/C': 0, 'Recharge shaft': 0, 'LFB': 0, 'RFB': 0}","{'Floodlight': 0, 'Flood Light': 0, 'GAS': 0, 'FIFA': 0, 'pipe': 0, 'pipes': 0, 'covid': 0, 'supply': 0, 'Beautification': 0, 'Installation': 0}",,,False,True,Immediate Measures
9315,NNP-14/2020-21 GR09,"Cons. of Road & R.C.C. Cross Drain at Ward No.-31 From Biwiganj Pul to Biwiganj Aadiwasi Tola and Asdiwasi Tola Biwiganj pul to h/f Das Jee via. Sudha Asthan Under Nagar Nigam, Purnea for Year 2017-18","Cons. of Road & R.C.C. Cross Drain at Ward No.-31 From Biwiganj Pul to Biwiganj Aadiwasi Tola and Asdiwasi Tola Biwiganj pul to h/f Das Jee via. Sudha Asthan Under Nagar Nigam, Purnea for Year 2017-18",4965399.0,INR,INR,2021-03-26 10:44:43+00:00,2021-03-26T10:21:09.823000+00:00,2021-04-05T09:31:01+00:00,"MUNICIPAL COMMISSIONER, PURNEA",MCO,"MUNICIPAL CORPORATION, PURNEA","KALA BHAWAN ROAD, PURNEA","MUNICIPAL COMMISSIONER, PURNEA",MCO,"MUNICIPAL CORPORATION, PURNEA",99400.0,5000.0,590.0,True,"{'Flood': 0, 'Embankment': 0, 'embkt': 0, 'Relief': 0, 'Erosion': 0, 'SDRF': 0, 'Inundation': 0, 'Hydrology': 0, 'Silt': 0, 'Siltation': 0, 'Bund': 0, 'Trench': 0, 'Breach': 0, 'Culvert': 0, 'Sluice': 0, 'Dyke': 0, 'Storm water drain': 0, 'Emergency': 0, 'Immediate': 0, 'IM': 0, 'AE': 0, 'A E': 0, 'AAPDA MITRA': 0, 'Bridge': 0, 'River': 0, 'Drain': 2, 'Restoration': 0, 'Protection': 0, 'irr': 0, 'irrigation': 0, 'dam': 0, 'Nallah': 0, 'Retrofitting': 0, 'Pond': 0, 'Pokhari': 0, 'D/C': 0, 'Recharge shaft': 0, 'LFB': 0, 'RFB': 0}","{'Floodlight': 0, 'Flood Light': 0, 'GAS': 0, 'FIFA': 0, 'pipe': 0, 'pipes': 0, 'covid': 0, 'supply': 0, 'Beautification': 0, 'Installation': 0}",,,False,True,Immediate Measures
9323,NIT 08/ 2020-21 group1  arwal,NIT 08 /2020-21GROUP 1 Construction of Relief in problem area Tube Wells With IM-II Hand Pumps 39 Nos. 125 mm X 40 mm dia. X 61 m and 2 Nos. 125  mm dia. X 45 m and 2 Nos. 125  mm dia. X 45 m GPT with P.C.C. Platform and drain in place of defunct TW with defect and liability period of three months  under Relief in problum area under State Plan 2020-21 under jurisdiction of P.H. Division Arwal  in District of Arwal.,NIT 08 /2020-21GROUP 1 Construction of Relief in problem area Tube Wells With IM-II Hand Pumps 39 Nos. 125 mm X 40 mm dia. X 61 m and 2 Nos. 125  mm dia. X 45 m and 2 Nos. 125  mm dia. X 45 m GPT with P.C.C. Platform and drain in place of defunct TW with defect and liability period of three months  under Relief in problum area under State Plan 2020-21 under jurisdiction of P.H. Division Arwal  in District of Arwal.,2547200.0,INR,INR,2021-03-31 11:43:08+00:00,2021-03-26T12:11:00.168000+00:00,2021-06-07T08:32:22+00:00,SANJAY KUMAR (EXECUTIVE ENGINEER),EXECUTIVE ENGINEER,P.H.DIVISION ARWAL,"PHED OFFICE, JEHANABAD ROAD,  ARWAL",PRASHOON KUMAR,SE,PHED ARA,51000.0,5000.0,590.0,True,"{'Flood': 0, 'Embankment': 0, 'embkt': 0, 'Relief': 4, 'Erosion': 0, 'SDRF': 0, 'Inundation': 0, 'Hydrology': 0, 'Silt': 0, 'Siltation': 0, 'Bund': 0, 'Trench': 0, 'Breach': 0, 'Culvert': 0, 'Sluice': 0, 'Dyke': 0, 'Storm water drain': 0, 'Emergency': 0, 'Immediate': 0, 'IM': 2, 'AE': 0, 'A E': 0, 'AAPDA MITRA': 0, 'Bridge': 0, 'River': 0, 'Drain': 2, 'Restoration': 0, 'Protection': 0, 'irr': 0, 'irrigation': 0, 'dam': 0, 'Nallah': 0, 'Retrofitting': 0, 'Pond': 0, 'Pokhari': 0, 'D/C': 0, 'Recharge shaft': 0, 'LFB': 0, 'RFB': 0}","{'Floodlight': 0, 'Flood Light': 0, 'GAS': 0, 'FIFA': 0, 'pipe': 0, 'pipes': 0, 'covid': 0, 'supply': 0, 'Beautification': 0, 'Installation': 0}",,,False,True,Immediate Measures
9336,NIT_11_GR_01_2020-21,"NAME OF WORK: Construction of 125mmX 40mm X 61m deep (Soil-'B') I.M-II tube well as sustainable hand tube well with constrcution of 1.85mtr dia. circular P.C.C  platform and P.C.C drain under  Replace of Old T/well  in P.H. Division, Hajipur for the Year 2020-2021 (including 1percent Labour cess.)","NAME OF WORK: Construction of 125mmX 40mm X 61m deep (Soil-'B') I.M-II tube well as sustainable hand tube well with constrcution of 1.85mtr dia. circular P.C.C  platform and P.C.C drain under  Replace of Old T/well  in P.H. Division, Hajipur for the Year 2020-2021 (including 1percent Labour cess.)",2839590.0,INR,INR,2021-03-27 07:37:38+00:00,2021-03-27T06:52:46.402000+00:00,2021-04-27T19:08:04+00:00,"Executive Engineer P.H. Division, Hajipur",EE,P.H. DIVISION HAJIPUR,Hospital road Near pani tanki campus hajipur,SUPERINTENDING ENGINNER  MUZAFFARPUR,SE,PHED CIRCLE OFFICE MUZAFFARPUR,56800.0,5000.0,590.0,True,"{'Flood': 0, 'Embankment': 0, 'embkt': 0, 'Relief': 0, 'Erosion': 0, 'SDRF': 0, 'Inundation': 0, 'Hydrology': 0, 'Silt': 0, 'Siltation': 0, 'Bund': 0, 'Trench': 0, 'Breach': 0, 'Culvert': 0, 'Sluice': 0, 'Dyke': 0, 'Storm water drain': 0, 'Emergency': 0, 'Immediate': 0, 'IM': 0, 'AE': 0, 'A E': 0, 'AAPDA MITRA': 0, 'Bridge': 0, 'River': 0, 'Drain': 2, 'Restoration': 0, 'Protection': 0, 'irr': 0, 'irrigation': 0, 'dam': 0, 'Nallah': 0, 'Retrofitting': 0, 'Pond': 0, 'Pokhari': 0, 'D/C': 0, 'Recharge shaft': 0, 'LFB': 0, 'RFB': 0}","{'Floodlight': 0, 'Flood Light': 0, 'GAS': 0, 'FIFA': 0, 'pipe': 0, 'pipes': 0, 'covid': 0, 'supply': 0, 'Beautification': 0, 'Installation': 0}",,,False,True,Immediate Measures
9337,03-PHED/BGS/2020-21-02,Construction of 15 nos. new 125mm X 40mm dia X 61 meter and 15 nos. new 125mm X 40mm dia X 46 deep hand operated T/well with India Mark II Hand Pump with Platform and drain,Construction of 15 nos. new 125mm X 40mm dia X 61 meter and 15 nos. new 125mm X 40mm dia X 46 deep hand operated T/well with India Mark II Hand Pump with Platform and drain,1759140.0,INR,INR,2021-03-27 08:41:02+00:00,2021-03-27T07:25:27.299000+00:00,2022-01-25T08:47:54+00:00,Ali Haider,Executive Engineer,"P.H.Division, Begusarai","Ratanpur Chatti Road, Panti Tanki Campus",MANOJ KUMAR,SE,PHE GAYA CIRCLE GAYA,35183.0,5000.0,590.0,True,"{'Flood': 0, 'Embankment': 0, 'embkt': 0, 'Relief': 0, 'Erosion': 0, 'SDRF': 0, 'Inundation': 0, 'Hydrology': 0, 'Silt': 0, 'Siltation': 0, 'Bund': 0, 'Trench': 0, 'Breach': 0, 'Culvert': 0, 'Sluice': 0, 'Dyke': 0, 'Storm water drain': 0, 'Emergency': 0, 'Immediate': 0, 'IM': 0, 'AE': 0, 'A E': 0, 'AAPDA MITRA': 0, 'Bridge': 0, 'River': 0, 'Drain': 2, 'Restoration': 0, 'Protection': 0, 'irr': 0, 'irrigation': 0, 'dam': 0, 'Nallah': 0, 'Retrofitting': 0, 'Pond': 0, 'Pokhari': 0, 'D/C': 0, 'Recharge shaft': 0, 'LFB': 0, 'RFB': 0}","{'Floodlight': 0, 'Flood Light': 0, 'GAS': 0, 'FIFA': 0, 'pipe': 0, 'pipes': 0, 'covid': 0, 'supply': 0, 'Beautification': 0, 'Installation': 0}",,,False,True,Others
9338,NIT_11_GR_02_2020-21,"NAME OF WORK- Construction of 48 nos. of 125mmX 40mm X 61m deep (Soil-'B') I.M-II tube well as sustainable hand tube well with constrcution of 1.85mtr dia. circular P.C.C  platform and P.C.C drain under  Replace of Old T/well  in P.H. Division, Hajipur for the Year 2020-2021 under P.H.Sub-Division, Lalganj in the district of Vaishali.","NAME OF WORK- Construction of 48 nos. of 125mmX 40mm X 61m deep (Soil-'B') I.M-II tube well as sustainable hand tube well with constrcution of 1.85mtr dia. circular P.C.C  platform and P.C.C drain under  Replace of Old T/well  in P.H. Division, Hajipur for the Year 2020-2021 under P.H.Sub-Division, Lalganj in the district of Vaishali.",2524080.0,INR,INR,2021-03-27 07:53:32+00:00,2021-03-27T07:40:33.518000+00:00,2021-04-27T19:12:35+00:00,"Executive Engineer P.H. Division, Hajipur",EE,P.H. DIVISION HAJIPUR,Hospital road Near pani tanki campus hajipur,SUPERINTENDING ENGINNER  MUZAFFARPUR,SE,PHED CIRCLE OFFICE MUZAFFARPUR,50500.0,5000.0,590.0,True,"{'Flood': 0, 'Embankment': 0, 'embkt': 0, 'Relief': 0, 'Erosion': 0, 'SDRF': 0, 'Inundation': 0, 'Hydrology': 0, 'Silt': 0, 'Siltation': 0, 'Bund': 0, 'Trench': 0, 'Breach': 0, 'Culvert': 0, 'Sluice': 0, 'Dyke': 0, 'Storm water drain': 0, 'Emergency': 0, 'Immediate': 0, 'IM': 0, 'AE': 0, 'A E': 0, 'AAPDA MITRA': 0, 'Bridge': 0, 'River': 0, 'Drain': 2, 'Restoration': 0, 'Protection': 0, 'irr': 0, 'irrigation': 0, 'dam': 0, 'Nallah': 0, 'Retrofitting': 0, 'Pond': 0, 'Pokhari': 0, 'D/C': 0, 'Recharge shaft': 0, 'LFB': 0, 'RFB': 0}","{'Floodlight': 0, 'Flood Light': 0, 'GAS': 0, 'FIFA': 0, 'pipe': 0, 'pipes': 0, 'covid': 0, 'supply': 0, 'Beautification': 0, 'Installation': 0}",,,False,True,Immediate Measures
9339,NIT_11_GR_03_2020-21,"NAME OF WORK- Construction of 48 nos. of 125mmX 40mm X 61m deep (Soil-'B') I.M-II tube well as sustainable hand tube well with constrcution of 1.85mtr dia. circular P.C.C  platform and P.C.C drain under  Replace of Old T/well  in P.H. Division, Hajipur for the Year 2020-2021 under P.H.Sub-Division, Mahua and Mahnar  in the district of Vaishali.","NAME OF WORK- Construction of 48 nos. of 125mmX 40mm X 61m deep (Soil-'B') I.M-II tube well as sustainable hand tube well with constrcution of 1.85mtr dia. circular P.C.C  platform and P.C.C drain under  Replace of Old T/well  in P.H. Division, Hajipur for the Year 2020-2021 under P.H.Sub-Division, Mahua and Mahnar  in the district of Vaishali.",2524080.0,INR,INR,2021-03-27 07:59:19+00:00,2021-03-27T07:40:42.192000+00:00,2021-04-27T19:16:23+00:00,"Executive Engineer P.H. Division, Hajipur",EE,P.H. DIVISION HAJIPUR,Hospital road Near pani tanki campus hajipur,SUPERINTENDING ENGINNER  MUZAFFARPUR,SE,PHED CIRCLE OFFICE MUZAFFARPUR,50500.0,5000.0,590.0,True,"{'Flood': 0, 'Embankment': 0, 'embkt': 0, 'Relief': 0, 'Erosion': 0, 'SDRF': 0, 'Inundation': 0, 'Hydrology': 0, 'Silt': 0, 'Siltation': 0, 'Bund': 0, 'Trench': 0, 'Breach': 0, 'Culvert': 0, 'Sluice': 0, 'Dyke': 0, 'Storm water drain': 0, 'Emergency': 0, 'Immediate': 0, 'IM': 0, 'AE': 0, 'A E': 0, 'AAPDA MITRA': 0, 'Bridge': 0, 'River': 0, 'Drain': 2, 'Restoration': 0, 'Protection': 0, 'irr': 0, 'irrigation': 0, 'dam': 0, 'Nallah': 0, 'Retrofitting': 0, 'Pond': 0, 'Pokhari': 0, 'D/C': 0, 'Recharge shaft': 0, 'LFB': 0, 'RFB': 0}","{'Floodlight': 0, 'Flood Light': 0, 'GAS': 0, 'FIFA': 0, 'pipe': 0, 'pipes': 0, 'covid': 0, 'supply': 0, 'Beautification': 0, 'Installation': 0}",,,False,True,Immediate Measures
9342,NIT 08/2020-21,"NIT 08 /2020-21 GROUP 2, Construction of 34 nos of 125mm X 40mm X 61m deep I.M-II hand Pump with platform and drain.  (As per Estimate -1)","NIT 08 /2020-21 GROUP 2, Construction of 34 nos of 125mm X 40mm X 61m deep I.M-II hand Pump with platform and drain.  (As per Estimate -1)",2089200.0,INR,INR,2021-03-31 11:44:47+00:00,2021-03-27T08:02:20.599000+00:00,2021-05-25T10:06:14+00:00,SANJAY KUMAR (EXECUTIVE ENGINEER),EXECUTIVE ENGINEER,P.H.DIVISION ARWAL,"PHED OFFICE, JEHANABAD ROAD,  ARWAL",PRASHOON KUMAR,SE,PHED ARA,42000.0,5000.0,590.0,True,"{'Flood': 0, 'Embankment': 0, 'embkt': 0, 'Relief': 0, 'Erosion': 0, 'SDRF': 0, 'Inundation': 0, 'Hydrology': 0, 'Silt': 0, 'Siltation': 0, 'Bund': 0, 'Trench': 0, 'Breach': 0, 'Culvert': 0, 'Sluice': 0, 'Dyke': 0, 'Storm water drain': 0, 'Emergency': 0, 'Immediate': 0, 'IM': 0, 'AE': 0, 'A E': 0, 'AAPDA MITRA': 0, 'Bridge': 0, 'River': 0, 'Drain': 2, 'Restoration': 0, 'Protection': 0, 'irr': 0, 'irrigation': 0, 'dam': 0, 'Nallah': 0, 'Retrofitting': 0, 'Pond': 0, 'Pokhari': 0, 'D/C': 0, 'Recharge shaft': 0, 'LFB': 0, 'RFB': 0}","{'Floodlight': 0, 'Flood Light': 0, 'GAS': 0, 'FIFA': 0, 'pipe': 0, 'pipes': 0, 'covid': 0, 'supply': 0, 'Beautification': 0, 'Installation': 0}",,,False,True,Immediate Measures
9341,03-PHED/BGS/2020-21-03,Construction of 15 nos. new 125mm X 40mm dia X 61 meter and 17 nos. new 125mm X 40mm dia X 46 deep hand operated T/well with India Mark II Hand Pump with Platform and drain,Construction of 15 nos. new 125mm X 40mm dia X 61 meter and 17 nos. new 125mm X 40mm dia X 46 deep hand operated T/well with India Mark II Hand Pump with Platform and drain,1870798.0,INR,INR,2021-03-27 08:37:01+00:00,2021-03-27T07:58:57.914000+00:00,2022-01-25T08:54:47+00:00,Ali Haider,Executive Engineer,"P.H.Division, Begusarai","Ratanpur Chatti Road, Panti Tanki Campus",MANOJ KUMAR,SE,PHE GAYA CIRCLE GAYA,35183.0,5000.0,590.0,True,"{'Flood': 0, 'Embankment': 0, 'embkt': 0, 'Relief': 0, 'Erosion': 0, 'SDRF': 0, 'Inundation': 0, 'Hydrology': 0, 'Silt': 0, 'Siltation': 0, 'Bund': 0, 'Trench': 0, 'Breach': 0, 'Culvert': 0, 'Sluice': 0, 'Dyke': 0, 'Storm water drain': 0, 'Emergency': 0, 'Immediate': 0, 'IM': 0, 'AE': 0, 'A E': 0, 'AAPDA MITRA': 0, 'Bridge': 0, 'River': 0, 'Drain': 2, 'Restoration': 0, 'Protection': 0, 'irr': 0, 'irrigation': 0, 'dam': 0, 'Nallah': 0, 'Retrofitting': 0, 'Pond': 0, 'Pokhari': 0, 'D/C': 0, 'Recharge shaft': 0, 'LFB': 0, 'RFB': 0}","{'Floodlight': 0, 'Flood Light': 0, 'GAS': 0, 'FIFA': 0, 'pipe': 0, 'pipes': 0, 'covid': 0, 'supply': 0, 'Beautification': 0, 'Installation': 0}",,,False,True,Others
9340,03-PHED/BGS/2020-21-01,Construction of 15 nos. new 125mm X 40mm dia X 61 meter and 15 nos. new 125mm X 40mm dia X 46 deep hand operated T/well with India Mark II Hand Pump with Platform and drain,Construction of 15 nos. new 125mm X 40mm dia X 61 meter and 15 nos. new 125mm X 40mm dia X 46 deep hand operated T/well with India Mark II Hand Pump with Platform and drain,1759140.0,INR,INR,2021-03-27 08:39:26+00:00,2021-03-27T07:41:52.194000+00:00,2022-01-25T08:50:57+00:00,Ali Haider,Executive Engineer,"P.H.Division, Begusarai","Ratanpur Chatti Road, Panti Tanki Campus",MANOJ KUMAR,SE,PHE GAYA CIRCLE GAYA,35183.0,5000.0,590.0,True,"{'Flood': 0, 'Embankment': 0, 'embkt': 0, 'Relief': 0, 'Erosion': 0, 'SDRF': 0, 'Inundation': 0, 'Hydrology': 0, 'Silt': 0, 'Siltation': 0, 'Bund': 0, 'Trench': 0, 'Breach': 0, 'Culvert': 0, 'Sluice': 0, 'Dyke': 0, 'Storm water drain': 0, 'Emergency': 0, 'Immediate': 0, 'IM': 0, 'AE': 0, 'A E': 0, 'AAPDA MITRA': 0, 'Bridge': 0, 'River': 0, 'Drain': 2, 'Restoration': 0, 'Protection': 0, 'irr': 0, 'irrigation': 0, 'dam': 0, 'Nallah': 0, 'Retrofitting': 0, 'Pond': 0, 'Pokhari': 0, 'D/C': 0, 'Recharge shaft': 0, 'LFB': 0, 'RFB': 0}","{'Floodlight': 0, 'Flood Light': 0, 'GAS': 0, 'FIFA': 0, 'pipe': 0, 'pipes': 0, 'covid': 0, 'supply': 0, 'Beautification': 0, 'Installation': 0}",,,False,True,Others
9343,NIT - 07R/2020 - 2021 / Group -01,"Group 01 - Sinking of 125mm X 40 mm x 61 m (avg.) deep Tube Well with IM-II Hand Pump and Construction of UNICEF design PCC Platform and Drain,  in place of Old Defunct T/well , under State Plan Scheme within the jurisdiction of P.H. Division, Samastipur in the District of Samastipur for the Year 2020-21","Group 01 - Sinking of 125mm X 40 mm x 61 m (avg.) deep Tube Well with IM-II Hand Pump and Construction of UNICEF design PCC Platform and Drain,  in place of Old Defunct T/well , under State Plan Scheme within the jurisdiction of P.H. Division, Samastipur in the District of Samastipur for the Year 2020-21",2560850.0,INR,INR,2021-03-27 11:43:39+00:00,2021-03-27T10:04:56.950000+00:00,2021-05-30T12:52:16+00:00,KUMAR ABHISHEK,EE,P.H DIVISION SAMASTIPUR,BHADURPUR PANI TANKI CAMPUS SAMASTIPUR,KUMAR ABHISHEK,EE,P.H DIVISION SAMASTIPUR,51500.0,5000.0,590.0,True,"{'Flood': 0, 'Embankment': 0, 'embkt': 0, 'Relief': 0, 'Erosion': 0, 'SDRF': 0, 'Inundation': 0, 'Hydrology': 0, 'Silt': 0, 'Siltation': 0, 'Bund': 0, 'Trench': 0, 'Breach': 0, 'Culvert': 0, 'Sluice': 0, 'Dyke': 0, 'Storm water drain': 0, 'Emergency': 0, 'Immediate': 0, 'IM': 2, 'AE': 0, 'A E': 0, 'AAPDA MITRA': 0, 'Bridge': 0, 'River': 0, 'Drain': 2, 'Restoration': 0, 'Protection': 0, 'irr': 0, 'irrigation': 0, 'dam': 0, 'Nallah': 0, 'Retrofitting': 0, 'Pond': 0, 'Pokhari': 0, 'D/C': 0, 'Recharge shaft': 0, 'LFB': 0, 'RFB': 0}","{'Floodlight': 0, 'Flood Light': 0, 'GAS': 0, 'FIFA': 0, 'pipe': 0, 'pipes': 0, 'covid': 0, 'supply': 0, 'Beautification': 0, 'Installation': 0}",,,False,True,Immediate Measures
