Tender ID :,Tender Ref No :,Tender Title :,Work Description,Tender Value in ₹,Tender Currency,Bid Currency,Publish Date,Contract Date :,Update Date,Issuing Authority Name,Issuing Authority Designation,Issuing Organisation Name,Issuing Address,Approving Authority Name,Approving Authority Designation,Approving Organisation Name,EMD Amount,Tender Fee Amount,Tender Processing Fee Amount,is_flood_tender,positive_keywords_dict,negative_keywords_dict,Season,Scheme,Erosion,Roads_Bridges_Embkt,Response Type
11363,NIT-16/2021-22/GR-01,Group No.-01 Name of work    :-   Bill of Quantity for the Construction of Paver Block surface road on the embankment of East and South Side of Harahi Pokhar.,Group No.-01 Name of work    :-   Bill of Quantity for the Construction of Paver Block surface road on the embankment of East and South Side of Harahi Pokhar.,2809400.0,INR,INR,2021-07-02 08:15:49+00:00,2021-07-02T08:05:41.245000+00:00,2022-07-13T08:43:34+00:00,SOMESH BAHADUR MATHUR,Municipal Commissioner Begusarai,"BEGUSARAI Municipal Corporation, BEGUSARAI","SRI KRISHNA SINGH CHOWK,",Manesh Kumar Meena,Municipal Commissioner,"Darbhanga Municipal Corporation, Darbhanga",56200.0,5000.0,590.0,True,"{'Flood': 0, 'Embankment': 2, 'embkt': 0, 'Relief': 0, 'Erosion': 0, 'SDRF': 0, 'Inundation': 0, 'Hydrology': 0, 'Silt': 0, 'Siltation': 0, 'Bund': 0, 'Trench': 0, 'Breach': 0, 'Culvert': 0, 'Sluice': 0, 'Dyke': 0, 'Storm water drain': 0, 'Emergency': 0, 'Immediate': 0, 'IM': 0, 'AE': 0, 'A E': 0, 'AAPDA MITRA': 0, 'Bridge': 0, 'River': 0, 'Drain': 0, 'Restoration': 0, 'Protection': 0, 'irr': 0, 'irrigation': 0, 'dam': 0, 'Nallah': 0, 'Retrofitting': 0, 'Pond': 0, 'Pokhari': 0, 'D/C': 0, 'Recharge shaft': 0, 'LFB': 0, 'RFB': 0}","{'Floodlight': 0, 'Flood Light': 0, 'GAS': 0, 'FIFA': 0, 'pipe': 0, 'pipes': 0, 'covid': 0, 'supply': 0, 'Beautification': 0, 'Installation': 0}",,,False,True,Immediate Measures
11366,NIT NO 03/2021-22 GR-03,Group N0. 03 Nagar parishad Buxarshabhi ganha ghato ka sphai warsh ke shabhi twaharo me wishesh shphai kary nishtarn bhandarn Sthal dstwin se kude ka uthaw and dam shaid tak nishtarn,Group N0. 03 Nagar parishad Buxarshabhi ganha ghato ka sphai warsh ke shabhi twaharo me wishesh shphai kary nishtarn bhandarn Sthal dstwin se kude ka uthaw and dam shaid tak nishtarn,0.0,INR,INR,2021-07-02 09:17:45+00:00,2021-07-02T09:15:32.742000+00:00,2021-07-19T14:45:14+00:00,PREM SWARUPAM,EO KAKO,NAGAR PANCHAYAT KAKO,KAKO NAGAR PANCHAYAT,PREM SWARUPAM,EO KAKO,NAGAR PANCHAYAT KAKO,100000.0,5000.0,590.0,True,"{'Flood': 0, 'Embankment': 0, 'embkt': 0, 'Relief': 0, 'Erosion': 0, 'SDRF': 0, 'Inundation': 0, 'Hydrology': 0, 'Silt': 0, 'Siltation': 0, 'Bund': 0, 'Trench': 0, 'Breach': 0, 'Culvert': 0, 'Sluice': 0, 'Dyke': 0, 'Storm water drain': 0, 'Emergency': 0, 'Immediate': 0, 'IM': 0, 'AE': 0, 'A E': 0, 'AAPDA MITRA': 0, 'Bridge': 0, 'River': 0, 'Drain': 0, 'Restoration': 0, 'Protection': 0, 'irr': 0, 'irrigation': 0, 'dam': 2, 'Nallah': 0, 'Retrofitting': 0, 'Pond': 0, 'Pokhari': 0, 'D/C': 0, 'Recharge shaft': 0, 'LFB': 0, 'RFB': 0}","{'Floodlight': 0, 'Flood Light': 0, 'GAS': 0, 'FIFA': 0, 'pipe': 0, 'pipes': 0, 'covid': 0, 'supply': 0, 'Beautification': 0, 'Installation': 0}",,,False,False,Immediate Measures
11370,NIT-07/MMC/2021-22/GR-02,"Construction of R.C.C. Drain from Sadpura Idgah to Ambedkar Nagar via House of Kalimullaha Ji in Ward No.-32 under MMC, Muzaffarpur.  GROUP-02","Construction of R.C.C. Drain from Sadpura Idgah to Ambedkar Nagar via House of Kalimullaha Ji in Ward No.-32 under MMC, Muzaffarpur.  GROUP-02",1213845.0,INR,INR,2021-07-03 12:50:46+00:00,2021-07-03T06:07:42.646000+00:00,2021-07-17T06:59:24+00:00,"MUNICIPAL COMMISSIONER, MUZAFFARPUR",MUNICIPAL COMMISSIONER,MUZAFFARPUR MUNICIPAL CORPORATION,"OPPOSITE OF MUZAFFARPUR RAILWAY STATION, KACHHARI CAMPUR","MUNICIPAL COMMISSIONER, MUZAFFARPUR",MUNICIPAL COMMISSIONER,MUZAFFARPUR MUNICIPAL CORPORATION,24300.0,2500.0,590.0,True,"{'Flood': 0, 'Embankment': 0, 'embkt': 0, 'Relief': 0, 'Erosion': 0, 'SDRF': 0, 'Inundation': 0, 'Hydrology': 0, 'Silt': 0, 'Siltation': 0, 'Bund': 0, 'Trench': 0, 'Breach': 0, 'Culvert': 0, 'Sluice': 0, 'Dyke': 0, 'Storm water drain': 0, 'Emergency': 0, 'Immediate': 0, 'IM': 0, 'AE': 0, 'A E': 0, 'AAPDA MITRA': 0, 'Bridge': 0, 'River': 0, 'Drain': 2, 'Restoration': 0, 'Protection': 0, 'irr': 0, 'irrigation': 0, 'dam': 0, 'Nallah': 0, 'Retrofitting': 0, 'Pond': 0, 'Pokhari': 0, 'D/C': 0, 'Recharge shaft': 0, 'LFB': 0, 'RFB': 0}","{'Floodlight': 0, 'Flood Light': 0, 'GAS': 0, 'FIFA': 0, 'pipe': 0, 'pipes': 0, 'covid': 0, 'supply': 0, 'Beautification': 0, 'Installation': 0}",,,False,True,Immediate Measures
11371,NIT-07/MMC/2021-22/GR-03,"Construction of R.C.C. Drain with P.C.C. Road from Makhan Shah Chowk to Ashok Dubey in Ward No.-21 under MMC, Muzaffarpur.  GROUP-03","Construction of R.C.C. Drain with P.C.C. Road from Makhan Shah Chowk to Ashok Dubey in Ward No.-21 under MMC, Muzaffarpur.  GROUP-03",3531117.0,INR,INR,2021-07-03 12:52:08+00:00,2021-07-03T06:11:30.773000+00:00,2021-07-19T12:08:25+00:00,"MUNICIPAL COMMISSIONER, MUZAFFARPUR",MUNICIPAL COMMISSIONER,MUZAFFARPUR MUNICIPAL CORPORATION,"OPPOSITE OF MUZAFFARPUR RAILWAY STATION, KACHHARI CAMPUR","MUNICIPAL COMMISSIONER, MUZAFFARPUR",MUNICIPAL COMMISSIONER,MUZAFFARPUR MUNICIPAL CORPORATION,70700.0,5000.0,590.0,True,"{'Flood': 0, 'Embankment': 0, 'embkt': 0, 'Relief': 0, 'Erosion': 0, 'SDRF': 0, 'Inundation': 0, 'Hydrology': 0, 'Silt': 0, 'Siltation': 0, 'Bund': 0, 'Trench': 0, 'Breach': 0, 'Culvert': 0, 'Sluice': 0, 'Dyke': 0, 'Storm water drain': 0, 'Emergency': 0, 'Immediate': 0, 'IM': 0, 'AE': 0, 'A E': 0, 'AAPDA MITRA': 0, 'Bridge': 0, 'River': 0, 'Drain': 2, 'Restoration': 0, 'Protection': 0, 'irr': 0, 'irrigation': 0, 'dam': 0, 'Nallah': 0, 'Retrofitting': 0, 'Pond': 0, 'Pokhari': 0, 'D/C': 0, 'Recharge shaft': 0, 'LFB': 0, 'RFB': 0}","{'Floodlight': 0, 'Flood Light': 0, 'GAS': 0, 'FIFA': 0, 'pipe': 0, 'pipes': 0, 'covid': 0, 'supply': 0, 'Beautification': 0, 'Installation': 0}",,,False,True,Immediate Measures
11372,NIT-07/MMC/2021-22/GR-04,"Construction of P.C.C Road with R.C.C Drain from Maharani Mehndi to Verma Niketan and Md. Kamru Jama to Md. Javed & Mukherjee to Diplal Shah and Munna Jee to Ramesh Jee House in Ward No.-18 under MMC, Muzaffarpur.  GROUP-04","Construction of P.C.C Road with R.C.C Drain from Maharani Mehndi to Verma Niketan and Md. Kamru Jama to Md. Javed & Mukherjee to Diplal Shah and Munna Jee to Ramesh Jee House in Ward No.-18 under MMC, Muzaffarpur.  GROUP-04",1674550.0,INR,INR,2021-07-03 12:53:13+00:00,2021-07-03T06:11:48.417000+00:00,2021-07-19T11:11:39+00:00,"MUNICIPAL COMMISSIONER, MUZAFFARPUR",MUNICIPAL COMMISSIONER,MUZAFFARPUR MUNICIPAL CORPORATION,"OPPOSITE OF MUZAFFARPUR RAILWAY STATION, KACHHARI CAMPUR","MUNICIPAL COMMISSIONER, MUZAFFARPUR",MUNICIPAL COMMISSIONER,MUZAFFARPUR MUNICIPAL CORPORATION,33500.0,5000.0,590.0,True,"{'Flood': 0, 'Embankment': 0, 'embkt': 0, 'Relief': 0, 'Erosion': 0, 'SDRF': 0, 'Inundation': 0, 'Hydrology': 0, 'Silt': 0, 'Siltation': 0, 'Bund': 0, 'Trench': 0, 'Breach': 0, 'Culvert': 0, 'Sluice': 0, 'Dyke': 0, 'Storm water drain': 0, 'Emergency': 0, 'Immediate': 0, 'IM': 0, 'AE': 0, 'A E': 0, 'AAPDA MITRA': 0, 'Bridge': 0, 'River': 0, 'Drain': 2, 'Restoration': 0, 'Protection': 0, 'irr': 0, 'irrigation': 0, 'dam': 0, 'Nallah': 0, 'Retrofitting': 0, 'Pond': 0, 'Pokhari': 0, 'D/C': 0, 'Recharge shaft': 0, 'LFB': 0, 'RFB': 0}","{'Floodlight': 0, 'Flood Light': 0, 'GAS': 0, 'FIFA': 0, 'pipe': 0, 'pipes': 0, 'covid': 0, 'supply': 0, 'Beautification': 0, 'Installation': 0}",,,False,True,Immediate Measures
11373,NIT-07/MMC/2021-22/GR-05,"Construction of  R.C.C Drain in Ambedkar Nagar East (Maha Dalit Tola) in Ward No.-13 under MMC, Muzaffarpur.  GROUP-05","Construction of  R.C.C Drain in Ambedkar Nagar East (Maha Dalit Tola) in Ward No.-13 under MMC, Muzaffarpur.  GROUP-05",2881845.0,INR,INR,2021-07-03 12:54:06+00:00,2021-07-03T06:12:04.980000+00:00,2021-07-19T11:19:30+00:00,"MUNICIPAL COMMISSIONER, MUZAFFARPUR",MUNICIPAL COMMISSIONER,MUZAFFARPUR MUNICIPAL CORPORATION,"OPPOSITE OF MUZAFFARPUR RAILWAY STATION, KACHHARI CAMPUR","MUNICIPAL COMMISSIONER, MUZAFFARPUR",MUNICIPAL COMMISSIONER,MUZAFFARPUR MUNICIPAL CORPORATION,57700.0,5000.0,590.0,True,"{'Flood': 0, 'Embankment': 0, 'embkt': 0, 'Relief': 0, 'Erosion': 0, 'SDRF': 0, 'Inundation': 0, 'Hydrology': 0, 'Silt': 0, 'Siltation': 0, 'Bund': 0, 'Trench': 0, 'Breach': 0, 'Culvert': 0, 'Sluice': 0, 'Dyke': 0, 'Storm water drain': 0, 'Emergency': 0, 'Immediate': 0, 'IM': 0, 'AE': 0, 'A E': 0, 'AAPDA MITRA': 0, 'Bridge': 0, 'River': 0, 'Drain': 2, 'Restoration': 0, 'Protection': 0, 'irr': 0, 'irrigation': 0, 'dam': 0, 'Nallah': 0, 'Retrofitting': 0, 'Pond': 0, 'Pokhari': 0, 'D/C': 0, 'Recharge shaft': 0, 'LFB': 0, 'RFB': 0}","{'Floodlight': 0, 'Flood Light': 0, 'GAS': 0, 'FIFA': 0, 'pipe': 0, 'pipes': 0, 'covid': 0, 'supply': 0, 'Beautification': 0, 'Installation': 0}",,,False,True,Immediate Measures
11413,NIT - 02 SBD-2021-22,"RAISING, STRENGTHENING AND PUCCIKARAN OF LEFT KAMLA BALAN EMBANKMENT & RIGHT KAMLA BALAN EMBANKMENT PHASE-1 (PIPRAGHAT BRIDGE TO THENGHA BRIDGE) LKBE BETWEEN K.M. 27.10 TO K.M. 66.30 K.M. & RKBE BETWEEN K.M. 23.20 TO K.M. 64.00 (WITH FIVE YEAR MAINTENANCE).","RAISING, STRENGTHENING AND PUCCIKARAN OF LEFT KAMLA BALAN EMBANKMENT & RIGHT KAMLA BALAN EMBANKMENT PHASE-1 (PIPRAGHAT BRIDGE TO THENGHA BRIDGE) LKBE BETWEEN K.M. 27.10 TO K.M. 66.30 K.M. & RKBE BETWEEN K.M. 23.20 TO K.M. 64.00 (WITH FIVE YEAR MAINTENANCE).",2825704920.0,INR,INR,2021-07-05 09:11:41+00:00,2021-07-05T08:09:58.662000+00:00,2021-09-10T13:39:05+00:00,PRIYA SHANKAR APPU,SE,"WRD, DARBHANGA",FCC DARBHANGA,PRIYA SHANKAR APPU,"SE, DARBHANGA","WRD, DARBHANGA",29257100.0,10000.0,5900.0,True,"{'Flood': 0, 'Embankment': 4, 'embkt': 0, 'Relief': 0, 'Erosion': 0, 'SDRF': 0, 'Inundation': 0, 'Hydrology': 0, 'Silt': 0, 'Siltation': 0, 'Bund': 0, 'Trench': 0, 'Breach': 0, 'Culvert': 0, 'Sluice': 0, 'Dyke': 0, 'Storm water drain': 0, 'Emergency': 0, 'Immediate': 0, 'IM': 0, 'AE': 0, 'A E': 0, 'AAPDA MITRA': 0, 'Bridge': 4, 'River': 0, 'Drain': 0, 'Restoration': 0, 'Protection': 0, 'irr': 0, 'irrigation': 0, 'dam': 0, 'Nallah': 0, 'Retrofitting': 0, 'Pond': 0, 'Pokhari': 0, 'D/C': 0, 'Recharge shaft': 0, 'LFB': 0, 'RFB': 0}","{'Floodlight': 0, 'Flood Light': 0, 'GAS': 0, 'FIFA': 0, 'pipe': 0, 'pipes': 0, 'covid': 0, 'supply': 0, 'Beautification': 0, 'Installation': 0}",,,False,True,Repair and Restoration
11439,E TENDER 02/EEBDSUPAUL/2021-2022,"Construction Of Compound Wall , Main Gate , Earth Filling, Approach Road , RCC Culvert and Fire fighting work For Combined Labour Building Supaul.","Construction Of Compound Wall , Main Gate , Earth Filling, Approach Road , RCC Culvert and Fire fighting work For Combined Labour Building Supaul.",7969679.0,INR,INR,2021-07-05 18:25:30+00:00,2021-07-05T17:49:41.993000+00:00,2021-08-05T08:45:17+00:00,EXECUTIVE ENGINEER BUILDING DIVISION SUPAUL,EXECUTIVE ENGINEER BUILDING DIVISION SUPAUL,BUILDING CONSTRUCTION DEPARTMENT,EXECUTIVE ENGINEER BUILDING DIVISION SUPAUL,"Superintending Engineer, BUILDING CIRCLE SAHARSA",SE,"Superintending Engineer, Building Circle, Saharsa",159400.0,10000.0,3540.0,True,"{'Flood': 0, 'Embankment': 0, 'embkt': 0, 'Relief': 0, 'Erosion': 0, 'SDRF': 0, 'Inundation': 0, 'Hydrology': 0, 'Silt': 0, 'Siltation': 0, 'Bund': 0, 'Trench': 0, 'Breach': 0, 'Culvert': 2, 'Sluice': 0, 'Dyke': 0, 'Storm water drain': 0, 'Emergency': 0, 'Immediate': 0, 'IM': 0, 'AE': 0, 'A E': 0, 'AAPDA MITRA': 0, 'Bridge': 0, 'River': 0, 'Drain': 0, 'Restoration': 0, 'Protection': 0, 'irr': 0, 'irrigation': 0, 'dam': 0, 'Nallah': 0, 'Retrofitting': 0, 'Pond': 0, 'Pokhari': 0, 'D/C': 0, 'Recharge shaft': 0, 'LFB': 0, 'RFB': 0}","{'Floodlight': 0, 'Flood Light': 0, 'GAS': 0, 'FIFA': 0, 'pipe': 0, 'pipes': 0, 'covid': 0, 'supply': 0, 'Beautification': 0, 'Installation': 0}",,,False,True,Others
11497,NIT 04/2021-22/R-08/20,Construction of Road and Drain from Kewani Tola main road to Taukir Sahab house in Ward no-22 under Nagar Parishad Aurangabad.,Construction of Road and Drain from Kewani Tola main road to Taukir Sahab house in Ward no-22 under Nagar Parishad Aurangabad.,664300.0,INR,INR,2021-07-09 12:36:41+00:00,2021-07-09T12:28:24.019000+00:00,2021-07-17T09:31:00+00:00,Executive Officer Aurangabad,Executive Officer Aurangabad,Municipal council Aurangabad,"Block More, Aurangabad",Ajeet Kumar,"Executive Officer, Nagar Parishad Aurangabad",Aurangabad Nagar Parishad,13300.0,1250.0,590.0,True,"{'Flood': 0, 'Embankment': 0, 'embkt': 0, 'Relief': 0, 'Erosion': 0, 'SDRF': 0, 'Inundation': 0, 'Hydrology': 0, 'Silt': 0, 'Siltation': 0, 'Bund': 0, 'Trench': 0, 'Breach': 0, 'Culvert': 0, 'Sluice': 0, 'Dyke': 0, 'Storm water drain': 0, 'Emergency': 0, 'Immediate': 0, 'IM': 0, 'AE': 0, 'A E': 0, 'AAPDA MITRA': 0, 'Bridge': 0, 'River': 0, 'Drain': 2, 'Restoration': 0, 'Protection': 0, 'irr': 0, 'irrigation': 0, 'dam': 0, 'Nallah': 0, 'Retrofitting': 0, 'Pond': 0, 'Pokhari': 0, 'D/C': 0, 'Recharge shaft': 0, 'LFB': 0, 'RFB': 0}","{'Floodlight': 0, 'Flood Light': 0, 'GAS': 0, 'FIFA': 0, 'pipe': 0, 'pipes': 0, 'covid': 0, 'supply': 0, 'Beautification': 0, 'Installation': 0}",,,False,True,Others
11500,NIT 04/2021-22/G-94/20,Construction of Road & Drain from H/o Devdhar Singh to H/o Bihta Mastar Saheb via H/o Lallu Lal & Block Shiv Mandir to H/o Anil Singh via H/o Ramashray Singh in Ward no-06 under Nagar Parishad Aurangabad.,Construction of Road & Drain from H/o Devdhar Singh to H/o Bihta Mastar Saheb via H/o Lallu Lal & Block Shiv Mandir to H/o Anil Singh via H/o Ramashray Singh in Ward no-06 under Nagar Parishad Aurangabad.,1800400.0,INR,INR,2021-07-09 12:41:33+00:00,2021-07-09T12:36:56.948000+00:00,2022-05-27T12:02:46+00:00,Executive Officer Aurangabad,Executive Officer Aurangabad,Municipal council Aurangabad,"Block More, Aurangabad",Ajeet Kumar,"Executive Officer, Nagar Parishad Aurangabad",Aurangabad Nagar Parishad,36500.0,5000.0,590.0,True,"{'Flood': 0, 'Embankment': 0, 'embkt': 0, 'Relief': 0, 'Erosion': 0, 'SDRF': 0, 'Inundation': 0, 'Hydrology': 0, 'Silt': 0, 'Siltation': 0, 'Bund': 0, 'Trench': 0, 'Breach': 0, 'Culvert': 0, 'Sluice': 0, 'Dyke': 0, 'Storm water drain': 0, 'Emergency': 0, 'Immediate': 0, 'IM': 0, 'AE': 0, 'A E': 0, 'AAPDA MITRA': 0, 'Bridge': 0, 'River': 0, 'Drain': 2, 'Restoration': 0, 'Protection': 0, 'irr': 0, 'irrigation': 0, 'dam': 0, 'Nallah': 0, 'Retrofitting': 0, 'Pond': 0, 'Pokhari': 0, 'D/C': 0, 'Recharge shaft': 0, 'LFB': 0, 'RFB': 0}","{'Floodlight': 0, 'Flood Light': 0, 'GAS': 0, 'FIFA': 0, 'pipe': 0, 'pipes': 0, 'covid': 0, 'supply': 0, 'Beautification': 0, 'Installation': 0}",,,False,True,Others
11501,NIT 04/2021-22/G-130/20,Construction of Road and Drain from H/o Ramadhar Sharma to H/o bharat Singh via Shikshak sangh bhawan in Ward no-08 under Nagar Parishad Aurangabad.,Construction of Road and Drain from H/o Ramadhar Sharma to H/o bharat Singh via Shikshak sangh bhawan in Ward no-08 under Nagar Parishad Aurangabad.,2447000.0,INR,INR,2021-07-09 12:45:09+00:00,2021-07-09T12:41:57.792000+00:00,2022-05-27T12:24:09+00:00,Executive Officer Aurangabad,Executive Officer Aurangabad,Municipal council Aurangabad,"Block More, Aurangabad",Ajeet Kumar,"Executive Officer, Nagar Parishad Aurangabad",Aurangabad Nagar Parishad,49000.0,5000.0,590.0,True,"{'Flood': 0, 'Embankment': 0, 'embkt': 0, 'Relief': 0, 'Erosion': 0, 'SDRF': 0, 'Inundation': 0, 'Hydrology': 0, 'Silt': 0, 'Siltation': 0, 'Bund': 0, 'Trench': 0, 'Breach': 0, 'Culvert': 0, 'Sluice': 0, 'Dyke': 0, 'Storm water drain': 0, 'Emergency': 0, 'Immediate': 0, 'IM': 0, 'AE': 0, 'A E': 0, 'AAPDA MITRA': 0, 'Bridge': 0, 'River': 0, 'Drain': 2, 'Restoration': 0, 'Protection': 0, 'irr': 0, 'irrigation': 0, 'dam': 0, 'Nallah': 0, 'Retrofitting': 0, 'Pond': 0, 'Pokhari': 0, 'D/C': 0, 'Recharge shaft': 0, 'LFB': 0, 'RFB': 0}","{'Floodlight': 0, 'Flood Light': 0, 'GAS': 0, 'FIFA': 0, 'pipe': 0, 'pipes': 0, 'covid': 0, 'supply': 0, 'Beautification': 0, 'Installation': 0}",,,False,True,Others
11537,NIT 05/2021-22/G-03/21,Construction of Chhat Ghat at South of adari nadi bridge in ward no. 28 under Nagar Parishad Aurangabad.,Construction of Chhat Ghat at South of adari nadi bridge in ward no. 28 under Nagar Parishad Aurangabad.,2483904.0,INR,INR,2021-07-13 08:47:30+00:00,2021-07-13T08:44:31.305000+00:00,2023-02-24T11:37:00+00:00,Executive Officer Aurangabad,Executive Officer Aurangabad,Municipal council Aurangabad,"Block More, Aurangabad",Ajeet Kumar,"Executive Officer, Nagar Parishad Aurangabad",Aurangabad Nagar Parishad,50000.0,5000.0,590.0,True,"{'Flood': 0, 'Embankment': 0, 'embkt': 0, 'Relief': 0, 'Erosion': 0, 'SDRF': 0, 'Inundation': 0, 'Hydrology': 0, 'Silt': 0, 'Siltation': 0, 'Bund': 0, 'Trench': 0, 'Breach': 0, 'Culvert': 0, 'Sluice': 0, 'Dyke': 0, 'Storm water drain': 0, 'Emergency': 0, 'Immediate': 0, 'IM': 0, 'AE': 0, 'A E': 0, 'AAPDA MITRA': 0, 'Bridge': 2, 'River': 0, 'Drain': 0, 'Restoration': 0, 'Protection': 0, 'irr': 0, 'irrigation': 0, 'dam': 0, 'Nallah': 0, 'Retrofitting': 0, 'Pond': 0, 'Pokhari': 0, 'D/C': 0, 'Recharge shaft': 0, 'LFB': 0, 'RFB': 0}","{'Floodlight': 0, 'Flood Light': 0, 'GAS': 0, 'FIFA': 0, 'pipe': 0, 'pipes': 0, 'covid': 0, 'supply': 0, 'Beautification': 0, 'Installation': 0}",,,False,True,Others
11541,03/BCD/HAJIPUR/2021-22 GROUP 3,"Soil filling, Drain & Fire Fighting work at Centre of Excellence for fruit Building Desari, Vaishali (Part-B)","Soil filling, Drain & Fire Fighting work at Centre of Excellence for fruit Building Desari, Vaishali (Part-B)",10895507.0,INR,INR,2021-07-13 10:55:11+00:00,2021-07-13T10:50:07.003000+00:00,2022-01-24T11:30:19+00:00,"Executive Engineer, BUILDING DIVISION VAISHALI, HAJIPUR",EE,"Vaishali  Building  Division,  Hajipur","Executive  Engineer, Vaishali  Building  Division,  Hajipur","Superintending Engineer, Building Circle Muzaffarpur",SE,Building Circle Muzaffarpur,218000.0,10000.0,3540.0,True,"{'Flood': 0, 'Embankment': 0, 'embkt': 0, 'Relief': 0, 'Erosion': 0, 'SDRF': 0, 'Inundation': 0, 'Hydrology': 0, 'Silt': 0, 'Siltation': 0, 'Bund': 0, 'Trench': 0, 'Breach': 0, 'Culvert': 0, 'Sluice': 0, 'Dyke': 0, 'Storm water drain': 0, 'Emergency': 0, 'Immediate': 0, 'IM': 0, 'AE': 0, 'A E': 0, 'AAPDA MITRA': 0, 'Bridge': 0, 'River': 0, 'Drain': 2, 'Restoration': 0, 'Protection': 0, 'irr': 0, 'irrigation': 0, 'dam': 0, 'Nallah': 0, 'Retrofitting': 0, 'Pond': 0, 'Pokhari': 0, 'D/C': 0, 'Recharge shaft': 0, 'LFB': 0, 'RFB': 0}","{'Floodlight': 0, 'Flood Light': 0, 'GAS': 0, 'FIFA': 0, 'pipe': 0, 'pipes': 0, 'covid': 0, 'supply': 0, 'Beautification': 0, 'Installation': 0}",,,False,True,Immediate Measures
11549,NIT 06/2021-22/G-01/21,Construction of Road and Drain  from H/o J.P Singh to H/o Anmol and Pintu Singh Badem to  H/o Ranjan Singh Kathruwa in Ward no-01 under Nagar Parishad Aurangabad.,Construction of Road and Drain  from H/o J.P Singh to H/o Anmol and Pintu Singh Badem to  H/o Ranjan Singh Kathruwa in Ward no-01 under Nagar Parishad Aurangabad.,2425893.0,INR,INR,2021-07-14 07:37:53+00:00,2021-07-14T07:28:03.988000+00:00,2022-05-27T07:29:14+00:00,Executive Officer Aurangabad,Executive Officer Aurangabad,Municipal council Aurangabad,"Block More, Aurangabad",Ajeet Kumar,"Executive Officer, Nagar Parishad Aurangabad",Aurangabad Nagar Parishad,49000.0,5000.0,590.0,True,"{'Flood': 0, 'Embankment': 0, 'embkt': 0, 'Relief': 0, 'Erosion': 0, 'SDRF': 0, 'Inundation': 0, 'Hydrology': 0, 'Silt': 0, 'Siltation': 0, 'Bund': 0, 'Trench': 0, 'Breach': 0, 'Culvert': 0, 'Sluice': 0, 'Dyke': 0, 'Storm water drain': 0, 'Emergency': 0, 'Immediate': 0, 'IM': 0, 'AE': 0, 'A E': 0, 'AAPDA MITRA': 0, 'Bridge': 0, 'River': 0, 'Drain': 2, 'Restoration': 0, 'Protection': 0, 'irr': 0, 'irrigation': 0, 'dam': 0, 'Nallah': 0, 'Retrofitting': 0, 'Pond': 0, 'Pokhari': 0, 'D/C': 0, 'Recharge shaft': 0, 'LFB': 0, 'RFB': 0}","{'Floodlight': 0, 'Flood Light': 0, 'GAS': 0, 'FIFA': 0, 'pipe': 0, 'pipes': 0, 'covid': 0, 'supply': 0, 'Beautification': 0, 'Installation': 0}",,,False,True,Others
11552,NIT 06/2021-22/G-02/21,Construction of Road and Drain from H/O Umesh Singh  to kshtriya Nagar Main Road Via Banti Singh House in Ward no-04 under Nagar Parishad Aurangabad.,Construction of Road and Drain from H/O Umesh Singh  to kshtriya Nagar Main Road Via Banti Singh House in Ward no-04 under Nagar Parishad Aurangabad.,1879582.0,INR,INR,2021-07-14 07:42:20+00:00,2021-07-14T07:38:25.011000+00:00,2022-05-20T12:17:29+00:00,Executive Officer Aurangabad,Executive Officer Aurangabad,Municipal council Aurangabad,"Block More, Aurangabad",Ajeet Kumar,"Executive Officer, Nagar Parishad Aurangabad",Aurangabad Nagar Parishad,38000.0,5000.0,590.0,True,"{'Flood': 0, 'Embankment': 0, 'embkt': 0, 'Relief': 0, 'Erosion': 0, 'SDRF': 0, 'Inundation': 0, 'Hydrology': 0, 'Silt': 0, 'Siltation': 0, 'Bund': 0, 'Trench': 0, 'Breach': 0, 'Culvert': 0, 'Sluice': 0, 'Dyke': 0, 'Storm water drain': 0, 'Emergency': 0, 'Immediate': 0, 'IM': 0, 'AE': 0, 'A E': 0, 'AAPDA MITRA': 0, 'Bridge': 0, 'River': 0, 'Drain': 2, 'Restoration': 0, 'Protection': 0, 'irr': 0, 'irrigation': 0, 'dam': 0, 'Nallah': 0, 'Retrofitting': 0, 'Pond': 0, 'Pokhari': 0, 'D/C': 0, 'Recharge shaft': 0, 'LFB': 0, 'RFB': 0}","{'Floodlight': 0, 'Flood Light': 0, 'GAS': 0, 'FIFA': 0, 'pipe': 0, 'pipes': 0, 'covid': 0, 'supply': 0, 'Beautification': 0, 'Installation': 0}",,,False,True,Others
11553,NIT 06/2021-22/G-03/21,Construction of Road and Drain from MG Road  V-Mart To Arun Singh House in Ward no-05 under Nagar Parishad Aurangabad.,Construction of Road and Drain from MG Road  V-Mart To Arun Singh House in Ward no-05 under Nagar Parishad Aurangabad.,2428599.0,INR,INR,2021-07-14 07:46:22+00:00,2021-07-14T07:42:52.874000+00:00,2022-09-17T06:29:33+00:00,Executive Officer Aurangabad,Executive Officer Aurangabad,Municipal council Aurangabad,"Block More, Aurangabad",Ajeet Kumar,"Executive Officer, Nagar Parishad Aurangabad",Aurangabad Nagar Parishad,49000.0,5000.0,590.0,True,"{'Flood': 0, 'Embankment': 0, 'embkt': 0, 'Relief': 0, 'Erosion': 0, 'SDRF': 0, 'Inundation': 0, 'Hydrology': 0, 'Silt': 0, 'Siltation': 0, 'Bund': 0, 'Trench': 0, 'Breach': 0, 'Culvert': 0, 'Sluice': 0, 'Dyke': 0, 'Storm water drain': 0, 'Emergency': 0, 'Immediate': 0, 'IM': 0, 'AE': 0, 'A E': 0, 'AAPDA MITRA': 0, 'Bridge': 0, 'River': 0, 'Drain': 2, 'Restoration': 0, 'Protection': 0, 'irr': 0, 'irrigation': 0, 'dam': 0, 'Nallah': 0, 'Retrofitting': 0, 'Pond': 0, 'Pokhari': 0, 'D/C': 0, 'Recharge shaft': 0, 'LFB': 0, 'RFB': 0}","{'Floodlight': 0, 'Flood Light': 0, 'GAS': 0, 'FIFA': 0, 'pipe': 0, 'pipes': 0, 'covid': 0, 'supply': 0, 'Beautification': 0, 'Installation': 0}",,,False,True,Others
11554,NIT 06/2021-22/G-04/21,Construction of Road and Drain from H/O Manoj Singh Mukhiya to H/O Ajay Sinha to H/O Najir Sah in Ward no-07 under Nagar Parishad Aurangabad.,Construction of Road and Drain from H/O Manoj Singh Mukhiya to H/O Ajay Sinha to H/O Najir Sah in Ward no-07 under Nagar Parishad Aurangabad.,2488767.0,INR,INR,2021-07-14 07:51:46+00:00,2021-07-14T07:46:44.177000+00:00,2022-04-01T07:59:46+00:00,Executive Officer Aurangabad,Executive Officer Aurangabad,Municipal council Aurangabad,"Block More, Aurangabad",Ajeet Kumar,"Executive Officer, Nagar Parishad Aurangabad",Aurangabad Nagar Parishad,50000.0,5000.0,590.0,True,"{'Flood': 0, 'Embankment': 0, 'embkt': 0, 'Relief': 0, 'Erosion': 0, 'SDRF': 0, 'Inundation': 0, 'Hydrology': 0, 'Silt': 0, 'Siltation': 0, 'Bund': 0, 'Trench': 0, 'Breach': 0, 'Culvert': 0, 'Sluice': 0, 'Dyke': 0, 'Storm water drain': 0, 'Emergency': 0, 'Immediate': 0, 'IM': 0, 'AE': 0, 'A E': 0, 'AAPDA MITRA': 0, 'Bridge': 0, 'River': 0, 'Drain': 2, 'Restoration': 0, 'Protection': 0, 'irr': 0, 'irrigation': 0, 'dam': 0, 'Nallah': 0, 'Retrofitting': 0, 'Pond': 0, 'Pokhari': 0, 'D/C': 0, 'Recharge shaft': 0, 'LFB': 0, 'RFB': 0}","{'Floodlight': 0, 'Flood Light': 0, 'GAS': 0, 'FIFA': 0, 'pipe': 0, 'pipes': 0, 'covid': 0, 'supply': 0, 'Beautification': 0, 'Installation': 0}",,,False,True,Others
11560,NIT 06/2021-22/G-07/21,Construction of Road  and Repair Drain slab from Near Baratpur Akhada to H/o Ashok singh Via H/o uday gupta Np Chariman in Ward no-30 under Nagar Parishad Aurangabad.,Construction of Road  and Repair Drain slab from Near Baratpur Akhada to H/o Ashok singh Via H/o uday gupta Np Chariman in Ward no-30 under Nagar Parishad Aurangabad.,2402622.0,INR,INR,2021-07-14 08:06:29+00:00,2021-07-14T08:02:52.168000+00:00,2022-05-20T11:29:40+00:00,Executive Officer Aurangabad,Executive Officer Aurangabad,Municipal council Aurangabad,"Block More, Aurangabad",Ajeet Kumar,"Executive Officer, Nagar Parishad Aurangabad",Aurangabad Nagar Parishad,48500.0,5000.0,590.0,True,"{'Flood': 0, 'Embankment': 0, 'embkt': 0, 'Relief': 0, 'Erosion': 0, 'SDRF': 0, 'Inundation': 0, 'Hydrology': 0, 'Silt': 0, 'Siltation': 0, 'Bund': 0, 'Trench': 0, 'Breach': 0, 'Culvert': 0, 'Sluice': 0, 'Dyke': 0, 'Storm water drain': 0, 'Emergency': 0, 'Immediate': 0, 'IM': 0, 'AE': 0, 'A E': 0, 'AAPDA MITRA': 0, 'Bridge': 0, 'River': 0, 'Drain': 2, 'Restoration': 0, 'Protection': 0, 'irr': 0, 'irrigation': 0, 'dam': 0, 'Nallah': 0, 'Retrofitting': 0, 'Pond': 0, 'Pokhari': 0, 'D/C': 0, 'Recharge shaft': 0, 'LFB': 0, 'RFB': 0}","{'Floodlight': 0, 'Flood Light': 0, 'GAS': 0, 'FIFA': 0, 'pipe': 0, 'pipes': 0, 'covid': 0, 'supply': 0, 'Beautification': 0, 'Installation': 0}",,,False,True,Immediate Measures
11562,NIT 06/2021-22/G-08/21,Construction of PCC Road with Drain  from H/o sunil singh to H/o jai nandan sharma Via H/o sarvesh kumar to H/o Ramji sinha in Ward no-20 under Nagar Parishad Aurangabad.,Construction of PCC Road with Drain  from H/o sunil singh to H/o jai nandan sharma Via H/o sarvesh kumar to H/o Ramji sinha in Ward no-20 under Nagar Parishad Aurangabad.,2494177.0,INR,INR,2021-07-14 08:15:06+00:00,2021-07-14T08:06:52.340000+00:00,2022-03-26T11:15:47+00:00,Executive Officer Aurangabad,Executive Officer Aurangabad,Municipal council Aurangabad,"Block More, Aurangabad",Ajeet Kumar,"Executive Officer, Nagar Parishad Aurangabad",Aurangabad Nagar Parishad,50000.0,5000.0,590.0,True,"{'Flood': 0, 'Embankment': 0, 'embkt': 0, 'Relief': 0, 'Erosion': 0, 'SDRF': 0, 'Inundation': 0, 'Hydrology': 0, 'Silt': 0, 'Siltation': 0, 'Bund': 0, 'Trench': 0, 'Breach': 0, 'Culvert': 0, 'Sluice': 0, 'Dyke': 0, 'Storm water drain': 0, 'Emergency': 0, 'Immediate': 0, 'IM': 0, 'AE': 0, 'A E': 0, 'AAPDA MITRA': 0, 'Bridge': 0, 'River': 0, 'Drain': 2, 'Restoration': 0, 'Protection': 0, 'irr': 0, 'irrigation': 0, 'dam': 0, 'Nallah': 0, 'Retrofitting': 0, 'Pond': 0, 'Pokhari': 0, 'D/C': 0, 'Recharge shaft': 0, 'LFB': 0, 'RFB': 0}","{'Floodlight': 0, 'Flood Light': 0, 'GAS': 0, 'FIFA': 0, 'pipe': 0, 'pipes': 0, 'covid': 0, 'supply': 0, 'Beautification': 0, 'Installation': 0}",,,False,True,Others
11563,NIT 06/2021-22/G-09/21,"Construction of Road and Drain  from Jaslim Ansari to Irfan Master Via shouket & Jalaludin, Guddu Ansari to khurshid & Manjur Miya and Inayat Ansari to jaibun Nisha Via Nawsad and Gorakh Gandhi in Ward no-14 under Nagar Parishad Aurangabad.","Construction of Road and Drain  from Jaslim Ansari to Irfan Master Via shouket & Jalaludin, Guddu Ansari to khurshid & Manjur Miya and Inayat Ansari to jaibun Nisha Via Nawsad and Gorakh Gandhi in Ward no-14 under Nagar Parishad Aurangabad.",2355231.0,INR,INR,2021-07-14 08:24:54+00:00,2021-07-14T08:15:21.376000+00:00,2022-05-25T12:15:36+00:00,Executive Officer Aurangabad,Executive Officer Aurangabad,Municipal council Aurangabad,"Block More, Aurangabad",Ajeet Kumar,"Executive Officer, Nagar Parishad Aurangabad",Aurangabad Nagar Parishad,47500.0,5000.0,590.0,True,"{'Flood': 0, 'Embankment': 0, 'embkt': 0, 'Relief': 0, 'Erosion': 0, 'SDRF': 0, 'Inundation': 0, 'Hydrology': 0, 'Silt': 0, 'Siltation': 0, 'Bund': 0, 'Trench': 0, 'Breach': 0, 'Culvert': 0, 'Sluice': 0, 'Dyke': 0, 'Storm water drain': 0, 'Emergency': 0, 'Immediate': 0, 'IM': 0, 'AE': 0, 'A E': 0, 'AAPDA MITRA': 0, 'Bridge': 0, 'River': 0, 'Drain': 2, 'Restoration': 0, 'Protection': 0, 'irr': 0, 'irrigation': 0, 'dam': 0, 'Nallah': 0, 'Retrofitting': 0, 'Pond': 0, 'Pokhari': 0, 'D/C': 0, 'Recharge shaft': 0, 'LFB': 0, 'RFB': 0}","{'Floodlight': 0, 'Flood Light': 0, 'GAS': 0, 'FIFA': 0, 'pipe': 0, 'pipes': 0, 'covid': 0, 'supply': 0, 'Beautification': 0, 'Installation': 0}",,,False,True,Immediate Measures
11565,NIT 06/2021-22/G-11/21,Construction of Road and Drain from Rahi Niwas to Old GT Road in Ward no-06 under Nagar Parishad Aurangabad.,Construction of Road and Drain from Rahi Niwas to Old GT Road in Ward no-06 under Nagar Parishad Aurangabad.,2467517.0,INR,INR,2021-07-14 08:31:32+00:00,2021-07-14T08:28:40.631000+00:00,2022-05-20T12:34:45+00:00,Executive Officer Aurangabad,Executive Officer Aurangabad,Municipal council Aurangabad,"Block More, Aurangabad",Ajeet Kumar,"Executive Officer, Nagar Parishad Aurangabad",Aurangabad Nagar Parishad,49500.0,5000.0,590.0,True,"{'Flood': 0, 'Embankment': 0, 'embkt': 0, 'Relief': 0, 'Erosion': 0, 'SDRF': 0, 'Inundation': 0, 'Hydrology': 0, 'Silt': 0, 'Siltation': 0, 'Bund': 0, 'Trench': 0, 'Breach': 0, 'Culvert': 0, 'Sluice': 0, 'Dyke': 0, 'Storm water drain': 0, 'Emergency': 0, 'Immediate': 0, 'IM': 0, 'AE': 0, 'A E': 0, 'AAPDA MITRA': 0, 'Bridge': 0, 'River': 0, 'Drain': 2, 'Restoration': 0, 'Protection': 0, 'irr': 0, 'irrigation': 0, 'dam': 0, 'Nallah': 0, 'Retrofitting': 0, 'Pond': 0, 'Pokhari': 0, 'D/C': 0, 'Recharge shaft': 0, 'LFB': 0, 'RFB': 0}","{'Floodlight': 0, 'Flood Light': 0, 'GAS': 0, 'FIFA': 0, 'pipe': 0, 'pipes': 0, 'covid': 0, 'supply': 0, 'Beautification': 0, 'Installation': 0}",,,False,True,Others
11566,NIT 06/2021-22/G-12/21,Construction of Road and Drain  from Anil Yadav to NH2 and Sunil Mehta to NH 2 Via Prabhat Singh and Akhilesh Singh in Ward no-28 under Nagar Parishad Aurangabad.,Construction of Road and Drain  from Anil Yadav to NH2 and Sunil Mehta to NH 2 Via Prabhat Singh and Akhilesh Singh in Ward no-28 under Nagar Parishad Aurangabad.,2316701.0,INR,INR,2021-07-14 08:34:48+00:00,2021-07-14T08:31:43.444000+00:00,2022-05-25T12:19:40+00:00,Executive Officer Aurangabad,Executive Officer Aurangabad,Municipal council Aurangabad,"Block More, Aurangabad",Ajeet Kumar,"Executive Officer, Nagar Parishad Aurangabad",Aurangabad Nagar Parishad,46500.0,5000.0,590.0,True,"{'Flood': 0, 'Embankment': 0, 'embkt': 0, 'Relief': 0, 'Erosion': 0, 'SDRF': 0, 'Inundation': 0, 'Hydrology': 0, 'Silt': 0, 'Siltation': 0, 'Bund': 0, 'Trench': 0, 'Breach': 0, 'Culvert': 0, 'Sluice': 0, 'Dyke': 0, 'Storm water drain': 0, 'Emergency': 0, 'Immediate': 0, 'IM': 0, 'AE': 0, 'A E': 0, 'AAPDA MITRA': 0, 'Bridge': 0, 'River': 0, 'Drain': 2, 'Restoration': 0, 'Protection': 0, 'irr': 0, 'irrigation': 0, 'dam': 0, 'Nallah': 0, 'Retrofitting': 0, 'Pond': 0, 'Pokhari': 0, 'D/C': 0, 'Recharge shaft': 0, 'LFB': 0, 'RFB': 0}","{'Floodlight': 0, 'Flood Light': 0, 'GAS': 0, 'FIFA': 0, 'pipe': 0, 'pipes': 0, 'covid': 0, 'supply': 0, 'Beautification': 0, 'Installation': 0}",,,False,True,Others
11567,NIT 06/2021-22/G-13/21,"Construction of Road and Drain  from Vijay Singh house to Ramjanam jee house via Ashok singh, Manish and Dinesh Singh house in Ward no-11under Nagar Parishad Aurangabad.","Construction of Road and Drain  from Vijay Singh house to Ramjanam jee house via Ashok singh, Manish and Dinesh Singh house in Ward no-11under Nagar Parishad Aurangabad.",2453583.0,INR,INR,2021-07-14 08:38:05+00:00,2021-07-14T08:34:59.295000+00:00,2022-05-27T08:48:13+00:00,Executive Officer Aurangabad,Executive Officer Aurangabad,Municipal council Aurangabad,"Block More, Aurangabad",Ajeet Kumar,"Executive Officer, Nagar Parishad Aurangabad",Aurangabad Nagar Parishad,49500.0,5000.0,590.0,True,"{'Flood': 0, 'Embankment': 0, 'embkt': 0, 'Relief': 0, 'Erosion': 0, 'SDRF': 0, 'Inundation': 0, 'Hydrology': 0, 'Silt': 0, 'Siltation': 0, 'Bund': 0, 'Trench': 0, 'Breach': 0, 'Culvert': 0, 'Sluice': 0, 'Dyke': 0, 'Storm water drain': 0, 'Emergency': 0, 'Immediate': 0, 'IM': 0, 'AE': 0, 'A E': 0, 'AAPDA MITRA': 0, 'Bridge': 0, 'River': 0, 'Drain': 2, 'Restoration': 0, 'Protection': 0, 'irr': 0, 'irrigation': 0, 'dam': 0, 'Nallah': 0, 'Retrofitting': 0, 'Pond': 0, 'Pokhari': 0, 'D/C': 0, 'Recharge shaft': 0, 'LFB': 0, 'RFB': 0}","{'Floodlight': 0, 'Flood Light': 0, 'GAS': 0, 'FIFA': 0, 'pipe': 0, 'pipes': 0, 'covid': 0, 'supply': 0, 'Beautification': 0, 'Installation': 0}",,,False,True,Others
11568,NIT 06/2021-22/G-14/21,Construction of P.C.C Road and Drain from Dr Anil singh house to Vinod Singh house and Suresh Prasad Singh house to satwat house Via Maharajganj Road to Ram Parikha yadav house in Ward no-05 under Nagar Parishad Aurangabad.,Construction of P.C.C Road and Drain from Dr Anil singh house to Vinod Singh house and Suresh Prasad Singh house to satwat house Via Maharajganj Road to Ram Parikha yadav house in Ward no-05 under Nagar Parishad Aurangabad.,2414935.0,INR,INR,2021-07-14 08:42:34+00:00,2021-07-14T08:38:16.928000+00:00,2022-05-27T08:00:58+00:00,Executive Officer Aurangabad,Executive Officer Aurangabad,Municipal council Aurangabad,"Block More, Aurangabad",Ajeet Kumar,"Executive Officer, Nagar Parishad Aurangabad",Aurangabad Nagar Parishad,49000.0,5000.0,590.0,True,"{'Flood': 0, 'Embankment': 0, 'embkt': 0, 'Relief': 0, 'Erosion': 0, 'SDRF': 0, 'Inundation': 0, 'Hydrology': 0, 'Silt': 0, 'Siltation': 0, 'Bund': 0, 'Trench': 0, 'Breach': 0, 'Culvert': 0, 'Sluice': 0, 'Dyke': 0, 'Storm water drain': 0, 'Emergency': 0, 'Immediate': 0, 'IM': 0, 'AE': 0, 'A E': 0, 'AAPDA MITRA': 0, 'Bridge': 0, 'River': 0, 'Drain': 2, 'Restoration': 0, 'Protection': 0, 'irr': 0, 'irrigation': 0, 'dam': 0, 'Nallah': 0, 'Retrofitting': 0, 'Pond': 0, 'Pokhari': 0, 'D/C': 0, 'Recharge shaft': 0, 'LFB': 0, 'RFB': 0}","{'Floodlight': 0, 'Flood Light': 0, 'GAS': 0, 'FIFA': 0, 'pipe': 0, 'pipes': 0, 'covid': 0, 'supply': 0, 'Beautification': 0, 'Installation': 0}",,,False,True,Others
11569,NIT 06/2021-22/G-15/21,"Construction of Road and Drain  from Belal kuraishi to munna agent , shahid kuraishi to gashuddin house, akhtar kuraishi to Dr. Shahbuddin, bismil kuraishi to habij istyak sahab and Naimuddin Ansari to Master Latif sah house in Ward no-10 under Nagar Parishad Aurangabad.","Construction of Road and Drain  from Belal kuraishi to munna agent , shahid kuraishi to gashuddin house, akhtar kuraishi to Dr. Shahbuddin, bismil kuraishi to habij istyak sahab and Naimuddin Ansari to Master Latif sah house in Ward no-10 under Nagar Parishad Aurangabad.",2365509.0,INR,INR,2021-07-14 08:47:11+00:00,2021-07-14T08:42:52.207000+00:00,2023-02-24T11:43:36+00:00,Executive Officer Aurangabad,Executive Officer Aurangabad,Municipal council Aurangabad,"Block More, Aurangabad",Ajeet Kumar,"Executive Officer, Nagar Parishad Aurangabad",Aurangabad Nagar Parishad,47500.0,5000.0,590.0,True,"{'Flood': 0, 'Embankment': 0, 'embkt': 0, 'Relief': 0, 'Erosion': 0, 'SDRF': 0, 'Inundation': 0, 'Hydrology': 0, 'Silt': 0, 'Siltation': 0, 'Bund': 0, 'Trench': 0, 'Breach': 0, 'Culvert': 0, 'Sluice': 0, 'Dyke': 0, 'Storm water drain': 0, 'Emergency': 0, 'Immediate': 0, 'IM': 0, 'AE': 0, 'A E': 0, 'AAPDA MITRA': 0, 'Bridge': 0, 'River': 0, 'Drain': 2, 'Restoration': 0, 'Protection': 0, 'irr': 0, 'irrigation': 0, 'dam': 0, 'Nallah': 0, 'Retrofitting': 0, 'Pond': 0, 'Pokhari': 0, 'D/C': 0, 'Recharge shaft': 0, 'LFB': 0, 'RFB': 0}","{'Floodlight': 0, 'Flood Light': 0, 'GAS': 0, 'FIFA': 0, 'pipe': 0, 'pipes': 0, 'covid': 0, 'supply': 0, 'Beautification': 0, 'Installation': 0}",,,False,True,Immediate Measures
11570,NIT 06/2021-22/G-16/21,"Construction of Road and Drain  from Late Hari Dhawar Prasad house to budhdeo Paswan Via Devendra, Ramdeep Ram, Girja Prasad Awdhesh Ram, Nand kishor Ram and Tikari Road To Nur Ansari  in Ward no-13 under Nagar Parishad Aurangabad.","Construction of Road and Drain  from Late Hari Dhawar Prasad house to budhdeo Paswan Via Devendra, Ramdeep Ram, Girja Prasad Awdhesh Ram, Nand kishor Ram and Tikari Road To Nur Ansari  in Ward no-13 under Nagar Parishad Aurangabad.",2437572.0,INR,INR,2021-07-14 08:51:13+00:00,2021-07-14T08:47:36.447000+00:00,2021-08-05T07:55:32+00:00,Executive Officer Aurangabad,Executive Officer Aurangabad,Municipal council Aurangabad,"Block More, Aurangabad",Ajeet Kumar,"Executive Officer, Nagar Parishad Aurangabad",Aurangabad Nagar Parishad,49000.0,5000.0,590.0,True,"{'Flood': 0, 'Embankment': 0, 'embkt': 0, 'Relief': 0, 'Erosion': 0, 'SDRF': 0, 'Inundation': 0, 'Hydrology': 0, 'Silt': 0, 'Siltation': 0, 'Bund': 0, 'Trench': 0, 'Breach': 0, 'Culvert': 0, 'Sluice': 0, 'Dyke': 0, 'Storm water drain': 0, 'Emergency': 0, 'Immediate': 0, 'IM': 0, 'AE': 0, 'A E': 0, 'AAPDA MITRA': 0, 'Bridge': 0, 'River': 0, 'Drain': 2, 'Restoration': 0, 'Protection': 0, 'irr': 0, 'irrigation': 0, 'dam': 0, 'Nallah': 0, 'Retrofitting': 0, 'Pond': 0, 'Pokhari': 0, 'D/C': 0, 'Recharge shaft': 0, 'LFB': 0, 'RFB': 0}","{'Floodlight': 0, 'Flood Light': 0, 'GAS': 0, 'FIFA': 0, 'pipe': 0, 'pipes': 0, 'covid': 0, 'supply': 0, 'Beautification': 0, 'Installation': 0}",,,False,True,Others
11571,NIT 06/2021-22/G-17/21,Construction of Road And Drain  from H/o Mogal Driver to H/o Baban khan mahtab Via H/o Nasim sahab  and  construction of drain slab from H/o  Munna Driver to sagir via safir  in Ward no-21 under Nagar Parishad Aurangabad.,Construction of Road And Drain  from H/o Mogal Driver to H/o Baban khan mahtab Via H/o Nasim sahab  and  construction of drain slab from H/o  Munna Driver to sagir via safir  in Ward no-21 under Nagar Parishad Aurangabad.,2493608.0,INR,INR,2021-07-14 08:54:34+00:00,2021-07-14T08:51:28.907000+00:00,2021-08-05T08:27:42+00:00,Executive Officer Aurangabad,Executive Officer Aurangabad,Municipal council Aurangabad,"Block More, Aurangabad",Ajeet Kumar,"Executive Officer, Nagar Parishad Aurangabad",Aurangabad Nagar Parishad,50000.0,5000.0,590.0,True,"{'Flood': 0, 'Embankment': 0, 'embkt': 0, 'Relief': 0, 'Erosion': 0, 'SDRF': 0, 'Inundation': 0, 'Hydrology': 0, 'Silt': 0, 'Siltation': 0, 'Bund': 0, 'Trench': 0, 'Breach': 0, 'Culvert': 0, 'Sluice': 0, 'Dyke': 0, 'Storm water drain': 0, 'Emergency': 0, 'Immediate': 0, 'IM': 0, 'AE': 0, 'A E': 0, 'AAPDA MITRA': 0, 'Bridge': 0, 'River': 0, 'Drain': 4, 'Restoration': 0, 'Protection': 0, 'irr': 0, 'irrigation': 0, 'dam': 0, 'Nallah': 0, 'Retrofitting': 0, 'Pond': 0, 'Pokhari': 0, 'D/C': 0, 'Recharge shaft': 0, 'LFB': 0, 'RFB': 0}","{'Floodlight': 0, 'Flood Light': 0, 'GAS': 0, 'FIFA': 0, 'pipe': 0, 'pipes': 0, 'covid': 0, 'supply': 0, 'Beautification': 0, 'Installation': 0}",,,False,True,Immediate Measures
11572,NIT 06/2021-22/G-18/21,Construction of Paver Block and Drain on Slab from Old Gt Road to vinod Singh market  Via mahendra paswan market and  construction of Road drain slab from H/o  uday paswan to H/o upendra paswan  in Ward no-29 under Nagar Parishad Aurangabad.,Construction of Paver Block and Drain on Slab from Old Gt Road to vinod Singh market  Via mahendra paswan market and  construction of Road drain slab from H/o  uday paswan to H/o upendra paswan  in Ward no-29 under Nagar Parishad Aurangabad.,2337911.0,INR,INR,2021-07-14 08:58:34+00:00,2021-07-14T08:54:48.972000+00:00,2022-05-25T12:23:55+00:00,Executive Officer Aurangabad,Executive Officer Aurangabad,Municipal council Aurangabad,"Block More, Aurangabad",Ajeet Kumar,"Executive Officer, Nagar Parishad Aurangabad",Aurangabad Nagar Parishad,47000.0,5000.0,590.0,True,"{'Flood': 0, 'Embankment': 0, 'embkt': 0, 'Relief': 0, 'Erosion': 0, 'SDRF': 0, 'Inundation': 0, 'Hydrology': 0, 'Silt': 0, 'Siltation': 0, 'Bund': 0, 'Trench': 0, 'Breach': 0, 'Culvert': 0, 'Sluice': 0, 'Dyke': 0, 'Storm water drain': 0, 'Emergency': 0, 'Immediate': 0, 'IM': 0, 'AE': 0, 'A E': 0, 'AAPDA MITRA': 0, 'Bridge': 0, 'River': 0, 'Drain': 4, 'Restoration': 0, 'Protection': 0, 'irr': 0, 'irrigation': 0, 'dam': 0, 'Nallah': 0, 'Retrofitting': 0, 'Pond': 0, 'Pokhari': 0, 'D/C': 0, 'Recharge shaft': 0, 'LFB': 0, 'RFB': 0}","{'Floodlight': 0, 'Flood Light': 0, 'GAS': 0, 'FIFA': 0, 'pipe': 0, 'pipes': 0, 'covid': 0, 'supply': 0, 'Beautification': 0, 'Installation': 0}",,,False,True,Others
11573,NIT 06/2021-22/G-19/21,"Construction of Road and Drain  from Dinesh Singh Boundary To Ramadhar Singh, Dhanjay Singh to Ravi babu and Manoj Babu Gali in Ward no-8 under Nagar Parishad Aurangabad.","Construction of Road and Drain  from Dinesh Singh Boundary To Ramadhar Singh, Dhanjay Singh to Ravi babu and Manoj Babu Gali in Ward no-8 under Nagar Parishad Aurangabad.",2454720.0,INR,INR,2021-07-14 09:01:49+00:00,2021-07-14T08:58:49.964000+00:00,2022-04-01T07:29:21+00:00,Executive Officer Aurangabad,Executive Officer Aurangabad,Municipal council Aurangabad,"Block More, Aurangabad",Ajeet Kumar,"Executive Officer, Nagar Parishad Aurangabad",Aurangabad Nagar Parishad,49500.0,5000.0,590.0,True,"{'Flood': 0, 'Embankment': 0, 'embkt': 0, 'Relief': 0, 'Erosion': 0, 'SDRF': 0, 'Inundation': 0, 'Hydrology': 0, 'Silt': 0, 'Siltation': 0, 'Bund': 0, 'Trench': 0, 'Breach': 0, 'Culvert': 0, 'Sluice': 0, 'Dyke': 0, 'Storm water drain': 0, 'Emergency': 0, 'Immediate': 0, 'IM': 0, 'AE': 0, 'A E': 0, 'AAPDA MITRA': 0, 'Bridge': 0, 'River': 0, 'Drain': 2, 'Restoration': 0, 'Protection': 0, 'irr': 0, 'irrigation': 0, 'dam': 0, 'Nallah': 0, 'Retrofitting': 0, 'Pond': 0, 'Pokhari': 0, 'D/C': 0, 'Recharge shaft': 0, 'LFB': 0, 'RFB': 0}","{'Floodlight': 0, 'Flood Light': 0, 'GAS': 0, 'FIFA': 0, 'pipe': 0, 'pipes': 0, 'covid': 0, 'supply': 0, 'Beautification': 0, 'Installation': 0}",,,False,True,Others
11574,NIT 06/2021-22/G-20/21,"Construction of Road and Drain  from  Moshihujama Ansari to khushid Ansari Via Jinna Ansari, sagar kuraishi, shahid kuraishi, Aminuddin Majju Penter, Bhikhan sah, salim jaffer, samsad shekh in Ward no-15 under Nagar Parishad Aurangabad.","Construction of Road and Drain  from  Moshihujama Ansari to khushid Ansari Via Jinna Ansari, sagar kuraishi, shahid kuraishi, Aminuddin Majju Penter, Bhikhan sah, salim jaffer, samsad shekh in Ward no-15 under Nagar Parishad Aurangabad.",2457694.0,INR,INR,2021-07-14 09:05:55+00:00,2021-07-14T09:02:03.063000+00:00,2022-05-27T11:10:52+00:00,Executive Officer Aurangabad,Executive Officer Aurangabad,Municipal council Aurangabad,"Block More, Aurangabad",Ajeet Kumar,"Executive Officer, Nagar Parishad Aurangabad",Aurangabad Nagar Parishad,49500.0,5000.0,590.0,True,"{'Flood': 0, 'Embankment': 0, 'embkt': 0, 'Relief': 0, 'Erosion': 0, 'SDRF': 0, 'Inundation': 0, 'Hydrology': 0, 'Silt': 0, 'Siltation': 0, 'Bund': 0, 'Trench': 0, 'Breach': 0, 'Culvert': 0, 'Sluice': 0, 'Dyke': 0, 'Storm water drain': 0, 'Emergency': 0, 'Immediate': 0, 'IM': 0, 'AE': 0, 'A E': 0, 'AAPDA MITRA': 0, 'Bridge': 0, 'River': 0, 'Drain': 2, 'Restoration': 0, 'Protection': 0, 'irr': 0, 'irrigation': 0, 'dam': 0, 'Nallah': 0, 'Retrofitting': 0, 'Pond': 0, 'Pokhari': 0, 'D/C': 0, 'Recharge shaft': 0, 'LFB': 0, 'RFB': 0}","{'Floodlight': 0, 'Flood Light': 0, 'GAS': 0, 'FIFA': 0, 'pipe': 0, 'pipes': 0, 'covid': 0, 'supply': 0, 'Beautification': 0, 'Installation': 0}",,,False,True,Immediate Measures
11575,NIT 06/2021-22/G-21/21,Construction of Road and Drain  from Rajesh choudhary house to ashok saw and Akhilesh paswan to Dablu malakar in Ward no-31 under Nagar Parishad Aurangabad.,Construction of Road and Drain  from Rajesh choudhary house to ashok saw and Akhilesh paswan to Dablu malakar in Ward no-31 under Nagar Parishad Aurangabad.,2311677.0,INR,INR,2021-07-14 09:12:07+00:00,2021-07-14T09:06:08.911000+00:00,2022-09-16T11:58:32+00:00,Executive Officer Aurangabad,Executive Officer Aurangabad,Municipal council Aurangabad,"Block More, Aurangabad",Ajeet Kumar,"Executive Officer, Nagar Parishad Aurangabad",Aurangabad Nagar Parishad,46500.0,5000.0,590.0,True,"{'Flood': 0, 'Embankment': 0, 'embkt': 0, 'Relief': 0, 'Erosion': 0, 'SDRF': 0, 'Inundation': 0, 'Hydrology': 0, 'Silt': 0, 'Siltation': 0, 'Bund': 0, 'Trench': 0, 'Breach': 0, 'Culvert': 0, 'Sluice': 0, 'Dyke': 0, 'Storm water drain': 0, 'Emergency': 0, 'Immediate': 0, 'IM': 0, 'AE': 0, 'A E': 0, 'AAPDA MITRA': 0, 'Bridge': 0, 'River': 0, 'Drain': 2, 'Restoration': 0, 'Protection': 0, 'irr': 0, 'irrigation': 0, 'dam': 0, 'Nallah': 0, 'Retrofitting': 0, 'Pond': 0, 'Pokhari': 0, 'D/C': 0, 'Recharge shaft': 0, 'LFB': 0, 'RFB': 0}","{'Floodlight': 0, 'Flood Light': 0, 'GAS': 0, 'FIFA': 0, 'pipe': 0, 'pipes': 0, 'covid': 0, 'supply': 0, 'Beautification': 0, 'Installation': 0}",,,False,True,Others
11577,NIT 06/2021-22/G-23/21,"Construction from H/o Rajeev jee front to H/o sittar Baitha Soling work and H/o Anil Chaurasiya to Main Nala Drain work and H/o Santosh Paswan Via H/o Anil Saw to Old G.T, Road to Road and Drain in Ward no-33 under Nagar Parishad Aurangabad.","Construction from H/o Rajeev jee front to H/o sittar Baitha Soling work and H/o Anil Chaurasiya to Main Nala Drain work and H/o Santosh Paswan Via H/o Anil Saw to Old G.T, Road to Road and Drain in Ward no-33 under Nagar Parishad Aurangabad.",2099969.0,INR,INR,2021-07-14 09:25:39+00:00,2021-07-14T09:22:28.877000+00:00,2022-05-20T12:40:18+00:00,Executive Officer Aurangabad,Executive Officer Aurangabad,Municipal council Aurangabad,"Block More, Aurangabad",Ajeet Kumar,"Executive Officer, Nagar Parishad Aurangabad",Aurangabad Nagar Parishad,42000.0,5000.0,590.0,True,"{'Flood': 0, 'Embankment': 0, 'embkt': 0, 'Relief': 0, 'Erosion': 0, 'SDRF': 0, 'Inundation': 0, 'Hydrology': 0, 'Silt': 0, 'Siltation': 0, 'Bund': 0, 'Trench': 0, 'Breach': 0, 'Culvert': 0, 'Sluice': 0, 'Dyke': 0, 'Storm water drain': 0, 'Emergency': 0, 'Immediate': 0, 'IM': 0, 'AE': 0, 'A E': 0, 'AAPDA MITRA': 0, 'Bridge': 0, 'River': 0, 'Drain': 4, 'Restoration': 0, 'Protection': 0, 'irr': 0, 'irrigation': 0, 'dam': 0, 'Nallah': 0, 'Retrofitting': 0, 'Pond': 0, 'Pokhari': 0, 'D/C': 0, 'Recharge shaft': 0, 'LFB': 0, 'RFB': 0}","{'Floodlight': 0, 'Flood Light': 0, 'GAS': 0, 'FIFA': 0, 'pipe': 0, 'pipes': 0, 'covid': 0, 'supply': 0, 'Beautification': 0, 'Installation': 0}",,,False,True,Others
11578,NIT 06/2021-22/G-24/21,"Construction of Road and Drain From Inam house to sarju ram house, Kabristan wall to Arbind Jee house and Pannu Master house to babu house Via Ibrar house street  in Ward no-17 under Nagar Parishad Aurangabad.","Construction of Road and Drain From Inam house to sarju ram house, Kabristan wall to Arbind Jee house and Pannu Master house to babu house Via Ibrar house street  in Ward no-17 under Nagar Parishad Aurangabad.",2489938.0,INR,INR,2021-07-14 09:28:50+00:00,2021-07-14T09:25:52.846000+00:00,2022-05-27T08:12:03+00:00,Executive Officer Aurangabad,Executive Officer Aurangabad,Municipal council Aurangabad,"Block More, Aurangabad",Ajeet Kumar,"Executive Officer, Nagar Parishad Aurangabad",Aurangabad Nagar Parishad,50000.0,5000.0,590.0,True,"{'Flood': 0, 'Embankment': 0, 'embkt': 0, 'Relief': 0, 'Erosion': 0, 'SDRF': 0, 'Inundation': 0, 'Hydrology': 0, 'Silt': 0, 'Siltation': 0, 'Bund': 0, 'Trench': 0, 'Breach': 0, 'Culvert': 0, 'Sluice': 0, 'Dyke': 0, 'Storm water drain': 0, 'Emergency': 0, 'Immediate': 0, 'IM': 0, 'AE': 0, 'A E': 0, 'AAPDA MITRA': 0, 'Bridge': 0, 'River': 0, 'Drain': 2, 'Restoration': 0, 'Protection': 0, 'irr': 0, 'irrigation': 0, 'dam': 0, 'Nallah': 0, 'Retrofitting': 0, 'Pond': 0, 'Pokhari': 0, 'D/C': 0, 'Recharge shaft': 0, 'LFB': 0, 'RFB': 0}","{'Floodlight': 0, 'Flood Light': 0, 'GAS': 0, 'FIFA': 0, 'pipe': 0, 'pipes': 0, 'covid': 0, 'supply': 0, 'Beautification': 0, 'Installation': 0}",,,False,True,Others
11579,NIT 06/2021-22/G-25/21,"Construction of PCC Road with Drain Slab  from Bus Dippu More to Shishu Mandir School and Dr R.S Gupta house to Sunil babu, shashi babu house to Pintu Mehta house Road and Drain and shyam babu house to Prem Delux house Road  in Ward no-25 under Nagar Parishad Aurangabad.","Construction of PCC Road with Drain Slab  from Bus Dippu More to Shishu Mandir School and Dr R.S Gupta house to Sunil babu, shashi babu house to Pintu Mehta house Road and Drain and shyam babu house to Prem Delux house Road  in Ward no-25 under Nagar Parishad Aurangabad.",2491242.0,INR,INR,2021-07-14 09:32:34+00:00,2021-07-14T09:29:04.896000+00:00,2022-09-17T06:41:33+00:00,Executive Officer Aurangabad,Executive Officer Aurangabad,Municipal council Aurangabad,"Block More, Aurangabad",Ajeet Kumar,"Executive Officer, Nagar Parishad Aurangabad",Aurangabad Nagar Parishad,50000.0,5000.0,590.0,True,"{'Flood': 0, 'Embankment': 0, 'embkt': 0, 'Relief': 0, 'Erosion': 0, 'SDRF': 0, 'Inundation': 0, 'Hydrology': 0, 'Silt': 0, 'Siltation': 0, 'Bund': 0, 'Trench': 0, 'Breach': 0, 'Culvert': 0, 'Sluice': 0, 'Dyke': 0, 'Storm water drain': 0, 'Emergency': 0, 'Immediate': 0, 'IM': 0, 'AE': 0, 'A E': 0, 'AAPDA MITRA': 0, 'Bridge': 0, 'River': 0, 'Drain': 4, 'Restoration': 0, 'Protection': 0, 'irr': 0, 'irrigation': 0, 'dam': 0, 'Nallah': 0, 'Retrofitting': 0, 'Pond': 0, 'Pokhari': 0, 'D/C': 0, 'Recharge shaft': 0, 'LFB': 0, 'RFB': 0}","{'Floodlight': 0, 'Flood Light': 0, 'GAS': 0, 'FIFA': 0, 'pipe': 0, 'pipes': 0, 'covid': 0, 'supply': 0, 'Beautification': 0, 'Installation': 0}",,,False,True,Others
11580,NIT 06/2021-22/G-26/21,"Construction of Road and Drain from H/O Raju singh to H/O Saroj Singh ke khatal, via santosh panday to Anil sharma in Ward no-07 under Nagar Parishad Aurangabad.","Construction of Road and Drain from H/O Raju singh to H/O Saroj Singh ke khatal, via santosh panday to Anil sharma in Ward no-07 under Nagar Parishad Aurangabad.",2493982.0,INR,INR,2021-07-14 09:36:38+00:00,2021-07-14T09:33:29.714000+00:00,2022-05-27T08:21:09+00:00,Executive Officer Aurangabad,Executive Officer Aurangabad,Municipal council Aurangabad,"Block More, Aurangabad",Ajeet Kumar,"Executive Officer, Nagar Parishad Aurangabad",Aurangabad Nagar Parishad,50000.0,5000.0,590.0,True,"{'Flood': 0, 'Embankment': 0, 'embkt': 0, 'Relief': 0, 'Erosion': 0, 'SDRF': 0, 'Inundation': 0, 'Hydrology': 0, 'Silt': 0, 'Siltation': 0, 'Bund': 0, 'Trench': 0, 'Breach': 0, 'Culvert': 0, 'Sluice': 0, 'Dyke': 0, 'Storm water drain': 0, 'Emergency': 0, 'Immediate': 0, 'IM': 0, 'AE': 0, 'A E': 0, 'AAPDA MITRA': 0, 'Bridge': 0, 'River': 0, 'Drain': 2, 'Restoration': 0, 'Protection': 0, 'irr': 0, 'irrigation': 0, 'dam': 0, 'Nallah': 0, 'Retrofitting': 0, 'Pond': 0, 'Pokhari': 0, 'D/C': 0, 'Recharge shaft': 0, 'LFB': 0, 'RFB': 0}","{'Floodlight': 0, 'Flood Light': 0, 'GAS': 0, 'FIFA': 0, 'pipe': 0, 'pipes': 0, 'covid': 0, 'supply': 0, 'Beautification': 0, 'Installation': 0}",,,False,True,Others
11581,NIT 06/2021-22/G-27/21,Construction with Cover Drain from H/O Chitranjan Panday to Mission School Main Gate to ahed in Ward no-04 under Nagar Parishad Aurangabad.,Construction with Cover Drain from H/O Chitranjan Panday to Mission School Main Gate to ahed in Ward no-04 under Nagar Parishad Aurangabad.,2474589.0,INR,INR,2021-07-14 09:39:43+00:00,2021-07-14T09:36:55.474000+00:00,2023-10-17T06:39:21+00:00,Executive Officer Aurangabad,Executive Officer Aurangabad,Municipal council Aurangabad,"Block More, Aurangabad",Ajeet Kumar,"Executive Officer, Nagar Parishad Aurangabad",Aurangabad Nagar Parishad,49500.0,5000.0,590.0,True,"{'Flood': 0, 'Embankment': 0, 'embkt': 0, 'Relief': 0, 'Erosion': 0, 'SDRF': 0, 'Inundation': 0, 'Hydrology': 0, 'Silt': 0, 'Siltation': 0, 'Bund': 0, 'Trench': 0, 'Breach': 0, 'Culvert': 0, 'Sluice': 0, 'Dyke': 0, 'Storm water drain': 0, 'Emergency': 0, 'Immediate': 0, 'IM': 0, 'AE': 0, 'A E': 0, 'AAPDA MITRA': 0, 'Bridge': 0, 'River': 0, 'Drain': 2, 'Restoration': 0, 'Protection': 0, 'irr': 0, 'irrigation': 0, 'dam': 0, 'Nallah': 0, 'Retrofitting': 0, 'Pond': 0, 'Pokhari': 0, 'D/C': 0, 'Recharge shaft': 0, 'LFB': 0, 'RFB': 0}","{'Floodlight': 0, 'Flood Light': 0, 'GAS': 0, 'FIFA': 0, 'pipe': 0, 'pipes': 0, 'covid': 0, 'supply': 0, 'Beautification': 0, 'Installation': 0}",,,False,True,Others
11582,NIT 06/2021-22/G-28/21,Construction of PCC Road with Drain From H/o Md Rabbani to khrihan Main Road Via H/o Late Mohan Lal to H/o Jitendra Jee to Hanuman Temple in Ward no-20 under Nagar Parishad Aurangabad.,Construction of PCC Road with Drain From H/o Md Rabbani to khrihan Main Road Via H/o Late Mohan Lal to H/o Jitendra Jee to Hanuman Temple in Ward no-20 under Nagar Parishad Aurangabad.,2477319.0,INR,INR,2021-07-14 10:41:22+00:00,2021-07-14T10:37:55.498000+00:00,2022-04-01T07:06:05+00:00,Executive Officer Aurangabad,Executive Officer Aurangabad,Municipal council Aurangabad,"Block More, Aurangabad",Ajeet Kumar,"Executive Officer, Nagar Parishad Aurangabad",Aurangabad Nagar Parishad,50000.0,5000.0,590.0,True,"{'Flood': 0, 'Embankment': 0, 'embkt': 0, 'Relief': 0, 'Erosion': 0, 'SDRF': 0, 'Inundation': 0, 'Hydrology': 0, 'Silt': 0, 'Siltation': 0, 'Bund': 0, 'Trench': 0, 'Breach': 0, 'Culvert': 0, 'Sluice': 0, 'Dyke': 0, 'Storm water drain': 0, 'Emergency': 0, 'Immediate': 0, 'IM': 0, 'AE': 0, 'A E': 0, 'AAPDA MITRA': 0, 'Bridge': 0, 'River': 0, 'Drain': 2, 'Restoration': 0, 'Protection': 0, 'irr': 0, 'irrigation': 0, 'dam': 0, 'Nallah': 0, 'Retrofitting': 0, 'Pond': 0, 'Pokhari': 0, 'D/C': 0, 'Recharge shaft': 0, 'LFB': 0, 'RFB': 0}","{'Floodlight': 0, 'Flood Light': 0, 'GAS': 0, 'FIFA': 0, 'pipe': 0, 'pipes': 0, 'covid': 0, 'supply': 0, 'Beautification': 0, 'Installation': 0}",,,False,True,Others
11583,NIT 06/2021-22/G-29/21,"Construction of Road and Drain  from samir Kha house to suhail Master, Abbas Sipahi to Tmanna kha, Taslim kha to Nasim Via Mukul, M.d Mansur to Akhater and Ramesh Malakar to Appu Ram Via Gopi Paswan in Ward no-13 under Nagar Parishad Aurangabad.","Construction of Road and Drain  from samir Kha house to suhail Master, Abbas Sipahi to Tmanna kha, Taslim kha to Nasim Via Mukul, M.d Mansur to Akhater and Ramesh Malakar to Appu Ram Via Gopi Paswan in Ward no-13 under Nagar Parishad Aurangabad.",2336347.0,INR,INR,2021-07-14 10:47:07+00:00,2021-07-14T10:41:35.743000+00:00,2022-05-27T08:40:13+00:00,Executive Officer Aurangabad,Executive Officer Aurangabad,Municipal council Aurangabad,"Block More, Aurangabad",Ajeet Kumar,"Executive Officer, Nagar Parishad Aurangabad",Aurangabad Nagar Parishad,47000.0,5000.0,590.0,True,"{'Flood': 0, 'Embankment': 0, 'embkt': 0, 'Relief': 0, 'Erosion': 0, 'SDRF': 0, 'Inundation': 0, 'Hydrology': 0, 'Silt': 0, 'Siltation': 0, 'Bund': 0, 'Trench': 0, 'Breach': 0, 'Culvert': 0, 'Sluice': 0, 'Dyke': 0, 'Storm water drain': 0, 'Emergency': 0, 'Immediate': 0, 'IM': 0, 'AE': 0, 'A E': 0, 'AAPDA MITRA': 0, 'Bridge': 0, 'River': 0, 'Drain': 2, 'Restoration': 0, 'Protection': 0, 'irr': 0, 'irrigation': 0, 'dam': 0, 'Nallah': 0, 'Retrofitting': 0, 'Pond': 0, 'Pokhari': 0, 'D/C': 0, 'Recharge shaft': 0, 'LFB': 0, 'RFB': 0}","{'Floodlight': 0, 'Flood Light': 0, 'GAS': 0, 'FIFA': 0, 'pipe': 0, 'pipes': 0, 'covid': 0, 'supply': 0, 'Beautification': 0, 'Installation': 0}",,,False,True,Immediate Measures
11585,NIT 06/2021-22/G-31/21,Construction of Road and Drain from Agencey Wall to Mission School Road and Arvind Singh house to Mission School Main Road and Taal Bigha Main Road To Pintu Chandrwanshi house and Taal Bigha  All Street  in Ward no-04 under Nagar Parishad Aurangabad.,Construction of Road and Drain from Agencey Wall to Mission School Road and Arvind Singh house to Mission School Main Road and Taal Bigha Main Road To Pintu Chandrwanshi house and Taal Bigha  All Street  in Ward no-04 under Nagar Parishad Aurangabad.,2412642.0,INR,INR,2021-07-14 10:53:54+00:00,2021-07-14T10:50:29.061000+00:00,2022-05-20T12:44:41+00:00,Executive Officer Aurangabad,Executive Officer Aurangabad,Municipal council Aurangabad,"Block More, Aurangabad",Ajeet Kumar,"Executive Officer, Nagar Parishad Aurangabad",Aurangabad Nagar Parishad,49000.0,5000.0,590.0,True,"{'Flood': 0, 'Embankment': 0, 'embkt': 0, 'Relief': 0, 'Erosion': 0, 'SDRF': 0, 'Inundation': 0, 'Hydrology': 0, 'Silt': 0, 'Siltation': 0, 'Bund': 0, 'Trench': 0, 'Breach': 0, 'Culvert': 0, 'Sluice': 0, 'Dyke': 0, 'Storm water drain': 0, 'Emergency': 0, 'Immediate': 0, 'IM': 0, 'AE': 0, 'A E': 0, 'AAPDA MITRA': 0, 'Bridge': 0, 'River': 0, 'Drain': 2, 'Restoration': 0, 'Protection': 0, 'irr': 0, 'irrigation': 0, 'dam': 0, 'Nallah': 0, 'Retrofitting': 0, 'Pond': 0, 'Pokhari': 0, 'D/C': 0, 'Recharge shaft': 0, 'LFB': 0, 'RFB': 0}","{'Floodlight': 0, 'Flood Light': 0, 'GAS': 0, 'FIFA': 0, 'pipe': 0, 'pipes': 0, 'covid': 0, 'supply': 0, 'Beautification': 0, 'Installation': 0}",,,False,True,Others
11586,NIT 06/2021-22/G-32/21,"Construction of Road and Drain  from Jenith School Road to Pramod singh, Arun Singh to Ajay Singh and Brajesh Singh to Ram Ekbal Singh Vai Prashant and  ajay singh Gali  in Ward no-11under Nagar Parishad Aurangabad.","Construction of Road and Drain  from Jenith School Road to Pramod singh, Arun Singh to Ajay Singh and Brajesh Singh to Ram Ekbal Singh Vai Prashant and  ajay singh Gali  in Ward no-11under Nagar Parishad Aurangabad.",2437849.0,INR,INR,2021-07-14 10:58:09+00:00,2021-07-14T10:54:08.291000+00:00,2022-03-26T11:35:23+00:00,Executive Officer Aurangabad,Executive Officer Aurangabad,Municipal council Aurangabad,"Block More, Aurangabad",Ajeet Kumar,"Executive Officer, Nagar Parishad Aurangabad",Aurangabad Nagar Parishad,49000.0,5000.0,590.0,True,"{'Flood': 0, 'Embankment': 0, 'embkt': 0, 'Relief': 0, 'Erosion': 0, 'SDRF': 0, 'Inundation': 0, 'Hydrology': 0, 'Silt': 0, 'Siltation': 0, 'Bund': 0, 'Trench': 0, 'Breach': 0, 'Culvert': 0, 'Sluice': 0, 'Dyke': 0, 'Storm water drain': 0, 'Emergency': 0, 'Immediate': 0, 'IM': 0, 'AE': 0, 'A E': 0, 'AAPDA MITRA': 0, 'Bridge': 0, 'River': 0, 'Drain': 2, 'Restoration': 0, 'Protection': 0, 'irr': 0, 'irrigation': 0, 'dam': 0, 'Nallah': 0, 'Retrofitting': 0, 'Pond': 0, 'Pokhari': 0, 'D/C': 0, 'Recharge shaft': 0, 'LFB': 0, 'RFB': 0}","{'Floodlight': 0, 'Flood Light': 0, 'GAS': 0, 'FIFA': 0, 'pipe': 0, 'pipes': 0, 'covid': 0, 'supply': 0, 'Beautification': 0, 'Installation': 0}",,,False,True,Others
11588,NIT 06/2021-22/G-34/21,Construction of Road and Drain from Ramesh Yadav house to Bhola Yadav house and Nanhak Yadav house to Pramanand house Via Kanhyi Yadav house and Vijay Yadav house to Anil Yadav house to Ranjeet yadav house to Jitendra Yadav house to Ram Yadav house to Arjun house to Guddu Sinha house to Raju Agrawal house to manoj Singh house  in Ward no-33 under Nagar Parishad Aurangabad.,Construction of Road and Drain from Ramesh Yadav house to Bhola Yadav house and Nanhak Yadav house to Pramanand house Via Kanhyi Yadav house and Vijay Yadav house to Anil Yadav house to Ranjeet yadav house to Jitendra Yadav house to Ram Yadav house to Arjun house to Guddu Sinha house to Raju Agrawal house to manoj Singh house  in Ward no-33 under Nagar Parishad Aurangabad.,2474951.0,INR,INR,2021-07-14 11:04:32+00:00,2021-07-14T11:01:22.421000+00:00,2022-03-26T11:48:44+00:00,Executive Officer Aurangabad,Executive Officer Aurangabad,Municipal council Aurangabad,"Block More, Aurangabad",Ajeet Kumar,"Executive Officer, Nagar Parishad Aurangabad",Aurangabad Nagar Parishad,49500.0,5000.0,590.0,True,"{'Flood': 0, 'Embankment': 0, 'embkt': 0, 'Relief': 0, 'Erosion': 0, 'SDRF': 0, 'Inundation': 0, 'Hydrology': 0, 'Silt': 0, 'Siltation': 0, 'Bund': 0, 'Trench': 0, 'Breach': 0, 'Culvert': 0, 'Sluice': 0, 'Dyke': 0, 'Storm water drain': 0, 'Emergency': 0, 'Immediate': 0, 'IM': 0, 'AE': 0, 'A E': 0, 'AAPDA MITRA': 0, 'Bridge': 0, 'River': 0, 'Drain': 2, 'Restoration': 0, 'Protection': 0, 'irr': 0, 'irrigation': 0, 'dam': 0, 'Nallah': 0, 'Retrofitting': 0, 'Pond': 0, 'Pokhari': 0, 'D/C': 0, 'Recharge shaft': 0, 'LFB': 0, 'RFB': 0}","{'Floodlight': 0, 'Flood Light': 0, 'GAS': 0, 'FIFA': 0, 'pipe': 0, 'pipes': 0, 'covid': 0, 'supply': 0, 'Beautification': 0, 'Installation': 0}",,,False,True,Immediate Measures
11587,NIT 06/2021-22/G-33/21,Construction of  Drain  from Arun Sharma house to  Raju Pandit house in Ward no-7 and 8 under Nagar Parishad Aurangabad.,Construction of  Drain  from Arun Sharma house to  Raju Pandit house in Ward no-7 and 8 under Nagar Parishad Aurangabad.,2473047.0,INR,INR,2021-07-14 11:01:07+00:00,2021-07-14T10:58:23.330000+00:00,2022-03-26T11:42:48+00:00,Executive Officer Aurangabad,Executive Officer Aurangabad,Municipal council Aurangabad,"Block More, Aurangabad",Ajeet Kumar,"Executive Officer, Nagar Parishad Aurangabad",Aurangabad Nagar Parishad,49500.0,5000.0,590.0,True,"{'Flood': 0, 'Embankment': 0, 'embkt': 0, 'Relief': 0, 'Erosion': 0, 'SDRF': 0, 'Inundation': 0, 'Hydrology': 0, 'Silt': 0, 'Siltation': 0, 'Bund': 0, 'Trench': 0, 'Breach': 0, 'Culvert': 0, 'Sluice': 0, 'Dyke': 0, 'Storm water drain': 0, 'Emergency': 0, 'Immediate': 0, 'IM': 0, 'AE': 0, 'A E': 0, 'AAPDA MITRA': 0, 'Bridge': 0, 'River': 0, 'Drain': 2, 'Restoration': 0, 'Protection': 0, 'irr': 0, 'irrigation': 0, 'dam': 0, 'Nallah': 0, 'Retrofitting': 0, 'Pond': 0, 'Pokhari': 0, 'D/C': 0, 'Recharge shaft': 0, 'LFB': 0, 'RFB': 0}","{'Floodlight': 0, 'Flood Light': 0, 'GAS': 0, 'FIFA': 0, 'pipe': 0, 'pipes': 0, 'covid': 0, 'supply': 0, 'Beautification': 0, 'Installation': 0}",,,False,True,Others
11589,NIT 06/2021-22/G-35/21,"Construction of Paver Block Drain Repairing And Slab from H/O Afjar to H/O vijay Jee, Ganga Saw, Shyam Bihari to Marfi Road  in Ward no-24 under Nagar Parishad Aurangabad.","Construction of Paver Block Drain Repairing And Slab from H/O Afjar to H/O vijay Jee, Ganga Saw, Shyam Bihari to Marfi Road  in Ward no-24 under Nagar Parishad Aurangabad.",1314384.0,INR,INR,2021-07-14 11:07:31+00:00,2021-07-14T11:04:47.617000+00:00,2022-05-20T12:48:39+00:00,Executive Officer Aurangabad,Executive Officer Aurangabad,Municipal council Aurangabad,"Block More, Aurangabad",Ajeet Kumar,"Executive Officer, Nagar Parishad Aurangabad",Aurangabad Nagar Parishad,26500.0,5000.0,590.0,True,"{'Flood': 0, 'Embankment': 0, 'embkt': 0, 'Relief': 0, 'Erosion': 0, 'SDRF': 0, 'Inundation': 0, 'Hydrology': 0, 'Silt': 0, 'Siltation': 0, 'Bund': 0, 'Trench': 0, 'Breach': 0, 'Culvert': 0, 'Sluice': 0, 'Dyke': 0, 'Storm water drain': 0, 'Emergency': 0, 'Immediate': 0, 'IM': 0, 'AE': 0, 'A E': 0, 'AAPDA MITRA': 0, 'Bridge': 0, 'River': 0, 'Drain': 2, 'Restoration': 0, 'Protection': 0, 'irr': 0, 'irrigation': 0, 'dam': 0, 'Nallah': 0, 'Retrofitting': 0, 'Pond': 0, 'Pokhari': 0, 'D/C': 0, 'Recharge shaft': 0, 'LFB': 0, 'RFB': 0}","{'Floodlight': 0, 'Flood Light': 0, 'GAS': 0, 'FIFA': 0, 'pipe': 0, 'pipes': 0, 'covid': 0, 'supply': 0, 'Beautification': 0, 'Installation': 0}",,,False,True,Repair and Restoration
11590,NIT 06/2021-22/G-36/21,Construction of P.C.C Road and Drain from Uma house to NH2 in Ward no-01 under Nagar Parishad Aurangabad.,Construction of P.C.C Road and Drain from Uma house to NH2 in Ward no-01 under Nagar Parishad Aurangabad.,2455334.0,INR,INR,2021-07-14 11:11:19+00:00,2021-07-14T11:07:47.686000+00:00,2022-05-27T08:33:29+00:00,Executive Officer Aurangabad,Executive Officer Aurangabad,Municipal council Aurangabad,"Block More, Aurangabad",Ajeet Kumar,"Executive Officer, Nagar Parishad Aurangabad",Aurangabad Nagar Parishad,49500.0,5000.0,590.0,True,"{'Flood': 0, 'Embankment': 0, 'embkt': 0, 'Relief': 0, 'Erosion': 0, 'SDRF': 0, 'Inundation': 0, 'Hydrology': 0, 'Silt': 0, 'Siltation': 0, 'Bund': 0, 'Trench': 0, 'Breach': 0, 'Culvert': 0, 'Sluice': 0, 'Dyke': 0, 'Storm water drain': 0, 'Emergency': 0, 'Immediate': 0, 'IM': 0, 'AE': 0, 'A E': 0, 'AAPDA MITRA': 0, 'Bridge': 0, 'River': 0, 'Drain': 2, 'Restoration': 0, 'Protection': 0, 'irr': 0, 'irrigation': 0, 'dam': 0, 'Nallah': 0, 'Retrofitting': 0, 'Pond': 0, 'Pokhari': 0, 'D/C': 0, 'Recharge shaft': 0, 'LFB': 0, 'RFB': 0}","{'Floodlight': 0, 'Flood Light': 0, 'GAS': 0, 'FIFA': 0, 'pipe': 0, 'pipes': 0, 'covid': 0, 'supply': 0, 'Beautification': 0, 'Installation': 0}",,,False,True,Others
11592,NIT 06/2021-22/G-38/21,Construction of Drain from S. N. Sinha Collage Prinicipal house to Old GT Road towards in Ward no-32 under Nagar Parishad Aurangabad.,Construction of Drain from S. N. Sinha Collage Prinicipal house to Old GT Road towards in Ward no-32 under Nagar Parishad Aurangabad.,2466874.0,INR,INR,2021-07-14 11:20:15+00:00,2021-07-14T11:17:00.421000+00:00,2022-05-20T11:46:05+00:00,Executive Officer Aurangabad,Executive Officer Aurangabad,Municipal council Aurangabad,"Block More, Aurangabad",Ajeet Kumar,"Executive Officer, Nagar Parishad Aurangabad",Aurangabad Nagar Parishad,50000.0,5000.0,590.0,True,"{'Flood': 0, 'Embankment': 0, 'embkt': 0, 'Relief': 0, 'Erosion': 0, 'SDRF': 0, 'Inundation': 0, 'Hydrology': 0, 'Silt': 0, 'Siltation': 0, 'Bund': 0, 'Trench': 0, 'Breach': 0, 'Culvert': 0, 'Sluice': 0, 'Dyke': 0, 'Storm water drain': 0, 'Emergency': 0, 'Immediate': 0, 'IM': 0, 'AE': 0, 'A E': 0, 'AAPDA MITRA': 0, 'Bridge': 0, 'River': 0, 'Drain': 2, 'Restoration': 0, 'Protection': 0, 'irr': 0, 'irrigation': 0, 'dam': 0, 'Nallah': 0, 'Retrofitting': 0, 'Pond': 0, 'Pokhari': 0, 'D/C': 0, 'Recharge shaft': 0, 'LFB': 0, 'RFB': 0}","{'Floodlight': 0, 'Flood Light': 0, 'GAS': 0, 'FIFA': 0, 'pipe': 0, 'pipes': 0, 'covid': 0, 'supply': 0, 'Beautification': 0, 'Installation': 0}",,,False,True,Others
11591,NIT 06/2021-22/G-37/21,Construction of Road and Drain  from Lala Mehta house to Sanjay Pal house Via Sanjay kumar in Ward no-31 under Nagar Parishad Aurangabad.,Construction of Road and Drain  from Lala Mehta house to Sanjay Pal house Via Sanjay kumar in Ward no-31 under Nagar Parishad Aurangabad.,2422856.0,INR,INR,2021-07-14 11:16:47+00:00,2021-07-14T11:11:39.331000+00:00,2022-05-20T11:38:42+00:00,Executive Officer Aurangabad,Executive Officer Aurangabad,Municipal council Aurangabad,"Block More, Aurangabad",Ajeet Kumar,"Executive Officer, Nagar Parishad Aurangabad",Aurangabad Nagar Parishad,48500.0,5000.0,590.0,True,"{'Flood': 0, 'Embankment': 0, 'embkt': 0, 'Relief': 0, 'Erosion': 0, 'SDRF': 0, 'Inundation': 0, 'Hydrology': 0, 'Silt': 0, 'Siltation': 0, 'Bund': 0, 'Trench': 0, 'Breach': 0, 'Culvert': 0, 'Sluice': 0, 'Dyke': 0, 'Storm water drain': 0, 'Emergency': 0, 'Immediate': 0, 'IM': 0, 'AE': 0, 'A E': 0, 'AAPDA MITRA': 0, 'Bridge': 0, 'River': 0, 'Drain': 2, 'Restoration': 0, 'Protection': 0, 'irr': 0, 'irrigation': 0, 'dam': 0, 'Nallah': 0, 'Retrofitting': 0, 'Pond': 0, 'Pokhari': 0, 'D/C': 0, 'Recharge shaft': 0, 'LFB': 0, 'RFB': 0}","{'Floodlight': 0, 'Flood Light': 0, 'GAS': 0, 'FIFA': 0, 'pipe': 0, 'pipes': 0, 'covid': 0, 'supply': 0, 'Beautification': 0, 'Installation': 0}",,,False,True,Others
11593,NIT 06/2021-22/G-39/21,Construction of  Road and Drain from Teliya Pokhar Devi Temple to Dinesh Singh Badhora house in Ward no-02 under Nagar Parishad Aurangabad.,Construction of  Road and Drain from Teliya Pokhar Devi Temple to Dinesh Singh Badhora house in Ward no-02 under Nagar Parishad Aurangabad.,2376283.0,INR,INR,2021-07-14 11:23:37+00:00,2021-07-14T11:20:30.219000+00:00,2022-05-20T11:56:30+00:00,Executive Officer Aurangabad,Executive Officer Aurangabad,Municipal council Aurangabad,"Block More, Aurangabad",Ajeet Kumar,"Executive Officer, Nagar Parishad Aurangabad",Aurangabad Nagar Parishad,48000.0,5000.0,590.0,True,"{'Flood': 0, 'Embankment': 0, 'embkt': 0, 'Relief': 0, 'Erosion': 0, 'SDRF': 0, 'Inundation': 0, 'Hydrology': 0, 'Silt': 0, 'Siltation': 0, 'Bund': 0, 'Trench': 0, 'Breach': 0, 'Culvert': 0, 'Sluice': 0, 'Dyke': 0, 'Storm water drain': 0, 'Emergency': 0, 'Immediate': 0, 'IM': 0, 'AE': 0, 'A E': 0, 'AAPDA MITRA': 0, 'Bridge': 0, 'River': 0, 'Drain': 2, 'Restoration': 0, 'Protection': 0, 'irr': 0, 'irrigation': 0, 'dam': 0, 'Nallah': 0, 'Retrofitting': 0, 'Pond': 0, 'Pokhari': 0, 'D/C': 0, 'Recharge shaft': 0, 'LFB': 0, 'RFB': 0}","{'Floodlight': 0, 'Flood Light': 0, 'GAS': 0, 'FIFA': 0, 'pipe': 0, 'pipes': 0, 'covid': 0, 'supply': 0, 'Beautification': 0, 'Installation': 0}",,,False,True,Others
11594,NIT 06/2021-22/G-40/21,Construction of Road and Drain  from Poiywa Road To Green Public School and Poiywa Road To Avinash house in Ward no-31 under Nagar Parishad Aurangabad.,Construction of Road and Drain  from Poiywa Road To Green Public School and Poiywa Road To Avinash house in Ward no-31 under Nagar Parishad Aurangabad.,1810208.0,INR,INR,2021-07-14 11:26:31+00:00,2021-07-14T11:23:50.589000+00:00,2022-05-20T12:07:32+00:00,Executive Officer Aurangabad,Executive Officer Aurangabad,Municipal council Aurangabad,"Block More, Aurangabad",Ajeet Kumar,"Executive Officer, Nagar Parishad Aurangabad",Aurangabad Nagar Parishad,36500.0,5000.0,590.0,True,"{'Flood': 0, 'Embankment': 0, 'embkt': 0, 'Relief': 0, 'Erosion': 0, 'SDRF': 0, 'Inundation': 0, 'Hydrology': 0, 'Silt': 0, 'Siltation': 0, 'Bund': 0, 'Trench': 0, 'Breach': 0, 'Culvert': 0, 'Sluice': 0, 'Dyke': 0, 'Storm water drain': 0, 'Emergency': 0, 'Immediate': 0, 'IM': 0, 'AE': 0, 'A E': 0, 'AAPDA MITRA': 0, 'Bridge': 0, 'River': 0, 'Drain': 2, 'Restoration': 0, 'Protection': 0, 'irr': 0, 'irrigation': 0, 'dam': 0, 'Nallah': 0, 'Retrofitting': 0, 'Pond': 0, 'Pokhari': 0, 'D/C': 0, 'Recharge shaft': 0, 'LFB': 0, 'RFB': 0}","{'Floodlight': 0, 'Flood Light': 0, 'GAS': 0, 'FIFA': 0, 'pipe': 0, 'pipes': 0, 'covid': 0, 'supply': 0, 'Beautification': 0, 'Installation': 0}",,,False,True,Immediate Measures
11630,02/BSSCL/2021-22,Construction of Road by covering drain on entire stretch from Bhattu Seth (Mogal Kuan) to Laheri Thana at Biharsharif.,Construction of Road by covering drain on entire stretch from Bhattu Seth (Mogal Kuan) to Laheri Thana at Biharsharif.,1039471778.0,INR,INR,2021-07-16 14:18:52+00:00,2021-07-16T11:27:19.815000+00:00,2023-03-15T07:41:57+00:00,Binod Kumar,CEO Biharsharif Smart City Limited,Biharsharif Smart City Limited,"1st Floor, Administrative Building",Binod Kumar,CEO Biharsharif Smart City Limited,Biharsharif Smart City Limited,11400000.0,75000.0,5900.0,True,"{'Flood': 0, 'Embankment': 0, 'embkt': 0, 'Relief': 0, 'Erosion': 0, 'SDRF': 0, 'Inundation': 0, 'Hydrology': 0, 'Silt': 0, 'Siltation': 0, 'Bund': 0, 'Trench': 0, 'Breach': 0, 'Culvert': 0, 'Sluice': 0, 'Dyke': 0, 'Storm water drain': 0, 'Emergency': 0, 'Immediate': 0, 'IM': 0, 'AE': 0, 'A E': 0, 'AAPDA MITRA': 0, 'Bridge': 0, 'River': 0, 'Drain': 2, 'Restoration': 0, 'Protection': 0, 'irr': 0, 'irrigation': 0, 'dam': 0, 'Nallah': 0, 'Retrofitting': 0, 'Pond': 0, 'Pokhari': 0, 'D/C': 0, 'Recharge shaft': 0, 'LFB': 0, 'RFB': 0}","{'Floodlight': 0, 'Flood Light': 0, 'GAS': 0, 'FIFA': 0, 'pipe': 0, 'pipes': 0, 'covid': 0, 'supply': 0, 'Beautification': 0, 'Installation': 0}",,,False,True,Others
11632,07/2020-21/NPNAUGACHIA,"Construction  of  RCC  Drain with cover from Communist Party Office to R.C. Ray house via Gandhi Chowk & Anand Medical, Anand Medical to Kharna River via Purani Thana Chowk & house of Dhruv Bhagat in Naugachia Nagar Panchayat  Area, District-Bhagalpur.","Construction  of  RCC  Drain with cover from Communist Party Office to R.C. Ray house via Gandhi Chowk & Anand Medical, Anand Medical to Kharna River via Purani Thana Chowk & house of Dhruv Bhagat in Naugachia Nagar Panchayat  Area, District-Bhagalpur.",33056214.0,INR,INR,2021-07-16 19:00:20+00:00,2021-07-16T18:15:54.530000+00:00,2021-07-25T06:57:27+00:00,SUMITRA NANDAN (EO NAUGACHIA),"EXECUTIVE OFFICER, NAGAR PARISAD NAUGACHIA",URBAN DEVELOPEMENT & HOUSING DEPARMENT,NAGAR PARISAD NAUGACHIA,SUMITRA NANDAN (EO NAUGACHIA),"EXECUTIVE OFFICER, NAGAR PARISAD NAUGACHIA",URBAN DEVELOPEMENT & HOUSING DEPARMENT,661200.0,10000.0,5900.0,True,"{'Flood': 0, 'Embankment': 0, 'embkt': 0, 'Relief': 0, 'Erosion': 0, 'SDRF': 0, 'Inundation': 0, 'Hydrology': 0, 'Silt': 0, 'Siltation': 0, 'Bund': 0, 'Trench': 0, 'Breach': 0, 'Culvert': 0, 'Sluice': 0, 'Dyke': 0, 'Storm water drain': 0, 'Emergency': 0, 'Immediate': 0, 'IM': 0, 'AE': 0, 'A E': 0, 'AAPDA MITRA': 0, 'Bridge': 0, 'River': 2, 'Drain': 2, 'Restoration': 0, 'Protection': 0, 'irr': 0, 'irrigation': 0, 'dam': 0, 'Nallah': 0, 'Retrofitting': 0, 'Pond': 0, 'Pokhari': 0, 'D/C': 0, 'Recharge shaft': 0, 'LFB': 0, 'RFB': 0}","{'Floodlight': 0, 'Flood Light': 0, 'GAS': 0, 'FIFA': 0, 'pipe': 0, 'pipes': 0, 'covid': 0, 'supply': 0, 'Beautification': 0, 'Installation': 0}",,,False,True,Others
11670,NIT-15/2021-22/GR-01,GROUP :-1 Name of Work :- Construction of Drain 1 In Alinagar from Shatrughna Bhandari house to kalpana cinema via dih bishanpur in part length upto alinagar more 2 Road with drain from alafganj masjid belal house to main road via moti house 3 road with drain from alafganj engineer mahfoos house to main road via abdul rauf house and 4 road and drain in alinagar ansar house to main road via khan saheb house in ward no 01,GROUP :-1 Name of Work :- Construction of Drain 1 In Alinagar from Shatrughna Bhandari house to kalpana cinema via dih bishanpur in part length upto alinagar more 2 Road with drain from alafganj masjid belal house to main road via moti house 3 road with drain from alafganj engineer mahfoos house to main road via abdul rauf house and 4 road and drain in alinagar ansar house to main road via khan saheb house in ward no 01,2500000.0,INR,INR,2021-07-19 13:01:39+00:00,2021-07-19T12:36:32.174000+00:00,2021-07-31T09:30:01+00:00,SOMESH BAHADUR MATHUR,Municipal Commissioner Begusarai,"BEGUSARAI Municipal Corporation, BEGUSARAI","SRI KRISHNA SINGH CHOWK,",Manesh Kumar Meena,Municipal Commissioner,"Darbhanga Municipal Corporation, Darbhanga",50000.0,5000.0,590.0,True,"{'Flood': 0, 'Embankment': 0, 'embkt': 0, 'Relief': 0, 'Erosion': 0, 'SDRF': 0, 'Inundation': 0, 'Hydrology': 0, 'Silt': 0, 'Siltation': 0, 'Bund': 0, 'Trench': 0, 'Breach': 0, 'Culvert': 0, 'Sluice': 0, 'Dyke': 0, 'Storm water drain': 0, 'Emergency': 0, 'Immediate': 0, 'IM': 0, 'AE': 0, 'A E': 0, 'AAPDA MITRA': 0, 'Bridge': 0, 'River': 0, 'Drain': 8, 'Restoration': 0, 'Protection': 0, 'irr': 0, 'irrigation': 0, 'dam': 0, 'Nallah': 0, 'Retrofitting': 0, 'Pond': 0, 'Pokhari': 0, 'D/C': 0, 'Recharge shaft': 0, 'LFB': 0, 'RFB': 0}","{'Floodlight': 0, 'Flood Light': 0, 'GAS': 0, 'FIFA': 0, 'pipe': 0, 'pipes': 0, 'covid': 0, 'supply': 0, 'Beautification': 0, 'Installation': 0}",,,False,True,Immediate Measures
11683,NIT-15/2021-22/GR-02,GROUP-02 Name of Work :- Construction of 1 Road from Nandan lal das house to nageshwar lal das house 2 Road from mithun paswan house to anganbari kendra in paswan tola 3 Road from uday lal sas house to madan lal das house 4 Road from kanhaiya lal das house to suman jha house 5 Road with drain from mohan yadav house to bhawesh thakur house 6 Road with drain from bhawesh thakur house 6 road with drain from bhawesh thakur house to durganand jha house 7 Road from shivji das house to shailendra sah house and 8 Drain from shivji das house to lalita niwas in ward no 02,GROUP-02 Name of Work :- Construction of 1 Road from Nandan lal das house to nageshwar lal das house 2 Road from mithun paswan house to anganbari kendra in paswan tola 3 Road from uday lal sas house to madan lal das house 4 Road from kanhaiya lal das house to suman jha house 5 Road with drain from mohan yadav house to bhawesh thakur house 6 Road with drain from bhawesh thakur house 6 road with drain from bhawesh thakur house to durganand jha house 7 Road from shivji das house to shailendra sah house and 8 Drain from shivji das house to lalita niwas in ward no 02,2497800.0,INR,INR,2021-07-20 13:11:50+00:00,2021-07-19T13:23:02.002000+00:00,2021-07-31T09:30:01+00:00,SOMESH BAHADUR MATHUR,Municipal Commissioner Begusarai,"BEGUSARAI Municipal Corporation, BEGUSARAI","SRI KRISHNA SINGH CHOWK,",Manesh Kumar Meena,Municipal Commissioner,"Darbhanga Municipal Corporation, Darbhanga",50000.0,5000.0,590.0,True,"{'Flood': 0, 'Embankment': 0, 'embkt': 0, 'Relief': 0, 'Erosion': 0, 'SDRF': 0, 'Inundation': 0, 'Hydrology': 0, 'Silt': 0, 'Siltation': 0, 'Bund': 0, 'Trench': 0, 'Breach': 0, 'Culvert': 0, 'Sluice': 0, 'Dyke': 0, 'Storm water drain': 0, 'Emergency': 0, 'Immediate': 0, 'IM': 0, 'AE': 0, 'A E': 0, 'AAPDA MITRA': 0, 'Bridge': 0, 'River': 0, 'Drain': 8, 'Restoration': 0, 'Protection': 0, 'irr': 0, 'irrigation': 0, 'dam': 0, 'Nallah': 0, 'Retrofitting': 0, 'Pond': 0, 'Pokhari': 0, 'D/C': 0, 'Recharge shaft': 0, 'LFB': 0, 'RFB': 0}","{'Floodlight': 0, 'Flood Light': 0, 'GAS': 0, 'FIFA': 0, 'pipe': 0, 'pipes': 0, 'covid': 0, 'supply': 0, 'Beautification': 0, 'Installation': 0}",,,False,True,Immediate Measures
11696,NIT-15/2021-22/GR-03,GROUP-03 Name of Work :- Construction of 1 Drain from Nunu chy house to Jagannath Thakur house in bela dulla 2 Road with drain from umesh thakur house to sattan thakur house in bela dulla 3 Road with drain from ajay bhagat house to vijay yadav house in belashankar 4 Soling road from baidyanath thakur house to tuntun sah house via bhadai sah house in bela shankar part 5 Road with drain from bachcha yadav house to Heman Das house via Mahadev Pandit house &Link road jai Krishna jha house to Radha devi house in bela shankar ward no 03,GROUP-03 Name of Work :- Construction of 1 Drain from Nunu chy house to Jagannath Thakur house in bela dulla 2 Road with drain from umesh thakur house to sattan thakur house in bela dulla 3 Road with drain from ajay bhagat house to vijay yadav house in belashankar 4 Soling road from baidyanath thakur house to tuntun sah house via bhadai sah house in bela shankar part 5 Road with drain from bachcha yadav house to Heman Das house via Mahadev Pandit house &Link road jai Krishna jha house to Radha devi house in bela shankar ward no 03,2500000.0,INR,INR,2021-07-20 13:25:15+00:00,2021-07-20T13:13:10.596000+00:00,2021-07-31T09:30:01+00:00,SOMESH BAHADUR MATHUR,Municipal Commissioner Begusarai,"BEGUSARAI Municipal Corporation, BEGUSARAI","SRI KRISHNA SINGH CHOWK,",Manesh Kumar Meena,Municipal Commissioner,"Darbhanga Municipal Corporation, Darbhanga",50000.0,5000.0,590.0,True,"{'Flood': 0, 'Embankment': 0, 'embkt': 0, 'Relief': 0, 'Erosion': 0, 'SDRF': 0, 'Inundation': 0, 'Hydrology': 0, 'Silt': 0, 'Siltation': 0, 'Bund': 0, 'Trench': 0, 'Breach': 0, 'Culvert': 0, 'Sluice': 0, 'Dyke': 0, 'Storm water drain': 0, 'Emergency': 0, 'Immediate': 0, 'IM': 0, 'AE': 0, 'A E': 0, 'AAPDA MITRA': 0, 'Bridge': 0, 'River': 0, 'Drain': 8, 'Restoration': 0, 'Protection': 0, 'irr': 0, 'irrigation': 0, 'dam': 0, 'Nallah': 0, 'Retrofitting': 0, 'Pond': 0, 'Pokhari': 0, 'D/C': 0, 'Recharge shaft': 0, 'LFB': 0, 'RFB': 0}","{'Floodlight': 0, 'Flood Light': 0, 'GAS': 0, 'FIFA': 0, 'pipe': 0, 'pipes': 0, 'covid': 0, 'supply': 0, 'Beautification': 0, 'Installation': 0}",,,False,True,Immediate Measures
11698,NIT-15/2021-22/GR-05,GROUP NO.- 05 Name of Work :- Construction of Drain 1 From Gandhi Chowk to Kadirabad Chowk via Neem Chowk Part 2 From Naka no 02 to Naka no 02 via Deepak Kumar Ram Avtar Purbey Raju Agrawal Shauchalaya and vijay yadav house and 3 Kadirabad chowk to pradeep sha house via mahesh prasad house in ward no 07,GROUP NO.- 05 Name of Work :- Construction of Drain 1 From Gandhi Chowk to Kadirabad Chowk via Neem Chowk Part 2 From Naka no 02 to Naka no 02 via Deepak Kumar Ram Avtar Purbey Raju Agrawal Shauchalaya and vijay yadav house and 3 Kadirabad chowk to pradeep sha house via mahesh prasad house in ward no 07,2500000.0,INR,INR,2021-07-20 14:56:46+00:00,2021-07-20T14:48:37.394000+00:00,2021-07-31T09:30:01+00:00,SOMESH BAHADUR MATHUR,Municipal Commissioner Begusarai,"BEGUSARAI Municipal Corporation, BEGUSARAI","SRI KRISHNA SINGH CHOWK,",Manesh Kumar Meena,Municipal Commissioner,"Darbhanga Municipal Corporation, Darbhanga",50000.0,5000.0,590.0,True,"{'Flood': 0, 'Embankment': 0, 'embkt': 0, 'Relief': 0, 'Erosion': 0, 'SDRF': 0, 'Inundation': 0, 'Hydrology': 0, 'Silt': 0, 'Siltation': 0, 'Bund': 0, 'Trench': 0, 'Breach': 0, 'Culvert': 0, 'Sluice': 0, 'Dyke': 0, 'Storm water drain': 0, 'Emergency': 0, 'Immediate': 0, 'IM': 0, 'AE': 0, 'A E': 0, 'AAPDA MITRA': 0, 'Bridge': 0, 'River': 0, 'Drain': 2, 'Restoration': 0, 'Protection': 0, 'irr': 0, 'irrigation': 0, 'dam': 0, 'Nallah': 0, 'Retrofitting': 0, 'Pond': 0, 'Pokhari': 0, 'D/C': 0, 'Recharge shaft': 0, 'LFB': 0, 'RFB': 0}","{'Floodlight': 0, 'Flood Light': 0, 'GAS': 0, 'FIFA': 0, 'pipe': 0, 'pipes': 0, 'covid': 0, 'supply': 0, 'Beautification': 0, 'Installation': 0}",,,False,True,Immediate Measures
11699,RE-NIQ 03/2021-22/FMD DIGHA/WRD/GR. No.-01,"Design, drawing, Fabrication, Supplying, Erection, Testing and commissioning of 2 Nos H/R gate of size 2.5 mtr × 3.4 mtr (Size Tentative), Hoist system (worm & worm wheel) of head regulator at village Murgiachak on Falgu river and 11 Nos. A.F.S gate of size 0.914 mtr × 1.676 mtr (Size Tentative) and 1 No. A.F.S gate of size 1.372 mtr × 1.676 mtr (Size Tentative) with hoist system(check nut) at different site left & right pyne from Murgiachak to Chaura of Hasan pyne in Nalanda District.(Gr. No-01)","Design, drawing, Fabrication, Supplying, Erection, Testing and commissioning of 2 Nos H/R gate of size 2.5 mtr × 3.4 mtr (Size Tentative), Hoist system (worm & worm wheel) of head regulator at village Murgiachak on Falgu river and 11 Nos. A.F.S gate of size 0.914 mtr × 1.676 mtr (Size Tentative) and 1 No. A.F.S gate of size 1.372 mtr × 1.676 mtr (Size Tentative) with hoist system(check nut) at different site left & right pyne from Murgiachak to Chaura of Hasan pyne in Nalanda District.(Gr. No-01)",6152000.0,INR,INR,2021-07-20 16:14:10+00:00,2021-07-20T14:55:12.194000+00:00,2022-05-19T04:42:07+00:00,SURESH PRASAD YADAV,EE,"FIELD MACHINERY DIVISION, DIGHA, PATNA","FIELD MACHINERY DIVISION, DIGHA, PATNA",ABHIJEET KUMAR,JOINT DIRECTOR,"IRRIGATION MECHANICAL CIRCLE, MITHAPUR, PATNA",123000.0,10000.0,590.0,True,"{'Flood': 0, 'Embankment': 0, 'embkt': 0, 'Relief': 0, 'Erosion': 0, 'SDRF': 0, 'Inundation': 0, 'Hydrology': 0, 'Silt': 0, 'Siltation': 0, 'Bund': 0, 'Trench': 0, 'Breach': 0, 'Culvert': 0, 'Sluice': 0, 'Dyke': 0, 'Storm water drain': 0, 'Emergency': 0, 'Immediate': 0, 'IM': 0, 'AE': 0, 'A E': 0, 'AAPDA MITRA': 0, 'Bridge': 0, 'River': 2, 'Drain': 0, 'Restoration': 0, 'Protection': 0, 'irr': 0, 'irrigation': 0, 'dam': 0, 'Nallah': 0, 'Retrofitting': 0, 'Pond': 0, 'Pokhari': 0, 'D/C': 0, 'Recharge shaft': 0, 'LFB': 0, 'RFB': 0}","{'Floodlight': 0, 'Flood Light': 0, 'GAS': 0, 'FIFA': 0, 'pipe': 0, 'pipes': 0, 'covid': 0, 'supply': 0, 'Beautification': 0, 'Installation': 0}",,,False,False,Immediate Measures
11697,NIT-15/2021-22/GR-04,GROUP-04 Name of Work :- Construction of 1 Drain in Part length by the side of Dih Bishanpur Road 2 Road with part drain from dih Bishanpur main road to brahmasthan via awani kumar house and 3 Road with Drain from Junjhun jha house to vinit lal das house in ward no 04,GROUP-04 Name of Work :- Construction of 1 Drain in Part length by the side of Dih Bishanpur Road 2 Road with part drain from dih Bishanpur main road to brahmasthan via awani kumar house and 3 Road with Drain from Junjhun jha house to vinit lal das house in ward no 04,2498900.0,INR,INR,2021-07-20 14:47:25+00:00,2021-07-20T13:28:26.123000+00:00,2021-07-31T09:30:01+00:00,SOMESH BAHADUR MATHUR,Municipal Commissioner Begusarai,"BEGUSARAI Municipal Corporation, BEGUSARAI","SRI KRISHNA SINGH CHOWK,",Manesh Kumar Meena,Municipal Commissioner,"Darbhanga Municipal Corporation, Darbhanga",50000.0,5000.0,590.0,True,"{'Flood': 0, 'Embankment': 0, 'embkt': 0, 'Relief': 0, 'Erosion': 0, 'SDRF': 0, 'Inundation': 0, 'Hydrology': 0, 'Silt': 0, 'Siltation': 0, 'Bund': 0, 'Trench': 0, 'Breach': 0, 'Culvert': 0, 'Sluice': 0, 'Dyke': 0, 'Storm water drain': 0, 'Emergency': 0, 'Immediate': 0, 'IM': 0, 'AE': 0, 'A E': 0, 'AAPDA MITRA': 0, 'Bridge': 0, 'River': 0, 'Drain': 6, 'Restoration': 0, 'Protection': 0, 'irr': 0, 'irrigation': 0, 'dam': 0, 'Nallah': 0, 'Retrofitting': 0, 'Pond': 0, 'Pokhari': 0, 'D/C': 0, 'Recharge shaft': 0, 'LFB': 0, 'RFB': 0}","{'Floodlight': 0, 'Flood Light': 0, 'GAS': 0, 'FIFA': 0, 'pipe': 0, 'pipes': 0, 'covid': 0, 'supply': 0, 'Beautification': 0, 'Installation': 0}",,,False,True,Immediate Measures
11700,NIT-15/2021-22/GR-06,GROUP NO.-06 NAME OF WORK :- Construction of 1 Road and Drain from Janak Paswan house to Mahendra Paswan house and 2 Drain from Shashtrinagar Shambhu Paswan house to J P Chwok in ward no 16,GROUP NO.-06 NAME OF WORK :- Construction of 1 Road and Drain from Janak Paswan house to Mahendra Paswan house and 2 Drain from Shashtrinagar Shambhu Paswan house to J P Chwok in ward no 16,380000.0,INR,INR,2021-07-20 15:02:49+00:00,2021-07-20T14:57:15.936000+00:00,2021-07-31T09:30:01+00:00,SOMESH BAHADUR MATHUR,Municipal Commissioner Begusarai,"BEGUSARAI Municipal Corporation, BEGUSARAI","SRI KRISHNA SINGH CHOWK,",Manesh Kumar Meena,Municipal Commissioner,"Darbhanga Municipal Corporation, Darbhanga",7600.0,750.0,590.0,True,"{'Flood': 0, 'Embankment': 0, 'embkt': 0, 'Relief': 0, 'Erosion': 0, 'SDRF': 0, 'Inundation': 0, 'Hydrology': 0, 'Silt': 0, 'Siltation': 0, 'Bund': 0, 'Trench': 0, 'Breach': 0, 'Culvert': 0, 'Sluice': 0, 'Dyke': 0, 'Storm water drain': 0, 'Emergency': 0, 'Immediate': 0, 'IM': 0, 'AE': 0, 'A E': 0, 'AAPDA MITRA': 0, 'Bridge': 0, 'River': 0, 'Drain': 4, 'Restoration': 0, 'Protection': 0, 'irr': 0, 'irrigation': 0, 'dam': 0, 'Nallah': 0, 'Retrofitting': 0, 'Pond': 0, 'Pokhari': 0, 'D/C': 0, 'Recharge shaft': 0, 'LFB': 0, 'RFB': 0}","{'Floodlight': 0, 'Flood Light': 0, 'GAS': 0, 'FIFA': 0, 'pipe': 0, 'pipes': 0, 'covid': 0, 'supply': 0, 'Beautification': 0, 'Installation': 0}",,,False,True,Immediate Measures
11701,NIT-15/2021-22/GR-07,GROUP NO.-07 NAME OF WORK :- 1 Construction of Drain from the house of Ram Chandra Mandal upto Back side of Shiv Shankar Thakur via the house of Bhagwan devi 2 Const of Drain in Mohalla Karamganj from the house of Shahid Babu upto Masjid 3 Const of Drain in Mohalla Imambari from Ram Janka Mandir upto Lt Harihar Mandal 4 Raising of Road from the house of Ramashish Rakesh upto Milan Kant dutta via Bhagwan devi in w no 37,GROUP NO.-07 NAME OF WORK :- 1 Construction of Drain from the house of Ram Chandra Mandal upto Back side of Shiv Shankar Thakur via the house of Bhagwan devi 2 Const of Drain in Mohalla Karamganj from the house of Shahid Babu upto Masjid 3 Const of Drain in Mohalla Imambari from Ram Janka Mandir upto Lt Harihar Mandal 4 Raising of Road from the house of Ramashish Rakesh upto Milan Kant dutta via Bhagwan devi in w no 37,2335000.0,INR,INR,2021-07-20 15:08:17+00:00,2021-07-20T15:03:17.441000+00:00,2021-07-31T09:30:01+00:00,SOMESH BAHADUR MATHUR,Municipal Commissioner Begusarai,"BEGUSARAI Municipal Corporation, BEGUSARAI","SRI KRISHNA SINGH CHOWK,",Manesh Kumar Meena,Municipal Commissioner,"Darbhanga Municipal Corporation, Darbhanga",46700.0,5000.0,590.0,True,"{'Flood': 0, 'Embankment': 0, 'embkt': 0, 'Relief': 0, 'Erosion': 0, 'SDRF': 0, 'Inundation': 0, 'Hydrology': 0, 'Silt': 0, 'Siltation': 0, 'Bund': 0, 'Trench': 0, 'Breach': 0, 'Culvert': 0, 'Sluice': 0, 'Dyke': 0, 'Storm water drain': 0, 'Emergency': 0, 'Immediate': 0, 'IM': 0, 'AE': 0, 'A E': 0, 'AAPDA MITRA': 0, 'Bridge': 0, 'River': 0, 'Drain': 6, 'Restoration': 0, 'Protection': 0, 'irr': 0, 'irrigation': 0, 'dam': 0, 'Nallah': 0, 'Retrofitting': 0, 'Pond': 0, 'Pokhari': 0, 'D/C': 0, 'Recharge shaft': 0, 'LFB': 0, 'RFB': 0}","{'Floodlight': 0, 'Flood Light': 0, 'GAS': 0, 'FIFA': 0, 'pipe': 0, 'pipes': 0, 'covid': 0, 'supply': 0, 'Beautification': 0, 'Installation': 0}",,,False,True,Immediate Measures
11702,NIT-15/2021-22/GR-08,GROUP-08 Name of Work :- (i) Construction of Pcc Road & RCC Drain with Cover from Dr. Jagadish Jha to V.I.P Road Hanuman Mandir Via Benta School & Dr. R. Satyawati Clinic (Part-IV) (Remaining Portion) (ii) Construction of Retaining Wall on the bank of Madmadiye Pokhar & Construction of P.C.C Road and R.C.C Drain with Cover from the house of Gope Yadav to Transformer Via chouraha. (Part-1st),GROUP-08 Name of Work :- (i) Construction of Pcc Road & RCC Drain with Cover from Dr. Jagadish Jha to V.I.P Road Hanuman Mandir Via Benta School & Dr. R. Satyawati Clinic (Part-IV) (Remaining Portion) (ii) Construction of Retaining Wall on the bank of Madmadiye Pokhar & Construction of P.C.C Road and R.C.C Drain with Cover from the house of Gope Yadav to Transformer Via chouraha. (Part-1st),1225000.0,INR,INR,2021-07-20 15:17:19+00:00,2021-07-20T15:11:22.819000+00:00,2021-07-31T09:30:01+00:00,SOMESH BAHADUR MATHUR,Municipal Commissioner Begusarai,"BEGUSARAI Municipal Corporation, BEGUSARAI","SRI KRISHNA SINGH CHOWK,",Manesh Kumar Meena,Municipal Commissioner,"Darbhanga Municipal Corporation, Darbhanga",24500.0,2500.0,590.0,True,"{'Flood': 0, 'Embankment': 0, 'embkt': 0, 'Relief': 0, 'Erosion': 0, 'SDRF': 0, 'Inundation': 0, 'Hydrology': 0, 'Silt': 0, 'Siltation': 0, 'Bund': 0, 'Trench': 0, 'Breach': 0, 'Culvert': 0, 'Sluice': 0, 'Dyke': 0, 'Storm water drain': 0, 'Emergency': 0, 'Immediate': 0, 'IM': 0, 'AE': 0, 'A E': 0, 'AAPDA MITRA': 0, 'Bridge': 0, 'River': 0, 'Drain': 4, 'Restoration': 0, 'Protection': 0, 'irr': 0, 'irrigation': 0, 'dam': 0, 'Nallah': 0, 'Retrofitting': 0, 'Pond': 0, 'Pokhari': 0, 'D/C': 0, 'Recharge shaft': 0, 'LFB': 0, 'RFB': 0}","{'Floodlight': 0, 'Flood Light': 0, 'GAS': 0, 'FIFA': 0, 'pipe': 0, 'pipes': 0, 'covid': 0, 'supply': 0, 'Beautification': 0, 'Installation': 0}",,,False,True,Immediate Measures
11704,NIT-15/2021-22/GR-10,GROUP NO.- 10 Name of Work :-  Construction of Drain in Road no 01 to Road no 04 in ward no 15,GROUP NO.- 10 Name of Work :-  Construction of Drain in Road no 01 to Road no 04 in ward no 15,2500000.0,INR,INR,2021-07-20 15:37:47+00:00,2021-07-20T15:31:24.397000+00:00,2021-08-14T08:30:26+00:00,SOMESH BAHADUR MATHUR,Municipal Commissioner Begusarai,"BEGUSARAI Municipal Corporation, BEGUSARAI","SRI KRISHNA SINGH CHOWK,",Manesh Kumar Meena,Municipal Commissioner,"Darbhanga Municipal Corporation, Darbhanga",50000.0,5000.0,590.0,True,"{'Flood': 0, 'Embankment': 0, 'embkt': 0, 'Relief': 0, 'Erosion': 0, 'SDRF': 0, 'Inundation': 0, 'Hydrology': 0, 'Silt': 0, 'Siltation': 0, 'Bund': 0, 'Trench': 0, 'Breach': 0, 'Culvert': 0, 'Sluice': 0, 'Dyke': 0, 'Storm water drain': 0, 'Emergency': 0, 'Immediate': 0, 'IM': 0, 'AE': 0, 'A E': 0, 'AAPDA MITRA': 0, 'Bridge': 0, 'River': 0, 'Drain': 2, 'Restoration': 0, 'Protection': 0, 'irr': 0, 'irrigation': 0, 'dam': 0, 'Nallah': 0, 'Retrofitting': 0, 'Pond': 0, 'Pokhari': 0, 'D/C': 0, 'Recharge shaft': 0, 'LFB': 0, 'RFB': 0}","{'Floodlight': 0, 'Flood Light': 0, 'GAS': 0, 'FIFA': 0, 'pipe': 0, 'pipes': 0, 'covid': 0, 'supply': 0, 'Beautification': 0, 'Installation': 0}",,,False,True,Immediate Measures
11714,NIQ/03-2021-22/FMD DIGHA/WRD/Gr-04,"Design, drawing, Fabrication, Supplying, Erection, Testing and commissioning of 4 Nos AFS gate of size 1.80 mtr × 1.50 mtr (Size Tentative) cum Regulator with hoist bridge, platform with railing and hoisting system (check nut) on Bari river near Ramu Bandh &KatthaiPyne in Pandarak Block in Patna District.(GROUP-04)","Design, drawing, Fabrication, Supplying, Erection, Testing and commissioning of 4 Nos AFS gate of size 1.80 mtr × 1.50 mtr (Size Tentative) cum Regulator with hoist bridge, platform with railing and hoisting system (check nut) on Bari river near Ramu Bandh &KatthaiPyne in Pandarak Block in Patna District.(GROUP-04)",1733000.0,INR,INR,2021-07-20 18:38:03+00:00,2021-07-20T18:20:05.682000+00:00,2022-05-19T05:16:08+00:00,SURESH PRASAD YADAV,EE,"IRRIGATION MECHNICAL DIVISION, MOHANIA","IRRIGATION MECHNICAL DIVISION, MOHANIA",ABHIJEET KUMAR,JOINT DIRECTOR,"IRRIGATION MECHANICAL CIRCLE, MITHAPUR, PATNA",35000.0,5000.0,590.0,True,"{'Flood': 0, 'Embankment': 0, 'embkt': 0, 'Relief': 0, 'Erosion': 0, 'SDRF': 0, 'Inundation': 0, 'Hydrology': 0, 'Silt': 0, 'Siltation': 0, 'Bund': 0, 'Trench': 0, 'Breach': 0, 'Culvert': 0, 'Sluice': 0, 'Dyke': 0, 'Storm water drain': 0, 'Emergency': 0, 'Immediate': 0, 'IM': 0, 'AE': 0, 'A E': 0, 'AAPDA MITRA': 0, 'Bridge': 2, 'River': 2, 'Drain': 0, 'Restoration': 0, 'Protection': 0, 'irr': 0, 'irrigation': 0, 'dam': 0, 'Nallah': 0, 'Retrofitting': 0, 'Pond': 0, 'Pokhari': 0, 'D/C': 0, 'Recharge shaft': 0, 'LFB': 0, 'RFB': 0}","{'Floodlight': 0, 'Flood Light': 0, 'GAS': 0, 'FIFA': 0, 'pipe': 0, 'pipes': 0, 'covid': 0, 'supply': 0, 'Beautification': 0, 'Installation': 0}",,,False,True,Immediate Measures
11713,NIQ/03/2021-22/FMD DIGHA/WRD/Gr-03,"Design, drawing, Fabrication, Supplying, Erection, Testing and commissioning of 2 Nos. AFS gate of size 2.0 mtr × 2.3 mtr (Size Tentative) with hoist bridge, platform with railing and hoisting system (worm and worm wheel) on AjgaraPyne at village Ajgara under Pandarak Block in Patna District.(GROUP-03)","Design, drawing, Fabrication, Supplying, Erection, Testing and commissioning of 2 Nos. AFS gate of size 2.0 mtr × 2.3 mtr (Size Tentative) with hoist bridge, platform with railing and hoisting system (worm and worm wheel) on AjgaraPyne at village Ajgara under Pandarak Block in Patna District.(GROUP-03)",2518000.0,INR,INR,2021-07-20 18:16:18+00:00,2021-07-20T17:50:03.563000+00:00,2022-05-18T11:45:48+00:00,SURESH PRASAD YADAV,EE,"IRRIGATION MECHNICAL DIVISION, MOHANIA","IRRIGATION MECHNICAL DIVISION, MOHANIA",ABHIJEET KUMAR,JOINT DIRECTOR,"IRRIGATION MECHANICAL CIRCLE, MITHAPUR, PATNA",51000.0,5000.0,590.0,True,"{'Flood': 0, 'Embankment': 0, 'embkt': 0, 'Relief': 0, 'Erosion': 0, 'SDRF': 0, 'Inundation': 0, 'Hydrology': 0, 'Silt': 0, 'Siltation': 0, 'Bund': 0, 'Trench': 0, 'Breach': 0, 'Culvert': 0, 'Sluice': 0, 'Dyke': 0, 'Storm water drain': 0, 'Emergency': 0, 'Immediate': 0, 'IM': 0, 'AE': 0, 'A E': 0, 'AAPDA MITRA': 0, 'Bridge': 2, 'River': 0, 'Drain': 0, 'Restoration': 0, 'Protection': 0, 'irr': 0, 'irrigation': 0, 'dam': 0, 'Nallah': 0, 'Retrofitting': 0, 'Pond': 0, 'Pokhari': 0, 'D/C': 0, 'Recharge shaft': 0, 'LFB': 0, 'RFB': 0}","{'Floodlight': 0, 'Flood Light': 0, 'GAS': 0, 'FIFA': 0, 'pipe': 0, 'pipes': 0, 'covid': 0, 'supply': 0, 'Beautification': 0, 'Installation': 0}",,,False,True,Immediate Measures
11716,NIQ/03-2021-22/FMD DIGHA/WRD/06,"Design , drawing , Fabrication , Supplying, Erection , Testing and commissioning of 2 Nos under sluice gate size 2.5 mtr × 3.55 mtr  (Size Tentative) , 2 nos Head Regulator gate size 2.5 mtr × 1.20 mtr (Size Tentative) with Hoist bridges with platform & Railing and Hoist System (Screw rod system with worm and worm wheel) and 10 Nos Crest shutter size 1250 mm × 1000 mm for Daili Weir on Panchane river at Daili village of Harnaut Block in Nalanda District.(GROUP-06)","Design , drawing , Fabrication , Supplying, Erection , Testing and commissioning of 2 Nos under sluice gate size 2.5 mtr × 3.55 mtr  (Size Tentative) , 2 nos Head Regulator gate size 2.5 mtr × 1.20 mtr (Size Tentative) with Hoist bridges with platform & Railing and Hoist System (Screw rod system with worm and worm wheel) and 10 Nos Crest shutter size 1250 mm × 1000 mm for Daili Weir on Panchane river at Daili village of Harnaut Block in Nalanda District.(GROUP-06)",4537000.0,INR,INR,2021-07-20 19:55:21+00:00,2021-07-20T19:28:56.141000+00:00,2022-05-18T16:46:38+00:00,SURESH PRASAD YADAV,EE,"IRRIGATION MECHNICAL DIVISION, MOHANIA","IRRIGATION MECHNICAL DIVISION, MOHANIA",ABHIJEET KUMAR,JOINT DIRECTOR,"IRRIGATION MECHANICAL CIRCLE, MITHAPUR, PATNA",91000.0,5000.0,590.0,True,"{'Flood': 0, 'Embankment': 0, 'embkt': 0, 'Relief': 0, 'Erosion': 0, 'SDRF': 0, 'Inundation': 0, 'Hydrology': 0, 'Silt': 0, 'Siltation': 0, 'Bund': 0, 'Trench': 0, 'Breach': 0, 'Culvert': 0, 'Sluice': 2, 'Dyke': 0, 'Storm water drain': 0, 'Emergency': 0, 'Immediate': 0, 'IM': 0, 'AE': 0, 'A E': 0, 'AAPDA MITRA': 0, 'Bridge': 0, 'River': 2, 'Drain': 0, 'Restoration': 0, 'Protection': 0, 'irr': 0, 'irrigation': 0, 'dam': 0, 'Nallah': 0, 'Retrofitting': 0, 'Pond': 0, 'Pokhari': 0, 'D/C': 0, 'Recharge shaft': 0, 'LFB': 0, 'RFB': 0}","{'Floodlight': 0, 'Flood Light': 0, 'GAS': 0, 'FIFA': 0, 'pipe': 0, 'pipes': 0, 'covid': 0, 'supply': 0, 'Beautification': 0, 'Installation': 0}",,,False,True,Immediate Measures
11806,NPH/NIT RT 01/2021-22/GR-01,Construction of drain from md. Riyajuddin house to Nagar Parishad road via md. Imatyaj house in ward no 06 .,Construction of drain from md. Riyajuddin house to Nagar Parishad road via md. Imatyaj house in ward no 06 .,678300.0,INR,INR,2021-07-24 07:43:01+00:00,2021-07-24T07:28:08.447000+00:00,2021-07-30T09:31:00+00:00,SUSHIL KUMAR,EXECUTIVE OFFICER (HAJIPUR),HAJIPUR NAGAR PARISHAD,"Rambalak chowk, Hajipur",SUSHIL KUMAR,EXECUTIVE OFFICER (HAJIPUR),NAGAR PARISHAD HAJIPUR,13600.0,1250.0,590.0,True,"{'Flood': 0, 'Embankment': 0, 'embkt': 0, 'Relief': 0, 'Erosion': 0, 'SDRF': 0, 'Inundation': 0, 'Hydrology': 0, 'Silt': 0, 'Siltation': 0, 'Bund': 0, 'Trench': 0, 'Breach': 0, 'Culvert': 0, 'Sluice': 0, 'Dyke': 0, 'Storm water drain': 0, 'Emergency': 0, 'Immediate': 0, 'IM': 0, 'AE': 0, 'A E': 0, 'AAPDA MITRA': 0, 'Bridge': 0, 'River': 0, 'Drain': 2, 'Restoration': 0, 'Protection': 0, 'irr': 0, 'irrigation': 0, 'dam': 0, 'Nallah': 0, 'Retrofitting': 0, 'Pond': 0, 'Pokhari': 0, 'D/C': 0, 'Recharge shaft': 0, 'LFB': 0, 'RFB': 0}","{'Floodlight': 0, 'Flood Light': 0, 'GAS': 0, 'FIFA': 0, 'pipe': 0, 'pipes': 0, 'covid': 0, 'supply': 0, 'Beautification': 0, 'Installation': 0}",,,False,True,Immediate Measures
11809,NPH/NIT RT 01/2021-22/GR-04,Construction of drain and paver block road from Nagar Parishad Hajipur to pipal tree of Rajesh ray in ward no. 01,Construction of drain and paver block road from Nagar Parishad Hajipur to pipal tree of Rajesh ray in ward no. 01,1016600.0,INR,INR,2021-07-24 07:57:35+00:00,2021-07-24T07:52:36.337000+00:00,2022-08-24T11:39:52+00:00,SUSHIL KUMAR,EXECUTIVE OFFICER (HAJIPUR),HAJIPUR NAGAR PARISHAD,"Rambalak chowk, Hajipur",SUSHIL KUMAR,EXECUTIVE OFFICER (HAJIPUR),NAGAR PARISHAD HAJIPUR,20400.0,2500.0,590.0,True,"{'Flood': 0, 'Embankment': 0, 'embkt': 0, 'Relief': 0, 'Erosion': 0, 'SDRF': 0, 'Inundation': 0, 'Hydrology': 0, 'Silt': 0, 'Siltation': 0, 'Bund': 0, 'Trench': 0, 'Breach': 0, 'Culvert': 0, 'Sluice': 0, 'Dyke': 0, 'Storm water drain': 0, 'Emergency': 0, 'Immediate': 0, 'IM': 0, 'AE': 0, 'A E': 0, 'AAPDA MITRA': 0, 'Bridge': 0, 'River': 0, 'Drain': 2, 'Restoration': 0, 'Protection': 0, 'irr': 0, 'irrigation': 0, 'dam': 0, 'Nallah': 0, 'Retrofitting': 0, 'Pond': 0, 'Pokhari': 0, 'D/C': 0, 'Recharge shaft': 0, 'LFB': 0, 'RFB': 0}","{'Floodlight': 0, 'Flood Light': 0, 'GAS': 0, 'FIFA': 0, 'pipe': 0, 'pipes': 0, 'covid': 0, 'supply': 0, 'Beautification': 0, 'Installation': 0}",,,False,True,Immediate Measures
11818,BNP-NIT-04/2021-22-G04,"Estimate of drain for Handloom Tourism Village Rampur ward no-11 under Nagar Parishad Bodhgaya , District -Gaya (Bihar)","Estimate of drain for Handloom Tourism Village Rampur ward no-11 under Nagar Parishad Bodhgaya , District -Gaya (Bihar)",250000.0,INR,INR,2021-07-24 09:23:26+00:00,2021-07-24T09:17:48.483000+00:00,2022-05-18T08:09:13+00:00,KUMARI HIMANI,EXCUTIVE OFFICER,URBAN DEVELOPMENT AND HOUSING DEPARTMENT,NAGAR PARISHAD SHERGHATI,KUMARI HIMANI,EXECUTIVE OFFICER,URBAN DEVELOPMENT AND HOUSING DEPARTMENT,5000.0,500.0,590.0,True,"{'Flood': 0, 'Embankment': 0, 'embkt': 0, 'Relief': 0, 'Erosion': 0, 'SDRF': 0, 'Inundation': 0, 'Hydrology': 0, 'Silt': 0, 'Siltation': 0, 'Bund': 0, 'Trench': 0, 'Breach': 0, 'Culvert': 0, 'Sluice': 0, 'Dyke': 0, 'Storm water drain': 0, 'Emergency': 0, 'Immediate': 0, 'IM': 0, 'AE': 0, 'A E': 0, 'AAPDA MITRA': 0, 'Bridge': 0, 'River': 0, 'Drain': 2, 'Restoration': 0, 'Protection': 0, 'irr': 0, 'irrigation': 0, 'dam': 0, 'Nallah': 0, 'Retrofitting': 0, 'Pond': 0, 'Pokhari': 0, 'D/C': 0, 'Recharge shaft': 0, 'LFB': 0, 'RFB': 0}","{'Floodlight': 0, 'Flood Light': 0, 'GAS': 0, 'FIFA': 0, 'pipe': 0, 'pipes': 0, 'covid': 0, 'supply': 0, 'Beautification': 0, 'Installation': 0}",,,False,True,Immediate Measures
11866,NIT-02/2021-22/GR01,"Construction of Drain from Vinit Kumar's House to Rakawa, Maszid to Nisurpur Pyne and Munna Kuraisi's House to ditch in Ward No. - 01 Under Nagar Parishad Tekari.","Construction of Drain from Vinit Kumar's House to Rakawa, Maszid to Nisurpur Pyne and Munna Kuraisi's House to ditch in Ward No. - 01 Under Nagar Parishad Tekari.",1621450.0,INR,INR,2021-07-28 10:58:23+00:00,2021-07-28T10:48:45.181000+00:00,2022-01-17T05:23:00+00:00,AJEET KUMAR,(EXECUTIVE OFFICER NAGAR PARISHAD TEKARI),NAGAR PARISHAD TEKARI,TEKARI,AJEET KUMAR,"(EXECUTIVE OFFICER, NAGAR PARISHAD TEKARI)",NAGAR PARISHAD TEKARI,32500.0,5000.0,590.0,True,"{'Flood': 0, 'Embankment': 0, 'embkt': 0, 'Relief': 0, 'Erosion': 0, 'SDRF': 0, 'Inundation': 0, 'Hydrology': 0, 'Silt': 0, 'Siltation': 0, 'Bund': 0, 'Trench': 0, 'Breach': 0, 'Culvert': 0, 'Sluice': 0, 'Dyke': 0, 'Storm water drain': 0, 'Emergency': 0, 'Immediate': 0, 'IM': 0, 'AE': 0, 'A E': 0, 'AAPDA MITRA': 0, 'Bridge': 0, 'River': 0, 'Drain': 2, 'Restoration': 0, 'Protection': 0, 'irr': 0, 'irrigation': 0, 'dam': 0, 'Nallah': 0, 'Retrofitting': 0, 'Pond': 0, 'Pokhari': 0, 'D/C': 0, 'Recharge shaft': 0, 'LFB': 0, 'RFB': 0}","{'Floodlight': 0, 'Flood Light': 0, 'GAS': 0, 'FIFA': 0, 'pipe': 0, 'pipes': 0, 'covid': 0, 'supply': 0, 'Beautification': 0, 'Installation': 0}",,,False,True,Immediate Measures
11867,NIT-02/2021-22/GR02,Construction of Cover Slab Over Drain from Rajanandan Pathak's House to Raniganj Chouk and Construction fo Drain from Chouk to Srichand Paswan's House Dhruv Das's House to Pyne and Ram Narayan Gupta to Mantu Das's House in Ward No. - 02 Under Nagar Parishad Tekari.,Construction of Cover Slab Over Drain from Rajanandan Pathak's House to Raniganj Chouk and Construction fo Drain from Chouk to Srichand Paswan's House Dhruv Das's House to Pyne and Ram Narayan Gupta to Mantu Das's House in Ward No. - 02 Under Nagar Parishad Tekari.,1676810.0,INR,INR,2021-07-28 11:03:38+00:00,2021-07-28T10:58:54.323000+00:00,2022-01-15T08:58:00+00:00,AJEET KUMAR,(EXECUTIVE OFFICER NAGAR PARISHAD TEKARI),NAGAR PARISHAD TEKARI,TEKARI,AJEET KUMAR,"(EXECUTIVE OFFICER, NAGAR PARISHAD TEKARI)",NAGAR PARISHAD TEKARI,33600.0,5000.0,590.0,True,"{'Flood': 0, 'Embankment': 0, 'embkt': 0, 'Relief': 0, 'Erosion': 0, 'SDRF': 0, 'Inundation': 0, 'Hydrology': 0, 'Silt': 0, 'Siltation': 0, 'Bund': 0, 'Trench': 0, 'Breach': 0, 'Culvert': 0, 'Sluice': 0, 'Dyke': 0, 'Storm water drain': 0, 'Emergency': 0, 'Immediate': 0, 'IM': 0, 'AE': 0, 'A E': 0, 'AAPDA MITRA': 0, 'Bridge': 0, 'River': 0, 'Drain': 4, 'Restoration': 0, 'Protection': 0, 'irr': 0, 'irrigation': 0, 'dam': 0, 'Nallah': 0, 'Retrofitting': 0, 'Pond': 0, 'Pokhari': 0, 'D/C': 0, 'Recharge shaft': 0, 'LFB': 0, 'RFB': 0}","{'Floodlight': 0, 'Flood Light': 0, 'GAS': 0, 'FIFA': 0, 'pipe': 0, 'pipes': 0, 'covid': 0, 'supply': 0, 'Beautification': 0, 'Installation': 0}",,,False,True,Immediate Measures
11868,NIT-02/2021-22/GR03,Construction of Cover Slab Over Drain with repair from Sri Ram Das's House to Jharkhandi Singh's House and Arvind  Das's House to Vijay Singh's House and Construction of Drain from Amit Sinha's House to Vinod Das's House to ditch of behind Ashok Singh's House and Shanker Kumar to Ram Parsad Das and ramkumar Ram to Jharkhandi Singh's House in Ward No. - 03 Under Nagar Parishad Tekari.,Construction of Cover Slab Over Drain with repair from Sri Ram Das's House to Jharkhandi Singh's House and Arvind  Das's House to Vijay Singh's House and Construction of Drain from Amit Sinha's House to Vinod Das's House to ditch of behind Ashok Singh's House and Shanker Kumar to Ram Parsad Das and ramkumar Ram to Jharkhandi Singh's House in Ward No. - 03 Under Nagar Parishad Tekari.,1507402.0,INR,INR,2021-07-28 11:11:58+00:00,2021-07-28T11:07:13.046000+00:00,2022-01-15T09:42:35+00:00,AJEET KUMAR,(EXECUTIVE OFFICER NAGAR PARISHAD TEKARI),NAGAR PARISHAD TEKARI,TEKARI,AJEET KUMAR,"(EXECUTIVE OFFICER, NAGAR PARISHAD TEKARI)",NAGAR PARISHAD TEKARI,30200.0,5000.0,590.0,True,"{'Flood': 0, 'Embankment': 0, 'embkt': 0, 'Relief': 0, 'Erosion': 0, 'SDRF': 0, 'Inundation': 0, 'Hydrology': 0, 'Silt': 0, 'Siltation': 0, 'Bund': 0, 'Trench': 0, 'Breach': 0, 'Culvert': 0, 'Sluice': 0, 'Dyke': 0, 'Storm water drain': 0, 'Emergency': 0, 'Immediate': 0, 'IM': 0, 'AE': 0, 'A E': 0, 'AAPDA MITRA': 0, 'Bridge': 0, 'River': 0, 'Drain': 4, 'Restoration': 0, 'Protection': 0, 'irr': 0, 'irrigation': 0, 'dam': 0, 'Nallah': 0, 'Retrofitting': 0, 'Pond': 0, 'Pokhari': 0, 'D/C': 0, 'Recharge shaft': 0, 'LFB': 0, 'RFB': 0}","{'Floodlight': 0, 'Flood Light': 0, 'GAS': 0, 'FIFA': 0, 'pipe': 0, 'pipes': 0, 'covid': 0, 'supply': 0, 'Beautification': 0, 'Installation': 0}",,,False,True,Immediate Measures
11870,NIT-02/2021-22/GR04,"Construction of Paver Block Road from Kishori Ji's House to Girija, Navin's House to Main Road, Dilip's House to Virender, Vikas House to Nawal Sao's House, Sadhu Visvakarma's House to Main road and Manoj's House  to Main Road and Consturction of Drain from Guddu Lal's House to Munna Lal's House in Ward No. - 04 Under Nagar Parishad Tekari.","Construction of Paver Block Road from Kishori Ji's House to Girija, Navin's House to Main Road, Dilip's House to Virender, Vikas House to Nawal Sao's House, Sadhu Visvakarma's House to Main road and Manoj's House  to Main Road and Consturction of Drain from Guddu Lal's House to Munna Lal's House in Ward No. - 04 Under Nagar Parishad Tekari.",809757.0,INR,INR,2021-07-28 11:17:12+00:00,2021-07-28T11:12:24.212000+00:00,2022-01-17T05:49:42+00:00,AJEET KUMAR,(EXECUTIVE OFFICER NAGAR PARISHAD TEKARI),NAGAR PARISHAD TEKARI,TEKARI,AJEET KUMAR,"(EXECUTIVE OFFICER, NAGAR PARISHAD TEKARI)",NAGAR PARISHAD TEKARI,16200.0,1250.0,590.0,True,"{'Flood': 0, 'Embankment': 0, 'embkt': 0, 'Relief': 0, 'Erosion': 0, 'SDRF': 0, 'Inundation': 0, 'Hydrology': 0, 'Silt': 0, 'Siltation': 0, 'Bund': 0, 'Trench': 0, 'Breach': 0, 'Culvert': 0, 'Sluice': 0, 'Dyke': 0, 'Storm water drain': 0, 'Emergency': 0, 'Immediate': 0, 'IM': 0, 'AE': 0, 'A E': 0, 'AAPDA MITRA': 0, 'Bridge': 0, 'River': 0, 'Drain': 2, 'Restoration': 0, 'Protection': 0, 'irr': 0, 'irrigation': 0, 'dam': 0, 'Nallah': 0, 'Retrofitting': 0, 'Pond': 0, 'Pokhari': 0, 'D/C': 0, 'Recharge shaft': 0, 'LFB': 0, 'RFB': 0}","{'Floodlight': 0, 'Flood Light': 0, 'GAS': 0, 'FIFA': 0, 'pipe': 0, 'pipes': 0, 'covid': 0, 'supply': 0, 'Beautification': 0, 'Installation': 0}",,,False,True,Immediate Measures
