Tender ID :,Tender Ref No :,Tender Title :,Work Description,Tender Value in ₹,Tender Currency,Bid Currency,Publish Date,Contract Date :,Update Date,Issuing Authority Name,Issuing Authority Designation,Issuing Organisation Name,Issuing Address,Approving Authority Name,Approving Authority Designation,Approving Organisation Name,EMD Amount,Tender Fee Amount,Tender Processing Fee Amount,is_flood_tender,positive_keywords_dict,negative_keywords_dict,Season,Scheme,Erosion,Roads_Bridges_Embkt,Response Type
24706,NIT 07/2022-23/JHAJHA/GROUP1,RENOVATION WORK OF GUGULDIH BRANCH CANAL OF NAKTI RESERVOIR SCHEME UNDER IRRIGATION DIVISION JHAJHA,RENOVATION WORK OF GUGULDIH BRANCH CANAL OF NAKTI RESERVOIR SCHEME UNDER IRRIGATION DIVISION JHAJHA,3043000.0,INR,INR,2022-08-06 11:48:03+00:00,2022-07-31T08:22:31.677000+00:00,2022-08-23T13:50:03+00:00,DEEPAK PRADHAN,EXECUTIVE ENGINEER,"IRRIGATION DIVISION, JHAJHA",JHAJHA,Harish Kumar,Superintending Engineer,WATER AND LAND MANAGEMENT INSTITUTE,61000.0,5000.0,590.0,True,"{'Flood': 0, 'Embankment': 0, 'embkt': 0, 'Relief': 0, 'Erosion': 0, 'SDRF': 0, 'Inundation': 0, 'Hydrology': 0, 'Silt': 0, 'Siltation': 0, 'Bund': 0, 'Trench': 0, 'Breach': 0, 'Culvert': 0, 'Sluice': 0, 'Dyke': 0, 'Storm water drain': 0, 'Emergency': 0, 'Immediate': 0, 'IM': 0, 'AE': 0, 'A E': 0, 'AAPDA MITRA': 0, 'Bridge': 0, 'River': 0, 'Drain': 0, 'Restoration': 0, 'Protection': 0, 'irr': 0, 'irrigation': 2, 'dam': 0, 'Nallah': 0, 'nala': 0, 'Retrofitting': 0, 'Pond': 0, 'Pokhari': 0, 'D/C': 0, 'Recharge shaft': 0, 'LFB': 0, 'RFB': 0}","{'Floodlight': 0, 'Flood Light': 0, 'GAS': 0, 'FIFA': 0, 'pipe': 0, 'pipes': 0, 'covid': 0, 'supply': 0, 'Beautification': 0, 'Installation': 0}",,,False,False,Immediate Measures
24707,NIT 07/2022-23/JHAJHA/GROUP-02,RENOVATION WORK OF DHOLKATWA BRANCH CANAL OF NAKTI RESERVOIR SCHEME UNDER IRRIGATION DIVISION JHAJHA,RENOVATION WORK OF DHOLKATWA BRANCH CANAL OF NAKTI RESERVOIR SCHEME UNDER IRRIGATION DIVISION JHAJHA,3230000.0,INR,INR,2022-08-06 11:49:46+00:00,2022-07-31T08:22:47.485000+00:00,2022-08-23T13:50:44+00:00,DEEPAK PRADHAN,EXECUTIVE ENGINEER,"IRRIGATION DIVISION, JHAJHA",JHAJHA,Harish Kumar,Superintending Engineer,WATER AND LAND MANAGEMENT INSTITUTE,65000.0,5000.0,590.0,True,"{'Flood': 0, 'Embankment': 0, 'embkt': 0, 'Relief': 0, 'Erosion': 0, 'SDRF': 0, 'Inundation': 0, 'Hydrology': 0, 'Silt': 0, 'Siltation': 0, 'Bund': 0, 'Trench': 0, 'Breach': 0, 'Culvert': 0, 'Sluice': 0, 'Dyke': 0, 'Storm water drain': 0, 'Emergency': 0, 'Immediate': 0, 'IM': 0, 'AE': 0, 'A E': 0, 'AAPDA MITRA': 0, 'Bridge': 0, 'River': 0, 'Drain': 0, 'Restoration': 0, 'Protection': 0, 'irr': 0, 'irrigation': 2, 'dam': 0, 'Nallah': 0, 'nala': 0, 'Retrofitting': 0, 'Pond': 0, 'Pokhari': 0, 'D/C': 0, 'Recharge shaft': 0, 'LFB': 0, 'RFB': 0}","{'Floodlight': 0, 'Flood Light': 0, 'GAS': 0, 'FIFA': 0, 'pipe': 0, 'pipes': 0, 'covid': 0, 'supply': 0, 'Beautification': 0, 'Installation': 0}",,,False,False,Immediate Measures
24725,"NIT 09/E/Bankipur/2022, Gr. No. 16",Construction of U/G drain and PCC Road in Bakarganj from Umesh Chourasiya to Sana Medical in ward no. 39,Construction of U/G drain and PCC Road in Bakarganj from Umesh Chourasiya to Sana Medical in ward no. 39,1753092.0,INR,INR,2022-08-01 08:52:53+00:00,2022-08-01T08:46:40.270000+00:00,2023-12-13T08:32:14+00:00,"Aashish Prasad, Executive Engineer",EE,"BANKIPUR DIVISION, Patna Municipal Corporation, Patna","Ambedkar Bhawan, Vaishali Golumbar,Rajendra Nagar,Patna","Aashish Prasad, Executive Engineer",EE,"Bankipur Division,Patna Municipal Corporation,Patna",35100.0,5000.0,590.0,True,"{'Flood': 0, 'Embankment': 0, 'embkt': 0, 'Relief': 0, 'Erosion': 0, 'SDRF': 0, 'Inundation': 0, 'Hydrology': 0, 'Silt': 0, 'Siltation': 0, 'Bund': 0, 'Trench': 0, 'Breach': 0, 'Culvert': 0, 'Sluice': 0, 'Dyke': 0, 'Storm water drain': 0, 'Emergency': 0, 'Immediate': 0, 'IM': 0, 'AE': 0, 'A E': 0, 'AAPDA MITRA': 0, 'Bridge': 0, 'River': 0, 'Drain': 2, 'Restoration': 0, 'Protection': 0, 'irr': 0, 'irrigation': 0, 'dam': 0, 'Nallah': 0, 'nala': 0, 'Retrofitting': 0, 'Pond': 0, 'Pokhari': 0, 'D/C': 0, 'Recharge shaft': 0, 'LFB': 0, 'RFB': 0}","{'Floodlight': 0, 'Flood Light': 0, 'GAS': 0, 'FIFA': 0, 'pipe': 0, 'pipes': 0, 'covid': 0, 'supply': 0, 'Beautification': 0, 'Installation': 0}",,,False,True,Immediate Measures
24729,"NIT 09/E/Bankipur/2022, Gr. No. 19",Construction of U/G drain and PCC Road from Lal Pan Bhandar to Kali Mandir in ward no. 39,Construction of U/G drain and PCC Road from Lal Pan Bhandar to Kali Mandir in ward no. 39,1650067.0,INR,INR,2022-08-01 09:20:30+00:00,2022-08-01T09:04:43.333000+00:00,2022-11-09T11:06:44+00:00,"Aashish Prasad, Executive Engineer",EE,"BANKIPUR DIVISION, Patna Municipal Corporation, Patna","Ambedkar Bhawan, Vaishali Golumbar,Rajendra Nagar,Patna","Aashish Prasad, Executive Engineer",EE,"Bankipur Division,Patna Municipal Corporation,Patna",33100.0,5000.0,590.0,True,"{'Flood': 0, 'Embankment': 0, 'embkt': 0, 'Relief': 0, 'Erosion': 0, 'SDRF': 0, 'Inundation': 0, 'Hydrology': 0, 'Silt': 0, 'Siltation': 0, 'Bund': 0, 'Trench': 0, 'Breach': 0, 'Culvert': 0, 'Sluice': 0, 'Dyke': 0, 'Storm water drain': 0, 'Emergency': 0, 'Immediate': 0, 'IM': 0, 'AE': 0, 'A E': 0, 'AAPDA MITRA': 0, 'Bridge': 0, 'River': 0, 'Drain': 2, 'Restoration': 0, 'Protection': 0, 'irr': 0, 'irrigation': 0, 'dam': 0, 'Nallah': 0, 'nala': 0, 'Retrofitting': 0, 'Pond': 0, 'Pokhari': 0, 'D/C': 0, 'Recharge shaft': 0, 'LFB': 0, 'RFB': 0}","{'Floodlight': 0, 'Flood Light': 0, 'GAS': 0, 'FIFA': 0, 'pipe': 0, 'pipes': 0, 'covid': 0, 'supply': 0, 'Beautification': 0, 'Installation': 0}",,,False,True,Immediate Measures
24730,"NIT 09/E/Bankipur/2022, Gr. No. 20",Construction of U/G drain and PCC Road in Natraj Gali from Kali Mandir to Ashok Rajpath in ward no. 39.,Construction of U/G drain and PCC Road in Natraj Gali from Kali Mandir to Ashok Rajpath in ward no. 39.,1992321.0,INR,INR,2022-08-01 09:31:43+00:00,2022-08-01T09:23:06.463000+00:00,2022-11-26T11:11:57+00:00,"Aashish Prasad, Executive Engineer",EE,"BANKIPUR DIVISION, Patna Municipal Corporation, Patna","Ambedkar Bhawan, Vaishali Golumbar,Rajendra Nagar,Patna","Aashish Prasad, Executive Engineer",EE,"Bankipur Division,Patna Municipal Corporation,Patna",39900.0,5000.0,590.0,True,"{'Flood': 0, 'Embankment': 0, 'embkt': 0, 'Relief': 0, 'Erosion': 0, 'SDRF': 0, 'Inundation': 0, 'Hydrology': 0, 'Silt': 0, 'Siltation': 0, 'Bund': 0, 'Trench': 0, 'Breach': 0, 'Culvert': 0, 'Sluice': 0, 'Dyke': 0, 'Storm water drain': 0, 'Emergency': 0, 'Immediate': 0, 'IM': 0, 'AE': 0, 'A E': 0, 'AAPDA MITRA': 0, 'Bridge': 0, 'River': 0, 'Drain': 2, 'Restoration': 0, 'Protection': 0, 'irr': 0, 'irrigation': 0, 'dam': 0, 'Nallah': 0, 'nala': 0, 'Retrofitting': 0, 'Pond': 0, 'Pokhari': 0, 'D/C': 0, 'Recharge shaft': 0, 'LFB': 0, 'RFB': 0}","{'Floodlight': 0, 'Flood Light': 0, 'GAS': 0, 'FIFA': 0, 'pipe': 0, 'pipes': 0, 'covid': 0, 'supply': 0, 'Beautification': 0, 'Installation': 0}",,,False,True,Immediate Measures
24733,"NIT 09/E/Bankipur/2022, Gr. No. 22",Construction of RCC Drain in Marwari Colony from Lilli Bhawan in Vinod Agrawal in ward no. 48.,Construction of RCC Drain in Marwari Colony from Lilli Bhawan in Vinod Agrawal in ward no. 48.,363965.0,INR,INR,2022-08-01 09:44:00+00:00,2022-08-01T09:38:51.228000+00:00,2022-09-29T07:04:00+00:00,"Aashish Prasad, Executive Engineer",EE,"BANKIPUR DIVISION, Patna Municipal Corporation, Patna","Ambedkar Bhawan, Vaishali Golumbar,Rajendra Nagar,Patna","Aashish Prasad, Executive Engineer",EE,"Bankipur Division,Patna Municipal Corporation,Patna",7300.0,750.0,590.0,True,"{'Flood': 0, 'Embankment': 0, 'embkt': 0, 'Relief': 0, 'Erosion': 0, 'SDRF': 0, 'Inundation': 0, 'Hydrology': 0, 'Silt': 0, 'Siltation': 0, 'Bund': 0, 'Trench': 0, 'Breach': 0, 'Culvert': 0, 'Sluice': 0, 'Dyke': 0, 'Storm water drain': 0, 'Emergency': 0, 'Immediate': 0, 'IM': 0, 'AE': 0, 'A E': 0, 'AAPDA MITRA': 0, 'Bridge': 0, 'River': 0, 'Drain': 2, 'Restoration': 0, 'Protection': 0, 'irr': 0, 'irrigation': 0, 'dam': 0, 'Nallah': 0, 'nala': 0, 'Retrofitting': 0, 'Pond': 0, 'Pokhari': 0, 'D/C': 0, 'Recharge shaft': 0, 'LFB': 0, 'RFB': 0}","{'Floodlight': 0, 'Flood Light': 0, 'GAS': 0, 'FIFA': 0, 'pipe': 0, 'pipes': 0, 'covid': 0, 'supply': 0, 'Beautification': 0, 'Installation': 0}",,,False,True,Immediate Measures
24734,"NIT 09/E/Bankipur/2022, Gr. No. 23",Construction of P.C.C. and Drain in Kunkun Singh Lane from Remand home to Ashok Raj Path in ward no. 48.,Construction of P.C.C. and Drain in Kunkun Singh Lane from Remand home to Ashok Raj Path in ward no. 48.,1050859.0,INR,INR,2022-08-01 10:33:20+00:00,2022-08-01T09:44:35.787000+00:00,2022-08-11T10:40:02+00:00,"Aashish Prasad, Executive Engineer",EE,"BANKIPUR DIVISION, Patna Municipal Corporation, Patna","Ambedkar Bhawan, Vaishali Golumbar,Rajendra Nagar,Patna","Aashish Prasad, Executive Engineer",EE,"Bankipur Division,Patna Municipal Corporation,Patna",21100.0,2500.0,590.0,True,"{'Flood': 0, 'Embankment': 0, 'embkt': 0, 'Relief': 0, 'Erosion': 0, 'SDRF': 0, 'Inundation': 0, 'Hydrology': 0, 'Silt': 0, 'Siltation': 0, 'Bund': 0, 'Trench': 0, 'Breach': 0, 'Culvert': 0, 'Sluice': 0, 'Dyke': 0, 'Storm water drain': 0, 'Emergency': 0, 'Immediate': 0, 'IM': 0, 'AE': 0, 'A E': 0, 'AAPDA MITRA': 0, 'Bridge': 0, 'River': 0, 'Drain': 2, 'Restoration': 0, 'Protection': 0, 'irr': 0, 'irrigation': 0, 'dam': 0, 'Nallah': 0, 'nala': 0, 'Retrofitting': 0, 'Pond': 0, 'Pokhari': 0, 'D/C': 0, 'Recharge shaft': 0, 'LFB': 0, 'RFB': 0}","{'Floodlight': 0, 'Flood Light': 0, 'GAS': 0, 'FIFA': 0, 'pipe': 0, 'pipes': 0, 'covid': 0, 'supply': 0, 'Beautification': 0, 'Installation': 0}",,,False,True,Immediate Measures
24732,"NIT 09/E/Bankipur/2022, Gr. No. 21",Construction of P.C.C. Road and drain in Marwadi Colony from the house of Ram Babu to Vijay Thirany house in ward no. 48.,Construction of P.C.C. Road and drain in Marwadi Colony from the house of Ram Babu to Vijay Thirany house in ward no. 48.,593582.0,INR,INR,2022-08-01 09:38:10+00:00,2022-08-01T09:32:36.985000+00:00,2022-09-29T06:48:39+00:00,"Aashish Prasad, Executive Engineer",EE,"BANKIPUR DIVISION, Patna Municipal Corporation, Patna","Ambedkar Bhawan, Vaishali Golumbar,Rajendra Nagar,Patna","Aashish Prasad, Executive Engineer",EE,"Bankipur Division,Patna Municipal Corporation,Patna",11900.0,1250.0,590.0,True,"{'Flood': 0, 'Embankment': 0, 'embkt': 0, 'Relief': 0, 'Erosion': 0, 'SDRF': 0, 'Inundation': 0, 'Hydrology': 0, 'Silt': 0, 'Siltation': 0, 'Bund': 0, 'Trench': 0, 'Breach': 0, 'Culvert': 0, 'Sluice': 0, 'Dyke': 0, 'Storm water drain': 0, 'Emergency': 0, 'Immediate': 0, 'IM': 0, 'AE': 0, 'A E': 0, 'AAPDA MITRA': 0, 'Bridge': 0, 'River': 0, 'Drain': 2, 'Restoration': 0, 'Protection': 0, 'irr': 0, 'irrigation': 0, 'dam': 0, 'Nallah': 0, 'nala': 0, 'Retrofitting': 0, 'Pond': 0, 'Pokhari': 0, 'D/C': 0, 'Recharge shaft': 0, 'LFB': 0, 'RFB': 0}","{'Floodlight': 0, 'Flood Light': 0, 'GAS': 0, 'FIFA': 0, 'pipe': 0, 'pipes': 0, 'covid': 0, 'supply': 0, 'Beautification': 0, 'Installation': 0}",,,False,True,Immediate Measures
24727,"NIT 09/E/Bankipur/2022, Gr. No. 17",Construction of U/G drain and PCC Road from Sana Medical to Nurhasan Baniya Link Street in ward  no. 39.,Construction of U/G drain and PCC Road from Sana Medical to Nurhasan Baniya Link Street in ward  no. 39.,1741981.0,INR,INR,2022-08-01 08:58:15+00:00,2022-08-01T08:53:26.824000+00:00,2023-12-13T08:38:10+00:00,"Aashish Prasad, Executive Engineer",EE,"BANKIPUR DIVISION, Patna Municipal Corporation, Patna","Ambedkar Bhawan, Vaishali Golumbar,Rajendra Nagar,Patna","Aashish Prasad, Executive Engineer",EE,"Bankipur Division,Patna Municipal Corporation,Patna",34900.0,5000.0,590.0,True,"{'Flood': 0, 'Embankment': 0, 'embkt': 0, 'Relief': 0, 'Erosion': 0, 'SDRF': 0, 'Inundation': 0, 'Hydrology': 0, 'Silt': 0, 'Siltation': 0, 'Bund': 0, 'Trench': 0, 'Breach': 0, 'Culvert': 0, 'Sluice': 0, 'Dyke': 0, 'Storm water drain': 0, 'Emergency': 0, 'Immediate': 0, 'IM': 0, 'AE': 0, 'A E': 0, 'AAPDA MITRA': 0, 'Bridge': 0, 'River': 0, 'Drain': 2, 'Restoration': 0, 'Protection': 0, 'irr': 0, 'irrigation': 0, 'dam': 0, 'Nallah': 0, 'nala': 0, 'Retrofitting': 0, 'Pond': 0, 'Pokhari': 0, 'D/C': 0, 'Recharge shaft': 0, 'LFB': 0, 'RFB': 0}","{'Floodlight': 0, 'Flood Light': 0, 'GAS': 0, 'FIFA': 0, 'pipe': 0, 'pipes': 0, 'covid': 0, 'supply': 0, 'Beautification': 0, 'Installation': 0}",,,False,True,Immediate Measures
24728,"NIT 09/E/Bankipur/2022, Gr. No. 18",Construction of U/G drain and PCC Road in Rajendra Old Devi Temple to Durga Temple in ward  no. 36,Construction of U/G drain and PCC Road in Rajendra Old Devi Temple to Durga Temple in ward  no. 36,2592054.0,INR,INR,2022-08-01 09:04:03+00:00,2022-08-01T08:59:26.453000+00:00,2022-11-02T10:25:48+00:00,"Aashish Prasad, Executive Engineer",EE,"BANKIPUR DIVISION, Patna Municipal Corporation, Patna","Ambedkar Bhawan, Vaishali Golumbar,Rajendra Nagar,Patna","Aashish Prasad, Executive Engineer",EE,"Bankipur Division,Patna Municipal Corporation,Patna",51900.0,5000.0,590.0,True,"{'Flood': 0, 'Embankment': 0, 'embkt': 0, 'Relief': 0, 'Erosion': 0, 'SDRF': 0, 'Inundation': 0, 'Hydrology': 0, 'Silt': 0, 'Siltation': 0, 'Bund': 0, 'Trench': 0, 'Breach': 0, 'Culvert': 0, 'Sluice': 0, 'Dyke': 0, 'Storm water drain': 0, 'Emergency': 0, 'Immediate': 0, 'IM': 0, 'AE': 0, 'A E': 0, 'AAPDA MITRA': 0, 'Bridge': 0, 'River': 0, 'Drain': 2, 'Restoration': 0, 'Protection': 0, 'irr': 0, 'irrigation': 0, 'dam': 0, 'Nallah': 0, 'nala': 0, 'Retrofitting': 0, 'Pond': 0, 'Pokhari': 0, 'D/C': 0, 'Recharge shaft': 0, 'LFB': 0, 'RFB': 0}","{'Floodlight': 0, 'Flood Light': 0, 'GAS': 0, 'FIFA': 0, 'pipe': 0, 'pipes': 0, 'covid': 0, 'supply': 0, 'Beautification': 0, 'Installation': 0}",,,False,True,Immediate Measures
24726,03/2022-23/ID DEHRI/01,RENOVATION OF AHIWAS DISTRIBUTORY OF GARA CHAUBE BRANCH CANAL UNDER IRRIGATION SU-DIVISION BASAWAN (GROUP-01),RENOVATION OF AHIWAS DISTRIBUTORY OF GARA CHAUBE BRANCH CANAL UNDER IRRIGATION SU-DIVISION BASAWAN (GROUP-01),4213457.0,INR,INR,2022-08-01 09:13:00+00:00,2022-08-01T08:53:05.677000+00:00,2022-08-19T08:47:26+00:00,KUNAL,EE,WATER RESOURCES DEPARTMENT,IRRIGATION DIVISION DEHRI,SUBODH KUMAR SUNAHALA,SE,WATER RESOURCES DEPARTMENT,84300.0,5000.0,590.0,True,"{'Flood': 0, 'Embankment': 0, 'embkt': 0, 'Relief': 0, 'Erosion': 0, 'SDRF': 0, 'Inundation': 0, 'Hydrology': 0, 'Silt': 0, 'Siltation': 0, 'Bund': 0, 'Trench': 0, 'Breach': 0, 'Culvert': 0, 'Sluice': 0, 'Dyke': 0, 'Storm water drain': 0, 'Emergency': 0, 'Immediate': 0, 'IM': 0, 'AE': 0, 'A E': 0, 'AAPDA MITRA': 0, 'Bridge': 0, 'River': 0, 'Drain': 0, 'Restoration': 0, 'Protection': 0, 'irr': 0, 'irrigation': 2, 'dam': 0, 'Nallah': 0, 'nala': 0, 'Retrofitting': 0, 'Pond': 0, 'Pokhari': 0, 'D/C': 0, 'Recharge shaft': 0, 'LFB': 0, 'RFB': 0}","{'Floodlight': 0, 'Flood Light': 0, 'GAS': 0, 'FIFA': 0, 'pipe': 0, 'pipes': 0, 'covid': 0, 'supply': 0, 'Beautification': 0, 'Installation': 0}",,,False,False,Immediate Measures
24740,"NIT 09/E/Bankipur/2022, Gr. No. 28",Construction of U/G drain Ambedkar Colony to Saheb Colony Main Road  in ward no. 51,Construction of U/G drain Ambedkar Colony to Saheb Colony Main Road  in ward no. 51,764158.0,INR,INR,2022-08-01 11:44:53+00:00,2022-08-01T11:01:07.510000+00:00,2023-07-19T10:02:48+00:00,"Aashish Prasad, Executive Engineer",EE,"BANKIPUR DIVISION, Patna Municipal Corporation, Patna","Ambedkar Bhawan, Vaishali Golumbar,Rajendra Nagar,Patna","Aashish Prasad, Executive Engineer",EE,"Bankipur Division,Patna Municipal Corporation,Patna",15300.0,1250.0,590.0,True,"{'Flood': 0, 'Embankment': 0, 'embkt': 0, 'Relief': 0, 'Erosion': 0, 'SDRF': 0, 'Inundation': 0, 'Hydrology': 0, 'Silt': 0, 'Siltation': 0, 'Bund': 0, 'Trench': 0, 'Breach': 0, 'Culvert': 0, 'Sluice': 0, 'Dyke': 0, 'Storm water drain': 0, 'Emergency': 0, 'Immediate': 0, 'IM': 0, 'AE': 0, 'A E': 0, 'AAPDA MITRA': 0, 'Bridge': 0, 'River': 0, 'Drain': 2, 'Restoration': 0, 'Protection': 0, 'irr': 0, 'irrigation': 0, 'dam': 0, 'Nallah': 0, 'nala': 0, 'Retrofitting': 0, 'Pond': 0, 'Pokhari': 0, 'D/C': 0, 'Recharge shaft': 0, 'LFB': 0, 'RFB': 0}","{'Floodlight': 0, 'Flood Light': 0, 'GAS': 0, 'FIFA': 0, 'pipe': 0, 'pipes': 0, 'covid': 0, 'supply': 0, 'Beautification': 0, 'Installation': 0}",,,False,True,Immediate Measures
24739,"NIT 09/E/Bankipur/2022, Gr. No. 27","Construction of  R.C.C Drain and PCC road In Naya Gaon from Mahavir lane tohouse of sant ji,  in ward no.48 under Bankipur Division, PMC, Patna.","Construction of  R.C.C Drain and PCC road In Naya Gaon from Mahavir lane tohouse of sant ji,  in ward no.48 under Bankipur Division, PMC, Patna.",1284238.0,INR,INR,2022-08-01 11:00:15+00:00,2022-08-01T10:56:07.987000+00:00,2022-09-29T08:26:45+00:00,"Aashish Prasad, Executive Engineer",EE,"BANKIPUR DIVISION, Patna Municipal Corporation, Patna","Ambedkar Bhawan, Vaishali Golumbar,Rajendra Nagar,Patna","Aashish Prasad, Executive Engineer",EE,"Bankipur Division,Patna Municipal Corporation,Patna",25700.0,2500.0,590.0,True,"{'Flood': 0, 'Embankment': 0, 'embkt': 0, 'Relief': 0, 'Erosion': 0, 'SDRF': 0, 'Inundation': 0, 'Hydrology': 0, 'Silt': 0, 'Siltation': 0, 'Bund': 0, 'Trench': 0, 'Breach': 0, 'Culvert': 0, 'Sluice': 0, 'Dyke': 0, 'Storm water drain': 0, 'Emergency': 0, 'Immediate': 0, 'IM': 0, 'AE': 0, 'A E': 0, 'AAPDA MITRA': 0, 'Bridge': 0, 'River': 0, 'Drain': 2, 'Restoration': 0, 'Protection': 0, 'irr': 0, 'irrigation': 0, 'dam': 0, 'Nallah': 0, 'nala': 0, 'Retrofitting': 0, 'Pond': 0, 'Pokhari': 0, 'D/C': 0, 'Recharge shaft': 0, 'LFB': 0, 'RFB': 0}","{'Floodlight': 0, 'Flood Light': 0, 'GAS': 0, 'FIFA': 0, 'pipe': 0, 'pipes': 0, 'covid': 0, 'supply': 0, 'Beautification': 0, 'Installation': 0}",,,False,True,Immediate Measures
24738,"NIT 09/E/Bankipur/2022, Gr. No. 26","Construction of  U/G Drain and PCC road In Kachari gali from Shivam nala to Saidpur Road,  in ward no.48 under Bankipur Division, PMC, Patna.","Construction of  U/G Drain and PCC road In Kachari gali from Shivam nala to Saidpur Road,  in ward no.48 under Bankipur Division, PMC, Patna.",1435038.0,INR,INR,2022-08-01 10:55:16+00:00,2022-08-01T10:41:20.358000+00:00,2022-09-29T07:12:14+00:00,"Aashish Prasad, Executive Engineer",EE,"BANKIPUR DIVISION, Patna Municipal Corporation, Patna","Ambedkar Bhawan, Vaishali Golumbar,Rajendra Nagar,Patna","Aashish Prasad, Executive Engineer",EE,"Bankipur Division,Patna Municipal Corporation,Patna",28700.0,2500.0,590.0,True,"{'Flood': 0, 'Embankment': 0, 'embkt': 0, 'Relief': 0, 'Erosion': 0, 'SDRF': 0, 'Inundation': 0, 'Hydrology': 0, 'Silt': 0, 'Siltation': 0, 'Bund': 0, 'Trench': 0, 'Breach': 0, 'Culvert': 0, 'Sluice': 0, 'Dyke': 0, 'Storm water drain': 0, 'Emergency': 0, 'Immediate': 0, 'IM': 0, 'AE': 0, 'A E': 0, 'AAPDA MITRA': 0, 'Bridge': 0, 'River': 0, 'Drain': 2, 'Restoration': 0, 'Protection': 0, 'irr': 0, 'irrigation': 0, 'dam': 0, 'Nallah': 0, 'nala': 2, 'Retrofitting': 0, 'Pond': 0, 'Pokhari': 0, 'D/C': 0, 'Recharge shaft': 0, 'LFB': 0, 'RFB': 0}","{'Floodlight': 0, 'Flood Light': 0, 'GAS': 0, 'FIFA': 0, 'pipe': 0, 'pipes': 0, 'covid': 0, 'supply': 0, 'Beautification': 0, 'Installation': 0}",,,False,True,Immediate Measures
24744,NIT11/2022-23/GR03,CONSTRUCTION OF FIELD CHANNEL AT CHAIN 12.0 LEFT OF DARH OFKHARWARNI DAM IN DUMARIYA VILLAGE.,CONSTRUCTION OF FIELD CHANNEL AT CHAIN 12.0 LEFT OF DARH OFKHARWARNI DAM IN DUMARIYA VILLAGE.,2395050.0,INR,INR,2022-08-02 02:54:54+00:00,2022-08-02T01:46:55.173000+00:00,2022-08-30T03:28:14+00:00,MANOJ KUMAR,EXECUTIVE ENGINEER,"IRRIGATION DIVISION, BIJIKHORBA","IRRIGATION DIVISION, BIJIKHORBA",Harish Kumar,Superintending Engineer,WATER AND LAND MANAGEMENT INSTITUTE,48000.0,5000.0,590.0,True,"{'Flood': 0, 'Embankment': 0, 'embkt': 0, 'Relief': 0, 'Erosion': 0, 'SDRF': 0, 'Inundation': 0, 'Hydrology': 0, 'Silt': 0, 'Siltation': 0, 'Bund': 0, 'Trench': 0, 'Breach': 0, 'Culvert': 0, 'Sluice': 0, 'Dyke': 0, 'Storm water drain': 0, 'Emergency': 0, 'Immediate': 0, 'IM': 0, 'AE': 0, 'A E': 0, 'AAPDA MITRA': 0, 'Bridge': 0, 'River': 0, 'Drain': 0, 'Restoration': 0, 'Protection': 0, 'irr': 0, 'irrigation': 0, 'dam': 2, 'Nallah': 0, 'nala': 0, 'Retrofitting': 0, 'Pond': 0, 'Pokhari': 0, 'D/C': 0, 'Recharge shaft': 0, 'LFB': 0, 'RFB': 0}","{'Floodlight': 0, 'Flood Light': 0, 'GAS': 0, 'FIFA': 0, 'pipe': 0, 'pipes': 0, 'covid': 0, 'supply': 0, 'Beautification': 0, 'Installation': 0}",,,False,False,Immediate Measures
24737,"NIT 09/E/Bankipur/2022, Gr. No. 24",Construction of P.C.C. and Drain in Kunkun Singh Lane from the house of Ramesh Babu to Remand house in ward no. 48,Construction of P.C.C. and Drain in Kunkun Singh Lane from the house of Ramesh Babu to Remand house in ward no. 48,1783407.0,INR,INR,2022-08-01 10:40:50+00:00,2022-08-01T10:33:54.169000+00:00,2022-08-11T10:40:42+00:00,"Aashish Prasad, Executive Engineer",EE,"BANKIPUR DIVISION, Patna Municipal Corporation, Patna","Ambedkar Bhawan, Vaishali Golumbar,Rajendra Nagar,Patna","Aashish Prasad, Executive Engineer",EE,"Bankipur Division,Patna Municipal Corporation,Patna",35700.0,5000.0,590.0,True,"{'Flood': 0, 'Embankment': 0, 'embkt': 0, 'Relief': 0, 'Erosion': 0, 'SDRF': 0, 'Inundation': 0, 'Hydrology': 0, 'Silt': 0, 'Siltation': 0, 'Bund': 0, 'Trench': 0, 'Breach': 0, 'Culvert': 0, 'Sluice': 0, 'Dyke': 0, 'Storm water drain': 0, 'Emergency': 0, 'Immediate': 0, 'IM': 0, 'AE': 0, 'A E': 0, 'AAPDA MITRA': 0, 'Bridge': 0, 'River': 0, 'Drain': 2, 'Restoration': 0, 'Protection': 0, 'irr': 0, 'irrigation': 0, 'dam': 0, 'Nallah': 0, 'nala': 0, 'Retrofitting': 0, 'Pond': 0, 'Pokhari': 0, 'D/C': 0, 'Recharge shaft': 0, 'LFB': 0, 'RFB': 0}","{'Floodlight': 0, 'Flood Light': 0, 'GAS': 0, 'FIFA': 0, 'pipe': 0, 'pipes': 0, 'covid': 0, 'supply': 0, 'Beautification': 0, 'Installation': 0}",,,False,True,Immediate Measures
24752,07/2022-23/TCD-1/BETTIAH,RESTORATION OF RESTORATION OF PIPRA PAKDI 16.25 TO 30.00 EX RD 327.00 (L) OF TIRHUT MAIN CANAL,RESTORATION OF RESTORATION OF PIPRA PAKDI 16.25 TO 30.00 EX RD 327.00 (L) OF TIRHUT MAIN CANAL,6781653.0,INR,INR,2022-08-02 11:58:12+00:00,2022-08-02T11:47:29.055000+00:00,2022-08-26T01:41:32+00:00,RAMNATH PRASAD SE,SE,"WRD, PURNIA","Mahananda Colony, PWD Colony, Purnia, Bihar 854301",BIJENDRA KUMAR RAM,CHIEF ENGINEER,"IRRIGATION CREATION, WATER RESOURCES DEPARTMENT, MOTIHARI",135700.0,10000.0,590.0,True,"{'Flood': 0, 'Embankment': 0, 'embkt': 0, 'Relief': 0, 'Erosion': 0, 'SDRF': 0, 'Inundation': 0, 'Hydrology': 0, 'Silt': 0, 'Siltation': 0, 'Bund': 0, 'Trench': 0, 'Breach': 0, 'Culvert': 0, 'Sluice': 0, 'Dyke': 0, 'Storm water drain': 0, 'Emergency': 0, 'Immediate': 0, 'IM': 0, 'AE': 0, 'A E': 0, 'AAPDA MITRA': 0, 'Bridge': 0, 'River': 0, 'Drain': 0, 'Restoration': 4, 'Protection': 0, 'irr': 0, 'irrigation': 0, 'dam': 0, 'Nallah': 0, 'nala': 0, 'Retrofitting': 0, 'Pond': 0, 'Pokhari': 0, 'D/C': 0, 'Recharge shaft': 0, 'LFB': 0, 'RFB': 0}","{'Floodlight': 0, 'Flood Light': 0, 'GAS': 0, 'FIFA': 0, 'pipe': 0, 'pipes': 0, 'covid': 0, 'supply': 0, 'Beautification': 0, 'Installation': 0}",,,False,False,Repair and Restoration
24771,02/SBD/2022-23/SCD ARA/WRD/01,RESTORATION AND LINING WORKS IN ARA MAIN CANAL IN BETWEEN ARA LOCK TO DHARHARA BRIDGE (GROUP-01),RESTORATION AND LINING WORKS IN ARA MAIN CANAL IN BETWEEN ARA LOCK TO DHARHARA BRIDGE (GROUP-01),137415404.0,INR,INR,2022-08-03 13:10:14+00:00,2022-08-03T09:25:38.522000+00:00,2023-06-17T10:01:08+00:00,MANISH KUMAR,EXECUTIVE ENGINEER,WATER RESOURCES DEPARTMENT,"SONE CANAL DIVISION, ARA",MD QAMRE ALAM,SE,WRD,2375000.0,10000.0,5900.0,True,"{'Flood': 0, 'Embankment': 0, 'embkt': 0, 'Relief': 0, 'Erosion': 0, 'SDRF': 0, 'Inundation': 0, 'Hydrology': 0, 'Silt': 0, 'Siltation': 0, 'Bund': 0, 'Trench': 0, 'Breach': 0, 'Culvert': 0, 'Sluice': 0, 'Dyke': 0, 'Storm water drain': 0, 'Emergency': 0, 'Immediate': 0, 'IM': 0, 'AE': 0, 'A E': 0, 'AAPDA MITRA': 0, 'Bridge': 2, 'River': 0, 'Drain': 0, 'Restoration': 2, 'Protection': 0, 'irr': 0, 'irrigation': 0, 'dam': 0, 'Nallah': 0, 'nala': 0, 'Retrofitting': 0, 'Pond': 0, 'Pokhari': 0, 'D/C': 0, 'Recharge shaft': 0, 'LFB': 0, 'RFB': 0}","{'Floodlight': 0, 'Flood Light': 0, 'GAS': 0, 'FIFA': 0, 'pipe': 0, 'pipes': 0, 'covid': 0, 'supply': 0, 'Beautification': 0, 'Installation': 0}",,,False,True,Immediate Measures
24773,16/BCD/SITAMARHI/2022-23 GROUP 2,Construction of Disaster relief centre (For Flood Affected Area) at Runnisaidpur Madhya Under Runnisaidpur Block at Sitamarhi for the year 2022-23,Construction of Disaster relief centre (For Flood Affected Area) at Runnisaidpur Madhya Under Runnisaidpur Block at Sitamarhi for the year 2022-23,11564841.0,INR,INR,2022-08-03 10:09:12+00:00,2022-08-03T09:46:53.431000+00:00,2023-02-07T04:50:56+00:00,"Executive Engineer, BUILDING DIVISION SITAMARHI",EE,Building  Division Sitamarhi,"EE, Building  Division Sitamarhi , BUILDING CONSTRUCTION DEPARTMENT,  Sitamarhi , Bihar","Superintending Engineer, Building Circle Muzaffarpur",SE,Building Circle Muzaffarpur,231300.0,10000.0,3540.0,True,"{'Flood': 2, 'Embankment': 0, 'embkt': 0, 'Relief': 2, 'Erosion': 0, 'SDRF': 0, 'Inundation': 0, 'Hydrology': 0, 'Silt': 0, 'Siltation': 0, 'Bund': 0, 'Trench': 0, 'Breach': 0, 'Culvert': 0, 'Sluice': 0, 'Dyke': 0, 'Storm water drain': 0, 'Emergency': 0, 'Immediate': 0, 'IM': 0, 'AE': 0, 'A E': 0, 'AAPDA MITRA': 0, 'Bridge': 0, 'River': 0, 'Drain': 0, 'Restoration': 0, 'Protection': 0, 'irr': 0, 'irrigation': 0, 'dam': 0, 'Nallah': 0, 'nala': 0, 'Retrofitting': 0, 'Pond': 0, 'Pokhari': 0, 'D/C': 0, 'Recharge shaft': 0, 'LFB': 0, 'RFB': 0}","{'Floodlight': 0, 'Flood Light': 0, 'GAS': 0, 'FIFA': 0, 'pipe': 0, 'pipes': 0, 'covid': 0, 'supply': 0, 'Beautification': 0, 'Installation': 0}",,,False,False,Immediate Measures
24772,16/BCD/SITAMARHI/2022-23 GROUP 1,Construction of Disaster relief centre (For Flood Affected Area) at Madhuban Basaha(East) Under Bajpatti Block at Sitamarhi for the year 2022-23,Construction of Disaster relief centre (For Flood Affected Area) at Madhuban Basaha(East) Under Bajpatti Block at Sitamarhi for the year 2022-23,11305141.0,INR,INR,2022-08-03 09:58:48+00:00,2022-08-03T09:45:29.033000+00:00,2023-02-07T04:52:05+00:00,"Executive Engineer, BUILDING DIVISION SITAMARHI",EE,Building  Division Sitamarhi,"EE, Building  Division Sitamarhi , BUILDING CONSTRUCTION DEPARTMENT,  Sitamarhi , Bihar","Superintending Engineer, Building Circle Muzaffarpur",SE,Building Circle Muzaffarpur,226200.0,10000.0,3540.0,True,"{'Flood': 2, 'Embankment': 0, 'embkt': 0, 'Relief': 2, 'Erosion': 0, 'SDRF': 0, 'Inundation': 0, 'Hydrology': 0, 'Silt': 0, 'Siltation': 0, 'Bund': 0, 'Trench': 0, 'Breach': 0, 'Culvert': 0, 'Sluice': 0, 'Dyke': 0, 'Storm water drain': 0, 'Emergency': 0, 'Immediate': 0, 'IM': 0, 'AE': 0, 'A E': 0, 'AAPDA MITRA': 0, 'Bridge': 0, 'River': 0, 'Drain': 0, 'Restoration': 0, 'Protection': 0, 'irr': 0, 'irrigation': 0, 'dam': 0, 'Nallah': 0, 'nala': 0, 'Retrofitting': 0, 'Pond': 0, 'Pokhari': 0, 'D/C': 0, 'Recharge shaft': 0, 'LFB': 0, 'RFB': 0}","{'Floodlight': 0, 'Flood Light': 0, 'GAS': 0, 'FIFA': 0, 'pipe': 0, 'pipes': 0, 'covid': 0, 'supply': 0, 'Beautification': 0, 'Installation': 0}",,,False,False,Immediate Measures
24780,NIT 06/2022-23 JAMUI,"RESTORATION OF PUCCA DRAIN AT Km. 3.50 (L) OF LKV RIGHT MAIN CANAL TO RAILWAY LINE  UNDER IRRIGATION DIVISION, JAMUI","RESTORATION OF PUCCA DRAIN AT Km. 3.50 (L) OF LKV RIGHT MAIN CANAL TO RAILWAY LINE  UNDER IRRIGATION DIVISION, JAMUI",2449300.0,INR,INR,2022-08-03 15:57:14+00:00,2022-08-03T15:46:45.822000+00:00,2022-08-26T13:07:02+00:00,UDAYBHAN SINGH,EXECUTIVE ENGINEER,"IRRIGATION DIVISION, JAMUI","IRRIGATION DIVISION, JAMUI",Harish Kumar,Superintending Engineer,WATER AND LAND MANAGEMENT INSTITUTE,50000.0,5000.0,590.0,True,"{'Flood': 0, 'Embankment': 0, 'embkt': 0, 'Relief': 0, 'Erosion': 0, 'SDRF': 0, 'Inundation': 0, 'Hydrology': 0, 'Silt': 0, 'Siltation': 0, 'Bund': 0, 'Trench': 0, 'Breach': 0, 'Culvert': 0, 'Sluice': 0, 'Dyke': 0, 'Storm water drain': 0, 'Emergency': 0, 'Immediate': 0, 'IM': 0, 'AE': 0, 'A E': 0, 'AAPDA MITRA': 0, 'Bridge': 0, 'River': 0, 'Drain': 2, 'Restoration': 2, 'Protection': 0, 'irr': 0, 'irrigation': 2, 'dam': 0, 'Nallah': 0, 'nala': 0, 'Retrofitting': 0, 'Pond': 0, 'Pokhari': 0, 'D/C': 0, 'Recharge shaft': 0, 'LFB': 0, 'RFB': 0}","{'Floodlight': 0, 'Flood Light': 0, 'GAS': 0, 'FIFA': 0, 'pipe': 0, 'pipes': 0, 'covid': 0, 'supply': 0, 'Beautification': 0, 'Installation': 0}",,,False,True,Repair and Restoration
24822,03/2022-23/LAKHISARAI/GR17,Restoration and Renovation of  Bihta Agahi Pokhar MI Scheme under MI Division Lakhisarai,Restoration and Renovation of  Bihta Agahi Pokhar MI Scheme under MI Division Lakhisarai,6051537.0,INR,INR,2022-08-05 03:10:35+00:00,2022-08-05T02:59:16.152000+00:00,2023-03-18T08:43:00+00:00,JAGANNATH PASWAN,"CE, MWRD, Bhagalpur","MWRD, Bhagalpur",Bhagalpur,JAGANNATH PASWAN,S E MUNGER,M I CIRCLE MUNGER,121100.0,10000.0,590.0,True,"{'Flood': 0, 'Embankment': 0, 'embkt': 0, 'Relief': 0, 'Erosion': 0, 'SDRF': 0, 'Inundation': 0, 'Hydrology': 0, 'Silt': 0, 'Siltation': 0, 'Bund': 0, 'Trench': 0, 'Breach': 0, 'Culvert': 0, 'Sluice': 0, 'Dyke': 0, 'Storm water drain': 0, 'Emergency': 0, 'Immediate': 0, 'IM': 0, 'AE': 0, 'A E': 0, 'AAPDA MITRA': 0, 'Bridge': 0, 'River': 0, 'Drain': 0, 'Restoration': 2, 'Protection': 0, 'irr': 0, 'irrigation': 0, 'dam': 0, 'Nallah': 0, 'nala': 0, 'Retrofitting': 0, 'Pond': 0, 'Pokhari': 0, 'D/C': 0, 'Recharge shaft': 0, 'LFB': 0, 'RFB': 0}","{'Floodlight': 0, 'Flood Light': 0, 'GAS': 0, 'FIFA': 0, 'pipe': 0, 'pipes': 0, 'covid': 0, 'supply': 0, 'Beautification': 0, 'Installation': 0}",,,False,False,Immediate Measures
24823,03/2022-23/LAKHISARAI/GR18,Restoration and Renovation of  NIMIYA TALAB MI Scheme under MI Division Lakhisarai,Restoration and Renovation of  NIMIYA TALAB MI Scheme under MI Division Lakhisarai,5704738.0,INR,INR,2022-08-05 03:21:39+00:00,2022-08-05T02:59:26.452000+00:00,2023-03-18T08:47:23+00:00,JAGANNATH PASWAN,"CE, MWRD, Bhagalpur","MWRD, Bhagalpur",Bhagalpur,JAGANNATH PASWAN,S E MUNGER,M I CIRCLE MUNGER,114100.0,10000.0,590.0,True,"{'Flood': 0, 'Embankment': 0, 'embkt': 0, 'Relief': 0, 'Erosion': 0, 'SDRF': 0, 'Inundation': 0, 'Hydrology': 0, 'Silt': 0, 'Siltation': 0, 'Bund': 0, 'Trench': 0, 'Breach': 0, 'Culvert': 0, 'Sluice': 0, 'Dyke': 0, 'Storm water drain': 0, 'Emergency': 0, 'Immediate': 0, 'IM': 0, 'AE': 0, 'A E': 0, 'AAPDA MITRA': 0, 'Bridge': 0, 'River': 0, 'Drain': 0, 'Restoration': 2, 'Protection': 0, 'irr': 0, 'irrigation': 0, 'dam': 0, 'Nallah': 0, 'nala': 0, 'Retrofitting': 0, 'Pond': 0, 'Pokhari': 0, 'D/C': 0, 'Recharge shaft': 0, 'LFB': 0, 'RFB': 0}","{'Floodlight': 0, 'Flood Light': 0, 'GAS': 0, 'FIFA': 0, 'pipe': 0, 'pipes': 0, 'covid': 0, 'supply': 0, 'Beautification': 0, 'Installation': 0}",,,False,False,Immediate Measures
24828,01/2022-23/ NPD/GR01,"Construction of new pucca drain with cover & pcc road from behind of old gayan ganga school to BTM field in Ward no-01 Under Daudnagar Nagar Parisad,Aurangabad","Construction of new pucca drain with cover & pcc road from behind of old gayan ganga school to BTM field in Ward no-01 Under Daudnagar Nagar Parisad,Aurangabad",859850.0,INR,INR,2022-08-05 07:55:57+00:00,2022-08-05T07:38:16.644000+00:00,2023-02-07T12:55:31+00:00,"EXECUTIVE OFFICER, DAUDNAGAR (EO)",EXECUTIVE OFFICER,NAGAR PARISHAD DAUDNAGAR,AT KASERA TOLI WARD NO 14 DAUDNAGAR,"EXECUTIVE OFFICER, DAUDNAGAR",EO,NAGAR PARISHAD DAUDNAGAR,17200.0,1250.0,590.0,True,"{'Flood': 0, 'Embankment': 0, 'embkt': 0, 'Relief': 0, 'Erosion': 0, 'SDRF': 0, 'Inundation': 0, 'Hydrology': 0, 'Silt': 0, 'Siltation': 0, 'Bund': 0, 'Trench': 0, 'Breach': 0, 'Culvert': 0, 'Sluice': 0, 'Dyke': 0, 'Storm water drain': 0, 'Emergency': 0, 'Immediate': 0, 'IM': 0, 'AE': 0, 'A E': 0, 'AAPDA MITRA': 0, 'Bridge': 0, 'River': 0, 'Drain': 2, 'Restoration': 0, 'Protection': 0, 'irr': 0, 'irrigation': 0, 'dam': 0, 'Nallah': 0, 'nala': 0, 'Retrofitting': 0, 'Pond': 0, 'Pokhari': 0, 'D/C': 0, 'Recharge shaft': 0, 'LFB': 0, 'RFB': 0}","{'Floodlight': 0, 'Flood Light': 0, 'GAS': 0, 'FIFA': 0, 'pipe': 0, 'pipes': 0, 'covid': 0, 'supply': 0, 'Beautification': 0, 'Installation': 0}",,,False,True,Immediate Measures
24829,NIT-NNP-04/2022-2023-GR04,"Cons. of R.C.C. drain at W.No.-39 From Sonaili Chowk to Hansda Bridge under M.Fund for Year 2022-23 of Nagar Nigam, Purnea.","Cons. of R.C.C. drain at W.No.-39 From Sonaili Chowk to Hansda Bridge under M.Fund for Year 2022-23 of Nagar Nigam, Purnea.",18937353.0,INR,INR,2022-08-05 11:11:18+00:00,2022-08-05T07:42:29.707000+00:00,2023-03-02T07:01:18+00:00,"MUNICIPAL COMMISSIONER, PURNEA",MCO,"MUNICIPAL CORPORATION, PURNEA","KALA BHAWAN ROAD, PURNEA","MUNICIPAL COMMISSIONER, PURNEA",MCO,"MUNICIPAL CORPORATION, PURNEA",378800.0,10000.0,3540.0,True,"{'Flood': 0, 'Embankment': 0, 'embkt': 0, 'Relief': 0, 'Erosion': 0, 'SDRF': 0, 'Inundation': 0, 'Hydrology': 0, 'Silt': 0, 'Siltation': 0, 'Bund': 0, 'Trench': 0, 'Breach': 0, 'Culvert': 0, 'Sluice': 0, 'Dyke': 0, 'Storm water drain': 0, 'Emergency': 0, 'Immediate': 0, 'IM': 0, 'AE': 0, 'A E': 0, 'AAPDA MITRA': 0, 'Bridge': 2, 'River': 0, 'Drain': 2, 'Restoration': 0, 'Protection': 0, 'irr': 0, 'irrigation': 0, 'dam': 0, 'Nallah': 0, 'nala': 0, 'Retrofitting': 0, 'Pond': 0, 'Pokhari': 0, 'D/C': 0, 'Recharge shaft': 0, 'LFB': 0, 'RFB': 0}","{'Floodlight': 0, 'Flood Light': 0, 'GAS': 0, 'FIFA': 0, 'pipe': 0, 'pipes': 0, 'covid': 0, 'supply': 0, 'Beautification': 0, 'Installation': 0}",,,False,True,Immediate Measures
24830,NIT-NNP-04/2022-2023-GR05,"Cons. of RCC Drain From NH-31 to main Road Mahboob Khan Tola to Lalganj Nala via. Gurudwara Road  in Ward No.-13 under M.Fund for Year 2022-23 of Nagar Nigam, Purnea.","Cons. of RCC Drain From NH-31 to main Road Mahboob Khan Tola to Lalganj Nala via. Gurudwara Road  in Ward No.-13 under M.Fund for Year 2022-23 of Nagar Nigam, Purnea.",7873771.0,INR,INR,2022-08-05 11:13:32+00:00,2022-08-05T07:49:24.163000+00:00,2023-03-02T07:20:49+00:00,"MUNICIPAL COMMISSIONER, PURNEA",MCO,"MUNICIPAL CORPORATION, PURNEA","KALA BHAWAN ROAD, PURNEA","MUNICIPAL COMMISSIONER, PURNEA",MCO,"MUNICIPAL CORPORATION, PURNEA",157500.0,10000.0,3540.0,True,"{'Flood': 0, 'Embankment': 0, 'embkt': 0, 'Relief': 0, 'Erosion': 0, 'SDRF': 0, 'Inundation': 0, 'Hydrology': 0, 'Silt': 0, 'Siltation': 0, 'Bund': 0, 'Trench': 0, 'Breach': 0, 'Culvert': 0, 'Sluice': 0, 'Dyke': 0, 'Storm water drain': 0, 'Emergency': 0, 'Immediate': 0, 'IM': 0, 'AE': 0, 'A E': 0, 'AAPDA MITRA': 0, 'Bridge': 0, 'River': 0, 'Drain': 2, 'Restoration': 0, 'Protection': 0, 'irr': 0, 'irrigation': 0, 'dam': 0, 'Nallah': 0, 'nala': 2, 'Retrofitting': 0, 'Pond': 0, 'Pokhari': 0, 'D/C': 0, 'Recharge shaft': 0, 'LFB': 0, 'RFB': 0}","{'Floodlight': 0, 'Flood Light': 0, 'GAS': 0, 'FIFA': 0, 'pipe': 0, 'pipes': 0, 'covid': 0, 'supply': 0, 'Beautification': 0, 'Installation': 0}",,,False,True,Immediate Measures
24834,01/2022-23/ NPD/GR04,"Construction of new pucca drain with cover & Pcc road from h/o New gali Lalan Chaudhary to h/o md Hafiz and behind of muzaffar ansari house all street and pramod prasad all street and suchit narayan gali in Ward no-03Under Daudnagar Nagar Parisad,Aurangabad","Construction of new pucca drain with cover & Pcc road from h/o New gali Lalan Chaudhary to h/o md Hafiz and behind of muzaffar ansari house all street and pramod prasad all street and suchit narayan gali in Ward no-03Under Daudnagar Nagar Parisad,Aurangabad",932658.0,INR,INR,2022-08-05 08:12:40+00:00,2022-08-05T08:08:18.490000+00:00,2023-03-20T09:00:13+00:00,"EXECUTIVE OFFICER, DAUDNAGAR (EO)",EXECUTIVE OFFICER,NAGAR PARISHAD DAUDNAGAR,AT KASERA TOLI WARD NO 14 DAUDNAGAR,"EXECUTIVE OFFICER, DAUDNAGAR",EO,NAGAR PARISHAD DAUDNAGAR,18700.0,1250.0,590.0,True,"{'Flood': 0, 'Embankment': 0, 'embkt': 0, 'Relief': 0, 'Erosion': 0, 'SDRF': 0, 'Inundation': 0, 'Hydrology': 0, 'Silt': 0, 'Siltation': 0, 'Bund': 0, 'Trench': 0, 'Breach': 0, 'Culvert': 0, 'Sluice': 0, 'Dyke': 0, 'Storm water drain': 0, 'Emergency': 0, 'Immediate': 0, 'IM': 0, 'AE': 0, 'A E': 0, 'AAPDA MITRA': 0, 'Bridge': 0, 'River': 0, 'Drain': 2, 'Restoration': 0, 'Protection': 0, 'irr': 0, 'irrigation': 0, 'dam': 0, 'Nallah': 0, 'nala': 0, 'Retrofitting': 0, 'Pond': 0, 'Pokhari': 0, 'D/C': 0, 'Recharge shaft': 0, 'LFB': 0, 'RFB': 0}","{'Floodlight': 0, 'Flood Light': 0, 'GAS': 0, 'FIFA': 0, 'pipe': 0, 'pipes': 0, 'covid': 0, 'supply': 0, 'Beautification': 0, 'Installation': 0}",,,False,True,Immediate Measures
24838,01/2022-23/ NPD/GR06,"Construction of new pucca drain with cover from h/o kameshawar bhagat to mahavir bhagat garden to sone road in Ward no-05 Under Daudnagar Nagar Parisad,Aurangabad","Construction of new pucca drain with cover from h/o kameshawar bhagat to mahavir bhagat garden to sone road in Ward no-05 Under Daudnagar Nagar Parisad,Aurangabad",1087231.0,INR,INR,2022-08-05 08:23:39+00:00,2022-08-05T08:18:21.565000+00:00,2023-02-08T06:03:32+00:00,"EXECUTIVE OFFICER, DAUDNAGAR (EO)",EXECUTIVE OFFICER,NAGAR PARISHAD DAUDNAGAR,AT KASERA TOLI WARD NO 14 DAUDNAGAR,"EXECUTIVE OFFICER, DAUDNAGAR",EO,NAGAR PARISHAD DAUDNAGAR,21800.0,1250.0,590.0,True,"{'Flood': 0, 'Embankment': 0, 'embkt': 0, 'Relief': 0, 'Erosion': 0, 'SDRF': 0, 'Inundation': 0, 'Hydrology': 0, 'Silt': 0, 'Siltation': 0, 'Bund': 0, 'Trench': 0, 'Breach': 0, 'Culvert': 0, 'Sluice': 0, 'Dyke': 0, 'Storm water drain': 0, 'Emergency': 0, 'Immediate': 0, 'IM': 0, 'AE': 0, 'A E': 0, 'AAPDA MITRA': 0, 'Bridge': 0, 'River': 0, 'Drain': 2, 'Restoration': 0, 'Protection': 0, 'irr': 0, 'irrigation': 0, 'dam': 0, 'Nallah': 0, 'nala': 0, 'Retrofitting': 0, 'Pond': 0, 'Pokhari': 0, 'D/C': 0, 'Recharge shaft': 0, 'LFB': 0, 'RFB': 0}","{'Floodlight': 0, 'Flood Light': 0, 'GAS': 0, 'FIFA': 0, 'pipe': 0, 'pipes': 0, 'covid': 0, 'supply': 0, 'Beautification': 0, 'Installation': 0}",,,False,True,Immediate Measures
24841,NIT-NNP-04/2022-2023-GR09,Cons. of R.C.C. Drain at W.No.-18 from Janta Chowk to Ranghbhumi Chowk main Culvert via. College Chowk for Year 2020-2021 Nagar Nigam Purnea.,Cons. of R.C.C. Drain at W.No.-18 from Janta Chowk to Ranghbhumi Chowk main Culvert via. College Chowk for Year 2020-2021 Nagar Nigam Purnea.,18662036.0,INR,INR,2022-08-05 11:28:20+00:00,2022-08-05T08:26:50.328000+00:00,2023-03-02T08:17:04+00:00,"MUNICIPAL COMMISSIONER, PURNEA",MCO,"MUNICIPAL CORPORATION, PURNEA","KALA BHAWAN ROAD, PURNEA","MUNICIPAL COMMISSIONER, PURNEA",MCO,"MUNICIPAL CORPORATION, PURNEA",373300.0,10000.0,3540.0,True,"{'Flood': 0, 'Embankment': 0, 'embkt': 0, 'Relief': 0, 'Erosion': 0, 'SDRF': 0, 'Inundation': 0, 'Hydrology': 0, 'Silt': 0, 'Siltation': 0, 'Bund': 0, 'Trench': 0, 'Breach': 0, 'Culvert': 2, 'Sluice': 0, 'Dyke': 0, 'Storm water drain': 0, 'Emergency': 0, 'Immediate': 0, 'IM': 0, 'AE': 0, 'A E': 0, 'AAPDA MITRA': 0, 'Bridge': 0, 'River': 0, 'Drain': 2, 'Restoration': 0, 'Protection': 0, 'irr': 0, 'irrigation': 0, 'dam': 0, 'Nallah': 0, 'nala': 0, 'Retrofitting': 0, 'Pond': 0, 'Pokhari': 0, 'D/C': 0, 'Recharge shaft': 0, 'LFB': 0, 'RFB': 0}","{'Floodlight': 0, 'Flood Light': 0, 'GAS': 0, 'FIFA': 0, 'pipe': 0, 'pipes': 0, 'covid': 0, 'supply': 0, 'Beautification': 0, 'Installation': 0}",,,False,True,Immediate Measures
24800,NIT NO- 03/2022-23/GR NO 19/MUNGER,Renovation and Restoration of Samundra Ahar pyne Scheme  (GROUP NO-19),Renovation and Restoration of Samundra Ahar pyne Scheme  (GROUP NO-19),6090098.0,INR,INR,2022-08-05 03:59:24+00:00,2022-08-04T11:27:15.809000+00:00,2023-03-18T08:45:20+00:00,PRAWESH KUMAR,EXECUTIVE ENGINEER,M I DIVISION MUNGER,FORT AREA MUNGER,JAGANNATH PASWAN,S E MUNGER,M I CIRCLE MUNGER,121900.0,10000.0,590.0,True,"{'Flood': 0, 'Embankment': 0, 'embkt': 0, 'Relief': 0, 'Erosion': 0, 'SDRF': 0, 'Inundation': 0, 'Hydrology': 0, 'Silt': 0, 'Siltation': 0, 'Bund': 0, 'Trench': 0, 'Breach': 0, 'Culvert': 0, 'Sluice': 0, 'Dyke': 0, 'Storm water drain': 0, 'Emergency': 0, 'Immediate': 0, 'IM': 0, 'AE': 0, 'A E': 0, 'AAPDA MITRA': 0, 'Bridge': 0, 'River': 0, 'Drain': 0, 'Restoration': 2, 'Protection': 0, 'irr': 0, 'irrigation': 0, 'dam': 0, 'Nallah': 0, 'nala': 0, 'Retrofitting': 0, 'Pond': 0, 'Pokhari': 0, 'D/C': 0, 'Recharge shaft': 0, 'LFB': 0, 'RFB': 0}","{'Floodlight': 0, 'Flood Light': 0, 'GAS': 0, 'FIFA': 0, 'pipe': 0, 'pipes': 0, 'covid': 0, 'supply': 0, 'Beautification': 0, 'Installation': 0}",,,False,False,Immediate Measures
24835,NIT-NNP-04/2022-2023-GR07,"Cons. of RCC drain from (a) Station road to Hawai Adda road via. Bambahadur Yadav house (b) h/f Late. Kripa Nath Mishra to h/f Late. Shambhu Pd. Yadav (c) h/f Honble M.P. Sri Pappu Yadav house to h/f Late. shambhu Pd. Yadav under M.Fund for Year 2022-23 of Nagar Nigam, Purnea.","Cons. of RCC drain from (a) Station road to Hawai Adda road via. Bambahadur Yadav house (b) h/f Late. Kripa Nath Mishra to h/f Late. Shambhu Pd. Yadav (c) h/f Honble M.P. Sri Pappu Yadav house to h/f Late. shambhu Pd. Yadav under M.Fund for Year 2022-23 of Nagar Nigam, Purnea.",6806102.0,INR,INR,2022-08-05 11:24:17+00:00,2022-08-05T08:13:19.265000+00:00,2023-03-02T07:48:30+00:00,"MUNICIPAL COMMISSIONER, PURNEA",MCO,"MUNICIPAL CORPORATION, PURNEA","KALA BHAWAN ROAD, PURNEA","MUNICIPAL COMMISSIONER, PURNEA",MCO,"MUNICIPAL CORPORATION, PURNEA",136200.0,10000.0,590.0,True,"{'Flood': 0, 'Embankment': 0, 'embkt': 0, 'Relief': 0, 'Erosion': 0, 'SDRF': 0, 'Inundation': 0, 'Hydrology': 0, 'Silt': 0, 'Siltation': 0, 'Bund': 0, 'Trench': 0, 'Breach': 0, 'Culvert': 0, 'Sluice': 0, 'Dyke': 0, 'Storm water drain': 0, 'Emergency': 0, 'Immediate': 0, 'IM': 0, 'AE': 0, 'A E': 0, 'AAPDA MITRA': 0, 'Bridge': 0, 'River': 0, 'Drain': 2, 'Restoration': 0, 'Protection': 0, 'irr': 0, 'irrigation': 0, 'dam': 0, 'Nallah': 0, 'nala': 0, 'Retrofitting': 0, 'Pond': 0, 'Pokhari': 0, 'D/C': 0, 'Recharge shaft': 0, 'LFB': 0, 'RFB': 0}","{'Floodlight': 0, 'Flood Light': 0, 'GAS': 0, 'FIFA': 0, 'pipe': 0, 'pipes': 0, 'covid': 0, 'supply': 0, 'Beautification': 0, 'Installation': 0}",,,False,True,Immediate Measures
24848,01/2022-23/ NPD/GR12,"Detailed estimate for construction of p.c.c. road and drain with cover from Ramji choudhary,saryu choudhary to Ramesh choudhary house in ward no. -10 under nagar parishad Daudnagar","Detailed estimate for construction of p.c.c. road and drain with cover from Ramji choudhary,saryu choudhary to Ramesh choudhary house in ward no. -10 under nagar parishad Daudnagar",818066.0,INR,INR,2022-08-05 09:04:49+00:00,2022-08-05T08:58:13.250000+00:00,2023-02-23T10:19:34+00:00,"EXECUTIVE OFFICER, DAUDNAGAR (EO)",EXECUTIVE OFFICER,NAGAR PARISHAD DAUDNAGAR,AT KASERA TOLI WARD NO 14 DAUDNAGAR,"EXECUTIVE OFFICER, DAUDNAGAR",EO,NAGAR PARISHAD DAUDNAGAR,16500.0,1250.0,590.0,True,"{'Flood': 0, 'Embankment': 0, 'embkt': 0, 'Relief': 0, 'Erosion': 0, 'SDRF': 0, 'Inundation': 0, 'Hydrology': 0, 'Silt': 0, 'Siltation': 0, 'Bund': 0, 'Trench': 0, 'Breach': 0, 'Culvert': 0, 'Sluice': 0, 'Dyke': 0, 'Storm water drain': 0, 'Emergency': 0, 'Immediate': 0, 'IM': 0, 'AE': 0, 'A E': 0, 'AAPDA MITRA': 0, 'Bridge': 0, 'River': 0, 'Drain': 2, 'Restoration': 0, 'Protection': 0, 'irr': 0, 'irrigation': 0, 'dam': 0, 'Nallah': 0, 'nala': 0, 'Retrofitting': 0, 'Pond': 0, 'Pokhari': 0, 'D/C': 0, 'Recharge shaft': 0, 'LFB': 0, 'RFB': 0}","{'Floodlight': 0, 'Flood Light': 0, 'GAS': 0, 'FIFA': 0, 'pipe': 0, 'pipes': 0, 'covid': 0, 'supply': 0, 'Beautification': 0, 'Installation': 0}",,,False,True,Immediate Measures
24845,NIT-NNP-04/2022-2023-GR11,"Cons. of P.C.C. & R.C.C. Drain & Road at W.No.-30 From h/f Tinku to master Sahid house, Rambag Hasneen Alam house to Kahkasha Rauhai house, Ranveer house to sanjay Bind house for Year 2020-2021 Nagar Nigam Purnea.","Cons. of P.C.C. & R.C.C. Drain & Road at W.No.-30 From h/f Tinku to master Sahid house, Rambag Hasneen Alam house to Kahkasha Rauhai house, Ranveer house to sanjay Bind house for Year 2020-2021 Nagar Nigam Purnea.",6168960.0,INR,INR,2022-08-05 11:34:41+00:00,2022-08-05T08:42:25.484000+00:00,2023-03-02T08:39:14+00:00,"MUNICIPAL COMMISSIONER, PURNEA",MCO,"MUNICIPAL CORPORATION, PURNEA","KALA BHAWAN ROAD, PURNEA","MUNICIPAL COMMISSIONER, PURNEA",MCO,"MUNICIPAL CORPORATION, PURNEA",123400.0,10000.0,590.0,True,"{'Flood': 0, 'Embankment': 0, 'embkt': 0, 'Relief': 0, 'Erosion': 0, 'SDRF': 0, 'Inundation': 0, 'Hydrology': 0, 'Silt': 0, 'Siltation': 0, 'Bund': 0, 'Trench': 0, 'Breach': 0, 'Culvert': 0, 'Sluice': 0, 'Dyke': 0, 'Storm water drain': 0, 'Emergency': 0, 'Immediate': 0, 'IM': 0, 'AE': 0, 'A E': 0, 'AAPDA MITRA': 0, 'Bridge': 0, 'River': 0, 'Drain': 2, 'Restoration': 0, 'Protection': 0, 'irr': 0, 'irrigation': 0, 'dam': 0, 'Nallah': 0, 'nala': 0, 'Retrofitting': 0, 'Pond': 0, 'Pokhari': 0, 'D/C': 0, 'Recharge shaft': 0, 'LFB': 0, 'RFB': 0}","{'Floodlight': 0, 'Flood Light': 0, 'GAS': 0, 'FIFA': 0, 'pipe': 0, 'pipes': 0, 'covid': 0, 'supply': 0, 'Beautification': 0, 'Installation': 0}",,,False,True,Immediate Measures
24842,01/2022-23/ NPD/GR08,"Construction of PCC Road and Drain from house of Sultan miyan to Mushaphir yadav house to Panu singh house Ward no-07 Under Daudnagar Nagar Parisad,Aurangabad","Construction of PCC Road and Drain from house of Sultan miyan to Mushaphir yadav house to Panu singh house Ward no-07 Under Daudnagar Nagar Parisad,Aurangabad",582781.0,INR,INR,2022-08-05 08:37:00+00:00,2022-08-05T08:30:21.980000+00:00,2023-02-08T06:22:16+00:00,"EXECUTIVE OFFICER, DAUDNAGAR (EO)",EXECUTIVE OFFICER,NAGAR PARISHAD DAUDNAGAR,AT KASERA TOLI WARD NO 14 DAUDNAGAR,"EXECUTIVE OFFICER, DAUDNAGAR",EO,NAGAR PARISHAD DAUDNAGAR,11700.0,750.0,590.0,True,"{'Flood': 0, 'Embankment': 0, 'embkt': 0, 'Relief': 0, 'Erosion': 0, 'SDRF': 0, 'Inundation': 0, 'Hydrology': 0, 'Silt': 0, 'Siltation': 0, 'Bund': 0, 'Trench': 0, 'Breach': 0, 'Culvert': 0, 'Sluice': 0, 'Dyke': 0, 'Storm water drain': 0, 'Emergency': 0, 'Immediate': 0, 'IM': 0, 'AE': 0, 'A E': 0, 'AAPDA MITRA': 0, 'Bridge': 0, 'River': 0, 'Drain': 2, 'Restoration': 0, 'Protection': 0, 'irr': 0, 'irrigation': 0, 'dam': 0, 'Nallah': 0, 'nala': 0, 'Retrofitting': 0, 'Pond': 0, 'Pokhari': 0, 'D/C': 0, 'Recharge shaft': 0, 'LFB': 0, 'RFB': 0}","{'Floodlight': 0, 'Flood Light': 0, 'GAS': 0, 'FIFA': 0, 'pipe': 0, 'pipes': 0, 'covid': 0, 'supply': 0, 'Beautification': 0, 'Installation': 0}",,,False,True,Immediate Measures
24849,01/2022-23/ NPD/GR13,Detailed estimate for construction of p.c.c. road and drain with cover from late Mahavir prasad behind Shesh babu house and vijay bariyar to Ram ji swarnkar house in ward no.-11 under nagar parishad Daudnagar,Detailed estimate for construction of p.c.c. road and drain with cover from late Mahavir prasad behind Shesh babu house and vijay bariyar to Ram ji swarnkar house in ward no.-11 under nagar parishad Daudnagar,809751.0,INR,INR,2022-08-05 09:09:51+00:00,2022-08-05T09:05:22.989000+00:00,2023-08-02T12:30:45+00:00,"EXECUTIVE OFFICER, DAUDNAGAR (EO)",EXECUTIVE OFFICER,NAGAR PARISHAD DAUDNAGAR,AT KASERA TOLI WARD NO 14 DAUDNAGAR,"EXECUTIVE OFFICER, DAUDNAGAR",EO,NAGAR PARISHAD DAUDNAGAR,16200.0,1250.0,590.0,True,"{'Flood': 0, 'Embankment': 0, 'embkt': 0, 'Relief': 0, 'Erosion': 0, 'SDRF': 0, 'Inundation': 0, 'Hydrology': 0, 'Silt': 0, 'Siltation': 0, 'Bund': 0, 'Trench': 0, 'Breach': 0, 'Culvert': 0, 'Sluice': 0, 'Dyke': 0, 'Storm water drain': 0, 'Emergency': 0, 'Immediate': 0, 'IM': 0, 'AE': 0, 'A E': 0, 'AAPDA MITRA': 0, 'Bridge': 0, 'River': 0, 'Drain': 2, 'Restoration': 0, 'Protection': 0, 'irr': 0, 'irrigation': 0, 'dam': 0, 'Nallah': 0, 'nala': 0, 'Retrofitting': 0, 'Pond': 0, 'Pokhari': 0, 'D/C': 0, 'Recharge shaft': 0, 'LFB': 0, 'RFB': 0}","{'Floodlight': 0, 'Flood Light': 0, 'GAS': 0, 'FIFA': 0, 'pipe': 0, 'pipes': 0, 'covid': 0, 'supply': 0, 'Beautification': 0, 'Installation': 0}",,,False,True,Immediate Measures
24831,01/2022-23/ NPD/GR02,"Construction of new pucca drain with cover & PCC road from house of kudhus khan  to kasim khan to h/o tamana mistry (near killa gate )in Ward no-02 Under Daudnagar Nagar Parisad,Aurangabad","Construction of new pucca drain with cover & PCC road from house of kudhus khan  to kasim khan to h/o tamana mistry (near killa gate )in Ward no-02 Under Daudnagar Nagar Parisad,Aurangabad",1028427.0,INR,INR,2022-08-05 08:02:41+00:00,2022-08-05T07:56:27.027000+00:00,2023-02-07T13:13:39+00:00,"EXECUTIVE OFFICER, DAUDNAGAR (EO)",EXECUTIVE OFFICER,NAGAR PARISHAD DAUDNAGAR,AT KASERA TOLI WARD NO 14 DAUDNAGAR,"EXECUTIVE OFFICER, DAUDNAGAR",EO,NAGAR PARISHAD DAUDNAGAR,20600.0,1250.0,590.0,True,"{'Flood': 0, 'Embankment': 0, 'embkt': 0, 'Relief': 0, 'Erosion': 0, 'SDRF': 0, 'Inundation': 0, 'Hydrology': 0, 'Silt': 0, 'Siltation': 0, 'Bund': 0, 'Trench': 0, 'Breach': 0, 'Culvert': 0, 'Sluice': 0, 'Dyke': 0, 'Storm water drain': 0, 'Emergency': 0, 'Immediate': 0, 'IM': 0, 'AE': 0, 'A E': 0, 'AAPDA MITRA': 0, 'Bridge': 0, 'River': 0, 'Drain': 2, 'Restoration': 0, 'Protection': 0, 'irr': 0, 'irrigation': 0, 'dam': 0, 'Nallah': 0, 'nala': 0, 'Retrofitting': 0, 'Pond': 0, 'Pokhari': 0, 'D/C': 0, 'Recharge shaft': 0, 'LFB': 0, 'RFB': 0}","{'Floodlight': 0, 'Flood Light': 0, 'GAS': 0, 'FIFA': 0, 'pipe': 0, 'pipes': 0, 'covid': 0, 'supply': 0, 'Beautification': 0, 'Installation': 0}",,,False,True,Immediate Measures
24840,01/2022-23/ NPD/GR07,"Detailed estimate for construction of p.c.c. road and drain with cover from Dukhan ram,Fakirchand ram to Barun road in ward no.-06 Under Daudnagar Nagar Parisad,Aurangabad","Detailed estimate for construction of p.c.c. road and drain with cover from Dukhan ram,Fakirchand ram to Barun road in ward no.-06 Under Daudnagar Nagar Parisad,Aurangabad",870300.0,INR,INR,2022-08-05 08:29:51+00:00,2022-08-05T08:24:25.608000+00:00,2023-03-20T08:49:14+00:00,"EXECUTIVE OFFICER, DAUDNAGAR (EO)",EXECUTIVE OFFICER,NAGAR PARISHAD DAUDNAGAR,AT KASERA TOLI WARD NO 14 DAUDNAGAR,"EXECUTIVE OFFICER, DAUDNAGAR",EO,NAGAR PARISHAD DAUDNAGAR,17500.0,1250.0,590.0,True,"{'Flood': 0, 'Embankment': 0, 'embkt': 0, 'Relief': 0, 'Erosion': 0, 'SDRF': 0, 'Inundation': 0, 'Hydrology': 0, 'Silt': 0, 'Siltation': 0, 'Bund': 0, 'Trench': 0, 'Breach': 0, 'Culvert': 0, 'Sluice': 0, 'Dyke': 0, 'Storm water drain': 0, 'Emergency': 0, 'Immediate': 0, 'IM': 0, 'AE': 0, 'A E': 0, 'AAPDA MITRA': 0, 'Bridge': 0, 'River': 0, 'Drain': 2, 'Restoration': 0, 'Protection': 0, 'irr': 0, 'irrigation': 0, 'dam': 0, 'Nallah': 0, 'nala': 0, 'Retrofitting': 0, 'Pond': 0, 'Pokhari': 0, 'D/C': 0, 'Recharge shaft': 0, 'LFB': 0, 'RFB': 0}","{'Floodlight': 0, 'Flood Light': 0, 'GAS': 0, 'FIFA': 0, 'pipe': 0, 'pipes': 0, 'covid': 0, 'supply': 0, 'Beautification': 0, 'Installation': 0}",,,False,True,Immediate Measures
24850,01/2022-23/ NPD/GR14,"Construction of PCC Road and Drain from Khatri tola road to Baijnath prasad House through Shuk Bazar road in Ward no-12 Under Daudnagar Nagar Parisad,Aurangabad","Construction of PCC Road and Drain from Khatri tola road to Baijnath prasad House through Shuk Bazar road in Ward no-12 Under Daudnagar Nagar Parisad,Aurangabad",728522.0,INR,INR,2022-08-05 09:15:20+00:00,2022-08-05T09:10:25.731000+00:00,2023-02-08T07:10:17+00:00,"EXECUTIVE OFFICER, DAUDNAGAR (EO)",EXECUTIVE OFFICER,NAGAR PARISHAD DAUDNAGAR,AT KASERA TOLI WARD NO 14 DAUDNAGAR,"EXECUTIVE OFFICER, DAUDNAGAR",EO,NAGAR PARISHAD DAUDNAGAR,14600.0,1250.0,590.0,True,"{'Flood': 0, 'Embankment': 0, 'embkt': 0, 'Relief': 0, 'Erosion': 0, 'SDRF': 0, 'Inundation': 0, 'Hydrology': 0, 'Silt': 0, 'Siltation': 0, 'Bund': 0, 'Trench': 0, 'Breach': 0, 'Culvert': 0, 'Sluice': 0, 'Dyke': 0, 'Storm water drain': 0, 'Emergency': 0, 'Immediate': 0, 'IM': 0, 'AE': 0, 'A E': 0, 'AAPDA MITRA': 0, 'Bridge': 0, 'River': 0, 'Drain': 2, 'Restoration': 0, 'Protection': 0, 'irr': 0, 'irrigation': 0, 'dam': 0, 'Nallah': 0, 'nala': 0, 'Retrofitting': 0, 'Pond': 0, 'Pokhari': 0, 'D/C': 0, 'Recharge shaft': 0, 'LFB': 0, 'RFB': 0}","{'Floodlight': 0, 'Flood Light': 0, 'GAS': 0, 'FIFA': 0, 'pipe': 0, 'pipes': 0, 'covid': 0, 'supply': 0, 'Beautification': 0, 'Installation': 0}",,,False,True,Immediate Measures
24847,01/2022-23/ NPD/GR11,"Detailed estimate for construction of p.c.c.road and drain with cover from kyum ansari,Bhagwan singh to Suaib ansari house in ward no.-09 under nagar parishad Daudnagar","Detailed estimate for construction of p.c.c.road and drain with cover from kyum ansari,Bhagwan singh to Suaib ansari house in ward no.-09 under nagar parishad Daudnagar",824765.0,INR,INR,2022-08-05 08:53:52+00:00,2022-08-05T08:49:38.456000+00:00,2023-02-08T06:45:48+00:00,"EXECUTIVE OFFICER, DAUDNAGAR (EO)",EXECUTIVE OFFICER,NAGAR PARISHAD DAUDNAGAR,AT KASERA TOLI WARD NO 14 DAUDNAGAR,"EXECUTIVE OFFICER, DAUDNAGAR",EO,NAGAR PARISHAD DAUDNAGAR,16500.0,1250.0,590.0,True,"{'Flood': 0, 'Embankment': 0, 'embkt': 0, 'Relief': 0, 'Erosion': 0, 'SDRF': 0, 'Inundation': 0, 'Hydrology': 0, 'Silt': 0, 'Siltation': 0, 'Bund': 0, 'Trench': 0, 'Breach': 0, 'Culvert': 0, 'Sluice': 0, 'Dyke': 0, 'Storm water drain': 0, 'Emergency': 0, 'Immediate': 0, 'IM': 0, 'AE': 0, 'A E': 0, 'AAPDA MITRA': 0, 'Bridge': 0, 'River': 0, 'Drain': 2, 'Restoration': 0, 'Protection': 0, 'irr': 0, 'irrigation': 0, 'dam': 0, 'Nallah': 0, 'nala': 0, 'Retrofitting': 0, 'Pond': 0, 'Pokhari': 0, 'D/C': 0, 'Recharge shaft': 0, 'LFB': 0, 'RFB': 0}","{'Floodlight': 0, 'Flood Light': 0, 'GAS': 0, 'FIFA': 0, 'pipe': 0, 'pipes': 0, 'covid': 0, 'supply': 0, 'Beautification': 0, 'Installation': 0}",,,False,True,Immediate Measures
24852,01/2022-23/ NPD/GR16,"Detailed estimate for construction of p.c.c. road and drain with cover
from lakshmi prajapati,suresh prajapati house to gali of vishwanath prasad tanti in ward
no. 14 under nagar parishad daudnagar","Detailed estimate for construction of p.c.c. road and drain with cover
from lakshmi prajapati,suresh prajapati house to gali of vishwanath prasad tanti in ward
no. 14 under nagar parishad daudnagar",813746.0,INR,INR,2022-08-05 09:27:20+00:00,2022-08-05T09:22:40.413000+00:00,2023-03-20T08:38:15+00:00,"EXECUTIVE OFFICER, DAUDNAGAR (EO)",EXECUTIVE OFFICER,NAGAR PARISHAD DAUDNAGAR,AT KASERA TOLI WARD NO 14 DAUDNAGAR,"EXECUTIVE OFFICER, DAUDNAGAR",EO,NAGAR PARISHAD DAUDNAGAR,16300.0,1250.0,590.0,True,"{'Flood': 0, 'Embankment': 0, 'embkt': 0, 'Relief': 0, 'Erosion': 0, 'SDRF': 0, 'Inundation': 0, 'Hydrology': 0, 'Silt': 0, 'Siltation': 0, 'Bund': 0, 'Trench': 0, 'Breach': 0, 'Culvert': 0, 'Sluice': 0, 'Dyke': 0, 'Storm water drain': 0, 'Emergency': 0, 'Immediate': 0, 'IM': 0, 'AE': 0, 'A E': 0, 'AAPDA MITRA': 0, 'Bridge': 0, 'River': 0, 'Drain': 2, 'Restoration': 0, 'Protection': 0, 'irr': 0, 'irrigation': 0, 'dam': 0, 'Nallah': 0, 'nala': 0, 'Retrofitting': 0, 'Pond': 0, 'Pokhari': 0, 'D/C': 0, 'Recharge shaft': 0, 'LFB': 0, 'RFB': 0}","{'Floodlight': 0, 'Flood Light': 0, 'GAS': 0, 'FIFA': 0, 'pipe': 0, 'pipes': 0, 'covid': 0, 'supply': 0, 'Beautification': 0, 'Installation': 0}",,,False,True,Immediate Measures
24857,01/2022-23/ NPD/GR20,"Construction of PCC Road and Drain with rcc cover from house of mahadeo
prasad to mahadeo prasad house & suresh prasad house to rajendra pd. Sawarnkar house
Ward no-20 Under Daudnagar Nagar Parisad,Aurangabad","Construction of PCC Road and Drain with rcc cover from house of mahadeo
prasad to mahadeo prasad house & suresh prasad house to rajendra pd. Sawarnkar house
Ward no-20 Under Daudnagar Nagar Parisad,Aurangabad",785710.0,INR,INR,2022-08-05 09:50:18+00:00,2022-08-05T09:45:40.057000+00:00,2023-02-08T10:00:35+00:00,"EXECUTIVE OFFICER, DAUDNAGAR (EO)",EXECUTIVE OFFICER,NAGAR PARISHAD DAUDNAGAR,AT KASERA TOLI WARD NO 14 DAUDNAGAR,"EXECUTIVE OFFICER, DAUDNAGAR",EO,NAGAR PARISHAD DAUDNAGAR,15800.0,1250.0,590.0,True,"{'Flood': 0, 'Embankment': 0, 'embkt': 0, 'Relief': 0, 'Erosion': 0, 'SDRF': 0, 'Inundation': 0, 'Hydrology': 0, 'Silt': 0, 'Siltation': 0, 'Bund': 0, 'Trench': 0, 'Breach': 0, 'Culvert': 0, 'Sluice': 0, 'Dyke': 0, 'Storm water drain': 0, 'Emergency': 0, 'Immediate': 0, 'IM': 0, 'AE': 0, 'A E': 0, 'AAPDA MITRA': 0, 'Bridge': 0, 'River': 0, 'Drain': 2, 'Restoration': 0, 'Protection': 0, 'irr': 0, 'irrigation': 0, 'dam': 0, 'Nallah': 0, 'nala': 0, 'Retrofitting': 0, 'Pond': 0, 'Pokhari': 0, 'D/C': 0, 'Recharge shaft': 0, 'LFB': 0, 'RFB': 0}","{'Floodlight': 0, 'Flood Light': 0, 'GAS': 0, 'FIFA': 0, 'pipe': 0, 'pipes': 0, 'covid': 0, 'supply': 0, 'Beautification': 0, 'Installation': 0}",,,False,True,Immediate Measures
24853,01/2022-23/ NPD/GR17,"Detailed estimate for construction for p.c.c. road and drain with cover
from Sudama house to Hansraj master in amrudia bigha Barun road in ward no.-16 under nagar parishad daudnagar","Detailed estimate for construction for p.c.c. road and drain with cover
from Sudama house to Hansraj master in amrudia bigha Barun road in ward no.-16 under nagar parishad daudnagar",818623.0,INR,INR,2022-08-05 09:32:30+00:00,2022-08-05T09:27:48.284000+00:00,2023-02-08T08:46:04+00:00,"EXECUTIVE OFFICER, DAUDNAGAR (EO)",EXECUTIVE OFFICER,NAGAR PARISHAD DAUDNAGAR,AT KASERA TOLI WARD NO 14 DAUDNAGAR,"EXECUTIVE OFFICER, DAUDNAGAR",EO,NAGAR PARISHAD DAUDNAGAR,16400.0,1250.0,590.0,True,"{'Flood': 0, 'Embankment': 0, 'embkt': 0, 'Relief': 0, 'Erosion': 0, 'SDRF': 0, 'Inundation': 0, 'Hydrology': 0, 'Silt': 0, 'Siltation': 0, 'Bund': 0, 'Trench': 0, 'Breach': 0, 'Culvert': 0, 'Sluice': 0, 'Dyke': 0, 'Storm water drain': 0, 'Emergency': 0, 'Immediate': 0, 'IM': 0, 'AE': 0, 'A E': 0, 'AAPDA MITRA': 0, 'Bridge': 0, 'River': 0, 'Drain': 2, 'Restoration': 0, 'Protection': 0, 'irr': 0, 'irrigation': 0, 'dam': 0, 'Nallah': 0, 'nala': 0, 'Retrofitting': 0, 'Pond': 0, 'Pokhari': 0, 'D/C': 0, 'Recharge shaft': 0, 'LFB': 0, 'RFB': 0}","{'Floodlight': 0, 'Flood Light': 0, 'GAS': 0, 'FIFA': 0, 'pipe': 0, 'pipes': 0, 'covid': 0, 'supply': 0, 'Beautification': 0, 'Installation': 0}",,,False,True,Immediate Measures
24854,01/2022-23/ NPD/GR18,"Detailed estimate for construction of p.c.c. road and drain with cover from
loknath prasad to Mahendra rabidas house in ward no.-17 under nagar parishad daudnagar","Detailed estimate for construction of p.c.c. road and drain with cover from
loknath prasad to Mahendra rabidas house in ward no.-17 under nagar parishad daudnagar",807600.0,INR,INR,2022-08-05 09:36:40+00:00,2022-08-05T09:33:07.936000+00:00,2023-02-08T09:24:56+00:00,"EXECUTIVE OFFICER, DAUDNAGAR (EO)",EXECUTIVE OFFICER,NAGAR PARISHAD DAUDNAGAR,AT KASERA TOLI WARD NO 14 DAUDNAGAR,"EXECUTIVE OFFICER, DAUDNAGAR",EO,NAGAR PARISHAD DAUDNAGAR,16200.0,1250.0,590.0,True,"{'Flood': 0, 'Embankment': 0, 'embkt': 0, 'Relief': 0, 'Erosion': 0, 'SDRF': 0, 'Inundation': 0, 'Hydrology': 0, 'Silt': 0, 'Siltation': 0, 'Bund': 0, 'Trench': 0, 'Breach': 0, 'Culvert': 0, 'Sluice': 0, 'Dyke': 0, 'Storm water drain': 0, 'Emergency': 0, 'Immediate': 0, 'IM': 0, 'AE': 0, 'A E': 0, 'AAPDA MITRA': 0, 'Bridge': 0, 'River': 0, 'Drain': 2, 'Restoration': 0, 'Protection': 0, 'irr': 0, 'irrigation': 0, 'dam': 0, 'Nallah': 0, 'nala': 0, 'Retrofitting': 0, 'Pond': 0, 'Pokhari': 0, 'D/C': 0, 'Recharge shaft': 0, 'LFB': 0, 'RFB': 0}","{'Floodlight': 0, 'Flood Light': 0, 'GAS': 0, 'FIFA': 0, 'pipe': 0, 'pipes': 0, 'covid': 0, 'supply': 0, 'Beautification': 0, 'Installation': 0}",,,False,True,Immediate Measures
24858,01/2022-23/ NPD/GR21,"Construction of PCC Road and Drain with rcc cover from nawab saheb near
east gali and pheku sawarnkar house to yogendra singh house to gaddha Ward no-22 Under
Daudnagar Nagar Parisad,Aurangabad","Construction of PCC Road and Drain with rcc cover from nawab saheb near
east gali and pheku sawarnkar house to yogendra singh house to gaddha Ward no-22 Under
Daudnagar Nagar Parisad,Aurangabad",729454.0,INR,INR,2022-08-05 09:56:38+00:00,2022-08-05T09:51:10.564000+00:00,2023-02-23T10:10:41+00:00,"EXECUTIVE OFFICER, DAUDNAGAR (EO)",EXECUTIVE OFFICER,NAGAR PARISHAD DAUDNAGAR,AT KASERA TOLI WARD NO 14 DAUDNAGAR,"EXECUTIVE OFFICER, DAUDNAGAR",EO,NAGAR PARISHAD DAUDNAGAR,14600.0,1250.0,590.0,True,"{'Flood': 0, 'Embankment': 0, 'embkt': 0, 'Relief': 0, 'Erosion': 0, 'SDRF': 0, 'Inundation': 0, 'Hydrology': 0, 'Silt': 0, 'Siltation': 0, 'Bund': 0, 'Trench': 0, 'Breach': 0, 'Culvert': 0, 'Sluice': 0, 'Dyke': 0, 'Storm water drain': 0, 'Emergency': 0, 'Immediate': 0, 'IM': 0, 'AE': 0, 'A E': 0, 'AAPDA MITRA': 0, 'Bridge': 0, 'River': 0, 'Drain': 2, 'Restoration': 0, 'Protection': 0, 'irr': 0, 'irrigation': 0, 'dam': 0, 'Nallah': 0, 'nala': 0, 'Retrofitting': 0, 'Pond': 0, 'Pokhari': 0, 'D/C': 0, 'Recharge shaft': 0, 'LFB': 0, 'RFB': 0}","{'Floodlight': 0, 'Flood Light': 0, 'GAS': 0, 'FIFA': 0, 'pipe': 0, 'pipes': 0, 'covid': 0, 'supply': 0, 'Beautification': 0, 'Installation': 0}",,,False,True,Immediate Measures
24851,01/2022-23/ NPD/GR15,"Construction of PCC Road and Drain from house of Bihari Prasad Kasera
house to Rajendra Prasad Gupta house Ward no-12  Under Daudnagar Nagar Parisad,Aurangabad","Construction of PCC Road and Drain from house of Bihari Prasad Kasera
house to Rajendra Prasad Gupta house Ward no-12  Under Daudnagar Nagar Parisad,Aurangabad",1984621.0,INR,INR,2022-08-05 09:21:59+00:00,2022-08-05T09:16:34.978000+00:00,2023-02-08T08:32:45+00:00,"EXECUTIVE OFFICER, DAUDNAGAR (EO)",EXECUTIVE OFFICER,NAGAR PARISHAD DAUDNAGAR,AT KASERA TOLI WARD NO 14 DAUDNAGAR,"EXECUTIVE OFFICER, DAUDNAGAR",EO,NAGAR PARISHAD DAUDNAGAR,39700.0,5000.0,590.0,True,"{'Flood': 0, 'Embankment': 0, 'embkt': 0, 'Relief': 0, 'Erosion': 0, 'SDRF': 0, 'Inundation': 0, 'Hydrology': 0, 'Silt': 0, 'Siltation': 0, 'Bund': 0, 'Trench': 0, 'Breach': 0, 'Culvert': 0, 'Sluice': 0, 'Dyke': 0, 'Storm water drain': 0, 'Emergency': 0, 'Immediate': 0, 'IM': 0, 'AE': 0, 'A E': 0, 'AAPDA MITRA': 0, 'Bridge': 0, 'River': 0, 'Drain': 2, 'Restoration': 0, 'Protection': 0, 'irr': 0, 'irrigation': 0, 'dam': 0, 'Nallah': 0, 'nala': 0, 'Retrofitting': 0, 'Pond': 0, 'Pokhari': 0, 'D/C': 0, 'Recharge shaft': 0, 'LFB': 0, 'RFB': 0}","{'Floodlight': 0, 'Flood Light': 0, 'GAS': 0, 'FIFA': 0, 'pipe': 0, 'pipes': 0, 'covid': 0, 'supply': 0, 'Beautification': 0, 'Installation': 0}",,,False,True,Immediate Measures
24871,03/2022-23/NKCD AURANGABAD/WRD/01,CONSTRUCTION OF IRRIGATION FIELD CHANNEL AT EXISTING  RD 27.30(R) OF HETAMPUR DISTRIBUTARY FOR VILL- KUSA UNDER THE  SCHEME  ''HAR KHET TAK SINCHAI KA PANI'' (GROUP-01),CONSTRUCTION OF IRRIGATION FIELD CHANNEL AT EXISTING  RD 27.30(R) OF HETAMPUR DISTRIBUTARY FOR VILL- KUSA UNDER THE  SCHEME  ''HAR KHET TAK SINCHAI KA PANI'' (GROUP-01),2200851.0,INR,INR,2022-08-06 12:45:16+00:00,2022-08-06T12:22:50.034000+00:00,2022-11-04T11:56:35+00:00,ER. MD. ARIF AHMAD,EXECUTIVE ENGINEER,WATER RESOURCES DEPARTMENT,"NORTH KOEL CANAL DIVISION, AURANGABAD",SANJEEV KUMAR,SE,WATER RESOURCES DEPARTMENT,44100.0,5000.0,590.0,True,"{'Flood': 0, 'Embankment': 0, 'embkt': 0, 'Relief': 0, 'Erosion': 0, 'SDRF': 0, 'Inundation': 0, 'Hydrology': 0, 'Silt': 0, 'Siltation': 0, 'Bund': 0, 'Trench': 0, 'Breach': 0, 'Culvert': 0, 'Sluice': 0, 'Dyke': 0, 'Storm water drain': 0, 'Emergency': 0, 'Immediate': 0, 'IM': 0, 'AE': 0, 'A E': 0, 'AAPDA MITRA': 0, 'Bridge': 0, 'River': 0, 'Drain': 0, 'Restoration': 0, 'Protection': 0, 'irr': 0, 'irrigation': 2, 'dam': 0, 'Nallah': 0, 'nala': 0, 'Retrofitting': 0, 'Pond': 0, 'Pokhari': 0, 'D/C': 0, 'Recharge shaft': 0, 'LFB': 0, 'RFB': 0}","{'Floodlight': 0, 'Flood Light': 0, 'GAS': 0, 'FIFA': 0, 'pipe': 0, 'pipes': 0, 'covid': 0, 'supply': 0, 'Beautification': 0, 'Installation': 0}",,,False,False,Immediate Measures
24855,01/2022-23/ NPD/GR19,"Detailed estimate for construction of p.c.c.road and drain with cover
from house of Surendra prasad ,Anil prasad to Rajesh prasad master in ward no.-17 under nagar parishad daudnagar","Detailed estimate for construction of p.c.c.road and drain with cover
from house of Surendra prasad ,Anil prasad to Rajesh prasad master in ward no.-17 under nagar parishad daudnagar",817365.0,INR,INR,2022-08-05 09:45:13+00:00,2022-08-05T09:38:37.003000+00:00,2023-02-08T09:50:21+00:00,"EXECUTIVE OFFICER, DAUDNAGAR (EO)",EXECUTIVE OFFICER,NAGAR PARISHAD DAUDNAGAR,AT KASERA TOLI WARD NO 14 DAUDNAGAR,"EXECUTIVE OFFICER, DAUDNAGAR",EO,NAGAR PARISHAD DAUDNAGAR,16400.0,1250.0,590.0,True,"{'Flood': 0, 'Embankment': 0, 'embkt': 0, 'Relief': 0, 'Erosion': 0, 'SDRF': 0, 'Inundation': 0, 'Hydrology': 0, 'Silt': 0, 'Siltation': 0, 'Bund': 0, 'Trench': 0, 'Breach': 0, 'Culvert': 0, 'Sluice': 0, 'Dyke': 0, 'Storm water drain': 0, 'Emergency': 0, 'Immediate': 0, 'IM': 0, 'AE': 0, 'A E': 0, 'AAPDA MITRA': 0, 'Bridge': 0, 'River': 0, 'Drain': 2, 'Restoration': 0, 'Protection': 0, 'irr': 0, 'irrigation': 0, 'dam': 0, 'Nallah': 0, 'nala': 0, 'Retrofitting': 0, 'Pond': 0, 'Pokhari': 0, 'D/C': 0, 'Recharge shaft': 0, 'LFB': 0, 'RFB': 0}","{'Floodlight': 0, 'Flood Light': 0, 'GAS': 0, 'FIFA': 0, 'pipe': 0, 'pipes': 0, 'covid': 0, 'supply': 0, 'Beautification': 0, 'Installation': 0}",,,False,True,Immediate Measures
24888,NIT-01/2022-23/PHEDNAWADA/GR-01/Retender(R2),"Construction of  15 Nos. 125 X 115 mm x 70 Mtr. deep drilled tube well and 35 Nos. 125 X 115 mm x 45 Mtr. deep drilled tube well for Drinking Water in  Place of Defunct Hand Pump I.M.II & III in Water Scarce Area with platfrom, drain and soakpit of under P.H.Division Nawada for the Year 2021-22.","Construction of  15 Nos. 125 X 115 mm x 70 Mtr. deep drilled tube well and 35 Nos. 125 X 115 mm x 45 Mtr. deep drilled tube well for Drinking Water in  Place of Defunct Hand Pump I.M.II & III in Water Scarce Area with platfrom, drain and soakpit of under P.H.Division Nawada for the Year 2021-22.",3236650.0,INR,INR,2022-08-08 06:38:02+00:00,2022-08-08T06:18:47.290000+00:00,2022-08-31T09:17:55+00:00,"EXECUTIVE ENGINEER,  NAWADA",EE,P.H.DIVISION NAWADA,NEAR BIHAR BUS STAND P.H.DIVISION NAWADA,"EXECUTIVE ENGINEER, NAWADA",EE,P.H.DIVISION NAWADA,64800.0,5000.0,590.0,True,"{'Flood': 0, 'Embankment': 0, 'embkt': 0, 'Relief': 0, 'Erosion': 0, 'SDRF': 0, 'Inundation': 0, 'Hydrology': 0, 'Silt': 0, 'Siltation': 0, 'Bund': 0, 'Trench': 0, 'Breach': 0, 'Culvert': 0, 'Sluice': 0, 'Dyke': 0, 'Storm water drain': 0, 'Emergency': 0, 'Immediate': 0, 'IM': 0, 'AE': 0, 'A E': 0, 'AAPDA MITRA': 0, 'Bridge': 0, 'River': 0, 'Drain': 2, 'Restoration': 0, 'Protection': 0, 'irr': 0, 'irrigation': 0, 'dam': 0, 'Nallah': 0, 'nala': 0, 'Retrofitting': 0, 'Pond': 0, 'Pokhari': 0, 'D/C': 0, 'Recharge shaft': 0, 'LFB': 0, 'RFB': 0}","{'Floodlight': 0, 'Flood Light': 0, 'GAS': 0, 'FIFA': 0, 'pipe': 0, 'pipes': 0, 'covid': 0, 'supply': 0, 'Beautification': 0, 'Installation': 0}",,,False,True,Immediate Measures
24899,NIT NO-06/2022 SL-07,Construction of lane and drain from the house of Navin jee to the house of Indra Bhushan Prasad Army though the house of Hurhur in moh. Gagandiwan in Ward No 23.,Construction of lane and drain from the house of Navin jee to the house of Indra Bhushan Prasad Army though the house of Hurhur in moh. Gagandiwan in Ward No 23.,1824700.0,INR,INR,2022-08-08 08:31:12+00:00,2022-08-08T08:25:26.519000+00:00,2022-12-27T08:21:40+00:00,MUNICIPAL COMMISSIONER (BIHARSHARIF),MUNICIPAL COMMISSIONER,BIHARSHARIF MUNICIPAL CORPORATION,Biharsharif Nagar Nigam Garhpar Biharsharif Nalanda,MUNICIPAL COMMISSIONER (BIHARSHARIF),MUNICIPAL COMMISSIONER,BIHARSHARIF MUNICIPAL CORPORATION,36500.0,5000.0,590.0,True,"{'Flood': 0, 'Embankment': 0, 'embkt': 0, 'Relief': 0, 'Erosion': 0, 'SDRF': 0, 'Inundation': 0, 'Hydrology': 0, 'Silt': 0, 'Siltation': 0, 'Bund': 0, 'Trench': 0, 'Breach': 0, 'Culvert': 0, 'Sluice': 0, 'Dyke': 0, 'Storm water drain': 0, 'Emergency': 0, 'Immediate': 0, 'IM': 0, 'AE': 0, 'A E': 0, 'AAPDA MITRA': 0, 'Bridge': 0, 'River': 0, 'Drain': 2, 'Restoration': 0, 'Protection': 0, 'irr': 0, 'irrigation': 0, 'dam': 0, 'Nallah': 0, 'nala': 0, 'Retrofitting': 0, 'Pond': 0, 'Pokhari': 0, 'D/C': 0, 'Recharge shaft': 0, 'LFB': 0, 'RFB': 0}","{'Floodlight': 0, 'Flood Light': 0, 'GAS': 0, 'FIFA': 0, 'pipe': 0, 'pipes': 0, 'covid': 0, 'supply': 0, 'Beautification': 0, 'Installation': 0}",,,False,True,Others
24892,NIT NO-06/2022 SL-01,Ward 03 Shri Naresh Prasad se nadi tak nala avam path ka nirman.,Ward 03 Shri Naresh Prasad se nadi tak nala avam path ka nirman.,838000.0,INR,INR,2022-08-08 07:40:22+00:00,2022-08-08T07:24:02.571000+00:00,2022-08-20T09:30:02+00:00,MUNICIPAL COMMISSIONER (BIHARSHARIF),MUNICIPAL COMMISSIONER,BIHARSHARIF MUNICIPAL CORPORATION,Biharsharif Nagar Nigam Garhpar Biharsharif Nalanda,MUNICIPAL COMMISSIONER (BIHARSHARIF),MUNICIPAL COMMISSIONER,BIHARSHARIF MUNICIPAL CORPORATION,17000.0,1250.0,590.0,True,"{'Flood': 0, 'Embankment': 0, 'embkt': 0, 'Relief': 0, 'Erosion': 0, 'SDRF': 0, 'Inundation': 0, 'Hydrology': 0, 'Silt': 0, 'Siltation': 0, 'Bund': 0, 'Trench': 0, 'Breach': 0, 'Culvert': 0, 'Sluice': 0, 'Dyke': 0, 'Storm water drain': 0, 'Emergency': 0, 'Immediate': 0, 'IM': 0, 'AE': 0, 'A E': 0, 'AAPDA MITRA': 0, 'Bridge': 0, 'River': 0, 'Drain': 0, 'Restoration': 0, 'Protection': 0, 'irr': 0, 'irrigation': 0, 'dam': 0, 'Nallah': 0, 'nala': 2, 'Retrofitting': 0, 'Pond': 0, 'Pokhari': 0, 'D/C': 0, 'Recharge shaft': 0, 'LFB': 0, 'RFB': 0}","{'Floodlight': 0, 'Flood Light': 0, 'GAS': 0, 'FIFA': 0, 'pipe': 0, 'pipes': 0, 'covid': 0, 'supply': 0, 'Beautification': 0, 'Installation': 0}",,,False,False,Others
24896,NIT NO-06/2022 SL-05,Ward 16 Uchka par Chhachu road Nausad ke makan se kutubuddin ke makan hote huye Feku ghora wala ke ghar tak nala nirman.,Ward 16 Uchka par Chhachu road Nausad ke makan se kutubuddin ke makan hote huye Feku ghora wala ke ghar tak nala nirman.,1372100.0,INR,INR,2022-08-08 08:17:53+00:00,2022-08-08T08:11:55.511000+00:00,2022-12-27T08:40:22+00:00,MUNICIPAL COMMISSIONER (BIHARSHARIF),MUNICIPAL COMMISSIONER,BIHARSHARIF MUNICIPAL CORPORATION,Biharsharif Nagar Nigam Garhpar Biharsharif Nalanda,MUNICIPAL COMMISSIONER (BIHARSHARIF),MUNICIPAL COMMISSIONER,BIHARSHARIF MUNICIPAL CORPORATION,27500.0,2500.0,590.0,True,"{'Flood': 0, 'Embankment': 0, 'embkt': 0, 'Relief': 0, 'Erosion': 0, 'SDRF': 0, 'Inundation': 0, 'Hydrology': 0, 'Silt': 0, 'Siltation': 0, 'Bund': 0, 'Trench': 0, 'Breach': 0, 'Culvert': 0, 'Sluice': 0, 'Dyke': 0, 'Storm water drain': 0, 'Emergency': 0, 'Immediate': 0, 'IM': 0, 'AE': 0, 'A E': 0, 'AAPDA MITRA': 0, 'Bridge': 0, 'River': 0, 'Drain': 0, 'Restoration': 0, 'Protection': 0, 'irr': 0, 'irrigation': 0, 'dam': 0, 'Nallah': 0, 'nala': 2, 'Retrofitting': 0, 'Pond': 0, 'Pokhari': 0, 'D/C': 0, 'Recharge shaft': 0, 'LFB': 0, 'RFB': 0}","{'Floodlight': 0, 'Flood Light': 0, 'GAS': 0, 'FIFA': 0, 'pipe': 0, 'pipes': 0, 'covid': 0, 'supply': 0, 'Beautification': 0, 'Installation': 0}",,,False,True,Others
24901,NIT NO-06/2022 SL-09,Ward 29 N.H. 31 se kabristan ke pashchim taraf Ajay ke makan se pul tak nala avam purb taraf road nirman.,Ward 29 N.H. 31 se kabristan ke pashchim taraf Ajay ke makan se pul tak nala avam purb taraf road nirman.,2498523.0,INR,INR,2022-08-08 08:44:55+00:00,2022-08-08T08:38:57.659000+00:00,2022-12-27T10:32:28+00:00,MUNICIPAL COMMISSIONER (BIHARSHARIF),MUNICIPAL COMMISSIONER,BIHARSHARIF MUNICIPAL CORPORATION,Biharsharif Nagar Nigam Garhpar Biharsharif Nalanda,MUNICIPAL COMMISSIONER (BIHARSHARIF),MUNICIPAL COMMISSIONER,BIHARSHARIF MUNICIPAL CORPORATION,50000.0,5000.0,590.0,True,"{'Flood': 0, 'Embankment': 0, 'embkt': 0, 'Relief': 0, 'Erosion': 0, 'SDRF': 0, 'Inundation': 0, 'Hydrology': 0, 'Silt': 0, 'Siltation': 0, 'Bund': 0, 'Trench': 0, 'Breach': 0, 'Culvert': 0, 'Sluice': 0, 'Dyke': 0, 'Storm water drain': 0, 'Emergency': 0, 'Immediate': 0, 'IM': 0, 'AE': 0, 'A E': 0, 'AAPDA MITRA': 0, 'Bridge': 0, 'River': 0, 'Drain': 0, 'Restoration': 0, 'Protection': 0, 'irr': 0, 'irrigation': 0, 'dam': 0, 'Nallah': 0, 'nala': 2, 'Retrofitting': 0, 'Pond': 0, 'Pokhari': 0, 'D/C': 0, 'Recharge shaft': 0, 'LFB': 0, 'RFB': 0}","{'Floodlight': 0, 'Flood Light': 0, 'GAS': 0, 'FIFA': 0, 'pipe': 0, 'pipes': 0, 'covid': 0, 'supply': 0, 'Beautification': 0, 'Installation': 0}",,,False,True,Immediate Measures
24903,NIT NO-06/2022 SL-11,Ward 34 Mahalpar maszid ke samane Yenul ke ghar se master Firoz ke ghar tak avam mafeez mallick ke ghar se shahjaad ke ghar tak path ka nirman avam bache huye nala ka nirman.,Ward 34 Mahalpar maszid ke samane Yenul ke ghar se master Firoz ke ghar tak avam mafeez mallick ke ghar se shahjaad ke ghar tak path ka nirman avam bache huye nala ka nirman.,887600.0,INR,INR,2022-08-08 09:09:46+00:00,2022-08-08T09:01:34.253000+00:00,2022-12-27T10:16:19+00:00,MUNICIPAL COMMISSIONER (BIHARSHARIF),MUNICIPAL COMMISSIONER,BIHARSHARIF MUNICIPAL CORPORATION,Biharsharif Nagar Nigam Garhpar Biharsharif Nalanda,MUNICIPAL COMMISSIONER (BIHARSHARIF),MUNICIPAL COMMISSIONER,BIHARSHARIF MUNICIPAL CORPORATION,18000.0,1250.0,590.0,True,"{'Flood': 0, 'Embankment': 0, 'embkt': 0, 'Relief': 0, 'Erosion': 0, 'SDRF': 0, 'Inundation': 0, 'Hydrology': 0, 'Silt': 0, 'Siltation': 0, 'Bund': 0, 'Trench': 0, 'Breach': 0, 'Culvert': 0, 'Sluice': 0, 'Dyke': 0, 'Storm water drain': 0, 'Emergency': 0, 'Immediate': 0, 'IM': 0, 'AE': 0, 'A E': 0, 'AAPDA MITRA': 0, 'Bridge': 0, 'River': 0, 'Drain': 0, 'Restoration': 0, 'Protection': 0, 'irr': 0, 'irrigation': 0, 'dam': 0, 'Nallah': 0, 'nala': 2, 'Retrofitting': 0, 'Pond': 0, 'Pokhari': 0, 'D/C': 0, 'Recharge shaft': 0, 'LFB': 0, 'RFB': 0}","{'Floodlight': 0, 'Flood Light': 0, 'GAS': 0, 'FIFA': 0, 'pipe': 0, 'pipes': 0, 'covid': 0, 'supply': 0, 'Beautification': 0, 'Installation': 0}",,,False,False,Others
24928,01/2022-23/ NPD/GR25,"Construction of Drain with rcc cover from house of Rajdeo singh to ghura
yadav house to N H 98.Ward no-26 Under Daudnagar Nagar Parisad,Aurangabad","Construction of Drain with rcc cover from house of Rajdeo singh to ghura
yadav house to N H 98.Ward no-26 Under Daudnagar Nagar Parisad,Aurangabad",804993.0,INR,INR,2022-08-10 08:12:30+00:00,2022-08-10T08:09:12.288000+00:00,2023-03-20T08:24:16+00:00,"EXECUTIVE OFFICER, DAUDNAGAR (EO)",EXECUTIVE OFFICER,NAGAR PARISHAD DAUDNAGAR,AT KASERA TOLI WARD NO 14 DAUDNAGAR,"EXECUTIVE OFFICER, DAUDNAGAR",EO,NAGAR PARISHAD DAUDNAGAR,16100.0,1250.0,590.0,True,"{'Flood': 0, 'Embankment': 0, 'embkt': 0, 'Relief': 0, 'Erosion': 0, 'SDRF': 0, 'Inundation': 0, 'Hydrology': 0, 'Silt': 0, 'Siltation': 0, 'Bund': 0, 'Trench': 0, 'Breach': 0, 'Culvert': 0, 'Sluice': 0, 'Dyke': 0, 'Storm water drain': 0, 'Emergency': 0, 'Immediate': 0, 'IM': 0, 'AE': 0, 'A E': 0, 'AAPDA MITRA': 0, 'Bridge': 0, 'River': 0, 'Drain': 2, 'Restoration': 0, 'Protection': 0, 'irr': 0, 'irrigation': 0, 'dam': 0, 'Nallah': 0, 'nala': 0, 'Retrofitting': 0, 'Pond': 0, 'Pokhari': 0, 'D/C': 0, 'Recharge shaft': 0, 'LFB': 0, 'RFB': 0}","{'Floodlight': 0, 'Flood Light': 0, 'GAS': 0, 'FIFA': 0, 'pipe': 0, 'pipes': 0, 'covid': 0, 'supply': 0, 'Beautification': 0, 'Installation': 0}",,,False,True,Immediate Measures
24930,01/2022-23/ NPD/GR27,"Detailed estimate for construction of p.c.c. road and drain with cover from
Pashupati singh to Pradeep haluaai in ward no.-13 Under Daudnagar Nagar Parisad,Aurangabad","Detailed estimate for construction of p.c.c. road and drain with cover from
Pashupati singh to Pradeep haluaai in ward no.-13 Under Daudnagar Nagar Parisad,Aurangabad",819210.0,INR,INR,2022-08-10 08:21:09+00:00,2022-08-10T08:17:58.866000+00:00,2023-03-20T09:11:56+00:00,"EXECUTIVE OFFICER, DAUDNAGAR (EO)",EXECUTIVE OFFICER,NAGAR PARISHAD DAUDNAGAR,AT KASERA TOLI WARD NO 14 DAUDNAGAR,"EXECUTIVE OFFICER, DAUDNAGAR",EO,NAGAR PARISHAD DAUDNAGAR,16400.0,1250.0,590.0,True,"{'Flood': 0, 'Embankment': 0, 'embkt': 0, 'Relief': 0, 'Erosion': 0, 'SDRF': 0, 'Inundation': 0, 'Hydrology': 0, 'Silt': 0, 'Siltation': 0, 'Bund': 0, 'Trench': 0, 'Breach': 0, 'Culvert': 0, 'Sluice': 0, 'Dyke': 0, 'Storm water drain': 0, 'Emergency': 0, 'Immediate': 0, 'IM': 0, 'AE': 0, 'A E': 0, 'AAPDA MITRA': 0, 'Bridge': 0, 'River': 0, 'Drain': 2, 'Restoration': 0, 'Protection': 0, 'irr': 0, 'irrigation': 0, 'dam': 0, 'Nallah': 0, 'nala': 0, 'Retrofitting': 0, 'Pond': 0, 'Pokhari': 0, 'D/C': 0, 'Recharge shaft': 0, 'LFB': 0, 'RFB': 0}","{'Floodlight': 0, 'Flood Light': 0, 'GAS': 0, 'FIFA': 0, 'pipe': 0, 'pipes': 0, 'covid': 0, 'supply': 0, 'Beautification': 0, 'Installation': 0}",,,False,True,Immediate Measures
24932,01/2022-23/ NPD/GR29,"Construction of R.C.C Drain(NALA)with cover from Lakhan more to jagan
more.in Ward no- 21 Under Daudnagar Nagar Parisad,Aurangabad","Construction of R.C.C Drain(NALA)with cover from Lakhan more to jagan
more.in Ward no- 21 Under Daudnagar Nagar Parisad,Aurangabad",1246960.0,INR,INR,2022-08-10 08:33:29+00:00,2022-08-10T08:26:39.595000+00:00,2023-02-08T10:18:24+00:00,"EXECUTIVE OFFICER, DAUDNAGAR (EO)",EXECUTIVE OFFICER,NAGAR PARISHAD DAUDNAGAR,AT KASERA TOLI WARD NO 14 DAUDNAGAR,"EXECUTIVE OFFICER, DAUDNAGAR",EO,NAGAR PARISHAD DAUDNAGAR,25000.0,2500.0,590.0,True,"{'Flood': 0, 'Embankment': 0, 'embkt': 0, 'Relief': 0, 'Erosion': 0, 'SDRF': 0, 'Inundation': 0, 'Hydrology': 0, 'Silt': 0, 'Siltation': 0, 'Bund': 0, 'Trench': 0, 'Breach': 0, 'Culvert': 0, 'Sluice': 0, 'Dyke': 0, 'Storm water drain': 0, 'Emergency': 0, 'Immediate': 0, 'IM': 0, 'AE': 0, 'A E': 0, 'AAPDA MITRA': 0, 'Bridge': 0, 'River': 0, 'Drain': 2, 'Restoration': 0, 'Protection': 0, 'irr': 0, 'irrigation': 0, 'dam': 0, 'Nallah': 0, 'nala': 2, 'Retrofitting': 0, 'Pond': 0, 'Pokhari': 0, 'D/C': 0, 'Recharge shaft': 0, 'LFB': 0, 'RFB': 0}","{'Floodlight': 0, 'Flood Light': 0, 'GAS': 0, 'FIFA': 0, 'pipe': 0, 'pipes': 0, 'covid': 0, 'supply': 0, 'Beautification': 0, 'Installation': 0}",,,False,True,Immediate Measures
24933,01/2022-23/ NPD/GR30,"Construction of new pucca drain with Rcc cover from Uma Babu House to
Raghuvansh singh of Gaulakshni Road in Ward no-25 Under Daudnagar Nagar Parisad,Aurangabad","Construction of new pucca drain with Rcc cover from Uma Babu House to
Raghuvansh singh of Gaulakshni Road in Ward no-25 Under Daudnagar Nagar Parisad,Aurangabad",825152.0,INR,INR,2022-08-10 08:39:05+00:00,2022-08-10T08:34:01.082000+00:00,2023-03-03T11:19:54+00:00,"EXECUTIVE OFFICER, DAUDNAGAR (EO)",EXECUTIVE OFFICER,NAGAR PARISHAD DAUDNAGAR,AT KASERA TOLI WARD NO 14 DAUDNAGAR,"EXECUTIVE OFFICER, DAUDNAGAR",EO,NAGAR PARISHAD DAUDNAGAR,16600.0,1250.0,590.0,True,"{'Flood': 0, 'Embankment': 0, 'embkt': 0, 'Relief': 0, 'Erosion': 0, 'SDRF': 0, 'Inundation': 0, 'Hydrology': 0, 'Silt': 0, 'Siltation': 0, 'Bund': 0, 'Trench': 0, 'Breach': 0, 'Culvert': 0, 'Sluice': 0, 'Dyke': 0, 'Storm water drain': 0, 'Emergency': 0, 'Immediate': 0, 'IM': 0, 'AE': 0, 'A E': 0, 'AAPDA MITRA': 0, 'Bridge': 0, 'River': 0, 'Drain': 2, 'Restoration': 0, 'Protection': 0, 'irr': 0, 'irrigation': 0, 'dam': 0, 'Nallah': 0, 'nala': 0, 'Retrofitting': 0, 'Pond': 0, 'Pokhari': 0, 'D/C': 0, 'Recharge shaft': 0, 'LFB': 0, 'RFB': 0}","{'Floodlight': 0, 'Flood Light': 0, 'GAS': 0, 'FIFA': 0, 'pipe': 0, 'pipes': 0, 'covid': 0, 'supply': 0, 'Beautification': 0, 'Installation': 0}",,,False,True,Immediate Measures
24937,NPJ-01/2022-23,"Construction of RCC drain from Najir Miyan house to Islam house in ward no 01, N.P. Jogbani","Construction of RCC drain from Najir Miyan house to Islam house in ward no 01, N.P. Jogbani",1560910.0,INR,INR,2022-08-10 09:38:47+00:00,2022-08-10T08:46:53.371000+00:00,2022-09-04T11:11:57+00:00,EXECUTIVE OFFICER JOGBANI,EO,NAGAR PANCHAYAT JOGBANI,WARD NO. 15 NETA JEE CHOWK JOGBANI,EXECUTIVE OFFICER JOGBANI,EO,NAGAR PANCHAYAT JOGBANI,31300.0,5000.0,590.0,True,"{'Flood': 0, 'Embankment': 0, 'embkt': 0, 'Relief': 0, 'Erosion': 0, 'SDRF': 0, 'Inundation': 0, 'Hydrology': 0, 'Silt': 0, 'Siltation': 0, 'Bund': 0, 'Trench': 0, 'Breach': 0, 'Culvert': 0, 'Sluice': 0, 'Dyke': 0, 'Storm water drain': 0, 'Emergency': 0, 'Immediate': 0, 'IM': 0, 'AE': 0, 'A E': 0, 'AAPDA MITRA': 0, 'Bridge': 0, 'River': 0, 'Drain': 2, 'Restoration': 0, 'Protection': 0, 'irr': 0, 'irrigation': 0, 'dam': 0, 'Nallah': 0, 'nala': 0, 'Retrofitting': 0, 'Pond': 0, 'Pokhari': 0, 'D/C': 0, 'Recharge shaft': 0, 'LFB': 0, 'RFB': 0}","{'Floodlight': 0, 'Flood Light': 0, 'GAS': 0, 'FIFA': 0, 'pipe': 0, 'pipes': 0, 'covid': 0, 'supply': 0, 'Beautification': 0, 'Installation': 0}",,,False,True,Others
24941,NPJ-01/2022-23-03,"Construction of RCC drain from Masjid to Madrsa in Hajiganj in ward no. 03, N.P. Jogbani.","Construction of RCC drain from Masjid to Madrsa in Hajiganj in ward no. 03, N.P. Jogbani.",2471539.0,INR,INR,2022-08-10 09:57:27+00:00,2022-08-10T09:53:31.648000+00:00,2022-09-04T10:57:27+00:00,EXECUTIVE OFFICER JOGBANI,EO,NAGAR PANCHAYAT JOGBANI,WARD NO. 15 NETA JEE CHOWK JOGBANI,EXECUTIVE OFFICER JOGBANI,EO,NAGAR PANCHAYAT JOGBANI,49500.0,5000.0,590.0,True,"{'Flood': 0, 'Embankment': 0, 'embkt': 0, 'Relief': 0, 'Erosion': 0, 'SDRF': 0, 'Inundation': 0, 'Hydrology': 0, 'Silt': 0, 'Siltation': 0, 'Bund': 0, 'Trench': 0, 'Breach': 0, 'Culvert': 0, 'Sluice': 0, 'Dyke': 0, 'Storm water drain': 0, 'Emergency': 0, 'Immediate': 0, 'IM': 0, 'AE': 0, 'A E': 0, 'AAPDA MITRA': 0, 'Bridge': 0, 'River': 0, 'Drain': 2, 'Restoration': 0, 'Protection': 0, 'irr': 0, 'irrigation': 0, 'dam': 0, 'Nallah': 0, 'nala': 0, 'Retrofitting': 0, 'Pond': 0, 'Pokhari': 0, 'D/C': 0, 'Recharge shaft': 0, 'LFB': 0, 'RFB': 0}","{'Floodlight': 0, 'Flood Light': 0, 'GAS': 0, 'FIFA': 0, 'pipe': 0, 'pipes': 0, 'covid': 0, 'supply': 0, 'Beautification': 0, 'Installation': 0}",,,False,True,Others
24927,01/2022-23/ NPD/GR24,"Construction of PCC Road and Drain with rcc cover from Gowardhan pahad
to dularchand singh to dagal singh Ward no-25 Under Daudnagar Nagar
Parisad,Aurangabad","Construction of PCC Road and Drain with rcc cover from Gowardhan pahad
to dularchand singh to dagal singh Ward no-25 Under Daudnagar Nagar
Parisad,Aurangabad",813220.0,INR,INR,2022-08-10 08:08:44+00:00,2022-08-10T08:04:39.775000+00:00,2023-02-08T10:07:59+00:00,"EXECUTIVE OFFICER, DAUDNAGAR (EO)",EXECUTIVE OFFICER,NAGAR PARISHAD DAUDNAGAR,AT KASERA TOLI WARD NO 14 DAUDNAGAR,"EXECUTIVE OFFICER, DAUDNAGAR",EO,NAGAR PARISHAD DAUDNAGAR,16300.0,1250.0,590.0,True,"{'Flood': 0, 'Embankment': 0, 'embkt': 0, 'Relief': 0, 'Erosion': 0, 'SDRF': 0, 'Inundation': 0, 'Hydrology': 0, 'Silt': 0, 'Siltation': 0, 'Bund': 0, 'Trench': 0, 'Breach': 0, 'Culvert': 0, 'Sluice': 0, 'Dyke': 0, 'Storm water drain': 0, 'Emergency': 0, 'Immediate': 0, 'IM': 0, 'AE': 0, 'A E': 0, 'AAPDA MITRA': 0, 'Bridge': 0, 'River': 0, 'Drain': 2, 'Restoration': 0, 'Protection': 0, 'irr': 0, 'irrigation': 0, 'dam': 0, 'Nallah': 0, 'nala': 0, 'Retrofitting': 0, 'Pond': 0, 'Pokhari': 0, 'D/C': 0, 'Recharge shaft': 0, 'LFB': 0, 'RFB': 0}","{'Floodlight': 0, 'Flood Light': 0, 'GAS': 0, 'FIFA': 0, 'pipe': 0, 'pipes': 0, 'covid': 0, 'supply': 0, 'Beautification': 0, 'Installation': 0}",,,False,True,Immediate Measures
24942,NPJ-01/2022-23-04,"Construction of RCC drain from Shubash sah house to OM Prakash Singh house in ward no. 04, N.P. Jogbani.","Construction of RCC drain from Shubash sah house to OM Prakash Singh house in ward no. 04, N.P. Jogbani.",2211359.0,INR,INR,2022-08-10 10:09:36+00:00,2022-08-10T09:57:44.529000+00:00,2022-09-04T10:48:27+00:00,EXECUTIVE OFFICER JOGBANI,EO,NAGAR PANCHAYAT JOGBANI,WARD NO. 15 NETA JEE CHOWK JOGBANI,EXECUTIVE OFFICER JOGBANI,EO,NAGAR PANCHAYAT JOGBANI,44300.0,5000.0,590.0,True,"{'Flood': 0, 'Embankment': 0, 'embkt': 0, 'Relief': 0, 'Erosion': 0, 'SDRF': 0, 'Inundation': 0, 'Hydrology': 0, 'Silt': 0, 'Siltation': 0, 'Bund': 0, 'Trench': 0, 'Breach': 0, 'Culvert': 0, 'Sluice': 0, 'Dyke': 0, 'Storm water drain': 0, 'Emergency': 0, 'Immediate': 0, 'IM': 0, 'AE': 0, 'A E': 0, 'AAPDA MITRA': 0, 'Bridge': 0, 'River': 0, 'Drain': 2, 'Restoration': 0, 'Protection': 0, 'irr': 0, 'irrigation': 0, 'dam': 0, 'Nallah': 0, 'nala': 0, 'Retrofitting': 0, 'Pond': 0, 'Pokhari': 0, 'D/C': 0, 'Recharge shaft': 0, 'LFB': 0, 'RFB': 0}","{'Floodlight': 0, 'Flood Light': 0, 'GAS': 0, 'FIFA': 0, 'pipe': 0, 'pipes': 0, 'covid': 0, 'supply': 0, 'Beautification': 0, 'Installation': 0}",,,False,True,Others
24925,01/2022-23/ NPD/GR23,"Construction of PCC Road and Drain with rcc cover from house of Loha
prasad to dudheshwar pd. Singh house and puri mohallah road to golakshani mohallah.Ward
no-24 Under Daudnagar Nagar Parisad,Aurangabad","Construction of PCC Road and Drain with rcc cover from house of Loha
prasad to dudheshwar pd. Singh house and puri mohallah road to golakshani mohallah.Ward
no-24 Under Daudnagar Nagar Parisad,Aurangabad",844627.0,INR,INR,2022-08-10 08:04:08+00:00,2022-08-10T07:56:47.045000+00:00,2023-05-11T07:10:07+00:00,"EXECUTIVE OFFICER, DAUDNAGAR (EO)",EXECUTIVE OFFICER,NAGAR PARISHAD DAUDNAGAR,AT KASERA TOLI WARD NO 14 DAUDNAGAR,"EXECUTIVE OFFICER, DAUDNAGAR",EO,NAGAR PARISHAD DAUDNAGAR,16900.0,1250.0,590.0,True,"{'Flood': 0, 'Embankment': 0, 'embkt': 0, 'Relief': 0, 'Erosion': 0, 'SDRF': 0, 'Inundation': 0, 'Hydrology': 0, 'Silt': 0, 'Siltation': 0, 'Bund': 0, 'Trench': 0, 'Breach': 0, 'Culvert': 0, 'Sluice': 0, 'Dyke': 0, 'Storm water drain': 0, 'Emergency': 0, 'Immediate': 0, 'IM': 0, 'AE': 0, 'A E': 0, 'AAPDA MITRA': 0, 'Bridge': 0, 'River': 0, 'Drain': 2, 'Restoration': 0, 'Protection': 0, 'irr': 0, 'irrigation': 0, 'dam': 0, 'Nallah': 0, 'nala': 0, 'Retrofitting': 0, 'Pond': 0, 'Pokhari': 0, 'D/C': 0, 'Recharge shaft': 0, 'LFB': 0, 'RFB': 0}","{'Floodlight': 0, 'Flood Light': 0, 'GAS': 0, 'FIFA': 0, 'pipe': 0, 'pipes': 0, 'covid': 0, 'supply': 0, 'Beautification': 0, 'Installation': 0}",,,False,True,Immediate Measures
24938,NPJ-01/2022-23-02,"Construction of RCC drain from Meraj house to Rafique house via Tahir house in ward no. 02, N.P. Jogbani.","Construction of RCC drain from Meraj house to Rafique house via Tahir house in ward no. 02, N.P. Jogbani.",2471539.0,INR,INR,2022-08-10 09:49:17+00:00,2022-08-10T09:39:18.248000+00:00,2022-09-04T11:05:35+00:00,EXECUTIVE OFFICER JOGBANI,EO,NAGAR PANCHAYAT JOGBANI,WARD NO. 15 NETA JEE CHOWK JOGBANI,EXECUTIVE OFFICER JOGBANI,EO,NAGAR PANCHAYAT JOGBANI,49500.0,5000.0,590.0,True,"{'Flood': 0, 'Embankment': 0, 'embkt': 0, 'Relief': 0, 'Erosion': 0, 'SDRF': 0, 'Inundation': 0, 'Hydrology': 0, 'Silt': 0, 'Siltation': 0, 'Bund': 0, 'Trench': 0, 'Breach': 0, 'Culvert': 0, 'Sluice': 0, 'Dyke': 0, 'Storm water drain': 0, 'Emergency': 0, 'Immediate': 0, 'IM': 0, 'AE': 0, 'A E': 0, 'AAPDA MITRA': 0, 'Bridge': 0, 'River': 0, 'Drain': 2, 'Restoration': 0, 'Protection': 0, 'irr': 0, 'irrigation': 0, 'dam': 0, 'Nallah': 0, 'nala': 0, 'Retrofitting': 0, 'Pond': 0, 'Pokhari': 0, 'D/C': 0, 'Recharge shaft': 0, 'LFB': 0, 'RFB': 0}","{'Floodlight': 0, 'Flood Light': 0, 'GAS': 0, 'FIFA': 0, 'pipe': 0, 'pipes': 0, 'covid': 0, 'supply': 0, 'Beautification': 0, 'Installation': 0}",,,False,True,Others
24947,NPJ-01/2022-23-07,"Construction of RCC drain from Udgar Yadav house to Chengamari Dhar via Ayub house in ward no. 08, N.P. Jogbani.","Construction of RCC drain from Udgar Yadav house to Chengamari Dhar via Ayub house in ward no. 08, N.P. Jogbani.",2471539.0,INR,INR,2022-08-10 10:27:10+00:00,2022-08-10T10:22:54.089000+00:00,2022-09-04T10:21:25+00:00,EXECUTIVE OFFICER JOGBANI,EO,NAGAR PANCHAYAT JOGBANI,WARD NO. 15 NETA JEE CHOWK JOGBANI,EXECUTIVE OFFICER JOGBANI,EO,NAGAR PANCHAYAT JOGBANI,49500.0,5000.0,590.0,True,"{'Flood': 0, 'Embankment': 0, 'embkt': 0, 'Relief': 0, 'Erosion': 0, 'SDRF': 0, 'Inundation': 0, 'Hydrology': 0, 'Silt': 0, 'Siltation': 0, 'Bund': 0, 'Trench': 0, 'Breach': 0, 'Culvert': 0, 'Sluice': 0, 'Dyke': 0, 'Storm water drain': 0, 'Emergency': 0, 'Immediate': 0, 'IM': 0, 'AE': 0, 'A E': 0, 'AAPDA MITRA': 0, 'Bridge': 0, 'River': 0, 'Drain': 2, 'Restoration': 0, 'Protection': 0, 'irr': 0, 'irrigation': 0, 'dam': 0, 'Nallah': 0, 'nala': 0, 'Retrofitting': 0, 'Pond': 0, 'Pokhari': 0, 'D/C': 0, 'Recharge shaft': 0, 'LFB': 0, 'RFB': 0}","{'Floodlight': 0, 'Flood Light': 0, 'GAS': 0, 'FIFA': 0, 'pipe': 0, 'pipes': 0, 'covid': 0, 'supply': 0, 'Beautification': 0, 'Installation': 0}",,,False,True,Others
24948,NPJ-01/2022-23-08,"Constructions of RCC drain from Karballa to Border road Sochalay in ward no. 11, N.P. Jogbani.","Constructions of RCC drain from Karballa to Border road Sochalay in ward no. 11, N.P. Jogbani.",1560910.0,INR,INR,2022-08-10 10:36:30+00:00,2022-08-10T10:29:02.320000+00:00,2022-09-04T10:06:26+00:00,EXECUTIVE OFFICER JOGBANI,EO,NAGAR PANCHAYAT JOGBANI,WARD NO. 15 NETA JEE CHOWK JOGBANI,EXECUTIVE OFFICER JOGBANI,EO,NAGAR PANCHAYAT JOGBANI,31300.0,5000.0,590.0,True,"{'Flood': 0, 'Embankment': 0, 'embkt': 0, 'Relief': 0, 'Erosion': 0, 'SDRF': 0, 'Inundation': 0, 'Hydrology': 0, 'Silt': 0, 'Siltation': 0, 'Bund': 0, 'Trench': 0, 'Breach': 0, 'Culvert': 0, 'Sluice': 0, 'Dyke': 0, 'Storm water drain': 0, 'Emergency': 0, 'Immediate': 0, 'IM': 0, 'AE': 0, 'A E': 0, 'AAPDA MITRA': 0, 'Bridge': 0, 'River': 0, 'Drain': 2, 'Restoration': 0, 'Protection': 0, 'irr': 0, 'irrigation': 0, 'dam': 0, 'Nallah': 0, 'nala': 0, 'Retrofitting': 0, 'Pond': 0, 'Pokhari': 0, 'D/C': 0, 'Recharge shaft': 0, 'LFB': 0, 'RFB': 0}","{'Floodlight': 0, 'Flood Light': 0, 'GAS': 0, 'FIFA': 0, 'pipe': 0, 'pipes': 0, 'covid': 0, 'supply': 0, 'Beautification': 0, 'Installation': 0}",,,False,True,Others
24950,NPJ-01/2022-23-10,"Construction of RCC drain from Dr. Asraf house to Munawar house via Md. Jawed, Idrish house in ward no. 13, N.P. Jogbani.","Construction of RCC drain from Dr. Asraf house to Munawar house via Md. Jawed, Idrish house in ward no. 13, N.P. Jogbani.",2471539.0,INR,INR,2022-08-10 10:49:02+00:00,2022-08-10T10:44:18.578000+00:00,2022-09-04T09:55:39+00:00,EXECUTIVE OFFICER JOGBANI,EO,NAGAR PANCHAYAT JOGBANI,WARD NO. 15 NETA JEE CHOWK JOGBANI,EXECUTIVE OFFICER JOGBANI,EO,NAGAR PANCHAYAT JOGBANI,49500.0,5000.0,590.0,True,"{'Flood': 0, 'Embankment': 0, 'embkt': 0, 'Relief': 0, 'Erosion': 0, 'SDRF': 0, 'Inundation': 0, 'Hydrology': 0, 'Silt': 0, 'Siltation': 0, 'Bund': 0, 'Trench': 0, 'Breach': 0, 'Culvert': 0, 'Sluice': 0, 'Dyke': 0, 'Storm water drain': 0, 'Emergency': 0, 'Immediate': 0, 'IM': 0, 'AE': 0, 'A E': 0, 'AAPDA MITRA': 0, 'Bridge': 0, 'River': 0, 'Drain': 2, 'Restoration': 0, 'Protection': 0, 'irr': 0, 'irrigation': 0, 'dam': 0, 'Nallah': 0, 'nala': 0, 'Retrofitting': 0, 'Pond': 0, 'Pokhari': 0, 'D/C': 0, 'Recharge shaft': 0, 'LFB': 0, 'RFB': 0}","{'Floodlight': 0, 'Flood Light': 0, 'GAS': 0, 'FIFA': 0, 'pipe': 0, 'pipes': 0, 'covid': 0, 'supply': 0, 'Beautification': 0, 'Installation': 0}",,,False,True,Others
24953,NPJ-01/2022-23-13,"Construction of RCC drain from Shakila khatton house to Mojib Khan house in ward no. 16, N.P. Jogbani.","Construction of RCC drain from Shakila khatton house to Mojib Khan house in ward no. 16, N.P. Jogbani.",1300727.0,INR,INR,2022-08-10 11:04:57+00:00,2022-08-10T11:01:12.284000+00:00,2022-09-04T09:25:30+00:00,EXECUTIVE OFFICER JOGBANI,EO,NAGAR PANCHAYAT JOGBANI,WARD NO. 15 NETA JEE CHOWK JOGBANI,EXECUTIVE OFFICER JOGBANI,EO,NAGAR PANCHAYAT JOGBANI,26100.0,2500.0,590.0,True,"{'Flood': 0, 'Embankment': 0, 'embkt': 0, 'Relief': 0, 'Erosion': 0, 'SDRF': 0, 'Inundation': 0, 'Hydrology': 0, 'Silt': 0, 'Siltation': 0, 'Bund': 0, 'Trench': 0, 'Breach': 0, 'Culvert': 0, 'Sluice': 0, 'Dyke': 0, 'Storm water drain': 0, 'Emergency': 0, 'Immediate': 0, 'IM': 0, 'AE': 0, 'A E': 0, 'AAPDA MITRA': 0, 'Bridge': 0, 'River': 0, 'Drain': 2, 'Restoration': 0, 'Protection': 0, 'irr': 0, 'irrigation': 0, 'dam': 0, 'Nallah': 0, 'nala': 0, 'Retrofitting': 0, 'Pond': 0, 'Pokhari': 0, 'D/C': 0, 'Recharge shaft': 0, 'LFB': 0, 'RFB': 0}","{'Floodlight': 0, 'Flood Light': 0, 'GAS': 0, 'FIFA': 0, 'pipe': 0, 'pipes': 0, 'covid': 0, 'supply': 0, 'Beautification': 0, 'Installation': 0}",,,False,True,Others
24955,NPJ-01/2022-23-15,"Construction of RCC drain in Takiya Basti from Masjid to North side in ward no. 18, N.P. Jogbani.","Construction of RCC drain in Takiya Basti from Masjid to North side in ward no. 18, N.P. Jogbani.",1683345.0,INR,INR,2022-08-10 11:16:25+00:00,2022-08-10T11:10:31.486000+00:00,2022-09-03T12:45:11+00:00,EXECUTIVE OFFICER JOGBANI,EO,NAGAR PANCHAYAT JOGBANI,WARD NO. 15 NETA JEE CHOWK JOGBANI,EXECUTIVE OFFICER JOGBANI,EO,NAGAR PANCHAYAT JOGBANI,33700.0,5000.0,590.0,True,"{'Flood': 0, 'Embankment': 0, 'embkt': 0, 'Relief': 0, 'Erosion': 0, 'SDRF': 0, 'Inundation': 0, 'Hydrology': 0, 'Silt': 0, 'Siltation': 0, 'Bund': 0, 'Trench': 0, 'Breach': 0, 'Culvert': 0, 'Sluice': 0, 'Dyke': 0, 'Storm water drain': 0, 'Emergency': 0, 'Immediate': 0, 'IM': 0, 'AE': 0, 'A E': 0, 'AAPDA MITRA': 0, 'Bridge': 0, 'River': 0, 'Drain': 2, 'Restoration': 0, 'Protection': 0, 'irr': 0, 'irrigation': 0, 'dam': 0, 'Nallah': 0, 'nala': 0, 'Retrofitting': 0, 'Pond': 0, 'Pokhari': 0, 'D/C': 0, 'Recharge shaft': 0, 'LFB': 0, 'RFB': 0}","{'Floodlight': 0, 'Flood Light': 0, 'GAS': 0, 'FIFA': 0, 'pipe': 0, 'pipes': 0, 'covid': 0, 'supply': 0, 'Beautification': 0, 'Installation': 0}",,,False,True,Others
24954,NPJ-01/2022-23-14,"Construction of RCC drain from Saikat Tarfdar house to Shiv Prasad Paswan house in ward no. 17, N.P. Jogbani.","Construction of RCC drain from Saikat Tarfdar house to Shiv Prasad Paswan house in ward no. 17, N.P. Jogbani.",1495776.0,INR,INR,2022-08-10 11:09:17+00:00,2022-08-10T11:06:06.870000+00:00,2022-09-04T09:14:23+00:00,EXECUTIVE OFFICER JOGBANI,EO,NAGAR PANCHAYAT JOGBANI,WARD NO. 15 NETA JEE CHOWK JOGBANI,EXECUTIVE OFFICER JOGBANI,EO,NAGAR PANCHAYAT JOGBANI,30000.0,2500.0,590.0,True,"{'Flood': 0, 'Embankment': 0, 'embkt': 0, 'Relief': 0, 'Erosion': 0, 'SDRF': 0, 'Inundation': 0, 'Hydrology': 0, 'Silt': 0, 'Siltation': 0, 'Bund': 0, 'Trench': 0, 'Breach': 0, 'Culvert': 0, 'Sluice': 0, 'Dyke': 0, 'Storm water drain': 0, 'Emergency': 0, 'Immediate': 0, 'IM': 0, 'AE': 0, 'A E': 0, 'AAPDA MITRA': 0, 'Bridge': 0, 'River': 0, 'Drain': 2, 'Restoration': 0, 'Protection': 0, 'irr': 0, 'irrigation': 0, 'dam': 0, 'Nallah': 0, 'nala': 0, 'Retrofitting': 0, 'Pond': 0, 'Pokhari': 0, 'D/C': 0, 'Recharge shaft': 0, 'LFB': 0, 'RFB': 0}","{'Floodlight': 0, 'Flood Light': 0, 'GAS': 0, 'FIFA': 0, 'pipe': 0, 'pipes': 0, 'covid': 0, 'supply': 0, 'Beautification': 0, 'Installation': 0}",,,False,True,Others
24957,NPJ-01/2022-23-17,"Construction of RCC drain from Shyam Chaudhary house to Rajesh Choudhary house in ward no. 10, N.P. Jogbani.","Construction of RCC drain from Shyam Chaudhary house to Rajesh Choudhary house in ward no. 10, N.P. Jogbani.",1300727.0,INR,INR,2022-08-10 11:25:12+00:00,2022-08-10T11:21:38.545000+00:00,2022-09-03T12:16:30+00:00,EXECUTIVE OFFICER JOGBANI,EO,NAGAR PANCHAYAT JOGBANI,WARD NO. 15 NETA JEE CHOWK JOGBANI,EXECUTIVE OFFICER JOGBANI,EO,NAGAR PANCHAYAT JOGBANI,26100.0,2500.0,590.0,True,"{'Flood': 0, 'Embankment': 0, 'embkt': 0, 'Relief': 0, 'Erosion': 0, 'SDRF': 0, 'Inundation': 0, 'Hydrology': 0, 'Silt': 0, 'Siltation': 0, 'Bund': 0, 'Trench': 0, 'Breach': 0, 'Culvert': 0, 'Sluice': 0, 'Dyke': 0, 'Storm water drain': 0, 'Emergency': 0, 'Immediate': 0, 'IM': 0, 'AE': 0, 'A E': 0, 'AAPDA MITRA': 0, 'Bridge': 0, 'River': 0, 'Drain': 2, 'Restoration': 0, 'Protection': 0, 'irr': 0, 'irrigation': 0, 'dam': 0, 'Nallah': 0, 'nala': 0, 'Retrofitting': 0, 'Pond': 0, 'Pokhari': 0, 'D/C': 0, 'Recharge shaft': 0, 'LFB': 0, 'RFB': 0}","{'Floodlight': 0, 'Flood Light': 0, 'GAS': 0, 'FIFA': 0, 'pipe': 0, 'pipes': 0, 'covid': 0, 'supply': 0, 'Beautification': 0, 'Installation': 0}",,,False,True,Others
24951,NPJ-01/2022-23-11,"Construction of RCC Drain From Majid house to Santosh singh house in ward no. 14, N.P. Jogbani.","Construction of RCC Drain From Majid house to Santosh singh house in ward no. 14, N.P. Jogbani.",1599857.0,INR,INR,2022-08-10 10:56:29+00:00,2022-08-10T10:52:01.322000+00:00,2022-09-04T09:41:57+00:00,EXECUTIVE OFFICER JOGBANI,EO,NAGAR PANCHAYAT JOGBANI,WARD NO. 15 NETA JEE CHOWK JOGBANI,EXECUTIVE OFFICER JOGBANI,EO,NAGAR PANCHAYAT JOGBANI,32000.0,5000.0,590.0,True,"{'Flood': 0, 'Embankment': 0, 'embkt': 0, 'Relief': 0, 'Erosion': 0, 'SDRF': 0, 'Inundation': 0, 'Hydrology': 0, 'Silt': 0, 'Siltation': 0, 'Bund': 0, 'Trench': 0, 'Breach': 0, 'Culvert': 0, 'Sluice': 0, 'Dyke': 0, 'Storm water drain': 0, 'Emergency': 0, 'Immediate': 0, 'IM': 0, 'AE': 0, 'A E': 0, 'AAPDA MITRA': 0, 'Bridge': 0, 'River': 0, 'Drain': 2, 'Restoration': 0, 'Protection': 0, 'irr': 0, 'irrigation': 0, 'dam': 0, 'Nallah': 0, 'nala': 0, 'Retrofitting': 0, 'Pond': 0, 'Pokhari': 0, 'D/C': 0, 'Recharge shaft': 0, 'LFB': 0, 'RFB': 0}","{'Floodlight': 0, 'Flood Light': 0, 'GAS': 0, 'FIFA': 0, 'pipe': 0, 'pipes': 0, 'covid': 0, 'supply': 0, 'Beautification': 0, 'Installation': 0}",,,False,True,Others
24956,NPJ-01/2022-23-16,"Construction of RCC drain from Surendra Mandal house to Sukeshwar Sahni house via Sanjay Ray house in ward no. 09, N.P. Jogbani.","Construction of RCC drain from Surendra Mandal house to Sukeshwar Sahni house via Sanjay Ray house in ward no. 09, N.P. Jogbani.",1683345.0,INR,INR,2022-08-10 11:20:17+00:00,2022-08-10T11:16:57.594000+00:00,2022-09-03T12:32:29+00:00,EXECUTIVE OFFICER JOGBANI,EO,NAGAR PANCHAYAT JOGBANI,WARD NO. 15 NETA JEE CHOWK JOGBANI,EXECUTIVE OFFICER JOGBANI,EO,NAGAR PANCHAYAT JOGBANI,33700.0,5000.0,590.0,True,"{'Flood': 0, 'Embankment': 0, 'embkt': 0, 'Relief': 0, 'Erosion': 0, 'SDRF': 0, 'Inundation': 0, 'Hydrology': 0, 'Silt': 0, 'Siltation': 0, 'Bund': 0, 'Trench': 0, 'Breach': 0, 'Culvert': 0, 'Sluice': 0, 'Dyke': 0, 'Storm water drain': 0, 'Emergency': 0, 'Immediate': 0, 'IM': 0, 'AE': 0, 'A E': 0, 'AAPDA MITRA': 0, 'Bridge': 0, 'River': 0, 'Drain': 2, 'Restoration': 0, 'Protection': 0, 'irr': 0, 'irrigation': 0, 'dam': 0, 'Nallah': 0, 'nala': 0, 'Retrofitting': 0, 'Pond': 0, 'Pokhari': 0, 'D/C': 0, 'Recharge shaft': 0, 'LFB': 0, 'RFB': 0}","{'Floodlight': 0, 'Flood Light': 0, 'GAS': 0, 'FIFA': 0, 'pipe': 0, 'pipes': 0, 'covid': 0, 'supply': 0, 'Beautification': 0, 'Installation': 0}",,,False,True,Others
24959,NPJ-01/2022-23-18,"Construction of RCC drain from Bheriyari Bajrangbali Mandir to Land Port Campus in ward no. 19, N.P. Jogbani.","Construction of RCC drain from Bheriyari Bajrangbali Mandir to Land Port Campus in ward no. 19, N.P. Jogbani.",1821091.0,INR,INR,2022-08-10 11:46:32+00:00,2022-08-10T11:36:02.786000+00:00,2022-09-03T12:11:34+00:00,EXECUTIVE OFFICER JOGBANI,EO,NAGAR PANCHAYAT JOGBANI,WARD NO. 15 NETA JEE CHOWK JOGBANI,EXECUTIVE OFFICER JOGBANI,EO,NAGAR PANCHAYAT JOGBANI,36500.0,5000.0,590.0,True,"{'Flood': 0, 'Embankment': 0, 'embkt': 0, 'Relief': 0, 'Erosion': 0, 'SDRF': 0, 'Inundation': 0, 'Hydrology': 0, 'Silt': 0, 'Siltation': 0, 'Bund': 0, 'Trench': 0, 'Breach': 0, 'Culvert': 0, 'Sluice': 0, 'Dyke': 0, 'Storm water drain': 0, 'Emergency': 0, 'Immediate': 0, 'IM': 0, 'AE': 0, 'A E': 0, 'AAPDA MITRA': 0, 'Bridge': 0, 'River': 0, 'Drain': 2, 'Restoration': 0, 'Protection': 0, 'irr': 0, 'irrigation': 0, 'dam': 0, 'Nallah': 0, 'nala': 0, 'Retrofitting': 0, 'Pond': 0, 'Pokhari': 0, 'D/C': 0, 'Recharge shaft': 0, 'LFB': 0, 'RFB': 0}","{'Floodlight': 0, 'Flood Light': 0, 'GAS': 0, 'FIFA': 0, 'pipe': 0, 'pipes': 0, 'covid': 0, 'supply': 0, 'Beautification': 0, 'Installation': 0}",,,False,True,Others
24952,NPJ-01/2022-23-12,"Construction of RCC drain from Raju soni house to old Zenith Public School side in ward no. 15, N.P. Jogbani.","Construction of RCC drain from Raju soni house to old Zenith Public School side in ward no. 15, N.P. Jogbani.",1683345.0,INR,INR,2022-08-10 11:00:39+00:00,2022-08-10T10:57:09.131000+00:00,2022-09-04T09:30:33+00:00,EXECUTIVE OFFICER JOGBANI,EO,NAGAR PANCHAYAT JOGBANI,WARD NO. 15 NETA JEE CHOWK JOGBANI,EXECUTIVE OFFICER JOGBANI,EO,NAGAR PANCHAYAT JOGBANI,33700.0,5000.0,590.0,True,"{'Flood': 0, 'Embankment': 0, 'embkt': 0, 'Relief': 0, 'Erosion': 0, 'SDRF': 0, 'Inundation': 0, 'Hydrology': 0, 'Silt': 0, 'Siltation': 0, 'Bund': 0, 'Trench': 0, 'Breach': 0, 'Culvert': 0, 'Sluice': 0, 'Dyke': 0, 'Storm water drain': 0, 'Emergency': 0, 'Immediate': 0, 'IM': 0, 'AE': 0, 'A E': 0, 'AAPDA MITRA': 0, 'Bridge': 0, 'River': 0, 'Drain': 2, 'Restoration': 0, 'Protection': 0, 'irr': 0, 'irrigation': 0, 'dam': 0, 'Nallah': 0, 'nala': 0, 'Retrofitting': 0, 'Pond': 0, 'Pokhari': 0, 'D/C': 0, 'Recharge shaft': 0, 'LFB': 0, 'RFB': 0}","{'Floodlight': 0, 'Flood Light': 0, 'GAS': 0, 'FIFA': 0, 'pipe': 0, 'pipes': 0, 'covid': 0, 'supply': 0, 'Beautification': 0, 'Installation': 0}",,,False,True,Others
24943,NPJ-01/2022-23-05,"Construction of RCC drain from Yuva path to Mojahir house via Abdul Gali in ward no. 06, N.P. Jogbani.","Construction of RCC drain from Yuva path to Mojahir house via Abdul Gali in ward no. 06, N.P. Jogbani.",2471539.0,INR,INR,2022-08-10 10:14:39+00:00,2022-08-10T10:10:07.705000+00:00,2022-09-04T10:37:48+00:00,EXECUTIVE OFFICER JOGBANI,EO,NAGAR PANCHAYAT JOGBANI,WARD NO. 15 NETA JEE CHOWK JOGBANI,EXECUTIVE OFFICER JOGBANI,EO,NAGAR PANCHAYAT JOGBANI,49500.0,5000.0,590.0,True,"{'Flood': 0, 'Embankment': 0, 'embkt': 0, 'Relief': 0, 'Erosion': 0, 'SDRF': 0, 'Inundation': 0, 'Hydrology': 0, 'Silt': 0, 'Siltation': 0, 'Bund': 0, 'Trench': 0, 'Breach': 0, 'Culvert': 0, 'Sluice': 0, 'Dyke': 0, 'Storm water drain': 0, 'Emergency': 0, 'Immediate': 0, 'IM': 0, 'AE': 0, 'A E': 0, 'AAPDA MITRA': 0, 'Bridge': 0, 'River': 0, 'Drain': 2, 'Restoration': 0, 'Protection': 0, 'irr': 0, 'irrigation': 0, 'dam': 0, 'Nallah': 0, 'nala': 0, 'Retrofitting': 0, 'Pond': 0, 'Pokhari': 0, 'D/C': 0, 'Recharge shaft': 0, 'LFB': 0, 'RFB': 0}","{'Floodlight': 0, 'Flood Light': 0, 'GAS': 0, 'FIFA': 0, 'pipe': 0, 'pipes': 0, 'covid': 0, 'supply': 0, 'Beautification': 0, 'Installation': 0}",,,False,True,Others
24961,NPJ-01/2022-23-20,Renovation of JogbaniThana Campus pond in N.P Jogbani,Renovation of JogbaniThana Campus pond in N.P Jogbani,3823646.0,INR,INR,2022-08-10 12:27:24+00:00,2022-08-10T12:08:20.871000+00:00,2022-09-03T10:26:53+00:00,EXECUTIVE OFFICER JOGBANI,EO,NAGAR PANCHAYAT JOGBANI,WARD NO. 15 NETA JEE CHOWK JOGBANI,EXECUTIVE OFFICER JOGBANI,EO,NAGAR PANCHAYAT JOGBANI,76500.0,5000.0,590.0,True,"{'Flood': 0, 'Embankment': 0, 'embkt': 0, 'Relief': 0, 'Erosion': 0, 'SDRF': 0, 'Inundation': 0, 'Hydrology': 0, 'Silt': 0, 'Siltation': 0, 'Bund': 0, 'Trench': 0, 'Breach': 0, 'Culvert': 0, 'Sluice': 0, 'Dyke': 0, 'Storm water drain': 0, 'Emergency': 0, 'Immediate': 0, 'IM': 0, 'AE': 0, 'A E': 0, 'AAPDA MITRA': 0, 'Bridge': 0, 'River': 0, 'Drain': 0, 'Restoration': 0, 'Protection': 0, 'irr': 0, 'irrigation': 0, 'dam': 0, 'Nallah': 0, 'nala': 0, 'Retrofitting': 0, 'Pond': 2, 'Pokhari': 0, 'D/C': 0, 'Recharge shaft': 0, 'LFB': 0, 'RFB': 0}","{'Floodlight': 0, 'Flood Light': 0, 'GAS': 0, 'FIFA': 0, 'pipe': 0, 'pipes': 0, 'covid': 0, 'supply': 0, 'Beautification': 0, 'Installation': 0}",,,False,False,Repair and Restoration
24960,NPJ-01/2022-23-19,Construction of RCC drain and PCC Road from samsad house to sattan paswan house in ward no 09 N.P Jogbani.,Construction of RCC drain and PCC Road from samsad house to sattan paswan house in ward no 09 N.P Jogbani.,1494879.0,INR,INR,2022-08-10 12:07:50+00:00,2022-08-10T11:49:23.863000+00:00,2022-09-01T12:50:49+00:00,EXECUTIVE OFFICER JOGBANI,EO,NAGAR PANCHAYAT JOGBANI,WARD NO. 15 NETA JEE CHOWK JOGBANI,EXECUTIVE OFFICER JOGBANI,EO,NAGAR PANCHAYAT JOGBANI,29900.0,2500.0,590.0,True,"{'Flood': 0, 'Embankment': 0, 'embkt': 0, 'Relief': 0, 'Erosion': 0, 'SDRF': 0, 'Inundation': 0, 'Hydrology': 0, 'Silt': 0, 'Siltation': 0, 'Bund': 0, 'Trench': 0, 'Breach': 0, 'Culvert': 0, 'Sluice': 0, 'Dyke': 0, 'Storm water drain': 0, 'Emergency': 0, 'Immediate': 0, 'IM': 0, 'AE': 0, 'A E': 0, 'AAPDA MITRA': 0, 'Bridge': 0, 'River': 0, 'Drain': 2, 'Restoration': 0, 'Protection': 0, 'irr': 0, 'irrigation': 0, 'dam': 0, 'Nallah': 0, 'nala': 0, 'Retrofitting': 0, 'Pond': 0, 'Pokhari': 0, 'D/C': 0, 'Recharge shaft': 0, 'LFB': 0, 'RFB': 0}","{'Floodlight': 0, 'Flood Light': 0, 'GAS': 0, 'FIFA': 0, 'pipe': 0, 'pipes': 0, 'covid': 0, 'supply': 0, 'Beautification': 0, 'Installation': 0}",,,False,True,Others
24949,NPJ-01/2022-23-09,"Construction of RCC drain from Charminar gate to Masjid (Behind) in ward no. 12, N.P. Jogbani.","Construction of RCC drain from Charminar gate to Masjid (Behind) in ward no. 12, N.P. Jogbani.",1560910.0,INR,INR,2022-08-10 10:40:55+00:00,2022-08-10T10:37:06.268000+00:00,2022-09-04T10:01:08+00:00,EXECUTIVE OFFICER JOGBANI,EO,NAGAR PANCHAYAT JOGBANI,WARD NO. 15 NETA JEE CHOWK JOGBANI,EXECUTIVE OFFICER JOGBANI,EO,NAGAR PANCHAYAT JOGBANI,31300.0,5000.0,590.0,True,"{'Flood': 0, 'Embankment': 0, 'embkt': 0, 'Relief': 0, 'Erosion': 0, 'SDRF': 0, 'Inundation': 0, 'Hydrology': 0, 'Silt': 0, 'Siltation': 0, 'Bund': 0, 'Trench': 0, 'Breach': 0, 'Culvert': 0, 'Sluice': 0, 'Dyke': 0, 'Storm water drain': 0, 'Emergency': 0, 'Immediate': 0, 'IM': 0, 'AE': 0, 'A E': 0, 'AAPDA MITRA': 0, 'Bridge': 0, 'River': 0, 'Drain': 2, 'Restoration': 0, 'Protection': 0, 'irr': 0, 'irrigation': 0, 'dam': 0, 'Nallah': 0, 'nala': 0, 'Retrofitting': 0, 'Pond': 0, 'Pokhari': 0, 'D/C': 0, 'Recharge shaft': 0, 'LFB': 0, 'RFB': 0}","{'Floodlight': 0, 'Flood Light': 0, 'GAS': 0, 'FIFA': 0, 'pipe': 0, 'pipes': 0, 'covid': 0, 'supply': 0, 'Beautification': 0, 'Installation': 0}",,,False,True,Others
24946,NPJ-01/2022-23-06,"Construction of RCC drain from Khajurbadi School west side to main road via Salim and Kalim house in ward no. 07, N.P. Jogbani.","Construction of RCC drain from Khajurbadi School west side to main road via Salim and Kalim house in ward no. 07, N.P. Jogbani.",1683345.0,INR,INR,2022-08-10 10:22:18+00:00,2022-08-10T10:15:20.104000+00:00,2022-09-04T10:26:44+00:00,EXECUTIVE OFFICER JOGBANI,EO,NAGAR PANCHAYAT JOGBANI,WARD NO. 15 NETA JEE CHOWK JOGBANI,EXECUTIVE OFFICER JOGBANI,EO,NAGAR PANCHAYAT JOGBANI,33700.0,5000.0,590.0,True,"{'Flood': 0, 'Embankment': 0, 'embkt': 0, 'Relief': 0, 'Erosion': 0, 'SDRF': 0, 'Inundation': 0, 'Hydrology': 0, 'Silt': 0, 'Siltation': 0, 'Bund': 0, 'Trench': 0, 'Breach': 0, 'Culvert': 0, 'Sluice': 0, 'Dyke': 0, 'Storm water drain': 0, 'Emergency': 0, 'Immediate': 0, 'IM': 0, 'AE': 0, 'A E': 0, 'AAPDA MITRA': 0, 'Bridge': 0, 'River': 0, 'Drain': 2, 'Restoration': 0, 'Protection': 0, 'irr': 0, 'irrigation': 0, 'dam': 0, 'Nallah': 0, 'nala': 0, 'Retrofitting': 0, 'Pond': 0, 'Pokhari': 0, 'D/C': 0, 'Recharge shaft': 0, 'LFB': 0, 'RFB': 0}","{'Floodlight': 0, 'Flood Light': 0, 'GAS': 0, 'FIFA': 0, 'pipe': 0, 'pipes': 0, 'covid': 0, 'supply': 0, 'Beautification': 0, 'Installation': 0}",,,False,True,Immediate Measures
24999,"NIT 10/E/Bankipur/2022, Gr. No. 06","Construction of  U/G Drain and PCC road From Late Laxmi Mukhiya to House of Indra dev Prashad In Ward No - 39 under Bankipur Division, PMC, Patna.","Construction of  U/G Drain and PCC road From Late Laxmi Mukhiya to House of Indra dev Prashad In Ward No - 39 under Bankipur Division, PMC, Patna.",221708.0,INR,INR,2022-08-13 12:48:41+00:00,2022-08-13T12:42:56.200000+00:00,2023-04-20T08:33:18+00:00,"Aashish Prasad, Executive Engineer",EE,"BANKIPUR DIVISION, Patna Municipal Corporation, Patna","Ambedkar Bhawan, Vaishali Golumbar,Rajendra Nagar,Patna","Aashish Prasad, Executive Engineer",EE,"Bankipur Division,Patna Municipal Corporation,Patna",4500.0,500.0,590.0,True,"{'Flood': 0, 'Embankment': 0, 'embkt': 0, 'Relief': 0, 'Erosion': 0, 'SDRF': 0, 'Inundation': 0, 'Hydrology': 0, 'Silt': 0, 'Siltation': 0, 'Bund': 0, 'Trench': 0, 'Breach': 0, 'Culvert': 0, 'Sluice': 0, 'Dyke': 0, 'Storm water drain': 0, 'Emergency': 0, 'Immediate': 0, 'IM': 0, 'AE': 0, 'A E': 0, 'AAPDA MITRA': 0, 'Bridge': 0, 'River': 0, 'Drain': 2, 'Restoration': 0, 'Protection': 0, 'irr': 0, 'irrigation': 0, 'dam': 0, 'Nallah': 0, 'nala': 0, 'Retrofitting': 0, 'Pond': 0, 'Pokhari': 0, 'D/C': 0, 'Recharge shaft': 0, 'LFB': 0, 'RFB': 0}","{'Floodlight': 0, 'Flood Light': 0, 'GAS': 0, 'FIFA': 0, 'pipe': 0, 'pipes': 0, 'covid': 0, 'supply': 0, 'Beautification': 0, 'Installation': 0}",,,False,True,Immediate Measures
24997,"NIT 10/E/Bankipur/2022, Gr. No. 04","Construction of Crosss R.C.C Drain in Ramkrishna Path in ward no. 38 under Bankipur Division, PMC, Patna","Construction of Crosss R.C.C Drain in Ramkrishna Path in ward no. 38 under Bankipur Division, PMC, Patna",106875.0,INR,INR,2022-08-13 12:35:53+00:00,2022-08-13T12:30:42.838000+00:00,2023-02-28T09:38:35+00:00,"Aashish Prasad, Executive Engineer",EE,"BANKIPUR DIVISION, Patna Municipal Corporation, Patna","Ambedkar Bhawan, Vaishali Golumbar,Rajendra Nagar,Patna","Aashish Prasad, Executive Engineer",EE,"Bankipur Division,Patna Municipal Corporation,Patna",2200.0,500.0,590.0,True,"{'Flood': 0, 'Embankment': 0, 'embkt': 0, 'Relief': 0, 'Erosion': 0, 'SDRF': 0, 'Inundation': 0, 'Hydrology': 0, 'Silt': 0, 'Siltation': 0, 'Bund': 0, 'Trench': 0, 'Breach': 0, 'Culvert': 0, 'Sluice': 0, 'Dyke': 0, 'Storm water drain': 0, 'Emergency': 0, 'Immediate': 0, 'IM': 0, 'AE': 0, 'A E': 0, 'AAPDA MITRA': 0, 'Bridge': 0, 'River': 0, 'Drain': 2, 'Restoration': 0, 'Protection': 0, 'irr': 0, 'irrigation': 0, 'dam': 0, 'Nallah': 0, 'nala': 0, 'Retrofitting': 0, 'Pond': 0, 'Pokhari': 0, 'D/C': 0, 'Recharge shaft': 0, 'LFB': 0, 'RFB': 0}","{'Floodlight': 0, 'Flood Light': 0, 'GAS': 0, 'FIFA': 0, 'pipe': 0, 'pipes': 0, 'covid': 0, 'supply': 0, 'Beautification': 0, 'Installation': 0}",,,False,True,Immediate Measures
24998,"NIT 10/E/Bankipur/2022, Gr. No. 05","Construction of  U/G Drain and PCC road From House of Late Jagan Mahto to House of Sanjay Mahto, in ward no.39 under Bankipur Division, PMC, Patna.","Construction of  U/G Drain and PCC road From House of Late Jagan Mahto to House of Sanjay Mahto, in ward no.39 under Bankipur Division, PMC, Patna.",311085.0,INR,INR,2022-08-13 12:42:12+00:00,2022-08-13T12:36:29.982000+00:00,2023-04-20T08:24:18+00:00,"Aashish Prasad, Executive Engineer",EE,"BANKIPUR DIVISION, Patna Municipal Corporation, Patna","Ambedkar Bhawan, Vaishali Golumbar,Rajendra Nagar,Patna","Aashish Prasad, Executive Engineer",EE,"Bankipur Division,Patna Municipal Corporation,Patna",6300.0,750.0,590.0,True,"{'Flood': 0, 'Embankment': 0, 'embkt': 0, 'Relief': 0, 'Erosion': 0, 'SDRF': 0, 'Inundation': 0, 'Hydrology': 0, 'Silt': 0, 'Siltation': 0, 'Bund': 0, 'Trench': 0, 'Breach': 0, 'Culvert': 0, 'Sluice': 0, 'Dyke': 0, 'Storm water drain': 0, 'Emergency': 0, 'Immediate': 0, 'IM': 0, 'AE': 0, 'A E': 0, 'AAPDA MITRA': 0, 'Bridge': 0, 'River': 0, 'Drain': 2, 'Restoration': 0, 'Protection': 0, 'irr': 0, 'irrigation': 0, 'dam': 0, 'Nallah': 0, 'nala': 0, 'Retrofitting': 0, 'Pond': 0, 'Pokhari': 0, 'D/C': 0, 'Recharge shaft': 0, 'LFB': 0, 'RFB': 0}","{'Floodlight': 0, 'Flood Light': 0, 'GAS': 0, 'FIFA': 0, 'pipe': 0, 'pipes': 0, 'covid': 0, 'supply': 0, 'Beautification': 0, 'Installation': 0}",,,False,True,Immediate Measures
25003,"NIT 10/E/Bankipur/2022, Gr. No. 10","Construction of  U/G Drain and PCC road from house of Sanjay malakar to House of Sambhu Prashad in ward no.39 under Bankipur Division, PMC, Patna.","Construction of  U/G Drain and PCC road from house of Sanjay malakar to House of Sambhu Prashad in ward no.39 under Bankipur Division, PMC, Patna.",959418.0,INR,INR,2022-08-13 13:11:33+00:00,2022-08-13T13:06:28.665000+00:00,2023-02-08T11:01:55+00:00,"Aashish Prasad, Executive Engineer",EE,"BANKIPUR DIVISION, Patna Municipal Corporation, Patna","Ambedkar Bhawan, Vaishali Golumbar,Rajendra Nagar,Patna","Aashish Prasad, Executive Engineer",EE,"Bankipur Division,Patna Municipal Corporation,Patna",19200.0,1250.0,590.0,True,"{'Flood': 0, 'Embankment': 0, 'embkt': 0, 'Relief': 0, 'Erosion': 0, 'SDRF': 0, 'Inundation': 0, 'Hydrology': 0, 'Silt': 0, 'Siltation': 0, 'Bund': 0, 'Trench': 0, 'Breach': 0, 'Culvert': 0, 'Sluice': 0, 'Dyke': 0, 'Storm water drain': 0, 'Emergency': 0, 'Immediate': 0, 'IM': 0, 'AE': 0, 'A E': 0, 'AAPDA MITRA': 0, 'Bridge': 0, 'River': 0, 'Drain': 2, 'Restoration': 0, 'Protection': 0, 'irr': 0, 'irrigation': 0, 'dam': 0, 'Nallah': 0, 'nala': 0, 'Retrofitting': 0, 'Pond': 0, 'Pokhari': 0, 'D/C': 0, 'Recharge shaft': 0, 'LFB': 0, 'RFB': 0}","{'Floodlight': 0, 'Flood Light': 0, 'GAS': 0, 'FIFA': 0, 'pipe': 0, 'pipes': 0, 'covid': 0, 'supply': 0, 'Beautification': 0, 'Installation': 0}",,,False,True,Immediate Measures
25000,"NIT 10/E/Bankipur/2022, Gr. No. 07","Construction of  U/G Drain and PCC road From Indra Prashad to Gauri Mahto, in ward no.39 under Bankipur Division, PMC, Patna.","Construction of  U/G Drain and PCC road From Indra Prashad to Gauri Mahto, in ward no.39 under Bankipur Division, PMC, Patna.",180000.0,INR,INR,2022-08-13 12:54:30+00:00,2022-08-13T12:49:32.438000+00:00,2023-04-20T08:45:58+00:00,"Aashish Prasad, Executive Engineer",EE,"BANKIPUR DIVISION, Patna Municipal Corporation, Patna","Ambedkar Bhawan, Vaishali Golumbar,Rajendra Nagar,Patna","Aashish Prasad, Executive Engineer",EE,"Bankipur Division,Patna Municipal Corporation,Patna",3600.0,500.0,590.0,True,"{'Flood': 0, 'Embankment': 0, 'embkt': 0, 'Relief': 0, 'Erosion': 0, 'SDRF': 0, 'Inundation': 0, 'Hydrology': 0, 'Silt': 0, 'Siltation': 0, 'Bund': 0, 'Trench': 0, 'Breach': 0, 'Culvert': 0, 'Sluice': 0, 'Dyke': 0, 'Storm water drain': 0, 'Emergency': 0, 'Immediate': 0, 'IM': 0, 'AE': 0, 'A E': 0, 'AAPDA MITRA': 0, 'Bridge': 0, 'River': 0, 'Drain': 2, 'Restoration': 0, 'Protection': 0, 'irr': 0, 'irrigation': 0, 'dam': 0, 'Nallah': 0, 'nala': 0, 'Retrofitting': 0, 'Pond': 0, 'Pokhari': 0, 'D/C': 0, 'Recharge shaft': 0, 'LFB': 0, 'RFB': 0}","{'Floodlight': 0, 'Flood Light': 0, 'GAS': 0, 'FIFA': 0, 'pipe': 0, 'pipes': 0, 'covid': 0, 'supply': 0, 'Beautification': 0, 'Installation': 0}",,,False,True,Immediate Measures
25009,"NIT 10/E/Bankipur/2022, Gr. No. 15","Construction of  U/G Drain and PCC road From Kanikshka water plant to House of Natavar ji in ward no.39 under Bankipur Division, PMC, Patna.","Construction of  U/G Drain and PCC road From Kanikshka water plant to House of Natavar ji in ward no.39 under Bankipur Division, PMC, Patna.",840943.0,INR,INR,2022-08-14 03:26:23+00:00,2022-08-14T03:13:58.463000+00:00,2022-08-25T23:41:07+00:00,"Aashish Prasad, Executive Engineer",EE,"BANKIPUR DIVISION, Patna Municipal Corporation, Patna","Ambedkar Bhawan, Vaishali Golumbar,Rajendra Nagar,Patna","Aashish Prasad, Executive Engineer",EE,"Bankipur Division,Patna Municipal Corporation,Patna",16900.0,1250.0,590.0,True,"{'Flood': 0, 'Embankment': 0, 'embkt': 0, 'Relief': 0, 'Erosion': 0, 'SDRF': 0, 'Inundation': 0, 'Hydrology': 0, 'Silt': 0, 'Siltation': 0, 'Bund': 0, 'Trench': 0, 'Breach': 0, 'Culvert': 0, 'Sluice': 0, 'Dyke': 0, 'Storm water drain': 0, 'Emergency': 0, 'Immediate': 0, 'IM': 0, 'AE': 0, 'A E': 0, 'AAPDA MITRA': 0, 'Bridge': 0, 'River': 0, 'Drain': 2, 'Restoration': 0, 'Protection': 0, 'irr': 0, 'irrigation': 0, 'dam': 0, 'Nallah': 0, 'nala': 0, 'Retrofitting': 0, 'Pond': 0, 'Pokhari': 0, 'D/C': 0, 'Recharge shaft': 0, 'LFB': 0, 'RFB': 0}","{'Floodlight': 0, 'Flood Light': 0, 'GAS': 0, 'FIFA': 0, 'pipe': 0, 'pipes': 0, 'covid': 0, 'supply': 0, 'Beautification': 0, 'Installation': 0}",,,False,True,Immediate Measures
25002,"NIT 10/E/Bankipur/2022, Gr. No. 09","Construction of  U/G Drain and PCC road From House of Iqbal to House of Tannu In Ward No - 39 under Bankipur Division, PMC, Patna.","Construction of  U/G Drain and PCC road From House of Iqbal to House of Tannu In Ward No - 39 under Bankipur Division, PMC, Patna.",567833.0,INR,INR,2022-08-13 13:05:54+00:00,2022-08-13T13:00:24.769000+00:00,2022-11-05T11:18:58+00:00,"Aashish Prasad, Executive Engineer",EE,"BANKIPUR DIVISION, Patna Municipal Corporation, Patna","Ambedkar Bhawan, Vaishali Golumbar,Rajendra Nagar,Patna","Aashish Prasad, Executive Engineer",EE,"Bankipur Division,Patna Municipal Corporation,Patna",11400.0,1250.0,590.0,True,"{'Flood': 0, 'Embankment': 0, 'embkt': 0, 'Relief': 0, 'Erosion': 0, 'SDRF': 0, 'Inundation': 0, 'Hydrology': 0, 'Silt': 0, 'Siltation': 0, 'Bund': 0, 'Trench': 0, 'Breach': 0, 'Culvert': 0, 'Sluice': 0, 'Dyke': 0, 'Storm water drain': 0, 'Emergency': 0, 'Immediate': 0, 'IM': 0, 'AE': 0, 'A E': 0, 'AAPDA MITRA': 0, 'Bridge': 0, 'River': 0, 'Drain': 2, 'Restoration': 0, 'Protection': 0, 'irr': 0, 'irrigation': 0, 'dam': 0, 'Nallah': 0, 'nala': 0, 'Retrofitting': 0, 'Pond': 0, 'Pokhari': 0, 'D/C': 0, 'Recharge shaft': 0, 'LFB': 0, 'RFB': 0}","{'Floodlight': 0, 'Flood Light': 0, 'GAS': 0, 'FIFA': 0, 'pipe': 0, 'pipes': 0, 'covid': 0, 'supply': 0, 'Beautification': 0, 'Installation': 0}",,,False,True,Immediate Measures
25004,"NIT 10/E/Bankipur/2022, Gr. No. 11","Construction of  U/G Drain and PCC road in Nataraj gali From kashi Nath Gupta to Diwali saw  in ward no.39 under Bankipur Division, PMC, Patna.","Construction of  U/G Drain and PCC road in Nataraj gali From kashi Nath Gupta to Diwali saw  in ward no.39 under Bankipur Division, PMC, Patna.",522264.0,INR,INR,2022-08-13 16:34:38+00:00,2022-08-13T13:12:34.560000+00:00,2022-08-25T23:19:20+00:00,"Aashish Prasad, Executive Engineer",EE,"BANKIPUR DIVISION, Patna Municipal Corporation, Patna","Ambedkar Bhawan, Vaishali Golumbar,Rajendra Nagar,Patna","Aashish Prasad, Executive Engineer",EE,"Bankipur Division,Patna Municipal Corporation,Patna",10500.0,1250.0,590.0,True,"{'Flood': 0, 'Embankment': 0, 'embkt': 0, 'Relief': 0, 'Erosion': 0, 'SDRF': 0, 'Inundation': 0, 'Hydrology': 0, 'Silt': 0, 'Siltation': 0, 'Bund': 0, 'Trench': 0, 'Breach': 0, 'Culvert': 0, 'Sluice': 0, 'Dyke': 0, 'Storm water drain': 0, 'Emergency': 0, 'Immediate': 0, 'IM': 0, 'AE': 0, 'A E': 0, 'AAPDA MITRA': 0, 'Bridge': 0, 'River': 0, 'Drain': 2, 'Restoration': 0, 'Protection': 0, 'irr': 0, 'irrigation': 0, 'dam': 0, 'Nallah': 0, 'nala': 0, 'Retrofitting': 0, 'Pond': 0, 'Pokhari': 0, 'D/C': 0, 'Recharge shaft': 0, 'LFB': 0, 'RFB': 0}","{'Floodlight': 0, 'Flood Light': 0, 'GAS': 0, 'FIFA': 0, 'pipe': 0, 'pipes': 0, 'covid': 0, 'supply': 0, 'Beautification': 0, 'Installation': 0}",,,False,True,Immediate Measures
25001,"NIT 10/E/Bankipur/2022, Gr. No. 08","Construction of  U/G Drain and PCC road From House of Mangal to Lal Kothi In Ward No - 39 under Bankipur Division, PMC, Patna.","Construction of  U/G Drain and PCC road From House of Mangal to Lal Kothi In Ward No - 39 under Bankipur Division, PMC, Patna.",531000.0,INR,INR,2022-08-13 12:59:43+00:00,2022-08-13T12:55:08.557000+00:00,2022-11-05T11:07:41+00:00,"Aashish Prasad, Executive Engineer",EE,"BANKIPUR DIVISION, Patna Municipal Corporation, Patna","Ambedkar Bhawan, Vaishali Golumbar,Rajendra Nagar,Patna","Aashish Prasad, Executive Engineer",EE,"Bankipur Division,Patna Municipal Corporation,Patna",10700.0,1250.0,590.0,True,"{'Flood': 0, 'Embankment': 0, 'embkt': 0, 'Relief': 0, 'Erosion': 0, 'SDRF': 0, 'Inundation': 0, 'Hydrology': 0, 'Silt': 0, 'Siltation': 0, 'Bund': 0, 'Trench': 0, 'Breach': 0, 'Culvert': 0, 'Sluice': 0, 'Dyke': 0, 'Storm water drain': 0, 'Emergency': 0, 'Immediate': 0, 'IM': 0, 'AE': 0, 'A E': 0, 'AAPDA MITRA': 0, 'Bridge': 0, 'River': 0, 'Drain': 2, 'Restoration': 0, 'Protection': 0, 'irr': 0, 'irrigation': 0, 'dam': 0, 'Nallah': 0, 'nala': 0, 'Retrofitting': 0, 'Pond': 0, 'Pokhari': 0, 'D/C': 0, 'Recharge shaft': 0, 'LFB': 0, 'RFB': 0}","{'Floodlight': 0, 'Flood Light': 0, 'GAS': 0, 'FIFA': 0, 'pipe': 0, 'pipes': 0, 'covid': 0, 'supply': 0, 'Beautification': 0, 'Installation': 0}",,,False,True,Immediate Measures
25014,"NIT 10/E/Bankipur/2022, Gr. No. 20","Construction of  U/G Drain and PCC road in navaratn colony, Rajendra nagar  Between Block no 12 and 13 in ward no.43 under Bankipur Division, PMC, Patna.","Construction of  U/G Drain and PCC road in navaratn colony, Rajendra nagar  Between Block no 12 and 13 in ward no.43 under Bankipur Division, PMC, Patna.",141686.0,INR,INR,2022-08-14 05:53:12+00:00,2022-08-14T05:45:36.296000+00:00,2023-12-28T11:17:01+00:00,"Aashish Prasad, Executive Engineer",EE,"BANKIPUR DIVISION, Patna Municipal Corporation, Patna","Ambedkar Bhawan, Vaishali Golumbar,Rajendra Nagar,Patna","Aashish Prasad, Executive Engineer",EE,"Bankipur Division,Patna Municipal Corporation,Patna",2900.0,500.0,590.0,True,"{'Flood': 0, 'Embankment': 0, 'embkt': 0, 'Relief': 0, 'Erosion': 0, 'SDRF': 0, 'Inundation': 0, 'Hydrology': 0, 'Silt': 0, 'Siltation': 0, 'Bund': 0, 'Trench': 0, 'Breach': 0, 'Culvert': 0, 'Sluice': 0, 'Dyke': 0, 'Storm water drain': 0, 'Emergency': 0, 'Immediate': 0, 'IM': 0, 'AE': 0, 'A E': 0, 'AAPDA MITRA': 0, 'Bridge': 0, 'River': 0, 'Drain': 2, 'Restoration': 0, 'Protection': 0, 'irr': 0, 'irrigation': 0, 'dam': 0, 'Nallah': 0, 'nala': 0, 'Retrofitting': 0, 'Pond': 0, 'Pokhari': 0, 'D/C': 0, 'Recharge shaft': 0, 'LFB': 0, 'RFB': 0}","{'Floodlight': 0, 'Flood Light': 0, 'GAS': 0, 'FIFA': 0, 'pipe': 0, 'pipes': 0, 'covid': 0, 'supply': 0, 'Beautification': 0, 'Installation': 0}",,,False,True,Immediate Measures
25012,"NIT 10/E/Bankipur/2022, Gr. No. 18","Construction of  U/G Drain and PCC road in navaratn colony, Rajendra nagar from Dr. B.M.K sinha to Dr. E.A khan, Between Block no 17 and 18 in ward no.43 under Bankipur Division, PMC, Patna.","Construction of  U/G Drain and PCC road in navaratn colony, Rajendra nagar from Dr. B.M.K sinha to Dr. E.A khan, Between Block no 17 and 18 in ward no.43 under Bankipur Division, PMC, Patna.",279080.0,INR,INR,2022-08-14 05:34:32+00:00,2022-08-14T05:25:57.289000+00:00,2023-12-28T07:41:21+00:00,"Aashish Prasad, Executive Engineer",EE,"BANKIPUR DIVISION, Patna Municipal Corporation, Patna","Ambedkar Bhawan, Vaishali Golumbar,Rajendra Nagar,Patna","Aashish Prasad, Executive Engineer",EE,"Bankipur Division,Patna Municipal Corporation,Patna",5600.0,750.0,590.0,True,"{'Flood': 0, 'Embankment': 0, 'embkt': 0, 'Relief': 0, 'Erosion': 0, 'SDRF': 0, 'Inundation': 0, 'Hydrology': 0, 'Silt': 0, 'Siltation': 0, 'Bund': 0, 'Trench': 0, 'Breach': 0, 'Culvert': 0, 'Sluice': 0, 'Dyke': 0, 'Storm water drain': 0, 'Emergency': 0, 'Immediate': 0, 'IM': 0, 'AE': 0, 'A E': 0, 'AAPDA MITRA': 0, 'Bridge': 0, 'River': 0, 'Drain': 2, 'Restoration': 0, 'Protection': 0, 'irr': 0, 'irrigation': 0, 'dam': 0, 'Nallah': 0, 'nala': 0, 'Retrofitting': 0, 'Pond': 0, 'Pokhari': 0, 'D/C': 0, 'Recharge shaft': 0, 'LFB': 0, 'RFB': 0}","{'Floodlight': 0, 'Flood Light': 0, 'GAS': 0, 'FIFA': 0, 'pipe': 0, 'pipes': 0, 'covid': 0, 'supply': 0, 'Beautification': 0, 'Installation': 0}",,,False,True,Immediate Measures
25008,"NIT 10/E/Bankipur/2022, Gr. No. 14","Construction of  U/G Drain and PCC road From Jagdev niwas to House of Mohan das in ward no.39 under Bankipur Division, PMC, Patna.","Construction of  U/G Drain and PCC road From Jagdev niwas to House of Mohan das in ward no.39 under Bankipur Division, PMC, Patna.",93015.0,INR,INR,2022-08-14 03:13:15+00:00,2022-08-14T03:02:58.807000+00:00,2023-12-30T10:21:06+00:00,"Aashish Prasad, Executive Engineer",EE,"BANKIPUR DIVISION, Patna Municipal Corporation, Patna","Ambedkar Bhawan, Vaishali Golumbar,Rajendra Nagar,Patna","Aashish Prasad, Executive Engineer",EE,"Bankipur Division,Patna Municipal Corporation,Patna",1900.0,500.0,590.0,True,"{'Flood': 0, 'Embankment': 0, 'embkt': 0, 'Relief': 0, 'Erosion': 0, 'SDRF': 0, 'Inundation': 0, 'Hydrology': 0, 'Silt': 0, 'Siltation': 0, 'Bund': 0, 'Trench': 0, 'Breach': 0, 'Culvert': 0, 'Sluice': 0, 'Dyke': 0, 'Storm water drain': 0, 'Emergency': 0, 'Immediate': 0, 'IM': 0, 'AE': 0, 'A E': 0, 'AAPDA MITRA': 0, 'Bridge': 0, 'River': 0, 'Drain': 2, 'Restoration': 0, 'Protection': 0, 'irr': 0, 'irrigation': 0, 'dam': 0, 'Nallah': 0, 'nala': 0, 'Retrofitting': 0, 'Pond': 0, 'Pokhari': 0, 'D/C': 0, 'Recharge shaft': 0, 'LFB': 0, 'RFB': 0}","{'Floodlight': 0, 'Flood Light': 0, 'GAS': 0, 'FIFA': 0, 'pipe': 0, 'pipes': 0, 'covid': 0, 'supply': 0, 'Beautification': 0, 'Installation': 0}",,,False,True,Immediate Measures
25006,"NIT 10/E/Bankipur/2022, Gr. No. 12","Construction of  U/G Drain and PCC road in Ntaraj gali From Sajjan Textile to Lalji saw  in ward no.39 under Bankipur Division, PMC, Patna.","Construction of  U/G Drain and PCC road in Ntaraj gali From Sajjan Textile to Lalji saw  in ward no.39 under Bankipur Division, PMC, Patna.",225987.0,INR,INR,2022-08-13 16:43:46+00:00,2022-08-13T16:35:15.382000+00:00,2022-08-25T23:25:18+00:00,"Aashish Prasad, Executive Engineer",EE,"BANKIPUR DIVISION, Patna Municipal Corporation, Patna","Ambedkar Bhawan, Vaishali Golumbar,Rajendra Nagar,Patna","Aashish Prasad, Executive Engineer",EE,"Bankipur Division,Patna Municipal Corporation,Patna",4600.0,500.0,590.0,True,"{'Flood': 0, 'Embankment': 0, 'embkt': 0, 'Relief': 0, 'Erosion': 0, 'SDRF': 0, 'Inundation': 0, 'Hydrology': 0, 'Silt': 0, 'Siltation': 0, 'Bund': 0, 'Trench': 0, 'Breach': 0, 'Culvert': 0, 'Sluice': 0, 'Dyke': 0, 'Storm water drain': 0, 'Emergency': 0, 'Immediate': 0, 'IM': 0, 'AE': 0, 'A E': 0, 'AAPDA MITRA': 0, 'Bridge': 0, 'River': 0, 'Drain': 2, 'Restoration': 0, 'Protection': 0, 'irr': 0, 'irrigation': 0, 'dam': 0, 'Nallah': 0, 'nala': 0, 'Retrofitting': 0, 'Pond': 0, 'Pokhari': 0, 'D/C': 0, 'Recharge shaft': 0, 'LFB': 0, 'RFB': 0}","{'Floodlight': 0, 'Flood Light': 0, 'GAS': 0, 'FIFA': 0, 'pipe': 0, 'pipes': 0, 'covid': 0, 'supply': 0, 'Beautification': 0, 'Installation': 0}",,,False,True,Immediate Measures
25013,"NIT 10/E/Bankipur/2022, Gr. No. 19","Construction of  U/G Drain and PCC road in back side of pani tanki from house of Mahesh ji to barf factory, in ward no.43 under Bankipur Division, PMC, Patna.","Construction of  U/G Drain and PCC road in back side of pani tanki from house of Mahesh ji to barf factory, in ward no.43 under Bankipur Division, PMC, Patna.",256841.0,INR,INR,2022-08-14 05:44:54+00:00,2022-08-14T05:35:08.062000+00:00,2023-05-25T10:32:09+00:00,"Aashish Prasad, Executive Engineer",EE,"BANKIPUR DIVISION, Patna Municipal Corporation, Patna","Ambedkar Bhawan, Vaishali Golumbar,Rajendra Nagar,Patna","Aashish Prasad, Executive Engineer",EE,"Bankipur Division,Patna Municipal Corporation,Patna",5200.0,750.0,590.0,True,"{'Flood': 0, 'Embankment': 0, 'embkt': 0, 'Relief': 0, 'Erosion': 0, 'SDRF': 0, 'Inundation': 0, 'Hydrology': 0, 'Silt': 0, 'Siltation': 0, 'Bund': 0, 'Trench': 0, 'Breach': 0, 'Culvert': 0, 'Sluice': 0, 'Dyke': 0, 'Storm water drain': 0, 'Emergency': 0, 'Immediate': 0, 'IM': 0, 'AE': 0, 'A E': 0, 'AAPDA MITRA': 0, 'Bridge': 0, 'River': 0, 'Drain': 2, 'Restoration': 0, 'Protection': 0, 'irr': 0, 'irrigation': 0, 'dam': 0, 'Nallah': 0, 'nala': 0, 'Retrofitting': 0, 'Pond': 0, 'Pokhari': 0, 'D/C': 0, 'Recharge shaft': 0, 'LFB': 0, 'RFB': 0}","{'Floodlight': 0, 'Flood Light': 0, 'GAS': 0, 'FIFA': 0, 'pipe': 0, 'pipes': 0, 'covid': 0, 'supply': 0, 'Beautification': 0, 'Installation': 0}",,,False,True,Immediate Measures
25015,"NIT 10/E/Bankipur/2022, Gr. No. 21","Construction of  U/G Drain and PCC road in navaratn colony, Rajendra nagar from Block no 19 to Premchnadra golumber in ward no.43 under Bankipur Division, PMC, Patna.","Construction of  U/G Drain and PCC road in navaratn colony, Rajendra nagar from Block no 19 to Premchnadra golumber in ward no.43 under Bankipur Division, PMC, Patna.",123843.0,INR,INR,2022-08-14 06:00:07+00:00,2022-08-14T05:53:50.825000+00:00,2023-12-28T11:29:45+00:00,"Aashish Prasad, Executive Engineer",EE,"BANKIPUR DIVISION, Patna Municipal Corporation, Patna","Ambedkar Bhawan, Vaishali Golumbar,Rajendra Nagar,Patna","Aashish Prasad, Executive Engineer",EE,"Bankipur Division,Patna Municipal Corporation,Patna",2500.0,500.0,590.0,True,"{'Flood': 0, 'Embankment': 0, 'embkt': 0, 'Relief': 0, 'Erosion': 0, 'SDRF': 0, 'Inundation': 0, 'Hydrology': 0, 'Silt': 0, 'Siltation': 0, 'Bund': 0, 'Trench': 0, 'Breach': 0, 'Culvert': 0, 'Sluice': 0, 'Dyke': 0, 'Storm water drain': 0, 'Emergency': 0, 'Immediate': 0, 'IM': 0, 'AE': 0, 'A E': 0, 'AAPDA MITRA': 0, 'Bridge': 0, 'River': 0, 'Drain': 2, 'Restoration': 0, 'Protection': 0, 'irr': 0, 'irrigation': 0, 'dam': 0, 'Nallah': 0, 'nala': 0, 'Retrofitting': 0, 'Pond': 0, 'Pokhari': 0, 'D/C': 0, 'Recharge shaft': 0, 'LFB': 0, 'RFB': 0}","{'Floodlight': 0, 'Flood Light': 0, 'GAS': 0, 'FIFA': 0, 'pipe': 0, 'pipes': 0, 'covid': 0, 'supply': 0, 'Beautification': 0, 'Installation': 0}",,,False,True,Immediate Measures
25019,"NIT 10/E/Bankipur/2022, Gr. No. 25","Construction of  U/G Drain and PCC road in Primary School Mahmudichak main gate to main road, in ward no.43 under Bankipur Division, PMC, Patna.","Construction of  U/G Drain and PCC road in Primary School Mahmudichak main gate to main road, in ward no.43 under Bankipur Division, PMC, Patna.",232858.0,INR,INR,2022-08-14 06:34:41+00:00,2022-08-14T06:29:08.660000+00:00,2023-08-24T10:09:07+00:00,"Aashish Prasad, Executive Engineer",EE,"BANKIPUR DIVISION, Patna Municipal Corporation, Patna","Ambedkar Bhawan, Vaishali Golumbar,Rajendra Nagar,Patna","Aashish Prasad, Executive Engineer",EE,"Bankipur Division,Patna Municipal Corporation,Patna",4700.0,500.0,590.0,True,"{'Flood': 0, 'Embankment': 0, 'embkt': 0, 'Relief': 0, 'Erosion': 0, 'SDRF': 0, 'Inundation': 0, 'Hydrology': 0, 'Silt': 0, 'Siltation': 0, 'Bund': 0, 'Trench': 0, 'Breach': 0, 'Culvert': 0, 'Sluice': 0, 'Dyke': 0, 'Storm water drain': 0, 'Emergency': 0, 'Immediate': 0, 'IM': 0, 'AE': 0, 'A E': 0, 'AAPDA MITRA': 0, 'Bridge': 0, 'River': 0, 'Drain': 2, 'Restoration': 0, 'Protection': 0, 'irr': 0, 'irrigation': 0, 'dam': 0, 'Nallah': 0, 'nala': 0, 'Retrofitting': 0, 'Pond': 0, 'Pokhari': 0, 'D/C': 0, 'Recharge shaft': 0, 'LFB': 0, 'RFB': 0}","{'Floodlight': 0, 'Flood Light': 0, 'GAS': 0, 'FIFA': 0, 'pipe': 0, 'pipes': 0, 'covid': 0, 'supply': 0, 'Beautification': 0, 'Installation': 0}",,,False,True,Immediate Measures
25021,"NIT 10/E/Bankipur/2022, Gr. No. 27","Construction of  U/G Drain and PCC road in jagjivan gali, Jagat narayan road from shop of Pradeep to Both side House of Prmod sinha to House of Mishra ji, in ward no.43 under Bankipur Division, PMC, Patna.","Construction of  U/G Drain and PCC road in jagjivan gali, Jagat narayan road from shop of Pradeep to Both side House of Prmod sinha to House of Mishra ji, in ward no.43 under Bankipur Division, PMC, Patna.",652002.0,INR,INR,2022-08-14 06:46:50+00:00,2022-08-14T06:40:59.193000+00:00,2023-05-26T11:16:55+00:00,"Aashish Prasad, Executive Engineer",EE,"BANKIPUR DIVISION, Patna Municipal Corporation, Patna","Ambedkar Bhawan, Vaishali Golumbar,Rajendra Nagar,Patna","Aashish Prasad, Executive Engineer",EE,"Bankipur Division,Patna Municipal Corporation,Patna",13100.0,1250.0,590.0,True,"{'Flood': 0, 'Embankment': 0, 'embkt': 0, 'Relief': 0, 'Erosion': 0, 'SDRF': 0, 'Inundation': 0, 'Hydrology': 0, 'Silt': 0, 'Siltation': 0, 'Bund': 0, 'Trench': 0, 'Breach': 0, 'Culvert': 0, 'Sluice': 0, 'Dyke': 0, 'Storm water drain': 0, 'Emergency': 0, 'Immediate': 0, 'IM': 0, 'AE': 0, 'A E': 0, 'AAPDA MITRA': 0, 'Bridge': 0, 'River': 0, 'Drain': 2, 'Restoration': 0, 'Protection': 0, 'irr': 0, 'irrigation': 0, 'dam': 0, 'Nallah': 0, 'nala': 0, 'Retrofitting': 0, 'Pond': 0, 'Pokhari': 0, 'D/C': 0, 'Recharge shaft': 0, 'LFB': 0, 'RFB': 0}","{'Floodlight': 0, 'Flood Light': 0, 'GAS': 0, 'FIFA': 0, 'pipe': 0, 'pipes': 0, 'covid': 0, 'supply': 0, 'Beautification': 0, 'Installation': 0}",,,False,True,Immediate Measures
25022,"NIT 10/E/Bankipur/2022, Gr. No. 28","Construction of  PCC road in Ambedkar bhawan, nala road  in ward no.43 under Bankipur Division, PMC, Patna.","Construction of  PCC road in Ambedkar bhawan, nala road  in ward no.43 under Bankipur Division, PMC, Patna.",188097.0,INR,INR,2022-08-14 06:55:02+00:00,2022-08-14T06:47:58.208000+00:00,2022-08-26T06:55:48+00:00,"Aashish Prasad, Executive Engineer",EE,"BANKIPUR DIVISION, Patna Municipal Corporation, Patna","Ambedkar Bhawan, Vaishali Golumbar,Rajendra Nagar,Patna","Aashish Prasad, Executive Engineer",EE,"Bankipur Division,Patna Municipal Corporation,Patna",3800.0,500.0,590.0,True,"{'Flood': 0, 'Embankment': 0, 'embkt': 0, 'Relief': 0, 'Erosion': 0, 'SDRF': 0, 'Inundation': 0, 'Hydrology': 0, 'Silt': 0, 'Siltation': 0, 'Bund': 0, 'Trench': 0, 'Breach': 0, 'Culvert': 0, 'Sluice': 0, 'Dyke': 0, 'Storm water drain': 0, 'Emergency': 0, 'Immediate': 0, 'IM': 0, 'AE': 0, 'A E': 0, 'AAPDA MITRA': 0, 'Bridge': 0, 'River': 0, 'Drain': 0, 'Restoration': 0, 'Protection': 0, 'irr': 0, 'irrigation': 0, 'dam': 0, 'Nallah': 0, 'nala': 2, 'Retrofitting': 0, 'Pond': 0, 'Pokhari': 0, 'D/C': 0, 'Recharge shaft': 0, 'LFB': 0, 'RFB': 0}","{'Floodlight': 0, 'Flood Light': 0, 'GAS': 0, 'FIFA': 0, 'pipe': 0, 'pipes': 0, 'covid': 0, 'supply': 0, 'Beautification': 0, 'Installation': 0}",,,False,True,Immediate Measures
25018,"NIT 10/E/Bankipur/2022, Gr. No. 24","Construction of  U/G Drain and PCC road in Jagat narayan road from Clinic of Dr. Moti laal singh to Congress commite office, in ward no.43 under Bankipur Division, PMC, Patna.","Construction of  U/G Drain and PCC road in Jagat narayan road from Clinic of Dr. Moti laal singh to Congress commite office, in ward no.43 under Bankipur Division, PMC, Patna.",639092.0,INR,INR,2022-08-14 06:28:26+00:00,2022-08-14T06:20:25.830000+00:00,2022-12-08T11:15:38+00:00,"Aashish Prasad, Executive Engineer",EE,"BANKIPUR DIVISION, Patna Municipal Corporation, Patna","Ambedkar Bhawan, Vaishali Golumbar,Rajendra Nagar,Patna","Aashish Prasad, Executive Engineer",EE,"Bankipur Division,Patna Municipal Corporation,Patna",12800.0,1250.0,590.0,True,"{'Flood': 0, 'Embankment': 0, 'embkt': 0, 'Relief': 0, 'Erosion': 0, 'SDRF': 0, 'Inundation': 0, 'Hydrology': 0, 'Silt': 0, 'Siltation': 0, 'Bund': 0, 'Trench': 0, 'Breach': 0, 'Culvert': 0, 'Sluice': 0, 'Dyke': 0, 'Storm water drain': 0, 'Emergency': 0, 'Immediate': 0, 'IM': 0, 'AE': 0, 'A E': 0, 'AAPDA MITRA': 0, 'Bridge': 0, 'River': 0, 'Drain': 2, 'Restoration': 0, 'Protection': 0, 'irr': 0, 'irrigation': 0, 'dam': 0, 'Nallah': 0, 'nala': 0, 'Retrofitting': 0, 'Pond': 0, 'Pokhari': 0, 'D/C': 0, 'Recharge shaft': 0, 'LFB': 0, 'RFB': 0}","{'Floodlight': 0, 'Flood Light': 0, 'GAS': 0, 'FIFA': 0, 'pipe': 0, 'pipes': 0, 'covid': 0, 'supply': 0, 'Beautification': 0, 'Installation': 0}",,,False,True,Immediate Measures
25028,"NIT 10/E/Bankipur/2022, Gr. No. 34","Construction of  U/G Drain and PCC road in Mahmuddi chak road no 10  Rajendra nagar from house of Krishna yadav advocate to house of Sita ram yadav , in ward no.43 under Bankipur Division, PMC, Patna.","Construction of  U/G Drain and PCC road in Mahmuddi chak road no 10  Rajendra nagar from house of Krishna yadav advocate to house of Sita ram yadav , in ward no.43 under Bankipur Division, PMC, Patna.",954919.0,INR,INR,2022-08-14 07:37:24+00:00,2022-08-14T07:32:10.176000+00:00,2024-01-30T12:33:52+00:00,"Aashish Prasad, Executive Engineer",EE,"BANKIPUR DIVISION, Patna Municipal Corporation, Patna","Ambedkar Bhawan, Vaishali Golumbar,Rajendra Nagar,Patna","Aashish Prasad, Executive Engineer",EE,"Bankipur Division,Patna Municipal Corporation,Patna",19100.0,1250.0,590.0,True,"{'Flood': 0, 'Embankment': 0, 'embkt': 0, 'Relief': 0, 'Erosion': 0, 'SDRF': 0, 'Inundation': 0, 'Hydrology': 0, 'Silt': 0, 'Siltation': 0, 'Bund': 0, 'Trench': 0, 'Breach': 0, 'Culvert': 0, 'Sluice': 0, 'Dyke': 0, 'Storm water drain': 0, 'Emergency': 0, 'Immediate': 0, 'IM': 0, 'AE': 0, 'A E': 0, 'AAPDA MITRA': 0, 'Bridge': 0, 'River': 0, 'Drain': 2, 'Restoration': 0, 'Protection': 0, 'irr': 0, 'irrigation': 0, 'dam': 0, 'Nallah': 0, 'nala': 0, 'Retrofitting': 0, 'Pond': 0, 'Pokhari': 0, 'D/C': 0, 'Recharge shaft': 0, 'LFB': 0, 'RFB': 0}","{'Floodlight': 0, 'Flood Light': 0, 'GAS': 0, 'FIFA': 0, 'pipe': 0, 'pipes': 0, 'covid': 0, 'supply': 0, 'Beautification': 0, 'Installation': 0}",,,False,True,Immediate Measures
25026,"NIT 10/E/Bankipur/2022, Gr. No. 32","Construction of  U/G Drain and PCC road in  Rajendra nagar road no 10 , Block E, From flat of Ashim prakash to main road in ward no.43 under Bankipur Division, PMC, Patna.","Construction of  U/G Drain and PCC road in  Rajendra nagar road no 10 , Block E, From flat of Ashim prakash to main road in ward no.43 under Bankipur Division, PMC, Patna.",191095.0,INR,INR,2022-08-14 07:25:18+00:00,2022-08-14T07:20:30.322000+00:00,2024-01-30T12:24:23+00:00,"Aashish Prasad, Executive Engineer",EE,"BANKIPUR DIVISION, Patna Municipal Corporation, Patna","Ambedkar Bhawan, Vaishali Golumbar,Rajendra Nagar,Patna","Aashish Prasad, Executive Engineer",EE,"Bankipur Division,Patna Municipal Corporation,Patna",3900.0,500.0,590.0,True,"{'Flood': 0, 'Embankment': 0, 'embkt': 0, 'Relief': 0, 'Erosion': 0, 'SDRF': 0, 'Inundation': 0, 'Hydrology': 0, 'Silt': 0, 'Siltation': 0, 'Bund': 0, 'Trench': 0, 'Breach': 0, 'Culvert': 0, 'Sluice': 0, 'Dyke': 0, 'Storm water drain': 0, 'Emergency': 0, 'Immediate': 0, 'IM': 0, 'AE': 0, 'A E': 0, 'AAPDA MITRA': 0, 'Bridge': 0, 'River': 0, 'Drain': 2, 'Restoration': 0, 'Protection': 0, 'irr': 0, 'irrigation': 0, 'dam': 0, 'Nallah': 0, 'nala': 0, 'Retrofitting': 0, 'Pond': 0, 'Pokhari': 0, 'D/C': 0, 'Recharge shaft': 0, 'LFB': 0, 'RFB': 0}","{'Floodlight': 0, 'Flood Light': 0, 'GAS': 0, 'FIFA': 0, 'pipe': 0, 'pipes': 0, 'covid': 0, 'supply': 0, 'Beautification': 0, 'Installation': 0}",,,False,True,Immediate Measures
25030,"NIT 10/E/Bankipur/2022, Gr. No. 35","Construction of  U/G Drain  in Ghagha ghat road from Bauya lal Thakur to Gulabi ghat peepal Mandir in ward no.49 under Bankipur Division, PMC, Patna.","Construction of  U/G Drain  in Ghagha ghat road from Bauya lal Thakur to Gulabi ghat peepal Mandir in ward no.49 under Bankipur Division, PMC, Patna.",646923.0,INR,INR,2022-08-14 07:43:35+00:00,2022-08-14T07:38:04.062000+00:00,2022-09-30T07:48:57+00:00,"Aashish Prasad, Executive Engineer",EE,"BANKIPUR DIVISION, Patna Municipal Corporation, Patna","Ambedkar Bhawan, Vaishali Golumbar,Rajendra Nagar,Patna","Aashish Prasad, Executive Engineer",EE,"Bankipur Division,Patna Municipal Corporation,Patna",13000.0,1250.0,590.0,True,"{'Flood': 0, 'Embankment': 0, 'embkt': 0, 'Relief': 0, 'Erosion': 0, 'SDRF': 0, 'Inundation': 0, 'Hydrology': 0, 'Silt': 0, 'Siltation': 0, 'Bund': 0, 'Trench': 0, 'Breach': 0, 'Culvert': 0, 'Sluice': 0, 'Dyke': 0, 'Storm water drain': 0, 'Emergency': 0, 'Immediate': 0, 'IM': 0, 'AE': 0, 'A E': 0, 'AAPDA MITRA': 0, 'Bridge': 0, 'River': 0, 'Drain': 2, 'Restoration': 0, 'Protection': 0, 'irr': 0, 'irrigation': 0, 'dam': 0, 'Nallah': 0, 'nala': 0, 'Retrofitting': 0, 'Pond': 0, 'Pokhari': 0, 'D/C': 0, 'Recharge shaft': 0, 'LFB': 0, 'RFB': 0}","{'Floodlight': 0, 'Flood Light': 0, 'GAS': 0, 'FIFA': 0, 'pipe': 0, 'pipes': 0, 'covid': 0, 'supply': 0, 'Beautification': 0, 'Installation': 0}",,,False,True,Immediate Measures
25031,"NIT 10/E/Bankipur/2022, Gr. No. 36","Construction of  U/G Drain and PCC Road  in Devi mandir House of Vipul ji to House of Gorakh mahto ward no.49 under Bankipur Division, PMC, Patna.","Construction of  U/G Drain and PCC Road  in Devi mandir House of Vipul ji to House of Gorakh mahto ward no.49 under Bankipur Division, PMC, Patna.",535220.0,INR,INR,2022-08-14 07:49:33+00:00,2022-08-14T07:44:13.414000+00:00,2022-09-30T07:08:36+00:00,"Aashish Prasad, Executive Engineer",EE,"BANKIPUR DIVISION, Patna Municipal Corporation, Patna","Ambedkar Bhawan, Vaishali Golumbar,Rajendra Nagar,Patna","Aashish Prasad, Executive Engineer",EE,"Bankipur Division,Patna Municipal Corporation,Patna",10800.0,1250.0,590.0,True,"{'Flood': 0, 'Embankment': 0, 'embkt': 0, 'Relief': 0, 'Erosion': 0, 'SDRF': 0, 'Inundation': 0, 'Hydrology': 0, 'Silt': 0, 'Siltation': 0, 'Bund': 0, 'Trench': 0, 'Breach': 0, 'Culvert': 0, 'Sluice': 0, 'Dyke': 0, 'Storm water drain': 0, 'Emergency': 0, 'Immediate': 0, 'IM': 0, 'AE': 0, 'A E': 0, 'AAPDA MITRA': 0, 'Bridge': 0, 'River': 0, 'Drain': 2, 'Restoration': 0, 'Protection': 0, 'irr': 0, 'irrigation': 0, 'dam': 0, 'Nallah': 0, 'nala': 0, 'Retrofitting': 0, 'Pond': 0, 'Pokhari': 0, 'D/C': 0, 'Recharge shaft': 0, 'LFB': 0, 'RFB': 0}","{'Floodlight': 0, 'Flood Light': 0, 'GAS': 0, 'FIFA': 0, 'pipe': 0, 'pipes': 0, 'covid': 0, 'supply': 0, 'Beautification': 0, 'Installation': 0}",,,False,True,Immediate Measures
25033,"NIT 10/E/Bankipur/2022, Gr. No. 38","Construction of  U/G Drain and PCC road in Ghgha Ghat Lane From House of Jagdish Ji to House of Krishna Rajak ward no.49 under Bankipur Division, PMC, Patna.","Construction of  U/G Drain and PCC road in Ghgha Ghat Lane From House of Jagdish Ji to House of Krishna Rajak ward no.49 under Bankipur Division, PMC, Patna.",233521.0,INR,INR,2022-08-14 08:01:30+00:00,2022-08-14T07:55:34.044000+00:00,2022-09-30T07:19:54+00:00,"Aashish Prasad, Executive Engineer",EE,"BANKIPUR DIVISION, Patna Municipal Corporation, Patna","Ambedkar Bhawan, Vaishali Golumbar,Rajendra Nagar,Patna","Aashish Prasad, Executive Engineer",EE,"Bankipur Division,Patna Municipal Corporation,Patna",4700.0,500.0,590.0,True,"{'Flood': 0, 'Embankment': 0, 'embkt': 0, 'Relief': 0, 'Erosion': 0, 'SDRF': 0, 'Inundation': 0, 'Hydrology': 0, 'Silt': 0, 'Siltation': 0, 'Bund': 0, 'Trench': 0, 'Breach': 0, 'Culvert': 0, 'Sluice': 0, 'Dyke': 0, 'Storm water drain': 0, 'Emergency': 0, 'Immediate': 0, 'IM': 0, 'AE': 0, 'A E': 0, 'AAPDA MITRA': 0, 'Bridge': 0, 'River': 0, 'Drain': 2, 'Restoration': 0, 'Protection': 0, 'irr': 0, 'irrigation': 0, 'dam': 0, 'Nallah': 0, 'nala': 0, 'Retrofitting': 0, 'Pond': 0, 'Pokhari': 0, 'D/C': 0, 'Recharge shaft': 0, 'LFB': 0, 'RFB': 0}","{'Floodlight': 0, 'Flood Light': 0, 'GAS': 0, 'FIFA': 0, 'pipe': 0, 'pipes': 0, 'covid': 0, 'supply': 0, 'Beautification': 0, 'Installation': 0}",,,False,True,Immediate Measures
25032,"NIT 10/E/Bankipur/2022, Gr. No. 37","Construction of  U/G Drain and PCC road in Shivdurgaya Lane From House of Lala Thakur to House of Ashok ji ward no.49 under Bankipur Division, PMC, Patna.","Construction of  U/G Drain and PCC road in Shivdurgaya Lane From House of Lala Thakur to House of Ashok ji ward no.49 under Bankipur Division, PMC, Patna.",790394.0,INR,INR,2022-08-14 07:54:58+00:00,2022-08-14T07:50:09.698000+00:00,2022-09-30T07:56:20+00:00,"Aashish Prasad, Executive Engineer",EE,"BANKIPUR DIVISION, Patna Municipal Corporation, Patna","Ambedkar Bhawan, Vaishali Golumbar,Rajendra Nagar,Patna","Aashish Prasad, Executive Engineer",EE,"Bankipur Division,Patna Municipal Corporation,Patna",15900.0,1250.0,590.0,True,"{'Flood': 0, 'Embankment': 0, 'embkt': 0, 'Relief': 0, 'Erosion': 0, 'SDRF': 0, 'Inundation': 0, 'Hydrology': 0, 'Silt': 0, 'Siltation': 0, 'Bund': 0, 'Trench': 0, 'Breach': 0, 'Culvert': 0, 'Sluice': 0, 'Dyke': 0, 'Storm water drain': 0, 'Emergency': 0, 'Immediate': 0, 'IM': 0, 'AE': 0, 'A E': 0, 'AAPDA MITRA': 0, 'Bridge': 0, 'River': 0, 'Drain': 2, 'Restoration': 0, 'Protection': 0, 'irr': 0, 'irrigation': 0, 'dam': 0, 'Nallah': 0, 'nala': 0, 'Retrofitting': 0, 'Pond': 0, 'Pokhari': 0, 'D/C': 0, 'Recharge shaft': 0, 'LFB': 0, 'RFB': 0}","{'Floodlight': 0, 'Flood Light': 0, 'GAS': 0, 'FIFA': 0, 'pipe': 0, 'pipes': 0, 'covid': 0, 'supply': 0, 'Beautification': 0, 'Installation': 0}",,,False,True,Immediate Measures
25034,"NIT 10/E/Bankipur/2022, Gr. No. 39","Construction of  U/G Drain  in West of Mahendru post office Ashok Raj path to House of Raju gop ward no.49 under Bankipur Division, PMC, Patna.","Construction of  U/G Drain  in West of Mahendru post office Ashok Raj path to House of Raju gop ward no.49 under Bankipur Division, PMC, Patna.",866318.0,INR,INR,2022-08-14 08:07:07+00:00,2022-08-14T08:02:10.498000+00:00,2022-11-24T08:49:47+00:00,"Aashish Prasad, Executive Engineer",EE,"BANKIPUR DIVISION, Patna Municipal Corporation, Patna","Ambedkar Bhawan, Vaishali Golumbar,Rajendra Nagar,Patna","Aashish Prasad, Executive Engineer",EE,"Bankipur Division,Patna Municipal Corporation,Patna",17400.0,1250.0,590.0,True,"{'Flood': 0, 'Embankment': 0, 'embkt': 0, 'Relief': 0, 'Erosion': 0, 'SDRF': 0, 'Inundation': 0, 'Hydrology': 0, 'Silt': 0, 'Siltation': 0, 'Bund': 0, 'Trench': 0, 'Breach': 0, 'Culvert': 0, 'Sluice': 0, 'Dyke': 0, 'Storm water drain': 0, 'Emergency': 0, 'Immediate': 0, 'IM': 0, 'AE': 0, 'A E': 0, 'AAPDA MITRA': 0, 'Bridge': 0, 'River': 0, 'Drain': 2, 'Restoration': 0, 'Protection': 0, 'irr': 0, 'irrigation': 0, 'dam': 0, 'Nallah': 0, 'nala': 0, 'Retrofitting': 0, 'Pond': 0, 'Pokhari': 0, 'D/C': 0, 'Recharge shaft': 0, 'LFB': 0, 'RFB': 0}","{'Floodlight': 0, 'Flood Light': 0, 'GAS': 0, 'FIFA': 0, 'pipe': 0, 'pipes': 0, 'covid': 0, 'supply': 0, 'Beautification': 0, 'Installation': 0}",,,False,True,Immediate Measures
25027,"NIT 10/E/Bankipur/2022, Gr. No. 33","Construction of  U/G Drain and PCC road in Congress maidan bagicha link lane, in ward no.43 under Bankipur Division, PMC, Patna.","Construction of  U/G Drain and PCC road in Congress maidan bagicha link lane, in ward no.43 under Bankipur Division, PMC, Patna.",95470.0,INR,INR,2022-08-14 07:31:28+00:00,2022-08-14T07:26:25.918000+00:00,2023-08-30T06:30:21+00:00,"Aashish Prasad, Executive Engineer",EE,"BANKIPUR DIVISION, Patna Municipal Corporation, Patna","Ambedkar Bhawan, Vaishali Golumbar,Rajendra Nagar,Patna","Aashish Prasad, Executive Engineer",EE,"Bankipur Division,Patna Municipal Corporation,Patna",2000.0,500.0,590.0,True,"{'Flood': 0, 'Embankment': 0, 'embkt': 0, 'Relief': 0, 'Erosion': 0, 'SDRF': 0, 'Inundation': 0, 'Hydrology': 0, 'Silt': 0, 'Siltation': 0, 'Bund': 0, 'Trench': 0, 'Breach': 0, 'Culvert': 0, 'Sluice': 0, 'Dyke': 0, 'Storm water drain': 0, 'Emergency': 0, 'Immediate': 0, 'IM': 0, 'AE': 0, 'A E': 0, 'AAPDA MITRA': 0, 'Bridge': 0, 'River': 0, 'Drain': 2, 'Restoration': 0, 'Protection': 0, 'irr': 0, 'irrigation': 0, 'dam': 0, 'Nallah': 0, 'nala': 0, 'Retrofitting': 0, 'Pond': 0, 'Pokhari': 0, 'D/C': 0, 'Recharge shaft': 0, 'LFB': 0, 'RFB': 0}","{'Floodlight': 0, 'Flood Light': 0, 'GAS': 0, 'FIFA': 0, 'pipe': 0, 'pipes': 0, 'covid': 0, 'supply': 0, 'Beautification': 0, 'Installation': 0}",,,False,True,Immediate Measures
25036,"NIT 10/E/Bankipur/2022, Gr. No. 40","Construction of  U/G Drain  in East of Mahendru post office Ashok Raj path to House of Vaishnavi Apartment ward no.49 under Bankipur Division, PMC, Patna.","Construction of  U/G Drain  in East of Mahendru post office Ashok Raj path to House of Vaishnavi Apartment ward no.49 under Bankipur Division, PMC, Patna.",894047.0,INR,INR,2022-08-14 08:12:55+00:00,2022-08-14T08:07:48.182000+00:00,2022-11-24T09:00:06+00:00,"Aashish Prasad, Executive Engineer",EE,"BANKIPUR DIVISION, Patna Municipal Corporation, Patna","Ambedkar Bhawan, Vaishali Golumbar,Rajendra Nagar,Patna","Aashish Prasad, Executive Engineer",EE,"Bankipur Division,Patna Municipal Corporation,Patna",17900.0,1250.0,590.0,True,"{'Flood': 0, 'Embankment': 0, 'embkt': 0, 'Relief': 0, 'Erosion': 0, 'SDRF': 0, 'Inundation': 0, 'Hydrology': 0, 'Silt': 0, 'Siltation': 0, 'Bund': 0, 'Trench': 0, 'Breach': 0, 'Culvert': 0, 'Sluice': 0, 'Dyke': 0, 'Storm water drain': 0, 'Emergency': 0, 'Immediate': 0, 'IM': 0, 'AE': 0, 'A E': 0, 'AAPDA MITRA': 0, 'Bridge': 0, 'River': 0, 'Drain': 2, 'Restoration': 0, 'Protection': 0, 'irr': 0, 'irrigation': 0, 'dam': 0, 'Nallah': 0, 'nala': 0, 'Retrofitting': 0, 'Pond': 0, 'Pokhari': 0, 'D/C': 0, 'Recharge shaft': 0, 'LFB': 0, 'RFB': 0}","{'Floodlight': 0, 'Flood Light': 0, 'GAS': 0, 'FIFA': 0, 'pipe': 0, 'pipes': 0, 'covid': 0, 'supply': 0, 'Beautification': 0, 'Installation': 0}",,,False,True,Immediate Measures
25038,"NIT 10/E/Bankipur/2022, Gr. No. 42","Construction of  U/G Drain and PCC road From Shahganj Maidan to Aafrine Bhai  in ward no.49 under Bankipur Division, PMC, Patna.","Construction of  U/G Drain and PCC road From Shahganj Maidan to Aafrine Bhai  in ward no.49 under Bankipur Division, PMC, Patna.",1476789.0,INR,INR,2022-08-14 08:30:45+00:00,2022-08-14T08:23:26.184000+00:00,2022-11-24T09:12:25+00:00,"Aashish Prasad, Executive Engineer",EE,"BANKIPUR DIVISION, Patna Municipal Corporation, Patna","Ambedkar Bhawan, Vaishali Golumbar,Rajendra Nagar,Patna","Aashish Prasad, Executive Engineer",EE,"Bankipur Division,Patna Municipal Corporation,Patna",29600.0,2500.0,590.0,True,"{'Flood': 0, 'Embankment': 0, 'embkt': 0, 'Relief': 0, 'Erosion': 0, 'SDRF': 0, 'Inundation': 0, 'Hydrology': 0, 'Silt': 0, 'Siltation': 0, 'Bund': 0, 'Trench': 0, 'Breach': 0, 'Culvert': 0, 'Sluice': 0, 'Dyke': 0, 'Storm water drain': 0, 'Emergency': 0, 'Immediate': 0, 'IM': 0, 'AE': 0, 'A E': 0, 'AAPDA MITRA': 0, 'Bridge': 0, 'River': 0, 'Drain': 2, 'Restoration': 0, 'Protection': 0, 'irr': 0, 'irrigation': 0, 'dam': 0, 'Nallah': 0, 'nala': 0, 'Retrofitting': 0, 'Pond': 0, 'Pokhari': 0, 'D/C': 0, 'Recharge shaft': 0, 'LFB': 0, 'RFB': 0}","{'Floodlight': 0, 'Flood Light': 0, 'GAS': 0, 'FIFA': 0, 'pipe': 0, 'pipes': 0, 'covid': 0, 'supply': 0, 'Beautification': 0, 'Installation': 0}",,,False,True,Immediate Measures
25042,"NIT 10/E/Bankipur/2022, Gr. No. 46","Construction of  U/G Drain  in Training school  Ashok Raj path to Devraj hotel, Gulbi ghat ward no.49 under Bankipur Division, PMC, Patna.","Construction of  U/G Drain  in Training school  Ashok Raj path to Devraj hotel, Gulbi ghat ward no.49 under Bankipur Division, PMC, Patna.",675837.0,INR,INR,2022-08-14 09:00:00+00:00,2022-08-14T08:55:02.172000+00:00,2022-09-30T08:14:32+00:00,"Aashish Prasad, Executive Engineer",EE,"BANKIPUR DIVISION, Patna Municipal Corporation, Patna","Ambedkar Bhawan, Vaishali Golumbar,Rajendra Nagar,Patna","Aashish Prasad, Executive Engineer",EE,"Bankipur Division,Patna Municipal Corporation,Patna",13600.0,1250.0,590.0,True,"{'Flood': 0, 'Embankment': 0, 'embkt': 0, 'Relief': 0, 'Erosion': 0, 'SDRF': 0, 'Inundation': 0, 'Hydrology': 0, 'Silt': 0, 'Siltation': 0, 'Bund': 0, 'Trench': 0, 'Breach': 0, 'Culvert': 0, 'Sluice': 0, 'Dyke': 0, 'Storm water drain': 0, 'Emergency': 0, 'Immediate': 0, 'IM': 0, 'AE': 0, 'A E': 0, 'AAPDA MITRA': 0, 'Bridge': 0, 'River': 0, 'Drain': 2, 'Restoration': 0, 'Protection': 0, 'irr': 0, 'irrigation': 0, 'dam': 0, 'Nallah': 0, 'nala': 0, 'Retrofitting': 0, 'Pond': 0, 'Pokhari': 0, 'D/C': 0, 'Recharge shaft': 0, 'LFB': 0, 'RFB': 0}","{'Floodlight': 0, 'Flood Light': 0, 'GAS': 0, 'FIFA': 0, 'pipe': 0, 'pipes': 0, 'covid': 0, 'supply': 0, 'Beautification': 0, 'Installation': 0}",,,False,True,Immediate Measures
25040,"NIT 10/E/Bankipur/2022, Gr. No. 44","Construction of  U/G Drain and PCC road in Bhagirathi lane From  House of bachhu rajak  to House of Om Prakash  ward no.49 under Bankipur Division, PMC, Patna.","Construction of  U/G Drain and PCC road in Bhagirathi lane From  House of bachhu rajak  to House of Om Prakash  ward no.49 under Bankipur Division, PMC, Patna.",305706.0,INR,INR,2022-08-14 08:48:38+00:00,2022-08-14T08:39:35.985000+00:00,2022-09-30T08:05:41+00:00,"Aashish Prasad, Executive Engineer",EE,"BANKIPUR DIVISION, Patna Municipal Corporation, Patna","Ambedkar Bhawan, Vaishali Golumbar,Rajendra Nagar,Patna","Aashish Prasad, Executive Engineer",EE,"Bankipur Division,Patna Municipal Corporation,Patna",6200.0,750.0,590.0,True,"{'Flood': 0, 'Embankment': 0, 'embkt': 0, 'Relief': 0, 'Erosion': 0, 'SDRF': 0, 'Inundation': 0, 'Hydrology': 0, 'Silt': 0, 'Siltation': 0, 'Bund': 0, 'Trench': 0, 'Breach': 0, 'Culvert': 0, 'Sluice': 0, 'Dyke': 0, 'Storm water drain': 0, 'Emergency': 0, 'Immediate': 0, 'IM': 0, 'AE': 0, 'A E': 0, 'AAPDA MITRA': 0, 'Bridge': 0, 'River': 0, 'Drain': 2, 'Restoration': 0, 'Protection': 0, 'irr': 0, 'irrigation': 0, 'dam': 0, 'Nallah': 0, 'nala': 0, 'Retrofitting': 0, 'Pond': 0, 'Pokhari': 0, 'D/C': 0, 'Recharge shaft': 0, 'LFB': 0, 'RFB': 0}","{'Floodlight': 0, 'Flood Light': 0, 'GAS': 0, 'FIFA': 0, 'pipe': 0, 'pipes': 0, 'covid': 0, 'supply': 0, 'Beautification': 0, 'Installation': 0}",,,False,True,Immediate Measures
25045,"NIT 10/E/Bankipur/2022, Gr. No. 48","Construction of  U/G Drain  in Jhameli saw lane, from House of bablu to Shahganj chauraha ward no.49 under Bankipur Division, PMC, Patna.","Construction of  U/G Drain  in Jhameli saw lane, from House of bablu to Shahganj chauraha ward no.49 under Bankipur Division, PMC, Patna.",1464301.0,INR,INR,2022-08-14 09:12:46+00:00,2022-08-14T09:07:48.458000+00:00,2022-09-30T07:40:27+00:00,"Aashish Prasad, Executive Engineer",EE,"BANKIPUR DIVISION, Patna Municipal Corporation, Patna","Ambedkar Bhawan, Vaishali Golumbar,Rajendra Nagar,Patna","Aashish Prasad, Executive Engineer",EE,"Bankipur Division,Patna Municipal Corporation,Patna",29300.0,2500.0,590.0,True,"{'Flood': 0, 'Embankment': 0, 'embkt': 0, 'Relief': 0, 'Erosion': 0, 'SDRF': 0, 'Inundation': 0, 'Hydrology': 0, 'Silt': 0, 'Siltation': 0, 'Bund': 0, 'Trench': 0, 'Breach': 0, 'Culvert': 0, 'Sluice': 0, 'Dyke': 0, 'Storm water drain': 0, 'Emergency': 0, 'Immediate': 0, 'IM': 0, 'AE': 0, 'A E': 0, 'AAPDA MITRA': 0, 'Bridge': 0, 'River': 0, 'Drain': 2, 'Restoration': 0, 'Protection': 0, 'irr': 0, 'irrigation': 0, 'dam': 0, 'Nallah': 0, 'nala': 0, 'Retrofitting': 0, 'Pond': 0, 'Pokhari': 0, 'D/C': 0, 'Recharge shaft': 0, 'LFB': 0, 'RFB': 0}","{'Floodlight': 0, 'Flood Light': 0, 'GAS': 0, 'FIFA': 0, 'pipe': 0, 'pipes': 0, 'covid': 0, 'supply': 0, 'Beautification': 0, 'Installation': 0}",,,False,True,Immediate Measures
25037,"NIT 10/E/Bankipur/2022, Gr. No. 41","Construction of  U/G Drain and PCC road in Chaitola Panchit ashtan From   Panchit ashtan to House of Krishna pandit ward no.49 under Bankipur Division, PMC, Patna.","Construction of  U/G Drain and PCC road in Chaitola Panchit ashtan From   Panchit ashtan to House of Krishna pandit ward no.49 under Bankipur Division, PMC, Patna.",206280.0,INR,INR,2022-08-14 08:22:40+00:00,2022-08-14T08:13:34.085000+00:00,2022-08-26T08:20:19+00:00,"Aashish Prasad, Executive Engineer",EE,"BANKIPUR DIVISION, Patna Municipal Corporation, Patna","Ambedkar Bhawan, Vaishali Golumbar,Rajendra Nagar,Patna","Aashish Prasad, Executive Engineer",EE,"Bankipur Division,Patna Municipal Corporation,Patna",4200.0,500.0,590.0,True,"{'Flood': 0, 'Embankment': 0, 'embkt': 0, 'Relief': 0, 'Erosion': 0, 'SDRF': 0, 'Inundation': 0, 'Hydrology': 0, 'Silt': 0, 'Siltation': 0, 'Bund': 0, 'Trench': 0, 'Breach': 0, 'Culvert': 0, 'Sluice': 0, 'Dyke': 0, 'Storm water drain': 0, 'Emergency': 0, 'Immediate': 0, 'IM': 0, 'AE': 0, 'A E': 0, 'AAPDA MITRA': 0, 'Bridge': 0, 'River': 0, 'Drain': 2, 'Restoration': 0, 'Protection': 0, 'irr': 0, 'irrigation': 0, 'dam': 0, 'Nallah': 0, 'nala': 0, 'Retrofitting': 0, 'Pond': 0, 'Pokhari': 0, 'D/C': 0, 'Recharge shaft': 0, 'LFB': 0, 'RFB': 0}","{'Floodlight': 0, 'Flood Light': 0, 'GAS': 0, 'FIFA': 0, 'pipe': 0, 'pipes': 0, 'covid': 0, 'supply': 0, 'Beautification': 0, 'Installation': 0}",,,False,True,Immediate Measures
25043,"NIT 10/E/Bankipur/2022, Gr. No. 47","Construction of  U/G Drain and PCC Road  in Shahganj maidan From House of mantu bhai to kalim bekari and house of Guddu ji ward no.49 under Bankipur Division, PMC, Patna.","Construction of  U/G Drain and PCC Road  in Shahganj maidan From House of mantu bhai to kalim bekari and house of Guddu ji ward no.49 under Bankipur Division, PMC, Patna.",376363.0,INR,INR,2022-08-14 09:07:11+00:00,2022-08-14T09:00:51.277000+00:00,2022-11-24T09:21:33+00:00,"Aashish Prasad, Executive Engineer",EE,"BANKIPUR DIVISION, Patna Municipal Corporation, Patna","Ambedkar Bhawan, Vaishali Golumbar,Rajendra Nagar,Patna","Aashish Prasad, Executive Engineer",EE,"Bankipur Division,Patna Municipal Corporation,Patna",7600.0,750.0,590.0,True,"{'Flood': 0, 'Embankment': 0, 'embkt': 0, 'Relief': 0, 'Erosion': 0, 'SDRF': 0, 'Inundation': 0, 'Hydrology': 0, 'Silt': 0, 'Siltation': 0, 'Bund': 0, 'Trench': 0, 'Breach': 0, 'Culvert': 0, 'Sluice': 0, 'Dyke': 0, 'Storm water drain': 0, 'Emergency': 0, 'Immediate': 0, 'IM': 0, 'AE': 0, 'A E': 0, 'AAPDA MITRA': 0, 'Bridge': 0, 'River': 0, 'Drain': 2, 'Restoration': 0, 'Protection': 0, 'irr': 0, 'irrigation': 0, 'dam': 0, 'Nallah': 0, 'nala': 0, 'Retrofitting': 0, 'Pond': 0, 'Pokhari': 0, 'D/C': 0, 'Recharge shaft': 0, 'LFB': 0, 'RFB': 0}","{'Floodlight': 0, 'Flood Light': 0, 'GAS': 0, 'FIFA': 0, 'pipe': 0, 'pipes': 0, 'covid': 0, 'supply': 0, 'Beautification': 0, 'Installation': 0}",,,False,True,Immediate Measures
25047,02/2022-23 (Gr-02),Restoration of Mahangupur Sub Distributory.,Restoration of Mahangupur Sub Distributory.,5403905.0,INR,INR,2022-08-14 10:48:36+00:00,2022-08-14T10:00:22.785000+00:00,2022-10-10T08:24:52+00:00,GAUTAM KUMAR,EXECUTIVE ENGINEER,"IRRIGATION DIVISION, JAMUI","IRRIGATION DIVISION, JAMUI",MD QAMRE ALAM,SE,WRD,108100.0,10000.0,590.0,True,"{'Flood': 0, 'Embankment': 0, 'embkt': 0, 'Relief': 0, 'Erosion': 0, 'SDRF': 0, 'Inundation': 0, 'Hydrology': 0, 'Silt': 0, 'Siltation': 0, 'Bund': 0, 'Trench': 0, 'Breach': 0, 'Culvert': 0, 'Sluice': 0, 'Dyke': 0, 'Storm water drain': 0, 'Emergency': 0, 'Immediate': 0, 'IM': 0, 'AE': 0, 'A E': 0, 'AAPDA MITRA': 0, 'Bridge': 0, 'River': 0, 'Drain': 0, 'Restoration': 2, 'Protection': 0, 'irr': 0, 'irrigation': 0, 'dam': 0, 'Nallah': 0, 'nala': 0, 'Retrofitting': 0, 'Pond': 0, 'Pokhari': 0, 'D/C': 0, 'Recharge shaft': 0, 'LFB': 0, 'RFB': 0}","{'Floodlight': 0, 'Flood Light': 0, 'GAS': 0, 'FIFA': 0, 'pipe': 0, 'pipes': 0, 'covid': 0, 'supply': 0, 'Beautification': 0, 'Installation': 0}",,,False,False,Immediate Measures
25044,02/2022-23 GR-01,Restoration of Fatehpur Distributory,Restoration of Fatehpur Distributory,15084192.0,INR,INR,2022-08-14 09:55:06+00:00,2022-08-14T09:02:30.931000+00:00,2022-09-28T03:08:38+00:00,GAUTAM KUMAR,EXECUTIVE ENGINEER,"IRRIGATION DIVISION, JAMUI","IRRIGATION DIVISION, JAMUI",MD QAMRE ALAM,SE,WRD,301700.0,10000.0,3540.0,True,"{'Flood': 0, 'Embankment': 0, 'embkt': 0, 'Relief': 0, 'Erosion': 0, 'SDRF': 0, 'Inundation': 0, 'Hydrology': 0, 'Silt': 0, 'Siltation': 0, 'Bund': 0, 'Trench': 0, 'Breach': 0, 'Culvert': 0, 'Sluice': 0, 'Dyke': 0, 'Storm water drain': 0, 'Emergency': 0, 'Immediate': 0, 'IM': 0, 'AE': 0, 'A E': 0, 'AAPDA MITRA': 0, 'Bridge': 0, 'River': 0, 'Drain': 0, 'Restoration': 2, 'Protection': 0, 'irr': 0, 'irrigation': 0, 'dam': 0, 'Nallah': 0, 'nala': 0, 'Retrofitting': 0, 'Pond': 0, 'Pokhari': 0, 'D/C': 0, 'Recharge shaft': 0, 'LFB': 0, 'RFB': 0}","{'Floodlight': 0, 'Flood Light': 0, 'GAS': 0, 'FIFA': 0, 'pipe': 0, 'pipes': 0, 'covid': 0, 'supply': 0, 'Beautification': 0, 'Installation': 0}",,,False,False,Immediate Measures
25041,"NIT 10/E/Bankipur/2022, Gr. No. 45","Construction of  U/G Drain and PCC road in Ranighat Lane From  Peepal Mandir to House of Rajesh tiwari ward no.49 under Bankipur Division, PMC, Patna.","Construction of  U/G Drain and PCC road in Ranighat Lane From  Peepal Mandir to House of Rajesh tiwari ward no.49 under Bankipur Division, PMC, Patna.",236229.0,INR,INR,2022-08-14 08:54:11+00:00,2022-08-14T08:49:16.432000+00:00,2022-08-26T08:53:01+00:00,"Aashish Prasad, Executive Engineer",EE,"BANKIPUR DIVISION, Patna Municipal Corporation, Patna","Ambedkar Bhawan, Vaishali Golumbar,Rajendra Nagar,Patna","Aashish Prasad, Executive Engineer",EE,"Bankipur Division,Patna Municipal Corporation,Patna",4800.0,500.0,590.0,True,"{'Flood': 0, 'Embankment': 0, 'embkt': 0, 'Relief': 0, 'Erosion': 0, 'SDRF': 0, 'Inundation': 0, 'Hydrology': 0, 'Silt': 0, 'Siltation': 0, 'Bund': 0, 'Trench': 0, 'Breach': 0, 'Culvert': 0, 'Sluice': 0, 'Dyke': 0, 'Storm water drain': 0, 'Emergency': 0, 'Immediate': 0, 'IM': 0, 'AE': 0, 'A E': 0, 'AAPDA MITRA': 0, 'Bridge': 0, 'River': 0, 'Drain': 2, 'Restoration': 0, 'Protection': 0, 'irr': 0, 'irrigation': 0, 'dam': 0, 'Nallah': 0, 'nala': 0, 'Retrofitting': 0, 'Pond': 0, 'Pokhari': 0, 'D/C': 0, 'Recharge shaft': 0, 'LFB': 0, 'RFB': 0}","{'Floodlight': 0, 'Flood Light': 0, 'GAS': 0, 'FIFA': 0, 'pipe': 0, 'pipes': 0, 'covid': 0, 'supply': 0, 'Beautification': 0, 'Installation': 0}",,,False,True,Immediate Measures
25039,"NIT 10/E/Bankipur/2022, Gr. No. 43","Construction of  U/G Drain  in Ghagha ghat, from house of Uday narayan pandey to House of Late Narad ji ward no.49 under Bankipur Division, PMC, Patna.","Construction of  U/G Drain  in Ghagha ghat, from house of Uday narayan pandey to House of Late Narad ji ward no.49 under Bankipur Division, PMC, Patna.",903593.0,INR,INR,2022-08-14 08:38:56+00:00,2022-08-14T08:31:25.303000+00:00,2022-09-30T07:29:07+00:00,"Aashish Prasad, Executive Engineer",EE,"BANKIPUR DIVISION, Patna Municipal Corporation, Patna","Ambedkar Bhawan, Vaishali Golumbar,Rajendra Nagar,Patna","Aashish Prasad, Executive Engineer",EE,"Bankipur Division,Patna Municipal Corporation,Patna",18100.0,1250.0,590.0,True,"{'Flood': 0, 'Embankment': 0, 'embkt': 0, 'Relief': 0, 'Erosion': 0, 'SDRF': 0, 'Inundation': 0, 'Hydrology': 0, 'Silt': 0, 'Siltation': 0, 'Bund': 0, 'Trench': 0, 'Breach': 0, 'Culvert': 0, 'Sluice': 0, 'Dyke': 0, 'Storm water drain': 0, 'Emergency': 0, 'Immediate': 0, 'IM': 0, 'AE': 0, 'A E': 0, 'AAPDA MITRA': 0, 'Bridge': 0, 'River': 0, 'Drain': 2, 'Restoration': 0, 'Protection': 0, 'irr': 0, 'irrigation': 0, 'dam': 0, 'Nallah': 0, 'nala': 0, 'Retrofitting': 0, 'Pond': 0, 'Pokhari': 0, 'D/C': 0, 'Recharge shaft': 0, 'LFB': 0, 'RFB': 0}","{'Floodlight': 0, 'Flood Light': 0, 'GAS': 0, 'FIFA': 0, 'pipe': 0, 'pipes': 0, 'covid': 0, 'supply': 0, 'Beautification': 0, 'Installation': 0}",,,False,True,Immediate Measures
25048,02/2022-23 (GR- 03),Restoration of Majhauli Distributory,Restoration of Majhauli Distributory,6568658.0,INR,INR,2022-08-14 11:26:29+00:00,2022-08-14T10:53:28.940000+00:00,2022-10-10T08:34:17+00:00,GAUTAM KUMAR,EXECUTIVE ENGINEER,"IRRIGATION DIVISION, JAMUI","IRRIGATION DIVISION, JAMUI",MD QAMRE ALAM,SE,WRD,131400.0,10000.0,590.0,True,"{'Flood': 0, 'Embankment': 0, 'embkt': 0, 'Relief': 0, 'Erosion': 0, 'SDRF': 0, 'Inundation': 0, 'Hydrology': 0, 'Silt': 0, 'Siltation': 0, 'Bund': 0, 'Trench': 0, 'Breach': 0, 'Culvert': 0, 'Sluice': 0, 'Dyke': 0, 'Storm water drain': 0, 'Emergency': 0, 'Immediate': 0, 'IM': 0, 'AE': 0, 'A E': 0, 'AAPDA MITRA': 0, 'Bridge': 0, 'River': 0, 'Drain': 0, 'Restoration': 2, 'Protection': 0, 'irr': 0, 'irrigation': 0, 'dam': 0, 'Nallah': 0, 'nala': 0, 'Retrofitting': 0, 'Pond': 0, 'Pokhari': 0, 'D/C': 0, 'Recharge shaft': 0, 'LFB': 0, 'RFB': 0}","{'Floodlight': 0, 'Flood Light': 0, 'GAS': 0, 'FIFA': 0, 'pipe': 0, 'pipes': 0, 'covid': 0, 'supply': 0, 'Beautification': 0, 'Installation': 0}",,,False,False,Immediate Measures
25049,02/2022-23 (GR- 04),Restoration of Rewa Distributory.,Restoration of Rewa Distributory.,7603333.0,INR,INR,2022-08-14 12:36:08+00:00,2022-08-14T11:48:28.776000+00:00,2022-09-28T03:18:14+00:00,GAUTAM KUMAR,EXECUTIVE ENGINEER,"IRRIGATION DIVISION, JAMUI","IRRIGATION DIVISION, JAMUI",MD QAMRE ALAM,SE,WRD,152100.0,10000.0,3540.0,True,"{'Flood': 0, 'Embankment': 0, 'embkt': 0, 'Relief': 0, 'Erosion': 0, 'SDRF': 0, 'Inundation': 0, 'Hydrology': 0, 'Silt': 0, 'Siltation': 0, 'Bund': 0, 'Trench': 0, 'Breach': 0, 'Culvert': 0, 'Sluice': 0, 'Dyke': 0, 'Storm water drain': 0, 'Emergency': 0, 'Immediate': 0, 'IM': 0, 'AE': 0, 'A E': 0, 'AAPDA MITRA': 0, 'Bridge': 0, 'River': 0, 'Drain': 0, 'Restoration': 2, 'Protection': 0, 'irr': 0, 'irrigation': 0, 'dam': 0, 'Nallah': 0, 'nala': 0, 'Retrofitting': 0, 'Pond': 0, 'Pokhari': 0, 'D/C': 0, 'Recharge shaft': 0, 'LFB': 0, 'RFB': 0}","{'Floodlight': 0, 'Flood Light': 0, 'GAS': 0, 'FIFA': 0, 'pipe': 0, 'pipes': 0, 'covid': 0, 'supply': 0, 'Beautification': 0, 'Installation': 0}",,,False,False,Immediate Measures
25055,"NIT 10/E/Bankipur/2022, Gr. No. 54","Construction of  U/G Drain and PCC road From House of Chirag Sahab  to House of Masan Bhai, in ward no.50 under Bankipur Division, PMC, Patna.","Construction of  U/G Drain and PCC road From House of Chirag Sahab  to House of Masan Bhai, in ward no.50 under Bankipur Division, PMC, Patna.",137834.0,INR,INR,2022-08-14 12:26:40+00:00,2022-08-14T12:21:48.998000+00:00,2022-11-26T11:47:51+00:00,"Aashish Prasad, Executive Engineer",EE,"BANKIPUR DIVISION, Patna Municipal Corporation, Patna","Ambedkar Bhawan, Vaishali Golumbar,Rajendra Nagar,Patna","Aashish Prasad, Executive Engineer",EE,"Bankipur Division,Patna Municipal Corporation,Patna",2800.0,500.0,590.0,True,"{'Flood': 0, 'Embankment': 0, 'embkt': 0, 'Relief': 0, 'Erosion': 0, 'SDRF': 0, 'Inundation': 0, 'Hydrology': 0, 'Silt': 0, 'Siltation': 0, 'Bund': 0, 'Trench': 0, 'Breach': 0, 'Culvert': 0, 'Sluice': 0, 'Dyke': 0, 'Storm water drain': 0, 'Emergency': 0, 'Immediate': 0, 'IM': 0, 'AE': 0, 'A E': 0, 'AAPDA MITRA': 0, 'Bridge': 0, 'River': 0, 'Drain': 2, 'Restoration': 0, 'Protection': 0, 'irr': 0, 'irrigation': 0, 'dam': 0, 'Nallah': 0, 'nala': 0, 'Retrofitting': 0, 'Pond': 0, 'Pokhari': 0, 'D/C': 0, 'Recharge shaft': 0, 'LFB': 0, 'RFB': 0}","{'Floodlight': 0, 'Flood Light': 0, 'GAS': 0, 'FIFA': 0, 'pipe': 0, 'pipes': 0, 'covid': 0, 'supply': 0, 'Beautification': 0, 'Installation': 0}",,,False,True,Immediate Measures
25050,01/2022-23/01,"Construction of PCC road and Drain from Gurudev Mandal House to Hatiya Block Road and Branch Road of Hatiya Block Road in ward no 16 under nagar panchayat kahalgaon, bhagalpur","Construction of PCC road and Drain from Gurudev Mandal House to Hatiya Block Road and Branch Road of Hatiya Block Road in ward no 16 under nagar panchayat kahalgaon, bhagalpur",3963789.0,INR,INR,2022-08-15 05:45:26+00:00,2022-08-14T11:49:04.418000+00:00,2022-12-10T08:34:24+00:00,KRISHNA BHUSHAN KUMAR,Executive Officer Nagar Panchayat Kahalgaon,UDHD,Station Chouk Kahalgaon,KRISHNA BHUSHAN KUMAR,Executive Officer Nagar Panchayat Kahalgaon,UDHD,76900.0,5000.0,590.0,True,"{'Flood': 0, 'Embankment': 0, 'embkt': 0, 'Relief': 0, 'Erosion': 0, 'SDRF': 0, 'Inundation': 0, 'Hydrology': 0, 'Silt': 0, 'Siltation': 0, 'Bund': 0, 'Trench': 0, 'Breach': 0, 'Culvert': 0, 'Sluice': 0, 'Dyke': 0, 'Storm water drain': 0, 'Emergency': 0, 'Immediate': 0, 'IM': 0, 'AE': 0, 'A E': 0, 'AAPDA MITRA': 0, 'Bridge': 0, 'River': 0, 'Drain': 2, 'Restoration': 0, 'Protection': 0, 'irr': 0, 'irrigation': 0, 'dam': 0, 'Nallah': 0, 'nala': 0, 'Retrofitting': 0, 'Pond': 0, 'Pokhari': 0, 'D/C': 0, 'Recharge shaft': 0, 'LFB': 0, 'RFB': 0}","{'Floodlight': 0, 'Flood Light': 0, 'GAS': 0, 'FIFA': 0, 'pipe': 0, 'pipes': 0, 'covid': 0, 'supply': 0, 'Beautification': 0, 'Installation': 0}",,,False,True,Others
25052,"NIT 10/E/Bankipur/2022, Gr. No. 51","Construction of  U/G Drain and PCC road From Mandai (II) Chandani Chiken to Bahra Guru, in ward no.50 under Bankipur Division, PMC, Patna.","Construction of  U/G Drain and PCC road From Mandai (II) Chandani Chiken to Bahra Guru, in ward no.50 under Bankipur Division, PMC, Patna.",134297.0,INR,INR,2022-08-14 12:10:16+00:00,2022-08-14T12:05:31.828000+00:00,2022-11-26T11:27:07+00:00,"Aashish Prasad, Executive Engineer",EE,"BANKIPUR DIVISION, Patna Municipal Corporation, Patna","Ambedkar Bhawan, Vaishali Golumbar,Rajendra Nagar,Patna","Aashish Prasad, Executive Engineer",EE,"Bankipur Division,Patna Municipal Corporation,Patna",2700.0,500.0,590.0,True,"{'Flood': 0, 'Embankment': 0, 'embkt': 0, 'Relief': 0, 'Erosion': 0, 'SDRF': 0, 'Inundation': 0, 'Hydrology': 0, 'Silt': 0, 'Siltation': 0, 'Bund': 0, 'Trench': 0, 'Breach': 0, 'Culvert': 0, 'Sluice': 0, 'Dyke': 0, 'Storm water drain': 0, 'Emergency': 0, 'Immediate': 0, 'IM': 0, 'AE': 0, 'A E': 0, 'AAPDA MITRA': 0, 'Bridge': 0, 'River': 0, 'Drain': 2, 'Restoration': 0, 'Protection': 0, 'irr': 0, 'irrigation': 0, 'dam': 0, 'Nallah': 0, 'nala': 0, 'Retrofitting': 0, 'Pond': 0, 'Pokhari': 0, 'D/C': 0, 'Recharge shaft': 0, 'LFB': 0, 'RFB': 0}","{'Floodlight': 0, 'Flood Light': 0, 'GAS': 0, 'FIFA': 0, 'pipe': 0, 'pipes': 0, 'covid': 0, 'supply': 0, 'Beautification': 0, 'Installation': 0}",,,False,True,Immediate Measures
25053,"NIT 10/E/Bankipur/2022, Gr. No. 52","Construction of  U/G Drain and PCC road From Mandai (II) House of Akil bhai  to Khatunu churi, in ward no.50 under Bankipur Division, PMC, Patna.","Construction of  U/G Drain and PCC road From Mandai (II) House of Akil bhai  to Khatunu churi, in ward no.50 under Bankipur Division, PMC, Patna.",573335.0,INR,INR,2022-08-14 12:15:38+00:00,2022-08-14T12:10:54.108000+00:00,2022-11-26T11:34:21+00:00,"Aashish Prasad, Executive Engineer",EE,"BANKIPUR DIVISION, Patna Municipal Corporation, Patna","Ambedkar Bhawan, Vaishali Golumbar,Rajendra Nagar,Patna","Aashish Prasad, Executive Engineer",EE,"Bankipur Division,Patna Municipal Corporation,Patna",11500.0,1250.0,590.0,True,"{'Flood': 0, 'Embankment': 0, 'embkt': 0, 'Relief': 0, 'Erosion': 0, 'SDRF': 0, 'Inundation': 0, 'Hydrology': 0, 'Silt': 0, 'Siltation': 0, 'Bund': 0, 'Trench': 0, 'Breach': 0, 'Culvert': 0, 'Sluice': 0, 'Dyke': 0, 'Storm water drain': 0, 'Emergency': 0, 'Immediate': 0, 'IM': 0, 'AE': 0, 'A E': 0, 'AAPDA MITRA': 0, 'Bridge': 0, 'River': 0, 'Drain': 2, 'Restoration': 0, 'Protection': 0, 'irr': 0, 'irrigation': 0, 'dam': 0, 'Nallah': 0, 'nala': 0, 'Retrofitting': 0, 'Pond': 0, 'Pokhari': 0, 'D/C': 0, 'Recharge shaft': 0, 'LFB': 0, 'RFB': 0}","{'Floodlight': 0, 'Flood Light': 0, 'GAS': 0, 'FIFA': 0, 'pipe': 0, 'pipes': 0, 'covid': 0, 'supply': 0, 'Beautification': 0, 'Installation': 0}",,,False,True,Immediate Measures
25057,"NIT 10/E/Bankipur/2022, Gr. No. 56","Construction of  U/G Drain and PCC road in Sonu Kabari Neem Tal From Aam Bagh Kabrishtan to Nahar Road , in ward no.50 under Bankipur Division, PMC, Patna.","Construction of  U/G Drain and PCC road in Sonu Kabari Neem Tal From Aam Bagh Kabrishtan to Nahar Road , in ward no.50 under Bankipur Division, PMC, Patna.",312395.0,INR,INR,2022-08-14 12:38:07+00:00,2022-08-14T12:33:15.344000+00:00,2024-08-01T08:26:07+00:00,"Aashish Prasad, Executive Engineer",EE,"BANKIPUR DIVISION, Patna Municipal Corporation, Patna","Ambedkar Bhawan, Vaishali Golumbar,Rajendra Nagar,Patna","Aashish Prasad, Executive Engineer",EE,"Bankipur Division,Patna Municipal Corporation,Patna",6100.0,750.0,590.0,True,"{'Flood': 0, 'Embankment': 0, 'embkt': 0, 'Relief': 0, 'Erosion': 0, 'SDRF': 0, 'Inundation': 0, 'Hydrology': 0, 'Silt': 0, 'Siltation': 0, 'Bund': 0, 'Trench': 0, 'Breach': 0, 'Culvert': 0, 'Sluice': 0, 'Dyke': 0, 'Storm water drain': 0, 'Emergency': 0, 'Immediate': 0, 'IM': 0, 'AE': 0, 'A E': 0, 'AAPDA MITRA': 0, 'Bridge': 0, 'River': 0, 'Drain': 2, 'Restoration': 0, 'Protection': 0, 'irr': 0, 'irrigation': 0, 'dam': 0, 'Nallah': 0, 'nala': 0, 'Retrofitting': 0, 'Pond': 0, 'Pokhari': 0, 'D/C': 0, 'Recharge shaft': 0, 'LFB': 0, 'RFB': 0}","{'Floodlight': 0, 'Flood Light': 0, 'GAS': 0, 'FIFA': 0, 'pipe': 0, 'pipes': 0, 'covid': 0, 'supply': 0, 'Beautification': 0, 'Installation': 0}",,,False,True,Immediate Measures
25056,"NIT 10/E/Bankipur/2022, Gr. No. 55","Construction of  U/G Drain and PCC road back of Naugharwa Masjid From House of Irshad Bhai to Obedin House , in ward no.50 under Bankipur Division, PMC, Patna.","Construction of  U/G Drain and PCC road back of Naugharwa Masjid From House of Irshad Bhai to Obedin House , in ward no.50 under Bankipur Division, PMC, Patna.",195218.0,INR,INR,2022-08-14 12:32:34+00:00,2022-08-14T12:22:11.044000+00:00,2022-11-26T11:53:52+00:00,"Aashish Prasad, Executive Engineer",EE,"BANKIPUR DIVISION, Patna Municipal Corporation, Patna","Ambedkar Bhawan, Vaishali Golumbar,Rajendra Nagar,Patna","Aashish Prasad, Executive Engineer",EE,"Bankipur Division,Patna Municipal Corporation,Patna",4000.0,500.0,590.0,True,"{'Flood': 0, 'Embankment': 0, 'embkt': 0, 'Relief': 0, 'Erosion': 0, 'SDRF': 0, 'Inundation': 0, 'Hydrology': 0, 'Silt': 0, 'Siltation': 0, 'Bund': 0, 'Trench': 0, 'Breach': 0, 'Culvert': 0, 'Sluice': 0, 'Dyke': 0, 'Storm water drain': 0, 'Emergency': 0, 'Immediate': 0, 'IM': 0, 'AE': 0, 'A E': 0, 'AAPDA MITRA': 0, 'Bridge': 0, 'River': 0, 'Drain': 2, 'Restoration': 0, 'Protection': 0, 'irr': 0, 'irrigation': 0, 'dam': 0, 'Nallah': 0, 'nala': 0, 'Retrofitting': 0, 'Pond': 0, 'Pokhari': 0, 'D/C': 0, 'Recharge shaft': 0, 'LFB': 0, 'RFB': 0}","{'Floodlight': 0, 'Flood Light': 0, 'GAS': 0, 'FIFA': 0, 'pipe': 0, 'pipes': 0, 'covid': 0, 'supply': 0, 'Beautification': 0, 'Installation': 0}",,,False,True,Immediate Measures
25059,"NIT 10/E/Bankipur/2022, Gr. No. 58","Construction of  U/G Drain and PCC road in Sonu Kabari Neem tal From House of Prince Bhai to House of Nasima Khatoon, in ward no.50 under Bankipur Division, PMC, Patna.","Construction of  U/G Drain and PCC road in Sonu Kabari Neem tal From House of Prince Bhai to House of Nasima Khatoon, in ward no.50 under Bankipur Division, PMC, Patna.",160185.0,INR,INR,2022-08-14 13:03:23+00:00,2022-08-14T12:52:50.015000+00:00,2024-08-02T05:53:47+00:00,"Aashish Prasad, Executive Engineer",EE,"BANKIPUR DIVISION, Patna Municipal Corporation, Patna","Ambedkar Bhawan, Vaishali Golumbar,Rajendra Nagar,Patna","Aashish Prasad, Executive Engineer",EE,"Bankipur Division,Patna Municipal Corporation,Patna",3300.0,500.0,590.0,True,"{'Flood': 0, 'Embankment': 0, 'embkt': 0, 'Relief': 0, 'Erosion': 0, 'SDRF': 0, 'Inundation': 0, 'Hydrology': 0, 'Silt': 0, 'Siltation': 0, 'Bund': 0, 'Trench': 0, 'Breach': 0, 'Culvert': 0, 'Sluice': 0, 'Dyke': 0, 'Storm water drain': 0, 'Emergency': 0, 'Immediate': 0, 'IM': 0, 'AE': 0, 'A E': 0, 'AAPDA MITRA': 0, 'Bridge': 0, 'River': 0, 'Drain': 2, 'Restoration': 0, 'Protection': 0, 'irr': 0, 'irrigation': 0, 'dam': 0, 'Nallah': 0, 'nala': 0, 'Retrofitting': 0, 'Pond': 0, 'Pokhari': 0, 'D/C': 0, 'Recharge shaft': 0, 'LFB': 0, 'RFB': 0}","{'Floodlight': 0, 'Flood Light': 0, 'GAS': 0, 'FIFA': 0, 'pipe': 0, 'pipes': 0, 'covid': 0, 'supply': 0, 'Beautification': 0, 'Installation': 0}",,,False,True,Immediate Measures
25060,"NIT 10/E/Bankipur/2022, Gr. No. 59","Construction of  U/G Drain and PCC road in Dargah Chauraha Kalkati Gali From House of Parwana sahab to House of Rais sahab, in ward no.50 under Bankipur Division, PMC, Patna.","Construction of  U/G Drain and PCC road in Dargah Chauraha Kalkati Gali From House of Parwana sahab to House of Rais sahab, in ward no.50 under Bankipur Division, PMC, Patna.",248526.0,INR,INR,2022-08-14 13:10:05+00:00,2022-08-14T13:05:01.374000+00:00,2024-08-02T06:03:50+00:00,"Aashish Prasad, Executive Engineer",EE,"BANKIPUR DIVISION, Patna Municipal Corporation, Patna","Ambedkar Bhawan, Vaishali Golumbar,Rajendra Nagar,Patna","Aashish Prasad, Executive Engineer",EE,"Bankipur Division,Patna Municipal Corporation,Patna",5000.0,500.0,590.0,True,"{'Flood': 0, 'Embankment': 0, 'embkt': 0, 'Relief': 0, 'Erosion': 0, 'SDRF': 0, 'Inundation': 0, 'Hydrology': 0, 'Silt': 0, 'Siltation': 0, 'Bund': 0, 'Trench': 0, 'Breach': 0, 'Culvert': 0, 'Sluice': 0, 'Dyke': 0, 'Storm water drain': 0, 'Emergency': 0, 'Immediate': 0, 'IM': 0, 'AE': 0, 'A E': 0, 'AAPDA MITRA': 0, 'Bridge': 0, 'River': 0, 'Drain': 2, 'Restoration': 0, 'Protection': 0, 'irr': 0, 'irrigation': 0, 'dam': 0, 'Nallah': 0, 'nala': 0, 'Retrofitting': 0, 'Pond': 0, 'Pokhari': 0, 'D/C': 0, 'Recharge shaft': 0, 'LFB': 0, 'RFB': 0}","{'Floodlight': 0, 'Flood Light': 0, 'GAS': 0, 'FIFA': 0, 'pipe': 0, 'pipes': 0, 'covid': 0, 'supply': 0, 'Beautification': 0, 'Installation': 0}",,,False,True,Immediate Measures
25054,"NIT 10/E/Bankipur/2022, Gr. No. 53","Construction of  U/G Drain and PCC road in Masum lane From House of Ammaanullah to House of Jain ul haq, in ward no. 50 under Bankipur Division, PMC, Patna.","Construction of  U/G Drain and PCC road in Masum lane From House of Ammaanullah to House of Jain ul haq, in ward no. 50 under Bankipur Division, PMC, Patna.",646750.0,INR,INR,2022-08-14 12:21:08+00:00,2022-08-14T12:16:15.942000+00:00,2022-11-26T11:40:40+00:00,"Aashish Prasad, Executive Engineer",EE,"BANKIPUR DIVISION, Patna Municipal Corporation, Patna","Ambedkar Bhawan, Vaishali Golumbar,Rajendra Nagar,Patna","Aashish Prasad, Executive Engineer",EE,"Bankipur Division,Patna Municipal Corporation,Patna",13000.0,1250.0,590.0,True,"{'Flood': 0, 'Embankment': 0, 'embkt': 0, 'Relief': 0, 'Erosion': 0, 'SDRF': 0, 'Inundation': 0, 'Hydrology': 0, 'Silt': 0, 'Siltation': 0, 'Bund': 0, 'Trench': 0, 'Breach': 0, 'Culvert': 0, 'Sluice': 0, 'Dyke': 0, 'Storm water drain': 0, 'Emergency': 0, 'Immediate': 0, 'IM': 0, 'AE': 0, 'A E': 0, 'AAPDA MITRA': 0, 'Bridge': 0, 'River': 0, 'Drain': 2, 'Restoration': 0, 'Protection': 0, 'irr': 0, 'irrigation': 0, 'dam': 0, 'Nallah': 0, 'nala': 0, 'Retrofitting': 0, 'Pond': 0, 'Pokhari': 0, 'D/C': 0, 'Recharge shaft': 0, 'LFB': 0, 'RFB': 0}","{'Floodlight': 0, 'Flood Light': 0, 'GAS': 0, 'FIFA': 0, 'pipe': 0, 'pipes': 0, 'covid': 0, 'supply': 0, 'Beautification': 0, 'Installation': 0}",,,False,True,Immediate Measures
25051,"NIT 10/E/Bankipur/2022, Gr. No. 50","Construction of  U/G Drain and PCC road in Mandai Parshad Gali From House of Murtaza Sahab to House of parshad ji Via House of Mahtab ji, in ward no.50 under Bankipur Division, PMC, Patna.","Construction of  U/G Drain and PCC road in Mandai Parshad Gali From House of Murtaza Sahab to House of parshad ji Via House of Mahtab ji, in ward no.50 under Bankipur Division, PMC, Patna.",1310284.0,INR,INR,2022-08-14 12:04:58+00:00,2022-08-14T11:59:52.142000+00:00,2024-03-01T12:35:21+00:00,"Aashish Prasad, Executive Engineer",EE,"BANKIPUR DIVISION, Patna Municipal Corporation, Patna","Ambedkar Bhawan, Vaishali Golumbar,Rajendra Nagar,Patna","Aashish Prasad, Executive Engineer",EE,"Bankipur Division,Patna Municipal Corporation,Patna",26300.0,2500.0,590.0,True,"{'Flood': 0, 'Embankment': 0, 'embkt': 0, 'Relief': 0, 'Erosion': 0, 'SDRF': 0, 'Inundation': 0, 'Hydrology': 0, 'Silt': 0, 'Siltation': 0, 'Bund': 0, 'Trench': 0, 'Breach': 0, 'Culvert': 0, 'Sluice': 0, 'Dyke': 0, 'Storm water drain': 0, 'Emergency': 0, 'Immediate': 0, 'IM': 0, 'AE': 0, 'A E': 0, 'AAPDA MITRA': 0, 'Bridge': 0, 'River': 0, 'Drain': 2, 'Restoration': 0, 'Protection': 0, 'irr': 0, 'irrigation': 0, 'dam': 0, 'Nallah': 0, 'nala': 0, 'Retrofitting': 0, 'Pond': 0, 'Pokhari': 0, 'D/C': 0, 'Recharge shaft': 0, 'LFB': 0, 'RFB': 0}","{'Floodlight': 0, 'Flood Light': 0, 'GAS': 0, 'FIFA': 0, 'pipe': 0, 'pipes': 0, 'covid': 0, 'supply': 0, 'Beautification': 0, 'Installation': 0}",,,False,True,Immediate Measures
25063,"NIT 10/E/Bankipur/2022, Gr. No. 62","Construction of  U/G Drain and PCC road In Front of Salatar House From House of Sunil Advocade to House of Pkizah Press , in ward no.50 under Bankipur Division, PMC, Patna.","Construction of  U/G Drain and PCC road In Front of Salatar House From House of Sunil Advocade to House of Pkizah Press , in ward no.50 under Bankipur Division, PMC, Patna.",361933.0,INR,INR,2022-08-14 13:39:37+00:00,2022-08-14T13:33:03.209000+00:00,2022-11-26T11:59:21+00:00,"Aashish Prasad, Executive Engineer",EE,"BANKIPUR DIVISION, Patna Municipal Corporation, Patna","Ambedkar Bhawan, Vaishali Golumbar,Rajendra Nagar,Patna","Aashish Prasad, Executive Engineer",EE,"Bankipur Division,Patna Municipal Corporation,Patna",7300.0,750.0,590.0,True,"{'Flood': 0, 'Embankment': 0, 'embkt': 0, 'Relief': 0, 'Erosion': 0, 'SDRF': 0, 'Inundation': 0, 'Hydrology': 0, 'Silt': 0, 'Siltation': 0, 'Bund': 0, 'Trench': 0, 'Breach': 0, 'Culvert': 0, 'Sluice': 0, 'Dyke': 0, 'Storm water drain': 0, 'Emergency': 0, 'Immediate': 0, 'IM': 0, 'AE': 0, 'A E': 0, 'AAPDA MITRA': 0, 'Bridge': 0, 'River': 0, 'Drain': 2, 'Restoration': 0, 'Protection': 0, 'irr': 0, 'irrigation': 0, 'dam': 0, 'Nallah': 0, 'nala': 0, 'Retrofitting': 0, 'Pond': 0, 'Pokhari': 0, 'D/C': 0, 'Recharge shaft': 0, 'LFB': 0, 'RFB': 0}","{'Floodlight': 0, 'Flood Light': 0, 'GAS': 0, 'FIFA': 0, 'pipe': 0, 'pipes': 0, 'covid': 0, 'supply': 0, 'Beautification': 0, 'Installation': 0}",,,False,True,Immediate Measures
25061,"NIT 10/E/Bankipur/2022, Gr. No. 60","Construction of  U/G Drain and PCC road in Dargah Chauraha Kalkati Gali From House of Vajra Alam to House of Anis Manjil, in ward no.50 under Bankipur Division, PMC, Patna.","Construction of  U/G Drain and PCC road in Dargah Chauraha Kalkati Gali From House of Vajra Alam to House of Anis Manjil, in ward no.50 under Bankipur Division, PMC, Patna.",301005.0,INR,INR,2022-08-14 13:25:57+00:00,2022-08-14T13:10:39.100000+00:00,2024-08-02T06:19:46+00:00,"Aashish Prasad, Executive Engineer",EE,"BANKIPUR DIVISION, Patna Municipal Corporation, Patna","Ambedkar Bhawan, Vaishali Golumbar,Rajendra Nagar,Patna","Aashish Prasad, Executive Engineer",EE,"Bankipur Division,Patna Municipal Corporation,Patna",6100.0,750.0,590.0,True,"{'Flood': 0, 'Embankment': 0, 'embkt': 0, 'Relief': 0, 'Erosion': 0, 'SDRF': 0, 'Inundation': 0, 'Hydrology': 0, 'Silt': 0, 'Siltation': 0, 'Bund': 0, 'Trench': 0, 'Breach': 0, 'Culvert': 0, 'Sluice': 0, 'Dyke': 0, 'Storm water drain': 0, 'Emergency': 0, 'Immediate': 0, 'IM': 0, 'AE': 0, 'A E': 0, 'AAPDA MITRA': 0, 'Bridge': 0, 'River': 0, 'Drain': 2, 'Restoration': 0, 'Protection': 0, 'irr': 0, 'irrigation': 0, 'dam': 0, 'Nallah': 0, 'nala': 0, 'Retrofitting': 0, 'Pond': 0, 'Pokhari': 0, 'D/C': 0, 'Recharge shaft': 0, 'LFB': 0, 'RFB': 0}","{'Floodlight': 0, 'Flood Light': 0, 'GAS': 0, 'FIFA': 0, 'pipe': 0, 'pipes': 0, 'covid': 0, 'supply': 0, 'Beautification': 0, 'Installation': 0}",,,False,True,Immediate Measures
25058,"NIT 10/E/Bankipur/2022, Gr. No. 57","Construction of  U/G Drain and PCC road in Sonu Kabari Neem tal From House of Sabir Bhai to House of Ishrat Jahan, in ward no.50 under Bankipur Division, PMC, Patna.","Construction of  U/G Drain and PCC road in Sonu Kabari Neem tal From House of Sabir Bhai to House of Ishrat Jahan, in ward no.50 under Bankipur Division, PMC, Patna.",306718.0,INR,INR,2022-08-14 12:52:10+00:00,2022-08-14T12:38:45.300000+00:00,2024-08-02T05:41:02+00:00,"Aashish Prasad, Executive Engineer",EE,"BANKIPUR DIVISION, Patna Municipal Corporation, Patna","Ambedkar Bhawan, Vaishali Golumbar,Rajendra Nagar,Patna","Aashish Prasad, Executive Engineer",EE,"Bankipur Division,Patna Municipal Corporation,Patna",6200.0,750.0,590.0,True,"{'Flood': 0, 'Embankment': 0, 'embkt': 0, 'Relief': 0, 'Erosion': 0, 'SDRF': 0, 'Inundation': 0, 'Hydrology': 0, 'Silt': 0, 'Siltation': 0, 'Bund': 0, 'Trench': 0, 'Breach': 0, 'Culvert': 0, 'Sluice': 0, 'Dyke': 0, 'Storm water drain': 0, 'Emergency': 0, 'Immediate': 0, 'IM': 0, 'AE': 0, 'A E': 0, 'AAPDA MITRA': 0, 'Bridge': 0, 'River': 0, 'Drain': 2, 'Restoration': 0, 'Protection': 0, 'irr': 0, 'irrigation': 0, 'dam': 0, 'Nallah': 0, 'nala': 0, 'Retrofitting': 0, 'Pond': 0, 'Pokhari': 0, 'D/C': 0, 'Recharge shaft': 0, 'LFB': 0, 'RFB': 0}","{'Floodlight': 0, 'Flood Light': 0, 'GAS': 0, 'FIFA': 0, 'pipe': 0, 'pipes': 0, 'covid': 0, 'supply': 0, 'Beautification': 0, 'Installation': 0}",,,False,True,Immediate Measures
25069,"NIT 10/E/Bankipur/2022, Gr. No. 68","Construction of  U/G Drain and PCC road In Mouar lane Ganesh colony, from house of Ajay sadan to Sonu Sadan in ward no.51 under Bankipur Division, PMC, Patna.","Construction of  U/G Drain and PCC road In Mouar lane Ganesh colony, from house of Ajay sadan to Sonu Sadan in ward no.51 under Bankipur Division, PMC, Patna.",67773.0,INR,INR,2022-08-14 14:17:27+00:00,2022-08-14T14:11:54.685000+00:00,2023-02-04T09:13:37+00:00,"Aashish Prasad, Executive Engineer",EE,"BANKIPUR DIVISION, Patna Municipal Corporation, Patna","Ambedkar Bhawan, Vaishali Golumbar,Rajendra Nagar,Patna","Aashish Prasad, Executive Engineer",EE,"Bankipur Division,Patna Municipal Corporation,Patna",1400.0,500.0,590.0,True,"{'Flood': 0, 'Embankment': 0, 'embkt': 0, 'Relief': 0, 'Erosion': 0, 'SDRF': 0, 'Inundation': 0, 'Hydrology': 0, 'Silt': 0, 'Siltation': 0, 'Bund': 0, 'Trench': 0, 'Breach': 0, 'Culvert': 0, 'Sluice': 0, 'Dyke': 0, 'Storm water drain': 0, 'Emergency': 0, 'Immediate': 0, 'IM': 0, 'AE': 0, 'A E': 0, 'AAPDA MITRA': 0, 'Bridge': 0, 'River': 0, 'Drain': 2, 'Restoration': 0, 'Protection': 0, 'irr': 0, 'irrigation': 0, 'dam': 0, 'Nallah': 0, 'nala': 0, 'Retrofitting': 0, 'Pond': 0, 'Pokhari': 0, 'D/C': 0, 'Recharge shaft': 0, 'LFB': 0, 'RFB': 0}","{'Floodlight': 0, 'Flood Light': 0, 'GAS': 0, 'FIFA': 0, 'pipe': 0, 'pipes': 0, 'covid': 0, 'supply': 0, 'Beautification': 0, 'Installation': 0}",,,False,True,Immediate Measures
25062,"NIT 10/E/Bankipur/2022, Gr. No. 61","Construction of  U/G Drain and PCC road in Karbla From House of Baua Basir Bhai to House of faruque Bhai, in ward no.50 under Bankipur Division, PMC, Patna.","Construction of  U/G Drain and PCC road in Karbla From House of Baua Basir Bhai to House of faruque Bhai, in ward no.50 under Bankipur Division, PMC, Patna.",229983.0,INR,INR,2022-08-14 13:32:31+00:00,2022-08-14T13:11:06.187000+00:00,2024-08-02T06:30:10+00:00,"Aashish Prasad, Executive Engineer",EE,"BANKIPUR DIVISION, Patna Municipal Corporation, Patna","Ambedkar Bhawan, Vaishali Golumbar,Rajendra Nagar,Patna","Aashish Prasad, Executive Engineer",EE,"Bankipur Division,Patna Municipal Corporation,Patna",4600.0,500.0,590.0,True,"{'Flood': 0, 'Embankment': 0, 'embkt': 0, 'Relief': 0, 'Erosion': 0, 'SDRF': 0, 'Inundation': 0, 'Hydrology': 0, 'Silt': 0, 'Siltation': 0, 'Bund': 0, 'Trench': 0, 'Breach': 0, 'Culvert': 0, 'Sluice': 0, 'Dyke': 0, 'Storm water drain': 0, 'Emergency': 0, 'Immediate': 0, 'IM': 0, 'AE': 0, 'A E': 0, 'AAPDA MITRA': 0, 'Bridge': 0, 'River': 0, 'Drain': 2, 'Restoration': 0, 'Protection': 0, 'irr': 0, 'irrigation': 0, 'dam': 0, 'Nallah': 0, 'nala': 0, 'Retrofitting': 0, 'Pond': 0, 'Pokhari': 0, 'D/C': 0, 'Recharge shaft': 0, 'LFB': 0, 'RFB': 0}","{'Floodlight': 0, 'Flood Light': 0, 'GAS': 0, 'FIFA': 0, 'pipe': 0, 'pipes': 0, 'covid': 0, 'supply': 0, 'Beautification': 0, 'Installation': 0}",,,False,True,Immediate Measures
25065,"NIT 10/E/Bankipur/2022, Gr. No. 64","Construction of  U/G Drain and PCC road In Mouar lane, from house of Pawan singh to Nikhil niwas in ward no.51 under Bankipur Division, PMC, Patna.","Construction of  U/G Drain and PCC road In Mouar lane, from house of Pawan singh to Nikhil niwas in ward no.51 under Bankipur Division, PMC, Patna.",188714.0,INR,INR,2022-08-14 13:50:53+00:00,2022-08-14T13:45:52.488000+00:00,2023-01-31T11:51:11+00:00,"Aashish Prasad, Executive Engineer",EE,"BANKIPUR DIVISION, Patna Municipal Corporation, Patna","Ambedkar Bhawan, Vaishali Golumbar,Rajendra Nagar,Patna","Aashish Prasad, Executive Engineer",EE,"Bankipur Division,Patna Municipal Corporation,Patna",3800.0,500.0,590.0,True,"{'Flood': 0, 'Embankment': 0, 'embkt': 0, 'Relief': 0, 'Erosion': 0, 'SDRF': 0, 'Inundation': 0, 'Hydrology': 0, 'Silt': 0, 'Siltation': 0, 'Bund': 0, 'Trench': 0, 'Breach': 0, 'Culvert': 0, 'Sluice': 0, 'Dyke': 0, 'Storm water drain': 0, 'Emergency': 0, 'Immediate': 0, 'IM': 0, 'AE': 0, 'A E': 0, 'AAPDA MITRA': 0, 'Bridge': 0, 'River': 0, 'Drain': 2, 'Restoration': 0, 'Protection': 0, 'irr': 0, 'irrigation': 0, 'dam': 0, 'Nallah': 0, 'nala': 0, 'Retrofitting': 0, 'Pond': 0, 'Pokhari': 0, 'D/C': 0, 'Recharge shaft': 0, 'LFB': 0, 'RFB': 0}","{'Floodlight': 0, 'Flood Light': 0, 'GAS': 0, 'FIFA': 0, 'pipe': 0, 'pipes': 0, 'covid': 0, 'supply': 0, 'Beautification': 0, 'Installation': 0}",,,False,True,Immediate Measures
25066,"NIT 10/E/Bankipur/2022, Gr. No. 65","Construction of  U/G Drain and PCC road In Khan mirza Masjid ghat, from house of Sita saw to House of Marhum Naushad in ward no.51 under Bankipur Division, PMC, Patna.","Construction of  U/G Drain and PCC road In Khan mirza Masjid ghat, from house of Sita saw to House of Marhum Naushad in ward no.51 under Bankipur Division, PMC, Patna.",1863845.0,INR,INR,2022-08-14 13:57:17+00:00,2022-08-14T13:51:32.130000+00:00,2023-02-11T08:58:25+00:00,"Aashish Prasad, Executive Engineer",EE,"BANKIPUR DIVISION, Patna Municipal Corporation, Patna","Ambedkar Bhawan, Vaishali Golumbar,Rajendra Nagar,Patna","Aashish Prasad, Executive Engineer",EE,"Bankipur Division,Patna Municipal Corporation,Patna",37300.0,5000.0,590.0,True,"{'Flood': 0, 'Embankment': 0, 'embkt': 0, 'Relief': 0, 'Erosion': 0, 'SDRF': 0, 'Inundation': 0, 'Hydrology': 0, 'Silt': 0, 'Siltation': 0, 'Bund': 0, 'Trench': 0, 'Breach': 0, 'Culvert': 0, 'Sluice': 0, 'Dyke': 0, 'Storm water drain': 0, 'Emergency': 0, 'Immediate': 0, 'IM': 0, 'AE': 0, 'A E': 0, 'AAPDA MITRA': 0, 'Bridge': 0, 'River': 0, 'Drain': 2, 'Restoration': 0, 'Protection': 0, 'irr': 0, 'irrigation': 0, 'dam': 0, 'Nallah': 0, 'nala': 0, 'Retrofitting': 0, 'Pond': 0, 'Pokhari': 0, 'D/C': 0, 'Recharge shaft': 0, 'LFB': 0, 'RFB': 0}","{'Floodlight': 0, 'Flood Light': 0, 'GAS': 0, 'FIFA': 0, 'pipe': 0, 'pipes': 0, 'covid': 0, 'supply': 0, 'Beautification': 0, 'Installation': 0}",,,False,True,Immediate Measures
25064,"NIT 10/E/Bankipur/2022, Gr. No. 63","Construction of  U/G Drain and PCC road In Khan mirza rahi lane, from house of Md yashin to House of Kallu ji in ward no.51 under Bankipur Division, PMC, Patna.","Construction of  U/G Drain and PCC road In Khan mirza rahi lane, from house of Md yashin to House of Kallu ji in ward no.51 under Bankipur Division, PMC, Patna.",559512.0,INR,INR,2022-08-14 13:45:19+00:00,2022-08-14T13:40:14.029000+00:00,2024-07-31T08:42:58+00:00,"Aashish Prasad, Executive Engineer",EE,"BANKIPUR DIVISION, Patna Municipal Corporation, Patna","Ambedkar Bhawan, Vaishali Golumbar,Rajendra Nagar,Patna","Aashish Prasad, Executive Engineer",EE,"Bankipur Division,Patna Municipal Corporation,Patna",11200.0,1250.0,590.0,True,"{'Flood': 0, 'Embankment': 0, 'embkt': 0, 'Relief': 0, 'Erosion': 0, 'SDRF': 0, 'Inundation': 0, 'Hydrology': 0, 'Silt': 0, 'Siltation': 0, 'Bund': 0, 'Trench': 0, 'Breach': 0, 'Culvert': 0, 'Sluice': 0, 'Dyke': 0, 'Storm water drain': 0, 'Emergency': 0, 'Immediate': 0, 'IM': 0, 'AE': 0, 'A E': 0, 'AAPDA MITRA': 0, 'Bridge': 0, 'River': 0, 'Drain': 2, 'Restoration': 0, 'Protection': 0, 'irr': 0, 'irrigation': 0, 'dam': 0, 'Nallah': 0, 'nala': 0, 'Retrofitting': 0, 'Pond': 0, 'Pokhari': 0, 'D/C': 0, 'Recharge shaft': 0, 'LFB': 0, 'RFB': 0}","{'Floodlight': 0, 'Flood Light': 0, 'GAS': 0, 'FIFA': 0, 'pipe': 0, 'pipes': 0, 'covid': 0, 'supply': 0, 'Beautification': 0, 'Installation': 0}",,,False,True,Immediate Measures
25074,"NIT 10/E/Bankipur/2022, Gr. No. 73","Construction of  U/G Drain and PCC road In Mohammad colony, New Khajurbanna, from House of Munna ji to House of Md. Jafar in ward no.51 under Bankipur Division, PMC, Patna.","Construction of  U/G Drain and PCC road In Mohammad colony, New Khajurbanna, from House of Munna ji to House of Md. Jafar in ward no.51 under Bankipur Division, PMC, Patna.",365387.0,INR,INR,2022-08-14 15:54:40+00:00,2022-08-14T15:49:21.063000+00:00,2023-02-03T12:07:55+00:00,"Aashish Prasad, Executive Engineer",EE,"BANKIPUR DIVISION, Patna Municipal Corporation, Patna","Ambedkar Bhawan, Vaishali Golumbar,Rajendra Nagar,Patna","Aashish Prasad, Executive Engineer",EE,"Bankipur Division,Patna Municipal Corporation,Patna",7400.0,750.0,590.0,True,"{'Flood': 0, 'Embankment': 0, 'embkt': 0, 'Relief': 0, 'Erosion': 0, 'SDRF': 0, 'Inundation': 0, 'Hydrology': 0, 'Silt': 0, 'Siltation': 0, 'Bund': 0, 'Trench': 0, 'Breach': 0, 'Culvert': 0, 'Sluice': 0, 'Dyke': 0, 'Storm water drain': 0, 'Emergency': 0, 'Immediate': 0, 'IM': 0, 'AE': 0, 'A E': 0, 'AAPDA MITRA': 0, 'Bridge': 0, 'River': 0, 'Drain': 2, 'Restoration': 0, 'Protection': 0, 'irr': 0, 'irrigation': 0, 'dam': 0, 'Nallah': 0, 'nala': 0, 'Retrofitting': 0, 'Pond': 0, 'Pokhari': 0, 'D/C': 0, 'Recharge shaft': 0, 'LFB': 0, 'RFB': 0}","{'Floodlight': 0, 'Flood Light': 0, 'GAS': 0, 'FIFA': 0, 'pipe': 0, 'pipes': 0, 'covid': 0, 'supply': 0, 'Beautification': 0, 'Installation': 0}",,,False,True,Immediate Measures
25072,"NIT 10/E/Bankipur/2022, Gr. No. 71","Construction of  U/G Drain and PCC road In Narayan babu gali, from house of Uma ji to House Subhodh patel  in ward no.51 under Bankipur Division, PMC, Patna.","Construction of  U/G Drain and PCC road In Narayan babu gali, from house of Uma ji to House Subhodh patel  in ward no.51 under Bankipur Division, PMC, Patna.",187038.0,INR,INR,2022-08-14 15:42:59+00:00,2022-08-14T14:30:45.714000+00:00,2023-02-03T11:34:36+00:00,"Aashish Prasad, Executive Engineer",EE,"BANKIPUR DIVISION, Patna Municipal Corporation, Patna","Ambedkar Bhawan, Vaishali Golumbar,Rajendra Nagar,Patna","Aashish Prasad, Executive Engineer",EE,"Bankipur Division,Patna Municipal Corporation,Patna",3800.0,500.0,590.0,True,"{'Flood': 0, 'Embankment': 0, 'embkt': 0, 'Relief': 0, 'Erosion': 0, 'SDRF': 0, 'Inundation': 0, 'Hydrology': 0, 'Silt': 0, 'Siltation': 0, 'Bund': 0, 'Trench': 0, 'Breach': 0, 'Culvert': 0, 'Sluice': 0, 'Dyke': 0, 'Storm water drain': 0, 'Emergency': 0, 'Immediate': 0, 'IM': 0, 'AE': 0, 'A E': 0, 'AAPDA MITRA': 0, 'Bridge': 0, 'River': 0, 'Drain': 2, 'Restoration': 0, 'Protection': 0, 'irr': 0, 'irrigation': 0, 'dam': 0, 'Nallah': 0, 'nala': 0, 'Retrofitting': 0, 'Pond': 0, 'Pokhari': 0, 'D/C': 0, 'Recharge shaft': 0, 'LFB': 0, 'RFB': 0}","{'Floodlight': 0, 'Flood Light': 0, 'GAS': 0, 'FIFA': 0, 'pipe': 0, 'pipes': 0, 'covid': 0, 'supply': 0, 'Beautification': 0, 'Installation': 0}",,,False,True,Immediate Measures
25075,"NIT 10/E/Bankipur/2022, Gr. No. 74","Construction of  U/G Drain and PCC road In Narayan babu gali, from Kiran kunj to House Brij bhushan Vidhyarthi  in ward no.51 under Bankipur Division, PMC, Patna.","Construction of  U/G Drain and PCC road In Narayan babu gali, from Kiran kunj to House Brij bhushan Vidhyarthi  in ward no.51 under Bankipur Division, PMC, Patna.",211664.0,INR,INR,2022-08-14 16:00:58+00:00,2022-08-14T15:55:16.104000+00:00,2023-02-03T12:20:36+00:00,"Aashish Prasad, Executive Engineer",EE,"BANKIPUR DIVISION, Patna Municipal Corporation, Patna","Ambedkar Bhawan, Vaishali Golumbar,Rajendra Nagar,Patna","Aashish Prasad, Executive Engineer",EE,"Bankipur Division,Patna Municipal Corporation,Patna",4300.0,500.0,590.0,True,"{'Flood': 0, 'Embankment': 0, 'embkt': 0, 'Relief': 0, 'Erosion': 0, 'SDRF': 0, 'Inundation': 0, 'Hydrology': 0, 'Silt': 0, 'Siltation': 0, 'Bund': 0, 'Trench': 0, 'Breach': 0, 'Culvert': 0, 'Sluice': 0, 'Dyke': 0, 'Storm water drain': 0, 'Emergency': 0, 'Immediate': 0, 'IM': 0, 'AE': 0, 'A E': 0, 'AAPDA MITRA': 0, 'Bridge': 0, 'River': 0, 'Drain': 2, 'Restoration': 0, 'Protection': 0, 'irr': 0, 'irrigation': 0, 'dam': 0, 'Nallah': 0, 'nala': 0, 'Retrofitting': 0, 'Pond': 0, 'Pokhari': 0, 'D/C': 0, 'Recharge shaft': 0, 'LFB': 0, 'RFB': 0}","{'Floodlight': 0, 'Flood Light': 0, 'GAS': 0, 'FIFA': 0, 'pipe': 0, 'pipes': 0, 'covid': 0, 'supply': 0, 'Beautification': 0, 'Installation': 0}",,,False,True,Immediate Measures
25071,"NIT 10/E/Bankipur/2022, Gr. No. 70","Construction of  Box Drain From B.N.R collage to Ashok Raj path ward no.51 under Bankipur Division, PMC, Patna.","Construction of  Box Drain From B.N.R collage to Ashok Raj path ward no.51 under Bankipur Division, PMC, Patna.",2114220.0,INR,INR,2022-08-14 14:30:10+00:00,2022-08-14T14:23:51.064000+00:00,2023-02-04T08:58:34+00:00,"Aashish Prasad, Executive Engineer",EE,"BANKIPUR DIVISION, Patna Municipal Corporation, Patna","Ambedkar Bhawan, Vaishali Golumbar,Rajendra Nagar,Patna","Aashish Prasad, Executive Engineer",EE,"Bankipur Division,Patna Municipal Corporation,Patna",42300.0,5000.0,590.0,True,"{'Flood': 0, 'Embankment': 0, 'embkt': 0, 'Relief': 0, 'Erosion': 0, 'SDRF': 0, 'Inundation': 0, 'Hydrology': 0, 'Silt': 0, 'Siltation': 0, 'Bund': 0, 'Trench': 0, 'Breach': 0, 'Culvert': 0, 'Sluice': 0, 'Dyke': 0, 'Storm water drain': 0, 'Emergency': 0, 'Immediate': 0, 'IM': 0, 'AE': 0, 'A E': 0, 'AAPDA MITRA': 0, 'Bridge': 0, 'River': 0, 'Drain': 2, 'Restoration': 0, 'Protection': 0, 'irr': 0, 'irrigation': 0, 'dam': 0, 'Nallah': 0, 'nala': 0, 'Retrofitting': 0, 'Pond': 0, 'Pokhari': 0, 'D/C': 0, 'Recharge shaft': 0, 'LFB': 0, 'RFB': 0}","{'Floodlight': 0, 'Flood Light': 0, 'GAS': 0, 'FIFA': 0, 'pipe': 0, 'pipes': 0, 'covid': 0, 'supply': 0, 'Beautification': 0, 'Installation': 0}",,,False,True,Immediate Measures
25067,"NIT 10/E/Bankipur/2022, Gr. No. 66","Construction of  U/G Drain and PCC road In Khan mirza Maidan,  from house of Md. Qamar to House of Nawab and from house of Ali husain to House of Rasid in ward no.51 under Bankipur Division, PMC, Patna.","Construction of  U/G Drain and PCC road In Khan mirza Maidan,  from house of Md. Qamar to House of Nawab and from house of Ali husain to House of Rasid in ward no.51 under Bankipur Division, PMC, Patna.",246895.0,INR,INR,2022-08-14 14:05:57+00:00,2022-08-14T13:57:48.308000+00:00,2023-02-04T09:21:42+00:00,"Aashish Prasad, Executive Engineer",EE,"BANKIPUR DIVISION, Patna Municipal Corporation, Patna","Ambedkar Bhawan, Vaishali Golumbar,Rajendra Nagar,Patna","Aashish Prasad, Executive Engineer",EE,"Bankipur Division,Patna Municipal Corporation,Patna",5000.0,500.0,590.0,True,"{'Flood': 0, 'Embankment': 0, 'embkt': 0, 'Relief': 0, 'Erosion': 0, 'SDRF': 0, 'Inundation': 0, 'Hydrology': 0, 'Silt': 0, 'Siltation': 0, 'Bund': 0, 'Trench': 0, 'Breach': 0, 'Culvert': 0, 'Sluice': 0, 'Dyke': 0, 'Storm water drain': 0, 'Emergency': 0, 'Immediate': 0, 'IM': 0, 'AE': 0, 'A E': 0, 'AAPDA MITRA': 0, 'Bridge': 0, 'River': 0, 'Drain': 2, 'Restoration': 0, 'Protection': 0, 'irr': 0, 'irrigation': 0, 'dam': 0, 'Nallah': 0, 'nala': 0, 'Retrofitting': 0, 'Pond': 0, 'Pokhari': 0, 'D/C': 0, 'Recharge shaft': 0, 'LFB': 0, 'RFB': 0}","{'Floodlight': 0, 'Flood Light': 0, 'GAS': 0, 'FIFA': 0, 'pipe': 0, 'pipes': 0, 'covid': 0, 'supply': 0, 'Beautification': 0, 'Installation': 0}",,,False,True,Immediate Measures
25077,"NIT 10/E/Bankipur/2022, Gr. No. 76","Construction of  U/G Drain and PCC road In Parmeshwari Tel mill Gali  in ward no.38 under Bankipur Division, PMC, Patna.","Construction of  U/G Drain and PCC road In Parmeshwari Tel mill Gali  in ward no.38 under Bankipur Division, PMC, Patna.",2880747.0,INR,INR,2022-08-14 16:16:17+00:00,2022-08-14T16:07:49.362000+00:00,2023-08-05T09:31:32+00:00,"Aashish Prasad, Executive Engineer",EE,"BANKIPUR DIVISION, Patna Municipal Corporation, Patna","Ambedkar Bhawan, Vaishali Golumbar,Rajendra Nagar,Patna","Aashish Prasad, Executive Engineer",EE,"Bankipur Division,Patna Municipal Corporation,Patna",57700.0,5000.0,590.0,True,"{'Flood': 0, 'Embankment': 0, 'embkt': 0, 'Relief': 0, 'Erosion': 0, 'SDRF': 0, 'Inundation': 0, 'Hydrology': 0, 'Silt': 0, 'Siltation': 0, 'Bund': 0, 'Trench': 0, 'Breach': 0, 'Culvert': 0, 'Sluice': 0, 'Dyke': 0, 'Storm water drain': 0, 'Emergency': 0, 'Immediate': 0, 'IM': 0, 'AE': 0, 'A E': 0, 'AAPDA MITRA': 0, 'Bridge': 0, 'River': 0, 'Drain': 2, 'Restoration': 0, 'Protection': 0, 'irr': 0, 'irrigation': 0, 'dam': 0, 'Nallah': 0, 'nala': 0, 'Retrofitting': 0, 'Pond': 0, 'Pokhari': 0, 'D/C': 0, 'Recharge shaft': 0, 'LFB': 0, 'RFB': 0}","{'Floodlight': 0, 'Flood Light': 0, 'GAS': 0, 'FIFA': 0, 'pipe': 0, 'pipes': 0, 'covid': 0, 'supply': 0, 'Beautification': 0, 'Installation': 0}",,,False,True,Immediate Measures
25080,"NIT 10/E/Bankipur/2022, Gr. No. 79","Construction of U/G Drain and Pcc Road in Service lane Between Back side house of Chandramauli sharma and Back side of Geeta sadan to Back of Pranav mansion apartment  at Park road  in ward no 38 under Bankipur Division,P.M.C, Patna","Construction of U/G Drain and Pcc Road in Service lane Between Back side house of Chandramauli sharma and Back side of Geeta sadan to Back of Pranav mansion apartment  at Park road  in ward no 38 under Bankipur Division,P.M.C, Patna",840611.0,INR,INR,2022-08-14 16:36:08+00:00,2022-08-14T16:30:33.245000+00:00,2022-11-16T07:30:06+00:00,"Aashish Prasad, Executive Engineer",EE,"BANKIPUR DIVISION, Patna Municipal Corporation, Patna","Ambedkar Bhawan, Vaishali Golumbar,Rajendra Nagar,Patna","Aashish Prasad, Executive Engineer",EE,"Bankipur Division,Patna Municipal Corporation,Patna",16900.0,1250.0,590.0,True,"{'Flood': 0, 'Embankment': 0, 'embkt': 0, 'Relief': 0, 'Erosion': 0, 'SDRF': 0, 'Inundation': 0, 'Hydrology': 0, 'Silt': 0, 'Siltation': 0, 'Bund': 0, 'Trench': 0, 'Breach': 0, 'Culvert': 0, 'Sluice': 0, 'Dyke': 0, 'Storm water drain': 0, 'Emergency': 0, 'Immediate': 0, 'IM': 0, 'AE': 0, 'A E': 0, 'AAPDA MITRA': 0, 'Bridge': 0, 'River': 0, 'Drain': 2, 'Restoration': 0, 'Protection': 0, 'irr': 0, 'irrigation': 0, 'dam': 0, 'Nallah': 0, 'nala': 0, 'Retrofitting': 0, 'Pond': 0, 'Pokhari': 0, 'D/C': 0, 'Recharge shaft': 0, 'LFB': 0, 'RFB': 0}","{'Floodlight': 0, 'Flood Light': 0, 'GAS': 0, 'FIFA': 0, 'pipe': 0, 'pipes': 0, 'covid': 0, 'supply': 0, 'Beautification': 0, 'Installation': 0}",,,False,True,Immediate Measures
25078,"NIT 10/E/Bankipur/2022, Gr. No. 77","Construction of  U/G Drain and PCC road from Bakarganj Imli Tal in ward no. 38, Bankipur Division, PMC, Patna","Construction of  U/G Drain and PCC road from Bakarganj Imli Tal in ward no. 38, Bankipur Division, PMC, Patna",1919182.0,INR,INR,2022-08-14 16:21:58+00:00,2022-08-14T16:16:54.972000+00:00,2023-02-28T09:45:51+00:00,"Aashish Prasad, Executive Engineer",EE,"BANKIPUR DIVISION, Patna Municipal Corporation, Patna","Ambedkar Bhawan, Vaishali Golumbar,Rajendra Nagar,Patna","Aashish Prasad, Executive Engineer",EE,"Bankipur Division,Patna Municipal Corporation,Patna",38400.0,5000.0,590.0,True,"{'Flood': 0, 'Embankment': 0, 'embkt': 0, 'Relief': 0, 'Erosion': 0, 'SDRF': 0, 'Inundation': 0, 'Hydrology': 0, 'Silt': 0, 'Siltation': 0, 'Bund': 0, 'Trench': 0, 'Breach': 0, 'Culvert': 0, 'Sluice': 0, 'Dyke': 0, 'Storm water drain': 0, 'Emergency': 0, 'Immediate': 0, 'IM': 0, 'AE': 0, 'A E': 0, 'AAPDA MITRA': 0, 'Bridge': 0, 'River': 0, 'Drain': 2, 'Restoration': 0, 'Protection': 0, 'irr': 0, 'irrigation': 0, 'dam': 0, 'Nallah': 0, 'nala': 0, 'Retrofitting': 0, 'Pond': 0, 'Pokhari': 0, 'D/C': 0, 'Recharge shaft': 0, 'LFB': 0, 'RFB': 0}","{'Floodlight': 0, 'Flood Light': 0, 'GAS': 0, 'FIFA': 0, 'pipe': 0, 'pipes': 0, 'covid': 0, 'supply': 0, 'Beautification': 0, 'Installation': 0}",,,False,True,Immediate Measures
25086,01/2022-23/03,"Construction of Drain from Suchit Mandal House to Railway Over Bridge and Bus Stand South side in ward no 14 under nagar panchayat kahalgaon, bhagalpur","Construction of Drain from Suchit Mandal House to Railway Over Bridge and Bus Stand South side in ward no 14 under nagar panchayat kahalgaon, bhagalpur",3442212.0,INR,INR,2022-08-15 06:03:49+00:00,2022-08-15T05:58:33.312000+00:00,2022-12-10T08:28:11+00:00,KRISHNA BHUSHAN KUMAR,Executive Officer Nagar Panchayat Kahalgaon,UDHD,Station Chouk Kahalgaon,KRISHNA BHUSHAN KUMAR,Executive Officer Nagar Panchayat Kahalgaon,UDHD,68900.0,5000.0,590.0,True,"{'Flood': 0, 'Embankment': 0, 'embkt': 0, 'Relief': 0, 'Erosion': 0, 'SDRF': 0, 'Inundation': 0, 'Hydrology': 0, 'Silt': 0, 'Siltation': 0, 'Bund': 0, 'Trench': 0, 'Breach': 0, 'Culvert': 0, 'Sluice': 0, 'Dyke': 0, 'Storm water drain': 0, 'Emergency': 0, 'Immediate': 0, 'IM': 0, 'AE': 0, 'A E': 0, 'AAPDA MITRA': 0, 'Bridge': 2, 'River': 0, 'Drain': 2, 'Restoration': 0, 'Protection': 0, 'irr': 0, 'irrigation': 0, 'dam': 0, 'Nallah': 0, 'nala': 0, 'Retrofitting': 0, 'Pond': 0, 'Pokhari': 0, 'D/C': 0, 'Recharge shaft': 0, 'LFB': 0, 'RFB': 0}","{'Floodlight': 0, 'Flood Light': 0, 'GAS': 0, 'FIFA': 0, 'pipe': 0, 'pipes': 0, 'covid': 0, 'supply': 0, 'Beautification': 0, 'Installation': 0}",,,False,True,Others
25089,01/2022-23/05,"Construction of PCC road and Drain from Banke Sah House to Rajesh Tiwari House in ward no 15 under nagar panchayat kahalgaon, bhagalpur","Construction of PCC road and Drain from Banke Sah House to Rajesh Tiwari House in ward no 15 under nagar panchayat kahalgaon, bhagalpur",1310005.0,INR,INR,2022-08-15 06:18:02+00:00,2022-08-15T06:12:07.993000+00:00,2022-12-10T08:20:08+00:00,KRISHNA BHUSHAN KUMAR,Executive Officer Nagar Panchayat Kahalgaon,UDHD,Station Chouk Kahalgaon,KRISHNA BHUSHAN KUMAR,Executive Officer Nagar Panchayat Kahalgaon,UDHD,26200.0,2500.0,590.0,True,"{'Flood': 0, 'Embankment': 0, 'embkt': 0, 'Relief': 0, 'Erosion': 0, 'SDRF': 0, 'Inundation': 0, 'Hydrology': 0, 'Silt': 0, 'Siltation': 0, 'Bund': 0, 'Trench': 0, 'Breach': 0, 'Culvert': 0, 'Sluice': 0, 'Dyke': 0, 'Storm water drain': 0, 'Emergency': 0, 'Immediate': 0, 'IM': 0, 'AE': 0, 'A E': 0, 'AAPDA MITRA': 0, 'Bridge': 0, 'River': 0, 'Drain': 2, 'Restoration': 0, 'Protection': 0, 'irr': 0, 'irrigation': 0, 'dam': 0, 'Nallah': 0, 'nala': 0, 'Retrofitting': 0, 'Pond': 0, 'Pokhari': 0, 'D/C': 0, 'Recharge shaft': 0, 'LFB': 0, 'RFB': 0}","{'Floodlight': 0, 'Flood Light': 0, 'GAS': 0, 'FIFA': 0, 'pipe': 0, 'pipes': 0, 'covid': 0, 'supply': 0, 'Beautification': 0, 'Installation': 0}",,,False,True,Others
25087,"NIT 10/E/Bankipur/2022, Gr. No. 84","Construction of R.C.C Drain and PCC road In P.D lane from House of dhruv kumar to House of Shiv shankar Yadav ,  in ward no.48 under Bankipur Division, PMC, Patna.","Construction of R.C.C Drain and PCC road In P.D lane from House of dhruv kumar to House of Shiv shankar Yadav ,  in ward no.48 under Bankipur Division, PMC, Patna.",1294837.0,INR,INR,2022-08-15 06:09:29+00:00,2022-08-15T06:03:54.801000+00:00,2023-05-03T06:47:00+00:00,"Aashish Prasad, Executive Engineer",EE,"BANKIPUR DIVISION, Patna Municipal Corporation, Patna","Ambedkar Bhawan, Vaishali Golumbar,Rajendra Nagar,Patna","Aashish Prasad, Executive Engineer",EE,"Bankipur Division,Patna Municipal Corporation,Patna",25900.0,2500.0,590.0,True,"{'Flood': 0, 'Embankment': 0, 'embkt': 0, 'Relief': 0, 'Erosion': 0, 'SDRF': 0, 'Inundation': 0, 'Hydrology': 0, 'Silt': 0, 'Siltation': 0, 'Bund': 0, 'Trench': 0, 'Breach': 0, 'Culvert': 0, 'Sluice': 0, 'Dyke': 0, 'Storm water drain': 0, 'Emergency': 0, 'Immediate': 0, 'IM': 0, 'AE': 0, 'A E': 0, 'AAPDA MITRA': 0, 'Bridge': 0, 'River': 0, 'Drain': 2, 'Restoration': 0, 'Protection': 0, 'irr': 0, 'irrigation': 0, 'dam': 0, 'Nallah': 0, 'nala': 0, 'Retrofitting': 0, 'Pond': 0, 'Pokhari': 0, 'D/C': 0, 'Recharge shaft': 0, 'LFB': 0, 'RFB': 0}","{'Floodlight': 0, 'Flood Light': 0, 'GAS': 0, 'FIFA': 0, 'pipe': 0, 'pipes': 0, 'covid': 0, 'supply': 0, 'Beautification': 0, 'Installation': 0}",,,False,True,Immediate Measures
25081,"NIT 10/E/Bankipur/2022, Gr. No. 80","Construction of  R.C.C Drain and PCC road In Mahavir lane from Pahalwan lane to Tikiya toli ,  in ward no.48 under Bankipur Division, PMC, Patna.","Construction of  R.C.C Drain and PCC road In Mahavir lane from Pahalwan lane to Tikiya toli ,  in ward no.48 under Bankipur Division, PMC, Patna.",1250087.0,INR,INR,2022-08-14 16:50:43+00:00,2022-08-14T16:36:51.436000+00:00,2023-01-09T09:25:45+00:00,"Aashish Prasad, Executive Engineer",EE,"BANKIPUR DIVISION, Patna Municipal Corporation, Patna","Ambedkar Bhawan, Vaishali Golumbar,Rajendra Nagar,Patna","Aashish Prasad, Executive Engineer",EE,"Bankipur Division,Patna Municipal Corporation,Patna",25100.0,2500.0,590.0,True,"{'Flood': 0, 'Embankment': 0, 'embkt': 0, 'Relief': 0, 'Erosion': 0, 'SDRF': 0, 'Inundation': 0, 'Hydrology': 0, 'Silt': 0, 'Siltation': 0, 'Bund': 0, 'Trench': 0, 'Breach': 0, 'Culvert': 0, 'Sluice': 0, 'Dyke': 0, 'Storm water drain': 0, 'Emergency': 0, 'Immediate': 0, 'IM': 0, 'AE': 0, 'A E': 0, 'AAPDA MITRA': 0, 'Bridge': 0, 'River': 0, 'Drain': 2, 'Restoration': 0, 'Protection': 0, 'irr': 0, 'irrigation': 0, 'dam': 0, 'Nallah': 0, 'nala': 0, 'Retrofitting': 0, 'Pond': 0, 'Pokhari': 0, 'D/C': 0, 'Recharge shaft': 0, 'LFB': 0, 'RFB': 0}","{'Floodlight': 0, 'Flood Light': 0, 'GAS': 0, 'FIFA': 0, 'pipe': 0, 'pipes': 0, 'covid': 0, 'supply': 0, 'Beautification': 0, 'Installation': 0}",,,False,True,Immediate Measures
25088,01/2022-23/04,"Construction of Drain and Culvert from Sanjeev Gupta House to Ganesh Sah House and Udit Sah House to Ganga Pump Nahar Main Gate in ward no 16 under nagar panchayat kahalgaon, bhagalpur","Construction of Drain and Culvert from Sanjeev Gupta House to Ganesh Sah House and Udit Sah House to Ganga Pump Nahar Main Gate in ward no 16 under nagar panchayat kahalgaon, bhagalpur",2257463.0,INR,INR,2022-08-15 06:10:55+00:00,2022-08-15T06:05:17.484000+00:00,2022-12-10T09:09:08+00:00,KRISHNA BHUSHAN KUMAR,Executive Officer Nagar Panchayat Kahalgaon,UDHD,Station Chouk Kahalgaon,KRISHNA BHUSHAN KUMAR,Executive Officer Nagar Panchayat Kahalgaon,UDHD,45200.0,5000.0,590.0,True,"{'Flood': 0, 'Embankment': 0, 'embkt': 0, 'Relief': 0, 'Erosion': 0, 'SDRF': 0, 'Inundation': 0, 'Hydrology': 0, 'Silt': 0, 'Siltation': 0, 'Bund': 0, 'Trench': 0, 'Breach': 0, 'Culvert': 2, 'Sluice': 0, 'Dyke': 0, 'Storm water drain': 0, 'Emergency': 0, 'Immediate': 0, 'IM': 0, 'AE': 0, 'A E': 0, 'AAPDA MITRA': 0, 'Bridge': 0, 'River': 0, 'Drain': 2, 'Restoration': 0, 'Protection': 0, 'irr': 0, 'irrigation': 0, 'dam': 0, 'Nallah': 0, 'nala': 0, 'Retrofitting': 0, 'Pond': 0, 'Pokhari': 0, 'D/C': 0, 'Recharge shaft': 0, 'LFB': 0, 'RFB': 0}","{'Floodlight': 0, 'Flood Light': 0, 'GAS': 0, 'FIFA': 0, 'pipe': 0, 'pipes': 0, 'covid': 0, 'supply': 0, 'Beautification': 0, 'Installation': 0}",,,False,True,Others
25095,"NIT 10/E/Bankipur/2022, Gr. No. 90","Construction of  U/G Drain for connecting Catch Pit to Manhole in Stadium Road in Rajendra Nagar in ward no.43 under Bankipur Division, PMC, Patna.","Construction of  U/G Drain for connecting Catch Pit to Manhole in Stadium Road in Rajendra Nagar in ward no.43 under Bankipur Division, PMC, Patna.",421117.0,INR,INR,2022-08-15 07:21:31+00:00,2022-08-15T07:15:51.302000+00:00,2023-05-08T10:06:43+00:00,"Aashish Prasad, Executive Engineer",EE,"BANKIPUR DIVISION, Patna Municipal Corporation, Patna","Ambedkar Bhawan, Vaishali Golumbar,Rajendra Nagar,Patna","Aashish Prasad, Executive Engineer",EE,"Bankipur Division,Patna Municipal Corporation,Patna",8500.0,750.0,590.0,True,"{'Flood': 0, 'Embankment': 0, 'embkt': 0, 'Relief': 0, 'Erosion': 0, 'SDRF': 0, 'Inundation': 0, 'Hydrology': 0, 'Silt': 0, 'Siltation': 0, 'Bund': 0, 'Trench': 0, 'Breach': 0, 'Culvert': 0, 'Sluice': 0, 'Dyke': 0, 'Storm water drain': 0, 'Emergency': 0, 'Immediate': 0, 'IM': 0, 'AE': 0, 'A E': 0, 'AAPDA MITRA': 0, 'Bridge': 0, 'River': 0, 'Drain': 2, 'Restoration': 0, 'Protection': 0, 'irr': 0, 'irrigation': 0, 'dam': 0, 'Nallah': 0, 'nala': 0, 'Retrofitting': 0, 'Pond': 0, 'Pokhari': 0, 'D/C': 0, 'Recharge shaft': 0, 'LFB': 0, 'RFB': 0}","{'Floodlight': 0, 'Flood Light': 0, 'GAS': 0, 'FIFA': 0, 'pipe': 0, 'pipes': 0, 'covid': 0, 'supply': 0, 'Beautification': 0, 'Installation': 0}",,,False,True,Immediate Measures
25090,"NIT 10/E/Bankipur/2022, Gr. No. 85","Construction of  U/G Drain and PCC road In Nathun gali from Shambhu kirana to Saidpur nahar Road,  in ward no.48 under Bankipur Division, PMC, Patna.","Construction of  U/G Drain and PCC road In Nathun gali from Shambhu kirana to Saidpur nahar Road,  in ward no.48 under Bankipur Division, PMC, Patna.",1127950.0,INR,INR,2022-08-15 06:51:56+00:00,2022-08-15T06:46:37.263000+00:00,2022-12-06T09:22:13+00:00,"Aashish Prasad, Executive Engineer",EE,"BANKIPUR DIVISION, Patna Municipal Corporation, Patna","Ambedkar Bhawan, Vaishali Golumbar,Rajendra Nagar,Patna","Aashish Prasad, Executive Engineer",EE,"Bankipur Division,Patna Municipal Corporation,Patna",22600.0,2500.0,590.0,True,"{'Flood': 0, 'Embankment': 0, 'embkt': 0, 'Relief': 0, 'Erosion': 0, 'SDRF': 0, 'Inundation': 0, 'Hydrology': 0, 'Silt': 0, 'Siltation': 0, 'Bund': 0, 'Trench': 0, 'Breach': 0, 'Culvert': 0, 'Sluice': 0, 'Dyke': 0, 'Storm water drain': 0, 'Emergency': 0, 'Immediate': 0, 'IM': 0, 'AE': 0, 'A E': 0, 'AAPDA MITRA': 0, 'Bridge': 0, 'River': 0, 'Drain': 2, 'Restoration': 0, 'Protection': 0, 'irr': 0, 'irrigation': 0, 'dam': 0, 'Nallah': 0, 'nala': 0, 'Retrofitting': 0, 'Pond': 0, 'Pokhari': 0, 'D/C': 0, 'Recharge shaft': 0, 'LFB': 0, 'RFB': 0}","{'Floodlight': 0, 'Flood Light': 0, 'GAS': 0, 'FIFA': 0, 'pipe': 0, 'pipes': 0, 'covid': 0, 'supply': 0, 'Beautification': 0, 'Installation': 0}",,,False,True,Immediate Measures
25093,"NIT 10/E/Bankipur/2022, Gr. No. 88","Repair of Damaged Protection wall of Saidpur Nahar in different places under Bankipur Division, PMC, Patna.","Repair of Damaged Protection wall of Saidpur Nahar in different places under Bankipur Division, PMC, Patna.",485988.0,INR,INR,2022-08-15 07:09:54+00:00,2022-08-15T07:05:13.405000+00:00,2022-08-23T09:30:04+00:00,"Aashish Prasad, Executive Engineer",EE,"BANKIPUR DIVISION, Patna Municipal Corporation, Patna","Ambedkar Bhawan, Vaishali Golumbar,Rajendra Nagar,Patna","Aashish Prasad, Executive Engineer",EE,"Bankipur Division,Patna Municipal Corporation,Patna",9900.0,750.0,590.0,True,"{'Flood': 0, 'Embankment': 0, 'embkt': 0, 'Relief': 0, 'Erosion': 0, 'SDRF': 0, 'Inundation': 0, 'Hydrology': 0, 'Silt': 0, 'Siltation': 0, 'Bund': 0, 'Trench': 0, 'Breach': 0, 'Culvert': 0, 'Sluice': 0, 'Dyke': 0, 'Storm water drain': 0, 'Emergency': 0, 'Immediate': 0, 'IM': 0, 'AE': 0, 'A E': 0, 'AAPDA MITRA': 0, 'Bridge': 0, 'River': 0, 'Drain': 0, 'Restoration': 0, 'Protection': 2, 'irr': 0, 'irrigation': 0, 'dam': 0, 'Nallah': 0, 'nala': 0, 'Retrofitting': 0, 'Pond': 0, 'Pokhari': 0, 'D/C': 0, 'Recharge shaft': 0, 'LFB': 0, 'RFB': 0}","{'Floodlight': 0, 'Flood Light': 0, 'GAS': 0, 'FIFA': 0, 'pipe': 0, 'pipes': 0, 'covid': 0, 'supply': 0, 'Beautification': 0, 'Installation': 0}",,,False,False,Immediate Measures
25109,NIT-03/E/PCD/2022-23_GR03,"Construction of  PCC Road and UG Drain from house of Surendra Saw to house of Ajay Rai Kutti wala at Durahi Ghat in ward No. 71 under Patna City Division PMC, Patna.","Construction of  PCC Road and UG Drain from house of Surendra Saw to house of Ajay Rai Kutti wala at Durahi Ghat in ward No. 71 under Patna City Division PMC, Patna.",6248292.0,INR,INR,2022-08-16 04:46:41+00:00,2022-08-16T04:32:49.912000+00:00,2022-08-20T09:30:02+00:00,"Ramswarup Prasad, EXECUTIVE ENGINEER",EE,"PATNA CITY DIVISION, PMC","PATNA CITY DIVISION, MEENA BAZAR, SHERSHAH PATH, PATNA-07","Ramswarup Prasad, EXECUTIVE ENGINEER",EE,"PATNA CITY DIVISION, PMC",125000.0,10000.0,590.0,True,"{'Flood': 0, 'Embankment': 0, 'embkt': 0, 'Relief': 0, 'Erosion': 0, 'SDRF': 0, 'Inundation': 0, 'Hydrology': 0, 'Silt': 0, 'Siltation': 0, 'Bund': 0, 'Trench': 0, 'Breach': 0, 'Culvert': 0, 'Sluice': 0, 'Dyke': 0, 'Storm water drain': 0, 'Emergency': 0, 'Immediate': 0, 'IM': 0, 'AE': 0, 'A E': 0, 'AAPDA MITRA': 0, 'Bridge': 0, 'River': 0, 'Drain': 2, 'Restoration': 0, 'Protection': 0, 'irr': 0, 'irrigation': 0, 'dam': 0, 'Nallah': 0, 'nala': 0, 'Retrofitting': 0, 'Pond': 0, 'Pokhari': 0, 'D/C': 0, 'Recharge shaft': 0, 'LFB': 0, 'RFB': 0}","{'Floodlight': 0, 'Flood Light': 0, 'GAS': 0, 'FIFA': 0, 'pipe': 0, 'pipes': 0, 'covid': 0, 'supply': 0, 'Beautification': 0, 'Installation': 0}",,,False,True,Immediate Measures
25107,NIT-03/E/PCD/2022-23_GR01,"Construction of  PCC Road and UG Drain from Main Road Choti Mandir via Domkhana via Bundeltoli house of Chandan Singh in ward No. 71 under Patna City Division PMC, Patna.","Construction of  PCC Road and UG Drain from Main Road Choti Mandir via Domkhana via Bundeltoli house of Chandan Singh in ward No. 71 under Patna City Division PMC, Patna.",8328953.0,INR,INR,2022-08-16 04:17:38+00:00,2022-08-16T03:21:47.881000+00:00,2022-08-20T09:30:02+00:00,"Ramswarup Prasad, EXECUTIVE ENGINEER",EE,"PATNA CITY DIVISION, PMC","PATNA CITY DIVISION, MEENA BAZAR, SHERSHAH PATH, PATNA-07","Ramswarup Prasad, EXECUTIVE ENGINEER",EE,"PATNA CITY DIVISION, PMC",166600.0,10000.0,3540.0,True,"{'Flood': 0, 'Embankment': 0, 'embkt': 0, 'Relief': 0, 'Erosion': 0, 'SDRF': 0, 'Inundation': 0, 'Hydrology': 0, 'Silt': 0, 'Siltation': 0, 'Bund': 0, 'Trench': 0, 'Breach': 0, 'Culvert': 0, 'Sluice': 0, 'Dyke': 0, 'Storm water drain': 0, 'Emergency': 0, 'Immediate': 0, 'IM': 0, 'AE': 0, 'A E': 0, 'AAPDA MITRA': 0, 'Bridge': 0, 'River': 0, 'Drain': 2, 'Restoration': 0, 'Protection': 0, 'irr': 0, 'irrigation': 0, 'dam': 0, 'Nallah': 0, 'nala': 0, 'Retrofitting': 0, 'Pond': 0, 'Pokhari': 0, 'D/C': 0, 'Recharge shaft': 0, 'LFB': 0, 'RFB': 0}","{'Floodlight': 0, 'Flood Light': 0, 'GAS': 0, 'FIFA': 0, 'pipe': 0, 'pipes': 0, 'covid': 0, 'supply': 0, 'Beautification': 0, 'Installation': 0}",,,False,True,Immediate Measures
25108,NIT-03/E/PCD/2022-23_GR02,"Construction of  PCC Road and UG Drain from Jhijhardi Bagh Chauraha to Dhobi toal via house of Ashok Rai  in ward No. 71 under Patna City Division PMC, Patna.","Construction of  PCC Road and UG Drain from Jhijhardi Bagh Chauraha to Dhobi toal via house of Ashok Rai  in ward No. 71 under Patna City Division PMC, Patna.",6248286.0,INR,INR,2022-08-16 04:32:30+00:00,2022-08-16T04:20:08.025000+00:00,2022-08-20T09:30:02+00:00,"Ramswarup Prasad, EXECUTIVE ENGINEER",EE,"PATNA CITY DIVISION, PMC","PATNA CITY DIVISION, MEENA BAZAR, SHERSHAH PATH, PATNA-07","Ramswarup Prasad, EXECUTIVE ENGINEER",EE,"PATNA CITY DIVISION, PMC",125000.0,10000.0,590.0,True,"{'Flood': 0, 'Embankment': 0, 'embkt': 0, 'Relief': 0, 'Erosion': 0, 'SDRF': 0, 'Inundation': 0, 'Hydrology': 0, 'Silt': 0, 'Siltation': 0, 'Bund': 0, 'Trench': 0, 'Breach': 0, 'Culvert': 0, 'Sluice': 0, 'Dyke': 0, 'Storm water drain': 0, 'Emergency': 0, 'Immediate': 0, 'IM': 0, 'AE': 0, 'A E': 0, 'AAPDA MITRA': 0, 'Bridge': 0, 'River': 0, 'Drain': 2, 'Restoration': 0, 'Protection': 0, 'irr': 0, 'irrigation': 0, 'dam': 0, 'Nallah': 0, 'nala': 0, 'Retrofitting': 0, 'Pond': 0, 'Pokhari': 0, 'D/C': 0, 'Recharge shaft': 0, 'LFB': 0, 'RFB': 0}","{'Floodlight': 0, 'Flood Light': 0, 'GAS': 0, 'FIFA': 0, 'pipe': 0, 'pipes': 0, 'covid': 0, 'supply': 0, 'Beautification': 0, 'Installation': 0}",,,False,True,Immediate Measures
25122,NIT02/2022-23/MID/KAIMUR,Repair and maintenance of Office Building Minor Irrigation Division Kaimur Mohania,Repair and maintenance of Office Building Minor Irrigation Division Kaimur Mohania,4360746.0,INR,INR,2022-08-17 09:26:50+00:00,2022-08-17T08:13:18.794000+00:00,2022-09-19T05:53:34+00:00,Alok Prasad,Executive Engineer,Minor Water Resources Department,Minor Irrigation Division Kaimur Mohania,"ER. RAJENDRA KUMAR, SE PATNA",SUPERINTENDENT ENGINEER,"MINOR IRRIGATION CIRCLE, PATNA",87500.0,5000.0,590.0,True,"{'Flood': 0, 'Embankment': 0, 'embkt': 0, 'Relief': 0, 'Erosion': 0, 'SDRF': 0, 'Inundation': 0, 'Hydrology': 0, 'Silt': 0, 'Siltation': 0, 'Bund': 0, 'Trench': 0, 'Breach': 0, 'Culvert': 0, 'Sluice': 0, 'Dyke': 0, 'Storm water drain': 0, 'Emergency': 0, 'Immediate': 0, 'IM': 0, 'AE': 0, 'A E': 0, 'AAPDA MITRA': 0, 'Bridge': 0, 'River': 0, 'Drain': 0, 'Restoration': 0, 'Protection': 0, 'irr': 0, 'irrigation': 2, 'dam': 0, 'Nallah': 0, 'nala': 0, 'Retrofitting': 0, 'Pond': 0, 'Pokhari': 0, 'D/C': 0, 'Recharge shaft': 0, 'LFB': 0, 'RFB': 0}","{'Floodlight': 0, 'Flood Light': 0, 'GAS': 0, 'FIFA': 0, 'pipe': 0, 'pipes': 0, 'covid': 0, 'supply': 0, 'Beautification': 0, 'Installation': 0}",,,False,False,Immediate Measures
25110,NIT-03/E/PCD/2022-23_GR04,"Construction of  PCC Road and UG Drain in Bundel Toli from house of Shiv Kumar Singh to Bundel toli Akhada , ward No. 71 under Patna City Division PMC, Patna.","Construction of  PCC Road and UG Drain in Bundel Toli from house of Shiv Kumar Singh to Bundel toli Akhada , ward No. 71 under Patna City Division PMC, Patna.",8328953.0,INR,INR,2022-08-16 04:57:55+00:00,2022-08-16T04:47:54.265000+00:00,2022-08-20T09:30:02+00:00,"Ramswarup Prasad, EXECUTIVE ENGINEER",EE,"PATNA CITY DIVISION, PMC","PATNA CITY DIVISION, MEENA BAZAR, SHERSHAH PATH, PATNA-07","Ramswarup Prasad, EXECUTIVE ENGINEER",EE,"PATNA CITY DIVISION, PMC",166600.0,10000.0,3540.0,True,"{'Flood': 0, 'Embankment': 0, 'embkt': 0, 'Relief': 0, 'Erosion': 0, 'SDRF': 0, 'Inundation': 0, 'Hydrology': 0, 'Silt': 0, 'Siltation': 0, 'Bund': 0, 'Trench': 0, 'Breach': 0, 'Culvert': 0, 'Sluice': 0, 'Dyke': 0, 'Storm water drain': 0, 'Emergency': 0, 'Immediate': 0, 'IM': 0, 'AE': 0, 'A E': 0, 'AAPDA MITRA': 0, 'Bridge': 0, 'River': 0, 'Drain': 2, 'Restoration': 0, 'Protection': 0, 'irr': 0, 'irrigation': 0, 'dam': 0, 'Nallah': 0, 'nala': 0, 'Retrofitting': 0, 'Pond': 0, 'Pokhari': 0, 'D/C': 0, 'Recharge shaft': 0, 'LFB': 0, 'RFB': 0}","{'Floodlight': 0, 'Flood Light': 0, 'GAS': 0, 'FIFA': 0, 'pipe': 0, 'pipes': 0, 'covid': 0, 'supply': 0, 'Beautification': 0, 'Installation': 0}",,,False,True,Immediate Measures
25178,02/2022-23...,"Construction of RCC Drain in ward No.17 of Nagar panchayat Barsoi, Katihar from The  Location of  P.W.D Road Via Kailash Saha to The House of  Anusur .","Construction of RCC Drain in ward No.17 of Nagar panchayat Barsoi, Katihar from The  Location of  P.W.D Road Via Kailash Saha to The House of  Anusur .",2497000.0,INR,INR,2022-08-21 17:08:28+00:00,2022-08-21T17:04:53.677000+00:00,2022-08-29T10:09:57+00:00,EXECUTIVE OFFICER NAGAR PANCHAYAT BARSOI,EXECUTIVE OFFICER NAGAR PANCHAYAT BARSOI,NAGAR PANCHAYAT BARSOI,NAGAR PANCHAYAT BARSOI,EXECUTIVE OFFICER NAGAR PANCHAYAT BARSOI,EXECUTIVE OFFICER NAGAR PANCHAYAT BARSOI,NAGAR PANCHAYAT BARSOI,49000.0,5000.0,590.0,True,"{'Flood': 0, 'Embankment': 0, 'embkt': 0, 'Relief': 0, 'Erosion': 0, 'SDRF': 0, 'Inundation': 0, 'Hydrology': 0, 'Silt': 0, 'Siltation': 0, 'Bund': 0, 'Trench': 0, 'Breach': 0, 'Culvert': 0, 'Sluice': 0, 'Dyke': 0, 'Storm water drain': 0, 'Emergency': 0, 'Immediate': 0, 'IM': 0, 'AE': 0, 'A E': 0, 'AAPDA MITRA': 0, 'Bridge': 0, 'River': 0, 'Drain': 2, 'Restoration': 0, 'Protection': 0, 'irr': 0, 'irrigation': 0, 'dam': 0, 'Nallah': 0, 'nala': 0, 'Retrofitting': 0, 'Pond': 0, 'Pokhari': 0, 'D/C': 0, 'Recharge shaft': 0, 'LFB': 0, 'RFB': 0}","{'Floodlight': 0, 'Flood Light': 0, 'GAS': 0, 'FIFA': 0, 'pipe': 0, 'pipes': 0, 'covid': 0, 'supply': 0, 'Beautification': 0, 'Installation': 0}",,,False,True,Others
25179,02/2022-23....,"Construction of RCC Drain in ward No. 07 of Nagar panchayat Barsoi, Katihar from The Location of Barsoi Station Kalimandir Via Manoj Singh to Culvert.","Construction of RCC Drain in ward No. 07 of Nagar panchayat Barsoi, Katihar from The Location of Barsoi Station Kalimandir Via Manoj Singh to Culvert.",1483600.0,INR,INR,2022-08-21 17:14:38+00:00,2022-08-21T17:10:31.183000+00:00,2022-08-29T10:59:11+00:00,EXECUTIVE OFFICER NAGAR PANCHAYAT BARSOI,EXECUTIVE OFFICER NAGAR PANCHAYAT BARSOI,NAGAR PANCHAYAT BARSOI,NAGAR PANCHAYAT BARSOI,EXECUTIVE OFFICER NAGAR PANCHAYAT BARSOI,EXECUTIVE OFFICER NAGAR PANCHAYAT BARSOI,NAGAR PANCHAYAT BARSOI,29000.0,5000.0,590.0,True,"{'Flood': 0, 'Embankment': 0, 'embkt': 0, 'Relief': 0, 'Erosion': 0, 'SDRF': 0, 'Inundation': 0, 'Hydrology': 0, 'Silt': 0, 'Siltation': 0, 'Bund': 0, 'Trench': 0, 'Breach': 0, 'Culvert': 2, 'Sluice': 0, 'Dyke': 0, 'Storm water drain': 0, 'Emergency': 0, 'Immediate': 0, 'IM': 0, 'AE': 0, 'A E': 0, 'AAPDA MITRA': 0, 'Bridge': 0, 'River': 0, 'Drain': 2, 'Restoration': 0, 'Protection': 0, 'irr': 0, 'irrigation': 0, 'dam': 0, 'Nallah': 0, 'nala': 0, 'Retrofitting': 0, 'Pond': 0, 'Pokhari': 0, 'D/C': 0, 'Recharge shaft': 0, 'LFB': 0, 'RFB': 0}","{'Floodlight': 0, 'Flood Light': 0, 'GAS': 0, 'FIFA': 0, 'pipe': 0, 'pipes': 0, 'covid': 0, 'supply': 0, 'Beautification': 0, 'Installation': 0}",,,False,True,Immediate Measures
25166,002/2022-23,"Construction of RCC Drain in ward No. 14 of Nagar panchayat Barsoi, Katihar from The  Location of Barsoi Block Chowk Via Masjid Chowk to the Location of PWD Road.","Construction of RCC Drain in ward No. 14 of Nagar panchayat Barsoi, Katihar from The  Location of Barsoi Block Chowk Via Masjid Chowk to the Location of PWD Road.",2466200.0,INR,INR,2022-08-21 16:38:00+00:00,2022-08-21T16:12:01.341000+00:00,2022-08-29T07:57:32+00:00,EXECUTIVE OFFICER NAGAR PANCHAYAT BARSOI,EXECUTIVE OFFICER NAGAR PANCHAYAT BARSOI,NAGAR PANCHAYAT BARSOI,NAGAR PANCHAYAT BARSOI,EXECUTIVE OFFICER NAGAR PANCHAYAT BARSOI,EXECUTIVE OFFICER NAGAR PANCHAYAT BARSOI,NAGAR PANCHAYAT BARSOI,49000.0,5000.0,590.0,True,"{'Flood': 0, 'Embankment': 0, 'embkt': 0, 'Relief': 0, 'Erosion': 0, 'SDRF': 0, 'Inundation': 0, 'Hydrology': 0, 'Silt': 0, 'Siltation': 0, 'Bund': 0, 'Trench': 0, 'Breach': 0, 'Culvert': 0, 'Sluice': 0, 'Dyke': 0, 'Storm water drain': 0, 'Emergency': 0, 'Immediate': 0, 'IM': 0, 'AE': 0, 'A E': 0, 'AAPDA MITRA': 0, 'Bridge': 0, 'River': 0, 'Drain': 2, 'Restoration': 0, 'Protection': 0, 'irr': 0, 'irrigation': 0, 'dam': 0, 'Nallah': 0, 'nala': 0, 'Retrofitting': 0, 'Pond': 0, 'Pokhari': 0, 'D/C': 0, 'Recharge shaft': 0, 'LFB': 0, 'RFB': 0}","{'Floodlight': 0, 'Flood Light': 0, 'GAS': 0, 'FIFA': 0, 'pipe': 0, 'pipes': 0, 'covid': 0, 'supply': 0, 'Beautification': 0, 'Installation': 0}",,,False,True,Others
25183,"02/2022-23,.,........","Construction of RCC Drain in ward No.17 of Nagar panchayat Barsoi, Katihar from The  House of  Bina Rai  to The Location of  P .W. D 98 .","Construction of RCC Drain in ward No.17 of Nagar panchayat Barsoi, Katihar from The  House of  Bina Rai  to The Location of  P .W. D 98 .",1092300.0,INR,INR,2022-08-21 17:40:31+00:00,2022-08-21T17:33:53.427000+00:00,2022-08-30T08:18:24+00:00,EXECUTIVE OFFICER NAGAR PANCHAYAT BARSOI,EXECUTIVE OFFICER NAGAR PANCHAYAT BARSOI,NAGAR PANCHAYAT BARSOI,NAGAR PANCHAYAT BARSOI,EXECUTIVE OFFICER NAGAR PANCHAYAT BARSOI,EXECUTIVE OFFICER NAGAR PANCHAYAT BARSOI,NAGAR PANCHAYAT BARSOI,29000.0,5000.0,590.0,True,"{'Flood': 0, 'Embankment': 0, 'embkt': 0, 'Relief': 0, 'Erosion': 0, 'SDRF': 0, 'Inundation': 0, 'Hydrology': 0, 'Silt': 0, 'Siltation': 0, 'Bund': 0, 'Trench': 0, 'Breach': 0, 'Culvert': 0, 'Sluice': 0, 'Dyke': 0, 'Storm water drain': 0, 'Emergency': 0, 'Immediate': 0, 'IM': 0, 'AE': 0, 'A E': 0, 'AAPDA MITRA': 0, 'Bridge': 0, 'River': 0, 'Drain': 2, 'Restoration': 0, 'Protection': 0, 'irr': 0, 'irrigation': 0, 'dam': 0, 'Nallah': 0, 'nala': 0, 'Retrofitting': 0, 'Pond': 0, 'Pokhari': 0, 'D/C': 0, 'Recharge shaft': 0, 'LFB': 0, 'RFB': 0}","{'Floodlight': 0, 'Flood Light': 0, 'GAS': 0, 'FIFA': 0, 'pipe': 0, 'pipes': 0, 'covid': 0, 'supply': 0, 'Beautification': 0, 'Installation': 0}",,,False,True,Others
25172,02/2022-23.,"Construction of RCC Drain in ward No.15 of Nagar panchayat Barsoi, Katihar from The  House of HareKrishna Dutta  to The Bank of River .","Construction of RCC Drain in ward No.15 of Nagar panchayat Barsoi, Katihar from The  House of HareKrishna Dutta  to The Bank of River .",2490900.0,INR,INR,2022-08-21 16:55:12+00:00,2022-08-21T16:42:38.369000+00:00,2022-08-29T08:34:22+00:00,EXECUTIVE OFFICER NAGAR PANCHAYAT BARSOI,EXECUTIVE OFFICER NAGAR PANCHAYAT BARSOI,NAGAR PANCHAYAT BARSOI,NAGAR PANCHAYAT BARSOI,EXECUTIVE OFFICER NAGAR PANCHAYAT BARSOI,EXECUTIVE OFFICER NAGAR PANCHAYAT BARSOI,NAGAR PANCHAYAT BARSOI,49000.0,5000.0,590.0,True,"{'Flood': 0, 'Embankment': 0, 'embkt': 0, 'Relief': 0, 'Erosion': 0, 'SDRF': 0, 'Inundation': 0, 'Hydrology': 0, 'Silt': 0, 'Siltation': 0, 'Bund': 0, 'Trench': 0, 'Breach': 0, 'Culvert': 0, 'Sluice': 0, 'Dyke': 0, 'Storm water drain': 0, 'Emergency': 0, 'Immediate': 0, 'IM': 0, 'AE': 0, 'A E': 0, 'AAPDA MITRA': 0, 'Bridge': 0, 'River': 2, 'Drain': 2, 'Restoration': 0, 'Protection': 0, 'irr': 0, 'irrigation': 0, 'dam': 0, 'Nallah': 0, 'nala': 0, 'Retrofitting': 0, 'Pond': 0, 'Pokhari': 0, 'D/C': 0, 'Recharge shaft': 0, 'LFB': 0, 'RFB': 0}","{'Floodlight': 0, 'Flood Light': 0, 'GAS': 0, 'FIFA': 0, 'pipe': 0, 'pipes': 0, 'covid': 0, 'supply': 0, 'Beautification': 0, 'Installation': 0}",,,False,True,Others
25193,"02/2022-23.,.,'","Construction of RCC Drain in ward No. 13 of Nagar panchayat Barsoi, Katihar from The Location of Bajrangwali Mandir to the house of Kailash Sah.","Construction of RCC Drain in ward No. 13 of Nagar panchayat Barsoi, Katihar from The Location of Bajrangwali Mandir to the house of Kailash Sah.",2466200.0,INR,INR,2022-08-22 11:23:35+00:00,2022-08-22T11:11:58.514000+00:00,2022-08-30T08:58:12+00:00,EXECUTIVE OFFICER NAGAR PANCHAYAT BARSOI,EXECUTIVE OFFICER NAGAR PANCHAYAT BARSOI,NAGAR PANCHAYAT BARSOI,NAGAR PANCHAYAT BARSOI,EXECUTIVE OFFICER NAGAR PANCHAYAT BARSOI,EXECUTIVE OFFICER NAGAR PANCHAYAT BARSOI,NAGAR PANCHAYAT BARSOI,49000.0,5000.0,590.0,True,"{'Flood': 0, 'Embankment': 0, 'embkt': 0, 'Relief': 0, 'Erosion': 0, 'SDRF': 0, 'Inundation': 0, 'Hydrology': 0, 'Silt': 0, 'Siltation': 0, 'Bund': 0, 'Trench': 0, 'Breach': 0, 'Culvert': 0, 'Sluice': 0, 'Dyke': 0, 'Storm water drain': 0, 'Emergency': 0, 'Immediate': 0, 'IM': 0, 'AE': 0, 'A E': 0, 'AAPDA MITRA': 0, 'Bridge': 0, 'River': 0, 'Drain': 2, 'Restoration': 0, 'Protection': 0, 'irr': 0, 'irrigation': 0, 'dam': 0, 'Nallah': 0, 'nala': 0, 'Retrofitting': 0, 'Pond': 0, 'Pokhari': 0, 'D/C': 0, 'Recharge shaft': 0, 'LFB': 0, 'RFB': 0}","{'Floodlight': 0, 'Flood Light': 0, 'GAS': 0, 'FIFA': 0, 'pipe': 0, 'pipes': 0, 'covid': 0, 'supply': 0, 'Beautification': 0, 'Installation': 0}",,,False,True,Others
25180,02/2022-23......,"Construction of RCC Drain in ward No.15 of Nagar panchayat Barsoi, Katihar from The  House of Sanjay Das Via Jain Mandir to The Bank of River .","Construction of RCC Drain in ward No.15 of Nagar panchayat Barsoi, Katihar from The  House of Sanjay Das Via Jain Mandir to The Bank of River .",2486800.0,INR,INR,2022-08-21 17:20:05+00:00,2022-08-21T17:16:37.457000+00:00,2022-08-30T06:02:23+00:00,EXECUTIVE OFFICER NAGAR PANCHAYAT BARSOI,EXECUTIVE OFFICER NAGAR PANCHAYAT BARSOI,NAGAR PANCHAYAT BARSOI,NAGAR PANCHAYAT BARSOI,EXECUTIVE OFFICER NAGAR PANCHAYAT BARSOI,EXECUTIVE OFFICER NAGAR PANCHAYAT BARSOI,NAGAR PANCHAYAT BARSOI,50000.0,5000.0,590.0,True,"{'Flood': 0, 'Embankment': 0, 'embkt': 0, 'Relief': 0, 'Erosion': 0, 'SDRF': 0, 'Inundation': 0, 'Hydrology': 0, 'Silt': 0, 'Siltation': 0, 'Bund': 0, 'Trench': 0, 'Breach': 0, 'Culvert': 0, 'Sluice': 0, 'Dyke': 0, 'Storm water drain': 0, 'Emergency': 0, 'Immediate': 0, 'IM': 0, 'AE': 0, 'A E': 0, 'AAPDA MITRA': 0, 'Bridge': 0, 'River': 2, 'Drain': 2, 'Restoration': 0, 'Protection': 0, 'irr': 0, 'irrigation': 0, 'dam': 0, 'Nallah': 0, 'nala': 0, 'Retrofitting': 0, 'Pond': 0, 'Pokhari': 0, 'D/C': 0, 'Recharge shaft': 0, 'LFB': 0, 'RFB': 0}","{'Floodlight': 0, 'Flood Light': 0, 'GAS': 0, 'FIFA': 0, 'pipe': 0, 'pipes': 0, 'covid': 0, 'supply': 0, 'Beautification': 0, 'Installation': 0}",,,False,True,Others
25196,NIT01/BHDG/GRP02,Construction of RCC Drain from Habib House SH63 to PCC Road Sher Mohammad House at Ward No.03.,Construction of RCC Drain from Habib House SH63 to PCC Road Sher Mohammad House at Ward No.03.,2324820.0,INR,INR,2022-08-22 15:50:15+00:00,2022-08-22T15:46:38.167000+00:00,2023-01-18T14:53:35+00:00,Md Atiur Rahman,EXECUTIVE OFFICER BAHADURGANJ (EO),NAGAR PANCHAYAT BAHADURGANJ,"NAGAR PANCHAYAT BAHADURGANJ,KISHANGANJ",Md Atiur Rahman,EXECUTUVE OFFICER BAHADURGANJ (EO),NAGAR PANCHAYAT BAHADURGANJ,47000.0,5000.0,590.0,True,"{'Flood': 0, 'Embankment': 0, 'embkt': 0, 'Relief': 0, 'Erosion': 0, 'SDRF': 0, 'Inundation': 0, 'Hydrology': 0, 'Silt': 0, 'Siltation': 0, 'Bund': 0, 'Trench': 0, 'Breach': 0, 'Culvert': 0, 'Sluice': 0, 'Dyke': 0, 'Storm water drain': 0, 'Emergency': 0, 'Immediate': 0, 'IM': 0, 'AE': 0, 'A E': 0, 'AAPDA MITRA': 0, 'Bridge': 0, 'River': 0, 'Drain': 2, 'Restoration': 0, 'Protection': 0, 'irr': 0, 'irrigation': 0, 'dam': 0, 'Nallah': 0, 'nala': 0, 'Retrofitting': 0, 'Pond': 0, 'Pokhari': 0, 'D/C': 0, 'Recharge shaft': 0, 'LFB': 0, 'RFB': 0}","{'Floodlight': 0, 'Flood Light': 0, 'GAS': 0, 'FIFA': 0, 'pipe': 0, 'pipes': 0, 'covid': 0, 'supply': 0, 'Beautification': 0, 'Installation': 0}",,,False,True,Immediate Measures
25176,02/2022-23..,"Construction of RCC Drain in ward No. 05 of Nagar panchayat Barsoi, Katihar from The House of Naushad Via Jahid to the Shop of Manawar.","Construction of RCC Drain in ward No. 05 of Nagar panchayat Barsoi, Katihar from The House of Naushad Via Jahid to the Shop of Manawar.",2466200.0,INR,INR,2022-08-21 17:02:52+00:00,2022-08-21T16:57:44.886000+00:00,2022-08-29T10:10:59+00:00,EXECUTIVE OFFICER NAGAR PANCHAYAT BARSOI,EXECUTIVE OFFICER NAGAR PANCHAYAT BARSOI,NAGAR PANCHAYAT BARSOI,NAGAR PANCHAYAT BARSOI,EXECUTIVE OFFICER NAGAR PANCHAYAT BARSOI,EXECUTIVE OFFICER NAGAR PANCHAYAT BARSOI,NAGAR PANCHAYAT BARSOI,49000.0,5000.0,590.0,True,"{'Flood': 0, 'Embankment': 0, 'embkt': 0, 'Relief': 0, 'Erosion': 0, 'SDRF': 0, 'Inundation': 0, 'Hydrology': 0, 'Silt': 0, 'Siltation': 0, 'Bund': 0, 'Trench': 0, 'Breach': 0, 'Culvert': 0, 'Sluice': 0, 'Dyke': 0, 'Storm water drain': 0, 'Emergency': 0, 'Immediate': 0, 'IM': 0, 'AE': 0, 'A E': 0, 'AAPDA MITRA': 0, 'Bridge': 0, 'River': 0, 'Drain': 2, 'Restoration': 0, 'Protection': 0, 'irr': 0, 'irrigation': 0, 'dam': 0, 'Nallah': 0, 'nala': 0, 'Retrofitting': 0, 'Pond': 0, 'Pokhari': 0, 'D/C': 0, 'Recharge shaft': 0, 'LFB': 0, 'RFB': 0}","{'Floodlight': 0, 'Flood Light': 0, 'GAS': 0, 'FIFA': 0, 'pipe': 0, 'pipes': 0, 'covid': 0, 'supply': 0, 'Beautification': 0, 'Installation': 0}",,,False,True,Others
25199,NIT01/BHDG/GRP05,"Construction  of PCC Road and RCC Drain from Afsana Road to Mustaqim House towards Majidur Rahman, Matin, Shadab, Aftab Alam House at Ward No.08.","Construction  of PCC Road and RCC Drain from Afsana Road to Mustaqim House towards Majidur Rahman, Matin, Shadab, Aftab Alam House at Ward No.08.",2527947.0,INR,INR,2022-08-22 16:02:28+00:00,2022-08-22T15:59:05.105000+00:00,2023-01-19T14:23:59+00:00,Md Atiur Rahman,EXECUTIVE OFFICER BAHADURGANJ (EO),NAGAR PANCHAYAT BAHADURGANJ,"NAGAR PANCHAYAT BAHADURGANJ,KISHANGANJ",Md Atiur Rahman,EXECUTUVE OFFICER BAHADURGANJ (EO),NAGAR PANCHAYAT BAHADURGANJ,51100.0,5000.0,590.0,True,"{'Flood': 0, 'Embankment': 0, 'embkt': 0, 'Relief': 0, 'Erosion': 0, 'SDRF': 0, 'Inundation': 0, 'Hydrology': 0, 'Silt': 0, 'Siltation': 0, 'Bund': 0, 'Trench': 0, 'Breach': 0, 'Culvert': 0, 'Sluice': 0, 'Dyke': 0, 'Storm water drain': 0, 'Emergency': 0, 'Immediate': 0, 'IM': 0, 'AE': 0, 'A E': 0, 'AAPDA MITRA': 0, 'Bridge': 0, 'River': 0, 'Drain': 2, 'Restoration': 0, 'Protection': 0, 'irr': 0, 'irrigation': 0, 'dam': 0, 'Nallah': 0, 'nala': 0, 'Retrofitting': 0, 'Pond': 0, 'Pokhari': 0, 'D/C': 0, 'Recharge shaft': 0, 'LFB': 0, 'RFB': 0}","{'Floodlight': 0, 'Flood Light': 0, 'GAS': 0, 'FIFA': 0, 'pipe': 0, 'pipes': 0, 'covid': 0, 'supply': 0, 'Beautification': 0, 'Installation': 0}",,,False,True,Immediate Measures
25198,NIT01/BHDG/GRP04,"Construction  of PCC Road and RCC Drain from Mukul House to Ajay Sinha, Satlu House at Ward No.07.","Construction  of PCC Road and RCC Drain from Mukul House to Ajay Sinha, Satlu House at Ward No.07.",2832820.0,INR,INR,2022-08-22 15:58:15+00:00,2022-08-22T15:55:50.796000+00:00,2023-01-19T14:17:39+00:00,Md Atiur Rahman,EXECUTIVE OFFICER BAHADURGANJ (EO),NAGAR PANCHAYAT BAHADURGANJ,"NAGAR PANCHAYAT BAHADURGANJ,KISHANGANJ",Md Atiur Rahman,EXECUTUVE OFFICER BAHADURGANJ (EO),NAGAR PANCHAYAT BAHADURGANJ,57300.0,5000.0,590.0,True,"{'Flood': 0, 'Embankment': 0, 'embkt': 0, 'Relief': 0, 'Erosion': 0, 'SDRF': 0, 'Inundation': 0, 'Hydrology': 0, 'Silt': 0, 'Siltation': 0, 'Bund': 0, 'Trench': 0, 'Breach': 0, 'Culvert': 0, 'Sluice': 0, 'Dyke': 0, 'Storm water drain': 0, 'Emergency': 0, 'Immediate': 0, 'IM': 0, 'AE': 0, 'A E': 0, 'AAPDA MITRA': 0, 'Bridge': 0, 'River': 0, 'Drain': 2, 'Restoration': 0, 'Protection': 0, 'irr': 0, 'irrigation': 0, 'dam': 0, 'Nallah': 0, 'nala': 0, 'Retrofitting': 0, 'Pond': 0, 'Pokhari': 0, 'D/C': 0, 'Recharge shaft': 0, 'LFB': 0, 'RFB': 0}","{'Floodlight': 0, 'Flood Light': 0, 'GAS': 0, 'FIFA': 0, 'pipe': 0, 'pipes': 0, 'covid': 0, 'supply': 0, 'Beautification': 0, 'Installation': 0}",,,False,True,Immediate Measures
25204,NIT01/BHDG/GRP10,Construction  of PCC Road and RCC Drain from NH327E towards Minhaj House and Behzad House and Soyeb House to Shahzad House  at Ward No.14.,Construction  of PCC Road and RCC Drain from NH327E towards Minhaj House and Behzad House and Soyeb House to Shahzad House  at Ward No.14.,3008718.0,INR,INR,2022-08-22 16:23:42+00:00,2022-08-22T16:21:15.996000+00:00,2023-01-19T14:58:56+00:00,Md Atiur Rahman,EXECUTIVE OFFICER BAHADURGANJ (EO),NAGAR PANCHAYAT BAHADURGANJ,"NAGAR PANCHAYAT BAHADURGANJ,KISHANGANJ",Md Atiur Rahman,EXECUTUVE OFFICER BAHADURGANJ (EO),NAGAR PANCHAYAT BAHADURGANJ,60800.0,5000.0,590.0,True,"{'Flood': 0, 'Embankment': 0, 'embkt': 0, 'Relief': 0, 'Erosion': 0, 'SDRF': 0, 'Inundation': 0, 'Hydrology': 0, 'Silt': 0, 'Siltation': 0, 'Bund': 0, 'Trench': 0, 'Breach': 0, 'Culvert': 0, 'Sluice': 0, 'Dyke': 0, 'Storm water drain': 0, 'Emergency': 0, 'Immediate': 0, 'IM': 0, 'AE': 0, 'A E': 0, 'AAPDA MITRA': 0, 'Bridge': 0, 'River': 0, 'Drain': 2, 'Restoration': 0, 'Protection': 0, 'irr': 0, 'irrigation': 0, 'dam': 0, 'Nallah': 0, 'nala': 0, 'Retrofitting': 0, 'Pond': 0, 'Pokhari': 0, 'D/C': 0, 'Recharge shaft': 0, 'LFB': 0, 'RFB': 0}","{'Floodlight': 0, 'Flood Light': 0, 'GAS': 0, 'FIFA': 0, 'pipe': 0, 'pipes': 0, 'covid': 0, 'supply': 0, 'Beautification': 0, 'Installation': 0}",,,False,True,Immediate Measures
25215,NIT-01/2022-23/KISHANGANJ,"Construction of 125 x 40 mm dia x 46m deep T/Well with platform and drain in district of Kishanganj for the year 2021-22 under P.H. Division, Kishanganj.","Construction of 125 x 40 mm dia x 46m deep T/Well with platform and drain in district of Kishanganj for the year 2021-22 under P.H. Division, Kishanganj.",1156764.0,INR,INR,2022-08-23 07:44:26+00:00,2022-08-23T06:45:26.055000+00:00,2022-09-30T11:47:16+00:00,executive enginineer kishanganj,EE,P.H.DIVISION KISHANGANJ,CALTEX CHOWK KISHANGANJ,DAYA SHANKAR PRASAD,Executive Engineer,P.H.Division kishanganj,23500.0,5000.0,590.0,True,"{'Flood': 0, 'Embankment': 0, 'embkt': 0, 'Relief': 0, 'Erosion': 0, 'SDRF': 0, 'Inundation': 0, 'Hydrology': 0, 'Silt': 0, 'Siltation': 0, 'Bund': 0, 'Trench': 0, 'Breach': 0, 'Culvert': 0, 'Sluice': 0, 'Dyke': 0, 'Storm water drain': 0, 'Emergency': 0, 'Immediate': 0, 'IM': 0, 'AE': 0, 'A E': 0, 'AAPDA MITRA': 0, 'Bridge': 0, 'River': 0, 'Drain': 2, 'Restoration': 0, 'Protection': 0, 'irr': 0, 'irrigation': 0, 'dam': 0, 'Nallah': 0, 'nala': 0, 'Retrofitting': 0, 'Pond': 0, 'Pokhari': 0, 'D/C': 0, 'Recharge shaft': 0, 'LFB': 0, 'RFB': 0}","{'Floodlight': 0, 'Flood Light': 0, 'GAS': 0, 'FIFA': 0, 'pipe': 0, 'pipes': 0, 'covid': 0, 'supply': 0, 'Beautification': 0, 'Installation': 0}",,,False,True,Others
25200,NIT01/BHDG/GRP06,Construction  of PCC Road and RCC Drain from Main Road Uttam Hotel to Sanjay Shah via Uttam Sinha House at Ward No.08.,Construction  of PCC Road and RCC Drain from Main Road Uttam Hotel to Sanjay Shah via Uttam Sinha House at Ward No.08.,1337717.0,INR,INR,2022-08-22 16:10:51+00:00,2022-08-22T16:08:19.990000+00:00,2023-01-19T14:28:47+00:00,Md Atiur Rahman,EXECUTIVE OFFICER BAHADURGANJ (EO),NAGAR PANCHAYAT BAHADURGANJ,"NAGAR PANCHAYAT BAHADURGANJ,KISHANGANJ",Md Atiur Rahman,EXECUTUVE OFFICER BAHADURGANJ (EO),NAGAR PANCHAYAT BAHADURGANJ,27100.0,2500.0,590.0,True,"{'Flood': 0, 'Embankment': 0, 'embkt': 0, 'Relief': 0, 'Erosion': 0, 'SDRF': 0, 'Inundation': 0, 'Hydrology': 0, 'Silt': 0, 'Siltation': 0, 'Bund': 0, 'Trench': 0, 'Breach': 0, 'Culvert': 0, 'Sluice': 0, 'Dyke': 0, 'Storm water drain': 0, 'Emergency': 0, 'Immediate': 0, 'IM': 0, 'AE': 0, 'A E': 0, 'AAPDA MITRA': 0, 'Bridge': 0, 'River': 0, 'Drain': 2, 'Restoration': 0, 'Protection': 0, 'irr': 0, 'irrigation': 0, 'dam': 0, 'Nallah': 0, 'nala': 0, 'Retrofitting': 0, 'Pond': 0, 'Pokhari': 0, 'D/C': 0, 'Recharge shaft': 0, 'LFB': 0, 'RFB': 0}","{'Floodlight': 0, 'Flood Light': 0, 'GAS': 0, 'FIFA': 0, 'pipe': 0, 'pipes': 0, 'covid': 0, 'supply': 0, 'Beautification': 0, 'Installation': 0}",,,False,True,Immediate Measures
25201,NIT01/BHDG/GRP07,"Construction  of PCC Road and RCC Drain from Jaidev House to Ujjawal House, Sajal, Poddar Master, Deepak House towards Thana Road  at Ward No.11.","Construction  of PCC Road and RCC Drain from Jaidev House to Ujjawal House, Sajal, Poddar Master, Deepak House towards Thana Road  at Ward No.11.",4966017.0,INR,INR,2022-08-22 16:13:57+00:00,2022-08-22T16:11:18.207000+00:00,2023-01-19T14:34:25+00:00,Md Atiur Rahman,EXECUTIVE OFFICER BAHADURGANJ (EO),NAGAR PANCHAYAT BAHADURGANJ,"NAGAR PANCHAYAT BAHADURGANJ,KISHANGANJ",Md Atiur Rahman,EXECUTUVE OFFICER BAHADURGANJ (EO),NAGAR PANCHAYAT BAHADURGANJ,100400.0,5000.0,590.0,True,"{'Flood': 0, 'Embankment': 0, 'embkt': 0, 'Relief': 0, 'Erosion': 0, 'SDRF': 0, 'Inundation': 0, 'Hydrology': 0, 'Silt': 0, 'Siltation': 0, 'Bund': 0, 'Trench': 0, 'Breach': 0, 'Culvert': 0, 'Sluice': 0, 'Dyke': 0, 'Storm water drain': 0, 'Emergency': 0, 'Immediate': 0, 'IM': 0, 'AE': 0, 'A E': 0, 'AAPDA MITRA': 0, 'Bridge': 0, 'River': 0, 'Drain': 2, 'Restoration': 0, 'Protection': 0, 'irr': 0, 'irrigation': 0, 'dam': 0, 'Nallah': 0, 'nala': 0, 'Retrofitting': 0, 'Pond': 0, 'Pokhari': 0, 'D/C': 0, 'Recharge shaft': 0, 'LFB': 0, 'RFB': 0}","{'Floodlight': 0, 'Flood Light': 0, 'GAS': 0, 'FIFA': 0, 'pipe': 0, 'pipes': 0, 'covid': 0, 'supply': 0, 'Beautification': 0, 'Installation': 0}",,,False,True,Immediate Measures
25230,NP HILSA NIT02/2022-23 GROUP-07,YOJNA KA NAM- Ward No-05 Me Anil Babu Adhivakta Ke Makan Se Pul Tak Avam Rammurti Nagar Me Surendra Sipahi Ke Ghar Se Men Nala Tak Nali Nirman Kary.,YOJNA KA NAM- Ward No-05 Me Anil Babu Adhivakta Ke Makan Se Pul Tak Avam Rammurti Nagar Me Surendra Sipahi Ke Ghar Se Men Nala Tak Nali Nirman Kary.,282200.0,INR,INR,2022-08-23 11:10:05+00:00,2022-08-23T11:06:17.193000+00:00,2024-02-20T07:30:05+00:00,"EXECUTIVE OFFICER, HILSA",EO,NAGAR PARISHAD HILSA,STATION ROAD HILSA,"EXECUTIVE OFFICER, HILSA",EO,NAGAR PARISHAD HILSA,6000.0,750.0,590.0,True,"{'Flood': 0, 'Embankment': 0, 'embkt': 0, 'Relief': 0, 'Erosion': 0, 'SDRF': 0, 'Inundation': 0, 'Hydrology': 0, 'Silt': 0, 'Siltation': 0, 'Bund': 0, 'Trench': 0, 'Breach': 0, 'Culvert': 0, 'Sluice': 0, 'Dyke': 0, 'Storm water drain': 0, 'Emergency': 0, 'Immediate': 0, 'IM': 0, 'AE': 0, 'A E': 0, 'AAPDA MITRA': 0, 'Bridge': 0, 'River': 0, 'Drain': 0, 'Restoration': 0, 'Protection': 0, 'irr': 0, 'irrigation': 0, 'dam': 0, 'Nallah': 0, 'nala': 2, 'Retrofitting': 0, 'Pond': 0, 'Pokhari': 0, 'D/C': 0, 'Recharge shaft': 0, 'LFB': 0, 'RFB': 0}","{'Floodlight': 0, 'Flood Light': 0, 'GAS': 0, 'FIFA': 0, 'pipe': 0, 'pipes': 0, 'covid': 0, 'supply': 0, 'Beautification': 0, 'Installation': 0}",,,False,False,Immediate Measures
25243,02/PHED/TEG/2022-23(01-RE),"CONSTRUCTION OF 75 Nos. NEW 125MM X 40MM DIA X 61M DEEP HAND OPERATED T/WELL WITH INDIA MARK II HAND PUMP WITH PLATFORM AND DRAIN ALONG WITH SOAK PIT 1.0M DIAMETER 2.0 METRE DEEP WITH DRY BRICK HONEY COMB SHAFT WITH BRICKS OF CLASS DESIGNATION 100B FOR HAND PUMP IN PLACE OF DEFUNCT HAND PUMP/WATER SCARCE AREAS IN BEGUSARAI DISTRICT under  P.H.Division, TEGHRA for the year 2022-23","CONSTRUCTION OF 75 Nos. NEW 125MM X 40MM DIA X 61M DEEP HAND OPERATED T/WELL WITH INDIA MARK II HAND PUMP WITH PLATFORM AND DRAIN ALONG WITH SOAK PIT 1.0M DIAMETER 2.0 METRE DEEP WITH DRY BRICK HONEY COMB SHAFT WITH BRICKS OF CLASS DESIGNATION 100B FOR HAND PUMP IN PLACE OF DEFUNCT HAND PUMP/WATER SCARCE AREAS IN BEGUSARAI DISTRICT under  P.H.Division, TEGHRA for the year 2022-23",5167275.0,INR,INR,2022-08-23 12:13:29+00:00,2022-08-23T11:57:17.940000+00:00,2022-10-19T12:55:00+00:00,Manoj Kumar,SE,Public Health Engineering Dept,SE PHED Darbhanga,Manoj Kumar,SE,Public Health Engineering Dept,103500.0,10000.0,590.0,True,"{'Flood': 0, 'Embankment': 0, 'embkt': 0, 'Relief': 0, 'Erosion': 0, 'SDRF': 0, 'Inundation': 0, 'Hydrology': 0, 'Silt': 0, 'Siltation': 0, 'Bund': 0, 'Trench': 0, 'Breach': 0, 'Culvert': 0, 'Sluice': 0, 'Dyke': 0, 'Storm water drain': 0, 'Emergency': 0, 'Immediate': 0, 'IM': 0, 'AE': 0, 'A E': 0, 'AAPDA MITRA': 0, 'Bridge': 0, 'River': 0, 'Drain': 2, 'Restoration': 0, 'Protection': 0, 'irr': 0, 'irrigation': 0, 'dam': 0, 'Nallah': 0, 'nala': 0, 'Retrofitting': 0, 'Pond': 0, 'Pokhari': 0, 'D/C': 0, 'Recharge shaft': 0, 'LFB': 0, 'RFB': 0}","{'Floodlight': 0, 'Flood Light': 0, 'GAS': 0, 'FIFA': 0, 'pipe': 0, 'pipes': 0, 'covid': 0, 'supply': 0, 'Beautification': 0, 'Installation': 0}",,,False,True,Others
25248,NP HILSA NIT02/2022-23 GROUP-23,"Scheme Name- Ward No-15 Me Pinku Ji Ke Makan Se Madho Prasad Ke Makan Hote Huye Daroga Ji Ke Makan Hote Huye Dakshin Nala Tak Avam Madho Prasad Ke Makan Se Railway Hunder Tak Mitti, Eat soling, Pcc Nirman Avam Nali Dhakkan Sahit.","Scheme Name- Ward No-15 Me Pinku Ji Ke Makan Se Madho Prasad Ke Makan Hote Huye Daroga Ji Ke Makan Hote Huye Dakshin Nala Tak Avam Madho Prasad Ke Makan Se Railway Hunder Tak Mitti, Eat soling, Pcc Nirman Avam Nali Dhakkan Sahit.",519100.0,INR,INR,2022-08-23 12:11:39+00:00,2022-08-23T12:08:03.460000+00:00,2022-09-03T06:44:29+00:00,"EXECUTIVE OFFICER, HILSA",EO,NAGAR PARISHAD HILSA,STATION ROAD HILSA,"EXECUTIVE OFFICER, HILSA",EO,NAGAR PARISHAD HILSA,10400.0,1250.0,590.0,True,"{'Flood': 0, 'Embankment': 0, 'embkt': 0, 'Relief': 0, 'Erosion': 0, 'SDRF': 0, 'Inundation': 0, 'Hydrology': 0, 'Silt': 0, 'Siltation': 0, 'Bund': 0, 'Trench': 0, 'Breach': 0, 'Culvert': 0, 'Sluice': 0, 'Dyke': 0, 'Storm water drain': 0, 'Emergency': 0, 'Immediate': 0, 'IM': 0, 'AE': 0, 'A E': 0, 'AAPDA MITRA': 0, 'Bridge': 0, 'River': 0, 'Drain': 0, 'Restoration': 0, 'Protection': 0, 'irr': 0, 'irrigation': 0, 'dam': 0, 'Nallah': 0, 'nala': 2, 'Retrofitting': 0, 'Pond': 0, 'Pokhari': 0, 'D/C': 0, 'Recharge shaft': 0, 'LFB': 0, 'RFB': 0}","{'Floodlight': 0, 'Flood Light': 0, 'GAS': 0, 'FIFA': 0, 'pipe': 0, 'pipes': 0, 'covid': 0, 'supply': 0, 'Beautification': 0, 'Installation': 0}",,,False,False,Immediate Measures
25277,16/RE-TENDER/BCD/DARBHANGA/2022-23 (Part-01),"Disaster Relief Centre (For Flood Affected Area) at Jhagarua Tarwara, Kiratpur in Distt-Darbhanga.","Disaster Relief Centre (For Flood Affected Area) at Jhagarua Tarwara, Kiratpur in Distt-Darbhanga.",11440250.0,INR,INR,2022-08-24 17:49:36+00:00,2022-08-24T17:41:49.219000+00:00,2023-05-26T12:29:27+00:00,"Executive Engineer, BUILDING DIVISION DARBHANGA",EE,Building division Darbhanga,"Executive Engineer, BUILDING DIVISION DARBHANGA, BCD","Superintending Engineer, BUILDING CIRCLE DARBHANGA",SE,Building Circle Darbhanga,228900.0,10000.0,3540.0,True,"{'Flood': 2, 'Embankment': 0, 'embkt': 0, 'Relief': 2, 'Erosion': 0, 'SDRF': 0, 'Inundation': 0, 'Hydrology': 0, 'Silt': 0, 'Siltation': 0, 'Bund': 0, 'Trench': 0, 'Breach': 0, 'Culvert': 0, 'Sluice': 0, 'Dyke': 0, 'Storm water drain': 0, 'Emergency': 0, 'Immediate': 0, 'IM': 0, 'AE': 0, 'A E': 0, 'AAPDA MITRA': 0, 'Bridge': 0, 'River': 0, 'Drain': 0, 'Restoration': 0, 'Protection': 0, 'irr': 0, 'irrigation': 0, 'dam': 0, 'Nallah': 0, 'nala': 0, 'Retrofitting': 0, 'Pond': 0, 'Pokhari': 0, 'D/C': 0, 'Recharge shaft': 0, 'LFB': 0, 'RFB': 0}","{'Floodlight': 0, 'Flood Light': 0, 'GAS': 0, 'FIFA': 0, 'pipe': 0, 'pipes': 0, 'covid': 0, 'supply': 0, 'Beautification': 0, 'Installation': 0}",,,False,False,Immediate Measures
25306,11/BCD/KISHANGANJ/2022-23,construction of drainage system and repair of old drain in mandal kara (jail) kishanganj for the year 2022-23,construction of drainage system and repair of old drain in mandal kara (jail) kishanganj for the year 2022-23,4293276.0,INR,INR,2022-08-26 05:38:51+00:00,2022-08-26T05:19:27.730000+00:00,2022-12-07T12:54:19+00:00,"Executive Engineer, Kishanganj Division",EE,"Executive Engineer, Kishanganj","Executive Engineer, Kishanganj Division  ,  BUILDING CONSTRUCTION DEPARTMENT,  Division  , Bihar","Superintending Engineer, Purnea Circle",SE,Purnea Circle,85900.0,5000.0,590.0,True,"{'Flood': 0, 'Embankment': 0, 'embkt': 0, 'Relief': 0, 'Erosion': 0, 'SDRF': 0, 'Inundation': 0, 'Hydrology': 0, 'Silt': 0, 'Siltation': 0, 'Bund': 0, 'Trench': 0, 'Breach': 0, 'Culvert': 0, 'Sluice': 0, 'Dyke': 0, 'Storm water drain': 0, 'Emergency': 0, 'Immediate': 0, 'IM': 0, 'AE': 0, 'A E': 0, 'AAPDA MITRA': 0, 'Bridge': 0, 'River': 0, 'Drain': 2, 'Restoration': 0, 'Protection': 0, 'irr': 0, 'irrigation': 0, 'dam': 0, 'Nallah': 0, 'nala': 0, 'Retrofitting': 0, 'Pond': 0, 'Pokhari': 0, 'D/C': 0, 'Recharge shaft': 0, 'LFB': 0, 'RFB': 0}","{'Floodlight': 0, 'Flood Light': 0, 'GAS': 0, 'FIFA': 0, 'pipe': 0, 'pipes': 0, 'covid': 0, 'supply': 0, 'Beautification': 0, 'Installation': 0}",,,False,True,Repair and Restoration
25276,16/RE-TENDER/BCD/DARBHANGA/2022-23 (Part-02),"Disaster Relief Centre (For Flood Affected Area) at Kakodha, Tardih in Distt-Darbhanga.","Disaster Relief Centre (For Flood Affected Area) at Kakodha, Tardih in Distt-Darbhanga.",11445913.0,INR,INR,2022-08-24 17:39:11+00:00,2022-08-24T17:28:59.841000+00:00,2023-01-13T05:59:54+00:00,"Executive Engineer, BUILDING DIVISION DARBHANGA",EE,Building division Darbhanga,"Executive Engineer, BUILDING DIVISION DARBHANGA, BCD","Superintending Engineer, BUILDING CIRCLE DARBHANGA",SE,Building Circle Darbhanga,229000.0,10000.0,3540.0,True,"{'Flood': 2, 'Embankment': 0, 'embkt': 0, 'Relief': 2, 'Erosion': 0, 'SDRF': 0, 'Inundation': 0, 'Hydrology': 0, 'Silt': 0, 'Siltation': 0, 'Bund': 0, 'Trench': 0, 'Breach': 0, 'Culvert': 0, 'Sluice': 0, 'Dyke': 0, 'Storm water drain': 0, 'Emergency': 0, 'Immediate': 0, 'IM': 0, 'AE': 0, 'A E': 0, 'AAPDA MITRA': 0, 'Bridge': 0, 'River': 0, 'Drain': 0, 'Restoration': 0, 'Protection': 0, 'irr': 0, 'irrigation': 0, 'dam': 0, 'Nallah': 0, 'nala': 0, 'Retrofitting': 0, 'Pond': 0, 'Pokhari': 0, 'D/C': 0, 'Recharge shaft': 0, 'LFB': 0, 'RFB': 0}","{'Floodlight': 0, 'Flood Light': 0, 'GAS': 0, 'FIFA': 0, 'pipe': 0, 'pipes': 0, 'covid': 0, 'supply': 0, 'Beautification': 0, 'Installation': 0}",,,False,False,Immediate Measures
25337,NPBAGAHA-02/2022-23 GR 01,"Group-01
Zone no-1( Ward-01 to 17)
Door to Door Collection, transportation of solid waste, segregation & Processing, Drain Cleaning, Road  Sweeping etc.","Group-01
Zone no-1( Ward-01 to 17)
Door to Door Collection, transportation of solid waste, segregation & Processing, Drain Cleaning, Road  Sweeping etc.",0.0,INR,INR,2022-08-29 04:14:11+00:00,2022-08-27T12:02:09.241000+00:00,2022-09-10T13:03:54+00:00,E O BAGAHA,E O BAGAHA,NAGAR PARISHAD BAGAHA,NAGAR PARISHAD BAGAHA,E O BAGAHA,E O BAGAHA,NAGAR PARISHAD BAGAHA,50000.0,2500.0,590.0,True,"{'Flood': 0, 'Embankment': 0, 'embkt': 0, 'Relief': 0, 'Erosion': 0, 'SDRF': 0, 'Inundation': 0, 'Hydrology': 0, 'Silt': 0, 'Siltation': 0, 'Bund': 0, 'Trench': 0, 'Breach': 0, 'Culvert': 0, 'Sluice': 0, 'Dyke': 0, 'Storm water drain': 0, 'Emergency': 0, 'Immediate': 0, 'IM': 0, 'AE': 0, 'A E': 0, 'AAPDA MITRA': 0, 'Bridge': 0, 'River': 0, 'Drain': 2, 'Restoration': 0, 'Protection': 0, 'irr': 0, 'irrigation': 0, 'dam': 0, 'Nallah': 0, 'nala': 0, 'Retrofitting': 0, 'Pond': 0, 'Pokhari': 0, 'D/C': 0, 'Recharge shaft': 0, 'LFB': 0, 'RFB': 0}","{'Floodlight': 0, 'Flood Light': 0, 'GAS': 0, 'FIFA': 0, 'pipe': 0, 'pipes': 0, 'covid': 0, 'supply': 0, 'Beautification': 0, 'Installation': 0}",,,False,True,Immediate Measures
25339,NPBAGAHA-02/2022-23 GR 02,"Group-02
Zone no-1( Ward-18 to 35)
Door to Door Collection, transportation of solid waste, segregation & Processing, Drain Cleaning, Road  Sweeping etc.","Group-02
Zone no-1( Ward-18 to 35)
Door to Door Collection, transportation of solid waste, segregation & Processing, Drain Cleaning, Road  Sweeping etc.",0.0,INR,INR,2022-08-29 04:18:03+00:00,2022-08-29T04:15:04.782000+00:00,2022-09-10T12:45:15+00:00,E O BAGAHA,E O BAGAHA,NAGAR PARISHAD BAGAHA,NAGAR PARISHAD BAGAHA,E O BAGAHA,E O BAGAHA,NAGAR PARISHAD BAGAHA,50000.0,2500.0,590.0,True,"{'Flood': 0, 'Embankment': 0, 'embkt': 0, 'Relief': 0, 'Erosion': 0, 'SDRF': 0, 'Inundation': 0, 'Hydrology': 0, 'Silt': 0, 'Siltation': 0, 'Bund': 0, 'Trench': 0, 'Breach': 0, 'Culvert': 0, 'Sluice': 0, 'Dyke': 0, 'Storm water drain': 0, 'Emergency': 0, 'Immediate': 0, 'IM': 0, 'AE': 0, 'A E': 0, 'AAPDA MITRA': 0, 'Bridge': 0, 'River': 0, 'Drain': 2, 'Restoration': 0, 'Protection': 0, 'irr': 0, 'irrigation': 0, 'dam': 0, 'Nallah': 0, 'nala': 0, 'Retrofitting': 0, 'Pond': 0, 'Pokhari': 0, 'D/C': 0, 'Recharge shaft': 0, 'LFB': 0, 'RFB': 0}","{'Floodlight': 0, 'Flood Light': 0, 'GAS': 0, 'FIFA': 0, 'pipe': 0, 'pipes': 0, 'covid': 0, 'supply': 0, 'Beautification': 0, 'Installation': 0}",,,False,True,Immediate Measures
25347,NIT NO 03/2022-23,SINKING OF NEW IM II T/WELL IN PLACE OF OLD DEFUNCT / ORDINARY HAND PUMP IN WATER CRISIS AREA UNDER P H DIVISION BARAHAT FOR THE YEAR 2022-23,SINKING OF NEW IM II T/WELL IN PLACE OF OLD DEFUNCT / ORDINARY HAND PUMP IN WATER CRISIS AREA UNDER P H DIVISION BARAHAT FOR THE YEAR 2022-23,1216552.0,INR,INR,2022-08-29 12:04:20+00:00,2022-08-29T11:11:09.451000+00:00,2022-11-08T12:01:46+00:00,EXECUTIVE ENGINEER BARAHAT,EXECUTIVE ENGINEER,P.H. DIVISION BARAHAT,P.H. DIVISION BARAHAT,Rajiv Ranjan Lal,SUPERINTENDENT ENGINEER,PUBLIC HEALTH ENGINEERING DEPARTMENT,25000.0,5000.0,590.0,True,"{'Flood': 0, 'Embankment': 0, 'embkt': 0, 'Relief': 0, 'Erosion': 0, 'SDRF': 0, 'Inundation': 0, 'Hydrology': 0, 'Silt': 0, 'Siltation': 0, 'Bund': 0, 'Trench': 0, 'Breach': 0, 'Culvert': 0, 'Sluice': 0, 'Dyke': 0, 'Storm water drain': 0, 'Emergency': 0, 'Immediate': 0, 'IM': 2, 'AE': 0, 'A E': 0, 'AAPDA MITRA': 0, 'Bridge': 0, 'River': 0, 'Drain': 0, 'Restoration': 0, 'Protection': 0, 'irr': 0, 'irrigation': 0, 'dam': 0, 'Nallah': 0, 'nala': 0, 'Retrofitting': 0, 'Pond': 0, 'Pokhari': 0, 'D/C': 0, 'Recharge shaft': 0, 'LFB': 0, 'RFB': 0}","{'Floodlight': 0, 'Flood Light': 0, 'GAS': 0, 'FIFA': 0, 'pipe': 0, 'pipes': 0, 'covid': 0, 'supply': 0, 'Beautification': 0, 'Installation': 0}",,,False,False,Immediate Measures
25351,03/2022-23/SCD/KHAGAUL/01,RESTORATION OF KHAJURI DISTRIBUTORY (GROUP-01),RESTORATION OF KHAJURI DISTRIBUTORY (GROUP-01),2425169.0,INR,INR,2022-08-30 06:07:17+00:00,2022-08-30T05:18:53.006000+00:00,2022-10-10T07:45:04+00:00,SATISH KUMAR,EE,"SONE CANAL DIVISION, KHAGAUL","KHAGAUL, PATNA",MD QAMRE ALAM,SE,WRD,49000.0,5000.0,590.0,True,"{'Flood': 0, 'Embankment': 0, 'embkt': 0, 'Relief': 0, 'Erosion': 0, 'SDRF': 0, 'Inundation': 0, 'Hydrology': 0, 'Silt': 0, 'Siltation': 0, 'Bund': 0, 'Trench': 0, 'Breach': 0, 'Culvert': 0, 'Sluice': 0, 'Dyke': 0, 'Storm water drain': 0, 'Emergency': 0, 'Immediate': 0, 'IM': 0, 'AE': 0, 'A E': 0, 'AAPDA MITRA': 0, 'Bridge': 0, 'River': 0, 'Drain': 0, 'Restoration': 2, 'Protection': 0, 'irr': 0, 'irrigation': 0, 'dam': 0, 'Nallah': 0, 'nala': 0, 'Retrofitting': 0, 'Pond': 0, 'Pokhari': 0, 'D/C': 0, 'Recharge shaft': 0, 'LFB': 0, 'RFB': 0}","{'Floodlight': 0, 'Flood Light': 0, 'GAS': 0, 'FIFA': 0, 'pipe': 0, 'pipes': 0, 'covid': 0, 'supply': 0, 'Beautification': 0, 'Installation': 0}",,,False,False,Immediate Measures
25367,NIT06/2022-23/EE TCD NARKATIGANJ/GR-01,RESTORATION WORK IN DHAMAURA SUB DISTRIBUTARY AT RD 0.00 TO 26.00 UNDER BELASHATHI BRANCH CANAL RD 84.02  NARKATIAGANJ    ( GR- 01),RESTORATION WORK IN DHAMAURA SUB DISTRIBUTARY AT RD 0.00 TO 26.00 UNDER BELASHATHI BRANCH CANAL RD 84.02  NARKATIAGANJ    ( GR- 01),3888638.0,INR,INR,2022-08-31 08:06:18+00:00,2022-08-31T07:27:48.901000+00:00,2022-10-06T07:37:25+00:00,ANIL KUMAR,EXECUTIVE ENGINEER,WRD,EE TCD NARKATIGANG,GUNJAN KUMAR,S.E,WATER RESOURCES DEPARTMENT,77800.0,5000.0,590.0,True,"{'Flood': 0, 'Embankment': 0, 'embkt': 0, 'Relief': 0, 'Erosion': 0, 'SDRF': 0, 'Inundation': 0, 'Hydrology': 0, 'Silt': 0, 'Siltation': 0, 'Bund': 0, 'Trench': 0, 'Breach': 0, 'Culvert': 0, 'Sluice': 0, 'Dyke': 0, 'Storm water drain': 0, 'Emergency': 0, 'Immediate': 0, 'IM': 0, 'AE': 0, 'A E': 0, 'AAPDA MITRA': 0, 'Bridge': 0, 'River': 0, 'Drain': 0, 'Restoration': 2, 'Protection': 0, 'irr': 0, 'irrigation': 0, 'dam': 0, 'Nallah': 0, 'nala': 0, 'Retrofitting': 0, 'Pond': 0, 'Pokhari': 0, 'D/C': 0, 'Recharge shaft': 0, 'LFB': 0, 'RFB': 0}","{'Floodlight': 0, 'Flood Light': 0, 'GAS': 0, 'FIFA': 0, 'pipe': 0, 'pipes': 0, 'covid': 0, 'supply': 0, 'Beautification': 0, 'Installation': 0}",,,False,False,Immediate Measures
25363,NIT 02/2022-23/01,"Construction of Retaining Wall, Boundary Wall, Ring Nala & Coarse Sand Lining of Haj Ullawdin Pond Scheme","Construction of Retaining Wall, Boundary Wall, Ring Nala & Coarse Sand Lining of Haj Ullawdin Pond Scheme",82066637.0,INR,INR,2022-08-31 07:06:21+00:00,2022-08-31T06:30:16.977000+00:00,2023-02-17T08:39:43+00:00,Sunil Kumar,Chief Engineer,MWRD PATNA,PATNA,Er. Sunil kumar CE MUZAFFARPUR 9934227277,Chief Engineer MWRD MUZAFFARPUR,MINOR WATER RESOURCES DEPARTMENT,1641400.0,10000.0,5900.0,True,"{'Flood': 0, 'Embankment': 0, 'embkt': 0, 'Relief': 0, 'Erosion': 0, 'SDRF': 0, 'Inundation': 0, 'Hydrology': 0, 'Silt': 0, 'Siltation': 0, 'Bund': 0, 'Trench': 0, 'Breach': 0, 'Culvert': 0, 'Sluice': 0, 'Dyke': 0, 'Storm water drain': 0, 'Emergency': 0, 'Immediate': 0, 'IM': 0, 'AE': 0, 'A E': 0, 'AAPDA MITRA': 0, 'Bridge': 0, 'River': 0, 'Drain': 0, 'Restoration': 0, 'Protection': 0, 'irr': 0, 'irrigation': 0, 'dam': 0, 'Nallah': 0, 'nala': 2, 'Retrofitting': 0, 'Pond': 2, 'Pokhari': 0, 'D/C': 0, 'Recharge shaft': 0, 'LFB': 0, 'RFB': 0}","{'Floodlight': 0, 'Flood Light': 0, 'GAS': 0, 'FIFA': 0, 'pipe': 0, 'pipes': 0, 'covid': 0, 'supply': 0, 'Beautification': 0, 'Installation': 0}",,,False,False,Others
25379,06/E/AZIMABAD/2022-23_GR NO 01,"Construction of PCC Road & RCC Drain in Mogalpura Barkat Khan ka Akhara, from H/O Kedar Yadav to Madan Mahto House to Link Gali in Ward No 60 under Azimabad Division PMC Patna.","Construction of PCC Road & RCC Drain in Mogalpura Barkat Khan ka Akhara, from H/O Kedar Yadav to Madan Mahto House to Link Gali in Ward No 60 under Azimabad Division PMC Patna.",1944672.0,INR,INR,2022-08-31 13:10:08+00:00,2022-08-31T12:19:50.661000+00:00,2023-02-02T11:17:59+00:00,"Vikash Kumar, EXECUTIVE ENGINEER, PMC",EE,"AZIMABAD DIVISION, PATNA MUNICIPAL CORPORATION","AZIMABAD DIVISION, MEENA BAZAR, SHERSHAH PATH, PATNA-07","Vikash Kumar, EXECUTIVE ENGINEER",EXECUTIVE ENGINEER,"AZIMABAD DIVISION, PATNA MUNICIPAL CORPORATION",38900.0,5000.0,590.0,True,"{'Flood': 0, 'Embankment': 0, 'embkt': 0, 'Relief': 0, 'Erosion': 0, 'SDRF': 0, 'Inundation': 0, 'Hydrology': 0, 'Silt': 0, 'Siltation': 0, 'Bund': 0, 'Trench': 0, 'Breach': 0, 'Culvert': 0, 'Sluice': 0, 'Dyke': 0, 'Storm water drain': 0, 'Emergency': 0, 'Immediate': 0, 'IM': 0, 'AE': 0, 'A E': 0, 'AAPDA MITRA': 0, 'Bridge': 0, 'River': 0, 'Drain': 2, 'Restoration': 0, 'Protection': 0, 'irr': 0, 'irrigation': 0, 'dam': 0, 'Nallah': 0, 'nala': 0, 'Retrofitting': 0, 'Pond': 0, 'Pokhari': 0, 'D/C': 0, 'Recharge shaft': 0, 'LFB': 0, 'RFB': 0}","{'Floodlight': 0, 'Flood Light': 0, 'GAS': 0, 'FIFA': 0, 'pipe': 0, 'pipes': 0, 'covid': 0, 'supply': 0, 'Beautification': 0, 'Installation': 0}",,,False,True,Immediate Measures
25372,NIT NO-08/2022-23/GR-01,GR NO-01 NAME OF WORK- Construction of 15 Nos. 125 mm x 40mm x 47 M deep T/Well & 20 Nos. 125/115 mm x 51 M deep drilled T/Well  with  IM II Hand  Pump with  P.C.C. 1.85 meter  dia  circular platform and 2-meter long  P.C.C.  Drain  for  providing  drinking  water in water Scarce area along with soak pit in the district of Aurangabad under  P.H. Division Aurangabad in the  year 2022-23,GR NO-01 NAME OF WORK- Construction of 15 Nos. 125 mm x 40mm x 47 M deep T/Well & 20 Nos. 125/115 mm x 51 M deep drilled T/Well  with  IM II Hand  Pump with  P.C.C. 1.85 meter  dia  circular platform and 2-meter long  P.C.C.  Drain  for  providing  drinking  water in water Scarce area along with soak pit in the district of Aurangabad under  P.H. Division Aurangabad in the  year 2022-23,2318810.0,INR,INR,2022-08-31 10:22:04+00:00,2022-08-31T09:56:26.709000+00:00,2022-09-26T07:19:18+00:00,"EXECUTIVE ENGINEER, AURANGABAD",EE,PH DIVISION AURANGABAD,"PHED COLONY , AURANGABAD","EXECUTIVE ENGINEEER, AURANGABAD",EE,"PH DIVISION, AURANGABAD",46500.0,5000.0,590.0,True,"{'Flood': 0, 'Embankment': 0, 'embkt': 0, 'Relief': 0, 'Erosion': 0, 'SDRF': 0, 'Inundation': 0, 'Hydrology': 0, 'Silt': 0, 'Siltation': 0, 'Bund': 0, 'Trench': 0, 'Breach': 0, 'Culvert': 0, 'Sluice': 0, 'Dyke': 0, 'Storm water drain': 0, 'Emergency': 0, 'Immediate': 0, 'IM': 2, 'AE': 0, 'A E': 0, 'AAPDA MITRA': 0, 'Bridge': 0, 'River': 0, 'Drain': 2, 'Restoration': 0, 'Protection': 0, 'irr': 0, 'irrigation': 0, 'dam': 0, 'Nallah': 0, 'nala': 0, 'Retrofitting': 0, 'Pond': 0, 'Pokhari': 0, 'D/C': 0, 'Recharge shaft': 0, 'LFB': 0, 'RFB': 0}","{'Floodlight': 0, 'Flood Light': 0, 'GAS': 0, 'FIFA': 0, 'pipe': 0, 'pipes': 0, 'covid': 0, 'supply': 0, 'Beautification': 0, 'Installation': 0}",,,False,True,Immediate Measures
25366,NIT 02/2022-23/02,"Construction of Retaining Wall, R.C.C. Drain, Repair of Road & Coarse Sand Lining of Makhdum Pond Scheme","Construction of Retaining Wall, R.C.C. Drain, Repair of Road & Coarse Sand Lining of Makhdum Pond Scheme",30014402.0,INR,INR,2022-08-31 07:15:42+00:00,2022-08-31T07:07:36.847000+00:00,2022-12-30T06:48:56+00:00,Sunil Kumar,Chief Engineer,MWRD PATNA,PATNA,Er. Sunil kumar CE MUZAFFARPUR 9934227277,Chief Engineer MWRD MUZAFFARPUR,MINOR WATER RESOURCES DEPARTMENT,600300.0,10000.0,5900.0,True,"{'Flood': 0, 'Embankment': 0, 'embkt': 0, 'Relief': 0, 'Erosion': 0, 'SDRF': 0, 'Inundation': 0, 'Hydrology': 0, 'Silt': 0, 'Siltation': 0, 'Bund': 0, 'Trench': 0, 'Breach': 0, 'Culvert': 0, 'Sluice': 0, 'Dyke': 0, 'Storm water drain': 0, 'Emergency': 0, 'Immediate': 0, 'IM': 0, 'AE': 0, 'A E': 0, 'AAPDA MITRA': 0, 'Bridge': 0, 'River': 0, 'Drain': 2, 'Restoration': 0, 'Protection': 0, 'irr': 0, 'irrigation': 0, 'dam': 0, 'Nallah': 0, 'nala': 0, 'Retrofitting': 0, 'Pond': 2, 'Pokhari': 0, 'D/C': 0, 'Recharge shaft': 0, 'LFB': 0, 'RFB': 0}","{'Floodlight': 0, 'Flood Light': 0, 'GAS': 0, 'FIFA': 0, 'pipe': 0, 'pipes': 0, 'covid': 0, 'supply': 0, 'Beautification': 0, 'Installation': 0}",,,False,True,Repair and Restoration
25380,06/E/AZIMABAD/2022-23_GR NO 02,Construction of P.C.C Road and R.C.C Drain in pili kothi from house of sambhu ji to the house of Ajay kumar under ward no 58 in Azimabad Division PMC Patna.,Construction of P.C.C Road and R.C.C Drain in pili kothi from house of sambhu ji to the house of Ajay kumar under ward no 58 in Azimabad Division PMC Patna.,231655.0,INR,INR,2022-08-31 13:11:37+00:00,2022-08-31T12:57:21.243000+00:00,2022-09-10T07:56:20+00:00,"Vikash Kumar, EXECUTIVE ENGINEER, PMC",EE,"AZIMABAD DIVISION, PATNA MUNICIPAL CORPORATION","AZIMABAD DIVISION, MEENA BAZAR, SHERSHAH PATH, PATNA-07","Vikash Kumar, EXECUTIVE ENGINEER",EXECUTIVE ENGINEER,"AZIMABAD DIVISION, PATNA MUNICIPAL CORPORATION",4700.0,500.0,590.0,True,"{'Flood': 0, 'Embankment': 0, 'embkt': 0, 'Relief': 0, 'Erosion': 0, 'SDRF': 0, 'Inundation': 0, 'Hydrology': 0, 'Silt': 0, 'Siltation': 0, 'Bund': 0, 'Trench': 0, 'Breach': 0, 'Culvert': 0, 'Sluice': 0, 'Dyke': 0, 'Storm water drain': 0, 'Emergency': 0, 'Immediate': 0, 'IM': 0, 'AE': 0, 'A E': 0, 'AAPDA MITRA': 0, 'Bridge': 0, 'River': 0, 'Drain': 2, 'Restoration': 0, 'Protection': 0, 'irr': 0, 'irrigation': 0, 'dam': 0, 'Nallah': 0, 'nala': 0, 'Retrofitting': 0, 'Pond': 0, 'Pokhari': 0, 'D/C': 0, 'Recharge shaft': 0, 'LFB': 0, 'RFB': 0}","{'Floodlight': 0, 'Flood Light': 0, 'GAS': 0, 'FIFA': 0, 'pipe': 0, 'pipes': 0, 'covid': 0, 'supply': 0, 'Beautification': 0, 'Installation': 0}",,,False,True,Immediate Measures
