Tender ID :,Tender Ref No :,Tender Title :,Work Description,Tender Value in ₹,Tender Currency,Bid Currency,Publish Date,Contract Date :,Update Date,Issuing Authority Name,Issuing Authority Designation,Issuing Organisation Name,Issuing Address,Approving Authority Name,Approving Authority Designation,Approving Organisation Name,EMD Amount,Tender Fee Amount,Tender Processing Fee Amount,is_flood_tender,positive_keywords_dict,negative_keywords_dict,Season,Scheme,Erosion,Roads_Bridges_Embkt,Response Type
73409,NIT24 R1/2024-25 GROUP 01,Construction of new 125mm X 40mm dia X 61 meter deep hand operated T/well with India Mark II Hand Pump with Platform and drain  . And Construction of soak pit 1.0 m diameter 2.0 m deep with dry brick honey comb shaft with bricks of class designation 100B etc. for Handpump complete as per detail below .  Under P.H Division Darbhanga for the year 2024-25. (26 no's),Construction of new 125mm X 40mm dia X 61 meter deep hand operated T/well with India Mark II Hand Pump with Platform and drain  . And Construction of soak pit 1.0 m diameter 2.0 m deep with dry brick honey comb shaft with bricks of class designation 100B etc. for Handpump complete as per detail below .  Under P.H Division Darbhanga for the year 2024-25. (26 no's),1841000.0,INR,INR,2024-10-01 06:34:34+00:00,2024-10-01T06:25:35.036000+00:00,2024-11-25T07:42:39+00:00,PRADEEP KUMAR JHA,Executive Engineer P.H DIVISION DARBHANGA,PHED DARBHANGA,PHED DARBHANGA,Praduman Sharma,CE PHED Zone Muzaffarpur,PH Zone Muzaffarpur,37000.0,5000.0,590.0,True,"{'Flood': 0, 'Embankment': 0, 'embkt': 0, 'Relief': 0, 'Erosion': 0, 'SDRF': 0, 'Inundation': 0, 'Hydrology': 0, 'Silt': 0, 'Siltation': 0, 'Bund': 0, 'Trench': 0, 'Breach': 0, 'Culvert': 0, 'Sluice': 0, 'Dyke': 0, 'Storm water drain': 0, 'Emergency': 0, 'Immediate': 0, 'IM': 0, 'AE': 0, 'A E': 0, 'AAPDA MITRA': 0, 'Bridge': 0, 'River': 0, 'Drain': 2, 'Restoration': 0, 'Protection': 0, 'irr': 0, 'irrigation': 0, 'dam': 0, 'Nallah': 0, 'nala': 0, 'Retrofitting': 0, 'Pond': 0, 'Pokhari': 0, 'D/C': 0, 'Recharge shaft': 0, 'LFB': 0, 'RFB': 0}","{'Floodlight': 0, 'Flood Light': 0, 'GAS': 0, 'FIFA': 0, 'pipe': 0, 'pipes': 0, 'covid': 0, 'supply': 0, 'Beautification': 0, 'Installation': 0}",,,False,True,Immediate Measures
73413,NIT-09/2024-25/GR02,"Construction of PCC road and drain from Bichli Masjid to Prince Manzil Gewal Bigha Ward No. 35 under Gaya Municipal Corporation, Gaya.","Construction of PCC road and drain from Bichli Masjid to Prince Manzil Gewal Bigha Ward No. 35 under Gaya Municipal Corporation, Gaya.",1299000.0,INR,INR,2024-10-01 06:45:18+00:00,2024-10-01T06:41:13.890000+00:00,2025-02-06T06:59:25+00:00,KUMAR ANURAG,MUNICIPAL COMMISSIONER GAYA,GAYA MUNICIPAL CORPORATION,NEAR KEDARNATH MARKET GAYA,KUMAR ANURAG,MUNICIPAL COMMISSIONER GAYA,GAYA MUNICIPAL CORPORATION,26000.0,2500.0,590.0,True,"{'Flood': 0, 'Embankment': 0, 'embkt': 0, 'Relief': 0, 'Erosion': 0, 'SDRF': 0, 'Inundation': 0, 'Hydrology': 0, 'Silt': 0, 'Siltation': 0, 'Bund': 0, 'Trench': 0, 'Breach': 0, 'Culvert': 0, 'Sluice': 0, 'Dyke': 0, 'Storm water drain': 0, 'Emergency': 0, 'Immediate': 0, 'IM': 0, 'AE': 0, 'A E': 0, 'AAPDA MITRA': 0, 'Bridge': 0, 'River': 0, 'Drain': 2, 'Restoration': 0, 'Protection': 0, 'irr': 0, 'irrigation': 0, 'dam': 0, 'Nallah': 0, 'nala': 0, 'Retrofitting': 0, 'Pond': 0, 'Pokhari': 0, 'D/C': 0, 'Recharge shaft': 0, 'LFB': 0, 'RFB': 0}","{'Floodlight': 0, 'Flood Light': 0, 'GAS': 0, 'FIFA': 0, 'pipe': 0, 'pipes': 0, 'covid': 0, 'supply': 0, 'Beautification': 0, 'Installation': 0}",,,False,True,Immediate Measures
73424,NIT-09/2024-25/GR08,"Construction of PCC road and Road crossing drain form H/o Lalu Ram to Mangla Gouri Road and H/o Sanju Sharma to Mithlesh Gupta via Dara Prasad and Suraj Yadaj at Mangla Gauri in Ward No. 43 under Gaya Municipal Corporation, Gaya.","Construction of PCC road and Road crossing drain form H/o Lalu Ram to Mangla Gouri Road and H/o Sanju Sharma to Mithlesh Gupta via Dara Prasad and Suraj Yadaj at Mangla Gauri in Ward No. 43 under Gaya Municipal Corporation, Gaya.",690900.0,INR,INR,2024-10-01 07:24:47+00:00,2024-10-01T07:20:15.222000+00:00,2025-04-01T09:32:16+00:00,KUMAR ANURAG,MUNICIPAL COMMISSIONER GAYA,GAYA MUNICIPAL CORPORATION,NEAR KEDARNATH MARKET GAYA,KUMAR ANURAG,MUNICIPAL COMMISSIONER GAYA,GAYA MUNICIPAL CORPORATION,13800.0,1250.0,590.0,True,"{'Flood': 0, 'Embankment': 0, 'embkt': 0, 'Relief': 0, 'Erosion': 0, 'SDRF': 0, 'Inundation': 0, 'Hydrology': 0, 'Silt': 0, 'Siltation': 0, 'Bund': 0, 'Trench': 0, 'Breach': 0, 'Culvert': 0, 'Sluice': 0, 'Dyke': 0, 'Storm water drain': 0, 'Emergency': 0, 'Immediate': 0, 'IM': 0, 'AE': 0, 'A E': 0, 'AAPDA MITRA': 0, 'Bridge': 0, 'River': 0, 'Drain': 2, 'Restoration': 0, 'Protection': 0, 'irr': 0, 'irrigation': 0, 'dam': 0, 'Nallah': 0, 'nala': 0, 'Retrofitting': 0, 'Pond': 0, 'Pokhari': 0, 'D/C': 0, 'Recharge shaft': 0, 'LFB': 0, 'RFB': 0}","{'Floodlight': 0, 'Flood Light': 0, 'GAS': 0, 'FIFA': 0, 'pipe': 0, 'pipes': 0, 'covid': 0, 'supply': 0, 'Beautification': 0, 'Installation': 0}",,,False,True,Immediate Measures
73446,07/E/AZIMABAD/2024-25_GR 04,Construction of PCC Road & Renovation of Drain Work from Mandir Ghat to Kuda Point B.N.R. Road via Kali Ghat Chauraha in Ward no 52 Under Azimabad Division PMC Patna.,Construction of PCC Road & Renovation of Drain Work from Mandir Ghat to Kuda Point B.N.R. Road via Kali Ghat Chauraha in Ward no 52 Under Azimabad Division PMC Patna.,5862011.0,INR,INR,2024-10-01 09:32:40+00:00,2024-10-01T08:54:24.597000+00:00,2025-03-20T09:14:25+00:00,"Vikash Kumar, EXECUTIVE ENGINEER, PMC",EE,"AZIMABAD DIVISION, PATNA MUNICIPAL CORPORATION","AZIMABAD DIVISION, MEENA BAZAR, SHERSHAH PATH, PATNA-07","Vikash Kumar, EXECUTIVE ENGINEER",EXECUTIVE ENGINEER,"AZIMABAD DIVISION, PATNA MUNICIPAL CORPORATION",117300.0,10000.0,590.0,True,"{'Flood': 0, 'Embankment': 0, 'embkt': 0, 'Relief': 0, 'Erosion': 0, 'SDRF': 0, 'Inundation': 0, 'Hydrology': 0, 'Silt': 0, 'Siltation': 0, 'Bund': 0, 'Trench': 0, 'Breach': 0, 'Culvert': 0, 'Sluice': 0, 'Dyke': 0, 'Storm water drain': 0, 'Emergency': 0, 'Immediate': 0, 'IM': 0, 'AE': 0, 'A E': 0, 'AAPDA MITRA': 0, 'Bridge': 0, 'River': 0, 'Drain': 2, 'Restoration': 0, 'Protection': 0, 'irr': 0, 'irrigation': 0, 'dam': 0, 'Nallah': 0, 'nala': 0, 'Retrofitting': 0, 'Pond': 0, 'Pokhari': 0, 'D/C': 0, 'Recharge shaft': 0, 'LFB': 0, 'RFB': 0}","{'Floodlight': 0, 'Flood Light': 0, 'GAS': 0, 'FIFA': 0, 'pipe': 0, 'pipes': 0, 'covid': 0, 'supply': 0, 'Beautification': 0, 'Installation': 0}",,,False,True,Immediate Measures
73448,07/E/AZIMABAD/2024-25_GR 03,Construction of R.C.C Drain & P.C.C Road from Manaspath Sanjay Thakur House in ward no 59 to Ashok Rajpath ward no 60 under Azimabad Division PMC Patna.,Construction of R.C.C Drain & P.C.C Road from Manaspath Sanjay Thakur House in ward no 59 to Ashok Rajpath ward no 60 under Azimabad Division PMC Patna.,1674507.0,INR,INR,2024-10-01 09:30:35+00:00,2024-10-01T08:56:52.752000+00:00,2025-06-13T10:42:38+00:00,"Vikash Kumar, EXECUTIVE ENGINEER, PMC",EE,"AZIMABAD DIVISION, PATNA MUNICIPAL CORPORATION","AZIMABAD DIVISION, MEENA BAZAR, SHERSHAH PATH, PATNA-07","Vikash Kumar, EXECUTIVE ENGINEER",EXECUTIVE ENGINEER,"AZIMABAD DIVISION, PATNA MUNICIPAL CORPORATION",33500.0,5000.0,590.0,True,"{'Flood': 0, 'Embankment': 0, 'embkt': 0, 'Relief': 0, 'Erosion': 0, 'SDRF': 0, 'Inundation': 0, 'Hydrology': 0, 'Silt': 0, 'Siltation': 0, 'Bund': 0, 'Trench': 0, 'Breach': 0, 'Culvert': 0, 'Sluice': 0, 'Dyke': 0, 'Storm water drain': 0, 'Emergency': 0, 'Immediate': 0, 'IM': 0, 'AE': 0, 'A E': 0, 'AAPDA MITRA': 0, 'Bridge': 0, 'River': 0, 'Drain': 2, 'Restoration': 0, 'Protection': 0, 'irr': 0, 'irrigation': 0, 'dam': 0, 'Nallah': 0, 'nala': 0, 'Retrofitting': 0, 'Pond': 0, 'Pokhari': 0, 'D/C': 0, 'Recharge shaft': 0, 'LFB': 0, 'RFB': 0}","{'Floodlight': 0, 'Flood Light': 0, 'GAS': 0, 'FIFA': 0, 'pipe': 0, 'pipes': 0, 'covid': 0, 'supply': 0, 'Beautification': 0, 'Installation': 0}",,,False,True,Immediate Measures
73452,07/E/AZIMABAD/2024-25_GR 05,Construction of P.C.C Road & R.C.C Drain in Noon Ka Chauraha from Sanjeev Ji House to Mogalpura Ganesh Mahto Ji House in Ward no 63 Under Azimabad Division PMC Patna.,Construction of P.C.C Road & R.C.C Drain in Noon Ka Chauraha from Sanjeev Ji House to Mogalpura Ganesh Mahto Ji House in Ward no 63 Under Azimabad Division PMC Patna.,5870023.0,INR,INR,2024-10-01 09:40:55+00:00,2024-10-01T09:20:02.993000+00:00,2025-01-28T10:52:35+00:00,"Vikash Kumar, EXECUTIVE ENGINEER, PMC",EE,"AZIMABAD DIVISION, PATNA MUNICIPAL CORPORATION","AZIMABAD DIVISION, MEENA BAZAR, SHERSHAH PATH, PATNA-07","Vikash Kumar, EXECUTIVE ENGINEER",EXECUTIVE ENGINEER,"AZIMABAD DIVISION, PATNA MUNICIPAL CORPORATION",117500.0,10000.0,590.0,True,"{'Flood': 0, 'Embankment': 0, 'embkt': 0, 'Relief': 0, 'Erosion': 0, 'SDRF': 0, 'Inundation': 0, 'Hydrology': 0, 'Silt': 0, 'Siltation': 0, 'Bund': 0, 'Trench': 0, 'Breach': 0, 'Culvert': 0, 'Sluice': 0, 'Dyke': 0, 'Storm water drain': 0, 'Emergency': 0, 'Immediate': 0, 'IM': 0, 'AE': 0, 'A E': 0, 'AAPDA MITRA': 0, 'Bridge': 0, 'River': 0, 'Drain': 2, 'Restoration': 0, 'Protection': 0, 'irr': 0, 'irrigation': 0, 'dam': 0, 'Nallah': 0, 'nala': 0, 'Retrofitting': 0, 'Pond': 0, 'Pokhari': 0, 'D/C': 0, 'Recharge shaft': 0, 'LFB': 0, 'RFB': 0}","{'Floodlight': 0, 'Flood Light': 0, 'GAS': 0, 'FIFA': 0, 'pipe': 0, 'pipes': 0, 'covid': 0, 'supply': 0, 'Beautification': 0, 'Installation': 0}",,,False,True,Immediate Measures
73783,"PNP/NIT-01/2024-25,-GR01",Construction of RCC drain in ward no-01 from SH-73 to Baudha nahar.,Construction of RCC drain in ward no-01 from SH-73 to Baudha nahar.,1938073.0,INR,INR,2024-10-16 06:59:12+00:00,2024-10-03T05:32:57.218000+00:00,2025-05-17T07:19:32+00:00,Rajnish kumar  eo parsa,EXECUTIVE OFFICER NAGAR PANCHAYAT PARSA BAZAR,"NAGAR PANCHAYAT PARSA BAZAR, SARAN","NAGAR PANCHAYAT PARSA BAZAR, SARAN",Mr Rajnish Kumar,EXECUTIVE OFFICER NAGAR PANCHAYAT PARSA BAZAR,"NAGAR PANCHAYAT PARSA BAZAR, SARAN",39000.0,5000.0,590.0,True,"{'Flood': 0, 'Embankment': 0, 'embkt': 0, 'Relief': 0, 'Erosion': 0, 'SDRF': 0, 'Inundation': 0, 'Hydrology': 0, 'Silt': 0, 'Siltation': 0, 'Bund': 0, 'Trench': 0, 'Breach': 0, 'Culvert': 0, 'Sluice': 0, 'Dyke': 0, 'Storm water drain': 0, 'Emergency': 0, 'Immediate': 0, 'IM': 0, 'AE': 0, 'A E': 0, 'AAPDA MITRA': 0, 'Bridge': 0, 'River': 0, 'Drain': 2, 'Restoration': 0, 'Protection': 0, 'irr': 0, 'irrigation': 0, 'dam': 0, 'Nallah': 0, 'nala': 0, 'Retrofitting': 0, 'Pond': 0, 'Pokhari': 0, 'D/C': 0, 'Recharge shaft': 0, 'LFB': 0, 'RFB': 0}","{'Floodlight': 0, 'Flood Light': 0, 'GAS': 0, 'FIFA': 0, 'pipe': 0, 'pipes': 0, 'covid': 0, 'supply': 0, 'Beautification': 0, 'Installation': 0}",,,False,True,Immediate Measures
73817,"09/E/KAN/2024-25, Group No.03","Manhole Stab, Catchpit cover and box drain at Different Place
  under Ward No.44","Manhole Stab, Catchpit cover and box drain at Different Place
  under Ward No.44",1901100.0,INR,INR,2024-10-03 07:42:00+00:00,2024-10-03T07:37:30.461000+00:00,2025-01-13T11:23:29+00:00,"Aashish Prasad, Executive Engineer",EXECUETIVE ENGINEER,"Kankarbagh Division,Patna Municipal Corporation,Patna","Tempo Stand,Kankarbagh,Patna-20","Aashish Prasad,EXECUETIVE ENGINEER",EXECUETIVE ENGINEER,"Kankarbagh Division,Patna Municipal Corporation,Patna",38100.0,5000.0,590.0,True,"{'Flood': 0, 'Embankment': 0, 'embkt': 0, 'Relief': 0, 'Erosion': 0, 'SDRF': 0, 'Inundation': 0, 'Hydrology': 0, 'Silt': 0, 'Siltation': 0, 'Bund': 0, 'Trench': 0, 'Breach': 0, 'Culvert': 0, 'Sluice': 0, 'Dyke': 0, 'Storm water drain': 0, 'Emergency': 0, 'Immediate': 0, 'IM': 0, 'AE': 0, 'A E': 0, 'AAPDA MITRA': 0, 'Bridge': 0, 'River': 0, 'Drain': 2, 'Restoration': 0, 'Protection': 0, 'irr': 0, 'irrigation': 0, 'dam': 0, 'Nallah': 0, 'nala': 0, 'Retrofitting': 0, 'Pond': 0, 'Pokhari': 0, 'D/C': 0, 'Recharge shaft': 0, 'LFB': 0, 'RFB': 0}","{'Floodlight': 0, 'Flood Light': 0, 'GAS': 0, 'FIFA': 0, 'pipe': 0, 'pipes': 0, 'covid': 0, 'supply': 0, 'Beautification': 0, 'Installation': 0}",,,False,True,Immediate Measures
73815,"09/E/KAN/2024-25, Group No.01","Construction of Manhole Slab & Catchpit cover and box drain at Different Place 
  under Ward No.29","Construction of Manhole Slab & Catchpit cover and box drain at Different Place 
  under Ward No.29",1733900.0,INR,INR,2024-10-03 07:30:52+00:00,2024-10-03T07:23:30.291000+00:00,2025-02-17T07:21:04+00:00,"Aashish Prasad, Executive Engineer",EXECUETIVE ENGINEER,"Kankarbagh Division,Patna Municipal Corporation,Patna","Tempo Stand,Kankarbagh,Patna-20","Aashish Prasad,EXECUETIVE ENGINEER",EXECUETIVE ENGINEER,"Kankarbagh Division,Patna Municipal Corporation,Patna",34700.0,5000.0,590.0,True,"{'Flood': 0, 'Embankment': 0, 'embkt': 0, 'Relief': 0, 'Erosion': 0, 'SDRF': 0, 'Inundation': 0, 'Hydrology': 0, 'Silt': 0, 'Siltation': 0, 'Bund': 0, 'Trench': 0, 'Breach': 0, 'Culvert': 0, 'Sluice': 0, 'Dyke': 0, 'Storm water drain': 0, 'Emergency': 0, 'Immediate': 0, 'IM': 0, 'AE': 0, 'A E': 0, 'AAPDA MITRA': 0, 'Bridge': 0, 'River': 0, 'Drain': 2, 'Restoration': 0, 'Protection': 0, 'irr': 0, 'irrigation': 0, 'dam': 0, 'Nallah': 0, 'nala': 0, 'Retrofitting': 0, 'Pond': 0, 'Pokhari': 0, 'D/C': 0, 'Recharge shaft': 0, 'LFB': 0, 'RFB': 0}","{'Floodlight': 0, 'Flood Light': 0, 'GAS': 0, 'FIFA': 0, 'pipe': 0, 'pipes': 0, 'covid': 0, 'supply': 0, 'Beautification': 0, 'Installation': 0}",,,False,True,Immediate Measures
73816,"09/E/KAN/2024-25, Group No.02","Catchpit cover and box drain at Different Place
  under Ward No.32","Catchpit cover and box drain at Different Place
  under Ward No.32",2258160.0,INR,INR,2024-10-03 07:37:09+00:00,2024-10-03T07:31:22.484000+00:00,2024-10-08T09:31:27+00:00,"Aashish Prasad, Executive Engineer",EXECUETIVE ENGINEER,"Kankarbagh Division,Patna Municipal Corporation,Patna","Tempo Stand,Kankarbagh,Patna-20","Aashish Prasad,EXECUETIVE ENGINEER",EXECUETIVE ENGINEER,"Kankarbagh Division,Patna Municipal Corporation,Patna",45200.0,5000.0,590.0,True,"{'Flood': 0, 'Embankment': 0, 'embkt': 0, 'Relief': 0, 'Erosion': 0, 'SDRF': 0, 'Inundation': 0, 'Hydrology': 0, 'Silt': 0, 'Siltation': 0, 'Bund': 0, 'Trench': 0, 'Breach': 0, 'Culvert': 0, 'Sluice': 0, 'Dyke': 0, 'Storm water drain': 0, 'Emergency': 0, 'Immediate': 0, 'IM': 0, 'AE': 0, 'A E': 0, 'AAPDA MITRA': 0, 'Bridge': 0, 'River': 0, 'Drain': 2, 'Restoration': 0, 'Protection': 0, 'irr': 0, 'irrigation': 0, 'dam': 0, 'Nallah': 0, 'nala': 0, 'Retrofitting': 0, 'Pond': 0, 'Pokhari': 0, 'D/C': 0, 'Recharge shaft': 0, 'LFB': 0, 'RFB': 0}","{'Floodlight': 0, 'Flood Light': 0, 'GAS': 0, 'FIFA': 0, 'pipe': 0, 'pipes': 0, 'covid': 0, 'supply': 0, 'Beautification': 0, 'Installation': 0}",,,False,True,Immediate Measures
73819,"09/E/KAN/2024-25, Group No.04","Manhole Stab, Catchpit cover and box drain at Different Place
  under Ward No.45","Manhole Stab, Catchpit cover and box drain at Different Place
  under Ward No.45",4530500.0,INR,INR,2024-10-03 07:45:48+00:00,2024-10-03T07:42:17.084000+00:00,2025-03-17T08:59:04+00:00,"Aashish Prasad, Executive Engineer",EXECUETIVE ENGINEER,"Kankarbagh Division,Patna Municipal Corporation,Patna","Tempo Stand,Kankarbagh,Patna-20","Aashish Prasad,EXECUETIVE ENGINEER",EXECUETIVE ENGINEER,"Kankarbagh Division,Patna Municipal Corporation,Patna",90700.0,5000.0,590.0,True,"{'Flood': 0, 'Embankment': 0, 'embkt': 0, 'Relief': 0, 'Erosion': 0, 'SDRF': 0, 'Inundation': 0, 'Hydrology': 0, 'Silt': 0, 'Siltation': 0, 'Bund': 0, 'Trench': 0, 'Breach': 0, 'Culvert': 0, 'Sluice': 0, 'Dyke': 0, 'Storm water drain': 0, 'Emergency': 0, 'Immediate': 0, 'IM': 0, 'AE': 0, 'A E': 0, 'AAPDA MITRA': 0, 'Bridge': 0, 'River': 0, 'Drain': 2, 'Restoration': 0, 'Protection': 0, 'irr': 0, 'irrigation': 0, 'dam': 0, 'Nallah': 0, 'nala': 0, 'Retrofitting': 0, 'Pond': 0, 'Pokhari': 0, 'D/C': 0, 'Recharge shaft': 0, 'LFB': 0, 'RFB': 0}","{'Floodlight': 0, 'Flood Light': 0, 'GAS': 0, 'FIFA': 0, 'pipe': 0, 'pipes': 0, 'covid': 0, 'supply': 0, 'Beautification': 0, 'Installation': 0}",,,False,True,Immediate Measures
73820,"09/E/KAN/2024-25, Group No.05","Manhole Stab, Catchpit cover and box drain at Different Place
  under Ward No.46","Manhole Stab, Catchpit cover and box drain at Different Place
  under Ward No.46",1808915.0,INR,INR,2024-10-03 07:49:28+00:00,2024-10-03T07:46:01.708000+00:00,2025-01-15T11:34:31+00:00,"Aashish Prasad, Executive Engineer",EXECUETIVE ENGINEER,"Kankarbagh Division,Patna Municipal Corporation,Patna","Tempo Stand,Kankarbagh,Patna-20","Aashish Prasad,EXECUETIVE ENGINEER",EXECUETIVE ENGINEER,"Kankarbagh Division,Patna Municipal Corporation,Patna",36200.0,5000.0,590.0,True,"{'Flood': 0, 'Embankment': 0, 'embkt': 0, 'Relief': 0, 'Erosion': 0, 'SDRF': 0, 'Inundation': 0, 'Hydrology': 0, 'Silt': 0, 'Siltation': 0, 'Bund': 0, 'Trench': 0, 'Breach': 0, 'Culvert': 0, 'Sluice': 0, 'Dyke': 0, 'Storm water drain': 0, 'Emergency': 0, 'Immediate': 0, 'IM': 0, 'AE': 0, 'A E': 0, 'AAPDA MITRA': 0, 'Bridge': 0, 'River': 0, 'Drain': 2, 'Restoration': 0, 'Protection': 0, 'irr': 0, 'irrigation': 0, 'dam': 0, 'Nallah': 0, 'nala': 0, 'Retrofitting': 0, 'Pond': 0, 'Pokhari': 0, 'D/C': 0, 'Recharge shaft': 0, 'LFB': 0, 'RFB': 0}","{'Floodlight': 0, 'Flood Light': 0, 'GAS': 0, 'FIFA': 0, 'pipe': 0, 'pipes': 0, 'covid': 0, 'supply': 0, 'Beautification': 0, 'Installation': 0}",,,False,True,Immediate Measures
73868,NIT NO. 05/2024-25/NP CHENARI/GR02,"Construction of drain slab & P.C.C from (i) The house of Madan Yadav to malhipur kudra main road (ii) The house of Kamta Yadav to Malhipur-kudra main road (iii) The house of Satendra Pal  to  malhipur kudra main road in ward no. 02 under, Nagar Panchayat, Chenari","Construction of drain slab & P.C.C from (i) The house of Madan Yadav to malhipur kudra main road (ii) The house of Kamta Yadav to Malhipur-kudra main road (iii) The house of Satendra Pal  to  malhipur kudra main road in ward no. 02 under, Nagar Panchayat, Chenari",1031400.0,INR,INR,2024-10-03 10:33:20+00:00,2024-10-03T10:27:29.232000+00:00,2025-04-28T16:32:40+00:00,Abhishek Bharti (NAGAR PANCHAYAT CHENARI),EXECUTIVE OFFICER,NAGAR PANCHAYAT CHENARI,NAGAR PANCHAYAT CHENARI 821104,Abhishek Bharti (NAGAR PANCHAYAT CHENARI),EXECUTIVE OFFICER,NAGAR PANCHAYAT CHENARI,20700.0,2500.0,590.0,True,"{'Flood': 0, 'Embankment': 0, 'embkt': 0, 'Relief': 0, 'Erosion': 0, 'SDRF': 0, 'Inundation': 0, 'Hydrology': 0, 'Silt': 0, 'Siltation': 0, 'Bund': 0, 'Trench': 0, 'Breach': 0, 'Culvert': 0, 'Sluice': 0, 'Dyke': 0, 'Storm water drain': 0, 'Emergency': 0, 'Immediate': 0, 'IM': 0, 'AE': 0, 'A E': 0, 'AAPDA MITRA': 0, 'Bridge': 0, 'River': 0, 'Drain': 2, 'Restoration': 0, 'Protection': 0, 'irr': 0, 'irrigation': 0, 'dam': 0, 'Nallah': 0, 'nala': 0, 'Retrofitting': 0, 'Pond': 0, 'Pokhari': 0, 'D/C': 0, 'Recharge shaft': 0, 'LFB': 0, 'RFB': 0}","{'Floodlight': 0, 'Flood Light': 0, 'GAS': 0, 'FIFA': 0, 'pipe': 0, 'pipes': 0, 'covid': 0, 'supply': 0, 'Beautification': 0, 'Installation': 0}",,,False,True,Immediate Measures
73871,NIT NO. 05/2024-25/NP CHENARI/GR03,"Construction of P.C.C road & R.C.C drain from the house of Taslim Khan to the house of Sarafat Khan in ward no. 03 under, Nagar Panchayat Chenari","Construction of P.C.C road & R.C.C drain from the house of Taslim Khan to the house of Sarafat Khan in ward no. 03 under, Nagar Panchayat Chenari",2293400.0,INR,INR,2024-10-03 10:38:59+00:00,2024-10-03T10:33:43.262000+00:00,2025-04-28T16:30:57+00:00,Abhishek Bharti (NAGAR PANCHAYAT CHENARI),EXECUTIVE OFFICER,NAGAR PANCHAYAT CHENARI,NAGAR PANCHAYAT CHENARI 821104,Abhishek Bharti (NAGAR PANCHAYAT CHENARI),EXECUTIVE OFFICER,NAGAR PANCHAYAT CHENARI,45900.0,5000.0,590.0,True,"{'Flood': 0, 'Embankment': 0, 'embkt': 0, 'Relief': 0, 'Erosion': 0, 'SDRF': 0, 'Inundation': 0, 'Hydrology': 0, 'Silt': 0, 'Siltation': 0, 'Bund': 0, 'Trench': 0, 'Breach': 0, 'Culvert': 0, 'Sluice': 0, 'Dyke': 0, 'Storm water drain': 0, 'Emergency': 0, 'Immediate': 0, 'IM': 0, 'AE': 0, 'A E': 0, 'AAPDA MITRA': 0, 'Bridge': 0, 'River': 0, 'Drain': 2, 'Restoration': 0, 'Protection': 0, 'irr': 0, 'irrigation': 0, 'dam': 0, 'Nallah': 0, 'nala': 0, 'Retrofitting': 0, 'Pond': 0, 'Pokhari': 0, 'D/C': 0, 'Recharge shaft': 0, 'LFB': 0, 'RFB': 0}","{'Floodlight': 0, 'Flood Light': 0, 'GAS': 0, 'FIFA': 0, 'pipe': 0, 'pipes': 0, 'covid': 0, 'supply': 0, 'Beautification': 0, 'Installation': 0}",,,False,True,Immediate Measures
73875,NIT NO. 05/2024-25/NP CHENARI/GR04,"Construction of P.C.C road & protection wall from  house of Mumtaj Khan To  House of Sdakat Khan in ward no.-04  under, Nagar Panchayat, Chenari","Construction of P.C.C road & protection wall from  house of Mumtaj Khan To  House of Sdakat Khan in ward no.-04  under, Nagar Panchayat, Chenari",747500.0,INR,INR,2024-10-03 10:45:25+00:00,2024-10-03T10:39:17.420000+00:00,2025-04-28T16:29:34+00:00,Abhishek Bharti (NAGAR PANCHAYAT CHENARI),EXECUTIVE OFFICER,NAGAR PANCHAYAT CHENARI,NAGAR PANCHAYAT CHENARI 821104,Abhishek Bharti (NAGAR PANCHAYAT CHENARI),EXECUTIVE OFFICER,NAGAR PANCHAYAT CHENARI,15000.0,1250.0,590.0,True,"{'Flood': 0, 'Embankment': 0, 'embkt': 0, 'Relief': 0, 'Erosion': 0, 'SDRF': 0, 'Inundation': 0, 'Hydrology': 0, 'Silt': 0, 'Siltation': 0, 'Bund': 0, 'Trench': 0, 'Breach': 0, 'Culvert': 0, 'Sluice': 0, 'Dyke': 0, 'Storm water drain': 0, 'Emergency': 0, 'Immediate': 0, 'IM': 0, 'AE': 0, 'A E': 0, 'AAPDA MITRA': 0, 'Bridge': 0, 'River': 0, 'Drain': 0, 'Restoration': 0, 'Protection': 2, 'irr': 0, 'irrigation': 0, 'dam': 0, 'Nallah': 0, 'nala': 0, 'Retrofitting': 0, 'Pond': 0, 'Pokhari': 0, 'D/C': 0, 'Recharge shaft': 0, 'LFB': 0, 'RFB': 0}","{'Floodlight': 0, 'Flood Light': 0, 'GAS': 0, 'FIFA': 0, 'pipe': 0, 'pipes': 0, 'covid': 0, 'supply': 0, 'Beautification': 0, 'Installation': 0}",,,False,True,Immediate Measures
73907,NIT NO. 05/2024-25/NP CHENARI/GR07,"Construction of P.C.C road & R.C.C drain from Kabristan to main nahar in ward no.-05 under Nagar, Panchayat Chenari","Construction of P.C.C road & R.C.C drain from Kabristan to main nahar in ward no.-05 under Nagar, Panchayat Chenari",2473700.0,INR,INR,2024-10-03 11:09:02+00:00,2024-10-03T11:04:08.236000+00:00,2025-04-28T16:22:28+00:00,Abhishek Bharti (NAGAR PANCHAYAT CHENARI),EXECUTIVE OFFICER,NAGAR PANCHAYAT CHENARI,NAGAR PANCHAYAT CHENARI 821104,Abhishek Bharti (NAGAR PANCHAYAT CHENARI),EXECUTIVE OFFICER,NAGAR PANCHAYAT CHENARI,49500.0,5000.0,590.0,True,"{'Flood': 0, 'Embankment': 0, 'embkt': 0, 'Relief': 0, 'Erosion': 0, 'SDRF': 0, 'Inundation': 0, 'Hydrology': 0, 'Silt': 0, 'Siltation': 0, 'Bund': 0, 'Trench': 0, 'Breach': 0, 'Culvert': 0, 'Sluice': 0, 'Dyke': 0, 'Storm water drain': 0, 'Emergency': 0, 'Immediate': 0, 'IM': 0, 'AE': 0, 'A E': 0, 'AAPDA MITRA': 0, 'Bridge': 0, 'River': 0, 'Drain': 2, 'Restoration': 0, 'Protection': 0, 'irr': 0, 'irrigation': 0, 'dam': 0, 'Nallah': 0, 'nala': 0, 'Retrofitting': 0, 'Pond': 0, 'Pokhari': 0, 'D/C': 0, 'Recharge shaft': 0, 'LFB': 0, 'RFB': 0}","{'Floodlight': 0, 'Flood Light': 0, 'GAS': 0, 'FIFA': 0, 'pipe': 0, 'pipes': 0, 'covid': 0, 'supply': 0, 'Beautification': 0, 'Installation': 0}",,,False,True,Immediate Measures
73919,NIT NO. 05/2024-25/NP CHENARI/GR08,"Construction of R.C.C drain  from  shop of Naresh Sharma to  shop of Jabir in ward no.-06 under, Nagar Panchayat, Chenari","Construction of R.C.C drain  from  shop of Naresh Sharma to  shop of Jabir in ward no.-06 under, Nagar Panchayat, Chenari",651400.0,INR,INR,2024-10-03 11:48:06+00:00,2024-10-03T11:43:10.837000+00:00,2025-04-28T16:20:40+00:00,Abhishek Bharti (NAGAR PANCHAYAT CHENARI),EXECUTIVE OFFICER,NAGAR PANCHAYAT CHENARI,NAGAR PANCHAYAT CHENARI 821104,Abhishek Bharti (NAGAR PANCHAYAT CHENARI),EXECUTIVE OFFICER,NAGAR PANCHAYAT CHENARI,13100.0,1250.0,590.0,True,"{'Flood': 0, 'Embankment': 0, 'embkt': 0, 'Relief': 0, 'Erosion': 0, 'SDRF': 0, 'Inundation': 0, 'Hydrology': 0, 'Silt': 0, 'Siltation': 0, 'Bund': 0, 'Trench': 0, 'Breach': 0, 'Culvert': 0, 'Sluice': 0, 'Dyke': 0, 'Storm water drain': 0, 'Emergency': 0, 'Immediate': 0, 'IM': 0, 'AE': 0, 'A E': 0, 'AAPDA MITRA': 0, 'Bridge': 0, 'River': 0, 'Drain': 2, 'Restoration': 0, 'Protection': 0, 'irr': 0, 'irrigation': 0, 'dam': 0, 'Nallah': 0, 'nala': 0, 'Retrofitting': 0, 'Pond': 0, 'Pokhari': 0, 'D/C': 0, 'Recharge shaft': 0, 'LFB': 0, 'RFB': 0}","{'Floodlight': 0, 'Flood Light': 0, 'GAS': 0, 'FIFA': 0, 'pipe': 0, 'pipes': 0, 'covid': 0, 'supply': 0, 'Beautification': 0, 'Installation': 0}",,,False,True,Immediate Measures
73921,NIT NO. 05/2024-25/NP CHENARI/GR09,"Construction of P.C.C road & B/W  drain from  house of Albela Pandey to Chenari-Kudra main road in ward no.-07 under, Nagar Panchayat, Chenari","Construction of P.C.C road & B/W  drain from  house of Albela Pandey to Chenari-Kudra main road in ward no.-07 under, Nagar Panchayat, Chenari",1488200.0,INR,INR,2024-10-03 11:53:20+00:00,2024-10-03T11:48:18.260000+00:00,2025-04-28T16:18:41+00:00,Abhishek Bharti (NAGAR PANCHAYAT CHENARI),EXECUTIVE OFFICER,NAGAR PANCHAYAT CHENARI,NAGAR PANCHAYAT CHENARI 821104,Abhishek Bharti (NAGAR PANCHAYAT CHENARI),EXECUTIVE OFFICER,NAGAR PANCHAYAT CHENARI,29800.0,2500.0,590.0,True,"{'Flood': 0, 'Embankment': 0, 'embkt': 0, 'Relief': 0, 'Erosion': 0, 'SDRF': 0, 'Inundation': 0, 'Hydrology': 0, 'Silt': 0, 'Siltation': 0, 'Bund': 0, 'Trench': 0, 'Breach': 0, 'Culvert': 0, 'Sluice': 0, 'Dyke': 0, 'Storm water drain': 0, 'Emergency': 0, 'Immediate': 0, 'IM': 0, 'AE': 0, 'A E': 0, 'AAPDA MITRA': 0, 'Bridge': 0, 'River': 0, 'Drain': 2, 'Restoration': 0, 'Protection': 0, 'irr': 0, 'irrigation': 0, 'dam': 0, 'Nallah': 0, 'nala': 0, 'Retrofitting': 0, 'Pond': 0, 'Pokhari': 0, 'D/C': 0, 'Recharge shaft': 0, 'LFB': 0, 'RFB': 0}","{'Floodlight': 0, 'Flood Light': 0, 'GAS': 0, 'FIFA': 0, 'pipe': 0, 'pipes': 0, 'covid': 0, 'supply': 0, 'Beautification': 0, 'Installation': 0}",,,False,True,Immediate Measures
73924,NIT NO. 05/2024-25/NP CHENARI/GR12,"Construction of P.C.C road & R.C.C drain from  house of Rajendra Jayswal to  house of Mandar Seth in ward no.-10 under, Nagar Panchayat, Chenari","Construction of P.C.C road & R.C.C drain from  house of Rajendra Jayswal to  house of Mandar Seth in ward no.-10 under, Nagar Panchayat, Chenari",2110500.0,INR,INR,2024-10-03 12:05:01+00:00,2024-10-03T12:00:50.211000+00:00,2025-04-28T14:25:32+00:00,Abhishek Bharti (NAGAR PANCHAYAT CHENARI),EXECUTIVE OFFICER,NAGAR PANCHAYAT CHENARI,NAGAR PANCHAYAT CHENARI 821104,Abhishek Bharti (NAGAR PANCHAYAT CHENARI),EXECUTIVE OFFICER,NAGAR PANCHAYAT CHENARI,42300.0,5000.0,590.0,True,"{'Flood': 0, 'Embankment': 0, 'embkt': 0, 'Relief': 0, 'Erosion': 0, 'SDRF': 0, 'Inundation': 0, 'Hydrology': 0, 'Silt': 0, 'Siltation': 0, 'Bund': 0, 'Trench': 0, 'Breach': 0, 'Culvert': 0, 'Sluice': 0, 'Dyke': 0, 'Storm water drain': 0, 'Emergency': 0, 'Immediate': 0, 'IM': 0, 'AE': 0, 'A E': 0, 'AAPDA MITRA': 0, 'Bridge': 0, 'River': 0, 'Drain': 2, 'Restoration': 0, 'Protection': 0, 'irr': 0, 'irrigation': 0, 'dam': 0, 'Nallah': 0, 'nala': 0, 'Retrofitting': 0, 'Pond': 0, 'Pokhari': 0, 'D/C': 0, 'Recharge shaft': 0, 'LFB': 0, 'RFB': 0}","{'Floodlight': 0, 'Flood Light': 0, 'GAS': 0, 'FIFA': 0, 'pipe': 0, 'pipes': 0, 'covid': 0, 'supply': 0, 'Beautification': 0, 'Installation': 0}",,,False,True,Immediate Measures
73926,NIT NO. 05/2024-25/NP CHENARI/GR13,"Construction of P.C.C road & R.C.C drain from  house of Jhabar Sah to  house of Jiut Chandravansi in ward no.-11 under, Nagar Panchayat, Chenari","Construction of P.C.C road & R.C.C drain from  house of Jhabar Sah to  house of Jiut Chandravansi in ward no.-11 under, Nagar Panchayat, Chenari",1539300.0,INR,INR,2024-10-03 12:08:02+00:00,2024-10-03T12:05:13.373000+00:00,2025-04-28T14:23:40+00:00,Abhishek Bharti (NAGAR PANCHAYAT CHENARI),EXECUTIVE OFFICER,NAGAR PANCHAYAT CHENARI,NAGAR PANCHAYAT CHENARI 821104,Abhishek Bharti (NAGAR PANCHAYAT CHENARI),EXECUTIVE OFFICER,NAGAR PANCHAYAT CHENARI,30800.0,5000.0,590.0,True,"{'Flood': 0, 'Embankment': 0, 'embkt': 0, 'Relief': 0, 'Erosion': 0, 'SDRF': 0, 'Inundation': 0, 'Hydrology': 0, 'Silt': 0, 'Siltation': 0, 'Bund': 0, 'Trench': 0, 'Breach': 0, 'Culvert': 0, 'Sluice': 0, 'Dyke': 0, 'Storm water drain': 0, 'Emergency': 0, 'Immediate': 0, 'IM': 0, 'AE': 0, 'A E': 0, 'AAPDA MITRA': 0, 'Bridge': 0, 'River': 0, 'Drain': 2, 'Restoration': 0, 'Protection': 0, 'irr': 0, 'irrigation': 0, 'dam': 0, 'Nallah': 0, 'nala': 0, 'Retrofitting': 0, 'Pond': 0, 'Pokhari': 0, 'D/C': 0, 'Recharge shaft': 0, 'LFB': 0, 'RFB': 0}","{'Floodlight': 0, 'Flood Light': 0, 'GAS': 0, 'FIFA': 0, 'pipe': 0, 'pipes': 0, 'covid': 0, 'supply': 0, 'Beautification': 0, 'Installation': 0}",,,False,True,Immediate Measures
73923,NIT NO. 05/2024-25/NP CHENARI/GR11,"Construction of P.C.C road & R.C.C  drain from  house of Birbal Kumhar to  house of Munna Kumhar in ward no.-9  under, Nagar Panchayat, Chenari","Construction of P.C.C road & R.C.C  drain from  house of Birbal Kumhar to  house of Munna Kumhar in ward no.-9  under, Nagar Panchayat, Chenari",972300.0,INR,INR,2024-10-03 12:00:36+00:00,2024-10-03T11:57:33.528000+00:00,2025-04-28T16:14:39+00:00,Abhishek Bharti (NAGAR PANCHAYAT CHENARI),EXECUTIVE OFFICER,NAGAR PANCHAYAT CHENARI,NAGAR PANCHAYAT CHENARI 821104,Abhishek Bharti (NAGAR PANCHAYAT CHENARI),EXECUTIVE OFFICER,NAGAR PANCHAYAT CHENARI,19500.0,1250.0,590.0,True,"{'Flood': 0, 'Embankment': 0, 'embkt': 0, 'Relief': 0, 'Erosion': 0, 'SDRF': 0, 'Inundation': 0, 'Hydrology': 0, 'Silt': 0, 'Siltation': 0, 'Bund': 0, 'Trench': 0, 'Breach': 0, 'Culvert': 0, 'Sluice': 0, 'Dyke': 0, 'Storm water drain': 0, 'Emergency': 0, 'Immediate': 0, 'IM': 0, 'AE': 0, 'A E': 0, 'AAPDA MITRA': 0, 'Bridge': 0, 'River': 0, 'Drain': 2, 'Restoration': 0, 'Protection': 0, 'irr': 0, 'irrigation': 0, 'dam': 0, 'Nallah': 0, 'nala': 0, 'Retrofitting': 0, 'Pond': 0, 'Pokhari': 0, 'D/C': 0, 'Recharge shaft': 0, 'LFB': 0, 'RFB': 0}","{'Floodlight': 0, 'Flood Light': 0, 'GAS': 0, 'FIFA': 0, 'pipe': 0, 'pipes': 0, 'covid': 0, 'supply': 0, 'Beautification': 0, 'Installation': 0}",,,False,True,Immediate Measures
73927,NIT NO. 05/2024-25/NP CHENARI/GR14,"Construction of P.C.C road & R.C.C drain from  house of Amirchand Halwai to house of Mahavir Halwai in ward no.-12 under, Nagar Panchayat, Chenari","Construction of P.C.C road & R.C.C drain from  house of Amirchand Halwai to house of Mahavir Halwai in ward no.-12 under, Nagar Panchayat, Chenari",2478500.0,INR,INR,2024-10-03 12:11:07+00:00,2024-10-03T12:08:13.721000+00:00,2025-04-28T14:22:05+00:00,Abhishek Bharti (NAGAR PANCHAYAT CHENARI),EXECUTIVE OFFICER,NAGAR PANCHAYAT CHENARI,NAGAR PANCHAYAT CHENARI 821104,Abhishek Bharti (NAGAR PANCHAYAT CHENARI),EXECUTIVE OFFICER,NAGAR PANCHAYAT CHENARI,49600.0,5000.0,590.0,True,"{'Flood': 0, 'Embankment': 0, 'embkt': 0, 'Relief': 0, 'Erosion': 0, 'SDRF': 0, 'Inundation': 0, 'Hydrology': 0, 'Silt': 0, 'Siltation': 0, 'Bund': 0, 'Trench': 0, 'Breach': 0, 'Culvert': 0, 'Sluice': 0, 'Dyke': 0, 'Storm water drain': 0, 'Emergency': 0, 'Immediate': 0, 'IM': 0, 'AE': 0, 'A E': 0, 'AAPDA MITRA': 0, 'Bridge': 0, 'River': 0, 'Drain': 2, 'Restoration': 0, 'Protection': 0, 'irr': 0, 'irrigation': 0, 'dam': 0, 'Nallah': 0, 'nala': 0, 'Retrofitting': 0, 'Pond': 0, 'Pokhari': 0, 'D/C': 0, 'Recharge shaft': 0, 'LFB': 0, 'RFB': 0}","{'Floodlight': 0, 'Flood Light': 0, 'GAS': 0, 'FIFA': 0, 'pipe': 0, 'pipes': 0, 'covid': 0, 'supply': 0, 'Beautification': 0, 'Installation': 0}",,,False,True,Immediate Measures
73930,NIT NO. 05/2024-25/NP CHENARI/GR15,"Construction of  R.C.C  drain from  house of Ajmal Ansari to shop of Slaudin Ansari in ward no.-13  under, Nagar Panchayat, Chenari","Construction of  R.C.C  drain from  house of Ajmal Ansari to shop of Slaudin Ansari in ward no.-13  under, Nagar Panchayat, Chenari",1811900.0,INR,INR,2024-10-03 12:13:50+00:00,2024-10-03T12:11:19.114000+00:00,2025-04-28T14:19:58+00:00,Abhishek Bharti (NAGAR PANCHAYAT CHENARI),EXECUTIVE OFFICER,NAGAR PANCHAYAT CHENARI,NAGAR PANCHAYAT CHENARI 821104,Abhishek Bharti (NAGAR PANCHAYAT CHENARI),EXECUTIVE OFFICER,NAGAR PANCHAYAT CHENARI,36300.0,5000.0,590.0,True,"{'Flood': 0, 'Embankment': 0, 'embkt': 0, 'Relief': 0, 'Erosion': 0, 'SDRF': 0, 'Inundation': 0, 'Hydrology': 0, 'Silt': 0, 'Siltation': 0, 'Bund': 0, 'Trench': 0, 'Breach': 0, 'Culvert': 0, 'Sluice': 0, 'Dyke': 0, 'Storm water drain': 0, 'Emergency': 0, 'Immediate': 0, 'IM': 0, 'AE': 0, 'A E': 0, 'AAPDA MITRA': 0, 'Bridge': 0, 'River': 0, 'Drain': 2, 'Restoration': 0, 'Protection': 0, 'irr': 0, 'irrigation': 0, 'dam': 0, 'Nallah': 0, 'nala': 0, 'Retrofitting': 0, 'Pond': 0, 'Pokhari': 0, 'D/C': 0, 'Recharge shaft': 0, 'LFB': 0, 'RFB': 0}","{'Floodlight': 0, 'Flood Light': 0, 'GAS': 0, 'FIFA': 0, 'pipe': 0, 'pipes': 0, 'covid': 0, 'supply': 0, 'Beautification': 0, 'Installation': 0}",,,False,True,Immediate Measures
73931,NIT NO. 05/2024-25/NP CHENARI/GR16,"Construction of  R.C.C drain from the house of Jitendra Ram to  house of Sadan Ram in ward no.-14 under, Nagar Panchayat, Chenari","Construction of  R.C.C drain from the house of Jitendra Ram to  house of Sadan Ram in ward no.-14 under, Nagar Panchayat, Chenari",680800.0,INR,INR,2024-10-03 12:16:38+00:00,2024-10-03T12:13:59.861000+00:00,2025-04-28T14:18:09+00:00,Abhishek Bharti (NAGAR PANCHAYAT CHENARI),EXECUTIVE OFFICER,NAGAR PANCHAYAT CHENARI,NAGAR PANCHAYAT CHENARI 821104,Abhishek Bharti (NAGAR PANCHAYAT CHENARI),EXECUTIVE OFFICER,NAGAR PANCHAYAT CHENARI,13700.0,1250.0,590.0,True,"{'Flood': 0, 'Embankment': 0, 'embkt': 0, 'Relief': 0, 'Erosion': 0, 'SDRF': 0, 'Inundation': 0, 'Hydrology': 0, 'Silt': 0, 'Siltation': 0, 'Bund': 0, 'Trench': 0, 'Breach': 0, 'Culvert': 0, 'Sluice': 0, 'Dyke': 0, 'Storm water drain': 0, 'Emergency': 0, 'Immediate': 0, 'IM': 0, 'AE': 0, 'A E': 0, 'AAPDA MITRA': 0, 'Bridge': 0, 'River': 0, 'Drain': 2, 'Restoration': 0, 'Protection': 0, 'irr': 0, 'irrigation': 0, 'dam': 0, 'Nallah': 0, 'nala': 0, 'Retrofitting': 0, 'Pond': 0, 'Pokhari': 0, 'D/C': 0, 'Recharge shaft': 0, 'LFB': 0, 'RFB': 0}","{'Floodlight': 0, 'Flood Light': 0, 'GAS': 0, 'FIFA': 0, 'pipe': 0, 'pipes': 0, 'covid': 0, 'supply': 0, 'Beautification': 0, 'Installation': 0}",,,False,True,Immediate Measures
74038,RE-TENDER/28/ET/BCD/GOPALGANJ/2024-25 GR-01,"CONSTRUCTION OF FLOOD REHABITATION CUM PANCHAYAT SARKAR BHAWAN AT MAHUAWA (ONE NOS) IN BLOCK - PANCHDEORI , DISTT- GOPALGANJ (WITH ELECTRICAL)","CONSTRUCTION OF FLOOD REHABITATION CUM PANCHAYAT SARKAR BHAWAN AT MAHUAWA (ONE NOS) IN BLOCK - PANCHDEORI , DISTT- GOPALGANJ (WITH ELECTRICAL)",29617227.0,INR,INR,2024-10-04 11:08:25+00:00,2024-10-04T04:50:25.998000+00:00,2024-10-30T05:54:51+00:00,"Executive Engineer, BUILDING DIVISION GOPALGANJ",EE,Building Division Gopalganj,"EE, Building Division Gopalganj, BCD","Superintending Engineer, Building Circle Chapra",SE,"Superintending Engineer, Building Circle Chapra",592500.0,10000.0,3540.0,True,"{'Flood': 2, 'Embankment': 0, 'embkt': 0, 'Relief': 0, 'Erosion': 0, 'SDRF': 0, 'Inundation': 0, 'Hydrology': 0, 'Silt': 0, 'Siltation': 0, 'Bund': 0, 'Trench': 0, 'Breach': 0, 'Culvert': 0, 'Sluice': 0, 'Dyke': 0, 'Storm water drain': 0, 'Emergency': 0, 'Immediate': 0, 'IM': 0, 'AE': 0, 'A E': 0, 'AAPDA MITRA': 0, 'Bridge': 0, 'River': 0, 'Drain': 0, 'Restoration': 0, 'Protection': 0, 'irr': 0, 'irrigation': 0, 'dam': 0, 'Nallah': 0, 'nala': 0, 'Retrofitting': 0, 'Pond': 0, 'Pokhari': 0, 'D/C': 0, 'Recharge shaft': 0, 'LFB': 0, 'RFB': 0}","{'Floodlight': 0, 'Flood Light': 0, 'GAS': 0, 'FIFA': 0, 'pipe': 0, 'pipes': 0, 'covid': 0, 'supply': 0, 'Beautification': 0, 'Installation': 0}",,,False,False,Immediate Measures
74043,E-Tender Notice No. 13/2024-25 (GR-01) LKR,"Construction work of road with total length of 1150 feet from the bridge near the pump house of Suryagarha block to the small gate of the boundary behind the high school, Manikpur.","Construction work of road with total length of 1150 feet from the bridge near the pump house of Suryagarha block to the small gate of the boundary behind the high school, Manikpur.",1980244.0,INR,INR,2024-10-04 05:56:08+00:00,2024-10-04T05:30:58.168000+00:00,2024-12-26T13:04:09+00:00,Narad Kumar Das,Executive Engineer,PLANNING AND DEVELOPMENT LOCAL AREA ENGINEERING ORGANISATION,"Planning and Development Executive Engineer, L.A.E.O., W.D. 01, Munger",Narad Kumar Das,EXECUTIVE ENGINEER,LAEO WORKS DIVISION-01 LAKHISARAI,39700.0,5000.0,590.0,True,"{'Flood': 0, 'Embankment': 0, 'embkt': 0, 'Relief': 0, 'Erosion': 0, 'SDRF': 0, 'Inundation': 0, 'Hydrology': 0, 'Silt': 0, 'Siltation': 0, 'Bund': 0, 'Trench': 0, 'Breach': 0, 'Culvert': 0, 'Sluice': 0, 'Dyke': 0, 'Storm water drain': 0, 'Emergency': 0, 'Immediate': 0, 'IM': 0, 'AE': 0, 'A E': 0, 'AAPDA MITRA': 0, 'Bridge': 2, 'River': 0, 'Drain': 0, 'Restoration': 0, 'Protection': 0, 'irr': 0, 'irrigation': 0, 'dam': 0, 'Nallah': 0, 'nala': 0, 'Retrofitting': 0, 'Pond': 0, 'Pokhari': 0, 'D/C': 0, 'Recharge shaft': 0, 'LFB': 0, 'RFB': 0}","{'Floodlight': 0, 'Flood Light': 0, 'GAS': 0, 'FIFA': 0, 'pipe': 0, 'pipes': 0, 'covid': 0, 'supply': 0, 'Beautification': 0, 'Installation': 0}",,,False,True,Immediate Measures
74039,RE-TENDER/28/ET/BCD/GOPALGANJ/2024-25 GR-02,"CONSTRUCTION OF FLOOD REHABITATION CUM PANCHAYAT SARKAR BHAWAN AT DHATIWNA, VIDESHI TOLA , LACHHWAR , SEMRA & INDRAWA ABDULAH (05) IN BLOCK - THAWE , DISTT- GOPALGANJ (WITH ELECTRICAL)","CONSTRUCTION OF FLOOD REHABITATION CUM PANCHAYAT SARKAR BHAWAN AT DHATIWNA, VIDESHI TOLA , LACHHWAR , SEMRA & INDRAWA ABDULAH (05) IN BLOCK - THAWE , DISTT- GOPALGANJ (WITH ELECTRICAL)",145830371.0,INR,INR,2024-10-04 11:10:06+00:00,2024-10-04T04:50:50.779000+00:00,2024-10-30T05:55:41+00:00,"Executive Engineer, BUILDING DIVISION GOPALGANJ",EE,Building Division Gopalganj,"EE, Building Division Gopalganj, BCD","Superintending Engineer, Building Circle Chapra",SE,"Superintending Engineer, Building Circle Chapra",2458500.0,10000.0,5900.0,True,"{'Flood': 2, 'Embankment': 0, 'embkt': 0, 'Relief': 0, 'Erosion': 0, 'SDRF': 0, 'Inundation': 0, 'Hydrology': 0, 'Silt': 0, 'Siltation': 0, 'Bund': 0, 'Trench': 0, 'Breach': 0, 'Culvert': 0, 'Sluice': 0, 'Dyke': 0, 'Storm water drain': 0, 'Emergency': 0, 'Immediate': 0, 'IM': 0, 'AE': 0, 'A E': 0, 'AAPDA MITRA': 0, 'Bridge': 0, 'River': 0, 'Drain': 0, 'Restoration': 0, 'Protection': 0, 'irr': 0, 'irrigation': 0, 'dam': 0, 'Nallah': 0, 'nala': 0, 'Retrofitting': 0, 'Pond': 0, 'Pokhari': 0, 'D/C': 0, 'Recharge shaft': 0, 'LFB': 0, 'RFB': 0}","{'Floodlight': 0, 'Flood Light': 0, 'GAS': 0, 'FIFA': 0, 'pipe': 0, 'pipes': 0, 'covid': 0, 'supply': 0, 'Beautification': 0, 'Installation': 0}",,,False,False,Immediate Measures
74057,NIT-06/2024-25?GR01,Construction of drain with road from Md. Jabbar Ansari house to Md. Shamshad Ali ansari house at ward no- 18 Under N P Supaul. (Re Tender),Construction of drain with road from Md. Jabbar Ansari house to Md. Shamshad Ali ansari house at ward no- 18 Under N P Supaul. (Re Tender),1003000.0,INR,INR,2024-10-04 06:35:16+00:00,2024-10-04T06:26:22.575000+00:00,2025-02-19T03:47:09+00:00,ARVIND KUMAR SINGH,Executive Offier Nagar Parishad Supaul,Nagar Parishad Supaul,Ward no 04 Near Bus Stand Supaul,ARVIND KUMAR SINGH,"Executive Officer ,N P Supaul",Nagar Parishad Supaul,20100.0,2500.0,590.0,True,"{'Flood': 0, 'Embankment': 0, 'embkt': 0, 'Relief': 0, 'Erosion': 0, 'SDRF': 0, 'Inundation': 0, 'Hydrology': 0, 'Silt': 0, 'Siltation': 0, 'Bund': 0, 'Trench': 0, 'Breach': 0, 'Culvert': 0, 'Sluice': 0, 'Dyke': 0, 'Storm water drain': 0, 'Emergency': 0, 'Immediate': 0, 'IM': 0, 'AE': 0, 'A E': 0, 'AAPDA MITRA': 0, 'Bridge': 0, 'River': 0, 'Drain': 2, 'Restoration': 0, 'Protection': 0, 'irr': 0, 'irrigation': 0, 'dam': 0, 'Nallah': 0, 'nala': 0, 'Retrofitting': 0, 'Pond': 0, 'Pokhari': 0, 'D/C': 0, 'Recharge shaft': 0, 'LFB': 0, 'RFB': 0}","{'Floodlight': 0, 'Flood Light': 0, 'GAS': 0, 'FIFA': 0, 'pipe': 0, 'pipes': 0, 'covid': 0, 'supply': 0, 'Beautification': 0, 'Installation': 0}",,,False,True,Immediate Measures
74067,NIT-06/2024-25/BBU/GP-09,Construction work of PCC road and drain from the house of Miyanuddin Ansari to the house of Mukhlal Vakil in Ward No. 9,Construction work of PCC road and drain from the house of Miyanuddin Ansari to the house of Mukhlal Vakil in Ward No. 9,1656719.0,INR,INR,2024-10-04 07:34:44+00:00,2024-10-04T07:30:04.237000+00:00,2024-12-27T10:19:16+00:00,Sanjay Upadhyay,EO BHABHUA,NAGAR PARISHAD BHABHUA,NAGAR PARISHAD BHABHUA WARD NO-12 BHABHUA,Sanjay Upadhyay,EO BHABHUA,NAGAR PARISHAD BHABHUA,33200.0,2500.0,590.0,True,"{'Flood': 0, 'Embankment': 0, 'embkt': 0, 'Relief': 0, 'Erosion': 0, 'SDRF': 0, 'Inundation': 0, 'Hydrology': 0, 'Silt': 0, 'Siltation': 0, 'Bund': 0, 'Trench': 0, 'Breach': 0, 'Culvert': 0, 'Sluice': 0, 'Dyke': 0, 'Storm water drain': 0, 'Emergency': 0, 'Immediate': 0, 'IM': 0, 'AE': 0, 'A E': 0, 'AAPDA MITRA': 0, 'Bridge': 0, 'River': 0, 'Drain': 2, 'Restoration': 0, 'Protection': 0, 'irr': 0, 'irrigation': 0, 'dam': 0, 'Nallah': 0, 'nala': 0, 'Retrofitting': 0, 'Pond': 0, 'Pokhari': 0, 'D/C': 0, 'Recharge shaft': 0, 'LFB': 0, 'RFB': 0}","{'Floodlight': 0, 'Flood Light': 0, 'GAS': 0, 'FIFA': 0, 'pipe': 0, 'pipes': 0, 'covid': 0, 'supply': 0, 'Beautification': 0, 'Installation': 0}",,,False,True,Others
74069,NIT-06/2024-25/BBU/GP-10,Construction work of PCC road and drain from Tej Bahadur's Mall to Jahangir Gaddi's house in Ward No. 10,Construction work of PCC road and drain from Tej Bahadur's Mall to Jahangir Gaddi's house in Ward No. 10,2177872.0,INR,INR,2024-10-04 07:47:26+00:00,2024-10-04T07:38:12.366000+00:00,2024-12-27T10:21:34+00:00,Sanjay Upadhyay,EO BHABHUA,NAGAR PARISHAD BHABHUA,NAGAR PARISHAD BHABHUA WARD NO-12 BHABHUA,Sanjay Upadhyay,EO BHABHUA,NAGAR PARISHAD BHABHUA,43600.0,5000.0,590.0,True,"{'Flood': 0, 'Embankment': 0, 'embkt': 0, 'Relief': 0, 'Erosion': 0, 'SDRF': 0, 'Inundation': 0, 'Hydrology': 0, 'Silt': 0, 'Siltation': 0, 'Bund': 0, 'Trench': 0, 'Breach': 0, 'Culvert': 0, 'Sluice': 0, 'Dyke': 0, 'Storm water drain': 0, 'Emergency': 0, 'Immediate': 0, 'IM': 0, 'AE': 0, 'A E': 0, 'AAPDA MITRA': 0, 'Bridge': 0, 'River': 0, 'Drain': 2, 'Restoration': 0, 'Protection': 0, 'irr': 0, 'irrigation': 0, 'dam': 0, 'Nallah': 0, 'nala': 0, 'Retrofitting': 0, 'Pond': 0, 'Pokhari': 0, 'D/C': 0, 'Recharge shaft': 0, 'LFB': 0, 'RFB': 0}","{'Floodlight': 0, 'Flood Light': 0, 'GAS': 0, 'FIFA': 0, 'pipe': 0, 'pipes': 0, 'covid': 0, 'supply': 0, 'Beautification': 0, 'Installation': 0}",,,False,True,Others
74081,NIT-06/2024-25/BBU/GP-16,Construction work of RCC drain cover including construction from Sudarshan Gupta's house to the main gate of Girls High School in ward number 16,Construction work of RCC drain cover including construction from Sudarshan Gupta's house to the main gate of Girls High School in ward number 16,1538900.0,INR,INR,2024-10-04 08:47:28+00:00,2024-10-04T08:43:10.454000+00:00,2024-12-27T10:43:07+00:00,Sanjay Upadhyay,EO BHABHUA,NAGAR PARISHAD BHABHUA,NAGAR PARISHAD BHABHUA WARD NO-12 BHABHUA,Sanjay Upadhyay,EO BHABHUA,NAGAR PARISHAD BHABHUA,30800.0,2500.0,590.0,True,"{'Flood': 0, 'Embankment': 0, 'embkt': 0, 'Relief': 0, 'Erosion': 0, 'SDRF': 0, 'Inundation': 0, 'Hydrology': 0, 'Silt': 0, 'Siltation': 0, 'Bund': 0, 'Trench': 0, 'Breach': 0, 'Culvert': 0, 'Sluice': 0, 'Dyke': 0, 'Storm water drain': 0, 'Emergency': 0, 'Immediate': 0, 'IM': 0, 'AE': 0, 'A E': 0, 'AAPDA MITRA': 0, 'Bridge': 0, 'River': 0, 'Drain': 2, 'Restoration': 0, 'Protection': 0, 'irr': 0, 'irrigation': 0, 'dam': 0, 'Nallah': 0, 'nala': 0, 'Retrofitting': 0, 'Pond': 0, 'Pokhari': 0, 'D/C': 0, 'Recharge shaft': 0, 'LFB': 0, 'RFB': 0}","{'Floodlight': 0, 'Flood Light': 0, 'GAS': 0, 'FIFA': 0, 'pipe': 0, 'pipes': 0, 'covid': 0, 'supply': 0, 'Beautification': 0, 'Installation': 0}",,,False,True,Others
74085,NIT-06/2024-25/BBU/GP-18,Road and drain construction work from Dhamendra Singh Peshkar's house to the front of Sanjay Kumar's house in ward number 18,Road and drain construction work from Dhamendra Singh Peshkar's house to the front of Sanjay Kumar's house in ward number 18,1349100.0,INR,INR,2024-10-04 08:59:37+00:00,2024-10-04T08:54:31.442000+00:00,2024-12-28T05:55:34+00:00,Sanjay Upadhyay,EO BHABHUA,NAGAR PARISHAD BHABHUA,NAGAR PARISHAD BHABHUA WARD NO-12 BHABHUA,Sanjay Upadhyay,EO BHABHUA,NAGAR PARISHAD BHABHUA,27000.0,1250.0,590.0,True,"{'Flood': 0, 'Embankment': 0, 'embkt': 0, 'Relief': 0, 'Erosion': 0, 'SDRF': 0, 'Inundation': 0, 'Hydrology': 0, 'Silt': 0, 'Siltation': 0, 'Bund': 0, 'Trench': 0, 'Breach': 0, 'Culvert': 0, 'Sluice': 0, 'Dyke': 0, 'Storm water drain': 0, 'Emergency': 0, 'Immediate': 0, 'IM': 0, 'AE': 0, 'A E': 0, 'AAPDA MITRA': 0, 'Bridge': 0, 'River': 0, 'Drain': 2, 'Restoration': 0, 'Protection': 0, 'irr': 0, 'irrigation': 0, 'dam': 0, 'Nallah': 0, 'nala': 0, 'Retrofitting': 0, 'Pond': 0, 'Pokhari': 0, 'D/C': 0, 'Recharge shaft': 0, 'LFB': 0, 'RFB': 0}","{'Floodlight': 0, 'Flood Light': 0, 'GAS': 0, 'FIFA': 0, 'pipe': 0, 'pipes': 0, 'covid': 0, 'supply': 0, 'Beautification': 0, 'Installation': 0}",,,False,True,Others
74076,NIT-06/2024-25/BBU/GP-13,Construction work of RCC drain from Buddhu Ram's house to Shiva temple in ward number-13,Construction work of RCC drain from Buddhu Ram's house to Shiva temple in ward number-13,2497800.0,INR,INR,2024-10-04 08:16:16+00:00,2024-10-04T08:09:04.072000+00:00,2024-10-14T11:31:00+00:00,Sanjay Upadhyay,EO BHABHUA,NAGAR PARISHAD BHABHUA,NAGAR PARISHAD BHABHUA WARD NO-12 BHABHUA,Sanjay Upadhyay,EO BHABHUA,NAGAR PARISHAD BHABHUA,50000.0,5000.0,590.0,True,"{'Flood': 0, 'Embankment': 0, 'embkt': 0, 'Relief': 0, 'Erosion': 0, 'SDRF': 0, 'Inundation': 0, 'Hydrology': 0, 'Silt': 0, 'Siltation': 0, 'Bund': 0, 'Trench': 0, 'Breach': 0, 'Culvert': 0, 'Sluice': 0, 'Dyke': 0, 'Storm water drain': 0, 'Emergency': 0, 'Immediate': 0, 'IM': 0, 'AE': 0, 'A E': 0, 'AAPDA MITRA': 0, 'Bridge': 0, 'River': 0, 'Drain': 2, 'Restoration': 0, 'Protection': 0, 'irr': 0, 'irrigation': 0, 'dam': 0, 'Nallah': 0, 'nala': 0, 'Retrofitting': 0, 'Pond': 0, 'Pokhari': 0, 'D/C': 0, 'Recharge shaft': 0, 'LFB': 0, 'RFB': 0}","{'Floodlight': 0, 'Flood Light': 0, 'GAS': 0, 'FIFA': 0, 'pipe': 0, 'pipes': 0, 'covid': 0, 'supply': 0, 'Beautification': 0, 'Installation': 0}",,,False,True,Others
74135,NIT No:- 15/2024-25,"Special Repair of Outer Part of Judicial Block A&B  including Fencing and Repair of Boundary wall, Drain and Campus Development work of Block- A,B&C Dist- Jamui.","Special Repair of Outer Part of Judicial Block A&B  including Fencing and Repair of Boundary wall, Drain and Campus Development work of Block- A,B&C Dist- Jamui.",3730881.0,INR,INR,2024-10-04 12:20:09+00:00,2024-10-04T11:17:56.181000+00:00,2024-11-21T10:22:11+00:00,Executive Engineer Building Division Jamui,Executive Engineer,Building Construction Department,Near DM Office jamui,Superintending Engineer Building Circle Munger,Superintending Engineer,Building Construction Department,75000.0,5000.0,590.0,True,"{'Flood': 0, 'Embankment': 0, 'embkt': 0, 'Relief': 0, 'Erosion': 0, 'SDRF': 0, 'Inundation': 0, 'Hydrology': 0, 'Silt': 0, 'Siltation': 0, 'Bund': 0, 'Trench': 0, 'Breach': 0, 'Culvert': 0, 'Sluice': 0, 'Dyke': 0, 'Storm water drain': 0, 'Emergency': 0, 'Immediate': 0, 'IM': 0, 'AE': 0, 'A E': 0, 'AAPDA MITRA': 0, 'Bridge': 0, 'River': 0, 'Drain': 2, 'Restoration': 0, 'Protection': 0, 'irr': 0, 'irrigation': 0, 'dam': 0, 'Nallah': 0, 'nala': 0, 'Retrofitting': 0, 'Pond': 0, 'Pokhari': 0, 'D/C': 0, 'Recharge shaft': 0, 'LFB': 0, 'RFB': 0}","{'Floodlight': 0, 'Flood Light': 0, 'GAS': 0, 'FIFA': 0, 'pipe': 0, 'pipes': 0, 'covid': 0, 'supply': 0, 'Beautification': 0, 'Installation': 0}",,,False,True,Repair and Restoration
74223,NIT-06/2024-25/BBU/GP-21,Construction work of PCC road and drain from the house of Dular Kushwaha to the house of Virendra Kushwaha in ward number-21,Construction work of PCC road and drain from the house of Dular Kushwaha to the house of Virendra Kushwaha in ward number-21,1198600.0,INR,INR,2024-10-04 14:18:11+00:00,2024-10-04T14:13:14.237000+00:00,2024-12-28T07:23:11+00:00,Sanjay Upadhyay,EO BHABHUA,NAGAR PARISHAD BHABHUA,NAGAR PARISHAD BHABHUA WARD NO-12 BHABHUA,Sanjay Upadhyay,EO BHABHUA,NAGAR PARISHAD BHABHUA,24000.0,1250.0,590.0,True,"{'Flood': 0, 'Embankment': 0, 'embkt': 0, 'Relief': 0, 'Erosion': 0, 'SDRF': 0, 'Inundation': 0, 'Hydrology': 0, 'Silt': 0, 'Siltation': 0, 'Bund': 0, 'Trench': 0, 'Breach': 0, 'Culvert': 0, 'Sluice': 0, 'Dyke': 0, 'Storm water drain': 0, 'Emergency': 0, 'Immediate': 0, 'IM': 0, 'AE': 0, 'A E': 0, 'AAPDA MITRA': 0, 'Bridge': 0, 'River': 0, 'Drain': 2, 'Restoration': 0, 'Protection': 0, 'irr': 0, 'irrigation': 0, 'dam': 0, 'Nallah': 0, 'nala': 0, 'Retrofitting': 0, 'Pond': 0, 'Pokhari': 0, 'D/C': 0, 'Recharge shaft': 0, 'LFB': 0, 'RFB': 0}","{'Floodlight': 0, 'Flood Light': 0, 'GAS': 0, 'FIFA': 0, 'pipe': 0, 'pipes': 0, 'covid': 0, 'supply': 0, 'Beautification': 0, 'Installation': 0}",,,False,True,Others
74227,NIT-06/2024-25/BBU/GP-24,Construction work of paver block road and NP-04 drain including main hole cover from Deepak Upadhyay's house to Santosh Gupta's house in ward no.24,Construction work of paver block road and NP-04 drain including main hole cover from Deepak Upadhyay's house to Santosh Gupta's house in ward no.24,1217400.0,INR,INR,2024-10-04 14:56:46+00:00,2024-10-04T14:51:11.494000+00:00,2024-12-28T07:32:59+00:00,Sanjay Upadhyay,EO BHABHUA,NAGAR PARISHAD BHABHUA,NAGAR PARISHAD BHABHUA WARD NO-12 BHABHUA,Sanjay Upadhyay,EO BHABHUA,NAGAR PARISHAD BHABHUA,24400.0,1250.0,590.0,True,"{'Flood': 0, 'Embankment': 0, 'embkt': 0, 'Relief': 0, 'Erosion': 0, 'SDRF': 0, 'Inundation': 0, 'Hydrology': 0, 'Silt': 0, 'Siltation': 0, 'Bund': 0, 'Trench': 0, 'Breach': 0, 'Culvert': 0, 'Sluice': 0, 'Dyke': 0, 'Storm water drain': 0, 'Emergency': 0, 'Immediate': 0, 'IM': 0, 'AE': 0, 'A E': 0, 'AAPDA MITRA': 0, 'Bridge': 0, 'River': 0, 'Drain': 2, 'Restoration': 0, 'Protection': 0, 'irr': 0, 'irrigation': 0, 'dam': 0, 'Nallah': 0, 'nala': 0, 'Retrofitting': 0, 'Pond': 0, 'Pokhari': 0, 'D/C': 0, 'Recharge shaft': 0, 'LFB': 0, 'RFB': 0}","{'Floodlight': 0, 'Flood Light': 0, 'GAS': 0, 'FIFA': 0, 'pipe': 0, 'pipes': 0, 'covid': 0, 'supply': 0, 'Beautification': 0, 'Installation': 0}",,,False,True,Others
74478,E-Tender Notice No. 03/2024-25 (GR-01),"Estimate for the Construction R.C.C Drain and road From Vishnu dev singh house in Ward No-01 to Jagdamba mil road via DR, arjun singh Fulwari in ward-01 at Nagar Parisad Barahiya.","Estimate for the Construction R.C.C Drain and road From Vishnu dev singh house in Ward No-01 to Jagdamba mil road via DR, arjun singh Fulwari in ward-01 at Nagar Parisad Barahiya.",6073500.0,INR,INR,2024-10-06 04:55:59+00:00,2024-10-06T04:28:52.276000+00:00,2025-07-04T06:00:56+00:00,"Ravi Kumar Arya Executive Officer Nagar Parishad, Barahiya","Executive Officer, N.P. Barahiya.","Nagar Parishad, Barahiya",New Chawani English,"Ravi Kumar Arya Executive Officer, Nagar Parishad, Barahiya","EXECUTIVE OFFICER, N.P. Barahiya.","Nagar Parishad, Barahiya",121500.0,10000.0,590.0,True,"{'Flood': 0, 'Embankment': 0, 'embkt': 0, 'Relief': 0, 'Erosion': 0, 'SDRF': 0, 'Inundation': 0, 'Hydrology': 0, 'Silt': 0, 'Siltation': 0, 'Bund': 0, 'Trench': 0, 'Breach': 0, 'Culvert': 0, 'Sluice': 0, 'Dyke': 0, 'Storm water drain': 0, 'Emergency': 0, 'Immediate': 0, 'IM': 0, 'AE': 0, 'A E': 0, 'AAPDA MITRA': 0, 'Bridge': 0, 'River': 0, 'Drain': 2, 'Restoration': 0, 'Protection': 0, 'irr': 0, 'irrigation': 0, 'dam': 0, 'Nallah': 0, 'nala': 0, 'Retrofitting': 0, 'Pond': 0, 'Pokhari': 0, 'D/C': 0, 'Recharge shaft': 0, 'LFB': 0, 'RFB': 0}","{'Floodlight': 0, 'Flood Light': 0, 'GAS': 0, 'FIFA': 0, 'pipe': 0, 'pipes': 0, 'covid': 0, 'supply': 0, 'Beautification': 0, 'Installation': 0}",,,False,True,Immediate Measures
74481,E-Tender Notice No. 03/2024-25 (GR-06),"Estimate for Construction of RCC Drain, Road, Culvert from primary School Tajpur to Railway Line West Shiv Mandir via Bahakuan in Ward No-24  Nagar Parishad, Barahiya.","Estimate for Construction of RCC Drain, Road, Culvert from primary School Tajpur to Railway Line West Shiv Mandir via Bahakuan in Ward No-24  Nagar Parishad, Barahiya.",6964800.0,INR,INR,2024-10-06 05:14:52+00:00,2024-10-06T05:09:50.202000+00:00,2025-05-05T11:55:25+00:00,"Ravi Kumar Arya Executive Officer Nagar Parishad, Barahiya","Executive Officer, N.P. Barahiya.","Nagar Parishad, Barahiya",New Chawani English,"Ravi Kumar Arya Executive Officer, Nagar Parishad, Barahiya","EXECUTIVE OFFICER, N.P. Barahiya.","Nagar Parishad, Barahiya",140000.0,10000.0,590.0,True,"{'Flood': 0, 'Embankment': 0, 'embkt': 0, 'Relief': 0, 'Erosion': 0, 'SDRF': 0, 'Inundation': 0, 'Hydrology': 0, 'Silt': 0, 'Siltation': 0, 'Bund': 0, 'Trench': 0, 'Breach': 0, 'Culvert': 2, 'Sluice': 0, 'Dyke': 0, 'Storm water drain': 0, 'Emergency': 0, 'Immediate': 0, 'IM': 0, 'AE': 0, 'A E': 0, 'AAPDA MITRA': 0, 'Bridge': 0, 'River': 0, 'Drain': 2, 'Restoration': 0, 'Protection': 0, 'irr': 0, 'irrigation': 0, 'dam': 0, 'Nallah': 0, 'nala': 0, 'Retrofitting': 0, 'Pond': 0, 'Pokhari': 0, 'D/C': 0, 'Recharge shaft': 0, 'LFB': 0, 'RFB': 0}","{'Floodlight': 0, 'Flood Light': 0, 'GAS': 0, 'FIFA': 0, 'pipe': 0, 'pipes': 0, 'covid': 0, 'supply': 0, 'Beautification': 0, 'Installation': 0}",,,False,True,Immediate Measures
74485,E-Tender Notice No. 02/2024-25 (GR-04),Estimate for the Construction R.C.C Drain and road from Subant Singh house to holi cross school via sitla sthan in ward no-15 at Nagar Parishad Barahiya.,Estimate for the Construction R.C.C Drain and road from Subant Singh house to holi cross school via sitla sthan in ward no-15 at Nagar Parishad Barahiya.,2899700.0,INR,INR,2024-10-06 06:01:46+00:00,2024-10-06T05:57:13.124000+00:00,2024-10-25T10:58:52+00:00,"Ravi Kumar Arya Executive Officer Nagar Parishad, Barahiya","Executive Officer, N.P. Barahiya.","Nagar Parishad, Barahiya",New Chawani English,"Ravi Kumar Arya Executive Officer, Nagar Parishad, Barahiya","EXECUTIVE OFFICER, N.P. Barahiya.","Nagar Parishad, Barahiya",58000.0,5000.0,590.0,True,"{'Flood': 0, 'Embankment': 0, 'embkt': 0, 'Relief': 0, 'Erosion': 0, 'SDRF': 0, 'Inundation': 0, 'Hydrology': 0, 'Silt': 0, 'Siltation': 0, 'Bund': 0, 'Trench': 0, 'Breach': 0, 'Culvert': 0, 'Sluice': 0, 'Dyke': 0, 'Storm water drain': 0, 'Emergency': 0, 'Immediate': 0, 'IM': 0, 'AE': 0, 'A E': 0, 'AAPDA MITRA': 0, 'Bridge': 0, 'River': 0, 'Drain': 2, 'Restoration': 0, 'Protection': 0, 'irr': 0, 'irrigation': 0, 'dam': 0, 'Nallah': 0, 'nala': 0, 'Retrofitting': 0, 'Pond': 0, 'Pokhari': 0, 'D/C': 0, 'Recharge shaft': 0, 'LFB': 0, 'RFB': 0}","{'Floodlight': 0, 'Flood Light': 0, 'GAS': 0, 'FIFA': 0, 'pipe': 0, 'pipes': 0, 'covid': 0, 'supply': 0, 'Beautification': 0, 'Installation': 0}",,,False,True,Immediate Measures
74482,E-Tender Notice No. 02/2024-25 (GR-01),"Estimate for the Construction R.C.C Drain and road From Near of babu singh house, gangtiri and small street in nagar parishad barahiya ward no-02","Estimate for the Construction R.C.C Drain and road From Near of babu singh house, gangtiri and small street in nagar parishad barahiya ward no-02",2916000.0,INR,INR,2024-10-06 05:41:41+00:00,2024-10-06T05:30:49.925000+00:00,2024-10-17T09:31:32+00:00,"Ravi Kumar Arya Executive Officer Nagar Parishad, Barahiya","Executive Officer, N.P. Barahiya.","Nagar Parishad, Barahiya",New Chawani English,"Ravi Kumar Arya Executive Officer, Nagar Parishad, Barahiya","EXECUTIVE OFFICER, N.P. Barahiya.","Nagar Parishad, Barahiya",58500.0,5000.0,590.0,True,"{'Flood': 0, 'Embankment': 0, 'embkt': 0, 'Relief': 0, 'Erosion': 0, 'SDRF': 0, 'Inundation': 0, 'Hydrology': 0, 'Silt': 0, 'Siltation': 0, 'Bund': 0, 'Trench': 0, 'Breach': 0, 'Culvert': 0, 'Sluice': 0, 'Dyke': 0, 'Storm water drain': 0, 'Emergency': 0, 'Immediate': 0, 'IM': 0, 'AE': 0, 'A E': 0, 'AAPDA MITRA': 0, 'Bridge': 0, 'River': 0, 'Drain': 2, 'Restoration': 0, 'Protection': 0, 'irr': 0, 'irrigation': 0, 'dam': 0, 'Nallah': 0, 'nala': 0, 'Retrofitting': 0, 'Pond': 0, 'Pokhari': 0, 'D/C': 0, 'Recharge shaft': 0, 'LFB': 0, 'RFB': 0}","{'Floodlight': 0, 'Flood Light': 0, 'GAS': 0, 'FIFA': 0, 'pipe': 0, 'pipes': 0, 'covid': 0, 'supply': 0, 'Beautification': 0, 'Installation': 0}",,,False,True,Immediate Measures
74489,E-Tender Notice No. 02/2024-25 (GR-11),"Estimate for Construction of RCC drain from petrol pump, nagwati sthan to bhado babu pul tak in  Nagar Parishad Barahiya.","Estimate for Construction of RCC drain from petrol pump, nagwati sthan to bhado babu pul tak in  Nagar Parishad Barahiya.",4987200.0,INR,INR,2024-10-06 06:26:52+00:00,2024-10-06T06:23:19.231000+00:00,2024-10-25T10:51:24+00:00,"Ravi Kumar Arya Executive Officer Nagar Parishad, Barahiya","Executive Officer, N.P. Barahiya.","Nagar Parishad, Barahiya",New Chawani English,"Ravi Kumar Arya Executive Officer, Nagar Parishad, Barahiya","EXECUTIVE OFFICER, N.P. Barahiya.","Nagar Parishad, Barahiya",100000.0,5000.0,590.0,True,"{'Flood': 0, 'Embankment': 0, 'embkt': 0, 'Relief': 0, 'Erosion': 0, 'SDRF': 0, 'Inundation': 0, 'Hydrology': 0, 'Silt': 0, 'Siltation': 0, 'Bund': 0, 'Trench': 0, 'Breach': 0, 'Culvert': 0, 'Sluice': 0, 'Dyke': 0, 'Storm water drain': 0, 'Emergency': 0, 'Immediate': 0, 'IM': 0, 'AE': 0, 'A E': 0, 'AAPDA MITRA': 0, 'Bridge': 0, 'River': 0, 'Drain': 2, 'Restoration': 0, 'Protection': 0, 'irr': 0, 'irrigation': 0, 'dam': 0, 'Nallah': 0, 'nala': 0, 'Retrofitting': 0, 'Pond': 0, 'Pokhari': 0, 'D/C': 0, 'Recharge shaft': 0, 'LFB': 0, 'RFB': 0}","{'Floodlight': 0, 'Flood Light': 0, 'GAS': 0, 'FIFA': 0, 'pipe': 0, 'pipes': 0, 'covid': 0, 'supply': 0, 'Beautification': 0, 'Installation': 0}",,,False,True,Immediate Measures
74483,E-Tender Notice No. 02/2024-25 (GR-02),Estimate for the Construction R.C.C Drain and road From Deepak singh house to kanhaiya singh bathan via Rajeev singh house in ward-06 at Nagar Parisad Barahiya.,Estimate for the Construction R.C.C Drain and road From Deepak singh house to kanhaiya singh bathan via Rajeev singh house in ward-06 at Nagar Parisad Barahiya.,1651500.0,INR,INR,2024-10-06 05:49:44+00:00,2024-10-06T05:42:04.321000+00:00,2024-10-25T11:02:17+00:00,"Ravi Kumar Arya Executive Officer Nagar Parishad, Barahiya","Executive Officer, N.P. Barahiya.","Nagar Parishad, Barahiya",New Chawani English,"Ravi Kumar Arya Executive Officer, Nagar Parishad, Barahiya","EXECUTIVE OFFICER, N.P. Barahiya.","Nagar Parishad, Barahiya",33500.0,5000.0,590.0,True,"{'Flood': 0, 'Embankment': 0, 'embkt': 0, 'Relief': 0, 'Erosion': 0, 'SDRF': 0, 'Inundation': 0, 'Hydrology': 0, 'Silt': 0, 'Siltation': 0, 'Bund': 0, 'Trench': 0, 'Breach': 0, 'Culvert': 0, 'Sluice': 0, 'Dyke': 0, 'Storm water drain': 0, 'Emergency': 0, 'Immediate': 0, 'IM': 0, 'AE': 0, 'A E': 0, 'AAPDA MITRA': 0, 'Bridge': 0, 'River': 0, 'Drain': 2, 'Restoration': 0, 'Protection': 0, 'irr': 0, 'irrigation': 0, 'dam': 0, 'Nallah': 0, 'nala': 0, 'Retrofitting': 0, 'Pond': 0, 'Pokhari': 0, 'D/C': 0, 'Recharge shaft': 0, 'LFB': 0, 'RFB': 0}","{'Floodlight': 0, 'Flood Light': 0, 'GAS': 0, 'FIFA': 0, 'pipe': 0, 'pipes': 0, 'covid': 0, 'supply': 0, 'Beautification': 0, 'Installation': 0}",,,False,True,Immediate Measures
74484,E-Tender Notice No. 02/2024-25 (GR-03),Construction work of PCC road and drain from Lalan Babu's house in Ward No. 07 to Balmiki Singh Suresh Singh house via Ramchandra Singh house in Nagar Parishad Barahiya,Construction work of PCC road and drain from Lalan Babu's house in Ward No. 07 to Balmiki Singh Suresh Singh house via Ramchandra Singh house in Nagar Parishad Barahiya,2495003.0,INR,INR,2024-10-06 05:56:57+00:00,2024-10-06T05:50:03.038000+00:00,2024-10-25T11:00:53+00:00,"Ravi Kumar Arya Executive Officer Nagar Parishad, Barahiya","Executive Officer, N.P. Barahiya.","Nagar Parishad, Barahiya",New Chawani English,"Ravi Kumar Arya Executive Officer, Nagar Parishad, Barahiya","EXECUTIVE OFFICER, N.P. Barahiya.","Nagar Parishad, Barahiya",50000.0,5000.0,590.0,True,"{'Flood': 0, 'Embankment': 0, 'embkt': 0, 'Relief': 0, 'Erosion': 0, 'SDRF': 0, 'Inundation': 0, 'Hydrology': 0, 'Silt': 0, 'Siltation': 0, 'Bund': 0, 'Trench': 0, 'Breach': 0, 'Culvert': 0, 'Sluice': 0, 'Dyke': 0, 'Storm water drain': 0, 'Emergency': 0, 'Immediate': 0, 'IM': 0, 'AE': 0, 'A E': 0, 'AAPDA MITRA': 0, 'Bridge': 0, 'River': 0, 'Drain': 2, 'Restoration': 0, 'Protection': 0, 'irr': 0, 'irrigation': 0, 'dam': 0, 'Nallah': 0, 'nala': 0, 'Retrofitting': 0, 'Pond': 0, 'Pokhari': 0, 'D/C': 0, 'Recharge shaft': 0, 'LFB': 0, 'RFB': 0}","{'Floodlight': 0, 'Flood Light': 0, 'GAS': 0, 'FIFA': 0, 'pipe': 0, 'pipes': 0, 'covid': 0, 'supply': 0, 'Beautification': 0, 'Installation': 0}",,,False,True,Immediate Measures
74488,E-Tender Notice No. 02/2024-25 (GR-09),Estimate for Construction of RCC Drain and Road Restoration from Tajpur Bajranbali Shivala to NH-80 via Bom Jha house in Ward no-24 Under Nagar Parishad Barahiya.,Estimate for Construction of RCC Drain and Road Restoration from Tajpur Bajranbali Shivala to NH-80 via Bom Jha house in Ward no-24 Under Nagar Parishad Barahiya.,4984500.0,INR,INR,2024-10-06 06:22:59+00:00,2024-10-06T06:19:27.866000+00:00,2024-10-25T10:53:07+00:00,"Ravi Kumar Arya Executive Officer Nagar Parishad, Barahiya","Executive Officer, N.P. Barahiya.","Nagar Parishad, Barahiya",New Chawani English,"Ravi Kumar Arya Executive Officer, Nagar Parishad, Barahiya","EXECUTIVE OFFICER, N.P. Barahiya.","Nagar Parishad, Barahiya",100000.0,5000.0,590.0,True,"{'Flood': 0, 'Embankment': 0, 'embkt': 0, 'Relief': 0, 'Erosion': 0, 'SDRF': 0, 'Inundation': 0, 'Hydrology': 0, 'Silt': 0, 'Siltation': 0, 'Bund': 0, 'Trench': 0, 'Breach': 0, 'Culvert': 0, 'Sluice': 0, 'Dyke': 0, 'Storm water drain': 0, 'Emergency': 0, 'Immediate': 0, 'IM': 0, 'AE': 0, 'A E': 0, 'AAPDA MITRA': 0, 'Bridge': 0, 'River': 0, 'Drain': 2, 'Restoration': 2, 'Protection': 0, 'irr': 0, 'irrigation': 0, 'dam': 0, 'Nallah': 0, 'nala': 0, 'Retrofitting': 0, 'Pond': 0, 'Pokhari': 0, 'D/C': 0, 'Recharge shaft': 0, 'LFB': 0, 'RFB': 0}","{'Floodlight': 0, 'Flood Light': 0, 'GAS': 0, 'FIFA': 0, 'pipe': 0, 'pipes': 0, 'covid': 0, 'supply': 0, 'Beautification': 0, 'Installation': 0}",,,False,True,Immediate Measures
74486,E-Tender Notice No. 02/2024-25 (GR-05),Estimate for the Construction R.C.C Drain and road From Krishna mohan singh house to dhanajay singh house in ward-16 at nagar parisad Barahiya.,Estimate for the Construction R.C.C Drain and road From Krishna mohan singh house to dhanajay singh house in ward-16 at nagar parisad Barahiya.,2490900.0,INR,INR,2024-10-06 06:07:44+00:00,2024-10-06T06:02:49.913000+00:00,2024-10-25T10:57:09+00:00,"Ravi Kumar Arya Executive Officer Nagar Parishad, Barahiya","Executive Officer, N.P. Barahiya.","Nagar Parishad, Barahiya",New Chawani English,"Ravi Kumar Arya Executive Officer, Nagar Parishad, Barahiya","EXECUTIVE OFFICER, N.P. Barahiya.","Nagar Parishad, Barahiya",58000.0,5000.0,590.0,True,"{'Flood': 0, 'Embankment': 0, 'embkt': 0, 'Relief': 0, 'Erosion': 0, 'SDRF': 0, 'Inundation': 0, 'Hydrology': 0, 'Silt': 0, 'Siltation': 0, 'Bund': 0, 'Trench': 0, 'Breach': 0, 'Culvert': 0, 'Sluice': 0, 'Dyke': 0, 'Storm water drain': 0, 'Emergency': 0, 'Immediate': 0, 'IM': 0, 'AE': 0, 'A E': 0, 'AAPDA MITRA': 0, 'Bridge': 0, 'River': 0, 'Drain': 2, 'Restoration': 0, 'Protection': 0, 'irr': 0, 'irrigation': 0, 'dam': 0, 'Nallah': 0, 'nala': 0, 'Retrofitting': 0, 'Pond': 0, 'Pokhari': 0, 'D/C': 0, 'Recharge shaft': 0, 'LFB': 0, 'RFB': 0}","{'Floodlight': 0, 'Flood Light': 0, 'GAS': 0, 'FIFA': 0, 'pipe': 0, 'pipes': 0, 'covid': 0, 'supply': 0, 'Beautification': 0, 'Installation': 0}",,,False,True,Immediate Measures
74487,E-Tender Notice No. 02/2024-25 (GR-07),Estimate for the Construction R.C.C Drain and road From fakira chaudhary house to NH-80 via kalli mandir in ward-21 at Nagar Parisad Barahiya.,Estimate for the Construction R.C.C Drain and road From fakira chaudhary house to NH-80 via kalli mandir in ward-21 at Nagar Parisad Barahiya.,2475500.0,INR,INR,2024-10-06 06:17:01+00:00,2024-10-06T06:08:00.519000+00:00,2024-10-25T10:55:23+00:00,"Ravi Kumar Arya Executive Officer Nagar Parishad, Barahiya","Executive Officer, N.P. Barahiya.","Nagar Parishad, Barahiya",New Chawani English,"Ravi Kumar Arya Executive Officer, Nagar Parishad, Barahiya","EXECUTIVE OFFICER, N.P. Barahiya.","Nagar Parishad, Barahiya",58000.0,5000.0,590.0,True,"{'Flood': 0, 'Embankment': 0, 'embkt': 0, 'Relief': 0, 'Erosion': 0, 'SDRF': 0, 'Inundation': 0, 'Hydrology': 0, 'Silt': 0, 'Siltation': 0, 'Bund': 0, 'Trench': 0, 'Breach': 0, 'Culvert': 0, 'Sluice': 0, 'Dyke': 0, 'Storm water drain': 0, 'Emergency': 0, 'Immediate': 0, 'IM': 0, 'AE': 0, 'A E': 0, 'AAPDA MITRA': 0, 'Bridge': 0, 'River': 0, 'Drain': 2, 'Restoration': 0, 'Protection': 0, 'irr': 0, 'irrigation': 0, 'dam': 0, 'Nallah': 0, 'nala': 0, 'Retrofitting': 0, 'Pond': 0, 'Pokhari': 0, 'D/C': 0, 'Recharge shaft': 0, 'LFB': 0, 'RFB': 0}","{'Floodlight': 0, 'Flood Light': 0, 'GAS': 0, 'FIFA': 0, 'pipe': 0, 'pipes': 0, 'covid': 0, 'supply': 0, 'Beautification': 0, 'Installation': 0}",,,False,True,Immediate Measures
74490,E-Tender Notice No. 02/2024-25 (GR-12),Estimate for Construction of RCC drain from BSNL office ke aage chuhar chak pul in Nagar Parishad Barahiya.,Estimate for Construction of RCC drain from BSNL office ke aage chuhar chak pul in Nagar Parishad Barahiya.,4981500.0,INR,INR,2024-10-06 06:30:37+00:00,2024-10-06T06:27:12.963000+00:00,2024-10-25T09:08:52+00:00,"Ravi Kumar Arya Executive Officer Nagar Parishad, Barahiya","Executive Officer, N.P. Barahiya.","Nagar Parishad, Barahiya",New Chawani English,"Ravi Kumar Arya Executive Officer, Nagar Parishad, Barahiya","EXECUTIVE OFFICER, N.P. Barahiya.","Nagar Parishad, Barahiya",100000.0,5000.0,590.0,True,"{'Flood': 0, 'Embankment': 0, 'embkt': 0, 'Relief': 0, 'Erosion': 0, 'SDRF': 0, 'Inundation': 0, 'Hydrology': 0, 'Silt': 0, 'Siltation': 0, 'Bund': 0, 'Trench': 0, 'Breach': 0, 'Culvert': 0, 'Sluice': 0, 'Dyke': 0, 'Storm water drain': 0, 'Emergency': 0, 'Immediate': 0, 'IM': 0, 'AE': 0, 'A E': 0, 'AAPDA MITRA': 0, 'Bridge': 0, 'River': 0, 'Drain': 2, 'Restoration': 0, 'Protection': 0, 'irr': 0, 'irrigation': 0, 'dam': 0, 'Nallah': 0, 'nala': 0, 'Retrofitting': 0, 'Pond': 0, 'Pokhari': 0, 'D/C': 0, 'Recharge shaft': 0, 'LFB': 0, 'RFB': 0}","{'Floodlight': 0, 'Flood Light': 0, 'GAS': 0, 'FIFA': 0, 'pipe': 0, 'pipes': 0, 'covid': 0, 'supply': 0, 'Beautification': 0, 'Installation': 0}",,,False,True,Immediate Measures
74493,E-Tender Notice No. 02/2024-25 (GR-13),Estimate for Construction of RCC drain from bhado babu pul to bhapul  nagar seemant tak in Nagar Parishad Barahiya.,Estimate for Construction of RCC drain from bhado babu pul to bhapul  nagar seemant tak in Nagar Parishad Barahiya.,4991500.0,INR,INR,2024-10-06 06:50:56+00:00,2024-10-06T06:47:06.013000+00:00,2024-10-25T09:03:32+00:00,"Ravi Kumar Arya Executive Officer Nagar Parishad, Barahiya","Executive Officer, N.P. Barahiya.","Nagar Parishad, Barahiya",New Chawani English,"Ravi Kumar Arya Executive Officer, Nagar Parishad, Barahiya","EXECUTIVE OFFICER, N.P. Barahiya.","Nagar Parishad, Barahiya",100000.0,5000.0,590.0,True,"{'Flood': 0, 'Embankment': 0, 'embkt': 0, 'Relief': 0, 'Erosion': 0, 'SDRF': 0, 'Inundation': 0, 'Hydrology': 0, 'Silt': 0, 'Siltation': 0, 'Bund': 0, 'Trench': 0, 'Breach': 0, 'Culvert': 0, 'Sluice': 0, 'Dyke': 0, 'Storm water drain': 0, 'Emergency': 0, 'Immediate': 0, 'IM': 0, 'AE': 0, 'A E': 0, 'AAPDA MITRA': 0, 'Bridge': 0, 'River': 0, 'Drain': 2, 'Restoration': 0, 'Protection': 0, 'irr': 0, 'irrigation': 0, 'dam': 0, 'Nallah': 0, 'nala': 0, 'Retrofitting': 0, 'Pond': 0, 'Pokhari': 0, 'D/C': 0, 'Recharge shaft': 0, 'LFB': 0, 'RFB': 0}","{'Floodlight': 0, 'Flood Light': 0, 'GAS': 0, 'FIFA': 0, 'pipe': 0, 'pipes': 0, 'covid': 0, 'supply': 0, 'Beautification': 0, 'Installation': 0}",,,False,True,Immediate Measures
74494,"Re NIT-19/SBD/2024-25/PFPD, Anisabad","Construction of Conference Hall cum Guest House WRD Anisabad on departmental vacant land located near Jal Sansadhan Bhawan Anisabad Patna west of NH-30 under Punpun flood protection Division Anisabad of zone Chief Engineer, Flood Control and Drainage, Patna","Construction of Conference Hall cum Guest House WRD Anisabad on departmental vacant land located near Jal Sansadhan Bhawan Anisabad Patna west of NH-30 under Punpun flood protection Division Anisabad of zone Chief Engineer, Flood Control and Drainage, Patna",48622530.0,INR,INR,2024-10-06 09:33:04+00:00,2024-10-06T07:50:33.645000+00:00,2025-03-26T08:01:29+00:00,Ajay Kumar Singh,S.E. Patna,Water Resources Department,"Flood Control and Drainage Circle, Patna",Ajay Kumar Singh,S.E. (Patna),Water Resources Department,980000.0,10000.0,5900.0,True,"{'Flood': 4, 'Embankment': 0, 'embkt': 0, 'Relief': 0, 'Erosion': 0, 'SDRF': 0, 'Inundation': 0, 'Hydrology': 0, 'Silt': 0, 'Siltation': 0, 'Bund': 0, 'Trench': 0, 'Breach': 0, 'Culvert': 0, 'Sluice': 0, 'Dyke': 0, 'Storm water drain': 0, 'Emergency': 0, 'Immediate': 0, 'IM': 0, 'AE': 0, 'A E': 0, 'AAPDA MITRA': 0, 'Bridge': 0, 'River': 0, 'Drain': 0, 'Restoration': 0, 'Protection': 2, 'irr': 0, 'irrigation': 0, 'dam': 0, 'Nallah': 0, 'nala': 0, 'Retrofitting': 0, 'Pond': 0, 'Pokhari': 0, 'D/C': 0, 'Recharge shaft': 0, 'LFB': 0, 'RFB': 0}","{'Floodlight': 0, 'Flood Light': 0, 'GAS': 0, 'FIFA': 0, 'pipe': 0, 'pipes': 0, 'covid': 0, 'supply': 0, 'Beautification': 0, 'Installation': 0}",,,False,False,Preparedness Measures
74543,NIT03/2023-24/NPPHUL/Gr25,Construction of  Protaction wall In Majhkothiya Pond In Ward No. 11 at Nagar Panchayat Phulparas.,Construction of  Protaction wall In Majhkothiya Pond In Ward No. 11 at Nagar Panchayat Phulparas.,2236592.0,INR,INR,2024-10-07 11:30:15+00:00,2024-10-07T11:12:06.392000+00:00,2025-08-30T08:34:36+00:00,BINOD KUMAR,"BINOD KUMAR, EXECUTIVE OFFICER NP PHULPARAS",NAGAR PANCHAYAT PHULPARAS,PHULPARAS,BINOD KUMAR,"BINOD KUMAR, EXECUTIVE OFFICER NP PHULPARAS",NAGAR PANCHAYAT PHULPARAS,44800.0,5000.0,590.0,True,"{'Flood': 0, 'Embankment': 0, 'embkt': 0, 'Relief': 0, 'Erosion': 0, 'SDRF': 0, 'Inundation': 0, 'Hydrology': 0, 'Silt': 0, 'Siltation': 0, 'Bund': 0, 'Trench': 0, 'Breach': 0, 'Culvert': 0, 'Sluice': 0, 'Dyke': 0, 'Storm water drain': 0, 'Emergency': 0, 'Immediate': 0, 'IM': 0, 'AE': 0, 'A E': 0, 'AAPDA MITRA': 0, 'Bridge': 0, 'River': 0, 'Drain': 0, 'Restoration': 0, 'Protection': 0, 'irr': 0, 'irrigation': 0, 'dam': 0, 'Nallah': 0, 'nala': 0, 'Retrofitting': 0, 'Pond': 2, 'Pokhari': 0, 'D/C': 0, 'Recharge shaft': 0, 'LFB': 0, 'RFB': 0}","{'Floodlight': 0, 'Flood Light': 0, 'GAS': 0, 'FIFA': 0, 'pipe': 0, 'pipes': 0, 'covid': 0, 'supply': 0, 'Beautification': 0, 'Installation': 0}",,,False,False,Immediate Measures
74540,NIT03/2023-24/NPPHUL/Gr19,Construction of  P.C.C Road & Drain From  Kameshwar Sahu House to Bachchelal Sahu Shop in Ward No. 09 at Nagar Panchayat Phulparas.,Construction of  P.C.C Road & Drain From  Kameshwar Sahu House to Bachchelal Sahu Shop in Ward No. 09 at Nagar Panchayat Phulparas.,586440.0,INR,INR,2024-10-07 11:00:45+00:00,2024-10-07T10:55:08.513000+00:00,2024-10-19T18:58:57+00:00,BINOD KUMAR,"BINOD KUMAR, EXECUTIVE OFFICER NP PHULPARAS",NAGAR PANCHAYAT PHULPARAS,PHULPARAS,BINOD KUMAR,"BINOD KUMAR, EXECUTIVE OFFICER NP PHULPARAS",NAGAR PANCHAYAT PHULPARAS,11800.0,1250.0,590.0,True,"{'Flood': 0, 'Embankment': 0, 'embkt': 0, 'Relief': 0, 'Erosion': 0, 'SDRF': 0, 'Inundation': 0, 'Hydrology': 0, 'Silt': 0, 'Siltation': 0, 'Bund': 0, 'Trench': 0, 'Breach': 0, 'Culvert': 0, 'Sluice': 0, 'Dyke': 0, 'Storm water drain': 0, 'Emergency': 0, 'Immediate': 0, 'IM': 0, 'AE': 0, 'A E': 0, 'AAPDA MITRA': 0, 'Bridge': 0, 'River': 0, 'Drain': 2, 'Restoration': 0, 'Protection': 0, 'irr': 0, 'irrigation': 0, 'dam': 0, 'Nallah': 0, 'nala': 0, 'Retrofitting': 0, 'Pond': 0, 'Pokhari': 0, 'D/C': 0, 'Recharge shaft': 0, 'LFB': 0, 'RFB': 0}","{'Floodlight': 0, 'Flood Light': 0, 'GAS': 0, 'FIFA': 0, 'pipe': 0, 'pipes': 0, 'covid': 0, 'supply': 0, 'Beautification': 0, 'Installation': 0}",,,False,True,Immediate Measures
74544,NIT03/2023-24/NPPHUL/Gr26,Construction of  P.C.C Road  & Drain From  Kuwar Sahu House to Premchnadra Sahu House  In Ward No. 12 at Nagar Panchayat Phulparas.,Construction of  P.C.C Road  & Drain From  Kuwar Sahu House to Premchnadra Sahu House  In Ward No. 12 at Nagar Panchayat Phulparas.,1987890.0,INR,INR,2024-10-07 11:37:15+00:00,2024-10-07T11:31:32.213000+00:00,2024-10-19T18:36:32+00:00,BINOD KUMAR,"BINOD KUMAR, EXECUTIVE OFFICER NP PHULPARAS",NAGAR PANCHAYAT PHULPARAS,PHULPARAS,BINOD KUMAR,"BINOD KUMAR, EXECUTIVE OFFICER NP PHULPARAS",NAGAR PANCHAYAT PHULPARAS,39800.0,5000.0,590.0,True,"{'Flood': 0, 'Embankment': 0, 'embkt': 0, 'Relief': 0, 'Erosion': 0, 'SDRF': 0, 'Inundation': 0, 'Hydrology': 0, 'Silt': 0, 'Siltation': 0, 'Bund': 0, 'Trench': 0, 'Breach': 0, 'Culvert': 0, 'Sluice': 0, 'Dyke': 0, 'Storm water drain': 0, 'Emergency': 0, 'Immediate': 0, 'IM': 0, 'AE': 0, 'A E': 0, 'AAPDA MITRA': 0, 'Bridge': 0, 'River': 0, 'Drain': 2, 'Restoration': 0, 'Protection': 0, 'irr': 0, 'irrigation': 0, 'dam': 0, 'Nallah': 0, 'nala': 0, 'Retrofitting': 0, 'Pond': 0, 'Pokhari': 0, 'D/C': 0, 'Recharge shaft': 0, 'LFB': 0, 'RFB': 0}","{'Floodlight': 0, 'Flood Light': 0, 'GAS': 0, 'FIFA': 0, 'pipe': 0, 'pipes': 0, 'covid': 0, 'supply': 0, 'Beautification': 0, 'Installation': 0}",,,False,True,Immediate Measures
74549,NIT03/2023-24/NPPHUL/Gr34,Construction of  Drain From Hari Yadav House to Pradeep Thakur House In Ward No. 07 at Nagar Panchayat Phulparas.,Construction of  Drain From Hari Yadav House to Pradeep Thakur House In Ward No. 07 at Nagar Panchayat Phulparas.,1318385.0,INR,INR,2024-10-07 12:02:52+00:00,2024-10-07T11:54:03.520000+00:00,2025-03-24T10:01:06+00:00,BINOD KUMAR,"BINOD KUMAR, EXECUTIVE OFFICER NP PHULPARAS",NAGAR PANCHAYAT PHULPARAS,PHULPARAS,BINOD KUMAR,"BINOD KUMAR, EXECUTIVE OFFICER NP PHULPARAS",NAGAR PANCHAYAT PHULPARAS,26400.0,2500.0,590.0,True,"{'Flood': 0, 'Embankment': 0, 'embkt': 0, 'Relief': 0, 'Erosion': 0, 'SDRF': 0, 'Inundation': 0, 'Hydrology': 0, 'Silt': 0, 'Siltation': 0, 'Bund': 0, 'Trench': 0, 'Breach': 0, 'Culvert': 0, 'Sluice': 0, 'Dyke': 0, 'Storm water drain': 0, 'Emergency': 0, 'Immediate': 0, 'IM': 0, 'AE': 0, 'A E': 0, 'AAPDA MITRA': 0, 'Bridge': 0, 'River': 0, 'Drain': 2, 'Restoration': 0, 'Protection': 0, 'irr': 0, 'irrigation': 0, 'dam': 0, 'Nallah': 0, 'nala': 0, 'Retrofitting': 0, 'Pond': 0, 'Pokhari': 0, 'D/C': 0, 'Recharge shaft': 0, 'LFB': 0, 'RFB': 0}","{'Floodlight': 0, 'Flood Light': 0, 'GAS': 0, 'FIFA': 0, 'pipe': 0, 'pipes': 0, 'covid': 0, 'supply': 0, 'Beautification': 0, 'Installation': 0}",,,False,True,Immediate Measures
74546,NIT03/2023-24/NPPHUL/Gr27,Construction of  P.C.C Road  & Drain From  Lalan Paswan House to Kuvar Sahu House  In Ward No. 12 at Nagar Panchayat Phulparas.,Construction of  P.C.C Road  & Drain From  Lalan Paswan House to Kuvar Sahu House  In Ward No. 12 at Nagar Panchayat Phulparas.,1665652.0,INR,INR,2024-10-07 11:42:36+00:00,2024-10-07T11:38:08.011000+00:00,2025-04-21T10:17:35+00:00,BINOD KUMAR,"BINOD KUMAR, EXECUTIVE OFFICER NP PHULPARAS",NAGAR PANCHAYAT PHULPARAS,PHULPARAS,BINOD KUMAR,"BINOD KUMAR, EXECUTIVE OFFICER NP PHULPARAS",NAGAR PANCHAYAT PHULPARAS,33400.0,5000.0,590.0,True,"{'Flood': 0, 'Embankment': 0, 'embkt': 0, 'Relief': 0, 'Erosion': 0, 'SDRF': 0, 'Inundation': 0, 'Hydrology': 0, 'Silt': 0, 'Siltation': 0, 'Bund': 0, 'Trench': 0, 'Breach': 0, 'Culvert': 0, 'Sluice': 0, 'Dyke': 0, 'Storm water drain': 0, 'Emergency': 0, 'Immediate': 0, 'IM': 0, 'AE': 0, 'A E': 0, 'AAPDA MITRA': 0, 'Bridge': 0, 'River': 0, 'Drain': 2, 'Restoration': 0, 'Protection': 0, 'irr': 0, 'irrigation': 0, 'dam': 0, 'Nallah': 0, 'nala': 0, 'Retrofitting': 0, 'Pond': 0, 'Pokhari': 0, 'D/C': 0, 'Recharge shaft': 0, 'LFB': 0, 'RFB': 0}","{'Floodlight': 0, 'Flood Light': 0, 'GAS': 0, 'FIFA': 0, 'pipe': 0, 'pipes': 0, 'covid': 0, 'supply': 0, 'Beautification': 0, 'Installation': 0}",,,False,True,Immediate Measures
74551,NIT03/2023-24/NPPHUL/Gr35,Construction of  P.C.C Road  From  Subelal Mandal House to Jay Krishan Mandal House & Const. Of Drain From Subelal Mandal House to Siyaram Mandal House  In Ward No. 14 at Nagar Panchayat Phulparas.,Construction of  P.C.C Road  From  Subelal Mandal House to Jay Krishan Mandal House & Const. Of Drain From Subelal Mandal House to Siyaram Mandal House  In Ward No. 14 at Nagar Panchayat Phulparas.,2182759.0,INR,INR,2024-10-07 12:07:50+00:00,2024-10-07T12:03:33.131000+00:00,2025-03-24T10:44:06+00:00,BINOD KUMAR,"BINOD KUMAR, EXECUTIVE OFFICER NP PHULPARAS",NAGAR PANCHAYAT PHULPARAS,PHULPARAS,BINOD KUMAR,"BINOD KUMAR, EXECUTIVE OFFICER NP PHULPARAS",NAGAR PANCHAYAT PHULPARAS,43700.0,5000.0,590.0,True,"{'Flood': 0, 'Embankment': 0, 'embkt': 0, 'Relief': 0, 'Erosion': 0, 'SDRF': 0, 'Inundation': 0, 'Hydrology': 0, 'Silt': 0, 'Siltation': 0, 'Bund': 0, 'Trench': 0, 'Breach': 0, 'Culvert': 0, 'Sluice': 0, 'Dyke': 0, 'Storm water drain': 0, 'Emergency': 0, 'Immediate': 0, 'IM': 0, 'AE': 0, 'A E': 0, 'AAPDA MITRA': 0, 'Bridge': 0, 'River': 0, 'Drain': 2, 'Restoration': 0, 'Protection': 0, 'irr': 0, 'irrigation': 0, 'dam': 0, 'Nallah': 0, 'nala': 0, 'Retrofitting': 0, 'Pond': 0, 'Pokhari': 0, 'D/C': 0, 'Recharge shaft': 0, 'LFB': 0, 'RFB': 0}","{'Floodlight': 0, 'Flood Light': 0, 'GAS': 0, 'FIFA': 0, 'pipe': 0, 'pipes': 0, 'covid': 0, 'supply': 0, 'Beautification': 0, 'Installation': 0}",,,False,True,Immediate Measures
74547,NIT03/2023-24/NPPHUL/Gr33,Construction of  Drain From Shankar Leth  to Kamal Prasad House In Ward No. 13 at Nagar Panchayat Phulparas.,Construction of  Drain From Shankar Leth  to Kamal Prasad House In Ward No. 13 at Nagar Panchayat Phulparas.,2458327.0,INR,INR,2024-10-07 11:46:58+00:00,2024-10-07T11:43:04.860000+00:00,2025-04-21T09:35:55+00:00,BINOD KUMAR,"BINOD KUMAR, EXECUTIVE OFFICER NP PHULPARAS",NAGAR PANCHAYAT PHULPARAS,PHULPARAS,BINOD KUMAR,"BINOD KUMAR, EXECUTIVE OFFICER NP PHULPARAS",NAGAR PANCHAYAT PHULPARAS,49200.0,5000.0,590.0,True,"{'Flood': 0, 'Embankment': 0, 'embkt': 0, 'Relief': 0, 'Erosion': 0, 'SDRF': 0, 'Inundation': 0, 'Hydrology': 0, 'Silt': 0, 'Siltation': 0, 'Bund': 0, 'Trench': 0, 'Breach': 0, 'Culvert': 0, 'Sluice': 0, 'Dyke': 0, 'Storm water drain': 0, 'Emergency': 0, 'Immediate': 0, 'IM': 0, 'AE': 0, 'A E': 0, 'AAPDA MITRA': 0, 'Bridge': 0, 'River': 0, 'Drain': 2, 'Restoration': 0, 'Protection': 0, 'irr': 0, 'irrigation': 0, 'dam': 0, 'Nallah': 0, 'nala': 0, 'Retrofitting': 0, 'Pond': 0, 'Pokhari': 0, 'D/C': 0, 'Recharge shaft': 0, 'LFB': 0, 'RFB': 0}","{'Floodlight': 0, 'Flood Light': 0, 'GAS': 0, 'FIFA': 0, 'pipe': 0, 'pipes': 0, 'covid': 0, 'supply': 0, 'Beautification': 0, 'Installation': 0}",,,False,True,Immediate Measures
74644,NIT No-08 R1/2024-25,Construction of 15nos 125mm x 40mmx dia x 61 meter deep IM-II hand pump oparated t/well with india mark-II hand pump and 3.00 mtr p.c.c drain  and with contruction of 1.00 dia x 2.00m deep soakpit under P.H.DIVISION ARWAL.,Construction of 15nos 125mm x 40mmx dia x 61 meter deep IM-II hand pump oparated t/well with india mark-II hand pump and 3.00 mtr p.c.c drain  and with contruction of 1.00 dia x 2.00m deep soakpit under P.H.DIVISION ARWAL.,1416000.0,INR,INR,2024-10-08 07:02:56+00:00,2024-10-08T06:03:49.519000+00:00,2024-11-25T11:39:50+00:00,SANJAY KUMAR (EXECUTIVE ENGINEER),EXECUTIVE ENGINEER,P.H.DIVISION ARWAL,"PHED OFFICE, JEHANABAD ROAD,  ARWAL",AJIT KUMAR,Superintending Engineer (Ara),PUBLIC HEALTH ENGINEERING DEPARTMENT,28500.0,2500.0,590.0,True,"{'Flood': 0, 'Embankment': 0, 'embkt': 0, 'Relief': 0, 'Erosion': 0, 'SDRF': 0, 'Inundation': 0, 'Hydrology': 0, 'Silt': 0, 'Siltation': 0, 'Bund': 0, 'Trench': 0, 'Breach': 0, 'Culvert': 0, 'Sluice': 0, 'Dyke': 0, 'Storm water drain': 0, 'Emergency': 0, 'Immediate': 0, 'IM': 2, 'AE': 0, 'A E': 0, 'AAPDA MITRA': 0, 'Bridge': 0, 'River': 0, 'Drain': 2, 'Restoration': 0, 'Protection': 0, 'irr': 0, 'irrigation': 0, 'dam': 0, 'Nallah': 0, 'nala': 0, 'Retrofitting': 0, 'Pond': 0, 'Pokhari': 0, 'D/C': 0, 'Recharge shaft': 0, 'LFB': 0, 'RFB': 0}","{'Floodlight': 0, 'Flood Light': 0, 'GAS': 0, 'FIFA': 0, 'pipe': 0, 'pipes': 0, 'covid': 0, 'supply': 0, 'Beautification': 0, 'Installation': 0}",,,False,True,Immediate Measures
74692,MCD-NIT-01/2024-25-GR-01,Construction work of PCC Road and RCC  Drain from Near Kailashpuri Indian Overseas bank in R.P.S. Kali Mandir Road Ward No. 39 under Municipal Council Danapur.,Construction work of PCC Road and RCC  Drain from Near Kailashpuri Indian Overseas bank in R.P.S. Kali Mandir Road Ward No. 39 under Municipal Council Danapur.,5897200.0,INR,INR,2024-10-08 09:13:38+00:00,2024-10-08T08:59:01.087000+00:00,2025-11-20T09:50:53+00:00,"EXECUTIVE OFFICER, DANAPUR NIZAMAT",EO,NAGAR PARISHAD DANAPUR NIZAMAT,NAGAR PARISHAD DANAPUR NIZAMAT WARD NO.-35,"EXECUTIVE OFFICER, DANAPUR NIZAMAT",EO,NAGAR PARISHAD DANAPUR NIZAMAT,118000.0,10000.0,590.0,True,"{'Flood': 0, 'Embankment': 0, 'embkt': 0, 'Relief': 0, 'Erosion': 0, 'SDRF': 0, 'Inundation': 0, 'Hydrology': 0, 'Silt': 0, 'Siltation': 0, 'Bund': 0, 'Trench': 0, 'Breach': 0, 'Culvert': 0, 'Sluice': 0, 'Dyke': 0, 'Storm water drain': 0, 'Emergency': 0, 'Immediate': 0, 'IM': 0, 'AE': 0, 'A E': 0, 'AAPDA MITRA': 0, 'Bridge': 0, 'River': 0, 'Drain': 2, 'Restoration': 0, 'Protection': 0, 'irr': 0, 'irrigation': 0, 'dam': 0, 'Nallah': 0, 'nala': 0, 'Retrofitting': 0, 'Pond': 0, 'Pokhari': 0, 'D/C': 0, 'Recharge shaft': 0, 'LFB': 0, 'RFB': 0}","{'Floodlight': 0, 'Flood Light': 0, 'GAS': 0, 'FIFA': 0, 'pipe': 0, 'pipes': 0, 'covid': 0, 'supply': 0, 'Beautification': 0, 'Installation': 0}",,,False,True,Immediate Measures
74781,NIT NO 15 (R1) /2024-25,"Construction of 26 Nos. 125mm x 40mm x 61m Deep hand operated T/W with I.M.-II Hand Pump, Platform & Drain and Construction of  Soakpit of 1.0 m dia & 2.0 m deep with dry brick honey comb shaft with bricks of class designation 100B etc in  summer and heat situation and in place of water table depletion  for the year 2024-25 under P.H. Division, Madhubani in district Madhubani.","Construction of 26 Nos. 125mm x 40mm x 61m Deep hand operated T/W with I.M.-II Hand Pump, Platform & Drain and Construction of  Soakpit of 1.0 m dia & 2.0 m deep with dry brick honey comb shaft with bricks of class designation 100B etc in  summer and heat situation and in place of water table depletion  for the year 2024-25 under P.H. Division, Madhubani in district Madhubani.",1841000.0,INR,INR,2024-10-08 13:17:17+00:00,2024-10-08T13:11:50.122000+00:00,2024-10-16T09:33:07+00:00,AMBIKA PRSAD MANDAL EE PH DIVISION MADHUBANI,EXECUTIVE ENGINEER MADHUBANI,PH DIVISION MADHUBANI,KHADI BHANDAR ROAD,Praduman Sharma,CE PHED Zone Muzaffarpur,PH Zone Muzaffarpur,37000.0,5000.0,590.0,True,"{'Flood': 0, 'Embankment': 0, 'embkt': 0, 'Relief': 0, 'Erosion': 0, 'SDRF': 0, 'Inundation': 0, 'Hydrology': 0, 'Silt': 0, 'Siltation': 0, 'Bund': 0, 'Trench': 0, 'Breach': 0, 'Culvert': 0, 'Sluice': 0, 'Dyke': 0, 'Storm water drain': 0, 'Emergency': 0, 'Immediate': 0, 'IM': 0, 'AE': 0, 'A E': 0, 'AAPDA MITRA': 0, 'Bridge': 0, 'River': 0, 'Drain': 2, 'Restoration': 0, 'Protection': 0, 'irr': 0, 'irrigation': 0, 'dam': 0, 'Nallah': 0, 'nala': 0, 'Retrofitting': 0, 'Pond': 0, 'Pokhari': 0, 'D/C': 0, 'Recharge shaft': 0, 'LFB': 0, 'RFB': 0}","{'Floodlight': 0, 'Flood Light': 0, 'GAS': 0, 'FIFA': 0, 'pipe': 0, 'pipes': 0, 'covid': 0, 'supply': 0, 'Beautification': 0, 'Installation': 0}",,,False,True,Others
74888,NIT-17/2024-25/GR-17,"REPAIR OF 04 NOS PORTA HUT, TOILET TANK & DRAIN IN THE CAMPUS OF ATS OFFICE IN THE DISTRICT OF PATNA WITH ELECTRIFICATION","REPAIR OF 04 NOS PORTA HUT, TOILET TANK & DRAIN IN THE CAMPUS OF ATS OFFICE IN THE DISTRICT OF PATNA WITH ELECTRIFICATION",1307234.0,INR,INR,2024-10-09 08:40:03+00:00,2024-10-09T08:29:46.142000+00:00,2024-10-24T10:45:27+00:00,MUKESH KUMAR,SUPERINTENDENT ENGINEER,BPBCC_PATNA CIRCLE - II,PATNA,MUKESH KUMAR,SUPERINTENDENT ENGINEER,BPBCC_HEADQUARTER,26145.0,2500.0,590.0,True,"{'Flood': 0, 'Embankment': 0, 'embkt': 0, 'Relief': 0, 'Erosion': 0, 'SDRF': 0, 'Inundation': 0, 'Hydrology': 0, 'Silt': 0, 'Siltation': 0, 'Bund': 0, 'Trench': 0, 'Breach': 0, 'Culvert': 0, 'Sluice': 0, 'Dyke': 0, 'Storm water drain': 0, 'Emergency': 0, 'Immediate': 0, 'IM': 0, 'AE': 0, 'A E': 0, 'AAPDA MITRA': 0, 'Bridge': 0, 'River': 0, 'Drain': 2, 'Restoration': 0, 'Protection': 0, 'irr': 0, 'irrigation': 0, 'dam': 0, 'Nallah': 0, 'nala': 0, 'Retrofitting': 0, 'Pond': 0, 'Pokhari': 0, 'D/C': 0, 'Recharge shaft': 0, 'LFB': 0, 'RFB': 0}","{'Floodlight': 0, 'Flood Light': 0, 'GAS': 0, 'FIFA': 0, 'pipe': 0, 'pipes': 0, 'covid': 0, 'supply': 0, 'Beautification': 0, 'Installation': 0}",,,False,True,Immediate Measures
74952,NPJ NIT-02/2024-25/G03,Construction of RCC drain from N.P. JOGBANI office to Dr Saikat tarafdar clinic via Cooperative and Shiv mandir campus in ward no 12 N P Jogbani.,Construction of RCC drain from N.P. JOGBANI office to Dr Saikat tarafdar clinic via Cooperative and Shiv mandir campus in ward no 12 N P Jogbani.,1823614.0,INR,INR,2024-10-09 13:48:23+00:00,2024-10-09T13:44:32.275000+00:00,2024-12-02T07:55:24+00:00,EXECUTIVE OFFICER JOGBANI,EO,NAGAR PANCHAYAT JOGBANI,WARD NO. 15 NETA JEE CHOWK JOGBANI,EXECUTIVE OFFICER JOGBANI,EO,NAGAR PANCHAYAT JOGBANI,36500.0,5000.0,590.0,True,"{'Flood': 0, 'Embankment': 0, 'embkt': 0, 'Relief': 0, 'Erosion': 0, 'SDRF': 0, 'Inundation': 0, 'Hydrology': 0, 'Silt': 0, 'Siltation': 0, 'Bund': 0, 'Trench': 0, 'Breach': 0, 'Culvert': 0, 'Sluice': 0, 'Dyke': 0, 'Storm water drain': 0, 'Emergency': 0, 'Immediate': 0, 'IM': 0, 'AE': 0, 'A E': 0, 'AAPDA MITRA': 0, 'Bridge': 0, 'River': 0, 'Drain': 2, 'Restoration': 0, 'Protection': 0, 'irr': 0, 'irrigation': 0, 'dam': 0, 'Nallah': 0, 'nala': 0, 'Retrofitting': 0, 'Pond': 0, 'Pokhari': 0, 'D/C': 0, 'Recharge shaft': 0, 'LFB': 0, 'RFB': 0}","{'Floodlight': 0, 'Flood Light': 0, 'GAS': 0, 'FIFA': 0, 'pipe': 0, 'pipes': 0, 'covid': 0, 'supply': 0, 'Beautification': 0, 'Installation': 0}",,,False,True,Others
75331,NIT No- RCD/Ara-02/2024-25,"Construction of Cement Concrete Pavement in KM 1 and RCC Drain in KM 1 & 2 (Part) of Ara - Sasaram Road (SH 12) Under Shahabad Road Division , Ara for the year 2024-25","Construction of Cement Concrete Pavement in KM 1 and RCC Drain in KM 1 & 2 (Part) of Ara - Sasaram Road (SH 12) Under Shahabad Road Division , Ara for the year 2024-25",56001802.0,INR,INR,2024-10-14 11:12:57+00:00,2024-10-14T09:12:59.731000+00:00,2025-03-05T08:36:06+00:00,RANJEET KUMAR,EXECUTIVE ENGINEER,ROAD DIVISION BUXAR,ROAD DIVISION BUXAR,Er. Bablu Kumar (CE),CE,Road Construction Department,1120036.0,10000.0,5900.0,True,"{'Flood': 0, 'Embankment': 0, 'embkt': 0, 'Relief': 0, 'Erosion': 0, 'SDRF': 0, 'Inundation': 0, 'Hydrology': 0, 'Silt': 0, 'Siltation': 0, 'Bund': 0, 'Trench': 0, 'Breach': 0, 'Culvert': 0, 'Sluice': 0, 'Dyke': 0, 'Storm water drain': 0, 'Emergency': 0, 'Immediate': 0, 'IM': 0, 'AE': 0, 'A E': 0, 'AAPDA MITRA': 0, 'Bridge': 0, 'River': 0, 'Drain': 2, 'Restoration': 0, 'Protection': 0, 'irr': 0, 'irrigation': 0, 'dam': 0, 'Nallah': 0, 'nala': 0, 'Retrofitting': 0, 'Pond': 0, 'Pokhari': 0, 'D/C': 0, 'Recharge shaft': 0, 'LFB': 0, 'RFB': 0}","{'Floodlight': 0, 'Flood Light': 0, 'GAS': 0, 'FIFA': 0, 'pipe': 0, 'pipes': 0, 'covid': 0, 'supply': 0, 'Beautification': 0, 'Installation': 0}",,,False,True,Others
75333,NIT-15/2024-25/GR-02,Detailed estimate for drain from Parshad Er. Sahmat Ali house to Aslam Rizwani house in ward no - 02 under Nagar Nigam Bettiah during year 2023-24.,Detailed estimate for drain from Parshad Er. Sahmat Ali house to Aslam Rizwani house in ward no - 02 under Nagar Nigam Bettiah during year 2023-24.,1325437.0,INR,INR,2024-10-14 09:21:36+00:00,2024-10-14T09:17:15.021000+00:00,2025-04-24T12:12:12+00:00,Laxman Tiwari,MC Bettiah Municipal Corporation,BETTIAH NAGAR NIGAM,OFFICE OF BETTIAH NAGAR NIGAM,Laxman Tiwari,MC Bettiah Municipal Corporation,BETTIAH NAGAR NIGAM,26509.0,2500.0,590.0,True,"{'Flood': 0, 'Embankment': 0, 'embkt': 0, 'Relief': 0, 'Erosion': 0, 'SDRF': 0, 'Inundation': 0, 'Hydrology': 0, 'Silt': 0, 'Siltation': 0, 'Bund': 0, 'Trench': 0, 'Breach': 0, 'Culvert': 0, 'Sluice': 0, 'Dyke': 0, 'Storm water drain': 0, 'Emergency': 0, 'Immediate': 0, 'IM': 0, 'AE': 0, 'A E': 0, 'AAPDA MITRA': 0, 'Bridge': 0, 'River': 0, 'Drain': 2, 'Restoration': 0, 'Protection': 0, 'irr': 0, 'irrigation': 0, 'dam': 0, 'Nallah': 0, 'nala': 0, 'Retrofitting': 0, 'Pond': 0, 'Pokhari': 0, 'D/C': 0, 'Recharge shaft': 0, 'LFB': 0, 'RFB': 0}","{'Floodlight': 0, 'Flood Light': 0, 'GAS': 0, 'FIFA': 0, 'pipe': 0, 'pipes': 0, 'covid': 0, 'supply': 0, 'Beautification': 0, 'Installation': 0}",,,False,True,Immediate Measures
75345,NIT-15/2024-25/GR-06,Detailed estimate for drain from Ladies Yatimkhana to Mo. Ajaj  house and Road from Main road to Mo. Ajaj house via yatimkhana in ward no - 11 under Nagar Nigam Bettiah during year 2023-24.,Detailed estimate for drain from Ladies Yatimkhana to Mo. Ajaj  house and Road from Main road to Mo. Ajaj house via yatimkhana in ward no - 11 under Nagar Nigam Bettiah during year 2023-24.,1306678.0,INR,INR,2024-10-14 09:40:14+00:00,2024-10-14T09:36:44.417000+00:00,2025-06-26T08:20:09+00:00,Laxman Tiwari,MC Bettiah Municipal Corporation,BETTIAH NAGAR NIGAM,OFFICE OF BETTIAH NAGAR NIGAM,Laxman Tiwari,MC Bettiah Municipal Corporation,BETTIAH NAGAR NIGAM,26134.0,2500.0,590.0,True,"{'Flood': 0, 'Embankment': 0, 'embkt': 0, 'Relief': 0, 'Erosion': 0, 'SDRF': 0, 'Inundation': 0, 'Hydrology': 0, 'Silt': 0, 'Siltation': 0, 'Bund': 0, 'Trench': 0, 'Breach': 0, 'Culvert': 0, 'Sluice': 0, 'Dyke': 0, 'Storm water drain': 0, 'Emergency': 0, 'Immediate': 0, 'IM': 0, 'AE': 0, 'A E': 0, 'AAPDA MITRA': 0, 'Bridge': 0, 'River': 0, 'Drain': 2, 'Restoration': 0, 'Protection': 0, 'irr': 0, 'irrigation': 0, 'dam': 0, 'Nallah': 0, 'nala': 0, 'Retrofitting': 0, 'Pond': 0, 'Pokhari': 0, 'D/C': 0, 'Recharge shaft': 0, 'LFB': 0, 'RFB': 0}","{'Floodlight': 0, 'Flood Light': 0, 'GAS': 0, 'FIFA': 0, 'pipe': 0, 'pipes': 0, 'covid': 0, 'supply': 0, 'Beautification': 0, 'Installation': 0}",,,False,True,Immediate Measures
75327,NIT-15/2024-25/GR-01,Detailed estimate for  Road and drain from Monika kumari house to Krishna Bhagat house and Manoj kumar sah house to Vinay kumar gupta house in ward no - 01 under Nagar Nigam Bettiah during year 2023-24.,Detailed estimate for  Road and drain from Monika kumari house to Krishna Bhagat house and Manoj kumar sah house to Vinay kumar gupta house in ward no - 01 under Nagar Nigam Bettiah during year 2023-24.,1394502.0,INR,INR,2024-10-14 09:16:44+00:00,2024-10-14T09:04:16.409000+00:00,2025-06-26T08:42:30+00:00,Laxman Tiwari,MC Bettiah Municipal Corporation,BETTIAH NAGAR NIGAM,OFFICE OF BETTIAH NAGAR NIGAM,Laxman Tiwari,MC Bettiah Municipal Corporation,BETTIAH NAGAR NIGAM,27890.0,2500.0,590.0,True,"{'Flood': 0, 'Embankment': 0, 'embkt': 0, 'Relief': 0, 'Erosion': 0, 'SDRF': 0, 'Inundation': 0, 'Hydrology': 0, 'Silt': 0, 'Siltation': 0, 'Bund': 0, 'Trench': 0, 'Breach': 0, 'Culvert': 0, 'Sluice': 0, 'Dyke': 0, 'Storm water drain': 0, 'Emergency': 0, 'Immediate': 0, 'IM': 0, 'AE': 0, 'A E': 0, 'AAPDA MITRA': 0, 'Bridge': 0, 'River': 0, 'Drain': 2, 'Restoration': 0, 'Protection': 0, 'irr': 0, 'irrigation': 0, 'dam': 0, 'Nallah': 0, 'nala': 0, 'Retrofitting': 0, 'Pond': 0, 'Pokhari': 0, 'D/C': 0, 'Recharge shaft': 0, 'LFB': 0, 'RFB': 0}","{'Floodlight': 0, 'Flood Light': 0, 'GAS': 0, 'FIFA': 0, 'pipe': 0, 'pipes': 0, 'covid': 0, 'supply': 0, 'Beautification': 0, 'Installation': 0}",,,False,True,Immediate Measures
75342,NIT-15/2024-25/GR-05,Detailed estimate for Drain from Sri Hanuman ji mandir Bulaki singh chowk to Mo. Ishteyak urf Pappu house via Dr. Ahasanullah clinic and  Road and drain from Firoj mistri house to Mo. Meraj house via wasar nawaj house in ward no - 10 under Nagar Nigam Bettiah during year 2023-24.,Detailed estimate for Drain from Sri Hanuman ji mandir Bulaki singh chowk to Mo. Ishteyak urf Pappu house via Dr. Ahasanullah clinic and  Road and drain from Firoj mistri house to Mo. Meraj house via wasar nawaj house in ward no - 10 under Nagar Nigam Bettiah during year 2023-24.,975868.0,INR,INR,2024-10-14 09:36:31+00:00,2024-10-14T09:32:59.016000+00:00,2024-11-28T08:48:41+00:00,Laxman Tiwari,MC Bettiah Municipal Corporation,BETTIAH NAGAR NIGAM,OFFICE OF BETTIAH NAGAR NIGAM,Laxman Tiwari,MC Bettiah Municipal Corporation,BETTIAH NAGAR NIGAM,19518.0,1250.0,590.0,True,"{'Flood': 0, 'Embankment': 0, 'embkt': 0, 'Relief': 0, 'Erosion': 0, 'SDRF': 0, 'Inundation': 0, 'Hydrology': 0, 'Silt': 0, 'Siltation': 0, 'Bund': 0, 'Trench': 0, 'Breach': 0, 'Culvert': 0, 'Sluice': 0, 'Dyke': 0, 'Storm water drain': 0, 'Emergency': 0, 'Immediate': 0, 'IM': 0, 'AE': 0, 'A E': 0, 'AAPDA MITRA': 0, 'Bridge': 0, 'River': 0, 'Drain': 4, 'Restoration': 0, 'Protection': 0, 'irr': 0, 'irrigation': 0, 'dam': 0, 'Nallah': 0, 'nala': 0, 'Retrofitting': 0, 'Pond': 0, 'Pokhari': 0, 'D/C': 0, 'Recharge shaft': 0, 'LFB': 0, 'RFB': 0}","{'Floodlight': 0, 'Flood Light': 0, 'GAS': 0, 'FIFA': 0, 'pipe': 0, 'pipes': 0, 'covid': 0, 'supply': 0, 'Beautification': 0, 'Installation': 0}",,,False,True,Immediate Measures
75695,NIT/HIUSA-01/2024-25 GROUP NO.01,"Construction of Excavation of Pond, Construction of Ghat  and Paver Block Pathway at East Side of Ram Janki Temple in Campus of T.S. College  under Nagar Parishad, Hisua","Construction of Excavation of Pond, Construction of Ghat  and Paver Block Pathway at East Side of Ram Janki Temple in Campus of T.S. College  under Nagar Parishad, Hisua",1949700.0,INR,INR,2024-10-15 13:29:46+00:00,2024-10-15T13:14:02.065000+00:00,2025-05-02T11:29:29+00:00,"ATISH RANJAN, EXECUTIVE OFFICER, HISUA","EO, NP, HISUA","NAGAR PARISAD, HISUA",HISUA,ATISH RANJAN (EO) HISUA,EXECUTIVE OFFICER,"NAGAR PARISAD, HISUA",39000.0,5000.0,590.0,True,"{'Flood': 0, 'Embankment': 0, 'embkt': 0, 'Relief': 0, 'Erosion': 0, 'SDRF': 0, 'Inundation': 0, 'Hydrology': 0, 'Silt': 0, 'Siltation': 0, 'Bund': 0, 'Trench': 0, 'Breach': 0, 'Culvert': 0, 'Sluice': 0, 'Dyke': 0, 'Storm water drain': 0, 'Emergency': 0, 'Immediate': 0, 'IM': 0, 'AE': 0, 'A E': 0, 'AAPDA MITRA': 0, 'Bridge': 0, 'River': 0, 'Drain': 0, 'Restoration': 0, 'Protection': 0, 'irr': 0, 'irrigation': 0, 'dam': 0, 'Nallah': 0, 'nala': 0, 'Retrofitting': 0, 'Pond': 2, 'Pokhari': 0, 'D/C': 0, 'Recharge shaft': 0, 'LFB': 0, 'RFB': 0}","{'Floodlight': 0, 'Flood Light': 0, 'GAS': 0, 'FIFA': 0, 'pipe': 0, 'pipes': 0, 'covid': 0, 'supply': 0, 'Beautification': 0, 'Installation': 0}",,,False,False,Immediate Measures
75652,NIT No. 73/PR/SBPDCL/2024,"Procurement of Heating Chamber of size 9feet(depth) x 7feet (width) x 8feet(height) for Distribution Transformer, wall thickness 100mm filled with glass wool, fitted with trolley, panel with double protection and digital temperature controller etc","Procurement of Heating Chamber of size 9feet(depth) x 7feet (width) x 8feet(height) for Distribution Transformer, wall thickness 100mm filled with glass wool, fitted with trolley, panel with double protection and digital temperature controller etc",6614846.0,INR,INR,2024-10-15 11:01:12+00:00,2024-10-15T10:52:26.796000+00:00,2025-05-08T10:50:27+00:00,SURESH PRASAD MANDAL,Electrical Superintending Engineer,SBPDCL,"2nd FLOOR, VIDYUT BHAWAN, PATNA",SURESH PRASAD MANDAL,"Electrical Superintending Engineer, Purchase",SBPDCL,132297.0,5900.0,590.0,True,"{'Flood': 0, 'Embankment': 0, 'embkt': 0, 'Relief': 0, 'Erosion': 0, 'SDRF': 0, 'Inundation': 0, 'Hydrology': 0, 'Silt': 0, 'Siltation': 0, 'Bund': 0, 'Trench': 0, 'Breach': 0, 'Culvert': 0, 'Sluice': 0, 'Dyke': 0, 'Storm water drain': 0, 'Emergency': 0, 'Immediate': 0, 'IM': 0, 'AE': 0, 'A E': 0, 'AAPDA MITRA': 0, 'Bridge': 0, 'River': 0, 'Drain': 0, 'Restoration': 0, 'Protection': 2, 'irr': 0, 'irrigation': 0, 'dam': 0, 'Nallah': 0, 'nala': 0, 'Retrofitting': 0, 'Pond': 0, 'Pokhari': 0, 'D/C': 0, 'Recharge shaft': 0, 'LFB': 0, 'RFB': 0}","{'Floodlight': 0, 'Flood Light': 0, 'GAS': 0, 'FIFA': 0, 'pipe': 0, 'pipes': 0, 'covid': 0, 'supply': 0, 'Beautification': 0, 'Installation': 0}",,,False,False,Preparedness Measures
75830,"PNP/NIT-01/2024-25,-GR03",Construction of Drain in ward no 03 from Marai Manjhi to house Madan Manjhi land.,Construction of Drain in ward no 03 from Marai Manjhi to house Madan Manjhi land.,2459613.0,INR,INR,2024-10-16 07:13:58+00:00,2024-10-16T07:08:46.738000+00:00,2025-05-10T10:25:06+00:00,Rajnish kumar  eo parsa,EXECUTIVE OFFICER NAGAR PANCHAYAT PARSA BAZAR,"NAGAR PANCHAYAT PARSA BAZAR, SARAN","NAGAR PANCHAYAT PARSA BAZAR, SARAN",Mr Rajnish Kumar,EXECUTIVE OFFICER NAGAR PANCHAYAT PARSA BAZAR,"NAGAR PANCHAYAT PARSA BAZAR, SARAN",49500.0,5000.0,590.0,True,"{'Flood': 0, 'Embankment': 0, 'embkt': 0, 'Relief': 0, 'Erosion': 0, 'SDRF': 0, 'Inundation': 0, 'Hydrology': 0, 'Silt': 0, 'Siltation': 0, 'Bund': 0, 'Trench': 0, 'Breach': 0, 'Culvert': 0, 'Sluice': 0, 'Dyke': 0, 'Storm water drain': 0, 'Emergency': 0, 'Immediate': 0, 'IM': 0, 'AE': 0, 'A E': 0, 'AAPDA MITRA': 0, 'Bridge': 0, 'River': 0, 'Drain': 2, 'Restoration': 0, 'Protection': 0, 'irr': 0, 'irrigation': 0, 'dam': 0, 'Nallah': 0, 'nala': 0, 'Retrofitting': 0, 'Pond': 0, 'Pokhari': 0, 'D/C': 0, 'Recharge shaft': 0, 'LFB': 0, 'RFB': 0}","{'Floodlight': 0, 'Flood Light': 0, 'GAS': 0, 'FIFA': 0, 'pipe': 0, 'pipes': 0, 'covid': 0, 'supply': 0, 'Beautification': 0, 'Installation': 0}",,,False,True,Immediate Measures
75834,"PNP/NIT-01/2024-25,-GR04",Construction of RCC drain and PCC road in ward no-07 from Dharmdev Ray house to RCD road.,Construction of RCC drain and PCC road in ward no-07 from Dharmdev Ray house to RCD road.,2374147.0,INR,INR,2024-10-16 07:28:26+00:00,2024-10-16T07:22:29.281000+00:00,2025-10-14T05:59:06+00:00,Rajnish kumar  eo parsa,EXECUTIVE OFFICER NAGAR PANCHAYAT PARSA BAZAR,"NAGAR PANCHAYAT PARSA BAZAR, SARAN","NAGAR PANCHAYAT PARSA BAZAR, SARAN",Mr Rajnish Kumar,EXECUTIVE OFFICER NAGAR PANCHAYAT PARSA BAZAR,"NAGAR PANCHAYAT PARSA BAZAR, SARAN",48000.0,5000.0,590.0,True,"{'Flood': 0, 'Embankment': 0, 'embkt': 0, 'Relief': 0, 'Erosion': 0, 'SDRF': 0, 'Inundation': 0, 'Hydrology': 0, 'Silt': 0, 'Siltation': 0, 'Bund': 0, 'Trench': 0, 'Breach': 0, 'Culvert': 0, 'Sluice': 0, 'Dyke': 0, 'Storm water drain': 0, 'Emergency': 0, 'Immediate': 0, 'IM': 0, 'AE': 0, 'A E': 0, 'AAPDA MITRA': 0, 'Bridge': 0, 'River': 0, 'Drain': 2, 'Restoration': 0, 'Protection': 0, 'irr': 0, 'irrigation': 0, 'dam': 0, 'Nallah': 0, 'nala': 0, 'Retrofitting': 0, 'Pond': 0, 'Pokhari': 0, 'D/C': 0, 'Recharge shaft': 0, 'LFB': 0, 'RFB': 0}","{'Floodlight': 0, 'Flood Light': 0, 'GAS': 0, 'FIFA': 0, 'pipe': 0, 'pipes': 0, 'covid': 0, 'supply': 0, 'Beautification': 0, 'Installation': 0}",,,False,True,Immediate Measures
75835,"PNP/NIT-01/2024-25,-GR05",Construction of RCC drain and PCC road in ward no-07 from Sabzi mandi to Rajesh Furniture shop.,Construction of RCC drain and PCC road in ward no-07 from Sabzi mandi to Rajesh Furniture shop.,2349683.0,INR,INR,2024-10-16 07:37:05+00:00,2024-10-16T07:28:57.525000+00:00,2025-09-19T05:50:31+00:00,Rajnish kumar  eo parsa,EXECUTIVE OFFICER NAGAR PANCHAYAT PARSA BAZAR,"NAGAR PANCHAYAT PARSA BAZAR, SARAN","NAGAR PANCHAYAT PARSA BAZAR, SARAN",Mr Rajnish Kumar,EXECUTIVE OFFICER NAGAR PANCHAYAT PARSA BAZAR,"NAGAR PANCHAYAT PARSA BAZAR, SARAN",47000.0,5000.0,590.0,True,"{'Flood': 0, 'Embankment': 0, 'embkt': 0, 'Relief': 0, 'Erosion': 0, 'SDRF': 0, 'Inundation': 0, 'Hydrology': 0, 'Silt': 0, 'Siltation': 0, 'Bund': 0, 'Trench': 0, 'Breach': 0, 'Culvert': 0, 'Sluice': 0, 'Dyke': 0, 'Storm water drain': 0, 'Emergency': 0, 'Immediate': 0, 'IM': 0, 'AE': 0, 'A E': 0, 'AAPDA MITRA': 0, 'Bridge': 0, 'River': 0, 'Drain': 2, 'Restoration': 0, 'Protection': 0, 'irr': 0, 'irrigation': 0, 'dam': 0, 'Nallah': 0, 'nala': 0, 'Retrofitting': 0, 'Pond': 0, 'Pokhari': 0, 'D/C': 0, 'Recharge shaft': 0, 'LFB': 0, 'RFB': 0}","{'Floodlight': 0, 'Flood Light': 0, 'GAS': 0, 'FIFA': 0, 'pipe': 0, 'pipes': 0, 'covid': 0, 'supply': 0, 'Beautification': 0, 'Installation': 0}",,,False,True,Immediate Measures
75843,"PNP/NIT-01/2024-25,-GR07",Construction of RCC drain in ward no-12 from Nagendra Singh house to Dhaul Brahma Baba.,Construction of RCC drain in ward no-12 from Nagendra Singh house to Dhaul Brahma Baba.,2175293.0,INR,INR,2024-10-16 07:49:51+00:00,2024-10-16T07:45:39.787000+00:00,2025-07-22T07:23:30+00:00,Rajnish kumar  eo parsa,EXECUTIVE OFFICER NAGAR PANCHAYAT PARSA BAZAR,"NAGAR PANCHAYAT PARSA BAZAR, SARAN","NAGAR PANCHAYAT PARSA BAZAR, SARAN",Mr Rajnish Kumar,EXECUTIVE OFFICER NAGAR PANCHAYAT PARSA BAZAR,"NAGAR PANCHAYAT PARSA BAZAR, SARAN",44000.0,5000.0,590.0,True,"{'Flood': 0, 'Embankment': 0, 'embkt': 0, 'Relief': 0, 'Erosion': 0, 'SDRF': 0, 'Inundation': 0, 'Hydrology': 0, 'Silt': 0, 'Siltation': 0, 'Bund': 0, 'Trench': 0, 'Breach': 0, 'Culvert': 0, 'Sluice': 0, 'Dyke': 0, 'Storm water drain': 0, 'Emergency': 0, 'Immediate': 0, 'IM': 0, 'AE': 0, 'A E': 0, 'AAPDA MITRA': 0, 'Bridge': 0, 'River': 0, 'Drain': 2, 'Restoration': 0, 'Protection': 0, 'irr': 0, 'irrigation': 0, 'dam': 0, 'Nallah': 0, 'nala': 0, 'Retrofitting': 0, 'Pond': 0, 'Pokhari': 0, 'D/C': 0, 'Recharge shaft': 0, 'LFB': 0, 'RFB': 0}","{'Floodlight': 0, 'Flood Light': 0, 'GAS': 0, 'FIFA': 0, 'pipe': 0, 'pipes': 0, 'covid': 0, 'supply': 0, 'Beautification': 0, 'Installation': 0}",,,False,True,Immediate Measures
75851,"PNP/NIT-01/2024-25,-GR08",Construction of RCC drain in ward no-15 from Naushad Alam house to Misri Ram house to Baudha nahar.,Construction of RCC drain in ward no-15 from Naushad Alam house to Misri Ram house to Baudha nahar.,2499893.0,INR,INR,2024-10-16 07:56:56+00:00,2024-10-16T07:50:23.023000+00:00,2025-10-14T05:45:47+00:00,Rajnish kumar  eo parsa,EXECUTIVE OFFICER NAGAR PANCHAYAT PARSA BAZAR,"NAGAR PANCHAYAT PARSA BAZAR, SARAN","NAGAR PANCHAYAT PARSA BAZAR, SARAN",Mr Rajnish Kumar,EXECUTIVE OFFICER NAGAR PANCHAYAT PARSA BAZAR,"NAGAR PANCHAYAT PARSA BAZAR, SARAN",50000.0,5000.0,590.0,True,"{'Flood': 0, 'Embankment': 0, 'embkt': 0, 'Relief': 0, 'Erosion': 0, 'SDRF': 0, 'Inundation': 0, 'Hydrology': 0, 'Silt': 0, 'Siltation': 0, 'Bund': 0, 'Trench': 0, 'Breach': 0, 'Culvert': 0, 'Sluice': 0, 'Dyke': 0, 'Storm water drain': 0, 'Emergency': 0, 'Immediate': 0, 'IM': 0, 'AE': 0, 'A E': 0, 'AAPDA MITRA': 0, 'Bridge': 0, 'River': 0, 'Drain': 2, 'Restoration': 0, 'Protection': 0, 'irr': 0, 'irrigation': 0, 'dam': 0, 'Nallah': 0, 'nala': 0, 'Retrofitting': 0, 'Pond': 0, 'Pokhari': 0, 'D/C': 0, 'Recharge shaft': 0, 'LFB': 0, 'RFB': 0}","{'Floodlight': 0, 'Flood Light': 0, 'GAS': 0, 'FIFA': 0, 'pipe': 0, 'pipes': 0, 'covid': 0, 'supply': 0, 'Beautification': 0, 'Installation': 0}",,,False,True,Immediate Measures
75862,"PNP/NIT-01/2024-25,-GR09",Construction of RCC drain in ward no-16 from Jhagran Ray house to Shamshan boundry.,Construction of RCC drain in ward no-16 from Jhagran Ray house to Shamshan boundry.,2472560.0,INR,INR,2024-10-16 08:03:16+00:00,2024-10-16T07:57:38.501000+00:00,2025-04-28T06:30:24+00:00,Rajnish kumar  eo parsa,EXECUTIVE OFFICER NAGAR PANCHAYAT PARSA BAZAR,"NAGAR PANCHAYAT PARSA BAZAR, SARAN","NAGAR PANCHAYAT PARSA BAZAR, SARAN",Mr Rajnish Kumar,EXECUTIVE OFFICER NAGAR PANCHAYAT PARSA BAZAR,"NAGAR PANCHAYAT PARSA BAZAR, SARAN",49500.0,5000.0,590.0,True,"{'Flood': 0, 'Embankment': 0, 'embkt': 0, 'Relief': 0, 'Erosion': 0, 'SDRF': 0, 'Inundation': 0, 'Hydrology': 0, 'Silt': 0, 'Siltation': 0, 'Bund': 0, 'Trench': 0, 'Breach': 0, 'Culvert': 0, 'Sluice': 0, 'Dyke': 0, 'Storm water drain': 0, 'Emergency': 0, 'Immediate': 0, 'IM': 0, 'AE': 0, 'A E': 0, 'AAPDA MITRA': 0, 'Bridge': 0, 'River': 0, 'Drain': 2, 'Restoration': 0, 'Protection': 0, 'irr': 0, 'irrigation': 0, 'dam': 0, 'Nallah': 0, 'nala': 0, 'Retrofitting': 0, 'Pond': 0, 'Pokhari': 0, 'D/C': 0, 'Recharge shaft': 0, 'LFB': 0, 'RFB': 0}","{'Floodlight': 0, 'Flood Light': 0, 'GAS': 0, 'FIFA': 0, 'pipe': 0, 'pipes': 0, 'covid': 0, 'supply': 0, 'Beautification': 0, 'Installation': 0}",,,False,True,Immediate Measures
75875,"PNP/NIT-01/2024-25,-GR10",Construction of Soling and PCC road in ward no-17 from Baijnath Ray land to RCC culvert to Jogindra Ray land.,Construction of Soling and PCC road in ward no-17 from Baijnath Ray land to RCC culvert to Jogindra Ray land.,2467786.0,INR,INR,2024-10-16 08:09:11+00:00,2024-10-16T08:03:35.903000+00:00,2025-07-22T07:08:23+00:00,Rajnish kumar  eo parsa,EXECUTIVE OFFICER NAGAR PANCHAYAT PARSA BAZAR,"NAGAR PANCHAYAT PARSA BAZAR, SARAN","NAGAR PANCHAYAT PARSA BAZAR, SARAN",Mr Rajnish Kumar,EXECUTIVE OFFICER NAGAR PANCHAYAT PARSA BAZAR,"NAGAR PANCHAYAT PARSA BAZAR, SARAN",49500.0,5000.0,590.0,True,"{'Flood': 0, 'Embankment': 0, 'embkt': 0, 'Relief': 0, 'Erosion': 0, 'SDRF': 0, 'Inundation': 0, 'Hydrology': 0, 'Silt': 0, 'Siltation': 0, 'Bund': 0, 'Trench': 0, 'Breach': 0, 'Culvert': 2, 'Sluice': 0, 'Dyke': 0, 'Storm water drain': 0, 'Emergency': 0, 'Immediate': 0, 'IM': 0, 'AE': 0, 'A E': 0, 'AAPDA MITRA': 0, 'Bridge': 0, 'River': 0, 'Drain': 0, 'Restoration': 0, 'Protection': 0, 'irr': 0, 'irrigation': 0, 'dam': 0, 'Nallah': 0, 'nala': 0, 'Retrofitting': 0, 'Pond': 0, 'Pokhari': 0, 'D/C': 0, 'Recharge shaft': 0, 'LFB': 0, 'RFB': 0}","{'Floodlight': 0, 'Flood Light': 0, 'GAS': 0, 'FIFA': 0, 'pipe': 0, 'pipes': 0, 'covid': 0, 'supply': 0, 'Beautification': 0, 'Installation': 0}",,,False,True,Immediate Measures
75992,Memo No 391 dated 16.10.2024,Consultancy Services for Preparation of Detailed Project Report for construction of a barrage on Bagmati River near Dheng and Second barrage near Kataunjha in Sitamarhi District of Bihar.,Consultancy Services for Preparation of Detailed Project Report for construction of a barrage on Bagmati River near Dheng and Second barrage near Kataunjha in Sitamarhi District of Bihar.,0.0,INR,INR,2024-10-16 13:53:20+00:00,2024-10-16T13:36:18.949000+00:00,2024-10-29T10:21:53+00:00,"ABHAY KUMAR CHANDAN, (EXECUTIVE ENGINEER)",EE,WATER RESOURCES DEPARTMENT,"MAIN WESTERN CANAL DIVISION, VALMIKINAGAR",Er. Ajay Kumar,Superintending Engineer,Water Resources Department Govt. of Bihar.,500000.0,10000.0,590.0,True,"{'Flood': 0, 'Embankment': 0, 'embkt': 0, 'Relief': 0, 'Erosion': 0, 'SDRF': 0, 'Inundation': 0, 'Hydrology': 0, 'Silt': 0, 'Siltation': 0, 'Bund': 0, 'Trench': 0, 'Breach': 0, 'Culvert': 0, 'Sluice': 0, 'Dyke': 0, 'Storm water drain': 0, 'Emergency': 0, 'Immediate': 0, 'IM': 0, 'AE': 0, 'A E': 0, 'AAPDA MITRA': 0, 'Bridge': 0, 'River': 2, 'Drain': 0, 'Restoration': 0, 'Protection': 0, 'irr': 0, 'irrigation': 0, 'dam': 0, 'Nallah': 0, 'nala': 0, 'Retrofitting': 0, 'Pond': 0, 'Pokhari': 0, 'D/C': 0, 'Recharge shaft': 0, 'LFB': 0, 'RFB': 0}","{'Floodlight': 0, 'Flood Light': 0, 'GAS': 0, 'FIFA': 0, 'pipe': 0, 'pipes': 0, 'covid': 0, 'supply': 0, 'Beautification': 0, 'Installation': 0}",,,False,False,Others
75999,GR-07/NIT-04/2024-25NNBEG,"On the occasion of Chhath festival, painting, cleaning work in Vishnupur Chutubhurj pond of Ward No. 17.","On the occasion of Chhath festival, painting, cleaning work in Vishnupur Chutubhurj pond of Ward No. 17.",285000.0,INR,INR,2024-10-16 13:50:34+00:00,2024-10-16T13:48:23.959000+00:00,2024-12-04T14:09:15+00:00,SOMESH BAHADUR MATHUR,Municipal Commissioner Begusarai,"BEGUSARAI Municipal Corporation, BEGUSARAI","SRI KRISHNA SINGH CHOWK,",SOMESH BAHADUR MATHUR,MUNICIPAL COMMISSIONER BEGUSARAI,"BEGUSARAI Municipal Corporation, BEGUSARAI",5700.0,750.0,590.0,True,"{'Flood': 0, 'Embankment': 0, 'embkt': 0, 'Relief': 0, 'Erosion': 0, 'SDRF': 0, 'Inundation': 0, 'Hydrology': 0, 'Silt': 0, 'Siltation': 0, 'Bund': 0, 'Trench': 0, 'Breach': 0, 'Culvert': 0, 'Sluice': 0, 'Dyke': 0, 'Storm water drain': 0, 'Emergency': 0, 'Immediate': 0, 'IM': 0, 'AE': 0, 'A E': 0, 'AAPDA MITRA': 0, 'Bridge': 0, 'River': 0, 'Drain': 0, 'Restoration': 0, 'Protection': 0, 'irr': 0, 'irrigation': 0, 'dam': 0, 'Nallah': 0, 'nala': 0, 'Retrofitting': 0, 'Pond': 2, 'Pokhari': 0, 'D/C': 0, 'Recharge shaft': 0, 'LFB': 0, 'RFB': 0}","{'Floodlight': 0, 'Flood Light': 0, 'GAS': 0, 'FIFA': 0, 'pipe': 0, 'pipes': 0, 'covid': 0, 'supply': 0, 'Beautification': 0, 'Installation': 0}",,,False,False,Immediate Measures
76003,Memo No- 392 dated 16.10.2024,Consultancy Services for Preparation of Detailed Project Report for Dam/Barrage on Masan River near Banbari Village in West Champaran District of Bihar,Consultancy Services for Preparation of Detailed Project Report for Dam/Barrage on Masan River near Banbari Village in West Champaran District of Bihar,0.0,INR,INR,2024-10-16 14:12:15+00:00,2024-10-16T13:56:22.425000+00:00,2024-10-29T10:53:40+00:00,Er. Abhay Kumar Choudhary,Executive Engineer,Water Resources Department Govt. of Bihar,Room No. 502 Block A 5th Floor Jal Sansadhan Bhawan Anisabad Patna- 800002.,Er. Ajay Kumar,Superintending Engineer,Water Resources Department Govt. of Bihar.,500000.0,10000.0,590.0,True,"{'Flood': 0, 'Embankment': 0, 'embkt': 0, 'Relief': 0, 'Erosion': 0, 'SDRF': 0, 'Inundation': 0, 'Hydrology': 0, 'Silt': 0, 'Siltation': 0, 'Bund': 0, 'Trench': 0, 'Breach': 0, 'Culvert': 0, 'Sluice': 0, 'Dyke': 0, 'Storm water drain': 0, 'Emergency': 0, 'Immediate': 0, 'IM': 0, 'AE': 0, 'A E': 0, 'AAPDA MITRA': 0, 'Bridge': 0, 'River': 2, 'Drain': 0, 'Restoration': 0, 'Protection': 0, 'irr': 0, 'irrigation': 0, 'dam': 2, 'Nallah': 0, 'nala': 0, 'Retrofitting': 0, 'Pond': 0, 'Pokhari': 0, 'D/C': 0, 'Recharge shaft': 0, 'LFB': 0, 'RFB': 0}","{'Floodlight': 0, 'Flood Light': 0, 'GAS': 0, 'FIFA': 0, 'pipe': 0, 'pipes': 0, 'covid': 0, 'supply': 0, 'Beautification': 0, 'Installation': 0}",,,False,False,Others
76014,Memo No- 393 dated 16.10.2024,Consultancy Services for Preparation of Detailed Project Report for construction of barrage on Mahananda River near Taiyabpur in Kishanganj District of Bihar,Consultancy Services for Preparation of Detailed Project Report for construction of barrage on Mahananda River near Taiyabpur in Kishanganj District of Bihar,0.0,INR,INR,2024-10-16 14:29:43+00:00,2024-10-16T14:15:12.479000+00:00,2024-10-29T11:08:48+00:00,Er. Abhay Kumar Choudhary,Executive Engineer,Water Resources Department Govt. of Bihar,Room No. 502 Block A 5th Floor Jal Sansadhan Bhawan Anisabad Patna- 800002.,Er. Ajay Kumar,Superintending Engineer,Water Resources Department Govt. of Bihar.,500000.0,10000.0,590.0,True,"{'Flood': 0, 'Embankment': 0, 'embkt': 0, 'Relief': 0, 'Erosion': 0, 'SDRF': 0, 'Inundation': 0, 'Hydrology': 0, 'Silt': 0, 'Siltation': 0, 'Bund': 0, 'Trench': 0, 'Breach': 0, 'Culvert': 0, 'Sluice': 0, 'Dyke': 0, 'Storm water drain': 0, 'Emergency': 0, 'Immediate': 0, 'IM': 0, 'AE': 0, 'A E': 0, 'AAPDA MITRA': 0, 'Bridge': 0, 'River': 2, 'Drain': 0, 'Restoration': 0, 'Protection': 0, 'irr': 0, 'irrigation': 0, 'dam': 0, 'Nallah': 0, 'nala': 0, 'Retrofitting': 0, 'Pond': 0, 'Pokhari': 0, 'D/C': 0, 'Recharge shaft': 0, 'LFB': 0, 'RFB': 0}","{'Floodlight': 0, 'Flood Light': 0, 'GAS': 0, 'FIFA': 0, 'pipe': 0, 'pipes': 0, 'covid': 0, 'supply': 0, 'Beautification': 0, 'Installation': 0}",,,False,False,Others
76027,Memo No- 395 dated 16.10.2024,"Consultancy Services for Preparation of Detailed Project Report for transfer of flood water from River Ganga to different reservoirs of South Bihar (Morway, Baskund, Anjan, Garahi, Jalkund and others)","Consultancy Services for Preparation of Detailed Project Report for transfer of flood water from River Ganga to different reservoirs of South Bihar (Morway, Baskund, Anjan, Garahi, Jalkund and others)",0.0,INR,INR,2024-10-16 15:11:37+00:00,2024-10-16T14:58:10.568000+00:00,2024-10-29T11:22:14+00:00,Er. Abhay Kumar Choudhary,Executive Engineer,Water Resources Department Govt. of Bihar,Room No. 502 Block A 5th Floor Jal Sansadhan Bhawan Anisabad Patna- 800002.,Er. Ajay Kumar,Superintending Engineer,Water Resources Department Govt. of Bihar.,500000.0,10000.0,590.0,True,"{'Flood': 2, 'Embankment': 0, 'embkt': 0, 'Relief': 0, 'Erosion': 0, 'SDRF': 0, 'Inundation': 0, 'Hydrology': 0, 'Silt': 0, 'Siltation': 0, 'Bund': 0, 'Trench': 0, 'Breach': 0, 'Culvert': 0, 'Sluice': 0, 'Dyke': 0, 'Storm water drain': 0, 'Emergency': 0, 'Immediate': 0, 'IM': 0, 'AE': 0, 'A E': 0, 'AAPDA MITRA': 0, 'Bridge': 0, 'River': 2, 'Drain': 0, 'Restoration': 0, 'Protection': 0, 'irr': 0, 'irrigation': 0, 'dam': 0, 'Nallah': 0, 'nala': 0, 'Retrofitting': 0, 'Pond': 0, 'Pokhari': 0, 'D/C': 0, 'Recharge shaft': 0, 'LFB': 0, 'RFB': 0}","{'Floodlight': 0, 'Flood Light': 0, 'GAS': 0, 'FIFA': 0, 'pipe': 0, 'pipes': 0, 'covid': 0, 'supply': 0, 'Beautification': 0, 'Installation': 0}",,,False,False,Others
76141,NIT-16/2024-25/GR-01,CONSTRUCTION OF ROAD AND DRAIN FROM KUSHMAKAR GIRI  JI HOUSE TO TAPESHWAR YADAV JI HOUSE FOR WARD NO-27 UNDER NAGAR NIGAM BETTIAH DURING THE YEAR -2023-2024,CONSTRUCTION OF ROAD AND DRAIN FROM KUSHMAKAR GIRI  JI HOUSE TO TAPESHWAR YADAV JI HOUSE FOR WARD NO-27 UNDER NAGAR NIGAM BETTIAH DURING THE YEAR -2023-2024,1088930.0,INR,INR,2024-10-17 06:47:39+00:00,2024-10-17T06:38:55.419000+00:00,2024-11-28T08:45:21+00:00,Laxman Tiwari,MC Bettiah Municipal Corporation,BETTIAH NAGAR NIGAM,OFFICE OF BETTIAH NAGAR NIGAM,Laxman Tiwari,MC Bettiah Municipal Corporation,BETTIAH NAGAR NIGAM,21779.0,2500.0,590.0,True,"{'Flood': 0, 'Embankment': 0, 'embkt': 0, 'Relief': 0, 'Erosion': 0, 'SDRF': 0, 'Inundation': 0, 'Hydrology': 0, 'Silt': 0, 'Siltation': 0, 'Bund': 0, 'Trench': 0, 'Breach': 0, 'Culvert': 0, 'Sluice': 0, 'Dyke': 0, 'Storm water drain': 0, 'Emergency': 0, 'Immediate': 0, 'IM': 0, 'AE': 0, 'A E': 0, 'AAPDA MITRA': 0, 'Bridge': 0, 'River': 0, 'Drain': 2, 'Restoration': 0, 'Protection': 0, 'irr': 0, 'irrigation': 0, 'dam': 0, 'Nallah': 0, 'nala': 0, 'Retrofitting': 0, 'Pond': 0, 'Pokhari': 0, 'D/C': 0, 'Recharge shaft': 0, 'LFB': 0, 'RFB': 0}","{'Floodlight': 0, 'Flood Light': 0, 'GAS': 0, 'FIFA': 0, 'pipe': 0, 'pipes': 0, 'covid': 0, 'supply': 0, 'Beautification': 0, 'Installation': 0}",,,False,True,Immediate Measures
76138,32/BCD/MADHEPURA/2024-25,"CONSTRUCTION OF PANCHAYAT SARKAR BHAWAN (G+1) (FLOOD AREA - NORTH BIHAR)  AT BISHANPUR SUNDAR AND BIHANPUR BAJAR PANCHAYATS (2 UNIT) IN KUMARKHAND BLOCK , MADHEPURA.","CONSTRUCTION OF PANCHAYAT SARKAR BHAWAN (G+1) (FLOOD AREA - NORTH BIHAR)  AT BISHANPUR SUNDAR AND BIHANPUR BAJAR PANCHAYATS (2 UNIT) IN KUMARKHAND BLOCK , MADHEPURA.",60018156.0,INR,INR,2024-10-17 06:30:17+00:00,2024-10-17T06:03:49.501000+00:00,2025-06-12T09:13:00+00:00,"Executive Engineer, BUILDING DIVISION MADHEPURA",EE,"Executive Engineer, BUILDING DIVISION MADHEPURA","EE,  BUILDING DIVISION MADHEPURA, BCD,  MADHEPURA, BIHAR","Superintending Engineer, BUILDING CIRCLE SAHARSA",SE,"Superintending Engineer, Building Circle, Saharsa",1200400.0,10000.0,5900.0,True,"{'Flood': 2, 'Embankment': 0, 'embkt': 0, 'Relief': 0, 'Erosion': 0, 'SDRF': 0, 'Inundation': 0, 'Hydrology': 0, 'Silt': 0, 'Siltation': 0, 'Bund': 0, 'Trench': 0, 'Breach': 0, 'Culvert': 0, 'Sluice': 0, 'Dyke': 0, 'Storm water drain': 0, 'Emergency': 0, 'Immediate': 0, 'IM': 0, 'AE': 0, 'A E': 0, 'AAPDA MITRA': 0, 'Bridge': 0, 'River': 0, 'Drain': 0, 'Restoration': 0, 'Protection': 0, 'irr': 0, 'irrigation': 0, 'dam': 0, 'Nallah': 0, 'nala': 0, 'Retrofitting': 0, 'Pond': 0, 'Pokhari': 0, 'D/C': 0, 'Recharge shaft': 0, 'LFB': 0, 'RFB': 0}","{'Floodlight': 0, 'Flood Light': 0, 'GAS': 0, 'FIFA': 0, 'pipe': 0, 'pipes': 0, 'covid': 0, 'supply': 0, 'Beautification': 0, 'Installation': 0}",,,False,False,Others
76155,NIT-16/2024-25/GR-07,CONSTRUCTION OF DRAIN FROM (1) DHURUP SAH JI HOUSE VIA SURENDRA YADAV JI HOUSE  TO PUNDAB YADAV JI HOUSE AND  (2) VINDHAYACHAL MISTRI JI HOUSE TO TUN TUN MISTRI JI HOUSE IN GORWA TOLA  FOR WARD NO-37 UNDER NAGAR NIGAM BETTIAH DURING THE YEAR -2023-2024,CONSTRUCTION OF DRAIN FROM (1) DHURUP SAH JI HOUSE VIA SURENDRA YADAV JI HOUSE  TO PUNDAB YADAV JI HOUSE AND  (2) VINDHAYACHAL MISTRI JI HOUSE TO TUN TUN MISTRI JI HOUSE IN GORWA TOLA  FOR WARD NO-37 UNDER NAGAR NIGAM BETTIAH DURING THE YEAR -2023-2024,905827.0,INR,INR,2024-10-17 07:16:16+00:00,2024-10-17T07:11:35.310000+00:00,2024-11-28T08:43:21+00:00,Laxman Tiwari,MC Bettiah Municipal Corporation,BETTIAH NAGAR NIGAM,OFFICE OF BETTIAH NAGAR NIGAM,Laxman Tiwari,MC Bettiah Municipal Corporation,BETTIAH NAGAR NIGAM,18117.0,1250.0,590.0,True,"{'Flood': 0, 'Embankment': 0, 'embkt': 0, 'Relief': 0, 'Erosion': 0, 'SDRF': 0, 'Inundation': 0, 'Hydrology': 0, 'Silt': 0, 'Siltation': 0, 'Bund': 0, 'Trench': 0, 'Breach': 0, 'Culvert': 0, 'Sluice': 0, 'Dyke': 0, 'Storm water drain': 0, 'Emergency': 0, 'Immediate': 0, 'IM': 0, 'AE': 0, 'A E': 0, 'AAPDA MITRA': 0, 'Bridge': 0, 'River': 0, 'Drain': 2, 'Restoration': 0, 'Protection': 0, 'irr': 0, 'irrigation': 0, 'dam': 0, 'Nallah': 0, 'nala': 0, 'Retrofitting': 0, 'Pond': 0, 'Pokhari': 0, 'D/C': 0, 'Recharge shaft': 0, 'LFB': 0, 'RFB': 0}","{'Floodlight': 0, 'Flood Light': 0, 'GAS': 0, 'FIFA': 0, 'pipe': 0, 'pipes': 0, 'covid': 0, 'supply': 0, 'Beautification': 0, 'Installation': 0}",,,False,True,Immediate Measures
76162,NIT05/2024-25/GR-02,Restoration work of PCC road from Mohammad Tabiv Bhai's house to Mohammad Javed Bhai's house and via Minhaj Sahab's house to Madrasa in Isha Nagar of ward number-22 of Nagar Parishad Phulwari Sharif.,Restoration work of PCC road from Mohammad Tabiv Bhai's house to Mohammad Javed Bhai's house and via Minhaj Sahab's house to Madrasa in Isha Nagar of ward number-22 of Nagar Parishad Phulwari Sharif.,1310917.0,INR,INR,2024-10-18 07:07:09+00:00,2024-10-17T07:27:20.958000+00:00,2024-11-28T07:48:33+00:00,DEEPAK JHA,"EXECUTIVE OFFICER, PHULWARI NAGAR PARISHAD",Nagar Parishad Phulwari Sharif,"Chunauti Kuan, Phulwari Sharif, Patna",DEEPAK JHA,"EXECUTIVE OFFICER, PHULWARI NAGAR PARISHAD",NAGAR PARISHAD PHULWARI SHARIF,26300.0,5000.0,590.0,True,"{'Flood': 0, 'Embankment': 0, 'embkt': 0, 'Relief': 0, 'Erosion': 0, 'SDRF': 0, 'Inundation': 0, 'Hydrology': 0, 'Silt': 0, 'Siltation': 0, 'Bund': 0, 'Trench': 0, 'Breach': 0, 'Culvert': 0, 'Sluice': 0, 'Dyke': 0, 'Storm water drain': 0, 'Emergency': 0, 'Immediate': 0, 'IM': 0, 'AE': 0, 'A E': 0, 'AAPDA MITRA': 0, 'Bridge': 0, 'River': 0, 'Drain': 0, 'Restoration': 2, 'Protection': 0, 'irr': 0, 'irrigation': 0, 'dam': 0, 'Nallah': 0, 'nala': 0, 'Retrofitting': 0, 'Pond': 0, 'Pokhari': 0, 'D/C': 0, 'Recharge shaft': 0, 'LFB': 0, 'RFB': 0}","{'Floodlight': 0, 'Flood Light': 0, 'GAS': 0, 'FIFA': 0, 'pipe': 0, 'pipes': 0, 'covid': 0, 'supply': 0, 'Beautification': 0, 'Installation': 0}",,,False,True,Immediate Measures
76154,NIT05/2024-25/GR-01,Construction work of PCC road and RCC drain from Sabjpura road to Chhotu's house in New Sabjpura of ward number 1 of Nagar Parishad Phulwari Sharif.,Construction work of PCC road and RCC drain from Sabjpura road to Chhotu's house in New Sabjpura of ward number 1 of Nagar Parishad Phulwari Sharif.,1377779.0,INR,INR,2024-10-18 07:04:53+00:00,2024-10-17T07:09:56.761000+00:00,2024-11-28T07:47:08+00:00,DEEPAK JHA,"EXECUTIVE OFFICER, PHULWARI NAGAR PARISHAD",Nagar Parishad Phulwari Sharif,"Chunauti Kuan, Phulwari Sharif, Patna",DEEPAK JHA,"EXECUTIVE OFFICER, PHULWARI NAGAR PARISHAD",NAGAR PARISHAD PHULWARI SHARIF,27600.0,2500.0,590.0,True,"{'Flood': 0, 'Embankment': 0, 'embkt': 0, 'Relief': 0, 'Erosion': 0, 'SDRF': 0, 'Inundation': 0, 'Hydrology': 0, 'Silt': 0, 'Siltation': 0, 'Bund': 0, 'Trench': 0, 'Breach': 0, 'Culvert': 0, 'Sluice': 0, 'Dyke': 0, 'Storm water drain': 0, 'Emergency': 0, 'Immediate': 0, 'IM': 0, 'AE': 0, 'A E': 0, 'AAPDA MITRA': 0, 'Bridge': 0, 'River': 0, 'Drain': 2, 'Restoration': 0, 'Protection': 0, 'irr': 0, 'irrigation': 0, 'dam': 0, 'Nallah': 0, 'nala': 0, 'Retrofitting': 0, 'Pond': 0, 'Pokhari': 0, 'D/C': 0, 'Recharge shaft': 0, 'LFB': 0, 'RFB': 0}","{'Floodlight': 0, 'Flood Light': 0, 'GAS': 0, 'FIFA': 0, 'pipe': 0, 'pipes': 0, 'covid': 0, 'supply': 0, 'Beautification': 0, 'Installation': 0}",,,False,True,Immediate Measures
76172,NIT05/2024-25/GR-04,"RCC drain construction work from the house of Ashfaq Sahab to the house of Syed Nazir Jamal in Federal Colony, Ward No. 8 of Municipal Council Phulwari Sharif.","RCC drain construction work from the house of Ashfaq Sahab to the house of Syed Nazir Jamal in Federal Colony, Ward No. 8 of Municipal Council Phulwari Sharif.",2129102.0,INR,INR,2024-10-18 07:11:05+00:00,2024-10-17T08:01:51.479000+00:00,2024-11-28T08:23:21+00:00,DEEPAK JHA,"EXECUTIVE OFFICER, PHULWARI NAGAR PARISHAD",Nagar Parishad Phulwari Sharif,"Chunauti Kuan, Phulwari Sharif, Patna",DEEPAK JHA,"EXECUTIVE OFFICER, PHULWARI NAGAR PARISHAD",NAGAR PARISHAD PHULWARI SHARIF,42600.0,5000.0,590.0,True,"{'Flood': 0, 'Embankment': 0, 'embkt': 0, 'Relief': 0, 'Erosion': 0, 'SDRF': 0, 'Inundation': 0, 'Hydrology': 0, 'Silt': 0, 'Siltation': 0, 'Bund': 0, 'Trench': 0, 'Breach': 0, 'Culvert': 0, 'Sluice': 0, 'Dyke': 0, 'Storm water drain': 0, 'Emergency': 0, 'Immediate': 0, 'IM': 0, 'AE': 0, 'A E': 0, 'AAPDA MITRA': 0, 'Bridge': 0, 'River': 0, 'Drain': 2, 'Restoration': 0, 'Protection': 0, 'irr': 0, 'irrigation': 0, 'dam': 0, 'Nallah': 0, 'nala': 0, 'Retrofitting': 0, 'Pond': 0, 'Pokhari': 0, 'D/C': 0, 'Recharge shaft': 0, 'LFB': 0, 'RFB': 0}","{'Floodlight': 0, 'Flood Light': 0, 'GAS': 0, 'FIFA': 0, 'pipe': 0, 'pipes': 0, 'covid': 0, 'supply': 0, 'Beautification': 0, 'Installation': 0}",,,False,True,Immediate Measures
76176,NIT05/2024-25/GR-06,"RCC drain construction work is going on in Gulistan Mohalla, Ward No. 20 of Nagar Parishad Phulwari Sharif from the front of Vakil Sahab's house via Shamim Master's house to the front of Qaim Mansuri's house.","RCC drain construction work is going on in Gulistan Mohalla, Ward No. 20 of Nagar Parishad Phulwari Sharif from the front of Vakil Sahab's house via Shamim Master's house to the front of Qaim Mansuri's house.",1673796.0,INR,INR,2024-10-18 07:15:52+00:00,2024-10-17T08:08:02.089000+00:00,2024-11-28T08:24:30+00:00,DEEPAK JHA,"EXECUTIVE OFFICER, PHULWARI NAGAR PARISHAD",Nagar Parishad Phulwari Sharif,"Chunauti Kuan, Phulwari Sharif, Patna",DEEPAK JHA,"EXECUTIVE OFFICER, PHULWARI NAGAR PARISHAD",NAGAR PARISHAD PHULWARI SHARIF,33500.0,5000.0,590.0,True,"{'Flood': 0, 'Embankment': 0, 'embkt': 0, 'Relief': 0, 'Erosion': 0, 'SDRF': 0, 'Inundation': 0, 'Hydrology': 0, 'Silt': 0, 'Siltation': 0, 'Bund': 0, 'Trench': 0, 'Breach': 0, 'Culvert': 0, 'Sluice': 0, 'Dyke': 0, 'Storm water drain': 0, 'Emergency': 0, 'Immediate': 0, 'IM': 0, 'AE': 0, 'A E': 0, 'AAPDA MITRA': 0, 'Bridge': 0, 'River': 0, 'Drain': 2, 'Restoration': 0, 'Protection': 0, 'irr': 0, 'irrigation': 0, 'dam': 0, 'Nallah': 0, 'nala': 0, 'Retrofitting': 0, 'Pond': 0, 'Pokhari': 0, 'D/C': 0, 'Recharge shaft': 0, 'LFB': 0, 'RFB': 0}","{'Floodlight': 0, 'Flood Light': 0, 'GAS': 0, 'FIFA': 0, 'pipe': 0, 'pipes': 0, 'covid': 0, 'supply': 0, 'Beautification': 0, 'Installation': 0}",,,False,True,Immediate Measures
76173,NIT05/2024-25/GR-05,RCC drain and PCC road construction work from the house of Rashtriyaganj Satyendra Sharma to the house of D.N. Singh in ward number 05 of Municipal Council Phulwari Sharif.,RCC drain and PCC road construction work from the house of Rashtriyaganj Satyendra Sharma to the house of D.N. Singh in ward number 05 of Municipal Council Phulwari Sharif.,1422176.0,INR,INR,2024-10-18 07:13:18+00:00,2024-10-17T08:04:54.847000+00:00,2024-11-28T08:23:54+00:00,DEEPAK JHA,"EXECUTIVE OFFICER, PHULWARI NAGAR PARISHAD",Nagar Parishad Phulwari Sharif,"Chunauti Kuan, Phulwari Sharif, Patna",DEEPAK JHA,"EXECUTIVE OFFICER, PHULWARI NAGAR PARISHAD",NAGAR PARISHAD PHULWARI SHARIF,28500.0,2500.0,590.0,True,"{'Flood': 0, 'Embankment': 0, 'embkt': 0, 'Relief': 0, 'Erosion': 0, 'SDRF': 0, 'Inundation': 0, 'Hydrology': 0, 'Silt': 0, 'Siltation': 0, 'Bund': 0, 'Trench': 0, 'Breach': 0, 'Culvert': 0, 'Sluice': 0, 'Dyke': 0, 'Storm water drain': 0, 'Emergency': 0, 'Immediate': 0, 'IM': 0, 'AE': 0, 'A E': 0, 'AAPDA MITRA': 0, 'Bridge': 0, 'River': 0, 'Drain': 2, 'Restoration': 0, 'Protection': 0, 'irr': 0, 'irrigation': 0, 'dam': 0, 'Nallah': 0, 'nala': 0, 'Retrofitting': 0, 'Pond': 0, 'Pokhari': 0, 'D/C': 0, 'Recharge shaft': 0, 'LFB': 0, 'RFB': 0}","{'Floodlight': 0, 'Flood Light': 0, 'GAS': 0, 'FIFA': 0, 'pipe': 0, 'pipes': 0, 'covid': 0, 'supply': 0, 'Beautification': 0, 'Installation': 0}",,,False,True,Immediate Measures
76171,NIT05/2024-25/GR-03,"Construction work of PCC road and RCC drain from Sonu Bhai's house to Shamshad Sahab's house in Makhdum Rasti Colony, Ward No. 2 of Municipal Council Phulwari Sharif.","Construction work of PCC road and RCC drain from Sonu Bhai's house to Shamshad Sahab's house in Makhdum Rasti Colony, Ward No. 2 of Municipal Council Phulwari Sharif.",2079800.0,INR,INR,2024-10-18 07:08:56+00:00,2024-10-17T07:58:34.367000+00:00,2024-11-28T07:50:30+00:00,DEEPAK JHA,"EXECUTIVE OFFICER, PHULWARI NAGAR PARISHAD",Nagar Parishad Phulwari Sharif,"Chunauti Kuan, Phulwari Sharif, Patna",DEEPAK JHA,"EXECUTIVE OFFICER, PHULWARI NAGAR PARISHAD",NAGAR PARISHAD PHULWARI SHARIF,41700.0,5000.0,590.0,True,"{'Flood': 0, 'Embankment': 0, 'embkt': 0, 'Relief': 0, 'Erosion': 0, 'SDRF': 0, 'Inundation': 0, 'Hydrology': 0, 'Silt': 0, 'Siltation': 0, 'Bund': 0, 'Trench': 0, 'Breach': 0, 'Culvert': 0, 'Sluice': 0, 'Dyke': 0, 'Storm water drain': 0, 'Emergency': 0, 'Immediate': 0, 'IM': 0, 'AE': 0, 'A E': 0, 'AAPDA MITRA': 0, 'Bridge': 0, 'River': 0, 'Drain': 2, 'Restoration': 0, 'Protection': 0, 'irr': 0, 'irrigation': 0, 'dam': 0, 'Nallah': 0, 'nala': 0, 'Retrofitting': 0, 'Pond': 0, 'Pokhari': 0, 'D/C': 0, 'Recharge shaft': 0, 'LFB': 0, 'RFB': 0}","{'Floodlight': 0, 'Flood Light': 0, 'GAS': 0, 'FIFA': 0, 'pipe': 0, 'pipes': 0, 'covid': 0, 'supply': 0, 'Beautification': 0, 'Installation': 0}",,,False,True,Immediate Measures
76177,NIT05/2024-25/GR-07,"Construction of RCC drain work in Taj Enclave, Rashtriyaganj, Ward No. 7 of Nagar Parishad Phulwari Sharif, from the south side of the road from the house of Mohd. Khurshid Qamar to Taj Mosque and from the house of Mohd. Yakub Ansari to the house of Shaukat Jameel, from the house of Arfin ji to the house of Mohd. Asif ji and from the house of late Sharafraz Ahmed to the house of Norwais Akhtar.","Construction of RCC drain work in Taj Enclave, Rashtriyaganj, Ward No. 7 of Nagar Parishad Phulwari Sharif, from the south side of the road from the house of Mohd. Khurshid Qamar to Taj Mosque and from the house of Mohd. Yakub Ansari to the house of Shaukat Jameel, from the house of Arfin ji to the house of Mohd. Asif ji and from the house of late Sharafraz Ahmed to the house of Norwais Akhtar.",2492642.0,INR,INR,2024-10-18 07:19:02+00:00,2024-10-17T08:10:59.225000+00:00,2024-11-28T08:25:14+00:00,DEEPAK JHA,"EXECUTIVE OFFICER, PHULWARI NAGAR PARISHAD",Nagar Parishad Phulwari Sharif,"Chunauti Kuan, Phulwari Sharif, Patna",DEEPAK JHA,"EXECUTIVE OFFICER, PHULWARI NAGAR PARISHAD",NAGAR PARISHAD PHULWARI SHARIF,49900.0,5000.0,590.0,True,"{'Flood': 0, 'Embankment': 0, 'embkt': 0, 'Relief': 0, 'Erosion': 0, 'SDRF': 0, 'Inundation': 0, 'Hydrology': 0, 'Silt': 0, 'Siltation': 0, 'Bund': 0, 'Trench': 0, 'Breach': 0, 'Culvert': 0, 'Sluice': 0, 'Dyke': 0, 'Storm water drain': 0, 'Emergency': 0, 'Immediate': 0, 'IM': 0, 'AE': 0, 'A E': 0, 'AAPDA MITRA': 0, 'Bridge': 0, 'River': 0, 'Drain': 2, 'Restoration': 0, 'Protection': 0, 'irr': 0, 'irrigation': 0, 'dam': 0, 'Nallah': 0, 'nala': 0, 'Retrofitting': 0, 'Pond': 0, 'Pokhari': 0, 'D/C': 0, 'Recharge shaft': 0, 'LFB': 0, 'RFB': 0}","{'Floodlight': 0, 'Flood Light': 0, 'GAS': 0, 'FIFA': 0, 'pipe': 0, 'pipes': 0, 'covid': 0, 'supply': 0, 'Beautification': 0, 'Installation': 0}",,,False,True,Immediate Measures
76180,NIT05/2024-25/GR-08,"RCC drain construction work in Taj Enclave, Rashtriyaganj, Ward No. 7 of Nagar Parishad Phulwari Sharif, on the north side of the road from the house of Mohammed Malik Sahab to the house of Engineer Imtiaz Sahab and from the main road to the house of Dr. Tausif Sahab, from the house of Mohammad Raja to the house of Mohammed Jakeem Imam and from Yakub Ansari to the house of former minister Shahid Ali Khan.","RCC drain construction work in Taj Enclave, Rashtriyaganj, Ward No. 7 of Nagar Parishad Phulwari Sharif, on the north side of the road from the house of Mohammed Malik Sahab to the house of Engineer Imtiaz Sahab and from the main road to the house of Dr. Tausif Sahab, from the house of Mohammad Raja to the house of Mohammed Jakeem Imam and from Yakub Ansari to the house of former minister Shahid Ali Khan.",2498106.0,INR,INR,2024-10-18 07:21:11+00:00,2024-10-17T08:14:42.665000+00:00,2024-11-28T08:26:26+00:00,DEEPAK JHA,"EXECUTIVE OFFICER, PHULWARI NAGAR PARISHAD",Nagar Parishad Phulwari Sharif,"Chunauti Kuan, Phulwari Sharif, Patna",DEEPAK JHA,"EXECUTIVE OFFICER, PHULWARI NAGAR PARISHAD",NAGAR PARISHAD PHULWARI SHARIF,50000.0,5000.0,590.0,True,"{'Flood': 0, 'Embankment': 0, 'embkt': 0, 'Relief': 0, 'Erosion': 0, 'SDRF': 0, 'Inundation': 0, 'Hydrology': 0, 'Silt': 0, 'Siltation': 0, 'Bund': 0, 'Trench': 0, 'Breach': 0, 'Culvert': 0, 'Sluice': 0, 'Dyke': 0, 'Storm water drain': 0, 'Emergency': 0, 'Immediate': 0, 'IM': 0, 'AE': 0, 'A E': 0, 'AAPDA MITRA': 0, 'Bridge': 0, 'River': 0, 'Drain': 2, 'Restoration': 0, 'Protection': 0, 'irr': 0, 'irrigation': 0, 'dam': 0, 'Nallah': 0, 'nala': 0, 'Retrofitting': 0, 'Pond': 0, 'Pokhari': 0, 'D/C': 0, 'Recharge shaft': 0, 'LFB': 0, 'RFB': 0}","{'Floodlight': 0, 'Flood Light': 0, 'GAS': 0, 'FIFA': 0, 'pipe': 0, 'pipes': 0, 'covid': 0, 'supply': 0, 'Beautification': 0, 'Installation': 0}",,,False,True,Immediate Measures
76189,NIT05/2024-25/GR-12,RCC drain construction work from Surendra Singh's house to the drain in front of Nagendra Prasad Singh in Mitra Mandal Colony of Ward No. 11 of Nagar Parishad Phulwari Sharif.,RCC drain construction work from Surendra Singh's house to the drain in front of Nagendra Prasad Singh in Mitra Mandal Colony of Ward No. 11 of Nagar Parishad Phulwari Sharif.,1484500.0,INR,INR,2024-10-18 07:31:18+00:00,2024-10-17T08:34:07.119000+00:00,2024-11-28T08:39:41+00:00,DEEPAK JHA,"EXECUTIVE OFFICER, PHULWARI NAGAR PARISHAD",Nagar Parishad Phulwari Sharif,"Chunauti Kuan, Phulwari Sharif, Patna",DEEPAK JHA,"EXECUTIVE OFFICER, PHULWARI NAGAR PARISHAD",NAGAR PARISHAD PHULWARI SHARIF,29700.0,2500.0,590.0,True,"{'Flood': 0, 'Embankment': 0, 'embkt': 0, 'Relief': 0, 'Erosion': 0, 'SDRF': 0, 'Inundation': 0, 'Hydrology': 0, 'Silt': 0, 'Siltation': 0, 'Bund': 0, 'Trench': 0, 'Breach': 0, 'Culvert': 0, 'Sluice': 0, 'Dyke': 0, 'Storm water drain': 0, 'Emergency': 0, 'Immediate': 0, 'IM': 0, 'AE': 0, 'A E': 0, 'AAPDA MITRA': 0, 'Bridge': 0, 'River': 0, 'Drain': 4, 'Restoration': 0, 'Protection': 0, 'irr': 0, 'irrigation': 0, 'dam': 0, 'Nallah': 0, 'nala': 0, 'Retrofitting': 0, 'Pond': 0, 'Pokhari': 0, 'D/C': 0, 'Recharge shaft': 0, 'LFB': 0, 'RFB': 0}","{'Floodlight': 0, 'Flood Light': 0, 'GAS': 0, 'FIFA': 0, 'pipe': 0, 'pipes': 0, 'covid': 0, 'supply': 0, 'Beautification': 0, 'Installation': 0}",,,False,True,Immediate Measures
76190,NIT05/2024-25/GR-13,"PCC road construction work from Surendra Singh's house to the drain in front of Nagendra Prasad Singh in Mitra Mandal Colony, Ward No. 11 of Nagar Parishad Phulwari Sharif.","PCC road construction work from Surendra Singh's house to the drain in front of Nagendra Prasad Singh in Mitra Mandal Colony, Ward No. 11 of Nagar Parishad Phulwari Sharif.",1968021.0,INR,INR,2024-10-18 07:33:09+00:00,2024-10-17T08:38:00.004000+00:00,2024-11-28T08:43:46+00:00,DEEPAK JHA,"EXECUTIVE OFFICER, PHULWARI NAGAR PARISHAD",Nagar Parishad Phulwari Sharif,"Chunauti Kuan, Phulwari Sharif, Patna",DEEPAK JHA,"EXECUTIVE OFFICER, PHULWARI NAGAR PARISHAD",NAGAR PARISHAD PHULWARI SHARIF,39400.0,5000.0,590.0,True,"{'Flood': 0, 'Embankment': 0, 'embkt': 0, 'Relief': 0, 'Erosion': 0, 'SDRF': 0, 'Inundation': 0, 'Hydrology': 0, 'Silt': 0, 'Siltation': 0, 'Bund': 0, 'Trench': 0, 'Breach': 0, 'Culvert': 0, 'Sluice': 0, 'Dyke': 0, 'Storm water drain': 0, 'Emergency': 0, 'Immediate': 0, 'IM': 0, 'AE': 0, 'A E': 0, 'AAPDA MITRA': 0, 'Bridge': 0, 'River': 0, 'Drain': 2, 'Restoration': 0, 'Protection': 0, 'irr': 0, 'irrigation': 0, 'dam': 0, 'Nallah': 0, 'nala': 0, 'Retrofitting': 0, 'Pond': 0, 'Pokhari': 0, 'D/C': 0, 'Recharge shaft': 0, 'LFB': 0, 'RFB': 0}","{'Floodlight': 0, 'Flood Light': 0, 'GAS': 0, 'FIFA': 0, 'pipe': 0, 'pipes': 0, 'covid': 0, 'supply': 0, 'Beautification': 0, 'Installation': 0}",,,False,True,Immediate Measures
76186,NIT05/2024-25/GR-10,"RCC drain construction work from Bablu Bhai's house to MashaAllah's house in Road No. 2 of Haroon Nagar Sector-2, Ward No. 9 of Municipal Council Phulwari Sharif.","RCC drain construction work from Bablu Bhai's house to MashaAllah's house in Road No. 2 of Haroon Nagar Sector-2, Ward No. 9 of Municipal Council Phulwari Sharif.",1510500.0,INR,INR,2024-10-18 07:26:23+00:00,2024-10-17T08:25:17.299000+00:00,2024-11-28T08:27:30+00:00,DEEPAK JHA,"EXECUTIVE OFFICER, PHULWARI NAGAR PARISHAD",Nagar Parishad Phulwari Sharif,"Chunauti Kuan, Phulwari Sharif, Patna",DEEPAK JHA,"EXECUTIVE OFFICER, PHULWARI NAGAR PARISHAD",NAGAR PARISHAD PHULWARI SHARIF,30300.0,2500.0,590.0,True,"{'Flood': 0, 'Embankment': 0, 'embkt': 0, 'Relief': 0, 'Erosion': 0, 'SDRF': 0, 'Inundation': 0, 'Hydrology': 0, 'Silt': 0, 'Siltation': 0, 'Bund': 0, 'Trench': 0, 'Breach': 0, 'Culvert': 0, 'Sluice': 0, 'Dyke': 0, 'Storm water drain': 0, 'Emergency': 0, 'Immediate': 0, 'IM': 0, 'AE': 0, 'A E': 0, 'AAPDA MITRA': 0, 'Bridge': 0, 'River': 0, 'Drain': 2, 'Restoration': 0, 'Protection': 0, 'irr': 0, 'irrigation': 0, 'dam': 0, 'Nallah': 0, 'nala': 0, 'Retrofitting': 0, 'Pond': 0, 'Pokhari': 0, 'D/C': 0, 'Recharge shaft': 0, 'LFB': 0, 'RFB': 0}","{'Floodlight': 0, 'Flood Light': 0, 'GAS': 0, 'FIFA': 0, 'pipe': 0, 'pipes': 0, 'covid': 0, 'supply': 0, 'Beautification': 0, 'Installation': 0}",,,False,True,Immediate Measures
76197,NIT05/2024-25/GR-16,"PCC road construction work from Anganwadi to Ranipur Bridge in Kanhaiya Nagar, Ward No. 12 of Municipal Council Phulwari Sharif.","PCC road construction work from Anganwadi to Ranipur Bridge in Kanhaiya Nagar, Ward No. 12 of Municipal Council Phulwari Sharif.",1850094.0,INR,INR,2024-10-18 07:38:18+00:00,2024-10-17T09:01:32.139000+00:00,2024-11-28T08:47:11+00:00,DEEPAK JHA,"EXECUTIVE OFFICER, PHULWARI NAGAR PARISHAD",Nagar Parishad Phulwari Sharif,"Chunauti Kuan, Phulwari Sharif, Patna",DEEPAK JHA,"EXECUTIVE OFFICER, PHULWARI NAGAR PARISHAD",NAGAR PARISHAD PHULWARI SHARIF,37100.0,5000.0,590.0,True,"{'Flood': 0, 'Embankment': 0, 'embkt': 0, 'Relief': 0, 'Erosion': 0, 'SDRF': 0, 'Inundation': 0, 'Hydrology': 0, 'Silt': 0, 'Siltation': 0, 'Bund': 0, 'Trench': 0, 'Breach': 0, 'Culvert': 0, 'Sluice': 0, 'Dyke': 0, 'Storm water drain': 0, 'Emergency': 0, 'Immediate': 0, 'IM': 0, 'AE': 0, 'A E': 0, 'AAPDA MITRA': 0, 'Bridge': 2, 'River': 0, 'Drain': 0, 'Restoration': 0, 'Protection': 0, 'irr': 0, 'irrigation': 0, 'dam': 0, 'Nallah': 0, 'nala': 0, 'Retrofitting': 0, 'Pond': 0, 'Pokhari': 0, 'D/C': 0, 'Recharge shaft': 0, 'LFB': 0, 'RFB': 0}","{'Floodlight': 0, 'Flood Light': 0, 'GAS': 0, 'FIFA': 0, 'pipe': 0, 'pipes': 0, 'covid': 0, 'supply': 0, 'Beautification': 0, 'Installation': 0}",,,False,True,Immediate Measures
76200,NIT05/2024-25/GR-19,Construction of PCC road and RCC drain work in Naya Tola of Ward No. 20 of Nagar Parishad Phulwari Sharif from Dilsad's house to Sameem's house via Chand Electric's house and from Aftab's house to Imtiaz's house.,Construction of PCC road and RCC drain work in Naya Tola of Ward No. 20 of Nagar Parishad Phulwari Sharif from Dilsad's house to Sameem's house via Chand Electric's house and from Aftab's house to Imtiaz's house.,1704800.0,INR,INR,2024-10-18 07:51:32+00:00,2024-10-17T09:12:36.960000+00:00,2024-11-28T08:49:09+00:00,DEEPAK JHA,"EXECUTIVE OFFICER, PHULWARI NAGAR PARISHAD",Nagar Parishad Phulwari Sharif,"Chunauti Kuan, Phulwari Sharif, Patna",DEEPAK JHA,"EXECUTIVE OFFICER, PHULWARI NAGAR PARISHAD",NAGAR PARISHAD PHULWARI SHARIF,34100.0,5000.0,590.0,True,"{'Flood': 0, 'Embankment': 0, 'embkt': 0, 'Relief': 0, 'Erosion': 0, 'SDRF': 0, 'Inundation': 0, 'Hydrology': 0, 'Silt': 0, 'Siltation': 0, 'Bund': 0, 'Trench': 0, 'Breach': 0, 'Culvert': 0, 'Sluice': 0, 'Dyke': 0, 'Storm water drain': 0, 'Emergency': 0, 'Immediate': 0, 'IM': 0, 'AE': 0, 'A E': 0, 'AAPDA MITRA': 0, 'Bridge': 0, 'River': 0, 'Drain': 2, 'Restoration': 0, 'Protection': 0, 'irr': 0, 'irrigation': 0, 'dam': 0, 'Nallah': 0, 'nala': 0, 'Retrofitting': 0, 'Pond': 0, 'Pokhari': 0, 'D/C': 0, 'Recharge shaft': 0, 'LFB': 0, 'RFB': 0}","{'Floodlight': 0, 'Flood Light': 0, 'GAS': 0, 'FIFA': 0, 'pipe': 0, 'pipes': 0, 'covid': 0, 'supply': 0, 'Beautification': 0, 'Installation': 0}",,,False,True,Immediate Measures
76199,NIT05/2024-25/GR-18,Restoration work of PCC road from the house of Mohd. Shahid to the house of Mohd. Tassu via the house of Mohd. Jamal Sahab to the house of Noor Hasan in Naharpura of ward number 16 of Nagar Parishad Phulwari Sharif.,Restoration work of PCC road from the house of Mohd. Shahid to the house of Mohd. Tassu via the house of Mohd. Jamal Sahab to the house of Noor Hasan in Naharpura of ward number 16 of Nagar Parishad Phulwari Sharif.,785861.0,INR,INR,2024-10-18 07:42:57+00:00,2024-10-17T09:08:55.640000+00:00,2024-11-28T08:48:25+00:00,DEEPAK JHA,"EXECUTIVE OFFICER, PHULWARI NAGAR PARISHAD",Nagar Parishad Phulwari Sharif,"Chunauti Kuan, Phulwari Sharif, Patna",DEEPAK JHA,"EXECUTIVE OFFICER, PHULWARI NAGAR PARISHAD",NAGAR PARISHAD PHULWARI SHARIF,15800.0,1250.0,590.0,True,"{'Flood': 0, 'Embankment': 0, 'embkt': 0, 'Relief': 0, 'Erosion': 0, 'SDRF': 0, 'Inundation': 0, 'Hydrology': 0, 'Silt': 0, 'Siltation': 0, 'Bund': 0, 'Trench': 0, 'Breach': 0, 'Culvert': 0, 'Sluice': 0, 'Dyke': 0, 'Storm water drain': 0, 'Emergency': 0, 'Immediate': 0, 'IM': 0, 'AE': 0, 'A E': 0, 'AAPDA MITRA': 0, 'Bridge': 0, 'River': 0, 'Drain': 0, 'Restoration': 2, 'Protection': 0, 'irr': 0, 'irrigation': 0, 'dam': 0, 'Nallah': 0, 'nala': 0, 'Retrofitting': 0, 'Pond': 0, 'Pokhari': 0, 'D/C': 0, 'Recharge shaft': 0, 'LFB': 0, 'RFB': 0}","{'Floodlight': 0, 'Flood Light': 0, 'GAS': 0, 'FIFA': 0, 'pipe': 0, 'pipes': 0, 'covid': 0, 'supply': 0, 'Beautification': 0, 'Installation': 0}",,,False,True,Immediate Measures
76212,NIT05/2024-25/GR-22,"RCC drain and PCC road construction work from Rakesh ji's house to the main road in Rai Chowk, ward number 24 of Nagar Parishad Phulwari Sharif.","RCC drain and PCC road construction work from Rakesh ji's house to the main road in Rai Chowk, ward number 24 of Nagar Parishad Phulwari Sharif.",416565.0,INR,INR,2024-10-18 08:01:04+00:00,2024-10-17T09:28:37.826000+00:00,2024-11-28T08:51:20+00:00,DEEPAK JHA,"EXECUTIVE OFFICER, PHULWARI NAGAR PARISHAD",Nagar Parishad Phulwari Sharif,"Chunauti Kuan, Phulwari Sharif, Patna",DEEPAK JHA,"EXECUTIVE OFFICER, PHULWARI NAGAR PARISHAD",NAGAR PARISHAD PHULWARI SHARIF,8400.0,750.0,590.0,True,"{'Flood': 0, 'Embankment': 0, 'embkt': 0, 'Relief': 0, 'Erosion': 0, 'SDRF': 0, 'Inundation': 0, 'Hydrology': 0, 'Silt': 0, 'Siltation': 0, 'Bund': 0, 'Trench': 0, 'Breach': 0, 'Culvert': 0, 'Sluice': 0, 'Dyke': 0, 'Storm water drain': 0, 'Emergency': 0, 'Immediate': 0, 'IM': 0, 'AE': 0, 'A E': 0, 'AAPDA MITRA': 0, 'Bridge': 0, 'River': 0, 'Drain': 2, 'Restoration': 0, 'Protection': 0, 'irr': 0, 'irrigation': 0, 'dam': 0, 'Nallah': 0, 'nala': 0, 'Retrofitting': 0, 'Pond': 0, 'Pokhari': 0, 'D/C': 0, 'Recharge shaft': 0, 'LFB': 0, 'RFB': 0}","{'Floodlight': 0, 'Flood Light': 0, 'GAS': 0, 'FIFA': 0, 'pipe': 0, 'pipes': 0, 'covid': 0, 'supply': 0, 'Beautification': 0, 'Installation': 0}",,,False,True,Immediate Measures
76203,NIT05/2024-25/GR-21,Construction of RCC drain from community hall to water tank and from Nizam Saheb's house to Munna Saav's house in Harijan Tola Dusad Toli of ward number 23 of Nagar Parishad Phulwari Sharif and PCC road renovation work in part.,Construction of RCC drain from community hall to water tank and from Nizam Saheb's house to Munna Saav's house in Harijan Tola Dusad Toli of ward number 23 of Nagar Parishad Phulwari Sharif and PCC road renovation work in part.,1163800.0,INR,INR,2024-10-18 07:58:15+00:00,2024-10-17T09:20:19.660000+00:00,2024-11-28T08:50:48+00:00,DEEPAK JHA,"EXECUTIVE OFFICER, PHULWARI NAGAR PARISHAD",Nagar Parishad Phulwari Sharif,"Chunauti Kuan, Phulwari Sharif, Patna",DEEPAK JHA,"EXECUTIVE OFFICER, PHULWARI NAGAR PARISHAD",NAGAR PARISHAD PHULWARI SHARIF,23300.0,2500.0,590.0,True,"{'Flood': 0, 'Embankment': 0, 'embkt': 0, 'Relief': 0, 'Erosion': 0, 'SDRF': 0, 'Inundation': 0, 'Hydrology': 0, 'Silt': 0, 'Siltation': 0, 'Bund': 0, 'Trench': 0, 'Breach': 0, 'Culvert': 0, 'Sluice': 0, 'Dyke': 0, 'Storm water drain': 0, 'Emergency': 0, 'Immediate': 0, 'IM': 0, 'AE': 0, 'A E': 0, 'AAPDA MITRA': 0, 'Bridge': 0, 'River': 0, 'Drain': 2, 'Restoration': 0, 'Protection': 0, 'irr': 0, 'irrigation': 0, 'dam': 0, 'Nallah': 0, 'nala': 0, 'Retrofitting': 0, 'Pond': 0, 'Pokhari': 0, 'D/C': 0, 'Recharge shaft': 0, 'LFB': 0, 'RFB': 0}","{'Floodlight': 0, 'Flood Light': 0, 'GAS': 0, 'FIFA': 0, 'pipe': 0, 'pipes': 0, 'covid': 0, 'supply': 0, 'Beautification': 0, 'Installation': 0}",,,False,True,Immediate Measures
76201,NIT05/2024-25/GR-20,Restoration work of PCC road from Akil Khan's shop to the main drain in Aman Colony on the south side of Ishapur canal in ward number 23 of Municipal Council Phulwari Sharif.,Restoration work of PCC road from Akil Khan's shop to the main drain in Aman Colony on the south side of Ishapur canal in ward number 23 of Municipal Council Phulwari Sharif.,1205584.0,INR,INR,2024-10-18 07:53:42+00:00,2024-10-17T09:16:39.735000+00:00,2024-11-28T08:50:10+00:00,DEEPAK JHA,"EXECUTIVE OFFICER, PHULWARI NAGAR PARISHAD",Nagar Parishad Phulwari Sharif,"Chunauti Kuan, Phulwari Sharif, Patna",DEEPAK JHA,"EXECUTIVE OFFICER, PHULWARI NAGAR PARISHAD",NAGAR PARISHAD PHULWARI SHARIF,24200.0,2500.0,590.0,True,"{'Flood': 0, 'Embankment': 0, 'embkt': 0, 'Relief': 0, 'Erosion': 0, 'SDRF': 0, 'Inundation': 0, 'Hydrology': 0, 'Silt': 0, 'Siltation': 0, 'Bund': 0, 'Trench': 0, 'Breach': 0, 'Culvert': 0, 'Sluice': 0, 'Dyke': 0, 'Storm water drain': 0, 'Emergency': 0, 'Immediate': 0, 'IM': 0, 'AE': 0, 'A E': 0, 'AAPDA MITRA': 0, 'Bridge': 0, 'River': 0, 'Drain': 2, 'Restoration': 2, 'Protection': 0, 'irr': 0, 'irrigation': 0, 'dam': 0, 'Nallah': 0, 'nala': 0, 'Retrofitting': 0, 'Pond': 0, 'Pokhari': 0, 'D/C': 0, 'Recharge shaft': 0, 'LFB': 0, 'RFB': 0}","{'Floodlight': 0, 'Flood Light': 0, 'GAS': 0, 'FIFA': 0, 'pipe': 0, 'pipes': 0, 'covid': 0, 'supply': 0, 'Beautification': 0, 'Installation': 0}",,,False,True,Immediate Measures
76344,NIT05/2024-25/GR-28,RCC drain construction work from Sanjay Singh's house to Bhola Singh's house in Gwal Toli in ward number-24 under Municipal Council Phulwari Sharif.,RCC drain construction work from Sanjay Singh's house to Bhola Singh's house in Gwal Toli in ward number-24 under Municipal Council Phulwari Sharif.,1394621.0,INR,INR,2024-10-18 08:18:03+00:00,2024-10-18T06:22:22.337000+00:00,2024-11-28T08:55:41+00:00,DEEPAK JHA,"EXECUTIVE OFFICER, PHULWARI NAGAR PARISHAD",Nagar Parishad Phulwari Sharif,"Chunauti Kuan, Phulwari Sharif, Patna",DEEPAK JHA,"EXECUTIVE OFFICER, PHULWARI NAGAR PARISHAD",NAGAR PARISHAD PHULWARI SHARIF,27900.0,2500.0,590.0,True,"{'Flood': 0, 'Embankment': 0, 'embkt': 0, 'Relief': 0, 'Erosion': 0, 'SDRF': 0, 'Inundation': 0, 'Hydrology': 0, 'Silt': 0, 'Siltation': 0, 'Bund': 0, 'Trench': 0, 'Breach': 0, 'Culvert': 0, 'Sluice': 0, 'Dyke': 0, 'Storm water drain': 0, 'Emergency': 0, 'Immediate': 0, 'IM': 0, 'AE': 0, 'A E': 0, 'AAPDA MITRA': 0, 'Bridge': 0, 'River': 0, 'Drain': 2, 'Restoration': 0, 'Protection': 0, 'irr': 0, 'irrigation': 0, 'dam': 0, 'Nallah': 0, 'nala': 0, 'Retrofitting': 0, 'Pond': 0, 'Pokhari': 0, 'D/C': 0, 'Recharge shaft': 0, 'LFB': 0, 'RFB': 0}","{'Floodlight': 0, 'Flood Light': 0, 'GAS': 0, 'FIFA': 0, 'pipe': 0, 'pipes': 0, 'covid': 0, 'supply': 0, 'Beautification': 0, 'Installation': 0}",,,False,True,Immediate Measures
76345,NIT05/2024-25/GR-29,Construction of RCC drain from Mohan ji's house to Ishapur main road and from Chunnu's house to Afatab ji's house in Mali Gali in ward number 19 under Nagar Parishad Phulwari Sharif and PCC road construction work near Pradeep ji in a part of the lane.,Construction of RCC drain from Mohan ji's house to Ishapur main road and from Chunnu's house to Afatab ji's house in Mali Gali in ward number 19 under Nagar Parishad Phulwari Sharif and PCC road construction work near Pradeep ji in a part of the lane.,1750417.0,INR,INR,2024-10-18 08:20:22+00:00,2024-10-18T06:25:15.833000+00:00,2024-11-28T08:56:29+00:00,DEEPAK JHA,"EXECUTIVE OFFICER, PHULWARI NAGAR PARISHAD",Nagar Parishad Phulwari Sharif,"Chunauti Kuan, Phulwari Sharif, Patna",DEEPAK JHA,"EXECUTIVE OFFICER, PHULWARI NAGAR PARISHAD",NAGAR PARISHAD PHULWARI SHARIF,35100.0,5000.0,590.0,True,"{'Flood': 0, 'Embankment': 0, 'embkt': 0, 'Relief': 0, 'Erosion': 0, 'SDRF': 0, 'Inundation': 0, 'Hydrology': 0, 'Silt': 0, 'Siltation': 0, 'Bund': 0, 'Trench': 0, 'Breach': 0, 'Culvert': 0, 'Sluice': 0, 'Dyke': 0, 'Storm water drain': 0, 'Emergency': 0, 'Immediate': 0, 'IM': 0, 'AE': 0, 'A E': 0, 'AAPDA MITRA': 0, 'Bridge': 0, 'River': 0, 'Drain': 2, 'Restoration': 0, 'Protection': 0, 'irr': 0, 'irrigation': 0, 'dam': 0, 'Nallah': 0, 'nala': 0, 'Retrofitting': 0, 'Pond': 0, 'Pokhari': 0, 'D/C': 0, 'Recharge shaft': 0, 'LFB': 0, 'RFB': 0}","{'Floodlight': 0, 'Flood Light': 0, 'GAS': 0, 'FIFA': 0, 'pipe': 0, 'pipes': 0, 'covid': 0, 'supply': 0, 'Beautification': 0, 'Installation': 0}",,,False,True,Immediate Measures
76343,NIT05/2024-25/GR-27,Construction work of RCC drain from Sanjay Singh's house to Madhusudan Rai's house in Gwal Toli in ward number-24 under Municipal Council Phulwari Sharif.,Construction work of RCC drain from Sanjay Singh's house to Madhusudan Rai's house in Gwal Toli in ward number-24 under Municipal Council Phulwari Sharif.,1335403.0,INR,INR,2024-10-18 08:14:23+00:00,2024-10-18T06:19:00.902000+00:00,2024-11-28T08:55:10+00:00,DEEPAK JHA,"EXECUTIVE OFFICER, PHULWARI NAGAR PARISHAD",Nagar Parishad Phulwari Sharif,"Chunauti Kuan, Phulwari Sharif, Patna",DEEPAK JHA,"EXECUTIVE OFFICER, PHULWARI NAGAR PARISHAD",NAGAR PARISHAD PHULWARI SHARIF,26800.0,2500.0,590.0,True,"{'Flood': 0, 'Embankment': 0, 'embkt': 0, 'Relief': 0, 'Erosion': 0, 'SDRF': 0, 'Inundation': 0, 'Hydrology': 0, 'Silt': 0, 'Siltation': 0, 'Bund': 0, 'Trench': 0, 'Breach': 0, 'Culvert': 0, 'Sluice': 0, 'Dyke': 0, 'Storm water drain': 0, 'Emergency': 0, 'Immediate': 0, 'IM': 0, 'AE': 0, 'A E': 0, 'AAPDA MITRA': 0, 'Bridge': 0, 'River': 0, 'Drain': 2, 'Restoration': 0, 'Protection': 0, 'irr': 0, 'irrigation': 0, 'dam': 0, 'Nallah': 0, 'nala': 0, 'Retrofitting': 0, 'Pond': 0, 'Pokhari': 0, 'D/C': 0, 'Recharge shaft': 0, 'LFB': 0, 'RFB': 0}","{'Floodlight': 0, 'Flood Light': 0, 'GAS': 0, 'FIFA': 0, 'pipe': 0, 'pipes': 0, 'covid': 0, 'supply': 0, 'Beautification': 0, 'Installation': 0}",,,False,True,Immediate Measures
76347,NIT05/2024-25/GR-30,Construction of PCC road from the house of Mo. Rizwan Sahab in Alba Colony in ward number-26 under Municipal Council Phulwari Sharif to ITI Institute via Judge Sahab's boundary and RCC drain construction work from Judge Sahab's boundary to ITI Institute to the east.,Construction of PCC road from the house of Mo. Rizwan Sahab in Alba Colony in ward number-26 under Municipal Council Phulwari Sharif to ITI Institute via Judge Sahab's boundary and RCC drain construction work from Judge Sahab's boundary to ITI Institute to the east.,2272621.0,INR,INR,2024-10-18 08:21:59+00:00,2024-10-18T06:29:10.393000+00:00,2024-11-28T08:56:58+00:00,DEEPAK JHA,"EXECUTIVE OFFICER, PHULWARI NAGAR PARISHAD",Nagar Parishad Phulwari Sharif,"Chunauti Kuan, Phulwari Sharif, Patna",DEEPAK JHA,"EXECUTIVE OFFICER, PHULWARI NAGAR PARISHAD",NAGAR PARISHAD PHULWARI SHARIF,45500.0,5000.0,590.0,True,"{'Flood': 0, 'Embankment': 0, 'embkt': 0, 'Relief': 0, 'Erosion': 0, 'SDRF': 0, 'Inundation': 0, 'Hydrology': 0, 'Silt': 0, 'Siltation': 0, 'Bund': 0, 'Trench': 0, 'Breach': 0, 'Culvert': 0, 'Sluice': 0, 'Dyke': 0, 'Storm water drain': 0, 'Emergency': 0, 'Immediate': 0, 'IM': 0, 'AE': 0, 'A E': 0, 'AAPDA MITRA': 0, 'Bridge': 0, 'River': 0, 'Drain': 2, 'Restoration': 0, 'Protection': 0, 'irr': 0, 'irrigation': 0, 'dam': 0, 'Nallah': 0, 'nala': 0, 'Retrofitting': 0, 'Pond': 0, 'Pokhari': 0, 'D/C': 0, 'Recharge shaft': 0, 'LFB': 0, 'RFB': 0}","{'Floodlight': 0, 'Flood Light': 0, 'GAS': 0, 'FIFA': 0, 'pipe': 0, 'pipes': 0, 'covid': 0, 'supply': 0, 'Beautification': 0, 'Installation': 0}",,,False,True,Immediate Measures
76341,NIT05/2024-25/GR-25,Construction work of RCC drain and PCC road from Mahadev Sthan in Brahmapur of ward number 28 of Municipal Council Phulwari Sharif to Purba Dhoopnarayan's house via Nirj Kumar's house to Lalan Pandit's house.,Construction work of RCC drain and PCC road from Mahadev Sthan in Brahmapur of ward number 28 of Municipal Council Phulwari Sharif to Purba Dhoopnarayan's house via Nirj Kumar's house to Lalan Pandit's house.,1494300.0,INR,INR,2024-10-18 08:07:23+00:00,2024-10-18T06:13:09.764000+00:00,2024-11-28T08:53:41+00:00,DEEPAK JHA,"EXECUTIVE OFFICER, PHULWARI NAGAR PARISHAD",Nagar Parishad Phulwari Sharif,"Chunauti Kuan, Phulwari Sharif, Patna",DEEPAK JHA,"EXECUTIVE OFFICER, PHULWARI NAGAR PARISHAD",NAGAR PARISHAD PHULWARI SHARIF,29900.0,2500.0,590.0,True,"{'Flood': 0, 'Embankment': 0, 'embkt': 0, 'Relief': 0, 'Erosion': 0, 'SDRF': 0, 'Inundation': 0, 'Hydrology': 0, 'Silt': 0, 'Siltation': 0, 'Bund': 0, 'Trench': 0, 'Breach': 0, 'Culvert': 0, 'Sluice': 0, 'Dyke': 0, 'Storm water drain': 0, 'Emergency': 0, 'Immediate': 0, 'IM': 0, 'AE': 0, 'A E': 0, 'AAPDA MITRA': 0, 'Bridge': 0, 'River': 0, 'Drain': 2, 'Restoration': 0, 'Protection': 0, 'irr': 0, 'irrigation': 0, 'dam': 0, 'Nallah': 0, 'nala': 0, 'Retrofitting': 0, 'Pond': 0, 'Pokhari': 0, 'D/C': 0, 'Recharge shaft': 0, 'LFB': 0, 'RFB': 0}","{'Floodlight': 0, 'Flood Light': 0, 'GAS': 0, 'FIFA': 0, 'pipe': 0, 'pipes': 0, 'covid': 0, 'supply': 0, 'Beautification': 0, 'Installation': 0}",,,False,True,Immediate Measures
76348,NIT05/2024-25/GR-31,Construction of RCC drain from Alfala Masjid Mor in Isapur Federal Colony in ward number-25 under Municipal Council Phulwari Sharif to Fayaz Bhai's house via Dr. Shakeel Sahab and Biscuit Factory.,Construction of RCC drain from Alfala Masjid Mor in Isapur Federal Colony in ward number-25 under Municipal Council Phulwari Sharif to Fayaz Bhai's house via Dr. Shakeel Sahab and Biscuit Factory.,1741866.0,INR,INR,2024-10-18 08:24:10+00:00,2024-10-18T06:32:15.467000+00:00,2024-11-28T08:57:29+00:00,DEEPAK JHA,"EXECUTIVE OFFICER, PHULWARI NAGAR PARISHAD",Nagar Parishad Phulwari Sharif,"Chunauti Kuan, Phulwari Sharif, Patna",DEEPAK JHA,"EXECUTIVE OFFICER, PHULWARI NAGAR PARISHAD",NAGAR PARISHAD PHULWARI SHARIF,34900.0,5000.0,590.0,True,"{'Flood': 0, 'Embankment': 0, 'embkt': 0, 'Relief': 0, 'Erosion': 0, 'SDRF': 0, 'Inundation': 0, 'Hydrology': 0, 'Silt': 0, 'Siltation': 0, 'Bund': 0, 'Trench': 0, 'Breach': 0, 'Culvert': 0, 'Sluice': 0, 'Dyke': 0, 'Storm water drain': 0, 'Emergency': 0, 'Immediate': 0, 'IM': 0, 'AE': 0, 'A E': 0, 'AAPDA MITRA': 0, 'Bridge': 0, 'River': 0, 'Drain': 2, 'Restoration': 0, 'Protection': 0, 'irr': 0, 'irrigation': 0, 'dam': 0, 'Nallah': 0, 'nala': 0, 'Retrofitting': 0, 'Pond': 0, 'Pokhari': 0, 'D/C': 0, 'Recharge shaft': 0, 'LFB': 0, 'RFB': 0}","{'Floodlight': 0, 'Flood Light': 0, 'GAS': 0, 'FIFA': 0, 'pipe': 0, 'pipes': 0, 'covid': 0, 'supply': 0, 'Beautification': 0, 'Installation': 0}",,,False,True,Immediate Measures
76431,NIT-01/2024-25 Gr-07,Construction of Drain From Surendra Pandit's House To Dabra Nadi Via Hawa Miya's House Ward-10 In Marhwrah Nagar Panchayt Saran Distt.,Construction of Drain From Surendra Pandit's House To Dabra Nadi Via Hawa Miya's House Ward-10 In Marhwrah Nagar Panchayt Saran Distt.,183336.0,INR,INR,2024-10-18 19:08:26+00:00,2024-10-18T19:06:29.003000+00:00,2025-01-02T13:06:57+00:00,Bablu Kumar,"Executive Officer, Marhowrah",NAGAR PANCHAYAT MARHOWRAH,NAGAR PANCHAYAT MARHOWRAH,Bablu Kumar,"Executive Officer, Marhowrah",NAGAR PANCHAYAT MARHOWRAH,37000.0,2500.0,590.0,True,"{'Flood': 0, 'Embankment': 0, 'embkt': 0, 'Relief': 0, 'Erosion': 0, 'SDRF': 0, 'Inundation': 0, 'Hydrology': 0, 'Silt': 0, 'Siltation': 0, 'Bund': 0, 'Trench': 0, 'Breach': 0, 'Culvert': 0, 'Sluice': 0, 'Dyke': 0, 'Storm water drain': 0, 'Emergency': 0, 'Immediate': 0, 'IM': 0, 'AE': 0, 'A E': 0, 'AAPDA MITRA': 0, 'Bridge': 0, 'River': 0, 'Drain': 2, 'Restoration': 0, 'Protection': 0, 'irr': 0, 'irrigation': 0, 'dam': 0, 'Nallah': 0, 'nala': 0, 'Retrofitting': 0, 'Pond': 0, 'Pokhari': 0, 'D/C': 0, 'Recharge shaft': 0, 'LFB': 0, 'RFB': 0}","{'Floodlight': 0, 'Flood Light': 0, 'GAS': 0, 'FIFA': 0, 'pipe': 0, 'pipes': 0, 'covid': 0, 'supply': 0, 'Beautification': 0, 'Installation': 0}",,,False,True,Immediate Measures
76432,NIT-01/2024-25 Gr-08,Construction of Drain From Vishawakarma Singh's House To Pian Via Surendra Sah & Arun Thakur's House Ward-09 In Marhwrah Nagar Panchayt Saran Distt.,Construction of Drain From Vishawakarma Singh's House To Pian Via Surendra Sah & Arun Thakur's House Ward-09 In Marhwrah Nagar Panchayt Saran Distt.,1262654.0,INR,INR,2024-10-18 19:10:41+00:00,2024-10-18T19:08:40.314000+00:00,2025-08-28T17:59:47+00:00,Bablu Kumar,"Executive Officer, Marhowrah",NAGAR PANCHAYAT MARHOWRAH,NAGAR PANCHAYAT MARHOWRAH,Bablu Kumar,"Executive Officer, Marhowrah",NAGAR PANCHAYAT MARHOWRAH,25500.0,2500.0,590.0,True,"{'Flood': 0, 'Embankment': 0, 'embkt': 0, 'Relief': 0, 'Erosion': 0, 'SDRF': 0, 'Inundation': 0, 'Hydrology': 0, 'Silt': 0, 'Siltation': 0, 'Bund': 0, 'Trench': 0, 'Breach': 0, 'Culvert': 0, 'Sluice': 0, 'Dyke': 0, 'Storm water drain': 0, 'Emergency': 0, 'Immediate': 0, 'IM': 0, 'AE': 0, 'A E': 0, 'AAPDA MITRA': 0, 'Bridge': 0, 'River': 0, 'Drain': 2, 'Restoration': 0, 'Protection': 0, 'irr': 0, 'irrigation': 0, 'dam': 0, 'Nallah': 0, 'nala': 0, 'Retrofitting': 0, 'Pond': 0, 'Pokhari': 0, 'D/C': 0, 'Recharge shaft': 0, 'LFB': 0, 'RFB': 0}","{'Floodlight': 0, 'Flood Light': 0, 'GAS': 0, 'FIFA': 0, 'pipe': 0, 'pipes': 0, 'covid': 0, 'supply': 0, 'Beautification': 0, 'Installation': 0}",,,False,True,Immediate Measures
76433,NIT-01/2024-25 Gr-09,Construction of Drain from Bin Toli Dabara River To Marhowrah Chapra Main Road Part-01 in ward No.08 in Nagar Panchayat,Construction of Drain from Bin Toli Dabara River To Marhowrah Chapra Main Road Part-01 in ward No.08 in Nagar Panchayat,1964235.0,INR,INR,2024-10-18 19:13:05+00:00,2024-10-18T19:10:56.656000+00:00,2024-11-13T15:31:49+00:00,Bablu Kumar,"Executive Officer, Marhowrah",NAGAR PANCHAYAT MARHOWRAH,NAGAR PANCHAYAT MARHOWRAH,Bablu Kumar,"Executive Officer, Marhowrah",NAGAR PANCHAYAT MARHOWRAH,39500.0,2500.0,590.0,True,"{'Flood': 0, 'Embankment': 0, 'embkt': 0, 'Relief': 0, 'Erosion': 0, 'SDRF': 0, 'Inundation': 0, 'Hydrology': 0, 'Silt': 0, 'Siltation': 0, 'Bund': 0, 'Trench': 0, 'Breach': 0, 'Culvert': 0, 'Sluice': 0, 'Dyke': 0, 'Storm water drain': 0, 'Emergency': 0, 'Immediate': 0, 'IM': 0, 'AE': 0, 'A E': 0, 'AAPDA MITRA': 0, 'Bridge': 0, 'River': 2, 'Drain': 2, 'Restoration': 0, 'Protection': 0, 'irr': 0, 'irrigation': 0, 'dam': 0, 'Nallah': 0, 'nala': 0, 'Retrofitting': 0, 'Pond': 0, 'Pokhari': 0, 'D/C': 0, 'Recharge shaft': 0, 'LFB': 0, 'RFB': 0}","{'Floodlight': 0, 'Flood Light': 0, 'GAS': 0, 'FIFA': 0, 'pipe': 0, 'pipes': 0, 'covid': 0, 'supply': 0, 'Beautification': 0, 'Installation': 0}",,,False,True,Immediate Measures
76434,NIT-01/2024-25 Gr-10,"Construction of Drain from House of Sudama Singh To Dabara River in ward No.07 in Nagar Panchayat  Marhowrah, Saran.","Construction of Drain from House of Sudama Singh To Dabara River in ward No.07 in Nagar Panchayat  Marhowrah, Saran.",920184.0,INR,INR,2024-10-18 19:15:25+00:00,2024-10-18T19:13:19.755000+00:00,2024-10-27T09:31:00+00:00,Bablu Kumar,"Executive Officer, Marhowrah",NAGAR PANCHAYAT MARHOWRAH,NAGAR PANCHAYAT MARHOWRAH,Bablu Kumar,"Executive Officer, Marhowrah",NAGAR PANCHAYAT MARHOWRAH,18500.0,2500.0,590.0,True,"{'Flood': 0, 'Embankment': 0, 'embkt': 0, 'Relief': 0, 'Erosion': 0, 'SDRF': 0, 'Inundation': 0, 'Hydrology': 0, 'Silt': 0, 'Siltation': 0, 'Bund': 0, 'Trench': 0, 'Breach': 0, 'Culvert': 0, 'Sluice': 0, 'Dyke': 0, 'Storm water drain': 0, 'Emergency': 0, 'Immediate': 0, 'IM': 0, 'AE': 0, 'A E': 0, 'AAPDA MITRA': 0, 'Bridge': 0, 'River': 2, 'Drain': 2, 'Restoration': 0, 'Protection': 0, 'irr': 0, 'irrigation': 0, 'dam': 0, 'Nallah': 0, 'nala': 0, 'Retrofitting': 0, 'Pond': 0, 'Pokhari': 0, 'D/C': 0, 'Recharge shaft': 0, 'LFB': 0, 'RFB': 0}","{'Floodlight': 0, 'Flood Light': 0, 'GAS': 0, 'FIFA': 0, 'pipe': 0, 'pipes': 0, 'covid': 0, 'supply': 0, 'Beautification': 0, 'Installation': 0}",,,False,True,Immediate Measures
76697,MGD/PR-10160(Mines)2024-25/Aurangabad Son 15-A,E-Auction  for settlement of Sand Ghat Aurangabad- Block- 15A (Aurangabad Son 15-A),E-Auction  for settlement of Sand Ghat Aurangabad- Block- 15A (Aurangabad Son 15-A),81000000.0,INR,INR,2024-10-20 15:31:31+00:00,2024-10-20T04:15:59.558000+00:00,2024-11-09T11:31:00+00:00,Shrikant Shastree,DM,Mines and Geology Aurangabad,Aurangabad,Shrikant Shastree,DM,Mines and Geology Aurangabad,20250000.0,5000.0,5900.0,True,"{'Flood': 0, 'Embankment': 0, 'embkt': 0, 'Relief': 0, 'Erosion': 0, 'SDRF': 0, 'Inundation': 0, 'Hydrology': 0, 'Silt': 0, 'Siltation': 0, 'Bund': 0, 'Trench': 0, 'Breach': 0, 'Culvert': 0, 'Sluice': 0, 'Dyke': 0, 'Storm water drain': 0, 'Emergency': 0, 'Immediate': 0, 'IM': 0, 'AE': 0, 'A E': 1, 'AAPDA MITRA': 0, 'Bridge': 0, 'River': 0, 'Drain': 0, 'Restoration': 0, 'Protection': 0, 'irr': 0, 'irrigation': 0, 'dam': 0, 'Nallah': 0, 'nala': 0, 'Retrofitting': 0, 'Pond': 0, 'Pokhari': 0, 'D/C': 0, 'Recharge shaft': 0, 'LFB': 0, 'RFB': 0}","{'Floodlight': 0, 'Flood Light': 0, 'GAS': 0, 'FIFA': 0, 'pipe': 0, 'pipes': 0, 'covid': 0, 'supply': 0, 'Beautification': 0, 'Installation': 0}",,,False,False,Others
76693,MGD/PR-10160(Mines)2024-25/Aurangabad Son 13-A,E-Auction  for settlement of Sand Ghat Aurangabad- Block- 13A (Aurangabad Son 13-A),E-Auction  for settlement of Sand Ghat Aurangabad- Block- 13A (Aurangabad Son 13-A),81000000.0,INR,INR,2024-10-20 15:24:33+00:00,2024-10-20T04:14:05.873000+00:00,2024-11-09T11:31:00+00:00,Shrikant Shastree,DM,Mines and Geology Aurangabad,Aurangabad,Shrikant Shastree,DM,Mines and Geology Aurangabad,20250000.0,5000.0,5900.0,True,"{'Flood': 0, 'Embankment': 0, 'embkt': 0, 'Relief': 0, 'Erosion': 0, 'SDRF': 0, 'Inundation': 0, 'Hydrology': 0, 'Silt': 0, 'Siltation': 0, 'Bund': 0, 'Trench': 0, 'Breach': 0, 'Culvert': 0, 'Sluice': 0, 'Dyke': 0, 'Storm water drain': 0, 'Emergency': 0, 'Immediate': 0, 'IM': 0, 'AE': 0, 'A E': 1, 'AAPDA MITRA': 0, 'Bridge': 0, 'River': 0, 'Drain': 0, 'Restoration': 0, 'Protection': 0, 'irr': 0, 'irrigation': 0, 'dam': 0, 'Nallah': 0, 'nala': 0, 'Retrofitting': 0, 'Pond': 0, 'Pokhari': 0, 'D/C': 0, 'Recharge shaft': 0, 'LFB': 0, 'RFB': 0}","{'Floodlight': 0, 'Flood Light': 0, 'GAS': 0, 'FIFA': 0, 'pipe': 0, 'pipes': 0, 'covid': 0, 'supply': 0, 'Beautification': 0, 'Installation': 0}",,,False,False,Others
76695,MGD/PR-10160(Mines)2024-25/Aurangabad Son 14-A,E-Auction  for settlement of Sand Ghat Aurangabad- Block- 14A (Aurangabad Son 14-A),E-Auction  for settlement of Sand Ghat Aurangabad- Block- 14A (Aurangabad Son 14-A),93690000.0,INR,INR,2024-10-20 15:26:11+00:00,2024-10-20T04:15:17.350000+00:00,2024-11-09T11:31:00+00:00,Shrikant Shastree,DM,Mines and Geology Aurangabad,Aurangabad,Shrikant Shastree,DM,Mines and Geology Aurangabad,23422500.0,5000.0,5900.0,True,"{'Flood': 0, 'Embankment': 0, 'embkt': 0, 'Relief': 0, 'Erosion': 0, 'SDRF': 0, 'Inundation': 0, 'Hydrology': 0, 'Silt': 0, 'Siltation': 0, 'Bund': 0, 'Trench': 0, 'Breach': 0, 'Culvert': 0, 'Sluice': 0, 'Dyke': 0, 'Storm water drain': 0, 'Emergency': 0, 'Immediate': 0, 'IM': 0, 'AE': 0, 'A E': 1, 'AAPDA MITRA': 0, 'Bridge': 0, 'River': 0, 'Drain': 0, 'Restoration': 0, 'Protection': 0, 'irr': 0, 'irrigation': 0, 'dam': 0, 'Nallah': 0, 'nala': 0, 'Retrofitting': 0, 'Pond': 0, 'Pokhari': 0, 'D/C': 0, 'Recharge shaft': 0, 'LFB': 0, 'RFB': 0}","{'Floodlight': 0, 'Flood Light': 0, 'GAS': 0, 'FIFA': 0, 'pipe': 0, 'pipes': 0, 'covid': 0, 'supply': 0, 'Beautification': 0, 'Installation': 0}",,,False,False,Others
76690,MGD/PR-10160(Mines)2024-25/Aurangabad Son 12-A,E-Auction  for settlement of Sand Ghat Aurangabad- Block- 12A (Aurangabad Son 12-A),E-Auction  for settlement of Sand Ghat Aurangabad- Block- 12A (Aurangabad Son 12-A),94500000.0,INR,INR,2024-10-20 15:20:47+00:00,2024-10-20T04:13:01.699000+00:00,2024-11-09T11:31:00+00:00,Shrikant Shastree,DM,Mines and Geology Aurangabad,Aurangabad,Shrikant Shastree,DM,Mines and Geology Aurangabad,23625000.0,5000.0,5900.0,True,"{'Flood': 0, 'Embankment': 0, 'embkt': 0, 'Relief': 0, 'Erosion': 0, 'SDRF': 0, 'Inundation': 0, 'Hydrology': 0, 'Silt': 0, 'Siltation': 0, 'Bund': 0, 'Trench': 0, 'Breach': 0, 'Culvert': 0, 'Sluice': 0, 'Dyke': 0, 'Storm water drain': 0, 'Emergency': 0, 'Immediate': 0, 'IM': 0, 'AE': 0, 'A E': 1, 'AAPDA MITRA': 0, 'Bridge': 0, 'River': 0, 'Drain': 0, 'Restoration': 0, 'Protection': 0, 'irr': 0, 'irrigation': 0, 'dam': 0, 'Nallah': 0, 'nala': 0, 'Retrofitting': 0, 'Pond': 0, 'Pokhari': 0, 'D/C': 0, 'Recharge shaft': 0, 'LFB': 0, 'RFB': 0}","{'Floodlight': 0, 'Flood Light': 0, 'GAS': 0, 'FIFA': 0, 'pipe': 0, 'pipes': 0, 'covid': 0, 'supply': 0, 'Beautification': 0, 'Installation': 0}",,,False,False,Others
76700,MGD/PR-10160(Mines)2024-25/Aurangabad Son 18-A,E-Auction  for settlement of Sand Ghat Aurangabad- Block- 18A (Aurangabad Son 18-A),E-Auction  for settlement of Sand Ghat Aurangabad- Block- 18A (Aurangabad Son 18-A),86400000.0,INR,INR,2024-10-20 15:32:44+00:00,2024-10-20T04:31:46.989000+00:00,2024-11-09T11:31:00+00:00,Shrikant Shastree,DM,Mines and Geology Aurangabad,Aurangabad,Shrikant Shastree,DM,Mines and Geology Aurangabad,21600000.0,5000.0,5900.0,True,"{'Flood': 0, 'Embankment': 0, 'embkt': 0, 'Relief': 0, 'Erosion': 0, 'SDRF': 0, 'Inundation': 0, 'Hydrology': 0, 'Silt': 0, 'Siltation': 0, 'Bund': 0, 'Trench': 0, 'Breach': 0, 'Culvert': 0, 'Sluice': 0, 'Dyke': 0, 'Storm water drain': 0, 'Emergency': 0, 'Immediate': 0, 'IM': 0, 'AE': 0, 'A E': 1, 'AAPDA MITRA': 0, 'Bridge': 0, 'River': 0, 'Drain': 0, 'Restoration': 0, 'Protection': 0, 'irr': 0, 'irrigation': 0, 'dam': 0, 'Nallah': 0, 'nala': 0, 'Retrofitting': 0, 'Pond': 0, 'Pokhari': 0, 'D/C': 0, 'Recharge shaft': 0, 'LFB': 0, 'RFB': 0}","{'Floodlight': 0, 'Flood Light': 0, 'GAS': 0, 'FIFA': 0, 'pipe': 0, 'pipes': 0, 'covid': 0, 'supply': 0, 'Beautification': 0, 'Installation': 0}",,,False,False,Others
76707,MGD/PR-10160(Mines)2024-25/Aurangabad Son 22-A,E-Auction  for settlement of Sand Ghat Aurangabad- Block- 22A (Aurangabad Son 22-A),E-Auction  for settlement of Sand Ghat Aurangabad- Block- 22A (Aurangabad Son 22-A),81000000.0,INR,INR,2024-10-20 15:45:42+00:00,2024-10-20T04:34:14.996000+00:00,2024-11-09T11:31:00+00:00,Shrikant Shastree,DM,Mines and Geology Aurangabad,Aurangabad,Shrikant Shastree,DM,Mines and Geology Aurangabad,20250000.0,5000.0,5900.0,True,"{'Flood': 0, 'Embankment': 0, 'embkt': 0, 'Relief': 0, 'Erosion': 0, 'SDRF': 0, 'Inundation': 0, 'Hydrology': 0, 'Silt': 0, 'Siltation': 0, 'Bund': 0, 'Trench': 0, 'Breach': 0, 'Culvert': 0, 'Sluice': 0, 'Dyke': 0, 'Storm water drain': 0, 'Emergency': 0, 'Immediate': 0, 'IM': 0, 'AE': 0, 'A E': 1, 'AAPDA MITRA': 0, 'Bridge': 0, 'River': 0, 'Drain': 0, 'Restoration': 0, 'Protection': 0, 'irr': 0, 'irrigation': 0, 'dam': 0, 'Nallah': 0, 'nala': 0, 'Retrofitting': 0, 'Pond': 0, 'Pokhari': 0, 'D/C': 0, 'Recharge shaft': 0, 'LFB': 0, 'RFB': 0}","{'Floodlight': 0, 'Flood Light': 0, 'GAS': 0, 'FIFA': 0, 'pipe': 0, 'pipes': 0, 'covid': 0, 'supply': 0, 'Beautification': 0, 'Installation': 0}",,,False,False,Others
76702,MGD/PR-10160(Mines)2024-25/Aurangabad Son 19-A,E-Auction  for settlement of Sand Ghat Aurangabad- Block- 19A (Aurangabad Son 19-A),E-Auction  for settlement of Sand Ghat Aurangabad- Block- 19A (Aurangabad Son 19-A),83700000.0,INR,INR,2024-10-20 15:39:39+00:00,2024-10-20T04:32:30.022000+00:00,2024-11-09T11:31:00+00:00,Shrikant Shastree,DM,Mines and Geology Aurangabad,Aurangabad,Shrikant Shastree,DM,Mines and Geology Aurangabad,20925000.0,5000.0,5900.0,True,"{'Flood': 0, 'Embankment': 0, 'embkt': 0, 'Relief': 0, 'Erosion': 0, 'SDRF': 0, 'Inundation': 0, 'Hydrology': 0, 'Silt': 0, 'Siltation': 0, 'Bund': 0, 'Trench': 0, 'Breach': 0, 'Culvert': 0, 'Sluice': 0, 'Dyke': 0, 'Storm water drain': 0, 'Emergency': 0, 'Immediate': 0, 'IM': 0, 'AE': 0, 'A E': 1, 'AAPDA MITRA': 0, 'Bridge': 0, 'River': 0, 'Drain': 0, 'Restoration': 0, 'Protection': 0, 'irr': 0, 'irrigation': 0, 'dam': 0, 'Nallah': 0, 'nala': 0, 'Retrofitting': 0, 'Pond': 0, 'Pokhari': 0, 'D/C': 0, 'Recharge shaft': 0, 'LFB': 0, 'RFB': 0}","{'Floodlight': 0, 'Flood Light': 0, 'GAS': 0, 'FIFA': 0, 'pipe': 0, 'pipes': 0, 'covid': 0, 'supply': 0, 'Beautification': 0, 'Installation': 0}",,,False,False,Others
76710,MGD/PR-10160(Mines)2024-25/Aurangabad Son 24-A,E-Auction  for settlement of Sand Ghat Aurangabad- Block- 24A (Aurangabad Son 24-A),E-Auction  for settlement of Sand Ghat Aurangabad- Block- 24A (Aurangabad Son 24-A),65610000.0,INR,INR,2024-10-20 15:47:18+00:00,2024-10-20T04:35:16.447000+00:00,2024-11-09T11:31:00+00:00,Shrikant Shastree,DM,Mines and Geology Aurangabad,Aurangabad,Shrikant Shastree,DM,Mines and Geology Aurangabad,16402500.0,5000.0,5900.0,True,"{'Flood': 0, 'Embankment': 0, 'embkt': 0, 'Relief': 0, 'Erosion': 0, 'SDRF': 0, 'Inundation': 0, 'Hydrology': 0, 'Silt': 0, 'Siltation': 0, 'Bund': 0, 'Trench': 0, 'Breach': 0, 'Culvert': 0, 'Sluice': 0, 'Dyke': 0, 'Storm water drain': 0, 'Emergency': 0, 'Immediate': 0, 'IM': 0, 'AE': 0, 'A E': 1, 'AAPDA MITRA': 0, 'Bridge': 0, 'River': 0, 'Drain': 0, 'Restoration': 0, 'Protection': 0, 'irr': 0, 'irrigation': 0, 'dam': 0, 'Nallah': 0, 'nala': 0, 'Retrofitting': 0, 'Pond': 0, 'Pokhari': 0, 'D/C': 0, 'Recharge shaft': 0, 'LFB': 0, 'RFB': 0}","{'Floodlight': 0, 'Flood Light': 0, 'GAS': 0, 'FIFA': 0, 'pipe': 0, 'pipes': 0, 'covid': 0, 'supply': 0, 'Beautification': 0, 'Installation': 0}",,,False,False,Others
76715,MGD/PR-10160(Mines)2024-25/Aurangabad Son 27-A,E-Auction  for settlement of Sand Ghat Aurangabad- Block- 27A (Aurangabad Son 27-A),E-Auction  for settlement of Sand Ghat Aurangabad- Block- 27A (Aurangabad Son 27-A),64800000.0,INR,INR,2024-10-20 15:51:52+00:00,2024-10-20T04:36:48.930000+00:00,2024-11-09T11:31:00+00:00,Shrikant Shastree,DM,Mines and Geology Aurangabad,Aurangabad,Shrikant Shastree,DM,Mines and Geology Aurangabad,16200000.0,5000.0,5900.0,True,"{'Flood': 0, 'Embankment': 0, 'embkt': 0, 'Relief': 0, 'Erosion': 0, 'SDRF': 0, 'Inundation': 0, 'Hydrology': 0, 'Silt': 0, 'Siltation': 0, 'Bund': 0, 'Trench': 0, 'Breach': 0, 'Culvert': 0, 'Sluice': 0, 'Dyke': 0, 'Storm water drain': 0, 'Emergency': 0, 'Immediate': 0, 'IM': 0, 'AE': 0, 'A E': 1, 'AAPDA MITRA': 0, 'Bridge': 0, 'River': 0, 'Drain': 0, 'Restoration': 0, 'Protection': 0, 'irr': 0, 'irrigation': 0, 'dam': 0, 'Nallah': 0, 'nala': 0, 'Retrofitting': 0, 'Pond': 0, 'Pokhari': 0, 'D/C': 0, 'Recharge shaft': 0, 'LFB': 0, 'RFB': 0}","{'Floodlight': 0, 'Flood Light': 0, 'GAS': 0, 'FIFA': 0, 'pipe': 0, 'pipes': 0, 'covid': 0, 'supply': 0, 'Beautification': 0, 'Installation': 0}",,,False,False,Others
76718,MGD/PR-10160(Mines)2024-25/Aurangabad Son 28-A,E-Auction  for settlement of Sand Ghat Aurangabad- Block- 28A (Aurangabad Son 28-A),E-Auction  for settlement of Sand Ghat Aurangabad- Block- 28A (Aurangabad Son 28-A),67500000.0,INR,INR,2024-10-20 15:53:03+00:00,2024-10-20T04:37:41.312000+00:00,2024-11-09T11:31:00+00:00,Shrikant Shastree,DM,Mines and Geology Aurangabad,Aurangabad,Shrikant Shastree,DM,Mines and Geology Aurangabad,16875000.0,5000.0,5900.0,True,"{'Flood': 0, 'Embankment': 0, 'embkt': 0, 'Relief': 0, 'Erosion': 0, 'SDRF': 0, 'Inundation': 0, 'Hydrology': 0, 'Silt': 0, 'Siltation': 0, 'Bund': 0, 'Trench': 0, 'Breach': 0, 'Culvert': 0, 'Sluice': 0, 'Dyke': 0, 'Storm water drain': 0, 'Emergency': 0, 'Immediate': 0, 'IM': 0, 'AE': 0, 'A E': 1, 'AAPDA MITRA': 0, 'Bridge': 0, 'River': 0, 'Drain': 0, 'Restoration': 0, 'Protection': 0, 'irr': 0, 'irrigation': 0, 'dam': 0, 'Nallah': 0, 'nala': 0, 'Retrofitting': 0, 'Pond': 0, 'Pokhari': 0, 'D/C': 0, 'Recharge shaft': 0, 'LFB': 0, 'RFB': 0}","{'Floodlight': 0, 'Flood Light': 0, 'GAS': 0, 'FIFA': 0, 'pipe': 0, 'pipes': 0, 'covid': 0, 'supply': 0, 'Beautification': 0, 'Installation': 0}",,,False,False,Others
76720,MGD/PR-10160(Mines)2024-25/Aurangabad Son 29-A,E-Auction  for settlement of Sand Ghat Aurangabad- Block- 29A (Aurangabad Son 29-A),E-Auction  for settlement of Sand Ghat Aurangabad- Block- 29A (Aurangabad Son 29-A),96120000.0,INR,INR,2024-10-20 16:24:54+00:00,2024-10-20T04:38:16.838000+00:00,2024-11-09T11:31:00+00:00,Shrikant Shastree,DM,Mines and Geology Aurangabad,Aurangabad,Shrikant Shastree,DM,Mines and Geology Aurangabad,24030000.0,5000.0,5900.0,True,"{'Flood': 0, 'Embankment': 0, 'embkt': 0, 'Relief': 0, 'Erosion': 0, 'SDRF': 0, 'Inundation': 0, 'Hydrology': 0, 'Silt': 0, 'Siltation': 0, 'Bund': 0, 'Trench': 0, 'Breach': 0, 'Culvert': 0, 'Sluice': 0, 'Dyke': 0, 'Storm water drain': 0, 'Emergency': 0, 'Immediate': 0, 'IM': 0, 'AE': 0, 'A E': 1, 'AAPDA MITRA': 0, 'Bridge': 0, 'River': 0, 'Drain': 0, 'Restoration': 0, 'Protection': 0, 'irr': 0, 'irrigation': 0, 'dam': 0, 'Nallah': 0, 'nala': 0, 'Retrofitting': 0, 'Pond': 0, 'Pokhari': 0, 'D/C': 0, 'Recharge shaft': 0, 'LFB': 0, 'RFB': 0}","{'Floodlight': 0, 'Flood Light': 0, 'GAS': 0, 'FIFA': 0, 'pipe': 0, 'pipes': 0, 'covid': 0, 'supply': 0, 'Beautification': 0, 'Installation': 0}",,,False,False,Others
76728,MGD/PR-10160(Mines)2024/Aurangabad 33 MOEF SON 2-A,E-Auction  for settlement of Sand Ghat Aurangabad- Block-33 MOEF SON 2A (Aurangabad MOEF SON 2-A),E-Auction  for settlement of Sand Ghat Aurangabad- Block-33 MOEF SON 2A (Aurangabad MOEF SON 2-A),70200000.0,INR,INR,2024-10-20 15:57:58+00:00,2024-10-20T04:40:52.015000+00:00,2024-11-09T11:31:00+00:00,Shrikant Shastree,DM,Mines and Geology Aurangabad,Aurangabad,Shrikant Shastree,DM,Mines and Geology Aurangabad,17550000.0,5000.0,5900.0,True,"{'Flood': 0, 'Embankment': 0, 'embkt': 0, 'Relief': 0, 'Erosion': 0, 'SDRF': 0, 'Inundation': 0, 'Hydrology': 0, 'Silt': 0, 'Siltation': 0, 'Bund': 0, 'Trench': 0, 'Breach': 0, 'Culvert': 0, 'Sluice': 0, 'Dyke': 0, 'Storm water drain': 0, 'Emergency': 0, 'Immediate': 0, 'IM': 0, 'AE': 0, 'A E': 1, 'AAPDA MITRA': 0, 'Bridge': 0, 'River': 0, 'Drain': 0, 'Restoration': 0, 'Protection': 0, 'irr': 0, 'irrigation': 0, 'dam': 0, 'Nallah': 0, 'nala': 0, 'Retrofitting': 0, 'Pond': 0, 'Pokhari': 0, 'D/C': 0, 'Recharge shaft': 0, 'LFB': 0, 'RFB': 0}","{'Floodlight': 0, 'Flood Light': 0, 'GAS': 0, 'FIFA': 0, 'pipe': 0, 'pipes': 0, 'covid': 0, 'supply': 0, 'Beautification': 0, 'Installation': 0}",,,False,False,Others
76734,MGD/PR-10160/Aurangabad 35 MOEF SON 4-A,E-Auction  for settlement of Sand Ghat Aurangabad- Block-35 MOEF SON 4A (Aurangabad MOEF SON 4-A),E-Auction  for settlement of Sand Ghat Aurangabad- Block-35 MOEF SON 4A (Aurangabad MOEF SON 4-A),81000000.0,INR,INR,2024-10-20 16:02:58+00:00,2024-10-20T04:53:54.317000+00:00,2024-11-09T11:31:00+00:00,Shrikant Shastree,DM,Mines and Geology Aurangabad,Aurangabad,Shrikant Shastree,DM,Mines and Geology Aurangabad,20250000.0,5000.0,5900.0,True,"{'Flood': 0, 'Embankment': 0, 'embkt': 0, 'Relief': 0, 'Erosion': 0, 'SDRF': 0, 'Inundation': 0, 'Hydrology': 0, 'Silt': 0, 'Siltation': 0, 'Bund': 0, 'Trench': 0, 'Breach': 0, 'Culvert': 0, 'Sluice': 0, 'Dyke': 0, 'Storm water drain': 0, 'Emergency': 0, 'Immediate': 0, 'IM': 0, 'AE': 0, 'A E': 1, 'AAPDA MITRA': 0, 'Bridge': 0, 'River': 0, 'Drain': 0, 'Restoration': 0, 'Protection': 0, 'irr': 0, 'irrigation': 0, 'dam': 0, 'Nallah': 0, 'nala': 0, 'Retrofitting': 0, 'Pond': 0, 'Pokhari': 0, 'D/C': 0, 'Recharge shaft': 0, 'LFB': 0, 'RFB': 0}","{'Floodlight': 0, 'Flood Light': 0, 'GAS': 0, 'FIFA': 0, 'pipe': 0, 'pipes': 0, 'covid': 0, 'supply': 0, 'Beautification': 0, 'Installation': 0}",,,False,False,Others
76736,MGD/PR-10160(Mines)2024/Aurangabad 36 MOEF SON 5-A,E-Auction  for settlement of Sand Ghat Aurangabad- Block-36 MOEF SON 5A (Aurangabad MOEF SON 5-A),E-Auction  for settlement of Sand Ghat Aurangabad- Block-36 MOEF SON 5A (Aurangabad MOEF SON 5-A),81000000.0,INR,INR,2024-10-20 16:06:18+00:00,2024-10-20T04:55:04.412000+00:00,2024-11-09T11:31:00+00:00,Shrikant Shastree,DM,Mines and Geology Aurangabad,Aurangabad,Shrikant Shastree,DM,Mines and Geology Aurangabad,20250000.0,5000.0,5900.0,True,"{'Flood': 0, 'Embankment': 0, 'embkt': 0, 'Relief': 0, 'Erosion': 0, 'SDRF': 0, 'Inundation': 0, 'Hydrology': 0, 'Silt': 0, 'Siltation': 0, 'Bund': 0, 'Trench': 0, 'Breach': 0, 'Culvert': 0, 'Sluice': 0, 'Dyke': 0, 'Storm water drain': 0, 'Emergency': 0, 'Immediate': 0, 'IM': 0, 'AE': 0, 'A E': 1, 'AAPDA MITRA': 0, 'Bridge': 0, 'River': 0, 'Drain': 0, 'Restoration': 0, 'Protection': 0, 'irr': 0, 'irrigation': 0, 'dam': 0, 'Nallah': 0, 'nala': 0, 'Retrofitting': 0, 'Pond': 0, 'Pokhari': 0, 'D/C': 0, 'Recharge shaft': 0, 'LFB': 0, 'RFB': 0}","{'Floodlight': 0, 'Flood Light': 0, 'GAS': 0, 'FIFA': 0, 'pipe': 0, 'pipes': 0, 'covid': 0, 'supply': 0, 'Beautification': 0, 'Installation': 0}",,,False,False,Others
76742,MGD/PR-10160(Mines)2024/Aurangabad Block 38-A,E-Auction  for settlement of Sand Ghat Aurangabad Block-38 A (Aurangabad Pun-01 to 05),E-Auction  for settlement of Sand Ghat Aurangabad Block-38 A (Aurangabad Pun-01 to 05),8631000.0,INR,INR,2024-10-20 16:08:01+00:00,2024-10-20T04:57:34.956000+00:00,2024-11-09T11:31:00+00:00,Shrikant Shastree,DM,Mines and Geology Aurangabad,Aurangabad,Shrikant Shastree,DM,Mines and Geology Aurangabad,2157750.0,5000.0,3540.0,True,"{'Flood': 0, 'Embankment': 0, 'embkt': 0, 'Relief': 0, 'Erosion': 0, 'SDRF': 0, 'Inundation': 0, 'Hydrology': 0, 'Silt': 0, 'Siltation': 0, 'Bund': 0, 'Trench': 0, 'Breach': 0, 'Culvert': 0, 'Sluice': 0, 'Dyke': 0, 'Storm water drain': 0, 'Emergency': 0, 'Immediate': 0, 'IM': 0, 'AE': 0, 'A E': 1, 'AAPDA MITRA': 0, 'Bridge': 0, 'River': 0, 'Drain': 0, 'Restoration': 0, 'Protection': 0, 'irr': 0, 'irrigation': 0, 'dam': 0, 'Nallah': 0, 'nala': 0, 'Retrofitting': 0, 'Pond': 0, 'Pokhari': 0, 'D/C': 0, 'Recharge shaft': 0, 'LFB': 0, 'RFB': 0}","{'Floodlight': 0, 'Flood Light': 0, 'GAS': 0, 'FIFA': 0, 'pipe': 0, 'pipes': 0, 'covid': 0, 'supply': 0, 'Beautification': 0, 'Installation': 0}",,,False,False,Others
76730,MGD/PR-10160(Mines)2024/Aurangabad 34 MOEF SON 3-A,E-Auction  for settlement of Sand Ghat Aurangabad- Block-34 MOEF SON 3A (Aurangabad MOEF SON 3-A),E-Auction  for settlement of Sand Ghat Aurangabad- Block-34 MOEF SON 3A (Aurangabad MOEF SON 3-A),54000000.0,INR,INR,2024-10-20 15:59:37+00:00,2024-10-20T04:41:40.522000+00:00,2024-11-09T11:31:00+00:00,Shrikant Shastree,DM,Mines and Geology Aurangabad,Aurangabad,Shrikant Shastree,DM,Mines and Geology Aurangabad,13500000.0,5000.0,5900.0,True,"{'Flood': 0, 'Embankment': 0, 'embkt': 0, 'Relief': 0, 'Erosion': 0, 'SDRF': 0, 'Inundation': 0, 'Hydrology': 0, 'Silt': 0, 'Siltation': 0, 'Bund': 0, 'Trench': 0, 'Breach': 0, 'Culvert': 0, 'Sluice': 0, 'Dyke': 0, 'Storm water drain': 0, 'Emergency': 0, 'Immediate': 0, 'IM': 0, 'AE': 0, 'A E': 1, 'AAPDA MITRA': 0, 'Bridge': 0, 'River': 0, 'Drain': 0, 'Restoration': 0, 'Protection': 0, 'irr': 0, 'irrigation': 0, 'dam': 0, 'Nallah': 0, 'nala': 0, 'Retrofitting': 0, 'Pond': 0, 'Pokhari': 0, 'D/C': 0, 'Recharge shaft': 0, 'LFB': 0, 'RFB': 0}","{'Floodlight': 0, 'Flood Light': 0, 'GAS': 0, 'FIFA': 0, 'pipe': 0, 'pipes': 0, 'covid': 0, 'supply': 0, 'Beautification': 0, 'Installation': 0}",,,False,False,Others
76750,MGD/PR-10160(Mines)2024/Aurangabad Block 39-A,E-Auction  for settlement of Sand Ghat Aurangabad Block-39 A (Aurangabad Pun-29 to 33),E-Auction  for settlement of Sand Ghat Aurangabad Block-39 A (Aurangabad Pun-29 to 33),9981000.0,INR,INR,2024-10-20 16:12:28+00:00,2024-10-20T05:01:23.672000+00:00,2024-11-09T11:31:00+00:00,Shrikant Shastree,DM,Mines and Geology Aurangabad,Aurangabad,Shrikant Shastree,DM,Mines and Geology Aurangabad,2495250.0,5000.0,3540.0,True,"{'Flood': 0, 'Embankment': 0, 'embkt': 0, 'Relief': 0, 'Erosion': 0, 'SDRF': 0, 'Inundation': 0, 'Hydrology': 0, 'Silt': 0, 'Siltation': 0, 'Bund': 0, 'Trench': 0, 'Breach': 0, 'Culvert': 0, 'Sluice': 0, 'Dyke': 0, 'Storm water drain': 0, 'Emergency': 0, 'Immediate': 0, 'IM': 0, 'AE': 0, 'A E': 1, 'AAPDA MITRA': 0, 'Bridge': 0, 'River': 0, 'Drain': 0, 'Restoration': 0, 'Protection': 0, 'irr': 0, 'irrigation': 0, 'dam': 0, 'Nallah': 0, 'nala': 0, 'Retrofitting': 0, 'Pond': 0, 'Pokhari': 0, 'D/C': 0, 'Recharge shaft': 0, 'LFB': 0, 'RFB': 0}","{'Floodlight': 0, 'Flood Light': 0, 'GAS': 0, 'FIFA': 0, 'pipe': 0, 'pipes': 0, 'covid': 0, 'supply': 0, 'Beautification': 0, 'Installation': 0}",,,False,False,Others
76753,MGD/PR-10160(Mines)2024/Aurangabad Block 40-A,E-Auction  for settlement of Sand Ghat Aurangabad Block-40 A (Aurangabad BA 01 to 03),E-Auction  for settlement of Sand Ghat Aurangabad Block-40 A (Aurangabad BA 01 to 03),6669000.0,INR,INR,2024-10-20 16:13:30+00:00,2024-10-20T05:05:32.961000+00:00,2024-11-09T11:31:00+00:00,Shrikant Shastree,DM,Mines and Geology Aurangabad,Aurangabad,Shrikant Shastree,DM,Mines and Geology Aurangabad,1667250.0,5000.0,590.0,True,"{'Flood': 0, 'Embankment': 0, 'embkt': 0, 'Relief': 0, 'Erosion': 0, 'SDRF': 0, 'Inundation': 0, 'Hydrology': 0, 'Silt': 0, 'Siltation': 0, 'Bund': 0, 'Trench': 0, 'Breach': 0, 'Culvert': 0, 'Sluice': 0, 'Dyke': 0, 'Storm water drain': 0, 'Emergency': 0, 'Immediate': 0, 'IM': 0, 'AE': 0, 'A E': 1, 'AAPDA MITRA': 0, 'Bridge': 0, 'River': 0, 'Drain': 0, 'Restoration': 0, 'Protection': 0, 'irr': 0, 'irrigation': 0, 'dam': 0, 'Nallah': 0, 'nala': 0, 'Retrofitting': 0, 'Pond': 0, 'Pokhari': 0, 'D/C': 0, 'Recharge shaft': 0, 'LFB': 0, 'RFB': 0}","{'Floodlight': 0, 'Flood Light': 0, 'GAS': 0, 'FIFA': 0, 'pipe': 0, 'pipes': 0, 'covid': 0, 'supply': 0, 'Beautification': 0, 'Installation': 0}",,,False,False,Others
76757,MGD/PR-10160(Mines)2024-25/Aurangabad Block 41-A,E-Auction  for settlement of Sand Ghat Aurangabad Block-41 A (Aurangabad BA 07),E-Auction  for settlement of Sand Ghat Aurangabad Block-41 A (Aurangabad BA 07),10800000.0,INR,INR,2024-10-20 16:14:21+00:00,2024-10-20T05:06:53.150000+00:00,2024-11-09T11:31:00+00:00,Shrikant Shastree,DM,Mines and Geology Aurangabad,Aurangabad,Shrikant Shastree,DM,Mines and Geology Aurangabad,2700000.0,5000.0,3540.0,True,"{'Flood': 0, 'Embankment': 0, 'embkt': 0, 'Relief': 0, 'Erosion': 0, 'SDRF': 0, 'Inundation': 0, 'Hydrology': 0, 'Silt': 0, 'Siltation': 0, 'Bund': 0, 'Trench': 0, 'Breach': 0, 'Culvert': 0, 'Sluice': 0, 'Dyke': 0, 'Storm water drain': 0, 'Emergency': 0, 'Immediate': 0, 'IM': 0, 'AE': 0, 'A E': 1, 'AAPDA MITRA': 0, 'Bridge': 0, 'River': 0, 'Drain': 0, 'Restoration': 0, 'Protection': 0, 'irr': 0, 'irrigation': 0, 'dam': 0, 'Nallah': 0, 'nala': 0, 'Retrofitting': 0, 'Pond': 0, 'Pokhari': 0, 'D/C': 0, 'Recharge shaft': 0, 'LFB': 0, 'RFB': 0}","{'Floodlight': 0, 'Flood Light': 0, 'GAS': 0, 'FIFA': 0, 'pipe': 0, 'pipes': 0, 'covid': 0, 'supply': 0, 'Beautification': 0, 'Installation': 0}",,,False,False,Others
76764,MGD/PR-10160(Mines)2024-25/Aurangabad Block 43-A,E-Auction  for settlement of Sand Ghat Aurangabad Block-43 A (Aurangabad Madar 01 to 21),E-Auction  for settlement of Sand Ghat Aurangabad Block-43 A (Aurangabad Madar 01 to 21),6642000.0,INR,INR,2024-10-20 16:18:09+00:00,2024-10-20T05:09:17.758000+00:00,2024-11-09T11:31:00+00:00,Shrikant Shastree,DM,Mines and Geology Aurangabad,Aurangabad,Shrikant Shastree,DM,Mines and Geology Aurangabad,1660500.0,5000.0,590.0,True,"{'Flood': 0, 'Embankment': 0, 'embkt': 0, 'Relief': 0, 'Erosion': 0, 'SDRF': 0, 'Inundation': 0, 'Hydrology': 0, 'Silt': 0, 'Siltation': 0, 'Bund': 0, 'Trench': 0, 'Breach': 0, 'Culvert': 0, 'Sluice': 0, 'Dyke': 0, 'Storm water drain': 0, 'Emergency': 0, 'Immediate': 0, 'IM': 0, 'AE': 0, 'A E': 1, 'AAPDA MITRA': 0, 'Bridge': 0, 'River': 0, 'Drain': 0, 'Restoration': 0, 'Protection': 0, 'irr': 0, 'irrigation': 0, 'dam': 0, 'Nallah': 0, 'nala': 0, 'Retrofitting': 0, 'Pond': 0, 'Pokhari': 0, 'D/C': 0, 'Recharge shaft': 0, 'LFB': 0, 'RFB': 0}","{'Floodlight': 0, 'Flood Light': 0, 'GAS': 0, 'FIFA': 0, 'pipe': 0, 'pipes': 0, 'covid': 0, 'supply': 0, 'Beautification': 0, 'Installation': 0}",,,False,False,Others
76759,MGD/PR-10160(Mines)2024-25/Aurangabad Block 42-A,E-Auction  for settlement of Sand Ghat Aurangabad Block-42 A (Aurangabad BA  09),E-Auction  for settlement of Sand Ghat Aurangabad Block-42 A (Aurangabad BA  09),13482000.0,INR,INR,2024-10-20 16:16:45+00:00,2024-10-20T05:07:30.318000+00:00,2024-11-09T11:31:00+00:00,Shrikant Shastree,DM,Mines and Geology Aurangabad,Aurangabad,Shrikant Shastree,DM,Mines and Geology Aurangabad,3370500.0,5000.0,3540.0,True,"{'Flood': 0, 'Embankment': 0, 'embkt': 0, 'Relief': 0, 'Erosion': 0, 'SDRF': 0, 'Inundation': 0, 'Hydrology': 0, 'Silt': 0, 'Siltation': 0, 'Bund': 0, 'Trench': 0, 'Breach': 0, 'Culvert': 0, 'Sluice': 0, 'Dyke': 0, 'Storm water drain': 0, 'Emergency': 0, 'Immediate': 0, 'IM': 0, 'AE': 0, 'A E': 1, 'AAPDA MITRA': 0, 'Bridge': 0, 'River': 0, 'Drain': 0, 'Restoration': 0, 'Protection': 0, 'irr': 0, 'irrigation': 0, 'dam': 0, 'Nallah': 0, 'nala': 0, 'Retrofitting': 0, 'Pond': 0, 'Pokhari': 0, 'D/C': 0, 'Recharge shaft': 0, 'LFB': 0, 'RFB': 0}","{'Floodlight': 0, 'Flood Light': 0, 'GAS': 0, 'FIFA': 0, 'pipe': 0, 'pipes': 0, 'covid': 0, 'supply': 0, 'Beautification': 0, 'Installation': 0}",,,False,False,Others
76791,SHNIT-03/2024-25/GR-42,"Detail Estimate for construction of R.C.C Drain with cover  from house of Pradeep kr. & Sunil Kr. To Dackbangla road Gyatri mandir via Kashturv gandindhi School in ward No. 23 in Nagar Parishad Sherghati, Gaya","Detail Estimate for construction of R.C.C Drain with cover  from house of Pradeep kr. & Sunil Kr. To Dackbangla road Gyatri mandir via Kashturv gandindhi School in ward No. 23 in Nagar Parishad Sherghati, Gaya",4845800.0,INR,INR,2024-10-20 09:32:56+00:00,2024-10-20T07:24:03.140000+00:00,2025-01-13T12:22:30+00:00,EXECUTIVE OFFICER SHERGHATI,EO,NAGAR PARISHAD SHERGHATI,SHERGHATI,EXECUTIVE OFFICER SHERGHATI,EO,NAGAR PANCHAYAT SHERGHATI,97000.0,5000.0,590.0,True,"{'Flood': 0, 'Embankment': 0, 'embkt': 0, 'Relief': 0, 'Erosion': 0, 'SDRF': 0, 'Inundation': 0, 'Hydrology': 0, 'Silt': 0, 'Siltation': 0, 'Bund': 0, 'Trench': 0, 'Breach': 0, 'Culvert': 0, 'Sluice': 0, 'Dyke': 0, 'Storm water drain': 0, 'Emergency': 0, 'Immediate': 0, 'IM': 0, 'AE': 0, 'A E': 0, 'AAPDA MITRA': 0, 'Bridge': 0, 'River': 0, 'Drain': 2, 'Restoration': 0, 'Protection': 0, 'irr': 0, 'irrigation': 0, 'dam': 0, 'Nallah': 0, 'nala': 0, 'Retrofitting': 0, 'Pond': 0, 'Pokhari': 0, 'D/C': 0, 'Recharge shaft': 0, 'LFB': 0, 'RFB': 0}","{'Floodlight': 0, 'Flood Light': 0, 'GAS': 0, 'FIFA': 0, 'pipe': 0, 'pipes': 0, 'covid': 0, 'supply': 0, 'Beautification': 0, 'Installation': 0}",,,False,True,Immediate Measures
76789,SHNIT-03/2024-25/GR-40,"Detail Estimate for construction of R.C.C Drain with cover  from house of Upendra singh  to  Devi Mandir  via house of Shyama devi  in ward No. 22 in Nagar Parishad Sherghati, Gaya","Detail Estimate for construction of R.C.C Drain with cover  from house of Upendra singh  to  Devi Mandir  via house of Shyama devi  in ward No. 22 in Nagar Parishad Sherghati, Gaya",3906400.0,INR,INR,2024-10-20 09:29:03+00:00,2024-10-20T07:23:41.627000+00:00,2025-01-14T11:55:03+00:00,EXECUTIVE OFFICER SHERGHATI,EO,NAGAR PARISHAD SHERGHATI,SHERGHATI,EXECUTIVE OFFICER SHERGHATI,EO,NAGAR PANCHAYAT SHERGHATI,78200.0,5000.0,590.0,True,"{'Flood': 0, 'Embankment': 0, 'embkt': 0, 'Relief': 0, 'Erosion': 0, 'SDRF': 0, 'Inundation': 0, 'Hydrology': 0, 'Silt': 0, 'Siltation': 0, 'Bund': 0, 'Trench': 0, 'Breach': 0, 'Culvert': 0, 'Sluice': 0, 'Dyke': 0, 'Storm water drain': 0, 'Emergency': 0, 'Immediate': 0, 'IM': 0, 'AE': 0, 'A E': 0, 'AAPDA MITRA': 0, 'Bridge': 0, 'River': 0, 'Drain': 2, 'Restoration': 0, 'Protection': 0, 'irr': 0, 'irrigation': 0, 'dam': 0, 'Nallah': 0, 'nala': 0, 'Retrofitting': 0, 'Pond': 0, 'Pokhari': 0, 'D/C': 0, 'Recharge shaft': 0, 'LFB': 0, 'RFB': 0}","{'Floodlight': 0, 'Flood Light': 0, 'GAS': 0, 'FIFA': 0, 'pipe': 0, 'pipes': 0, 'covid': 0, 'supply': 0, 'Beautification': 0, 'Installation': 0}",,,False,True,Immediate Measures
76792,SHNIT-03/2024-25/GR-43,"Detail Estimate for Construction of RCC Drain with Cover Plate & PCC Road from house of Allia kirana store to Bhuntoli main Road  in Ward No.- 24  in Nagar Parishad Sherghati, Dist.- Gaya.","Detail Estimate for Construction of RCC Drain with Cover Plate & PCC Road from house of Allia kirana store to Bhuntoli main Road  in Ward No.- 24  in Nagar Parishad Sherghati, Dist.- Gaya.",4046000.0,INR,INR,2024-10-20 09:35:19+00:00,2024-10-20T07:24:12.739000+00:00,2025-01-13T12:13:33+00:00,EXECUTIVE OFFICER SHERGHATI,EO,NAGAR PARISHAD SHERGHATI,SHERGHATI,EXECUTIVE OFFICER SHERGHATI,EO,NAGAR PANCHAYAT SHERGHATI,81000.0,5000.0,590.0,True,"{'Flood': 0, 'Embankment': 0, 'embkt': 0, 'Relief': 0, 'Erosion': 0, 'SDRF': 0, 'Inundation': 0, 'Hydrology': 0, 'Silt': 0, 'Siltation': 0, 'Bund': 0, 'Trench': 0, 'Breach': 0, 'Culvert': 0, 'Sluice': 0, 'Dyke': 0, 'Storm water drain': 0, 'Emergency': 0, 'Immediate': 0, 'IM': 0, 'AE': 0, 'A E': 0, 'AAPDA MITRA': 0, 'Bridge': 0, 'River': 0, 'Drain': 2, 'Restoration': 0, 'Protection': 0, 'irr': 0, 'irrigation': 0, 'dam': 0, 'Nallah': 0, 'nala': 0, 'Retrofitting': 0, 'Pond': 0, 'Pokhari': 0, 'D/C': 0, 'Recharge shaft': 0, 'LFB': 0, 'RFB': 0}","{'Floodlight': 0, 'Flood Light': 0, 'GAS': 0, 'FIFA': 0, 'pipe': 0, 'pipes': 0, 'covid': 0, 'supply': 0, 'Beautification': 0, 'Installation': 0}",,,False,True,Immediate Measures
76793,SHNIT-03/2024-25/GR-44,"Detail Estimate for Construction of RCC Drain with Cover Plate from in Ramna Road house of Kunj Bihari Agrwal to Bhuitoli More Via shekhpura More in Mela road in Ward No.- 24 Nagar Parishad Sherghati, Dist.- Gaya.","Detail Estimate for Construction of RCC Drain with Cover Plate from in Ramna Road house of Kunj Bihari Agrwal to Bhuitoli More Via shekhpura More in Mela road in Ward No.- 24 Nagar Parishad Sherghati, Dist.- Gaya.",4994500.0,INR,INR,2024-10-20 09:37:14+00:00,2024-10-20T07:24:21.260000+00:00,2025-01-11T10:10:15+00:00,EXECUTIVE OFFICER SHERGHATI,EO,NAGAR PARISHAD SHERGHATI,SHERGHATI,EXECUTIVE OFFICER SHERGHATI,EO,NAGAR PANCHAYAT SHERGHATI,99900.0,5000.0,590.0,True,"{'Flood': 0, 'Embankment': 0, 'embkt': 0, 'Relief': 0, 'Erosion': 0, 'SDRF': 0, 'Inundation': 0, 'Hydrology': 0, 'Silt': 0, 'Siltation': 0, 'Bund': 0, 'Trench': 0, 'Breach': 0, 'Culvert': 0, 'Sluice': 0, 'Dyke': 0, 'Storm water drain': 0, 'Emergency': 0, 'Immediate': 0, 'IM': 0, 'AE': 0, 'A E': 0, 'AAPDA MITRA': 0, 'Bridge': 0, 'River': 0, 'Drain': 2, 'Restoration': 0, 'Protection': 0, 'irr': 0, 'irrigation': 0, 'dam': 0, 'Nallah': 0, 'nala': 0, 'Retrofitting': 0, 'Pond': 0, 'Pokhari': 0, 'D/C': 0, 'Recharge shaft': 0, 'LFB': 0, 'RFB': 0}","{'Floodlight': 0, 'Flood Light': 0, 'GAS': 0, 'FIFA': 0, 'pipe': 0, 'pipes': 0, 'covid': 0, 'supply': 0, 'Beautification': 0, 'Installation': 0}",,,False,True,Immediate Measures
76796,SHNIT-03/2024-25/GR-47,Detail Estimate for Construction of RCC Drain with Cover Plate & PCC Road from Saddam Chock to bhurki More in Ward No. 26 Nagar Parishad Sherghati.,Detail Estimate for Construction of RCC Drain with Cover Plate & PCC Road from Saddam Chock to bhurki More in Ward No. 26 Nagar Parishad Sherghati.,2887826.0,INR,INR,2024-10-20 09:44:00+00:00,2024-10-20T07:24:47.096000+00:00,2025-01-11T10:23:52+00:00,EXECUTIVE OFFICER SHERGHATI,EO,NAGAR PARISHAD SHERGHATI,SHERGHATI,EXECUTIVE OFFICER SHERGHATI,EO,NAGAR PANCHAYAT SHERGHATI,57800.0,5000.0,590.0,True,"{'Flood': 0, 'Embankment': 0, 'embkt': 0, 'Relief': 0, 'Erosion': 0, 'SDRF': 0, 'Inundation': 0, 'Hydrology': 0, 'Silt': 0, 'Siltation': 0, 'Bund': 0, 'Trench': 0, 'Breach': 0, 'Culvert': 0, 'Sluice': 0, 'Dyke': 0, 'Storm water drain': 0, 'Emergency': 0, 'Immediate': 0, 'IM': 0, 'AE': 0, 'A E': 0, 'AAPDA MITRA': 0, 'Bridge': 0, 'River': 0, 'Drain': 2, 'Restoration': 0, 'Protection': 0, 'irr': 0, 'irrigation': 0, 'dam': 0, 'Nallah': 0, 'nala': 0, 'Retrofitting': 0, 'Pond': 0, 'Pokhari': 0, 'D/C': 0, 'Recharge shaft': 0, 'LFB': 0, 'RFB': 0}","{'Floodlight': 0, 'Flood Light': 0, 'GAS': 0, 'FIFA': 0, 'pipe': 0, 'pipes': 0, 'covid': 0, 'supply': 0, 'Beautification': 0, 'Installation': 0}",,,False,True,Immediate Measures
76787,SHNIT-03/2024-25/GR-38,"Detail Estimate for Construction of RCC Drain with Cover Plate  & PCC Road from Middle School Palakiya to Morhan Nadi  in Ward No.- 21  in Nagar Parishad Sherghati, Dist.- Gaya.","Detail Estimate for Construction of RCC Drain with Cover Plate  & PCC Road from Middle School Palakiya to Morhan Nadi  in Ward No.- 21  in Nagar Parishad Sherghati, Dist.- Gaya.",1244000.0,INR,INR,2024-10-20 09:24:45+00:00,2024-10-20T07:23:19.414000+00:00,2025-04-17T08:31:49+00:00,EXECUTIVE OFFICER SHERGHATI,EO,NAGAR PARISHAD SHERGHATI,SHERGHATI,EXECUTIVE OFFICER SHERGHATI,EO,NAGAR PANCHAYAT SHERGHATI,24900.0,2500.0,590.0,True,"{'Flood': 0, 'Embankment': 0, 'embkt': 0, 'Relief': 0, 'Erosion': 0, 'SDRF': 0, 'Inundation': 0, 'Hydrology': 0, 'Silt': 0, 'Siltation': 0, 'Bund': 0, 'Trench': 0, 'Breach': 0, 'Culvert': 0, 'Sluice': 0, 'Dyke': 0, 'Storm water drain': 0, 'Emergency': 0, 'Immediate': 0, 'IM': 0, 'AE': 0, 'A E': 0, 'AAPDA MITRA': 0, 'Bridge': 0, 'River': 0, 'Drain': 2, 'Restoration': 0, 'Protection': 0, 'irr': 0, 'irrigation': 0, 'dam': 0, 'Nallah': 0, 'nala': 0, 'Retrofitting': 0, 'Pond': 0, 'Pokhari': 0, 'D/C': 0, 'Recharge shaft': 0, 'LFB': 0, 'RFB': 0}","{'Floodlight': 0, 'Flood Light': 0, 'GAS': 0, 'FIFA': 0, 'pipe': 0, 'pipes': 0, 'covid': 0, 'supply': 0, 'Beautification': 0, 'Installation': 0}",,,False,True,Immediate Measures
76790,SHNIT-03/2024-25/GR-41,"Detail Estimate for Construction of RCC Drain with Cover Plate and PCC Road J.P. Chock to Kashturwa Gandhi School in Ward No.- 23 in Mohalla Shekhpura  in Nagar Parishad Sherghati, Dist.- Gaya.","Detail Estimate for Construction of RCC Drain with Cover Plate and PCC Road J.P. Chock to Kashturwa Gandhi School in Ward No.- 23 in Mohalla Shekhpura  in Nagar Parishad Sherghati, Dist.- Gaya.",2271473.0,INR,INR,2024-10-20 09:31:08+00:00,2024-10-20T07:23:52.244000+00:00,2025-04-17T08:03:05+00:00,EXECUTIVE OFFICER SHERGHATI,EO,NAGAR PARISHAD SHERGHATI,SHERGHATI,EXECUTIVE OFFICER SHERGHATI,EO,NAGAR PANCHAYAT SHERGHATI,45500.0,5000.0,590.0,True,"{'Flood': 0, 'Embankment': 0, 'embkt': 0, 'Relief': 0, 'Erosion': 0, 'SDRF': 0, 'Inundation': 0, 'Hydrology': 0, 'Silt': 0, 'Siltation': 0, 'Bund': 0, 'Trench': 0, 'Breach': 0, 'Culvert': 0, 'Sluice': 0, 'Dyke': 0, 'Storm water drain': 0, 'Emergency': 0, 'Immediate': 0, 'IM': 0, 'AE': 0, 'A E': 0, 'AAPDA MITRA': 0, 'Bridge': 0, 'River': 0, 'Drain': 2, 'Restoration': 0, 'Protection': 0, 'irr': 0, 'irrigation': 0, 'dam': 0, 'Nallah': 0, 'nala': 0, 'Retrofitting': 0, 'Pond': 0, 'Pokhari': 0, 'D/C': 0, 'Recharge shaft': 0, 'LFB': 0, 'RFB': 0}","{'Floodlight': 0, 'Flood Light': 0, 'GAS': 0, 'FIFA': 0, 'pipe': 0, 'pipes': 0, 'covid': 0, 'supply': 0, 'Beautification': 0, 'Installation': 0}",,,False,True,Immediate Measures
76786,SHNIT-03/2024-25/GR-37,"Detail Estimate for Construcion of R.C.C Drain with cover from Power Electric to house of Paro Devi in Ward No. 20 in Nagar Parishad Sherghati, Gaya.","Detail Estimate for Construcion of R.C.C Drain with cover from Power Electric to house of Paro Devi in Ward No. 20 in Nagar Parishad Sherghati, Gaya.",1825400.0,INR,INR,2024-10-20 09:21:54+00:00,2024-10-20T07:23:05.957000+00:00,2025-04-17T08:38:19+00:00,EXECUTIVE OFFICER SHERGHATI,EO,NAGAR PARISHAD SHERGHATI,SHERGHATI,EXECUTIVE OFFICER SHERGHATI,EO,NAGAR PANCHAYAT SHERGHATI,36600.0,5000.0,590.0,True,"{'Flood': 0, 'Embankment': 0, 'embkt': 0, 'Relief': 0, 'Erosion': 0, 'SDRF': 0, 'Inundation': 0, 'Hydrology': 0, 'Silt': 0, 'Siltation': 0, 'Bund': 0, 'Trench': 0, 'Breach': 0, 'Culvert': 0, 'Sluice': 0, 'Dyke': 0, 'Storm water drain': 0, 'Emergency': 0, 'Immediate': 0, 'IM': 0, 'AE': 0, 'A E': 0, 'AAPDA MITRA': 0, 'Bridge': 0, 'River': 0, 'Drain': 2, 'Restoration': 0, 'Protection': 0, 'irr': 0, 'irrigation': 0, 'dam': 0, 'Nallah': 0, 'nala': 0, 'Retrofitting': 0, 'Pond': 0, 'Pokhari': 0, 'D/C': 0, 'Recharge shaft': 0, 'LFB': 0, 'RFB': 0}","{'Floodlight': 0, 'Flood Light': 0, 'GAS': 0, 'FIFA': 0, 'pipe': 0, 'pipes': 0, 'covid': 0, 'supply': 0, 'Beautification': 0, 'Installation': 0}",,,False,True,Immediate Measures
76797,SHNIT-03/2024-25/GR-48,"Detail Estimate for Construction of RCC Drain with Cover Plate & PCC Road from house of Affasha to Main road nali in Kaji muhalla  in Ward No.- 27  in Nagar Parishad Sherghati, Dist.- Gaya.","Detail Estimate for Construction of RCC Drain with Cover Plate & PCC Road from house of Affasha to Main road nali in Kaji muhalla  in Ward No.- 27  in Nagar Parishad Sherghati, Dist.- Gaya.",817800.0,INR,INR,2024-10-20 09:46:28+00:00,2024-10-20T07:24:56.387000+00:00,2025-02-28T05:53:41+00:00,EXECUTIVE OFFICER SHERGHATI,EO,NAGAR PARISHAD SHERGHATI,SHERGHATI,EXECUTIVE OFFICER SHERGHATI,EO,NAGAR PANCHAYAT SHERGHATI,16400.0,1250.0,590.0,True,"{'Flood': 0, 'Embankment': 0, 'embkt': 0, 'Relief': 0, 'Erosion': 0, 'SDRF': 0, 'Inundation': 0, 'Hydrology': 0, 'Silt': 0, 'Siltation': 0, 'Bund': 0, 'Trench': 0, 'Breach': 0, 'Culvert': 0, 'Sluice': 0, 'Dyke': 0, 'Storm water drain': 0, 'Emergency': 0, 'Immediate': 0, 'IM': 0, 'AE': 0, 'A E': 0, 'AAPDA MITRA': 0, 'Bridge': 0, 'River': 0, 'Drain': 2, 'Restoration': 0, 'Protection': 0, 'irr': 0, 'irrigation': 0, 'dam': 0, 'Nallah': 0, 'nala': 0, 'Retrofitting': 0, 'Pond': 0, 'Pokhari': 0, 'D/C': 0, 'Recharge shaft': 0, 'LFB': 0, 'RFB': 0}","{'Floodlight': 0, 'Flood Light': 0, 'GAS': 0, 'FIFA': 0, 'pipe': 0, 'pipes': 0, 'covid': 0, 'supply': 0, 'Beautification': 0, 'Installation': 0}",,,False,True,Immediate Measures
76794,SHNIT-03/2024-25/GR-45,"Detail Estimate for Construction of RCC Drain with Cover Plate, Drain Chamber & Culvert and PCC Road From House of md Kamal Driver to House of Md. Javed Via House of Dr. Imran   in mohalla Anwarganj Ward No.- 25 Nagar Parishad Sherghati, Dist.- Gaya.","Detail Estimate for Construction of RCC Drain with Cover Plate, Drain Chamber & Culvert and PCC Road From House of md Kamal Driver to House of Md. Javed Via House of Dr. Imran   in mohalla Anwarganj Ward No.- 25 Nagar Parishad Sherghati, Dist.- Gaya.",2729775.0,INR,INR,2024-10-20 09:39:23+00:00,2024-10-20T07:24:29.121000+00:00,2025-01-13T12:05:47+00:00,EXECUTIVE OFFICER SHERGHATI,EO,NAGAR PARISHAD SHERGHATI,SHERGHATI,EXECUTIVE OFFICER SHERGHATI,EO,NAGAR PANCHAYAT SHERGHATI,54600.0,5000.0,590.0,True,"{'Flood': 0, 'Embankment': 0, 'embkt': 0, 'Relief': 0, 'Erosion': 0, 'SDRF': 0, 'Inundation': 0, 'Hydrology': 0, 'Silt': 0, 'Siltation': 0, 'Bund': 0, 'Trench': 0, 'Breach': 0, 'Culvert': 2, 'Sluice': 0, 'Dyke': 0, 'Storm water drain': 0, 'Emergency': 0, 'Immediate': 0, 'IM': 0, 'AE': 0, 'A E': 0, 'AAPDA MITRA': 0, 'Bridge': 0, 'River': 0, 'Drain': 4, 'Restoration': 0, 'Protection': 0, 'irr': 0, 'irrigation': 0, 'dam': 0, 'Nallah': 0, 'nala': 0, 'Retrofitting': 0, 'Pond': 0, 'Pokhari': 0, 'D/C': 0, 'Recharge shaft': 0, 'LFB': 0, 'RFB': 0}","{'Floodlight': 0, 'Flood Light': 0, 'GAS': 0, 'FIFA': 0, 'pipe': 0, 'pipes': 0, 'covid': 0, 'supply': 0, 'Beautification': 0, 'Installation': 0}",,,False,True,Immediate Measures
76801,SHNIT-03/2024-25/GR-51,"Detail Estimate for Construction of RCC Drain with Cover Plate and PCC Road Infront of Lodi shahid Masjid to Chanda Kabristan  in Ward No.- 28  in Nagar Parishad Sherghati, Dist.- Gaya.","Detail Estimate for Construction of RCC Drain with Cover Plate and PCC Road Infront of Lodi shahid Masjid to Chanda Kabristan  in Ward No.- 28  in Nagar Parishad Sherghati, Dist.- Gaya.",4187770.0,INR,INR,2024-10-20 09:52:36+00:00,2024-10-20T07:25:43.804000+00:00,2025-01-11T09:33:36+00:00,EXECUTIVE OFFICER SHERGHATI,EO,NAGAR PARISHAD SHERGHATI,SHERGHATI,EXECUTIVE OFFICER SHERGHATI,EO,NAGAR PANCHAYAT SHERGHATI,83800.0,5000.0,590.0,True,"{'Flood': 0, 'Embankment': 0, 'embkt': 0, 'Relief': 0, 'Erosion': 0, 'SDRF': 0, 'Inundation': 0, 'Hydrology': 0, 'Silt': 0, 'Siltation': 0, 'Bund': 0, 'Trench': 0, 'Breach': 0, 'Culvert': 0, 'Sluice': 0, 'Dyke': 0, 'Storm water drain': 0, 'Emergency': 0, 'Immediate': 0, 'IM': 0, 'AE': 0, 'A E': 0, 'AAPDA MITRA': 0, 'Bridge': 0, 'River': 0, 'Drain': 2, 'Restoration': 0, 'Protection': 0, 'irr': 0, 'irrigation': 0, 'dam': 0, 'Nallah': 0, 'nala': 0, 'Retrofitting': 0, 'Pond': 0, 'Pokhari': 0, 'D/C': 0, 'Recharge shaft': 0, 'LFB': 0, 'RFB': 0}","{'Floodlight': 0, 'Flood Light': 0, 'GAS': 0, 'FIFA': 0, 'pipe': 0, 'pipes': 0, 'covid': 0, 'supply': 0, 'Beautification': 0, 'Installation': 0}",,,False,True,Immediate Measures
76798,SHNIT-03/2024-25/GR-49,"Detail Estimate for Construction of RCC Drain with Cover Plate & PCC Road from house of Shahadat Khan to Garh Mohalla Main road Nali & House of Shahadat Khan to main road Nali via house of Shadav alam,  Saltanat jaha & Mustfa alam in Ward No.- 27  in Nagar Parishad Sherghati, Dist.- Gaya.","Detail Estimate for Construction of RCC Drain with Cover Plate & PCC Road from house of Shahadat Khan to Garh Mohalla Main road Nali & House of Shahadat Khan to main road Nali via house of Shadav alam,  Saltanat jaha & Mustfa alam in Ward No.- 27  in Nagar Parishad Sherghati, Dist.- Gaya.",2192456.0,INR,INR,2024-10-20 09:48:45+00:00,2024-10-20T07:25:05.912000+00:00,2025-04-17T07:40:37+00:00,EXECUTIVE OFFICER SHERGHATI,EO,NAGAR PARISHAD SHERGHATI,SHERGHATI,EXECUTIVE OFFICER SHERGHATI,EO,NAGAR PANCHAYAT SHERGHATI,43900.0,5000.0,590.0,True,"{'Flood': 0, 'Embankment': 0, 'embkt': 0, 'Relief': 0, 'Erosion': 0, 'SDRF': 0, 'Inundation': 0, 'Hydrology': 0, 'Silt': 0, 'Siltation': 0, 'Bund': 0, 'Trench': 0, 'Breach': 0, 'Culvert': 0, 'Sluice': 0, 'Dyke': 0, 'Storm water drain': 0, 'Emergency': 0, 'Immediate': 0, 'IM': 0, 'AE': 0, 'A E': 0, 'AAPDA MITRA': 0, 'Bridge': 0, 'River': 0, 'Drain': 2, 'Restoration': 0, 'Protection': 0, 'irr': 0, 'irrigation': 0, 'dam': 0, 'Nallah': 0, 'nala': 0, 'Retrofitting': 0, 'Pond': 0, 'Pokhari': 0, 'D/C': 0, 'Recharge shaft': 0, 'LFB': 0, 'RFB': 0}","{'Floodlight': 0, 'Flood Light': 0, 'GAS': 0, 'FIFA': 0, 'pipe': 0, 'pipes': 0, 'covid': 0, 'supply': 0, 'Beautification': 0, 'Installation': 0}",,,False,True,Immediate Measures
76809,GR-002/NIT-01/2024-25NPBARAUNI,"In Ward No. 21, RCC drain construction work from Pax warehouse to Kali Sthan Gadda via Bhaday Mahato house in front of Bhagwat Prasad Singh house.","In Ward No. 21, RCC drain construction work from Pax warehouse to Kali Sthan Gadda via Bhaday Mahato house in front of Bhagwat Prasad Singh house.",2495190.0,INR,INR,2024-10-20 08:11:49+00:00,2024-10-20T08:09:10.589000+00:00,2024-11-29T11:33:46+00:00,RAVI KUMAR (EXECUTIVE OFFICER),Executive Officer,Khagaria Municipal Council,Khagaria Municipal Coucil,RAVI KUMAR (EXECUTIVE OFFICER),Executive Officer,Nagar Parishad Khagaria,50000.0,5000.0,590.0,True,"{'Flood': 0, 'Embankment': 0, 'embkt': 0, 'Relief': 0, 'Erosion': 0, 'SDRF': 0, 'Inundation': 0, 'Hydrology': 0, 'Silt': 0, 'Siltation': 0, 'Bund': 0, 'Trench': 0, 'Breach': 0, 'Culvert': 0, 'Sluice': 0, 'Dyke': 0, 'Storm water drain': 0, 'Emergency': 0, 'Immediate': 0, 'IM': 0, 'AE': 0, 'A E': 0, 'AAPDA MITRA': 0, 'Bridge': 0, 'River': 0, 'Drain': 2, 'Restoration': 0, 'Protection': 0, 'irr': 0, 'irrigation': 0, 'dam': 0, 'Nallah': 0, 'nala': 0, 'Retrofitting': 0, 'Pond': 0, 'Pokhari': 0, 'D/C': 0, 'Recharge shaft': 0, 'LFB': 0, 'RFB': 0}","{'Floodlight': 0, 'Flood Light': 0, 'GAS': 0, 'FIFA': 0, 'pipe': 0, 'pipes': 0, 'covid': 0, 'supply': 0, 'Beautification': 0, 'Installation': 0}",,,False,True,Immediate Measures
76806,GR-01/NIT-01/2024-25NPBARAUNI,"Construction of Drain & PCC from Near of rajesh kumar jamaiyar jee house, Md kaushar house to lakshmi sah house, Md ayub house to md Naushad house, md akram house to md usman house, md mustak sahab house to avadh tirhut road and md ashraf house to md rahmat house at Ward No.07","Construction of Drain & PCC from Near of rajesh kumar jamaiyar jee house, Md kaushar house to lakshmi sah house, Md ayub house to md Naushad house, md akram house to md usman house, md mustak sahab house to avadh tirhut road and md ashraf house to md rahmat house at Ward No.07",1838171.0,INR,INR,2024-10-20 08:08:39+00:00,2024-10-20T08:03:24.658000+00:00,2025-06-05T12:27:59+00:00,RAVI KUMAR (EXECUTIVE OFFICER),Executive Officer,Khagaria Municipal Council,Khagaria Municipal Coucil,RAVI KUMAR (EXECUTIVE OFFICER),Executive Officer,Nagar Parishad Khagaria,37000.0,5000.0,590.0,True,"{'Flood': 0, 'Embankment': 0, 'embkt': 0, 'Relief': 0, 'Erosion': 0, 'SDRF': 0, 'Inundation': 0, 'Hydrology': 0, 'Silt': 0, 'Siltation': 0, 'Bund': 0, 'Trench': 0, 'Breach': 0, 'Culvert': 0, 'Sluice': 0, 'Dyke': 0, 'Storm water drain': 0, 'Emergency': 0, 'Immediate': 0, 'IM': 0, 'AE': 0, 'A E': 0, 'AAPDA MITRA': 0, 'Bridge': 0, 'River': 0, 'Drain': 2, 'Restoration': 0, 'Protection': 0, 'irr': 0, 'irrigation': 0, 'dam': 0, 'Nallah': 0, 'nala': 0, 'Retrofitting': 0, 'Pond': 0, 'Pokhari': 0, 'D/C': 0, 'Recharge shaft': 0, 'LFB': 0, 'RFB': 0}","{'Floodlight': 0, 'Flood Light': 0, 'GAS': 0, 'FIFA': 0, 'pipe': 0, 'pipes': 0, 'covid': 0, 'supply': 0, 'Beautification': 0, 'Installation': 0}",,,False,True,Immediate Measures
76817,GR-07/NIT-01/2024-25NPBARAUNI,Construction work of RCC drain cum Uchikaran road from Shiv Mandir to Machhua Toli Pradhan Road in Ward No. 28.,Construction work of RCC drain cum Uchikaran road from Shiv Mandir to Machhua Toli Pradhan Road in Ward No. 28.,2418192.0,INR,INR,2024-10-20 08:24:59+00:00,2024-10-20T08:22:33.561000+00:00,2025-09-11T11:23:12+00:00,RAVI KUMAR (EXECUTIVE OFFICER),Executive Officer,Khagaria Municipal Council,Khagaria Municipal Coucil,RAVI KUMAR (EXECUTIVE OFFICER),Executive Officer,Nagar Parishad Khagaria,49000.0,5000.0,590.0,True,"{'Flood': 0, 'Embankment': 0, 'embkt': 0, 'Relief': 0, 'Erosion': 0, 'SDRF': 0, 'Inundation': 0, 'Hydrology': 0, 'Silt': 0, 'Siltation': 0, 'Bund': 0, 'Trench': 0, 'Breach': 0, 'Culvert': 0, 'Sluice': 0, 'Dyke': 0, 'Storm water drain': 0, 'Emergency': 0, 'Immediate': 0, 'IM': 0, 'AE': 0, 'A E': 0, 'AAPDA MITRA': 0, 'Bridge': 0, 'River': 0, 'Drain': 2, 'Restoration': 0, 'Protection': 0, 'irr': 0, 'irrigation': 0, 'dam': 0, 'Nallah': 0, 'nala': 0, 'Retrofitting': 0, 'Pond': 0, 'Pokhari': 0, 'D/C': 0, 'Recharge shaft': 0, 'LFB': 0, 'RFB': 0}","{'Floodlight': 0, 'Flood Light': 0, 'GAS': 0, 'FIFA': 0, 'pipe': 0, 'pipes': 0, 'covid': 0, 'supply': 0, 'Beautification': 0, 'Installation': 0}",,,False,True,Immediate Measures
76799,SHNIT-03/2024-25/GR-50,"Detail Estimate for construction of R.C.C Drain with cover, RCC Culvert & Chamber  from  Chanda Kabristan to  Bhudhiya Nadi via Radhe Ita Bhattha  in Ward No. 28 in Nagar Parishad Sherghati, Gaya.","Detail Estimate for construction of R.C.C Drain with cover, RCC Culvert & Chamber  from  Chanda Kabristan to  Bhudhiya Nadi via Radhe Ita Bhattha  in Ward No. 28 in Nagar Parishad Sherghati, Gaya.",4995000.0,INR,INR,2024-10-20 09:50:24+00:00,2024-10-20T07:25:16.636000+00:00,2025-01-11T09:56:52+00:00,EXECUTIVE OFFICER SHERGHATI,EO,NAGAR PARISHAD SHERGHATI,SHERGHATI,EXECUTIVE OFFICER SHERGHATI,EO,NAGAR PANCHAYAT SHERGHATI,99900.0,5000.0,590.0,True,"{'Flood': 0, 'Embankment': 0, 'embkt': 0, 'Relief': 0, 'Erosion': 0, 'SDRF': 0, 'Inundation': 0, 'Hydrology': 0, 'Silt': 0, 'Siltation': 0, 'Bund': 0, 'Trench': 0, 'Breach': 0, 'Culvert': 2, 'Sluice': 0, 'Dyke': 0, 'Storm water drain': 0, 'Emergency': 0, 'Immediate': 0, 'IM': 0, 'AE': 0, 'A E': 0, 'AAPDA MITRA': 0, 'Bridge': 0, 'River': 0, 'Drain': 2, 'Restoration': 0, 'Protection': 0, 'irr': 0, 'irrigation': 0, 'dam': 0, 'Nallah': 0, 'nala': 0, 'Retrofitting': 0, 'Pond': 0, 'Pokhari': 0, 'D/C': 0, 'Recharge shaft': 0, 'LFB': 0, 'RFB': 0}","{'Floodlight': 0, 'Flood Light': 0, 'GAS': 0, 'FIFA': 0, 'pipe': 0, 'pipes': 0, 'covid': 0, 'supply': 0, 'Beautification': 0, 'Installation': 0}",,,False,True,Immediate Measures
76951,NIT-03/SBD/2024-25 GR-01,Restoration Work of Cross regulator Cum SLR Bridge at R.D. 78.43 of Eastern Koshi Main Canal.,Restoration Work of Cross regulator Cum SLR Bridge at R.D. 78.43 of Eastern Koshi Main Canal.,67031971.0,INR,INR,2024-10-21 10:54:15+00:00,2024-10-21T10:34:47.461000+00:00,2024-10-25T10:02:54+00:00,RAJESH KUMAR,EE,WRD,"GHORASAHAN CANAL DIVISION, RAXAUL",PRABHU NARAYAN SINGH,SE,IRRIGATION CIRCLE BHAGALPUR,1341000.0,10000.0,5900.0,True,"{'Flood': 0, 'Embankment': 0, 'embkt': 0, 'Relief': 0, 'Erosion': 0, 'SDRF': 0, 'Inundation': 0, 'Hydrology': 0, 'Silt': 0, 'Siltation': 0, 'Bund': 0, 'Trench': 0, 'Breach': 0, 'Culvert': 0, 'Sluice': 0, 'Dyke': 0, 'Storm water drain': 0, 'Emergency': 0, 'Immediate': 0, 'IM': 0, 'AE': 0, 'A E': 0, 'AAPDA MITRA': 0, 'Bridge': 2, 'River': 0, 'Drain': 0, 'Restoration': 2, 'Protection': 0, 'irr': 0, 'irrigation': 0, 'dam': 0, 'Nallah': 0, 'nala': 0, 'Retrofitting': 0, 'Pond': 0, 'Pokhari': 0, 'D/C': 0, 'Recharge shaft': 0, 'LFB': 0, 'RFB': 0}","{'Floodlight': 0, 'Flood Light': 0, 'GAS': 0, 'FIFA': 0, 'pipe': 0, 'pipes': 0, 'covid': 0, 'supply': 0, 'Beautification': 0, 'Installation': 0}",,,False,True,Immediate Measures
77557,RFP No: BSDM/Tourism Dept-RPL-277/2023,"Empanelment of Training Partners (TPs) / Program Implementation Agencies (PIAs) To implement Recognition of Prior Learning (RPL) with Bridge Course Program for Tourism Department, Govt. of Bihar under the overall framework of Bihar Skill Development Mission.","Empanelment of Training Partners (TPs) / Program Implementation Agencies (PIAs) To implement Recognition of Prior Learning (RPL) with Bridge Course Program for Tourism Department, Govt. of Bihar under the overall framework of Bihar Skill Development Mission.",0.0,INR,INR,2024-10-24 09:19:00+00:00,2024-10-24T08:23:54.525000+00:00,2024-11-19T09:40:11+00:00,SURESH KUMAR SINGH,MD,Bihar Skill Development Mission,"5th Floor A- Block Niyojan Bhavan, near Income Tax Golumber",SURESH KUMAR SINGH,MD,Bihar Skill Development Mission,50000.0,5000.0,590.0,True,"{'Flood': 0, 'Embankment': 0, 'embkt': 0, 'Relief': 0, 'Erosion': 0, 'SDRF': 0, 'Inundation': 0, 'Hydrology': 0, 'Silt': 0, 'Siltation': 0, 'Bund': 0, 'Trench': 0, 'Breach': 0, 'Culvert': 0, 'Sluice': 0, 'Dyke': 0, 'Storm water drain': 0, 'Emergency': 0, 'Immediate': 0, 'IM': 0, 'AE': 0, 'A E': 0, 'AAPDA MITRA': 0, 'Bridge': 2, 'River': 0, 'Drain': 0, 'Restoration': 0, 'Protection': 0, 'irr': 0, 'irrigation': 0, 'dam': 0, 'Nallah': 0, 'nala': 0, 'Retrofitting': 0, 'Pond': 0, 'Pokhari': 0, 'D/C': 0, 'Recharge shaft': 0, 'LFB': 0, 'RFB': 0}","{'Floodlight': 0, 'Flood Light': 0, 'GAS': 0, 'FIFA': 0, 'pipe': 0, 'pipes': 0, 'covid': 0, 'supply': 0, 'Beautification': 0, 'Installation': 0}",,,False,True,Immediate Measures
77732,NIT NO -01/2024-25/NP PATEPUR/GR02,CONSTRUCTION OF RCC DRAIN IN WARD 8 FROM MUKESH PATEL HOUSE TO BABA VISAWMOHAN DAS MATH GATE .,CONSTRUCTION OF RCC DRAIN IN WARD 8 FROM MUKESH PATEL HOUSE TO BABA VISAWMOHAN DAS MATH GATE .,1628500.0,INR,INR,2024-10-25 07:13:05+00:00,2024-10-25T04:15:10.700000+00:00,2024-12-14T06:49:26+00:00,Deepshikha,EXECUTIVE OFFICER,NAGAR PANCHYAT PATEPUR,BLOCK OFFICE PATEPUR,DEEPSHIKHA,EXECUTIVE OFFICER,NAGAR PANCHYAT PATEPUR,32600.0,5000.0,590.0,True,"{'Flood': 0, 'Embankment': 0, 'embkt': 0, 'Relief': 0, 'Erosion': 0, 'SDRF': 0, 'Inundation': 0, 'Hydrology': 0, 'Silt': 0, 'Siltation': 0, 'Bund': 0, 'Trench': 0, 'Breach': 0, 'Culvert': 0, 'Sluice': 0, 'Dyke': 0, 'Storm water drain': 0, 'Emergency': 0, 'Immediate': 0, 'IM': 0, 'AE': 0, 'A E': 0, 'AAPDA MITRA': 0, 'Bridge': 0, 'River': 0, 'Drain': 2, 'Restoration': 0, 'Protection': 0, 'irr': 0, 'irrigation': 0, 'dam': 0, 'Nallah': 0, 'nala': 0, 'Retrofitting': 0, 'Pond': 0, 'Pokhari': 0, 'D/C': 0, 'Recharge shaft': 0, 'LFB': 0, 'RFB': 0}","{'Floodlight': 0, 'Flood Light': 0, 'GAS': 0, 'FIFA': 0, 'pipe': 0, 'pipes': 0, 'covid': 0, 'supply': 0, 'Beautification': 0, 'Installation': 0}",,,False,True,Immediate Measures
77795,RCD/02/RE2/2024-25,Construction of Lift at Existing Rajendra Nagar Foot Over Bridge (FOB) on Kankarbagh Main Road Patna for the Year 2024-25.,Construction of Lift at Existing Rajendra Nagar Foot Over Bridge (FOB) on Kankarbagh Main Road Patna for the Year 2024-25.,1169264.0,INR,INR,2024-10-25 09:31:49+00:00,2024-10-25T09:17:00.865000+00:00,2024-11-02T09:31:00+00:00,Abhishek Kumar,Executive Engineer NCD,ROAD CONSTRUCTION DEPARTMENT PATNA NEW CAPITAL,LODIPUR,SADHU SHARAN,"SUPERINTENDING ENGINEER,",ROAD CONSTRUCTION DEPARTMENT,23400.0,5900.0,590.0,True,"{'Flood': 0, 'Embankment': 0, 'embkt': 0, 'Relief': 0, 'Erosion': 0, 'SDRF': 0, 'Inundation': 0, 'Hydrology': 0, 'Silt': 0, 'Siltation': 0, 'Bund': 0, 'Trench': 0, 'Breach': 0, 'Culvert': 0, 'Sluice': 0, 'Dyke': 0, 'Storm water drain': 0, 'Emergency': 0, 'Immediate': 0, 'IM': 0, 'AE': 0, 'A E': 0, 'AAPDA MITRA': 0, 'Bridge': 2, 'River': 0, 'Drain': 0, 'Restoration': 0, 'Protection': 0, 'irr': 0, 'irrigation': 0, 'dam': 0, 'Nallah': 0, 'nala': 0, 'Retrofitting': 0, 'Pond': 0, 'Pokhari': 0, 'D/C': 0, 'Recharge shaft': 0, 'LFB': 0, 'RFB': 0}","{'Floodlight': 0, 'Flood Light': 0, 'GAS': 0, 'FIFA': 0, 'pipe': 0, 'pipes': 0, 'covid': 0, 'supply': 0, 'Beautification': 0, 'Installation': 0}",,,False,True,Others
77859,NIT-28/BCD/HAJIPUR/2024-25 GR- 01,Construction of  Panchyat Sarkar Bhawan (Non-Flood Area G+2) at Patedhi Belsar Block 01 Nos Panchayat (Belsar) District Vaishali for the year 2024-25,Construction of  Panchyat Sarkar Bhawan (Non-Flood Area G+2) at Patedhi Belsar Block 01 Nos Panchayat (Belsar) District Vaishali for the year 2024-25,25243092.0,INR,INR,2024-10-25 14:54:18+00:00,2024-10-25T13:13:24.902000+00:00,2025-03-03T07:08:16+00:00,"Executive Engineer, BUILDING DIVISION VAISHALI, HAJIPUR",EE,"Vaishali  Building  Division,  Hajipur","Executive  Engineer, Vaishali  Building  Division,  Hajipur","Superintending Engineer, Building Circle Muzaffarpur",SE,Building Circle Muzaffarpur,504900.0,10000.0,3540.0,True,"{'Flood': 2, 'Embankment': 0, 'embkt': 0, 'Relief': 0, 'Erosion': 0, 'SDRF': 0, 'Inundation': 0, 'Hydrology': 0, 'Silt': 0, 'Siltation': 0, 'Bund': 0, 'Trench': 0, 'Breach': 0, 'Culvert': 0, 'Sluice': 0, 'Dyke': 0, 'Storm water drain': 0, 'Emergency': 0, 'Immediate': 0, 'IM': 0, 'AE': 0, 'A E': 0, 'AAPDA MITRA': 0, 'Bridge': 0, 'River': 0, 'Drain': 0, 'Restoration': 0, 'Protection': 0, 'irr': 0, 'irrigation': 0, 'dam': 0, 'Nallah': 0, 'nala': 0, 'Retrofitting': 0, 'Pond': 0, 'Pokhari': 0, 'D/C': 0, 'Recharge shaft': 0, 'LFB': 0, 'RFB': 0}","{'Floodlight': 0, 'Flood Light': 0, 'GAS': 0, 'FIFA': 0, 'pipe': 0, 'pipes': 0, 'covid': 0, 'supply': 0, 'Beautification': 0, 'Installation': 0}",,,False,False,Immediate Measures
77877,NIT-28/BCD/HAJIPUR/2024-25 GR- 03,Construction of  Panchyat Sarkar Bhawan (Non-Flood Area G+2) at Mahnar Block 01 Nos Panchayat (Mahmmadpur) District Vaishali for the year 2024-25,Construction of  Panchyat Sarkar Bhawan (Non-Flood Area G+2) at Mahnar Block 01 Nos Panchayat (Mahmmadpur) District Vaishali for the year 2024-25,25243092.0,INR,INR,2024-10-25 14:58:37+00:00,2024-10-25T13:56:09.332000+00:00,2025-03-19T10:29:55+00:00,"Executive Engineer, BUILDING DIVISION VAISHALI, HAJIPUR",EE,"Vaishali  Building  Division,  Hajipur","Executive  Engineer, Vaishali  Building  Division,  Hajipur","Superintending Engineer, Building Circle Muzaffarpur",SE,Building Circle Muzaffarpur,504900.0,10000.0,3540.0,True,"{'Flood': 2, 'Embankment': 0, 'embkt': 0, 'Relief': 0, 'Erosion': 0, 'SDRF': 0, 'Inundation': 0, 'Hydrology': 0, 'Silt': 0, 'Siltation': 0, 'Bund': 0, 'Trench': 0, 'Breach': 0, 'Culvert': 0, 'Sluice': 0, 'Dyke': 0, 'Storm water drain': 0, 'Emergency': 0, 'Immediate': 0, 'IM': 0, 'AE': 0, 'A E': 0, 'AAPDA MITRA': 0, 'Bridge': 0, 'River': 0, 'Drain': 0, 'Restoration': 0, 'Protection': 0, 'irr': 0, 'irrigation': 0, 'dam': 0, 'Nallah': 0, 'nala': 0, 'Retrofitting': 0, 'Pond': 0, 'Pokhari': 0, 'D/C': 0, 'Recharge shaft': 0, 'LFB': 0, 'RFB': 0}","{'Floodlight': 0, 'Flood Light': 0, 'GAS': 0, 'FIFA': 0, 'pipe': 0, 'pipes': 0, 'covid': 0, 'supply': 0, 'Beautification': 0, 'Installation': 0}",,,False,False,Immediate Measures
77883,NIT-28/BCD/HAJIPUR/2024-25 GR- 06,Construction of  Panchyat Sarkar Bhawan (Non-Flood Area) at Jandaha  Block 01 Nos Panchayat (Khopi) District Vaishali for the year 2024-25,Construction of  Panchyat Sarkar Bhawan (Non-Flood Area) at Jandaha  Block 01 Nos Panchayat (Khopi) District Vaishali for the year 2024-25,25390072.0,INR,INR,2024-10-25 15:02:00+00:00,2024-10-25T14:09:11.602000+00:00,2025-02-10T12:30:51+00:00,"Executive Engineer, BUILDING DIVISION VAISHALI, HAJIPUR",EE,"Vaishali  Building  Division,  Hajipur","Executive  Engineer, Vaishali  Building  Division,  Hajipur","Superintending Engineer, Building Circle Muzaffarpur",SE,Building Circle Muzaffarpur,507900.0,10000.0,3540.0,True,"{'Flood': 2, 'Embankment': 0, 'embkt': 0, 'Relief': 0, 'Erosion': 0, 'SDRF': 0, 'Inundation': 0, 'Hydrology': 0, 'Silt': 0, 'Siltation': 0, 'Bund': 0, 'Trench': 0, 'Breach': 0, 'Culvert': 0, 'Sluice': 0, 'Dyke': 0, 'Storm water drain': 0, 'Emergency': 0, 'Immediate': 0, 'IM': 0, 'AE': 0, 'A E': 0, 'AAPDA MITRA': 0, 'Bridge': 0, 'River': 0, 'Drain': 0, 'Restoration': 0, 'Protection': 0, 'irr': 0, 'irrigation': 0, 'dam': 0, 'Nallah': 0, 'nala': 0, 'Retrofitting': 0, 'Pond': 0, 'Pokhari': 0, 'D/C': 0, 'Recharge shaft': 0, 'LFB': 0, 'RFB': 0}","{'Floodlight': 0, 'Flood Light': 0, 'GAS': 0, 'FIFA': 0, 'pipe': 0, 'pipes': 0, 'covid': 0, 'supply': 0, 'Beautification': 0, 'Installation': 0}",,,False,False,Immediate Measures
77884,NIT-28/BCD/HAJIPUR/2024-25 GR- 07,"Construction of  Panchyat Sarkar Bhawan (Non-Flood Area G+2) at Jandaha Block 03 Nos Panchayat (Dihbuchauli, Bahsi Saidpur, Bhan Bohra Urf Rasalpur) District Vaishali for the year 24-25","Construction of  Panchyat Sarkar Bhawan (Non-Flood Area G+2) at Jandaha Block 03 Nos Panchayat (Dihbuchauli, Bahsi Saidpur, Bhan Bohra Urf Rasalpur) District Vaishali for the year 24-25",75729275.0,INR,INR,2024-10-25 15:02:56+00:00,2024-10-25T14:16:07.961000+00:00,2025-01-28T06:39:12+00:00,"Executive Engineer, BUILDING DIVISION VAISHALI, HAJIPUR",EE,"Vaishali  Building  Division,  Hajipur","Executive  Engineer, Vaishali  Building  Division,  Hajipur","Superintending Engineer, Building Circle Muzaffarpur",SE,Building Circle Muzaffarpur,1514600.0,10000.0,5900.0,True,"{'Flood': 2, 'Embankment': 0, 'embkt': 0, 'Relief': 0, 'Erosion': 0, 'SDRF': 0, 'Inundation': 0, 'Hydrology': 0, 'Silt': 0, 'Siltation': 0, 'Bund': 0, 'Trench': 0, 'Breach': 0, 'Culvert': 0, 'Sluice': 0, 'Dyke': 0, 'Storm water drain': 0, 'Emergency': 0, 'Immediate': 0, 'IM': 0, 'AE': 0, 'A E': 0, 'AAPDA MITRA': 0, 'Bridge': 0, 'River': 0, 'Drain': 0, 'Restoration': 0, 'Protection': 0, 'irr': 0, 'irrigation': 0, 'dam': 0, 'Nallah': 0, 'nala': 0, 'Retrofitting': 0, 'Pond': 0, 'Pokhari': 0, 'D/C': 0, 'Recharge shaft': 0, 'LFB': 0, 'RFB': 0}","{'Floodlight': 0, 'Flood Light': 0, 'GAS': 0, 'FIFA': 0, 'pipe': 0, 'pipes': 0, 'covid': 0, 'supply': 0, 'Beautification': 0, 'Installation': 0}",,,False,False,Immediate Measures
77879,NIT-28/BCD/HAJIPUR/2024-25 GR- 04,Construction of  Panchyat Sarkar Bhawan (Non-Flood Area G+2) at Jandaha Block 01 Nos Panchayat (Pirapur) District Vaishali for the year 2024-25,Construction of  Panchyat Sarkar Bhawan (Non-Flood Area G+2) at Jandaha Block 01 Nos Panchayat (Pirapur) District Vaishali for the year 2024-25,25243092.0,INR,INR,2024-10-25 14:59:48+00:00,2024-10-25T13:59:44.888000+00:00,2025-01-28T06:44:28+00:00,"Executive Engineer, BUILDING DIVISION VAISHALI, HAJIPUR",EE,"Vaishali  Building  Division,  Hajipur","Executive  Engineer, Vaishali  Building  Division,  Hajipur","Superintending Engineer, Building Circle Muzaffarpur",SE,Building Circle Muzaffarpur,504900.0,10000.0,3540.0,True,"{'Flood': 2, 'Embankment': 0, 'embkt': 0, 'Relief': 0, 'Erosion': 0, 'SDRF': 0, 'Inundation': 0, 'Hydrology': 0, 'Silt': 0, 'Siltation': 0, 'Bund': 0, 'Trench': 0, 'Breach': 0, 'Culvert': 0, 'Sluice': 0, 'Dyke': 0, 'Storm water drain': 0, 'Emergency': 0, 'Immediate': 0, 'IM': 0, 'AE': 0, 'A E': 0, 'AAPDA MITRA': 0, 'Bridge': 0, 'River': 0, 'Drain': 0, 'Restoration': 0, 'Protection': 0, 'irr': 0, 'irrigation': 0, 'dam': 0, 'Nallah': 0, 'nala': 0, 'Retrofitting': 0, 'Pond': 0, 'Pokhari': 0, 'D/C': 0, 'Recharge shaft': 0, 'LFB': 0, 'RFB': 0}","{'Floodlight': 0, 'Flood Light': 0, 'GAS': 0, 'FIFA': 0, 'pipe': 0, 'pipes': 0, 'covid': 0, 'supply': 0, 'Beautification': 0, 'Installation': 0}",,,False,False,Immediate Measures
77881,NIT-28/BCD/HAJIPUR/2024-25 GR- 05,Construction of  Panchyat Sarkar Bhawan (Non-Flood Area G+2) at Rajapakar Block 01 Nos Panchayat (Gauspur) District Vaishali for the year 2024-25,Construction of  Panchyat Sarkar Bhawan (Non-Flood Area G+2) at Rajapakar Block 01 Nos Panchayat (Gauspur) District Vaishali for the year 2024-25,25243092.0,INR,INR,2024-10-25 15:00:47+00:00,2024-10-25T14:04:08.840000+00:00,2025-03-19T10:31:58+00:00,"Executive Engineer, BUILDING DIVISION VAISHALI, HAJIPUR",EE,"Vaishali  Building  Division,  Hajipur","Executive  Engineer, Vaishali  Building  Division,  Hajipur","Superintending Engineer, Building Circle Muzaffarpur",SE,Building Circle Muzaffarpur,504900.0,10000.0,3540.0,True,"{'Flood': 2, 'Embankment': 0, 'embkt': 0, 'Relief': 0, 'Erosion': 0, 'SDRF': 0, 'Inundation': 0, 'Hydrology': 0, 'Silt': 0, 'Siltation': 0, 'Bund': 0, 'Trench': 0, 'Breach': 0, 'Culvert': 0, 'Sluice': 0, 'Dyke': 0, 'Storm water drain': 0, 'Emergency': 0, 'Immediate': 0, 'IM': 0, 'AE': 0, 'A E': 0, 'AAPDA MITRA': 0, 'Bridge': 0, 'River': 0, 'Drain': 0, 'Restoration': 0, 'Protection': 0, 'irr': 0, 'irrigation': 0, 'dam': 0, 'Nallah': 0, 'nala': 0, 'Retrofitting': 0, 'Pond': 0, 'Pokhari': 0, 'D/C': 0, 'Recharge shaft': 0, 'LFB': 0, 'RFB': 0}","{'Floodlight': 0, 'Flood Light': 0, 'GAS': 0, 'FIFA': 0, 'pipe': 0, 'pipes': 0, 'covid': 0, 'supply': 0, 'Beautification': 0, 'Installation': 0}",,,False,False,Immediate Measures
77874,NIT-28/BCD/HAJIPUR/2024-25 GR- 02,Construction of  Panchyat Sarkar Bhawan (Non-Flood Area G+2) at Bidupur Block 01 Nos Panchayat (Jurawanpur) District Vaishali for the year 2024-25,Construction of  Panchyat Sarkar Bhawan (Non-Flood Area G+2) at Bidupur Block 01 Nos Panchayat (Jurawanpur) District Vaishali for the year 2024-25,25243092.0,INR,INR,2024-10-25 14:55:45+00:00,2024-10-25T13:48:45.389000+00:00,2025-02-28T06:34:30+00:00,"Executive Engineer, BUILDING DIVISION VAISHALI, HAJIPUR",EE,"Vaishali  Building  Division,  Hajipur","Executive  Engineer, Vaishali  Building  Division,  Hajipur","Superintending Engineer, Building Circle Muzaffarpur",SE,Building Circle Muzaffarpur,504900.0,10000.0,3540.0,True,"{'Flood': 2, 'Embankment': 0, 'embkt': 0, 'Relief': 0, 'Erosion': 0, 'SDRF': 0, 'Inundation': 0, 'Hydrology': 0, 'Silt': 0, 'Siltation': 0, 'Bund': 0, 'Trench': 0, 'Breach': 0, 'Culvert': 0, 'Sluice': 0, 'Dyke': 0, 'Storm water drain': 0, 'Emergency': 0, 'Immediate': 0, 'IM': 0, 'AE': 0, 'A E': 0, 'AAPDA MITRA': 0, 'Bridge': 0, 'River': 0, 'Drain': 0, 'Restoration': 0, 'Protection': 0, 'irr': 0, 'irrigation': 0, 'dam': 0, 'Nallah': 0, 'nala': 0, 'Retrofitting': 0, 'Pond': 0, 'Pokhari': 0, 'D/C': 0, 'Recharge shaft': 0, 'LFB': 0, 'RFB': 0}","{'Floodlight': 0, 'Flood Light': 0, 'GAS': 0, 'FIFA': 0, 'pipe': 0, 'pipes': 0, 'covid': 0, 'supply': 0, 'Beautification': 0, 'Installation': 0}",,,False,False,Immediate Measures
78010,NIT NO- 08/E/PATLIPUTRA/2024  Gr-02,construction of PCC Road & U/G Drain In Ram Nagari Sri nath Nagar From Tubewell to Ramchandra Ji House In Ward-02,construction of PCC Road & U/G Drain In Ram Nagari Sri nath Nagar From Tubewell to Ramchandra Ji House In Ward-02,4949471.0,INR,INR,2024-10-28 08:21:58+00:00,2024-10-28T07:36:20.201000+00:00,2025-01-21T10:03:14+00:00,"Aashish Prasad, Executive Engineer",EE,Patliputra Division,Sahdev Matho Marg sk puri park patna,Shushil Kumar Jha,EE,"New Capital Division, Patna Municipal Corporation, Patna",100000.0,5000.0,590.0,True,"{'Flood': 0, 'Embankment': 0, 'embkt': 0, 'Relief': 0, 'Erosion': 0, 'SDRF': 0, 'Inundation': 0, 'Hydrology': 0, 'Silt': 0, 'Siltation': 0, 'Bund': 0, 'Trench': 0, 'Breach': 0, 'Culvert': 0, 'Sluice': 0, 'Dyke': 0, 'Storm water drain': 0, 'Emergency': 0, 'Immediate': 0, 'IM': 0, 'AE': 0, 'A E': 0, 'AAPDA MITRA': 0, 'Bridge': 0, 'River': 0, 'Drain': 2, 'Restoration': 0, 'Protection': 0, 'irr': 0, 'irrigation': 0, 'dam': 0, 'Nallah': 0, 'nala': 0, 'Retrofitting': 0, 'Pond': 0, 'Pokhari': 0, 'D/C': 0, 'Recharge shaft': 0, 'LFB': 0, 'RFB': 0}","{'Floodlight': 0, 'Flood Light': 0, 'GAS': 0, 'FIFA': 0, 'pipe': 0, 'pipes': 0, 'covid': 0, 'supply': 0, 'Beautification': 0, 'Installation': 0}",,,False,True,Immediate Measures
78009,NIT NO- 08/E/PATLIPUTRA/2024  Gr-01,CONSTRUCTION OF PCC DRAIN WORK FROM PANDEY JI HOUSE TO POLSON ROAD DIGHA IN WARD-01,CONSTRUCTION OF PCC DRAIN WORK FROM PANDEY JI HOUSE TO POLSON ROAD DIGHA IN WARD-01,2308500.0,INR,INR,2024-10-28 07:36:00+00:00,2024-10-28T07:29:23.558000+00:00,2025-01-10T09:18:39+00:00,"Aashish Prasad, Executive Engineer",EE,Patliputra Division,Sahdev Matho Marg sk puri park patna,Shushil Kumar Jha,EE,"New Capital Division, Patna Municipal Corporation, Patna",46200.0,5000.0,590.0,True,"{'Flood': 0, 'Embankment': 0, 'embkt': 0, 'Relief': 0, 'Erosion': 0, 'SDRF': 0, 'Inundation': 0, 'Hydrology': 0, 'Silt': 0, 'Siltation': 0, 'Bund': 0, 'Trench': 0, 'Breach': 0, 'Culvert': 0, 'Sluice': 0, 'Dyke': 0, 'Storm water drain': 0, 'Emergency': 0, 'Immediate': 0, 'IM': 0, 'AE': 0, 'A E': 0, 'AAPDA MITRA': 0, 'Bridge': 0, 'River': 0, 'Drain': 2, 'Restoration': 0, 'Protection': 0, 'irr': 0, 'irrigation': 0, 'dam': 0, 'Nallah': 0, 'nala': 0, 'Retrofitting': 0, 'Pond': 0, 'Pokhari': 0, 'D/C': 0, 'Recharge shaft': 0, 'LFB': 0, 'RFB': 0}","{'Floodlight': 0, 'Flood Light': 0, 'GAS': 0, 'FIFA': 0, 'pipe': 0, 'pipes': 0, 'covid': 0, 'supply': 0, 'Beautification': 0, 'Installation': 0}",,,False,True,Immediate Measures
78084,NIT-01/202425-GR-03,Detailed estimate for  Construction work of RCC drain slab from in front of the block to Ashar Hussain's house in ward number-09 under Nagar Panchayat Hasanpura.,Detailed estimate for  Construction work of RCC drain slab from in front of the block to Ashar Hussain's house in ward number-09 under Nagar Panchayat Hasanpura.,2486000.0,INR,INR,2024-10-28 16:44:23+00:00,2024-10-28T16:39:39.076000+00:00,2025-01-04T05:32:00+00:00,Mukesh Kumar Raj,Municipal Executive Officer,NAGAR PANCHAYAT HASANPURA,NAGAR PANCHAYT HASANPURA OFFICE DISTRIC SIWAN,Mukesh Kumar Raj,Municipal Executive Officer,NAGAR PANCHAYAT HASANPURA,50000.0,5000.0,590.0,True,"{'Flood': 0, 'Embankment': 0, 'embkt': 0, 'Relief': 0, 'Erosion': 0, 'SDRF': 0, 'Inundation': 0, 'Hydrology': 0, 'Silt': 0, 'Siltation': 0, 'Bund': 0, 'Trench': 0, 'Breach': 0, 'Culvert': 0, 'Sluice': 0, 'Dyke': 0, 'Storm water drain': 0, 'Emergency': 0, 'Immediate': 0, 'IM': 0, 'AE': 0, 'A E': 0, 'AAPDA MITRA': 0, 'Bridge': 0, 'River': 0, 'Drain': 2, 'Restoration': 0, 'Protection': 0, 'irr': 0, 'irrigation': 0, 'dam': 0, 'Nallah': 0, 'nala': 0, 'Retrofitting': 0, 'Pond': 0, 'Pokhari': 0, 'D/C': 0, 'Recharge shaft': 0, 'LFB': 0, 'RFB': 0}","{'Floodlight': 0, 'Flood Light': 0, 'GAS': 0, 'FIFA': 0, 'pipe': 0, 'pipes': 0, 'covid': 0, 'supply': 0, 'Beautification': 0, 'Installation': 0}",,,False,True,Immediate Measures
78085,NIT-01/202425-GR-04,Detailed estimate for  Construction work of RCC drain slab from Mahaveeri Goswami High School to Sakir Rai's house in ward number 11 under Nagar Panchayat Hasanpura.,Detailed estimate for  Construction work of RCC drain slab from Mahaveeri Goswami High School to Sakir Rai's house in ward number 11 under Nagar Panchayat Hasanpura.,2499700.0,INR,INR,2024-10-28 16:50:05+00:00,2024-10-28T16:44:45.198000+00:00,2025-01-04T05:30:53+00:00,Mukesh Kumar Raj,Municipal Executive Officer,NAGAR PANCHAYAT HASANPURA,NAGAR PANCHAYT HASANPURA OFFICE DISTRIC SIWAN,Mukesh Kumar Raj,Municipal Executive Officer,NAGAR PANCHAYAT HASANPURA,50000.0,5000.0,590.0,True,"{'Flood': 0, 'Embankment': 0, 'embkt': 0, 'Relief': 0, 'Erosion': 0, 'SDRF': 0, 'Inundation': 0, 'Hydrology': 0, 'Silt': 0, 'Siltation': 0, 'Bund': 0, 'Trench': 0, 'Breach': 0, 'Culvert': 0, 'Sluice': 0, 'Dyke': 0, 'Storm water drain': 0, 'Emergency': 0, 'Immediate': 0, 'IM': 0, 'AE': 0, 'A E': 0, 'AAPDA MITRA': 0, 'Bridge': 0, 'River': 0, 'Drain': 2, 'Restoration': 0, 'Protection': 0, 'irr': 0, 'irrigation': 0, 'dam': 0, 'Nallah': 0, 'nala': 0, 'Retrofitting': 0, 'Pond': 0, 'Pokhari': 0, 'D/C': 0, 'Recharge shaft': 0, 'LFB': 0, 'RFB': 0}","{'Floodlight': 0, 'Flood Light': 0, 'GAS': 0, 'FIFA': 0, 'pipe': 0, 'pipes': 0, 'covid': 0, 'supply': 0, 'Beautification': 0, 'Installation': 0}",,,False,True,Immediate Measures
78086,NIT-01/202425-GR-05,Detailed estimate for Construction work of RCC drain and PCC from Munna Hajam's house to Mustaq Qureshi's house in ward number 15 under Nagar Panchayat Hasanpura.,Detailed estimate for Construction work of RCC drain and PCC from Munna Hajam's house to Mustaq Qureshi's house in ward number 15 under Nagar Panchayat Hasanpura.,1754500.0,INR,INR,2024-10-28 16:55:26+00:00,2024-10-28T16:50:18.430000+00:00,2025-01-04T05:29:21+00:00,Mukesh Kumar Raj,Municipal Executive Officer,NAGAR PANCHAYAT HASANPURA,NAGAR PANCHAYT HASANPURA OFFICE DISTRIC SIWAN,Mukesh Kumar Raj,Municipal Executive Officer,NAGAR PANCHAYAT HASANPURA,35000.0,5000.0,590.0,True,"{'Flood': 0, 'Embankment': 0, 'embkt': 0, 'Relief': 0, 'Erosion': 0, 'SDRF': 0, 'Inundation': 0, 'Hydrology': 0, 'Silt': 0, 'Siltation': 0, 'Bund': 0, 'Trench': 0, 'Breach': 0, 'Culvert': 0, 'Sluice': 0, 'Dyke': 0, 'Storm water drain': 0, 'Emergency': 0, 'Immediate': 0, 'IM': 0, 'AE': 0, 'A E': 0, 'AAPDA MITRA': 0, 'Bridge': 0, 'River': 0, 'Drain': 2, 'Restoration': 0, 'Protection': 0, 'irr': 0, 'irrigation': 0, 'dam': 0, 'Nallah': 0, 'nala': 0, 'Retrofitting': 0, 'Pond': 0, 'Pokhari': 0, 'D/C': 0, 'Recharge shaft': 0, 'LFB': 0, 'RFB': 0}","{'Floodlight': 0, 'Flood Light': 0, 'GAS': 0, 'FIFA': 0, 'pipe': 0, 'pipes': 0, 'covid': 0, 'supply': 0, 'Beautification': 0, 'Installation': 0}",,,False,True,Immediate Measures
78083,NIT-01/202425-GR-02,Detailed estimate for Construction work of RCC drain slab from the door of Sheikh Neshrullah Haq to the bridge in ward number 8 under Nagar Panchayat Hasanpura.,Detailed estimate for Construction work of RCC drain slab from the door of Sheikh Neshrullah Haq to the bridge in ward number 8 under Nagar Panchayat Hasanpura.,2373200.0,INR,INR,2024-10-28 16:39:19+00:00,2024-10-28T16:32:48.119000+00:00,2025-01-04T05:32:59+00:00,Mukesh Kumar Raj,Municipal Executive Officer,NAGAR PANCHAYAT HASANPURA,NAGAR PANCHAYT HASANPURA OFFICE DISTRIC SIWAN,Mukesh Kumar Raj,Municipal Executive Officer,NAGAR PANCHAYAT HASANPURA,47500.0,5000.0,590.0,True,"{'Flood': 0, 'Embankment': 0, 'embkt': 0, 'Relief': 0, 'Erosion': 0, 'SDRF': 0, 'Inundation': 0, 'Hydrology': 0, 'Silt': 0, 'Siltation': 0, 'Bund': 0, 'Trench': 0, 'Breach': 0, 'Culvert': 0, 'Sluice': 0, 'Dyke': 0, 'Storm water drain': 0, 'Emergency': 0, 'Immediate': 0, 'IM': 0, 'AE': 0, 'A E': 0, 'AAPDA MITRA': 0, 'Bridge': 2, 'River': 0, 'Drain': 2, 'Restoration': 0, 'Protection': 0, 'irr': 0, 'irrigation': 0, 'dam': 0, 'Nallah': 0, 'nala': 0, 'Retrofitting': 0, 'Pond': 0, 'Pokhari': 0, 'D/C': 0, 'Recharge shaft': 0, 'LFB': 0, 'RFB': 0}","{'Floodlight': 0, 'Flood Light': 0, 'GAS': 0, 'FIFA': 0, 'pipe': 0, 'pipes': 0, 'covid': 0, 'supply': 0, 'Beautification': 0, 'Installation': 0}",,,False,True,Immediate Measures
78088,NIT-01/202425-GR-07,Detailed estimate for  Construction work of RCC drain slab from Kaushar Maulana's house to Nara via Shiv Mandir in ward number 17 under Nagar Panchayat Hasanpura.,Detailed estimate for  Construction work of RCC drain slab from Kaushar Maulana's house to Nara via Shiv Mandir in ward number 17 under Nagar Panchayat Hasanpura.,2493500.0,INR,INR,2024-10-28 17:04:54+00:00,2024-10-28T17:00:40.009000+00:00,2025-01-04T05:24:41+00:00,Mukesh Kumar Raj,Municipal Executive Officer,NAGAR PANCHAYAT HASANPURA,NAGAR PANCHAYT HASANPURA OFFICE DISTRIC SIWAN,Mukesh Kumar Raj,Municipal Executive Officer,NAGAR PANCHAYAT HASANPURA,50000.0,5000.0,590.0,True,"{'Flood': 0, 'Embankment': 0, 'embkt': 0, 'Relief': 0, 'Erosion': 0, 'SDRF': 0, 'Inundation': 0, 'Hydrology': 0, 'Silt': 0, 'Siltation': 0, 'Bund': 0, 'Trench': 0, 'Breach': 0, 'Culvert': 0, 'Sluice': 0, 'Dyke': 0, 'Storm water drain': 0, 'Emergency': 0, 'Immediate': 0, 'IM': 0, 'AE': 0, 'A E': 0, 'AAPDA MITRA': 0, 'Bridge': 0, 'River': 0, 'Drain': 2, 'Restoration': 0, 'Protection': 0, 'irr': 0, 'irrigation': 0, 'dam': 0, 'Nallah': 0, 'nala': 0, 'Retrofitting': 0, 'Pond': 0, 'Pokhari': 0, 'D/C': 0, 'Recharge shaft': 0, 'LFB': 0, 'RFB': 0}","{'Floodlight': 0, 'Flood Light': 0, 'GAS': 0, 'FIFA': 0, 'pipe': 0, 'pipes': 0, 'covid': 0, 'supply': 0, 'Beautification': 0, 'Installation': 0}",,,False,True,Immediate Measures
78087,NIT-01/202425-GR-06,Detailed estimate for Construction work of RCC drain slab and PCC from in front of Karbala Gate in ward number-16 under Nagar Panchayat Hasanpura to Zeena Sah's place via Sameed Qureshi's house.,Detailed estimate for Construction work of RCC drain slab and PCC from in front of Karbala Gate in ward number-16 under Nagar Panchayat Hasanpura to Zeena Sah's place via Sameed Qureshi's house.,2497000.0,INR,INR,2024-10-28 17:00:19+00:00,2024-10-28T16:55:42.211000+00:00,2025-01-04T05:28:26+00:00,Mukesh Kumar Raj,Municipal Executive Officer,NAGAR PANCHAYAT HASANPURA,NAGAR PANCHAYT HASANPURA OFFICE DISTRIC SIWAN,Mukesh Kumar Raj,Municipal Executive Officer,NAGAR PANCHAYAT HASANPURA,50000.0,5000.0,590.0,True,"{'Flood': 0, 'Embankment': 0, 'embkt': 0, 'Relief': 0, 'Erosion': 0, 'SDRF': 0, 'Inundation': 0, 'Hydrology': 0, 'Silt': 0, 'Siltation': 0, 'Bund': 0, 'Trench': 0, 'Breach': 0, 'Culvert': 0, 'Sluice': 0, 'Dyke': 0, 'Storm water drain': 0, 'Emergency': 0, 'Immediate': 0, 'IM': 0, 'AE': 0, 'A E': 0, 'AAPDA MITRA': 0, 'Bridge': 0, 'River': 0, 'Drain': 2, 'Restoration': 0, 'Protection': 0, 'irr': 0, 'irrigation': 0, 'dam': 0, 'Nallah': 0, 'nala': 0, 'Retrofitting': 0, 'Pond': 0, 'Pokhari': 0, 'D/C': 0, 'Recharge shaft': 0, 'LFB': 0, 'RFB': 0}","{'Floodlight': 0, 'Flood Light': 0, 'GAS': 0, 'FIFA': 0, 'pipe': 0, 'pipes': 0, 'covid': 0, 'supply': 0, 'Beautification': 0, 'Installation': 0}",,,False,True,Immediate Measures
78182,22/SBD/BCD/PURNEA/2024-25/GR-01,"CONSTRUCTION OF PANCHAYAT SARKAR BHAWAN (FLOOD AREA- NORTH BIHAR) AT BANMANKHI BLOCK (BOHRA, CHANDPUR BHANGHA, DHARHARA CHAKLA BHUNAI & GANGAPUR PANCHAYATS) DISTRICT- PURNEA (4 UNIT) FOR THE YEAR - 2023-24.","CONSTRUCTION OF PANCHAYAT SARKAR BHAWAN (FLOOD AREA- NORTH BIHAR) AT BANMANKHI BLOCK (BOHRA, CHANDPUR BHANGHA, DHARHARA CHAKLA BHUNAI & GANGAPUR PANCHAYATS) DISTRICT- PURNEA (4 UNIT) FOR THE YEAR - 2023-24.",117556920.0,INR,INR,2024-10-30 05:16:23+00:00,2024-10-29T11:38:31.989000+00:00,2024-11-26T06:30:47+00:00,"Executive Engineer, BUILDING DIVISION PURNEA",EE,BUILDING DIVISION PURNEA,"EE, BUILDING DIVISION PURNEA, BCD, PURNEA, BIHAR","Superintending Engineer, Purnea Circle",SE,Purnea Circle,2175600.0,10000.0,5900.0,True,"{'Flood': 2, 'Embankment': 0, 'embkt': 0, 'Relief': 0, 'Erosion': 0, 'SDRF': 0, 'Inundation': 0, 'Hydrology': 0, 'Silt': 0, 'Siltation': 0, 'Bund': 0, 'Trench': 0, 'Breach': 0, 'Culvert': 0, 'Sluice': 0, 'Dyke': 0, 'Storm water drain': 0, 'Emergency': 0, 'Immediate': 0, 'IM': 0, 'AE': 0, 'A E': 0, 'AAPDA MITRA': 0, 'Bridge': 0, 'River': 0, 'Drain': 0, 'Restoration': 0, 'Protection': 0, 'irr': 0, 'irrigation': 0, 'dam': 0, 'Nallah': 0, 'nala': 0, 'Retrofitting': 0, 'Pond': 0, 'Pokhari': 0, 'D/C': 0, 'Recharge shaft': 0, 'LFB': 0, 'RFB': 0}","{'Floodlight': 0, 'Flood Light': 0, 'GAS': 0, 'FIFA': 0, 'pipe': 0, 'pipes': 0, 'covid': 0, 'supply': 0, 'Beautification': 0, 'Installation': 0}",,,False,False,Immediate Measures
78187,NPPIPRA/NIT-01/2024-25/Re-Tender/GR21,Road and drain construction work from near Shatrughan Paudar's house to the door of Jageshwar Mehra's house in Ward No. 11 under Nagar Panchayat Pipra area.(Re Tender),Road and drain construction work from near Shatrughan Paudar's house to the door of Jageshwar Mehra's house in Ward No. 11 under Nagar Panchayat Pipra area.(Re Tender),1015425.0,INR,INR,2024-10-29 12:25:08+00:00,2024-10-29T11:52:27.598000+00:00,2025-07-12T07:49:54+00:00,Priyanka Kumari,EXECUTIVE OFFICER PIPRA,Nagar Panchyat Pipra (Priyanka Kumari),Pipra,Priyanka Kumari,EXECUTIVE OFFICER PIPRA,EXECUTIVE OFFICER PIPRA,20300.0,2500.0,590.0,True,"{'Flood': 0, 'Embankment': 0, 'embkt': 0, 'Relief': 0, 'Erosion': 0, 'SDRF': 0, 'Inundation': 0, 'Hydrology': 0, 'Silt': 0, 'Siltation': 0, 'Bund': 0, 'Trench': 0, 'Breach': 0, 'Culvert': 0, 'Sluice': 0, 'Dyke': 0, 'Storm water drain': 0, 'Emergency': 0, 'Immediate': 0, 'IM': 0, 'AE': 0, 'A E': 0, 'AAPDA MITRA': 0, 'Bridge': 0, 'River': 0, 'Drain': 2, 'Restoration': 0, 'Protection': 0, 'irr': 0, 'irrigation': 0, 'dam': 0, 'Nallah': 0, 'nala': 0, 'Retrofitting': 0, 'Pond': 0, 'Pokhari': 0, 'D/C': 0, 'Recharge shaft': 0, 'LFB': 0, 'RFB': 0}","{'Floodlight': 0, 'Flood Light': 0, 'GAS': 0, 'FIFA': 0, 'pipe': 0, 'pipes': 0, 'covid': 0, 'supply': 0, 'Beautification': 0, 'Installation': 0}",,,False,True,Immediate Measures
78193,NPPIPRA/Re-Tender/NIT-01/2023-24/GR18,Drain and road construction work from Maskur Alam's house to Mainuddin's house in Ward No. 10 under Nagar Panchayat Pipra area.(Re Tender),Drain and road construction work from Maskur Alam's house to Mainuddin's house in Ward No. 10 under Nagar Panchayat Pipra area.(Re Tender),1187035.0,INR,INR,2024-10-29 12:54:55+00:00,2024-10-29T12:46:34.883000+00:00,2025-06-06T10:48:00+00:00,Priyanka Kumari,EXECUTIVE OFFICER PIPRA,Nagar Panchyat Pipra (Priyanka Kumari),Pipra,Priyanka Kumari,EXECUTIVE OFFICER PIPRA,EXECUTIVE OFFICER PIPRA,23700.0,2500.0,590.0,True,"{'Flood': 0, 'Embankment': 0, 'embkt': 0, 'Relief': 0, 'Erosion': 0, 'SDRF': 0, 'Inundation': 0, 'Hydrology': 0, 'Silt': 0, 'Siltation': 0, 'Bund': 0, 'Trench': 0, 'Breach': 0, 'Culvert': 0, 'Sluice': 0, 'Dyke': 0, 'Storm water drain': 0, 'Emergency': 0, 'Immediate': 0, 'IM': 0, 'AE': 0, 'A E': 0, 'AAPDA MITRA': 0, 'Bridge': 0, 'River': 0, 'Drain': 2, 'Restoration': 0, 'Protection': 0, 'irr': 0, 'irrigation': 0, 'dam': 0, 'Nallah': 0, 'nala': 0, 'Retrofitting': 0, 'Pond': 0, 'Pokhari': 0, 'D/C': 0, 'Recharge shaft': 0, 'LFB': 0, 'RFB': 0}","{'Floodlight': 0, 'Flood Light': 0, 'GAS': 0, 'FIFA': 0, 'pipe': 0, 'pipes': 0, 'covid': 0, 'supply': 0, 'Beautification': 0, 'Installation': 0}",,,False,True,Immediate Measures
78191,NPPIPRA/Re-Tender/NIT-01/2024-25/GR19,"Construction work of drain and road from the house of SH 327 Baidyanath Sah in Nurani Basti, Ward No. 10 under Nagar Panchayat Pipra area to Hannan's house.(Re Tender)","Construction work of drain and road from the house of SH 327 Baidyanath Sah in Nurani Basti, Ward No. 10 under Nagar Panchayat Pipra area to Hannan's house.(Re Tender)",1423926.0,INR,INR,2024-10-29 12:45:55+00:00,2024-10-29T12:36:38.464000+00:00,2024-11-19T19:03:17+00:00,Priyanka Kumari,EXECUTIVE OFFICER PIPRA,Nagar Panchyat Pipra (Priyanka Kumari),Pipra,Priyanka Kumari,EXECUTIVE OFFICER PIPRA,EXECUTIVE OFFICER PIPRA,28500.0,2500.0,590.0,True,"{'Flood': 0, 'Embankment': 0, 'embkt': 0, 'Relief': 0, 'Erosion': 0, 'SDRF': 0, 'Inundation': 0, 'Hydrology': 0, 'Silt': 0, 'Siltation': 0, 'Bund': 0, 'Trench': 0, 'Breach': 0, 'Culvert': 0, 'Sluice': 0, 'Dyke': 0, 'Storm water drain': 0, 'Emergency': 0, 'Immediate': 0, 'IM': 0, 'AE': 0, 'A E': 0, 'AAPDA MITRA': 0, 'Bridge': 0, 'River': 0, 'Drain': 2, 'Restoration': 0, 'Protection': 0, 'irr': 0, 'irrigation': 0, 'dam': 0, 'Nallah': 0, 'nala': 0, 'Retrofitting': 0, 'Pond': 0, 'Pokhari': 0, 'D/C': 0, 'Recharge shaft': 0, 'LFB': 0, 'RFB': 0}","{'Floodlight': 0, 'Flood Light': 0, 'GAS': 0, 'FIFA': 0, 'pipe': 0, 'pipes': 0, 'covid': 0, 'supply': 0, 'Beautification': 0, 'Installation': 0}",,,False,True,Immediate Measures
78214,NPPIPRA/Re-Tender/NIT-01/2024-25/GR11,Road and drain construction work from Yogananda Mishra's house to Nunu Das' house in Ward No. 06 under Nagar Panchayat Pipra area.(Re-Tender),Road and drain construction work from Yogananda Mishra's house to Nunu Das' house in Ward No. 06 under Nagar Panchayat Pipra area.(Re-Tender),1391533.0,INR,INR,2024-10-30 04:16:40+00:00,2024-10-30T04:09:06.086000+00:00,2025-06-06T07:52:46+00:00,Priyanka Kumari,EXECUTIVE OFFICER PIPRA,Nagar Panchyat Pipra (Priyanka Kumari),Pipra,Priyanka Kumari,EXECUTIVE OFFICER PIPRA,EXECUTIVE OFFICER PIPRA,27800.0,2500.0,590.0,True,"{'Flood': 0, 'Embankment': 0, 'embkt': 0, 'Relief': 0, 'Erosion': 0, 'SDRF': 0, 'Inundation': 0, 'Hydrology': 0, 'Silt': 0, 'Siltation': 0, 'Bund': 0, 'Trench': 0, 'Breach': 0, 'Culvert': 0, 'Sluice': 0, 'Dyke': 0, 'Storm water drain': 0, 'Emergency': 0, 'Immediate': 0, 'IM': 0, 'AE': 0, 'A E': 0, 'AAPDA MITRA': 0, 'Bridge': 0, 'River': 0, 'Drain': 2, 'Restoration': 0, 'Protection': 0, 'irr': 0, 'irrigation': 0, 'dam': 0, 'Nallah': 0, 'nala': 0, 'Retrofitting': 0, 'Pond': 0, 'Pokhari': 0, 'D/C': 0, 'Recharge shaft': 0, 'LFB': 0, 'RFB': 0}","{'Floodlight': 0, 'Flood Light': 0, 'GAS': 0, 'FIFA': 0, 'pipe': 0, 'pipes': 0, 'covid': 0, 'supply': 0, 'Beautification': 0, 'Installation': 0}",,,False,True,Immediate Measures
78216,NPPIPRA/Re-Tender/NIT-01/2024-25/GR10,Road and drain construction work from Shubhankar's house to Upendra Rai's house in Ward No. 06 under Nagar Panchayat Pipra area.(Re-Tender),Road and drain construction work from Shubhankar's house to Upendra Rai's house in Ward No. 06 under Nagar Panchayat Pipra area.(Re-Tender),1014525.0,INR,INR,2024-10-30 04:23:24+00:00,2024-10-30T04:17:29.987000+00:00,2024-11-19T10:18:04+00:00,Priyanka Kumari,EXECUTIVE OFFICER PIPRA,Nagar Panchyat Pipra (Priyanka Kumari),Pipra,Priyanka Kumari,EXECUTIVE OFFICER PIPRA,EXECUTIVE OFFICER PIPRA,20300.0,2500.0,590.0,True,"{'Flood': 0, 'Embankment': 0, 'embkt': 0, 'Relief': 0, 'Erosion': 0, 'SDRF': 0, 'Inundation': 0, 'Hydrology': 0, 'Silt': 0, 'Siltation': 0, 'Bund': 0, 'Trench': 0, 'Breach': 0, 'Culvert': 0, 'Sluice': 0, 'Dyke': 0, 'Storm water drain': 0, 'Emergency': 0, 'Immediate': 0, 'IM': 0, 'AE': 0, 'A E': 0, 'AAPDA MITRA': 0, 'Bridge': 0, 'River': 0, 'Drain': 2, 'Restoration': 0, 'Protection': 0, 'irr': 0, 'irrigation': 0, 'dam': 0, 'Nallah': 0, 'nala': 0, 'Retrofitting': 0, 'Pond': 0, 'Pokhari': 0, 'D/C': 0, 'Recharge shaft': 0, 'LFB': 0, 'RFB': 0}","{'Floodlight': 0, 'Flood Light': 0, 'GAS': 0, 'FIFA': 0, 'pipe': 0, 'pipes': 0, 'covid': 0, 'supply': 0, 'Beautification': 0, 'Installation': 0}",,,False,True,Immediate Measures
78219,NPPIPRA/Re-Tender/NIT-01/2024-25/GR07,"Construction of earth filling, pcc road and drain from Anganwari center to Dhirendra Kamat's house in Ward No. 04 under Nagar Panchayat Pipra .(Re-Tender)","Construction of earth filling, pcc road and drain from Anganwari center to Dhirendra Kamat's house in Ward No. 04 under Nagar Panchayat Pipra .(Re-Tender)",1449700.0,INR,INR,2024-10-30 04:55:29+00:00,2024-10-30T04:44:48.708000+00:00,2024-11-19T09:55:06+00:00,Priyanka Kumari,EXECUTIVE OFFICER PIPRA,Nagar Panchyat Pipra (Priyanka Kumari),Pipra,Priyanka Kumari,EXECUTIVE OFFICER PIPRA,EXECUTIVE OFFICER PIPRA,29000.0,2500.0,590.0,True,"{'Flood': 0, 'Embankment': 0, 'embkt': 0, 'Relief': 0, 'Erosion': 0, 'SDRF': 0, 'Inundation': 0, 'Hydrology': 0, 'Silt': 0, 'Siltation': 0, 'Bund': 0, 'Trench': 0, 'Breach': 0, 'Culvert': 0, 'Sluice': 0, 'Dyke': 0, 'Storm water drain': 0, 'Emergency': 0, 'Immediate': 0, 'IM': 0, 'AE': 0, 'A E': 0, 'AAPDA MITRA': 0, 'Bridge': 0, 'River': 0, 'Drain': 2, 'Restoration': 0, 'Protection': 0, 'irr': 0, 'irrigation': 0, 'dam': 0, 'Nallah': 0, 'nala': 0, 'Retrofitting': 0, 'Pond': 0, 'Pokhari': 0, 'D/C': 0, 'Recharge shaft': 0, 'LFB': 0, 'RFB': 0}","{'Floodlight': 0, 'Flood Light': 0, 'GAS': 0, 'FIFA': 0, 'pipe': 0, 'pipes': 0, 'covid': 0, 'supply': 0, 'Beautification': 0, 'Installation': 0}",,,False,True,Immediate Measures
78229,22/SBD/BCD/PURNEA/2024-25/GR-03,"CONSTRUCTION OF PANCHAYAT SARKAR BHAWAN (FLOOD AREA) AT BASANTPUR CHINTAMANI USKABARI, GONDBARA PATKELI & JABE PANCHAYAT, BHAWANIPUR BLOCK, PURNIA DISTRICT (3 UNIT) FOR THE YEAR - 2023-24.","CONSTRUCTION OF PANCHAYAT SARKAR BHAWAN (FLOOD AREA) AT BASANTPUR CHINTAMANI USKABARI, GONDBARA PATKELI & JABE PANCHAYAT, BHAWANIPUR BLOCK, PURNIA DISTRICT (3 UNIT) FOR THE YEAR - 2023-24.",87661540.0,INR,INR,2024-10-30 05:55:34+00:00,2024-10-30T05:32:10.015000+00:00,2025-03-06T06:24:50+00:00,"Executive Engineer, BUILDING DIVISION PURNEA",EE,BUILDING DIVISION PURNEA,"EE, BUILDING DIVISION PURNEA, BCD, PURNEA, BIHAR","Superintending Engineer, Purnea Circle",SE,Purnea Circle,1753300.0,10000.0,5900.0,True,"{'Flood': 2, 'Embankment': 0, 'embkt': 0, 'Relief': 0, 'Erosion': 0, 'SDRF': 0, 'Inundation': 0, 'Hydrology': 0, 'Silt': 0, 'Siltation': 0, 'Bund': 0, 'Trench': 0, 'Breach': 0, 'Culvert': 0, 'Sluice': 0, 'Dyke': 0, 'Storm water drain': 0, 'Emergency': 0, 'Immediate': 0, 'IM': 0, 'AE': 0, 'A E': 0, 'AAPDA MITRA': 0, 'Bridge': 0, 'River': 0, 'Drain': 0, 'Restoration': 0, 'Protection': 0, 'irr': 0, 'irrigation': 0, 'dam': 0, 'Nallah': 0, 'nala': 0, 'Retrofitting': 0, 'Pond': 0, 'Pokhari': 0, 'D/C': 0, 'Recharge shaft': 0, 'LFB': 0, 'RFB': 0}","{'Floodlight': 0, 'Flood Light': 0, 'GAS': 0, 'FIFA': 0, 'pipe': 0, 'pipes': 0, 'covid': 0, 'supply': 0, 'Beautification': 0, 'Installation': 0}",,,False,False,Immediate Measures
78228,NPPIPRA/Re-Tender/NIT-01/2024-25/GR03,"Construction of earth filling, pcc road and drain from NH 106 to Chhote lal kamat house at ward no 01 under Nagar Panchayat Pipra.(Re-Tender)","Construction of earth filling, pcc road and drain from NH 106 to Chhote lal kamat house at ward no 01 under Nagar Panchayat Pipra.(Re-Tender)",492402.0,INR,INR,2024-10-30 05:35:29+00:00,2024-10-30T05:26:30.259000+00:00,2025-06-06T07:42:13+00:00,Priyanka Kumari,EXECUTIVE OFFICER PIPRA,Nagar Panchyat Pipra (Priyanka Kumari),Pipra,Priyanka Kumari,EXECUTIVE OFFICER PIPRA,EXECUTIVE OFFICER PIPRA,9800.0,750.0,590.0,True,"{'Flood': 0, 'Embankment': 0, 'embkt': 0, 'Relief': 0, 'Erosion': 0, 'SDRF': 0, 'Inundation': 0, 'Hydrology': 0, 'Silt': 0, 'Siltation': 0, 'Bund': 0, 'Trench': 0, 'Breach': 0, 'Culvert': 0, 'Sluice': 0, 'Dyke': 0, 'Storm water drain': 0, 'Emergency': 0, 'Immediate': 0, 'IM': 0, 'AE': 0, 'A E': 0, 'AAPDA MITRA': 0, 'Bridge': 0, 'River': 0, 'Drain': 2, 'Restoration': 0, 'Protection': 0, 'irr': 0, 'irrigation': 0, 'dam': 0, 'Nallah': 0, 'nala': 0, 'Retrofitting': 0, 'Pond': 0, 'Pokhari': 0, 'D/C': 0, 'Recharge shaft': 0, 'LFB': 0, 'RFB': 0}","{'Floodlight': 0, 'Flood Light': 0, 'GAS': 0, 'FIFA': 0, 'pipe': 0, 'pipes': 0, 'covid': 0, 'supply': 0, 'Beautification': 0, 'Installation': 0}",,,False,True,Immediate Measures
78226,NPPIPRA/Re-Tender/NIT-01/2024-25/GR04,"Construction of earth filling, pcc road and drain from Harivansh kamat house to Brahmanand Kamat House  at ward no 02 under Nagar Panchayat Pipra.(Re-Tender)","Construction of earth filling, pcc road and drain from Harivansh kamat house to Brahmanand Kamat House  at ward no 02 under Nagar Panchayat Pipra.(Re-Tender)",3201100.0,INR,INR,2024-10-30 05:25:40+00:00,2024-10-30T05:18:52.025000+00:00,2025-03-28T09:02:57+00:00,Priyanka Kumari,EXECUTIVE OFFICER PIPRA,Nagar Panchyat Pipra (Priyanka Kumari),Pipra,Priyanka Kumari,EXECUTIVE OFFICER PIPRA,EXECUTIVE OFFICER PIPRA,64000.0,5000.0,590.0,True,"{'Flood': 0, 'Embankment': 0, 'embkt': 0, 'Relief': 0, 'Erosion': 0, 'SDRF': 0, 'Inundation': 0, 'Hydrology': 0, 'Silt': 0, 'Siltation': 0, 'Bund': 0, 'Trench': 0, 'Breach': 0, 'Culvert': 0, 'Sluice': 0, 'Dyke': 0, 'Storm water drain': 0, 'Emergency': 0, 'Immediate': 0, 'IM': 0, 'AE': 0, 'A E': 0, 'AAPDA MITRA': 0, 'Bridge': 0, 'River': 0, 'Drain': 2, 'Restoration': 0, 'Protection': 0, 'irr': 0, 'irrigation': 0, 'dam': 0, 'Nallah': 0, 'nala': 0, 'Retrofitting': 0, 'Pond': 0, 'Pokhari': 0, 'D/C': 0, 'Recharge shaft': 0, 'LFB': 0, 'RFB': 0}","{'Floodlight': 0, 'Flood Light': 0, 'GAS': 0, 'FIFA': 0, 'pipe': 0, 'pipes': 0, 'covid': 0, 'supply': 0, 'Beautification': 0, 'Installation': 0}",,,False,True,Immediate Measures
78227,22/SBD/BCD/PURNEA/2024-25/GR-02,"CONSTRUCTION OF PANCHAYAT SARKAR BHAWAN (FLOOD AREA- NORTH BIHAR) AT BANMANKHI BLOCK (MOHANIYA CHAKLA, RAMNAGAR FARSAHI MILIK, RAMPUR & RUPAULI UTTAR PANCHAYATS) DISTRICT- PURNEA (4 UNIT) FOR THE YEAR - 2023-24","CONSTRUCTION OF PANCHAYAT SARKAR BHAWAN (FLOOD AREA- NORTH BIHAR) AT BANMANKHI BLOCK (MOHANIYA CHAKLA, RAMNAGAR FARSAHI MILIK, RAMPUR & RUPAULI UTTAR PANCHAYATS) DISTRICT- PURNEA (4 UNIT) FOR THE YEAR - 2023-24",117556920.0,INR,INR,2024-10-30 05:29:41+00:00,2024-10-30T05:23:46.110000+00:00,2024-11-26T06:30:05+00:00,"Executive Engineer, BUILDING DIVISION PURNEA",EE,BUILDING DIVISION PURNEA,"EE, BUILDING DIVISION PURNEA, BCD, PURNEA, BIHAR","Superintending Engineer, Purnea Circle",SE,Purnea Circle,2175600.0,10000.0,5900.0,True,"{'Flood': 2, 'Embankment': 0, 'embkt': 0, 'Relief': 0, 'Erosion': 0, 'SDRF': 0, 'Inundation': 0, 'Hydrology': 0, 'Silt': 0, 'Siltation': 0, 'Bund': 0, 'Trench': 0, 'Breach': 0, 'Culvert': 0, 'Sluice': 0, 'Dyke': 0, 'Storm water drain': 0, 'Emergency': 0, 'Immediate': 0, 'IM': 0, 'AE': 0, 'A E': 0, 'AAPDA MITRA': 0, 'Bridge': 0, 'River': 0, 'Drain': 0, 'Restoration': 0, 'Protection': 0, 'irr': 0, 'irrigation': 0, 'dam': 0, 'Nallah': 0, 'nala': 0, 'Retrofitting': 0, 'Pond': 0, 'Pokhari': 0, 'D/C': 0, 'Recharge shaft': 0, 'LFB': 0, 'RFB': 0}","{'Floodlight': 0, 'Flood Light': 0, 'GAS': 0, 'FIFA': 0, 'pipe': 0, 'pipes': 0, 'covid': 0, 'supply': 0, 'Beautification': 0, 'Installation': 0}",,,False,False,Immediate Measures
78239,22/SBD/BCD/PURNEA/2024-25/GR-04,"CONSTRUCTION OF PANCHAYAT SARKAR BHAWAN (FLOOD AREA) AT RAGHUNATHPUR, SONMA & SUPAULI PANCHAYAT, BHAWANIPUR BLOCK, PURNIA DISTRICT (3 UNIT) FOR THE YEAR - 2023-24.","CONSTRUCTION OF PANCHAYAT SARKAR BHAWAN (FLOOD AREA) AT RAGHUNATHPUR, SONMA & SUPAULI PANCHAYAT, BHAWANIPUR BLOCK, PURNIA DISTRICT (3 UNIT) FOR THE YEAR - 2023-24.",87661540.0,INR,INR,2024-10-30 06:04:17+00:00,2024-10-30T05:56:11.134000+00:00,2024-11-26T06:30:56+00:00,"Executive Engineer, BUILDING DIVISION PURNEA",EE,BUILDING DIVISION PURNEA,"EE, BUILDING DIVISION PURNEA, BCD, PURNEA, BIHAR","Superintending Engineer, Purnea Circle",SE,Purnea Circle,1753300.0,10000.0,5900.0,True,"{'Flood': 2, 'Embankment': 0, 'embkt': 0, 'Relief': 0, 'Erosion': 0, 'SDRF': 0, 'Inundation': 0, 'Hydrology': 0, 'Silt': 0, 'Siltation': 0, 'Bund': 0, 'Trench': 0, 'Breach': 0, 'Culvert': 0, 'Sluice': 0, 'Dyke': 0, 'Storm water drain': 0, 'Emergency': 0, 'Immediate': 0, 'IM': 0, 'AE': 0, 'A E': 0, 'AAPDA MITRA': 0, 'Bridge': 0, 'River': 0, 'Drain': 0, 'Restoration': 0, 'Protection': 0, 'irr': 0, 'irrigation': 0, 'dam': 0, 'Nallah': 0, 'nala': 0, 'Retrofitting': 0, 'Pond': 0, 'Pokhari': 0, 'D/C': 0, 'Recharge shaft': 0, 'LFB': 0, 'RFB': 0}","{'Floodlight': 0, 'Flood Light': 0, 'GAS': 0, 'FIFA': 0, 'pipe': 0, 'pipes': 0, 'covid': 0, 'supply': 0, 'Beautification': 0, 'Installation': 0}",,,False,False,Immediate Measures
78305,"10/E/KAN/2024-25, Group No.03","Construction of Nala & Road from Surya Mandir to Ambedkar Chowk 
  under Ward No.44","Construction of Nala & Road from Surya Mandir to Ambedkar Chowk 
  under Ward No.44",4731400.0,INR,INR,2024-10-30 09:42:45+00:00,2024-10-30T09:39:26.640000+00:00,2025-03-17T08:10:51+00:00,"Aashish Prasad, Executive Engineer",EXECUETIVE ENGINEER,"Kankarbagh Division,Patna Municipal Corporation,Patna","Tempo Stand,Kankarbagh,Patna-20","Aashish Prasad,EXECUETIVE ENGINEER",EXECUETIVE ENGINEER,"Kankarbagh Division,Patna Municipal Corporation,Patna",94700.0,5000.0,590.0,True,"{'Flood': 0, 'Embankment': 0, 'embkt': 0, 'Relief': 0, 'Erosion': 0, 'SDRF': 0, 'Inundation': 0, 'Hydrology': 0, 'Silt': 0, 'Siltation': 0, 'Bund': 0, 'Trench': 0, 'Breach': 0, 'Culvert': 0, 'Sluice': 0, 'Dyke': 0, 'Storm water drain': 0, 'Emergency': 0, 'Immediate': 0, 'IM': 0, 'AE': 0, 'A E': 0, 'AAPDA MITRA': 0, 'Bridge': 0, 'River': 0, 'Drain': 0, 'Restoration': 0, 'Protection': 0, 'irr': 0, 'irrigation': 0, 'dam': 0, 'Nallah': 0, 'nala': 2, 'Retrofitting': 0, 'Pond': 0, 'Pokhari': 0, 'D/C': 0, 'Recharge shaft': 0, 'LFB': 0, 'RFB': 0}","{'Floodlight': 0, 'Flood Light': 0, 'GAS': 0, 'FIFA': 0, 'pipe': 0, 'pipes': 0, 'covid': 0, 'supply': 0, 'Beautification': 0, 'Installation': 0}",,,False,True,Immediate Measures
78307,"10/E/KAN/2024-25, Group No.04","Construction of Manhole Slab & Catchpit cover and box drain at Different Place 
  under Ward No.32","Construction of Manhole Slab & Catchpit cover and box drain at Different Place 
  under Ward No.32",2258160.0,INR,INR,2024-10-30 09:46:39+00:00,2024-10-30T09:43:03.372000+00:00,2025-02-18T07:49:49+00:00,"Aashish Prasad, Executive Engineer",EXECUETIVE ENGINEER,"Kankarbagh Division,Patna Municipal Corporation,Patna","Tempo Stand,Kankarbagh,Patna-20","Aashish Prasad,EXECUETIVE ENGINEER",EXECUETIVE ENGINEER,"Kankarbagh Division,Patna Municipal Corporation,Patna",45200.0,5000.0,590.0,True,"{'Flood': 0, 'Embankment': 0, 'embkt': 0, 'Relief': 0, 'Erosion': 0, 'SDRF': 0, 'Inundation': 0, 'Hydrology': 0, 'Silt': 0, 'Siltation': 0, 'Bund': 0, 'Trench': 0, 'Breach': 0, 'Culvert': 0, 'Sluice': 0, 'Dyke': 0, 'Storm water drain': 0, 'Emergency': 0, 'Immediate': 0, 'IM': 0, 'AE': 0, 'A E': 0, 'AAPDA MITRA': 0, 'Bridge': 0, 'River': 0, 'Drain': 2, 'Restoration': 0, 'Protection': 0, 'irr': 0, 'irrigation': 0, 'dam': 0, 'Nallah': 0, 'nala': 0, 'Retrofitting': 0, 'Pond': 0, 'Pokhari': 0, 'D/C': 0, 'Recharge shaft': 0, 'LFB': 0, 'RFB': 0}","{'Floodlight': 0, 'Flood Light': 0, 'GAS': 0, 'FIFA': 0, 'pipe': 0, 'pipes': 0, 'covid': 0, 'supply': 0, 'Beautification': 0, 'Installation': 0}",,,False,True,Immediate Measures
78351,NIT-25/BCD/HAJIPUR/2024-25 GR- 02,Construction of  Panchyat Sarkar Bhawan (Non-Flood Area G+2) at Patepur Block 01 Nos Panchayat (Mahthi Dharamchand) District Vaishali for the year 2024-25,Construction of  Panchyat Sarkar Bhawan (Non-Flood Area G+2) at Patepur Block 01 Nos Panchayat (Mahthi Dharamchand) District Vaishali for the year 2024-25,25243092.0,INR,INR,2024-10-30 13:18:23+00:00,2024-10-30T13:11:53.253000+00:00,2024-11-20T09:31:00+00:00,"Executive Engineer, BUILDING DIVISION VAISHALI, HAJIPUR",EE,"Vaishali  Building  Division,  Hajipur","Executive  Engineer, Vaishali  Building  Division,  Hajipur","Superintending Engineer, Building Circle Muzaffarpur",SE,Building Circle Muzaffarpur,504900.0,10000.0,3540.0,True,"{'Flood': 2, 'Embankment': 0, 'embkt': 0, 'Relief': 0, 'Erosion': 0, 'SDRF': 0, 'Inundation': 0, 'Hydrology': 0, 'Silt': 0, 'Siltation': 0, 'Bund': 0, 'Trench': 0, 'Breach': 0, 'Culvert': 0, 'Sluice': 0, 'Dyke': 0, 'Storm water drain': 0, 'Emergency': 0, 'Immediate': 0, 'IM': 0, 'AE': 0, 'A E': 0, 'AAPDA MITRA': 0, 'Bridge': 0, 'River': 0, 'Drain': 0, 'Restoration': 0, 'Protection': 0, 'irr': 0, 'irrigation': 0, 'dam': 0, 'Nallah': 0, 'nala': 0, 'Retrofitting': 0, 'Pond': 0, 'Pokhari': 0, 'D/C': 0, 'Recharge shaft': 0, 'LFB': 0, 'RFB': 0}","{'Floodlight': 0, 'Flood Light': 0, 'GAS': 0, 'FIFA': 0, 'pipe': 0, 'pipes': 0, 'covid': 0, 'supply': 0, 'Beautification': 0, 'Installation': 0}",,,False,False,Immediate Measures
