Tender ID :,Tender Ref No :,Tender Title :,Work Description,Tender Value in ₹,Tender Currency,Bid Currency,Publish Date,Contract Date :,Update Date,Issuing Authority Name,Issuing Authority Designation,Issuing Organisation Name,Issuing Address,Approving Authority Name,Approving Authority Designation,Approving Organisation Name,EMD Amount,Tender Fee Amount,Tender Processing Fee Amount,is_flood_tender,positive_keywords_dict,negative_keywords_dict,Season,Scheme,Erosion,Roads_Bridges_Embkt,Response Type
66307,MGD/PR-04512(Mines)2024-25/Aurangabad Son 1-A,E-Auction  for settlement of Sand Ghat Aurangabad- Block- 1A (Aurangabad Son 1-A),E-Auction  for settlement of Sand Ghat Aurangabad- Block- 1A (Aurangabad Son 1-A),81000000.0,INR,INR,2024-08-01 10:47:17+00:00,2024-07-30T07:31:21.013000+00:00,2024-08-24T16:34:31.702000+00:00,Shrikant Shastree,DM,Mines and Geology Aurangabad,Aurangabad,Shrikant Shastree,DM,Mines and Geology Aurangabad,20250000.0,5000.0,5900.0,True,"{'Flood': 0, 'Embankment': 0, 'embkt': 0, 'Relief': 0, 'Erosion': 0, 'SDRF': 0, 'Inundation': 0, 'Hydrology': 0, 'Silt': 0, 'Siltation': 0, 'Bund': 0, 'Trench': 0, 'Breach': 0, 'Culvert': 0, 'Sluice': 0, 'Dyke': 0, 'Storm water drain': 0, 'Emergency': 0, 'Immediate': 0, 'IM': 0, 'AE': 0, 'A E': 1, 'AAPDA MITRA': 0, 'Bridge': 0, 'River': 0, 'Drain': 0, 'Restoration': 0, 'Protection': 0, 'irr': 0, 'irrigation': 0, 'dam': 0, 'Nallah': 0, 'nala': 0, 'Retrofitting': 0, 'Pond': 0, 'Pokhari': 0, 'D/C': 0, 'Recharge shaft': 0, 'LFB': 0, 'RFB': 0}","{'Floodlight': 0, 'Flood Light': 0, 'GAS': 0, 'FIFA': 0, 'pipe': 0, 'pipes': 0, 'covid': 0, 'supply': 0, 'Beautification': 0, 'Installation': 0}",,,False,False,Others
66316,MGD/PR-04512(Mines)2024-25/Aurangabad Son 13-A,E-Auction  for settlement of Sand Ghat Aurangabad- Block- 13A (Aurangabad Son 13-A),E-Auction  for settlement of Sand Ghat Aurangabad- Block- 13A (Aurangabad Son 13-A),81000000.0,INR,INR,2024-08-01 11:33:14+00:00,2024-07-30T07:36:37.380000+00:00,2024-08-18T11:31:00+00:00,Shrikant Shastree,DM,Mines and Geology Aurangabad,Aurangabad,Shrikant Shastree,DM,Mines and Geology Aurangabad,20250000.0,5000.0,5900.0,True,"{'Flood': 0, 'Embankment': 0, 'embkt': 0, 'Relief': 0, 'Erosion': 0, 'SDRF': 0, 'Inundation': 0, 'Hydrology': 0, 'Silt': 0, 'Siltation': 0, 'Bund': 0, 'Trench': 0, 'Breach': 0, 'Culvert': 0, 'Sluice': 0, 'Dyke': 0, 'Storm water drain': 0, 'Emergency': 0, 'Immediate': 0, 'IM': 0, 'AE': 0, 'A E': 1, 'AAPDA MITRA': 0, 'Bridge': 0, 'River': 0, 'Drain': 0, 'Restoration': 0, 'Protection': 0, 'irr': 0, 'irrigation': 0, 'dam': 0, 'Nallah': 0, 'nala': 0, 'Retrofitting': 0, 'Pond': 0, 'Pokhari': 0, 'D/C': 0, 'Recharge shaft': 0, 'LFB': 0, 'RFB': 0}","{'Floodlight': 0, 'Flood Light': 0, 'GAS': 0, 'FIFA': 0, 'pipe': 0, 'pipes': 0, 'covid': 0, 'supply': 0, 'Beautification': 0, 'Installation': 0}",,,False,False,Others
66318,MGD/PR-04512(Mines)2024-25/Aurangabad Son 14-A,E-Auction  for settlement of Sand Ghat Aurangabad- Block- 14A (Aurangabad Son 14-A),E-Auction  for settlement of Sand Ghat Aurangabad- Block- 14A (Aurangabad Son 14-A),93690000.0,INR,INR,2024-08-01 11:34:00+00:00,2024-07-30T07:38:26.441000+00:00,2024-08-18T11:31:00+00:00,Shrikant Shastree,DM,Mines and Geology Aurangabad,Aurangabad,Shrikant Shastree,DM,Mines and Geology Aurangabad,23422500.0,5000.0,5900.0,True,"{'Flood': 0, 'Embankment': 0, 'embkt': 0, 'Relief': 0, 'Erosion': 0, 'SDRF': 0, 'Inundation': 0, 'Hydrology': 0, 'Silt': 0, 'Siltation': 0, 'Bund': 0, 'Trench': 0, 'Breach': 0, 'Culvert': 0, 'Sluice': 0, 'Dyke': 0, 'Storm water drain': 0, 'Emergency': 0, 'Immediate': 0, 'IM': 0, 'AE': 0, 'A E': 1, 'AAPDA MITRA': 0, 'Bridge': 0, 'River': 0, 'Drain': 0, 'Restoration': 0, 'Protection': 0, 'irr': 0, 'irrigation': 0, 'dam': 0, 'Nallah': 0, 'nala': 0, 'Retrofitting': 0, 'Pond': 0, 'Pokhari': 0, 'D/C': 0, 'Recharge shaft': 0, 'LFB': 0, 'RFB': 0}","{'Floodlight': 0, 'Flood Light': 0, 'GAS': 0, 'FIFA': 0, 'pipe': 0, 'pipes': 0, 'covid': 0, 'supply': 0, 'Beautification': 0, 'Installation': 0}",,,False,False,Others
66313,MGD/PR-04512(Mines)2024-25/Aurangabad Son 12-A,E-Auction  for settlement of Sand Ghat Aurangabad- Block- 12A (Aurangabad Son 12-A),E-Auction  for settlement of Sand Ghat Aurangabad- Block- 12A (Aurangabad Son 12-A),94500000.0,INR,INR,2024-08-01 11:28:25+00:00,2024-07-30T07:35:00.618000+00:00,2024-08-18T11:31:00+00:00,Shrikant Shastree,DM,Mines and Geology Aurangabad,Aurangabad,Shrikant Shastree,DM,Mines and Geology Aurangabad,23625000.0,5000.0,5900.0,True,"{'Flood': 0, 'Embankment': 0, 'embkt': 0, 'Relief': 0, 'Erosion': 0, 'SDRF': 0, 'Inundation': 0, 'Hydrology': 0, 'Silt': 0, 'Siltation': 0, 'Bund': 0, 'Trench': 0, 'Breach': 0, 'Culvert': 0, 'Sluice': 0, 'Dyke': 0, 'Storm water drain': 0, 'Emergency': 0, 'Immediate': 0, 'IM': 0, 'AE': 0, 'A E': 1, 'AAPDA MITRA': 0, 'Bridge': 0, 'River': 0, 'Drain': 0, 'Restoration': 0, 'Protection': 0, 'irr': 0, 'irrigation': 0, 'dam': 0, 'Nallah': 0, 'nala': 0, 'Retrofitting': 0, 'Pond': 0, 'Pokhari': 0, 'D/C': 0, 'Recharge shaft': 0, 'LFB': 0, 'RFB': 0}","{'Floodlight': 0, 'Flood Light': 0, 'GAS': 0, 'FIFA': 0, 'pipe': 0, 'pipes': 0, 'covid': 0, 'supply': 0, 'Beautification': 0, 'Installation': 0}",,,False,False,Others
66320,MGD/PR-04512(Mines)2024-25/Aurangabad Son 15-A,E-Auction  for settlement of Sand Ghat Aurangabad- Block- 15A (Aurangabad Son 15-A),E-Auction  for settlement of Sand Ghat Aurangabad- Block- 15A (Aurangabad Son 15-A),81000000.0,INR,INR,2024-08-01 11:34:42+00:00,2024-07-30T07:39:30.104000+00:00,2024-08-18T11:31:00+00:00,Shrikant Shastree,DM,Mines and Geology Aurangabad,Aurangabad,Shrikant Shastree,DM,Mines and Geology Aurangabad,20250000.0,5000.0,5900.0,True,"{'Flood': 0, 'Embankment': 0, 'embkt': 0, 'Relief': 0, 'Erosion': 0, 'SDRF': 0, 'Inundation': 0, 'Hydrology': 0, 'Silt': 0, 'Siltation': 0, 'Bund': 0, 'Trench': 0, 'Breach': 0, 'Culvert': 0, 'Sluice': 0, 'Dyke': 0, 'Storm water drain': 0, 'Emergency': 0, 'Immediate': 0, 'IM': 0, 'AE': 0, 'A E': 1, 'AAPDA MITRA': 0, 'Bridge': 0, 'River': 0, 'Drain': 0, 'Restoration': 0, 'Protection': 0, 'irr': 0, 'irrigation': 0, 'dam': 0, 'Nallah': 0, 'nala': 0, 'Retrofitting': 0, 'Pond': 0, 'Pokhari': 0, 'D/C': 0, 'Recharge shaft': 0, 'LFB': 0, 'RFB': 0}","{'Floodlight': 0, 'Flood Light': 0, 'GAS': 0, 'FIFA': 0, 'pipe': 0, 'pipes': 0, 'covid': 0, 'supply': 0, 'Beautification': 0, 'Installation': 0}",,,False,False,Others
66323,MGD/PR-04512(Mines)2024-25/Aurangabad Son 18-A,E-Auction  for settlement of Sand Ghat Aurangabad- Block- 18A (Aurangabad Son 18-A),E-Auction  for settlement of Sand Ghat Aurangabad- Block- 18A (Aurangabad Son 18-A),86400000.0,INR,INR,2024-08-01 11:37:50+00:00,2024-07-30T07:41:02.436000+00:00,2024-08-18T11:31:00+00:00,Shrikant Shastree,DM,Mines and Geology Aurangabad,Aurangabad,Shrikant Shastree,DM,Mines and Geology Aurangabad,21600000.0,5000.0,5900.0,True,"{'Flood': 0, 'Embankment': 0, 'embkt': 0, 'Relief': 0, 'Erosion': 0, 'SDRF': 0, 'Inundation': 0, 'Hydrology': 0, 'Silt': 0, 'Siltation': 0, 'Bund': 0, 'Trench': 0, 'Breach': 0, 'Culvert': 0, 'Sluice': 0, 'Dyke': 0, 'Storm water drain': 0, 'Emergency': 0, 'Immediate': 0, 'IM': 0, 'AE': 0, 'A E': 1, 'AAPDA MITRA': 0, 'Bridge': 0, 'River': 0, 'Drain': 0, 'Restoration': 0, 'Protection': 0, 'irr': 0, 'irrigation': 0, 'dam': 0, 'Nallah': 0, 'nala': 0, 'Retrofitting': 0, 'Pond': 0, 'Pokhari': 0, 'D/C': 0, 'Recharge shaft': 0, 'LFB': 0, 'RFB': 0}","{'Floodlight': 0, 'Flood Light': 0, 'GAS': 0, 'FIFA': 0, 'pipe': 0, 'pipes': 0, 'covid': 0, 'supply': 0, 'Beautification': 0, 'Installation': 0}",,,False,False,Others
66333,MGD/PR-04512(Mines)2024-25/Aurangabad Son 24-A,E-Auction  for settlement of Sand Ghat Aurangabad- Block- 24A (Aurangabad Son 24-A),E-Auction  for settlement of Sand Ghat Aurangabad- Block- 24A (Aurangabad Son 24-A),65610000.0,INR,INR,2024-08-01 13:14:38+00:00,2024-07-30T07:45:29.726000+00:00,2024-08-18T11:31:00+00:00,Shrikant Shastree,DM,Mines and Geology Aurangabad,Aurangabad,Shrikant Shastree,DM,Mines and Geology Aurangabad,16402500.0,5000.0,5900.0,True,"{'Flood': 0, 'Embankment': 0, 'embkt': 0, 'Relief': 0, 'Erosion': 0, 'SDRF': 0, 'Inundation': 0, 'Hydrology': 0, 'Silt': 0, 'Siltation': 0, 'Bund': 0, 'Trench': 0, 'Breach': 0, 'Culvert': 0, 'Sluice': 0, 'Dyke': 0, 'Storm water drain': 0, 'Emergency': 0, 'Immediate': 0, 'IM': 0, 'AE': 0, 'A E': 1, 'AAPDA MITRA': 0, 'Bridge': 0, 'River': 0, 'Drain': 0, 'Restoration': 0, 'Protection': 0, 'irr': 0, 'irrigation': 0, 'dam': 0, 'Nallah': 0, 'nala': 0, 'Retrofitting': 0, 'Pond': 0, 'Pokhari': 0, 'D/C': 0, 'Recharge shaft': 0, 'LFB': 0, 'RFB': 0}","{'Floodlight': 0, 'Flood Light': 0, 'GAS': 0, 'FIFA': 0, 'pipe': 0, 'pipes': 0, 'covid': 0, 'supply': 0, 'Beautification': 0, 'Installation': 0}",,,False,False,Others
66325,MGD/PR-04512(Mines)2024-25/Aurangabad Son 19-A,E-Auction  for settlement of Sand Ghat Aurangabad- Block- 19A (Aurangabad Son 19-A),E-Auction  for settlement of Sand Ghat Aurangabad- Block- 19A (Aurangabad Son 19-A),83700000.0,INR,INR,2024-08-01 11:39:08+00:00,2024-07-30T07:41:51.759000+00:00,2024-08-18T11:31:00+00:00,Shrikant Shastree,DM,Mines and Geology Aurangabad,Aurangabad,Shrikant Shastree,DM,Mines and Geology Aurangabad,20925000.0,5000.0,5900.0,True,"{'Flood': 0, 'Embankment': 0, 'embkt': 0, 'Relief': 0, 'Erosion': 0, 'SDRF': 0, 'Inundation': 0, 'Hydrology': 0, 'Silt': 0, 'Siltation': 0, 'Bund': 0, 'Trench': 0, 'Breach': 0, 'Culvert': 0, 'Sluice': 0, 'Dyke': 0, 'Storm water drain': 0, 'Emergency': 0, 'Immediate': 0, 'IM': 0, 'AE': 0, 'A E': 1, 'AAPDA MITRA': 0, 'Bridge': 0, 'River': 0, 'Drain': 0, 'Restoration': 0, 'Protection': 0, 'irr': 0, 'irrigation': 0, 'dam': 0, 'Nallah': 0, 'nala': 0, 'Retrofitting': 0, 'Pond': 0, 'Pokhari': 0, 'D/C': 0, 'Recharge shaft': 0, 'LFB': 0, 'RFB': 0}","{'Floodlight': 0, 'Flood Light': 0, 'GAS': 0, 'FIFA': 0, 'pipe': 0, 'pipes': 0, 'covid': 0, 'supply': 0, 'Beautification': 0, 'Installation': 0}",,,False,False,Others
66339,MGD/PR-04512(Mines)2024-25/Aurangabad Son 27-A,E-Auction  for settlement of Sand Ghat Aurangabad- Block- 27A (Aurangabad Son 27-A),E-Auction  for settlement of Sand Ghat Aurangabad- Block- 27A (Aurangabad Son 27-A),64800000.0,INR,INR,2024-08-01 13:17:14+00:00,2024-07-30T07:48:17.748000+00:00,2024-08-18T11:31:00+00:00,Shrikant Shastree,DM,Mines and Geology Aurangabad,Aurangabad,Shrikant Shastree,DM,Mines and Geology Aurangabad,16200000.0,5000.0,5900.0,True,"{'Flood': 0, 'Embankment': 0, 'embkt': 0, 'Relief': 0, 'Erosion': 0, 'SDRF': 0, 'Inundation': 0, 'Hydrology': 0, 'Silt': 0, 'Siltation': 0, 'Bund': 0, 'Trench': 0, 'Breach': 0, 'Culvert': 0, 'Sluice': 0, 'Dyke': 0, 'Storm water drain': 0, 'Emergency': 0, 'Immediate': 0, 'IM': 0, 'AE': 0, 'A E': 1, 'AAPDA MITRA': 0, 'Bridge': 0, 'River': 0, 'Drain': 0, 'Restoration': 0, 'Protection': 0, 'irr': 0, 'irrigation': 0, 'dam': 0, 'Nallah': 0, 'nala': 0, 'Retrofitting': 0, 'Pond': 0, 'Pokhari': 0, 'D/C': 0, 'Recharge shaft': 0, 'LFB': 0, 'RFB': 0}","{'Floodlight': 0, 'Flood Light': 0, 'GAS': 0, 'FIFA': 0, 'pipe': 0, 'pipes': 0, 'covid': 0, 'supply': 0, 'Beautification': 0, 'Installation': 0}",,,False,False,Others
66342,MGD/PR-04512(Mines)2024-25/Aurangabad Son 28-A,E-Auction  for settlement of Sand Ghat Aurangabad- Block- 28A (Aurangabad Son 28-A),E-Auction  for settlement of Sand Ghat Aurangabad- Block- 28A (Aurangabad Son 28-A),67500000.0,INR,INR,2024-08-01 13:21:42+00:00,2024-07-30T07:49:41.254000+00:00,2024-08-18T11:31:00+00:00,Shrikant Shastree,DM,Mines and Geology Aurangabad,Aurangabad,Shrikant Shastree,DM,Mines and Geology Aurangabad,16875000.0,5000.0,5900.0,True,"{'Flood': 0, 'Embankment': 0, 'embkt': 0, 'Relief': 0, 'Erosion': 0, 'SDRF': 0, 'Inundation': 0, 'Hydrology': 0, 'Silt': 0, 'Siltation': 0, 'Bund': 0, 'Trench': 0, 'Breach': 0, 'Culvert': 0, 'Sluice': 0, 'Dyke': 0, 'Storm water drain': 0, 'Emergency': 0, 'Immediate': 0, 'IM': 0, 'AE': 0, 'A E': 1, 'AAPDA MITRA': 0, 'Bridge': 0, 'River': 0, 'Drain': 0, 'Restoration': 0, 'Protection': 0, 'irr': 0, 'irrigation': 0, 'dam': 0, 'Nallah': 0, 'nala': 0, 'Retrofitting': 0, 'Pond': 0, 'Pokhari': 0, 'D/C': 0, 'Recharge shaft': 0, 'LFB': 0, 'RFB': 0}","{'Floodlight': 0, 'Flood Light': 0, 'GAS': 0, 'FIFA': 0, 'pipe': 0, 'pipes': 0, 'covid': 0, 'supply': 0, 'Beautification': 0, 'Installation': 0}",,,False,False,Others
66330,MGD/PR-04512(Mines)2024-25/Aurangabad Son 22-A,E-Auction  for settlement of Sand Ghat Aurangabad- Block- 22A (Aurangabad Son 22-A),E-Auction  for settlement of Sand Ghat Aurangabad- Block- 22A (Aurangabad Son 22-A),81000000.0,INR,INR,2024-08-01 13:13:23+00:00,2024-07-30T07:43:57.682000+00:00,2024-08-18T11:31:00+00:00,Shrikant Shastree,DM,Mines and Geology Aurangabad,Aurangabad,Shrikant Shastree,DM,Mines and Geology Aurangabad,20250000.0,5000.0,5900.0,True,"{'Flood': 0, 'Embankment': 0, 'embkt': 0, 'Relief': 0, 'Erosion': 0, 'SDRF': 0, 'Inundation': 0, 'Hydrology': 0, 'Silt': 0, 'Siltation': 0, 'Bund': 0, 'Trench': 0, 'Breach': 0, 'Culvert': 0, 'Sluice': 0, 'Dyke': 0, 'Storm water drain': 0, 'Emergency': 0, 'Immediate': 0, 'IM': 0, 'AE': 0, 'A E': 1, 'AAPDA MITRA': 0, 'Bridge': 0, 'River': 0, 'Drain': 0, 'Restoration': 0, 'Protection': 0, 'irr': 0, 'irrigation': 0, 'dam': 0, 'Nallah': 0, 'nala': 0, 'Retrofitting': 0, 'Pond': 0, 'Pokhari': 0, 'D/C': 0, 'Recharge shaft': 0, 'LFB': 0, 'RFB': 0}","{'Floodlight': 0, 'Flood Light': 0, 'GAS': 0, 'FIFA': 0, 'pipe': 0, 'pipes': 0, 'covid': 0, 'supply': 0, 'Beautification': 0, 'Installation': 0}",,,False,False,Others
66353,MGD/PR-04512(Mines)2024/Aurangabad 33 MOEF SON 2-A,E-Auction  for settlement of Sand Ghat Aurangabad- Block-33 MOEF SON 2A (Aurangabad MOEF SON 2-A),E-Auction  for settlement of Sand Ghat Aurangabad- Block-33 MOEF SON 2A (Aurangabad MOEF SON 2-A),70200000.0,INR,INR,2024-08-01 13:32:51+00:00,2024-07-30T07:55:05.361000+00:00,2024-08-18T11:31:00+00:00,Shrikant Shastree,DM,Mines and Geology Aurangabad,Aurangabad,Shrikant Shastree,DM,Mines and Geology Aurangabad,17550000.0,5000.0,5900.0,True,"{'Flood': 0, 'Embankment': 0, 'embkt': 0, 'Relief': 0, 'Erosion': 0, 'SDRF': 0, 'Inundation': 0, 'Hydrology': 0, 'Silt': 0, 'Siltation': 0, 'Bund': 0, 'Trench': 0, 'Breach': 0, 'Culvert': 0, 'Sluice': 0, 'Dyke': 0, 'Storm water drain': 0, 'Emergency': 0, 'Immediate': 0, 'IM': 0, 'AE': 0, 'A E': 1, 'AAPDA MITRA': 0, 'Bridge': 0, 'River': 0, 'Drain': 0, 'Restoration': 0, 'Protection': 0, 'irr': 0, 'irrigation': 0, 'dam': 0, 'Nallah': 0, 'nala': 0, 'Retrofitting': 0, 'Pond': 0, 'Pokhari': 0, 'D/C': 0, 'Recharge shaft': 0, 'LFB': 0, 'RFB': 0}","{'Floodlight': 0, 'Flood Light': 0, 'GAS': 0, 'FIFA': 0, 'pipe': 0, 'pipes': 0, 'covid': 0, 'supply': 0, 'Beautification': 0, 'Installation': 0}",,,False,False,Others
66345,MGD/PR-04512(Mines)2024-25/Aurangabad Son 29-A,E-Auction  for settlement of Sand Ghat Aurangabad- Block- 29A (Aurangabad Son 29-A),E-Auction  for settlement of Sand Ghat Aurangabad- Block- 29A (Aurangabad Son 29-A),96120000.0,INR,INR,2024-08-01 13:23:19+00:00,2024-07-30T07:51:24.600000+00:00,2024-08-18T11:31:00+00:00,Shrikant Shastree,DM,Mines and Geology Aurangabad,Aurangabad,Shrikant Shastree,DM,Mines and Geology Aurangabad,24030000.0,5000.0,5900.0,True,"{'Flood': 0, 'Embankment': 0, 'embkt': 0, 'Relief': 0, 'Erosion': 0, 'SDRF': 0, 'Inundation': 0, 'Hydrology': 0, 'Silt': 0, 'Siltation': 0, 'Bund': 0, 'Trench': 0, 'Breach': 0, 'Culvert': 0, 'Sluice': 0, 'Dyke': 0, 'Storm water drain': 0, 'Emergency': 0, 'Immediate': 0, 'IM': 0, 'AE': 0, 'A E': 1, 'AAPDA MITRA': 0, 'Bridge': 0, 'River': 0, 'Drain': 0, 'Restoration': 0, 'Protection': 0, 'irr': 0, 'irrigation': 0, 'dam': 0, 'Nallah': 0, 'nala': 0, 'Retrofitting': 0, 'Pond': 0, 'Pokhari': 0, 'D/C': 0, 'Recharge shaft': 0, 'LFB': 0, 'RFB': 0}","{'Floodlight': 0, 'Flood Light': 0, 'GAS': 0, 'FIFA': 0, 'pipe': 0, 'pipes': 0, 'covid': 0, 'supply': 0, 'Beautification': 0, 'Installation': 0}",,,False,False,Others
66355,MGD/PR-04512(Mines)2024/Aurangabad 34 MOEF SON 3-A,E-Auction  for settlement of Sand Ghat Aurangabad- Block-34 MOEF SON 3A (Aurangabad MOEF SON 3-A),E-Auction  for settlement of Sand Ghat Aurangabad- Block-34 MOEF SON 3A (Aurangabad MOEF SON 3-A),54000000.0,INR,INR,2024-08-01 13:34:27+00:00,2024-07-30T07:55:54.542000+00:00,2024-08-18T11:31:00+00:00,Shrikant Shastree,DM,Mines and Geology Aurangabad,Aurangabad,Shrikant Shastree,DM,Mines and Geology Aurangabad,13500000.0,5000.0,5900.0,True,"{'Flood': 0, 'Embankment': 0, 'embkt': 0, 'Relief': 0, 'Erosion': 0, 'SDRF': 0, 'Inundation': 0, 'Hydrology': 0, 'Silt': 0, 'Siltation': 0, 'Bund': 0, 'Trench': 0, 'Breach': 0, 'Culvert': 0, 'Sluice': 0, 'Dyke': 0, 'Storm water drain': 0, 'Emergency': 0, 'Immediate': 0, 'IM': 0, 'AE': 0, 'A E': 1, 'AAPDA MITRA': 0, 'Bridge': 0, 'River': 0, 'Drain': 0, 'Restoration': 0, 'Protection': 0, 'irr': 0, 'irrigation': 0, 'dam': 0, 'Nallah': 0, 'nala': 0, 'Retrofitting': 0, 'Pond': 0, 'Pokhari': 0, 'D/C': 0, 'Recharge shaft': 0, 'LFB': 0, 'RFB': 0}","{'Floodlight': 0, 'Flood Light': 0, 'GAS': 0, 'FIFA': 0, 'pipe': 0, 'pipes': 0, 'covid': 0, 'supply': 0, 'Beautification': 0, 'Installation': 0}",,,False,False,Others
66359,MGD/PR-04512/Aurangabad 35 MOEF SON 4-A,E-Auction  for settlement of Sand Ghat Aurangabad- Block-35 MOEF SON 4A (Aurangabad MOEF SON 4-A),E-Auction  for settlement of Sand Ghat Aurangabad- Block-35 MOEF SON 4A (Aurangabad MOEF SON 4-A),81000000.0,INR,INR,2024-08-01 13:37:15+00:00,2024-07-30T07:57:32.172000+00:00,2024-08-18T11:31:00+00:00,Shrikant Shastree,DM,Mines and Geology Aurangabad,Aurangabad,Shrikant Shastree,DM,Mines and Geology Aurangabad,20250000.0,5000.0,5900.0,True,"{'Flood': 0, 'Embankment': 0, 'embkt': 0, 'Relief': 0, 'Erosion': 0, 'SDRF': 0, 'Inundation': 0, 'Hydrology': 0, 'Silt': 0, 'Siltation': 0, 'Bund': 0, 'Trench': 0, 'Breach': 0, 'Culvert': 0, 'Sluice': 0, 'Dyke': 0, 'Storm water drain': 0, 'Emergency': 0, 'Immediate': 0, 'IM': 0, 'AE': 0, 'A E': 1, 'AAPDA MITRA': 0, 'Bridge': 0, 'River': 0, 'Drain': 0, 'Restoration': 0, 'Protection': 0, 'irr': 0, 'irrigation': 0, 'dam': 0, 'Nallah': 0, 'nala': 0, 'Retrofitting': 0, 'Pond': 0, 'Pokhari': 0, 'D/C': 0, 'Recharge shaft': 0, 'LFB': 0, 'RFB': 0}","{'Floodlight': 0, 'Flood Light': 0, 'GAS': 0, 'FIFA': 0, 'pipe': 0, 'pipes': 0, 'covid': 0, 'supply': 0, 'Beautification': 0, 'Installation': 0}",,,False,False,Others
66361,MGD/PR-04512(Mines)2024/Aurangabad 36 MOEF SON 5-A,E-Auction  for settlement of Sand Ghat Aurangabad- Block-36 MOEF SON 5A (Aurangabad MOEF SON 5-A),E-Auction  for settlement of Sand Ghat Aurangabad- Block-36 MOEF SON 5A (Aurangabad MOEF SON 5-A),81000000.0,INR,INR,2024-08-01 13:37:58+00:00,2024-07-30T07:58:35.394000+00:00,2024-08-18T11:31:00+00:00,Shrikant Shastree,DM,Mines and Geology Aurangabad,Aurangabad,Shrikant Shastree,DM,Mines and Geology Aurangabad,20250000.0,5000.0,5900.0,True,"{'Flood': 0, 'Embankment': 0, 'embkt': 0, 'Relief': 0, 'Erosion': 0, 'SDRF': 0, 'Inundation': 0, 'Hydrology': 0, 'Silt': 0, 'Siltation': 0, 'Bund': 0, 'Trench': 0, 'Breach': 0, 'Culvert': 0, 'Sluice': 0, 'Dyke': 0, 'Storm water drain': 0, 'Emergency': 0, 'Immediate': 0, 'IM': 0, 'AE': 0, 'A E': 1, 'AAPDA MITRA': 0, 'Bridge': 0, 'River': 0, 'Drain': 0, 'Restoration': 0, 'Protection': 0, 'irr': 0, 'irrigation': 0, 'dam': 0, 'Nallah': 0, 'nala': 0, 'Retrofitting': 0, 'Pond': 0, 'Pokhari': 0, 'D/C': 0, 'Recharge shaft': 0, 'LFB': 0, 'RFB': 0}","{'Floodlight': 0, 'Flood Light': 0, 'GAS': 0, 'FIFA': 0, 'pipe': 0, 'pipes': 0, 'covid': 0, 'supply': 0, 'Beautification': 0, 'Installation': 0}",,,False,False,Others
66367,MGD/PR-04512(Mines)2024/Aurangabad Block 38-A,E-Auction  for settlement of Sand Ghat Aurangabad Block-38 A (Aurangabad Pun-01 to 05),E-Auction  for settlement of Sand Ghat Aurangabad Block-38 A (Aurangabad Pun-01 to 05),8631000.0,INR,INR,2024-08-01 13:42:47+00:00,2024-07-30T08:02:06.438000+00:00,2024-08-18T11:31:00+00:00,Shrikant Shastree,DM,Mines and Geology Aurangabad,Aurangabad,Shrikant Shastree,DM,Mines and Geology Aurangabad,2157750.0,5000.0,3540.0,True,"{'Flood': 0, 'Embankment': 0, 'embkt': 0, 'Relief': 0, 'Erosion': 0, 'SDRF': 0, 'Inundation': 0, 'Hydrology': 0, 'Silt': 0, 'Siltation': 0, 'Bund': 0, 'Trench': 0, 'Breach': 0, 'Culvert': 0, 'Sluice': 0, 'Dyke': 0, 'Storm water drain': 0, 'Emergency': 0, 'Immediate': 0, 'IM': 0, 'AE': 0, 'A E': 1, 'AAPDA MITRA': 0, 'Bridge': 0, 'River': 0, 'Drain': 0, 'Restoration': 0, 'Protection': 0, 'irr': 0, 'irrigation': 0, 'dam': 0, 'Nallah': 0, 'nala': 0, 'Retrofitting': 0, 'Pond': 0, 'Pokhari': 0, 'D/C': 0, 'Recharge shaft': 0, 'LFB': 0, 'RFB': 0}","{'Floodlight': 0, 'Flood Light': 0, 'GAS': 0, 'FIFA': 0, 'pipe': 0, 'pipes': 0, 'covid': 0, 'supply': 0, 'Beautification': 0, 'Installation': 0}",,,False,False,Others
66378,MGD/PR-04512(Mines)2024-25/Aurangabad Block 41-A,E-Auction  for settlement of Sand Ghat Aurangabad Block-41 A (Aurangabad BA 07),E-Auction  for settlement of Sand Ghat Aurangabad Block-41 A (Aurangabad BA 07),10800000.0,INR,INR,2024-08-01 13:51:53+00:00,2024-07-30T08:06:30.798000+00:00,2024-08-18T11:31:00+00:00,Shrikant Shastree,DM,Mines and Geology Aurangabad,Aurangabad,Shrikant Shastree,DM,Mines and Geology Aurangabad,2700000.0,5000.0,3540.0,True,"{'Flood': 0, 'Embankment': 0, 'embkt': 0, 'Relief': 0, 'Erosion': 0, 'SDRF': 0, 'Inundation': 0, 'Hydrology': 0, 'Silt': 0, 'Siltation': 0, 'Bund': 0, 'Trench': 0, 'Breach': 0, 'Culvert': 0, 'Sluice': 0, 'Dyke': 0, 'Storm water drain': 0, 'Emergency': 0, 'Immediate': 0, 'IM': 0, 'AE': 0, 'A E': 1, 'AAPDA MITRA': 0, 'Bridge': 0, 'River': 0, 'Drain': 0, 'Restoration': 0, 'Protection': 0, 'irr': 0, 'irrigation': 0, 'dam': 0, 'Nallah': 0, 'nala': 0, 'Retrofitting': 0, 'Pond': 0, 'Pokhari': 0, 'D/C': 0, 'Recharge shaft': 0, 'LFB': 0, 'RFB': 0}","{'Floodlight': 0, 'Flood Light': 0, 'GAS': 0, 'FIFA': 0, 'pipe': 0, 'pipes': 0, 'covid': 0, 'supply': 0, 'Beautification': 0, 'Installation': 0}",,,False,False,Others
66375,MGD/PR-04512(Mines)2024/Aurangabad Block 40-A,E-Auction  for settlement of Sand Ghat Aurangabad Block-40 A (Aurangabad BA 01 to 03),E-Auction  for settlement of Sand Ghat Aurangabad Block-40 A (Aurangabad BA 01 to 03),6669000.0,INR,INR,2024-08-01 13:50:21+00:00,2024-07-30T08:05:13.625000+00:00,2024-08-18T11:31:00+00:00,Shrikant Shastree,DM,Mines and Geology Aurangabad,Aurangabad,Shrikant Shastree,DM,Mines and Geology Aurangabad,1667250.0,5000.0,590.0,True,"{'Flood': 0, 'Embankment': 0, 'embkt': 0, 'Relief': 0, 'Erosion': 0, 'SDRF': 0, 'Inundation': 0, 'Hydrology': 0, 'Silt': 0, 'Siltation': 0, 'Bund': 0, 'Trench': 0, 'Breach': 0, 'Culvert': 0, 'Sluice': 0, 'Dyke': 0, 'Storm water drain': 0, 'Emergency': 0, 'Immediate': 0, 'IM': 0, 'AE': 0, 'A E': 1, 'AAPDA MITRA': 0, 'Bridge': 0, 'River': 0, 'Drain': 0, 'Restoration': 0, 'Protection': 0, 'irr': 0, 'irrigation': 0, 'dam': 0, 'Nallah': 0, 'nala': 0, 'Retrofitting': 0, 'Pond': 0, 'Pokhari': 0, 'D/C': 0, 'Recharge shaft': 0, 'LFB': 0, 'RFB': 0}","{'Floodlight': 0, 'Flood Light': 0, 'GAS': 0, 'FIFA': 0, 'pipe': 0, 'pipes': 0, 'covid': 0, 'supply': 0, 'Beautification': 0, 'Installation': 0}",,,False,False,Others
66381,MGD/PR-04512(Mines)2024-25/Aurangabad Block 42-A,E-Auction  for settlement of Sand Ghat Aurangabad Block-42 A (Aurangabad BA  09),E-Auction  for settlement of Sand Ghat Aurangabad Block-42 A (Aurangabad BA  09),13482000.0,INR,INR,2024-08-01 13:53:34+00:00,2024-07-30T08:07:19.300000+00:00,2024-08-18T11:31:00+00:00,Shrikant Shastree,DM,Mines and Geology Aurangabad,Aurangabad,Shrikant Shastree,DM,Mines and Geology Aurangabad,3370500.0,5000.0,3540.0,True,"{'Flood': 0, 'Embankment': 0, 'embkt': 0, 'Relief': 0, 'Erosion': 0, 'SDRF': 0, 'Inundation': 0, 'Hydrology': 0, 'Silt': 0, 'Siltation': 0, 'Bund': 0, 'Trench': 0, 'Breach': 0, 'Culvert': 0, 'Sluice': 0, 'Dyke': 0, 'Storm water drain': 0, 'Emergency': 0, 'Immediate': 0, 'IM': 0, 'AE': 0, 'A E': 1, 'AAPDA MITRA': 0, 'Bridge': 0, 'River': 0, 'Drain': 0, 'Restoration': 0, 'Protection': 0, 'irr': 0, 'irrigation': 0, 'dam': 0, 'Nallah': 0, 'nala': 0, 'Retrofitting': 0, 'Pond': 0, 'Pokhari': 0, 'D/C': 0, 'Recharge shaft': 0, 'LFB': 0, 'RFB': 0}","{'Floodlight': 0, 'Flood Light': 0, 'GAS': 0, 'FIFA': 0, 'pipe': 0, 'pipes': 0, 'covid': 0, 'supply': 0, 'Beautification': 0, 'Installation': 0}",,,False,False,Others
66372,MGD/PR-04512(Mines)2024/Aurangabad Block 39-A,E-Auction  for settlement of Sand Ghat Aurangabad Block-39 A (Aurangabad Pun-29 to 33),E-Auction  for settlement of Sand Ghat Aurangabad Block-39 A (Aurangabad Pun-29 to 33),9981000.0,INR,INR,2024-08-01 13:45:25+00:00,2024-07-30T08:04:02.873000+00:00,2024-08-18T11:31:00+00:00,Shrikant Shastree,DM,Mines and Geology Aurangabad,Aurangabad,Shrikant Shastree,DM,Mines and Geology Aurangabad,2495250.0,5000.0,3540.0,True,"{'Flood': 0, 'Embankment': 0, 'embkt': 0, 'Relief': 0, 'Erosion': 0, 'SDRF': 0, 'Inundation': 0, 'Hydrology': 0, 'Silt': 0, 'Siltation': 0, 'Bund': 0, 'Trench': 0, 'Breach': 0, 'Culvert': 0, 'Sluice': 0, 'Dyke': 0, 'Storm water drain': 0, 'Emergency': 0, 'Immediate': 0, 'IM': 0, 'AE': 0, 'A E': 1, 'AAPDA MITRA': 0, 'Bridge': 0, 'River': 0, 'Drain': 0, 'Restoration': 0, 'Protection': 0, 'irr': 0, 'irrigation': 0, 'dam': 0, 'Nallah': 0, 'nala': 0, 'Retrofitting': 0, 'Pond': 0, 'Pokhari': 0, 'D/C': 0, 'Recharge shaft': 0, 'LFB': 0, 'RFB': 0}","{'Floodlight': 0, 'Flood Light': 0, 'GAS': 0, 'FIFA': 0, 'pipe': 0, 'pipes': 0, 'covid': 0, 'supply': 0, 'Beautification': 0, 'Installation': 0}",,,False,False,Others
66386,MGD/PR-04512(Mines)2024-25/Aurangabad Block 43-A,E-Auction  for settlement of Sand Ghat Aurangabad Block-43 A (Aurangabad Madar 01 to 21),E-Auction  for settlement of Sand Ghat Aurangabad Block-43 A (Aurangabad Madar 01 to 21),6642000.0,INR,INR,2024-08-01 13:56:57+00:00,2024-07-30T08:09:21.827000+00:00,2024-08-18T11:31:00+00:00,Shrikant Shastree,DM,Mines and Geology Aurangabad,Aurangabad,Shrikant Shastree,DM,Mines and Geology Aurangabad,1660500.0,5000.0,590.0,True,"{'Flood': 0, 'Embankment': 0, 'embkt': 0, 'Relief': 0, 'Erosion': 0, 'SDRF': 0, 'Inundation': 0, 'Hydrology': 0, 'Silt': 0, 'Siltation': 0, 'Bund': 0, 'Trench': 0, 'Breach': 0, 'Culvert': 0, 'Sluice': 0, 'Dyke': 0, 'Storm water drain': 0, 'Emergency': 0, 'Immediate': 0, 'IM': 0, 'AE': 0, 'A E': 1, 'AAPDA MITRA': 0, 'Bridge': 0, 'River': 0, 'Drain': 0, 'Restoration': 0, 'Protection': 0, 'irr': 0, 'irrigation': 0, 'dam': 0, 'Nallah': 0, 'nala': 0, 'Retrofitting': 0, 'Pond': 0, 'Pokhari': 0, 'D/C': 0, 'Recharge shaft': 0, 'LFB': 0, 'RFB': 0}","{'Floodlight': 0, 'Flood Light': 0, 'GAS': 0, 'FIFA': 0, 'pipe': 0, 'pipes': 0, 'covid': 0, 'supply': 0, 'Beautification': 0, 'Installation': 0}",,,False,False,Others
66593,BAGAHA NIT/01/2024-25  GR 01,WARD NO 02 ME DILMOHAMMAD MASTAR SE KE GHAR SE PRABHU YADAV KE GHAR KE TRAF JANE WALI SADAK ME PCC AND NALA NIRMAN KARYA,WARD NO 02 ME DILMOHAMMAD MASTAR SE KE GHAR SE PRABHU YADAV KE GHAR KE TRAF JANE WALI SADAK ME PCC AND NALA NIRMAN KARYA,1575170.0,INR,INR,2024-08-01 06:13:26+00:00,2024-08-01T05:14:57.354000+00:00,2024-11-27T07:43:53+00:00,SAROJ KUMAR BAITHA,EXECUTIVE OFFICER,BAGAHA NAGAR PARISHAD BAGAHA,BAGAHA SHASTRI NAGAR WEST CHAMPARAN BIHAR 845101,SAROJ KUMAR BAITHA,EXECUTIVE OFFICER,BAGAHA NAGAR PARISHAD BAGAHA,31600.0,5000.0,590.0,True,"{'Flood': 0, 'Embankment': 0, 'embkt': 0, 'Relief': 0, 'Erosion': 0, 'SDRF': 0, 'Inundation': 0, 'Hydrology': 0, 'Silt': 0, 'Siltation': 0, 'Bund': 0, 'Trench': 0, 'Breach': 0, 'Culvert': 0, 'Sluice': 0, 'Dyke': 0, 'Storm water drain': 0, 'Emergency': 0, 'Immediate': 0, 'IM': 0, 'AE': 0, 'A E': 0, 'AAPDA MITRA': 0, 'Bridge': 0, 'River': 0, 'Drain': 0, 'Restoration': 0, 'Protection': 0, 'irr': 0, 'irrigation': 0, 'dam': 0, 'Nallah': 0, 'nala': 2, 'Retrofitting': 0, 'Pond': 0, 'Pokhari': 0, 'D/C': 0, 'Recharge shaft': 0, 'LFB': 0, 'RFB': 0}","{'Floodlight': 0, 'Flood Light': 0, 'GAS': 0, 'FIFA': 0, 'pipe': 0, 'pipes': 0, 'covid': 0, 'supply': 0, 'Beautification': 0, 'Installation': 0}",,,False,False,Immediate Measures
66595,BAGAHA NIT/01/2024-25  GR 04,WARD NO 05 ME RAMPRAVESH SHARMA KE KE GHAR SE ASHOK SAH KE GHAR TAK NALA NIRMAN KARYA,WARD NO 05 ME RAMPRAVESH SHARMA KE KE GHAR SE ASHOK SAH KE GHAR TAK NALA NIRMAN KARYA,1235848.0,INR,INR,2024-08-01 06:34:10+00:00,2024-08-01T06:22:31.461000+00:00,2024-11-27T06:54:58+00:00,SAROJ KUMAR BAITHA,EXECUTIVE OFFICER,BAGAHA NAGAR PARISHAD BAGAHA,BAGAHA SHASTRI NAGAR WEST CHAMPARAN BIHAR 845101,SAROJ KUMAR BAITHA,EXECUTIVE OFFICER,BAGAHA NAGAR PARISHAD BAGAHA,24800.0,2500.0,590.0,True,"{'Flood': 0, 'Embankment': 0, 'embkt': 0, 'Relief': 0, 'Erosion': 0, 'SDRF': 0, 'Inundation': 0, 'Hydrology': 0, 'Silt': 0, 'Siltation': 0, 'Bund': 0, 'Trench': 0, 'Breach': 0, 'Culvert': 0, 'Sluice': 0, 'Dyke': 0, 'Storm water drain': 0, 'Emergency': 0, 'Immediate': 0, 'IM': 0, 'AE': 0, 'A E': 0, 'AAPDA MITRA': 0, 'Bridge': 0, 'River': 0, 'Drain': 0, 'Restoration': 0, 'Protection': 0, 'irr': 0, 'irrigation': 0, 'dam': 0, 'Nallah': 0, 'nala': 2, 'Retrofitting': 0, 'Pond': 0, 'Pokhari': 0, 'D/C': 0, 'Recharge shaft': 0, 'LFB': 0, 'RFB': 0}","{'Floodlight': 0, 'Flood Light': 0, 'GAS': 0, 'FIFA': 0, 'pipe': 0, 'pipes': 0, 'covid': 0, 'supply': 0, 'Beautification': 0, 'Installation': 0}",,,False,False,Immediate Measures
66601,BAGAHA NIT/01/2024-25  GR 08,WARD NO 15 ME MAHENDRA BAITHA KE GHAR SE JAI PRAKASH SAHANI KE GHAR TAK AND SHYAMANAND SAH KE GHAR SE SAMSUDDIN MIYAN KE GHAR TAK RCC NALA AND SANTOSH SAHANI KE GHAR SE RAFIQ MIYAN KE GHAR TAK PCC SADAK AND RCC NALA NIRMAN KARYA,WARD NO 15 ME MAHENDRA BAITHA KE GHAR SE JAI PRAKASH SAHANI KE GHAR TAK AND SHYAMANAND SAH KE GHAR SE SAMSUDDIN MIYAN KE GHAR TAK RCC NALA AND SANTOSH SAHANI KE GHAR SE RAFIQ MIYAN KE GHAR TAK PCC SADAK AND RCC NALA NIRMAN KARYA,1562626.0,INR,INR,2024-08-01 07:16:07+00:00,2024-08-01T07:08:38.773000+00:00,2024-11-27T06:46:05+00:00,SAROJ KUMAR BAITHA,EXECUTIVE OFFICER,BAGAHA NAGAR PARISHAD BAGAHA,BAGAHA SHASTRI NAGAR WEST CHAMPARAN BIHAR 845101,SAROJ KUMAR BAITHA,EXECUTIVE OFFICER,BAGAHA NAGAR PARISHAD BAGAHA,31300.0,5000.0,590.0,True,"{'Flood': 0, 'Embankment': 0, 'embkt': 0, 'Relief': 0, 'Erosion': 0, 'SDRF': 0, 'Inundation': 0, 'Hydrology': 0, 'Silt': 0, 'Siltation': 0, 'Bund': 0, 'Trench': 0, 'Breach': 0, 'Culvert': 0, 'Sluice': 0, 'Dyke': 0, 'Storm water drain': 0, 'Emergency': 0, 'Immediate': 0, 'IM': 0, 'AE': 0, 'A E': 0, 'AAPDA MITRA': 0, 'Bridge': 0, 'River': 0, 'Drain': 0, 'Restoration': 0, 'Protection': 0, 'irr': 0, 'irrigation': 0, 'dam': 0, 'Nallah': 0, 'nala': 4, 'Retrofitting': 0, 'Pond': 0, 'Pokhari': 0, 'D/C': 0, 'Recharge shaft': 0, 'LFB': 0, 'RFB': 0}","{'Floodlight': 0, 'Flood Light': 0, 'GAS': 0, 'FIFA': 0, 'pipe': 0, 'pipes': 0, 'covid': 0, 'supply': 0, 'Beautification': 0, 'Installation': 0}",,,False,False,Immediate Measures
66606,BAGAHA NIT/01/2024-25  GR 11,WARD NO 22 ME BENGALI CHAUDHARI KE GHAR SE SUNIL KUMAR KE GHAR TAK PCC SADAK AND RCC NALA NIRMAN KARYA,WARD NO 22 ME BENGALI CHAUDHARI KE GHAR SE SUNIL KUMAR KE GHAR TAK PCC SADAK AND RCC NALA NIRMAN KARYA,1249334.0,INR,INR,2024-08-01 07:32:44+00:00,2024-08-01T07:27:53.034000+00:00,2024-09-11T12:44:52+00:00,SAROJ KUMAR BAITHA,EXECUTIVE OFFICER,BAGAHA NAGAR PARISHAD BAGAHA,BAGAHA SHASTRI NAGAR WEST CHAMPARAN BIHAR 845101,SAROJ KUMAR BAITHA,EXECUTIVE OFFICER,BAGAHA NAGAR PARISHAD BAGAHA,25000.0,2500.0,590.0,True,"{'Flood': 0, 'Embankment': 0, 'embkt': 0, 'Relief': 0, 'Erosion': 0, 'SDRF': 0, 'Inundation': 0, 'Hydrology': 0, 'Silt': 0, 'Siltation': 0, 'Bund': 0, 'Trench': 0, 'Breach': 0, 'Culvert': 0, 'Sluice': 0, 'Dyke': 0, 'Storm water drain': 0, 'Emergency': 0, 'Immediate': 0, 'IM': 0, 'AE': 0, 'A E': 0, 'AAPDA MITRA': 0, 'Bridge': 0, 'River': 0, 'Drain': 0, 'Restoration': 0, 'Protection': 0, 'irr': 0, 'irrigation': 0, 'dam': 0, 'Nallah': 0, 'nala': 2, 'Retrofitting': 0, 'Pond': 0, 'Pokhari': 0, 'D/C': 0, 'Recharge shaft': 0, 'LFB': 0, 'RFB': 0}","{'Floodlight': 0, 'Flood Light': 0, 'GAS': 0, 'FIFA': 0, 'pipe': 0, 'pipes': 0, 'covid': 0, 'supply': 0, 'Beautification': 0, 'Installation': 0}",,,False,False,Immediate Measures
66603,BAGAHA NIT/01/2024-25  GR 09,WARD NO 16 ME RAMBHA DEVI KE GHAR SE NAGENDRA SONI KE GHAR HOTE HUE SONU KUMAR KE GHAR TAK PCC SADAK AND RCC NALA NIRMAN KARYA,WARD NO 16 ME RAMBHA DEVI KE GHAR SE NAGENDRA SONI KE GHAR HOTE HUE SONU KUMAR KE GHAR TAK PCC SADAK AND RCC NALA NIRMAN KARYA,1550249.0,INR,INR,2024-08-01 07:22:13+00:00,2024-08-01T07:16:27.137000+00:00,2024-11-12T08:41:08+00:00,SAROJ KUMAR BAITHA,EXECUTIVE OFFICER,BAGAHA NAGAR PARISHAD BAGAHA,BAGAHA SHASTRI NAGAR WEST CHAMPARAN BIHAR 845101,SAROJ KUMAR BAITHA,EXECUTIVE OFFICER,BAGAHA NAGAR PARISHAD BAGAHA,31100.0,5000.0,590.0,True,"{'Flood': 0, 'Embankment': 0, 'embkt': 0, 'Relief': 0, 'Erosion': 0, 'SDRF': 0, 'Inundation': 0, 'Hydrology': 0, 'Silt': 0, 'Siltation': 0, 'Bund': 0, 'Trench': 0, 'Breach': 0, 'Culvert': 0, 'Sluice': 0, 'Dyke': 0, 'Storm water drain': 0, 'Emergency': 0, 'Immediate': 0, 'IM': 0, 'AE': 0, 'A E': 0, 'AAPDA MITRA': 0, 'Bridge': 0, 'River': 0, 'Drain': 0, 'Restoration': 0, 'Protection': 0, 'irr': 0, 'irrigation': 0, 'dam': 0, 'Nallah': 0, 'nala': 2, 'Retrofitting': 0, 'Pond': 0, 'Pokhari': 0, 'D/C': 0, 'Recharge shaft': 0, 'LFB': 0, 'RFB': 0}","{'Floodlight': 0, 'Flood Light': 0, 'GAS': 0, 'FIFA': 0, 'pipe': 0, 'pipes': 0, 'covid': 0, 'supply': 0, 'Beautification': 0, 'Installation': 0}",,,False,False,Immediate Measures
66609,BAGAHA NIT/01/2024-25  GR 14,WARD NO 32 ME ROJA KHATOON KE GHAR HOTE HUE AKHTAR KE GHAR HOTE HUE MOHAMMAD DAUD KE GHAR HOTE HUE MUKHYA NALA TAK NALA AND ROAD MITTI BHARAI ITIKARAN AND PCC NIRMAN KARYA,WARD NO 32 ME ROJA KHATOON KE GHAR HOTE HUE AKHTAR KE GHAR HOTE HUE MOHAMMAD DAUD KE GHAR HOTE HUE MUKHYA NALA TAK NALA AND ROAD MITTI BHARAI ITIKARAN AND PCC NIRMAN KARYA,1077883.0,INR,INR,2024-08-01 07:53:50+00:00,2024-08-01T07:44:19.609000+00:00,2024-11-27T06:39:53+00:00,SAROJ KUMAR BAITHA,EXECUTIVE OFFICER,BAGAHA NAGAR PARISHAD BAGAHA,BAGAHA SHASTRI NAGAR WEST CHAMPARAN BIHAR 845101,SAROJ KUMAR BAITHA,EXECUTIVE OFFICER,BAGAHA NAGAR PARISHAD BAGAHA,21600.0,2500.0,590.0,True,"{'Flood': 0, 'Embankment': 0, 'embkt': 0, 'Relief': 0, 'Erosion': 0, 'SDRF': 0, 'Inundation': 0, 'Hydrology': 0, 'Silt': 0, 'Siltation': 0, 'Bund': 0, 'Trench': 0, 'Breach': 0, 'Culvert': 0, 'Sluice': 0, 'Dyke': 0, 'Storm water drain': 0, 'Emergency': 0, 'Immediate': 0, 'IM': 0, 'AE': 0, 'A E': 0, 'AAPDA MITRA': 0, 'Bridge': 0, 'River': 0, 'Drain': 0, 'Restoration': 0, 'Protection': 0, 'irr': 0, 'irrigation': 0, 'dam': 0, 'Nallah': 0, 'nala': 4, 'Retrofitting': 0, 'Pond': 0, 'Pokhari': 0, 'D/C': 0, 'Recharge shaft': 0, 'LFB': 0, 'RFB': 0}","{'Floodlight': 0, 'Flood Light': 0, 'GAS': 0, 'FIFA': 0, 'pipe': 0, 'pipes': 0, 'covid': 0, 'supply': 0, 'Beautification': 0, 'Installation': 0}",,,False,True,Immediate Measures
66604,BAGAHA NIT/01/2024-25  GR 10,WARD NO 18 BRIJ NARAYAN CHAUDHARI KE GHAR SE ANIL GOND KE GHAR HOTE HUE YOGENDRA DUBEY KE GHAR TAK PCC SADAK AND NALA NIRMAN KARYA,WARD NO 18 BRIJ NARAYAN CHAUDHARI KE GHAR SE ANIL GOND KE GHAR HOTE HUE YOGENDRA DUBEY KE GHAR TAK PCC SADAK AND NALA NIRMAN KARYA,1297500.0,INR,INR,2024-08-01 07:27:32+00:00,2024-08-01T07:22:30.990000+00:00,2024-11-27T07:48:17+00:00,SAROJ KUMAR BAITHA,EXECUTIVE OFFICER,BAGAHA NAGAR PARISHAD BAGAHA,BAGAHA SHASTRI NAGAR WEST CHAMPARAN BIHAR 845101,SAROJ KUMAR BAITHA,EXECUTIVE OFFICER,BAGAHA NAGAR PARISHAD BAGAHA,26000.0,2500.0,590.0,True,"{'Flood': 0, 'Embankment': 0, 'embkt': 0, 'Relief': 0, 'Erosion': 0, 'SDRF': 0, 'Inundation': 0, 'Hydrology': 0, 'Silt': 0, 'Siltation': 0, 'Bund': 0, 'Trench': 0, 'Breach': 0, 'Culvert': 0, 'Sluice': 0, 'Dyke': 0, 'Storm water drain': 0, 'Emergency': 0, 'Immediate': 0, 'IM': 0, 'AE': 0, 'A E': 0, 'AAPDA MITRA': 0, 'Bridge': 0, 'River': 0, 'Drain': 0, 'Restoration': 0, 'Protection': 0, 'irr': 0, 'irrigation': 0, 'dam': 0, 'Nallah': 0, 'nala': 2, 'Retrofitting': 0, 'Pond': 0, 'Pokhari': 0, 'D/C': 0, 'Recharge shaft': 0, 'LFB': 0, 'RFB': 0}","{'Floodlight': 0, 'Flood Light': 0, 'GAS': 0, 'FIFA': 0, 'pipe': 0, 'pipes': 0, 'covid': 0, 'supply': 0, 'Beautification': 0, 'Installation': 0}",,,False,False,Immediate Measures
66599,BAGAHA NIT/01/2024-25  GR 07,WARD NO 09 ME MAHIMA FLEX SE IDRISH ANSARI KE GHAR HOTE HUE NAND KISHOR KE GHAR TAK PCC AND NALA NIRMAN KARYA,WARD NO 09 ME MAHIMA FLEX SE IDRISH ANSARI KE GHAR HOTE HUE NAND KISHOR KE GHAR TAK PCC AND NALA NIRMAN KARYA,1468823.0,INR,INR,2024-08-01 07:08:22+00:00,2024-08-01T06:59:47.252000+00:00,2024-11-12T08:33:41+00:00,SAROJ KUMAR BAITHA,EXECUTIVE OFFICER,BAGAHA NAGAR PARISHAD BAGAHA,BAGAHA SHASTRI NAGAR WEST CHAMPARAN BIHAR 845101,SAROJ KUMAR BAITHA,EXECUTIVE OFFICER,BAGAHA NAGAR PARISHAD BAGAHA,29400.0,2500.0,590.0,True,"{'Flood': 0, 'Embankment': 0, 'embkt': 0, 'Relief': 0, 'Erosion': 0, 'SDRF': 0, 'Inundation': 0, 'Hydrology': 0, 'Silt': 0, 'Siltation': 0, 'Bund': 0, 'Trench': 0, 'Breach': 0, 'Culvert': 0, 'Sluice': 0, 'Dyke': 0, 'Storm water drain': 0, 'Emergency': 0, 'Immediate': 0, 'IM': 0, 'AE': 0, 'A E': 0, 'AAPDA MITRA': 0, 'Bridge': 0, 'River': 0, 'Drain': 0, 'Restoration': 0, 'Protection': 0, 'irr': 0, 'irrigation': 0, 'dam': 0, 'Nallah': 0, 'nala': 2, 'Retrofitting': 0, 'Pond': 0, 'Pokhari': 0, 'D/C': 0, 'Recharge shaft': 0, 'LFB': 0, 'RFB': 0}","{'Floodlight': 0, 'Flood Light': 0, 'GAS': 0, 'FIFA': 0, 'pipe': 0, 'pipes': 0, 'covid': 0, 'supply': 0, 'Beautification': 0, 'Installation': 0}",,,False,False,Immediate Measures
66612,BAGAHA NIT/01/2024-25  GR 15,WARD NO 33 MOHAMMAD RUSTAM KE GHAR SE MOHAMMAD RAJJAK KE GHAR HOTE HUE MUKHYA SADAK TAK MITTI BHARAI ITIKARAN AND PCC SADAK SAH NALA NIRMAN KARYA,WARD NO 33 MOHAMMAD RUSTAM KE GHAR SE MOHAMMAD RAJJAK KE GHAR HOTE HUE MUKHYA SADAK TAK MITTI BHARAI ITIKARAN AND PCC SADAK SAH NALA NIRMAN KARYA,1051190.0,INR,INR,2024-08-01 08:01:40+00:00,2024-08-01T07:54:05.404000+00:00,2024-11-27T07:38:48+00:00,SAROJ KUMAR BAITHA,EXECUTIVE OFFICER,BAGAHA NAGAR PARISHAD BAGAHA,BAGAHA SHASTRI NAGAR WEST CHAMPARAN BIHAR 845101,SAROJ KUMAR BAITHA,EXECUTIVE OFFICER,BAGAHA NAGAR PARISHAD BAGAHA,21100.0,2500.0,590.0,True,"{'Flood': 0, 'Embankment': 0, 'embkt': 0, 'Relief': 0, 'Erosion': 0, 'SDRF': 0, 'Inundation': 0, 'Hydrology': 0, 'Silt': 0, 'Siltation': 0, 'Bund': 0, 'Trench': 0, 'Breach': 0, 'Culvert': 0, 'Sluice': 0, 'Dyke': 0, 'Storm water drain': 0, 'Emergency': 0, 'Immediate': 0, 'IM': 0, 'AE': 0, 'A E': 0, 'AAPDA MITRA': 0, 'Bridge': 0, 'River': 0, 'Drain': 0, 'Restoration': 0, 'Protection': 0, 'irr': 0, 'irrigation': 0, 'dam': 0, 'Nallah': 0, 'nala': 2, 'Retrofitting': 0, 'Pond': 0, 'Pokhari': 0, 'D/C': 0, 'Recharge shaft': 0, 'LFB': 0, 'RFB': 0}","{'Floodlight': 0, 'Flood Light': 0, 'GAS': 0, 'FIFA': 0, 'pipe': 0, 'pipes': 0, 'covid': 0, 'supply': 0, 'Beautification': 0, 'Installation': 0}",,,False,False,Immediate Measures
66607,BAGAHA NIT/01/2024-25  GR 12,WARD NO 24 ME MARIYAM KHATOON KE GHAR SE ARSAD SAIFI KE GHAR TAK MITTI BHARAI ITIKARAN AND PCC NIRMAN AND NALA NIRMAN KARYA,WARD NO 24 ME MARIYAM KHATOON KE GHAR SE ARSAD SAIFI KE GHAR TAK MITTI BHARAI ITIKARAN AND PCC NIRMAN AND NALA NIRMAN KARYA,2188642.0,INR,INR,2024-08-01 07:38:47+00:00,2024-08-01T07:32:59.557000+00:00,2024-11-27T07:53:45+00:00,SAROJ KUMAR BAITHA,EXECUTIVE OFFICER,BAGAHA NAGAR PARISHAD BAGAHA,BAGAHA SHASTRI NAGAR WEST CHAMPARAN BIHAR 845101,SAROJ KUMAR BAITHA,EXECUTIVE OFFICER,BAGAHA NAGAR PARISHAD BAGAHA,43800.0,5000.0,590.0,True,"{'Flood': 0, 'Embankment': 0, 'embkt': 0, 'Relief': 0, 'Erosion': 0, 'SDRF': 0, 'Inundation': 0, 'Hydrology': 0, 'Silt': 0, 'Siltation': 0, 'Bund': 0, 'Trench': 0, 'Breach': 0, 'Culvert': 0, 'Sluice': 0, 'Dyke': 0, 'Storm water drain': 0, 'Emergency': 0, 'Immediate': 0, 'IM': 0, 'AE': 0, 'A E': 0, 'AAPDA MITRA': 0, 'Bridge': 0, 'River': 0, 'Drain': 0, 'Restoration': 0, 'Protection': 0, 'irr': 0, 'irrigation': 0, 'dam': 0, 'Nallah': 0, 'nala': 2, 'Retrofitting': 0, 'Pond': 0, 'Pokhari': 0, 'D/C': 0, 'Recharge shaft': 0, 'LFB': 0, 'RFB': 0}","{'Floodlight': 0, 'Flood Light': 0, 'GAS': 0, 'FIFA': 0, 'pipe': 0, 'pipes': 0, 'covid': 0, 'supply': 0, 'Beautification': 0, 'Installation': 0}",,,False,False,Immediate Measures
66630,123,construction of bridge between gora mahadalit tola to jhajha mahadalit tola in dakshni kojhi gora panchayat of fullidumar block,construction of bridge between gora mahadalit tola to jhajha mahadalit tola in dakshni kojhi gora panchayat of fullidumar block,5465400.0,INR,INR,2024-08-01 11:07:39+00:00,2024-08-01T10:32:29.745000+00:00,2024-08-31T11:21:46+00:00,RANJEET KUMAR,DISTRICT ENGINEER,DISTRICT ENGINEER,FORT AREA MUNGER,RANJEET KUMAR,DISTRICT ENGINEER,DISTRICT ENGINEER,110000.0,10000.0,590.0,True,"{'Flood': 0, 'Embankment': 0, 'embkt': 0, 'Relief': 0, 'Erosion': 0, 'SDRF': 0, 'Inundation': 0, 'Hydrology': 0, 'Silt': 0, 'Siltation': 0, 'Bund': 0, 'Trench': 0, 'Breach': 0, 'Culvert': 0, 'Sluice': 0, 'Dyke': 0, 'Storm water drain': 0, 'Emergency': 0, 'Immediate': 0, 'IM': 0, 'AE': 0, 'A E': 0, 'AAPDA MITRA': 0, 'Bridge': 2, 'River': 0, 'Drain': 0, 'Restoration': 0, 'Protection': 0, 'irr': 0, 'irrigation': 0, 'dam': 0, 'Nallah': 0, 'nala': 0, 'Retrofitting': 0, 'Pond': 0, 'Pokhari': 0, 'D/C': 0, 'Recharge shaft': 0, 'LFB': 0, 'RFB': 0}","{'Floodlight': 0, 'Flood Light': 0, 'GAS': 0, 'FIFA': 0, 'pipe': 0, 'pipes': 0, 'covid': 0, 'supply': 0, 'Beautification': 0, 'Installation': 0}",,,False,True,Others
66673,NIT-3R/2024-25/HP/PHED GOPALGANJ,"Construction of 125mm X 40mm dia X 61 meter deep hand operated T/well  with India Mark II Hand Pump with Platform and drain with Soak pit in Due to heat and heat wave conditions and falling water level in the districts of Gopalganj under P. H. Division, Gopalganj  for the year 2024-25 (Total HP 50 Nos)","Construction of 125mm X 40mm dia X 61 meter deep hand operated T/well  with India Mark II Hand Pump with Platform and drain with Soak pit in Due to heat and heat wave conditions and falling water level in the districts of Gopalganj under P. H. Division, Gopalganj  for the year 2024-25 (Total HP 50 Nos)",4672200.0,INR,INR,2024-08-02 06:25:57+00:00,2024-08-02T05:25:45.642000+00:00,2024-08-30T06:29:23+00:00,"Pradeep Kumar Jha, Executive Engineer PH Division Gopalganj",Executive Engineer,"Executive Engineer P.H. Division, Gopalganj","NEAR MINZ STADIUM, GOPALGANJ",SUBODH SHANKAR,SE,PHED CHAPRA CIRCLE,93500.0,5000.0,590.0,True,"{'Flood': 0, 'Embankment': 0, 'embkt': 0, 'Relief': 0, 'Erosion': 0, 'SDRF': 0, 'Inundation': 0, 'Hydrology': 0, 'Silt': 0, 'Siltation': 0, 'Bund': 0, 'Trench': 0, 'Breach': 0, 'Culvert': 0, 'Sluice': 0, 'Dyke': 0, 'Storm water drain': 0, 'Emergency': 0, 'Immediate': 0, 'IM': 0, 'AE': 0, 'A E': 0, 'AAPDA MITRA': 0, 'Bridge': 0, 'River': 0, 'Drain': 2, 'Restoration': 0, 'Protection': 0, 'irr': 0, 'irrigation': 0, 'dam': 0, 'Nallah': 0, 'nala': 0, 'Retrofitting': 0, 'Pond': 0, 'Pokhari': 0, 'D/C': 0, 'Recharge shaft': 0, 'LFB': 0, 'RFB': 0}","{'Floodlight': 0, 'Flood Light': 0, 'GAS': 0, 'FIFA': 0, 'pipe': 0, 'pipes': 0, 'covid': 0, 'supply': 0, 'Beautification': 0, 'Installation': 0}",,,False,True,Others
66789,NIT-01/2024-25/G60,"Construction of Drain from Sandhiya Kunj Appartment to Tali Ahra via Ramanya Bhumi in Ward No-21, Under Nagar Parishad Bodhgaya, District-Gaya.","Construction of Drain from Sandhiya Kunj Appartment to Tali Ahra via Ramanya Bhumi in Ward No-21, Under Nagar Parishad Bodhgaya, District-Gaya.",3725400.0,INR,INR,2024-08-11 10:32:55+00:00,2024-08-03T06:56:55.207000+00:00,2025-01-15T10:32:05+00:00,"EXECUTIVE OFFICER, BODHGAYA",EO,NAGAR PANCHAYAT BODHGAYA,"BODHGAYA NAGAR PANCHAYAT, GAYA, BIHAR 824231","EXECUTIVE OFFICER, BODHGAYA",EO,NAGAR PANCHAYAT BODHGAYA,74600.0,5000.0,590.0,True,"{'Flood': 0, 'Embankment': 0, 'embkt': 0, 'Relief': 0, 'Erosion': 0, 'SDRF': 0, 'Inundation': 0, 'Hydrology': 0, 'Silt': 0, 'Siltation': 0, 'Bund': 0, 'Trench': 0, 'Breach': 0, 'Culvert': 0, 'Sluice': 0, 'Dyke': 0, 'Storm water drain': 0, 'Emergency': 0, 'Immediate': 0, 'IM': 0, 'AE': 0, 'A E': 0, 'AAPDA MITRA': 0, 'Bridge': 0, 'River': 0, 'Drain': 2, 'Restoration': 0, 'Protection': 0, 'irr': 0, 'irrigation': 0, 'dam': 0, 'Nallah': 0, 'nala': 0, 'Retrofitting': 0, 'Pond': 0, 'Pokhari': 0, 'D/C': 0, 'Recharge shaft': 0, 'LFB': 0, 'RFB': 0}","{'Floodlight': 0, 'Flood Light': 0, 'GAS': 0, 'FIFA': 0, 'pipe': 0, 'pipes': 0, 'covid': 0, 'supply': 0, 'Beautification': 0, 'Installation': 0}",,,False,True,Others
66781,NIT-01/2024-25/G54,"Construction of Drain from Arjun Thakur House to Pati Aahar via Mahadalit Tola in Ward No-20 , Under Nagar Parishad Bodhgaya, District-Gaya.","Construction of Drain from Arjun Thakur House to Pati Aahar via Mahadalit Tola in Ward No-20 , Under Nagar Parishad Bodhgaya, District-Gaya.",3619800.0,INR,INR,2024-08-11 10:20:59+00:00,2024-08-03T06:20:05.823000+00:00,2025-01-15T10:24:31+00:00,"EXECUTIVE OFFICER, BODHGAYA",EO,NAGAR PANCHAYAT BODHGAYA,"BODHGAYA NAGAR PANCHAYAT, GAYA, BIHAR 824231","EXECUTIVE OFFICER, BODHGAYA",EO,NAGAR PANCHAYAT BODHGAYA,72500.0,5000.0,590.0,True,"{'Flood': 0, 'Embankment': 0, 'embkt': 0, 'Relief': 0, 'Erosion': 0, 'SDRF': 0, 'Inundation': 0, 'Hydrology': 0, 'Silt': 0, 'Siltation': 0, 'Bund': 0, 'Trench': 0, 'Breach': 0, 'Culvert': 0, 'Sluice': 0, 'Dyke': 0, 'Storm water drain': 0, 'Emergency': 0, 'Immediate': 0, 'IM': 0, 'AE': 0, 'A E': 0, 'AAPDA MITRA': 0, 'Bridge': 0, 'River': 0, 'Drain': 2, 'Restoration': 0, 'Protection': 0, 'irr': 0, 'irrigation': 0, 'dam': 0, 'Nallah': 0, 'nala': 0, 'Retrofitting': 0, 'Pond': 0, 'Pokhari': 0, 'D/C': 0, 'Recharge shaft': 0, 'LFB': 0, 'RFB': 0}","{'Floodlight': 0, 'Flood Light': 0, 'GAS': 0, 'FIFA': 0, 'pipe': 0, 'pipes': 0, 'covid': 0, 'supply': 0, 'Beautification': 0, 'Installation': 0}",,,False,True,Others
66794,NIT-01/2024-25/G63,"Construction of P.C.C. Road & Drain from Narsingh Asthan Main Road Santosh Manjhi House to Raja Manjhi House in Ward No-21 , Under Nagar Parishad Bodhgaya, District-Gaya.","Construction of P.C.C. Road & Drain from Narsingh Asthan Main Road Santosh Manjhi House to Raja Manjhi House in Ward No-21 , Under Nagar Parishad Bodhgaya, District-Gaya.",1363200.0,INR,INR,2024-08-11 10:37:51+00:00,2024-08-03T07:05:56.326000+00:00,2025-06-04T08:28:42+00:00,"EXECUTIVE OFFICER, BODHGAYA",EO,NAGAR PANCHAYAT BODHGAYA,"BODHGAYA NAGAR PANCHAYAT, GAYA, BIHAR 824231","EXECUTIVE OFFICER, BODHGAYA",EO,NAGAR PANCHAYAT BODHGAYA,27500.0,2500.0,590.0,True,"{'Flood': 0, 'Embankment': 0, 'embkt': 0, 'Relief': 0, 'Erosion': 0, 'SDRF': 0, 'Inundation': 0, 'Hydrology': 0, 'Silt': 0, 'Siltation': 0, 'Bund': 0, 'Trench': 0, 'Breach': 0, 'Culvert': 0, 'Sluice': 0, 'Dyke': 0, 'Storm water drain': 0, 'Emergency': 0, 'Immediate': 0, 'IM': 0, 'AE': 0, 'A E': 0, 'AAPDA MITRA': 0, 'Bridge': 0, 'River': 0, 'Drain': 2, 'Restoration': 0, 'Protection': 0, 'irr': 0, 'irrigation': 0, 'dam': 0, 'Nallah': 0, 'nala': 0, 'Retrofitting': 0, 'Pond': 0, 'Pokhari': 0, 'D/C': 0, 'Recharge shaft': 0, 'LFB': 0, 'RFB': 0}","{'Floodlight': 0, 'Flood Light': 0, 'GAS': 0, 'FIFA': 0, 'pipe': 0, 'pipes': 0, 'covid': 0, 'supply': 0, 'Beautification': 0, 'Installation': 0}",,,False,True,Others
66787,NIT-01/2024-25/G58,"Construction of Drain from Pati Ahara to Pain in Bhalua in Ward No-20 , Under Nagar Parishad Bodhgaya, District-Gaya.","Construction of Drain from Pati Ahara to Pain in Bhalua in Ward No-20 , Under Nagar Parishad Bodhgaya, District-Gaya.",3500000.0,INR,INR,2024-08-11 10:29:46+00:00,2024-08-03T06:36:11.773000+00:00,2025-01-16T11:41:38+00:00,"EXECUTIVE OFFICER, BODHGAYA",EO,NAGAR PANCHAYAT BODHGAYA,"BODHGAYA NAGAR PANCHAYAT, GAYA, BIHAR 824231","EXECUTIVE OFFICER, BODHGAYA",EO,NAGAR PANCHAYAT BODHGAYA,70000.0,5000.0,590.0,True,"{'Flood': 0, 'Embankment': 0, 'embkt': 0, 'Relief': 0, 'Erosion': 0, 'SDRF': 0, 'Inundation': 0, 'Hydrology': 0, 'Silt': 0, 'Siltation': 0, 'Bund': 0, 'Trench': 0, 'Breach': 0, 'Culvert': 0, 'Sluice': 0, 'Dyke': 0, 'Storm water drain': 0, 'Emergency': 0, 'Immediate': 0, 'IM': 0, 'AE': 0, 'A E': 0, 'AAPDA MITRA': 0, 'Bridge': 0, 'River': 0, 'Drain': 2, 'Restoration': 0, 'Protection': 0, 'irr': 0, 'irrigation': 0, 'dam': 0, 'Nallah': 0, 'nala': 0, 'Retrofitting': 0, 'Pond': 0, 'Pokhari': 0, 'D/C': 0, 'Recharge shaft': 0, 'LFB': 0, 'RFB': 0}","{'Floodlight': 0, 'Flood Light': 0, 'GAS': 0, 'FIFA': 0, 'pipe': 0, 'pipes': 0, 'covid': 0, 'supply': 0, 'Beautification': 0, 'Installation': 0}",,,False,True,Others
66788,NIT-01/2024-25/G59,"Construction of P.C.C. Road & Drain from Ramvilas Yadav Shivkumar Bhagat urf Bhulan Bhagat Gaderi Mohalla in Ward No-21 , Under Nagar Parishad Bodhgaya, District-Gaya.","Construction of P.C.C. Road & Drain from Ramvilas Yadav Shivkumar Bhagat urf Bhulan Bhagat Gaderi Mohalla in Ward No-21 , Under Nagar Parishad Bodhgaya, District-Gaya.",3430900.0,INR,INR,2024-08-11 10:31:16+00:00,2024-08-03T06:52:39.032000+00:00,2025-01-16T11:48:38+00:00,"EXECUTIVE OFFICER, BODHGAYA",EO,NAGAR PANCHAYAT BODHGAYA,"BODHGAYA NAGAR PANCHAYAT, GAYA, BIHAR 824231","EXECUTIVE OFFICER, BODHGAYA",EO,NAGAR PANCHAYAT BODHGAYA,68700.0,5000.0,590.0,True,"{'Flood': 0, 'Embankment': 0, 'embkt': 0, 'Relief': 0, 'Erosion': 0, 'SDRF': 0, 'Inundation': 0, 'Hydrology': 0, 'Silt': 0, 'Siltation': 0, 'Bund': 0, 'Trench': 0, 'Breach': 0, 'Culvert': 0, 'Sluice': 0, 'Dyke': 0, 'Storm water drain': 0, 'Emergency': 0, 'Immediate': 0, 'IM': 0, 'AE': 0, 'A E': 0, 'AAPDA MITRA': 0, 'Bridge': 0, 'River': 0, 'Drain': 2, 'Restoration': 0, 'Protection': 0, 'irr': 0, 'irrigation': 0, 'dam': 0, 'Nallah': 0, 'nala': 0, 'Retrofitting': 0, 'Pond': 0, 'Pokhari': 0, 'D/C': 0, 'Recharge shaft': 0, 'LFB': 0, 'RFB': 0}","{'Floodlight': 0, 'Flood Light': 0, 'GAS': 0, 'FIFA': 0, 'pipe': 0, 'pipes': 0, 'covid': 0, 'supply': 0, 'Beautification': 0, 'Installation': 0}",,,False,True,Others
66779,NIT-01/2024-25/G52,"Construction of Drain from South side to North side in Badki Padarita in Ward No-19 , Under Nagar Parishad Bodhgaya, District-Gaya.","Construction of Drain from South side to North side in Badki Padarita in Ward No-19 , Under Nagar Parishad Bodhgaya, District-Gaya.",2482590.0,INR,INR,2024-08-11 10:17:15+00:00,2024-08-03T06:11:20.631000+00:00,2025-02-13T10:38:40+00:00,"EXECUTIVE OFFICER, BODHGAYA",EO,NAGAR PANCHAYAT BODHGAYA,"BODHGAYA NAGAR PANCHAYAT, GAYA, BIHAR 824231","EXECUTIVE OFFICER, BODHGAYA",EO,NAGAR PANCHAYAT BODHGAYA,50000.0,5000.0,590.0,True,"{'Flood': 0, 'Embankment': 0, 'embkt': 0, 'Relief': 0, 'Erosion': 0, 'SDRF': 0, 'Inundation': 0, 'Hydrology': 0, 'Silt': 0, 'Siltation': 0, 'Bund': 0, 'Trench': 0, 'Breach': 0, 'Culvert': 0, 'Sluice': 0, 'Dyke': 0, 'Storm water drain': 0, 'Emergency': 0, 'Immediate': 0, 'IM': 0, 'AE': 0, 'A E': 0, 'AAPDA MITRA': 0, 'Bridge': 0, 'River': 0, 'Drain': 2, 'Restoration': 0, 'Protection': 0, 'irr': 0, 'irrigation': 0, 'dam': 0, 'Nallah': 0, 'nala': 0, 'Retrofitting': 0, 'Pond': 0, 'Pokhari': 0, 'D/C': 0, 'Recharge shaft': 0, 'LFB': 0, 'RFB': 0}","{'Floodlight': 0, 'Flood Light': 0, 'GAS': 0, 'FIFA': 0, 'pipe': 0, 'pipes': 0, 'covid': 0, 'supply': 0, 'Beautification': 0, 'Installation': 0}",,,False,True,Others
66797,NIT-01/2024-25/G65,"Construction of Drain From 80 Feet Murti Road to Bodhi Ground, in Ward No-22 , Under Nagar Parishad Bodhgaya, District-Gaya.","Construction of Drain From 80 Feet Murti Road to Bodhi Ground, in Ward No-22 , Under Nagar Parishad Bodhgaya, District-Gaya.",2010900.0,INR,INR,2024-08-11 10:41:18+00:00,2024-08-03T07:17:37.843000+00:00,2024-12-31T10:23:06+00:00,"EXECUTIVE OFFICER, BODHGAYA",EO,NAGAR PANCHAYAT BODHGAYA,"BODHGAYA NAGAR PANCHAYAT, GAYA, BIHAR 824231","EXECUTIVE OFFICER, BODHGAYA",EO,NAGAR PANCHAYAT BODHGAYA,40500.0,5000.0,590.0,True,"{'Flood': 0, 'Embankment': 0, 'embkt': 0, 'Relief': 0, 'Erosion': 0, 'SDRF': 0, 'Inundation': 0, 'Hydrology': 0, 'Silt': 0, 'Siltation': 0, 'Bund': 0, 'Trench': 0, 'Breach': 0, 'Culvert': 0, 'Sluice': 0, 'Dyke': 0, 'Storm water drain': 0, 'Emergency': 0, 'Immediate': 0, 'IM': 0, 'AE': 0, 'A E': 0, 'AAPDA MITRA': 0, 'Bridge': 0, 'River': 0, 'Drain': 2, 'Restoration': 0, 'Protection': 0, 'irr': 0, 'irrigation': 0, 'dam': 0, 'Nallah': 0, 'nala': 0, 'Retrofitting': 0, 'Pond': 0, 'Pokhari': 0, 'D/C': 0, 'Recharge shaft': 0, 'LFB': 0, 'RFB': 0}","{'Floodlight': 0, 'Flood Light': 0, 'GAS': 0, 'FIFA': 0, 'pipe': 0, 'pipes': 0, 'covid': 0, 'supply': 0, 'Beautification': 0, 'Installation': 0}",,,False,True,Immediate Measures
66799,NIT-01/2024-25/G66,"Construction of R.C.C. Drain from Late Buta Manjhi House to Nanhak Manjhi House via Krishna Manjhi House in Mastipur Ward No- 22 , Under Nagar Parishad Bodhgaya, District-Gaya.","Construction of R.C.C. Drain from Late Buta Manjhi House to Nanhak Manjhi House via Krishna Manjhi House in Mastipur Ward No- 22 , Under Nagar Parishad Bodhgaya, District-Gaya.",486500.0,INR,INR,2024-08-11 10:43:03+00:00,2024-08-03T07:21:57.180000+00:00,2024-12-19T10:22:05+00:00,"EXECUTIVE OFFICER, BODHGAYA",EO,NAGAR PANCHAYAT BODHGAYA,"BODHGAYA NAGAR PANCHAYAT, GAYA, BIHAR 824231","EXECUTIVE OFFICER, BODHGAYA",EO,NAGAR PANCHAYAT BODHGAYA,9800.0,750.0,590.0,True,"{'Flood': 0, 'Embankment': 0, 'embkt': 0, 'Relief': 0, 'Erosion': 0, 'SDRF': 0, 'Inundation': 0, 'Hydrology': 0, 'Silt': 0, 'Siltation': 0, 'Bund': 0, 'Trench': 0, 'Breach': 0, 'Culvert': 0, 'Sluice': 0, 'Dyke': 0, 'Storm water drain': 0, 'Emergency': 0, 'Immediate': 0, 'IM': 0, 'AE': 0, 'A E': 0, 'AAPDA MITRA': 0, 'Bridge': 0, 'River': 0, 'Drain': 2, 'Restoration': 0, 'Protection': 0, 'irr': 0, 'irrigation': 0, 'dam': 0, 'Nallah': 0, 'nala': 0, 'Retrofitting': 0, 'Pond': 0, 'Pokhari': 0, 'D/C': 0, 'Recharge shaft': 0, 'LFB': 0, 'RFB': 0}","{'Floodlight': 0, 'Flood Light': 0, 'GAS': 0, 'FIFA': 0, 'pipe': 0, 'pipes': 0, 'covid': 0, 'supply': 0, 'Beautification': 0, 'Installation': 0}",,,False,True,Others
66780,NIT-01/2024-25/G53,"Construction of P.C.C. Road & Drain from Vinay singh House to Aavesh singh via Kamta singh & Shivchan Manjhi to Vishwanath Manjhi in Ward No-19 , Under Nagar Parishad Bodhgaya, District-Gaya.","Construction of P.C.C. Road & Drain from Vinay singh House to Aavesh singh via Kamta singh & Shivchan Manjhi to Vishwanath Manjhi in Ward No-19 , Under Nagar Parishad Bodhgaya, District-Gaya.",2362966.0,INR,INR,2024-08-11 10:19:35+00:00,2024-08-03T06:16:34.319000+00:00,2025-01-17T11:52:23+00:00,"EXECUTIVE OFFICER, BODHGAYA",EO,NAGAR PANCHAYAT BODHGAYA,"BODHGAYA NAGAR PANCHAYAT, GAYA, BIHAR 824231","EXECUTIVE OFFICER, BODHGAYA",EO,NAGAR PANCHAYAT BODHGAYA,47600.0,5000.0,590.0,True,"{'Flood': 0, 'Embankment': 0, 'embkt': 0, 'Relief': 0, 'Erosion': 0, 'SDRF': 0, 'Inundation': 0, 'Hydrology': 0, 'Silt': 0, 'Siltation': 0, 'Bund': 0, 'Trench': 0, 'Breach': 0, 'Culvert': 0, 'Sluice': 0, 'Dyke': 0, 'Storm water drain': 0, 'Emergency': 0, 'Immediate': 0, 'IM': 0, 'AE': 0, 'A E': 0, 'AAPDA MITRA': 0, 'Bridge': 0, 'River': 0, 'Drain': 2, 'Restoration': 0, 'Protection': 0, 'irr': 0, 'irrigation': 0, 'dam': 0, 'Nallah': 0, 'nala': 0, 'Retrofitting': 0, 'Pond': 0, 'Pokhari': 0, 'D/C': 0, 'Recharge shaft': 0, 'LFB': 0, 'RFB': 0}","{'Floodlight': 0, 'Flood Light': 0, 'GAS': 0, 'FIFA': 0, 'pipe': 0, 'pipes': 0, 'covid': 0, 'supply': 0, 'Beautification': 0, 'Installation': 0}",,,False,True,Others
66785,NIT-01/2024-25/G56,"Construction of Drain from Gorelal Manjhi House to Primary School Mahurad in Ward No-20 , Under Nagar Parishad Bodhgaya, District-Gaya.","Construction of Drain from Gorelal Manjhi House to Primary School Mahurad in Ward No-20 , Under Nagar Parishad Bodhgaya, District-Gaya.",3599326.0,INR,INR,2024-08-11 10:25:59+00:00,2024-08-03T06:28:01.156000+00:00,2025-05-15T10:01:46+00:00,"EXECUTIVE OFFICER, BODHGAYA",EO,NAGAR PANCHAYAT BODHGAYA,"BODHGAYA NAGAR PANCHAYAT, GAYA, BIHAR 824231","EXECUTIVE OFFICER, BODHGAYA",EO,NAGAR PANCHAYAT BODHGAYA,72000.0,5000.0,590.0,True,"{'Flood': 0, 'Embankment': 0, 'embkt': 0, 'Relief': 0, 'Erosion': 0, 'SDRF': 0, 'Inundation': 0, 'Hydrology': 0, 'Silt': 0, 'Siltation': 0, 'Bund': 0, 'Trench': 0, 'Breach': 0, 'Culvert': 0, 'Sluice': 0, 'Dyke': 0, 'Storm water drain': 0, 'Emergency': 0, 'Immediate': 0, 'IM': 0, 'AE': 0, 'A E': 0, 'AAPDA MITRA': 0, 'Bridge': 0, 'River': 0, 'Drain': 2, 'Restoration': 0, 'Protection': 0, 'irr': 0, 'irrigation': 0, 'dam': 0, 'Nallah': 0, 'nala': 0, 'Retrofitting': 0, 'Pond': 0, 'Pokhari': 0, 'D/C': 0, 'Recharge shaft': 0, 'LFB': 0, 'RFB': 0}","{'Floodlight': 0, 'Flood Light': 0, 'GAS': 0, 'FIFA': 0, 'pipe': 0, 'pipes': 0, 'covid': 0, 'supply': 0, 'Beautification': 0, 'Installation': 0}",,,False,True,Immediate Measures
66801,NIT-01/2024-25/G72,"Construction of Drain from Shankar Das House to Pan at Bakror in Ward No-24 , Under Nagar Parishad Bodhgaya, District-Gaya.","Construction of Drain from Shankar Das House to Pan at Bakror in Ward No-24 , Under Nagar Parishad Bodhgaya, District-Gaya.",1438400.0,INR,INR,2024-08-11 10:51:18+00:00,2024-08-03T07:31:15.133000+00:00,2024-12-28T11:32:27+00:00,"EXECUTIVE OFFICER, BODHGAYA",EO,NAGAR PANCHAYAT BODHGAYA,"BODHGAYA NAGAR PANCHAYAT, GAYA, BIHAR 824231","EXECUTIVE OFFICER, BODHGAYA",EO,NAGAR PANCHAYAT BODHGAYA,29000.0,2500.0,590.0,True,"{'Flood': 0, 'Embankment': 0, 'embkt': 0, 'Relief': 0, 'Erosion': 0, 'SDRF': 0, 'Inundation': 0, 'Hydrology': 0, 'Silt': 0, 'Siltation': 0, 'Bund': 0, 'Trench': 0, 'Breach': 0, 'Culvert': 0, 'Sluice': 0, 'Dyke': 0, 'Storm water drain': 0, 'Emergency': 0, 'Immediate': 0, 'IM': 0, 'AE': 0, 'A E': 0, 'AAPDA MITRA': 0, 'Bridge': 0, 'River': 0, 'Drain': 2, 'Restoration': 0, 'Protection': 0, 'irr': 0, 'irrigation': 0, 'dam': 0, 'Nallah': 0, 'nala': 0, 'Retrofitting': 0, 'Pond': 0, 'Pokhari': 0, 'D/C': 0, 'Recharge shaft': 0, 'LFB': 0, 'RFB': 0}","{'Floodlight': 0, 'Flood Light': 0, 'GAS': 0, 'FIFA': 0, 'pipe': 0, 'pipes': 0, 'covid': 0, 'supply': 0, 'Beautification': 0, 'Installation': 0}",,,False,True,Others
66795,NIT-01/2024-25/G64,"Construction of P.C.C. Road & Drain from Kanako Hotel Main Road Umesh Ravidas to Vinay Manjhi  House  in Ward No-21 , Under Nagar Parishad Bodhgaya, District-Gaya.","Construction of P.C.C. Road & Drain from Kanako Hotel Main Road Umesh Ravidas to Vinay Manjhi  House  in Ward No-21 , Under Nagar Parishad Bodhgaya, District-Gaya.",1363200.0,INR,INR,2024-08-11 10:39:38+00:00,2024-08-03T07:10:40.196000+00:00,2024-12-31T10:17:12+00:00,"EXECUTIVE OFFICER, BODHGAYA",EO,NAGAR PANCHAYAT BODHGAYA,"BODHGAYA NAGAR PANCHAYAT, GAYA, BIHAR 824231","EXECUTIVE OFFICER, BODHGAYA",EO,NAGAR PANCHAYAT BODHGAYA,27500.0,2500.0,590.0,True,"{'Flood': 0, 'Embankment': 0, 'embkt': 0, 'Relief': 0, 'Erosion': 0, 'SDRF': 0, 'Inundation': 0, 'Hydrology': 0, 'Silt': 0, 'Siltation': 0, 'Bund': 0, 'Trench': 0, 'Breach': 0, 'Culvert': 0, 'Sluice': 0, 'Dyke': 0, 'Storm water drain': 0, 'Emergency': 0, 'Immediate': 0, 'IM': 0, 'AE': 0, 'A E': 0, 'AAPDA MITRA': 0, 'Bridge': 0, 'River': 0, 'Drain': 2, 'Restoration': 0, 'Protection': 0, 'irr': 0, 'irrigation': 0, 'dam': 0, 'Nallah': 0, 'nala': 0, 'Retrofitting': 0, 'Pond': 0, 'Pokhari': 0, 'D/C': 0, 'Recharge shaft': 0, 'LFB': 0, 'RFB': 0}","{'Floodlight': 0, 'Flood Light': 0, 'GAS': 0, 'FIFA': 0, 'pipe': 0, 'pipes': 0, 'covid': 0, 'supply': 0, 'Beautification': 0, 'Installation': 0}",,,False,True,Others
66810,NIT-01/2024-25/G84,"Construction of Culvert Near Culcert at Koriya Templein Ward no 26 , Under Nagar Parishad Bodhgaya, District-Gaya.","Construction of Culvert Near Culcert at Koriya Templein Ward no 26 , Under Nagar Parishad Bodhgaya, District-Gaya.",659500.0,INR,INR,2024-08-11 11:23:19+00:00,2024-08-03T08:04:59.169000+00:00,2025-01-03T11:01:37+00:00,"EXECUTIVE OFFICER, BODHGAYA",EO,NAGAR PANCHAYAT BODHGAYA,"BODHGAYA NAGAR PANCHAYAT, GAYA, BIHAR 824231","EXECUTIVE OFFICER, BODHGAYA",EO,NAGAR PANCHAYAT BODHGAYA,13500.0,1250.0,590.0,True,"{'Flood': 0, 'Embankment': 0, 'embkt': 0, 'Relief': 0, 'Erosion': 0, 'SDRF': 0, 'Inundation': 0, 'Hydrology': 0, 'Silt': 0, 'Siltation': 0, 'Bund': 0, 'Trench': 0, 'Breach': 0, 'Culvert': 2, 'Sluice': 0, 'Dyke': 0, 'Storm water drain': 0, 'Emergency': 0, 'Immediate': 0, 'IM': 0, 'AE': 0, 'A E': 0, 'AAPDA MITRA': 0, 'Bridge': 0, 'River': 0, 'Drain': 0, 'Restoration': 0, 'Protection': 0, 'irr': 0, 'irrigation': 0, 'dam': 0, 'Nallah': 0, 'nala': 0, 'Retrofitting': 0, 'Pond': 0, 'Pokhari': 0, 'D/C': 0, 'Recharge shaft': 0, 'LFB': 0, 'RFB': 0}","{'Floodlight': 0, 'Flood Light': 0, 'GAS': 0, 'FIFA': 0, 'pipe': 0, 'pipes': 0, 'covid': 0, 'supply': 0, 'Beautification': 0, 'Installation': 0}",,,False,True,Others
66800,NIT-01/2024-25/G69,"Construction of Culvert Near Abhay Singh on Amawan Pyne Ward no 23 , Under Nagar Parishad Bodhgaya, District-Gaya.","Construction of Culvert Near Abhay Singh on Amawan Pyne Ward no 23 , Under Nagar Parishad Bodhgaya, District-Gaya.",659500.0,INR,INR,2024-08-11 10:49:05+00:00,2024-08-03T07:26:50.622000+00:00,2025-01-16T11:25:31+00:00,"EXECUTIVE OFFICER, BODHGAYA",EO,NAGAR PANCHAYAT BODHGAYA,"BODHGAYA NAGAR PANCHAYAT, GAYA, BIHAR 824231","EXECUTIVE OFFICER, BODHGAYA",EO,NAGAR PANCHAYAT BODHGAYA,13200.0,1250.0,590.0,True,"{'Flood': 0, 'Embankment': 0, 'embkt': 0, 'Relief': 0, 'Erosion': 0, 'SDRF': 0, 'Inundation': 0, 'Hydrology': 0, 'Silt': 0, 'Siltation': 0, 'Bund': 0, 'Trench': 0, 'Breach': 0, 'Culvert': 2, 'Sluice': 0, 'Dyke': 0, 'Storm water drain': 0, 'Emergency': 0, 'Immediate': 0, 'IM': 0, 'AE': 0, 'A E': 0, 'AAPDA MITRA': 0, 'Bridge': 0, 'River': 0, 'Drain': 0, 'Restoration': 0, 'Protection': 0, 'irr': 0, 'irrigation': 0, 'dam': 0, 'Nallah': 0, 'nala': 0, 'Retrofitting': 0, 'Pond': 0, 'Pokhari': 0, 'D/C': 0, 'Recharge shaft': 0, 'LFB': 0, 'RFB': 0}","{'Floodlight': 0, 'Flood Light': 0, 'GAS': 0, 'FIFA': 0, 'pipe': 0, 'pipes': 0, 'covid': 0, 'supply': 0, 'Beautification': 0, 'Installation': 0}",,,False,True,Others
66804,NIT-01/2024-25/G80,"Construction of P.C.C. Road & Drain from Gulabchand Ravidas to Mocharim Pain via Viajay Ravidas Ward No-26 , Under Nagar Parishad Bodhgaya, District-Gaya.","Construction of P.C.C. Road & Drain from Gulabchand Ravidas to Mocharim Pain via Viajay Ravidas Ward No-26 , Under Nagar Parishad Bodhgaya, District-Gaya.",3332941.0,INR,INR,2024-08-11 11:15:38+00:00,2024-08-03T07:41:07.754000+00:00,2025-01-16T11:57:40+00:00,"EXECUTIVE OFFICER, BODHGAYA",EO,NAGAR PANCHAYAT BODHGAYA,"BODHGAYA NAGAR PANCHAYAT, GAYA, BIHAR 824231","EXECUTIVE OFFICER, BODHGAYA",EO,NAGAR PANCHAYAT BODHGAYA,66700.0,5000.0,590.0,True,"{'Flood': 0, 'Embankment': 0, 'embkt': 0, 'Relief': 0, 'Erosion': 0, 'SDRF': 0, 'Inundation': 0, 'Hydrology': 0, 'Silt': 0, 'Siltation': 0, 'Bund': 0, 'Trench': 0, 'Breach': 0, 'Culvert': 0, 'Sluice': 0, 'Dyke': 0, 'Storm water drain': 0, 'Emergency': 0, 'Immediate': 0, 'IM': 0, 'AE': 0, 'A E': 0, 'AAPDA MITRA': 0, 'Bridge': 0, 'River': 0, 'Drain': 2, 'Restoration': 0, 'Protection': 0, 'irr': 0, 'irrigation': 0, 'dam': 0, 'Nallah': 0, 'nala': 0, 'Retrofitting': 0, 'Pond': 0, 'Pokhari': 0, 'D/C': 0, 'Recharge shaft': 0, 'LFB': 0, 'RFB': 0}","{'Floodlight': 0, 'Flood Light': 0, 'GAS': 0, 'FIFA': 0, 'pipe': 0, 'pipes': 0, 'covid': 0, 'supply': 0, 'Beautification': 0, 'Installation': 0}",,,False,True,Immediate Measures
66815,NIT-01/2024-25/G89,"Construction of Drain from Baleshwar Pd House to Karu singh Via Mahendra Prasad, in Ward No-29 , Under Nagar Parishad Bodhgaya, District-Gaya.","Construction of Drain from Baleshwar Pd House to Karu singh Via Mahendra Prasad, in Ward No-29 , Under Nagar Parishad Bodhgaya, District-Gaya.",748200.0,INR,INR,2024-08-11 11:33:32+00:00,2024-08-03T08:21:58.037000+00:00,2024-12-28T11:38:37+00:00,"EXECUTIVE OFFICER, BODHGAYA",EO,NAGAR PANCHAYAT BODHGAYA,"BODHGAYA NAGAR PANCHAYAT, GAYA, BIHAR 824231","EXECUTIVE OFFICER, BODHGAYA",EO,NAGAR PANCHAYAT BODHGAYA,15000.0,1250.0,590.0,True,"{'Flood': 0, 'Embankment': 0, 'embkt': 0, 'Relief': 0, 'Erosion': 0, 'SDRF': 0, 'Inundation': 0, 'Hydrology': 0, 'Silt': 0, 'Siltation': 0, 'Bund': 0, 'Trench': 0, 'Breach': 0, 'Culvert': 0, 'Sluice': 0, 'Dyke': 0, 'Storm water drain': 0, 'Emergency': 0, 'Immediate': 0, 'IM': 0, 'AE': 0, 'A E': 0, 'AAPDA MITRA': 0, 'Bridge': 0, 'River': 0, 'Drain': 2, 'Restoration': 0, 'Protection': 0, 'irr': 0, 'irrigation': 0, 'dam': 0, 'Nallah': 0, 'nala': 0, 'Retrofitting': 0, 'Pond': 0, 'Pokhari': 0, 'D/C': 0, 'Recharge shaft': 0, 'LFB': 0, 'RFB': 0}","{'Floodlight': 0, 'Flood Light': 0, 'GAS': 0, 'FIFA': 0, 'pipe': 0, 'pipes': 0, 'covid': 0, 'supply': 0, 'Beautification': 0, 'Installation': 0}",,,False,True,Others
66829,NIT-01/2024-25/G100,"Construction of P.C.C. Road & Drain from Muslim Miyan to River via Kara chaudhari , Main Road  in Ward No-31 , Under Nagar Parishad Bodhgaya, District-Gaya.","Construction of P.C.C. Road & Drain from Muslim Miyan to River via Kara chaudhari , Main Road  in Ward No-31 , Under Nagar Parishad Bodhgaya, District-Gaya.",2223400.0,INR,INR,2024-08-11 11:53:39+00:00,2024-08-03T09:06:10.119000+00:00,2024-12-28T10:42:32+00:00,"EXECUTIVE OFFICER, BODHGAYA",EO,NAGAR PANCHAYAT BODHGAYA,"BODHGAYA NAGAR PANCHAYAT, GAYA, BIHAR 824231","EXECUTIVE OFFICER, BODHGAYA",EO,NAGAR PANCHAYAT BODHGAYA,45000.0,5000.0,590.0,True,"{'Flood': 0, 'Embankment': 0, 'embkt': 0, 'Relief': 0, 'Erosion': 0, 'SDRF': 0, 'Inundation': 0, 'Hydrology': 0, 'Silt': 0, 'Siltation': 0, 'Bund': 0, 'Trench': 0, 'Breach': 0, 'Culvert': 0, 'Sluice': 0, 'Dyke': 0, 'Storm water drain': 0, 'Emergency': 0, 'Immediate': 0, 'IM': 0, 'AE': 0, 'A E': 0, 'AAPDA MITRA': 0, 'Bridge': 0, 'River': 2, 'Drain': 2, 'Restoration': 0, 'Protection': 0, 'irr': 0, 'irrigation': 0, 'dam': 0, 'Nallah': 0, 'nala': 0, 'Retrofitting': 0, 'Pond': 0, 'Pokhari': 0, 'D/C': 0, 'Recharge shaft': 0, 'LFB': 0, 'RFB': 0}","{'Floodlight': 0, 'Flood Light': 0, 'GAS': 0, 'FIFA': 0, 'pipe': 0, 'pipes': 0, 'covid': 0, 'supply': 0, 'Beautification': 0, 'Installation': 0}",,,False,True,Immediate Measures
66817,NIT-01/2024-25/G90,"Construction of Drain from Gulab Pd House to Middle School, in Ward No-29 , Under Nagar Parishad Bodhgaya, District-Gaya.","Construction of Drain from Gulab Pd House to Middle School, in Ward No-29 , Under Nagar Parishad Bodhgaya, District-Gaya.",748200.0,INR,INR,2024-08-11 11:35:02+00:00,2024-08-03T08:27:57.646000+00:00,2025-02-07T07:35:17+00:00,"EXECUTIVE OFFICER, BODHGAYA",EO,NAGAR PANCHAYAT BODHGAYA,"BODHGAYA NAGAR PANCHAYAT, GAYA, BIHAR 824231","EXECUTIVE OFFICER, BODHGAYA",EO,NAGAR PANCHAYAT BODHGAYA,15000.0,1250.0,590.0,True,"{'Flood': 0, 'Embankment': 0, 'embkt': 0, 'Relief': 0, 'Erosion': 0, 'SDRF': 0, 'Inundation': 0, 'Hydrology': 0, 'Silt': 0, 'Siltation': 0, 'Bund': 0, 'Trench': 0, 'Breach': 0, 'Culvert': 0, 'Sluice': 0, 'Dyke': 0, 'Storm water drain': 0, 'Emergency': 0, 'Immediate': 0, 'IM': 0, 'AE': 0, 'A E': 0, 'AAPDA MITRA': 0, 'Bridge': 0, 'River': 0, 'Drain': 2, 'Restoration': 0, 'Protection': 0, 'irr': 0, 'irrigation': 0, 'dam': 0, 'Nallah': 0, 'nala': 0, 'Retrofitting': 0, 'Pond': 0, 'Pokhari': 0, 'D/C': 0, 'Recharge shaft': 0, 'LFB': 0, 'RFB': 0}","{'Floodlight': 0, 'Flood Light': 0, 'GAS': 0, 'FIFA': 0, 'pipe': 0, 'pipes': 0, 'covid': 0, 'supply': 0, 'Beautification': 0, 'Installation': 0}",,,False,True,Others
66881,NIT NO- 05/2023-24/RE-TENDER/GR- 20/NOKHA,Details Estimate for Construction of bridge Slamepur in Word No- 4,Details Estimate for Construction of bridge Slamepur in Word No- 4,1219900.0,INR,INR,2024-08-04 06:17:02+00:00,2024-08-04T06:12:32.721000+00:00,2025-01-16T10:32:34+00:00,AMIT KUMAR (NAGAR PARISHAD NOKHA),EXECUTIVE OFFICER,NAGAR PARISHAD NOKHA,NAGAR PARISHAD NOKHA,AMIT KUMAR (NAGAR PARISHAD NOKHA),EXECUTIVE OFFICER,NAGAR PARISHAD NOKHA,24400.0,2500.0,590.0,True,"{'Flood': 0, 'Embankment': 0, 'embkt': 0, 'Relief': 0, 'Erosion': 0, 'SDRF': 0, 'Inundation': 0, 'Hydrology': 0, 'Silt': 0, 'Siltation': 0, 'Bund': 0, 'Trench': 0, 'Breach': 0, 'Culvert': 0, 'Sluice': 0, 'Dyke': 0, 'Storm water drain': 0, 'Emergency': 0, 'Immediate': 0, 'IM': 0, 'AE': 0, 'A E': 0, 'AAPDA MITRA': 0, 'Bridge': 2, 'River': 0, 'Drain': 0, 'Restoration': 0, 'Protection': 0, 'irr': 0, 'irrigation': 0, 'dam': 0, 'Nallah': 0, 'nala': 0, 'Retrofitting': 0, 'Pond': 0, 'Pokhari': 0, 'D/C': 0, 'Recharge shaft': 0, 'LFB': 0, 'RFB': 0}","{'Floodlight': 0, 'Flood Light': 0, 'GAS': 0, 'FIFA': 0, 'pipe': 0, 'pipes': 0, 'covid': 0, 'supply': 0, 'Beautification': 0, 'Installation': 0}",,,False,True,Immediate Measures
66885,NIT NO- 05/2023-24/RE-TENDER/GR- 09/NOKHA,"Ward No - 18 me Baliram Prasad Gupta ke ghar se Mukesh Kumar ke ghar ke taraf RCC Nali ke slab ka nirman, PCC path nirman Protection wall ka nirman karya.","Ward No - 18 me Baliram Prasad Gupta ke ghar se Mukesh Kumar ke ghar ke taraf RCC Nali ke slab ka nirman, PCC path nirman Protection wall ka nirman karya.",1208392.0,INR,INR,2024-08-04 08:46:35+00:00,2024-08-04T08:35:59.578000+00:00,2025-01-16T09:16:13+00:00,AMIT KUMAR (NAGAR PARISHAD NOKHA),EXECUTIVE OFFICER,NAGAR PARISHAD NOKHA,NAGAR PARISHAD NOKHA,AMIT KUMAR (NAGAR PARISHAD NOKHA),EXECUTIVE OFFICER,NAGAR PARISHAD NOKHA,24200.0,2500.0,590.0,True,"{'Flood': 0, 'Embankment': 0, 'embkt': 0, 'Relief': 0, 'Erosion': 0, 'SDRF': 0, 'Inundation': 0, 'Hydrology': 0, 'Silt': 0, 'Siltation': 0, 'Bund': 0, 'Trench': 0, 'Breach': 0, 'Culvert': 0, 'Sluice': 0, 'Dyke': 0, 'Storm water drain': 0, 'Emergency': 0, 'Immediate': 0, 'IM': 0, 'AE': 0, 'A E': 0, 'AAPDA MITRA': 0, 'Bridge': 0, 'River': 0, 'Drain': 0, 'Restoration': 0, 'Protection': 2, 'irr': 0, 'irrigation': 0, 'dam': 0, 'Nallah': 0, 'nala': 0, 'Retrofitting': 0, 'Pond': 0, 'Pokhari': 0, 'D/C': 0, 'Recharge shaft': 0, 'LFB': 0, 'RFB': 0}","{'Floodlight': 0, 'Flood Light': 0, 'GAS': 0, 'FIFA': 0, 'pipe': 0, 'pipes': 0, 'covid': 0, 'supply': 0, 'Beautification': 0, 'Installation': 0}",,,False,False,Immediate Measures
66886,NIT NO- 04/2023-24/RE-TENDER/GR- 17/NOKHA,Ward No- 20 Samudayak Sauchalaya se Bol-Bam market tak Nala ke saath slab nirman work.,Ward No- 20 Samudayak Sauchalaya se Bol-Bam market tak Nala ke saath slab nirman work.,1822960.0,INR,INR,2024-08-04 08:54:09+00:00,2024-08-04T08:48:01.904000+00:00,2025-07-30T05:59:19+00:00,AMIT KUMAR (NAGAR PARISHAD NOKHA),EXECUTIVE OFFICER,NAGAR PARISHAD NOKHA,NAGAR PARISHAD NOKHA,AMIT KUMAR (NAGAR PARISHAD NOKHA),EXECUTIVE OFFICER,NAGAR PARISHAD NOKHA,36500.0,5000.0,590.0,True,"{'Flood': 0, 'Embankment': 0, 'embkt': 0, 'Relief': 0, 'Erosion': 0, 'SDRF': 0, 'Inundation': 0, 'Hydrology': 0, 'Silt': 0, 'Siltation': 0, 'Bund': 0, 'Trench': 0, 'Breach': 0, 'Culvert': 0, 'Sluice': 0, 'Dyke': 0, 'Storm water drain': 0, 'Emergency': 0, 'Immediate': 0, 'IM': 0, 'AE': 0, 'A E': 0, 'AAPDA MITRA': 0, 'Bridge': 0, 'River': 0, 'Drain': 0, 'Restoration': 0, 'Protection': 0, 'irr': 0, 'irrigation': 0, 'dam': 0, 'Nallah': 0, 'nala': 2, 'Retrofitting': 0, 'Pond': 0, 'Pokhari': 0, 'D/C': 0, 'Recharge shaft': 0, 'LFB': 0, 'RFB': 0}","{'Floodlight': 0, 'Flood Light': 0, 'GAS': 0, 'FIFA': 0, 'pipe': 0, 'pipes': 0, 'covid': 0, 'supply': 0, 'Beautification': 0, 'Installation': 0}",,,False,False,Immediate Measures
66888,NIT NO- 04/2023-24/RE-TENDER/GR- 12/NOKHA,Ward No- 12 me Dinesh Bhagat ke ghar se Islam Master ke ghar Leyakat Ansari ke ghar se Hasami Ansari ke ghar tak awam Marhum Nisha ke ghar se Mukhtar Chaudhari ke ghar se Lalbabu Rain ke ghar tak Nala ke sath slab nirman work.,Ward No- 12 me Dinesh Bhagat ke ghar se Islam Master ke ghar Leyakat Ansari ke ghar se Hasami Ansari ke ghar tak awam Marhum Nisha ke ghar se Mukhtar Chaudhari ke ghar se Lalbabu Rain ke ghar tak Nala ke sath slab nirman work.,2370842.0,INR,INR,2024-08-04 09:08:10+00:00,2024-08-04T09:01:52.565000+00:00,2025-07-30T06:10:01+00:00,AMIT KUMAR (NAGAR PARISHAD NOKHA),EXECUTIVE OFFICER,NAGAR PARISHAD NOKHA,NAGAR PARISHAD NOKHA,AMIT KUMAR (NAGAR PARISHAD NOKHA),EXECUTIVE OFFICER,NAGAR PARISHAD NOKHA,47500.0,5000.0,590.0,True,"{'Flood': 0, 'Embankment': 0, 'embkt': 0, 'Relief': 0, 'Erosion': 0, 'SDRF': 0, 'Inundation': 0, 'Hydrology': 0, 'Silt': 0, 'Siltation': 0, 'Bund': 0, 'Trench': 0, 'Breach': 0, 'Culvert': 0, 'Sluice': 0, 'Dyke': 0, 'Storm water drain': 0, 'Emergency': 0, 'Immediate': 0, 'IM': 0, 'AE': 0, 'A E': 0, 'AAPDA MITRA': 0, 'Bridge': 0, 'River': 0, 'Drain': 0, 'Restoration': 0, 'Protection': 0, 'irr': 0, 'irrigation': 0, 'dam': 0, 'Nallah': 0, 'nala': 2, 'Retrofitting': 0, 'Pond': 0, 'Pokhari': 0, 'D/C': 0, 'Recharge shaft': 0, 'LFB': 0, 'RFB': 0}","{'Floodlight': 0, 'Flood Light': 0, 'GAS': 0, 'FIFA': 0, 'pipe': 0, 'pipes': 0, 'covid': 0, 'supply': 0, 'Beautification': 0, 'Installation': 0}",,,False,False,Immediate Measures
66906,NIT-01/2024-25/G108,"Construction of P.C.C. Road & Drain from Rajendra Prajapat House to Mohan Chaudhari House via Ramavtar Mahto, Sudhan Chandrvansi in Ward No-33 , Under Nagar Parishad Bodhgaya, District-Gaya.","Construction of P.C.C. Road & Drain from Rajendra Prajapat House to Mohan Chaudhari House via Ramavtar Mahto, Sudhan Chandrvansi in Ward No-33 , Under Nagar Parishad Bodhgaya, District-Gaya.",1434300.0,INR,INR,2024-08-11 12:08:40+00:00,2024-08-05T05:53:37.148000+00:00,2024-12-28T10:53:18+00:00,"EXECUTIVE OFFICER, BODHGAYA",EO,NAGAR PANCHAYAT BODHGAYA,"BODHGAYA NAGAR PANCHAYAT, GAYA, BIHAR 824231","EXECUTIVE OFFICER, BODHGAYA",EO,NAGAR PANCHAYAT BODHGAYA,29000.0,2500.0,590.0,True,"{'Flood': 0, 'Embankment': 0, 'embkt': 0, 'Relief': 0, 'Erosion': 0, 'SDRF': 0, 'Inundation': 0, 'Hydrology': 0, 'Silt': 0, 'Siltation': 0, 'Bund': 0, 'Trench': 0, 'Breach': 0, 'Culvert': 0, 'Sluice': 0, 'Dyke': 0, 'Storm water drain': 0, 'Emergency': 0, 'Immediate': 0, 'IM': 0, 'AE': 0, 'A E': 0, 'AAPDA MITRA': 0, 'Bridge': 0, 'River': 0, 'Drain': 2, 'Restoration': 0, 'Protection': 0, 'irr': 0, 'irrigation': 0, 'dam': 0, 'Nallah': 0, 'nala': 0, 'Retrofitting': 0, 'Pond': 0, 'Pokhari': 0, 'D/C': 0, 'Recharge shaft': 0, 'LFB': 0, 'RFB': 0}","{'Floodlight': 0, 'Flood Light': 0, 'GAS': 0, 'FIFA': 0, 'pipe': 0, 'pipes': 0, 'covid': 0, 'supply': 0, 'Beautification': 0, 'Installation': 0}",,,False,True,Others
66908,NIT-01/2024-25/G110,"Construction of R.C.C. Drain From Sintu Singh House to Vinod Singh House Ward -33 , Under Nagar Parishad Bodhgaya, District-Gaya.","Construction of R.C.C. Drain From Sintu Singh House to Vinod Singh House Ward -33 , Under Nagar Parishad Bodhgaya, District-Gaya.",700000.0,INR,INR,2024-08-11 12:11:33+00:00,2024-08-05T06:06:17.883000+00:00,2024-12-28T11:07:26+00:00,"EXECUTIVE OFFICER, BODHGAYA",EO,NAGAR PANCHAYAT BODHGAYA,"BODHGAYA NAGAR PANCHAYAT, GAYA, BIHAR 824231","EXECUTIVE OFFICER, BODHGAYA",EO,NAGAR PANCHAYAT BODHGAYA,14000.0,1250.0,590.0,True,"{'Flood': 0, 'Embankment': 0, 'embkt': 0, 'Relief': 0, 'Erosion': 0, 'SDRF': 0, 'Inundation': 0, 'Hydrology': 0, 'Silt': 0, 'Siltation': 0, 'Bund': 0, 'Trench': 0, 'Breach': 0, 'Culvert': 0, 'Sluice': 0, 'Dyke': 0, 'Storm water drain': 0, 'Emergency': 0, 'Immediate': 0, 'IM': 0, 'AE': 0, 'A E': 0, 'AAPDA MITRA': 0, 'Bridge': 0, 'River': 0, 'Drain': 2, 'Restoration': 0, 'Protection': 0, 'irr': 0, 'irrigation': 0, 'dam': 0, 'Nallah': 0, 'nala': 0, 'Retrofitting': 0, 'Pond': 0, 'Pokhari': 0, 'D/C': 0, 'Recharge shaft': 0, 'LFB': 0, 'RFB': 0}","{'Floodlight': 0, 'Flood Light': 0, 'GAS': 0, 'FIFA': 0, 'pipe': 0, 'pipes': 0, 'covid': 0, 'supply': 0, 'Beautification': 0, 'Installation': 0}",,,False,True,Others
66905,NIT-01/2024-25/G107,"Construction of P.C.C. Road & Drain from Vasudev Yadav House to Guddu Yadav House via Lakhpati Yadav, Bhushan Yadav in Ward No-33 , Under Nagar Parishad Bodhgaya, District-Gaya.","Construction of P.C.C. Road & Drain from Vasudev Yadav House to Guddu Yadav House via Lakhpati Yadav, Bhushan Yadav in Ward No-33 , Under Nagar Parishad Bodhgaya, District-Gaya.",2490800.0,INR,INR,2024-08-11 12:07:18+00:00,2024-08-05T05:48:18.940000+00:00,2024-12-28T10:47:42+00:00,"EXECUTIVE OFFICER, BODHGAYA",EO,NAGAR PANCHAYAT BODHGAYA,"BODHGAYA NAGAR PANCHAYAT, GAYA, BIHAR 824231","EXECUTIVE OFFICER, BODHGAYA",EO,NAGAR PANCHAYAT BODHGAYA,50000.0,5000.0,590.0,True,"{'Flood': 0, 'Embankment': 0, 'embkt': 0, 'Relief': 0, 'Erosion': 0, 'SDRF': 0, 'Inundation': 0, 'Hydrology': 0, 'Silt': 0, 'Siltation': 0, 'Bund': 0, 'Trench': 0, 'Breach': 0, 'Culvert': 0, 'Sluice': 0, 'Dyke': 0, 'Storm water drain': 0, 'Emergency': 0, 'Immediate': 0, 'IM': 0, 'AE': 0, 'A E': 0, 'AAPDA MITRA': 0, 'Bridge': 0, 'River': 0, 'Drain': 2, 'Restoration': 0, 'Protection': 0, 'irr': 0, 'irrigation': 0, 'dam': 0, 'Nallah': 0, 'nala': 0, 'Retrofitting': 0, 'Pond': 0, 'Pokhari': 0, 'D/C': 0, 'Recharge shaft': 0, 'LFB': 0, 'RFB': 0}","{'Floodlight': 0, 'Flood Light': 0, 'GAS': 0, 'FIFA': 0, 'pipe': 0, 'pipes': 0, 'covid': 0, 'supply': 0, 'Beautification': 0, 'Installation': 0}",,,False,True,Others
66911,NIT-01/2024-25/G117,"Construction of Drain from  Hotel Royl Buddha to Aahra in Ward No-08 , Under Nagar Parishad Bodhgaya, District-Gaya.","Construction of Drain from  Hotel Royl Buddha to Aahra in Ward No-08 , Under Nagar Parishad Bodhgaya, District-Gaya.",1436100.0,INR,INR,2024-08-11 12:23:32+00:00,2024-08-05T06:30:42.883000+00:00,2025-06-24T08:31:24+00:00,"EXECUTIVE OFFICER, BODHGAYA",EO,NAGAR PANCHAYAT BODHGAYA,"BODHGAYA NAGAR PANCHAYAT, GAYA, BIHAR 824231","EXECUTIVE OFFICER, BODHGAYA",EO,NAGAR PANCHAYAT BODHGAYA,29000.0,2500.0,590.0,True,"{'Flood': 0, 'Embankment': 0, 'embkt': 0, 'Relief': 0, 'Erosion': 0, 'SDRF': 0, 'Inundation': 0, 'Hydrology': 0, 'Silt': 0, 'Siltation': 0, 'Bund': 0, 'Trench': 0, 'Breach': 0, 'Culvert': 0, 'Sluice': 0, 'Dyke': 0, 'Storm water drain': 0, 'Emergency': 0, 'Immediate': 0, 'IM': 0, 'AE': 0, 'A E': 0, 'AAPDA MITRA': 0, 'Bridge': 0, 'River': 0, 'Drain': 2, 'Restoration': 0, 'Protection': 0, 'irr': 0, 'irrigation': 0, 'dam': 0, 'Nallah': 0, 'nala': 0, 'Retrofitting': 0, 'Pond': 0, 'Pokhari': 0, 'D/C': 0, 'Recharge shaft': 0, 'LFB': 0, 'RFB': 0}","{'Floodlight': 0, 'Flood Light': 0, 'GAS': 0, 'FIFA': 0, 'pipe': 0, 'pipes': 0, 'covid': 0, 'supply': 0, 'Beautification': 0, 'Installation': 0}",,,False,True,Others
66923,NIT-01/2024-25/G76,"Construction of Drain and Road in Various Road in Ward No-25 , Under Nagar Parishad Bodhgaya, District-Gaya.","Construction of Drain and Road in Various Road in Ward No-25 , Under Nagar Parishad Bodhgaya, District-Gaya.",3000000.0,INR,INR,2024-08-11 10:56:50+00:00,2024-08-05T07:45:59.433000+00:00,2025-01-17T10:38:55+00:00,"EXECUTIVE OFFICER, BODHGAYA",EO,NAGAR PANCHAYAT BODHGAYA,"BODHGAYA NAGAR PANCHAYAT, GAYA, BIHAR 824231","EXECUTIVE OFFICER, BODHGAYA",EO,NAGAR PANCHAYAT BODHGAYA,60000.0,5000.0,590.0,True,"{'Flood': 0, 'Embankment': 0, 'embkt': 0, 'Relief': 0, 'Erosion': 0, 'SDRF': 0, 'Inundation': 0, 'Hydrology': 0, 'Silt': 0, 'Siltation': 0, 'Bund': 0, 'Trench': 0, 'Breach': 0, 'Culvert': 0, 'Sluice': 0, 'Dyke': 0, 'Storm water drain': 0, 'Emergency': 0, 'Immediate': 0, 'IM': 0, 'AE': 0, 'A E': 0, 'AAPDA MITRA': 0, 'Bridge': 0, 'River': 0, 'Drain': 2, 'Restoration': 0, 'Protection': 0, 'irr': 0, 'irrigation': 0, 'dam': 0, 'Nallah': 0, 'nala': 0, 'Retrofitting': 0, 'Pond': 0, 'Pokhari': 0, 'D/C': 0, 'Recharge shaft': 0, 'LFB': 0, 'RFB': 0}","{'Floodlight': 0, 'Flood Light': 0, 'GAS': 0, 'FIFA': 0, 'pipe': 0, 'pipes': 0, 'covid': 0, 'supply': 0, 'Beautification': 0, 'Installation': 0}",,,False,True,Others
66901,RE NIT01/SBD/2024-25/BHAGALPUR,"Construction of Sidhi Ghat and Channel in old Dhar right bank of Ganga River at Ajgaibinath Temple in Sultanganj District- Bhagalpur.
(Agenda No. 216/04/2024)","Construction of Sidhi Ghat and Channel in old Dhar right bank of Ganga River at Ajgaibinath Temple in Sultanganj District- Bhagalpur.
(Agenda No. 216/04/2024)",1464889406.0,INR,INR,2024-08-05 12:51:45+00:00,2024-08-05T05:29:49.948000+00:00,2024-08-27T05:59:54+00:00,ADITYA PRAKASH,Executive Engineer,WATER RESOURCES DEPARTMENT,"FLOOD CONTROL DIVISION, BHAGALPUR",Er SANJEEVA SHAILESH,SE FLOOD CONTROL CIRCLE BHAGALPUR,WRD,15649000.0,10000.0,5900.0,True,"{'Flood': 0, 'Embankment': 0, 'embkt': 0, 'Relief': 0, 'Erosion': 0, 'SDRF': 0, 'Inundation': 0, 'Hydrology': 0, 'Silt': 0, 'Siltation': 0, 'Bund': 0, 'Trench': 0, 'Breach': 0, 'Culvert': 0, 'Sluice': 0, 'Dyke': 0, 'Storm water drain': 0, 'Emergency': 0, 'Immediate': 0, 'IM': 0, 'AE': 0, 'A E': 0, 'AAPDA MITRA': 0, 'Bridge': 0, 'River': 2, 'Drain': 0, 'Restoration': 0, 'Protection': 0, 'irr': 0, 'irrigation': 0, 'dam': 0, 'Nallah': 0, 'nala': 0, 'Retrofitting': 0, 'Pond': 0, 'Pokhari': 0, 'D/C': 0, 'Recharge shaft': 0, 'LFB': 0, 'RFB': 0}","{'Floodlight': 0, 'Flood Light': 0, 'GAS': 0, 'FIFA': 0, 'pipe': 0, 'pipes': 0, 'covid': 0, 'supply': 0, 'Beautification': 0, 'Installation': 0}",,,False,False,Others
66910,NIT-01/2024-25/G111,"Construction of R.C.C. Drain From Nawal kishor Prasad House to Main Road & Uday singh Ward -33 , Under Nagar Parishad Bodhgaya, District-Gaya.","Construction of R.C.C. Drain From Nawal kishor Prasad House to Main Road & Uday singh Ward -33 , Under Nagar Parishad Bodhgaya, District-Gaya.",2094761.0,INR,INR,2024-08-11 12:13:38+00:00,2024-08-05T06:15:57.792000+00:00,2024-12-28T11:12:53+00:00,"EXECUTIVE OFFICER, BODHGAYA",EO,NAGAR PANCHAYAT BODHGAYA,"BODHGAYA NAGAR PANCHAYAT, GAYA, BIHAR 824231","EXECUTIVE OFFICER, BODHGAYA",EO,NAGAR PANCHAYAT BODHGAYA,42000.0,5000.0,590.0,True,"{'Flood': 0, 'Embankment': 0, 'embkt': 0, 'Relief': 0, 'Erosion': 0, 'SDRF': 0, 'Inundation': 0, 'Hydrology': 0, 'Silt': 0, 'Siltation': 0, 'Bund': 0, 'Trench': 0, 'Breach': 0, 'Culvert': 0, 'Sluice': 0, 'Dyke': 0, 'Storm water drain': 0, 'Emergency': 0, 'Immediate': 0, 'IM': 0, 'AE': 0, 'A E': 0, 'AAPDA MITRA': 0, 'Bridge': 0, 'River': 0, 'Drain': 2, 'Restoration': 0, 'Protection': 0, 'irr': 0, 'irrigation': 0, 'dam': 0, 'Nallah': 0, 'nala': 0, 'Retrofitting': 0, 'Pond': 0, 'Pokhari': 0, 'D/C': 0, 'Recharge shaft': 0, 'LFB': 0, 'RFB': 0}","{'Floodlight': 0, 'Flood Light': 0, 'GAS': 0, 'FIFA': 0, 'pipe': 0, 'pipes': 0, 'covid': 0, 'supply': 0, 'Beautification': 0, 'Installation': 0}",,,False,True,Others
66926,NIT-01/2024-25/G83,"Construction of Drain from Chilohi Manjhi House to Urail Main Nala Tika Bigha  in Ward No-26 , Under Nagar Parishad Bodhgaya, District-Gaya.","Construction of Drain from Chilohi Manjhi House to Urail Main Nala Tika Bigha  in Ward No-26 , Under Nagar Parishad Bodhgaya, District-Gaya.",470500.0,INR,INR,2024-08-11 11:21:44+00:00,2024-08-05T07:59:28.548000+00:00,2024-12-19T10:59:55+00:00,"EXECUTIVE OFFICER, BODHGAYA",EO,NAGAR PANCHAYAT BODHGAYA,"BODHGAYA NAGAR PANCHAYAT, GAYA, BIHAR 824231","EXECUTIVE OFFICER, BODHGAYA",EO,NAGAR PANCHAYAT BODHGAYA,9500.0,750.0,590.0,True,"{'Flood': 0, 'Embankment': 0, 'embkt': 0, 'Relief': 0, 'Erosion': 0, 'SDRF': 0, 'Inundation': 0, 'Hydrology': 0, 'Silt': 0, 'Siltation': 0, 'Bund': 0, 'Trench': 0, 'Breach': 0, 'Culvert': 0, 'Sluice': 0, 'Dyke': 0, 'Storm water drain': 0, 'Emergency': 0, 'Immediate': 0, 'IM': 0, 'AE': 0, 'A E': 0, 'AAPDA MITRA': 0, 'Bridge': 0, 'River': 0, 'Drain': 2, 'Restoration': 0, 'Protection': 0, 'irr': 0, 'irrigation': 0, 'dam': 0, 'Nallah': 0, 'nala': 2, 'Retrofitting': 0, 'Pond': 0, 'Pokhari': 0, 'D/C': 0, 'Recharge shaft': 0, 'LFB': 0, 'RFB': 0}","{'Floodlight': 0, 'Flood Light': 0, 'GAS': 0, 'FIFA': 0, 'pipe': 0, 'pipes': 0, 'covid': 0, 'supply': 0, 'Beautification': 0, 'Installation': 0}",,,False,True,Others
66907,NIT-01/2024-25/G109,"Construction of P.C.C. Road & Drain from Dr. Raja Babu House to Ramji Prasad House via Mahendra Prasad  in Ward No-33 , Under Nagar Parishad Bodhgaya, District-Gaya.","Construction of P.C.C. Road & Drain from Dr. Raja Babu House to Ramji Prasad House via Mahendra Prasad  in Ward No-33 , Under Nagar Parishad Bodhgaya, District-Gaya.",1297400.0,INR,INR,2024-08-11 12:10:02+00:00,2024-08-05T06:01:24.429000+00:00,2024-12-28T11:00:08+00:00,"EXECUTIVE OFFICER, BODHGAYA",EO,NAGAR PANCHAYAT BODHGAYA,"BODHGAYA NAGAR PANCHAYAT, GAYA, BIHAR 824231","EXECUTIVE OFFICER, BODHGAYA",EO,NAGAR PANCHAYAT BODHGAYA,26000.0,1250.0,590.0,True,"{'Flood': 0, 'Embankment': 0, 'embkt': 0, 'Relief': 0, 'Erosion': 0, 'SDRF': 0, 'Inundation': 0, 'Hydrology': 0, 'Silt': 0, 'Siltation': 0, 'Bund': 0, 'Trench': 0, 'Breach': 0, 'Culvert': 0, 'Sluice': 0, 'Dyke': 0, 'Storm water drain': 0, 'Emergency': 0, 'Immediate': 0, 'IM': 0, 'AE': 0, 'A E': 0, 'AAPDA MITRA': 0, 'Bridge': 0, 'River': 0, 'Drain': 2, 'Restoration': 0, 'Protection': 0, 'irr': 0, 'irrigation': 0, 'dam': 0, 'Nallah': 0, 'nala': 0, 'Retrofitting': 0, 'Pond': 0, 'Pokhari': 0, 'D/C': 0, 'Recharge shaft': 0, 'LFB': 0, 'RFB': 0}","{'Floodlight': 0, 'Flood Light': 0, 'GAS': 0, 'FIFA': 0, 'pipe': 0, 'pipes': 0, 'covid': 0, 'supply': 0, 'Beautification': 0, 'Installation': 0}",,,False,True,Others
66931,NIT-01/2024-25/G86,"Construction of Drain from Mukesh Kumar House to Bhola Prasad via Shashi Vishwakarma in Ward No-27 , Under Nagar Parishad Bodhgaya, District-Gaya.","Construction of Drain from Mukesh Kumar House to Bhola Prasad via Shashi Vishwakarma in Ward No-27 , Under Nagar Parishad Bodhgaya, District-Gaya.",977600.0,INR,INR,2024-08-11 11:27:02+00:00,2024-08-05T08:11:19.768000+00:00,2024-12-31T10:27:41+00:00,"EXECUTIVE OFFICER, BODHGAYA",EO,NAGAR PANCHAYAT BODHGAYA,"BODHGAYA NAGAR PANCHAYAT, GAYA, BIHAR 824231","EXECUTIVE OFFICER, BODHGAYA",EO,NAGAR PANCHAYAT BODHGAYA,20000.0,1250.0,590.0,True,"{'Flood': 0, 'Embankment': 0, 'embkt': 0, 'Relief': 0, 'Erosion': 0, 'SDRF': 0, 'Inundation': 0, 'Hydrology': 0, 'Silt': 0, 'Siltation': 0, 'Bund': 0, 'Trench': 0, 'Breach': 0, 'Culvert': 0, 'Sluice': 0, 'Dyke': 0, 'Storm water drain': 0, 'Emergency': 0, 'Immediate': 0, 'IM': 0, 'AE': 0, 'A E': 0, 'AAPDA MITRA': 0, 'Bridge': 0, 'River': 0, 'Drain': 2, 'Restoration': 0, 'Protection': 0, 'irr': 0, 'irrigation': 0, 'dam': 0, 'Nallah': 0, 'nala': 0, 'Retrofitting': 0, 'Pond': 0, 'Pokhari': 0, 'D/C': 0, 'Recharge shaft': 0, 'LFB': 0, 'RFB': 0}","{'Floodlight': 0, 'Flood Light': 0, 'GAS': 0, 'FIFA': 0, 'pipe': 0, 'pipes': 0, 'covid': 0, 'supply': 0, 'Beautification': 0, 'Installation': 0}",,,False,True,Others
66943,NIT-01/2024-25/G95,"Construction of Drain from Raghuvir Singh House to Math via Vilas Singh , Vijay Singh in Ward No-30 , Under Nagar Parishad Bodhgaya, District-Gaya.","Construction of Drain from Raghuvir Singh House to Math via Vilas Singh , Vijay Singh in Ward No-30 , Under Nagar Parishad Bodhgaya, District-Gaya.",852400.0,INR,INR,2024-08-11 11:45:12+00:00,2024-08-05T09:09:52.642000+00:00,2025-02-08T10:25:09+00:00,"EXECUTIVE OFFICER, BODHGAYA",EO,NAGAR PANCHAYAT BODHGAYA,"BODHGAYA NAGAR PANCHAYAT, GAYA, BIHAR 824231","EXECUTIVE OFFICER, BODHGAYA",EO,NAGAR PANCHAYAT BODHGAYA,17500.0,1250.0,590.0,True,"{'Flood': 0, 'Embankment': 0, 'embkt': 0, 'Relief': 0, 'Erosion': 0, 'SDRF': 0, 'Inundation': 0, 'Hydrology': 0, 'Silt': 0, 'Siltation': 0, 'Bund': 0, 'Trench': 0, 'Breach': 0, 'Culvert': 0, 'Sluice': 0, 'Dyke': 0, 'Storm water drain': 0, 'Emergency': 0, 'Immediate': 0, 'IM': 0, 'AE': 0, 'A E': 0, 'AAPDA MITRA': 0, 'Bridge': 0, 'River': 0, 'Drain': 2, 'Restoration': 0, 'Protection': 0, 'irr': 0, 'irrigation': 0, 'dam': 0, 'Nallah': 0, 'nala': 0, 'Retrofitting': 0, 'Pond': 0, 'Pokhari': 0, 'D/C': 0, 'Recharge shaft': 0, 'LFB': 0, 'RFB': 0}","{'Floodlight': 0, 'Flood Light': 0, 'GAS': 0, 'FIFA': 0, 'pipe': 0, 'pipes': 0, 'covid': 0, 'supply': 0, 'Beautification': 0, 'Installation': 0}",,,False,True,Others
66939,NIT-01/2024-25/G93,"Construction of Drain from Sakya Gumba to Krishna Manjhi House in Ward No-30 , Under Nagar Parishad Bodhgaya, District-Gaya","Construction of Drain from Sakya Gumba to Krishna Manjhi House in Ward No-30 , Under Nagar Parishad Bodhgaya, District-Gaya",1175000.0,INR,INR,2024-08-11 11:40:24+00:00,2024-08-05T08:57:14.159000+00:00,2025-01-03T10:32:08+00:00,"EXECUTIVE OFFICER, BODHGAYA",EO,NAGAR PANCHAYAT BODHGAYA,"BODHGAYA NAGAR PANCHAYAT, GAYA, BIHAR 824231","EXECUTIVE OFFICER, BODHGAYA",EO,NAGAR PANCHAYAT BODHGAYA,24000.0,2500.0,590.0,True,"{'Flood': 0, 'Embankment': 0, 'embkt': 0, 'Relief': 0, 'Erosion': 0, 'SDRF': 0, 'Inundation': 0, 'Hydrology': 0, 'Silt': 0, 'Siltation': 0, 'Bund': 0, 'Trench': 0, 'Breach': 0, 'Culvert': 0, 'Sluice': 0, 'Dyke': 0, 'Storm water drain': 0, 'Emergency': 0, 'Immediate': 0, 'IM': 0, 'AE': 0, 'A E': 0, 'AAPDA MITRA': 0, 'Bridge': 0, 'River': 0, 'Drain': 2, 'Restoration': 0, 'Protection': 0, 'irr': 0, 'irrigation': 0, 'dam': 0, 'Nallah': 0, 'nala': 0, 'Retrofitting': 0, 'Pond': 0, 'Pokhari': 0, 'D/C': 0, 'Recharge shaft': 0, 'LFB': 0, 'RFB': 0}","{'Floodlight': 0, 'Flood Light': 0, 'GAS': 0, 'FIFA': 0, 'pipe': 0, 'pipes': 0, 'covid': 0, 'supply': 0, 'Beautification': 0, 'Installation': 0}",,,False,True,Others
66946,NIT-01/2024-25/G96,"Construction of P.C.C. Road and Drain from Neem Tree to Main Road via Tulsi Das in Ward No-30 , Under Nagar Parishad Bodhgaya, District-Gaya.","Construction of P.C.C. Road and Drain from Neem Tree to Main Road via Tulsi Das in Ward No-30 , Under Nagar Parishad Bodhgaya, District-Gaya.",2372600.0,INR,INR,2024-08-11 11:46:38+00:00,2024-08-05T09:16:04.933000+00:00,2025-01-03T10:23:16+00:00,"EXECUTIVE OFFICER, BODHGAYA",EO,NAGAR PANCHAYAT BODHGAYA,"BODHGAYA NAGAR PANCHAYAT, GAYA, BIHAR 824231","EXECUTIVE OFFICER, BODHGAYA",EO,NAGAR PANCHAYAT BODHGAYA,48000.0,5000.0,590.0,True,"{'Flood': 0, 'Embankment': 0, 'embkt': 0, 'Relief': 0, 'Erosion': 0, 'SDRF': 0, 'Inundation': 0, 'Hydrology': 0, 'Silt': 0, 'Siltation': 0, 'Bund': 0, 'Trench': 0, 'Breach': 0, 'Culvert': 0, 'Sluice': 0, 'Dyke': 0, 'Storm water drain': 0, 'Emergency': 0, 'Immediate': 0, 'IM': 0, 'AE': 0, 'A E': 0, 'AAPDA MITRA': 0, 'Bridge': 0, 'River': 0, 'Drain': 2, 'Restoration': 0, 'Protection': 0, 'irr': 0, 'irrigation': 0, 'dam': 0, 'Nallah': 0, 'nala': 0, 'Retrofitting': 0, 'Pond': 0, 'Pokhari': 0, 'D/C': 0, 'Recharge shaft': 0, 'LFB': 0, 'RFB': 0}","{'Floodlight': 0, 'Flood Light': 0, 'GAS': 0, 'FIFA': 0, 'pipe': 0, 'pipes': 0, 'covid': 0, 'supply': 0, 'Beautification': 0, 'Installation': 0}",,,False,True,Others
66950,NIT-01/2024-25/G104,"Construction of drain from Shivbalak Prasad House to Pain  in Ward No-32 , Under Nagar Parishad Bodhgaya, District-Gaya.","Construction of drain from Shivbalak Prasad House to Pain  in Ward No-32 , Under Nagar Parishad Bodhgaya, District-Gaya.",800000.0,INR,INR,2024-08-11 12:00:21+00:00,2024-08-05T09:26:46.300000+00:00,2024-12-31T10:05:59+00:00,"EXECUTIVE OFFICER, BODHGAYA",EO,NAGAR PANCHAYAT BODHGAYA,"BODHGAYA NAGAR PANCHAYAT, GAYA, BIHAR 824231","EXECUTIVE OFFICER, BODHGAYA",EO,NAGAR PANCHAYAT BODHGAYA,16000.0,1250.0,590.0,True,"{'Flood': 0, 'Embankment': 0, 'embkt': 0, 'Relief': 0, 'Erosion': 0, 'SDRF': 0, 'Inundation': 0, 'Hydrology': 0, 'Silt': 0, 'Siltation': 0, 'Bund': 0, 'Trench': 0, 'Breach': 0, 'Culvert': 0, 'Sluice': 0, 'Dyke': 0, 'Storm water drain': 0, 'Emergency': 0, 'Immediate': 0, 'IM': 0, 'AE': 0, 'A E': 0, 'AAPDA MITRA': 0, 'Bridge': 0, 'River': 0, 'Drain': 2, 'Restoration': 0, 'Protection': 0, 'irr': 0, 'irrigation': 0, 'dam': 0, 'Nallah': 0, 'nala': 0, 'Retrofitting': 0, 'Pond': 0, 'Pokhari': 0, 'D/C': 0, 'Recharge shaft': 0, 'LFB': 0, 'RFB': 0}","{'Floodlight': 0, 'Flood Light': 0, 'GAS': 0, 'FIFA': 0, 'pipe': 0, 'pipes': 0, 'covid': 0, 'supply': 0, 'Beautification': 0, 'Installation': 0}",,,False,True,Others
67008,MGD/Siwan/Saryu (Ghaghra)/ UNIT -04,"E-auction for Settlement of Sand ghats of Siwan Saryu (Ghaghra) River Koshila Trikalpur,Balpur and Siswan 1 Ghat Unit-04","E-auction for Settlement of Sand ghats of Siwan Saryu (Ghaghra) River Koshila Trikalpur,Balpur and Siswan 1 Ghat Unit-04",4905000.0,INR,INR,2024-08-07 11:37:53+00:00,2024-08-05T19:24:48.341000+00:00,2024-08-15T11:31:00+00:00,BALVANT KUMAR,MDO,"District Mining Office, Gopalganj","District Mining Office, Gopalganj, Near Central Library Gopalganj","Sri Mukul Kumar Gupta, I.A.S","District Magistrate cum Collector, Siwan","District Mining Office, Siwan",1226250.0,5000.0,590.0,True,"{'Flood': 0, 'Embankment': 0, 'embkt': 0, 'Relief': 0, 'Erosion': 0, 'SDRF': 0, 'Inundation': 0, 'Hydrology': 0, 'Silt': 0, 'Siltation': 0, 'Bund': 0, 'Trench': 0, 'Breach': 0, 'Culvert': 0, 'Sluice': 0, 'Dyke': 0, 'Storm water drain': 0, 'Emergency': 0, 'Immediate': 0, 'IM': 0, 'AE': 0, 'A E': 0, 'AAPDA MITRA': 0, 'Bridge': 0, 'River': 2, 'Drain': 0, 'Restoration': 0, 'Protection': 0, 'irr': 0, 'irrigation': 0, 'dam': 0, 'Nallah': 0, 'nala': 0, 'Retrofitting': 0, 'Pond': 0, 'Pokhari': 0, 'D/C': 0, 'Recharge shaft': 0, 'LFB': 0, 'RFB': 0}","{'Floodlight': 0, 'Flood Light': 0, 'GAS': 0, 'FIFA': 0, 'pipe': 0, 'pipes': 0, 'covid': 0, 'supply': 0, 'Beautification': 0, 'Installation': 0}",,,False,False,Others
67005,MGD/Siwan/Saryu (Ghaghra)/UNIT -01,E-auction for Settlement of Sand ghats of SIwan Saryu(Ghaghra) River Gyaspur Ghat Unit-01,E-auction for Settlement of Sand ghats of SIwan Saryu(Ghaghra) River Gyaspur Ghat Unit-01,2745000.0,INR,INR,2024-08-07 10:39:36+00:00,2024-08-05T19:23:20.149000+00:00,2024-08-15T11:31:00+00:00,BALVANT KUMAR,MDO,"District Mining Office, Gopalganj","District Mining Office, Gopalganj, Near Central Library Gopalganj","Sri Mukul Kumar Gupta, I.A.S","District Magistrate cum Collector, Siwan","District Mining Office, Siwan",686250.0,5000.0,590.0,True,"{'Flood': 0, 'Embankment': 0, 'embkt': 0, 'Relief': 0, 'Erosion': 0, 'SDRF': 0, 'Inundation': 0, 'Hydrology': 0, 'Silt': 0, 'Siltation': 0, 'Bund': 0, 'Trench': 0, 'Breach': 0, 'Culvert': 0, 'Sluice': 0, 'Dyke': 0, 'Storm water drain': 0, 'Emergency': 0, 'Immediate': 0, 'IM': 0, 'AE': 0, 'A E': 0, 'AAPDA MITRA': 0, 'Bridge': 0, 'River': 2, 'Drain': 0, 'Restoration': 0, 'Protection': 0, 'irr': 0, 'irrigation': 0, 'dam': 0, 'Nallah': 0, 'nala': 0, 'Retrofitting': 0, 'Pond': 0, 'Pokhari': 0, 'D/C': 0, 'Recharge shaft': 0, 'LFB': 0, 'RFB': 0}","{'Floodlight': 0, 'Flood Light': 0, 'GAS': 0, 'FIFA': 0, 'pipe': 0, 'pipes': 0, 'covid': 0, 'supply': 0, 'Beautification': 0, 'Installation': 0}",,,False,False,Others
67006,MGD/Siwan/Saryu(Ghaghra)/UNIT-02,E-auction for Settlement of Sand ghats of Siwan Saryu(Ghaghra) River Dumrhar and Kewtaliya Sand Ghat Unit-02,E-auction for Settlement of Sand ghats of Siwan Saryu(Ghaghra) River Dumrhar and Kewtaliya Sand Ghat Unit-02,3712500.0,INR,INR,2024-08-07 12:18:29+00:00,2024-08-05T19:23:47.268000+00:00,2024-08-15T11:31:00+00:00,BALVANT KUMAR,MDO,"District Mining Office, Gopalganj","District Mining Office, Gopalganj, Near Central Library Gopalganj","Sri Mukul Kumar Gupta, I.A.S","District Magistrate cum Collector, Siwan","District Mining Office, Siwan",928125.0,5000.0,590.0,True,"{'Flood': 0, 'Embankment': 0, 'embkt': 0, 'Relief': 0, 'Erosion': 0, 'SDRF': 0, 'Inundation': 0, 'Hydrology': 0, 'Silt': 0, 'Siltation': 0, 'Bund': 0, 'Trench': 0, 'Breach': 0, 'Culvert': 0, 'Sluice': 0, 'Dyke': 0, 'Storm water drain': 0, 'Emergency': 0, 'Immediate': 0, 'IM': 0, 'AE': 0, 'A E': 0, 'AAPDA MITRA': 0, 'Bridge': 0, 'River': 2, 'Drain': 0, 'Restoration': 0, 'Protection': 0, 'irr': 0, 'irrigation': 0, 'dam': 0, 'Nallah': 0, 'nala': 0, 'Retrofitting': 0, 'Pond': 0, 'Pokhari': 0, 'D/C': 0, 'Recharge shaft': 0, 'LFB': 0, 'RFB': 0}","{'Floodlight': 0, 'Flood Light': 0, 'GAS': 0, 'FIFA': 0, 'pipe': 0, 'pipes': 0, 'covid': 0, 'supply': 0, 'Beautification': 0, 'Installation': 0}",,,False,False,Others
67004,01SBD/2024-25/TCD/WAZIRGANJ,"Construction of Combined Office Building at Irrigation Campus, Gaya.","Construction of Combined Office Building at Irrigation Campus, Gaya.",141791839.0,INR,INR,2024-08-05 17:41:33+00:00,2024-08-05T16:50:14.326000+00:00,2025-01-03T11:06:29+00:00,OM PRAKASH KUMAR,EXECUTIVE ENGINEER,WATER RESOURCES DEPARTMENT,"TILAIYA CANAL DIVISION, WAZIRGANJ",RANA RANJEET SINGH,SE,WATER RESOURCES DEPARTMENT,2418000.0,10000.0,5900.0,True,"{'Flood': 0, 'Embankment': 0, 'embkt': 0, 'Relief': 0, 'Erosion': 0, 'SDRF': 0, 'Inundation': 0, 'Hydrology': 0, 'Silt': 0, 'Siltation': 0, 'Bund': 0, 'Trench': 0, 'Breach': 0, 'Culvert': 0, 'Sluice': 0, 'Dyke': 0, 'Storm water drain': 0, 'Emergency': 0, 'Immediate': 0, 'IM': 0, 'AE': 0, 'A E': 0, 'AAPDA MITRA': 0, 'Bridge': 0, 'River': 0, 'Drain': 0, 'Restoration': 0, 'Protection': 0, 'irr': 0, 'irrigation': 2, 'dam': 0, 'Nallah': 0, 'nala': 0, 'Retrofitting': 0, 'Pond': 0, 'Pokhari': 0, 'D/C': 0, 'Recharge shaft': 0, 'LFB': 0, 'RFB': 0}","{'Floodlight': 0, 'Flood Light': 0, 'GAS': 0, 'FIFA': 0, 'pipe': 0, 'pipes': 0, 'covid': 0, 'supply': 0, 'Beautification': 0, 'Installation': 0}",,,False,False,Others
67007,MGD/Siwan/Saryu ( Ghaghra)/ UNIT -03,E-auction for Settlement of Sand ghats of SIwan Saryu ( Ghaghra)  River Darauli and Darauli Tola Melhani  Ghat Unit-03,E-auction for Settlement of Sand ghats of SIwan Saryu ( Ghaghra)  River Darauli and Darauli Tola Melhani  Ghat Unit-03,3060000.0,INR,INR,2024-08-07 11:10:21+00:00,2024-08-05T19:24:32.975000+00:00,2024-08-15T11:31:00+00:00,BALVANT KUMAR,MDO,"District Mining Office, Gopalganj","District Mining Office, Gopalganj, Near Central Library Gopalganj","Sri Mukul Kumar Gupta, I.A.S","District Magistrate cum Collector, Siwan","District Mining Office, Siwan",765000.0,5000.0,590.0,True,"{'Flood': 0, 'Embankment': 0, 'embkt': 0, 'Relief': 0, 'Erosion': 0, 'SDRF': 0, 'Inundation': 0, 'Hydrology': 0, 'Silt': 0, 'Siltation': 0, 'Bund': 0, 'Trench': 0, 'Breach': 0, 'Culvert': 0, 'Sluice': 0, 'Dyke': 0, 'Storm water drain': 0, 'Emergency': 0, 'Immediate': 0, 'IM': 0, 'AE': 0, 'A E': 0, 'AAPDA MITRA': 0, 'Bridge': 0, 'River': 2, 'Drain': 0, 'Restoration': 0, 'Protection': 0, 'irr': 0, 'irrigation': 0, 'dam': 0, 'Nallah': 0, 'nala': 0, 'Retrofitting': 0, 'Pond': 0, 'Pokhari': 0, 'D/C': 0, 'Recharge shaft': 0, 'LFB': 0, 'RFB': 0}","{'Floodlight': 0, 'Flood Light': 0, 'GAS': 0, 'FIFA': 0, 'pipe': 0, 'pipes': 0, 'covid': 0, 'supply': 0, 'Beautification': 0, 'Installation': 0}",,,False,False,Others
67104,RE NIT-01/2024-25/GROUP N0-01,CONSTRUCTION OF MAJKOTHIYA CHECK DAM,CONSTRUCTION OF MAJKOTHIYA CHECK DAM,42587000.0,INR,INR,2024-08-07 14:33:39+00:00,2024-08-06T08:26:03.737000+00:00,2024-09-10T06:17:14+00:00,ER GAJENDRA KUMAR YADAV.,EXECUTIVE ENGINEER,MINOR IRRIGATION DIVISION MADHUBANI,MINOR IRRIGATION DIVISION MADHUBANI,ER. SUNIL KUMAR,CE-Patna/CE MUZAFFARPUR,MINOR WATER RESOURCES DEPARTMENT,847500.0,10000.0,5900.0,True,"{'Flood': 0, 'Embankment': 0, 'embkt': 0, 'Relief': 0, 'Erosion': 0, 'SDRF': 0, 'Inundation': 0, 'Hydrology': 0, 'Silt': 0, 'Siltation': 0, 'Bund': 0, 'Trench': 0, 'Breach': 0, 'Culvert': 0, 'Sluice': 0, 'Dyke': 0, 'Storm water drain': 0, 'Emergency': 0, 'Immediate': 0, 'IM': 0, 'AE': 0, 'A E': 0, 'AAPDA MITRA': 0, 'Bridge': 0, 'River': 0, 'Drain': 0, 'Restoration': 0, 'Protection': 0, 'irr': 0, 'irrigation': 0, 'dam': 2, 'Nallah': 0, 'nala': 0, 'Retrofitting': 0, 'Pond': 0, 'Pokhari': 0, 'D/C': 0, 'Recharge shaft': 0, 'LFB': 0, 'RFB': 0}","{'Floodlight': 0, 'Flood Light': 0, 'GAS': 0, 'FIFA': 0, 'pipe': 0, 'pipes': 0, 'covid': 0, 'supply': 0, 'Beautification': 0, 'Installation': 0}",,,False,False,Immediate Measures
67198,"NIT NO- 07/2024-25, GR NO-02",SUPAUL NAGAR PARISAD STHIT WARD NO-27 ME JHAKHARI P.W.D. ROAD VINOD SAH KE GHAR SE BIMTOL JAY NARAYAN SAH KE GHAR TAK P.C.C. SADAK AVEM NALA NIRMAN KARYA.,SUPAUL NAGAR PARISAD STHIT WARD NO-27 ME JHAKHARI P.W.D. ROAD VINOD SAH KE GHAR SE BIMTOL JAY NARAYAN SAH KE GHAR TAK P.C.C. SADAK AVEM NALA NIRMAN KARYA.,18105863.0,INR,INR,2024-08-06 13:11:57+00:00,2024-08-06T12:00:55.139000+00:00,2024-11-04T12:29:39+00:00,RAM VARAN PASWAN,EXECUTIVE ENGINEER,Planning & Development Department,"Executive Engineer, L.A.E.O., W.D. ARARIA",RAM VARAN PASWAN,Executive Engineer,Planning & Development Department,362200.0,10000.0,3540.0,True,"{'Flood': 0, 'Embankment': 0, 'embkt': 0, 'Relief': 0, 'Erosion': 0, 'SDRF': 0, 'Inundation': 0, 'Hydrology': 0, 'Silt': 0, 'Siltation': 0, 'Bund': 0, 'Trench': 0, 'Breach': 0, 'Culvert': 0, 'Sluice': 0, 'Dyke': 0, 'Storm water drain': 0, 'Emergency': 0, 'Immediate': 0, 'IM': 0, 'AE': 0, 'A E': 0, 'AAPDA MITRA': 0, 'Bridge': 0, 'River': 0, 'Drain': 0, 'Restoration': 0, 'Protection': 0, 'irr': 0, 'irrigation': 0, 'dam': 0, 'Nallah': 0, 'nala': 2, 'Retrofitting': 0, 'Pond': 0, 'Pokhari': 0, 'D/C': 0, 'Recharge shaft': 0, 'LFB': 0, 'RFB': 0}","{'Floodlight': 0, 'Flood Light': 0, 'GAS': 0, 'FIFA': 0, 'pipe': 0, 'pipes': 0, 'covid': 0, 'supply': 0, 'Beautification': 0, 'Installation': 0}",,,False,True,Immediate Measures
67191,NIT-01/2024-25/NPM,Detailed estimated for construction of PCC road and Rcc Drain from Bhabua road station k North side bargad k ped se Ramgarh Mohania Road tak Ward no-03   in Mohania under Kaimur District,Detailed estimated for construction of PCC road and Rcc Drain from Bhabua road station k North side bargad k ped se Ramgarh Mohania Road tak Ward no-03   in Mohania under Kaimur District,19894266.0,INR,INR,2024-08-06 11:52:09+00:00,2024-08-06T11:16:48.559000+00:00,2024-12-07T06:49:25+00:00,SUDHANSHU KUMAR,EO,NAGAR PANCHAYAT MOHANIA,STATION ROAD MOHANIA,ANIRUDH KUMAR,EXECUTIVE OFFICER JAGDISHPUR,NAGAR PANCHAYAT JAGDISHPUR,397885.0,10000.0,3540.0,True,"{'Flood': 0, 'Embankment': 0, 'embkt': 0, 'Relief': 0, 'Erosion': 0, 'SDRF': 0, 'Inundation': 0, 'Hydrology': 0, 'Silt': 0, 'Siltation': 0, 'Bund': 0, 'Trench': 0, 'Breach': 0, 'Culvert': 0, 'Sluice': 0, 'Dyke': 0, 'Storm water drain': 0, 'Emergency': 0, 'Immediate': 0, 'IM': 0, 'AE': 0, 'A E': 0, 'AAPDA MITRA': 0, 'Bridge': 0, 'River': 0, 'Drain': 2, 'Restoration': 0, 'Protection': 0, 'irr': 0, 'irrigation': 0, 'dam': 0, 'Nallah': 0, 'nala': 0, 'Retrofitting': 0, 'Pond': 0, 'Pokhari': 0, 'D/C': 0, 'Recharge shaft': 0, 'LFB': 0, 'RFB': 0}","{'Floodlight': 0, 'Flood Light': 0, 'GAS': 0, 'FIFA': 0, 'pipe': 0, 'pipes': 0, 'covid': 0, 'supply': 0, 'Beautification': 0, 'Installation': 0}",,,False,True,Immediate Measures
67211,NIT-10/2024-25/GR-04,Detailed estimate for road and drain from Viskoman Bhawan utterwari pokhra to Baliram saraf house in ward no - 08 under Nagar Nigam Bettiah during year 2023-24.,Detailed estimate for road and drain from Viskoman Bhawan utterwari pokhra to Baliram saraf house in ward no - 08 under Nagar Nigam Bettiah during year 2023-24.,2141601.0,INR,INR,2024-08-07 05:43:40+00:00,2024-08-07T05:38:55.996000+00:00,2025-06-26T08:56:48+00:00,Laxman Tiwari,MC Bettiah Municipal Corporation,BETTIAH NAGAR NIGAM,OFFICE OF BETTIAH NAGAR NIGAM,Laxman Tiwari,MC Bettiah Municipal Corporation,BETTIAH NAGAR NIGAM,42832.0,5000.0,590.0,True,"{'Flood': 0, 'Embankment': 0, 'embkt': 0, 'Relief': 0, 'Erosion': 0, 'SDRF': 0, 'Inundation': 0, 'Hydrology': 0, 'Silt': 0, 'Siltation': 0, 'Bund': 0, 'Trench': 0, 'Breach': 0, 'Culvert': 0, 'Sluice': 0, 'Dyke': 0, 'Storm water drain': 0, 'Emergency': 0, 'Immediate': 0, 'IM': 0, 'AE': 0, 'A E': 0, 'AAPDA MITRA': 0, 'Bridge': 0, 'River': 0, 'Drain': 2, 'Restoration': 0, 'Protection': 0, 'irr': 0, 'irrigation': 0, 'dam': 0, 'Nallah': 0, 'nala': 0, 'Retrofitting': 0, 'Pond': 0, 'Pokhari': 0, 'D/C': 0, 'Recharge shaft': 0, 'LFB': 0, 'RFB': 0}","{'Floodlight': 0, 'Flood Light': 0, 'GAS': 0, 'FIFA': 0, 'pipe': 0, 'pipes': 0, 'covid': 0, 'supply': 0, 'Beautification': 0, 'Installation': 0}",,,False,True,Immediate Measures
67210,NIT-10/2024-25/GR-03,"Detailed estimate for Road and drain from Rakesh Dcruz house to Noyal walter house via Sunil siril, Nanak ji, Sanjay Liyo house and Noyal walter house galli in ward no - 07 under Nagar Nigam Bettiah during year 2023-24.","Detailed estimate for Road and drain from Rakesh Dcruz house to Noyal walter house via Sunil siril, Nanak ji, Sanjay Liyo house and Noyal walter house galli in ward no - 07 under Nagar Nigam Bettiah during year 2023-24.",2261725.0,INR,INR,2024-08-07 05:38:39+00:00,2024-08-07T05:33:44.837000+00:00,2024-12-27T11:33:35+00:00,Laxman Tiwari,MC Bettiah Municipal Corporation,BETTIAH NAGAR NIGAM,OFFICE OF BETTIAH NAGAR NIGAM,Laxman Tiwari,MC Bettiah Municipal Corporation,BETTIAH NAGAR NIGAM,45235.0,5000.0,590.0,True,"{'Flood': 0, 'Embankment': 0, 'embkt': 0, 'Relief': 0, 'Erosion': 0, 'SDRF': 0, 'Inundation': 0, 'Hydrology': 0, 'Silt': 0, 'Siltation': 0, 'Bund': 0, 'Trench': 0, 'Breach': 0, 'Culvert': 0, 'Sluice': 0, 'Dyke': 0, 'Storm water drain': 0, 'Emergency': 0, 'Immediate': 0, 'IM': 0, 'AE': 0, 'A E': 0, 'AAPDA MITRA': 0, 'Bridge': 0, 'River': 0, 'Drain': 2, 'Restoration': 0, 'Protection': 0, 'irr': 0, 'irrigation': 0, 'dam': 0, 'Nallah': 0, 'nala': 0, 'Retrofitting': 0, 'Pond': 0, 'Pokhari': 0, 'D/C': 0, 'Recharge shaft': 0, 'LFB': 0, 'RFB': 0}","{'Floodlight': 0, 'Flood Light': 0, 'GAS': 0, 'FIFA': 0, 'pipe': 0, 'pipes': 0, 'covid': 0, 'supply': 0, 'Beautification': 0, 'Installation': 0}",,,False,True,Immediate Measures
67216,NIT-10/2024-25/GR-07,CONSTRUCTION OF DRAIN FROM SHAKIL JI HOUSE TO SUDHA JI HOUSE IN DARGHA MOHALLA  FOR WARD NO-16 UNDER NAGAR NIGAM BETTIAH DURING THE YEAR -2023-2024 .,CONSTRUCTION OF DRAIN FROM SHAKIL JI HOUSE TO SUDHA JI HOUSE IN DARGHA MOHALLA  FOR WARD NO-16 UNDER NAGAR NIGAM BETTIAH DURING THE YEAR -2023-2024 .,255300.0,INR,INR,2024-08-07 06:21:46+00:00,2024-08-07T06:17:32.191000+00:00,2024-12-27T11:27:27+00:00,Laxman Tiwari,MC Bettiah Municipal Corporation,BETTIAH NAGAR NIGAM,OFFICE OF BETTIAH NAGAR NIGAM,Laxman Tiwari,MC Bettiah Municipal Corporation,BETTIAH NAGAR NIGAM,5106.0,750.0,590.0,True,"{'Flood': 0, 'Embankment': 0, 'embkt': 0, 'Relief': 0, 'Erosion': 0, 'SDRF': 0, 'Inundation': 0, 'Hydrology': 0, 'Silt': 0, 'Siltation': 0, 'Bund': 0, 'Trench': 0, 'Breach': 0, 'Culvert': 0, 'Sluice': 0, 'Dyke': 0, 'Storm water drain': 0, 'Emergency': 0, 'Immediate': 0, 'IM': 0, 'AE': 0, 'A E': 0, 'AAPDA MITRA': 0, 'Bridge': 0, 'River': 0, 'Drain': 2, 'Restoration': 0, 'Protection': 0, 'irr': 0, 'irrigation': 0, 'dam': 0, 'Nallah': 0, 'nala': 0, 'Retrofitting': 0, 'Pond': 0, 'Pokhari': 0, 'D/C': 0, 'Recharge shaft': 0, 'LFB': 0, 'RFB': 0}","{'Floodlight': 0, 'Flood Light': 0, 'GAS': 0, 'FIFA': 0, 'pipe': 0, 'pipes': 0, 'covid': 0, 'supply': 0, 'Beautification': 0, 'Installation': 0}",,,False,True,Immediate Measures
67213,NIT-10/2024-25/GR-05,Detailed estimate for Road and drain from Sanoj sah house to Rajan  Bernwal plot and  Dhru thakur house to Hiralal sah house via Jai narayan tiwari house in ward no - 09 under Nagar Nigam Bettiah during year 2023-24.,Detailed estimate for Road and drain from Sanoj sah house to Rajan  Bernwal plot and  Dhru thakur house to Hiralal sah house via Jai narayan tiwari house in ward no - 09 under Nagar Nigam Bettiah during year 2023-24.,1726113.0,INR,INR,2024-08-07 05:49:49+00:00,2024-08-07T05:45:55.931000+00:00,2025-04-24T12:20:31+00:00,Laxman Tiwari,MC Bettiah Municipal Corporation,BETTIAH NAGAR NIGAM,OFFICE OF BETTIAH NAGAR NIGAM,Laxman Tiwari,MC Bettiah Municipal Corporation,BETTIAH NAGAR NIGAM,34523.0,5000.0,590.0,True,"{'Flood': 0, 'Embankment': 0, 'embkt': 0, 'Relief': 0, 'Erosion': 0, 'SDRF': 0, 'Inundation': 0, 'Hydrology': 0, 'Silt': 0, 'Siltation': 0, 'Bund': 0, 'Trench': 0, 'Breach': 0, 'Culvert': 0, 'Sluice': 0, 'Dyke': 0, 'Storm water drain': 0, 'Emergency': 0, 'Immediate': 0, 'IM': 0, 'AE': 0, 'A E': 0, 'AAPDA MITRA': 0, 'Bridge': 0, 'River': 0, 'Drain': 2, 'Restoration': 0, 'Protection': 0, 'irr': 0, 'irrigation': 0, 'dam': 0, 'Nallah': 0, 'nala': 0, 'Retrofitting': 0, 'Pond': 0, 'Pokhari': 0, 'D/C': 0, 'Recharge shaft': 0, 'LFB': 0, 'RFB': 0}","{'Floodlight': 0, 'Flood Light': 0, 'GAS': 0, 'FIFA': 0, 'pipe': 0, 'pipes': 0, 'covid': 0, 'supply': 0, 'Beautification': 0, 'Installation': 0}",,,False,True,Immediate Measures
67220,NIT-10/2024-25/GR-11,Detailed estimate for  Road and Drain from Sahdev Sah house to Sukhari Hawari house via Sambhu Patel & Hari Sankar Tiwari house in ward no - 19 under Nagar Nigam Bettiah during year 2023-24.,Detailed estimate for  Road and Drain from Sahdev Sah house to Sukhari Hawari house via Sambhu Patel & Hari Sankar Tiwari house in ward no - 19 under Nagar Nigam Bettiah during year 2023-24.,2067640.0,INR,INR,2024-08-07 06:48:31+00:00,2024-08-07T06:44:50.849000+00:00,2025-02-15T11:57:10+00:00,Laxman Tiwari,MC Bettiah Municipal Corporation,BETTIAH NAGAR NIGAM,OFFICE OF BETTIAH NAGAR NIGAM,Laxman Tiwari,MC Bettiah Municipal Corporation,BETTIAH NAGAR NIGAM,41352.0,5000.0,590.0,True,"{'Flood': 0, 'Embankment': 0, 'embkt': 0, 'Relief': 0, 'Erosion': 0, 'SDRF': 0, 'Inundation': 0, 'Hydrology': 0, 'Silt': 0, 'Siltation': 0, 'Bund': 0, 'Trench': 0, 'Breach': 0, 'Culvert': 0, 'Sluice': 0, 'Dyke': 0, 'Storm water drain': 0, 'Emergency': 0, 'Immediate': 0, 'IM': 0, 'AE': 0, 'A E': 0, 'AAPDA MITRA': 0, 'Bridge': 0, 'River': 0, 'Drain': 2, 'Restoration': 0, 'Protection': 0, 'irr': 0, 'irrigation': 0, 'dam': 0, 'Nallah': 0, 'nala': 0, 'Retrofitting': 0, 'Pond': 0, 'Pokhari': 0, 'D/C': 0, 'Recharge shaft': 0, 'LFB': 0, 'RFB': 0}","{'Floodlight': 0, 'Flood Light': 0, 'GAS': 0, 'FIFA': 0, 'pipe': 0, 'pipes': 0, 'covid': 0, 'supply': 0, 'Beautification': 0, 'Installation': 0}",,,False,True,Immediate Measures
67222,NIT-10/2024-25/GR-13,Detailed estimate for Road and  Drain from Palam Nagar Kalam Kha house to Parmod gupta house in ward no - 21 under Nagar Nigam Bettiah during year 2023-24.,Detailed estimate for Road and  Drain from Palam Nagar Kalam Kha house to Parmod gupta house in ward no - 21 under Nagar Nigam Bettiah during year 2023-24.,1937853.0,INR,INR,2024-08-07 06:57:05+00:00,2024-08-07T06:53:25.421000+00:00,2024-10-08T09:08:10+00:00,Laxman Tiwari,MC Bettiah Municipal Corporation,BETTIAH NAGAR NIGAM,OFFICE OF BETTIAH NAGAR NIGAM,Laxman Tiwari,MC Bettiah Municipal Corporation,BETTIAH NAGAR NIGAM,38757.0,5000.0,590.0,True,"{'Flood': 0, 'Embankment': 0, 'embkt': 0, 'Relief': 0, 'Erosion': 0, 'SDRF': 0, 'Inundation': 0, 'Hydrology': 0, 'Silt': 0, 'Siltation': 0, 'Bund': 0, 'Trench': 0, 'Breach': 0, 'Culvert': 0, 'Sluice': 0, 'Dyke': 0, 'Storm water drain': 0, 'Emergency': 0, 'Immediate': 0, 'IM': 0, 'AE': 0, 'A E': 0, 'AAPDA MITRA': 0, 'Bridge': 0, 'River': 0, 'Drain': 2, 'Restoration': 0, 'Protection': 0, 'irr': 0, 'irrigation': 0, 'dam': 0, 'Nallah': 0, 'nala': 0, 'Retrofitting': 0, 'Pond': 0, 'Pokhari': 0, 'D/C': 0, 'Recharge shaft': 0, 'LFB': 0, 'RFB': 0}","{'Floodlight': 0, 'Flood Light': 0, 'GAS': 0, 'FIFA': 0, 'pipe': 0, 'pipes': 0, 'covid': 0, 'supply': 0, 'Beautification': 0, 'Installation': 0}",,,False,True,Immediate Measures
67224,NIT-10/2024-25/GR-14,Detailed estimate for Road and Drain from Laxmi nagar Suresh Sah house to Sunil Gupta house in ward no - 21 under Nagar Nigam Bettiah during year 2023-24.,Detailed estimate for Road and Drain from Laxmi nagar Suresh Sah house to Sunil Gupta house in ward no - 21 under Nagar Nigam Bettiah during year 2023-24.,1721244.0,INR,INR,2024-08-07 07:01:17+00:00,2024-08-07T06:57:30.910000+00:00,2024-10-08T09:02:09+00:00,Laxman Tiwari,MC Bettiah Municipal Corporation,BETTIAH NAGAR NIGAM,OFFICE OF BETTIAH NAGAR NIGAM,Laxman Tiwari,MC Bettiah Municipal Corporation,BETTIAH NAGAR NIGAM,34425.0,5000.0,590.0,True,"{'Flood': 0, 'Embankment': 0, 'embkt': 0, 'Relief': 0, 'Erosion': 0, 'SDRF': 0, 'Inundation': 0, 'Hydrology': 0, 'Silt': 0, 'Siltation': 0, 'Bund': 0, 'Trench': 0, 'Breach': 0, 'Culvert': 0, 'Sluice': 0, 'Dyke': 0, 'Storm water drain': 0, 'Emergency': 0, 'Immediate': 0, 'IM': 0, 'AE': 0, 'A E': 0, 'AAPDA MITRA': 0, 'Bridge': 0, 'River': 0, 'Drain': 2, 'Restoration': 0, 'Protection': 0, 'irr': 0, 'irrigation': 0, 'dam': 0, 'Nallah': 0, 'nala': 0, 'Retrofitting': 0, 'Pond': 0, 'Pokhari': 0, 'D/C': 0, 'Recharge shaft': 0, 'LFB': 0, 'RFB': 0}","{'Floodlight': 0, 'Flood Light': 0, 'GAS': 0, 'FIFA': 0, 'pipe': 0, 'pipes': 0, 'covid': 0, 'supply': 0, 'Beautification': 0, 'Installation': 0}",,,False,True,Immediate Measures
67226,NIT-01/2024-25/G106,"Construction of Drain from Dinesh Prasad House to Main Drain via Navlesh House in Ward No-32 , Under Nagar Parishad Bodhgaya, District-Gaya.","Construction of Drain from Dinesh Prasad House to Main Drain via Navlesh House in Ward No-32 , Under Nagar Parishad Bodhgaya, District-Gaya.",800000.0,INR,INR,2024-08-11 12:06:03+00:00,2024-08-07T07:12:59.403000+00:00,2024-12-31T10:33:25+00:00,"EXECUTIVE OFFICER, BODHGAYA",EO,NAGAR PANCHAYAT BODHGAYA,"BODHGAYA NAGAR PANCHAYAT, GAYA, BIHAR 824231","EXECUTIVE OFFICER, BODHGAYA",EO,NAGAR PANCHAYAT BODHGAYA,16000.0,1250.0,590.0,True,"{'Flood': 0, 'Embankment': 0, 'embkt': 0, 'Relief': 0, 'Erosion': 0, 'SDRF': 0, 'Inundation': 0, 'Hydrology': 0, 'Silt': 0, 'Siltation': 0, 'Bund': 0, 'Trench': 0, 'Breach': 0, 'Culvert': 0, 'Sluice': 0, 'Dyke': 0, 'Storm water drain': 0, 'Emergency': 0, 'Immediate': 0, 'IM': 0, 'AE': 0, 'A E': 0, 'AAPDA MITRA': 0, 'Bridge': 0, 'River': 0, 'Drain': 4, 'Restoration': 0, 'Protection': 0, 'irr': 0, 'irrigation': 0, 'dam': 0, 'Nallah': 0, 'nala': 0, 'Retrofitting': 0, 'Pond': 0, 'Pokhari': 0, 'D/C': 0, 'Recharge shaft': 0, 'LFB': 0, 'RFB': 0}","{'Floodlight': 0, 'Flood Light': 0, 'GAS': 0, 'FIFA': 0, 'pipe': 0, 'pipes': 0, 'covid': 0, 'supply': 0, 'Beautification': 0, 'Installation': 0}",,,False,True,Others
67225,NIT-10/2024-25/GR-15,CONSTRUCTION OF ROAD FROM BIDHUR PATEL JI HOUSE TO SUKUT YADAV JI HOUSE AND DRAIN FROM BIDHUR PATEL JI HOUSE TO PAWAN KUMAR BASH IN SANSARIA  FOR WARD NO-41 UNDER NAGAR NIGAM BETTIAH DURING THE YEAR-2023-2024,CONSTRUCTION OF ROAD FROM BIDHUR PATEL JI HOUSE TO SUKUT YADAV JI HOUSE AND DRAIN FROM BIDHUR PATEL JI HOUSE TO PAWAN KUMAR BASH IN SANSARIA  FOR WARD NO-41 UNDER NAGAR NIGAM BETTIAH DURING THE YEAR-2023-2024,2365187.0,INR,INR,2024-08-07 07:47:46+00:00,2024-08-07T07:02:15.194000+00:00,2024-08-16T12:38:18+00:00,Laxman Tiwari,MC Bettiah Municipal Corporation,BETTIAH NAGAR NIGAM,OFFICE OF BETTIAH NAGAR NIGAM,Laxman Tiwari,MC Bettiah Municipal Corporation,BETTIAH NAGAR NIGAM,47304.0,5000.0,590.0,True,"{'Flood': 0, 'Embankment': 0, 'embkt': 0, 'Relief': 0, 'Erosion': 0, 'SDRF': 0, 'Inundation': 0, 'Hydrology': 0, 'Silt': 0, 'Siltation': 0, 'Bund': 0, 'Trench': 0, 'Breach': 0, 'Culvert': 0, 'Sluice': 0, 'Dyke': 0, 'Storm water drain': 0, 'Emergency': 0, 'Immediate': 0, 'IM': 0, 'AE': 0, 'A E': 0, 'AAPDA MITRA': 0, 'Bridge': 0, 'River': 0, 'Drain': 2, 'Restoration': 0, 'Protection': 0, 'irr': 0, 'irrigation': 0, 'dam': 0, 'Nallah': 0, 'nala': 0, 'Retrofitting': 0, 'Pond': 0, 'Pokhari': 0, 'D/C': 0, 'Recharge shaft': 0, 'LFB': 0, 'RFB': 0}","{'Floodlight': 0, 'Flood Light': 0, 'GAS': 0, 'FIFA': 0, 'pipe': 0, 'pipes': 0, 'covid': 0, 'supply': 0, 'Beautification': 0, 'Installation': 0}",,,False,True,Immediate Measures
67214,NIT-10/2024-25/GR-06,Detailed estimate for Road and  Drain Sanjay Kuswaha house to Dr Asgar Ali house via Gopal Yadav  house in ward no - 12 under Nagar Nigam Bettiah during year 2023-24.,Detailed estimate for Road and  Drain Sanjay Kuswaha house to Dr Asgar Ali house via Gopal Yadav  house in ward no - 12 under Nagar Nigam Bettiah during year 2023-24.,1826245.0,INR,INR,2024-08-07 06:04:38+00:00,2024-08-07T05:59:25.968000+00:00,2025-04-12T08:47:57+00:00,Laxman Tiwari,MC Bettiah Municipal Corporation,BETTIAH NAGAR NIGAM,OFFICE OF BETTIAH NAGAR NIGAM,Laxman Tiwari,MC Bettiah Municipal Corporation,BETTIAH NAGAR NIGAM,36524.0,5000.0,590.0,True,"{'Flood': 0, 'Embankment': 0, 'embkt': 0, 'Relief': 0, 'Erosion': 0, 'SDRF': 0, 'Inundation': 0, 'Hydrology': 0, 'Silt': 0, 'Siltation': 0, 'Bund': 0, 'Trench': 0, 'Breach': 0, 'Culvert': 0, 'Sluice': 0, 'Dyke': 0, 'Storm water drain': 0, 'Emergency': 0, 'Immediate': 0, 'IM': 0, 'AE': 0, 'A E': 0, 'AAPDA MITRA': 0, 'Bridge': 0, 'River': 0, 'Drain': 2, 'Restoration': 0, 'Protection': 0, 'irr': 0, 'irrigation': 0, 'dam': 0, 'Nallah': 0, 'nala': 0, 'Retrofitting': 0, 'Pond': 0, 'Pokhari': 0, 'D/C': 0, 'Recharge shaft': 0, 'LFB': 0, 'RFB': 0}","{'Floodlight': 0, 'Flood Light': 0, 'GAS': 0, 'FIFA': 0, 'pipe': 0, 'pipes': 0, 'covid': 0, 'supply': 0, 'Beautification': 0, 'Installation': 0}",,,False,True,Immediate Measures
67230,NIT-01/2024-25/G125,"Construction of P.C.C. Road &R.C.C. Drain  Verious Road in Newtapur Mahadalit Tola  in Ward No-07 , Under Nagar Parishad Bodhgaya, District-Gaya.","Construction of P.C.C. Road &R.C.C. Drain  Verious Road in Newtapur Mahadalit Tola  in Ward No-07 , Under Nagar Parishad Bodhgaya, District-Gaya.",3999923.0,INR,INR,2024-08-11 12:36:02+00:00,2024-08-07T07:31:26.613000+00:00,2025-01-15T09:52:04+00:00,"EXECUTIVE OFFICER, BODHGAYA",EO,NAGAR PANCHAYAT BODHGAYA,"BODHGAYA NAGAR PANCHAYAT, GAYA, BIHAR 824231","EXECUTIVE OFFICER, BODHGAYA",EO,NAGAR PANCHAYAT BODHGAYA,80000.0,5000.0,590.0,True,"{'Flood': 0, 'Embankment': 0, 'embkt': 0, 'Relief': 0, 'Erosion': 0, 'SDRF': 0, 'Inundation': 0, 'Hydrology': 0, 'Silt': 0, 'Siltation': 0, 'Bund': 0, 'Trench': 0, 'Breach': 0, 'Culvert': 0, 'Sluice': 0, 'Dyke': 0, 'Storm water drain': 0, 'Emergency': 0, 'Immediate': 0, 'IM': 0, 'AE': 0, 'A E': 0, 'AAPDA MITRA': 0, 'Bridge': 0, 'River': 0, 'Drain': 2, 'Restoration': 0, 'Protection': 0, 'irr': 0, 'irrigation': 0, 'dam': 0, 'Nallah': 0, 'nala': 0, 'Retrofitting': 0, 'Pond': 0, 'Pokhari': 0, 'D/C': 0, 'Recharge shaft': 0, 'LFB': 0, 'RFB': 0}","{'Floodlight': 0, 'Flood Light': 0, 'GAS': 0, 'FIFA': 0, 'pipe': 0, 'pipes': 0, 'covid': 0, 'supply': 0, 'Beautification': 0, 'Installation': 0}",,,False,True,Others
67234,NIT04/2024-25-NNM/GR01,NAGAR NIGAM MADHUBANI ANTARGART WARD NO 15 ME GAUSHALA ROAD SE TILAK CHOWK TAK PCC SADAK AND NALA NIRMAN KARYA,NAGAR NIGAM MADHUBANI ANTARGART WARD NO 15 ME GAUSHALA ROAD SE TILAK CHOWK TAK PCC SADAK AND NALA NIRMAN KARYA,2928400.0,INR,INR,2024-08-07 08:29:05+00:00,2024-08-07T07:53:04.096000+00:00,2025-12-09T11:41:49+00:00,"MUNICIPAL COMMISSIONER , NAGAR NIGAM MADHUBANI",MC,NAGAR NIGAM MADHUBANI,"STATE BANK ROAD MADHUBANI, PO+PS MADHUBANI(BIHAR)","MUNICIPAL COMMISSIONER , NAGAR NIGAM MADHUBANI",MC,NAGAR NIGAM MADHUBANI,58600.0,5000.0,590.0,True,"{'Flood': 0, 'Embankment': 0, 'embkt': 0, 'Relief': 0, 'Erosion': 0, 'SDRF': 0, 'Inundation': 0, 'Hydrology': 0, 'Silt': 0, 'Siltation': 0, 'Bund': 0, 'Trench': 0, 'Breach': 0, 'Culvert': 0, 'Sluice': 0, 'Dyke': 0, 'Storm water drain': 0, 'Emergency': 0, 'Immediate': 0, 'IM': 0, 'AE': 0, 'A E': 0, 'AAPDA MITRA': 0, 'Bridge': 0, 'River': 0, 'Drain': 0, 'Restoration': 0, 'Protection': 0, 'irr': 0, 'irrigation': 0, 'dam': 0, 'Nallah': 0, 'nala': 2, 'Retrofitting': 0, 'Pond': 0, 'Pokhari': 0, 'D/C': 0, 'Recharge shaft': 0, 'LFB': 0, 'RFB': 0}","{'Floodlight': 0, 'Flood Light': 0, 'GAS': 0, 'FIFA': 0, 'pipe': 0, 'pipes': 0, 'covid': 0, 'supply': 0, 'Beautification': 0, 'Installation': 0}",,,False,True,Immediate Measures
67247,NIT-01/2024-25/G113,"Construction of Drain from Feku Miyan House to Narayan Mochi House  in Ward no -13 , Under Nagar Parishad Bodhgaya, District-Gaya.","Construction of Drain from Feku Miyan House to Narayan Mochi House  in Ward no -13 , Under Nagar Parishad Bodhgaya, District-Gaya.",900000.0,INR,INR,2024-08-11 12:20:32+00:00,2024-08-07T08:41:51.679000+00:00,2025-01-17T11:24:35+00:00,"EXECUTIVE OFFICER, BODHGAYA",EO,NAGAR PANCHAYAT BODHGAYA,"BODHGAYA NAGAR PANCHAYAT, GAYA, BIHAR 824231","EXECUTIVE OFFICER, BODHGAYA",EO,NAGAR PANCHAYAT BODHGAYA,18000.0,2500.0,590.0,True,"{'Flood': 0, 'Embankment': 0, 'embkt': 0, 'Relief': 0, 'Erosion': 0, 'SDRF': 0, 'Inundation': 0, 'Hydrology': 0, 'Silt': 0, 'Siltation': 0, 'Bund': 0, 'Trench': 0, 'Breach': 0, 'Culvert': 0, 'Sluice': 0, 'Dyke': 0, 'Storm water drain': 0, 'Emergency': 0, 'Immediate': 0, 'IM': 0, 'AE': 0, 'A E': 0, 'AAPDA MITRA': 0, 'Bridge': 0, 'River': 0, 'Drain': 2, 'Restoration': 0, 'Protection': 0, 'irr': 0, 'irrigation': 0, 'dam': 0, 'Nallah': 0, 'nala': 0, 'Retrofitting': 0, 'Pond': 0, 'Pokhari': 0, 'D/C': 0, 'Recharge shaft': 0, 'LFB': 0, 'RFB': 0}","{'Floodlight': 0, 'Flood Light': 0, 'GAS': 0, 'FIFA': 0, 'pipe': 0, 'pipes': 0, 'covid': 0, 'supply': 0, 'Beautification': 0, 'Installation': 0}",,,False,True,Others
67248,NIT04/2024-25-NNM/GR03,NAGAR NIGAM MADHUBANI ANTARGART UGNA COLONY ME SUNIL YADAV KE GHAR SE MUKHYA SADAK ME PULIYA TAK RCC NALA NIRMAN,NAGAR NIGAM MADHUBANI ANTARGART UGNA COLONY ME SUNIL YADAV KE GHAR SE MUKHYA SADAK ME PULIYA TAK RCC NALA NIRMAN,3223005.0,INR,INR,2024-08-07 08:51:57+00:00,2024-08-07T08:42:50.671000+00:00,2025-07-17T09:12:39+00:00,"MUNICIPAL COMMISSIONER , NAGAR NIGAM MADHUBANI",MC,NAGAR NIGAM MADHUBANI,"STATE BANK ROAD MADHUBANI, PO+PS MADHUBANI(BIHAR)","MUNICIPAL COMMISSIONER , NAGAR NIGAM MADHUBANI",MC,NAGAR NIGAM MADHUBANI,64460.0,5000.0,590.0,True,"{'Flood': 0, 'Embankment': 0, 'embkt': 0, 'Relief': 0, 'Erosion': 0, 'SDRF': 0, 'Inundation': 0, 'Hydrology': 0, 'Silt': 0, 'Siltation': 0, 'Bund': 0, 'Trench': 0, 'Breach': 0, 'Culvert': 0, 'Sluice': 0, 'Dyke': 0, 'Storm water drain': 0, 'Emergency': 0, 'Immediate': 0, 'IM': 0, 'AE': 0, 'A E': 0, 'AAPDA MITRA': 0, 'Bridge': 0, 'River': 0, 'Drain': 0, 'Restoration': 0, 'Protection': 0, 'irr': 0, 'irrigation': 0, 'dam': 0, 'Nallah': 0, 'nala': 2, 'Retrofitting': 0, 'Pond': 0, 'Pokhari': 0, 'D/C': 0, 'Recharge shaft': 0, 'LFB': 0, 'RFB': 0}","{'Floodlight': 0, 'Flood Light': 0, 'GAS': 0, 'FIFA': 0, 'pipe': 0, 'pipes': 0, 'covid': 0, 'supply': 0, 'Beautification': 0, 'Installation': 0}",,,False,False,Immediate Measures
67237,NIT-01/2024-25/G131,"Construction of Drain from Kishori Yadav House to River in Ward No-17 , Under Nagar Parishad Bodhgaya, District-Gaya.","Construction of Drain from Kishori Yadav House to River in Ward No-17 , Under Nagar Parishad Bodhgaya, District-Gaya.",4697654.0,INR,INR,2024-08-11 12:47:34+00:00,2024-08-07T08:08:50.413000+00:00,2025-01-27T06:39:43+00:00,"EXECUTIVE OFFICER, BODHGAYA",EO,NAGAR PANCHAYAT BODHGAYA,"BODHGAYA NAGAR PANCHAYAT, GAYA, BIHAR 824231","EXECUTIVE OFFICER, BODHGAYA",EO,NAGAR PANCHAYAT BODHGAYA,94000.0,5000.0,590.0,True,"{'Flood': 0, 'Embankment': 0, 'embkt': 0, 'Relief': 0, 'Erosion': 0, 'SDRF': 0, 'Inundation': 0, 'Hydrology': 0, 'Silt': 0, 'Siltation': 0, 'Bund': 0, 'Trench': 0, 'Breach': 0, 'Culvert': 0, 'Sluice': 0, 'Dyke': 0, 'Storm water drain': 0, 'Emergency': 0, 'Immediate': 0, 'IM': 0, 'AE': 0, 'A E': 0, 'AAPDA MITRA': 0, 'Bridge': 0, 'River': 2, 'Drain': 2, 'Restoration': 0, 'Protection': 0, 'irr': 0, 'irrigation': 0, 'dam': 0, 'Nallah': 0, 'nala': 0, 'Retrofitting': 0, 'Pond': 0, 'Pokhari': 0, 'D/C': 0, 'Recharge shaft': 0, 'LFB': 0, 'RFB': 0}","{'Floodlight': 0, 'Flood Light': 0, 'GAS': 0, 'FIFA': 0, 'pipe': 0, 'pipes': 0, 'covid': 0, 'supply': 0, 'Beautification': 0, 'Installation': 0}",,,False,True,Others
67258,NIT04/2024-25-NNM/GR05,NAGAR NIGAM MADHUBANI ANTARGART WARD NO 18 ME SUNDAR CHOWK SE DAKSHIN TARAF NAWAL KISHOR KE GHAR TAK SADAK AWAM NALA NIRMAN,NAGAR NIGAM MADHUBANI ANTARGART WARD NO 18 ME SUNDAR CHOWK SE DAKSHIN TARAF NAWAL KISHOR KE GHAR TAK SADAK AWAM NALA NIRMAN,2984300.0,INR,INR,2024-08-07 09:34:33+00:00,2024-08-07T09:11:56.453000+00:00,2025-09-25T08:38:49+00:00,"MUNICIPAL COMMISSIONER , NAGAR NIGAM MADHUBANI",MC,NAGAR NIGAM MADHUBANI,"STATE BANK ROAD MADHUBANI, PO+PS MADHUBANI(BIHAR)","MUNICIPAL COMMISSIONER , NAGAR NIGAM MADHUBANI",MC,NAGAR NIGAM MADHUBANI,59686.0,5000.0,590.0,True,"{'Flood': 0, 'Embankment': 0, 'embkt': 0, 'Relief': 0, 'Erosion': 0, 'SDRF': 0, 'Inundation': 0, 'Hydrology': 0, 'Silt': 0, 'Siltation': 0, 'Bund': 0, 'Trench': 0, 'Breach': 0, 'Culvert': 0, 'Sluice': 0, 'Dyke': 0, 'Storm water drain': 0, 'Emergency': 0, 'Immediate': 0, 'IM': 0, 'AE': 0, 'A E': 0, 'AAPDA MITRA': 0, 'Bridge': 0, 'River': 0, 'Drain': 0, 'Restoration': 0, 'Protection': 0, 'irr': 0, 'irrigation': 0, 'dam': 0, 'Nallah': 0, 'nala': 2, 'Retrofitting': 0, 'Pond': 0, 'Pokhari': 0, 'D/C': 0, 'Recharge shaft': 0, 'LFB': 0, 'RFB': 0}","{'Floodlight': 0, 'Flood Light': 0, 'GAS': 0, 'FIFA': 0, 'pipe': 0, 'pipes': 0, 'covid': 0, 'supply': 0, 'Beautification': 0, 'Installation': 0}",,,False,False,Immediate Measures
67232,NIT-10/2024-25/GR-16,CONSTRUCTION OF ROAD AND DRAIN FROM RAJKUMAR JI HOUSE VIA BHOLA PRASAD JI HOUSE TO NEAR NAKSHAD PRASAD LAND IN PARVATIYA CHAWK NAUKA TOLA  FOR WARD NO-42 UNDER NAGAR NIGAM BETTIAH DURING THE YEAR-2023-2024,CONSTRUCTION OF ROAD AND DRAIN FROM RAJKUMAR JI HOUSE VIA BHOLA PRASAD JI HOUSE TO NEAR NAKSHAD PRASAD LAND IN PARVATIYA CHAWK NAUKA TOLA  FOR WARD NO-42 UNDER NAGAR NIGAM BETTIAH DURING THE YEAR-2023-2024,1692076.0,INR,INR,2024-08-07 07:52:25+00:00,2024-08-07T07:48:14.238000+00:00,2024-10-05T06:18:28+00:00,Laxman Tiwari,MC Bettiah Municipal Corporation,BETTIAH NAGAR NIGAM,OFFICE OF BETTIAH NAGAR NIGAM,Laxman Tiwari,MC Bettiah Municipal Corporation,BETTIAH NAGAR NIGAM,33841.0,5000.0,590.0,True,"{'Flood': 0, 'Embankment': 0, 'embkt': 0, 'Relief': 0, 'Erosion': 0, 'SDRF': 0, 'Inundation': 0, 'Hydrology': 0, 'Silt': 0, 'Siltation': 0, 'Bund': 0, 'Trench': 0, 'Breach': 0, 'Culvert': 0, 'Sluice': 0, 'Dyke': 0, 'Storm water drain': 0, 'Emergency': 0, 'Immediate': 0, 'IM': 0, 'AE': 0, 'A E': 0, 'AAPDA MITRA': 0, 'Bridge': 0, 'River': 0, 'Drain': 2, 'Restoration': 0, 'Protection': 0, 'irr': 0, 'irrigation': 0, 'dam': 0, 'Nallah': 0, 'nala': 0, 'Retrofitting': 0, 'Pond': 0, 'Pokhari': 0, 'D/C': 0, 'Recharge shaft': 0, 'LFB': 0, 'RFB': 0}","{'Floodlight': 0, 'Flood Light': 0, 'GAS': 0, 'FIFA': 0, 'pipe': 0, 'pipes': 0, 'covid': 0, 'supply': 0, 'Beautification': 0, 'Installation': 0}",,,False,True,Immediate Measures
67233,NIT-10/2024-25/GR-17,CONSTRUCTION OF ROAD FROM JUGHLI BIN JI HOUSE VIA GANPAT JI HOUSE TO TOWARDS SHAKEL DEV BIN JI GAUGESH AND DRAIN  FROM JUGLI BIN JI HOUSE TO TOWARDS GANPATI JI JOUSE IN PIPRA  FOR WARD NO-44 UNDER NAGAR NIGAM BETTIAH DURING THE YEAR   2023-2024,CONSTRUCTION OF ROAD FROM JUGHLI BIN JI HOUSE VIA GANPAT JI HOUSE TO TOWARDS SHAKEL DEV BIN JI GAUGESH AND DRAIN  FROM JUGLI BIN JI HOUSE TO TOWARDS GANPATI JI JOUSE IN PIPRA  FOR WARD NO-44 UNDER NAGAR NIGAM BETTIAH DURING THE YEAR   2023-2024,2043584.0,INR,INR,2024-08-07 07:56:41+00:00,2024-08-07T07:52:55.781000+00:00,2025-02-25T12:02:32+00:00,Laxman Tiwari,MC Bettiah Municipal Corporation,BETTIAH NAGAR NIGAM,OFFICE OF BETTIAH NAGAR NIGAM,Laxman Tiwari,MC Bettiah Municipal Corporation,BETTIAH NAGAR NIGAM,40871.0,5000.0,590.0,True,"{'Flood': 0, 'Embankment': 0, 'embkt': 0, 'Relief': 0, 'Erosion': 0, 'SDRF': 0, 'Inundation': 0, 'Hydrology': 0, 'Silt': 0, 'Siltation': 0, 'Bund': 0, 'Trench': 0, 'Breach': 0, 'Culvert': 0, 'Sluice': 0, 'Dyke': 0, 'Storm water drain': 0, 'Emergency': 0, 'Immediate': 0, 'IM': 0, 'AE': 0, 'A E': 0, 'AAPDA MITRA': 0, 'Bridge': 0, 'River': 0, 'Drain': 2, 'Restoration': 0, 'Protection': 0, 'irr': 0, 'irrigation': 0, 'dam': 0, 'Nallah': 0, 'nala': 0, 'Retrofitting': 0, 'Pond': 0, 'Pokhari': 0, 'D/C': 0, 'Recharge shaft': 0, 'LFB': 0, 'RFB': 0}","{'Floodlight': 0, 'Flood Light': 0, 'GAS': 0, 'FIFA': 0, 'pipe': 0, 'pipes': 0, 'covid': 0, 'supply': 0, 'Beautification': 0, 'Installation': 0}",,,False,True,Immediate Measures
67282,NIT04/2024-25-NNM/GR12,NAGAR NIGAM MADHUBANI ANTARGART THANA CHOWK SE DTO OFFICE HOTE HUYE TIRHUT COLONY TAK RCC NALA NIRMAN,NAGAR NIGAM MADHUBANI ANTARGART THANA CHOWK SE DTO OFFICE HOTE HUYE TIRHUT COLONY TAK RCC NALA NIRMAN,4891600.0,INR,INR,2024-08-07 10:48:46+00:00,2024-08-07T10:40:25.372000+00:00,2025-08-29T09:49:04+00:00,"MUNICIPAL COMMISSIONER , NAGAR NIGAM MADHUBANI",MC,NAGAR NIGAM MADHUBANI,"STATE BANK ROAD MADHUBANI, PO+PS MADHUBANI(BIHAR)","MUNICIPAL COMMISSIONER , NAGAR NIGAM MADHUBANI",MC,NAGAR NIGAM MADHUBANI,97832.0,5000.0,590.0,True,"{'Flood': 0, 'Embankment': 0, 'embkt': 0, 'Relief': 0, 'Erosion': 0, 'SDRF': 0, 'Inundation': 0, 'Hydrology': 0, 'Silt': 0, 'Siltation': 0, 'Bund': 0, 'Trench': 0, 'Breach': 0, 'Culvert': 0, 'Sluice': 0, 'Dyke': 0, 'Storm water drain': 0, 'Emergency': 0, 'Immediate': 0, 'IM': 0, 'AE': 0, 'A E': 0, 'AAPDA MITRA': 0, 'Bridge': 0, 'River': 0, 'Drain': 0, 'Restoration': 0, 'Protection': 0, 'irr': 0, 'irrigation': 0, 'dam': 0, 'Nallah': 0, 'nala': 2, 'Retrofitting': 0, 'Pond': 0, 'Pokhari': 0, 'D/C': 0, 'Recharge shaft': 0, 'LFB': 0, 'RFB': 0}","{'Floodlight': 0, 'Flood Light': 0, 'GAS': 0, 'FIFA': 0, 'pipe': 0, 'pipes': 0, 'covid': 0, 'supply': 0, 'Beautification': 0, 'Installation': 0}",,,False,False,Immediate Measures
67278,NIT04/2024-25-NNM/GR10,NAGAR NIGAM MADHUBANI ANTARGART WARD NO-21 ME CHAKDAH ME SURENDRA DAS KE GHAR SE UTTAR HANUMAN MANDIR TAK SADAK AWAM NALA NIRMAN,NAGAR NIGAM MADHUBANI ANTARGART WARD NO-21 ME CHAKDAH ME SURENDRA DAS KE GHAR SE UTTAR HANUMAN MANDIR TAK SADAK AWAM NALA NIRMAN,4879150.0,INR,INR,2024-08-07 10:30:41+00:00,2024-08-07T10:23:35.659000+00:00,2025-12-13T11:41:16+00:00,"MUNICIPAL COMMISSIONER , NAGAR NIGAM MADHUBANI",MC,NAGAR NIGAM MADHUBANI,"STATE BANK ROAD MADHUBANI, PO+PS MADHUBANI(BIHAR)","MUNICIPAL COMMISSIONER , NAGAR NIGAM MADHUBANI",MC,NAGAR NIGAM MADHUBANI,97583.0,5000.0,590.0,True,"{'Flood': 0, 'Embankment': 0, 'embkt': 0, 'Relief': 0, 'Erosion': 0, 'SDRF': 0, 'Inundation': 0, 'Hydrology': 0, 'Silt': 0, 'Siltation': 0, 'Bund': 0, 'Trench': 0, 'Breach': 0, 'Culvert': 0, 'Sluice': 0, 'Dyke': 0, 'Storm water drain': 0, 'Emergency': 0, 'Immediate': 0, 'IM': 0, 'AE': 0, 'A E': 0, 'AAPDA MITRA': 0, 'Bridge': 0, 'River': 0, 'Drain': 0, 'Restoration': 0, 'Protection': 0, 'irr': 0, 'irrigation': 0, 'dam': 0, 'Nallah': 0, 'nala': 2, 'Retrofitting': 0, 'Pond': 0, 'Pokhari': 0, 'D/C': 0, 'Recharge shaft': 0, 'LFB': 0, 'RFB': 0}","{'Floodlight': 0, 'Flood Light': 0, 'GAS': 0, 'FIFA': 0, 'pipe': 0, 'pipes': 0, 'covid': 0, 'supply': 0, 'Beautification': 0, 'Installation': 0}",,,False,False,Immediate Measures
67273,NIT04/2024-25-NNM/GR07,NAGAR NIGAM MADHUBANI ANTARGART TIRHUT COLONY SE EID MOHAMMAD CHOWK TAK RCC NALA NIRMAN,NAGAR NIGAM MADHUBANI ANTARGART TIRHUT COLONY SE EID MOHAMMAD CHOWK TAK RCC NALA NIRMAN,4891600.0,INR,INR,2024-08-07 09:59:26+00:00,2024-08-07T09:49:16.001000+00:00,2024-08-20T10:49:54+00:00,"MUNICIPAL COMMISSIONER , NAGAR NIGAM MADHUBANI",MC,NAGAR NIGAM MADHUBANI,"STATE BANK ROAD MADHUBANI, PO+PS MADHUBANI(BIHAR)","MUNICIPAL COMMISSIONER , NAGAR NIGAM MADHUBANI",MC,NAGAR NIGAM MADHUBANI,97832.0,5000.0,590.0,True,"{'Flood': 0, 'Embankment': 0, 'embkt': 0, 'Relief': 0, 'Erosion': 0, 'SDRF': 0, 'Inundation': 0, 'Hydrology': 0, 'Silt': 0, 'Siltation': 0, 'Bund': 0, 'Trench': 0, 'Breach': 0, 'Culvert': 0, 'Sluice': 0, 'Dyke': 0, 'Storm water drain': 0, 'Emergency': 0, 'Immediate': 0, 'IM': 0, 'AE': 0, 'A E': 0, 'AAPDA MITRA': 0, 'Bridge': 0, 'River': 0, 'Drain': 0, 'Restoration': 0, 'Protection': 0, 'irr': 0, 'irrigation': 0, 'dam': 0, 'Nallah': 0, 'nala': 2, 'Retrofitting': 0, 'Pond': 0, 'Pokhari': 0, 'D/C': 0, 'Recharge shaft': 0, 'LFB': 0, 'RFB': 0}","{'Floodlight': 0, 'Flood Light': 0, 'GAS': 0, 'FIFA': 0, 'pipe': 0, 'pipes': 0, 'covid': 0, 'supply': 0, 'Beautification': 0, 'Installation': 0}",,,False,False,Immediate Measures
67280,NIT04/2024-25-NNM/GR11,"NAGAR NIGAM MADHUBANI ANTARGART TOWN CLUB KA CHAHAR DIWARI,  NALA NIRMAN AWAM MANCH KA JIRNODHAR","NAGAR NIGAM MADHUBANI ANTARGART TOWN CLUB KA CHAHAR DIWARI,  NALA NIRMAN AWAM MANCH KA JIRNODHAR",4949740.0,INR,INR,2024-08-07 10:39:18+00:00,2024-08-07T10:31:09.138000+00:00,2025-03-29T14:16:24+00:00,"MUNICIPAL COMMISSIONER , NAGAR NIGAM MADHUBANI",MC,NAGAR NIGAM MADHUBANI,"STATE BANK ROAD MADHUBANI, PO+PS MADHUBANI(BIHAR)","MUNICIPAL COMMISSIONER , NAGAR NIGAM MADHUBANI",MC,NAGAR NIGAM MADHUBANI,98995.0,5000.0,590.0,True,"{'Flood': 0, 'Embankment': 0, 'embkt': 0, 'Relief': 0, 'Erosion': 0, 'SDRF': 0, 'Inundation': 0, 'Hydrology': 0, 'Silt': 0, 'Siltation': 0, 'Bund': 0, 'Trench': 0, 'Breach': 0, 'Culvert': 0, 'Sluice': 0, 'Dyke': 0, 'Storm water drain': 0, 'Emergency': 0, 'Immediate': 0, 'IM': 0, 'AE': 0, 'A E': 0, 'AAPDA MITRA': 0, 'Bridge': 0, 'River': 0, 'Drain': 0, 'Restoration': 0, 'Protection': 0, 'irr': 0, 'irrigation': 0, 'dam': 0, 'Nallah': 0, 'nala': 2, 'Retrofitting': 0, 'Pond': 0, 'Pokhari': 0, 'D/C': 0, 'Recharge shaft': 0, 'LFB': 0, 'RFB': 0}","{'Floodlight': 0, 'Flood Light': 0, 'GAS': 0, 'FIFA': 0, 'pipe': 0, 'pipes': 0, 'covid': 0, 'supply': 0, 'Beautification': 0, 'Installation': 0}",,,False,False,Immediate Measures
67235,NIT-01/2024-25/G130,"Construction of Drain from Behind Bhalua Post Office to Kishori Yadav House in Ward No-17 , Under Nagar Parishad Bodhgaya, District-Gaya.","Construction of Drain from Behind Bhalua Post Office to Kishori Yadav House in Ward No-17 , Under Nagar Parishad Bodhgaya, District-Gaya.",4697654.0,INR,INR,2024-08-11 12:45:46+00:00,2024-08-07T07:54:05.099000+00:00,2025-01-27T06:23:18+00:00,"EXECUTIVE OFFICER, BODHGAYA",EO,NAGAR PANCHAYAT BODHGAYA,"BODHGAYA NAGAR PANCHAYAT, GAYA, BIHAR 824231","EXECUTIVE OFFICER, BODHGAYA",EO,NAGAR PANCHAYAT BODHGAYA,94000.0,5000.0,590.0,True,"{'Flood': 0, 'Embankment': 0, 'embkt': 0, 'Relief': 0, 'Erosion': 0, 'SDRF': 0, 'Inundation': 0, 'Hydrology': 0, 'Silt': 0, 'Siltation': 0, 'Bund': 0, 'Trench': 0, 'Breach': 0, 'Culvert': 0, 'Sluice': 0, 'Dyke': 0, 'Storm water drain': 0, 'Emergency': 0, 'Immediate': 0, 'IM': 0, 'AE': 0, 'A E': 0, 'AAPDA MITRA': 0, 'Bridge': 0, 'River': 0, 'Drain': 2, 'Restoration': 0, 'Protection': 0, 'irr': 0, 'irrigation': 0, 'dam': 0, 'Nallah': 0, 'nala': 0, 'Retrofitting': 0, 'Pond': 0, 'Pokhari': 0, 'D/C': 0, 'Recharge shaft': 0, 'LFB': 0, 'RFB': 0}","{'Floodlight': 0, 'Flood Light': 0, 'GAS': 0, 'FIFA': 0, 'pipe': 0, 'pipes': 0, 'covid': 0, 'supply': 0, 'Beautification': 0, 'Installation': 0}",,,False,True,Others
67288,NIT04/2024-25-NNM/GR14,"Construction of a covered drain from Suraj Thakur (Hajam)'s house to Kali Temple, passing through Kamala Sthan to Mahadev Temple in Ward No. 31 of Madhubani Municipal Corporation","Construction of a covered drain from Suraj Thakur (Hajam)'s house to Kali Temple, passing through Kamala Sthan to Mahadev Temple in Ward No. 31 of Madhubani Municipal Corporation",3319900.0,INR,INR,2024-08-07 11:03:33+00:00,2024-08-07T10:58:24.637000+00:00,2025-05-06T18:49:12+00:00,"MUNICIPAL COMMISSIONER , NAGAR NIGAM MADHUBANI",MC,NAGAR NIGAM MADHUBANI,"STATE BANK ROAD MADHUBANI, PO+PS MADHUBANI(BIHAR)","MUNICIPAL COMMISSIONER , NAGAR NIGAM MADHUBANI",MC,NAGAR NIGAM MADHUBANI,66398.0,5000.0,590.0,True,"{'Flood': 0, 'Embankment': 0, 'embkt': 0, 'Relief': 0, 'Erosion': 0, 'SDRF': 0, 'Inundation': 0, 'Hydrology': 0, 'Silt': 0, 'Siltation': 0, 'Bund': 0, 'Trench': 0, 'Breach': 0, 'Culvert': 0, 'Sluice': 0, 'Dyke': 0, 'Storm water drain': 0, 'Emergency': 0, 'Immediate': 0, 'IM': 0, 'AE': 0, 'A E': 0, 'AAPDA MITRA': 0, 'Bridge': 0, 'River': 0, 'Drain': 2, 'Restoration': 0, 'Protection': 0, 'irr': 0, 'irrigation': 0, 'dam': 0, 'Nallah': 0, 'nala': 0, 'Retrofitting': 0, 'Pond': 0, 'Pokhari': 0, 'D/C': 0, 'Recharge shaft': 0, 'LFB': 0, 'RFB': 0}","{'Floodlight': 0, 'Flood Light': 0, 'GAS': 0, 'FIFA': 0, 'pipe': 0, 'pipes': 0, 'covid': 0, 'supply': 0, 'Beautification': 0, 'Installation': 0}",,,False,True,Immediate Measures
67290,NIT04/2024-25-NNM/GR15,NAGAR NIGAM MADHUBANI ANTARGART WATSON SCHOOL SE NIGAM OFFICE TAK PCC & NALA NIRMAN,NAGAR NIGAM MADHUBANI ANTARGART WATSON SCHOOL SE NIGAM OFFICE TAK PCC & NALA NIRMAN,4893205.0,INR,INR,2024-08-07 11:34:26+00:00,2024-08-07T11:08:39.346000+00:00,2025-08-29T08:58:04+00:00,"MUNICIPAL COMMISSIONER , NAGAR NIGAM MADHUBANI",MC,NAGAR NIGAM MADHUBANI,"STATE BANK ROAD MADHUBANI, PO+PS MADHUBANI(BIHAR)","MUNICIPAL COMMISSIONER , NAGAR NIGAM MADHUBANI",MC,NAGAR NIGAM MADHUBANI,97864.0,5000.0,590.0,True,"{'Flood': 0, 'Embankment': 0, 'embkt': 0, 'Relief': 0, 'Erosion': 0, 'SDRF': 0, 'Inundation': 0, 'Hydrology': 0, 'Silt': 0, 'Siltation': 0, 'Bund': 0, 'Trench': 0, 'Breach': 0, 'Culvert': 0, 'Sluice': 0, 'Dyke': 0, 'Storm water drain': 0, 'Emergency': 0, 'Immediate': 0, 'IM': 0, 'AE': 0, 'A E': 0, 'AAPDA MITRA': 0, 'Bridge': 0, 'River': 0, 'Drain': 0, 'Restoration': 0, 'Protection': 0, 'irr': 0, 'irrigation': 0, 'dam': 0, 'Nallah': 0, 'nala': 2, 'Retrofitting': 0, 'Pond': 0, 'Pokhari': 0, 'D/C': 0, 'Recharge shaft': 0, 'LFB': 0, 'RFB': 0}","{'Floodlight': 0, 'Flood Light': 0, 'GAS': 0, 'FIFA': 0, 'pipe': 0, 'pipes': 0, 'covid': 0, 'supply': 0, 'Beautification': 0, 'Installation': 0}",,,False,False,Immediate Measures
67295,NIT04/2024-25-NNM/GR18,"Construction of a covered drain from Ambedkar School to Bablu Ram's house, passing through Ravidas Toli to the main road in Ward No. 26 (old) and Ward No. 41 (new) in Madhubani Municipal","Construction of a covered drain from Ambedkar School to Bablu Ram's house, passing through Ravidas Toli to the main road in Ward No. 26 (old) and Ward No. 41 (new) in Madhubani Municipal",2412100.0,INR,INR,2024-08-07 11:58:59+00:00,2024-08-07T11:54:21.260000+00:00,2025-01-16T15:31:01+00:00,"MUNICIPAL COMMISSIONER , NAGAR NIGAM MADHUBANI",MC,NAGAR NIGAM MADHUBANI,"STATE BANK ROAD MADHUBANI, PO+PS MADHUBANI(BIHAR)","MUNICIPAL COMMISSIONER , NAGAR NIGAM MADHUBANI",MC,NAGAR NIGAM MADHUBANI,48242.0,5000.0,590.0,True,"{'Flood': 0, 'Embankment': 0, 'embkt': 0, 'Relief': 0, 'Erosion': 0, 'SDRF': 0, 'Inundation': 0, 'Hydrology': 0, 'Silt': 0, 'Siltation': 0, 'Bund': 0, 'Trench': 0, 'Breach': 0, 'Culvert': 0, 'Sluice': 0, 'Dyke': 0, 'Storm water drain': 0, 'Emergency': 0, 'Immediate': 0, 'IM': 0, 'AE': 0, 'A E': 0, 'AAPDA MITRA': 0, 'Bridge': 0, 'River': 0, 'Drain': 2, 'Restoration': 0, 'Protection': 0, 'irr': 0, 'irrigation': 0, 'dam': 0, 'Nallah': 0, 'nala': 0, 'Retrofitting': 0, 'Pond': 0, 'Pokhari': 0, 'D/C': 0, 'Recharge shaft': 0, 'LFB': 0, 'RFB': 0}","{'Floodlight': 0, 'Flood Light': 0, 'GAS': 0, 'FIFA': 0, 'pipe': 0, 'pipes': 0, 'covid': 0, 'supply': 0, 'Beautification': 0, 'Installation': 0}",,,False,True,Immediate Measures
67298,NIT04/2024-25-NNM/GR19,NAGAR NIGAM MADHUBANI ANTARGART WARD NO-23 ME CHURI BAZAR DHOBIYA TOLI SE MAXI STAND HOTE HUYE MUKHYA SADAK TAK SADAK AWAM NALA NIRMAN,NAGAR NIGAM MADHUBANI ANTARGART WARD NO-23 ME CHURI BAZAR DHOBIYA TOLI SE MAXI STAND HOTE HUYE MUKHYA SADAK TAK SADAK AWAM NALA NIRMAN,4648900.0,INR,INR,2024-08-07 12:12:43+00:00,2024-08-07T12:05:52.801000+00:00,2024-08-21T05:52:14+00:00,"MUNICIPAL COMMISSIONER , NAGAR NIGAM MADHUBANI",MC,NAGAR NIGAM MADHUBANI,"STATE BANK ROAD MADHUBANI, PO+PS MADHUBANI(BIHAR)","MUNICIPAL COMMISSIONER , NAGAR NIGAM MADHUBANI",MC,NAGAR NIGAM MADHUBANI,92978.0,5000.0,590.0,True,"{'Flood': 0, 'Embankment': 0, 'embkt': 0, 'Relief': 0, 'Erosion': 0, 'SDRF': 0, 'Inundation': 0, 'Hydrology': 0, 'Silt': 0, 'Siltation': 0, 'Bund': 0, 'Trench': 0, 'Breach': 0, 'Culvert': 0, 'Sluice': 0, 'Dyke': 0, 'Storm water drain': 0, 'Emergency': 0, 'Immediate': 0, 'IM': 0, 'AE': 0, 'A E': 0, 'AAPDA MITRA': 0, 'Bridge': 0, 'River': 0, 'Drain': 0, 'Restoration': 0, 'Protection': 0, 'irr': 0, 'irrigation': 0, 'dam': 0, 'Nallah': 0, 'nala': 2, 'Retrofitting': 0, 'Pond': 0, 'Pokhari': 0, 'D/C': 0, 'Recharge shaft': 0, 'LFB': 0, 'RFB': 0}","{'Floodlight': 0, 'Flood Light': 0, 'GAS': 0, 'FIFA': 0, 'pipe': 0, 'pipes': 0, 'covid': 0, 'supply': 0, 'Beautification': 0, 'Installation': 0}",,,False,False,Immediate Measures
67309,NIT-01/2024-25/GROUP-04,Construction of drain from Devi Asthan Vaidhbigha to West Pyne under Nagar Parishad Tekari,Construction of drain from Devi Asthan Vaidhbigha to West Pyne under Nagar Parishad Tekari,2460721.0,INR,INR,2024-08-07 12:46:35+00:00,2024-08-07T12:41:03.285000+00:00,2025-03-11T07:51:18+00:00,RAJESH KUMAR JHA,EXECUTIVE OFFICER NAGAR PARISHAD TEKARI,NAGAR PARISHAD TEKARI,OFFICE TEKARI,RAJESH KUMAR JHA,EXECUTIVE ENGINEER NAGAR PARISHAD TEKARI,NAGAR PARISHAD TEKARI,49300.0,5000.0,590.0,True,"{'Flood': 0, 'Embankment': 0, 'embkt': 0, 'Relief': 0, 'Erosion': 0, 'SDRF': 0, 'Inundation': 0, 'Hydrology': 0, 'Silt': 0, 'Siltation': 0, 'Bund': 0, 'Trench': 0, 'Breach': 0, 'Culvert': 0, 'Sluice': 0, 'Dyke': 0, 'Storm water drain': 0, 'Emergency': 0, 'Immediate': 0, 'IM': 0, 'AE': 0, 'A E': 0, 'AAPDA MITRA': 0, 'Bridge': 0, 'River': 0, 'Drain': 2, 'Restoration': 0, 'Protection': 0, 'irr': 0, 'irrigation': 0, 'dam': 0, 'Nallah': 0, 'nala': 0, 'Retrofitting': 0, 'Pond': 0, 'Pokhari': 0, 'D/C': 0, 'Recharge shaft': 0, 'LFB': 0, 'RFB': 0}","{'Floodlight': 0, 'Flood Light': 0, 'GAS': 0, 'FIFA': 0, 'pipe': 0, 'pipes': 0, 'covid': 0, 'supply': 0, 'Beautification': 0, 'Installation': 0}",,,False,True,Immediate Measures
67325,NIT-01/2024-25/GROUP-07,Construction of drain with cover in rest part of Murari Ram house to Mau Pyne in Ward No. 25 under Nagar Parishad Tekari,Construction of drain with cover in rest part of Murari Ram house to Mau Pyne in Ward No. 25 under Nagar Parishad Tekari,1547976.0,INR,INR,2024-08-07 13:02:08+00:00,2024-08-07T12:57:54.354000+00:00,2025-03-11T07:58:44+00:00,RAJESH KUMAR JHA,EXECUTIVE OFFICER NAGAR PARISHAD TEKARI,NAGAR PARISHAD TEKARI,OFFICE TEKARI,RAJESH KUMAR JHA,EXECUTIVE ENGINEER NAGAR PARISHAD TEKARI,NAGAR PARISHAD TEKARI,31000.0,5000.0,590.0,True,"{'Flood': 0, 'Embankment': 0, 'embkt': 0, 'Relief': 0, 'Erosion': 0, 'SDRF': 0, 'Inundation': 0, 'Hydrology': 0, 'Silt': 0, 'Siltation': 0, 'Bund': 0, 'Trench': 0, 'Breach': 0, 'Culvert': 0, 'Sluice': 0, 'Dyke': 0, 'Storm water drain': 0, 'Emergency': 0, 'Immediate': 0, 'IM': 0, 'AE': 0, 'A E': 0, 'AAPDA MITRA': 0, 'Bridge': 0, 'River': 0, 'Drain': 2, 'Restoration': 0, 'Protection': 0, 'irr': 0, 'irrigation': 0, 'dam': 0, 'Nallah': 0, 'nala': 0, 'Retrofitting': 0, 'Pond': 0, 'Pokhari': 0, 'D/C': 0, 'Recharge shaft': 0, 'LFB': 0, 'RFB': 0}","{'Floodlight': 0, 'Flood Light': 0, 'GAS': 0, 'FIFA': 0, 'pipe': 0, 'pipes': 0, 'covid': 0, 'supply': 0, 'Beautification': 0, 'Installation': 0}",,,False,True,Immediate Measures
67321,NIT-01/2024-25/GROUP-06,Construction of drain with cover from Sanjay Choudhri House to Rakwa and Other Places in Choudhri Mohalla in Ward No. 02 under Nagar Parishad Tekari,Construction of drain with cover from Sanjay Choudhri House to Rakwa and Other Places in Choudhri Mohalla in Ward No. 02 under Nagar Parishad Tekari,1373161.0,INR,INR,2024-08-07 12:57:39+00:00,2024-08-07T12:53:52.451000+00:00,2025-03-11T08:31:53+00:00,RAJESH KUMAR JHA,EXECUTIVE OFFICER NAGAR PARISHAD TEKARI,NAGAR PARISHAD TEKARI,OFFICE TEKARI,RAJESH KUMAR JHA,EXECUTIVE ENGINEER NAGAR PARISHAD TEKARI,NAGAR PARISHAD TEKARI,27500.0,2500.0,590.0,True,"{'Flood': 0, 'Embankment': 0, 'embkt': 0, 'Relief': 0, 'Erosion': 0, 'SDRF': 0, 'Inundation': 0, 'Hydrology': 0, 'Silt': 0, 'Siltation': 0, 'Bund': 0, 'Trench': 0, 'Breach': 0, 'Culvert': 0, 'Sluice': 0, 'Dyke': 0, 'Storm water drain': 0, 'Emergency': 0, 'Immediate': 0, 'IM': 0, 'AE': 0, 'A E': 0, 'AAPDA MITRA': 0, 'Bridge': 0, 'River': 0, 'Drain': 2, 'Restoration': 0, 'Protection': 0, 'irr': 0, 'irrigation': 0, 'dam': 0, 'Nallah': 0, 'nala': 0, 'Retrofitting': 0, 'Pond': 0, 'Pokhari': 0, 'D/C': 0, 'Recharge shaft': 0, 'LFB': 0, 'RFB': 0}","{'Floodlight': 0, 'Flood Light': 0, 'GAS': 0, 'FIFA': 0, 'pipe': 0, 'pipes': 0, 'covid': 0, 'supply': 0, 'Beautification': 0, 'Installation': 0}",,,False,True,Immediate Measures
67335,NIT04/2024-25-NNM/GR25,Excavation and renovation work of the only pond of the Municipal Corporation office.,Excavation and renovation work of the only pond of the Municipal Corporation office.,2319620.0,INR,INR,2024-08-07 15:01:36+00:00,2024-08-07T14:53:47.158000+00:00,2025-01-29T11:53:13+00:00,"MUNICIPAL COMMISSIONER , NAGAR NIGAM MADHUBANI",MC,NAGAR NIGAM MADHUBANI,"STATE BANK ROAD MADHUBANI, PO+PS MADHUBANI(BIHAR)","MUNICIPAL COMMISSIONER , NAGAR NIGAM MADHUBANI",MC,NAGAR NIGAM MADHUBANI,46392.0,5000.0,590.0,True,"{'Flood': 0, 'Embankment': 0, 'embkt': 0, 'Relief': 0, 'Erosion': 0, 'SDRF': 0, 'Inundation': 0, 'Hydrology': 0, 'Silt': 0, 'Siltation': 0, 'Bund': 0, 'Trench': 0, 'Breach': 0, 'Culvert': 0, 'Sluice': 0, 'Dyke': 0, 'Storm water drain': 0, 'Emergency': 0, 'Immediate': 0, 'IM': 0, 'AE': 0, 'A E': 0, 'AAPDA MITRA': 0, 'Bridge': 0, 'River': 0, 'Drain': 0, 'Restoration': 0, 'Protection': 0, 'irr': 0, 'irrigation': 0, 'dam': 0, 'Nallah': 0, 'nala': 0, 'Retrofitting': 0, 'Pond': 2, 'Pokhari': 0, 'D/C': 0, 'Recharge shaft': 0, 'LFB': 0, 'RFB': 0}","{'Floodlight': 0, 'Flood Light': 0, 'GAS': 0, 'FIFA': 0, 'pipe': 0, 'pipes': 0, 'covid': 0, 'supply': 0, 'Beautification': 0, 'Installation': 0}",,,False,False,Immediate Measures
67336,NIT04/2024-25-NNM/GR26,Construction of a road along with a covered drain from Mangalam Kumar Jha's house to the main road in Ward No. 41 (new) of Madhubani Municipal Corporation.,Construction of a road along with a covered drain from Mangalam Kumar Jha's house to the main road in Ward No. 41 (new) of Madhubani Municipal Corporation.,1378196.0,INR,INR,2024-08-07 15:12:24+00:00,2024-08-07T15:02:20.374000+00:00,2025-04-09T07:14:55+00:00,"MUNICIPAL COMMISSIONER , NAGAR NIGAM MADHUBANI",MC,NAGAR NIGAM MADHUBANI,"STATE BANK ROAD MADHUBANI, PO+PS MADHUBANI(BIHAR)","MUNICIPAL COMMISSIONER , NAGAR NIGAM MADHUBANI",MC,NAGAR NIGAM MADHUBANI,27564.0,2500.0,590.0,True,"{'Flood': 0, 'Embankment': 0, 'embkt': 0, 'Relief': 0, 'Erosion': 0, 'SDRF': 0, 'Inundation': 0, 'Hydrology': 0, 'Silt': 0, 'Siltation': 0, 'Bund': 0, 'Trench': 0, 'Breach': 0, 'Culvert': 0, 'Sluice': 0, 'Dyke': 0, 'Storm water drain': 0, 'Emergency': 0, 'Immediate': 0, 'IM': 0, 'AE': 0, 'A E': 0, 'AAPDA MITRA': 0, 'Bridge': 0, 'River': 0, 'Drain': 2, 'Restoration': 0, 'Protection': 0, 'irr': 0, 'irrigation': 0, 'dam': 0, 'Nallah': 0, 'nala': 0, 'Retrofitting': 0, 'Pond': 0, 'Pokhari': 0, 'D/C': 0, 'Recharge shaft': 0, 'LFB': 0, 'RFB': 0}","{'Floodlight': 0, 'Flood Light': 0, 'GAS': 0, 'FIFA': 0, 'pipe': 0, 'pipes': 0, 'covid': 0, 'supply': 0, 'Beautification': 0, 'Installation': 0}",,,False,True,Immediate Measures
67342,NIT03/GRP02,Construction of RCC Drain from Kishore Da House via Bahadurganj Thana to Shiv Mandir Chowk Drain at Ward No. 11.,Construction of RCC Drain from Kishore Da House via Bahadurganj Thana to Shiv Mandir Chowk Drain at Ward No. 11.,4884100.0,INR,INR,2024-08-07 15:32:42+00:00,2024-08-07T15:29:40.181000+00:00,2025-02-02T16:41:47+00:00,"ATIUR RAHMAN,",EO,NAGAR PARISAD JANAKPUR,JANAKPUR ROAD PUPARI,"ATIUR RAHMAN,",EO,NAGAR PARISAD JANAKPUR,97700.0,5000.0,590.0,True,"{'Flood': 0, 'Embankment': 0, 'embkt': 0, 'Relief': 0, 'Erosion': 0, 'SDRF': 0, 'Inundation': 0, 'Hydrology': 0, 'Silt': 0, 'Siltation': 0, 'Bund': 0, 'Trench': 0, 'Breach': 0, 'Culvert': 0, 'Sluice': 0, 'Dyke': 0, 'Storm water drain': 0, 'Emergency': 0, 'Immediate': 0, 'IM': 0, 'AE': 0, 'A E': 0, 'AAPDA MITRA': 0, 'Bridge': 0, 'River': 0, 'Drain': 4, 'Restoration': 0, 'Protection': 0, 'irr': 0, 'irrigation': 0, 'dam': 0, 'Nallah': 0, 'nala': 0, 'Retrofitting': 0, 'Pond': 0, 'Pokhari': 0, 'D/C': 0, 'Recharge shaft': 0, 'LFB': 0, 'RFB': 0}","{'Floodlight': 0, 'Flood Light': 0, 'GAS': 0, 'FIFA': 0, 'pipe': 0, 'pipes': 0, 'covid': 0, 'supply': 0, 'Beautification': 0, 'Installation': 0}",,,False,True,Immediate Measures
67343,NIT03/GRP03,Construction of RCC Drain from Gunjarmari Masjid towards Girls High School at Ward No. 12.,Construction of RCC Drain from Gunjarmari Masjid towards Girls High School at Ward No. 12.,4884100.0,INR,INR,2024-08-07 15:35:09+00:00,2024-08-07T15:32:59.176000+00:00,2025-02-02T16:46:21+00:00,"ATIUR RAHMAN,",EO,NAGAR PARISAD JANAKPUR,JANAKPUR ROAD PUPARI,"ATIUR RAHMAN,",EO,NAGAR PARISAD JANAKPUR,97700.0,5000.0,590.0,True,"{'Flood': 0, 'Embankment': 0, 'embkt': 0, 'Relief': 0, 'Erosion': 0, 'SDRF': 0, 'Inundation': 0, 'Hydrology': 0, 'Silt': 0, 'Siltation': 0, 'Bund': 0, 'Trench': 0, 'Breach': 0, 'Culvert': 0, 'Sluice': 0, 'Dyke': 0, 'Storm water drain': 0, 'Emergency': 0, 'Immediate': 0, 'IM': 0, 'AE': 0, 'A E': 0, 'AAPDA MITRA': 0, 'Bridge': 0, 'River': 0, 'Drain': 2, 'Restoration': 0, 'Protection': 0, 'irr': 0, 'irrigation': 0, 'dam': 0, 'Nallah': 0, 'nala': 0, 'Retrofitting': 0, 'Pond': 0, 'Pokhari': 0, 'D/C': 0, 'Recharge shaft': 0, 'LFB': 0, 'RFB': 0}","{'Floodlight': 0, 'Flood Light': 0, 'GAS': 0, 'FIFA': 0, 'pipe': 0, 'pipes': 0, 'covid': 0, 'supply': 0, 'Beautification': 0, 'Installation': 0}",,,False,True,Immediate Measures
67332,NIT04/2024-25-NNM/GR21,NAGAR NIGAM MADHUBANI ANTARGART WARD NO- 15 ME VINODANAND JHA COLONY ME KANHAIYA JHA KE MAKAN SE RAJ CANAL TAK NALA NIRMAN,NAGAR NIGAM MADHUBANI ANTARGART WARD NO- 15 ME VINODANAND JHA COLONY ME KANHAIYA JHA KE MAKAN SE RAJ CANAL TAK NALA NIRMAN,2465800.0,INR,INR,2024-08-07 14:23:07+00:00,2024-08-07T14:12:51.276000+00:00,2025-01-17T18:08:35+00:00,"MUNICIPAL COMMISSIONER , NAGAR NIGAM MADHUBANI",MC,NAGAR NIGAM MADHUBANI,"STATE BANK ROAD MADHUBANI, PO+PS MADHUBANI(BIHAR)","MUNICIPAL COMMISSIONER , NAGAR NIGAM MADHUBANI",MC,NAGAR NIGAM MADHUBANI,49316.0,5000.0,590.0,True,"{'Flood': 0, 'Embankment': 0, 'embkt': 0, 'Relief': 0, 'Erosion': 0, 'SDRF': 0, 'Inundation': 0, 'Hydrology': 0, 'Silt': 0, 'Siltation': 0, 'Bund': 0, 'Trench': 0, 'Breach': 0, 'Culvert': 0, 'Sluice': 0, 'Dyke': 0, 'Storm water drain': 0, 'Emergency': 0, 'Immediate': 0, 'IM': 0, 'AE': 0, 'A E': 0, 'AAPDA MITRA': 0, 'Bridge': 0, 'River': 0, 'Drain': 0, 'Restoration': 0, 'Protection': 0, 'irr': 0, 'irrigation': 0, 'dam': 0, 'Nallah': 0, 'nala': 2, 'Retrofitting': 0, 'Pond': 0, 'Pokhari': 0, 'D/C': 0, 'Recharge shaft': 0, 'LFB': 0, 'RFB': 0}","{'Floodlight': 0, 'Flood Light': 0, 'GAS': 0, 'FIFA': 0, 'pipe': 0, 'pipes': 0, 'covid': 0, 'supply': 0, 'Beautification': 0, 'Installation': 0}",,,False,False,Immediate Measures
67333,NIT04/2024-25-NNM/GR23,NAGAR NIGAM MADHUBANI ANTARGART WARD NO- 30 BHAWANI COLONY ME SRIVASTAV JEE KE GHAR SE RANJIT PASWAN KE GHAR TAK SADAK AWAM NALA NIRMAN,NAGAR NIGAM MADHUBANI ANTARGART WARD NO- 30 BHAWANI COLONY ME SRIVASTAV JEE KE GHAR SE RANJIT PASWAN KE GHAR TAK SADAK AWAM NALA NIRMAN,701796.0,INR,INR,2024-08-07 14:37:48+00:00,2024-08-07T14:24:51.575000+00:00,2025-01-16T15:53:08+00:00,"MUNICIPAL COMMISSIONER , NAGAR NIGAM MADHUBANI",MC,NAGAR NIGAM MADHUBANI,"STATE BANK ROAD MADHUBANI, PO+PS MADHUBANI(BIHAR)","MUNICIPAL COMMISSIONER , NAGAR NIGAM MADHUBANI",MC,NAGAR NIGAM MADHUBANI,14036.0,1250.0,590.0,True,"{'Flood': 0, 'Embankment': 0, 'embkt': 0, 'Relief': 0, 'Erosion': 0, 'SDRF': 0, 'Inundation': 0, 'Hydrology': 0, 'Silt': 0, 'Siltation': 0, 'Bund': 0, 'Trench': 0, 'Breach': 0, 'Culvert': 0, 'Sluice': 0, 'Dyke': 0, 'Storm water drain': 0, 'Emergency': 0, 'Immediate': 0, 'IM': 0, 'AE': 0, 'A E': 0, 'AAPDA MITRA': 0, 'Bridge': 0, 'River': 0, 'Drain': 0, 'Restoration': 0, 'Protection': 0, 'irr': 0, 'irrigation': 0, 'dam': 0, 'Nallah': 0, 'nala': 2, 'Retrofitting': 0, 'Pond': 0, 'Pokhari': 0, 'D/C': 0, 'Recharge shaft': 0, 'LFB': 0, 'RFB': 0}","{'Floodlight': 0, 'Flood Light': 0, 'GAS': 0, 'FIFA': 0, 'pipe': 0, 'pipes': 0, 'covid': 0, 'supply': 0, 'Beautification': 0, 'Installation': 0}",,,False,False,Immediate Measures
67347,NIT04/2024-25-NNM/GR30,NAGAR NIGAM MADHUBANI ANTARGART WARD NO- 17 RANTI CHHOTKA DURGA ASTHAN SE LEKAR RAJAN JHA GHAR TAK SADAK AWAM NALA NIRMAN,NAGAR NIGAM MADHUBANI ANTARGART WARD NO- 17 RANTI CHHOTKA DURGA ASTHAN SE LEKAR RAJAN JHA GHAR TAK SADAK AWAM NALA NIRMAN,1040251.0,INR,INR,2024-08-07 16:05:55+00:00,2024-08-07T15:53:59.132000+00:00,2025-01-16T02:34:05+00:00,"MUNICIPAL COMMISSIONER , NAGAR NIGAM MADHUBANI",MC,NAGAR NIGAM MADHUBANI,"STATE BANK ROAD MADHUBANI, PO+PS MADHUBANI(BIHAR)","MUNICIPAL COMMISSIONER , NAGAR NIGAM MADHUBANI",MC,NAGAR NIGAM MADHUBANI,20805.0,2500.0,590.0,True,"{'Flood': 0, 'Embankment': 0, 'embkt': 0, 'Relief': 0, 'Erosion': 0, 'SDRF': 0, 'Inundation': 0, 'Hydrology': 0, 'Silt': 0, 'Siltation': 0, 'Bund': 0, 'Trench': 0, 'Breach': 0, 'Culvert': 0, 'Sluice': 0, 'Dyke': 0, 'Storm water drain': 0, 'Emergency': 0, 'Immediate': 0, 'IM': 0, 'AE': 0, 'A E': 0, 'AAPDA MITRA': 0, 'Bridge': 0, 'River': 0, 'Drain': 0, 'Restoration': 0, 'Protection': 0, 'irr': 0, 'irrigation': 0, 'dam': 0, 'Nallah': 0, 'nala': 2, 'Retrofitting': 0, 'Pond': 0, 'Pokhari': 0, 'D/C': 0, 'Recharge shaft': 0, 'LFB': 0, 'RFB': 0}","{'Floodlight': 0, 'Flood Light': 0, 'GAS': 0, 'FIFA': 0, 'pipe': 0, 'pipes': 0, 'covid': 0, 'supply': 0, 'Beautification': 0, 'Installation': 0}",,,False,False,Immediate Measures
67348,NIT04/2024-25-NNM/GR31,NAGAR NIGAM MADHUBANI ANTARGART WARD NO- 20 MUKHYA SADAK SE KRISHNA MAHTO KE GHAR TAK PCC SADAK AWAM RCC NALA NIRMAN,NAGAR NIGAM MADHUBANI ANTARGART WARD NO- 20 MUKHYA SADAK SE KRISHNA MAHTO KE GHAR TAK PCC SADAK AWAM RCC NALA NIRMAN,1078941.0,INR,INR,2024-08-07 16:22:22+00:00,2024-08-07T16:07:31.113000+00:00,2025-01-15T17:26:29+00:00,"MUNICIPAL COMMISSIONER , NAGAR NIGAM MADHUBANI",MC,NAGAR NIGAM MADHUBANI,"STATE BANK ROAD MADHUBANI, PO+PS MADHUBANI(BIHAR)","MUNICIPAL COMMISSIONER , NAGAR NIGAM MADHUBANI",MC,NAGAR NIGAM MADHUBANI,21579.0,2500.0,590.0,True,"{'Flood': 0, 'Embankment': 0, 'embkt': 0, 'Relief': 0, 'Erosion': 0, 'SDRF': 0, 'Inundation': 0, 'Hydrology': 0, 'Silt': 0, 'Siltation': 0, 'Bund': 0, 'Trench': 0, 'Breach': 0, 'Culvert': 0, 'Sluice': 0, 'Dyke': 0, 'Storm water drain': 0, 'Emergency': 0, 'Immediate': 0, 'IM': 0, 'AE': 0, 'A E': 0, 'AAPDA MITRA': 0, 'Bridge': 0, 'River': 0, 'Drain': 0, 'Restoration': 0, 'Protection': 0, 'irr': 0, 'irrigation': 0, 'dam': 0, 'Nallah': 0, 'nala': 2, 'Retrofitting': 0, 'Pond': 0, 'Pokhari': 0, 'D/C': 0, 'Recharge shaft': 0, 'LFB': 0, 'RFB': 0}","{'Floodlight': 0, 'Flood Light': 0, 'GAS': 0, 'FIFA': 0, 'pipe': 0, 'pipes': 0, 'covid': 0, 'supply': 0, 'Beautification': 0, 'Installation': 0}",,,False,False,Immediate Measures
67353,NIT04/2024-25-NNM/GR32,NAGAR NIGAM MADHUBANI ANTARGART WARD NO- 19 ME BHARAT MANDAL KE GHAR SE ASARFI RAM KE GHAR HOTE HUYE NAHAR TAK SADAK AWAM RCC NALA NIRMAN,NAGAR NIGAM MADHUBANI ANTARGART WARD NO- 19 ME BHARAT MANDAL KE GHAR SE ASARFI RAM KE GHAR HOTE HUYE NAHAR TAK SADAK AWAM RCC NALA NIRMAN,1821044.0,INR,INR,2024-08-07 16:36:05+00:00,2024-08-07T16:23:30.075000+00:00,2025-02-27T13:39:45+00:00,"MUNICIPAL COMMISSIONER , NAGAR NIGAM MADHUBANI",MC,NAGAR NIGAM MADHUBANI,"STATE BANK ROAD MADHUBANI, PO+PS MADHUBANI(BIHAR)","MUNICIPAL COMMISSIONER , NAGAR NIGAM MADHUBANI",MC,NAGAR NIGAM MADHUBANI,36421.0,2500.0,590.0,True,"{'Flood': 0, 'Embankment': 0, 'embkt': 0, 'Relief': 0, 'Erosion': 0, 'SDRF': 0, 'Inundation': 0, 'Hydrology': 0, 'Silt': 0, 'Siltation': 0, 'Bund': 0, 'Trench': 0, 'Breach': 0, 'Culvert': 0, 'Sluice': 0, 'Dyke': 0, 'Storm water drain': 0, 'Emergency': 0, 'Immediate': 0, 'IM': 0, 'AE': 0, 'A E': 0, 'AAPDA MITRA': 0, 'Bridge': 0, 'River': 0, 'Drain': 0, 'Restoration': 0, 'Protection': 0, 'irr': 0, 'irrigation': 0, 'dam': 0, 'Nallah': 0, 'nala': 2, 'Retrofitting': 0, 'Pond': 0, 'Pokhari': 0, 'D/C': 0, 'Recharge shaft': 0, 'LFB': 0, 'RFB': 0}","{'Floodlight': 0, 'Flood Light': 0, 'GAS': 0, 'FIFA': 0, 'pipe': 0, 'pipes': 0, 'covid': 0, 'supply': 0, 'Beautification': 0, 'Installation': 0}",,,False,False,Immediate Measures
67341,NIT04/2024-25-NNM/GR28,Construction of a covered RCC drain from Bhutai Sah's house to Rajkumar's house to the Turha community building in Ward No.4 of Madhubani Municipal Corporation,Construction of a covered RCC drain from Bhutai Sah's house to Rajkumar's house to the Turha community building in Ward No.4 of Madhubani Municipal Corporation,2481862.0,INR,INR,2024-08-07 15:39:18+00:00,2024-08-07T15:28:40.529000+00:00,2025-01-15T17:42:00+00:00,"MUNICIPAL COMMISSIONER , NAGAR NIGAM MADHUBANI",MC,NAGAR NIGAM MADHUBANI,"STATE BANK ROAD MADHUBANI, PO+PS MADHUBANI(BIHAR)","MUNICIPAL COMMISSIONER , NAGAR NIGAM MADHUBANI",MC,NAGAR NIGAM MADHUBANI,49637.0,5000.0,590.0,True,"{'Flood': 0, 'Embankment': 0, 'embkt': 0, 'Relief': 0, 'Erosion': 0, 'SDRF': 0, 'Inundation': 0, 'Hydrology': 0, 'Silt': 0, 'Siltation': 0, 'Bund': 0, 'Trench': 0, 'Breach': 0, 'Culvert': 0, 'Sluice': 0, 'Dyke': 0, 'Storm water drain': 0, 'Emergency': 0, 'Immediate': 0, 'IM': 0, 'AE': 0, 'A E': 0, 'AAPDA MITRA': 0, 'Bridge': 0, 'River': 0, 'Drain': 2, 'Restoration': 0, 'Protection': 0, 'irr': 0, 'irrigation': 0, 'dam': 0, 'Nallah': 0, 'nala': 0, 'Retrofitting': 0, 'Pond': 0, 'Pokhari': 0, 'D/C': 0, 'Recharge shaft': 0, 'LFB': 0, 'RFB': 0}","{'Floodlight': 0, 'Flood Light': 0, 'GAS': 0, 'FIFA': 0, 'pipe': 0, 'pipes': 0, 'covid': 0, 'supply': 0, 'Beautification': 0, 'Installation': 0}",,,False,True,Immediate Measures
67354,NIT04/2024-25-NNM/GR33,NAGAR NIGAM MADHUBANI ANTARGART WARD NO- 18 ME YOGI YADAV KE GHAR SE MAHADEV MANDIR TAK RCC NALA NIRMAN,NAGAR NIGAM MADHUBANI ANTARGART WARD NO- 18 ME YOGI YADAV KE GHAR SE MAHADEV MANDIR TAK RCC NALA NIRMAN,2060960.0,INR,INR,2024-08-07 16:50:16+00:00,2024-08-07T16:37:05.251000+00:00,2025-02-27T13:49:16+00:00,"MUNICIPAL COMMISSIONER , NAGAR NIGAM MADHUBANI",MC,NAGAR NIGAM MADHUBANI,"STATE BANK ROAD MADHUBANI, PO+PS MADHUBANI(BIHAR)","MUNICIPAL COMMISSIONER , NAGAR NIGAM MADHUBANI",MC,NAGAR NIGAM MADHUBANI,41219.0,2500.0,590.0,True,"{'Flood': 0, 'Embankment': 0, 'embkt': 0, 'Relief': 0, 'Erosion': 0, 'SDRF': 0, 'Inundation': 0, 'Hydrology': 0, 'Silt': 0, 'Siltation': 0, 'Bund': 0, 'Trench': 0, 'Breach': 0, 'Culvert': 0, 'Sluice': 0, 'Dyke': 0, 'Storm water drain': 0, 'Emergency': 0, 'Immediate': 0, 'IM': 0, 'AE': 0, 'A E': 0, 'AAPDA MITRA': 0, 'Bridge': 0, 'River': 0, 'Drain': 0, 'Restoration': 0, 'Protection': 0, 'irr': 0, 'irrigation': 0, 'dam': 0, 'Nallah': 0, 'nala': 2, 'Retrofitting': 0, 'Pond': 0, 'Pokhari': 0, 'D/C': 0, 'Recharge shaft': 0, 'LFB': 0, 'RFB': 0}","{'Floodlight': 0, 'Flood Light': 0, 'GAS': 0, 'FIFA': 0, 'pipe': 0, 'pipes': 0, 'covid': 0, 'supply': 0, 'Beautification': 0, 'Installation': 0}",,,False,False,Immediate Measures
67357,NIT04/2024-25-NNM/GR37,NAGAR NIGAM MADHUBANI ANTARGART WARD NO- 16 ME GORAKH YADAV KE GHAR SE HIRA LAL YADAV KE GHAR TAK SADAK AWAM NALA NIRMAN,NAGAR NIGAM MADHUBANI ANTARGART WARD NO- 16 ME GORAKH YADAV KE GHAR SE HIRA LAL YADAV KE GHAR TAK SADAK AWAM NALA NIRMAN,2060600.0,INR,INR,2024-08-07 17:45:36+00:00,2024-08-07T17:34:14.435000+00:00,2025-01-17T18:34:59+00:00,"MUNICIPAL COMMISSIONER , NAGAR NIGAM MADHUBANI",MC,NAGAR NIGAM MADHUBANI,"STATE BANK ROAD MADHUBANI, PO+PS MADHUBANI(BIHAR)","MUNICIPAL COMMISSIONER , NAGAR NIGAM MADHUBANI",MC,NAGAR NIGAM MADHUBANI,41212.0,5000.0,590.0,True,"{'Flood': 0, 'Embankment': 0, 'embkt': 0, 'Relief': 0, 'Erosion': 0, 'SDRF': 0, 'Inundation': 0, 'Hydrology': 0, 'Silt': 0, 'Siltation': 0, 'Bund': 0, 'Trench': 0, 'Breach': 0, 'Culvert': 0, 'Sluice': 0, 'Dyke': 0, 'Storm water drain': 0, 'Emergency': 0, 'Immediate': 0, 'IM': 0, 'AE': 0, 'A E': 0, 'AAPDA MITRA': 0, 'Bridge': 0, 'River': 0, 'Drain': 0, 'Restoration': 0, 'Protection': 0, 'irr': 0, 'irrigation': 0, 'dam': 0, 'Nallah': 0, 'nala': 2, 'Retrofitting': 0, 'Pond': 0, 'Pokhari': 0, 'D/C': 0, 'Recharge shaft': 0, 'LFB': 0, 'RFB': 0}","{'Floodlight': 0, 'Flood Light': 0, 'GAS': 0, 'FIFA': 0, 'pipe': 0, 'pipes': 0, 'covid': 0, 'supply': 0, 'Beautification': 0, 'Installation': 0}",,,False,False,Immediate Measures
67334,NIT04/2024-25-NNM/GR24,NAGAR NIGAM MADHUBANI ANTARGART WARD NO- 29 (NEW) BALMIKI COLONY ME LAXMI NARAYAN KE GHAR SE HARINATH MAHTO KE GHAR TAK PCC SADAK AWAM COVER SLAB NALA NIRMAN,NAGAR NIGAM MADHUBANI ANTARGART WARD NO- 29 (NEW) BALMIKI COLONY ME LAXMI NARAYAN KE GHAR SE HARINATH MAHTO KE GHAR TAK PCC SADAK AWAM COVER SLAB NALA NIRMAN,1662111.0,INR,INR,2024-08-07 14:52:06+00:00,2024-08-07T14:38:24.251000+00:00,2025-01-23T04:13:30+00:00,"MUNICIPAL COMMISSIONER , NAGAR NIGAM MADHUBANI",MC,NAGAR NIGAM MADHUBANI,"STATE BANK ROAD MADHUBANI, PO+PS MADHUBANI(BIHAR)","MUNICIPAL COMMISSIONER , NAGAR NIGAM MADHUBANI",MC,NAGAR NIGAM MADHUBANI,33242.0,5000.0,590.0,True,"{'Flood': 0, 'Embankment': 0, 'embkt': 0, 'Relief': 0, 'Erosion': 0, 'SDRF': 0, 'Inundation': 0, 'Hydrology': 0, 'Silt': 0, 'Siltation': 0, 'Bund': 0, 'Trench': 0, 'Breach': 0, 'Culvert': 0, 'Sluice': 0, 'Dyke': 0, 'Storm water drain': 0, 'Emergency': 0, 'Immediate': 0, 'IM': 0, 'AE': 0, 'A E': 0, 'AAPDA MITRA': 0, 'Bridge': 0, 'River': 0, 'Drain': 0, 'Restoration': 0, 'Protection': 0, 'irr': 0, 'irrigation': 0, 'dam': 0, 'Nallah': 0, 'nala': 2, 'Retrofitting': 0, 'Pond': 0, 'Pokhari': 0, 'D/C': 0, 'Recharge shaft': 0, 'LFB': 0, 'RFB': 0}","{'Floodlight': 0, 'Flood Light': 0, 'GAS': 0, 'FIFA': 0, 'pipe': 0, 'pipes': 0, 'covid': 0, 'supply': 0, 'Beautification': 0, 'Installation': 0}",,,False,False,Immediate Measures
67393,NIT NO-08/ 2024-25 GROUP NO-01,"Sinking of I.M.-II Handpump with Platform, Drain & Soakpit due to heat stroke & decreasing of water level  in Water Scarce area under P.H. Division, Sherghati for the Year 2024-25 under Natural Disaster (Drought) Head.","Sinking of I.M.-II Handpump with Platform, Drain & Soakpit due to heat stroke & decreasing of water level  in Water Scarce area under P.H. Division, Sherghati for the Year 2024-25 under Natural Disaster (Drought) Head.",7593666.0,INR,INR,2024-08-08 12:42:45+00:00,2024-08-08T12:14:34.545000+00:00,2024-09-28T12:50:53+00:00,MR DHARMENDRA KUMAR ANAND,EXECUTIVE ENGINEER SHERGHATI,PH DIVISION SHERGHATI,"EXECUTIVE ENGINEER , RAMNA MORE ,SHERGHATI",NITYANAND PRASAD,CHIEF ENGINEER,PHED,151900.0,10000.0,3540.0,True,"{'Flood': 0, 'Embankment': 0, 'embkt': 0, 'Relief': 0, 'Erosion': 0, 'SDRF': 0, 'Inundation': 0, 'Hydrology': 0, 'Silt': 0, 'Siltation': 0, 'Bund': 0, 'Trench': 0, 'Breach': 0, 'Culvert': 0, 'Sluice': 0, 'Dyke': 0, 'Storm water drain': 0, 'Emergency': 0, 'Immediate': 0, 'IM': 0, 'AE': 0, 'A E': 0, 'AAPDA MITRA': 0, 'Bridge': 0, 'River': 0, 'Drain': 2, 'Restoration': 0, 'Protection': 0, 'irr': 0, 'irrigation': 0, 'dam': 0, 'Nallah': 0, 'nala': 0, 'Retrofitting': 0, 'Pond': 0, 'Pokhari': 0, 'D/C': 0, 'Recharge shaft': 0, 'LFB': 0, 'RFB': 0}","{'Floodlight': 0, 'Flood Light': 0, 'GAS': 0, 'FIFA': 0, 'pipe': 0, 'pipes': 0, 'covid': 0, 'supply': 0, 'Beautification': 0, 'Installation': 0}",,,False,True,Immediate Measures
67421,NIT-01/2024-25/G68,"Construction of Road & Drain from Main Road to B.K. Mishra via Manoranja Samdarsi Sujata Bal niketan School & Manoranja Samdarsi House to Sujata Bal niketan School  in Ward No-23 , Under Nagar Parishad Bodhgaya, District-Gaya.","Construction of Road & Drain from Main Road to B.K. Mishra via Manoranja Samdarsi Sujata Bal niketan School & Manoranja Samdarsi House to Sujata Bal niketan School  in Ward No-23 , Under Nagar Parishad Bodhgaya, District-Gaya.",650000.0,INR,INR,2024-08-11 10:47:34+00:00,2024-08-09T09:21:03.992000+00:00,2025-01-03T10:56:22+00:00,"EXECUTIVE OFFICER, BODHGAYA",EO,NAGAR PANCHAYAT BODHGAYA,"BODHGAYA NAGAR PANCHAYAT, GAYA, BIHAR 824231","EXECUTIVE OFFICER, BODHGAYA",EO,NAGAR PANCHAYAT BODHGAYA,13000.0,1250.0,590.0,True,"{'Flood': 0, 'Embankment': 0, 'embkt': 0, 'Relief': 0, 'Erosion': 0, 'SDRF': 0, 'Inundation': 0, 'Hydrology': 0, 'Silt': 0, 'Siltation': 0, 'Bund': 0, 'Trench': 0, 'Breach': 0, 'Culvert': 0, 'Sluice': 0, 'Dyke': 0, 'Storm water drain': 0, 'Emergency': 0, 'Immediate': 0, 'IM': 0, 'AE': 0, 'A E': 0, 'AAPDA MITRA': 0, 'Bridge': 0, 'River': 0, 'Drain': 2, 'Restoration': 0, 'Protection': 0, 'irr': 0, 'irrigation': 0, 'dam': 0, 'Nallah': 0, 'nala': 0, 'Retrofitting': 0, 'Pond': 0, 'Pokhari': 0, 'D/C': 0, 'Recharge shaft': 0, 'LFB': 0, 'RFB': 0}","{'Floodlight': 0, 'Flood Light': 0, 'GAS': 0, 'FIFA': 0, 'pipe': 0, 'pipes': 0, 'covid': 0, 'supply': 0, 'Beautification': 0, 'Installation': 0}",,,False,True,Others
67431,NIT-01/2024-25/G77,"Construction of Drain from  Raju ji House to River in Ward No-25 , Under Nagar Parishad Bodhgaya, District-Gaya.","Construction of Drain from  Raju ji House to River in Ward No-25 , Under Nagar Parishad Bodhgaya, District-Gaya.",200000.0,INR,INR,2024-08-11 10:58:39+00:00,2024-08-09T10:10:41.239000+00:00,2024-12-19T10:48:09+00:00,"EXECUTIVE OFFICER, BODHGAYA",EO,NAGAR PANCHAYAT BODHGAYA,"BODHGAYA NAGAR PANCHAYAT, GAYA, BIHAR 824231","EXECUTIVE OFFICER, BODHGAYA",EO,NAGAR PANCHAYAT BODHGAYA,4000.0,250.0,590.0,True,"{'Flood': 0, 'Embankment': 0, 'embkt': 0, 'Relief': 0, 'Erosion': 0, 'SDRF': 0, 'Inundation': 0, 'Hydrology': 0, 'Silt': 0, 'Siltation': 0, 'Bund': 0, 'Trench': 0, 'Breach': 0, 'Culvert': 0, 'Sluice': 0, 'Dyke': 0, 'Storm water drain': 0, 'Emergency': 0, 'Immediate': 0, 'IM': 0, 'AE': 0, 'A E': 0, 'AAPDA MITRA': 0, 'Bridge': 0, 'River': 2, 'Drain': 2, 'Restoration': 0, 'Protection': 0, 'irr': 0, 'irrigation': 0, 'dam': 0, 'Nallah': 0, 'nala': 0, 'Retrofitting': 0, 'Pond': 0, 'Pokhari': 0, 'D/C': 0, 'Recharge shaft': 0, 'LFB': 0, 'RFB': 0}","{'Floodlight': 0, 'Flood Light': 0, 'GAS': 0, 'FIFA': 0, 'pipe': 0, 'pipes': 0, 'covid': 0, 'supply': 0, 'Beautification': 0, 'Installation': 0}",,,False,True,Others
67434,NIT-01/2024-25/G120,"Construction of Drain from  Rajnand Prajapapt House to Anil Kumar via Ramprit House Arjun Goswami Ward No-27 , Under Nagar Parishad Bodhgaya, District-Gaya","Construction of Drain from  Rajnand Prajapapt House to Anil Kumar via Ramprit House Arjun Goswami Ward No-27 , Under Nagar Parishad Bodhgaya, District-Gaya",2997037.0,INR,INR,2024-08-11 12:28:34+00:00,2024-08-09T10:37:01.029000+00:00,2025-01-16T12:08:09+00:00,"EXECUTIVE OFFICER, BODHGAYA",EO,NAGAR PANCHAYAT BODHGAYA,"BODHGAYA NAGAR PANCHAYAT, GAYA, BIHAR 824231","EXECUTIVE OFFICER, BODHGAYA",EO,NAGAR PANCHAYAT BODHGAYA,60000.0,5000.0,590.0,True,"{'Flood': 0, 'Embankment': 0, 'embkt': 0, 'Relief': 0, 'Erosion': 0, 'SDRF': 0, 'Inundation': 0, 'Hydrology': 0, 'Silt': 0, 'Siltation': 0, 'Bund': 0, 'Trench': 0, 'Breach': 0, 'Culvert': 0, 'Sluice': 0, 'Dyke': 0, 'Storm water drain': 0, 'Emergency': 0, 'Immediate': 0, 'IM': 0, 'AE': 0, 'A E': 0, 'AAPDA MITRA': 0, 'Bridge': 0, 'River': 0, 'Drain': 2, 'Restoration': 0, 'Protection': 0, 'irr': 0, 'irrigation': 0, 'dam': 0, 'Nallah': 0, 'nala': 0, 'Retrofitting': 0, 'Pond': 0, 'Pokhari': 0, 'D/C': 0, 'Recharge shaft': 0, 'LFB': 0, 'RFB': 0}","{'Floodlight': 0, 'Flood Light': 0, 'GAS': 0, 'FIFA': 0, 'pipe': 0, 'pipes': 0, 'covid': 0, 'supply': 0, 'Beautification': 0, 'Installation': 0}",,,False,True,Others
67423,NIT-01/2024-25/G127,"Construction of Road & Drain from Satyendra Singh House to Gaya Dobhi Road  in Ward No-02 , Under Nagar Parishad Bodhgaya, District-Gaya.","Construction of Road & Drain from Satyendra Singh House to Gaya Dobhi Road  in Ward No-02 , Under Nagar Parishad Bodhgaya, District-Gaya.",399374.0,INR,INR,2024-08-11 12:40:41+00:00,2024-08-09T09:35:23.845000+00:00,2024-12-19T11:06:02+00:00,"EXECUTIVE OFFICER, BODHGAYA",EO,NAGAR PANCHAYAT BODHGAYA,"BODHGAYA NAGAR PANCHAYAT, GAYA, BIHAR 824231","EXECUTIVE OFFICER, BODHGAYA",EO,NAGAR PANCHAYAT BODHGAYA,8000.0,1250.0,590.0,True,"{'Flood': 0, 'Embankment': 0, 'embkt': 0, 'Relief': 0, 'Erosion': 0, 'SDRF': 0, 'Inundation': 0, 'Hydrology': 0, 'Silt': 0, 'Siltation': 0, 'Bund': 0, 'Trench': 0, 'Breach': 0, 'Culvert': 0, 'Sluice': 0, 'Dyke': 0, 'Storm water drain': 0, 'Emergency': 0, 'Immediate': 0, 'IM': 0, 'AE': 0, 'A E': 0, 'AAPDA MITRA': 0, 'Bridge': 0, 'River': 0, 'Drain': 2, 'Restoration': 0, 'Protection': 0, 'irr': 0, 'irrigation': 0, 'dam': 0, 'Nallah': 0, 'nala': 0, 'Retrofitting': 0, 'Pond': 0, 'Pokhari': 0, 'D/C': 0, 'Recharge shaft': 0, 'LFB': 0, 'RFB': 0}","{'Floodlight': 0, 'Flood Light': 0, 'GAS': 0, 'FIFA': 0, 'pipe': 0, 'pipes': 0, 'covid': 0, 'supply': 0, 'Beautification': 0, 'Installation': 0}",,,False,True,Others
67480,NIT-01/2024-25/G122,"Construction of Road & Drain from Vinod Yadav Yadav House to Newtapur via Amawan Pani Tanki , Dinesh Chaudhori ,Moti Manjhi in Ward No-06, Under Nagar Parishad Bodhgaya, District-Gaya","Construction of Road & Drain from Vinod Yadav Yadav House to Newtapur via Amawan Pani Tanki , Dinesh Chaudhori ,Moti Manjhi in Ward No-06, Under Nagar Parishad Bodhgaya, District-Gaya",4150000.0,INR,INR,2024-08-11 12:31:22+00:00,2024-08-10T05:58:57.539000+00:00,2025-01-15T09:43:40+00:00,"EXECUTIVE OFFICER, BODHGAYA",EO,NAGAR PANCHAYAT BODHGAYA,"BODHGAYA NAGAR PANCHAYAT, GAYA, BIHAR 824231","EXECUTIVE OFFICER, BODHGAYA",EO,NAGAR PANCHAYAT BODHGAYA,85000.0,5000.0,590.0,True,"{'Flood': 0, 'Embankment': 0, 'embkt': 0, 'Relief': 0, 'Erosion': 0, 'SDRF': 0, 'Inundation': 0, 'Hydrology': 0, 'Silt': 0, 'Siltation': 0, 'Bund': 0, 'Trench': 0, 'Breach': 0, 'Culvert': 0, 'Sluice': 0, 'Dyke': 0, 'Storm water drain': 0, 'Emergency': 0, 'Immediate': 0, 'IM': 0, 'AE': 0, 'A E': 0, 'AAPDA MITRA': 0, 'Bridge': 0, 'River': 0, 'Drain': 2, 'Restoration': 0, 'Protection': 0, 'irr': 0, 'irrigation': 0, 'dam': 0, 'Nallah': 0, 'nala': 0, 'Retrofitting': 0, 'Pond': 0, 'Pokhari': 0, 'D/C': 0, 'Recharge shaft': 0, 'LFB': 0, 'RFB': 0}","{'Floodlight': 0, 'Flood Light': 0, 'GAS': 0, 'FIFA': 0, 'pipe': 0, 'pipes': 0, 'covid': 0, 'supply': 0, 'Beautification': 0, 'Installation': 0}",,,False,True,Others
67479,NIT-01/2024-25/G75,"Construction of Road & Drain from Shibu Mahto House to Krishna Chandarvansi House via Sujit Lal in Ward No-24, Under Nagar Parishad Bodhgaya, District-Gaya.","Construction of Road & Drain from Shibu Mahto House to Krishna Chandarvansi House via Sujit Lal in Ward No-24, Under Nagar Parishad Bodhgaya, District-Gaya.",1499000.0,INR,INR,2024-08-11 10:55:14+00:00,2024-08-10T05:52:56.428000+00:00,2025-01-27T11:32:25+00:00,"EXECUTIVE OFFICER, BODHGAYA",EO,NAGAR PANCHAYAT BODHGAYA,"BODHGAYA NAGAR PANCHAYAT, GAYA, BIHAR 824231","EXECUTIVE OFFICER, BODHGAYA",EO,NAGAR PANCHAYAT BODHGAYA,30000.0,2500.0,590.0,True,"{'Flood': 0, 'Embankment': 0, 'embkt': 0, 'Relief': 0, 'Erosion': 0, 'SDRF': 0, 'Inundation': 0, 'Hydrology': 0, 'Silt': 0, 'Siltation': 0, 'Bund': 0, 'Trench': 0, 'Breach': 0, 'Culvert': 0, 'Sluice': 0, 'Dyke': 0, 'Storm water drain': 0, 'Emergency': 0, 'Immediate': 0, 'IM': 0, 'AE': 0, 'A E': 0, 'AAPDA MITRA': 0, 'Bridge': 0, 'River': 0, 'Drain': 2, 'Restoration': 0, 'Protection': 0, 'irr': 0, 'irrigation': 0, 'dam': 0, 'Nallah': 0, 'nala': 0, 'Retrofitting': 0, 'Pond': 0, 'Pokhari': 0, 'D/C': 0, 'Recharge shaft': 0, 'LFB': 0, 'RFB': 0}","{'Floodlight': 0, 'Flood Light': 0, 'GAS': 0, 'FIFA': 0, 'pipe': 0, 'pipes': 0, 'covid': 0, 'supply': 0, 'Beautification': 0, 'Installation': 0}",,,False,True,Others
67695,NIT-01/2024-25/G07,"Construction of P.C.C. Road & Drain  from Dilip Ravidas House to Arjun Manjhi House in Ward No-03 , Under Nagar Parishad Bodhgaya, District-Gaya.","Construction of P.C.C. Road & Drain  from Dilip Ravidas House to Arjun Manjhi House in Ward No-03 , Under Nagar Parishad Bodhgaya, District-Gaya.",349483.0,INR,INR,2024-08-11 12:56:00+00:00,2024-08-11T12:50:42.827000+00:00,2025-02-01T10:25:39+00:00,"EXECUTIVE OFFICER, BODHGAYA",EO,NAGAR PANCHAYAT BODHGAYA,"BODHGAYA NAGAR PANCHAYAT, GAYA, BIHAR 824231","EXECUTIVE OFFICER, BODHGAYA",EO,NAGAR PANCHAYAT BODHGAYA,7000.0,750.0,590.0,True,"{'Flood': 0, 'Embankment': 0, 'embkt': 0, 'Relief': 0, 'Erosion': 0, 'SDRF': 0, 'Inundation': 0, 'Hydrology': 0, 'Silt': 0, 'Siltation': 0, 'Bund': 0, 'Trench': 0, 'Breach': 0, 'Culvert': 0, 'Sluice': 0, 'Dyke': 0, 'Storm water drain': 0, 'Emergency': 0, 'Immediate': 0, 'IM': 0, 'AE': 0, 'A E': 0, 'AAPDA MITRA': 0, 'Bridge': 0, 'River': 0, 'Drain': 2, 'Restoration': 0, 'Protection': 0, 'irr': 0, 'irrigation': 0, 'dam': 0, 'Nallah': 0, 'nala': 0, 'Retrofitting': 0, 'Pond': 0, 'Pokhari': 0, 'D/C': 0, 'Recharge shaft': 0, 'LFB': 0, 'RFB': 0}","{'Floodlight': 0, 'Flood Light': 0, 'GAS': 0, 'FIFA': 0, 'pipe': 0, 'pipes': 0, 'covid': 0, 'supply': 0, 'Beautification': 0, 'Installation': 0}",,,False,True,Others
67699,NIT-01/2024-25/G115,"Construction of R.C.C. Drain from Bhola Malakar House to Md Guest House Ward no-16 Under Nagar Parishad Bodhgaya, District-Gaya.","Construction of R.C.C. Drain from Bhola Malakar House to Md Guest House Ward no-16 Under Nagar Parishad Bodhgaya, District-Gaya.",1691100.0,INR,INR,2024-08-11 13:24:45+00:00,2024-08-11T13:21:54.778000+00:00,2025-09-25T06:36:30+00:00,"EXECUTIVE OFFICER, BODHGAYA",EO,NAGAR PANCHAYAT BODHGAYA,"BODHGAYA NAGAR PANCHAYAT, GAYA, BIHAR 824231","EXECUTIVE OFFICER, BODHGAYA",EO,NAGAR PANCHAYAT BODHGAYA,34000.0,5000.0,590.0,True,"{'Flood': 0, 'Embankment': 0, 'embkt': 0, 'Relief': 0, 'Erosion': 0, 'SDRF': 0, 'Inundation': 0, 'Hydrology': 0, 'Silt': 0, 'Siltation': 0, 'Bund': 0, 'Trench': 0, 'Breach': 0, 'Culvert': 0, 'Sluice': 0, 'Dyke': 0, 'Storm water drain': 0, 'Emergency': 0, 'Immediate': 0, 'IM': 0, 'AE': 0, 'A E': 0, 'AAPDA MITRA': 0, 'Bridge': 0, 'River': 0, 'Drain': 2, 'Restoration': 0, 'Protection': 0, 'irr': 0, 'irrigation': 0, 'dam': 0, 'Nallah': 0, 'nala': 0, 'Retrofitting': 0, 'Pond': 0, 'Pokhari': 0, 'D/C': 0, 'Recharge shaft': 0, 'LFB': 0, 'RFB': 0}","{'Floodlight': 0, 'Flood Light': 0, 'GAS': 0, 'FIFA': 0, 'pipe': 0, 'pipes': 0, 'covid': 0, 'supply': 0, 'Beautification': 0, 'Installation': 0}",,,False,True,Others
67698,NIT-01/2024-25/G116,"Cost for Construction of P.C.C. Road & Drain from Naresh Singh House to Masjid via Haidar ali House in Ward No-23 , Under Nagar Parishad Bodhgaya, District-Gaya.","Cost for Construction of P.C.C. Road & Drain from Naresh Singh House to Masjid via Haidar ali House in Ward No-23 , Under Nagar Parishad Bodhgaya, District-Gaya.",1183000.0,INR,INR,2024-08-11 13:18:02+00:00,2024-08-11T13:13:32.090000+00:00,2025-09-25T06:36:51+00:00,"EXECUTIVE OFFICER, BODHGAYA",EO,NAGAR PANCHAYAT BODHGAYA,"BODHGAYA NAGAR PANCHAYAT, GAYA, BIHAR 824231","EXECUTIVE OFFICER, BODHGAYA",EO,NAGAR PANCHAYAT BODHGAYA,24000.0,2500.0,590.0,True,"{'Flood': 0, 'Embankment': 0, 'embkt': 0, 'Relief': 0, 'Erosion': 0, 'SDRF': 0, 'Inundation': 0, 'Hydrology': 0, 'Silt': 0, 'Siltation': 0, 'Bund': 0, 'Trench': 0, 'Breach': 0, 'Culvert': 0, 'Sluice': 0, 'Dyke': 0, 'Storm water drain': 0, 'Emergency': 0, 'Immediate': 0, 'IM': 0, 'AE': 0, 'A E': 0, 'AAPDA MITRA': 0, 'Bridge': 0, 'River': 0, 'Drain': 2, 'Restoration': 0, 'Protection': 0, 'irr': 0, 'irrigation': 0, 'dam': 0, 'Nallah': 0, 'nala': 0, 'Retrofitting': 0, 'Pond': 0, 'Pokhari': 0, 'D/C': 0, 'Recharge shaft': 0, 'LFB': 0, 'RFB': 0}","{'Floodlight': 0, 'Flood Light': 0, 'GAS': 0, 'FIFA': 0, 'pipe': 0, 'pipes': 0, 'covid': 0, 'supply': 0, 'Beautification': 0, 'Installation': 0}",,,False,True,Others
67745,02/SBD/BCD/PURNEA/2024-25/GR-2,"CONSTRUCTION OF PANCHAYAT SARKAR BHAWAN (FLOOD AREA) AT ASHIYANI, BAISA BLOCK, PURNIA DISTRICT (ONE UNIT) FOR THE YEAR - 2024-25.","CONSTRUCTION OF PANCHAYAT SARKAR BHAWAN (FLOOD AREA) AT ASHIYANI, BAISA BLOCK, PURNIA DISTRICT (ONE UNIT) FOR THE YEAR - 2024-25.",28449077.0,INR,INR,2024-08-12 11:04:41+00:00,2024-08-12T10:35:09.492000+00:00,2024-09-09T05:20:37+00:00,"Executive Engineer, BUILDING DIVISION PURNEA",EE,BUILDING DIVISION PURNEA,"EE, BUILDING DIVISION PURNEA, BCD, PURNEA, BIHAR","Superintending Engineer, Purnea Circle",SE,Purnea Circle,601700.0,10000.0,3540.0,True,"{'Flood': 2, 'Embankment': 0, 'embkt': 0, 'Relief': 0, 'Erosion': 0, 'SDRF': 0, 'Inundation': 0, 'Hydrology': 0, 'Silt': 0, 'Siltation': 0, 'Bund': 0, 'Trench': 0, 'Breach': 0, 'Culvert': 0, 'Sluice': 0, 'Dyke': 0, 'Storm water drain': 0, 'Emergency': 0, 'Immediate': 0, 'IM': 0, 'AE': 0, 'A E': 0, 'AAPDA MITRA': 0, 'Bridge': 0, 'River': 0, 'Drain': 0, 'Restoration': 0, 'Protection': 0, 'irr': 0, 'irrigation': 0, 'dam': 0, 'Nallah': 0, 'nala': 0, 'Retrofitting': 0, 'Pond': 0, 'Pokhari': 0, 'D/C': 0, 'Recharge shaft': 0, 'LFB': 0, 'RFB': 0}","{'Floodlight': 0, 'Flood Light': 0, 'GAS': 0, 'FIFA': 0, 'pipe': 0, 'pipes': 0, 'covid': 0, 'supply': 0, 'Beautification': 0, 'Installation': 0}",,,False,False,Immediate Measures
67747,02/SBD/BCD/PURNEA/2024-25/GR-4,":-        CONSTRUCTION OF PANCHAYAT SARKAR BHAWAN (FLOOD AREA) AT LAXMIPUR, BARHARA KOTHI BLOCK, PURNIA DISTRICT (ONE UNIT) FOR THE YEAR - 2023-24.",":-        CONSTRUCTION OF PANCHAYAT SARKAR BHAWAN (FLOOD AREA) AT LAXMIPUR, BARHARA KOTHI BLOCK, PURNIA DISTRICT (ONE UNIT) FOR THE YEAR - 2023-24.",27796690.0,INR,INR,2024-08-12 11:12:36+00:00,2024-08-12T10:35:27.248000+00:00,2024-09-09T04:43:40+00:00,"Executive Engineer, BUILDING DIVISION PURNEA",EE,BUILDING DIVISION PURNEA,"EE, BUILDING DIVISION PURNEA, BCD, PURNEA, BIHAR","Superintending Engineer, Purnea Circle",SE,Purnea Circle,588700.0,10000.0,3540.0,True,"{'Flood': 2, 'Embankment': 0, 'embkt': 0, 'Relief': 0, 'Erosion': 0, 'SDRF': 0, 'Inundation': 0, 'Hydrology': 0, 'Silt': 0, 'Siltation': 0, 'Bund': 0, 'Trench': 0, 'Breach': 0, 'Culvert': 0, 'Sluice': 0, 'Dyke': 0, 'Storm water drain': 0, 'Emergency': 0, 'Immediate': 0, 'IM': 0, 'AE': 0, 'A E': 0, 'AAPDA MITRA': 0, 'Bridge': 0, 'River': 0, 'Drain': 0, 'Restoration': 0, 'Protection': 0, 'irr': 0, 'irrigation': 0, 'dam': 0, 'Nallah': 0, 'nala': 0, 'Retrofitting': 0, 'Pond': 0, 'Pokhari': 0, 'D/C': 0, 'Recharge shaft': 0, 'LFB': 0, 'RFB': 0}","{'Floodlight': 0, 'Flood Light': 0, 'GAS': 0, 'FIFA': 0, 'pipe': 0, 'pipes': 0, 'covid': 0, 'supply': 0, 'Beautification': 0, 'Installation': 0}",,,False,False,Immediate Measures
67748,02/SBD/BCD/PURNEA/2024-25/GR-5,"CONSTRUCTION OF PANCHAYAT SARKAR BHAWAN (FLOOD AREA) AT ORLAHA, BARHARA KOTHI BLOCK, PURNIA DISTRICT (ONE UNIT) FOR THE YEAR - 2024-25","CONSTRUCTION OF PANCHAYAT SARKAR BHAWAN (FLOOD AREA) AT ORLAHA, BARHARA KOTHI BLOCK, PURNIA DISTRICT (ONE UNIT) FOR THE YEAR - 2024-25",27796690.0,INR,INR,2024-08-12 11:15:34+00:00,2024-08-12T10:35:36.559000+00:00,2025-03-03T12:15:14+00:00,"Executive Engineer, BUILDING DIVISION PURNEA",EE,BUILDING DIVISION PURNEA,"EE, BUILDING DIVISION PURNEA, BCD, PURNEA, BIHAR","Superintending Engineer, Purnea Circle",SE,Purnea Circle,588700.0,10000.0,3540.0,True,"{'Flood': 2, 'Embankment': 0, 'embkt': 0, 'Relief': 0, 'Erosion': 0, 'SDRF': 0, 'Inundation': 0, 'Hydrology': 0, 'Silt': 0, 'Siltation': 0, 'Bund': 0, 'Trench': 0, 'Breach': 0, 'Culvert': 0, 'Sluice': 0, 'Dyke': 0, 'Storm water drain': 0, 'Emergency': 0, 'Immediate': 0, 'IM': 0, 'AE': 0, 'A E': 0, 'AAPDA MITRA': 0, 'Bridge': 0, 'River': 0, 'Drain': 0, 'Restoration': 0, 'Protection': 0, 'irr': 0, 'irrigation': 0, 'dam': 0, 'Nallah': 0, 'nala': 0, 'Retrofitting': 0, 'Pond': 0, 'Pokhari': 0, 'D/C': 0, 'Recharge shaft': 0, 'LFB': 0, 'RFB': 0}","{'Floodlight': 0, 'Flood Light': 0, 'GAS': 0, 'FIFA': 0, 'pipe': 0, 'pipes': 0, 'covid': 0, 'supply': 0, 'Beautification': 0, 'Installation': 0}",,,False,False,Immediate Measures
67746,02/SBD/BCD/PURNEA/2024-25/GR-3,"CONSTRUCTION OF PANCHAYAT SARKAR BHAWAN (FLOOD AREA) AT ARBANNA CHAKLA, BARHARA KOTHI BLOCK, PURNIA DISTRICT (ONE UNIT) FOR THE YEAR - 2023-24.","CONSTRUCTION OF PANCHAYAT SARKAR BHAWAN (FLOOD AREA) AT ARBANNA CHAKLA, BARHARA KOTHI BLOCK, PURNIA DISTRICT (ONE UNIT) FOR THE YEAR - 2023-24.",28946213.0,INR,INR,2024-08-12 11:08:45+00:00,2024-08-12T10:35:18.106000+00:00,2025-04-29T05:30:11+00:00,"Executive Engineer, BUILDING DIVISION PURNEA",EE,BUILDING DIVISION PURNEA,"EE, BUILDING DIVISION PURNEA, BCD, PURNEA, BIHAR","Superintending Engineer, Purnea Circle",SE,Purnea Circle,588700.0,10000.0,3540.0,True,"{'Flood': 2, 'Embankment': 0, 'embkt': 0, 'Relief': 0, 'Erosion': 0, 'SDRF': 0, 'Inundation': 0, 'Hydrology': 0, 'Silt': 0, 'Siltation': 0, 'Bund': 0, 'Trench': 0, 'Breach': 0, 'Culvert': 0, 'Sluice': 0, 'Dyke': 0, 'Storm water drain': 0, 'Emergency': 0, 'Immediate': 0, 'IM': 0, 'AE': 0, 'A E': 0, 'AAPDA MITRA': 0, 'Bridge': 0, 'River': 0, 'Drain': 0, 'Restoration': 0, 'Protection': 0, 'irr': 0, 'irrigation': 0, 'dam': 0, 'Nallah': 0, 'nala': 0, 'Retrofitting': 0, 'Pond': 0, 'Pokhari': 0, 'D/C': 0, 'Recharge shaft': 0, 'LFB': 0, 'RFB': 0}","{'Floodlight': 0, 'Flood Light': 0, 'GAS': 0, 'FIFA': 0, 'pipe': 0, 'pipes': 0, 'covid': 0, 'supply': 0, 'Beautification': 0, 'Installation': 0}",,,False,False,Immediate Measures
67749,02/SBD/BCD/PURNEA/2024-25/GR-9,"CONSTRUCTION OF PANCHAYAT SARKAR BHAWAN (FLOOD AREA) AT JAGAILI, SRINAGAR BLOCK, PURNIA DISTRICT (ONE UNIT) FOR THE YEAR - 2024-25.","CONSTRUCTION OF PANCHAYAT SARKAR BHAWAN (FLOOD AREA) AT JAGAILI, SRINAGAR BLOCK, PURNIA DISTRICT (ONE UNIT) FOR THE YEAR - 2024-25.",27661519.0,INR,INR,2024-08-12 11:28:41+00:00,2024-08-12T10:35:46.263000+00:00,2025-05-30T05:03:39+00:00,"Executive Engineer, BUILDING DIVISION PURNEA",EE,BUILDING DIVISION PURNEA,"EE, BUILDING DIVISION PURNEA, BCD, PURNEA, BIHAR","Superintending Engineer, Purnea Circle",SE,Purnea Circle,586000.0,10000.0,3540.0,True,"{'Flood': 2, 'Embankment': 0, 'embkt': 0, 'Relief': 0, 'Erosion': 0, 'SDRF': 0, 'Inundation': 0, 'Hydrology': 0, 'Silt': 0, 'Siltation': 0, 'Bund': 0, 'Trench': 0, 'Breach': 0, 'Culvert': 0, 'Sluice': 0, 'Dyke': 0, 'Storm water drain': 0, 'Emergency': 0, 'Immediate': 0, 'IM': 0, 'AE': 0, 'A E': 0, 'AAPDA MITRA': 0, 'Bridge': 0, 'River': 0, 'Drain': 0, 'Restoration': 0, 'Protection': 0, 'irr': 0, 'irrigation': 0, 'dam': 0, 'Nallah': 0, 'nala': 0, 'Retrofitting': 0, 'Pond': 0, 'Pokhari': 0, 'D/C': 0, 'Recharge shaft': 0, 'LFB': 0, 'RFB': 0}","{'Floodlight': 0, 'Flood Light': 0, 'GAS': 0, 'FIFA': 0, 'pipe': 0, 'pipes': 0, 'covid': 0, 'supply': 0, 'Beautification': 0, 'Installation': 0}",,,False,False,Immediate Measures
67743,02/SBD/BCD/PURNEA/2024-25/GR-1,"CONSTRUCTION OF PANCHAYAT SARKAR BHAWAN (FLOOD AREA) AT ADHANG, AMOUR BLOCK, PURNIA DISTRICT (ONE UNIT) FOR THE YEAR - 2024-25.","CONSTRUCTION OF PANCHAYAT SARKAR BHAWAN (FLOOD AREA) AT ADHANG, AMOUR BLOCK, PURNIA DISTRICT (ONE UNIT) FOR THE YEAR - 2024-25.",28946213.0,INR,INR,2024-08-12 10:33:32+00:00,2024-08-12T10:16:45.549000+00:00,2024-09-09T05:20:52+00:00,"Executive Engineer, BUILDING DIVISION PURNEA",EE,BUILDING DIVISION PURNEA,"EE, BUILDING DIVISION PURNEA, BCD, PURNEA, BIHAR","Superintending Engineer, Purnea Circle",SE,Purnea Circle,611700.0,10000.0,3540.0,True,"{'Flood': 2, 'Embankment': 0, 'embkt': 0, 'Relief': 0, 'Erosion': 0, 'SDRF': 0, 'Inundation': 0, 'Hydrology': 0, 'Silt': 0, 'Siltation': 0, 'Bund': 0, 'Trench': 0, 'Breach': 0, 'Culvert': 0, 'Sluice': 0, 'Dyke': 0, 'Storm water drain': 0, 'Emergency': 0, 'Immediate': 0, 'IM': 0, 'AE': 0, 'A E': 0, 'AAPDA MITRA': 0, 'Bridge': 0, 'River': 0, 'Drain': 0, 'Restoration': 0, 'Protection': 0, 'irr': 0, 'irrigation': 0, 'dam': 0, 'Nallah': 0, 'nala': 0, 'Retrofitting': 0, 'Pond': 0, 'Pokhari': 0, 'D/C': 0, 'Recharge shaft': 0, 'LFB': 0, 'RFB': 0}","{'Floodlight': 0, 'Flood Light': 0, 'GAS': 0, 'FIFA': 0, 'pipe': 0, 'pipes': 0, 'covid': 0, 'supply': 0, 'Beautification': 0, 'Installation': 0}",,,False,False,Immediate Measures
67753,"03/E/KAN/2024-25, Group No.02",Construction of of Manhole Slab & Catchpit cover and box drain at Different Place  under Ward No.30,Construction of of Manhole Slab & Catchpit cover and box drain at Different Place  under Ward No.30,3441179.0,INR,INR,2024-08-12 11:04:02+00:00,2024-08-12T11:00:06.145000+00:00,2025-03-17T08:37:01+00:00,"Aashish Prasad, Executive Engineer",EXECUETIVE ENGINEER,"Kankarbagh Division,Patna Municipal Corporation,Patna","Tempo Stand,Kankarbagh,Patna-20","Aashish Prasad,EXECUETIVE ENGINEER",EXECUETIVE ENGINEER,"Kankarbagh Division,Patna Municipal Corporation,Patna",68900.0,5000.0,590.0,True,"{'Flood': 0, 'Embankment': 0, 'embkt': 0, 'Relief': 0, 'Erosion': 0, 'SDRF': 0, 'Inundation': 0, 'Hydrology': 0, 'Silt': 0, 'Siltation': 0, 'Bund': 0, 'Trench': 0, 'Breach': 0, 'Culvert': 0, 'Sluice': 0, 'Dyke': 0, 'Storm water drain': 0, 'Emergency': 0, 'Immediate': 0, 'IM': 0, 'AE': 0, 'A E': 0, 'AAPDA MITRA': 0, 'Bridge': 0, 'River': 0, 'Drain': 2, 'Restoration': 0, 'Protection': 0, 'irr': 0, 'irrigation': 0, 'dam': 0, 'Nallah': 0, 'nala': 0, 'Retrofitting': 0, 'Pond': 0, 'Pokhari': 0, 'D/C': 0, 'Recharge shaft': 0, 'LFB': 0, 'RFB': 0}","{'Floodlight': 0, 'Flood Light': 0, 'GAS': 0, 'FIFA': 0, 'pipe': 0, 'pipes': 0, 'covid': 0, 'supply': 0, 'Beautification': 0, 'Installation': 0}",,,False,True,Immediate Measures
67750,02/SBD/BCD/PURNEA/2024-25/GR-8,"CONSTRUCTION OF PANCHAYAT SARKAR BHAWAN (FLOOD AREA) AT DIMIA CHHATTARJAN, PURNEA EAST BLOCK, PURNIA DISTRICT (ONE UNIT) FOR THE YEAR - 2024-25.","CONSTRUCTION OF PANCHAYAT SARKAR BHAWAN (FLOOD AREA) AT DIMIA CHHATTARJAN, PURNEA EAST BLOCK, PURNIA DISTRICT (ONE UNIT) FOR THE YEAR - 2024-25.",27320215.0,INR,INR,2024-08-12 11:24:58+00:00,2024-08-12T10:36:02.722000+00:00,2024-09-09T04:43:17+00:00,"Executive Engineer, BUILDING DIVISION PURNEA",EE,BUILDING DIVISION PURNEA,"EE, BUILDING DIVISION PURNEA, BCD, PURNEA, BIHAR","Superintending Engineer, Purnea Circle",SE,Purnea Circle,579100.0,10000.0,3540.0,True,"{'Flood': 2, 'Embankment': 0, 'embkt': 0, 'Relief': 0, 'Erosion': 0, 'SDRF': 0, 'Inundation': 0, 'Hydrology': 0, 'Silt': 0, 'Siltation': 0, 'Bund': 0, 'Trench': 0, 'Breach': 0, 'Culvert': 0, 'Sluice': 0, 'Dyke': 0, 'Storm water drain': 0, 'Emergency': 0, 'Immediate': 0, 'IM': 0, 'AE': 0, 'A E': 0, 'AAPDA MITRA': 0, 'Bridge': 0, 'River': 0, 'Drain': 0, 'Restoration': 0, 'Protection': 0, 'irr': 0, 'irrigation': 0, 'dam': 0, 'Nallah': 0, 'nala': 0, 'Retrofitting': 0, 'Pond': 0, 'Pokhari': 0, 'D/C': 0, 'Recharge shaft': 0, 'LFB': 0, 'RFB': 0}","{'Floodlight': 0, 'Flood Light': 0, 'GAS': 0, 'FIFA': 0, 'pipe': 0, 'pipes': 0, 'covid': 0, 'supply': 0, 'Beautification': 0, 'Installation': 0}",,,False,False,Immediate Measures
67758,02/SBD/BCD/PURNEA/2024-25/GR-6,"CONSTRUCTION OF PANCHAYAT SARKAR BHAWAN (FLOOD AREA) AT MATIHANI, BARHARA KOTHI BLOCK, PURNIA DISTRICT (ONE UNIT) FOR THE YEAR - 2024-25.","CONSTRUCTION OF PANCHAYAT SARKAR BHAWAN (FLOOD AREA) AT MATIHANI, BARHARA KOTHI BLOCK, PURNIA DISTRICT (ONE UNIT) FOR THE YEAR - 2024-25.",27796690.0,INR,INR,2024-08-12 11:18:51+00:00,2024-08-12T11:16:14.051000+00:00,2024-09-09T04:43:19+00:00,"Executive Engineer, BUILDING DIVISION PURNEA",EE,BUILDING DIVISION PURNEA,"EE, BUILDING DIVISION PURNEA, BCD, PURNEA, BIHAR","Superintending Engineer, Purnea Circle",SE,Purnea Circle,588700.0,10000.0,3540.0,True,"{'Flood': 2, 'Embankment': 0, 'embkt': 0, 'Relief': 0, 'Erosion': 0, 'SDRF': 0, 'Inundation': 0, 'Hydrology': 0, 'Silt': 0, 'Siltation': 0, 'Bund': 0, 'Trench': 0, 'Breach': 0, 'Culvert': 0, 'Sluice': 0, 'Dyke': 0, 'Storm water drain': 0, 'Emergency': 0, 'Immediate': 0, 'IM': 0, 'AE': 0, 'A E': 0, 'AAPDA MITRA': 0, 'Bridge': 0, 'River': 0, 'Drain': 0, 'Restoration': 0, 'Protection': 0, 'irr': 0, 'irrigation': 0, 'dam': 0, 'Nallah': 0, 'nala': 0, 'Retrofitting': 0, 'Pond': 0, 'Pokhari': 0, 'D/C': 0, 'Recharge shaft': 0, 'LFB': 0, 'RFB': 0}","{'Floodlight': 0, 'Flood Light': 0, 'GAS': 0, 'FIFA': 0, 'pipe': 0, 'pipes': 0, 'covid': 0, 'supply': 0, 'Beautification': 0, 'Installation': 0}",,,False,False,Immediate Measures
67767,5645,CONSTRUCTION OF R.C.C BRIDGE BETWEEN GARVATARI MAHADALIT TOLA TO KONKRITRI ON ODHANI  RIVER G.P LODHAM BLOCK BANKA,CONSTRUCTION OF R.C.C BRIDGE BETWEEN GARVATARI MAHADALIT TOLA TO KONKRITRI ON ODHANI  RIVER G.P LODHAM BLOCK BANKA,7160500.0,INR,INR,2024-08-12 13:18:40+00:00,2024-08-12T12:31:23.879000+00:00,2024-08-28T08:33:38+00:00,RANJEET KUMAR,DISTRICT ENGINEER,DISTRICT ENGINEER,FORT AREA MUNGER,RANJEET KUMAR,DISTRICT ENGINEER,DISTRICT ENGINEER,143500.0,10000.0,3540.0,True,"{'Flood': 0, 'Embankment': 0, 'embkt': 0, 'Relief': 0, 'Erosion': 0, 'SDRF': 0, 'Inundation': 0, 'Hydrology': 0, 'Silt': 0, 'Siltation': 0, 'Bund': 0, 'Trench': 0, 'Breach': 0, 'Culvert': 0, 'Sluice': 0, 'Dyke': 0, 'Storm water drain': 0, 'Emergency': 0, 'Immediate': 0, 'IM': 0, 'AE': 0, 'A E': 0, 'AAPDA MITRA': 0, 'Bridge': 2, 'River': 2, 'Drain': 0, 'Restoration': 0, 'Protection': 0, 'irr': 0, 'irrigation': 0, 'dam': 0, 'Nallah': 0, 'nala': 0, 'Retrofitting': 0, 'Pond': 0, 'Pokhari': 0, 'D/C': 0, 'Recharge shaft': 0, 'LFB': 0, 'RFB': 0}","{'Floodlight': 0, 'Flood Light': 0, 'GAS': 0, 'FIFA': 0, 'pipe': 0, 'pipes': 0, 'covid': 0, 'supply': 0, 'Beautification': 0, 'Installation': 0}",,,False,True,Others
67754,"03/E/KAN/2024-25, Group No.03",Construction of of Manhole Slab & Catchpit cover and box drain at Different Place  under Ward No.31,Construction of of Manhole Slab & Catchpit cover and box drain at Different Place  under Ward No.31,4133321.0,INR,INR,2024-08-12 11:08:33+00:00,2024-08-12T11:05:09.250000+00:00,2024-11-20T07:22:43+00:00,"Aashish Prasad, Executive Engineer",EXECUETIVE ENGINEER,"Kankarbagh Division,Patna Municipal Corporation,Patna","Tempo Stand,Kankarbagh,Patna-20","Aashish Prasad,EXECUETIVE ENGINEER",EXECUETIVE ENGINEER,"Kankarbagh Division,Patna Municipal Corporation,Patna",82700.0,5000.0,590.0,True,"{'Flood': 0, 'Embankment': 0, 'embkt': 0, 'Relief': 0, 'Erosion': 0, 'SDRF': 0, 'Inundation': 0, 'Hydrology': 0, 'Silt': 0, 'Siltation': 0, 'Bund': 0, 'Trench': 0, 'Breach': 0, 'Culvert': 0, 'Sluice': 0, 'Dyke': 0, 'Storm water drain': 0, 'Emergency': 0, 'Immediate': 0, 'IM': 0, 'AE': 0, 'A E': 0, 'AAPDA MITRA': 0, 'Bridge': 0, 'River': 0, 'Drain': 2, 'Restoration': 0, 'Protection': 0, 'irr': 0, 'irrigation': 0, 'dam': 0, 'Nallah': 0, 'nala': 0, 'Retrofitting': 0, 'Pond': 0, 'Pokhari': 0, 'D/C': 0, 'Recharge shaft': 0, 'LFB': 0, 'RFB': 0}","{'Floodlight': 0, 'Flood Light': 0, 'GAS': 0, 'FIFA': 0, 'pipe': 0, 'pipes': 0, 'covid': 0, 'supply': 0, 'Beautification': 0, 'Installation': 0}",,,False,True,Immediate Measures
67893,SHORT TENDER NIT NO-06/2024-25/GAYA,"Construction of 125mmx 45 mtr deep gravel packed T/W(G.P.T)with I.M-II Hand Pump, platform & drain  in place of old/defunct handpumpsWith Soak Pit 1.0M diameter 2.0 Meter deep with dry brick honey comp shaft with brick of class designaion 100B for Handpumps. Under P.H. Division, Gaya for the year 2024-25 in district Gaya. 
(I) Construction of 125mmx 45 mtr deep gravel packed T/W(G.P.T)with I.M-II Hand Pump, platform & drain  in place of old/defunct handpumps - 30 Nos.
(ii)Construction of Soak Pit 1.0M diameter 2.0 meter deep with dry brick honey comb shaft with bricks of Class designation 100B for Handpumps -30 nos.","Construction of 125mmx 45 mtr deep gravel packed T/W(G.P.T)with I.M-II Hand Pump, platform & drain  in place of old/defunct handpumpsWith Soak Pit 1.0M diameter 2.0 Meter deep with dry brick honey comp shaft with brick of class designaion 100B for Handpumps. Under P.H. Division, Gaya for the year 2024-25 in district Gaya. 
(I) Construction of 125mmx 45 mtr deep gravel packed T/W(G.P.T)with I.M-II Hand Pump, platform & drain  in place of old/defunct handpumps - 30 Nos.
(ii)Construction of Soak Pit 1.0M diameter 2.0 meter deep with dry brick honey comb shaft with bricks of Class designation 100B for Handpumps -30 nos.",2823150.0,INR,INR,2024-08-13 16:47:40+00:00,2024-08-13T16:03:30.854000+00:00,2024-10-16T09:50:32+00:00,ABHISHANT RAJ,EXECUTIVE ENGINEER,PH DIVISION GAYA,MAA AMBE NIWAS NEAR VC RESIDENCE GAYA,MANOJ KUMAR,Chief Engineer Patna Zone,Chief Engineer,56500.0,5000.0,590.0,True,"{'Flood': 0, 'Embankment': 0, 'embkt': 0, 'Relief': 0, 'Erosion': 0, 'SDRF': 0, 'Inundation': 0, 'Hydrology': 0, 'Silt': 0, 'Siltation': 0, 'Bund': 0, 'Trench': 0, 'Breach': 0, 'Culvert': 0, 'Sluice': 0, 'Dyke': 0, 'Storm water drain': 0, 'Emergency': 0, 'Immediate': 0, 'IM': 0, 'AE': 0, 'A E': 0, 'AAPDA MITRA': 0, 'Bridge': 0, 'River': 0, 'Drain': 4, 'Restoration': 0, 'Protection': 0, 'irr': 0, 'irrigation': 0, 'dam': 0, 'Nallah': 0, 'nala': 0, 'Retrofitting': 0, 'Pond': 0, 'Pokhari': 0, 'D/C': 0, 'Recharge shaft': 0, 'LFB': 0, 'RFB': 0}","{'Floodlight': 0, 'Flood Light': 0, 'GAS': 0, 'FIFA': 0, 'pipe': 0, 'pipes': 0, 'covid': 0, 'supply': 0, 'Beautification': 0, 'Installation': 0}",,,False,True,Immediate Measures
67890,SHORT RE-TENDER NIT NO-05/2024-25/GAYA,"Construction of new deep hand-pumps ( India Mark-II), Machine  Drilled Boring, Soak-pit  1.00m dia & 2.00m deep with dry brick honey-comb shaft with bricks (100B) of class designation and  3 meter  long  P.C.C.  Drain  for  providing  drinking  water in water scarce area & drought area at  different places in Gaya District under P.H. Division Gaya.  (Year :? 2024-25.) 
(i)Construction of 125mm/115mm x 60m deep drilled T/W(D.T) with I.M-II Hand Pump, platform & drain  in place of old/defunct handpumps under P.H. Division, Gaya for the year 2024-25 in district Gaya -33 Nos
(ii)Construction of 125mmx 45 mtr deep gravel packed T/W(G.P.T)with I.M-II Hand Pump, platform & drain  in place of old/defunct handpumps Under P.H. Division, Gaya for the year 2024-25 in district Gaya .53 Nos
(iii)Construction of Soak Pit 1.0M diameter 2.0 meter deep with dry brick honey comb shaft with bricks of Class designation 100B for Handpumps-86 Nos.","Construction of new deep hand-pumps ( India Mark-II), Machine  Drilled Boring, Soak-pit  1.00m dia & 2.00m deep with dry brick honey-comb shaft with bricks (100B) of class designation and  3 meter  long  P.C.C.  Drain  for  providing  drinking  water in water scarce area & drought area at  different places in Gaya District under P.H. Division Gaya.  (Year :? 2024-25.) 
(i)Construction of 125mm/115mm x 60m deep drilled T/W(D.T) with I.M-II Hand Pump, platform & drain  in place of old/defunct handpumps under P.H. Division, Gaya for the year 2024-25 in district Gaya -33 Nos
(ii)Construction of 125mmx 45 mtr deep gravel packed T/W(G.P.T)with I.M-II Hand Pump, platform & drain  in place of old/defunct handpumps Under P.H. Division, Gaya for the year 2024-25 in district Gaya .53 Nos
(iii)Construction of Soak Pit 1.0M diameter 2.0 meter deep with dry brick honey comb shaft with bricks of Class designation 100B for Handpumps-86 Nos.",9179269.0,INR,INR,2024-08-13 16:02:58+00:00,2024-08-13T15:47:08.397000+00:00,2024-11-16T12:13:56+00:00,ABHISHANT RAJ,EXECUTIVE ENGINEER,PH DIVISION GAYA,MAA AMBE NIWAS NEAR VC RESIDENCE GAYA,NITYANAND PRASAD,CHIEF ENGINEER,PHED,183600.0,10000.0,3540.0,True,"{'Flood': 0, 'Embankment': 0, 'embkt': 0, 'Relief': 0, 'Erosion': 0, 'SDRF': 0, 'Inundation': 0, 'Hydrology': 0, 'Silt': 0, 'Siltation': 0, 'Bund': 0, 'Trench': 0, 'Breach': 0, 'Culvert': 0, 'Sluice': 0, 'Dyke': 0, 'Storm water drain': 0, 'Emergency': 0, 'Immediate': 0, 'IM': 0, 'AE': 0, 'A E': 0, 'AAPDA MITRA': 0, 'Bridge': 0, 'River': 0, 'Drain': 6, 'Restoration': 0, 'Protection': 0, 'irr': 0, 'irrigation': 0, 'dam': 0, 'Nallah': 0, 'nala': 0, 'Retrofitting': 0, 'Pond': 0, 'Pokhari': 0, 'D/C': 0, 'Recharge shaft': 0, 'LFB': 0, 'RFB': 0}","{'Floodlight': 0, 'Flood Light': 0, 'GAS': 0, 'FIFA': 0, 'pipe': 0, 'pipes': 0, 'covid': 0, 'supply': 0, 'Beautification': 0, 'Installation': 0}",,,False,True,Immediate Measures
67903,NIT-01/2024-25/GROUP-02.,Construction of P.C.C Road and R.C.C Drain with cover from Megha Singh house to Baban Shah house via madrasah and construction of drain with cover from Baban Shah house to Karaha in ward no 02.,Construction of P.C.C Road and R.C.C Drain with cover from Megha Singh house to Baban Shah house via madrasah and construction of drain with cover from Baban Shah house to Karaha in ward no 02.,2446404.0,INR,INR,2024-08-14 09:45:38+00:00,2024-08-13T17:24:05.523000+00:00,2025-02-21T07:36:36+00:00,MD. JAMAL AKHTAR ANSARI,EXECUTIVE OFFICER BIKRAMGANJ,NAGAR PARISHAD BIKRAMGANJ,0/0 NAGAR PARISHAD BIKRAMGANJ,MD. JAMAL AKHTAR ANSARI,EXECUTIVE OFFICER,NAGAR PARISHAD BIKRAMGANJ,49000.0,5000.0,590.0,True,"{'Flood': 0, 'Embankment': 0, 'embkt': 0, 'Relief': 0, 'Erosion': 0, 'SDRF': 0, 'Inundation': 0, 'Hydrology': 0, 'Silt': 0, 'Siltation': 0, 'Bund': 0, 'Trench': 0, 'Breach': 0, 'Culvert': 0, 'Sluice': 0, 'Dyke': 0, 'Storm water drain': 0, 'Emergency': 0, 'Immediate': 0, 'IM': 0, 'AE': 0, 'A E': 0, 'AAPDA MITRA': 0, 'Bridge': 0, 'River': 0, 'Drain': 4, 'Restoration': 0, 'Protection': 0, 'irr': 0, 'irrigation': 0, 'dam': 0, 'Nallah': 0, 'nala': 0, 'Retrofitting': 0, 'Pond': 0, 'Pokhari': 0, 'D/C': 0, 'Recharge shaft': 0, 'LFB': 0, 'RFB': 0}","{'Floodlight': 0, 'Flood Light': 0, 'GAS': 0, 'FIFA': 0, 'pipe': 0, 'pipes': 0, 'covid': 0, 'supply': 0, 'Beautification': 0, 'Installation': 0}",,,False,True,Immediate Measures
67902,NIT-01/2024-25/GROUP-01.,Construction of P.C.C. Road from Dumrao Main Road to Javahir  Singh house via Aanganvadi and construction of R.C.C Drain with cover from Dumrao road to Aanganvadi in ward no 01.,Construction of P.C.C. Road from Dumrao Main Road to Javahir  Singh house via Aanganvadi and construction of R.C.C Drain with cover from Dumrao road to Aanganvadi in ward no 01.,2438754.0,INR,INR,2024-08-14 09:37:10+00:00,2024-08-13T16:32:03.389000+00:00,2025-02-21T07:24:17+00:00,MD. JAMAL AKHTAR ANSARI,EXECUTIVE OFFICER BIKRAMGANJ,NAGAR PARISHAD BIKRAMGANJ,0/0 NAGAR PARISHAD BIKRAMGANJ,MD. JAMAL AKHTAR ANSARI,EXECUTIVE OFFICER,NAGAR PARISHAD BIKRAMGANJ,48800.0,5000.0,590.0,True,"{'Flood': 0, 'Embankment': 0, 'embkt': 0, 'Relief': 0, 'Erosion': 0, 'SDRF': 0, 'Inundation': 0, 'Hydrology': 0, 'Silt': 0, 'Siltation': 0, 'Bund': 0, 'Trench': 0, 'Breach': 0, 'Culvert': 0, 'Sluice': 0, 'Dyke': 0, 'Storm water drain': 0, 'Emergency': 0, 'Immediate': 0, 'IM': 0, 'AE': 0, 'A E': 0, 'AAPDA MITRA': 0, 'Bridge': 0, 'River': 0, 'Drain': 2, 'Restoration': 0, 'Protection': 0, 'irr': 0, 'irrigation': 0, 'dam': 0, 'Nallah': 0, 'nala': 0, 'Retrofitting': 0, 'Pond': 0, 'Pokhari': 0, 'D/C': 0, 'Recharge shaft': 0, 'LFB': 0, 'RFB': 0}","{'Floodlight': 0, 'Flood Light': 0, 'GAS': 0, 'FIFA': 0, 'pipe': 0, 'pipes': 0, 'covid': 0, 'supply': 0, 'Beautification': 0, 'Installation': 0}",,,False,True,Immediate Measures
67905,NIT-01/2024-25/GROUP-04.,"Construction of P.C.C Road and R.C.C Drain with cover from Nahar Divra Road to Vinay Kumar house , Sindu Kumar house to Ajay Kumar Singh house , Nahar to Advocate Gopal Prashad house and Manoranjan Sharma house to Krishna Kumar Sharma house in ward no 04.","Construction of P.C.C Road and R.C.C Drain with cover from Nahar Divra Road to Vinay Kumar house , Sindu Kumar house to Ajay Kumar Singh house , Nahar to Advocate Gopal Prashad house and Manoranjan Sharma house to Krishna Kumar Sharma house in ward no 04.",2040635.0,INR,INR,2024-08-14 09:59:08+00:00,2024-08-13T17:29:15.349000+00:00,2025-02-21T08:05:32+00:00,MD. JAMAL AKHTAR ANSARI,EXECUTIVE OFFICER BIKRAMGANJ,NAGAR PARISHAD BIKRAMGANJ,0/0 NAGAR PARISHAD BIKRAMGANJ,MD. JAMAL AKHTAR ANSARI,EXECUTIVE OFFICER,NAGAR PARISHAD BIKRAMGANJ,49000.0,5000.0,590.0,True,"{'Flood': 0, 'Embankment': 0, 'embkt': 0, 'Relief': 0, 'Erosion': 0, 'SDRF': 0, 'Inundation': 0, 'Hydrology': 0, 'Silt': 0, 'Siltation': 0, 'Bund': 0, 'Trench': 0, 'Breach': 0, 'Culvert': 0, 'Sluice': 0, 'Dyke': 0, 'Storm water drain': 0, 'Emergency': 0, 'Immediate': 0, 'IM': 0, 'AE': 0, 'A E': 0, 'AAPDA MITRA': 0, 'Bridge': 0, 'River': 0, 'Drain': 2, 'Restoration': 0, 'Protection': 0, 'irr': 0, 'irrigation': 0, 'dam': 0, 'Nallah': 0, 'nala': 0, 'Retrofitting': 0, 'Pond': 0, 'Pokhari': 0, 'D/C': 0, 'Recharge shaft': 0, 'LFB': 0, 'RFB': 0}","{'Floodlight': 0, 'Flood Light': 0, 'GAS': 0, 'FIFA': 0, 'pipe': 0, 'pipes': 0, 'covid': 0, 'supply': 0, 'Beautification': 0, 'Installation': 0}",,,False,True,Immediate Measures
67909,NIT-01/2024-25/GROUP-08.,Construction of P.C.C Road from Dhannajay Singh's Dalan to Natwar Main Road and R.C.C Drain with cover from Natwar Main Road side Sudama Yadav house to Lakshmi Ram house in ward no 08.,Construction of P.C.C Road from Dhannajay Singh's Dalan to Natwar Main Road and R.C.C Drain with cover from Natwar Main Road side Sudama Yadav house to Lakshmi Ram house in ward no 08.,2312151.0,INR,INR,2024-08-14 10:25:22+00:00,2024-08-13T17:31:05.026000+00:00,2025-02-21T08:32:35+00:00,MD. JAMAL AKHTAR ANSARI,EXECUTIVE OFFICER BIKRAMGANJ,NAGAR PARISHAD BIKRAMGANJ,0/0 NAGAR PARISHAD BIKRAMGANJ,MD. JAMAL AKHTAR ANSARI,EXECUTIVE OFFICER,NAGAR PARISHAD BIKRAMGANJ,46300.0,5000.0,590.0,True,"{'Flood': 0, 'Embankment': 0, 'embkt': 0, 'Relief': 0, 'Erosion': 0, 'SDRF': 0, 'Inundation': 0, 'Hydrology': 0, 'Silt': 0, 'Siltation': 0, 'Bund': 0, 'Trench': 0, 'Breach': 0, 'Culvert': 0, 'Sluice': 0, 'Dyke': 0, 'Storm water drain': 0, 'Emergency': 0, 'Immediate': 0, 'IM': 0, 'AE': 0, 'A E': 0, 'AAPDA MITRA': 0, 'Bridge': 0, 'River': 0, 'Drain': 2, 'Restoration': 0, 'Protection': 0, 'irr': 0, 'irrigation': 0, 'dam': 0, 'Nallah': 0, 'nala': 0, 'Retrofitting': 0, 'Pond': 0, 'Pokhari': 0, 'D/C': 0, 'Recharge shaft': 0, 'LFB': 0, 'RFB': 0}","{'Floodlight': 0, 'Flood Light': 0, 'GAS': 0, 'FIFA': 0, 'pipe': 0, 'pipes': 0, 'covid': 0, 'supply': 0, 'Beautification': 0, 'Installation': 0}",,,False,True,Immediate Measures
67912,NIT-01/2024-25/GROUP-11,Construction of P.C.C Road and R.C.C Drain with cover from Sasaram Road Nahar Pul to Phatehabahadur singh Plot via Majid Ansari house in ward no 11.,Construction of P.C.C Road and R.C.C Drain with cover from Sasaram Road Nahar Pul to Phatehabahadur singh Plot via Majid Ansari house in ward no 11.,2441186.0,INR,INR,2024-08-14 10:43:58+00:00,2024-08-13T17:32:26.563000+00:00,2025-02-22T05:46:58+00:00,MD. JAMAL AKHTAR ANSARI,EXECUTIVE OFFICER BIKRAMGANJ,NAGAR PARISHAD BIKRAMGANJ,0/0 NAGAR PARISHAD BIKRAMGANJ,MD. JAMAL AKHTAR ANSARI,EXECUTIVE OFFICER,NAGAR PARISHAD BIKRAMGANJ,48900.0,5000.0,590.0,True,"{'Flood': 0, 'Embankment': 0, 'embkt': 0, 'Relief': 0, 'Erosion': 0, 'SDRF': 0, 'Inundation': 0, 'Hydrology': 0, 'Silt': 0, 'Siltation': 0, 'Bund': 0, 'Trench': 0, 'Breach': 0, 'Culvert': 0, 'Sluice': 0, 'Dyke': 0, 'Storm water drain': 0, 'Emergency': 0, 'Immediate': 0, 'IM': 0, 'AE': 0, 'A E': 0, 'AAPDA MITRA': 0, 'Bridge': 0, 'River': 0, 'Drain': 2, 'Restoration': 0, 'Protection': 0, 'irr': 0, 'irrigation': 0, 'dam': 0, 'Nallah': 0, 'nala': 0, 'Retrofitting': 0, 'Pond': 0, 'Pokhari': 0, 'D/C': 0, 'Recharge shaft': 0, 'LFB': 0, 'RFB': 0}","{'Floodlight': 0, 'Flood Light': 0, 'GAS': 0, 'FIFA': 0, 'pipe': 0, 'pipes': 0, 'covid': 0, 'supply': 0, 'Beautification': 0, 'Installation': 0}",,,False,True,Immediate Measures
67914,NIT-01/2024-25/GROUP-13,"Construction of P.C.C Road and R.C.C drain with cover from Sanjay Soni house to Krishna Lala house, Kamla devi house to Surendra Giri house and Radha Prasad house to Ajit Singh house in ward no 13.","Construction of P.C.C Road and R.C.C drain with cover from Sanjay Soni house to Krishna Lala house, Kamla devi house to Surendra Giri house and Radha Prasad house to Ajit Singh house in ward no 13.",2492350.0,INR,INR,2024-08-14 10:54:17+00:00,2024-08-13T17:32:54.846000+00:00,2025-02-21T09:55:36+00:00,MD. JAMAL AKHTAR ANSARI,EXECUTIVE OFFICER BIKRAMGANJ,NAGAR PARISHAD BIKRAMGANJ,0/0 NAGAR PARISHAD BIKRAMGANJ,MD. JAMAL AKHTAR ANSARI,EXECUTIVE OFFICER,NAGAR PARISHAD BIKRAMGANJ,49900.0,5000.0,590.0,True,"{'Flood': 0, 'Embankment': 0, 'embkt': 0, 'Relief': 0, 'Erosion': 0, 'SDRF': 0, 'Inundation': 0, 'Hydrology': 0, 'Silt': 0, 'Siltation': 0, 'Bund': 0, 'Trench': 0, 'Breach': 0, 'Culvert': 0, 'Sluice': 0, 'Dyke': 0, 'Storm water drain': 0, 'Emergency': 0, 'Immediate': 0, 'IM': 0, 'AE': 0, 'A E': 0, 'AAPDA MITRA': 0, 'Bridge': 0, 'River': 0, 'Drain': 2, 'Restoration': 0, 'Protection': 0, 'irr': 0, 'irrigation': 0, 'dam': 0, 'Nallah': 0, 'nala': 0, 'Retrofitting': 0, 'Pond': 0, 'Pokhari': 0, 'D/C': 0, 'Recharge shaft': 0, 'LFB': 0, 'RFB': 0}","{'Floodlight': 0, 'Flood Light': 0, 'GAS': 0, 'FIFA': 0, 'pipe': 0, 'pipes': 0, 'covid': 0, 'supply': 0, 'Beautification': 0, 'Installation': 0}",,,False,True,Immediate Measures
67910,NIT-01/2024-25/GROUP-09.,Construction of R.C.C drain with cover from ShriRam Paswan house to Radio Road via Shivkumar Singh house and P.C.C Road from Shivkumar Singh house to Natwar Road in ward no 09.,Construction of R.C.C drain with cover from ShriRam Paswan house to Radio Road via Shivkumar Singh house and P.C.C Road from Shivkumar Singh house to Natwar Road in ward no 09.,2411246.0,INR,INR,2024-08-14 10:33:17+00:00,2024-08-13T17:31:14.625000+00:00,2025-02-22T05:24:14+00:00,MD. JAMAL AKHTAR ANSARI,EXECUTIVE OFFICER BIKRAMGANJ,NAGAR PARISHAD BIKRAMGANJ,0/0 NAGAR PARISHAD BIKRAMGANJ,MD. JAMAL AKHTAR ANSARI,EXECUTIVE OFFICER,NAGAR PARISHAD BIKRAMGANJ,48300.0,5000.0,590.0,True,"{'Flood': 0, 'Embankment': 0, 'embkt': 0, 'Relief': 0, 'Erosion': 0, 'SDRF': 0, 'Inundation': 0, 'Hydrology': 0, 'Silt': 0, 'Siltation': 0, 'Bund': 0, 'Trench': 0, 'Breach': 0, 'Culvert': 0, 'Sluice': 0, 'Dyke': 0, 'Storm water drain': 0, 'Emergency': 0, 'Immediate': 0, 'IM': 0, 'AE': 0, 'A E': 0, 'AAPDA MITRA': 0, 'Bridge': 0, 'River': 0, 'Drain': 2, 'Restoration': 0, 'Protection': 0, 'irr': 0, 'irrigation': 0, 'dam': 0, 'Nallah': 0, 'nala': 0, 'Retrofitting': 0, 'Pond': 0, 'Pokhari': 0, 'D/C': 0, 'Recharge shaft': 0, 'LFB': 0, 'RFB': 0}","{'Floodlight': 0, 'Flood Light': 0, 'GAS': 0, 'FIFA': 0, 'pipe': 0, 'pipes': 0, 'covid': 0, 'supply': 0, 'Beautification': 0, 'Installation': 0}",,,False,True,Immediate Measures
67917,NIT-01/2024-25/GROUP-16.,"Construction of P.C.C Road and R.C.C drain with cover from Phulmati house to Prabhavati house, Poultry farm Durga sthan to Hanuman Mandir , Krishna Sardar house to Jaishankar Pandey house via Pal Vastralay house and from Vishwanath Seth house to Sanjay Gupta house in ward no 16.","Construction of P.C.C Road and R.C.C drain with cover from Phulmati house to Prabhavati house, Poultry farm Durga sthan to Hanuman Mandir , Krishna Sardar house to Jaishankar Pandey house via Pal Vastralay house and from Vishwanath Seth house to Sanjay Gupta house in ward no 16.",2471742.0,INR,INR,2024-08-14 11:12:48+00:00,2024-08-13T17:33:52.033000+00:00,2025-02-21T10:55:47+00:00,MD. JAMAL AKHTAR ANSARI,EXECUTIVE OFFICER BIKRAMGANJ,NAGAR PARISHAD BIKRAMGANJ,0/0 NAGAR PARISHAD BIKRAMGANJ,MD. JAMAL AKHTAR ANSARI,EXECUTIVE OFFICER,NAGAR PARISHAD BIKRAMGANJ,49500.0,5000.0,590.0,True,"{'Flood': 0, 'Embankment': 0, 'embkt': 0, 'Relief': 0, 'Erosion': 0, 'SDRF': 0, 'Inundation': 0, 'Hydrology': 0, 'Silt': 0, 'Siltation': 0, 'Bund': 0, 'Trench': 0, 'Breach': 0, 'Culvert': 0, 'Sluice': 0, 'Dyke': 0, 'Storm water drain': 0, 'Emergency': 0, 'Immediate': 0, 'IM': 0, 'AE': 0, 'A E': 0, 'AAPDA MITRA': 0, 'Bridge': 0, 'River': 0, 'Drain': 2, 'Restoration': 0, 'Protection': 0, 'irr': 0, 'irrigation': 0, 'dam': 0, 'Nallah': 0, 'nala': 0, 'Retrofitting': 0, 'Pond': 0, 'Pokhari': 0, 'D/C': 0, 'Recharge shaft': 0, 'LFB': 0, 'RFB': 0}","{'Floodlight': 0, 'Flood Light': 0, 'GAS': 0, 'FIFA': 0, 'pipe': 0, 'pipes': 0, 'covid': 0, 'supply': 0, 'Beautification': 0, 'Installation': 0}",,,False,True,Immediate Measures
67906,NIT-01/2024-25/GROUP-05.,Construction of R.C.C Drain with cover from Inter College Hata Santosh Sir house to Ajay Singh house via Pappu Singh house in ward no 05.,Construction of R.C.C Drain with cover from Inter College Hata Santosh Sir house to Ajay Singh house via Pappu Singh house in ward no 05.,2287884.0,INR,INR,2024-08-14 10:06:22+00:00,2024-08-13T17:30:27.146000+00:00,2025-02-21T08:12:16+00:00,MD. JAMAL AKHTAR ANSARI,EXECUTIVE OFFICER BIKRAMGANJ,NAGAR PARISHAD BIKRAMGANJ,0/0 NAGAR PARISHAD BIKRAMGANJ,MD. JAMAL AKHTAR ANSARI,EXECUTIVE OFFICER,NAGAR PARISHAD BIKRAMGANJ,45800.0,5000.0,590.0,True,"{'Flood': 0, 'Embankment': 0, 'embkt': 0, 'Relief': 0, 'Erosion': 0, 'SDRF': 0, 'Inundation': 0, 'Hydrology': 0, 'Silt': 0, 'Siltation': 0, 'Bund': 0, 'Trench': 0, 'Breach': 0, 'Culvert': 0, 'Sluice': 0, 'Dyke': 0, 'Storm water drain': 0, 'Emergency': 0, 'Immediate': 0, 'IM': 0, 'AE': 0, 'A E': 0, 'AAPDA MITRA': 0, 'Bridge': 0, 'River': 0, 'Drain': 2, 'Restoration': 0, 'Protection': 0, 'irr': 0, 'irrigation': 0, 'dam': 0, 'Nallah': 0, 'nala': 0, 'Retrofitting': 0, 'Pond': 0, 'Pokhari': 0, 'D/C': 0, 'Recharge shaft': 0, 'LFB': 0, 'RFB': 0}","{'Floodlight': 0, 'Flood Light': 0, 'GAS': 0, 'FIFA': 0, 'pipe': 0, 'pipes': 0, 'covid': 0, 'supply': 0, 'Beautification': 0, 'Installation': 0}",,,False,True,Immediate Measures
67919,NIT-01/2024-25/GROUP-18,Construction of P.C.C. Road and R.C.C Drain with cover from Shivji Pandey house to Mantu Thakur house via Shri Master house in ward no 18.,Construction of P.C.C. Road and R.C.C Drain with cover from Shivji Pandey house to Mantu Thakur house via Shri Master house in ward no 18.,2418154.0,INR,INR,2024-08-14 11:28:19+00:00,2024-08-13T17:34:09.762000+00:00,2025-02-21T08:47:41+00:00,MD. JAMAL AKHTAR ANSARI,EXECUTIVE OFFICER BIKRAMGANJ,NAGAR PARISHAD BIKRAMGANJ,0/0 NAGAR PARISHAD BIKRAMGANJ,MD. JAMAL AKHTAR ANSARI,EXECUTIVE OFFICER,NAGAR PARISHAD BIKRAMGANJ,48400.0,5000.0,590.0,True,"{'Flood': 0, 'Embankment': 0, 'embkt': 0, 'Relief': 0, 'Erosion': 0, 'SDRF': 0, 'Inundation': 0, 'Hydrology': 0, 'Silt': 0, 'Siltation': 0, 'Bund': 0, 'Trench': 0, 'Breach': 0, 'Culvert': 0, 'Sluice': 0, 'Dyke': 0, 'Storm water drain': 0, 'Emergency': 0, 'Immediate': 0, 'IM': 0, 'AE': 0, 'A E': 0, 'AAPDA MITRA': 0, 'Bridge': 0, 'River': 0, 'Drain': 2, 'Restoration': 0, 'Protection': 0, 'irr': 0, 'irrigation': 0, 'dam': 0, 'Nallah': 0, 'nala': 0, 'Retrofitting': 0, 'Pond': 0, 'Pokhari': 0, 'D/C': 0, 'Recharge shaft': 0, 'LFB': 0, 'RFB': 0}","{'Floodlight': 0, 'Flood Light': 0, 'GAS': 0, 'FIFA': 0, 'pipe': 0, 'pipes': 0, 'covid': 0, 'supply': 0, 'Beautification': 0, 'Installation': 0}",,,False,True,Immediate Measures
67913,NIT-01/2024-25/GROUP-12.,"Construction of P.C.C. Road and R.C.C drain with cover from Sasaram Main Road to Rajiv Gandhi Maidan , Rajiv Gandhi Road to Suneel house, Alakh ji house to Anil Singh house and Anil Kumar Singh house to Virendra Singh house in ward no 12.","Construction of P.C.C. Road and R.C.C drain with cover from Sasaram Main Road to Rajiv Gandhi Maidan , Rajiv Gandhi Road to Suneel house, Alakh ji house to Anil Singh house and Anil Kumar Singh house to Virendra Singh house in ward no 12.",2398996.0,INR,INR,2024-08-14 10:49:23+00:00,2024-08-13T17:32:36.173000+00:00,2025-02-21T09:47:00+00:00,MD. JAMAL AKHTAR ANSARI,EXECUTIVE OFFICER BIKRAMGANJ,NAGAR PARISHAD BIKRAMGANJ,0/0 NAGAR PARISHAD BIKRAMGANJ,MD. JAMAL AKHTAR ANSARI,EXECUTIVE OFFICER,NAGAR PARISHAD BIKRAMGANJ,48000.0,5000.0,590.0,True,"{'Flood': 0, 'Embankment': 0, 'embkt': 0, 'Relief': 0, 'Erosion': 0, 'SDRF': 0, 'Inundation': 0, 'Hydrology': 0, 'Silt': 0, 'Siltation': 0, 'Bund': 0, 'Trench': 0, 'Breach': 0, 'Culvert': 0, 'Sluice': 0, 'Dyke': 0, 'Storm water drain': 0, 'Emergency': 0, 'Immediate': 0, 'IM': 0, 'AE': 0, 'A E': 0, 'AAPDA MITRA': 0, 'Bridge': 0, 'River': 0, 'Drain': 2, 'Restoration': 0, 'Protection': 0, 'irr': 0, 'irrigation': 0, 'dam': 0, 'Nallah': 0, 'nala': 0, 'Retrofitting': 0, 'Pond': 0, 'Pokhari': 0, 'D/C': 0, 'Recharge shaft': 0, 'LFB': 0, 'RFB': 0}","{'Floodlight': 0, 'Flood Light': 0, 'GAS': 0, 'FIFA': 0, 'pipe': 0, 'pipes': 0, 'covid': 0, 'supply': 0, 'Beautification': 0, 'Installation': 0}",,,False,True,Immediate Measures
67911,NIT-01/2024-25/GROUP-10.,Construction of R.C.C Drain with cover from  Natwar Main Road side S.D.M Niwas to Pooja Hotel in ward no 10.,Construction of R.C.C Drain with cover from  Natwar Main Road side S.D.M Niwas to Pooja Hotel in ward no 10.,2383200.0,INR,INR,2024-08-14 10:38:50+00:00,2024-08-13T17:31:48.814000+00:00,2025-02-22T05:38:09+00:00,MD. JAMAL AKHTAR ANSARI,EXECUTIVE OFFICER BIKRAMGANJ,NAGAR PARISHAD BIKRAMGANJ,0/0 NAGAR PARISHAD BIKRAMGANJ,MD. JAMAL AKHTAR ANSARI,EXECUTIVE OFFICER,NAGAR PARISHAD BIKRAMGANJ,47700.0,5000.0,590.0,True,"{'Flood': 0, 'Embankment': 0, 'embkt': 0, 'Relief': 0, 'Erosion': 0, 'SDRF': 0, 'Inundation': 0, 'Hydrology': 0, 'Silt': 0, 'Siltation': 0, 'Bund': 0, 'Trench': 0, 'Breach': 0, 'Culvert': 0, 'Sluice': 0, 'Dyke': 0, 'Storm water drain': 0, 'Emergency': 0, 'Immediate': 0, 'IM': 0, 'AE': 0, 'A E': 0, 'AAPDA MITRA': 0, 'Bridge': 0, 'River': 0, 'Drain': 2, 'Restoration': 0, 'Protection': 0, 'irr': 0, 'irrigation': 0, 'dam': 0, 'Nallah': 0, 'nala': 0, 'Retrofitting': 0, 'Pond': 0, 'Pokhari': 0, 'D/C': 0, 'Recharge shaft': 0, 'LFB': 0, 'RFB': 0}","{'Floodlight': 0, 'Flood Light': 0, 'GAS': 0, 'FIFA': 0, 'pipe': 0, 'pipes': 0, 'covid': 0, 'supply': 0, 'Beautification': 0, 'Installation': 0}",,,False,True,Immediate Measures
67918,NIT-01/2024-25/GROUP-17.,"Construction of P.C.C Road and R.C.C drain with cover from Sushil Singh house to Silauta Karaha, Dhmendra Singh Fauji house to Ara Sasaram Main Road and Radha Master house to Ara Sasaram Main Road in ward no 17.","Construction of P.C.C Road and R.C.C drain with cover from Sushil Singh house to Silauta Karaha, Dhmendra Singh Fauji house to Ara Sasaram Main Road and Radha Master house to Ara Sasaram Main Road in ward no 17.",2497670.0,INR,INR,2024-08-14 11:22:28+00:00,2024-08-13T17:34:00.823000+00:00,2025-02-21T11:02:23+00:00,MD. JAMAL AKHTAR ANSARI,EXECUTIVE OFFICER BIKRAMGANJ,NAGAR PARISHAD BIKRAMGANJ,0/0 NAGAR PARISHAD BIKRAMGANJ,MD. JAMAL AKHTAR ANSARI,EXECUTIVE OFFICER,NAGAR PARISHAD BIKRAMGANJ,50000.0,5000.0,590.0,True,"{'Flood': 0, 'Embankment': 0, 'embkt': 0, 'Relief': 0, 'Erosion': 0, 'SDRF': 0, 'Inundation': 0, 'Hydrology': 0, 'Silt': 0, 'Siltation': 0, 'Bund': 0, 'Trench': 0, 'Breach': 0, 'Culvert': 0, 'Sluice': 0, 'Dyke': 0, 'Storm water drain': 0, 'Emergency': 0, 'Immediate': 0, 'IM': 0, 'AE': 0, 'A E': 0, 'AAPDA MITRA': 0, 'Bridge': 0, 'River': 0, 'Drain': 2, 'Restoration': 0, 'Protection': 0, 'irr': 0, 'irrigation': 0, 'dam': 0, 'Nallah': 0, 'nala': 0, 'Retrofitting': 0, 'Pond': 0, 'Pokhari': 0, 'D/C': 0, 'Recharge shaft': 0, 'LFB': 0, 'RFB': 0}","{'Floodlight': 0, 'Flood Light': 0, 'GAS': 0, 'FIFA': 0, 'pipe': 0, 'pipes': 0, 'covid': 0, 'supply': 0, 'Beautification': 0, 'Installation': 0}",,,False,True,Immediate Measures
67922,NIT-01/2024-25/GROUP-21.,"Construction of P.C.C Road and R.C.C Drain with cover from Baban Ram house to Lakhan Singh house via Harishankar Shah house, Upendra Pal house to Jaglal pandey via Purnavasi Ram house and Brij Bihari Singh house to Gaya Singh house via Tuntun Tiwari house in ward no 21.","Construction of P.C.C Road and R.C.C Drain with cover from Baban Ram house to Lakhan Singh house via Harishankar Shah house, Upendra Pal house to Jaglal pandey via Purnavasi Ram house and Brij Bihari Singh house to Gaya Singh house via Tuntun Tiwari house in ward no 21.",2421700.0,INR,INR,2024-08-14 11:45:11+00:00,2024-08-13T17:34:43.570000+00:00,2025-02-21T09:14:10+00:00,MD. JAMAL AKHTAR ANSARI,EXECUTIVE OFFICER BIKRAMGANJ,NAGAR PARISHAD BIKRAMGANJ,0/0 NAGAR PARISHAD BIKRAMGANJ,MD. JAMAL AKHTAR ANSARI,EXECUTIVE OFFICER,NAGAR PARISHAD BIKRAMGANJ,48500.0,5000.0,590.0,True,"{'Flood': 0, 'Embankment': 0, 'embkt': 0, 'Relief': 0, 'Erosion': 0, 'SDRF': 0, 'Inundation': 0, 'Hydrology': 0, 'Silt': 0, 'Siltation': 0, 'Bund': 0, 'Trench': 0, 'Breach': 0, 'Culvert': 0, 'Sluice': 0, 'Dyke': 0, 'Storm water drain': 0, 'Emergency': 0, 'Immediate': 0, 'IM': 0, 'AE': 0, 'A E': 0, 'AAPDA MITRA': 0, 'Bridge': 0, 'River': 0, 'Drain': 2, 'Restoration': 0, 'Protection': 0, 'irr': 0, 'irrigation': 0, 'dam': 0, 'Nallah': 0, 'nala': 0, 'Retrofitting': 0, 'Pond': 0, 'Pokhari': 0, 'D/C': 0, 'Recharge shaft': 0, 'LFB': 0, 'RFB': 0}","{'Floodlight': 0, 'Flood Light': 0, 'GAS': 0, 'FIFA': 0, 'pipe': 0, 'pipes': 0, 'covid': 0, 'supply': 0, 'Beautification': 0, 'Installation': 0}",,,False,True,Immediate Measures
67923,NIT-01/2024-25/GROUP-22.,Construction of R.C.C Drain with cover from Ara Sasaram Main Road Ashok Kumar house to Khurshid Hussain house via Rohtas tent house in ward no 22.,Construction of R.C.C Drain with cover from Ara Sasaram Main Road Ashok Kumar house to Khurshid Hussain house via Rohtas tent house in ward no 22.,2492670.0,INR,INR,2024-08-14 11:50:08+00:00,2024-08-13T17:35:54.998000+00:00,2025-02-21T10:09:41+00:00,MD. JAMAL AKHTAR ANSARI,EXECUTIVE OFFICER BIKRAMGANJ,NAGAR PARISHAD BIKRAMGANJ,0/0 NAGAR PARISHAD BIKRAMGANJ,MD. JAMAL AKHTAR ANSARI,EXECUTIVE OFFICER,NAGAR PARISHAD BIKRAMGANJ,49900.0,5000.0,590.0,True,"{'Flood': 0, 'Embankment': 0, 'embkt': 0, 'Relief': 0, 'Erosion': 0, 'SDRF': 0, 'Inundation': 0, 'Hydrology': 0, 'Silt': 0, 'Siltation': 0, 'Bund': 0, 'Trench': 0, 'Breach': 0, 'Culvert': 0, 'Sluice': 0, 'Dyke': 0, 'Storm water drain': 0, 'Emergency': 0, 'Immediate': 0, 'IM': 0, 'AE': 0, 'A E': 0, 'AAPDA MITRA': 0, 'Bridge': 0, 'River': 0, 'Drain': 2, 'Restoration': 0, 'Protection': 0, 'irr': 0, 'irrigation': 0, 'dam': 0, 'Nallah': 0, 'nala': 0, 'Retrofitting': 0, 'Pond': 0, 'Pokhari': 0, 'D/C': 0, 'Recharge shaft': 0, 'LFB': 0, 'RFB': 0}","{'Floodlight': 0, 'Flood Light': 0, 'GAS': 0, 'FIFA': 0, 'pipe': 0, 'pipes': 0, 'covid': 0, 'supply': 0, 'Beautification': 0, 'Installation': 0}",,,False,True,Immediate Measures
67924,NIT-01/2024-25/GROUP-23.,Construction of P.C.C. Road and R.C.C drain with cover from Thana Chowk Dr. Gulam Abbas to Phahemul Kha house via Madani  Kha house and from Madani Kha house to Shaheed Kha house in ward no 23.,Construction of P.C.C. Road and R.C.C drain with cover from Thana Chowk Dr. Gulam Abbas to Phahemul Kha house via Madani  Kha house and from Madani Kha house to Shaheed Kha house in ward no 23.,2474722.0,INR,INR,2024-08-14 11:56:45+00:00,2024-08-13T17:36:04.347000+00:00,2025-02-21T10:24:28+00:00,MD. JAMAL AKHTAR ANSARI,EXECUTIVE OFFICER BIKRAMGANJ,NAGAR PARISHAD BIKRAMGANJ,0/0 NAGAR PARISHAD BIKRAMGANJ,MD. JAMAL AKHTAR ANSARI,EXECUTIVE OFFICER,NAGAR PARISHAD BIKRAMGANJ,49500.0,5000.0,590.0,True,"{'Flood': 0, 'Embankment': 0, 'embkt': 0, 'Relief': 0, 'Erosion': 0, 'SDRF': 0, 'Inundation': 0, 'Hydrology': 0, 'Silt': 0, 'Siltation': 0, 'Bund': 0, 'Trench': 0, 'Breach': 0, 'Culvert': 0, 'Sluice': 0, 'Dyke': 0, 'Storm water drain': 0, 'Emergency': 0, 'Immediate': 0, 'IM': 0, 'AE': 0, 'A E': 0, 'AAPDA MITRA': 0, 'Bridge': 0, 'River': 0, 'Drain': 2, 'Restoration': 0, 'Protection': 0, 'irr': 0, 'irrigation': 0, 'dam': 0, 'Nallah': 0, 'nala': 0, 'Retrofitting': 0, 'Pond': 0, 'Pokhari': 0, 'D/C': 0, 'Recharge shaft': 0, 'LFB': 0, 'RFB': 0}","{'Floodlight': 0, 'Flood Light': 0, 'GAS': 0, 'FIFA': 0, 'pipe': 0, 'pipes': 0, 'covid': 0, 'supply': 0, 'Beautification': 0, 'Installation': 0}",,,False,True,Immediate Measures
67915,NIT-01/2024-25/GROUP-14.,"Construction of P.C.C. Road and R.C.C Drain with cover from Vipin Pandey house to Shri Bhagwan Singh house, Raju Yadav house to Lalan Shah house, Virendra Singh house to Sanjai Prasad house via Manoj Pathak house, Vijendra Singh house to Gautam Niwas and Suresh Prasad house to Vinod Singh house in ward no 14.","Construction of P.C.C. Road and R.C.C Drain with cover from Vipin Pandey house to Shri Bhagwan Singh house, Raju Yadav house to Lalan Shah house, Virendra Singh house to Sanjai Prasad house via Manoj Pathak house, Vijendra Singh house to Gautam Niwas and Suresh Prasad house to Vinod Singh house in ward no 14.",2460602.0,INR,INR,2024-08-14 11:01:03+00:00,2024-08-13T17:33:08.404000+00:00,2025-02-21T08:40:19+00:00,MD. JAMAL AKHTAR ANSARI,EXECUTIVE OFFICER BIKRAMGANJ,NAGAR PARISHAD BIKRAMGANJ,0/0 NAGAR PARISHAD BIKRAMGANJ,MD. JAMAL AKHTAR ANSARI,EXECUTIVE OFFICER,NAGAR PARISHAD BIKRAMGANJ,49300.0,5000.0,590.0,True,"{'Flood': 0, 'Embankment': 0, 'embkt': 0, 'Relief': 0, 'Erosion': 0, 'SDRF': 0, 'Inundation': 0, 'Hydrology': 0, 'Silt': 0, 'Siltation': 0, 'Bund': 0, 'Trench': 0, 'Breach': 0, 'Culvert': 0, 'Sluice': 0, 'Dyke': 0, 'Storm water drain': 0, 'Emergency': 0, 'Immediate': 0, 'IM': 0, 'AE': 0, 'A E': 0, 'AAPDA MITRA': 0, 'Bridge': 0, 'River': 0, 'Drain': 2, 'Restoration': 0, 'Protection': 0, 'irr': 0, 'irrigation': 0, 'dam': 0, 'Nallah': 0, 'nala': 0, 'Retrofitting': 0, 'Pond': 0, 'Pokhari': 0, 'D/C': 0, 'Recharge shaft': 0, 'LFB': 0, 'RFB': 0}","{'Floodlight': 0, 'Flood Light': 0, 'GAS': 0, 'FIFA': 0, 'pipe': 0, 'pipes': 0, 'covid': 0, 'supply': 0, 'Beautification': 0, 'Installation': 0}",,,False,True,Immediate Measures
67916,NIT-01/2024-25/GROUP-15.,"Construction of P.C.C Road and R.C.C drain with cover from Suvash Tiwari house to A.S. college Main Road.and Construction of  Drain with cover from Balchand Patel house to Suvash Tiwari house, Modern I.T.I  to Survadev Yadav house in ward no 15.","Construction of P.C.C Road and R.C.C drain with cover from Suvash Tiwari house to A.S. college Main Road.and Construction of  Drain with cover from Balchand Patel house to Suvash Tiwari house, Modern I.T.I  to Survadev Yadav house in ward no 15.",2499476.0,INR,INR,2024-08-14 11:06:42+00:00,2024-08-13T17:33:24.940000+00:00,2025-02-21T11:10:37+00:00,MD. JAMAL AKHTAR ANSARI,EXECUTIVE OFFICER BIKRAMGANJ,NAGAR PARISHAD BIKRAMGANJ,0/0 NAGAR PARISHAD BIKRAMGANJ,MD. JAMAL AKHTAR ANSARI,EXECUTIVE OFFICER,NAGAR PARISHAD BIKRAMGANJ,50000.0,5000.0,590.0,True,"{'Flood': 0, 'Embankment': 0, 'embkt': 0, 'Relief': 0, 'Erosion': 0, 'SDRF': 0, 'Inundation': 0, 'Hydrology': 0, 'Silt': 0, 'Siltation': 0, 'Bund': 0, 'Trench': 0, 'Breach': 0, 'Culvert': 0, 'Sluice': 0, 'Dyke': 0, 'Storm water drain': 0, 'Emergency': 0, 'Immediate': 0, 'IM': 0, 'AE': 0, 'A E': 0, 'AAPDA MITRA': 0, 'Bridge': 0, 'River': 0, 'Drain': 4, 'Restoration': 0, 'Protection': 0, 'irr': 0, 'irrigation': 0, 'dam': 0, 'Nallah': 0, 'nala': 0, 'Retrofitting': 0, 'Pond': 0, 'Pokhari': 0, 'D/C': 0, 'Recharge shaft': 0, 'LFB': 0, 'RFB': 0}","{'Floodlight': 0, 'Flood Light': 0, 'GAS': 0, 'FIFA': 0, 'pipe': 0, 'pipes': 0, 'covid': 0, 'supply': 0, 'Beautification': 0, 'Installation': 0}",,,False,True,Immediate Measures
67929,NIT-01/2024-25/GROUP-28,"Construction of P.C.C. Road and R.C.C drain with cover from Chitranjan Singh Cowshed to Shiv Mandir, and  construction of P.C.C Road from Deen Dayal Singh house to Sushil Kumar Singh house  in ward no 20.","Construction of P.C.C. Road and R.C.C drain with cover from Chitranjan Singh Cowshed to Shiv Mandir, and  construction of P.C.C Road from Deen Dayal Singh house to Sushil Kumar Singh house  in ward no 20.",2428727.0,INR,INR,2024-08-14 12:32:21+00:00,2024-08-13T17:38:33.012000+00:00,2025-02-21T09:22:56+00:00,MD. JAMAL AKHTAR ANSARI,EXECUTIVE OFFICER BIKRAMGANJ,NAGAR PARISHAD BIKRAMGANJ,0/0 NAGAR PARISHAD BIKRAMGANJ,MD. JAMAL AKHTAR ANSARI,EXECUTIVE OFFICER,NAGAR PARISHAD BIKRAMGANJ,48600.0,5000.0,590.0,True,"{'Flood': 0, 'Embankment': 0, 'embkt': 0, 'Relief': 0, 'Erosion': 0, 'SDRF': 0, 'Inundation': 0, 'Hydrology': 0, 'Silt': 0, 'Siltation': 0, 'Bund': 0, 'Trench': 0, 'Breach': 0, 'Culvert': 0, 'Sluice': 0, 'Dyke': 0, 'Storm water drain': 0, 'Emergency': 0, 'Immediate': 0, 'IM': 0, 'AE': 0, 'A E': 0, 'AAPDA MITRA': 0, 'Bridge': 0, 'River': 0, 'Drain': 2, 'Restoration': 0, 'Protection': 0, 'irr': 0, 'irrigation': 0, 'dam': 0, 'Nallah': 0, 'nala': 0, 'Retrofitting': 0, 'Pond': 0, 'Pokhari': 0, 'D/C': 0, 'Recharge shaft': 0, 'LFB': 0, 'RFB': 0}","{'Floodlight': 0, 'Flood Light': 0, 'GAS': 0, 'FIFA': 0, 'pipe': 0, 'pipes': 0, 'covid': 0, 'supply': 0, 'Beautification': 0, 'Installation': 0}",,,False,True,Immediate Measures
67907,NIT-01/2024-25/GROUP-06.,Construction of P.C.C Road and R.C.C drain with cover from Parshuram house to Jitendra Sonar house via Ramesh Chaudhari house and construction of P.C.C Road from Ayodhya Yadav house to Shankar house via Mahendra singh house in ward no 06.,Construction of P.C.C Road and R.C.C drain with cover from Parshuram house to Jitendra Sonar house via Ramesh Chaudhari house and construction of P.C.C Road from Ayodhya Yadav house to Shankar house via Mahendra singh house in ward no 06.,2290531.0,INR,INR,2024-08-14 10:12:29+00:00,2024-08-13T17:30:38.369000+00:00,2025-02-21T08:22:56+00:00,MD. JAMAL AKHTAR ANSARI,EXECUTIVE OFFICER BIKRAMGANJ,NAGAR PARISHAD BIKRAMGANJ,0/0 NAGAR PARISHAD BIKRAMGANJ,MD. JAMAL AKHTAR ANSARI,EXECUTIVE OFFICER,NAGAR PARISHAD BIKRAMGANJ,45900.0,5000.0,590.0,True,"{'Flood': 0, 'Embankment': 0, 'embkt': 0, 'Relief': 0, 'Erosion': 0, 'SDRF': 0, 'Inundation': 0, 'Hydrology': 0, 'Silt': 0, 'Siltation': 0, 'Bund': 0, 'Trench': 0, 'Breach': 0, 'Culvert': 0, 'Sluice': 0, 'Dyke': 0, 'Storm water drain': 0, 'Emergency': 0, 'Immediate': 0, 'IM': 0, 'AE': 0, 'A E': 0, 'AAPDA MITRA': 0, 'Bridge': 0, 'River': 0, 'Drain': 2, 'Restoration': 0, 'Protection': 0, 'irr': 0, 'irrigation': 0, 'dam': 0, 'Nallah': 0, 'nala': 0, 'Retrofitting': 0, 'Pond': 0, 'Pokhari': 0, 'D/C': 0, 'Recharge shaft': 0, 'LFB': 0, 'RFB': 0}","{'Floodlight': 0, 'Flood Light': 0, 'GAS': 0, 'FIFA': 0, 'pipe': 0, 'pipes': 0, 'covid': 0, 'supply': 0, 'Beautification': 0, 'Installation': 0}",,,False,True,Immediate Measures
67921,NIT-01/2024-25/GROUP-20.,Construction of P.C.C Road and R.C.C Drain with cover in both direction from Shiv Mandir to Dehri Main Road in ward no 20.,Construction of P.C.C Road and R.C.C Drain with cover in both direction from Shiv Mandir to Dehri Main Road in ward no 20.,2385666.0,INR,INR,2024-08-14 11:39:22+00:00,2024-08-13T17:34:31.260000+00:00,2025-02-21T09:04:26+00:00,MD. JAMAL AKHTAR ANSARI,EXECUTIVE OFFICER BIKRAMGANJ,NAGAR PARISHAD BIKRAMGANJ,0/0 NAGAR PARISHAD BIKRAMGANJ,MD. JAMAL AKHTAR ANSARI,EXECUTIVE OFFICER,NAGAR PARISHAD BIKRAMGANJ,47800.0,5000.0,590.0,True,"{'Flood': 0, 'Embankment': 0, 'embkt': 0, 'Relief': 0, 'Erosion': 0, 'SDRF': 0, 'Inundation': 0, 'Hydrology': 0, 'Silt': 0, 'Siltation': 0, 'Bund': 0, 'Trench': 0, 'Breach': 0, 'Culvert': 0, 'Sluice': 0, 'Dyke': 0, 'Storm water drain': 0, 'Emergency': 0, 'Immediate': 0, 'IM': 0, 'AE': 0, 'A E': 0, 'AAPDA MITRA': 0, 'Bridge': 0, 'River': 0, 'Drain': 2, 'Restoration': 0, 'Protection': 0, 'irr': 0, 'irrigation': 0, 'dam': 0, 'Nallah': 0, 'nala': 0, 'Retrofitting': 0, 'Pond': 0, 'Pokhari': 0, 'D/C': 0, 'Recharge shaft': 0, 'LFB': 0, 'RFB': 0}","{'Floodlight': 0, 'Flood Light': 0, 'GAS': 0, 'FIFA': 0, 'pipe': 0, 'pipes': 0, 'covid': 0, 'supply': 0, 'Beautification': 0, 'Installation': 0}",,,False,True,Immediate Measures
67925,NIT-01/2024-25/GROUP-24.,"Construction of P.C.C Road and R.C.C Drain with cover from Ara Sasaram Main Road Uneb Kha driver  house  to Vashir Siddaqi house via Shamsad Kha , Hesamu Kha , Bihari Kha, Vajir Kha house and from Guddu Kha house to Vanir Kha house or samsuddin Kha house via Parvej Kha house in ward no 24.","Construction of P.C.C Road and R.C.C Drain with cover from Ara Sasaram Main Road Uneb Kha driver  house  to Vashir Siddaqi house via Shamsad Kha , Hesamu Kha , Bihari Kha, Vajir Kha house and from Guddu Kha house to Vanir Kha house or samsuddin Kha house via Parvej Kha house in ward no 24.",2470099.0,INR,INR,2024-08-14 12:04:09+00:00,2024-08-13T17:36:13.401000+00:00,2025-02-21T10:36:38+00:00,MD. JAMAL AKHTAR ANSARI,EXECUTIVE OFFICER BIKRAMGANJ,NAGAR PARISHAD BIKRAMGANJ,0/0 NAGAR PARISHAD BIKRAMGANJ,MD. JAMAL AKHTAR ANSARI,EXECUTIVE OFFICER,NAGAR PARISHAD BIKRAMGANJ,49500.0,5000.0,590.0,True,"{'Flood': 0, 'Embankment': 0, 'embkt': 0, 'Relief': 0, 'Erosion': 0, 'SDRF': 0, 'Inundation': 0, 'Hydrology': 0, 'Silt': 0, 'Siltation': 0, 'Bund': 0, 'Trench': 0, 'Breach': 0, 'Culvert': 0, 'Sluice': 0, 'Dyke': 0, 'Storm water drain': 0, 'Emergency': 0, 'Immediate': 0, 'IM': 0, 'AE': 0, 'A E': 0, 'AAPDA MITRA': 0, 'Bridge': 0, 'River': 0, 'Drain': 2, 'Restoration': 0, 'Protection': 0, 'irr': 0, 'irrigation': 0, 'dam': 0, 'Nallah': 0, 'nala': 0, 'Retrofitting': 0, 'Pond': 0, 'Pokhari': 0, 'D/C': 0, 'Recharge shaft': 0, 'LFB': 0, 'RFB': 0}","{'Floodlight': 0, 'Flood Light': 0, 'GAS': 0, 'FIFA': 0, 'pipe': 0, 'pipes': 0, 'covid': 0, 'supply': 0, 'Beautification': 0, 'Installation': 0}",,,False,True,Immediate Measures
67928,NIT-01/2024-25/GROUP-27,"Construction of P.C.C Road and R.C.C drain with cover from Seraj Ansari house to Ghusiya Road via Kabir Kha, Raushan Kuraishi house, Aslam Kha house to Rashid Kha (Mosque) via Aazad Kha,  Nihari Kha house and Sarphu Ali house to Main Road in ward no 27.","Construction of P.C.C Road and R.C.C drain with cover from Seraj Ansari house to Ghusiya Road via Kabir Kha, Raushan Kuraishi house, Aslam Kha house to Rashid Kha (Mosque) via Aazad Kha,  Nihari Kha house and Sarphu Ali house to Main Road in ward no 27.",2389431.0,INR,INR,2024-08-14 12:22:48+00:00,2024-08-13T17:36:55.967000+00:00,2025-02-22T05:15:45+00:00,MD. JAMAL AKHTAR ANSARI,EXECUTIVE OFFICER BIKRAMGANJ,NAGAR PARISHAD BIKRAMGANJ,0/0 NAGAR PARISHAD BIKRAMGANJ,MD. JAMAL AKHTAR ANSARI,EXECUTIVE OFFICER,NAGAR PARISHAD BIKRAMGANJ,47800.0,5000.0,590.0,True,"{'Flood': 0, 'Embankment': 0, 'embkt': 0, 'Relief': 0, 'Erosion': 0, 'SDRF': 0, 'Inundation': 0, 'Hydrology': 0, 'Silt': 0, 'Siltation': 0, 'Bund': 0, 'Trench': 0, 'Breach': 0, 'Culvert': 0, 'Sluice': 0, 'Dyke': 0, 'Storm water drain': 0, 'Emergency': 0, 'Immediate': 0, 'IM': 0, 'AE': 0, 'A E': 0, 'AAPDA MITRA': 0, 'Bridge': 0, 'River': 0, 'Drain': 2, 'Restoration': 0, 'Protection': 0, 'irr': 0, 'irrigation': 0, 'dam': 0, 'Nallah': 0, 'nala': 0, 'Retrofitting': 0, 'Pond': 0, 'Pokhari': 0, 'D/C': 0, 'Recharge shaft': 0, 'LFB': 0, 'RFB': 0}","{'Floodlight': 0, 'Flood Light': 0, 'GAS': 0, 'FIFA': 0, 'pipe': 0, 'pipes': 0, 'covid': 0, 'supply': 0, 'Beautification': 0, 'Installation': 0}",,,False,True,Immediate Measures
67927,NIT-01/2024-25/GROUP-26,"Construction of P.C.C. Road and R.C.C Drain with cover from Sikariya Path to Ashok Singh house via Aanganwadi and Akhilesh Singh house, Salma Khatun house to Kamal Waris house and Sikariya Path to Talika Singh house , construction of R.C.C Drain with cover from Naimul house to Mohan Paswan and P.C.C Road from Sidhi Singh house to Sikariya Path in ward no 26.","Construction of P.C.C. Road and R.C.C Drain with cover from Sikariya Path to Ashok Singh house via Aanganwadi and Akhilesh Singh house, Salma Khatun house to Kamal Waris house and Sikariya Path to Talika Singh house , construction of R.C.C Drain with cover from Naimul house to Mohan Paswan and P.C.C Road from Sidhi Singh house to Sikariya Path in ward no 26.",2492182.0,INR,INR,2024-08-14 12:17:06+00:00,2024-08-13T17:36:39.117000+00:00,2025-02-22T05:04:10+00:00,MD. JAMAL AKHTAR ANSARI,EXECUTIVE OFFICER BIKRAMGANJ,NAGAR PARISHAD BIKRAMGANJ,0/0 NAGAR PARISHAD BIKRAMGANJ,MD. JAMAL AKHTAR ANSARI,EXECUTIVE OFFICER,NAGAR PARISHAD BIKRAMGANJ,49900.0,5000.0,590.0,True,"{'Flood': 0, 'Embankment': 0, 'embkt': 0, 'Relief': 0, 'Erosion': 0, 'SDRF': 0, 'Inundation': 0, 'Hydrology': 0, 'Silt': 0, 'Siltation': 0, 'Bund': 0, 'Trench': 0, 'Breach': 0, 'Culvert': 0, 'Sluice': 0, 'Dyke': 0, 'Storm water drain': 0, 'Emergency': 0, 'Immediate': 0, 'IM': 0, 'AE': 0, 'A E': 0, 'AAPDA MITRA': 0, 'Bridge': 0, 'River': 0, 'Drain': 4, 'Restoration': 0, 'Protection': 0, 'irr': 0, 'irrigation': 0, 'dam': 0, 'Nallah': 0, 'nala': 0, 'Retrofitting': 0, 'Pond': 0, 'Pokhari': 0, 'D/C': 0, 'Recharge shaft': 0, 'LFB': 0, 'RFB': 0}","{'Floodlight': 0, 'Flood Light': 0, 'GAS': 0, 'FIFA': 0, 'pipe': 0, 'pipes': 0, 'covid': 0, 'supply': 0, 'Beautification': 0, 'Installation': 0}",,,False,True,Immediate Measures
67920,NIT-01/2024-25/GROUP-19.,Construction of P.C.C. Road and R.C.C Drain with cover from ShriRam Singh house to Shri Bhagwan Singh house and Shrimati Susheela Devi house to Dehri Main Road Taranveer Baba via Raju Siingh and Vigan Pandey house in ward no 19.,Construction of P.C.C. Road and R.C.C Drain with cover from ShriRam Singh house to Shri Bhagwan Singh house and Shrimati Susheela Devi house to Dehri Main Road Taranveer Baba via Raju Siingh and Vigan Pandey house in ward no 19.,2014911.0,INR,INR,2024-08-14 11:35:09+00:00,2024-08-13T17:34:21.392000+00:00,2025-02-21T08:55:14+00:00,MD. JAMAL AKHTAR ANSARI,EXECUTIVE OFFICER BIKRAMGANJ,NAGAR PARISHAD BIKRAMGANJ,0/0 NAGAR PARISHAD BIKRAMGANJ,MD. JAMAL AKHTAR ANSARI,EXECUTIVE OFFICER,NAGAR PARISHAD BIKRAMGANJ,40300.0,5000.0,590.0,True,"{'Flood': 0, 'Embankment': 0, 'embkt': 0, 'Relief': 0, 'Erosion': 0, 'SDRF': 0, 'Inundation': 0, 'Hydrology': 0, 'Silt': 0, 'Siltation': 0, 'Bund': 0, 'Trench': 0, 'Breach': 0, 'Culvert': 0, 'Sluice': 0, 'Dyke': 0, 'Storm water drain': 0, 'Emergency': 0, 'Immediate': 0, 'IM': 0, 'AE': 0, 'A E': 0, 'AAPDA MITRA': 0, 'Bridge': 0, 'River': 0, 'Drain': 2, 'Restoration': 0, 'Protection': 0, 'irr': 0, 'irrigation': 0, 'dam': 0, 'Nallah': 0, 'nala': 0, 'Retrofitting': 0, 'Pond': 0, 'Pokhari': 0, 'D/C': 0, 'Recharge shaft': 0, 'LFB': 0, 'RFB': 0}","{'Floodlight': 0, 'Flood Light': 0, 'GAS': 0, 'FIFA': 0, 'pipe': 0, 'pipes': 0, 'covid': 0, 'supply': 0, 'Beautification': 0, 'Installation': 0}",,,False,True,Immediate Measures
67926,NIT-01/2024-25/GROUP-25.,"Construction of P.C.C Road and R.C.C drain with cover from Firoz Kha urf Lallu house to Ghusiya Kala Road via Kabristan and Guard Sahab house and Ibrahim Ansari house to karaha , construction of P.C.C. Road from Dr. Usman Ansari house to Suleman Ansari house in ward no 25.","Construction of P.C.C Road and R.C.C drain with cover from Firoz Kha urf Lallu house to Ghusiya Kala Road via Kabristan and Guard Sahab house and Ibrahim Ansari house to karaha , construction of P.C.C. Road from Dr. Usman Ansari house to Suleman Ansari house in ward no 25.",2420320.0,INR,INR,2024-08-14 12:10:56+00:00,2024-08-13T17:36:29.543000+00:00,2024-08-29T16:38:50+00:00,MD. JAMAL AKHTAR ANSARI,EXECUTIVE OFFICER BIKRAMGANJ,NAGAR PARISHAD BIKRAMGANJ,0/0 NAGAR PARISHAD BIKRAMGANJ,MD. JAMAL AKHTAR ANSARI,EXECUTIVE OFFICER,NAGAR PARISHAD BIKRAMGANJ,48500.0,5000.0,590.0,True,"{'Flood': 0, 'Embankment': 0, 'embkt': 0, 'Relief': 0, 'Erosion': 0, 'SDRF': 0, 'Inundation': 0, 'Hydrology': 0, 'Silt': 0, 'Siltation': 0, 'Bund': 0, 'Trench': 0, 'Breach': 0, 'Culvert': 0, 'Sluice': 0, 'Dyke': 0, 'Storm water drain': 0, 'Emergency': 0, 'Immediate': 0, 'IM': 0, 'AE': 0, 'A E': 0, 'AAPDA MITRA': 0, 'Bridge': 0, 'River': 0, 'Drain': 2, 'Restoration': 0, 'Protection': 0, 'irr': 0, 'irrigation': 0, 'dam': 0, 'Nallah': 0, 'nala': 0, 'Retrofitting': 0, 'Pond': 0, 'Pokhari': 0, 'D/C': 0, 'Recharge shaft': 0, 'LFB': 0, 'RFB': 0}","{'Floodlight': 0, 'Flood Light': 0, 'GAS': 0, 'FIFA': 0, 'pipe': 0, 'pipes': 0, 'covid': 0, 'supply': 0, 'Beautification': 0, 'Installation': 0}",,,False,True,Immediate Measures
67930,NIT-01/2024-25/GROUP-29.,"Construction of P.C.C. Road and R.C.C Drain with cover from Vikki Singh house to Dehri Main Road via R.B. Palace, Ravi Singh house to Dehri Main Road, Bhikhu Sharma house to Jaibajrang Gali, Vinod Mishra house to Deepak Singh house, Shashi Bhushan Singh house to Dehri Main Road and Deepak Singh Danwar house to Sunil Singh house in ward no 14.","Construction of P.C.C. Road and R.C.C Drain with cover from Vikki Singh house to Dehri Main Road via R.B. Palace, Ravi Singh house to Dehri Main Road, Bhikhu Sharma house to Jaibajrang Gali, Vinod Mishra house to Deepak Singh house, Shashi Bhushan Singh house to Dehri Main Road and Deepak Singh Danwar house to Sunil Singh house in ward no 14.",2475533.0,INR,INR,2024-08-14 12:38:42+00:00,2024-08-13T17:38:47.962000+00:00,2025-02-21T09:30:59+00:00,MD. JAMAL AKHTAR ANSARI,EXECUTIVE OFFICER BIKRAMGANJ,NAGAR PARISHAD BIKRAMGANJ,0/0 NAGAR PARISHAD BIKRAMGANJ,MD. JAMAL AKHTAR ANSARI,EXECUTIVE OFFICER,NAGAR PARISHAD BIKRAMGANJ,49600.0,5000.0,590.0,True,"{'Flood': 0, 'Embankment': 0, 'embkt': 0, 'Relief': 0, 'Erosion': 0, 'SDRF': 0, 'Inundation': 0, 'Hydrology': 0, 'Silt': 0, 'Siltation': 0, 'Bund': 0, 'Trench': 0, 'Breach': 0, 'Culvert': 0, 'Sluice': 0, 'Dyke': 0, 'Storm water drain': 0, 'Emergency': 0, 'Immediate': 0, 'IM': 0, 'AE': 0, 'A E': 0, 'AAPDA MITRA': 0, 'Bridge': 0, 'River': 0, 'Drain': 2, 'Restoration': 0, 'Protection': 0, 'irr': 0, 'irrigation': 0, 'dam': 0, 'Nallah': 0, 'nala': 0, 'Retrofitting': 0, 'Pond': 0, 'Pokhari': 0, 'D/C': 0, 'Recharge shaft': 0, 'LFB': 0, 'RFB': 0}","{'Floodlight': 0, 'Flood Light': 0, 'GAS': 0, 'FIFA': 0, 'pipe': 0, 'pipes': 0, 'covid': 0, 'supply': 0, 'Beautification': 0, 'Installation': 0}",,,False,True,Immediate Measures
67952,NIT No.- 07/2024-25 Gr.-20,Construction work of RCC Caubhar drain from Zabiullah's house to Samad Hotel via Ibrahim's house. No. 28 under Municipal Corporation Sitamarhi area.,Construction work of RCC Caubhar drain from Zabiullah's house to Samad Hotel via Ibrahim's house. No. 28 under Municipal Corporation Sitamarhi area.,9893061.0,INR,INR,2024-08-15 17:16:06+00:00,2024-08-14T07:41:27.766000+00:00,2025-03-17T11:01:55+00:00,MUNICIPAL COMMISSIONER SITAMARHI,MUNICIPAL COMMISSIONER SITAMARHI,MUNICIPAL COMMISSIONER SITAMARHI,MUNICIPAL COMMISSIONER SITAMARHI,MUNICIPAL COMMISSIONER SITAMARHI,MUNICIPAL COMMISSIONER SITAMARHI,MUNICIPAL COMMISSIONER,197900.0,10000.0,3540.0,True,"{'Flood': 0, 'Embankment': 0, 'embkt': 0, 'Relief': 0, 'Erosion': 0, 'SDRF': 0, 'Inundation': 0, 'Hydrology': 0, 'Silt': 0, 'Siltation': 0, 'Bund': 0, 'Trench': 0, 'Breach': 0, 'Culvert': 0, 'Sluice': 0, 'Dyke': 0, 'Storm water drain': 0, 'Emergency': 0, 'Immediate': 0, 'IM': 0, 'AE': 0, 'A E': 0, 'AAPDA MITRA': 0, 'Bridge': 0, 'River': 0, 'Drain': 2, 'Restoration': 0, 'Protection': 0, 'irr': 0, 'irrigation': 0, 'dam': 0, 'Nallah': 0, 'nala': 0, 'Retrofitting': 0, 'Pond': 0, 'Pokhari': 0, 'D/C': 0, 'Recharge shaft': 0, 'LFB': 0, 'RFB': 0}","{'Floodlight': 0, 'Flood Light': 0, 'GAS': 0, 'FIFA': 0, 'pipe': 0, 'pipes': 0, 'covid': 0, 'supply': 0, 'Beautification': 0, 'Installation': 0}",,,False,True,Immediate Measures
67960,NIT No.- 07/2024-25 Gr.-22,Construction work of RCC Cover drain from behind Dr. Alok Kumar's clinic to Thakur Yugal Kishore College under Ward No.-29 and 22 under Municipal Corporation Sitamarhi area.,Construction work of RCC Cover drain from behind Dr. Alok Kumar's clinic to Thakur Yugal Kishore College under Ward No.-29 and 22 under Municipal Corporation Sitamarhi area.,9942900.0,INR,INR,2024-08-15 18:04:40+00:00,2024-08-14T07:50:50.289000+00:00,2025-07-13T07:53:31+00:00,MUNICIPAL COMMISSIONER SITAMARHI,MUNICIPAL COMMISSIONER SITAMARHI,MUNICIPAL COMMISSIONER SITAMARHI,MUNICIPAL COMMISSIONER SITAMARHI,MUNICIPAL COMMISSIONER SITAMARHI,MUNICIPAL COMMISSIONER SITAMARHI,MUNICIPAL COMMISSIONER,198900.0,10000.0,3540.0,True,"{'Flood': 0, 'Embankment': 0, 'embkt': 0, 'Relief': 0, 'Erosion': 0, 'SDRF': 0, 'Inundation': 0, 'Hydrology': 0, 'Silt': 0, 'Siltation': 0, 'Bund': 0, 'Trench': 0, 'Breach': 0, 'Culvert': 0, 'Sluice': 0, 'Dyke': 0, 'Storm water drain': 0, 'Emergency': 0, 'Immediate': 0, 'IM': 0, 'AE': 0, 'A E': 0, 'AAPDA MITRA': 0, 'Bridge': 0, 'River': 0, 'Drain': 2, 'Restoration': 0, 'Protection': 0, 'irr': 0, 'irrigation': 0, 'dam': 0, 'Nallah': 0, 'nala': 0, 'Retrofitting': 0, 'Pond': 0, 'Pokhari': 0, 'D/C': 0, 'Recharge shaft': 0, 'LFB': 0, 'RFB': 0}","{'Floodlight': 0, 'Flood Light': 0, 'GAS': 0, 'FIFA': 0, 'pipe': 0, 'pipes': 0, 'covid': 0, 'supply': 0, 'Beautification': 0, 'Installation': 0}",,,False,True,Immediate Measures
67943,NIT No.- 07/2024-25 Gr.-17,Construction of PCC road and RCC Cover drain from Vishwakarma temple via Asgar Ansari's house to Shri Rambir Rai's house and from Mohd. Zaheer Hussain's house via Mohd. Naushad's house to Bhagyanarayan Singh's house in Ward No. 29 under Municipal Corporation Sitamarhi area.,Construction of PCC road and RCC Cover drain from Vishwakarma temple via Asgar Ansari's house to Shri Rambir Rai's house and from Mohd. Zaheer Hussain's house via Mohd. Naushad's house to Bhagyanarayan Singh's house in Ward No. 29 under Municipal Corporation Sitamarhi area.,9854800.0,INR,INR,2024-08-15 17:58:45+00:00,2024-08-14T07:17:27.874000+00:00,2025-06-28T10:55:59+00:00,MUNICIPAL COMMISSIONER SITAMARHI,MUNICIPAL COMMISSIONER SITAMARHI,MUNICIPAL COMMISSIONER SITAMARHI,MUNICIPAL COMMISSIONER SITAMARHI,MUNICIPAL COMMISSIONER SITAMARHI,MUNICIPAL COMMISSIONER SITAMARHI,MUNICIPAL COMMISSIONER,197100.0,10000.0,3540.0,True,"{'Flood': 0, 'Embankment': 0, 'embkt': 0, 'Relief': 0, 'Erosion': 0, 'SDRF': 0, 'Inundation': 0, 'Hydrology': 0, 'Silt': 0, 'Siltation': 0, 'Bund': 0, 'Trench': 0, 'Breach': 0, 'Culvert': 0, 'Sluice': 0, 'Dyke': 0, 'Storm water drain': 0, 'Emergency': 0, 'Immediate': 0, 'IM': 0, 'AE': 0, 'A E': 0, 'AAPDA MITRA': 0, 'Bridge': 0, 'River': 0, 'Drain': 2, 'Restoration': 0, 'Protection': 0, 'irr': 0, 'irrigation': 0, 'dam': 0, 'Nallah': 0, 'nala': 0, 'Retrofitting': 0, 'Pond': 0, 'Pokhari': 0, 'D/C': 0, 'Recharge shaft': 0, 'LFB': 0, 'RFB': 0}","{'Floodlight': 0, 'Flood Light': 0, 'GAS': 0, 'FIFA': 0, 'pipe': 0, 'pipes': 0, 'covid': 0, 'supply': 0, 'Beautification': 0, 'Installation': 0}",,,False,True,Immediate Measures
67978,NIT NO- 01/2024-25 (GR-04),"Construction work of path and drain from Mahanand Yadav   house to the main road in Ward No. 03 of Nagar Panchayat, Naubatpur.","Construction work of path and drain from Mahanand Yadav   house to the main road in Ward No. 03 of Nagar Panchayat, Naubatpur.",648372.0,INR,INR,2024-08-16 09:37:43+00:00,2024-08-14T09:54:44.549000+00:00,2024-10-22T04:28:01+00:00,RAUSHAN KUMAR RAUSHAN,EXECUTIVE OFFICER,NAGAR PANCHAYAT NAUBATPUR,NAGAR PANCHAYAT NAUBATPUR,BHAWESH KUMAR,"EXECUTIVE OFFICER, NP NAUBATPUR",NAGAR PANCHAYAT NAUBATPUR,13000.0,1250.0,590.0,True,"{'Flood': 0, 'Embankment': 0, 'embkt': 0, 'Relief': 0, 'Erosion': 0, 'SDRF': 0, 'Inundation': 0, 'Hydrology': 0, 'Silt': 0, 'Siltation': 0, 'Bund': 0, 'Trench': 0, 'Breach': 0, 'Culvert': 0, 'Sluice': 0, 'Dyke': 0, 'Storm water drain': 0, 'Emergency': 0, 'Immediate': 0, 'IM': 0, 'AE': 0, 'A E': 0, 'AAPDA MITRA': 0, 'Bridge': 0, 'River': 0, 'Drain': 2, 'Restoration': 0, 'Protection': 0, 'irr': 0, 'irrigation': 0, 'dam': 0, 'Nallah': 0, 'nala': 0, 'Retrofitting': 0, 'Pond': 0, 'Pokhari': 0, 'D/C': 0, 'Recharge shaft': 0, 'LFB': 0, 'RFB': 0}","{'Floodlight': 0, 'Flood Light': 0, 'GAS': 0, 'FIFA': 0, 'pipe': 0, 'pipes': 0, 'covid': 0, 'supply': 0, 'Beautification': 0, 'Installation': 0}",,,False,True,Immediate Measures
67980,NIT NO- 01/2024-25 (GR-06),"Construction work of covered drain and path from the house of Shankar Dayal Chaudhary to the house of Sunil Vishwakarma in Ward No. 04 of Nagar Panchayat, Naubatpur.","Construction work of covered drain and path from the house of Shankar Dayal Chaudhary to the house of Sunil Vishwakarma in Ward No. 04 of Nagar Panchayat, Naubatpur.",248825.0,INR,INR,2024-08-16 09:40:01+00:00,2024-08-14T10:03:53.589000+00:00,2024-08-27T09:31:00+00:00,RAUSHAN KUMAR RAUSHAN,EXECUTIVE OFFICER,NAGAR PANCHAYAT NAUBATPUR,NAGAR PANCHAYAT NAUBATPUR,BHAWESH KUMAR,"EXECUTIVE OFFICER, NP NAUBATPUR",NAGAR PANCHAYAT NAUBATPUR,5000.0,500.0,590.0,True,"{'Flood': 0, 'Embankment': 0, 'embkt': 0, 'Relief': 0, 'Erosion': 0, 'SDRF': 0, 'Inundation': 0, 'Hydrology': 0, 'Silt': 0, 'Siltation': 0, 'Bund': 0, 'Trench': 0, 'Breach': 0, 'Culvert': 0, 'Sluice': 0, 'Dyke': 0, 'Storm water drain': 0, 'Emergency': 0, 'Immediate': 0, 'IM': 0, 'AE': 0, 'A E': 0, 'AAPDA MITRA': 0, 'Bridge': 0, 'River': 0, 'Drain': 2, 'Restoration': 0, 'Protection': 0, 'irr': 0, 'irrigation': 0, 'dam': 0, 'Nallah': 0, 'nala': 0, 'Retrofitting': 0, 'Pond': 0, 'Pokhari': 0, 'D/C': 0, 'Recharge shaft': 0, 'LFB': 0, 'RFB': 0}","{'Floodlight': 0, 'Flood Light': 0, 'GAS': 0, 'FIFA': 0, 'pipe': 0, 'pipes': 0, 'covid': 0, 'supply': 0, 'Beautification': 0, 'Installation': 0}",,,False,True,Immediate Measures
67977,NIT NO- 01/2024-25 (GR-03),"Construction work of path and drain cover from the house of Birendra Prasad Singh in Ward No. 02 of Nagar Panchayat, Naubatpur to the house of Premnath Sharma via Ram Niwas Saav house.","Construction work of path and drain cover from the house of Birendra Prasad Singh in Ward No. 02 of Nagar Panchayat, Naubatpur to the house of Premnath Sharma via Ram Niwas Saav house.",622746.0,INR,INR,2024-08-16 09:36:31+00:00,2024-08-14T09:51:18.862000+00:00,2024-10-22T04:14:40+00:00,RAUSHAN KUMAR RAUSHAN,EXECUTIVE OFFICER,NAGAR PANCHAYAT NAUBATPUR,NAGAR PANCHAYAT NAUBATPUR,BHAWESH KUMAR,"EXECUTIVE OFFICER, NP NAUBATPUR",NAGAR PANCHAYAT NAUBATPUR,12500.0,1250.0,590.0,True,"{'Flood': 0, 'Embankment': 0, 'embkt': 0, 'Relief': 0, 'Erosion': 0, 'SDRF': 0, 'Inundation': 0, 'Hydrology': 0, 'Silt': 0, 'Siltation': 0, 'Bund': 0, 'Trench': 0, 'Breach': 0, 'Culvert': 0, 'Sluice': 0, 'Dyke': 0, 'Storm water drain': 0, 'Emergency': 0, 'Immediate': 0, 'IM': 0, 'AE': 0, 'A E': 0, 'AAPDA MITRA': 0, 'Bridge': 0, 'River': 0, 'Drain': 2, 'Restoration': 0, 'Protection': 0, 'irr': 0, 'irrigation': 0, 'dam': 0, 'Nallah': 0, 'nala': 0, 'Retrofitting': 0, 'Pond': 0, 'Pokhari': 0, 'D/C': 0, 'Recharge shaft': 0, 'LFB': 0, 'RFB': 0}","{'Floodlight': 0, 'Flood Light': 0, 'GAS': 0, 'FIFA': 0, 'pipe': 0, 'pipes': 0, 'covid': 0, 'supply': 0, 'Beautification': 0, 'Installation': 0}",,,False,True,Immediate Measures
67985,NIT-03/2024-25/NPR-GR-02,Construction of RCC drain in ward number 2 from Anil Prasad's house to Pan via Indrajeet kumar's house.,Construction of RCC drain in ward number 2 from Anil Prasad's house to Pan via Indrajeet kumar's house.,798671.0,INR,INR,2024-08-14 10:48:48+00:00,2024-08-14T10:40:24.622000+00:00,2024-08-29T09:31:00+00:00,AJEET KUMAR,EO Rajgir,NAGAR PARISHAD RAJGIR,VEERAYTAN ROAD WARD 09 RAJGIR,AJEET KUMAR,EO Rajgir,NAGAR PARISHAD RAJGIR,16000.0,1250.0,590.0,True,"{'Flood': 0, 'Embankment': 0, 'embkt': 0, 'Relief': 0, 'Erosion': 0, 'SDRF': 0, 'Inundation': 0, 'Hydrology': 0, 'Silt': 0, 'Siltation': 0, 'Bund': 0, 'Trench': 0, 'Breach': 0, 'Culvert': 0, 'Sluice': 0, 'Dyke': 0, 'Storm water drain': 0, 'Emergency': 0, 'Immediate': 0, 'IM': 0, 'AE': 0, 'A E': 0, 'AAPDA MITRA': 0, 'Bridge': 0, 'River': 0, 'Drain': 2, 'Restoration': 0, 'Protection': 0, 'irr': 0, 'irrigation': 0, 'dam': 0, 'Nallah': 0, 'nala': 0, 'Retrofitting': 0, 'Pond': 0, 'Pokhari': 0, 'D/C': 0, 'Recharge shaft': 0, 'LFB': 0, 'RFB': 0}","{'Floodlight': 0, 'Flood Light': 0, 'GAS': 0, 'FIFA': 0, 'pipe': 0, 'pipes': 0, 'covid': 0, 'supply': 0, 'Beautification': 0, 'Installation': 0}",,,False,True,Immediate Measures
67982,NIT-03/2024-25/NPR-GR-01,Construction of RCC drain in ward number 2 from Ramprasad's house to pan towards east.,Construction of RCC drain in ward number 2 from Ramprasad's house to pan towards east.,1870026.0,INR,INR,2024-08-14 10:39:52+00:00,2024-08-14T10:15:50.537000+00:00,2024-08-29T09:31:00+00:00,AJEET KUMAR,EO Rajgir,NAGAR PARISHAD RAJGIR,VEERAYTAN ROAD WARD 09 RAJGIR,AJEET KUMAR,EO Rajgir,NAGAR PARISHAD RAJGIR,37500.0,5000.0,590.0,True,"{'Flood': 0, 'Embankment': 0, 'embkt': 0, 'Relief': 0, 'Erosion': 0, 'SDRF': 0, 'Inundation': 0, 'Hydrology': 0, 'Silt': 0, 'Siltation': 0, 'Bund': 0, 'Trench': 0, 'Breach': 0, 'Culvert': 0, 'Sluice': 0, 'Dyke': 0, 'Storm water drain': 0, 'Emergency': 0, 'Immediate': 0, 'IM': 0, 'AE': 0, 'A E': 0, 'AAPDA MITRA': 0, 'Bridge': 0, 'River': 0, 'Drain': 2, 'Restoration': 0, 'Protection': 0, 'irr': 0, 'irrigation': 0, 'dam': 0, 'Nallah': 0, 'nala': 0, 'Retrofitting': 0, 'Pond': 0, 'Pokhari': 0, 'D/C': 0, 'Recharge shaft': 0, 'LFB': 0, 'RFB': 0}","{'Floodlight': 0, 'Flood Light': 0, 'GAS': 0, 'FIFA': 0, 'pipe': 0, 'pipes': 0, 'covid': 0, 'supply': 0, 'Beautification': 0, 'Installation': 0}",,,False,True,Immediate Measures
67976,NIT NO- 01/2024-25 (GR-02),"Construction work of path and drain from Ashok Tiwari   house to Hari Mahato   house and from Pinku Thakur   house to Sahajanand Singh   house in Ward No. 02 of Nagar Panchayat, Naubatpur.","Construction work of path and drain from Ashok Tiwari   house to Hari Mahato   house and from Pinku Thakur   house to Sahajanand Singh   house in Ward No. 02 of Nagar Panchayat, Naubatpur.",481317.0,INR,INR,2024-08-16 09:35:26+00:00,2024-08-14T09:48:10.440000+00:00,2024-10-22T04:03:09+00:00,RAUSHAN KUMAR RAUSHAN,EXECUTIVE OFFICER,NAGAR PANCHAYAT NAUBATPUR,NAGAR PANCHAYAT NAUBATPUR,BHAWESH KUMAR,"EXECUTIVE OFFICER, NP NAUBATPUR",NAGAR PANCHAYAT NAUBATPUR,9700.0,750.0,590.0,True,"{'Flood': 0, 'Embankment': 0, 'embkt': 0, 'Relief': 0, 'Erosion': 0, 'SDRF': 0, 'Inundation': 0, 'Hydrology': 0, 'Silt': 0, 'Siltation': 0, 'Bund': 0, 'Trench': 0, 'Breach': 0, 'Culvert': 0, 'Sluice': 0, 'Dyke': 0, 'Storm water drain': 0, 'Emergency': 0, 'Immediate': 0, 'IM': 0, 'AE': 0, 'A E': 0, 'AAPDA MITRA': 0, 'Bridge': 0, 'River': 0, 'Drain': 2, 'Restoration': 0, 'Protection': 0, 'irr': 0, 'irrigation': 0, 'dam': 0, 'Nallah': 0, 'nala': 0, 'Retrofitting': 0, 'Pond': 0, 'Pokhari': 0, 'D/C': 0, 'Recharge shaft': 0, 'LFB': 0, 'RFB': 0}","{'Floodlight': 0, 'Flood Light': 0, 'GAS': 0, 'FIFA': 0, 'pipe': 0, 'pipes': 0, 'covid': 0, 'supply': 0, 'Beautification': 0, 'Installation': 0}",,,False,True,Immediate Measures
67990,NIT No.- 07/2024-25 Gr.-23,Construction work of PCC road and RCC Cover drain from Gandhi Medical to Siyawar Singh's house in Ward No. 29 and 22 under Municipal Corporation Sitamarhi area.,Construction work of PCC road and RCC Cover drain from Gandhi Medical to Siyawar Singh's house in Ward No. 29 and 22 under Municipal Corporation Sitamarhi area.,9910761.0,INR,INR,2024-08-15 18:12:09+00:00,2024-08-14T10:59:06.793000+00:00,2025-03-17T11:03:15+00:00,MUNICIPAL COMMISSIONER SITAMARHI,MUNICIPAL COMMISSIONER SITAMARHI,MUNICIPAL COMMISSIONER SITAMARHI,MUNICIPAL COMMISSIONER SITAMARHI,MUNICIPAL COMMISSIONER SITAMARHI,MUNICIPAL COMMISSIONER SITAMARHI,MUNICIPAL COMMISSIONER,198215.0,10000.0,3540.0,True,"{'Flood': 0, 'Embankment': 0, 'embkt': 0, 'Relief': 0, 'Erosion': 0, 'SDRF': 0, 'Inundation': 0, 'Hydrology': 0, 'Silt': 0, 'Siltation': 0, 'Bund': 0, 'Trench': 0, 'Breach': 0, 'Culvert': 0, 'Sluice': 0, 'Dyke': 0, 'Storm water drain': 0, 'Emergency': 0, 'Immediate': 0, 'IM': 0, 'AE': 0, 'A E': 0, 'AAPDA MITRA': 0, 'Bridge': 0, 'River': 0, 'Drain': 2, 'Restoration': 0, 'Protection': 0, 'irr': 0, 'irrigation': 0, 'dam': 0, 'Nallah': 0, 'nala': 0, 'Retrofitting': 0, 'Pond': 0, 'Pokhari': 0, 'D/C': 0, 'Recharge shaft': 0, 'LFB': 0, 'RFB': 0}","{'Floodlight': 0, 'Flood Light': 0, 'GAS': 0, 'FIFA': 0, 'pipe': 0, 'pipes': 0, 'covid': 0, 'supply': 0, 'Beautification': 0, 'Installation': 0}",,,False,True,Immediate Measures
67995,NIT No.- 07/2024-25 Gr.-25,Construction work of RCC cover drain and PCC road from Dumra main road in Ward No. 32 under Municipal Corporation Sitamarhi area from Shri Ply to Manoj Sah's house till Mohd. Molazim's house.,Construction work of RCC cover drain and PCC road from Dumra main road in Ward No. 32 under Municipal Corporation Sitamarhi area from Shri Ply to Manoj Sah's house till Mohd. Molazim's house.,9892100.0,INR,INR,2024-08-15 18:14:48+00:00,2024-08-14T11:10:47.322000+00:00,2025-03-17T11:09:37+00:00,MUNICIPAL COMMISSIONER SITAMARHI,MUNICIPAL COMMISSIONER SITAMARHI,MUNICIPAL COMMISSIONER SITAMARHI,MUNICIPAL COMMISSIONER SITAMARHI,MUNICIPAL COMMISSIONER SITAMARHI,MUNICIPAL COMMISSIONER SITAMARHI,MUNICIPAL COMMISSIONER,197900.0,10000.0,3540.0,True,"{'Flood': 0, 'Embankment': 0, 'embkt': 0, 'Relief': 0, 'Erosion': 0, 'SDRF': 0, 'Inundation': 0, 'Hydrology': 0, 'Silt': 0, 'Siltation': 0, 'Bund': 0, 'Trench': 0, 'Breach': 0, 'Culvert': 0, 'Sluice': 0, 'Dyke': 0, 'Storm water drain': 0, 'Emergency': 0, 'Immediate': 0, 'IM': 0, 'AE': 0, 'A E': 0, 'AAPDA MITRA': 0, 'Bridge': 0, 'River': 0, 'Drain': 2, 'Restoration': 0, 'Protection': 0, 'irr': 0, 'irrigation': 0, 'dam': 0, 'Nallah': 0, 'nala': 0, 'Retrofitting': 0, 'Pond': 0, 'Pokhari': 0, 'D/C': 0, 'Recharge shaft': 0, 'LFB': 0, 'RFB': 0}","{'Floodlight': 0, 'Flood Light': 0, 'GAS': 0, 'FIFA': 0, 'pipe': 0, 'pipes': 0, 'covid': 0, 'supply': 0, 'Beautification': 0, 'Installation': 0}",,,False,True,Immediate Measures
67996,NIT No.- 07/2024-25 Gr.-26,"Construction work of RCC cover drain and PCC road from Dr. Naveen Neeraj's clinic to Vidyanand ji's house, from Sudhistha Chandra Jha's house to Basant ji's house and from Ramanandan Baitha's house to Naseem Saheb's house in ward no-32 under Municipal Corporation Sitamarhi area.","Construction work of RCC cover drain and PCC road from Dr. Naveen Neeraj's clinic to Vidyanand ji's house, from Sudhistha Chandra Jha's house to Basant ji's house and from Ramanandan Baitha's house to Naseem Saheb's house in ward no-32 under Municipal Corporation Sitamarhi area.",9941700.0,INR,INR,2024-08-15 18:19:25+00:00,2024-08-14T11:14:44.829000+00:00,2025-03-17T11:11:32+00:00,MUNICIPAL COMMISSIONER SITAMARHI,MUNICIPAL COMMISSIONER SITAMARHI,MUNICIPAL COMMISSIONER SITAMARHI,MUNICIPAL COMMISSIONER SITAMARHI,MUNICIPAL COMMISSIONER SITAMARHI,MUNICIPAL COMMISSIONER SITAMARHI,MUNICIPAL COMMISSIONER,198900.0,10000.0,3540.0,True,"{'Flood': 0, 'Embankment': 0, 'embkt': 0, 'Relief': 0, 'Erosion': 0, 'SDRF': 0, 'Inundation': 0, 'Hydrology': 0, 'Silt': 0, 'Siltation': 0, 'Bund': 0, 'Trench': 0, 'Breach': 0, 'Culvert': 0, 'Sluice': 0, 'Dyke': 0, 'Storm water drain': 0, 'Emergency': 0, 'Immediate': 0, 'IM': 0, 'AE': 0, 'A E': 0, 'AAPDA MITRA': 0, 'Bridge': 0, 'River': 0, 'Drain': 2, 'Restoration': 0, 'Protection': 0, 'irr': 0, 'irrigation': 0, 'dam': 0, 'Nallah': 0, 'nala': 0, 'Retrofitting': 0, 'Pond': 0, 'Pokhari': 0, 'D/C': 0, 'Recharge shaft': 0, 'LFB': 0, 'RFB': 0}","{'Floodlight': 0, 'Flood Light': 0, 'GAS': 0, 'FIFA': 0, 'pipe': 0, 'pipes': 0, 'covid': 0, 'supply': 0, 'Beautification': 0, 'Installation': 0}",,,False,True,Immediate Measures
67979,NIT NO- 01/2024-25 (GR-05),"Construction work of path and drain from Umesh Yadav house to Ram Bhavan Yadav   house in Ward No. 03 of Nagar Panchayat, Naubatpur.","Construction work of path and drain from Umesh Yadav house to Ram Bhavan Yadav   house in Ward No. 03 of Nagar Panchayat, Naubatpur.",631676.0,INR,INR,2024-08-16 09:38:58+00:00,2024-08-14T09:59:48.268000+00:00,2024-10-22T04:33:13+00:00,RAUSHAN KUMAR RAUSHAN,EXECUTIVE OFFICER,NAGAR PANCHAYAT NAUBATPUR,NAGAR PANCHAYAT NAUBATPUR,BHAWESH KUMAR,"EXECUTIVE OFFICER, NP NAUBATPUR",NAGAR PANCHAYAT NAUBATPUR,12700.0,1250.0,590.0,True,"{'Flood': 0, 'Embankment': 0, 'embkt': 0, 'Relief': 0, 'Erosion': 0, 'SDRF': 0, 'Inundation': 0, 'Hydrology': 0, 'Silt': 0, 'Siltation': 0, 'Bund': 0, 'Trench': 0, 'Breach': 0, 'Culvert': 0, 'Sluice': 0, 'Dyke': 0, 'Storm water drain': 0, 'Emergency': 0, 'Immediate': 0, 'IM': 0, 'AE': 0, 'A E': 0, 'AAPDA MITRA': 0, 'Bridge': 0, 'River': 0, 'Drain': 2, 'Restoration': 0, 'Protection': 0, 'irr': 0, 'irrigation': 0, 'dam': 0, 'Nallah': 0, 'nala': 0, 'Retrofitting': 0, 'Pond': 0, 'Pokhari': 0, 'D/C': 0, 'Recharge shaft': 0, 'LFB': 0, 'RFB': 0}","{'Floodlight': 0, 'Flood Light': 0, 'GAS': 0, 'FIFA': 0, 'pipe': 0, 'pipes': 0, 'covid': 0, 'supply': 0, 'Beautification': 0, 'Installation': 0}",,,False,True,Immediate Measures
67981,NIT NO- 01/2024-25 (GR-07),"Earthworks, drain and road construction work from Vinod Yadav house to Bhuneshwar Thakur house in Kumhar Toli in Ward No. 04 under Nagar Panchayat, Naubatpur.","Earthworks, drain and road construction work from Vinod Yadav house to Bhuneshwar Thakur house in Kumhar Toli in Ward No. 04 under Nagar Panchayat, Naubatpur.",411680.0,INR,INR,2024-08-16 09:41:27+00:00,2024-08-14T10:06:56.578000+00:00,2024-08-27T09:31:00+00:00,RAUSHAN KUMAR RAUSHAN,EXECUTIVE OFFICER,NAGAR PANCHAYAT NAUBATPUR,NAGAR PANCHAYAT NAUBATPUR,BHAWESH KUMAR,"EXECUTIVE OFFICER, NP NAUBATPUR",NAGAR PANCHAYAT NAUBATPUR,8300.0,750.0,590.0,True,"{'Flood': 0, 'Embankment': 0, 'embkt': 0, 'Relief': 0, 'Erosion': 0, 'SDRF': 0, 'Inundation': 0, 'Hydrology': 0, 'Silt': 0, 'Siltation': 0, 'Bund': 0, 'Trench': 0, 'Breach': 0, 'Culvert': 0, 'Sluice': 0, 'Dyke': 0, 'Storm water drain': 0, 'Emergency': 0, 'Immediate': 0, 'IM': 0, 'AE': 0, 'A E': 0, 'AAPDA MITRA': 0, 'Bridge': 0, 'River': 0, 'Drain': 2, 'Restoration': 0, 'Protection': 0, 'irr': 0, 'irrigation': 0, 'dam': 0, 'Nallah': 0, 'nala': 0, 'Retrofitting': 0, 'Pond': 0, 'Pokhari': 0, 'D/C': 0, 'Recharge shaft': 0, 'LFB': 0, 'RFB': 0}","{'Floodlight': 0, 'Flood Light': 0, 'GAS': 0, 'FIFA': 0, 'pipe': 0, 'pipes': 0, 'covid': 0, 'supply': 0, 'Beautification': 0, 'Installation': 0}",,,False,True,Immediate Measures
67997,NIT-03/2024-25/NPR-GR-06,Construction of RCC drain Paver block road from Jairam Singh's house to Sewerage via Raghunandan Verma to Bhusan Chaudhary's house.,Construction of RCC drain Paver block road from Jairam Singh's house to Sewerage via Raghunandan Verma to Bhusan Chaudhary's house.,443600.0,INR,INR,2024-08-14 11:21:12+00:00,2024-08-14T11:15:35.634000+00:00,2024-09-30T11:44:34+00:00,AJEET KUMAR,EO Rajgir,NAGAR PARISHAD RAJGIR,VEERAYTAN ROAD WARD 09 RAJGIR,AJEET KUMAR,EO Rajgir,NAGAR PARISHAD RAJGIR,9000.0,750.0,590.0,True,"{'Flood': 0, 'Embankment': 0, 'embkt': 0, 'Relief': 0, 'Erosion': 0, 'SDRF': 0, 'Inundation': 0, 'Hydrology': 0, 'Silt': 0, 'Siltation': 0, 'Bund': 0, 'Trench': 0, 'Breach': 0, 'Culvert': 0, 'Sluice': 0, 'Dyke': 0, 'Storm water drain': 0, 'Emergency': 0, 'Immediate': 0, 'IM': 0, 'AE': 0, 'A E': 0, 'AAPDA MITRA': 0, 'Bridge': 0, 'River': 0, 'Drain': 2, 'Restoration': 0, 'Protection': 0, 'irr': 0, 'irrigation': 0, 'dam': 0, 'Nallah': 0, 'nala': 0, 'Retrofitting': 0, 'Pond': 0, 'Pokhari': 0, 'D/C': 0, 'Recharge shaft': 0, 'LFB': 0, 'RFB': 0}","{'Floodlight': 0, 'Flood Light': 0, 'GAS': 0, 'FIFA': 0, 'pipe': 0, 'pipes': 0, 'covid': 0, 'supply': 0, 'Beautification': 0, 'Installation': 0}",,,False,True,Immediate Measures
68001,NIT-03/2024-25/NPR-GR-08,Ward no. 06 : Construction work of paver block street and drain from the house of Videshi Rajvanshi via the house of Lakhan Mistry to the house of Mukesh Halwai.,Ward no. 06 : Construction work of paver block street and drain from the house of Videshi Rajvanshi via the house of Lakhan Mistry to the house of Mukesh Halwai.,837192.0,INR,INR,2024-08-14 11:38:12+00:00,2024-08-14T11:28:52.044000+00:00,2024-08-29T09:31:00+00:00,AJEET KUMAR,EO Rajgir,NAGAR PARISHAD RAJGIR,VEERAYTAN ROAD WARD 09 RAJGIR,AJEET KUMAR,EO Rajgir,NAGAR PARISHAD RAJGIR,17000.0,1250.0,590.0,True,"{'Flood': 0, 'Embankment': 0, 'embkt': 0, 'Relief': 0, 'Erosion': 0, 'SDRF': 0, 'Inundation': 0, 'Hydrology': 0, 'Silt': 0, 'Siltation': 0, 'Bund': 0, 'Trench': 0, 'Breach': 0, 'Culvert': 0, 'Sluice': 0, 'Dyke': 0, 'Storm water drain': 0, 'Emergency': 0, 'Immediate': 0, 'IM': 0, 'AE': 0, 'A E': 0, 'AAPDA MITRA': 0, 'Bridge': 0, 'River': 0, 'Drain': 2, 'Restoration': 0, 'Protection': 0, 'irr': 0, 'irrigation': 0, 'dam': 0, 'Nallah': 0, 'nala': 0, 'Retrofitting': 0, 'Pond': 0, 'Pokhari': 0, 'D/C': 0, 'Recharge shaft': 0, 'LFB': 0, 'RFB': 0}","{'Floodlight': 0, 'Flood Light': 0, 'GAS': 0, 'FIFA': 0, 'pipe': 0, 'pipes': 0, 'covid': 0, 'supply': 0, 'Beautification': 0, 'Installation': 0}",,,False,True,Immediate Measures
67998,NIT-03/2024-25/NPR-GR-07,"Ward no. 06 : Construction work of paver block street and drain from the house of Dharmendra Rajvanshi, passing through the houses of Pawan Rajvanshi, Suraj Rajvanshi, Rambriksh Rajvanshi till in front of the house of Bengali Rajvanshi.","Ward no. 06 : Construction work of paver block street and drain from the house of Dharmendra Rajvanshi, passing through the houses of Pawan Rajvanshi, Suraj Rajvanshi, Rambriksh Rajvanshi till in front of the house of Bengali Rajvanshi.",737081.0,INR,INR,2024-08-14 11:28:16+00:00,2024-08-14T11:21:38.550000+00:00,2024-09-30T11:44:57+00:00,AJEET KUMAR,EO Rajgir,NAGAR PARISHAD RAJGIR,VEERAYTAN ROAD WARD 09 RAJGIR,AJEET KUMAR,EO Rajgir,NAGAR PARISHAD RAJGIR,15000.0,1250.0,590.0,True,"{'Flood': 0, 'Embankment': 0, 'embkt': 0, 'Relief': 0, 'Erosion': 0, 'SDRF': 0, 'Inundation': 0, 'Hydrology': 0, 'Silt': 0, 'Siltation': 0, 'Bund': 0, 'Trench': 0, 'Breach': 0, 'Culvert': 0, 'Sluice': 0, 'Dyke': 0, 'Storm water drain': 0, 'Emergency': 0, 'Immediate': 0, 'IM': 0, 'AE': 0, 'A E': 0, 'AAPDA MITRA': 0, 'Bridge': 0, 'River': 0, 'Drain': 2, 'Restoration': 0, 'Protection': 0, 'irr': 0, 'irrigation': 0, 'dam': 0, 'Nallah': 0, 'nala': 0, 'Retrofitting': 0, 'Pond': 0, 'Pokhari': 0, 'D/C': 0, 'Recharge shaft': 0, 'LFB': 0, 'RFB': 0}","{'Floodlight': 0, 'Flood Light': 0, 'GAS': 0, 'FIFA': 0, 'pipe': 0, 'pipes': 0, 'covid': 0, 'supply': 0, 'Beautification': 0, 'Installation': 0}",,,False,True,Immediate Measures
68007,NIT-03/2024-25/NPR-GR-10,"Construction of RCC drain in ward number 8 from Samudayak bhawan to Ramashish Rajvanshi via Raghunandan Rajvanshi,Vishnu Kumar Rajvanshi, Sudhir Rajvanshi and Sambhu Rajvanshi.","Construction of RCC drain in ward number 8 from Samudayak bhawan to Ramashish Rajvanshi via Raghunandan Rajvanshi,Vishnu Kumar Rajvanshi, Sudhir Rajvanshi and Sambhu Rajvanshi.",972653.0,INR,INR,2024-08-14 11:57:54+00:00,2024-08-14T11:50:33.237000+00:00,2024-08-29T09:31:00+00:00,AJEET KUMAR,EO Rajgir,NAGAR PARISHAD RAJGIR,VEERAYTAN ROAD WARD 09 RAJGIR,AJEET KUMAR,EO Rajgir,NAGAR PARISHAD RAJGIR,19500.0,1250.0,590.0,True,"{'Flood': 0, 'Embankment': 0, 'embkt': 0, 'Relief': 0, 'Erosion': 0, 'SDRF': 0, 'Inundation': 0, 'Hydrology': 0, 'Silt': 0, 'Siltation': 0, 'Bund': 0, 'Trench': 0, 'Breach': 0, 'Culvert': 0, 'Sluice': 0, 'Dyke': 0, 'Storm water drain': 0, 'Emergency': 0, 'Immediate': 0, 'IM': 0, 'AE': 0, 'A E': 0, 'AAPDA MITRA': 0, 'Bridge': 0, 'River': 0, 'Drain': 2, 'Restoration': 0, 'Protection': 0, 'irr': 0, 'irrigation': 0, 'dam': 0, 'Nallah': 0, 'nala': 0, 'Retrofitting': 0, 'Pond': 0, 'Pokhari': 0, 'D/C': 0, 'Recharge shaft': 0, 'LFB': 0, 'RFB': 0}","{'Floodlight': 0, 'Flood Light': 0, 'GAS': 0, 'FIFA': 0, 'pipe': 0, 'pipes': 0, 'covid': 0, 'supply': 0, 'Beautification': 0, 'Installation': 0}",,,False,True,Immediate Measures
68005,NIT-03/2024-25/NPR-GR-09,"Ward No. 06 : Construction work of paver block street and drain from the house of Manoj Kumar to the house of Chandan Prasad, Biru Kewat via the house of Etwari Kewat.","Ward No. 06 : Construction work of paver block street and drain from the house of Manoj Kumar to the house of Chandan Prasad, Biru Kewat via the house of Etwari Kewat.",763479.0,INR,INR,2024-08-14 11:48:52+00:00,2024-08-14T11:38:45.684000+00:00,2024-08-29T09:31:00+00:00,AJEET KUMAR,EO Rajgir,NAGAR PARISHAD RAJGIR,VEERAYTAN ROAD WARD 09 RAJGIR,AJEET KUMAR,EO Rajgir,NAGAR PARISHAD RAJGIR,16000.0,1250.0,590.0,True,"{'Flood': 0, 'Embankment': 0, 'embkt': 0, 'Relief': 0, 'Erosion': 0, 'SDRF': 0, 'Inundation': 0, 'Hydrology': 0, 'Silt': 0, 'Siltation': 0, 'Bund': 0, 'Trench': 0, 'Breach': 0, 'Culvert': 0, 'Sluice': 0, 'Dyke': 0, 'Storm water drain': 0, 'Emergency': 0, 'Immediate': 0, 'IM': 0, 'AE': 0, 'A E': 0, 'AAPDA MITRA': 0, 'Bridge': 0, 'River': 0, 'Drain': 2, 'Restoration': 0, 'Protection': 0, 'irr': 0, 'irrigation': 0, 'dam': 0, 'Nallah': 0, 'nala': 0, 'Retrofitting': 0, 'Pond': 0, 'Pokhari': 0, 'D/C': 0, 'Recharge shaft': 0, 'LFB': 0, 'RFB': 0}","{'Floodlight': 0, 'Flood Light': 0, 'GAS': 0, 'FIFA': 0, 'pipe': 0, 'pipes': 0, 'covid': 0, 'supply': 0, 'Beautification': 0, 'Installation': 0}",,,False,True,Immediate Measures
68018,NIT-03/2024-25/NPR-GR-16,"Construction of RCC drain in ward number 29, from Naro Yadav's house to Ashok Yadav's house in the north lane and from Vijay Singh's north lane to the front of Suchit Prasad's house.","Construction of RCC drain in ward number 29, from Naro Yadav's house to Ashok Yadav's house in the north lane and from Vijay Singh's north lane to the front of Suchit Prasad's house.",529205.0,INR,INR,2024-08-14 12:30:09+00:00,2024-08-14T12:25:25.600000+00:00,2024-08-29T09:31:00+00:00,AJEET KUMAR,EO Rajgir,NAGAR PARISHAD RAJGIR,VEERAYTAN ROAD WARD 09 RAJGIR,AJEET KUMAR,EO Rajgir,NAGAR PARISHAD RAJGIR,10500.0,1250.0,590.0,True,"{'Flood': 0, 'Embankment': 0, 'embkt': 0, 'Relief': 0, 'Erosion': 0, 'SDRF': 0, 'Inundation': 0, 'Hydrology': 0, 'Silt': 0, 'Siltation': 0, 'Bund': 0, 'Trench': 0, 'Breach': 0, 'Culvert': 0, 'Sluice': 0, 'Dyke': 0, 'Storm water drain': 0, 'Emergency': 0, 'Immediate': 0, 'IM': 0, 'AE': 0, 'A E': 0, 'AAPDA MITRA': 0, 'Bridge': 0, 'River': 0, 'Drain': 2, 'Restoration': 0, 'Protection': 0, 'irr': 0, 'irrigation': 0, 'dam': 0, 'Nallah': 0, 'nala': 0, 'Retrofitting': 0, 'Pond': 0, 'Pokhari': 0, 'D/C': 0, 'Recharge shaft': 0, 'LFB': 0, 'RFB': 0}","{'Floodlight': 0, 'Flood Light': 0, 'GAS': 0, 'FIFA': 0, 'pipe': 0, 'pipes': 0, 'covid': 0, 'supply': 0, 'Beautification': 0, 'Installation': 0}",,,False,True,Immediate Measures
68017,NIT No.- 07/2024-25 Gr.-30,Construction work of RCC cover drain from Dr. Badlu to Asgar's house in Ward No. 28 and 30 under Municipal Corporation Sitamarhi area.,Construction work of RCC cover drain from Dr. Badlu to Asgar's house in Ward No. 28 and 30 under Municipal Corporation Sitamarhi area.,6595400.0,INR,INR,2024-08-15 18:30:05+00:00,2024-08-14T12:20:44.848000+00:00,2025-03-17T11:14:26+00:00,MUNICIPAL COMMISSIONER SITAMARHI,MUNICIPAL COMMISSIONER SITAMARHI,MUNICIPAL COMMISSIONER SITAMARHI,MUNICIPAL COMMISSIONER SITAMARHI,MUNICIPAL COMMISSIONER SITAMARHI,MUNICIPAL COMMISSIONER SITAMARHI,MUNICIPAL COMMISSIONER,132000.0,10000.0,590.0,True,"{'Flood': 0, 'Embankment': 0, 'embkt': 0, 'Relief': 0, 'Erosion': 0, 'SDRF': 0, 'Inundation': 0, 'Hydrology': 0, 'Silt': 0, 'Siltation': 0, 'Bund': 0, 'Trench': 0, 'Breach': 0, 'Culvert': 0, 'Sluice': 0, 'Dyke': 0, 'Storm water drain': 0, 'Emergency': 0, 'Immediate': 0, 'IM': 0, 'AE': 0, 'A E': 0, 'AAPDA MITRA': 0, 'Bridge': 0, 'River': 0, 'Drain': 2, 'Restoration': 0, 'Protection': 0, 'irr': 0, 'irrigation': 0, 'dam': 0, 'Nallah': 0, 'nala': 0, 'Retrofitting': 0, 'Pond': 0, 'Pokhari': 0, 'D/C': 0, 'Recharge shaft': 0, 'LFB': 0, 'RFB': 0}","{'Floodlight': 0, 'Flood Light': 0, 'GAS': 0, 'FIFA': 0, 'pipe': 0, 'pipes': 0, 'covid': 0, 'supply': 0, 'Beautification': 0, 'Installation': 0}",,,False,True,Immediate Measures
68037,01/2024-25/NPB/GR02,Construction of RCC drain with cover from Shri Ramnandan Singh's house in Chander Bigha to Goverdhan hill on the north side in ward number 10 under Nagar Panchayat Barun,Construction of RCC drain with cover from Shri Ramnandan Singh's house in Chander Bigha to Goverdhan hill on the north side in ward number 10 under Nagar Panchayat Barun,2488518.0,INR,INR,2024-08-15 07:28:38+00:00,2024-08-15T07:22:22.779000+00:00,2025-01-03T09:52:45+00:00,NITESH KUMAR,"Executive Officer, Nagar Panchayat Barun",Nagar Panchayat Barun,Nagar Panchayat Barun,NITESH KUMAR,Executive officer Nagar Panchayat Barun,NAGAR PANCHAYAT BARUN,49800.0,5000.0,590.0,True,"{'Flood': 0, 'Embankment': 0, 'embkt': 0, 'Relief': 0, 'Erosion': 0, 'SDRF': 0, 'Inundation': 0, 'Hydrology': 0, 'Silt': 0, 'Siltation': 0, 'Bund': 0, 'Trench': 0, 'Breach': 0, 'Culvert': 0, 'Sluice': 0, 'Dyke': 0, 'Storm water drain': 0, 'Emergency': 0, 'Immediate': 0, 'IM': 0, 'AE': 0, 'A E': 0, 'AAPDA MITRA': 0, 'Bridge': 0, 'River': 0, 'Drain': 2, 'Restoration': 0, 'Protection': 0, 'irr': 0, 'irrigation': 0, 'dam': 0, 'Nallah': 0, 'nala': 0, 'Retrofitting': 0, 'Pond': 0, 'Pokhari': 0, 'D/C': 0, 'Recharge shaft': 0, 'LFB': 0, 'RFB': 0}","{'Floodlight': 0, 'Flood Light': 0, 'GAS': 0, 'FIFA': 0, 'pipe': 0, 'pipes': 0, 'covid': 0, 'supply': 0, 'Beautification': 0, 'Installation': 0}",,,False,True,Immediate Measures
68039,01/2024-25/NPB/GR04,Construction of PCC road and RCC drain from near the post office transformer to Shankar Chaudhary's house in ward number 02 under Nagar Panchayat Barun,Construction of PCC road and RCC drain from near the post office transformer to Shankar Chaudhary's house in ward number 02 under Nagar Panchayat Barun,2364500.0,INR,INR,2024-08-15 07:44:26+00:00,2024-08-15T07:39:11.016000+00:00,2025-01-06T08:38:46+00:00,NITESH KUMAR,"Executive Officer, Nagar Panchayat Barun",Nagar Panchayat Barun,Nagar Panchayat Barun,NITESH KUMAR,Executive officer Nagar Panchayat Barun,NAGAR PANCHAYAT BARUN,47300.0,5000.0,590.0,True,"{'Flood': 0, 'Embankment': 0, 'embkt': 0, 'Relief': 0, 'Erosion': 0, 'SDRF': 0, 'Inundation': 0, 'Hydrology': 0, 'Silt': 0, 'Siltation': 0, 'Bund': 0, 'Trench': 0, 'Breach': 0, 'Culvert': 0, 'Sluice': 0, 'Dyke': 0, 'Storm water drain': 0, 'Emergency': 0, 'Immediate': 0, 'IM': 0, 'AE': 0, 'A E': 0, 'AAPDA MITRA': 0, 'Bridge': 0, 'River': 0, 'Drain': 2, 'Restoration': 0, 'Protection': 0, 'irr': 0, 'irrigation': 0, 'dam': 0, 'Nallah': 0, 'nala': 0, 'Retrofitting': 0, 'Pond': 0, 'Pokhari': 0, 'D/C': 0, 'Recharge shaft': 0, 'LFB': 0, 'RFB': 0}","{'Floodlight': 0, 'Flood Light': 0, 'GAS': 0, 'FIFA': 0, 'pipe': 0, 'pipes': 0, 'covid': 0, 'supply': 0, 'Beautification': 0, 'Installation': 0}",,,False,True,Immediate Measures
68040,01/2024-25/NPB/GR05,Construction of PCC road and covered drain from Janaki Pasi's house to Bigu Ram's house via Hira Boring in Ward No. 07 under Nagar Panchayat Barun,Construction of PCC road and covered drain from Janaki Pasi's house to Bigu Ram's house via Hira Boring in Ward No. 07 under Nagar Panchayat Barun,2352500.0,INR,INR,2024-08-15 07:53:38+00:00,2024-08-15T07:44:58.148000+00:00,2025-01-06T08:59:10+00:00,NITESH KUMAR,"Executive Officer, Nagar Panchayat Barun",Nagar Panchayat Barun,Nagar Panchayat Barun,NITESH KUMAR,Executive officer Nagar Panchayat Barun,NAGAR PANCHAYAT BARUN,47100.0,5000.0,590.0,True,"{'Flood': 0, 'Embankment': 0, 'embkt': 0, 'Relief': 0, 'Erosion': 0, 'SDRF': 0, 'Inundation': 0, 'Hydrology': 0, 'Silt': 0, 'Siltation': 0, 'Bund': 0, 'Trench': 0, 'Breach': 0, 'Culvert': 0, 'Sluice': 0, 'Dyke': 0, 'Storm water drain': 0, 'Emergency': 0, 'Immediate': 0, 'IM': 0, 'AE': 0, 'A E': 0, 'AAPDA MITRA': 0, 'Bridge': 0, 'River': 0, 'Drain': 2, 'Restoration': 0, 'Protection': 0, 'irr': 0, 'irrigation': 0, 'dam': 0, 'Nallah': 0, 'nala': 0, 'Retrofitting': 0, 'Pond': 0, 'Pokhari': 0, 'D/C': 0, 'Recharge shaft': 0, 'LFB': 0, 'RFB': 0}","{'Floodlight': 0, 'Flood Light': 0, 'GAS': 0, 'FIFA': 0, 'pipe': 0, 'pipes': 0, 'covid': 0, 'supply': 0, 'Beautification': 0, 'Installation': 0}",,,False,True,Immediate Measures
68041,01/2024-25/NPB/GR06,Construction work of RCC drain with cover from Munna Gupta's house to Suresh Prasad's house  and construction work of RCC drain with cover from Bhola Saav's house to late Bali Saav's house in ward number 04 under Nagar Panchayat Barun,Construction work of RCC drain with cover from Munna Gupta's house to Suresh Prasad's house  and construction work of RCC drain with cover from Bhola Saav's house to late Bali Saav's house in ward number 04 under Nagar Panchayat Barun,2081900.0,INR,INR,2024-08-15 08:03:59+00:00,2024-08-15T07:54:20.042000+00:00,2025-01-06T09:05:36+00:00,NITESH KUMAR,"Executive Officer, Nagar Panchayat Barun",Nagar Panchayat Barun,Nagar Panchayat Barun,NITESH KUMAR,Executive officer Nagar Panchayat Barun,NAGAR PANCHAYAT BARUN,41700.0,5000.0,590.0,True,"{'Flood': 0, 'Embankment': 0, 'embkt': 0, 'Relief': 0, 'Erosion': 0, 'SDRF': 0, 'Inundation': 0, 'Hydrology': 0, 'Silt': 0, 'Siltation': 0, 'Bund': 0, 'Trench': 0, 'Breach': 0, 'Culvert': 0, 'Sluice': 0, 'Dyke': 0, 'Storm water drain': 0, 'Emergency': 0, 'Immediate': 0, 'IM': 0, 'AE': 0, 'A E': 0, 'AAPDA MITRA': 0, 'Bridge': 0, 'River': 0, 'Drain': 4, 'Restoration': 0, 'Protection': 0, 'irr': 0, 'irrigation': 0, 'dam': 0, 'Nallah': 0, 'nala': 0, 'Retrofitting': 0, 'Pond': 0, 'Pokhari': 0, 'D/C': 0, 'Recharge shaft': 0, 'LFB': 0, 'RFB': 0}","{'Floodlight': 0, 'Flood Light': 0, 'GAS': 0, 'FIFA': 0, 'pipe': 0, 'pipes': 0, 'covid': 0, 'supply': 0, 'Beautification': 0, 'Installation': 0}",,,False,True,Immediate Measures
68042,01/2024-25/NPB/GR07,"Construction of RCC drain with cover from Dhirendra Dubey's house to Navodaya Vidyalaya gate in Mohanganj, Ward No. 03 under Nagar Panchayat Barun.","Construction of RCC drain with cover from Dhirendra Dubey's house to Navodaya Vidyalaya gate in Mohanganj, Ward No. 03 under Nagar Panchayat Barun.",1943500.0,INR,INR,2024-08-15 08:12:29+00:00,2024-08-15T08:04:24.747000+00:00,2025-01-06T14:26:24+00:00,NITESH KUMAR,"Executive Officer, Nagar Panchayat Barun",Nagar Panchayat Barun,Nagar Panchayat Barun,NITESH KUMAR,Executive officer Nagar Panchayat Barun,NAGAR PANCHAYAT BARUN,38900.0,5000.0,590.0,True,"{'Flood': 0, 'Embankment': 0, 'embkt': 0, 'Relief': 0, 'Erosion': 0, 'SDRF': 0, 'Inundation': 0, 'Hydrology': 0, 'Silt': 0, 'Siltation': 0, 'Bund': 0, 'Trench': 0, 'Breach': 0, 'Culvert': 0, 'Sluice': 0, 'Dyke': 0, 'Storm water drain': 0, 'Emergency': 0, 'Immediate': 0, 'IM': 0, 'AE': 0, 'A E': 0, 'AAPDA MITRA': 0, 'Bridge': 0, 'River': 0, 'Drain': 2, 'Restoration': 0, 'Protection': 0, 'irr': 0, 'irrigation': 0, 'dam': 0, 'Nallah': 0, 'nala': 0, 'Retrofitting': 0, 'Pond': 0, 'Pokhari': 0, 'D/C': 0, 'Recharge shaft': 0, 'LFB': 0, 'RFB': 0}","{'Floodlight': 0, 'Flood Light': 0, 'GAS': 0, 'FIFA': 0, 'pipe': 0, 'pipes': 0, 'covid': 0, 'supply': 0, 'Beautification': 0, 'Installation': 0}",,,False,True,Immediate Measures
68044,01/2024-25/NPB/GR09,Construction of RCC drain with cover from Arun Pandey's house to Baijnath Sharma's house in ward number 09 under Nagar Panchayat Barun,Construction of RCC drain with cover from Arun Pandey's house to Baijnath Sharma's house in ward number 09 under Nagar Panchayat Barun,1785200.0,INR,INR,2024-08-15 08:23:46+00:00,2024-08-15T08:19:52.600000+00:00,2025-01-06T09:19:22+00:00,NITESH KUMAR,"Executive Officer, Nagar Panchayat Barun",Nagar Panchayat Barun,Nagar Panchayat Barun,NITESH KUMAR,Executive officer Nagar Panchayat Barun,NAGAR PANCHAYAT BARUN,35800.0,5000.0,590.0,True,"{'Flood': 0, 'Embankment': 0, 'embkt': 0, 'Relief': 0, 'Erosion': 0, 'SDRF': 0, 'Inundation': 0, 'Hydrology': 0, 'Silt': 0, 'Siltation': 0, 'Bund': 0, 'Trench': 0, 'Breach': 0, 'Culvert': 0, 'Sluice': 0, 'Dyke': 0, 'Storm water drain': 0, 'Emergency': 0, 'Immediate': 0, 'IM': 0, 'AE': 0, 'A E': 0, 'AAPDA MITRA': 0, 'Bridge': 0, 'River': 0, 'Drain': 2, 'Restoration': 0, 'Protection': 0, 'irr': 0, 'irrigation': 0, 'dam': 0, 'Nallah': 0, 'nala': 0, 'Retrofitting': 0, 'Pond': 0, 'Pokhari': 0, 'D/C': 0, 'Recharge shaft': 0, 'LFB': 0, 'RFB': 0}","{'Floodlight': 0, 'Flood Light': 0, 'GAS': 0, 'FIFA': 0, 'pipe': 0, 'pipes': 0, 'covid': 0, 'supply': 0, 'Beautification': 0, 'Installation': 0}",,,False,True,Immediate Measures
68048,01/2024-25/NPB/GR13,Construction of PCC path and drain with cover from Shahzada Farooqui's house to Muna Tiwari's house via Tulsi Saav's house in ward number 06 under Nagar Panchayat Barun,Construction of PCC path and drain with cover from Shahzada Farooqui's house to Muna Tiwari's house via Tulsi Saav's house in ward number 06 under Nagar Panchayat Barun,1043200.0,INR,INR,2024-08-15 08:47:09+00:00,2024-08-15T08:42:15.882000+00:00,2025-01-06T09:55:16+00:00,NITESH KUMAR,"Executive Officer, Nagar Panchayat Barun",Nagar Panchayat Barun,Nagar Panchayat Barun,NITESH KUMAR,Executive officer Nagar Panchayat Barun,NAGAR PANCHAYAT BARUN,20900.0,2500.0,590.0,True,"{'Flood': 0, 'Embankment': 0, 'embkt': 0, 'Relief': 0, 'Erosion': 0, 'SDRF': 0, 'Inundation': 0, 'Hydrology': 0, 'Silt': 0, 'Siltation': 0, 'Bund': 0, 'Trench': 0, 'Breach': 0, 'Culvert': 0, 'Sluice': 0, 'Dyke': 0, 'Storm water drain': 0, 'Emergency': 0, 'Immediate': 0, 'IM': 0, 'AE': 0, 'A E': 0, 'AAPDA MITRA': 0, 'Bridge': 0, 'River': 0, 'Drain': 2, 'Restoration': 0, 'Protection': 0, 'irr': 0, 'irrigation': 0, 'dam': 0, 'Nallah': 0, 'nala': 0, 'Retrofitting': 0, 'Pond': 0, 'Pokhari': 0, 'D/C': 0, 'Recharge shaft': 0, 'LFB': 0, 'RFB': 0}","{'Floodlight': 0, 'Flood Light': 0, 'GAS': 0, 'FIFA': 0, 'pipe': 0, 'pipes': 0, 'covid': 0, 'supply': 0, 'Beautification': 0, 'Installation': 0}",,,False,True,Immediate Measures
68069,NIT NO- 01/2024-25 (GR-12),"Construction work of path and drain from Suraj Shaundilya house to Santosh Goswami house in Ward No. 07 of Nagar Panchayat, Naubatpur.","Construction work of path and drain from Suraj Shaundilya house to Santosh Goswami house in Ward No. 07 of Nagar Panchayat, Naubatpur.",1024347.0,INR,INR,2024-08-16 09:46:57+00:00,2024-08-16T06:22:11.742000+00:00,2024-10-22T04:56:42+00:00,RAUSHAN KUMAR RAUSHAN,EXECUTIVE OFFICER,NAGAR PANCHAYAT NAUBATPUR,NAGAR PANCHAYAT NAUBATPUR,BHAWESH KUMAR,"EXECUTIVE OFFICER, NP NAUBATPUR",NAGAR PANCHAYAT NAUBATPUR,20500.0,2500.0,590.0,True,"{'Flood': 0, 'Embankment': 0, 'embkt': 0, 'Relief': 0, 'Erosion': 0, 'SDRF': 0, 'Inundation': 0, 'Hydrology': 0, 'Silt': 0, 'Siltation': 0, 'Bund': 0, 'Trench': 0, 'Breach': 0, 'Culvert': 0, 'Sluice': 0, 'Dyke': 0, 'Storm water drain': 0, 'Emergency': 0, 'Immediate': 0, 'IM': 0, 'AE': 0, 'A E': 0, 'AAPDA MITRA': 0, 'Bridge': 0, 'River': 0, 'Drain': 2, 'Restoration': 0, 'Protection': 0, 'irr': 0, 'irrigation': 0, 'dam': 0, 'Nallah': 0, 'nala': 0, 'Retrofitting': 0, 'Pond': 0, 'Pokhari': 0, 'D/C': 0, 'Recharge shaft': 0, 'LFB': 0, 'RFB': 0}","{'Floodlight': 0, 'Flood Light': 0, 'GAS': 0, 'FIFA': 0, 'pipe': 0, 'pipes': 0, 'covid': 0, 'supply': 0, 'Beautification': 0, 'Installation': 0}",,,False,True,Immediate Measures
68074,NIT NO- 01/2024-25 (GR-18),"Drain and cover repair work from Yadunandan Prasad   hall to Sadanram   house in Ward No. 11 of Nagar Panchayat, Naubatpur.","Drain and cover repair work from Yadunandan Prasad   hall to Sadanram   house in Ward No. 11 of Nagar Panchayat, Naubatpur.",509440.0,INR,INR,2024-08-16 09:51:49+00:00,2024-08-16T07:07:03.763000+00:00,2024-09-04T04:32:00+00:00,RAUSHAN KUMAR RAUSHAN,EXECUTIVE OFFICER,NAGAR PANCHAYAT NAUBATPUR,NAGAR PANCHAYAT NAUBATPUR,BHAWESH KUMAR,"EXECUTIVE OFFICER, NP NAUBATPUR",NAGAR PANCHAYAT NAUBATPUR,10200.0,1250.0,590.0,True,"{'Flood': 0, 'Embankment': 0, 'embkt': 0, 'Relief': 0, 'Erosion': 0, 'SDRF': 0, 'Inundation': 0, 'Hydrology': 0, 'Silt': 0, 'Siltation': 0, 'Bund': 0, 'Trench': 0, 'Breach': 0, 'Culvert': 0, 'Sluice': 0, 'Dyke': 0, 'Storm water drain': 0, 'Emergency': 0, 'Immediate': 0, 'IM': 0, 'AE': 0, 'A E': 0, 'AAPDA MITRA': 0, 'Bridge': 0, 'River': 0, 'Drain': 2, 'Restoration': 0, 'Protection': 0, 'irr': 0, 'irrigation': 0, 'dam': 0, 'Nallah': 0, 'nala': 0, 'Retrofitting': 0, 'Pond': 0, 'Pokhari': 0, 'D/C': 0, 'Recharge shaft': 0, 'LFB': 0, 'RFB': 0}","{'Floodlight': 0, 'Flood Light': 0, 'GAS': 0, 'FIFA': 0, 'pipe': 0, 'pipes': 0, 'covid': 0, 'supply': 0, 'Beautification': 0, 'Installation': 0}",,,False,True,Immediate Measures
68075,NIT NO- 01/2024-25 (GR-19),"Construction work of path and drain from Vijay Mallik house to Rama Shankar Prasad   house in Ward No. 11 of Nagar Panchayat, Naubatpur.","Construction work of path and drain from Vijay Mallik house to Rama Shankar Prasad   house in Ward No. 11 of Nagar Panchayat, Naubatpur.",364135.0,INR,INR,2024-08-16 09:53:18+00:00,2024-08-16T07:20:03.010000+00:00,2024-08-27T09:31:00+00:00,RAUSHAN KUMAR RAUSHAN,EXECUTIVE OFFICER,NAGAR PANCHAYAT NAUBATPUR,NAGAR PANCHAYAT NAUBATPUR,BHAWESH KUMAR,"EXECUTIVE OFFICER, NP NAUBATPUR",NAGAR PANCHAYAT NAUBATPUR,7300.0,750.0,590.0,True,"{'Flood': 0, 'Embankment': 0, 'embkt': 0, 'Relief': 0, 'Erosion': 0, 'SDRF': 0, 'Inundation': 0, 'Hydrology': 0, 'Silt': 0, 'Siltation': 0, 'Bund': 0, 'Trench': 0, 'Breach': 0, 'Culvert': 0, 'Sluice': 0, 'Dyke': 0, 'Storm water drain': 0, 'Emergency': 0, 'Immediate': 0, 'IM': 0, 'AE': 0, 'A E': 0, 'AAPDA MITRA': 0, 'Bridge': 0, 'River': 0, 'Drain': 2, 'Restoration': 0, 'Protection': 0, 'irr': 0, 'irrigation': 0, 'dam': 0, 'Nallah': 0, 'nala': 0, 'Retrofitting': 0, 'Pond': 0, 'Pokhari': 0, 'D/C': 0, 'Recharge shaft': 0, 'LFB': 0, 'RFB': 0}","{'Floodlight': 0, 'Flood Light': 0, 'GAS': 0, 'FIFA': 0, 'pipe': 0, 'pipes': 0, 'covid': 0, 'supply': 0, 'Beautification': 0, 'Installation': 0}",,,False,True,Immediate Measures
68071,NIT NO- 01/2024-25 (GR-13),"Construction work of path and drain from Ramji Chaudhary house to Tunna Yadav   house in Ward No. 07 of Nagar Panchayat, Naubatpur.","Construction work of path and drain from Ramji Chaudhary house to Tunna Yadav   house in Ward No. 07 of Nagar Panchayat, Naubatpur.",396430.0,INR,INR,2024-08-16 09:48:06+00:00,2024-08-16T06:28:00.620000+00:00,2024-09-04T04:28:03+00:00,RAUSHAN KUMAR RAUSHAN,EXECUTIVE OFFICER,NAGAR PANCHAYAT NAUBATPUR,NAGAR PANCHAYAT NAUBATPUR,BHAWESH KUMAR,"EXECUTIVE OFFICER, NP NAUBATPUR",NAGAR PANCHAYAT NAUBATPUR,8000.0,750.0,590.0,True,"{'Flood': 0, 'Embankment': 0, 'embkt': 0, 'Relief': 0, 'Erosion': 0, 'SDRF': 0, 'Inundation': 0, 'Hydrology': 0, 'Silt': 0, 'Siltation': 0, 'Bund': 0, 'Trench': 0, 'Breach': 0, 'Culvert': 0, 'Sluice': 0, 'Dyke': 0, 'Storm water drain': 0, 'Emergency': 0, 'Immediate': 0, 'IM': 0, 'AE': 0, 'A E': 0, 'AAPDA MITRA': 0, 'Bridge': 0, 'River': 0, 'Drain': 2, 'Restoration': 0, 'Protection': 0, 'irr': 0, 'irrigation': 0, 'dam': 0, 'Nallah': 0, 'nala': 0, 'Retrofitting': 0, 'Pond': 0, 'Pokhari': 0, 'D/C': 0, 'Recharge shaft': 0, 'LFB': 0, 'RFB': 0}","{'Floodlight': 0, 'Flood Light': 0, 'GAS': 0, 'FIFA': 0, 'pipe': 0, 'pipes': 0, 'covid': 0, 'supply': 0, 'Beautification': 0, 'Installation': 0}",,,False,True,Immediate Measures
68080,NIT NO- 01/2024-25 (GR-23),"Construction work of drain and PCC path from the house of Sudama Tiwari to the house of Dhurat Ram and Dharmendra Ram in Nagar Panchayat, Naubatpur ward no. 15","Construction work of drain and PCC path from the house of Sudama Tiwari to the house of Dhurat Ram and Dharmendra Ram in Nagar Panchayat, Naubatpur ward no. 15",806616.0,INR,INR,2024-08-16 09:58:08+00:00,2024-08-16T07:46:58.281000+00:00,2024-10-23T04:38:15+00:00,RAUSHAN KUMAR RAUSHAN,EXECUTIVE OFFICER,NAGAR PANCHAYAT NAUBATPUR,NAGAR PANCHAYAT NAUBATPUR,BHAWESH KUMAR,"EXECUTIVE OFFICER, NP NAUBATPUR",NAGAR PANCHAYAT NAUBATPUR,16200.0,1250.0,590.0,True,"{'Flood': 0, 'Embankment': 0, 'embkt': 0, 'Relief': 0, 'Erosion': 0, 'SDRF': 0, 'Inundation': 0, 'Hydrology': 0, 'Silt': 0, 'Siltation': 0, 'Bund': 0, 'Trench': 0, 'Breach': 0, 'Culvert': 0, 'Sluice': 0, 'Dyke': 0, 'Storm water drain': 0, 'Emergency': 0, 'Immediate': 0, 'IM': 0, 'AE': 0, 'A E': 0, 'AAPDA MITRA': 0, 'Bridge': 0, 'River': 0, 'Drain': 2, 'Restoration': 0, 'Protection': 0, 'irr': 0, 'irrigation': 0, 'dam': 0, 'Nallah': 0, 'nala': 0, 'Retrofitting': 0, 'Pond': 0, 'Pokhari': 0, 'D/C': 0, 'Recharge shaft': 0, 'LFB': 0, 'RFB': 0}","{'Floodlight': 0, 'Flood Light': 0, 'GAS': 0, 'FIFA': 0, 'pipe': 0, 'pipes': 0, 'covid': 0, 'supply': 0, 'Beautification': 0, 'Installation': 0}",,,False,True,Immediate Measures
68082,NIT NO- 01/2024-25 (GR-25),"Drain repair work from Avinash Kumar   house in Ward No. 14 of Nagar Panchayat, Naubatpur to Ahar via primary school.","Drain repair work from Avinash Kumar   house in Ward No. 14 of Nagar Panchayat, Naubatpur to Ahar via primary school.",558267.0,INR,INR,2024-08-16 10:03:24+00:00,2024-08-16T07:52:28.514000+00:00,2024-10-23T04:28:51+00:00,RAUSHAN KUMAR RAUSHAN,EXECUTIVE OFFICER,NAGAR PANCHAYAT NAUBATPUR,NAGAR PANCHAYAT NAUBATPUR,BHAWESH KUMAR,"EXECUTIVE OFFICER, NP NAUBATPUR",NAGAR PANCHAYAT NAUBATPUR,11200.0,1250.0,590.0,True,"{'Flood': 0, 'Embankment': 0, 'embkt': 0, 'Relief': 0, 'Erosion': 0, 'SDRF': 0, 'Inundation': 0, 'Hydrology': 0, 'Silt': 0, 'Siltation': 0, 'Bund': 0, 'Trench': 0, 'Breach': 0, 'Culvert': 0, 'Sluice': 0, 'Dyke': 0, 'Storm water drain': 0, 'Emergency': 0, 'Immediate': 0, 'IM': 0, 'AE': 0, 'A E': 0, 'AAPDA MITRA': 0, 'Bridge': 0, 'River': 0, 'Drain': 2, 'Restoration': 0, 'Protection': 0, 'irr': 0, 'irrigation': 0, 'dam': 0, 'Nallah': 0, 'nala': 0, 'Retrofitting': 0, 'Pond': 0, 'Pokhari': 0, 'D/C': 0, 'Recharge shaft': 0, 'LFB': 0, 'RFB': 0}","{'Floodlight': 0, 'Flood Light': 0, 'GAS': 0, 'FIFA': 0, 'pipe': 0, 'pipes': 0, 'covid': 0, 'supply': 0, 'Beautification': 0, 'Installation': 0}",,,False,True,Immediate Measures
68079,NIT NO- 01/2024-25 (GR-22),"Drain construction work from Krishna Ram   house to Arbind Kumar  house in Ward No. 15 under Nagar Panchayat, Naubatpur.","Drain construction work from Krishna Ram   house to Arbind Kumar  house in Ward No. 15 under Nagar Panchayat, Naubatpur.",443426.0,INR,INR,2024-08-16 09:56:53+00:00,2024-08-16T07:44:46.801000+00:00,2025-05-17T07:54:36+00:00,RAUSHAN KUMAR RAUSHAN,EXECUTIVE OFFICER,NAGAR PANCHAYAT NAUBATPUR,NAGAR PANCHAYAT NAUBATPUR,BHAWESH KUMAR,"EXECUTIVE OFFICER, NP NAUBATPUR",NAGAR PANCHAYAT NAUBATPUR,8900.0,750.0,590.0,True,"{'Flood': 0, 'Embankment': 0, 'embkt': 0, 'Relief': 0, 'Erosion': 0, 'SDRF': 0, 'Inundation': 0, 'Hydrology': 0, 'Silt': 0, 'Siltation': 0, 'Bund': 0, 'Trench': 0, 'Breach': 0, 'Culvert': 0, 'Sluice': 0, 'Dyke': 0, 'Storm water drain': 0, 'Emergency': 0, 'Immediate': 0, 'IM': 0, 'AE': 0, 'A E': 0, 'AAPDA MITRA': 0, 'Bridge': 0, 'River': 0, 'Drain': 2, 'Restoration': 0, 'Protection': 0, 'irr': 0, 'irrigation': 0, 'dam': 0, 'Nallah': 0, 'nala': 0, 'Retrofitting': 0, 'Pond': 0, 'Pokhari': 0, 'D/C': 0, 'Recharge shaft': 0, 'LFB': 0, 'RFB': 0}","{'Floodlight': 0, 'Flood Light': 0, 'GAS': 0, 'FIFA': 0, 'pipe': 0, 'pipes': 0, 'covid': 0, 'supply': 0, 'Beautification': 0, 'Installation': 0}",,,False,True,Immediate Measures
68081,NIT NO- 01/2024-25 (GR-24),"Drain repair work on both sides of the road from Sanjay Baba  house to Kallu Meat Shop via Satyanarayan Prasad  house in Ward No. 06 under Nagar Panchayat, Naubatpur.","Drain repair work on both sides of the road from Sanjay Baba  house to Kallu Meat Shop via Satyanarayan Prasad  house in Ward No. 06 under Nagar Panchayat, Naubatpur.",161374.0,INR,INR,2024-08-16 09:59:18+00:00,2024-08-16T07:50:37.789000+00:00,2024-08-27T09:31:00+00:00,RAUSHAN KUMAR RAUSHAN,EXECUTIVE OFFICER,NAGAR PANCHAYAT NAUBATPUR,NAGAR PANCHAYAT NAUBATPUR,BHAWESH KUMAR,"EXECUTIVE OFFICER, NP NAUBATPUR",NAGAR PANCHAYAT NAUBATPUR,3300.0,500.0,590.0,True,"{'Flood': 0, 'Embankment': 0, 'embkt': 0, 'Relief': 0, 'Erosion': 0, 'SDRF': 0, 'Inundation': 0, 'Hydrology': 0, 'Silt': 0, 'Siltation': 0, 'Bund': 0, 'Trench': 0, 'Breach': 0, 'Culvert': 0, 'Sluice': 0, 'Dyke': 0, 'Storm water drain': 0, 'Emergency': 0, 'Immediate': 0, 'IM': 0, 'AE': 0, 'A E': 0, 'AAPDA MITRA': 0, 'Bridge': 0, 'River': 0, 'Drain': 2, 'Restoration': 0, 'Protection': 0, 'irr': 0, 'irrigation': 0, 'dam': 0, 'Nallah': 0, 'nala': 0, 'Retrofitting': 0, 'Pond': 0, 'Pokhari': 0, 'D/C': 0, 'Recharge shaft': 0, 'LFB': 0, 'RFB': 0}","{'Floodlight': 0, 'Flood Light': 0, 'GAS': 0, 'FIFA': 0, 'pipe': 0, 'pipes': 0, 'covid': 0, 'supply': 0, 'Beautification': 0, 'Installation': 0}",,,False,True,Immediate Measures
68201,NIT 01/2024-25/GROUP-03,Drain construction and brick soling PCC construction work from Arun Halwai's house to Ajay Khatri ward no 02.,Drain construction and brick soling PCC construction work from Arun Halwai's house to Ajay Khatri ward no 02.,697542.0,INR,INR,2024-08-18 09:37:43+00:00,2024-08-18T07:45:44.026000+00:00,2025-05-14T09:24:29+00:00,PREM SWARUPAM,EO KAKO,NAGAR PANCHAYAT KAKO,KAKO NAGAR PANCHAYAT,PREM SWARUPAM,EXECUTIVE OFFICER,NAGAR PARISHAD BIKRAMGANJ,14000.0,1250.0,590.0,True,"{'Flood': 0, 'Embankment': 0, 'embkt': 0, 'Relief': 0, 'Erosion': 0, 'SDRF': 0, 'Inundation': 0, 'Hydrology': 0, 'Silt': 0, 'Siltation': 0, 'Bund': 0, 'Trench': 0, 'Breach': 0, 'Culvert': 0, 'Sluice': 0, 'Dyke': 0, 'Storm water drain': 0, 'Emergency': 0, 'Immediate': 0, 'IM': 0, 'AE': 0, 'A E': 0, 'AAPDA MITRA': 0, 'Bridge': 0, 'River': 0, 'Drain': 2, 'Restoration': 0, 'Protection': 0, 'irr': 0, 'irrigation': 0, 'dam': 0, 'Nallah': 0, 'nala': 0, 'Retrofitting': 0, 'Pond': 0, 'Pokhari': 0, 'D/C': 0, 'Recharge shaft': 0, 'LFB': 0, 'RFB': 0}","{'Floodlight': 0, 'Flood Light': 0, 'GAS': 0, 'FIFA': 0, 'pipe': 0, 'pipes': 0, 'covid': 0, 'supply': 0, 'Beautification': 0, 'Installation': 0}",,,False,True,Immediate Measures
68200,NIT 01/2024-25/GROUP-02,Drain construction work from Dara Yadav's house in Par Kothia to Pain via Lalu's house ward no 01.,Drain construction work from Dara Yadav's house in Par Kothia to Pain via Lalu's house ward no 01.,1471059.0,INR,INR,2024-08-18 09:35:23+00:00,2024-08-18T07:45:33.481000+00:00,2024-08-28T16:19:30+00:00,PREM SWARUPAM,EO KAKO,NAGAR PANCHAYAT KAKO,KAKO NAGAR PANCHAYAT,PREM SWARUPAM,EXECUTIVE OFFICER,NAGAR PARISHAD BIKRAMGANJ,29500.0,2500.0,590.0,True,"{'Flood': 0, 'Embankment': 0, 'embkt': 0, 'Relief': 0, 'Erosion': 0, 'SDRF': 0, 'Inundation': 0, 'Hydrology': 0, 'Silt': 0, 'Siltation': 0, 'Bund': 0, 'Trench': 0, 'Breach': 0, 'Culvert': 0, 'Sluice': 0, 'Dyke': 0, 'Storm water drain': 0, 'Emergency': 0, 'Immediate': 0, 'IM': 0, 'AE': 0, 'A E': 0, 'AAPDA MITRA': 0, 'Bridge': 0, 'River': 0, 'Drain': 2, 'Restoration': 0, 'Protection': 0, 'irr': 0, 'irrigation': 0, 'dam': 0, 'Nallah': 0, 'nala': 0, 'Retrofitting': 0, 'Pond': 0, 'Pokhari': 0, 'D/C': 0, 'Recharge shaft': 0, 'LFB': 0, 'RFB': 0}","{'Floodlight': 0, 'Flood Light': 0, 'GAS': 0, 'FIFA': 0, 'pipe': 0, 'pipes': 0, 'covid': 0, 'supply': 0, 'Beautification': 0, 'Installation': 0}",,,False,True,Immediate Measures
68202,NIT 01/2024-25/GROUP-04,Drain and PCC construction work from Rampravesh Das's house to Munarik Das's house ward no 03.,Drain and PCC construction work from Rampravesh Das's house to Munarik Das's house ward no 03.,744333.0,INR,INR,2024-08-18 09:41:12+00:00,2024-08-18T07:45:53.015000+00:00,2025-05-14T10:16:31+00:00,PREM SWARUPAM,EO KAKO,NAGAR PANCHAYAT KAKO,KAKO NAGAR PANCHAYAT,PREM SWARUPAM,EXECUTIVE OFFICER,NAGAR PARISHAD BIKRAMGANJ,14000.0,1250.0,590.0,True,"{'Flood': 0, 'Embankment': 0, 'embkt': 0, 'Relief': 0, 'Erosion': 0, 'SDRF': 0, 'Inundation': 0, 'Hydrology': 0, 'Silt': 0, 'Siltation': 0, 'Bund': 0, 'Trench': 0, 'Breach': 0, 'Culvert': 0, 'Sluice': 0, 'Dyke': 0, 'Storm water drain': 0, 'Emergency': 0, 'Immediate': 0, 'IM': 0, 'AE': 0, 'A E': 0, 'AAPDA MITRA': 0, 'Bridge': 0, 'River': 0, 'Drain': 2, 'Restoration': 0, 'Protection': 0, 'irr': 0, 'irrigation': 0, 'dam': 0, 'Nallah': 0, 'nala': 0, 'Retrofitting': 0, 'Pond': 0, 'Pokhari': 0, 'D/C': 0, 'Recharge shaft': 0, 'LFB': 0, 'RFB': 0}","{'Floodlight': 0, 'Flood Light': 0, 'GAS': 0, 'FIFA': 0, 'pipe': 0, 'pipes': 0, 'covid': 0, 'supply': 0, 'Beautification': 0, 'Installation': 0}",,,False,True,Immediate Measures
68207,NIT 01/2024-25/GROUP-09,Drain construction work from Santosh's house to Arvind Yadav's house ward no 06.,Drain construction work from Santosh's house to Arvind Yadav's house ward no 06.,1492379.0,INR,INR,2024-08-18 10:05:18+00:00,2024-08-18T07:46:56.318000+00:00,2025-05-14T10:28:51+00:00,PREM SWARUPAM,EO KAKO,NAGAR PANCHAYAT KAKO,KAKO NAGAR PANCHAYAT,PREM SWARUPAM,EXECUTIVE OFFICER,NAGAR PARISHAD BIKRAMGANJ,30000.0,2500.0,590.0,True,"{'Flood': 0, 'Embankment': 0, 'embkt': 0, 'Relief': 0, 'Erosion': 0, 'SDRF': 0, 'Inundation': 0, 'Hydrology': 0, 'Silt': 0, 'Siltation': 0, 'Bund': 0, 'Trench': 0, 'Breach': 0, 'Culvert': 0, 'Sluice': 0, 'Dyke': 0, 'Storm water drain': 0, 'Emergency': 0, 'Immediate': 0, 'IM': 0, 'AE': 0, 'A E': 0, 'AAPDA MITRA': 0, 'Bridge': 0, 'River': 0, 'Drain': 2, 'Restoration': 0, 'Protection': 0, 'irr': 0, 'irrigation': 0, 'dam': 0, 'Nallah': 0, 'nala': 0, 'Retrofitting': 0, 'Pond': 0, 'Pokhari': 0, 'D/C': 0, 'Recharge shaft': 0, 'LFB': 0, 'RFB': 0}","{'Floodlight': 0, 'Flood Light': 0, 'GAS': 0, 'FIFA': 0, 'pipe': 0, 'pipes': 0, 'covid': 0, 'supply': 0, 'Beautification': 0, 'Installation': 0}",,,False,True,Immediate Measures
68215,NIT 01/2024-25/GROUP-17,PCC construction work from Mujjamin Imam to Malik Tola to main road to drain ward no 13.,PCC construction work from Mujjamin Imam to Malik Tola to main road to drain ward no 13.,917083.0,INR,INR,2024-08-18 10:45:07+00:00,2024-08-18T07:48:42.477000+00:00,2025-05-14T10:45:12+00:00,PREM SWARUPAM,EO KAKO,NAGAR PANCHAYAT KAKO,KAKO NAGAR PANCHAYAT,PREM SWARUPAM,EXECUTIVE OFFICER,NAGAR PARISHAD BIKRAMGANJ,18400.0,1250.0,590.0,True,"{'Flood': 0, 'Embankment': 0, 'embkt': 0, 'Relief': 0, 'Erosion': 0, 'SDRF': 0, 'Inundation': 0, 'Hydrology': 0, 'Silt': 0, 'Siltation': 0, 'Bund': 0, 'Trench': 0, 'Breach': 0, 'Culvert': 0, 'Sluice': 0, 'Dyke': 0, 'Storm water drain': 0, 'Emergency': 0, 'Immediate': 0, 'IM': 0, 'AE': 0, 'A E': 0, 'AAPDA MITRA': 0, 'Bridge': 0, 'River': 0, 'Drain': 2, 'Restoration': 0, 'Protection': 0, 'irr': 0, 'irrigation': 0, 'dam': 0, 'Nallah': 0, 'nala': 0, 'Retrofitting': 0, 'Pond': 0, 'Pokhari': 0, 'D/C': 0, 'Recharge shaft': 0, 'LFB': 0, 'RFB': 0}","{'Floodlight': 0, 'Flood Light': 0, 'GAS': 0, 'FIFA': 0, 'pipe': 0, 'pipes': 0, 'covid': 0, 'supply': 0, 'Beautification': 0, 'Installation': 0}",,,False,True,Immediate Measures
68212,NIT 01/2024-25/GROUP-14,Drain construction work from Mohd. Asak Ansari's house to Barik Korasi ward no 10.,Drain construction work from Mohd. Asak Ansari's house to Barik Korasi ward no 10.,597916.0,INR,INR,2024-08-18 10:32:26+00:00,2024-08-18T07:47:44.600000+00:00,2025-05-14T10:42:47+00:00,PREM SWARUPAM,EO KAKO,NAGAR PANCHAYAT KAKO,KAKO NAGAR PANCHAYAT,PREM SWARUPAM,EXECUTIVE OFFICER,NAGAR PARISHAD BIKRAMGANJ,12000.0,1250.0,590.0,True,"{'Flood': 0, 'Embankment': 0, 'embkt': 0, 'Relief': 0, 'Erosion': 0, 'SDRF': 0, 'Inundation': 0, 'Hydrology': 0, 'Silt': 0, 'Siltation': 0, 'Bund': 0, 'Trench': 0, 'Breach': 0, 'Culvert': 0, 'Sluice': 0, 'Dyke': 0, 'Storm water drain': 0, 'Emergency': 0, 'Immediate': 0, 'IM': 0, 'AE': 0, 'A E': 0, 'AAPDA MITRA': 0, 'Bridge': 0, 'River': 0, 'Drain': 2, 'Restoration': 0, 'Protection': 0, 'irr': 0, 'irrigation': 0, 'dam': 0, 'Nallah': 0, 'nala': 0, 'Retrofitting': 0, 'Pond': 0, 'Pokhari': 0, 'D/C': 0, 'Recharge shaft': 0, 'LFB': 0, 'RFB': 0}","{'Floodlight': 0, 'Flood Light': 0, 'GAS': 0, 'FIFA': 0, 'pipe': 0, 'pipes': 0, 'covid': 0, 'supply': 0, 'Beautification': 0, 'Installation': 0}",,,False,True,Immediate Measures
68505,"12/E/Bankipur/2024, Group No. 01","Construction of Bituminous Road in Rajendra Nagar, Road No.-13 B from Temple Near Over Bridge to Chauraha Near House of  H'ble Justice under Bankipur Division, PMC, Patna","Construction of Bituminous Road in Rajendra Nagar, Road No.-13 B from Temple Near Over Bridge to Chauraha Near House of  H'ble Justice under Bankipur Division, PMC, Patna",2034840.0,INR,INR,2024-08-20 09:06:44+00:00,2024-08-20T08:53:58.327000+00:00,2024-08-28T06:15:48+00:00,"Vikash Kumar, EXECUTIVE ENGINEER, PMC",EE,"AZIMABAD DIVISION, PATNA MUNICIPAL CORPORATION","AZIMABAD DIVISION, MEENA BAZAR, SHERSHAH PATH, PATNA-07","Vikash Kumar, EXECUTIVE ENGINEER",EXECUTIVE ENGINEER,"AZIMABAD DIVISION, PATNA MUNICIPAL CORPORATION",40800.0,5000.0,590.0,True,"{'Flood': 0, 'Embankment': 0, 'embkt': 0, 'Relief': 0, 'Erosion': 0, 'SDRF': 0, 'Inundation': 0, 'Hydrology': 0, 'Silt': 0, 'Siltation': 0, 'Bund': 0, 'Trench': 0, 'Breach': 0, 'Culvert': 0, 'Sluice': 0, 'Dyke': 0, 'Storm water drain': 0, 'Emergency': 0, 'Immediate': 0, 'IM': 0, 'AE': 0, 'A E': 0, 'AAPDA MITRA': 0, 'Bridge': 2, 'River': 0, 'Drain': 0, 'Restoration': 0, 'Protection': 0, 'irr': 0, 'irrigation': 0, 'dam': 0, 'Nallah': 0, 'nala': 0, 'Retrofitting': 0, 'Pond': 0, 'Pokhari': 0, 'D/C': 0, 'Recharge shaft': 0, 'LFB': 0, 'RFB': 0}","{'Floodlight': 0, 'Flood Light': 0, 'GAS': 0, 'FIFA': 0, 'pipe': 0, 'pipes': 0, 'covid': 0, 'supply': 0, 'Beautification': 0, 'Installation': 0}",,,False,True,Immediate Measures
68652,Tender-03/2024-25/BIHARSHARIF Gr.01,"Construction of  20 Nos. new 125mm X 40mm dia X 61 meter deep/  hand operated T/well and 66 Nos. 125mm DIA X 46 M. DEEP GRAVEL PACKED T/W with India Mark II Hand Pump with Platform, drain and Soakpit in place of Defunct T/W in drought area of different block under P.H.Division, Biharsharif for the year 2024-25","Construction of  20 Nos. new 125mm X 40mm dia X 61 meter deep/  hand operated T/well and 66 Nos. 125mm DIA X 46 M. DEEP GRAVEL PACKED T/W with India Mark II Hand Pump with Platform, drain and Soakpit in place of Defunct T/W in drought area of different block under P.H.Division, Biharsharif for the year 2024-25",8714856.0,INR,INR,2024-08-21 05:43:48+00:00,2024-08-21T02:24:38.620000+00:00,2024-08-27T09:31:00+00:00,RAGHVENDRA KUMAR,EE,PH DIV BIHARSHARIF,PH DIVISION BIHARSHARIF,NITYANAND PRASAD,CHIEF ENGINEER,PHED,174500.0,10000.0,3540.0,True,"{'Flood': 0, 'Embankment': 0, 'embkt': 0, 'Relief': 0, 'Erosion': 0, 'SDRF': 0, 'Inundation': 0, 'Hydrology': 0, 'Silt': 0, 'Siltation': 0, 'Bund': 0, 'Trench': 0, 'Breach': 0, 'Culvert': 0, 'Sluice': 0, 'Dyke': 0, 'Storm water drain': 0, 'Emergency': 0, 'Immediate': 0, 'IM': 0, 'AE': 0, 'A E': 0, 'AAPDA MITRA': 0, 'Bridge': 0, 'River': 0, 'Drain': 2, 'Restoration': 0, 'Protection': 0, 'irr': 0, 'irrigation': 0, 'dam': 0, 'Nallah': 0, 'nala': 0, 'Retrofitting': 0, 'Pond': 0, 'Pokhari': 0, 'D/C': 0, 'Recharge shaft': 0, 'LFB': 0, 'RFB': 0}","{'Floodlight': 0, 'Flood Light': 0, 'GAS': 0, 'FIFA': 0, 'pipe': 0, 'pipes': 0, 'covid': 0, 'supply': 0, 'Beautification': 0, 'Installation': 0}",,,False,True,Immediate Measures
68665,Short Term EoI Notice No. - 02/2024-25,"Expression of Interest for Consultancy Services for ?Preparation of Detailed Project Report of River linking Project related to Water Resources Department, Government of Bihar?","Expression of Interest for Consultancy Services for ?Preparation of Detailed Project Report of River linking Project related to Water Resources Department, Government of Bihar?",0.0,INR,INR,2024-08-22 07:25:42+00:00,2024-08-21T07:03:57.127000+00:00,2024-10-15T09:13:01+00:00,Er. Abhay Kumar Choudhary,Executive Engineer,Water Resources Department Govt. of Bihar,Room No. 502 Block A 5th Floor Jal Sansadhan Bhawan Anisabad Patna- 800002.,Er. Ajay Kumar,Superintending Engineer,Water Resources Department Govt. of Bihar.,,,590.0,True,"{'Flood': 0, 'Embankment': 0, 'embkt': 0, 'Relief': 0, 'Erosion': 0, 'SDRF': 0, 'Inundation': 0, 'Hydrology': 0, 'Silt': 0, 'Siltation': 0, 'Bund': 0, 'Trench': 0, 'Breach': 0, 'Culvert': 0, 'Sluice': 0, 'Dyke': 0, 'Storm water drain': 0, 'Emergency': 0, 'Immediate': 0, 'IM': 0, 'AE': 0, 'A E': 0, 'AAPDA MITRA': 0, 'Bridge': 0, 'River': 2, 'Drain': 0, 'Restoration': 0, 'Protection': 0, 'irr': 0, 'irrigation': 0, 'dam': 0, 'Nallah': 0, 'nala': 0, 'Retrofitting': 0, 'Pond': 0, 'Pokhari': 0, 'D/C': 0, 'Recharge shaft': 0, 'LFB': 0, 'RFB': 0}","{'Floodlight': 0, 'Flood Light': 0, 'GAS': 0, 'FIFA': 0, 'pipe': 0, 'pipes': 0, 'covid': 0, 'supply': 0, 'Beautification': 0, 'Installation': 0}",,,False,False,Others
68668,MGD/BHOJPUR//BHOJPUR-SON-29 A,E-Auction for settlement of sand ghat in Bhojpur district (BHOJ SON-29 A),E-Auction for settlement of sand ghat in Bhojpur district (BHOJ SON-29 A),72900000.0,INR,INR,2024-08-23 11:31:57+00:00,2024-08-21T07:16:22.268000+00:00,2024-09-02T11:31:00+00:00,RAJ KUMAR,District Magistrate,District Mining Office Bhojpur,BHOJPUR,RAJ KUMAR,District Magistrate,District Mining Office Bhojpur,18225000.0,5000.0,5900.0,True,"{'Flood': 0, 'Embankment': 0, 'embkt': 0, 'Relief': 0, 'Erosion': 0, 'SDRF': 0, 'Inundation': 0, 'Hydrology': 0, 'Silt': 0, 'Siltation': 0, 'Bund': 0, 'Trench': 0, 'Breach': 0, 'Culvert': 0, 'Sluice': 0, 'Dyke': 0, 'Storm water drain': 0, 'Emergency': 0, 'Immediate': 0, 'IM': 0, 'AE': 0, 'A E': 1, 'AAPDA MITRA': 0, 'Bridge': 0, 'River': 0, 'Drain': 0, 'Restoration': 0, 'Protection': 0, 'irr': 0, 'irrigation': 0, 'dam': 0, 'Nallah': 0, 'nala': 0, 'Retrofitting': 0, 'Pond': 0, 'Pokhari': 0, 'D/C': 0, 'Recharge shaft': 0, 'LFB': 0, 'RFB': 0}","{'Floodlight': 0, 'Flood Light': 0, 'GAS': 0, 'FIFA': 0, 'pipe': 0, 'pipes': 0, 'covid': 0, 'supply': 0, 'Beautification': 0, 'Installation': 0}",,,False,False,Others
68671,MGD/BHOJPUR//BHOJPUR-SON-30 A,E-Auction for settlement of sand ghat in Bhojpur district (BHOJ SON-30 A),E-Auction for settlement of sand ghat in Bhojpur district (BHOJ SON-30 A),89100000.0,INR,INR,2024-08-23 11:39:49+00:00,2024-08-21T07:18:33.070000+00:00,2024-09-02T11:31:00+00:00,RAJ KUMAR,District Magistrate,District Mining Office Bhojpur,BHOJPUR,RAJ KUMAR,District Magistrate,District Mining Office Bhojpur,22275000.0,5000.0,5900.0,True,"{'Flood': 0, 'Embankment': 0, 'embkt': 0, 'Relief': 0, 'Erosion': 0, 'SDRF': 0, 'Inundation': 0, 'Hydrology': 0, 'Silt': 0, 'Siltation': 0, 'Bund': 0, 'Trench': 0, 'Breach': 0, 'Culvert': 0, 'Sluice': 0, 'Dyke': 0, 'Storm water drain': 0, 'Emergency': 0, 'Immediate': 0, 'IM': 0, 'AE': 0, 'A E': 1, 'AAPDA MITRA': 0, 'Bridge': 0, 'River': 0, 'Drain': 0, 'Restoration': 0, 'Protection': 0, 'irr': 0, 'irrigation': 0, 'dam': 0, 'Nallah': 0, 'nala': 0, 'Retrofitting': 0, 'Pond': 0, 'Pokhari': 0, 'D/C': 0, 'Recharge shaft': 0, 'LFB': 0, 'RFB': 0}","{'Floodlight': 0, 'Flood Light': 0, 'GAS': 0, 'FIFA': 0, 'pipe': 0, 'pipes': 0, 'covid': 0, 'supply': 0, 'Beautification': 0, 'Installation': 0}",,,False,False,Others
68678,MGD/BHOJPUR//BHOJPUR-GANGA-4 A,E-Auction for settlement of sand ghat in Bhojpur district (BHOJ GANG-4 A),E-Auction for settlement of sand ghat in Bhojpur district (BHOJ GANG-4 A),16200000.0,INR,INR,2024-08-23 11:50:31+00:00,2024-08-21T07:27:52.444000+00:00,2024-09-02T11:31:00+00:00,RAJ KUMAR,District Magistrate,District Mining Office Bhojpur,BHOJPUR,RAJ KUMAR,District Magistrate,District Mining Office Bhojpur,4050000.0,5000.0,3540.0,True,"{'Flood': 0, 'Embankment': 0, 'embkt': 0, 'Relief': 0, 'Erosion': 0, 'SDRF': 0, 'Inundation': 0, 'Hydrology': 0, 'Silt': 0, 'Siltation': 0, 'Bund': 0, 'Trench': 0, 'Breach': 0, 'Culvert': 0, 'Sluice': 0, 'Dyke': 0, 'Storm water drain': 0, 'Emergency': 0, 'Immediate': 0, 'IM': 0, 'AE': 0, 'A E': 1, 'AAPDA MITRA': 0, 'Bridge': 0, 'River': 0, 'Drain': 0, 'Restoration': 0, 'Protection': 0, 'irr': 0, 'irrigation': 0, 'dam': 0, 'Nallah': 0, 'nala': 0, 'Retrofitting': 0, 'Pond': 0, 'Pokhari': 0, 'D/C': 0, 'Recharge shaft': 0, 'LFB': 0, 'RFB': 0}","{'Floodlight': 0, 'Flood Light': 0, 'GAS': 0, 'FIFA': 0, 'pipe': 0, 'pipes': 0, 'covid': 0, 'supply': 0, 'Beautification': 0, 'Installation': 0}",,,False,False,Others
68680,Short Term EoI Notice No. - 03/2024-25,"Expression of Interest for Consultancy Services for ?Preparation of Detailed Project Report of Ganga flood water transfer to different Reservoirs of South Bihar (Morway, Baskund, Anjan, Garhi, Jalkund and others)?","Expression of Interest for Consultancy Services for ?Preparation of Detailed Project Report of Ganga flood water transfer to different Reservoirs of South Bihar (Morway, Baskund, Anjan, Garhi, Jalkund and others)?",0.0,INR,INR,2024-08-22 07:14:07+00:00,2024-08-21T07:31:03.973000+00:00,2024-10-15T09:39:58+00:00,Er. Abhay Kumar Choudhary,Executive Engineer,Water Resources Department Govt. of Bihar,Room No. 502 Block A 5th Floor Jal Sansadhan Bhawan Anisabad Patna- 800002.,Er. Ajay Kumar,Superintending Engineer,Water Resources Department Govt. of Bihar.,,,590.0,True,"{'Flood': 2, 'Embankment': 0, 'embkt': 0, 'Relief': 0, 'Erosion': 0, 'SDRF': 0, 'Inundation': 0, 'Hydrology': 0, 'Silt': 0, 'Siltation': 0, 'Bund': 0, 'Trench': 0, 'Breach': 0, 'Culvert': 0, 'Sluice': 0, 'Dyke': 0, 'Storm water drain': 0, 'Emergency': 0, 'Immediate': 0, 'IM': 0, 'AE': 0, 'A E': 0, 'AAPDA MITRA': 0, 'Bridge': 0, 'River': 0, 'Drain': 0, 'Restoration': 0, 'Protection': 0, 'irr': 0, 'irrigation': 0, 'dam': 0, 'Nallah': 0, 'nala': 0, 'Retrofitting': 0, 'Pond': 0, 'Pokhari': 0, 'D/C': 0, 'Recharge shaft': 0, 'LFB': 0, 'RFB': 0}","{'Floodlight': 0, 'Flood Light': 0, 'GAS': 0, 'FIFA': 0, 'pipe': 0, 'pipes': 0, 'covid': 0, 'supply': 0, 'Beautification': 0, 'Installation': 0}",,,False,False,Others
68676,MGD/BHOJPUR//BHOJPUR-GANGA-3 A,E-Auction for settlement of sand ghat in Bhojpur district (BHOJ GANG-3 A),E-Auction for settlement of sand ghat in Bhojpur district (BHOJ GANG-3 A),18900000.0,INR,INR,2024-08-23 11:46:52+00:00,2024-08-21T07:25:49.327000+00:00,2024-09-02T11:31:00+00:00,RAJ KUMAR,District Magistrate,District Mining Office Bhojpur,BHOJPUR,RAJ KUMAR,District Magistrate,District Mining Office Bhojpur,4725000.0,5000.0,3540.0,True,"{'Flood': 0, 'Embankment': 0, 'embkt': 0, 'Relief': 0, 'Erosion': 0, 'SDRF': 0, 'Inundation': 0, 'Hydrology': 0, 'Silt': 0, 'Siltation': 0, 'Bund': 0, 'Trench': 0, 'Breach': 0, 'Culvert': 0, 'Sluice': 0, 'Dyke': 0, 'Storm water drain': 0, 'Emergency': 0, 'Immediate': 0, 'IM': 0, 'AE': 0, 'A E': 1, 'AAPDA MITRA': 0, 'Bridge': 0, 'River': 0, 'Drain': 0, 'Restoration': 0, 'Protection': 0, 'irr': 0, 'irrigation': 0, 'dam': 0, 'Nallah': 0, 'nala': 0, 'Retrofitting': 0, 'Pond': 0, 'Pokhari': 0, 'D/C': 0, 'Recharge shaft': 0, 'LFB': 0, 'RFB': 0}","{'Floodlight': 0, 'Flood Light': 0, 'GAS': 0, 'FIFA': 0, 'pipe': 0, 'pipes': 0, 'covid': 0, 'supply': 0, 'Beautification': 0, 'Installation': 0}",,,False,False,Others
68712,MGD/WESTCHAMPARAN/GANDAK/UNIT-003/24-25.,E-Auction for Semrbari Parsauni sandghat of Gandak River unit 03,E-Auction for Semrbari Parsauni sandghat of Gandak River unit 03,6165000.0,INR,INR,2024-08-21 10:58:31+00:00,2024-08-21T10:33:43.864000+00:00,2024-08-28T11:32:20+00:00,DINESH KUMAR RAI,DM,MINES & GEOLOGY,"WEST CHAMPARAN, BETTIAH",DINESH KUMAR RAI,DM,MINES & GEOLOGY,1541250.0,5000.0,590.0,True,"{'Flood': 0, 'Embankment': 0, 'embkt': 0, 'Relief': 0, 'Erosion': 0, 'SDRF': 0, 'Inundation': 0, 'Hydrology': 0, 'Silt': 0, 'Siltation': 0, 'Bund': 0, 'Trench': 0, 'Breach': 0, 'Culvert': 0, 'Sluice': 0, 'Dyke': 0, 'Storm water drain': 0, 'Emergency': 0, 'Immediate': 0, 'IM': 0, 'AE': 0, 'A E': 0, 'AAPDA MITRA': 0, 'Bridge': 0, 'River': 2, 'Drain': 0, 'Restoration': 0, 'Protection': 0, 'irr': 0, 'irrigation': 0, 'dam': 0, 'Nallah': 0, 'nala': 0, 'Retrofitting': 0, 'Pond': 0, 'Pokhari': 0, 'D/C': 0, 'Recharge shaft': 0, 'LFB': 0, 'RFB': 0}","{'Floodlight': 0, 'Flood Light': 0, 'GAS': 0, 'FIFA': 0, 'pipe': 0, 'pipes': 0, 'covid': 0, 'supply': 0, 'Beautification': 0, 'Installation': 0}",,,False,False,Others
68811,TENDER NIT NO-10/2024-25/GAYA,"Construction of 13 Nos.125mm/115mm x 60m deep drilled T/W and 10 nos  125 x 45 M deep gravel packed T/W with I.M.-II Handpump with Platform, Drain & 23 Nos.Soakpit due to  Water Scarce area under P.H. Division, Gaya for the Year 2024-25 under Natural Disaster (Drought) Head.","Construction of 13 Nos.125mm/115mm x 60m deep drilled T/W and 10 nos  125 x 45 M deep gravel packed T/W with I.M.-II Handpump with Platform, Drain & 23 Nos.Soakpit due to  Water Scarce area under P.H. Division, Gaya for the Year 2024-25 under Natural Disaster (Drought) Head.",2527450.0,INR,INR,2024-08-22 09:40:18+00:00,2024-08-22T09:01:55.306000+00:00,2024-09-12T06:56:46+00:00,ABHISHANT RAJ,EXECUTIVE ENGINEER,PH DIVISION GAYA,MAA AMBE NIWAS NEAR VC RESIDENCE GAYA,MANOJ KUMAR,Chief Engineer Patna Zone,Chief Engineer,50600.0,5000.0,590.0,True,"{'Flood': 0, 'Embankment': 0, 'embkt': 0, 'Relief': 0, 'Erosion': 0, 'SDRF': 0, 'Inundation': 0, 'Hydrology': 0, 'Silt': 0, 'Siltation': 0, 'Bund': 0, 'Trench': 0, 'Breach': 0, 'Culvert': 0, 'Sluice': 0, 'Dyke': 0, 'Storm water drain': 0, 'Emergency': 0, 'Immediate': 0, 'IM': 0, 'AE': 0, 'A E': 0, 'AAPDA MITRA': 0, 'Bridge': 0, 'River': 0, 'Drain': 2, 'Restoration': 0, 'Protection': 0, 'irr': 0, 'irrigation': 0, 'dam': 0, 'Nallah': 0, 'nala': 0, 'Retrofitting': 0, 'Pond': 0, 'Pokhari': 0, 'D/C': 0, 'Recharge shaft': 0, 'LFB': 0, 'RFB': 0}","{'Floodlight': 0, 'Flood Light': 0, 'GAS': 0, 'FIFA': 0, 'pipe': 0, 'pipes': 0, 'covid': 0, 'supply': 0, 'Beautification': 0, 'Installation': 0}",,,False,True,Immediate Measures
68805,NIT-11/2024-25  Hand Pump,"Construction of (10 nos) 125mm X 40mm dia X 61 meter deep hand operated T/well  (India Mark II Hand Pump) with Platform, drain and soak pits  at  water scarce places during Summer season due to low down of water table in the district East Champaran under P. H. Division, Dhaka for the year 2024-25","Construction of (10 nos) 125mm X 40mm dia X 61 meter deep hand operated T/well  (India Mark II Hand Pump) with Platform, drain and soak pits  at  water scarce places during Summer season due to low down of water table in the district East Champaran under P. H. Division, Dhaka for the year 2024-25",932830.0,INR,INR,2024-08-22 09:15:17+00:00,2024-08-22T08:26:53.383000+00:00,2024-09-05T07:56:15+00:00,Anjani Kumar,EXECUVIT ENGINNER,Dhaka Division,Bairginiya Dhaka,"SUPERINTENDING ENGINEER, MOTIHARI",SUPERINTENDING ENGINEER (SE),"P.H. CIRCLE, MOTIHARI",18660.0,1250.0,590.0,True,"{'Flood': 0, 'Embankment': 0, 'embkt': 0, 'Relief': 0, 'Erosion': 0, 'SDRF': 0, 'Inundation': 0, 'Hydrology': 0, 'Silt': 0, 'Siltation': 0, 'Bund': 0, 'Trench': 0, 'Breach': 0, 'Culvert': 0, 'Sluice': 0, 'Dyke': 0, 'Storm water drain': 0, 'Emergency': 0, 'Immediate': 0, 'IM': 0, 'AE': 0, 'A E': 0, 'AAPDA MITRA': 0, 'Bridge': 0, 'River': 0, 'Drain': 2, 'Restoration': 0, 'Protection': 0, 'irr': 0, 'irrigation': 0, 'dam': 0, 'Nallah': 0, 'nala': 0, 'Retrofitting': 0, 'Pond': 0, 'Pokhari': 0, 'D/C': 0, 'Recharge shaft': 0, 'LFB': 0, 'RFB': 0}","{'Floodlight': 0, 'Flood Light': 0, 'GAS': 0, 'FIFA': 0, 'pipe': 0, 'pipes': 0, 'covid': 0, 'supply': 0, 'Beautification': 0, 'Installation': 0}",,,False,True,Others
68846,NIT-01/2024/25-01,"Construction of  Nala Ward-01 Near Shyam das House to Parmod das house , Das tola, NP- Haveli Kharagpur,  Dist-Munger.","Construction of  Nala Ward-01 Near Shyam das House to Parmod das house , Das tola, NP- Haveli Kharagpur,  Dist-Munger.",1302159.0,INR,INR,2024-08-22 13:38:50+00:00,2024-08-22T13:33:50.561000+00:00,2025-01-10T08:21:58+00:00,VISHAL MOHAN,EXECUTIVE OFFICER,NAGAR PARISHAD HAVELI KHARAGPUR,OFFICE NAGAR PARISHAD HAVELI KHARAGPUR,VISHAL MOHAN,EXECUTIVE OFFICER,NAGAR PARISHAD HAVELI KHARAGPUR,26400.0,2500.0,590.0,True,"{'Flood': 0, 'Embankment': 0, 'embkt': 0, 'Relief': 0, 'Erosion': 0, 'SDRF': 0, 'Inundation': 0, 'Hydrology': 0, 'Silt': 0, 'Siltation': 0, 'Bund': 0, 'Trench': 0, 'Breach': 0, 'Culvert': 0, 'Sluice': 0, 'Dyke': 0, 'Storm water drain': 0, 'Emergency': 0, 'Immediate': 0, 'IM': 0, 'AE': 0, 'A E': 0, 'AAPDA MITRA': 0, 'Bridge': 0, 'River': 0, 'Drain': 0, 'Restoration': 0, 'Protection': 0, 'irr': 0, 'irrigation': 0, 'dam': 0, 'Nallah': 0, 'nala': 2, 'Retrofitting': 0, 'Pond': 0, 'Pokhari': 0, 'D/C': 0, 'Recharge shaft': 0, 'LFB': 0, 'RFB': 0}","{'Floodlight': 0, 'Flood Light': 0, 'GAS': 0, 'FIFA': 0, 'pipe': 0, 'pipes': 0, 'covid': 0, 'supply': 0, 'Beautification': 0, 'Installation': 0}",,,False,False,Others
68844,02/SBD/BCD/PURNEA/2024-25/GR-7,"CONSTRUCTION OF PANCHAYAT SARKAR BHAWAN (FLOOD AREA) AT AURAHI, BARHARA KOTHI BLOCK, PURNIA DISTRICT (ONE UNIT) FOR THE YEAR - 2023-24.","CONSTRUCTION OF PANCHAYAT SARKAR BHAWAN (FLOOD AREA) AT AURAHI, BARHARA KOTHI BLOCK, PURNIA DISTRICT (ONE UNIT) FOR THE YEAR - 2023-24.",29433850.0,INR,INR,2024-08-22 12:47:12+00:00,2024-08-22T12:40:30.959000+00:00,2024-09-09T04:43:13+00:00,"Executive Engineer, BUILDING DIVISION PURNEA",EE,BUILDING DIVISION PURNEA,"EE, BUILDING DIVISION PURNEA, BCD, PURNEA, BIHAR","Superintending Engineer, Purnea Circle",SE,Purnea Circle,588700.0,10000.0,3540.0,True,"{'Flood': 2, 'Embankment': 0, 'embkt': 0, 'Relief': 0, 'Erosion': 0, 'SDRF': 0, 'Inundation': 0, 'Hydrology': 0, 'Silt': 0, 'Siltation': 0, 'Bund': 0, 'Trench': 0, 'Breach': 0, 'Culvert': 0, 'Sluice': 0, 'Dyke': 0, 'Storm water drain': 0, 'Emergency': 0, 'Immediate': 0, 'IM': 0, 'AE': 0, 'A E': 0, 'AAPDA MITRA': 0, 'Bridge': 0, 'River': 0, 'Drain': 0, 'Restoration': 0, 'Protection': 0, 'irr': 0, 'irrigation': 0, 'dam': 0, 'Nallah': 0, 'nala': 0, 'Retrofitting': 0, 'Pond': 0, 'Pokhari': 0, 'D/C': 0, 'Recharge shaft': 0, 'LFB': 0, 'RFB': 0}","{'Floodlight': 0, 'Flood Light': 0, 'GAS': 0, 'FIFA': 0, 'pipe': 0, 'pipes': 0, 'covid': 0, 'supply': 0, 'Beautification': 0, 'Installation': 0}",,,False,False,Immediate Measures
68850,NIT-01/2024/25-06,"Construction of Road &  Nala  at ward no.-6 From  Shankar  Mishra House To Mso. Reshma Devi  House NP- Haveli Kharagpur,  Dist-Munger.","Construction of Road &  Nala  at ward no.-6 From  Shankar  Mishra House To Mso. Reshma Devi  House NP- Haveli Kharagpur,  Dist-Munger.",813872.0,INR,INR,2024-08-23 09:15:47+00:00,2024-08-22T13:41:41.596000+00:00,2025-01-10T11:04:15+00:00,VISHAL MOHAN,EXECUTIVE OFFICER,NAGAR PARISHAD HAVELI KHARAGPUR,OFFICE NAGAR PARISHAD HAVELI KHARAGPUR,VISHAL MOHAN,EXECUTIVE OFFICER,NAGAR PARISHAD HAVELI KHARAGPUR,16500.0,1250.0,590.0,True,"{'Flood': 0, 'Embankment': 0, 'embkt': 0, 'Relief': 0, 'Erosion': 0, 'SDRF': 0, 'Inundation': 0, 'Hydrology': 0, 'Silt': 0, 'Siltation': 0, 'Bund': 0, 'Trench': 0, 'Breach': 0, 'Culvert': 0, 'Sluice': 0, 'Dyke': 0, 'Storm water drain': 0, 'Emergency': 0, 'Immediate': 0, 'IM': 0, 'AE': 0, 'A E': 0, 'AAPDA MITRA': 0, 'Bridge': 0, 'River': 0, 'Drain': 0, 'Restoration': 0, 'Protection': 0, 'irr': 0, 'irrigation': 0, 'dam': 0, 'Nallah': 0, 'nala': 2, 'Retrofitting': 0, 'Pond': 0, 'Pokhari': 0, 'D/C': 0, 'Recharge shaft': 0, 'LFB': 0, 'RFB': 0}","{'Floodlight': 0, 'Flood Light': 0, 'GAS': 0, 'FIFA': 0, 'pipe': 0, 'pipes': 0, 'covid': 0, 'supply': 0, 'Beautification': 0, 'Installation': 0}",,,False,True,Others
68847,NIT-01/2024/25-03,"Construction of Road &  Nala  at ward no.-3 From  Mantu Rajak house to Mani Nadi NP- Haveli Kharagpur,  Dist-Munger.","Construction of Road &  Nala  at ward no.-3 From  Mantu Rajak house to Mani Nadi NP- Haveli Kharagpur,  Dist-Munger.",2473411.0,INR,INR,2024-08-23 08:53:59+00:00,2024-08-22T13:39:18.990000+00:00,2025-01-07T06:07:12+00:00,VISHAL MOHAN,EXECUTIVE OFFICER,NAGAR PARISHAD HAVELI KHARAGPUR,OFFICE NAGAR PARISHAD HAVELI KHARAGPUR,VISHAL MOHAN,EXECUTIVE OFFICER,NAGAR PARISHAD HAVELI KHARAGPUR,50000.0,5000.0,590.0,True,"{'Flood': 0, 'Embankment': 0, 'embkt': 0, 'Relief': 0, 'Erosion': 0, 'SDRF': 0, 'Inundation': 0, 'Hydrology': 0, 'Silt': 0, 'Siltation': 0, 'Bund': 0, 'Trench': 0, 'Breach': 0, 'Culvert': 0, 'Sluice': 0, 'Dyke': 0, 'Storm water drain': 0, 'Emergency': 0, 'Immediate': 0, 'IM': 0, 'AE': 0, 'A E': 0, 'AAPDA MITRA': 0, 'Bridge': 0, 'River': 0, 'Drain': 0, 'Restoration': 0, 'Protection': 0, 'irr': 0, 'irrigation': 0, 'dam': 0, 'Nallah': 0, 'nala': 2, 'Retrofitting': 0, 'Pond': 0, 'Pokhari': 0, 'D/C': 0, 'Recharge shaft': 0, 'LFB': 0, 'RFB': 0}","{'Floodlight': 0, 'Flood Light': 0, 'GAS': 0, 'FIFA': 0, 'pipe': 0, 'pipes': 0, 'covid': 0, 'supply': 0, 'Beautification': 0, 'Installation': 0}",,,False,True,Others
68848,NIT-01/2024/25-04,"Construction of Road &  Nala  at ward no.-4 From Ranjit Mandal House to Bisho Mandal House NP- Haveli Kharagpur,  Dist-Munger.","Construction of Road &  Nala  at ward no.-4 From Ranjit Mandal House to Bisho Mandal House NP- Haveli Kharagpur,  Dist-Munger.",1136521.0,INR,INR,2024-08-23 09:00:13+00:00,2024-08-22T13:41:10.270000+00:00,2024-09-04T09:33:01+00:00,VISHAL MOHAN,EXECUTIVE OFFICER,NAGAR PARISHAD HAVELI KHARAGPUR,OFFICE NAGAR PARISHAD HAVELI KHARAGPUR,VISHAL MOHAN,EXECUTIVE OFFICER,NAGAR PARISHAD HAVELI KHARAGPUR,23000.0,2500.0,590.0,True,"{'Flood': 0, 'Embankment': 0, 'embkt': 0, 'Relief': 0, 'Erosion': 0, 'SDRF': 0, 'Inundation': 0, 'Hydrology': 0, 'Silt': 0, 'Siltation': 0, 'Bund': 0, 'Trench': 0, 'Breach': 0, 'Culvert': 0, 'Sluice': 0, 'Dyke': 0, 'Storm water drain': 0, 'Emergency': 0, 'Immediate': 0, 'IM': 0, 'AE': 0, 'A E': 0, 'AAPDA MITRA': 0, 'Bridge': 0, 'River': 0, 'Drain': 0, 'Restoration': 0, 'Protection': 0, 'irr': 0, 'irrigation': 0, 'dam': 0, 'Nallah': 0, 'nala': 2, 'Retrofitting': 0, 'Pond': 0, 'Pokhari': 0, 'D/C': 0, 'Recharge shaft': 0, 'LFB': 0, 'RFB': 0}","{'Floodlight': 0, 'Flood Light': 0, 'GAS': 0, 'FIFA': 0, 'pipe': 0, 'pipes': 0, 'covid': 0, 'supply': 0, 'Beautification': 0, 'Installation': 0}",,,False,True,Others
68849,NIT-01/2024/25-05,"Construction of Road &  Nala  at ward no.-5 From Devan mandal Basha to Pardeep mandal via Snil mandal Basha NP- Haveli Kharagpur,  Dist-Munger.","Construction of Road &  Nala  at ward no.-5 From Devan mandal Basha to Pardeep mandal via Snil mandal Basha NP- Haveli Kharagpur,  Dist-Munger.",2501100.0,INR,INR,2024-08-23 09:07:01+00:00,2024-08-22T13:41:29.012000+00:00,2025-01-02T11:11:24+00:00,VISHAL MOHAN,EXECUTIVE OFFICER,NAGAR PARISHAD HAVELI KHARAGPUR,OFFICE NAGAR PARISHAD HAVELI KHARAGPUR,VISHAL MOHAN,EXECUTIVE OFFICER,NAGAR PARISHAD HAVELI KHARAGPUR,50600.0,5000.0,590.0,True,"{'Flood': 0, 'Embankment': 0, 'embkt': 0, 'Relief': 0, 'Erosion': 0, 'SDRF': 0, 'Inundation': 0, 'Hydrology': 0, 'Silt': 0, 'Siltation': 0, 'Bund': 0, 'Trench': 0, 'Breach': 0, 'Culvert': 0, 'Sluice': 0, 'Dyke': 0, 'Storm water drain': 0, 'Emergency': 0, 'Immediate': 0, 'IM': 0, 'AE': 0, 'A E': 0, 'AAPDA MITRA': 0, 'Bridge': 0, 'River': 0, 'Drain': 0, 'Restoration': 0, 'Protection': 0, 'irr': 0, 'irrigation': 0, 'dam': 0, 'Nallah': 0, 'nala': 2, 'Retrofitting': 0, 'Pond': 0, 'Pokhari': 0, 'D/C': 0, 'Recharge shaft': 0, 'LFB': 0, 'RFB': 0}","{'Floodlight': 0, 'Flood Light': 0, 'GAS': 0, 'FIFA': 0, 'pipe': 0, 'pipes': 0, 'covid': 0, 'supply': 0, 'Beautification': 0, 'Installation': 0}",,,False,True,Others
68845,NIT-01/2024/25,"Construction of  Nala Ward-2 Near   Ishri tanti  House to I B Main Road  NP- Haveli Kharagpur,  Dist-Munger.","Construction of  Nala Ward-2 Near   Ishri tanti  House to I B Main Road  NP- Haveli Kharagpur,  Dist-Munger.",1853011.0,INR,INR,2024-08-22 13:33:08+00:00,2024-08-22T12:55:08.409000+00:00,2025-01-10T11:15:37+00:00,VISHAL MOHAN,EXECUTIVE OFFICER,NAGAR PARISHAD HAVELI KHARAGPUR,OFFICE NAGAR PARISHAD HAVELI KHARAGPUR,VISHAL MOHAN,EXECUTIVE OFFICER,NAGAR PARISHAD HAVELI KHARAGPUR,37500.0,5000.0,590.0,True,"{'Flood': 0, 'Embankment': 0, 'embkt': 0, 'Relief': 0, 'Erosion': 0, 'SDRF': 0, 'Inundation': 0, 'Hydrology': 0, 'Silt': 0, 'Siltation': 0, 'Bund': 0, 'Trench': 0, 'Breach': 0, 'Culvert': 0, 'Sluice': 0, 'Dyke': 0, 'Storm water drain': 0, 'Emergency': 0, 'Immediate': 0, 'IM': 0, 'AE': 0, 'A E': 0, 'AAPDA MITRA': 0, 'Bridge': 0, 'River': 0, 'Drain': 0, 'Restoration': 0, 'Protection': 0, 'irr': 0, 'irrigation': 0, 'dam': 0, 'Nallah': 0, 'nala': 2, 'Retrofitting': 0, 'Pond': 0, 'Pokhari': 0, 'D/C': 0, 'Recharge shaft': 0, 'LFB': 0, 'RFB': 0}","{'Floodlight': 0, 'Flood Light': 0, 'GAS': 0, 'FIFA': 0, 'pipe': 0, 'pipes': 0, 'covid': 0, 'supply': 0, 'Beautification': 0, 'Installation': 0}",,,False,True,Others
68864,RE NIT 02/2024-25/ID GAYA,"CONSTRUCTION OF C.D. (SUPER PASSAGE) AT CH. 32.80 (KM 1.00) IN LOWER MOHRAR MAIN CANAL UNDER IRRIGATION DIVISION, GAYA.","CONSTRUCTION OF C.D. (SUPER PASSAGE) AT CH. 32.80 (KM 1.00) IN LOWER MOHRAR MAIN CANAL UNDER IRRIGATION DIVISION, GAYA.",18703850.0,INR,INR,2024-08-23 04:34:54+00:00,2024-08-23T04:16:45.361000+00:00,2024-09-05T11:18:07+00:00,VIKASH KUMAR,EE,WATER RESOURCES DEPARTMENT,"IRRIGATION DIVISION, GAYA",RANA RANJEET SINGH,SE,WATER RESOURCES DEPARTMENT,374100.0,10000.0,3540.0,True,"{'Flood': 0, 'Embankment': 0, 'embkt': 0, 'Relief': 0, 'Erosion': 0, 'SDRF': 0, 'Inundation': 0, 'Hydrology': 0, 'Silt': 0, 'Siltation': 0, 'Bund': 0, 'Trench': 0, 'Breach': 0, 'Culvert': 0, 'Sluice': 0, 'Dyke': 0, 'Storm water drain': 0, 'Emergency': 0, 'Immediate': 0, 'IM': 0, 'AE': 0, 'A E': 0, 'AAPDA MITRA': 0, 'Bridge': 0, 'River': 0, 'Drain': 0, 'Restoration': 0, 'Protection': 0, 'irr': 0, 'irrigation': 2, 'dam': 0, 'Nallah': 0, 'nala': 0, 'Retrofitting': 0, 'Pond': 0, 'Pokhari': 0, 'D/C': 0, 'Recharge shaft': 0, 'LFB': 0, 'RFB': 0}","{'Floodlight': 0, 'Flood Light': 0, 'GAS': 0, 'FIFA': 0, 'pipe': 0, 'pipes': 0, 'covid': 0, 'supply': 0, 'Beautification': 0, 'Installation': 0}",,,False,False,Others
68873,NP HILSA NIT03/2024-25,WARD NO-16 ME THANA KE PICHHE AVASTHIT TALAB KE CHARON TARAF RCC NALA NIRMAN KARY,WARD NO-16 ME THANA KE PICHHE AVASTHIT TALAB KE CHARON TARAF RCC NALA NIRMAN KARY,4849354.0,INR,INR,2024-08-23 07:21:32+00:00,2024-08-23T07:09:22.560000+00:00,2025-06-09T11:34:34+00:00,KAPIKDEO KUMAR,EXECUTIVE OFFICER,NAGAR PARISHAD HILSA,STATION ROAD HILSA,KAPILDEO KUMAR,EXECUTIVE OFFICER,NAGAR PARISHAD HILSA,97000.0,5000.0,590.0,True,"{'Flood': 0, 'Embankment': 0, 'embkt': 0, 'Relief': 0, 'Erosion': 0, 'SDRF': 0, 'Inundation': 0, 'Hydrology': 0, 'Silt': 0, 'Siltation': 0, 'Bund': 0, 'Trench': 0, 'Breach': 0, 'Culvert': 0, 'Sluice': 0, 'Dyke': 0, 'Storm water drain': 0, 'Emergency': 0, 'Immediate': 0, 'IM': 0, 'AE': 0, 'A E': 0, 'AAPDA MITRA': 0, 'Bridge': 0, 'River': 0, 'Drain': 0, 'Restoration': 0, 'Protection': 0, 'irr': 0, 'irrigation': 0, 'dam': 0, 'Nallah': 0, 'nala': 2, 'Retrofitting': 0, 'Pond': 0, 'Pokhari': 0, 'D/C': 0, 'Recharge shaft': 0, 'LFB': 0, 'RFB': 0}","{'Floodlight': 0, 'Flood Light': 0, 'GAS': 0, 'FIFA': 0, 'pipe': 0, 'pipes': 0, 'covid': 0, 'supply': 0, 'Beautification': 0, 'Installation': 0}",,,False,False,Others
68880,NIT-01/2024/25-07,"Construction of Road &  Nala  at ward no.-6 From Saryug sah House To Santosh Sah House NP- Haveli Kharagpur,  Dist-Munger.","Construction of Road &  Nala  at ward no.-6 From Saryug sah House To Santosh Sah House NP- Haveli Kharagpur,  Dist-Munger.",521725.0,INR,INR,2024-08-23 09:34:28+00:00,2024-08-23T09:17:52.887000+00:00,2025-01-10T11:27:27+00:00,VISHAL MOHAN,EXECUTIVE OFFICER,NAGAR PARISHAD HAVELI KHARAGPUR,OFFICE NAGAR PARISHAD HAVELI KHARAGPUR,VISHAL MOHAN,EXECUTIVE OFFICER,NAGAR PARISHAD HAVELI KHARAGPUR,10600.0,1250.0,590.0,True,"{'Flood': 0, 'Embankment': 0, 'embkt': 0, 'Relief': 0, 'Erosion': 0, 'SDRF': 0, 'Inundation': 0, 'Hydrology': 0, 'Silt': 0, 'Siltation': 0, 'Bund': 0, 'Trench': 0, 'Breach': 0, 'Culvert': 0, 'Sluice': 0, 'Dyke': 0, 'Storm water drain': 0, 'Emergency': 0, 'Immediate': 0, 'IM': 0, 'AE': 0, 'A E': 0, 'AAPDA MITRA': 0, 'Bridge': 0, 'River': 0, 'Drain': 0, 'Restoration': 0, 'Protection': 0, 'irr': 0, 'irrigation': 0, 'dam': 0, 'Nallah': 0, 'nala': 2, 'Retrofitting': 0, 'Pond': 0, 'Pokhari': 0, 'D/C': 0, 'Recharge shaft': 0, 'LFB': 0, 'RFB': 0}","{'Floodlight': 0, 'Flood Light': 0, 'GAS': 0, 'FIFA': 0, 'pipe': 0, 'pipes': 0, 'covid': 0, 'supply': 0, 'Beautification': 0, 'Installation': 0}",,,False,True,Others
68883,NIT-01/2024/25-10,"Construction of  Nala Ward-9 Near Shankar Kevat House to Pream chaudhary house NP- Haveli Kharagpur,  Dist-Munger.","Construction of  Nala Ward-9 Near Shankar Kevat House to Pream chaudhary house NP- Haveli Kharagpur,  Dist-Munger.",470518.0,INR,INR,2024-08-23 10:44:19+00:00,2024-08-23T09:19:04.746000+00:00,2025-03-05T06:21:47+00:00,VISHAL MOHAN,EXECUTIVE OFFICER,NAGAR PARISHAD HAVELI KHARAGPUR,OFFICE NAGAR PARISHAD HAVELI KHARAGPUR,VISHAL MOHAN,EXECUTIVE OFFICER,NAGAR PARISHAD HAVELI KHARAGPUR,9600.0,750.0,590.0,True,"{'Flood': 0, 'Embankment': 0, 'embkt': 0, 'Relief': 0, 'Erosion': 0, 'SDRF': 0, 'Inundation': 0, 'Hydrology': 0, 'Silt': 0, 'Siltation': 0, 'Bund': 0, 'Trench': 0, 'Breach': 0, 'Culvert': 0, 'Sluice': 0, 'Dyke': 0, 'Storm water drain': 0, 'Emergency': 0, 'Immediate': 0, 'IM': 0, 'AE': 0, 'A E': 0, 'AAPDA MITRA': 0, 'Bridge': 0, 'River': 0, 'Drain': 0, 'Restoration': 0, 'Protection': 0, 'irr': 0, 'irrigation': 0, 'dam': 0, 'Nallah': 0, 'nala': 2, 'Retrofitting': 0, 'Pond': 0, 'Pokhari': 0, 'D/C': 0, 'Recharge shaft': 0, 'LFB': 0, 'RFB': 0}","{'Floodlight': 0, 'Flood Light': 0, 'GAS': 0, 'FIFA': 0, 'pipe': 0, 'pipes': 0, 'covid': 0, 'supply': 0, 'Beautification': 0, 'Installation': 0}",,,False,False,Others
68881,NIT-01/2024/25-08,"Construction of Road &  Nala  at ward no.-7 From  Bahadur Mandal house to Main road House NP- Haveli Kharagpur,  Dist-Munger.","Construction of Road &  Nala  at ward no.-7 From  Bahadur Mandal house to Main road House NP- Haveli Kharagpur,  Dist-Munger.",989538.0,INR,INR,2024-08-23 09:40:30+00:00,2024-08-23T09:18:18.075000+00:00,2025-08-14T12:55:36+00:00,VISHAL MOHAN,EXECUTIVE OFFICER,NAGAR PARISHAD HAVELI KHARAGPUR,OFFICE NAGAR PARISHAD HAVELI KHARAGPUR,VISHAL MOHAN,EXECUTIVE OFFICER,NAGAR PARISHAD HAVELI KHARAGPUR,20000.0,1250.0,590.0,True,"{'Flood': 0, 'Embankment': 0, 'embkt': 0, 'Relief': 0, 'Erosion': 0, 'SDRF': 0, 'Inundation': 0, 'Hydrology': 0, 'Silt': 0, 'Siltation': 0, 'Bund': 0, 'Trench': 0, 'Breach': 0, 'Culvert': 0, 'Sluice': 0, 'Dyke': 0, 'Storm water drain': 0, 'Emergency': 0, 'Immediate': 0, 'IM': 0, 'AE': 0, 'A E': 0, 'AAPDA MITRA': 0, 'Bridge': 0, 'River': 0, 'Drain': 0, 'Restoration': 0, 'Protection': 0, 'irr': 0, 'irrigation': 0, 'dam': 0, 'Nallah': 0, 'nala': 2, 'Retrofitting': 0, 'Pond': 0, 'Pokhari': 0, 'D/C': 0, 'Recharge shaft': 0, 'LFB': 0, 'RFB': 0}","{'Floodlight': 0, 'Flood Light': 0, 'GAS': 0, 'FIFA': 0, 'pipe': 0, 'pipes': 0, 'covid': 0, 'supply': 0, 'Beautification': 0, 'Installation': 0}",,,False,True,Others
68885,NIT-01/2024/25-12,"Construction of Road ,Nala & Wall Md. Shamsher House to Ofser House to Matkhodwa Via Natho House at ward no. - 11   , NP, Haveli Kharagpur,  Dist-Munger.","Construction of Road ,Nala & Wall Md. Shamsher House to Ofser House to Matkhodwa Via Natho House at ward no. - 11   , NP, Haveli Kharagpur,  Dist-Munger.",2466317.0,INR,INR,2024-08-23 11:01:01+00:00,2024-08-23T09:19:47.384000+00:00,2025-01-10T08:06:16+00:00,VISHAL MOHAN,EXECUTIVE OFFICER,NAGAR PARISHAD HAVELI KHARAGPUR,OFFICE NAGAR PARISHAD HAVELI KHARAGPUR,VISHAL MOHAN,EXECUTIVE OFFICER,NAGAR PARISHAD HAVELI KHARAGPUR,49900.0,5000.0,590.0,True,"{'Flood': 0, 'Embankment': 0, 'embkt': 0, 'Relief': 0, 'Erosion': 0, 'SDRF': 0, 'Inundation': 0, 'Hydrology': 0, 'Silt': 0, 'Siltation': 0, 'Bund': 0, 'Trench': 0, 'Breach': 0, 'Culvert': 0, 'Sluice': 0, 'Dyke': 0, 'Storm water drain': 0, 'Emergency': 0, 'Immediate': 0, 'IM': 0, 'AE': 0, 'A E': 0, 'AAPDA MITRA': 0, 'Bridge': 0, 'River': 0, 'Drain': 0, 'Restoration': 0, 'Protection': 0, 'irr': 0, 'irrigation': 0, 'dam': 0, 'Nallah': 0, 'nala': 2, 'Retrofitting': 0, 'Pond': 0, 'Pokhari': 0, 'D/C': 0, 'Recharge shaft': 0, 'LFB': 0, 'RFB': 0}","{'Floodlight': 0, 'Flood Light': 0, 'GAS': 0, 'FIFA': 0, 'pipe': 0, 'pipes': 0, 'covid': 0, 'supply': 0, 'Beautification': 0, 'Installation': 0}",,,False,True,Others
68886,NIT-01/2024/25-13,"Construction of  Nala Ward-12 Near Neymkhan (Sahu Thakurbari Chowk)  to Gyatri Mandir NP- Haveli Kharagpur,  Dist-Munger.","Construction of  Nala Ward-12 Near Neymkhan (Sahu Thakurbari Chowk)  to Gyatri Mandir NP- Haveli Kharagpur,  Dist-Munger.",1718029.0,INR,INR,2024-08-23 11:12:06+00:00,2024-08-23T09:20:06.587000+00:00,2025-01-10T11:50:29+00:00,VISHAL MOHAN,EXECUTIVE OFFICER,NAGAR PARISHAD HAVELI KHARAGPUR,OFFICE NAGAR PARISHAD HAVELI KHARAGPUR,VISHAL MOHAN,EXECUTIVE OFFICER,NAGAR PARISHAD HAVELI KHARAGPUR,34800.0,5000.0,590.0,True,"{'Flood': 0, 'Embankment': 0, 'embkt': 0, 'Relief': 0, 'Erosion': 0, 'SDRF': 0, 'Inundation': 0, 'Hydrology': 0, 'Silt': 0, 'Siltation': 0, 'Bund': 0, 'Trench': 0, 'Breach': 0, 'Culvert': 0, 'Sluice': 0, 'Dyke': 0, 'Storm water drain': 0, 'Emergency': 0, 'Immediate': 0, 'IM': 0, 'AE': 0, 'A E': 0, 'AAPDA MITRA': 0, 'Bridge': 0, 'River': 0, 'Drain': 0, 'Restoration': 0, 'Protection': 0, 'irr': 0, 'irrigation': 0, 'dam': 0, 'Nallah': 0, 'nala': 2, 'Retrofitting': 0, 'Pond': 0, 'Pokhari': 0, 'D/C': 0, 'Recharge shaft': 0, 'LFB': 0, 'RFB': 0}","{'Floodlight': 0, 'Flood Light': 0, 'GAS': 0, 'FIFA': 0, 'pipe': 0, 'pipes': 0, 'covid': 0, 'supply': 0, 'Beautification': 0, 'Installation': 0}",,,False,False,Others
68884,NIT-01/2024/25-11,"Construction of Road &  Nala  at ward no. - 10 Md Samim Khan house to Lakhan Mandal & Madrasha to Baridurga Asthan , NP, Haveli Kharagpur,  Dist-Munger.","Construction of Road &  Nala  at ward no. - 10 Md Samim Khan house to Lakhan Mandal & Madrasha to Baridurga Asthan , NP, Haveli Kharagpur,  Dist-Munger.",1575757.0,INR,INR,2024-08-23 10:51:39+00:00,2024-08-23T09:19:27.106000+00:00,2025-03-06T12:16:07+00:00,VISHAL MOHAN,EXECUTIVE OFFICER,NAGAR PARISHAD HAVELI KHARAGPUR,OFFICE NAGAR PARISHAD HAVELI KHARAGPUR,VISHAL MOHAN,EXECUTIVE OFFICER,NAGAR PARISHAD HAVELI KHARAGPUR,31900.0,5000.0,590.0,True,"{'Flood': 0, 'Embankment': 0, 'embkt': 0, 'Relief': 0, 'Erosion': 0, 'SDRF': 0, 'Inundation': 0, 'Hydrology': 0, 'Silt': 0, 'Siltation': 0, 'Bund': 0, 'Trench': 0, 'Breach': 0, 'Culvert': 0, 'Sluice': 0, 'Dyke': 0, 'Storm water drain': 0, 'Emergency': 0, 'Immediate': 0, 'IM': 0, 'AE': 0, 'A E': 0, 'AAPDA MITRA': 0, 'Bridge': 0, 'River': 0, 'Drain': 0, 'Restoration': 0, 'Protection': 0, 'irr': 0, 'irrigation': 0, 'dam': 0, 'Nallah': 0, 'nala': 2, 'Retrofitting': 0, 'Pond': 0, 'Pokhari': 0, 'D/C': 0, 'Recharge shaft': 0, 'LFB': 0, 'RFB': 0}","{'Floodlight': 0, 'Flood Light': 0, 'GAS': 0, 'FIFA': 0, 'pipe': 0, 'pipes': 0, 'covid': 0, 'supply': 0, 'Beautification': 0, 'Installation': 0}",,,False,True,Immediate Measures
68891,NIT-01/2024/25-18,"Construction of Road &  Nala  at ward no. - 16 From Sabra House to Nanhe House , NP, Haveli Kharagpur,  Dist-Munger.","Construction of Road &  Nala  at ward no. - 16 From Sabra House to Nanhe House , NP, Haveli Kharagpur,  Dist-Munger.",921088.0,INR,INR,2024-08-23 12:03:41+00:00,2024-08-23T09:21:37.411000+00:00,2025-03-07T06:46:16+00:00,VISHAL MOHAN,EXECUTIVE OFFICER,NAGAR PARISHAD HAVELI KHARAGPUR,OFFICE NAGAR PARISHAD HAVELI KHARAGPUR,VISHAL MOHAN,EXECUTIVE OFFICER,NAGAR PARISHAD HAVELI KHARAGPUR,18700.0,1250.0,590.0,True,"{'Flood': 0, 'Embankment': 0, 'embkt': 0, 'Relief': 0, 'Erosion': 0, 'SDRF': 0, 'Inundation': 0, 'Hydrology': 0, 'Silt': 0, 'Siltation': 0, 'Bund': 0, 'Trench': 0, 'Breach': 0, 'Culvert': 0, 'Sluice': 0, 'Dyke': 0, 'Storm water drain': 0, 'Emergency': 0, 'Immediate': 0, 'IM': 0, 'AE': 0, 'A E': 0, 'AAPDA MITRA': 0, 'Bridge': 0, 'River': 0, 'Drain': 0, 'Restoration': 0, 'Protection': 0, 'irr': 0, 'irrigation': 0, 'dam': 0, 'Nallah': 0, 'nala': 2, 'Retrofitting': 0, 'Pond': 0, 'Pokhari': 0, 'D/C': 0, 'Recharge shaft': 0, 'LFB': 0, 'RFB': 0}","{'Floodlight': 0, 'Flood Light': 0, 'GAS': 0, 'FIFA': 0, 'pipe': 0, 'pipes': 0, 'covid': 0, 'supply': 0, 'Beautification': 0, 'Installation': 0}",,,False,True,Others
68894,NIT-01/2024/25-21,"Construction of Road &  Nala  at ward no.-19 From Rajeev Thakur House  to Devu thakur House & Rajesh Mandal House to Guddu sah house NP- Haveli Kharagpur,  Dist-Munger.","Construction of Road &  Nala  at ward no.-19 From Rajeev Thakur House  to Devu thakur House & Rajesh Mandal House to Guddu sah house NP- Haveli Kharagpur,  Dist-Munger.",1511846.0,INR,INR,2024-08-23 12:31:22+00:00,2024-08-23T09:22:46.907000+00:00,2025-01-10T10:55:39+00:00,VISHAL MOHAN,EXECUTIVE OFFICER,NAGAR PARISHAD HAVELI KHARAGPUR,OFFICE NAGAR PARISHAD HAVELI KHARAGPUR,VISHAL MOHAN,EXECUTIVE OFFICER,NAGAR PARISHAD HAVELI KHARAGPUR,30600.0,5000.0,590.0,True,"{'Flood': 0, 'Embankment': 0, 'embkt': 0, 'Relief': 0, 'Erosion': 0, 'SDRF': 0, 'Inundation': 0, 'Hydrology': 0, 'Silt': 0, 'Siltation': 0, 'Bund': 0, 'Trench': 0, 'Breach': 0, 'Culvert': 0, 'Sluice': 0, 'Dyke': 0, 'Storm water drain': 0, 'Emergency': 0, 'Immediate': 0, 'IM': 0, 'AE': 0, 'A E': 0, 'AAPDA MITRA': 0, 'Bridge': 0, 'River': 0, 'Drain': 0, 'Restoration': 0, 'Protection': 0, 'irr': 0, 'irrigation': 0, 'dam': 0, 'Nallah': 0, 'nala': 2, 'Retrofitting': 0, 'Pond': 0, 'Pokhari': 0, 'D/C': 0, 'Recharge shaft': 0, 'LFB': 0, 'RFB': 0}","{'Floodlight': 0, 'Flood Light': 0, 'GAS': 0, 'FIFA': 0, 'pipe': 0, 'pipes': 0, 'covid': 0, 'supply': 0, 'Beautification': 0, 'Installation': 0}",,,False,True,Others
68888,NIT-01/2024/25-15,"Construction of Road &  Nala  at ward no.-14 From Janak Bhavan House To Arun Sah and Mira Mahal House NP- Haveli Kharagpur,  Dist-Munger.","Construction of Road &  Nala  at ward no.-14 From Janak Bhavan House To Arun Sah and Mira Mahal House NP- Haveli Kharagpur,  Dist-Munger.",1574685.0,INR,INR,2024-08-23 11:26:21+00:00,2024-08-23T09:20:43.583000+00:00,2025-03-10T08:10:05+00:00,VISHAL MOHAN,EXECUTIVE OFFICER,NAGAR PARISHAD HAVELI KHARAGPUR,OFFICE NAGAR PARISHAD HAVELI KHARAGPUR,VISHAL MOHAN,EXECUTIVE OFFICER,NAGAR PARISHAD HAVELI KHARAGPUR,31900.0,5000.0,590.0,True,"{'Flood': 0, 'Embankment': 0, 'embkt': 0, 'Relief': 0, 'Erosion': 0, 'SDRF': 0, 'Inundation': 0, 'Hydrology': 0, 'Silt': 0, 'Siltation': 0, 'Bund': 0, 'Trench': 0, 'Breach': 0, 'Culvert': 0, 'Sluice': 0, 'Dyke': 0, 'Storm water drain': 0, 'Emergency': 0, 'Immediate': 0, 'IM': 0, 'AE': 0, 'A E': 0, 'AAPDA MITRA': 0, 'Bridge': 0, 'River': 0, 'Drain': 0, 'Restoration': 0, 'Protection': 0, 'irr': 0, 'irrigation': 0, 'dam': 0, 'Nallah': 0, 'nala': 2, 'Retrofitting': 0, 'Pond': 0, 'Pokhari': 0, 'D/C': 0, 'Recharge shaft': 0, 'LFB': 0, 'RFB': 0}","{'Floodlight': 0, 'Flood Light': 0, 'GAS': 0, 'FIFA': 0, 'pipe': 0, 'pipes': 0, 'covid': 0, 'supply': 0, 'Beautification': 0, 'Installation': 0}",,,False,True,Others
68887,NIT-01/2024/25-14,"Construction of  Nala Ward-13 Near Md. Samsul House to Md. Gulam Rashul House  NP- Haveli Kharagpur,  Dist-Munger.","Construction of  Nala Ward-13 Near Md. Samsul House to Md. Gulam Rashul House  NP- Haveli Kharagpur,  Dist-Munger.",286112.0,INR,INR,2024-08-23 11:19:57+00:00,2024-08-23T09:20:26.120000+00:00,2024-09-06T10:00:50+00:00,VISHAL MOHAN,EXECUTIVE OFFICER,NAGAR PARISHAD HAVELI KHARAGPUR,OFFICE NAGAR PARISHAD HAVELI KHARAGPUR,VISHAL MOHAN,EXECUTIVE OFFICER,NAGAR PARISHAD HAVELI KHARAGPUR,5800.0,750.0,590.0,True,"{'Flood': 0, 'Embankment': 0, 'embkt': 0, 'Relief': 0, 'Erosion': 0, 'SDRF': 0, 'Inundation': 0, 'Hydrology': 0, 'Silt': 0, 'Siltation': 0, 'Bund': 0, 'Trench': 0, 'Breach': 0, 'Culvert': 0, 'Sluice': 0, 'Dyke': 0, 'Storm water drain': 0, 'Emergency': 0, 'Immediate': 0, 'IM': 0, 'AE': 0, 'A E': 0, 'AAPDA MITRA': 0, 'Bridge': 0, 'River': 0, 'Drain': 0, 'Restoration': 0, 'Protection': 0, 'irr': 0, 'irrigation': 0, 'dam': 0, 'Nallah': 0, 'nala': 2, 'Retrofitting': 0, 'Pond': 0, 'Pokhari': 0, 'D/C': 0, 'Recharge shaft': 0, 'LFB': 0, 'RFB': 0}","{'Floodlight': 0, 'Flood Light': 0, 'GAS': 0, 'FIFA': 0, 'pipe': 0, 'pipes': 0, 'covid': 0, 'supply': 0, 'Beautification': 0, 'Installation': 0}",,,False,False,Others
68893,NIT-01/2024/25-20,"Construction of Road &  Nala  at ward no.-18 From Dr. Deepak House to Nahar NP- Haveli Kharagpur,  Dist-Munger.","Construction of Road &  Nala  at ward no.-18 From Dr. Deepak House to Nahar NP- Haveli Kharagpur,  Dist-Munger.",2452614.0,INR,INR,2024-08-23 12:25:52+00:00,2024-08-23T09:22:23.163000+00:00,2025-03-07T06:54:18+00:00,VISHAL MOHAN,EXECUTIVE OFFICER,NAGAR PARISHAD HAVELI KHARAGPUR,OFFICE NAGAR PARISHAD HAVELI KHARAGPUR,VISHAL MOHAN,EXECUTIVE OFFICER,NAGAR PARISHAD HAVELI KHARAGPUR,49600.0,5000.0,590.0,True,"{'Flood': 0, 'Embankment': 0, 'embkt': 0, 'Relief': 0, 'Erosion': 0, 'SDRF': 0, 'Inundation': 0, 'Hydrology': 0, 'Silt': 0, 'Siltation': 0, 'Bund': 0, 'Trench': 0, 'Breach': 0, 'Culvert': 0, 'Sluice': 0, 'Dyke': 0, 'Storm water drain': 0, 'Emergency': 0, 'Immediate': 0, 'IM': 0, 'AE': 0, 'A E': 0, 'AAPDA MITRA': 0, 'Bridge': 0, 'River': 0, 'Drain': 0, 'Restoration': 0, 'Protection': 0, 'irr': 0, 'irrigation': 0, 'dam': 0, 'Nallah': 0, 'nala': 2, 'Retrofitting': 0, 'Pond': 0, 'Pokhari': 0, 'D/C': 0, 'Recharge shaft': 0, 'LFB': 0, 'RFB': 0}","{'Floodlight': 0, 'Flood Light': 0, 'GAS': 0, 'FIFA': 0, 'pipe': 0, 'pipes': 0, 'covid': 0, 'supply': 0, 'Beautification': 0, 'Installation': 0}",,,False,True,Others
68895,NIT-01/2024/25-22,"Construction of  Nala Ward-20 Near Naresh Mandal House to Ashok Keshri house Via  Gopal Sah house NP- Haveli Kharagpur,  Dist-Munger.","Construction of  Nala Ward-20 Near Naresh Mandal House to Ashok Keshri house Via  Gopal Sah house NP- Haveli Kharagpur,  Dist-Munger.",1767548.0,INR,INR,2024-08-23 12:39:29+00:00,2024-08-23T09:23:03.474000+00:00,2025-02-19T06:46:40+00:00,VISHAL MOHAN,EXECUTIVE OFFICER,NAGAR PARISHAD HAVELI KHARAGPUR,OFFICE NAGAR PARISHAD HAVELI KHARAGPUR,VISHAL MOHAN,EXECUTIVE OFFICER,NAGAR PARISHAD HAVELI KHARAGPUR,35800.0,5000.0,590.0,True,"{'Flood': 0, 'Embankment': 0, 'embkt': 0, 'Relief': 0, 'Erosion': 0, 'SDRF': 0, 'Inundation': 0, 'Hydrology': 0, 'Silt': 0, 'Siltation': 0, 'Bund': 0, 'Trench': 0, 'Breach': 0, 'Culvert': 0, 'Sluice': 0, 'Dyke': 0, 'Storm water drain': 0, 'Emergency': 0, 'Immediate': 0, 'IM': 0, 'AE': 0, 'A E': 0, 'AAPDA MITRA': 0, 'Bridge': 0, 'River': 0, 'Drain': 0, 'Restoration': 0, 'Protection': 0, 'irr': 0, 'irrigation': 0, 'dam': 0, 'Nallah': 0, 'nala': 2, 'Retrofitting': 0, 'Pond': 0, 'Pokhari': 0, 'D/C': 0, 'Recharge shaft': 0, 'LFB': 0, 'RFB': 0}","{'Floodlight': 0, 'Flood Light': 0, 'GAS': 0, 'FIFA': 0, 'pipe': 0, 'pipes': 0, 'covid': 0, 'supply': 0, 'Beautification': 0, 'Installation': 0}",,,False,False,Others
68897,NIT-01/2024/25-24,"Construction of Road &  Nala  at ward no. - 22 From Main Road Keshav deo House to Aaditya House, NP, Haveli Kharagpur,  Dist-Munger.","Construction of Road &  Nala  at ward no. - 22 From Main Road Keshav deo House to Aaditya House, NP, Haveli Kharagpur,  Dist-Munger.",1957465.0,INR,INR,2024-08-23 12:59:25+00:00,2024-08-23T09:24:16.604000+00:00,2025-03-10T08:36:03+00:00,VISHAL MOHAN,EXECUTIVE OFFICER,NAGAR PARISHAD HAVELI KHARAGPUR,OFFICE NAGAR PARISHAD HAVELI KHARAGPUR,VISHAL MOHAN,EXECUTIVE OFFICER,NAGAR PARISHAD HAVELI KHARAGPUR,39600.0,5000.0,590.0,True,"{'Flood': 0, 'Embankment': 0, 'embkt': 0, 'Relief': 0, 'Erosion': 0, 'SDRF': 0, 'Inundation': 0, 'Hydrology': 0, 'Silt': 0, 'Siltation': 0, 'Bund': 0, 'Trench': 0, 'Breach': 0, 'Culvert': 0, 'Sluice': 0, 'Dyke': 0, 'Storm water drain': 0, 'Emergency': 0, 'Immediate': 0, 'IM': 0, 'AE': 0, 'A E': 0, 'AAPDA MITRA': 0, 'Bridge': 0, 'River': 0, 'Drain': 0, 'Restoration': 0, 'Protection': 0, 'irr': 0, 'irrigation': 0, 'dam': 0, 'Nallah': 0, 'nala': 2, 'Retrofitting': 0, 'Pond': 0, 'Pokhari': 0, 'D/C': 0, 'Recharge shaft': 0, 'LFB': 0, 'RFB': 0}","{'Floodlight': 0, 'Flood Light': 0, 'GAS': 0, 'FIFA': 0, 'pipe': 0, 'pipes': 0, 'covid': 0, 'supply': 0, 'Beautification': 0, 'Installation': 0}",,,False,True,Others
68890,NIT-01/2024/25-17,"Construction of Road &  Nala  at ward no. - 15 Baba Bajrangbali Mandir to Arun yadav house & Moti Yadav house to Arun Yadav , NP, Haveli Kharagpur,  Dist-Munger.","Construction of Road &  Nala  at ward no. - 15 Baba Bajrangbali Mandir to Arun yadav house & Moti Yadav house to Arun Yadav , NP, Haveli Kharagpur,  Dist-Munger.",1802405.0,INR,INR,2024-08-23 11:50:57+00:00,2024-08-23T09:21:20.687000+00:00,2025-03-07T10:58:39+00:00,VISHAL MOHAN,EXECUTIVE OFFICER,NAGAR PARISHAD HAVELI KHARAGPUR,OFFICE NAGAR PARISHAD HAVELI KHARAGPUR,VISHAL MOHAN,EXECUTIVE OFFICER,NAGAR PARISHAD HAVELI KHARAGPUR,36500.0,5000.0,590.0,True,"{'Flood': 0, 'Embankment': 0, 'embkt': 0, 'Relief': 0, 'Erosion': 0, 'SDRF': 0, 'Inundation': 0, 'Hydrology': 0, 'Silt': 0, 'Siltation': 0, 'Bund': 0, 'Trench': 0, 'Breach': 0, 'Culvert': 0, 'Sluice': 0, 'Dyke': 0, 'Storm water drain': 0, 'Emergency': 0, 'Immediate': 0, 'IM': 0, 'AE': 0, 'A E': 0, 'AAPDA MITRA': 0, 'Bridge': 0, 'River': 0, 'Drain': 0, 'Restoration': 0, 'Protection': 0, 'irr': 0, 'irrigation': 0, 'dam': 0, 'Nallah': 0, 'nala': 2, 'Retrofitting': 0, 'Pond': 0, 'Pokhari': 0, 'D/C': 0, 'Recharge shaft': 0, 'LFB': 0, 'RFB': 0}","{'Floodlight': 0, 'Flood Light': 0, 'GAS': 0, 'FIFA': 0, 'pipe': 0, 'pipes': 0, 'covid': 0, 'supply': 0, 'Beautification': 0, 'Installation': 0}",,,False,True,Others
68882,NIT-01/2024/25-09,"Construction of Road &  Nala  at ward no.-8 From Gajo mandal House To Vinay Sah Mill  NP- Haveli Kharagpur,  Dist-Munger.","Construction of Road &  Nala  at ward no.-8 From Gajo mandal House To Vinay Sah Mill  NP- Haveli Kharagpur,  Dist-Munger.",2382882.0,INR,INR,2024-08-23 10:36:26+00:00,2024-08-23T09:18:37.465000+00:00,2025-01-10T08:14:10+00:00,VISHAL MOHAN,EXECUTIVE OFFICER,NAGAR PARISHAD HAVELI KHARAGPUR,OFFICE NAGAR PARISHAD HAVELI KHARAGPUR,VISHAL MOHAN,EXECUTIVE OFFICER,NAGAR PARISHAD HAVELI KHARAGPUR,48200.0,5000.0,590.0,True,"{'Flood': 0, 'Embankment': 0, 'embkt': 0, 'Relief': 0, 'Erosion': 0, 'SDRF': 0, 'Inundation': 0, 'Hydrology': 0, 'Silt': 0, 'Siltation': 0, 'Bund': 0, 'Trench': 0, 'Breach': 0, 'Culvert': 0, 'Sluice': 0, 'Dyke': 0, 'Storm water drain': 0, 'Emergency': 0, 'Immediate': 0, 'IM': 0, 'AE': 0, 'A E': 0, 'AAPDA MITRA': 0, 'Bridge': 0, 'River': 0, 'Drain': 0, 'Restoration': 0, 'Protection': 0, 'irr': 0, 'irrigation': 0, 'dam': 0, 'Nallah': 0, 'nala': 2, 'Retrofitting': 0, 'Pond': 0, 'Pokhari': 0, 'D/C': 0, 'Recharge shaft': 0, 'LFB': 0, 'RFB': 0}","{'Floodlight': 0, 'Flood Light': 0, 'GAS': 0, 'FIFA': 0, 'pipe': 0, 'pipes': 0, 'covid': 0, 'supply': 0, 'Beautification': 0, 'Installation': 0}",,,False,True,Others
68898,NIT-01/2024/25-25,"Construction of  Nala Ward-23 Near Infront of  Fakir Turi House to Mahendra Paswan  House  NP- Haveli Kharagpur,  Dist-Munger.","Construction of  Nala Ward-23 Near Infront of  Fakir Turi House to Mahendra Paswan  House  NP- Haveli Kharagpur,  Dist-Munger.",2448509.0,INR,INR,2024-08-23 13:05:20+00:00,2024-08-23T09:24:36.941000+00:00,2025-01-10T08:31:41+00:00,VISHAL MOHAN,EXECUTIVE OFFICER,NAGAR PARISHAD HAVELI KHARAGPUR,OFFICE NAGAR PARISHAD HAVELI KHARAGPUR,VISHAL MOHAN,EXECUTIVE OFFICER,NAGAR PARISHAD HAVELI KHARAGPUR,49500.0,5000.0,590.0,True,"{'Flood': 0, 'Embankment': 0, 'embkt': 0, 'Relief': 0, 'Erosion': 0, 'SDRF': 0, 'Inundation': 0, 'Hydrology': 0, 'Silt': 0, 'Siltation': 0, 'Bund': 0, 'Trench': 0, 'Breach': 0, 'Culvert': 0, 'Sluice': 0, 'Dyke': 0, 'Storm water drain': 0, 'Emergency': 0, 'Immediate': 0, 'IM': 0, 'AE': 0, 'A E': 0, 'AAPDA MITRA': 0, 'Bridge': 0, 'River': 0, 'Drain': 0, 'Restoration': 0, 'Protection': 0, 'irr': 0, 'irrigation': 0, 'dam': 0, 'Nallah': 0, 'nala': 2, 'Retrofitting': 0, 'Pond': 0, 'Pokhari': 0, 'D/C': 0, 'Recharge shaft': 0, 'LFB': 0, 'RFB': 0}","{'Floodlight': 0, 'Flood Light': 0, 'GAS': 0, 'FIFA': 0, 'pipe': 0, 'pipes': 0, 'covid': 0, 'supply': 0, 'Beautification': 0, 'Installation': 0}",,,False,False,Others
68896,NIT-01/2024/25-23,"Repair of Road &  Nala  at ward no. - 21 Omparkash Keshri House to Sashi Keshri House  , NP- Haveli Kharagpur,  Dist-Munger.","Repair of Road &  Nala  at ward no. - 21 Omparkash Keshri House to Sashi Keshri House  , NP- Haveli Kharagpur,  Dist-Munger.",2650290.0,INR,INR,2024-08-23 12:53:32+00:00,2024-08-23T09:23:34.405000+00:00,2025-01-07T05:50:32+00:00,VISHAL MOHAN,EXECUTIVE OFFICER,NAGAR PARISHAD HAVELI KHARAGPUR,OFFICE NAGAR PARISHAD HAVELI KHARAGPUR,VISHAL MOHAN,EXECUTIVE OFFICER,NAGAR PARISHAD HAVELI KHARAGPUR,53600.0,5000.0,590.0,True,"{'Flood': 0, 'Embankment': 0, 'embkt': 0, 'Relief': 0, 'Erosion': 0, 'SDRF': 0, 'Inundation': 0, 'Hydrology': 0, 'Silt': 0, 'Siltation': 0, 'Bund': 0, 'Trench': 0, 'Breach': 0, 'Culvert': 0, 'Sluice': 0, 'Dyke': 0, 'Storm water drain': 0, 'Emergency': 0, 'Immediate': 0, 'IM': 0, 'AE': 0, 'A E': 0, 'AAPDA MITRA': 0, 'Bridge': 0, 'River': 0, 'Drain': 0, 'Restoration': 0, 'Protection': 0, 'irr': 0, 'irrigation': 0, 'dam': 0, 'Nallah': 0, 'nala': 2, 'Retrofitting': 0, 'Pond': 0, 'Pokhari': 0, 'D/C': 0, 'Recharge shaft': 0, 'LFB': 0, 'RFB': 0}","{'Floodlight': 0, 'Flood Light': 0, 'GAS': 0, 'FIFA': 0, 'pipe': 0, 'pipes': 0, 'covid': 0, 'supply': 0, 'Beautification': 0, 'Installation': 0}",,,False,True,Repair and Restoration
68899,NIT-01/2024/25-26,"Construction of  Nala Ward-24 Near Ramanuj  sah House to  Puliya ,NP- Haveli Kharagpur,  Dist-Munger.","Construction of  Nala Ward-24 Near Ramanuj  sah House to  Puliya ,NP- Haveli Kharagpur,  Dist-Munger.",1712736.0,INR,INR,2024-08-23 13:10:52+00:00,2024-08-23T09:24:55.015000+00:00,2025-03-07T11:59:33+00:00,VISHAL MOHAN,EXECUTIVE OFFICER,NAGAR PARISHAD HAVELI KHARAGPUR,OFFICE NAGAR PARISHAD HAVELI KHARAGPUR,VISHAL MOHAN,EXECUTIVE OFFICER,NAGAR PARISHAD HAVELI KHARAGPUR,34600.0,5000.0,590.0,True,"{'Flood': 0, 'Embankment': 0, 'embkt': 0, 'Relief': 0, 'Erosion': 0, 'SDRF': 0, 'Inundation': 0, 'Hydrology': 0, 'Silt': 0, 'Siltation': 0, 'Bund': 0, 'Trench': 0, 'Breach': 0, 'Culvert': 0, 'Sluice': 0, 'Dyke': 0, 'Storm water drain': 0, 'Emergency': 0, 'Immediate': 0, 'IM': 0, 'AE': 0, 'A E': 0, 'AAPDA MITRA': 0, 'Bridge': 0, 'River': 0, 'Drain': 0, 'Restoration': 0, 'Protection': 0, 'irr': 0, 'irrigation': 0, 'dam': 0, 'Nallah': 0, 'nala': 2, 'Retrofitting': 0, 'Pond': 0, 'Pokhari': 0, 'D/C': 0, 'Recharge shaft': 0, 'LFB': 0, 'RFB': 0}","{'Floodlight': 0, 'Flood Light': 0, 'GAS': 0, 'FIFA': 0, 'pipe': 0, 'pipes': 0, 'covid': 0, 'supply': 0, 'Beautification': 0, 'Installation': 0}",,,False,False,Others
68900,NIT-01/2024/25-27,"Construction of Road &  Nala at ward no.-25 From Muluktanr main Road Sashibihar House to Dimple Ranjan House NP- Haveli Kharagpur,  Dist-Munger.","Construction of Road &  Nala at ward no.-25 From Muluktanr main Road Sashibihar House to Dimple Ranjan House NP- Haveli Kharagpur,  Dist-Munger.",1970588.0,INR,INR,2024-08-23 13:15:45+00:00,2024-08-23T09:25:11.848000+00:00,2025-03-07T06:33:46+00:00,VISHAL MOHAN,EXECUTIVE OFFICER,NAGAR PARISHAD HAVELI KHARAGPUR,OFFICE NAGAR PARISHAD HAVELI KHARAGPUR,VISHAL MOHAN,EXECUTIVE OFFICER,NAGAR PARISHAD HAVELI KHARAGPUR,39900.0,5000.0,590.0,True,"{'Flood': 0, 'Embankment': 0, 'embkt': 0, 'Relief': 0, 'Erosion': 0, 'SDRF': 0, 'Inundation': 0, 'Hydrology': 0, 'Silt': 0, 'Siltation': 0, 'Bund': 0, 'Trench': 0, 'Breach': 0, 'Culvert': 0, 'Sluice': 0, 'Dyke': 0, 'Storm water drain': 0, 'Emergency': 0, 'Immediate': 0, 'IM': 0, 'AE': 0, 'A E': 0, 'AAPDA MITRA': 0, 'Bridge': 0, 'River': 0, 'Drain': 0, 'Restoration': 0, 'Protection': 0, 'irr': 0, 'irrigation': 0, 'dam': 0, 'Nallah': 0, 'nala': 2, 'Retrofitting': 0, 'Pond': 0, 'Pokhari': 0, 'D/C': 0, 'Recharge shaft': 0, 'LFB': 0, 'RFB': 0}","{'Floodlight': 0, 'Flood Light': 0, 'GAS': 0, 'FIFA': 0, 'pipe': 0, 'pipes': 0, 'covid': 0, 'supply': 0, 'Beautification': 0, 'Installation': 0}",,,False,True,Immediate Measures
68959,NIT-01/2024-25/GR-09,ARA NAGAR NIGAM ANTARGAT WARD NO-14 ME RENU PATHAK KE GHAR SE MURARI MISHRA KE GHAR TAK P.C.C. ROAD AWEM R.C.C. NALA NIRMAN KARYA.,ARA NAGAR NIGAM ANTARGAT WARD NO-14 ME RENU PATHAK KE GHAR SE MURARI MISHRA KE GHAR TAK P.C.C. ROAD AWEM R.C.C. NALA NIRMAN KARYA.,830721.0,INR,INR,2024-08-27 11:15:54+00:00,2024-08-24T09:05:25.472000+00:00,2024-12-12T07:27:25+00:00,"MUNICIPAL COMMISSIONER,(NIROJ KUMAR BHAGAT),",MCO,ARA MUNICIPAL CORPORATION,"NEAR OLD POLICE LINE, ARA","MUNICIPAL COMMISSIONER, (NIROJ KUMAR BHAGAT),",MCO,ARA MUNICIPAL CORPORATION,16700.0,1250.0,590.0,True,"{'Flood': 0, 'Embankment': 0, 'embkt': 0, 'Relief': 0, 'Erosion': 0, 'SDRF': 0, 'Inundation': 0, 'Hydrology': 0, 'Silt': 0, 'Siltation': 0, 'Bund': 0, 'Trench': 0, 'Breach': 0, 'Culvert': 0, 'Sluice': 0, 'Dyke': 0, 'Storm water drain': 0, 'Emergency': 0, 'Immediate': 0, 'IM': 0, 'AE': 0, 'A E': 0, 'AAPDA MITRA': 0, 'Bridge': 0, 'River': 0, 'Drain': 0, 'Restoration': 0, 'Protection': 0, 'irr': 0, 'irrigation': 0, 'dam': 0, 'Nallah': 0, 'nala': 2, 'Retrofitting': 0, 'Pond': 0, 'Pokhari': 0, 'D/C': 0, 'Recharge shaft': 0, 'LFB': 0, 'RFB': 0}","{'Floodlight': 0, 'Flood Light': 0, 'GAS': 0, 'FIFA': 0, 'pipe': 0, 'pipes': 0, 'covid': 0, 'supply': 0, 'Beautification': 0, 'Installation': 0}",,,False,True,Immediate Measures
68968,NIT-01/2024-25/GR-15,ARA NAGAR NIGAM ANTARGAT WARD NO-26 ME MARHUM INANUL KE GHAR SE MD. MUMTAJ KE GHAR TAK R.C.C. NALA AWEM SLAB NIRMAN KARYA.,ARA NAGAR NIGAM ANTARGAT WARD NO-26 ME MARHUM INANUL KE GHAR SE MD. MUMTAJ KE GHAR TAK R.C.C. NALA AWEM SLAB NIRMAN KARYA.,347808.0,INR,INR,2024-08-27 11:20:50+00:00,2024-08-24T09:25:22.511000+00:00,2024-12-31T05:51:38+00:00,"MUNICIPAL COMMISSIONER,(NIROJ KUMAR BHAGAT),",MCO,ARA MUNICIPAL CORPORATION,"NEAR OLD POLICE LINE, ARA","MUNICIPAL COMMISSIONER, (NIROJ KUMAR BHAGAT),",MCO,ARA MUNICIPAL CORPORATION,7000.0,750.0,590.0,True,"{'Flood': 0, 'Embankment': 0, 'embkt': 0, 'Relief': 0, 'Erosion': 0, 'SDRF': 0, 'Inundation': 0, 'Hydrology': 0, 'Silt': 0, 'Siltation': 0, 'Bund': 0, 'Trench': 0, 'Breach': 0, 'Culvert': 0, 'Sluice': 0, 'Dyke': 0, 'Storm water drain': 0, 'Emergency': 0, 'Immediate': 0, 'IM': 0, 'AE': 0, 'A E': 0, 'AAPDA MITRA': 0, 'Bridge': 0, 'River': 0, 'Drain': 0, 'Restoration': 0, 'Protection': 0, 'irr': 0, 'irrigation': 0, 'dam': 0, 'Nallah': 0, 'nala': 2, 'Retrofitting': 0, 'Pond': 0, 'Pokhari': 0, 'D/C': 0, 'Recharge shaft': 0, 'LFB': 0, 'RFB': 0}","{'Floodlight': 0, 'Flood Light': 0, 'GAS': 0, 'FIFA': 0, 'pipe': 0, 'pipes': 0, 'covid': 0, 'supply': 0, 'Beautification': 0, 'Installation': 0}",,,False,False,Immediate Measures
68982,NIT-01/2024-25/GR-21,"ARA NAGAR NIGAM ANTARGAT WARD NO-29 ME CHIKTOLI MOHALLA ME SHIV MANDIR KE PAS VIRENDRA PRASAD KE MAKAN SE LATE RAJENDRA PRASAD KE ALMARI LACTORY TAK P.C.C., NALA NIRMAN AWEM SHIV MANDIR KE SAMNE PEVER BLOCK KA KARYA.","ARA NAGAR NIGAM ANTARGAT WARD NO-29 ME CHIKTOLI MOHALLA ME SHIV MANDIR KE PAS VIRENDRA PRASAD KE MAKAN SE LATE RAJENDRA PRASAD KE ALMARI LACTORY TAK P.C.C., NALA NIRMAN AWEM SHIV MANDIR KE SAMNE PEVER BLOCK KA KARYA.",1167228.0,INR,INR,2024-08-27 11:25:17+00:00,2024-08-24T09:43:02.824000+00:00,2024-12-12T07:08:59+00:00,"MUNICIPAL COMMISSIONER,(NIROJ KUMAR BHAGAT),",MCO,ARA MUNICIPAL CORPORATION,"NEAR OLD POLICE LINE, ARA","MUNICIPAL COMMISSIONER, (NIROJ KUMAR BHAGAT),",MCO,ARA MUNICIPAL CORPORATION,23400.0,2500.0,590.0,True,"{'Flood': 0, 'Embankment': 0, 'embkt': 0, 'Relief': 0, 'Erosion': 0, 'SDRF': 0, 'Inundation': 0, 'Hydrology': 0, 'Silt': 0, 'Siltation': 0, 'Bund': 0, 'Trench': 0, 'Breach': 0, 'Culvert': 0, 'Sluice': 0, 'Dyke': 0, 'Storm water drain': 0, 'Emergency': 0, 'Immediate': 0, 'IM': 0, 'AE': 0, 'A E': 0, 'AAPDA MITRA': 0, 'Bridge': 0, 'River': 0, 'Drain': 0, 'Restoration': 0, 'Protection': 0, 'irr': 0, 'irrigation': 0, 'dam': 0, 'Nallah': 0, 'nala': 2, 'Retrofitting': 0, 'Pond': 0, 'Pokhari': 0, 'D/C': 0, 'Recharge shaft': 0, 'LFB': 0, 'RFB': 0}","{'Floodlight': 0, 'Flood Light': 0, 'GAS': 0, 'FIFA': 0, 'pipe': 0, 'pipes': 0, 'covid': 0, 'supply': 0, 'Beautification': 0, 'Installation': 0}",,,False,False,Immediate Measures
68983,NIT-01/2024-25/GR-22,ARA NAGAR NIGAM ANTARGAT WARD NO-31 ME MD. MARUF KE AGE SE MD. PAPPU KE GHAR KE SAMNE SE MAIN NALA TAK PEVER BLOCK SADAK AWEM R.C.C. NALI NIRMAN KARYA.,ARA NAGAR NIGAM ANTARGAT WARD NO-31 ME MD. MARUF KE AGE SE MD. PAPPU KE GHAR KE SAMNE SE MAIN NALA TAK PEVER BLOCK SADAK AWEM R.C.C. NALI NIRMAN KARYA.,495489.0,INR,INR,2024-08-27 11:26:01+00:00,2024-08-24T09:46:25.697000+00:00,2024-09-06T09:32:18+00:00,"MUNICIPAL COMMISSIONER,(NIROJ KUMAR BHAGAT),",MCO,ARA MUNICIPAL CORPORATION,"NEAR OLD POLICE LINE, ARA","MUNICIPAL COMMISSIONER, (NIROJ KUMAR BHAGAT),",MCO,ARA MUNICIPAL CORPORATION,10000.0,750.0,590.0,True,"{'Flood': 0, 'Embankment': 0, 'embkt': 0, 'Relief': 0, 'Erosion': 0, 'SDRF': 0, 'Inundation': 0, 'Hydrology': 0, 'Silt': 0, 'Siltation': 0, 'Bund': 0, 'Trench': 0, 'Breach': 0, 'Culvert': 0, 'Sluice': 0, 'Dyke': 0, 'Storm water drain': 0, 'Emergency': 0, 'Immediate': 0, 'IM': 0, 'AE': 0, 'A E': 0, 'AAPDA MITRA': 0, 'Bridge': 0, 'River': 0, 'Drain': 0, 'Restoration': 0, 'Protection': 0, 'irr': 0, 'irrigation': 0, 'dam': 0, 'Nallah': 0, 'nala': 2, 'Retrofitting': 0, 'Pond': 0, 'Pokhari': 0, 'D/C': 0, 'Recharge shaft': 0, 'LFB': 0, 'RFB': 0}","{'Floodlight': 0, 'Flood Light': 0, 'GAS': 0, 'FIFA': 0, 'pipe': 0, 'pipes': 0, 'covid': 0, 'supply': 0, 'Beautification': 0, 'Installation': 0}",,,False,False,Immediate Measures
69003,NIT-01/2024-25/GR-37,ARA NAGAR NIGAM ANTARGAT WARD NO-25 ME IBRAHIM MASJID ASLAM HOTEL KE GHAR SE KEDAR PRASAD KE GHAR HOTE HUA BHARAT SONAR KE GHAR TAK R.C.C. NALA TATHA COVER SLAB NIRMAN KARYA. (PUNAH NIWIDA),ARA NAGAR NIGAM ANTARGAT WARD NO-25 ME IBRAHIM MASJID ASLAM HOTEL KE GHAR SE KEDAR PRASAD KE GHAR HOTE HUA BHARAT SONAR KE GHAR TAK R.C.C. NALA TATHA COVER SLAB NIRMAN KARYA. (PUNAH NIWIDA),1897147.0,INR,INR,2024-08-27 11:37:42+00:00,2024-08-24T10:43:37.013000+00:00,2024-12-17T07:23:51+00:00,"MUNICIPAL COMMISSIONER,(NIROJ KUMAR BHAGAT),",MCO,ARA MUNICIPAL CORPORATION,"NEAR OLD POLICE LINE, ARA","MUNICIPAL COMMISSIONER, (NIROJ KUMAR BHAGAT),",MCO,ARA MUNICIPAL CORPORATION,38000.0,5000.0,590.0,True,"{'Flood': 0, 'Embankment': 0, 'embkt': 0, 'Relief': 0, 'Erosion': 0, 'SDRF': 0, 'Inundation': 0, 'Hydrology': 0, 'Silt': 0, 'Siltation': 0, 'Bund': 0, 'Trench': 0, 'Breach': 0, 'Culvert': 0, 'Sluice': 0, 'Dyke': 0, 'Storm water drain': 0, 'Emergency': 0, 'Immediate': 0, 'IM': 0, 'AE': 0, 'A E': 0, 'AAPDA MITRA': 0, 'Bridge': 0, 'River': 0, 'Drain': 0, 'Restoration': 0, 'Protection': 0, 'irr': 0, 'irrigation': 0, 'dam': 0, 'Nallah': 0, 'nala': 2, 'Retrofitting': 0, 'Pond': 0, 'Pokhari': 0, 'D/C': 0, 'Recharge shaft': 0, 'LFB': 0, 'RFB': 0}","{'Floodlight': 0, 'Flood Light': 0, 'GAS': 0, 'FIFA': 0, 'pipe': 0, 'pipes': 0, 'covid': 0, 'supply': 0, 'Beautification': 0, 'Installation': 0}",,,False,False,Immediate Measures
69017,NIT-01/2024-25/GR-45,ARA NAGAR NIGAM ANTARGAT WARD NO-42 ME DR. BHOLA SINGH KE GHAR SE PURAB SHYAM BIHARI RAM KE GHAR KE AGE TAK NALA AWEM SLAB NIRMAN KARYA. PART-01,ARA NAGAR NIGAM ANTARGAT WARD NO-42 ME DR. BHOLA SINGH KE GHAR SE PURAB SHYAM BIHARI RAM KE GHAR KE AGE TAK NALA AWEM SLAB NIRMAN KARYA. PART-01,1495637.0,INR,INR,2024-08-27 11:44:40+00:00,2024-08-24T11:12:26.858000+00:00,2024-11-11T09:13:45+00:00,"MUNICIPAL COMMISSIONER,(NIROJ KUMAR BHAGAT),",MCO,ARA MUNICIPAL CORPORATION,"NEAR OLD POLICE LINE, ARA","MUNICIPAL COMMISSIONER, (NIROJ KUMAR BHAGAT),",MCO,ARA MUNICIPAL CORPORATION,30000.0,2500.0,590.0,True,"{'Flood': 0, 'Embankment': 0, 'embkt': 0, 'Relief': 0, 'Erosion': 0, 'SDRF': 0, 'Inundation': 0, 'Hydrology': 0, 'Silt': 0, 'Siltation': 0, 'Bund': 0, 'Trench': 0, 'Breach': 0, 'Culvert': 0, 'Sluice': 0, 'Dyke': 0, 'Storm water drain': 0, 'Emergency': 0, 'Immediate': 0, 'IM': 0, 'AE': 0, 'A E': 0, 'AAPDA MITRA': 0, 'Bridge': 0, 'River': 0, 'Drain': 0, 'Restoration': 0, 'Protection': 0, 'irr': 0, 'irrigation': 0, 'dam': 0, 'Nallah': 0, 'nala': 2, 'Retrofitting': 0, 'Pond': 0, 'Pokhari': 0, 'D/C': 0, 'Recharge shaft': 0, 'LFB': 0, 'RFB': 0}","{'Floodlight': 0, 'Flood Light': 0, 'GAS': 0, 'FIFA': 0, 'pipe': 0, 'pipes': 0, 'covid': 0, 'supply': 0, 'Beautification': 0, 'Installation': 0}",,,False,False,Immediate Measures
69060,NIT 10 2024 25 GR 24,GROUP NO.- 24 Name of Work :- Construction of RCC drain with PCC Road from The house of Mosadak Alam to behind Rajendra Puri School. 2. RCC Drain From the house of Sailendra Singh to the house of Radhyeshyam. 3. RCC Drain with PCC road from the house of Rajendra Mahto to main Road. 4. RCC Drain From the house of Helal Ahmad to Haji Puttu Loudge. 5. RCC Drain with PCC road from the house of Jahanghir Quraishi via the house of Nasirul to the house of Chand Quarashi and From the house of Bhola Quraishi to the house of Bakrid Quraishi. 6. From the house of Dr. Parwej via the house of Ashfaq Saheb to the house of Kamruzamma in ward no.-25.,GROUP NO.- 24 Name of Work :- Construction of RCC drain with PCC Road from The house of Mosadak Alam to behind Rajendra Puri School. 2. RCC Drain From the house of Sailendra Singh to the house of Radhyeshyam. 3. RCC Drain with PCC road from the house of Rajendra Mahto to main Road. 4. RCC Drain From the house of Helal Ahmad to Haji Puttu Loudge. 5. RCC Drain with PCC road from the house of Jahanghir Quraishi via the house of Nasirul to the house of Chand Quarashi and From the house of Bhola Quraishi to the house of Bakrid Quraishi. 6. From the house of Dr. Parwej via the house of Ashfaq Saheb to the house of Kamruzamma in ward no.-25.,1979000.0,INR,INR,2024-08-26 05:12:45+00:00,2024-08-24T14:34:56.725000+00:00,2024-10-22T12:15:58+00:00,KUMAR GAURAV,MUNICIPAL COMMISSIONER,"DARBHANGA MUNICIPAL CORPORATION, DARBHANGA","DARBHANGA MUNICIPAL CORPORATION, DARBHANGA TOWN HALL DARBHANGA",KUMAR GAURAV,MUNICIPAL COMMISSIONER,"DARBHANGA MUNICIPAL CORPORATION, DARBHANGA",39600.0,5000.0,590.0,True,"{'Flood': 0, 'Embankment': 0, 'embkt': 0, 'Relief': 0, 'Erosion': 0, 'SDRF': 0, 'Inundation': 0, 'Hydrology': 0, 'Silt': 0, 'Siltation': 0, 'Bund': 0, 'Trench': 0, 'Breach': 0, 'Culvert': 0, 'Sluice': 0, 'Dyke': 0, 'Storm water drain': 0, 'Emergency': 0, 'Immediate': 0, 'IM': 0, 'AE': 0, 'A E': 0, 'AAPDA MITRA': 0, 'Bridge': 0, 'River': 0, 'Drain': 10, 'Restoration': 0, 'Protection': 0, 'irr': 0, 'irrigation': 0, 'dam': 0, 'Nallah': 0, 'nala': 0, 'Retrofitting': 0, 'Pond': 0, 'Pokhari': 0, 'D/C': 0, 'Recharge shaft': 0, 'LFB': 0, 'RFB': 0}","{'Floodlight': 0, 'Flood Light': 0, 'GAS': 0, 'FIFA': 0, 'pipe': 0, 'pipes': 0, 'covid': 0, 'supply': 0, 'Beautification': 0, 'Installation': 0}",,,False,True,Immediate Measures
69074,NIT 10 2024 25 GR 36,GROUP NO.- 36 Name of Work :- Construction of 1. RCC drain with PCC Road from The house of Arun Mandal to the house of Madan Mandal. 2. Near Imambari Thakur Tola Saloon. 3. Near Imambari Mali Tola. 4. Near the house of Hazi Mahmud Saheb in Mohalla-Karamganj. 5. Repairing of Drain & Culvert From the house of Nitish Ji to the house of Amarnath Choudhary in Mohalla-Belwaganj Ward No.-37.,GROUP NO.- 36 Name of Work :- Construction of 1. RCC drain with PCC Road from The house of Arun Mandal to the house of Madan Mandal. 2. Near Imambari Thakur Tola Saloon. 3. Near Imambari Mali Tola. 4. Near the house of Hazi Mahmud Saheb in Mohalla-Karamganj. 5. Repairing of Drain & Culvert From the house of Nitish Ji to the house of Amarnath Choudhary in Mohalla-Belwaganj Ward No.-37.,1605000.0,INR,INR,2024-08-26 05:16:30+00:00,2024-08-24T15:41:03.131000+00:00,2024-11-04T06:39:36+00:00,KUMAR GAURAV,MUNICIPAL COMMISSIONER,"DARBHANGA MUNICIPAL CORPORATION, DARBHANGA","DARBHANGA MUNICIPAL CORPORATION, DARBHANGA TOWN HALL DARBHANGA",KUMAR GAURAV,MUNICIPAL COMMISSIONER,"DARBHANGA MUNICIPAL CORPORATION, DARBHANGA",32100.0,5000.0,590.0,True,"{'Flood': 0, 'Embankment': 0, 'embkt': 0, 'Relief': 0, 'Erosion': 0, 'SDRF': 0, 'Inundation': 0, 'Hydrology': 0, 'Silt': 0, 'Siltation': 0, 'Bund': 0, 'Trench': 0, 'Breach': 0, 'Culvert': 2, 'Sluice': 0, 'Dyke': 0, 'Storm water drain': 0, 'Emergency': 0, 'Immediate': 0, 'IM': 0, 'AE': 0, 'A E': 0, 'AAPDA MITRA': 0, 'Bridge': 0, 'River': 0, 'Drain': 4, 'Restoration': 0, 'Protection': 0, 'irr': 0, 'irrigation': 0, 'dam': 0, 'Nallah': 0, 'nala': 0, 'Retrofitting': 0, 'Pond': 0, 'Pokhari': 0, 'D/C': 0, 'Recharge shaft': 0, 'LFB': 0, 'RFB': 0}","{'Floodlight': 0, 'Flood Light': 0, 'GAS': 0, 'FIFA': 0, 'pipe': 0, 'pipes': 0, 'covid': 0, 'supply': 0, 'Beautification': 0, 'Installation': 0}",,,False,True,Immediate Measures
69382,RETENDER NIT NO-04(R1)/2024-25/PHED/NAWADA/GR-01,"Construction of  73 Nos. 125mm x 45 MTR. Gravel Packed tubewell & 30 No. 125/115 mm dia 60 MTR Deep Drilled tubewell for Sinking of I.M.-II Handpump with Platform, Drain & Soakpit due to heat stroke & decreasing of water level  in Water Scarce area under P.H. Division, Nawada for the Year 2024-25 under Natural Disaster (Drought) Head","Construction of  73 Nos. 125mm x 45 MTR. Gravel Packed tubewell & 30 No. 125/115 mm dia 60 MTR Deep Drilled tubewell for Sinking of I.M.-II Handpump with Platform, Drain & Soakpit due to heat stroke & decreasing of water level  in Water Scarce area under P.H. Division, Nawada for the Year 2024-25 under Natural Disaster (Drought) Head",10149328.0,INR,INR,2024-08-27 07:20:49+00:00,2024-08-27T06:58:17.158000+00:00,2024-11-28T06:04:17+00:00,"EXECUTIVE ENGINEER,  NAWADA",EE,P.H.DIVISION NAWADA,NEAR BIHAR BUS STAND P.H.DIVISION NAWADA,NITYANAND PRASAD,CHIEF ENGINEER,PHED,203000.0,10000.0,3540.0,True,"{'Flood': 0, 'Embankment': 0, 'embkt': 0, 'Relief': 0, 'Erosion': 0, 'SDRF': 0, 'Inundation': 0, 'Hydrology': 0, 'Silt': 0, 'Siltation': 0, 'Bund': 0, 'Trench': 0, 'Breach': 0, 'Culvert': 0, 'Sluice': 0, 'Dyke': 0, 'Storm water drain': 0, 'Emergency': 0, 'Immediate': 0, 'IM': 0, 'AE': 0, 'A E': 0, 'AAPDA MITRA': 0, 'Bridge': 0, 'River': 0, 'Drain': 2, 'Restoration': 0, 'Protection': 0, 'irr': 0, 'irrigation': 0, 'dam': 0, 'Nallah': 0, 'nala': 0, 'Retrofitting': 0, 'Pond': 0, 'Pokhari': 0, 'D/C': 0, 'Recharge shaft': 0, 'LFB': 0, 'RFB': 0}","{'Floodlight': 0, 'Flood Light': 0, 'GAS': 0, 'FIFA': 0, 'pipe': 0, 'pipes': 0, 'covid': 0, 'supply': 0, 'Beautification': 0, 'Installation': 0}",,,False,True,Immediate Measures
69386,NIT-03 R1/2024-25,Construction of 40mm dia X 26 Mtr deep  handpump with plafrorm and drain & 1.0M dia x 2.0M deep Soakpit in the District of Araria under P.H. Forbesganj Division for the year 2024-25.,Construction of 40mm dia X 26 Mtr deep  handpump with plafrorm and drain & 1.0M dia x 2.0M deep Soakpit in the District of Araria under P.H. Forbesganj Division for the year 2024-25.,904140.0,INR,INR,2024-08-27 08:58:50+00:00,2024-08-27T07:37:42.366000+00:00,2024-09-04T12:18:57+00:00,ABHAY KUMAR,E.E.PHED FORBESGANJ,PHED FORBESGANJ,PHED FORBESGANJ,SE Purnia Circle,SE PURNIA CIRCLE,PHED,19000.0,2500.0,590.0,True,"{'Flood': 0, 'Embankment': 0, 'embkt': 0, 'Relief': 0, 'Erosion': 0, 'SDRF': 0, 'Inundation': 0, 'Hydrology': 0, 'Silt': 0, 'Siltation': 0, 'Bund': 0, 'Trench': 0, 'Breach': 0, 'Culvert': 0, 'Sluice': 0, 'Dyke': 0, 'Storm water drain': 0, 'Emergency': 0, 'Immediate': 0, 'IM': 0, 'AE': 0, 'A E': 0, 'AAPDA MITRA': 0, 'Bridge': 0, 'River': 0, 'Drain': 2, 'Restoration': 0, 'Protection': 0, 'irr': 0, 'irrigation': 0, 'dam': 0, 'Nallah': 0, 'nala': 0, 'Retrofitting': 0, 'Pond': 0, 'Pokhari': 0, 'D/C': 0, 'Recharge shaft': 0, 'LFB': 0, 'RFB': 0}","{'Floodlight': 0, 'Flood Light': 0, 'GAS': 0, 'FIFA': 0, 'pipe': 0, 'pipes': 0, 'covid': 0, 'supply': 0, 'Beautification': 0, 'Installation': 0}",,,False,True,Others
69387,NIT 10/2024-25 GROUP 1,Construction of new 125mm X 40mm dia X 61 meter deep hand operated T/well  with India Mark II Hand Pump with Platform and drain along with Construction of Soak Pit having size 1M dia. & 2M deep for drinking water in place of Non-Functional handpump & Drought affected areas under P. H. Division Bettiah in West Champaran District for the Year 2024-25 (Total-10 Nos.),Construction of new 125mm X 40mm dia X 61 meter deep hand operated T/well  with India Mark II Hand Pump with Platform and drain along with Construction of Soak Pit having size 1M dia. & 2M deep for drinking water in place of Non-Functional handpump & Drought affected areas under P. H. Division Bettiah in West Champaran District for the Year 2024-25 (Total-10 Nos.),932830.0,INR,INR,2024-08-27 07:56:53+00:00,2024-08-27T07:43:00.653000+00:00,2024-09-11T08:04:20+00:00,NITIN KUMAR,Executive Engineer,PH Division Bettiah,Jagjivan Nagar,"SUPERINTENDING ENGINEER, MOTIHARI",SUPERINTENDING ENGINEER (SE),"P.H. CIRCLE, MOTIHARI",18700.0,1250.0,590.0,True,"{'Flood': 0, 'Embankment': 0, 'embkt': 0, 'Relief': 0, 'Erosion': 0, 'SDRF': 0, 'Inundation': 0, 'Hydrology': 0, 'Silt': 0, 'Siltation': 0, 'Bund': 0, 'Trench': 0, 'Breach': 0, 'Culvert': 0, 'Sluice': 0, 'Dyke': 0, 'Storm water drain': 0, 'Emergency': 0, 'Immediate': 0, 'IM': 0, 'AE': 0, 'A E': 0, 'AAPDA MITRA': 0, 'Bridge': 0, 'River': 0, 'Drain': 2, 'Restoration': 0, 'Protection': 0, 'irr': 0, 'irrigation': 0, 'dam': 0, 'Nallah': 0, 'nala': 0, 'Retrofitting': 0, 'Pond': 0, 'Pokhari': 0, 'D/C': 0, 'Recharge shaft': 0, 'LFB': 0, 'RFB': 0}","{'Floodlight': 0, 'Flood Light': 0, 'GAS': 0, 'FIFA': 0, 'pipe': 0, 'pipes': 0, 'covid': 0, 'supply': 0, 'Beautification': 0, 'Installation': 0}",,,False,True,Immediate Measures
69389,NIT-512/GR-02/WDSRN/BRPNNL,Construction of civil work for Bailey type portable steel (Galvanized) Bridge at CH- 66.30 Km Gandaki river Village- Bada Teghra Block- Maharajganj District- Siwan (Group2).,Construction of civil work for Bailey type portable steel (Galvanized) Bridge at CH- 66.30 Km Gandaki river Village- Bada Teghra Block- Maharajganj District- Siwan (Group2).,9631000.0,INR,INR,2024-08-27 09:29:11+00:00,2024-08-27T08:40:21.214000+00:00,2024-09-23T09:55:42+00:00,Krishna Kumar,"Senior Project Engineer, Saran",BIHAR RAJYA PUL NIRMAN NIGAM LIMITED,BIHAR RAJYA PUL NIRMAN NIGAM LTD,Krishna Kumar,"SENIOR PROJECT ENGINEER, SARAN",BIHAR RAJYA PUL NIRMAN NIGAM LIMITED,193000.0,10000.0,3540.0,True,"{'Flood': 0, 'Embankment': 0, 'embkt': 0, 'Relief': 0, 'Erosion': 0, 'SDRF': 0, 'Inundation': 0, 'Hydrology': 0, 'Silt': 0, 'Siltation': 0, 'Bund': 0, 'Trench': 0, 'Breach': 0, 'Culvert': 0, 'Sluice': 0, 'Dyke': 0, 'Storm water drain': 0, 'Emergency': 0, 'Immediate': 0, 'IM': 0, 'AE': 0, 'A E': 0, 'AAPDA MITRA': 0, 'Bridge': 2, 'River': 2, 'Drain': 0, 'Restoration': 0, 'Protection': 0, 'irr': 0, 'irrigation': 0, 'dam': 0, 'Nallah': 0, 'nala': 0, 'Retrofitting': 0, 'Pond': 0, 'Pokhari': 0, 'D/C': 0, 'Recharge shaft': 0, 'LFB': 0, 'RFB': 0}","{'Floodlight': 0, 'Flood Light': 0, 'GAS': 0, 'FIFA': 0, 'pipe': 0, 'pipes': 0, 'covid': 0, 'supply': 0, 'Beautification': 0, 'Installation': 0}",,,False,True,Immediate Measures
69403,NIT-512Group-1,"Construction of civil work for Bailey type portable steel (Galvanized) Bridge at CH- 65.60 Km of  Gandaki  river Village- Nautan, Block- Maharajganj, District- Siwan. Group-1","Construction of civil work for Bailey type portable steel (Galvanized) Bridge at CH- 65.60 Km of  Gandaki  river Village- Nautan, Block- Maharajganj, District- Siwan. Group-1",9521000.0,INR,INR,2024-08-28 07:09:05+00:00,2024-08-27T12:39:06.594000+00:00,2024-09-23T10:01:23+00:00,Krishna Kumar,"Senior Project Engineer, Saran",BIHAR RAJYA PUL NIRMAN NIGAM LIMITED,BIHAR RAJYA PUL NIRMAN NIGAM LTD,Krishna Kumar,"SENIOR PROJECT ENGINEER, SARAN",BIHAR RAJYA PUL NIRMAN NIGAM LIMITED,191000.0,10000.0,3540.0,True,"{'Flood': 0, 'Embankment': 0, 'embkt': 0, 'Relief': 0, 'Erosion': 0, 'SDRF': 0, 'Inundation': 0, 'Hydrology': 0, 'Silt': 0, 'Siltation': 0, 'Bund': 0, 'Trench': 0, 'Breach': 0, 'Culvert': 0, 'Sluice': 0, 'Dyke': 0, 'Storm water drain': 0, 'Emergency': 0, 'Immediate': 0, 'IM': 0, 'AE': 0, 'A E': 0, 'AAPDA MITRA': 0, 'Bridge': 2, 'River': 2, 'Drain': 0, 'Restoration': 0, 'Protection': 0, 'irr': 0, 'irrigation': 0, 'dam': 0, 'Nallah': 0, 'nala': 0, 'Retrofitting': 0, 'Pond': 0, 'Pokhari': 0, 'D/C': 0, 'Recharge shaft': 0, 'LFB': 0, 'RFB': 0}","{'Floodlight': 0, 'Flood Light': 0, 'GAS': 0, 'FIFA': 0, 'pipe': 0, 'pipes': 0, 'covid': 0, 'supply': 0, 'Beautification': 0, 'Installation': 0}",,,False,True,Immediate Measures
69412,NIT-512Group-4,Construction of civil work for Bailey type portable steel (Galvanized) Bridge at Bridge at  at  CH-85.320 Km of Gandaki river Village- Saran Block- Lehladpur District- Saran .,Construction of civil work for Bailey type portable steel (Galvanized) Bridge at Bridge at  at  CH-85.320 Km of Gandaki river Village- Saran Block- Lehladpur District- Saran .,8447000.0,INR,INR,2024-08-28 06:57:00+00:00,2024-08-28T03:21:42.496000+00:00,2024-09-23T09:39:14+00:00,Krishna Kumar,"Senior Project Engineer, Saran",BIHAR RAJYA PUL NIRMAN NIGAM LIMITED,BIHAR RAJYA PUL NIRMAN NIGAM LTD,Krishna Kumar,"SENIOR PROJECT ENGINEER, SARAN",BIHAR RAJYA PUL NIRMAN NIGAM LIMITED,169000.0,10000.0,3540.0,True,"{'Flood': 0, 'Embankment': 0, 'embkt': 0, 'Relief': 0, 'Erosion': 0, 'SDRF': 0, 'Inundation': 0, 'Hydrology': 0, 'Silt': 0, 'Siltation': 0, 'Bund': 0, 'Trench': 0, 'Breach': 0, 'Culvert': 0, 'Sluice': 0, 'Dyke': 0, 'Storm water drain': 0, 'Emergency': 0, 'Immediate': 0, 'IM': 0, 'AE': 0, 'A E': 0, 'AAPDA MITRA': 0, 'Bridge': 4, 'River': 2, 'Drain': 0, 'Restoration': 0, 'Protection': 0, 'irr': 0, 'irrigation': 0, 'dam': 0, 'Nallah': 0, 'nala': 0, 'Retrofitting': 0, 'Pond': 0, 'Pokhari': 0, 'D/C': 0, 'Recharge shaft': 0, 'LFB': 0, 'RFB': 0}","{'Floodlight': 0, 'Flood Light': 0, 'GAS': 0, 'FIFA': 0, 'pipe': 0, 'pipes': 0, 'covid': 0, 'supply': 0, 'Beautification': 0, 'Installation': 0}",,,False,True,Immediate Measures
69411,NIT-512Group-3,Construction of civil work for Bailey type portable steel (Galvanized) Bridge at Bridge at  CH- 74.0 Km of Gandaki river Village- Bhikhabandh- Block- Daraundha District- Siwan  Group 3,Construction of civil work for Bailey type portable steel (Galvanized) Bridge at Bridge at  CH- 74.0 Km of Gandaki river Village- Bhikhabandh- Block- Daraundha District- Siwan  Group 3,9921000.0,INR,INR,2024-08-28 07:02:22+00:00,2024-08-28T02:16:17.926000+00:00,2024-09-23T10:03:58+00:00,Krishna Kumar,"Senior Project Engineer, Saran",BIHAR RAJYA PUL NIRMAN NIGAM LIMITED,BIHAR RAJYA PUL NIRMAN NIGAM LTD,Krishna Kumar,"SENIOR PROJECT ENGINEER, SARAN",BIHAR RAJYA PUL NIRMAN NIGAM LIMITED,199000.0,10000.0,3540.0,True,"{'Flood': 0, 'Embankment': 0, 'embkt': 0, 'Relief': 0, 'Erosion': 0, 'SDRF': 0, 'Inundation': 0, 'Hydrology': 0, 'Silt': 0, 'Siltation': 0, 'Bund': 0, 'Trench': 0, 'Breach': 0, 'Culvert': 0, 'Sluice': 0, 'Dyke': 0, 'Storm water drain': 0, 'Emergency': 0, 'Immediate': 0, 'IM': 0, 'AE': 0, 'A E': 0, 'AAPDA MITRA': 0, 'Bridge': 4, 'River': 2, 'Drain': 0, 'Restoration': 0, 'Protection': 0, 'irr': 0, 'irrigation': 0, 'dam': 0, 'Nallah': 0, 'nala': 0, 'Retrofitting': 0, 'Pond': 0, 'Pokhari': 0, 'D/C': 0, 'Recharge shaft': 0, 'LFB': 0, 'RFB': 0}","{'Floodlight': 0, 'Flood Light': 0, 'GAS': 0, 'FIFA': 0, 'pipe': 0, 'pipes': 0, 'covid': 0, 'supply': 0, 'Beautification': 0, 'Installation': 0}",,,False,True,Immediate Measures
69420,NIT-512Group-6,"Construction of civil work for Bailey type portable steel (Galvanized) Bridge at Bridge at  CH- 84.10 Km of Gandaki river Village- Janta Bazar, Block- lahladpur, District- Saran .","Construction of civil work for Bailey type portable steel (Galvanized) Bridge at Bridge at  CH- 84.10 Km of Gandaki river Village- Janta Bazar, Block- lahladpur, District- Saran .",13695000.0,INR,INR,2024-08-28 06:49:17+00:00,2024-08-28T04:42:17.332000+00:00,2024-09-23T09:50:41+00:00,Krishna Kumar,"Senior Project Engineer, Saran",BIHAR RAJYA PUL NIRMAN NIGAM LIMITED,BIHAR RAJYA PUL NIRMAN NIGAM LTD,Krishna Kumar,"SENIOR PROJECT ENGINEER, SARAN",BIHAR RAJYA PUL NIRMAN NIGAM LIMITED,274000.0,10000.0,3540.0,True,"{'Flood': 0, 'Embankment': 0, 'embkt': 0, 'Relief': 0, 'Erosion': 0, 'SDRF': 0, 'Inundation': 0, 'Hydrology': 0, 'Silt': 0, 'Siltation': 0, 'Bund': 0, 'Trench': 0, 'Breach': 0, 'Culvert': 0, 'Sluice': 0, 'Dyke': 0, 'Storm water drain': 0, 'Emergency': 0, 'Immediate': 0, 'IM': 0, 'AE': 0, 'A E': 0, 'AAPDA MITRA': 0, 'Bridge': 4, 'River': 2, 'Drain': 0, 'Restoration': 0, 'Protection': 0, 'irr': 0, 'irrigation': 0, 'dam': 0, 'Nallah': 0, 'nala': 0, 'Retrofitting': 0, 'Pond': 0, 'Pokhari': 0, 'D/C': 0, 'Recharge shaft': 0, 'LFB': 0, 'RFB': 0}","{'Floodlight': 0, 'Flood Light': 0, 'GAS': 0, 'FIFA': 0, 'pipe': 0, 'pipes': 0, 'covid': 0, 'supply': 0, 'Beautification': 0, 'Installation': 0}",,,False,True,Immediate Measures
69419,NP/TRIVENIGANJ/NIT01//24-25/GR -05,Construction of Road with Drain from Rajkumar Jha house to Praveen Jha house in Ward No 09 under NP Triveniganj.,Construction of Road with Drain from Rajkumar Jha house to Praveen Jha house in Ward No 09 under NP Triveniganj.,1474100.0,INR,INR,2024-08-28 16:40:25+00:00,2024-08-28T04:41:15.307000+00:00,2025-05-10T08:25:51+00:00,Raj Sahil,E O Triveniganj,NAGAR PARISHAD TRIVENIGANJ,NAGAR PARISHAD TRIVENIGANJ,Raj Sahil,E O Triveniganj,NAGAR PARISHAD TRIVENIGANJ,29500.0,2500.0,590.0,True,"{'Flood': 0, 'Embankment': 0, 'embkt': 0, 'Relief': 0, 'Erosion': 0, 'SDRF': 0, 'Inundation': 0, 'Hydrology': 0, 'Silt': 0, 'Siltation': 0, 'Bund': 0, 'Trench': 0, 'Breach': 0, 'Culvert': 0, 'Sluice': 0, 'Dyke': 0, 'Storm water drain': 0, 'Emergency': 0, 'Immediate': 0, 'IM': 0, 'AE': 0, 'A E': 0, 'AAPDA MITRA': 0, 'Bridge': 0, 'River': 0, 'Drain': 2, 'Restoration': 0, 'Protection': 0, 'irr': 0, 'irrigation': 0, 'dam': 0, 'Nallah': 0, 'nala': 0, 'Retrofitting': 0, 'Pond': 0, 'Pokhari': 0, 'D/C': 0, 'Recharge shaft': 0, 'LFB': 0, 'RFB': 0}","{'Floodlight': 0, 'Flood Light': 0, 'GAS': 0, 'FIFA': 0, 'pipe': 0, 'pipes': 0, 'covid': 0, 'supply': 0, 'Beautification': 0, 'Installation': 0}",,,False,True,Immediate Measures
69416,NP/TRIVENIGANJ/NIT01//24-25/GR -02,Construction of Drain with Road from Uma Sardar house to Bihari Sardar house via Kaler Sardar house in Ward No 04 under NP Triveniganj.,Construction of Drain with Road from Uma Sardar house to Bihari Sardar house via Kaler Sardar house in Ward No 04 under NP Triveniganj.,2499900.0,INR,INR,2024-08-28 14:18:03+00:00,2024-08-28T04:07:15.635000+00:00,2024-12-20T06:27:29+00:00,Raj Sahil,E O Triveniganj,NAGAR PARISHAD TRIVENIGANJ,NAGAR PARISHAD TRIVENIGANJ,Raj Sahil,E O Triveniganj,NAGAR PARISHAD TRIVENIGANJ,50000.0,5000.0,590.0,True,"{'Flood': 0, 'Embankment': 0, 'embkt': 0, 'Relief': 0, 'Erosion': 0, 'SDRF': 0, 'Inundation': 0, 'Hydrology': 0, 'Silt': 0, 'Siltation': 0, 'Bund': 0, 'Trench': 0, 'Breach': 0, 'Culvert': 0, 'Sluice': 0, 'Dyke': 0, 'Storm water drain': 0, 'Emergency': 0, 'Immediate': 0, 'IM': 0, 'AE': 0, 'A E': 0, 'AAPDA MITRA': 0, 'Bridge': 0, 'River': 0, 'Drain': 2, 'Restoration': 0, 'Protection': 0, 'irr': 0, 'irrigation': 0, 'dam': 0, 'Nallah': 0, 'nala': 0, 'Retrofitting': 0, 'Pond': 0, 'Pokhari': 0, 'D/C': 0, 'Recharge shaft': 0, 'LFB': 0, 'RFB': 0}","{'Floodlight': 0, 'Flood Light': 0, 'GAS': 0, 'FIFA': 0, 'pipe': 0, 'pipes': 0, 'covid': 0, 'supply': 0, 'Beautification': 0, 'Installation': 0}",,,False,True,Immediate Measures
69428,NP/TRIVENIGANJ/NIT01//24-25/GR -10,Construction of Drain from Uma Gupta house to Vinay Singh house in Ward No 18 under NP Triveniganj.,Construction of Drain from Uma Gupta house to Vinay Singh house in Ward No 18 under NP Triveniganj.,1226900.0,INR,INR,2024-08-28 15:22:17+00:00,2024-08-28T05:20:07.188000+00:00,2025-02-01T13:24:35+00:00,Raj Sahil,E O Triveniganj,NAGAR PARISHAD TRIVENIGANJ,NAGAR PARISHAD TRIVENIGANJ,Raj Sahil,E O Triveniganj,NAGAR PARISHAD TRIVENIGANJ,24600.0,2500.0,590.0,True,"{'Flood': 0, 'Embankment': 0, 'embkt': 0, 'Relief': 0, 'Erosion': 0, 'SDRF': 0, 'Inundation': 0, 'Hydrology': 0, 'Silt': 0, 'Siltation': 0, 'Bund': 0, 'Trench': 0, 'Breach': 0, 'Culvert': 0, 'Sluice': 0, 'Dyke': 0, 'Storm water drain': 0, 'Emergency': 0, 'Immediate': 0, 'IM': 0, 'AE': 0, 'A E': 0, 'AAPDA MITRA': 0, 'Bridge': 0, 'River': 0, 'Drain': 2, 'Restoration': 0, 'Protection': 0, 'irr': 0, 'irrigation': 0, 'dam': 0, 'Nallah': 0, 'nala': 0, 'Retrofitting': 0, 'Pond': 0, 'Pokhari': 0, 'D/C': 0, 'Recharge shaft': 0, 'LFB': 0, 'RFB': 0}","{'Floodlight': 0, 'Flood Light': 0, 'GAS': 0, 'FIFA': 0, 'pipe': 0, 'pipes': 0, 'covid': 0, 'supply': 0, 'Beautification': 0, 'Installation': 0}",,,False,True,Immediate Measures
69429,NP/TRIVENIGANJ/NIT01//24-25/GR -11,Construction of Drain from Vinay Singh house to Panchmukhi Hotel in Ward No 18 under NP Triveniganj.,Construction of Drain from Vinay Singh house to Panchmukhi Hotel in Ward No 18 under NP Triveniganj.,1181700.0,INR,INR,2024-08-28 16:47:01+00:00,2024-08-28T05:24:30.905000+00:00,2025-02-01T13:43:15+00:00,Raj Sahil,E O Triveniganj,NAGAR PARISHAD TRIVENIGANJ,NAGAR PARISHAD TRIVENIGANJ,Raj Sahil,E O Triveniganj,NAGAR PARISHAD TRIVENIGANJ,23700.0,2500.0,590.0,True,"{'Flood': 0, 'Embankment': 0, 'embkt': 0, 'Relief': 0, 'Erosion': 0, 'SDRF': 0, 'Inundation': 0, 'Hydrology': 0, 'Silt': 0, 'Siltation': 0, 'Bund': 0, 'Trench': 0, 'Breach': 0, 'Culvert': 0, 'Sluice': 0, 'Dyke': 0, 'Storm water drain': 0, 'Emergency': 0, 'Immediate': 0, 'IM': 0, 'AE': 0, 'A E': 0, 'AAPDA MITRA': 0, 'Bridge': 0, 'River': 0, 'Drain': 2, 'Restoration': 0, 'Protection': 0, 'irr': 0, 'irrigation': 0, 'dam': 0, 'Nallah': 0, 'nala': 0, 'Retrofitting': 0, 'Pond': 0, 'Pokhari': 0, 'D/C': 0, 'Recharge shaft': 0, 'LFB': 0, 'RFB': 0}","{'Floodlight': 0, 'Flood Light': 0, 'GAS': 0, 'FIFA': 0, 'pipe': 0, 'pipes': 0, 'covid': 0, 'supply': 0, 'Beautification': 0, 'Installation': 0}",,,False,True,Immediate Measures
69415,NIT-512Group-5,Construction of civil work for Bailey type portable steel (Galvanized) Bridge at Bridge at  CH- 98.227 Km of Gandaki river Village- Sarauya Block- Baniapur District- Saran,Construction of civil work for Bailey type portable steel (Galvanized) Bridge at Bridge at  CH- 98.227 Km of Gandaki river Village- Sarauya Block- Baniapur District- Saran,10111000.0,INR,INR,2024-08-28 06:53:01+00:00,2024-08-28T03:53:54.823000+00:00,2024-09-23T09:34:25+00:00,Krishna Kumar,"Senior Project Engineer, Saran",BIHAR RAJYA PUL NIRMAN NIGAM LIMITED,BIHAR RAJYA PUL NIRMAN NIGAM LTD,Krishna Kumar,"SENIOR PROJECT ENGINEER, SARAN",BIHAR RAJYA PUL NIRMAN NIGAM LIMITED,203000.0,10000.0,3540.0,True,"{'Flood': 0, 'Embankment': 0, 'embkt': 0, 'Relief': 0, 'Erosion': 0, 'SDRF': 0, 'Inundation': 0, 'Hydrology': 0, 'Silt': 0, 'Siltation': 0, 'Bund': 0, 'Trench': 0, 'Breach': 0, 'Culvert': 0, 'Sluice': 0, 'Dyke': 0, 'Storm water drain': 0, 'Emergency': 0, 'Immediate': 0, 'IM': 0, 'AE': 0, 'A E': 0, 'AAPDA MITRA': 0, 'Bridge': 4, 'River': 2, 'Drain': 0, 'Restoration': 0, 'Protection': 0, 'irr': 0, 'irrigation': 0, 'dam': 0, 'Nallah': 0, 'nala': 0, 'Retrofitting': 0, 'Pond': 0, 'Pokhari': 0, 'D/C': 0, 'Recharge shaft': 0, 'LFB': 0, 'RFB': 0}","{'Floodlight': 0, 'Flood Light': 0, 'GAS': 0, 'FIFA': 0, 'pipe': 0, 'pipes': 0, 'covid': 0, 'supply': 0, 'Beautification': 0, 'Installation': 0}",,,False,True,Immediate Measures
69443,NIT NO -01/F2/2024-2025 RCD ROADDIVISION GOPALGANJ,M/R Work of  Approach Road of HL RCC Bridge Across River Gandak at Bangara Ghat Total Length-3.420 KM (Ch 07+530 to 10+950) for the year 2024-25 Under Road Division Gopalganj.,M/R Work of  Approach Road of HL RCC Bridge Across River Gandak at Bangara Ghat Total Length-3.420 KM (Ch 07+530 to 10+950) for the year 2024-25 Under Road Division Gopalganj.,3822615.0,INR,INR,2024-08-28 11:13:56+00:00,2024-08-28T06:13:30.365000+00:00,2025-02-13T07:46:56+00:00,EXECUTIVE ENGINEER GOPALGANJ,EXECUTIVE ENGINEER,"ROAD DIVISION, GOPALGANJ","OFFICE OF EXECUTIVE ENGINEER, ROAD DIVISION GOPALGANJ","SUPERINTENDING ENGINEER, SARAN ROAD CIRCLE HAJIPUR",SE,SARAN ROAD CIRCLE HAJIPUR,77000.0,5000.0,590.0,True,"{'Flood': 0, 'Embankment': 0, 'embkt': 0, 'Relief': 0, 'Erosion': 0, 'SDRF': 0, 'Inundation': 0, 'Hydrology': 0, 'Silt': 0, 'Siltation': 0, 'Bund': 0, 'Trench': 0, 'Breach': 0, 'Culvert': 0, 'Sluice': 0, 'Dyke': 0, 'Storm water drain': 0, 'Emergency': 0, 'Immediate': 0, 'IM': 0, 'AE': 0, 'A E': 0, 'AAPDA MITRA': 0, 'Bridge': 2, 'River': 2, 'Drain': 0, 'Restoration': 0, 'Protection': 0, 'irr': 0, 'irrigation': 0, 'dam': 0, 'Nallah': 0, 'nala': 0, 'Retrofitting': 0, 'Pond': 0, 'Pokhari': 0, 'D/C': 0, 'Recharge shaft': 0, 'LFB': 0, 'RFB': 0}","{'Floodlight': 0, 'Flood Light': 0, 'GAS': 0, 'FIFA': 0, 'pipe': 0, 'pipes': 0, 'covid': 0, 'supply': 0, 'Beautification': 0, 'Installation': 0}",,,False,True,Others
69496,SMC/NIT 03-2024-25/GR-01,Nagar Nigam Saharsa chhetra antargat Sulindabad jane wali mukhay sadak se Dr. Prahlad ke ghar hote huye vishavkarma chowk tak path me RCC nala sah PCC sadak nirman kary.,Nagar Nigam Saharsa chhetra antargat Sulindabad jane wali mukhay sadak se Dr. Prahlad ke ghar hote huye vishavkarma chowk tak path me RCC nala sah PCC sadak nirman kary.,6784800.0,INR,INR,2024-08-28 11:23:08+00:00,2024-08-28T10:41:26.230000+00:00,2024-11-25T09:37:00+00:00,MUMUKSHU KUMAR CHOUDHARY,MUNICIPAL COMMISSIONER,SAHARSA MUNICIPAL CORPORATION,"NAGAR PALIKA CHOWK, GANGJALA, WARD NO- 32, SAHARSA",MUMUKSHU KUMAR CHOUDHARY,MUNICIPAL COMMISSIONER,SAHARSA MUNICIPAL CORPORATION,136000.0,10000.0,590.0,True,"{'Flood': 0, 'Embankment': 0, 'embkt': 0, 'Relief': 0, 'Erosion': 0, 'SDRF': 0, 'Inundation': 0, 'Hydrology': 0, 'Silt': 0, 'Siltation': 0, 'Bund': 0, 'Trench': 0, 'Breach': 0, 'Culvert': 0, 'Sluice': 0, 'Dyke': 0, 'Storm water drain': 0, 'Emergency': 0, 'Immediate': 0, 'IM': 0, 'AE': 0, 'A E': 0, 'AAPDA MITRA': 0, 'Bridge': 0, 'River': 0, 'Drain': 0, 'Restoration': 0, 'Protection': 0, 'irr': 0, 'irrigation': 0, 'dam': 0, 'Nallah': 0, 'nala': 2, 'Retrofitting': 0, 'Pond': 0, 'Pokhari': 0, 'D/C': 0, 'Recharge shaft': 0, 'LFB': 0, 'RFB': 0}","{'Floodlight': 0, 'Flood Light': 0, 'GAS': 0, 'FIFA': 0, 'pipe': 0, 'pipes': 0, 'covid': 0, 'supply': 0, 'Beautification': 0, 'Installation': 0}",,,False,False,Immediate Measures
69512,NIT 11 2024 25 GR 03,GROUP NO.- 03 Name of Work :- Construction of Road and Drain (In Part) from main road Karji Thakur house to Prof. R.N. Roy house via Madan Jha & Extended upto Anil Jha house in Moh.-GandhiNagar ward no.-17. (Part),GROUP NO.- 03 Name of Work :- Construction of Road and Drain (In Part) from main road Karji Thakur house to Prof. R.N. Roy house via Madan Jha & Extended upto Anil Jha house in Moh.-GandhiNagar ward no.-17. (Part),1805000.0,INR,INR,2024-08-28 12:41:07+00:00,2024-08-28T12:30:13.528000+00:00,2024-11-29T08:41:52+00:00,KUMAR GAURAV,MUNICIPAL COMMISSIONER,"DARBHANGA MUNICIPAL CORPORATION, DARBHANGA","DARBHANGA MUNICIPAL CORPORATION, DARBHANGA TOWN HALL DARBHANGA",KUMAR GAURAV,MUNICIPAL COMMISSIONER,"DARBHANGA MUNICIPAL CORPORATION, DARBHANGA",36100.0,5000.0,590.0,True,"{'Flood': 0, 'Embankment': 0, 'embkt': 0, 'Relief': 0, 'Erosion': 0, 'SDRF': 0, 'Inundation': 0, 'Hydrology': 0, 'Silt': 0, 'Siltation': 0, 'Bund': 0, 'Trench': 0, 'Breach': 0, 'Culvert': 0, 'Sluice': 0, 'Dyke': 0, 'Storm water drain': 0, 'Emergency': 0, 'Immediate': 0, 'IM': 0, 'AE': 0, 'A E': 0, 'AAPDA MITRA': 0, 'Bridge': 0, 'River': 0, 'Drain': 2, 'Restoration': 0, 'Protection': 0, 'irr': 0, 'irrigation': 0, 'dam': 0, 'Nallah': 0, 'nala': 0, 'Retrofitting': 0, 'Pond': 0, 'Pokhari': 0, 'D/C': 0, 'Recharge shaft': 0, 'LFB': 0, 'RFB': 0}","{'Floodlight': 0, 'Flood Light': 0, 'GAS': 0, 'FIFA': 0, 'pipe': 0, 'pipes': 0, 'covid': 0, 'supply': 0, 'Beautification': 0, 'Installation': 0}",,,False,True,Immediate Measures
69499,SMC/NIT 03-2024-25/GR-02,Nagar Nigam Saharsa chhetra antargat Dr. Mrityunjay Kumar Vatsalay adhivakta se Kari Sahni ka Ghar hote huye Vishavkarma Chowk tak path me RCC nala sah PCC sadak nirman kary.,Nagar Nigam Saharsa chhetra antargat Dr. Mrityunjay Kumar Vatsalay adhivakta se Kari Sahni ka Ghar hote huye Vishavkarma Chowk tak path me RCC nala sah PCC sadak nirman kary.,6863000.0,INR,INR,2024-08-28 11:32:34+00:00,2024-08-28T11:23:38.936000+00:00,2024-11-25T09:58:06+00:00,MUMUKSHU KUMAR CHOUDHARY,MUNICIPAL COMMISSIONER,SAHARSA MUNICIPAL CORPORATION,"NAGAR PALIKA CHOWK, GANGJALA, WARD NO- 32, SAHARSA",MUMUKSHU KUMAR CHOUDHARY,MUNICIPAL COMMISSIONER,SAHARSA MUNICIPAL CORPORATION,138000.0,10000.0,590.0,True,"{'Flood': 0, 'Embankment': 0, 'embkt': 0, 'Relief': 0, 'Erosion': 0, 'SDRF': 0, 'Inundation': 0, 'Hydrology': 0, 'Silt': 0, 'Siltation': 0, 'Bund': 0, 'Trench': 0, 'Breach': 0, 'Culvert': 0, 'Sluice': 0, 'Dyke': 0, 'Storm water drain': 0, 'Emergency': 0, 'Immediate': 0, 'IM': 0, 'AE': 0, 'A E': 0, 'AAPDA MITRA': 0, 'Bridge': 0, 'River': 0, 'Drain': 0, 'Restoration': 0, 'Protection': 0, 'irr': 0, 'irrigation': 0, 'dam': 0, 'Nallah': 0, 'nala': 2, 'Retrofitting': 0, 'Pond': 0, 'Pokhari': 0, 'D/C': 0, 'Recharge shaft': 0, 'LFB': 0, 'RFB': 0}","{'Floodlight': 0, 'Flood Light': 0, 'GAS': 0, 'FIFA': 0, 'pipe': 0, 'pipes': 0, 'covid': 0, 'supply': 0, 'Beautification': 0, 'Installation': 0}",,,False,False,Immediate Measures
69521,NNSSMNIT07/2024-25 GR_01,BOQ for Widning  Work of  Dharamshala Road  and one side construction of  R.C.C Drain from GT Road to City Mall  under Nagar Nigam Sasaram Rohtas District,BOQ for Widning  Work of  Dharamshala Road  and one side construction of  R.C.C Drain from GT Road to City Mall  under Nagar Nigam Sasaram Rohtas District,18620809.0,INR,INR,2024-08-28 13:48:18+00:00,2024-08-28T13:28:56.134000+00:00,2025-05-19T13:06:54+00:00,VIKAS KUMAR,SASARAM MUNICIPAL COMMISSIONER,SASARAM NAGAR NIGAM,G.T. ROAD SASARAM,VIKAS KUMAR,SASARAM MUNICIPAL COMMISSIONER,SASARAM NAGAR NIGAM,372500.0,10000.0,3540.0,True,"{'Flood': 0, 'Embankment': 0, 'embkt': 0, 'Relief': 0, 'Erosion': 0, 'SDRF': 0, 'Inundation': 0, 'Hydrology': 0, 'Silt': 0, 'Siltation': 0, 'Bund': 0, 'Trench': 0, 'Breach': 0, 'Culvert': 0, 'Sluice': 0, 'Dyke': 0, 'Storm water drain': 0, 'Emergency': 0, 'Immediate': 0, 'IM': 0, 'AE': 0, 'A E': 0, 'AAPDA MITRA': 0, 'Bridge': 0, 'River': 0, 'Drain': 2, 'Restoration': 0, 'Protection': 0, 'irr': 0, 'irrigation': 0, 'dam': 0, 'Nallah': 0, 'nala': 0, 'Retrofitting': 0, 'Pond': 0, 'Pokhari': 0, 'D/C': 0, 'Recharge shaft': 0, 'LFB': 0, 'RFB': 0}","{'Floodlight': 0, 'Flood Light': 0, 'GAS': 0, 'FIFA': 0, 'pipe': 0, 'pipes': 0, 'covid': 0, 'supply': 0, 'Beautification': 0, 'Installation': 0}",,,False,True,Immediate Measures
69520,NIT 11 2024 25 GR 06,GROUP NO.- 06 Name of Work :- Construction of Road and Drain in Part Portion from Katarahiya Masjid upto Corner of Lakhan Singh house in Katarahiya ward no.-17.,GROUP NO.- 06 Name of Work :- Construction of Road and Drain in Part Portion from Katarahiya Masjid upto Corner of Lakhan Singh house in Katarahiya ward no.-17.,2450000.0,INR,INR,2024-08-28 13:59:41+00:00,2024-08-28T13:26:57.038000+00:00,2024-11-29T08:52:54+00:00,KUMAR GAURAV,MUNICIPAL COMMISSIONER,"DARBHANGA MUNICIPAL CORPORATION, DARBHANGA","DARBHANGA MUNICIPAL CORPORATION, DARBHANGA TOWN HALL DARBHANGA",KUMAR GAURAV,MUNICIPAL COMMISSIONER,"DARBHANGA MUNICIPAL CORPORATION, DARBHANGA",49000.0,5000.0,590.0,True,"{'Flood': 0, 'Embankment': 0, 'embkt': 0, 'Relief': 0, 'Erosion': 0, 'SDRF': 0, 'Inundation': 0, 'Hydrology': 0, 'Silt': 0, 'Siltation': 0, 'Bund': 0, 'Trench': 0, 'Breach': 0, 'Culvert': 0, 'Sluice': 0, 'Dyke': 0, 'Storm water drain': 0, 'Emergency': 0, 'Immediate': 0, 'IM': 0, 'AE': 0, 'A E': 0, 'AAPDA MITRA': 0, 'Bridge': 0, 'River': 0, 'Drain': 2, 'Restoration': 0, 'Protection': 0, 'irr': 0, 'irrigation': 0, 'dam': 0, 'Nallah': 0, 'nala': 0, 'Retrofitting': 0, 'Pond': 0, 'Pokhari': 0, 'D/C': 0, 'Recharge shaft': 0, 'LFB': 0, 'RFB': 0}","{'Floodlight': 0, 'Flood Light': 0, 'GAS': 0, 'FIFA': 0, 'pipe': 0, 'pipes': 0, 'covid': 0, 'supply': 0, 'Beautification': 0, 'Installation': 0}",,,False,True,Immediate Measures
69516,NIT 11 2024 25 GR 04,GROUP NO.- 04 Name of Work :- Constraction of PCC Road & RCC Drain in mohalla balbhadarpur fromSudha Milk Parlor to Pokhariya School Sri Radhakant Ray house Via  balbhadarpur Village in ward no 44  DMC Darbhanga.,GROUP NO.- 04 Name of Work :- Constraction of PCC Road & RCC Drain in mohalla balbhadarpur fromSudha Milk Parlor to Pokhariya School Sri Radhakant Ray house Via  balbhadarpur Village in ward no 44  DMC Darbhanga.,1820500.0,INR,INR,2024-08-28 12:49:32+00:00,2024-08-28T12:42:43.751000+00:00,2024-12-28T08:04:31+00:00,KUMAR GAURAV,MUNICIPAL COMMISSIONER,"DARBHANGA MUNICIPAL CORPORATION, DARBHANGA","DARBHANGA MUNICIPAL CORPORATION, DARBHANGA TOWN HALL DARBHANGA",KUMAR GAURAV,MUNICIPAL COMMISSIONER,"DARBHANGA MUNICIPAL CORPORATION, DARBHANGA",36500.0,5000.0,590.0,True,"{'Flood': 0, 'Embankment': 0, 'embkt': 0, 'Relief': 0, 'Erosion': 0, 'SDRF': 0, 'Inundation': 0, 'Hydrology': 0, 'Silt': 0, 'Siltation': 0, 'Bund': 0, 'Trench': 0, 'Breach': 0, 'Culvert': 0, 'Sluice': 0, 'Dyke': 0, 'Storm water drain': 0, 'Emergency': 0, 'Immediate': 0, 'IM': 0, 'AE': 0, 'A E': 0, 'AAPDA MITRA': 0, 'Bridge': 0, 'River': 0, 'Drain': 2, 'Restoration': 0, 'Protection': 0, 'irr': 0, 'irrigation': 0, 'dam': 0, 'Nallah': 0, 'nala': 0, 'Retrofitting': 0, 'Pond': 0, 'Pokhari': 0, 'D/C': 0, 'Recharge shaft': 0, 'LFB': 0, 'RFB': 0}","{'Floodlight': 0, 'Flood Light': 0, 'GAS': 0, 'FIFA': 0, 'pipe': 0, 'pipes': 0, 'covid': 0, 'supply': 0, 'Beautification': 0, 'Installation': 0}",,,False,True,Immediate Measures
69522,NNSSMNIT07/2024-25 GR_02,BOQ for construction of  PCC Road and RCC Drain from Bauliya More to Phulwariya Mazar under Nagar Nigam Sasaram Rohtas District,BOQ for construction of  PCC Road and RCC Drain from Bauliya More to Phulwariya Mazar under Nagar Nigam Sasaram Rohtas District,11919664.0,INR,INR,2024-08-28 13:47:27+00:00,2024-08-28T13:40:22.905000+00:00,2025-05-20T06:26:11+00:00,VIKAS KUMAR,SASARAM MUNICIPAL COMMISSIONER,SASARAM NAGAR NIGAM,G.T. ROAD SASARAM,VIKAS KUMAR,SASARAM MUNICIPAL COMMISSIONER,SASARAM NAGAR NIGAM,238400.0,10000.0,3540.0,True,"{'Flood': 0, 'Embankment': 0, 'embkt': 0, 'Relief': 0, 'Erosion': 0, 'SDRF': 0, 'Inundation': 0, 'Hydrology': 0, 'Silt': 0, 'Siltation': 0, 'Bund': 0, 'Trench': 0, 'Breach': 0, 'Culvert': 0, 'Sluice': 0, 'Dyke': 0, 'Storm water drain': 0, 'Emergency': 0, 'Immediate': 0, 'IM': 0, 'AE': 0, 'A E': 0, 'AAPDA MITRA': 0, 'Bridge': 0, 'River': 0, 'Drain': 2, 'Restoration': 0, 'Protection': 0, 'irr': 0, 'irrigation': 0, 'dam': 0, 'Nallah': 0, 'nala': 0, 'Retrofitting': 0, 'Pond': 0, 'Pokhari': 0, 'D/C': 0, 'Recharge shaft': 0, 'LFB': 0, 'RFB': 0}","{'Floodlight': 0, 'Flood Light': 0, 'GAS': 0, 'FIFA': 0, 'pipe': 0, 'pipes': 0, 'covid': 0, 'supply': 0, 'Beautification': 0, 'Installation': 0}",,,False,True,Immediate Measures
69525,NIT 11 2024 25 GR 09,GROUP NO.- 09 Name of Work :- Construction of Road and Drain from Badhai Tola to MMTM College in Mohalla-Kathalbari in Ward No.-12.,GROUP NO.- 09 Name of Work :- Construction of Road and Drain from Badhai Tola to MMTM College in Mohalla-Kathalbari in Ward No.-12.,2130000.0,INR,INR,2024-08-28 14:14:57+00:00,2024-08-28T14:11:22.906000+00:00,2024-12-12T13:39:59+00:00,KUMAR GAURAV,MUNICIPAL COMMISSIONER,"DARBHANGA MUNICIPAL CORPORATION, DARBHANGA","DARBHANGA MUNICIPAL CORPORATION, DARBHANGA TOWN HALL DARBHANGA",KUMAR GAURAV,MUNICIPAL COMMISSIONER,"DARBHANGA MUNICIPAL CORPORATION, DARBHANGA",42600.0,5000.0,590.0,True,"{'Flood': 0, 'Embankment': 0, 'embkt': 0, 'Relief': 0, 'Erosion': 0, 'SDRF': 0, 'Inundation': 0, 'Hydrology': 0, 'Silt': 0, 'Siltation': 0, 'Bund': 0, 'Trench': 0, 'Breach': 0, 'Culvert': 0, 'Sluice': 0, 'Dyke': 0, 'Storm water drain': 0, 'Emergency': 0, 'Immediate': 0, 'IM': 0, 'AE': 0, 'A E': 0, 'AAPDA MITRA': 0, 'Bridge': 0, 'River': 0, 'Drain': 2, 'Restoration': 0, 'Protection': 0, 'irr': 0, 'irrigation': 0, 'dam': 0, 'Nallah': 0, 'nala': 0, 'Retrofitting': 0, 'Pond': 0, 'Pokhari': 0, 'D/C': 0, 'Recharge shaft': 0, 'LFB': 0, 'RFB': 0}","{'Floodlight': 0, 'Flood Light': 0, 'GAS': 0, 'FIFA': 0, 'pipe': 0, 'pipes': 0, 'covid': 0, 'supply': 0, 'Beautification': 0, 'Installation': 0}",,,False,True,Immediate Measures
69527,NIT 11 2024 25 GR 11,GROUP NO.- 11 Name of Work :- Construction of Road and Drain from PWD Main road upto MMTM College in Moh.-Kathalbari in Ward No.-12.,GROUP NO.- 11 Name of Work :- Construction of Road and Drain from PWD Main road upto MMTM College in Moh.-Kathalbari in Ward No.-12.,1990000.0,INR,INR,2024-08-28 14:23:41+00:00,2024-08-28T14:20:06.194000+00:00,2024-12-13T06:23:26+00:00,KUMAR GAURAV,MUNICIPAL COMMISSIONER,"DARBHANGA MUNICIPAL CORPORATION, DARBHANGA","DARBHANGA MUNICIPAL CORPORATION, DARBHANGA TOWN HALL DARBHANGA",KUMAR GAURAV,MUNICIPAL COMMISSIONER,"DARBHANGA MUNICIPAL CORPORATION, DARBHANGA",39800.0,5000.0,590.0,True,"{'Flood': 0, 'Embankment': 0, 'embkt': 0, 'Relief': 0, 'Erosion': 0, 'SDRF': 0, 'Inundation': 0, 'Hydrology': 0, 'Silt': 0, 'Siltation': 0, 'Bund': 0, 'Trench': 0, 'Breach': 0, 'Culvert': 0, 'Sluice': 0, 'Dyke': 0, 'Storm water drain': 0, 'Emergency': 0, 'Immediate': 0, 'IM': 0, 'AE': 0, 'A E': 0, 'AAPDA MITRA': 0, 'Bridge': 0, 'River': 0, 'Drain': 2, 'Restoration': 0, 'Protection': 0, 'irr': 0, 'irrigation': 0, 'dam': 0, 'Nallah': 0, 'nala': 0, 'Retrofitting': 0, 'Pond': 0, 'Pokhari': 0, 'D/C': 0, 'Recharge shaft': 0, 'LFB': 0, 'RFB': 0}","{'Floodlight': 0, 'Flood Light': 0, 'GAS': 0, 'FIFA': 0, 'pipe': 0, 'pipes': 0, 'covid': 0, 'supply': 0, 'Beautification': 0, 'Installation': 0}",,,False,True,Immediate Measures
69529,NIT 11 2024 25 GR 13,GROUP NO.- 13 Name of Work :-  Construction of RCC drain with PCC Road from The house of Wasim Khan to the house of via the house of izhar & Dr. Khurshid to Kabristan in ward no.-31.,GROUP NO.- 13 Name of Work :-  Construction of RCC drain with PCC Road from The house of Wasim Khan to the house of via the house of izhar & Dr. Khurshid to Kabristan in ward no.-31.,1890500.0,INR,INR,2024-08-28 14:34:35+00:00,2024-08-28T14:27:49.984000+00:00,2024-09-06T10:12:39+00:00,KUMAR GAURAV,MUNICIPAL COMMISSIONER,"DARBHANGA MUNICIPAL CORPORATION, DARBHANGA","DARBHANGA MUNICIPAL CORPORATION, DARBHANGA TOWN HALL DARBHANGA",KUMAR GAURAV,MUNICIPAL COMMISSIONER,"DARBHANGA MUNICIPAL CORPORATION, DARBHANGA",37900.0,5000.0,590.0,True,"{'Flood': 0, 'Embankment': 0, 'embkt': 0, 'Relief': 0, 'Erosion': 0, 'SDRF': 0, 'Inundation': 0, 'Hydrology': 0, 'Silt': 0, 'Siltation': 0, 'Bund': 0, 'Trench': 0, 'Breach': 0, 'Culvert': 0, 'Sluice': 0, 'Dyke': 0, 'Storm water drain': 0, 'Emergency': 0, 'Immediate': 0, 'IM': 0, 'AE': 0, 'A E': 0, 'AAPDA MITRA': 0, 'Bridge': 0, 'River': 0, 'Drain': 2, 'Restoration': 0, 'Protection': 0, 'irr': 0, 'irrigation': 0, 'dam': 0, 'Nallah': 0, 'nala': 0, 'Retrofitting': 0, 'Pond': 0, 'Pokhari': 0, 'D/C': 0, 'Recharge shaft': 0, 'LFB': 0, 'RFB': 0}","{'Floodlight': 0, 'Flood Light': 0, 'GAS': 0, 'FIFA': 0, 'pipe': 0, 'pipes': 0, 'covid': 0, 'supply': 0, 'Beautification': 0, 'Installation': 0}",,,False,True,Immediate Measures
69528,NIT 11 2024 25 GR 12,GROUP NO.- 12 Name of Work :-  Construction of RCC Drain & Repairing of Road in Part Length from Sai Baba Mandir to Road going Satihara Ashmashan Ghat in Moh.-Satihara in ward no.-08. (Part),GROUP NO.- 12 Name of Work :-  Construction of RCC Drain & Repairing of Road in Part Length from Sai Baba Mandir to Road going Satihara Ashmashan Ghat in Moh.-Satihara in ward no.-08. (Part),1920000.0,INR,INR,2024-08-28 14:27:32+00:00,2024-08-28T14:24:17.313000+00:00,2024-12-27T09:10:20+00:00,KUMAR GAURAV,MUNICIPAL COMMISSIONER,"DARBHANGA MUNICIPAL CORPORATION, DARBHANGA","DARBHANGA MUNICIPAL CORPORATION, DARBHANGA TOWN HALL DARBHANGA",KUMAR GAURAV,MUNICIPAL COMMISSIONER,"DARBHANGA MUNICIPAL CORPORATION, DARBHANGA",38400.0,5000.0,590.0,True,"{'Flood': 0, 'Embankment': 0, 'embkt': 0, 'Relief': 0, 'Erosion': 0, 'SDRF': 0, 'Inundation': 0, 'Hydrology': 0, 'Silt': 0, 'Siltation': 0, 'Bund': 0, 'Trench': 0, 'Breach': 0, 'Culvert': 0, 'Sluice': 0, 'Dyke': 0, 'Storm water drain': 0, 'Emergency': 0, 'Immediate': 0, 'IM': 0, 'AE': 0, 'A E': 0, 'AAPDA MITRA': 0, 'Bridge': 0, 'River': 0, 'Drain': 2, 'Restoration': 0, 'Protection': 0, 'irr': 0, 'irrigation': 0, 'dam': 0, 'Nallah': 0, 'nala': 0, 'Retrofitting': 0, 'Pond': 0, 'Pokhari': 0, 'D/C': 0, 'Recharge shaft': 0, 'LFB': 0, 'RFB': 0}","{'Floodlight': 0, 'Flood Light': 0, 'GAS': 0, 'FIFA': 0, 'pipe': 0, 'pipes': 0, 'covid': 0, 'supply': 0, 'Beautification': 0, 'Installation': 0}",,,False,True,Immediate Measures
69536,NIT NO 01/24-25 GROUP 05,"Construction of Rcc drain and pcc road from jitu mahto to subodh yadav to ramji saw to abhimanyu singh, pankaj kumar ke south to north side and tirthnarayan singh, sahi devi, ujjawal kant sharma,  manish kumar tak in ward no - 04 under nagar parishad Bakhtiyarpur.","Construction of Rcc drain and pcc road from jitu mahto to subodh yadav to ramji saw to abhimanyu singh, pankaj kumar ke south to north side and tirthnarayan singh, sahi devi, ujjawal kant sharma,  manish kumar tak in ward no - 04 under nagar parishad Bakhtiyarpur.",1911000.0,INR,INR,2024-08-28 16:18:23+00:00,2024-08-28T15:57:48.141000+00:00,2025-08-19T10:49:37+00:00,RAJEEV KUMAR GUPTA,EXECUTIVE OFFICER BAKHTIYARPUR,NAGAR PARISHAD BAKHTIYARPUR,"NEAR BAKHTIYARPUR BLOCK, WARD NO 05",RAJEEV KUMAR GUPTA,EXECUTIVE OFFICER BAKHTIYARPUR,NAGAR PARISHAD BAKHTIYARPUR,38300.0,5000.0,590.0,True,"{'Flood': 0, 'Embankment': 0, 'embkt': 0, 'Relief': 0, 'Erosion': 0, 'SDRF': 0, 'Inundation': 0, 'Hydrology': 0, 'Silt': 0, 'Siltation': 0, 'Bund': 0, 'Trench': 0, 'Breach': 0, 'Culvert': 0, 'Sluice': 0, 'Dyke': 0, 'Storm water drain': 0, 'Emergency': 0, 'Immediate': 0, 'IM': 0, 'AE': 0, 'A E': 0, 'AAPDA MITRA': 0, 'Bridge': 0, 'River': 0, 'Drain': 2, 'Restoration': 0, 'Protection': 0, 'irr': 0, 'irrigation': 0, 'dam': 0, 'Nallah': 0, 'nala': 0, 'Retrofitting': 0, 'Pond': 0, 'Pokhari': 0, 'D/C': 0, 'Recharge shaft': 0, 'LFB': 0, 'RFB': 0}","{'Floodlight': 0, 'Flood Light': 0, 'GAS': 0, 'FIFA': 0, 'pipe': 0, 'pipes': 0, 'covid': 0, 'supply': 0, 'Beautification': 0, 'Installation': 0}",,,False,True,Immediate Measures
69534,NIT NO 01/24-25 GROUP 03,Construction of Rcc drain and pcc road from nirbhay singh to amarnath singh to keshri babu house in ward no - 02 under nagar parishad Bakhtiyarpur.,Construction of Rcc drain and pcc road from nirbhay singh to amarnath singh to keshri babu house in ward no - 02 under nagar parishad Bakhtiyarpur.,2103800.0,INR,INR,2024-08-28 15:40:20+00:00,2024-08-28T15:32:27.395000+00:00,2025-05-05T10:59:01+00:00,RAJEEV KUMAR GUPTA,EXECUTIVE OFFICER BAKHTIYARPUR,NAGAR PARISHAD BAKHTIYARPUR,"NEAR BAKHTIYARPUR BLOCK, WARD NO 05",RAJEEV KUMAR GUPTA,EXECUTIVE OFFICER BAKHTIYARPUR,NAGAR PARISHAD BAKHTIYARPUR,42100.0,5000.0,590.0,True,"{'Flood': 0, 'Embankment': 0, 'embkt': 0, 'Relief': 0, 'Erosion': 0, 'SDRF': 0, 'Inundation': 0, 'Hydrology': 0, 'Silt': 0, 'Siltation': 0, 'Bund': 0, 'Trench': 0, 'Breach': 0, 'Culvert': 0, 'Sluice': 0, 'Dyke': 0, 'Storm water drain': 0, 'Emergency': 0, 'Immediate': 0, 'IM': 0, 'AE': 0, 'A E': 0, 'AAPDA MITRA': 0, 'Bridge': 0, 'River': 0, 'Drain': 2, 'Restoration': 0, 'Protection': 0, 'irr': 0, 'irrigation': 0, 'dam': 0, 'Nallah': 0, 'nala': 0, 'Retrofitting': 0, 'Pond': 0, 'Pokhari': 0, 'D/C': 0, 'Recharge shaft': 0, 'LFB': 0, 'RFB': 0}","{'Floodlight': 0, 'Flood Light': 0, 'GAS': 0, 'FIFA': 0, 'pipe': 0, 'pipes': 0, 'covid': 0, 'supply': 0, 'Beautification': 0, 'Installation': 0}",,,False,True,Immediate Measures
69531,NIT NO 01/24-25 GROUP 02,Construction of Rcc drain and pcc road from dih par devi ji mandir to baiju singh via dashrath mochi in ward no - 01 under nagar parishad Bakhtiyarpur.,Construction of Rcc drain and pcc road from dih par devi ji mandir to baiju singh via dashrath mochi in ward no - 01 under nagar parishad Bakhtiyarpur.,1768800.0,INR,INR,2024-08-28 15:31:28+00:00,2024-08-28T14:59:46.805000+00:00,2025-05-05T10:36:31+00:00,RAJEEV KUMAR GUPTA,EXECUTIVE OFFICER BAKHTIYARPUR,NAGAR PARISHAD BAKHTIYARPUR,"NEAR BAKHTIYARPUR BLOCK, WARD NO 05",RAJEEV KUMAR GUPTA,EXECUTIVE OFFICER BAKHTIYARPUR,NAGAR PARISHAD BAKHTIYARPUR,35500.0,5000.0,590.0,True,"{'Flood': 0, 'Embankment': 0, 'embkt': 0, 'Relief': 0, 'Erosion': 0, 'SDRF': 0, 'Inundation': 0, 'Hydrology': 0, 'Silt': 0, 'Siltation': 0, 'Bund': 0, 'Trench': 0, 'Breach': 0, 'Culvert': 0, 'Sluice': 0, 'Dyke': 0, 'Storm water drain': 0, 'Emergency': 0, 'Immediate': 0, 'IM': 0, 'AE': 0, 'A E': 0, 'AAPDA MITRA': 0, 'Bridge': 0, 'River': 0, 'Drain': 2, 'Restoration': 0, 'Protection': 0, 'irr': 0, 'irrigation': 0, 'dam': 0, 'Nallah': 0, 'nala': 0, 'Retrofitting': 0, 'Pond': 0, 'Pokhari': 0, 'D/C': 0, 'Recharge shaft': 0, 'LFB': 0, 'RFB': 0}","{'Floodlight': 0, 'Flood Light': 0, 'GAS': 0, 'FIFA': 0, 'pipe': 0, 'pipes': 0, 'covid': 0, 'supply': 0, 'Beautification': 0, 'Installation': 0}",,,False,True,Immediate Measures
69535,NIT NO 01/24-25 GROUP 04,Construction of Rcc drain and pcc road from Krishna singh house to arun singh dalan to school and ganesh singh house to school in ward no - 03 under nagar parishad Bakhtiyarpur.,Construction of Rcc drain and pcc road from Krishna singh house to arun singh dalan to school and ganesh singh house to school in ward no - 03 under nagar parishad Bakhtiyarpur.,2498400.0,INR,INR,2024-08-28 15:56:34+00:00,2024-08-28T15:49:33.239000+00:00,2025-05-05T09:29:39+00:00,RAJEEV KUMAR GUPTA,EXECUTIVE OFFICER BAKHTIYARPUR,NAGAR PARISHAD BAKHTIYARPUR,"NEAR BAKHTIYARPUR BLOCK, WARD NO 05",RAJEEV KUMAR GUPTA,EXECUTIVE OFFICER BAKHTIYARPUR,NAGAR PARISHAD BAKHTIYARPUR,50000.0,5000.0,590.0,True,"{'Flood': 0, 'Embankment': 0, 'embkt': 0, 'Relief': 0, 'Erosion': 0, 'SDRF': 0, 'Inundation': 0, 'Hydrology': 0, 'Silt': 0, 'Siltation': 0, 'Bund': 0, 'Trench': 0, 'Breach': 0, 'Culvert': 0, 'Sluice': 0, 'Dyke': 0, 'Storm water drain': 0, 'Emergency': 0, 'Immediate': 0, 'IM': 0, 'AE': 0, 'A E': 0, 'AAPDA MITRA': 0, 'Bridge': 0, 'River': 0, 'Drain': 2, 'Restoration': 0, 'Protection': 0, 'irr': 0, 'irrigation': 0, 'dam': 0, 'Nallah': 0, 'nala': 0, 'Retrofitting': 0, 'Pond': 0, 'Pokhari': 0, 'D/C': 0, 'Recharge shaft': 0, 'LFB': 0, 'RFB': 0}","{'Floodlight': 0, 'Flood Light': 0, 'GAS': 0, 'FIFA': 0, 'pipe': 0, 'pipes': 0, 'covid': 0, 'supply': 0, 'Beautification': 0, 'Installation': 0}",,,False,True,Immediate Measures
69542,NIT NO 01/24-25 GROUP 07,"Construction of Rcc drain and pcc road from master ji house to chatrapal baba tak via ranjit ji, anil ji house   in ward no - 06 under nagar parishad Bakhtiyarpur.","Construction of Rcc drain and pcc road from master ji house to chatrapal baba tak via ranjit ji, anil ji house   in ward no - 06 under nagar parishad Bakhtiyarpur.",2359300.0,INR,INR,2024-08-28 16:41:18+00:00,2024-08-28T16:34:34.453000+00:00,2025-05-05T09:05:54+00:00,RAJEEV KUMAR GUPTA,EXECUTIVE OFFICER BAKHTIYARPUR,NAGAR PARISHAD BAKHTIYARPUR,"NEAR BAKHTIYARPUR BLOCK, WARD NO 05",RAJEEV KUMAR GUPTA,EXECUTIVE OFFICER BAKHTIYARPUR,NAGAR PARISHAD BAKHTIYARPUR,47200.0,5000.0,590.0,True,"{'Flood': 0, 'Embankment': 0, 'embkt': 0, 'Relief': 0, 'Erosion': 0, 'SDRF': 0, 'Inundation': 0, 'Hydrology': 0, 'Silt': 0, 'Siltation': 0, 'Bund': 0, 'Trench': 0, 'Breach': 0, 'Culvert': 0, 'Sluice': 0, 'Dyke': 0, 'Storm water drain': 0, 'Emergency': 0, 'Immediate': 0, 'IM': 0, 'AE': 0, 'A E': 0, 'AAPDA MITRA': 0, 'Bridge': 0, 'River': 0, 'Drain': 2, 'Restoration': 0, 'Protection': 0, 'irr': 0, 'irrigation': 0, 'dam': 0, 'Nallah': 0, 'nala': 0, 'Retrofitting': 0, 'Pond': 0, 'Pokhari': 0, 'D/C': 0, 'Recharge shaft': 0, 'LFB': 0, 'RFB': 0}","{'Floodlight': 0, 'Flood Light': 0, 'GAS': 0, 'FIFA': 0, 'pipe': 0, 'pipes': 0, 'covid': 0, 'supply': 0, 'Beautification': 0, 'Installation': 0}",,,False,True,Immediate Measures
69550,NIT NO 01/24-25 GROUP 09,Construction of Rcc drain and pcc road from SH road to radheshayam ji house to prashant kumar house  in ward no - 08 under nagar parishad Bakhtiyarpur.,Construction of Rcc drain and pcc road from SH road to radheshayam ji house to prashant kumar house  in ward no - 08 under nagar parishad Bakhtiyarpur.,1205800.0,INR,INR,2024-08-28 16:55:40+00:00,2024-08-28T16:47:58.544000+00:00,2025-05-05T11:11:41+00:00,RAJEEV KUMAR GUPTA,EXECUTIVE OFFICER BAKHTIYARPUR,NAGAR PARISHAD BAKHTIYARPUR,"NEAR BAKHTIYARPUR BLOCK, WARD NO 05",RAJEEV KUMAR GUPTA,EXECUTIVE OFFICER BAKHTIYARPUR,NAGAR PARISHAD BAKHTIYARPUR,24200.0,2500.0,590.0,True,"{'Flood': 0, 'Embankment': 0, 'embkt': 0, 'Relief': 0, 'Erosion': 0, 'SDRF': 0, 'Inundation': 0, 'Hydrology': 0, 'Silt': 0, 'Siltation': 0, 'Bund': 0, 'Trench': 0, 'Breach': 0, 'Culvert': 0, 'Sluice': 0, 'Dyke': 0, 'Storm water drain': 0, 'Emergency': 0, 'Immediate': 0, 'IM': 0, 'AE': 0, 'A E': 0, 'AAPDA MITRA': 0, 'Bridge': 0, 'River': 0, 'Drain': 2, 'Restoration': 0, 'Protection': 0, 'irr': 0, 'irrigation': 0, 'dam': 0, 'Nallah': 0, 'nala': 0, 'Retrofitting': 0, 'Pond': 0, 'Pokhari': 0, 'D/C': 0, 'Recharge shaft': 0, 'LFB': 0, 'RFB': 0}","{'Floodlight': 0, 'Flood Light': 0, 'GAS': 0, 'FIFA': 0, 'pipe': 0, 'pipes': 0, 'covid': 0, 'supply': 0, 'Beautification': 0, 'Installation': 0}",,,False,True,Immediate Measures
69553,NIT04/2024-25/GRP01,Renovation of Thana Campus Pond at Ward No 11 Nagar Panchayat Bahadurganj.,Renovation of Thana Campus Pond at Ward No 11 Nagar Panchayat Bahadurganj.,2561100.0,INR,INR,2024-08-28 17:06:36+00:00,2024-08-28T16:54:49.607000+00:00,2025-01-29T06:46:04+00:00,"ATIUR RAHMAN,",EO,NAGAR PARISAD JANAKPUR,JANAKPUR ROAD PUPARI,"ATIUR RAHMAN,",EO,NAGAR PARISAD JANAKPUR,51300.0,5000.0,590.0,True,"{'Flood': 0, 'Embankment': 0, 'embkt': 0, 'Relief': 0, 'Erosion': 0, 'SDRF': 0, 'Inundation': 0, 'Hydrology': 0, 'Silt': 0, 'Siltation': 0, 'Bund': 0, 'Trench': 0, 'Breach': 0, 'Culvert': 0, 'Sluice': 0, 'Dyke': 0, 'Storm water drain': 0, 'Emergency': 0, 'Immediate': 0, 'IM': 0, 'AE': 0, 'A E': 0, 'AAPDA MITRA': 0, 'Bridge': 0, 'River': 0, 'Drain': 0, 'Restoration': 0, 'Protection': 0, 'irr': 0, 'irrigation': 0, 'dam': 0, 'Nallah': 0, 'nala': 0, 'Retrofitting': 0, 'Pond': 2, 'Pokhari': 0, 'D/C': 0, 'Recharge shaft': 0, 'LFB': 0, 'RFB': 0}","{'Floodlight': 0, 'Flood Light': 0, 'GAS': 0, 'FIFA': 0, 'pipe': 0, 'pipes': 0, 'covid': 0, 'supply': 0, 'Beautification': 0, 'Installation': 0}",,,False,False,Immediate Measures
69555,NIT NO 01/24-25 GROUP 10,"Construction of Rcc drain and pcc road from Sharma ji house(ganesh bastralay), manish ji house to bangali  ke makan ke aaage tak  in ward no - 09 under nagar parishad Bakhtiyarpur.","Construction of Rcc drain and pcc road from Sharma ji house(ganesh bastralay), manish ji house to bangali  ke makan ke aaage tak  in ward no - 09 under nagar parishad Bakhtiyarpur.",1844400.0,INR,INR,2024-08-28 17:02:55+00:00,2024-08-28T16:55:59.454000+00:00,2025-08-19T10:32:05+00:00,RAJEEV KUMAR GUPTA,EXECUTIVE OFFICER BAKHTIYARPUR,NAGAR PARISHAD BAKHTIYARPUR,"NEAR BAKHTIYARPUR BLOCK, WARD NO 05",RAJEEV KUMAR GUPTA,EXECUTIVE OFFICER BAKHTIYARPUR,NAGAR PARISHAD BAKHTIYARPUR,37000.0,5000.0,590.0,True,"{'Flood': 0, 'Embankment': 0, 'embkt': 0, 'Relief': 0, 'Erosion': 0, 'SDRF': 0, 'Inundation': 0, 'Hydrology': 0, 'Silt': 0, 'Siltation': 0, 'Bund': 0, 'Trench': 0, 'Breach': 0, 'Culvert': 0, 'Sluice': 0, 'Dyke': 0, 'Storm water drain': 0, 'Emergency': 0, 'Immediate': 0, 'IM': 0, 'AE': 0, 'A E': 0, 'AAPDA MITRA': 0, 'Bridge': 0, 'River': 0, 'Drain': 2, 'Restoration': 0, 'Protection': 0, 'irr': 0, 'irrigation': 0, 'dam': 0, 'Nallah': 0, 'nala': 0, 'Retrofitting': 0, 'Pond': 0, 'Pokhari': 0, 'D/C': 0, 'Recharge shaft': 0, 'LFB': 0, 'RFB': 0}","{'Floodlight': 0, 'Flood Light': 0, 'GAS': 0, 'FIFA': 0, 'pipe': 0, 'pipes': 0, 'covid': 0, 'supply': 0, 'Beautification': 0, 'Installation': 0}",,,False,True,Immediate Measures
69558,NIT04/2024-25/GRP03,Renovation of Pond Near at- Master Goda Lal House at Ward No 18 Nagar Panchayat Bahadurganj.,Renovation of Pond Near at- Master Goda Lal House at Ward No 18 Nagar Panchayat Bahadurganj.,2540000.0,INR,INR,2024-08-28 17:12:19+00:00,2024-08-28T17:09:41.757000+00:00,2025-05-02T06:45:03+00:00,"ATIUR RAHMAN,",EO,NAGAR PARISAD JANAKPUR,JANAKPUR ROAD PUPARI,"ATIUR RAHMAN,",EO,NAGAR PARISAD JANAKPUR,50800.0,5000.0,590.0,True,"{'Flood': 0, 'Embankment': 0, 'embkt': 0, 'Relief': 0, 'Erosion': 0, 'SDRF': 0, 'Inundation': 0, 'Hydrology': 0, 'Silt': 0, 'Siltation': 0, 'Bund': 0, 'Trench': 0, 'Breach': 0, 'Culvert': 0, 'Sluice': 0, 'Dyke': 0, 'Storm water drain': 0, 'Emergency': 0, 'Immediate': 0, 'IM': 0, 'AE': 0, 'A E': 0, 'AAPDA MITRA': 0, 'Bridge': 0, 'River': 0, 'Drain': 0, 'Restoration': 0, 'Protection': 0, 'irr': 0, 'irrigation': 0, 'dam': 0, 'Nallah': 0, 'nala': 0, 'Retrofitting': 0, 'Pond': 2, 'Pokhari': 0, 'D/C': 0, 'Recharge shaft': 0, 'LFB': 0, 'RFB': 0}","{'Floodlight': 0, 'Flood Light': 0, 'GAS': 0, 'FIFA': 0, 'pipe': 0, 'pipes': 0, 'covid': 0, 'supply': 0, 'Beautification': 0, 'Installation': 0}",,,False,False,Immediate Measures
69557,NIT04/2024-25/GRP02,Renovation of Shivpuri Pond at Ward No 11 Nagar Panchayat Bahadurganj.,Renovation of Shivpuri Pond at Ward No 11 Nagar Panchayat Bahadurganj.,3072000.0,INR,INR,2024-08-28 17:09:28+00:00,2024-08-28T17:06:53.969000+00:00,2025-01-29T06:35:42+00:00,"ATIUR RAHMAN,",EO,NAGAR PARISAD JANAKPUR,JANAKPUR ROAD PUPARI,"ATIUR RAHMAN,",EO,NAGAR PARISAD JANAKPUR,61500.0,5000.0,590.0,True,"{'Flood': 0, 'Embankment': 0, 'embkt': 0, 'Relief': 0, 'Erosion': 0, 'SDRF': 0, 'Inundation': 0, 'Hydrology': 0, 'Silt': 0, 'Siltation': 0, 'Bund': 0, 'Trench': 0, 'Breach': 0, 'Culvert': 0, 'Sluice': 0, 'Dyke': 0, 'Storm water drain': 0, 'Emergency': 0, 'Immediate': 0, 'IM': 0, 'AE': 0, 'A E': 0, 'AAPDA MITRA': 0, 'Bridge': 0, 'River': 0, 'Drain': 0, 'Restoration': 0, 'Protection': 0, 'irr': 0, 'irrigation': 0, 'dam': 0, 'Nallah': 0, 'nala': 0, 'Retrofitting': 0, 'Pond': 2, 'Pokhari': 0, 'D/C': 0, 'Recharge shaft': 0, 'LFB': 0, 'RFB': 0}","{'Floodlight': 0, 'Flood Light': 0, 'GAS': 0, 'FIFA': 0, 'pipe': 0, 'pipes': 0, 'covid': 0, 'supply': 0, 'Beautification': 0, 'Installation': 0}",,,False,False,Immediate Measures
69562,NIT NO 01/24-25 GROUP 15,Construction of Rcc drain and pcc road from SH road to laldev ray house to suresh prasad yadav house tak in ward no - 14 under nagar parishad Bakhtiyarpur.,Construction of Rcc drain and pcc road from SH road to laldev ray house to suresh prasad yadav house tak in ward no - 14 under nagar parishad Bakhtiyarpur.,1203300.0,INR,INR,2024-08-28 17:48:05+00:00,2024-08-28T17:42:27.862000+00:00,2025-07-07T07:07:10+00:00,RAJEEV KUMAR GUPTA,EXECUTIVE OFFICER BAKHTIYARPUR,NAGAR PARISHAD BAKHTIYARPUR,"NEAR BAKHTIYARPUR BLOCK, WARD NO 05",RAJEEV KUMAR GUPTA,EXECUTIVE OFFICER BAKHTIYARPUR,NAGAR PARISHAD BAKHTIYARPUR,24100.0,2500.0,590.0,True,"{'Flood': 0, 'Embankment': 0, 'embkt': 0, 'Relief': 0, 'Erosion': 0, 'SDRF': 0, 'Inundation': 0, 'Hydrology': 0, 'Silt': 0, 'Siltation': 0, 'Bund': 0, 'Trench': 0, 'Breach': 0, 'Culvert': 0, 'Sluice': 0, 'Dyke': 0, 'Storm water drain': 0, 'Emergency': 0, 'Immediate': 0, 'IM': 0, 'AE': 0, 'A E': 0, 'AAPDA MITRA': 0, 'Bridge': 0, 'River': 0, 'Drain': 2, 'Restoration': 0, 'Protection': 0, 'irr': 0, 'irrigation': 0, 'dam': 0, 'Nallah': 0, 'nala': 0, 'Retrofitting': 0, 'Pond': 0, 'Pokhari': 0, 'D/C': 0, 'Recharge shaft': 0, 'LFB': 0, 'RFB': 0}","{'Floodlight': 0, 'Flood Light': 0, 'GAS': 0, 'FIFA': 0, 'pipe': 0, 'pipes': 0, 'covid': 0, 'supply': 0, 'Beautification': 0, 'Installation': 0}",,,False,True,Immediate Measures
69539,NIT NO 01/24-25 GROUP 06,"Construction of Rcc drain and pcc road from pramod ji house to sidheshwar singh to guriya devi , lalan ji to manikant chaturbdi house tak in ward no - 05 under nagar parishad Bakhtiyarpur.","Construction of Rcc drain and pcc road from pramod ji house to sidheshwar singh to guriya devi , lalan ji to manikant chaturbdi house tak in ward no - 05 under nagar parishad Bakhtiyarpur.",2215500.0,INR,INR,2024-08-28 16:34:07+00:00,2024-08-28T16:25:13.076000+00:00,2025-05-05T08:57:44+00:00,RAJEEV KUMAR GUPTA,EXECUTIVE OFFICER BAKHTIYARPUR,NAGAR PARISHAD BAKHTIYARPUR,"NEAR BAKHTIYARPUR BLOCK, WARD NO 05",RAJEEV KUMAR GUPTA,EXECUTIVE OFFICER BAKHTIYARPUR,NAGAR PARISHAD BAKHTIYARPUR,44400.0,5000.0,590.0,True,"{'Flood': 0, 'Embankment': 0, 'embkt': 0, 'Relief': 0, 'Erosion': 0, 'SDRF': 0, 'Inundation': 0, 'Hydrology': 0, 'Silt': 0, 'Siltation': 0, 'Bund': 0, 'Trench': 0, 'Breach': 0, 'Culvert': 0, 'Sluice': 0, 'Dyke': 0, 'Storm water drain': 0, 'Emergency': 0, 'Immediate': 0, 'IM': 0, 'AE': 0, 'A E': 0, 'AAPDA MITRA': 0, 'Bridge': 0, 'River': 0, 'Drain': 2, 'Restoration': 0, 'Protection': 0, 'irr': 0, 'irrigation': 0, 'dam': 0, 'Nallah': 0, 'nala': 0, 'Retrofitting': 0, 'Pond': 0, 'Pokhari': 0, 'D/C': 0, 'Recharge shaft': 0, 'LFB': 0, 'RFB': 0}","{'Floodlight': 0, 'Flood Light': 0, 'GAS': 0, 'FIFA': 0, 'pipe': 0, 'pipes': 0, 'covid': 0, 'supply': 0, 'Beautification': 0, 'Installation': 0}",,,False,True,Immediate Measures
69561,NIT NO 01/24-25 GROUP 14,Construction of Rcc drain and pcc road from alakhdev ji house to ramavtar ji housein ward no - 13 under nagar parishad Bakhtiyarpur.,Construction of Rcc drain and pcc road from alakhdev ji house to ramavtar ji housein ward no - 13 under nagar parishad Bakhtiyarpur.,1947700.0,INR,INR,2024-08-28 17:42:09+00:00,2024-08-28T17:37:03.535000+00:00,2025-05-05T11:26:36+00:00,RAJEEV KUMAR GUPTA,EXECUTIVE OFFICER BAKHTIYARPUR,NAGAR PARISHAD BAKHTIYARPUR,"NEAR BAKHTIYARPUR BLOCK, WARD NO 05",RAJEEV KUMAR GUPTA,EXECUTIVE OFFICER BAKHTIYARPUR,NAGAR PARISHAD BAKHTIYARPUR,39000.0,5000.0,590.0,True,"{'Flood': 0, 'Embankment': 0, 'embkt': 0, 'Relief': 0, 'Erosion': 0, 'SDRF': 0, 'Inundation': 0, 'Hydrology': 0, 'Silt': 0, 'Siltation': 0, 'Bund': 0, 'Trench': 0, 'Breach': 0, 'Culvert': 0, 'Sluice': 0, 'Dyke': 0, 'Storm water drain': 0, 'Emergency': 0, 'Immediate': 0, 'IM': 0, 'AE': 0, 'A E': 0, 'AAPDA MITRA': 0, 'Bridge': 0, 'River': 0, 'Drain': 2, 'Restoration': 0, 'Protection': 0, 'irr': 0, 'irrigation': 0, 'dam': 0, 'Nallah': 0, 'nala': 0, 'Retrofitting': 0, 'Pond': 0, 'Pokhari': 0, 'D/C': 0, 'Recharge shaft': 0, 'LFB': 0, 'RFB': 0}","{'Floodlight': 0, 'Flood Light': 0, 'GAS': 0, 'FIFA': 0, 'pipe': 0, 'pipes': 0, 'covid': 0, 'supply': 0, 'Beautification': 0, 'Installation': 0}",,,False,True,Immediate Measures
69560,NIT NO 01/24-25 GROUP 13,Construction of Rcc drain and pcc road from kali sthan to jeevan prakash lohiya tak and nagarmal ke makan se road tak and kali sthan se anil singh ke makan tak  in ward no - 12 under nagar parishad Bakhtiyarpur.,Construction of Rcc drain and pcc road from kali sthan to jeevan prakash lohiya tak and nagarmal ke makan se road tak and kali sthan se anil singh ke makan tak  in ward no - 12 under nagar parishad Bakhtiyarpur.,1541500.0,INR,INR,2024-08-28 17:22:47+00:00,2024-08-28T17:16:21.809000+00:00,2025-05-05T11:17:21+00:00,RAJEEV KUMAR GUPTA,EXECUTIVE OFFICER BAKHTIYARPUR,NAGAR PARISHAD BAKHTIYARPUR,"NEAR BAKHTIYARPUR BLOCK, WARD NO 05",RAJEEV KUMAR GUPTA,EXECUTIVE OFFICER BAKHTIYARPUR,NAGAR PARISHAD BAKHTIYARPUR,30900.0,5000.0,590.0,True,"{'Flood': 0, 'Embankment': 0, 'embkt': 0, 'Relief': 0, 'Erosion': 0, 'SDRF': 0, 'Inundation': 0, 'Hydrology': 0, 'Silt': 0, 'Siltation': 0, 'Bund': 0, 'Trench': 0, 'Breach': 0, 'Culvert': 0, 'Sluice': 0, 'Dyke': 0, 'Storm water drain': 0, 'Emergency': 0, 'Immediate': 0, 'IM': 0, 'AE': 0, 'A E': 0, 'AAPDA MITRA': 0, 'Bridge': 0, 'River': 0, 'Drain': 2, 'Restoration': 0, 'Protection': 0, 'irr': 0, 'irrigation': 0, 'dam': 0, 'Nallah': 0, 'nala': 0, 'Retrofitting': 0, 'Pond': 0, 'Pokhari': 0, 'D/C': 0, 'Recharge shaft': 0, 'LFB': 0, 'RFB': 0}","{'Floodlight': 0, 'Flood Light': 0, 'GAS': 0, 'FIFA': 0, 'pipe': 0, 'pipes': 0, 'covid': 0, 'supply': 0, 'Beautification': 0, 'Installation': 0}",,,False,True,Immediate Measures
69565,NIT NO 01/24-25 GROUP 18,Construction of Rcc drain and pcc road from surendra prasad to maszid to ajay yadav to naresh yadaav house in ward no - 17 under nagar parishad Bakhtiyarpur.,Construction of Rcc drain and pcc road from surendra prasad to maszid to ajay yadav to naresh yadaav house in ward no - 17 under nagar parishad Bakhtiyarpur.,2101200.0,INR,INR,2024-08-28 18:08:19+00:00,2024-08-28T18:03:26.966000+00:00,2025-07-07T07:02:12+00:00,RAJEEV KUMAR GUPTA,EXECUTIVE OFFICER BAKHTIYARPUR,NAGAR PARISHAD BAKHTIYARPUR,"NEAR BAKHTIYARPUR BLOCK, WARD NO 05",RAJEEV KUMAR GUPTA,EXECUTIVE OFFICER BAKHTIYARPUR,NAGAR PARISHAD BAKHTIYARPUR,42100.0,5000.0,590.0,True,"{'Flood': 0, 'Embankment': 0, 'embkt': 0, 'Relief': 0, 'Erosion': 0, 'SDRF': 0, 'Inundation': 0, 'Hydrology': 0, 'Silt': 0, 'Siltation': 0, 'Bund': 0, 'Trench': 0, 'Breach': 0, 'Culvert': 0, 'Sluice': 0, 'Dyke': 0, 'Storm water drain': 0, 'Emergency': 0, 'Immediate': 0, 'IM': 0, 'AE': 0, 'A E': 0, 'AAPDA MITRA': 0, 'Bridge': 0, 'River': 0, 'Drain': 2, 'Restoration': 0, 'Protection': 0, 'irr': 0, 'irrigation': 0, 'dam': 0, 'Nallah': 0, 'nala': 0, 'Retrofitting': 0, 'Pond': 0, 'Pokhari': 0, 'D/C': 0, 'Recharge shaft': 0, 'LFB': 0, 'RFB': 0}","{'Floodlight': 0, 'Flood Light': 0, 'GAS': 0, 'FIFA': 0, 'pipe': 0, 'pipes': 0, 'covid': 0, 'supply': 0, 'Beautification': 0, 'Installation': 0}",,,False,True,Immediate Measures
69563,NIT NO 01/24-25 GROUP 16,"Construction of Rcc drain and pcc road from sravan bhagat se purav dinesh saw house se dakshin fanindra prasad , baleshwar prasad, sarwesh kumar sinha , ten singh house to manoj chourashiya  in ward no - 15 under nagar parishad Bakhtiyarpur.","Construction of Rcc drain and pcc road from sravan bhagat se purav dinesh saw house se dakshin fanindra prasad , baleshwar prasad, sarwesh kumar sinha , ten singh house to manoj chourashiya  in ward no - 15 under nagar parishad Bakhtiyarpur.",2421100.0,INR,INR,2024-08-28 17:55:41+00:00,2024-08-28T17:48:38.819000+00:00,2025-05-05T11:32:07+00:00,RAJEEV KUMAR GUPTA,EXECUTIVE OFFICER BAKHTIYARPUR,NAGAR PARISHAD BAKHTIYARPUR,"NEAR BAKHTIYARPUR BLOCK, WARD NO 05",RAJEEV KUMAR GUPTA,EXECUTIVE OFFICER BAKHTIYARPUR,NAGAR PARISHAD BAKHTIYARPUR,48500.0,5000.0,590.0,True,"{'Flood': 0, 'Embankment': 0, 'embkt': 0, 'Relief': 0, 'Erosion': 0, 'SDRF': 0, 'Inundation': 0, 'Hydrology': 0, 'Silt': 0, 'Siltation': 0, 'Bund': 0, 'Trench': 0, 'Breach': 0, 'Culvert': 0, 'Sluice': 0, 'Dyke': 0, 'Storm water drain': 0, 'Emergency': 0, 'Immediate': 0, 'IM': 0, 'AE': 0, 'A E': 0, 'AAPDA MITRA': 0, 'Bridge': 0, 'River': 0, 'Drain': 2, 'Restoration': 0, 'Protection': 0, 'irr': 0, 'irrigation': 0, 'dam': 0, 'Nallah': 0, 'nala': 0, 'Retrofitting': 0, 'Pond': 0, 'Pokhari': 0, 'D/C': 0, 'Recharge shaft': 0, 'LFB': 0, 'RFB': 0}","{'Floodlight': 0, 'Flood Light': 0, 'GAS': 0, 'FIFA': 0, 'pipe': 0, 'pipes': 0, 'covid': 0, 'supply': 0, 'Beautification': 0, 'Installation': 0}",,,False,True,Immediate Measures
69568,NIT NO 01/24-25 GROUP 21,Construction of Rcc drain and pcc road from vinay yadav to nagmani ray via santosh yadav ke makan ke aage tak  in ward no - 20 under nagar parishad Bakhtiyarpur.,Construction of Rcc drain and pcc road from vinay yadav to nagmani ray via santosh yadav ke makan ke aage tak  in ward no - 20 under nagar parishad Bakhtiyarpur.,2394800.0,INR,INR,2024-08-28 18:25:01+00:00,2024-08-28T18:20:03.092000+00:00,2025-07-07T07:11:57+00:00,RAJEEV KUMAR GUPTA,EXECUTIVE OFFICER BAKHTIYARPUR,NAGAR PARISHAD BAKHTIYARPUR,"NEAR BAKHTIYARPUR BLOCK, WARD NO 05",RAJEEV KUMAR GUPTA,EXECUTIVE OFFICER BAKHTIYARPUR,NAGAR PARISHAD BAKHTIYARPUR,47900.0,5000.0,590.0,True,"{'Flood': 0, 'Embankment': 0, 'embkt': 0, 'Relief': 0, 'Erosion': 0, 'SDRF': 0, 'Inundation': 0, 'Hydrology': 0, 'Silt': 0, 'Siltation': 0, 'Bund': 0, 'Trench': 0, 'Breach': 0, 'Culvert': 0, 'Sluice': 0, 'Dyke': 0, 'Storm water drain': 0, 'Emergency': 0, 'Immediate': 0, 'IM': 0, 'AE': 0, 'A E': 0, 'AAPDA MITRA': 0, 'Bridge': 0, 'River': 0, 'Drain': 2, 'Restoration': 0, 'Protection': 0, 'irr': 0, 'irrigation': 0, 'dam': 0, 'Nallah': 0, 'nala': 0, 'Retrofitting': 0, 'Pond': 0, 'Pokhari': 0, 'D/C': 0, 'Recharge shaft': 0, 'LFB': 0, 'RFB': 0}","{'Floodlight': 0, 'Flood Light': 0, 'GAS': 0, 'FIFA': 0, 'pipe': 0, 'pipes': 0, 'covid': 0, 'supply': 0, 'Beautification': 0, 'Installation': 0}",,,False,True,Immediate Measures
69567,NIT NO 01/24-25 GROUP 20,Construction of Rcc drain and pcc road from sanjay paswan to tuntun yadav and mina devi to shivnath saw to ram ittar ji boring  in ward no - 19 under nagar parishad Bakhtiyarpur.,Construction of Rcc drain and pcc road from sanjay paswan to tuntun yadav and mina devi to shivnath saw to ram ittar ji boring  in ward no - 19 under nagar parishad Bakhtiyarpur.,2551000.0,INR,INR,2024-08-28 18:19:45+00:00,2024-08-28T18:13:40.334000+00:00,2024-09-12T11:27:29+00:00,RAJEEV KUMAR GUPTA,EXECUTIVE OFFICER BAKHTIYARPUR,NAGAR PARISHAD BAKHTIYARPUR,"NEAR BAKHTIYARPUR BLOCK, WARD NO 05",RAJEEV KUMAR GUPTA,EXECUTIVE OFFICER BAKHTIYARPUR,NAGAR PARISHAD BAKHTIYARPUR,51500.0,5000.0,590.0,True,"{'Flood': 0, 'Embankment': 0, 'embkt': 0, 'Relief': 0, 'Erosion': 0, 'SDRF': 0, 'Inundation': 0, 'Hydrology': 0, 'Silt': 0, 'Siltation': 0, 'Bund': 0, 'Trench': 0, 'Breach': 0, 'Culvert': 0, 'Sluice': 0, 'Dyke': 0, 'Storm water drain': 0, 'Emergency': 0, 'Immediate': 0, 'IM': 0, 'AE': 0, 'A E': 0, 'AAPDA MITRA': 0, 'Bridge': 0, 'River': 0, 'Drain': 2, 'Restoration': 0, 'Protection': 0, 'irr': 0, 'irrigation': 0, 'dam': 0, 'Nallah': 0, 'nala': 0, 'Retrofitting': 0, 'Pond': 0, 'Pokhari': 0, 'D/C': 0, 'Recharge shaft': 0, 'LFB': 0, 'RFB': 0}","{'Floodlight': 0, 'Flood Light': 0, 'GAS': 0, 'FIFA': 0, 'pipe': 0, 'pipes': 0, 'covid': 0, 'supply': 0, 'Beautification': 0, 'Installation': 0}",,,False,True,Immediate Measures
69566,NIT NO 01/24-25 GROUP 19,Construction of Rcc drain and pcc road from ram naresh yadav to mohan yadav  in ward no - 18 under nagar parishad Bakhtiyarpur.,Construction of Rcc drain and pcc road from ram naresh yadav to mohan yadav  in ward no - 18 under nagar parishad Bakhtiyarpur.,1826700.0,INR,INR,2024-08-28 18:13:25+00:00,2024-08-28T18:08:52.481000+00:00,2025-07-07T06:55:36+00:00,RAJEEV KUMAR GUPTA,EXECUTIVE OFFICER BAKHTIYARPUR,NAGAR PARISHAD BAKHTIYARPUR,"NEAR BAKHTIYARPUR BLOCK, WARD NO 05",RAJEEV KUMAR GUPTA,EXECUTIVE OFFICER BAKHTIYARPUR,NAGAR PARISHAD BAKHTIYARPUR,36600.0,5000.0,590.0,True,"{'Flood': 0, 'Embankment': 0, 'embkt': 0, 'Relief': 0, 'Erosion': 0, 'SDRF': 0, 'Inundation': 0, 'Hydrology': 0, 'Silt': 0, 'Siltation': 0, 'Bund': 0, 'Trench': 0, 'Breach': 0, 'Culvert': 0, 'Sluice': 0, 'Dyke': 0, 'Storm water drain': 0, 'Emergency': 0, 'Immediate': 0, 'IM': 0, 'AE': 0, 'A E': 0, 'AAPDA MITRA': 0, 'Bridge': 0, 'River': 0, 'Drain': 2, 'Restoration': 0, 'Protection': 0, 'irr': 0, 'irrigation': 0, 'dam': 0, 'Nallah': 0, 'nala': 0, 'Retrofitting': 0, 'Pond': 0, 'Pokhari': 0, 'D/C': 0, 'Recharge shaft': 0, 'LFB': 0, 'RFB': 0}","{'Floodlight': 0, 'Flood Light': 0, 'GAS': 0, 'FIFA': 0, 'pipe': 0, 'pipes': 0, 'covid': 0, 'supply': 0, 'Beautification': 0, 'Installation': 0}",,,False,True,Immediate Measures
69564,NIT NO 01/24-25 GROUP 17,Construction of Rcc drain and pcc road from prem sir ke ghar se  sitaram prasad via vijay  singh to nageshwar ji in ward no - 16 under nagar parishad Bakhtiyarpur.,Construction of Rcc drain and pcc road from prem sir ke ghar se  sitaram prasad via vijay  singh to nageshwar ji in ward no - 16 under nagar parishad Bakhtiyarpur.,1357600.0,INR,INR,2024-08-28 18:02:58+00:00,2024-08-28T17:56:25.972000+00:00,2025-08-19T10:58:25+00:00,RAJEEV KUMAR GUPTA,EXECUTIVE OFFICER BAKHTIYARPUR,NAGAR PARISHAD BAKHTIYARPUR,"NEAR BAKHTIYARPUR BLOCK, WARD NO 05",RAJEEV KUMAR GUPTA,EXECUTIVE OFFICER BAKHTIYARPUR,NAGAR PARISHAD BAKHTIYARPUR,27200.0,2500.0,590.0,True,"{'Flood': 0, 'Embankment': 0, 'embkt': 0, 'Relief': 0, 'Erosion': 0, 'SDRF': 0, 'Inundation': 0, 'Hydrology': 0, 'Silt': 0, 'Siltation': 0, 'Bund': 0, 'Trench': 0, 'Breach': 0, 'Culvert': 0, 'Sluice': 0, 'Dyke': 0, 'Storm water drain': 0, 'Emergency': 0, 'Immediate': 0, 'IM': 0, 'AE': 0, 'A E': 0, 'AAPDA MITRA': 0, 'Bridge': 0, 'River': 0, 'Drain': 2, 'Restoration': 0, 'Protection': 0, 'irr': 0, 'irrigation': 0, 'dam': 0, 'Nallah': 0, 'nala': 0, 'Retrofitting': 0, 'Pond': 0, 'Pokhari': 0, 'D/C': 0, 'Recharge shaft': 0, 'LFB': 0, 'RFB': 0}","{'Floodlight': 0, 'Flood Light': 0, 'GAS': 0, 'FIFA': 0, 'pipe': 0, 'pipes': 0, 'covid': 0, 'supply': 0, 'Beautification': 0, 'Installation': 0}",,,False,True,Immediate Measures
69556,NIT NO 01/24-25 GROUP 11,Construction of Rcc drain and pcc road from krishna prasad house to rajaram paswan house in ward no - 10 under nagar parishad Bakhtiyarpur.,Construction of Rcc drain and pcc road from krishna prasad house to rajaram paswan house in ward no - 10 under nagar parishad Bakhtiyarpur.,1015300.0,INR,INR,2024-08-28 17:10:30+00:00,2024-08-28T17:03:18.187000+00:00,2025-07-17T06:15:39+00:00,RAJEEV KUMAR GUPTA,EXECUTIVE OFFICER BAKHTIYARPUR,NAGAR PARISHAD BAKHTIYARPUR,"NEAR BAKHTIYARPUR BLOCK, WARD NO 05",RAJEEV KUMAR GUPTA,EXECUTIVE OFFICER BAKHTIYARPUR,NAGAR PARISHAD BAKHTIYARPUR,20300.0,2500.0,590.0,True,"{'Flood': 0, 'Embankment': 0, 'embkt': 0, 'Relief': 0, 'Erosion': 0, 'SDRF': 0, 'Inundation': 0, 'Hydrology': 0, 'Silt': 0, 'Siltation': 0, 'Bund': 0, 'Trench': 0, 'Breach': 0, 'Culvert': 0, 'Sluice': 0, 'Dyke': 0, 'Storm water drain': 0, 'Emergency': 0, 'Immediate': 0, 'IM': 0, 'AE': 0, 'A E': 0, 'AAPDA MITRA': 0, 'Bridge': 0, 'River': 0, 'Drain': 2, 'Restoration': 0, 'Protection': 0, 'irr': 0, 'irrigation': 0, 'dam': 0, 'Nallah': 0, 'nala': 0, 'Retrofitting': 0, 'Pond': 0, 'Pokhari': 0, 'D/C': 0, 'Recharge shaft': 0, 'LFB': 0, 'RFB': 0}","{'Floodlight': 0, 'Flood Light': 0, 'GAS': 0, 'FIFA': 0, 'pipe': 0, 'pipes': 0, 'covid': 0, 'supply': 0, 'Beautification': 0, 'Installation': 0}",,,False,True,Immediate Measures
69572,NIT NO 01/24-25 GROUP 25,Construction of Rcc drain and pcc road from dhuri mahto se railway line tak  in ward no - 24 under nagar parishad Bakhtiyarpur.,Construction of Rcc drain and pcc road from dhuri mahto se railway line tak  in ward no - 24 under nagar parishad Bakhtiyarpur.,2627700.0,INR,INR,2024-08-28 19:05:14+00:00,2024-08-28T19:00:24.985000+00:00,2025-08-29T07:16:46+00:00,RAJEEV KUMAR GUPTA,EXECUTIVE OFFICER BAKHTIYARPUR,NAGAR PARISHAD BAKHTIYARPUR,"NEAR BAKHTIYARPUR BLOCK, WARD NO 05",RAJEEV KUMAR GUPTA,EXECUTIVE OFFICER BAKHTIYARPUR,NAGAR PARISHAD BAKHTIYARPUR,52600.0,5000.0,590.0,True,"{'Flood': 0, 'Embankment': 0, 'embkt': 0, 'Relief': 0, 'Erosion': 0, 'SDRF': 0, 'Inundation': 0, 'Hydrology': 0, 'Silt': 0, 'Siltation': 0, 'Bund': 0, 'Trench': 0, 'Breach': 0, 'Culvert': 0, 'Sluice': 0, 'Dyke': 0, 'Storm water drain': 0, 'Emergency': 0, 'Immediate': 0, 'IM': 0, 'AE': 0, 'A E': 0, 'AAPDA MITRA': 0, 'Bridge': 0, 'River': 0, 'Drain': 2, 'Restoration': 0, 'Protection': 0, 'irr': 0, 'irrigation': 0, 'dam': 0, 'Nallah': 0, 'nala': 0, 'Retrofitting': 0, 'Pond': 0, 'Pokhari': 0, 'D/C': 0, 'Recharge shaft': 0, 'LFB': 0, 'RFB': 0}","{'Floodlight': 0, 'Flood Light': 0, 'GAS': 0, 'FIFA': 0, 'pipe': 0, 'pipes': 0, 'covid': 0, 'supply': 0, 'Beautification': 0, 'Installation': 0}",,,False,True,Immediate Measures
69574,NIT NO 01/24-25 GROUP 27,Construction of Rcc drain and pcc road from ajay ray se fudur ray se meghan ray via jitan ray ke ghar tak  in ward no - 26 under nagar parishad Bakhtiyarpur.,Construction of Rcc drain and pcc road from ajay ray se fudur ray se meghan ray via jitan ray ke ghar tak  in ward no - 26 under nagar parishad Bakhtiyarpur.,1977200.0,INR,INR,2024-08-28 19:18:00+00:00,2024-08-28T19:12:48.247000+00:00,2025-07-07T09:09:24+00:00,RAJEEV KUMAR GUPTA,EXECUTIVE OFFICER BAKHTIYARPUR,NAGAR PARISHAD BAKHTIYARPUR,"NEAR BAKHTIYARPUR BLOCK, WARD NO 05",RAJEEV KUMAR GUPTA,EXECUTIVE OFFICER BAKHTIYARPUR,NAGAR PARISHAD BAKHTIYARPUR,39600.0,5000.0,590.0,True,"{'Flood': 0, 'Embankment': 0, 'embkt': 0, 'Relief': 0, 'Erosion': 0, 'SDRF': 0, 'Inundation': 0, 'Hydrology': 0, 'Silt': 0, 'Siltation': 0, 'Bund': 0, 'Trench': 0, 'Breach': 0, 'Culvert': 0, 'Sluice': 0, 'Dyke': 0, 'Storm water drain': 0, 'Emergency': 0, 'Immediate': 0, 'IM': 0, 'AE': 0, 'A E': 0, 'AAPDA MITRA': 0, 'Bridge': 0, 'River': 0, 'Drain': 2, 'Restoration': 0, 'Protection': 0, 'irr': 0, 'irrigation': 0, 'dam': 0, 'Nallah': 0, 'nala': 0, 'Retrofitting': 0, 'Pond': 0, 'Pokhari': 0, 'D/C': 0, 'Recharge shaft': 0, 'LFB': 0, 'RFB': 0}","{'Floodlight': 0, 'Flood Light': 0, 'GAS': 0, 'FIFA': 0, 'pipe': 0, 'pipes': 0, 'covid': 0, 'supply': 0, 'Beautification': 0, 'Installation': 0}",,,False,True,Immediate Measures
69569,NIT NO 01/24-25 GROUP 22,"Construction of Rcc drain and pcc road from kamlesh mahto ke ghar se vijay saw, ajay sipahi, kant yadav, ganga sagar ke makan tak  in ward no - 21 under nagar parishad Bakhtiyarpur.","Construction of Rcc drain and pcc road from kamlesh mahto ke ghar se vijay saw, ajay sipahi, kant yadav, ganga sagar ke makan tak  in ward no - 21 under nagar parishad Bakhtiyarpur.",2026100.0,INR,INR,2024-08-28 18:31:53+00:00,2024-08-28T18:25:39.586000+00:00,2025-08-29T07:35:47+00:00,RAJEEV KUMAR GUPTA,EXECUTIVE OFFICER BAKHTIYARPUR,NAGAR PARISHAD BAKHTIYARPUR,"NEAR BAKHTIYARPUR BLOCK, WARD NO 05",RAJEEV KUMAR GUPTA,EXECUTIVE OFFICER BAKHTIYARPUR,NAGAR PARISHAD BAKHTIYARPUR,40600.0,5000.0,590.0,True,"{'Flood': 0, 'Embankment': 0, 'embkt': 0, 'Relief': 0, 'Erosion': 0, 'SDRF': 0, 'Inundation': 0, 'Hydrology': 0, 'Silt': 0, 'Siltation': 0, 'Bund': 0, 'Trench': 0, 'Breach': 0, 'Culvert': 0, 'Sluice': 0, 'Dyke': 0, 'Storm water drain': 0, 'Emergency': 0, 'Immediate': 0, 'IM': 0, 'AE': 0, 'A E': 0, 'AAPDA MITRA': 0, 'Bridge': 0, 'River': 0, 'Drain': 2, 'Restoration': 0, 'Protection': 0, 'irr': 0, 'irrigation': 0, 'dam': 0, 'Nallah': 0, 'nala': 0, 'Retrofitting': 0, 'Pond': 0, 'Pokhari': 0, 'D/C': 0, 'Recharge shaft': 0, 'LFB': 0, 'RFB': 0}","{'Floodlight': 0, 'Flood Light': 0, 'GAS': 0, 'FIFA': 0, 'pipe': 0, 'pipes': 0, 'covid': 0, 'supply': 0, 'Beautification': 0, 'Installation': 0}",,,False,True,Immediate Measures
69570,NIT NO 01/24-25 GROUP 23,Construction of Rcc drain and pcc road from pnb bank to vinay verma house  in ward no - 22 under nagar parishad Bakhtiyarpur.,Construction of Rcc drain and pcc road from pnb bank to vinay verma house  in ward no - 22 under nagar parishad Bakhtiyarpur.,2367700.0,INR,INR,2024-08-28 18:49:14+00:00,2024-08-28T18:44:10.755000+00:00,2025-06-24T04:31:07+00:00,RAJEEV KUMAR GUPTA,EXECUTIVE OFFICER BAKHTIYARPUR,NAGAR PARISHAD BAKHTIYARPUR,"NEAR BAKHTIYARPUR BLOCK, WARD NO 05",RAJEEV KUMAR GUPTA,EXECUTIVE OFFICER BAKHTIYARPUR,NAGAR PARISHAD BAKHTIYARPUR,47400.0,5000.0,590.0,True,"{'Flood': 0, 'Embankment': 0, 'embkt': 0, 'Relief': 0, 'Erosion': 0, 'SDRF': 0, 'Inundation': 0, 'Hydrology': 0, 'Silt': 0, 'Siltation': 0, 'Bund': 0, 'Trench': 0, 'Breach': 0, 'Culvert': 0, 'Sluice': 0, 'Dyke': 0, 'Storm water drain': 0, 'Emergency': 0, 'Immediate': 0, 'IM': 0, 'AE': 0, 'A E': 0, 'AAPDA MITRA': 0, 'Bridge': 0, 'River': 0, 'Drain': 2, 'Restoration': 0, 'Protection': 0, 'irr': 0, 'irrigation': 0, 'dam': 0, 'Nallah': 0, 'nala': 0, 'Retrofitting': 0, 'Pond': 0, 'Pokhari': 0, 'D/C': 0, 'Recharge shaft': 0, 'LFB': 0, 'RFB': 0}","{'Floodlight': 0, 'Flood Light': 0, 'GAS': 0, 'FIFA': 0, 'pipe': 0, 'pipes': 0, 'covid': 0, 'supply': 0, 'Beautification': 0, 'Installation': 0}",,,False,True,Immediate Measures
69559,NIT NO 01/24-25 GROUP 12,Construction of Rcc drain and pcc road from raghopur dagar to nawlesh ji house to naresh sipahi to awadhesh ji house  in ward no - 11 under nagar parishad Bakhtiyarpur.,Construction of Rcc drain and pcc road from raghopur dagar to nawlesh ji house to naresh sipahi to awadhesh ji house  in ward no - 11 under nagar parishad Bakhtiyarpur.,1885400.0,INR,INR,2024-08-28 17:16:00+00:00,2024-08-28T17:10:45.395000+00:00,2025-09-26T12:42:32+00:00,RAJEEV KUMAR GUPTA,EXECUTIVE OFFICER BAKHTIYARPUR,NAGAR PARISHAD BAKHTIYARPUR,"NEAR BAKHTIYARPUR BLOCK, WARD NO 05",RAJEEV KUMAR GUPTA,EXECUTIVE OFFICER BAKHTIYARPUR,NAGAR PARISHAD BAKHTIYARPUR,37800.0,5000.0,590.0,True,"{'Flood': 0, 'Embankment': 0, 'embkt': 0, 'Relief': 0, 'Erosion': 0, 'SDRF': 0, 'Inundation': 0, 'Hydrology': 0, 'Silt': 0, 'Siltation': 0, 'Bund': 0, 'Trench': 0, 'Breach': 0, 'Culvert': 0, 'Sluice': 0, 'Dyke': 0, 'Storm water drain': 0, 'Emergency': 0, 'Immediate': 0, 'IM': 0, 'AE': 0, 'A E': 0, 'AAPDA MITRA': 0, 'Bridge': 0, 'River': 0, 'Drain': 2, 'Restoration': 0, 'Protection': 0, 'irr': 0, 'irrigation': 0, 'dam': 0, 'Nallah': 0, 'nala': 0, 'Retrofitting': 0, 'Pond': 0, 'Pokhari': 0, 'D/C': 0, 'Recharge shaft': 0, 'LFB': 0, 'RFB': 0}","{'Floodlight': 0, 'Flood Light': 0, 'GAS': 0, 'FIFA': 0, 'pipe': 0, 'pipes': 0, 'covid': 0, 'supply': 0, 'Beautification': 0, 'Installation': 0}",,,False,True,Immediate Measures
69571,NIT NO 01/24-25 GROUP 24,"Construction of Rcc drain and pcc road from SH se manoj chaudhary to dinesh saw via manik paswan , chauhan tola road, surendra paswan, ke makan tak  in ward no - 23 under nagar parishad Bakhtiyarpur.","Construction of Rcc drain and pcc road from SH se manoj chaudhary to dinesh saw via manik paswan , chauhan tola road, surendra paswan, ke makan tak  in ward no - 23 under nagar parishad Bakhtiyarpur.",2677100.0,INR,INR,2024-08-28 18:59:54+00:00,2024-08-28T18:53:54.657000+00:00,2025-08-29T07:24:09+00:00,RAJEEV KUMAR GUPTA,EXECUTIVE OFFICER BAKHTIYARPUR,NAGAR PARISHAD BAKHTIYARPUR,"NEAR BAKHTIYARPUR BLOCK, WARD NO 05",RAJEEV KUMAR GUPTA,EXECUTIVE OFFICER BAKHTIYARPUR,NAGAR PARISHAD BAKHTIYARPUR,52600.0,5000.0,590.0,True,"{'Flood': 0, 'Embankment': 0, 'embkt': 0, 'Relief': 0, 'Erosion': 0, 'SDRF': 0, 'Inundation': 0, 'Hydrology': 0, 'Silt': 0, 'Siltation': 0, 'Bund': 0, 'Trench': 0, 'Breach': 0, 'Culvert': 0, 'Sluice': 0, 'Dyke': 0, 'Storm water drain': 0, 'Emergency': 0, 'Immediate': 0, 'IM': 0, 'AE': 0, 'A E': 0, 'AAPDA MITRA': 0, 'Bridge': 0, 'River': 0, 'Drain': 2, 'Restoration': 0, 'Protection': 0, 'irr': 0, 'irrigation': 0, 'dam': 0, 'Nallah': 0, 'nala': 0, 'Retrofitting': 0, 'Pond': 0, 'Pokhari': 0, 'D/C': 0, 'Recharge shaft': 0, 'LFB': 0, 'RFB': 0}","{'Floodlight': 0, 'Flood Light': 0, 'GAS': 0, 'FIFA': 0, 'pipe': 0, 'pipes': 0, 'covid': 0, 'supply': 0, 'Beautification': 0, 'Installation': 0}",,,False,True,Immediate Measures
69546,NIT NO 01/24-25 GROUP 08,Construction of Rcc drain and pcc road from chandramani ji house to satyendra ji tak  in ward no - 07 under nagar parishad Bakhtiyarpur.,Construction of Rcc drain and pcc road from chandramani ji house to satyendra ji tak  in ward no - 07 under nagar parishad Bakhtiyarpur.,1004500.0,INR,INR,2024-08-28 16:47:40+00:00,2024-08-28T16:41:42.681000+00:00,2025-09-26T12:48:48+00:00,RAJEEV KUMAR GUPTA,EXECUTIVE OFFICER BAKHTIYARPUR,NAGAR PARISHAD BAKHTIYARPUR,"NEAR BAKHTIYARPUR BLOCK, WARD NO 05",RAJEEV KUMAR GUPTA,EXECUTIVE OFFICER BAKHTIYARPUR,NAGAR PARISHAD BAKHTIYARPUR,20100.0,2500.0,590.0,True,"{'Flood': 0, 'Embankment': 0, 'embkt': 0, 'Relief': 0, 'Erosion': 0, 'SDRF': 0, 'Inundation': 0, 'Hydrology': 0, 'Silt': 0, 'Siltation': 0, 'Bund': 0, 'Trench': 0, 'Breach': 0, 'Culvert': 0, 'Sluice': 0, 'Dyke': 0, 'Storm water drain': 0, 'Emergency': 0, 'Immediate': 0, 'IM': 0, 'AE': 0, 'A E': 0, 'AAPDA MITRA': 0, 'Bridge': 0, 'River': 0, 'Drain': 2, 'Restoration': 0, 'Protection': 0, 'irr': 0, 'irrigation': 0, 'dam': 0, 'Nallah': 0, 'nala': 0, 'Retrofitting': 0, 'Pond': 0, 'Pokhari': 0, 'D/C': 0, 'Recharge shaft': 0, 'LFB': 0, 'RFB': 0}","{'Floodlight': 0, 'Flood Light': 0, 'GAS': 0, 'FIFA': 0, 'pipe': 0, 'pipes': 0, 'covid': 0, 'supply': 0, 'Beautification': 0, 'Installation': 0}",,,False,True,Immediate Measures
69573,NIT NO 01/24-25 GROUP 26,Construction of Rcc drain and pcc road from singeshwar ray to panchi ray to nagdev ray ke makan tak  in ward no - 25 under nagar parishad Bakhtiyarpur.,Construction of Rcc drain and pcc road from singeshwar ray to panchi ray to nagdev ray ke makan tak  in ward no - 25 under nagar parishad Bakhtiyarpur.,2097800.0,INR,INR,2024-08-28 19:11:34+00:00,2024-08-28T19:06:13.184000+00:00,2025-07-07T08:54:33+00:00,RAJEEV KUMAR GUPTA,EXECUTIVE OFFICER BAKHTIYARPUR,NAGAR PARISHAD BAKHTIYARPUR,"NEAR BAKHTIYARPUR BLOCK, WARD NO 05",RAJEEV KUMAR GUPTA,EXECUTIVE OFFICER BAKHTIYARPUR,NAGAR PARISHAD BAKHTIYARPUR,42000.0,5000.0,590.0,True,"{'Flood': 0, 'Embankment': 0, 'embkt': 0, 'Relief': 0, 'Erosion': 0, 'SDRF': 0, 'Inundation': 0, 'Hydrology': 0, 'Silt': 0, 'Siltation': 0, 'Bund': 0, 'Trench': 0, 'Breach': 0, 'Culvert': 0, 'Sluice': 0, 'Dyke': 0, 'Storm water drain': 0, 'Emergency': 0, 'Immediate': 0, 'IM': 0, 'AE': 0, 'A E': 0, 'AAPDA MITRA': 0, 'Bridge': 0, 'River': 0, 'Drain': 2, 'Restoration': 0, 'Protection': 0, 'irr': 0, 'irrigation': 0, 'dam': 0, 'Nallah': 0, 'nala': 0, 'Retrofitting': 0, 'Pond': 0, 'Pokhari': 0, 'D/C': 0, 'Recharge shaft': 0, 'LFB': 0, 'RFB': 0}","{'Floodlight': 0, 'Flood Light': 0, 'GAS': 0, 'FIFA': 0, 'pipe': 0, 'pipes': 0, 'covid': 0, 'supply': 0, 'Beautification': 0, 'Installation': 0}",,,False,True,Immediate Measures
69575,NIT NO 01/24-25 GROUP 28,Construction of Rcc drain and pcc road from arun singh to sudip ray to shankar rar  tak  in ward no - 27 under nagar parishad Bakhtiyarpur.,Construction of Rcc drain and pcc road from arun singh to sudip ray to shankar rar  tak  in ward no - 27 under nagar parishad Bakhtiyarpur.,1920500.0,INR,INR,2024-08-28 19:23:22+00:00,2024-08-28T19:18:16.233000+00:00,2025-07-07T09:16:04+00:00,RAJEEV KUMAR GUPTA,EXECUTIVE OFFICER BAKHTIYARPUR,NAGAR PARISHAD BAKHTIYARPUR,"NEAR BAKHTIYARPUR BLOCK, WARD NO 05",RAJEEV KUMAR GUPTA,EXECUTIVE OFFICER BAKHTIYARPUR,NAGAR PARISHAD BAKHTIYARPUR,38500.0,5000.0,590.0,True,"{'Flood': 0, 'Embankment': 0, 'embkt': 0, 'Relief': 0, 'Erosion': 0, 'SDRF': 0, 'Inundation': 0, 'Hydrology': 0, 'Silt': 0, 'Siltation': 0, 'Bund': 0, 'Trench': 0, 'Breach': 0, 'Culvert': 0, 'Sluice': 0, 'Dyke': 0, 'Storm water drain': 0, 'Emergency': 0, 'Immediate': 0, 'IM': 0, 'AE': 0, 'A E': 0, 'AAPDA MITRA': 0, 'Bridge': 0, 'River': 0, 'Drain': 2, 'Restoration': 0, 'Protection': 0, 'irr': 0, 'irrigation': 0, 'dam': 0, 'Nallah': 0, 'nala': 0, 'Retrofitting': 0, 'Pond': 0, 'Pokhari': 0, 'D/C': 0, 'Recharge shaft': 0, 'LFB': 0, 'RFB': 0}","{'Floodlight': 0, 'Flood Light': 0, 'GAS': 0, 'FIFA': 0, 'pipe': 0, 'pipes': 0, 'covid': 0, 'supply': 0, 'Beautification': 0, 'Installation': 0}",,,False,True,Immediate Measures
69676,SHORT TENDER NIT NO-12/2024-25/GAYA,CConstruction of Sustainable Tube-Wells 2024-25 (With IM-II Hand Pumps)  10 Nos. 125 mm dia. X 45 m deep GPT and 40 Nos. 125/115mm dia. X 60m drilled tube well with P.C.C. Platform & drain and Soak Pit in place mention in letter of  mineral development officer  letter no-2363 date-25/07/24  in the water scarce areas for the year 2024-25 under jurisdiction of P.H. Division Gaya  in District of Gaya Vide AA 2568 /Dt-21.8.24 of D.M Gaya,CConstruction of Sustainable Tube-Wells 2024-25 (With IM-II Hand Pumps)  10 Nos. 125 mm dia. X 45 m deep GPT and 40 Nos. 125/115mm dia. X 60m drilled tube well with P.C.C. Platform & drain and Soak Pit in place mention in letter of  mineral development officer  letter no-2363 date-25/07/24  in the water scarce areas for the year 2024-25 under jurisdiction of P.H. Division Gaya  in District of Gaya Vide AA 2568 /Dt-21.8.24 of D.M Gaya,5698510.0,INR,INR,2024-08-30 09:19:41+00:00,2024-08-30T07:30:24.211000+00:00,2024-09-28T09:21:58+00:00,ABHISHANT RAJ,EXECUTIVE ENGINEER,PH DIVISION GAYA,MAA AMBE NIWAS NEAR VC RESIDENCE GAYA,MANOJ KUMAR,Chief Engineer Patna Zone,Chief Engineer,114000.0,10000.0,590.0,True,"{'Flood': 0, 'Embankment': 0, 'embkt': 0, 'Relief': 0, 'Erosion': 0, 'SDRF': 0, 'Inundation': 0, 'Hydrology': 0, 'Silt': 0, 'Siltation': 0, 'Bund': 0, 'Trench': 0, 'Breach': 0, 'Culvert': 0, 'Sluice': 0, 'Dyke': 0, 'Storm water drain': 0, 'Emergency': 0, 'Immediate': 0, 'IM': 2, 'AE': 0, 'A E': 0, 'AAPDA MITRA': 0, 'Bridge': 0, 'River': 0, 'Drain': 2, 'Restoration': 0, 'Protection': 0, 'irr': 0, 'irrigation': 0, 'dam': 0, 'Nallah': 0, 'nala': 0, 'Retrofitting': 0, 'Pond': 0, 'Pokhari': 0, 'D/C': 0, 'Recharge shaft': 0, 'LFB': 0, 'RFB': 0}","{'Floodlight': 0, 'Flood Light': 0, 'GAS': 0, 'FIFA': 0, 'pipe': 0, 'pipes': 0, 'covid': 0, 'supply': 0, 'Beautification': 0, 'Installation': 0}",,,False,True,Immediate Measures
69677,NIT NO- 06/E/PATLIPUTRA/2024  Gr-01,"Construction Of RCC Drain & PCC Road With Paver Block In Ashiyana Phase-1 from gate No-2 To Global Pratibha School Via Dr. Bharat Babu House, Gate No-01 To Yogesh chandra Via Lakhan Singh House & Global Pratibha To K.N Sharma & H.No- 79A In Ward-02 Under Patliputra Circle.","Construction Of RCC Drain & PCC Road With Paver Block In Ashiyana Phase-1 from gate No-2 To Global Pratibha School Via Dr. Bharat Babu House, Gate No-01 To Yogesh chandra Via Lakhan Singh House & Global Pratibha To K.N Sharma & H.No- 79A In Ward-02 Under Patliputra Circle.",19607584.0,INR,INR,2024-08-30 07:50:34+00:00,2024-08-30T07:42:25.176000+00:00,2025-01-29T06:43:16+00:00,"Aashish Prasad, Executive Engineer",EE,Patliputra Division,Sahdev Matho Marg sk puri park patna,Shushil Kumar Jha,EE,"New Capital Division, Patna Municipal Corporation, Patna",392200.0,10000.0,3540.0,True,"{'Flood': 0, 'Embankment': 0, 'embkt': 0, 'Relief': 0, 'Erosion': 0, 'SDRF': 0, 'Inundation': 0, 'Hydrology': 0, 'Silt': 0, 'Siltation': 0, 'Bund': 0, 'Trench': 0, 'Breach': 0, 'Culvert': 0, 'Sluice': 0, 'Dyke': 0, 'Storm water drain': 0, 'Emergency': 0, 'Immediate': 0, 'IM': 0, 'AE': 0, 'A E': 0, 'AAPDA MITRA': 0, 'Bridge': 0, 'River': 0, 'Drain': 2, 'Restoration': 0, 'Protection': 0, 'irr': 0, 'irrigation': 0, 'dam': 0, 'Nallah': 0, 'nala': 0, 'Retrofitting': 0, 'Pond': 0, 'Pokhari': 0, 'D/C': 0, 'Recharge shaft': 0, 'LFB': 0, 'RFB': 0}","{'Floodlight': 0, 'Flood Light': 0, 'GAS': 0, 'FIFA': 0, 'pipe': 0, 'pipes': 0, 'covid': 0, 'supply': 0, 'Beautification': 0, 'Installation': 0}",,,False,True,Immediate Measures
69696,NP HILSA NIT02/2024-25 GROUP-41,"Scheme Name- Nagar Parishad Hilsa Ward-24 Me Sanjay Ke Ghar Se Lekar ITI College Tak Mitti, Eat Soling , PCC Avam Nala Nirman Dhakkan Sahit Kary.","Scheme Name- Nagar Parishad Hilsa Ward-24 Me Sanjay Ke Ghar Se Lekar ITI College Tak Mitti, Eat Soling , PCC Avam Nala Nirman Dhakkan Sahit Kary.",986000.0,INR,INR,2024-08-30 09:49:33+00:00,2024-08-30T08:45:56.846000+00:00,2025-07-08T10:52:02+00:00,KAPIKDEO KUMAR,EXECUTIVE OFFICER,NAGAR PARISHAD HILSA,STATION ROAD HILSA,KAPILDEO KUMAR,EXECUTIVE OFFICER,NAGAR PARISHAD HILSA,19800.0,1250.0,590.0,True,"{'Flood': 0, 'Embankment': 0, 'embkt': 0, 'Relief': 0, 'Erosion': 0, 'SDRF': 0, 'Inundation': 0, 'Hydrology': 0, 'Silt': 0, 'Siltation': 0, 'Bund': 0, 'Trench': 0, 'Breach': 0, 'Culvert': 0, 'Sluice': 0, 'Dyke': 0, 'Storm water drain': 0, 'Emergency': 0, 'Immediate': 0, 'IM': 0, 'AE': 0, 'A E': 0, 'AAPDA MITRA': 0, 'Bridge': 0, 'River': 0, 'Drain': 0, 'Restoration': 0, 'Protection': 0, 'irr': 0, 'irrigation': 0, 'dam': 0, 'Nallah': 0, 'nala': 2, 'Retrofitting': 0, 'Pond': 0, 'Pokhari': 0, 'D/C': 0, 'Recharge shaft': 0, 'LFB': 0, 'RFB': 0}","{'Floodlight': 0, 'Flood Light': 0, 'GAS': 0, 'FIFA': 0, 'pipe': 0, 'pipes': 0, 'covid': 0, 'supply': 0, 'Beautification': 0, 'Installation': 0}",,,False,False,Immediate Measures
69718,NP HILSA NIT02/2024-25 GROUP-01,Scheme Name- WARD NO-01 KHORAMPUR ME SETH YADAV KE GHAR SE LEKAR UMESH PRASAD KE GHAR TAK PAVER BLOCK Avam Nala  Dhakkan Sahit Nirman Kary.,Scheme Name- WARD NO-01 KHORAMPUR ME SETH YADAV KE GHAR SE LEKAR UMESH PRASAD KE GHAR TAK PAVER BLOCK Avam Nala  Dhakkan Sahit Nirman Kary.,988022.0,INR,INR,2024-08-30 10:56:23+00:00,2024-08-30T10:48:18.744000+00:00,2024-09-07T06:46:41+00:00,KAPIKDEO KUMAR,EXECUTIVE OFFICER,NAGAR PARISHAD HILSA,STATION ROAD HILSA,KAPILDEO KUMAR,EXECUTIVE OFFICER,NAGAR PARISHAD HILSA,20000.0,1250.0,590.0,True,"{'Flood': 0, 'Embankment': 0, 'embkt': 0, 'Relief': 0, 'Erosion': 0, 'SDRF': 0, 'Inundation': 0, 'Hydrology': 0, 'Silt': 0, 'Siltation': 0, 'Bund': 0, 'Trench': 0, 'Breach': 0, 'Culvert': 0, 'Sluice': 0, 'Dyke': 0, 'Storm water drain': 0, 'Emergency': 0, 'Immediate': 0, 'IM': 0, 'AE': 0, 'A E': 0, 'AAPDA MITRA': 0, 'Bridge': 0, 'River': 0, 'Drain': 0, 'Restoration': 0, 'Protection': 0, 'irr': 0, 'irrigation': 0, 'dam': 0, 'Nallah': 0, 'nala': 2, 'Retrofitting': 0, 'Pond': 0, 'Pokhari': 0, 'D/C': 0, 'Recharge shaft': 0, 'LFB': 0, 'RFB': 0}","{'Floodlight': 0, 'Flood Light': 0, 'GAS': 0, 'FIFA': 0, 'pipe': 0, 'pipes': 0, 'covid': 0, 'supply': 0, 'Beautification': 0, 'Installation': 0}",,,False,False,Immediate Measures
69720,NP HILSA NIT02/2024-25 GROUP-03,"Scheme Name- WARD NO-03 GANPAT BIGHA ME BHARTENDU PRASAD KE MAKAN SE PASCHIMI BYPASS TAK MITTI BHARAI, EAT SOLING, PCC AVAM NALA DHAKKAN SAHIT NIRMAN KARY.","Scheme Name- WARD NO-03 GANPAT BIGHA ME BHARTENDU PRASAD KE MAKAN SE PASCHIMI BYPASS TAK MITTI BHARAI, EAT SOLING, PCC AVAM NALA DHAKKAN SAHIT NIRMAN KARY.",993476.0,INR,INR,2024-08-30 11:05:45+00:00,2024-08-30T11:01:47.478000+00:00,2025-08-14T07:41:00+00:00,KAPIKDEO KUMAR,EXECUTIVE OFFICER,NAGAR PARISHAD HILSA,STATION ROAD HILSA,KAPILDEO KUMAR,EXECUTIVE OFFICER,NAGAR PARISHAD HILSA,20000.0,1250.0,590.0,True,"{'Flood': 0, 'Embankment': 0, 'embkt': 0, 'Relief': 0, 'Erosion': 0, 'SDRF': 0, 'Inundation': 0, 'Hydrology': 0, 'Silt': 0, 'Siltation': 0, 'Bund': 0, 'Trench': 0, 'Breach': 0, 'Culvert': 0, 'Sluice': 0, 'Dyke': 0, 'Storm water drain': 0, 'Emergency': 0, 'Immediate': 0, 'IM': 0, 'AE': 0, 'A E': 0, 'AAPDA MITRA': 0, 'Bridge': 0, 'River': 0, 'Drain': 0, 'Restoration': 0, 'Protection': 0, 'irr': 0, 'irrigation': 0, 'dam': 0, 'Nallah': 0, 'nala': 2, 'Retrofitting': 0, 'Pond': 0, 'Pokhari': 0, 'D/C': 0, 'Recharge shaft': 0, 'LFB': 0, 'RFB': 0}","{'Floodlight': 0, 'Flood Light': 0, 'GAS': 0, 'FIFA': 0, 'pipe': 0, 'pipes': 0, 'covid': 0, 'supply': 0, 'Beautification': 0, 'Installation': 0}",,,False,False,Immediate Measures
69698,NP HILSA NIT02/2024-25 GROUP-43,"Scheme Name- Nagar Parishad Hilsa Ward-26 Me Bare Yadav Ke Ghar Se Paschim Road Tak Mitti, Eat Soling , PCC Avam Nala Nirman Dhakkan Sahit Kary.","Scheme Name- Nagar Parishad Hilsa Ward-26 Me Bare Yadav Ke Ghar Se Paschim Road Tak Mitti, Eat Soling , PCC Avam Nala Nirman Dhakkan Sahit Kary.",494900.0,INR,INR,2024-08-30 10:47:17+00:00,2024-08-30T08:47:34.571000+00:00,2025-08-14T09:10:24+00:00,KAPIKDEO KUMAR,EXECUTIVE OFFICER,NAGAR PARISHAD HILSA,STATION ROAD HILSA,KAPILDEO KUMAR,EXECUTIVE OFFICER,NAGAR PARISHAD HILSA,9900.0,750.0,590.0,True,"{'Flood': 0, 'Embankment': 0, 'embkt': 0, 'Relief': 0, 'Erosion': 0, 'SDRF': 0, 'Inundation': 0, 'Hydrology': 0, 'Silt': 0, 'Siltation': 0, 'Bund': 0, 'Trench': 0, 'Breach': 0, 'Culvert': 0, 'Sluice': 0, 'Dyke': 0, 'Storm water drain': 0, 'Emergency': 0, 'Immediate': 0, 'IM': 0, 'AE': 0, 'A E': 0, 'AAPDA MITRA': 0, 'Bridge': 0, 'River': 0, 'Drain': 0, 'Restoration': 0, 'Protection': 0, 'irr': 0, 'irrigation': 0, 'dam': 0, 'Nallah': 0, 'nala': 2, 'Retrofitting': 0, 'Pond': 0, 'Pokhari': 0, 'D/C': 0, 'Recharge shaft': 0, 'LFB': 0, 'RFB': 0}","{'Floodlight': 0, 'Flood Light': 0, 'GAS': 0, 'FIFA': 0, 'pipe': 0, 'pipes': 0, 'covid': 0, 'supply': 0, 'Beautification': 0, 'Installation': 0}",,,False,True,Immediate Measures
69727,NIT No.- RCD/Road/Hilsa/04/2024-25,"Construction of  Double Lane with Paved Shoulder of Islampur Bypass from Ch. 0+000 km to Ch. 7+700 km (Total length- 7.700 km) & construction of 3 nos. H.L. R.C.C. Bridge in Nalanda district under Road Division, Hilsa for the year 2024-25","Construction of  Double Lane with Paved Shoulder of Islampur Bypass from Ch. 0+000 km to Ch. 7+700 km (Total length- 7.700 km) & construction of 3 nos. H.L. R.C.C. Bridge in Nalanda district under Road Division, Hilsa for the year 2024-25",478886575.0,INR,INR,2024-08-30 12:46:00+00:00,2024-08-30T11:32:07.719000+00:00,2024-11-22T07:07:57+00:00,Nawal Kishor Singh,Executive Engineer,ROAD DIVISION HILSA,ROAD DIVISION HILSA,SHADHU SHARAN,SE CENTRAL CIRCLE PATNA,ROAD CONSTRUCTION DEPARTMENT,5789000.0,10000.0,5900.0,True,"{'Flood': 0, 'Embankment': 0, 'embkt': 0, 'Relief': 0, 'Erosion': 0, 'SDRF': 0, 'Inundation': 0, 'Hydrology': 0, 'Silt': 0, 'Siltation': 0, 'Bund': 0, 'Trench': 0, 'Breach': 0, 'Culvert': 0, 'Sluice': 0, 'Dyke': 0, 'Storm water drain': 0, 'Emergency': 0, 'Immediate': 0, 'IM': 0, 'AE': 0, 'A E': 0, 'AAPDA MITRA': 0, 'Bridge': 2, 'River': 0, 'Drain': 0, 'Restoration': 0, 'Protection': 0, 'irr': 0, 'irrigation': 0, 'dam': 0, 'Nallah': 0, 'nala': 0, 'Retrofitting': 0, 'Pond': 0, 'Pokhari': 0, 'D/C': 0, 'Recharge shaft': 0, 'LFB': 0, 'RFB': 0}","{'Floodlight': 0, 'Flood Light': 0, 'GAS': 0, 'FIFA': 0, 'pipe': 0, 'pipes': 0, 'covid': 0, 'supply': 0, 'Beautification': 0, 'Installation': 0}",,,False,True,Others
69722,NP HILSA NIT02/2024-25 GROUP-04,Scheme Name- WARD NO-04 ME SAHDEV JI KE GHAR SE CHANDRASEKHAR PRASAD KE GHAR HOTE HUYE MAIN ROAD PIPAL KE PER KE PASS TAK  NALA DHAKKAN SAHIT NIRMAN KARY.,Scheme Name- WARD NO-04 ME SAHDEV JI KE GHAR SE CHANDRASEKHAR PRASAD KE GHAR HOTE HUYE MAIN ROAD PIPAL KE PER KE PASS TAK  NALA DHAKKAN SAHIT NIRMAN KARY.,998639.0,INR,INR,2024-08-30 11:13:16+00:00,2024-08-30T11:06:04.334000+00:00,2025-07-04T08:09:54+00:00,KAPIKDEO KUMAR,EXECUTIVE OFFICER,NAGAR PARISHAD HILSA,STATION ROAD HILSA,KAPILDEO KUMAR,EXECUTIVE OFFICER,NAGAR PARISHAD HILSA,20000.0,1250.0,590.0,True,"{'Flood': 0, 'Embankment': 0, 'embkt': 0, 'Relief': 0, 'Erosion': 0, 'SDRF': 0, 'Inundation': 0, 'Hydrology': 0, 'Silt': 0, 'Siltation': 0, 'Bund': 0, 'Trench': 0, 'Breach': 0, 'Culvert': 0, 'Sluice': 0, 'Dyke': 0, 'Storm water drain': 0, 'Emergency': 0, 'Immediate': 0, 'IM': 0, 'AE': 0, 'A E': 0, 'AAPDA MITRA': 0, 'Bridge': 0, 'River': 0, 'Drain': 0, 'Restoration': 0, 'Protection': 0, 'irr': 0, 'irrigation': 0, 'dam': 0, 'Nallah': 0, 'nala': 2, 'Retrofitting': 0, 'Pond': 0, 'Pokhari': 0, 'D/C': 0, 'Recharge shaft': 0, 'LFB': 0, 'RFB': 0}","{'Floodlight': 0, 'Flood Light': 0, 'GAS': 0, 'FIFA': 0, 'pipe': 0, 'pipes': 0, 'covid': 0, 'supply': 0, 'Beautification': 0, 'Installation': 0}",,,False,True,Immediate Measures
69745,NP HILSA NIT02/2024-25 GROUP-18,Scheme Name- WARD NO-14 ME MAYA MEDICO SE HOTE HUYE TARA BIBI MAJAR TAK RCC NALA DHAKKAN SAHIT NIRMAN KARY.,Scheme Name- WARD NO-14 ME MAYA MEDICO SE HOTE HUYE TARA BIBI MAJAR TAK RCC NALA DHAKKAN SAHIT NIRMAN KARY.,998948.0,INR,INR,2024-08-30 12:36:39+00:00,2024-08-30T12:33:27.907000+00:00,2024-09-07T11:58:06+00:00,KAPIKDEO KUMAR,EXECUTIVE OFFICER,NAGAR PARISHAD HILSA,STATION ROAD HILSA,KAPILDEO KUMAR,EXECUTIVE OFFICER,NAGAR PARISHAD HILSA,20000.0,1250.0,590.0,True,"{'Flood': 0, 'Embankment': 0, 'embkt': 0, 'Relief': 0, 'Erosion': 0, 'SDRF': 0, 'Inundation': 0, 'Hydrology': 0, 'Silt': 0, 'Siltation': 0, 'Bund': 0, 'Trench': 0, 'Breach': 0, 'Culvert': 0, 'Sluice': 0, 'Dyke': 0, 'Storm water drain': 0, 'Emergency': 0, 'Immediate': 0, 'IM': 0, 'AE': 0, 'A E': 0, 'AAPDA MITRA': 0, 'Bridge': 0, 'River': 0, 'Drain': 0, 'Restoration': 0, 'Protection': 0, 'irr': 0, 'irrigation': 0, 'dam': 0, 'Nallah': 0, 'nala': 2, 'Retrofitting': 0, 'Pond': 0, 'Pokhari': 0, 'D/C': 0, 'Recharge shaft': 0, 'LFB': 0, 'RFB': 0}","{'Floodlight': 0, 'Flood Light': 0, 'GAS': 0, 'FIFA': 0, 'pipe': 0, 'pipes': 0, 'covid': 0, 'supply': 0, 'Beautification': 0, 'Installation': 0}",,,False,False,Immediate Measures
69767,NP HILSA NIT02/2024-25 GROUP-29,Scheme Name- WARD NO-24 ME  LALA RAM KE GHAR SE HOTE HUYE RAJNI MAIDAM KE GALI SE HOTE HUYE SURENDRA PRASAD KE GALI TAK PAVER BLOCK AVAM NALA DHAKKAN SAHIT NIRMAN KARY.,Scheme Name- WARD NO-24 ME  LALA RAM KE GHAR SE HOTE HUYE RAJNI MAIDAM KE GALI SE HOTE HUYE SURENDRA PRASAD KE GALI TAK PAVER BLOCK AVAM NALA DHAKKAN SAHIT NIRMAN KARY.,723551.0,INR,INR,2024-08-30 13:20:41+00:00,2024-08-30T13:15:38.601000+00:00,2024-09-07T11:42:22+00:00,KAPIKDEO KUMAR,EXECUTIVE OFFICER,NAGAR PARISHAD HILSA,STATION ROAD HILSA,KAPILDEO KUMAR,EXECUTIVE OFFICER,NAGAR PARISHAD HILSA,14500.0,1250.0,590.0,True,"{'Flood': 0, 'Embankment': 0, 'embkt': 0, 'Relief': 0, 'Erosion': 0, 'SDRF': 0, 'Inundation': 0, 'Hydrology': 0, 'Silt': 0, 'Siltation': 0, 'Bund': 0, 'Trench': 0, 'Breach': 0, 'Culvert': 0, 'Sluice': 0, 'Dyke': 0, 'Storm water drain': 0, 'Emergency': 0, 'Immediate': 0, 'IM': 0, 'AE': 0, 'A E': 0, 'AAPDA MITRA': 0, 'Bridge': 0, 'River': 0, 'Drain': 0, 'Restoration': 0, 'Protection': 0, 'irr': 0, 'irrigation': 0, 'dam': 0, 'Nallah': 0, 'nala': 2, 'Retrofitting': 0, 'Pond': 0, 'Pokhari': 0, 'D/C': 0, 'Recharge shaft': 0, 'LFB': 0, 'RFB': 0}","{'Floodlight': 0, 'Flood Light': 0, 'GAS': 0, 'FIFA': 0, 'pipe': 0, 'pipes': 0, 'covid': 0, 'supply': 0, 'Beautification': 0, 'Installation': 0}",,,False,False,Immediate Measures
