Tender ID :,Tender Ref No :,Tender Title :,Work Description,Tender Value in ₹,Tender Currency,Bid Currency,Publish Date,Contract Date :,Update Date,Issuing Authority Name,Issuing Authority Designation,Issuing Organisation Name,Issuing Address,Approving Authority Name,Approving Authority Designation,Approving Organisation Name,EMD Amount,Tender Fee Amount,Tender Processing Fee Amount,is_flood_tender,positive_keywords_dict,negative_keywords_dict,Season,Scheme,Erosion,Roads_Bridges_Embkt,Response Type
104152,NNSSMNIT-03/2025-26_GR_02,Construction of Drain with slab from House of Nathuni Paswan to RCC road via Saidabad Shiv Temple at Ward no.- 06 Under Nagar Nigam Sasaram Rohtas District.,Construction of Drain with slab from House of Nathuni Paswan to RCC road via Saidabad Shiv Temple at Ward no.- 06 Under Nagar Nigam Sasaram Rohtas District.,4894592.0,INR,INR,2025-07-01 08:14:11+00:00,2025-06-30T10:43:01.302000+00:00,2025-07-28T07:53:03+00:00,VIKAS KUMAR,SASARAM MUNICIPAL COMMISSIONER,SASARAM NAGAR NIGAM,G.T. ROAD SASARAM,VIKAS KUMAR,SASARAM MUNICIPAL COMMISSIONER,SASARAM NAGAR NIGAM,97900.0,5000.0,590.0,True,"{'Flood': 0, 'Embankment': 0, 'embkt': 0, 'Relief': 0, 'Erosion': 0, 'SDRF': 0, 'Inundation': 0, 'Hydrology': 0, 'Silt': 0, 'Siltation': 0, 'Bund': 0, 'Trench': 0, 'Breach': 0, 'Culvert': 0, 'Sluice': 0, 'Dyke': 0, 'Storm water drain': 0, 'Emergency': 0, 'Immediate': 0, 'IM': 0, 'AE': 0, 'A E': 0, 'AAPDA MITRA': 0, 'Bridge': 0, 'River': 0, 'Drain': 2, 'Restoration': 0, 'Protection': 0, 'irr': 0, 'irrigation': 0, 'dam': 0, 'Nallah': 0, 'nala': 0, 'Retrofitting': 0, 'Pond': 0, 'Pokhari': 0, 'D/C': 0, 'Recharge shaft': 0, 'LFB': 0, 'RFB': 0}","{'Floodlight': 0, 'Flood Light': 0, 'GAS': 0, 'FIFA': 0, 'pipe': 0, 'pipes': 0, 'covid': 0, 'supply': 0, 'Beautification': 0, 'Installation': 0}",,,False,True,Immediate Measures
104155,NNSSMNIT-03/2025-26_GR_05,Construction of pcc road from Yadav mohalla to Tadbanna Shamshan via river at Beladhi Ward no.- 08 Under Nagar Nigam Sasaram Rohtas District,Construction of pcc road from Yadav mohalla to Tadbanna Shamshan via river at Beladhi Ward no.- 08 Under Nagar Nigam Sasaram Rohtas District,3431989.0,INR,INR,2025-07-01 08:28:37+00:00,2025-06-30T11:03:51.784000+00:00,2025-07-28T08:19:44+00:00,VIKAS KUMAR,SASARAM MUNICIPAL COMMISSIONER,SASARAM NAGAR NIGAM,G.T. ROAD SASARAM,VIKAS KUMAR,SASARAM MUNICIPAL COMMISSIONER,SASARAM NAGAR NIGAM,68700.0,5000.0,590.0,True,"{'Flood': 0, 'Embankment': 0, 'embkt': 0, 'Relief': 0, 'Erosion': 0, 'SDRF': 0, 'Inundation': 0, 'Hydrology': 0, 'Silt': 0, 'Siltation': 0, 'Bund': 0, 'Trench': 0, 'Breach': 0, 'Culvert': 0, 'Sluice': 0, 'Dyke': 0, 'Storm water drain': 0, 'Emergency': 0, 'Immediate': 0, 'IM': 0, 'AE': 0, 'A E': 0, 'AAPDA MITRA': 0, 'Bridge': 0, 'River': 2, 'Drain': 0, 'Restoration': 0, 'Protection': 0, 'irr': 0, 'irrigation': 0, 'dam': 0, 'Nallah': 0, 'nala': 0, 'Retrofitting': 0, 'Pond': 0, 'Pokhari': 0, 'D/C': 0, 'Recharge shaft': 0, 'LFB': 0, 'RFB': 0}","{'Floodlight': 0, 'Flood Light': 0, 'GAS': 0, 'FIFA': 0, 'pipe': 0, 'pipes': 0, 'covid': 0, 'supply': 0, 'Beautification': 0, 'Installation': 0}",,,False,True,Immediate Measures
104150,NNSSMNIT-03/2025-26_GR_01,Construction of  R.C.C Drain with Slab from House of Dhiraj to House of Ramnarayen at Uchitpur at Ward no.- 04 Under Nagar Nigam Sasaram Rohtas District.,Construction of  R.C.C Drain with Slab from House of Dhiraj to House of Ramnarayen at Uchitpur at Ward no.- 04 Under Nagar Nigam Sasaram Rohtas District.,3323994.0,INR,INR,2025-07-01 08:11:55+00:00,2025-06-30T10:32:28.581000+00:00,2025-07-28T07:46:50+00:00,VIKAS KUMAR,SASARAM MUNICIPAL COMMISSIONER,SASARAM NAGAR NIGAM,G.T. ROAD SASARAM,VIKAS KUMAR,SASARAM MUNICIPAL COMMISSIONER,SASARAM NAGAR NIGAM,66500.0,5000.0,590.0,True,"{'Flood': 0, 'Embankment': 0, 'embkt': 0, 'Relief': 0, 'Erosion': 0, 'SDRF': 0, 'Inundation': 0, 'Hydrology': 0, 'Silt': 0, 'Siltation': 0, 'Bund': 0, 'Trench': 0, 'Breach': 0, 'Culvert': 0, 'Sluice': 0, 'Dyke': 0, 'Storm water drain': 0, 'Emergency': 0, 'Immediate': 0, 'IM': 0, 'AE': 0, 'A E': 0, 'AAPDA MITRA': 0, 'Bridge': 0, 'River': 0, 'Drain': 2, 'Restoration': 0, 'Protection': 0, 'irr': 0, 'irrigation': 0, 'dam': 0, 'Nallah': 0, 'nala': 0, 'Retrofitting': 0, 'Pond': 0, 'Pokhari': 0, 'D/C': 0, 'Recharge shaft': 0, 'LFB': 0, 'RFB': 0}","{'Floodlight': 0, 'Flood Light': 0, 'GAS': 0, 'FIFA': 0, 'pipe': 0, 'pipes': 0, 'covid': 0, 'supply': 0, 'Beautification': 0, 'Installation': 0}",,,False,True,Immediate Measures
104153,NNSSMNIT-03/2025-26_GR_03,Construction of Drain with slab from Farm of Shriniwas to illahiganj via RCD road at Dihra Ward no.- 06 Under Nagar Nigam Sasaram Rohtas District,Construction of Drain with slab from Farm of Shriniwas to illahiganj via RCD road at Dihra Ward no.- 06 Under Nagar Nigam Sasaram Rohtas District,4812743.0,INR,INR,2025-07-01 08:24:47+00:00,2025-06-30T10:46:43.559000+00:00,2025-07-28T07:59:50+00:00,VIKAS KUMAR,SASARAM MUNICIPAL COMMISSIONER,SASARAM NAGAR NIGAM,G.T. ROAD SASARAM,VIKAS KUMAR,SASARAM MUNICIPAL COMMISSIONER,SASARAM NAGAR NIGAM,96300.0,5000.0,590.0,True,"{'Flood': 0, 'Embankment': 0, 'embkt': 0, 'Relief': 0, 'Erosion': 0, 'SDRF': 0, 'Inundation': 0, 'Hydrology': 0, 'Silt': 0, 'Siltation': 0, 'Bund': 0, 'Trench': 0, 'Breach': 0, 'Culvert': 0, 'Sluice': 0, 'Dyke': 0, 'Storm water drain': 0, 'Emergency': 0, 'Immediate': 0, 'IM': 0, 'AE': 0, 'A E': 0, 'AAPDA MITRA': 0, 'Bridge': 0, 'River': 0, 'Drain': 2, 'Restoration': 0, 'Protection': 0, 'irr': 0, 'irrigation': 0, 'dam': 0, 'Nallah': 0, 'nala': 0, 'Retrofitting': 0, 'Pond': 0, 'Pokhari': 0, 'D/C': 0, 'Recharge shaft': 0, 'LFB': 0, 'RFB': 0}","{'Floodlight': 0, 'Flood Light': 0, 'GAS': 0, 'FIFA': 0, 'pipe': 0, 'pipes': 0, 'covid': 0, 'supply': 0, 'Beautification': 0, 'Installation': 0}",,,False,True,Immediate Measures
104159,NNSSMNIT-03/2025-26_GR_08,Construction of pcc road from Banwari bind to river at Banarsia Ward no.- 08 Under Nagar Nigam Sasaram Rohtas District.,Construction of pcc road from Banwari bind to river at Banarsia Ward no.- 08 Under Nagar Nigam Sasaram Rohtas District.,3491462.0,INR,INR,2025-07-01 08:34:18+00:00,2025-06-30T11:23:09.412000+00:00,2025-07-28T10:24:51+00:00,VIKAS KUMAR,SASARAM MUNICIPAL COMMISSIONER,SASARAM NAGAR NIGAM,G.T. ROAD SASARAM,VIKAS KUMAR,SASARAM MUNICIPAL COMMISSIONER,SASARAM NAGAR NIGAM,69900.0,5000.0,590.0,True,"{'Flood': 0, 'Embankment': 0, 'embkt': 0, 'Relief': 0, 'Erosion': 0, 'SDRF': 0, 'Inundation': 0, 'Hydrology': 0, 'Silt': 0, 'Siltation': 0, 'Bund': 0, 'Trench': 0, 'Breach': 0, 'Culvert': 0, 'Sluice': 0, 'Dyke': 0, 'Storm water drain': 0, 'Emergency': 0, 'Immediate': 0, 'IM': 0, 'AE': 0, 'A E': 0, 'AAPDA MITRA': 0, 'Bridge': 0, 'River': 2, 'Drain': 0, 'Restoration': 0, 'Protection': 0, 'irr': 0, 'irrigation': 0, 'dam': 0, 'Nallah': 0, 'nala': 0, 'Retrofitting': 0, 'Pond': 0, 'Pokhari': 0, 'D/C': 0, 'Recharge shaft': 0, 'LFB': 0, 'RFB': 0}","{'Floodlight': 0, 'Flood Light': 0, 'GAS': 0, 'FIFA': 0, 'pipe': 0, 'pipes': 0, 'covid': 0, 'supply': 0, 'Beautification': 0, 'Installation': 0}",,,False,True,Immediate Measures
104168,NNSSMNIT-03/2025-26_GR_14,Construction of Drain with slab and pcc road from house of Mahendra Mahto to house of Ramji Mahto via house of Bablu Mahto at Ward no.- 18 Under Nagar Nigam Sasaram Rohtas District.,Construction of Drain with slab and pcc road from house of Mahendra Mahto to house of Ramji Mahto via house of Bablu Mahto at Ward no.- 18 Under Nagar Nigam Sasaram Rohtas District.,2646692.0,INR,INR,2025-07-01 08:42:18+00:00,2025-06-30T11:48:46.736000+00:00,2025-07-28T12:17:54+00:00,VIKAS KUMAR,SASARAM MUNICIPAL COMMISSIONER,SASARAM NAGAR NIGAM,G.T. ROAD SASARAM,VIKAS KUMAR,SASARAM MUNICIPAL COMMISSIONER,SASARAM NAGAR NIGAM,53000.0,5000.0,590.0,True,"{'Flood': 0, 'Embankment': 0, 'embkt': 0, 'Relief': 0, 'Erosion': 0, 'SDRF': 0, 'Inundation': 0, 'Hydrology': 0, 'Silt': 0, 'Siltation': 0, 'Bund': 0, 'Trench': 0, 'Breach': 0, 'Culvert': 0, 'Sluice': 0, 'Dyke': 0, 'Storm water drain': 0, 'Emergency': 0, 'Immediate': 0, 'IM': 0, 'AE': 0, 'A E': 0, 'AAPDA MITRA': 0, 'Bridge': 0, 'River': 0, 'Drain': 2, 'Restoration': 0, 'Protection': 0, 'irr': 0, 'irrigation': 0, 'dam': 0, 'Nallah': 0, 'nala': 0, 'Retrofitting': 0, 'Pond': 0, 'Pokhari': 0, 'D/C': 0, 'Recharge shaft': 0, 'LFB': 0, 'RFB': 0}","{'Floodlight': 0, 'Flood Light': 0, 'GAS': 0, 'FIFA': 0, 'pipe': 0, 'pipes': 0, 'covid': 0, 'supply': 0, 'Beautification': 0, 'Installation': 0}",,,False,True,Immediate Measures
104158,NNSSMNIT-03/2025-26_GR_07,Construction of RCC Drain with slab and pcc road from Chhote bind (Kali Maa Mandir) to Baha via House of Bali Pal at Banarsia Ward no.- 08 Under Nagar Nigam Sasaram Rohtas District.,Construction of RCC Drain with slab and pcc road from Chhote bind (Kali Maa Mandir) to Baha via House of Bali Pal at Banarsia Ward no.- 08 Under Nagar Nigam Sasaram Rohtas District.,4246425.0,INR,INR,2025-07-01 08:32:34+00:00,2025-06-30T11:19:48.911000+00:00,2025-07-28T10:17:02+00:00,VIKAS KUMAR,SASARAM MUNICIPAL COMMISSIONER,SASARAM NAGAR NIGAM,G.T. ROAD SASARAM,VIKAS KUMAR,SASARAM MUNICIPAL COMMISSIONER,SASARAM NAGAR NIGAM,85000.0,5000.0,590.0,True,"{'Flood': 0, 'Embankment': 0, 'embkt': 0, 'Relief': 0, 'Erosion': 0, 'SDRF': 0, 'Inundation': 0, 'Hydrology': 0, 'Silt': 0, 'Siltation': 0, 'Bund': 0, 'Trench': 0, 'Breach': 0, 'Culvert': 0, 'Sluice': 0, 'Dyke': 0, 'Storm water drain': 0, 'Emergency': 0, 'Immediate': 0, 'IM': 0, 'AE': 0, 'A E': 0, 'AAPDA MITRA': 0, 'Bridge': 0, 'River': 0, 'Drain': 2, 'Restoration': 0, 'Protection': 0, 'irr': 0, 'irrigation': 0, 'dam': 0, 'Nallah': 0, 'nala': 0, 'Retrofitting': 0, 'Pond': 0, 'Pokhari': 0, 'D/C': 0, 'Recharge shaft': 0, 'LFB': 0, 'RFB': 0}","{'Floodlight': 0, 'Flood Light': 0, 'GAS': 0, 'FIFA': 0, 'pipe': 0, 'pipes': 0, 'covid': 0, 'supply': 0, 'Beautification': 0, 'Installation': 0}",,,False,True,Immediate Measures
104163,NNSSMNIT-03/2025-26_GR_11,"Construction of paver blok road and RCC Drain with slab behind the  house of Advocate Suresh Kumar Lal to Mantujee house to Munna Mourya colony, Shribhagwanjee house in Gopalganj to Sunil Singh house through kirana Store Shop via Babu Saheb house in Mauraya colony through Mithuji houseat Ward no.- 14 Under Nagar Nigam Sasaram Rohtas District.","Construction of paver blok road and RCC Drain with slab behind the  house of Advocate Suresh Kumar Lal to Mantujee house to Munna Mourya colony, Shribhagwanjee house in Gopalganj to Sunil Singh house through kirana Store Shop via Babu Saheb house in Mauraya colony through Mithuji houseat Ward no.- 14 Under Nagar Nigam Sasaram Rohtas District.",2777050.0,INR,INR,2025-07-01 08:38:31+00:00,2025-06-30T11:34:53.898000+00:00,2025-07-28T11:19:41+00:00,VIKAS KUMAR,SASARAM MUNICIPAL COMMISSIONER,SASARAM NAGAR NIGAM,G.T. ROAD SASARAM,VIKAS KUMAR,SASARAM MUNICIPAL COMMISSIONER,SASARAM NAGAR NIGAM,55600.0,5000.0,590.0,True,"{'Flood': 0, 'Embankment': 0, 'embkt': 0, 'Relief': 0, 'Erosion': 0, 'SDRF': 0, 'Inundation': 0, 'Hydrology': 0, 'Silt': 0, 'Siltation': 0, 'Bund': 0, 'Trench': 0, 'Breach': 0, 'Culvert': 0, 'Sluice': 0, 'Dyke': 0, 'Storm water drain': 0, 'Emergency': 0, 'Immediate': 0, 'IM': 0, 'AE': 0, 'A E': 0, 'AAPDA MITRA': 0, 'Bridge': 0, 'River': 0, 'Drain': 2, 'Restoration': 0, 'Protection': 0, 'irr': 0, 'irrigation': 0, 'dam': 0, 'Nallah': 0, 'nala': 0, 'Retrofitting': 0, 'Pond': 0, 'Pokhari': 0, 'D/C': 0, 'Recharge shaft': 0, 'LFB': 0, 'RFB': 0}","{'Floodlight': 0, 'Flood Light': 0, 'GAS': 0, 'FIFA': 0, 'pipe': 0, 'pipes': 0, 'covid': 0, 'supply': 0, 'Beautification': 0, 'Installation': 0}",,,False,True,Immediate Measures
104162,NNSSMNIT-03/2025-26_GR_10,Construction of paver block road and drain from House of Santoshi Devi to House of Motijhari Devi AND construction of Culvert near Santoshi Devi at Ramraj Path at Ward no.- 12 Under Nagar Nigam Sasaram Rohtas District.,Construction of paver block road and drain from House of Santoshi Devi to House of Motijhari Devi AND construction of Culvert near Santoshi Devi at Ramraj Path at Ward no.- 12 Under Nagar Nigam Sasaram Rohtas District.,3220776.0,INR,INR,2025-07-01 08:37:00+00:00,2025-06-30T11:29:17.848000+00:00,2025-07-28T11:14:14+00:00,VIKAS KUMAR,SASARAM MUNICIPAL COMMISSIONER,SASARAM NAGAR NIGAM,G.T. ROAD SASARAM,VIKAS KUMAR,SASARAM MUNICIPAL COMMISSIONER,SASARAM NAGAR NIGAM,64500.0,5000.0,590.0,True,"{'Flood': 0, 'Embankment': 0, 'embkt': 0, 'Relief': 0, 'Erosion': 0, 'SDRF': 0, 'Inundation': 0, 'Hydrology': 0, 'Silt': 0, 'Siltation': 0, 'Bund': 0, 'Trench': 0, 'Breach': 0, 'Culvert': 2, 'Sluice': 0, 'Dyke': 0, 'Storm water drain': 0, 'Emergency': 0, 'Immediate': 0, 'IM': 0, 'AE': 0, 'A E': 0, 'AAPDA MITRA': 0, 'Bridge': 0, 'River': 0, 'Drain': 2, 'Restoration': 0, 'Protection': 0, 'irr': 0, 'irrigation': 0, 'dam': 0, 'Nallah': 0, 'nala': 0, 'Retrofitting': 0, 'Pond': 0, 'Pokhari': 0, 'D/C': 0, 'Recharge shaft': 0, 'LFB': 0, 'RFB': 0}","{'Floodlight': 0, 'Flood Light': 0, 'GAS': 0, 'FIFA': 0, 'pipe': 0, 'pipes': 0, 'covid': 0, 'supply': 0, 'Beautification': 0, 'Installation': 0}",,,False,True,Immediate Measures
104165,NNSSMNIT-03/2025-26_GR_12,Construction of p.c.c road and R.C.C Drain from G.T road to railway line in Baldev nagar gali no.2 at Ward no.- 16 Under Nagar Nigam Sasaram Rohtas District.,Construction of p.c.c road and R.C.C Drain from G.T road to railway line in Baldev nagar gali no.2 at Ward no.- 16 Under Nagar Nigam Sasaram Rohtas District.,4811971.0,INR,INR,2025-07-01 08:39:42+00:00,2025-06-30T11:38:56.005000+00:00,2025-07-28T11:31:45+00:00,VIKAS KUMAR,SASARAM MUNICIPAL COMMISSIONER,SASARAM NAGAR NIGAM,G.T. ROAD SASARAM,VIKAS KUMAR,SASARAM MUNICIPAL COMMISSIONER,SASARAM NAGAR NIGAM,96300.0,5000.0,590.0,True,"{'Flood': 0, 'Embankment': 0, 'embkt': 0, 'Relief': 0, 'Erosion': 0, 'SDRF': 0, 'Inundation': 0, 'Hydrology': 0, 'Silt': 0, 'Siltation': 0, 'Bund': 0, 'Trench': 0, 'Breach': 0, 'Culvert': 0, 'Sluice': 0, 'Dyke': 0, 'Storm water drain': 0, 'Emergency': 0, 'Immediate': 0, 'IM': 0, 'AE': 0, 'A E': 0, 'AAPDA MITRA': 0, 'Bridge': 0, 'River': 0, 'Drain': 2, 'Restoration': 0, 'Protection': 0, 'irr': 0, 'irrigation': 0, 'dam': 0, 'Nallah': 0, 'nala': 0, 'Retrofitting': 0, 'Pond': 0, 'Pokhari': 0, 'D/C': 0, 'Recharge shaft': 0, 'LFB': 0, 'RFB': 0}","{'Floodlight': 0, 'Flood Light': 0, 'GAS': 0, 'FIFA': 0, 'pipe': 0, 'pipes': 0, 'covid': 0, 'supply': 0, 'Beautification': 0, 'Installation': 0}",,,False,True,Immediate Measures
104174,NNSSMNIT-03/2025-26_GR_17,Construction of Road and drain from from Keshari jee house towards mukhiya jee house and Ramesh Mahto house to Satendra Kirana shop at Ward no.- 22 Under Nagar Nigam Sasaram Rohtas District.,Construction of Road and drain from from Keshari jee house towards mukhiya jee house and Ramesh Mahto house to Satendra Kirana shop at Ward no.- 22 Under Nagar Nigam Sasaram Rohtas District.,2673302.0,INR,INR,2025-07-01 11:34:30+00:00,2025-06-30T11:57:29.367000+00:00,2025-07-28T12:27:38+00:00,VIKAS KUMAR,SASARAM MUNICIPAL COMMISSIONER,SASARAM NAGAR NIGAM,G.T. ROAD SASARAM,VIKAS KUMAR,SASARAM MUNICIPAL COMMISSIONER,SASARAM NAGAR NIGAM,53500.0,5000.0,590.0,True,"{'Flood': 0, 'Embankment': 0, 'embkt': 0, 'Relief': 0, 'Erosion': 0, 'SDRF': 0, 'Inundation': 0, 'Hydrology': 0, 'Silt': 0, 'Siltation': 0, 'Bund': 0, 'Trench': 0, 'Breach': 0, 'Culvert': 0, 'Sluice': 0, 'Dyke': 0, 'Storm water drain': 0, 'Emergency': 0, 'Immediate': 0, 'IM': 0, 'AE': 0, 'A E': 0, 'AAPDA MITRA': 0, 'Bridge': 0, 'River': 0, 'Drain': 2, 'Restoration': 0, 'Protection': 0, 'irr': 0, 'irrigation': 0, 'dam': 0, 'Nallah': 0, 'nala': 0, 'Retrofitting': 0, 'Pond': 0, 'Pokhari': 0, 'D/C': 0, 'Recharge shaft': 0, 'LFB': 0, 'RFB': 0}","{'Floodlight': 0, 'Flood Light': 0, 'GAS': 0, 'FIFA': 0, 'pipe': 0, 'pipes': 0, 'covid': 0, 'supply': 0, 'Beautification': 0, 'Installation': 0}",,,False,True,Immediate Measures
104169,NNSSMNIT-03/2025-26_GR_15,Construction of Drain and road from house of Bhupendra Singh to  house of Ram Pravesh Mahto via house of Munna Pandey & Awadhesh Singh at Ward no.- 18 Under Nagar Nigam Sasaram Rohtas District.,Construction of Drain and road from house of Bhupendra Singh to  house of Ram Pravesh Mahto via house of Munna Pandey & Awadhesh Singh at Ward no.- 18 Under Nagar Nigam Sasaram Rohtas District.,3132310.0,INR,INR,2025-07-01 08:43:41+00:00,2025-06-30T11:51:33.644000+00:00,2025-07-28T12:20:48+00:00,VIKAS KUMAR,SASARAM MUNICIPAL COMMISSIONER,SASARAM NAGAR NIGAM,G.T. ROAD SASARAM,VIKAS KUMAR,SASARAM MUNICIPAL COMMISSIONER,SASARAM NAGAR NIGAM,62700.0,5000.0,590.0,True,"{'Flood': 0, 'Embankment': 0, 'embkt': 0, 'Relief': 0, 'Erosion': 0, 'SDRF': 0, 'Inundation': 0, 'Hydrology': 0, 'Silt': 0, 'Siltation': 0, 'Bund': 0, 'Trench': 0, 'Breach': 0, 'Culvert': 0, 'Sluice': 0, 'Dyke': 0, 'Storm water drain': 0, 'Emergency': 0, 'Immediate': 0, 'IM': 0, 'AE': 0, 'A E': 0, 'AAPDA MITRA': 0, 'Bridge': 0, 'River': 0, 'Drain': 2, 'Restoration': 0, 'Protection': 0, 'irr': 0, 'irrigation': 0, 'dam': 0, 'Nallah': 0, 'nala': 0, 'Retrofitting': 0, 'Pond': 0, 'Pokhari': 0, 'D/C': 0, 'Recharge shaft': 0, 'LFB': 0, 'RFB': 0}","{'Floodlight': 0, 'Flood Light': 0, 'GAS': 0, 'FIFA': 0, 'pipe': 0, 'pipes': 0, 'covid': 0, 'supply': 0, 'Beautification': 0, 'Installation': 0}",,,False,True,Immediate Measures
104166,NNSSMNIT-03/2025-26_GR_13,Construction of Drain with slab and pcc road from house of Manoj Singh  to house of Sanjayji via  house of Ashok Singh at Ward no.- 18 Under Nagar Nigam Sasaram Rohtas District.,Construction of Drain with slab and pcc road from house of Manoj Singh  to house of Sanjayji via  house of Ashok Singh at Ward no.- 18 Under Nagar Nigam Sasaram Rohtas District.,3178735.0,INR,INR,2025-07-01 08:41:05+00:00,2025-06-30T11:45:28.428000+00:00,2025-07-28T12:04:16+00:00,VIKAS KUMAR,SASARAM MUNICIPAL COMMISSIONER,SASARAM NAGAR NIGAM,G.T. ROAD SASARAM,VIKAS KUMAR,SASARAM MUNICIPAL COMMISSIONER,SASARAM NAGAR NIGAM,63600.0,5000.0,590.0,True,"{'Flood': 0, 'Embankment': 0, 'embkt': 0, 'Relief': 0, 'Erosion': 0, 'SDRF': 0, 'Inundation': 0, 'Hydrology': 0, 'Silt': 0, 'Siltation': 0, 'Bund': 0, 'Trench': 0, 'Breach': 0, 'Culvert': 0, 'Sluice': 0, 'Dyke': 0, 'Storm water drain': 0, 'Emergency': 0, 'Immediate': 0, 'IM': 0, 'AE': 0, 'A E': 0, 'AAPDA MITRA': 0, 'Bridge': 0, 'River': 0, 'Drain': 2, 'Restoration': 0, 'Protection': 0, 'irr': 0, 'irrigation': 0, 'dam': 0, 'Nallah': 0, 'nala': 0, 'Retrofitting': 0, 'Pond': 0, 'Pokhari': 0, 'D/C': 0, 'Recharge shaft': 0, 'LFB': 0, 'RFB': 0}","{'Floodlight': 0, 'Flood Light': 0, 'GAS': 0, 'FIFA': 0, 'pipe': 0, 'pipes': 0, 'covid': 0, 'supply': 0, 'Beautification': 0, 'Installation': 0}",,,False,True,Immediate Measures
104181,NNSSMNIT-03/2025-26_GR_21,Construction of PCC Road & R.C.C Drain from Kishori Haluai  to House of Rajnish in Pathan Gali at Ward no.- 26 Under Nagar Nigam Sasaram Rohtas District.,Construction of PCC Road & R.C.C Drain from Kishori Haluai  to House of Rajnish in Pathan Gali at Ward no.- 26 Under Nagar Nigam Sasaram Rohtas District.,3902137.0,INR,INR,2025-07-01 11:43:06+00:00,2025-06-30T12:44:31.099000+00:00,2025-07-11T11:31:00+00:00,VIKAS KUMAR,SASARAM MUNICIPAL COMMISSIONER,SASARAM NAGAR NIGAM,G.T. ROAD SASARAM,VIKAS KUMAR,SASARAM MUNICIPAL COMMISSIONER,SASARAM NAGAR NIGAM,78100.0,5000.0,590.0,True,"{'Flood': 0, 'Embankment': 0, 'embkt': 0, 'Relief': 0, 'Erosion': 0, 'SDRF': 0, 'Inundation': 0, 'Hydrology': 0, 'Silt': 0, 'Siltation': 0, 'Bund': 0, 'Trench': 0, 'Breach': 0, 'Culvert': 0, 'Sluice': 0, 'Dyke': 0, 'Storm water drain': 0, 'Emergency': 0, 'Immediate': 0, 'IM': 0, 'AE': 0, 'A E': 0, 'AAPDA MITRA': 0, 'Bridge': 0, 'River': 0, 'Drain': 2, 'Restoration': 0, 'Protection': 0, 'irr': 0, 'irrigation': 0, 'dam': 0, 'Nallah': 0, 'nala': 0, 'Retrofitting': 0, 'Pond': 0, 'Pokhari': 0, 'D/C': 0, 'Recharge shaft': 0, 'LFB': 0, 'RFB': 0}","{'Floodlight': 0, 'Flood Light': 0, 'GAS': 0, 'FIFA': 0, 'pipe': 0, 'pipes': 0, 'covid': 0, 'supply': 0, 'Beautification': 0, 'Installation': 0}",,,False,True,Immediate Measures
104176,NNSSMNIT-03/2025-26_GR_19,"Construction of Drain with slab and pcc road from Karan Sarai Chowk to house of Ansar Khan via house of Nair Khalifa, Ajay & Neeraj Choudhary street and  house of Lalan Sharma at Ward no.- 10 Under Nagar Nigam Sasaram Rohtas District.","Construction of Drain with slab and pcc road from Karan Sarai Chowk to house of Ansar Khan via house of Nair Khalifa, Ajay & Neeraj Choudhary street and  house of Lalan Sharma at Ward no.- 10 Under Nagar Nigam Sasaram Rohtas District.",2974137.0,INR,INR,2025-07-01 11:39:19+00:00,2025-06-30T12:03:07.158000+00:00,2025-07-28T13:05:09+00:00,VIKAS KUMAR,SASARAM MUNICIPAL COMMISSIONER,SASARAM NAGAR NIGAM,G.T. ROAD SASARAM,VIKAS KUMAR,SASARAM MUNICIPAL COMMISSIONER,SASARAM NAGAR NIGAM,59500.0,5000.0,590.0,True,"{'Flood': 0, 'Embankment': 0, 'embkt': 0, 'Relief': 0, 'Erosion': 0, 'SDRF': 0, 'Inundation': 0, 'Hydrology': 0, 'Silt': 0, 'Siltation': 0, 'Bund': 0, 'Trench': 0, 'Breach': 0, 'Culvert': 0, 'Sluice': 0, 'Dyke': 0, 'Storm water drain': 0, 'Emergency': 0, 'Immediate': 0, 'IM': 0, 'AE': 0, 'A E': 0, 'AAPDA MITRA': 0, 'Bridge': 0, 'River': 0, 'Drain': 2, 'Restoration': 0, 'Protection': 0, 'irr': 0, 'irrigation': 0, 'dam': 0, 'Nallah': 0, 'nala': 0, 'Retrofitting': 0, 'Pond': 0, 'Pokhari': 0, 'D/C': 0, 'Recharge shaft': 0, 'LFB': 0, 'RFB': 0}","{'Floodlight': 0, 'Flood Light': 0, 'GAS': 0, 'FIFA': 0, 'pipe': 0, 'pipes': 0, 'covid': 0, 'supply': 0, 'Beautification': 0, 'Installation': 0}",,,False,True,Immediate Measures
104171,NNSSMNIT-03/2025-26_GR_16,"Construction of Road & Drain with slab from house of Rais Khan to Ajaj Tea Stall through Meraz Ahmad, Rauf Ansri, Nesar baniya Emam Sheo Shop at Ward no.- 20 Under Nagar Nigam Sasaram Rohtas District.","Construction of Road & Drain with slab from house of Rais Khan to Ajaj Tea Stall through Meraz Ahmad, Rauf Ansri, Nesar baniya Emam Sheo Shop at Ward no.- 20 Under Nagar Nigam Sasaram Rohtas District.",2957165.0,INR,INR,2025-07-01 08:44:56+00:00,2025-06-30T11:54:03.454000+00:00,2025-07-11T11:31:00+00:00,VIKAS KUMAR,SASARAM MUNICIPAL COMMISSIONER,SASARAM NAGAR NIGAM,G.T. ROAD SASARAM,VIKAS KUMAR,SASARAM MUNICIPAL COMMISSIONER,SASARAM NAGAR NIGAM,59200.0,5000.0,590.0,True,"{'Flood': 0, 'Embankment': 0, 'embkt': 0, 'Relief': 0, 'Erosion': 0, 'SDRF': 0, 'Inundation': 0, 'Hydrology': 0, 'Silt': 0, 'Siltation': 0, 'Bund': 0, 'Trench': 0, 'Breach': 0, 'Culvert': 0, 'Sluice': 0, 'Dyke': 0, 'Storm water drain': 0, 'Emergency': 0, 'Immediate': 0, 'IM': 0, 'AE': 0, 'A E': 0, 'AAPDA MITRA': 0, 'Bridge': 0, 'River': 0, 'Drain': 2, 'Restoration': 0, 'Protection': 0, 'irr': 0, 'irrigation': 0, 'dam': 0, 'Nallah': 0, 'nala': 0, 'Retrofitting': 0, 'Pond': 0, 'Pokhari': 0, 'D/C': 0, 'Recharge shaft': 0, 'LFB': 0, 'RFB': 0}","{'Floodlight': 0, 'Flood Light': 0, 'GAS': 0, 'FIFA': 0, 'pipe': 0, 'pipes': 0, 'covid': 0, 'supply': 0, 'Beautification': 0, 'Installation': 0}",,,False,True,Immediate Measures
104186,NNSSMNIT-03/2025-26_GR_25,Construction of PCC road and RCC drain with slab from Meva Sonkar house via Gulab Bind house to Sahajlal Pir main road in Kadirganj at Ward no.- 35 Under Nagar Nigam Sasaram Rohtas District.,Construction of PCC road and RCC drain with slab from Meva Sonkar house via Gulab Bind house to Sahajlal Pir main road in Kadirganj at Ward no.- 35 Under Nagar Nigam Sasaram Rohtas District.,2905117.0,INR,INR,2025-07-01 11:50:57+00:00,2025-06-30T12:54:24.988000+00:00,2025-07-29T05:58:28+00:00,VIKAS KUMAR,SASARAM MUNICIPAL COMMISSIONER,SASARAM NAGAR NIGAM,G.T. ROAD SASARAM,VIKAS KUMAR,SASARAM MUNICIPAL COMMISSIONER,SASARAM NAGAR NIGAM,58200.0,5000.0,590.0,True,"{'Flood': 0, 'Embankment': 0, 'embkt': 0, 'Relief': 0, 'Erosion': 0, 'SDRF': 0, 'Inundation': 0, 'Hydrology': 0, 'Silt': 0, 'Siltation': 0, 'Bund': 0, 'Trench': 0, 'Breach': 0, 'Culvert': 0, 'Sluice': 0, 'Dyke': 0, 'Storm water drain': 0, 'Emergency': 0, 'Immediate': 0, 'IM': 0, 'AE': 0, 'A E': 0, 'AAPDA MITRA': 0, 'Bridge': 0, 'River': 0, 'Drain': 2, 'Restoration': 0, 'Protection': 0, 'irr': 0, 'irrigation': 0, 'dam': 0, 'Nallah': 0, 'nala': 0, 'Retrofitting': 0, 'Pond': 0, 'Pokhari': 0, 'D/C': 0, 'Recharge shaft': 0, 'LFB': 0, 'RFB': 0}","{'Floodlight': 0, 'Flood Light': 0, 'GAS': 0, 'FIFA': 0, 'pipe': 0, 'pipes': 0, 'covid': 0, 'supply': 0, 'Beautification': 0, 'Installation': 0}",,,False,True,Immediate Measures
104187,NNSSMNIT-03/2025-26_GR_26,Construction of R.C.C Drain from  house of Nathuni  Pal to River in Shivpur at Ward no.- 36 Under Nagar Nigam Sasaram Rohtas District.,Construction of R.C.C Drain from  house of Nathuni  Pal to River in Shivpur at Ward no.- 36 Under Nagar Nigam Sasaram Rohtas District.,2779265.0,INR,INR,2025-07-01 11:52:24+00:00,2025-06-30T12:56:54.576000+00:00,2025-07-29T06:00:48+00:00,VIKAS KUMAR,SASARAM MUNICIPAL COMMISSIONER,SASARAM NAGAR NIGAM,G.T. ROAD SASARAM,VIKAS KUMAR,SASARAM MUNICIPAL COMMISSIONER,SASARAM NAGAR NIGAM,55600.0,5000.0,590.0,True,"{'Flood': 0, 'Embankment': 0, 'embkt': 0, 'Relief': 0, 'Erosion': 0, 'SDRF': 0, 'Inundation': 0, 'Hydrology': 0, 'Silt': 0, 'Siltation': 0, 'Bund': 0, 'Trench': 0, 'Breach': 0, 'Culvert': 0, 'Sluice': 0, 'Dyke': 0, 'Storm water drain': 0, 'Emergency': 0, 'Immediate': 0, 'IM': 0, 'AE': 0, 'A E': 0, 'AAPDA MITRA': 0, 'Bridge': 0, 'River': 2, 'Drain': 2, 'Restoration': 0, 'Protection': 0, 'irr': 0, 'irrigation': 0, 'dam': 0, 'Nallah': 0, 'nala': 0, 'Retrofitting': 0, 'Pond': 0, 'Pokhari': 0, 'D/C': 0, 'Recharge shaft': 0, 'LFB': 0, 'RFB': 0}","{'Floodlight': 0, 'Flood Light': 0, 'GAS': 0, 'FIFA': 0, 'pipe': 0, 'pipes': 0, 'covid': 0, 'supply': 0, 'Beautification': 0, 'Installation': 0}",,,False,True,Immediate Measures
104185,NNSSMNIT-03/2025-26_GR_24,Construction of Drain and road from House of Subhash singh to River at Ward no.- 34 Under Nagar Nigam Sasaram Rohtas District.,Construction of Drain and road from House of Subhash singh to River at Ward no.- 34 Under Nagar Nigam Sasaram Rohtas District.,3185646.0,INR,INR,2025-07-01 11:49:39+00:00,2025-06-30T12:51:36.111000+00:00,2025-07-29T05:55:25+00:00,VIKAS KUMAR,SASARAM MUNICIPAL COMMISSIONER,SASARAM NAGAR NIGAM,G.T. ROAD SASARAM,VIKAS KUMAR,SASARAM MUNICIPAL COMMISSIONER,SASARAM NAGAR NIGAM,63800.0,5000.0,590.0,True,"{'Flood': 0, 'Embankment': 0, 'embkt': 0, 'Relief': 0, 'Erosion': 0, 'SDRF': 0, 'Inundation': 0, 'Hydrology': 0, 'Silt': 0, 'Siltation': 0, 'Bund': 0, 'Trench': 0, 'Breach': 0, 'Culvert': 0, 'Sluice': 0, 'Dyke': 0, 'Storm water drain': 0, 'Emergency': 0, 'Immediate': 0, 'IM': 0, 'AE': 0, 'A E': 0, 'AAPDA MITRA': 0, 'Bridge': 0, 'River': 2, 'Drain': 2, 'Restoration': 0, 'Protection': 0, 'irr': 0, 'irrigation': 0, 'dam': 0, 'Nallah': 0, 'nala': 0, 'Retrofitting': 0, 'Pond': 0, 'Pokhari': 0, 'D/C': 0, 'Recharge shaft': 0, 'LFB': 0, 'RFB': 0}","{'Floodlight': 0, 'Flood Light': 0, 'GAS': 0, 'FIFA': 0, 'pipe': 0, 'pipes': 0, 'covid': 0, 'supply': 0, 'Beautification': 0, 'Installation': 0}",,,False,True,Immediate Measures
104189,NNSSMNIT-03/2025-26_GR_28,"Construction of Drain & Pevar block from house of Dablu baheliya to Jag narayan ram, Construction of RCC  Drain from Kali mandir to Culvert & Construction of Drain & Pevar block from house of Fakira to Main road at Ward no.- 38 Under Nagar Nigam Sasaram Rohtas District.","Construction of Drain & Pevar block from house of Dablu baheliya to Jag narayan ram, Construction of RCC  Drain from Kali mandir to Culvert & Construction of Drain & Pevar block from house of Fakira to Main road at Ward no.- 38 Under Nagar Nigam Sasaram Rohtas District.",2714812.0,INR,INR,2025-07-01 11:56:48+00:00,2025-06-30T13:01:16.991000+00:00,2025-07-29T06:10:57+00:00,VIKAS KUMAR,SASARAM MUNICIPAL COMMISSIONER,SASARAM NAGAR NIGAM,G.T. ROAD SASARAM,VIKAS KUMAR,SASARAM MUNICIPAL COMMISSIONER,SASARAM NAGAR NIGAM,54300.0,5000.0,590.0,True,"{'Flood': 0, 'Embankment': 0, 'embkt': 0, 'Relief': 0, 'Erosion': 0, 'SDRF': 0, 'Inundation': 0, 'Hydrology': 0, 'Silt': 0, 'Siltation': 0, 'Bund': 0, 'Trench': 0, 'Breach': 0, 'Culvert': 2, 'Sluice': 0, 'Dyke': 0, 'Storm water drain': 0, 'Emergency': 0, 'Immediate': 0, 'IM': 0, 'AE': 0, 'A E': 0, 'AAPDA MITRA': 0, 'Bridge': 0, 'River': 0, 'Drain': 6, 'Restoration': 0, 'Protection': 0, 'irr': 0, 'irrigation': 0, 'dam': 0, 'Nallah': 0, 'nala': 0, 'Retrofitting': 0, 'Pond': 0, 'Pokhari': 0, 'D/C': 0, 'Recharge shaft': 0, 'LFB': 0, 'RFB': 0}","{'Floodlight': 0, 'Flood Light': 0, 'GAS': 0, 'FIFA': 0, 'pipe': 0, 'pipes': 0, 'covid': 0, 'supply': 0, 'Beautification': 0, 'Installation': 0}",,,False,True,Immediate Measures
104188,NNSSMNIT-03/2025-26_GR_27,Construction of Drain and pcc road from House of Bal Mukund Yadav to Sati Mata Chabutra near Jitendra Yadav boaring at Belhar Ward no.- 36 Under Nagar Nigam Sasaram Rohtas District.,Construction of Drain and pcc road from House of Bal Mukund Yadav to Sati Mata Chabutra near Jitendra Yadav boaring at Belhar Ward no.- 36 Under Nagar Nigam Sasaram Rohtas District.,3158432.0,INR,INR,2025-07-01 11:53:54+00:00,2025-06-30T12:59:13.775000+00:00,2025-07-29T06:04:58+00:00,VIKAS KUMAR,SASARAM MUNICIPAL COMMISSIONER,SASARAM NAGAR NIGAM,G.T. ROAD SASARAM,VIKAS KUMAR,SASARAM MUNICIPAL COMMISSIONER,SASARAM NAGAR NIGAM,63200.0,5000.0,590.0,True,"{'Flood': 0, 'Embankment': 0, 'embkt': 0, 'Relief': 0, 'Erosion': 0, 'SDRF': 0, 'Inundation': 0, 'Hydrology': 0, 'Silt': 0, 'Siltation': 0, 'Bund': 0, 'Trench': 0, 'Breach': 0, 'Culvert': 0, 'Sluice': 0, 'Dyke': 0, 'Storm water drain': 0, 'Emergency': 0, 'Immediate': 0, 'IM': 0, 'AE': 0, 'A E': 0, 'AAPDA MITRA': 0, 'Bridge': 0, 'River': 0, 'Drain': 2, 'Restoration': 0, 'Protection': 0, 'irr': 0, 'irrigation': 0, 'dam': 0, 'Nallah': 0, 'nala': 0, 'Retrofitting': 0, 'Pond': 0, 'Pokhari': 0, 'D/C': 0, 'Recharge shaft': 0, 'LFB': 0, 'RFB': 0}","{'Floodlight': 0, 'Flood Light': 0, 'GAS': 0, 'FIFA': 0, 'pipe': 0, 'pipes': 0, 'covid': 0, 'supply': 0, 'Beautification': 0, 'Installation': 0}",,,False,True,Immediate Measures
104175,NNSSMNIT-03/2025-26_GR_18,Construction of Drain with slab and pcc road from house of Imteyaz Ali to Karan Sarai Chowk through house of Ruby Khan at Ward no.- 24 Under Nagar Nigam Sasaram Rohtas District.,Construction of Drain with slab and pcc road from house of Imteyaz Ali to Karan Sarai Chowk through house of Ruby Khan at Ward no.- 24 Under Nagar Nigam Sasaram Rohtas District.,4902721.0,INR,INR,2025-07-01 11:36:01+00:00,2025-06-30T11:59:45.778000+00:00,2025-07-28T13:01:58+00:00,VIKAS KUMAR,SASARAM MUNICIPAL COMMISSIONER,SASARAM NAGAR NIGAM,G.T. ROAD SASARAM,VIKAS KUMAR,SASARAM MUNICIPAL COMMISSIONER,SASARAM NAGAR NIGAM,98100.0,5000.0,590.0,True,"{'Flood': 0, 'Embankment': 0, 'embkt': 0, 'Relief': 0, 'Erosion': 0, 'SDRF': 0, 'Inundation': 0, 'Hydrology': 0, 'Silt': 0, 'Siltation': 0, 'Bund': 0, 'Trench': 0, 'Breach': 0, 'Culvert': 0, 'Sluice': 0, 'Dyke': 0, 'Storm water drain': 0, 'Emergency': 0, 'Immediate': 0, 'IM': 0, 'AE': 0, 'A E': 0, 'AAPDA MITRA': 0, 'Bridge': 0, 'River': 0, 'Drain': 2, 'Restoration': 0, 'Protection': 0, 'irr': 0, 'irrigation': 0, 'dam': 0, 'Nallah': 0, 'nala': 0, 'Retrofitting': 0, 'Pond': 0, 'Pokhari': 0, 'D/C': 0, 'Recharge shaft': 0, 'LFB': 0, 'RFB': 0}","{'Floodlight': 0, 'Flood Light': 0, 'GAS': 0, 'FIFA': 0, 'pipe': 0, 'pipes': 0, 'covid': 0, 'supply': 0, 'Beautification': 0, 'Installation': 0}",,,False,True,Immediate Measures
104183,NNSSMNIT-03/2025-26_GR_22,Construction of Drain and pcc in Manas road (Dalelganj) from the house of Mani Bhusan Pandey via house of Purnwashi Choudhary to the  house of Pappu Mahto at Ward no.- 32 Under Nagar Nigam Sasaram Rohtas District.,Construction of Drain and pcc in Manas road (Dalelganj) from the house of Mani Bhusan Pandey via house of Purnwashi Choudhary to the  house of Pappu Mahto at Ward no.- 32 Under Nagar Nigam Sasaram Rohtas District.,2922217.0,INR,INR,2025-07-01 11:46:42+00:00,2025-06-30T12:47:06.016000+00:00,2025-07-28T13:08:49+00:00,VIKAS KUMAR,SASARAM MUNICIPAL COMMISSIONER,SASARAM NAGAR NIGAM,G.T. ROAD SASARAM,VIKAS KUMAR,SASARAM MUNICIPAL COMMISSIONER,SASARAM NAGAR NIGAM,58500.0,5000.0,590.0,True,"{'Flood': 0, 'Embankment': 0, 'embkt': 0, 'Relief': 0, 'Erosion': 0, 'SDRF': 0, 'Inundation': 0, 'Hydrology': 0, 'Silt': 0, 'Siltation': 0, 'Bund': 0, 'Trench': 0, 'Breach': 0, 'Culvert': 0, 'Sluice': 0, 'Dyke': 0, 'Storm water drain': 0, 'Emergency': 0, 'Immediate': 0, 'IM': 0, 'AE': 0, 'A E': 0, 'AAPDA MITRA': 0, 'Bridge': 0, 'River': 0, 'Drain': 2, 'Restoration': 0, 'Protection': 0, 'irr': 0, 'irrigation': 0, 'dam': 0, 'Nallah': 0, 'nala': 0, 'Retrofitting': 0, 'Pond': 0, 'Pokhari': 0, 'D/C': 0, 'Recharge shaft': 0, 'LFB': 0, 'RFB': 0}","{'Floodlight': 0, 'Flood Light': 0, 'GAS': 0, 'FIFA': 0, 'pipe': 0, 'pipes': 0, 'covid': 0, 'supply': 0, 'Beautification': 0, 'Installation': 0}",,,False,True,Immediate Measures
104195,NNSSMNIT-03/2025-26_GR_33,Construction of R.C.C Drain And Road from GT road admpur to house of kismatiya at Ward no.- 42 Under Nagar Nigam Sasaram Rohtas District.,Construction of R.C.C Drain And Road from GT road admpur to house of kismatiya at Ward no.- 42 Under Nagar Nigam Sasaram Rohtas District.,3466728.0,INR,INR,2025-07-01 12:03:02+00:00,2025-06-30T13:20:30.805000+00:00,2025-07-29T06:51:45+00:00,VIKAS KUMAR,SASARAM MUNICIPAL COMMISSIONER,SASARAM NAGAR NIGAM,G.T. ROAD SASARAM,VIKAS KUMAR,SASARAM MUNICIPAL COMMISSIONER,SASARAM NAGAR NIGAM,69400.0,5000.0,590.0,True,"{'Flood': 0, 'Embankment': 0, 'embkt': 0, 'Relief': 0, 'Erosion': 0, 'SDRF': 0, 'Inundation': 0, 'Hydrology': 0, 'Silt': 0, 'Siltation': 0, 'Bund': 0, 'Trench': 0, 'Breach': 0, 'Culvert': 0, 'Sluice': 0, 'Dyke': 0, 'Storm water drain': 0, 'Emergency': 0, 'Immediate': 0, 'IM': 0, 'AE': 0, 'A E': 0, 'AAPDA MITRA': 0, 'Bridge': 0, 'River': 0, 'Drain': 2, 'Restoration': 0, 'Protection': 0, 'irr': 0, 'irrigation': 0, 'dam': 0, 'Nallah': 0, 'nala': 0, 'Retrofitting': 0, 'Pond': 0, 'Pokhari': 0, 'D/C': 0, 'Recharge shaft': 0, 'LFB': 0, 'RFB': 0}","{'Floodlight': 0, 'Flood Light': 0, 'GAS': 0, 'FIFA': 0, 'pipe': 0, 'pipes': 0, 'covid': 0, 'supply': 0, 'Beautification': 0, 'Installation': 0}",,,False,True,Immediate Measures
104192,NNSSMNIT-03/2025-26_GR_31,Construction of R.C.C Drain And Road from house of Hira To house of dcp in Madaini at Ward no.- 41 Under Nagar Nigam Sasaram Rohtas District.,Construction of R.C.C Drain And Road from house of Hira To house of dcp in Madaini at Ward no.- 41 Under Nagar Nigam Sasaram Rohtas District.,4766972.0,INR,INR,2025-07-01 11:59:55+00:00,2025-06-30T13:15:36.030000+00:00,2025-07-29T06:30:07+00:00,VIKAS KUMAR,SASARAM MUNICIPAL COMMISSIONER,SASARAM NAGAR NIGAM,G.T. ROAD SASARAM,VIKAS KUMAR,SASARAM MUNICIPAL COMMISSIONER,SASARAM NAGAR NIGAM,95400.0,5000.0,590.0,True,"{'Flood': 0, 'Embankment': 0, 'embkt': 0, 'Relief': 0, 'Erosion': 0, 'SDRF': 0, 'Inundation': 0, 'Hydrology': 0, 'Silt': 0, 'Siltation': 0, 'Bund': 0, 'Trench': 0, 'Breach': 0, 'Culvert': 0, 'Sluice': 0, 'Dyke': 0, 'Storm water drain': 0, 'Emergency': 0, 'Immediate': 0, 'IM': 0, 'AE': 0, 'A E': 0, 'AAPDA MITRA': 0, 'Bridge': 0, 'River': 0, 'Drain': 2, 'Restoration': 0, 'Protection': 0, 'irr': 0, 'irrigation': 0, 'dam': 0, 'Nallah': 0, 'nala': 0, 'Retrofitting': 0, 'Pond': 0, 'Pokhari': 0, 'D/C': 0, 'Recharge shaft': 0, 'LFB': 0, 'RFB': 0}","{'Floodlight': 0, 'Flood Light': 0, 'GAS': 0, 'FIFA': 0, 'pipe': 0, 'pipes': 0, 'covid': 0, 'supply': 0, 'Beautification': 0, 'Installation': 0}",,,False,True,Immediate Measures
104194,NNSSMNIT-03/2025-26_GR_32,Construction of R.C.C Drain And Road from house of Shivjag singh To house of Raman singh in Basantpur at Ward no.- 41 Under Nagar Nigam Sasaram Rohtas District.,Construction of R.C.C Drain And Road from house of Shivjag singh To house of Raman singh in Basantpur at Ward no.- 41 Under Nagar Nigam Sasaram Rohtas District.,3096781.0,INR,INR,2025-07-01 12:01:22+00:00,2025-06-30T13:18:11.009000+00:00,2025-07-29T06:44:58+00:00,VIKAS KUMAR,SASARAM MUNICIPAL COMMISSIONER,SASARAM NAGAR NIGAM,G.T. ROAD SASARAM,VIKAS KUMAR,SASARAM MUNICIPAL COMMISSIONER,SASARAM NAGAR NIGAM,62000.0,5000.0,590.0,True,"{'Flood': 0, 'Embankment': 0, 'embkt': 0, 'Relief': 0, 'Erosion': 0, 'SDRF': 0, 'Inundation': 0, 'Hydrology': 0, 'Silt': 0, 'Siltation': 0, 'Bund': 0, 'Trench': 0, 'Breach': 0, 'Culvert': 0, 'Sluice': 0, 'Dyke': 0, 'Storm water drain': 0, 'Emergency': 0, 'Immediate': 0, 'IM': 0, 'AE': 0, 'A E': 0, 'AAPDA MITRA': 0, 'Bridge': 0, 'River': 0, 'Drain': 2, 'Restoration': 0, 'Protection': 0, 'irr': 0, 'irrigation': 0, 'dam': 0, 'Nallah': 0, 'nala': 0, 'Retrofitting': 0, 'Pond': 0, 'Pokhari': 0, 'D/C': 0, 'Recharge shaft': 0, 'LFB': 0, 'RFB': 0}","{'Floodlight': 0, 'Flood Light': 0, 'GAS': 0, 'FIFA': 0, 'pipe': 0, 'pipes': 0, 'covid': 0, 'supply': 0, 'Beautification': 0, 'Installation': 0}",,,False,True,Immediate Measures
104191,NNSSMNIT-03/2025-26_GR_30,"Construction of R.C.C Drain And Road from house of ramshis yadav via kanhya singh,kamlesh singh To house of jayram singh at Ward no.- 41 Under Nagar Nigam Sasaram Rohtas District.","Construction of R.C.C Drain And Road from house of ramshis yadav via kanhya singh,kamlesh singh To house of jayram singh at Ward no.- 41 Under Nagar Nigam Sasaram Rohtas District.",2675670.0,INR,INR,2025-07-01 11:58:24+00:00,2025-06-30T13:12:18.960000+00:00,2025-07-29T06:16:02+00:00,VIKAS KUMAR,SASARAM MUNICIPAL COMMISSIONER,SASARAM NAGAR NIGAM,G.T. ROAD SASARAM,VIKAS KUMAR,SASARAM MUNICIPAL COMMISSIONER,SASARAM NAGAR NIGAM,53600.0,5000.0,590.0,True,"{'Flood': 0, 'Embankment': 0, 'embkt': 0, 'Relief': 0, 'Erosion': 0, 'SDRF': 0, 'Inundation': 0, 'Hydrology': 0, 'Silt': 0, 'Siltation': 0, 'Bund': 0, 'Trench': 0, 'Breach': 0, 'Culvert': 0, 'Sluice': 0, 'Dyke': 0, 'Storm water drain': 0, 'Emergency': 0, 'Immediate': 0, 'IM': 0, 'AE': 0, 'A E': 0, 'AAPDA MITRA': 0, 'Bridge': 0, 'River': 0, 'Drain': 2, 'Restoration': 0, 'Protection': 0, 'irr': 0, 'irrigation': 0, 'dam': 0, 'Nallah': 0, 'nala': 0, 'Retrofitting': 0, 'Pond': 0, 'Pokhari': 0, 'D/C': 0, 'Recharge shaft': 0, 'LFB': 0, 'RFB': 0}","{'Floodlight': 0, 'Flood Light': 0, 'GAS': 0, 'FIFA': 0, 'pipe': 0, 'pipes': 0, 'covid': 0, 'supply': 0, 'Beautification': 0, 'Installation': 0}",,,False,True,Immediate Measures
104190,NNSSMNIT-03/2025-26_GR_29,"Construction of road & drain with slab from Hanuman Gadhi gate to house of Shyam bihari through Rajesh soni, Selebration point, Late Shankar seth, Sagar Durga mandir & Miyan Miskim at Ward no.- 39 Under Nagar Nigam Sasaram Rohtas District.","Construction of road & drain with slab from Hanuman Gadhi gate to house of Shyam bihari through Rajesh soni, Selebration point, Late Shankar seth, Sagar Durga mandir & Miyan Miskim at Ward no.- 39 Under Nagar Nigam Sasaram Rohtas District.",3837827.0,INR,INR,2025-07-01 12:21:08+00:00,2025-06-30T13:07:43.675000+00:00,2025-07-29T06:14:50+00:00,VIKAS KUMAR,SASARAM MUNICIPAL COMMISSIONER,SASARAM NAGAR NIGAM,G.T. ROAD SASARAM,VIKAS KUMAR,SASARAM MUNICIPAL COMMISSIONER,SASARAM NAGAR NIGAM,76800.0,5000.0,590.0,True,"{'Flood': 0, 'Embankment': 0, 'embkt': 0, 'Relief': 0, 'Erosion': 0, 'SDRF': 0, 'Inundation': 0, 'Hydrology': 0, 'Silt': 0, 'Siltation': 0, 'Bund': 0, 'Trench': 0, 'Breach': 0, 'Culvert': 0, 'Sluice': 0, 'Dyke': 0, 'Storm water drain': 0, 'Emergency': 0, 'Immediate': 0, 'IM': 0, 'AE': 0, 'A E': 0, 'AAPDA MITRA': 0, 'Bridge': 0, 'River': 0, 'Drain': 2, 'Restoration': 0, 'Protection': 0, 'irr': 0, 'irrigation': 0, 'dam': 0, 'Nallah': 0, 'nala': 0, 'Retrofitting': 0, 'Pond': 0, 'Pokhari': 0, 'D/C': 0, 'Recharge shaft': 0, 'LFB': 0, 'RFB': 0}","{'Floodlight': 0, 'Flood Light': 0, 'GAS': 0, 'FIFA': 0, 'pipe': 0, 'pipes': 0, 'covid': 0, 'supply': 0, 'Beautification': 0, 'Installation': 0}",,,False,True,Immediate Measures
104184,NNSSMNIT-03/2025-26_GR_23,Construction of Drain and pcc from the house of Lalbabu Neta via Clinic  of Mahendra doctor and house of Basant Gonn to the Raja Palace in Dalelganj at Ward no.- 32 Under Nagar Nigam Sasaram Rohtas District.,Construction of Drain and pcc from the house of Lalbabu Neta via Clinic  of Mahendra doctor and house of Basant Gonn to the Raja Palace in Dalelganj at Ward no.- 32 Under Nagar Nigam Sasaram Rohtas District.,3528495.0,INR,INR,2025-07-01 11:48:09+00:00,2025-06-30T12:49:16.652000+00:00,2025-07-29T05:52:01+00:00,VIKAS KUMAR,SASARAM MUNICIPAL COMMISSIONER,SASARAM NAGAR NIGAM,G.T. ROAD SASARAM,VIKAS KUMAR,SASARAM MUNICIPAL COMMISSIONER,SASARAM NAGAR NIGAM,70600.0,5000.0,590.0,True,"{'Flood': 0, 'Embankment': 0, 'embkt': 0, 'Relief': 0, 'Erosion': 0, 'SDRF': 0, 'Inundation': 0, 'Hydrology': 0, 'Silt': 0, 'Siltation': 0, 'Bund': 0, 'Trench': 0, 'Breach': 0, 'Culvert': 0, 'Sluice': 0, 'Dyke': 0, 'Storm water drain': 0, 'Emergency': 0, 'Immediate': 0, 'IM': 0, 'AE': 0, 'A E': 0, 'AAPDA MITRA': 0, 'Bridge': 0, 'River': 0, 'Drain': 2, 'Restoration': 0, 'Protection': 0, 'irr': 0, 'irrigation': 0, 'dam': 0, 'Nallah': 0, 'nala': 0, 'Retrofitting': 0, 'Pond': 0, 'Pokhari': 0, 'D/C': 0, 'Recharge shaft': 0, 'LFB': 0, 'RFB': 0}","{'Floodlight': 0, 'Flood Light': 0, 'GAS': 0, 'FIFA': 0, 'pipe': 0, 'pipes': 0, 'covid': 0, 'supply': 0, 'Beautification': 0, 'Installation': 0}",,,False,True,Immediate Measures
104200,NNSSMNIT-03/2025-26_GR_38,Construction of R.C.C Drain And Road from karwandiya school via mahavir chowdhary to house dasrath sah at Ward no.- 46 Under Nagar Nigam Sasaram Rohtas District.,Construction of R.C.C Drain And Road from karwandiya school via mahavir chowdhary to house dasrath sah at Ward no.- 46 Under Nagar Nigam Sasaram Rohtas District.,3933533.0,INR,INR,2025-07-01 12:09:53+00:00,2025-06-30T13:40:40.434000+00:00,2025-07-29T08:16:53+00:00,VIKAS KUMAR,SASARAM MUNICIPAL COMMISSIONER,SASARAM NAGAR NIGAM,G.T. ROAD SASARAM,VIKAS KUMAR,SASARAM MUNICIPAL COMMISSIONER,SASARAM NAGAR NIGAM,78700.0,5000.0,590.0,True,"{'Flood': 0, 'Embankment': 0, 'embkt': 0, 'Relief': 0, 'Erosion': 0, 'SDRF': 0, 'Inundation': 0, 'Hydrology': 0, 'Silt': 0, 'Siltation': 0, 'Bund': 0, 'Trench': 0, 'Breach': 0, 'Culvert': 0, 'Sluice': 0, 'Dyke': 0, 'Storm water drain': 0, 'Emergency': 0, 'Immediate': 0, 'IM': 0, 'AE': 0, 'A E': 0, 'AAPDA MITRA': 0, 'Bridge': 0, 'River': 0, 'Drain': 2, 'Restoration': 0, 'Protection': 0, 'irr': 0, 'irrigation': 0, 'dam': 0, 'Nallah': 0, 'nala': 0, 'Retrofitting': 0, 'Pond': 0, 'Pokhari': 0, 'D/C': 0, 'Recharge shaft': 0, 'LFB': 0, 'RFB': 0}","{'Floodlight': 0, 'Flood Light': 0, 'GAS': 0, 'FIFA': 0, 'pipe': 0, 'pipes': 0, 'covid': 0, 'supply': 0, 'Beautification': 0, 'Installation': 0}",,,False,True,Immediate Measures
104196,NNSSMNIT-03/2025-26_GR_34,Construction of Bricks soling & PCC Road from main road to drain of dam at Admapur at Ward no.- 42 Under Nagar Nigam Sasaram Rohtas District.,Construction of Bricks soling & PCC Road from main road to drain of dam at Admapur at Ward no.- 42 Under Nagar Nigam Sasaram Rohtas District.,4078001.0,INR,INR,2025-07-01 12:04:31+00:00,2025-06-30T13:22:44.301000+00:00,2025-07-29T07:03:09+00:00,VIKAS KUMAR,SASARAM MUNICIPAL COMMISSIONER,SASARAM NAGAR NIGAM,G.T. ROAD SASARAM,VIKAS KUMAR,SASARAM MUNICIPAL COMMISSIONER,SASARAM NAGAR NIGAM,81600.0,5000.0,590.0,True,"{'Flood': 0, 'Embankment': 0, 'embkt': 0, 'Relief': 0, 'Erosion': 0, 'SDRF': 0, 'Inundation': 0, 'Hydrology': 0, 'Silt': 0, 'Siltation': 0, 'Bund': 0, 'Trench': 0, 'Breach': 0, 'Culvert': 0, 'Sluice': 0, 'Dyke': 0, 'Storm water drain': 0, 'Emergency': 0, 'Immediate': 0, 'IM': 0, 'AE': 0, 'A E': 0, 'AAPDA MITRA': 0, 'Bridge': 0, 'River': 0, 'Drain': 2, 'Restoration': 0, 'Protection': 0, 'irr': 0, 'irrigation': 0, 'dam': 2, 'Nallah': 0, 'nala': 0, 'Retrofitting': 0, 'Pond': 0, 'Pokhari': 0, 'D/C': 0, 'Recharge shaft': 0, 'LFB': 0, 'RFB': 0}","{'Floodlight': 0, 'Flood Light': 0, 'GAS': 0, 'FIFA': 0, 'pipe': 0, 'pipes': 0, 'covid': 0, 'supply': 0, 'Beautification': 0, 'Installation': 0}",,,False,True,Immediate Measures
104199,NNSSMNIT-03/2025-26_GR_37,Construction of R.C.C Drain And Road from house of gaurisankar to shiv temple and school gali at Ward no.- 46 Under Nagar Nigam Sasaram Rohtas District.,Construction of R.C.C Drain And Road from house of gaurisankar to shiv temple and school gali at Ward no.- 46 Under Nagar Nigam Sasaram Rohtas District.,2940433.0,INR,INR,2025-07-01 12:08:34+00:00,2025-06-30T13:38:00.700000+00:00,2025-07-29T08:05:51+00:00,VIKAS KUMAR,SASARAM MUNICIPAL COMMISSIONER,SASARAM NAGAR NIGAM,G.T. ROAD SASARAM,VIKAS KUMAR,SASARAM MUNICIPAL COMMISSIONER,SASARAM NAGAR NIGAM,58900.0,5000.0,590.0,True,"{'Flood': 0, 'Embankment': 0, 'embkt': 0, 'Relief': 0, 'Erosion': 0, 'SDRF': 0, 'Inundation': 0, 'Hydrology': 0, 'Silt': 0, 'Siltation': 0, 'Bund': 0, 'Trench': 0, 'Breach': 0, 'Culvert': 0, 'Sluice': 0, 'Dyke': 0, 'Storm water drain': 0, 'Emergency': 0, 'Immediate': 0, 'IM': 0, 'AE': 0, 'A E': 0, 'AAPDA MITRA': 0, 'Bridge': 0, 'River': 0, 'Drain': 2, 'Restoration': 0, 'Protection': 0, 'irr': 0, 'irrigation': 0, 'dam': 0, 'Nallah': 0, 'nala': 0, 'Retrofitting': 0, 'Pond': 0, 'Pokhari': 0, 'D/C': 0, 'Recharge shaft': 0, 'LFB': 0, 'RFB': 0}","{'Floodlight': 0, 'Flood Light': 0, 'GAS': 0, 'FIFA': 0, 'pipe': 0, 'pipes': 0, 'covid': 0, 'supply': 0, 'Beautification': 0, 'Installation': 0}",,,False,True,Immediate Measures
104201,NNSSMNIT-03/2025-26_GR_39,Construction of R.C.C Drain And Road from house anant prajapati via rajendra chowdhary and kali sthan to krishna chowdhary at Ward no.- 47 Under Nagar Nigam Sasaram Rohtas District.,Construction of R.C.C Drain And Road from house anant prajapati via rajendra chowdhary and kali sthan to krishna chowdhary at Ward no.- 47 Under Nagar Nigam Sasaram Rohtas District.,3574146.0,INR,INR,2025-07-01 12:11:12+00:00,2025-06-30T13:42:51.102000+00:00,2025-07-29T08:26:49+00:00,VIKAS KUMAR,SASARAM MUNICIPAL COMMISSIONER,SASARAM NAGAR NIGAM,G.T. ROAD SASARAM,VIKAS KUMAR,SASARAM MUNICIPAL COMMISSIONER,SASARAM NAGAR NIGAM,71500.0,5000.0,590.0,True,"{'Flood': 0, 'Embankment': 0, 'embkt': 0, 'Relief': 0, 'Erosion': 0, 'SDRF': 0, 'Inundation': 0, 'Hydrology': 0, 'Silt': 0, 'Siltation': 0, 'Bund': 0, 'Trench': 0, 'Breach': 0, 'Culvert': 0, 'Sluice': 0, 'Dyke': 0, 'Storm water drain': 0, 'Emergency': 0, 'Immediate': 0, 'IM': 0, 'AE': 0, 'A E': 0, 'AAPDA MITRA': 0, 'Bridge': 0, 'River': 0, 'Drain': 2, 'Restoration': 0, 'Protection': 0, 'irr': 0, 'irrigation': 0, 'dam': 0, 'Nallah': 0, 'nala': 0, 'Retrofitting': 0, 'Pond': 0, 'Pokhari': 0, 'D/C': 0, 'Recharge shaft': 0, 'LFB': 0, 'RFB': 0}","{'Floodlight': 0, 'Flood Light': 0, 'GAS': 0, 'FIFA': 0, 'pipe': 0, 'pipes': 0, 'covid': 0, 'supply': 0, 'Beautification': 0, 'Installation': 0}",,,False,True,Immediate Measures
104197,NNSSMNIT-03/2025-26_GR_35,Construction of Construction of R.C.C Drain And Road from house dayal chowdhary to dayal bigha main GT road Ward no.- 42 Under Nagar Nigam Sasaram Rohtas District.,Construction of Construction of R.C.C Drain And Road from house dayal chowdhary to dayal bigha main GT road Ward no.- 42 Under Nagar Nigam Sasaram Rohtas District.,4721468.0,INR,INR,2025-07-01 12:05:54+00:00,2025-06-30T13:25:34.046000+00:00,2025-07-29T07:20:00+00:00,VIKAS KUMAR,SASARAM MUNICIPAL COMMISSIONER,SASARAM NAGAR NIGAM,G.T. ROAD SASARAM,VIKAS KUMAR,SASARAM MUNICIPAL COMMISSIONER,SASARAM NAGAR NIGAM,94500.0,5000.0,590.0,True,"{'Flood': 0, 'Embankment': 0, 'embkt': 0, 'Relief': 0, 'Erosion': 0, 'SDRF': 0, 'Inundation': 0, 'Hydrology': 0, 'Silt': 0, 'Siltation': 0, 'Bund': 0, 'Trench': 0, 'Breach': 0, 'Culvert': 0, 'Sluice': 0, 'Dyke': 0, 'Storm water drain': 0, 'Emergency': 0, 'Immediate': 0, 'IM': 0, 'AE': 0, 'A E': 0, 'AAPDA MITRA': 0, 'Bridge': 0, 'River': 0, 'Drain': 2, 'Restoration': 0, 'Protection': 0, 'irr': 0, 'irrigation': 0, 'dam': 0, 'Nallah': 0, 'nala': 0, 'Retrofitting': 0, 'Pond': 0, 'Pokhari': 0, 'D/C': 0, 'Recharge shaft': 0, 'LFB': 0, 'RFB': 0}","{'Floodlight': 0, 'Flood Light': 0, 'GAS': 0, 'FIFA': 0, 'pipe': 0, 'pipes': 0, 'covid': 0, 'supply': 0, 'Beautification': 0, 'Installation': 0}",,,False,True,Immediate Measures
104202,NNSSMNIT-03/2025-26_GR_40,Construction of R.C.C Drain And Road from house raja sonar via house of Sharma prajapati and Mantu sharma to Shiv temple at Ward no.- 47 Under Nagar Nigam Sasaram Rohtas District.,Construction of R.C.C Drain And Road from house raja sonar via house of Sharma prajapati and Mantu sharma to Shiv temple at Ward no.- 47 Under Nagar Nigam Sasaram Rohtas District.,3107871.0,INR,INR,2025-07-01 12:14:41+00:00,2025-06-30T13:45:02.814000+00:00,2025-07-29T08:41:11+00:00,VIKAS KUMAR,SASARAM MUNICIPAL COMMISSIONER,SASARAM NAGAR NIGAM,G.T. ROAD SASARAM,VIKAS KUMAR,SASARAM MUNICIPAL COMMISSIONER,SASARAM NAGAR NIGAM,62200.0,5000.0,590.0,True,"{'Flood': 0, 'Embankment': 0, 'embkt': 0, 'Relief': 0, 'Erosion': 0, 'SDRF': 0, 'Inundation': 0, 'Hydrology': 0, 'Silt': 0, 'Siltation': 0, 'Bund': 0, 'Trench': 0, 'Breach': 0, 'Culvert': 0, 'Sluice': 0, 'Dyke': 0, 'Storm water drain': 0, 'Emergency': 0, 'Immediate': 0, 'IM': 0, 'AE': 0, 'A E': 0, 'AAPDA MITRA': 0, 'Bridge': 0, 'River': 0, 'Drain': 2, 'Restoration': 0, 'Protection': 0, 'irr': 0, 'irrigation': 0, 'dam': 0, 'Nallah': 0, 'nala': 0, 'Retrofitting': 0, 'Pond': 0, 'Pokhari': 0, 'D/C': 0, 'Recharge shaft': 0, 'LFB': 0, 'RFB': 0}","{'Floodlight': 0, 'Flood Light': 0, 'GAS': 0, 'FIFA': 0, 'pipe': 0, 'pipes': 0, 'covid': 0, 'supply': 0, 'Beautification': 0, 'Installation': 0}",,,False,True,Immediate Measures
104203,NNSSMNIT-03/2025-26_GR_41,Construction of Road from house of Sipahi Sav to River in Gijwahi at Ward no.- 48 Under Nagar Nigam Sasaram Rohtas District.,Construction of Road from house of Sipahi Sav to River in Gijwahi at Ward no.- 48 Under Nagar Nigam Sasaram Rohtas District.,2703311.0,INR,INR,2025-07-01 12:17:05+00:00,2025-06-30T13:48:29.874000+00:00,2025-07-29T08:45:09+00:00,VIKAS KUMAR,SASARAM MUNICIPAL COMMISSIONER,SASARAM NAGAR NIGAM,G.T. ROAD SASARAM,VIKAS KUMAR,SASARAM MUNICIPAL COMMISSIONER,SASARAM NAGAR NIGAM,54100.0,5000.0,590.0,True,"{'Flood': 0, 'Embankment': 0, 'embkt': 0, 'Relief': 0, 'Erosion': 0, 'SDRF': 0, 'Inundation': 0, 'Hydrology': 0, 'Silt': 0, 'Siltation': 0, 'Bund': 0, 'Trench': 0, 'Breach': 0, 'Culvert': 0, 'Sluice': 0, 'Dyke': 0, 'Storm water drain': 0, 'Emergency': 0, 'Immediate': 0, 'IM': 0, 'AE': 0, 'A E': 0, 'AAPDA MITRA': 0, 'Bridge': 0, 'River': 2, 'Drain': 0, 'Restoration': 0, 'Protection': 0, 'irr': 0, 'irrigation': 0, 'dam': 0, 'Nallah': 0, 'nala': 0, 'Retrofitting': 0, 'Pond': 0, 'Pokhari': 0, 'D/C': 0, 'Recharge shaft': 0, 'LFB': 0, 'RFB': 0}","{'Floodlight': 0, 'Flood Light': 0, 'GAS': 0, 'FIFA': 0, 'pipe': 0, 'pipes': 0, 'covid': 0, 'supply': 0, 'Beautification': 0, 'Installation': 0}",,,False,True,Immediate Measures
104198,NNSSMNIT-03/2025-26_GR_36,"Construction of  R.C.C Drain And Road from samudayik bhwan via rajkishore chowdhary, manoj chowdhary and dhanji chowdhary to nahar at Ward no.- 46 Under Nagar Nigam Sasaram Rohtas District.","Construction of  R.C.C Drain And Road from samudayik bhwan via rajkishore chowdhary, manoj chowdhary and dhanji chowdhary to nahar at Ward no.- 46 Under Nagar Nigam Sasaram Rohtas District.",3559165.0,INR,INR,2025-07-01 12:07:16+00:00,2025-06-30T13:28:34.982000+00:00,2025-07-29T07:39:29+00:00,VIKAS KUMAR,SASARAM MUNICIPAL COMMISSIONER,SASARAM NAGAR NIGAM,G.T. ROAD SASARAM,VIKAS KUMAR,SASARAM MUNICIPAL COMMISSIONER,SASARAM NAGAR NIGAM,71200.0,5000.0,590.0,True,"{'Flood': 0, 'Embankment': 0, 'embkt': 0, 'Relief': 0, 'Erosion': 0, 'SDRF': 0, 'Inundation': 0, 'Hydrology': 0, 'Silt': 0, 'Siltation': 0, 'Bund': 0, 'Trench': 0, 'Breach': 0, 'Culvert': 0, 'Sluice': 0, 'Dyke': 0, 'Storm water drain': 0, 'Emergency': 0, 'Immediate': 0, 'IM': 0, 'AE': 0, 'A E': 0, 'AAPDA MITRA': 0, 'Bridge': 0, 'River': 0, 'Drain': 2, 'Restoration': 0, 'Protection': 0, 'irr': 0, 'irrigation': 0, 'dam': 0, 'Nallah': 0, 'nala': 0, 'Retrofitting': 0, 'Pond': 0, 'Pokhari': 0, 'D/C': 0, 'Recharge shaft': 0, 'LFB': 0, 'RFB': 0}","{'Floodlight': 0, 'Flood Light': 0, 'GAS': 0, 'FIFA': 0, 'pipe': 0, 'pipes': 0, 'covid': 0, 'supply': 0, 'Beautification': 0, 'Installation': 0}",,,False,True,Immediate Measures
104219,NIT No 7 (Group - 4,Construction of pcc road and rcc drain from GT road to house of jawahar mahato ward no. 16 under nagar nigam sasaram,Construction of pcc road and rcc drain from GT road to house of jawahar mahato ward no. 16 under nagar nigam sasaram,3025802.0,INR,INR,2025-07-01 02:23:38+00:00,2025-07-01T02:17:31.939000+00:00,2025-09-18T10:05:02+00:00,KAMESHWAR PRASAD,Project Director,Bihar Urban Infrastructure Development Corporation Ltd.,Samastipur,KAMESHWAR PRASAD,Project Director,Bihar Urban Infrastructure Development Corporation Ltd.,60516.0,11800.0,590.0,True,"{'Flood': 0, 'Embankment': 0, 'embkt': 0, 'Relief': 0, 'Erosion': 0, 'SDRF': 0, 'Inundation': 0, 'Hydrology': 0, 'Silt': 0, 'Siltation': 0, 'Bund': 0, 'Trench': 0, 'Breach': 0, 'Culvert': 0, 'Sluice': 0, 'Dyke': 0, 'Storm water drain': 0, 'Emergency': 0, 'Immediate': 0, 'IM': 0, 'AE': 0, 'A E': 0, 'AAPDA MITRA': 0, 'Bridge': 0, 'River': 0, 'Drain': 2, 'Restoration': 0, 'Protection': 0, 'irr': 0, 'irrigation': 0, 'dam': 0, 'Nallah': 0, 'nala': 0, 'Retrofitting': 0, 'Pond': 0, 'Pokhari': 0, 'D/C': 0, 'Recharge shaft': 0, 'LFB': 0, 'RFB': 0}","{'Floodlight': 0, 'Flood Light': 0, 'GAS': 0, 'FIFA': 0, 'pipe': 0, 'pipes': 0, 'covid': 0, 'supply': 0, 'Beautification': 0, 'Installation': 0}",,,False,True,Immediate Measures
104228,NNSSMNIT02/2025-26 GR_04,Construction of p.c.c road and R.C.C Drain from Maurya colony turn to Pal ji house and Radha prasad to Over-Bridge in ward no-14 Under Nagar Nigam Sasaram Rohtas District,Construction of p.c.c road and R.C.C Drain from Maurya colony turn to Pal ji house and Radha prasad to Over-Bridge in ward no-14 Under Nagar Nigam Sasaram Rohtas District,8041466.0,INR,INR,2025-07-01 12:27:40+00:00,2025-07-01T05:48:25.831000+00:00,2025-07-22T08:33:51+00:00,VIKAS KUMAR,SASARAM MUNICIPAL COMMISSIONER,SASARAM NAGAR NIGAM,G.T. ROAD SASARAM,VIKAS KUMAR,SASARAM MUNICIPAL COMMISSIONER,SASARAM NAGAR NIGAM,160900.0,10000.0,3540.0,True,"{'Flood': 0, 'Embankment': 0, 'embkt': 0, 'Relief': 0, 'Erosion': 0, 'SDRF': 0, 'Inundation': 0, 'Hydrology': 0, 'Silt': 0, 'Siltation': 0, 'Bund': 0, 'Trench': 0, 'Breach': 0, 'Culvert': 0, 'Sluice': 0, 'Dyke': 0, 'Storm water drain': 0, 'Emergency': 0, 'Immediate': 0, 'IM': 0, 'AE': 0, 'A E': 0, 'AAPDA MITRA': 0, 'Bridge': 2, 'River': 0, 'Drain': 2, 'Restoration': 0, 'Protection': 0, 'irr': 0, 'irrigation': 0, 'dam': 0, 'Nallah': 0, 'nala': 0, 'Retrofitting': 0, 'Pond': 0, 'Pokhari': 0, 'D/C': 0, 'Recharge shaft': 0, 'LFB': 0, 'RFB': 0}","{'Floodlight': 0, 'Flood Light': 0, 'GAS': 0, 'FIFA': 0, 'pipe': 0, 'pipes': 0, 'covid': 0, 'supply': 0, 'Beautification': 0, 'Installation': 0}",,,False,True,Immediate Measures
104225,NNSSMNIT02/2025-26 GR_01,Construction of Drain and pcc road from Mandir to Ara machine (Ward no.- 16) via Railway Underpass near Takiya overbridge at Ward no.- 10 Under Nagar Nigam Sasaram Rohtas District,Construction of Drain and pcc road from Mandir to Ara machine (Ward no.- 16) via Railway Underpass near Takiya overbridge at Ward no.- 10 Under Nagar Nigam Sasaram Rohtas District,7972823.0,INR,INR,2025-07-01 12:23:57+00:00,2025-07-01T05:32:31.258000+00:00,2025-07-22T07:27:36+00:00,VIKAS KUMAR,SASARAM MUNICIPAL COMMISSIONER,SASARAM NAGAR NIGAM,G.T. ROAD SASARAM,VIKAS KUMAR,SASARAM MUNICIPAL COMMISSIONER,SASARAM NAGAR NIGAM,159500.0,10000.0,3540.0,True,"{'Flood': 0, 'Embankment': 0, 'embkt': 0, 'Relief': 0, 'Erosion': 0, 'SDRF': 0, 'Inundation': 0, 'Hydrology': 0, 'Silt': 0, 'Siltation': 0, 'Bund': 0, 'Trench': 0, 'Breach': 0, 'Culvert': 0, 'Sluice': 0, 'Dyke': 0, 'Storm water drain': 0, 'Emergency': 0, 'Immediate': 0, 'IM': 0, 'AE': 0, 'A E': 0, 'AAPDA MITRA': 0, 'Bridge': 0, 'River': 0, 'Drain': 2, 'Restoration': 0, 'Protection': 0, 'irr': 0, 'irrigation': 0, 'dam': 0, 'Nallah': 0, 'nala': 0, 'Retrofitting': 0, 'Pond': 0, 'Pokhari': 0, 'D/C': 0, 'Recharge shaft': 0, 'LFB': 0, 'RFB': 0}","{'Floodlight': 0, 'Flood Light': 0, 'GAS': 0, 'FIFA': 0, 'pipe': 0, 'pipes': 0, 'covid': 0, 'supply': 0, 'Beautification': 0, 'Installation': 0}",,,False,True,Immediate Measures
104233,"NIT No -03/2025-26 , GR NO-02","CONSTRUCTION OF 28 NO. OF 125 MM X 45 MTR. DEEP GRAVEL PACKED TUBE WELL (G.P.T.)  WITH IM-II HANDPUMP AND CONSTRUCTION OF 1.0M DIA X 2.0M DEEP SOAKPIT  UNDER P.H. DIVISION, BARAHAT FOR YEAR 2025-26.","CONSTRUCTION OF 28 NO. OF 125 MM X 45 MTR. DEEP GRAVEL PACKED TUBE WELL (G.P.T.)  WITH IM-II HANDPUMP AND CONSTRUCTION OF 1.0M DIA X 2.0M DEEP SOAKPIT  UNDER P.H. DIVISION, BARAHAT FOR YEAR 2025-26.",2603000.0,INR,INR,2025-07-01 06:30:30+00:00,2025-07-01T06:21:17.574000+00:00,2025-07-10T03:37:42+00:00,"EXECUTIVE ENGINEER,P.H.DIVISION BARAHAT",EXECUTIVE ENGINEER,P.H.DIVISION BARAHAT,"OFFICE OF THE EXECUTIVE ENGINEER, P.H.DIVISION BARAHAT",Rajiv Ranjan Lal,SUPERINTENDENT ENGINEER,PUBLIC HEALTH ENGINEERING DEPARTMENT,52100.0,5000.0,590.0,True,"{'Flood': 0, 'Embankment': 0, 'embkt': 0, 'Relief': 0, 'Erosion': 0, 'SDRF': 0, 'Inundation': 0, 'Hydrology': 0, 'Silt': 0, 'Siltation': 0, 'Bund': 0, 'Trench': 0, 'Breach': 0, 'Culvert': 0, 'Sluice': 0, 'Dyke': 0, 'Storm water drain': 0, 'Emergency': 0, 'Immediate': 0, 'IM': 2, 'AE': 0, 'A E': 0, 'AAPDA MITRA': 0, 'Bridge': 0, 'River': 0, 'Drain': 0, 'Restoration': 0, 'Protection': 0, 'irr': 0, 'irrigation': 0, 'dam': 0, 'Nallah': 0, 'nala': 0, 'Retrofitting': 0, 'Pond': 0, 'Pokhari': 0, 'D/C': 0, 'Recharge shaft': 0, 'LFB': 0, 'RFB': 0}","{'Floodlight': 0, 'Flood Light': 0, 'GAS': 0, 'FIFA': 0, 'pipe': 0, 'pipes': 0, 'covid': 0, 'supply': 0, 'Beautification': 0, 'Installation': 0}",,,False,False,Immediate Measures
104235,NNSSMNIT02/2025-26 GR_05,"Construction of PCC Road & R.C.C Drain from  Basanti House to House of Ritesh singh, Umashankar singh at ward no 17 under Nagar Nigam Sasaram Rohtas District","Construction of PCC Road & R.C.C Drain from  Basanti House to House of Ritesh singh, Umashankar singh at ward no 17 under Nagar Nigam Sasaram Rohtas District",6980300.0,INR,INR,2025-07-01 12:29:01+00:00,2025-07-01T07:29:14.536000+00:00,2025-07-22T08:34:44+00:00,VIKAS KUMAR,SASARAM MUNICIPAL COMMISSIONER,SASARAM NAGAR NIGAM,G.T. ROAD SASARAM,VIKAS KUMAR,SASARAM MUNICIPAL COMMISSIONER,SASARAM NAGAR NIGAM,139600.0,10000.0,590.0,True,"{'Flood': 0, 'Embankment': 0, 'embkt': 0, 'Relief': 0, 'Erosion': 0, 'SDRF': 0, 'Inundation': 0, 'Hydrology': 0, 'Silt': 0, 'Siltation': 0, 'Bund': 0, 'Trench': 0, 'Breach': 0, 'Culvert': 0, 'Sluice': 0, 'Dyke': 0, 'Storm water drain': 0, 'Emergency': 0, 'Immediate': 0, 'IM': 0, 'AE': 0, 'A E': 0, 'AAPDA MITRA': 0, 'Bridge': 0, 'River': 0, 'Drain': 2, 'Restoration': 0, 'Protection': 0, 'irr': 0, 'irrigation': 0, 'dam': 0, 'Nallah': 0, 'nala': 0, 'Retrofitting': 0, 'Pond': 0, 'Pokhari': 0, 'D/C': 0, 'Recharge shaft': 0, 'LFB': 0, 'RFB': 0}","{'Floodlight': 0, 'Flood Light': 0, 'GAS': 0, 'FIFA': 0, 'pipe': 0, 'pipes': 0, 'covid': 0, 'supply': 0, 'Beautification': 0, 'Installation': 0}",,,False,True,Immediate Measures
104223,NIT No 8 (Group - 3,"Construction of PCC path and drain with cover from Sasaram Road main road via Shyam Talkies Ward No. 15, 16, next to the bus stand to Dehri Road main road","Construction of PCC path and drain with cover from Sasaram Road main road via Shyam Talkies Ward No. 15, 16, next to the bus stand to Dehri Road main road",5421068.0,INR,INR,2025-07-01 03:09:18+00:00,2025-07-01T03:04:14.308000+00:00,2025-07-12T12:34:27+00:00,KAMESHWAR PRASAD,Project Director,Bihar Urban Infrastructure Development Corporation Ltd.,Samastipur,KAMESHWAR PRASAD,Project Director,Bihar Urban Infrastructure Development Corporation Ltd.,108421.0,11800.0,590.0,True,"{'Flood': 0, 'Embankment': 0, 'embkt': 0, 'Relief': 0, 'Erosion': 0, 'SDRF': 0, 'Inundation': 0, 'Hydrology': 0, 'Silt': 0, 'Siltation': 0, 'Bund': 0, 'Trench': 0, 'Breach': 0, 'Culvert': 0, 'Sluice': 0, 'Dyke': 0, 'Storm water drain': 0, 'Emergency': 0, 'Immediate': 0, 'IM': 0, 'AE': 0, 'A E': 0, 'AAPDA MITRA': 0, 'Bridge': 0, 'River': 0, 'Drain': 2, 'Restoration': 0, 'Protection': 0, 'irr': 0, 'irrigation': 0, 'dam': 0, 'Nallah': 0, 'nala': 0, 'Retrofitting': 0, 'Pond': 0, 'Pokhari': 0, 'D/C': 0, 'Recharge shaft': 0, 'LFB': 0, 'RFB': 0}","{'Floodlight': 0, 'Flood Light': 0, 'GAS': 0, 'FIFA': 0, 'pipe': 0, 'pipes': 0, 'covid': 0, 'supply': 0, 'Beautification': 0, 'Installation': 0}",,,False,True,Immediate Measures
104221,NIT No 8 (Group - 1,Construction of PCC road and RCC drain from infront of shop of Kalim Ji to sabir alli via anawar alli husain suleman at kadari nagar ward no 38 under nagar sasaram,Construction of PCC road and RCC drain from infront of shop of Kalim Ji to sabir alli via anawar alli husain suleman at kadari nagar ward no 38 under nagar sasaram,5749400.0,INR,INR,2025-07-01 02:51:54+00:00,2025-07-01T02:34:22.761000+00:00,2025-07-12T12:35:31+00:00,KAMESHWAR PRASAD,Project Director,Bihar Urban Infrastructure Development Corporation Ltd.,Samastipur,KAMESHWAR PRASAD,Project Director,Bihar Urban Infrastructure Development Corporation Ltd.,114988.0,11800.0,590.0,True,"{'Flood': 0, 'Embankment': 0, 'embkt': 0, 'Relief': 0, 'Erosion': 0, 'SDRF': 0, 'Inundation': 0, 'Hydrology': 0, 'Silt': 0, 'Siltation': 0, 'Bund': 0, 'Trench': 0, 'Breach': 0, 'Culvert': 0, 'Sluice': 0, 'Dyke': 0, 'Storm water drain': 0, 'Emergency': 0, 'Immediate': 0, 'IM': 0, 'AE': 0, 'A E': 0, 'AAPDA MITRA': 0, 'Bridge': 0, 'River': 0, 'Drain': 2, 'Restoration': 0, 'Protection': 0, 'irr': 0, 'irrigation': 0, 'dam': 0, 'Nallah': 0, 'nala': 0, 'Retrofitting': 0, 'Pond': 0, 'Pokhari': 0, 'D/C': 0, 'Recharge shaft': 0, 'LFB': 0, 'RFB': 0}","{'Floodlight': 0, 'Flood Light': 0, 'GAS': 0, 'FIFA': 0, 'pipe': 0, 'pipes': 0, 'covid': 0, 'supply': 0, 'Beautification': 0, 'Installation': 0}",,,False,True,Immediate Measures
104236,NNSSMNIT02/2025-26 GR_06,"Construction of Drain with slab from Mil of Upendra Kushwaha to Harkathawa Tal via House of Bhola Bind, Keshwar Bind, Fagu Master in Malawn at Ward no.- 37 Under Nagar Nigam Sasaram Rohtas District","Construction of Drain with slab from Mil of Upendra Kushwaha to Harkathawa Tal via House of Bhola Bind, Keshwar Bind, Fagu Master in Malawn at Ward no.- 37 Under Nagar Nigam Sasaram Rohtas District",5463056.0,INR,INR,2025-07-01 12:30:33+00:00,2025-07-01T07:31:32.131000+00:00,2025-07-22T10:23:21+00:00,VIKAS KUMAR,SASARAM MUNICIPAL COMMISSIONER,SASARAM NAGAR NIGAM,G.T. ROAD SASARAM,VIKAS KUMAR,SASARAM MUNICIPAL COMMISSIONER,SASARAM NAGAR NIGAM,109300.0,10000.0,590.0,True,"{'Flood': 0, 'Embankment': 0, 'embkt': 0, 'Relief': 0, 'Erosion': 0, 'SDRF': 0, 'Inundation': 0, 'Hydrology': 0, 'Silt': 0, 'Siltation': 0, 'Bund': 0, 'Trench': 0, 'Breach': 0, 'Culvert': 0, 'Sluice': 0, 'Dyke': 0, 'Storm water drain': 0, 'Emergency': 0, 'Immediate': 0, 'IM': 0, 'AE': 0, 'A E': 0, 'AAPDA MITRA': 0, 'Bridge': 0, 'River': 0, 'Drain': 2, 'Restoration': 0, 'Protection': 0, 'irr': 0, 'irrigation': 0, 'dam': 0, 'Nallah': 0, 'nala': 0, 'Retrofitting': 0, 'Pond': 0, 'Pokhari': 0, 'D/C': 0, 'Recharge shaft': 0, 'LFB': 0, 'RFB': 0}","{'Floodlight': 0, 'Flood Light': 0, 'GAS': 0, 'FIFA': 0, 'pipe': 0, 'pipes': 0, 'covid': 0, 'supply': 0, 'Beautification': 0, 'Installation': 0}",,,False,True,Immediate Measures
104237,NNSSMNIT02/2025-26 GR_07,Construction of rcc drain with slab and pver block both sides of road at south from house of jagropan singh house of chain singh shiv madir via triveni singh to dhanpurva mishripur road in ward no.- 41 under Nagar Nigam Sasaram  District-Rohtas,Construction of rcc drain with slab and pver block both sides of road at south from house of jagropan singh house of chain singh shiv madir via triveni singh to dhanpurva mishripur road in ward no.- 41 under Nagar Nigam Sasaram  District-Rohtas,9060637.0,INR,INR,2025-07-01 12:31:46+00:00,2025-07-01T07:40:54.187000+00:00,2025-07-22T10:35:51+00:00,VIKAS KUMAR,SASARAM MUNICIPAL COMMISSIONER,SASARAM NAGAR NIGAM,G.T. ROAD SASARAM,VIKAS KUMAR,SASARAM MUNICIPAL COMMISSIONER,SASARAM NAGAR NIGAM,181200.0,10000.0,3540.0,True,"{'Flood': 0, 'Embankment': 0, 'embkt': 0, 'Relief': 0, 'Erosion': 0, 'SDRF': 0, 'Inundation': 0, 'Hydrology': 0, 'Silt': 0, 'Siltation': 0, 'Bund': 0, 'Trench': 0, 'Breach': 0, 'Culvert': 0, 'Sluice': 0, 'Dyke': 0, 'Storm water drain': 0, 'Emergency': 0, 'Immediate': 0, 'IM': 0, 'AE': 0, 'A E': 0, 'AAPDA MITRA': 0, 'Bridge': 0, 'River': 0, 'Drain': 2, 'Restoration': 0, 'Protection': 0, 'irr': 0, 'irrigation': 0, 'dam': 0, 'Nallah': 0, 'nala': 0, 'Retrofitting': 0, 'Pond': 0, 'Pokhari': 0, 'D/C': 0, 'Recharge shaft': 0, 'LFB': 0, 'RFB': 0}","{'Floodlight': 0, 'Flood Light': 0, 'GAS': 0, 'FIFA': 0, 'pipe': 0, 'pipes': 0, 'covid': 0, 'supply': 0, 'Beautification': 0, 'Installation': 0}",,,False,True,Immediate Measures
104230,"NIT No -03/2025-26 , GR NO-01","CONSTRUCTION OF 30 NO. OF 125mm/115mm X 60M DEEP DRILLED TUBE WELL (D.T.) WITH IM-II HANDPUMP AND AND CONSTRUCTION OF 1.0M DIA X 2.0M DEEP SOAKPIT  UNDER P.H. DIVISION, BARAHAT FOR YEAR 2025-26.","CONSTRUCTION OF 30 NO. OF 125mm/115mm X 60M DEEP DRILLED TUBE WELL (D.T.) WITH IM-II HANDPUMP AND AND CONSTRUCTION OF 1.0M DIA X 2.0M DEEP SOAKPIT  UNDER P.H. DIVISION, BARAHAT FOR YEAR 2025-26.",3281300.0,INR,INR,2025-07-01 06:19:56+00:00,2025-07-01T05:58:14.593000+00:00,2025-07-10T03:39:04+00:00,"EXECUTIVE ENGINEER,P.H.DIVISION BARAHAT",EXECUTIVE ENGINEER,P.H.DIVISION BARAHAT,"OFFICE OF THE EXECUTIVE ENGINEER, P.H.DIVISION BARAHAT",Rajiv Ranjan Lal,SUPERINTENDENT ENGINEER,PUBLIC HEALTH ENGINEERING DEPARTMENT,65700.0,5000.0,590.0,True,"{'Flood': 0, 'Embankment': 0, 'embkt': 0, 'Relief': 0, 'Erosion': 0, 'SDRF': 0, 'Inundation': 0, 'Hydrology': 0, 'Silt': 0, 'Siltation': 0, 'Bund': 0, 'Trench': 0, 'Breach': 0, 'Culvert': 0, 'Sluice': 0, 'Dyke': 0, 'Storm water drain': 0, 'Emergency': 0, 'Immediate': 0, 'IM': 2, 'AE': 0, 'A E': 0, 'AAPDA MITRA': 0, 'Bridge': 0, 'River': 0, 'Drain': 0, 'Restoration': 0, 'Protection': 0, 'irr': 0, 'irrigation': 0, 'dam': 0, 'Nallah': 0, 'nala': 0, 'Retrofitting': 0, 'Pond': 0, 'Pokhari': 0, 'D/C': 0, 'Recharge shaft': 0, 'LFB': 0, 'RFB': 0}","{'Floodlight': 0, 'Flood Light': 0, 'GAS': 0, 'FIFA': 0, 'pipe': 0, 'pipes': 0, 'covid': 0, 'supply': 0, 'Beautification': 0, 'Installation': 0}",,,False,False,Immediate Measures
104238,NNSSMNIT02/2025-26 GR_08,Construction of R.C.C Drain And Road from Primary school to Main Road in ward no.- 41at gram-mishripur under Nagar Nigam Sasaram  District-Rohtas,Construction of R.C.C Drain And Road from Primary school to Main Road in ward no.- 41at gram-mishripur under Nagar Nigam Sasaram  District-Rohtas,6247217.0,INR,INR,2025-07-01 12:33:03+00:00,2025-07-01T07:43:31.697000+00:00,2025-07-22T10:43:39+00:00,VIKAS KUMAR,SASARAM MUNICIPAL COMMISSIONER,SASARAM NAGAR NIGAM,G.T. ROAD SASARAM,VIKAS KUMAR,SASARAM MUNICIPAL COMMISSIONER,SASARAM NAGAR NIGAM,124900.0,10000.0,590.0,True,"{'Flood': 0, 'Embankment': 0, 'embkt': 0, 'Relief': 0, 'Erosion': 0, 'SDRF': 0, 'Inundation': 0, 'Hydrology': 0, 'Silt': 0, 'Siltation': 0, 'Bund': 0, 'Trench': 0, 'Breach': 0, 'Culvert': 0, 'Sluice': 0, 'Dyke': 0, 'Storm water drain': 0, 'Emergency': 0, 'Immediate': 0, 'IM': 0, 'AE': 0, 'A E': 0, 'AAPDA MITRA': 0, 'Bridge': 0, 'River': 0, 'Drain': 2, 'Restoration': 0, 'Protection': 0, 'irr': 0, 'irrigation': 0, 'dam': 0, 'Nallah': 0, 'nala': 0, 'Retrofitting': 0, 'Pond': 0, 'Pokhari': 0, 'D/C': 0, 'Recharge shaft': 0, 'LFB': 0, 'RFB': 0}","{'Floodlight': 0, 'Flood Light': 0, 'GAS': 0, 'FIFA': 0, 'pipe': 0, 'pipes': 0, 'covid': 0, 'supply': 0, 'Beautification': 0, 'Installation': 0}",,,False,True,Immediate Measures
104240,NNSSMNIT02/2025-26 GR_10,Construction of R.C.C Drain And Road from border of dawanpur high school to kukur bhoka more in ward no.-42 under Nagar Nigam Sasaram  District-Rohtas,Construction of R.C.C Drain And Road from border of dawanpur high school to kukur bhoka more in ward no.-42 under Nagar Nigam Sasaram  District-Rohtas,5088574.0,INR,INR,2025-07-01 12:35:39+00:00,2025-07-01T07:48:28.380000+00:00,2025-07-22T11:00:33+00:00,VIKAS KUMAR,SASARAM MUNICIPAL COMMISSIONER,SASARAM NAGAR NIGAM,G.T. ROAD SASARAM,VIKAS KUMAR,SASARAM MUNICIPAL COMMISSIONER,SASARAM NAGAR NIGAM,101800.0,10000.0,590.0,True,"{'Flood': 0, 'Embankment': 0, 'embkt': 0, 'Relief': 0, 'Erosion': 0, 'SDRF': 0, 'Inundation': 0, 'Hydrology': 0, 'Silt': 0, 'Siltation': 0, 'Bund': 0, 'Trench': 0, 'Breach': 0, 'Culvert': 0, 'Sluice': 0, 'Dyke': 0, 'Storm water drain': 0, 'Emergency': 0, 'Immediate': 0, 'IM': 0, 'AE': 0, 'A E': 0, 'AAPDA MITRA': 0, 'Bridge': 0, 'River': 0, 'Drain': 2, 'Restoration': 0, 'Protection': 0, 'irr': 0, 'irrigation': 0, 'dam': 0, 'Nallah': 0, 'nala': 0, 'Retrofitting': 0, 'Pond': 0, 'Pokhari': 0, 'D/C': 0, 'Recharge shaft': 0, 'LFB': 0, 'RFB': 0}","{'Floodlight': 0, 'Flood Light': 0, 'GAS': 0, 'FIFA': 0, 'pipe': 0, 'pipes': 0, 'covid': 0, 'supply': 0, 'Beautification': 0, 'Installation': 0}",,,False,True,Immediate Measures
104227,NNSSMNIT02/2025-26 GR_03,"Construction Paver block and RCC drain with slab from Lakhman patwa house to Vinay ji house, MINI lodge via Anil ji house, via Shrididham hospital. pcc via maurya sir house till ara road Under ward no 14 Under Nagar Nigam Sasaram Rohtas District","Construction Paver block and RCC drain with slab from Lakhman patwa house to Vinay ji house, MINI lodge via Anil ji house, via Shrididham hospital. pcc via maurya sir house till ara road Under ward no 14 Under Nagar Nigam Sasaram Rohtas District",8739276.0,INR,INR,2025-07-01 12:26:23+00:00,2025-07-01T05:45:21.055000+00:00,2025-07-22T07:53:24+00:00,VIKAS KUMAR,SASARAM MUNICIPAL COMMISSIONER,SASARAM NAGAR NIGAM,G.T. ROAD SASARAM,VIKAS KUMAR,SASARAM MUNICIPAL COMMISSIONER,SASARAM NAGAR NIGAM,174800.0,10000.0,3540.0,True,"{'Flood': 0, 'Embankment': 0, 'embkt': 0, 'Relief': 0, 'Erosion': 0, 'SDRF': 0, 'Inundation': 0, 'Hydrology': 0, 'Silt': 0, 'Siltation': 0, 'Bund': 0, 'Trench': 0, 'Breach': 0, 'Culvert': 0, 'Sluice': 0, 'Dyke': 0, 'Storm water drain': 0, 'Emergency': 0, 'Immediate': 0, 'IM': 0, 'AE': 0, 'A E': 0, 'AAPDA MITRA': 0, 'Bridge': 0, 'River': 0, 'Drain': 2, 'Restoration': 0, 'Protection': 0, 'irr': 0, 'irrigation': 0, 'dam': 0, 'Nallah': 0, 'nala': 0, 'Retrofitting': 0, 'Pond': 0, 'Pokhari': 0, 'D/C': 0, 'Recharge shaft': 0, 'LFB': 0, 'RFB': 0}","{'Floodlight': 0, 'Flood Light': 0, 'GAS': 0, 'FIFA': 0, 'pipe': 0, 'pipes': 0, 'covid': 0, 'supply': 0, 'Beautification': 0, 'Installation': 0}",,,False,True,Immediate Measures
104243,NNSSMNIT02/2025-26 GR_13,"Construction of Drain & soil filling, brick soling & PCC from Middle school to NH2 highway via house of Prahalad Mahto, Ram Payare Sharma at Ward no.- 47 Dhankadha under Nagar Nigam Sasaram  District-Rohtas","Construction of Drain & soil filling, brick soling & PCC from Middle school to NH2 highway via house of Prahalad Mahto, Ram Payare Sharma at Ward no.- 47 Dhankadha under Nagar Nigam Sasaram  District-Rohtas",6133180.0,INR,INR,2025-07-01 12:40:33+00:00,2025-07-01T07:56:24.951000+00:00,2025-07-22T11:17:03+00:00,VIKAS KUMAR,SASARAM MUNICIPAL COMMISSIONER,SASARAM NAGAR NIGAM,G.T. ROAD SASARAM,VIKAS KUMAR,SASARAM MUNICIPAL COMMISSIONER,SASARAM NAGAR NIGAM,122700.0,10000.0,590.0,True,"{'Flood': 0, 'Embankment': 0, 'embkt': 0, 'Relief': 0, 'Erosion': 0, 'SDRF': 0, 'Inundation': 0, 'Hydrology': 0, 'Silt': 0, 'Siltation': 0, 'Bund': 0, 'Trench': 0, 'Breach': 0, 'Culvert': 0, 'Sluice': 0, 'Dyke': 0, 'Storm water drain': 0, 'Emergency': 0, 'Immediate': 0, 'IM': 0, 'AE': 0, 'A E': 0, 'AAPDA MITRA': 0, 'Bridge': 0, 'River': 0, 'Drain': 2, 'Restoration': 0, 'Protection': 0, 'irr': 0, 'irrigation': 0, 'dam': 0, 'Nallah': 0, 'nala': 0, 'Retrofitting': 0, 'Pond': 0, 'Pokhari': 0, 'D/C': 0, 'Recharge shaft': 0, 'LFB': 0, 'RFB': 0}","{'Floodlight': 0, 'Flood Light': 0, 'GAS': 0, 'FIFA': 0, 'pipe': 0, 'pipes': 0, 'covid': 0, 'supply': 0, 'Beautification': 0, 'Installation': 0}",,,False,True,Immediate Measures
104226,NNSSMNIT02/2025-26 GR_02,Construction of Drain with slab and pcc road from House of Kamta sharma to Awadhesh sah AND from House of Vishwanath singh to House of Ramlakhan singh via House of Rajwansh singh at Ward no.- 11 Under Nagar Nigam Sasaram Rohtas District,Construction of Drain with slab and pcc road from House of Kamta sharma to Awadhesh sah AND from House of Vishwanath singh to House of Ramlakhan singh via House of Rajwansh singh at Ward no.- 11 Under Nagar Nigam Sasaram Rohtas District,7545174.0,INR,INR,2025-07-01 12:25:09+00:00,2025-07-01T05:41:45.831000+00:00,2025-07-22T07:41:26+00:00,VIKAS KUMAR,SASARAM MUNICIPAL COMMISSIONER,SASARAM NAGAR NIGAM,G.T. ROAD SASARAM,VIKAS KUMAR,SASARAM MUNICIPAL COMMISSIONER,SASARAM NAGAR NIGAM,150900.0,10000.0,3540.0,True,"{'Flood': 0, 'Embankment': 0, 'embkt': 0, 'Relief': 0, 'Erosion': 0, 'SDRF': 0, 'Inundation': 0, 'Hydrology': 0, 'Silt': 0, 'Siltation': 0, 'Bund': 0, 'Trench': 0, 'Breach': 0, 'Culvert': 0, 'Sluice': 0, 'Dyke': 0, 'Storm water drain': 0, 'Emergency': 0, 'Immediate': 0, 'IM': 0, 'AE': 0, 'A E': 0, 'AAPDA MITRA': 0, 'Bridge': 0, 'River': 0, 'Drain': 2, 'Restoration': 0, 'Protection': 0, 'irr': 0, 'irrigation': 0, 'dam': 0, 'Nallah': 0, 'nala': 0, 'Retrofitting': 0, 'Pond': 0, 'Pokhari': 0, 'D/C': 0, 'Recharge shaft': 0, 'LFB': 0, 'RFB': 0}","{'Floodlight': 0, 'Flood Light': 0, 'GAS': 0, 'FIFA': 0, 'pipe': 0, 'pipes': 0, 'covid': 0, 'supply': 0, 'Beautification': 0, 'Installation': 0}",,,False,True,Immediate Measures
104242,NNSSMNIT02/2025-26 GR_12,"Construction of Road & Drain with slab from 4G Jio Tower to Kali mindir, Pir baba & Chhath ghat at Ward no.- 46 under Nagar Nigam Sasaram  District-Rohtas","Construction of Road & Drain with slab from 4G Jio Tower to Kali mindir, Pir baba & Chhath ghat at Ward no.- 46 under Nagar Nigam Sasaram  District-Rohtas",5623765.0,INR,INR,2025-07-01 12:39:12+00:00,2025-07-01T07:54:01.484000+00:00,2025-07-22T11:10:52+00:00,VIKAS KUMAR,SASARAM MUNICIPAL COMMISSIONER,SASARAM NAGAR NIGAM,G.T. ROAD SASARAM,VIKAS KUMAR,SASARAM MUNICIPAL COMMISSIONER,SASARAM NAGAR NIGAM,112500.0,10000.0,590.0,True,"{'Flood': 0, 'Embankment': 0, 'embkt': 0, 'Relief': 0, 'Erosion': 0, 'SDRF': 0, 'Inundation': 0, 'Hydrology': 0, 'Silt': 0, 'Siltation': 0, 'Bund': 0, 'Trench': 0, 'Breach': 0, 'Culvert': 0, 'Sluice': 0, 'Dyke': 0, 'Storm water drain': 0, 'Emergency': 0, 'Immediate': 0, 'IM': 0, 'AE': 0, 'A E': 0, 'AAPDA MITRA': 0, 'Bridge': 0, 'River': 0, 'Drain': 2, 'Restoration': 0, 'Protection': 0, 'irr': 0, 'irrigation': 0, 'dam': 0, 'Nallah': 0, 'nala': 0, 'Retrofitting': 0, 'Pond': 0, 'Pokhari': 0, 'D/C': 0, 'Recharge shaft': 0, 'LFB': 0, 'RFB': 0}","{'Floodlight': 0, 'Flood Light': 0, 'GAS': 0, 'FIFA': 0, 'pipe': 0, 'pipes': 0, 'covid': 0, 'supply': 0, 'Beautification': 0, 'Installation': 0}",,,False,True,Immediate Measures
104241,NNSSMNIT02/2025-26 GR_11,Construction of R.C.C Drain And Road from house of mano-mano via satish gupta To main road ward no.-43 at amari under Nagar Nigam Sasaram  District-Rohtas,Construction of R.C.C Drain And Road from house of mano-mano via satish gupta To main road ward no.-43 at amari under Nagar Nigam Sasaram  District-Rohtas,5336779.0,INR,INR,2025-07-01 12:37:13+00:00,2025-07-01T07:51:16.145000+00:00,2025-07-22T11:05:34+00:00,VIKAS KUMAR,SASARAM MUNICIPAL COMMISSIONER,SASARAM NAGAR NIGAM,G.T. ROAD SASARAM,VIKAS KUMAR,SASARAM MUNICIPAL COMMISSIONER,SASARAM NAGAR NIGAM,106700.0,10000.0,590.0,True,"{'Flood': 0, 'Embankment': 0, 'embkt': 0, 'Relief': 0, 'Erosion': 0, 'SDRF': 0, 'Inundation': 0, 'Hydrology': 0, 'Silt': 0, 'Siltation': 0, 'Bund': 0, 'Trench': 0, 'Breach': 0, 'Culvert': 0, 'Sluice': 0, 'Dyke': 0, 'Storm water drain': 0, 'Emergency': 0, 'Immediate': 0, 'IM': 0, 'AE': 0, 'A E': 0, 'AAPDA MITRA': 0, 'Bridge': 0, 'River': 0, 'Drain': 2, 'Restoration': 0, 'Protection': 0, 'irr': 0, 'irrigation': 0, 'dam': 0, 'Nallah': 0, 'nala': 0, 'Retrofitting': 0, 'Pond': 0, 'Pokhari': 0, 'D/C': 0, 'Recharge shaft': 0, 'LFB': 0, 'RFB': 0}","{'Floodlight': 0, 'Flood Light': 0, 'GAS': 0, 'FIFA': 0, 'pipe': 0, 'pipes': 0, 'covid': 0, 'supply': 0, 'Beautification': 0, 'Installation': 0}",,,False,True,Immediate Measures
104245,NNSSMNIT02/2025-26 GR_15,Construction of Road & drain with slab from NH2 to Kali Mandir in ward no.- 48 under Nagar Nigam Sasaram District-Rohtas,Construction of Road & drain with slab from NH2 to Kali Mandir in ward no.- 48 under Nagar Nigam Sasaram District-Rohtas,6141600.0,INR,INR,2025-07-01 12:44:11+00:00,2025-07-01T08:03:37.172000+00:00,2025-07-22T11:36:30+00:00,VIKAS KUMAR,SASARAM MUNICIPAL COMMISSIONER,SASARAM NAGAR NIGAM,G.T. ROAD SASARAM,VIKAS KUMAR,SASARAM MUNICIPAL COMMISSIONER,SASARAM NAGAR NIGAM,122800.0,10000.0,590.0,True,"{'Flood': 0, 'Embankment': 0, 'embkt': 0, 'Relief': 0, 'Erosion': 0, 'SDRF': 0, 'Inundation': 0, 'Hydrology': 0, 'Silt': 0, 'Siltation': 0, 'Bund': 0, 'Trench': 0, 'Breach': 0, 'Culvert': 0, 'Sluice': 0, 'Dyke': 0, 'Storm water drain': 0, 'Emergency': 0, 'Immediate': 0, 'IM': 0, 'AE': 0, 'A E': 0, 'AAPDA MITRA': 0, 'Bridge': 0, 'River': 0, 'Drain': 2, 'Restoration': 0, 'Protection': 0, 'irr': 0, 'irrigation': 0, 'dam': 0, 'Nallah': 0, 'nala': 0, 'Retrofitting': 0, 'Pond': 0, 'Pokhari': 0, 'D/C': 0, 'Recharge shaft': 0, 'LFB': 0, 'RFB': 0}","{'Floodlight': 0, 'Flood Light': 0, 'GAS': 0, 'FIFA': 0, 'pipe': 0, 'pipes': 0, 'covid': 0, 'supply': 0, 'Beautification': 0, 'Installation': 0}",,,False,True,Immediate Measures
104244,NNSSMNIT02/2025-26 GR_14,Construction of Road & drain with slab from Dhanki Jamun Chowk To NH2 in ward no.- 48 under Nagar Nigam Sasaram District-Rohtas,Construction of Road & drain with slab from Dhanki Jamun Chowk To NH2 in ward no.- 48 under Nagar Nigam Sasaram District-Rohtas,5137858.0,INR,INR,2025-07-01 12:42:54+00:00,2025-07-01T07:59:26.158000+00:00,2025-07-22T11:21:40+00:00,VIKAS KUMAR,SASARAM MUNICIPAL COMMISSIONER,SASARAM NAGAR NIGAM,G.T. ROAD SASARAM,VIKAS KUMAR,SASARAM MUNICIPAL COMMISSIONER,SASARAM NAGAR NIGAM,102800.0,10000.0,590.0,True,"{'Flood': 0, 'Embankment': 0, 'embkt': 0, 'Relief': 0, 'Erosion': 0, 'SDRF': 0, 'Inundation': 0, 'Hydrology': 0, 'Silt': 0, 'Siltation': 0, 'Bund': 0, 'Trench': 0, 'Breach': 0, 'Culvert': 0, 'Sluice': 0, 'Dyke': 0, 'Storm water drain': 0, 'Emergency': 0, 'Immediate': 0, 'IM': 0, 'AE': 0, 'A E': 0, 'AAPDA MITRA': 0, 'Bridge': 0, 'River': 0, 'Drain': 2, 'Restoration': 0, 'Protection': 0, 'irr': 0, 'irrigation': 0, 'dam': 0, 'Nallah': 0, 'nala': 0, 'Retrofitting': 0, 'Pond': 0, 'Pokhari': 0, 'D/C': 0, 'Recharge shaft': 0, 'LFB': 0, 'RFB': 0}","{'Floodlight': 0, 'Flood Light': 0, 'GAS': 0, 'FIFA': 0, 'pipe': 0, 'pipes': 0, 'covid': 0, 'supply': 0, 'Beautification': 0, 'Installation': 0}",,,False,True,Immediate Measures
104239,NNSSMNIT02/2025-26 GR_09,Construction of R.C.C Drain And Road from pappu singh to house of baban singh and via primary school nima to house of ramasankar singh ward no.-42 at nima under Nagar Nigam Sasaram  District-Rohtas,Construction of R.C.C Drain And Road from pappu singh to house of baban singh and via primary school nima to house of ramasankar singh ward no.-42 at nima under Nagar Nigam Sasaram  District-Rohtas,7481450.0,INR,INR,2025-07-01 12:34:21+00:00,2025-07-01T07:45:56.885000+00:00,2025-07-22T10:54:41+00:00,VIKAS KUMAR,SASARAM MUNICIPAL COMMISSIONER,SASARAM NAGAR NIGAM,G.T. ROAD SASARAM,VIKAS KUMAR,SASARAM MUNICIPAL COMMISSIONER,SASARAM NAGAR NIGAM,149600.0,10000.0,3540.0,True,"{'Flood': 0, 'Embankment': 0, 'embkt': 0, 'Relief': 0, 'Erosion': 0, 'SDRF': 0, 'Inundation': 0, 'Hydrology': 0, 'Silt': 0, 'Siltation': 0, 'Bund': 0, 'Trench': 0, 'Breach': 0, 'Culvert': 0, 'Sluice': 0, 'Dyke': 0, 'Storm water drain': 0, 'Emergency': 0, 'Immediate': 0, 'IM': 0, 'AE': 0, 'A E': 0, 'AAPDA MITRA': 0, 'Bridge': 0, 'River': 0, 'Drain': 2, 'Restoration': 0, 'Protection': 0, 'irr': 0, 'irrigation': 0, 'dam': 0, 'Nallah': 0, 'nala': 0, 'Retrofitting': 0, 'Pond': 0, 'Pokhari': 0, 'D/C': 0, 'Recharge shaft': 0, 'LFB': 0, 'RFB': 0}","{'Floodlight': 0, 'Flood Light': 0, 'GAS': 0, 'FIFA': 0, 'pipe': 0, 'pipes': 0, 'covid': 0, 'supply': 0, 'Beautification': 0, 'Installation': 0}",,,False,True,Immediate Measures
104262,PATNA WEST/NIT-05/2025-26,"Construction of  30 No. 125mm X 40mm X 61M deep Tube well with I.M.-II Hand Pump, Platform , Drain and Soakpit under State fund  scheme for Sinking of New Handpumps  for drinking water due to Drought  and falling water level in District   for the year 2025-26 in Patna District under P.H. Division, Patna West, Patna.","Construction of  30 No. 125mm X 40mm X 61M deep Tube well with I.M.-II Hand Pump, Platform , Drain and Soakpit under State fund  scheme for Sinking of New Handpumps  for drinking water due to Drought  and falling water level in District   for the year 2025-26 in Patna District under P.H. Division, Patna West, Patna.",2803320.0,INR,INR,2025-07-01 13:46:56+00:00,2025-07-01T13:06:48.033000+00:00,2025-08-20T12:44:26+00:00,"Executive Engineer, P.H. division","Patna west, Patna",PHED PATNA WEST,"Road No.-2 , Rajbanshi Nagar, Baily Road, Patna",Superintending Engineer,SE (Manish Anand),"P.H.Circle, Patna",56100.0,5000.0,590.0,True,"{'Flood': 0, 'Embankment': 0, 'embkt': 0, 'Relief': 0, 'Erosion': 0, 'SDRF': 0, 'Inundation': 0, 'Hydrology': 0, 'Silt': 0, 'Siltation': 0, 'Bund': 0, 'Trench': 0, 'Breach': 0, 'Culvert': 0, 'Sluice': 0, 'Dyke': 0, 'Storm water drain': 0, 'Emergency': 0, 'Immediate': 0, 'IM': 0, 'AE': 0, 'A E': 0, 'AAPDA MITRA': 0, 'Bridge': 0, 'River': 0, 'Drain': 2, 'Restoration': 0, 'Protection': 0, 'irr': 0, 'irrigation': 0, 'dam': 0, 'Nallah': 0, 'nala': 0, 'Retrofitting': 0, 'Pond': 0, 'Pokhari': 0, 'D/C': 0, 'Recharge shaft': 0, 'LFB': 0, 'RFB': 0}","{'Floodlight': 0, 'Flood Light': 0, 'GAS': 0, 'FIFA': 0, 'pipe': 0, 'pipes': 0, 'covid': 0, 'supply': 0, 'Beautification': 0, 'Installation': 0}",,,False,True,Others
104263,SBD NIT-04/2025-26/Siwan (Group-01),"Construction of Drain from Manoj?s Singh house to Railway Pool beside Nahar at Nagar Panchayat, Mairwa","Construction of Drain from Manoj?s Singh house to Railway Pool beside Nahar at Nagar Panchayat, Mairwa",24420941.0,INR,INR,2025-07-01 17:54:38+00:00,2025-07-01T17:34:40.650000+00:00,2025-08-30T17:55:06+00:00,Anand Mohan Singh,PROJECT DIRECTOR,Bihar Urban Infrastructure Development Corporation Ltd.,Saran,Anand Mohan Singh,PROJECT DIRECTOR,Bihar Urban Infrastructure Development Corporation Ltd.,488500.0,17700.0,3540.0,True,"{'Flood': 0, 'Embankment': 0, 'embkt': 0, 'Relief': 0, 'Erosion': 0, 'SDRF': 0, 'Inundation': 0, 'Hydrology': 0, 'Silt': 0, 'Siltation': 0, 'Bund': 0, 'Trench': 0, 'Breach': 0, 'Culvert': 0, 'Sluice': 0, 'Dyke': 0, 'Storm water drain': 0, 'Emergency': 0, 'Immediate': 0, 'IM': 0, 'AE': 0, 'A E': 0, 'AAPDA MITRA': 0, 'Bridge': 0, 'River': 0, 'Drain': 2, 'Restoration': 0, 'Protection': 0, 'irr': 0, 'irrigation': 0, 'dam': 0, 'Nallah': 0, 'nala': 0, 'Retrofitting': 0, 'Pond': 0, 'Pokhari': 0, 'D/C': 0, 'Recharge shaft': 0, 'LFB': 0, 'RFB': 0}","{'Floodlight': 0, 'Flood Light': 0, 'GAS': 0, 'FIFA': 0, 'pipe': 0, 'pipes': 0, 'covid': 0, 'supply': 0, 'Beautification': 0, 'Installation': 0}",,,False,True,Immediate Measures
104259,NNSSMNIT05/2025-26 GR_01,"Construction of RCC drain from North side of G. T. Road Kali Mandir & House of Diwakar Tiwari to Dharmendra Tiwari via Chet Narayan Pandey Nahar at Gali No_02 in Ward No.- 09_ Fazalganj in Nagar Nigam, Sasaram under Rohtas district for the Year 2024-25.","Construction of RCC drain from North side of G. T. Road Kali Mandir & House of Diwakar Tiwari to Dharmendra Tiwari via Chet Narayan Pandey Nahar at Gali No_02 in Ward No.- 09_ Fazalganj in Nagar Nigam, Sasaram under Rohtas district for the Year 2024-25.",8905900.0,INR,INR,2025-07-11 12:27:01+00:00,2025-07-01T12:50:43.369000+00:00,2025-08-11T10:37:59+00:00,VIKAS KUMAR,SASARAM MUNICIPAL COMMISSIONER,SASARAM NAGAR NIGAM,G.T. ROAD SASARAM,VIKAS KUMAR,SASARAM MUNICIPAL COMMISSIONER,SASARAM NAGAR NIGAM,178200.0,10000.0,3540.0,True,"{'Flood': 0, 'Embankment': 0, 'embkt': 0, 'Relief': 0, 'Erosion': 0, 'SDRF': 0, 'Inundation': 0, 'Hydrology': 0, 'Silt': 0, 'Siltation': 0, 'Bund': 0, 'Trench': 0, 'Breach': 0, 'Culvert': 0, 'Sluice': 0, 'Dyke': 0, 'Storm water drain': 0, 'Emergency': 0, 'Immediate': 0, 'IM': 0, 'AE': 0, 'A E': 0, 'AAPDA MITRA': 0, 'Bridge': 0, 'River': 0, 'Drain': 2, 'Restoration': 0, 'Protection': 0, 'irr': 0, 'irrigation': 0, 'dam': 0, 'Nallah': 0, 'nala': 0, 'Retrofitting': 0, 'Pond': 0, 'Pokhari': 0, 'D/C': 0, 'Recharge shaft': 0, 'LFB': 0, 'RFB': 0}","{'Floodlight': 0, 'Flood Light': 0, 'GAS': 0, 'FIFA': 0, 'pipe': 0, 'pipes': 0, 'covid': 0, 'supply': 0, 'Beautification': 0, 'Installation': 0}",,,False,True,Immediate Measures
104270,NIT-05/2025-26 re-tender (Grp-01),Construction work of PCC road and RCC drain from the house of Amarendra Dubey to the PCC road in front of Yashwant Singh's house in lane no. 05 of ward no. 03 under Nagar Panchayat Areraj.,Construction work of PCC road and RCC drain from the house of Amarendra Dubey to the PCC road in front of Yashwant Singh's house in lane no. 05 of ward no. 03 under Nagar Panchayat Areraj.,1163587.0,INR,INR,2025-07-02 05:09:25+00:00,2025-07-02T05:04:51.861000+00:00,2025-09-08T09:12:32+00:00,EXECUTIVE OFFICER NAGAR PANCHAYAT ARERAJ,E.O,NAGAR PANCHAYAT ARERAJ,ARERAJ,EXECUTIVE OFFICER NAGAR PANCHAYAT ARERAJ,E.O,NAGAR PANCHAYAT ARERAJ,23300.0,2500.0,590.0,True,"{'Flood': 0, 'Embankment': 0, 'embkt': 0, 'Relief': 0, 'Erosion': 0, 'SDRF': 0, 'Inundation': 0, 'Hydrology': 0, 'Silt': 0, 'Siltation': 0, 'Bund': 0, 'Trench': 0, 'Breach': 0, 'Culvert': 0, 'Sluice': 0, 'Dyke': 0, 'Storm water drain': 0, 'Emergency': 0, 'Immediate': 0, 'IM': 0, 'AE': 0, 'A E': 0, 'AAPDA MITRA': 0, 'Bridge': 0, 'River': 0, 'Drain': 2, 'Restoration': 0, 'Protection': 0, 'irr': 0, 'irrigation': 0, 'dam': 0, 'Nallah': 0, 'nala': 0, 'Retrofitting': 0, 'Pond': 0, 'Pokhari': 0, 'D/C': 0, 'Recharge shaft': 0, 'LFB': 0, 'RFB': 0}","{'Floodlight': 0, 'Flood Light': 0, 'GAS': 0, 'FIFA': 0, 'pipe': 0, 'pipes': 0, 'covid': 0, 'supply': 0, 'Beautification': 0, 'Installation': 0}",,,False,True,Immediate Measures
104251,ID BANMANKHI NIT NO 04/2025-26,Detail Estimate for Construction of SLR Bridge at R.D. -30 of Bishanpur Sub-Distributary Under Irr. Sub Division Dhamdaha,Detail Estimate for Construction of SLR Bridge at R.D. -30 of Bishanpur Sub-Distributary Under Irr. Sub Division Dhamdaha,5578112.0,INR,INR,2025-07-01 11:31:36+00:00,2025-07-01T09:45:34.550000+00:00,2025-08-23T11:38:15+00:00,PRAKASH KUMAR,EE,WRD,EE BANMANKHI,Mr SACHIN KUMAR (SUPERINTENDENT ENGINEER),"SE, IC, PURNIA",WRD,111600.0,10000.0,590.0,True,"{'Flood': 0, 'Embankment': 0, 'embkt': 0, 'Relief': 0, 'Erosion': 0, 'SDRF': 0, 'Inundation': 0, 'Hydrology': 0, 'Silt': 0, 'Siltation': 0, 'Bund': 0, 'Trench': 0, 'Breach': 0, 'Culvert': 0, 'Sluice': 0, 'Dyke': 0, 'Storm water drain': 0, 'Emergency': 0, 'Immediate': 0, 'IM': 0, 'AE': 0, 'A E': 0, 'AAPDA MITRA': 0, 'Bridge': 2, 'River': 0, 'Drain': 0, 'Restoration': 0, 'Protection': 0, 'irr': 2, 'irrigation': 0, 'dam': 0, 'Nallah': 0, 'nala': 0, 'Retrofitting': 0, 'Pond': 0, 'Pokhari': 0, 'D/C': 0, 'Recharge shaft': 0, 'LFB': 0, 'RFB': 0}","{'Floodlight': 0, 'Flood Light': 0, 'GAS': 0, 'FIFA': 0, 'pipe': 0, 'pipes': 0, 'covid': 0, 'supply': 0, 'Beautification': 0, 'Installation': 0}",,,False,True,Immediate Measures
104285,NIT-01/2025/26-GR-04,"Construction of Road &  Nala  at ward no.-2  From  Bablu tanti  House  to Mukesh Ram  NP- Haveli Kharagpur,  Dist-Munger.","Construction of Road &  Nala  at ward no.-2  From  Bablu tanti  House  to Mukesh Ram  NP- Haveli Kharagpur,  Dist-Munger.",561771.0,INR,INR,2025-07-02 09:47:25+00:00,2025-07-02T09:15:20.142000+00:00,2025-10-06T12:50:57+00:00,VISHAL MOHAN,EXECUTIVE OFFICER,NAGAR PARISHAD HAVELI KHARAGPUR,OFFICE NAGAR PARISHAD HAVELI KHARAGPUR,VISHAL MOHAN,EXECUTIVE OFFICER,NAGAR PARISHAD HAVELI KHARAGPUR,11300.0,1250.0,590.0,True,"{'Flood': 0, 'Embankment': 0, 'embkt': 0, 'Relief': 0, 'Erosion': 0, 'SDRF': 0, 'Inundation': 0, 'Hydrology': 0, 'Silt': 0, 'Siltation': 0, 'Bund': 0, 'Trench': 0, 'Breach': 0, 'Culvert': 0, 'Sluice': 0, 'Dyke': 0, 'Storm water drain': 0, 'Emergency': 0, 'Immediate': 0, 'IM': 0, 'AE': 0, 'A E': 0, 'AAPDA MITRA': 0, 'Bridge': 0, 'River': 0, 'Drain': 0, 'Restoration': 0, 'Protection': 0, 'irr': 0, 'irrigation': 0, 'dam': 0, 'Nallah': 0, 'nala': 2, 'Retrofitting': 0, 'Pond': 0, 'Pokhari': 0, 'D/C': 0, 'Recharge shaft': 0, 'LFB': 0, 'RFB': 0}","{'Floodlight': 0, 'Flood Light': 0, 'GAS': 0, 'FIFA': 0, 'pipe': 0, 'pipes': 0, 'covid': 0, 'supply': 0, 'Beautification': 0, 'Installation': 0}",,,False,True,Immediate Measures
104284,NIT-01/2025/26-GR-03,"Construction of Road &  Nala  at ward no.-2 From Near Main Nahar Kenal to Horil Manjhi house NP- Haveli Kharagpur,  Dist-Munger.","Construction of Road &  Nala  at ward no.-2 From Near Main Nahar Kenal to Horil Manjhi house NP- Haveli Kharagpur,  Dist-Munger.",3835160.0,INR,INR,2025-07-02 09:41:25+00:00,2025-07-02T09:15:08.584000+00:00,2025-09-20T08:00:57+00:00,VISHAL MOHAN,EXECUTIVE OFFICER,NAGAR PARISHAD HAVELI KHARAGPUR,OFFICE NAGAR PARISHAD HAVELI KHARAGPUR,VISHAL MOHAN,EXECUTIVE OFFICER,NAGAR PARISHAD HAVELI KHARAGPUR,77000.0,5000.0,590.0,True,"{'Flood': 0, 'Embankment': 0, 'embkt': 0, 'Relief': 0, 'Erosion': 0, 'SDRF': 0, 'Inundation': 0, 'Hydrology': 0, 'Silt': 0, 'Siltation': 0, 'Bund': 0, 'Trench': 0, 'Breach': 0, 'Culvert': 0, 'Sluice': 0, 'Dyke': 0, 'Storm water drain': 0, 'Emergency': 0, 'Immediate': 0, 'IM': 0, 'AE': 0, 'A E': 0, 'AAPDA MITRA': 0, 'Bridge': 0, 'River': 0, 'Drain': 0, 'Restoration': 0, 'Protection': 0, 'irr': 0, 'irrigation': 0, 'dam': 0, 'Nallah': 0, 'nala': 2, 'Retrofitting': 0, 'Pond': 0, 'Pokhari': 0, 'D/C': 0, 'Recharge shaft': 0, 'LFB': 0, 'RFB': 0}","{'Floodlight': 0, 'Flood Light': 0, 'GAS': 0, 'FIFA': 0, 'pipe': 0, 'pipes': 0, 'covid': 0, 'supply': 0, 'Beautification': 0, 'Installation': 0}",,,False,True,Immediate Measures
104287,NIT-01/2025/26-GR-06,"Construction of Road &  Nala  at ward no.-3 From  Aasma Bharti House To Vinay Thakur  House NP- Haveli Kharagpur,  Dist-Munger.","Construction of Road &  Nala  at ward no.-3 From  Aasma Bharti House To Vinay Thakur  House NP- Haveli Kharagpur,  Dist-Munger.",1853434.0,INR,INR,2025-07-02 09:59:03+00:00,2025-07-02T09:15:38.739000+00:00,2025-11-20T11:14:51+00:00,VISHAL MOHAN,EXECUTIVE OFFICER,NAGAR PARISHAD HAVELI KHARAGPUR,OFFICE NAGAR PARISHAD HAVELI KHARAGPUR,VISHAL MOHAN,EXECUTIVE OFFICER,NAGAR PARISHAD HAVELI KHARAGPUR,37100.0,5000.0,590.0,True,"{'Flood': 0, 'Embankment': 0, 'embkt': 0, 'Relief': 0, 'Erosion': 0, 'SDRF': 0, 'Inundation': 0, 'Hydrology': 0, 'Silt': 0, 'Siltation': 0, 'Bund': 0, 'Trench': 0, 'Breach': 0, 'Culvert': 0, 'Sluice': 0, 'Dyke': 0, 'Storm water drain': 0, 'Emergency': 0, 'Immediate': 0, 'IM': 0, 'AE': 0, 'A E': 0, 'AAPDA MITRA': 0, 'Bridge': 0, 'River': 0, 'Drain': 0, 'Restoration': 0, 'Protection': 0, 'irr': 0, 'irrigation': 0, 'dam': 0, 'Nallah': 0, 'nala': 2, 'Retrofitting': 0, 'Pond': 0, 'Pokhari': 0, 'D/C': 0, 'Recharge shaft': 0, 'LFB': 0, 'RFB': 0}","{'Floodlight': 0, 'Flood Light': 0, 'GAS': 0, 'FIFA': 0, 'pipe': 0, 'pipes': 0, 'covid': 0, 'supply': 0, 'Beautification': 0, 'Installation': 0}",,,False,True,Immediate Measures
104286,NIT-01/2025/26-GR-05,"Construction of Road &  Nala  at ward no.-3 From Main Road  Dargh to Bandna  Kumari  House NP- Haveli Kharagpur,  Dist-Munger.","Construction of Road &  Nala  at ward no.-3 From Main Road  Dargh to Bandna  Kumari  House NP- Haveli Kharagpur,  Dist-Munger.",849238.0,INR,INR,2025-07-02 09:53:22+00:00,2025-07-02T09:15:27.775000+00:00,2025-11-20T10:58:41+00:00,VISHAL MOHAN,EXECUTIVE OFFICER,NAGAR PARISHAD HAVELI KHARAGPUR,OFFICE NAGAR PARISHAD HAVELI KHARAGPUR,VISHAL MOHAN,EXECUTIVE OFFICER,NAGAR PARISHAD HAVELI KHARAGPUR,17000.0,1250.0,590.0,True,"{'Flood': 0, 'Embankment': 0, 'embkt': 0, 'Relief': 0, 'Erosion': 0, 'SDRF': 0, 'Inundation': 0, 'Hydrology': 0, 'Silt': 0, 'Siltation': 0, 'Bund': 0, 'Trench': 0, 'Breach': 0, 'Culvert': 0, 'Sluice': 0, 'Dyke': 0, 'Storm water drain': 0, 'Emergency': 0, 'Immediate': 0, 'IM': 0, 'AE': 0, 'A E': 0, 'AAPDA MITRA': 0, 'Bridge': 0, 'River': 0, 'Drain': 0, 'Restoration': 0, 'Protection': 0, 'irr': 0, 'irrigation': 0, 'dam': 0, 'Nallah': 0, 'nala': 2, 'Retrofitting': 0, 'Pond': 0, 'Pokhari': 0, 'D/C': 0, 'Recharge shaft': 0, 'LFB': 0, 'RFB': 0}","{'Floodlight': 0, 'Flood Light': 0, 'GAS': 0, 'FIFA': 0, 'pipe': 0, 'pipes': 0, 'covid': 0, 'supply': 0, 'Beautification': 0, 'Installation': 0}",,,False,True,Immediate Measures
104288,NIT-01/2025/26-GR-07,"Construction of Road &  Nala  at ward no.-4 From  Ranjit Mandal House to Bisho mandal  House NP- Haveli Kharagpur,  Dist-Munger.","Construction of Road &  Nala  at ward no.-4 From  Ranjit Mandal House to Bisho mandal  House NP- Haveli Kharagpur,  Dist-Munger.",1068923.0,INR,INR,2025-07-02 10:09:48+00:00,2025-07-02T09:15:46.466000+00:00,2025-07-11T14:00:00+00:00,VISHAL MOHAN,EXECUTIVE OFFICER,NAGAR PARISHAD HAVELI KHARAGPUR,OFFICE NAGAR PARISHAD HAVELI KHARAGPUR,VISHAL MOHAN,EXECUTIVE OFFICER,NAGAR PARISHAD HAVELI KHARAGPUR,21500.0,2500.0,590.0,True,"{'Flood': 0, 'Embankment': 0, 'embkt': 0, 'Relief': 0, 'Erosion': 0, 'SDRF': 0, 'Inundation': 0, 'Hydrology': 0, 'Silt': 0, 'Siltation': 0, 'Bund': 0, 'Trench': 0, 'Breach': 0, 'Culvert': 0, 'Sluice': 0, 'Dyke': 0, 'Storm water drain': 0, 'Emergency': 0, 'Immediate': 0, 'IM': 0, 'AE': 0, 'A E': 0, 'AAPDA MITRA': 0, 'Bridge': 0, 'River': 0, 'Drain': 0, 'Restoration': 0, 'Protection': 0, 'irr': 0, 'irrigation': 0, 'dam': 0, 'Nallah': 0, 'nala': 2, 'Retrofitting': 0, 'Pond': 0, 'Pokhari': 0, 'D/C': 0, 'Recharge shaft': 0, 'LFB': 0, 'RFB': 0}","{'Floodlight': 0, 'Flood Light': 0, 'GAS': 0, 'FIFA': 0, 'pipe': 0, 'pipes': 0, 'covid': 0, 'supply': 0, 'Beautification': 0, 'Installation': 0}",,,False,True,Immediate Measures
104282,NIT-01/2025/26-GR-01,"Details Estimate for Construction of  Nala Ward-1 Near ramchandr Das House to Vinay Das House ,  NP- Haveli Kharagpur,  Dist-Munger.","Details Estimate for Construction of  Nala Ward-1 Near ramchandr Das House to Vinay Das House ,  NP- Haveli Kharagpur,  Dist-Munger.",1140407.0,INR,INR,2025-07-02 09:14:29+00:00,2025-07-02T08:03:19.872000+00:00,2025-07-11T12:46:37+00:00,VISHAL MOHAN,EXECUTIVE OFFICER,NAGAR PARISHAD HAVELI KHARAGPUR,OFFICE NAGAR PARISHAD HAVELI KHARAGPUR,VISHAL MOHAN,EXECUTIVE OFFICER,NAGAR PARISHAD HAVELI KHARAGPUR,23000.0,2500.0,590.0,True,"{'Flood': 0, 'Embankment': 0, 'embkt': 0, 'Relief': 0, 'Erosion': 0, 'SDRF': 0, 'Inundation': 0, 'Hydrology': 0, 'Silt': 0, 'Siltation': 0, 'Bund': 0, 'Trench': 0, 'Breach': 0, 'Culvert': 0, 'Sluice': 0, 'Dyke': 0, 'Storm water drain': 0, 'Emergency': 0, 'Immediate': 0, 'IM': 0, 'AE': 0, 'A E': 0, 'AAPDA MITRA': 0, 'Bridge': 0, 'River': 0, 'Drain': 0, 'Restoration': 0, 'Protection': 0, 'irr': 0, 'irrigation': 0, 'dam': 0, 'Nallah': 0, 'nala': 2, 'Retrofitting': 0, 'Pond': 0, 'Pokhari': 0, 'D/C': 0, 'Recharge shaft': 0, 'LFB': 0, 'RFB': 0}","{'Floodlight': 0, 'Flood Light': 0, 'GAS': 0, 'FIFA': 0, 'pipe': 0, 'pipes': 0, 'covid': 0, 'supply': 0, 'Beautification': 0, 'Installation': 0}",,,False,False,Immediate Measures
104283,NIT-01/2025/26-GR-02,"Construction of  Nala Ward- 1  Near Ganesh Das house  to Ashok Das House NP- Haveli Kharagpur,  Dist-Munger.","Construction of  Nala Ward- 1  Near Ganesh Das house  to Ashok Das House NP- Haveli Kharagpur,  Dist-Munger.",1470362.0,INR,INR,2025-07-02 09:35:14+00:00,2025-07-02T09:14:47.920000+00:00,2025-07-11T13:02:46+00:00,VISHAL MOHAN,EXECUTIVE OFFICER,NAGAR PARISHAD HAVELI KHARAGPUR,OFFICE NAGAR PARISHAD HAVELI KHARAGPUR,VISHAL MOHAN,EXECUTIVE OFFICER,NAGAR PARISHAD HAVELI KHARAGPUR,29500.0,2500.0,590.0,True,"{'Flood': 0, 'Embankment': 0, 'embkt': 0, 'Relief': 0, 'Erosion': 0, 'SDRF': 0, 'Inundation': 0, 'Hydrology': 0, 'Silt': 0, 'Siltation': 0, 'Bund': 0, 'Trench': 0, 'Breach': 0, 'Culvert': 0, 'Sluice': 0, 'Dyke': 0, 'Storm water drain': 0, 'Emergency': 0, 'Immediate': 0, 'IM': 0, 'AE': 0, 'A E': 0, 'AAPDA MITRA': 0, 'Bridge': 0, 'River': 0, 'Drain': 0, 'Restoration': 0, 'Protection': 0, 'irr': 0, 'irrigation': 0, 'dam': 0, 'Nallah': 0, 'nala': 2, 'Retrofitting': 0, 'Pond': 0, 'Pokhari': 0, 'D/C': 0, 'Recharge shaft': 0, 'LFB': 0, 'RFB': 0}","{'Floodlight': 0, 'Flood Light': 0, 'GAS': 0, 'FIFA': 0, 'pipe': 0, 'pipes': 0, 'covid': 0, 'supply': 0, 'Beautification': 0, 'Installation': 0}",,,False,False,Immediate Measures
104289,NIT-01/2025/26-GR-08,"Construction of  Nala Ward-5 Near Guyiha Pokhar to Pustkalay  NP- Haveli Kharagpur,  Dist-Munger.","Construction of  Nala Ward-5 Near Guyiha Pokhar to Pustkalay  NP- Haveli Kharagpur,  Dist-Munger.",1655447.0,INR,INR,2025-07-02 11:45:28+00:00,2025-07-02T09:15:55.849000+00:00,2025-11-20T11:06:06+00:00,VISHAL MOHAN,EXECUTIVE OFFICER,NAGAR PARISHAD HAVELI KHARAGPUR,OFFICE NAGAR PARISHAD HAVELI KHARAGPUR,VISHAL MOHAN,EXECUTIVE OFFICER,NAGAR PARISHAD HAVELI KHARAGPUR,33200.0,5000.0,590.0,True,"{'Flood': 0, 'Embankment': 0, 'embkt': 0, 'Relief': 0, 'Erosion': 0, 'SDRF': 0, 'Inundation': 0, 'Hydrology': 0, 'Silt': 0, 'Siltation': 0, 'Bund': 0, 'Trench': 0, 'Breach': 0, 'Culvert': 0, 'Sluice': 0, 'Dyke': 0, 'Storm water drain': 0, 'Emergency': 0, 'Immediate': 0, 'IM': 0, 'AE': 0, 'A E': 0, 'AAPDA MITRA': 0, 'Bridge': 0, 'River': 0, 'Drain': 0, 'Restoration': 0, 'Protection': 0, 'irr': 0, 'irrigation': 0, 'dam': 0, 'Nallah': 0, 'nala': 2, 'Retrofitting': 0, 'Pond': 0, 'Pokhari': 0, 'D/C': 0, 'Recharge shaft': 0, 'LFB': 0, 'RFB': 0}","{'Floodlight': 0, 'Flood Light': 0, 'GAS': 0, 'FIFA': 0, 'pipe': 0, 'pipes': 0, 'covid': 0, 'supply': 0, 'Beautification': 0, 'Installation': 0}",,,False,False,Immediate Measures
104290,NIT-01/2025/26-GR-09,"Construction of  Nala  at ward no. - 5 Shankar Mandal House  to Mani Nadi , NP- Haveli Kharagpur,  Dist-Munger.","Construction of  Nala  at ward no. - 5 Shankar Mandal House  to Mani Nadi , NP- Haveli Kharagpur,  Dist-Munger.",3064047.0,INR,INR,2025-07-02 11:50:24+00:00,2025-07-02T09:16:05.341000+00:00,2025-11-13T10:23:39+00:00,VISHAL MOHAN,EXECUTIVE OFFICER,NAGAR PARISHAD HAVELI KHARAGPUR,OFFICE NAGAR PARISHAD HAVELI KHARAGPUR,VISHAL MOHAN,EXECUTIVE OFFICER,NAGAR PARISHAD HAVELI KHARAGPUR,61500.0,5000.0,590.0,True,"{'Flood': 0, 'Embankment': 0, 'embkt': 0, 'Relief': 0, 'Erosion': 0, 'SDRF': 0, 'Inundation': 0, 'Hydrology': 0, 'Silt': 0, 'Siltation': 0, 'Bund': 0, 'Trench': 0, 'Breach': 0, 'Culvert': 0, 'Sluice': 0, 'Dyke': 0, 'Storm water drain': 0, 'Emergency': 0, 'Immediate': 0, 'IM': 0, 'AE': 0, 'A E': 0, 'AAPDA MITRA': 0, 'Bridge': 0, 'River': 0, 'Drain': 0, 'Restoration': 0, 'Protection': 0, 'irr': 0, 'irrigation': 0, 'dam': 0, 'Nallah': 0, 'nala': 2, 'Retrofitting': 0, 'Pond': 0, 'Pokhari': 0, 'D/C': 0, 'Recharge shaft': 0, 'LFB': 0, 'RFB': 0}","{'Floodlight': 0, 'Flood Light': 0, 'GAS': 0, 'FIFA': 0, 'pipe': 0, 'pipes': 0, 'covid': 0, 'supply': 0, 'Beautification': 0, 'Installation': 0}",,,False,False,Immediate Measures
104297,NIT-01/2025/26-GR-16,"Construction of  Nala Ward-8 Near Papu Sah House  to Ganesh Yadav House  NP- Haveli Kharagpur,  Dist-Munger.","Construction of  Nala Ward-8 Near Papu Sah House  to Ganesh Yadav House  NP- Haveli Kharagpur,  Dist-Munger.",1171523.0,INR,INR,2025-07-02 12:28:21+00:00,2025-07-02T09:17:03.771000+00:00,2025-07-12T11:20:10+00:00,VISHAL MOHAN,EXECUTIVE OFFICER,NAGAR PARISHAD HAVELI KHARAGPUR,OFFICE NAGAR PARISHAD HAVELI KHARAGPUR,VISHAL MOHAN,EXECUTIVE OFFICER,NAGAR PARISHAD HAVELI KHARAGPUR,23500.0,2500.0,590.0,True,"{'Flood': 0, 'Embankment': 0, 'embkt': 0, 'Relief': 0, 'Erosion': 0, 'SDRF': 0, 'Inundation': 0, 'Hydrology': 0, 'Silt': 0, 'Siltation': 0, 'Bund': 0, 'Trench': 0, 'Breach': 0, 'Culvert': 0, 'Sluice': 0, 'Dyke': 0, 'Storm water drain': 0, 'Emergency': 0, 'Immediate': 0, 'IM': 0, 'AE': 0, 'A E': 0, 'AAPDA MITRA': 0, 'Bridge': 0, 'River': 0, 'Drain': 0, 'Restoration': 0, 'Protection': 0, 'irr': 0, 'irrigation': 0, 'dam': 0, 'Nallah': 0, 'nala': 2, 'Retrofitting': 0, 'Pond': 0, 'Pokhari': 0, 'D/C': 0, 'Recharge shaft': 0, 'LFB': 0, 'RFB': 0}","{'Floodlight': 0, 'Flood Light': 0, 'GAS': 0, 'FIFA': 0, 'pipe': 0, 'pipes': 0, 'covid': 0, 'supply': 0, 'Beautification': 0, 'Installation': 0}",,,False,False,Immediate Measures
104292,NIT-01/2025/26-GR-11,"Construction of Road &  Nala  at ward no.-6  From  Suresh Sah House To Shiv Nadan Sah House NP- Haveli Kharagpur,  Dist-Munger.","Construction of Road &  Nala  at ward no.-6  From  Suresh Sah House To Shiv Nadan Sah House NP- Haveli Kharagpur,  Dist-Munger.",654669.0,INR,INR,2025-07-02 12:01:20+00:00,2025-07-02T09:16:21.760000+00:00,2025-11-12T10:14:43+00:00,VISHAL MOHAN,EXECUTIVE OFFICER,NAGAR PARISHAD HAVELI KHARAGPUR,OFFICE NAGAR PARISHAD HAVELI KHARAGPUR,VISHAL MOHAN,EXECUTIVE OFFICER,NAGAR PARISHAD HAVELI KHARAGPUR,13100.0,1250.0,590.0,True,"{'Flood': 0, 'Embankment': 0, 'embkt': 0, 'Relief': 0, 'Erosion': 0, 'SDRF': 0, 'Inundation': 0, 'Hydrology': 0, 'Silt': 0, 'Siltation': 0, 'Bund': 0, 'Trench': 0, 'Breach': 0, 'Culvert': 0, 'Sluice': 0, 'Dyke': 0, 'Storm water drain': 0, 'Emergency': 0, 'Immediate': 0, 'IM': 0, 'AE': 0, 'A E': 0, 'AAPDA MITRA': 0, 'Bridge': 0, 'River': 0, 'Drain': 0, 'Restoration': 0, 'Protection': 0, 'irr': 0, 'irrigation': 0, 'dam': 0, 'Nallah': 0, 'nala': 2, 'Retrofitting': 0, 'Pond': 0, 'Pokhari': 0, 'D/C': 0, 'Recharge shaft': 0, 'LFB': 0, 'RFB': 0}","{'Floodlight': 0, 'Flood Light': 0, 'GAS': 0, 'FIFA': 0, 'pipe': 0, 'pipes': 0, 'covid': 0, 'supply': 0, 'Beautification': 0, 'Installation': 0}",,,False,True,Immediate Measures
104296,NIT-01/2025/26-GR-15,"Construction of Road &  Drain at ward no.-8  From Mahendra singh  House to Sunil Mandal House NP- Haveli Kharagpur,  Dist-Munger.","Construction of Road &  Drain at ward no.-8  From Mahendra singh  House to Sunil Mandal House NP- Haveli Kharagpur,  Dist-Munger.",2475063.0,INR,INR,2025-07-02 12:22:27+00:00,2025-07-02T09:16:55.794000+00:00,2025-07-12T11:16:06+00:00,VISHAL MOHAN,EXECUTIVE OFFICER,NAGAR PARISHAD HAVELI KHARAGPUR,OFFICE NAGAR PARISHAD HAVELI KHARAGPUR,VISHAL MOHAN,EXECUTIVE OFFICER,NAGAR PARISHAD HAVELI KHARAGPUR,49600.0,5000.0,590.0,True,"{'Flood': 0, 'Embankment': 0, 'embkt': 0, 'Relief': 0, 'Erosion': 0, 'SDRF': 0, 'Inundation': 0, 'Hydrology': 0, 'Silt': 0, 'Siltation': 0, 'Bund': 0, 'Trench': 0, 'Breach': 0, 'Culvert': 0, 'Sluice': 0, 'Dyke': 0, 'Storm water drain': 0, 'Emergency': 0, 'Immediate': 0, 'IM': 0, 'AE': 0, 'A E': 0, 'AAPDA MITRA': 0, 'Bridge': 0, 'River': 0, 'Drain': 2, 'Restoration': 0, 'Protection': 0, 'irr': 0, 'irrigation': 0, 'dam': 0, 'Nallah': 0, 'nala': 0, 'Retrofitting': 0, 'Pond': 0, 'Pokhari': 0, 'D/C': 0, 'Recharge shaft': 0, 'LFB': 0, 'RFB': 0}","{'Floodlight': 0, 'Flood Light': 0, 'GAS': 0, 'FIFA': 0, 'pipe': 0, 'pipes': 0, 'covid': 0, 'supply': 0, 'Beautification': 0, 'Installation': 0}",,,False,True,Immediate Measures
104299,NIT-01/2025/26-GR-18,"Construction of Road &  Nala  at ward no.-10 From Birju Dr.  House  to Jnardhan House & Pardeep Mithai House to Gurudwara Gali  NP- Haveli Kharagpur,  Dist-Munger.","Construction of Road &  Nala  at ward no.-10 From Birju Dr.  House  to Jnardhan House & Pardeep Mithai House to Gurudwara Gali  NP- Haveli Kharagpur,  Dist-Munger.",3438417.0,INR,INR,2025-07-02 12:38:33+00:00,2025-07-02T09:17:43.836000+00:00,2025-10-06T12:45:04+00:00,VISHAL MOHAN,EXECUTIVE OFFICER,NAGAR PARISHAD HAVELI KHARAGPUR,OFFICE NAGAR PARISHAD HAVELI KHARAGPUR,VISHAL MOHAN,EXECUTIVE OFFICER,NAGAR PARISHAD HAVELI KHARAGPUR,68800.0,5000.0,590.0,True,"{'Flood': 0, 'Embankment': 0, 'embkt': 0, 'Relief': 0, 'Erosion': 0, 'SDRF': 0, 'Inundation': 0, 'Hydrology': 0, 'Silt': 0, 'Siltation': 0, 'Bund': 0, 'Trench': 0, 'Breach': 0, 'Culvert': 0, 'Sluice': 0, 'Dyke': 0, 'Storm water drain': 0, 'Emergency': 0, 'Immediate': 0, 'IM': 0, 'AE': 0, 'A E': 0, 'AAPDA MITRA': 0, 'Bridge': 0, 'River': 0, 'Drain': 0, 'Restoration': 0, 'Protection': 0, 'irr': 0, 'irrigation': 0, 'dam': 0, 'Nallah': 0, 'nala': 2, 'Retrofitting': 0, 'Pond': 0, 'Pokhari': 0, 'D/C': 0, 'Recharge shaft': 0, 'LFB': 0, 'RFB': 0}","{'Floodlight': 0, 'Flood Light': 0, 'GAS': 0, 'FIFA': 0, 'pipe': 0, 'pipes': 0, 'covid': 0, 'supply': 0, 'Beautification': 0, 'Installation': 0}",,,False,True,Immediate Measures
104300,NIT-01/2025/26-GR-19,"Construction of Road &  Nala  at ward no.-11 From  Akhater House To Main PCC Road NP- Haveli Kharagpur,  Dist-Munger.","Construction of Road &  Nala  at ward no.-11 From  Akhater House To Main PCC Road NP- Haveli Kharagpur,  Dist-Munger.",1650295.0,INR,INR,2025-07-02 12:42:32+00:00,2025-07-02T09:17:50.657000+00:00,2025-07-12T11:42:43+00:00,VISHAL MOHAN,EXECUTIVE OFFICER,NAGAR PARISHAD HAVELI KHARAGPUR,OFFICE NAGAR PARISHAD HAVELI KHARAGPUR,VISHAL MOHAN,EXECUTIVE OFFICER,NAGAR PARISHAD HAVELI KHARAGPUR,33500.0,5000.0,590.0,True,"{'Flood': 0, 'Embankment': 0, 'embkt': 0, 'Relief': 0, 'Erosion': 0, 'SDRF': 0, 'Inundation': 0, 'Hydrology': 0, 'Silt': 0, 'Siltation': 0, 'Bund': 0, 'Trench': 0, 'Breach': 0, 'Culvert': 0, 'Sluice': 0, 'Dyke': 0, 'Storm water drain': 0, 'Emergency': 0, 'Immediate': 0, 'IM': 0, 'AE': 0, 'A E': 0, 'AAPDA MITRA': 0, 'Bridge': 0, 'River': 0, 'Drain': 0, 'Restoration': 0, 'Protection': 0, 'irr': 0, 'irrigation': 0, 'dam': 0, 'Nallah': 0, 'nala': 2, 'Retrofitting': 0, 'Pond': 0, 'Pokhari': 0, 'D/C': 0, 'Recharge shaft': 0, 'LFB': 0, 'RFB': 0}","{'Floodlight': 0, 'Flood Light': 0, 'GAS': 0, 'FIFA': 0, 'pipe': 0, 'pipes': 0, 'covid': 0, 'supply': 0, 'Beautification': 0, 'Installation': 0}",,,False,True,Immediate Measures
104303,NIT-01/2025/26-GR-22,"Construction of  Nala Ward-14 Near Mukesh Singh House  to Main Road Nala  NP- Haveli Kharagpur,  Dist-Munger.","Construction of  Nala Ward-14 Near Mukesh Singh House  to Main Road Nala  NP- Haveli Kharagpur,  Dist-Munger.",544957.0,INR,INR,2025-07-02 13:02:05+00:00,2025-07-02T09:18:14.019000+00:00,2025-07-12T11:55:11+00:00,VISHAL MOHAN,EXECUTIVE OFFICER,NAGAR PARISHAD HAVELI KHARAGPUR,OFFICE NAGAR PARISHAD HAVELI KHARAGPUR,VISHAL MOHAN,EXECUTIVE OFFICER,NAGAR PARISHAD HAVELI KHARAGPUR,11000.0,1250.0,590.0,True,"{'Flood': 0, 'Embankment': 0, 'embkt': 0, 'Relief': 0, 'Erosion': 0, 'SDRF': 0, 'Inundation': 0, 'Hydrology': 0, 'Silt': 0, 'Siltation': 0, 'Bund': 0, 'Trench': 0, 'Breach': 0, 'Culvert': 0, 'Sluice': 0, 'Dyke': 0, 'Storm water drain': 0, 'Emergency': 0, 'Immediate': 0, 'IM': 0, 'AE': 0, 'A E': 0, 'AAPDA MITRA': 0, 'Bridge': 0, 'River': 0, 'Drain': 0, 'Restoration': 0, 'Protection': 0, 'irr': 0, 'irrigation': 0, 'dam': 0, 'Nallah': 0, 'nala': 4, 'Retrofitting': 0, 'Pond': 0, 'Pokhari': 0, 'D/C': 0, 'Recharge shaft': 0, 'LFB': 0, 'RFB': 0}","{'Floodlight': 0, 'Flood Light': 0, 'GAS': 0, 'FIFA': 0, 'pipe': 0, 'pipes': 0, 'covid': 0, 'supply': 0, 'Beautification': 0, 'Installation': 0}",,,False,True,Immediate Measures
104291,NIT-01/2025/26-GR-10,"Construction of  Nala Ward-6 Near Sanjay sah shop to seth sah mill  NP- Haveli Kharagpur,  Dist-Munger.","Construction of  Nala Ward-6 Near Sanjay sah shop to seth sah mill  NP- Haveli Kharagpur,  Dist-Munger.",2183861.0,INR,INR,2025-07-02 11:55:58+00:00,2025-07-02T09:16:13.225000+00:00,2025-11-13T10:11:48+00:00,VISHAL MOHAN,EXECUTIVE OFFICER,NAGAR PARISHAD HAVELI KHARAGPUR,OFFICE NAGAR PARISHAD HAVELI KHARAGPUR,VISHAL MOHAN,EXECUTIVE OFFICER,NAGAR PARISHAD HAVELI KHARAGPUR,43700.0,5000.0,590.0,True,"{'Flood': 0, 'Embankment': 0, 'embkt': 0, 'Relief': 0, 'Erosion': 0, 'SDRF': 0, 'Inundation': 0, 'Hydrology': 0, 'Silt': 0, 'Siltation': 0, 'Bund': 0, 'Trench': 0, 'Breach': 0, 'Culvert': 0, 'Sluice': 0, 'Dyke': 0, 'Storm water drain': 0, 'Emergency': 0, 'Immediate': 0, 'IM': 0, 'AE': 0, 'A E': 0, 'AAPDA MITRA': 0, 'Bridge': 0, 'River': 0, 'Drain': 0, 'Restoration': 0, 'Protection': 0, 'irr': 0, 'irrigation': 0, 'dam': 0, 'Nallah': 0, 'nala': 2, 'Retrofitting': 0, 'Pond': 0, 'Pokhari': 0, 'D/C': 0, 'Recharge shaft': 0, 'LFB': 0, 'RFB': 0}","{'Floodlight': 0, 'Flood Light': 0, 'GAS': 0, 'FIFA': 0, 'pipe': 0, 'pipes': 0, 'covid': 0, 'supply': 0, 'Beautification': 0, 'Installation': 0}",,,False,False,Immediate Measures
104304,NIT-01/2025/26-GR-23,"Construction of  Nala Ward-14 Near Ashok Yadav House  to Mata Asthan  NP- Haveli Kharagpur,  Dist-Munger.","Construction of  Nala Ward-14 Near Ashok Yadav House  to Mata Asthan  NP- Haveli Kharagpur,  Dist-Munger.",2591822.0,INR,INR,2025-07-02 13:06:39+00:00,2025-07-02T09:18:21.439000+00:00,2025-10-06T12:35:18+00:00,VISHAL MOHAN,EXECUTIVE OFFICER,NAGAR PARISHAD HAVELI KHARAGPUR,OFFICE NAGAR PARISHAD HAVELI KHARAGPUR,VISHAL MOHAN,EXECUTIVE OFFICER,NAGAR PARISHAD HAVELI KHARAGPUR,51900.0,5000.0,590.0,True,"{'Flood': 0, 'Embankment': 0, 'embkt': 0, 'Relief': 0, 'Erosion': 0, 'SDRF': 0, 'Inundation': 0, 'Hydrology': 0, 'Silt': 0, 'Siltation': 0, 'Bund': 0, 'Trench': 0, 'Breach': 0, 'Culvert': 0, 'Sluice': 0, 'Dyke': 0, 'Storm water drain': 0, 'Emergency': 0, 'Immediate': 0, 'IM': 0, 'AE': 0, 'A E': 0, 'AAPDA MITRA': 0, 'Bridge': 0, 'River': 0, 'Drain': 0, 'Restoration': 0, 'Protection': 0, 'irr': 0, 'irrigation': 0, 'dam': 0, 'Nallah': 0, 'nala': 2, 'Retrofitting': 0, 'Pond': 0, 'Pokhari': 0, 'D/C': 0, 'Recharge shaft': 0, 'LFB': 0, 'RFB': 0}","{'Floodlight': 0, 'Flood Light': 0, 'GAS': 0, 'FIFA': 0, 'pipe': 0, 'pipes': 0, 'covid': 0, 'supply': 0, 'Beautification': 0, 'Installation': 0}",,,False,False,Immediate Measures
104294,NIT-01/2025/26-GR-13,"Construction of  Nala Ward- 7 Near Sanjiv Kumar Singh House to Parmod Singh Bagicha  NP- Haveli Kharagpur,  Dist-Munger.","Construction of  Nala Ward- 7 Near Sanjiv Kumar Singh House to Parmod Singh Bagicha  NP- Haveli Kharagpur,  Dist-Munger.",2087832.0,INR,INR,2025-07-02 12:11:27+00:00,2025-07-02T09:16:37.370000+00:00,2025-11-13T10:58:31+00:00,VISHAL MOHAN,EXECUTIVE OFFICER,NAGAR PARISHAD HAVELI KHARAGPUR,OFFICE NAGAR PARISHAD HAVELI KHARAGPUR,VISHAL MOHAN,EXECUTIVE OFFICER,NAGAR PARISHAD HAVELI KHARAGPUR,41800.0,5000.0,590.0,True,"{'Flood': 0, 'Embankment': 0, 'embkt': 0, 'Relief': 0, 'Erosion': 0, 'SDRF': 0, 'Inundation': 0, 'Hydrology': 0, 'Silt': 0, 'Siltation': 0, 'Bund': 0, 'Trench': 0, 'Breach': 0, 'Culvert': 0, 'Sluice': 0, 'Dyke': 0, 'Storm water drain': 0, 'Emergency': 0, 'Immediate': 0, 'IM': 0, 'AE': 0, 'A E': 0, 'AAPDA MITRA': 0, 'Bridge': 0, 'River': 0, 'Drain': 0, 'Restoration': 0, 'Protection': 0, 'irr': 0, 'irrigation': 0, 'dam': 0, 'Nallah': 0, 'nala': 2, 'Retrofitting': 0, 'Pond': 0, 'Pokhari': 0, 'D/C': 0, 'Recharge shaft': 0, 'LFB': 0, 'RFB': 0}","{'Floodlight': 0, 'Flood Light': 0, 'GAS': 0, 'FIFA': 0, 'pipe': 0, 'pipes': 0, 'covid': 0, 'supply': 0, 'Beautification': 0, 'Installation': 0}",,,False,False,Immediate Measures
104306,NIT-01/2025/26-GR-25,"Construction of Both Side  Nala  at ward no. -15  Manish Yadav & Sunil Yadav House  to Polo Yadav House , NP- Haveli Kharagpur,  Dist-Munger.","Construction of Both Side  Nala  at ward no. -15  Manish Yadav & Sunil Yadav House  to Polo Yadav House , NP- Haveli Kharagpur,  Dist-Munger.",666660.0,INR,INR,2025-07-02 13:32:24+00:00,2025-07-02T09:18:38.471000+00:00,2025-07-12T12:10:28+00:00,VISHAL MOHAN,EXECUTIVE OFFICER,NAGAR PARISHAD HAVELI KHARAGPUR,OFFICE NAGAR PARISHAD HAVELI KHARAGPUR,VISHAL MOHAN,EXECUTIVE OFFICER,NAGAR PARISHAD HAVELI KHARAGPUR,13333.0,1250.0,590.0,True,"{'Flood': 0, 'Embankment': 0, 'embkt': 0, 'Relief': 0, 'Erosion': 0, 'SDRF': 0, 'Inundation': 0, 'Hydrology': 0, 'Silt': 0, 'Siltation': 0, 'Bund': 0, 'Trench': 0, 'Breach': 0, 'Culvert': 0, 'Sluice': 0, 'Dyke': 0, 'Storm water drain': 0, 'Emergency': 0, 'Immediate': 0, 'IM': 0, 'AE': 0, 'A E': 0, 'AAPDA MITRA': 0, 'Bridge': 0, 'River': 0, 'Drain': 0, 'Restoration': 0, 'Protection': 0, 'irr': 0, 'irrigation': 0, 'dam': 0, 'Nallah': 0, 'nala': 2, 'Retrofitting': 0, 'Pond': 0, 'Pokhari': 0, 'D/C': 0, 'Recharge shaft': 0, 'LFB': 0, 'RFB': 0}","{'Floodlight': 0, 'Flood Light': 0, 'GAS': 0, 'FIFA': 0, 'pipe': 0, 'pipes': 0, 'covid': 0, 'supply': 0, 'Beautification': 0, 'Installation': 0}",,,False,False,Immediate Measures
104298,NIT-01/2025/26-GR-17,"Construction of  Nala Ward-09  Near Behind Of Bateshar sah  House to Prakash Ram House  ,  NP- Haveli Kharagpur,  Dist-Munger.","Construction of  Nala Ward-09  Near Behind Of Bateshar sah  House to Prakash Ram House  ,  NP- Haveli Kharagpur,  Dist-Munger.",3091295.0,INR,INR,2025-07-02 12:32:25+00:00,2025-07-02T09:17:14.329000+00:00,2025-10-06T12:27:10+00:00,VISHAL MOHAN,EXECUTIVE OFFICER,NAGAR PARISHAD HAVELI KHARAGPUR,OFFICE NAGAR PARISHAD HAVELI KHARAGPUR,VISHAL MOHAN,EXECUTIVE OFFICER,NAGAR PARISHAD HAVELI KHARAGPUR,62000.0,5000.0,590.0,True,"{'Flood': 0, 'Embankment': 0, 'embkt': 0, 'Relief': 0, 'Erosion': 0, 'SDRF': 0, 'Inundation': 0, 'Hydrology': 0, 'Silt': 0, 'Siltation': 0, 'Bund': 0, 'Trench': 0, 'Breach': 0, 'Culvert': 0, 'Sluice': 0, 'Dyke': 0, 'Storm water drain': 0, 'Emergency': 0, 'Immediate': 0, 'IM': 0, 'AE': 0, 'A E': 0, 'AAPDA MITRA': 0, 'Bridge': 0, 'River': 0, 'Drain': 0, 'Restoration': 0, 'Protection': 0, 'irr': 0, 'irrigation': 0, 'dam': 0, 'Nallah': 0, 'nala': 2, 'Retrofitting': 0, 'Pond': 0, 'Pokhari': 0, 'D/C': 0, 'Recharge shaft': 0, 'LFB': 0, 'RFB': 0}","{'Floodlight': 0, 'Flood Light': 0, 'GAS': 0, 'FIFA': 0, 'pipe': 0, 'pipes': 0, 'covid': 0, 'supply': 0, 'Beautification': 0, 'Installation': 0}",,,False,False,Immediate Measures
104311,NIT-01/2025/26-GR-30,"Construction of Road &  Nala  at ward no.-17 FromBanarshi sah House  to Sri sachidanand Singh House  NP- Haveli Kharagpur,  Dist-Munger.","Construction of Road &  Nala  at ward no.-17 FromBanarshi sah House  to Sri sachidanand Singh House  NP- Haveli Kharagpur,  Dist-Munger.",762421.0,INR,INR,2025-07-02 14:04:03+00:00,2025-07-02T09:19:21.347000+00:00,2025-11-13T11:12:26+00:00,VISHAL MOHAN,EXECUTIVE OFFICER,NAGAR PARISHAD HAVELI KHARAGPUR,OFFICE NAGAR PARISHAD HAVELI KHARAGPUR,VISHAL MOHAN,EXECUTIVE OFFICER,NAGAR PARISHAD HAVELI KHARAGPUR,15300.0,1250.0,590.0,True,"{'Flood': 0, 'Embankment': 0, 'embkt': 0, 'Relief': 0, 'Erosion': 0, 'SDRF': 0, 'Inundation': 0, 'Hydrology': 0, 'Silt': 0, 'Siltation': 0, 'Bund': 0, 'Trench': 0, 'Breach': 0, 'Culvert': 0, 'Sluice': 0, 'Dyke': 0, 'Storm water drain': 0, 'Emergency': 0, 'Immediate': 0, 'IM': 0, 'AE': 0, 'A E': 0, 'AAPDA MITRA': 0, 'Bridge': 0, 'River': 0, 'Drain': 0, 'Restoration': 0, 'Protection': 0, 'irr': 0, 'irrigation': 0, 'dam': 0, 'Nallah': 0, 'nala': 2, 'Retrofitting': 0, 'Pond': 0, 'Pokhari': 0, 'D/C': 0, 'Recharge shaft': 0, 'LFB': 0, 'RFB': 0}","{'Floodlight': 0, 'Flood Light': 0, 'GAS': 0, 'FIFA': 0, 'pipe': 0, 'pipes': 0, 'covid': 0, 'supply': 0, 'Beautification': 0, 'Installation': 0}",,,False,True,Immediate Measures
104302,NIT-01/2025/26-GR-21,"Construction of Road &  Nala  at ward no.-13 From Manoj Gauswami House  to Deepak Gupta  House  NP- Haveli Kharagpur,  Dist-Munger.","Construction of Road &  Nala  at ward no.-13 From Manoj Gauswami House  to Deepak Gupta  House  NP- Haveli Kharagpur,  Dist-Munger.",831585.0,INR,INR,2025-07-02 12:56:01+00:00,2025-07-02T09:18:06.364000+00:00,2025-11-12T10:06:04+00:00,VISHAL MOHAN,EXECUTIVE OFFICER,NAGAR PARISHAD HAVELI KHARAGPUR,OFFICE NAGAR PARISHAD HAVELI KHARAGPUR,VISHAL MOHAN,EXECUTIVE OFFICER,NAGAR PARISHAD HAVELI KHARAGPUR,16700.0,1250.0,590.0,True,"{'Flood': 0, 'Embankment': 0, 'embkt': 0, 'Relief': 0, 'Erosion': 0, 'SDRF': 0, 'Inundation': 0, 'Hydrology': 0, 'Silt': 0, 'Siltation': 0, 'Bund': 0, 'Trench': 0, 'Breach': 0, 'Culvert': 0, 'Sluice': 0, 'Dyke': 0, 'Storm water drain': 0, 'Emergency': 0, 'Immediate': 0, 'IM': 0, 'AE': 0, 'A E': 0, 'AAPDA MITRA': 0, 'Bridge': 0, 'River': 0, 'Drain': 0, 'Restoration': 0, 'Protection': 0, 'irr': 0, 'irrigation': 0, 'dam': 0, 'Nallah': 0, 'nala': 2, 'Retrofitting': 0, 'Pond': 0, 'Pokhari': 0, 'D/C': 0, 'Recharge shaft': 0, 'LFB': 0, 'RFB': 0}","{'Floodlight': 0, 'Flood Light': 0, 'GAS': 0, 'FIFA': 0, 'pipe': 0, 'pipes': 0, 'covid': 0, 'supply': 0, 'Beautification': 0, 'Installation': 0}",,,False,True,Immediate Measures
104301,NIT-01/2025/26-GR-20,"Construction of Road &  Nala  at ward no.-11 From Yunush House to Munna House via Jabbar House NP- Haveli Kharagpur,  Dist-Munger.","Construction of Road &  Nala  at ward no.-11 From Yunush House to Munna House via Jabbar House NP- Haveli Kharagpur,  Dist-Munger.",1732305.0,INR,INR,2025-07-02 12:46:58+00:00,2025-07-02T09:17:58.506000+00:00,2025-07-12T11:46:22+00:00,VISHAL MOHAN,EXECUTIVE OFFICER,NAGAR PARISHAD HAVELI KHARAGPUR,OFFICE NAGAR PARISHAD HAVELI KHARAGPUR,VISHAL MOHAN,EXECUTIVE OFFICER,NAGAR PARISHAD HAVELI KHARAGPUR,35000.0,5000.0,590.0,True,"{'Flood': 0, 'Embankment': 0, 'embkt': 0, 'Relief': 0, 'Erosion': 0, 'SDRF': 0, 'Inundation': 0, 'Hydrology': 0, 'Silt': 0, 'Siltation': 0, 'Bund': 0, 'Trench': 0, 'Breach': 0, 'Culvert': 0, 'Sluice': 0, 'Dyke': 0, 'Storm water drain': 0, 'Emergency': 0, 'Immediate': 0, 'IM': 0, 'AE': 0, 'A E': 0, 'AAPDA MITRA': 0, 'Bridge': 0, 'River': 0, 'Drain': 0, 'Restoration': 0, 'Protection': 0, 'irr': 0, 'irrigation': 0, 'dam': 0, 'Nallah': 0, 'nala': 2, 'Retrofitting': 0, 'Pond': 0, 'Pokhari': 0, 'D/C': 0, 'Recharge shaft': 0, 'LFB': 0, 'RFB': 0}","{'Floodlight': 0, 'Flood Light': 0, 'GAS': 0, 'FIFA': 0, 'pipe': 0, 'pipes': 0, 'covid': 0, 'supply': 0, 'Beautification': 0, 'Installation': 0}",,,False,True,Immediate Measures
104307,NIT-01/2025/26-GR-26,"Construction of Road &  Nala  at ward no. - 15 Near Nadan Yadav House to Samudiak Bhvan Via Arjun Yadav , NP- Haveli Kharagpur,  Dist-Munger.","Construction of Road &  Nala  at ward no. - 15 Near Nadan Yadav House to Samudiak Bhvan Via Arjun Yadav , NP- Haveli Kharagpur,  Dist-Munger.",895189.0,INR,INR,2025-07-02 13:38:56+00:00,2025-07-02T09:18:46.250000+00:00,2025-11-20T10:44:28+00:00,VISHAL MOHAN,EXECUTIVE OFFICER,NAGAR PARISHAD HAVELI KHARAGPUR,OFFICE NAGAR PARISHAD HAVELI KHARAGPUR,VISHAL MOHAN,EXECUTIVE OFFICER,NAGAR PARISHAD HAVELI KHARAGPUR,18000.0,1250.0,590.0,True,"{'Flood': 0, 'Embankment': 0, 'embkt': 0, 'Relief': 0, 'Erosion': 0, 'SDRF': 0, 'Inundation': 0, 'Hydrology': 0, 'Silt': 0, 'Siltation': 0, 'Bund': 0, 'Trench': 0, 'Breach': 0, 'Culvert': 0, 'Sluice': 0, 'Dyke': 0, 'Storm water drain': 0, 'Emergency': 0, 'Immediate': 0, 'IM': 0, 'AE': 0, 'A E': 0, 'AAPDA MITRA': 0, 'Bridge': 0, 'River': 0, 'Drain': 0, 'Restoration': 0, 'Protection': 0, 'irr': 0, 'irrigation': 0, 'dam': 0, 'Nallah': 0, 'nala': 2, 'Retrofitting': 0, 'Pond': 0, 'Pokhari': 0, 'D/C': 0, 'Recharge shaft': 0, 'LFB': 0, 'RFB': 0}","{'Floodlight': 0, 'Flood Light': 0, 'GAS': 0, 'FIFA': 0, 'pipe': 0, 'pipes': 0, 'covid': 0, 'supply': 0, 'Beautification': 0, 'Installation': 0}",,,False,True,Immediate Measures
104310,NIT-01/2025/26-GR-29,"Construction of Road &  Nala  at ward no.-16 Imran House to  Hasmad  House & Anbarul House to Mohi House  NP- Haveli Kharagpur,  Dist-Munger.","Construction of Road &  Nala  at ward no.-16 Imran House to  Hasmad  House & Anbarul House to Mohi House  NP- Haveli Kharagpur,  Dist-Munger.",1496750.0,INR,INR,2025-07-02 13:58:45+00:00,2025-07-02T09:19:10.637000+00:00,2025-09-25T06:14:29+00:00,VISHAL MOHAN,EXECUTIVE OFFICER,NAGAR PARISHAD HAVELI KHARAGPUR,OFFICE NAGAR PARISHAD HAVELI KHARAGPUR,VISHAL MOHAN,EXECUTIVE OFFICER,NAGAR PARISHAD HAVELI KHARAGPUR,30000.0,2500.0,590.0,True,"{'Flood': 0, 'Embankment': 0, 'embkt': 0, 'Relief': 0, 'Erosion': 0, 'SDRF': 0, 'Inundation': 0, 'Hydrology': 0, 'Silt': 0, 'Siltation': 0, 'Bund': 0, 'Trench': 0, 'Breach': 0, 'Culvert': 0, 'Sluice': 0, 'Dyke': 0, 'Storm water drain': 0, 'Emergency': 0, 'Immediate': 0, 'IM': 0, 'AE': 0, 'A E': 0, 'AAPDA MITRA': 0, 'Bridge': 0, 'River': 0, 'Drain': 0, 'Restoration': 0, 'Protection': 0, 'irr': 0, 'irrigation': 0, 'dam': 0, 'Nallah': 0, 'nala': 2, 'Retrofitting': 0, 'Pond': 0, 'Pokhari': 0, 'D/C': 0, 'Recharge shaft': 0, 'LFB': 0, 'RFB': 0}","{'Floodlight': 0, 'Flood Light': 0, 'GAS': 0, 'FIFA': 0, 'pipe': 0, 'pipes': 0, 'covid': 0, 'supply': 0, 'Beautification': 0, 'Installation': 0}",,,False,True,Immediate Measures
104316,NIT-01/2025/26-GR-35,"Construction of  Nala Ward-19  Near Maheshwari Modi House  to Arjun Sah House NP- Haveli Kharagpur,  Dist-Munger.","Construction of  Nala Ward-19  Near Maheshwari Modi House  to Arjun Sah House NP- Haveli Kharagpur,  Dist-Munger.",1213862.0,INR,INR,2025-07-02 14:59:15+00:00,2025-07-02T09:19:52.969000+00:00,2025-07-12T12:46:18+00:00,VISHAL MOHAN,EXECUTIVE OFFICER,NAGAR PARISHAD HAVELI KHARAGPUR,OFFICE NAGAR PARISHAD HAVELI KHARAGPUR,VISHAL MOHAN,EXECUTIVE OFFICER,NAGAR PARISHAD HAVELI KHARAGPUR,24300.0,2500.0,590.0,True,"{'Flood': 0, 'Embankment': 0, 'embkt': 0, 'Relief': 0, 'Erosion': 0, 'SDRF': 0, 'Inundation': 0, 'Hydrology': 0, 'Silt': 0, 'Siltation': 0, 'Bund': 0, 'Trench': 0, 'Breach': 0, 'Culvert': 0, 'Sluice': 0, 'Dyke': 0, 'Storm water drain': 0, 'Emergency': 0, 'Immediate': 0, 'IM': 0, 'AE': 0, 'A E': 0, 'AAPDA MITRA': 0, 'Bridge': 0, 'River': 0, 'Drain': 0, 'Restoration': 0, 'Protection': 0, 'irr': 0, 'irrigation': 0, 'dam': 0, 'Nallah': 0, 'nala': 2, 'Retrofitting': 0, 'Pond': 0, 'Pokhari': 0, 'D/C': 0, 'Recharge shaft': 0, 'LFB': 0, 'RFB': 0}","{'Floodlight': 0, 'Flood Light': 0, 'GAS': 0, 'FIFA': 0, 'pipe': 0, 'pipes': 0, 'covid': 0, 'supply': 0, 'Beautification': 0, 'Installation': 0}",,,False,False,Immediate Measures
104313,NIT-01/2025/26-GR-31,"Construction of  Road & Nala  at ward no.-18 From  Kantiya Main Road to Baijnath Mandal  House NP- Haveli Kharagpur,  Dist-Munger.","Construction of  Road & Nala  at ward no.-18 From  Kantiya Main Road to Baijnath Mandal  House NP- Haveli Kharagpur,  Dist-Munger.",261197.0,INR,INR,2025-07-02 14:08:58+00:00,2025-07-02T09:19:29.421000+00:00,2025-11-12T10:35:35+00:00,VISHAL MOHAN,EXECUTIVE OFFICER,NAGAR PARISHAD HAVELI KHARAGPUR,OFFICE NAGAR PARISHAD HAVELI KHARAGPUR,VISHAL MOHAN,EXECUTIVE OFFICER,NAGAR PARISHAD HAVELI KHARAGPUR,5300.0,750.0,590.0,True,"{'Flood': 0, 'Embankment': 0, 'embkt': 0, 'Relief': 0, 'Erosion': 0, 'SDRF': 0, 'Inundation': 0, 'Hydrology': 0, 'Silt': 0, 'Siltation': 0, 'Bund': 0, 'Trench': 0, 'Breach': 0, 'Culvert': 0, 'Sluice': 0, 'Dyke': 0, 'Storm water drain': 0, 'Emergency': 0, 'Immediate': 0, 'IM': 0, 'AE': 0, 'A E': 0, 'AAPDA MITRA': 0, 'Bridge': 0, 'River': 0, 'Drain': 0, 'Restoration': 0, 'Protection': 0, 'irr': 0, 'irrigation': 0, 'dam': 0, 'Nallah': 0, 'nala': 2, 'Retrofitting': 0, 'Pond': 0, 'Pokhari': 0, 'D/C': 0, 'Recharge shaft': 0, 'LFB': 0, 'RFB': 0}","{'Floodlight': 0, 'Flood Light': 0, 'GAS': 0, 'FIFA': 0, 'pipe': 0, 'pipes': 0, 'covid': 0, 'supply': 0, 'Beautification': 0, 'Installation': 0}",,,False,True,Immediate Measures
104318,NIT-01/2025/26-GR-37,"Construction of  Nala Ward-20 Near Veshno Mata Mandir to Nahar Rpad  NP- Haveli Kharagpur,  Dist-Munger.","Construction of  Nala Ward-20 Near Veshno Mata Mandir to Nahar Rpad  NP- Haveli Kharagpur,  Dist-Munger.",2459720.0,INR,INR,2025-07-02 15:10:16+00:00,2025-07-02T09:20:07.955000+00:00,2025-07-12T12:57:43+00:00,VISHAL MOHAN,EXECUTIVE OFFICER,NAGAR PARISHAD HAVELI KHARAGPUR,OFFICE NAGAR PARISHAD HAVELI KHARAGPUR,VISHAL MOHAN,EXECUTIVE OFFICER,NAGAR PARISHAD HAVELI KHARAGPUR,49200.0,5000.0,590.0,True,"{'Flood': 0, 'Embankment': 0, 'embkt': 0, 'Relief': 0, 'Erosion': 0, 'SDRF': 0, 'Inundation': 0, 'Hydrology': 0, 'Silt': 0, 'Siltation': 0, 'Bund': 0, 'Trench': 0, 'Breach': 0, 'Culvert': 0, 'Sluice': 0, 'Dyke': 0, 'Storm water drain': 0, 'Emergency': 0, 'Immediate': 0, 'IM': 0, 'AE': 0, 'A E': 0, 'AAPDA MITRA': 0, 'Bridge': 0, 'River': 0, 'Drain': 0, 'Restoration': 0, 'Protection': 0, 'irr': 0, 'irrigation': 0, 'dam': 0, 'Nallah': 0, 'nala': 2, 'Retrofitting': 0, 'Pond': 0, 'Pokhari': 0, 'D/C': 0, 'Recharge shaft': 0, 'LFB': 0, 'RFB': 0}","{'Floodlight': 0, 'Flood Light': 0, 'GAS': 0, 'FIFA': 0, 'pipe': 0, 'pipes': 0, 'covid': 0, 'supply': 0, 'Beautification': 0, 'Installation': 0}",,,False,False,Immediate Measures
104317,NIT-01/2025/26-GR-36,"Construction of Road &  Cross Drain at ward no. - 20 From Naresh Mandal House to Gopal sah House  , NP- Haveli Kharagpur,  Dist-Munger.","Construction of Road &  Cross Drain at ward no. - 20 From Naresh Mandal House to Gopal sah House  , NP- Haveli Kharagpur,  Dist-Munger.",976882.0,INR,INR,2025-07-02 15:04:57+00:00,2025-07-02T09:20:00.574000+00:00,2025-11-13T10:34:38+00:00,VISHAL MOHAN,EXECUTIVE OFFICER,NAGAR PARISHAD HAVELI KHARAGPUR,OFFICE NAGAR PARISHAD HAVELI KHARAGPUR,VISHAL MOHAN,EXECUTIVE OFFICER,NAGAR PARISHAD HAVELI KHARAGPUR,19600.0,1250.0,590.0,True,"{'Flood': 0, 'Embankment': 0, 'embkt': 0, 'Relief': 0, 'Erosion': 0, 'SDRF': 0, 'Inundation': 0, 'Hydrology': 0, 'Silt': 0, 'Siltation': 0, 'Bund': 0, 'Trench': 0, 'Breach': 0, 'Culvert': 0, 'Sluice': 0, 'Dyke': 0, 'Storm water drain': 0, 'Emergency': 0, 'Immediate': 0, 'IM': 0, 'AE': 0, 'A E': 0, 'AAPDA MITRA': 0, 'Bridge': 0, 'River': 0, 'Drain': 2, 'Restoration': 0, 'Protection': 0, 'irr': 0, 'irrigation': 0, 'dam': 0, 'Nallah': 0, 'nala': 0, 'Retrofitting': 0, 'Pond': 0, 'Pokhari': 0, 'D/C': 0, 'Recharge shaft': 0, 'LFB': 0, 'RFB': 0}","{'Floodlight': 0, 'Flood Light': 0, 'GAS': 0, 'FIFA': 0, 'pipe': 0, 'pipes': 0, 'covid': 0, 'supply': 0, 'Beautification': 0, 'Installation': 0}",,,False,True,Immediate Measures
104319,NIT-01/2025/26-GR-38,"Construction of  Nala Ward-21  Near Rajendra Sharma  House to Vijay Master  House (kantiya Puliya)   NP- Haveli Kharagpur,  Dist-Munger.","Construction of  Nala Ward-21  Near Rajendra Sharma  House to Vijay Master  House (kantiya Puliya)   NP- Haveli Kharagpur,  Dist-Munger.",1741323.0,INR,INR,2025-07-02 15:14:40+00:00,2025-07-02T09:20:15.134000+00:00,2025-07-12T13:00:55+00:00,VISHAL MOHAN,EXECUTIVE OFFICER,NAGAR PARISHAD HAVELI KHARAGPUR,OFFICE NAGAR PARISHAD HAVELI KHARAGPUR,VISHAL MOHAN,EXECUTIVE OFFICER,NAGAR PARISHAD HAVELI KHARAGPUR,35000.0,5000.0,590.0,True,"{'Flood': 0, 'Embankment': 0, 'embkt': 0, 'Relief': 0, 'Erosion': 0, 'SDRF': 0, 'Inundation': 0, 'Hydrology': 0, 'Silt': 0, 'Siltation': 0, 'Bund': 0, 'Trench': 0, 'Breach': 0, 'Culvert': 0, 'Sluice': 0, 'Dyke': 0, 'Storm water drain': 0, 'Emergency': 0, 'Immediate': 0, 'IM': 0, 'AE': 0, 'A E': 0, 'AAPDA MITRA': 0, 'Bridge': 0, 'River': 0, 'Drain': 0, 'Restoration': 0, 'Protection': 0, 'irr': 0, 'irrigation': 0, 'dam': 0, 'Nallah': 0, 'nala': 2, 'Retrofitting': 0, 'Pond': 0, 'Pokhari': 0, 'D/C': 0, 'Recharge shaft': 0, 'LFB': 0, 'RFB': 0}","{'Floodlight': 0, 'Flood Light': 0, 'GAS': 0, 'FIFA': 0, 'pipe': 0, 'pipes': 0, 'covid': 0, 'supply': 0, 'Beautification': 0, 'Installation': 0}",,,False,False,Immediate Measures
104308,NIT-01/2025/26-GR-27,"Details Estimate for Construction of Road &  Nala  at ward no.-15 From  Bimal Yadav House to Subodh Yadav    House NP- Haveli Kharagpur,  Dist-Munger.","Details Estimate for Construction of Road &  Nala  at ward no.-15 From  Bimal Yadav House to Subodh Yadav    House NP- Haveli Kharagpur,  Dist-Munger.",227399.0,INR,INR,2025-07-02 13:46:00+00:00,2025-07-02T09:18:53.842000+00:00,2025-07-12T12:16:57+00:00,VISHAL MOHAN,EXECUTIVE OFFICER,NAGAR PARISHAD HAVELI KHARAGPUR,OFFICE NAGAR PARISHAD HAVELI KHARAGPUR,VISHAL MOHAN,EXECUTIVE OFFICER,NAGAR PARISHAD HAVELI KHARAGPUR,4600.0,750.0,590.0,True,"{'Flood': 0, 'Embankment': 0, 'embkt': 0, 'Relief': 0, 'Erosion': 0, 'SDRF': 0, 'Inundation': 0, 'Hydrology': 0, 'Silt': 0, 'Siltation': 0, 'Bund': 0, 'Trench': 0, 'Breach': 0, 'Culvert': 0, 'Sluice': 0, 'Dyke': 0, 'Storm water drain': 0, 'Emergency': 0, 'Immediate': 0, 'IM': 0, 'AE': 0, 'A E': 0, 'AAPDA MITRA': 0, 'Bridge': 0, 'River': 0, 'Drain': 0, 'Restoration': 0, 'Protection': 0, 'irr': 0, 'irrigation': 0, 'dam': 0, 'Nallah': 0, 'nala': 2, 'Retrofitting': 0, 'Pond': 0, 'Pokhari': 0, 'D/C': 0, 'Recharge shaft': 0, 'LFB': 0, 'RFB': 0}","{'Floodlight': 0, 'Flood Light': 0, 'GAS': 0, 'FIFA': 0, 'pipe': 0, 'pipes': 0, 'covid': 0, 'supply': 0, 'Beautification': 0, 'Installation': 0}",,,False,True,Immediate Measures
104321,NIT-01/2025/26-GR-40,"Construction of  Nala & Road  at ward no.-22 From Near Bablu Mandal House to Rajiv Thakur  house NP- Haveli Kharagpur,  Dist-Munger.","Construction of  Nala & Road  at ward no.-22 From Near Bablu Mandal House to Rajiv Thakur  house NP- Haveli Kharagpur,  Dist-Munger.",921078.0,INR,INR,2025-07-02 15:36:12+00:00,2025-07-02T09:20:30.264000+00:00,2025-07-12T13:07:52+00:00,VISHAL MOHAN,EXECUTIVE OFFICER,NAGAR PARISHAD HAVELI KHARAGPUR,OFFICE NAGAR PARISHAD HAVELI KHARAGPUR,VISHAL MOHAN,EXECUTIVE OFFICER,NAGAR PARISHAD HAVELI KHARAGPUR,18500.0,1250.0,590.0,True,"{'Flood': 0, 'Embankment': 0, 'embkt': 0, 'Relief': 0, 'Erosion': 0, 'SDRF': 0, 'Inundation': 0, 'Hydrology': 0, 'Silt': 0, 'Siltation': 0, 'Bund': 0, 'Trench': 0, 'Breach': 0, 'Culvert': 0, 'Sluice': 0, 'Dyke': 0, 'Storm water drain': 0, 'Emergency': 0, 'Immediate': 0, 'IM': 0, 'AE': 0, 'A E': 0, 'AAPDA MITRA': 0, 'Bridge': 0, 'River': 0, 'Drain': 0, 'Restoration': 0, 'Protection': 0, 'irr': 0, 'irrigation': 0, 'dam': 0, 'Nallah': 0, 'nala': 2, 'Retrofitting': 0, 'Pond': 0, 'Pokhari': 0, 'D/C': 0, 'Recharge shaft': 0, 'LFB': 0, 'RFB': 0}","{'Floodlight': 0, 'Flood Light': 0, 'GAS': 0, 'FIFA': 0, 'pipe': 0, 'pipes': 0, 'covid': 0, 'supply': 0, 'Beautification': 0, 'Installation': 0}",,,False,True,Immediate Measures
104305,NIT-01/2025/26-GR-24,"Construction of   Nala  at ward no.-15 From  Tarni Yadav House to Adhik lal Basha & Construction of Road & Nala Sachcho Yadav , Jivan Yadav to Bindeshari Yadav  Via Arjun Yadav Basha House NP- Haveli Kharagpur,  Dist-Munger.","Construction of   Nala  at ward no.-15 From  Tarni Yadav House to Adhik lal Basha & Construction of Road & Nala Sachcho Yadav , Jivan Yadav to Bindeshari Yadav  Via Arjun Yadav Basha House NP- Haveli Kharagpur,  Dist-Munger.",2291774.0,INR,INR,2025-07-02 13:26:05+00:00,2025-07-02T09:18:30.829000+00:00,2025-09-25T05:32:21+00:00,VISHAL MOHAN,EXECUTIVE OFFICER,NAGAR PARISHAD HAVELI KHARAGPUR,OFFICE NAGAR PARISHAD HAVELI KHARAGPUR,VISHAL MOHAN,EXECUTIVE OFFICER,NAGAR PARISHAD HAVELI KHARAGPUR,45900.0,5000.0,590.0,True,"{'Flood': 0, 'Embankment': 0, 'embkt': 0, 'Relief': 0, 'Erosion': 0, 'SDRF': 0, 'Inundation': 0, 'Hydrology': 0, 'Silt': 0, 'Siltation': 0, 'Bund': 0, 'Trench': 0, 'Breach': 0, 'Culvert': 0, 'Sluice': 0, 'Dyke': 0, 'Storm water drain': 0, 'Emergency': 0, 'Immediate': 0, 'IM': 0, 'AE': 0, 'A E': 0, 'AAPDA MITRA': 0, 'Bridge': 0, 'River': 0, 'Drain': 0, 'Restoration': 0, 'Protection': 0, 'irr': 0, 'irrigation': 0, 'dam': 0, 'Nallah': 0, 'nala': 4, 'Retrofitting': 0, 'Pond': 0, 'Pokhari': 0, 'D/C': 0, 'Recharge shaft': 0, 'LFB': 0, 'RFB': 0}","{'Floodlight': 0, 'Flood Light': 0, 'GAS': 0, 'FIFA': 0, 'pipe': 0, 'pipes': 0, 'covid': 0, 'supply': 0, 'Beautification': 0, 'Installation': 0}",,,False,True,Immediate Measures
104320,NIT-01/2025/26-GR-39,"Construction of Road &  Cross Drain at ward no. - 21 Main Road to Sanjay Ravi Das  House  , NP- Haveli Kharagpur,  Dist-Munger.","Construction of Road &  Cross Drain at ward no. - 21 Main Road to Sanjay Ravi Das  House  , NP- Haveli Kharagpur,  Dist-Munger.",1252597.0,INR,INR,2025-07-02 15:31:52+00:00,2025-07-02T09:20:22.768000+00:00,2025-07-12T13:04:31+00:00,VISHAL MOHAN,EXECUTIVE OFFICER,NAGAR PARISHAD HAVELI KHARAGPUR,OFFICE NAGAR PARISHAD HAVELI KHARAGPUR,VISHAL MOHAN,EXECUTIVE OFFICER,NAGAR PARISHAD HAVELI KHARAGPUR,25100.0,2500.0,590.0,True,"{'Flood': 0, 'Embankment': 0, 'embkt': 0, 'Relief': 0, 'Erosion': 0, 'SDRF': 0, 'Inundation': 0, 'Hydrology': 0, 'Silt': 0, 'Siltation': 0, 'Bund': 0, 'Trench': 0, 'Breach': 0, 'Culvert': 0, 'Sluice': 0, 'Dyke': 0, 'Storm water drain': 0, 'Emergency': 0, 'Immediate': 0, 'IM': 0, 'AE': 0, 'A E': 0, 'AAPDA MITRA': 0, 'Bridge': 0, 'River': 0, 'Drain': 2, 'Restoration': 0, 'Protection': 0, 'irr': 0, 'irrigation': 0, 'dam': 0, 'Nallah': 0, 'nala': 0, 'Retrofitting': 0, 'Pond': 0, 'Pokhari': 0, 'D/C': 0, 'Recharge shaft': 0, 'LFB': 0, 'RFB': 0}","{'Floodlight': 0, 'Flood Light': 0, 'GAS': 0, 'FIFA': 0, 'pipe': 0, 'pipes': 0, 'covid': 0, 'supply': 0, 'Beautification': 0, 'Installation': 0}",,,False,True,Immediate Measures
104314,NIT-01/2025/26-GR-32,"Construction of  Nala  at ward no.-18  From  Faudi  Mandal House  to Nahar bara  Nala &  Construction of Road Madan Mandal to Nahar  NP- Haveli Kharagpur,  Dist-Munger.","Construction of  Nala  at ward no.-18  From  Faudi  Mandal House  to Nahar bara  Nala &  Construction of Road Madan Mandal to Nahar  NP- Haveli Kharagpur,  Dist-Munger.",1225247.0,INR,INR,2025-07-02 14:17:07+00:00,2025-07-02T09:19:37.381000+00:00,2025-11-12T10:51:40+00:00,VISHAL MOHAN,EXECUTIVE OFFICER,NAGAR PARISHAD HAVELI KHARAGPUR,OFFICE NAGAR PARISHAD HAVELI KHARAGPUR,VISHAL MOHAN,EXECUTIVE OFFICER,NAGAR PARISHAD HAVELI KHARAGPUR,24600.0,2500.0,590.0,True,"{'Flood': 0, 'Embankment': 0, 'embkt': 0, 'Relief': 0, 'Erosion': 0, 'SDRF': 0, 'Inundation': 0, 'Hydrology': 0, 'Silt': 0, 'Siltation': 0, 'Bund': 0, 'Trench': 0, 'Breach': 0, 'Culvert': 0, 'Sluice': 0, 'Dyke': 0, 'Storm water drain': 0, 'Emergency': 0, 'Immediate': 0, 'IM': 0, 'AE': 0, 'A E': 0, 'AAPDA MITRA': 0, 'Bridge': 0, 'River': 0, 'Drain': 0, 'Restoration': 0, 'Protection': 0, 'irr': 0, 'irrigation': 0, 'dam': 0, 'Nallah': 0, 'nala': 4, 'Retrofitting': 0, 'Pond': 0, 'Pokhari': 0, 'D/C': 0, 'Recharge shaft': 0, 'LFB': 0, 'RFB': 0}","{'Floodlight': 0, 'Flood Light': 0, 'GAS': 0, 'FIFA': 0, 'pipe': 0, 'pipes': 0, 'covid': 0, 'supply': 0, 'Beautification': 0, 'Installation': 0}",,,False,True,Immediate Measures
104326,NIT-01/2025/26-GR-45,"Construction of Road &  Nala  at ward no.-24 From Ramchandra Sah House  to Naresh Sah House Pulia Via Laxmi Sah House  Nahar NP- Haveli Kharagpur,  Dist-Munger.","Construction of Road &  Nala  at ward no.-24 From Ramchandra Sah House  to Naresh Sah House Pulia Via Laxmi Sah House  Nahar NP- Haveli Kharagpur,  Dist-Munger.",2459376.0,INR,INR,2025-07-02 15:57:40+00:00,2025-07-02T09:21:11.284000+00:00,2025-12-04T11:42:32+00:00,VISHAL MOHAN,EXECUTIVE OFFICER,NAGAR PARISHAD HAVELI KHARAGPUR,OFFICE NAGAR PARISHAD HAVELI KHARAGPUR,VISHAL MOHAN,EXECUTIVE OFFICER,NAGAR PARISHAD HAVELI KHARAGPUR,49200.0,5000.0,590.0,True,"{'Flood': 0, 'Embankment': 0, 'embkt': 0, 'Relief': 0, 'Erosion': 0, 'SDRF': 0, 'Inundation': 0, 'Hydrology': 0, 'Silt': 0, 'Siltation': 0, 'Bund': 0, 'Trench': 0, 'Breach': 0, 'Culvert': 0, 'Sluice': 0, 'Dyke': 0, 'Storm water drain': 0, 'Emergency': 0, 'Immediate': 0, 'IM': 0, 'AE': 0, 'A E': 0, 'AAPDA MITRA': 0, 'Bridge': 0, 'River': 0, 'Drain': 0, 'Restoration': 0, 'Protection': 0, 'irr': 0, 'irrigation': 0, 'dam': 0, 'Nallah': 0, 'nala': 2, 'Retrofitting': 0, 'Pond': 0, 'Pokhari': 0, 'D/C': 0, 'Recharge shaft': 0, 'LFB': 0, 'RFB': 0}","{'Floodlight': 0, 'Flood Light': 0, 'GAS': 0, 'FIFA': 0, 'pipe': 0, 'pipes': 0, 'covid': 0, 'supply': 0, 'Beautification': 0, 'Installation': 0}",,,False,True,Immediate Measures
104322,NIT-01/2025/26-GR-41,"Construction of Road &  Nala  at ward no.-22 From  Dinesh Mandal House To Bindeshwari Mandal House  NP- Haveli Kharagpur,  Dist-Munger.","Construction of Road &  Nala  at ward no.-22 From  Dinesh Mandal House To Bindeshwari Mandal House  NP- Haveli Kharagpur,  Dist-Munger.",1085534.0,INR,INR,2025-07-02 15:39:52+00:00,2025-07-02T09:20:36.968000+00:00,2025-07-12T13:12:41+00:00,VISHAL MOHAN,EXECUTIVE OFFICER,NAGAR PARISHAD HAVELI KHARAGPUR,OFFICE NAGAR PARISHAD HAVELI KHARAGPUR,VISHAL MOHAN,EXECUTIVE OFFICER,NAGAR PARISHAD HAVELI KHARAGPUR,21800.0,2500.0,590.0,True,"{'Flood': 0, 'Embankment': 0, 'embkt': 0, 'Relief': 0, 'Erosion': 0, 'SDRF': 0, 'Inundation': 0, 'Hydrology': 0, 'Silt': 0, 'Siltation': 0, 'Bund': 0, 'Trench': 0, 'Breach': 0, 'Culvert': 0, 'Sluice': 0, 'Dyke': 0, 'Storm water drain': 0, 'Emergency': 0, 'Immediate': 0, 'IM': 0, 'AE': 0, 'A E': 0, 'AAPDA MITRA': 0, 'Bridge': 0, 'River': 0, 'Drain': 0, 'Restoration': 0, 'Protection': 0, 'irr': 0, 'irrigation': 0, 'dam': 0, 'Nallah': 0, 'nala': 2, 'Retrofitting': 0, 'Pond': 0, 'Pokhari': 0, 'D/C': 0, 'Recharge shaft': 0, 'LFB': 0, 'RFB': 0}","{'Floodlight': 0, 'Flood Light': 0, 'GAS': 0, 'FIFA': 0, 'pipe': 0, 'pipes': 0, 'covid': 0, 'supply': 0, 'Beautification': 0, 'Installation': 0}",,,False,True,Immediate Measures
104329,NIT-01/2025/26-GR-48,"Construction of  Nala Ward-25 Near Mirtunjay Mishra house to Deepak Sinha via Anupam Mandal House   NP- Haveli Kharagpur,  Dist-Munger.","Construction of  Nala Ward-25 Near Mirtunjay Mishra house to Deepak Sinha via Anupam Mandal House   NP- Haveli Kharagpur,  Dist-Munger.",1601988.0,INR,INR,2025-07-02 16:11:12+00:00,2025-07-02T09:21:41.210000+00:00,2025-10-06T12:14:41+00:00,VISHAL MOHAN,EXECUTIVE OFFICER,NAGAR PARISHAD HAVELI KHARAGPUR,OFFICE NAGAR PARISHAD HAVELI KHARAGPUR,VISHAL MOHAN,EXECUTIVE OFFICER,NAGAR PARISHAD HAVELI KHARAGPUR,32100.0,5000.0,590.0,True,"{'Flood': 0, 'Embankment': 0, 'embkt': 0, 'Relief': 0, 'Erosion': 0, 'SDRF': 0, 'Inundation': 0, 'Hydrology': 0, 'Silt': 0, 'Siltation': 0, 'Bund': 0, 'Trench': 0, 'Breach': 0, 'Culvert': 0, 'Sluice': 0, 'Dyke': 0, 'Storm water drain': 0, 'Emergency': 0, 'Immediate': 0, 'IM': 0, 'AE': 0, 'A E': 0, 'AAPDA MITRA': 0, 'Bridge': 0, 'River': 0, 'Drain': 0, 'Restoration': 0, 'Protection': 0, 'irr': 0, 'irrigation': 0, 'dam': 0, 'Nallah': 0, 'nala': 2, 'Retrofitting': 0, 'Pond': 0, 'Pokhari': 0, 'D/C': 0, 'Recharge shaft': 0, 'LFB': 0, 'RFB': 0}","{'Floodlight': 0, 'Flood Light': 0, 'GAS': 0, 'FIFA': 0, 'pipe': 0, 'pipes': 0, 'covid': 0, 'supply': 0, 'Beautification': 0, 'Installation': 0}",,,False,False,Immediate Measures
104323,NIT-01/2025/26-GR-42,"Construction of  Nala Ward-23 Near Mangal Sah House to Shankar Turi House  NP- Haveli Kharagpur,  Dist-Munger.","Construction of  Nala Ward-23 Near Mangal Sah House to Shankar Turi House  NP- Haveli Kharagpur,  Dist-Munger.",1712984.0,INR,INR,2025-07-02 15:44:20+00:00,2025-07-02T09:20:44.659000+00:00,2025-11-13T11:22:06+00:00,VISHAL MOHAN,EXECUTIVE OFFICER,NAGAR PARISHAD HAVELI KHARAGPUR,OFFICE NAGAR PARISHAD HAVELI KHARAGPUR,VISHAL MOHAN,EXECUTIVE OFFICER,NAGAR PARISHAD HAVELI KHARAGPUR,34300.0,5000.0,590.0,True,"{'Flood': 0, 'Embankment': 0, 'embkt': 0, 'Relief': 0, 'Erosion': 0, 'SDRF': 0, 'Inundation': 0, 'Hydrology': 0, 'Silt': 0, 'Siltation': 0, 'Bund': 0, 'Trench': 0, 'Breach': 0, 'Culvert': 0, 'Sluice': 0, 'Dyke': 0, 'Storm water drain': 0, 'Emergency': 0, 'Immediate': 0, 'IM': 0, 'AE': 0, 'A E': 0, 'AAPDA MITRA': 0, 'Bridge': 0, 'River': 0, 'Drain': 0, 'Restoration': 0, 'Protection': 0, 'irr': 0, 'irrigation': 0, 'dam': 0, 'Nallah': 0, 'nala': 2, 'Retrofitting': 0, 'Pond': 0, 'Pokhari': 0, 'D/C': 0, 'Recharge shaft': 0, 'LFB': 0, 'RFB': 0}","{'Floodlight': 0, 'Flood Light': 0, 'GAS': 0, 'FIFA': 0, 'pipe': 0, 'pipes': 0, 'covid': 0, 'supply': 0, 'Beautification': 0, 'Installation': 0}",,,False,False,Immediate Measures
104324,NIT-01/2025/26-GR-43,"Construction of  Nala Ward- 23  Near Rajo Manjhi  house  to Baghghu Turi  House NP- Haveli Kharagpur,  Dist-Munger.","Construction of  Nala Ward- 23  Near Rajo Manjhi  house  to Baghghu Turi  House NP- Haveli Kharagpur,  Dist-Munger.",601726.0,INR,INR,2025-07-02 15:47:52+00:00,2025-07-02T09:20:52.286000+00:00,2025-11-13T11:17:23+00:00,VISHAL MOHAN,EXECUTIVE OFFICER,NAGAR PARISHAD HAVELI KHARAGPUR,OFFICE NAGAR PARISHAD HAVELI KHARAGPUR,VISHAL MOHAN,EXECUTIVE OFFICER,NAGAR PARISHAD HAVELI KHARAGPUR,12100.0,1250.0,590.0,True,"{'Flood': 0, 'Embankment': 0, 'embkt': 0, 'Relief': 0, 'Erosion': 0, 'SDRF': 0, 'Inundation': 0, 'Hydrology': 0, 'Silt': 0, 'Siltation': 0, 'Bund': 0, 'Trench': 0, 'Breach': 0, 'Culvert': 0, 'Sluice': 0, 'Dyke': 0, 'Storm water drain': 0, 'Emergency': 0, 'Immediate': 0, 'IM': 0, 'AE': 0, 'A E': 0, 'AAPDA MITRA': 0, 'Bridge': 0, 'River': 0, 'Drain': 0, 'Restoration': 0, 'Protection': 0, 'irr': 0, 'irrigation': 0, 'dam': 0, 'Nallah': 0, 'nala': 2, 'Retrofitting': 0, 'Pond': 0, 'Pokhari': 0, 'D/C': 0, 'Recharge shaft': 0, 'LFB': 0, 'RFB': 0}","{'Floodlight': 0, 'Flood Light': 0, 'GAS': 0, 'FIFA': 0, 'pipe': 0, 'pipes': 0, 'covid': 0, 'supply': 0, 'Beautification': 0, 'Installation': 0}",,,False,False,Immediate Measures
104327,NIT-01/2025/26-GR-46,"Construction of Road &  Nala  at ward no. 24 From  Naval Sah House  to Sanjay Sah House  Via Satsang Bhavan  NP- Haveli Kharagpur,  Dist-Munger.","Construction of Road &  Nala  at ward no. 24 From  Naval Sah House  to Sanjay Sah House  Via Satsang Bhavan  NP- Haveli Kharagpur,  Dist-Munger.",1527810.0,INR,INR,2025-07-02 16:01:29+00:00,2025-07-02T09:21:23.773000+00:00,2025-12-04T11:35:23+00:00,VISHAL MOHAN,EXECUTIVE OFFICER,NAGAR PARISHAD HAVELI KHARAGPUR,OFFICE NAGAR PARISHAD HAVELI KHARAGPUR,VISHAL MOHAN,EXECUTIVE OFFICER,NAGAR PARISHAD HAVELI KHARAGPUR,30600.0,5000.0,590.0,True,"{'Flood': 0, 'Embankment': 0, 'embkt': 0, 'Relief': 0, 'Erosion': 0, 'SDRF': 0, 'Inundation': 0, 'Hydrology': 0, 'Silt': 0, 'Siltation': 0, 'Bund': 0, 'Trench': 0, 'Breach': 0, 'Culvert': 0, 'Sluice': 0, 'Dyke': 0, 'Storm water drain': 0, 'Emergency': 0, 'Immediate': 0, 'IM': 0, 'AE': 0, 'A E': 0, 'AAPDA MITRA': 0, 'Bridge': 0, 'River': 0, 'Drain': 0, 'Restoration': 0, 'Protection': 0, 'irr': 0, 'irrigation': 0, 'dam': 0, 'Nallah': 0, 'nala': 2, 'Retrofitting': 0, 'Pond': 0, 'Pokhari': 0, 'D/C': 0, 'Recharge shaft': 0, 'LFB': 0, 'RFB': 0}","{'Floodlight': 0, 'Flood Light': 0, 'GAS': 0, 'FIFA': 0, 'pipe': 0, 'pipes': 0, 'covid': 0, 'supply': 0, 'Beautification': 0, 'Installation': 0}",,,False,True,Immediate Measures
104328,NIT-01/2025/26-GR-47,"Construction of  Nala Ward-25 Near Bindeshari Mandal  House to Trasfarmar Puliya  ,  NP- Haveli Kharagpur,  Dist-Munger.","Construction of  Nala Ward-25 Near Bindeshari Mandal  House to Trasfarmar Puliya  ,  NP- Haveli Kharagpur,  Dist-Munger.",1219427.0,INR,INR,2025-07-02 16:06:25+00:00,2025-07-02T09:21:30.853000+00:00,2025-07-12T13:37:43+00:00,VISHAL MOHAN,EXECUTIVE OFFICER,NAGAR PARISHAD HAVELI KHARAGPUR,OFFICE NAGAR PARISHAD HAVELI KHARAGPUR,VISHAL MOHAN,EXECUTIVE OFFICER,NAGAR PARISHAD HAVELI KHARAGPUR,24400.0,2500.0,590.0,True,"{'Flood': 0, 'Embankment': 0, 'embkt': 0, 'Relief': 0, 'Erosion': 0, 'SDRF': 0, 'Inundation': 0, 'Hydrology': 0, 'Silt': 0, 'Siltation': 0, 'Bund': 0, 'Trench': 0, 'Breach': 0, 'Culvert': 0, 'Sluice': 0, 'Dyke': 0, 'Storm water drain': 0, 'Emergency': 0, 'Immediate': 0, 'IM': 0, 'AE': 0, 'A E': 0, 'AAPDA MITRA': 0, 'Bridge': 0, 'River': 0, 'Drain': 0, 'Restoration': 0, 'Protection': 0, 'irr': 0, 'irrigation': 0, 'dam': 0, 'Nallah': 0, 'nala': 2, 'Retrofitting': 0, 'Pond': 0, 'Pokhari': 0, 'D/C': 0, 'Recharge shaft': 0, 'LFB': 0, 'RFB': 0}","{'Floodlight': 0, 'Flood Light': 0, 'GAS': 0, 'FIFA': 0, 'pipe': 0, 'pipes': 0, 'covid': 0, 'supply': 0, 'Beautification': 0, 'Installation': 0}",,,False,False,Immediate Measures
104333,NPH/ RT NIT-09/2025-26/GR-03,Construction of drain and paver block road from Ajay Chaudhary's house to Shivji Rai's house via Jagdish ji's house in ward no. 19.,Construction of drain and paver block road from Ajay Chaudhary's house to Shivji Rai's house via Jagdish ji's house in ward no. 19.,1090400.0,INR,INR,2025-07-02 09:49:42+00:00,2025-07-02T09:47:08.208000+00:00,2025-07-28T09:23:35+00:00,SUSHIL KUMAR,EXECUTIVE OFFICER (HAJIPUR),HAJIPUR NAGAR PARISHAD,"Rambalak chowk, Hajipur",SUSHIL KUMAR,EXECUTIVE OFFICER (HAJIPUR),NAGAR PARISHAD HAJIPUR,21900.0,2500.0,590.0,True,"{'Flood': 0, 'Embankment': 0, 'embkt': 0, 'Relief': 0, 'Erosion': 0, 'SDRF': 0, 'Inundation': 0, 'Hydrology': 0, 'Silt': 0, 'Siltation': 0, 'Bund': 0, 'Trench': 0, 'Breach': 0, 'Culvert': 0, 'Sluice': 0, 'Dyke': 0, 'Storm water drain': 0, 'Emergency': 0, 'Immediate': 0, 'IM': 0, 'AE': 0, 'A E': 0, 'AAPDA MITRA': 0, 'Bridge': 0, 'River': 0, 'Drain': 2, 'Restoration': 0, 'Protection': 0, 'irr': 0, 'irrigation': 0, 'dam': 0, 'Nallah': 0, 'nala': 0, 'Retrofitting': 0, 'Pond': 0, 'Pokhari': 0, 'D/C': 0, 'Recharge shaft': 0, 'LFB': 0, 'RFB': 0}","{'Floodlight': 0, 'Flood Light': 0, 'GAS': 0, 'FIFA': 0, 'pipe': 0, 'pipes': 0, 'covid': 0, 'supply': 0, 'Beautification': 0, 'Installation': 0}",,,False,True,Immediate Measures
104331,NPH/ RT NIT-09/2025-26/GR-01,"Construction of P.C.C. Road and Drain from Satya Narayan Pandit's House to Jagdamba sthan under Nagar Parishad, Hajipur.","Construction of P.C.C. Road and Drain from Satya Narayan Pandit's House to Jagdamba sthan under Nagar Parishad, Hajipur.",5966800.0,INR,INR,2025-07-02 09:37:00+00:00,2025-07-02T09:28:26.007000+00:00,2025-07-28T09:23:08+00:00,SUSHIL KUMAR,EXECUTIVE OFFICER (HAJIPUR),HAJIPUR NAGAR PARISHAD,"Rambalak chowk, Hajipur",SUSHIL KUMAR,EXECUTIVE OFFICER (HAJIPUR),NAGAR PARISHAD HAJIPUR,119400.0,10000.0,590.0,True,"{'Flood': 0, 'Embankment': 0, 'embkt': 0, 'Relief': 0, 'Erosion': 0, 'SDRF': 0, 'Inundation': 0, 'Hydrology': 0, 'Silt': 0, 'Siltation': 0, 'Bund': 0, 'Trench': 0, 'Breach': 0, 'Culvert': 0, 'Sluice': 0, 'Dyke': 0, 'Storm water drain': 0, 'Emergency': 0, 'Immediate': 0, 'IM': 0, 'AE': 0, 'A E': 0, 'AAPDA MITRA': 0, 'Bridge': 0, 'River': 0, 'Drain': 2, 'Restoration': 0, 'Protection': 0, 'irr': 0, 'irrigation': 0, 'dam': 0, 'Nallah': 0, 'nala': 0, 'Retrofitting': 0, 'Pond': 0, 'Pokhari': 0, 'D/C': 0, 'Recharge shaft': 0, 'LFB': 0, 'RFB': 0}","{'Floodlight': 0, 'Flood Light': 0, 'GAS': 0, 'FIFA': 0, 'pipe': 0, 'pipes': 0, 'covid': 0, 'supply': 0, 'Beautification': 0, 'Installation': 0}",,,False,True,Immediate Measures
104344,NIT05/2025-26/NPJJP/GR04,Construction work of road and drain going to Fakir Takiya place in ward number 03 under Nagar Parishad Jhanjharpur,Construction work of road and drain going to Fakir Takiya place in ward number 03 under Nagar Parishad Jhanjharpur,314028.0,INR,INR,2025-07-02 13:45:18+00:00,2025-07-02T11:29:18.079000+00:00,2025-07-17T10:44:23+00:00,"EXECUTIVE OFFICER, NAGAR PARISHAD JHANJHARPUR",EO,NAGAR PARISHAD JHANJHARPUR,"NAGAR PARISHAD JHANJHARPUR, WARD 12, DISTT- MADHUBANI, 847404","MANOJ KUMAR EXECUTIVE OFFICER, NAGAR PARISHAD JHANJHARPUR",EO,NAGAR PARISHAD JHANJHARPUR,62900.0,5000.0,590.0,True,"{'Flood': 0, 'Embankment': 0, 'embkt': 0, 'Relief': 0, 'Erosion': 0, 'SDRF': 0, 'Inundation': 0, 'Hydrology': 0, 'Silt': 0, 'Siltation': 0, 'Bund': 0, 'Trench': 0, 'Breach': 0, 'Culvert': 0, 'Sluice': 0, 'Dyke': 0, 'Storm water drain': 0, 'Emergency': 0, 'Immediate': 0, 'IM': 0, 'AE': 0, 'A E': 0, 'AAPDA MITRA': 0, 'Bridge': 0, 'River': 0, 'Drain': 2, 'Restoration': 0, 'Protection': 0, 'irr': 0, 'irrigation': 0, 'dam': 0, 'Nallah': 0, 'nala': 0, 'Retrofitting': 0, 'Pond': 0, 'Pokhari': 0, 'D/C': 0, 'Recharge shaft': 0, 'LFB': 0, 'RFB': 0}","{'Floodlight': 0, 'Flood Light': 0, 'GAS': 0, 'FIFA': 0, 'pipe': 0, 'pipes': 0, 'covid': 0, 'supply': 0, 'Beautification': 0, 'Installation': 0}",,,False,True,Immediate Measures
104332,NPH/ RT NIT-09/2025-26/GR-02,"Construction of PCC Road and Drain From Nakhhas chowk chauraha to House of Birendra Narayan Singh, P.P. under Nagar Parishad, Hajipur.","Construction of PCC Road and Drain From Nakhhas chowk chauraha to House of Birendra Narayan Singh, P.P. under Nagar Parishad, Hajipur.",8845200.0,INR,INR,2025-07-02 09:45:23+00:00,2025-07-02T09:38:57.982000+00:00,2025-07-28T09:23:16+00:00,SUSHIL KUMAR,EXECUTIVE OFFICER (HAJIPUR),HAJIPUR NAGAR PARISHAD,"Rambalak chowk, Hajipur",SUSHIL KUMAR,EXECUTIVE OFFICER (HAJIPUR),NAGAR PARISHAD HAJIPUR,177000.0,10000.0,3540.0,True,"{'Flood': 0, 'Embankment': 0, 'embkt': 0, 'Relief': 0, 'Erosion': 0, 'SDRF': 0, 'Inundation': 0, 'Hydrology': 0, 'Silt': 0, 'Siltation': 0, 'Bund': 0, 'Trench': 0, 'Breach': 0, 'Culvert': 0, 'Sluice': 0, 'Dyke': 0, 'Storm water drain': 0, 'Emergency': 0, 'Immediate': 0, 'IM': 0, 'AE': 0, 'A E': 0, 'AAPDA MITRA': 0, 'Bridge': 0, 'River': 0, 'Drain': 2, 'Restoration': 0, 'Protection': 0, 'irr': 0, 'irrigation': 0, 'dam': 0, 'Nallah': 0, 'nala': 0, 'Retrofitting': 0, 'Pond': 0, 'Pokhari': 0, 'D/C': 0, 'Recharge shaft': 0, 'LFB': 0, 'RFB': 0}","{'Floodlight': 0, 'Flood Light': 0, 'GAS': 0, 'FIFA': 0, 'pipe': 0, 'pipes': 0, 'covid': 0, 'supply': 0, 'Beautification': 0, 'Installation': 0}",,,False,True,Immediate Measures
104345,NIT05/2025-26/NPJJP/GR05,Construction work of road and drain from Raju Mandal house to the main road and the connected street in ward number 04 under Nagar Parishad Jhanjharpur,Construction work of road and drain from Raju Mandal house to the main road and the connected street in ward number 04 under Nagar Parishad Jhanjharpur,3388500.0,INR,INR,2025-07-02 13:46:18+00:00,2025-07-02T11:32:36.570000+00:00,2025-07-17T10:58:57+00:00,"EXECUTIVE OFFICER, NAGAR PARISHAD JHANJHARPUR",EO,NAGAR PARISHAD JHANJHARPUR,"NAGAR PARISHAD JHANJHARPUR, WARD 12, DISTT- MADHUBANI, 847404","MANOJ KUMAR EXECUTIVE OFFICER, NAGAR PARISHAD JHANJHARPUR",EO,NAGAR PARISHAD JHANJHARPUR,67800.0,5000.0,590.0,True,"{'Flood': 0, 'Embankment': 0, 'embkt': 0, 'Relief': 0, 'Erosion': 0, 'SDRF': 0, 'Inundation': 0, 'Hydrology': 0, 'Silt': 0, 'Siltation': 0, 'Bund': 0, 'Trench': 0, 'Breach': 0, 'Culvert': 0, 'Sluice': 0, 'Dyke': 0, 'Storm water drain': 0, 'Emergency': 0, 'Immediate': 0, 'IM': 0, 'AE': 0, 'A E': 0, 'AAPDA MITRA': 0, 'Bridge': 0, 'River': 0, 'Drain': 2, 'Restoration': 0, 'Protection': 0, 'irr': 0, 'irrigation': 0, 'dam': 0, 'Nallah': 0, 'nala': 0, 'Retrofitting': 0, 'Pond': 0, 'Pokhari': 0, 'D/C': 0, 'Recharge shaft': 0, 'LFB': 0, 'RFB': 0}","{'Floodlight': 0, 'Flood Light': 0, 'GAS': 0, 'FIFA': 0, 'pipe': 0, 'pipes': 0, 'covid': 0, 'supply': 0, 'Beautification': 0, 'Installation': 0}",,,False,True,Immediate Measures
104342,NIT05/2025-26/NPJJP/GR03,Road cum drain construction work till the railway line in the road going east from Atim Ansari Chowk main road to Maheshpura in ward number 02 under Nagar Parishad Jhanjharpur,Road cum drain construction work till the railway line in the road going east from Atim Ansari Chowk main road to Maheshpura in ward number 02 under Nagar Parishad Jhanjharpur,844700.0,INR,INR,2025-07-02 13:44:14+00:00,2025-07-02T11:25:07.821000+00:00,2025-10-18T10:53:50+00:00,"EXECUTIVE OFFICER, NAGAR PARISHAD JHANJHARPUR",EO,NAGAR PARISHAD JHANJHARPUR,"NAGAR PARISHAD JHANJHARPUR, WARD 12, DISTT- MADHUBANI, 847404","MANOJ KUMAR EXECUTIVE OFFICER, NAGAR PARISHAD JHANJHARPUR",EO,NAGAR PARISHAD JHANJHARPUR,17000.0,2500.0,590.0,True,"{'Flood': 0, 'Embankment': 0, 'embkt': 0, 'Relief': 0, 'Erosion': 0, 'SDRF': 0, 'Inundation': 0, 'Hydrology': 0, 'Silt': 0, 'Siltation': 0, 'Bund': 0, 'Trench': 0, 'Breach': 0, 'Culvert': 0, 'Sluice': 0, 'Dyke': 0, 'Storm water drain': 0, 'Emergency': 0, 'Immediate': 0, 'IM': 0, 'AE': 0, 'A E': 0, 'AAPDA MITRA': 0, 'Bridge': 0, 'River': 0, 'Drain': 2, 'Restoration': 0, 'Protection': 0, 'irr': 0, 'irrigation': 0, 'dam': 0, 'Nallah': 0, 'nala': 0, 'Retrofitting': 0, 'Pond': 0, 'Pokhari': 0, 'D/C': 0, 'Recharge shaft': 0, 'LFB': 0, 'RFB': 0}","{'Floodlight': 0, 'Flood Light': 0, 'GAS': 0, 'FIFA': 0, 'pipe': 0, 'pipes': 0, 'covid': 0, 'supply': 0, 'Beautification': 0, 'Installation': 0}",,,False,True,Immediate Measures
104349,NIT05/2025-26/NPJJP/GR09,Road construction work including RCC drain and lane from Chota School Sawtri Singh Ghar to Masjid Kona in ward number 09 under Nagar Parishad Jhanjharpur,Road construction work including RCC drain and lane from Chota School Sawtri Singh Ghar to Masjid Kona in ward number 09 under Nagar Parishad Jhanjharpur,1323800.0,INR,INR,2025-07-02 13:49:27+00:00,2025-07-02T11:50:35.854000+00:00,2025-11-03T11:29:04+00:00,"EXECUTIVE OFFICER, NAGAR PARISHAD JHANJHARPUR",EO,NAGAR PARISHAD JHANJHARPUR,"NAGAR PARISHAD JHANJHARPUR, WARD 12, DISTT- MADHUBANI, 847404","MANOJ KUMAR EXECUTIVE OFFICER, NAGAR PARISHAD JHANJHARPUR",EO,NAGAR PARISHAD JHANJHARPUR,26500.0,2500.0,590.0,True,"{'Flood': 0, 'Embankment': 0, 'embkt': 0, 'Relief': 0, 'Erosion': 0, 'SDRF': 0, 'Inundation': 0, 'Hydrology': 0, 'Silt': 0, 'Siltation': 0, 'Bund': 0, 'Trench': 0, 'Breach': 0, 'Culvert': 0, 'Sluice': 0, 'Dyke': 0, 'Storm water drain': 0, 'Emergency': 0, 'Immediate': 0, 'IM': 0, 'AE': 0, 'A E': 0, 'AAPDA MITRA': 0, 'Bridge': 0, 'River': 0, 'Drain': 2, 'Restoration': 0, 'Protection': 0, 'irr': 0, 'irrigation': 0, 'dam': 0, 'Nallah': 0, 'nala': 0, 'Retrofitting': 0, 'Pond': 0, 'Pokhari': 0, 'D/C': 0, 'Recharge shaft': 0, 'LFB': 0, 'RFB': 0}","{'Floodlight': 0, 'Flood Light': 0, 'GAS': 0, 'FIFA': 0, 'pipe': 0, 'pipes': 0, 'covid': 0, 'supply': 0, 'Beautification': 0, 'Installation': 0}",,,False,True,Immediate Measures
104346,NIT05/2025-26/NPJJP/GR06,Construction work of RCC drain from Shrikant Nirmal ji house to Banyan Chowk in ward number 06 under Nagar Parishad Jhanjharpur,Construction work of RCC drain from Shrikant Nirmal ji house to Banyan Chowk in ward number 06 under Nagar Parishad Jhanjharpur,3825864.0,INR,INR,2025-07-02 13:47:05+00:00,2025-07-02T11:39:27.092000+00:00,2025-11-21T08:09:14+00:00,"EXECUTIVE OFFICER, NAGAR PARISHAD JHANJHARPUR",EO,NAGAR PARISHAD JHANJHARPUR,"NAGAR PARISHAD JHANJHARPUR, WARD 12, DISTT- MADHUBANI, 847404","MANOJ KUMAR EXECUTIVE OFFICER, NAGAR PARISHAD JHANJHARPUR",EO,NAGAR PARISHAD JHANJHARPUR,76600.0,5000.0,590.0,True,"{'Flood': 0, 'Embankment': 0, 'embkt': 0, 'Relief': 0, 'Erosion': 0, 'SDRF': 0, 'Inundation': 0, 'Hydrology': 0, 'Silt': 0, 'Siltation': 0, 'Bund': 0, 'Trench': 0, 'Breach': 0, 'Culvert': 0, 'Sluice': 0, 'Dyke': 0, 'Storm water drain': 0, 'Emergency': 0, 'Immediate': 0, 'IM': 0, 'AE': 0, 'A E': 0, 'AAPDA MITRA': 0, 'Bridge': 0, 'River': 0, 'Drain': 2, 'Restoration': 0, 'Protection': 0, 'irr': 0, 'irrigation': 0, 'dam': 0, 'Nallah': 0, 'nala': 0, 'Retrofitting': 0, 'Pond': 0, 'Pokhari': 0, 'D/C': 0, 'Recharge shaft': 0, 'LFB': 0, 'RFB': 0}","{'Floodlight': 0, 'Flood Light': 0, 'GAS': 0, 'FIFA': 0, 'pipe': 0, 'pipes': 0, 'covid': 0, 'supply': 0, 'Beautification': 0, 'Installation': 0}",,,False,True,Immediate Measures
104361,NIT05/2025-26/NPJJP/GR18,Construction of PCC road and drain work from Bharat Pandey shop to Masomat Sheela Devi house in ward number 14 under Nagar Parishad Jhanjharpur and road and drain construction work from Manoj Purve shop to Babusaheb Thakur house via Anil Chaudhary house,Construction of PCC road and drain work from Bharat Pandey shop to Masomat Sheela Devi house in ward number 14 under Nagar Parishad Jhanjharpur and road and drain construction work from Manoj Purve shop to Babusaheb Thakur house via Anil Chaudhary house,2301791.0,INR,INR,2025-07-02 13:56:19+00:00,2025-07-02T12:35:15.178000+00:00,2025-07-05T09:31:00+00:00,"EXECUTIVE OFFICER, NAGAR PARISHAD JHANJHARPUR",EO,NAGAR PARISHAD JHANJHARPUR,"NAGAR PARISHAD JHANJHARPUR, WARD 12, DISTT- MADHUBANI, 847404","MANOJ KUMAR EXECUTIVE OFFICER, NAGAR PARISHAD JHANJHARPUR",EO,NAGAR PARISHAD JHANJHARPUR,46100.0,5000.0,590.0,True,"{'Flood': 0, 'Embankment': 0, 'embkt': 0, 'Relief': 0, 'Erosion': 0, 'SDRF': 0, 'Inundation': 0, 'Hydrology': 0, 'Silt': 0, 'Siltation': 0, 'Bund': 0, 'Trench': 0, 'Breach': 0, 'Culvert': 0, 'Sluice': 0, 'Dyke': 0, 'Storm water drain': 0, 'Emergency': 0, 'Immediate': 0, 'IM': 0, 'AE': 0, 'A E': 0, 'AAPDA MITRA': 0, 'Bridge': 0, 'River': 0, 'Drain': 4, 'Restoration': 0, 'Protection': 0, 'irr': 0, 'irrigation': 0, 'dam': 0, 'Nallah': 0, 'nala': 0, 'Retrofitting': 0, 'Pond': 0, 'Pokhari': 0, 'D/C': 0, 'Recharge shaft': 0, 'LFB': 0, 'RFB': 0}","{'Floodlight': 0, 'Flood Light': 0, 'GAS': 0, 'FIFA': 0, 'pipe': 0, 'pipes': 0, 'covid': 0, 'supply': 0, 'Beautification': 0, 'Installation': 0}",,,False,True,Immediate Measures
104369,NIT NO-05/2025-26/GR01,"Construction of Drain And Paver Block Road from Manovar Thikedar House To Manovar Via House Of Shaukat Ali, Shankar Manjhi And Niraj Manjhi House In Brahampur Ward No 01 At Chapra Nagar Nigam","Construction of Drain And Paver Block Road from Manovar Thikedar House To Manovar Via House Of Shaukat Ali, Shankar Manjhi And Niraj Manjhi House In Brahampur Ward No 01 At Chapra Nagar Nigam",1385600.0,INR,INR,2025-07-02 16:08:18+00:00,2025-07-02T15:17:56.292000+00:00,2025-07-18T07:12:59+00:00,Sunil Kumar Pandey,"Municipal Commissioner, Chapra Nagar Nigam",Chapra Municipal Corporation,"Chapra Municipal Corporation, Municipal Chowk, Chapra (Saran) 841301",Sunil Kumar Pandey,"Municipal Commissioner, Chapra Nagar Nigam",Chapra Municipal Corporation,27712.0,2500.0,590.0,True,"{'Flood': 0, 'Embankment': 0, 'embkt': 0, 'Relief': 0, 'Erosion': 0, 'SDRF': 0, 'Inundation': 0, 'Hydrology': 0, 'Silt': 0, 'Siltation': 0, 'Bund': 0, 'Trench': 0, 'Breach': 0, 'Culvert': 0, 'Sluice': 0, 'Dyke': 0, 'Storm water drain': 0, 'Emergency': 0, 'Immediate': 0, 'IM': 0, 'AE': 0, 'A E': 0, 'AAPDA MITRA': 0, 'Bridge': 0, 'River': 0, 'Drain': 2, 'Restoration': 0, 'Protection': 0, 'irr': 0, 'irrigation': 0, 'dam': 0, 'Nallah': 0, 'nala': 0, 'Retrofitting': 0, 'Pond': 0, 'Pokhari': 0, 'D/C': 0, 'Recharge shaft': 0, 'LFB': 0, 'RFB': 0}","{'Floodlight': 0, 'Flood Light': 0, 'GAS': 0, 'FIFA': 0, 'pipe': 0, 'pipes': 0, 'covid': 0, 'supply': 0, 'Beautification': 0, 'Installation': 0}",,,False,True,Immediate Measures
104374,NIT NO-05/2025-26/GR06,(i) Construction of Drain And Paver Block Road from Subhash Singh  House To Mohit Singh House In Eastern Side Of Mahima Mai Mandir (ii) Construction of Drain And P.C.C. Road from Mahadalit Basti To Bindu Singh House   in Ward No 10 At Chapra Nagar Nigam.,(i) Construction of Drain And Paver Block Road from Subhash Singh  House To Mohit Singh House In Eastern Side Of Mahima Mai Mandir (ii) Construction of Drain And P.C.C. Road from Mahadalit Basti To Bindu Singh House   in Ward No 10 At Chapra Nagar Nigam.,1037110.0,INR,INR,2025-07-02 16:43:03+00:00,2025-07-02T16:39:27.099000+00:00,2025-07-18T07:34:34+00:00,Sunil Kumar Pandey,"Municipal Commissioner, Chapra Nagar Nigam",Chapra Municipal Corporation,"Chapra Municipal Corporation, Municipal Chowk, Chapra (Saran) 841301",Sunil Kumar Pandey,"Municipal Commissioner, Chapra Nagar Nigam",Chapra Municipal Corporation,20742.0,2500.0,590.0,True,"{'Flood': 0, 'Embankment': 0, 'embkt': 0, 'Relief': 0, 'Erosion': 0, 'SDRF': 0, 'Inundation': 0, 'Hydrology': 0, 'Silt': 0, 'Siltation': 0, 'Bund': 0, 'Trench': 0, 'Breach': 0, 'Culvert': 0, 'Sluice': 0, 'Dyke': 0, 'Storm water drain': 0, 'Emergency': 0, 'Immediate': 0, 'IM': 0, 'AE': 0, 'A E': 0, 'AAPDA MITRA': 0, 'Bridge': 0, 'River': 0, 'Drain': 4, 'Restoration': 0, 'Protection': 0, 'irr': 0, 'irrigation': 0, 'dam': 0, 'Nallah': 0, 'nala': 0, 'Retrofitting': 0, 'Pond': 0, 'Pokhari': 0, 'D/C': 0, 'Recharge shaft': 0, 'LFB': 0, 'RFB': 0}","{'Floodlight': 0, 'Flood Light': 0, 'GAS': 0, 'FIFA': 0, 'pipe': 0, 'pipes': 0, 'covid': 0, 'supply': 0, 'Beautification': 0, 'Installation': 0}",,,False,True,Immediate Measures
104370,NIT NO-05/2025-26/GR02,Construction of Drain And Paver Block Road from (i) Saida Miya House To Sahil And Afzal House To Mukhtar House (ii)Vishal House To Noor Alam House Via Sagar Chaudhary And Tajim House In Jalalpur In Ward No 01 At Chapra Nagar Nigam,Construction of Drain And Paver Block Road from (i) Saida Miya House To Sahil And Afzal House To Mukhtar House (ii)Vishal House To Noor Alam House Via Sagar Chaudhary And Tajim House In Jalalpur In Ward No 01 At Chapra Nagar Nigam,1742100.0,INR,INR,2025-07-02 16:18:19+00:00,2025-07-02T16:08:31.458000+00:00,2025-07-18T07:18:24+00:00,Sunil Kumar Pandey,"Municipal Commissioner, Chapra Nagar Nigam",Chapra Municipal Corporation,"Chapra Municipal Corporation, Municipal Chowk, Chapra (Saran) 841301",Sunil Kumar Pandey,"Municipal Commissioner, Chapra Nagar Nigam",Chapra Municipal Corporation,34842.0,5000.0,590.0,True,"{'Flood': 0, 'Embankment': 0, 'embkt': 0, 'Relief': 0, 'Erosion': 0, 'SDRF': 0, 'Inundation': 0, 'Hydrology': 0, 'Silt': 0, 'Siltation': 0, 'Bund': 0, 'Trench': 0, 'Breach': 0, 'Culvert': 0, 'Sluice': 0, 'Dyke': 0, 'Storm water drain': 0, 'Emergency': 0, 'Immediate': 0, 'IM': 0, 'AE': 0, 'A E': 0, 'AAPDA MITRA': 0, 'Bridge': 0, 'River': 0, 'Drain': 2, 'Restoration': 0, 'Protection': 0, 'irr': 0, 'irrigation': 0, 'dam': 0, 'Nallah': 0, 'nala': 0, 'Retrofitting': 0, 'Pond': 0, 'Pokhari': 0, 'D/C': 0, 'Recharge shaft': 0, 'LFB': 0, 'RFB': 0}","{'Floodlight': 0, 'Flood Light': 0, 'GAS': 0, 'FIFA': 0, 'pipe': 0, 'pipes': 0, 'covid': 0, 'supply': 0, 'Beautification': 0, 'Installation': 0}",,,False,True,Immediate Measures
104371,NIT NO-05/2025-26/GR03,Construction of Drain And Paver Block Road from (i)  Gyat Ray House To Lalan Ray House Via Bali Ray And Vinnay Ray House (ii) Construction of Drain From Bhuvar Prasad House To Jiyut Prasad House Via Supan Prasad House In Ward No 03 At Chapra Nagar Nigam.,Construction of Drain And Paver Block Road from (i)  Gyat Ray House To Lalan Ray House Via Bali Ray And Vinnay Ray House (ii) Construction of Drain From Bhuvar Prasad House To Jiyut Prasad House Via Supan Prasad House In Ward No 03 At Chapra Nagar Nigam.,1347200.0,INR,INR,2025-07-02 16:21:19+00:00,2025-07-02T16:18:36.387000+00:00,2025-07-18T07:22:44+00:00,Sunil Kumar Pandey,"Municipal Commissioner, Chapra Nagar Nigam",Chapra Municipal Corporation,"Chapra Municipal Corporation, Municipal Chowk, Chapra (Saran) 841301",Sunil Kumar Pandey,"Municipal Commissioner, Chapra Nagar Nigam",Chapra Municipal Corporation,26944.0,2500.0,590.0,True,"{'Flood': 0, 'Embankment': 0, 'embkt': 0, 'Relief': 0, 'Erosion': 0, 'SDRF': 0, 'Inundation': 0, 'Hydrology': 0, 'Silt': 0, 'Siltation': 0, 'Bund': 0, 'Trench': 0, 'Breach': 0, 'Culvert': 0, 'Sluice': 0, 'Dyke': 0, 'Storm water drain': 0, 'Emergency': 0, 'Immediate': 0, 'IM': 0, 'AE': 0, 'A E': 0, 'AAPDA MITRA': 0, 'Bridge': 0, 'River': 0, 'Drain': 4, 'Restoration': 0, 'Protection': 0, 'irr': 0, 'irrigation': 0, 'dam': 0, 'Nallah': 0, 'nala': 0, 'Retrofitting': 0, 'Pond': 0, 'Pokhari': 0, 'D/C': 0, 'Recharge shaft': 0, 'LFB': 0, 'RFB': 0}","{'Floodlight': 0, 'Flood Light': 0, 'GAS': 0, 'FIFA': 0, 'pipe': 0, 'pipes': 0, 'covid': 0, 'supply': 0, 'Beautification': 0, 'Installation': 0}",,,False,True,Immediate Measures
104375,NIT NO-05/2025-26/GR07,Construction of Drain And Paver Block Road from (i) Ajay Singh Advocate House To Dinesh Singh Teacher (ii)Devkumar Singh House To Awadh Narayan Singh House Via Mohan Singh House And Sidhnath Singh To Bipin Singh House Via Rambahadur Singh In Ward No 10 At Chapra Nagar Nigam.,Construction of Drain And Paver Block Road from (i) Ajay Singh Advocate House To Dinesh Singh Teacher (ii)Devkumar Singh House To Awadh Narayan Singh House Via Mohan Singh House And Sidhnath Singh To Bipin Singh House Via Rambahadur Singh In Ward No 10 At Chapra Nagar Nigam.,2112000.0,INR,INR,2025-07-02 16:45:57+00:00,2025-07-02T16:43:15.530000+00:00,2025-07-18T07:42:06+00:00,Sunil Kumar Pandey,"Municipal Commissioner, Chapra Nagar Nigam",Chapra Municipal Corporation,"Chapra Municipal Corporation, Municipal Chowk, Chapra (Saran) 841301",Sunil Kumar Pandey,"Municipal Commissioner, Chapra Nagar Nigam",Chapra Municipal Corporation,42240.0,5000.0,590.0,True,"{'Flood': 0, 'Embankment': 0, 'embkt': 0, 'Relief': 0, 'Erosion': 0, 'SDRF': 0, 'Inundation': 0, 'Hydrology': 0, 'Silt': 0, 'Siltation': 0, 'Bund': 0, 'Trench': 0, 'Breach': 0, 'Culvert': 0, 'Sluice': 0, 'Dyke': 0, 'Storm water drain': 0, 'Emergency': 0, 'Immediate': 0, 'IM': 0, 'AE': 0, 'A E': 0, 'AAPDA MITRA': 0, 'Bridge': 0, 'River': 0, 'Drain': 2, 'Restoration': 0, 'Protection': 0, 'irr': 0, 'irrigation': 0, 'dam': 0, 'Nallah': 0, 'nala': 0, 'Retrofitting': 0, 'Pond': 0, 'Pokhari': 0, 'D/C': 0, 'Recharge shaft': 0, 'LFB': 0, 'RFB': 0}","{'Floodlight': 0, 'Flood Light': 0, 'GAS': 0, 'FIFA': 0, 'pipe': 0, 'pipes': 0, 'covid': 0, 'supply': 0, 'Beautification': 0, 'Installation': 0}",,,False,True,Immediate Measures
104372,NIT NO-05/2025-26/GR04,Construction of Drain And Paver Block Road from (i)August Giri House To Devendra Yadav House  (ii)Sawaliya Ray House To Bullet Ray House (iii) B.K. Singh House To Prem Manjhi House Via Vakil Jee House  in Ward No 04 At Chapra Nagar Nigam,Construction of Drain And Paver Block Road from (i)August Giri House To Devendra Yadav House  (ii)Sawaliya Ray House To Bullet Ray House (iii) B.K. Singh House To Prem Manjhi House Via Vakil Jee House  in Ward No 04 At Chapra Nagar Nigam,1467600.0,INR,INR,2025-07-02 16:24:22+00:00,2025-07-02T16:21:37.980000+00:00,2025-07-18T07:25:24+00:00,Sunil Kumar Pandey,"Municipal Commissioner, Chapra Nagar Nigam",Chapra Municipal Corporation,"Chapra Municipal Corporation, Municipal Chowk, Chapra (Saran) 841301",Sunil Kumar Pandey,"Municipal Commissioner, Chapra Nagar Nigam",Chapra Municipal Corporation,29352.0,2500.0,590.0,True,"{'Flood': 0, 'Embankment': 0, 'embkt': 0, 'Relief': 0, 'Erosion': 0, 'SDRF': 0, 'Inundation': 0, 'Hydrology': 0, 'Silt': 0, 'Siltation': 0, 'Bund': 0, 'Trench': 0, 'Breach': 0, 'Culvert': 0, 'Sluice': 0, 'Dyke': 0, 'Storm water drain': 0, 'Emergency': 0, 'Immediate': 0, 'IM': 0, 'AE': 0, 'A E': 0, 'AAPDA MITRA': 0, 'Bridge': 0, 'River': 0, 'Drain': 2, 'Restoration': 0, 'Protection': 0, 'irr': 0, 'irrigation': 0, 'dam': 0, 'Nallah': 0, 'nala': 0, 'Retrofitting': 0, 'Pond': 0, 'Pokhari': 0, 'D/C': 0, 'Recharge shaft': 0, 'LFB': 0, 'RFB': 0}","{'Floodlight': 0, 'Flood Light': 0, 'GAS': 0, 'FIFA': 0, 'pipe': 0, 'pipes': 0, 'covid': 0, 'supply': 0, 'Beautification': 0, 'Installation': 0}",,,False,True,Immediate Measures
104381,NIT NO-05/2025-26/GR13,"Construction of Drain and P.C.C. and Paver Block Road from (i) Jhama ji's house to Rajendra Singh's house via Ganesh ji house, (ii) Calcutta Mills via Lord Krishna Temple to Arun Shrivastav's house ahead of Basant ji's house, (iii) Amit ji's house via Sanjay Prasad's house to Mithlesh ji's house, (iv) Mithlesh ji's house to Omprakash ji's house to the east, (v) Mohan Prasad house to Anand ji's house via Ajay kumar's house to in the street next to Pawan ji's Chuda Mill in ward no.- 33 At Chapra Nagar Nigam, Chapra","Construction of Drain and P.C.C. and Paver Block Road from (i) Jhama ji's house to Rajendra Singh's house via Ganesh ji house, (ii) Calcutta Mills via Lord Krishna Temple to Arun Shrivastav's house ahead of Basant ji's house, (iii) Amit ji's house via Sanjay Prasad's house to Mithlesh ji's house, (iv) Mithlesh ji's house to Omprakash ji's house to the east, (v) Mohan Prasad house to Anand ji's house via Ajay kumar's house to in the street next to Pawan ji's Chuda Mill in ward no.- 33 At Chapra Nagar Nigam, Chapra",2457862.0,INR,INR,2025-07-03 02:32:45+00:00,2025-07-03T02:29:51.974000+00:00,2025-07-18T08:04:00+00:00,Sunil Kumar Pandey,"Municipal Commissioner, Chapra Nagar Nigam",Chapra Municipal Corporation,"Chapra Municipal Corporation, Municipal Chowk, Chapra (Saran) 841301",Sunil Kumar Pandey,"Municipal Commissioner, Chapra Nagar Nigam",Chapra Municipal Corporation,49158.0,5000.0,590.0,True,"{'Flood': 0, 'Embankment': 0, 'embkt': 0, 'Relief': 0, 'Erosion': 0, 'SDRF': 0, 'Inundation': 0, 'Hydrology': 0, 'Silt': 0, 'Siltation': 0, 'Bund': 0, 'Trench': 0, 'Breach': 0, 'Culvert': 0, 'Sluice': 0, 'Dyke': 0, 'Storm water drain': 0, 'Emergency': 0, 'Immediate': 0, 'IM': 0, 'AE': 0, 'A E': 0, 'AAPDA MITRA': 0, 'Bridge': 0, 'River': 0, 'Drain': 2, 'Restoration': 0, 'Protection': 0, 'irr': 0, 'irrigation': 0, 'dam': 0, 'Nallah': 0, 'nala': 0, 'Retrofitting': 0, 'Pond': 0, 'Pokhari': 0, 'D/C': 0, 'Recharge shaft': 0, 'LFB': 0, 'RFB': 0}","{'Floodlight': 0, 'Flood Light': 0, 'GAS': 0, 'FIFA': 0, 'pipe': 0, 'pipes': 0, 'covid': 0, 'supply': 0, 'Beautification': 0, 'Installation': 0}",,,False,True,Immediate Measures
104376,NIT NO-05/2025-26/GR08,(i) Construction of Drain And Paver Block Road From Eastern Side Of Jhappu Agarwal House To Anita Kapur House Via Dipu Mishra House (ii) Construction of Fraction Part Of Drain And Paver Block Road From Sarsu Khan (Azad) House To Towards Shami Kureshi House Via Manoj Kumar Mithun House In Ratanpura Bel Gali  Ward No 16 At Chapra Nagar Nigam.,(i) Construction of Drain And Paver Block Road From Eastern Side Of Jhappu Agarwal House To Anita Kapur House Via Dipu Mishra House (ii) Construction of Fraction Part Of Drain And Paver Block Road From Sarsu Khan (Azad) House To Towards Shami Kureshi House Via Manoj Kumar Mithun House In Ratanpura Bel Gali  Ward No 16 At Chapra Nagar Nigam.,1042600.0,INR,INR,2025-07-02 16:48:54+00:00,2025-07-02T16:46:17.240000+00:00,2025-07-18T07:45:33+00:00,Sunil Kumar Pandey,"Municipal Commissioner, Chapra Nagar Nigam",Chapra Municipal Corporation,"Chapra Municipal Corporation, Municipal Chowk, Chapra (Saran) 841301",Sunil Kumar Pandey,"Municipal Commissioner, Chapra Nagar Nigam",Chapra Municipal Corporation,20852.0,2500.0,590.0,True,"{'Flood': 0, 'Embankment': 0, 'embkt': 0, 'Relief': 0, 'Erosion': 0, 'SDRF': 0, 'Inundation': 0, 'Hydrology': 0, 'Silt': 0, 'Siltation': 0, 'Bund': 0, 'Trench': 0, 'Breach': 0, 'Culvert': 0, 'Sluice': 0, 'Dyke': 0, 'Storm water drain': 0, 'Emergency': 0, 'Immediate': 0, 'IM': 0, 'AE': 0, 'A E': 0, 'AAPDA MITRA': 0, 'Bridge': 0, 'River': 0, 'Drain': 4, 'Restoration': 0, 'Protection': 0, 'irr': 0, 'irrigation': 0, 'dam': 0, 'Nallah': 0, 'nala': 0, 'Retrofitting': 0, 'Pond': 0, 'Pokhari': 0, 'D/C': 0, 'Recharge shaft': 0, 'LFB': 0, 'RFB': 0}","{'Floodlight': 0, 'Flood Light': 0, 'GAS': 0, 'FIFA': 0, 'pipe': 0, 'pipes': 0, 'covid': 0, 'supply': 0, 'Beautification': 0, 'Installation': 0}",,,False,True,Immediate Measures
104380,NIT NO-05/2025-26/GR12,"Construction of Drain and P.C.C. Road from Shivmahal to Police Station Naka no.- 02 in ward no.- 32 At Chapra Nagar Nigam, Chapra","Construction of Drain and P.C.C. Road from Shivmahal to Police Station Naka no.- 02 in ward no.- 32 At Chapra Nagar Nigam, Chapra",2474285.0,INR,INR,2025-07-02 17:31:17+00:00,2025-07-02T17:28:39.691000+00:00,2025-07-18T08:00:53+00:00,Sunil Kumar Pandey,"Municipal Commissioner, Chapra Nagar Nigam",Chapra Municipal Corporation,"Chapra Municipal Corporation, Municipal Chowk, Chapra (Saran) 841301",Sunil Kumar Pandey,"Municipal Commissioner, Chapra Nagar Nigam",Chapra Municipal Corporation,49486.0,5000.0,590.0,True,"{'Flood': 0, 'Embankment': 0, 'embkt': 0, 'Relief': 0, 'Erosion': 0, 'SDRF': 0, 'Inundation': 0, 'Hydrology': 0, 'Silt': 0, 'Siltation': 0, 'Bund': 0, 'Trench': 0, 'Breach': 0, 'Culvert': 0, 'Sluice': 0, 'Dyke': 0, 'Storm water drain': 0, 'Emergency': 0, 'Immediate': 0, 'IM': 0, 'AE': 0, 'A E': 0, 'AAPDA MITRA': 0, 'Bridge': 0, 'River': 0, 'Drain': 2, 'Restoration': 0, 'Protection': 0, 'irr': 0, 'irrigation': 0, 'dam': 0, 'Nallah': 0, 'nala': 0, 'Retrofitting': 0, 'Pond': 0, 'Pokhari': 0, 'D/C': 0, 'Recharge shaft': 0, 'LFB': 0, 'RFB': 0}","{'Floodlight': 0, 'Flood Light': 0, 'GAS': 0, 'FIFA': 0, 'pipe': 0, 'pipes': 0, 'covid': 0, 'supply': 0, 'Beautification': 0, 'Installation': 0}",,,False,True,Immediate Measures
104384,NIT NO-05/2025-26/GR16,"Construction of Drain and P.C.C. and Paver Block Road from (i) Boring of Rambachan Ray house to Station Road via Rakesh Mishra house, (ii) Kashi Ray house to Lal ji house in ward no.- 43 At Chapra Nagar Nigam, Chapra","Construction of Drain and P.C.C. and Paver Block Road from (i) Boring of Rambachan Ray house to Station Road via Rakesh Mishra house, (ii) Kashi Ray house to Lal ji house in ward no.- 43 At Chapra Nagar Nigam, Chapra",2026928.0,INR,INR,2025-07-03 02:43:13+00:00,2025-07-03T02:38:29.480000+00:00,2025-07-18T08:19:44+00:00,Sunil Kumar Pandey,"Municipal Commissioner, Chapra Nagar Nigam",Chapra Municipal Corporation,"Chapra Municipal Corporation, Municipal Chowk, Chapra (Saran) 841301",Sunil Kumar Pandey,"Municipal Commissioner, Chapra Nagar Nigam",Chapra Municipal Corporation,40539.0,5000.0,590.0,True,"{'Flood': 0, 'Embankment': 0, 'embkt': 0, 'Relief': 0, 'Erosion': 0, 'SDRF': 0, 'Inundation': 0, 'Hydrology': 0, 'Silt': 0, 'Siltation': 0, 'Bund': 0, 'Trench': 0, 'Breach': 0, 'Culvert': 0, 'Sluice': 0, 'Dyke': 0, 'Storm water drain': 0, 'Emergency': 0, 'Immediate': 0, 'IM': 0, 'AE': 0, 'A E': 0, 'AAPDA MITRA': 0, 'Bridge': 0, 'River': 0, 'Drain': 2, 'Restoration': 0, 'Protection': 0, 'irr': 0, 'irrigation': 0, 'dam': 0, 'Nallah': 0, 'nala': 0, 'Retrofitting': 0, 'Pond': 0, 'Pokhari': 0, 'D/C': 0, 'Recharge shaft': 0, 'LFB': 0, 'RFB': 0}","{'Floodlight': 0, 'Flood Light': 0, 'GAS': 0, 'FIFA': 0, 'pipe': 0, 'pipes': 0, 'covid': 0, 'supply': 0, 'Beautification': 0, 'Installation': 0}",,,False,True,Immediate Measures
104379,NIT NO-05/2025-26/GR11,"Construction of Drain and P.C.C. Road from (i) Raj kumar chourasiya house to Jay Prakash ji house via Dilip ji Gaddi, (ii) Jokhan Dah's house to Sultan ji's house, (iii) Janish's Miya house to Khanua Nala in ward no.- 32 At Chapra Nagar Nigam, Chapra","Construction of Drain and P.C.C. Road from (i) Raj kumar chourasiya house to Jay Prakash ji house via Dilip ji Gaddi, (ii) Jokhan Dah's house to Sultan ji's house, (iii) Janish's Miya house to Khanua Nala in ward no.- 32 At Chapra Nagar Nigam, Chapra",2475145.0,INR,INR,2025-07-02 17:28:27+00:00,2025-07-02T17:25:23.177000+00:00,2025-07-18T07:55:41+00:00,Sunil Kumar Pandey,"Municipal Commissioner, Chapra Nagar Nigam",Chapra Municipal Corporation,"Chapra Municipal Corporation, Municipal Chowk, Chapra (Saran) 841301",Sunil Kumar Pandey,"Municipal Commissioner, Chapra Nagar Nigam",Chapra Municipal Corporation,49503.0,5000.0,590.0,True,"{'Flood': 0, 'Embankment': 0, 'embkt': 0, 'Relief': 0, 'Erosion': 0, 'SDRF': 0, 'Inundation': 0, 'Hydrology': 0, 'Silt': 0, 'Siltation': 0, 'Bund': 0, 'Trench': 0, 'Breach': 0, 'Culvert': 0, 'Sluice': 0, 'Dyke': 0, 'Storm water drain': 0, 'Emergency': 0, 'Immediate': 0, 'IM': 0, 'AE': 0, 'A E': 0, 'AAPDA MITRA': 0, 'Bridge': 0, 'River': 0, 'Drain': 2, 'Restoration': 0, 'Protection': 0, 'irr': 0, 'irrigation': 0, 'dam': 0, 'Nallah': 0, 'nala': 2, 'Retrofitting': 0, 'Pond': 0, 'Pokhari': 0, 'D/C': 0, 'Recharge shaft': 0, 'LFB': 0, 'RFB': 0}","{'Floodlight': 0, 'Flood Light': 0, 'GAS': 0, 'FIFA': 0, 'pipe': 0, 'pipes': 0, 'covid': 0, 'supply': 0, 'Beautification': 0, 'Installation': 0}",,,False,True,Immediate Measures
104373,NIT NO-05/2025-26/GR05,Construction of Drain And Local Sand Filling From Binda Prasad House To Bairriya Tola Kabristan In Ward No 06 At Chapra Nagar Nigam,Construction of Drain And Local Sand Filling From Binda Prasad House To Bairriya Tola Kabristan In Ward No 06 At Chapra Nagar Nigam,1811000.0,INR,INR,2025-07-02 16:27:23+00:00,2025-07-02T16:24:41.344000+00:00,2025-07-18T07:30:53+00:00,Sunil Kumar Pandey,"Municipal Commissioner, Chapra Nagar Nigam",Chapra Municipal Corporation,"Chapra Municipal Corporation, Municipal Chowk, Chapra (Saran) 841301",Sunil Kumar Pandey,"Municipal Commissioner, Chapra Nagar Nigam",Chapra Municipal Corporation,36220.0,5000.0,590.0,True,"{'Flood': 0, 'Embankment': 0, 'embkt': 0, 'Relief': 0, 'Erosion': 0, 'SDRF': 0, 'Inundation': 0, 'Hydrology': 0, 'Silt': 0, 'Siltation': 0, 'Bund': 0, 'Trench': 0, 'Breach': 0, 'Culvert': 0, 'Sluice': 0, 'Dyke': 0, 'Storm water drain': 0, 'Emergency': 0, 'Immediate': 0, 'IM': 0, 'AE': 0, 'A E': 0, 'AAPDA MITRA': 0, 'Bridge': 0, 'River': 0, 'Drain': 2, 'Restoration': 0, 'Protection': 0, 'irr': 0, 'irrigation': 0, 'dam': 0, 'Nallah': 0, 'nala': 0, 'Retrofitting': 0, 'Pond': 0, 'Pokhari': 0, 'D/C': 0, 'Recharge shaft': 0, 'LFB': 0, 'RFB': 0}","{'Floodlight': 0, 'Flood Light': 0, 'GAS': 0, 'FIFA': 0, 'pipe': 0, 'pipes': 0, 'covid': 0, 'supply': 0, 'Beautification': 0, 'Installation': 0}",,,False,True,Immediate Measures
104377,NIT NO-05/2025-26/GR09,"(i) Construction of Drain And Paver Block Road From Dharamnath Prasad Sharma House To Ganga Sah House Via Bablu Srivastav House In Dahiawan, Brahman Toli,(ii) Construction of Drain And Paver Block Road From Santosh Bhagat House To Kapil Chaudhary House In Dahiawan Brahman Toli (iii) Construction of Drain And Paver Block Road From Lt. Bhuvneshwar Singh House To Kriahna Prasad House And Gunjeshwar Verma To Daya Bhagat House In Dahiawan, Brahman Toli,(iv) Construction of Drain And Paver Block Road From Lt. Satyanarayan Sah House To Murari Ram House In Dahiawan, Brahman Toli, (v) Construction of Drain And Paver Block Road From Master Sahab House To Mukhiya Jee Mandir Via Manish Gupta In Dahiawan Western Of Siya Maszid, In Ward No 19 At Chapra Nagar Nigam.","(i) Construction of Drain And Paver Block Road From Dharamnath Prasad Sharma House To Ganga Sah House Via Bablu Srivastav House In Dahiawan, Brahman Toli,(ii) Construction of Drain And Paver Block Road From Santosh Bhagat House To Kapil Chaudhary House In Dahiawan Brahman Toli (iii) Construction of Drain And Paver Block Road From Lt. Bhuvneshwar Singh House To Kriahna Prasad House And Gunjeshwar Verma To Daya Bhagat House In Dahiawan, Brahman Toli,(iv) Construction of Drain And Paver Block Road From Lt. Satyanarayan Sah House To Murari Ram House In Dahiawan, Brahman Toli, (v) Construction of Drain And Paver Block Road From Master Sahab House To Mukhiya Jee Mandir Via Manish Gupta In Dahiawan Western Of Siya Maszid, In Ward No 19 At Chapra Nagar Nigam.",1427400.0,INR,INR,2025-07-02 16:52:14+00:00,2025-07-02T16:49:08.673000+00:00,2025-07-18T07:49:07+00:00,Sunil Kumar Pandey,"Municipal Commissioner, Chapra Nagar Nigam",Chapra Municipal Corporation,"Chapra Municipal Corporation, Municipal Chowk, Chapra (Saran) 841301",Sunil Kumar Pandey,"Municipal Commissioner, Chapra Nagar Nigam",Chapra Municipal Corporation,28548.0,2500.0,590.0,True,"{'Flood': 0, 'Embankment': 0, 'embkt': 0, 'Relief': 0, 'Erosion': 0, 'SDRF': 0, 'Inundation': 0, 'Hydrology': 0, 'Silt': 0, 'Siltation': 0, 'Bund': 0, 'Trench': 0, 'Breach': 0, 'Culvert': 0, 'Sluice': 0, 'Dyke': 0, 'Storm water drain': 0, 'Emergency': 0, 'Immediate': 0, 'IM': 0, 'AE': 0, 'A E': 0, 'AAPDA MITRA': 0, 'Bridge': 0, 'River': 0, 'Drain': 10, 'Restoration': 0, 'Protection': 0, 'irr': 0, 'irrigation': 0, 'dam': 0, 'Nallah': 0, 'nala': 0, 'Retrofitting': 0, 'Pond': 0, 'Pokhari': 0, 'D/C': 0, 'Recharge shaft': 0, 'LFB': 0, 'RFB': 0}","{'Floodlight': 0, 'Flood Light': 0, 'GAS': 0, 'FIFA': 0, 'pipe': 0, 'pipes': 0, 'covid': 0, 'supply': 0, 'Beautification': 0, 'Installation': 0}",,,False,True,Immediate Measures
104382,NIT NO-05/2025-26/GR14,"Construction of Drain and P.C.C. and Paver Block Road from (i) Ved Padak house to Dinesh Prasad's house via Awadesh Tiwari's house, (ii) Mohamdi Colony, (iii) Sudhir Paswan's house to Ashok Manjhi's house, (iv) Wall of Arun Sriwastaw to Nijamuddin's house via Shiv Mandir And Sanjay Soni, (v) Shankar Mahto's house to Shekhar Kumar house in ward no.- 37 At Chapra Nagar Nigam, Chapra","Construction of Drain and P.C.C. and Paver Block Road from (i) Ved Padak house to Dinesh Prasad's house via Awadesh Tiwari's house, (ii) Mohamdi Colony, (iii) Sudhir Paswan's house to Ashok Manjhi's house, (iv) Wall of Arun Sriwastaw to Nijamuddin's house via Shiv Mandir And Sanjay Soni, (v) Shankar Mahto's house to Shekhar Kumar house in ward no.- 37 At Chapra Nagar Nigam, Chapra",2350843.0,INR,INR,2025-07-03 02:35:36+00:00,2025-07-03T02:32:58.077000+00:00,2025-07-18T08:07:26+00:00,Sunil Kumar Pandey,"Municipal Commissioner, Chapra Nagar Nigam",Chapra Municipal Corporation,"Chapra Municipal Corporation, Municipal Chowk, Chapra (Saran) 841301",Sunil Kumar Pandey,"Municipal Commissioner, Chapra Nagar Nigam",Chapra Municipal Corporation,47017.0,5000.0,590.0,True,"{'Flood': 0, 'Embankment': 0, 'embkt': 0, 'Relief': 0, 'Erosion': 0, 'SDRF': 0, 'Inundation': 0, 'Hydrology': 0, 'Silt': 0, 'Siltation': 0, 'Bund': 0, 'Trench': 0, 'Breach': 0, 'Culvert': 0, 'Sluice': 0, 'Dyke': 0, 'Storm water drain': 0, 'Emergency': 0, 'Immediate': 0, 'IM': 0, 'AE': 0, 'A E': 0, 'AAPDA MITRA': 0, 'Bridge': 0, 'River': 0, 'Drain': 2, 'Restoration': 0, 'Protection': 0, 'irr': 0, 'irrigation': 0, 'dam': 0, 'Nallah': 0, 'nala': 0, 'Retrofitting': 0, 'Pond': 0, 'Pokhari': 0, 'D/C': 0, 'Recharge shaft': 0, 'LFB': 0, 'RFB': 0}","{'Floodlight': 0, 'Flood Light': 0, 'GAS': 0, 'FIFA': 0, 'pipe': 0, 'pipes': 0, 'covid': 0, 'supply': 0, 'Beautification': 0, 'Installation': 0}",,,False,True,Immediate Measures
104388,NIT NO-05/2025-26/GR19,Construction of PCC Road & Drain From Gudari Bazar Chowk To Buti Mor Via Maszid In Ward No 07 & 09 At Chapra Nagar Nigam.,Construction of PCC Road & Drain From Gudari Bazar Chowk To Buti Mor Via Maszid In Ward No 07 & 09 At Chapra Nagar Nigam.,18805021.0,INR,INR,2025-07-03 03:06:55+00:00,2025-07-03T03:02:09.694000+00:00,2025-07-18T08:42:08+00:00,Sunil Kumar Pandey,"Municipal Commissioner, Chapra Nagar Nigam",Chapra Municipal Corporation,"Chapra Municipal Corporation, Municipal Chowk, Chapra (Saran) 841301",Sunil Kumar Pandey,"Municipal Commissioner, Chapra Nagar Nigam",Chapra Municipal Corporation,376100.0,10000.0,3540.0,True,"{'Flood': 0, 'Embankment': 0, 'embkt': 0, 'Relief': 0, 'Erosion': 0, 'SDRF': 0, 'Inundation': 0, 'Hydrology': 0, 'Silt': 0, 'Siltation': 0, 'Bund': 0, 'Trench': 0, 'Breach': 0, 'Culvert': 0, 'Sluice': 0, 'Dyke': 0, 'Storm water drain': 0, 'Emergency': 0, 'Immediate': 0, 'IM': 0, 'AE': 0, 'A E': 0, 'AAPDA MITRA': 0, 'Bridge': 0, 'River': 0, 'Drain': 2, 'Restoration': 0, 'Protection': 0, 'irr': 0, 'irrigation': 0, 'dam': 0, 'Nallah': 0, 'nala': 0, 'Retrofitting': 0, 'Pond': 0, 'Pokhari': 0, 'D/C': 0, 'Recharge shaft': 0, 'LFB': 0, 'RFB': 0}","{'Floodlight': 0, 'Flood Light': 0, 'GAS': 0, 'FIFA': 0, 'pipe': 0, 'pipes': 0, 'covid': 0, 'supply': 0, 'Beautification': 0, 'Installation': 0}",,,False,True,Immediate Measures
104385,NIT NO-05/2025-26/GR17,"Construction of Drain and P.C.C. and Paver Block Road from (i) Shop of Raju Ray house to Ramnath Ray house via Prashuram Ray house, (ii) Mantu Minya house to Bhakoli Minya ji house, (iii) Gugeswar Thakur house to Bholi Ray house, (iv) Hareram Ray house to Pokhara via Videshi Ray house in ward no.- 44 At Chapra Nagar Nigam, Chapra","Construction of Drain and P.C.C. and Paver Block Road from (i) Shop of Raju Ray house to Ramnath Ray house via Prashuram Ray house, (ii) Mantu Minya house to Bhakoli Minya ji house, (iii) Gugeswar Thakur house to Bholi Ray house, (iv) Hareram Ray house to Pokhara via Videshi Ray house in ward no.- 44 At Chapra Nagar Nigam, Chapra",2338614.0,INR,INR,2025-07-03 02:58:42+00:00,2025-07-03T02:54:01.852000+00:00,2025-07-18T08:27:42+00:00,Sunil Kumar Pandey,"Municipal Commissioner, Chapra Nagar Nigam",Chapra Municipal Corporation,"Chapra Municipal Corporation, Municipal Chowk, Chapra (Saran) 841301",Sunil Kumar Pandey,"Municipal Commissioner, Chapra Nagar Nigam",Chapra Municipal Corporation,46773.0,5000.0,590.0,True,"{'Flood': 0, 'Embankment': 0, 'embkt': 0, 'Relief': 0, 'Erosion': 0, 'SDRF': 0, 'Inundation': 0, 'Hydrology': 0, 'Silt': 0, 'Siltation': 0, 'Bund': 0, 'Trench': 0, 'Breach': 0, 'Culvert': 0, 'Sluice': 0, 'Dyke': 0, 'Storm water drain': 0, 'Emergency': 0, 'Immediate': 0, 'IM': 0, 'AE': 0, 'A E': 0, 'AAPDA MITRA': 0, 'Bridge': 0, 'River': 0, 'Drain': 2, 'Restoration': 0, 'Protection': 0, 'irr': 0, 'irrigation': 0, 'dam': 0, 'Nallah': 0, 'nala': 0, 'Retrofitting': 0, 'Pond': 0, 'Pokhari': 0, 'D/C': 0, 'Recharge shaft': 0, 'LFB': 0, 'RFB': 0}","{'Floodlight': 0, 'Flood Light': 0, 'GAS': 0, 'FIFA': 0, 'pipe': 0, 'pipes': 0, 'covid': 0, 'supply': 0, 'Beautification': 0, 'Installation': 0}",,,False,True,Immediate Measures
104389,NIT NO-05/2025-26/GR20,Construction Of Drain From N.H.-19 to Infront of Chandra Bhawan via Bhagwat Vidyapith in Ward No. - 12 At Chapra Nagar Nigam.,Construction Of Drain From N.H.-19 to Infront of Chandra Bhawan via Bhagwat Vidyapith in Ward No. - 12 At Chapra Nagar Nigam.,1619638.0,INR,INR,2025-07-03 03:10:04+00:00,2025-07-03T03:07:15.473000+00:00,2025-07-18T08:43:44+00:00,Sunil Kumar Pandey,"Municipal Commissioner, Chapra Nagar Nigam",Chapra Municipal Corporation,"Chapra Municipal Corporation, Municipal Chowk, Chapra (Saran) 841301",Sunil Kumar Pandey,"Municipal Commissioner, Chapra Nagar Nigam",Chapra Municipal Corporation,32393.0,5000.0,590.0,True,"{'Flood': 0, 'Embankment': 0, 'embkt': 0, 'Relief': 0, 'Erosion': 0, 'SDRF': 0, 'Inundation': 0, 'Hydrology': 0, 'Silt': 0, 'Siltation': 0, 'Bund': 0, 'Trench': 0, 'Breach': 0, 'Culvert': 0, 'Sluice': 0, 'Dyke': 0, 'Storm water drain': 0, 'Emergency': 0, 'Immediate': 0, 'IM': 0, 'AE': 0, 'A E': 0, 'AAPDA MITRA': 0, 'Bridge': 0, 'River': 0, 'Drain': 2, 'Restoration': 0, 'Protection': 0, 'irr': 0, 'irrigation': 0, 'dam': 0, 'Nallah': 0, 'nala': 0, 'Retrofitting': 0, 'Pond': 0, 'Pokhari': 0, 'D/C': 0, 'Recharge shaft': 0, 'LFB': 0, 'RFB': 0}","{'Floodlight': 0, 'Flood Light': 0, 'GAS': 0, 'FIFA': 0, 'pipe': 0, 'pipes': 0, 'covid': 0, 'supply': 0, 'Beautification': 0, 'Installation': 0}",,,False,True,Immediate Measures
104378,NIT NO-05/2025-26/GR10,"Construction of Drain and P.C.C. Road from (i) House of Raju ji Armiman to Shtrudhan hi house via Sumesh ji house in Sahebganj Butanwari, (ii) Vishwajeet Sinha house to Baldev Mahto house, (iii) Mohan ji house to Garha via Shankar Bhagwan Mandir, (iv) Om Prakash ji house to Sutta Patti via Bhushan ji house in ward no.-29 At Chapra Nagar Nigam, Chapra","Construction of Drain and P.C.C. Road from (i) House of Raju ji Armiman to Shtrudhan hi house via Sumesh ji house in Sahebganj Butanwari, (ii) Vishwajeet Sinha house to Baldev Mahto house, (iii) Mohan ji house to Garha via Shankar Bhagwan Mandir, (iv) Om Prakash ji house to Sutta Patti via Bhushan ji house in ward no.-29 At Chapra Nagar Nigam, Chapra",2126862.0,INR,INR,2025-07-02 17:25:10+00:00,2025-07-02T16:52:27.827000+00:00,2025-07-18T07:53:11+00:00,Sunil Kumar Pandey,"Municipal Commissioner, Chapra Nagar Nigam",Chapra Municipal Corporation,"Chapra Municipal Corporation, Municipal Chowk, Chapra (Saran) 841301",Sunil Kumar Pandey,"Municipal Commissioner, Chapra Nagar Nigam",Chapra Municipal Corporation,42538.0,5000.0,590.0,True,"{'Flood': 0, 'Embankment': 0, 'embkt': 0, 'Relief': 0, 'Erosion': 0, 'SDRF': 0, 'Inundation': 0, 'Hydrology': 0, 'Silt': 0, 'Siltation': 0, 'Bund': 0, 'Trench': 0, 'Breach': 0, 'Culvert': 0, 'Sluice': 0, 'Dyke': 0, 'Storm water drain': 0, 'Emergency': 0, 'Immediate': 0, 'IM': 0, 'AE': 0, 'A E': 0, 'AAPDA MITRA': 0, 'Bridge': 0, 'River': 0, 'Drain': 2, 'Restoration': 0, 'Protection': 0, 'irr': 0, 'irrigation': 0, 'dam': 0, 'Nallah': 0, 'nala': 0, 'Retrofitting': 0, 'Pond': 0, 'Pokhari': 0, 'D/C': 0, 'Recharge shaft': 0, 'LFB': 0, 'RFB': 0}","{'Floodlight': 0, 'Flood Light': 0, 'GAS': 0, 'FIFA': 0, 'pipe': 0, 'pipes': 0, 'covid': 0, 'supply': 0, 'Beautification': 0, 'Installation': 0}",,,False,True,Immediate Measures
104383,NIT NO-05/2025-26/GR15,"Construction of Drain and P.C.C. and Paver Block Road from (i) Late Rajwansi Ray house to Jitendra Ray house, (ii) N.H. Chandrama Ray house to Ashok Ray house via Nagendra Ray house And Nagendra Ray house to Kedar Choudhary house, (iii) Haridwar Thakur house to Badri Ray house via Subodh Prasad house, (iv) Anil Ray house to Shambhu Ray house via Deep Kishor Ray house and Shivji Ray house, (v) Deep Kishor Ray house to Late Kapil Ray house in ward no.- 39 At Chapra Nagar Nigam, Chapra","Construction of Drain and P.C.C. and Paver Block Road from (i) Late Rajwansi Ray house to Jitendra Ray house, (ii) N.H. Chandrama Ray house to Ashok Ray house via Nagendra Ray house And Nagendra Ray house to Kedar Choudhary house, (iii) Haridwar Thakur house to Badri Ray house via Subodh Prasad house, (iv) Anil Ray house to Shambhu Ray house via Deep Kishor Ray house and Shivji Ray house, (v) Deep Kishor Ray house to Late Kapil Ray house in ward no.- 39 At Chapra Nagar Nigam, Chapra",2475063.0,INR,INR,2025-07-03 02:38:18+00:00,2025-07-03T02:35:48.241000+00:00,2025-07-18T08:09:34+00:00,Sunil Kumar Pandey,"Municipal Commissioner, Chapra Nagar Nigam",Chapra Municipal Corporation,"Chapra Municipal Corporation, Municipal Chowk, Chapra (Saran) 841301",Sunil Kumar Pandey,"Municipal Commissioner, Chapra Nagar Nigam",Chapra Municipal Corporation,49502.0,5000.0,590.0,True,"{'Flood': 0, 'Embankment': 0, 'embkt': 0, 'Relief': 0, 'Erosion': 0, 'SDRF': 0, 'Inundation': 0, 'Hydrology': 0, 'Silt': 0, 'Siltation': 0, 'Bund': 0, 'Trench': 0, 'Breach': 0, 'Culvert': 0, 'Sluice': 0, 'Dyke': 0, 'Storm water drain': 0, 'Emergency': 0, 'Immediate': 0, 'IM': 0, 'AE': 0, 'A E': 0, 'AAPDA MITRA': 0, 'Bridge': 0, 'River': 0, 'Drain': 2, 'Restoration': 0, 'Protection': 0, 'irr': 0, 'irrigation': 0, 'dam': 0, 'Nallah': 0, 'nala': 0, 'Retrofitting': 0, 'Pond': 0, 'Pokhari': 0, 'D/C': 0, 'Recharge shaft': 0, 'LFB': 0, 'RFB': 0}","{'Floodlight': 0, 'Flood Light': 0, 'GAS': 0, 'FIFA': 0, 'pipe': 0, 'pipes': 0, 'covid': 0, 'supply': 0, 'Beautification': 0, 'Installation': 0}",,,False,True,Immediate Measures
104392,NIT NO-05/2025-26/GR24,"Construction of Fraction Part Of Drain From Saran Commissioner Residence To Gurukul Public School Via Rajendra Stadium Hanuman Mandir,Pappu Jee, Shekhar Singh And Surendra Singh House In Ward No 18 At Chapra Nagar Nigam.","Construction of Fraction Part Of Drain From Saran Commissioner Residence To Gurukul Public School Via Rajendra Stadium Hanuman Mandir,Pappu Jee, Shekhar Singh And Surendra Singh House In Ward No 18 At Chapra Nagar Nigam.",1293800.0,INR,INR,2025-07-03 03:23:31+00:00,2025-07-03T03:20:30.849000+00:00,2025-07-18T08:57:35+00:00,Sunil Kumar Pandey,"Municipal Commissioner, Chapra Nagar Nigam",Chapra Municipal Corporation,"Chapra Municipal Corporation, Municipal Chowk, Chapra (Saran) 841301",Sunil Kumar Pandey,"Municipal Commissioner, Chapra Nagar Nigam",Chapra Municipal Corporation,25876.0,2500.0,590.0,True,"{'Flood': 0, 'Embankment': 0, 'embkt': 0, 'Relief': 0, 'Erosion': 0, 'SDRF': 0, 'Inundation': 0, 'Hydrology': 0, 'Silt': 0, 'Siltation': 0, 'Bund': 0, 'Trench': 0, 'Breach': 0, 'Culvert': 0, 'Sluice': 0, 'Dyke': 0, 'Storm water drain': 0, 'Emergency': 0, 'Immediate': 0, 'IM': 0, 'AE': 0, 'A E': 0, 'AAPDA MITRA': 0, 'Bridge': 0, 'River': 0, 'Drain': 2, 'Restoration': 0, 'Protection': 0, 'irr': 0, 'irrigation': 0, 'dam': 0, 'Nallah': 0, 'nala': 0, 'Retrofitting': 0, 'Pond': 0, 'Pokhari': 0, 'D/C': 0, 'Recharge shaft': 0, 'LFB': 0, 'RFB': 0}","{'Floodlight': 0, 'Flood Light': 0, 'GAS': 0, 'FIFA': 0, 'pipe': 0, 'pipes': 0, 'covid': 0, 'supply': 0, 'Beautification': 0, 'Installation': 0}",,,False,True,Immediate Measures
104390,NIT NO-05/2025-26/GR21,Construction Of Drain From Madan Chaudhary And Dhruv Jee House To Kali Mandir In Ward No 05 Chapra Nagar Nigam.,Construction Of Drain From Madan Chaudhary And Dhruv Jee House To Kali Mandir In Ward No 05 Chapra Nagar Nigam.,1861183.0,INR,INR,2025-07-03 03:14:08+00:00,2025-07-03T03:10:19.346000+00:00,2025-07-18T08:50:32+00:00,Sunil Kumar Pandey,"Municipal Commissioner, Chapra Nagar Nigam",Chapra Municipal Corporation,"Chapra Municipal Corporation, Municipal Chowk, Chapra (Saran) 841301",Sunil Kumar Pandey,"Municipal Commissioner, Chapra Nagar Nigam",Chapra Municipal Corporation,37224.0,5000.0,590.0,True,"{'Flood': 0, 'Embankment': 0, 'embkt': 0, 'Relief': 0, 'Erosion': 0, 'SDRF': 0, 'Inundation': 0, 'Hydrology': 0, 'Silt': 0, 'Siltation': 0, 'Bund': 0, 'Trench': 0, 'Breach': 0, 'Culvert': 0, 'Sluice': 0, 'Dyke': 0, 'Storm water drain': 0, 'Emergency': 0, 'Immediate': 0, 'IM': 0, 'AE': 0, 'A E': 0, 'AAPDA MITRA': 0, 'Bridge': 0, 'River': 0, 'Drain': 2, 'Restoration': 0, 'Protection': 0, 'irr': 0, 'irrigation': 0, 'dam': 0, 'Nallah': 0, 'nala': 0, 'Retrofitting': 0, 'Pond': 0, 'Pokhari': 0, 'D/C': 0, 'Recharge shaft': 0, 'LFB': 0, 'RFB': 0}","{'Floodlight': 0, 'Flood Light': 0, 'GAS': 0, 'FIFA': 0, 'pipe': 0, 'pipes': 0, 'covid': 0, 'supply': 0, 'Beautification': 0, 'Installation': 0}",,,False,True,Immediate Measures
104391,NIT NO-05/2025-26/GR22,"Construction Of Drain From Ashok Patel House To Niraj Tiwari House Via Mantu Manjhi House In Ojha Toli, Ward No 10 At Chapra Nagar Nigam.","Construction Of Drain From Ashok Patel House To Niraj Tiwari House Via Mantu Manjhi House In Ojha Toli, Ward No 10 At Chapra Nagar Nigam.",453683.0,INR,INR,2025-07-03 03:17:03+00:00,2025-07-03T03:14:27.039000+00:00,2025-07-18T08:53:32+00:00,Sunil Kumar Pandey,"Municipal Commissioner, Chapra Nagar Nigam",Chapra Municipal Corporation,"Chapra Municipal Corporation, Municipal Chowk, Chapra (Saran) 841301",Sunil Kumar Pandey,"Municipal Commissioner, Chapra Nagar Nigam",Chapra Municipal Corporation,9074.0,1250.0,590.0,True,"{'Flood': 0, 'Embankment': 0, 'embkt': 0, 'Relief': 0, 'Erosion': 0, 'SDRF': 0, 'Inundation': 0, 'Hydrology': 0, 'Silt': 0, 'Siltation': 0, 'Bund': 0, 'Trench': 0, 'Breach': 0, 'Culvert': 0, 'Sluice': 0, 'Dyke': 0, 'Storm water drain': 0, 'Emergency': 0, 'Immediate': 0, 'IM': 0, 'AE': 0, 'A E': 0, 'AAPDA MITRA': 0, 'Bridge': 0, 'River': 0, 'Drain': 2, 'Restoration': 0, 'Protection': 0, 'irr': 0, 'irrigation': 0, 'dam': 0, 'Nallah': 0, 'nala': 0, 'Retrofitting': 0, 'Pond': 0, 'Pokhari': 0, 'D/C': 0, 'Recharge shaft': 0, 'LFB': 0, 'RFB': 0}","{'Floodlight': 0, 'Flood Light': 0, 'GAS': 0, 'FIFA': 0, 'pipe': 0, 'pipes': 0, 'covid': 0, 'supply': 0, 'Beautification': 0, 'Installation': 0}",,,False,True,Immediate Measures
104399,ID BANMANKHI NIT NO 05/2025-26,Construction of SLR Bridge of Dhamdaha Distributary at KM 34.15 (R.D. -112.00),Construction of SLR Bridge of Dhamdaha Distributary at KM 34.15 (R.D. -112.00),5087831.0,INR,INR,2025-07-03 09:46:05+00:00,2025-07-03T08:12:56.780000+00:00,2025-08-23T11:31:21+00:00,PRAKASH KUMAR,EE,WRD,EE BANMANKHI,Mr SACHIN KUMAR (SUPERINTENDENT ENGINEER),"SE, IC, PURNIA",WRD,102000.0,10000.0,590.0,True,"{'Flood': 0, 'Embankment': 0, 'embkt': 0, 'Relief': 0, 'Erosion': 0, 'SDRF': 0, 'Inundation': 0, 'Hydrology': 0, 'Silt': 0, 'Siltation': 0, 'Bund': 0, 'Trench': 0, 'Breach': 0, 'Culvert': 0, 'Sluice': 0, 'Dyke': 0, 'Storm water drain': 0, 'Emergency': 0, 'Immediate': 0, 'IM': 0, 'AE': 0, 'A E': 0, 'AAPDA MITRA': 0, 'Bridge': 2, 'River': 0, 'Drain': 0, 'Restoration': 0, 'Protection': 0, 'irr': 0, 'irrigation': 0, 'dam': 0, 'Nallah': 0, 'nala': 0, 'Retrofitting': 0, 'Pond': 0, 'Pokhari': 0, 'D/C': 0, 'Recharge shaft': 0, 'LFB': 0, 'RFB': 0}","{'Floodlight': 0, 'Flood Light': 0, 'GAS': 0, 'FIFA': 0, 'pipe': 0, 'pipes': 0, 'covid': 0, 'supply': 0, 'Beautification': 0, 'Installation': 0}",,,False,True,Others
104396,NIT-02R1/PHED/SHEOHAR/2025-26,"Construction of 40 Nos. New 125MM X  40MM DIA X  61M deep hand operated Tubewell with INDIA MARK-II handpump with platform & drain & Soakpit in scarce area in Sheohar district under P H Division, Sheohar for the year 2025-26.","Construction of 40 Nos. New 125MM X  40MM DIA X  61M deep hand operated Tubewell with INDIA MARK-II handpump with platform & drain & Soakpit in scarce area in Sheohar district under P H Division, Sheohar for the year 2025-26.",2910460.0,INR,INR,2025-07-03 07:05:01+00:00,2025-07-03T06:44:31.530000+00:00,2025-07-23T07:43:46+00:00,Arun Prakash,"Executive Engineer, Sheohar",Public Health Engineering Department,P H Division Sheohar,SUPERITENDING ENGINEER MUZAFFARPUR,SE,PHED CIRCLE OFFICE MUZAFFARPUR,59000.0,5000.0,590.0,True,"{'Flood': 0, 'Embankment': 0, 'embkt': 0, 'Relief': 0, 'Erosion': 0, 'SDRF': 0, 'Inundation': 0, 'Hydrology': 0, 'Silt': 0, 'Siltation': 0, 'Bund': 0, 'Trench': 0, 'Breach': 0, 'Culvert': 0, 'Sluice': 0, 'Dyke': 0, 'Storm water drain': 0, 'Emergency': 0, 'Immediate': 0, 'IM': 0, 'AE': 0, 'A E': 0, 'AAPDA MITRA': 0, 'Bridge': 0, 'River': 0, 'Drain': 2, 'Restoration': 0, 'Protection': 0, 'irr': 0, 'irrigation': 0, 'dam': 0, 'Nallah': 0, 'nala': 0, 'Retrofitting': 0, 'Pond': 0, 'Pokhari': 0, 'D/C': 0, 'Recharge shaft': 0, 'LFB': 0, 'RFB': 0}","{'Floodlight': 0, 'Flood Light': 0, 'GAS': 0, 'FIFA': 0, 'pipe': 0, 'pipes': 0, 'covid': 0, 'supply': 0, 'Beautification': 0, 'Installation': 0}",,,False,True,Others
104426,NIT-06/(2025-26)/GR-03,Detailed estimate for (1) Road and drain from Rangoli shop to anjani joshi house (2)   Drain from Pursottam lal singhania house to Rakesh panday house ward no - 17 under Nagar Nigam Bettiah during year 2024-25.,Detailed estimate for (1) Road and drain from Rangoli shop to anjani joshi house (2)   Drain from Pursottam lal singhania house to Rakesh panday house ward no - 17 under Nagar Nigam Bettiah during year 2024-25.,426106.0,INR,INR,2025-07-03 09:53:00+00:00,2025-07-03T09:45:52.227000+00:00,2025-07-11T09:31:00+00:00,Laxman Tiwari,MC Bettiah Municipal Corporation,BETTIAH NAGAR NIGAM,OFFICE OF BETTIAH NAGAR NIGAM,Laxman Tiwari,MC Bettiah Municipal Corporation,BETTIAH NAGAR NIGAM,8600.0,750.0,590.0,True,"{'Flood': 0, 'Embankment': 0, 'embkt': 0, 'Relief': 0, 'Erosion': 0, 'SDRF': 0, 'Inundation': 0, 'Hydrology': 0, 'Silt': 0, 'Siltation': 0, 'Bund': 0, 'Trench': 0, 'Breach': 0, 'Culvert': 0, 'Sluice': 0, 'Dyke': 0, 'Storm water drain': 0, 'Emergency': 0, 'Immediate': 0, 'IM': 0, 'AE': 0, 'A E': 0, 'AAPDA MITRA': 0, 'Bridge': 0, 'River': 0, 'Drain': 4, 'Restoration': 0, 'Protection': 0, 'irr': 0, 'irrigation': 0, 'dam': 0, 'Nallah': 0, 'nala': 0, 'Retrofitting': 0, 'Pond': 0, 'Pokhari': 0, 'D/C': 0, 'Recharge shaft': 0, 'LFB': 0, 'RFB': 0}","{'Floodlight': 0, 'Flood Light': 0, 'GAS': 0, 'FIFA': 0, 'pipe': 0, 'pipes': 0, 'covid': 0, 'supply': 0, 'Beautification': 0, 'Installation': 0}",,,False,True,Immediate Measures
104431,NIT-06/(2025-26)/GR-05,Detailed estimate for Renovation of Drain From  1. Hira lal patel house to Janak prasad house via Bhartiya bij bhandar 2. Manoj Raut house to Bij bhandar via Bachosatti mandir 3. Manindra srivastava house to Rajesh gupta shop 4. Near Vijay kumar Bernwal house in ward no - 17 under Nagar Nigam Bettiah during year 2024-25.,Detailed estimate for Renovation of Drain From  1. Hira lal patel house to Janak prasad house via Bhartiya bij bhandar 2. Manoj Raut house to Bij bhandar via Bachosatti mandir 3. Manindra srivastava house to Rajesh gupta shop 4. Near Vijay kumar Bernwal house in ward no - 17 under Nagar Nigam Bettiah during year 2024-25.,603938.0,INR,INR,2025-07-03 10:05:32+00:00,2025-07-03T09:56:55.876000+00:00,2025-07-17T09:28:17+00:00,Laxman Tiwari,MC Bettiah Municipal Corporation,BETTIAH NAGAR NIGAM,OFFICE OF BETTIAH NAGAR NIGAM,Laxman Tiwari,MC Bettiah Municipal Corporation,BETTIAH NAGAR NIGAM,12100.0,1250.0,590.0,True,"{'Flood': 0, 'Embankment': 0, 'embkt': 0, 'Relief': 0, 'Erosion': 0, 'SDRF': 0, 'Inundation': 0, 'Hydrology': 0, 'Silt': 0, 'Siltation': 0, 'Bund': 0, 'Trench': 0, 'Breach': 0, 'Culvert': 0, 'Sluice': 0, 'Dyke': 0, 'Storm water drain': 0, 'Emergency': 0, 'Immediate': 0, 'IM': 0, 'AE': 0, 'A E': 0, 'AAPDA MITRA': 0, 'Bridge': 0, 'River': 0, 'Drain': 2, 'Restoration': 0, 'Protection': 0, 'irr': 0, 'irrigation': 0, 'dam': 0, 'Nallah': 0, 'nala': 0, 'Retrofitting': 0, 'Pond': 0, 'Pokhari': 0, 'D/C': 0, 'Recharge shaft': 0, 'LFB': 0, 'RFB': 0}","{'Floodlight': 0, 'Flood Light': 0, 'GAS': 0, 'FIFA': 0, 'pipe': 0, 'pipes': 0, 'covid': 0, 'supply': 0, 'Beautification': 0, 'Installation': 0}",,,False,True,Immediate Measures
104438,NIT-06/(2025-26)/GR-09,"Detailed estimate for  Road and drain from front of Main Post Office Advocate Shri Abdul Hayi house via Dhrup ji house , Drain from Om Parkash ji house to Main Road and Road from Ujjain Tola Syed Fakhruddin ji house to Munna Ji house in ward no - 23 under Nagar Nigam Bettiah during year 2023-24.","Detailed estimate for  Road and drain from front of Main Post Office Advocate Shri Abdul Hayi house via Dhrup ji house , Drain from Om Parkash ji house to Main Road and Road from Ujjain Tola Syed Fakhruddin ji house to Munna Ji house in ward no - 23 under Nagar Nigam Bettiah during year 2023-24.",511900.0,INR,INR,2025-07-03 10:19:44+00:00,2025-07-03T10:17:03.368000+00:00,2025-07-17T09:32:18+00:00,Laxman Tiwari,MC Bettiah Municipal Corporation,BETTIAH NAGAR NIGAM,OFFICE OF BETTIAH NAGAR NIGAM,Laxman Tiwari,MC Bettiah Municipal Corporation,BETTIAH NAGAR NIGAM,10238.0,1250.0,590.0,True,"{'Flood': 0, 'Embankment': 0, 'embkt': 0, 'Relief': 0, 'Erosion': 0, 'SDRF': 0, 'Inundation': 0, 'Hydrology': 0, 'Silt': 0, 'Siltation': 0, 'Bund': 0, 'Trench': 0, 'Breach': 0, 'Culvert': 0, 'Sluice': 0, 'Dyke': 0, 'Storm water drain': 0, 'Emergency': 0, 'Immediate': 0, 'IM': 0, 'AE': 0, 'A E': 0, 'AAPDA MITRA': 0, 'Bridge': 0, 'River': 0, 'Drain': 4, 'Restoration': 0, 'Protection': 0, 'irr': 0, 'irrigation': 0, 'dam': 0, 'Nallah': 0, 'nala': 0, 'Retrofitting': 0, 'Pond': 0, 'Pokhari': 0, 'D/C': 0, 'Recharge shaft': 0, 'LFB': 0, 'RFB': 0}","{'Floodlight': 0, 'Flood Light': 0, 'GAS': 0, 'FIFA': 0, 'pipe': 0, 'pipes': 0, 'covid': 0, 'supply': 0, 'Beautification': 0, 'Installation': 0}",,,False,True,Immediate Measures
104436,NIT-06/(2025-26)/GR-08,Detailed estimate for Renovation of drain from Rajesh ji house to Raju ji house and both side in ward no - 06 under Nagar Nigam Bettiah during year 2023-24.,Detailed estimate for Renovation of drain from Rajesh ji house to Raju ji house and both side in ward no - 06 under Nagar Nigam Bettiah during year 2023-24.,641560.0,INR,INR,2025-07-03 10:16:51+00:00,2025-07-03T10:14:11.245000+00:00,2025-07-17T09:31:01+00:00,Laxman Tiwari,MC Bettiah Municipal Corporation,BETTIAH NAGAR NIGAM,OFFICE OF BETTIAH NAGAR NIGAM,Laxman Tiwari,MC Bettiah Municipal Corporation,BETTIAH NAGAR NIGAM,12831.0,1250.0,590.0,True,"{'Flood': 0, 'Embankment': 0, 'embkt': 0, 'Relief': 0, 'Erosion': 0, 'SDRF': 0, 'Inundation': 0, 'Hydrology': 0, 'Silt': 0, 'Siltation': 0, 'Bund': 0, 'Trench': 0, 'Breach': 0, 'Culvert': 0, 'Sluice': 0, 'Dyke': 0, 'Storm water drain': 0, 'Emergency': 0, 'Immediate': 0, 'IM': 0, 'AE': 0, 'A E': 0, 'AAPDA MITRA': 0, 'Bridge': 0, 'River': 0, 'Drain': 2, 'Restoration': 0, 'Protection': 0, 'irr': 0, 'irrigation': 0, 'dam': 0, 'Nallah': 0, 'nala': 0, 'Retrofitting': 0, 'Pond': 0, 'Pokhari': 0, 'D/C': 0, 'Recharge shaft': 0, 'LFB': 0, 'RFB': 0}","{'Floodlight': 0, 'Flood Light': 0, 'GAS': 0, 'FIFA': 0, 'pipe': 0, 'pipes': 0, 'covid': 0, 'supply': 0, 'Beautification': 0, 'Installation': 0}",,,False,True,Immediate Measures
104424,NIT-06/(2025-26)/GR-02,Detailed estimate for (1) drain from Shambhu agarwal house to Oswal anand house (2)  drain from Dhanraj press to Rajeev Goyenka house  (3) Road and drain from Pundeo poddar house to Brother health care center in ward no - 17 under Nagar Nigam Bettiah during year 2024-25.,Detailed estimate for (1) drain from Shambhu agarwal house to Oswal anand house (2)  drain from Dhanraj press to Rajeev Goyenka house  (3) Road and drain from Pundeo poddar house to Brother health care center in ward no - 17 under Nagar Nigam Bettiah during year 2024-25.,771001.0,INR,INR,2025-07-03 09:45:41+00:00,2025-07-03T09:42:06.661000+00:00,2025-07-17T09:21:42+00:00,Laxman Tiwari,MC Bettiah Municipal Corporation,BETTIAH NAGAR NIGAM,OFFICE OF BETTIAH NAGAR NIGAM,Laxman Tiwari,MC Bettiah Municipal Corporation,BETTIAH NAGAR NIGAM,15500.0,1250.0,590.0,True,"{'Flood': 0, 'Embankment': 0, 'embkt': 0, 'Relief': 0, 'Erosion': 0, 'SDRF': 0, 'Inundation': 0, 'Hydrology': 0, 'Silt': 0, 'Siltation': 0, 'Bund': 0, 'Trench': 0, 'Breach': 0, 'Culvert': 0, 'Sluice': 0, 'Dyke': 0, 'Storm water drain': 0, 'Emergency': 0, 'Immediate': 0, 'IM': 0, 'AE': 0, 'A E': 0, 'AAPDA MITRA': 0, 'Bridge': 0, 'River': 0, 'Drain': 6, 'Restoration': 0, 'Protection': 0, 'irr': 0, 'irrigation': 0, 'dam': 0, 'Nallah': 0, 'nala': 0, 'Retrofitting': 0, 'Pond': 0, 'Pokhari': 0, 'D/C': 0, 'Recharge shaft': 0, 'LFB': 0, 'RFB': 0}","{'Floodlight': 0, 'Flood Light': 0, 'GAS': 0, 'FIFA': 0, 'pipe': 0, 'pipes': 0, 'covid': 0, 'supply': 0, 'Beautification': 0, 'Installation': 0}",,,False,True,Immediate Measures
104433,NIT-06/(2025-26)/GR-06,"Detailed estimate for Drain , Road ,Culvert  Approach from Teen lalten chowk near Vikash Meat Shop behind Gali , Md Zafir house to Main Drain pcc & rcc & Near Teen Lalten chowk front of Parvez Quraisi house approach work in ward no - 17 under Nagar Nigam Bettiah during year 2023-24.","Detailed estimate for Drain , Road ,Culvert  Approach from Teen lalten chowk near Vikash Meat Shop behind Gali , Md Zafir house to Main Drain pcc & rcc & Near Teen Lalten chowk front of Parvez Quraisi house approach work in ward no - 17 under Nagar Nigam Bettiah during year 2023-24.",371458.0,INR,INR,2025-07-03 10:09:27+00:00,2025-07-03T10:06:20.278000+00:00,2025-07-11T09:31:00+00:00,Laxman Tiwari,MC Bettiah Municipal Corporation,BETTIAH NAGAR NIGAM,OFFICE OF BETTIAH NAGAR NIGAM,Laxman Tiwari,MC Bettiah Municipal Corporation,BETTIAH NAGAR NIGAM,7430.0,750.0,590.0,True,"{'Flood': 0, 'Embankment': 0, 'embkt': 0, 'Relief': 0, 'Erosion': 0, 'SDRF': 0, 'Inundation': 0, 'Hydrology': 0, 'Silt': 0, 'Siltation': 0, 'Bund': 0, 'Trench': 0, 'Breach': 0, 'Culvert': 2, 'Sluice': 0, 'Dyke': 0, 'Storm water drain': 0, 'Emergency': 0, 'Immediate': 0, 'IM': 0, 'AE': 0, 'A E': 0, 'AAPDA MITRA': 0, 'Bridge': 0, 'River': 0, 'Drain': 4, 'Restoration': 0, 'Protection': 0, 'irr': 0, 'irrigation': 0, 'dam': 0, 'Nallah': 0, 'nala': 0, 'Retrofitting': 0, 'Pond': 0, 'Pokhari': 0, 'D/C': 0, 'Recharge shaft': 0, 'LFB': 0, 'RFB': 0}","{'Floodlight': 0, 'Flood Light': 0, 'GAS': 0, 'FIFA': 0, 'pipe': 0, 'pipes': 0, 'covid': 0, 'supply': 0, 'Beautification': 0, 'Installation': 0}",,,False,True,Immediate Measures
104445,BSDM/RPL/RFP-119/2025,"Secretary, Dept. of Labour Resources, Govt. of Bihar- cum- CEO, Bihar Skill Development Mission (BSDM), invites proposals (Single Bid System) from reputed and experienced organizations to implement Recognition of Prior Learning (RPL) with Bridge Course Program for Labour Resources Department, Govt. of Bihar under the overall framework of Bihar Skill Development Mission.","Secretary, Dept. of Labour Resources, Govt. of Bihar- cum- CEO, Bihar Skill Development Mission (BSDM), invites proposals (Single Bid System) from reputed and experienced organizations to implement Recognition of Prior Learning (RPL) with Bridge Course Program for Labour Resources Department, Govt. of Bihar under the overall framework of Bihar Skill Development Mission.",0.0,INR,INR,2025-07-03 11:39:01+00:00,2025-07-03T10:52:26.484000+00:00,2025-08-12T10:38:29+00:00,SURESH KUMAR SINGH,MD,Bihar Skill Development Mission,"5th Floor A- Block Niyojan Bhavan, near Income Tax Golumber",SURESH KUMAR SINGH,MD,Bihar Skill Development Mission,50000.0,5000.0,590.0,True,"{'Flood': 0, 'Embankment': 0, 'embkt': 0, 'Relief': 0, 'Erosion': 0, 'SDRF': 0, 'Inundation': 0, 'Hydrology': 0, 'Silt': 0, 'Siltation': 0, 'Bund': 0, 'Trench': 0, 'Breach': 0, 'Culvert': 0, 'Sluice': 0, 'Dyke': 0, 'Storm water drain': 0, 'Emergency': 0, 'Immediate': 0, 'IM': 0, 'AE': 0, 'A E': 0, 'AAPDA MITRA': 0, 'Bridge': 2, 'River': 0, 'Drain': 0, 'Restoration': 0, 'Protection': 0, 'irr': 0, 'irrigation': 0, 'dam': 0, 'Nallah': 0, 'nala': 0, 'Retrofitting': 0, 'Pond': 0, 'Pokhari': 0, 'D/C': 0, 'Recharge shaft': 0, 'LFB': 0, 'RFB': 0}","{'Floodlight': 0, 'Flood Light': 0, 'GAS': 0, 'FIFA': 0, 'pipe': 0, 'pipes': 0, 'covid': 0, 'supply': 0, 'Beautification': 0, 'Installation': 0}",,,False,True,Immediate Measures
104430,NIT-06/(2025-26)/GR-04,"Detailed estimate for Renovation of Drain From 1. Manish madhogadhiya house to Bharat Sarraf house via Raj kumar jain house, Anil yadav house  2. Arun bernwal house to Nand kishor Poddar house via Chetan Poddar house  3. Lakhmi hardware to Amit kayal house via Gayatri mandir  in ward no - 17 under Nagar Nigam Bettiah during year 2024-25.","Detailed estimate for Renovation of Drain From 1. Manish madhogadhiya house to Bharat Sarraf house via Raj kumar jain house, Anil yadav house  2. Arun bernwal house to Nand kishor Poddar house via Chetan Poddar house  3. Lakhmi hardware to Amit kayal house via Gayatri mandir  in ward no - 17 under Nagar Nigam Bettiah during year 2024-25.",502923.0,INR,INR,2025-07-03 09:56:46+00:00,2025-07-03T09:53:39.205000+00:00,2025-07-11T09:31:00+00:00,Laxman Tiwari,MC Bettiah Municipal Corporation,BETTIAH NAGAR NIGAM,OFFICE OF BETTIAH NAGAR NIGAM,Laxman Tiwari,MC Bettiah Municipal Corporation,BETTIAH NAGAR NIGAM,10100.0,1250.0,590.0,True,"{'Flood': 0, 'Embankment': 0, 'embkt': 0, 'Relief': 0, 'Erosion': 0, 'SDRF': 0, 'Inundation': 0, 'Hydrology': 0, 'Silt': 0, 'Siltation': 0, 'Bund': 0, 'Trench': 0, 'Breach': 0, 'Culvert': 0, 'Sluice': 0, 'Dyke': 0, 'Storm water drain': 0, 'Emergency': 0, 'Immediate': 0, 'IM': 0, 'AE': 0, 'A E': 0, 'AAPDA MITRA': 0, 'Bridge': 0, 'River': 0, 'Drain': 2, 'Restoration': 0, 'Protection': 0, 'irr': 0, 'irrigation': 0, 'dam': 0, 'Nallah': 0, 'nala': 0, 'Retrofitting': 0, 'Pond': 0, 'Pokhari': 0, 'D/C': 0, 'Recharge shaft': 0, 'LFB': 0, 'RFB': 0}","{'Floodlight': 0, 'Flood Light': 0, 'GAS': 0, 'FIFA': 0, 'pipe': 0, 'pipes': 0, 'covid': 0, 'supply': 0, 'Beautification': 0, 'Installation': 0}",,,False,True,Immediate Measures
104461,NIT-04/2025-26/SL-97,"Bihari ji k makan se subhash babu ,choti masjid se ali raja k ghar hote pali ji tk,puran yadav se shyam sunder,damodar yadav se peepal ped tak  avam sundar garh nala par tute hue slab avam nali nirman ward26.","Bihari ji k makan se subhash babu ,choti masjid se ali raja k ghar hote pali ji tk,puran yadav se shyam sunder,damodar yadav se peepal ped tak  avam sundar garh nala par tute hue slab avam nali nirman ward26.",2499500.0,INR,INR,2025-07-10 05:36:48+00:00,2025-07-03T12:21:44.426000+00:00,2025-10-11T07:03:47+00:00,MUNICIPAL COMMISSIONER (BIHARSHARIF),MUNICIPAL COMMISSIONER,BIHARSHARIF MUNICIPAL CORPORATION,Biharsharif Nagar Nigam Garhpar Biharsharif Nalanda,MUNICIPAL COMMISSIONER (BIHARSHARIF),MUNICIPAL COMMISSIONER,BIHARSHARIF MUNICIPAL CORPORATION,50000.0,5000.0,590.0,True,"{'Flood': 0, 'Embankment': 0, 'embkt': 0, 'Relief': 0, 'Erosion': 0, 'SDRF': 0, 'Inundation': 0, 'Hydrology': 0, 'Silt': 0, 'Siltation': 0, 'Bund': 0, 'Trench': 0, 'Breach': 0, 'Culvert': 0, 'Sluice': 0, 'Dyke': 0, 'Storm water drain': 0, 'Emergency': 0, 'Immediate': 0, 'IM': 0, 'AE': 0, 'A E': 0, 'AAPDA MITRA': 0, 'Bridge': 0, 'River': 0, 'Drain': 0, 'Restoration': 0, 'Protection': 0, 'irr': 0, 'irrigation': 0, 'dam': 0, 'Nallah': 0, 'nala': 2, 'Retrofitting': 0, 'Pond': 0, 'Pokhari': 0, 'D/C': 0, 'Recharge shaft': 0, 'LFB': 0, 'RFB': 0}","{'Floodlight': 0, 'Flood Light': 0, 'GAS': 0, 'FIFA': 0, 'pipe': 0, 'pipes': 0, 'covid': 0, 'supply': 0, 'Beautification': 0, 'Installation': 0}",,,False,False,Others
104478,RCD/05(ii)/NEW CAPITAL/2025-26,"Emergent Restoration of Gayatri Mandir Road Under New Capital Road Division, Patna for the year 2025-26 Cutting By BUIDCo Under Kankarbagh Sewerage Network Zone Scheme.","Emergent Restoration of Gayatri Mandir Road Under New Capital Road Division, Patna for the year 2025-26 Cutting By BUIDCo Under Kankarbagh Sewerage Network Zone Scheme.",11093056.0,INR,INR,2025-07-03 13:53:21+00:00,2025-07-03T13:37:27.989000+00:00,2025-07-11T09:31:00+00:00,Abhishek Kumar,Executive Engineer NCD,ROAD CONSTRUCTION DEPARTMENT PATNA NEW CAPITAL,LODIPUR,SADHU SHARAN,"SUPERINTENDING ENGINEER,",ROAD CONSTRUCTION DEPARTMENT,221900.0,10000.0,3540.0,True,"{'Flood': 0, 'Embankment': 0, 'embkt': 0, 'Relief': 0, 'Erosion': 0, 'SDRF': 0, 'Inundation': 0, 'Hydrology': 0, 'Silt': 0, 'Siltation': 0, 'Bund': 0, 'Trench': 0, 'Breach': 0, 'Culvert': 0, 'Sluice': 0, 'Dyke': 0, 'Storm water drain': 0, 'Emergency': 0, 'Immediate': 0, 'IM': 0, 'AE': 0, 'A E': 0, 'AAPDA MITRA': 0, 'Bridge': 0, 'River': 0, 'Drain': 0, 'Restoration': 2, 'Protection': 0, 'irr': 0, 'irrigation': 0, 'dam': 0, 'Nallah': 0, 'nala': 0, 'Retrofitting': 0, 'Pond': 0, 'Pokhari': 0, 'D/C': 0, 'Recharge shaft': 0, 'LFB': 0, 'RFB': 0}","{'Floodlight': 0, 'Flood Light': 0, 'GAS': 0, 'FIFA': 0, 'pipe': 0, 'pipes': 0, 'covid': 0, 'supply': 0, 'Beautification': 0, 'Installation': 0}",,,False,True,Repair and Restoration
104470,NIT-04/2025-26/SL-105,"Pandit nagar mein sima bhawan se chandan kumar ke ghar hote main nala tak , vickkey paswan ke ghar se indradev sipahi jee ke ghar avam rameshwar prasad se visheshwar sharma se devnandan pandit  ,vijay jee ke ghar se dharmendra je ke ghar hote bhagirat jee ke ghar tak avam sakura kuwan ke pass nali avam patha ka nirman ward 28.","Pandit nagar mein sima bhawan se chandan kumar ke ghar hote main nala tak , vickkey paswan ke ghar se indradev sipahi jee ke ghar avam rameshwar prasad se visheshwar sharma se devnandan pandit  ,vijay jee ke ghar se dharmendra je ke ghar hote bhagirat jee ke ghar tak avam sakura kuwan ke pass nali avam patha ka nirman ward 28.",2470600.0,INR,INR,2025-07-10 05:24:11+00:00,2025-07-03T12:58:46.978000+00:00,2025-10-18T06:18:04+00:00,MUNICIPAL COMMISSIONER (BIHARSHARIF),MUNICIPAL COMMISSIONER,BIHARSHARIF MUNICIPAL CORPORATION,Biharsharif Nagar Nigam Garhpar Biharsharif Nalanda,MUNICIPAL COMMISSIONER (BIHARSHARIF),MUNICIPAL COMMISSIONER,BIHARSHARIF MUNICIPAL CORPORATION,50000.0,5000.0,590.0,True,"{'Flood': 0, 'Embankment': 0, 'embkt': 0, 'Relief': 0, 'Erosion': 0, 'SDRF': 0, 'Inundation': 0, 'Hydrology': 0, 'Silt': 0, 'Siltation': 0, 'Bund': 0, 'Trench': 0, 'Breach': 0, 'Culvert': 0, 'Sluice': 0, 'Dyke': 0, 'Storm water drain': 0, 'Emergency': 0, 'Immediate': 0, 'IM': 0, 'AE': 0, 'A E': 0, 'AAPDA MITRA': 0, 'Bridge': 0, 'River': 0, 'Drain': 0, 'Restoration': 0, 'Protection': 0, 'irr': 0, 'irrigation': 0, 'dam': 0, 'Nallah': 0, 'nala': 2, 'Retrofitting': 0, 'Pond': 0, 'Pokhari': 0, 'D/C': 0, 'Recharge shaft': 0, 'LFB': 0, 'RFB': 0}","{'Floodlight': 0, 'Flood Light': 0, 'GAS': 0, 'FIFA': 0, 'pipe': 0, 'pipes': 0, 'covid': 0, 'supply': 0, 'Beautification': 0, 'Installation': 0}",,,False,False,Immediate Measures
104480,RCD/05(III)/NEW CAPITAL/2025-26,"Emergent Restoration of Ganga Devi College Road (From Kankarbagh Road No-2 to Kankarbagh Road No-4) Under New Capital Road Division, Patna for the year 2025-26 Cutting By BUIDCo Under Kankarbagh Sewerage Network Zone Scheme","Emergent Restoration of Ganga Devi College Road (From Kankarbagh Road No-2 to Kankarbagh Road No-4) Under New Capital Road Division, Patna for the year 2025-26 Cutting By BUIDCo Under Kankarbagh Sewerage Network Zone Scheme",9359063.0,INR,INR,2025-07-03 14:07:09+00:00,2025-07-03T13:55:53.677000+00:00,2025-07-11T09:31:00+00:00,Abhishek Kumar,Executive Engineer NCD,ROAD CONSTRUCTION DEPARTMENT PATNA NEW CAPITAL,LODIPUR,SADHU SHARAN,"SUPERINTENDING ENGINEER,",ROAD CONSTRUCTION DEPARTMENT,187200.0,10000.0,3540.0,True,"{'Flood': 0, 'Embankment': 0, 'embkt': 0, 'Relief': 0, 'Erosion': 0, 'SDRF': 0, 'Inundation': 0, 'Hydrology': 0, 'Silt': 0, 'Siltation': 0, 'Bund': 0, 'Trench': 0, 'Breach': 0, 'Culvert': 0, 'Sluice': 0, 'Dyke': 0, 'Storm water drain': 0, 'Emergency': 0, 'Immediate': 0, 'IM': 0, 'AE': 0, 'A E': 0, 'AAPDA MITRA': 0, 'Bridge': 0, 'River': 0, 'Drain': 0, 'Restoration': 2, 'Protection': 0, 'irr': 0, 'irrigation': 0, 'dam': 0, 'Nallah': 0, 'nala': 0, 'Retrofitting': 0, 'Pond': 0, 'Pokhari': 0, 'D/C': 0, 'Recharge shaft': 0, 'LFB': 0, 'RFB': 0}","{'Floodlight': 0, 'Flood Light': 0, 'GAS': 0, 'FIFA': 0, 'pipe': 0, 'pipes': 0, 'covid': 0, 'supply': 0, 'Beautification': 0, 'Installation': 0}",,,False,True,Repair and Restoration
104474,RCD/05/NEW CAPITAL/2025-26,"Emergent Restoration of Lohiya Nagar Post Office Road (From Kankarbagh Road No-1 to Kankarbagh Road No-3) Under New Capital Road Division, Patna for the year 2025-26 Cutting By BUIDCo Under Kankarbagh Sewerage Network Zone Scheme.","Emergent Restoration of Lohiya Nagar Post Office Road (From Kankarbagh Road No-1 to Kankarbagh Road No-3) Under New Capital Road Division, Patna for the year 2025-26 Cutting By BUIDCo Under Kankarbagh Sewerage Network Zone Scheme.",13770628.0,INR,INR,2025-07-03 13:30:14+00:00,2025-07-03T13:09:44.235000+00:00,2025-09-19T11:20:49+00:00,Abhishek Kumar,Executive Engineer NCD,ROAD CONSTRUCTION DEPARTMENT PATNA NEW CAPITAL,LODIPUR,SADHU SHARAN,"SUPERINTENDING ENGINEER,",ROAD CONSTRUCTION DEPARTMENT,275500.0,10000.0,3540.0,True,"{'Flood': 0, 'Embankment': 0, 'embkt': 0, 'Relief': 0, 'Erosion': 0, 'SDRF': 0, 'Inundation': 0, 'Hydrology': 0, 'Silt': 0, 'Siltation': 0, 'Bund': 0, 'Trench': 0, 'Breach': 0, 'Culvert': 0, 'Sluice': 0, 'Dyke': 0, 'Storm water drain': 0, 'Emergency': 0, 'Immediate': 0, 'IM': 0, 'AE': 0, 'A E': 0, 'AAPDA MITRA': 0, 'Bridge': 0, 'River': 0, 'Drain': 0, 'Restoration': 2, 'Protection': 0, 'irr': 0, 'irrigation': 0, 'dam': 0, 'Nallah': 0, 'nala': 0, 'Retrofitting': 0, 'Pond': 0, 'Pokhari': 0, 'D/C': 0, 'Recharge shaft': 0, 'LFB': 0, 'RFB': 0}","{'Floodlight': 0, 'Flood Light': 0, 'GAS': 0, 'FIFA': 0, 'pipe': 0, 'pipes': 0, 'covid': 0, 'supply': 0, 'Beautification': 0, 'Installation': 0}",,,False,True,Repair and Restoration
104486,05/ PHED/JAM/2025-26(GR-01),"Construction of 20 Nos 125/115mm dia x 70m deep Drilled T/wells and 19 Nos 125mmdiax45m Gravel Packed T/Wells  with  India Mark II Hand Pump Platform and drain and with 39 Nos of soakpit during summer season  in the water scarce area under P.H.Division, Jamui for the year 2025-26","Construction of 20 Nos 125/115mm dia x 70m deep Drilled T/wells and 19 Nos 125mmdiax45m Gravel Packed T/Wells  with  India Mark II Hand Pump Platform and drain and with 39 Nos of soakpit during summer season  in the water scarce area under P.H.Division, Jamui for the year 2025-26",4080305.0,INR,INR,2025-07-04 06:12:14+00:00,2025-07-04T06:06:33.681000+00:00,2025-07-25T11:19:28+00:00,Er. PRINCE KUMAR,"EXECUTIVE ENGINEER, JAMUI","P. H. Division, Jamui",PHED COLONY JAMUI SIRCHAND NAWADA ROAD NEAR OF DDC RESIDENCE,Ramashankar Singh,SE Munger,"PHE, Circle, Munger",81700.0,5000.0,590.0,True,"{'Flood': 0, 'Embankment': 0, 'embkt': 0, 'Relief': 0, 'Erosion': 0, 'SDRF': 0, 'Inundation': 0, 'Hydrology': 0, 'Silt': 0, 'Siltation': 0, 'Bund': 0, 'Trench': 0, 'Breach': 0, 'Culvert': 0, 'Sluice': 0, 'Dyke': 0, 'Storm water drain': 0, 'Emergency': 0, 'Immediate': 0, 'IM': 0, 'AE': 0, 'A E': 0, 'AAPDA MITRA': 0, 'Bridge': 0, 'River': 0, 'Drain': 2, 'Restoration': 0, 'Protection': 0, 'irr': 0, 'irrigation': 0, 'dam': 0, 'Nallah': 0, 'nala': 0, 'Retrofitting': 0, 'Pond': 0, 'Pokhari': 0, 'D/C': 0, 'Recharge shaft': 0, 'LFB': 0, 'RFB': 0}","{'Floodlight': 0, 'Flood Light': 0, 'GAS': 0, 'FIFA': 0, 'pipe': 0, 'pipes': 0, 'covid': 0, 'supply': 0, 'Beautification': 0, 'Installation': 0}",,,False,True,Immediate Measures
104487,05/ PHED/JAM/2025-26(GR-02),"Construction of 20 Nos 125/115mm dia x 70m deep Drilled T/wells and 19 Nos 125mmdiax45m Gravel Packed T/Wells  with  India Mark II Hand Pump Platform and drain and with 39 Nos of soakpit during summer season  in the water scarce area under P.H.Division, Jamui for the year 2025-26","Construction of 20 Nos 125/115mm dia x 70m deep Drilled T/wells and 19 Nos 125mmdiax45m Gravel Packed T/Wells  with  India Mark II Hand Pump Platform and drain and with 39 Nos of soakpit during summer season  in the water scarce area under P.H.Division, Jamui for the year 2025-26",4050805.0,INR,INR,2025-07-04 06:15:28+00:00,2025-07-04T06:12:28.189000+00:00,2025-07-25T11:17:54+00:00,Er. PRINCE KUMAR,"EXECUTIVE ENGINEER, JAMUI","P. H. Division, Jamui",PHED COLONY JAMUI SIRCHAND NAWADA ROAD NEAR OF DDC RESIDENCE,Ramashankar Singh,SE Munger,"PHE, Circle, Munger",81100.0,5000.0,590.0,True,"{'Flood': 0, 'Embankment': 0, 'embkt': 0, 'Relief': 0, 'Erosion': 0, 'SDRF': 0, 'Inundation': 0, 'Hydrology': 0, 'Silt': 0, 'Siltation': 0, 'Bund': 0, 'Trench': 0, 'Breach': 0, 'Culvert': 0, 'Sluice': 0, 'Dyke': 0, 'Storm water drain': 0, 'Emergency': 0, 'Immediate': 0, 'IM': 0, 'AE': 0, 'A E': 0, 'AAPDA MITRA': 0, 'Bridge': 0, 'River': 0, 'Drain': 2, 'Restoration': 0, 'Protection': 0, 'irr': 0, 'irrigation': 0, 'dam': 0, 'Nallah': 0, 'nala': 0, 'Retrofitting': 0, 'Pond': 0, 'Pokhari': 0, 'D/C': 0, 'Recharge shaft': 0, 'LFB': 0, 'RFB': 0}","{'Floodlight': 0, 'Flood Light': 0, 'GAS': 0, 'FIFA': 0, 'pipe': 0, 'pipes': 0, 'covid': 0, 'supply': 0, 'Beautification': 0, 'Installation': 0}",,,False,True,Immediate Measures
104539,NIT-04/2025-26/SL-113,Repair to Open drain in ward no-29 drain near Allama  Iqbal college.,Repair to Open drain in ward no-29 drain near Allama  Iqbal college.,871200.0,INR,INR,2025-07-10 05:09:17+00:00,2025-07-04T09:46:29.068000+00:00,2025-10-18T06:24:37+00:00,MUNICIPAL COMMISSIONER (BIHARSHARIF),MUNICIPAL COMMISSIONER,BIHARSHARIF MUNICIPAL CORPORATION,Biharsharif Nagar Nigam Garhpar Biharsharif Nalanda,MUNICIPAL COMMISSIONER (BIHARSHARIF),MUNICIPAL COMMISSIONER,BIHARSHARIF MUNICIPAL CORPORATION,17500.0,1250.0,590.0,True,"{'Flood': 0, 'Embankment': 0, 'embkt': 0, 'Relief': 0, 'Erosion': 0, 'SDRF': 0, 'Inundation': 0, 'Hydrology': 0, 'Silt': 0, 'Siltation': 0, 'Bund': 0, 'Trench': 0, 'Breach': 0, 'Culvert': 0, 'Sluice': 0, 'Dyke': 0, 'Storm water drain': 0, 'Emergency': 0, 'Immediate': 0, 'IM': 0, 'AE': 0, 'A E': 0, 'AAPDA MITRA': 0, 'Bridge': 0, 'River': 0, 'Drain': 4, 'Restoration': 0, 'Protection': 0, 'irr': 0, 'irrigation': 0, 'dam': 0, 'Nallah': 0, 'nala': 0, 'Retrofitting': 0, 'Pond': 0, 'Pokhari': 0, 'D/C': 0, 'Recharge shaft': 0, 'LFB': 0, 'RFB': 0}","{'Floodlight': 0, 'Flood Light': 0, 'GAS': 0, 'FIFA': 0, 'pipe': 0, 'pipes': 0, 'covid': 0, 'supply': 0, 'Beautification': 0, 'Installation': 0}",,,False,True,Repair and Restoration
104556,NIT-04/2025-26/SL-136,"Construction of  PCC Road & RCC Nala  from Aditya sweet to house of Dippu ji & Main Road via Mahatab Palace, & near house of  Munna Mahato  at ward no 36 under Nagar Nigam Biharsharif,","Construction of  PCC Road & RCC Nala  from Aditya sweet to house of Dippu ji & Main Road via Mahatab Palace, & near house of  Munna Mahato  at ward no 36 under Nagar Nigam Biharsharif,",2498400.0,INR,INR,2025-07-09 10:21:42+00:00,2025-07-04T11:31:02.061000+00:00,2025-10-10T09:13:20+00:00,MUNICIPAL COMMISSIONER (BIHARSHARIF),MUNICIPAL COMMISSIONER,BIHARSHARIF MUNICIPAL CORPORATION,Biharsharif Nagar Nigam Garhpar Biharsharif Nalanda,MUNICIPAL COMMISSIONER (BIHARSHARIF),MUNICIPAL COMMISSIONER,BIHARSHARIF MUNICIPAL CORPORATION,50000.0,5000.0,590.0,True,"{'Flood': 0, 'Embankment': 0, 'embkt': 0, 'Relief': 0, 'Erosion': 0, 'SDRF': 0, 'Inundation': 0, 'Hydrology': 0, 'Silt': 0, 'Siltation': 0, 'Bund': 0, 'Trench': 0, 'Breach': 0, 'Culvert': 0, 'Sluice': 0, 'Dyke': 0, 'Storm water drain': 0, 'Emergency': 0, 'Immediate': 0, 'IM': 0, 'AE': 0, 'A E': 0, 'AAPDA MITRA': 0, 'Bridge': 0, 'River': 0, 'Drain': 0, 'Restoration': 0, 'Protection': 0, 'irr': 0, 'irrigation': 0, 'dam': 0, 'Nallah': 0, 'nala': 2, 'Retrofitting': 0, 'Pond': 0, 'Pokhari': 0, 'D/C': 0, 'Recharge shaft': 0, 'LFB': 0, 'RFB': 0}","{'Floodlight': 0, 'Flood Light': 0, 'GAS': 0, 'FIFA': 0, 'pipe': 0, 'pipes': 0, 'covid': 0, 'supply': 0, 'Beautification': 0, 'Installation': 0}",,,False,True,Others
104558,NIT-04/2025-26/SL-138,"Vinod ke ghar se devi electronic tak dr. vipin se munna saw avam sone lal ke ghar tak , bholi ji ke ghar se durga mandir tak pcc path nirman kary avam awdhesh ke ghar se raushan ke ghar tak rcc nala nirman.","Vinod ke ghar se devi electronic tak dr. vipin se munna saw avam sone lal ke ghar tak , bholi ji ke ghar se durga mandir tak pcc path nirman kary avam awdhesh ke ghar se raushan ke ghar tak rcc nala nirman.",2495800.0,INR,INR,2025-07-09 10:17:55+00:00,2025-07-04T11:43:42.376000+00:00,2025-10-18T06:42:02+00:00,MUNICIPAL COMMISSIONER (BIHARSHARIF),MUNICIPAL COMMISSIONER,BIHARSHARIF MUNICIPAL CORPORATION,Biharsharif Nagar Nigam Garhpar Biharsharif Nalanda,MUNICIPAL COMMISSIONER (BIHARSHARIF),MUNICIPAL COMMISSIONER,BIHARSHARIF MUNICIPAL CORPORATION,50000.0,5000.0,590.0,True,"{'Flood': 0, 'Embankment': 0, 'embkt': 0, 'Relief': 0, 'Erosion': 0, 'SDRF': 0, 'Inundation': 0, 'Hydrology': 0, 'Silt': 0, 'Siltation': 0, 'Bund': 0, 'Trench': 0, 'Breach': 0, 'Culvert': 0, 'Sluice': 0, 'Dyke': 0, 'Storm water drain': 0, 'Emergency': 0, 'Immediate': 0, 'IM': 0, 'AE': 0, 'A E': 0, 'AAPDA MITRA': 0, 'Bridge': 0, 'River': 0, 'Drain': 0, 'Restoration': 0, 'Protection': 0, 'irr': 0, 'irrigation': 0, 'dam': 0, 'Nallah': 0, 'nala': 2, 'Retrofitting': 0, 'Pond': 0, 'Pokhari': 0, 'D/C': 0, 'Recharge shaft': 0, 'LFB': 0, 'RFB': 0}","{'Floodlight': 0, 'Flood Light': 0, 'GAS': 0, 'FIFA': 0, 'pipe': 0, 'pipes': 0, 'covid': 0, 'supply': 0, 'Beautification': 0, 'Installation': 0}",,,False,False,Others
104557,NIT-04/2025-26/SL-137,"Construction of  PCC Road & RCC Nala  from   House of Aalmgir to Amit verma via munna siddq & mohalla kharadi Immambara to near chinna micle school via Paras kasera  at ward no 36 under Nagar Nigam Biharsharif,","Construction of  PCC Road & RCC Nala  from   House of Aalmgir to Amit verma via munna siddq & mohalla kharadi Immambara to near chinna micle school via Paras kasera  at ward no 36 under Nagar Nigam Biharsharif,",2492300.0,INR,INR,2025-07-09 10:19:47+00:00,2025-07-04T11:40:32.376000+00:00,2025-10-10T09:19:52+00:00,MUNICIPAL COMMISSIONER (BIHARSHARIF),MUNICIPAL COMMISSIONER,BIHARSHARIF MUNICIPAL CORPORATION,Biharsharif Nagar Nigam Garhpar Biharsharif Nalanda,MUNICIPAL COMMISSIONER (BIHARSHARIF),MUNICIPAL COMMISSIONER,BIHARSHARIF MUNICIPAL CORPORATION,50000.0,5000.0,590.0,True,"{'Flood': 0, 'Embankment': 0, 'embkt': 0, 'Relief': 0, 'Erosion': 0, 'SDRF': 0, 'Inundation': 0, 'Hydrology': 0, 'Silt': 0, 'Siltation': 0, 'Bund': 0, 'Trench': 0, 'Breach': 0, 'Culvert': 0, 'Sluice': 0, 'Dyke': 0, 'Storm water drain': 0, 'Emergency': 0, 'Immediate': 0, 'IM': 0, 'AE': 0, 'A E': 0, 'AAPDA MITRA': 0, 'Bridge': 0, 'River': 0, 'Drain': 0, 'Restoration': 0, 'Protection': 0, 'irr': 0, 'irrigation': 0, 'dam': 0, 'Nallah': 0, 'nala': 2, 'Retrofitting': 0, 'Pond': 0, 'Pokhari': 0, 'D/C': 0, 'Recharge shaft': 0, 'LFB': 0, 'RFB': 0}","{'Floodlight': 0, 'Flood Light': 0, 'GAS': 0, 'FIFA': 0, 'pipe': 0, 'pipes': 0, 'covid': 0, 'supply': 0, 'Beautification': 0, 'Installation': 0}",,,False,True,Immediate Measures
104559,NIT-04/2025-26/SL-139,"Vinod ke makan se Ary samaj hote huye, Raju market tak rcc nala nirman ward 37.","Vinod ke makan se Ary samaj hote huye, Raju market tak rcc nala nirman ward 37.",2484400.0,INR,INR,2025-07-09 10:15:56+00:00,2025-07-04T11:46:32.728000+00:00,2025-10-18T06:42:46+00:00,MUNICIPAL COMMISSIONER (BIHARSHARIF),MUNICIPAL COMMISSIONER,BIHARSHARIF MUNICIPAL CORPORATION,Biharsharif Nagar Nigam Garhpar Biharsharif Nalanda,MUNICIPAL COMMISSIONER (BIHARSHARIF),MUNICIPAL COMMISSIONER,BIHARSHARIF MUNICIPAL CORPORATION,50000.0,5000.0,590.0,True,"{'Flood': 0, 'Embankment': 0, 'embkt': 0, 'Relief': 0, 'Erosion': 0, 'SDRF': 0, 'Inundation': 0, 'Hydrology': 0, 'Silt': 0, 'Siltation': 0, 'Bund': 0, 'Trench': 0, 'Breach': 0, 'Culvert': 0, 'Sluice': 0, 'Dyke': 0, 'Storm water drain': 0, 'Emergency': 0, 'Immediate': 0, 'IM': 0, 'AE': 0, 'A E': 0, 'AAPDA MITRA': 0, 'Bridge': 0, 'River': 0, 'Drain': 0, 'Restoration': 0, 'Protection': 0, 'irr': 0, 'irrigation': 0, 'dam': 0, 'Nallah': 0, 'nala': 2, 'Retrofitting': 0, 'Pond': 0, 'Pokhari': 0, 'D/C': 0, 'Recharge shaft': 0, 'LFB': 0, 'RFB': 0}","{'Floodlight': 0, 'Flood Light': 0, 'GAS': 0, 'FIFA': 0, 'pipe': 0, 'pipes': 0, 'covid': 0, 'supply': 0, 'Beautification': 0, 'Installation': 0}",,,False,False,Others
104569,NIT No-3/ 2025 -26 (Group - 1),Nagar Parishad Triveniganj me Ward no.- 18 me Bansi chowk se Panchmukhi Mandir hote huye NH - 327 Durga Mandir tak Nala nirman work,Nagar Parishad Triveniganj me Ward no.- 18 me Bansi chowk se Panchmukhi Mandir hote huye NH - 327 Durga Mandir tak Nala nirman work,12783557.0,INR,INR,2025-07-04 13:12:38+00:00,2025-07-04T12:52:03.544000+00:00,2025-07-11T15:28:23+00:00,HEMANT KUMAR,PROJECT DIRECTOR,Bihar Urban Infrastructure Development Corporation Ltd.,"Azimabad, Buidco, Patna",HEMANT KUMAR,PROJECT DIRECTOR,Bihar Urban Infrastructure Development Corporation Ltd.,255700.0,17700.0,3540.0,True,"{'Flood': 0, 'Embankment': 0, 'embkt': 0, 'Relief': 0, 'Erosion': 0, 'SDRF': 0, 'Inundation': 0, 'Hydrology': 0, 'Silt': 0, 'Siltation': 0, 'Bund': 0, 'Trench': 0, 'Breach': 0, 'Culvert': 0, 'Sluice': 0, 'Dyke': 0, 'Storm water drain': 0, 'Emergency': 0, 'Immediate': 0, 'IM': 0, 'AE': 0, 'A E': 0, 'AAPDA MITRA': 0, 'Bridge': 0, 'River': 0, 'Drain': 0, 'Restoration': 0, 'Protection': 0, 'irr': 0, 'irrigation': 0, 'dam': 0, 'Nallah': 0, 'nala': 2, 'Retrofitting': 0, 'Pond': 0, 'Pokhari': 0, 'D/C': 0, 'Recharge shaft': 0, 'LFB': 0, 'RFB': 0}","{'Floodlight': 0, 'Flood Light': 0, 'GAS': 0, 'FIFA': 0, 'pipe': 0, 'pipes': 0, 'covid': 0, 'supply': 0, 'Beautification': 0, 'Installation': 0}",,,False,False,Immediate Measures
104577,NIT No-562 (Group - 3),Nagar Parishad Triveniganj me Ward no.- 20 me  NH - 327 Purani Bank chowk se Kali Mandir hote huye Chilauni river tak tak Nala nirman work,Nagar Parishad Triveniganj me Ward no.- 20 me  NH - 327 Purani Bank chowk se Kali Mandir hote huye Chilauni river tak tak Nala nirman work,15789399.0,INR,INR,2025-07-04 13:21:17+00:00,2025-07-04T13:15:18.531000+00:00,2025-07-11T15:35:34+00:00,HEMANT KUMAR,PROJECT DIRECTOR,Bihar Urban Infrastructure Development Corporation Ltd.,"Azimabad, Buidco, Patna",HEMANT KUMAR,PROJECT DIRECTOR,Bihar Urban Infrastructure Development Corporation Ltd.,315800.0,17700.0,3540.0,True,"{'Flood': 0, 'Embankment': 0, 'embkt': 0, 'Relief': 0, 'Erosion': 0, 'SDRF': 0, 'Inundation': 0, 'Hydrology': 0, 'Silt': 0, 'Siltation': 0, 'Bund': 0, 'Trench': 0, 'Breach': 0, 'Culvert': 0, 'Sluice': 0, 'Dyke': 0, 'Storm water drain': 0, 'Emergency': 0, 'Immediate': 0, 'IM': 0, 'AE': 0, 'A E': 0, 'AAPDA MITRA': 0, 'Bridge': 0, 'River': 2, 'Drain': 0, 'Restoration': 0, 'Protection': 0, 'irr': 0, 'irrigation': 0, 'dam': 0, 'Nallah': 0, 'nala': 2, 'Retrofitting': 0, 'Pond': 0, 'Pokhari': 0, 'D/C': 0, 'Recharge shaft': 0, 'LFB': 0, 'RFB': 0}","{'Floodlight': 0, 'Flood Light': 0, 'GAS': 0, 'FIFA': 0, 'pipe': 0, 'pipes': 0, 'covid': 0, 'supply': 0, 'Beautification': 0, 'Installation': 0}",,,False,False,Immediate Measures
104589,NIT05/2024-2025 GR03,Construction of pcc road and rcc nala from House of phakira das  to house of heera paswan das nagar panchayat musrigharari at ward no.06,Construction of pcc road and rcc nala from House of phakira das  to house of heera paswan das nagar panchayat musrigharari at ward no.06,1565562.0,INR,INR,2025-07-04 14:07:13+00:00,2025-07-04T14:04:37.216000+00:00,2025-10-15T18:52:02+00:00,EO RAKESH KUMAR RANJAN,EXECUTIVE OFFICER,NAGAR PANCHAYAT MUSRIGHARARI,NAGAR PANCHAYAT MUSHRIGHARARI,EO RAKESH KUMAR RANJAN,EXECUTIVE OFFICER,NAGAR PANCHAYAT MUSRIGHARARI,32000.0,5000.0,590.0,True,"{'Flood': 0, 'Embankment': 0, 'embkt': 0, 'Relief': 0, 'Erosion': 0, 'SDRF': 0, 'Inundation': 0, 'Hydrology': 0, 'Silt': 0, 'Siltation': 0, 'Bund': 0, 'Trench': 0, 'Breach': 0, 'Culvert': 0, 'Sluice': 0, 'Dyke': 0, 'Storm water drain': 0, 'Emergency': 0, 'Immediate': 0, 'IM': 0, 'AE': 0, 'A E': 0, 'AAPDA MITRA': 0, 'Bridge': 0, 'River': 0, 'Drain': 0, 'Restoration': 0, 'Protection': 0, 'irr': 0, 'irrigation': 0, 'dam': 0, 'Nallah': 0, 'nala': 2, 'Retrofitting': 0, 'Pond': 0, 'Pokhari': 0, 'D/C': 0, 'Recharge shaft': 0, 'LFB': 0, 'RFB': 0}","{'Floodlight': 0, 'Flood Light': 0, 'GAS': 0, 'FIFA': 0, 'pipe': 0, 'pipes': 0, 'covid': 0, 'supply': 0, 'Beautification': 0, 'Installation': 0}",,,False,True,Immediate Measures
104597,NIT No.- 09/2025-26 (Group-1,"Construction of PCC Road and Drain from Dharamdas's Shop to National Hospital Teen Batiya, Ward No. 12, Nagar Nigam Munger","Construction of PCC Road and Drain from Dharamdas's Shop to National Hospital Teen Batiya, Ward No. 12, Nagar Nigam Munger",6278167.0,INR,INR,2025-07-04 17:34:33+00:00,2025-07-04T17:21:12.831000+00:00,2025-10-15T14:24:06+00:00,Manoj Kumar,Project Director,Bihar Urban Infrastructure Development Corporation Limited,Munger,Manoj Kumar,Project Director,Bihar Urban Infrastructure Development Corporation Limited,134400.0,11800.0,590.0,True,"{'Flood': 0, 'Embankment': 0, 'embkt': 0, 'Relief': 0, 'Erosion': 0, 'SDRF': 0, 'Inundation': 0, 'Hydrology': 0, 'Silt': 0, 'Siltation': 0, 'Bund': 0, 'Trench': 0, 'Breach': 0, 'Culvert': 0, 'Sluice': 0, 'Dyke': 0, 'Storm water drain': 0, 'Emergency': 0, 'Immediate': 0, 'IM': 0, 'AE': 0, 'A E': 0, 'AAPDA MITRA': 0, 'Bridge': 0, 'River': 0, 'Drain': 2, 'Restoration': 0, 'Protection': 0, 'irr': 0, 'irrigation': 0, 'dam': 0, 'Nallah': 0, 'nala': 0, 'Retrofitting': 0, 'Pond': 0, 'Pokhari': 0, 'D/C': 0, 'Recharge shaft': 0, 'LFB': 0, 'RFB': 0}","{'Floodlight': 0, 'Flood Light': 0, 'GAS': 0, 'FIFA': 0, 'pipe': 0, 'pipes': 0, 'covid': 0, 'supply': 0, 'Beautification': 0, 'Installation': 0}",,,False,True,Immediate Measures
104598,NIT No.- 09/2025-26 (Group- 2,"Construction of PCC Road with Drain and Cover from Bajrangbali Mandir to Budhani Sharma's Thakurwadi via Tanti Tola, Asarganj Vikrampur Main Road","Construction of PCC Road with Drain and Cover from Bajrangbali Mandir to Budhani Sharma's Thakurwadi via Tanti Tola, Asarganj Vikrampur Main Road",6989090.0,INR,INR,2025-07-04 17:49:21+00:00,2025-07-04T17:21:51.833000+00:00,2025-10-14T17:42:13+00:00,Manoj Kumar,Project Director,Bihar Urban Infrastructure Development Corporation Limited,Munger,Manoj Kumar,Project Director,Bihar Urban Infrastructure Development Corporation Limited,149600.0,17700.0,590.0,True,"{'Flood': 0, 'Embankment': 0, 'embkt': 0, 'Relief': 0, 'Erosion': 0, 'SDRF': 0, 'Inundation': 0, 'Hydrology': 0, 'Silt': 0, 'Siltation': 0, 'Bund': 0, 'Trench': 0, 'Breach': 0, 'Culvert': 0, 'Sluice': 0, 'Dyke': 0, 'Storm water drain': 0, 'Emergency': 0, 'Immediate': 0, 'IM': 0, 'AE': 0, 'A E': 0, 'AAPDA MITRA': 0, 'Bridge': 0, 'River': 0, 'Drain': 2, 'Restoration': 0, 'Protection': 0, 'irr': 0, 'irrigation': 0, 'dam': 0, 'Nallah': 0, 'nala': 0, 'Retrofitting': 0, 'Pond': 0, 'Pokhari': 0, 'D/C': 0, 'Recharge shaft': 0, 'LFB': 0, 'RFB': 0}","{'Floodlight': 0, 'Flood Light': 0, 'GAS': 0, 'FIFA': 0, 'pipe': 0, 'pipes': 0, 'covid': 0, 'supply': 0, 'Beautification': 0, 'Installation': 0}",,,False,True,Immediate Measures
104694,SBD NIT-02/MUZAFFARPUR /BCD/2025-26 (GROUP-01),CONSTRUCTION OF ONE NO. PANCHAYAT SARKAR BHAWAN (JAJUAAR PURVI) FLOOD AFFEDCTED AT KATRA  BLOCK IN MUZAFFARPUR DISTRICT  FOR THE YEAR - 2025-26. (ELECTRIFICATION INCLUDED),CONSTRUCTION OF ONE NO. PANCHAYAT SARKAR BHAWAN (JAJUAAR PURVI) FLOOD AFFEDCTED AT KATRA  BLOCK IN MUZAFFARPUR DISTRICT  FOR THE YEAR - 2025-26. (ELECTRIFICATION INCLUDED),27934221.0,INR,INR,2025-07-07 05:58:58+00:00,2025-07-05T11:31:56.947000+00:00,2025-08-06T08:50:46+00:00,EXECUTIVE ENGINEER BUILDING DIVISION MUZAFFARPUR,EXECUTIVE ENGINEER,BUILDING DIVISION MUZAFFARPUR,BUILDING DIVISION MUZAFFARPUR COMBINED BUILDING MUZAFFARPUR,"Superintending Engineer, Building Circle Muzaffarpur",SE,Building Circle Muzaffarpur,558700.0,10000.0,3540.0,True,"{'Flood': 2, 'Embankment': 0, 'embkt': 0, 'Relief': 0, 'Erosion': 0, 'SDRF': 0, 'Inundation': 0, 'Hydrology': 0, 'Silt': 0, 'Siltation': 0, 'Bund': 0, 'Trench': 0, 'Breach': 0, 'Culvert': 0, 'Sluice': 0, 'Dyke': 0, 'Storm water drain': 0, 'Emergency': 0, 'Immediate': 0, 'IM': 0, 'AE': 0, 'A E': 0, 'AAPDA MITRA': 0, 'Bridge': 0, 'River': 0, 'Drain': 0, 'Restoration': 0, 'Protection': 0, 'irr': 0, 'irrigation': 0, 'dam': 0, 'Nallah': 0, 'nala': 0, 'Retrofitting': 0, 'Pond': 0, 'Pokhari': 0, 'D/C': 0, 'Recharge shaft': 0, 'LFB': 0, 'RFB': 0}","{'Floodlight': 0, 'Flood Light': 0, 'GAS': 0, 'FIFA': 0, 'pipe': 0, 'pipes': 0, 'covid': 0, 'supply': 0, 'Beautification': 0, 'Installation': 0}",,,False,False,Immediate Measures
104705,NIT-04/2025-26/SL-147,"Construction of  PCC Road & RCC Nala  from  Kishori mill to house of Gufaran at ward no 40 under Nagar Nigam Biharsharif,","Construction of  PCC Road & RCC Nala  from  Kishori mill to house of Gufaran at ward no 40 under Nagar Nigam Biharsharif,",2496500.0,INR,INR,2025-07-09 09:57:40+00:00,2025-07-05T12:12:10.793000+00:00,2025-10-16T05:22:16+00:00,MUNICIPAL COMMISSIONER (BIHARSHARIF),MUNICIPAL COMMISSIONER,BIHARSHARIF MUNICIPAL CORPORATION,Biharsharif Nagar Nigam Garhpar Biharsharif Nalanda,MUNICIPAL COMMISSIONER (BIHARSHARIF),MUNICIPAL COMMISSIONER,BIHARSHARIF MUNICIPAL CORPORATION,50000.0,5000.0,590.0,True,"{'Flood': 0, 'Embankment': 0, 'embkt': 0, 'Relief': 0, 'Erosion': 0, 'SDRF': 0, 'Inundation': 0, 'Hydrology': 0, 'Silt': 0, 'Siltation': 0, 'Bund': 0, 'Trench': 0, 'Breach': 0, 'Culvert': 0, 'Sluice': 0, 'Dyke': 0, 'Storm water drain': 0, 'Emergency': 0, 'Immediate': 0, 'IM': 0, 'AE': 0, 'A E': 0, 'AAPDA MITRA': 0, 'Bridge': 0, 'River': 0, 'Drain': 0, 'Restoration': 0, 'Protection': 0, 'irr': 0, 'irrigation': 0, 'dam': 0, 'Nallah': 0, 'nala': 2, 'Retrofitting': 0, 'Pond': 0, 'Pokhari': 0, 'D/C': 0, 'Recharge shaft': 0, 'LFB': 0, 'RFB': 0}","{'Floodlight': 0, 'Flood Light': 0, 'GAS': 0, 'FIFA': 0, 'pipe': 0, 'pipes': 0, 'covid': 0, 'supply': 0, 'Beautification': 0, 'Installation': 0}",,,False,True,Others
104700,NIT-04/2025-26/SL-143,"Construction of  PCC Road & RCC Nala  from house of Khursid to City Palace  & Latif Miyan  via house of Basu, Akram, Nijam, & Pappu ji at ward no 39 under Nagar Nigam Biharsharif,","Construction of  PCC Road & RCC Nala  from house of Khursid to City Palace  & Latif Miyan  via house of Basu, Akram, Nijam, & Pappu ji at ward no 39 under Nagar Nigam Biharsharif,",2497000.0,INR,INR,2025-07-09 10:09:06+00:00,2025-07-05T11:48:42.300000+00:00,2025-10-14T05:28:57+00:00,MUNICIPAL COMMISSIONER (BIHARSHARIF),MUNICIPAL COMMISSIONER,BIHARSHARIF MUNICIPAL CORPORATION,Biharsharif Nagar Nigam Garhpar Biharsharif Nalanda,MUNICIPAL COMMISSIONER (BIHARSHARIF),MUNICIPAL COMMISSIONER,BIHARSHARIF MUNICIPAL CORPORATION,50000.0,5000.0,590.0,True,"{'Flood': 0, 'Embankment': 0, 'embkt': 0, 'Relief': 0, 'Erosion': 0, 'SDRF': 0, 'Inundation': 0, 'Hydrology': 0, 'Silt': 0, 'Siltation': 0, 'Bund': 0, 'Trench': 0, 'Breach': 0, 'Culvert': 0, 'Sluice': 0, 'Dyke': 0, 'Storm water drain': 0, 'Emergency': 0, 'Immediate': 0, 'IM': 0, 'AE': 0, 'A E': 0, 'AAPDA MITRA': 0, 'Bridge': 0, 'River': 0, 'Drain': 0, 'Restoration': 0, 'Protection': 0, 'irr': 0, 'irrigation': 0, 'dam': 0, 'Nallah': 0, 'nala': 2, 'Retrofitting': 0, 'Pond': 0, 'Pokhari': 0, 'D/C': 0, 'Recharge shaft': 0, 'LFB': 0, 'RFB': 0}","{'Floodlight': 0, 'Flood Light': 0, 'GAS': 0, 'FIFA': 0, 'pipe': 0, 'pipes': 0, 'covid': 0, 'supply': 0, 'Beautification': 0, 'Installation': 0}",,,False,True,Others
104706,NIT-04/2025-26/SL-148,"Construction of  PCC Road & RCC Nala  from  House of  Tahir to moeein via house of Nanhu,  shohaib,Tetar, shahil & Najam painter wala  at ward no 41 under Nagar Nigam Biharsharif,","Construction of  PCC Road & RCC Nala  from  House of  Tahir to moeein via house of Nanhu,  shohaib,Tetar, shahil & Najam painter wala  at ward no 41 under Nagar Nigam Biharsharif,",2498900.0,INR,INR,2025-07-09 09:56:18+00:00,2025-07-05T12:15:05.057000+00:00,2025-10-16T05:28:13+00:00,MUNICIPAL COMMISSIONER (BIHARSHARIF),MUNICIPAL COMMISSIONER,BIHARSHARIF MUNICIPAL CORPORATION,Biharsharif Nagar Nigam Garhpar Biharsharif Nalanda,MUNICIPAL COMMISSIONER (BIHARSHARIF),MUNICIPAL COMMISSIONER,BIHARSHARIF MUNICIPAL CORPORATION,50000.0,5000.0,590.0,True,"{'Flood': 0, 'Embankment': 0, 'embkt': 0, 'Relief': 0, 'Erosion': 0, 'SDRF': 0, 'Inundation': 0, 'Hydrology': 0, 'Silt': 0, 'Siltation': 0, 'Bund': 0, 'Trench': 0, 'Breach': 0, 'Culvert': 0, 'Sluice': 0, 'Dyke': 0, 'Storm water drain': 0, 'Emergency': 0, 'Immediate': 0, 'IM': 0, 'AE': 0, 'A E': 0, 'AAPDA MITRA': 0, 'Bridge': 0, 'River': 0, 'Drain': 0, 'Restoration': 0, 'Protection': 0, 'irr': 0, 'irrigation': 0, 'dam': 0, 'Nallah': 0, 'nala': 2, 'Retrofitting': 0, 'Pond': 0, 'Pokhari': 0, 'D/C': 0, 'Recharge shaft': 0, 'LFB': 0, 'RFB': 0}","{'Floodlight': 0, 'Flood Light': 0, 'GAS': 0, 'FIFA': 0, 'pipe': 0, 'pipes': 0, 'covid': 0, 'supply': 0, 'Beautification': 0, 'Installation': 0}",,,False,True,Others
104712,NIT-04/2025-26/SL-154,"Construction of  PCC Road  and RCC Drain From  House of  Javed ji to house of Rejaudin ji , Shakkil ji & Muslim ji at ward no 43 under Nagar Nigam Biharsharif,","Construction of  PCC Road  and RCC Drain From  House of  Javed ji to house of Rejaudin ji , Shakkil ji & Muslim ji at ward no 43 under Nagar Nigam Biharsharif,",2497000.0,INR,INR,2025-07-09 09:46:54+00:00,2025-07-05T12:32:27.725000+00:00,2025-10-16T05:30:28+00:00,MUNICIPAL COMMISSIONER (BIHARSHARIF),MUNICIPAL COMMISSIONER,BIHARSHARIF MUNICIPAL CORPORATION,Biharsharif Nagar Nigam Garhpar Biharsharif Nalanda,MUNICIPAL COMMISSIONER (BIHARSHARIF),MUNICIPAL COMMISSIONER,BIHARSHARIF MUNICIPAL CORPORATION,50000.0,5000.0,590.0,True,"{'Flood': 0, 'Embankment': 0, 'embkt': 0, 'Relief': 0, 'Erosion': 0, 'SDRF': 0, 'Inundation': 0, 'Hydrology': 0, 'Silt': 0, 'Siltation': 0, 'Bund': 0, 'Trench': 0, 'Breach': 0, 'Culvert': 0, 'Sluice': 0, 'Dyke': 0, 'Storm water drain': 0, 'Emergency': 0, 'Immediate': 0, 'IM': 0, 'AE': 0, 'A E': 0, 'AAPDA MITRA': 0, 'Bridge': 0, 'River': 0, 'Drain': 2, 'Restoration': 0, 'Protection': 0, 'irr': 0, 'irrigation': 0, 'dam': 0, 'Nallah': 0, 'nala': 0, 'Retrofitting': 0, 'Pond': 0, 'Pokhari': 0, 'D/C': 0, 'Recharge shaft': 0, 'LFB': 0, 'RFB': 0}","{'Floodlight': 0, 'Flood Light': 0, 'GAS': 0, 'FIFA': 0, 'pipe': 0, 'pipes': 0, 'covid': 0, 'supply': 0, 'Beautification': 0, 'Installation': 0}",,,False,True,Immediate Measures
104711,NIT-04/2025-26/SL-153,"AKHARAPAR RANJIT VERMA KE GHAR SE NAVIN RAJAK KE GHAR HOTE MAIN NALA TAK AWAM GORELAL MALAKAR KE GHAR SE MANOJ PRASAD KE GHAR TAK AWAM MANIS KE GHAR SE MANOJ PRASAD KE GHAR TAK AWAM MANOJ PRASAD KE GHAR SE SADHU YADAV,JAY PRAKASH SINGH ,RAJA KE BOUNDARY WALL HOTE PATEL COLLEGE MAIN ROAD TAK AWAM SADHU YADAV KE GHAR SE YOJENDRA SAW KE GHAR HOTE MADIR KE PICHE TAK AWAM LINK GALI ME NALI AWAM PATH KA NIRMAN WARD 42.","AKHARAPAR RANJIT VERMA KE GHAR SE NAVIN RAJAK KE GHAR HOTE MAIN NALA TAK AWAM GORELAL MALAKAR KE GHAR SE MANOJ PRASAD KE GHAR TAK AWAM MANIS KE GHAR SE MANOJ PRASAD KE GHAR TAK AWAM MANOJ PRASAD KE GHAR SE SADHU YADAV,JAY PRAKASH SINGH ,RAJA KE BOUNDARY WALL HOTE PATEL COLLEGE MAIN ROAD TAK AWAM SADHU YADAV KE GHAR SE YOJENDRA SAW KE GHAR HOTE MADIR KE PICHE TAK AWAM LINK GALI ME NALI AWAM PATH KA NIRMAN WARD 42.",2368800.0,INR,INR,2025-07-09 09:49:44+00:00,2025-07-05T12:28:48.500000+00:00,2025-10-18T07:17:45+00:00,MUNICIPAL COMMISSIONER (BIHARSHARIF),MUNICIPAL COMMISSIONER,BIHARSHARIF MUNICIPAL CORPORATION,Biharsharif Nagar Nigam Garhpar Biharsharif Nalanda,MUNICIPAL COMMISSIONER (BIHARSHARIF),MUNICIPAL COMMISSIONER,BIHARSHARIF MUNICIPAL CORPORATION,47500.0,5000.0,590.0,True,"{'Flood': 0, 'Embankment': 0, 'embkt': 0, 'Relief': 0, 'Erosion': 0, 'SDRF': 0, 'Inundation': 0, 'Hydrology': 0, 'Silt': 0, 'Siltation': 0, 'Bund': 0, 'Trench': 0, 'Breach': 0, 'Culvert': 0, 'Sluice': 0, 'Dyke': 0, 'Storm water drain': 0, 'Emergency': 0, 'Immediate': 0, 'IM': 0, 'AE': 0, 'A E': 0, 'AAPDA MITRA': 0, 'Bridge': 0, 'River': 0, 'Drain': 0, 'Restoration': 0, 'Protection': 0, 'irr': 0, 'irrigation': 0, 'dam': 0, 'Nallah': 0, 'nala': 2, 'Retrofitting': 0, 'Pond': 0, 'Pokhari': 0, 'D/C': 0, 'Recharge shaft': 0, 'LFB': 0, 'RFB': 0}","{'Floodlight': 0, 'Flood Light': 0, 'GAS': 0, 'FIFA': 0, 'pipe': 0, 'pipes': 0, 'covid': 0, 'supply': 0, 'Beautification': 0, 'Installation': 0}",,,False,True,Others
104716,NIT-04/2025-26/SL-158,"Construction of   Paver  block in front of Samuday Bhawan , Pcc Roar & Rcc Nali from House of Rajeev kr to Pani tanki at Mehar par &  PCC Road & RCC Nala From SK Auto mobile garage to Tungi Road at ward no 44 under Nagar Nigam Biharsharif,","Construction of   Paver  block in front of Samuday Bhawan , Pcc Roar & Rcc Nali from House of Rajeev kr to Pani tanki at Mehar par &  PCC Road & RCC Nala From SK Auto mobile garage to Tungi Road at ward no 44 under Nagar Nigam Biharsharif,",2382000.0,INR,INR,2025-07-09 09:41:24+00:00,2025-07-05T12:43:18.210000+00:00,2025-10-15T06:21:05+00:00,MUNICIPAL COMMISSIONER (BIHARSHARIF),MUNICIPAL COMMISSIONER,BIHARSHARIF MUNICIPAL CORPORATION,Biharsharif Nagar Nigam Garhpar Biharsharif Nalanda,MUNICIPAL COMMISSIONER (BIHARSHARIF),MUNICIPAL COMMISSIONER,BIHARSHARIF MUNICIPAL CORPORATION,48000.0,5000.0,590.0,True,"{'Flood': 0, 'Embankment': 0, 'embkt': 0, 'Relief': 0, 'Erosion': 0, 'SDRF': 0, 'Inundation': 0, 'Hydrology': 0, 'Silt': 0, 'Siltation': 0, 'Bund': 0, 'Trench': 0, 'Breach': 0, 'Culvert': 0, 'Sluice': 0, 'Dyke': 0, 'Storm water drain': 0, 'Emergency': 0, 'Immediate': 0, 'IM': 0, 'AE': 0, 'A E': 0, 'AAPDA MITRA': 0, 'Bridge': 0, 'River': 0, 'Drain': 0, 'Restoration': 0, 'Protection': 0, 'irr': 0, 'irrigation': 0, 'dam': 0, 'Nallah': 0, 'nala': 2, 'Retrofitting': 0, 'Pond': 0, 'Pokhari': 0, 'D/C': 0, 'Recharge shaft': 0, 'LFB': 0, 'RFB': 0}","{'Floodlight': 0, 'Flood Light': 0, 'GAS': 0, 'FIFA': 0, 'pipe': 0, 'pipes': 0, 'covid': 0, 'supply': 0, 'Beautification': 0, 'Installation': 0}",,,False,True,Others
104713,NIT-04/2025-26/SL-155,"Construction of  PCC Road  and RCC Drain From   House of Naeim Khan to House of Nadim kadari, Idris khan Ajad ji & Gilani ji at ward no 43 under Nagar Nigam Biharsharif,","Construction of  PCC Road  and RCC Drain From   House of Naeim Khan to House of Nadim kadari, Idris khan Ajad ji & Gilani ji at ward no 43 under Nagar Nigam Biharsharif,",2498000.0,INR,INR,2025-07-09 09:45:43+00:00,2025-07-05T12:35:41.242000+00:00,2025-10-16T05:33:10+00:00,MUNICIPAL COMMISSIONER (BIHARSHARIF),MUNICIPAL COMMISSIONER,BIHARSHARIF MUNICIPAL CORPORATION,Biharsharif Nagar Nigam Garhpar Biharsharif Nalanda,MUNICIPAL COMMISSIONER (BIHARSHARIF),MUNICIPAL COMMISSIONER,BIHARSHARIF MUNICIPAL CORPORATION,50000.0,5000.0,590.0,True,"{'Flood': 0, 'Embankment': 0, 'embkt': 0, 'Relief': 0, 'Erosion': 0, 'SDRF': 0, 'Inundation': 0, 'Hydrology': 0, 'Silt': 0, 'Siltation': 0, 'Bund': 0, 'Trench': 0, 'Breach': 0, 'Culvert': 0, 'Sluice': 0, 'Dyke': 0, 'Storm water drain': 0, 'Emergency': 0, 'Immediate': 0, 'IM': 0, 'AE': 0, 'A E': 0, 'AAPDA MITRA': 0, 'Bridge': 0, 'River': 0, 'Drain': 2, 'Restoration': 0, 'Protection': 0, 'irr': 0, 'irrigation': 0, 'dam': 0, 'Nallah': 0, 'nala': 0, 'Retrofitting': 0, 'Pond': 0, 'Pokhari': 0, 'D/C': 0, 'Recharge shaft': 0, 'LFB': 0, 'RFB': 0}","{'Floodlight': 0, 'Flood Light': 0, 'GAS': 0, 'FIFA': 0, 'pipe': 0, 'pipes': 0, 'covid': 0, 'supply': 0, 'Beautification': 0, 'Installation': 0}",,,False,True,Immediate Measures
104718,NIT-04/2025-26/SL-160,"Construction of  PCC Road From Durga Sthan to Heera mistri, Yogi chaudhari to Soharay thakur, Narayan mahato to Ashok paswan &   construction of  PCC & RCC Drain From  Lalkesh paswan to Sadhu Mahato at Paswan toli  & Paver Block in front of Samuday Bhawanin   ward no 44 under Nagar Nigam Biharsharif,","Construction of  PCC Road From Durga Sthan to Heera mistri, Yogi chaudhari to Soharay thakur, Narayan mahato to Ashok paswan &   construction of  PCC & RCC Drain From  Lalkesh paswan to Sadhu Mahato at Paswan toli  & Paver Block in front of Samuday Bhawanin   ward no 44 under Nagar Nigam Biharsharif,",1200000.0,INR,INR,2025-07-09 09:39:04+00:00,2025-07-05T12:48:15.274000+00:00,2025-10-15T06:22:34+00:00,MUNICIPAL COMMISSIONER (BIHARSHARIF),MUNICIPAL COMMISSIONER,BIHARSHARIF MUNICIPAL CORPORATION,Biharsharif Nagar Nigam Garhpar Biharsharif Nalanda,MUNICIPAL COMMISSIONER (BIHARSHARIF),MUNICIPAL COMMISSIONER,BIHARSHARIF MUNICIPAL CORPORATION,24000.0,2500.0,590.0,True,"{'Flood': 0, 'Embankment': 0, 'embkt': 0, 'Relief': 0, 'Erosion': 0, 'SDRF': 0, 'Inundation': 0, 'Hydrology': 0, 'Silt': 0, 'Siltation': 0, 'Bund': 0, 'Trench': 0, 'Breach': 0, 'Culvert': 0, 'Sluice': 0, 'Dyke': 0, 'Storm water drain': 0, 'Emergency': 0, 'Immediate': 0, 'IM': 0, 'AE': 0, 'A E': 0, 'AAPDA MITRA': 0, 'Bridge': 0, 'River': 0, 'Drain': 2, 'Restoration': 0, 'Protection': 0, 'irr': 0, 'irrigation': 0, 'dam': 0, 'Nallah': 0, 'nala': 0, 'Retrofitting': 0, 'Pond': 0, 'Pokhari': 0, 'D/C': 0, 'Recharge shaft': 0, 'LFB': 0, 'RFB': 0}","{'Floodlight': 0, 'Flood Light': 0, 'GAS': 0, 'FIFA': 0, 'pipe': 0, 'pipes': 0, 'covid': 0, 'supply': 0, 'Beautification': 0, 'Installation': 0}",,,False,True,Others
104722,NIT-04/2025-26/SL-163,"Construction of  PCC Road  and RCC Drain From house of Muslim to Mintu malik, & house of Mintu malik to Alraja school at ward no 45.","Construction of  PCC Road  and RCC Drain From house of Muslim to Mintu malik, & house of Mintu malik to Alraja school at ward no 45.",1735600.0,INR,INR,2025-07-09 09:35:01+00:00,2025-07-05T13:00:57.373000+00:00,2025-10-13T11:31:08+00:00,MUNICIPAL COMMISSIONER (BIHARSHARIF),MUNICIPAL COMMISSIONER,BIHARSHARIF MUNICIPAL CORPORATION,Biharsharif Nagar Nigam Garhpar Biharsharif Nalanda,MUNICIPAL COMMISSIONER (BIHARSHARIF),MUNICIPAL COMMISSIONER,BIHARSHARIF MUNICIPAL CORPORATION,35000.0,5000.0,590.0,True,"{'Flood': 0, 'Embankment': 0, 'embkt': 0, 'Relief': 0, 'Erosion': 0, 'SDRF': 0, 'Inundation': 0, 'Hydrology': 0, 'Silt': 0, 'Siltation': 0, 'Bund': 0, 'Trench': 0, 'Breach': 0, 'Culvert': 0, 'Sluice': 0, 'Dyke': 0, 'Storm water drain': 0, 'Emergency': 0, 'Immediate': 0, 'IM': 0, 'AE': 0, 'A E': 0, 'AAPDA MITRA': 0, 'Bridge': 0, 'River': 0, 'Drain': 2, 'Restoration': 0, 'Protection': 0, 'irr': 0, 'irrigation': 0, 'dam': 0, 'Nallah': 0, 'nala': 0, 'Retrofitting': 0, 'Pond': 0, 'Pokhari': 0, 'D/C': 0, 'Recharge shaft': 0, 'LFB': 0, 'RFB': 0}","{'Floodlight': 0, 'Flood Light': 0, 'GAS': 0, 'FIFA': 0, 'pipe': 0, 'pipes': 0, 'covid': 0, 'supply': 0, 'Beautification': 0, 'Installation': 0}",,,False,True,Immediate Measures
104719,NIT-04/2025-26/SL-161,Renovation of Mangar pond ward 44.,Renovation of Mangar pond ward 44.,2490000.0,INR,INR,2025-07-09 09:37:39+00:00,2025-07-05T12:52:07.083000+00:00,2025-10-15T06:23:20+00:00,MUNICIPAL COMMISSIONER (BIHARSHARIF),MUNICIPAL COMMISSIONER,BIHARSHARIF MUNICIPAL CORPORATION,Biharsharif Nagar Nigam Garhpar Biharsharif Nalanda,MUNICIPAL COMMISSIONER (BIHARSHARIF),MUNICIPAL COMMISSIONER,BIHARSHARIF MUNICIPAL CORPORATION,50000.0,5000.0,590.0,True,"{'Flood': 0, 'Embankment': 0, 'embkt': 0, 'Relief': 0, 'Erosion': 0, 'SDRF': 0, 'Inundation': 0, 'Hydrology': 0, 'Silt': 0, 'Siltation': 0, 'Bund': 0, 'Trench': 0, 'Breach': 0, 'Culvert': 0, 'Sluice': 0, 'Dyke': 0, 'Storm water drain': 0, 'Emergency': 0, 'Immediate': 0, 'IM': 0, 'AE': 0, 'A E': 0, 'AAPDA MITRA': 0, 'Bridge': 0, 'River': 0, 'Drain': 0, 'Restoration': 0, 'Protection': 0, 'irr': 0, 'irrigation': 0, 'dam': 0, 'Nallah': 0, 'nala': 0, 'Retrofitting': 0, 'Pond': 2, 'Pokhari': 0, 'D/C': 0, 'Recharge shaft': 0, 'LFB': 0, 'RFB': 0}","{'Floodlight': 0, 'Flood Light': 0, 'GAS': 0, 'FIFA': 0, 'pipe': 0, 'pipes': 0, 'covid': 0, 'supply': 0, 'Beautification': 0, 'Installation': 0}",,,False,False,Repair and Restoration
104725,NIT-04/2025-26/SL-166,"Construction of  PCC Road  and RCC Drain From   Ranjeet chaudhari to Rajendra chaudhri & Samuday Bhawan at ward no 46 under Nagar Nigam Biharsharif,","Construction of  PCC Road  and RCC Drain From   Ranjeet chaudhari to Rajendra chaudhri & Samuday Bhawan at ward no 46 under Nagar Nigam Biharsharif,",2488800.0,INR,INR,2025-07-09 09:03:28+00:00,2025-07-05T13:09:05.938000+00:00,2025-10-18T07:19:52+00:00,MUNICIPAL COMMISSIONER (BIHARSHARIF),MUNICIPAL COMMISSIONER,BIHARSHARIF MUNICIPAL CORPORATION,Biharsharif Nagar Nigam Garhpar Biharsharif Nalanda,MUNICIPAL COMMISSIONER (BIHARSHARIF),MUNICIPAL COMMISSIONER,BIHARSHARIF MUNICIPAL CORPORATION,50000.0,5000.0,590.0,True,"{'Flood': 0, 'Embankment': 0, 'embkt': 0, 'Relief': 0, 'Erosion': 0, 'SDRF': 0, 'Inundation': 0, 'Hydrology': 0, 'Silt': 0, 'Siltation': 0, 'Bund': 0, 'Trench': 0, 'Breach': 0, 'Culvert': 0, 'Sluice': 0, 'Dyke': 0, 'Storm water drain': 0, 'Emergency': 0, 'Immediate': 0, 'IM': 0, 'AE': 0, 'A E': 0, 'AAPDA MITRA': 0, 'Bridge': 0, 'River': 0, 'Drain': 2, 'Restoration': 0, 'Protection': 0, 'irr': 0, 'irrigation': 0, 'dam': 0, 'Nallah': 0, 'nala': 0, 'Retrofitting': 0, 'Pond': 0, 'Pokhari': 0, 'D/C': 0, 'Recharge shaft': 0, 'LFB': 0, 'RFB': 0}","{'Floodlight': 0, 'Flood Light': 0, 'GAS': 0, 'FIFA': 0, 'pipe': 0, 'pipes': 0, 'covid': 0, 'supply': 0, 'Beautification': 0, 'Installation': 0}",,,False,True,Others
104727,NIT-04/2025-26/SL-168,"Construction of  RCC Drain from  House of  Pappu ji  to  Ashok pandey at new Guffa par  in  ward no 47 under Nagar Nigam Biharsharif,","Construction of  RCC Drain from  House of  Pappu ji  to  Ashok pandey at new Guffa par  in  ward no 47 under Nagar Nigam Biharsharif,",468000.0,INR,INR,2025-07-09 08:05:45+00:00,2025-07-05T13:14:16.393000+00:00,2025-10-16T10:56:14+00:00,MUNICIPAL COMMISSIONER (BIHARSHARIF),MUNICIPAL COMMISSIONER,BIHARSHARIF MUNICIPAL CORPORATION,Biharsharif Nagar Nigam Garhpar Biharsharif Nalanda,MUNICIPAL COMMISSIONER (BIHARSHARIF),MUNICIPAL COMMISSIONER,BIHARSHARIF MUNICIPAL CORPORATION,9500.0,750.0,590.0,True,"{'Flood': 0, 'Embankment': 0, 'embkt': 0, 'Relief': 0, 'Erosion': 0, 'SDRF': 0, 'Inundation': 0, 'Hydrology': 0, 'Silt': 0, 'Siltation': 0, 'Bund': 0, 'Trench': 0, 'Breach': 0, 'Culvert': 0, 'Sluice': 0, 'Dyke': 0, 'Storm water drain': 0, 'Emergency': 0, 'Immediate': 0, 'IM': 0, 'AE': 0, 'A E': 0, 'AAPDA MITRA': 0, 'Bridge': 0, 'River': 0, 'Drain': 2, 'Restoration': 0, 'Protection': 0, 'irr': 0, 'irrigation': 0, 'dam': 0, 'Nallah': 0, 'nala': 0, 'Retrofitting': 0, 'Pond': 0, 'Pokhari': 0, 'D/C': 0, 'Recharge shaft': 0, 'LFB': 0, 'RFB': 0}","{'Floodlight': 0, 'Flood Light': 0, 'GAS': 0, 'FIFA': 0, 'pipe': 0, 'pipes': 0, 'covid': 0, 'supply': 0, 'Beautification': 0, 'Installation': 0}",,,False,True,Others
104726,NIT-04/2025-26/SL-167,"Construction of  PCC Road  and RCC Drain from Sanjay halwaee to Santosh Yadav & House of  Anuj halwaee  to Pramod saw   at Maghara saray in ward no 47 under Nagar Nigam Biharsharif,","Construction of  PCC Road  and RCC Drain from Sanjay halwaee to Santosh Yadav & House of  Anuj halwaee  to Pramod saw   at Maghara saray in ward no 47 under Nagar Nigam Biharsharif,",360000.0,INR,INR,2025-07-09 09:01:37+00:00,2025-07-05T13:11:19.308000+00:00,2025-10-16T10:42:51+00:00,MUNICIPAL COMMISSIONER (BIHARSHARIF),MUNICIPAL COMMISSIONER,BIHARSHARIF MUNICIPAL CORPORATION,Biharsharif Nagar Nigam Garhpar Biharsharif Nalanda,MUNICIPAL COMMISSIONER (BIHARSHARIF),MUNICIPAL COMMISSIONER,BIHARSHARIF MUNICIPAL CORPORATION,7200.0,750.0,590.0,True,"{'Flood': 0, 'Embankment': 0, 'embkt': 0, 'Relief': 0, 'Erosion': 0, 'SDRF': 0, 'Inundation': 0, 'Hydrology': 0, 'Silt': 0, 'Siltation': 0, 'Bund': 0, 'Trench': 0, 'Breach': 0, 'Culvert': 0, 'Sluice': 0, 'Dyke': 0, 'Storm water drain': 0, 'Emergency': 0, 'Immediate': 0, 'IM': 0, 'AE': 0, 'A E': 0, 'AAPDA MITRA': 0, 'Bridge': 0, 'River': 0, 'Drain': 2, 'Restoration': 0, 'Protection': 0, 'irr': 0, 'irrigation': 0, 'dam': 0, 'Nallah': 0, 'nala': 0, 'Retrofitting': 0, 'Pond': 0, 'Pokhari': 0, 'D/C': 0, 'Recharge shaft': 0, 'LFB': 0, 'RFB': 0}","{'Floodlight': 0, 'Flood Light': 0, 'GAS': 0, 'FIFA': 0, 'pipe': 0, 'pipes': 0, 'covid': 0, 'supply': 0, 'Beautification': 0, 'Installation': 0}",,,False,True,Others
104720,NIT-04/2025-26/SL-162,"Construction of  PCC Road  and RCC Drain From Anwar Alli to Afasar Alli & Firoj Hasami to moeein Peti wala at ward no 45 under Nagar Nigam Biharsharif,","Construction of  PCC Road  and RCC Drain From Anwar Alli to Afasar Alli & Firoj Hasami to moeein Peti wala at ward no 45 under Nagar Nigam Biharsharif,",2490000.0,INR,INR,2025-07-09 09:36:27+00:00,2025-07-05T12:56:50.817000+00:00,2025-10-13T11:28:25+00:00,MUNICIPAL COMMISSIONER (BIHARSHARIF),MUNICIPAL COMMISSIONER,BIHARSHARIF MUNICIPAL CORPORATION,Biharsharif Nagar Nigam Garhpar Biharsharif Nalanda,MUNICIPAL COMMISSIONER (BIHARSHARIF),MUNICIPAL COMMISSIONER,BIHARSHARIF MUNICIPAL CORPORATION,50000.0,5000.0,590.0,True,"{'Flood': 0, 'Embankment': 0, 'embkt': 0, 'Relief': 0, 'Erosion': 0, 'SDRF': 0, 'Inundation': 0, 'Hydrology': 0, 'Silt': 0, 'Siltation': 0, 'Bund': 0, 'Trench': 0, 'Breach': 0, 'Culvert': 0, 'Sluice': 0, 'Dyke': 0, 'Storm water drain': 0, 'Emergency': 0, 'Immediate': 0, 'IM': 0, 'AE': 0, 'A E': 0, 'AAPDA MITRA': 0, 'Bridge': 0, 'River': 0, 'Drain': 2, 'Restoration': 0, 'Protection': 0, 'irr': 0, 'irrigation': 0, 'dam': 0, 'Nallah': 0, 'nala': 0, 'Retrofitting': 0, 'Pond': 0, 'Pokhari': 0, 'D/C': 0, 'Recharge shaft': 0, 'LFB': 0, 'RFB': 0}","{'Floodlight': 0, 'Flood Light': 0, 'GAS': 0, 'FIFA': 0, 'pipe': 0, 'pipes': 0, 'covid': 0, 'supply': 0, 'Beautification': 0, 'Installation': 0}",,,False,True,Others
104740,NIT-04/2025-26/SL-172,"New Guffapar sanjay babu adhiwakta ke makan se arastu ji, nilesh ji, pappu sharma avam ranjay ji ke makan hote huye Amit ji avam ashok pandey ke makan tak pcc path avam rcc nala nirman ward 47.","New Guffapar sanjay babu adhiwakta ke makan se arastu ji, nilesh ji, pappu sharma avam ranjay ji ke makan hote huye Amit ji avam ashok pandey ke makan tak pcc path avam rcc nala nirman ward 47.",2488000.0,INR,INR,2025-07-09 07:47:42+00:00,2025-07-06T04:12:04.192000+00:00,2025-10-16T10:59:30+00:00,MUNICIPAL COMMISSIONER (BIHARSHARIF),MUNICIPAL COMMISSIONER,BIHARSHARIF MUNICIPAL CORPORATION,Biharsharif Nagar Nigam Garhpar Biharsharif Nalanda,MUNICIPAL COMMISSIONER (BIHARSHARIF),MUNICIPAL COMMISSIONER,BIHARSHARIF MUNICIPAL CORPORATION,50000.0,5000.0,590.0,True,"{'Flood': 0, 'Embankment': 0, 'embkt': 0, 'Relief': 0, 'Erosion': 0, 'SDRF': 0, 'Inundation': 0, 'Hydrology': 0, 'Silt': 0, 'Siltation': 0, 'Bund': 0, 'Trench': 0, 'Breach': 0, 'Culvert': 0, 'Sluice': 0, 'Dyke': 0, 'Storm water drain': 0, 'Emergency': 0, 'Immediate': 0, 'IM': 0, 'AE': 0, 'A E': 0, 'AAPDA MITRA': 0, 'Bridge': 0, 'River': 0, 'Drain': 0, 'Restoration': 0, 'Protection': 0, 'irr': 0, 'irrigation': 0, 'dam': 0, 'Nallah': 0, 'nala': 2, 'Retrofitting': 0, 'Pond': 0, 'Pokhari': 0, 'D/C': 0, 'Recharge shaft': 0, 'LFB': 0, 'RFB': 0}","{'Floodlight': 0, 'Flood Light': 0, 'GAS': 0, 'FIFA': 0, 'pipe': 0, 'pipes': 0, 'covid': 0, 'supply': 0, 'Beautification': 0, 'Installation': 0}",,,False,False,Others
104728,NIT-04/2025-26/SL-169,"Construction of  PCC Road  and RCC Drain from  House of Vinay kumar to Dinesh Prasad  & Shasi paswan to Abdhesh prasad at sarvoday nagar   ward no 47 under Nagar Nigam Biharsharif,","Construction of  PCC Road  and RCC Drain from  House of Vinay kumar to Dinesh Prasad  & Shasi paswan to Abdhesh prasad at sarvoday nagar   ward no 47 under Nagar Nigam Biharsharif,",833500.0,INR,INR,2025-07-09 08:04:09+00:00,2025-07-05T13:18:21.398000+00:00,2025-10-16T10:57:08+00:00,MUNICIPAL COMMISSIONER (BIHARSHARIF),MUNICIPAL COMMISSIONER,BIHARSHARIF MUNICIPAL CORPORATION,Biharsharif Nagar Nigam Garhpar Biharsharif Nalanda,MUNICIPAL COMMISSIONER (BIHARSHARIF),MUNICIPAL COMMISSIONER,BIHARSHARIF MUNICIPAL CORPORATION,17000.0,1250.0,590.0,True,"{'Flood': 0, 'Embankment': 0, 'embkt': 0, 'Relief': 0, 'Erosion': 0, 'SDRF': 0, 'Inundation': 0, 'Hydrology': 0, 'Silt': 0, 'Siltation': 0, 'Bund': 0, 'Trench': 0, 'Breach': 0, 'Culvert': 0, 'Sluice': 0, 'Dyke': 0, 'Storm water drain': 0, 'Emergency': 0, 'Immediate': 0, 'IM': 0, 'AE': 0, 'A E': 0, 'AAPDA MITRA': 0, 'Bridge': 0, 'River': 0, 'Drain': 2, 'Restoration': 0, 'Protection': 0, 'irr': 0, 'irrigation': 0, 'dam': 0, 'Nallah': 0, 'nala': 0, 'Retrofitting': 0, 'Pond': 0, 'Pokhari': 0, 'D/C': 0, 'Recharge shaft': 0, 'LFB': 0, 'RFB': 0}","{'Floodlight': 0, 'Flood Light': 0, 'GAS': 0, 'FIFA': 0, 'pipe': 0, 'pipes': 0, 'covid': 0, 'supply': 0, 'Beautification': 0, 'Installation': 0}",,,False,True,Others
104741,NIT-04/2025-26/SL-173,"Construction of  PCC Road  and RCC Drain From  house of  Omprakash ji to Jitenrda Ram   at  Sarvoday Nagar in ward no 47 under Nagar Nigam Biharsharif,","Construction of  PCC Road  and RCC Drain From  house of  Omprakash ji to Jitenrda Ram   at  Sarvoday Nagar in ward no 47 under Nagar Nigam Biharsharif,",1194400.0,INR,INR,2025-07-09 07:46:24+00:00,2025-07-06T04:19:37.804000+00:00,2025-10-16T11:00:37+00:00,MUNICIPAL COMMISSIONER (BIHARSHARIF),MUNICIPAL COMMISSIONER,BIHARSHARIF MUNICIPAL CORPORATION,Biharsharif Nagar Nigam Garhpar Biharsharif Nalanda,MUNICIPAL COMMISSIONER (BIHARSHARIF),MUNICIPAL COMMISSIONER,BIHARSHARIF MUNICIPAL CORPORATION,24000.0,2500.0,590.0,True,"{'Flood': 0, 'Embankment': 0, 'embkt': 0, 'Relief': 0, 'Erosion': 0, 'SDRF': 0, 'Inundation': 0, 'Hydrology': 0, 'Silt': 0, 'Siltation': 0, 'Bund': 0, 'Trench': 0, 'Breach': 0, 'Culvert': 0, 'Sluice': 0, 'Dyke': 0, 'Storm water drain': 0, 'Emergency': 0, 'Immediate': 0, 'IM': 0, 'AE': 0, 'A E': 0, 'AAPDA MITRA': 0, 'Bridge': 0, 'River': 0, 'Drain': 2, 'Restoration': 0, 'Protection': 0, 'irr': 0, 'irrigation': 0, 'dam': 0, 'Nallah': 0, 'nala': 0, 'Retrofitting': 0, 'Pond': 0, 'Pokhari': 0, 'D/C': 0, 'Recharge shaft': 0, 'LFB': 0, 'RFB': 0}","{'Floodlight': 0, 'Flood Light': 0, 'GAS': 0, 'FIFA': 0, 'pipe': 0, 'pipes': 0, 'covid': 0, 'supply': 0, 'Beautification': 0, 'Installation': 0}",,,False,True,Others
104744,NIT-04/2025-26/SL-176,Construction of  PCC Road  and RCC Drain From house of Bhola babu to Chhote singh & Bagicha of Umesh singh at ward no 48.,Construction of  PCC Road  and RCC Drain From house of Bhola babu to Chhote singh & Bagicha of Umesh singh at ward no 48.,593500.0,INR,INR,2025-07-09 07:41:46+00:00,2025-07-06T04:29:49.044000+00:00,2025-10-16T09:57:33+00:00,MUNICIPAL COMMISSIONER (BIHARSHARIF),MUNICIPAL COMMISSIONER,BIHARSHARIF MUNICIPAL CORPORATION,Biharsharif Nagar Nigam Garhpar Biharsharif Nalanda,MUNICIPAL COMMISSIONER (BIHARSHARIF),MUNICIPAL COMMISSIONER,BIHARSHARIF MUNICIPAL CORPORATION,12000.0,1250.0,590.0,True,"{'Flood': 0, 'Embankment': 0, 'embkt': 0, 'Relief': 0, 'Erosion': 0, 'SDRF': 0, 'Inundation': 0, 'Hydrology': 0, 'Silt': 0, 'Siltation': 0, 'Bund': 0, 'Trench': 0, 'Breach': 0, 'Culvert': 0, 'Sluice': 0, 'Dyke': 0, 'Storm water drain': 0, 'Emergency': 0, 'Immediate': 0, 'IM': 0, 'AE': 0, 'A E': 0, 'AAPDA MITRA': 0, 'Bridge': 0, 'River': 0, 'Drain': 2, 'Restoration': 0, 'Protection': 0, 'irr': 0, 'irrigation': 0, 'dam': 0, 'Nallah': 0, 'nala': 0, 'Retrofitting': 0, 'Pond': 0, 'Pokhari': 0, 'D/C': 0, 'Recharge shaft': 0, 'LFB': 0, 'RFB': 0}","{'Floodlight': 0, 'Flood Light': 0, 'GAS': 0, 'FIFA': 0, 'pipe': 0, 'pipes': 0, 'covid': 0, 'supply': 0, 'Beautification': 0, 'Installation': 0}",,,False,True,Others
104724,NIT-04/2025-26/SL-165,"Construction of  PCC Road  and RCC Drain From  Jhig nagar Samuday Bhawan to Pirbigha at ward no 46 under Nagar Nigam Biharsharif,","Construction of  PCC Road  and RCC Drain From  Jhig nagar Samuday Bhawan to Pirbigha at ward no 46 under Nagar Nigam Biharsharif,",2494400.0,INR,INR,2025-07-09 09:04:45+00:00,2025-07-05T13:06:43.439000+00:00,2025-10-18T07:18:59+00:00,MUNICIPAL COMMISSIONER (BIHARSHARIF),MUNICIPAL COMMISSIONER,BIHARSHARIF MUNICIPAL CORPORATION,Biharsharif Nagar Nigam Garhpar Biharsharif Nalanda,MUNICIPAL COMMISSIONER (BIHARSHARIF),MUNICIPAL COMMISSIONER,BIHARSHARIF MUNICIPAL CORPORATION,50000.0,5000.0,590.0,True,"{'Flood': 0, 'Embankment': 0, 'embkt': 0, 'Relief': 0, 'Erosion': 0, 'SDRF': 0, 'Inundation': 0, 'Hydrology': 0, 'Silt': 0, 'Siltation': 0, 'Bund': 0, 'Trench': 0, 'Breach': 0, 'Culvert': 0, 'Sluice': 0, 'Dyke': 0, 'Storm water drain': 0, 'Emergency': 0, 'Immediate': 0, 'IM': 0, 'AE': 0, 'A E': 0, 'AAPDA MITRA': 0, 'Bridge': 0, 'River': 0, 'Drain': 2, 'Restoration': 0, 'Protection': 0, 'irr': 0, 'irrigation': 0, 'dam': 0, 'Nallah': 0, 'nala': 0, 'Retrofitting': 0, 'Pond': 0, 'Pokhari': 0, 'D/C': 0, 'Recharge shaft': 0, 'LFB': 0, 'RFB': 0}","{'Floodlight': 0, 'Flood Light': 0, 'GAS': 0, 'FIFA': 0, 'pipe': 0, 'pipes': 0, 'covid': 0, 'supply': 0, 'Beautification': 0, 'Installation': 0}",,,False,True,Others
104746,NIT-04/2025-26/SL-178,Renovation of pond at Maghra (Sitala Mata) Mandir in ward 48.,Renovation of pond at Maghra (Sitala Mata) Mandir in ward 48.,2491000.0,INR,INR,2025-07-09 07:34:16+00:00,2025-07-06T04:35:04.036000+00:00,2025-10-18T07:37:18+00:00,MUNICIPAL COMMISSIONER (BIHARSHARIF),MUNICIPAL COMMISSIONER,BIHARSHARIF MUNICIPAL CORPORATION,Biharsharif Nagar Nigam Garhpar Biharsharif Nalanda,MUNICIPAL COMMISSIONER (BIHARSHARIF),MUNICIPAL COMMISSIONER,BIHARSHARIF MUNICIPAL CORPORATION,50000.0,5000.0,590.0,True,"{'Flood': 0, 'Embankment': 0, 'embkt': 0, 'Relief': 0, 'Erosion': 0, 'SDRF': 0, 'Inundation': 0, 'Hydrology': 0, 'Silt': 0, 'Siltation': 0, 'Bund': 0, 'Trench': 0, 'Breach': 0, 'Culvert': 0, 'Sluice': 0, 'Dyke': 0, 'Storm water drain': 0, 'Emergency': 0, 'Immediate': 0, 'IM': 0, 'AE': 0, 'A E': 0, 'AAPDA MITRA': 0, 'Bridge': 0, 'River': 0, 'Drain': 0, 'Restoration': 0, 'Protection': 0, 'irr': 0, 'irrigation': 0, 'dam': 0, 'Nallah': 0, 'nala': 0, 'Retrofitting': 0, 'Pond': 2, 'Pokhari': 0, 'D/C': 0, 'Recharge shaft': 0, 'LFB': 0, 'RFB': 0}","{'Floodlight': 0, 'Flood Light': 0, 'GAS': 0, 'FIFA': 0, 'pipe': 0, 'pipes': 0, 'covid': 0, 'supply': 0, 'Beautification': 0, 'Installation': 0}",,,False,False,Repair and Restoration
104729,NIT/02/2025-26/GR01,Construction of RCC drain and PCC road from satish rai's house to waquil rai's house in ward-01,Construction of RCC drain and PCC road from satish rai's house to waquil rai's house in ward-01,2971977.0,INR,INR,2025-07-09 11:05:22+00:00,2025-07-05T13:20:43.345000+00:00,2025-08-09T09:44:42+00:00,BIPIN KUMAR,"EXECUTIVE OFFICER,NP BIHTA",NAGAR PARISHAD BIHTA,NAGAR PARISHAD BIHTA,BIPIN KUMAR,"EXECUTIVE OFFICER,NP BIHTA",NAGAR PARISHAD BIHTA,59500.0,5000.0,590.0,True,"{'Flood': 0, 'Embankment': 0, 'embkt': 0, 'Relief': 0, 'Erosion': 0, 'SDRF': 0, 'Inundation': 0, 'Hydrology': 0, 'Silt': 0, 'Siltation': 0, 'Bund': 0, 'Trench': 0, 'Breach': 0, 'Culvert': 0, 'Sluice': 0, 'Dyke': 0, 'Storm water drain': 0, 'Emergency': 0, 'Immediate': 0, 'IM': 0, 'AE': 0, 'A E': 0, 'AAPDA MITRA': 0, 'Bridge': 0, 'River': 0, 'Drain': 2, 'Restoration': 0, 'Protection': 0, 'irr': 0, 'irrigation': 0, 'dam': 0, 'Nallah': 0, 'nala': 0, 'Retrofitting': 0, 'Pond': 0, 'Pokhari': 0, 'D/C': 0, 'Recharge shaft': 0, 'LFB': 0, 'RFB': 0}","{'Floodlight': 0, 'Flood Light': 0, 'GAS': 0, 'FIFA': 0, 'pipe': 0, 'pipes': 0, 'covid': 0, 'supply': 0, 'Beautification': 0, 'Installation': 0}",,,False,True,Immediate Measures
104731,NIT-04/2025-26/SL-171,"Construction of  PCC Road  and RCC Drain From  house of Vinod Ravidas to Ajay kumar rauson at sathopur in ward no 47 under Nagar Nigam Biharsharif,","Construction of  PCC Road  and RCC Drain From  house of Vinod Ravidas to Ajay kumar rauson at sathopur in ward no 47 under Nagar Nigam Biharsharif,",1096000.0,INR,INR,2025-07-09 07:50:57+00:00,2025-07-05T13:24:53.178000+00:00,2025-10-16T10:58:36+00:00,MUNICIPAL COMMISSIONER (BIHARSHARIF),MUNICIPAL COMMISSIONER,BIHARSHARIF MUNICIPAL CORPORATION,Biharsharif Nagar Nigam Garhpar Biharsharif Nalanda,MUNICIPAL COMMISSIONER (BIHARSHARIF),MUNICIPAL COMMISSIONER,BIHARSHARIF MUNICIPAL CORPORATION,22000.0,2500.0,590.0,True,"{'Flood': 0, 'Embankment': 0, 'embkt': 0, 'Relief': 0, 'Erosion': 0, 'SDRF': 0, 'Inundation': 0, 'Hydrology': 0, 'Silt': 0, 'Siltation': 0, 'Bund': 0, 'Trench': 0, 'Breach': 0, 'Culvert': 0, 'Sluice': 0, 'Dyke': 0, 'Storm water drain': 0, 'Emergency': 0, 'Immediate': 0, 'IM': 0, 'AE': 0, 'A E': 0, 'AAPDA MITRA': 0, 'Bridge': 0, 'River': 0, 'Drain': 2, 'Restoration': 0, 'Protection': 0, 'irr': 0, 'irrigation': 0, 'dam': 0, 'Nallah': 0, 'nala': 0, 'Retrofitting': 0, 'Pond': 0, 'Pokhari': 0, 'D/C': 0, 'Recharge shaft': 0, 'LFB': 0, 'RFB': 0}","{'Floodlight': 0, 'Flood Light': 0, 'GAS': 0, 'FIFA': 0, 'pipe': 0, 'pipes': 0, 'covid': 0, 'supply': 0, 'Beautification': 0, 'Installation': 0}",,,False,True,Others
104749,NIT-04/2025-26/SL-181,Construction of  PCC Road  and RCC Drain From  House of Heera yadav to House of Ashok Yadav at ward no 50.,Construction of  PCC Road  and RCC Drain From  House of Heera yadav to House of Ashok Yadav at ward no 50.,1694000.0,INR,INR,2025-07-09 07:09:33+00:00,2025-07-06T04:48:23.780000+00:00,2025-10-15T06:47:19+00:00,MUNICIPAL COMMISSIONER (BIHARSHARIF),MUNICIPAL COMMISSIONER,BIHARSHARIF MUNICIPAL CORPORATION,Biharsharif Nagar Nigam Garhpar Biharsharif Nalanda,MUNICIPAL COMMISSIONER (BIHARSHARIF),MUNICIPAL COMMISSIONER,BIHARSHARIF MUNICIPAL CORPORATION,34000.0,5000.0,590.0,True,"{'Flood': 0, 'Embankment': 0, 'embkt': 0, 'Relief': 0, 'Erosion': 0, 'SDRF': 0, 'Inundation': 0, 'Hydrology': 0, 'Silt': 0, 'Siltation': 0, 'Bund': 0, 'Trench': 0, 'Breach': 0, 'Culvert': 0, 'Sluice': 0, 'Dyke': 0, 'Storm water drain': 0, 'Emergency': 0, 'Immediate': 0, 'IM': 0, 'AE': 0, 'A E': 0, 'AAPDA MITRA': 0, 'Bridge': 0, 'River': 0, 'Drain': 2, 'Restoration': 0, 'Protection': 0, 'irr': 0, 'irrigation': 0, 'dam': 0, 'Nallah': 0, 'nala': 0, 'Retrofitting': 0, 'Pond': 0, 'Pokhari': 0, 'D/C': 0, 'Recharge shaft': 0, 'LFB': 0, 'RFB': 0}","{'Floodlight': 0, 'Flood Light': 0, 'GAS': 0, 'FIFA': 0, 'pipe': 0, 'pipes': 0, 'covid': 0, 'supply': 0, 'Beautification': 0, 'Installation': 0}",,,False,True,Others
104743,NIT-04/2025-26/SL-175,Construction of  PCC Road  and RCC Drain From  Paswan toli Dalan to near house of Tinku paswan at ward no 48.,Construction of  PCC Road  and RCC Drain From  Paswan toli Dalan to near house of Tinku paswan at ward no 48.,1907700.0,INR,INR,2025-07-09 07:43:11+00:00,2025-07-06T04:27:20.482000+00:00,2025-10-16T09:54:07+00:00,MUNICIPAL COMMISSIONER (BIHARSHARIF),MUNICIPAL COMMISSIONER,BIHARSHARIF MUNICIPAL CORPORATION,Biharsharif Nagar Nigam Garhpar Biharsharif Nalanda,MUNICIPAL COMMISSIONER (BIHARSHARIF),MUNICIPAL COMMISSIONER,BIHARSHARIF MUNICIPAL CORPORATION,38500.0,5000.0,590.0,True,"{'Flood': 0, 'Embankment': 0, 'embkt': 0, 'Relief': 0, 'Erosion': 0, 'SDRF': 0, 'Inundation': 0, 'Hydrology': 0, 'Silt': 0, 'Siltation': 0, 'Bund': 0, 'Trench': 0, 'Breach': 0, 'Culvert': 0, 'Sluice': 0, 'Dyke': 0, 'Storm water drain': 0, 'Emergency': 0, 'Immediate': 0, 'IM': 0, 'AE': 0, 'A E': 0, 'AAPDA MITRA': 0, 'Bridge': 0, 'River': 0, 'Drain': 2, 'Restoration': 0, 'Protection': 0, 'irr': 0, 'irrigation': 0, 'dam': 0, 'Nallah': 0, 'nala': 0, 'Retrofitting': 0, 'Pond': 0, 'Pokhari': 0, 'D/C': 0, 'Recharge shaft': 0, 'LFB': 0, 'RFB': 0}","{'Floodlight': 0, 'Flood Light': 0, 'GAS': 0, 'FIFA': 0, 'pipe': 0, 'pipes': 0, 'covid': 0, 'supply': 0, 'Beautification': 0, 'Installation': 0}",,,False,True,Others
104751,NIT-04/2025-26/SL-183,Construction of   RCC Nala  from  house of Laddu Gop to  Pokhar via purani transformer at ward no 50.,Construction of   RCC Nala  from  house of Laddu Gop to  Pokhar via purani transformer at ward no 50.,2488000.0,INR,INR,2025-07-09 05:09:22+00:00,2025-07-06T04:54:14.611000+00:00,2025-10-15T06:49:02+00:00,MUNICIPAL COMMISSIONER (BIHARSHARIF),MUNICIPAL COMMISSIONER,BIHARSHARIF MUNICIPAL CORPORATION,Biharsharif Nagar Nigam Garhpar Biharsharif Nalanda,MUNICIPAL COMMISSIONER (BIHARSHARIF),MUNICIPAL COMMISSIONER,BIHARSHARIF MUNICIPAL CORPORATION,50000.0,5000.0,590.0,True,"{'Flood': 0, 'Embankment': 0, 'embkt': 0, 'Relief': 0, 'Erosion': 0, 'SDRF': 0, 'Inundation': 0, 'Hydrology': 0, 'Silt': 0, 'Siltation': 0, 'Bund': 0, 'Trench': 0, 'Breach': 0, 'Culvert': 0, 'Sluice': 0, 'Dyke': 0, 'Storm water drain': 0, 'Emergency': 0, 'Immediate': 0, 'IM': 0, 'AE': 0, 'A E': 0, 'AAPDA MITRA': 0, 'Bridge': 0, 'River': 0, 'Drain': 0, 'Restoration': 0, 'Protection': 0, 'irr': 0, 'irrigation': 0, 'dam': 0, 'Nallah': 0, 'nala': 2, 'Retrofitting': 0, 'Pond': 0, 'Pokhari': 0, 'D/C': 0, 'Recharge shaft': 0, 'LFB': 0, 'RFB': 0}","{'Floodlight': 0, 'Flood Light': 0, 'GAS': 0, 'FIFA': 0, 'pipe': 0, 'pipes': 0, 'covid': 0, 'supply': 0, 'Beautification': 0, 'Installation': 0}",,,False,False,Others
104753,NIT-04/2025-26/SL-185,"Construction of  PCC Road & RCC Nala  from House of Dilip kr to Guddu kewat, Guddu kewat to Mithalesh kewat,Chandan kr to Ramsharan, Prakash kewat to Rajkumar ,Babalu to Anand, Satendra kewat to Manoj kewat & Lallu kewat to main Road at Purvi Chak dilawar in  ward no 51.","Construction of  PCC Road & RCC Nala  from House of Dilip kr to Guddu kewat, Guddu kewat to Mithalesh kewat,Chandan kr to Ramsharan, Prakash kewat to Rajkumar ,Babalu to Anand, Satendra kewat to Manoj kewat & Lallu kewat to main Road at Purvi Chak dilawar in  ward no 51.",2495500.0,INR,INR,2025-07-09 05:06:40+00:00,2025-07-06T05:00:52.939000+00:00,2025-10-18T07:47:05+00:00,MUNICIPAL COMMISSIONER (BIHARSHARIF),MUNICIPAL COMMISSIONER,BIHARSHARIF MUNICIPAL CORPORATION,Biharsharif Nagar Nigam Garhpar Biharsharif Nalanda,MUNICIPAL COMMISSIONER (BIHARSHARIF),MUNICIPAL COMMISSIONER,BIHARSHARIF MUNICIPAL CORPORATION,50000.0,5000.0,590.0,True,"{'Flood': 0, 'Embankment': 0, 'embkt': 0, 'Relief': 0, 'Erosion': 0, 'SDRF': 0, 'Inundation': 0, 'Hydrology': 0, 'Silt': 0, 'Siltation': 0, 'Bund': 0, 'Trench': 0, 'Breach': 0, 'Culvert': 0, 'Sluice': 0, 'Dyke': 0, 'Storm water drain': 0, 'Emergency': 0, 'Immediate': 0, 'IM': 0, 'AE': 0, 'A E': 0, 'AAPDA MITRA': 0, 'Bridge': 0, 'River': 0, 'Drain': 0, 'Restoration': 0, 'Protection': 0, 'irr': 0, 'irrigation': 0, 'dam': 0, 'Nallah': 0, 'nala': 2, 'Retrofitting': 0, 'Pond': 0, 'Pokhari': 0, 'D/C': 0, 'Recharge shaft': 0, 'LFB': 0, 'RFB': 0}","{'Floodlight': 0, 'Flood Light': 0, 'GAS': 0, 'FIFA': 0, 'pipe': 0, 'pipes': 0, 'covid': 0, 'supply': 0, 'Beautification': 0, 'Installation': 0}",,,False,True,Others
104750,NIT-04/2025-26/SL-182,Construction of  PCC Road   From House of Satedra yadav to Naval yadav  & Construction of  RCC Nala  From Pappu Gop to Naval Yadav via Ashok Yadav at Bijawan in ward no 50.,Construction of  PCC Road   From House of Satedra yadav to Naval yadav  & Construction of  RCC Nala  From Pappu Gop to Naval Yadav via Ashok Yadav at Bijawan in ward no 50.,1767000.0,INR,INR,2025-07-09 05:10:53+00:00,2025-07-06T04:51:14.936000+00:00,2025-10-15T06:48:10+00:00,MUNICIPAL COMMISSIONER (BIHARSHARIF),MUNICIPAL COMMISSIONER,BIHARSHARIF MUNICIPAL CORPORATION,Biharsharif Nagar Nigam Garhpar Biharsharif Nalanda,MUNICIPAL COMMISSIONER (BIHARSHARIF),MUNICIPAL COMMISSIONER,BIHARSHARIF MUNICIPAL CORPORATION,35500.0,5000.0,590.0,True,"{'Flood': 0, 'Embankment': 0, 'embkt': 0, 'Relief': 0, 'Erosion': 0, 'SDRF': 0, 'Inundation': 0, 'Hydrology': 0, 'Silt': 0, 'Siltation': 0, 'Bund': 0, 'Trench': 0, 'Breach': 0, 'Culvert': 0, 'Sluice': 0, 'Dyke': 0, 'Storm water drain': 0, 'Emergency': 0, 'Immediate': 0, 'IM': 0, 'AE': 0, 'A E': 0, 'AAPDA MITRA': 0, 'Bridge': 0, 'River': 0, 'Drain': 0, 'Restoration': 0, 'Protection': 0, 'irr': 0, 'irrigation': 0, 'dam': 0, 'Nallah': 0, 'nala': 2, 'Retrofitting': 0, 'Pond': 0, 'Pokhari': 0, 'D/C': 0, 'Recharge shaft': 0, 'LFB': 0, 'RFB': 0}","{'Floodlight': 0, 'Flood Light': 0, 'GAS': 0, 'FIFA': 0, 'pipe': 0, 'pipes': 0, 'covid': 0, 'supply': 0, 'Beautification': 0, 'Installation': 0}",,,False,True,Others
104742,NIT-04/2025-26/SL-174,"Construction of  PCC Road  and RCC Drain From  house of  Rajeev kumar to Sanjay raut, house of Anjani pandey to field of Shankar singh  & house of Bipin Raut  to Gidhiya Pokhar  at ward no 48.","Construction of  PCC Road  and RCC Drain From  house of  Rajeev kumar to Sanjay raut, house of Anjani pandey to field of Shankar singh  & house of Bipin Raut  to Gidhiya Pokhar  at ward no 48.",2498800.0,INR,INR,2025-07-09 07:44:37+00:00,2025-07-06T04:25:03.269000+00:00,2025-10-16T09:43:32+00:00,MUNICIPAL COMMISSIONER (BIHARSHARIF),MUNICIPAL COMMISSIONER,BIHARSHARIF MUNICIPAL CORPORATION,Biharsharif Nagar Nigam Garhpar Biharsharif Nalanda,MUNICIPAL COMMISSIONER (BIHARSHARIF),MUNICIPAL COMMISSIONER,BIHARSHARIF MUNICIPAL CORPORATION,50000.0,5000.0,590.0,True,"{'Flood': 0, 'Embankment': 0, 'embkt': 0, 'Relief': 0, 'Erosion': 0, 'SDRF': 0, 'Inundation': 0, 'Hydrology': 0, 'Silt': 0, 'Siltation': 0, 'Bund': 0, 'Trench': 0, 'Breach': 0, 'Culvert': 0, 'Sluice': 0, 'Dyke': 0, 'Storm water drain': 0, 'Emergency': 0, 'Immediate': 0, 'IM': 0, 'AE': 0, 'A E': 0, 'AAPDA MITRA': 0, 'Bridge': 0, 'River': 0, 'Drain': 2, 'Restoration': 0, 'Protection': 0, 'irr': 0, 'irrigation': 0, 'dam': 0, 'Nallah': 0, 'nala': 0, 'Retrofitting': 0, 'Pond': 0, 'Pokhari': 0, 'D/C': 0, 'Recharge shaft': 0, 'LFB': 0, 'RFB': 0}","{'Floodlight': 0, 'Flood Light': 0, 'GAS': 0, 'FIFA': 0, 'pipe': 0, 'pipes': 0, 'covid': 0, 'supply': 0, 'Beautification': 0, 'Installation': 0}",,,False,True,Others
104754,NIT-04/2025-26/SL-186,Construction of   RCC Nala  from Ramlakhan singh college to house of Ashok mahato  at ward no 51.,Construction of   RCC Nala  from Ramlakhan singh college to house of Ashok mahato  at ward no 51.,1851500.0,INR,INR,2025-07-09 05:04:46+00:00,2025-07-06T05:03:35.221000+00:00,2025-10-18T07:57:47+00:00,MUNICIPAL COMMISSIONER (BIHARSHARIF),MUNICIPAL COMMISSIONER,BIHARSHARIF MUNICIPAL CORPORATION,Biharsharif Nagar Nigam Garhpar Biharsharif Nalanda,MUNICIPAL COMMISSIONER (BIHARSHARIF),MUNICIPAL COMMISSIONER,BIHARSHARIF MUNICIPAL CORPORATION,37100.0,5000.0,590.0,True,"{'Flood': 0, 'Embankment': 0, 'embkt': 0, 'Relief': 0, 'Erosion': 0, 'SDRF': 0, 'Inundation': 0, 'Hydrology': 0, 'Silt': 0, 'Siltation': 0, 'Bund': 0, 'Trench': 0, 'Breach': 0, 'Culvert': 0, 'Sluice': 0, 'Dyke': 0, 'Storm water drain': 0, 'Emergency': 0, 'Immediate': 0, 'IM': 0, 'AE': 0, 'A E': 0, 'AAPDA MITRA': 0, 'Bridge': 0, 'River': 0, 'Drain': 0, 'Restoration': 0, 'Protection': 0, 'irr': 0, 'irrigation': 0, 'dam': 0, 'Nallah': 0, 'nala': 2, 'Retrofitting': 0, 'Pond': 0, 'Pokhari': 0, 'D/C': 0, 'Recharge shaft': 0, 'LFB': 0, 'RFB': 0}","{'Floodlight': 0, 'Flood Light': 0, 'GAS': 0, 'FIFA': 0, 'pipe': 0, 'pipes': 0, 'covid': 0, 'supply': 0, 'Beautification': 0, 'Installation': 0}",,,False,False,Others
104757,NIT-04/2025-26/SL-188,Construction of  PCC infront of Masjid & construction of  Paver Block & RCC Drain From  Masjid to house of Naeeim miyan  at Chainpura in ward no 51.,Construction of  PCC infront of Masjid & construction of  Paver Block & RCC Drain From  Masjid to house of Naeeim miyan  at Chainpura in ward no 51.,945000.0,INR,INR,2025-07-08 12:52:02+00:00,2025-07-06T05:09:57.363000+00:00,2025-10-16T12:00:33+00:00,MUNICIPAL COMMISSIONER (BIHARSHARIF),MUNICIPAL COMMISSIONER,BIHARSHARIF MUNICIPAL CORPORATION,Biharsharif Nagar Nigam Garhpar Biharsharif Nalanda,MUNICIPAL COMMISSIONER (BIHARSHARIF),MUNICIPAL COMMISSIONER,BIHARSHARIF MUNICIPAL CORPORATION,19000.0,1250.0,590.0,True,"{'Flood': 0, 'Embankment': 0, 'embkt': 0, 'Relief': 0, 'Erosion': 0, 'SDRF': 0, 'Inundation': 0, 'Hydrology': 0, 'Silt': 0, 'Siltation': 0, 'Bund': 0, 'Trench': 0, 'Breach': 0, 'Culvert': 0, 'Sluice': 0, 'Dyke': 0, 'Storm water drain': 0, 'Emergency': 0, 'Immediate': 0, 'IM': 0, 'AE': 0, 'A E': 0, 'AAPDA MITRA': 0, 'Bridge': 0, 'River': 0, 'Drain': 2, 'Restoration': 0, 'Protection': 0, 'irr': 0, 'irrigation': 0, 'dam': 0, 'Nallah': 0, 'nala': 0, 'Retrofitting': 0, 'Pond': 0, 'Pokhari': 0, 'D/C': 0, 'Recharge shaft': 0, 'LFB': 0, 'RFB': 0}","{'Floodlight': 0, 'Flood Light': 0, 'GAS': 0, 'FIFA': 0, 'pipe': 0, 'pipes': 0, 'covid': 0, 'supply': 0, 'Beautification': 0, 'Installation': 0}",,,False,True,Immediate Measures
104769,NIT-04/2025-26/SL-17,"Swargiye kali tanti k ghar se swargiye raghubir mistri k ghar hote bada nala tak, rakesh ranjan k ghar se garage tak,pramod yadav k ghar se kaushal yadav k gaushala tak salempur paani tanki k pass, khaparkuan puliya k pass avam nagam nigam workshop k uttari kon se dakshin road hunter tak path evm nali nirmaan ward 05.","Swargiye kali tanti k ghar se swargiye raghubir mistri k ghar hote bada nala tak, rakesh ranjan k ghar se garage tak,pramod yadav k ghar se kaushal yadav k gaushala tak salempur paani tanki k pass, khaparkuan puliya k pass avam nagam nigam workshop k uttari kon se dakshin road hunter tak path evm nali nirmaan ward 05.",2499100.0,INR,INR,2025-07-11 09:25:48+00:00,2025-07-06T06:02:06.649000+00:00,2025-10-17T06:40:57+00:00,MUNICIPAL COMMISSIONER (BIHARSHARIF),MUNICIPAL COMMISSIONER,BIHARSHARIF MUNICIPAL CORPORATION,Biharsharif Nagar Nigam Garhpar Biharsharif Nalanda,MUNICIPAL COMMISSIONER (BIHARSHARIF),MUNICIPAL COMMISSIONER,BIHARSHARIF MUNICIPAL CORPORATION,50000.0,5000.0,590.0,True,"{'Flood': 0, 'Embankment': 0, 'embkt': 0, 'Relief': 0, 'Erosion': 0, 'SDRF': 0, 'Inundation': 0, 'Hydrology': 0, 'Silt': 0, 'Siltation': 0, 'Bund': 0, 'Trench': 0, 'Breach': 0, 'Culvert': 0, 'Sluice': 0, 'Dyke': 0, 'Storm water drain': 0, 'Emergency': 0, 'Immediate': 0, 'IM': 0, 'AE': 0, 'A E': 0, 'AAPDA MITRA': 0, 'Bridge': 0, 'River': 0, 'Drain': 0, 'Restoration': 0, 'Protection': 0, 'irr': 0, 'irrigation': 0, 'dam': 0, 'Nallah': 0, 'nala': 2, 'Retrofitting': 0, 'Pond': 0, 'Pokhari': 0, 'D/C': 0, 'Recharge shaft': 0, 'LFB': 0, 'RFB': 0}","{'Floodlight': 0, 'Flood Light': 0, 'GAS': 0, 'FIFA': 0, 'pipe': 0, 'pipes': 0, 'covid': 0, 'supply': 0, 'Beautification': 0, 'Installation': 0}",,,False,True,Others
104785,NIT-04/2025-26/SL-114,"Kumar Hospital ke uttar gali me shiv sansar Hospital hote abhay bhawan tak, Kumar hospital ke purav awam Kumar hospital se uttar Dr. Virendra prasad hote hue Dr. Arvind Sinha se hote Dr. Vinod Babu ke ghar tak, Dr. Virendra prasad ke clinic se Dr. sujeet kumar tak Nala ka Nirmaan karya in ward no - 30.","Kumar Hospital ke uttar gali me shiv sansar Hospital hote abhay bhawan tak, Kumar hospital ke purav awam Kumar hospital se uttar Dr. Virendra prasad hote hue Dr. Arvind Sinha se hote Dr. Vinod Babu ke ghar tak, Dr. Virendra prasad ke clinic se Dr. sujeet kumar tak Nala ka Nirmaan karya in ward no - 30.",2469500.0,INR,INR,2025-07-10 05:03:58+00:00,2025-07-06T06:50:45.523000+00:00,2025-10-12T05:53:45+00:00,MUNICIPAL COMMISSIONER (BIHARSHARIF),MUNICIPAL COMMISSIONER,BIHARSHARIF MUNICIPAL CORPORATION,Biharsharif Nagar Nigam Garhpar Biharsharif Nalanda,MUNICIPAL COMMISSIONER (BIHARSHARIF),MUNICIPAL COMMISSIONER,BIHARSHARIF MUNICIPAL CORPORATION,49500.0,5000.0,590.0,True,"{'Flood': 0, 'Embankment': 0, 'embkt': 0, 'Relief': 0, 'Erosion': 0, 'SDRF': 0, 'Inundation': 0, 'Hydrology': 0, 'Silt': 0, 'Siltation': 0, 'Bund': 0, 'Trench': 0, 'Breach': 0, 'Culvert': 0, 'Sluice': 0, 'Dyke': 0, 'Storm water drain': 0, 'Emergency': 0, 'Immediate': 0, 'IM': 0, 'AE': 0, 'A E': 0, 'AAPDA MITRA': 0, 'Bridge': 0, 'River': 0, 'Drain': 0, 'Restoration': 0, 'Protection': 0, 'irr': 0, 'irrigation': 0, 'dam': 0, 'Nallah': 0, 'nala': 2, 'Retrofitting': 0, 'Pond': 0, 'Pokhari': 0, 'D/C': 0, 'Recharge shaft': 0, 'LFB': 0, 'RFB': 0}","{'Floodlight': 0, 'Flood Light': 0, 'GAS': 0, 'FIFA': 0, 'pipe': 0, 'pipes': 0, 'covid': 0, 'supply': 0, 'Beautification': 0, 'Installation': 0}",,,False,False,Others
104787,NIT-04/2025-26/SL-116,Mayor Sahab ke ghar se paschim savitri devi ke ghar hote pappu ji ke ghar tak awam Awdhesh kumar singh ji se subhash prasad ke ghar tak Nala ka nirman in ward no - 30.,Mayor Sahab ke ghar se paschim savitri devi ke ghar hote pappu ji ke ghar tak awam Awdhesh kumar singh ji se subhash prasad ke ghar tak Nala ka nirman in ward no - 30.,2375300.0,INR,INR,2025-07-10 05:00:48+00:00,2025-07-06T06:55:59.998000+00:00,2025-10-12T06:00:04+00:00,MUNICIPAL COMMISSIONER (BIHARSHARIF),MUNICIPAL COMMISSIONER,BIHARSHARIF MUNICIPAL CORPORATION,Biharsharif Nagar Nigam Garhpar Biharsharif Nalanda,MUNICIPAL COMMISSIONER (BIHARSHARIF),MUNICIPAL COMMISSIONER,BIHARSHARIF MUNICIPAL CORPORATION,48000.0,5000.0,590.0,True,"{'Flood': 0, 'Embankment': 0, 'embkt': 0, 'Relief': 0, 'Erosion': 0, 'SDRF': 0, 'Inundation': 0, 'Hydrology': 0, 'Silt': 0, 'Siltation': 0, 'Bund': 0, 'Trench': 0, 'Breach': 0, 'Culvert': 0, 'Sluice': 0, 'Dyke': 0, 'Storm water drain': 0, 'Emergency': 0, 'Immediate': 0, 'IM': 0, 'AE': 0, 'A E': 0, 'AAPDA MITRA': 0, 'Bridge': 0, 'River': 0, 'Drain': 0, 'Restoration': 0, 'Protection': 0, 'irr': 0, 'irrigation': 0, 'dam': 0, 'Nallah': 0, 'nala': 2, 'Retrofitting': 0, 'Pond': 0, 'Pokhari': 0, 'D/C': 0, 'Recharge shaft': 0, 'LFB': 0, 'RFB': 0}","{'Floodlight': 0, 'Flood Light': 0, 'GAS': 0, 'FIFA': 0, 'pipe': 0, 'pipes': 0, 'covid': 0, 'supply': 0, 'Beautification': 0, 'Installation': 0}",,,False,False,Immediate Measures
104786,NIT-04/2025-26/SL-115,Khandakpar Doctor Colony me Khatal se pappu ji ke ghar hote hue professor sahab ke ghar tak Nala awam road ka nirman karya in ward no - 30.,Khandakpar Doctor Colony me Khatal se pappu ji ke ghar hote hue professor sahab ke ghar tak Nala awam road ka nirman karya in ward no - 30.,2498900.0,INR,INR,2025-07-10 05:02:09+00:00,2025-07-06T06:53:53.994000+00:00,2025-10-12T05:57:08+00:00,MUNICIPAL COMMISSIONER (BIHARSHARIF),MUNICIPAL COMMISSIONER,BIHARSHARIF MUNICIPAL CORPORATION,Biharsharif Nagar Nigam Garhpar Biharsharif Nalanda,MUNICIPAL COMMISSIONER (BIHARSHARIF),MUNICIPAL COMMISSIONER,BIHARSHARIF MUNICIPAL CORPORATION,50000.0,5000.0,590.0,True,"{'Flood': 0, 'Embankment': 0, 'embkt': 0, 'Relief': 0, 'Erosion': 0, 'SDRF': 0, 'Inundation': 0, 'Hydrology': 0, 'Silt': 0, 'Siltation': 0, 'Bund': 0, 'Trench': 0, 'Breach': 0, 'Culvert': 0, 'Sluice': 0, 'Dyke': 0, 'Storm water drain': 0, 'Emergency': 0, 'Immediate': 0, 'IM': 0, 'AE': 0, 'A E': 0, 'AAPDA MITRA': 0, 'Bridge': 0, 'River': 0, 'Drain': 0, 'Restoration': 0, 'Protection': 0, 'irr': 0, 'irrigation': 0, 'dam': 0, 'Nallah': 0, 'nala': 2, 'Retrofitting': 0, 'Pond': 0, 'Pokhari': 0, 'D/C': 0, 'Recharge shaft': 0, 'LFB': 0, 'RFB': 0}","{'Floodlight': 0, 'Flood Light': 0, 'GAS': 0, 'FIFA': 0, 'pipe': 0, 'pipes': 0, 'covid': 0, 'supply': 0, 'Beautification': 0, 'Installation': 0}",,,False,True,Others
104781,NIT-04/2025-26/SL-40,"IMADPUR ME LAXMAN MAHTO KE GHAR SE MITHILESH MALAKAR KE GHAR TAK AWAM RAJU GOP KE GHAR SE JAGENDRA KUMAR ,LAL MAHTO,SURENDRA RAM KE GHAR HOTE ARUN KUMAR KE GHAR TAK AWAM ARUN KUMAR KE GHAR SE VISHUNDEV PRASAD,ARJUN MAHTO,AKHILESH KUMAR KE GHAR HOTE SALENDRA PRASAD KE GHAR TAK AWAM SATENDRA KUMAR KE GHAR SE SHIVKUMAR TATI KE GHAR TAK AWAM UMESH PRASAD KE GHAR SE SHIVKUMAR TATI KE GHAR HOTE BALESWAR TATI KE GHAR KE AAGE NALA TAK NALI ,C.D AWAM PATH KA NIRMAN WARD 12.","IMADPUR ME LAXMAN MAHTO KE GHAR SE MITHILESH MALAKAR KE GHAR TAK AWAM RAJU GOP KE GHAR SE JAGENDRA KUMAR ,LAL MAHTO,SURENDRA RAM KE GHAR HOTE ARUN KUMAR KE GHAR TAK AWAM ARUN KUMAR KE GHAR SE VISHUNDEV PRASAD,ARJUN MAHTO,AKHILESH KUMAR KE GHAR HOTE SALENDRA PRASAD KE GHAR TAK AWAM SATENDRA KUMAR KE GHAR SE SHIVKUMAR TATI KE GHAR TAK AWAM UMESH PRASAD KE GHAR SE SHIVKUMAR TATI KE GHAR HOTE BALESWAR TATI KE GHAR KE AAGE NALA TAK NALI ,C.D AWAM PATH KA NIRMAN WARD 12.",2168800.0,INR,INR,2025-07-11 05:50:51+00:00,2025-07-06T06:40:28.092000+00:00,2025-10-17T06:07:08+00:00,MUNICIPAL COMMISSIONER (BIHARSHARIF),MUNICIPAL COMMISSIONER,BIHARSHARIF MUNICIPAL CORPORATION,Biharsharif Nagar Nigam Garhpar Biharsharif Nalanda,MUNICIPAL COMMISSIONER (BIHARSHARIF),MUNICIPAL COMMISSIONER,BIHARSHARIF MUNICIPAL CORPORATION,43500.0,5000.0,590.0,True,"{'Flood': 0, 'Embankment': 0, 'embkt': 0, 'Relief': 0, 'Erosion': 0, 'SDRF': 0, 'Inundation': 0, 'Hydrology': 0, 'Silt': 0, 'Siltation': 0, 'Bund': 0, 'Trench': 0, 'Breach': 0, 'Culvert': 0, 'Sluice': 0, 'Dyke': 0, 'Storm water drain': 0, 'Emergency': 0, 'Immediate': 0, 'IM': 0, 'AE': 0, 'A E': 0, 'AAPDA MITRA': 0, 'Bridge': 0, 'River': 0, 'Drain': 0, 'Restoration': 0, 'Protection': 0, 'irr': 0, 'irrigation': 0, 'dam': 0, 'Nallah': 0, 'nala': 2, 'Retrofitting': 0, 'Pond': 0, 'Pokhari': 0, 'D/C': 0, 'Recharge shaft': 0, 'LFB': 0, 'RFB': 0}","{'Floodlight': 0, 'Flood Light': 0, 'GAS': 0, 'FIFA': 0, 'pipe': 0, 'pipes': 0, 'covid': 0, 'supply': 0, 'Beautification': 0, 'Installation': 0}",,,False,False,Immediate Measures
104820,03/2025-26/SIKANDRA/GR-02,GR-02 ; Construction of Drain from house of Wasim Khan to Sikandra Jamui Main Road in ward no. 06 under Nagar Panchayat Sikandra.,GR-02 ; Construction of Drain from house of Wasim Khan to Sikandra Jamui Main Road in ward no. 06 under Nagar Panchayat Sikandra.,1644722.0,INR,INR,2025-07-06 18:26:56+00:00,2025-07-06T18:09:05.002000+00:00,2025-12-03T07:41:30+00:00,ANISHA KUMARI,EXECUTIVE OFFICER,Nagar Panchayat Sikandra,"Sikandra, Jamui, Bihar-811315",ANISHA KUMARI,EXECUTIVE OFFICER,Nagar Panchayat Sikandra,32900.0,5000.0,590.0,True,"{'Flood': 0, 'Embankment': 0, 'embkt': 0, 'Relief': 0, 'Erosion': 0, 'SDRF': 0, 'Inundation': 0, 'Hydrology': 0, 'Silt': 0, 'Siltation': 0, 'Bund': 0, 'Trench': 0, 'Breach': 0, 'Culvert': 0, 'Sluice': 0, 'Dyke': 0, 'Storm water drain': 0, 'Emergency': 0, 'Immediate': 0, 'IM': 0, 'AE': 0, 'A E': 0, 'AAPDA MITRA': 0, 'Bridge': 0, 'River': 0, 'Drain': 2, 'Restoration': 0, 'Protection': 0, 'irr': 0, 'irrigation': 0, 'dam': 0, 'Nallah': 0, 'nala': 0, 'Retrofitting': 0, 'Pond': 0, 'Pokhari': 0, 'D/C': 0, 'Recharge shaft': 0, 'LFB': 0, 'RFB': 0}","{'Floodlight': 0, 'Flood Light': 0, 'GAS': 0, 'FIFA': 0, 'pipe': 0, 'pipes': 0, 'covid': 0, 'supply': 0, 'Beautification': 0, 'Installation': 0}",,,False,True,Immediate Measures
104819,03/2025-26/SIKANDRA/GR-01,GR-01 ; Construction of PCC Road cum Drain from house of Bajo sharma to Maktab School in ward no. 06 under Nagar Panchayat Sikandra.,GR-01 ; Construction of PCC Road cum Drain from house of Bajo sharma to Maktab School in ward no. 06 under Nagar Panchayat Sikandra.,1155079.0,INR,INR,2025-07-06 18:22:51+00:00,2025-07-06T18:08:29.811000+00:00,2025-12-03T07:14:37+00:00,ANISHA KUMARI,EXECUTIVE OFFICER,Nagar Panchayat Sikandra,"Sikandra, Jamui, Bihar-811315",ANISHA KUMARI,EXECUTIVE OFFICER,Nagar Panchayat Sikandra,23200.0,2500.0,590.0,True,"{'Flood': 0, 'Embankment': 0, 'embkt': 0, 'Relief': 0, 'Erosion': 0, 'SDRF': 0, 'Inundation': 0, 'Hydrology': 0, 'Silt': 0, 'Siltation': 0, 'Bund': 0, 'Trench': 0, 'Breach': 0, 'Culvert': 0, 'Sluice': 0, 'Dyke': 0, 'Storm water drain': 0, 'Emergency': 0, 'Immediate': 0, 'IM': 0, 'AE': 0, 'A E': 0, 'AAPDA MITRA': 0, 'Bridge': 0, 'River': 0, 'Drain': 2, 'Restoration': 0, 'Protection': 0, 'irr': 0, 'irrigation': 0, 'dam': 0, 'Nallah': 0, 'nala': 0, 'Retrofitting': 0, 'Pond': 0, 'Pokhari': 0, 'D/C': 0, 'Recharge shaft': 0, 'LFB': 0, 'RFB': 0}","{'Floodlight': 0, 'Flood Light': 0, 'GAS': 0, 'FIFA': 0, 'pipe': 0, 'pipes': 0, 'covid': 0, 'supply': 0, 'Beautification': 0, 'Installation': 0}",,,False,True,Immediate Measures
104832,NP HILSA NIT02/2025-26 GROUP-03,Ward N0-02 Me Devisthan Se Dakshin Ki Or Satendar Yadav Ke Ghar Se Hote Huye Sudhi Nadi Tak RCC Nala Nirman Kary.,Ward N0-02 Me Devisthan Se Dakshin Ki Or Satendar Yadav Ke Ghar Se Hote Huye Sudhi Nadi Tak RCC Nala Nirman Kary.,1597200.0,INR,INR,2025-07-07 05:50:34+00:00,2025-07-07T05:44:14.653000+00:00,2025-07-14T04:39:01+00:00,Ravi Shankar Prasad,Executive Officer,NAGAR PANCHAYAT MAHUA,"MAHUA SINGH RAI, SAMASTIPUR ROAD, MAHUA, VAISHALI","EXECUTIVE OFFICER, HILSA",EO,NAGAR PARISHAD HILSA,32000.0,5000.0,590.0,True,"{'Flood': 0, 'Embankment': 0, 'embkt': 0, 'Relief': 0, 'Erosion': 0, 'SDRF': 0, 'Inundation': 0, 'Hydrology': 0, 'Silt': 0, 'Siltation': 0, 'Bund': 0, 'Trench': 0, 'Breach': 0, 'Culvert': 0, 'Sluice': 0, 'Dyke': 0, 'Storm water drain': 0, 'Emergency': 0, 'Immediate': 0, 'IM': 0, 'AE': 0, 'A E': 0, 'AAPDA MITRA': 0, 'Bridge': 0, 'River': 0, 'Drain': 0, 'Restoration': 0, 'Protection': 0, 'irr': 0, 'irrigation': 0, 'dam': 0, 'Nallah': 0, 'nala': 2, 'Retrofitting': 0, 'Pond': 0, 'Pokhari': 0, 'D/C': 0, 'Recharge shaft': 0, 'LFB': 0, 'RFB': 0}","{'Floodlight': 0, 'Flood Light': 0, 'GAS': 0, 'FIFA': 0, 'pipe': 0, 'pipes': 0, 'covid': 0, 'supply': 0, 'Beautification': 0, 'Installation': 0}",,,False,False,Immediate Measures
104835,NP HILSA NIT02/2025-26 GROUP-05,Ward N0-04 Gram DhivraPar Prathmik Vidyalay Ke Boundary Ke Kona Se Bihari Prasad Ke Ghar Hote Huye Jaypal Ji Ke Ghar Tak RCC Nala Dhakkan Sahit Nirman Kary.,Ward N0-04 Gram DhivraPar Prathmik Vidyalay Ke Boundary Ke Kona Se Bihari Prasad Ke Ghar Hote Huye Jaypal Ji Ke Ghar Tak RCC Nala Dhakkan Sahit Nirman Kary.,1573100.0,INR,INR,2025-07-07 06:22:46+00:00,2025-07-07T06:14:07.900000+00:00,2025-07-14T04:36:07+00:00,Ravi Shankar Prasad,Executive Officer,NAGAR PANCHAYAT MAHUA,"MAHUA SINGH RAI, SAMASTIPUR ROAD, MAHUA, VAISHALI","EXECUTIVE OFFICER, HILSA",EO,NAGAR PARISHAD HILSA,31500.0,5000.0,590.0,True,"{'Flood': 0, 'Embankment': 0, 'embkt': 0, 'Relief': 0, 'Erosion': 0, 'SDRF': 0, 'Inundation': 0, 'Hydrology': 0, 'Silt': 0, 'Siltation': 0, 'Bund': 0, 'Trench': 0, 'Breach': 0, 'Culvert': 0, 'Sluice': 0, 'Dyke': 0, 'Storm water drain': 0, 'Emergency': 0, 'Immediate': 0, 'IM': 0, 'AE': 0, 'A E': 0, 'AAPDA MITRA': 0, 'Bridge': 0, 'River': 0, 'Drain': 0, 'Restoration': 0, 'Protection': 0, 'irr': 0, 'irrigation': 0, 'dam': 0, 'Nallah': 0, 'nala': 2, 'Retrofitting': 0, 'Pond': 0, 'Pokhari': 0, 'D/C': 0, 'Recharge shaft': 0, 'LFB': 0, 'RFB': 0}","{'Floodlight': 0, 'Flood Light': 0, 'GAS': 0, 'FIFA': 0, 'pipe': 0, 'pipes': 0, 'covid': 0, 'supply': 0, 'Beautification': 0, 'Installation': 0}",,,False,False,Immediate Measures
104830,NP HILSA NIT02/2025-26 GROUP-01,Ward N0-01 Kaitaya Bigha Me Arvind Prasad Ke Ghar Se Avadhesh Ji Ke Ghar Hote Huye Sudhi Nadi Tak Paver Block Avam RCC Nala Dhakkan Sahit Nirman Kary.,Ward N0-01 Kaitaya Bigha Me Arvind Prasad Ke Ghar Se Avadhesh Ji Ke Ghar Hote Huye Sudhi Nadi Tak Paver Block Avam RCC Nala Dhakkan Sahit Nirman Kary.,1548200.0,INR,INR,2025-07-07 05:35:45+00:00,2025-07-07T05:12:20.499000+00:00,2025-07-14T04:49:02+00:00,Ravi Shankar Prasad,Executive Officer,NAGAR PANCHAYAT MAHUA,"MAHUA SINGH RAI, SAMASTIPUR ROAD, MAHUA, VAISHALI","EXECUTIVE OFFICER, HILSA",EO,NAGAR PARISHAD HILSA,31000.0,5000.0,590.0,True,"{'Flood': 0, 'Embankment': 0, 'embkt': 0, 'Relief': 0, 'Erosion': 0, 'SDRF': 0, 'Inundation': 0, 'Hydrology': 0, 'Silt': 0, 'Siltation': 0, 'Bund': 0, 'Trench': 0, 'Breach': 0, 'Culvert': 0, 'Sluice': 0, 'Dyke': 0, 'Storm water drain': 0, 'Emergency': 0, 'Immediate': 0, 'IM': 0, 'AE': 0, 'A E': 0, 'AAPDA MITRA': 0, 'Bridge': 0, 'River': 0, 'Drain': 0, 'Restoration': 0, 'Protection': 0, 'irr': 0, 'irrigation': 0, 'dam': 0, 'Nallah': 0, 'nala': 2, 'Retrofitting': 0, 'Pond': 0, 'Pokhari': 0, 'D/C': 0, 'Recharge shaft': 0, 'LFB': 0, 'RFB': 0}","{'Floodlight': 0, 'Flood Light': 0, 'GAS': 0, 'FIFA': 0, 'pipe': 0, 'pipes': 0, 'covid': 0, 'supply': 0, 'Beautification': 0, 'Installation': 0}",,,False,False,Immediate Measures
104833,NP HILSA NIT02/2025-26 GROUP-04,Ward N0-03 Navin Kumar Urf Munna Ke Ghar Se Satish Kumar Lal Muni Prasad Ke Ghar Hote Huye Sudi Nati Tak RCC Nala Nirman Kary,Ward N0-03 Navin Kumar Urf Munna Ke Ghar Se Satish Kumar Lal Muni Prasad Ke Ghar Hote Huye Sudi Nati Tak RCC Nala Nirman Kary,1913160.0,INR,INR,2025-07-07 06:13:41+00:00,2025-07-07T05:50:59.577000+00:00,2025-07-14T04:37:37+00:00,Ravi Shankar Prasad,Executive Officer,NAGAR PANCHAYAT MAHUA,"MAHUA SINGH RAI, SAMASTIPUR ROAD, MAHUA, VAISHALI","EXECUTIVE OFFICER, HILSA",EO,NAGAR PARISHAD HILSA,38500.0,5000.0,590.0,True,"{'Flood': 0, 'Embankment': 0, 'embkt': 0, 'Relief': 0, 'Erosion': 0, 'SDRF': 0, 'Inundation': 0, 'Hydrology': 0, 'Silt': 0, 'Siltation': 0, 'Bund': 0, 'Trench': 0, 'Breach': 0, 'Culvert': 0, 'Sluice': 0, 'Dyke': 0, 'Storm water drain': 0, 'Emergency': 0, 'Immediate': 0, 'IM': 0, 'AE': 0, 'A E': 0, 'AAPDA MITRA': 0, 'Bridge': 0, 'River': 0, 'Drain': 0, 'Restoration': 0, 'Protection': 0, 'irr': 0, 'irrigation': 0, 'dam': 0, 'Nallah': 0, 'nala': 2, 'Retrofitting': 0, 'Pond': 0, 'Pokhari': 0, 'D/C': 0, 'Recharge shaft': 0, 'LFB': 0, 'RFB': 0}","{'Floodlight': 0, 'Flood Light': 0, 'GAS': 0, 'FIFA': 0, 'pipe': 0, 'pipes': 0, 'covid': 0, 'supply': 0, 'Beautification': 0, 'Installation': 0}",,,False,False,Immediate Measures
104838,NP HILSA NIT02/2025-26 GROUP-07,Ward N0-05 Me Court Ke PiChhe Teli Point Se Jail Ke Kona Tak RCC Nala Dhakkan Sahit Nirman Kary.,Ward N0-05 Me Court Ke PiChhe Teli Point Se Jail Ke Kona Tak RCC Nala Dhakkan Sahit Nirman Kary.,1678200.0,INR,INR,2025-07-07 06:47:42+00:00,2025-07-07T06:40:01.830000+00:00,2025-07-14T04:23:28+00:00,Ravi Shankar Prasad,Executive Officer,NAGAR PANCHAYAT MAHUA,"MAHUA SINGH RAI, SAMASTIPUR ROAD, MAHUA, VAISHALI","EXECUTIVE OFFICER, HILSA",EO,NAGAR PARISHAD HILSA,34000.0,5000.0,590.0,True,"{'Flood': 0, 'Embankment': 0, 'embkt': 0, 'Relief': 0, 'Erosion': 0, 'SDRF': 0, 'Inundation': 0, 'Hydrology': 0, 'Silt': 0, 'Siltation': 0, 'Bund': 0, 'Trench': 0, 'Breach': 0, 'Culvert': 0, 'Sluice': 0, 'Dyke': 0, 'Storm water drain': 0, 'Emergency': 0, 'Immediate': 0, 'IM': 0, 'AE': 0, 'A E': 0, 'AAPDA MITRA': 0, 'Bridge': 0, 'River': 0, 'Drain': 0, 'Restoration': 0, 'Protection': 0, 'irr': 0, 'irrigation': 0, 'dam': 0, 'Nallah': 0, 'nala': 2, 'Retrofitting': 0, 'Pond': 0, 'Pokhari': 0, 'D/C': 0, 'Recharge shaft': 0, 'LFB': 0, 'RFB': 0}","{'Floodlight': 0, 'Flood Light': 0, 'GAS': 0, 'FIFA': 0, 'pipe': 0, 'pipes': 0, 'covid': 0, 'supply': 0, 'Beautification': 0, 'Installation': 0}",,,False,False,Immediate Measures
104840,NP HILSA NIT02/2025-26 GROUP-08,Ward N0-06 Gosai Math Me Suresh Prasad Ke Purane Makan Ke Nikat Se Dipu Yadav Ke Ghar Hote Huye Bhola Yadav Ke Ghar Se Arvind Ram Tak Avam Sanjay Kumar Ke Ghar Se Bhola Yadav Ke Ghar Tak Dhakkan Sahit RCC Nala Nirman  Kary.,Ward N0-06 Gosai Math Me Suresh Prasad Ke Purane Makan Ke Nikat Se Dipu Yadav Ke Ghar Hote Huye Bhola Yadav Ke Ghar Se Arvind Ram Tak Avam Sanjay Kumar Ke Ghar Se Bhola Yadav Ke Ghar Tak Dhakkan Sahit RCC Nala Nirman  Kary.,1615600.0,INR,INR,2025-07-07 06:55:51+00:00,2025-07-07T06:48:13.301000+00:00,2025-07-14T04:21:14+00:00,Ravi Shankar Prasad,Executive Officer,NAGAR PANCHAYAT MAHUA,"MAHUA SINGH RAI, SAMASTIPUR ROAD, MAHUA, VAISHALI","EXECUTIVE OFFICER, HILSA",EO,NAGAR PARISHAD HILSA,32500.0,5000.0,590.0,True,"{'Flood': 0, 'Embankment': 0, 'embkt': 0, 'Relief': 0, 'Erosion': 0, 'SDRF': 0, 'Inundation': 0, 'Hydrology': 0, 'Silt': 0, 'Siltation': 0, 'Bund': 0, 'Trench': 0, 'Breach': 0, 'Culvert': 0, 'Sluice': 0, 'Dyke': 0, 'Storm water drain': 0, 'Emergency': 0, 'Immediate': 0, 'IM': 0, 'AE': 0, 'A E': 0, 'AAPDA MITRA': 0, 'Bridge': 0, 'River': 0, 'Drain': 0, 'Restoration': 0, 'Protection': 0, 'irr': 0, 'irrigation': 0, 'dam': 0, 'Nallah': 0, 'nala': 2, 'Retrofitting': 0, 'Pond': 0, 'Pokhari': 0, 'D/C': 0, 'Recharge shaft': 0, 'LFB': 0, 'RFB': 0}","{'Floodlight': 0, 'Flood Light': 0, 'GAS': 0, 'FIFA': 0, 'pipe': 0, 'pipes': 0, 'covid': 0, 'supply': 0, 'Beautification': 0, 'Installation': 0}",,,False,False,Immediate Measures
104846,NP HILSA NIT02/2025-26 GROUP-12,Ward N0-08 Shatrudhan Sinha Ke Ghar Hote Huye Pawan Ji Ke Clinic Tak RCC Nala Nirman Dhakkan Sahit Kary.,Ward N0-08 Shatrudhan Sinha Ke Ghar Hote Huye Pawan Ji Ke Clinic Tak RCC Nala Nirman Dhakkan Sahit Kary.,612400.0,INR,INR,2025-07-07 07:18:05+00:00,2025-07-07T07:12:36.569000+00:00,2025-07-14T04:10:18+00:00,Ravi Shankar Prasad,Executive Officer,NAGAR PANCHAYAT MAHUA,"MAHUA SINGH RAI, SAMASTIPUR ROAD, MAHUA, VAISHALI","EXECUTIVE OFFICER, HILSA",EO,NAGAR PARISHAD HILSA,12500.0,1250.0,590.0,True,"{'Flood': 0, 'Embankment': 0, 'embkt': 0, 'Relief': 0, 'Erosion': 0, 'SDRF': 0, 'Inundation': 0, 'Hydrology': 0, 'Silt': 0, 'Siltation': 0, 'Bund': 0, 'Trench': 0, 'Breach': 0, 'Culvert': 0, 'Sluice': 0, 'Dyke': 0, 'Storm water drain': 0, 'Emergency': 0, 'Immediate': 0, 'IM': 0, 'AE': 0, 'A E': 0, 'AAPDA MITRA': 0, 'Bridge': 0, 'River': 0, 'Drain': 0, 'Restoration': 0, 'Protection': 0, 'irr': 0, 'irrigation': 0, 'dam': 0, 'Nallah': 0, 'nala': 2, 'Retrofitting': 0, 'Pond': 0, 'Pokhari': 0, 'D/C': 0, 'Recharge shaft': 0, 'LFB': 0, 'RFB': 0}","{'Floodlight': 0, 'Flood Light': 0, 'GAS': 0, 'FIFA': 0, 'pipe': 0, 'pipes': 0, 'covid': 0, 'supply': 0, 'Beautification': 0, 'Installation': 0}",,,False,False,Immediate Measures
104837,NP HILSA NIT02/2025-26 GROUP-06,Ward N0-05 Rammurti Nagar Me Santosh Kumar Ji Ke Ghar Se Mukesh Sonbhadara ji se Nishu Ke Ghar Se Hote Huye Sanjiv Kumar Ji Ke Makan Tak Dhakkan Sahit RCC Nala Nirman Kary,Ward N0-05 Rammurti Nagar Me Santosh Kumar Ji Ke Ghar Se Mukesh Sonbhadara ji se Nishu Ke Ghar Se Hote Huye Sanjiv Kumar Ji Ke Makan Tak Dhakkan Sahit RCC Nala Nirman Kary,1662200.0,INR,INR,2025-07-07 06:38:11+00:00,2025-07-07T06:25:38.336000+00:00,2025-07-14T04:29:33+00:00,Ravi Shankar Prasad,Executive Officer,NAGAR PANCHAYAT MAHUA,"MAHUA SINGH RAI, SAMASTIPUR ROAD, MAHUA, VAISHALI","EXECUTIVE OFFICER, HILSA",EO,NAGAR PARISHAD HILSA,33500.0,5000.0,590.0,True,"{'Flood': 0, 'Embankment': 0, 'embkt': 0, 'Relief': 0, 'Erosion': 0, 'SDRF': 0, 'Inundation': 0, 'Hydrology': 0, 'Silt': 0, 'Siltation': 0, 'Bund': 0, 'Trench': 0, 'Breach': 0, 'Culvert': 0, 'Sluice': 0, 'Dyke': 0, 'Storm water drain': 0, 'Emergency': 0, 'Immediate': 0, 'IM': 0, 'AE': 0, 'A E': 0, 'AAPDA MITRA': 0, 'Bridge': 0, 'River': 0, 'Drain': 0, 'Restoration': 0, 'Protection': 0, 'irr': 0, 'irrigation': 0, 'dam': 0, 'Nallah': 0, 'nala': 2, 'Retrofitting': 0, 'Pond': 0, 'Pokhari': 0, 'D/C': 0, 'Recharge shaft': 0, 'LFB': 0, 'RFB': 0}","{'Floodlight': 0, 'Flood Light': 0, 'GAS': 0, 'FIFA': 0, 'pipe': 0, 'pipes': 0, 'covid': 0, 'supply': 0, 'Beautification': 0, 'Installation': 0}",,,False,False,Immediate Measures
104853,NP HILSA NIT02/2025-26 GROUP-17,Ward N0-11 Shahad Kunwa Me Ramjani Minya Ke Ghar Se Bag Wala Ke Ghar Hote Huye Bajrangwali Mandir Road tak RCC Nala Dhakkan Sahit Nali Nirman Kary.,Ward N0-11 Shahad Kunwa Me Ramjani Minya Ke Ghar Se Bag Wala Ke Ghar Hote Huye Bajrangwali Mandir Road tak RCC Nala Dhakkan Sahit Nali Nirman Kary.,1523100.0,INR,INR,2025-07-07 07:51:17+00:00,2025-07-07T07:37:21.166000+00:00,2025-07-14T03:58:32+00:00,Ravi Shankar Prasad,Executive Officer,NAGAR PANCHAYAT MAHUA,"MAHUA SINGH RAI, SAMASTIPUR ROAD, MAHUA, VAISHALI","EXECUTIVE OFFICER, HILSA",EO,NAGAR PARISHAD HILSA,30500.0,5000.0,590.0,True,"{'Flood': 0, 'Embankment': 0, 'embkt': 0, 'Relief': 0, 'Erosion': 0, 'SDRF': 0, 'Inundation': 0, 'Hydrology': 0, 'Silt': 0, 'Siltation': 0, 'Bund': 0, 'Trench': 0, 'Breach': 0, 'Culvert': 0, 'Sluice': 0, 'Dyke': 0, 'Storm water drain': 0, 'Emergency': 0, 'Immediate': 0, 'IM': 0, 'AE': 0, 'A E': 0, 'AAPDA MITRA': 0, 'Bridge': 0, 'River': 0, 'Drain': 0, 'Restoration': 0, 'Protection': 0, 'irr': 0, 'irrigation': 0, 'dam': 0, 'Nallah': 0, 'nala': 2, 'Retrofitting': 0, 'Pond': 0, 'Pokhari': 0, 'D/C': 0, 'Recharge shaft': 0, 'LFB': 0, 'RFB': 0}","{'Floodlight': 0, 'Flood Light': 0, 'GAS': 0, 'FIFA': 0, 'pipe': 0, 'pipes': 0, 'covid': 0, 'supply': 0, 'Beautification': 0, 'Installation': 0}",,,False,True,Immediate Measures
104850,NP HILSA NIT02/2025-26 GROUP-15,Ward N0-09 Me Javahar Mahto Ke Ghar Se Hote Huye Krant Lal Or Devi Mandir Hote Huye Shivalak Ravidas Ji Ke Ghar Tak Paver Block Avam RCC Nala Dhakkan Sahit Nirman Kary.,Ward N0-09 Me Javahar Mahto Ke Ghar Se Hote Huye Krant Lal Or Devi Mandir Hote Huye Shivalak Ravidas Ji Ke Ghar Tak Paver Block Avam RCC Nala Dhakkan Sahit Nirman Kary.,907900.0,INR,INR,2025-07-07 07:32:32+00:00,2025-07-07T07:27:20.180000+00:00,2025-07-14T04:01:14+00:00,Ravi Shankar Prasad,Executive Officer,NAGAR PANCHAYAT MAHUA,"MAHUA SINGH RAI, SAMASTIPUR ROAD, MAHUA, VAISHALI","EXECUTIVE OFFICER, HILSA",EO,NAGAR PARISHAD HILSA,18500.0,1250.0,590.0,True,"{'Flood': 0, 'Embankment': 0, 'embkt': 0, 'Relief': 0, 'Erosion': 0, 'SDRF': 0, 'Inundation': 0, 'Hydrology': 0, 'Silt': 0, 'Siltation': 0, 'Bund': 0, 'Trench': 0, 'Breach': 0, 'Culvert': 0, 'Sluice': 0, 'Dyke': 0, 'Storm water drain': 0, 'Emergency': 0, 'Immediate': 0, 'IM': 0, 'AE': 0, 'A E': 0, 'AAPDA MITRA': 0, 'Bridge': 0, 'River': 0, 'Drain': 0, 'Restoration': 0, 'Protection': 0, 'irr': 0, 'irrigation': 0, 'dam': 0, 'Nallah': 0, 'nala': 2, 'Retrofitting': 0, 'Pond': 0, 'Pokhari': 0, 'D/C': 0, 'Recharge shaft': 0, 'LFB': 0, 'RFB': 0}","{'Floodlight': 0, 'Flood Light': 0, 'GAS': 0, 'FIFA': 0, 'pipe': 0, 'pipes': 0, 'covid': 0, 'supply': 0, 'Beautification': 0, 'Installation': 0}",,,False,False,Immediate Measures
104852,NP HILSA NIT02/2025-26 GROUP-16,"Ward N0-10 Me Ramuchit Singh Ke Ghar Se Swargiye Baleshwar Singh Ke Ghar Hote Dagar Tak Mitti Eat Soling, PCC Avam RCC Nala Nirman Kary.","Ward N0-10 Me Ramuchit Singh Ke Ghar Se Swargiye Baleshwar Singh Ke Ghar Hote Dagar Tak Mitti Eat Soling, PCC Avam RCC Nala Nirman Kary.",1510900.0,INR,INR,2025-07-07 07:37:11+00:00,2025-07-07T07:32:46.291000+00:00,2025-07-14T04:00:31+00:00,Ravi Shankar Prasad,Executive Officer,NAGAR PANCHAYAT MAHUA,"MAHUA SINGH RAI, SAMASTIPUR ROAD, MAHUA, VAISHALI","EXECUTIVE OFFICER, HILSA",EO,NAGAR PARISHAD HILSA,30500.0,5000.0,590.0,True,"{'Flood': 0, 'Embankment': 0, 'embkt': 0, 'Relief': 0, 'Erosion': 0, 'SDRF': 0, 'Inundation': 0, 'Hydrology': 0, 'Silt': 0, 'Siltation': 0, 'Bund': 0, 'Trench': 0, 'Breach': 0, 'Culvert': 0, 'Sluice': 0, 'Dyke': 0, 'Storm water drain': 0, 'Emergency': 0, 'Immediate': 0, 'IM': 0, 'AE': 0, 'A E': 0, 'AAPDA MITRA': 0, 'Bridge': 0, 'River': 0, 'Drain': 0, 'Restoration': 0, 'Protection': 0, 'irr': 0, 'irrigation': 0, 'dam': 0, 'Nallah': 0, 'nala': 2, 'Retrofitting': 0, 'Pond': 0, 'Pokhari': 0, 'D/C': 0, 'Recharge shaft': 0, 'LFB': 0, 'RFB': 0}","{'Floodlight': 0, 'Flood Light': 0, 'GAS': 0, 'FIFA': 0, 'pipe': 0, 'pipes': 0, 'covid': 0, 'supply': 0, 'Beautification': 0, 'Installation': 0}",,,False,False,Immediate Measures
104848,NP HILSA NIT02/2025-26 GROUP-14,Ward N0-08 Suresh Yadav Ke Ghar Se Hote Huye Shatrudhan Sinha Ke Ghar Tak Paver Block Avam RCC Nala Dhakkan Sahit Nirman Kary.,Ward N0-08 Suresh Yadav Ke Ghar Se Hote Huye Shatrudhan Sinha Ke Ghar Tak Paver Block Avam RCC Nala Dhakkan Sahit Nirman Kary.,400800.0,INR,INR,2025-07-07 07:27:10+00:00,2025-07-07T07:22:28.169000+00:00,2025-07-14T04:04:14+00:00,Ravi Shankar Prasad,Executive Officer,NAGAR PANCHAYAT MAHUA,"MAHUA SINGH RAI, SAMASTIPUR ROAD, MAHUA, VAISHALI","EXECUTIVE OFFICER, HILSA",EO,NAGAR PARISHAD HILSA,8500.0,750.0,590.0,True,"{'Flood': 0, 'Embankment': 0, 'embkt': 0, 'Relief': 0, 'Erosion': 0, 'SDRF': 0, 'Inundation': 0, 'Hydrology': 0, 'Silt': 0, 'Siltation': 0, 'Bund': 0, 'Trench': 0, 'Breach': 0, 'Culvert': 0, 'Sluice': 0, 'Dyke': 0, 'Storm water drain': 0, 'Emergency': 0, 'Immediate': 0, 'IM': 0, 'AE': 0, 'A E': 0, 'AAPDA MITRA': 0, 'Bridge': 0, 'River': 0, 'Drain': 0, 'Restoration': 0, 'Protection': 0, 'irr': 0, 'irrigation': 0, 'dam': 0, 'Nallah': 0, 'nala': 2, 'Retrofitting': 0, 'Pond': 0, 'Pokhari': 0, 'D/C': 0, 'Recharge shaft': 0, 'LFB': 0, 'RFB': 0}","{'Floodlight': 0, 'Flood Light': 0, 'GAS': 0, 'FIFA': 0, 'pipe': 0, 'pipes': 0, 'covid': 0, 'supply': 0, 'Beautification': 0, 'Installation': 0}",,,False,False,Immediate Measures
104866,NIT-02/2025-26/HNP/GP-09,Nagar Panchayat hata ward No.-08 me Ramashish Ram ke Ghar se Hata Nandana Men Road  Tak P.C.C. evam R.C.C. Nala ka Nirman karya,Nagar Panchayat hata ward No.-08 me Ramashish Ram ke Ghar se Hata Nandana Men Road  Tak P.C.C. evam R.C.C. Nala ka Nirman karya,1600000.0,INR,INR,2025-07-07 08:27:20+00:00,2025-07-07T08:20:35.187000+00:00,2025-07-18T09:35:26+00:00,SHIVAM SINGH,EO NAGAR PANCHAYAT HATA,HATA NAGAR PANCHAYAT,"BESIDE OF MIDDLE SCHOOL HATA (HATA), WARD NO-04",SHIVAM SINGH,EO NAGAR PANCHAYAT HATA,HATA NAGAR PANCHAYAT,32000.0,5000.0,590.0,True,"{'Flood': 0, 'Embankment': 0, 'embkt': 0, 'Relief': 0, 'Erosion': 0, 'SDRF': 0, 'Inundation': 0, 'Hydrology': 0, 'Silt': 0, 'Siltation': 0, 'Bund': 0, 'Trench': 0, 'Breach': 0, 'Culvert': 0, 'Sluice': 0, 'Dyke': 0, 'Storm water drain': 0, 'Emergency': 0, 'Immediate': 0, 'IM': 0, 'AE': 0, 'A E': 0, 'AAPDA MITRA': 0, 'Bridge': 0, 'River': 0, 'Drain': 0, 'Restoration': 0, 'Protection': 0, 'irr': 0, 'irrigation': 0, 'dam': 0, 'Nallah': 0, 'nala': 2, 'Retrofitting': 0, 'Pond': 0, 'Pokhari': 0, 'D/C': 0, 'Recharge shaft': 0, 'LFB': 0, 'RFB': 0}","{'Floodlight': 0, 'Flood Light': 0, 'GAS': 0, 'FIFA': 0, 'pipe': 0, 'pipes': 0, 'covid': 0, 'supply': 0, 'Beautification': 0, 'Installation': 0}",,,False,True,Others
104856,NIT-03/PHED/ARWAL/2025-26.,"Construction of 15 Nos 125mmX40mm X 61 meter deep T/well with IM II Hand Pump  and  32 Nos 125 mm X45 M . deep GPT  T/W with India Mark II Hand Pump with  1.85 Mtr. dia. circular P.C.C. Platform and 3.00 mtr P.C.C drain  and Construction of   soak pit 1.0 m diameter 2.0 m deep Under P.H.Division, Arwal for the year 2025-26","Construction of 15 Nos 125mmX40mm X 61 meter deep T/well with IM II Hand Pump  and  32 Nos 125 mm X45 M . deep GPT  T/W with India Mark II Hand Pump with  1.85 Mtr. dia. circular P.C.C. Platform and 3.00 mtr P.C.C drain  and Construction of   soak pit 1.0 m diameter 2.0 m deep Under P.H.Division, Arwal for the year 2025-26",4542400.0,INR,INR,2025-07-07 08:44:54+00:00,2025-07-07T07:47:40.637000+00:00,2025-08-11T05:35:50+00:00,Sri Avi Ranjan,Executive Engineer,"P.H. Division, Munger","Basudeopur, Pani Tanki, Munger",MANISH ANAND,SE ARA,PHED ARA CIRCLE,91000.0,5000.0,590.0,True,"{'Flood': 0, 'Embankment': 0, 'embkt': 0, 'Relief': 0, 'Erosion': 0, 'SDRF': 0, 'Inundation': 0, 'Hydrology': 0, 'Silt': 0, 'Siltation': 0, 'Bund': 0, 'Trench': 0, 'Breach': 0, 'Culvert': 0, 'Sluice': 0, 'Dyke': 0, 'Storm water drain': 0, 'Emergency': 0, 'Immediate': 0, 'IM': 2, 'AE': 0, 'A E': 0, 'AAPDA MITRA': 0, 'Bridge': 0, 'River': 0, 'Drain': 2, 'Restoration': 0, 'Protection': 0, 'irr': 0, 'irrigation': 0, 'dam': 0, 'Nallah': 0, 'nala': 0, 'Retrofitting': 0, 'Pond': 0, 'Pokhari': 0, 'D/C': 0, 'Recharge shaft': 0, 'LFB': 0, 'RFB': 0}","{'Floodlight': 0, 'Flood Light': 0, 'GAS': 0, 'FIFA': 0, 'pipe': 0, 'pipes': 0, 'covid': 0, 'supply': 0, 'Beautification': 0, 'Installation': 0}",,,False,True,Immediate Measures
104867,NP HILSA NIT02/2025-26 GROUP-23,Ward N0-21 Me Suresh Prasad Se Lekar Dinesh Sah Ke Ghar Tak Paver Block Avam nala Dhakkan sahit Nirman Kary.,Ward N0-21 Me Suresh Prasad Se Lekar Dinesh Sah Ke Ghar Tak Paver Block Avam nala Dhakkan sahit Nirman Kary.,987600.0,INR,INR,2025-07-07 08:30:15+00:00,2025-07-07T08:21:14.802000+00:00,2025-07-14T03:50:46+00:00,Ravi Shankar Prasad,Executive Officer,NAGAR PANCHAYAT MAHUA,"MAHUA SINGH RAI, SAMASTIPUR ROAD, MAHUA, VAISHALI","EXECUTIVE OFFICER, HILSA",EO,NAGAR PARISHAD HILSA,20000.0,1250.0,590.0,True,"{'Flood': 0, 'Embankment': 0, 'embkt': 0, 'Relief': 0, 'Erosion': 0, 'SDRF': 0, 'Inundation': 0, 'Hydrology': 0, 'Silt': 0, 'Siltation': 0, 'Bund': 0, 'Trench': 0, 'Breach': 0, 'Culvert': 0, 'Sluice': 0, 'Dyke': 0, 'Storm water drain': 0, 'Emergency': 0, 'Immediate': 0, 'IM': 0, 'AE': 0, 'A E': 0, 'AAPDA MITRA': 0, 'Bridge': 0, 'River': 0, 'Drain': 0, 'Restoration': 0, 'Protection': 0, 'irr': 0, 'irrigation': 0, 'dam': 0, 'Nallah': 0, 'nala': 2, 'Retrofitting': 0, 'Pond': 0, 'Pokhari': 0, 'D/C': 0, 'Recharge shaft': 0, 'LFB': 0, 'RFB': 0}","{'Floodlight': 0, 'Flood Light': 0, 'GAS': 0, 'FIFA': 0, 'pipe': 0, 'pipes': 0, 'covid': 0, 'supply': 0, 'Beautification': 0, 'Installation': 0}",,,False,False,Immediate Measures
104864,NP HILSA NIT02/2025-26 GROUP-22,Ward N0-20 Me Bibha Devi Ke Ghar Se Lekar Madhukar Sharma Ke Ghar Hote Huye Pain Tak RCC Nala Dhakkan Sahit Nirman Kary.,Ward N0-20 Me Bibha Devi Ke Ghar Se Lekar Madhukar Sharma Ke Ghar Hote Huye Pain Tak RCC Nala Dhakkan Sahit Nirman Kary.,1649500.0,INR,INR,2025-07-07 08:21:02+00:00,2025-07-07T08:14:46.018000+00:00,2025-07-14T03:52:01+00:00,Ravi Shankar Prasad,Executive Officer,NAGAR PANCHAYAT MAHUA,"MAHUA SINGH RAI, SAMASTIPUR ROAD, MAHUA, VAISHALI","EXECUTIVE OFFICER, HILSA",EO,NAGAR PARISHAD HILSA,33000.0,5000.0,590.0,True,"{'Flood': 0, 'Embankment': 0, 'embkt': 0, 'Relief': 0, 'Erosion': 0, 'SDRF': 0, 'Inundation': 0, 'Hydrology': 0, 'Silt': 0, 'Siltation': 0, 'Bund': 0, 'Trench': 0, 'Breach': 0, 'Culvert': 0, 'Sluice': 0, 'Dyke': 0, 'Storm water drain': 0, 'Emergency': 0, 'Immediate': 0, 'IM': 0, 'AE': 0, 'A E': 0, 'AAPDA MITRA': 0, 'Bridge': 0, 'River': 0, 'Drain': 0, 'Restoration': 0, 'Protection': 0, 'irr': 0, 'irrigation': 0, 'dam': 0, 'Nallah': 0, 'nala': 2, 'Retrofitting': 0, 'Pond': 0, 'Pokhari': 0, 'D/C': 0, 'Recharge shaft': 0, 'LFB': 0, 'RFB': 0}","{'Floodlight': 0, 'Flood Light': 0, 'GAS': 0, 'FIFA': 0, 'pipe': 0, 'pipes': 0, 'covid': 0, 'supply': 0, 'Beautification': 0, 'Installation': 0}",,,False,False,Immediate Measures
104870,NIT-02/2025-26/HNP/GP-11,Nagar Panchayat hata ward No.-01 me Bharat Seth ke Ghar se Dhiraj Seth ke Ghar  Tak P.C.C. evam R.C.C. Nala ka Nirman karya,Nagar Panchayat hata ward No.-01 me Bharat Seth ke Ghar se Dhiraj Seth ke Ghar  Tak P.C.C. evam R.C.C. Nala ka Nirman karya,2499500.0,INR,INR,2025-07-07 08:39:34+00:00,2025-07-07T08:34:10.058000+00:00,2025-07-18T09:22:27+00:00,SHIVAM SINGH,EO NAGAR PANCHAYAT HATA,HATA NAGAR PANCHAYAT,"BESIDE OF MIDDLE SCHOOL HATA (HATA), WARD NO-04",SHIVAM SINGH,EO NAGAR PANCHAYAT HATA,HATA NAGAR PANCHAYAT,50000.0,5000.0,590.0,True,"{'Flood': 0, 'Embankment': 0, 'embkt': 0, 'Relief': 0, 'Erosion': 0, 'SDRF': 0, 'Inundation': 0, 'Hydrology': 0, 'Silt': 0, 'Siltation': 0, 'Bund': 0, 'Trench': 0, 'Breach': 0, 'Culvert': 0, 'Sluice': 0, 'Dyke': 0, 'Storm water drain': 0, 'Emergency': 0, 'Immediate': 0, 'IM': 0, 'AE': 0, 'A E': 0, 'AAPDA MITRA': 0, 'Bridge': 0, 'River': 0, 'Drain': 0, 'Restoration': 0, 'Protection': 0, 'irr': 0, 'irrigation': 0, 'dam': 0, 'Nallah': 0, 'nala': 2, 'Retrofitting': 0, 'Pond': 0, 'Pokhari': 0, 'D/C': 0, 'Recharge shaft': 0, 'LFB': 0, 'RFB': 0}","{'Floodlight': 0, 'Flood Light': 0, 'GAS': 0, 'FIFA': 0, 'pipe': 0, 'pipes': 0, 'covid': 0, 'supply': 0, 'Beautification': 0, 'Installation': 0}",,,False,False,Others
104873,NP HILSA NIT02/2025-26 GROUP-26,Ward N0-23 Me Vijendra Ji Ke Ghar Se Hote Huye Janki Babu Ke Dalan Hote Huye Sujit Ke Ghar Tak RCC Nala Dhakkan Sahit Nirman Kary.,Ward N0-23 Me Vijendra Ji Ke Ghar Se Hote Huye Janki Babu Ke Dalan Hote Huye Sujit Ke Ghar Tak RCC Nala Dhakkan Sahit Nirman Kary.,1628000.0,INR,INR,2025-07-07 08:48:50+00:00,2025-07-07T08:43:32.865000+00:00,2025-07-31T07:43:30+00:00,Ravi Shankar Prasad,Executive Officer,NAGAR PANCHAYAT MAHUA,"MAHUA SINGH RAI, SAMASTIPUR ROAD, MAHUA, VAISHALI","EXECUTIVE OFFICER, HILSA",EO,NAGAR PARISHAD HILSA,32500.0,5000.0,590.0,True,"{'Flood': 0, 'Embankment': 0, 'embkt': 0, 'Relief': 0, 'Erosion': 0, 'SDRF': 0, 'Inundation': 0, 'Hydrology': 0, 'Silt': 0, 'Siltation': 0, 'Bund': 0, 'Trench': 0, 'Breach': 0, 'Culvert': 0, 'Sluice': 0, 'Dyke': 0, 'Storm water drain': 0, 'Emergency': 0, 'Immediate': 0, 'IM': 0, 'AE': 0, 'A E': 0, 'AAPDA MITRA': 0, 'Bridge': 0, 'River': 0, 'Drain': 0, 'Restoration': 0, 'Protection': 0, 'irr': 0, 'irrigation': 0, 'dam': 0, 'Nallah': 0, 'nala': 2, 'Retrofitting': 0, 'Pond': 0, 'Pokhari': 0, 'D/C': 0, 'Recharge shaft': 0, 'LFB': 0, 'RFB': 0}","{'Floodlight': 0, 'Flood Light': 0, 'GAS': 0, 'FIFA': 0, 'pipe': 0, 'pipes': 0, 'covid': 0, 'supply': 0, 'Beautification': 0, 'Installation': 0}",,,False,False,Immediate Measures
104872,NIT-02/2025-26/HNP/GP-12,Nagar Panchayat hata ward No.-01 me Tanvir Ansaari ke Ghar se Hote huye Abhishek ke Ghar  Tak P.C.C. evam R.C.C. Nala ka Nirman karya,Nagar Panchayat hata ward No.-01 me Tanvir Ansaari ke Ghar se Hote huye Abhishek ke Ghar  Tak P.C.C. evam R.C.C. Nala ka Nirman karya,1741100.0,INR,INR,2025-07-07 08:48:13+00:00,2025-07-07T08:39:57.963000+00:00,2025-07-18T09:19:03+00:00,SHIVAM SINGH,EO NAGAR PANCHAYAT HATA,HATA NAGAR PANCHAYAT,"BESIDE OF MIDDLE SCHOOL HATA (HATA), WARD NO-04",SHIVAM SINGH,EO NAGAR PANCHAYAT HATA,HATA NAGAR PANCHAYAT,34800.0,5000.0,590.0,True,"{'Flood': 0, 'Embankment': 0, 'embkt': 0, 'Relief': 0, 'Erosion': 0, 'SDRF': 0, 'Inundation': 0, 'Hydrology': 0, 'Silt': 0, 'Siltation': 0, 'Bund': 0, 'Trench': 0, 'Breach': 0, 'Culvert': 0, 'Sluice': 0, 'Dyke': 0, 'Storm water drain': 0, 'Emergency': 0, 'Immediate': 0, 'IM': 0, 'AE': 0, 'A E': 0, 'AAPDA MITRA': 0, 'Bridge': 0, 'River': 0, 'Drain': 0, 'Restoration': 0, 'Protection': 0, 'irr': 0, 'irrigation': 0, 'dam': 0, 'Nallah': 0, 'nala': 2, 'Retrofitting': 0, 'Pond': 0, 'Pokhari': 0, 'D/C': 0, 'Recharge shaft': 0, 'LFB': 0, 'RFB': 0}","{'Floodlight': 0, 'Flood Light': 0, 'GAS': 0, 'FIFA': 0, 'pipe': 0, 'pipes': 0, 'covid': 0, 'supply': 0, 'Beautification': 0, 'Installation': 0}",,,False,False,Others
104874,NIT-02/2025-26/HNP/GP-13,Nagar Panchayat hata ward No.-01 me Raju Ravat ke Ghar se Bharat keshari ke Ghar  Tak P.C.C. evam R.C.C. Nala ka Nirman karya,Nagar Panchayat hata ward No.-01 me Raju Ravat ke Ghar se Bharat keshari ke Ghar  Tak P.C.C. evam R.C.C. Nala ka Nirman karya,1883280.0,INR,INR,2025-07-07 08:53:46+00:00,2025-07-07T08:48:29.102000+00:00,2025-07-18T09:17:14+00:00,SHIVAM SINGH,EO NAGAR PANCHAYAT HATA,HATA NAGAR PANCHAYAT,"BESIDE OF MIDDLE SCHOOL HATA (HATA), WARD NO-04",SHIVAM SINGH,EO NAGAR PANCHAYAT HATA,HATA NAGAR PANCHAYAT,37700.0,5000.0,590.0,True,"{'Flood': 0, 'Embankment': 0, 'embkt': 0, 'Relief': 0, 'Erosion': 0, 'SDRF': 0, 'Inundation': 0, 'Hydrology': 0, 'Silt': 0, 'Siltation': 0, 'Bund': 0, 'Trench': 0, 'Breach': 0, 'Culvert': 0, 'Sluice': 0, 'Dyke': 0, 'Storm water drain': 0, 'Emergency': 0, 'Immediate': 0, 'IM': 0, 'AE': 0, 'A E': 0, 'AAPDA MITRA': 0, 'Bridge': 0, 'River': 0, 'Drain': 0, 'Restoration': 0, 'Protection': 0, 'irr': 0, 'irrigation': 0, 'dam': 0, 'Nallah': 0, 'nala': 2, 'Retrofitting': 0, 'Pond': 0, 'Pokhari': 0, 'D/C': 0, 'Recharge shaft': 0, 'LFB': 0, 'RFB': 0}","{'Floodlight': 0, 'Flood Light': 0, 'GAS': 0, 'FIFA': 0, 'pipe': 0, 'pipes': 0, 'covid': 0, 'supply': 0, 'Beautification': 0, 'Installation': 0}",,,False,False,Others
104868,NIT-02/2025-26/HNP/GP-10,Nagar Panchayat hata ward No.-08 me Shivcharan Ram ke Ghar Se Ramesh Ram ke Ghar   Tak P.C.C. evam R.C.C. Nala ka Nirman karya,Nagar Panchayat hata ward No.-08 me Shivcharan Ram ke Ghar Se Ramesh Ram ke Ghar   Tak P.C.C. evam R.C.C. Nala ka Nirman karya,1499700.0,INR,INR,2025-07-07 08:33:34+00:00,2025-07-07T08:27:49.908000+00:00,2025-07-18T09:24:37+00:00,SHIVAM SINGH,EO NAGAR PANCHAYAT HATA,HATA NAGAR PANCHAYAT,"BESIDE OF MIDDLE SCHOOL HATA (HATA), WARD NO-04",SHIVAM SINGH,EO NAGAR PANCHAYAT HATA,HATA NAGAR PANCHAYAT,30000.0,2500.0,590.0,True,"{'Flood': 0, 'Embankment': 0, 'embkt': 0, 'Relief': 0, 'Erosion': 0, 'SDRF': 0, 'Inundation': 0, 'Hydrology': 0, 'Silt': 0, 'Siltation': 0, 'Bund': 0, 'Trench': 0, 'Breach': 0, 'Culvert': 0, 'Sluice': 0, 'Dyke': 0, 'Storm water drain': 0, 'Emergency': 0, 'Immediate': 0, 'IM': 0, 'AE': 0, 'A E': 0, 'AAPDA MITRA': 0, 'Bridge': 0, 'River': 0, 'Drain': 0, 'Restoration': 0, 'Protection': 0, 'irr': 0, 'irrigation': 0, 'dam': 0, 'Nallah': 0, 'nala': 2, 'Retrofitting': 0, 'Pond': 0, 'Pokhari': 0, 'D/C': 0, 'Recharge shaft': 0, 'LFB': 0, 'RFB': 0}","{'Floodlight': 0, 'Flood Light': 0, 'GAS': 0, 'FIFA': 0, 'pipe': 0, 'pipes': 0, 'covid': 0, 'supply': 0, 'Beautification': 0, 'Installation': 0}",,,False,False,Others
104869,NP HILSA NIT02/2025-26 GROUP-24,Ward N0-21 Me Ravidas Tola Me Paver Block Avam RCC Nala Dhakkan Sahit Nirman Kary.,Ward N0-21 Me Ravidas Tola Me Paver Block Avam RCC Nala Dhakkan Sahit Nirman Kary.,983700.0,INR,INR,2025-07-07 08:36:22+00:00,2025-07-07T08:30:32.087000+00:00,2025-07-14T03:46:47+00:00,Ravi Shankar Prasad,Executive Officer,NAGAR PANCHAYAT MAHUA,"MAHUA SINGH RAI, SAMASTIPUR ROAD, MAHUA, VAISHALI","EXECUTIVE OFFICER, HILSA",EO,NAGAR PARISHAD HILSA,20000.0,1250.0,590.0,True,"{'Flood': 0, 'Embankment': 0, 'embkt': 0, 'Relief': 0, 'Erosion': 0, 'SDRF': 0, 'Inundation': 0, 'Hydrology': 0, 'Silt': 0, 'Siltation': 0, 'Bund': 0, 'Trench': 0, 'Breach': 0, 'Culvert': 0, 'Sluice': 0, 'Dyke': 0, 'Storm water drain': 0, 'Emergency': 0, 'Immediate': 0, 'IM': 0, 'AE': 0, 'A E': 0, 'AAPDA MITRA': 0, 'Bridge': 0, 'River': 0, 'Drain': 0, 'Restoration': 0, 'Protection': 0, 'irr': 0, 'irrigation': 0, 'dam': 0, 'Nallah': 0, 'nala': 2, 'Retrofitting': 0, 'Pond': 0, 'Pokhari': 0, 'D/C': 0, 'Recharge shaft': 0, 'LFB': 0, 'RFB': 0}","{'Floodlight': 0, 'Flood Light': 0, 'GAS': 0, 'FIFA': 0, 'pipe': 0, 'pipes': 0, 'covid': 0, 'supply': 0, 'Beautification': 0, 'Installation': 0}",,,False,False,Immediate Measures
104875,NP HILSA NIT02/2025-26 GROUP-27,Ward N0-24 Me Badhu Ji Ke Ghar Se SDO Awas Tak RCC Nala Nirman Dhakkan sahit Kary.,Ward N0-24 Me Badhu Ji Ke Ghar Se SDO Awas Tak RCC Nala Nirman Dhakkan sahit Kary.,1775800.0,INR,INR,2025-07-07 08:56:04+00:00,2025-07-07T08:49:38.567000+00:00,2025-10-14T07:26:10+00:00,Ravi Shankar Prasad,Executive Officer,NAGAR PANCHAYAT MAHUA,"MAHUA SINGH RAI, SAMASTIPUR ROAD, MAHUA, VAISHALI","EXECUTIVE OFFICER, HILSA",EO,NAGAR PARISHAD HILSA,35500.0,5000.0,590.0,True,"{'Flood': 0, 'Embankment': 0, 'embkt': 0, 'Relief': 0, 'Erosion': 0, 'SDRF': 0, 'Inundation': 0, 'Hydrology': 0, 'Silt': 0, 'Siltation': 0, 'Bund': 0, 'Trench': 0, 'Breach': 0, 'Culvert': 0, 'Sluice': 0, 'Dyke': 0, 'Storm water drain': 0, 'Emergency': 0, 'Immediate': 0, 'IM': 0, 'AE': 0, 'A E': 0, 'AAPDA MITRA': 0, 'Bridge': 0, 'River': 0, 'Drain': 0, 'Restoration': 0, 'Protection': 0, 'irr': 0, 'irrigation': 0, 'dam': 0, 'Nallah': 0, 'nala': 2, 'Retrofitting': 0, 'Pond': 0, 'Pokhari': 0, 'D/C': 0, 'Recharge shaft': 0, 'LFB': 0, 'RFB': 0}","{'Floodlight': 0, 'Flood Light': 0, 'GAS': 0, 'FIFA': 0, 'pipe': 0, 'pipes': 0, 'covid': 0, 'supply': 0, 'Beautification': 0, 'Installation': 0}",,,False,False,Immediate Measures
104879,NP HILSA NIT02/2025-26 GROUP-31,Ward N0-26 Me ramvijay Sharma Ke Ghar Se Lalan Sharma Ke Ghar Hote Huye Rewati Raman Ke Ghar Se Hote Huye Prathmik Vidyalay Se Hote Huye Raod Ke Kinara Pain Me RCC Nala Nirman Dhakkan Sahit Kary.,Ward N0-26 Me ramvijay Sharma Ke Ghar Se Lalan Sharma Ke Ghar Hote Huye Rewati Raman Ke Ghar Se Hote Huye Prathmik Vidyalay Se Hote Huye Raod Ke Kinara Pain Me RCC Nala Nirman Dhakkan Sahit Kary.,1600300.0,INR,INR,2025-07-07 09:22:24+00:00,2025-07-07T09:15:50.039000+00:00,2025-07-14T03:32:14+00:00,Ravi Shankar Prasad,Executive Officer,NAGAR PANCHAYAT MAHUA,"MAHUA SINGH RAI, SAMASTIPUR ROAD, MAHUA, VAISHALI","EXECUTIVE OFFICER, HILSA",EO,NAGAR PARISHAD HILSA,32000.0,5000.0,590.0,True,"{'Flood': 0, 'Embankment': 0, 'embkt': 0, 'Relief': 0, 'Erosion': 0, 'SDRF': 0, 'Inundation': 0, 'Hydrology': 0, 'Silt': 0, 'Siltation': 0, 'Bund': 0, 'Trench': 0, 'Breach': 0, 'Culvert': 0, 'Sluice': 0, 'Dyke': 0, 'Storm water drain': 0, 'Emergency': 0, 'Immediate': 0, 'IM': 0, 'AE': 0, 'A E': 0, 'AAPDA MITRA': 0, 'Bridge': 0, 'River': 0, 'Drain': 0, 'Restoration': 0, 'Protection': 0, 'irr': 0, 'irrigation': 0, 'dam': 0, 'Nallah': 0, 'nala': 2, 'Retrofitting': 0, 'Pond': 0, 'Pokhari': 0, 'D/C': 0, 'Recharge shaft': 0, 'LFB': 0, 'RFB': 0}","{'Floodlight': 0, 'Flood Light': 0, 'GAS': 0, 'FIFA': 0, 'pipe': 0, 'pipes': 0, 'covid': 0, 'supply': 0, 'Beautification': 0, 'Installation': 0}",,,False,False,Immediate Measures
104878,NP HILSA NIT02/2025-26 GROUP-30,Ward N0-26 Me Sarun Yadav Ke Ghar Se Naresh Ram Ke Ghar Tak RCC Nala Nirman Dhakkan Sahit Kary.,Ward N0-26 Me Sarun Yadav Ke Ghar Se Naresh Ram Ke Ghar Tak RCC Nala Nirman Dhakkan Sahit Kary.,1864900.0,INR,INR,2025-07-07 09:15:37+00:00,2025-07-07T09:08:24.856000+00:00,2025-07-14T03:33:56+00:00,Ravi Shankar Prasad,Executive Officer,NAGAR PANCHAYAT MAHUA,"MAHUA SINGH RAI, SAMASTIPUR ROAD, MAHUA, VAISHALI","EXECUTIVE OFFICER, HILSA",EO,NAGAR PARISHAD HILSA,37500.0,5000.0,590.0,True,"{'Flood': 0, 'Embankment': 0, 'embkt': 0, 'Relief': 0, 'Erosion': 0, 'SDRF': 0, 'Inundation': 0, 'Hydrology': 0, 'Silt': 0, 'Siltation': 0, 'Bund': 0, 'Trench': 0, 'Breach': 0, 'Culvert': 0, 'Sluice': 0, 'Dyke': 0, 'Storm water drain': 0, 'Emergency': 0, 'Immediate': 0, 'IM': 0, 'AE': 0, 'A E': 0, 'AAPDA MITRA': 0, 'Bridge': 0, 'River': 0, 'Drain': 0, 'Restoration': 0, 'Protection': 0, 'irr': 0, 'irrigation': 0, 'dam': 0, 'Nallah': 0, 'nala': 2, 'Retrofitting': 0, 'Pond': 0, 'Pokhari': 0, 'D/C': 0, 'Recharge shaft': 0, 'LFB': 0, 'RFB': 0}","{'Floodlight': 0, 'Flood Light': 0, 'GAS': 0, 'FIFA': 0, 'pipe': 0, 'pipes': 0, 'covid': 0, 'supply': 0, 'Beautification': 0, 'Installation': 0}",,,False,False,Immediate Measures
104876,NP HILSA NIT02/2025-26 GROUP-28,"Ward N0-24 Me Sachin Thakur Ke Ghar Se Rampravesh Thakur Ke Ghar Hote Huye Agaja Par Hote Huye Singhara Pokhar Tak MItti, Eat Soling, PCC Dhalai Avam RCC Nala Nirman Kary.","Ward N0-24 Me Sachin Thakur Ke Ghar Se Rampravesh Thakur Ke Ghar Hote Huye Agaja Par Hote Huye Singhara Pokhar Tak MItti, Eat Soling, PCC Dhalai Avam RCC Nala Nirman Kary.",1720600.0,INR,INR,2025-07-07 09:02:41+00:00,2025-07-07T08:56:19.923000+00:00,2025-10-14T06:50:25+00:00,Ravi Shankar Prasad,Executive Officer,NAGAR PANCHAYAT MAHUA,"MAHUA SINGH RAI, SAMASTIPUR ROAD, MAHUA, VAISHALI","EXECUTIVE OFFICER, HILSA",EO,NAGAR PARISHAD HILSA,35000.0,5000.0,590.0,True,"{'Flood': 0, 'Embankment': 0, 'embkt': 0, 'Relief': 0, 'Erosion': 0, 'SDRF': 0, 'Inundation': 0, 'Hydrology': 0, 'Silt': 0, 'Siltation': 0, 'Bund': 0, 'Trench': 0, 'Breach': 0, 'Culvert': 0, 'Sluice': 0, 'Dyke': 0, 'Storm water drain': 0, 'Emergency': 0, 'Immediate': 0, 'IM': 0, 'AE': 0, 'A E': 0, 'AAPDA MITRA': 0, 'Bridge': 0, 'River': 0, 'Drain': 0, 'Restoration': 0, 'Protection': 0, 'irr': 0, 'irrigation': 0, 'dam': 0, 'Nallah': 0, 'nala': 2, 'Retrofitting': 0, 'Pond': 0, 'Pokhari': 0, 'D/C': 0, 'Recharge shaft': 0, 'LFB': 0, 'RFB': 0}","{'Floodlight': 0, 'Flood Light': 0, 'GAS': 0, 'FIFA': 0, 'pipe': 0, 'pipes': 0, 'covid': 0, 'supply': 0, 'Beautification': 0, 'Installation': 0}",,,False,False,Immediate Measures
104881,Re NIT No - 05/2025-26/Madhepura (G2),"RCC drain construction work from near Baba Dharm Kanta to the eastern boundary of the city drainage under Nagar Panchayat, Alamnagar area.","RCC drain construction work from near Baba Dharm Kanta to the eastern boundary of the city drainage under Nagar Panchayat, Alamnagar area.",19363000.0,INR,INR,2025-07-07 09:33:45+00:00,2025-07-07T09:18:42.569000+00:00,2025-07-31T09:36:14+00:00,RAMA SHANKAR PRASAD,PROJECT DIRECTOR,Bihar Urban Infrastructure Development Corporation Ltd.,"Buidco, saharsha",RAMA SHANKAR PRASAD,PROJECT DIRECTOR,Bihar Urban Infrastructure Development Corporation Ltd.,387300.0,17700.0,3540.0,True,"{'Flood': 0, 'Embankment': 0, 'embkt': 0, 'Relief': 0, 'Erosion': 0, 'SDRF': 0, 'Inundation': 0, 'Hydrology': 0, 'Silt': 0, 'Siltation': 0, 'Bund': 0, 'Trench': 0, 'Breach': 0, 'Culvert': 0, 'Sluice': 0, 'Dyke': 0, 'Storm water drain': 0, 'Emergency': 0, 'Immediate': 0, 'IM': 0, 'AE': 0, 'A E': 0, 'AAPDA MITRA': 0, 'Bridge': 0, 'River': 0, 'Drain': 2, 'Restoration': 0, 'Protection': 0, 'irr': 0, 'irrigation': 0, 'dam': 0, 'Nallah': 0, 'nala': 0, 'Retrofitting': 0, 'Pond': 0, 'Pokhari': 0, 'D/C': 0, 'Recharge shaft': 0, 'LFB': 0, 'RFB': 0}","{'Floodlight': 0, 'Flood Light': 0, 'GAS': 0, 'FIFA': 0, 'pipe': 0, 'pipes': 0, 'covid': 0, 'supply': 0, 'Beautification': 0, 'Installation': 0}",,,False,True,Others
104834,SBD NIT-02/MUZAFFARPUR /BCD/2025-26 (GROUP-02),CONSTRUCTION OF ONE NO. PANCHAYAT SARKAR BHAWAN (PATAHI PANCHAYAT) FLOOD AFFEDCTED AT MUSHAHARI  BLOCK IN MUZAFFARPUR DISTRICT  FOR THE YEAR -2025-26. (ELECTRIFICATION INCLUDED),CONSTRUCTION OF ONE NO. PANCHAYAT SARKAR BHAWAN (PATAHI PANCHAYAT) FLOOD AFFEDCTED AT MUSHAHARI  BLOCK IN MUZAFFARPUR DISTRICT  FOR THE YEAR -2025-26. (ELECTRIFICATION INCLUDED),27934221.0,INR,INR,2025-07-07 06:27:52+00:00,2025-07-07T06:01:55.682000+00:00,2025-08-06T08:51:49+00:00,EXECUTIVE ENGINEER BUILDING DIVISION MUZAFFARPUR,EXECUTIVE ENGINEER,BUILDING DIVISION MUZAFFARPUR,BUILDING DIVISION MUZAFFARPUR COMBINED BUILDING MUZAFFARPUR,"Superintending Engineer, Building Circle Muzaffarpur",SE,Building Circle Muzaffarpur,558700.0,10000.0,3540.0,True,"{'Flood': 2, 'Embankment': 0, 'embkt': 0, 'Relief': 0, 'Erosion': 0, 'SDRF': 0, 'Inundation': 0, 'Hydrology': 0, 'Silt': 0, 'Siltation': 0, 'Bund': 0, 'Trench': 0, 'Breach': 0, 'Culvert': 0, 'Sluice': 0, 'Dyke': 0, 'Storm water drain': 0, 'Emergency': 0, 'Immediate': 0, 'IM': 0, 'AE': 0, 'A E': 0, 'AAPDA MITRA': 0, 'Bridge': 0, 'River': 0, 'Drain': 0, 'Restoration': 0, 'Protection': 0, 'irr': 0, 'irrigation': 0, 'dam': 0, 'Nallah': 0, 'nala': 0, 'Retrofitting': 0, 'Pond': 0, 'Pokhari': 0, 'D/C': 0, 'Recharge shaft': 0, 'LFB': 0, 'RFB': 0}","{'Floodlight': 0, 'Flood Light': 0, 'GAS': 0, 'FIFA': 0, 'pipe': 0, 'pipes': 0, 'covid': 0, 'supply': 0, 'Beautification': 0, 'Installation': 0}",,,False,False,Immediate Measures
104851,SBD NIT-02/MUZAFFARPUR /BCD/2025-26 (GROUP-03),CONSTRUCTION OF ONE NO. PANCHAYAT SARKAR BHAWAN (RAJWARA PANCHAYAT) FLOOD AFFEDCTED AT MUSHAHARI  BLOCK IN MUZAFFARPUR DISTRICT  FOR THE YEAR - 2025-26. (ELECTRIFICATION INCLUDED).,CONSTRUCTION OF ONE NO. PANCHAYAT SARKAR BHAWAN (RAJWARA PANCHAYAT) FLOOD AFFEDCTED AT MUSHAHARI  BLOCK IN MUZAFFARPUR DISTRICT  FOR THE YEAR - 2025-26. (ELECTRIFICATION INCLUDED).,27934221.0,INR,INR,2025-07-07 10:18:54+00:00,2025-07-07T07:32:08.103000+00:00,2025-08-06T08:52:52+00:00,EXECUTIVE ENGINEER BUILDING DIVISION MUZAFFARPUR,EXECUTIVE ENGINEER,BUILDING DIVISION MUZAFFARPUR,BUILDING DIVISION MUZAFFARPUR COMBINED BUILDING MUZAFFARPUR,"Superintending Engineer, Building Circle Muzaffarpur",SE,Building Circle Muzaffarpur,558700.0,10000.0,3540.0,True,"{'Flood': 2, 'Embankment': 0, 'embkt': 0, 'Relief': 0, 'Erosion': 0, 'SDRF': 0, 'Inundation': 0, 'Hydrology': 0, 'Silt': 0, 'Siltation': 0, 'Bund': 0, 'Trench': 0, 'Breach': 0, 'Culvert': 0, 'Sluice': 0, 'Dyke': 0, 'Storm water drain': 0, 'Emergency': 0, 'Immediate': 0, 'IM': 0, 'AE': 0, 'A E': 0, 'AAPDA MITRA': 0, 'Bridge': 0, 'River': 0, 'Drain': 0, 'Restoration': 0, 'Protection': 0, 'irr': 0, 'irrigation': 0, 'dam': 0, 'Nallah': 0, 'nala': 0, 'Retrofitting': 0, 'Pond': 0, 'Pokhari': 0, 'D/C': 0, 'Recharge shaft': 0, 'LFB': 0, 'RFB': 0}","{'Floodlight': 0, 'Flood Light': 0, 'GAS': 0, 'FIFA': 0, 'pipe': 0, 'pipes': 0, 'covid': 0, 'supply': 0, 'Beautification': 0, 'Installation': 0}",,,False,False,Immediate Measures
104885,SBD NIT-02/MUZAFFARPUR /BCD/2025-26 (GROUP-04),CONSTRUCTION OF ONE NO. PANCHAYAT SARKAR BHAWAN (HUSSEPUR PANCHAYAT) FLOOD AFFEDCTED AT SAHEBGANJ BLOCK IN MUZAFFARPUR DISTRICT  FOR THE YEAR - 2025-26 (ELECTRIFICATION INCLUDED),CONSTRUCTION OF ONE NO. PANCHAYAT SARKAR BHAWAN (HUSSEPUR PANCHAYAT) FLOOD AFFEDCTED AT SAHEBGANJ BLOCK IN MUZAFFARPUR DISTRICT  FOR THE YEAR - 2025-26 (ELECTRIFICATION INCLUDED),27934221.0,INR,INR,2025-07-07 11:28:32+00:00,2025-07-07T10:49:03.957000+00:00,2025-08-06T08:53:57+00:00,EXECUTIVE ENGINEER BUILDING DIVISION MUZAFFARPUR,EXECUTIVE ENGINEER,BUILDING DIVISION MUZAFFARPUR,BUILDING DIVISION MUZAFFARPUR COMBINED BUILDING MUZAFFARPUR,"Superintending Engineer, Building Circle Muzaffarpur",SE,Building Circle Muzaffarpur,558700.0,10000.0,3540.0,True,"{'Flood': 2, 'Embankment': 0, 'embkt': 0, 'Relief': 0, 'Erosion': 0, 'SDRF': 0, 'Inundation': 0, 'Hydrology': 0, 'Silt': 0, 'Siltation': 0, 'Bund': 0, 'Trench': 0, 'Breach': 0, 'Culvert': 0, 'Sluice': 0, 'Dyke': 0, 'Storm water drain': 0, 'Emergency': 0, 'Immediate': 0, 'IM': 0, 'AE': 0, 'A E': 0, 'AAPDA MITRA': 0, 'Bridge': 0, 'River': 0, 'Drain': 0, 'Restoration': 0, 'Protection': 0, 'irr': 0, 'irrigation': 0, 'dam': 0, 'Nallah': 0, 'nala': 0, 'Retrofitting': 0, 'Pond': 0, 'Pokhari': 0, 'D/C': 0, 'Recharge shaft': 0, 'LFB': 0, 'RFB': 0}","{'Floodlight': 0, 'Flood Light': 0, 'GAS': 0, 'FIFA': 0, 'pipe': 0, 'pipes': 0, 'covid': 0, 'supply': 0, 'Beautification': 0, 'Installation': 0}",,,False,False,Immediate Measures
104880,Re NIT No - 05/2025-26/Madhepura (1),"Construction of drain and paved road from Majharat border to Road No. 18 under Nagar Panchayat, Singheswar area in ward number- 12, 11 and 10.","Construction of drain and paved road from Majharat border to Road No. 18 under Nagar Panchayat, Singheswar area in ward number- 12, 11 and 10.",8199200.0,INR,INR,2025-07-07 09:39:51+00:00,2025-07-07T09:16:58.752000+00:00,2025-08-06T07:23:11+00:00,RAMA SHANKAR PRASAD,PROJECT DIRECTOR,Bihar Urban Infrastructure Development Corporation Ltd.,"Buidco, saharsha",RAMA SHANKAR PRASAD,PROJECT DIRECTOR,Bihar Urban Infrastructure Development Corporation Ltd.,164000.0,17700.0,3540.0,True,"{'Flood': 0, 'Embankment': 0, 'embkt': 0, 'Relief': 0, 'Erosion': 0, 'SDRF': 0, 'Inundation': 0, 'Hydrology': 0, 'Silt': 0, 'Siltation': 0, 'Bund': 0, 'Trench': 0, 'Breach': 0, 'Culvert': 0, 'Sluice': 0, 'Dyke': 0, 'Storm water drain': 0, 'Emergency': 0, 'Immediate': 0, 'IM': 0, 'AE': 0, 'A E': 0, 'AAPDA MITRA': 0, 'Bridge': 0, 'River': 0, 'Drain': 2, 'Restoration': 0, 'Protection': 0, 'irr': 0, 'irrigation': 0, 'dam': 0, 'Nallah': 0, 'nala': 0, 'Retrofitting': 0, 'Pond': 0, 'Pokhari': 0, 'D/C': 0, 'Recharge shaft': 0, 'LFB': 0, 'RFB': 0}","{'Floodlight': 0, 'Flood Light': 0, 'GAS': 0, 'FIFA': 0, 'pipe': 0, 'pipes': 0, 'covid': 0, 'supply': 0, 'Beautification': 0, 'Installation': 0}",,,False,True,Others
104899,NIT No-07/2025-26 (Group-1,Construction of drain and PCC road from house of surendra yadav to house of sikandra yadav in ward no. 8  under nagar panchayat chewara sheikhpura,Construction of drain and PCC road from house of surendra yadav to house of sikandra yadav in ward no. 8  under nagar panchayat chewara sheikhpura,3483548.0,INR,INR,2025-07-07 14:57:22+00:00,2025-07-07T14:43:33.886000+00:00,2025-08-15T11:42:49+00:00,Abhinandan Kumar,PROJECT DIRECTOR,Bihar Urban Infrastructure Development Corporation Ltd.,Lakhisarai,Abhinandan Kumar,PROJECT DIRECTOR,Bihar Urban Infrastructure Development Corporation Ltd.,69700.0,11800.0,590.0,True,"{'Flood': 0, 'Embankment': 0, 'embkt': 0, 'Relief': 0, 'Erosion': 0, 'SDRF': 0, 'Inundation': 0, 'Hydrology': 0, 'Silt': 0, 'Siltation': 0, 'Bund': 0, 'Trench': 0, 'Breach': 0, 'Culvert': 0, 'Sluice': 0, 'Dyke': 0, 'Storm water drain': 0, 'Emergency': 0, 'Immediate': 0, 'IM': 0, 'AE': 0, 'A E': 0, 'AAPDA MITRA': 0, 'Bridge': 0, 'River': 0, 'Drain': 2, 'Restoration': 0, 'Protection': 0, 'irr': 0, 'irrigation': 0, 'dam': 0, 'Nallah': 0, 'nala': 0, 'Retrofitting': 0, 'Pond': 0, 'Pokhari': 0, 'D/C': 0, 'Recharge shaft': 0, 'LFB': 0, 'RFB': 0}","{'Floodlight': 0, 'Flood Light': 0, 'GAS': 0, 'FIFA': 0, 'pipe': 0, 'pipes': 0, 'covid': 0, 'supply': 0, 'Beautification': 0, 'Installation': 0}",,,False,True,Immediate Measures
104900,NIT No.- RCD/BTH/02/2025-26,Widening & Strengthening Work of Chhotkipatti Bargaon to Kadmahwa via Bargaon-Khairpokhara-Barwa Bairati (Ch 0.00 to 25.850) Total Length-25.850 Km Including 2Nos. HL Bridge Size 3x12m for the year 2025-26,Widening & Strengthening Work of Chhotkipatti Bargaon to Kadmahwa via Bargaon-Khairpokhara-Barwa Bairati (Ch 0.00 to 25.850) Total Length-25.850 Km Including 2Nos. HL Bridge Size 3x12m for the year 2025-26,608188933.0,INR,INR,2025-07-08 05:19:15+00:00,2025-07-07T15:09:25.137000+00:00,2025-08-28T12:17:14+00:00,SURENDRA NARAYAN,EXECUTIVE ENGINEER,ROAD CONSTRUCTION DEPARTMENT,ROAD DIVISION SUPAUL,ANIL KUMAR SINGH,CHIEF ENGINEER,CHIEF ENGINEER NORTH RCD BIHAR PATNA,7082000.0,10000.0,5900.0,True,"{'Flood': 0, 'Embankment': 0, 'embkt': 0, 'Relief': 0, 'Erosion': 0, 'SDRF': 0, 'Inundation': 0, 'Hydrology': 0, 'Silt': 0, 'Siltation': 0, 'Bund': 0, 'Trench': 0, 'Breach': 0, 'Culvert': 0, 'Sluice': 0, 'Dyke': 0, 'Storm water drain': 0, 'Emergency': 0, 'Immediate': 0, 'IM': 0, 'AE': 0, 'A E': 0, 'AAPDA MITRA': 0, 'Bridge': 2, 'River': 0, 'Drain': 0, 'Restoration': 0, 'Protection': 0, 'irr': 0, 'irrigation': 0, 'dam': 0, 'Nallah': 0, 'nala': 0, 'Retrofitting': 0, 'Pond': 0, 'Pokhari': 0, 'D/C': 0, 'Recharge shaft': 0, 'LFB': 0, 'RFB': 0}","{'Floodlight': 0, 'Flood Light': 0, 'GAS': 0, 'FIFA': 0, 'pipe': 0, 'pipes': 0, 'covid': 0, 'supply': 0, 'Beautification': 0, 'Installation': 0}",,,False,True,Repair and Restoration
104902,01/2025-2026/SBR/GR 01,"CONSTRUCTION OF RCC DRAIN WITH COVER FROM CHOTI HAAT TO MANGAN SAH HOUSE UNDER NAGAR PANCHAYAT, SABOUR","CONSTRUCTION OF RCC DRAIN WITH COVER FROM CHOTI HAAT TO MANGAN SAH HOUSE UNDER NAGAR PANCHAYAT, SABOUR",2476749.0,INR,INR,2025-07-14 05:52:28+00:00,2025-07-07T15:12:43.797000+00:00,2025-12-11T11:10:52+00:00,Jyoti kumari,"EXECUTIVE OFFICER, NAGAR PANCHYAT, SABOUR",Nagar panchayat Sabour,"High school Campus,nagar panchayat sabour",Jyoti Kumari,"EXECUTIVE OFFICER, NAGAR PANCHYAT, SABOUR",Nagar panchayat Sabour,50000.0,5000.0,590.0,True,"{'Flood': 0, 'Embankment': 0, 'embkt': 0, 'Relief': 0, 'Erosion': 0, 'SDRF': 0, 'Inundation': 0, 'Hydrology': 0, 'Silt': 0, 'Siltation': 0, 'Bund': 0, 'Trench': 0, 'Breach': 0, 'Culvert': 0, 'Sluice': 0, 'Dyke': 0, 'Storm water drain': 0, 'Emergency': 0, 'Immediate': 0, 'IM': 0, 'AE': 0, 'A E': 0, 'AAPDA MITRA': 0, 'Bridge': 0, 'River': 0, 'Drain': 2, 'Restoration': 0, 'Protection': 0, 'irr': 0, 'irrigation': 0, 'dam': 0, 'Nallah': 0, 'nala': 0, 'Retrofitting': 0, 'Pond': 0, 'Pokhari': 0, 'D/C': 0, 'Recharge shaft': 0, 'LFB': 0, 'RFB': 0}","{'Floodlight': 0, 'Flood Light': 0, 'GAS': 0, 'FIFA': 0, 'pipe': 0, 'pipes': 0, 'covid': 0, 'supply': 0, 'Beautification': 0, 'Installation': 0}",,,False,True,Immediate Measures
104904,01/2025-2026/SABOUR/GR 02,"CONSTRUCTION OF PCC ROAD & RCC DRAIN WITH COVER FROM BINDUSAR HOUSE TO PRASADI SAH HOUSE TO RAMESH MANDAL HOUSE IN WARD NO. 05 UNDER NAGAR PANCHAYAT, SABOUR","CONSTRUCTION OF PCC ROAD & RCC DRAIN WITH COVER FROM BINDUSAR HOUSE TO PRASADI SAH HOUSE TO RAMESH MANDAL HOUSE IN WARD NO. 05 UNDER NAGAR PANCHAYAT, SABOUR",1007187.0,INR,INR,2025-07-07 15:58:34+00:00,2025-07-07T15:43:04.686000+00:00,2025-12-11T11:27:12+00:00,Jyoti kumari,"EXECUTIVE OFFICER, NAGAR PANCHYAT, SABOUR",Nagar panchayat Sabour,"High school Campus,nagar panchayat sabour",Jyoti Kumari,"EXECUTIVE OFFICER, NAGAR PANCHYAT, SABOUR",Nagar panchayat Sabour,20200.0,2500.0,590.0,True,"{'Flood': 0, 'Embankment': 0, 'embkt': 0, 'Relief': 0, 'Erosion': 0, 'SDRF': 0, 'Inundation': 0, 'Hydrology': 0, 'Silt': 0, 'Siltation': 0, 'Bund': 0, 'Trench': 0, 'Breach': 0, 'Culvert': 0, 'Sluice': 0, 'Dyke': 0, 'Storm water drain': 0, 'Emergency': 0, 'Immediate': 0, 'IM': 0, 'AE': 0, 'A E': 0, 'AAPDA MITRA': 0, 'Bridge': 0, 'River': 0, 'Drain': 2, 'Restoration': 0, 'Protection': 0, 'irr': 0, 'irrigation': 0, 'dam': 0, 'Nallah': 0, 'nala': 0, 'Retrofitting': 0, 'Pond': 0, 'Pokhari': 0, 'D/C': 0, 'Recharge shaft': 0, 'LFB': 0, 'RFB': 0}","{'Floodlight': 0, 'Flood Light': 0, 'GAS': 0, 'FIFA': 0, 'pipe': 0, 'pipes': 0, 'covid': 0, 'supply': 0, 'Beautification': 0, 'Installation': 0}",,,False,True,Immediate Measures
104905,01/2025-2026/SABOUR/GR 03,"CONSTRUCTION OF PCC ROAD & RCC DRAIN WITH COVER FROM GYAN NIKETAN SCHOOL TO RAGHUNANDAN YADAV HOUSE TO MUKESH YADAV IN WARD NO. 10 UNDER NAGAR PANCHAYAT, SABOUR","CONSTRUCTION OF PCC ROAD & RCC DRAIN WITH COVER FROM GYAN NIKETAN SCHOOL TO RAGHUNANDAN YADAV HOUSE TO MUKESH YADAV IN WARD NO. 10 UNDER NAGAR PANCHAYAT, SABOUR",1889385.0,INR,INR,2025-07-07 16:04:37+00:00,2025-07-07T15:58:49.331000+00:00,2025-12-11T11:36:34+00:00,Jyoti kumari,"EXECUTIVE OFFICER, NAGAR PANCHYAT, SABOUR",Nagar panchayat Sabour,"High school Campus,nagar panchayat sabour",Jyoti Kumari,"EXECUTIVE OFFICER, NAGAR PANCHYAT, SABOUR",Nagar panchayat Sabour,38000.0,5000.0,590.0,True,"{'Flood': 0, 'Embankment': 0, 'embkt': 0, 'Relief': 0, 'Erosion': 0, 'SDRF': 0, 'Inundation': 0, 'Hydrology': 0, 'Silt': 0, 'Siltation': 0, 'Bund': 0, 'Trench': 0, 'Breach': 0, 'Culvert': 0, 'Sluice': 0, 'Dyke': 0, 'Storm water drain': 0, 'Emergency': 0, 'Immediate': 0, 'IM': 0, 'AE': 0, 'A E': 0, 'AAPDA MITRA': 0, 'Bridge': 0, 'River': 0, 'Drain': 2, 'Restoration': 0, 'Protection': 0, 'irr': 0, 'irrigation': 0, 'dam': 0, 'Nallah': 0, 'nala': 0, 'Retrofitting': 0, 'Pond': 0, 'Pokhari': 0, 'D/C': 0, 'Recharge shaft': 0, 'LFB': 0, 'RFB': 0}","{'Floodlight': 0, 'Flood Light': 0, 'GAS': 0, 'FIFA': 0, 'pipe': 0, 'pipes': 0, 'covid': 0, 'supply': 0, 'Beautification': 0, 'Installation': 0}",,,False,True,Immediate Measures
104906,01/2025-2026/SBR/GR 04,"CONSTRUCTION OF PCC ROAD & RCC DRAIN WITH COVER FROM HIRA MANDAL HOUSE TO MD. ANSHUL HOUSE IN WARD NO. 01 UNDER NAGAR PANCHAYAT, SABOUR","CONSTRUCTION OF PCC ROAD & RCC DRAIN WITH COVER FROM HIRA MANDAL HOUSE TO MD. ANSHUL HOUSE IN WARD NO. 01 UNDER NAGAR PANCHAYAT, SABOUR",2016006.0,INR,INR,2025-07-14 05:50:18+00:00,2025-07-07T16:09:44.463000+00:00,2025-12-11T11:45:14+00:00,Jyoti kumari,"EXECUTIVE OFFICER, NAGAR PANCHYAT, SABOUR",Nagar panchayat Sabour,"High school Campus,nagar panchayat sabour",Jyoti Kumari,"EXECUTIVE OFFICER, NAGAR PANCHYAT, SABOUR",Nagar panchayat Sabour,40400.0,5000.0,590.0,True,"{'Flood': 0, 'Embankment': 0, 'embkt': 0, 'Relief': 0, 'Erosion': 0, 'SDRF': 0, 'Inundation': 0, 'Hydrology': 0, 'Silt': 0, 'Siltation': 0, 'Bund': 0, 'Trench': 0, 'Breach': 0, 'Culvert': 0, 'Sluice': 0, 'Dyke': 0, 'Storm water drain': 0, 'Emergency': 0, 'Immediate': 0, 'IM': 0, 'AE': 0, 'A E': 0, 'AAPDA MITRA': 0, 'Bridge': 0, 'River': 0, 'Drain': 2, 'Restoration': 0, 'Protection': 0, 'irr': 0, 'irrigation': 0, 'dam': 0, 'Nallah': 0, 'nala': 0, 'Retrofitting': 0, 'Pond': 0, 'Pokhari': 0, 'D/C': 0, 'Recharge shaft': 0, 'LFB': 0, 'RFB': 0}","{'Floodlight': 0, 'Flood Light': 0, 'GAS': 0, 'FIFA': 0, 'pipe': 0, 'pipes': 0, 'covid': 0, 'supply': 0, 'Beautification': 0, 'Installation': 0}",,,False,True,Immediate Measures
104914,Re/NIT/06-2025-26/Gr No -05/Buidco Patna West,"Construction of Drain from Baban Saw's house to next to Middle School  in ward No -08 under NP, Naubatpur.(Re-Tender)","Construction of Drain from Baban Saw's house to next to Middle School  in ward No -08 under NP, Naubatpur.(Re-Tender)",5521202.0,INR,INR,2025-07-07 18:15:36+00:00,2025-07-07T18:10:57.608000+00:00,2025-09-03T11:11:41+00:00,Vijay Kumar,Project Director BUIDCo Patna West Division,Bihar Urban Infrastructure Development Corporation Ltd.,"West Boring Canal Road, Rajapur Pul, Patna.",Vijay Kumar,Project Director BUIDCo Patna West Division,Bihar Urban Infrastructure Development Corporation Ltd.,110500.0,11800.0,590.0,True,"{'Flood': 0, 'Embankment': 0, 'embkt': 0, 'Relief': 0, 'Erosion': 0, 'SDRF': 0, 'Inundation': 0, 'Hydrology': 0, 'Silt': 0, 'Siltation': 0, 'Bund': 0, 'Trench': 0, 'Breach': 0, 'Culvert': 0, 'Sluice': 0, 'Dyke': 0, 'Storm water drain': 0, 'Emergency': 0, 'Immediate': 0, 'IM': 0, 'AE': 0, 'A E': 0, 'AAPDA MITRA': 0, 'Bridge': 0, 'River': 0, 'Drain': 2, 'Restoration': 0, 'Protection': 0, 'irr': 0, 'irrigation': 0, 'dam': 0, 'Nallah': 0, 'nala': 0, 'Retrofitting': 0, 'Pond': 0, 'Pokhari': 0, 'D/C': 0, 'Recharge shaft': 0, 'LFB': 0, 'RFB': 0}","{'Floodlight': 0, 'Flood Light': 0, 'GAS': 0, 'FIFA': 0, 'pipe': 0, 'pipes': 0, 'covid': 0, 'supply': 0, 'Beautification': 0, 'Installation': 0}",,,False,True,Immediate Measures
104915,Re/NIT/06-2025-26/Gr No -06/Buidco Patna West,"Construction of Drain and Road from Makasud hafeej's house to Dihpali Pakki Road via Master Aijaz's House LS Collony in ward No -15 under NP, Paliganj.(Re-Tender)","Construction of Drain and Road from Makasud hafeej's house to Dihpali Pakki Road via Master Aijaz's House LS Collony in ward No -15 under NP, Paliganj.(Re-Tender)",5482187.0,INR,INR,2025-07-07 18:20:47+00:00,2025-07-07T18:16:09.039000+00:00,2025-07-15T12:01:10+00:00,Vijay Kumar,Project Director BUIDCo Patna West Division,Bihar Urban Infrastructure Development Corporation Ltd.,"West Boring Canal Road, Rajapur Pul, Patna.",Vijay Kumar,Project Director BUIDCo Patna West Division,Bihar Urban Infrastructure Development Corporation Ltd.,109700.0,11800.0,590.0,True,"{'Flood': 0, 'Embankment': 0, 'embkt': 0, 'Relief': 0, 'Erosion': 0, 'SDRF': 0, 'Inundation': 0, 'Hydrology': 0, 'Silt': 0, 'Siltation': 0, 'Bund': 0, 'Trench': 0, 'Breach': 0, 'Culvert': 0, 'Sluice': 0, 'Dyke': 0, 'Storm water drain': 0, 'Emergency': 0, 'Immediate': 0, 'IM': 0, 'AE': 0, 'A E': 0, 'AAPDA MITRA': 0, 'Bridge': 0, 'River': 0, 'Drain': 2, 'Restoration': 0, 'Protection': 0, 'irr': 0, 'irrigation': 0, 'dam': 0, 'Nallah': 0, 'nala': 0, 'Retrofitting': 0, 'Pond': 0, 'Pokhari': 0, 'D/C': 0, 'Recharge shaft': 0, 'LFB': 0, 'RFB': 0}","{'Floodlight': 0, 'Flood Light': 0, 'GAS': 0, 'FIFA': 0, 'pipe': 0, 'pipes': 0, 'covid': 0, 'supply': 0, 'Beautification': 0, 'Installation': 0}",,,False,True,Immediate Measures
104913,Re/NIT/06-2025-26/Gr No -04/Buidco Patna West,"Construction of RCC Drain from Maner High School Chowk to Aazad Nagar under NP, Maner.(Re-Tender)","Construction of RCC Drain from Maner High School Chowk to Aazad Nagar under NP, Maner.(Re-Tender)",8023562.0,INR,INR,2025-07-07 18:10:23+00:00,2025-07-07T18:04:53.229000+00:00,2025-10-08T07:59:44+00:00,Vijay Kumar,Project Director BUIDCo Patna West Division,Bihar Urban Infrastructure Development Corporation Ltd.,"West Boring Canal Road, Rajapur Pul, Patna.",Vijay Kumar,Project Director BUIDCo Patna West Division,Bihar Urban Infrastructure Development Corporation Ltd.,160500.0,17700.0,3540.0,True,"{'Flood': 0, 'Embankment': 0, 'embkt': 0, 'Relief': 0, 'Erosion': 0, 'SDRF': 0, 'Inundation': 0, 'Hydrology': 0, 'Silt': 0, 'Siltation': 0, 'Bund': 0, 'Trench': 0, 'Breach': 0, 'Culvert': 0, 'Sluice': 0, 'Dyke': 0, 'Storm water drain': 0, 'Emergency': 0, 'Immediate': 0, 'IM': 0, 'AE': 0, 'A E': 0, 'AAPDA MITRA': 0, 'Bridge': 0, 'River': 0, 'Drain': 2, 'Restoration': 0, 'Protection': 0, 'irr': 0, 'irrigation': 0, 'dam': 0, 'Nallah': 0, 'nala': 0, 'Retrofitting': 0, 'Pond': 0, 'Pokhari': 0, 'D/C': 0, 'Recharge shaft': 0, 'LFB': 0, 'RFB': 0}","{'Floodlight': 0, 'Flood Light': 0, 'GAS': 0, 'FIFA': 0, 'pipe': 0, 'pipes': 0, 'covid': 0, 'supply': 0, 'Beautification': 0, 'Installation': 0}",,,False,True,Immediate Measures
104921,NIT/06-2025-26/Gr No -08/Buidco Patna West,Construction of Drain  and PCC road in Moh Rajabigha from main road to shiv nandan prasad house and Lalu ji gali and Main road to devi sthan via kameshwar prasad house and west side of Rahul kumar house in ward no 32 under NP Masaurhi.,Construction of Drain  and PCC road in Moh Rajabigha from main road to shiv nandan prasad house and Lalu ji gali and Main road to devi sthan via kameshwar prasad house and west side of Rahul kumar house in ward no 32 under NP Masaurhi.,8435465.0,INR,INR,2025-07-08 05:09:28+00:00,2025-07-08T04:54:22.545000+00:00,2025-07-15T12:00:13+00:00,Vijay Kumar,Project Director BUIDCo Patna West Division,Bihar Urban Infrastructure Development Corporation Ltd.,"West Boring Canal Road, Rajapur Pul, Patna.",Vijay Kumar,Project Director BUIDCo Patna West Division,Bihar Urban Infrastructure Development Corporation Ltd.,168800.0,17700.0,3540.0,True,"{'Flood': 0, 'Embankment': 0, 'embkt': 0, 'Relief': 0, 'Erosion': 0, 'SDRF': 0, 'Inundation': 0, 'Hydrology': 0, 'Silt': 0, 'Siltation': 0, 'Bund': 0, 'Trench': 0, 'Breach': 0, 'Culvert': 0, 'Sluice': 0, 'Dyke': 0, 'Storm water drain': 0, 'Emergency': 0, 'Immediate': 0, 'IM': 0, 'AE': 0, 'A E': 0, 'AAPDA MITRA': 0, 'Bridge': 0, 'River': 0, 'Drain': 2, 'Restoration': 0, 'Protection': 0, 'irr': 0, 'irrigation': 0, 'dam': 0, 'Nallah': 0, 'nala': 0, 'Retrofitting': 0, 'Pond': 0, 'Pokhari': 0, 'D/C': 0, 'Recharge shaft': 0, 'LFB': 0, 'RFB': 0}","{'Floodlight': 0, 'Flood Light': 0, 'GAS': 0, 'FIFA': 0, 'pipe': 0, 'pipes': 0, 'covid': 0, 'supply': 0, 'Beautification': 0, 'Installation': 0}",,,False,True,Immediate Measures
104910,Re/NIT/06-2025-26/Gr No -01/Buidco Patna West,"Construction of PCC Road,Paver Block and RCC Drain from Sanjay kumar Das's house to main Aahar via Vilson Appartment Phase 03 in new Mainpura ward no. 11  under NP Danapur.(Re-Tender)","Construction of PCC Road,Paver Block and RCC Drain from Sanjay kumar Das's house to main Aahar via Vilson Appartment Phase 03 in new Mainpura ward no. 11  under NP Danapur.(Re-Tender)",6866116.0,INR,INR,2025-07-07 17:48:59+00:00,2025-07-07T17:40:22.190000+00:00,2025-10-08T08:18:33+00:00,Vijay Kumar,Project Director BUIDCo Patna West Division,Bihar Urban Infrastructure Development Corporation Ltd.,"West Boring Canal Road, Rajapur Pul, Patna.",Vijay Kumar,Project Director BUIDCo Patna West Division,Bihar Urban Infrastructure Development Corporation Ltd.,137400.0,11800.0,590.0,True,"{'Flood': 0, 'Embankment': 0, 'embkt': 0, 'Relief': 0, 'Erosion': 0, 'SDRF': 0, 'Inundation': 0, 'Hydrology': 0, 'Silt': 0, 'Siltation': 0, 'Bund': 0, 'Trench': 0, 'Breach': 0, 'Culvert': 0, 'Sluice': 0, 'Dyke': 0, 'Storm water drain': 0, 'Emergency': 0, 'Immediate': 0, 'IM': 0, 'AE': 0, 'A E': 0, 'AAPDA MITRA': 0, 'Bridge': 0, 'River': 0, 'Drain': 2, 'Restoration': 0, 'Protection': 0, 'irr': 0, 'irrigation': 0, 'dam': 0, 'Nallah': 0, 'nala': 0, 'Retrofitting': 0, 'Pond': 0, 'Pokhari': 0, 'D/C': 0, 'Recharge shaft': 0, 'LFB': 0, 'RFB': 0}","{'Floodlight': 0, 'Flood Light': 0, 'GAS': 0, 'FIFA': 0, 'pipe': 0, 'pipes': 0, 'covid': 0, 'supply': 0, 'Beautification': 0, 'Installation': 0}",,,False,True,Immediate Measures
104911,Re/NIT/06-2025-26/Gr No -02/Buidco Patna West,Construction of Drain and PCC Road from Anil Kumar Srivastav's house to Bazar Samiti Main drain under NP Danapur.(Re-Tender),Construction of Drain and PCC Road from Anil Kumar Srivastav's house to Bazar Samiti Main drain under NP Danapur.(Re-Tender),6851204.0,INR,INR,2025-07-07 17:57:38+00:00,2025-07-07T17:50:32.969000+00:00,2025-12-03T09:31:43+00:00,Vijay Kumar,Project Director BUIDCo Patna West Division,Bihar Urban Infrastructure Development Corporation Ltd.,"West Boring Canal Road, Rajapur Pul, Patna.",Vijay Kumar,Project Director BUIDCo Patna West Division,Bihar Urban Infrastructure Development Corporation Ltd.,137100.0,11800.0,590.0,True,"{'Flood': 0, 'Embankment': 0, 'embkt': 0, 'Relief': 0, 'Erosion': 0, 'SDRF': 0, 'Inundation': 0, 'Hydrology': 0, 'Silt': 0, 'Siltation': 0, 'Bund': 0, 'Trench': 0, 'Breach': 0, 'Culvert': 0, 'Sluice': 0, 'Dyke': 0, 'Storm water drain': 0, 'Emergency': 0, 'Immediate': 0, 'IM': 0, 'AE': 0, 'A E': 0, 'AAPDA MITRA': 0, 'Bridge': 0, 'River': 0, 'Drain': 4, 'Restoration': 0, 'Protection': 0, 'irr': 0, 'irrigation': 0, 'dam': 0, 'Nallah': 0, 'nala': 0, 'Retrofitting': 0, 'Pond': 0, 'Pokhari': 0, 'D/C': 0, 'Recharge shaft': 0, 'LFB': 0, 'RFB': 0}","{'Floodlight': 0, 'Flood Light': 0, 'GAS': 0, 'FIFA': 0, 'pipe': 0, 'pipes': 0, 'covid': 0, 'supply': 0, 'Beautification': 0, 'Installation': 0}",,,False,True,Immediate Measures
104922,NIT/06-2025-26/Gr No -09/Buidco Patna West,Construction of Drain  and PCC road in Moh Krishnapuri from Manoj yadav house to Dilip yadav house via ramesh prasad house and sagar ji house to Main road via Ganesh house in ward no 31 under NP Masaurhi.,Construction of Drain  and PCC road in Moh Krishnapuri from Manoj yadav house to Dilip yadav house via ramesh prasad house and sagar ji house to Main road via Ganesh house in ward no 31 under NP Masaurhi.,7487612.0,INR,INR,2025-07-08 05:18:04+00:00,2025-07-08T05:10:03.656000+00:00,2025-10-08T07:16:58+00:00,Vijay Kumar,Project Director BUIDCo Patna West Division,Bihar Urban Infrastructure Development Corporation Ltd.,"West Boring Canal Road, Rajapur Pul, Patna.",Vijay Kumar,Project Director BUIDCo Patna West Division,Bihar Urban Infrastructure Development Corporation Ltd.,149800.0,17700.0,3540.0,True,"{'Flood': 0, 'Embankment': 0, 'embkt': 0, 'Relief': 0, 'Erosion': 0, 'SDRF': 0, 'Inundation': 0, 'Hydrology': 0, 'Silt': 0, 'Siltation': 0, 'Bund': 0, 'Trench': 0, 'Breach': 0, 'Culvert': 0, 'Sluice': 0, 'Dyke': 0, 'Storm water drain': 0, 'Emergency': 0, 'Immediate': 0, 'IM': 0, 'AE': 0, 'A E': 0, 'AAPDA MITRA': 0, 'Bridge': 0, 'River': 0, 'Drain': 2, 'Restoration': 0, 'Protection': 0, 'irr': 0, 'irrigation': 0, 'dam': 0, 'Nallah': 0, 'nala': 0, 'Retrofitting': 0, 'Pond': 0, 'Pokhari': 0, 'D/C': 0, 'Recharge shaft': 0, 'LFB': 0, 'RFB': 0}","{'Floodlight': 0, 'Flood Light': 0, 'GAS': 0, 'FIFA': 0, 'pipe': 0, 'pipes': 0, 'covid': 0, 'supply': 0, 'Beautification': 0, 'Installation': 0}",,,False,True,Immediate Measures
104927,NIT/07-2025-26/Gr No -01/Buidco Patna West,Construction of drain and pcc road in moh Nauabag from Navlesh house to Ravindra ji House and Ramakant ji House to Sahdev yadav house and  Ram ishwar house link road in ward no 32 under NP NP Masaurhi.,Construction of drain and pcc road in moh Nauabag from Navlesh house to Ravindra ji House and Ramakant ji House to Sahdev yadav house and  Ram ishwar house link road in ward no 32 under NP NP Masaurhi.,3697289.0,INR,INR,2025-07-08 06:34:25+00:00,2025-07-08T06:06:58.014000+00:00,2025-08-24T07:06:18+00:00,Vijay Kumar,Project Director BUIDCo Patna West Division,Bihar Urban Infrastructure Development Corporation Ltd.,"West Boring Canal Road, Rajapur Pul, Patna.",Vijay Kumar,Project Director BUIDCo Patna West Division,Bihar Urban Infrastructure Development Corporation Ltd.,74000.0,11800.0,590.0,True,"{'Flood': 0, 'Embankment': 0, 'embkt': 0, 'Relief': 0, 'Erosion': 0, 'SDRF': 0, 'Inundation': 0, 'Hydrology': 0, 'Silt': 0, 'Siltation': 0, 'Bund': 0, 'Trench': 0, 'Breach': 0, 'Culvert': 0, 'Sluice': 0, 'Dyke': 0, 'Storm water drain': 0, 'Emergency': 0, 'Immediate': 0, 'IM': 0, 'AE': 0, 'A E': 0, 'AAPDA MITRA': 0, 'Bridge': 0, 'River': 0, 'Drain': 2, 'Restoration': 0, 'Protection': 0, 'irr': 0, 'irrigation': 0, 'dam': 0, 'Nallah': 0, 'nala': 0, 'Retrofitting': 0, 'Pond': 0, 'Pokhari': 0, 'D/C': 0, 'Recharge shaft': 0, 'LFB': 0, 'RFB': 0}","{'Floodlight': 0, 'Flood Light': 0, 'GAS': 0, 'FIFA': 0, 'pipe': 0, 'pipes': 0, 'covid': 0, 'supply': 0, 'Beautification': 0, 'Installation': 0}",,,False,True,Immediate Measures
104928,NIT03/2025-26/GR-01,"Under the Municipal Council Phulwari Sharif, in Shyam Rai Colony in Brahmapur, Ward No. 28, from the main road Brahmapur Bazar to Gayatri Niwas, east of Bharti Cement Store, underground drain and PCC road construction work.","Under the Municipal Council Phulwari Sharif, in Shyam Rai Colony in Brahmapur, Ward No. 28, from the main road Brahmapur Bazar to Gayatri Niwas, east of Bharti Cement Store, underground drain and PCC road construction work.",2171278.0,INR,INR,2025-07-08 06:22:41+00:00,2025-07-08T06:13:12.593000+00:00,2025-09-13T08:14:25+00:00,DEEPAK JHA,"EXECUTIVE OFFICER, PHULWARI NAGAR PARISHAD",Nagar Parishad Phulwari Sharif,"Chunauti Kuan, Phulwari Sharif, Patna",DEEPAK JHA,"EXECUTIVE OFFICER, PHULWARI NAGAR PARISHAD",NAGAR PARISHAD PHULWARI SHARIF,43500.0,5000.0,590.0,True,"{'Flood': 0, 'Embankment': 0, 'embkt': 0, 'Relief': 0, 'Erosion': 0, 'SDRF': 0, 'Inundation': 0, 'Hydrology': 0, 'Silt': 0, 'Siltation': 0, 'Bund': 0, 'Trench': 0, 'Breach': 0, 'Culvert': 0, 'Sluice': 0, 'Dyke': 0, 'Storm water drain': 0, 'Emergency': 0, 'Immediate': 0, 'IM': 0, 'AE': 0, 'A E': 0, 'AAPDA MITRA': 0, 'Bridge': 0, 'River': 0, 'Drain': 2, 'Restoration': 0, 'Protection': 0, 'irr': 0, 'irrigation': 0, 'dam': 0, 'Nallah': 0, 'nala': 0, 'Retrofitting': 0, 'Pond': 0, 'Pokhari': 0, 'D/C': 0, 'Recharge shaft': 0, 'LFB': 0, 'RFB': 0}","{'Floodlight': 0, 'Flood Light': 0, 'GAS': 0, 'FIFA': 0, 'pipe': 0, 'pipes': 0, 'covid': 0, 'supply': 0, 'Beautification': 0, 'Installation': 0}",,,False,True,Immediate Measures
104924,NIT/06-2025-26/Gr No -10/Buidco Patna West,Construction of Drain in Moh Adal chak from Ramji Prasad house to river viaNageshwar prasad house in ward no 07 under NP Masaurhi.,Construction of Drain in Moh Adal chak from Ramji Prasad house to river viaNageshwar prasad house in ward no 07 under NP Masaurhi.,5144384.0,INR,INR,2025-07-08 05:26:41+00:00,2025-07-08T05:18:38.628000+00:00,2025-10-08T07:48:37+00:00,Vijay Kumar,Project Director BUIDCo Patna West Division,Bihar Urban Infrastructure Development Corporation Ltd.,"West Boring Canal Road, Rajapur Pul, Patna.",Vijay Kumar,Project Director BUIDCo Patna West Division,Bihar Urban Infrastructure Development Corporation Ltd.,102900.0,11800.0,590.0,True,"{'Flood': 0, 'Embankment': 0, 'embkt': 0, 'Relief': 0, 'Erosion': 0, 'SDRF': 0, 'Inundation': 0, 'Hydrology': 0, 'Silt': 0, 'Siltation': 0, 'Bund': 0, 'Trench': 0, 'Breach': 0, 'Culvert': 0, 'Sluice': 0, 'Dyke': 0, 'Storm water drain': 0, 'Emergency': 0, 'Immediate': 0, 'IM': 0, 'AE': 0, 'A E': 0, 'AAPDA MITRA': 0, 'Bridge': 0, 'River': 2, 'Drain': 2, 'Restoration': 0, 'Protection': 0, 'irr': 0, 'irrigation': 0, 'dam': 0, 'Nallah': 0, 'nala': 0, 'Retrofitting': 0, 'Pond': 0, 'Pokhari': 0, 'D/C': 0, 'Recharge shaft': 0, 'LFB': 0, 'RFB': 0}","{'Floodlight': 0, 'Flood Light': 0, 'GAS': 0, 'FIFA': 0, 'pipe': 0, 'pipes': 0, 'covid': 0, 'supply': 0, 'Beautification': 0, 'Installation': 0}",,,False,True,Immediate Measures
104934,NIT03/2025-26/GR-04,RCC drain and PCC road construction work from Ward No. 09 Sector 02 Meena Aapi's house to Minhaj Tailor under Nagar Parishad Phulwari Sharif.,RCC drain and PCC road construction work from Ward No. 09 Sector 02 Meena Aapi's house to Minhaj Tailor under Nagar Parishad Phulwari Sharif.,2016635.0,INR,INR,2025-07-08 06:37:28+00:00,2025-07-08T06:33:04.640000+00:00,2025-09-13T08:13:43+00:00,DEEPAK JHA,"EXECUTIVE OFFICER, PHULWARI NAGAR PARISHAD",Nagar Parishad Phulwari Sharif,"Chunauti Kuan, Phulwari Sharif, Patna",DEEPAK JHA,"EXECUTIVE OFFICER, PHULWARI NAGAR PARISHAD",NAGAR PARISHAD PHULWARI SHARIF,40400.0,5000.0,590.0,True,"{'Flood': 0, 'Embankment': 0, 'embkt': 0, 'Relief': 0, 'Erosion': 0, 'SDRF': 0, 'Inundation': 0, 'Hydrology': 0, 'Silt': 0, 'Siltation': 0, 'Bund': 0, 'Trench': 0, 'Breach': 0, 'Culvert': 0, 'Sluice': 0, 'Dyke': 0, 'Storm water drain': 0, 'Emergency': 0, 'Immediate': 0, 'IM': 0, 'AE': 0, 'A E': 0, 'AAPDA MITRA': 0, 'Bridge': 0, 'River': 0, 'Drain': 2, 'Restoration': 0, 'Protection': 0, 'irr': 0, 'irrigation': 0, 'dam': 0, 'Nallah': 0, 'nala': 0, 'Retrofitting': 0, 'Pond': 0, 'Pokhari': 0, 'D/C': 0, 'Recharge shaft': 0, 'LFB': 0, 'RFB': 0}","{'Floodlight': 0, 'Flood Light': 0, 'GAS': 0, 'FIFA': 0, 'pipe': 0, 'pipes': 0, 'covid': 0, 'supply': 0, 'Beautification': 0, 'Installation': 0}",,,False,True,Immediate Measures
104938,NIT03/2025-26/GR-06,Construction of RCC drain and PCC road renovation work from the house of Mo. Nanhu Ji to Ladle Ji's house via Reshma Ji's house in Sadar Colony of Ward No. 20 under Nagar Parishad Phulwari Sharif.,Construction of RCC drain and PCC road renovation work from the house of Mo. Nanhu Ji to Ladle Ji's house via Reshma Ji's house in Sadar Colony of Ward No. 20 under Nagar Parishad Phulwari Sharif.,1302783.0,INR,INR,2025-07-08 06:48:17+00:00,2025-07-08T06:41:04.477000+00:00,2025-09-13T08:15:09+00:00,DEEPAK JHA,"EXECUTIVE OFFICER, PHULWARI NAGAR PARISHAD",Nagar Parishad Phulwari Sharif,"Chunauti Kuan, Phulwari Sharif, Patna",DEEPAK JHA,"EXECUTIVE OFFICER, PHULWARI NAGAR PARISHAD",NAGAR PARISHAD PHULWARI SHARIF,26100.0,2500.0,590.0,True,"{'Flood': 0, 'Embankment': 0, 'embkt': 0, 'Relief': 0, 'Erosion': 0, 'SDRF': 0, 'Inundation': 0, 'Hydrology': 0, 'Silt': 0, 'Siltation': 0, 'Bund': 0, 'Trench': 0, 'Breach': 0, 'Culvert': 0, 'Sluice': 0, 'Dyke': 0, 'Storm water drain': 0, 'Emergency': 0, 'Immediate': 0, 'IM': 0, 'AE': 0, 'A E': 0, 'AAPDA MITRA': 0, 'Bridge': 0, 'River': 0, 'Drain': 2, 'Restoration': 0, 'Protection': 0, 'irr': 0, 'irrigation': 0, 'dam': 0, 'Nallah': 0, 'nala': 0, 'Retrofitting': 0, 'Pond': 0, 'Pokhari': 0, 'D/C': 0, 'Recharge shaft': 0, 'LFB': 0, 'RFB': 0}","{'Floodlight': 0, 'Flood Light': 0, 'GAS': 0, 'FIFA': 0, 'pipe': 0, 'pipes': 0, 'covid': 0, 'supply': 0, 'Beautification': 0, 'Installation': 0}",,,False,True,Immediate Measures
104936,NIT03/2025-26/GR-05,Construction work of RCC drain from Ashraf Bhai's house to Naushad Bhai's house in ward number-09 sector-02 under Nagar Parishad Phulwari Sharif.,Construction work of RCC drain from Ashraf Bhai's house to Naushad Bhai's house in ward number-09 sector-02 under Nagar Parishad Phulwari Sharif.,1065476.0,INR,INR,2025-07-08 06:40:25+00:00,2025-07-08T06:37:43.059000+00:00,2025-09-13T08:16:06+00:00,DEEPAK JHA,"EXECUTIVE OFFICER, PHULWARI NAGAR PARISHAD",Nagar Parishad Phulwari Sharif,"Chunauti Kuan, Phulwari Sharif, Patna",DEEPAK JHA,"EXECUTIVE OFFICER, PHULWARI NAGAR PARISHAD",NAGAR PARISHAD PHULWARI SHARIF,21400.0,2500.0,590.0,True,"{'Flood': 0, 'Embankment': 0, 'embkt': 0, 'Relief': 0, 'Erosion': 0, 'SDRF': 0, 'Inundation': 0, 'Hydrology': 0, 'Silt': 0, 'Siltation': 0, 'Bund': 0, 'Trench': 0, 'Breach': 0, 'Culvert': 0, 'Sluice': 0, 'Dyke': 0, 'Storm water drain': 0, 'Emergency': 0, 'Immediate': 0, 'IM': 0, 'AE': 0, 'A E': 0, 'AAPDA MITRA': 0, 'Bridge': 0, 'River': 0, 'Drain': 2, 'Restoration': 0, 'Protection': 0, 'irr': 0, 'irrigation': 0, 'dam': 0, 'Nallah': 0, 'nala': 0, 'Retrofitting': 0, 'Pond': 0, 'Pokhari': 0, 'D/C': 0, 'Recharge shaft': 0, 'LFB': 0, 'RFB': 0}","{'Floodlight': 0, 'Flood Light': 0, 'GAS': 0, 'FIFA': 0, 'pipe': 0, 'pipes': 0, 'covid': 0, 'supply': 0, 'Beautification': 0, 'Installation': 0}",,,False,True,Immediate Measures
104929,NIT No. 02/2024-25/Gr.-01,Construction of Drain from balika High School Mahnar to Sukhalahi Pokhar at Nagar Parishad Mahnar.,Construction of Drain from balika High School Mahnar to Sukhalahi Pokhar at Nagar Parishad Mahnar.,16719706.0,INR,INR,2025-07-08 06:27:20+00:00,2025-07-08T06:19:42.378000+00:00,2025-08-20T11:55:40+00:00,EXECUTIVE OFFICER MAHNAR,EO MAHNAR,NAGAR PARISHAD MAHNAR,MAHNAR BAZAR WARD 05 NEAR JAMA MASJID,EXECUTIVE OFFICER MAHNAR,EO MAHNAR,NAGAR PARISHAD MAHNAR,334400.0,10000.0,3540.0,True,"{'Flood': 0, 'Embankment': 0, 'embkt': 0, 'Relief': 0, 'Erosion': 0, 'SDRF': 0, 'Inundation': 0, 'Hydrology': 0, 'Silt': 0, 'Siltation': 0, 'Bund': 0, 'Trench': 0, 'Breach': 0, 'Culvert': 0, 'Sluice': 0, 'Dyke': 0, 'Storm water drain': 0, 'Emergency': 0, 'Immediate': 0, 'IM': 0, 'AE': 0, 'A E': 0, 'AAPDA MITRA': 0, 'Bridge': 0, 'River': 0, 'Drain': 2, 'Restoration': 0, 'Protection': 0, 'irr': 0, 'irrigation': 0, 'dam': 0, 'Nallah': 0, 'nala': 0, 'Retrofitting': 0, 'Pond': 0, 'Pokhari': 0, 'D/C': 0, 'Recharge shaft': 0, 'LFB': 0, 'RFB': 0}","{'Floodlight': 0, 'Flood Light': 0, 'GAS': 0, 'FIFA': 0, 'pipe': 0, 'pipes': 0, 'covid': 0, 'supply': 0, 'Beautification': 0, 'Installation': 0}",,,False,True,Immediate Measures
104935,NIT/07-2025-26/Gr No -02/Buidco Patna West,Construction of drain and pcc road in moh Adalchak from main road to uday Prasad House anddevi sthan to  west side of Arjun Prasad House in ward no 07 under NP NP Masaurhi.(financial year 2025-2026),Construction of drain and pcc road in moh Adalchak from main road to uday Prasad House anddevi sthan to  west side of Arjun Prasad House in ward no 07 under NP NP Masaurhi.(financial year 2025-2026),2245331.0,INR,INR,2025-07-08 06:42:09+00:00,2025-07-08T06:34:53.673000+00:00,2025-07-15T10:25:57+00:00,Vijay Kumar,Project Director BUIDCo Patna West Division,Bihar Urban Infrastructure Development Corporation Ltd.,"West Boring Canal Road, Rajapur Pul, Patna.",Vijay Kumar,Project Director BUIDCo Patna West Division,Bihar Urban Infrastructure Development Corporation Ltd.,45000.0,11800.0,590.0,True,"{'Flood': 0, 'Embankment': 0, 'embkt': 0, 'Relief': 0, 'Erosion': 0, 'SDRF': 0, 'Inundation': 0, 'Hydrology': 0, 'Silt': 0, 'Siltation': 0, 'Bund': 0, 'Trench': 0, 'Breach': 0, 'Culvert': 0, 'Sluice': 0, 'Dyke': 0, 'Storm water drain': 0, 'Emergency': 0, 'Immediate': 0, 'IM': 0, 'AE': 0, 'A E': 0, 'AAPDA MITRA': 0, 'Bridge': 0, 'River': 0, 'Drain': 2, 'Restoration': 0, 'Protection': 0, 'irr': 0, 'irrigation': 0, 'dam': 0, 'Nallah': 0, 'nala': 0, 'Retrofitting': 0, 'Pond': 0, 'Pokhari': 0, 'D/C': 0, 'Recharge shaft': 0, 'LFB': 0, 'RFB': 0}","{'Floodlight': 0, 'Flood Light': 0, 'GAS': 0, 'FIFA': 0, 'pipe': 0, 'pipes': 0, 'covid': 0, 'supply': 0, 'Beautification': 0, 'Installation': 0}",,,False,True,Immediate Measures
104930,SBD NIT-02/MUZAFFARPUR /BCD/2025-26 (GROUP-05),CONSTRUCTION OF ONE NO. PANCHAYAT SARKAR BHAWAN (LASHKARIPUR PANCHAYAT) FLOOD AFFEDCTED AT KANTI BLOCK IN MUZAFFARPUR DISTRICT  FOR THE YEAR - 2025-26. (ELECTRIFICATION INCLUDED),CONSTRUCTION OF ONE NO. PANCHAYAT SARKAR BHAWAN (LASHKARIPUR PANCHAYAT) FLOOD AFFEDCTED AT KANTI BLOCK IN MUZAFFARPUR DISTRICT  FOR THE YEAR - 2025-26. (ELECTRIFICATION INCLUDED),27934221.0,INR,INR,2025-07-08 07:15:42+00:00,2025-07-08T06:20:20.422000+00:00,2025-08-06T08:54:50+00:00,EXECUTIVE ENGINEER BUILDING DIVISION MUZAFFARPUR,EXECUTIVE ENGINEER,BUILDING DIVISION MUZAFFARPUR,BUILDING DIVISION MUZAFFARPUR COMBINED BUILDING MUZAFFARPUR,"Superintending Engineer, Building Circle Muzaffarpur",SE,Building Circle Muzaffarpur,558700.0,10000.0,3540.0,True,"{'Flood': 2, 'Embankment': 0, 'embkt': 0, 'Relief': 0, 'Erosion': 0, 'SDRF': 0, 'Inundation': 0, 'Hydrology': 0, 'Silt': 0, 'Siltation': 0, 'Bund': 0, 'Trench': 0, 'Breach': 0, 'Culvert': 0, 'Sluice': 0, 'Dyke': 0, 'Storm water drain': 0, 'Emergency': 0, 'Immediate': 0, 'IM': 0, 'AE': 0, 'A E': 0, 'AAPDA MITRA': 0, 'Bridge': 0, 'River': 0, 'Drain': 0, 'Restoration': 0, 'Protection': 0, 'irr': 0, 'irrigation': 0, 'dam': 0, 'Nallah': 0, 'nala': 0, 'Retrofitting': 0, 'Pond': 0, 'Pokhari': 0, 'D/C': 0, 'Recharge shaft': 0, 'LFB': 0, 'RFB': 0}","{'Floodlight': 0, 'Flood Light': 0, 'GAS': 0, 'FIFA': 0, 'pipe': 0, 'pipes': 0, 'covid': 0, 'supply': 0, 'Beautification': 0, 'Installation': 0}",,,False,False,Immediate Measures
104951,KTR/NIT-04/2025-26-GR-06,Construction of paver block road and drain with cover from the house of Ramnath Prasad to the house of Triveni prasad in ward no-16 at katihar,Construction of paver block road and drain with cover from the house of Ramnath Prasad to the house of Triveni prasad in ward no-16 at katihar,231592.0,INR,INR,2025-07-08 09:15:34+00:00,2025-07-08T09:05:37.412000+00:00,2025-07-15T09:31:00+00:00,"MUNICIPAL COMMISSIONER, KATIHAR",MCO,NAGAR NIGAM KATIHAR,SHAHID CHOWK KATIHAR,"MUNICIPAL COMMISSIONER, KATIHAR",MUNICIPAL COMMISSIONER,NAGAR NIGAM KATIHAR,4700.0,750.0,590.0,True,"{'Flood': 0, 'Embankment': 0, 'embkt': 0, 'Relief': 0, 'Erosion': 0, 'SDRF': 0, 'Inundation': 0, 'Hydrology': 0, 'Silt': 0, 'Siltation': 0, 'Bund': 0, 'Trench': 0, 'Breach': 0, 'Culvert': 0, 'Sluice': 0, 'Dyke': 0, 'Storm water drain': 0, 'Emergency': 0, 'Immediate': 0, 'IM': 0, 'AE': 0, 'A E': 0, 'AAPDA MITRA': 0, 'Bridge': 0, 'River': 0, 'Drain': 2, 'Restoration': 0, 'Protection': 0, 'irr': 0, 'irrigation': 0, 'dam': 0, 'Nallah': 0, 'nala': 0, 'Retrofitting': 0, 'Pond': 0, 'Pokhari': 0, 'D/C': 0, 'Recharge shaft': 0, 'LFB': 0, 'RFB': 0}","{'Floodlight': 0, 'Flood Light': 0, 'GAS': 0, 'FIFA': 0, 'pipe': 0, 'pipes': 0, 'covid': 0, 'supply': 0, 'Beautification': 0, 'Installation': 0}",,,False,True,Immediate Measures
104949,KTR/NIT-04/2025-26-GR-04,"Construction of Edge Soling and RCC Drain from house of Shamshul Miya to Mumhayee Yadav via house of Bhola Ansari, Makbul, Dukha Yadav  house in Ward No.-10,Katihar","Construction of Edge Soling and RCC Drain from house of Shamshul Miya to Mumhayee Yadav via house of Bhola Ansari, Makbul, Dukha Yadav  house in Ward No.-10,Katihar",1934353.0,INR,INR,2025-07-08 08:56:11+00:00,2025-07-08T08:51:05.616000+00:00,2025-07-22T07:54:33+00:00,"MUNICIPAL COMMISSIONER, KATIHAR",MCO,NAGAR NIGAM KATIHAR,SHAHID CHOWK KATIHAR,"MUNICIPAL COMMISSIONER, KATIHAR",MUNICIPAL COMMISSIONER,NAGAR NIGAM KATIHAR,38700.0,5000.0,590.0,True,"{'Flood': 0, 'Embankment': 0, 'embkt': 0, 'Relief': 0, 'Erosion': 0, 'SDRF': 0, 'Inundation': 0, 'Hydrology': 0, 'Silt': 0, 'Siltation': 0, 'Bund': 0, 'Trench': 0, 'Breach': 0, 'Culvert': 0, 'Sluice': 0, 'Dyke': 0, 'Storm water drain': 0, 'Emergency': 0, 'Immediate': 0, 'IM': 0, 'AE': 0, 'A E': 0, 'AAPDA MITRA': 0, 'Bridge': 0, 'River': 0, 'Drain': 2, 'Restoration': 0, 'Protection': 0, 'irr': 0, 'irrigation': 0, 'dam': 0, 'Nallah': 0, 'nala': 0, 'Retrofitting': 0, 'Pond': 0, 'Pokhari': 0, 'D/C': 0, 'Recharge shaft': 0, 'LFB': 0, 'RFB': 0}","{'Floodlight': 0, 'Flood Light': 0, 'GAS': 0, 'FIFA': 0, 'pipe': 0, 'pipes': 0, 'covid': 0, 'supply': 0, 'Beautification': 0, 'Installation': 0}",,,False,True,Immediate Measures
104953,KTR/NIT-04/2025-26-GR-07,Construction of paver block road and drain with cover from the house of Suresh Paswan to house of Urmila devi via the house of Ajay prasad  in ward no-16 at katihar,Construction of paver block road and drain with cover from the house of Suresh Paswan to house of Urmila devi via the house of Ajay prasad  in ward no-16 at katihar,270318.0,INR,INR,2025-07-08 09:20:50+00:00,2025-07-08T09:16:00.703000+00:00,2025-07-15T09:31:00+00:00,"MUNICIPAL COMMISSIONER, KATIHAR",MCO,NAGAR NIGAM KATIHAR,SHAHID CHOWK KATIHAR,"MUNICIPAL COMMISSIONER, KATIHAR",MUNICIPAL COMMISSIONER,NAGAR NIGAM KATIHAR,5500.0,750.0,590.0,True,"{'Flood': 0, 'Embankment': 0, 'embkt': 0, 'Relief': 0, 'Erosion': 0, 'SDRF': 0, 'Inundation': 0, 'Hydrology': 0, 'Silt': 0, 'Siltation': 0, 'Bund': 0, 'Trench': 0, 'Breach': 0, 'Culvert': 0, 'Sluice': 0, 'Dyke': 0, 'Storm water drain': 0, 'Emergency': 0, 'Immediate': 0, 'IM': 0, 'AE': 0, 'A E': 0, 'AAPDA MITRA': 0, 'Bridge': 0, 'River': 0, 'Drain': 2, 'Restoration': 0, 'Protection': 0, 'irr': 0, 'irrigation': 0, 'dam': 0, 'Nallah': 0, 'nala': 0, 'Retrofitting': 0, 'Pond': 0, 'Pokhari': 0, 'D/C': 0, 'Recharge shaft': 0, 'LFB': 0, 'RFB': 0}","{'Floodlight': 0, 'Flood Light': 0, 'GAS': 0, 'FIFA': 0, 'pipe': 0, 'pipes': 0, 'covid': 0, 'supply': 0, 'Beautification': 0, 'Installation': 0}",,,False,True,Immediate Measures
104950,KTR/NIT-04/2025-26-GR-05,"Construction of Edge Soling and RCC Nala from Rajjak Ansari house to Sajjad Pan wala via house of Tuntun Poddar in Ward No.-10,Katihar","Construction of Edge Soling and RCC Nala from Rajjak Ansari house to Sajjad Pan wala via house of Tuntun Poddar in Ward No.-10,Katihar",1193077.0,INR,INR,2025-07-08 09:05:21+00:00,2025-07-08T08:56:38.629000+00:00,2025-07-28T05:58:29+00:00,"MUNICIPAL COMMISSIONER, KATIHAR",MCO,NAGAR NIGAM KATIHAR,SHAHID CHOWK KATIHAR,"MUNICIPAL COMMISSIONER, KATIHAR",MUNICIPAL COMMISSIONER,NAGAR NIGAM KATIHAR,23900.0,2500.0,590.0,True,"{'Flood': 0, 'Embankment': 0, 'embkt': 0, 'Relief': 0, 'Erosion': 0, 'SDRF': 0, 'Inundation': 0, 'Hydrology': 0, 'Silt': 0, 'Siltation': 0, 'Bund': 0, 'Trench': 0, 'Breach': 0, 'Culvert': 0, 'Sluice': 0, 'Dyke': 0, 'Storm water drain': 0, 'Emergency': 0, 'Immediate': 0, 'IM': 0, 'AE': 0, 'A E': 0, 'AAPDA MITRA': 0, 'Bridge': 0, 'River': 0, 'Drain': 0, 'Restoration': 0, 'Protection': 0, 'irr': 0, 'irrigation': 0, 'dam': 0, 'Nallah': 0, 'nala': 2, 'Retrofitting': 0, 'Pond': 0, 'Pokhari': 0, 'D/C': 0, 'Recharge shaft': 0, 'LFB': 0, 'RFB': 0}","{'Floodlight': 0, 'Flood Light': 0, 'GAS': 0, 'FIFA': 0, 'pipe': 0, 'pipes': 0, 'covid': 0, 'supply': 0, 'Beautification': 0, 'Installation': 0}",,,False,False,Immediate Measures
104955,KTR/NIT-04/2025-26-GR-09,Construction of paver block road and drain with cover from the house of Anand dutta to the house of Jaishankar pathak via the house of Shailendra kumar Roy  w.no.-21 Under nagar nigam Katihar.,Construction of paver block road and drain with cover from the house of Anand dutta to the house of Jaishankar pathak via the house of Shailendra kumar Roy  w.no.-21 Under nagar nigam Katihar.,950700.0,INR,INR,2025-07-08 09:39:28+00:00,2025-07-08T09:33:05.347000+00:00,2025-07-22T08:11:31+00:00,"MUNICIPAL COMMISSIONER, KATIHAR",MCO,NAGAR NIGAM KATIHAR,SHAHID CHOWK KATIHAR,"MUNICIPAL COMMISSIONER, KATIHAR",MUNICIPAL COMMISSIONER,NAGAR NIGAM KATIHAR,19100.0,1250.0,590.0,True,"{'Flood': 0, 'Embankment': 0, 'embkt': 0, 'Relief': 0, 'Erosion': 0, 'SDRF': 0, 'Inundation': 0, 'Hydrology': 0, 'Silt': 0, 'Siltation': 0, 'Bund': 0, 'Trench': 0, 'Breach': 0, 'Culvert': 0, 'Sluice': 0, 'Dyke': 0, 'Storm water drain': 0, 'Emergency': 0, 'Immediate': 0, 'IM': 0, 'AE': 0, 'A E': 0, 'AAPDA MITRA': 0, 'Bridge': 0, 'River': 0, 'Drain': 2, 'Restoration': 0, 'Protection': 0, 'irr': 0, 'irrigation': 0, 'dam': 0, 'Nallah': 0, 'nala': 0, 'Retrofitting': 0, 'Pond': 0, 'Pokhari': 0, 'D/C': 0, 'Recharge shaft': 0, 'LFB': 0, 'RFB': 0}","{'Floodlight': 0, 'Flood Light': 0, 'GAS': 0, 'FIFA': 0, 'pipe': 0, 'pipes': 0, 'covid': 0, 'supply': 0, 'Beautification': 0, 'Installation': 0}",,,False,True,Immediate Measures
104958,KTR/NIT-04/2025-26-GR-11,Construction of paver block road and drain with cover from the house of Deepak sinha to the house of Kalu yadav  construction of earth filling and brick on edge soling road from the house of Sanjay Gupta to the house of Naresh Rajak in baigna w.no.-22 Under nagar nigam Katihar.,Construction of paver block road and drain with cover from the house of Deepak sinha to the house of Kalu yadav  construction of earth filling and brick on edge soling road from the house of Sanjay Gupta to the house of Naresh Rajak in baigna w.no.-22 Under nagar nigam Katihar.,2498354.0,INR,INR,2025-07-08 09:52:30+00:00,2025-07-08T09:47:42.445000+00:00,2025-07-22T08:23:11+00:00,"MUNICIPAL COMMISSIONER, KATIHAR",MCO,NAGAR NIGAM KATIHAR,SHAHID CHOWK KATIHAR,"MUNICIPAL COMMISSIONER, KATIHAR",MUNICIPAL COMMISSIONER,NAGAR NIGAM KATIHAR,50000.0,5000.0,590.0,True,"{'Flood': 0, 'Embankment': 0, 'embkt': 0, 'Relief': 0, 'Erosion': 0, 'SDRF': 0, 'Inundation': 0, 'Hydrology': 0, 'Silt': 0, 'Siltation': 0, 'Bund': 0, 'Trench': 0, 'Breach': 0, 'Culvert': 0, 'Sluice': 0, 'Dyke': 0, 'Storm water drain': 0, 'Emergency': 0, 'Immediate': 0, 'IM': 0, 'AE': 0, 'A E': 0, 'AAPDA MITRA': 0, 'Bridge': 0, 'River': 0, 'Drain': 2, 'Restoration': 0, 'Protection': 0, 'irr': 0, 'irrigation': 0, 'dam': 0, 'Nallah': 0, 'nala': 0, 'Retrofitting': 0, 'Pond': 0, 'Pokhari': 0, 'D/C': 0, 'Recharge shaft': 0, 'LFB': 0, 'RFB': 0}","{'Floodlight': 0, 'Flood Light': 0, 'GAS': 0, 'FIFA': 0, 'pipe': 0, 'pipes': 0, 'covid': 0, 'supply': 0, 'Beautification': 0, 'Installation': 0}",,,False,True,Immediate Measures
104954,KTR/NIT-04/2025-26-GR-08,Construction of paver block road and drain with cover from the house of kishor kumar to the house of bachu da  w.no.-19 Under nagar nigam Katihar.,Construction of paver block road and drain with cover from the house of kishor kumar to the house of bachu da  w.no.-19 Under nagar nigam Katihar.,1255365.0,INR,INR,2025-07-08 09:32:43+00:00,2025-07-08T09:21:33.554000+00:00,2025-07-22T08:08:11+00:00,"MUNICIPAL COMMISSIONER, KATIHAR",MCO,NAGAR NIGAM KATIHAR,SHAHID CHOWK KATIHAR,"MUNICIPAL COMMISSIONER, KATIHAR",MUNICIPAL COMMISSIONER,NAGAR NIGAM KATIHAR,25200.0,2500.0,590.0,True,"{'Flood': 0, 'Embankment': 0, 'embkt': 0, 'Relief': 0, 'Erosion': 0, 'SDRF': 0, 'Inundation': 0, 'Hydrology': 0, 'Silt': 0, 'Siltation': 0, 'Bund': 0, 'Trench': 0, 'Breach': 0, 'Culvert': 0, 'Sluice': 0, 'Dyke': 0, 'Storm water drain': 0, 'Emergency': 0, 'Immediate': 0, 'IM': 0, 'AE': 0, 'A E': 0, 'AAPDA MITRA': 0, 'Bridge': 0, 'River': 0, 'Drain': 2, 'Restoration': 0, 'Protection': 0, 'irr': 0, 'irrigation': 0, 'dam': 0, 'Nallah': 0, 'nala': 0, 'Retrofitting': 0, 'Pond': 0, 'Pokhari': 0, 'D/C': 0, 'Recharge shaft': 0, 'LFB': 0, 'RFB': 0}","{'Floodlight': 0, 'Flood Light': 0, 'GAS': 0, 'FIFA': 0, 'pipe': 0, 'pipes': 0, 'covid': 0, 'supply': 0, 'Beautification': 0, 'Installation': 0}",,,False,True,Immediate Measures
104959,KTR/NIT-04/2025-26-GR-12,Construction of paver block road and drain with cover from the house of Binay kr singh to the house of  Raja ranjan  construction of paver road and upgrade drain with cover from the house of dr Suman to the house of Kishor gupta construction of paver road and drain with cover from Kameshwar choudhary to the house of Bindeshwary choudhary and  construction of paver road from Jitendra sah to the house of Sanjay yadav in ward no-22 at katihar,Construction of paver block road and drain with cover from the house of Binay kr singh to the house of  Raja ranjan  construction of paver road and upgrade drain with cover from the house of dr Suman to the house of Kishor gupta construction of paver road and drain with cover from Kameshwar choudhary to the house of Bindeshwary choudhary and  construction of paver road from Jitendra sah to the house of Sanjay yadav in ward no-22 at katihar,2060700.0,INR,INR,2025-07-08 09:58:13+00:00,2025-07-08T09:52:45.977000+00:00,2025-07-22T08:29:53+00:00,"MUNICIPAL COMMISSIONER, KATIHAR",MCO,NAGAR NIGAM KATIHAR,SHAHID CHOWK KATIHAR,"MUNICIPAL COMMISSIONER, KATIHAR",MUNICIPAL COMMISSIONER,NAGAR NIGAM KATIHAR,41300.0,5000.0,590.0,True,"{'Flood': 0, 'Embankment': 0, 'embkt': 0, 'Relief': 0, 'Erosion': 0, 'SDRF': 0, 'Inundation': 0, 'Hydrology': 0, 'Silt': 0, 'Siltation': 0, 'Bund': 0, 'Trench': 0, 'Breach': 0, 'Culvert': 0, 'Sluice': 0, 'Dyke': 0, 'Storm water drain': 0, 'Emergency': 0, 'Immediate': 0, 'IM': 0, 'AE': 0, 'A E': 0, 'AAPDA MITRA': 0, 'Bridge': 0, 'River': 0, 'Drain': 6, 'Restoration': 0, 'Protection': 0, 'irr': 0, 'irrigation': 0, 'dam': 0, 'Nallah': 0, 'nala': 0, 'Retrofitting': 0, 'Pond': 0, 'Pokhari': 0, 'D/C': 0, 'Recharge shaft': 0, 'LFB': 0, 'RFB': 0}","{'Floodlight': 0, 'Flood Light': 0, 'GAS': 0, 'FIFA': 0, 'pipe': 0, 'pipes': 0, 'covid': 0, 'supply': 0, 'Beautification': 0, 'Installation': 0}",,,False,True,Immediate Measures
104957,KTR/NIT-04/2025-26-GR-10,Construction of paver block road and drain with cover from the house of ssubroto chakravarti to the house of pallav kanti vishwash(02 no colony) and  construction of paver block road and drain with cover from the house of shyamal majundar to the house of sri dham mandal (vivekanand colony) in ward no-21 at katihar,Construction of paver block road and drain with cover from the house of ssubroto chakravarti to the house of pallav kanti vishwash(02 no colony) and  construction of paver block road and drain with cover from the house of shyamal majundar to the house of sri dham mandal (vivekanand colony) in ward no-21 at katihar,1956875.0,INR,INR,2025-07-08 09:47:05+00:00,2025-07-08T09:39:56.444000+00:00,2025-07-22T08:14:47+00:00,"MUNICIPAL COMMISSIONER, KATIHAR",MCO,NAGAR NIGAM KATIHAR,SHAHID CHOWK KATIHAR,"MUNICIPAL COMMISSIONER, KATIHAR",MUNICIPAL COMMISSIONER,NAGAR NIGAM KATIHAR,39200.0,5000.0,590.0,True,"{'Flood': 0, 'Embankment': 0, 'embkt': 0, 'Relief': 0, 'Erosion': 0, 'SDRF': 0, 'Inundation': 0, 'Hydrology': 0, 'Silt': 0, 'Siltation': 0, 'Bund': 0, 'Trench': 0, 'Breach': 0, 'Culvert': 0, 'Sluice': 0, 'Dyke': 0, 'Storm water drain': 0, 'Emergency': 0, 'Immediate': 0, 'IM': 0, 'AE': 0, 'A E': 0, 'AAPDA MITRA': 0, 'Bridge': 0, 'River': 0, 'Drain': 4, 'Restoration': 0, 'Protection': 0, 'irr': 0, 'irrigation': 0, 'dam': 0, 'Nallah': 0, 'nala': 0, 'Retrofitting': 0, 'Pond': 0, 'Pokhari': 0, 'D/C': 0, 'Recharge shaft': 0, 'LFB': 0, 'RFB': 0}","{'Floodlight': 0, 'Flood Light': 0, 'GAS': 0, 'FIFA': 0, 'pipe': 0, 'pipes': 0, 'covid': 0, 'supply': 0, 'Beautification': 0, 'Installation': 0}",,,False,True,Immediate Measures
104972,KTR/NIT-04/2025-26-GR-22,"Construction of  RCC Drain Mahant nagar from Shiromani house to Kapoor Singh via house of Ajay Singh in  Ward No.-09,Katihar","Construction of  RCC Drain Mahant nagar from Shiromani house to Kapoor Singh via house of Ajay Singh in  Ward No.-09,Katihar",1946861.0,INR,INR,2025-07-08 10:51:12+00:00,2025-07-08T10:46:15.001000+00:00,2025-07-25T11:17:00+00:00,"MUNICIPAL COMMISSIONER, KATIHAR",MCO,NAGAR NIGAM KATIHAR,SHAHID CHOWK KATIHAR,"MUNICIPAL COMMISSIONER, KATIHAR",MUNICIPAL COMMISSIONER,NAGAR NIGAM KATIHAR,39000.0,5000.0,590.0,True,"{'Flood': 0, 'Embankment': 0, 'embkt': 0, 'Relief': 0, 'Erosion': 0, 'SDRF': 0, 'Inundation': 0, 'Hydrology': 0, 'Silt': 0, 'Siltation': 0, 'Bund': 0, 'Trench': 0, 'Breach': 0, 'Culvert': 0, 'Sluice': 0, 'Dyke': 0, 'Storm water drain': 0, 'Emergency': 0, 'Immediate': 0, 'IM': 0, 'AE': 0, 'A E': 0, 'AAPDA MITRA': 0, 'Bridge': 0, 'River': 0, 'Drain': 2, 'Restoration': 0, 'Protection': 0, 'irr': 0, 'irrigation': 0, 'dam': 0, 'Nallah': 0, 'nala': 0, 'Retrofitting': 0, 'Pond': 0, 'Pokhari': 0, 'D/C': 0, 'Recharge shaft': 0, 'LFB': 0, 'RFB': 0}","{'Floodlight': 0, 'Flood Light': 0, 'GAS': 0, 'FIFA': 0, 'pipe': 0, 'pipes': 0, 'covid': 0, 'supply': 0, 'Beautification': 0, 'Installation': 0}",,,False,True,Immediate Measures
104970,KTR/NIT-04/2025-26-GR-21,"Construction of  RCC Drain from Don Bosko School to house of Naveen Singh via house of Rameshwar Sah in  Ward No.-09,Katihar","Construction of  RCC Drain from Don Bosko School to house of Naveen Singh via house of Rameshwar Sah in  Ward No.-09,Katihar",2543802.0,INR,INR,2025-07-08 10:45:10+00:00,2025-07-08T10:41:02.371000+00:00,2025-07-25T11:03:20+00:00,"MUNICIPAL COMMISSIONER, KATIHAR",MCO,NAGAR NIGAM KATIHAR,SHAHID CHOWK KATIHAR,"MUNICIPAL COMMISSIONER, KATIHAR",MUNICIPAL COMMISSIONER,NAGAR NIGAM KATIHAR,50900.0,5000.0,590.0,True,"{'Flood': 0, 'Embankment': 0, 'embkt': 0, 'Relief': 0, 'Erosion': 0, 'SDRF': 0, 'Inundation': 0, 'Hydrology': 0, 'Silt': 0, 'Siltation': 0, 'Bund': 0, 'Trench': 0, 'Breach': 0, 'Culvert': 0, 'Sluice': 0, 'Dyke': 0, 'Storm water drain': 0, 'Emergency': 0, 'Immediate': 0, 'IM': 0, 'AE': 0, 'A E': 0, 'AAPDA MITRA': 0, 'Bridge': 0, 'River': 0, 'Drain': 2, 'Restoration': 0, 'Protection': 0, 'irr': 0, 'irrigation': 0, 'dam': 0, 'Nallah': 0, 'nala': 0, 'Retrofitting': 0, 'Pond': 0, 'Pokhari': 0, 'D/C': 0, 'Recharge shaft': 0, 'LFB': 0, 'RFB': 0}","{'Floodlight': 0, 'Flood Light': 0, 'GAS': 0, 'FIFA': 0, 'pipe': 0, 'pipes': 0, 'covid': 0, 'supply': 0, 'Beautification': 0, 'Installation': 0}",,,False,True,Immediate Measures
104963,NPE-NIT-01-2025-26-GR-01,"Construction of Drain, soil filling, brick soling and PCC casting work from Jagdari pond to Yasi river and from Sirchan Prasad house to Yasi river in village Dhanhar of ward no. 7 of Nagar Panchayat Ekangarasarai.","Construction of Drain, soil filling, brick soling and PCC casting work from Jagdari pond to Yasi river and from Sirchan Prasad house to Yasi river in village Dhanhar of ward no. 7 of Nagar Panchayat Ekangarasarai.",8455290.0,INR,INR,2025-07-08 10:54:22+00:00,2025-07-08T10:13:09.148000+00:00,2025-07-23T11:18:26+00:00,"PRANAV KUMAR, (EXECUTIVE OFFICER),  EKANGARSARAI",EO,EKANGARSARAI NAGAR PANCHAYAT,PANCHAYAT SARKAR BHAWAN CHHOTKI DHAWA,"PRANAV KUMAR, (EXECUTIVE OFFICER), EKANGARSARAI",EO,EKANGARSARAI NAGAR PANCHAYAT,169200.0,10000.0,3540.0,True,"{'Flood': 0, 'Embankment': 0, 'embkt': 0, 'Relief': 0, 'Erosion': 0, 'SDRF': 0, 'Inundation': 0, 'Hydrology': 0, 'Silt': 0, 'Siltation': 0, 'Bund': 0, 'Trench': 0, 'Breach': 0, 'Culvert': 0, 'Sluice': 0, 'Dyke': 0, 'Storm water drain': 0, 'Emergency': 0, 'Immediate': 0, 'IM': 0, 'AE': 0, 'A E': 0, 'AAPDA MITRA': 0, 'Bridge': 0, 'River': 4, 'Drain': 2, 'Restoration': 0, 'Protection': 0, 'irr': 0, 'irrigation': 0, 'dam': 0, 'Nallah': 0, 'nala': 0, 'Retrofitting': 0, 'Pond': 2, 'Pokhari': 0, 'D/C': 0, 'Recharge shaft': 0, 'LFB': 0, 'RFB': 0}","{'Floodlight': 0, 'Flood Light': 0, 'GAS': 0, 'FIFA': 0, 'pipe': 0, 'pipes': 0, 'covid': 0, 'supply': 0, 'Beautification': 0, 'Installation': 0}",,,False,True,Immediate Measures
104978,NPE-NIT-01-2025-26-GR-03,Construction of Road repair and drain from near Kali Sthan to Jehanabad NH main road in Islampur Ekangarasarai Road of Nagar Panchayat Ekangarasarai.,Construction of Road repair and drain from near Kali Sthan to Jehanabad NH main road in Islampur Ekangarasarai Road of Nagar Panchayat Ekangarasarai.,8554082.0,INR,INR,2025-07-08 11:16:22+00:00,2025-07-08T11:04:16.253000+00:00,2025-07-23T11:19:09+00:00,"PRANAV KUMAR, (EXECUTIVE OFFICER),  EKANGARSARAI",EO,EKANGARSARAI NAGAR PANCHAYAT,PANCHAYAT SARKAR BHAWAN CHHOTKI DHAWA,"PRANAV KUMAR, (EXECUTIVE OFFICER), EKANGARSARAI",EO,EKANGARSARAI NAGAR PANCHAYAT,171100.0,10000.0,3540.0,True,"{'Flood': 0, 'Embankment': 0, 'embkt': 0, 'Relief': 0, 'Erosion': 0, 'SDRF': 0, 'Inundation': 0, 'Hydrology': 0, 'Silt': 0, 'Siltation': 0, 'Bund': 0, 'Trench': 0, 'Breach': 0, 'Culvert': 0, 'Sluice': 0, 'Dyke': 0, 'Storm water drain': 0, 'Emergency': 0, 'Immediate': 0, 'IM': 0, 'AE': 0, 'A E': 0, 'AAPDA MITRA': 0, 'Bridge': 0, 'River': 0, 'Drain': 2, 'Restoration': 0, 'Protection': 0, 'irr': 0, 'irrigation': 0, 'dam': 0, 'Nallah': 0, 'nala': 0, 'Retrofitting': 0, 'Pond': 0, 'Pokhari': 0, 'D/C': 0, 'Recharge shaft': 0, 'LFB': 0, 'RFB': 0}","{'Floodlight': 0, 'Flood Light': 0, 'GAS': 0, 'FIFA': 0, 'pipe': 0, 'pipes': 0, 'covid': 0, 'supply': 0, 'Beautification': 0, 'Installation': 0}",,,False,True,Immediate Measures
104960,KTR/NIT-04/2025-26-GR-13,construction of rcc drain and paver block road from prabhu yadav house to Radha prasad house  in ward. no. 25  at katihar.,construction of rcc drain and paver block road from prabhu yadav house to Radha prasad house  in ward. no. 25  at katihar.,402337.0,INR,INR,2025-07-08 10:04:41+00:00,2025-07-08T09:59:12.017000+00:00,2025-07-22T08:30:49+00:00,"MUNICIPAL COMMISSIONER, KATIHAR",MCO,NAGAR NIGAM KATIHAR,SHAHID CHOWK KATIHAR,"MUNICIPAL COMMISSIONER, KATIHAR",MUNICIPAL COMMISSIONER,NAGAR NIGAM KATIHAR,8100.0,750.0,590.0,True,"{'Flood': 0, 'Embankment': 0, 'embkt': 0, 'Relief': 0, 'Erosion': 0, 'SDRF': 0, 'Inundation': 0, 'Hydrology': 0, 'Silt': 0, 'Siltation': 0, 'Bund': 0, 'Trench': 0, 'Breach': 0, 'Culvert': 0, 'Sluice': 0, 'Dyke': 0, 'Storm water drain': 0, 'Emergency': 0, 'Immediate': 0, 'IM': 0, 'AE': 0, 'A E': 0, 'AAPDA MITRA': 0, 'Bridge': 0, 'River': 0, 'Drain': 2, 'Restoration': 0, 'Protection': 0, 'irr': 0, 'irrigation': 0, 'dam': 0, 'Nallah': 0, 'nala': 0, 'Retrofitting': 0, 'Pond': 0, 'Pokhari': 0, 'D/C': 0, 'Recharge shaft': 0, 'LFB': 0, 'RFB': 0}","{'Floodlight': 0, 'Flood Light': 0, 'GAS': 0, 'FIFA': 0, 'pipe': 0, 'pipes': 0, 'covid': 0, 'supply': 0, 'Beautification': 0, 'Installation': 0}",,,False,True,Immediate Measures
104974,NPE-NIT-01-2025-26-GR-02,Construction of Drain work from Jahanabad Road to Badki Dhawa turn in ward no. 12 of Nagar Panchayat Ekangarasarai.,Construction of Drain work from Jahanabad Road to Badki Dhawa turn in ward no. 12 of Nagar Panchayat Ekangarasarai.,7078842.0,INR,INR,2025-07-08 11:08:47+00:00,2025-07-08T10:54:48.517000+00:00,2025-07-23T11:18:40+00:00,"PRANAV KUMAR, (EXECUTIVE OFFICER),  EKANGARSARAI",EO,EKANGARSARAI NAGAR PANCHAYAT,PANCHAYAT SARKAR BHAWAN CHHOTKI DHAWA,"PRANAV KUMAR, (EXECUTIVE OFFICER), EKANGARSARAI",EO,EKANGARSARAI NAGAR PANCHAYAT,141600.0,10000.0,3540.0,True,"{'Flood': 0, 'Embankment': 0, 'embkt': 0, 'Relief': 0, 'Erosion': 0, 'SDRF': 0, 'Inundation': 0, 'Hydrology': 0, 'Silt': 0, 'Siltation': 0, 'Bund': 0, 'Trench': 0, 'Breach': 0, 'Culvert': 0, 'Sluice': 0, 'Dyke': 0, 'Storm water drain': 0, 'Emergency': 0, 'Immediate': 0, 'IM': 0, 'AE': 0, 'A E': 0, 'AAPDA MITRA': 0, 'Bridge': 0, 'River': 0, 'Drain': 2, 'Restoration': 0, 'Protection': 0, 'irr': 0, 'irrigation': 0, 'dam': 0, 'Nallah': 0, 'nala': 0, 'Retrofitting': 0, 'Pond': 0, 'Pokhari': 0, 'D/C': 0, 'Recharge shaft': 0, 'LFB': 0, 'RFB': 0}","{'Floodlight': 0, 'Flood Light': 0, 'GAS': 0, 'FIFA': 0, 'pipe': 0, 'pipes': 0, 'covid': 0, 'supply': 0, 'Beautification': 0, 'Installation': 0}",,,False,True,Immediate Measures
104989,KTR/NIT-04/2025-26-GR-31,Construction of  Nala Repair with RCC Slab from Manihari Main road Yadav tola to Railway Colony in Ward No.-12.,Construction of  Nala Repair with RCC Slab from Manihari Main road Yadav tola to Railway Colony in Ward No.-12.,1894509.0,INR,INR,2025-07-08 11:48:33+00:00,2025-07-08T11:44:17.634000+00:00,2025-07-26T06:50:55+00:00,"MUNICIPAL COMMISSIONER, KATIHAR",MCO,NAGAR NIGAM KATIHAR,SHAHID CHOWK KATIHAR,"MUNICIPAL COMMISSIONER, KATIHAR",MUNICIPAL COMMISSIONER,NAGAR NIGAM KATIHAR,37900.0,5000.0,590.0,True,"{'Flood': 0, 'Embankment': 0, 'embkt': 0, 'Relief': 0, 'Erosion': 0, 'SDRF': 0, 'Inundation': 0, 'Hydrology': 0, 'Silt': 0, 'Siltation': 0, 'Bund': 0, 'Trench': 0, 'Breach': 0, 'Culvert': 0, 'Sluice': 0, 'Dyke': 0, 'Storm water drain': 0, 'Emergency': 0, 'Immediate': 0, 'IM': 0, 'AE': 0, 'A E': 0, 'AAPDA MITRA': 0, 'Bridge': 0, 'River': 0, 'Drain': 0, 'Restoration': 0, 'Protection': 0, 'irr': 0, 'irrigation': 0, 'dam': 0, 'Nallah': 0, 'nala': 2, 'Retrofitting': 0, 'Pond': 0, 'Pokhari': 0, 'D/C': 0, 'Recharge shaft': 0, 'LFB': 0, 'RFB': 0}","{'Floodlight': 0, 'Flood Light': 0, 'GAS': 0, 'FIFA': 0, 'pipe': 0, 'pipes': 0, 'covid': 0, 'supply': 0, 'Beautification': 0, 'Installation': 0}",,,False,True,Immediate Measures
104991,KTR/NIT-04/2025-26-GR-32,"Construction of PCC Road and RCC Drain from Jagarnath mandir to Manihari Road and Sulendar Singh house to Vipuldev via house of Ramesh Choudhry in Ward No.-12,Katihar","Construction of PCC Road and RCC Drain from Jagarnath mandir to Manihari Road and Sulendar Singh house to Vipuldev via house of Ramesh Choudhry in Ward No.-12,Katihar",2205033.0,INR,INR,2025-07-08 11:53:32+00:00,2025-07-08T11:49:14.608000+00:00,2025-07-26T06:54:34+00:00,"MUNICIPAL COMMISSIONER, KATIHAR",MCO,NAGAR NIGAM KATIHAR,SHAHID CHOWK KATIHAR,"MUNICIPAL COMMISSIONER, KATIHAR",MUNICIPAL COMMISSIONER,NAGAR NIGAM KATIHAR,44100.0,5000.0,590.0,True,"{'Flood': 0, 'Embankment': 0, 'embkt': 0, 'Relief': 0, 'Erosion': 0, 'SDRF': 0, 'Inundation': 0, 'Hydrology': 0, 'Silt': 0, 'Siltation': 0, 'Bund': 0, 'Trench': 0, 'Breach': 0, 'Culvert': 0, 'Sluice': 0, 'Dyke': 0, 'Storm water drain': 0, 'Emergency': 0, 'Immediate': 0, 'IM': 0, 'AE': 0, 'A E': 0, 'AAPDA MITRA': 0, 'Bridge': 0, 'River': 0, 'Drain': 2, 'Restoration': 0, 'Protection': 0, 'irr': 0, 'irrigation': 0, 'dam': 0, 'Nallah': 0, 'nala': 0, 'Retrofitting': 0, 'Pond': 0, 'Pokhari': 0, 'D/C': 0, 'Recharge shaft': 0, 'LFB': 0, 'RFB': 0}","{'Floodlight': 0, 'Flood Light': 0, 'GAS': 0, 'FIFA': 0, 'pipe': 0, 'pipes': 0, 'covid': 0, 'supply': 0, 'Beautification': 0, 'Installation': 0}",,,False,True,Immediate Measures
104995,KTR/NIT-04/2025-26-GR-35,construction of Paver road And r.c.c. drain from rekha singh house upto Bablu das to LWC Club  in ward. no. 36  at katihar.,construction of Paver road And r.c.c. drain from rekha singh house upto Bablu das to LWC Club  in ward. no. 36  at katihar.,3492408.0,INR,INR,2025-07-08 12:15:21+00:00,2025-07-08T12:03:44.619000+00:00,2025-07-26T07:27:50+00:00,"MUNICIPAL COMMISSIONER, KATIHAR",MCO,NAGAR NIGAM KATIHAR,SHAHID CHOWK KATIHAR,"MUNICIPAL COMMISSIONER, KATIHAR",MUNICIPAL COMMISSIONER,NAGAR NIGAM KATIHAR,69900.0,5000.0,590.0,True,"{'Flood': 0, 'Embankment': 0, 'embkt': 0, 'Relief': 0, 'Erosion': 0, 'SDRF': 0, 'Inundation': 0, 'Hydrology': 0, 'Silt': 0, 'Siltation': 0, 'Bund': 0, 'Trench': 0, 'Breach': 0, 'Culvert': 0, 'Sluice': 0, 'Dyke': 0, 'Storm water drain': 0, 'Emergency': 0, 'Immediate': 0, 'IM': 0, 'AE': 0, 'A E': 0, 'AAPDA MITRA': 0, 'Bridge': 0, 'River': 0, 'Drain': 2, 'Restoration': 0, 'Protection': 0, 'irr': 0, 'irrigation': 0, 'dam': 0, 'Nallah': 0, 'nala': 0, 'Retrofitting': 0, 'Pond': 0, 'Pokhari': 0, 'D/C': 0, 'Recharge shaft': 0, 'LFB': 0, 'RFB': 0}","{'Floodlight': 0, 'Flood Light': 0, 'GAS': 0, 'FIFA': 0, 'pipe': 0, 'pipes': 0, 'covid': 0, 'supply': 0, 'Beautification': 0, 'Installation': 0}",,,False,True,Immediate Measures
104993,KTR/NIT-04/2025-26-GR-33,"Construction of PCC Road and RCC Drain from  house of Ashok Roy to Late Mahindar Roy House.  Edge Soling from house of Ramnath Sahni to house of Parmod Mandal.  Edge Soling from house of Jai Babu to house of Arjun Chouhan.  Edge Soling from Lohiya Nagar Road to house of Bimla Paswan in Ward No.-12,Katihar","Construction of PCC Road and RCC Drain from  house of Ashok Roy to Late Mahindar Roy House.  Edge Soling from house of Ramnath Sahni to house of Parmod Mandal.  Edge Soling from house of Jai Babu to house of Arjun Chouhan.  Edge Soling from Lohiya Nagar Road to house of Bimla Paswan in Ward No.-12,Katihar",1921508.0,INR,INR,2025-07-08 11:58:04+00:00,2025-07-08T11:54:11.158000+00:00,2025-07-26T06:58:23+00:00,"MUNICIPAL COMMISSIONER, KATIHAR",MCO,NAGAR NIGAM KATIHAR,SHAHID CHOWK KATIHAR,"MUNICIPAL COMMISSIONER, KATIHAR",MUNICIPAL COMMISSIONER,NAGAR NIGAM KATIHAR,38500.0,5000.0,590.0,True,"{'Flood': 0, 'Embankment': 0, 'embkt': 0, 'Relief': 0, 'Erosion': 0, 'SDRF': 0, 'Inundation': 0, 'Hydrology': 0, 'Silt': 0, 'Siltation': 0, 'Bund': 0, 'Trench': 0, 'Breach': 0, 'Culvert': 0, 'Sluice': 0, 'Dyke': 0, 'Storm water drain': 0, 'Emergency': 0, 'Immediate': 0, 'IM': 0, 'AE': 0, 'A E': 0, 'AAPDA MITRA': 0, 'Bridge': 0, 'River': 0, 'Drain': 2, 'Restoration': 0, 'Protection': 0, 'irr': 0, 'irrigation': 0, 'dam': 0, 'Nallah': 0, 'nala': 0, 'Retrofitting': 0, 'Pond': 0, 'Pokhari': 0, 'D/C': 0, 'Recharge shaft': 0, 'LFB': 0, 'RFB': 0}","{'Floodlight': 0, 'Flood Light': 0, 'GAS': 0, 'FIFA': 0, 'pipe': 0, 'pipes': 0, 'covid': 0, 'supply': 0, 'Beautification': 0, 'Installation': 0}",,,False,True,Immediate Measures
104998,KTR/NIT-04/2025-26-GR-36,construction of Paver road And r.c.c. drain from Bhaurabari house of sanjay sinha via nandlal chuadhary upto house of Rajkumar in ward. no. 38 at katihar.,construction of Paver road And r.c.c. drain from Bhaurabari house of sanjay sinha via nandlal chuadhary upto house of Rajkumar in ward. no. 38 at katihar.,1894857.0,INR,INR,2025-07-08 12:23:44+00:00,2025-07-08T12:19:45.335000+00:00,2025-07-26T07:33:11+00:00,"MUNICIPAL COMMISSIONER, KATIHAR",MCO,NAGAR NIGAM KATIHAR,SHAHID CHOWK KATIHAR,"MUNICIPAL COMMISSIONER, KATIHAR",MUNICIPAL COMMISSIONER,NAGAR NIGAM KATIHAR,37900.0,5000.0,590.0,True,"{'Flood': 0, 'Embankment': 0, 'embkt': 0, 'Relief': 0, 'Erosion': 0, 'SDRF': 0, 'Inundation': 0, 'Hydrology': 0, 'Silt': 0, 'Siltation': 0, 'Bund': 0, 'Trench': 0, 'Breach': 0, 'Culvert': 0, 'Sluice': 0, 'Dyke': 0, 'Storm water drain': 0, 'Emergency': 0, 'Immediate': 0, 'IM': 0, 'AE': 0, 'A E': 0, 'AAPDA MITRA': 0, 'Bridge': 0, 'River': 0, 'Drain': 2, 'Restoration': 0, 'Protection': 0, 'irr': 0, 'irrigation': 0, 'dam': 0, 'Nallah': 0, 'nala': 0, 'Retrofitting': 0, 'Pond': 0, 'Pokhari': 0, 'D/C': 0, 'Recharge shaft': 0, 'LFB': 0, 'RFB': 0}","{'Floodlight': 0, 'Flood Light': 0, 'GAS': 0, 'FIFA': 0, 'pipe': 0, 'pipes': 0, 'covid': 0, 'supply': 0, 'Beautification': 0, 'Installation': 0}",,,False,True,Immediate Measures
105002,KTR/NIT-04/2025-26-GR-39,construction of Paver block road and rcc drain of house to Brahmdev Mandal to Aanoj raj sah house  in ward. no. 44  at katihar.,construction of Paver block road and rcc drain of house to Brahmdev Mandal to Aanoj raj sah house  in ward. no. 44  at katihar.,2355000.0,INR,INR,2025-07-08 12:37:20+00:00,2025-07-08T12:33:47.288000+00:00,2025-07-26T07:58:26+00:00,"MUNICIPAL COMMISSIONER, KATIHAR",MCO,NAGAR NIGAM KATIHAR,SHAHID CHOWK KATIHAR,"MUNICIPAL COMMISSIONER, KATIHAR",MUNICIPAL COMMISSIONER,NAGAR NIGAM KATIHAR,47100.0,5000.0,590.0,True,"{'Flood': 0, 'Embankment': 0, 'embkt': 0, 'Relief': 0, 'Erosion': 0, 'SDRF': 0, 'Inundation': 0, 'Hydrology': 0, 'Silt': 0, 'Siltation': 0, 'Bund': 0, 'Trench': 0, 'Breach': 0, 'Culvert': 0, 'Sluice': 0, 'Dyke': 0, 'Storm water drain': 0, 'Emergency': 0, 'Immediate': 0, 'IM': 0, 'AE': 0, 'A E': 0, 'AAPDA MITRA': 0, 'Bridge': 0, 'River': 0, 'Drain': 2, 'Restoration': 0, 'Protection': 0, 'irr': 0, 'irrigation': 0, 'dam': 0, 'Nallah': 0, 'nala': 0, 'Retrofitting': 0, 'Pond': 0, 'Pokhari': 0, 'D/C': 0, 'Recharge shaft': 0, 'LFB': 0, 'RFB': 0}","{'Floodlight': 0, 'Flood Light': 0, 'GAS': 0, 'FIFA': 0, 'pipe': 0, 'pipes': 0, 'covid': 0, 'supply': 0, 'Beautification': 0, 'Installation': 0}",,,False,True,Immediate Measures
105018,RE NIT NO. 01 / 2025-26/TCD RAXAUL,"STRENGTHING OF LEFT BANK KM 131.210 TO 132.110, KM 132.521 TO 133.121 & KM 140.247 TO 141.297 OF TBC , REPAIR WORK OF LEFT BANK AT KM 133.31 OF TBC, REPAIR WORK OF L BANK AT KM 97.300 OF TBC/ REPAIR WORK OF D/S FLOOR OF ESCAPE REGULATOR OVER THETHRI RIVER AT KM 95.39 OF TRIVENI BRANCH CANAL.     GR-01","STRENGTHING OF LEFT BANK KM 131.210 TO 132.110, KM 132.521 TO 133.121 & KM 140.247 TO 141.297 OF TBC , REPAIR WORK OF LEFT BANK AT KM 133.31 OF TBC, REPAIR WORK OF L BANK AT KM 97.300 OF TBC/ REPAIR WORK OF D/S FLOOR OF ESCAPE REGULATOR OVER THETHRI RIVER AT KM 95.39 OF TRIVENI BRANCH CANAL.     GR-01",11794332.0,INR,INR,2025-07-09 02:46:17+00:00,2025-07-09T02:00:54.496000+00:00,2025-08-30T09:17:23+00:00,SUJEET KUMAR,EE,WRD,"TRIVENI CANAL DIVISION, RAXAUL",RAJENDRA RAM,SE,WRD,235900.0,10000.0,3540.0,True,"{'Flood': 0, 'Embankment': 0, 'embkt': 0, 'Relief': 0, 'Erosion': 0, 'SDRF': 0, 'Inundation': 0, 'Hydrology': 0, 'Silt': 0, 'Siltation': 0, 'Bund': 0, 'Trench': 0, 'Breach': 0, 'Culvert': 0, 'Sluice': 0, 'Dyke': 0, 'Storm water drain': 0, 'Emergency': 0, 'Immediate': 0, 'IM': 0, 'AE': 0, 'A E': 0, 'AAPDA MITRA': 0, 'Bridge': 0, 'River': 2, 'Drain': 0, 'Restoration': 0, 'Protection': 0, 'irr': 0, 'irrigation': 0, 'dam': 0, 'Nallah': 0, 'nala': 0, 'Retrofitting': 0, 'Pond': 0, 'Pokhari': 0, 'D/C': 0, 'Recharge shaft': 0, 'LFB': 0, 'RFB': 0}","{'Floodlight': 0, 'Flood Light': 0, 'GAS': 0, 'FIFA': 0, 'pipe': 0, 'pipes': 0, 'covid': 0, 'supply': 0, 'Beautification': 0, 'Installation': 0}",,,False,False,Immediate Measures
105110,NIT/02/2025-26/GR02,Construction of RCC drain and PCC road from baba biteshwar mahadev mandir to gultera bazar main road,Construction of RCC drain and PCC road from baba biteshwar mahadev mandir to gultera bazar main road,15005885.0,INR,INR,2025-07-09 11:13:41+00:00,2025-07-09T11:05:35.774000+00:00,2025-07-18T11:31:00+00:00,BIPIN KUMAR,"EXECUTIVE OFFICER,NP BIHTA",NAGAR PARISHAD BIHTA,NAGAR PARISHAD BIHTA,BIPIN KUMAR,"EXECUTIVE OFFICER,NP BIHTA",NAGAR PARISHAD BIHTA,300200.0,10000.0,3540.0,True,"{'Flood': 0, 'Embankment': 0, 'embkt': 0, 'Relief': 0, 'Erosion': 0, 'SDRF': 0, 'Inundation': 0, 'Hydrology': 0, 'Silt': 0, 'Siltation': 0, 'Bund': 0, 'Trench': 0, 'Breach': 0, 'Culvert': 0, 'Sluice': 0, 'Dyke': 0, 'Storm water drain': 0, 'Emergency': 0, 'Immediate': 0, 'IM': 0, 'AE': 0, 'A E': 0, 'AAPDA MITRA': 0, 'Bridge': 0, 'River': 0, 'Drain': 2, 'Restoration': 0, 'Protection': 0, 'irr': 0, 'irrigation': 0, 'dam': 0, 'Nallah': 0, 'nala': 0, 'Retrofitting': 0, 'Pond': 0, 'Pokhari': 0, 'D/C': 0, 'Recharge shaft': 0, 'LFB': 0, 'RFB': 0}","{'Floodlight': 0, 'Flood Light': 0, 'GAS': 0, 'FIFA': 0, 'pipe': 0, 'pipes': 0, 'covid': 0, 'supply': 0, 'Beautification': 0, 'Installation': 0}",,,False,True,Immediate Measures
105215,71/PR/NBPDCL/2025 (Group No.3),"Area Development, Drain, PCC &  Gravelling work in Switchyard area at 33/11 KV PSS Raxaul under Civil Division, Motihari.","Area Development, Drain, PCC &  Gravelling work in Switchyard area at 33/11 KV PSS Raxaul under Civil Division, Motihari.",5584000.0,INR,INR,2025-07-10 11:35:39+00:00,2025-07-10T05:20:00.280000+00:00,2025-09-23T11:57:05+00:00,SOMYA (EE),EE CIVIL HQ,NBPDCL,"VIDYUT BHAWAN, PATNA","CHIEF ENGINEER(CIVIL),PATNA HQ",CE,"NORTH BIHAR POWER DISTRIBUTION CO LTD,PATNA",111700.0,11800.0,590.0,True,"{'Flood': 0, 'Embankment': 0, 'embkt': 0, 'Relief': 0, 'Erosion': 0, 'SDRF': 0, 'Inundation': 0, 'Hydrology': 0, 'Silt': 0, 'Siltation': 0, 'Bund': 0, 'Trench': 0, 'Breach': 0, 'Culvert': 0, 'Sluice': 0, 'Dyke': 0, 'Storm water drain': 0, 'Emergency': 0, 'Immediate': 0, 'IM': 0, 'AE': 0, 'A E': 0, 'AAPDA MITRA': 0, 'Bridge': 0, 'River': 0, 'Drain': 2, 'Restoration': 0, 'Protection': 0, 'irr': 0, 'irrigation': 0, 'dam': 0, 'Nallah': 0, 'nala': 0, 'Retrofitting': 0, 'Pond': 0, 'Pokhari': 0, 'D/C': 0, 'Recharge shaft': 0, 'LFB': 0, 'RFB': 0}","{'Floodlight': 0, 'Flood Light': 0, 'GAS': 0, 'FIFA': 0, 'pipe': 0, 'pipes': 0, 'covid': 0, 'supply': 0, 'Beautification': 0, 'Installation': 0}",,,False,True,Immediate Measures
105251,NIT No.- 01/2025-26 (Group - 1,Construction of RCC Box drain from Imali gola chowk to Kabir chowk via Kajalamani main road in ward no-02 under Nagar Parishad Kishanganj,Construction of RCC Box drain from Imali gola chowk to Kabir chowk via Kajalamani main road in ward no-02 under Nagar Parishad Kishanganj,23412440.0,INR,INR,2025-07-10 10:50:33+00:00,2025-07-10T10:34:32.718000+00:00,2025-08-23T11:21:23+00:00,Vikash Kumar,PROJECT DIRECTOR,Bihar Urban Infrastructure Development Corporation Ltd.,Araria,Vikash Kumar,PROJECT DIRECTOR,Bihar Urban Infrastructure Development Corporation Ltd.,468300.0,17700.0,3540.0,True,"{'Flood': 0, 'Embankment': 0, 'embkt': 0, 'Relief': 0, 'Erosion': 0, 'SDRF': 0, 'Inundation': 0, 'Hydrology': 0, 'Silt': 0, 'Siltation': 0, 'Bund': 0, 'Trench': 0, 'Breach': 0, 'Culvert': 0, 'Sluice': 0, 'Dyke': 0, 'Storm water drain': 0, 'Emergency': 0, 'Immediate': 0, 'IM': 0, 'AE': 0, 'A E': 0, 'AAPDA MITRA': 0, 'Bridge': 0, 'River': 0, 'Drain': 2, 'Restoration': 0, 'Protection': 0, 'irr': 0, 'irrigation': 0, 'dam': 0, 'Nallah': 0, 'nala': 0, 'Retrofitting': 0, 'Pond': 0, 'Pokhari': 0, 'D/C': 0, 'Recharge shaft': 0, 'LFB': 0, 'RFB': 0}","{'Floodlight': 0, 'Flood Light': 0, 'GAS': 0, 'FIFA': 0, 'pipe': 0, 'pipes': 0, 'covid': 0, 'supply': 0, 'Beautification': 0, 'Installation': 0}",,,False,True,Immediate Measures
105253,NIT No.- 01/2025-26 (Group - 2,Construction of RCC Box drain and PCC Road from Jhansi rani chowk to Shiv mandir chowk via Milil school via Bajrangbali mandir under Nagar Panchayat Bahadurganj,Construction of RCC Box drain and PCC Road from Jhansi rani chowk to Shiv mandir chowk via Milil school via Bajrangbali mandir under Nagar Panchayat Bahadurganj,20851848.0,INR,INR,2025-07-10 10:58:37+00:00,2025-07-10T10:50:53.508000+00:00,2025-08-26T09:34:22+00:00,Vikash Kumar,PROJECT DIRECTOR,Bihar Urban Infrastructure Development Corporation Ltd.,Araria,Vikash Kumar,PROJECT DIRECTOR,Bihar Urban Infrastructure Development Corporation Ltd.,417100.0,17700.0,3540.0,True,"{'Flood': 0, 'Embankment': 0, 'embkt': 0, 'Relief': 0, 'Erosion': 0, 'SDRF': 0, 'Inundation': 0, 'Hydrology': 0, 'Silt': 0, 'Siltation': 0, 'Bund': 0, 'Trench': 0, 'Breach': 0, 'Culvert': 0, 'Sluice': 0, 'Dyke': 0, 'Storm water drain': 0, 'Emergency': 0, 'Immediate': 0, 'IM': 0, 'AE': 0, 'A E': 0, 'AAPDA MITRA': 0, 'Bridge': 0, 'River': 0, 'Drain': 2, 'Restoration': 0, 'Protection': 0, 'irr': 0, 'irrigation': 0, 'dam': 0, 'Nallah': 0, 'nala': 0, 'Retrofitting': 0, 'Pond': 0, 'Pokhari': 0, 'D/C': 0, 'Recharge shaft': 0, 'LFB': 0, 'RFB': 0}","{'Floodlight': 0, 'Flood Light': 0, 'GAS': 0, 'FIFA': 0, 'pipe': 0, 'pipes': 0, 'covid': 0, 'supply': 0, 'Beautification': 0, 'Installation': 0}",,,False,True,Immediate Measures
105254,NIT- 05/2025-26,"Construction of  30 Nos. 125mm X 40mm X 61M deep Tube well with I.M.-II Hand Pump, Platform , Drain and Soakpit under State fund  scheme for Sinking of New Handpumps  for drinking water due to Drought  and falling water level in District   for the year 2025-26 in Patna District under P.H. Division, Patna East, Patna..","Construction of  30 Nos. 125mm X 40mm X 61M deep Tube well with I.M.-II Hand Pump, Platform , Drain and Soakpit under State fund  scheme for Sinking of New Handpumps  for drinking water due to Drought  and falling water level in District   for the year 2025-26 in Patna District under P.H. Division, Patna East, Patna..",2803320.0,INR,INR,2025-07-11 13:01:02+00:00,2025-07-10T10:54:04.151000+00:00,2025-08-08T10:47:44+00:00,"EXECUTIVE ENGINEER , P.H. DIVISION, PATNA EAST.",EE,"P.H. DIVISION, PATNA EAST","CHHAJJU BAGH, FRASER ROAD, PATNA-1",MANISH ANAND,SE,PHED PATNA CIRCLE,56100.0,5000.0,590.0,True,"{'Flood': 0, 'Embankment': 0, 'embkt': 0, 'Relief': 0, 'Erosion': 0, 'SDRF': 0, 'Inundation': 0, 'Hydrology': 0, 'Silt': 0, 'Siltation': 0, 'Bund': 0, 'Trench': 0, 'Breach': 0, 'Culvert': 0, 'Sluice': 0, 'Dyke': 0, 'Storm water drain': 0, 'Emergency': 0, 'Immediate': 0, 'IM': 0, 'AE': 0, 'A E': 0, 'AAPDA MITRA': 0, 'Bridge': 0, 'River': 0, 'Drain': 2, 'Restoration': 0, 'Protection': 0, 'irr': 0, 'irrigation': 0, 'dam': 0, 'Nallah': 0, 'nala': 0, 'Retrofitting': 0, 'Pond': 0, 'Pokhari': 0, 'D/C': 0, 'Recharge shaft': 0, 'LFB': 0, 'RFB': 0}","{'Floodlight': 0, 'Flood Light': 0, 'GAS': 0, 'FIFA': 0, 'pipe': 0, 'pipes': 0, 'covid': 0, 'supply': 0, 'Beautification': 0, 'Installation': 0}",,,False,True,Others
105264,NIT No-06/2025-2026 (Group- 1,Construction of RCC drain from clinic of Dr. Suryanarayan to river under Nagar parishad Jamui,Construction of RCC drain from clinic of Dr. Suryanarayan to river under Nagar parishad Jamui,30681740.0,INR,INR,2025-07-10 12:18:30+00:00,2025-07-10T12:08:43.130000+00:00,2025-09-25T13:56:47+00:00,Abhinandan Kumar,PROJECT DIRECTOR,Bihar Urban Infrastructure Development Corporation Ltd.,Lakhisarai,Abhinandan Kumar,PROJECT DIRECTOR,Bihar Urban Infrastructure Development Corporation Ltd.,613700.0,23600.0,5900.0,True,"{'Flood': 0, 'Embankment': 0, 'embkt': 0, 'Relief': 0, 'Erosion': 0, 'SDRF': 0, 'Inundation': 0, 'Hydrology': 0, 'Silt': 0, 'Siltation': 0, 'Bund': 0, 'Trench': 0, 'Breach': 0, 'Culvert': 0, 'Sluice': 0, 'Dyke': 0, 'Storm water drain': 0, 'Emergency': 0, 'Immediate': 0, 'IM': 0, 'AE': 0, 'A E': 0, 'AAPDA MITRA': 0, 'Bridge': 0, 'River': 2, 'Drain': 2, 'Restoration': 0, 'Protection': 0, 'irr': 0, 'irrigation': 0, 'dam': 0, 'Nallah': 0, 'nala': 0, 'Retrofitting': 0, 'Pond': 0, 'Pokhari': 0, 'D/C': 0, 'Recharge shaft': 0, 'LFB': 0, 'RFB': 0}","{'Floodlight': 0, 'Flood Light': 0, 'GAS': 0, 'FIFA': 0, 'pipe': 0, 'pipes': 0, 'covid': 0, 'supply': 0, 'Beautification': 0, 'Installation': 0}",,,False,True,Immediate Measures
105273,11/2024-25 (Gr- 02),Construction work of road and drain from house of Lakshmi Shahni to house of Noor Jahan.,Construction work of road and drain from house of Lakshmi Shahni to house of Noor Jahan.,7074600.0,INR,INR,2025-07-10 14:10:21+00:00,2025-07-10T14:04:05.487000+00:00,2025-07-26T08:51:24+00:00,Abhay Kumar Pandey,PROJECT DIRECTOR,Bihar Urban Infrastructure Development Corporation Ltd.,"Vaishali, Buidco",Abhay Kumar Pandey,PROJECT DIRECTOR,Bihar Urban Infrastructure Development Corporation Ltd.,141500.0,17700.0,3540.0,True,"{'Flood': 0, 'Embankment': 0, 'embkt': 0, 'Relief': 0, 'Erosion': 0, 'SDRF': 0, 'Inundation': 0, 'Hydrology': 0, 'Silt': 0, 'Siltation': 0, 'Bund': 0, 'Trench': 0, 'Breach': 0, 'Culvert': 0, 'Sluice': 0, 'Dyke': 0, 'Storm water drain': 0, 'Emergency': 0, 'Immediate': 0, 'IM': 0, 'AE': 0, 'A E': 0, 'AAPDA MITRA': 0, 'Bridge': 0, 'River': 0, 'Drain': 2, 'Restoration': 0, 'Protection': 0, 'irr': 0, 'irrigation': 0, 'dam': 0, 'Nallah': 0, 'nala': 0, 'Retrofitting': 0, 'Pond': 0, 'Pokhari': 0, 'D/C': 0, 'Recharge shaft': 0, 'LFB': 0, 'RFB': 0}","{'Floodlight': 0, 'Flood Light': 0, 'GAS': 0, 'FIFA': 0, 'pipe': 0, 'pipes': 0, 'covid': 0, 'supply': 0, 'Beautification': 0, 'Installation': 0}",,,False,True,Immediate Measures
105291,10/2024-25(Gr-06),"Construction of road and drain in part from Nishikant Singh's residence to the main road near Dr. Asha Mishra Clinic in Ward No. 44, Mohalla Balbhadrapur.","Construction of road and drain in part from Nishikant Singh's residence to the main road near Dr. Asha Mishra Clinic in Ward No. 44, Mohalla Balbhadrapur.",3262400.0,INR,INR,2025-07-11 03:07:47+00:00,2025-07-11T02:57:53.492000+00:00,2025-07-26T06:57:43+00:00,Abhay Kumar Pandey,PROJECT DIRECTOR,Bihar Urban Infrastructure Development Corporation Ltd.,"Vaishali, Buidco",Abhay Kumar Pandey,PROJECT DIRECTOR,Bihar Urban Infrastructure Development Corporation Ltd.,65300.0,11800.0,590.0,True,"{'Flood': 0, 'Embankment': 0, 'embkt': 0, 'Relief': 0, 'Erosion': 0, 'SDRF': 0, 'Inundation': 0, 'Hydrology': 0, 'Silt': 0, 'Siltation': 0, 'Bund': 0, 'Trench': 0, 'Breach': 0, 'Culvert': 0, 'Sluice': 0, 'Dyke': 0, 'Storm water drain': 0, 'Emergency': 0, 'Immediate': 0, 'IM': 0, 'AE': 0, 'A E': 0, 'AAPDA MITRA': 0, 'Bridge': 0, 'River': 0, 'Drain': 2, 'Restoration': 0, 'Protection': 0, 'irr': 0, 'irrigation': 0, 'dam': 0, 'Nallah': 0, 'nala': 0, 'Retrofitting': 0, 'Pond': 0, 'Pokhari': 0, 'D/C': 0, 'Recharge shaft': 0, 'LFB': 0, 'RFB': 0}","{'Floodlight': 0, 'Flood Light': 0, 'GAS': 0, 'FIFA': 0, 'pipe': 0, 'pipes': 0, 'covid': 0, 'supply': 0, 'Beautification': 0, 'Installation': 0}",,,False,True,Immediate Measures
105290,10/2024-25(Gr-03),"Road cum drain construction work from Sudhir Mahato's house to Ashok Ram's house in Ward No. 31, Mohalla Bhigo.","Road cum drain construction work from Sudhir Mahato's house to Ashok Ram's house in Ward No. 31, Mohalla Bhigo.",1124000.0,INR,INR,2025-07-11 02:57:37+00:00,2025-07-11T02:49:01.521000+00:00,2025-07-26T08:27:14+00:00,Abhay Kumar Pandey,PROJECT DIRECTOR,Bihar Urban Infrastructure Development Corporation Ltd.,"Vaishali, Buidco",Abhay Kumar Pandey,PROJECT DIRECTOR,Bihar Urban Infrastructure Development Corporation Ltd.,22500.0,11800.0,590.0,True,"{'Flood': 0, 'Embankment': 0, 'embkt': 0, 'Relief': 0, 'Erosion': 0, 'SDRF': 0, 'Inundation': 0, 'Hydrology': 0, 'Silt': 0, 'Siltation': 0, 'Bund': 0, 'Trench': 0, 'Breach': 0, 'Culvert': 0, 'Sluice': 0, 'Dyke': 0, 'Storm water drain': 0, 'Emergency': 0, 'Immediate': 0, 'IM': 0, 'AE': 0, 'A E': 0, 'AAPDA MITRA': 0, 'Bridge': 0, 'River': 0, 'Drain': 2, 'Restoration': 0, 'Protection': 0, 'irr': 0, 'irrigation': 0, 'dam': 0, 'Nallah': 0, 'nala': 0, 'Retrofitting': 0, 'Pond': 0, 'Pokhari': 0, 'D/C': 0, 'Recharge shaft': 0, 'LFB': 0, 'RFB': 0}","{'Floodlight': 0, 'Flood Light': 0, 'GAS': 0, 'FIFA': 0, 'pipe': 0, 'pipes': 0, 'covid': 0, 'supply': 0, 'Beautification': 0, 'Installation': 0}",,,False,True,Immediate Measures
105307,10/2024-25(Gr-07),"Construction work of drain in part of the path from Dilip Jha's house in Ward No. 35, Mohalla Shahganj Benta, passing through the houses of Satya Narayan Yadav and Shatrughna Mahato to the house of Arun Rai.","Construction work of drain in part of the path from Dilip Jha's house in Ward No. 35, Mohalla Shahganj Benta, passing through the houses of Satya Narayan Yadav and Shatrughna Mahato to the house of Arun Rai.",2672200.0,INR,INR,2025-07-11 03:18:38+00:00,2025-07-11T03:08:07.444000+00:00,2025-07-26T05:38:12+00:00,Abhay Kumar Pandey,PROJECT DIRECTOR,Bihar Urban Infrastructure Development Corporation Ltd.,"Vaishali, Buidco",Abhay Kumar Pandey,PROJECT DIRECTOR,Bihar Urban Infrastructure Development Corporation Ltd.,53500.0,11800.0,590.0,True,"{'Flood': 0, 'Embankment': 0, 'embkt': 0, 'Relief': 0, 'Erosion': 0, 'SDRF': 0, 'Inundation': 0, 'Hydrology': 0, 'Silt': 0, 'Siltation': 0, 'Bund': 0, 'Trench': 0, 'Breach': 0, 'Culvert': 0, 'Sluice': 0, 'Dyke': 0, 'Storm water drain': 0, 'Emergency': 0, 'Immediate': 0, 'IM': 0, 'AE': 0, 'A E': 0, 'AAPDA MITRA': 0, 'Bridge': 0, 'River': 0, 'Drain': 2, 'Restoration': 0, 'Protection': 0, 'irr': 0, 'irrigation': 0, 'dam': 0, 'Nallah': 0, 'nala': 0, 'Retrofitting': 0, 'Pond': 0, 'Pokhari': 0, 'D/C': 0, 'Recharge shaft': 0, 'LFB': 0, 'RFB': 0}","{'Floodlight': 0, 'Flood Light': 0, 'GAS': 0, 'FIFA': 0, 'pipe': 0, 'pipes': 0, 'covid': 0, 'supply': 0, 'Beautification': 0, 'Installation': 0}",,,False,True,Immediate Measures
105255,11/2024-25 (Gr- 01),Construction work of road and drain in  the path portion from Nag Mandir to Digdhi west in ward No- 11 and 26.,Construction work of road and drain in  the path portion from Nag Mandir to Digdhi west in ward No- 11 and 26.,8107100.0,INR,INR,2025-07-10 14:02:57+00:00,2025-07-10T11:09:42.968000+00:00,2025-10-10T07:36:15+00:00,Abhay Kumar Pandey,PROJECT DIRECTOR,Bihar Urban Infrastructure Development Corporation Ltd.,"Vaishali, Buidco",Abhay Kumar Pandey,PROJECT DIRECTOR,Bihar Urban Infrastructure Development Corporation Ltd.,162200.0,17700.0,3540.0,True,"{'Flood': 0, 'Embankment': 0, 'embkt': 0, 'Relief': 0, 'Erosion': 0, 'SDRF': 0, 'Inundation': 0, 'Hydrology': 0, 'Silt': 0, 'Siltation': 0, 'Bund': 0, 'Trench': 0, 'Breach': 0, 'Culvert': 0, 'Sluice': 0, 'Dyke': 0, 'Storm water drain': 0, 'Emergency': 0, 'Immediate': 0, 'IM': 0, 'AE': 0, 'A E': 0, 'AAPDA MITRA': 0, 'Bridge': 0, 'River': 0, 'Drain': 2, 'Restoration': 0, 'Protection': 0, 'irr': 0, 'irrigation': 0, 'dam': 0, 'Nallah': 0, 'nala': 0, 'Retrofitting': 0, 'Pond': 0, 'Pokhari': 0, 'D/C': 0, 'Recharge shaft': 0, 'LFB': 0, 'RFB': 0}","{'Floodlight': 0, 'Flood Light': 0, 'GAS': 0, 'FIFA': 0, 'pipe': 0, 'pipes': 0, 'covid': 0, 'supply': 0, 'Beautification': 0, 'Installation': 0}",,,False,True,Immediate Measures
105342,NIT No-04 2025 26 (Group - 4),"Nagar Panchayat Simarahee mein Ward no.- 15 mein Babalu Paasi ke Jameen se lekar Uttar jaane wale sadak avam Pashchim jane wale sadak avam Pashchim jane wale sadak par Mittee Bharaee, Brick soling, P.C.C dhalaee nala nirman Work","Nagar Panchayat Simarahee mein Ward no.- 15 mein Babalu Paasi ke Jameen se lekar Uttar jaane wale sadak avam Pashchim jane wale sadak avam Pashchim jane wale sadak par Mittee Bharaee, Brick soling, P.C.C dhalaee nala nirman Work",6204887.0,INR,INR,2025-07-11 06:07:50+00:00,2025-07-11T05:43:32.979000+00:00,2025-09-22T09:29:20+00:00,HEMANT KUMAR,PROJECT DIRECTOR,Bihar Urban Infrastructure Development Corporation Ltd.,"Azimabad, Buidco, Patna",HEMANT KUMAR,PROJECT DIRECTOR,Bihar Urban Infrastructure Development Corporation Ltd.,124100.0,11800.0,590.0,True,"{'Flood': 0, 'Embankment': 0, 'embkt': 0, 'Relief': 0, 'Erosion': 0, 'SDRF': 0, 'Inundation': 0, 'Hydrology': 0, 'Silt': 0, 'Siltation': 0, 'Bund': 0, 'Trench': 0, 'Breach': 0, 'Culvert': 0, 'Sluice': 0, 'Dyke': 0, 'Storm water drain': 0, 'Emergency': 0, 'Immediate': 0, 'IM': 0, 'AE': 0, 'A E': 0, 'AAPDA MITRA': 0, 'Bridge': 0, 'River': 0, 'Drain': 0, 'Restoration': 0, 'Protection': 0, 'irr': 0, 'irrigation': 0, 'dam': 0, 'Nallah': 0, 'nala': 2, 'Retrofitting': 0, 'Pond': 0, 'Pokhari': 0, 'D/C': 0, 'Recharge shaft': 0, 'LFB': 0, 'RFB': 0}","{'Floodlight': 0, 'Flood Light': 0, 'GAS': 0, 'FIFA': 0, 'pipe': 0, 'pipes': 0, 'covid': 0, 'supply': 0, 'Beautification': 0, 'Installation': 0}",,,False,False,Immediate Measures
105338,NIT No-04 2025 26 (Group - 2),"Nagar Parishad, Supaul chetraantargat Mallik Chowk se Milan marriage Hall tak Nala Nirman Work","Nagar Parishad, Supaul chetraantargat Mallik Chowk se Milan marriage Hall tak Nala Nirman Work",6951940.0,INR,INR,2025-07-11 05:33:09+00:00,2025-07-11T05:23:27.187000+00:00,2025-09-22T09:51:04+00:00,HEMANT KUMAR,PROJECT DIRECTOR,Bihar Urban Infrastructure Development Corporation Ltd.,"Azimabad, Buidco, Patna",HEMANT KUMAR,PROJECT DIRECTOR,Bihar Urban Infrastructure Development Corporation Ltd.,139500.0,11800.0,590.0,True,"{'Flood': 0, 'Embankment': 0, 'embkt': 0, 'Relief': 0, 'Erosion': 0, 'SDRF': 0, 'Inundation': 0, 'Hydrology': 0, 'Silt': 0, 'Siltation': 0, 'Bund': 0, 'Trench': 0, 'Breach': 0, 'Culvert': 0, 'Sluice': 0, 'Dyke': 0, 'Storm water drain': 0, 'Emergency': 0, 'Immediate': 0, 'IM': 0, 'AE': 0, 'A E': 0, 'AAPDA MITRA': 0, 'Bridge': 0, 'River': 0, 'Drain': 0, 'Restoration': 0, 'Protection': 0, 'irr': 0, 'irrigation': 0, 'dam': 0, 'Nallah': 0, 'nala': 2, 'Retrofitting': 0, 'Pond': 0, 'Pokhari': 0, 'D/C': 0, 'Recharge shaft': 0, 'LFB': 0, 'RFB': 0}","{'Floodlight': 0, 'Flood Light': 0, 'GAS': 0, 'FIFA': 0, 'pipe': 0, 'pipes': 0, 'covid': 0, 'supply': 0, 'Beautification': 0, 'Installation': 0}",,,False,False,Immediate Measures
105336,NIT No-04 2025 26 (Group - 1),Milan marriage chowk se ansaaree chowk tak Nala cum Road Nirman Work,Milan marriage chowk se ansaaree chowk tak Nala cum Road Nirman Work,9343210.0,INR,INR,2025-07-11 05:22:42+00:00,2025-07-11T04:58:45.795000+00:00,2025-09-22T09:38:47+00:00,HEMANT KUMAR,PROJECT DIRECTOR,Bihar Urban Infrastructure Development Corporation Ltd.,"Azimabad, Buidco, Patna",HEMANT KUMAR,PROJECT DIRECTOR,Bihar Urban Infrastructure Development Corporation Ltd.,187000.0,17700.0,3540.0,True,"{'Flood': 0, 'Embankment': 0, 'embkt': 0, 'Relief': 0, 'Erosion': 0, 'SDRF': 0, 'Inundation': 0, 'Hydrology': 0, 'Silt': 0, 'Siltation': 0, 'Bund': 0, 'Trench': 0, 'Breach': 0, 'Culvert': 0, 'Sluice': 0, 'Dyke': 0, 'Storm water drain': 0, 'Emergency': 0, 'Immediate': 0, 'IM': 0, 'AE': 0, 'A E': 0, 'AAPDA MITRA': 0, 'Bridge': 0, 'River': 0, 'Drain': 0, 'Restoration': 0, 'Protection': 0, 'irr': 0, 'irrigation': 0, 'dam': 0, 'Nallah': 0, 'nala': 2, 'Retrofitting': 0, 'Pond': 0, 'Pokhari': 0, 'D/C': 0, 'Recharge shaft': 0, 'LFB': 0, 'RFB': 0}","{'Floodlight': 0, 'Flood Light': 0, 'GAS': 0, 'FIFA': 0, 'pipe': 0, 'pipes': 0, 'covid': 0, 'supply': 0, 'Beautification': 0, 'Installation': 0}",,,False,True,Immediate Measures
105339,NIT No-04 2025 26 Supaul  (Group - 3),"Nagar Parishad, Supaul chetraantargat Choudhary Tola se Milan marriage Hall tak Nala Nirman Work","Nagar Parishad, Supaul chetraantargat Choudhary Tola se Milan marriage Hall tak Nala Nirman Work",6833530.0,INR,INR,2025-07-11 05:43:02+00:00,2025-07-11T05:33:52.664000+00:00,2025-08-23T09:02:31+00:00,HEMANT KUMAR,PROJECT DIRECTOR,Bihar Urban Infrastructure Development Corporation Ltd.,"Azimabad, Buidco, Patna",HEMANT KUMAR,PROJECT DIRECTOR,Bihar Urban Infrastructure Development Corporation Ltd.,136700.0,11800.0,590.0,True,"{'Flood': 0, 'Embankment': 0, 'embkt': 0, 'Relief': 0, 'Erosion': 0, 'SDRF': 0, 'Inundation': 0, 'Hydrology': 0, 'Silt': 0, 'Siltation': 0, 'Bund': 0, 'Trench': 0, 'Breach': 0, 'Culvert': 0, 'Sluice': 0, 'Dyke': 0, 'Storm water drain': 0, 'Emergency': 0, 'Immediate': 0, 'IM': 0, 'AE': 0, 'A E': 0, 'AAPDA MITRA': 0, 'Bridge': 0, 'River': 0, 'Drain': 0, 'Restoration': 0, 'Protection': 0, 'irr': 0, 'irrigation': 0, 'dam': 0, 'Nallah': 0, 'nala': 2, 'Retrofitting': 0, 'Pond': 0, 'Pokhari': 0, 'D/C': 0, 'Recharge shaft': 0, 'LFB': 0, 'RFB': 0}","{'Floodlight': 0, 'Flood Light': 0, 'GAS': 0, 'FIFA': 0, 'pipe': 0, 'pipes': 0, 'covid': 0, 'supply': 0, 'Beautification': 0, 'Installation': 0}",,,False,False,Immediate Measures
105348,10/2024-25(Gr-08),Road casting and drain construction work from Hazari Yadav's shop to Hira Sahni's house.,Road casting and drain construction work from Hazari Yadav's shop to Hira Sahni's house.,1641200.0,INR,INR,2025-07-11 06:31:01+00:00,2025-07-11T06:08:31.868000+00:00,2025-09-17T13:06:23+00:00,Abhay Kumar Pandey,PROJECT DIRECTOR,Bihar Urban Infrastructure Development Corporation Ltd.,"Vaishali, Buidco",Abhay Kumar Pandey,PROJECT DIRECTOR,Bihar Urban Infrastructure Development Corporation Ltd.,32900.0,11800.0,590.0,True,"{'Flood': 0, 'Embankment': 0, 'embkt': 0, 'Relief': 0, 'Erosion': 0, 'SDRF': 0, 'Inundation': 0, 'Hydrology': 0, 'Silt': 0, 'Siltation': 0, 'Bund': 0, 'Trench': 0, 'Breach': 0, 'Culvert': 0, 'Sluice': 0, 'Dyke': 0, 'Storm water drain': 0, 'Emergency': 0, 'Immediate': 0, 'IM': 0, 'AE': 0, 'A E': 0, 'AAPDA MITRA': 0, 'Bridge': 0, 'River': 0, 'Drain': 2, 'Restoration': 0, 'Protection': 0, 'irr': 0, 'irrigation': 0, 'dam': 0, 'Nallah': 0, 'nala': 0, 'Retrofitting': 0, 'Pond': 0, 'Pokhari': 0, 'D/C': 0, 'Recharge shaft': 0, 'LFB': 0, 'RFB': 0}","{'Floodlight': 0, 'Flood Light': 0, 'GAS': 0, 'FIFA': 0, 'pipe': 0, 'pipes': 0, 'covid': 0, 'supply': 0, 'Beautification': 0, 'Installation': 0}",,,False,True,Immediate Measures
105351,NIT No-04/2025-26 Supaul (Group - 5),Nagar Panchayat Nirmali mein shree Madan Jain ke Dukaan se Pradhaan mukhy sadak hote hue Lakshmi Narayan Mandir tak Dhakkan sahit Nala nirman Work,Nagar Panchayat Nirmali mein shree Madan Jain ke Dukaan se Pradhaan mukhy sadak hote hue Lakshmi Narayan Mandir tak Dhakkan sahit Nala nirman Work,5835320.0,INR,INR,2025-07-11 06:41:13+00:00,2025-07-11T06:13:30.443000+00:00,2025-08-23T09:30:21+00:00,HEMANT KUMAR,PROJECT DIRECTOR,Bihar Urban Infrastructure Development Corporation Ltd.,"Azimabad, Buidco, Patna",HEMANT KUMAR,PROJECT DIRECTOR,Bihar Urban Infrastructure Development Corporation Ltd.,116800.0,11800.0,590.0,True,"{'Flood': 0, 'Embankment': 0, 'embkt': 0, 'Relief': 0, 'Erosion': 0, 'SDRF': 0, 'Inundation': 0, 'Hydrology': 0, 'Silt': 0, 'Siltation': 0, 'Bund': 0, 'Trench': 0, 'Breach': 0, 'Culvert': 0, 'Sluice': 0, 'Dyke': 0, 'Storm water drain': 0, 'Emergency': 0, 'Immediate': 0, 'IM': 0, 'AE': 0, 'A E': 0, 'AAPDA MITRA': 0, 'Bridge': 0, 'River': 0, 'Drain': 0, 'Restoration': 0, 'Protection': 0, 'irr': 0, 'irrigation': 0, 'dam': 0, 'Nallah': 0, 'nala': 2, 'Retrofitting': 0, 'Pond': 0, 'Pokhari': 0, 'D/C': 0, 'Recharge shaft': 0, 'LFB': 0, 'RFB': 0}","{'Floodlight': 0, 'Flood Light': 0, 'GAS': 0, 'FIFA': 0, 'pipe': 0, 'pipes': 0, 'covid': 0, 'supply': 0, 'Beautification': 0, 'Installation': 0}",,,False,False,Immediate Measures
105349,10/2024-25(Gr-09),Road and drain construction work from Abhanda Chowk via Hanuman Temple to Baiju Yadav's house.,Road and drain construction work from Abhanda Chowk via Hanuman Temple to Baiju Yadav's house.,2861700.0,INR,INR,2025-07-11 06:53:19+00:00,2025-07-11T06:08:32.282000+00:00,2025-07-25T16:27:10+00:00,Abhay Kumar Pandey,PROJECT DIRECTOR,Bihar Urban Infrastructure Development Corporation Ltd.,"Vaishali, Buidco",Abhay Kumar Pandey,PROJECT DIRECTOR,Bihar Urban Infrastructure Development Corporation Ltd.,57300.0,11800.0,590.0,True,"{'Flood': 0, 'Embankment': 0, 'embkt': 0, 'Relief': 0, 'Erosion': 0, 'SDRF': 0, 'Inundation': 0, 'Hydrology': 0, 'Silt': 0, 'Siltation': 0, 'Bund': 0, 'Trench': 0, 'Breach': 0, 'Culvert': 0, 'Sluice': 0, 'Dyke': 0, 'Storm water drain': 0, 'Emergency': 0, 'Immediate': 0, 'IM': 0, 'AE': 0, 'A E': 0, 'AAPDA MITRA': 0, 'Bridge': 0, 'River': 0, 'Drain': 2, 'Restoration': 0, 'Protection': 0, 'irr': 0, 'irrigation': 0, 'dam': 0, 'Nallah': 0, 'nala': 0, 'Retrofitting': 0, 'Pond': 0, 'Pokhari': 0, 'D/C': 0, 'Recharge shaft': 0, 'LFB': 0, 'RFB': 0}","{'Floodlight': 0, 'Flood Light': 0, 'GAS': 0, 'FIFA': 0, 'pipe': 0, 'pipes': 0, 'covid': 0, 'supply': 0, 'Beautification': 0, 'Installation': 0}",,,False,True,Immediate Measures
105365,NIT No-04 2025 26 (Group - 8),Nagar Parishad Supaul me Ward no- 17 me Milan Mairej Chowk se Bramasthan chowk tak Nala nirman work,Nagar Parishad Supaul me Ward no- 17 me Milan Mairej Chowk se Bramasthan chowk tak Nala nirman work,10740184.0,INR,INR,2025-07-11 07:16:16+00:00,2025-07-11T07:04:11.513000+00:00,2025-09-22T10:15:09+00:00,HEMANT KUMAR,PROJECT DIRECTOR,Bihar Urban Infrastructure Development Corporation Ltd.,"Azimabad, Buidco, Patna",HEMANT KUMAR,PROJECT DIRECTOR,Bihar Urban Infrastructure Development Corporation Ltd.,214900.0,17700.0,3540.0,True,"{'Flood': 0, 'Embankment': 0, 'embkt': 0, 'Relief': 0, 'Erosion': 0, 'SDRF': 0, 'Inundation': 0, 'Hydrology': 0, 'Silt': 0, 'Siltation': 0, 'Bund': 0, 'Trench': 0, 'Breach': 0, 'Culvert': 0, 'Sluice': 0, 'Dyke': 0, 'Storm water drain': 0, 'Emergency': 0, 'Immediate': 0, 'IM': 0, 'AE': 0, 'A E': 0, 'AAPDA MITRA': 0, 'Bridge': 0, 'River': 0, 'Drain': 0, 'Restoration': 0, 'Protection': 0, 'irr': 0, 'irrigation': 0, 'dam': 0, 'Nallah': 0, 'nala': 2, 'Retrofitting': 0, 'Pond': 0, 'Pokhari': 0, 'D/C': 0, 'Recharge shaft': 0, 'LFB': 0, 'RFB': 0}","{'Floodlight': 0, 'Flood Light': 0, 'GAS': 0, 'FIFA': 0, 'pipe': 0, 'pipes': 0, 'covid': 0, 'supply': 0, 'Beautification': 0, 'Installation': 0}",,,False,False,Immediate Measures
105371,NIT No-04 2025 26 Supaul (Group - 9),Nagar Parishad Supaul me Ward no.- 13 me Officer Colony se Sump House tak Nala nirman work,Nagar Parishad Supaul me Ward no.- 13 me Officer Colony se Sump House tak Nala nirman work,10103620.0,INR,INR,2025-07-11 07:44:30+00:00,2025-07-11T07:17:06.114000+00:00,2025-07-18T07:20:55+00:00,HEMANT KUMAR,PROJECT DIRECTOR,Bihar Urban Infrastructure Development Corporation Ltd.,"Azimabad, Buidco, Patna",HEMANT KUMAR,PROJECT DIRECTOR,Bihar Urban Infrastructure Development Corporation Ltd.,202100.0,17700.0,3540.0,True,"{'Flood': 0, 'Embankment': 0, 'embkt': 0, 'Relief': 0, 'Erosion': 0, 'SDRF': 0, 'Inundation': 0, 'Hydrology': 0, 'Silt': 0, 'Siltation': 0, 'Bund': 0, 'Trench': 0, 'Breach': 0, 'Culvert': 0, 'Sluice': 0, 'Dyke': 0, 'Storm water drain': 0, 'Emergency': 0, 'Immediate': 0, 'IM': 0, 'AE': 0, 'A E': 0, 'AAPDA MITRA': 0, 'Bridge': 0, 'River': 0, 'Drain': 0, 'Restoration': 0, 'Protection': 0, 'irr': 0, 'irrigation': 0, 'dam': 0, 'Nallah': 0, 'nala': 2, 'Retrofitting': 0, 'Pond': 0, 'Pokhari': 0, 'D/C': 0, 'Recharge shaft': 0, 'LFB': 0, 'RFB': 0}","{'Floodlight': 0, 'Flood Light': 0, 'GAS': 0, 'FIFA': 0, 'pipe': 0, 'pipes': 0, 'covid': 0, 'supply': 0, 'Beautification': 0, 'Installation': 0}",,,False,False,Immediate Measures
105369,10/2024-25(Gr-11),Road and drain construction work from the street behind Mohammad Idrish's house to Jagdish Yadav's house.,Road and drain construction work from the street behind Mohammad Idrish's house to Jagdish Yadav's house.,3010500.0,INR,INR,2025-07-11 07:30:26+00:00,2025-07-11T07:12:02.230000+00:00,2025-10-10T07:32:43+00:00,Abhay Kumar Pandey,PROJECT DIRECTOR,Bihar Urban Infrastructure Development Corporation Ltd.,"Vaishali, Buidco",Abhay Kumar Pandey,PROJECT DIRECTOR,Bihar Urban Infrastructure Development Corporation Ltd.,60300.0,11800.0,590.0,True,"{'Flood': 0, 'Embankment': 0, 'embkt': 0, 'Relief': 0, 'Erosion': 0, 'SDRF': 0, 'Inundation': 0, 'Hydrology': 0, 'Silt': 0, 'Siltation': 0, 'Bund': 0, 'Trench': 0, 'Breach': 0, 'Culvert': 0, 'Sluice': 0, 'Dyke': 0, 'Storm water drain': 0, 'Emergency': 0, 'Immediate': 0, 'IM': 0, 'AE': 0, 'A E': 0, 'AAPDA MITRA': 0, 'Bridge': 0, 'River': 0, 'Drain': 2, 'Restoration': 0, 'Protection': 0, 'irr': 0, 'irrigation': 0, 'dam': 0, 'Nallah': 0, 'nala': 0, 'Retrofitting': 0, 'Pond': 0, 'Pokhari': 0, 'D/C': 0, 'Recharge shaft': 0, 'LFB': 0, 'RFB': 0}","{'Floodlight': 0, 'Flood Light': 0, 'GAS': 0, 'FIFA': 0, 'pipe': 0, 'pipes': 0, 'covid': 0, 'supply': 0, 'Beautification': 0, 'Installation': 0}",,,False,True,Immediate Measures
105395,NIT-08/2025-26/GR-09,REPAIR OF DRAIN AND COMPOUND WALL AT ARWAL POLICE STATION IN THE DISTRICT OF ARWAL,REPAIR OF DRAIN AND COMPOUND WALL AT ARWAL POLICE STATION IN THE DISTRICT OF ARWAL,1045622.0,INR,INR,2025-07-11 11:02:16+00:00,2025-07-11T10:56:01.761000+00:00,2025-07-17T11:57:20+00:00,MUKESH KUMAR,SUPERINTENDENT ENGINEER,BPBCC_PATNA CIRCLE - II,PATNA,MUKESH KUMAR,SUPERINTENDENT ENGINEER,BPBCC_HEADQUARTER,20912.0,2500.0,590.0,True,"{'Flood': 0, 'Embankment': 0, 'embkt': 0, 'Relief': 0, 'Erosion': 0, 'SDRF': 0, 'Inundation': 0, 'Hydrology': 0, 'Silt': 0, 'Siltation': 0, 'Bund': 0, 'Trench': 0, 'Breach': 0, 'Culvert': 0, 'Sluice': 0, 'Dyke': 0, 'Storm water drain': 0, 'Emergency': 0, 'Immediate': 0, 'IM': 0, 'AE': 0, 'A E': 0, 'AAPDA MITRA': 0, 'Bridge': 0, 'River': 0, 'Drain': 2, 'Restoration': 0, 'Protection': 0, 'irr': 0, 'irrigation': 0, 'dam': 0, 'Nallah': 0, 'nala': 0, 'Retrofitting': 0, 'Pond': 0, 'Pokhari': 0, 'D/C': 0, 'Recharge shaft': 0, 'LFB': 0, 'RFB': 0}","{'Floodlight': 0, 'Flood Light': 0, 'GAS': 0, 'FIFA': 0, 'pipe': 0, 'pipes': 0, 'covid': 0, 'supply': 0, 'Beautification': 0, 'Installation': 0}",,,False,True,Immediate Measures
105430,SBD NIT-01/MUZAFFARPUR/BCD/2025-26 (GROUP-31),"CONSTRUCTION OF ONE NO. PANCHAYAT SARKAR BHAWAN FLOOD AFFEDCTED AT EACH PANCHAYAT (BHADAI PANCHAYAT, ATARAR PANCHAYAT AND SARHACHIYAN PANCHAYAT) AT AURAI  BLOCK IN MUZAFFARPUR DISTRICT  FOR THE YEAR - 2025-26 (ELECTRIFICATION INCLUDED)","CONSTRUCTION OF ONE NO. PANCHAYAT SARKAR BHAWAN FLOOD AFFEDCTED AT EACH PANCHAYAT (BHADAI PANCHAYAT, ATARAR PANCHAYAT AND SARHACHIYAN PANCHAYAT) AT AURAI  BLOCK IN MUZAFFARPUR DISTRICT  FOR THE YEAR - 2025-26 (ELECTRIFICATION INCLUDED)",83802663.0,INR,INR,2025-07-11 12:33:26+00:00,2025-07-11T12:01:17.351000+00:00,2025-08-04T09:31:00+00:00,EXECUTIVE ENGINEER BUILDING DIVISION MUZAFFARPUR,EXECUTIVE ENGINEER,BUILDING DIVISION MUZAFFARPUR,BUILDING DIVISION MUZAFFARPUR COMBINED BUILDING MUZAFFARPUR,"Superintending Engineer, Building Circle Muzaffarpur",SE,Building Circle Muzaffarpur,1676100.0,10000.0,5900.0,True,"{'Flood': 2, 'Embankment': 0, 'embkt': 0, 'Relief': 0, 'Erosion': 0, 'SDRF': 0, 'Inundation': 0, 'Hydrology': 0, 'Silt': 0, 'Siltation': 0, 'Bund': 0, 'Trench': 0, 'Breach': 0, 'Culvert': 0, 'Sluice': 0, 'Dyke': 0, 'Storm water drain': 0, 'Emergency': 0, 'Immediate': 0, 'IM': 0, 'AE': 0, 'A E': 0, 'AAPDA MITRA': 0, 'Bridge': 0, 'River': 0, 'Drain': 0, 'Restoration': 0, 'Protection': 0, 'irr': 0, 'irrigation': 0, 'dam': 0, 'Nallah': 0, 'nala': 0, 'Retrofitting': 0, 'Pond': 0, 'Pokhari': 0, 'D/C': 0, 'Recharge shaft': 0, 'LFB': 0, 'RFB': 0}","{'Floodlight': 0, 'Flood Light': 0, 'GAS': 0, 'FIFA': 0, 'pipe': 0, 'pipes': 0, 'covid': 0, 'supply': 0, 'Beautification': 0, 'Installation': 0}",,,False,False,Immediate Measures
105435,74/PR/NBPDCL/2025,Request for Proposals (RFP) for Establishment of Cyber Security Operations Centre at NBPDCL for protection of IT/OT Systems of NBPDCL & SBPDCL.,Request for Proposals (RFP) for Establishment of Cyber Security Operations Centre at NBPDCL for protection of IT/OT Systems of NBPDCL & SBPDCL.,691022995.0,INR,INR,2025-07-11 14:38:36+00:00,2025-07-11T13:59:09.973000+00:00,2025-08-20T12:31:00+00:00,KULDEEP SHARMA,DBA HQ NBPDCL,"NORTH BIHAR POWER DISTRIBUTION CO LTD, PATNA",3rd floor nbpdcl vidyut BHAWAN Patna,KULDEEP SHARMA,DBA HQ NBPDCL,"NORTH BIHAR POWER DISTRIBUTION CO LTD,PATNA",7910500.0,25000.0,5900.0,True,"{'Flood': 0, 'Embankment': 0, 'embkt': 0, 'Relief': 0, 'Erosion': 0, 'SDRF': 0, 'Inundation': 0, 'Hydrology': 0, 'Silt': 0, 'Siltation': 0, 'Bund': 0, 'Trench': 0, 'Breach': 0, 'Culvert': 0, 'Sluice': 0, 'Dyke': 0, 'Storm water drain': 0, 'Emergency': 0, 'Immediate': 0, 'IM': 0, 'AE': 0, 'A E': 0, 'AAPDA MITRA': 0, 'Bridge': 0, 'River': 0, 'Drain': 0, 'Restoration': 0, 'Protection': 2, 'irr': 0, 'irrigation': 0, 'dam': 0, 'Nallah': 0, 'nala': 0, 'Retrofitting': 0, 'Pond': 0, 'Pokhari': 0, 'D/C': 0, 'Recharge shaft': 0, 'LFB': 0, 'RFB': 0}","{'Floodlight': 0, 'Flood Light': 0, 'GAS': 0, 'FIFA': 0, 'pipe': 0, 'pipes': 0, 'covid': 0, 'supply': 0, 'Beautification': 0, 'Installation': 0}",,,False,False,Preparedness Measures
105433,SBD NIT-01/MUZAFFARPUR/BCD/2025-26 (GROUP-32),CONSTRUCTION OF ONE NO. PANCHAYAT SARKAR BHAWAN (KEWATASA) FLOOD AFFEDCTED AT GAYGHAT  BLOCK IN MUZAFFARPUR DISTRICT  FOR THE YEAR - 2025-26 (ELECTRIFICATION INCLUDED),CONSTRUCTION OF ONE NO. PANCHAYAT SARKAR BHAWAN (KEWATASA) FLOOD AFFEDCTED AT GAYGHAT  BLOCK IN MUZAFFARPUR DISTRICT  FOR THE YEAR - 2025-26 (ELECTRIFICATION INCLUDED),27934221.0,INR,INR,2025-07-11 13:06:41+00:00,2025-07-11T12:38:58.436000+00:00,2025-08-06T08:49:13+00:00,EXECUTIVE ENGINEER BUILDING DIVISION MUZAFFARPUR,EXECUTIVE ENGINEER,BUILDING DIVISION MUZAFFARPUR,BUILDING DIVISION MUZAFFARPUR COMBINED BUILDING MUZAFFARPUR,"Superintending Engineer, Building Circle Muzaffarpur",SE,Building Circle Muzaffarpur,558700.0,10000.0,3540.0,True,"{'Flood': 2, 'Embankment': 0, 'embkt': 0, 'Relief': 0, 'Erosion': 0, 'SDRF': 0, 'Inundation': 0, 'Hydrology': 0, 'Silt': 0, 'Siltation': 0, 'Bund': 0, 'Trench': 0, 'Breach': 0, 'Culvert': 0, 'Sluice': 0, 'Dyke': 0, 'Storm water drain': 0, 'Emergency': 0, 'Immediate': 0, 'IM': 0, 'AE': 0, 'A E': 0, 'AAPDA MITRA': 0, 'Bridge': 0, 'River': 0, 'Drain': 0, 'Restoration': 0, 'Protection': 0, 'irr': 0, 'irrigation': 0, 'dam': 0, 'Nallah': 0, 'nala': 0, 'Retrofitting': 0, 'Pond': 0, 'Pokhari': 0, 'D/C': 0, 'Recharge shaft': 0, 'LFB': 0, 'RFB': 0}","{'Floodlight': 0, 'Flood Light': 0, 'GAS': 0, 'FIFA': 0, 'pipe': 0, 'pipes': 0, 'covid': 0, 'supply': 0, 'Beautification': 0, 'Installation': 0}",,,False,False,Immediate Measures
105574,06/2025-26/NPD/GR 01,Construction work of RCC drain with cover from the culvert near Vishwanath Mishra's house to South Mundrika Singh's house in ward no. 04 and 05,Construction work of RCC drain with cover from the culvert near Vishwanath Mishra's house to South Mundrika Singh's house in ward no. 04 and 05,4527800.0,INR,INR,2025-07-14 06:30:22+00:00,2025-07-14T06:20:16.830000+00:00,2025-07-24T06:16:08+00:00,RISHIKESH AWASTHI,"Executive Officer, Nagar Parishad Daudnagar (Aurangabad)",Nagar Parishad Daudnagar (Aurangabad),Nagar Parishad Daudnagar,"EXECUTIVE OFFICER, DAUDNAGAR",EO,NAGAR PARISHAD DAUDNAGAR,90600.0,5000.0,590.0,True,"{'Flood': 0, 'Embankment': 0, 'embkt': 0, 'Relief': 0, 'Erosion': 0, 'SDRF': 0, 'Inundation': 0, 'Hydrology': 0, 'Silt': 0, 'Siltation': 0, 'Bund': 0, 'Trench': 0, 'Breach': 0, 'Culvert': 2, 'Sluice': 0, 'Dyke': 0, 'Storm water drain': 0, 'Emergency': 0, 'Immediate': 0, 'IM': 0, 'AE': 0, 'A E': 0, 'AAPDA MITRA': 0, 'Bridge': 0, 'River': 0, 'Drain': 2, 'Restoration': 0, 'Protection': 0, 'irr': 0, 'irrigation': 0, 'dam': 0, 'Nallah': 0, 'nala': 0, 'Retrofitting': 0, 'Pond': 0, 'Pokhari': 0, 'D/C': 0, 'Recharge shaft': 0, 'LFB': 0, 'RFB': 0}","{'Floodlight': 0, 'Flood Light': 0, 'GAS': 0, 'FIFA': 0, 'pipe': 0, 'pipes': 0, 'covid': 0, 'supply': 0, 'Beautification': 0, 'Installation': 0}",,,False,True,Immediate Measures
105576,06/2025-26/NPD/GR 02,"construction work including PCC path and RCC drain cover,  from the house of Mukhiya ji to the house of Ram Avtar Chaudhary, from Kila Road to the house of Mohan Patwa via the house of Yogendra Mahato, from the house of Dilip Chandravanshi to the house of Rajendra Pandey, from the house of Mohan Tanti to the house of Manohar Swarnkar, from the house of Lallu Lal to the house of Satyanarayan Mahato, from the house of Chandrika Rajak to the main road, In ward number 02,","construction work including PCC path and RCC drain cover,  from the house of Mukhiya ji to the house of Ram Avtar Chaudhary, from Kila Road to the house of Mohan Patwa via the house of Yogendra Mahato, from the house of Dilip Chandravanshi to the house of Rajendra Pandey, from the house of Mohan Tanti to the house of Manohar Swarnkar, from the house of Lallu Lal to the house of Satyanarayan Mahato, from the house of Chandrika Rajak to the main road, In ward number 02,",3760700.0,INR,INR,2025-07-14 06:37:01+00:00,2025-07-14T06:30:39.238000+00:00,2025-07-24T06:16:14+00:00,RISHIKESH AWASTHI,"Executive Officer, Nagar Parishad Daudnagar (Aurangabad)",Nagar Parishad Daudnagar (Aurangabad),Nagar Parishad Daudnagar,"EXECUTIVE OFFICER, DAUDNAGAR",EO,NAGAR PARISHAD DAUDNAGAR,75300.0,5000.0,590.0,True,"{'Flood': 0, 'Embankment': 0, 'embkt': 0, 'Relief': 0, 'Erosion': 0, 'SDRF': 0, 'Inundation': 0, 'Hydrology': 0, 'Silt': 0, 'Siltation': 0, 'Bund': 0, 'Trench': 0, 'Breach': 0, 'Culvert': 0, 'Sluice': 0, 'Dyke': 0, 'Storm water drain': 0, 'Emergency': 0, 'Immediate': 0, 'IM': 0, 'AE': 0, 'A E': 0, 'AAPDA MITRA': 0, 'Bridge': 0, 'River': 0, 'Drain': 2, 'Restoration': 0, 'Protection': 0, 'irr': 0, 'irrigation': 0, 'dam': 0, 'Nallah': 0, 'nala': 0, 'Retrofitting': 0, 'Pond': 0, 'Pokhari': 0, 'D/C': 0, 'Recharge shaft': 0, 'LFB': 0, 'RFB': 0}","{'Floodlight': 0, 'Flood Light': 0, 'GAS': 0, 'FIFA': 0, 'pipe': 0, 'pipes': 0, 'covid': 0, 'supply': 0, 'Beautification': 0, 'Installation': 0}",,,False,True,Immediate Measures
105597,Retender NIT NO-19/R3/2024-25/PHED/NAWADA/GR-01,"Construction of  25 Nos. 125mm x 45 MTR. Gravel Packed tubewell & 09 No. 125/115 mm dia 60 MTR Deep Drilled tubewell for Sinking of I.M.-II Handpump with Platform, Drain & Soakpit due to drought condition and falling water level in Water Scarce area of district Nawada under P.H. Division, Nawada through Rajya Yojna for the Year 2025-26.","Construction of  25 Nos. 125mm x 45 MTR. Gravel Packed tubewell & 09 No. 125/115 mm dia 60 MTR Deep Drilled tubewell for Sinking of I.M.-II Handpump with Platform, Drain & Soakpit due to drought condition and falling water level in Water Scarce area of district Nawada under P.H. Division, Nawada through Rajya Yojna for the Year 2025-26.",3456956.0,INR,INR,2025-07-14 11:17:39+00:00,2025-07-14T09:46:25.767000+00:00,2025-08-18T06:34:01+00:00,"EXECUTIVE ENGINEER,  NAWADA",EE,P.H.DIVISION NAWADA,NEAR BIHAR BUS STAND P.H.DIVISION NAWADA,Abhijeet Kumar,Superintending Engineer (Gaya),Public Health Engineering Department,69200.0,5000.0,590.0,True,"{'Flood': 0, 'Embankment': 0, 'embkt': 0, 'Relief': 0, 'Erosion': 0, 'SDRF': 0, 'Inundation': 0, 'Hydrology': 0, 'Silt': 0, 'Siltation': 0, 'Bund': 0, 'Trench': 0, 'Breach': 0, 'Culvert': 0, 'Sluice': 0, 'Dyke': 0, 'Storm water drain': 0, 'Emergency': 0, 'Immediate': 0, 'IM': 0, 'AE': 0, 'A E': 0, 'AAPDA MITRA': 0, 'Bridge': 0, 'River': 0, 'Drain': 2, 'Restoration': 0, 'Protection': 0, 'irr': 0, 'irrigation': 0, 'dam': 0, 'Nallah': 0, 'nala': 0, 'Retrofitting': 0, 'Pond': 0, 'Pokhari': 0, 'D/C': 0, 'Recharge shaft': 0, 'LFB': 0, 'RFB': 0}","{'Floodlight': 0, 'Flood Light': 0, 'GAS': 0, 'FIFA': 0, 'pipe': 0, 'pipes': 0, 'covid': 0, 'supply': 0, 'Beautification': 0, 'Installation': 0}",,,False,True,Immediate Measures
105600,NIT-07/MMC/MUZAFFARPUR/2025-26-GR-01,Construction of P.C.C. Road And R.C.C. Drain In Ward No.02 jhitkahiya perfect motor front lane no-17. GROUP-01,Construction of P.C.C. Road And R.C.C. Drain In Ward No.02 jhitkahiya perfect motor front lane no-17. GROUP-01,1589100.0,INR,INR,2025-07-15 07:46:39+00:00,2025-07-14T10:37:12+00:00,2025-09-02T07:22:24+00:00,Muzaffarpur Municipal Commissioner,Municipal Commissioner,Muzaffarpur Municipal Corporation,Opposite of Muzaffarpur Railway Station,"MUNICIPAL COMMISSIONER, MUZAFFARPUR",MUNICIPAL COMMISSIONER,MUZAFFARPUR MUNICIPAL CORPORATION,31800.0,5000.0,590.0,True,"{'Flood': 0, 'Embankment': 0, 'embkt': 0, 'Relief': 0, 'Erosion': 0, 'SDRF': 0, 'Inundation': 0, 'Hydrology': 0, 'Silt': 0, 'Siltation': 0, 'Bund': 0, 'Trench': 0, 'Breach': 0, 'Culvert': 0, 'Sluice': 0, 'Dyke': 0, 'Storm water drain': 0, 'Emergency': 0, 'Immediate': 0, 'IM': 0, 'AE': 0, 'A E': 0, 'AAPDA MITRA': 0, 'Bridge': 0, 'River': 0, 'Drain': 2, 'Restoration': 0, 'Protection': 0, 'irr': 0, 'irrigation': 0, 'dam': 0, 'Nallah': 0, 'nala': 0, 'Retrofitting': 0, 'Pond': 0, 'Pokhari': 0, 'D/C': 0, 'Recharge shaft': 0, 'LFB': 0, 'RFB': 0}","{'Floodlight': 0, 'Flood Light': 0, 'GAS': 0, 'FIFA': 0, 'pipe': 0, 'pipes': 0, 'covid': 0, 'supply': 0, 'Beautification': 0, 'Installation': 0}",,,False,True,Immediate Measures
105604,NIT-07/MMC/MUZAFFARPUR/2025-26-GR-04,Construction of  Paver block road and rcc drain in ward -17 from balu ghat dhalani kai nikat. GROUP-04,Construction of  Paver block road and rcc drain in ward -17 from balu ghat dhalani kai nikat. GROUP-04,1521200.0,INR,INR,2025-07-15 07:53:26+00:00,2025-07-14T10:45:55.250000+00:00,2025-09-27T10:05:55+00:00,Muzaffarpur Municipal Commissioner,Municipal Commissioner,Muzaffarpur Municipal Corporation,Opposite of Muzaffarpur Railway Station,"MUNICIPAL COMMISSIONER, MUZAFFARPUR",MUNICIPAL COMMISSIONER,MUZAFFARPUR MUNICIPAL CORPORATION,30500.0,5000.0,590.0,True,"{'Flood': 0, 'Embankment': 0, 'embkt': 0, 'Relief': 0, 'Erosion': 0, 'SDRF': 0, 'Inundation': 0, 'Hydrology': 0, 'Silt': 0, 'Siltation': 0, 'Bund': 0, 'Trench': 0, 'Breach': 0, 'Culvert': 0, 'Sluice': 0, 'Dyke': 0, 'Storm water drain': 0, 'Emergency': 0, 'Immediate': 0, 'IM': 0, 'AE': 0, 'A E': 0, 'AAPDA MITRA': 0, 'Bridge': 0, 'River': 0, 'Drain': 2, 'Restoration': 0, 'Protection': 0, 'irr': 0, 'irrigation': 0, 'dam': 0, 'Nallah': 0, 'nala': 0, 'Retrofitting': 0, 'Pond': 0, 'Pokhari': 0, 'D/C': 0, 'Recharge shaft': 0, 'LFB': 0, 'RFB': 0}","{'Floodlight': 0, 'Flood Light': 0, 'GAS': 0, 'FIFA': 0, 'pipe': 0, 'pipes': 0, 'covid': 0, 'supply': 0, 'Beautification': 0, 'Installation': 0}",,,False,True,Immediate Measures
105606,NIT-07/MMC/MUZAFFARPUR/2025-26-GR-06,Construction of P.C.C. Road And R.C.C. Drain In from house of Basudev Babu To House of Kumar Ji  in Ward No.-19 Under MMC. Muzaffarpur. GROUP-06,Construction of P.C.C. Road And R.C.C. Drain In from house of Basudev Babu To House of Kumar Ji  in Ward No.-19 Under MMC. Muzaffarpur. GROUP-06,988400.0,INR,INR,2025-07-15 07:55:12+00:00,2025-07-14T10:46:18.473000+00:00,2025-09-02T11:01:11+00:00,Muzaffarpur Municipal Commissioner,Municipal Commissioner,Muzaffarpur Municipal Corporation,Opposite of Muzaffarpur Railway Station,"MUNICIPAL COMMISSIONER, MUZAFFARPUR",MUNICIPAL COMMISSIONER,MUZAFFARPUR MUNICIPAL CORPORATION,19800.0,1250.0,590.0,True,"{'Flood': 0, 'Embankment': 0, 'embkt': 0, 'Relief': 0, 'Erosion': 0, 'SDRF': 0, 'Inundation': 0, 'Hydrology': 0, 'Silt': 0, 'Siltation': 0, 'Bund': 0, 'Trench': 0, 'Breach': 0, 'Culvert': 0, 'Sluice': 0, 'Dyke': 0, 'Storm water drain': 0, 'Emergency': 0, 'Immediate': 0, 'IM': 0, 'AE': 0, 'A E': 0, 'AAPDA MITRA': 0, 'Bridge': 0, 'River': 0, 'Drain': 2, 'Restoration': 0, 'Protection': 0, 'irr': 0, 'irrigation': 0, 'dam': 0, 'Nallah': 0, 'nala': 0, 'Retrofitting': 0, 'Pond': 0, 'Pokhari': 0, 'D/C': 0, 'Recharge shaft': 0, 'LFB': 0, 'RFB': 0}","{'Floodlight': 0, 'Flood Light': 0, 'GAS': 0, 'FIFA': 0, 'pipe': 0, 'pipes': 0, 'covid': 0, 'supply': 0, 'Beautification': 0, 'Installation': 0}",,,False,True,Immediate Measures
105610,NIT-07/MMC/MUZAFFARPUR/2025-26-GR-10,Construction Of P.C.C. Road And R.C.C. Drain In Ward No-36 Mohannagar From  House Of Brajesh Jee to  House of Bipin Singh Under M.M.C Muzaffarpur. GROUP-10,Construction Of P.C.C. Road And R.C.C. Drain In Ward No-36 Mohannagar From  House Of Brajesh Jee to  House of Bipin Singh Under M.M.C Muzaffarpur. GROUP-10,1524100.0,INR,INR,2025-07-15 07:59:10+00:00,2025-07-14T10:47:10.764000+00:00,2025-09-02T10:56:26+00:00,Muzaffarpur Municipal Commissioner,Municipal Commissioner,Muzaffarpur Municipal Corporation,Opposite of Muzaffarpur Railway Station,"MUNICIPAL COMMISSIONER, MUZAFFARPUR",MUNICIPAL COMMISSIONER,MUZAFFARPUR MUNICIPAL CORPORATION,30500.0,5000.0,590.0,True,"{'Flood': 0, 'Embankment': 0, 'embkt': 0, 'Relief': 0, 'Erosion': 0, 'SDRF': 0, 'Inundation': 0, 'Hydrology': 0, 'Silt': 0, 'Siltation': 0, 'Bund': 0, 'Trench': 0, 'Breach': 0, 'Culvert': 0, 'Sluice': 0, 'Dyke': 0, 'Storm water drain': 0, 'Emergency': 0, 'Immediate': 0, 'IM': 0, 'AE': 0, 'A E': 0, 'AAPDA MITRA': 0, 'Bridge': 0, 'River': 0, 'Drain': 2, 'Restoration': 0, 'Protection': 0, 'irr': 0, 'irrigation': 0, 'dam': 0, 'Nallah': 0, 'nala': 0, 'Retrofitting': 0, 'Pond': 0, 'Pokhari': 0, 'D/C': 0, 'Recharge shaft': 0, 'LFB': 0, 'RFB': 0}","{'Floodlight': 0, 'Flood Light': 0, 'GAS': 0, 'FIFA': 0, 'pipe': 0, 'pipes': 0, 'covid': 0, 'supply': 0, 'Beautification': 0, 'Installation': 0}",,,False,True,Immediate Measures
105607,NIT-07/MMC/MUZAFFARPUR/2025-26-GR-07,Construction of P.C.C. Road And R.C.C. Drain In Ward-24 In Aayudaya Prasad Lane In Dagaji Gali To The House Of Shankar Rai  Under MMC. Muzaffarpur. GROUP-07,Construction of P.C.C. Road And R.C.C. Drain In Ward-24 In Aayudaya Prasad Lane In Dagaji Gali To The House Of Shankar Rai  Under MMC. Muzaffarpur. GROUP-07,568500.0,INR,INR,2025-07-15 07:56:38+00:00,2025-07-14T10:46:31.852000+00:00,2025-09-02T11:11:42+00:00,Muzaffarpur Municipal Commissioner,Municipal Commissioner,Muzaffarpur Municipal Corporation,Opposite of Muzaffarpur Railway Station,"MUNICIPAL COMMISSIONER, MUZAFFARPUR",MUNICIPAL COMMISSIONER,MUZAFFARPUR MUNICIPAL CORPORATION,11400.0,1250.0,590.0,True,"{'Flood': 0, 'Embankment': 0, 'embkt': 0, 'Relief': 0, 'Erosion': 0, 'SDRF': 0, 'Inundation': 0, 'Hydrology': 0, 'Silt': 0, 'Siltation': 0, 'Bund': 0, 'Trench': 0, 'Breach': 0, 'Culvert': 0, 'Sluice': 0, 'Dyke': 0, 'Storm water drain': 0, 'Emergency': 0, 'Immediate': 0, 'IM': 0, 'AE': 0, 'A E': 0, 'AAPDA MITRA': 0, 'Bridge': 0, 'River': 0, 'Drain': 2, 'Restoration': 0, 'Protection': 0, 'irr': 0, 'irrigation': 0, 'dam': 0, 'Nallah': 0, 'nala': 0, 'Retrofitting': 0, 'Pond': 0, 'Pokhari': 0, 'D/C': 0, 'Recharge shaft': 0, 'LFB': 0, 'RFB': 0}","{'Floodlight': 0, 'Flood Light': 0, 'GAS': 0, 'FIFA': 0, 'pipe': 0, 'pipes': 0, 'covid': 0, 'supply': 0, 'Beautification': 0, 'Installation': 0}",,,False,True,Immediate Measures
105602,NIT-07/MMC/MUZAFFARPUR/2025-26-GR-02,"CONSTRUCTION OF R.C.C. DRAIN FROM DR. BRAJMOHAN GALI  IN WARD NO.02, UNDER MMC. MUZAFFARPUR. GROUP-02","CONSTRUCTION OF R.C.C. DRAIN FROM DR. BRAJMOHAN GALI  IN WARD NO.02, UNDER MMC. MUZAFFARPUR. GROUP-02",2498681.0,INR,INR,2025-07-15 07:50:40+00:00,2025-07-14T10:45:28.185000+00:00,2025-09-27T10:10:41+00:00,Muzaffarpur Municipal Commissioner,Municipal Commissioner,Muzaffarpur Municipal Corporation,Opposite of Muzaffarpur Railway Station,"MUNICIPAL COMMISSIONER, MUZAFFARPUR",MUNICIPAL COMMISSIONER,MUZAFFARPUR MUNICIPAL CORPORATION,50000.0,5000.0,590.0,True,"{'Flood': 0, 'Embankment': 0, 'embkt': 0, 'Relief': 0, 'Erosion': 0, 'SDRF': 0, 'Inundation': 0, 'Hydrology': 0, 'Silt': 0, 'Siltation': 0, 'Bund': 0, 'Trench': 0, 'Breach': 0, 'Culvert': 0, 'Sluice': 0, 'Dyke': 0, 'Storm water drain': 0, 'Emergency': 0, 'Immediate': 0, 'IM': 0, 'AE': 0, 'A E': 0, 'AAPDA MITRA': 0, 'Bridge': 0, 'River': 0, 'Drain': 2, 'Restoration': 0, 'Protection': 0, 'irr': 0, 'irrigation': 0, 'dam': 0, 'Nallah': 0, 'nala': 0, 'Retrofitting': 0, 'Pond': 0, 'Pokhari': 0, 'D/C': 0, 'Recharge shaft': 0, 'LFB': 0, 'RFB': 0}","{'Floodlight': 0, 'Flood Light': 0, 'GAS': 0, 'FIFA': 0, 'pipe': 0, 'pipes': 0, 'covid': 0, 'supply': 0, 'Beautification': 0, 'Installation': 0}",,,False,True,Immediate Measures
105608,NIT-07/MMC/MUZAFFARPUR/2025-26-GR-08,Construction Of P.C.C. Road And R.C.C. Drain In Ward No-35 in Raj Rani Marg Uma Shankar Babu lane From  House Of Manoj Mahrotra to  Ram Janki Temple Undar M.M.C Muzaffarpur. GROUP-08,Construction Of P.C.C. Road And R.C.C. Drain In Ward No-35 in Raj Rani Marg Uma Shankar Babu lane From  House Of Manoj Mahrotra to  Ram Janki Temple Undar M.M.C Muzaffarpur. GROUP-08,1397000.0,INR,INR,2025-07-15 07:57:30+00:00,2025-07-14T10:46:46.196000+00:00,2025-09-02T07:18:56+00:00,Muzaffarpur Municipal Commissioner,Municipal Commissioner,Muzaffarpur Municipal Corporation,Opposite of Muzaffarpur Railway Station,"MUNICIPAL COMMISSIONER, MUZAFFARPUR",MUNICIPAL COMMISSIONER,MUZAFFARPUR MUNICIPAL CORPORATION,28000.0,2500.0,590.0,True,"{'Flood': 0, 'Embankment': 0, 'embkt': 0, 'Relief': 0, 'Erosion': 0, 'SDRF': 0, 'Inundation': 0, 'Hydrology': 0, 'Silt': 0, 'Siltation': 0, 'Bund': 0, 'Trench': 0, 'Breach': 0, 'Culvert': 0, 'Sluice': 0, 'Dyke': 0, 'Storm water drain': 0, 'Emergency': 0, 'Immediate': 0, 'IM': 0, 'AE': 0, 'A E': 0, 'AAPDA MITRA': 0, 'Bridge': 0, 'River': 0, 'Drain': 2, 'Restoration': 0, 'Protection': 0, 'irr': 0, 'irrigation': 0, 'dam': 0, 'Nallah': 0, 'nala': 0, 'Retrofitting': 0, 'Pond': 0, 'Pokhari': 0, 'D/C': 0, 'Recharge shaft': 0, 'LFB': 0, 'RFB': 0}","{'Floodlight': 0, 'Flood Light': 0, 'GAS': 0, 'FIFA': 0, 'pipe': 0, 'pipes': 0, 'covid': 0, 'supply': 0, 'Beautification': 0, 'Installation': 0}",,,False,True,Immediate Measures
105611,NIT-07/MMC/MUZAFFARPUR/2025-26-GR-11,Construction Of P.C.C. Road And R.C.C. Drain In Ward No-36  From  P N Singh Market to  House Of Chitranjan Prasad Gupta Under M.M.C Muzaffarpur. GROUP-11,Construction Of P.C.C. Road And R.C.C. Drain In Ward No-36  From  P N Singh Market to  House Of Chitranjan Prasad Gupta Under M.M.C Muzaffarpur. GROUP-11,776600.0,INR,INR,2025-07-15 08:00:07+00:00,2025-07-14T10:47:21.080000+00:00,2025-09-02T07:35:37+00:00,Muzaffarpur Municipal Commissioner,Municipal Commissioner,Muzaffarpur Municipal Corporation,Opposite of Muzaffarpur Railway Station,"MUNICIPAL COMMISSIONER, MUZAFFARPUR",MUNICIPAL COMMISSIONER,MUZAFFARPUR MUNICIPAL CORPORATION,15600.0,1250.0,590.0,True,"{'Flood': 0, 'Embankment': 0, 'embkt': 0, 'Relief': 0, 'Erosion': 0, 'SDRF': 0, 'Inundation': 0, 'Hydrology': 0, 'Silt': 0, 'Siltation': 0, 'Bund': 0, 'Trench': 0, 'Breach': 0, 'Culvert': 0, 'Sluice': 0, 'Dyke': 0, 'Storm water drain': 0, 'Emergency': 0, 'Immediate': 0, 'IM': 0, 'AE': 0, 'A E': 0, 'AAPDA MITRA': 0, 'Bridge': 0, 'River': 0, 'Drain': 2, 'Restoration': 0, 'Protection': 0, 'irr': 0, 'irrigation': 0, 'dam': 0, 'Nallah': 0, 'nala': 0, 'Retrofitting': 0, 'Pond': 0, 'Pokhari': 0, 'D/C': 0, 'Recharge shaft': 0, 'LFB': 0, 'RFB': 0}","{'Floodlight': 0, 'Flood Light': 0, 'GAS': 0, 'FIFA': 0, 'pipe': 0, 'pipes': 0, 'covid': 0, 'supply': 0, 'Beautification': 0, 'Installation': 0}",,,False,True,Immediate Measures
105612,NIT-07/MMC/MUZAFFARPUR/2025-26-GR-12,Construction Of P.C.C. Road And R.C.C. Drain In Ward No-38 From  House Of Ravi Jee Kacchi Sarai Immamwara To  House Of Mishra Jee Via House Of Md.Ashraf  Undar M.M.C Muzaffarpur. GROUP-12,Construction Of P.C.C. Road And R.C.C. Drain In Ward No-38 From  House Of Ravi Jee Kacchi Sarai Immamwara To  House Of Mishra Jee Via House Of Md.Ashraf  Undar M.M.C Muzaffarpur. GROUP-12,2494700.0,INR,INR,2025-07-15 08:01:27+00:00,2025-07-14T10:47:33.396000+00:00,2025-09-02T11:20:30+00:00,Muzaffarpur Municipal Commissioner,Municipal Commissioner,Muzaffarpur Municipal Corporation,Opposite of Muzaffarpur Railway Station,"MUNICIPAL COMMISSIONER, MUZAFFARPUR",MUNICIPAL COMMISSIONER,MUZAFFARPUR MUNICIPAL CORPORATION,49900.0,5000.0,590.0,True,"{'Flood': 0, 'Embankment': 0, 'embkt': 0, 'Relief': 0, 'Erosion': 0, 'SDRF': 0, 'Inundation': 0, 'Hydrology': 0, 'Silt': 0, 'Siltation': 0, 'Bund': 0, 'Trench': 0, 'Breach': 0, 'Culvert': 0, 'Sluice': 0, 'Dyke': 0, 'Storm water drain': 0, 'Emergency': 0, 'Immediate': 0, 'IM': 0, 'AE': 0, 'A E': 0, 'AAPDA MITRA': 0, 'Bridge': 0, 'River': 0, 'Drain': 2, 'Restoration': 0, 'Protection': 0, 'irr': 0, 'irrigation': 0, 'dam': 0, 'Nallah': 0, 'nala': 0, 'Retrofitting': 0, 'Pond': 0, 'Pokhari': 0, 'D/C': 0, 'Recharge shaft': 0, 'LFB': 0, 'RFB': 0}","{'Floodlight': 0, 'Flood Light': 0, 'GAS': 0, 'FIFA': 0, 'pipe': 0, 'pipes': 0, 'covid': 0, 'supply': 0, 'Beautification': 0, 'Installation': 0}",,,False,True,Immediate Measures
105617,NIT-07/MMC/MUZAFFARPUR/2025-26-GR-17,Construction Of P.C.C. Road And R.C.C. Drain In Ward No-46 In Kanchan Nagar Dr. Murari Choudhery House To Sujit Kumar Singh House Undar M.M.C Muzaffarpur. GROUP-17,Construction Of P.C.C. Road And R.C.C. Drain In Ward No-46 In Kanchan Nagar Dr. Murari Choudhery House To Sujit Kumar Singh House Undar M.M.C Muzaffarpur. GROUP-17,1886800.0,INR,INR,2025-07-15 08:06:37+00:00,2025-07-14T10:48:27.477000+00:00,2025-09-02T10:52:09+00:00,Muzaffarpur Municipal Commissioner,Municipal Commissioner,Muzaffarpur Municipal Corporation,Opposite of Muzaffarpur Railway Station,"MUNICIPAL COMMISSIONER, MUZAFFARPUR",MUNICIPAL COMMISSIONER,MUZAFFARPUR MUNICIPAL CORPORATION,37800.0,5000.0,590.0,True,"{'Flood': 0, 'Embankment': 0, 'embkt': 0, 'Relief': 0, 'Erosion': 0, 'SDRF': 0, 'Inundation': 0, 'Hydrology': 0, 'Silt': 0, 'Siltation': 0, 'Bund': 0, 'Trench': 0, 'Breach': 0, 'Culvert': 0, 'Sluice': 0, 'Dyke': 0, 'Storm water drain': 0, 'Emergency': 0, 'Immediate': 0, 'IM': 0, 'AE': 0, 'A E': 0, 'AAPDA MITRA': 0, 'Bridge': 0, 'River': 0, 'Drain': 2, 'Restoration': 0, 'Protection': 0, 'irr': 0, 'irrigation': 0, 'dam': 0, 'Nallah': 0, 'nala': 0, 'Retrofitting': 0, 'Pond': 0, 'Pokhari': 0, 'D/C': 0, 'Recharge shaft': 0, 'LFB': 0, 'RFB': 0}","{'Floodlight': 0, 'Flood Light': 0, 'GAS': 0, 'FIFA': 0, 'pipe': 0, 'pipes': 0, 'covid': 0, 'supply': 0, 'Beautification': 0, 'Installation': 0}",,,False,True,Immediate Measures
105615,NIT-07/MMC/MUZAFFARPUR/2025-26-GR-15,Construction of pcc road and rcc drain in ward-41 from mai asthan mandir to udai patel house. GROUP-15,Construction of pcc road and rcc drain in ward-41 from mai asthan mandir to udai patel house. GROUP-15,866100.0,INR,INR,2025-07-15 08:04:12+00:00,2025-07-14T10:48:05.088000+00:00,2025-09-02T07:26:10+00:00,Muzaffarpur Municipal Commissioner,Municipal Commissioner,Muzaffarpur Municipal Corporation,Opposite of Muzaffarpur Railway Station,"MUNICIPAL COMMISSIONER, MUZAFFARPUR",MUNICIPAL COMMISSIONER,MUZAFFARPUR MUNICIPAL CORPORATION,17400.0,1250.0,590.0,True,"{'Flood': 0, 'Embankment': 0, 'embkt': 0, 'Relief': 0, 'Erosion': 0, 'SDRF': 0, 'Inundation': 0, 'Hydrology': 0, 'Silt': 0, 'Siltation': 0, 'Bund': 0, 'Trench': 0, 'Breach': 0, 'Culvert': 0, 'Sluice': 0, 'Dyke': 0, 'Storm water drain': 0, 'Emergency': 0, 'Immediate': 0, 'IM': 0, 'AE': 0, 'A E': 0, 'AAPDA MITRA': 0, 'Bridge': 0, 'River': 0, 'Drain': 2, 'Restoration': 0, 'Protection': 0, 'irr': 0, 'irrigation': 0, 'dam': 0, 'Nallah': 0, 'nala': 0, 'Retrofitting': 0, 'Pond': 0, 'Pokhari': 0, 'D/C': 0, 'Recharge shaft': 0, 'LFB': 0, 'RFB': 0}","{'Floodlight': 0, 'Flood Light': 0, 'GAS': 0, 'FIFA': 0, 'pipe': 0, 'pipes': 0, 'covid': 0, 'supply': 0, 'Beautification': 0, 'Installation': 0}",,,False,True,Immediate Measures
105618,NIT-07/MMC/MUZAFFARPUR/2025-26-GR-18,Construction Of P.C.C. Road And R.C.C. Drain In Ward No-48 From Rajput Tola Kanhuli From Albert Mission School Besides To Vinod Singh House Undar M.M.C Muzaffarpur.  GROUP-18,Construction Of P.C.C. Road And R.C.C. Drain In Ward No-48 From Rajput Tola Kanhuli From Albert Mission School Besides To Vinod Singh House Undar M.M.C Muzaffarpur.  GROUP-18,2757600.0,INR,INR,2025-07-15 08:07:40+00:00,2025-07-14T10:48:40.444000+00:00,2025-11-27T08:20:48+00:00,Muzaffarpur Municipal Commissioner,Municipal Commissioner,Muzaffarpur Municipal Corporation,Opposite of Muzaffarpur Railway Station,"MUNICIPAL COMMISSIONER, MUZAFFARPUR",MUNICIPAL COMMISSIONER,MUZAFFARPUR MUNICIPAL CORPORATION,55200.0,5000.0,590.0,True,"{'Flood': 0, 'Embankment': 0, 'embkt': 0, 'Relief': 0, 'Erosion': 0, 'SDRF': 0, 'Inundation': 0, 'Hydrology': 0, 'Silt': 0, 'Siltation': 0, 'Bund': 0, 'Trench': 0, 'Breach': 0, 'Culvert': 0, 'Sluice': 0, 'Dyke': 0, 'Storm water drain': 0, 'Emergency': 0, 'Immediate': 0, 'IM': 0, 'AE': 0, 'A E': 0, 'AAPDA MITRA': 0, 'Bridge': 0, 'River': 0, 'Drain': 2, 'Restoration': 0, 'Protection': 0, 'irr': 0, 'irrigation': 0, 'dam': 0, 'Nallah': 0, 'nala': 0, 'Retrofitting': 0, 'Pond': 0, 'Pokhari': 0, 'D/C': 0, 'Recharge shaft': 0, 'LFB': 0, 'RFB': 0}","{'Floodlight': 0, 'Flood Light': 0, 'GAS': 0, 'FIFA': 0, 'pipe': 0, 'pipes': 0, 'covid': 0, 'supply': 0, 'Beautification': 0, 'Installation': 0}",,,False,True,Immediate Measures
105613,NIT-07/MMC/MUZAFFARPUR/2025-26-GR-13,Construction Of P.C.C. Road And R.C.C. Drain In Ward No-40 From Anand Coaching Center to Dvi Prasad bhimseria main road Undar M.M.C Muzaffarpur. GROUP-13,Construction Of P.C.C. Road And R.C.C. Drain In Ward No-40 From Anand Coaching Center to Dvi Prasad bhimseria main road Undar M.M.C Muzaffarpur. GROUP-13,2622000.0,INR,INR,2025-07-15 08:02:07+00:00,2025-07-14T10:47:44.077000+00:00,2025-07-22T12:47:45+00:00,Muzaffarpur Municipal Commissioner,Municipal Commissioner,Muzaffarpur Municipal Corporation,Opposite of Muzaffarpur Railway Station,"MUNICIPAL COMMISSIONER, MUZAFFARPUR",MUNICIPAL COMMISSIONER,MUZAFFARPUR MUNICIPAL CORPORATION,52500.0,5000.0,590.0,True,"{'Flood': 0, 'Embankment': 0, 'embkt': 0, 'Relief': 0, 'Erosion': 0, 'SDRF': 0, 'Inundation': 0, 'Hydrology': 0, 'Silt': 0, 'Siltation': 0, 'Bund': 0, 'Trench': 0, 'Breach': 0, 'Culvert': 0, 'Sluice': 0, 'Dyke': 0, 'Storm water drain': 0, 'Emergency': 0, 'Immediate': 0, 'IM': 0, 'AE': 0, 'A E': 0, 'AAPDA MITRA': 0, 'Bridge': 0, 'River': 0, 'Drain': 2, 'Restoration': 0, 'Protection': 0, 'irr': 0, 'irrigation': 0, 'dam': 0, 'Nallah': 0, 'nala': 0, 'Retrofitting': 0, 'Pond': 0, 'Pokhari': 0, 'D/C': 0, 'Recharge shaft': 0, 'LFB': 0, 'RFB': 0}","{'Floodlight': 0, 'Flood Light': 0, 'GAS': 0, 'FIFA': 0, 'pipe': 0, 'pipes': 0, 'covid': 0, 'supply': 0, 'Beautification': 0, 'Installation': 0}",,,False,True,Immediate Measures
105614,NIT-07/MMC/MUZAFFARPUR/2025-26-GR-14,Construction Of P.C.C. Road And R.C.C. Drain In Ward No-40 From  MD Nashir general store to  Ashish Tekriwal House Undar M.M.C Muzaffarpur.  GROUP-14,Construction Of P.C.C. Road And R.C.C. Drain In Ward No-40 From  MD Nashir general store to  Ashish Tekriwal House Undar M.M.C Muzaffarpur.  GROUP-14,2480700.0,INR,INR,2025-07-15 08:02:57+00:00,2025-07-14T10:47:54.404000+00:00,2025-09-02T07:13:54+00:00,Muzaffarpur Municipal Commissioner,Municipal Commissioner,Muzaffarpur Municipal Corporation,Opposite of Muzaffarpur Railway Station,"MUNICIPAL COMMISSIONER, MUZAFFARPUR",MUNICIPAL COMMISSIONER,MUZAFFARPUR MUNICIPAL CORPORATION,49700.0,5000.0,590.0,True,"{'Flood': 0, 'Embankment': 0, 'embkt': 0, 'Relief': 0, 'Erosion': 0, 'SDRF': 0, 'Inundation': 0, 'Hydrology': 0, 'Silt': 0, 'Siltation': 0, 'Bund': 0, 'Trench': 0, 'Breach': 0, 'Culvert': 0, 'Sluice': 0, 'Dyke': 0, 'Storm water drain': 0, 'Emergency': 0, 'Immediate': 0, 'IM': 0, 'AE': 0, 'A E': 0, 'AAPDA MITRA': 0, 'Bridge': 0, 'River': 0, 'Drain': 2, 'Restoration': 0, 'Protection': 0, 'irr': 0, 'irrigation': 0, 'dam': 0, 'Nallah': 0, 'nala': 0, 'Retrofitting': 0, 'Pond': 0, 'Pokhari': 0, 'D/C': 0, 'Recharge shaft': 0, 'LFB': 0, 'RFB': 0}","{'Floodlight': 0, 'Flood Light': 0, 'GAS': 0, 'FIFA': 0, 'pipe': 0, 'pipes': 0, 'covid': 0, 'supply': 0, 'Beautification': 0, 'Installation': 0}",,,False,True,Immediate Measures
105619,NIT-07/MMC/MUZAFFARPUR/2025-26-GR-19,Construction Of paver Block Road And R.C.C. Drain In Ward No-49 In Laxmi Colony Pussa Road From Raja Pathak House Via Arun Mahto House To Sinttu Singh House Near Undar M.M.C Muzaffarpur. GROUP-19,Construction Of paver Block Road And R.C.C. Drain In Ward No-49 In Laxmi Colony Pussa Road From Raja Pathak House Via Arun Mahto House To Sinttu Singh House Near Undar M.M.C Muzaffarpur. GROUP-19,2493800.0,INR,INR,2025-07-15 08:08:33+00:00,2025-07-14T10:48:57.451000+00:00,2025-09-02T10:46:57+00:00,Muzaffarpur Municipal Commissioner,Municipal Commissioner,Muzaffarpur Municipal Corporation,Opposite of Muzaffarpur Railway Station,"MUNICIPAL COMMISSIONER, MUZAFFARPUR",MUNICIPAL COMMISSIONER,MUZAFFARPUR MUNICIPAL CORPORATION,49900.0,5000.0,590.0,True,"{'Flood': 0, 'Embankment': 0, 'embkt': 0, 'Relief': 0, 'Erosion': 0, 'SDRF': 0, 'Inundation': 0, 'Hydrology': 0, 'Silt': 0, 'Siltation': 0, 'Bund': 0, 'Trench': 0, 'Breach': 0, 'Culvert': 0, 'Sluice': 0, 'Dyke': 0, 'Storm water drain': 0, 'Emergency': 0, 'Immediate': 0, 'IM': 0, 'AE': 0, 'A E': 0, 'AAPDA MITRA': 0, 'Bridge': 0, 'River': 0, 'Drain': 2, 'Restoration': 0, 'Protection': 0, 'irr': 0, 'irrigation': 0, 'dam': 0, 'Nallah': 0, 'nala': 0, 'Retrofitting': 0, 'Pond': 0, 'Pokhari': 0, 'D/C': 0, 'Recharge shaft': 0, 'LFB': 0, 'RFB': 0}","{'Floodlight': 0, 'Flood Light': 0, 'GAS': 0, 'FIFA': 0, 'pipe': 0, 'pipes': 0, 'covid': 0, 'supply': 0, 'Beautification': 0, 'Installation': 0}",,,False,True,Immediate Measures
105609,NIT-07/MMC/MUZAFFARPUR/2025-26-GR-09,Construction Of P.C.C. Road And R.C.C. Drain In Ward No-35 (Rajju Sah Lane) From  House Of Hanuman Prasad to  House Of Mohan Jee Undar M.M.C Muzaffarpur. GROUP-09,Construction Of P.C.C. Road And R.C.C. Drain In Ward No-35 (Rajju Sah Lane) From  House Of Hanuman Prasad to  House Of Mohan Jee Undar M.M.C Muzaffarpur. GROUP-09,1064100.0,INR,INR,2025-07-15 07:58:23+00:00,2025-07-14T10:46:59.665000+00:00,2025-09-02T11:16:56+00:00,Muzaffarpur Municipal Commissioner,Municipal Commissioner,Muzaffarpur Municipal Corporation,Opposite of Muzaffarpur Railway Station,"MUNICIPAL COMMISSIONER, MUZAFFARPUR",MUNICIPAL COMMISSIONER,MUZAFFARPUR MUNICIPAL CORPORATION,21300.0,2500.0,590.0,True,"{'Flood': 0, 'Embankment': 0, 'embkt': 0, 'Relief': 0, 'Erosion': 0, 'SDRF': 0, 'Inundation': 0, 'Hydrology': 0, 'Silt': 0, 'Siltation': 0, 'Bund': 0, 'Trench': 0, 'Breach': 0, 'Culvert': 0, 'Sluice': 0, 'Dyke': 0, 'Storm water drain': 0, 'Emergency': 0, 'Immediate': 0, 'IM': 0, 'AE': 0, 'A E': 0, 'AAPDA MITRA': 0, 'Bridge': 0, 'River': 0, 'Drain': 2, 'Restoration': 0, 'Protection': 0, 'irr': 0, 'irrigation': 0, 'dam': 0, 'Nallah': 0, 'nala': 0, 'Retrofitting': 0, 'Pond': 0, 'Pokhari': 0, 'D/C': 0, 'Recharge shaft': 0, 'LFB': 0, 'RFB': 0}","{'Floodlight': 0, 'Flood Light': 0, 'GAS': 0, 'FIFA': 0, 'pipe': 0, 'pipes': 0, 'covid': 0, 'supply': 0, 'Beautification': 0, 'Installation': 0}",,,False,True,Immediate Measures
105603,NIT-07/MMC/MUZAFFARPUR/2025-26-GR-03,"CONSTRUCTION OF R.C.C DRAIN FROM RAJA BHAI HOUSE VIA BABUL JI ,CHAND JI HOUSE IN WARD NO.02, UNDER MMC. MUZAFFARPUR. GROUP-03","CONSTRUCTION OF R.C.C DRAIN FROM RAJA BHAI HOUSE VIA BABUL JI ,CHAND JI HOUSE IN WARD NO.02, UNDER MMC. MUZAFFARPUR. GROUP-03",477887.0,INR,INR,2025-07-15 07:52:05+00:00,2025-07-14T10:45:42.693000+00:00,2025-09-02T11:05:57+00:00,Muzaffarpur Municipal Commissioner,Municipal Commissioner,Muzaffarpur Municipal Corporation,Opposite of Muzaffarpur Railway Station,"MUNICIPAL COMMISSIONER, MUZAFFARPUR",MUNICIPAL COMMISSIONER,MUZAFFARPUR MUNICIPAL CORPORATION,9600.0,750.0,590.0,True,"{'Flood': 0, 'Embankment': 0, 'embkt': 0, 'Relief': 0, 'Erosion': 0, 'SDRF': 0, 'Inundation': 0, 'Hydrology': 0, 'Silt': 0, 'Siltation': 0, 'Bund': 0, 'Trench': 0, 'Breach': 0, 'Culvert': 0, 'Sluice': 0, 'Dyke': 0, 'Storm water drain': 0, 'Emergency': 0, 'Immediate': 0, 'IM': 0, 'AE': 0, 'A E': 0, 'AAPDA MITRA': 0, 'Bridge': 0, 'River': 0, 'Drain': 2, 'Restoration': 0, 'Protection': 0, 'irr': 0, 'irrigation': 0, 'dam': 0, 'Nallah': 0, 'nala': 0, 'Retrofitting': 0, 'Pond': 0, 'Pokhari': 0, 'D/C': 0, 'Recharge shaft': 0, 'LFB': 0, 'RFB': 0}","{'Floodlight': 0, 'Flood Light': 0, 'GAS': 0, 'FIFA': 0, 'pipe': 0, 'pipes': 0, 'covid': 0, 'supply': 0, 'Beautification': 0, 'Installation': 0}",,,False,True,Immediate Measures
105655,19/RE-TENDER/BSTDC/SBD/2025-26gr02bishunpatti,2. DEVELOPMENT OF TOURIST AMENITIES AT POND CAMPUS (PHASE - I) IN BISHUNPATTI PANCHAYAT SAHEBGANJ BLOCK IN MUZAFFARPUR DISTRICT.,2. DEVELOPMENT OF TOURIST AMENITIES AT POND CAMPUS (PHASE - I) IN BISHUNPATTI PANCHAYAT SAHEBGANJ BLOCK IN MUZAFFARPUR DISTRICT.,54487974.0,INR,INR,2025-07-14 14:39:37+00:00,2025-07-14T14:10:34.069000+00:00,2025-09-16T06:14:38+00:00,Chandeshwar Ram,EENORTH,"Bihar State Tourism Development Corp. Ltd., Patna","Sikh Heritage, Daroga Rai Path, Patna",Chandeshwar Ram,EENORTH,"Bihar State Tourism Development Corp. Ltd., Patna",1090000.0,10000.0,5900.0,True,"{'Flood': 0, 'Embankment': 0, 'embkt': 0, 'Relief': 0, 'Erosion': 0, 'SDRF': 0, 'Inundation': 0, 'Hydrology': 0, 'Silt': 0, 'Siltation': 0, 'Bund': 0, 'Trench': 0, 'Breach': 0, 'Culvert': 0, 'Sluice': 0, 'Dyke': 0, 'Storm water drain': 0, 'Emergency': 0, 'Immediate': 0, 'IM': 0, 'AE': 0, 'A E': 0, 'AAPDA MITRA': 0, 'Bridge': 0, 'River': 0, 'Drain': 0, 'Restoration': 0, 'Protection': 0, 'irr': 0, 'irrigation': 0, 'dam': 0, 'Nallah': 0, 'nala': 0, 'Retrofitting': 0, 'Pond': 2, 'Pokhari': 0, 'D/C': 0, 'Recharge shaft': 0, 'LFB': 0, 'RFB': 0}","{'Floodlight': 0, 'Flood Light': 0, 'GAS': 0, 'FIFA': 0, 'pipe': 0, 'pipes': 0, 'covid': 0, 'supply': 0, 'Beautification': 0, 'Installation': 0}",,,False,False,Immediate Measures
105705,NIT No.- 02/2025-26,"Construction of RCC Drain of Sitamarhi-Riga-Dheng Road at Ch-16th(P), 17th (P) total length 1300m under Road Division, Sitamarhi for the year 2025-26","Construction of RCC Drain of Sitamarhi-Riga-Dheng Road at Ch-16th(P), 17th (P) total length 1300m under Road Division, Sitamarhi for the year 2025-26",11795331.0,INR,INR,2025-07-15 10:04:28+00:00,2025-07-15T09:22:38.800000+00:00,2025-10-06T07:20:11+00:00,Shiv Shankar Prasad,Executive Engineer,"ROAD DIVISION, SITAMARHI","EXECUTIVE ENGINEER, ROAD DIVISION, SITAMARHI","SUPERINTENDING ENGINEER, NORTH BIHAR ROAD CIRCLE MUZAFFARPUR",SE,ROAD DIVISION NO 1 MUZAFFARPUR,235000.0,10000.0,3540.0,True,"{'Flood': 0, 'Embankment': 0, 'embkt': 0, 'Relief': 0, 'Erosion': 0, 'SDRF': 0, 'Inundation': 0, 'Hydrology': 0, 'Silt': 0, 'Siltation': 0, 'Bund': 0, 'Trench': 0, 'Breach': 0, 'Culvert': 0, 'Sluice': 0, 'Dyke': 0, 'Storm water drain': 0, 'Emergency': 0, 'Immediate': 0, 'IM': 0, 'AE': 0, 'A E': 0, 'AAPDA MITRA': 0, 'Bridge': 0, 'River': 0, 'Drain': 2, 'Restoration': 0, 'Protection': 0, 'irr': 0, 'irrigation': 0, 'dam': 0, 'Nallah': 0, 'nala': 0, 'Retrofitting': 0, 'Pond': 0, 'Pokhari': 0, 'D/C': 0, 'Recharge shaft': 0, 'LFB': 0, 'RFB': 0}","{'Floodlight': 0, 'Flood Light': 0, 'GAS': 0, 'FIFA': 0, 'pipe': 0, 'pipes': 0, 'covid': 0, 'supply': 0, 'Beautification': 0, 'Installation': 0}",,,False,True,Others
105738,NIT No.-03/2025-26,"Construction of RCC Drain of Kumma-Bela Road at Manpaur, Sarbhaur & Dhami Tola for the year 2025-26","Construction of RCC Drain of Kumma-Bela Road at Manpaur, Sarbhaur & Dhami Tola for the year 2025-26",89629374.0,INR,INR,2025-07-15 11:44:27+00:00,2025-07-15T11:02:50.243000+00:00,2025-07-24T09:31:00+00:00,Shiv Shankar Prasad,Executive Engineer,"ROAD DIVISION, SITAMARHI","EXECUTIVE ENGINEER, ROAD DIVISION, SITAMARHI",Shiv Shankar Prasad,Executive Engineer,"ROAD DIVISION, SITAMARHI",1792600.0,10000.0,5900.0,True,"{'Flood': 0, 'Embankment': 0, 'embkt': 0, 'Relief': 0, 'Erosion': 0, 'SDRF': 0, 'Inundation': 0, 'Hydrology': 0, 'Silt': 0, 'Siltation': 0, 'Bund': 0, 'Trench': 0, 'Breach': 0, 'Culvert': 0, 'Sluice': 0, 'Dyke': 0, 'Storm water drain': 0, 'Emergency': 0, 'Immediate': 0, 'IM': 0, 'AE': 0, 'A E': 0, 'AAPDA MITRA': 0, 'Bridge': 0, 'River': 0, 'Drain': 2, 'Restoration': 0, 'Protection': 0, 'irr': 0, 'irrigation': 0, 'dam': 0, 'Nallah': 0, 'nala': 0, 'Retrofitting': 0, 'Pond': 0, 'Pokhari': 0, 'D/C': 0, 'Recharge shaft': 0, 'LFB': 0, 'RFB': 0}","{'Floodlight': 0, 'Flood Light': 0, 'GAS': 0, 'FIFA': 0, 'pipe': 0, 'pipes': 0, 'covid': 0, 'supply': 0, 'Beautification': 0, 'Installation': 0}",,,False,True,Others
105753,SHNIT-07/2025-26,"Construction of  RCC Drain with cover from Hasina Dom house to Pani Tanki in Ward No. 19 Under Nagar Parishad Sherghati, Dist-Gaya","Construction of  RCC Drain with cover from Hasina Dom house to Pani Tanki in Ward No. 19 Under Nagar Parishad Sherghati, Dist-Gaya",3548500.0,INR,INR,2025-07-15 12:05:58+00:00,2025-07-15T11:48:39.777000+00:00,2025-07-26T10:34:19+00:00,EXECUTIVE OFFICER SHERGHATI,EO,NAGAR PARISHAD SHERGHATI,SHERGHATI,EXECUTIVE OFFICER SHERGHATI,EO,NAGAR PANCHAYAT SHERGHATI,71000.0,5000.0,590.0,True,"{'Flood': 0, 'Embankment': 0, 'embkt': 0, 'Relief': 0, 'Erosion': 0, 'SDRF': 0, 'Inundation': 0, 'Hydrology': 0, 'Silt': 0, 'Siltation': 0, 'Bund': 0, 'Trench': 0, 'Breach': 0, 'Culvert': 0, 'Sluice': 0, 'Dyke': 0, 'Storm water drain': 0, 'Emergency': 0, 'Immediate': 0, 'IM': 0, 'AE': 0, 'A E': 0, 'AAPDA MITRA': 0, 'Bridge': 0, 'River': 0, 'Drain': 2, 'Restoration': 0, 'Protection': 0, 'irr': 0, 'irrigation': 0, 'dam': 0, 'Nallah': 0, 'nala': 0, 'Retrofitting': 0, 'Pond': 0, 'Pokhari': 0, 'D/C': 0, 'Recharge shaft': 0, 'LFB': 0, 'RFB': 0}","{'Floodlight': 0, 'Flood Light': 0, 'GAS': 0, 'FIFA': 0, 'pipe': 0, 'pipes': 0, 'covid': 0, 'supply': 0, 'Beautification': 0, 'Installation': 0}",,,False,True,Others
105774,SHNIT-07/2025-26/GR-03,Construction of RCC Drain With cover Plate and PCC Road from Prem Singh Mahi Kids Public School to Ring Road Basant Bag Via Dr. P Rajesh Madrasi in ward No. 19 Mohalla Basant bag Under Nagar Parishad Sherghati Dist- Gaya,Construction of RCC Drain With cover Plate and PCC Road from Prem Singh Mahi Kids Public School to Ring Road Basant Bag Via Dr. P Rajesh Madrasi in ward No. 19 Mohalla Basant bag Under Nagar Parishad Sherghati Dist- Gaya,2410000.0,INR,INR,2025-07-15 12:17:25+00:00,2025-07-15T12:13:01.425000+00:00,2025-10-31T09:13:23+00:00,EXECUTIVE OFFICER SHERGHATI,EO,NAGAR PARISHAD SHERGHATI,SHERGHATI,EXECUTIVE OFFICER SHERGHATI,EO,NAGAR PANCHAYAT SHERGHATI,48500.0,5000.0,590.0,True,"{'Flood': 0, 'Embankment': 0, 'embkt': 0, 'Relief': 0, 'Erosion': 0, 'SDRF': 0, 'Inundation': 0, 'Hydrology': 0, 'Silt': 0, 'Siltation': 0, 'Bund': 0, 'Trench': 0, 'Breach': 0, 'Culvert': 0, 'Sluice': 0, 'Dyke': 0, 'Storm water drain': 0, 'Emergency': 0, 'Immediate': 0, 'IM': 0, 'AE': 0, 'A E': 0, 'AAPDA MITRA': 0, 'Bridge': 0, 'River': 0, 'Drain': 2, 'Restoration': 0, 'Protection': 0, 'irr': 0, 'irrigation': 0, 'dam': 0, 'Nallah': 0, 'nala': 0, 'Retrofitting': 0, 'Pond': 0, 'Pokhari': 0, 'D/C': 0, 'Recharge shaft': 0, 'LFB': 0, 'RFB': 0}","{'Floodlight': 0, 'Flood Light': 0, 'GAS': 0, 'FIFA': 0, 'pipe': 0, 'pipes': 0, 'covid': 0, 'supply': 0, 'Beautification': 0, 'Installation': 0}",,,False,True,Immediate Measures
105783,NIT No.- 10/2025-2026 (Group- 1,"Construction work of drain with PCC road and cover from ward no. 09 Vishhari Sthan to Kharagpur-Muzaffarganj main road via Simpur in Municipal Council, Haveli Kharagpur area","Construction work of drain with PCC road and cover from ward no. 09 Vishhari Sthan to Kharagpur-Muzaffarganj main road via Simpur in Municipal Council, Haveli Kharagpur area",11872706.0,INR,INR,2025-07-15 12:46:39+00:00,2025-07-15T12:34:23.419000+00:00,2025-07-30T06:23:17+00:00,Manoj Kumar,Project Director,Bihar Urban Infrastructure Development Corporation Limited,Munger,Manoj Kumar,Project Director,Bihar Urban Infrastructure Development Corporation Limited,237455.0,17700.0,3540.0,True,"{'Flood': 0, 'Embankment': 0, 'embkt': 0, 'Relief': 0, 'Erosion': 0, 'SDRF': 0, 'Inundation': 0, 'Hydrology': 0, 'Silt': 0, 'Siltation': 0, 'Bund': 0, 'Trench': 0, 'Breach': 0, 'Culvert': 0, 'Sluice': 0, 'Dyke': 0, 'Storm water drain': 0, 'Emergency': 0, 'Immediate': 0, 'IM': 0, 'AE': 0, 'A E': 0, 'AAPDA MITRA': 0, 'Bridge': 0, 'River': 0, 'Drain': 2, 'Restoration': 0, 'Protection': 0, 'irr': 0, 'irrigation': 0, 'dam': 0, 'Nallah': 0, 'nala': 0, 'Retrofitting': 0, 'Pond': 0, 'Pokhari': 0, 'D/C': 0, 'Recharge shaft': 0, 'LFB': 0, 'RFB': 0}","{'Floodlight': 0, 'Flood Light': 0, 'GAS': 0, 'FIFA': 0, 'pipe': 0, 'pipes': 0, 'covid': 0, 'supply': 0, 'Beautification': 0, 'Installation': 0}",,,False,True,Immediate Measures
105797,NIT-05/2025-26/Siwan (Group-01),"Construction of road and drain from north of Dih Baba Bhrigunath Tiwari Akhilesh Pandey Rajan Shrivastva house to Nand Lal Prasad house via west Rajeev Mahto house in Bensar at Nagar Parishad, Siwan","Construction of road and drain from north of Dih Baba Bhrigunath Tiwari Akhilesh Pandey Rajan Shrivastva house to Nand Lal Prasad house via west Rajeev Mahto house in Bensar at Nagar Parishad, Siwan",12508912.0,INR,INR,2025-07-15 16:50:55+00:00,2025-07-15T16:35:19.134000+00:00,2025-08-27T17:46:37+00:00,Anand Mohan Singh,PROJECT DIRECTOR,Bihar Urban Infrastructure Development Corporation Ltd.,Saran,Anand Mohan Singh,PROJECT DIRECTOR,Bihar Urban Infrastructure Development Corporation Ltd.,250200.0,17700.0,3540.0,True,"{'Flood': 0, 'Embankment': 0, 'embkt': 0, 'Relief': 0, 'Erosion': 0, 'SDRF': 0, 'Inundation': 0, 'Hydrology': 0, 'Silt': 0, 'Siltation': 0, 'Bund': 0, 'Trench': 0, 'Breach': 0, 'Culvert': 0, 'Sluice': 0, 'Dyke': 0, 'Storm water drain': 0, 'Emergency': 0, 'Immediate': 0, 'IM': 0, 'AE': 0, 'A E': 0, 'AAPDA MITRA': 0, 'Bridge': 0, 'River': 0, 'Drain': 2, 'Restoration': 0, 'Protection': 0, 'irr': 0, 'irrigation': 0, 'dam': 0, 'Nallah': 0, 'nala': 0, 'Retrofitting': 0, 'Pond': 0, 'Pokhari': 0, 'D/C': 0, 'Recharge shaft': 0, 'LFB': 0, 'RFB': 0}","{'Floodlight': 0, 'Flood Light': 0, 'GAS': 0, 'FIFA': 0, 'pipe': 0, 'pipes': 0, 'covid': 0, 'supply': 0, 'Beautification': 0, 'Installation': 0}",,,False,True,Immediate Measures
105826,Group-01/RE NIT-06/2025-26/ZILA PARISHAD BEGUSARAI,"WARD NO-01 CHHOTE KUMAR SINGH KE KHET SE SANJAY JHAA KE GHAR TAK DHAKKAN SAHIT NALA NIRMAN KARYA. PANCHAYAT -MANJHAUL 02, BLOCK- CHERIYA BARIYARPUR, DISTRIC -BEGUSARAI UNDER 15TH FINANCE COMMISSION -TIDE GRANT(2023-2024).","WARD NO-01 CHHOTE KUMAR SINGH KE KHET SE SANJAY JHAA KE GHAR TAK DHAKKAN SAHIT NALA NIRMAN KARYA. PANCHAYAT -MANJHAUL 02, BLOCK- CHERIYA BARIYARPUR, DISTRIC -BEGUSARAI UNDER 15TH FINANCE COMMISSION -TIDE GRANT(2023-2024).",1628900.0,INR,INR,2025-07-16 06:47:03+00:00,2025-07-16T06:27:23.058000+00:00,2025-07-23T17:31:17+00:00,Deepak Kumar,DISTRICT ENGINEER,ZILA PARISHAD BEGUSARAI,"ZILA PARISHAD OFFICE, COLLECTORATE CAMPUS, BEGUSARAI - 851101",Deepak Kumar,DISTRICT ENGINEER,ZILA PARISHAD BEGUSARAI,32600.0,5000.0,590.0,True,"{'Flood': 0, 'Embankment': 0, 'embkt': 0, 'Relief': 0, 'Erosion': 0, 'SDRF': 0, 'Inundation': 0, 'Hydrology': 0, 'Silt': 0, 'Siltation': 0, 'Bund': 0, 'Trench': 0, 'Breach': 0, 'Culvert': 0, 'Sluice': 0, 'Dyke': 0, 'Storm water drain': 0, 'Emergency': 0, 'Immediate': 0, 'IM': 0, 'AE': 0, 'A E': 0, 'AAPDA MITRA': 0, 'Bridge': 0, 'River': 0, 'Drain': 0, 'Restoration': 0, 'Protection': 0, 'irr': 0, 'irrigation': 0, 'dam': 0, 'Nallah': 0, 'nala': 2, 'Retrofitting': 0, 'Pond': 0, 'Pokhari': 0, 'D/C': 0, 'Recharge shaft': 0, 'LFB': 0, 'RFB': 0}","{'Floodlight': 0, 'Flood Light': 0, 'GAS': 0, 'FIFA': 0, 'pipe': 0, 'pipes': 0, 'covid': 0, 'supply': 0, 'Beautification': 0, 'Installation': 0}",,,False,False,Immediate Measures
105855,NIT NO-02/ 2025-26 GROUP NO-01,"Sinking of I.M.-II Handpump with Platform, Drain & Soakpit in place of non functional defunct/ordinary handpump in Summer/Water Scarce area under Natural Disaster ( Drought) head under P.H. Division, Sherghati for the Year 2025-26.","Sinking of I.M.-II Handpump with Platform, Drain & Soakpit in place of non functional defunct/ordinary handpump in Summer/Water Scarce area under Natural Disaster ( Drought) head under P.H. Division, Sherghati for the Year 2025-26.",5108000.0,INR,INR,2025-07-16 10:00:51+00:00,2025-07-16T09:04:17.292000+00:00,2025-08-11T11:27:04+00:00,MR DHARMENDRA KUMAR ANAND,EXECUTIVE ENGINEER SHERGHATI,PH DIVISION SHERGHATI,"EXECUTIVE ENGINEER , RAMNA MORE ,SHERGHATI",Abhijeet Kumar,Superintending Engineer (Gaya),Public Health Engineering Department,102200.0,10000.0,590.0,True,"{'Flood': 0, 'Embankment': 0, 'embkt': 0, 'Relief': 0, 'Erosion': 0, 'SDRF': 0, 'Inundation': 0, 'Hydrology': 0, 'Silt': 0, 'Siltation': 0, 'Bund': 0, 'Trench': 0, 'Breach': 0, 'Culvert': 0, 'Sluice': 0, 'Dyke': 0, 'Storm water drain': 0, 'Emergency': 0, 'Immediate': 0, 'IM': 0, 'AE': 0, 'A E': 0, 'AAPDA MITRA': 0, 'Bridge': 0, 'River': 0, 'Drain': 2, 'Restoration': 0, 'Protection': 0, 'irr': 0, 'irrigation': 0, 'dam': 0, 'Nallah': 0, 'nala': 0, 'Retrofitting': 0, 'Pond': 0, 'Pokhari': 0, 'D/C': 0, 'Recharge shaft': 0, 'LFB': 0, 'RFB': 0}","{'Floodlight': 0, 'Flood Light': 0, 'GAS': 0, 'FIFA': 0, 'pipe': 0, 'pipes': 0, 'covid': 0, 'supply': 0, 'Beautification': 0, 'Installation': 0}",,,False,True,Immediate Measures
105866,NIT No.- 03/ PHED/ BGS/ 2025-26-Re Group-01,"CONSTRUCTION OF NEW 30 Nos. 125MM X 40MM DIA X 61M DEEP HAND OPERATED T/WELL WITH INDIA MARK-II HAND PUMP WITH PLATFORM AND DRAIN INCLUDING SOAK PIT OF SIZE 1.0M DIAMETER 2.0 METRE DEEP WITH DRY BRICK HONEY COMB SHAFT WITH BRICKS OF CLASS DESIGNATION 100B FOR HAND PUMP IN WATER SCARCE AREAS AFFECTED DUE TO HEAT WAVE AND DEPLETION OF WATER LEVEL IN B E GUSARAI DISTRICT UNDER P.H.DIVISION, B E GUSARAI  FOR THE YEAR 2025-26.","CONSTRUCTION OF NEW 30 Nos. 125MM X 40MM DIA X 61M DEEP HAND OPERATED T/WELL WITH INDIA MARK-II HAND PUMP WITH PLATFORM AND DRAIN INCLUDING SOAK PIT OF SIZE 1.0M DIAMETER 2.0 METRE DEEP WITH DRY BRICK HONEY COMB SHAFT WITH BRICKS OF CLASS DESIGNATION 100B FOR HAND PUMP IN WATER SCARCE AREAS AFFECTED DUE TO HEAT WAVE AND DEPLETION OF WATER LEVEL IN B E GUSARAI DISTRICT UNDER P.H.DIVISION, B E GUSARAI  FOR THE YEAR 2025-26.",2806300.0,INR,INR,2025-07-16 12:18:02+00:00,2025-07-16T11:13:20.457000+00:00,2025-08-04T08:01:42+00:00,"Prabhat Kumar, Executive Engineer,",Executive Engineer,"P H Division, Begusarai","Chatti Road, Ratanpur, PaniTanki Campus, Ratanpur, Begusarai",Chandrabhushan,EE,PHED ARWAL,56200.0,5000.0,590.0,True,"{'Flood': 0, 'Embankment': 0, 'embkt': 0, 'Relief': 0, 'Erosion': 0, 'SDRF': 0, 'Inundation': 0, 'Hydrology': 0, 'Silt': 0, 'Siltation': 0, 'Bund': 0, 'Trench': 0, 'Breach': 0, 'Culvert': 0, 'Sluice': 0, 'Dyke': 0, 'Storm water drain': 0, 'Emergency': 0, 'Immediate': 0, 'IM': 0, 'AE': 0, 'A E': 0, 'AAPDA MITRA': 0, 'Bridge': 0, 'River': 0, 'Drain': 2, 'Restoration': 0, 'Protection': 0, 'irr': 0, 'irrigation': 0, 'dam': 0, 'Nallah': 0, 'nala': 0, 'Retrofitting': 0, 'Pond': 0, 'Pokhari': 0, 'D/C': 0, 'Recharge shaft': 0, 'LFB': 0, 'RFB': 0}","{'Floodlight': 0, 'Flood Light': 0, 'GAS': 0, 'FIFA': 0, 'pipe': 0, 'pipes': 0, 'covid': 0, 'supply': 0, 'Beautification': 0, 'Installation': 0}",,,False,True,Immediate Measures
105940,TENDER NIT NO-04/2025-26/T.W,"Construction of 29 Nos.125mm/115mm x 60m deep drilled T/W and 38 nos  125 x 45 M deep gravel packed T/W with I.M.-II Handpump with Platform, Drain & Soakpit due to heat stroke & decreasing of water level  in Water Scarce area under P.H. Division, Gaya ji for the Year 2025-26 under Natural Disaster (Drought) Head.

(i)  125mm/115 mm x 60mm deep drilled tubewell -29 Nos.  
(ii) 125mmx 45 mtr deep gravel packed T/W- 38 Nos
(iii)Soak Pit 1.0M diameter 2.0 meter deep with dry brick-67 Nos","Construction of 29 Nos.125mm/115mm x 60m deep drilled T/W and 38 nos  125 x 45 M deep gravel packed T/W with I.M.-II Handpump with Platform, Drain & Soakpit due to heat stroke & decreasing of water level  in Water Scarce area under P.H. Division, Gaya ji for the Year 2025-26 under Natural Disaster (Drought) Head.

(i)  125mm/115 mm x 60mm deep drilled tubewell -29 Nos.  
(ii) 125mmx 45 mtr deep gravel packed T/W- 38 Nos
(iii)Soak Pit 1.0M diameter 2.0 meter deep with dry brick-67 Nos",7208480.0,INR,INR,2025-07-17 07:48:41+00:00,2025-07-17T06:13:51.644000+00:00,2025-09-27T10:02:21+00:00,AVINASH SINGH PARMARTHI,EXECUTIVE ENGINEER,PH DIVISION GAYA JI,MAA AMBE NIWAS NEAR VC RESIDENCE GAYA,MANOJ KUMAR,Chief Engineer Patna Zone,Chief Engineer,144500.0,10000.0,3540.0,True,"{'Flood': 0, 'Embankment': 0, 'embkt': 0, 'Relief': 0, 'Erosion': 0, 'SDRF': 0, 'Inundation': 0, 'Hydrology': 0, 'Silt': 0, 'Siltation': 0, 'Bund': 0, 'Trench': 0, 'Breach': 0, 'Culvert': 0, 'Sluice': 0, 'Dyke': 0, 'Storm water drain': 0, 'Emergency': 0, 'Immediate': 0, 'IM': 0, 'AE': 0, 'A E': 0, 'AAPDA MITRA': 0, 'Bridge': 0, 'River': 0, 'Drain': 2, 'Restoration': 0, 'Protection': 0, 'irr': 0, 'irrigation': 0, 'dam': 0, 'Nallah': 0, 'nala': 0, 'Retrofitting': 0, 'Pond': 0, 'Pokhari': 0, 'D/C': 0, 'Recharge shaft': 0, 'LFB': 0, 'RFB': 0}","{'Floodlight': 0, 'Flood Light': 0, 'GAS': 0, 'FIFA': 0, 'pipe': 0, 'pipes': 0, 'covid': 0, 'supply': 0, 'Beautification': 0, 'Installation': 0}",,,False,True,Immediate Measures
106037,NIT-03/ET/BCD/GOPALGANJ/2025-26 GR  1,"Construction of Panchyat Sarkar Bhawan at HASANPUR (01) in Non Flood Area, Block - Gopalganj ,DIST:-Gopalganj (with Electrification)","Construction of Panchyat Sarkar Bhawan at HASANPUR (01) in Non Flood Area, Block - Gopalganj ,DIST:-Gopalganj (with Electrification)",26385423.0,INR,INR,2025-07-18 00:56:55+00:00,2025-07-18T00:31:58.841000+00:00,2025-08-12T10:24:31+00:00,"Executive Engineer, BUILDING DIVISION GOPALGANJ",EE,Building Division Gopalganj,"EE, Building Division Gopalganj, BCD","Superintending Engineer, Building Circle Chapra",SE,"Superintending Engineer, Building Circle Chapra",527800.0,10000.0,3540.0,True,"{'Flood': 2, 'Embankment': 0, 'embkt': 0, 'Relief': 0, 'Erosion': 0, 'SDRF': 0, 'Inundation': 0, 'Hydrology': 0, 'Silt': 0, 'Siltation': 0, 'Bund': 0, 'Trench': 0, 'Breach': 0, 'Culvert': 0, 'Sluice': 0, 'Dyke': 0, 'Storm water drain': 0, 'Emergency': 0, 'Immediate': 0, 'IM': 0, 'AE': 0, 'A E': 0, 'AAPDA MITRA': 0, 'Bridge': 0, 'River': 0, 'Drain': 0, 'Restoration': 0, 'Protection': 0, 'irr': 0, 'irrigation': 0, 'dam': 0, 'Nallah': 0, 'nala': 0, 'Retrofitting': 0, 'Pond': 0, 'Pokhari': 0, 'D/C': 0, 'Recharge shaft': 0, 'LFB': 0, 'RFB': 0}","{'Floodlight': 0, 'Flood Light': 0, 'GAS': 0, 'FIFA': 0, 'pipe': 0, 'pipes': 0, 'covid': 0, 'supply': 0, 'Beautification': 0, 'Installation': 0}",,,False,False,Immediate Measures
106039,NIT-03/ET/BCD/GOPALGANJ/2025-26 GR  4,"Construction of Panchyat Sarkar Bhawan at Karashghat  (01) in Non Flood Area, Block - SIDHWALIYA ,DIST:-Gopalganj (with Electrification)","Construction of Panchyat Sarkar Bhawan at Karashghat  (01) in Non Flood Area, Block - SIDHWALIYA ,DIST:-Gopalganj (with Electrification)",26402551.0,INR,INR,2025-07-18 01:12:59+00:00,2025-07-18T00:57:13.808000+00:00,2025-08-12T10:59:50+00:00,"Executive Engineer, BUILDING DIVISION GOPALGANJ",EE,Building Division Gopalganj,"EE, Building Division Gopalganj, BCD","Superintending Engineer, Building Circle Chapra",SE,"Superintending Engineer, Building Circle Chapra",528100.0,10000.0,3540.0,True,"{'Flood': 2, 'Embankment': 0, 'embkt': 0, 'Relief': 0, 'Erosion': 0, 'SDRF': 0, 'Inundation': 0, 'Hydrology': 0, 'Silt': 0, 'Siltation': 0, 'Bund': 0, 'Trench': 0, 'Breach': 0, 'Culvert': 0, 'Sluice': 0, 'Dyke': 0, 'Storm water drain': 0, 'Emergency': 0, 'Immediate': 0, 'IM': 0, 'AE': 0, 'A E': 0, 'AAPDA MITRA': 0, 'Bridge': 0, 'River': 0, 'Drain': 0, 'Restoration': 0, 'Protection': 0, 'irr': 0, 'irrigation': 0, 'dam': 0, 'Nallah': 0, 'nala': 0, 'Retrofitting': 0, 'Pond': 0, 'Pokhari': 0, 'D/C': 0, 'Recharge shaft': 0, 'LFB': 0, 'RFB': 0}","{'Floodlight': 0, 'Flood Light': 0, 'GAS': 0, 'FIFA': 0, 'pipe': 0, 'pipes': 0, 'covid': 0, 'supply': 0, 'Beautification': 0, 'Installation': 0}",,,False,False,Immediate Measures
106044,03/PHED/LKR/2025-26 (GROUP-1),"Construction of 20 Nos 125mm X 40mm dia X 61 meter deep hand operated T/well and 30 Nos 125mmdiax45m Gravel Packed T/Wells with  India Mark II Hand Pump, Platform,  drain and  50 Nos of soakpit during summer season in water scares area. under P.H.Division, Lakhisarai for the year 2025-26","Construction of 20 Nos 125mm X 40mm dia X 61 meter deep hand operated T/well and 30 Nos 125mmdiax45m Gravel Packed T/Wells with  India Mark II Hand Pump, Platform,  drain and  50 Nos of soakpit during summer season in water scares area. under P.H.Division, Lakhisarai for the year 2025-26",4680300.0,INR,INR,2025-07-18 07:08:47+00:00,2025-07-18T05:54:14.179000+00:00,2025-09-01T13:25:09+00:00,"EXECUTIVE ENGINEER, LAKHISARAI DIVISION",EE,"EXECUTIVE ENGINEER, LAKHISARAI DIVISION","EXECUTIVE ENGINEER, LAKHISARAI DIVISION",Chandrabhushan,EE,PHED ARWAL,96000.0,5000.0,590.0,True,"{'Flood': 0, 'Embankment': 0, 'embkt': 0, 'Relief': 0, 'Erosion': 0, 'SDRF': 0, 'Inundation': 0, 'Hydrology': 0, 'Silt': 0, 'Siltation': 0, 'Bund': 0, 'Trench': 0, 'Breach': 0, 'Culvert': 0, 'Sluice': 0, 'Dyke': 0, 'Storm water drain': 0, 'Emergency': 0, 'Immediate': 0, 'IM': 0, 'AE': 0, 'A E': 0, 'AAPDA MITRA': 0, 'Bridge': 0, 'River': 0, 'Drain': 2, 'Restoration': 0, 'Protection': 0, 'irr': 0, 'irrigation': 0, 'dam': 0, 'Nallah': 0, 'nala': 0, 'Retrofitting': 0, 'Pond': 0, 'Pokhari': 0, 'D/C': 0, 'Recharge shaft': 0, 'LFB': 0, 'RFB': 0}","{'Floodlight': 0, 'Flood Light': 0, 'GAS': 0, 'FIFA': 0, 'pipe': 0, 'pipes': 0, 'covid': 0, 'supply': 0, 'Beautification': 0, 'Installation': 0}",,,False,True,Immediate Measures
106057,NIT04/GR01/2025-26NAGAR PARISHAD JALE,CONSTRUCTION OF PCC ROAD AND RCC DRAIN FROM THE QURESHI MOHALLAH MASJID TO THE HOUSE OF MOFID SHEKH IN WARD NO-19 UNDER NAGAR PARISHAD JALE.,CONSTRUCTION OF PCC ROAD AND RCC DRAIN FROM THE QURESHI MOHALLAH MASJID TO THE HOUSE OF MOFID SHEKH IN WARD NO-19 UNDER NAGAR PARISHAD JALE.,1471839.0,INR,INR,2025-07-18 18:05:21+00:00,2025-07-18T07:47:50.079000+00:00,2025-08-30T05:24:34+00:00,AJAY KUMAR,EXECUTIVE OFFICER,NAGAR PARISHAD BARAUNI,BARAUNI,AJAY KUMAR,EXECUTIVE OFFICER,NAGAR PARISHAD KANTI,29500.0,1250.0,590.0,True,"{'Flood': 0, 'Embankment': 0, 'embkt': 0, 'Relief': 0, 'Erosion': 0, 'SDRF': 0, 'Inundation': 0, 'Hydrology': 0, 'Silt': 0, 'Siltation': 0, 'Bund': 0, 'Trench': 0, 'Breach': 0, 'Culvert': 0, 'Sluice': 0, 'Dyke': 0, 'Storm water drain': 0, 'Emergency': 0, 'Immediate': 0, 'IM': 0, 'AE': 0, 'A E': 0, 'AAPDA MITRA': 0, 'Bridge': 0, 'River': 0, 'Drain': 2, 'Restoration': 0, 'Protection': 0, 'irr': 0, 'irrigation': 0, 'dam': 0, 'Nallah': 0, 'nala': 0, 'Retrofitting': 0, 'Pond': 0, 'Pokhari': 0, 'D/C': 0, 'Recharge shaft': 0, 'LFB': 0, 'RFB': 0}","{'Floodlight': 0, 'Flood Light': 0, 'GAS': 0, 'FIFA': 0, 'pipe': 0, 'pipes': 0, 'covid': 0, 'supply': 0, 'Beautification': 0, 'Installation': 0}",,,False,True,Immediate Measures
106038,NIT-03/ET/BCD/GOPALGANJ/2025-26 GR  2,"Construction of Panchyat Sarkar Bhawan at Bankata (01) in Non Flood Area, Block - Kuchaikota ,Gopalganj (with Electrification)","Construction of Panchyat Sarkar Bhawan at Bankata (01) in Non Flood Area, Block - Kuchaikota ,Gopalganj (with Electrification)",26602626.0,INR,INR,2025-07-18 01:05:35+00:00,2025-07-18T00:57:06.398000+00:00,2025-08-12T10:45:31+00:00,"Executive Engineer, BUILDING DIVISION GOPALGANJ",EE,Building Division Gopalganj,"EE, Building Division Gopalganj, BCD","Superintending Engineer, Building Circle Chapra",SE,"Superintending Engineer, Building Circle Chapra",532100.0,10000.0,3540.0,True,"{'Flood': 2, 'Embankment': 0, 'embkt': 0, 'Relief': 0, 'Erosion': 0, 'SDRF': 0, 'Inundation': 0, 'Hydrology': 0, 'Silt': 0, 'Siltation': 0, 'Bund': 0, 'Trench': 0, 'Breach': 0, 'Culvert': 0, 'Sluice': 0, 'Dyke': 0, 'Storm water drain': 0, 'Emergency': 0, 'Immediate': 0, 'IM': 0, 'AE': 0, 'A E': 0, 'AAPDA MITRA': 0, 'Bridge': 0, 'River': 0, 'Drain': 0, 'Restoration': 0, 'Protection': 0, 'irr': 0, 'irrigation': 0, 'dam': 0, 'Nallah': 0, 'nala': 0, 'Retrofitting': 0, 'Pond': 0, 'Pokhari': 0, 'D/C': 0, 'Recharge shaft': 0, 'LFB': 0, 'RFB': 0}","{'Floodlight': 0, 'Flood Light': 0, 'GAS': 0, 'FIFA': 0, 'pipe': 0, 'pipes': 0, 'covid': 0, 'supply': 0, 'Beautification': 0, 'Installation': 0}",,,False,False,Immediate Measures
106067,NIT04/GR03/2025-26NAGAR PARISHAD JALE,CONSTRUCTION OF PCC ROAD AND RCC DRAIN FROM THE HOUSE OF ZABIR TO  HOUSE OF RABIYA KHATOON IN WARD NO-08 UNDER NAGAR PARISHAD JALE.,CONSTRUCTION OF PCC ROAD AND RCC DRAIN FROM THE HOUSE OF ZABIR TO  HOUSE OF RABIYA KHATOON IN WARD NO-08 UNDER NAGAR PARISHAD JALE.,1470339.0,INR,INR,2025-07-18 18:18:27+00:00,2025-07-18T09:28:52.531000+00:00,2025-08-30T05:17:05+00:00,AJAY KUMAR,EXECUTIVE OFFICER,NAGAR PARISHAD BARAUNI,BARAUNI,AJAY KUMAR,EXECUTIVE OFFICER,NAGAR PARISHAD KANTI,29500.0,1250.0,590.0,True,"{'Flood': 0, 'Embankment': 0, 'embkt': 0, 'Relief': 0, 'Erosion': 0, 'SDRF': 0, 'Inundation': 0, 'Hydrology': 0, 'Silt': 0, 'Siltation': 0, 'Bund': 0, 'Trench': 0, 'Breach': 0, 'Culvert': 0, 'Sluice': 0, 'Dyke': 0, 'Storm water drain': 0, 'Emergency': 0, 'Immediate': 0, 'IM': 0, 'AE': 0, 'A E': 0, 'AAPDA MITRA': 0, 'Bridge': 0, 'River': 0, 'Drain': 2, 'Restoration': 0, 'Protection': 0, 'irr': 0, 'irrigation': 0, 'dam': 0, 'Nallah': 0, 'nala': 0, 'Retrofitting': 0, 'Pond': 0, 'Pokhari': 0, 'D/C': 0, 'Recharge shaft': 0, 'LFB': 0, 'RFB': 0}","{'Floodlight': 0, 'Flood Light': 0, 'GAS': 0, 'FIFA': 0, 'pipe': 0, 'pipes': 0, 'covid': 0, 'supply': 0, 'Beautification': 0, 'Installation': 0}",,,False,True,Immediate Measures
106069,NIT04/GR04/2025-26NAGAR PARISHAD JALE,CONSTRUCTION OF PCC ROAD AND DRAIN FROM THE HOUSE OF KISHOR RAI TO ANGANWARI KENDRA IN WARD NO-12 UNDER NAGAR PARISHAD JALE.,CONSTRUCTION OF PCC ROAD AND DRAIN FROM THE HOUSE OF KISHOR RAI TO ANGANWARI KENDRA IN WARD NO-12 UNDER NAGAR PARISHAD JALE.,2211899.0,INR,INR,2025-07-18 18:26:41+00:00,2025-07-18T09:40:57.574000+00:00,2025-08-30T05:13:04+00:00,AJAY KUMAR,EXECUTIVE OFFICER,NAGAR PARISHAD BARAUNI,BARAUNI,AJAY KUMAR,EXECUTIVE OFFICER,NAGAR PARISHAD KANTI,44500.0,5000.0,590.0,True,"{'Flood': 0, 'Embankment': 0, 'embkt': 0, 'Relief': 0, 'Erosion': 0, 'SDRF': 0, 'Inundation': 0, 'Hydrology': 0, 'Silt': 0, 'Siltation': 0, 'Bund': 0, 'Trench': 0, 'Breach': 0, 'Culvert': 0, 'Sluice': 0, 'Dyke': 0, 'Storm water drain': 0, 'Emergency': 0, 'Immediate': 0, 'IM': 0, 'AE': 0, 'A E': 0, 'AAPDA MITRA': 0, 'Bridge': 0, 'River': 0, 'Drain': 2, 'Restoration': 0, 'Protection': 0, 'irr': 0, 'irrigation': 0, 'dam': 0, 'Nallah': 0, 'nala': 0, 'Retrofitting': 0, 'Pond': 0, 'Pokhari': 0, 'D/C': 0, 'Recharge shaft': 0, 'LFB': 0, 'RFB': 0}","{'Floodlight': 0, 'Flood Light': 0, 'GAS': 0, 'FIFA': 0, 'pipe': 0, 'pipes': 0, 'covid': 0, 'supply': 0, 'Beautification': 0, 'Installation': 0}",,,False,True,Immediate Measures
106071,NIT04/GR05/2025-26NAGAR PARISHAD JALE,CONSTRUCTION OF PCC ROAD AND RCC DRAIN FROM THE HOUSE OF NAFIS DARZI TO HOUSE OF AZAM DARZI IN WARD NO-13 UNDER NAGAR PARISHAD JALE.,CONSTRUCTION OF PCC ROAD AND RCC DRAIN FROM THE HOUSE OF NAFIS DARZI TO HOUSE OF AZAM DARZI IN WARD NO-13 UNDER NAGAR PARISHAD JALE.,1741997.0,INR,INR,2025-07-18 18:34:41+00:00,2025-07-18T09:55:35.763000+00:00,2025-07-24T09:31:00+00:00,AJAY KUMAR,EXECUTIVE OFFICER,NAGAR PARISHAD BARAUNI,BARAUNI,AJAY KUMAR,EXECUTIVE OFFICER,NAGAR PARISHAD KANTI,35000.0,5000.0,590.0,True,"{'Flood': 0, 'Embankment': 0, 'embkt': 0, 'Relief': 0, 'Erosion': 0, 'SDRF': 0, 'Inundation': 0, 'Hydrology': 0, 'Silt': 0, 'Siltation': 0, 'Bund': 0, 'Trench': 0, 'Breach': 0, 'Culvert': 0, 'Sluice': 0, 'Dyke': 0, 'Storm water drain': 0, 'Emergency': 0, 'Immediate': 0, 'IM': 0, 'AE': 0, 'A E': 0, 'AAPDA MITRA': 0, 'Bridge': 0, 'River': 0, 'Drain': 2, 'Restoration': 0, 'Protection': 0, 'irr': 0, 'irrigation': 0, 'dam': 0, 'Nallah': 0, 'nala': 0, 'Retrofitting': 0, 'Pond': 0, 'Pokhari': 0, 'D/C': 0, 'Recharge shaft': 0, 'LFB': 0, 'RFB': 0}","{'Floodlight': 0, 'Flood Light': 0, 'GAS': 0, 'FIFA': 0, 'pipe': 0, 'pipes': 0, 'covid': 0, 'supply': 0, 'Beautification': 0, 'Installation': 0}",,,False,True,Immediate Measures
106077,NIT05/GR01/2025-26NAGAR PARISHAD JALE,CONSTRUCTION OF PCC ROAD AND DRAIN FROM THE HOUSE OF OMPRAKASH MAHTO TO HOUSE OF SITARAM MAHTO IN WARD NO-22 UNDER NAGAR PARISHAD JALE.,CONSTRUCTION OF PCC ROAD AND DRAIN FROM THE HOUSE OF OMPRAKASH MAHTO TO HOUSE OF SITARAM MAHTO IN WARD NO-22 UNDER NAGAR PARISHAD JALE.,3390269.0,INR,INR,2025-07-18 18:50:10+00:00,2025-07-18T10:59:11.946000+00:00,2025-08-26T05:19:05+00:00,AJAY KUMAR,EXECUTIVE OFFICER,NAGAR PARISHAD BARAUNI,BARAUNI,AJAY KUMAR,EXECUTIVE OFFICER,NAGAR PARISHAD KANTI,67805.0,5000.0,590.0,True,"{'Flood': 0, 'Embankment': 0, 'embkt': 0, 'Relief': 0, 'Erosion': 0, 'SDRF': 0, 'Inundation': 0, 'Hydrology': 0, 'Silt': 0, 'Siltation': 0, 'Bund': 0, 'Trench': 0, 'Breach': 0, 'Culvert': 0, 'Sluice': 0, 'Dyke': 0, 'Storm water drain': 0, 'Emergency': 0, 'Immediate': 0, 'IM': 0, 'AE': 0, 'A E': 0, 'AAPDA MITRA': 0, 'Bridge': 0, 'River': 0, 'Drain': 2, 'Restoration': 0, 'Protection': 0, 'irr': 0, 'irrigation': 0, 'dam': 0, 'Nallah': 0, 'nala': 0, 'Retrofitting': 0, 'Pond': 0, 'Pokhari': 0, 'D/C': 0, 'Recharge shaft': 0, 'LFB': 0, 'RFB': 0}","{'Floodlight': 0, 'Flood Light': 0, 'GAS': 0, 'FIFA': 0, 'pipe': 0, 'pipes': 0, 'covid': 0, 'supply': 0, 'Beautification': 0, 'Installation': 0}",,,False,True,Immediate Measures
106073,NIT04/GR06/2025-26NAGAR PARISHAD JALE,CONSTRUCTION OF PCC ROAD AND RCC DRAIN FROM THE HOUSE OF RAZIYA KHATOON TO HOUSE OF TAIYYAB RAIYAN IN WARD NO-15 UNDER NAGAR PARISHAD JALE.,CONSTRUCTION OF PCC ROAD AND RCC DRAIN FROM THE HOUSE OF RAZIYA KHATOON TO HOUSE OF TAIYYAB RAIYAN IN WARD NO-15 UNDER NAGAR PARISHAD JALE.,1131453.0,INR,INR,2025-07-18 18:39:09+00:00,2025-07-18T10:13:51.405000+00:00,2025-07-24T09:31:00+00:00,AJAY KUMAR,EXECUTIVE OFFICER,NAGAR PARISHAD BARAUNI,BARAUNI,AJAY KUMAR,EXECUTIVE OFFICER,NAGAR PARISHAD KANTI,23000.0,1250.0,590.0,True,"{'Flood': 0, 'Embankment': 0, 'embkt': 0, 'Relief': 0, 'Erosion': 0, 'SDRF': 0, 'Inundation': 0, 'Hydrology': 0, 'Silt': 0, 'Siltation': 0, 'Bund': 0, 'Trench': 0, 'Breach': 0, 'Culvert': 0, 'Sluice': 0, 'Dyke': 0, 'Storm water drain': 0, 'Emergency': 0, 'Immediate': 0, 'IM': 0, 'AE': 0, 'A E': 0, 'AAPDA MITRA': 0, 'Bridge': 0, 'River': 0, 'Drain': 2, 'Restoration': 0, 'Protection': 0, 'irr': 0, 'irrigation': 0, 'dam': 0, 'Nallah': 0, 'nala': 0, 'Retrofitting': 0, 'Pond': 0, 'Pokhari': 0, 'D/C': 0, 'Recharge shaft': 0, 'LFB': 0, 'RFB': 0}","{'Floodlight': 0, 'Flood Light': 0, 'GAS': 0, 'FIFA': 0, 'pipe': 0, 'pipes': 0, 'covid': 0, 'supply': 0, 'Beautification': 0, 'Installation': 0}",,,False,True,Immediate Measures
106087,NIT05/GR04/2025-26NAGAR PARISHAD JALE,CONSTRUCTION OF PCC ROAD AND RCC DRAIN FROM THE HOUSE OF KISHORI PANJIYAR TO SENIOR SECONDARY  SCHOOL  IN WARD NO-11 UNDER NAGAR PARISHAD JALE.,CONSTRUCTION OF PCC ROAD AND RCC DRAIN FROM THE HOUSE OF KISHORI PANJIYAR TO SENIOR SECONDARY  SCHOOL  IN WARD NO-11 UNDER NAGAR PARISHAD JALE.,3551240.0,INR,INR,2025-07-18 19:05:56+00:00,2025-07-18T11:47:09.711000+00:00,2025-08-26T05:50:22+00:00,AJAY KUMAR,EXECUTIVE OFFICER,NAGAR PARISHAD BARAUNI,BARAUNI,AJAY KUMAR,EXECUTIVE OFFICER,NAGAR PARISHAD KANTI,71025.0,5000.0,590.0,True,"{'Flood': 0, 'Embankment': 0, 'embkt': 0, 'Relief': 0, 'Erosion': 0, 'SDRF': 0, 'Inundation': 0, 'Hydrology': 0, 'Silt': 0, 'Siltation': 0, 'Bund': 0, 'Trench': 0, 'Breach': 0, 'Culvert': 0, 'Sluice': 0, 'Dyke': 0, 'Storm water drain': 0, 'Emergency': 0, 'Immediate': 0, 'IM': 0, 'AE': 0, 'A E': 0, 'AAPDA MITRA': 0, 'Bridge': 0, 'River': 0, 'Drain': 2, 'Restoration': 0, 'Protection': 0, 'irr': 0, 'irrigation': 0, 'dam': 0, 'Nallah': 0, 'nala': 0, 'Retrofitting': 0, 'Pond': 0, 'Pokhari': 0, 'D/C': 0, 'Recharge shaft': 0, 'LFB': 0, 'RFB': 0}","{'Floodlight': 0, 'Flood Light': 0, 'GAS': 0, 'FIFA': 0, 'pipe': 0, 'pipes': 0, 'covid': 0, 'supply': 0, 'Beautification': 0, 'Installation': 0}",,,False,True,Immediate Measures
106085,NIT05/GR03/2025-26NAGAR PARISHAD JALE,CONSTRUCTION OF PCC ROAD AND RCC DRAIN FROM JALE DAKSHNI PANCHAYAT BHAVAN  TO GANDHI CHOWK MAZAR  IN WARD NO-17 UNDER NAGAR PARISHAD JALE.,CONSTRUCTION OF PCC ROAD AND RCC DRAIN FROM JALE DAKSHNI PANCHAYAT BHAVAN  TO GANDHI CHOWK MAZAR  IN WARD NO-17 UNDER NAGAR PARISHAD JALE.,3320458.0,INR,INR,2025-07-18 19:01:45+00:00,2025-07-18T11:42:30.642000+00:00,2025-08-26T05:37:19+00:00,AJAY KUMAR,EXECUTIVE OFFICER,NAGAR PARISHAD BARAUNI,BARAUNI,AJAY KUMAR,EXECUTIVE OFFICER,NAGAR PARISHAD KANTI,66409.0,5000.0,590.0,True,"{'Flood': 0, 'Embankment': 0, 'embkt': 0, 'Relief': 0, 'Erosion': 0, 'SDRF': 0, 'Inundation': 0, 'Hydrology': 0, 'Silt': 0, 'Siltation': 0, 'Bund': 0, 'Trench': 0, 'Breach': 0, 'Culvert': 0, 'Sluice': 0, 'Dyke': 0, 'Storm water drain': 0, 'Emergency': 0, 'Immediate': 0, 'IM': 0, 'AE': 0, 'A E': 0, 'AAPDA MITRA': 0, 'Bridge': 0, 'River': 0, 'Drain': 2, 'Restoration': 0, 'Protection': 0, 'irr': 0, 'irrigation': 0, 'dam': 0, 'Nallah': 0, 'nala': 0, 'Retrofitting': 0, 'Pond': 0, 'Pokhari': 0, 'D/C': 0, 'Recharge shaft': 0, 'LFB': 0, 'RFB': 0}","{'Floodlight': 0, 'Flood Light': 0, 'GAS': 0, 'FIFA': 0, 'pipe': 0, 'pipes': 0, 'covid': 0, 'supply': 0, 'Beautification': 0, 'Installation': 0}",,,False,True,Immediate Measures
106080,NIT05/GR02/2025-26NAGAR PARISHAD JALE,CONSTRUCTION OF PCC ROAD AND RCC DRAIN FROM THE HOUSE OF PRAKASH MAHTO TO HOUSE OF CHANDRA MAHTO  IN WARD NO-07 UNDER NAGAR PARISHAD JALE.,CONSTRUCTION OF PCC ROAD AND RCC DRAIN FROM THE HOUSE OF PRAKASH MAHTO TO HOUSE OF CHANDRA MAHTO  IN WARD NO-07 UNDER NAGAR PARISHAD JALE.,3621822.0,INR,INR,2025-07-18 18:55:35+00:00,2025-07-18T11:18:13.346000+00:00,2025-08-26T05:14:47+00:00,AJAY KUMAR,EXECUTIVE OFFICER,NAGAR PARISHAD BARAUNI,BARAUNI,AJAY KUMAR,EXECUTIVE OFFICER,NAGAR PARISHAD KANTI,72436.0,5000.0,590.0,True,"{'Flood': 0, 'Embankment': 0, 'embkt': 0, 'Relief': 0, 'Erosion': 0, 'SDRF': 0, 'Inundation': 0, 'Hydrology': 0, 'Silt': 0, 'Siltation': 0, 'Bund': 0, 'Trench': 0, 'Breach': 0, 'Culvert': 0, 'Sluice': 0, 'Dyke': 0, 'Storm water drain': 0, 'Emergency': 0, 'Immediate': 0, 'IM': 0, 'AE': 0, 'A E': 0, 'AAPDA MITRA': 0, 'Bridge': 0, 'River': 0, 'Drain': 2, 'Restoration': 0, 'Protection': 0, 'irr': 0, 'irrigation': 0, 'dam': 0, 'Nallah': 0, 'nala': 0, 'Retrofitting': 0, 'Pond': 0, 'Pokhari': 0, 'D/C': 0, 'Recharge shaft': 0, 'LFB': 0, 'RFB': 0}","{'Floodlight': 0, 'Flood Light': 0, 'GAS': 0, 'FIFA': 0, 'pipe': 0, 'pipes': 0, 'covid': 0, 'supply': 0, 'Beautification': 0, 'Installation': 0}",,,False,True,Immediate Measures
106107,"Block-6 , Lotan Sandghat, Ulai River. 2nd","Short Notice Inviting E- Auction For Settlement of Sand ghat Block-6 , Lotan Sandghat, Ulai River.","Short Notice Inviting E- Auction For Settlement of Sand ghat Block-6 , Lotan Sandghat, Ulai River.",39528000.0,INR,INR,2025-07-18 16:36:37+00:00,2025-07-18T15:34:23.011000+00:00,2025-07-30T11:31:00+00:00,Mr. Navin (DM),"District Magistrate , Jamui","District Mining Office, Jamui","District Mining Office, Jamui",Mr. Navin (DM),"District Magistrate , Jamui","District Mining Office, Jamui",9882000.0,5000.0,5900.0,True,"{'Flood': 0, 'Embankment': 0, 'embkt': 0, 'Relief': 0, 'Erosion': 0, 'SDRF': 0, 'Inundation': 0, 'Hydrology': 0, 'Silt': 0, 'Siltation': 0, 'Bund': 0, 'Trench': 0, 'Breach': 0, 'Culvert': 0, 'Sluice': 0, 'Dyke': 0, 'Storm water drain': 0, 'Emergency': 0, 'Immediate': 0, 'IM': 0, 'AE': 0, 'A E': 0, 'AAPDA MITRA': 0, 'Bridge': 0, 'River': 3, 'Drain': 0, 'Restoration': 0, 'Protection': 0, 'irr': 0, 'irrigation': 0, 'dam': 0, 'Nallah': 0, 'nala': 0, 'Retrofitting': 0, 'Pond': 0, 'Pokhari': 0, 'D/C': 0, 'Recharge shaft': 0, 'LFB': 0, 'RFB': 0}","{'Floodlight': 0, 'Flood Light': 0, 'GAS': 0, 'FIFA': 0, 'pipe': 0, 'pipes': 0, 'covid': 0, 'supply': 0, 'Beautification': 0, 'Installation': 0}",,,False,False,Others
106112,"Block-3 , Lathlathwa Sandghat,Anjana River 2nd.","Short Notice Inviting E- Auction For Settlement of Sand ghat Block-3 , Lathlathwa Sandghat,Anjana River.","Short Notice Inviting E- Auction For Settlement of Sand ghat Block-3 , Lathlathwa Sandghat,Anjana River.",18847080.0,INR,INR,2025-07-18 16:11:36+00:00,2025-07-18T15:36:10.419000+00:00,2025-07-30T11:31:00+00:00,Mr. Navin (DM),"District Magistrate , Jamui","District Mining Office, Jamui","District Mining Office, Jamui",Mr. Navin (DM),"District Magistrate , Jamui","District Mining Office, Jamui",4711770.0,5000.0,3540.0,True,"{'Flood': 0, 'Embankment': 0, 'embkt': 0, 'Relief': 0, 'Erosion': 0, 'SDRF': 0, 'Inundation': 0, 'Hydrology': 0, 'Silt': 0, 'Siltation': 0, 'Bund': 0, 'Trench': 0, 'Breach': 0, 'Culvert': 0, 'Sluice': 0, 'Dyke': 0, 'Storm water drain': 0, 'Emergency': 0, 'Immediate': 0, 'IM': 0, 'AE': 0, 'A E': 0, 'AAPDA MITRA': 0, 'Bridge': 0, 'River': 3, 'Drain': 0, 'Restoration': 0, 'Protection': 0, 'irr': 0, 'irrigation': 0, 'dam': 0, 'Nallah': 0, 'nala': 0, 'Retrofitting': 0, 'Pond': 0, 'Pokhari': 0, 'D/C': 0, 'Recharge shaft': 0, 'LFB': 0, 'RFB': 0}","{'Floodlight': 0, 'Flood Light': 0, 'GAS': 0, 'FIFA': 0, 'pipe': 0, 'pipes': 0, 'covid': 0, 'supply': 0, 'Beautification': 0, 'Installation': 0}",,,False,False,Others
106108,"Block-7 , Thegua Sandghat, Ulai River. 2nd","Short Notice Inviting E- Auction For Settlement of Sand ghat Block-7 , Thegua Sandghat, Ulai River.","Short Notice Inviting E- Auction For Settlement of Sand ghat Block-7 , Thegua Sandghat, Ulai River.",50992200.0,INR,INR,2025-07-18 16:32:24+00:00,2025-07-18T15:34:41.741000+00:00,2025-07-30T11:31:00+00:00,Mr. Navin (DM),"District Magistrate , Jamui","District Mining Office, Jamui","District Mining Office, Jamui",Mr. Navin (DM),"District Magistrate , Jamui","District Mining Office, Jamui",12748050.0,5000.0,5900.0,True,"{'Flood': 0, 'Embankment': 0, 'embkt': 0, 'Relief': 0, 'Erosion': 0, 'SDRF': 0, 'Inundation': 0, 'Hydrology': 0, 'Silt': 0, 'Siltation': 0, 'Bund': 0, 'Trench': 0, 'Breach': 0, 'Culvert': 0, 'Sluice': 0, 'Dyke': 0, 'Storm water drain': 0, 'Emergency': 0, 'Immediate': 0, 'IM': 0, 'AE': 0, 'A E': 0, 'AAPDA MITRA': 0, 'Bridge': 0, 'River': 3, 'Drain': 0, 'Restoration': 0, 'Protection': 0, 'irr': 0, 'irrigation': 0, 'dam': 0, 'Nallah': 0, 'nala': 0, 'Retrofitting': 0, 'Pond': 0, 'Pokhari': 0, 'D/C': 0, 'Recharge shaft': 0, 'LFB': 0, 'RFB': 0}","{'Floodlight': 0, 'Flood Light': 0, 'GAS': 0, 'FIFA': 0, 'pipe': 0, 'pipes': 0, 'covid': 0, 'supply': 0, 'Beautification': 0, 'Installation': 0}",,,False,False,Others
106106,"Block-4 , Tola Sati Sandghat, Ulai River. 2nd","Short Notice Inviting E- Auction For Settlement of Sand ghat Block-4 , Tola Sati Sandghat, Ulai River.","Short Notice Inviting E- Auction For Settlement of Sand ghat Block-4 , Tola Sati Sandghat, Ulai River.",16740000.0,INR,INR,2025-07-18 16:41:41+00:00,2025-07-18T15:34:03.920000+00:00,2025-07-30T11:31:00+00:00,Mr. Navin (DM),"District Magistrate , Jamui","District Mining Office, Jamui","District Mining Office, Jamui",Mr. Navin (DM),"District Magistrate , Jamui","District Mining Office, Jamui",4185000.0,5000.0,3540.0,True,"{'Flood': 0, 'Embankment': 0, 'embkt': 0, 'Relief': 0, 'Erosion': 0, 'SDRF': 0, 'Inundation': 0, 'Hydrology': 0, 'Silt': 0, 'Siltation': 0, 'Bund': 0, 'Trench': 0, 'Breach': 0, 'Culvert': 0, 'Sluice': 0, 'Dyke': 0, 'Storm water drain': 0, 'Emergency': 0, 'Immediate': 0, 'IM': 0, 'AE': 0, 'A E': 0, 'AAPDA MITRA': 0, 'Bridge': 0, 'River': 3, 'Drain': 0, 'Restoration': 0, 'Protection': 0, 'irr': 0, 'irrigation': 0, 'dam': 0, 'Nallah': 0, 'nala': 0, 'Retrofitting': 0, 'Pond': 0, 'Pokhari': 0, 'D/C': 0, 'Recharge shaft': 0, 'LFB': 0, 'RFB': 0}","{'Floodlight': 0, 'Flood Light': 0, 'GAS': 0, 'FIFA': 0, 'pipe': 0, 'pipes': 0, 'covid': 0, 'supply': 0, 'Beautification': 0, 'Installation': 0}",,,False,False,Others
106164,NIT-SBD-01/2025-26/MID/ARA,"Construction of Dihra Check Dam, Deo Check Dam & Lahthan Check Dam","Construction of Dihra Check Dam, Deo Check Dam & Lahthan Check Dam",122709745.0,INR,INR,2025-07-20 03:56:17+00:00,2025-07-20T03:33:49.147000+00:00,2025-07-26T07:54:28+00:00,Manish Kumar Manjul,Executive Engineer (Ara),Minor Water Resources Department,"Minor Irrigation Division, Ara",Sunil Kumar,CE-Patna/CE MUZAFFARPUR,MWRD,2227100.0,10000.0,5900.0,True,"{'Flood': 0, 'Embankment': 0, 'embkt': 0, 'Relief': 0, 'Erosion': 0, 'SDRF': 0, 'Inundation': 0, 'Hydrology': 0, 'Silt': 0, 'Siltation': 0, 'Bund': 0, 'Trench': 0, 'Breach': 0, 'Culvert': 0, 'Sluice': 0, 'Dyke': 0, 'Storm water drain': 0, 'Emergency': 0, 'Immediate': 0, 'IM': 0, 'AE': 0, 'A E': 0, 'AAPDA MITRA': 0, 'Bridge': 0, 'River': 0, 'Drain': 0, 'Restoration': 0, 'Protection': 0, 'irr': 0, 'irrigation': 0, 'dam': 6, 'Nallah': 0, 'nala': 0, 'Retrofitting': 0, 'Pond': 0, 'Pokhari': 0, 'D/C': 0, 'Recharge shaft': 0, 'LFB': 0, 'RFB': 0}","{'Floodlight': 0, 'Flood Light': 0, 'GAS': 0, 'FIFA': 0, 'pipe': 0, 'pipes': 0, 'covid': 0, 'supply': 0, 'Beautification': 0, 'Installation': 0}",,,False,False,Others
106189,NIT No-03/2025-26 G-01 BOUNSI,Name of work:- Construction of P.C.C road & R.C.C Drain From Bandh man road panch yadav house to bhaya Girish yadav khokharani ashathan tak in Ward No-07 in Nagar Panchayat Bounsi,Name of work:- Construction of P.C.C road & R.C.C Drain From Bandh man road panch yadav house to bhaya Girish yadav khokharani ashathan tak in Ward No-07 in Nagar Panchayat Bounsi,2416600.0,INR,INR,2025-07-21 04:08:04+00:00,2025-07-21T03:35:23.825000+00:00,2025-08-18T04:34:59+00:00,NEHA RANI,"EXECUTIVE OFFICER, NAGAR PANCHAYAT BOUNSI","NEHA RANI (EXECUTIVE OFFICER, NAGAR PANCHAYAT BOUNSI)",NAGAR PANCHAYAT BOUNSI,NEHA RANI,Executive officer Nagar Panchayat bounsi,"NEHA RANI (EXECUTIVE OFFICER, NAGAR PANCHAYAT BOUNSI)",48500.0,5000.0,590.0,True,"{'Flood': 0, 'Embankment': 0, 'embkt': 0, 'Relief': 0, 'Erosion': 0, 'SDRF': 0, 'Inundation': 0, 'Hydrology': 0, 'Silt': 0, 'Siltation': 0, 'Bund': 0, 'Trench': 0, 'Breach': 0, 'Culvert': 0, 'Sluice': 0, 'Dyke': 0, 'Storm water drain': 0, 'Emergency': 0, 'Immediate': 0, 'IM': 0, 'AE': 0, 'A E': 0, 'AAPDA MITRA': 0, 'Bridge': 0, 'River': 0, 'Drain': 2, 'Restoration': 0, 'Protection': 0, 'irr': 0, 'irrigation': 0, 'dam': 0, 'Nallah': 0, 'nala': 0, 'Retrofitting': 0, 'Pond': 0, 'Pokhari': 0, 'D/C': 0, 'Recharge shaft': 0, 'LFB': 0, 'RFB': 0}","{'Floodlight': 0, 'Flood Light': 0, 'GAS': 0, 'FIFA': 0, 'pipe': 0, 'pipes': 0, 'covid': 0, 'supply': 0, 'Beautification': 0, 'Installation': 0}",,,False,True,Others
106192,NIT 08/2025-26/SBD/ IMD DARBHANGA,"ANNUAL REPAIR, MAINTENANCE AND TWO TIMES PAINTING OF 14 NOS. LAXMIPUR WEIR GATES (08 NOS. SPILLWAY GATES SIZE -4620mm X 3250mm & 04 NOS. U/S GATES SIZE-3120 mm X 4750 mm) AND 02 NOS. HEAD REGULATOR GATES (RHR & LHR) SIZE-3070 mm X 1430 mm WITH THEIR HOISTING SYSTEM AND ITS ALLIED COMPONENTS FOR FIVE YEARS AT LAXMIPUR WEIR UNDER IRRIGATION MECHANICAL DIVISION, DARBHANGA","ANNUAL REPAIR, MAINTENANCE AND TWO TIMES PAINTING OF 14 NOS. LAXMIPUR WEIR GATES (08 NOS. SPILLWAY GATES SIZE -4620mm X 3250mm & 04 NOS. U/S GATES SIZE-3120 mm X 4750 mm) AND 02 NOS. HEAD REGULATOR GATES (RHR & LHR) SIZE-3070 mm X 1430 mm WITH THEIR HOISTING SYSTEM AND ITS ALLIED COMPONENTS FOR FIVE YEARS AT LAXMIPUR WEIR UNDER IRRIGATION MECHANICAL DIVISION, DARBHANGA",20442253.0,INR,INR,2025-07-21 06:47:42+00:00,2025-07-21T06:00:01.979000+00:00,2025-07-26T11:29:39+00:00,SANJAY KUMAR(SE I.M.C. BIRPUR),SUPERINTENDING ENGINEER,WATER RESOURCES DEPARTMENT,IRRIGATION MECHANICAL CIRCLE BIRPUR,ER. SANJAY KUMAR,SE,WATER RESOURCES DEPARTMENT,409000.0,10000.0,3540.0,True,"{'Flood': 0, 'Embankment': 0, 'embkt': 0, 'Relief': 0, 'Erosion': 0, 'SDRF': 0, 'Inundation': 0, 'Hydrology': 0, 'Silt': 0, 'Siltation': 0, 'Bund': 0, 'Trench': 0, 'Breach': 0, 'Culvert': 0, 'Sluice': 0, 'Dyke': 0, 'Storm water drain': 0, 'Emergency': 0, 'Immediate': 0, 'IM': 0, 'AE': 0, 'A E': 0, 'AAPDA MITRA': 0, 'Bridge': 0, 'River': 0, 'Drain': 0, 'Restoration': 0, 'Protection': 0, 'irr': 0, 'irrigation': 2, 'dam': 0, 'Nallah': 0, 'nala': 0, 'Retrofitting': 0, 'Pond': 0, 'Pokhari': 0, 'D/C': 0, 'Recharge shaft': 0, 'LFB': 0, 'RFB': 0}","{'Floodlight': 0, 'Flood Light': 0, 'GAS': 0, 'FIFA': 0, 'pipe': 0, 'pipes': 0, 'covid': 0, 'supply': 0, 'Beautification': 0, 'Installation': 0}",,,False,False,Immediate Measures
106196,NIT 18/BCD/SITAMARHI/2025-26 GR 2,CONSTRUCTION OF PANCHAYAT SARKAR BHAWAN (NON-FLOOD AREA G +2 ) in Ganeshpur Bhavangama Panchayat at Riga Block in Distt- SITAMARHI for the year 2025-26,CONSTRUCTION OF PANCHAYAT SARKAR BHAWAN (NON-FLOOD AREA G +2 ) in Ganeshpur Bhavangama Panchayat at Riga Block in Distt- SITAMARHI for the year 2025-26,25919596.0,INR,INR,2025-07-21 07:47:46+00:00,2025-07-21T07:27:41.330000+00:00,2025-12-13T07:27:17+00:00,"Executive Engineer, BUILDING DIVISION SITAMARHI",EE,Building  Division Sitamarhi,"EE, Building  Division Sitamarhi , BUILDING CONSTRUCTION DEPARTMENT,  Sitamarhi , Bihar","Superintending Engineer, Building Circle Muzaffarpur",SE,Building Circle Muzaffarpur,519000.0,10000.0,3540.0,True,"{'Flood': 2, 'Embankment': 0, 'embkt': 0, 'Relief': 0, 'Erosion': 0, 'SDRF': 0, 'Inundation': 0, 'Hydrology': 0, 'Silt': 0, 'Siltation': 0, 'Bund': 0, 'Trench': 0, 'Breach': 0, 'Culvert': 0, 'Sluice': 0, 'Dyke': 0, 'Storm water drain': 0, 'Emergency': 0, 'Immediate': 0, 'IM': 0, 'AE': 0, 'A E': 0, 'AAPDA MITRA': 0, 'Bridge': 0, 'River': 0, 'Drain': 0, 'Restoration': 0, 'Protection': 0, 'irr': 0, 'irrigation': 0, 'dam': 0, 'Nallah': 0, 'nala': 0, 'Retrofitting': 0, 'Pond': 0, 'Pokhari': 0, 'D/C': 0, 'Recharge shaft': 0, 'LFB': 0, 'RFB': 0}","{'Floodlight': 0, 'Flood Light': 0, 'GAS': 0, 'FIFA': 0, 'pipe': 0, 'pipes': 0, 'covid': 0, 'supply': 0, 'Beautification': 0, 'Installation': 0}",,,False,False,Immediate Measures
106202,NIT 18/BCD/SITAMARHI/2025-26 GR 6,CONSTRUCTION OF PANCHAYAT SARKAR BHAWAN (NON-FLOOD AREA G +2 ) in BAGHARI at SURSAND Block in Distt- SITAMARHI for the year 2025-26,CONSTRUCTION OF PANCHAYAT SARKAR BHAWAN (NON-FLOOD AREA G +2 ) in BAGHARI at SURSAND Block in Distt- SITAMARHI for the year 2025-26,25926927.0,INR,INR,2025-07-21 08:41:37+00:00,2025-07-21T08:13:19.051000+00:00,2025-08-14T01:22:41+00:00,"Executive Engineer, BUILDING DIVISION SITAMARHI",EE,Building  Division Sitamarhi,"EE, Building  Division Sitamarhi , BUILDING CONSTRUCTION DEPARTMENT,  Sitamarhi , Bihar","Superintending Engineer, Building Circle Muzaffarpur",SE,Building Circle Muzaffarpur,519000.0,10000.0,3540.0,True,"{'Flood': 2, 'Embankment': 0, 'embkt': 0, 'Relief': 0, 'Erosion': 0, 'SDRF': 0, 'Inundation': 0, 'Hydrology': 0, 'Silt': 0, 'Siltation': 0, 'Bund': 0, 'Trench': 0, 'Breach': 0, 'Culvert': 0, 'Sluice': 0, 'Dyke': 0, 'Storm water drain': 0, 'Emergency': 0, 'Immediate': 0, 'IM': 0, 'AE': 0, 'A E': 0, 'AAPDA MITRA': 0, 'Bridge': 0, 'River': 0, 'Drain': 0, 'Restoration': 0, 'Protection': 0, 'irr': 0, 'irrigation': 0, 'dam': 0, 'Nallah': 0, 'nala': 0, 'Retrofitting': 0, 'Pond': 0, 'Pokhari': 0, 'D/C': 0, 'Recharge shaft': 0, 'LFB': 0, 'RFB': 0}","{'Floodlight': 0, 'Flood Light': 0, 'GAS': 0, 'FIFA': 0, 'pipe': 0, 'pipes': 0, 'covid': 0, 'supply': 0, 'Beautification': 0, 'Installation': 0}",,,False,False,Immediate Measures
106207,NIT 18/BCD/SITAMARHI/2025-26 GR 5,CONSTRUCTION OF PANCHAYAT SARKAR BHAWAN (NON-FLOOD AREA G +2 ) in Gangti and Bacharpur (2 nos) Panchayat at Pupri Block in Distt- SITAMARHI for the year 2025-26,CONSTRUCTION OF PANCHAYAT SARKAR BHAWAN (NON-FLOOD AREA G +2 ) in Gangti and Bacharpur (2 nos) Panchayat at Pupri Block in Distt- SITAMARHI for the year 2025-26,51827091.0,INR,INR,2025-07-21 10:39:40+00:00,2025-07-21T08:45:48.538000+00:00,2025-12-13T08:09:40+00:00,"Executive Engineer, BUILDING DIVISION SITAMARHI",EE,Building  Division Sitamarhi,"EE, Building  Division Sitamarhi , BUILDING CONSTRUCTION DEPARTMENT,  Sitamarhi , Bihar","Superintending Engineer, Building Circle Muzaffarpur",SE,Building Circle Muzaffarpur,1037000.0,10000.0,5900.0,True,"{'Flood': 2, 'Embankment': 0, 'embkt': 0, 'Relief': 0, 'Erosion': 0, 'SDRF': 0, 'Inundation': 0, 'Hydrology': 0, 'Silt': 0, 'Siltation': 0, 'Bund': 0, 'Trench': 0, 'Breach': 0, 'Culvert': 0, 'Sluice': 0, 'Dyke': 0, 'Storm water drain': 0, 'Emergency': 0, 'Immediate': 0, 'IM': 0, 'AE': 0, 'A E': 0, 'AAPDA MITRA': 0, 'Bridge': 0, 'River': 0, 'Drain': 0, 'Restoration': 0, 'Protection': 0, 'irr': 0, 'irrigation': 0, 'dam': 0, 'Nallah': 0, 'nala': 0, 'Retrofitting': 0, 'Pond': 0, 'Pokhari': 0, 'D/C': 0, 'Recharge shaft': 0, 'LFB': 0, 'RFB': 0}","{'Floodlight': 0, 'Flood Light': 0, 'GAS': 0, 'FIFA': 0, 'pipe': 0, 'pipes': 0, 'covid': 0, 'supply': 0, 'Beautification': 0, 'Installation': 0}",,,False,False,Immediate Measures
106217,Short NIT No. 03/2025-26,Construction work of PCC road and drain with cover on both sides from Kamtoul Jawahar Chowk Arun Medical to High School in ward number 07 and 08 under Nagar Panchayat Kamtoul Ahiyari,Construction work of PCC road and drain with cover on both sides from Kamtoul Jawahar Chowk Arun Medical to High School in ward number 07 and 08 under Nagar Panchayat Kamtoul Ahiyari,14450067.0,INR,INR,2025-07-21 12:11:59+00:00,2025-07-21T10:42:37.937000+00:00,2025-07-31T12:56:53+00:00,PRINCY KUMARI,MUNICIPPLE  EXECUTIVE  OFFICER,UDHD KAMTAUL AHIYARI NAGAR PANCHAYAT,KAMTAUL AHIYARI NAGAR PANCHAYAT 847304,PRINCY KUMARI,MUNICIPPLE EXECUTIVE OFFICER,UDHD KAMTAUL AHIYARI NAGAR PANCHAYAT,289001.0,10000.0,3540.0,True,"{'Flood': 0, 'Embankment': 0, 'embkt': 0, 'Relief': 0, 'Erosion': 0, 'SDRF': 0, 'Inundation': 0, 'Hydrology': 0, 'Silt': 0, 'Siltation': 0, 'Bund': 0, 'Trench': 0, 'Breach': 0, 'Culvert': 0, 'Sluice': 0, 'Dyke': 0, 'Storm water drain': 0, 'Emergency': 0, 'Immediate': 0, 'IM': 0, 'AE': 0, 'A E': 0, 'AAPDA MITRA': 0, 'Bridge': 0, 'River': 0, 'Drain': 2, 'Restoration': 0, 'Protection': 0, 'irr': 0, 'irrigation': 0, 'dam': 0, 'Nallah': 0, 'nala': 0, 'Retrofitting': 0, 'Pond': 0, 'Pokhari': 0, 'D/C': 0, 'Recharge shaft': 0, 'LFB': 0, 'RFB': 0}","{'Floodlight': 0, 'Flood Light': 0, 'GAS': 0, 'FIFA': 0, 'pipe': 0, 'pipes': 0, 'covid': 0, 'supply': 0, 'Beautification': 0, 'Installation': 0}",,,False,True,Others
106228,Short e-NIT - 04/2025-26,"Fabrication / Supplying / Fitting / Fixing of Trash Rack , Approach Platform , Entry gate at Hoist platform, Hoisting System Cover and related works at Outlet Shaft well of Kundghat Reservoir System under Irrigation Division Sikandra","Fabrication / Supplying / Fitting / Fixing of Trash Rack , Approach Platform , Entry gate at Hoist platform, Hoisting System Cover and related works at Outlet Shaft well of Kundghat Reservoir System under Irrigation Division Sikandra",2452977.0,INR,INR,2025-07-21 16:10:49+00:00,2025-07-21T15:23:18.505000+00:00,2025-09-26T08:50:04+00:00,DHIRENDRA KUMAR,Executive Engineer Irrigation Mechanical Division Baunsi,WATER RESOURCE DEPARTMENT,IRRIGATION MECHANICAL DIVISION BOUNSI BANKA,ABHIJEET KUMAR,JOINT DIRECTOR (S.E),WATER RESOURCES DEPARTMENT,49060.0,5000.0,590.0,True,"{'Flood': 0, 'Embankment': 0, 'embkt': 0, 'Relief': 0, 'Erosion': 0, 'SDRF': 0, 'Inundation': 0, 'Hydrology': 0, 'Silt': 0, 'Siltation': 0, 'Bund': 0, 'Trench': 0, 'Breach': 0, 'Culvert': 0, 'Sluice': 0, 'Dyke': 0, 'Storm water drain': 0, 'Emergency': 0, 'Immediate': 0, 'IM': 0, 'AE': 0, 'A E': 0, 'AAPDA MITRA': 0, 'Bridge': 0, 'River': 0, 'Drain': 0, 'Restoration': 0, 'Protection': 0, 'irr': 0, 'irrigation': 2, 'dam': 0, 'Nallah': 0, 'nala': 0, 'Retrofitting': 0, 'Pond': 0, 'Pokhari': 0, 'D/C': 0, 'Recharge shaft': 0, 'LFB': 0, 'RFB': 0}","{'Floodlight': 0, 'Flood Light': 0, 'GAS': 0, 'FIFA': 0, 'pipe': 0, 'pipes': 0, 'covid': 0, 'supply': 0, 'Beautification': 0, 'Installation': 0}",,,False,False,Others
106241,NIT05/2025-26/SBD,"Construction work of underground drain and PCC road from RCD road at Balmichak Ganj to APC Rai's house via Mahalaxmi Niwas in Vinayak Nagar Brahmapur under Municipal Council, Phulwarisharif.","Construction work of underground drain and PCC road from RCD road at Balmichak Ganj to APC Rai's house via Mahalaxmi Niwas in Vinayak Nagar Brahmapur under Municipal Council, Phulwarisharif.",27957403.0,INR,INR,2025-07-22 06:17:20+00:00,2025-07-22T06:01:13.579000+00:00,2025-08-02T11:02:23+00:00,DEEPAK JHA,"EXECUTIVE OFFICER, PHULWARI NAGAR PARISHAD",Nagar Parishad Phulwari Sharif,"Chunauti Kuan, Phulwari Sharif, Patna",DEEPAK JHA,"EXECUTIVE OFFICER, PHULWARI NAGAR PARISHAD",NAGAR PARISHAD PHULWARI SHARIF,559200.0,15000.0,3540.0,True,"{'Flood': 0, 'Embankment': 0, 'embkt': 0, 'Relief': 0, 'Erosion': 0, 'SDRF': 0, 'Inundation': 0, 'Hydrology': 0, 'Silt': 0, 'Siltation': 0, 'Bund': 0, 'Trench': 0, 'Breach': 0, 'Culvert': 0, 'Sluice': 0, 'Dyke': 0, 'Storm water drain': 0, 'Emergency': 0, 'Immediate': 0, 'IM': 0, 'AE': 0, 'A E': 0, 'AAPDA MITRA': 0, 'Bridge': 0, 'River': 0, 'Drain': 2, 'Restoration': 0, 'Protection': 0, 'irr': 0, 'irrigation': 0, 'dam': 0, 'Nallah': 0, 'nala': 0, 'Retrofitting': 0, 'Pond': 0, 'Pokhari': 0, 'D/C': 0, 'Recharge shaft': 0, 'LFB': 0, 'RFB': 0}","{'Floodlight': 0, 'Flood Light': 0, 'GAS': 0, 'FIFA': 0, 'pipe': 0, 'pipes': 0, 'covid': 0, 'supply': 0, 'Beautification': 0, 'Installation': 0}",,,False,True,Immediate Measures
106238,RCD/BHABHUA/01/2025-26/01,Construction Of RCC Longitudinal Drain in Ramgarh Durgawati  Road at Devhaliya Bazaar in KM 10 & 11P for the year 2025-26 Under Road Division Bhabua.,Construction Of RCC Longitudinal Drain in Ramgarh Durgawati  Road at Devhaliya Bazaar in KM 10 & 11P for the year 2025-26 Under Road Division Bhabua.,30632993.0,INR,INR,2025-07-22 05:59:12+00:00,2025-07-22T05:05:48.924000+00:00,2025-07-31T10:03:42+00:00,SANJEEV KUMAR,EE,ROAD DIVISION BHABHUA,ROAD DIVISION BHABHUA,GIRISH NARAYAN SINGH,SE,BHOJPUR ROAD CIRCLE ARA,613000.0,10000.0,5900.0,True,"{'Flood': 0, 'Embankment': 0, 'embkt': 0, 'Relief': 0, 'Erosion': 0, 'SDRF': 0, 'Inundation': 0, 'Hydrology': 0, 'Silt': 0, 'Siltation': 0, 'Bund': 0, 'Trench': 0, 'Breach': 0, 'Culvert': 0, 'Sluice': 0, 'Dyke': 0, 'Storm water drain': 0, 'Emergency': 0, 'Immediate': 0, 'IM': 0, 'AE': 0, 'A E': 0, 'AAPDA MITRA': 0, 'Bridge': 0, 'River': 0, 'Drain': 2, 'Restoration': 0, 'Protection': 0, 'irr': 0, 'irrigation': 0, 'dam': 0, 'Nallah': 0, 'nala': 0, 'Retrofitting': 0, 'Pond': 0, 'Pokhari': 0, 'D/C': 0, 'Recharge shaft': 0, 'LFB': 0, 'RFB': 0}","{'Floodlight': 0, 'Flood Light': 0, 'GAS': 0, 'FIFA': 0, 'pipe': 0, 'pipes': 0, 'covid': 0, 'supply': 0, 'Beautification': 0, 'Installation': 0}",,,False,True,Others
106242,NIT-06/2025-26,Construction of 40mm dia X 26 Mtr deep  handpump with plafrorm and drain & 1.0M dia x 2.0M deep Soakpit in the District of Araria under P.H. Forbesganj Division for the year 2025-26.,Construction of 40mm dia X 26 Mtr deep  handpump with plafrorm and drain & 1.0M dia x 2.0M deep Soakpit in the District of Araria under P.H. Forbesganj Division for the year 2025-26.,912900.0,INR,INR,2025-07-22 06:37:54+00:00,2025-07-22T06:08:23.215000+00:00,2025-07-28T11:31:00+00:00,ABHAY KUMAR,E.E.PHED FORBESGANJ,PHED FORBESGANJ,PHED FORBESGANJ,SE Purnia Circle,SE PURNIA CIRCLE,PHED,19000.0,2500.0,590.0,True,"{'Flood': 0, 'Embankment': 0, 'embkt': 0, 'Relief': 0, 'Erosion': 0, 'SDRF': 0, 'Inundation': 0, 'Hydrology': 0, 'Silt': 0, 'Siltation': 0, 'Bund': 0, 'Trench': 0, 'Breach': 0, 'Culvert': 0, 'Sluice': 0, 'Dyke': 0, 'Storm water drain': 0, 'Emergency': 0, 'Immediate': 0, 'IM': 0, 'AE': 0, 'A E': 0, 'AAPDA MITRA': 0, 'Bridge': 0, 'River': 0, 'Drain': 2, 'Restoration': 0, 'Protection': 0, 'irr': 0, 'irrigation': 0, 'dam': 0, 'Nallah': 0, 'nala': 0, 'Retrofitting': 0, 'Pond': 0, 'Pokhari': 0, 'D/C': 0, 'Recharge shaft': 0, 'LFB': 0, 'RFB': 0}","{'Floodlight': 0, 'Flood Light': 0, 'GAS': 0, 'FIFA': 0, 'pipe': 0, 'pipes': 0, 'covid': 0, 'supply': 0, 'Beautification': 0, 'Installation': 0}",,,False,True,Others
106240,RCD/BHABHUA/01/2025-26/03,Construction Of RCC Longitudinal Drain in Sisora Mukhraon Road at Mukhraon Village in KM 19P for the year 2025-26 Under Road Division Bhabua.,Construction Of RCC Longitudinal Drain in Sisora Mukhraon Road at Mukhraon Village in KM 19P for the year 2025-26 Under Road Division Bhabua.,5028893.0,INR,INR,2025-07-22 06:05:07+00:00,2025-07-22T05:36:16.658000+00:00,2025-07-29T09:31:00+00:00,SANJEEV KUMAR,EE,ROAD DIVISION BHABHUA,ROAD DIVISION BHABHUA,GIRISH NARAYAN SINGH,SE,BHOJPUR ROAD CIRCLE ARA,101000.0,10000.0,590.0,True,"{'Flood': 0, 'Embankment': 0, 'embkt': 0, 'Relief': 0, 'Erosion': 0, 'SDRF': 0, 'Inundation': 0, 'Hydrology': 0, 'Silt': 0, 'Siltation': 0, 'Bund': 0, 'Trench': 0, 'Breach': 0, 'Culvert': 0, 'Sluice': 0, 'Dyke': 0, 'Storm water drain': 0, 'Emergency': 0, 'Immediate': 0, 'IM': 0, 'AE': 0, 'A E': 0, 'AAPDA MITRA': 0, 'Bridge': 0, 'River': 0, 'Drain': 2, 'Restoration': 0, 'Protection': 0, 'irr': 0, 'irrigation': 0, 'dam': 0, 'Nallah': 0, 'nala': 0, 'Retrofitting': 0, 'Pond': 0, 'Pokhari': 0, 'D/C': 0, 'Recharge shaft': 0, 'LFB': 0, 'RFB': 0}","{'Floodlight': 0, 'Flood Light': 0, 'GAS': 0, 'FIFA': 0, 'pipe': 0, 'pipes': 0, 'covid': 0, 'supply': 0, 'Beautification': 0, 'Installation': 0}",,,False,True,Others
106249,NIT No.- 02/2025-26/GR02,Construction work of PCC road and RCC drain from the house of Ramvriksha Paswan to the house of Ram Ekbal Mahato in ward no. 05 under Nagar Parishad Janakpur Road area.,Construction work of PCC road and RCC drain from the house of Ramvriksha Paswan to the house of Ram Ekbal Mahato in ward no. 05 under Nagar Parishad Janakpur Road area.,9269549.0,INR,INR,2025-07-22 08:03:21+00:00,2025-07-22T07:32:22.647000+00:00,2025-08-06T11:50:20+00:00,KESHAV GOEL,EXECUTIVE OFFICER,SONBARSHA NAGAR PANCHAYAT,NAGAR PANCHAYAT SONBARSHA,Keshav Goel,executive officer,"URBAN DEVELOPMENT AND HOUSING DEPARTM,ENT",185390.0,10000.0,3540.0,True,"{'Flood': 0, 'Embankment': 0, 'embkt': 0, 'Relief': 0, 'Erosion': 0, 'SDRF': 0, 'Inundation': 0, 'Hydrology': 0, 'Silt': 0, 'Siltation': 0, 'Bund': 0, 'Trench': 0, 'Breach': 0, 'Culvert': 0, 'Sluice': 0, 'Dyke': 0, 'Storm water drain': 0, 'Emergency': 0, 'Immediate': 0, 'IM': 0, 'AE': 0, 'A E': 0, 'AAPDA MITRA': 0, 'Bridge': 0, 'River': 0, 'Drain': 2, 'Restoration': 0, 'Protection': 0, 'irr': 0, 'irrigation': 0, 'dam': 0, 'Nallah': 0, 'nala': 0, 'Retrofitting': 0, 'Pond': 0, 'Pokhari': 0, 'D/C': 0, 'Recharge shaft': 0, 'LFB': 0, 'RFB': 0}","{'Floodlight': 0, 'Flood Light': 0, 'GAS': 0, 'FIFA': 0, 'pipe': 0, 'pipes': 0, 'covid': 0, 'supply': 0, 'Beautification': 0, 'Installation': 0}",,,False,True,Immediate Measures
106251,SHORT RE-NIT NO-09/SBD/2025-26,"Construction of road and drain from water tank in ward no. 10 under Bharwada Nagar Panchayat area to Sanahpur border via Nagar Panchayat office, Bhagwati Sthan, Bharwada Gudri Bazaar.","Construction of road and drain from water tank in ward no. 10 under Bharwada Nagar Panchayat area to Sanahpur border via Nagar Panchayat office, Bhagwati Sthan, Bharwada Gudri Bazaar.",30131523.0,INR,INR,2025-07-22 08:30:41+00:00,2025-07-22T07:44:20.779000+00:00,2025-08-06T10:36:08+00:00,DINESH DAYAL LAL,"Executive Officer, Bharwara",UDHD,Nagar Panchayat Bharwara,DINESH DAYAL LAL,"Executive Officer, Bharwara",UDHD,602630.0,10000.0,5900.0,True,"{'Flood': 0, 'Embankment': 0, 'embkt': 0, 'Relief': 0, 'Erosion': 0, 'SDRF': 0, 'Inundation': 0, 'Hydrology': 0, 'Silt': 0, 'Siltation': 0, 'Bund': 0, 'Trench': 0, 'Breach': 0, 'Culvert': 0, 'Sluice': 0, 'Dyke': 0, 'Storm water drain': 0, 'Emergency': 0, 'Immediate': 0, 'IM': 0, 'AE': 0, 'A E': 0, 'AAPDA MITRA': 0, 'Bridge': 0, 'River': 0, 'Drain': 2, 'Restoration': 0, 'Protection': 0, 'irr': 0, 'irrigation': 0, 'dam': 0, 'Nallah': 0, 'nala': 0, 'Retrofitting': 0, 'Pond': 0, 'Pokhari': 0, 'D/C': 0, 'Recharge shaft': 0, 'LFB': 0, 'RFB': 0}","{'Floodlight': 0, 'Flood Light': 0, 'GAS': 0, 'FIFA': 0, 'pipe': 0, 'pipes': 0, 'covid': 0, 'supply': 0, 'Beautification': 0, 'Installation': 0}",,,False,True,Others
106260,NIT No.- 02/2025-26/GR07,"Construction of pond chatt Ghat, steps & pathway from the near tilak sah middle school in ward no- 12 under nagar parishad janakpur road, sitamarhi.","Construction of pond chatt Ghat, steps & pathway from the near tilak sah middle school in ward no- 12 under nagar parishad janakpur road, sitamarhi.",18541319.0,INR,INR,2025-07-22 08:52:42+00:00,2025-07-22T08:48:09.581000+00:00,2025-11-22T07:35:48+00:00,KESHAV GOEL,EXECUTIVE OFFICER,SONBARSHA NAGAR PANCHAYAT,NAGAR PANCHAYAT SONBARSHA,Keshav Goel,executive officer,"URBAN DEVELOPMENT AND HOUSING DEPARTM,ENT",370827.0,10000.0,3540.0,True,"{'Flood': 0, 'Embankment': 0, 'embkt': 0, 'Relief': 0, 'Erosion': 0, 'SDRF': 0, 'Inundation': 0, 'Hydrology': 0, 'Silt': 0, 'Siltation': 0, 'Bund': 0, 'Trench': 0, 'Breach': 0, 'Culvert': 0, 'Sluice': 0, 'Dyke': 0, 'Storm water drain': 0, 'Emergency': 0, 'Immediate': 0, 'IM': 0, 'AE': 0, 'A E': 0, 'AAPDA MITRA': 0, 'Bridge': 0, 'River': 0, 'Drain': 0, 'Restoration': 0, 'Protection': 0, 'irr': 0, 'irrigation': 0, 'dam': 0, 'Nallah': 0, 'nala': 0, 'Retrofitting': 0, 'Pond': 2, 'Pokhari': 0, 'D/C': 0, 'Recharge shaft': 0, 'LFB': 0, 'RFB': 0}","{'Floodlight': 0, 'Flood Light': 0, 'GAS': 0, 'FIFA': 0, 'pipe': 0, 'pipes': 0, 'covid': 0, 'supply': 0, 'Beautification': 0, 'Installation': 0}",,,False,True,Immediate Measures
106259,NIT No.- 02/2025-26/GR06,"Construction of PCC road & RCC drain with cover slab from the khakhan Mishra chowk to ram chowk to mangala mistan gali to via vaishali bank to station road in ward no- 10 in under nagar parishad janakpur road, sitamarhi","Construction of PCC road & RCC drain with cover slab from the khakhan Mishra chowk to ram chowk to mangala mistan gali to via vaishali bank to station road in ward no- 10 in under nagar parishad janakpur road, sitamarhi",13248097.0,INR,INR,2025-07-22 08:47:55+00:00,2025-07-22T08:42:52.156000+00:00,2025-08-01T09:31:00+00:00,KESHAV GOEL,EXECUTIVE OFFICER,SONBARSHA NAGAR PANCHAYAT,NAGAR PANCHAYAT SONBARSHA,Keshav Goel,executive officer,"URBAN DEVELOPMENT AND HOUSING DEPARTM,ENT",264962.0,10000.0,3540.0,True,"{'Flood': 0, 'Embankment': 0, 'embkt': 0, 'Relief': 0, 'Erosion': 0, 'SDRF': 0, 'Inundation': 0, 'Hydrology': 0, 'Silt': 0, 'Siltation': 0, 'Bund': 0, 'Trench': 0, 'Breach': 0, 'Culvert': 0, 'Sluice': 0, 'Dyke': 0, 'Storm water drain': 0, 'Emergency': 0, 'Immediate': 0, 'IM': 0, 'AE': 0, 'A E': 0, 'AAPDA MITRA': 0, 'Bridge': 0, 'River': 0, 'Drain': 2, 'Restoration': 0, 'Protection': 0, 'irr': 0, 'irrigation': 0, 'dam': 0, 'Nallah': 0, 'nala': 0, 'Retrofitting': 0, 'Pond': 0, 'Pokhari': 0, 'D/C': 0, 'Recharge shaft': 0, 'LFB': 0, 'RFB': 0}","{'Floodlight': 0, 'Flood Light': 0, 'GAS': 0, 'FIFA': 0, 'pipe': 0, 'pipes': 0, 'covid': 0, 'supply': 0, 'Beautification': 0, 'Installation': 0}",,,False,True,Immediate Measures
106263,NIT No.- 02/2025-26/GR10,"Construction of pond chatt ghat, steps & pathway from the chatyahi pokhar in ward no-05 under nagar parishad janakpur road, sitamarhi.","Construction of pond chatt ghat, steps & pathway from the chatyahi pokhar in ward no-05 under nagar parishad janakpur road, sitamarhi.",18541319.0,INR,INR,2025-07-22 09:04:37+00:00,2025-07-22T09:00:32.200000+00:00,2025-08-06T10:17:50+00:00,KESHAV GOEL,EXECUTIVE OFFICER,SONBARSHA NAGAR PANCHAYAT,NAGAR PANCHAYAT SONBARSHA,Keshav Goel,executive officer,"URBAN DEVELOPMENT AND HOUSING DEPARTM,ENT",370827.0,10000.0,3540.0,True,"{'Flood': 0, 'Embankment': 0, 'embkt': 0, 'Relief': 0, 'Erosion': 0, 'SDRF': 0, 'Inundation': 0, 'Hydrology': 0, 'Silt': 0, 'Siltation': 0, 'Bund': 0, 'Trench': 0, 'Breach': 0, 'Culvert': 0, 'Sluice': 0, 'Dyke': 0, 'Storm water drain': 0, 'Emergency': 0, 'Immediate': 0, 'IM': 0, 'AE': 0, 'A E': 0, 'AAPDA MITRA': 0, 'Bridge': 0, 'River': 0, 'Drain': 0, 'Restoration': 0, 'Protection': 0, 'irr': 0, 'irrigation': 0, 'dam': 0, 'Nallah': 0, 'nala': 0, 'Retrofitting': 0, 'Pond': 2, 'Pokhari': 0, 'D/C': 0, 'Recharge shaft': 0, 'LFB': 0, 'RFB': 0}","{'Floodlight': 0, 'Flood Light': 0, 'GAS': 0, 'FIFA': 0, 'pipe': 0, 'pipes': 0, 'covid': 0, 'supply': 0, 'Beautification': 0, 'Installation': 0}",,,False,True,Immediate Measures
106268,NIT No.- 02/2025-26 (Group - 1,"Construction of RCC drain from Shiv Thakur shop to Pavana bridge in ward No. 06, 07 and 08","Construction of RCC drain from Shiv Thakur shop to Pavana bridge in ward No. 06, 07 and 08",20642200.0,INR,INR,2025-07-22 10:06:00+00:00,2025-07-22T09:49:05.180000+00:00,2025-09-12T09:39:43+00:00,Vikash Kumar,PROJECT DIRECTOR,Bihar Urban Infrastructure Development Corporation Ltd.,Araria,Vikash Kumar,PROJECT DIRECTOR,Bihar Urban Infrastructure Development Corporation Ltd.,413000.0,17700.0,3540.0,True,"{'Flood': 0, 'Embankment': 0, 'embkt': 0, 'Relief': 0, 'Erosion': 0, 'SDRF': 0, 'Inundation': 0, 'Hydrology': 0, 'Silt': 0, 'Siltation': 0, 'Bund': 0, 'Trench': 0, 'Breach': 0, 'Culvert': 0, 'Sluice': 0, 'Dyke': 0, 'Storm water drain': 0, 'Emergency': 0, 'Immediate': 0, 'IM': 0, 'AE': 0, 'A E': 0, 'AAPDA MITRA': 0, 'Bridge': 2, 'River': 0, 'Drain': 2, 'Restoration': 0, 'Protection': 0, 'irr': 0, 'irrigation': 0, 'dam': 0, 'Nallah': 0, 'nala': 0, 'Retrofitting': 0, 'Pond': 0, 'Pokhari': 0, 'D/C': 0, 'Recharge shaft': 0, 'LFB': 0, 'RFB': 0}","{'Floodlight': 0, 'Flood Light': 0, 'GAS': 0, 'FIFA': 0, 'pipe': 0, 'pipes': 0, 'covid': 0, 'supply': 0, 'Beautification': 0, 'Installation': 0}",,,False,True,Immediate Measures
106269,NIT 08/2025-26Group 01/IMD BIRPUR,"Repair and Maintenance of C/R & Silt Ejector Gate with Hoisting System, Hoist Bridge etc. and Fabrication of 1 No E/R Gate of Western Koshi Main Canal.","Repair and Maintenance of C/R & Silt Ejector Gate with Hoisting System, Hoist Bridge etc. and Fabrication of 1 No E/R Gate of Western Koshi Main Canal.",1729812.0,INR,INR,2025-07-22 10:07:55+00:00,2025-07-22T09:51:06.287000+00:00,2025-11-11T08:11:03+00:00,SIYARAM PASWAN,SUPERINTENDENT ENGINEER,WATER RESOURCE DEPARTMENT,IRRIGATION MECHANICAL CIRCLE BIRPUR,Siyaram paswan(SE),Superintendent Engineer,Water Resources department,34600.0,5000.0,590.0,True,"{'Flood': 0, 'Embankment': 0, 'embkt': 0, 'Relief': 0, 'Erosion': 0, 'SDRF': 0, 'Inundation': 0, 'Hydrology': 0, 'Silt': 2, 'Siltation': 0, 'Bund': 0, 'Trench': 0, 'Breach': 0, 'Culvert': 0, 'Sluice': 0, 'Dyke': 0, 'Storm water drain': 0, 'Emergency': 0, 'Immediate': 0, 'IM': 0, 'AE': 0, 'A E': 0, 'AAPDA MITRA': 0, 'Bridge': 2, 'River': 0, 'Drain': 0, 'Restoration': 0, 'Protection': 0, 'irr': 0, 'irrigation': 0, 'dam': 0, 'Nallah': 0, 'nala': 0, 'Retrofitting': 0, 'Pond': 0, 'Pokhari': 0, 'D/C': 0, 'Recharge shaft': 0, 'LFB': 0, 'RFB': 0}","{'Floodlight': 0, 'Flood Light': 0, 'GAS': 0, 'FIFA': 0, 'pipe': 0, 'pipes': 0, 'covid': 0, 'supply': 0, 'Beautification': 0, 'Installation': 0}",,,False,True,Immediate Measures
106256,NIT NO.- 02/2025-26/BHABHUA/group - 01,"Sinking of 33 Nos. 125 mm x 56M deep Gravel Packed Tube Well & 10 Nos. 125/115mm dia x 125 Mtr. Drillet Tube Well with  IM II Hand  Pump  P.C.C. 1.85 meter  dia  circular platform and  3 meter  long  P.C.C.  Drain with 1.0m diameter 2.0 metre deep soak pit  for  providing  drinking  water in heat and drought conditions & falling water level in the district under natural calamity (drought) in the district of Kaimur under P.H. Division, Bhabhua in the year 2025-26.","Sinking of 33 Nos. 125 mm x 56M deep Gravel Packed Tube Well & 10 Nos. 125/115mm dia x 125 Mtr. Drillet Tube Well with  IM II Hand  Pump  P.C.C. 1.85 meter  dia  circular platform and  3 meter  long  P.C.C.  Drain with 1.0m diameter 2.0 metre deep soak pit  for  providing  drinking  water in heat and drought conditions & falling water level in the district under natural calamity (drought) in the district of Kaimur under P.H. Division, Bhabhua in the year 2025-26.",5638500.0,INR,INR,2025-07-22 08:47:42+00:00,2025-07-22T08:25:41.503000+00:00,2025-09-19T10:27:55+00:00,"EXECUTIVE ENGINEER , P.H. DIVISION, BHABHUA, KAIMUR",EE,"P.H. DIVISION, BHABHUA",P.H.E.D. OFFICE NEAR JAGJEEVAN STADIUM BHABHUA,"SUPERINTENDING ENGINEER, SASARAM",SUPERINTENDING ENGINEER (SE),"P.H. CIRCLE, SASARAM",112800.0,10000.0,590.0,True,"{'Flood': 0, 'Embankment': 0, 'embkt': 0, 'Relief': 0, 'Erosion': 0, 'SDRF': 0, 'Inundation': 0, 'Hydrology': 0, 'Silt': 0, 'Siltation': 0, 'Bund': 0, 'Trench': 0, 'Breach': 0, 'Culvert': 0, 'Sluice': 0, 'Dyke': 0, 'Storm water drain': 0, 'Emergency': 0, 'Immediate': 0, 'IM': 2, 'AE': 0, 'A E': 0, 'AAPDA MITRA': 0, 'Bridge': 0, 'River': 0, 'Drain': 2, 'Restoration': 0, 'Protection': 0, 'irr': 0, 'irrigation': 0, 'dam': 0, 'Nallah': 0, 'nala': 0, 'Retrofitting': 0, 'Pond': 0, 'Pokhari': 0, 'D/C': 0, 'Recharge shaft': 0, 'LFB': 0, 'RFB': 0}","{'Floodlight': 0, 'Flood Light': 0, 'GAS': 0, 'FIFA': 0, 'pipe': 0, 'pipes': 0, 'covid': 0, 'supply': 0, 'Beautification': 0, 'Installation': 0}",,,False,True,Immediate Measures
106262,NIT No.- 02/2025-26/GR09,"Construction of pond chatt ghat, steps % pathway from the near gudri bazaar pokhar in ward no- 10 in nagar parishad janakpur road, sitamarhi","Construction of pond chatt ghat, steps % pathway from the near gudri bazaar pokhar in ward no- 10 in nagar parishad janakpur road, sitamarhi",18541319.0,INR,INR,2025-07-22 09:00:18+00:00,2025-07-22T08:56:47.547000+00:00,2025-11-22T07:47:53+00:00,KESHAV GOEL,EXECUTIVE OFFICER,SONBARSHA NAGAR PANCHAYAT,NAGAR PANCHAYAT SONBARSHA,Keshav Goel,executive officer,"URBAN DEVELOPMENT AND HOUSING DEPARTM,ENT",370827.0,10000.0,3540.0,True,"{'Flood': 0, 'Embankment': 0, 'embkt': 0, 'Relief': 0, 'Erosion': 0, 'SDRF': 0, 'Inundation': 0, 'Hydrology': 0, 'Silt': 0, 'Siltation': 0, 'Bund': 0, 'Trench': 0, 'Breach': 0, 'Culvert': 0, 'Sluice': 0, 'Dyke': 0, 'Storm water drain': 0, 'Emergency': 0, 'Immediate': 0, 'IM': 0, 'AE': 0, 'A E': 0, 'AAPDA MITRA': 0, 'Bridge': 0, 'River': 0, 'Drain': 0, 'Restoration': 0, 'Protection': 0, 'irr': 0, 'irrigation': 0, 'dam': 0, 'Nallah': 0, 'nala': 0, 'Retrofitting': 0, 'Pond': 2, 'Pokhari': 0, 'D/C': 0, 'Recharge shaft': 0, 'LFB': 0, 'RFB': 0}","{'Floodlight': 0, 'Flood Light': 0, 'GAS': 0, 'FIFA': 0, 'pipe': 0, 'pipes': 0, 'covid': 0, 'supply': 0, 'Beautification': 0, 'Installation': 0}",,,False,True,Immediate Measures
106276,KTR/NIT-07/2025-26-GR-05,"Construction of some part new drain with cover and some part upgrading drain from the house of Ritesh Pandit to the house of Ajay Ghosh 2.Construction of Pcc road and drain with cover  from the house of Sadhan Ghosh to the house of Subroto Ghosh 3.Construction of Pcc road and drain with cover  from the house of Ganesh Jha to the house of Kabul Banarji 4.Construction of Paver block road and drain with cover from the house of Vimal Singh to the house of Sunil Jha in 02 No. Colony w.no.-21 Under nagar nigam, Katihar.","Construction of some part new drain with cover and some part upgrading drain from the house of Ritesh Pandit to the house of Ajay Ghosh 2.Construction of Pcc road and drain with cover  from the house of Sadhan Ghosh to the house of Subroto Ghosh 3.Construction of Pcc road and drain with cover  from the house of Ganesh Jha to the house of Kabul Banarji 4.Construction of Paver block road and drain with cover from the house of Vimal Singh to the house of Sunil Jha in 02 No. Colony w.no.-21 Under nagar nigam, Katihar.",1964804.0,INR,INR,2025-07-22 10:42:53+00:00,2025-07-22T10:38:36.562000+00:00,2025-08-08T06:56:44+00:00,"MUNICIPAL COMMISSIONER, KATIHAR",MCO,NAGAR NIGAM KATIHAR,SHAHID CHOWK KATIHAR,"MUNICIPAL COMMISSIONER, KATIHAR",MUNICIPAL COMMISSIONER,NAGAR NIGAM KATIHAR,39300.0,5000.0,590.0,True,"{'Flood': 0, 'Embankment': 0, 'embkt': 0, 'Relief': 0, 'Erosion': 0, 'SDRF': 0, 'Inundation': 0, 'Hydrology': 0, 'Silt': 0, 'Siltation': 0, 'Bund': 0, 'Trench': 0, 'Breach': 0, 'Culvert': 0, 'Sluice': 0, 'Dyke': 0, 'Storm water drain': 0, 'Emergency': 0, 'Immediate': 0, 'IM': 0, 'AE': 0, 'A E': 0, 'AAPDA MITRA': 0, 'Bridge': 0, 'River': 0, 'Drain': 10, 'Restoration': 0, 'Protection': 0, 'irr': 0, 'irrigation': 0, 'dam': 0, 'Nallah': 0, 'nala': 0, 'Retrofitting': 0, 'Pond': 0, 'Pokhari': 0, 'D/C': 0, 'Recharge shaft': 0, 'LFB': 0, 'RFB': 0}","{'Floodlight': 0, 'Flood Light': 0, 'GAS': 0, 'FIFA': 0, 'pipe': 0, 'pipes': 0, 'covid': 0, 'supply': 0, 'Beautification': 0, 'Installation': 0}",,,False,True,Immediate Measures
106273,KTR/NIT-07/2025-26-GR-03,Construction Paver block road and drain with cover from the house of Md. Taj to the house of T.N.Singh via Madarsa. 2. Construction Paver block road and drain with cover from the house of Bijay Chakrabarti to the house of Samsuddin. 3. Construction Paver block road and drain with cover from the house of Niru Paswan to the house of Late Garib Lal Paswan in Larkania w.no.-18 Under nagar nigam Katihar.,Construction Paver block road and drain with cover from the house of Md. Taj to the house of T.N.Singh via Madarsa. 2. Construction Paver block road and drain with cover from the house of Bijay Chakrabarti to the house of Samsuddin. 3. Construction Paver block road and drain with cover from the house of Niru Paswan to the house of Late Garib Lal Paswan in Larkania w.no.-18 Under nagar nigam Katihar.,2058744.0,INR,INR,2025-07-22 10:32:14+00:00,2025-07-22T10:27:08.146000+00:00,2025-08-08T06:48:15+00:00,"MUNICIPAL COMMISSIONER, KATIHAR",MCO,NAGAR NIGAM KATIHAR,SHAHID CHOWK KATIHAR,"MUNICIPAL COMMISSIONER, KATIHAR",MUNICIPAL COMMISSIONER,NAGAR NIGAM KATIHAR,41200.0,5000.0,590.0,True,"{'Flood': 0, 'Embankment': 0, 'embkt': 0, 'Relief': 0, 'Erosion': 0, 'SDRF': 0, 'Inundation': 0, 'Hydrology': 0, 'Silt': 0, 'Siltation': 0, 'Bund': 0, 'Trench': 0, 'Breach': 0, 'Culvert': 0, 'Sluice': 0, 'Dyke': 0, 'Storm water drain': 0, 'Emergency': 0, 'Immediate': 0, 'IM': 0, 'AE': 0, 'A E': 0, 'AAPDA MITRA': 0, 'Bridge': 0, 'River': 0, 'Drain': 6, 'Restoration': 0, 'Protection': 0, 'irr': 0, 'irrigation': 0, 'dam': 0, 'Nallah': 0, 'nala': 0, 'Retrofitting': 0, 'Pond': 0, 'Pokhari': 0, 'D/C': 0, 'Recharge shaft': 0, 'LFB': 0, 'RFB': 0}","{'Floodlight': 0, 'Flood Light': 0, 'GAS': 0, 'FIFA': 0, 'pipe': 0, 'pipes': 0, 'covid': 0, 'supply': 0, 'Beautification': 0, 'Installation': 0}",,,False,True,Immediate Measures
106277,KTR/NIT-07/2025-26-GR-06,"construction of different paver. road And r.c.c. drain  from house of chhatu sharma to navin kumar jha, house of lalan singh to house of ganesh thakur, house of madan chaudari to house of house of kanhaiya, house of sonu ram via shankar poddar   to avhesh mehta, house of rana kumar to house of shiv kumar sah and house of shankar sah to house of jitendra sah in ward. no. 43 at katihar.","construction of different paver. road And r.c.c. drain  from house of chhatu sharma to navin kumar jha, house of lalan singh to house of ganesh thakur, house of madan chaudari to house of house of kanhaiya, house of sonu ram via shankar poddar   to avhesh mehta, house of rana kumar to house of shiv kumar sah and house of shankar sah to house of jitendra sah in ward. no. 43 at katihar.",2985651.0,INR,INR,2025-07-22 10:47:35+00:00,2025-07-22T10:43:43.478000+00:00,2025-08-08T07:31:53+00:00,"MUNICIPAL COMMISSIONER, KATIHAR",MCO,NAGAR NIGAM KATIHAR,SHAHID CHOWK KATIHAR,"MUNICIPAL COMMISSIONER, KATIHAR",MUNICIPAL COMMISSIONER,NAGAR NIGAM KATIHAR,59800.0,5000.0,590.0,True,"{'Flood': 0, 'Embankment': 0, 'embkt': 0, 'Relief': 0, 'Erosion': 0, 'SDRF': 0, 'Inundation': 0, 'Hydrology': 0, 'Silt': 0, 'Siltation': 0, 'Bund': 0, 'Trench': 0, 'Breach': 0, 'Culvert': 0, 'Sluice': 0, 'Dyke': 0, 'Storm water drain': 0, 'Emergency': 0, 'Immediate': 0, 'IM': 0, 'AE': 0, 'A E': 0, 'AAPDA MITRA': 0, 'Bridge': 0, 'River': 0, 'Drain': 2, 'Restoration': 0, 'Protection': 0, 'irr': 0, 'irrigation': 0, 'dam': 0, 'Nallah': 0, 'nala': 0, 'Retrofitting': 0, 'Pond': 0, 'Pokhari': 0, 'D/C': 0, 'Recharge shaft': 0, 'LFB': 0, 'RFB': 0}","{'Floodlight': 0, 'Flood Light': 0, 'GAS': 0, 'FIFA': 0, 'pipe': 0, 'pipes': 0, 'covid': 0, 'supply': 0, 'Beautification': 0, 'Installation': 0}",,,False,True,Immediate Measures
106284,KTR/NIT-07/2025-26-GR-09,Construction of P.C.C road and drain with cove In Bengali Pada Ward No -02  From Santosh ji house to Avdhesh Paswan house and from Jagdish Chauhan house to rajneetik Yadav house in ward no-02,Construction of P.C.C road and drain with cove In Bengali Pada Ward No -02  From Santosh ji house to Avdhesh Paswan house and from Jagdish Chauhan house to rajneetik Yadav house in ward no-02,2594080.0,INR,INR,2025-07-22 11:05:53+00:00,2025-07-22T10:59:54.490000+00:00,2025-08-08T07:42:45+00:00,"MUNICIPAL COMMISSIONER, KATIHAR",MCO,NAGAR NIGAM KATIHAR,SHAHID CHOWK KATIHAR,"MUNICIPAL COMMISSIONER, KATIHAR",MUNICIPAL COMMISSIONER,NAGAR NIGAM KATIHAR,51900.0,5000.0,590.0,True,"{'Flood': 0, 'Embankment': 0, 'embkt': 0, 'Relief': 0, 'Erosion': 0, 'SDRF': 0, 'Inundation': 0, 'Hydrology': 0, 'Silt': 0, 'Siltation': 0, 'Bund': 0, 'Trench': 0, 'Breach': 0, 'Culvert': 0, 'Sluice': 0, 'Dyke': 0, 'Storm water drain': 0, 'Emergency': 0, 'Immediate': 0, 'IM': 0, 'AE': 0, 'A E': 0, 'AAPDA MITRA': 0, 'Bridge': 0, 'River': 0, 'Drain': 2, 'Restoration': 0, 'Protection': 0, 'irr': 0, 'irrigation': 0, 'dam': 0, 'Nallah': 0, 'nala': 0, 'Retrofitting': 0, 'Pond': 0, 'Pokhari': 0, 'D/C': 0, 'Recharge shaft': 0, 'LFB': 0, 'RFB': 0}","{'Floodlight': 0, 'Flood Light': 0, 'GAS': 0, 'FIFA': 0, 'pipe': 0, 'pipes': 0, 'covid': 0, 'supply': 0, 'Beautification': 0, 'Installation': 0}",,,False,True,Immediate Measures
106285,KTR/NIT-07/2025-26-GR-10,Construction of PCC road and drain from behind Aman Rai house near MS Academy School to Lalit Kishore Singh house via Suman Kumar Rai house in ward no-02,Construction of PCC road and drain from behind Aman Rai house near MS Academy School to Lalit Kishore Singh house via Suman Kumar Rai house in ward no-02,2550702.0,INR,INR,2025-07-22 11:10:16+00:00,2025-07-22T11:06:29.177000+00:00,2025-08-08T07:54:24+00:00,"MUNICIPAL COMMISSIONER, KATIHAR",MCO,NAGAR NIGAM KATIHAR,SHAHID CHOWK KATIHAR,"MUNICIPAL COMMISSIONER, KATIHAR",MUNICIPAL COMMISSIONER,NAGAR NIGAM KATIHAR,51100.0,5000.0,590.0,True,"{'Flood': 0, 'Embankment': 0, 'embkt': 0, 'Relief': 0, 'Erosion': 0, 'SDRF': 0, 'Inundation': 0, 'Hydrology': 0, 'Silt': 0, 'Siltation': 0, 'Bund': 0, 'Trench': 0, 'Breach': 0, 'Culvert': 0, 'Sluice': 0, 'Dyke': 0, 'Storm water drain': 0, 'Emergency': 0, 'Immediate': 0, 'IM': 0, 'AE': 0, 'A E': 0, 'AAPDA MITRA': 0, 'Bridge': 0, 'River': 0, 'Drain': 2, 'Restoration': 0, 'Protection': 0, 'irr': 0, 'irrigation': 0, 'dam': 0, 'Nallah': 0, 'nala': 0, 'Retrofitting': 0, 'Pond': 0, 'Pokhari': 0, 'D/C': 0, 'Recharge shaft': 0, 'LFB': 0, 'RFB': 0}","{'Floodlight': 0, 'Flood Light': 0, 'GAS': 0, 'FIFA': 0, 'pipe': 0, 'pipes': 0, 'covid': 0, 'supply': 0, 'Beautification': 0, 'Installation': 0}",,,False,True,Immediate Measures
106292,KTR/NIT-07/2025-26-GR-15,"Construction of Edge Soling and RCC Drain from house of Rajnees Yadav to Usha Devi house in Ward No.-08,Katihar","Construction of Edge Soling and RCC Drain from house of Rajnees Yadav to Usha Devi house in Ward No.-08,Katihar",864988.0,INR,INR,2025-07-22 11:35:05+00:00,2025-07-22T11:31:14.583000+00:00,2025-08-08T11:07:50+00:00,"MUNICIPAL COMMISSIONER, KATIHAR",MCO,NAGAR NIGAM KATIHAR,SHAHID CHOWK KATIHAR,"MUNICIPAL COMMISSIONER, KATIHAR",MUNICIPAL COMMISSIONER,NAGAR NIGAM KATIHAR,17300.0,1250.0,590.0,True,"{'Flood': 0, 'Embankment': 0, 'embkt': 0, 'Relief': 0, 'Erosion': 0, 'SDRF': 0, 'Inundation': 0, 'Hydrology': 0, 'Silt': 0, 'Siltation': 0, 'Bund': 0, 'Trench': 0, 'Breach': 0, 'Culvert': 0, 'Sluice': 0, 'Dyke': 0, 'Storm water drain': 0, 'Emergency': 0, 'Immediate': 0, 'IM': 0, 'AE': 0, 'A E': 0, 'AAPDA MITRA': 0, 'Bridge': 0, 'River': 0, 'Drain': 2, 'Restoration': 0, 'Protection': 0, 'irr': 0, 'irrigation': 0, 'dam': 0, 'Nallah': 0, 'nala': 0, 'Retrofitting': 0, 'Pond': 0, 'Pokhari': 0, 'D/C': 0, 'Recharge shaft': 0, 'LFB': 0, 'RFB': 0}","{'Floodlight': 0, 'Flood Light': 0, 'GAS': 0, 'FIFA': 0, 'pipe': 0, 'pipes': 0, 'covid': 0, 'supply': 0, 'Beautification': 0, 'Installation': 0}",,,False,True,Immediate Measures
106293,KTR/NIT-07/2025-26-GR-16,"Construction of Edge Soling and RCC Drain from house of Guddu Raut to Pawan Paswan house via Arun Paswan house in Ward No.-11,Katihar","Construction of Edge Soling and RCC Drain from house of Guddu Raut to Pawan Paswan house via Arun Paswan house in Ward No.-11,Katihar",1229413.0,INR,INR,2025-07-22 11:41:44+00:00,2025-07-22T11:35:58.724000+00:00,2025-08-08T11:11:43+00:00,"MUNICIPAL COMMISSIONER, KATIHAR",MCO,NAGAR NIGAM KATIHAR,SHAHID CHOWK KATIHAR,"MUNICIPAL COMMISSIONER, KATIHAR",MUNICIPAL COMMISSIONER,NAGAR NIGAM KATIHAR,24600.0,2500.0,590.0,True,"{'Flood': 0, 'Embankment': 0, 'embkt': 0, 'Relief': 0, 'Erosion': 0, 'SDRF': 0, 'Inundation': 0, 'Hydrology': 0, 'Silt': 0, 'Siltation': 0, 'Bund': 0, 'Trench': 0, 'Breach': 0, 'Culvert': 0, 'Sluice': 0, 'Dyke': 0, 'Storm water drain': 0, 'Emergency': 0, 'Immediate': 0, 'IM': 0, 'AE': 0, 'A E': 0, 'AAPDA MITRA': 0, 'Bridge': 0, 'River': 0, 'Drain': 2, 'Restoration': 0, 'Protection': 0, 'irr': 0, 'irrigation': 0, 'dam': 0, 'Nallah': 0, 'nala': 0, 'Retrofitting': 0, 'Pond': 0, 'Pokhari': 0, 'D/C': 0, 'Recharge shaft': 0, 'LFB': 0, 'RFB': 0}","{'Floodlight': 0, 'Flood Light': 0, 'GAS': 0, 'FIFA': 0, 'pipe': 0, 'pipes': 0, 'covid': 0, 'supply': 0, 'Beautification': 0, 'Installation': 0}",,,False,True,Immediate Measures
106294,KTR/NIT-07/2025-26-GR-17,Construction of Paver block road and drain with cover from the house of Jokhan Sah to infront of the house of Binod Poddar in w.no.-16 Under nagar nigam Katihar.,Construction of Paver block road and drain with cover from the house of Jokhan Sah to infront of the house of Binod Poddar in w.no.-16 Under nagar nigam Katihar.,942028.0,INR,INR,2025-07-22 11:55:51+00:00,2025-07-22T11:42:34.551000+00:00,2025-08-08T11:16:45+00:00,"MUNICIPAL COMMISSIONER, KATIHAR",MCO,NAGAR NIGAM KATIHAR,SHAHID CHOWK KATIHAR,"MUNICIPAL COMMISSIONER, KATIHAR",MUNICIPAL COMMISSIONER,NAGAR NIGAM KATIHAR,18900.0,1250.0,590.0,True,"{'Flood': 0, 'Embankment': 0, 'embkt': 0, 'Relief': 0, 'Erosion': 0, 'SDRF': 0, 'Inundation': 0, 'Hydrology': 0, 'Silt': 0, 'Siltation': 0, 'Bund': 0, 'Trench': 0, 'Breach': 0, 'Culvert': 0, 'Sluice': 0, 'Dyke': 0, 'Storm water drain': 0, 'Emergency': 0, 'Immediate': 0, 'IM': 0, 'AE': 0, 'A E': 0, 'AAPDA MITRA': 0, 'Bridge': 0, 'River': 0, 'Drain': 2, 'Restoration': 0, 'Protection': 0, 'irr': 0, 'irrigation': 0, 'dam': 0, 'Nallah': 0, 'nala': 0, 'Retrofitting': 0, 'Pond': 0, 'Pokhari': 0, 'D/C': 0, 'Recharge shaft': 0, 'LFB': 0, 'RFB': 0}","{'Floodlight': 0, 'Flood Light': 0, 'GAS': 0, 'FIFA': 0, 'pipe': 0, 'pipes': 0, 'covid': 0, 'supply': 0, 'Beautification': 0, 'Installation': 0}",,,False,True,Immediate Measures
106297,KTR/NIT-07/2025-26-GR-18,Construction of Paver block road and drain with cover from infront of Hanuman Mandir to the house of Dinesh Sharma in Ward No -16 .,Construction of Paver block road and drain with cover from infront of Hanuman Mandir to the house of Dinesh Sharma in Ward No -16 .,949161.0,INR,INR,2025-07-22 12:00:46+00:00,2025-07-22T11:56:10.817000+00:00,2025-08-08T11:25:12+00:00,"MUNICIPAL COMMISSIONER, KATIHAR",MCO,NAGAR NIGAM KATIHAR,SHAHID CHOWK KATIHAR,"MUNICIPAL COMMISSIONER, KATIHAR",MUNICIPAL COMMISSIONER,NAGAR NIGAM KATIHAR,19000.0,1250.0,590.0,True,"{'Flood': 0, 'Embankment': 0, 'embkt': 0, 'Relief': 0, 'Erosion': 0, 'SDRF': 0, 'Inundation': 0, 'Hydrology': 0, 'Silt': 0, 'Siltation': 0, 'Bund': 0, 'Trench': 0, 'Breach': 0, 'Culvert': 0, 'Sluice': 0, 'Dyke': 0, 'Storm water drain': 0, 'Emergency': 0, 'Immediate': 0, 'IM': 0, 'AE': 0, 'A E': 0, 'AAPDA MITRA': 0, 'Bridge': 0, 'River': 0, 'Drain': 2, 'Restoration': 0, 'Protection': 0, 'irr': 0, 'irrigation': 0, 'dam': 0, 'Nallah': 0, 'nala': 0, 'Retrofitting': 0, 'Pond': 0, 'Pokhari': 0, 'D/C': 0, 'Recharge shaft': 0, 'LFB': 0, 'RFB': 0}","{'Floodlight': 0, 'Flood Light': 0, 'GAS': 0, 'FIFA': 0, 'pipe': 0, 'pipes': 0, 'covid': 0, 'supply': 0, 'Beautification': 0, 'Installation': 0}",,,False,True,Immediate Measures
106300,KTR/NIT-07/2025-26-GR-20,Construction of Paver block road and drain with cover from the house of Ram Lal Das to the house of Manoj Rajak w.no.-16 Under nagar nigam Katihar.,Construction of Paver block road and drain with cover from the house of Ram Lal Das to the house of Manoj Rajak w.no.-16 Under nagar nigam Katihar.,1145759.0,INR,INR,2025-07-22 12:11:04+00:00,2025-07-22T12:07:12.288000+00:00,2025-08-08T11:40:02+00:00,"MUNICIPAL COMMISSIONER, KATIHAR",MCO,NAGAR NIGAM KATIHAR,SHAHID CHOWK KATIHAR,"MUNICIPAL COMMISSIONER, KATIHAR",MUNICIPAL COMMISSIONER,NAGAR NIGAM KATIHAR,23000.0,2500.0,590.0,True,"{'Flood': 0, 'Embankment': 0, 'embkt': 0, 'Relief': 0, 'Erosion': 0, 'SDRF': 0, 'Inundation': 0, 'Hydrology': 0, 'Silt': 0, 'Siltation': 0, 'Bund': 0, 'Trench': 0, 'Breach': 0, 'Culvert': 0, 'Sluice': 0, 'Dyke': 0, 'Storm water drain': 0, 'Emergency': 0, 'Immediate': 0, 'IM': 0, 'AE': 0, 'A E': 0, 'AAPDA MITRA': 0, 'Bridge': 0, 'River': 0, 'Drain': 2, 'Restoration': 0, 'Protection': 0, 'irr': 0, 'irrigation': 0, 'dam': 0, 'Nallah': 0, 'nala': 0, 'Retrofitting': 0, 'Pond': 0, 'Pokhari': 0, 'D/C': 0, 'Recharge shaft': 0, 'LFB': 0, 'RFB': 0}","{'Floodlight': 0, 'Flood Light': 0, 'GAS': 0, 'FIFA': 0, 'pipe': 0, 'pipes': 0, 'covid': 0, 'supply': 0, 'Beautification': 0, 'Installation': 0}",,,False,True,Immediate Measures
106302,KTR/NIT-07/2025-26-GR-21,Construction of Earth filling and Brick edge soling road with drain from the house of Kamal Narayan Pd. to the house of Sagar Paswan in w.no.-17 under nagar nigam Katihar.,Construction of Earth filling and Brick edge soling road with drain from the house of Kamal Narayan Pd. to the house of Sagar Paswan in w.no.-17 under nagar nigam Katihar.,1945623.0,INR,INR,2025-07-22 12:16:31+00:00,2025-07-22T12:11:48.387000+00:00,2025-07-28T09:31:00+00:00,"MUNICIPAL COMMISSIONER, KATIHAR",MCO,NAGAR NIGAM KATIHAR,SHAHID CHOWK KATIHAR,"MUNICIPAL COMMISSIONER, KATIHAR",MUNICIPAL COMMISSIONER,NAGAR NIGAM KATIHAR,39000.0,5000.0,590.0,True,"{'Flood': 0, 'Embankment': 0, 'embkt': 0, 'Relief': 0, 'Erosion': 0, 'SDRF': 0, 'Inundation': 0, 'Hydrology': 0, 'Silt': 0, 'Siltation': 0, 'Bund': 0, 'Trench': 0, 'Breach': 0, 'Culvert': 0, 'Sluice': 0, 'Dyke': 0, 'Storm water drain': 0, 'Emergency': 0, 'Immediate': 0, 'IM': 0, 'AE': 0, 'A E': 0, 'AAPDA MITRA': 0, 'Bridge': 0, 'River': 0, 'Drain': 2, 'Restoration': 0, 'Protection': 0, 'irr': 0, 'irrigation': 0, 'dam': 0, 'Nallah': 0, 'nala': 0, 'Retrofitting': 0, 'Pond': 0, 'Pokhari': 0, 'D/C': 0, 'Recharge shaft': 0, 'LFB': 0, 'RFB': 0}","{'Floodlight': 0, 'Flood Light': 0, 'GAS': 0, 'FIFA': 0, 'pipe': 0, 'pipes': 0, 'covid': 0, 'supply': 0, 'Beautification': 0, 'Installation': 0}",,,False,True,Immediate Measures
106301,NIT No- 04/25-26 (Group-2,"Construction work of RCC drain and PCC road on one side from Kali Mandir near Barsoi station to NH 98 Leather Godown Chowk in ward number 06 and 07 under Nagar Panchayat, Barsoi area","Construction work of RCC drain and PCC road on one side from Kali Mandir near Barsoi station to NH 98 Leather Godown Chowk in ward number 06 and 07 under Nagar Panchayat, Barsoi area",27097221.0,INR,INR,2025-07-22 12:11:48+00:00,2025-07-22T12:07:51.524000+00:00,2025-09-20T14:26:32+00:00,Vikash Kumar,PROJECT DIRECTOR,Bihar Urban Infrastructure Development Corporation Ltd.,Araria,Vikash Kumar,PROJECT DIRECTOR,Bihar Urban Infrastructure Development Corporation Ltd.,542000.0,17700.0,3540.0,True,"{'Flood': 0, 'Embankment': 0, 'embkt': 0, 'Relief': 0, 'Erosion': 0, 'SDRF': 0, 'Inundation': 0, 'Hydrology': 0, 'Silt': 0, 'Siltation': 0, 'Bund': 0, 'Trench': 0, 'Breach': 0, 'Culvert': 0, 'Sluice': 0, 'Dyke': 0, 'Storm water drain': 0, 'Emergency': 0, 'Immediate': 0, 'IM': 0, 'AE': 0, 'A E': 0, 'AAPDA MITRA': 0, 'Bridge': 0, 'River': 0, 'Drain': 2, 'Restoration': 0, 'Protection': 0, 'irr': 0, 'irrigation': 0, 'dam': 0, 'Nallah': 0, 'nala': 0, 'Retrofitting': 0, 'Pond': 0, 'Pokhari': 0, 'D/C': 0, 'Recharge shaft': 0, 'LFB': 0, 'RFB': 0}","{'Floodlight': 0, 'Flood Light': 0, 'GAS': 0, 'FIFA': 0, 'pipe': 0, 'pipes': 0, 'covid': 0, 'supply': 0, 'Beautification': 0, 'Installation': 0}",,,False,True,Immediate Measures
106299,KTR/NIT-07/2025-26-GR-19,Construction of Paver block road and drain with cover from the house of Anil Sharma to the house of Rajendra Paswan in w.no.-16 Under nagar nigam Katihar.,Construction of Paver block road and drain with cover from the house of Anil Sharma to the house of Rajendra Paswan in w.no.-16 Under nagar nigam Katihar.,1123022.0,INR,INR,2025-07-22 12:06:15+00:00,2025-07-22T12:01:29.373000+00:00,2025-08-08T11:31:32+00:00,"MUNICIPAL COMMISSIONER, KATIHAR",MCO,NAGAR NIGAM KATIHAR,SHAHID CHOWK KATIHAR,"MUNICIPAL COMMISSIONER, KATIHAR",MUNICIPAL COMMISSIONER,NAGAR NIGAM KATIHAR,22500.0,2500.0,590.0,True,"{'Flood': 0, 'Embankment': 0, 'embkt': 0, 'Relief': 0, 'Erosion': 0, 'SDRF': 0, 'Inundation': 0, 'Hydrology': 0, 'Silt': 0, 'Siltation': 0, 'Bund': 0, 'Trench': 0, 'Breach': 0, 'Culvert': 0, 'Sluice': 0, 'Dyke': 0, 'Storm water drain': 0, 'Emergency': 0, 'Immediate': 0, 'IM': 0, 'AE': 0, 'A E': 0, 'AAPDA MITRA': 0, 'Bridge': 0, 'River': 0, 'Drain': 2, 'Restoration': 0, 'Protection': 0, 'irr': 0, 'irrigation': 0, 'dam': 0, 'Nallah': 0, 'nala': 0, 'Retrofitting': 0, 'Pond': 0, 'Pokhari': 0, 'D/C': 0, 'Recharge shaft': 0, 'LFB': 0, 'RFB': 0}","{'Floodlight': 0, 'Flood Light': 0, 'GAS': 0, 'FIFA': 0, 'pipe': 0, 'pipes': 0, 'covid': 0, 'supply': 0, 'Beautification': 0, 'Installation': 0}",,,False,True,Immediate Measures
106310,KTR/NIT-07/2025-26-GR-27,construction of Paver road And r.c.c. drain  from house of  Md Khurshid to house of Rajjak ansari and house of sikendar to house of Idrish  in ward. no. 45  at katihar.,construction of Paver road And r.c.c. drain  from house of  Md Khurshid to house of Rajjak ansari and house of sikendar to house of Idrish  in ward. no. 45  at katihar.,878225.0,INR,INR,2025-07-22 12:45:50+00:00,2025-07-22T12:42:14.394000+00:00,2025-08-09T06:47:36+00:00,"MUNICIPAL COMMISSIONER, KATIHAR",MCO,NAGAR NIGAM KATIHAR,SHAHID CHOWK KATIHAR,"MUNICIPAL COMMISSIONER, KATIHAR",MUNICIPAL COMMISSIONER,NAGAR NIGAM KATIHAR,17600.0,1250.0,590.0,True,"{'Flood': 0, 'Embankment': 0, 'embkt': 0, 'Relief': 0, 'Erosion': 0, 'SDRF': 0, 'Inundation': 0, 'Hydrology': 0, 'Silt': 0, 'Siltation': 0, 'Bund': 0, 'Trench': 0, 'Breach': 0, 'Culvert': 0, 'Sluice': 0, 'Dyke': 0, 'Storm water drain': 0, 'Emergency': 0, 'Immediate': 0, 'IM': 0, 'AE': 0, 'A E': 0, 'AAPDA MITRA': 0, 'Bridge': 0, 'River': 0, 'Drain': 2, 'Restoration': 0, 'Protection': 0, 'irr': 0, 'irrigation': 0, 'dam': 0, 'Nallah': 0, 'nala': 0, 'Retrofitting': 0, 'Pond': 0, 'Pokhari': 0, 'D/C': 0, 'Recharge shaft': 0, 'LFB': 0, 'RFB': 0}","{'Floodlight': 0, 'Flood Light': 0, 'GAS': 0, 'FIFA': 0, 'pipe': 0, 'pipes': 0, 'covid': 0, 'supply': 0, 'Beautification': 0, 'Installation': 0}",,,False,True,Immediate Measures
106307,KTR/NIT-07/2025-26-GR-24,CONSTRUCTION OF R.C.C. DRAIN AND PAVER BLOCK FLANK FROM THE HOUSE OF JIKRUL OKIL TO AJAD DRIVER VIA KHOKHA MAJID  IN WARD. NO. 26 AT KATIHAR.,CONSTRUCTION OF R.C.C. DRAIN AND PAVER BLOCK FLANK FROM THE HOUSE OF JIKRUL OKIL TO AJAD DRIVER VIA KHOKHA MAJID  IN WARD. NO. 26 AT KATIHAR.,697006.0,INR,INR,2025-07-22 12:31:15+00:00,2025-07-22T12:26:59.697000+00:00,2025-07-28T09:31:00+00:00,"MUNICIPAL COMMISSIONER, KATIHAR",MCO,NAGAR NIGAM KATIHAR,SHAHID CHOWK KATIHAR,"MUNICIPAL COMMISSIONER, KATIHAR",MUNICIPAL COMMISSIONER,NAGAR NIGAM KATIHAR,14000.0,1250.0,590.0,True,"{'Flood': 0, 'Embankment': 0, 'embkt': 0, 'Relief': 0, 'Erosion': 0, 'SDRF': 0, 'Inundation': 0, 'Hydrology': 0, 'Silt': 0, 'Siltation': 0, 'Bund': 0, 'Trench': 0, 'Breach': 0, 'Culvert': 0, 'Sluice': 0, 'Dyke': 0, 'Storm water drain': 0, 'Emergency': 0, 'Immediate': 0, 'IM': 0, 'AE': 0, 'A E': 0, 'AAPDA MITRA': 0, 'Bridge': 0, 'River': 0, 'Drain': 2, 'Restoration': 0, 'Protection': 0, 'irr': 0, 'irrigation': 0, 'dam': 0, 'Nallah': 0, 'nala': 0, 'Retrofitting': 0, 'Pond': 0, 'Pokhari': 0, 'D/C': 0, 'Recharge shaft': 0, 'LFB': 0, 'RFB': 0}","{'Floodlight': 0, 'Flood Light': 0, 'GAS': 0, 'FIFA': 0, 'pipe': 0, 'pipes': 0, 'covid': 0, 'supply': 0, 'Beautification': 0, 'Installation': 0}",,,False,True,Immediate Measures
106323,NIT-06/2025-26/NP/NAWADA/GR-01,"WARD NO-38 SUDAMA NAGAR ME ARJUN CHAUDAHRY KE GHAR SE LEKAR CHAUDHARY BHAWAN TAM AVM CHAUDHARY NAGAR ME CHAUDHARY BHAWAN SE LEKAR AAJANBADI KENDRA AVM VIBHIN GALI HOTE HUYE PANKAJ PANDEY KE GHAR TAK  RCC DRAIN, COVER AND PCC ROAD UNDER NAGAR PARISHAD, NAWADA.","WARD NO-38 SUDAMA NAGAR ME ARJUN CHAUDAHRY KE GHAR SE LEKAR CHAUDHARY BHAWAN TAM AVM CHAUDHARY NAGAR ME CHAUDHARY BHAWAN SE LEKAR AAJANBADI KENDRA AVM VIBHIN GALI HOTE HUYE PANKAJ PANDEY KE GHAR TAK  RCC DRAIN, COVER AND PCC ROAD UNDER NAGAR PARISHAD, NAWADA.",4631000.0,INR,INR,2025-07-22 15:54:53+00:00,2025-07-22T14:23:20.653000+00:00,2025-08-02T14:07:02+00:00,SATYENDRA PRASAD VERMA,"EXECUTIVE OFFICER, NP NAWADA",NAGAR PARISAD NAWADA,NAWADA,SATYENDRA PRASAD VERMA,"EXECUTIVE OFFICER, NP NAWADA",NAGAR PARISAD NAWADA,93000.0,5000.0,590.0,True,"{'Flood': 0, 'Embankment': 0, 'embkt': 0, 'Relief': 0, 'Erosion': 0, 'SDRF': 0, 'Inundation': 0, 'Hydrology': 0, 'Silt': 0, 'Siltation': 0, 'Bund': 0, 'Trench': 0, 'Breach': 0, 'Culvert': 0, 'Sluice': 0, 'Dyke': 0, 'Storm water drain': 0, 'Emergency': 0, 'Immediate': 0, 'IM': 0, 'AE': 0, 'A E': 0, 'AAPDA MITRA': 0, 'Bridge': 0, 'River': 0, 'Drain': 2, 'Restoration': 0, 'Protection': 0, 'irr': 0, 'irrigation': 0, 'dam': 0, 'Nallah': 0, 'nala': 0, 'Retrofitting': 0, 'Pond': 0, 'Pokhari': 0, 'D/C': 0, 'Recharge shaft': 0, 'LFB': 0, 'RFB': 0}","{'Floodlight': 0, 'Flood Light': 0, 'GAS': 0, 'FIFA': 0, 'pipe': 0, 'pipes': 0, 'covid': 0, 'supply': 0, 'Beautification': 0, 'Installation': 0}",,,False,True,Immediate Measures
106327,NIT-06/2025-26/NP/NAWADA/GR-05,"WARD NO-38 GANDHI  ASHRAM ME  PURA MUHALALA ME FOR RCC DRAIN, COVER AND PCC ROAD UNDER NAGAR PARISHAD, NAWADA","WARD NO-38 GANDHI  ASHRAM ME  PURA MUHALALA ME FOR RCC DRAIN, COVER AND PCC ROAD UNDER NAGAR PARISHAD, NAWADA",4605700.0,INR,INR,2025-07-22 16:00:07+00:00,2025-07-22T15:01:47.538000+00:00,2025-08-02T14:19:35+00:00,SATYENDRA PRASAD VERMA,"EXECUTIVE OFFICER, NP NAWADA",NAGAR PARISAD NAWADA,NAWADA,SATYENDRA PRASAD VERMA,"EXECUTIVE OFFICER, NP NAWADA",NAGAR PARISAD NAWADA,93000.0,5000.0,590.0,True,"{'Flood': 0, 'Embankment': 0, 'embkt': 0, 'Relief': 0, 'Erosion': 0, 'SDRF': 0, 'Inundation': 0, 'Hydrology': 0, 'Silt': 0, 'Siltation': 0, 'Bund': 0, 'Trench': 0, 'Breach': 0, 'Culvert': 0, 'Sluice': 0, 'Dyke': 0, 'Storm water drain': 0, 'Emergency': 0, 'Immediate': 0, 'IM': 0, 'AE': 0, 'A E': 0, 'AAPDA MITRA': 0, 'Bridge': 0, 'River': 0, 'Drain': 2, 'Restoration': 0, 'Protection': 0, 'irr': 0, 'irrigation': 0, 'dam': 0, 'Nallah': 0, 'nala': 0, 'Retrofitting': 0, 'Pond': 0, 'Pokhari': 0, 'D/C': 0, 'Recharge shaft': 0, 'LFB': 0, 'RFB': 0}","{'Floodlight': 0, 'Flood Light': 0, 'GAS': 0, 'FIFA': 0, 'pipe': 0, 'pipes': 0, 'covid': 0, 'supply': 0, 'Beautification': 0, 'Installation': 0}",,,False,True,Immediate Measures
106329,NIT-06/2025-26/NP/NAWADA/GR-07,RCC DRAIN WITH COVER   IN WARD  NO- 41 FROM NH-20 NALA VIA NALKUP BOARING  VIA HOUSE OF ANVAR HAFIZ TO RAIL LINE PULIYA UNDER NAGAR PARISHED NAWADA,RCC DRAIN WITH COVER   IN WARD  NO- 41 FROM NH-20 NALA VIA NALKUP BOARING  VIA HOUSE OF ANVAR HAFIZ TO RAIL LINE PULIYA UNDER NAGAR PARISHED NAWADA,6678600.0,INR,INR,2025-07-22 16:02:31+00:00,2025-07-22T15:11:05.750000+00:00,2025-12-13T13:42:00+00:00,SATYENDRA PRASAD VERMA,"EXECUTIVE OFFICER, NP NAWADA",NAGAR PARISAD NAWADA,NAWADA,SATYENDRA PRASAD VERMA,"EXECUTIVE OFFICER, NP NAWADA",NAGAR PARISAD NAWADA,134000.0,10000.0,590.0,True,"{'Flood': 0, 'Embankment': 0, 'embkt': 0, 'Relief': 0, 'Erosion': 0, 'SDRF': 0, 'Inundation': 0, 'Hydrology': 0, 'Silt': 0, 'Siltation': 0, 'Bund': 0, 'Trench': 0, 'Breach': 0, 'Culvert': 0, 'Sluice': 0, 'Dyke': 0, 'Storm water drain': 0, 'Emergency': 0, 'Immediate': 0, 'IM': 0, 'AE': 0, 'A E': 0, 'AAPDA MITRA': 0, 'Bridge': 0, 'River': 0, 'Drain': 2, 'Restoration': 0, 'Protection': 0, 'irr': 0, 'irrigation': 0, 'dam': 0, 'Nallah': 0, 'nala': 2, 'Retrofitting': 0, 'Pond': 0, 'Pokhari': 0, 'D/C': 0, 'Recharge shaft': 0, 'LFB': 0, 'RFB': 0}","{'Floodlight': 0, 'Flood Light': 0, 'GAS': 0, 'FIFA': 0, 'pipe': 0, 'pipes': 0, 'covid': 0, 'supply': 0, 'Beautification': 0, 'Installation': 0}",,,False,True,Immediate Measures
106325,NIT-06/2025-26/NP/NAWADA/GR-03,RCC DRAIN WITH SLAB  FROM HOTEL SHALIMAR TO KHURI RIVER  UNDER NAGAR PARISHED NAWADA,RCC DRAIN WITH SLAB  FROM HOTEL SHALIMAR TO KHURI RIVER  UNDER NAGAR PARISHED NAWADA,2680000.0,INR,INR,2025-07-22 15:58:00+00:00,2025-07-22T14:47:29.100000+00:00,2025-08-02T14:11:54+00:00,SATYENDRA PRASAD VERMA,"EXECUTIVE OFFICER, NP NAWADA",NAGAR PARISAD NAWADA,NAWADA,SATYENDRA PRASAD VERMA,"EXECUTIVE OFFICER, NP NAWADA",NAGAR PARISAD NAWADA,54000.0,5000.0,590.0,True,"{'Flood': 0, 'Embankment': 0, 'embkt': 0, 'Relief': 0, 'Erosion': 0, 'SDRF': 0, 'Inundation': 0, 'Hydrology': 0, 'Silt': 0, 'Siltation': 0, 'Bund': 0, 'Trench': 0, 'Breach': 0, 'Culvert': 0, 'Sluice': 0, 'Dyke': 0, 'Storm water drain': 0, 'Emergency': 0, 'Immediate': 0, 'IM': 0, 'AE': 0, 'A E': 0, 'AAPDA MITRA': 0, 'Bridge': 0, 'River': 2, 'Drain': 2, 'Restoration': 0, 'Protection': 0, 'irr': 0, 'irrigation': 0, 'dam': 0, 'Nallah': 0, 'nala': 0, 'Retrofitting': 0, 'Pond': 0, 'Pokhari': 0, 'D/C': 0, 'Recharge shaft': 0, 'LFB': 0, 'RFB': 0}","{'Floodlight': 0, 'Flood Light': 0, 'GAS': 0, 'FIFA': 0, 'pipe': 0, 'pipes': 0, 'covid': 0, 'supply': 0, 'Beautification': 0, 'Installation': 0}",,,False,True,Immediate Measures
106331,NIT-06/2025-26/NP/NAWADA/GR-09,RCC DRAIN WITH COVER  AND PCC ROAD IN WARD  NO- 30 FROM GAYA ROAD TO  BADI DARGAH  PAR NAWADA   UNDER NAGAR PARISHED NAWADA,RCC DRAIN WITH COVER  AND PCC ROAD IN WARD  NO- 30 FROM GAYA ROAD TO  BADI DARGAH  PAR NAWADA   UNDER NAGAR PARISHED NAWADA,8510100.0,INR,INR,2025-07-22 16:04:33+00:00,2025-07-22T15:19:49.841000+00:00,2025-08-02T14:30:01+00:00,SATYENDRA PRASAD VERMA,"EXECUTIVE OFFICER, NP NAWADA",NAGAR PARISAD NAWADA,NAWADA,SATYENDRA PRASAD VERMA,"EXECUTIVE OFFICER, NP NAWADA",NAGAR PARISAD NAWADA,170500.0,10000.0,3540.0,True,"{'Flood': 0, 'Embankment': 0, 'embkt': 0, 'Relief': 0, 'Erosion': 0, 'SDRF': 0, 'Inundation': 0, 'Hydrology': 0, 'Silt': 0, 'Siltation': 0, 'Bund': 0, 'Trench': 0, 'Breach': 0, 'Culvert': 0, 'Sluice': 0, 'Dyke': 0, 'Storm water drain': 0, 'Emergency': 0, 'Immediate': 0, 'IM': 0, 'AE': 0, 'A E': 0, 'AAPDA MITRA': 0, 'Bridge': 0, 'River': 0, 'Drain': 2, 'Restoration': 0, 'Protection': 0, 'irr': 0, 'irrigation': 0, 'dam': 0, 'Nallah': 0, 'nala': 0, 'Retrofitting': 0, 'Pond': 0, 'Pokhari': 0, 'D/C': 0, 'Recharge shaft': 0, 'LFB': 0, 'RFB': 0}","{'Floodlight': 0, 'Flood Light': 0, 'GAS': 0, 'FIFA': 0, 'pipe': 0, 'pipes': 0, 'covid': 0, 'supply': 0, 'Beautification': 0, 'Installation': 0}",,,False,True,Immediate Measures
106328,NIT-06/2025-26/NP/NAWADA/GR-06,"WARD NO-38 ME GUD BABA KE MANDIR SE LEKAR SAMUDAYIK BHAWAN , CHANDAN CHAUDHARY, VINOD GORELAL KE GHAR HOTE HUYE NH-20 TAK  FOR RCC DRAIN, COVER UNDER NAGAR PARISHAD, NAWADA","WARD NO-38 ME GUD BABA KE MANDIR SE LEKAR SAMUDAYIK BHAWAN , CHANDAN CHAUDHARY, VINOD GORELAL KE GHAR HOTE HUYE NH-20 TAK  FOR RCC DRAIN, COVER UNDER NAGAR PARISHAD, NAWADA",4758000.0,INR,INR,2025-07-22 16:01:18+00:00,2025-07-22T15:06:14.539000+00:00,2025-12-13T13:45:10+00:00,SATYENDRA PRASAD VERMA,"EXECUTIVE OFFICER, NP NAWADA",NAGAR PARISAD NAWADA,NAWADA,SATYENDRA PRASAD VERMA,"EXECUTIVE OFFICER, NP NAWADA",NAGAR PARISAD NAWADA,96000.0,5000.0,590.0,True,"{'Flood': 0, 'Embankment': 0, 'embkt': 0, 'Relief': 0, 'Erosion': 0, 'SDRF': 0, 'Inundation': 0, 'Hydrology': 0, 'Silt': 0, 'Siltation': 0, 'Bund': 0, 'Trench': 0, 'Breach': 0, 'Culvert': 0, 'Sluice': 0, 'Dyke': 0, 'Storm water drain': 0, 'Emergency': 0, 'Immediate': 0, 'IM': 0, 'AE': 0, 'A E': 0, 'AAPDA MITRA': 0, 'Bridge': 0, 'River': 0, 'Drain': 2, 'Restoration': 0, 'Protection': 0, 'irr': 0, 'irrigation': 0, 'dam': 0, 'Nallah': 0, 'nala': 0, 'Retrofitting': 0, 'Pond': 0, 'Pokhari': 0, 'D/C': 0, 'Recharge shaft': 0, 'LFB': 0, 'RFB': 0}","{'Floodlight': 0, 'Flood Light': 0, 'GAS': 0, 'FIFA': 0, 'pipe': 0, 'pipes': 0, 'covid': 0, 'supply': 0, 'Beautification': 0, 'Installation': 0}",,,False,True,Immediate Measures
106330,NIT-06/2025-26/NP/NAWADA/GR-08,RCC DRAIN WITH SLAB AND PCC ROAD IN WARD NO 38 FROM CHOUDHRY NAGAR (CHOUDHRY BHAWAN ) VIA GAUNARY CHOUDHRY POULTRY FORM UOTO RAILWAY PUL  UNDER NAGAR PARISHED NAWADA,RCC DRAIN WITH SLAB AND PCC ROAD IN WARD NO 38 FROM CHOUDHRY NAGAR (CHOUDHRY BHAWAN ) VIA GAUNARY CHOUDHRY POULTRY FORM UOTO RAILWAY PUL  UNDER NAGAR PARISHED NAWADA,4629400.0,INR,INR,2025-07-22 16:03:37+00:00,2025-07-22T15:14:51.148000+00:00,2025-12-13T13:39:46+00:00,SATYENDRA PRASAD VERMA,"EXECUTIVE OFFICER, NP NAWADA",NAGAR PARISAD NAWADA,NAWADA,SATYENDRA PRASAD VERMA,"EXECUTIVE OFFICER, NP NAWADA",NAGAR PARISAD NAWADA,93000.0,5000.0,590.0,True,"{'Flood': 0, 'Embankment': 0, 'embkt': 0, 'Relief': 0, 'Erosion': 0, 'SDRF': 0, 'Inundation': 0, 'Hydrology': 0, 'Silt': 0, 'Siltation': 0, 'Bund': 0, 'Trench': 0, 'Breach': 0, 'Culvert': 0, 'Sluice': 0, 'Dyke': 0, 'Storm water drain': 0, 'Emergency': 0, 'Immediate': 0, 'IM': 0, 'AE': 0, 'A E': 0, 'AAPDA MITRA': 0, 'Bridge': 0, 'River': 0, 'Drain': 2, 'Restoration': 0, 'Protection': 0, 'irr': 0, 'irrigation': 0, 'dam': 0, 'Nallah': 0, 'nala': 0, 'Retrofitting': 0, 'Pond': 0, 'Pokhari': 0, 'D/C': 0, 'Recharge shaft': 0, 'LFB': 0, 'RFB': 0}","{'Floodlight': 0, 'Flood Light': 0, 'GAS': 0, 'FIFA': 0, 'pipe': 0, 'pipes': 0, 'covid': 0, 'supply': 0, 'Beautification': 0, 'Installation': 0}",,,False,True,Immediate Measures
106338,NIT-06/2025-26/NP/NAWADA/GR-15,RCC DRAIN WITH SLAB IN WARD NO- 13 MOHALLA LINE PAR MIRZAPUR FROM HOUSE ANIL SINGH VIA HOUSE BANBARI MASTER UPTO NANURA ROAD   UNDER NAGAR PARISHED NAWADA,RCC DRAIN WITH SLAB IN WARD NO- 13 MOHALLA LINE PAR MIRZAPUR FROM HOUSE ANIL SINGH VIA HOUSE BANBARI MASTER UPTO NANURA ROAD   UNDER NAGAR PARISHED NAWADA,8268400.0,INR,INR,2025-07-22 16:09:38+00:00,2025-07-22T15:45:20.117000+00:00,2025-08-02T14:55:43+00:00,SATYENDRA PRASAD VERMA,"EXECUTIVE OFFICER, NP NAWADA",NAGAR PARISAD NAWADA,NAWADA,SATYENDRA PRASAD VERMA,"EXECUTIVE OFFICER, NP NAWADA",NAGAR PARISAD NAWADA,166000.0,10000.0,3540.0,True,"{'Flood': 0, 'Embankment': 0, 'embkt': 0, 'Relief': 0, 'Erosion': 0, 'SDRF': 0, 'Inundation': 0, 'Hydrology': 0, 'Silt': 0, 'Siltation': 0, 'Bund': 0, 'Trench': 0, 'Breach': 0, 'Culvert': 0, 'Sluice': 0, 'Dyke': 0, 'Storm water drain': 0, 'Emergency': 0, 'Immediate': 0, 'IM': 0, 'AE': 0, 'A E': 0, 'AAPDA MITRA': 0, 'Bridge': 0, 'River': 0, 'Drain': 2, 'Restoration': 0, 'Protection': 0, 'irr': 0, 'irrigation': 0, 'dam': 0, 'Nallah': 0, 'nala': 0, 'Retrofitting': 0, 'Pond': 0, 'Pokhari': 0, 'D/C': 0, 'Recharge shaft': 0, 'LFB': 0, 'RFB': 0}","{'Floodlight': 0, 'Flood Light': 0, 'GAS': 0, 'FIFA': 0, 'pipe': 0, 'pipes': 0, 'covid': 0, 'supply': 0, 'Beautification': 0, 'Installation': 0}",,,False,True,Immediate Measures
106334,NIT-06/2025-26/NP/NAWADA/GR-12,RCC DRAIN OR SLAB FROM SHREE MATI MALTI BHAWAN BHAYA YADAV CHOWK UPTO BARGAIN PAIN NALA UNDER NAGAR PARISHED NAWADA,RCC DRAIN OR SLAB FROM SHREE MATI MALTI BHAWAN BHAYA YADAV CHOWK UPTO BARGAIN PAIN NALA UNDER NAGAR PARISHED NAWADA,16371600.0,INR,INR,2025-07-22 15:56:18+00:00,2025-07-22T15:30:51.897000+00:00,2025-08-02T14:37:00+00:00,SATYENDRA PRASAD VERMA,"EXECUTIVE OFFICER, NP NAWADA",NAGAR PARISAD NAWADA,NAWADA,SATYENDRA PRASAD VERMA,"EXECUTIVE OFFICER, NP NAWADA",NAGAR PARISAD NAWADA,328000.0,10000.0,3540.0,True,"{'Flood': 0, 'Embankment': 0, 'embkt': 0, 'Relief': 0, 'Erosion': 0, 'SDRF': 0, 'Inundation': 0, 'Hydrology': 0, 'Silt': 0, 'Siltation': 0, 'Bund': 0, 'Trench': 0, 'Breach': 0, 'Culvert': 0, 'Sluice': 0, 'Dyke': 0, 'Storm water drain': 0, 'Emergency': 0, 'Immediate': 0, 'IM': 0, 'AE': 0, 'A E': 0, 'AAPDA MITRA': 0, 'Bridge': 0, 'River': 0, 'Drain': 2, 'Restoration': 0, 'Protection': 0, 'irr': 0, 'irrigation': 0, 'dam': 0, 'Nallah': 0, 'nala': 2, 'Retrofitting': 0, 'Pond': 0, 'Pokhari': 0, 'D/C': 0, 'Recharge shaft': 0, 'LFB': 0, 'RFB': 0}","{'Floodlight': 0, 'Flood Light': 0, 'GAS': 0, 'FIFA': 0, 'pipe': 0, 'pipes': 0, 'covid': 0, 'supply': 0, 'Beautification': 0, 'Installation': 0}",,,False,True,Immediate Measures
106332,NIT-06/2025-26/NP/NAWADA/GR-10,RCC DRAIN WITH SLAB  FROM  RAILWAY TO KRISHNA GARGEN HOTEL   UNDER NAGAR PARISHED NAWADA,RCC DRAIN WITH SLAB  FROM  RAILWAY TO KRISHNA GARGEN HOTEL   UNDER NAGAR PARISHED NAWADA,15779500.0,INR,INR,2025-07-22 16:05:29+00:00,2025-07-22T15:23:00.333000+00:00,2025-12-13T13:37:02+00:00,SATYENDRA PRASAD VERMA,"EXECUTIVE OFFICER, NP NAWADA",NAGAR PARISAD NAWADA,NAWADA,SATYENDRA PRASAD VERMA,"EXECUTIVE OFFICER, NP NAWADA",NAGAR PARISAD NAWADA,316000.0,10000.0,3540.0,True,"{'Flood': 0, 'Embankment': 0, 'embkt': 0, 'Relief': 0, 'Erosion': 0, 'SDRF': 0, 'Inundation': 0, 'Hydrology': 0, 'Silt': 0, 'Siltation': 0, 'Bund': 0, 'Trench': 0, 'Breach': 0, 'Culvert': 0, 'Sluice': 0, 'Dyke': 0, 'Storm water drain': 0, 'Emergency': 0, 'Immediate': 0, 'IM': 0, 'AE': 0, 'A E': 0, 'AAPDA MITRA': 0, 'Bridge': 0, 'River': 0, 'Drain': 2, 'Restoration': 0, 'Protection': 0, 'irr': 0, 'irrigation': 0, 'dam': 0, 'Nallah': 0, 'nala': 0, 'Retrofitting': 0, 'Pond': 0, 'Pokhari': 0, 'D/C': 0, 'Recharge shaft': 0, 'LFB': 0, 'RFB': 0}","{'Floodlight': 0, 'Flood Light': 0, 'GAS': 0, 'FIFA': 0, 'pipe': 0, 'pipes': 0, 'covid': 0, 'supply': 0, 'Beautification': 0, 'Installation': 0}",,,False,True,Immediate Measures
106337,NIT-06/2025-26/NP/NAWADA/GR-14,RCC DRAIN WITH COVER   IN WARD  NO- 41 FROM HOUSE OF ANVARUL SAHEB  VIA B D HOSPITAL  VIA  HOUSE OF FAZAL TO NH-20  UNDER NAGAR PARISHED NAWADA,RCC DRAIN WITH COVER   IN WARD  NO- 41 FROM HOUSE OF ANVARUL SAHEB  VIA B D HOSPITAL  VIA  HOUSE OF FAZAL TO NH-20  UNDER NAGAR PARISHED NAWADA,6682600.0,INR,INR,2025-07-22 16:08:33+00:00,2025-07-22T15:41:32.049000+00:00,2025-12-13T13:32:20+00:00,SATYENDRA PRASAD VERMA,"EXECUTIVE OFFICER, NP NAWADA",NAGAR PARISAD NAWADA,NAWADA,SATYENDRA PRASAD VERMA,"EXECUTIVE OFFICER, NP NAWADA",NAGAR PARISAD NAWADA,134000.0,10000.0,590.0,True,"{'Flood': 0, 'Embankment': 0, 'embkt': 0, 'Relief': 0, 'Erosion': 0, 'SDRF': 0, 'Inundation': 0, 'Hydrology': 0, 'Silt': 0, 'Siltation': 0, 'Bund': 0, 'Trench': 0, 'Breach': 0, 'Culvert': 0, 'Sluice': 0, 'Dyke': 0, 'Storm water drain': 0, 'Emergency': 0, 'Immediate': 0, 'IM': 0, 'AE': 0, 'A E': 0, 'AAPDA MITRA': 0, 'Bridge': 0, 'River': 0, 'Drain': 2, 'Restoration': 0, 'Protection': 0, 'irr': 0, 'irrigation': 0, 'dam': 0, 'Nallah': 0, 'nala': 0, 'Retrofitting': 0, 'Pond': 0, 'Pokhari': 0, 'D/C': 0, 'Recharge shaft': 0, 'LFB': 0, 'RFB': 0}","{'Floodlight': 0, 'Flood Light': 0, 'GAS': 0, 'FIFA': 0, 'pipe': 0, 'pipes': 0, 'covid': 0, 'supply': 0, 'Beautification': 0, 'Installation': 0}",,,False,True,Immediate Measures
106340,NIT-06/2025-26/NP/NAWADA/GR-17,"WARD NO-38 AMBEDKAR NAGAR FOUR LINE BYPASS SAMPARK PATH SE LEKAR NAYAK BHAVAN TAK AVM SUDAMA NAGAR ME CHANDRIKA RAVIDAS KE GHAR SE LEKAR LAKSHMAN MANJHI SE MANDIR HOTE HUYE CHAUDHARY BHAWAN TAK AVM CHAUDHARY BHAWAN SE LEKAR PANCHMUKHI NAGAR GAYA ROAD KE KINARE SE SOBH MANDIR NADI TAK  FOR RCC DRAIN, COVER UNDER NAGAR PARISHAD, NAWADA","WARD NO-38 AMBEDKAR NAGAR FOUR LINE BYPASS SAMPARK PATH SE LEKAR NAYAK BHAVAN TAK AVM SUDAMA NAGAR ME CHANDRIKA RAVIDAS KE GHAR SE LEKAR LAKSHMAN MANJHI SE MANDIR HOTE HUYE CHAUDHARY BHAWAN TAK AVM CHAUDHARY BHAWAN SE LEKAR PANCHMUKHI NAGAR GAYA ROAD KE KINARE SE SOBH MANDIR NADI TAK  FOR RCC DRAIN, COVER UNDER NAGAR PARISHAD, NAWADA",4818900.0,INR,INR,2025-07-22 16:11:35+00:00,2025-07-22T15:51:28.999000+00:00,2025-07-28T09:31:00+00:00,SATYENDRA PRASAD VERMA,"EXECUTIVE OFFICER, NP NAWADA",NAGAR PARISAD NAWADA,NAWADA,SATYENDRA PRASAD VERMA,"EXECUTIVE OFFICER, NP NAWADA",NAGAR PARISAD NAWADA,97000.0,5000.0,590.0,True,"{'Flood': 0, 'Embankment': 0, 'embkt': 0, 'Relief': 0, 'Erosion': 0, 'SDRF': 0, 'Inundation': 0, 'Hydrology': 0, 'Silt': 0, 'Siltation': 0, 'Bund': 0, 'Trench': 0, 'Breach': 0, 'Culvert': 0, 'Sluice': 0, 'Dyke': 0, 'Storm water drain': 0, 'Emergency': 0, 'Immediate': 0, 'IM': 0, 'AE': 0, 'A E': 0, 'AAPDA MITRA': 0, 'Bridge': 0, 'River': 0, 'Drain': 2, 'Restoration': 0, 'Protection': 0, 'irr': 0, 'irrigation': 0, 'dam': 0, 'Nallah': 0, 'nala': 0, 'Retrofitting': 0, 'Pond': 0, 'Pokhari': 0, 'D/C': 0, 'Recharge shaft': 0, 'LFB': 0, 'RFB': 0}","{'Floodlight': 0, 'Flood Light': 0, 'GAS': 0, 'FIFA': 0, 'pipe': 0, 'pipes': 0, 'covid': 0, 'supply': 0, 'Beautification': 0, 'Installation': 0}",,,False,True,Immediate Measures
106339,NIT-06/2025-26/NP/NAWADA/GR-16,RCC DRAIN WITH SLAB  AND PCC ROAD IN WARD NO 43 FROM NH20 TO TAILIYA AAHAR VIA HOUSE OF MANTU MISHRA TO FRONT OF  HOUSE OF MANNOJ RAJAK  UNDER NAGAR PARISHED NAWADA,RCC DRAIN WITH SLAB  AND PCC ROAD IN WARD NO 43 FROM NH20 TO TAILIYA AAHAR VIA HOUSE OF MANTU MISHRA TO FRONT OF  HOUSE OF MANNOJ RAJAK  UNDER NAGAR PARISHED NAWADA,10127400.0,INR,INR,2025-07-22 16:10:39+00:00,2025-07-22T15:48:48.679000+00:00,2025-12-13T13:30:14+00:00,SATYENDRA PRASAD VERMA,"EXECUTIVE OFFICER, NP NAWADA",NAGAR PARISAD NAWADA,NAWADA,SATYENDRA PRASAD VERMA,"EXECUTIVE OFFICER, NP NAWADA",NAGAR PARISAD NAWADA,203000.0,10000.0,3540.0,True,"{'Flood': 0, 'Embankment': 0, 'embkt': 0, 'Relief': 0, 'Erosion': 0, 'SDRF': 0, 'Inundation': 0, 'Hydrology': 0, 'Silt': 0, 'Siltation': 0, 'Bund': 0, 'Trench': 0, 'Breach': 0, 'Culvert': 0, 'Sluice': 0, 'Dyke': 0, 'Storm water drain': 0, 'Emergency': 0, 'Immediate': 0, 'IM': 0, 'AE': 0, 'A E': 0, 'AAPDA MITRA': 0, 'Bridge': 0, 'River': 0, 'Drain': 2, 'Restoration': 0, 'Protection': 0, 'irr': 0, 'irrigation': 0, 'dam': 0, 'Nallah': 0, 'nala': 0, 'Retrofitting': 0, 'Pond': 0, 'Pokhari': 0, 'D/C': 0, 'Recharge shaft': 0, 'LFB': 0, 'RFB': 0}","{'Floodlight': 0, 'Flood Light': 0, 'GAS': 0, 'FIFA': 0, 'pipe': 0, 'pipes': 0, 'covid': 0, 'supply': 0, 'Beautification': 0, 'Installation': 0}",,,False,True,Immediate Measures
106359,"RE-NIT 02/2025-26/MID, Nalanda (Group 01)",Noorsarai ke Sangat Par Se Jalalpur Govt. School Tak Construction Of Pucca Nala In Pyne & Desilting Work Of Pond,Noorsarai ke Sangat Par Se Jalalpur Govt. School Tak Construction Of Pucca Nala In Pyne & Desilting Work Of Pond,94397869.0,INR,INR,2025-07-23 04:54:36+00:00,2025-07-23T04:19:51.678000+00:00,2025-09-26T08:00:28+00:00,Uma Shankar Kumar,EE Nalanda,MWRD,MID Nalanda,Sunil Kumar,CE-Patna/CE MUZAFFARPUR,MWRD,1888000.0,10000.0,5900.0,True,"{'Flood': 0, 'Embankment': 0, 'embkt': 0, 'Relief': 0, 'Erosion': 0, 'SDRF': 0, 'Inundation': 0, 'Hydrology': 0, 'Silt': 0, 'Siltation': 0, 'Bund': 0, 'Trench': 0, 'Breach': 0, 'Culvert': 0, 'Sluice': 0, 'Dyke': 0, 'Storm water drain': 0, 'Emergency': 0, 'Immediate': 0, 'IM': 0, 'AE': 0, 'A E': 0, 'AAPDA MITRA': 0, 'Bridge': 0, 'River': 0, 'Drain': 0, 'Restoration': 0, 'Protection': 0, 'irr': 0, 'irrigation': 0, 'dam': 0, 'Nallah': 0, 'nala': 2, 'Retrofitting': 0, 'Pond': 2, 'Pokhari': 0, 'D/C': 0, 'Recharge shaft': 0, 'LFB': 0, 'RFB': 0}","{'Floodlight': 0, 'Flood Light': 0, 'GAS': 0, 'FIFA': 0, 'pipe': 0, 'pipes': 0, 'covid': 0, 'supply': 0, 'Beautification': 0, 'Installation': 0}",,,False,False,Immediate Measures
106360,KTR/NIT-07/2025-26-GR-30,"Construction of Paver Road and Upgrading Drain with cover from the house of Janki Singh to the house of Bhola De, (2) Construction of Paver Road and Drain with cover from the house of Sunil Gupta to the house of Dhananjay Choudhary, (3) Construction of Paver Road and Drain with cover from the house of Lalit Singh to the house of Satyanarayan Sah, (4) Construction of Paver Road and Drain with cover from the house of Rajendra Singh to the house of Vishwanath Choudhary and (5) Construction of Paver Road and Drain with cover from the house of Chandrabhushan Singh to the house of Anil Varnwal w.no.-22 Under nagar nigam, Katihar.","Construction of Paver Road and Upgrading Drain with cover from the house of Janki Singh to the house of Bhola De, (2) Construction of Paver Road and Drain with cover from the house of Sunil Gupta to the house of Dhananjay Choudhary, (3) Construction of Paver Road and Drain with cover from the house of Lalit Singh to the house of Satyanarayan Sah, (4) Construction of Paver Road and Drain with cover from the house of Rajendra Singh to the house of Vishwanath Choudhary and (5) Construction of Paver Road and Drain with cover from the house of Chandrabhushan Singh to the house of Anil Varnwal w.no.-22 Under nagar nigam, Katihar.",2354503.0,INR,INR,2025-07-23 05:14:21+00:00,2025-07-23T05:07:55.123000+00:00,2025-08-09T06:54:33+00:00,"MUNICIPAL COMMISSIONER, KATIHAR",MCO,NAGAR NIGAM KATIHAR,SHAHID CHOWK KATIHAR,"MUNICIPAL COMMISSIONER, KATIHAR",MUNICIPAL COMMISSIONER,NAGAR NIGAM KATIHAR,47100.0,5000.0,590.0,True,"{'Flood': 0, 'Embankment': 0, 'embkt': 0, 'Relief': 0, 'Erosion': 0, 'SDRF': 0, 'Inundation': 0, 'Hydrology': 0, 'Silt': 0, 'Siltation': 0, 'Bund': 0, 'Trench': 0, 'Breach': 0, 'Culvert': 0, 'Sluice': 0, 'Dyke': 0, 'Storm water drain': 0, 'Emergency': 0, 'Immediate': 0, 'IM': 0, 'AE': 0, 'A E': 0, 'AAPDA MITRA': 0, 'Bridge': 0, 'River': 0, 'Drain': 10, 'Restoration': 0, 'Protection': 0, 'irr': 0, 'irrigation': 0, 'dam': 0, 'Nallah': 0, 'nala': 0, 'Retrofitting': 0, 'Pond': 0, 'Pokhari': 0, 'D/C': 0, 'Recharge shaft': 0, 'LFB': 0, 'RFB': 0}","{'Floodlight': 0, 'Flood Light': 0, 'GAS': 0, 'FIFA': 0, 'pipe': 0, 'pipes': 0, 'covid': 0, 'supply': 0, 'Beautification': 0, 'Installation': 0}",,,False,True,Immediate Measures
106365,NIT NO - 05/2025-26/Re-Tender/NP NAVINAGAR,Construction of R.C.C Drain From D.N.V School Via Petrol Pump to Punpun River in Ward No.13 Under NP Navinagar,Construction of R.C.C Drain From D.N.V School Via Petrol Pump to Punpun River in Ward No.13 Under NP Navinagar,7651540.0,INR,INR,2025-07-23 05:54:11+00:00,2025-07-23T05:28:26.723000+00:00,2025-09-19T06:53:28+00:00,Kishor Bharti,Executive Officer,Nagar Panchayat Navinagar,Near Police Station Nabinaggar,Kishor Bharti (EO),Executive Officer,Nagar Panchayat Navinagar,153100.0,10000.0,3540.0,True,"{'Flood': 0, 'Embankment': 0, 'embkt': 0, 'Relief': 0, 'Erosion': 0, 'SDRF': 0, 'Inundation': 0, 'Hydrology': 0, 'Silt': 0, 'Siltation': 0, 'Bund': 0, 'Trench': 0, 'Breach': 0, 'Culvert': 0, 'Sluice': 0, 'Dyke': 0, 'Storm water drain': 0, 'Emergency': 0, 'Immediate': 0, 'IM': 0, 'AE': 0, 'A E': 0, 'AAPDA MITRA': 0, 'Bridge': 0, 'River': 2, 'Drain': 2, 'Restoration': 0, 'Protection': 0, 'irr': 0, 'irrigation': 0, 'dam': 0, 'Nallah': 0, 'nala': 0, 'Retrofitting': 0, 'Pond': 0, 'Pokhari': 0, 'D/C': 0, 'Recharge shaft': 0, 'LFB': 0, 'RFB': 0}","{'Floodlight': 0, 'Flood Light': 0, 'GAS': 0, 'FIFA': 0, 'pipe': 0, 'pipes': 0, 'covid': 0, 'supply': 0, 'Beautification': 0, 'Installation': 0}",,,False,True,Others
106363,Short NIT No. 03/2025-26 Gr 02,Construction work of PCC road and drain with cover on both sides from Kamtoul Jawahar Chowk Arun Medical to High School in ward number 07 and 08 under Nagar Panchayat Kamtoul Ahiyari,Construction work of PCC road and drain with cover on both sides from Kamtoul Jawahar Chowk Arun Medical to High School in ward number 07 and 08 under Nagar Panchayat Kamtoul Ahiyari,10141189.0,INR,INR,2025-07-23 05:42:49+00:00,2025-07-23T05:26:32.084000+00:00,2025-09-13T08:32:48+00:00,PRINCY KUMARI,MUNICIPPLE  EXECUTIVE  OFFICER,UDHD KAMTAUL AHIYARI NAGAR PANCHAYAT,KAMTAUL AHIYARI NAGAR PANCHAYAT 847304,PRINCY KUMARI,MUNICIPPLE EXECUTIVE OFFICER,UDHD KAMTAUL AHIYARI NAGAR PANCHAYAT,205000.0,10000.0,3540.0,True,"{'Flood': 0, 'Embankment': 0, 'embkt': 0, 'Relief': 0, 'Erosion': 0, 'SDRF': 0, 'Inundation': 0, 'Hydrology': 0, 'Silt': 0, 'Siltation': 0, 'Bund': 0, 'Trench': 0, 'Breach': 0, 'Culvert': 0, 'Sluice': 0, 'Dyke': 0, 'Storm water drain': 0, 'Emergency': 0, 'Immediate': 0, 'IM': 0, 'AE': 0, 'A E': 0, 'AAPDA MITRA': 0, 'Bridge': 0, 'River': 0, 'Drain': 2, 'Restoration': 0, 'Protection': 0, 'irr': 0, 'irrigation': 0, 'dam': 0, 'Nallah': 0, 'nala': 0, 'Retrofitting': 0, 'Pond': 0, 'Pokhari': 0, 'D/C': 0, 'Recharge shaft': 0, 'LFB': 0, 'RFB': 0}","{'Floodlight': 0, 'Flood Light': 0, 'GAS': 0, 'FIFA': 0, 'pipe': 0, 'pipes': 0, 'covid': 0, 'supply': 0, 'Beautification': 0, 'Installation': 0}",,,False,True,Immediate Measures
106374,RE NIT05/GR05/2025-26NAGAR PARISHAD JALE,CONSTRUCTION OF RCC DRAIN FROM IN FRONT OF RAJKUMAR SWEETS SANKAR CHOWK TO BRIDGE NEAR POLICE STATION  IN WARD NO-12 UNDER NAGAR PARISHAD JALE.,CONSTRUCTION OF RCC DRAIN FROM IN FRONT OF RAJKUMAR SWEETS SANKAR CHOWK TO BRIDGE NEAR POLICE STATION  IN WARD NO-12 UNDER NAGAR PARISHAD JALE.,7390409.0,INR,INR,2025-07-23 08:22:50+00:00,2025-07-23T08:14:14.158000+00:00,2025-08-26T06:01:46+00:00,AJAY KUMAR,EXECUTIVE OFFICER,NAGAR PARISHAD BARAUNI,BARAUNI,AJAY KUMAR,EXECUTIVE OFFICER,NAGAR PARISHAD KANTI,147808.0,10000.0,3540.0,True,"{'Flood': 0, 'Embankment': 0, 'embkt': 0, 'Relief': 0, 'Erosion': 0, 'SDRF': 0, 'Inundation': 0, 'Hydrology': 0, 'Silt': 0, 'Siltation': 0, 'Bund': 0, 'Trench': 0, 'Breach': 0, 'Culvert': 0, 'Sluice': 0, 'Dyke': 0, 'Storm water drain': 0, 'Emergency': 0, 'Immediate': 0, 'IM': 0, 'AE': 0, 'A E': 0, 'AAPDA MITRA': 0, 'Bridge': 2, 'River': 0, 'Drain': 2, 'Restoration': 0, 'Protection': 0, 'irr': 0, 'irrigation': 0, 'dam': 0, 'Nallah': 0, 'nala': 0, 'Retrofitting': 0, 'Pond': 0, 'Pokhari': 0, 'D/C': 0, 'Recharge shaft': 0, 'LFB': 0, 'RFB': 0}","{'Floodlight': 0, 'Flood Light': 0, 'GAS': 0, 'FIFA': 0, 'pipe': 0, 'pipes': 0, 'covid': 0, 'supply': 0, 'Beautification': 0, 'Installation': 0}",,,False,True,Immediate Measures
106388,short term NIT No. 01/2025-26 Gr 03,R.C.C. drain construction work from Thakaniya to Paigambarpur border under Nagar Panchayat Singhwada area.,R.C.C. drain construction work from Thakaniya to Paigambarpur border under Nagar Panchayat Singhwada area.,15558710.0,INR,INR,2025-07-23 11:42:13+00:00,2025-07-23T11:36:30.062000+00:00,2025-08-19T11:36:59+00:00,Akshay Kumar,EO (NP Singhwara),UDHD Nagar Panchayat Singhwara,UDHD Nagar Panchayat Singhwara,Akshay Kumar,EO (NP Singhwara),"UDHD, Nagar Panchayat Singhwara",311174.0,10000.0,3540.0,True,"{'Flood': 0, 'Embankment': 0, 'embkt': 0, 'Relief': 0, 'Erosion': 0, 'SDRF': 0, 'Inundation': 0, 'Hydrology': 0, 'Silt': 0, 'Siltation': 0, 'Bund': 0, 'Trench': 0, 'Breach': 0, 'Culvert': 0, 'Sluice': 0, 'Dyke': 0, 'Storm water drain': 0, 'Emergency': 0, 'Immediate': 0, 'IM': 0, 'AE': 0, 'A E': 0, 'AAPDA MITRA': 0, 'Bridge': 0, 'River': 0, 'Drain': 2, 'Restoration': 0, 'Protection': 0, 'irr': 0, 'irrigation': 0, 'dam': 0, 'Nallah': 0, 'nala': 0, 'Retrofitting': 0, 'Pond': 0, 'Pokhari': 0, 'D/C': 0, 'Recharge shaft': 0, 'LFB': 0, 'RFB': 0}","{'Floodlight': 0, 'Flood Light': 0, 'GAS': 0, 'FIFA': 0, 'pipe': 0, 'pipes': 0, 'covid': 0, 'supply': 0, 'Beautification': 0, 'Installation': 0}",,,False,True,Immediate Measures
106385,short term NIT No. 01/2025-26 Gr 01,Somnath Mahadev pond renovation work under Nagar Panchayat Singhwada. Restoration work.,Somnath Mahadev pond renovation work under Nagar Panchayat Singhwada. Restoration work.,18923575.0,INR,INR,2025-07-23 11:28:33+00:00,2025-07-23T11:05:04.659000+00:00,2025-08-19T11:35:01+00:00,Akshay Kumar,EO (NP Singhwara),UDHD Nagar Panchayat Singhwara,UDHD Nagar Panchayat Singhwara,Akshay Kumar,EO (NP Singhwara),"UDHD, Nagar Panchayat Singhwara",378472.0,10000.0,3540.0,True,"{'Flood': 0, 'Embankment': 0, 'embkt': 0, 'Relief': 0, 'Erosion': 0, 'SDRF': 0, 'Inundation': 0, 'Hydrology': 0, 'Silt': 0, 'Siltation': 0, 'Bund': 0, 'Trench': 0, 'Breach': 0, 'Culvert': 0, 'Sluice': 0, 'Dyke': 0, 'Storm water drain': 0, 'Emergency': 0, 'Immediate': 0, 'IM': 0, 'AE': 0, 'A E': 0, 'AAPDA MITRA': 0, 'Bridge': 0, 'River': 0, 'Drain': 0, 'Restoration': 2, 'Protection': 0, 'irr': 0, 'irrigation': 0, 'dam': 0, 'Nallah': 0, 'nala': 0, 'Retrofitting': 0, 'Pond': 2, 'Pokhari': 0, 'D/C': 0, 'Recharge shaft': 0, 'LFB': 0, 'RFB': 0}","{'Floodlight': 0, 'Flood Light': 0, 'GAS': 0, 'FIFA': 0, 'pipe': 0, 'pipes': 0, 'covid': 0, 'supply': 0, 'Beautification': 0, 'Installation': 0}",,,False,False,Immediate Measures
106399,BUIDCO/NCC/09/2025-26 (Group- 2,"Construction of RCC drain/nala from Mithapur Sump House to Tinku Gupta (Moh Yarpur) in ward no. 19 under Nutan Rajdhani Anchal, Patna","Construction of RCC drain/nala from Mithapur Sump House to Tinku Gupta (Moh Yarpur) in ward no. 19 under Nutan Rajdhani Anchal, Patna",4113100.0,INR,INR,2025-07-24 03:08:13+00:00,2025-07-24T02:58:52.551000+00:00,2025-10-08T18:07:55+00:00,Vijay Kumar,Project Director Buidco Nutan Rajdhani anchal,Bihar Urban Infrastrucure Development,Beur Patna,Vijay Kumar,Project Director Buidco Nutan Rajdhani Anchal,Bihar Urban Infrastrucure Development Corporation Limited.,82300.0,11800.0,590.0,True,"{'Flood': 0, 'Embankment': 0, 'embkt': 0, 'Relief': 0, 'Erosion': 0, 'SDRF': 0, 'Inundation': 0, 'Hydrology': 0, 'Silt': 0, 'Siltation': 0, 'Bund': 0, 'Trench': 0, 'Breach': 0, 'Culvert': 0, 'Sluice': 0, 'Dyke': 0, 'Storm water drain': 0, 'Emergency': 0, 'Immediate': 0, 'IM': 0, 'AE': 0, 'A E': 0, 'AAPDA MITRA': 0, 'Bridge': 0, 'River': 0, 'Drain': 2, 'Restoration': 0, 'Protection': 0, 'irr': 0, 'irrigation': 0, 'dam': 0, 'Nallah': 0, 'nala': 2, 'Retrofitting': 0, 'Pond': 0, 'Pokhari': 0, 'D/C': 0, 'Recharge shaft': 0, 'LFB': 0, 'RFB': 0}","{'Floodlight': 0, 'Flood Light': 0, 'GAS': 0, 'FIFA': 0, 'pipe': 0, 'pipes': 0, 'covid': 0, 'supply': 0, 'Beautification': 0, 'Installation': 0}",,,False,True,Immediate Measures
106408,E-Tender Notice No. 05/2025-26 (GR01) Munger,Fencing work of the cemetery situated on the bank of Amaiya river in Muderi village of Muderi Panchayat of Haveli Kharagpur block.,Fencing work of the cemetery situated on the bank of Amaiya river in Muderi village of Muderi Panchayat of Haveli Kharagpur block.,2289400.0,INR,INR,2025-07-24 04:33:44+00:00,2025-07-24T04:17:34.961000+00:00,2025-08-04T11:05:22+00:00,Narad Kumar Das,Executive Engineer,PLANNING AND DEVELOPMENT LOCAL AREA ENGINEERING ORGANISATION,"Planning and Development Executive Engineer, L.A.E.O., W.D. 01, Munger",Narad Kumar Das,EXECUTIVE ENGINEER,LAEO WORKS DIVISION-01 LAKHISARAI,45800.0,5000.0,590.0,True,"{'Flood': 0, 'Embankment': 0, 'embkt': 0, 'Relief': 0, 'Erosion': 0, 'SDRF': 0, 'Inundation': 0, 'Hydrology': 0, 'Silt': 0, 'Siltation': 0, 'Bund': 0, 'Trench': 0, 'Breach': 0, 'Culvert': 0, 'Sluice': 0, 'Dyke': 0, 'Storm water drain': 0, 'Emergency': 0, 'Immediate': 0, 'IM': 0, 'AE': 0, 'A E': 0, 'AAPDA MITRA': 0, 'Bridge': 0, 'River': 2, 'Drain': 0, 'Restoration': 0, 'Protection': 0, 'irr': 0, 'irrigation': 0, 'dam': 0, 'Nallah': 0, 'nala': 0, 'Retrofitting': 0, 'Pond': 0, 'Pokhari': 0, 'D/C': 0, 'Recharge shaft': 0, 'LFB': 0, 'RFB': 0}","{'Floodlight': 0, 'Flood Light': 0, 'GAS': 0, 'FIFA': 0, 'pipe': 0, 'pipes': 0, 'covid': 0, 'supply': 0, 'Beautification': 0, 'Installation': 0}",,,False,False,Immediate Measures
106446,RENIT02/2025-26/MID/BHAGALPUR-GR-01,"Construction of English Daulatpur Weir, Construction of Khanpur Daulatpur Weir  and construction of  Katahra Enayatpur weir and construction of Ratanpur Checkdam on Gahira River, and construction of Ratanpur Checkdam on Bela River (Group 01)","Construction of English Daulatpur Weir, Construction of Khanpur Daulatpur Weir  and construction of  Katahra Enayatpur weir and construction of Ratanpur Checkdam on Gahira River, and construction of Ratanpur Checkdam on Bela River (Group 01)",138405200.0,INR,INR,2025-07-24 14:35:58+00:00,2025-07-24T12:25:17.491000+00:00,2025-08-18T11:13:18+00:00,Abhishek Kumar Roy,"Executive Engineer, Bhagalpur",Minor Water Resources Department,"MID, Bhagalpur",JAGANNATH PASWAN,"CE, MWRD, Bhagalpur","MWRD, Bhagalpur",2384100.0,10000.0,5900.0,True,"{'Flood': 0, 'Embankment': 0, 'embkt': 0, 'Relief': 0, 'Erosion': 0, 'SDRF': 0, 'Inundation': 0, 'Hydrology': 0, 'Silt': 0, 'Siltation': 0, 'Bund': 0, 'Trench': 0, 'Breach': 0, 'Culvert': 0, 'Sluice': 0, 'Dyke': 0, 'Storm water drain': 0, 'Emergency': 0, 'Immediate': 0, 'IM': 0, 'AE': 0, 'A E': 0, 'AAPDA MITRA': 0, 'Bridge': 0, 'River': 4, 'Drain': 0, 'Restoration': 0, 'Protection': 0, 'irr': 0, 'irrigation': 0, 'dam': 0, 'Nallah': 0, 'nala': 0, 'Retrofitting': 0, 'Pond': 0, 'Pokhari': 0, 'D/C': 0, 'Recharge shaft': 0, 'LFB': 0, 'RFB': 0}","{'Floodlight': 0, 'Flood Light': 0, 'GAS': 0, 'FIFA': 0, 'pipe': 0, 'pipes': 0, 'covid': 0, 'supply': 0, 'Beautification': 0, 'Installation': 0}",,,False,False,Immediate Measures
106455,NIT NO -06 F.Y 2025-2026 Group-01,"Construction of 25 Nos. 125mm x 40mm x 61m Deep hand operated T/W with I.M.-II Hand Pump, Platform & Drain and Construction of  Soakpit of 1.0 m dia & 2.0 m deep with dry brick honey comb shaft with bricks of class designation 100B etc in  summer and heat situation and in place of water table depletion  for the year 2025-26 under P.H. Division, Darbhanga in district Darbhanga.","Construction of 25 Nos. 125mm x 40mm x 61m Deep hand operated T/W with I.M.-II Hand Pump, Platform & Drain and Construction of  Soakpit of 1.0 m dia & 2.0 m deep with dry brick honey comb shaft with bricks of class designation 100B etc in  summer and heat situation and in place of water table depletion  for the year 2025-26 under P.H. Division, Darbhanga in district Darbhanga.",1770100.0,INR,INR,2025-07-24 17:45:35+00:00,2025-07-24T13:43:37.984000+00:00,2025-08-01T06:54:02+00:00,PRADEEP KUMAR JHA,Executive Engineer P.H DIVISION DARBHANGA,PHED DARBHANGA,PHED DARBHANGA,RAJESH KUMAR RAUSHAN,SE,PHED JHANJHARPUR,36000.0,5000.0,590.0,True,"{'Flood': 0, 'Embankment': 0, 'embkt': 0, 'Relief': 0, 'Erosion': 0, 'SDRF': 0, 'Inundation': 0, 'Hydrology': 0, 'Silt': 0, 'Siltation': 0, 'Bund': 0, 'Trench': 0, 'Breach': 0, 'Culvert': 0, 'Sluice': 0, 'Dyke': 0, 'Storm water drain': 0, 'Emergency': 0, 'Immediate': 0, 'IM': 0, 'AE': 0, 'A E': 0, 'AAPDA MITRA': 0, 'Bridge': 0, 'River': 0, 'Drain': 2, 'Restoration': 0, 'Protection': 0, 'irr': 0, 'irrigation': 0, 'dam': 0, 'Nallah': 0, 'nala': 0, 'Retrofitting': 0, 'Pond': 0, 'Pokhari': 0, 'D/C': 0, 'Recharge shaft': 0, 'LFB': 0, 'RFB': 0}","{'Floodlight': 0, 'Flood Light': 0, 'GAS': 0, 'FIFA': 0, 'pipe': 0, 'pipes': 0, 'covid': 0, 'supply': 0, 'Beautification': 0, 'Installation': 0}",,,False,True,Immediate Measures
106452,NIT 01 / 2025-26,Jamania to Kakarait Gangajal Lift Irrigation Scheme,Jamania to Kakarait Gangajal Lift Irrigation Scheme,5080885968.0,INR,INR,2025-07-24 15:27:24+00:00,2025-07-24T13:13:49.906000+00:00,2025-09-26T13:17:05+00:00,KUMAR ABHISHEK (ZPCD MOHANIA),KUMAR ABHISHEK (ZPCD MOHANIA),WATER RESOURSE DEPARTMENT,RAMGARH,AJAY KUMAR SINGH  (CE DEHRI),"CE,IC,WRD,DEHRI",water resource department,51809000.0,10000.0,5900.0,True,"{'Flood': 0, 'Embankment': 0, 'embkt': 0, 'Relief': 0, 'Erosion': 0, 'SDRF': 0, 'Inundation': 0, 'Hydrology': 0, 'Silt': 0, 'Siltation': 0, 'Bund': 0, 'Trench': 0, 'Breach': 0, 'Culvert': 0, 'Sluice': 0, 'Dyke': 0, 'Storm water drain': 0, 'Emergency': 0, 'Immediate': 0, 'IM': 0, 'AE': 0, 'A E': 0, 'AAPDA MITRA': 0, 'Bridge': 0, 'River': 0, 'Drain': 0, 'Restoration': 0, 'Protection': 0, 'irr': 0, 'irrigation': 2, 'dam': 0, 'Nallah': 0, 'nala': 0, 'Retrofitting': 0, 'Pond': 0, 'Pokhari': 0, 'D/C': 0, 'Recharge shaft': 0, 'LFB': 0, 'RFB': 0}","{'Floodlight': 0, 'Flood Light': 0, 'GAS': 0, 'FIFA': 0, 'pipe': 0, 'pipes': 0, 'covid': 0, 'supply': 0, 'Beautification': 0, 'Installation': 0}",,,False,False,Others
106478,Short Term NIT No. 02/2025-26 Gr 01,PCC road construction cum drain construction work from Kalika Gate to Kawai border under Nagar Panchayat Singhwada area.,PCC road construction cum drain construction work from Kalika Gate to Kawai border under Nagar Panchayat Singhwada area.,19361635.0,INR,INR,2025-07-25 06:55:34+00:00,2025-07-25T06:23:45.607000+00:00,2025-08-29T12:15:18+00:00,Akshay Kumar,EO (NP Singhwara),UDHD Nagar Panchayat Singhwara,UDHD Nagar Panchayat Singhwara,Akshay Kumar,EO (NP Singhwara),"UDHD, Nagar Panchayat Singhwara",387233.0,10000.0,3540.0,True,"{'Flood': 0, 'Embankment': 0, 'embkt': 0, 'Relief': 0, 'Erosion': 0, 'SDRF': 0, 'Inundation': 0, 'Hydrology': 0, 'Silt': 0, 'Siltation': 0, 'Bund': 0, 'Trench': 0, 'Breach': 0, 'Culvert': 0, 'Sluice': 0, 'Dyke': 0, 'Storm water drain': 0, 'Emergency': 0, 'Immediate': 0, 'IM': 0, 'AE': 0, 'A E': 0, 'AAPDA MITRA': 0, 'Bridge': 0, 'River': 0, 'Drain': 2, 'Restoration': 0, 'Protection': 0, 'irr': 0, 'irrigation': 0, 'dam': 0, 'Nallah': 0, 'nala': 0, 'Retrofitting': 0, 'Pond': 0, 'Pokhari': 0, 'D/C': 0, 'Recharge shaft': 0, 'LFB': 0, 'RFB': 0}","{'Floodlight': 0, 'Flood Light': 0, 'GAS': 0, 'FIFA': 0, 'pipe': 0, 'pipes': 0, 'covid': 0, 'supply': 0, 'Beautification': 0, 'Installation': 0}",,,False,True,Immediate Measures
106484,Short Term NIT No. 02/2025-26 Gr 02,Road and drain construction work from Bindeshwar Bhagat's garden to the cremation ground under Nagar Panchayat Singhwada,Road and drain construction work from Bindeshwar Bhagat's garden to the cremation ground under Nagar Panchayat Singhwada,3302273.0,INR,INR,2025-07-25 07:21:54+00:00,2025-07-25T06:55:57.467000+00:00,2025-08-29T12:18:13+00:00,Akshay Kumar,EO (NP Singhwara),UDHD Nagar Panchayat Singhwara,UDHD Nagar Panchayat Singhwara,Akshay Kumar,EO (NP Singhwara),"UDHD, Nagar Panchayat Singhwara",66045.0,5000.0,590.0,True,"{'Flood': 0, 'Embankment': 0, 'embkt': 0, 'Relief': 0, 'Erosion': 0, 'SDRF': 0, 'Inundation': 0, 'Hydrology': 0, 'Silt': 0, 'Siltation': 0, 'Bund': 0, 'Trench': 0, 'Breach': 0, 'Culvert': 0, 'Sluice': 0, 'Dyke': 0, 'Storm water drain': 0, 'Emergency': 0, 'Immediate': 0, 'IM': 0, 'AE': 0, 'A E': 0, 'AAPDA MITRA': 0, 'Bridge': 0, 'River': 0, 'Drain': 2, 'Restoration': 0, 'Protection': 0, 'irr': 0, 'irrigation': 0, 'dam': 0, 'Nallah': 0, 'nala': 0, 'Retrofitting': 0, 'Pond': 0, 'Pokhari': 0, 'D/C': 0, 'Recharge shaft': 0, 'LFB': 0, 'RFB': 0}","{'Floodlight': 0, 'Flood Light': 0, 'GAS': 0, 'FIFA': 0, 'pipe': 0, 'pipes': 0, 'covid': 0, 'supply': 0, 'Beautification': 0, 'Installation': 0}",,,False,True,Immediate Measures
106468,NIT NO -06 F.Y 2025-2026 Group-02,"Construction of 25 Nos. 125mm x 40mm x 61m Deep hand operated T/W with I.M.-II Hand Pump, Platform & Drain and Construction of  Soakpit of 1.0 m dia & 2.0 m deep with dry brick honey comb shaft with bricks of class designation 100B etc in  summer and heat situation and in place of water table depletion  for the year 2025-26 under P.H. Division, Darbhanga in district Darbhanga.","Construction of 25 Nos. 125mm x 40mm x 61m Deep hand operated T/W with I.M.-II Hand Pump, Platform & Drain and Construction of  Soakpit of 1.0 m dia & 2.0 m deep with dry brick honey comb shaft with bricks of class designation 100B etc in  summer and heat situation and in place of water table depletion  for the year 2025-26 under P.H. Division, Darbhanga in district Darbhanga.",1770100.0,INR,INR,2025-07-24 17:50:28+00:00,2025-07-24T17:46:15.476000+00:00,2025-08-01T06:49:41+00:00,PRADEEP KUMAR JHA,Executive Engineer P.H DIVISION DARBHANGA,PHED DARBHANGA,PHED DARBHANGA,RAJESH KUMAR RAUSHAN,SE,PHED JHANJHARPUR,36000.0,5000.0,590.0,True,"{'Flood': 0, 'Embankment': 0, 'embkt': 0, 'Relief': 0, 'Erosion': 0, 'SDRF': 0, 'Inundation': 0, 'Hydrology': 0, 'Silt': 0, 'Siltation': 0, 'Bund': 0, 'Trench': 0, 'Breach': 0, 'Culvert': 0, 'Sluice': 0, 'Dyke': 0, 'Storm water drain': 0, 'Emergency': 0, 'Immediate': 0, 'IM': 0, 'AE': 0, 'A E': 0, 'AAPDA MITRA': 0, 'Bridge': 0, 'River': 0, 'Drain': 2, 'Restoration': 0, 'Protection': 0, 'irr': 0, 'irrigation': 0, 'dam': 0, 'Nallah': 0, 'nala': 0, 'Retrofitting': 0, 'Pond': 0, 'Pokhari': 0, 'D/C': 0, 'Recharge shaft': 0, 'LFB': 0, 'RFB': 0}","{'Floodlight': 0, 'Flood Light': 0, 'GAS': 0, 'FIFA': 0, 'pipe': 0, 'pipes': 0, 'covid': 0, 'supply': 0, 'Beautification': 0, 'Installation': 0}",,,False,True,Immediate Measures
106499,03/RCD/GAYA/2025-26,"Emergent Drain Construciton Work in Manpur - Sarbahda Road in km 1st under RCD, Road Division No-1, Gaya for the year 2025-26.","Emergent Drain Construciton Work in Manpur - Sarbahda Road in km 1st under RCD, Road Division No-1, Gaya for the year 2025-26.",6195700.0,INR,INR,2025-07-25 09:28:24+00:00,2025-07-25T08:55:05.145000+00:00,2025-08-08T09:31:00+00:00,SAANJIT KUMAR,EXECUTIVE ENGINEER,ROAD CONSTRUCTION DEPARTMENT,"ROAD DIVISION NO-1, GAYA",ASHOK KUMAR,SE,ROAD CIRCLE MAGADH GAYA,124000.0,10000.0,590.0,True,"{'Flood': 0, 'Embankment': 0, 'embkt': 0, 'Relief': 0, 'Erosion': 0, 'SDRF': 0, 'Inundation': 0, 'Hydrology': 0, 'Silt': 0, 'Siltation': 0, 'Bund': 0, 'Trench': 0, 'Breach': 0, 'Culvert': 0, 'Sluice': 0, 'Dyke': 0, 'Storm water drain': 0, 'Emergency': 0, 'Immediate': 0, 'IM': 0, 'AE': 0, 'A E': 0, 'AAPDA MITRA': 0, 'Bridge': 0, 'River': 0, 'Drain': 2, 'Restoration': 0, 'Protection': 0, 'irr': 0, 'irrigation': 0, 'dam': 0, 'Nallah': 0, 'nala': 0, 'Retrofitting': 0, 'Pond': 0, 'Pokhari': 0, 'D/C': 0, 'Recharge shaft': 0, 'LFB': 0, 'RFB': 0}","{'Floodlight': 0, 'Flood Light': 0, 'GAS': 0, 'FIFA': 0, 'pipe': 0, 'pipes': 0, 'covid': 0, 'supply': 0, 'Beautification': 0, 'Installation': 0}",,,False,True,Others
106506,"01/PHED/SKP/2025-26,GR-01","Estimate For Construction of  125 mm dia , 55 Mtr  Deep gravel packed tubewell and construction of 125 mm / 115 mm x 60 M deep deep drilled tube well with India mark-II handpump with platform and drain as per UNICEF design and Construction of Soakpit in place of old defunct handpump in the water scarce rural areas of Sheikhpura District under P.H.Division Sheikhpura for the year 2025-26","Estimate For Construction of  125 mm dia , 55 Mtr  Deep gravel packed tubewell and construction of 125 mm / 115 mm x 60 M deep deep drilled tube well with India mark-II handpump with platform and drain as per UNICEF design and Construction of Soakpit in place of old defunct handpump in the water scarce rural areas of Sheikhpura District under P.H.Division Sheikhpura for the year 2025-26",3863100.0,INR,INR,2025-07-25 10:24:11+00:00,2025-07-25T09:28:16.226000+00:00,2025-08-21T04:30:27+00:00,EE RANJEET KUMAR SINGH,EE SHEIKHPURA,PHED SHEIKHPURA,NEAR JAKARAJ STHAN  SHEIKHPURA,Ramashankar Singh,SE Munger,"PHE, Circle, Munger",80000.0,5000.0,590.0,True,"{'Flood': 0, 'Embankment': 0, 'embkt': 0, 'Relief': 0, 'Erosion': 0, 'SDRF': 0, 'Inundation': 0, 'Hydrology': 0, 'Silt': 0, 'Siltation': 0, 'Bund': 0, 'Trench': 0, 'Breach': 0, 'Culvert': 0, 'Sluice': 0, 'Dyke': 0, 'Storm water drain': 0, 'Emergency': 0, 'Immediate': 0, 'IM': 0, 'AE': 0, 'A E': 0, 'AAPDA MITRA': 0, 'Bridge': 0, 'River': 0, 'Drain': 2, 'Restoration': 0, 'Protection': 0, 'irr': 0, 'irrigation': 0, 'dam': 0, 'Nallah': 0, 'nala': 0, 'Retrofitting': 0, 'Pond': 0, 'Pokhari': 0, 'D/C': 0, 'Recharge shaft': 0, 'LFB': 0, 'RFB': 0}","{'Floodlight': 0, 'Flood Light': 0, 'GAS': 0, 'FIFA': 0, 'pipe': 0, 'pipes': 0, 'covid': 0, 'supply': 0, 'Beautification': 0, 'Installation': 0}",,,False,True,Immediate Measures
106510,NIT NO.- 12/2025-26 GROUP- 01,ESTIMATE FOR CONSTRUCTION  R.C.C. DRAIN WITH R.C.C. COVER SLAB FROM THE SUNDER CHOWK  TO THE BALSUNDER RIVER IN WARD NO- 26 IN UNDER NAGAR PARISHAD SHEOHAR.,ESTIMATE FOR CONSTRUCTION  R.C.C. DRAIN WITH R.C.C. COVER SLAB FROM THE SUNDER CHOWK  TO THE BALSUNDER RIVER IN WARD NO- 26 IN UNDER NAGAR PARISHAD SHEOHAR.,11088300.0,INR,INR,2025-07-25 14:09:36+00:00,2025-07-25T10:33:44.102000+00:00,2025-08-06T09:46:00+00:00,NEELAM SWETA,Executive Officer,BAKHRI NAGAR PARISHAD,BAKHRI NAGAR PARISHAD,NEELAM SWETA,EXECUTIVE OFFICER (NP JHAJHA),JHAJHA NAGAR PARISHAD,219667.0,10000.0,3540.0,True,"{'Flood': 0, 'Embankment': 0, 'embkt': 0, 'Relief': 0, 'Erosion': 0, 'SDRF': 0, 'Inundation': 0, 'Hydrology': 0, 'Silt': 0, 'Siltation': 0, 'Bund': 0, 'Trench': 0, 'Breach': 0, 'Culvert': 0, 'Sluice': 0, 'Dyke': 0, 'Storm water drain': 0, 'Emergency': 0, 'Immediate': 0, 'IM': 0, 'AE': 0, 'A E': 0, 'AAPDA MITRA': 0, 'Bridge': 0, 'River': 2, 'Drain': 2, 'Restoration': 0, 'Protection': 0, 'irr': 0, 'irrigation': 0, 'dam': 0, 'Nallah': 0, 'nala': 0, 'Retrofitting': 0, 'Pond': 0, 'Pokhari': 0, 'D/C': 0, 'Recharge shaft': 0, 'LFB': 0, 'RFB': 0}","{'Floodlight': 0, 'Flood Light': 0, 'GAS': 0, 'FIFA': 0, 'pipe': 0, 'pipes': 0, 'covid': 0, 'supply': 0, 'Beautification': 0, 'Installation': 0}",,,False,True,Immediate Measures
106505,NIT No-14/2024-25 (G-1),"Construction work of drains on both sides of the road from Ward No. 14, Mohalla Gangwara Chowk, Teenbatiya Hanuman Temple to RCC bridge.","Construction work of drains on both sides of the road from Ward No. 14, Mohalla Gangwara Chowk, Teenbatiya Hanuman Temple to RCC bridge.",11344036.0,INR,INR,2025-07-25 15:44:17+00:00,2025-07-25T09:19:23.361000+00:00,2025-08-18T06:28:50+00:00,Abhay Kumar Pandey,PROJECT DIRECTOR,Bihar Urban Infrastructure Development Corporation Ltd.,"Vaishali, Buidco",Abhay Kumar Pandey,PROJECT DIRECTOR,Bihar Urban Infrastructure Development Corporation Ltd.,242800.0,17700.0,3540.0,True,"{'Flood': 0, 'Embankment': 0, 'embkt': 0, 'Relief': 0, 'Erosion': 0, 'SDRF': 0, 'Inundation': 0, 'Hydrology': 0, 'Silt': 0, 'Siltation': 0, 'Bund': 0, 'Trench': 0, 'Breach': 0, 'Culvert': 0, 'Sluice': 0, 'Dyke': 0, 'Storm water drain': 0, 'Emergency': 0, 'Immediate': 0, 'IM': 0, 'AE': 0, 'A E': 0, 'AAPDA MITRA': 0, 'Bridge': 2, 'River': 0, 'Drain': 0, 'Restoration': 0, 'Protection': 0, 'irr': 0, 'irrigation': 0, 'dam': 0, 'Nallah': 0, 'nala': 0, 'Retrofitting': 0, 'Pond': 0, 'Pokhari': 0, 'D/C': 0, 'Recharge shaft': 0, 'LFB': 0, 'RFB': 0}","{'Floodlight': 0, 'Flood Light': 0, 'GAS': 0, 'FIFA': 0, 'pipe': 0, 'pipes': 0, 'covid': 0, 'supply': 0, 'Beautification': 0, 'Installation': 0}",,,False,True,Others
106523,NIT NO.- 12/2025-26 GROUP- 02,ESTIMATE FOR CONSTRUCTION P.C.C. ROAD & R.C.C. DRAIN WITH COVER SLAB FROM THE NH-227 ( NEAR MAIE STHAAN SAMPAT CHOWK ) TO GOING ON CHEKNUTTA PATH IN WARD NO- 19 IN UNDER NAGAR PARISHAD SHEOHAR.,ESTIMATE FOR CONSTRUCTION P.C.C. ROAD & R.C.C. DRAIN WITH COVER SLAB FROM THE NH-227 ( NEAR MAIE STHAAN SAMPAT CHOWK ) TO GOING ON CHEKNUTTA PATH IN WARD NO- 19 IN UNDER NAGAR PARISHAD SHEOHAR.,14480300.0,INR,INR,2025-07-25 14:07:01+00:00,2025-07-25T12:55:52.652000+00:00,2025-10-06T06:33:25+00:00,NEELAM SWETA,Executive Officer,BAKHRI NAGAR PARISHAD,BAKHRI NAGAR PARISHAD,NEELAM SWETA,EXECUTIVE OFFICER (NP JHAJHA),JHAJHA NAGAR PARISHAD,287170.0,10000.0,3540.0,True,"{'Flood': 0, 'Embankment': 0, 'embkt': 0, 'Relief': 0, 'Erosion': 0, 'SDRF': 0, 'Inundation': 0, 'Hydrology': 0, 'Silt': 0, 'Siltation': 0, 'Bund': 0, 'Trench': 0, 'Breach': 0, 'Culvert': 0, 'Sluice': 0, 'Dyke': 0, 'Storm water drain': 0, 'Emergency': 0, 'Immediate': 0, 'IM': 0, 'AE': 0, 'A E': 0, 'AAPDA MITRA': 0, 'Bridge': 0, 'River': 0, 'Drain': 2, 'Restoration': 0, 'Protection': 0, 'irr': 0, 'irrigation': 0, 'dam': 0, 'Nallah': 0, 'nala': 0, 'Retrofitting': 0, 'Pond': 0, 'Pokhari': 0, 'D/C': 0, 'Recharge shaft': 0, 'LFB': 0, 'RFB': 0}","{'Floodlight': 0, 'Flood Light': 0, 'GAS': 0, 'FIFA': 0, 'pipe': 0, 'pipes': 0, 'covid': 0, 'supply': 0, 'Beautification': 0, 'Installation': 0}",,,False,True,Immediate Measures
106527,NIT NO.- 12/2025-26 GROUP-  04,ESTIMATE FOR CONSTRUCTION R.C.C. DRAIN WITH R.C.C. SLAB COVER FROM THE HANUMAAN TEMPLE ( PASWAN TOLA ) TO THE DRAIN OF BAALSUNDER IN WARD NO- 22 IN UNDER NAGAR PARISHAD SHEOHAR.,ESTIMATE FOR CONSTRUCTION R.C.C. DRAIN WITH R.C.C. SLAB COVER FROM THE HANUMAAN TEMPLE ( PASWAN TOLA ) TO THE DRAIN OF BAALSUNDER IN WARD NO- 22 IN UNDER NAGAR PARISHAD SHEOHAR.,11375200.0,INR,INR,2025-07-25 14:11:42+00:00,2025-07-25T13:12:01.779000+00:00,2025-08-06T09:50:21+00:00,NEELAM SWETA,Executive Officer,BAKHRI NAGAR PARISHAD,BAKHRI NAGAR PARISHAD,NEELAM SWETA,EXECUTIVE OFFICER (NP JHAJHA),JHAJHA NAGAR PARISHAD,225795.0,10000.0,3540.0,True,"{'Flood': 0, 'Embankment': 0, 'embkt': 0, 'Relief': 0, 'Erosion': 0, 'SDRF': 0, 'Inundation': 0, 'Hydrology': 0, 'Silt': 0, 'Siltation': 0, 'Bund': 0, 'Trench': 0, 'Breach': 0, 'Culvert': 0, 'Sluice': 0, 'Dyke': 0, 'Storm water drain': 0, 'Emergency': 0, 'Immediate': 0, 'IM': 0, 'AE': 0, 'A E': 0, 'AAPDA MITRA': 0, 'Bridge': 0, 'River': 0, 'Drain': 4, 'Restoration': 0, 'Protection': 0, 'irr': 0, 'irrigation': 0, 'dam': 0, 'Nallah': 0, 'nala': 0, 'Retrofitting': 0, 'Pond': 0, 'Pokhari': 0, 'D/C': 0, 'Recharge shaft': 0, 'LFB': 0, 'RFB': 0}","{'Floodlight': 0, 'Flood Light': 0, 'GAS': 0, 'FIFA': 0, 'pipe': 0, 'pipes': 0, 'covid': 0, 'supply': 0, 'Beautification': 0, 'Installation': 0}",,,False,True,Immediate Measures
106524,NIT NO.- 12/2025-26 GROUP- 03,ESTIMATE FOR CONSTRUCTION P.C.C. ROAD & R.C.C. DRAIN WITH R.C.C. COVER SLAB FROM THE NH-227 ( NEAR TO KHADI BHANDER)  TO PATH OF  SRI JAGDESH NANDAN SINGH IN WARD NO- 16 IN UNDER NAGAR PARISHAD SHEOHAR.,ESTIMATE FOR CONSTRUCTION P.C.C. ROAD & R.C.C. DRAIN WITH R.C.C. COVER SLAB FROM THE NH-227 ( NEAR TO KHADI BHANDER)  TO PATH OF  SRI JAGDESH NANDAN SINGH IN WARD NO- 16 IN UNDER NAGAR PARISHAD SHEOHAR.,12160000.0,INR,INR,2025-07-25 14:00:35+00:00,2025-07-25T13:04:35.361000+00:00,2025-08-06T09:48:54+00:00,NEELAM SWETA,Executive Officer,BAKHRI NAGAR PARISHAD,BAKHRI NAGAR PARISHAD,NEELAM SWETA,EXECUTIVE OFFICER (NP JHAJHA),JHAJHA NAGAR PARISHAD,240996.0,10000.0,3540.0,True,"{'Flood': 0, 'Embankment': 0, 'embkt': 0, 'Relief': 0, 'Erosion': 0, 'SDRF': 0, 'Inundation': 0, 'Hydrology': 0, 'Silt': 0, 'Siltation': 0, 'Bund': 0, 'Trench': 0, 'Breach': 0, 'Culvert': 0, 'Sluice': 0, 'Dyke': 0, 'Storm water drain': 0, 'Emergency': 0, 'Immediate': 0, 'IM': 0, 'AE': 0, 'A E': 0, 'AAPDA MITRA': 0, 'Bridge': 0, 'River': 0, 'Drain': 2, 'Restoration': 0, 'Protection': 0, 'irr': 0, 'irrigation': 0, 'dam': 0, 'Nallah': 0, 'nala': 0, 'Retrofitting': 0, 'Pond': 0, 'Pokhari': 0, 'D/C': 0, 'Recharge shaft': 0, 'LFB': 0, 'RFB': 0}","{'Floodlight': 0, 'Flood Light': 0, 'GAS': 0, 'FIFA': 0, 'pipe': 0, 'pipes': 0, 'covid': 0, 'supply': 0, 'Beautification': 0, 'Installation': 0}",,,False,True,Immediate Measures
106532,02/BCD/ARWAL/2025-26,"CONSTRUCTION OF APPROACH ROAD, DRAIN & SANTRI POST INCLUDING FIRE FIGHTING & FURNITURE WORK AT MANDAL KARA ARWAL.(PART-B) Yr..25-26.","CONSTRUCTION OF APPROACH ROAD, DRAIN & SANTRI POST INCLUDING FIRE FIGHTING & FURNITURE WORK AT MANDAL KARA ARWAL.(PART-B) Yr..25-26.",45345713.0,INR,INR,2025-07-25 14:18:12+00:00,2025-07-25T13:48:43.109000+00:00,2025-08-21T10:18:40+00:00,EXECUTIVE ENGINEER BUILDING DIVISION ARWAL,EE,BCD,EXECUTIVE ENGINEER,"Superintending Engineer, BUILDING CIRCLE GAYA",SE,Building Circle Gaya,907000.0,10000.0,5900.0,True,"{'Flood': 0, 'Embankment': 0, 'embkt': 0, 'Relief': 0, 'Erosion': 0, 'SDRF': 0, 'Inundation': 0, 'Hydrology': 0, 'Silt': 0, 'Siltation': 0, 'Bund': 0, 'Trench': 0, 'Breach': 0, 'Culvert': 0, 'Sluice': 0, 'Dyke': 0, 'Storm water drain': 0, 'Emergency': 0, 'Immediate': 0, 'IM': 0, 'AE': 0, 'A E': 0, 'AAPDA MITRA': 0, 'Bridge': 0, 'River': 0, 'Drain': 2, 'Restoration': 0, 'Protection': 0, 'irr': 0, 'irrigation': 0, 'dam': 0, 'Nallah': 0, 'nala': 0, 'Retrofitting': 0, 'Pond': 0, 'Pokhari': 0, 'D/C': 0, 'Recharge shaft': 0, 'LFB': 0, 'RFB': 0}","{'Floodlight': 0, 'Flood Light': 0, 'GAS': 0, 'FIFA': 0, 'pipe': 0, 'pipes': 0, 'covid': 0, 'supply': 0, 'Beautification': 0, 'Installation': 0}",,,False,True,Others
106494,NIT01 02/25-26/GR01,Nagar Panchayat Harnaut  ke Ward- 02 me mahadev sthan se Goraiya Sthan hote huye Bajrang Bali Mandir ke aage tak pakki Nala ka Niarman,Nagar Panchayat Harnaut  ke Ward- 02 me mahadev sthan se Goraiya Sthan hote huye Bajrang Bali Mandir ke aage tak pakki Nala ka Niarman,3206812.0,INR,INR,2025-07-27 13:02:08+00:00,2025-07-25T07:55:25.496000+00:00,2025-08-07T10:45:10+00:00,Saurabh Suman,"EXECUTIVE OFFICER, HARNAUT",HARNAUT NAGAR PANCHAYAT,"HARNAUT NAGAR PANCHAYAT, BLOCK OFFICE HARNAUT, NALANDA -803110",Saurabh Suman,"EXECUTIVE OFFICER, HARNAUT",HARNAUT NAGAR PANCHAYAT,65000.0,5000.0,590.0,True,"{'Flood': 0, 'Embankment': 0, 'embkt': 0, 'Relief': 0, 'Erosion': 0, 'SDRF': 0, 'Inundation': 0, 'Hydrology': 0, 'Silt': 0, 'Siltation': 0, 'Bund': 0, 'Trench': 0, 'Breach': 0, 'Culvert': 0, 'Sluice': 0, 'Dyke': 0, 'Storm water drain': 0, 'Emergency': 0, 'Immediate': 0, 'IM': 0, 'AE': 0, 'A E': 0, 'AAPDA MITRA': 0, 'Bridge': 0, 'River': 0, 'Drain': 0, 'Restoration': 0, 'Protection': 0, 'irr': 0, 'irrigation': 0, 'dam': 0, 'Nallah': 0, 'nala': 2, 'Retrofitting': 0, 'Pond': 0, 'Pokhari': 0, 'D/C': 0, 'Recharge shaft': 0, 'LFB': 0, 'RFB': 0}","{'Floodlight': 0, 'Flood Light': 0, 'GAS': 0, 'FIFA': 0, 'pipe': 0, 'pipes': 0, 'covid': 0, 'supply': 0, 'Beautification': 0, 'Installation': 0}",,,False,False,Immediate Measures
106539,NIT NO -07 F.Y 2025-2026 Group-04,"Construction of 25 Nos. 125mm x 40mm x 61m Deep hand operated T/W with I.M.-II Hand Pump, Platform & Drain and Construction of  Soakpit of 1.0 m dia & 2.0 m deep with dry brick honey comb shaft with bricks of class designation 100B etc in  summer and heat situation and in place of water table depletion  for the year 2025-26 under P.H. Division, Darbhanga in district Darbhanga.","Construction of 25 Nos. 125mm x 40mm x 61m Deep hand operated T/W with I.M.-II Hand Pump, Platform & Drain and Construction of  Soakpit of 1.0 m dia & 2.0 m deep with dry brick honey comb shaft with bricks of class designation 100B etc in  summer and heat situation and in place of water table depletion  for the year 2025-26 under P.H. Division, Darbhanga in district Darbhanga.",1770100.0,INR,INR,2025-07-25 15:36:27+00:00,2025-07-25T15:33:21.517000+00:00,2025-08-01T06:35:40+00:00,PRADEEP KUMAR JHA,Executive Engineer P.H DIVISION DARBHANGA,PHED DARBHANGA,PHED DARBHANGA,RAJESH KUMAR RAUSHAN,SE,PHED JHANJHARPUR,36000.0,5000.0,590.0,True,"{'Flood': 0, 'Embankment': 0, 'embkt': 0, 'Relief': 0, 'Erosion': 0, 'SDRF': 0, 'Inundation': 0, 'Hydrology': 0, 'Silt': 0, 'Siltation': 0, 'Bund': 0, 'Trench': 0, 'Breach': 0, 'Culvert': 0, 'Sluice': 0, 'Dyke': 0, 'Storm water drain': 0, 'Emergency': 0, 'Immediate': 0, 'IM': 0, 'AE': 0, 'A E': 0, 'AAPDA MITRA': 0, 'Bridge': 0, 'River': 0, 'Drain': 2, 'Restoration': 0, 'Protection': 0, 'irr': 0, 'irrigation': 0, 'dam': 0, 'Nallah': 0, 'nala': 0, 'Retrofitting': 0, 'Pond': 0, 'Pokhari': 0, 'D/C': 0, 'Recharge shaft': 0, 'LFB': 0, 'RFB': 0}","{'Floodlight': 0, 'Flood Light': 0, 'GAS': 0, 'FIFA': 0, 'pipe': 0, 'pipes': 0, 'covid': 0, 'supply': 0, 'Beautification': 0, 'Installation': 0}",,,False,True,Immediate Measures
106537,NIT NO -07 F.Y 2025-2026 Group-02,"Construction of 25 Nos. 125mm x 40mm x 61m Deep hand operated T/W with I.M.-II Hand Pump, Platform & Drain and Construction of  Soakpit of 1.0 m dia & 2.0 m deep with dry brick honey comb shaft with bricks of class designation 100B etc in  summer and heat situation and in place of water table depletion  for the year 2025-26 under P.H. Division, Darbhanga in district Darbhanga.","Construction of 25 Nos. 125mm x 40mm x 61m Deep hand operated T/W with I.M.-II Hand Pump, Platform & Drain and Construction of  Soakpit of 1.0 m dia & 2.0 m deep with dry brick honey comb shaft with bricks of class designation 100B etc in  summer and heat situation and in place of water table depletion  for the year 2025-26 under P.H. Division, Darbhanga in district Darbhanga.",1770100.0,INR,INR,2025-07-25 15:30:07+00:00,2025-07-25T15:27:10.946000+00:00,2025-08-01T06:47:32+00:00,PRADEEP KUMAR JHA,Executive Engineer P.H DIVISION DARBHANGA,PHED DARBHANGA,PHED DARBHANGA,RAJESH KUMAR RAUSHAN,SE,PHED JHANJHARPUR,36000.0,5000.0,590.0,True,"{'Flood': 0, 'Embankment': 0, 'embkt': 0, 'Relief': 0, 'Erosion': 0, 'SDRF': 0, 'Inundation': 0, 'Hydrology': 0, 'Silt': 0, 'Siltation': 0, 'Bund': 0, 'Trench': 0, 'Breach': 0, 'Culvert': 0, 'Sluice': 0, 'Dyke': 0, 'Storm water drain': 0, 'Emergency': 0, 'Immediate': 0, 'IM': 0, 'AE': 0, 'A E': 0, 'AAPDA MITRA': 0, 'Bridge': 0, 'River': 0, 'Drain': 2, 'Restoration': 0, 'Protection': 0, 'irr': 0, 'irrigation': 0, 'dam': 0, 'Nallah': 0, 'nala': 0, 'Retrofitting': 0, 'Pond': 0, 'Pokhari': 0, 'D/C': 0, 'Recharge shaft': 0, 'LFB': 0, 'RFB': 0}","{'Floodlight': 0, 'Flood Light': 0, 'GAS': 0, 'FIFA': 0, 'pipe': 0, 'pipes': 0, 'covid': 0, 'supply': 0, 'Beautification': 0, 'Installation': 0}",,,False,True,Immediate Measures
106538,NIT NO -07 F.Y 2025-2026 Group-03,"Construction of 25 Nos. 125mm x 40mm x 61m Deep hand operated T/W with I.M.-II Hand Pump, Platform & Drain and Construction of  Soakpit of 1.0 m dia & 2.0 m deep with dry brick honey comb shaft with bricks of class designation 100B etc in  summer and heat situation and in place of water table depletion  for the year 2025-26 under P.H. Division, Darbhanga in district Darbhanga.","Construction of 25 Nos. 125mm x 40mm x 61m Deep hand operated T/W with I.M.-II Hand Pump, Platform & Drain and Construction of  Soakpit of 1.0 m dia & 2.0 m deep with dry brick honey comb shaft with bricks of class designation 100B etc in  summer and heat situation and in place of water table depletion  for the year 2025-26 under P.H. Division, Darbhanga in district Darbhanga.",1770100.0,INR,INR,2025-07-25 15:33:07+00:00,2025-07-25T15:30:25.010000+00:00,2025-08-01T06:37:59+00:00,PRADEEP KUMAR JHA,Executive Engineer P.H DIVISION DARBHANGA,PHED DARBHANGA,PHED DARBHANGA,RAJESH KUMAR RAUSHAN,SE,PHED JHANJHARPUR,36000.0,5000.0,590.0,True,"{'Flood': 0, 'Embankment': 0, 'embkt': 0, 'Relief': 0, 'Erosion': 0, 'SDRF': 0, 'Inundation': 0, 'Hydrology': 0, 'Silt': 0, 'Siltation': 0, 'Bund': 0, 'Trench': 0, 'Breach': 0, 'Culvert': 0, 'Sluice': 0, 'Dyke': 0, 'Storm water drain': 0, 'Emergency': 0, 'Immediate': 0, 'IM': 0, 'AE': 0, 'A E': 0, 'AAPDA MITRA': 0, 'Bridge': 0, 'River': 0, 'Drain': 2, 'Restoration': 0, 'Protection': 0, 'irr': 0, 'irrigation': 0, 'dam': 0, 'Nallah': 0, 'nala': 0, 'Retrofitting': 0, 'Pond': 0, 'Pokhari': 0, 'D/C': 0, 'Recharge shaft': 0, 'LFB': 0, 'RFB': 0}","{'Floodlight': 0, 'Flood Light': 0, 'GAS': 0, 'FIFA': 0, 'pipe': 0, 'pipes': 0, 'covid': 0, 'supply': 0, 'Beautification': 0, 'Installation': 0}",,,False,True,Immediate Measures
106536,NIT NO -07 F.Y 2025-2026 Group-01,"Construction of 25 Nos. 125mm x 40mm x 61m Deep hand operated T/W with I.M.-II Hand Pump, Platform & Drain and Construction of  Soakpit of 1.0 m dia & 2.0 m deep with dry brick honey comb shaft with bricks of class designation 100B etc in  summer and heat situation and in place of water table depletion  for the year 2025-26 under P.H. Division, Darbhanga in district Darbhanga.","Construction of 25 Nos. 125mm x 40mm x 61m Deep hand operated T/W with I.M.-II Hand Pump, Platform & Drain and Construction of  Soakpit of 1.0 m dia & 2.0 m deep with dry brick honey comb shaft with bricks of class designation 100B etc in  summer and heat situation and in place of water table depletion  for the year 2025-26 under P.H. Division, Darbhanga in district Darbhanga.",1770100.0,INR,INR,2025-07-25 15:26:28+00:00,2025-07-25T15:21:58.103000+00:00,2025-08-01T06:40:20+00:00,PRADEEP KUMAR JHA,Executive Engineer P.H DIVISION DARBHANGA,PHED DARBHANGA,PHED DARBHANGA,RAJESH KUMAR RAUSHAN,SE,PHED JHANJHARPUR,36000.0,5000.0,590.0,True,"{'Flood': 0, 'Embankment': 0, 'embkt': 0, 'Relief': 0, 'Erosion': 0, 'SDRF': 0, 'Inundation': 0, 'Hydrology': 0, 'Silt': 0, 'Siltation': 0, 'Bund': 0, 'Trench': 0, 'Breach': 0, 'Culvert': 0, 'Sluice': 0, 'Dyke': 0, 'Storm water drain': 0, 'Emergency': 0, 'Immediate': 0, 'IM': 0, 'AE': 0, 'A E': 0, 'AAPDA MITRA': 0, 'Bridge': 0, 'River': 0, 'Drain': 2, 'Restoration': 0, 'Protection': 0, 'irr': 0, 'irrigation': 0, 'dam': 0, 'Nallah': 0, 'nala': 0, 'Retrofitting': 0, 'Pond': 0, 'Pokhari': 0, 'D/C': 0, 'Recharge shaft': 0, 'LFB': 0, 'RFB': 0}","{'Floodlight': 0, 'Flood Light': 0, 'GAS': 0, 'FIFA': 0, 'pipe': 0, 'pipes': 0, 'covid': 0, 'supply': 0, 'Beautification': 0, 'Installation': 0}",,,False,True,Immediate Measures
106542,NIT NO -07 F.Y 2025-2026 Group-07,"Construction of 25 Nos. 125mm x 40mm x 61m Deep hand operated T/W with I.M.-II Hand Pump, Platform & Drain and Construction of  Soakpit of 1.0 m dia & 2.0 m deep with dry brick honey comb shaft with bricks of class designation 100B etc in  summer and heat situation and in place of water table depletion  for the year 2025-26 under P.H. Division, Darbhanga in district Darbhanga.","Construction of 25 Nos. 125mm x 40mm x 61m Deep hand operated T/W with I.M.-II Hand Pump, Platform & Drain and Construction of  Soakpit of 1.0 m dia & 2.0 m deep with dry brick honey comb shaft with bricks of class designation 100B etc in  summer and heat situation and in place of water table depletion  for the year 2025-26 under P.H. Division, Darbhanga in district Darbhanga.",1770100.0,INR,INR,2025-07-25 15:47:40+00:00,2025-07-25T15:44:57.040000+00:00,2025-07-28T11:31:00+00:00,PRADEEP KUMAR JHA,Executive Engineer P.H DIVISION DARBHANGA,PHED DARBHANGA,PHED DARBHANGA,RAJESH KUMAR RAUSHAN,SE,PHED JHANJHARPUR,36000.0,5000.0,590.0,True,"{'Flood': 0, 'Embankment': 0, 'embkt': 0, 'Relief': 0, 'Erosion': 0, 'SDRF': 0, 'Inundation': 0, 'Hydrology': 0, 'Silt': 0, 'Siltation': 0, 'Bund': 0, 'Trench': 0, 'Breach': 0, 'Culvert': 0, 'Sluice': 0, 'Dyke': 0, 'Storm water drain': 0, 'Emergency': 0, 'Immediate': 0, 'IM': 0, 'AE': 0, 'A E': 0, 'AAPDA MITRA': 0, 'Bridge': 0, 'River': 0, 'Drain': 2, 'Restoration': 0, 'Protection': 0, 'irr': 0, 'irrigation': 0, 'dam': 0, 'Nallah': 0, 'nala': 0, 'Retrofitting': 0, 'Pond': 0, 'Pokhari': 0, 'D/C': 0, 'Recharge shaft': 0, 'LFB': 0, 'RFB': 0}","{'Floodlight': 0, 'Flood Light': 0, 'GAS': 0, 'FIFA': 0, 'pipe': 0, 'pipes': 0, 'covid': 0, 'supply': 0, 'Beautification': 0, 'Installation': 0}",,,False,True,Immediate Measures
106545,NIT No-13/2024-25 (G-1),Road-cum-drain construction work from Majhodha-Jhanjharpur RCC main road to Satan Mandal's house.,Road-cum-drain construction work from Majhodha-Jhanjharpur RCC main road to Satan Mandal's house.,2163600.0,INR,INR,2025-07-25 16:25:03+00:00,2025-07-25T16:09:16.597000+00:00,2025-08-06T10:01:00+00:00,Abhay Kumar Pandey,PROJECT DIRECTOR,Bihar Urban Infrastructure Development Corporation Ltd.,"Vaishali, Buidco",Abhay Kumar Pandey,PROJECT DIRECTOR,Bihar Urban Infrastructure Development Corporation Ltd.,43300.0,11800.0,590.0,True,"{'Flood': 0, 'Embankment': 0, 'embkt': 0, 'Relief': 0, 'Erosion': 0, 'SDRF': 0, 'Inundation': 0, 'Hydrology': 0, 'Silt': 0, 'Siltation': 0, 'Bund': 0, 'Trench': 0, 'Breach': 0, 'Culvert': 0, 'Sluice': 0, 'Dyke': 0, 'Storm water drain': 0, 'Emergency': 0, 'Immediate': 0, 'IM': 0, 'AE': 0, 'A E': 0, 'AAPDA MITRA': 0, 'Bridge': 0, 'River': 0, 'Drain': 2, 'Restoration': 0, 'Protection': 0, 'irr': 0, 'irrigation': 0, 'dam': 0, 'Nallah': 0, 'nala': 0, 'Retrofitting': 0, 'Pond': 0, 'Pokhari': 0, 'D/C': 0, 'Recharge shaft': 0, 'LFB': 0, 'RFB': 0}","{'Floodlight': 0, 'Flood Light': 0, 'GAS': 0, 'FIFA': 0, 'pipe': 0, 'pipes': 0, 'covid': 0, 'supply': 0, 'Beautification': 0, 'Installation': 0}",,,False,True,Others
106540,NIT NO -07 F.Y 2025-2026 Group-05,"Construction of 25 Nos. 125mm x 40mm x 61m Deep hand operated T/W with I.M.-II Hand Pump, Platform & Drain and Construction of  Soakpit of 1.0 m dia & 2.0 m deep with dry brick honey comb shaft with bricks of class designation 100B etc in  summer and heat situation and in place of water table depletion  for the year 2025-26 under P.H. Division, Darbhanga in district Darbhanga.","Construction of 25 Nos. 125mm x 40mm x 61m Deep hand operated T/W with I.M.-II Hand Pump, Platform & Drain and Construction of  Soakpit of 1.0 m dia & 2.0 m deep with dry brick honey comb shaft with bricks of class designation 100B etc in  summer and heat situation and in place of water table depletion  for the year 2025-26 under P.H. Division, Darbhanga in district Darbhanga.",1770100.0,INR,INR,2025-07-25 15:41:18+00:00,2025-07-25T15:36:55.124000+00:00,2025-08-01T14:03:15+00:00,PRADEEP KUMAR JHA,Executive Engineer P.H DIVISION DARBHANGA,PHED DARBHANGA,PHED DARBHANGA,RAJESH KUMAR RAUSHAN,SE,PHED JHANJHARPUR,36000.0,5000.0,590.0,True,"{'Flood': 0, 'Embankment': 0, 'embkt': 0, 'Relief': 0, 'Erosion': 0, 'SDRF': 0, 'Inundation': 0, 'Hydrology': 0, 'Silt': 0, 'Siltation': 0, 'Bund': 0, 'Trench': 0, 'Breach': 0, 'Culvert': 0, 'Sluice': 0, 'Dyke': 0, 'Storm water drain': 0, 'Emergency': 0, 'Immediate': 0, 'IM': 0, 'AE': 0, 'A E': 0, 'AAPDA MITRA': 0, 'Bridge': 0, 'River': 0, 'Drain': 2, 'Restoration': 0, 'Protection': 0, 'irr': 0, 'irrigation': 0, 'dam': 0, 'Nallah': 0, 'nala': 0, 'Retrofitting': 0, 'Pond': 0, 'Pokhari': 0, 'D/C': 0, 'Recharge shaft': 0, 'LFB': 0, 'RFB': 0}","{'Floodlight': 0, 'Flood Light': 0, 'GAS': 0, 'FIFA': 0, 'pipe': 0, 'pipes': 0, 'covid': 0, 'supply': 0, 'Beautification': 0, 'Installation': 0}",,,False,True,Immediate Measures
106544,NIT No-15/2024-25 (G-1),New construction work of PCC road and drain from Shankar Chowk Ganesh temple located in ward number 18 through Khan Mohalla to Chikna Pokhar ward number 8..,New construction work of PCC road and drain from Shankar Chowk Ganesh temple located in ward number 18 through Khan Mohalla to Chikna Pokhar ward number 8..,2191204.0,INR,INR,2025-07-25 16:08:50+00:00,2025-07-25T15:48:17.026000+00:00,2025-08-18T07:23:15+00:00,Abhay Kumar Pandey,PROJECT DIRECTOR,Bihar Urban Infrastructure Development Corporation Ltd.,"Vaishali, Buidco",Abhay Kumar Pandey,PROJECT DIRECTOR,Bihar Urban Infrastructure Development Corporation Ltd.,43900.0,11800.0,590.0,True,"{'Flood': 0, 'Embankment': 0, 'embkt': 0, 'Relief': 0, 'Erosion': 0, 'SDRF': 0, 'Inundation': 0, 'Hydrology': 0, 'Silt': 0, 'Siltation': 0, 'Bund': 0, 'Trench': 0, 'Breach': 0, 'Culvert': 0, 'Sluice': 0, 'Dyke': 0, 'Storm water drain': 0, 'Emergency': 0, 'Immediate': 0, 'IM': 0, 'AE': 0, 'A E': 0, 'AAPDA MITRA': 0, 'Bridge': 0, 'River': 0, 'Drain': 2, 'Restoration': 0, 'Protection': 0, 'irr': 0, 'irrigation': 0, 'dam': 0, 'Nallah': 0, 'nala': 0, 'Retrofitting': 0, 'Pond': 0, 'Pokhari': 0, 'D/C': 0, 'Recharge shaft': 0, 'LFB': 0, 'RFB': 0}","{'Floodlight': 0, 'Flood Light': 0, 'GAS': 0, 'FIFA': 0, 'pipe': 0, 'pipes': 0, 'covid': 0, 'supply': 0, 'Beautification': 0, 'Installation': 0}",,,False,True,Others
106541,NIT NO -07 F.Y 2025-2026 Group-06,"Construction of 25 Nos. 125mm x 40mm x 61m Deep hand operated T/W with I.M.-II Hand Pump, Platform & Drain and Construction of  Soakpit of 1.0 m dia & 2.0 m deep with dry brick honey comb shaft with bricks of class designation 100B etc in  summer and heat situation and in place of water table depletion  for the year 2025-26 under P.H. Division, Darbhanga in district Darbhanga.","Construction of 25 Nos. 125mm x 40mm x 61m Deep hand operated T/W with I.M.-II Hand Pump, Platform & Drain and Construction of  Soakpit of 1.0 m dia & 2.0 m deep with dry brick honey comb shaft with bricks of class designation 100B etc in  summer and heat situation and in place of water table depletion  for the year 2025-26 under P.H. Division, Darbhanga in district Darbhanga.",1770100.0,INR,INR,2025-07-25 15:44:32+00:00,2025-07-25T15:41:38.925000+00:00,2025-08-01T06:32:07+00:00,PRADEEP KUMAR JHA,Executive Engineer P.H DIVISION DARBHANGA,PHED DARBHANGA,PHED DARBHANGA,RAJESH KUMAR RAUSHAN,SE,PHED JHANJHARPUR,36000.0,5000.0,590.0,True,"{'Flood': 0, 'Embankment': 0, 'embkt': 0, 'Relief': 0, 'Erosion': 0, 'SDRF': 0, 'Inundation': 0, 'Hydrology': 0, 'Silt': 0, 'Siltation': 0, 'Bund': 0, 'Trench': 0, 'Breach': 0, 'Culvert': 0, 'Sluice': 0, 'Dyke': 0, 'Storm water drain': 0, 'Emergency': 0, 'Immediate': 0, 'IM': 0, 'AE': 0, 'A E': 0, 'AAPDA MITRA': 0, 'Bridge': 0, 'River': 0, 'Drain': 2, 'Restoration': 0, 'Protection': 0, 'irr': 0, 'irrigation': 0, 'dam': 0, 'Nallah': 0, 'nala': 0, 'Retrofitting': 0, 'Pond': 0, 'Pokhari': 0, 'D/C': 0, 'Recharge shaft': 0, 'LFB': 0, 'RFB': 0}","{'Floodlight': 0, 'Flood Light': 0, 'GAS': 0, 'FIFA': 0, 'pipe': 0, 'pipes': 0, 'covid': 0, 'supply': 0, 'Beautification': 0, 'Installation': 0}",,,False,True,Immediate Measures
106543,NIT -07/F.Y 2025-26 GROUP-08,"Construction of 25 Nos. 125mm x 40mm x 61m Deep hand operated T/W with I.M.-II Hand Pump, Platform & Drain and Construction of  Soakpit of 1.0 m dia & 2.0 m deep with dry brick honey comb shaft with bricks of class designation 100B etc in  summer and heat situation and in place of water table depletion  for the year 2025-26 under P.H. Division, Darbhanga in district Darbhanga.","Construction of 25 Nos. 125mm x 40mm x 61m Deep hand operated T/W with I.M.-II Hand Pump, Platform & Drain and Construction of  Soakpit of 1.0 m dia & 2.0 m deep with dry brick honey comb shaft with bricks of class designation 100B etc in  summer and heat situation and in place of water table depletion  for the year 2025-26 under P.H. Division, Darbhanga in district Darbhanga.",1770100.0,INR,INR,2025-07-25 15:52:05+00:00,2025-07-25T15:48:16.015000+00:00,2025-07-28T11:31:00+00:00,PRADEEP KUMAR JHA,Executive Engineer P.H DIVISION DARBHANGA,PHED DARBHANGA,PHED DARBHANGA,RAJESH KUMAR RAUSHAN,SE,PHED JHANJHARPUR,36000.0,5000.0,590.0,True,"{'Flood': 0, 'Embankment': 0, 'embkt': 0, 'Relief': 0, 'Erosion': 0, 'SDRF': 0, 'Inundation': 0, 'Hydrology': 0, 'Silt': 0, 'Siltation': 0, 'Bund': 0, 'Trench': 0, 'Breach': 0, 'Culvert': 0, 'Sluice': 0, 'Dyke': 0, 'Storm water drain': 0, 'Emergency': 0, 'Immediate': 0, 'IM': 0, 'AE': 0, 'A E': 0, 'AAPDA MITRA': 0, 'Bridge': 0, 'River': 0, 'Drain': 2, 'Restoration': 0, 'Protection': 0, 'irr': 0, 'irrigation': 0, 'dam': 0, 'Nallah': 0, 'nala': 0, 'Retrofitting': 0, 'Pond': 0, 'Pokhari': 0, 'D/C': 0, 'Recharge shaft': 0, 'LFB': 0, 'RFB': 0}","{'Floodlight': 0, 'Flood Light': 0, 'GAS': 0, 'FIFA': 0, 'pipe': 0, 'pipes': 0, 'covid': 0, 'supply': 0, 'Beautification': 0, 'Installation': 0}",,,False,True,Immediate Measures
106594,MGD/PR-009691/Madhubani/ Bhutahi Munhara/Cluster-6,E-Auction for Settlement of Sand Ghats of  Madhubani Bhutahi Balan and Munhara River Cluster - 06,E-Auction for Settlement of Sand Ghats of  Madhubani Bhutahi Balan and Munhara River Cluster - 06,14968800.0,INR,INR,2025-07-30 06:03:32+00:00,2025-07-27T02:56:39.232000+00:00,2025-08-09T11:31:00+00:00,ANAND SHARMA,DISTRICT MAGISTRATE MADHUBANI,DISTRICT MINING OFFICE MADHUBANI,"COLLECTORATE CAMPUS, MADHUBANI",ANAND SHARMA,DISTRICT MAGISTRATE,"DISTRICT MINING OFFICE, SAHARSA",3742200.0,5000.0,3540.0,True,"{'Flood': 0, 'Embankment': 0, 'embkt': 0, 'Relief': 0, 'Erosion': 0, 'SDRF': 0, 'Inundation': 0, 'Hydrology': 0, 'Silt': 0, 'Siltation': 0, 'Bund': 0, 'Trench': 0, 'Breach': 0, 'Culvert': 0, 'Sluice': 0, 'Dyke': 0, 'Storm water drain': 0, 'Emergency': 0, 'Immediate': 0, 'IM': 0, 'AE': 0, 'A E': 0, 'AAPDA MITRA': 0, 'Bridge': 0, 'River': 2, 'Drain': 0, 'Restoration': 0, 'Protection': 0, 'irr': 0, 'irrigation': 0, 'dam': 0, 'Nallah': 0, 'nala': 0, 'Retrofitting': 0, 'Pond': 0, 'Pokhari': 0, 'D/C': 0, 'Recharge shaft': 0, 'LFB': 0, 'RFB': 0}","{'Floodlight': 0, 'Flood Light': 0, 'GAS': 0, 'FIFA': 0, 'pipe': 0, 'pipes': 0, 'covid': 0, 'supply': 0, 'Beautification': 0, 'Installation': 0}",,,False,False,Others
106593,MGD/PR-009691/Madhubani/ Kamla River/Cluster-01,E-Auction for Settlement of Sand Ghats of  Madhubani Kamla River Cluster - 01.,E-Auction for Settlement of Sand Ghats of  Madhubani Kamla River Cluster - 01.,28803060.0,INR,INR,2025-07-30 06:02:03+00:00,2025-07-27T02:56:14.630000+00:00,2025-08-09T11:31:00+00:00,ANAND SHARMA,DISTRICT MAGISTRATE MADHUBANI,DISTRICT MINING OFFICE MADHUBANI,"COLLECTORATE CAMPUS, MADHUBANI",ANAND SHARMA,DISTRICT MAGISTRATE,"DISTRICT MINING OFFICE, SAHARSA",7200765.0,5000.0,3540.0,True,"{'Flood': 0, 'Embankment': 0, 'embkt': 0, 'Relief': 0, 'Erosion': 0, 'SDRF': 0, 'Inundation': 0, 'Hydrology': 0, 'Silt': 0, 'Siltation': 0, 'Bund': 0, 'Trench': 0, 'Breach': 0, 'Culvert': 0, 'Sluice': 0, 'Dyke': 0, 'Storm water drain': 0, 'Emergency': 0, 'Immediate': 0, 'IM': 0, 'AE': 0, 'A E': 0, 'AAPDA MITRA': 0, 'Bridge': 0, 'River': 3, 'Drain': 0, 'Restoration': 0, 'Protection': 0, 'irr': 0, 'irrigation': 0, 'dam': 0, 'Nallah': 0, 'nala': 0, 'Retrofitting': 0, 'Pond': 0, 'Pokhari': 0, 'D/C': 0, 'Recharge shaft': 0, 'LFB': 0, 'RFB': 0}","{'Floodlight': 0, 'Flood Light': 0, 'GAS': 0, 'FIFA': 0, 'pipe': 0, 'pipes': 0, 'covid': 0, 'supply': 0, 'Beautification': 0, 'Installation': 0}",,,False,False,Others
106597,NITB-07-Re11/25-26,WARD NO 14 ME STATION ROD ME ARVIND SINGH KE GHAR SE PAPPU GUPTA KE GHAR TAK NALA UNCHIKARAN SAH PCC SADAK  NIRMAN KARY,WARD NO 14 ME STATION ROD ME ARVIND SINGH KE GHAR SE PAPPU GUPTA KE GHAR TAK NALA UNCHIKARAN SAH PCC SADAK  NIRMAN KARY,2406500.0,INR,INR,2025-07-27 04:45:07+00:00,2025-07-27T04:39:37.032000+00:00,2025-07-29T11:35:27+00:00,"PRAFULL SCANDRA YADAV, EXECUTIVE OFFICER",EO,NAGAR PANCHAYAT AKBARNAGAR,NAGAR PANCHAYAT AKBARNAGAR,"PRAFULL SCANDRA YADAV,EXECUTIVE OFFICER",EO,NAGAR PANCHAYAT AKBARNAGAR,48500.0,5000.0,590.0,True,"{'Flood': 0, 'Embankment': 0, 'embkt': 0, 'Relief': 0, 'Erosion': 0, 'SDRF': 0, 'Inundation': 0, 'Hydrology': 0, 'Silt': 0, 'Siltation': 0, 'Bund': 0, 'Trench': 0, 'Breach': 0, 'Culvert': 0, 'Sluice': 0, 'Dyke': 0, 'Storm water drain': 0, 'Emergency': 0, 'Immediate': 0, 'IM': 0, 'AE': 0, 'A E': 0, 'AAPDA MITRA': 0, 'Bridge': 0, 'River': 0, 'Drain': 0, 'Restoration': 0, 'Protection': 0, 'irr': 0, 'irrigation': 0, 'dam': 0, 'Nallah': 0, 'nala': 2, 'Retrofitting': 0, 'Pond': 0, 'Pokhari': 0, 'D/C': 0, 'Recharge shaft': 0, 'LFB': 0, 'RFB': 0}","{'Floodlight': 0, 'Flood Light': 0, 'GAS': 0, 'FIFA': 0, 'pipe': 0, 'pipes': 0, 'covid': 0, 'supply': 0, 'Beautification': 0, 'Installation': 0}",,,False,False,Others
106603,RE NIT_04/2025-26/JAMUI/GR-02,"Construction of Reha Jor (1365, 1245), Shiv Mandir (1665), Pesraha Jor, Belatanr Jor & Bhalsom 102 Check Dam","Construction of Reha Jor (1365, 1245), Shiv Mandir (1665), Pesraha Jor, Belatanr Jor & Bhalsom 102 Check Dam",124502094.0,INR,INR,2025-07-27 09:06:05+00:00,2025-07-27T08:54:12.468000+00:00,2025-10-30T09:08:06+00:00,MITHELESH KUMAR,EE JAMUI,MWRD,MID JAMUI,JAGANNATH PASWAN,"CE, MWRD, Bhagalpur","MWRD, Bhagalpur",2245100.0,10000.0,5900.0,True,"{'Flood': 0, 'Embankment': 0, 'embkt': 0, 'Relief': 0, 'Erosion': 0, 'SDRF': 0, 'Inundation': 0, 'Hydrology': 0, 'Silt': 0, 'Siltation': 0, 'Bund': 0, 'Trench': 0, 'Breach': 0, 'Culvert': 0, 'Sluice': 0, 'Dyke': 0, 'Storm water drain': 0, 'Emergency': 0, 'Immediate': 0, 'IM': 0, 'AE': 0, 'A E': 0, 'AAPDA MITRA': 0, 'Bridge': 0, 'River': 0, 'Drain': 0, 'Restoration': 0, 'Protection': 0, 'irr': 0, 'irrigation': 0, 'dam': 2, 'Nallah': 0, 'nala': 0, 'Retrofitting': 0, 'Pond': 0, 'Pokhari': 0, 'D/C': 0, 'Recharge shaft': 0, 'LFB': 0, 'RFB': 0}","{'Floodlight': 0, 'Flood Light': 0, 'GAS': 0, 'FIFA': 0, 'pipe': 0, 'pipes': 0, 'covid': 0, 'supply': 0, 'Beautification': 0, 'Installation': 0}",,,False,False,Immediate Measures
106602,RE NIT_04/2025-26/JAMUI/GR-01,"Construction of Belabathan / Permania River, Birhawa, Ramsagar 2586, Surjana, Chulhatari Check Dam","Construction of Belabathan / Permania River, Birhawa, Ramsagar 2586, Surjana, Chulhatari Check Dam",110879222.0,INR,INR,2025-07-27 08:53:35+00:00,2025-07-27T08:32:10.181000+00:00,2025-10-30T09:01:51+00:00,MITHELESH KUMAR,EE JAMUI,MWRD,MID JAMUI,JAGANNATH PASWAN,"CE, MWRD, Bhagalpur","MWRD, Bhagalpur",2108800.0,10000.0,5900.0,True,"{'Flood': 0, 'Embankment': 0, 'embkt': 0, 'Relief': 0, 'Erosion': 0, 'SDRF': 0, 'Inundation': 0, 'Hydrology': 0, 'Silt': 0, 'Siltation': 0, 'Bund': 0, 'Trench': 0, 'Breach': 0, 'Culvert': 0, 'Sluice': 0, 'Dyke': 0, 'Storm water drain': 0, 'Emergency': 0, 'Immediate': 0, 'IM': 0, 'AE': 0, 'A E': 0, 'AAPDA MITRA': 0, 'Bridge': 0, 'River': 2, 'Drain': 0, 'Restoration': 0, 'Protection': 0, 'irr': 0, 'irrigation': 0, 'dam': 2, 'Nallah': 0, 'nala': 0, 'Retrofitting': 0, 'Pond': 0, 'Pokhari': 0, 'D/C': 0, 'Recharge shaft': 0, 'LFB': 0, 'RFB': 0}","{'Floodlight': 0, 'Flood Light': 0, 'GAS': 0, 'FIFA': 0, 'pipe': 0, 'pipes': 0, 'covid': 0, 'supply': 0, 'Beautification': 0, 'Installation': 0}",,,False,False,Immediate Measures
106606,RE NIT_04/2025-26/JAMUI/GR-04,"Construction of Bunbun (1203), Jhanjhi River 344, Badki Tanr Jor, Gamhariya Jor, Baramoriya, Kathra Jor 354 Check Dam","Construction of Bunbun (1203), Jhanjhi River 344, Badki Tanr Jor, Gamhariya Jor, Baramoriya, Kathra Jor 354 Check Dam",123649500.0,INR,INR,2025-07-27 09:19:30+00:00,2025-07-27T09:06:56.185000+00:00,2025-10-30T09:06:58+00:00,MITHELESH KUMAR,EE JAMUI,MWRD,MID JAMUI,JAGANNATH PASWAN,"CE, MWRD, Bhagalpur","MWRD, Bhagalpur",2236495.0,10000.0,5900.0,True,"{'Flood': 0, 'Embankment': 0, 'embkt': 0, 'Relief': 0, 'Erosion': 0, 'SDRF': 0, 'Inundation': 0, 'Hydrology': 0, 'Silt': 0, 'Siltation': 0, 'Bund': 0, 'Trench': 0, 'Breach': 0, 'Culvert': 0, 'Sluice': 0, 'Dyke': 0, 'Storm water drain': 0, 'Emergency': 0, 'Immediate': 0, 'IM': 0, 'AE': 0, 'A E': 0, 'AAPDA MITRA': 0, 'Bridge': 0, 'River': 2, 'Drain': 0, 'Restoration': 0, 'Protection': 0, 'irr': 0, 'irrigation': 0, 'dam': 2, 'Nallah': 0, 'nala': 0, 'Retrofitting': 0, 'Pond': 0, 'Pokhari': 0, 'D/C': 0, 'Recharge shaft': 0, 'LFB': 0, 'RFB': 0}","{'Floodlight': 0, 'Flood Light': 0, 'GAS': 0, 'FIFA': 0, 'pipe': 0, 'pipes': 0, 'covid': 0, 'supply': 0, 'Beautification': 0, 'Installation': 0}",,,False,False,Immediate Measures
106605,RE NIT_04/2025-26/JAMUI/GR-03,"Construction of Bichhwa Jor (Madhopur), Dadhawa, Basbutiya Jor, Dudhaniya, Budhwadih Jor Dadhawa River Check Dam","Construction of Bichhwa Jor (Madhopur), Dadhawa, Basbutiya Jor, Dudhaniya, Budhwadih Jor Dadhawa River Check Dam",142436713.0,INR,INR,2025-07-27 09:13:46+00:00,2025-07-27T09:06:29.663000+00:00,2025-10-30T09:05:45+00:00,MITHELESH KUMAR,EE JAMUI,MWRD,MID JAMUI,JAGANNATH PASWAN,"CE, MWRD, Bhagalpur","MWRD, Bhagalpur",2424400.0,10000.0,5900.0,True,"{'Flood': 0, 'Embankment': 0, 'embkt': 0, 'Relief': 0, 'Erosion': 0, 'SDRF': 0, 'Inundation': 0, 'Hydrology': 0, 'Silt': 0, 'Siltation': 0, 'Bund': 0, 'Trench': 0, 'Breach': 0, 'Culvert': 0, 'Sluice': 0, 'Dyke': 0, 'Storm water drain': 0, 'Emergency': 0, 'Immediate': 0, 'IM': 0, 'AE': 0, 'A E': 0, 'AAPDA MITRA': 0, 'Bridge': 0, 'River': 2, 'Drain': 0, 'Restoration': 0, 'Protection': 0, 'irr': 0, 'irrigation': 0, 'dam': 2, 'Nallah': 0, 'nala': 0, 'Retrofitting': 0, 'Pond': 0, 'Pokhari': 0, 'D/C': 0, 'Recharge shaft': 0, 'LFB': 0, 'RFB': 0}","{'Floodlight': 0, 'Flood Light': 0, 'GAS': 0, 'FIFA': 0, 'pipe': 0, 'pipes': 0, 'covid': 0, 'supply': 0, 'Beautification': 0, 'Installation': 0}",,,False,False,Immediate Measures
106615,NIT No- 05 (G-3,"Construction of Road and drain from Raju Sahni's house to Brijlal ji's house via Anugrah ji's, Dega Rai ji's houses","Construction of Road and drain from Raju Sahni's house to Brijlal ji's house via Anugrah ji's, Dega Rai ji's houses",4314743.0,INR,INR,2025-07-27 13:42:30+00:00,2025-07-27T13:30:33.996000+00:00,2025-10-11T02:13:54+00:00,SATYENDRA PRASAD,Project Director,Bihar Urban Infrastructure Development Corporation Limited,Azimabad Anchal Buidco,SATYENDRA PRASAD,Project Director,Bihar Urban Infrastructure Development Corporation Limited,86300.0,11800.0,590.0,True,"{'Flood': 0, 'Embankment': 0, 'embkt': 0, 'Relief': 0, 'Erosion': 0, 'SDRF': 0, 'Inundation': 0, 'Hydrology': 0, 'Silt': 0, 'Siltation': 0, 'Bund': 0, 'Trench': 0, 'Breach': 0, 'Culvert': 0, 'Sluice': 0, 'Dyke': 0, 'Storm water drain': 0, 'Emergency': 0, 'Immediate': 0, 'IM': 0, 'AE': 0, 'A E': 0, 'AAPDA MITRA': 0, 'Bridge': 0, 'River': 0, 'Drain': 2, 'Restoration': 0, 'Protection': 0, 'irr': 0, 'irrigation': 0, 'dam': 0, 'Nallah': 0, 'nala': 0, 'Retrofitting': 0, 'Pond': 0, 'Pokhari': 0, 'D/C': 0, 'Recharge shaft': 0, 'LFB': 0, 'RFB': 0}","{'Floodlight': 0, 'Flood Light': 0, 'GAS': 0, 'FIFA': 0, 'pipe': 0, 'pipes': 0, 'covid': 0, 'supply': 0, 'Beautification': 0, 'Installation': 0}",,,False,True,Immediate Measures
106611,NIT No- 05 (G-1,Construction of Road and drain from Ashok Rajpath to Dalmot factory via Math in Chaknuri,Construction of Road and drain from Ashok Rajpath to Dalmot factory via Math in Chaknuri,4870539.0,INR,INR,2025-07-27 13:22:00+00:00,2025-07-27T12:56:00.999000+00:00,2025-08-11T14:27:28+00:00,SATYENDRA PRASAD,Project Director,Bihar Urban Infrastructure Development Corporation Limited,Azimabad Anchal Buidco,SATYENDRA PRASAD,Project Director,Bihar Urban Infrastructure Development Corporation Limited,97414.0,11800.0,590.0,True,"{'Flood': 0, 'Embankment': 0, 'embkt': 0, 'Relief': 0, 'Erosion': 0, 'SDRF': 0, 'Inundation': 0, 'Hydrology': 0, 'Silt': 0, 'Siltation': 0, 'Bund': 0, 'Trench': 0, 'Breach': 0, 'Culvert': 0, 'Sluice': 0, 'Dyke': 0, 'Storm water drain': 0, 'Emergency': 0, 'Immediate': 0, 'IM': 0, 'AE': 0, 'A E': 0, 'AAPDA MITRA': 0, 'Bridge': 0, 'River': 0, 'Drain': 2, 'Restoration': 0, 'Protection': 0, 'irr': 0, 'irrigation': 0, 'dam': 0, 'Nallah': 0, 'nala': 0, 'Retrofitting': 0, 'Pond': 0, 'Pokhari': 0, 'D/C': 0, 'Recharge shaft': 0, 'LFB': 0, 'RFB': 0}","{'Floodlight': 0, 'Flood Light': 0, 'GAS': 0, 'FIFA': 0, 'pipe': 0, 'pipes': 0, 'covid': 0, 'supply': 0, 'Beautification': 0, 'Installation': 0}",,,False,True,Others
106619,NIT No- 05 (G-7,"Construction of Road and drain from Suresh Prasad's house to Sanji Kumar Patwa's house in ward no. 68, outer Begumpur Paswan Tola","Construction of Road and drain from Suresh Prasad's house to Sanji Kumar Patwa's house in ward no. 68, outer Begumpur Paswan Tola",4401375.0,INR,INR,2025-07-27 14:06:51+00:00,2025-07-27T14:02:45.998000+00:00,2025-10-22T17:21:02+00:00,SATYENDRA PRASAD,Project Director,Bihar Urban Infrastructure Development Corporation Limited,Azimabad Anchal Buidco,SATYENDRA PRASAD,Project Director,Bihar Urban Infrastructure Development Corporation Limited,88100.0,11800.0,590.0,True,"{'Flood': 0, 'Embankment': 0, 'embkt': 0, 'Relief': 0, 'Erosion': 0, 'SDRF': 0, 'Inundation': 0, 'Hydrology': 0, 'Silt': 0, 'Siltation': 0, 'Bund': 0, 'Trench': 0, 'Breach': 0, 'Culvert': 0, 'Sluice': 0, 'Dyke': 0, 'Storm water drain': 0, 'Emergency': 0, 'Immediate': 0, 'IM': 0, 'AE': 0, 'A E': 0, 'AAPDA MITRA': 0, 'Bridge': 0, 'River': 0, 'Drain': 2, 'Restoration': 0, 'Protection': 0, 'irr': 0, 'irrigation': 0, 'dam': 0, 'Nallah': 0, 'nala': 0, 'Retrofitting': 0, 'Pond': 0, 'Pokhari': 0, 'D/C': 0, 'Recharge shaft': 0, 'LFB': 0, 'RFB': 0}","{'Floodlight': 0, 'Flood Light': 0, 'GAS': 0, 'FIFA': 0, 'pipe': 0, 'pipes': 0, 'covid': 0, 'supply': 0, 'Beautification': 0, 'Installation': 0}",,,False,True,Others
106614,NIT No- 05 (G-2,"Construction of Road and drain from the electricity office at Ashoka Rajpath, Lalbabu Ji's market to Sachin Ji's house","Construction of Road and drain from the electricity office at Ashoka Rajpath, Lalbabu Ji's market to Sachin Ji's house",3017056.0,INR,INR,2025-07-27 13:28:44+00:00,2025-07-27T13:23:21.465000+00:00,2025-08-11T14:29:08+00:00,SATYENDRA PRASAD,Project Director,Bihar Urban Infrastructure Development Corporation Limited,Azimabad Anchal Buidco,SATYENDRA PRASAD,Project Director,Bihar Urban Infrastructure Development Corporation Limited,60350.0,11800.0,590.0,True,"{'Flood': 0, 'Embankment': 0, 'embkt': 0, 'Relief': 0, 'Erosion': 0, 'SDRF': 0, 'Inundation': 0, 'Hydrology': 0, 'Silt': 0, 'Siltation': 0, 'Bund': 0, 'Trench': 0, 'Breach': 0, 'Culvert': 0, 'Sluice': 0, 'Dyke': 0, 'Storm water drain': 0, 'Emergency': 0, 'Immediate': 0, 'IM': 0, 'AE': 0, 'A E': 0, 'AAPDA MITRA': 0, 'Bridge': 0, 'River': 0, 'Drain': 2, 'Restoration': 0, 'Protection': 0, 'irr': 0, 'irrigation': 0, 'dam': 0, 'Nallah': 0, 'nala': 0, 'Retrofitting': 0, 'Pond': 0, 'Pokhari': 0, 'D/C': 0, 'Recharge shaft': 0, 'LFB': 0, 'RFB': 0}","{'Floodlight': 0, 'Flood Light': 0, 'GAS': 0, 'FIFA': 0, 'pipe': 0, 'pipes': 0, 'covid': 0, 'supply': 0, 'Beautification': 0, 'Installation': 0}",,,False,True,Others
106622,NIT No- 05 (G-10,"Construction of PCC road and drain in Ward No. 70, Ashok Rajpath, from Sitaram Ji's house via former councilor Ravindra Ji's house to late Jawahar Sah's house in East Nand Gola","Construction of PCC road and drain in Ward No. 70, Ashok Rajpath, from Sitaram Ji's house via former councilor Ravindra Ji's house to late Jawahar Sah's house in East Nand Gola",5334098.0,INR,INR,2025-07-27 14:23:17+00:00,2025-07-27T14:18:43.439000+00:00,2025-08-11T14:36:15+00:00,SATYENDRA PRASAD,Project Director,Bihar Urban Infrastructure Development Corporation Limited,Azimabad Anchal Buidco,SATYENDRA PRASAD,Project Director,Bihar Urban Infrastructure Development Corporation Limited,106700.0,17700.0,590.0,True,"{'Flood': 0, 'Embankment': 0, 'embkt': 0, 'Relief': 0, 'Erosion': 0, 'SDRF': 0, 'Inundation': 0, 'Hydrology': 0, 'Silt': 0, 'Siltation': 0, 'Bund': 0, 'Trench': 0, 'Breach': 0, 'Culvert': 0, 'Sluice': 0, 'Dyke': 0, 'Storm water drain': 0, 'Emergency': 0, 'Immediate': 0, 'IM': 0, 'AE': 0, 'A E': 0, 'AAPDA MITRA': 0, 'Bridge': 0, 'River': 0, 'Drain': 2, 'Restoration': 0, 'Protection': 0, 'irr': 0, 'irrigation': 0, 'dam': 0, 'Nallah': 0, 'nala': 0, 'Retrofitting': 0, 'Pond': 0, 'Pokhari': 0, 'D/C': 0, 'Recharge shaft': 0, 'LFB': 0, 'RFB': 0}","{'Floodlight': 0, 'Flood Light': 0, 'GAS': 0, 'FIFA': 0, 'pipe': 0, 'pipes': 0, 'covid': 0, 'supply': 0, 'Beautification': 0, 'Installation': 0}",,,False,True,Others
106616,NIT No- 05 (G-4,Construction of 500 feet long and 15 feet wide road and drain from Bazar Samiti Mor Main Road to Shambhu Ji's house,Construction of 500 feet long and 15 feet wide road and drain from Bazar Samiti Mor Main Road to Shambhu Ji's house,1401123.0,INR,INR,2025-07-27 13:49:27+00:00,2025-07-27T13:44:29.183000+00:00,2025-08-11T14:30:22+00:00,SATYENDRA PRASAD,Project Director,Bihar Urban Infrastructure Development Corporation Limited,Azimabad Anchal Buidco,SATYENDRA PRASAD,Project Director,Bihar Urban Infrastructure Development Corporation Limited,28100.0,11800.0,590.0,True,"{'Flood': 0, 'Embankment': 0, 'embkt': 0, 'Relief': 0, 'Erosion': 0, 'SDRF': 0, 'Inundation': 0, 'Hydrology': 0, 'Silt': 0, 'Siltation': 0, 'Bund': 0, 'Trench': 0, 'Breach': 0, 'Culvert': 0, 'Sluice': 0, 'Dyke': 0, 'Storm water drain': 0, 'Emergency': 0, 'Immediate': 0, 'IM': 0, 'AE': 0, 'A E': 0, 'AAPDA MITRA': 0, 'Bridge': 0, 'River': 0, 'Drain': 2, 'Restoration': 0, 'Protection': 0, 'irr': 0, 'irrigation': 0, 'dam': 0, 'Nallah': 0, 'nala': 0, 'Retrofitting': 0, 'Pond': 0, 'Pokhari': 0, 'D/C': 0, 'Recharge shaft': 0, 'LFB': 0, 'RFB': 0}","{'Floodlight': 0, 'Flood Light': 0, 'GAS': 0, 'FIFA': 0, 'pipe': 0, 'pipes': 0, 'covid': 0, 'supply': 0, 'Beautification': 0, 'Installation': 0}",,,False,True,Others
106625,NIT No- 05 (G-14,"Construction of PCC road and drain from Satya Mill Road to Gauri Rai ji's house in Ward No. 72, Sharifaganj Naya Tola","Construction of PCC road and drain from Satya Mill Road to Gauri Rai ji's house in Ward No. 72, Sharifaganj Naya Tola",2322502.0,INR,INR,2025-07-27 14:56:12+00:00,2025-07-27T14:45:05.529000+00:00,2025-09-27T12:51:26+00:00,SATYENDRA PRASAD,Project Director,Bihar Urban Infrastructure Development Corporation Limited,Azimabad Anchal Buidco,SATYENDRA PRASAD,Project Director,Bihar Urban Infrastructure Development Corporation Limited,46500.0,11800.0,590.0,True,"{'Flood': 0, 'Embankment': 0, 'embkt': 0, 'Relief': 0, 'Erosion': 0, 'SDRF': 0, 'Inundation': 0, 'Hydrology': 0, 'Silt': 0, 'Siltation': 0, 'Bund': 0, 'Trench': 0, 'Breach': 0, 'Culvert': 0, 'Sluice': 0, 'Dyke': 0, 'Storm water drain': 0, 'Emergency': 0, 'Immediate': 0, 'IM': 0, 'AE': 0, 'A E': 0, 'AAPDA MITRA': 0, 'Bridge': 0, 'River': 0, 'Drain': 2, 'Restoration': 0, 'Protection': 0, 'irr': 0, 'irrigation': 0, 'dam': 0, 'Nallah': 0, 'nala': 0, 'Retrofitting': 0, 'Pond': 0, 'Pokhari': 0, 'D/C': 0, 'Recharge shaft': 0, 'LFB': 0, 'RFB': 0}","{'Floodlight': 0, 'Flood Light': 0, 'GAS': 0, 'FIFA': 0, 'pipe': 0, 'pipes': 0, 'covid': 0, 'supply': 0, 'Beautification': 0, 'Installation': 0}",,,False,True,Others
106618,NIT No- 05 (G-6,"Construction of Road and drain from Ward No. 68, Sighe Bazaar Square to Beldari Tola and Mahamaya Sthan","Construction of Road and drain from Ward No. 68, Sighe Bazaar Square to Beldari Tola and Mahamaya Sthan",6568518.0,INR,INR,2025-07-27 14:02:24+00:00,2025-07-27T13:57:22.307000+00:00,2025-08-11T14:31:41+00:00,SATYENDRA PRASAD,Project Director,Bihar Urban Infrastructure Development Corporation Limited,Azimabad Anchal Buidco,SATYENDRA PRASAD,Project Director,Bihar Urban Infrastructure Development Corporation Limited,131400.0,17700.0,590.0,True,"{'Flood': 0, 'Embankment': 0, 'embkt': 0, 'Relief': 0, 'Erosion': 0, 'SDRF': 0, 'Inundation': 0, 'Hydrology': 0, 'Silt': 0, 'Siltation': 0, 'Bund': 0, 'Trench': 0, 'Breach': 0, 'Culvert': 0, 'Sluice': 0, 'Dyke': 0, 'Storm water drain': 0, 'Emergency': 0, 'Immediate': 0, 'IM': 0, 'AE': 0, 'A E': 0, 'AAPDA MITRA': 0, 'Bridge': 0, 'River': 0, 'Drain': 2, 'Restoration': 0, 'Protection': 0, 'irr': 0, 'irrigation': 0, 'dam': 0, 'Nallah': 0, 'nala': 0, 'Retrofitting': 0, 'Pond': 0, 'Pokhari': 0, 'D/C': 0, 'Recharge shaft': 0, 'LFB': 0, 'RFB': 0}","{'Floodlight': 0, 'Flood Light': 0, 'GAS': 0, 'FIFA': 0, 'pipe': 0, 'pipes': 0, 'covid': 0, 'supply': 0, 'Beautification': 0, 'Installation': 0}",,,False,True,Others
106623,NIT No- 05 (G-11,"Construction of PCC road and drain from the house of Anteshwar Chourasiya to the house of Lakhan Doctor in Kumhar Toli, Ward No. 70, Nandgola","Construction of PCC road and drain from the house of Anteshwar Chourasiya to the house of Lakhan Doctor in Kumhar Toli, Ward No. 70, Nandgola",6920639.0,INR,INR,2025-07-27 14:33:17+00:00,2025-07-27T14:28:07.222000+00:00,2025-08-11T14:37:00+00:00,SATYENDRA PRASAD,Project Director,Bihar Urban Infrastructure Development Corporation Limited,Azimabad Anchal Buidco,SATYENDRA PRASAD,Project Director,Bihar Urban Infrastructure Development Corporation Limited,138500.0,17700.0,590.0,True,"{'Flood': 0, 'Embankment': 0, 'embkt': 0, 'Relief': 0, 'Erosion': 0, 'SDRF': 0, 'Inundation': 0, 'Hydrology': 0, 'Silt': 0, 'Siltation': 0, 'Bund': 0, 'Trench': 0, 'Breach': 0, 'Culvert': 0, 'Sluice': 0, 'Dyke': 0, 'Storm water drain': 0, 'Emergency': 0, 'Immediate': 0, 'IM': 0, 'AE': 0, 'A E': 0, 'AAPDA MITRA': 0, 'Bridge': 0, 'River': 0, 'Drain': 2, 'Restoration': 0, 'Protection': 0, 'irr': 0, 'irrigation': 0, 'dam': 0, 'Nallah': 0, 'nala': 0, 'Retrofitting': 0, 'Pond': 0, 'Pokhari': 0, 'D/C': 0, 'Recharge shaft': 0, 'LFB': 0, 'RFB': 0}","{'Floodlight': 0, 'Flood Light': 0, 'GAS': 0, 'FIFA': 0, 'pipe': 0, 'pipes': 0, 'covid': 0, 'supply': 0, 'Beautification': 0, 'Installation': 0}",,,False,True,Others
106624,NIT No- 05 (G-12,"Construction of PCC road and drain from Shyam Maji's house to Dr. Alam ji's house near Ward No. 72, Didarganj crossing","Construction of PCC road and drain from Shyam Maji's house to Dr. Alam ji's house near Ward No. 72, Didarganj crossing",5005896.0,INR,INR,2025-07-27 14:37:53+00:00,2025-07-27T14:33:54.378000+00:00,2025-12-11T17:26:01+00:00,SATYENDRA PRASAD,Project Director,Bihar Urban Infrastructure Development Corporation Limited,Azimabad Anchal Buidco,SATYENDRA PRASAD,Project Director,Bihar Urban Infrastructure Development Corporation Limited,100200.0,17700.0,590.0,True,"{'Flood': 0, 'Embankment': 0, 'embkt': 0, 'Relief': 0, 'Erosion': 0, 'SDRF': 0, 'Inundation': 0, 'Hydrology': 0, 'Silt': 0, 'Siltation': 0, 'Bund': 0, 'Trench': 0, 'Breach': 0, 'Culvert': 0, 'Sluice': 0, 'Dyke': 0, 'Storm water drain': 0, 'Emergency': 0, 'Immediate': 0, 'IM': 0, 'AE': 0, 'A E': 0, 'AAPDA MITRA': 0, 'Bridge': 0, 'River': 0, 'Drain': 2, 'Restoration': 0, 'Protection': 0, 'irr': 0, 'irrigation': 0, 'dam': 0, 'Nallah': 0, 'nala': 0, 'Retrofitting': 0, 'Pond': 0, 'Pokhari': 0, 'D/C': 0, 'Recharge shaft': 0, 'LFB': 0, 'RFB': 0}","{'Floodlight': 0, 'Flood Light': 0, 'GAS': 0, 'FIFA': 0, 'pipe': 0, 'pipes': 0, 'covid': 0, 'supply': 0, 'Beautification': 0, 'Installation': 0}",,,False,True,Others
106621,NIT No- 05 (G-9,"Construction of Road and drain in ward no. 68, outer Begumpur Baskariya Tola, from Bhim Baba ji's house via Mantu Yadav ji's house, from Monu Mishra's house to Rajneesh ji's house and from Meghan Chaudhary's house to Munna Gaudri's house","Construction of Road and drain in ward no. 68, outer Begumpur Baskariya Tola, from Bhim Baba ji's house via Mantu Yadav ji's house, from Monu Mishra's house to Rajneesh ji's house and from Meghan Chaudhary's house to Munna Gaudri's house",6084733.0,INR,INR,2025-07-27 14:18:22+00:00,2025-07-27T14:14:44.722000+00:00,2025-08-11T14:34:26+00:00,SATYENDRA PRASAD,Project Director,Bihar Urban Infrastructure Development Corporation Limited,Azimabad Anchal Buidco,SATYENDRA PRASAD,Project Director,Bihar Urban Infrastructure Development Corporation Limited,121700.0,17700.0,590.0,True,"{'Flood': 0, 'Embankment': 0, 'embkt': 0, 'Relief': 0, 'Erosion': 0, 'SDRF': 0, 'Inundation': 0, 'Hydrology': 0, 'Silt': 0, 'Siltation': 0, 'Bund': 0, 'Trench': 0, 'Breach': 0, 'Culvert': 0, 'Sluice': 0, 'Dyke': 0, 'Storm water drain': 0, 'Emergency': 0, 'Immediate': 0, 'IM': 0, 'AE': 0, 'A E': 0, 'AAPDA MITRA': 0, 'Bridge': 0, 'River': 0, 'Drain': 2, 'Restoration': 0, 'Protection': 0, 'irr': 0, 'irrigation': 0, 'dam': 0, 'Nallah': 0, 'nala': 0, 'Retrofitting': 0, 'Pond': 0, 'Pokhari': 0, 'D/C': 0, 'Recharge shaft': 0, 'LFB': 0, 'RFB': 0}","{'Floodlight': 0, 'Flood Light': 0, 'GAS': 0, 'FIFA': 0, 'pipe': 0, 'pipes': 0, 'covid': 0, 'supply': 0, 'Beautification': 0, 'Installation': 0}",,,False,True,Immediate Measures
106630,NIT NO-06/PHED/SITAMARHI/2025-26 (GRPUP 3),Sinking of new 125mm X 40mm dia X 61mtr deep hand operated T/well with India Mark II Hand Pump with Platform and drain and also with 1.0 m dia X 2.0 m size soakpit in water scarce habitation in different blocks of Sitamarhi for the year 2025-26,Sinking of new 125mm X 40mm dia X 61mtr deep hand operated T/well with India Mark II Hand Pump with Platform and drain and also with 1.0 m dia X 2.0 m size soakpit in water scarce habitation in different blocks of Sitamarhi for the year 2025-26,2994240.0,INR,INR,2025-07-28 03:41:48+00:00,2025-07-28T03:36:08.247000+00:00,2025-08-05T06:40:51+00:00,Arun Prakash,EXECUTIVE ENGINEER,"EXECUTIVE ENGINEER, SITAMARHI DIVISION",DUMRA SITAMARHI,MANOJ KUMAR,SE,PHE GAYA CIRCLE GAYA,60000.0,5000.0,590.0,True,"{'Flood': 0, 'Embankment': 0, 'embkt': 0, 'Relief': 0, 'Erosion': 0, 'SDRF': 0, 'Inundation': 0, 'Hydrology': 0, 'Silt': 0, 'Siltation': 0, 'Bund': 0, 'Trench': 0, 'Breach': 0, 'Culvert': 0, 'Sluice': 0, 'Dyke': 0, 'Storm water drain': 0, 'Emergency': 0, 'Immediate': 0, 'IM': 0, 'AE': 0, 'A E': 0, 'AAPDA MITRA': 0, 'Bridge': 0, 'River': 0, 'Drain': 2, 'Restoration': 0, 'Protection': 0, 'irr': 0, 'irrigation': 0, 'dam': 0, 'Nallah': 0, 'nala': 0, 'Retrofitting': 0, 'Pond': 0, 'Pokhari': 0, 'D/C': 0, 'Recharge shaft': 0, 'LFB': 0, 'RFB': 0}","{'Floodlight': 0, 'Flood Light': 0, 'GAS': 0, 'FIFA': 0, 'pipe': 0, 'pipes': 0, 'covid': 0, 'supply': 0, 'Beautification': 0, 'Installation': 0}",,,False,True,Immediate Measures
106631,NIT NO 03/2025-26 GROUP-02,"Construction of 30 Nos. 125mm x 40mm x 61m Deep hand operated T/W with I.M.-II Hand Pump, Platform & Drain and Construction of  Soakpit of 1.0 m dia & 2.0 m deep with dry brick honey comb shaft with bricks of class designation 100B etc in  summer and heat situation and in place of water table depletion  for the year 2025-26 under P.H. Division, Madhubani in district Madhubani.","Construction of 30 Nos. 125mm x 40mm x 61m Deep hand operated T/W with I.M.-II Hand Pump, Platform & Drain and Construction of  Soakpit of 1.0 m dia & 2.0 m deep with dry brick honey comb shaft with bricks of class designation 100B etc in  summer and heat situation and in place of water table depletion  for the year 2025-26 under P.H. Division, Madhubani in district Madhubani.",2124150.0,INR,INR,2025-07-28 04:00:22+00:00,2025-07-28T03:52:09.164000+00:00,2025-08-03T09:31:00+00:00,Ali Haider,Executive Engineer,"P.H.Division, Begusarai","Ratanpur Chatti Road, Panti Tanki Campus",RAJESH KUMAR RAUSHAN,SE,PHED JHANJHARPUR,43000.0,5000.0,590.0,True,"{'Flood': 0, 'Embankment': 0, 'embkt': 0, 'Relief': 0, 'Erosion': 0, 'SDRF': 0, 'Inundation': 0, 'Hydrology': 0, 'Silt': 0, 'Siltation': 0, 'Bund': 0, 'Trench': 0, 'Breach': 0, 'Culvert': 0, 'Sluice': 0, 'Dyke': 0, 'Storm water drain': 0, 'Emergency': 0, 'Immediate': 0, 'IM': 0, 'AE': 0, 'A E': 0, 'AAPDA MITRA': 0, 'Bridge': 0, 'River': 0, 'Drain': 2, 'Restoration': 0, 'Protection': 0, 'irr': 0, 'irrigation': 0, 'dam': 0, 'Nallah': 0, 'nala': 0, 'Retrofitting': 0, 'Pond': 0, 'Pokhari': 0, 'D/C': 0, 'Recharge shaft': 0, 'LFB': 0, 'RFB': 0}","{'Floodlight': 0, 'Flood Light': 0, 'GAS': 0, 'FIFA': 0, 'pipe': 0, 'pipes': 0, 'covid': 0, 'supply': 0, 'Beautification': 0, 'Installation': 0}",,,False,True,Immediate Measures
106626,NIT NO 03/2025-26 GROUP-01,"Construction of 30 Nos. 125mm x 40mm x 61m Deep hand operated T/W with I.M.-II Hand Pump, Platform & Drain and Construction of  Soakpit of 1.0 m dia & 2.0 m deep with dry brick honey comb shaft with bricks of class designation 100B etc in  summer and heat situation and in place of water table depletion  for the year 2025-26 under P.H. Division, Madhubani in district Madhubani.","Construction of 30 Nos. 125mm x 40mm x 61m Deep hand operated T/W with I.M.-II Hand Pump, Platform & Drain and Construction of  Soakpit of 1.0 m dia & 2.0 m deep with dry brick honey comb shaft with bricks of class designation 100B etc in  summer and heat situation and in place of water table depletion  for the year 2025-26 under P.H. Division, Madhubani in district Madhubani.",2124150.0,INR,INR,2025-07-28 03:51:23+00:00,2025-07-27T17:06:18.724000+00:00,2025-08-03T09:31:00+00:00,Ali Haider,Executive Engineer,"P.H.Division, Begusarai","Ratanpur Chatti Road, Panti Tanki Campus",RAJESH KUMAR RAUSHAN,SE,PHED JHANJHARPUR,43000.0,5000.0,590.0,True,"{'Flood': 0, 'Embankment': 0, 'embkt': 0, 'Relief': 0, 'Erosion': 0, 'SDRF': 0, 'Inundation': 0, 'Hydrology': 0, 'Silt': 0, 'Siltation': 0, 'Bund': 0, 'Trench': 0, 'Breach': 0, 'Culvert': 0, 'Sluice': 0, 'Dyke': 0, 'Storm water drain': 0, 'Emergency': 0, 'Immediate': 0, 'IM': 0, 'AE': 0, 'A E': 0, 'AAPDA MITRA': 0, 'Bridge': 0, 'River': 0, 'Drain': 2, 'Restoration': 0, 'Protection': 0, 'irr': 0, 'irrigation': 0, 'dam': 0, 'Nallah': 0, 'nala': 0, 'Retrofitting': 0, 'Pond': 0, 'Pokhari': 0, 'D/C': 0, 'Recharge shaft': 0, 'LFB': 0, 'RFB': 0}","{'Floodlight': 0, 'Flood Light': 0, 'GAS': 0, 'FIFA': 0, 'pipe': 0, 'pipes': 0, 'covid': 0, 'supply': 0, 'Beautification': 0, 'Installation': 0}",,,False,True,Immediate Measures
106632,NIT NO 03/2025-26 GROUP-03,"Construction of 30 Nos. 125mm x 40mm x 61m Deep hand operated T/W with I.M.-II Hand Pump, Platform & Drain and Construction of  Soakpit of 1.0 m dia & 2.0 m deep with dry brick honey comb shaft with bricks of class designation 100B etc in  summer and heat situation and in place of water table depletion  for the year 2025-26 under P.H. Division, Madhubani in district Madhubani.","Construction of 30 Nos. 125mm x 40mm x 61m Deep hand operated T/W with I.M.-II Hand Pump, Platform & Drain and Construction of  Soakpit of 1.0 m dia & 2.0 m deep with dry brick honey comb shaft with bricks of class designation 100B etc in  summer and heat situation and in place of water table depletion  for the year 2025-26 under P.H. Division, Madhubani in district Madhubani.",2124150.0,INR,INR,2025-07-28 04:07:14+00:00,2025-07-28T03:52:25.499000+00:00,2025-08-03T09:31:00+00:00,Ali Haider,Executive Engineer,"P.H.Division, Begusarai","Ratanpur Chatti Road, Panti Tanki Campus",RAJESH KUMAR RAUSHAN,SE,PHED JHANJHARPUR,43000.0,5000.0,590.0,True,"{'Flood': 0, 'Embankment': 0, 'embkt': 0, 'Relief': 0, 'Erosion': 0, 'SDRF': 0, 'Inundation': 0, 'Hydrology': 0, 'Silt': 0, 'Siltation': 0, 'Bund': 0, 'Trench': 0, 'Breach': 0, 'Culvert': 0, 'Sluice': 0, 'Dyke': 0, 'Storm water drain': 0, 'Emergency': 0, 'Immediate': 0, 'IM': 0, 'AE': 0, 'A E': 0, 'AAPDA MITRA': 0, 'Bridge': 0, 'River': 0, 'Drain': 2, 'Restoration': 0, 'Protection': 0, 'irr': 0, 'irrigation': 0, 'dam': 0, 'Nallah': 0, 'nala': 0, 'Retrofitting': 0, 'Pond': 0, 'Pokhari': 0, 'D/C': 0, 'Recharge shaft': 0, 'LFB': 0, 'RFB': 0}","{'Floodlight': 0, 'Flood Light': 0, 'GAS': 0, 'FIFA': 0, 'pipe': 0, 'pipes': 0, 'covid': 0, 'supply': 0, 'Beautification': 0, 'Installation': 0}",,,False,True,Immediate Measures
106635,NIT/808/Gr03,Construction of High Level RCC Bridge (5x21.00) of Jamalpur G.N. Bund to Jhowa-Bahiyar-Harinmar-Athrahiya-Gogri Bund Road (Chainage : 3100-3300) in the district of Khagaria,Construction of High Level RCC Bridge (5x21.00) of Jamalpur G.N. Bund to Jhowa-Bahiyar-Harinmar-Athrahiya-Gogri Bund Road (Chainage : 3100-3300) in the district of Khagaria,123052000.0,INR,INR,2025-07-28 05:08:22+00:00,2025-07-28T04:40:02.314000+00:00,2025-09-26T10:59:56+00:00,Munindra Thakur,SENIOR PROJECT ENGINEER,BIHAR RAJYA PUL NIRMAN NIGAM LTD.,KHAGARIA,Munindra Thakur,SENIOR PROJECT ENGINEER,BIHAR RAJYA PUL NIRMAN NIGAM LTD.,2230000.0,10000.0,5900.0,True,"{'Flood': 0, 'Embankment': 0, 'embkt': 0, 'Relief': 0, 'Erosion': 0, 'SDRF': 0, 'Inundation': 0, 'Hydrology': 0, 'Silt': 0, 'Siltation': 0, 'Bund': 4, 'Trench': 0, 'Breach': 0, 'Culvert': 0, 'Sluice': 0, 'Dyke': 0, 'Storm water drain': 0, 'Emergency': 0, 'Immediate': 0, 'IM': 0, 'AE': 0, 'A E': 0, 'AAPDA MITRA': 0, 'Bridge': 2, 'River': 0, 'Drain': 0, 'Restoration': 0, 'Protection': 0, 'irr': 0, 'irrigation': 0, 'dam': 0, 'Nallah': 0, 'nala': 0, 'Retrofitting': 0, 'Pond': 0, 'Pokhari': 0, 'D/C': 0, 'Recharge shaft': 0, 'LFB': 0, 'RFB': 0}","{'Floodlight': 0, 'Flood Light': 0, 'GAS': 0, 'FIFA': 0, 'pipe': 0, 'pipes': 0, 'covid': 0, 'supply': 0, 'Beautification': 0, 'Installation': 0}",,,False,True,Immediate Measures
106628,NIT NO-06/PHED/SITAMARHI/2025-26 (GRPUP 2),Sinking of new 125mm X 40mm dia X 61mtr deep hand operated T/well with India Mark II Hand Pump with Platform and drain and also with 1.0 m dia X 2.0 m size soakpit in water scarce habitation in different blocks of Sitamarhi for the year 2025-26,Sinking of new 125mm X 40mm dia X 61mtr deep hand operated T/well with India Mark II Hand Pump with Platform and drain and also with 1.0 m dia X 2.0 m size soakpit in water scarce habitation in different blocks of Sitamarhi for the year 2025-26,3087810.0,INR,INR,2025-07-28 03:35:49+00:00,2025-07-28T03:31:48.613000+00:00,2025-08-05T06:47:19+00:00,Arun Prakash,EXECUTIVE ENGINEER,"EXECUTIVE ENGINEER, SITAMARHI DIVISION",DUMRA SITAMARHI,MANOJ KUMAR,SE,PHE GAYA CIRCLE GAYA,62000.0,5000.0,590.0,True,"{'Flood': 0, 'Embankment': 0, 'embkt': 0, 'Relief': 0, 'Erosion': 0, 'SDRF': 0, 'Inundation': 0, 'Hydrology': 0, 'Silt': 0, 'Siltation': 0, 'Bund': 0, 'Trench': 0, 'Breach': 0, 'Culvert': 0, 'Sluice': 0, 'Dyke': 0, 'Storm water drain': 0, 'Emergency': 0, 'Immediate': 0, 'IM': 0, 'AE': 0, 'A E': 0, 'AAPDA MITRA': 0, 'Bridge': 0, 'River': 0, 'Drain': 2, 'Restoration': 0, 'Protection': 0, 'irr': 0, 'irrigation': 0, 'dam': 0, 'Nallah': 0, 'nala': 0, 'Retrofitting': 0, 'Pond': 0, 'Pokhari': 0, 'D/C': 0, 'Recharge shaft': 0, 'LFB': 0, 'RFB': 0}","{'Floodlight': 0, 'Flood Light': 0, 'GAS': 0, 'FIFA': 0, 'pipe': 0, 'pipes': 0, 'covid': 0, 'supply': 0, 'Beautification': 0, 'Installation': 0}",,,False,True,Immediate Measures
106627,NIT NO-06/PHED/SITAMARHI/2025-26 (GRPUP 1),Sinking of new 125mm X 40mm dia X 61mtr deep hand operated T/well with India Mark II Hand Pump with Platform and drain and also with 1.0 m dia X 2.0 m size soakpit in water scarce habitation in different blocks of Sitamarhi for the year 2025-26,Sinking of new 125mm X 40mm dia X 61mtr deep hand operated T/well with India Mark II Hand Pump with Platform and drain and also with 1.0 m dia X 2.0 m size soakpit in water scarce habitation in different blocks of Sitamarhi for the year 2025-26,3087810.0,INR,INR,2025-07-28 03:31:20+00:00,2025-07-28T03:04:05.935000+00:00,2025-08-05T06:53:51+00:00,Arun Prakash,EXECUTIVE ENGINEER,"EXECUTIVE ENGINEER, SITAMARHI DIVISION",DUMRA SITAMARHI,MANOJ KUMAR,SE,PHE GAYA CIRCLE GAYA,62000.0,5000.0,590.0,True,"{'Flood': 0, 'Embankment': 0, 'embkt': 0, 'Relief': 0, 'Erosion': 0, 'SDRF': 0, 'Inundation': 0, 'Hydrology': 0, 'Silt': 0, 'Siltation': 0, 'Bund': 0, 'Trench': 0, 'Breach': 0, 'Culvert': 0, 'Sluice': 0, 'Dyke': 0, 'Storm water drain': 0, 'Emergency': 0, 'Immediate': 0, 'IM': 0, 'AE': 0, 'A E': 0, 'AAPDA MITRA': 0, 'Bridge': 0, 'River': 0, 'Drain': 2, 'Restoration': 0, 'Protection': 0, 'irr': 0, 'irrigation': 0, 'dam': 0, 'Nallah': 0, 'nala': 0, 'Retrofitting': 0, 'Pond': 0, 'Pokhari': 0, 'D/C': 0, 'Recharge shaft': 0, 'LFB': 0, 'RFB': 0}","{'Floodlight': 0, 'Flood Light': 0, 'GAS': 0, 'FIFA': 0, 'pipe': 0, 'pipes': 0, 'covid': 0, 'supply': 0, 'Beautification': 0, 'Installation': 0}",,,False,True,Immediate Measures
106662,NIT No 9/2025-26,"Construction work of drain-street, slab PCC from the house of Zakir Pehlwan to the house of Sipahi and Islam Rain Mainuddin Siyaram Taton, Sadruddin Ansari to Soni Rain under Nagar Panchayat Kochas Ward No. 04 of Nagar Panchayat, Kochas","Construction work of drain-street, slab PCC from the house of Zakir Pehlwan to the house of Sipahi and Islam Rain Mainuddin Siyaram Taton, Sadruddin Ansari to Soni Rain under Nagar Panchayat Kochas Ward No. 04 of Nagar Panchayat, Kochas",9754625.0,INR,INR,2025-07-28 10:05:46+00:00,2025-07-28T09:56:19.297000+00:00,2025-12-12T06:44:32+00:00,KAMESHWAR PRASAD,Project Director,Bihar Urban Infrastructure Development Corporation Ltd.,Samastipur,KAMESHWAR PRASAD,Project Director,Bihar Urban Infrastructure Development Corporation Ltd.,195092.0,17700.0,3540.0,True,"{'Flood': 0, 'Embankment': 0, 'embkt': 0, 'Relief': 0, 'Erosion': 0, 'SDRF': 0, 'Inundation': 0, 'Hydrology': 0, 'Silt': 0, 'Siltation': 0, 'Bund': 0, 'Trench': 0, 'Breach': 0, 'Culvert': 0, 'Sluice': 0, 'Dyke': 0, 'Storm water drain': 0, 'Emergency': 0, 'Immediate': 0, 'IM': 0, 'AE': 0, 'A E': 0, 'AAPDA MITRA': 0, 'Bridge': 0, 'River': 0, 'Drain': 2, 'Restoration': 0, 'Protection': 0, 'irr': 0, 'irrigation': 0, 'dam': 0, 'Nallah': 0, 'nala': 0, 'Retrofitting': 0, 'Pond': 0, 'Pokhari': 0, 'D/C': 0, 'Recharge shaft': 0, 'LFB': 0, 'RFB': 0}","{'Floodlight': 0, 'Flood Light': 0, 'GAS': 0, 'FIFA': 0, 'pipe': 0, 'pipes': 0, 'covid': 0, 'supply': 0, 'Beautification': 0, 'Installation': 0}",,,False,True,Others
106660,NIT 04/2025-26(R-1),"Construction of 53 Nos. 125mm x 40mm x 61m Deep hand operated T/W with I.M.-II Hand Pump, Platform & Drain and Construction of  Soakpit of 1.0 m dia & 2.0 m deep with dry brick honey comb shaft with bricks of class designation 100B etc in  summer and heat situation and in place of water table depletion  for the year 2025-26 under P.H. Division, Jhanjharpur in district Madhubani.","Construction of 53 Nos. 125mm x 40mm x 61m Deep hand operated T/W with I.M.-II Hand Pump, Platform & Drain and Construction of  Soakpit of 1.0 m dia & 2.0 m deep with dry brick honey comb shaft with bricks of class designation 100B etc in  summer and heat situation and in place of water table depletion  for the year 2025-26 under P.H. Division, Jhanjharpur in district Madhubani.",3752700.0,INR,INR,2025-07-28 10:44:03+00:00,2025-07-28T09:25:14.587000+00:00,2025-08-03T09:31:00+00:00,KAMESHWAR PRASAD NIRALA,EE,PHED JHANJHARPUR,JHANJHARPUR,RAJESH KUMAR RAUSHAN,SE,PHED JHANJHARPUR,75500.0,5000.0,590.0,True,"{'Flood': 0, 'Embankment': 0, 'embkt': 0, 'Relief': 0, 'Erosion': 0, 'SDRF': 0, 'Inundation': 0, 'Hydrology': 0, 'Silt': 0, 'Siltation': 0, 'Bund': 0, 'Trench': 0, 'Breach': 0, 'Culvert': 0, 'Sluice': 0, 'Dyke': 0, 'Storm water drain': 0, 'Emergency': 0, 'Immediate': 0, 'IM': 0, 'AE': 0, 'A E': 0, 'AAPDA MITRA': 0, 'Bridge': 0, 'River': 0, 'Drain': 2, 'Restoration': 0, 'Protection': 0, 'irr': 0, 'irrigation': 0, 'dam': 0, 'Nallah': 0, 'nala': 0, 'Retrofitting': 0, 'Pond': 0, 'Pokhari': 0, 'D/C': 0, 'Recharge shaft': 0, 'LFB': 0, 'RFB': 0}","{'Floodlight': 0, 'Flood Light': 0, 'GAS': 0, 'FIFA': 0, 'pipe': 0, 'pipes': 0, 'covid': 0, 'supply': 0, 'Beautification': 0, 'Installation': 0}",,,False,True,Others
106664,NIT 05/2025-26 Group-1,"Construction of 30 Nos. 125mm x 40mm x 61m Deep hand operated T/W with I.M.-II Hand Pump, Platform & Drain and Construction of  Soakpit of 1.0 m dia & 2.0 m deep with dry brick honey comb shaft with bricks of class designation 100B etc in  summer and heat situation and in place of water table depletion  for the year 2025-26 under P.H. Division, Jhanjharpur in district Madhubani.","Construction of 30 Nos. 125mm x 40mm x 61m Deep hand operated T/W with I.M.-II Hand Pump, Platform & Drain and Construction of  Soakpit of 1.0 m dia & 2.0 m deep with dry brick honey comb shaft with bricks of class designation 100B etc in  summer and heat situation and in place of water table depletion  for the year 2025-26 under P.H. Division, Jhanjharpur in district Madhubani.",2124200.0,INR,INR,2025-07-28 11:10:38+00:00,2025-07-28T10:08:33.055000+00:00,2025-08-14T06:28:01+00:00,KAMESHWAR PRASAD NIRALA,EE,PHED JHANJHARPUR,JHANJHARPUR,RAJESH KUMAR RAUSHAN,SE,PHED JHANJHARPUR,43000.0,5000.0,590.0,True,"{'Flood': 0, 'Embankment': 0, 'embkt': 0, 'Relief': 0, 'Erosion': 0, 'SDRF': 0, 'Inundation': 0, 'Hydrology': 0, 'Silt': 0, 'Siltation': 0, 'Bund': 0, 'Trench': 0, 'Breach': 0, 'Culvert': 0, 'Sluice': 0, 'Dyke': 0, 'Storm water drain': 0, 'Emergency': 0, 'Immediate': 0, 'IM': 0, 'AE': 0, 'A E': 0, 'AAPDA MITRA': 0, 'Bridge': 0, 'River': 0, 'Drain': 2, 'Restoration': 0, 'Protection': 0, 'irr': 0, 'irrigation': 0, 'dam': 0, 'Nallah': 0, 'nala': 0, 'Retrofitting': 0, 'Pond': 0, 'Pokhari': 0, 'D/C': 0, 'Recharge shaft': 0, 'LFB': 0, 'RFB': 0}","{'Floodlight': 0, 'Flood Light': 0, 'GAS': 0, 'FIFA': 0, 'pipe': 0, 'pipes': 0, 'covid': 0, 'supply': 0, 'Beautification': 0, 'Installation': 0}",,,False,True,Immediate Measures
106671,NIT 05/2025-26 Group-2,"Construction of 30 Nos. 125mm x 40mm x 61m Deep hand operated T/W with I.M.-II Hand Pump, Platform & Drain and Construction of  Soakpit of 1.0 m dia & 2.0 m deep with dry brick honey comb shaft with bricks of class designation 100B etc in  summer and heat situation and in place of water table depletion  for the year 2025-26 under P.H. Division, Jhanjharpur in district Madhubani.","Construction of 30 Nos. 125mm x 40mm x 61m Deep hand operated T/W with I.M.-II Hand Pump, Platform & Drain and Construction of  Soakpit of 1.0 m dia & 2.0 m deep with dry brick honey comb shaft with bricks of class designation 100B etc in  summer and heat situation and in place of water table depletion  for the year 2025-26 under P.H. Division, Jhanjharpur in district Madhubani.",2124200.0,INR,INR,2025-07-28 11:07:48+00:00,2025-07-28T10:45:12.718000+00:00,2025-08-14T06:31:33+00:00,KAMESHWAR PRASAD NIRALA,EE,PHED JHANJHARPUR,JHANJHARPUR,RAJESH KUMAR RAUSHAN,SE,PHED JHANJHARPUR,43000.0,5000.0,590.0,True,"{'Flood': 0, 'Embankment': 0, 'embkt': 0, 'Relief': 0, 'Erosion': 0, 'SDRF': 0, 'Inundation': 0, 'Hydrology': 0, 'Silt': 0, 'Siltation': 0, 'Bund': 0, 'Trench': 0, 'Breach': 0, 'Culvert': 0, 'Sluice': 0, 'Dyke': 0, 'Storm water drain': 0, 'Emergency': 0, 'Immediate': 0, 'IM': 0, 'AE': 0, 'A E': 0, 'AAPDA MITRA': 0, 'Bridge': 0, 'River': 0, 'Drain': 2, 'Restoration': 0, 'Protection': 0, 'irr': 0, 'irrigation': 0, 'dam': 0, 'Nallah': 0, 'nala': 0, 'Retrofitting': 0, 'Pond': 0, 'Pokhari': 0, 'D/C': 0, 'Recharge shaft': 0, 'LFB': 0, 'RFB': 0}","{'Floodlight': 0, 'Flood Light': 0, 'GAS': 0, 'FIFA': 0, 'pipe': 0, 'pipes': 0, 'covid': 0, 'supply': 0, 'Beautification': 0, 'Installation': 0}",,,False,True,Immediate Measures
106672,NIT 20/BCD/SITAMARHI/2025-26 GR 1,"CONSTRUCTION OF PANCHAYAT SARKAR BHAWAN (NON-FLOOD AREA G +2 ) AT PARIHAR  BLOCK 04 NOS PANCHAYAT   (BABURWAN, KOYRIYA PIPRA , MANIKPUR MUSHARNIYA , BATHUARA) DISTRICT SITAMARHI FOR THE YEAR - 2025-26","CONSTRUCTION OF PANCHAYAT SARKAR BHAWAN (NON-FLOOD AREA G +2 ) AT PARIHAR  BLOCK 04 NOS PANCHAYAT   (BABURWAN, KOYRIYA PIPRA , MANIKPUR MUSHARNIYA , BATHUARA) DISTRICT SITAMARHI FOR THE YEAR - 2025-26",105459002.0,INR,INR,2025-07-28 10:53:32+00:00,2025-07-28T10:48:44.011000+00:00,2025-08-21T04:33:20+00:00,"Executive Engineer, BUILDING DIVISION SITAMARHI",EE,Building  Division Sitamarhi,"EE, Building  Division Sitamarhi , BUILDING CONSTRUCTION DEPARTMENT,  Sitamarhi , Bihar","Superintending Engineer, Building Circle Muzaffarpur",SE,Building Circle Muzaffarpur,2055000.0,10000.0,5900.0,True,"{'Flood': 2, 'Embankment': 0, 'embkt': 0, 'Relief': 0, 'Erosion': 0, 'SDRF': 0, 'Inundation': 0, 'Hydrology': 0, 'Silt': 0, 'Siltation': 0, 'Bund': 0, 'Trench': 0, 'Breach': 0, 'Culvert': 0, 'Sluice': 0, 'Dyke': 0, 'Storm water drain': 0, 'Emergency': 0, 'Immediate': 0, 'IM': 0, 'AE': 0, 'A E': 0, 'AAPDA MITRA': 0, 'Bridge': 0, 'River': 0, 'Drain': 0, 'Restoration': 0, 'Protection': 0, 'irr': 0, 'irrigation': 0, 'dam': 0, 'Nallah': 0, 'nala': 0, 'Retrofitting': 0, 'Pond': 0, 'Pokhari': 0, 'D/C': 0, 'Recharge shaft': 0, 'LFB': 0, 'RFB': 0}","{'Floodlight': 0, 'Flood Light': 0, 'GAS': 0, 'FIFA': 0, 'pipe': 0, 'pipes': 0, 'covid': 0, 'supply': 0, 'Beautification': 0, 'Installation': 0}",,,False,False,Immediate Measures
106673,NIT 05/2025-26 Group-3,"Construction of 30 Nos. 125mm x 40mm x 61m Deep hand operated T/W with I.M.-II Hand Pump, Platform & Drain and Construction of  Soakpit of 1.0 m dia & 2.0 m deep with dry brick honey comb shaft with bricks of class designation 100B etc in  summer and heat situation and in place of water table depletion  for the year 2025-26 under P.H. Division, Jhanjharpur in district Madhubani.","Construction of 30 Nos. 125mm x 40mm x 61m Deep hand operated T/W with I.M.-II Hand Pump, Platform & Drain and Construction of  Soakpit of 1.0 m dia & 2.0 m deep with dry brick honey comb shaft with bricks of class designation 100B etc in  summer and heat situation and in place of water table depletion  for the year 2025-26 under P.H. Division, Jhanjharpur in district Madhubani.",2124200.0,INR,INR,2025-07-28 11:05:08+00:00,2025-07-28T10:55:55.394000+00:00,2025-08-14T06:35:05+00:00,KAMESHWAR PRASAD NIRALA,EE,PHED JHANJHARPUR,JHANJHARPUR,RAJESH KUMAR RAUSHAN,SE,PHED JHANJHARPUR,43000.0,5000.0,590.0,True,"{'Flood': 0, 'Embankment': 0, 'embkt': 0, 'Relief': 0, 'Erosion': 0, 'SDRF': 0, 'Inundation': 0, 'Hydrology': 0, 'Silt': 0, 'Siltation': 0, 'Bund': 0, 'Trench': 0, 'Breach': 0, 'Culvert': 0, 'Sluice': 0, 'Dyke': 0, 'Storm water drain': 0, 'Emergency': 0, 'Immediate': 0, 'IM': 0, 'AE': 0, 'A E': 0, 'AAPDA MITRA': 0, 'Bridge': 0, 'River': 0, 'Drain': 2, 'Restoration': 0, 'Protection': 0, 'irr': 0, 'irrigation': 0, 'dam': 0, 'Nallah': 0, 'nala': 0, 'Retrofitting': 0, 'Pond': 0, 'Pokhari': 0, 'D/C': 0, 'Recharge shaft': 0, 'LFB': 0, 'RFB': 0}","{'Floodlight': 0, 'Flood Light': 0, 'GAS': 0, 'FIFA': 0, 'pipe': 0, 'pipes': 0, 'covid': 0, 'supply': 0, 'Beautification': 0, 'Installation': 0}",,,False,True,Immediate Measures
106678,NIT No- 05 (G-13,"Construction of PCC road and drain from Indu Sharma's house to Ajay Rai ji (Dharamshala well) in ward no. 72, Didarganj Mahavir Ghat","Construction of PCC road and drain from Indu Sharma's house to Ajay Rai ji (Dharamshala well) in ward no. 72, Didarganj Mahavir Ghat",5467102.0,INR,INR,2025-07-28 11:51:02+00:00,2025-07-28T11:44:53.211000+00:00,2025-08-11T14:38:52+00:00,SATYENDRA PRASAD,Project Director,Bihar Urban Infrastructure Development Corporation Limited,Azimabad Anchal Buidco,SATYENDRA PRASAD,Project Director,Bihar Urban Infrastructure Development Corporation Limited,109400.0,17700.0,590.0,True,"{'Flood': 0, 'Embankment': 0, 'embkt': 0, 'Relief': 0, 'Erosion': 0, 'SDRF': 0, 'Inundation': 0, 'Hydrology': 0, 'Silt': 0, 'Siltation': 0, 'Bund': 0, 'Trench': 0, 'Breach': 0, 'Culvert': 0, 'Sluice': 0, 'Dyke': 0, 'Storm water drain': 0, 'Emergency': 0, 'Immediate': 0, 'IM': 0, 'AE': 0, 'A E': 0, 'AAPDA MITRA': 0, 'Bridge': 0, 'River': 0, 'Drain': 2, 'Restoration': 0, 'Protection': 0, 'irr': 0, 'irrigation': 0, 'dam': 0, 'Nallah': 0, 'nala': 0, 'Retrofitting': 0, 'Pond': 0, 'Pokhari': 0, 'D/C': 0, 'Recharge shaft': 0, 'LFB': 0, 'RFB': 0}","{'Floodlight': 0, 'Flood Light': 0, 'GAS': 0, 'FIFA': 0, 'pipe': 0, 'pipes': 0, 'covid': 0, 'supply': 0, 'Beautification': 0, 'Installation': 0}",,,False,True,Others
106684,NIT No. 06/2025-26 (Group-01),"Construction of drain from north of Railway line Chhanp Dhala to Mazharul Haque colony at Nagar Parishad, Siwan","Construction of drain from north of Railway line Chhanp Dhala to Mazharul Haque colony at Nagar Parishad, Siwan",16130897.0,INR,INR,2025-07-28 17:21:40+00:00,2025-07-28T17:05:07.077000+00:00,2025-09-25T11:14:33+00:00,Anand Mohan Singh,PROJECT DIRECTOR,Bihar Urban Infrastructure Development Corporation Ltd.,Saran,Anand Mohan Singh,PROJECT DIRECTOR,Bihar Urban Infrastructure Development Corporation Ltd.,323000.0,17700.0,3540.0,True,"{'Flood': 0, 'Embankment': 0, 'embkt': 0, 'Relief': 0, 'Erosion': 0, 'SDRF': 0, 'Inundation': 0, 'Hydrology': 0, 'Silt': 0, 'Siltation': 0, 'Bund': 0, 'Trench': 0, 'Breach': 0, 'Culvert': 0, 'Sluice': 0, 'Dyke': 0, 'Storm water drain': 0, 'Emergency': 0, 'Immediate': 0, 'IM': 0, 'AE': 0, 'A E': 0, 'AAPDA MITRA': 0, 'Bridge': 0, 'River': 0, 'Drain': 2, 'Restoration': 0, 'Protection': 0, 'irr': 0, 'irrigation': 0, 'dam': 0, 'Nallah': 0, 'nala': 0, 'Retrofitting': 0, 'Pond': 0, 'Pokhari': 0, 'D/C': 0, 'Recharge shaft': 0, 'LFB': 0, 'RFB': 0}","{'Floodlight': 0, 'Flood Light': 0, 'GAS': 0, 'FIFA': 0, 'pipe': 0, 'pipes': 0, 'covid': 0, 'supply': 0, 'Beautification': 0, 'Installation': 0}",,,False,True,Immediate Measures
106683,BRPNNL/DBG/NIT-1084,"Construction & Re-setting/Re-arrainging of new Pontoon bridge & Resetting of 65 Pontoon sets, Jetty,  Approach road and maintenance for the 5 financial year i.e (F.Y 2026-27 to 2030-31) of Pontoon Bridge from the Alignment and storing the Pontoon set at safe place on the side of Ganga River embankment between Pattharghat and Hardashpur village in Samastipur district during rainy season and watching the Pontoon sets safety anchored along the River embankment during rainy season for six month as well as re-arranging the Pontoon sets when ever required due to increasing and decreasing of water level.","Construction & Re-setting/Re-arrainging of new Pontoon bridge & Resetting of 65 Pontoon sets, Jetty,  Approach road and maintenance for the 5 financial year i.e (F.Y 2026-27 to 2030-31) of Pontoon Bridge from the Alignment and storing the Pontoon set at safe place on the side of Ganga River embankment between Pattharghat and Hardashpur village in Samastipur district during rainy season and watching the Pontoon sets safety anchored along the River embankment during rainy season for six month as well as re-arranging the Pontoon sets when ever required due to increasing and decreasing of water level.",321186000.0,INR,INR,2025-07-28 17:07:17+00:00,2025-07-28T15:17:59.760000+00:00,2025-09-22T12:24:31+00:00,ALOK KUMAR,"S.P.E, DARBHANGA",BIHAR RAJYA PUL NIRMAN NIGAM LIMITED,DARBHANGA,ALOK KUMAR,"S.P.E, DARBHANGA",BIHAR RAJYA PUL NIRMAN NIGAM LIMITED,4212000.0,10000.0,5900.0,True,"{'Flood': 0, 'Embankment': 4, 'embkt': 0, 'Relief': 0, 'Erosion': 0, 'SDRF': 0, 'Inundation': 0, 'Hydrology': 0, 'Silt': 0, 'Siltation': 0, 'Bund': 0, 'Trench': 0, 'Breach': 0, 'Culvert': 0, 'Sluice': 0, 'Dyke': 0, 'Storm water drain': 0, 'Emergency': 0, 'Immediate': 0, 'IM': 0, 'AE': 0, 'A E': 0, 'AAPDA MITRA': 0, 'Bridge': 4, 'River': 4, 'Drain': 0, 'Restoration': 0, 'Protection': 0, 'irr': 0, 'irrigation': 0, 'dam': 0, 'Nallah': 0, 'nala': 0, 'Retrofitting': 0, 'Pond': 0, 'Pokhari': 0, 'D/C': 0, 'Recharge shaft': 0, 'LFB': 0, 'RFB': 0}","{'Floodlight': 0, 'Flood Light': 0, 'GAS': 0, 'FIFA': 0, 'pipe': 0, 'pipes': 0, 'covid': 0, 'supply': 0, 'Beautification': 0, 'Installation': 0}",,,False,True,Others
106697,RCD/11/PATNA CITY/2025-26/02,Restoration work of Service cum haulage Road from Km 0.00 to 2.20 (Total length- 2.20 km) for the year 2025-26.,Restoration work of Service cum haulage Road from Km 0.00 to 2.20 (Total length- 2.20 km) for the year 2025-26.,47886705.0,INR,INR,2025-07-29 09:13:47+00:00,2025-07-29T07:12:35.088000+00:00,2025-12-09T07:09:06+00:00,ALOK KUMAR THAKUR,EE,ROAD DIVISION SHEIKHPURA,ROAD DIVISION SHEIKHPURA,RAJ KUMAR,CHIEF ENGINEER,Road Construction Department,957800.0,10000.0,5900.0,True,"{'Flood': 0, 'Embankment': 0, 'embkt': 0, 'Relief': 0, 'Erosion': 0, 'SDRF': 0, 'Inundation': 0, 'Hydrology': 0, 'Silt': 0, 'Siltation': 0, 'Bund': 0, 'Trench': 0, 'Breach': 0, 'Culvert': 0, 'Sluice': 0, 'Dyke': 0, 'Storm water drain': 0, 'Emergency': 0, 'Immediate': 0, 'IM': 0, 'AE': 0, 'A E': 0, 'AAPDA MITRA': 0, 'Bridge': 0, 'River': 0, 'Drain': 0, 'Restoration': 2, 'Protection': 0, 'irr': 0, 'irrigation': 0, 'dam': 0, 'Nallah': 0, 'nala': 0, 'Retrofitting': 0, 'Pond': 0, 'Pokhari': 0, 'D/C': 0, 'Recharge shaft': 0, 'LFB': 0, 'RFB': 0}","{'Floodlight': 0, 'Flood Light': 0, 'GAS': 0, 'FIFA': 0, 'pipe': 0, 'pipes': 0, 'covid': 0, 'supply': 0, 'Beautification': 0, 'Installation': 0}",,,False,True,Repair and Restoration
106700,RCD/11/PATNA CITY/2025-26/03,Restoration work of Shershah Link Road from Km 0.00 to 1.40 (Total length- 1.40 km) for the year 2025-26.,Restoration work of Shershah Link Road from Km 0.00 to 1.40 (Total length- 1.40 km) for the year 2025-26.,23348306.0,INR,INR,2025-07-29 09:29:08+00:00,2025-07-29T07:20:36.364000+00:00,2025-08-05T10:33:41+00:00,ALOK KUMAR THAKUR,EE,ROAD DIVISION SHEIKHPURA,ROAD DIVISION SHEIKHPURA,RAJ KUMAR,CHIEF ENGINEER,Road Construction Department,467000.0,10000.0,3540.0,True,"{'Flood': 0, 'Embankment': 0, 'embkt': 0, 'Relief': 0, 'Erosion': 0, 'SDRF': 0, 'Inundation': 0, 'Hydrology': 0, 'Silt': 0, 'Siltation': 0, 'Bund': 0, 'Trench': 0, 'Breach': 0, 'Culvert': 0, 'Sluice': 0, 'Dyke': 0, 'Storm water drain': 0, 'Emergency': 0, 'Immediate': 0, 'IM': 0, 'AE': 0, 'A E': 0, 'AAPDA MITRA': 0, 'Bridge': 0, 'River': 0, 'Drain': 0, 'Restoration': 2, 'Protection': 0, 'irr': 0, 'irrigation': 0, 'dam': 0, 'Nallah': 0, 'nala': 0, 'Retrofitting': 0, 'Pond': 0, 'Pokhari': 0, 'D/C': 0, 'Recharge shaft': 0, 'LFB': 0, 'RFB': 0}","{'Floodlight': 0, 'Flood Light': 0, 'GAS': 0, 'FIFA': 0, 'pipe': 0, 'pipes': 0, 'covid': 0, 'supply': 0, 'Beautification': 0, 'Installation': 0}",,,False,True,Repair and Restoration
106704,NIT/09/2025-26/01,Group no-01 Repair of dilapidated building and construction of drain and toilet in Rajendra Library situated in Ward No. 22.,Group no-01 Repair of dilapidated building and construction of drain and toilet in Rajendra Library situated in Ward No. 22.,1490000.0,INR,INR,2025-07-29 07:52:47+00:00,2025-07-29T07:31:44.502000+00:00,2025-09-09T10:06:45+00:00,DEENANATH SINGH,Executive Officer,URBAN DEVELOPMENT & HOUSING DEPARTMENT,NAGAR PARISHAD,DEENANATH SINGH,Executive Officer,URBAN DEVELOPMENT & HOUSING DEPARTMENT,30000.0,2500.0,590.0,True,"{'Flood': 0, 'Embankment': 0, 'embkt': 0, 'Relief': 0, 'Erosion': 0, 'SDRF': 0, 'Inundation': 0, 'Hydrology': 0, 'Silt': 0, 'Siltation': 0, 'Bund': 0, 'Trench': 0, 'Breach': 0, 'Culvert': 0, 'Sluice': 0, 'Dyke': 0, 'Storm water drain': 0, 'Emergency': 0, 'Immediate': 0, 'IM': 0, 'AE': 0, 'A E': 0, 'AAPDA MITRA': 0, 'Bridge': 0, 'River': 0, 'Drain': 2, 'Restoration': 0, 'Protection': 0, 'irr': 0, 'irrigation': 0, 'dam': 0, 'Nallah': 0, 'nala': 0, 'Retrofitting': 0, 'Pond': 0, 'Pokhari': 0, 'D/C': 0, 'Recharge shaft': 0, 'LFB': 0, 'RFB': 0}","{'Floodlight': 0, 'Flood Light': 0, 'GAS': 0, 'FIFA': 0, 'pipe': 0, 'pipes': 0, 'covid': 0, 'supply': 0, 'Beautification': 0, 'Installation': 0}",,,False,True,Immediate Measures
106708,NIT/09/2025-26/04,Group no-04 Construction of drain in Ward No. 31 Gaurakshini Gaushala.,Group no-04 Construction of drain in Ward No. 31 Gaurakshini Gaushala.,2105283.0,INR,INR,2025-07-29 08:13:39+00:00,2025-07-29T07:53:31.661000+00:00,2025-09-09T10:08:00+00:00,DEENANATH SINGH,Executive Officer,URBAN DEVELOPMENT & HOUSING DEPARTMENT,NAGAR PARISHAD,DEENANATH SINGH,Executive Officer,URBAN DEVELOPMENT & HOUSING DEPARTMENT,42200.0,5000.0,590.0,True,"{'Flood': 0, 'Embankment': 0, 'embkt': 0, 'Relief': 0, 'Erosion': 0, 'SDRF': 0, 'Inundation': 0, 'Hydrology': 0, 'Silt': 0, 'Siltation': 0, 'Bund': 0, 'Trench': 0, 'Breach': 0, 'Culvert': 0, 'Sluice': 0, 'Dyke': 0, 'Storm water drain': 0, 'Emergency': 0, 'Immediate': 0, 'IM': 0, 'AE': 0, 'A E': 0, 'AAPDA MITRA': 0, 'Bridge': 0, 'River': 0, 'Drain': 2, 'Restoration': 0, 'Protection': 0, 'irr': 0, 'irrigation': 0, 'dam': 0, 'Nallah': 0, 'nala': 0, 'Retrofitting': 0, 'Pond': 0, 'Pokhari': 0, 'D/C': 0, 'Recharge shaft': 0, 'LFB': 0, 'RFB': 0}","{'Floodlight': 0, 'Flood Light': 0, 'GAS': 0, 'FIFA': 0, 'pipe': 0, 'pipes': 0, 'covid': 0, 'supply': 0, 'Beautification': 0, 'Installation': 0}",,,False,True,Immediate Measures
106709,NIT/09/2025-26/05,Group no-05 Construction of drain and PCC from Harish Kumar's house to Chandan ji's house up to Dangi hostel in ward no. 26.,Group no-05 Construction of drain and PCC from Harish Kumar's house to Chandan ji's house up to Dangi hostel in ward no. 26.,2499655.0,INR,INR,2025-07-29 08:24:06+00:00,2025-07-29T07:53:47.871000+00:00,2025-09-09T10:08:16+00:00,DEENANATH SINGH,Executive Officer,URBAN DEVELOPMENT & HOUSING DEPARTMENT,NAGAR PARISHAD,DEENANATH SINGH,Executive Officer,URBAN DEVELOPMENT & HOUSING DEPARTMENT,50000.0,5000.0,590.0,True,"{'Flood': 0, 'Embankment': 0, 'embkt': 0, 'Relief': 0, 'Erosion': 0, 'SDRF': 0, 'Inundation': 0, 'Hydrology': 0, 'Silt': 0, 'Siltation': 0, 'Bund': 0, 'Trench': 0, 'Breach': 0, 'Culvert': 0, 'Sluice': 0, 'Dyke': 0, 'Storm water drain': 0, 'Emergency': 0, 'Immediate': 0, 'IM': 0, 'AE': 0, 'A E': 0, 'AAPDA MITRA': 0, 'Bridge': 0, 'River': 0, 'Drain': 2, 'Restoration': 0, 'Protection': 0, 'irr': 0, 'irrigation': 0, 'dam': 0, 'Nallah': 0, 'nala': 0, 'Retrofitting': 0, 'Pond': 0, 'Pokhari': 0, 'D/C': 0, 'Recharge shaft': 0, 'LFB': 0, 'RFB': 0}","{'Floodlight': 0, 'Flood Light': 0, 'GAS': 0, 'FIFA': 0, 'pipe': 0, 'pipes': 0, 'covid': 0, 'supply': 0, 'Beautification': 0, 'Installation': 0}",,,False,True,Immediate Measures
106670,NIT 20/BCD/SITAMARHI/2025-26 GR 2,CONSTRUCTION OF PANCHAYAT SARKAR BHAWAN (NON-FLOOD AREA G +2 ) AT DUMRA BLOCK 01 NOS PANCHAYAT (BHUPBHAIRO)  DISTRICT SITAMARHI FOR THE YEAR - 2025-26,CONSTRUCTION OF PANCHAYAT SARKAR BHAWAN (NON-FLOOD AREA G +2 ) AT DUMRA BLOCK 01 NOS PANCHAYAT (BHUPBHAIRO)  DISTRICT SITAMARHI FOR THE YEAR - 2025-26,26367454.0,INR,INR,2025-07-28 10:48:32+00:00,2025-07-28T10:41:42.767000+00:00,2025-08-21T04:33:18+00:00,"Executive Engineer, BUILDING DIVISION SITAMARHI",EE,Building  Division Sitamarhi,"EE, Building  Division Sitamarhi , BUILDING CONSTRUCTION DEPARTMENT,  Sitamarhi , Bihar","Superintending Engineer, Building Circle Muzaffarpur",SE,Building Circle Muzaffarpur,528000.0,10000.0,3540.0,True,"{'Flood': 2, 'Embankment': 0, 'embkt': 0, 'Relief': 0, 'Erosion': 0, 'SDRF': 0, 'Inundation': 0, 'Hydrology': 0, 'Silt': 0, 'Siltation': 0, 'Bund': 0, 'Trench': 0, 'Breach': 0, 'Culvert': 0, 'Sluice': 0, 'Dyke': 0, 'Storm water drain': 0, 'Emergency': 0, 'Immediate': 0, 'IM': 0, 'AE': 0, 'A E': 0, 'AAPDA MITRA': 0, 'Bridge': 0, 'River': 0, 'Drain': 0, 'Restoration': 0, 'Protection': 0, 'irr': 0, 'irrigation': 0, 'dam': 0, 'Nallah': 0, 'nala': 0, 'Retrofitting': 0, 'Pond': 0, 'Pokhari': 0, 'D/C': 0, 'Recharge shaft': 0, 'LFB': 0, 'RFB': 0}","{'Floodlight': 0, 'Flood Light': 0, 'GAS': 0, 'FIFA': 0, 'pipe': 0, 'pipes': 0, 'covid': 0, 'supply': 0, 'Beautification': 0, 'Installation': 0}",,,False,False,Immediate Measures
106707,NIT/09/2025-26/03,"Group no-03 From Gaurakshni Jaffarganj main path, from Mahendra Yadav and Ravindra Mastar Sahib, from Ramanand Babu Mastar's house passing through Piku ji's house from Topiya ji's house further Yamuna river and PCC path construction.","Group no-03 From Gaurakshni Jaffarganj main path, from Mahendra Yadav and Ravindra Mastar Sahib, from Ramanand Babu Mastar's house passing through Piku ji's house from Topiya ji's house further Yamuna river and PCC path construction.",3585670.0,INR,INR,2025-07-29 08:06:42+00:00,2025-07-29T07:53:17.973000+00:00,2025-09-09T10:07:47+00:00,DEENANATH SINGH,Executive Officer,URBAN DEVELOPMENT & HOUSING DEPARTMENT,NAGAR PARISHAD,DEENANATH SINGH,Executive Officer,URBAN DEVELOPMENT & HOUSING DEPARTMENT,72000.0,5000.0,590.0,True,"{'Flood': 0, 'Embankment': 0, 'embkt': 0, 'Relief': 0, 'Erosion': 0, 'SDRF': 0, 'Inundation': 0, 'Hydrology': 0, 'Silt': 0, 'Siltation': 0, 'Bund': 0, 'Trench': 0, 'Breach': 0, 'Culvert': 0, 'Sluice': 0, 'Dyke': 0, 'Storm water drain': 0, 'Emergency': 0, 'Immediate': 0, 'IM': 0, 'AE': 0, 'A E': 0, 'AAPDA MITRA': 0, 'Bridge': 0, 'River': 2, 'Drain': 0, 'Restoration': 0, 'Protection': 0, 'irr': 0, 'irrigation': 0, 'dam': 0, 'Nallah': 0, 'nala': 0, 'Retrofitting': 0, 'Pond': 0, 'Pokhari': 0, 'D/C': 0, 'Recharge shaft': 0, 'LFB': 0, 'RFB': 0}","{'Floodlight': 0, 'Flood Light': 0, 'GAS': 0, 'FIFA': 0, 'pipe': 0, 'pipes': 0, 'covid': 0, 'supply': 0, 'Beautification': 0, 'Installation': 0}",,,False,False,Immediate Measures
106726,MGD/Lt-1706 /25-26/ Patna Ganga 1-A,E-Auction for Settlement of Sand ghats of Patna Ganga 1-A,E-Auction for Settlement of Sand ghats of Patna Ganga 1-A,14850000.0,INR,INR,2025-07-30 09:59:36+00:00,2025-07-29T09:24:55.170000+00:00,2025-08-08T11:31:00+00:00,Mr. Kartik Kumar,MDO,Mines & Geology Department,DM OFFICE PATNA,Mr. Kartik Kumar,MDO,Mines & Geology Department,3712500.0,5000.0,3540.0,True,"{'Flood': 0, 'Embankment': 0, 'embkt': 0, 'Relief': 0, 'Erosion': 0, 'SDRF': 0, 'Inundation': 0, 'Hydrology': 0, 'Silt': 0, 'Siltation': 0, 'Bund': 0, 'Trench': 0, 'Breach': 0, 'Culvert': 0, 'Sluice': 0, 'Dyke': 0, 'Storm water drain': 0, 'Emergency': 0, 'Immediate': 0, 'IM': 0, 'AE': 0, 'A E': 2, 'AAPDA MITRA': 0, 'Bridge': 0, 'River': 0, 'Drain': 0, 'Restoration': 0, 'Protection': 0, 'irr': 0, 'irrigation': 0, 'dam': 0, 'Nallah': 0, 'nala': 0, 'Retrofitting': 0, 'Pond': 0, 'Pokhari': 0, 'D/C': 0, 'Recharge shaft': 0, 'LFB': 0, 'RFB': 0}","{'Floodlight': 0, 'Flood Light': 0, 'GAS': 0, 'FIFA': 0, 'pipe': 0, 'pipes': 0, 'covid': 0, 'supply': 0, 'Beautification': 0, 'Installation': 0}",,,False,False,Others
106729,MGD/Lt- 1706 /25-26/ Patna Ganga 5-A,E-Auction for Settlement of Sand ghats of Patna Ganga 5-A,E-Auction for Settlement of Sand ghats of Patna Ganga 5-A,16200000.0,INR,INR,2025-07-30 10:07:27+00:00,2025-07-29T09:36:31.889000+00:00,2025-08-08T11:31:00+00:00,Mr. Kartik Kumar,MDO,Mines & Geology Department,DM OFFICE PATNA,Mr. Kartik Kumar,MDO,Mines & Geology Department,4050000.0,5000.0,3540.0,True,"{'Flood': 0, 'Embankment': 0, 'embkt': 0, 'Relief': 0, 'Erosion': 0, 'SDRF': 0, 'Inundation': 0, 'Hydrology': 0, 'Silt': 0, 'Siltation': 0, 'Bund': 0, 'Trench': 0, 'Breach': 0, 'Culvert': 0, 'Sluice': 0, 'Dyke': 0, 'Storm water drain': 0, 'Emergency': 0, 'Immediate': 0, 'IM': 0, 'AE': 0, 'A E': 2, 'AAPDA MITRA': 0, 'Bridge': 0, 'River': 0, 'Drain': 0, 'Restoration': 0, 'Protection': 0, 'irr': 0, 'irrigation': 0, 'dam': 0, 'Nallah': 0, 'nala': 0, 'Retrofitting': 0, 'Pond': 0, 'Pokhari': 0, 'D/C': 0, 'Recharge shaft': 0, 'LFB': 0, 'RFB': 0}","{'Floodlight': 0, 'Flood Light': 0, 'GAS': 0, 'FIFA': 0, 'pipe': 0, 'pipes': 0, 'covid': 0, 'supply': 0, 'Beautification': 0, 'Installation': 0}",,,False,False,Others
106728,NIT-15/2025-26-NNM-GR-5,"Construction work of road, slab based drain and PCC path from the house of Shyam Pinker Ji (Lawyer Sahib) via the house of Dr. Chandrabhushan Babu to the house of Sunil Ji and up to the house of Dayashankar Ji in ward no. 19.","Construction work of road, slab based drain and PCC path from the house of Shyam Pinker Ji (Lawyer Sahib) via the house of Dr. Chandrabhushan Babu to the house of Sunil Ji and up to the house of Dayashankar Ji in ward no. 19.",2587458.0,INR,INR,2025-07-29 10:00:28+00:00,2025-07-29T09:32:56.239000+00:00,2025-08-08T11:18:28+00:00,MUNICIPAL COMMISSIONER (MOTIHARI),MCO,NAGAR NIGAM MOTIHARI,MEENA BAZAR MOTIHARI,MUNICIPAL COMMISSIONER (MOTIHARI),MCO,NAGAR NIGAM MOTIHARI,52300.0,5000.0,590.0,True,"{'Flood': 0, 'Embankment': 0, 'embkt': 0, 'Relief': 0, 'Erosion': 0, 'SDRF': 0, 'Inundation': 0, 'Hydrology': 0, 'Silt': 0, 'Siltation': 0, 'Bund': 0, 'Trench': 0, 'Breach': 0, 'Culvert': 0, 'Sluice': 0, 'Dyke': 0, 'Storm water drain': 0, 'Emergency': 0, 'Immediate': 0, 'IM': 0, 'AE': 0, 'A E': 0, 'AAPDA MITRA': 0, 'Bridge': 0, 'River': 0, 'Drain': 2, 'Restoration': 0, 'Protection': 0, 'irr': 0, 'irrigation': 0, 'dam': 0, 'Nallah': 0, 'nala': 0, 'Retrofitting': 0, 'Pond': 0, 'Pokhari': 0, 'D/C': 0, 'Recharge shaft': 0, 'LFB': 0, 'RFB': 0}","{'Floodlight': 0, 'Flood Light': 0, 'GAS': 0, 'FIFA': 0, 'pipe': 0, 'pipes': 0, 'covid': 0, 'supply': 0, 'Beautification': 0, 'Installation': 0}",,,False,True,Immediate Measures
106739,NIT-15/2025-26-NNM-GR-7,Construction work of slab drain and PCC path from the house of Akindra Rai to the main drain via the house of Manoj Swargakar in ward no.21.,Construction work of slab drain and PCC path from the house of Akindra Rai to the main drain via the house of Manoj Swargakar in ward no.21.,2543138.0,INR,INR,2025-07-29 10:07:45+00:00,2025-07-29T10:04:53.636000+00:00,2025-08-08T11:20:07+00:00,MUNICIPAL COMMISSIONER (MOTIHARI),MCO,NAGAR NIGAM MOTIHARI,MEENA BAZAR MOTIHARI,MUNICIPAL COMMISSIONER (MOTIHARI),MCO,NAGAR NIGAM MOTIHARI,51600.0,5000.0,590.0,True,"{'Flood': 0, 'Embankment': 0, 'embkt': 0, 'Relief': 0, 'Erosion': 0, 'SDRF': 0, 'Inundation': 0, 'Hydrology': 0, 'Silt': 0, 'Siltation': 0, 'Bund': 0, 'Trench': 0, 'Breach': 0, 'Culvert': 0, 'Sluice': 0, 'Dyke': 0, 'Storm water drain': 0, 'Emergency': 0, 'Immediate': 0, 'IM': 0, 'AE': 0, 'A E': 0, 'AAPDA MITRA': 0, 'Bridge': 0, 'River': 0, 'Drain': 4, 'Restoration': 0, 'Protection': 0, 'irr': 0, 'irrigation': 0, 'dam': 0, 'Nallah': 0, 'nala': 0, 'Retrofitting': 0, 'Pond': 0, 'Pokhari': 0, 'D/C': 0, 'Recharge shaft': 0, 'LFB': 0, 'RFB': 0}","{'Floodlight': 0, 'Flood Light': 0, 'GAS': 0, 'FIFA': 0, 'pipe': 0, 'pipes': 0, 'covid': 0, 'supply': 0, 'Beautification': 0, 'Installation': 0}",,,False,True,Immediate Measures
106736,NIT-15/2025-26-NNM-GR-4,Construction work of PCC road and drain from in front of Shangu Telwale's house to Vijay ji's house in ward no. 15.,Construction work of PCC road and drain from in front of Shangu Telwale's house to Vijay ji's house in ward no. 15.,2455743.0,INR,INR,2025-07-29 09:56:40+00:00,2025-07-29T09:55:27.471000+00:00,2025-08-08T11:17:40+00:00,MUNICIPAL COMMISSIONER (MOTIHARI),MCO,NAGAR NIGAM MOTIHARI,MEENA BAZAR MOTIHARI,MUNICIPAL COMMISSIONER (MOTIHARI),MCO,NAGAR NIGAM MOTIHARI,49200.0,5000.0,590.0,True,"{'Flood': 0, 'Embankment': 0, 'embkt': 0, 'Relief': 0, 'Erosion': 0, 'SDRF': 0, 'Inundation': 0, 'Hydrology': 0, 'Silt': 0, 'Siltation': 0, 'Bund': 0, 'Trench': 0, 'Breach': 0, 'Culvert': 0, 'Sluice': 0, 'Dyke': 0, 'Storm water drain': 0, 'Emergency': 0, 'Immediate': 0, 'IM': 0, 'AE': 0, 'A E': 0, 'AAPDA MITRA': 0, 'Bridge': 0, 'River': 0, 'Drain': 2, 'Restoration': 0, 'Protection': 0, 'irr': 0, 'irrigation': 0, 'dam': 0, 'Nallah': 0, 'nala': 0, 'Retrofitting': 0, 'Pond': 0, 'Pokhari': 0, 'D/C': 0, 'Recharge shaft': 0, 'LFB': 0, 'RFB': 0}","{'Floodlight': 0, 'Flood Light': 0, 'GAS': 0, 'FIFA': 0, 'pipe': 0, 'pipes': 0, 'covid': 0, 'supply': 0, 'Beautification': 0, 'Installation': 0}",,,False,True,Immediate Measures
106741,NIT-15/2025-26-NNM-GR-8,Construction work of PCC road and drain from Virendra Paan Bhandar to Shailendra Nath's house in Ward No.25.,Construction work of PCC road and drain from Virendra Paan Bhandar to Shailendra Nath's house in Ward No.25.,2105517.0,INR,INR,2025-07-29 10:10:22+00:00,2025-07-29T10:08:03.244000+00:00,2025-08-07T09:31:00+00:00,MUNICIPAL COMMISSIONER (MOTIHARI),MCO,NAGAR NIGAM MOTIHARI,MEENA BAZAR MOTIHARI,MUNICIPAL COMMISSIONER (MOTIHARI),MCO,NAGAR NIGAM MOTIHARI,42600.0,5000.0,590.0,True,"{'Flood': 0, 'Embankment': 0, 'embkt': 0, 'Relief': 0, 'Erosion': 0, 'SDRF': 0, 'Inundation': 0, 'Hydrology': 0, 'Silt': 0, 'Siltation': 0, 'Bund': 0, 'Trench': 0, 'Breach': 0, 'Culvert': 0, 'Sluice': 0, 'Dyke': 0, 'Storm water drain': 0, 'Emergency': 0, 'Immediate': 0, 'IM': 0, 'AE': 0, 'A E': 0, 'AAPDA MITRA': 0, 'Bridge': 0, 'River': 0, 'Drain': 2, 'Restoration': 0, 'Protection': 0, 'irr': 0, 'irrigation': 0, 'dam': 0, 'Nallah': 0, 'nala': 0, 'Retrofitting': 0, 'Pond': 0, 'Pokhari': 0, 'D/C': 0, 'Recharge shaft': 0, 'LFB': 0, 'RFB': 0}","{'Floodlight': 0, 'Flood Light': 0, 'GAS': 0, 'FIFA': 0, 'pipe': 0, 'pipes': 0, 'covid': 0, 'supply': 0, 'Beautification': 0, 'Installation': 0}",,,False,True,Immediate Measures
106731,NIT-15/2025-26-NNM-GR-1,Construction work of PCC path from main road to Kapileshwar Babu's pond in front of MPS School in ward no.2.,Construction work of PCC path from main road to Kapileshwar Babu's pond in front of MPS School in ward no.2.,3464466.0,INR,INR,2025-07-29 09:47:44+00:00,2025-07-29T09:45:47.004000+00:00,2025-08-08T11:13:04+00:00,MUNICIPAL COMMISSIONER (MOTIHARI),MCO,NAGAR NIGAM MOTIHARI,MEENA BAZAR MOTIHARI,MUNICIPAL COMMISSIONER (MOTIHARI),MCO,NAGAR NIGAM MOTIHARI,70100.0,5000.0,590.0,True,"{'Flood': 0, 'Embankment': 0, 'embkt': 0, 'Relief': 0, 'Erosion': 0, 'SDRF': 0, 'Inundation': 0, 'Hydrology': 0, 'Silt': 0, 'Siltation': 0, 'Bund': 0, 'Trench': 0, 'Breach': 0, 'Culvert': 0, 'Sluice': 0, 'Dyke': 0, 'Storm water drain': 0, 'Emergency': 0, 'Immediate': 0, 'IM': 0, 'AE': 0, 'A E': 0, 'AAPDA MITRA': 0, 'Bridge': 0, 'River': 0, 'Drain': 0, 'Restoration': 0, 'Protection': 0, 'irr': 0, 'irrigation': 0, 'dam': 0, 'Nallah': 0, 'nala': 0, 'Retrofitting': 0, 'Pond': 2, 'Pokhari': 0, 'D/C': 0, 'Recharge shaft': 0, 'LFB': 0, 'RFB': 0}","{'Floodlight': 0, 'Flood Light': 0, 'GAS': 0, 'FIFA': 0, 'pipe': 0, 'pipes': 0, 'covid': 0, 'supply': 0, 'Beautification': 0, 'Installation': 0}",,,False,True,Immediate Measures
106743,NIT-15/2025-26-NNM-GR-10,Construction work of slabbed drain and PCC path from Sahdev Vatika to CMS Office to Yogendra Kirana to Sharma ji's house in Ward No. 33.,Construction work of slabbed drain and PCC path from Sahdev Vatika to CMS Office to Yogendra Kirana to Sharma ji's house in Ward No. 33.,2798770.0,INR,INR,2025-07-29 10:16:24+00:00,2025-07-29T10:13:33.007000+00:00,2025-10-31T06:28:22+00:00,MUNICIPAL COMMISSIONER (MOTIHARI),MCO,NAGAR NIGAM MOTIHARI,MEENA BAZAR MOTIHARI,MUNICIPAL COMMISSIONER (MOTIHARI),MCO,NAGAR NIGAM MOTIHARI,56600.0,5000.0,590.0,True,"{'Flood': 0, 'Embankment': 0, 'embkt': 0, 'Relief': 0, 'Erosion': 0, 'SDRF': 0, 'Inundation': 0, 'Hydrology': 0, 'Silt': 0, 'Siltation': 0, 'Bund': 0, 'Trench': 0, 'Breach': 0, 'Culvert': 0, 'Sluice': 0, 'Dyke': 0, 'Storm water drain': 0, 'Emergency': 0, 'Immediate': 0, 'IM': 0, 'AE': 0, 'A E': 0, 'AAPDA MITRA': 0, 'Bridge': 0, 'River': 0, 'Drain': 2, 'Restoration': 0, 'Protection': 0, 'irr': 0, 'irrigation': 0, 'dam': 0, 'Nallah': 0, 'nala': 0, 'Retrofitting': 0, 'Pond': 0, 'Pokhari': 0, 'D/C': 0, 'Recharge shaft': 0, 'LFB': 0, 'RFB': 0}","{'Floodlight': 0, 'Flood Light': 0, 'GAS': 0, 'FIFA': 0, 'pipe': 0, 'pipes': 0, 'covid': 0, 'supply': 0, 'Beautification': 0, 'Installation': 0}",,,False,True,Immediate Measures
106747,MGD/Lt- 1706 /25-26/ Patna Ganga 6-A,E-Auction for Settlement of Sand ghats of Patna Ganga 6-A,E-Auction for Settlement of Sand ghats of Patna Ganga 6-A,20250000.0,INR,INR,2025-07-30 10:17:54+00:00,2025-07-29T10:19:46.214000+00:00,2025-08-08T11:31:00+00:00,Mr. Kartik Kumar,MDO,Mines & Geology Department,DM OFFICE PATNA,Mr. Kartik Kumar,MDO,Mines & Geology Department,5062500.0,5000.0,3540.0,True,"{'Flood': 0, 'Embankment': 0, 'embkt': 0, 'Relief': 0, 'Erosion': 0, 'SDRF': 0, 'Inundation': 0, 'Hydrology': 0, 'Silt': 0, 'Siltation': 0, 'Bund': 0, 'Trench': 0, 'Breach': 0, 'Culvert': 0, 'Sluice': 0, 'Dyke': 0, 'Storm water drain': 0, 'Emergency': 0, 'Immediate': 0, 'IM': 0, 'AE': 0, 'A E': 2, 'AAPDA MITRA': 0, 'Bridge': 0, 'River': 0, 'Drain': 0, 'Restoration': 0, 'Protection': 0, 'irr': 0, 'irrigation': 0, 'dam': 0, 'Nallah': 0, 'nala': 0, 'Retrofitting': 0, 'Pond': 0, 'Pokhari': 0, 'D/C': 0, 'Recharge shaft': 0, 'LFB': 0, 'RFB': 0}","{'Floodlight': 0, 'Flood Light': 0, 'GAS': 0, 'FIFA': 0, 'pipe': 0, 'pipes': 0, 'covid': 0, 'supply': 0, 'Beautification': 0, 'Installation': 0}",,,False,False,Others
106749,NIT-15/2025-26-NNM-GR-11,"Construction of PCC road and drain from Anant Ram to the house of Shri Satish Kumar, former Legislative Councilor in Ward No. 34 and from Babu Lal Baitha's house to the main road via Shankar Ram's house 
And the work of raising and repairing the main road from Shambhu Prasad's house via Singhasan Ram's house and the road and drain leading to Kushwaha hostel.","Construction of PCC road and drain from Anant Ram to the house of Shri Satish Kumar, former Legislative Councilor in Ward No. 34 and from Babu Lal Baitha's house to the main road via Shankar Ram's house 
And the work of raising and repairing the main road from Shambhu Prasad's house via Singhasan Ram's house and the road and drain leading to Kushwaha hostel.",3255074.0,INR,INR,2025-07-29 10:26:16+00:00,2025-07-29T10:23:58.580000+00:00,2025-08-07T09:31:00+00:00,MUNICIPAL COMMISSIONER (MOTIHARI),MCO,NAGAR NIGAM MOTIHARI,MEENA BAZAR MOTIHARI,MUNICIPAL COMMISSIONER (MOTIHARI),MCO,NAGAR NIGAM MOTIHARI,65800.0,5000.0,590.0,True,"{'Flood': 0, 'Embankment': 0, 'embkt': 0, 'Relief': 0, 'Erosion': 0, 'SDRF': 0, 'Inundation': 0, 'Hydrology': 0, 'Silt': 0, 'Siltation': 0, 'Bund': 0, 'Trench': 0, 'Breach': 0, 'Culvert': 0, 'Sluice': 0, 'Dyke': 0, 'Storm water drain': 0, 'Emergency': 0, 'Immediate': 0, 'IM': 0, 'AE': 0, 'A E': 0, 'AAPDA MITRA': 0, 'Bridge': 0, 'River': 0, 'Drain': 4, 'Restoration': 0, 'Protection': 0, 'irr': 0, 'irrigation': 0, 'dam': 0, 'Nallah': 0, 'nala': 0, 'Retrofitting': 0, 'Pond': 0, 'Pokhari': 0, 'D/C': 0, 'Recharge shaft': 0, 'LFB': 0, 'RFB': 0}","{'Floodlight': 0, 'Flood Light': 0, 'GAS': 0, 'FIFA': 0, 'pipe': 0, 'pipes': 0, 'covid': 0, 'supply': 0, 'Beautification': 0, 'Installation': 0}",,,False,True,Immediate Measures
106751,NIT-15/2025-26-NNM-GR-12,Construction work of PCC road and drain from Abdul Majid's house to Umesh Thakur's house in ward no.37.,Construction work of PCC road and drain from Abdul Majid's house to Umesh Thakur's house in ward no.37.,1799591.0,INR,INR,2025-07-29 10:28:55+00:00,2025-07-29T10:26:28.258000+00:00,2025-11-18T10:56:06+00:00,MUNICIPAL COMMISSIONER (MOTIHARI),MCO,NAGAR NIGAM MOTIHARI,MEENA BAZAR MOTIHARI,MUNICIPAL COMMISSIONER (MOTIHARI),MCO,NAGAR NIGAM MOTIHARI,36000.0,5000.0,590.0,True,"{'Flood': 0, 'Embankment': 0, 'embkt': 0, 'Relief': 0, 'Erosion': 0, 'SDRF': 0, 'Inundation': 0, 'Hydrology': 0, 'Silt': 0, 'Siltation': 0, 'Bund': 0, 'Trench': 0, 'Breach': 0, 'Culvert': 0, 'Sluice': 0, 'Dyke': 0, 'Storm water drain': 0, 'Emergency': 0, 'Immediate': 0, 'IM': 0, 'AE': 0, 'A E': 0, 'AAPDA MITRA': 0, 'Bridge': 0, 'River': 0, 'Drain': 2, 'Restoration': 0, 'Protection': 0, 'irr': 0, 'irrigation': 0, 'dam': 0, 'Nallah': 0, 'nala': 0, 'Retrofitting': 0, 'Pond': 0, 'Pokhari': 0, 'D/C': 0, 'Recharge shaft': 0, 'LFB': 0, 'RFB': 0}","{'Floodlight': 0, 'Flood Light': 0, 'GAS': 0, 'FIFA': 0, 'pipe': 0, 'pipes': 0, 'covid': 0, 'supply': 0, 'Beautification': 0, 'Installation': 0}",,,False,True,Immediate Measures
106752,NIT-15/2025-26-NNM-GR-13,Construction work of PCC road and drain in ward no. 46 from Bablu Shukla's house via Sanjay Shukla's house to Mahesh Shukla's house.,Construction work of PCC road and drain in ward no. 46 from Bablu Shukla's house via Sanjay Shukla's house to Mahesh Shukla's house.,1904913.0,INR,INR,2025-07-29 10:32:12+00:00,2025-07-29T10:29:39.583000+00:00,2025-11-18T06:53:01+00:00,MUNICIPAL COMMISSIONER (MOTIHARI),MCO,NAGAR NIGAM MOTIHARI,MEENA BAZAR MOTIHARI,MUNICIPAL COMMISSIONER (MOTIHARI),MCO,NAGAR NIGAM MOTIHARI,38200.0,5000.0,590.0,True,"{'Flood': 0, 'Embankment': 0, 'embkt': 0, 'Relief': 0, 'Erosion': 0, 'SDRF': 0, 'Inundation': 0, 'Hydrology': 0, 'Silt': 0, 'Siltation': 0, 'Bund': 0, 'Trench': 0, 'Breach': 0, 'Culvert': 0, 'Sluice': 0, 'Dyke': 0, 'Storm water drain': 0, 'Emergency': 0, 'Immediate': 0, 'IM': 0, 'AE': 0, 'A E': 0, 'AAPDA MITRA': 0, 'Bridge': 0, 'River': 0, 'Drain': 2, 'Restoration': 0, 'Protection': 0, 'irr': 0, 'irrigation': 0, 'dam': 0, 'Nallah': 0, 'nala': 0, 'Retrofitting': 0, 'Pond': 0, 'Pokhari': 0, 'D/C': 0, 'Recharge shaft': 0, 'LFB': 0, 'RFB': 0}","{'Floodlight': 0, 'Flood Light': 0, 'GAS': 0, 'FIFA': 0, 'pipe': 0, 'pipes': 0, 'covid': 0, 'supply': 0, 'Beautification': 0, 'Installation': 0}",,,False,True,Immediate Measures
106755,NIT-15/2025-26-NNM-GR-14,"Construction work of PCC road and drain from Durga Temple to the land of Baldev Chaudhary via Yogendra Prasad, Raghav Singh's house in DAV mode in Ward No.41.","Construction work of PCC road and drain from Durga Temple to the land of Baldev Chaudhary via Yogendra Prasad, Raghav Singh's house in DAV mode in Ward No.41.",2128693.0,INR,INR,2025-07-29 10:36:43+00:00,2025-07-29T10:33:45.229000+00:00,2025-11-18T07:10:02+00:00,MUNICIPAL COMMISSIONER (MOTIHARI),MCO,NAGAR NIGAM MOTIHARI,MEENA BAZAR MOTIHARI,MUNICIPAL COMMISSIONER (MOTIHARI),MCO,NAGAR NIGAM MOTIHARI,42600.0,5000.0,590.0,True,"{'Flood': 0, 'Embankment': 0, 'embkt': 0, 'Relief': 0, 'Erosion': 0, 'SDRF': 0, 'Inundation': 0, 'Hydrology': 0, 'Silt': 0, 'Siltation': 0, 'Bund': 0, 'Trench': 0, 'Breach': 0, 'Culvert': 0, 'Sluice': 0, 'Dyke': 0, 'Storm water drain': 0, 'Emergency': 0, 'Immediate': 0, 'IM': 0, 'AE': 0, 'A E': 0, 'AAPDA MITRA': 0, 'Bridge': 0, 'River': 0, 'Drain': 2, 'Restoration': 0, 'Protection': 0, 'irr': 0, 'irrigation': 0, 'dam': 0, 'Nallah': 0, 'nala': 0, 'Retrofitting': 0, 'Pond': 0, 'Pokhari': 0, 'D/C': 0, 'Recharge shaft': 0, 'LFB': 0, 'RFB': 0}","{'Floodlight': 0, 'Flood Light': 0, 'GAS': 0, 'FIFA': 0, 'pipe': 0, 'pipes': 0, 'covid': 0, 'supply': 0, 'Beautification': 0, 'Installation': 0}",,,False,True,Immediate Measures
106757,NIT-15/2025-26-NNM-GR-15,"Construction work of PCC road and drain from the house of Sandeep Gupta, next to Engineering College Road in Ward No. 41, via the house of Dr. Prof. Shyamababu Prasad to the house of Shri Shailesh Kumar.","Construction work of PCC road and drain from the house of Sandeep Gupta, next to Engineering College Road in Ward No. 41, via the house of Dr. Prof. Shyamababu Prasad to the house of Shri Shailesh Kumar.",4922584.0,INR,INR,2025-07-29 10:42:25+00:00,2025-07-29T10:40:00.721000+00:00,2025-11-18T07:21:00+00:00,MUNICIPAL COMMISSIONER (MOTIHARI),MCO,NAGAR NIGAM MOTIHARI,MEENA BAZAR MOTIHARI,MUNICIPAL COMMISSIONER (MOTIHARI),MCO,NAGAR NIGAM MOTIHARI,98500.0,5000.0,590.0,True,"{'Flood': 0, 'Embankment': 0, 'embkt': 0, 'Relief': 0, 'Erosion': 0, 'SDRF': 0, 'Inundation': 0, 'Hydrology': 0, 'Silt': 0, 'Siltation': 0, 'Bund': 0, 'Trench': 0, 'Breach': 0, 'Culvert': 0, 'Sluice': 0, 'Dyke': 0, 'Storm water drain': 0, 'Emergency': 0, 'Immediate': 0, 'IM': 0, 'AE': 0, 'A E': 0, 'AAPDA MITRA': 0, 'Bridge': 0, 'River': 0, 'Drain': 2, 'Restoration': 0, 'Protection': 0, 'irr': 0, 'irrigation': 0, 'dam': 0, 'Nallah': 0, 'nala': 0, 'Retrofitting': 0, 'Pond': 0, 'Pokhari': 0, 'D/C': 0, 'Recharge shaft': 0, 'LFB': 0, 'RFB': 0}","{'Floodlight': 0, 'Flood Light': 0, 'GAS': 0, 'FIFA': 0, 'pipe': 0, 'pipes': 0, 'covid': 0, 'supply': 0, 'Beautification': 0, 'Installation': 0}",,,False,True,Immediate Measures
106758,MGD/Lt- 1706/25-26/ Patna Ganga 7-A,E-Auction for Settlement of Sand ghats of Patna Ganga 7-A,E-Auction for Settlement of Sand ghats of Patna Ganga 7-A,21600000.0,INR,INR,2025-07-30 10:29:44+00:00,2025-07-29T10:40:17.020000+00:00,2025-08-08T11:31:00+00:00,Mr. Kartik Kumar,MDO,Mines & Geology Department,DM OFFICE PATNA,Mr. Kartik Kumar,MDO,Mines & Geology Department,5400000.0,5000.0,3540.0,True,"{'Flood': 0, 'Embankment': 0, 'embkt': 0, 'Relief': 0, 'Erosion': 0, 'SDRF': 0, 'Inundation': 0, 'Hydrology': 0, 'Silt': 0, 'Siltation': 0, 'Bund': 0, 'Trench': 0, 'Breach': 0, 'Culvert': 0, 'Sluice': 0, 'Dyke': 0, 'Storm water drain': 0, 'Emergency': 0, 'Immediate': 0, 'IM': 0, 'AE': 0, 'A E': 2, 'AAPDA MITRA': 0, 'Bridge': 0, 'River': 0, 'Drain': 0, 'Restoration': 0, 'Protection': 0, 'irr': 0, 'irrigation': 0, 'dam': 0, 'Nallah': 0, 'nala': 0, 'Retrofitting': 0, 'Pond': 0, 'Pokhari': 0, 'D/C': 0, 'Recharge shaft': 0, 'LFB': 0, 'RFB': 0}","{'Floodlight': 0, 'Flood Light': 0, 'GAS': 0, 'FIFA': 0, 'pipe': 0, 'pipes': 0, 'covid': 0, 'supply': 0, 'Beautification': 0, 'Installation': 0}",,,False,False,Others
106762,NIT-15/2025-26-NNM-GR-17,"Construction work of drain and road in ward no. 9, Shivpuri from the house of Shri Devendra Singh via the houses of Shri Sharda Babu and Dr. Ranjana Sharma to the house of Dr. Anurag Amar.","Construction work of drain and road in ward no. 9, Shivpuri from the house of Shri Devendra Singh via the houses of Shri Sharda Babu and Dr. Ranjana Sharma to the house of Dr. Anurag Amar.",4386388.0,INR,INR,2025-07-29 10:47:50+00:00,2025-07-29T10:44:55.572000+00:00,2025-10-30T06:23:42+00:00,MUNICIPAL COMMISSIONER (MOTIHARI),MCO,NAGAR NIGAM MOTIHARI,MEENA BAZAR MOTIHARI,MUNICIPAL COMMISSIONER (MOTIHARI),MCO,NAGAR NIGAM MOTIHARI,87800.0,5000.0,590.0,True,"{'Flood': 0, 'Embankment': 0, 'embkt': 0, 'Relief': 0, 'Erosion': 0, 'SDRF': 0, 'Inundation': 0, 'Hydrology': 0, 'Silt': 0, 'Siltation': 0, 'Bund': 0, 'Trench': 0, 'Breach': 0, 'Culvert': 0, 'Sluice': 0, 'Dyke': 0, 'Storm water drain': 0, 'Emergency': 0, 'Immediate': 0, 'IM': 0, 'AE': 0, 'A E': 0, 'AAPDA MITRA': 0, 'Bridge': 0, 'River': 0, 'Drain': 2, 'Restoration': 0, 'Protection': 0, 'irr': 0, 'irrigation': 0, 'dam': 0, 'Nallah': 0, 'nala': 0, 'Retrofitting': 0, 'Pond': 0, 'Pokhari': 0, 'D/C': 0, 'Recharge shaft': 0, 'LFB': 0, 'RFB': 0}","{'Floodlight': 0, 'Flood Light': 0, 'GAS': 0, 'FIFA': 0, 'pipe': 0, 'pipes': 0, 'covid': 0, 'supply': 0, 'Beautification': 0, 'Installation': 0}",,,False,True,Immediate Measures
106760,NIT-15/2025-26-NNM-GR-16,PCC road and drain construction work from Vivekananda Park to Kachhari main road in ward no.40.,PCC road and drain construction work from Vivekananda Park to Kachhari main road in ward no.40.,3160170.0,INR,INR,2025-07-29 10:44:43+00:00,2025-07-29T10:42:40.381000+00:00,2025-08-08T11:41:00+00:00,MUNICIPAL COMMISSIONER (MOTIHARI),MCO,NAGAR NIGAM MOTIHARI,MEENA BAZAR MOTIHARI,MUNICIPAL COMMISSIONER (MOTIHARI),MCO,NAGAR NIGAM MOTIHARI,63200.0,5000.0,590.0,True,"{'Flood': 0, 'Embankment': 0, 'embkt': 0, 'Relief': 0, 'Erosion': 0, 'SDRF': 0, 'Inundation': 0, 'Hydrology': 0, 'Silt': 0, 'Siltation': 0, 'Bund': 0, 'Trench': 0, 'Breach': 0, 'Culvert': 0, 'Sluice': 0, 'Dyke': 0, 'Storm water drain': 0, 'Emergency': 0, 'Immediate': 0, 'IM': 0, 'AE': 0, 'A E': 0, 'AAPDA MITRA': 0, 'Bridge': 0, 'River': 0, 'Drain': 2, 'Restoration': 0, 'Protection': 0, 'irr': 0, 'irrigation': 0, 'dam': 0, 'Nallah': 0, 'nala': 0, 'Retrofitting': 0, 'Pond': 0, 'Pokhari': 0, 'D/C': 0, 'Recharge shaft': 0, 'LFB': 0, 'RFB': 0}","{'Floodlight': 0, 'Flood Light': 0, 'GAS': 0, 'FIFA': 0, 'pipe': 0, 'pipes': 0, 'covid': 0, 'supply': 0, 'Beautification': 0, 'Installation': 0}",,,False,True,Immediate Measures
106765,NIT-15/2025-26-NNM-GR-19,"In ward no. 20, construction of PCC road and RCC drain with slab (300 feet) from Sanjeev Nopani's house in Miskot to Tapan Baitha's house and 400 feet long, 20 feet wide PCC road from Manish ji's house in Miskot to Surya Bala Sadan.","In ward no. 20, construction of PCC road and RCC drain with slab (300 feet) from Sanjeev Nopani's house in Miskot to Tapan Baitha's house and 400 feet long, 20 feet wide PCC road from Manish ji's house in Miskot to Surya Bala Sadan.",2464115.0,INR,INR,2025-07-29 10:53:37+00:00,2025-07-29T10:51:13.616000+00:00,2025-11-28T11:57:25+00:00,MUNICIPAL COMMISSIONER (MOTIHARI),MCO,NAGAR NIGAM MOTIHARI,MEENA BAZAR MOTIHARI,MUNICIPAL COMMISSIONER (MOTIHARI),MCO,NAGAR NIGAM MOTIHARI,49800.0,5000.0,590.0,True,"{'Flood': 0, 'Embankment': 0, 'embkt': 0, 'Relief': 0, 'Erosion': 0, 'SDRF': 0, 'Inundation': 0, 'Hydrology': 0, 'Silt': 0, 'Siltation': 0, 'Bund': 0, 'Trench': 0, 'Breach': 0, 'Culvert': 0, 'Sluice': 0, 'Dyke': 0, 'Storm water drain': 0, 'Emergency': 0, 'Immediate': 0, 'IM': 0, 'AE': 0, 'A E': 0, 'AAPDA MITRA': 0, 'Bridge': 0, 'River': 0, 'Drain': 2, 'Restoration': 0, 'Protection': 0, 'irr': 0, 'irrigation': 0, 'dam': 0, 'Nallah': 0, 'nala': 0, 'Retrofitting': 0, 'Pond': 0, 'Pokhari': 0, 'D/C': 0, 'Recharge shaft': 0, 'LFB': 0, 'RFB': 0}","{'Floodlight': 0, 'Flood Light': 0, 'GAS': 0, 'FIFA': 0, 'pipe': 0, 'pipes': 0, 'covid': 0, 'supply': 0, 'Beautification': 0, 'Installation': 0}",,,False,True,Immediate Measures
106763,NIT-15/2025-26-NNM-GR-18,"In ward no. 17, from the house of Alam Khan via the house of Gulrez Shahzad, via the house of Kaleem Ahsan Advocate and Chand Qureshi and from the house of Ladan Khan to the house of Gulrez Shahzad, construction of PCC road and drain and from the house of Rafiq Compounder ji to the house of Nagendra Arya ji, road and drain construction work.","In ward no. 17, from the house of Alam Khan via the house of Gulrez Shahzad, via the house of Kaleem Ahsan Advocate and Chand Qureshi and from the house of Ladan Khan to the house of Gulrez Shahzad, construction of PCC road and drain and from the house of Rafiq Compounder ji to the house of Nagendra Arya ji, road and drain construction work.",4401334.0,INR,INR,2025-07-29 10:51:00+00:00,2025-07-29T10:48:46.425000+00:00,2025-08-07T09:31:00+00:00,MUNICIPAL COMMISSIONER (MOTIHARI),MCO,NAGAR NIGAM MOTIHARI,MEENA BAZAR MOTIHARI,MUNICIPAL COMMISSIONER (MOTIHARI),MCO,NAGAR NIGAM MOTIHARI,99200.0,5000.0,590.0,True,"{'Flood': 0, 'Embankment': 0, 'embkt': 0, 'Relief': 0, 'Erosion': 0, 'SDRF': 0, 'Inundation': 0, 'Hydrology': 0, 'Silt': 0, 'Siltation': 0, 'Bund': 0, 'Trench': 0, 'Breach': 0, 'Culvert': 0, 'Sluice': 0, 'Dyke': 0, 'Storm water drain': 0, 'Emergency': 0, 'Immediate': 0, 'IM': 0, 'AE': 0, 'A E': 0, 'AAPDA MITRA': 0, 'Bridge': 0, 'River': 0, 'Drain': 4, 'Restoration': 0, 'Protection': 0, 'irr': 0, 'irrigation': 0, 'dam': 0, 'Nallah': 0, 'nala': 0, 'Retrofitting': 0, 'Pond': 0, 'Pokhari': 0, 'D/C': 0, 'Recharge shaft': 0, 'LFB': 0, 'RFB': 0}","{'Floodlight': 0, 'Flood Light': 0, 'GAS': 0, 'FIFA': 0, 'pipe': 0, 'pipes': 0, 'covid': 0, 'supply': 0, 'Beautification': 0, 'Installation': 0}",,,False,True,Immediate Measures
106779,MGD/Lt- 1706 /25-26/ Patna Ganga 9-A,E-Auction for Settlement of Sand ghats of Patna Ganga 9-A,E-Auction for Settlement of Sand ghats of Patna Ganga 9-A,20250000.0,INR,INR,2025-07-30 11:00:57+00:00,2025-07-29T11:35:25.884000+00:00,2025-08-08T11:31:00+00:00,Mr. Kartik Kumar,MDO,Mines & Geology Department,DM OFFICE PATNA,Mr. Kartik Kumar,MDO,Mines & Geology Department,5062500.0,5000.0,3540.0,True,"{'Flood': 0, 'Embankment': 0, 'embkt': 0, 'Relief': 0, 'Erosion': 0, 'SDRF': 0, 'Inundation': 0, 'Hydrology': 0, 'Silt': 0, 'Siltation': 0, 'Bund': 0, 'Trench': 0, 'Breach': 0, 'Culvert': 0, 'Sluice': 0, 'Dyke': 0, 'Storm water drain': 0, 'Emergency': 0, 'Immediate': 0, 'IM': 0, 'AE': 0, 'A E': 2, 'AAPDA MITRA': 0, 'Bridge': 0, 'River': 0, 'Drain': 0, 'Restoration': 0, 'Protection': 0, 'irr': 0, 'irrigation': 0, 'dam': 0, 'Nallah': 0, 'nala': 0, 'Retrofitting': 0, 'Pond': 0, 'Pokhari': 0, 'D/C': 0, 'Recharge shaft': 0, 'LFB': 0, 'RFB': 0}","{'Floodlight': 0, 'Flood Light': 0, 'GAS': 0, 'FIFA': 0, 'pipe': 0, 'pipes': 0, 'covid': 0, 'supply': 0, 'Beautification': 0, 'Installation': 0}",,,False,False,Others
106773,MGD/Lt- 1706/25-26/ Patna Ganga 8-A,E-Auction for Settlement of Sand ghats of Patna Ganga 8-A,E-Auction for Settlement of Sand ghats of Patna Ganga 8-A,18900000.0,INR,INR,2025-07-30 10:44:10+00:00,2025-07-29T11:11:44.067000+00:00,2025-08-08T11:31:00+00:00,Mr. Kartik Kumar,MDO,Mines & Geology Department,DM OFFICE PATNA,Mr. Kartik Kumar,MDO,Mines & Geology Department,4725000.0,5000.0,3540.0,True,"{'Flood': 0, 'Embankment': 0, 'embkt': 0, 'Relief': 0, 'Erosion': 0, 'SDRF': 0, 'Inundation': 0, 'Hydrology': 0, 'Silt': 0, 'Siltation': 0, 'Bund': 0, 'Trench': 0, 'Breach': 0, 'Culvert': 0, 'Sluice': 0, 'Dyke': 0, 'Storm water drain': 0, 'Emergency': 0, 'Immediate': 0, 'IM': 0, 'AE': 0, 'A E': 2, 'AAPDA MITRA': 0, 'Bridge': 0, 'River': 0, 'Drain': 0, 'Restoration': 0, 'Protection': 0, 'irr': 0, 'irrigation': 0, 'dam': 0, 'Nallah': 0, 'nala': 0, 'Retrofitting': 0, 'Pond': 0, 'Pokhari': 0, 'D/C': 0, 'Recharge shaft': 0, 'LFB': 0, 'RFB': 0}","{'Floodlight': 0, 'Flood Light': 0, 'GAS': 0, 'FIFA': 0, 'pipe': 0, 'pipes': 0, 'covid': 0, 'supply': 0, 'Beautification': 0, 'Installation': 0}",,,False,False,Others
106789,MGD/Lt-  1706 /25-26/ Patna Ganga 11-A,E-Auction for Settlement of Sand ghats of Patna Ganga 11-A,E-Auction for Settlement of Sand ghats of Patna Ganga 11-A,16875000.0,INR,INR,2025-07-30 11:17:07+00:00,2025-07-29T12:03:58.695000+00:00,2025-08-08T11:31:00+00:00,Mr. Kartik Kumar,MDO,Mines & Geology Department,DM OFFICE PATNA,Mr. Kartik Kumar,MDO,Mines & Geology Department,4218750.0,5000.0,3540.0,True,"{'Flood': 0, 'Embankment': 0, 'embkt': 0, 'Relief': 0, 'Erosion': 0, 'SDRF': 0, 'Inundation': 0, 'Hydrology': 0, 'Silt': 0, 'Siltation': 0, 'Bund': 0, 'Trench': 0, 'Breach': 0, 'Culvert': 0, 'Sluice': 0, 'Dyke': 0, 'Storm water drain': 0, 'Emergency': 0, 'Immediate': 0, 'IM': 0, 'AE': 0, 'A E': 2, 'AAPDA MITRA': 0, 'Bridge': 0, 'River': 0, 'Drain': 0, 'Restoration': 0, 'Protection': 0, 'irr': 0, 'irrigation': 0, 'dam': 0, 'Nallah': 0, 'nala': 0, 'Retrofitting': 0, 'Pond': 0, 'Pokhari': 0, 'D/C': 0, 'Recharge shaft': 0, 'LFB': 0, 'RFB': 0}","{'Floodlight': 0, 'Flood Light': 0, 'GAS': 0, 'FIFA': 0, 'pipe': 0, 'pipes': 0, 'covid': 0, 'supply': 0, 'Beautification': 0, 'Installation': 0}",,,False,False,Others
106797,MGD/Lt- 1706/25-26/ Patna Ganga 12-A,E-Auction for Settlement of Sand ghats of Patna Ganga 12-A,E-Auction for Settlement of Sand ghats of Patna Ganga 12-A,14850000.0,INR,INR,2025-07-30 11:32:32+00:00,2025-07-29T12:25:41.585000+00:00,2025-08-08T11:31:00+00:00,Mr. Kartik Kumar,MDO,Mines & Geology Department,DM OFFICE PATNA,Mr. Kartik Kumar,MDO,Mines & Geology Department,3712500.0,5000.0,3540.0,True,"{'Flood': 0, 'Embankment': 0, 'embkt': 0, 'Relief': 0, 'Erosion': 0, 'SDRF': 0, 'Inundation': 0, 'Hydrology': 0, 'Silt': 0, 'Siltation': 0, 'Bund': 0, 'Trench': 0, 'Breach': 0, 'Culvert': 0, 'Sluice': 0, 'Dyke': 0, 'Storm water drain': 0, 'Emergency': 0, 'Immediate': 0, 'IM': 0, 'AE': 0, 'A E': 2, 'AAPDA MITRA': 0, 'Bridge': 0, 'River': 0, 'Drain': 0, 'Restoration': 0, 'Protection': 0, 'irr': 0, 'irrigation': 0, 'dam': 0, 'Nallah': 0, 'nala': 0, 'Retrofitting': 0, 'Pond': 0, 'Pokhari': 0, 'D/C': 0, 'Recharge shaft': 0, 'LFB': 0, 'RFB': 0}","{'Floodlight': 0, 'Flood Light': 0, 'GAS': 0, 'FIFA': 0, 'pipe': 0, 'pipes': 0, 'covid': 0, 'supply': 0, 'Beautification': 0, 'Installation': 0}",,,False,False,Others
106811,NIT-16/2025-26-NNM-GR-5,"PCC road and drain construction work from house to Shambhu ji's house, from Rajesh ji's house to Mahendra ji's house and from Guddu ji's house to Nakched Tola main road.","PCC road and drain construction work from house to Shambhu ji's house, from Rajesh ji's house to Mahendra ji's house and from Guddu ji's house to Nakched Tola main road.",5337865.0,INR,INR,2025-07-29 12:57:07+00:00,2025-07-29T12:55:07.879000+00:00,2025-08-08T12:11:22+00:00,MUNICIPAL COMMISSIONER (MOTIHARI),MCO,NAGAR NIGAM MOTIHARI,MEENA BAZAR MOTIHARI,MUNICIPAL COMMISSIONER (MOTIHARI),MCO,NAGAR NIGAM MOTIHARI,107000.0,10000.0,590.0,True,"{'Flood': 0, 'Embankment': 0, 'embkt': 0, 'Relief': 0, 'Erosion': 0, 'SDRF': 0, 'Inundation': 0, 'Hydrology': 0, 'Silt': 0, 'Siltation': 0, 'Bund': 0, 'Trench': 0, 'Breach': 0, 'Culvert': 0, 'Sluice': 0, 'Dyke': 0, 'Storm water drain': 0, 'Emergency': 0, 'Immediate': 0, 'IM': 0, 'AE': 0, 'A E': 0, 'AAPDA MITRA': 0, 'Bridge': 0, 'River': 0, 'Drain': 2, 'Restoration': 0, 'Protection': 0, 'irr': 0, 'irrigation': 0, 'dam': 0, 'Nallah': 0, 'nala': 0, 'Retrofitting': 0, 'Pond': 0, 'Pokhari': 0, 'D/C': 0, 'Recharge shaft': 0, 'LFB': 0, 'RFB': 0}","{'Floodlight': 0, 'Flood Light': 0, 'GAS': 0, 'FIFA': 0, 'pipe': 0, 'pipes': 0, 'covid': 0, 'supply': 0, 'Beautification': 0, 'Installation': 0}",,,False,True,Immediate Measures
106804,NIT-16/2025-26-NNM-GR-2,Construction work of drain and PCC road from near the memorial in ward no. 38 towards Motijheel via Sushil Kumar's house and Shabnam Kumari's house.,Construction work of drain and PCC road from near the memorial in ward no. 38 towards Motijheel via Sushil Kumar's house and Shabnam Kumari's house.,6689070.0,INR,INR,2025-07-29 12:39:33+00:00,2025-07-29T12:37:17.272000+00:00,2025-08-08T12:13:17+00:00,MUNICIPAL COMMISSIONER (MOTIHARI),MCO,NAGAR NIGAM MOTIHARI,MEENA BAZAR MOTIHARI,MUNICIPAL COMMISSIONER (MOTIHARI),MCO,NAGAR NIGAM MOTIHARI,134100.0,10000.0,590.0,True,"{'Flood': 0, 'Embankment': 0, 'embkt': 0, 'Relief': 0, 'Erosion': 0, 'SDRF': 0, 'Inundation': 0, 'Hydrology': 0, 'Silt': 0, 'Siltation': 0, 'Bund': 0, 'Trench': 0, 'Breach': 0, 'Culvert': 0, 'Sluice': 0, 'Dyke': 0, 'Storm water drain': 0, 'Emergency': 0, 'Immediate': 0, 'IM': 0, 'AE': 0, 'A E': 0, 'AAPDA MITRA': 0, 'Bridge': 0, 'River': 0, 'Drain': 2, 'Restoration': 0, 'Protection': 0, 'irr': 0, 'irrigation': 0, 'dam': 0, 'Nallah': 0, 'nala': 0, 'Retrofitting': 0, 'Pond': 0, 'Pokhari': 0, 'D/C': 0, 'Recharge shaft': 0, 'LFB': 0, 'RFB': 0}","{'Floodlight': 0, 'Flood Light': 0, 'GAS': 0, 'FIFA': 0, 'pipe': 0, 'pipes': 0, 'covid': 0, 'supply': 0, 'Beautification': 0, 'Installation': 0}",,,False,True,Immediate Measures
106807,MGD/Lt- 1706/25-26/ Patna Ganga 13-A,E-Auction for Settlement of Sand ghats of Patna Ganga 13-A,E-Auction for Settlement of Sand ghats of Patna Ganga 13-A,16200000.0,INR,INR,2025-07-30 11:45:23+00:00,2025-07-29T12:47:52.832000+00:00,2025-08-08T11:31:00+00:00,Mr. Kartik Kumar,MDO,Mines & Geology Department,DM OFFICE PATNA,Mr. Kartik Kumar,MDO,Mines & Geology Department,4050000.0,5000.0,3540.0,True,"{'Flood': 0, 'Embankment': 0, 'embkt': 0, 'Relief': 0, 'Erosion': 0, 'SDRF': 0, 'Inundation': 0, 'Hydrology': 0, 'Silt': 0, 'Siltation': 0, 'Bund': 0, 'Trench': 0, 'Breach': 0, 'Culvert': 0, 'Sluice': 0, 'Dyke': 0, 'Storm water drain': 0, 'Emergency': 0, 'Immediate': 0, 'IM': 0, 'AE': 0, 'A E': 2, 'AAPDA MITRA': 0, 'Bridge': 0, 'River': 0, 'Drain': 0, 'Restoration': 0, 'Protection': 0, 'irr': 0, 'irrigation': 0, 'dam': 0, 'Nallah': 0, 'nala': 0, 'Retrofitting': 0, 'Pond': 0, 'Pokhari': 0, 'D/C': 0, 'Recharge shaft': 0, 'LFB': 0, 'RFB': 0}","{'Floodlight': 0, 'Flood Light': 0, 'GAS': 0, 'FIFA': 0, 'pipe': 0, 'pipes': 0, 'covid': 0, 'supply': 0, 'Beautification': 0, 'Installation': 0}",,,False,False,Others
106810,NIT-16/2025-26-NNM-GR-4,Construction work of PCC road and drain in ward no. 32 from Tooni Sahni's house to Shafayet Miyan's house via Shri Ramji's house to Lali Ram's house.,Construction work of PCC road and drain in ward no. 32 from Tooni Sahni's house to Shafayet Miyan's house via Shri Ramji's house to Lali Ram's house.,5041211.0,INR,INR,2025-07-29 12:54:56+00:00,2025-07-29T12:53:03.873000+00:00,2025-08-08T12:06:45+00:00,MUNICIPAL COMMISSIONER (MOTIHARI),MCO,NAGAR NIGAM MOTIHARI,MEENA BAZAR MOTIHARI,MUNICIPAL COMMISSIONER (MOTIHARI),MCO,NAGAR NIGAM MOTIHARI,102100.0,10000.0,590.0,True,"{'Flood': 0, 'Embankment': 0, 'embkt': 0, 'Relief': 0, 'Erosion': 0, 'SDRF': 0, 'Inundation': 0, 'Hydrology': 0, 'Silt': 0, 'Siltation': 0, 'Bund': 0, 'Trench': 0, 'Breach': 0, 'Culvert': 0, 'Sluice': 0, 'Dyke': 0, 'Storm water drain': 0, 'Emergency': 0, 'Immediate': 0, 'IM': 0, 'AE': 0, 'A E': 0, 'AAPDA MITRA': 0, 'Bridge': 0, 'River': 0, 'Drain': 2, 'Restoration': 0, 'Protection': 0, 'irr': 0, 'irrigation': 0, 'dam': 0, 'Nallah': 0, 'nala': 0, 'Retrofitting': 0, 'Pond': 0, 'Pokhari': 0, 'D/C': 0, 'Recharge shaft': 0, 'LFB': 0, 'RFB': 0}","{'Floodlight': 0, 'Flood Light': 0, 'GAS': 0, 'FIFA': 0, 'pipe': 0, 'pipes': 0, 'covid': 0, 'supply': 0, 'Beautification': 0, 'Installation': 0}",,,False,True,Immediate Measures
106822,03/2025-26/NIQ/ID RAJAULI/WRD,"Instrumentation work at Phulwaria Reservoir, Job Reservoir, Kolmahadev Reservoir, Puraini Reservoir and Tarakol Reservoir under Irrigation Division, Rajauli.","Instrumentation work at Phulwaria Reservoir, Job Reservoir, Kolmahadev Reservoir, Puraini Reservoir and Tarakol Reservoir under Irrigation Division, Rajauli.",0.0,INR,INR,2025-07-29 16:01:34+00:00,2025-07-29T14:56:14.359000+00:00,2025-08-20T10:21:50+00:00,KUMAR BRAJESH,EE,WRD,EE TCD DIVI RAXAUL,SUSHIL PRAKASH,SE,"WRD IRRIGATION CIRCLE, NAWADA",2021000.0,10000.0,590.0,True,"{'Flood': 0, 'Embankment': 0, 'embkt': 0, 'Relief': 0, 'Erosion': 0, 'SDRF': 0, 'Inundation': 0, 'Hydrology': 0, 'Silt': 0, 'Siltation': 0, 'Bund': 0, 'Trench': 0, 'Breach': 0, 'Culvert': 0, 'Sluice': 0, 'Dyke': 0, 'Storm water drain': 0, 'Emergency': 0, 'Immediate': 0, 'IM': 0, 'AE': 0, 'A E': 0, 'AAPDA MITRA': 0, 'Bridge': 0, 'River': 0, 'Drain': 0, 'Restoration': 0, 'Protection': 0, 'irr': 0, 'irrigation': 2, 'dam': 0, 'Nallah': 0, 'nala': 0, 'Retrofitting': 0, 'Pond': 0, 'Pokhari': 0, 'D/C': 0, 'Recharge shaft': 0, 'LFB': 0, 'RFB': 0}","{'Floodlight': 0, 'Flood Light': 0, 'GAS': 0, 'FIFA': 0, 'pipe': 0, 'pipes': 0, 'covid': 0, 'supply': 0, 'Beautification': 0, 'Installation': 0}",,,False,False,Others
106838,MGD/Lt- 1706/25-26/ Patna Ganga 15-A,E-Auction for Settlement of Sand ghats of Patna Ganga 15-A,E-Auction for Settlement of Sand ghats of Patna Ganga 15-A,14850000.0,INR,INR,2025-07-30 12:15:20+00:00,2025-07-30T05:32:50.359000+00:00,2025-08-08T11:31:00+00:00,Mr. Kartik Kumar,MDO,Mines & Geology Department,DM OFFICE PATNA,Mr. Kartik Kumar,MDO,Mines & Geology Department,3712500.0,5000.0,3540.0,True,"{'Flood': 0, 'Embankment': 0, 'embkt': 0, 'Relief': 0, 'Erosion': 0, 'SDRF': 0, 'Inundation': 0, 'Hydrology': 0, 'Silt': 0, 'Siltation': 0, 'Bund': 0, 'Trench': 0, 'Breach': 0, 'Culvert': 0, 'Sluice': 0, 'Dyke': 0, 'Storm water drain': 0, 'Emergency': 0, 'Immediate': 0, 'IM': 0, 'AE': 0, 'A E': 2, 'AAPDA MITRA': 0, 'Bridge': 0, 'River': 0, 'Drain': 0, 'Restoration': 0, 'Protection': 0, 'irr': 0, 'irrigation': 0, 'dam': 0, 'Nallah': 0, 'nala': 0, 'Retrofitting': 0, 'Pond': 0, 'Pokhari': 0, 'D/C': 0, 'Recharge shaft': 0, 'LFB': 0, 'RFB': 0}","{'Floodlight': 0, 'Flood Light': 0, 'GAS': 0, 'FIFA': 0, 'pipe': 0, 'pipes': 0, 'covid': 0, 'supply': 0, 'Beautification': 0, 'Installation': 0}",,,False,False,Others
106829,MGD/Lt- 1706/25-26/ Patna Ganga 14-A,E-Auction for Settlement of Sand ghats of Patna Ganga 14-A,E-Auction for Settlement of Sand ghats of Patna Ganga 14-A,15930000.0,INR,INR,2025-07-30 11:57:59+00:00,2025-07-30T04:49:24.303000+00:00,2025-08-08T11:31:00+00:00,Mr. Kartik Kumar,MDO,Mines & Geology Department,DM OFFICE PATNA,Mr. Kartik Kumar,MDO,Mines & Geology Department,3982500.0,5000.0,3540.0,True,"{'Flood': 0, 'Embankment': 0, 'embkt': 0, 'Relief': 0, 'Erosion': 0, 'SDRF': 0, 'Inundation': 0, 'Hydrology': 0, 'Silt': 0, 'Siltation': 0, 'Bund': 0, 'Trench': 0, 'Breach': 0, 'Culvert': 0, 'Sluice': 0, 'Dyke': 0, 'Storm water drain': 0, 'Emergency': 0, 'Immediate': 0, 'IM': 0, 'AE': 0, 'A E': 2, 'AAPDA MITRA': 0, 'Bridge': 0, 'River': 0, 'Drain': 0, 'Restoration': 0, 'Protection': 0, 'irr': 0, 'irrigation': 0, 'dam': 0, 'Nallah': 0, 'nala': 0, 'Retrofitting': 0, 'Pond': 0, 'Pokhari': 0, 'D/C': 0, 'Recharge shaft': 0, 'LFB': 0, 'RFB': 0}","{'Floodlight': 0, 'Flood Light': 0, 'GAS': 0, 'FIFA': 0, 'pipe': 0, 'pipes': 0, 'covid': 0, 'supply': 0, 'Beautification': 0, 'Installation': 0}",,,False,False,Others
106845,NIT-05/2025-26/GR02,"Renovation of Singra Sthan Pond under Nagar Nigam, Gayaji","Renovation of Singra Sthan Pond under Nagar Nigam, Gayaji",12884500.0,INR,INR,2025-07-30 05:57:45+00:00,2025-07-30T05:54:15.697000+00:00,2025-08-11T06:53:47+00:00,KUMAR ANURAG,MUNICIPAL COMMISSIONER GAYA,GAYA MUNICIPAL CORPORATION,NEAR KEDARNATH MARKET GAYA,KUMAR ANURAG,MUNICIPAL COMMISSIONER GAYA,GAYA MUNICIPAL CORPORATION,258000.0,10000.0,3540.0,True,"{'Flood': 0, 'Embankment': 0, 'embkt': 0, 'Relief': 0, 'Erosion': 0, 'SDRF': 0, 'Inundation': 0, 'Hydrology': 0, 'Silt': 0, 'Siltation': 0, 'Bund': 0, 'Trench': 0, 'Breach': 0, 'Culvert': 0, 'Sluice': 0, 'Dyke': 0, 'Storm water drain': 0, 'Emergency': 0, 'Immediate': 0, 'IM': 0, 'AE': 0, 'A E': 0, 'AAPDA MITRA': 0, 'Bridge': 0, 'River': 0, 'Drain': 0, 'Restoration': 0, 'Protection': 0, 'irr': 0, 'irrigation': 0, 'dam': 0, 'Nallah': 0, 'nala': 0, 'Retrofitting': 0, 'Pond': 2, 'Pokhari': 0, 'D/C': 0, 'Recharge shaft': 0, 'LFB': 0, 'RFB': 0}","{'Floodlight': 0, 'Flood Light': 0, 'GAS': 0, 'FIFA': 0, 'pipe': 0, 'pipes': 0, 'covid': 0, 'supply': 0, 'Beautification': 0, 'Installation': 0}",,,False,False,Immediate Measures
106848,NIT-05/2025-26/GR04,"Renovation of Kharkhura Baluahi Pond under Nagar Nigam, Gayaji","Renovation of Kharkhura Baluahi Pond under Nagar Nigam, Gayaji",10739500.0,INR,INR,2025-07-30 06:15:24+00:00,2025-07-30T06:04:40.851000+00:00,2025-08-11T07:10:01+00:00,KUMAR ANURAG,MUNICIPAL COMMISSIONER GAYA,GAYA MUNICIPAL CORPORATION,NEAR KEDARNATH MARKET GAYA,KUMAR ANURAG,MUNICIPAL COMMISSIONER GAYA,GAYA MUNICIPAL CORPORATION,214790.0,10000.0,3540.0,True,"{'Flood': 0, 'Embankment': 0, 'embkt': 0, 'Relief': 0, 'Erosion': 0, 'SDRF': 0, 'Inundation': 0, 'Hydrology': 0, 'Silt': 0, 'Siltation': 0, 'Bund': 0, 'Trench': 0, 'Breach': 0, 'Culvert': 0, 'Sluice': 0, 'Dyke': 0, 'Storm water drain': 0, 'Emergency': 0, 'Immediate': 0, 'IM': 0, 'AE': 0, 'A E': 0, 'AAPDA MITRA': 0, 'Bridge': 0, 'River': 0, 'Drain': 0, 'Restoration': 0, 'Protection': 0, 'irr': 0, 'irrigation': 0, 'dam': 0, 'Nallah': 0, 'nala': 0, 'Retrofitting': 0, 'Pond': 2, 'Pokhari': 0, 'D/C': 0, 'Recharge shaft': 0, 'LFB': 0, 'RFB': 0}","{'Floodlight': 0, 'Flood Light': 0, 'GAS': 0, 'FIFA': 0, 'pipe': 0, 'pipes': 0, 'covid': 0, 'supply': 0, 'Beautification': 0, 'Installation': 0}",,,False,False,Immediate Measures
106849,NIT-07/2025-26 G-1,Construction of Nala from Saagr Rishidev  house to Gholti Paswan house Ward No-01 in Nagar Parishad Araria,Construction of Nala from Saagr Rishidev  house to Gholti Paswan house Ward No-01 in Nagar Parishad Araria,1323864.0,INR,INR,2025-07-31 13:36:25+00:00,2025-07-30T06:08:42.938000+00:00,2025-08-22T15:02:33+00:00,"EXECUTIVE OFFICER , NAGAR PARISHAD ARARIA",EO,NAGAR PARISHAD ARARIA,NAGAR PARISHAD ARARIA,"EXECUTIVE OFFICER, NAGAR PARISHAD ARARAI",EO,NAGAR PARISHAD ARARIA,26500.0,2500.0,590.0,True,"{'Flood': 0, 'Embankment': 0, 'embkt': 0, 'Relief': 0, 'Erosion': 0, 'SDRF': 0, 'Inundation': 0, 'Hydrology': 0, 'Silt': 0, 'Siltation': 0, 'Bund': 0, 'Trench': 0, 'Breach': 0, 'Culvert': 0, 'Sluice': 0, 'Dyke': 0, 'Storm water drain': 0, 'Emergency': 0, 'Immediate': 0, 'IM': 0, 'AE': 0, 'A E': 0, 'AAPDA MITRA': 0, 'Bridge': 0, 'River': 0, 'Drain': 0, 'Restoration': 0, 'Protection': 0, 'irr': 0, 'irrigation': 0, 'dam': 0, 'Nallah': 0, 'nala': 2, 'Retrofitting': 0, 'Pond': 0, 'Pokhari': 0, 'D/C': 0, 'Recharge shaft': 0, 'LFB': 0, 'RFB': 0}","{'Floodlight': 0, 'Flood Light': 0, 'GAS': 0, 'FIFA': 0, 'pipe': 0, 'pipes': 0, 'covid': 0, 'supply': 0, 'Beautification': 0, 'Installation': 0}",,,False,False,Immediate Measures
106852,MGD/Lt- 1706/25-26/ Patna Ganga 16-A,E-Auction for Settlement of Sand ghats of Patna Ganga 16-A,E-Auction for Settlement of Sand ghats of Patna Ganga 16-A,15255000.0,INR,INR,2025-07-30 13:59:45+00:00,2025-07-30T06:15:49.157000+00:00,2025-08-08T11:31:00+00:00,Mr. Kartik Kumar,MDO,Mines & Geology Department,DM OFFICE PATNA,Mr. Kartik Kumar,MDO,Mines & Geology Department,3813750.0,5000.0,3540.0,True,"{'Flood': 0, 'Embankment': 0, 'embkt': 0, 'Relief': 0, 'Erosion': 0, 'SDRF': 0, 'Inundation': 0, 'Hydrology': 0, 'Silt': 0, 'Siltation': 0, 'Bund': 0, 'Trench': 0, 'Breach': 0, 'Culvert': 0, 'Sluice': 0, 'Dyke': 0, 'Storm water drain': 0, 'Emergency': 0, 'Immediate': 0, 'IM': 0, 'AE': 0, 'A E': 2, 'AAPDA MITRA': 0, 'Bridge': 0, 'River': 0, 'Drain': 0, 'Restoration': 0, 'Protection': 0, 'irr': 0, 'irrigation': 0, 'dam': 0, 'Nallah': 0, 'nala': 0, 'Retrofitting': 0, 'Pond': 0, 'Pokhari': 0, 'D/C': 0, 'Recharge shaft': 0, 'LFB': 0, 'RFB': 0}","{'Floodlight': 0, 'Flood Light': 0, 'GAS': 0, 'FIFA': 0, 'pipe': 0, 'pipes': 0, 'covid': 0, 'supply': 0, 'Beautification': 0, 'Installation': 0}",,,False,False,Others
106858,NIT-07/2025-26 G-2,Construction of Nala from Masjid to Maruf Kheat Ward No-01 in Nagar Parishad Araria,Construction of Nala from Masjid to Maruf Kheat Ward No-01 in Nagar Parishad Araria,2037486.0,INR,INR,2025-07-31 13:34:02+00:00,2025-07-30T06:32:43.552000+00:00,2025-08-22T14:54:15+00:00,"EXECUTIVE OFFICER , NAGAR PARISHAD ARARIA",EO,NAGAR PARISHAD ARARIA,NAGAR PARISHAD ARARIA,"EXECUTIVE OFFICER, NAGAR PARISHAD ARARAI",EO,NAGAR PARISHAD ARARIA,40800.0,5000.0,590.0,True,"{'Flood': 0, 'Embankment': 0, 'embkt': 0, 'Relief': 0, 'Erosion': 0, 'SDRF': 0, 'Inundation': 0, 'Hydrology': 0, 'Silt': 0, 'Siltation': 0, 'Bund': 0, 'Trench': 0, 'Breach': 0, 'Culvert': 0, 'Sluice': 0, 'Dyke': 0, 'Storm water drain': 0, 'Emergency': 0, 'Immediate': 0, 'IM': 0, 'AE': 0, 'A E': 0, 'AAPDA MITRA': 0, 'Bridge': 0, 'River': 0, 'Drain': 0, 'Restoration': 0, 'Protection': 0, 'irr': 0, 'irrigation': 0, 'dam': 0, 'Nallah': 0, 'nala': 2, 'Retrofitting': 0, 'Pond': 0, 'Pokhari': 0, 'D/C': 0, 'Recharge shaft': 0, 'LFB': 0, 'RFB': 0}","{'Floodlight': 0, 'Flood Light': 0, 'GAS': 0, 'FIFA': 0, 'pipe': 0, 'pipes': 0, 'covid': 0, 'supply': 0, 'Beautification': 0, 'Installation': 0}",,,False,False,Others
106846,NIT-05/2025-26/GR03,"Renovation of Kharkhura Tarbana Pond under Nagar Nigam, Gayaji","Renovation of Kharkhura Tarbana Pond under Nagar Nigam, Gayaji",12233500.0,INR,INR,2025-07-30 06:02:53+00:00,2025-07-30T05:58:03.974000+00:00,2025-08-11T07:01:38+00:00,KUMAR ANURAG,MUNICIPAL COMMISSIONER GAYA,GAYA MUNICIPAL CORPORATION,NEAR KEDARNATH MARKET GAYA,KUMAR ANURAG,MUNICIPAL COMMISSIONER GAYA,GAYA MUNICIPAL CORPORATION,245000.0,10000.0,3540.0,True,"{'Flood': 0, 'Embankment': 0, 'embkt': 0, 'Relief': 0, 'Erosion': 0, 'SDRF': 0, 'Inundation': 0, 'Hydrology': 0, 'Silt': 0, 'Siltation': 0, 'Bund': 0, 'Trench': 0, 'Breach': 0, 'Culvert': 0, 'Sluice': 0, 'Dyke': 0, 'Storm water drain': 0, 'Emergency': 0, 'Immediate': 0, 'IM': 0, 'AE': 0, 'A E': 0, 'AAPDA MITRA': 0, 'Bridge': 0, 'River': 0, 'Drain': 0, 'Restoration': 0, 'Protection': 0, 'irr': 0, 'irrigation': 0, 'dam': 0, 'Nallah': 0, 'nala': 0, 'Retrofitting': 0, 'Pond': 2, 'Pokhari': 0, 'D/C': 0, 'Recharge shaft': 0, 'LFB': 0, 'RFB': 0}","{'Floodlight': 0, 'Flood Light': 0, 'GAS': 0, 'FIFA': 0, 'pipe': 0, 'pipes': 0, 'covid': 0, 'supply': 0, 'Beautification': 0, 'Installation': 0}",,,False,False,Immediate Measures
106842,NIT-05/2025-26/GR01,"Renovation of Bateshwar Mahadev Pond under Nagar Nigam, Gayaji","Renovation of Bateshwar Mahadev Pond under Nagar Nigam, Gayaji",7333700.0,INR,INR,2025-07-30 05:53:32+00:00,2025-07-30T05:42:40.349000+00:00,2025-08-07T09:31:00+00:00,KUMAR ANURAG,MUNICIPAL COMMISSIONER GAYA,GAYA MUNICIPAL CORPORATION,NEAR KEDARNATH MARKET GAYA,KUMAR ANURAG,MUNICIPAL COMMISSIONER GAYA,GAYA MUNICIPAL CORPORATION,147000.0,10000.0,3540.0,True,"{'Flood': 0, 'Embankment': 0, 'embkt': 0, 'Relief': 0, 'Erosion': 0, 'SDRF': 0, 'Inundation': 0, 'Hydrology': 0, 'Silt': 0, 'Siltation': 0, 'Bund': 0, 'Trench': 0, 'Breach': 0, 'Culvert': 0, 'Sluice': 0, 'Dyke': 0, 'Storm water drain': 0, 'Emergency': 0, 'Immediate': 0, 'IM': 0, 'AE': 0, 'A E': 0, 'AAPDA MITRA': 0, 'Bridge': 0, 'River': 0, 'Drain': 0, 'Restoration': 0, 'Protection': 0, 'irr': 0, 'irrigation': 0, 'dam': 0, 'Nallah': 0, 'nala': 0, 'Retrofitting': 0, 'Pond': 2, 'Pokhari': 0, 'D/C': 0, 'Recharge shaft': 0, 'LFB': 0, 'RFB': 0}","{'Floodlight': 0, 'Flood Light': 0, 'GAS': 0, 'FIFA': 0, 'pipe': 0, 'pipes': 0, 'covid': 0, 'supply': 0, 'Beautification': 0, 'Installation': 0}",,,False,False,Immediate Measures
106862,NIT-07/2025-26 G-3,Construction of Nala from Mantu Paswan house to Manoj Paswan house Ward No-01 in Nagar Parishad Araria,Construction of Nala from Mantu Paswan house to Manoj Paswan house Ward No-01 in Nagar Parishad Araria,2038431.0,INR,INR,2025-07-31 13:29:58+00:00,2025-07-30T06:42:01.103000+00:00,2025-08-22T14:48:29+00:00,"EXECUTIVE OFFICER , NAGAR PARISHAD ARARIA",EO,NAGAR PARISHAD ARARIA,NAGAR PARISHAD ARARIA,"EXECUTIVE OFFICER, NAGAR PARISHAD ARARAI",EO,NAGAR PARISHAD ARARIA,40800.0,5000.0,590.0,True,"{'Flood': 0, 'Embankment': 0, 'embkt': 0, 'Relief': 0, 'Erosion': 0, 'SDRF': 0, 'Inundation': 0, 'Hydrology': 0, 'Silt': 0, 'Siltation': 0, 'Bund': 0, 'Trench': 0, 'Breach': 0, 'Culvert': 0, 'Sluice': 0, 'Dyke': 0, 'Storm water drain': 0, 'Emergency': 0, 'Immediate': 0, 'IM': 0, 'AE': 0, 'A E': 0, 'AAPDA MITRA': 0, 'Bridge': 0, 'River': 0, 'Drain': 0, 'Restoration': 0, 'Protection': 0, 'irr': 0, 'irrigation': 0, 'dam': 0, 'Nallah': 0, 'nala': 2, 'Retrofitting': 0, 'Pond': 0, 'Pokhari': 0, 'D/C': 0, 'Recharge shaft': 0, 'LFB': 0, 'RFB': 0}","{'Floodlight': 0, 'Flood Light': 0, 'GAS': 0, 'FIFA': 0, 'pipe': 0, 'pipes': 0, 'covid': 0, 'supply': 0, 'Beautification': 0, 'Installation': 0}",,,False,False,Others
106870,NIT-07/2025-26 G-5,Construction of Nala & Paver Block Road from Talha house to Nishad Akhtar house Ward No-05 in Nagar Parishad Araria,Construction of Nala & Paver Block Road from Talha house to Nishad Akhtar house Ward No-05 in Nagar Parishad Araria,2386770.0,INR,INR,2025-07-31 13:20:17+00:00,2025-07-30T07:00:00.742000+00:00,2025-08-06T11:30:05+00:00,"EXECUTIVE OFFICER , NAGAR PARISHAD ARARIA",EO,NAGAR PARISHAD ARARIA,NAGAR PARISHAD ARARIA,"EXECUTIVE OFFICER, NAGAR PARISHAD ARARAI",EO,NAGAR PARISHAD ARARIA,47800.0,5000.0,590.0,True,"{'Flood': 0, 'Embankment': 0, 'embkt': 0, 'Relief': 0, 'Erosion': 0, 'SDRF': 0, 'Inundation': 0, 'Hydrology': 0, 'Silt': 0, 'Siltation': 0, 'Bund': 0, 'Trench': 0, 'Breach': 0, 'Culvert': 0, 'Sluice': 0, 'Dyke': 0, 'Storm water drain': 0, 'Emergency': 0, 'Immediate': 0, 'IM': 0, 'AE': 0, 'A E': 0, 'AAPDA MITRA': 0, 'Bridge': 0, 'River': 0, 'Drain': 0, 'Restoration': 0, 'Protection': 0, 'irr': 0, 'irrigation': 0, 'dam': 0, 'Nallah': 0, 'nala': 2, 'Retrofitting': 0, 'Pond': 0, 'Pokhari': 0, 'D/C': 0, 'Recharge shaft': 0, 'LFB': 0, 'RFB': 0}","{'Floodlight': 0, 'Flood Light': 0, 'GAS': 0, 'FIFA': 0, 'pipe': 0, 'pipes': 0, 'covid': 0, 'supply': 0, 'Beautification': 0, 'Installation': 0}",,,False,True,Others
106875,MGD/Lt- 1706/25-26/ Patna Ganga 19-A,E-Auction for Settlement of Sand ghats of Patna Ganga 19-A,E-Auction for Settlement of Sand ghats of Patna Ganga 19-A,16065000.0,INR,INR,2025-07-30 12:56:26+00:00,2025-07-30T07:07:37.411000+00:00,2025-08-08T11:31:00+00:00,Mr. Kartik Kumar,MDO,Mines & Geology Department,DM OFFICE PATNA,Mr. Kartik Kumar,MDO,Mines & Geology Department,4016250.0,5000.0,3540.0,True,"{'Flood': 0, 'Embankment': 0, 'embkt': 0, 'Relief': 0, 'Erosion': 0, 'SDRF': 0, 'Inundation': 0, 'Hydrology': 0, 'Silt': 0, 'Siltation': 0, 'Bund': 0, 'Trench': 0, 'Breach': 0, 'Culvert': 0, 'Sluice': 0, 'Dyke': 0, 'Storm water drain': 0, 'Emergency': 0, 'Immediate': 0, 'IM': 0, 'AE': 0, 'A E': 2, 'AAPDA MITRA': 0, 'Bridge': 0, 'River': 0, 'Drain': 0, 'Restoration': 0, 'Protection': 0, 'irr': 0, 'irrigation': 0, 'dam': 0, 'Nallah': 0, 'nala': 0, 'Retrofitting': 0, 'Pond': 0, 'Pokhari': 0, 'D/C': 0, 'Recharge shaft': 0, 'LFB': 0, 'RFB': 0}","{'Floodlight': 0, 'Flood Light': 0, 'GAS': 0, 'FIFA': 0, 'pipe': 0, 'pipes': 0, 'covid': 0, 'supply': 0, 'Beautification': 0, 'Installation': 0}",,,False,False,Others
106867,NIT-07/2025-26 G-4,Construction of Nala from Kedar Bhaghat house to Keshri Nandan Mandir Ward No-03 in Nagar Parishad Araria,Construction of Nala from Kedar Bhaghat house to Keshri Nandan Mandir Ward No-03 in Nagar Parishad Araria,1097355.0,INR,INR,2025-07-31 13:24:27+00:00,2025-07-30T06:52:52.798000+00:00,2025-08-06T11:30:05+00:00,"EXECUTIVE OFFICER , NAGAR PARISHAD ARARIA",EO,NAGAR PARISHAD ARARIA,NAGAR PARISHAD ARARIA,"EXECUTIVE OFFICER, NAGAR PARISHAD ARARAI",EO,NAGAR PARISHAD ARARIA,22000.0,2500.0,590.0,True,"{'Flood': 0, 'Embankment': 0, 'embkt': 0, 'Relief': 0, 'Erosion': 0, 'SDRF': 0, 'Inundation': 0, 'Hydrology': 0, 'Silt': 0, 'Siltation': 0, 'Bund': 0, 'Trench': 0, 'Breach': 0, 'Culvert': 0, 'Sluice': 0, 'Dyke': 0, 'Storm water drain': 0, 'Emergency': 0, 'Immediate': 0, 'IM': 0, 'AE': 0, 'A E': 0, 'AAPDA MITRA': 0, 'Bridge': 0, 'River': 0, 'Drain': 0, 'Restoration': 0, 'Protection': 0, 'irr': 0, 'irrigation': 0, 'dam': 0, 'Nallah': 0, 'nala': 2, 'Retrofitting': 0, 'Pond': 0, 'Pokhari': 0, 'D/C': 0, 'Recharge shaft': 0, 'LFB': 0, 'RFB': 0}","{'Floodlight': 0, 'Flood Light': 0, 'GAS': 0, 'FIFA': 0, 'pipe': 0, 'pipes': 0, 'covid': 0, 'supply': 0, 'Beautification': 0, 'Installation': 0}",,,False,False,Others
106879,MGD/Lt- 1706/25-26/ Patna Ganga 20-A,E-Auction for Settlement of Sand ghats of Patna Ganga 20-A,E-Auction for Settlement of Sand ghats of Patna Ganga 20-A,16065000.0,INR,INR,2025-07-30 13:01:13+00:00,2025-07-30T07:20:14.034000+00:00,2025-08-08T11:31:00+00:00,Mr. Kartik Kumar,MDO,Mines & Geology Department,DM OFFICE PATNA,Mr. Kartik Kumar,MDO,Mines & Geology Department,4016250.0,5000.0,3540.0,True,"{'Flood': 0, 'Embankment': 0, 'embkt': 0, 'Relief': 0, 'Erosion': 0, 'SDRF': 0, 'Inundation': 0, 'Hydrology': 0, 'Silt': 0, 'Siltation': 0, 'Bund': 0, 'Trench': 0, 'Breach': 0, 'Culvert': 0, 'Sluice': 0, 'Dyke': 0, 'Storm water drain': 0, 'Emergency': 0, 'Immediate': 0, 'IM': 0, 'AE': 0, 'A E': 2, 'AAPDA MITRA': 0, 'Bridge': 0, 'River': 0, 'Drain': 0, 'Restoration': 0, 'Protection': 0, 'irr': 0, 'irrigation': 0, 'dam': 0, 'Nallah': 0, 'nala': 0, 'Retrofitting': 0, 'Pond': 0, 'Pokhari': 0, 'D/C': 0, 'Recharge shaft': 0, 'LFB': 0, 'RFB': 0}","{'Floodlight': 0, 'Flood Light': 0, 'GAS': 0, 'FIFA': 0, 'pipe': 0, 'pipes': 0, 'covid': 0, 'supply': 0, 'Beautification': 0, 'Installation': 0}",,,False,False,Others
106892,MGD/Lt-1706/25-26/ Patna Ganga 21-A,E-Auction for Settlement of Sand ghats of Patna Ganga 21-A,E-Auction for Settlement of Sand ghats of Patna Ganga 21-A,18360000.0,INR,INR,2025-07-30 13:15:59+00:00,2025-07-30T07:47:48.460000+00:00,2025-08-08T11:31:00+00:00,Mr. Kartik Kumar,MDO,Mines & Geology Department,DM OFFICE PATNA,Mr. Kartik Kumar,MDO,Mines & Geology Department,4590000.0,5000.0,3540.0,True,"{'Flood': 0, 'Embankment': 0, 'embkt': 0, 'Relief': 0, 'Erosion': 0, 'SDRF': 0, 'Inundation': 0, 'Hydrology': 0, 'Silt': 0, 'Siltation': 0, 'Bund': 0, 'Trench': 0, 'Breach': 0, 'Culvert': 0, 'Sluice': 0, 'Dyke': 0, 'Storm water drain': 0, 'Emergency': 0, 'Immediate': 0, 'IM': 0, 'AE': 0, 'A E': 2, 'AAPDA MITRA': 0, 'Bridge': 0, 'River': 0, 'Drain': 0, 'Restoration': 0, 'Protection': 0, 'irr': 0, 'irrigation': 0, 'dam': 0, 'Nallah': 0, 'nala': 0, 'Retrofitting': 0, 'Pond': 0, 'Pokhari': 0, 'D/C': 0, 'Recharge shaft': 0, 'LFB': 0, 'RFB': 0}","{'Floodlight': 0, 'Flood Light': 0, 'GAS': 0, 'FIFA': 0, 'pipe': 0, 'pipes': 0, 'covid': 0, 'supply': 0, 'Beautification': 0, 'Installation': 0}",,,False,False,Others
106865,MGD/Lt- 1706/25-26/ Patna Ganga 17-A,E-Auction for Settlement of Sand ghats of Patna Ganga 17-A,E-Auction for Settlement of Sand ghats of Patna Ganga 17-A,20925000.0,INR,INR,2025-07-30 12:40:47+00:00,2025-07-30T06:48:55.613000+00:00,2025-08-08T11:31:00+00:00,Mr. Kartik Kumar,MDO,Mines & Geology Department,DM OFFICE PATNA,Mr. Kartik Kumar,MDO,Mines & Geology Department,5231250.0,5000.0,3540.0,True,"{'Flood': 0, 'Embankment': 0, 'embkt': 0, 'Relief': 0, 'Erosion': 0, 'SDRF': 0, 'Inundation': 0, 'Hydrology': 0, 'Silt': 0, 'Siltation': 0, 'Bund': 0, 'Trench': 0, 'Breach': 0, 'Culvert': 0, 'Sluice': 0, 'Dyke': 0, 'Storm water drain': 0, 'Emergency': 0, 'Immediate': 0, 'IM': 0, 'AE': 0, 'A E': 2, 'AAPDA MITRA': 0, 'Bridge': 0, 'River': 0, 'Drain': 0, 'Restoration': 0, 'Protection': 0, 'irr': 0, 'irrigation': 0, 'dam': 0, 'Nallah': 0, 'nala': 0, 'Retrofitting': 0, 'Pond': 0, 'Pokhari': 0, 'D/C': 0, 'Recharge shaft': 0, 'LFB': 0, 'RFB': 0}","{'Floodlight': 0, 'Flood Light': 0, 'GAS': 0, 'FIFA': 0, 'pipe': 0, 'pipes': 0, 'covid': 0, 'supply': 0, 'Beautification': 0, 'Installation': 0}",,,False,False,Others
106904,MGD/Lt- 1706/25-26/ Patna Ganga 22-A,E-Auction for Settlement of Sand ghats of Patna Ganga 22-A,E-Auction for Settlement of Sand ghats of Patna Ganga 22-A,24840000.0,INR,INR,2025-07-30 13:24:26+00:00,2025-07-30T08:17:03.132000+00:00,2025-08-08T11:31:00+00:00,Mr. Kartik Kumar,MDO,Mines & Geology Department,DM OFFICE PATNA,Mr. Kartik Kumar,MDO,Mines & Geology Department,6210000.0,5000.0,3540.0,True,"{'Flood': 0, 'Embankment': 0, 'embkt': 0, 'Relief': 0, 'Erosion': 0, 'SDRF': 0, 'Inundation': 0, 'Hydrology': 0, 'Silt': 0, 'Siltation': 0, 'Bund': 0, 'Trench': 0, 'Breach': 0, 'Culvert': 0, 'Sluice': 0, 'Dyke': 0, 'Storm water drain': 0, 'Emergency': 0, 'Immediate': 0, 'IM': 0, 'AE': 0, 'A E': 2, 'AAPDA MITRA': 0, 'Bridge': 0, 'River': 0, 'Drain': 0, 'Restoration': 0, 'Protection': 0, 'irr': 0, 'irrigation': 0, 'dam': 0, 'Nallah': 0, 'nala': 0, 'Retrofitting': 0, 'Pond': 0, 'Pokhari': 0, 'D/C': 0, 'Recharge shaft': 0, 'LFB': 0, 'RFB': 0}","{'Floodlight': 0, 'Flood Light': 0, 'GAS': 0, 'FIFA': 0, 'pipe': 0, 'pipes': 0, 'covid': 0, 'supply': 0, 'Beautification': 0, 'Installation': 0}",,,False,False,Others
106908,MGD/Lt- 1706/25-26/ Patna Ganga 23-A,E-Auction for Settlement of Sand ghats of Patna Ganga 23-A,E-Auction for Settlement of Sand ghats of Patna Ganga 23-A,15255000.0,INR,INR,2025-07-30 13:27:06+00:00,2025-07-30T08:23:10.904000+00:00,2025-08-08T11:31:00+00:00,Mr. Kartik Kumar,MDO,Mines & Geology Department,DM OFFICE PATNA,Mr. Kartik Kumar,MDO,Mines & Geology Department,3813750.0,5000.0,3540.0,True,"{'Flood': 0, 'Embankment': 0, 'embkt': 0, 'Relief': 0, 'Erosion': 0, 'SDRF': 0, 'Inundation': 0, 'Hydrology': 0, 'Silt': 0, 'Siltation': 0, 'Bund': 0, 'Trench': 0, 'Breach': 0, 'Culvert': 0, 'Sluice': 0, 'Dyke': 0, 'Storm water drain': 0, 'Emergency': 0, 'Immediate': 0, 'IM': 0, 'AE': 0, 'A E': 2, 'AAPDA MITRA': 0, 'Bridge': 0, 'River': 0, 'Drain': 0, 'Restoration': 0, 'Protection': 0, 'irr': 0, 'irrigation': 0, 'dam': 0, 'Nallah': 0, 'nala': 0, 'Retrofitting': 0, 'Pond': 0, 'Pokhari': 0, 'D/C': 0, 'Recharge shaft': 0, 'LFB': 0, 'RFB': 0}","{'Floodlight': 0, 'Flood Light': 0, 'GAS': 0, 'FIFA': 0, 'pipe': 0, 'pipes': 0, 'covid': 0, 'supply': 0, 'Beautification': 0, 'Installation': 0}",,,False,False,Others
106916,MGD/Lt-1706/25-26/ Patna Ganga 26-A,E-Auction for Settlement of Sand ghats of Patna Ganga 26-A,E-Auction for Settlement of Sand ghats of Patna Ganga 26-A,17955000.0,INR,INR,2025-07-30 13:35:23+00:00,2025-07-30T08:40:17.229000+00:00,2025-08-08T11:31:00+00:00,Mr. Kartik Kumar,MDO,Mines & Geology Department,DM OFFICE PATNA,Mr. Kartik Kumar,MDO,Mines & Geology Department,4488750.0,5000.0,3540.0,True,"{'Flood': 0, 'Embankment': 0, 'embkt': 0, 'Relief': 0, 'Erosion': 0, 'SDRF': 0, 'Inundation': 0, 'Hydrology': 0, 'Silt': 0, 'Siltation': 0, 'Bund': 0, 'Trench': 0, 'Breach': 0, 'Culvert': 0, 'Sluice': 0, 'Dyke': 0, 'Storm water drain': 0, 'Emergency': 0, 'Immediate': 0, 'IM': 0, 'AE': 0, 'A E': 2, 'AAPDA MITRA': 0, 'Bridge': 0, 'River': 0, 'Drain': 0, 'Restoration': 0, 'Protection': 0, 'irr': 0, 'irrigation': 0, 'dam': 0, 'Nallah': 0, 'nala': 0, 'Retrofitting': 0, 'Pond': 0, 'Pokhari': 0, 'D/C': 0, 'Recharge shaft': 0, 'LFB': 0, 'RFB': 0}","{'Floodlight': 0, 'Flood Light': 0, 'GAS': 0, 'FIFA': 0, 'pipe': 0, 'pipes': 0, 'covid': 0, 'supply': 0, 'Beautification': 0, 'Installation': 0}",,,False,False,Others
106918,NIT-07/2025-26 G-16,Construction of Road with Nala from Niraj Verma house Pappi Verma  house Ward No-12 in Nagar Parishad Araria,Construction of Road with Nala from Niraj Verma house Pappi Verma  house Ward No-12 in Nagar Parishad Araria,1482430.0,INR,INR,2025-07-31 02:11:47+00:00,2025-07-30T08:47:26.914000+00:00,2025-08-06T11:30:05+00:00,"EXECUTIVE OFFICER , NAGAR PARISHAD ARARIA",EO,NAGAR PARISHAD ARARIA,NAGAR PARISHAD ARARIA,"EXECUTIVE OFFICER, NAGAR PARISHAD ARARAI",EO,NAGAR PARISHAD ARARIA,29700.0,2500.0,590.0,True,"{'Flood': 0, 'Embankment': 0, 'embkt': 0, 'Relief': 0, 'Erosion': 0, 'SDRF': 0, 'Inundation': 0, 'Hydrology': 0, 'Silt': 0, 'Siltation': 0, 'Bund': 0, 'Trench': 0, 'Breach': 0, 'Culvert': 0, 'Sluice': 0, 'Dyke': 0, 'Storm water drain': 0, 'Emergency': 0, 'Immediate': 0, 'IM': 0, 'AE': 0, 'A E': 0, 'AAPDA MITRA': 0, 'Bridge': 0, 'River': 0, 'Drain': 0, 'Restoration': 0, 'Protection': 0, 'irr': 0, 'irrigation': 0, 'dam': 0, 'Nallah': 0, 'nala': 2, 'Retrofitting': 0, 'Pond': 0, 'Pokhari': 0, 'D/C': 0, 'Recharge shaft': 0, 'LFB': 0, 'RFB': 0}","{'Floodlight': 0, 'Flood Light': 0, 'GAS': 0, 'FIFA': 0, 'pipe': 0, 'pipes': 0, 'covid': 0, 'supply': 0, 'Beautification': 0, 'Installation': 0}",,,False,True,Others
106920,MGD/Lt-1706/25-26/ Patna Ganga 27-A,E-Auction for Settlement of Sand ghats of Patna Ganga 27-A,E-Auction for Settlement of Sand ghats of Patna Ganga 27-A,22005000.0,INR,INR,2025-07-30 13:37:33+00:00,2025-07-30T08:57:09.478000+00:00,2025-08-08T11:31:00+00:00,Mr. Kartik Kumar,MDO,Mines & Geology Department,DM OFFICE PATNA,Mr. Kartik Kumar,MDO,Mines & Geology Department,5501250.0,5000.0,3540.0,True,"{'Flood': 0, 'Embankment': 0, 'embkt': 0, 'Relief': 0, 'Erosion': 0, 'SDRF': 0, 'Inundation': 0, 'Hydrology': 0, 'Silt': 0, 'Siltation': 0, 'Bund': 0, 'Trench': 0, 'Breach': 0, 'Culvert': 0, 'Sluice': 0, 'Dyke': 0, 'Storm water drain': 0, 'Emergency': 0, 'Immediate': 0, 'IM': 0, 'AE': 0, 'A E': 2, 'AAPDA MITRA': 0, 'Bridge': 0, 'River': 0, 'Drain': 0, 'Restoration': 0, 'Protection': 0, 'irr': 0, 'irrigation': 0, 'dam': 0, 'Nallah': 0, 'nala': 0, 'Retrofitting': 0, 'Pond': 0, 'Pokhari': 0, 'D/C': 0, 'Recharge shaft': 0, 'LFB': 0, 'RFB': 0}","{'Floodlight': 0, 'Flood Light': 0, 'GAS': 0, 'FIFA': 0, 'pipe': 0, 'pipes': 0, 'covid': 0, 'supply': 0, 'Beautification': 0, 'Installation': 0}",,,False,False,Others
106926,MGD/Lt-1701/25-26/ Patna Ganga 28-A,E-Auction for Settlement of Sand ghats of Patna Ganga 28-A,E-Auction for Settlement of Sand ghats of Patna Ganga 28-A,15930000.0,INR,INR,2025-07-30 13:43:46+00:00,2025-07-30T09:13:41.589000+00:00,2025-08-08T11:31:00+00:00,Mr. Kartik Kumar,MDO,Mines & Geology Department,DM OFFICE PATNA,Mr. Kartik Kumar,MDO,Mines & Geology Department,3982500.0,5000.0,3540.0,True,"{'Flood': 0, 'Embankment': 0, 'embkt': 0, 'Relief': 0, 'Erosion': 0, 'SDRF': 0, 'Inundation': 0, 'Hydrology': 0, 'Silt': 0, 'Siltation': 0, 'Bund': 0, 'Trench': 0, 'Breach': 0, 'Culvert': 0, 'Sluice': 0, 'Dyke': 0, 'Storm water drain': 0, 'Emergency': 0, 'Immediate': 0, 'IM': 0, 'AE': 0, 'A E': 2, 'AAPDA MITRA': 0, 'Bridge': 0, 'River': 0, 'Drain': 0, 'Restoration': 0, 'Protection': 0, 'irr': 0, 'irrigation': 0, 'dam': 0, 'Nallah': 0, 'nala': 0, 'Retrofitting': 0, 'Pond': 0, 'Pokhari': 0, 'D/C': 0, 'Recharge shaft': 0, 'LFB': 0, 'RFB': 0}","{'Floodlight': 0, 'Flood Light': 0, 'GAS': 0, 'FIFA': 0, 'pipe': 0, 'pipes': 0, 'covid': 0, 'supply': 0, 'Beautification': 0, 'Installation': 0}",,,False,False,Others
106922,NIT-07/2025-26 G-18,Construction of Nala from Rahul Chowdhri house to Roashan Veram house Ward No-12 in Nagar Parishad Araria,Construction of Nala from Rahul Chowdhri house to Roashan Veram house Ward No-12 in Nagar Parishad Araria,1650378.0,INR,INR,2025-07-31 02:06:51+00:00,2025-07-30T09:01:52.033000+00:00,2025-08-06T11:30:05+00:00,"EXECUTIVE OFFICER , NAGAR PARISHAD ARARIA",EO,NAGAR PARISHAD ARARIA,NAGAR PARISHAD ARARIA,"EXECUTIVE OFFICER, NAGAR PARISHAD ARARAI",EO,NAGAR PARISHAD ARARIA,33100.0,5000.0,590.0,True,"{'Flood': 0, 'Embankment': 0, 'embkt': 0, 'Relief': 0, 'Erosion': 0, 'SDRF': 0, 'Inundation': 0, 'Hydrology': 0, 'Silt': 0, 'Siltation': 0, 'Bund': 0, 'Trench': 0, 'Breach': 0, 'Culvert': 0, 'Sluice': 0, 'Dyke': 0, 'Storm water drain': 0, 'Emergency': 0, 'Immediate': 0, 'IM': 0, 'AE': 0, 'A E': 0, 'AAPDA MITRA': 0, 'Bridge': 0, 'River': 0, 'Drain': 0, 'Restoration': 0, 'Protection': 0, 'irr': 0, 'irrigation': 0, 'dam': 0, 'Nallah': 0, 'nala': 2, 'Retrofitting': 0, 'Pond': 0, 'Pokhari': 0, 'D/C': 0, 'Recharge shaft': 0, 'LFB': 0, 'RFB': 0}","{'Floodlight': 0, 'Flood Light': 0, 'GAS': 0, 'FIFA': 0, 'pipe': 0, 'pipes': 0, 'covid': 0, 'supply': 0, 'Beautification': 0, 'Installation': 0}",,,False,False,Others
106938,NIT-07/2025-26 G-22,Construction of R.C.C. nala from Vijay Shrma house to Uma Devi School Ward No-14 in Nagar Parishad Araria,Construction of R.C.C. nala from Vijay Shrma house to Uma Devi School Ward No-14 in Nagar Parishad Araria,1962900.0,INR,INR,2025-07-31 01:55:51+00:00,2025-07-30T09:38:04.539000+00:00,2025-08-22T09:46:20+00:00,"EXECUTIVE OFFICER , NAGAR PARISHAD ARARIA",EO,NAGAR PARISHAD ARARIA,NAGAR PARISHAD ARARIA,"EXECUTIVE OFFICER, NAGAR PARISHAD ARARAI",EO,NAGAR PARISHAD ARARIA,39300.0,5000.0,590.0,True,"{'Flood': 0, 'Embankment': 0, 'embkt': 0, 'Relief': 0, 'Erosion': 0, 'SDRF': 0, 'Inundation': 0, 'Hydrology': 0, 'Silt': 0, 'Siltation': 0, 'Bund': 0, 'Trench': 0, 'Breach': 0, 'Culvert': 0, 'Sluice': 0, 'Dyke': 0, 'Storm water drain': 0, 'Emergency': 0, 'Immediate': 0, 'IM': 0, 'AE': 0, 'A E': 0, 'AAPDA MITRA': 0, 'Bridge': 0, 'River': 0, 'Drain': 0, 'Restoration': 0, 'Protection': 0, 'irr': 0, 'irrigation': 0, 'dam': 0, 'Nallah': 0, 'nala': 2, 'Retrofitting': 0, 'Pond': 0, 'Pokhari': 0, 'D/C': 0, 'Recharge shaft': 0, 'LFB': 0, 'RFB': 0}","{'Floodlight': 0, 'Flood Light': 0, 'GAS': 0, 'FIFA': 0, 'pipe': 0, 'pipes': 0, 'covid': 0, 'supply': 0, 'Beautification': 0, 'Installation': 0}",,,False,False,Others
106935,NIT-07/2025-26 G-21,Construction of R.C.C. nala from Uma Devi School to Yamuna Mahavidyalaya Ward No-14 in Nagar Parishad Araria,Construction of R.C.C. nala from Uma Devi School to Yamuna Mahavidyalaya Ward No-14 in Nagar Parishad Araria,1577065.0,INR,INR,2025-07-31 01:57:44+00:00,2025-07-30T09:31:21.596000+00:00,2025-08-22T10:20:52+00:00,"EXECUTIVE OFFICER , NAGAR PARISHAD ARARIA",EO,NAGAR PARISHAD ARARIA,NAGAR PARISHAD ARARIA,"EXECUTIVE OFFICER, NAGAR PARISHAD ARARAI",EO,NAGAR PARISHAD ARARIA,31600.0,5000.0,590.0,True,"{'Flood': 0, 'Embankment': 0, 'embkt': 0, 'Relief': 0, 'Erosion': 0, 'SDRF': 0, 'Inundation': 0, 'Hydrology': 0, 'Silt': 0, 'Siltation': 0, 'Bund': 0, 'Trench': 0, 'Breach': 0, 'Culvert': 0, 'Sluice': 0, 'Dyke': 0, 'Storm water drain': 0, 'Emergency': 0, 'Immediate': 0, 'IM': 0, 'AE': 0, 'A E': 0, 'AAPDA MITRA': 0, 'Bridge': 0, 'River': 0, 'Drain': 0, 'Restoration': 0, 'Protection': 0, 'irr': 0, 'irrigation': 0, 'dam': 0, 'Nallah': 0, 'nala': 2, 'Retrofitting': 0, 'Pond': 0, 'Pokhari': 0, 'D/C': 0, 'Recharge shaft': 0, 'LFB': 0, 'RFB': 0}","{'Floodlight': 0, 'Flood Light': 0, 'GAS': 0, 'FIFA': 0, 'pipe': 0, 'pipes': 0, 'covid': 0, 'supply': 0, 'Beautification': 0, 'Installation': 0}",,,False,False,Others
106941,NIT-07/2025-26 G-23,Construction of Nala from Ranjeet Singh house to Lal Pakka (Main Nala)  Ward No-15 in Nagar Parishad Araria,Construction of Nala from Ranjeet Singh house to Lal Pakka (Main Nala)  Ward No-15 in Nagar Parishad Araria,1777994.0,INR,INR,2025-07-31 01:53:26+00:00,2025-07-30T09:42:15.283000+00:00,2025-08-12T04:21:57+00:00,"EXECUTIVE OFFICER , NAGAR PARISHAD ARARIA",EO,NAGAR PARISHAD ARARIA,NAGAR PARISHAD ARARIA,"EXECUTIVE OFFICER, NAGAR PARISHAD ARARAI",EO,NAGAR PARISHAD ARARIA,35600.0,5000.0,590.0,True,"{'Flood': 0, 'Embankment': 0, 'embkt': 0, 'Relief': 0, 'Erosion': 0, 'SDRF': 0, 'Inundation': 0, 'Hydrology': 0, 'Silt': 0, 'Siltation': 0, 'Bund': 0, 'Trench': 0, 'Breach': 0, 'Culvert': 0, 'Sluice': 0, 'Dyke': 0, 'Storm water drain': 0, 'Emergency': 0, 'Immediate': 0, 'IM': 0, 'AE': 0, 'A E': 0, 'AAPDA MITRA': 0, 'Bridge': 0, 'River': 0, 'Drain': 0, 'Restoration': 0, 'Protection': 0, 'irr': 0, 'irrigation': 0, 'dam': 0, 'Nallah': 0, 'nala': 4, 'Retrofitting': 0, 'Pond': 0, 'Pokhari': 0, 'D/C': 0, 'Recharge shaft': 0, 'LFB': 0, 'RFB': 0}","{'Floodlight': 0, 'Flood Light': 0, 'GAS': 0, 'FIFA': 0, 'pipe': 0, 'pipes': 0, 'covid': 0, 'supply': 0, 'Beautification': 0, 'Installation': 0}",,,False,False,Others
106946,NIT-07/2025-26 G-26,Construction of R.C.C. Nala  from Noman house to Dr. Arshad house Via-Khalid Master house Ward No-18 in Nagar Parishad Araria,Construction of R.C.C. Nala  from Noman house to Dr. Arshad house Via-Khalid Master house Ward No-18 in Nagar Parishad Araria,1478622.0,INR,INR,2025-07-31 01:46:16+00:00,2025-07-30T10:02:14.427000+00:00,2025-08-12T10:00:14+00:00,"EXECUTIVE OFFICER , NAGAR PARISHAD ARARIA",EO,NAGAR PARISHAD ARARIA,NAGAR PARISHAD ARARIA,"EXECUTIVE OFFICER, NAGAR PARISHAD ARARAI",EO,NAGAR PARISHAD ARARIA,29600.0,2500.0,590.0,True,"{'Flood': 0, 'Embankment': 0, 'embkt': 0, 'Relief': 0, 'Erosion': 0, 'SDRF': 0, 'Inundation': 0, 'Hydrology': 0, 'Silt': 0, 'Siltation': 0, 'Bund': 0, 'Trench': 0, 'Breach': 0, 'Culvert': 0, 'Sluice': 0, 'Dyke': 0, 'Storm water drain': 0, 'Emergency': 0, 'Immediate': 0, 'IM': 0, 'AE': 0, 'A E': 0, 'AAPDA MITRA': 0, 'Bridge': 0, 'River': 0, 'Drain': 0, 'Restoration': 0, 'Protection': 0, 'irr': 0, 'irrigation': 0, 'dam': 0, 'Nallah': 0, 'nala': 2, 'Retrofitting': 0, 'Pond': 0, 'Pokhari': 0, 'D/C': 0, 'Recharge shaft': 0, 'LFB': 0, 'RFB': 0}","{'Floodlight': 0, 'Flood Light': 0, 'GAS': 0, 'FIFA': 0, 'pipe': 0, 'pipes': 0, 'covid': 0, 'supply': 0, 'Beautification': 0, 'Installation': 0}",,,False,False,Others
106951,NIT No 07/2025-26/ Gr 01,CONSTRUCTION OF RCC DRAIN FROM THE HOUSE OF ZAFAR HASAN TO SUBHASH CHOWK  IN WARD NO-06 UNDER NAGAR PARISHAD JALE.,CONSTRUCTION OF RCC DRAIN FROM THE HOUSE OF ZAFAR HASAN TO SUBHASH CHOWK  IN WARD NO-06 UNDER NAGAR PARISHAD JALE.,2734383.0,INR,INR,2025-07-30 17:24:35+00:00,2025-07-30T10:33:19.499000+00:00,2025-10-03T10:20:22+00:00,AJAY KUMAR,EXECUTIVE OFFICER,NAGAR PARISHAD BARAUNI,BARAUNI,AJAY KUMAR,EXECUTIVE OFFICER,NAGAR PARISHAD KANTI,54688.0,5000.0,590.0,True,"{'Flood': 0, 'Embankment': 0, 'embkt': 0, 'Relief': 0, 'Erosion': 0, 'SDRF': 0, 'Inundation': 0, 'Hydrology': 0, 'Silt': 0, 'Siltation': 0, 'Bund': 0, 'Trench': 0, 'Breach': 0, 'Culvert': 0, 'Sluice': 0, 'Dyke': 0, 'Storm water drain': 0, 'Emergency': 0, 'Immediate': 0, 'IM': 0, 'AE': 0, 'A E': 0, 'AAPDA MITRA': 0, 'Bridge': 0, 'River': 0, 'Drain': 2, 'Restoration': 0, 'Protection': 0, 'irr': 0, 'irrigation': 0, 'dam': 0, 'Nallah': 0, 'nala': 0, 'Retrofitting': 0, 'Pond': 0, 'Pokhari': 0, 'D/C': 0, 'Recharge shaft': 0, 'LFB': 0, 'RFB': 0}","{'Floodlight': 0, 'Flood Light': 0, 'GAS': 0, 'FIFA': 0, 'pipe': 0, 'pipes': 0, 'covid': 0, 'supply': 0, 'Beautification': 0, 'Installation': 0}",,,False,True,Immediate Measures
106973,NIT-07/2025-26 G-29,Construction of Road with Nala from Suman Da house Via-Rehan Alam house to Gopal Prshad house Ward No-21 in Nagar Parishad Araria,Construction of Road with Nala from Suman Da house Via-Rehan Alam house to Gopal Prshad house Ward No-21 in Nagar Parishad Araria,1520179.0,INR,INR,2025-07-31 01:36:27+00:00,2025-07-30T11:40:01.356000+00:00,2025-08-12T09:52:10+00:00,"EXECUTIVE OFFICER , NAGAR PARISHAD ARARIA",EO,NAGAR PARISHAD ARARIA,NAGAR PARISHAD ARARIA,"EXECUTIVE OFFICER, NAGAR PARISHAD ARARAI",EO,NAGAR PARISHAD ARARIA,30500.0,5000.0,590.0,True,"{'Flood': 0, 'Embankment': 0, 'embkt': 0, 'Relief': 0, 'Erosion': 0, 'SDRF': 0, 'Inundation': 0, 'Hydrology': 0, 'Silt': 0, 'Siltation': 0, 'Bund': 0, 'Trench': 0, 'Breach': 0, 'Culvert': 0, 'Sluice': 0, 'Dyke': 0, 'Storm water drain': 0, 'Emergency': 0, 'Immediate': 0, 'IM': 0, 'AE': 0, 'A E': 0, 'AAPDA MITRA': 0, 'Bridge': 0, 'River': 0, 'Drain': 0, 'Restoration': 0, 'Protection': 0, 'irr': 0, 'irrigation': 0, 'dam': 0, 'Nallah': 0, 'nala': 2, 'Retrofitting': 0, 'Pond': 0, 'Pokhari': 0, 'D/C': 0, 'Recharge shaft': 0, 'LFB': 0, 'RFB': 0}","{'Floodlight': 0, 'Flood Light': 0, 'GAS': 0, 'FIFA': 0, 'pipe': 0, 'pipes': 0, 'covid': 0, 'supply': 0, 'Beautification': 0, 'Installation': 0}",,,False,True,Others
106972,NIT-07/2025-26 G-28,Construction of Nala  from Ibrar house to Hannan house Ward No-20 in Nagar Parishad Araria,Construction of Nala  from Ibrar house to Hannan house Ward No-20 in Nagar Parishad Araria,2465942.0,INR,INR,2025-07-31 01:39:22+00:00,2025-07-30T11:34:39.174000+00:00,2025-08-21T10:34:00+00:00,"EXECUTIVE OFFICER , NAGAR PARISHAD ARARIA",EO,NAGAR PARISHAD ARARIA,NAGAR PARISHAD ARARIA,"EXECUTIVE OFFICER, NAGAR PARISHAD ARARAI",EO,NAGAR PARISHAD ARARIA,49400.0,5000.0,590.0,True,"{'Flood': 0, 'Embankment': 0, 'embkt': 0, 'Relief': 0, 'Erosion': 0, 'SDRF': 0, 'Inundation': 0, 'Hydrology': 0, 'Silt': 0, 'Siltation': 0, 'Bund': 0, 'Trench': 0, 'Breach': 0, 'Culvert': 0, 'Sluice': 0, 'Dyke': 0, 'Storm water drain': 0, 'Emergency': 0, 'Immediate': 0, 'IM': 0, 'AE': 0, 'A E': 0, 'AAPDA MITRA': 0, 'Bridge': 0, 'River': 0, 'Drain': 0, 'Restoration': 0, 'Protection': 0, 'irr': 0, 'irrigation': 0, 'dam': 0, 'Nallah': 0, 'nala': 2, 'Retrofitting': 0, 'Pond': 0, 'Pokhari': 0, 'D/C': 0, 'Recharge shaft': 0, 'LFB': 0, 'RFB': 0}","{'Floodlight': 0, 'Flood Light': 0, 'GAS': 0, 'FIFA': 0, 'pipe': 0, 'pipes': 0, 'covid': 0, 'supply': 0, 'Beautification': 0, 'Installation': 0}",,,False,False,Others
106952,Short NIT No. 05/2025-26 Gr 02.,"Construction of paving of Hibharana Nala, underground drain and PCC road SH-75 near Shri Kishun Sah's shop in ward no. 04, 06 and 07 under Nagar Panchayat Kamtaul-Ahiari","Construction of paving of Hibharana Nala, underground drain and PCC road SH-75 near Shri Kishun Sah's shop in ward no. 04, 06 and 07 under Nagar Panchayat Kamtaul-Ahiari",28229581.0,INR,INR,2025-07-31 12:14:01+00:00,2025-07-30T10:40:30.199000+00:00,2025-08-08T11:31:27+00:00,PRINCY KUMARI,MUNICIPPLE  EXECUTIVE  OFFICER,UDHD KAMTAUL AHIYARI NAGAR PANCHAYAT,KAMTAUL AHIYARI NAGAR PANCHAYAT 847304,PRINCY KUMARI,MUNICIPPLE EXECUTIVE OFFICER,UDHD KAMTAUL AHIYARI NAGAR PANCHAYAT,564592.0,10000.0,3540.0,True,"{'Flood': 0, 'Embankment': 0, 'embkt': 0, 'Relief': 0, 'Erosion': 0, 'SDRF': 0, 'Inundation': 0, 'Hydrology': 0, 'Silt': 0, 'Siltation': 0, 'Bund': 0, 'Trench': 0, 'Breach': 0, 'Culvert': 0, 'Sluice': 0, 'Dyke': 0, 'Storm water drain': 0, 'Emergency': 0, 'Immediate': 0, 'IM': 0, 'AE': 0, 'A E': 0, 'AAPDA MITRA': 0, 'Bridge': 0, 'River': 0, 'Drain': 2, 'Restoration': 0, 'Protection': 0, 'irr': 0, 'irrigation': 0, 'dam': 0, 'Nallah': 0, 'nala': 2, 'Retrofitting': 0, 'Pond': 0, 'Pokhari': 0, 'D/C': 0, 'Recharge shaft': 0, 'LFB': 0, 'RFB': 0}","{'Floodlight': 0, 'Flood Light': 0, 'GAS': 0, 'FIFA': 0, 'pipe': 0, 'pipes': 0, 'covid': 0, 'supply': 0, 'Beautification': 0, 'Installation': 0}",,,False,True,Immediate Measures
106978,NIT No. 06/2025-26/ Gr 01,"Construction of road and drain from Jale Police Station Under Nagar Parishad Jale, via Jale Bazar Mahadev Temple Bhatahi to Jale BeldarToli SH-97","Construction of road and drain from Jale Police Station Under Nagar Parishad Jale, via Jale Bazar Mahadev Temple Bhatahi to Jale BeldarToli SH-97",91971384.0,INR,INR,2025-07-31 07:42:44+00:00,2025-07-30T11:46:34.165000+00:00,2025-09-27T17:36:16+00:00,AJAY KUMAR,EXECUTIVE OFFICER,NAGAR PARISHAD BARAUNI,BARAUNI,AJAY KUMAR,EXECUTIVE OFFICER,NAGAR PARISHAD KANTI,1839428.0,10000.0,5900.0,True,"{'Flood': 0, 'Embankment': 0, 'embkt': 0, 'Relief': 0, 'Erosion': 0, 'SDRF': 0, 'Inundation': 0, 'Hydrology': 0, 'Silt': 0, 'Siltation': 0, 'Bund': 0, 'Trench': 0, 'Breach': 0, 'Culvert': 0, 'Sluice': 0, 'Dyke': 0, 'Storm water drain': 0, 'Emergency': 0, 'Immediate': 0, 'IM': 0, 'AE': 0, 'A E': 0, 'AAPDA MITRA': 0, 'Bridge': 0, 'River': 0, 'Drain': 2, 'Restoration': 0, 'Protection': 0, 'irr': 0, 'irrigation': 0, 'dam': 0, 'Nallah': 0, 'nala': 0, 'Retrofitting': 0, 'Pond': 0, 'Pokhari': 0, 'D/C': 0, 'Recharge shaft': 0, 'LFB': 0, 'RFB': 0}","{'Floodlight': 0, 'Flood Light': 0, 'GAS': 0, 'FIFA': 0, 'pipe': 0, 'pipes': 0, 'covid': 0, 'supply': 0, 'Beautification': 0, 'Installation': 0}",,,False,True,Immediate Measures
106977,NIT-07/2025-26 G-30,Construction of Nala from S.D.O. Main road to Mahila Thana & SC/ST Thana Ward No-22 in Nagar Parishad Araria,Construction of Nala from S.D.O. Main road to Mahila Thana & SC/ST Thana Ward No-22 in Nagar Parishad Araria,2311937.0,INR,INR,2025-07-31 01:34:11+00:00,2025-07-30T11:45:49.754000+00:00,2025-08-12T10:02:32+00:00,"EXECUTIVE OFFICER , NAGAR PARISHAD ARARIA",EO,NAGAR PARISHAD ARARIA,NAGAR PARISHAD ARARIA,"EXECUTIVE OFFICER, NAGAR PARISHAD ARARAI",EO,NAGAR PARISHAD ARARIA,46300.0,5000.0,590.0,True,"{'Flood': 0, 'Embankment': 0, 'embkt': 0, 'Relief': 0, 'Erosion': 0, 'SDRF': 0, 'Inundation': 0, 'Hydrology': 0, 'Silt': 0, 'Siltation': 0, 'Bund': 0, 'Trench': 0, 'Breach': 0, 'Culvert': 0, 'Sluice': 0, 'Dyke': 0, 'Storm water drain': 0, 'Emergency': 0, 'Immediate': 0, 'IM': 0, 'AE': 0, 'A E': 0, 'AAPDA MITRA': 0, 'Bridge': 0, 'River': 0, 'Drain': 0, 'Restoration': 0, 'Protection': 0, 'irr': 0, 'irrigation': 0, 'dam': 0, 'Nallah': 0, 'nala': 2, 'Retrofitting': 0, 'Pond': 0, 'Pokhari': 0, 'D/C': 0, 'Recharge shaft': 0, 'LFB': 0, 'RFB': 0}","{'Floodlight': 0, 'Flood Light': 0, 'GAS': 0, 'FIFA': 0, 'pipe': 0, 'pipes': 0, 'covid': 0, 'supply': 0, 'Beautification': 0, 'Installation': 0}",,,False,True,Others
106985,NIT-07/2025-26 G-34,Construction of Nala Slab from Meer Gate to Masjid corner Ward No-26 in Nagar Parishad Araria,Construction of Nala Slab from Meer Gate to Masjid corner Ward No-26 in Nagar Parishad Araria,1358539.0,INR,INR,2025-07-31 01:24:50+00:00,2025-07-30T12:09:18.664000+00:00,2025-08-21T09:58:21+00:00,"EXECUTIVE OFFICER , NAGAR PARISHAD ARARIA",EO,NAGAR PARISHAD ARARIA,NAGAR PARISHAD ARARIA,"EXECUTIVE OFFICER, NAGAR PARISHAD ARARAI",EO,NAGAR PARISHAD ARARIA,27200.0,2500.0,590.0,True,"{'Flood': 0, 'Embankment': 0, 'embkt': 0, 'Relief': 0, 'Erosion': 0, 'SDRF': 0, 'Inundation': 0, 'Hydrology': 0, 'Silt': 0, 'Siltation': 0, 'Bund': 0, 'Trench': 0, 'Breach': 0, 'Culvert': 0, 'Sluice': 0, 'Dyke': 0, 'Storm water drain': 0, 'Emergency': 0, 'Immediate': 0, 'IM': 0, 'AE': 0, 'A E': 0, 'AAPDA MITRA': 0, 'Bridge': 0, 'River': 0, 'Drain': 0, 'Restoration': 0, 'Protection': 0, 'irr': 0, 'irrigation': 0, 'dam': 0, 'Nallah': 0, 'nala': 2, 'Retrofitting': 0, 'Pond': 0, 'Pokhari': 0, 'D/C': 0, 'Recharge shaft': 0, 'LFB': 0, 'RFB': 0}","{'Floodlight': 0, 'Flood Light': 0, 'GAS': 0, 'FIFA': 0, 'pipe': 0, 'pipes': 0, 'covid': 0, 'supply': 0, 'Beautification': 0, 'Installation': 0}",,,False,False,Others
106984,NIT-10/2025-26/GR02,Construction of pcc road & Culvert from H/O-Jai Prakash Ji to Sunbeam Acadmy School towards Prashant ji in Kharkhura Nandraj Bigha in ward no 03 under GMC GAYA,Construction of pcc road & Culvert from H/O-Jai Prakash Ji to Sunbeam Acadmy School towards Prashant ji in Kharkhura Nandraj Bigha in ward no 03 under GMC GAYA,1662718.0,INR,INR,2025-07-30 12:09:11+00:00,2025-07-30T12:06:58.468000+00:00,2025-08-12T07:49:42+00:00,KUMAR ANURAG,MUNICIPAL COMMISSIONER GAYA,GAYA MUNICIPAL CORPORATION,NEAR KEDARNATH MARKET GAYA,KUMAR ANURAG,MUNICIPAL COMMISSIONER GAYA,GAYA MUNICIPAL CORPORATION,33254.0,5000.0,590.0,True,"{'Flood': 0, 'Embankment': 0, 'embkt': 0, 'Relief': 0, 'Erosion': 0, 'SDRF': 0, 'Inundation': 0, 'Hydrology': 0, 'Silt': 0, 'Siltation': 0, 'Bund': 0, 'Trench': 0, 'Breach': 0, 'Culvert': 2, 'Sluice': 0, 'Dyke': 0, 'Storm water drain': 0, 'Emergency': 0, 'Immediate': 0, 'IM': 0, 'AE': 0, 'A E': 0, 'AAPDA MITRA': 0, 'Bridge': 0, 'River': 0, 'Drain': 0, 'Restoration': 0, 'Protection': 0, 'irr': 0, 'irrigation': 0, 'dam': 0, 'Nallah': 0, 'nala': 0, 'Retrofitting': 0, 'Pond': 0, 'Pokhari': 0, 'D/C': 0, 'Recharge shaft': 0, 'LFB': 0, 'RFB': 0}","{'Floodlight': 0, 'Flood Light': 0, 'GAS': 0, 'FIFA': 0, 'pipe': 0, 'pipes': 0, 'covid': 0, 'supply': 0, 'Beautification': 0, 'Installation': 0}",,,False,True,Immediate Measures
106981,NIT-07/2025-26 G-32,Construction of Nala from Gopal Das house to Pampam Choudhri house Ward No-23 in Nagar Parishad Araria,Construction of Nala from Gopal Das house to Pampam Choudhri house Ward No-23 in Nagar Parishad Araria,1379727.0,INR,INR,2025-07-31 01:30:01+00:00,2025-07-30T11:58:33.091000+00:00,2025-08-21T10:15:34+00:00,"EXECUTIVE OFFICER , NAGAR PARISHAD ARARIA",EO,NAGAR PARISHAD ARARIA,NAGAR PARISHAD ARARIA,"EXECUTIVE OFFICER, NAGAR PARISHAD ARARAI",EO,NAGAR PARISHAD ARARIA,27600.0,2500.0,590.0,True,"{'Flood': 0, 'Embankment': 0, 'embkt': 0, 'Relief': 0, 'Erosion': 0, 'SDRF': 0, 'Inundation': 0, 'Hydrology': 0, 'Silt': 0, 'Siltation': 0, 'Bund': 0, 'Trench': 0, 'Breach': 0, 'Culvert': 0, 'Sluice': 0, 'Dyke': 0, 'Storm water drain': 0, 'Emergency': 0, 'Immediate': 0, 'IM': 0, 'AE': 0, 'A E': 0, 'AAPDA MITRA': 0, 'Bridge': 0, 'River': 0, 'Drain': 0, 'Restoration': 0, 'Protection': 0, 'irr': 0, 'irrigation': 0, 'dam': 0, 'Nallah': 0, 'nala': 2, 'Retrofitting': 0, 'Pond': 0, 'Pokhari': 0, 'D/C': 0, 'Recharge shaft': 0, 'LFB': 0, 'RFB': 0}","{'Floodlight': 0, 'Flood Light': 0, 'GAS': 0, 'FIFA': 0, 'pipe': 0, 'pipes': 0, 'covid': 0, 'supply': 0, 'Beautification': 0, 'Installation': 0}",,,False,False,Others
106975,NIT-10/2025-26/GR01,"Construction of R.C.C. Drain & P.C.C. Road From H/O- Dr. Uday Kumar Mishra to H/O-Sunil Kumar Mishra via H/O-Ajay Kumar Gupta at Moh-Kharkhura Bhatt Bigha Road No-05 Under G.M.C. Ward No-01, Gaya.","Construction of R.C.C. Drain & P.C.C. Road From H/O- Dr. Uday Kumar Mishra to H/O-Sunil Kumar Mishra via H/O-Ajay Kumar Gupta at Moh-Kharkhura Bhatt Bigha Road No-05 Under G.M.C. Ward No-01, Gaya.",1355500.0,INR,INR,2025-07-30 11:55:37+00:00,2025-07-30T11:44:38.309000+00:00,2025-08-12T07:52:18+00:00,KUMAR ANURAG,MUNICIPAL COMMISSIONER GAYA,GAYA MUNICIPAL CORPORATION,NEAR KEDARNATH MARKET GAYA,KUMAR ANURAG,MUNICIPAL COMMISSIONER GAYA,GAYA MUNICIPAL CORPORATION,27110.0,1250.0,590.0,True,"{'Flood': 0, 'Embankment': 0, 'embkt': 0, 'Relief': 0, 'Erosion': 0, 'SDRF': 0, 'Inundation': 0, 'Hydrology': 0, 'Silt': 0, 'Siltation': 0, 'Bund': 0, 'Trench': 0, 'Breach': 0, 'Culvert': 0, 'Sluice': 0, 'Dyke': 0, 'Storm water drain': 0, 'Emergency': 0, 'Immediate': 0, 'IM': 0, 'AE': 0, 'A E': 0, 'AAPDA MITRA': 0, 'Bridge': 0, 'River': 0, 'Drain': 2, 'Restoration': 0, 'Protection': 0, 'irr': 0, 'irrigation': 0, 'dam': 0, 'Nallah': 0, 'nala': 0, 'Retrofitting': 0, 'Pond': 0, 'Pokhari': 0, 'D/C': 0, 'Recharge shaft': 0, 'LFB': 0, 'RFB': 0}","{'Floodlight': 0, 'Flood Light': 0, 'GAS': 0, 'FIFA': 0, 'pipe': 0, 'pipes': 0, 'covid': 0, 'supply': 0, 'Beautification': 0, 'Installation': 0}",,,False,True,Immediate Measures
106988,NIT-10/2025-26/GR04,Construction of P.C.C. Road and R.C.C. Drain from pretshila road to H/O-Suresh yadav to Mahendra prasad at mo- Adarsh nagar Pachbigahiya G.M.C. Ward No-4 Gaya.,Construction of P.C.C. Road and R.C.C. Drain from pretshila road to H/O-Suresh yadav to Mahendra prasad at mo- Adarsh nagar Pachbigahiya G.M.C. Ward No-4 Gaya.,1021500.0,INR,INR,2025-07-30 12:17:06+00:00,2025-07-30T12:14:21.273000+00:00,2025-12-05T09:07:56+00:00,KUMAR ANURAG,MUNICIPAL COMMISSIONER GAYA,GAYA MUNICIPAL CORPORATION,NEAR KEDARNATH MARKET GAYA,KUMAR ANURAG,MUNICIPAL COMMISSIONER GAYA,GAYA MUNICIPAL CORPORATION,20430.0,2500.0,590.0,True,"{'Flood': 0, 'Embankment': 0, 'embkt': 0, 'Relief': 0, 'Erosion': 0, 'SDRF': 0, 'Inundation': 0, 'Hydrology': 0, 'Silt': 0, 'Siltation': 0, 'Bund': 0, 'Trench': 0, 'Breach': 0, 'Culvert': 0, 'Sluice': 0, 'Dyke': 0, 'Storm water drain': 0, 'Emergency': 0, 'Immediate': 0, 'IM': 0, 'AE': 0, 'A E': 0, 'AAPDA MITRA': 0, 'Bridge': 0, 'River': 0, 'Drain': 2, 'Restoration': 0, 'Protection': 0, 'irr': 0, 'irrigation': 0, 'dam': 0, 'Nallah': 0, 'nala': 0, 'Retrofitting': 0, 'Pond': 0, 'Pokhari': 0, 'D/C': 0, 'Recharge shaft': 0, 'LFB': 0, 'RFB': 0}","{'Floodlight': 0, 'Flood Light': 0, 'GAS': 0, 'FIFA': 0, 'pipe': 0, 'pipes': 0, 'covid': 0, 'supply': 0, 'Beautification': 0, 'Installation': 0}",,,False,True,Immediate Measures
106989,NIT-07/2025-26 G-35,Construction of Nala with Paver Block Road from Rafat house to Jitendra house Ward No-26 in Nagar Parishad Araria,Construction of Nala with Paver Block Road from Rafat house to Jitendra house Ward No-26 in Nagar Parishad Araria,1444108.0,INR,INR,2025-07-31 01:22:22+00:00,2025-07-30T12:15:37.879000+00:00,2025-08-06T11:30:05+00:00,"EXECUTIVE OFFICER , NAGAR PARISHAD ARARIA",EO,NAGAR PARISHAD ARARIA,NAGAR PARISHAD ARARIA,"EXECUTIVE OFFICER, NAGAR PARISHAD ARARAI",EO,NAGAR PARISHAD ARARIA,28900.0,2500.0,590.0,True,"{'Flood': 0, 'Embankment': 0, 'embkt': 0, 'Relief': 0, 'Erosion': 0, 'SDRF': 0, 'Inundation': 0, 'Hydrology': 0, 'Silt': 0, 'Siltation': 0, 'Bund': 0, 'Trench': 0, 'Breach': 0, 'Culvert': 0, 'Sluice': 0, 'Dyke': 0, 'Storm water drain': 0, 'Emergency': 0, 'Immediate': 0, 'IM': 0, 'AE': 0, 'A E': 0, 'AAPDA MITRA': 0, 'Bridge': 0, 'River': 0, 'Drain': 0, 'Restoration': 0, 'Protection': 0, 'irr': 0, 'irrigation': 0, 'dam': 0, 'Nallah': 0, 'nala': 2, 'Retrofitting': 0, 'Pond': 0, 'Pokhari': 0, 'D/C': 0, 'Recharge shaft': 0, 'LFB': 0, 'RFB': 0}","{'Floodlight': 0, 'Flood Light': 0, 'GAS': 0, 'FIFA': 0, 'pipe': 0, 'pipes': 0, 'covid': 0, 'supply': 0, 'Beautification': 0, 'Installation': 0}",,,False,True,Others
106986,NIT-10/2025-26/GR03,Construction of P.C.C. Road and R.C.C. Drain from pretshila road to H/O-ravi ji at mo- jayhind Colony G.M.C. Ward No-4 Gaya.,Construction of P.C.C. Road and R.C.C. Drain from pretshila road to H/O-ravi ji at mo- jayhind Colony G.M.C. Ward No-4 Gaya.,1220900.0,INR,INR,2025-07-30 12:13:25+00:00,2025-07-30T12:09:58.272000+00:00,2025-12-09T08:26:38+00:00,KUMAR ANURAG,MUNICIPAL COMMISSIONER GAYA,GAYA MUNICIPAL CORPORATION,NEAR KEDARNATH MARKET GAYA,KUMAR ANURAG,MUNICIPAL COMMISSIONER GAYA,GAYA MUNICIPAL CORPORATION,24418.0,2500.0,590.0,True,"{'Flood': 0, 'Embankment': 0, 'embkt': 0, 'Relief': 0, 'Erosion': 0, 'SDRF': 0, 'Inundation': 0, 'Hydrology': 0, 'Silt': 0, 'Siltation': 0, 'Bund': 0, 'Trench': 0, 'Breach': 0, 'Culvert': 0, 'Sluice': 0, 'Dyke': 0, 'Storm water drain': 0, 'Emergency': 0, 'Immediate': 0, 'IM': 0, 'AE': 0, 'A E': 0, 'AAPDA MITRA': 0, 'Bridge': 0, 'River': 0, 'Drain': 2, 'Restoration': 0, 'Protection': 0, 'irr': 0, 'irrigation': 0, 'dam': 0, 'Nallah': 0, 'nala': 0, 'Retrofitting': 0, 'Pond': 0, 'Pokhari': 0, 'D/C': 0, 'Recharge shaft': 0, 'LFB': 0, 'RFB': 0}","{'Floodlight': 0, 'Flood Light': 0, 'GAS': 0, 'FIFA': 0, 'pipe': 0, 'pipes': 0, 'covid': 0, 'supply': 0, 'Beautification': 0, 'Installation': 0}",,,False,True,Immediate Measures
106997,NIT-10/2025-26/GR07,Construction of RCC Drain from H/O-Sagar Singh (Beldari Tola) to H/O-Ramanuj Kumar (Jhilganj Kheti) Under G.M.C. Ward No-08 Gaya.,Construction of RCC Drain from H/O-Sagar Singh (Beldari Tola) to H/O-Ramanuj Kumar (Jhilganj Kheti) Under G.M.C. Ward No-08 Gaya.,1734000.0,INR,INR,2025-07-30 12:39:07+00:00,2025-07-30T12:36:02.352000+00:00,2025-08-12T07:04:53+00:00,KUMAR ANURAG,MUNICIPAL COMMISSIONER GAYA,GAYA MUNICIPAL CORPORATION,NEAR KEDARNATH MARKET GAYA,KUMAR ANURAG,MUNICIPAL COMMISSIONER GAYA,GAYA MUNICIPAL CORPORATION,34680.0,5000.0,590.0,True,"{'Flood': 0, 'Embankment': 0, 'embkt': 0, 'Relief': 0, 'Erosion': 0, 'SDRF': 0, 'Inundation': 0, 'Hydrology': 0, 'Silt': 0, 'Siltation': 0, 'Bund': 0, 'Trench': 0, 'Breach': 0, 'Culvert': 0, 'Sluice': 0, 'Dyke': 0, 'Storm water drain': 0, 'Emergency': 0, 'Immediate': 0, 'IM': 0, 'AE': 0, 'A E': 0, 'AAPDA MITRA': 0, 'Bridge': 0, 'River': 0, 'Drain': 2, 'Restoration': 0, 'Protection': 0, 'irr': 0, 'irrigation': 0, 'dam': 0, 'Nallah': 0, 'nala': 0, 'Retrofitting': 0, 'Pond': 0, 'Pokhari': 0, 'D/C': 0, 'Recharge shaft': 0, 'LFB': 0, 'RFB': 0}","{'Floodlight': 0, 'Flood Light': 0, 'GAS': 0, 'FIFA': 0, 'pipe': 0, 'pipes': 0, 'covid': 0, 'supply': 0, 'Beautification': 0, 'Installation': 0}",,,False,True,Immediate Measures
106987,01/2025-26/GR1,"REPAIRING OF SERVICE ROAD OVER WESTERN KOSI EMBANKMENT  (BELOW BHARDA) FROM KM 22.190 TO KM 25.760 UNDER WESTERN EMBANKMENT DIVISION NIRMALI, SUPAUL","REPAIRING OF SERVICE ROAD OVER WESTERN KOSI EMBANKMENT  (BELOW BHARDA) FROM KM 22.190 TO KM 25.760 UNDER WESTERN EMBANKMENT DIVISION NIRMALI, SUPAUL",65801346.0,INR,INR,2025-07-30 13:32:46+00:00,2025-07-30T12:12:21.291000+00:00,2025-09-25T11:47:46+00:00,VIKASH KUMAR,SE,WRD,SUPAUAL,Warun Kumar,"CE, birpur",Water Resources Department,1316000.0,10000.0,5900.0,True,"{'Flood': 0, 'Embankment': 4, 'embkt': 0, 'Relief': 0, 'Erosion': 0, 'SDRF': 0, 'Inundation': 0, 'Hydrology': 0, 'Silt': 0, 'Siltation': 0, 'Bund': 0, 'Trench': 0, 'Breach': 0, 'Culvert': 0, 'Sluice': 0, 'Dyke': 0, 'Storm water drain': 0, 'Emergency': 0, 'Immediate': 0, 'IM': 0, 'AE': 0, 'A E': 0, 'AAPDA MITRA': 0, 'Bridge': 0, 'River': 0, 'Drain': 0, 'Restoration': 0, 'Protection': 0, 'irr': 0, 'irrigation': 0, 'dam': 0, 'Nallah': 0, 'nala': 0, 'Retrofitting': 0, 'Pond': 0, 'Pokhari': 0, 'D/C': 0, 'Recharge shaft': 0, 'LFB': 0, 'RFB': 0}","{'Floodlight': 0, 'Flood Light': 0, 'GAS': 0, 'FIFA': 0, 'pipe': 0, 'pipes': 0, 'covid': 0, 'supply': 0, 'Beautification': 0, 'Installation': 0}",,,False,True,Immediate Measures
106999,NIT-07/2025-26 G-40,Construction of Road with Nala from Idgah Choti gate Via-Ibrar Alam house to Bablu Janhagir house Ward No-27 in Nagar Parishad Araria,Construction of Road with Nala from Idgah Choti gate Via-Ibrar Alam house to Bablu Janhagir house Ward No-27 in Nagar Parishad Araria,2459786.0,INR,INR,2025-07-30 17:27:37+00:00,2025-07-30T12:38:16.297000+00:00,2025-08-19T10:42:47+00:00,"EXECUTIVE OFFICER , NAGAR PARISHAD ARARIA",EO,NAGAR PARISHAD ARARIA,NAGAR PARISHAD ARARIA,"EXECUTIVE OFFICER, NAGAR PARISHAD ARARAI",EO,NAGAR PARISHAD ARARIA,49200.0,5000.0,590.0,True,"{'Flood': 0, 'Embankment': 0, 'embkt': 0, 'Relief': 0, 'Erosion': 0, 'SDRF': 0, 'Inundation': 0, 'Hydrology': 0, 'Silt': 0, 'Siltation': 0, 'Bund': 0, 'Trench': 0, 'Breach': 0, 'Culvert': 0, 'Sluice': 0, 'Dyke': 0, 'Storm water drain': 0, 'Emergency': 0, 'Immediate': 0, 'IM': 0, 'AE': 0, 'A E': 0, 'AAPDA MITRA': 0, 'Bridge': 0, 'River': 0, 'Drain': 0, 'Restoration': 0, 'Protection': 0, 'irr': 0, 'irrigation': 0, 'dam': 0, 'Nallah': 0, 'nala': 2, 'Retrofitting': 0, 'Pond': 0, 'Pokhari': 0, 'D/C': 0, 'Recharge shaft': 0, 'LFB': 0, 'RFB': 0}","{'Floodlight': 0, 'Flood Light': 0, 'GAS': 0, 'FIFA': 0, 'pipe': 0, 'pipes': 0, 'covid': 0, 'supply': 0, 'Beautification': 0, 'Installation': 0}",,,False,True,Others
107000,NIT-10/2025-26/GR08,Construction of PCC Road & RCC Drain From H/O-Gorelal Yadav to H/O-Lakhan Yadav at Moh-Bangla Asthan Satgharwa Gali Under G.M.C. Ward No-09 at Gaya.,Construction of PCC Road & RCC Drain From H/O-Gorelal Yadav to H/O-Lakhan Yadav at Moh-Bangla Asthan Satgharwa Gali Under G.M.C. Ward No-09 at Gaya.,1082400.0,INR,INR,2025-07-30 12:45:25+00:00,2025-07-30T12:41:33.935000+00:00,2025-08-12T07:02:03+00:00,KUMAR ANURAG,MUNICIPAL COMMISSIONER GAYA,GAYA MUNICIPAL CORPORATION,NEAR KEDARNATH MARKET GAYA,KUMAR ANURAG,MUNICIPAL COMMISSIONER GAYA,GAYA MUNICIPAL CORPORATION,21648.0,2500.0,590.0,True,"{'Flood': 0, 'Embankment': 0, 'embkt': 0, 'Relief': 0, 'Erosion': 0, 'SDRF': 0, 'Inundation': 0, 'Hydrology': 0, 'Silt': 0, 'Siltation': 0, 'Bund': 0, 'Trench': 0, 'Breach': 0, 'Culvert': 0, 'Sluice': 0, 'Dyke': 0, 'Storm water drain': 0, 'Emergency': 0, 'Immediate': 0, 'IM': 0, 'AE': 0, 'A E': 0, 'AAPDA MITRA': 0, 'Bridge': 0, 'River': 0, 'Drain': 2, 'Restoration': 0, 'Protection': 0, 'irr': 0, 'irrigation': 0, 'dam': 0, 'Nallah': 0, 'nala': 0, 'Retrofitting': 0, 'Pond': 0, 'Pokhari': 0, 'D/C': 0, 'Recharge shaft': 0, 'LFB': 0, 'RFB': 0}","{'Floodlight': 0, 'Flood Light': 0, 'GAS': 0, 'FIFA': 0, 'pipe': 0, 'pipes': 0, 'covid': 0, 'supply': 0, 'Beautification': 0, 'Installation': 0}",,,False,True,Immediate Measures
106990,NIT-10/2025-26/GR05,"Construction of R.C.C. Drain from H/O-Abinash Tiwari to Gaya-Patna Road at Mohalla-Nand puri Colony Under G.M.C. Ward No-05, Gaya.","Construction of R.C.C. Drain from H/O-Abinash Tiwari to Gaya-Patna Road at Mohalla-Nand puri Colony Under G.M.C. Ward No-05, Gaya.",1542500.0,INR,INR,2025-07-30 12:21:34+00:00,2025-07-30T12:19:28.934000+00:00,2025-08-12T07:15:17+00:00,KUMAR ANURAG,MUNICIPAL COMMISSIONER GAYA,GAYA MUNICIPAL CORPORATION,NEAR KEDARNATH MARKET GAYA,KUMAR ANURAG,MUNICIPAL COMMISSIONER GAYA,GAYA MUNICIPAL CORPORATION,30850.0,5000.0,590.0,True,"{'Flood': 0, 'Embankment': 0, 'embkt': 0, 'Relief': 0, 'Erosion': 0, 'SDRF': 0, 'Inundation': 0, 'Hydrology': 0, 'Silt': 0, 'Siltation': 0, 'Bund': 0, 'Trench': 0, 'Breach': 0, 'Culvert': 0, 'Sluice': 0, 'Dyke': 0, 'Storm water drain': 0, 'Emergency': 0, 'Immediate': 0, 'IM': 0, 'AE': 0, 'A E': 0, 'AAPDA MITRA': 0, 'Bridge': 0, 'River': 0, 'Drain': 2, 'Restoration': 0, 'Protection': 0, 'irr': 0, 'irrigation': 0, 'dam': 0, 'Nallah': 0, 'nala': 0, 'Retrofitting': 0, 'Pond': 0, 'Pokhari': 0, 'D/C': 0, 'Recharge shaft': 0, 'LFB': 0, 'RFB': 0}","{'Floodlight': 0, 'Flood Light': 0, 'GAS': 0, 'FIFA': 0, 'pipe': 0, 'pipes': 0, 'covid': 0, 'supply': 0, 'Beautification': 0, 'Installation': 0}",,,False,True,Immediate Measures
107005,NIT-10/2025-26/GR09,Construction of rcc drain  with cover slab from h/o gulam rasul via sona kha  to dolakiya gali madarsa gate & h.h.m.school via vat to rashid kha gairage in w/ard no 19 under GMC GAYA,Construction of rcc drain  with cover slab from h/o gulam rasul via sona kha  to dolakiya gali madarsa gate & h.h.m.school via vat to rashid kha gairage in w/ard no 19 under GMC GAYA,1331414.0,INR,INR,2025-07-30 12:56:02+00:00,2025-07-30T12:53:20.363000+00:00,2025-12-10T07:29:55+00:00,KUMAR ANURAG,MUNICIPAL COMMISSIONER GAYA,GAYA MUNICIPAL CORPORATION,NEAR KEDARNATH MARKET GAYA,KUMAR ANURAG,MUNICIPAL COMMISSIONER GAYA,GAYA MUNICIPAL CORPORATION,26628.0,2500.0,590.0,True,"{'Flood': 0, 'Embankment': 0, 'embkt': 0, 'Relief': 0, 'Erosion': 0, 'SDRF': 0, 'Inundation': 0, 'Hydrology': 0, 'Silt': 0, 'Siltation': 0, 'Bund': 0, 'Trench': 0, 'Breach': 0, 'Culvert': 0, 'Sluice': 0, 'Dyke': 0, 'Storm water drain': 0, 'Emergency': 0, 'Immediate': 0, 'IM': 0, 'AE': 0, 'A E': 0, 'AAPDA MITRA': 0, 'Bridge': 0, 'River': 0, 'Drain': 2, 'Restoration': 0, 'Protection': 0, 'irr': 0, 'irrigation': 0, 'dam': 0, 'Nallah': 0, 'nala': 0, 'Retrofitting': 0, 'Pond': 0, 'Pokhari': 0, 'D/C': 0, 'Recharge shaft': 0, 'LFB': 0, 'RFB': 0}","{'Floodlight': 0, 'Flood Light': 0, 'GAS': 0, 'FIFA': 0, 'pipe': 0, 'pipes': 0, 'covid': 0, 'supply': 0, 'Beautification': 0, 'Installation': 0}",,,False,True,Immediate Measures
106995,NIT-10/2025-26/GR06,Construction of P.C.C. Road and R.C.C. Drain Birju Pd To H/o Vijay Das via H/o Dipak Kumar At Molhha Ramsila North G.M.C. Ward No-06 Gaya.,Construction of P.C.C. Road and R.C.C. Drain Birju Pd To H/o Vijay Das via H/o Dipak Kumar At Molhha Ramsila North G.M.C. Ward No-06 Gaya.,1316000.0,INR,INR,2025-07-30 12:35:06+00:00,2025-07-30T12:32:39.284000+00:00,2025-10-14T06:47:58+00:00,KUMAR ANURAG,MUNICIPAL COMMISSIONER GAYA,GAYA MUNICIPAL CORPORATION,NEAR KEDARNATH MARKET GAYA,KUMAR ANURAG,MUNICIPAL COMMISSIONER GAYA,GAYA MUNICIPAL CORPORATION,26320.0,2500.0,590.0,True,"{'Flood': 0, 'Embankment': 0, 'embkt': 0, 'Relief': 0, 'Erosion': 0, 'SDRF': 0, 'Inundation': 0, 'Hydrology': 0, 'Silt': 0, 'Siltation': 0, 'Bund': 0, 'Trench': 0, 'Breach': 0, 'Culvert': 0, 'Sluice': 0, 'Dyke': 0, 'Storm water drain': 0, 'Emergency': 0, 'Immediate': 0, 'IM': 0, 'AE': 0, 'A E': 0, 'AAPDA MITRA': 0, 'Bridge': 0, 'River': 0, 'Drain': 2, 'Restoration': 0, 'Protection': 0, 'irr': 0, 'irrigation': 0, 'dam': 0, 'Nallah': 0, 'nala': 0, 'Retrofitting': 0, 'Pond': 0, 'Pokhari': 0, 'D/C': 0, 'Recharge shaft': 0, 'LFB': 0, 'RFB': 0}","{'Floodlight': 0, 'Flood Light': 0, 'GAS': 0, 'FIFA': 0, 'pipe': 0, 'pipes': 0, 'covid': 0, 'supply': 0, 'Beautification': 0, 'Installation': 0}",,,False,True,Immediate Measures
107011,NIT-07/2025-26 G-47,Construction of Nala from Rajokhar Chowk Sajjad Pan wala to Rejani house Ward No-05 in Nagar Parishad Araria,Construction of Nala from Rajokhar Chowk Sajjad Pan wala to Rejani house Ward No-05 in Nagar Parishad Araria,4138517.0,INR,INR,2025-07-30 17:11:31+00:00,2025-07-30T13:09:35.966000+00:00,2025-08-06T11:30:05+00:00,"EXECUTIVE OFFICER , NAGAR PARISHAD ARARIA",EO,NAGAR PARISHAD ARARIA,NAGAR PARISHAD ARARIA,"EXECUTIVE OFFICER, NAGAR PARISHAD ARARAI",EO,NAGAR PARISHAD ARARIA,41400.0,5000.0,590.0,True,"{'Flood': 0, 'Embankment': 0, 'embkt': 0, 'Relief': 0, 'Erosion': 0, 'SDRF': 0, 'Inundation': 0, 'Hydrology': 0, 'Silt': 0, 'Siltation': 0, 'Bund': 0, 'Trench': 0, 'Breach': 0, 'Culvert': 0, 'Sluice': 0, 'Dyke': 0, 'Storm water drain': 0, 'Emergency': 0, 'Immediate': 0, 'IM': 0, 'AE': 0, 'A E': 0, 'AAPDA MITRA': 0, 'Bridge': 0, 'River': 0, 'Drain': 0, 'Restoration': 0, 'Protection': 0, 'irr': 0, 'irrigation': 0, 'dam': 0, 'Nallah': 0, 'nala': 2, 'Retrofitting': 0, 'Pond': 0, 'Pokhari': 0, 'D/C': 0, 'Recharge shaft': 0, 'LFB': 0, 'RFB': 0}","{'Floodlight': 0, 'Flood Light': 0, 'GAS': 0, 'FIFA': 0, 'pipe': 0, 'pipes': 0, 'covid': 0, 'supply': 0, 'Beautification': 0, 'Installation': 0}",,,False,False,Others
107013,NIT-10/2025-26/GR14,Construction of pcc road &rcc drain  with cover slab from h/o raju yadav to kabristan boundry wall  via rabindra patak  to janardan pashwan& vikash singh house to papu singh house in hossing board colony in ward no 32 under GMC GAYA,Construction of pcc road &rcc drain  with cover slab from h/o raju yadav to kabristan boundry wall  via rabindra patak  to janardan pashwan& vikash singh house to papu singh house in hossing board colony in ward no 32 under GMC GAYA,2286500.0,INR,INR,2025-07-30 13:14:52+00:00,2025-07-30T13:12:54.933000+00:00,2025-08-12T06:18:34+00:00,KUMAR ANURAG,MUNICIPAL COMMISSIONER GAYA,GAYA MUNICIPAL CORPORATION,NEAR KEDARNATH MARKET GAYA,KUMAR ANURAG,MUNICIPAL COMMISSIONER GAYA,GAYA MUNICIPAL CORPORATION,45730.0,5000.0,590.0,True,"{'Flood': 0, 'Embankment': 0, 'embkt': 0, 'Relief': 0, 'Erosion': 0, 'SDRF': 0, 'Inundation': 0, 'Hydrology': 0, 'Silt': 0, 'Siltation': 0, 'Bund': 0, 'Trench': 0, 'Breach': 0, 'Culvert': 0, 'Sluice': 0, 'Dyke': 0, 'Storm water drain': 0, 'Emergency': 0, 'Immediate': 0, 'IM': 0, 'AE': 0, 'A E': 0, 'AAPDA MITRA': 0, 'Bridge': 0, 'River': 0, 'Drain': 2, 'Restoration': 0, 'Protection': 0, 'irr': 0, 'irrigation': 0, 'dam': 0, 'Nallah': 0, 'nala': 0, 'Retrofitting': 0, 'Pond': 0, 'Pokhari': 0, 'D/C': 0, 'Recharge shaft': 0, 'LFB': 0, 'RFB': 0}","{'Floodlight': 0, 'Flood Light': 0, 'GAS': 0, 'FIFA': 0, 'pipe': 0, 'pipes': 0, 'covid': 0, 'supply': 0, 'Beautification': 0, 'Installation': 0}",,,False,True,Immediate Measures
107009,NIT-10/2025-26/GR11,Construction of PCC Road & RCC Drain with Cover slab from H/O-Kedar Singh to Ramna main road Ramna Rajak Gali in Rama Bhawan Ramna in Under G.M.C. Ward No-22 Gaya.,Construction of PCC Road & RCC Drain with Cover slab from H/O-Kedar Singh to Ramna main road Ramna Rajak Gali in Rama Bhawan Ramna in Under G.M.C. Ward No-22 Gaya.,1263700.0,INR,INR,2025-07-30 13:04:23+00:00,2025-07-30T13:02:14.943000+00:00,2025-08-12T06:33:48+00:00,KUMAR ANURAG,MUNICIPAL COMMISSIONER GAYA,GAYA MUNICIPAL CORPORATION,NEAR KEDARNATH MARKET GAYA,KUMAR ANURAG,MUNICIPAL COMMISSIONER GAYA,GAYA MUNICIPAL CORPORATION,25274.0,2500.0,590.0,True,"{'Flood': 0, 'Embankment': 0, 'embkt': 0, 'Relief': 0, 'Erosion': 0, 'SDRF': 0, 'Inundation': 0, 'Hydrology': 0, 'Silt': 0, 'Siltation': 0, 'Bund': 0, 'Trench': 0, 'Breach': 0, 'Culvert': 0, 'Sluice': 0, 'Dyke': 0, 'Storm water drain': 0, 'Emergency': 0, 'Immediate': 0, 'IM': 0, 'AE': 0, 'A E': 0, 'AAPDA MITRA': 0, 'Bridge': 0, 'River': 0, 'Drain': 2, 'Restoration': 0, 'Protection': 0, 'irr': 0, 'irrigation': 0, 'dam': 0, 'Nallah': 0, 'nala': 0, 'Retrofitting': 0, 'Pond': 0, 'Pokhari': 0, 'D/C': 0, 'Recharge shaft': 0, 'LFB': 0, 'RFB': 0}","{'Floodlight': 0, 'Flood Light': 0, 'GAS': 0, 'FIFA': 0, 'pipe': 0, 'pipes': 0, 'covid': 0, 'supply': 0, 'Beautification': 0, 'Installation': 0}",,,False,True,Immediate Measures
107017,NIT-10/2025-26/GR16,Construction of RCC Drain & PCC Road in Gewakl Bigha Pan From H/O-Umashankar Singh to H/O-Jaguansh Rajak in Under G.M.C. Ward No-33 Gaya.,Construction of RCC Drain & PCC Road in Gewakl Bigha Pan From H/O-Umashankar Singh to H/O-Jaguansh Rajak in Under G.M.C. Ward No-33 Gaya.,1065900.0,INR,INR,2025-07-30 13:27:13+00:00,2025-07-30T13:24:08.519000+00:00,2025-08-12T05:50:11+00:00,KUMAR ANURAG,MUNICIPAL COMMISSIONER GAYA,GAYA MUNICIPAL CORPORATION,NEAR KEDARNATH MARKET GAYA,KUMAR ANURAG,MUNICIPAL COMMISSIONER GAYA,GAYA MUNICIPAL CORPORATION,21318.0,2500.0,590.0,True,"{'Flood': 0, 'Embankment': 0, 'embkt': 0, 'Relief': 0, 'Erosion': 0, 'SDRF': 0, 'Inundation': 0, 'Hydrology': 0, 'Silt': 0, 'Siltation': 0, 'Bund': 0, 'Trench': 0, 'Breach': 0, 'Culvert': 0, 'Sluice': 0, 'Dyke': 0, 'Storm water drain': 0, 'Emergency': 0, 'Immediate': 0, 'IM': 0, 'AE': 0, 'A E': 0, 'AAPDA MITRA': 0, 'Bridge': 0, 'River': 0, 'Drain': 2, 'Restoration': 0, 'Protection': 0, 'irr': 0, 'irrigation': 0, 'dam': 0, 'Nallah': 0, 'nala': 0, 'Retrofitting': 0, 'Pond': 0, 'Pokhari': 0, 'D/C': 0, 'Recharge shaft': 0, 'LFB': 0, 'RFB': 0}","{'Floodlight': 0, 'Flood Light': 0, 'GAS': 0, 'FIFA': 0, 'pipe': 0, 'pipes': 0, 'covid': 0, 'supply': 0, 'Beautification': 0, 'Installation': 0}",,,False,True,Immediate Measures
107007,NIT-10/2025-26/GR10,"Construction of pcc road & drain with cover slab from mohalla utar manush gali anil singh house via dharm ram bela to lalji babu house&vijay ladu house,, swamber baket hall to modern studio near in ward no 22 under GMC GAYA","Construction of pcc road & drain with cover slab from mohalla utar manush gali anil singh house via dharm ram bela to lalji babu house&vijay ladu house,, swamber baket hall to modern studio near in ward no 22 under GMC GAYA",830800.0,INR,INR,2025-07-30 12:59:45+00:00,2025-07-30T12:57:41.917000+00:00,2025-08-12T06:40:03+00:00,KUMAR ANURAG,MUNICIPAL COMMISSIONER GAYA,GAYA MUNICIPAL CORPORATION,NEAR KEDARNATH MARKET GAYA,KUMAR ANURAG,MUNICIPAL COMMISSIONER GAYA,GAYA MUNICIPAL CORPORATION,16616.0,1250.0,590.0,True,"{'Flood': 0, 'Embankment': 0, 'embkt': 0, 'Relief': 0, 'Erosion': 0, 'SDRF': 0, 'Inundation': 0, 'Hydrology': 0, 'Silt': 0, 'Siltation': 0, 'Bund': 0, 'Trench': 0, 'Breach': 0, 'Culvert': 0, 'Sluice': 0, 'Dyke': 0, 'Storm water drain': 0, 'Emergency': 0, 'Immediate': 0, 'IM': 0, 'AE': 0, 'A E': 0, 'AAPDA MITRA': 0, 'Bridge': 0, 'River': 0, 'Drain': 2, 'Restoration': 0, 'Protection': 0, 'irr': 0, 'irrigation': 0, 'dam': 0, 'Nallah': 0, 'nala': 0, 'Retrofitting': 0, 'Pond': 0, 'Pokhari': 0, 'D/C': 0, 'Recharge shaft': 0, 'LFB': 0, 'RFB': 0}","{'Floodlight': 0, 'Flood Light': 0, 'GAS': 0, 'FIFA': 0, 'pipe': 0, 'pipes': 0, 'covid': 0, 'supply': 0, 'Beautification': 0, 'Installation': 0}",,,False,True,Immediate Measures
107012,NIT-10/2025-26/GR13,Construction of R.C.C. Drain & P.C.C. Road From Shahid Madhya Vidyalay to Dablu to Singra  Asthan Dam at Police Line Under G.M.C. Ward No-31 G.M.C. Gaya.,Construction of R.C.C. Drain & P.C.C. Road From Shahid Madhya Vidyalay to Dablu to Singra  Asthan Dam at Police Line Under G.M.C. Ward No-31 G.M.C. Gaya.,1101000.0,INR,INR,2025-07-30 13:11:58+00:00,2025-07-30T13:09:52.115000+00:00,2025-12-09T09:17:22+00:00,KUMAR ANURAG,MUNICIPAL COMMISSIONER GAYA,GAYA MUNICIPAL CORPORATION,NEAR KEDARNATH MARKET GAYA,KUMAR ANURAG,MUNICIPAL COMMISSIONER GAYA,GAYA MUNICIPAL CORPORATION,22020.0,2500.0,590.0,True,"{'Flood': 0, 'Embankment': 0, 'embkt': 0, 'Relief': 0, 'Erosion': 0, 'SDRF': 0, 'Inundation': 0, 'Hydrology': 0, 'Silt': 0, 'Siltation': 0, 'Bund': 0, 'Trench': 0, 'Breach': 0, 'Culvert': 0, 'Sluice': 0, 'Dyke': 0, 'Storm water drain': 0, 'Emergency': 0, 'Immediate': 0, 'IM': 0, 'AE': 0, 'A E': 0, 'AAPDA MITRA': 0, 'Bridge': 0, 'River': 0, 'Drain': 2, 'Restoration': 0, 'Protection': 0, 'irr': 0, 'irrigation': 0, 'dam': 2, 'Nallah': 0, 'nala': 0, 'Retrofitting': 0, 'Pond': 0, 'Pokhari': 0, 'D/C': 0, 'Recharge shaft': 0, 'LFB': 0, 'RFB': 0}","{'Floodlight': 0, 'Flood Light': 0, 'GAS': 0, 'FIFA': 0, 'pipe': 0, 'pipes': 0, 'covid': 0, 'supply': 0, 'Beautification': 0, 'Installation': 0}",,,False,True,Immediate Measures
107020,NIT-10/2025-26/GR15,Construction of RCC Drain & PCC Road From H/O-Gewal Bigha Pan Radha Swami to H/O-Ajay in Under G.M.C. Ward No-33 Gaya.,Construction of RCC Drain & PCC Road From H/O-Gewal Bigha Pan Radha Swami to H/O-Ajay in Under G.M.C. Ward No-33 Gaya.,729400.0,INR,INR,2025-07-30 13:29:56+00:00,2025-07-30T13:27:58.613000+00:00,2025-12-10T07:38:26+00:00,KUMAR ANURAG,MUNICIPAL COMMISSIONER GAYA,GAYA MUNICIPAL CORPORATION,NEAR KEDARNATH MARKET GAYA,KUMAR ANURAG,MUNICIPAL COMMISSIONER GAYA,GAYA MUNICIPAL CORPORATION,14588.0,1250.0,590.0,True,"{'Flood': 0, 'Embankment': 0, 'embkt': 0, 'Relief': 0, 'Erosion': 0, 'SDRF': 0, 'Inundation': 0, 'Hydrology': 0, 'Silt': 0, 'Siltation': 0, 'Bund': 0, 'Trench': 0, 'Breach': 0, 'Culvert': 0, 'Sluice': 0, 'Dyke': 0, 'Storm water drain': 0, 'Emergency': 0, 'Immediate': 0, 'IM': 0, 'AE': 0, 'A E': 0, 'AAPDA MITRA': 0, 'Bridge': 0, 'River': 0, 'Drain': 2, 'Restoration': 0, 'Protection': 0, 'irr': 0, 'irrigation': 0, 'dam': 0, 'Nallah': 0, 'nala': 0, 'Retrofitting': 0, 'Pond': 0, 'Pokhari': 0, 'D/C': 0, 'Recharge shaft': 0, 'LFB': 0, 'RFB': 0}","{'Floodlight': 0, 'Flood Light': 0, 'GAS': 0, 'FIFA': 0, 'pipe': 0, 'pipes': 0, 'covid': 0, 'supply': 0, 'Beautification': 0, 'Installation': 0}",,,False,True,Immediate Measures
107026,NIT-10/2025-26/GR19,"Renovation of P.C.C. Road from Natidubat Main Road Near gopi Bigha gate to gapibigha Deki Asthan and Construction of Drain from H/O-Kapil yadav to Deeli Asthan in Mohalla-Gapibigha Under G.M.C. Ward No-46,  Gaya.","Renovation of P.C.C. Road from Natidubat Main Road Near gopi Bigha gate to gapibigha Deki Asthan and Construction of Drain from H/O-Kapil yadav to Deeli Asthan in Mohalla-Gapibigha Under G.M.C. Ward No-46,  Gaya.",2327200.0,INR,INR,2025-07-30 13:41:13+00:00,2025-07-30T13:38:44.035000+00:00,2025-12-09T09:27:07+00:00,KUMAR ANURAG,MUNICIPAL COMMISSIONER GAYA,GAYA MUNICIPAL CORPORATION,NEAR KEDARNATH MARKET GAYA,KUMAR ANURAG,MUNICIPAL COMMISSIONER GAYA,GAYA MUNICIPAL CORPORATION,46544.0,5000.0,590.0,True,"{'Flood': 0, 'Embankment': 0, 'embkt': 0, 'Relief': 0, 'Erosion': 0, 'SDRF': 0, 'Inundation': 0, 'Hydrology': 0, 'Silt': 0, 'Siltation': 0, 'Bund': 0, 'Trench': 0, 'Breach': 0, 'Culvert': 0, 'Sluice': 0, 'Dyke': 0, 'Storm water drain': 0, 'Emergency': 0, 'Immediate': 0, 'IM': 0, 'AE': 0, 'A E': 0, 'AAPDA MITRA': 0, 'Bridge': 0, 'River': 0, 'Drain': 2, 'Restoration': 0, 'Protection': 0, 'irr': 0, 'irrigation': 0, 'dam': 0, 'Nallah': 0, 'nala': 0, 'Retrofitting': 0, 'Pond': 0, 'Pokhari': 0, 'D/C': 0, 'Recharge shaft': 0, 'LFB': 0, 'RFB': 0}","{'Floodlight': 0, 'Flood Light': 0, 'GAS': 0, 'FIFA': 0, 'pipe': 0, 'pipes': 0, 'covid': 0, 'supply': 0, 'Beautification': 0, 'Installation': 0}",,,False,True,Immediate Measures
107023,NIT-07/2025-26 G-52,Construction of Nala from Anil Jha house Via-Durga Mandir to NH-57 Ward No-16 in Nagar Parishad Araria,Construction of Nala from Anil Jha house Via-Durga Mandir to NH-57 Ward No-16 in Nagar Parishad Araria,3257903.0,INR,INR,2025-07-30 15:50:30+00:00,2025-07-30T13:31:27.507000+00:00,2025-08-12T05:37:35+00:00,"EXECUTIVE OFFICER , NAGAR PARISHAD ARARIA",EO,NAGAR PARISHAD ARARIA,NAGAR PARISHAD ARARIA,"EXECUTIVE OFFICER, NAGAR PARISHAD ARARAI",EO,NAGAR PARISHAD ARARIA,65200.0,5000.0,590.0,True,"{'Flood': 0, 'Embankment': 0, 'embkt': 0, 'Relief': 0, 'Erosion': 0, 'SDRF': 0, 'Inundation': 0, 'Hydrology': 0, 'Silt': 0, 'Siltation': 0, 'Bund': 0, 'Trench': 0, 'Breach': 0, 'Culvert': 0, 'Sluice': 0, 'Dyke': 0, 'Storm water drain': 0, 'Emergency': 0, 'Immediate': 0, 'IM': 0, 'AE': 0, 'A E': 0, 'AAPDA MITRA': 0, 'Bridge': 0, 'River': 0, 'Drain': 0, 'Restoration': 0, 'Protection': 0, 'irr': 0, 'irrigation': 0, 'dam': 0, 'Nallah': 0, 'nala': 2, 'Retrofitting': 0, 'Pond': 0, 'Pokhari': 0, 'D/C': 0, 'Recharge shaft': 0, 'LFB': 0, 'RFB': 0}","{'Floodlight': 0, 'Flood Light': 0, 'GAS': 0, 'FIFA': 0, 'pipe': 0, 'pipes': 0, 'covid': 0, 'supply': 0, 'Beautification': 0, 'Installation': 0}",,,False,False,Others
107029,NIT-10/2025-26/GR21,Construction of drain with cover slab from Central Janch Ghar to H/o-Jai Panda in ward no 20 under GMC GAYA,Construction of drain with cover slab from Central Janch Ghar to H/o-Jai Panda in ward no 20 under GMC GAYA,540642.0,INR,INR,2025-07-30 13:46:36+00:00,2025-07-30T13:44:33.722000+00:00,2025-08-12T05:22:07+00:00,KUMAR ANURAG,MUNICIPAL COMMISSIONER GAYA,GAYA MUNICIPAL CORPORATION,NEAR KEDARNATH MARKET GAYA,KUMAR ANURAG,MUNICIPAL COMMISSIONER GAYA,GAYA MUNICIPAL CORPORATION,10813.0,1250.0,590.0,True,"{'Flood': 0, 'Embankment': 0, 'embkt': 0, 'Relief': 0, 'Erosion': 0, 'SDRF': 0, 'Inundation': 0, 'Hydrology': 0, 'Silt': 0, 'Siltation': 0, 'Bund': 0, 'Trench': 0, 'Breach': 0, 'Culvert': 0, 'Sluice': 0, 'Dyke': 0, 'Storm water drain': 0, 'Emergency': 0, 'Immediate': 0, 'IM': 0, 'AE': 0, 'A E': 0, 'AAPDA MITRA': 0, 'Bridge': 0, 'River': 0, 'Drain': 2, 'Restoration': 0, 'Protection': 0, 'irr': 0, 'irrigation': 0, 'dam': 0, 'Nallah': 0, 'nala': 0, 'Retrofitting': 0, 'Pond': 0, 'Pokhari': 0, 'D/C': 0, 'Recharge shaft': 0, 'LFB': 0, 'RFB': 0}","{'Floodlight': 0, 'Flood Light': 0, 'GAS': 0, 'FIFA': 0, 'pipe': 0, 'pipes': 0, 'covid': 0, 'supply': 0, 'Beautification': 0, 'Installation': 0}",,,False,True,Immediate Measures
107030,NIT-07/2025-26 G-55,Construction of Road with  Nala from Mil Gate to Pappu Dukan Ward No-18 in Nagar Parishad Araria,Construction of Road with  Nala from Mil Gate to Pappu Dukan Ward No-18 in Nagar Parishad Araria,2903406.0,INR,INR,2025-07-30 15:44:54+00:00,2025-07-30T13:45:30.418000+00:00,2025-08-12T05:06:30+00:00,"EXECUTIVE OFFICER , NAGAR PARISHAD ARARIA",EO,NAGAR PARISHAD ARARIA,NAGAR PARISHAD ARARIA,"EXECUTIVE OFFICER, NAGAR PARISHAD ARARAI",EO,NAGAR PARISHAD ARARIA,58100.0,5000.0,590.0,True,"{'Flood': 0, 'Embankment': 0, 'embkt': 0, 'Relief': 0, 'Erosion': 0, 'SDRF': 0, 'Inundation': 0, 'Hydrology': 0, 'Silt': 0, 'Siltation': 0, 'Bund': 0, 'Trench': 0, 'Breach': 0, 'Culvert': 0, 'Sluice': 0, 'Dyke': 0, 'Storm water drain': 0, 'Emergency': 0, 'Immediate': 0, 'IM': 0, 'AE': 0, 'A E': 0, 'AAPDA MITRA': 0, 'Bridge': 0, 'River': 0, 'Drain': 0, 'Restoration': 0, 'Protection': 0, 'irr': 0, 'irrigation': 0, 'dam': 0, 'Nallah': 0, 'nala': 2, 'Retrofitting': 0, 'Pond': 0, 'Pokhari': 0, 'D/C': 0, 'Recharge shaft': 0, 'LFB': 0, 'RFB': 0}","{'Floodlight': 0, 'Flood Light': 0, 'GAS': 0, 'FIFA': 0, 'pipe': 0, 'pipes': 0, 'covid': 0, 'supply': 0, 'Beautification': 0, 'Installation': 0}",,,False,True,Others
107033,NIT-07/2025-26 G-58,Construction of Road with Nala from Dr. Arshad house to Manoj Transfarmar Ward No-20 in Nagar Parishad Araria,Construction of Road with Nala from Dr. Arshad house to Manoj Transfarmar Ward No-20 in Nagar Parishad Araria,4633349.0,INR,INR,2025-07-30 15:38:46+00:00,2025-07-30T13:57:24.494000+00:00,2025-08-11T14:11:24+00:00,"EXECUTIVE OFFICER , NAGAR PARISHAD ARARIA",EO,NAGAR PARISHAD ARARIA,NAGAR PARISHAD ARARIA,"EXECUTIVE OFFICER, NAGAR PARISHAD ARARAI",EO,NAGAR PARISHAD ARARIA,92700.0,5000.0,590.0,True,"{'Flood': 0, 'Embankment': 0, 'embkt': 0, 'Relief': 0, 'Erosion': 0, 'SDRF': 0, 'Inundation': 0, 'Hydrology': 0, 'Silt': 0, 'Siltation': 0, 'Bund': 0, 'Trench': 0, 'Breach': 0, 'Culvert': 0, 'Sluice': 0, 'Dyke': 0, 'Storm water drain': 0, 'Emergency': 0, 'Immediate': 0, 'IM': 0, 'AE': 0, 'A E': 0, 'AAPDA MITRA': 0, 'Bridge': 0, 'River': 0, 'Drain': 0, 'Restoration': 0, 'Protection': 0, 'irr': 0, 'irrigation': 0, 'dam': 0, 'Nallah': 0, 'nala': 2, 'Retrofitting': 0, 'Pond': 0, 'Pokhari': 0, 'D/C': 0, 'Recharge shaft': 0, 'LFB': 0, 'RFB': 0}","{'Floodlight': 0, 'Flood Light': 0, 'GAS': 0, 'FIFA': 0, 'pipe': 0, 'pipes': 0, 'covid': 0, 'supply': 0, 'Beautification': 0, 'Installation': 0}",,,False,True,Others
107035,NIT-07/2025-26 G-60,Construction of Nala from Imtiyaz house to Anwar house Ward No-20 in Nagar Parishad Araria,Construction of Nala from Imtiyaz house to Anwar house Ward No-20 in Nagar Parishad Araria,4904305.0,INR,INR,2025-07-30 15:33:03+00:00,2025-07-30T14:06:55.063000+00:00,2025-08-11T13:19:55+00:00,"EXECUTIVE OFFICER , NAGAR PARISHAD ARARIA",EO,NAGAR PARISHAD ARARIA,NAGAR PARISHAD ARARIA,"EXECUTIVE OFFICER, NAGAR PARISHAD ARARAI",EO,NAGAR PARISHAD ARARIA,98100.0,5000.0,590.0,True,"{'Flood': 0, 'Embankment': 0, 'embkt': 0, 'Relief': 0, 'Erosion': 0, 'SDRF': 0, 'Inundation': 0, 'Hydrology': 0, 'Silt': 0, 'Siltation': 0, 'Bund': 0, 'Trench': 0, 'Breach': 0, 'Culvert': 0, 'Sluice': 0, 'Dyke': 0, 'Storm water drain': 0, 'Emergency': 0, 'Immediate': 0, 'IM': 0, 'AE': 0, 'A E': 0, 'AAPDA MITRA': 0, 'Bridge': 0, 'River': 0, 'Drain': 0, 'Restoration': 0, 'Protection': 0, 'irr': 0, 'irrigation': 0, 'dam': 0, 'Nallah': 0, 'nala': 2, 'Retrofitting': 0, 'Pond': 0, 'Pokhari': 0, 'D/C': 0, 'Recharge shaft': 0, 'LFB': 0, 'RFB': 0}","{'Floodlight': 0, 'Flood Light': 0, 'GAS': 0, 'FIFA': 0, 'pipe': 0, 'pipes': 0, 'covid': 0, 'supply': 0, 'Beautification': 0, 'Installation': 0}",,,False,False,Immediate Measures
107034,NIT-07/2025-26 G-59,Construction of Nala from Sisona Border to Koshi Pul Ward No-20 in Nagar Parishad Araria,Construction of Nala from Sisona Border to Koshi Pul Ward No-20 in Nagar Parishad Araria,4940102.0,INR,INR,2025-07-30 15:34:38+00:00,2025-07-30T14:02:58.576000+00:00,2025-08-11T13:44:00+00:00,"EXECUTIVE OFFICER , NAGAR PARISHAD ARARIA",EO,NAGAR PARISHAD ARARIA,NAGAR PARISHAD ARARIA,"EXECUTIVE OFFICER, NAGAR PARISHAD ARARAI",EO,NAGAR PARISHAD ARARIA,98900.0,5000.0,590.0,True,"{'Flood': 0, 'Embankment': 0, 'embkt': 0, 'Relief': 0, 'Erosion': 0, 'SDRF': 0, 'Inundation': 0, 'Hydrology': 0, 'Silt': 0, 'Siltation': 0, 'Bund': 0, 'Trench': 0, 'Breach': 0, 'Culvert': 0, 'Sluice': 0, 'Dyke': 0, 'Storm water drain': 0, 'Emergency': 0, 'Immediate': 0, 'IM': 0, 'AE': 0, 'A E': 0, 'AAPDA MITRA': 0, 'Bridge': 0, 'River': 0, 'Drain': 0, 'Restoration': 0, 'Protection': 0, 'irr': 0, 'irrigation': 0, 'dam': 0, 'Nallah': 0, 'nala': 2, 'Retrofitting': 0, 'Pond': 0, 'Pokhari': 0, 'D/C': 0, 'Recharge shaft': 0, 'LFB': 0, 'RFB': 0}","{'Floodlight': 0, 'Flood Light': 0, 'GAS': 0, 'FIFA': 0, 'pipe': 0, 'pipes': 0, 'covid': 0, 'supply': 0, 'Beautification': 0, 'Installation': 0}",,,False,False,Others
107028,NIT-07/2025-26 G-54,Construction of Road with  Nala from Pappu house to Masjid Ward No-18 in Nagar Parishad Araria,Construction of Road with  Nala from Pappu house to Masjid Ward No-18 in Nagar Parishad Araria,3779709.0,INR,INR,2025-07-30 15:47:09+00:00,2025-07-30T13:42:02.224000+00:00,2025-08-12T05:14:58+00:00,"EXECUTIVE OFFICER , NAGAR PARISHAD ARARIA",EO,NAGAR PARISHAD ARARIA,NAGAR PARISHAD ARARIA,"EXECUTIVE OFFICER, NAGAR PARISHAD ARARAI",EO,NAGAR PARISHAD ARARIA,75600.0,5000.0,590.0,True,"{'Flood': 0, 'Embankment': 0, 'embkt': 0, 'Relief': 0, 'Erosion': 0, 'SDRF': 0, 'Inundation': 0, 'Hydrology': 0, 'Silt': 0, 'Siltation': 0, 'Bund': 0, 'Trench': 0, 'Breach': 0, 'Culvert': 0, 'Sluice': 0, 'Dyke': 0, 'Storm water drain': 0, 'Emergency': 0, 'Immediate': 0, 'IM': 0, 'AE': 0, 'A E': 0, 'AAPDA MITRA': 0, 'Bridge': 0, 'River': 0, 'Drain': 0, 'Restoration': 0, 'Protection': 0, 'irr': 0, 'irrigation': 0, 'dam': 0, 'Nallah': 0, 'nala': 2, 'Retrofitting': 0, 'Pond': 0, 'Pokhari': 0, 'D/C': 0, 'Recharge shaft': 0, 'LFB': 0, 'RFB': 0}","{'Floodlight': 0, 'Flood Light': 0, 'GAS': 0, 'FIFA': 0, 'pipe': 0, 'pipes': 0, 'covid': 0, 'supply': 0, 'Beautification': 0, 'Installation': 0}",,,False,True,Others
107032,NIT-07/2025-26 G-57,Construction of Nala from Naiyar house to Hannan house Ward No-20 in Nagar Parishad Araria,Construction of Nala from Naiyar house to Hannan house Ward No-20 in Nagar Parishad Araria,2787064.0,INR,INR,2025-07-30 15:40:21+00:00,2025-07-30T13:53:39.523000+00:00,2025-08-11T15:31:37+00:00,"EXECUTIVE OFFICER , NAGAR PARISHAD ARARIA",EO,NAGAR PARISHAD ARARIA,NAGAR PARISHAD ARARIA,"EXECUTIVE OFFICER, NAGAR PARISHAD ARARAI",EO,NAGAR PARISHAD ARARIA,55800.0,5000.0,590.0,True,"{'Flood': 0, 'Embankment': 0, 'embkt': 0, 'Relief': 0, 'Erosion': 0, 'SDRF': 0, 'Inundation': 0, 'Hydrology': 0, 'Silt': 0, 'Siltation': 0, 'Bund': 0, 'Trench': 0, 'Breach': 0, 'Culvert': 0, 'Sluice': 0, 'Dyke': 0, 'Storm water drain': 0, 'Emergency': 0, 'Immediate': 0, 'IM': 0, 'AE': 0, 'A E': 0, 'AAPDA MITRA': 0, 'Bridge': 0, 'River': 0, 'Drain': 0, 'Restoration': 0, 'Protection': 0, 'irr': 0, 'irrigation': 0, 'dam': 0, 'Nallah': 0, 'nala': 2, 'Retrofitting': 0, 'Pond': 0, 'Pokhari': 0, 'D/C': 0, 'Recharge shaft': 0, 'LFB': 0, 'RFB': 0}","{'Floodlight': 0, 'Flood Light': 0, 'GAS': 0, 'FIFA': 0, 'pipe': 0, 'pipes': 0, 'covid': 0, 'supply': 0, 'Beautification': 0, 'Installation': 0}",,,False,False,Others
107039,NIT-07/2025-26 G-63,Construction of Nala from Mustak Dukan to Chootu Chai Dukan Ward No-23 in Nagar Parishad Araria,Construction of Nala from Mustak Dukan to Chootu Chai Dukan Ward No-23 in Nagar Parishad Araria,3068353.0,INR,INR,2025-07-30 15:07:35+00:00,2025-07-30T14:20:50.131000+00:00,2025-08-11T10:33:44+00:00,"EXECUTIVE OFFICER , NAGAR PARISHAD ARARIA",EO,NAGAR PARISHAD ARARIA,NAGAR PARISHAD ARARIA,"EXECUTIVE OFFICER, NAGAR PARISHAD ARARAI",EO,NAGAR PARISHAD ARARIA,61400.0,5000.0,590.0,True,"{'Flood': 0, 'Embankment': 0, 'embkt': 0, 'Relief': 0, 'Erosion': 0, 'SDRF': 0, 'Inundation': 0, 'Hydrology': 0, 'Silt': 0, 'Siltation': 0, 'Bund': 0, 'Trench': 0, 'Breach': 0, 'Culvert': 0, 'Sluice': 0, 'Dyke': 0, 'Storm water drain': 0, 'Emergency': 0, 'Immediate': 0, 'IM': 0, 'AE': 0, 'A E': 0, 'AAPDA MITRA': 0, 'Bridge': 0, 'River': 0, 'Drain': 0, 'Restoration': 0, 'Protection': 0, 'irr': 0, 'irrigation': 0, 'dam': 0, 'Nallah': 0, 'nala': 2, 'Retrofitting': 0, 'Pond': 0, 'Pokhari': 0, 'D/C': 0, 'Recharge shaft': 0, 'LFB': 0, 'RFB': 0}","{'Floodlight': 0, 'Flood Light': 0, 'GAS': 0, 'FIFA': 0, 'pipe': 0, 'pipes': 0, 'covid': 0, 'supply': 0, 'Beautification': 0, 'Installation': 0}",,,False,False,Others
107041,NIT-07/2025-26 G-65,Construction of Nala from Ward Parshad Abul Kalam house to Kalim Dukandar house Ward No-29 in Nagar Parishad Araria,Construction of Nala from Ward Parshad Abul Kalam house to Kalim Dukandar house Ward No-29 in Nagar Parishad Araria,2630387.0,INR,INR,2025-07-30 15:02:13+00:00,2025-07-30T14:29:07.618000+00:00,2025-08-06T11:30:05+00:00,"EXECUTIVE OFFICER , NAGAR PARISHAD ARARIA",EO,NAGAR PARISHAD ARARIA,NAGAR PARISHAD ARARIA,"EXECUTIVE OFFICER, NAGAR PARISHAD ARARAI",EO,NAGAR PARISHAD ARARIA,52700.0,5000.0,590.0,True,"{'Flood': 0, 'Embankment': 0, 'embkt': 0, 'Relief': 0, 'Erosion': 0, 'SDRF': 0, 'Inundation': 0, 'Hydrology': 0, 'Silt': 0, 'Siltation': 0, 'Bund': 0, 'Trench': 0, 'Breach': 0, 'Culvert': 0, 'Sluice': 0, 'Dyke': 0, 'Storm water drain': 0, 'Emergency': 0, 'Immediate': 0, 'IM': 0, 'AE': 0, 'A E': 0, 'AAPDA MITRA': 0, 'Bridge': 0, 'River': 0, 'Drain': 0, 'Restoration': 0, 'Protection': 0, 'irr': 0, 'irrigation': 0, 'dam': 0, 'Nallah': 0, 'nala': 2, 'Retrofitting': 0, 'Pond': 0, 'Pokhari': 0, 'D/C': 0, 'Recharge shaft': 0, 'LFB': 0, 'RFB': 0}","{'Floodlight': 0, 'Flood Light': 0, 'GAS': 0, 'FIFA': 0, 'pipe': 0, 'pipes': 0, 'covid': 0, 'supply': 0, 'Beautification': 0, 'Installation': 0}",,,False,False,Immediate Measures
107038,NIT-07/2025-26 G-62,Construction of Nala from Fusni Chowk to Safik Ahmad house Ward No-23 in Nagar Parishad Araria,Construction of Nala from Fusni Chowk to Safik Ahmad house Ward No-23 in Nagar Parishad Araria,3077473.0,INR,INR,2025-07-30 15:09:45+00:00,2025-07-30T14:16:23.473000+00:00,2025-08-11T12:57:57+00:00,"EXECUTIVE OFFICER , NAGAR PARISHAD ARARIA",EO,NAGAR PARISHAD ARARIA,NAGAR PARISHAD ARARIA,"EXECUTIVE OFFICER, NAGAR PARISHAD ARARAI",EO,NAGAR PARISHAD ARARIA,61600.0,5000.0,590.0,True,"{'Flood': 0, 'Embankment': 0, 'embkt': 0, 'Relief': 0, 'Erosion': 0, 'SDRF': 0, 'Inundation': 0, 'Hydrology': 0, 'Silt': 0, 'Siltation': 0, 'Bund': 0, 'Trench': 0, 'Breach': 0, 'Culvert': 0, 'Sluice': 0, 'Dyke': 0, 'Storm water drain': 0, 'Emergency': 0, 'Immediate': 0, 'IM': 0, 'AE': 0, 'A E': 0, 'AAPDA MITRA': 0, 'Bridge': 0, 'River': 0, 'Drain': 0, 'Restoration': 0, 'Protection': 0, 'irr': 0, 'irrigation': 0, 'dam': 0, 'Nallah': 0, 'nala': 2, 'Retrofitting': 0, 'Pond': 0, 'Pokhari': 0, 'D/C': 0, 'Recharge shaft': 0, 'LFB': 0, 'RFB': 0}","{'Floodlight': 0, 'Flood Light': 0, 'GAS': 0, 'FIFA': 0, 'pipe': 0, 'pipes': 0, 'covid': 0, 'supply': 0, 'Beautification': 0, 'Installation': 0}",,,False,False,Others
107042,NIT-01/2025-26-NPA-GR-02 RE,BOQ Construction of PCC road and RCC drain from Bihari Paswan's house to Rakesh Das's house in ward number 05 in nagar panchayat akbarnagar,BOQ Construction of PCC road and RCC drain from Bihari Paswan's house to Rakesh Das's house in ward number 05 in nagar panchayat akbarnagar,450643.0,INR,INR,2025-07-30 14:48:03+00:00,2025-07-30T14:40:56.453000+00:00,2025-08-21T15:41:43+00:00,Mr vikas kumar,EXECUTIVE OFFICER NP AKBARNAGAR,Mr vikas kumar,NAGAR PANCHAYAT AKBARNAGAR,Mr Vikas kumar,EXECUTIVE OFFICER NAGAR PANCHAYAT AKBARNAGAR,Mr vikas kumar,9013.0,750.0,590.0,True,"{'Flood': 0, 'Embankment': 0, 'embkt': 0, 'Relief': 0, 'Erosion': 0, 'SDRF': 0, 'Inundation': 0, 'Hydrology': 0, 'Silt': 0, 'Siltation': 0, 'Bund': 0, 'Trench': 0, 'Breach': 0, 'Culvert': 0, 'Sluice': 0, 'Dyke': 0, 'Storm water drain': 0, 'Emergency': 0, 'Immediate': 0, 'IM': 0, 'AE': 0, 'A E': 0, 'AAPDA MITRA': 0, 'Bridge': 0, 'River': 0, 'Drain': 2, 'Restoration': 0, 'Protection': 0, 'irr': 0, 'irrigation': 0, 'dam': 0, 'Nallah': 0, 'nala': 0, 'Retrofitting': 0, 'Pond': 0, 'Pokhari': 0, 'D/C': 0, 'Recharge shaft': 0, 'LFB': 0, 'RFB': 0}","{'Floodlight': 0, 'Flood Light': 0, 'GAS': 0, 'FIFA': 0, 'pipe': 0, 'pipes': 0, 'covid': 0, 'supply': 0, 'Beautification': 0, 'Installation': 0}",,,False,True,Immediate Measures
107040,NIT-07/2025-26 G-64,Construction of Nala from Md. Mojahid house to Kakurwa School Chowk Ward No-29 in Nagar Parishad Araria,Construction of Nala from Md. Mojahid house to Kakurwa School Chowk Ward No-29 in Nagar Parishad Araria,2993472.0,INR,INR,2025-07-30 15:05:35+00:00,2025-07-30T14:25:08.411000+00:00,2025-08-11T10:21:25+00:00,"EXECUTIVE OFFICER , NAGAR PARISHAD ARARIA",EO,NAGAR PARISHAD ARARIA,NAGAR PARISHAD ARARIA,"EXECUTIVE OFFICER, NAGAR PARISHAD ARARAI",EO,NAGAR PARISHAD ARARIA,59900.0,5000.0,590.0,True,"{'Flood': 0, 'Embankment': 0, 'embkt': 0, 'Relief': 0, 'Erosion': 0, 'SDRF': 0, 'Inundation': 0, 'Hydrology': 0, 'Silt': 0, 'Siltation': 0, 'Bund': 0, 'Trench': 0, 'Breach': 0, 'Culvert': 0, 'Sluice': 0, 'Dyke': 0, 'Storm water drain': 0, 'Emergency': 0, 'Immediate': 0, 'IM': 0, 'AE': 0, 'A E': 0, 'AAPDA MITRA': 0, 'Bridge': 0, 'River': 0, 'Drain': 0, 'Restoration': 0, 'Protection': 0, 'irr': 0, 'irrigation': 0, 'dam': 0, 'Nallah': 0, 'nala': 2, 'Retrofitting': 0, 'Pond': 0, 'Pokhari': 0, 'D/C': 0, 'Recharge shaft': 0, 'LFB': 0, 'RFB': 0}","{'Floodlight': 0, 'Flood Light': 0, 'GAS': 0, 'FIFA': 0, 'pipe': 0, 'pipes': 0, 'covid': 0, 'supply': 0, 'Beautification': 0, 'Installation': 0}",,,False,False,Others
107025,NIT-07/2025-26 G-53,Construction of Nala from Madhu Devi house to Rahika Tola Mahaveer Mandir Ward No-17 in Nagar Parishad Araria,Construction of Nala from Madhu Devi house to Rahika Tola Mahaveer Mandir Ward No-17 in Nagar Parishad Araria,3822786.0,INR,INR,2025-07-30 15:49:01+00:00,2025-07-30T13:36:23.390000+00:00,2025-08-12T05:25:39+00:00,"EXECUTIVE OFFICER , NAGAR PARISHAD ARARIA",EO,NAGAR PARISHAD ARARIA,NAGAR PARISHAD ARARIA,"EXECUTIVE OFFICER, NAGAR PARISHAD ARARAI",EO,NAGAR PARISHAD ARARIA,76500.0,5000.0,590.0,True,"{'Flood': 0, 'Embankment': 0, 'embkt': 0, 'Relief': 0, 'Erosion': 0, 'SDRF': 0, 'Inundation': 0, 'Hydrology': 0, 'Silt': 0, 'Siltation': 0, 'Bund': 0, 'Trench': 0, 'Breach': 0, 'Culvert': 0, 'Sluice': 0, 'Dyke': 0, 'Storm water drain': 0, 'Emergency': 0, 'Immediate': 0, 'IM': 0, 'AE': 0, 'A E': 0, 'AAPDA MITRA': 0, 'Bridge': 0, 'River': 0, 'Drain': 0, 'Restoration': 0, 'Protection': 0, 'irr': 0, 'irrigation': 0, 'dam': 0, 'Nallah': 0, 'nala': 2, 'Retrofitting': 0, 'Pond': 0, 'Pokhari': 0, 'D/C': 0, 'Recharge shaft': 0, 'LFB': 0, 'RFB': 0}","{'Floodlight': 0, 'Flood Light': 0, 'GAS': 0, 'FIFA': 0, 'pipe': 0, 'pipes': 0, 'covid': 0, 'supply': 0, 'Beautification': 0, 'Installation': 0}",,,False,False,Others
107022,NIT-10/2025-26/GR17,Construction of PCC Road RCC Drain with Cover Slab From H/O-Uttam Kumar Upadhyay to Vishnu Lal Bhiya to H/O-Chotu Pandit to H/O-Gauri Prasad to H/O-Shiv Nath Prasad to H/O-Vishnu Kumar to H/O-Sheyam Sundar Singh to H/O-Kunti Devi to H/O-Jitendra to Rameshwar Upadhyay via Upendra Pandey to Satendra Mishra in Mohalla-Uperdhi Ward No-40 Under G.M.C. Gaya.,Construction of PCC Road RCC Drain with Cover Slab From H/O-Uttam Kumar Upadhyay to Vishnu Lal Bhiya to H/O-Chotu Pandit to H/O-Gauri Prasad to H/O-Shiv Nath Prasad to H/O-Vishnu Kumar to H/O-Sheyam Sundar Singh to H/O-Kunti Devi to H/O-Jitendra to Rameshwar Upadhyay via Upendra Pandey to Satendra Mishra in Mohalla-Uperdhi Ward No-40 Under G.M.C. Gaya.,2334535.0,INR,INR,2025-07-30 13:33:05+00:00,2025-07-30T13:30:33.252000+00:00,2025-12-09T06:10:51+00:00,KUMAR ANURAG,MUNICIPAL COMMISSIONER GAYA,GAYA MUNICIPAL CORPORATION,NEAR KEDARNATH MARKET GAYA,KUMAR ANURAG,MUNICIPAL COMMISSIONER GAYA,GAYA MUNICIPAL CORPORATION,46691.0,5000.0,590.0,True,"{'Flood': 0, 'Embankment': 0, 'embkt': 0, 'Relief': 0, 'Erosion': 0, 'SDRF': 0, 'Inundation': 0, 'Hydrology': 0, 'Silt': 0, 'Siltation': 0, 'Bund': 0, 'Trench': 0, 'Breach': 0, 'Culvert': 0, 'Sluice': 0, 'Dyke': 0, 'Storm water drain': 0, 'Emergency': 0, 'Immediate': 0, 'IM': 0, 'AE': 0, 'A E': 0, 'AAPDA MITRA': 0, 'Bridge': 0, 'River': 0, 'Drain': 2, 'Restoration': 0, 'Protection': 0, 'irr': 0, 'irrigation': 0, 'dam': 0, 'Nallah': 0, 'nala': 0, 'Retrofitting': 0, 'Pond': 0, 'Pokhari': 0, 'D/C': 0, 'Recharge shaft': 0, 'LFB': 0, 'RFB': 0}","{'Floodlight': 0, 'Flood Light': 0, 'GAS': 0, 'FIFA': 0, 'pipe': 0, 'pipes': 0, 'covid': 0, 'supply': 0, 'Beautification': 0, 'Installation': 0}",,,False,True,Immediate Measures
107055,NIT-01/2025-26-NPA-GR-10,BOQ Construction of PCC road and RCC drain from Babulal Choudhary's house to Village Road  in ward number 11 in nagar panchayat akbarnagar,BOQ Construction of PCC road and RCC drain from Babulal Choudhary's house to Village Road  in ward number 11 in nagar panchayat akbarnagar,708769.0,INR,INR,2025-07-31 01:57:11+00:00,2025-07-31T01:54:03.201000+00:00,2025-08-21T16:08:42+00:00,Mr vikas kumar,EXECUTIVE OFFICER NP AKBARNAGAR,Mr vikas kumar,NAGAR PANCHAYAT AKBARNAGAR,Mr Vikas kumar,EXECUTIVE OFFICER NAGAR PANCHAYAT AKBARNAGAR,Mr vikas kumar,14175.0,2500.0,590.0,True,"{'Flood': 0, 'Embankment': 0, 'embkt': 0, 'Relief': 0, 'Erosion': 0, 'SDRF': 0, 'Inundation': 0, 'Hydrology': 0, 'Silt': 0, 'Siltation': 0, 'Bund': 0, 'Trench': 0, 'Breach': 0, 'Culvert': 0, 'Sluice': 0, 'Dyke': 0, 'Storm water drain': 0, 'Emergency': 0, 'Immediate': 0, 'IM': 0, 'AE': 0, 'A E': 0, 'AAPDA MITRA': 0, 'Bridge': 0, 'River': 0, 'Drain': 2, 'Restoration': 0, 'Protection': 0, 'irr': 0, 'irrigation': 0, 'dam': 0, 'Nallah': 0, 'nala': 0, 'Retrofitting': 0, 'Pond': 0, 'Pokhari': 0, 'D/C': 0, 'Recharge shaft': 0, 'LFB': 0, 'RFB': 0}","{'Floodlight': 0, 'Flood Light': 0, 'GAS': 0, 'FIFA': 0, 'pipe': 0, 'pipes': 0, 'covid': 0, 'supply': 0, 'Beautification': 0, 'Installation': 0}",,,False,True,Immediate Measures
107053,NIT-01/2025-26-NPA-GR-08,BOQ Construction of PCC road and RCC drain from Pramod  Kapri's house to  SH-85 in ward number 08 in nagar panchayat akbarnagar,BOQ Construction of PCC road and RCC drain from Pramod  Kapri's house to  SH-85 in ward number 08 in nagar panchayat akbarnagar,868418.0,INR,INR,2025-07-31 01:49:01+00:00,2025-07-31T01:44:39.854000+00:00,2025-08-21T16:03:52+00:00,Mr vikas kumar,EXECUTIVE OFFICER NP AKBARNAGAR,Mr vikas kumar,NAGAR PANCHAYAT AKBARNAGAR,Mr Vikas kumar,EXECUTIVE OFFICER NAGAR PANCHAYAT AKBARNAGAR,Mr vikas kumar,17368.0,2500.0,590.0,True,"{'Flood': 0, 'Embankment': 0, 'embkt': 0, 'Relief': 0, 'Erosion': 0, 'SDRF': 0, 'Inundation': 0, 'Hydrology': 0, 'Silt': 0, 'Siltation': 0, 'Bund': 0, 'Trench': 0, 'Breach': 0, 'Culvert': 0, 'Sluice': 0, 'Dyke': 0, 'Storm water drain': 0, 'Emergency': 0, 'Immediate': 0, 'IM': 0, 'AE': 0, 'A E': 0, 'AAPDA MITRA': 0, 'Bridge': 0, 'River': 0, 'Drain': 2, 'Restoration': 0, 'Protection': 0, 'irr': 0, 'irrigation': 0, 'dam': 0, 'Nallah': 0, 'nala': 0, 'Retrofitting': 0, 'Pond': 0, 'Pokhari': 0, 'D/C': 0, 'Recharge shaft': 0, 'LFB': 0, 'RFB': 0}","{'Floodlight': 0, 'Flood Light': 0, 'GAS': 0, 'FIFA': 0, 'pipe': 0, 'pipes': 0, 'covid': 0, 'supply': 0, 'Beautification': 0, 'Installation': 0}",,,False,True,Immediate Measures
107054,NIT-01/2025-26-NPA-GR-09,BOQ Construction of PCC road and RCC drain from Pankaj  Yadav's house to kishor Mahato's house in ward number 09 in nagar panchayat akbarnagar,BOQ Construction of PCC road and RCC drain from Pankaj  Yadav's house to kishor Mahato's house in ward number 09 in nagar panchayat akbarnagar,431133.0,INR,INR,2025-07-31 01:53:22+00:00,2025-07-31T01:49:57.209000+00:00,2025-08-21T16:06:32+00:00,Mr vikas kumar,EXECUTIVE OFFICER NP AKBARNAGAR,Mr vikas kumar,NAGAR PANCHAYAT AKBARNAGAR,Mr Vikas kumar,EXECUTIVE OFFICER NAGAR PANCHAYAT AKBARNAGAR,Mr vikas kumar,8623.0,750.0,590.0,True,"{'Flood': 0, 'Embankment': 0, 'embkt': 0, 'Relief': 0, 'Erosion': 0, 'SDRF': 0, 'Inundation': 0, 'Hydrology': 0, 'Silt': 0, 'Siltation': 0, 'Bund': 0, 'Trench': 0, 'Breach': 0, 'Culvert': 0, 'Sluice': 0, 'Dyke': 0, 'Storm water drain': 0, 'Emergency': 0, 'Immediate': 0, 'IM': 0, 'AE': 0, 'A E': 0, 'AAPDA MITRA': 0, 'Bridge': 0, 'River': 0, 'Drain': 2, 'Restoration': 0, 'Protection': 0, 'irr': 0, 'irrigation': 0, 'dam': 0, 'Nallah': 0, 'nala': 0, 'Retrofitting': 0, 'Pond': 0, 'Pokhari': 0, 'D/C': 0, 'Recharge shaft': 0, 'LFB': 0, 'RFB': 0}","{'Floodlight': 0, 'Flood Light': 0, 'GAS': 0, 'FIFA': 0, 'pipe': 0, 'pipes': 0, 'covid': 0, 'supply': 0, 'Beautification': 0, 'Installation': 0}",,,False,True,Immediate Measures
107060,NIT-10/2025-26/GR12,Construction of R.C.C. Drain & P.C.C. Road From H/O- Ranjan Sharma & H/O-Gorelal Yadav to Police Line main Road Under G.M.C. Ward No-31 G.M.C. Gaya.,Construction of R.C.C. Drain & P.C.C. Road From H/O- Ranjan Sharma & H/O-Gorelal Yadav to Police Line main Road Under G.M.C. Ward No-31 G.M.C. Gaya.,2431700.0,INR,INR,2025-07-31 06:30:05+00:00,2025-07-31T06:26:42.634000+00:00,2025-12-13T06:13:58+00:00,KUMAR ANURAG,MUNICIPAL COMMISSIONER GAYA,GAYA MUNICIPAL CORPORATION,NEAR KEDARNATH MARKET GAYA,KUMAR ANURAG,MUNICIPAL COMMISSIONER GAYA,GAYA MUNICIPAL CORPORATION,48634.0,5000.0,590.0,True,"{'Flood': 0, 'Embankment': 0, 'embkt': 0, 'Relief': 0, 'Erosion': 0, 'SDRF': 0, 'Inundation': 0, 'Hydrology': 0, 'Silt': 0, 'Siltation': 0, 'Bund': 0, 'Trench': 0, 'Breach': 0, 'Culvert': 0, 'Sluice': 0, 'Dyke': 0, 'Storm water drain': 0, 'Emergency': 0, 'Immediate': 0, 'IM': 0, 'AE': 0, 'A E': 0, 'AAPDA MITRA': 0, 'Bridge': 0, 'River': 0, 'Drain': 2, 'Restoration': 0, 'Protection': 0, 'irr': 0, 'irrigation': 0, 'dam': 0, 'Nallah': 0, 'nala': 0, 'Retrofitting': 0, 'Pond': 0, 'Pokhari': 0, 'D/C': 0, 'Recharge shaft': 0, 'LFB': 0, 'RFB': 0}","{'Floodlight': 0, 'Flood Light': 0, 'GAS': 0, 'FIFA': 0, 'pipe': 0, 'pipes': 0, 'covid': 0, 'supply': 0, 'Beautification': 0, 'Installation': 0}",,,False,True,Immediate Measures
107063,NIT-02/2025-26 GR03 RE-TENDER,Construction work of RCC drain slab along with paver block road from main road to Tribhuvan Sah's house in ward number-07 and PCC road from Baidyanath Sah's house to Tribhuvan Sah's house   under Nagar Panchayat Maharajganj.,Construction work of RCC drain slab along with paver block road from main road to Tribhuvan Sah's house in ward number-07 and PCC road from Baidyanath Sah's house to Tribhuvan Sah's house   under Nagar Panchayat Maharajganj.,906843.0,INR,INR,2025-07-31 07:04:01+00:00,2025-07-31T06:55:08.492000+00:00,2025-08-11T06:10:03+00:00,HARISCHANDRA,EXECUTIVE OFFICER NAGAR PANCHAYAT MAHARAJGANJ,NAGAR PANCHAYAT MAHARAJGANJ,PASNAULI SAGAR WARD 12 ADMINISTRATIVE BUILDING,HARISCHANDRA,EXECUTIVE OFFICER NAGAR PANCHAYAT MAHARAJGANJ,NAGAR PANCHAYAT MAHARAJGANJ,18200.0,1250.0,590.0,True,"{'Flood': 0, 'Embankment': 0, 'embkt': 0, 'Relief': 0, 'Erosion': 0, 'SDRF': 0, 'Inundation': 0, 'Hydrology': 0, 'Silt': 0, 'Siltation': 0, 'Bund': 0, 'Trench': 0, 'Breach': 0, 'Culvert': 0, 'Sluice': 0, 'Dyke': 0, 'Storm water drain': 0, 'Emergency': 0, 'Immediate': 0, 'IM': 0, 'AE': 0, 'A E': 0, 'AAPDA MITRA': 0, 'Bridge': 0, 'River': 0, 'Drain': 2, 'Restoration': 0, 'Protection': 0, 'irr': 0, 'irrigation': 0, 'dam': 0, 'Nallah': 0, 'nala': 0, 'Retrofitting': 0, 'Pond': 0, 'Pokhari': 0, 'D/C': 0, 'Recharge shaft': 0, 'LFB': 0, 'RFB': 0}","{'Floodlight': 0, 'Flood Light': 0, 'GAS': 0, 'FIFA': 0, 'pipe': 0, 'pipes': 0, 'covid': 0, 'supply': 0, 'Beautification': 0, 'Installation': 0}",,,False,True,Immediate Measures
107058,NIT-02/2025-26 GR01 RE-TENDER,Construction work of PCC from Shankar Sah's house to Noniyadih in ward number-02 and construction work of drain and PCC from Gopal ji's house to Dashrath Sah's house under Nagar Panchayat Maharajganj.,Construction work of PCC from Shankar Sah's house to Noniyadih in ward number-02 and construction work of drain and PCC from Gopal ji's house to Dashrath Sah's house under Nagar Panchayat Maharajganj.,1321966.0,INR,INR,2025-07-31 06:49:31+00:00,2025-07-31T06:10:51.566000+00:00,2025-08-11T05:42:18+00:00,HARISCHANDRA,EXECUTIVE OFFICER NAGAR PANCHAYAT MAHARAJGANJ,NAGAR PANCHAYAT MAHARAJGANJ,PASNAULI SAGAR WARD 12 ADMINISTRATIVE BUILDING,HARISCHANDRA,EXECUTIVE OFFICER NAGAR PANCHAYAT MAHARAJGANJ,NAGAR PANCHAYAT MAHARAJGANJ,26500.0,5000.0,590.0,True,"{'Flood': 0, 'Embankment': 0, 'embkt': 0, 'Relief': 0, 'Erosion': 0, 'SDRF': 0, 'Inundation': 0, 'Hydrology': 0, 'Silt': 0, 'Siltation': 0, 'Bund': 0, 'Trench': 0, 'Breach': 0, 'Culvert': 0, 'Sluice': 0, 'Dyke': 0, 'Storm water drain': 0, 'Emergency': 0, 'Immediate': 0, 'IM': 0, 'AE': 0, 'A E': 0, 'AAPDA MITRA': 0, 'Bridge': 0, 'River': 0, 'Drain': 2, 'Restoration': 0, 'Protection': 0, 'irr': 0, 'irrigation': 0, 'dam': 0, 'Nallah': 0, 'nala': 0, 'Retrofitting': 0, 'Pond': 0, 'Pokhari': 0, 'D/C': 0, 'Recharge shaft': 0, 'LFB': 0, 'RFB': 0}","{'Floodlight': 0, 'Flood Light': 0, 'GAS': 0, 'FIFA': 0, 'pipe': 0, 'pipes': 0, 'covid': 0, 'supply': 0, 'Beautification': 0, 'Installation': 0}",,,False,True,Immediate Measures
107057,RENIT-SBD-02/2025-26/MID/ARA,Construction of Sarna Check Dam,Construction of Sarna Check Dam,66764026.0,INR,INR,2025-07-31 06:24:41+00:00,2025-07-31T06:05:56.917000+00:00,2025-12-13T07:19:08+00:00,Manish Kumar Manjul,Executive Engineer (Ara),Minor Water Resources Department,"Minor Irrigation Division, Ara",Sunil Kumar,CE-Patna/CE MUZAFFARPUR,MWRD,1335300.0,10000.0,5900.0,True,"{'Flood': 0, 'Embankment': 0, 'embkt': 0, 'Relief': 0, 'Erosion': 0, 'SDRF': 0, 'Inundation': 0, 'Hydrology': 0, 'Silt': 0, 'Siltation': 0, 'Bund': 0, 'Trench': 0, 'Breach': 0, 'Culvert': 0, 'Sluice': 0, 'Dyke': 0, 'Storm water drain': 0, 'Emergency': 0, 'Immediate': 0, 'IM': 0, 'AE': 0, 'A E': 0, 'AAPDA MITRA': 0, 'Bridge': 0, 'River': 0, 'Drain': 0, 'Restoration': 0, 'Protection': 0, 'irr': 0, 'irrigation': 0, 'dam': 2, 'Nallah': 0, 'nala': 0, 'Retrofitting': 0, 'Pond': 0, 'Pokhari': 0, 'D/C': 0, 'Recharge shaft': 0, 'LFB': 0, 'RFB': 0}","{'Floodlight': 0, 'Flood Light': 0, 'GAS': 0, 'FIFA': 0, 'pipe': 0, 'pipes': 0, 'covid': 0, 'supply': 0, 'Beautification': 0, 'Installation': 0}",,,False,False,Others
107067,NIT-02/2025-26 GR04 RE-TENDER,"Construction work with earthwork, brickwork, PCC and drain cover from Gariban Sah's house to Sahdev Sah's house in ward number 08. (Construction in paver block)  under Nagar Panchayat Maharajganj.","Construction work with earthwork, brickwork, PCC and drain cover from Gariban Sah's house to Sahdev Sah's house in ward number 08. (Construction in paver block)  under Nagar Panchayat Maharajganj.",637093.0,INR,INR,2025-07-31 07:16:08+00:00,2025-07-31T07:06:51.176000+00:00,2025-08-11T06:16:12+00:00,HARISCHANDRA,EXECUTIVE OFFICER NAGAR PANCHAYAT MAHARAJGANJ,NAGAR PANCHAYAT MAHARAJGANJ,PASNAULI SAGAR WARD 12 ADMINISTRATIVE BUILDING,HARISCHANDRA,EXECUTIVE OFFICER NAGAR PANCHAYAT MAHARAJGANJ,NAGAR PANCHAYAT MAHARAJGANJ,12700.0,1250.0,590.0,True,"{'Flood': 0, 'Embankment': 0, 'embkt': 0, 'Relief': 0, 'Erosion': 0, 'SDRF': 0, 'Inundation': 0, 'Hydrology': 0, 'Silt': 0, 'Siltation': 0, 'Bund': 0, 'Trench': 0, 'Breach': 0, 'Culvert': 0, 'Sluice': 0, 'Dyke': 0, 'Storm water drain': 0, 'Emergency': 0, 'Immediate': 0, 'IM': 0, 'AE': 0, 'A E': 0, 'AAPDA MITRA': 0, 'Bridge': 0, 'River': 0, 'Drain': 2, 'Restoration': 0, 'Protection': 0, 'irr': 0, 'irrigation': 0, 'dam': 0, 'Nallah': 0, 'nala': 0, 'Retrofitting': 0, 'Pond': 0, 'Pokhari': 0, 'D/C': 0, 'Recharge shaft': 0, 'LFB': 0, 'RFB': 0}","{'Floodlight': 0, 'Flood Light': 0, 'GAS': 0, 'FIFA': 0, 'pipe': 0, 'pipes': 0, 'covid': 0, 'supply': 0, 'Beautification': 0, 'Installation': 0}",,,False,True,Immediate Measures
107062,NIT-02/2025-26 GR02 RE-TENDER,Construction work of paver block road with RCC drain slab from Lalu God's house to Chandeshwar Mahato's house in ward number-07  under Nagar Panchayat Maharajganj.,Construction work of paver block road with RCC drain slab from Lalu God's house to Chandeshwar Mahato's house in ward number-07  under Nagar Panchayat Maharajganj.,483358.0,INR,INR,2025-07-31 06:54:31+00:00,2025-07-31T06:49:53.907000+00:00,2025-08-11T06:01:35+00:00,HARISCHANDRA,EXECUTIVE OFFICER NAGAR PANCHAYAT MAHARAJGANJ,NAGAR PANCHAYAT MAHARAJGANJ,PASNAULI SAGAR WARD 12 ADMINISTRATIVE BUILDING,HARISCHANDRA,EXECUTIVE OFFICER NAGAR PANCHAYAT MAHARAJGANJ,NAGAR PANCHAYAT MAHARAJGANJ,9700.0,1250.0,590.0,True,"{'Flood': 0, 'Embankment': 0, 'embkt': 0, 'Relief': 0, 'Erosion': 0, 'SDRF': 0, 'Inundation': 0, 'Hydrology': 0, 'Silt': 0, 'Siltation': 0, 'Bund': 0, 'Trench': 0, 'Breach': 0, 'Culvert': 0, 'Sluice': 0, 'Dyke': 0, 'Storm water drain': 0, 'Emergency': 0, 'Immediate': 0, 'IM': 0, 'AE': 0, 'A E': 0, 'AAPDA MITRA': 0, 'Bridge': 0, 'River': 0, 'Drain': 2, 'Restoration': 0, 'Protection': 0, 'irr': 0, 'irrigation': 0, 'dam': 0, 'Nallah': 0, 'nala': 0, 'Retrofitting': 0, 'Pond': 0, 'Pokhari': 0, 'D/C': 0, 'Recharge shaft': 0, 'LFB': 0, 'RFB': 0}","{'Floodlight': 0, 'Flood Light': 0, 'GAS': 0, 'FIFA': 0, 'pipe': 0, 'pipes': 0, 'covid': 0, 'supply': 0, 'Beautification': 0, 'Installation': 0}",,,False,True,Immediate Measures
107050,NIT-01/2025-26-NPA-GR-05,BOQ Construction of PCC road and RCC drain from NH-80 to Gita Devi's house in ward number 06 in nagar panchayat akbarnagar,BOQ Construction of PCC road and RCC drain from NH-80 to Gita Devi's house in ward number 06 in nagar panchayat akbarnagar,1489168.0,INR,INR,2025-07-31 01:32:11+00:00,2025-07-31T01:28:03.245000+00:00,2025-08-21T15:50:13+00:00,Mr vikas kumar,EXECUTIVE OFFICER NP AKBARNAGAR,Mr vikas kumar,NAGAR PANCHAYAT AKBARNAGAR,Mr Vikas kumar,EXECUTIVE OFFICER NAGAR PANCHAYAT AKBARNAGAR,Mr vikas kumar,29783.0,2500.0,590.0,True,"{'Flood': 0, 'Embankment': 0, 'embkt': 0, 'Relief': 0, 'Erosion': 0, 'SDRF': 0, 'Inundation': 0, 'Hydrology': 0, 'Silt': 0, 'Siltation': 0, 'Bund': 0, 'Trench': 0, 'Breach': 0, 'Culvert': 0, 'Sluice': 0, 'Dyke': 0, 'Storm water drain': 0, 'Emergency': 0, 'Immediate': 0, 'IM': 0, 'AE': 0, 'A E': 0, 'AAPDA MITRA': 0, 'Bridge': 0, 'River': 0, 'Drain': 2, 'Restoration': 0, 'Protection': 0, 'irr': 0, 'irrigation': 0, 'dam': 0, 'Nallah': 0, 'nala': 0, 'Retrofitting': 0, 'Pond': 0, 'Pokhari': 0, 'D/C': 0, 'Recharge shaft': 0, 'LFB': 0, 'RFB': 0}","{'Floodlight': 0, 'Flood Light': 0, 'GAS': 0, 'FIFA': 0, 'pipe': 0, 'pipes': 0, 'covid': 0, 'supply': 0, 'Beautification': 0, 'Installation': 0}",,,False,True,Immediate Measures
107072,Short NIT No. 05/2025-26 Gr 01.,Construction of road and drain from Ramshrigari Girls High School to Kamtoul College SH-75 under Nagar Panchayat Kamtoul Ahiyari.,Construction of road and drain from Ramshrigari Girls High School to Kamtoul College SH-75 under Nagar Panchayat Kamtoul Ahiyari.,60852534.0,INR,INR,2025-07-31 12:03:44+00:00,2025-07-31T07:33:25.917000+00:00,2025-12-11T08:09:53+00:00,PRINCY KUMARI,MUNICIPPLE  EXECUTIVE  OFFICER,UDHD KAMTAUL AHIYARI NAGAR PANCHAYAT,KAMTAUL AHIYARI NAGAR PANCHAYAT 847304,PRINCY KUMARI,MUNICIPPLE EXECUTIVE OFFICER,UDHD KAMTAUL AHIYARI NAGAR PANCHAYAT,1217051.0,10000.0,5900.0,True,"{'Flood': 0, 'Embankment': 0, 'embkt': 0, 'Relief': 0, 'Erosion': 0, 'SDRF': 0, 'Inundation': 0, 'Hydrology': 0, 'Silt': 0, 'Siltation': 0, 'Bund': 0, 'Trench': 0, 'Breach': 0, 'Culvert': 0, 'Sluice': 0, 'Dyke': 0, 'Storm water drain': 0, 'Emergency': 0, 'Immediate': 0, 'IM': 0, 'AE': 0, 'A E': 0, 'AAPDA MITRA': 0, 'Bridge': 0, 'River': 0, 'Drain': 2, 'Restoration': 0, 'Protection': 0, 'irr': 0, 'irrigation': 0, 'dam': 0, 'Nallah': 0, 'nala': 0, 'Retrofitting': 0, 'Pond': 0, 'Pokhari': 0, 'D/C': 0, 'Recharge shaft': 0, 'LFB': 0, 'RFB': 0}","{'Floodlight': 0, 'Flood Light': 0, 'GAS': 0, 'FIFA': 0, 'pipe': 0, 'pipes': 0, 'covid': 0, 'supply': 0, 'Beautification': 0, 'Installation': 0}",,,False,True,Immediate Measures
107083,NIT NO-01/2025-26/GR-01,Construction of PCC Road & RCC Drain from Muzafarpur Main Road Ghaghra Chowk k Naharpulhotehuye Rahul Priyedarshi Hospital hotehuye Gandhi chowk South direction Bari Masjid hotehuye bandh road Avdanpir se Repura Jawahar Chowk tak at Nagar Panchayat Lalganj,Construction of PCC Road & RCC Drain from Muzafarpur Main Road Ghaghra Chowk k Naharpulhotehuye Rahul Priyedarshi Hospital hotehuye Gandhi chowk South direction Bari Masjid hotehuye bandh road Avdanpir se Repura Jawahar Chowk tak at Nagar Panchayat Lalganj,49821580.0,INR,INR,2025-07-31 12:28:24+00:00,2025-07-31T10:23:44.972000+00:00,2025-08-13T08:56:35+00:00,KANHAIYA KUMAR,MUNCIIPAL EXECUTIVE OFFICER,"URBAN DEVELOPMENT AND HOUSIG DEPARTMENT, BIHAR",NAGAR PARISHAD LALGANJ,KANHAIYA KUMAR,MUNCIPAL EXECUTIVE OFFICER,"URBAN DEVELOPMENT AND HOUSIG DEPARTMENT, BIHAR",996500.0,10000.0,5900.0,True,"{'Flood': 0, 'Embankment': 0, 'embkt': 0, 'Relief': 0, 'Erosion': 0, 'SDRF': 0, 'Inundation': 0, 'Hydrology': 0, 'Silt': 0, 'Siltation': 0, 'Bund': 0, 'Trench': 0, 'Breach': 0, 'Culvert': 0, 'Sluice': 0, 'Dyke': 0, 'Storm water drain': 0, 'Emergency': 0, 'Immediate': 0, 'IM': 0, 'AE': 0, 'A E': 0, 'AAPDA MITRA': 0, 'Bridge': 0, 'River': 0, 'Drain': 2, 'Restoration': 0, 'Protection': 0, 'irr': 0, 'irrigation': 0, 'dam': 0, 'Nallah': 0, 'nala': 0, 'Retrofitting': 0, 'Pond': 0, 'Pokhari': 0, 'D/C': 0, 'Recharge shaft': 0, 'LFB': 0, 'RFB': 0}","{'Floodlight': 0, 'Flood Light': 0, 'GAS': 0, 'FIFA': 0, 'pipe': 0, 'pipes': 0, 'covid': 0, 'supply': 0, 'Beautification': 0, 'Installation': 0}",,,False,True,Immediate Measures
107071,NIT-07/2025-26/GR06,Construction of P.C.C. road and R.C.C. drain from Bisar Talab east-south side corner shubham stationary to Nutan Nagar PNB via Manoj Kirana Shop under GMC Gaya,Construction of P.C.C. road and R.C.C. drain from Bisar Talab east-south side corner shubham stationary to Nutan Nagar PNB via Manoj Kirana Shop under GMC Gaya,6150100.0,INR,INR,2025-07-31 07:41:12+00:00,2025-07-31T07:32:11.542000+00:00,2025-08-07T09:31:00+00:00,KUMAR ANURAG,MUNICIPAL COMMISSIONER GAYA,GAYA MUNICIPAL CORPORATION,NEAR KEDARNATH MARKET GAYA,KUMAR ANURAG,MUNICIPAL COMMISSIONER GAYA,GAYA MUNICIPAL CORPORATION,123000.0,10000.0,590.0,True,"{'Flood': 0, 'Embankment': 0, 'embkt': 0, 'Relief': 0, 'Erosion': 0, 'SDRF': 0, 'Inundation': 0, 'Hydrology': 0, 'Silt': 0, 'Siltation': 0, 'Bund': 0, 'Trench': 0, 'Breach': 0, 'Culvert': 0, 'Sluice': 0, 'Dyke': 0, 'Storm water drain': 0, 'Emergency': 0, 'Immediate': 0, 'IM': 0, 'AE': 0, 'A E': 0, 'AAPDA MITRA': 0, 'Bridge': 0, 'River': 0, 'Drain': 2, 'Restoration': 0, 'Protection': 0, 'irr': 0, 'irrigation': 0, 'dam': 0, 'Nallah': 0, 'nala': 0, 'Retrofitting': 0, 'Pond': 0, 'Pokhari': 0, 'D/C': 0, 'Recharge shaft': 0, 'LFB': 0, 'RFB': 0}","{'Floodlight': 0, 'Flood Light': 0, 'GAS': 0, 'FIFA': 0, 'pipe': 0, 'pipes': 0, 'covid': 0, 'supply': 0, 'Beautification': 0, 'Installation': 0}",,,False,True,Immediate Measures
107091,NIT NO-06/2025-26/KATEYA/GR-04,Construction work of renovation of  Drain  from shop of krisna prasad madhesiya  to house of munna miyan  in ward no. 04 under nagar Panchayat Kateya.,Construction work of renovation of  Drain  from shop of krisna prasad madhesiya  to house of munna miyan  in ward no. 04 under nagar Panchayat Kateya.,603679.0,INR,INR,2025-07-31 11:35:53+00:00,2025-07-31T11:31:06.857000+00:00,2025-08-05T11:36:44+00:00,SAPNA KUMARI (E.O KATEYA),EXECUTIVE OFFICER,Nagar Panchayat kateya,Nagar Panchayat kateya,SAPNA KUMARI (E.O KATEYA),EXECUTIVE OFFICER,Nagar panchayat kateya,12100.0,1250.0,590.0,True,"{'Flood': 0, 'Embankment': 0, 'embkt': 0, 'Relief': 0, 'Erosion': 0, 'SDRF': 0, 'Inundation': 0, 'Hydrology': 0, 'Silt': 0, 'Siltation': 0, 'Bund': 0, 'Trench': 0, 'Breach': 0, 'Culvert': 0, 'Sluice': 0, 'Dyke': 0, 'Storm water drain': 0, 'Emergency': 0, 'Immediate': 0, 'IM': 0, 'AE': 0, 'A E': 0, 'AAPDA MITRA': 0, 'Bridge': 0, 'River': 0, 'Drain': 2, 'Restoration': 0, 'Protection': 0, 'irr': 0, 'irrigation': 0, 'dam': 0, 'Nallah': 0, 'nala': 0, 'Retrofitting': 0, 'Pond': 0, 'Pokhari': 0, 'D/C': 0, 'Recharge shaft': 0, 'LFB': 0, 'RFB': 0}","{'Floodlight': 0, 'Flood Light': 0, 'GAS': 0, 'FIFA': 0, 'pipe': 0, 'pipes': 0, 'covid': 0, 'supply': 0, 'Beautification': 0, 'Installation': 0}",,,False,True,Immediate Measures
107096,NIT NO-06/2025-26/KATEYA/GR-07,Construction work of Drain wit slab from premises of referral hospital to Sati sthan via hanuman mandir in ward no. 07 under nagar Panchayat Kateya,Construction work of Drain wit slab from premises of referral hospital to Sati sthan via hanuman mandir in ward no. 07 under nagar Panchayat Kateya,746065.0,INR,INR,2025-07-31 11:59:34+00:00,2025-07-31T11:55:57.791000+00:00,2025-08-05T11:37:50+00:00,SAPNA KUMARI (E.O KATEYA),EXECUTIVE OFFICER,Nagar Panchayat kateya,Nagar Panchayat kateya,SAPNA KUMARI (E.O KATEYA),EXECUTIVE OFFICER,Nagar panchayat kateya,14900.0,1250.0,590.0,True,"{'Flood': 0, 'Embankment': 0, 'embkt': 0, 'Relief': 0, 'Erosion': 0, 'SDRF': 0, 'Inundation': 0, 'Hydrology': 0, 'Silt': 0, 'Siltation': 0, 'Bund': 0, 'Trench': 0, 'Breach': 0, 'Culvert': 0, 'Sluice': 0, 'Dyke': 0, 'Storm water drain': 0, 'Emergency': 0, 'Immediate': 0, 'IM': 0, 'AE': 0, 'A E': 0, 'AAPDA MITRA': 0, 'Bridge': 0, 'River': 0, 'Drain': 2, 'Restoration': 0, 'Protection': 0, 'irr': 0, 'irrigation': 0, 'dam': 0, 'Nallah': 0, 'nala': 0, 'Retrofitting': 0, 'Pond': 0, 'Pokhari': 0, 'D/C': 0, 'Recharge shaft': 0, 'LFB': 0, 'RFB': 0}","{'Floodlight': 0, 'Flood Light': 0, 'GAS': 0, 'FIFA': 0, 'pipe': 0, 'pipes': 0, 'covid': 0, 'supply': 0, 'Beautification': 0, 'Installation': 0}",,,False,True,Immediate Measures
107106,NIT NO-06/2025-26/KATEYA/GR-11,Construction work of PCC Road and drain along the road from house of Madhuban Gor to  Bandhu Ram Path in ward no-11 under Panchayat Kateya.,Construction work of PCC Road and drain along the road from house of Madhuban Gor to  Bandhu Ram Path in ward no-11 under Panchayat Kateya.,1089592.0,INR,INR,2025-07-31 12:21:53+00:00,2025-07-31T12:15:54.914000+00:00,2025-08-05T11:39:18+00:00,SAPNA KUMARI (E.O KATEYA),EXECUTIVE OFFICER,Nagar Panchayat kateya,Nagar Panchayat kateya,SAPNA KUMARI (E.O KATEYA),EXECUTIVE OFFICER,Nagar panchayat kateya,21800.0,2500.0,590.0,True,"{'Flood': 0, 'Embankment': 0, 'embkt': 0, 'Relief': 0, 'Erosion': 0, 'SDRF': 0, 'Inundation': 0, 'Hydrology': 0, 'Silt': 0, 'Siltation': 0, 'Bund': 0, 'Trench': 0, 'Breach': 0, 'Culvert': 0, 'Sluice': 0, 'Dyke': 0, 'Storm water drain': 0, 'Emergency': 0, 'Immediate': 0, 'IM': 0, 'AE': 0, 'A E': 0, 'AAPDA MITRA': 0, 'Bridge': 0, 'River': 0, 'Drain': 2, 'Restoration': 0, 'Protection': 0, 'irr': 0, 'irrigation': 0, 'dam': 0, 'Nallah': 0, 'nala': 0, 'Retrofitting': 0, 'Pond': 0, 'Pokhari': 0, 'D/C': 0, 'Recharge shaft': 0, 'LFB': 0, 'RFB': 0}","{'Floodlight': 0, 'Flood Light': 0, 'GAS': 0, 'FIFA': 0, 'pipe': 0, 'pipes': 0, 'covid': 0, 'supply': 0, 'Beautification': 0, 'Installation': 0}",,,False,True,Immediate Measures
107094,NIT NO-06/2025-26/KATEYA/GR-05,Construction work of RCC Drain along road from house of ramdutt chaubey to block road junction via house of barkat miyan in ward no. 05 under nagar Panchayat Kateya.,Construction work of RCC Drain along road from house of ramdutt chaubey to block road junction via house of barkat miyan in ward no. 05 under nagar Panchayat Kateya.,1199754.0,INR,INR,2025-07-31 11:50:59+00:00,2025-07-31T11:36:08.204000+00:00,2025-08-05T11:37:03+00:00,SAPNA KUMARI (E.O KATEYA),EXECUTIVE OFFICER,Nagar Panchayat kateya,Nagar Panchayat kateya,SAPNA KUMARI (E.O KATEYA),EXECUTIVE OFFICER,Nagar panchayat kateya,24000.0,2500.0,590.0,True,"{'Flood': 0, 'Embankment': 0, 'embkt': 0, 'Relief': 0, 'Erosion': 0, 'SDRF': 0, 'Inundation': 0, 'Hydrology': 0, 'Silt': 0, 'Siltation': 0, 'Bund': 0, 'Trench': 0, 'Breach': 0, 'Culvert': 0, 'Sluice': 0, 'Dyke': 0, 'Storm water drain': 0, 'Emergency': 0, 'Immediate': 0, 'IM': 0, 'AE': 0, 'A E': 0, 'AAPDA MITRA': 0, 'Bridge': 0, 'River': 0, 'Drain': 2, 'Restoration': 0, 'Protection': 0, 'irr': 0, 'irrigation': 0, 'dam': 0, 'Nallah': 0, 'nala': 0, 'Retrofitting': 0, 'Pond': 0, 'Pokhari': 0, 'D/C': 0, 'Recharge shaft': 0, 'LFB': 0, 'RFB': 0}","{'Floodlight': 0, 'Flood Light': 0, 'GAS': 0, 'FIFA': 0, 'pipe': 0, 'pipes': 0, 'covid': 0, 'supply': 0, 'Beautification': 0, 'Installation': 0}",,,False,True,Immediate Measures
107104,NIT NO-06/2025-26/KATEYA/GR-10,Construction work of drain with slab from house of Rambilas Jaiswal via the house of Dinesh Umar and construction of drain from house of Suresh Choubey to the house of Sethi in ward no 09 under nagar Panchayat Kateya.,Construction work of drain with slab from house of Rambilas Jaiswal via the house of Dinesh Umar and construction of drain from house of Suresh Choubey to the house of Sethi in ward no 09 under nagar Panchayat Kateya.,1525666.0,INR,INR,2025-07-31 12:15:41+00:00,2025-07-31T12:10:23.561000+00:00,2025-08-05T11:38:57+00:00,SAPNA KUMARI (E.O KATEYA),EXECUTIVE OFFICER,Nagar Panchayat kateya,Nagar Panchayat kateya,SAPNA KUMARI (E.O KATEYA),EXECUTIVE OFFICER,Nagar panchayat kateya,30500.0,5000.0,590.0,True,"{'Flood': 0, 'Embankment': 0, 'embkt': 0, 'Relief': 0, 'Erosion': 0, 'SDRF': 0, 'Inundation': 0, 'Hydrology': 0, 'Silt': 0, 'Siltation': 0, 'Bund': 0, 'Trench': 0, 'Breach': 0, 'Culvert': 0, 'Sluice': 0, 'Dyke': 0, 'Storm water drain': 0, 'Emergency': 0, 'Immediate': 0, 'IM': 0, 'AE': 0, 'A E': 0, 'AAPDA MITRA': 0, 'Bridge': 0, 'River': 0, 'Drain': 4, 'Restoration': 0, 'Protection': 0, 'irr': 0, 'irrigation': 0, 'dam': 0, 'Nallah': 0, 'nala': 0, 'Retrofitting': 0, 'Pond': 0, 'Pokhari': 0, 'D/C': 0, 'Recharge shaft': 0, 'LFB': 0, 'RFB': 0}","{'Floodlight': 0, 'Flood Light': 0, 'GAS': 0, 'FIFA': 0, 'pipe': 0, 'pipes': 0, 'covid': 0, 'supply': 0, 'Beautification': 0, 'Installation': 0}",,,False,True,Immediate Measures
107107,Short NIT No. 05/2025-26 Gr 03,"In ward no. 03 under Nagar Panchayat Kamtoul-Ahiyari, from Lala ji's house to Sati Sthan, earth filling, Kharanjakaran and PCC road and from SH-75 road via crematorium to Maharaji Dam, earth filling and PCC road cum culvert and from Vaidyath Sah's field via Jaso Baba Sthan to Maharaji Bagh, earth filling, Kharanja cum culvert construction work.","In ward no. 03 under Nagar Panchayat Kamtoul-Ahiyari, from Lala ji's house to Sati Sthan, earth filling, Kharanjakaran and PCC road and from SH-75 road via crematorium to Maharaji Dam, earth filling and PCC road cum culvert and from Vaidyath Sah's field via Jaso Baba Sthan to Maharaji Bagh, earth filling, Kharanja cum culvert construction work.",27462691.0,INR,INR,2025-07-31 12:33:20+00:00,2025-07-31T12:16:02.134000+00:00,2025-08-08T11:21:44+00:00,PRINCY KUMARI,MUNICIPPLE  EXECUTIVE  OFFICER,UDHD KAMTAUL AHIYARI NAGAR PANCHAYAT,KAMTAUL AHIYARI NAGAR PANCHAYAT 847304,PRINCY KUMARI,MUNICIPPLE EXECUTIVE OFFICER,UDHD KAMTAUL AHIYARI NAGAR PANCHAYAT,549254.0,10000.0,3540.0,True,"{'Flood': 0, 'Embankment': 0, 'embkt': 0, 'Relief': 0, 'Erosion': 0, 'SDRF': 0, 'Inundation': 0, 'Hydrology': 0, 'Silt': 0, 'Siltation': 0, 'Bund': 0, 'Trench': 0, 'Breach': 0, 'Culvert': 4, 'Sluice': 0, 'Dyke': 0, 'Storm water drain': 0, 'Emergency': 0, 'Immediate': 0, 'IM': 0, 'AE': 0, 'A E': 0, 'AAPDA MITRA': 0, 'Bridge': 0, 'River': 0, 'Drain': 0, 'Restoration': 0, 'Protection': 0, 'irr': 0, 'irrigation': 0, 'dam': 2, 'Nallah': 0, 'nala': 0, 'Retrofitting': 0, 'Pond': 0, 'Pokhari': 0, 'D/C': 0, 'Recharge shaft': 0, 'LFB': 0, 'RFB': 0}","{'Floodlight': 0, 'Flood Light': 0, 'GAS': 0, 'FIFA': 0, 'pipe': 0, 'pipes': 0, 'covid': 0, 'supply': 0, 'Beautification': 0, 'Installation': 0}",,,False,True,Immediate Measures
107112,NIT NO-01/2025-26/GR-02,"Construction of PCC Road & RCC Drain from Hajipur Main Road to Sahri seema Via Neem Gachhi , Shiv Nandan Sah Chowk south direction Rajendra Sah Chowk at Nagar Parishad Lalganj.","Construction of PCC Road & RCC Drain from Hajipur Main Road to Sahri seema Via Neem Gachhi , Shiv Nandan Sah Chowk south direction Rajendra Sah Chowk at Nagar Parishad Lalganj.",44505205.0,INR,INR,2025-07-31 12:41:07+00:00,2025-07-31T12:29:23.809000+00:00,2025-08-13T09:03:28+00:00,KANHAIYA KUMAR,MUNCIIPAL EXECUTIVE OFFICER,"URBAN DEVELOPMENT AND HOUSIG DEPARTMENT, BIHAR",NAGAR PARISHAD LALGANJ,KANHAIYA KUMAR,MUNCIPAL EXECUTIVE OFFICER,"URBAN DEVELOPMENT AND HOUSIG DEPARTMENT, BIHAR",890200.0,10000.0,5900.0,True,"{'Flood': 0, 'Embankment': 0, 'embkt': 0, 'Relief': 0, 'Erosion': 0, 'SDRF': 0, 'Inundation': 0, 'Hydrology': 0, 'Silt': 0, 'Siltation': 0, 'Bund': 0, 'Trench': 0, 'Breach': 0, 'Culvert': 0, 'Sluice': 0, 'Dyke': 0, 'Storm water drain': 0, 'Emergency': 0, 'Immediate': 0, 'IM': 0, 'AE': 0, 'A E': 0, 'AAPDA MITRA': 0, 'Bridge': 0, 'River': 0, 'Drain': 2, 'Restoration': 0, 'Protection': 0, 'irr': 0, 'irrigation': 0, 'dam': 0, 'Nallah': 0, 'nala': 0, 'Retrofitting': 0, 'Pond': 0, 'Pokhari': 0, 'D/C': 0, 'Recharge shaft': 0, 'LFB': 0, 'RFB': 0}","{'Floodlight': 0, 'Flood Light': 0, 'GAS': 0, 'FIFA': 0, 'pipe': 0, 'pipes': 0, 'covid': 0, 'supply': 0, 'Beautification': 0, 'Installation': 0}",,,False,True,Immediate Measures
107122,NIT-07/2025-26 G-45,Construction of Nala from chintu chaturwedi house to dharmendra sahni house ward no 02 in Nagar Parishad Araria,Construction of Nala from chintu chaturwedi house to dharmendra sahni house ward no 02 in Nagar Parishad Araria,4924818.0,INR,INR,2025-07-31 14:45:22+00:00,2025-07-31T13:53:56.259000+00:00,2025-08-19T09:39:34+00:00,"EXECUTIVE OFFICER , NAGAR PARISHAD ARARIA",EO,NAGAR PARISHAD ARARIA,NAGAR PARISHAD ARARIA,"EXECUTIVE OFFICER, NAGAR PARISHAD ARARAI",EO,NAGAR PARISHAD ARARIA,49300.0,5000.0,590.0,True,"{'Flood': 0, 'Embankment': 0, 'embkt': 0, 'Relief': 0, 'Erosion': 0, 'SDRF': 0, 'Inundation': 0, 'Hydrology': 0, 'Silt': 0, 'Siltation': 0, 'Bund': 0, 'Trench': 0, 'Breach': 0, 'Culvert': 0, 'Sluice': 0, 'Dyke': 0, 'Storm water drain': 0, 'Emergency': 0, 'Immediate': 0, 'IM': 0, 'AE': 0, 'A E': 0, 'AAPDA MITRA': 0, 'Bridge': 0, 'River': 0, 'Drain': 0, 'Restoration': 0, 'Protection': 0, 'irr': 0, 'irrigation': 0, 'dam': 0, 'Nallah': 0, 'nala': 2, 'Retrofitting': 0, 'Pond': 0, 'Pokhari': 0, 'D/C': 0, 'Recharge shaft': 0, 'LFB': 0, 'RFB': 0}","{'Floodlight': 0, 'Flood Light': 0, 'GAS': 0, 'FIFA': 0, 'pipe': 0, 'pipes': 0, 'covid': 0, 'supply': 0, 'Beautification': 0, 'Installation': 0}",,,False,False,Others
107115,07/2025-26/NAGAR PARISHAD/TEKARI,Detailed Estimate and Cost Construction of Road and Drain From Konch-Tekari Road to Jalalpur to Bakshu Bigha Under Nagar Parishad Tekari.,Detailed Estimate and Cost Construction of Road and Drain From Konch-Tekari Road to Jalalpur to Bakshu Bigha Under Nagar Parishad Tekari.,23666733.0,INR,INR,2025-07-31 13:39:33+00:00,2025-07-31T12:42:37.523000+00:00,2025-10-15T10:43:21+00:00,RAJESH KUMAR JHA,EXECUTIVE OFFICER NAGAR PARISHAD TEKARI,NAGAR PARISHAD TEKARI,OFFICE TEKARI,RAJESH KUMAR JHA,EXECUTIVE ENGINEER NAGAR PARISHAD TEKARI,NAGAR PARISHAD TEKARI,473400.0,10000.0,3540.0,True,"{'Flood': 0, 'Embankment': 0, 'embkt': 0, 'Relief': 0, 'Erosion': 0, 'SDRF': 0, 'Inundation': 0, 'Hydrology': 0, 'Silt': 0, 'Siltation': 0, 'Bund': 0, 'Trench': 0, 'Breach': 0, 'Culvert': 0, 'Sluice': 0, 'Dyke': 0, 'Storm water drain': 0, 'Emergency': 0, 'Immediate': 0, 'IM': 0, 'AE': 0, 'A E': 0, 'AAPDA MITRA': 0, 'Bridge': 0, 'River': 0, 'Drain': 2, 'Restoration': 0, 'Protection': 0, 'irr': 0, 'irrigation': 0, 'dam': 0, 'Nallah': 0, 'nala': 0, 'Retrofitting': 0, 'Pond': 0, 'Pokhari': 0, 'D/C': 0, 'Recharge shaft': 0, 'LFB': 0, 'RFB': 0}","{'Floodlight': 0, 'Flood Light': 0, 'GAS': 0, 'FIFA': 0, 'pipe': 0, 'pipes': 0, 'covid': 0, 'supply': 0, 'Beautification': 0, 'Installation': 0}",,,False,True,Immediate Measures
107114,Short NIT No. 05/2025-26 Gr 04,"Construction of a concrete drain with covers on both sides from Kamtoul Kotpatti Chowk to Bangra Chowk in wards no. 01, 02, 03 and 04 under Nagar Panchayat Kamtoul-Ahiyari.","Construction of a concrete drain with covers on both sides from Kamtoul Kotpatti Chowk to Bangra Chowk in wards no. 01, 02, 03 and 04 under Nagar Panchayat Kamtoul-Ahiyari.",48338786.0,INR,INR,2025-07-31 12:45:08+00:00,2025-07-31T12:33:41.557000+00:00,2025-08-08T11:18:28+00:00,PRINCY KUMARI,MUNICIPPLE  EXECUTIVE  OFFICER,UDHD KAMTAUL AHIYARI NAGAR PANCHAYAT,KAMTAUL AHIYARI NAGAR PANCHAYAT 847304,PRINCY KUMARI,MUNICIPPLE EXECUTIVE OFFICER,UDHD KAMTAUL AHIYARI NAGAR PANCHAYAT,966776.0,10000.0,5900.0,True,"{'Flood': 0, 'Embankment': 0, 'embkt': 0, 'Relief': 0, 'Erosion': 0, 'SDRF': 0, 'Inundation': 0, 'Hydrology': 0, 'Silt': 0, 'Siltation': 0, 'Bund': 0, 'Trench': 0, 'Breach': 0, 'Culvert': 0, 'Sluice': 0, 'Dyke': 0, 'Storm water drain': 0, 'Emergency': 0, 'Immediate': 0, 'IM': 0, 'AE': 0, 'A E': 0, 'AAPDA MITRA': 0, 'Bridge': 0, 'River': 0, 'Drain': 2, 'Restoration': 0, 'Protection': 0, 'irr': 0, 'irrigation': 0, 'dam': 0, 'Nallah': 0, 'nala': 0, 'Retrofitting': 0, 'Pond': 0, 'Pokhari': 0, 'D/C': 0, 'Recharge shaft': 0, 'LFB': 0, 'RFB': 0}","{'Floodlight': 0, 'Flood Light': 0, 'GAS': 0, 'FIFA': 0, 'pipe': 0, 'pipes': 0, 'covid': 0, 'supply': 0, 'Beautification': 0, 'Installation': 0}",,,False,True,Immediate Measures
