Tender ID :,Tender Ref No :,Tender Title :,Work Description,Tender Value in ₹,Tender Currency,Bid Currency,Publish Date,Contract Date :,Update Date,Issuing Authority Name,Issuing Authority Designation,Issuing Organisation Name,Issuing Address,Approving Authority Name,Approving Authority Designation,Approving Organisation Name,EMD Amount,Tender Fee Amount,Tender Processing Fee Amount
14692,NPR-03/2021-22-GR-02,Raising of Gothra Land in Jahangirpur Panchayat in Nagar Panchaya Rosera For the Year 2019-20,Raising of Gothra Land in Jahangirpur Panchayat in Nagar Panchaya Rosera For the Year 2019-20,2883623.0,INR,INR,2021-11-02 09:01:57+00:00,2021-10-28T09:47:20.572000+00:00,2021-11-20T09:31:00+00:00,"EXECUTIVE OFFICER, RAMGARH",EXECUTIVE OFFICER RAMGARH,NAGAR PANCHAYAT RAMGARH,DEWHALIA ROAD RAMGARH,Neshat Alam,EXECUTIVE OFFICER,Nagar Parishad Rosera,57700.0,5000.0,590.0
14746,09/BCD/MADHEPURA/2020-21,Construction of the Sub Registry Office at Udakishunganj in the Madhepura District.,Construction of the Sub Registry Office at Udakishunganj in the Madhepura District.,13904611.0,INR,INR,2021-11-01 06:50:17+00:00,2021-11-01T06:38:01.523000+00:00,2021-11-29T11:46:35+00:00,"Executive Engineer, BUILDING DIVISION MADHEPURA",EE,"Executive Engineer, BUILDING DIVISION MADHEPURA","EE,  BUILDING DIVISION MADHEPURA, BCD,  MADHEPURA, BIHAR","Superintending Engineer, BUILDING CIRCLE SAHARSA",SE,"Superintending Engineer, Building Circle, Saharsa",278500.0,10000.0,3540.0
14741,8/2021-22/ GP-01,Renovation of Shiva Check Dam  Irrigation Scheme,Renovation of Shiva Check Dam  Irrigation Scheme,15202132.0,INR,INR,2021-11-01 13:06:55+00:00,2021-10-31T15:16:26.153000+00:00,2022-01-22T07:59:31+00:00,ER. ARBIND KUMAR SINGH,EXECUTIVE ENGINEER,ER ARBIND KUMAR SINGH,MINOR IRRIGATION DIVISION GAYA,BINDESHWAR RAM,CE,MINOR WATER RESOURCES DEPARTMENT,304100.0,10000.0,3540.0
14743,8/2021-22/ GP-06,Extensive Renovation of Bala bigha Narauni Ahar Pyne Irrigation System,Extensive Renovation of Bala bigha Narauni Ahar Pyne Irrigation System,11670400.0,INR,INR,2021-11-01 13:00:14+00:00,2021-10-31T15:58:47.897000+00:00,2022-03-23T08:01:35+00:00,ER. ARBIND KUMAR SINGH,EXECUTIVE ENGINEER,ER ARBIND KUMAR SINGH,MINOR IRRIGATION DIVISION GAYA,BINDESHWAR RAM,CE,MINOR WATER RESOURCES DEPARTMENT,233500.0,10000.0,3540.0
14745,8/2021-22 /GP-05,Repair of Nimsar Weir,Repair of Nimsar Weir,6497711.0,INR,INR,2021-11-01 13:01:30+00:00,2021-10-31T16:14:53.040000+00:00,2022-01-31T07:53:57+00:00,ER. ARBIND KUMAR SINGH,EXECUTIVE ENGINEER,ER ARBIND KUMAR SINGH,MINOR IRRIGATION DIVISION GAYA,BINDESHWAR RAM,CE,MINOR WATER RESOURCES DEPARTMENT,130000.0,10000.0,590.0
14742,8/2021-22/ GP-02,Renovation of Asurain Check Dam Irrigation Scheme,Renovation of Asurain Check Dam Irrigation Scheme,10208750.0,INR,INR,2021-11-01 13:05:04+00:00,2021-10-31T15:52:58.502000+00:00,2022-01-22T08:05:38+00:00,ER. ARBIND KUMAR SINGH,EXECUTIVE ENGINEER,ER ARBIND KUMAR SINGH,MINOR IRRIGATION DIVISION GAYA,BINDESHWAR RAM,CE,MINOR WATER RESOURCES DEPARTMENT,204200.0,10000.0,3540.0
14750,10/BCD/PATNACITY/2021-22,"Construction of Administrative building & Workshop for Govt. Polytechnic Collage at Patna City, Gulzarbagh, Patna for the year 2021-22","Construction of Administrative building & Workshop for Govt. Polytechnic Collage at Patna City, Gulzarbagh, Patna for the year 2021-22",219171175.0,INR,INR,2021-11-01 07:59:30+00:00,2021-11-01T07:46:17.675000+00:00,2021-12-07T10:43:31+00:00,"Executive Engineer, BUILDING DIVISION PATNA CITY",EE,BUILDING DIVISION PATNA CITY,"EE, BUILDING DIVISION PATNA CITY, BCD, GULZARBAG, PATNA BIHAR",SUPERINTENDING ENGINEER PATNA CIRCLE,SE,BCD PATNA CIRCLE,3191800.0,10000.0,5900.0
14751,07/2021-22/ GP-02,Renovation of Kubri Dam Irrigation Scheme,Renovation of Kubri Dam Irrigation Scheme,25784720.0,INR,INR,2021-11-01 11:30:43+00:00,2021-11-01T08:18:10.937000+00:00,2022-01-22T07:38:13+00:00,ER. ARBIND KUMAR SINGH,EXECUTIVE ENGINEER,ER ARBIND KUMAR SINGH,MINOR IRRIGATION DIVISION GAYA,BINDESHWAR RAM,CE,MINOR WATER RESOURCES DEPARTMENT,515700.0,10000.0,3540.0
14747,NIT08/2021-22/MID/KAIMUR/GR No-19,Renovation of Bhewar Ganda Nala Akowani Pyne,Renovation of Bhewar Ganda Nala Akowani Pyne,10786633.0,INR,INR,2021-11-01 07:10:34+00:00,2021-11-01T06:43:02.190000+00:00,2021-11-12T11:07:53+00:00,SUNIL KUMAR (SE),SE,MINOR WATER RESOURCES DEPARTMENT,"JAL BHAWAN, SHEIKHPURA, PATNA",BINDESHWAR RAM,CHEIF ENGINEER,MINOR WATER RESOURCE DEPARTMENT PATNA,216000.0,10000.0,3540.0
14754,07/2021-22/GP-05,Renovation of Shravandaha Pond  Ahar Pyne Irrigation Scheme,Renovation of Shravandaha Pond  Ahar Pyne Irrigation Scheme,34548291.0,INR,INR,2021-11-01 11:16:50+00:00,2021-11-01T08:36:53.524000+00:00,2022-01-04T07:20:04+00:00,ER. ARBIND KUMAR SINGH,EXECUTIVE ENGINEER,ER ARBIND KUMAR SINGH,MINOR IRRIGATION DIVISION GAYA,BINDESHWAR RAM,CE,MINOR WATER RESOURCES DEPARTMENT,691000.0,10000.0,5900.0
14759,NIT-12/MMC/2021-22/GR-02,"Construction of  R.C.C. Drain from Shambhu Prasad House to near Upendra Prasad House in Balughat in Ward No.-17 under MMC, Muzaffarpur. GROUP-02","Construction of  R.C.C. Drain from Shambhu Prasad House to near Upendra Prasad House in Balughat in Ward No.-17 under MMC, Muzaffarpur. GROUP-02",496949.0,INR,INR,2021-11-01 10:25:10+00:00,2021-11-01T09:58:23.900000+00:00,2022-03-08T08:46:02+00:00,"MUNICIPAL COMMISSIONER, MUZAFFARPUR",MUNICIPAL COMMISSIONER,MUZAFFARPUR MUNICIPAL CORPORATION,"OPPOSITE OF MUZAFFARPUR RAILWAY STATION, KACHHARI CAMPUR","MUNICIPAL COMMISSIONER, MUZAFFARPUR",MUNICIPAL COMMISSIONER,MUZAFFARPUR MUNICIPAL CORPORATION,10000.0,750.0,590.0
14753,07/2021-22/ GP-04,Renovation of Dadhichwa Dam Ahar Pyne Irrigation Scheme,Renovation of Dadhichwa Dam Ahar Pyne Irrigation Scheme,29777678.0,INR,INR,2021-11-01 11:21:53+00:00,2021-11-01T08:31:55.134000+00:00,2022-01-04T07:22:09+00:00,ER. ARBIND KUMAR SINGH,EXECUTIVE ENGINEER,ER ARBIND KUMAR SINGH,MINOR IRRIGATION DIVISION GAYA,BINDESHWAR RAM,CE,MINOR WATER RESOURCES DEPARTMENT,595600.0,10000.0,3540.0
14758,NIT-12/MMC/2021-22/GR-01,"Construction of  P.C.C. Road with R.C.C. Drain infront of Mumtaj Kuraisi House in Maripur Kesav Tola Road No.-01 in Ward No.-08 under MMC, Muzaffarpur. GROUP-01","Construction of  P.C.C. Road with R.C.C. Drain infront of Mumtaj Kuraisi House in Maripur Kesav Tola Road No.-01 in Ward No.-08 under MMC, Muzaffarpur. GROUP-01",499378.0,INR,INR,2021-11-01 10:25:46+00:00,2021-11-01T09:50:55.557000+00:00,2021-11-15T11:25:56+00:00,"MUNICIPAL COMMISSIONER, MUZAFFARPUR",MUNICIPAL COMMISSIONER,MUZAFFARPUR MUNICIPAL CORPORATION,"OPPOSITE OF MUZAFFARPUR RAILWAY STATION, KACHHARI CAMPUR","MUNICIPAL COMMISSIONER, MUZAFFARPUR",MUNICIPAL COMMISSIONER,MUZAFFARPUR MUNICIPAL CORPORATION,10000.0,750.0,590.0
14756,NIT NO- 02/PHED/LKR/2021-22,Construction of  soak pit 1.0 metre diameter 2.0 metre deep with dry brick honey comb shaft with bricks of class designation 100 B for hand-pumps under P.H. Division Lakhisarai-2021-22,Construction of  soak pit 1.0 metre diameter 2.0 metre deep with dry brick honey comb shaft with bricks of class designation 100 B for hand-pumps under P.H. Division Lakhisarai-2021-22,3570100.0,INR,INR,2021-11-01 10:36:58+00:00,2021-11-01T09:26:52.703000+00:00,2022-03-08T10:26:57+00:00,"EXECUTIVE ENGINEER, LAKHISARAI DIVISION",EE,"EXECUTIVE ENGINEER, LAKHISARAI DIVISION","EXECUTIVE ENGINEER, LAKHISARAI DIVISION","Executive Engineer, Lakhisarai Division",EE,"Executive Engineer, Lakhisarai Division",71400.0,2500.0,590.0
14752,07/2021-22/ GP-03,Renovation of Padariya-Manjhar  Ahar Pyne Irrigation Scheme,Renovation of Padariya-Manjhar  Ahar Pyne Irrigation Scheme,32463681.0,INR,INR,2021-11-01 11:27:19+00:00,2021-11-01T08:26:46.822000+00:00,2022-01-28T10:30:51+00:00,ER. ARBIND KUMAR SINGH,EXECUTIVE ENGINEER,ER ARBIND KUMAR SINGH,MINOR IRRIGATION DIVISION GAYA,BINDESHWAR RAM,CE,MINOR WATER RESOURCES DEPARTMENT,649300.0,10000.0,5900.0
14749,09/BCD/PATNACITY/2021-22,"work of Height raising & repair work of Intermediate Perimeter wall of Sub- jail, Masaurhi, Patna for the year 2021-22","work of Height raising & repair work of Intermediate Perimeter wall of Sub- jail, Masaurhi, Patna for the year 2021-22",1859186.0,INR,INR,2021-11-01 08:25:50+00:00,2021-11-01T07:46:06.684000+00:00,2022-04-25T10:36:09+00:00,"Executive Engineer, BUILDING DIVISION PATNA CITY",EE,BUILDING DIVISION PATNA CITY,"EE, BUILDING DIVISION PATNA CITY, BCD, GULZARBAG, PATNA BIHAR","Superintending Engineer, Patna Circle",SE,Patna CIRCLE,37200.0,5000.0,590.0
14760,NIT-12/MMC/2021-22/GR-03,"Construction of  P.C.C. Road from Akhara Ghat Road Nunfar Colony Pappu Mahto House to near Shankar Mahto House in Ward No.-19 under MMC, Muzaffarpur. GROUP-03","Construction of  P.C.C. Road from Akhara Ghat Road Nunfar Colony Pappu Mahto House to near Shankar Mahto House in Ward No.-19 under MMC, Muzaffarpur. GROUP-03",477450.0,INR,INR,2021-11-01 10:24:35+00:00,2021-11-01T09:58:41.118000+00:00,2022-03-08T08:51:23+00:00,"MUNICIPAL COMMISSIONER, MUZAFFARPUR",MUNICIPAL COMMISSIONER,MUZAFFARPUR MUNICIPAL CORPORATION,"OPPOSITE OF MUZAFFARPUR RAILWAY STATION, KACHHARI CAMPUR","MUNICIPAL COMMISSIONER, MUZAFFARPUR",MUNICIPAL COMMISSIONER,MUZAFFARPUR MUNICIPAL CORPORATION,9600.0,750.0,590.0
14769,NIT NO-07/2021-22 GR-01,GR NO-01 Construction of 40 Nos. 125 mm x 40mm x 61M deep T/Well & 35 Nos. 125 mm x 115mm x 70M deep drilled T/Well  with  IM II Hand  Pump  P.C.C. 1.85 meter  dia  circular platform and  3 meter  long  P.C.C.  Drain  for  providing  drinking  water in Special Central Assistance to Scheduled caste sub plan (SCA to SCSP)  in the district of Aurangabad under  P.H. Division Aurangabad in the year 2021-22,GR NO-01 Construction of 40 Nos. 125 mm x 40mm x 61M deep T/Well & 35 Nos. 125 mm x 115mm x 70M deep drilled T/Well  with  IM II Hand  Pump  P.C.C. 1.85 meter  dia  circular platform and  3 meter  long  P.C.C.  Drain  for  providing  drinking  water in Special Central Assistance to Scheduled caste sub plan (SCA to SCSP)  in the district of Aurangabad under  P.H. Division Aurangabad in the year 2021-22,4517500.0,INR,INR,2021-11-01 13:23:14+00:00,2021-11-01T12:57:25.764000+00:00,2021-12-11T06:41:16+00:00,"EXECUTIVE ENGINEER, AURANGABAD",EE,PH DIVISION AURANGABAD,"PHED COLONY , AURANGABAD","EXECUTIVE ENGINEEER, AURANGABAD",EE,"PH DIVISION, AURANGABAD",90500.0,5000.0,590.0
14764,NIT-12/MMC/2021-22/GR-07,"Construction of  P.C.C. Road and R.C.C. Drain from H/o Mahendra Chaudhary to H/o Rajendra Mahto in Loharpatti and near Kanhauli Math from H/o Hargovind Mahto to Sanjay Lal  in Ward No.-48 under MMC, Muzaffarpur. GROUP-07","Construction of  P.C.C. Road and R.C.C. Drain from H/o Mahendra Chaudhary to H/o Rajendra Mahto in Loharpatti and near Kanhauli Math from H/o Hargovind Mahto to Sanjay Lal  in Ward No.-48 under MMC, Muzaffarpur. GROUP-07",495389.0,INR,INR,2021-11-01 10:21:21+00:00,2021-11-01T10:00:12.641000+00:00,2022-03-08T08:28:57+00:00,"MUNICIPAL COMMISSIONER, MUZAFFARPUR",MUNICIPAL COMMISSIONER,MUZAFFARPUR MUNICIPAL CORPORATION,"OPPOSITE OF MUZAFFARPUR RAILWAY STATION, KACHHARI CAMPUR","MUNICIPAL COMMISSIONER, MUZAFFARPUR",MUNICIPAL COMMISSIONER,MUZAFFARPUR MUNICIPAL CORPORATION,10000.0,750.0,590.0
14761,NIT-12/MMC/2021-22/GR-04,"Construction of  Drain from Church Road towards going road to the H/o Sajjan Ji in Ward No.-37, under MMC, Muzaffarpur. GROUP-04","Construction of  Drain from Church Road towards going road to the H/o Sajjan Ji in Ward No.-37, under MMC, Muzaffarpur. GROUP-04",497520.0,INR,INR,2021-11-01 10:23:57+00:00,2021-11-01T09:58:56.229000+00:00,2021-11-15T11:51:47+00:00,"MUNICIPAL COMMISSIONER, MUZAFFARPUR",MUNICIPAL COMMISSIONER,MUZAFFARPUR MUNICIPAL CORPORATION,"OPPOSITE OF MUZAFFARPUR RAILWAY STATION, KACHHARI CAMPUR","MUNICIPAL COMMISSIONER, MUZAFFARPUR",MUNICIPAL COMMISSIONER,MUZAFFARPUR MUNICIPAL CORPORATION,10000.0,750.0,590.0
14763,NIT-12/MMC/2021-22/GR-06,"Construction of  R.C.C. Drain Near BMP 6 H/o Nanki Mahto towards going road to North Side Munna in Ward No.-45 under MMC, Muzaffarpur. GROUP-06","Construction of  R.C.C. Drain Near BMP 6 H/o Nanki Mahto towards going road to North Side Munna in Ward No.-45 under MMC, Muzaffarpur. GROUP-06",497520.0,INR,INR,2021-11-01 10:22:25+00:00,2021-11-01T09:59:53.685000+00:00,2022-03-08T09:37:53+00:00,"MUNICIPAL COMMISSIONER, MUZAFFARPUR",MUNICIPAL COMMISSIONER,MUZAFFARPUR MUNICIPAL CORPORATION,"OPPOSITE OF MUZAFFARPUR RAILWAY STATION, KACHHARI CAMPUR","MUNICIPAL COMMISSIONER, MUZAFFARPUR",MUNICIPAL COMMISSIONER,MUZAFFARPUR MUNICIPAL CORPORATION,10000.0,750.0,590.0
14762,NIT-12/MMC/2021-22/GR-05,"Construction of  R.C.C. Drain from H/o Dablu Ji to H/o Ratnesh Kumar and Repairing Road from Banke Sah Chowk to Mahamaya Vivah Bhavan in Ward No.-44, under MMC, Muzaffarpur. GROUP-05","Construction of  R.C.C. Drain from H/o Dablu Ji to H/o Ratnesh Kumar and Repairing Road from Banke Sah Chowk to Mahamaya Vivah Bhavan in Ward No.-44, under MMC, Muzaffarpur. GROUP-05",498178.0,INR,INR,2021-11-01 10:23:14+00:00,2021-11-01T09:59:32.825000+00:00,2021-11-15T12:06:41+00:00,"MUNICIPAL COMMISSIONER, MUZAFFARPUR",MUNICIPAL COMMISSIONER,MUZAFFARPUR MUNICIPAL CORPORATION,"OPPOSITE OF MUZAFFARPUR RAILWAY STATION, KACHHARI CAMPUR","MUNICIPAL COMMISSIONER, MUZAFFARPUR",MUNICIPAL COMMISSIONER,MUZAFFARPUR MUNICIPAL CORPORATION,10000.0,750.0,590.0
14744,8/2021-22/ GP-04,Renovation of  Dulhi - Uthali Ahar Pyne Scheme,Renovation of  Dulhi - Uthali Ahar Pyne Scheme,6683510.0,INR,INR,2021-11-01 13:02:46+00:00,2021-10-31T16:05:56.618000+00:00,2021-12-10T10:54:35+00:00,ER. ARBIND KUMAR SINGH,EXECUTIVE ENGINEER,ER ARBIND KUMAR SINGH,MINOR IRRIGATION DIVISION GAYA,BINDESHWAR RAM,CE,MINOR WATER RESOURCES DEPARTMENT,133700.0,10000.0,590.0
14774,NIT NO- 08/2021-22/GR05-AURANGABAD,RENOVATION OF POND IN SINGHI BUJURG VILLAGE (GP- 05),RENOVATION OF POND IN SINGHI BUJURG VILLAGE (GP- 05),18411456.0,INR,INR,2021-11-02 12:51:49+00:00,2021-11-01T16:11:10.694000+00:00,2022-03-23T07:41:50+00:00,KUMAR MUKESH EE ARGB,EXECUTIVE ENGINEER,"MINOR WATER RESOURCES DEPARTMENT, AURANGABAD DIVISION",AURANGABAD,"ER. RAJENDRA KUMAR, SE PATNA",SUPERINTENDENT ENGINEER,"MINOR IRRIGATION CIRCLE, PATNA",368300.0,10000.0,3540.0
14770,NIT NO- 08/2021-22/GR01-AURANGABAD,RENOVATION OF AHAR IN DASWAT KHAP VILLAGE (GP- 01),RENOVATION OF AHAR IN DASWAT KHAP VILLAGE (GP- 01),9084191.0,INR,INR,2021-11-02 12:32:57+00:00,2021-11-01T15:05:15.751000+00:00,2022-03-23T07:34:04+00:00,KUMAR MUKESH EE ARGB,EXECUTIVE ENGINEER,"MINOR WATER RESOURCES DEPARTMENT, AURANGABAD DIVISION",AURANGABAD,"ER. RAJENDRA KUMAR, SE PATNA",SUPERINTENDENT ENGINEER,"MINOR IRRIGATION CIRCLE, PATNA",181700.0,10000.0,3540.0
14777,NIT NO- 08/2021-22/GR07-AURANGABAD,RENOVATION OF BICHI ASTHAN AHAR (GP- 07),RENOVATION OF BICHI ASTHAN AHAR (GP- 07),11320085.0,INR,INR,2021-11-02 13:01:41+00:00,2021-11-01T16:24:56.927000+00:00,2022-03-23T07:44:43+00:00,KUMAR MUKESH EE ARGB,EXECUTIVE ENGINEER,"MINOR WATER RESOURCES DEPARTMENT, AURANGABAD DIVISION",AURANGABAD,"ER. RAJENDRA KUMAR, SE PATNA",SUPERINTENDENT ENGINEER,"MINOR IRRIGATION CIRCLE, PATNA",224500.0,10000.0,3540.0
14778,NIT NO- 08/2021-22/GR08-AURANGABAD,CONSTRUCTION OF CHECK DAM IN TEKARI PYNE AT HASAULI VILLAGE (GP- 08),CONSTRUCTION OF CHECK DAM IN TEKARI PYNE AT HASAULI VILLAGE (GP- 08),18125085.0,INR,INR,2021-11-02 13:04:59+00:00,2021-11-01T16:31:05.435000+00:00,2022-03-23T07:47:14+00:00,KUMAR MUKESH EE ARGB,EXECUTIVE ENGINEER,"MINOR WATER RESOURCES DEPARTMENT, AURANGABAD DIVISION",AURANGABAD,"ER. RAJENDRA KUMAR, SE PATNA",SUPERINTENDENT ENGINEER,"MINOR IRRIGATION CIRCLE, PATNA",362600.0,10000.0,3540.0
14772,NIT NO- 08/2021-22/GR03-AURANGABAD,RENOVATION OF AHAR IN RAJOI BIJOI VILLAGE (GP- 03),RENOVATION OF AHAR IN RAJOI BIJOI VILLAGE (GP- 03),10788066.0,INR,INR,2021-11-02 12:45:18+00:00,2021-11-01T15:58:08.839000+00:00,2022-03-23T07:38:03+00:00,KUMAR MUKESH EE ARGB,EXECUTIVE ENGINEER,"MINOR WATER RESOURCES DEPARTMENT, AURANGABAD DIVISION",AURANGABAD,"ER. RAJENDRA KUMAR, SE PATNA",SUPERINTENDENT ENGINEER,"MINOR IRRIGATION CIRCLE, PATNA",215800.0,10000.0,3540.0
14773,NIT NO- 08/2021-22/GR04-AURANGABAD,RENOVATION OF DANGRA AHAR AND JHARHA AHAR (GP- 04),RENOVATION OF DANGRA AHAR AND JHARHA AHAR (GP- 04),10480431.0,INR,INR,2021-11-02 12:48:33+00:00,2021-11-01T16:05:37.476000+00:00,2022-03-23T07:39:21+00:00,KUMAR MUKESH EE ARGB,EXECUTIVE ENGINEER,"MINOR WATER RESOURCES DEPARTMENT, AURANGABAD DIVISION",AURANGABAD,"ER. RAJENDRA KUMAR, SE PATNA",SUPERINTENDENT ENGINEER,"MINOR IRRIGATION CIRCLE, PATNA",209700.0,10000.0,3540.0
14780,NIT NO- 08/2021-22/GR 10-AURANGABAD,RENOVATION OF AHAR IN SHEIKHPURA VILLAGE (GP- 10),RENOVATION OF AHAR IN SHEIKHPURA VILLAGE (GP- 10),12476637.0,INR,INR,2021-11-02 13:10:40+00:00,2021-11-01T16:44:02.532000+00:00,2022-03-23T07:51:13+00:00,KUMAR MUKESH EE ARGB,EXECUTIVE ENGINEER,"MINOR WATER RESOURCES DEPARTMENT, AURANGABAD DIVISION",AURANGABAD,"ER. RAJENDRA KUMAR, SE PATNA",SUPERINTENDENT ENGINEER,"MINOR IRRIGATION CIRCLE, PATNA",249600.0,10000.0,3540.0
14775,NIT NO- 08/2021-22/GR06-AURANGABAD,RENOVATION OF CHOUKHARA AHAR (GP- 06),RENOVATION OF CHOUKHARA AHAR (GP- 06),8194546.0,INR,INR,2021-11-02 12:58:39+00:00,2021-11-01T16:17:34.379000+00:00,2022-03-23T07:43:13+00:00,KUMAR MUKESH EE ARGB,EXECUTIVE ENGINEER,"MINOR WATER RESOURCES DEPARTMENT, AURANGABAD DIVISION",AURANGABAD,"ER. RAJENDRA KUMAR, SE PATNA",SUPERINTENDENT ENGINEER,"MINOR IRRIGATION CIRCLE, PATNA",163900.0,10000.0,3540.0
14782,NIT NO- 08/2021-22/GR 12-AURANGABAD,RENOVATION OF POND IN BAIRAON VILLAGE (GP- 12),RENOVATION OF POND IN BAIRAON VILLAGE (GP- 12),11115932.0,INR,INR,2021-11-02 13:15:50+00:00,2021-11-01T16:56:02.391000+00:00,2022-03-23T07:54:20+00:00,KUMAR MUKESH EE ARGB,EXECUTIVE ENGINEER,"MINOR WATER RESOURCES DEPARTMENT, AURANGABAD DIVISION",AURANGABAD,"ER. RAJENDRA KUMAR, SE PATNA",SUPERINTENDENT ENGINEER,"MINOR IRRIGATION CIRCLE, PATNA",222400.0,10000.0,3540.0
14781,NIT NO- 08/2021-22/GR 11-AURANGABAD,RENOVATION OF AHAR / POND IN UPARDAHA VILLAGE (GP- 11),RENOVATION OF AHAR / POND IN UPARDAHA VILLAGE (GP- 11),9238735.0,INR,INR,2021-11-02 13:12:42+00:00,2021-11-01T16:49:37.382000+00:00,2022-03-23T07:52:42+00:00,KUMAR MUKESH EE ARGB,EXECUTIVE ENGINEER,"MINOR WATER RESOURCES DEPARTMENT, AURANGABAD DIVISION",AURANGABAD,"ER. RAJENDRA KUMAR, SE PATNA",SUPERINTENDENT ENGINEER,"MINOR IRRIGATION CIRCLE, PATNA",184800.0,10000.0,3540.0
14785,02/2021-22/ NPD/GR 01,"Construction of water supply scheme for 125 HH Connection.Ward no-27(Part B) Under
Daudnagar Nagar Parisad,Aurangabad","Construction of water supply scheme for 125 HH Connection.Ward no-27(Part B) Under
Daudnagar Nagar Parisad,Aurangabad",2485550.0,INR,INR,2021-11-02 07:16:06+00:00,2021-11-02T06:59:25.427000+00:00,2021-12-10T09:39:21+00:00,"EXECUTIVE OFFICER, DAUDNAGAR (EO)",EXECUTIVE OFFICER,NAGAR PARISHAD DAUDNAGAR,AT KASERA TOLI WARD NO 14 DAUDNAGAR,"EXECUTIVE OFFICER, DAUDNAGAR",EO,NAGAR PARISHAD DAUDNAGAR,49800.0,5000.0,590.0
14779,NIT NO- 08/2021-22/GR09-AURANGABAD,RENOVATION OF SPILLWAY & PYNE IN VILLAGE BANGALI BIGHA (GP- 09),RENOVATION OF SPILLWAY & PYNE IN VILLAGE BANGALI BIGHA (GP- 09),11768347.0,INR,INR,2021-11-02 13:07:15+00:00,2021-11-01T16:36:55.093000+00:00,2022-03-23T07:49:03+00:00,KUMAR MUKESH EE ARGB,EXECUTIVE ENGINEER,"MINOR WATER RESOURCES DEPARTMENT, AURANGABAD DIVISION",AURANGABAD,"ER. RAJENDRA KUMAR, SE PATNA",SUPERINTENDENT ENGINEER,"MINOR IRRIGATION CIRCLE, PATNA",235400.0,10000.0,3540.0
14786,02/2021-22/ NPD/GR 02,"Construction of water supply scheme for 125 HH Connection.Ward no-27(Part C) Under
Daudnagar Nagar Parisad,Aurangabad","Construction of water supply scheme for 125 HH Connection.Ward no-27(Part C) Under
Daudnagar Nagar Parisad,Aurangabad",2485550.0,INR,INR,2021-11-02 07:25:01+00:00,2021-11-02T07:16:34.691000+00:00,2021-12-10T09:40:40+00:00,"EXECUTIVE OFFICER, DAUDNAGAR (EO)",EXECUTIVE OFFICER,NAGAR PARISHAD DAUDNAGAR,AT KASERA TOLI WARD NO 14 DAUDNAGAR,"EXECUTIVE OFFICER, DAUDNAGAR",EO,NAGAR PARISHAD DAUDNAGAR,49800.0,5000.0,590.0
14771,NIT NO- 08/2021-22/GR02-AURANGABAD,RENOVATION OF BRAHM DEVTA AHAR & GOPALPUR PYNE (GP- 02),RENOVATION OF BRAHM DEVTA AHAR & GOPALPUR PYNE (GP- 02),12600913.0,INR,INR,2021-11-02 12:42:18+00:00,2021-11-01T15:45:57.605000+00:00,2022-03-23T07:36:26+00:00,KUMAR MUKESH EE ARGB,EXECUTIVE ENGINEER,"MINOR WATER RESOURCES DEPARTMENT, AURANGABAD DIVISION",AURANGABAD,"ER. RAJENDRA KUMAR, SE PATNA",SUPERINTENDENT ENGINEER,"MINOR IRRIGATION CIRCLE, PATNA",252100.0,10000.0,3540.0
14787,02/2021-22/ NPD/GR 03,"Construction of water supply scheme for 125 HH Connection.Ward no-27(Part D) Under
Daudnagar Nagar Parisad,Aurangabad","Construction of water supply scheme for 125 HH Connection.Ward no-27(Part D) Under
Daudnagar Nagar Parisad,Aurangabad",2485550.0,INR,INR,2021-11-02 07:34:23+00:00,2021-11-02T07:25:17.248000+00:00,2021-12-10T09:41:41+00:00,"EXECUTIVE OFFICER, DAUDNAGAR (EO)",EXECUTIVE OFFICER,NAGAR PARISHAD DAUDNAGAR,AT KASERA TOLI WARD NO 14 DAUDNAGAR,"EXECUTIVE OFFICER, DAUDNAGAR",EO,NAGAR PARISHAD DAUDNAGAR,49800.0,5000.0,590.0
14790,02/2021-22/ NPD/GR 05,"ESTIMATE FOR THE RENOVATION OF SARKARI WELL TYPE FOR RAIN WATER HARVESTING AT WARD NO- 2(3nos.), 3(1nos.),4(1nos.),5(2nos.)=total 7 nos. UNDER NAGAR PARISHAD DAUDNAGAR","ESTIMATE FOR THE RENOVATION OF SARKARI WELL TYPE FOR RAIN WATER HARVESTING AT WARD NO- 2(3nos.), 3(1nos.),4(1nos.),5(2nos.)=total 7 nos. UNDER NAGAR PARISHAD DAUDNAGAR",562100.0,INR,INR,2021-11-02 07:50:11+00:00,2021-11-02T07:43:20.555000+00:00,2021-12-10T09:44:07+00:00,"EXECUTIVE OFFICER, DAUDNAGAR (EO)",EXECUTIVE OFFICER,NAGAR PARISHAD DAUDNAGAR,AT KASERA TOLI WARD NO 14 DAUDNAGAR,"EXECUTIVE OFFICER, DAUDNAGAR",EO,NAGAR PARISHAD DAUDNAGAR,11300.0,1250.0,590.0
14792,02/2021-22/ NPD/GR 07,"ESTIMATE FOR THE RENOVATION OF SARKARI WELL TYPE FOR RAIN WATER HARVESTING AT WARD NO- 14(2nos.), 15(1nos.),16(4nos.)=total 7 nos. UNDER NAGAR PARISHAD DAUDNAGAR","ESTIMATE FOR THE RENOVATION OF SARKARI WELL TYPE FOR RAIN WATER HARVESTING AT WARD NO- 14(2nos.), 15(1nos.),16(4nos.)=total 7 nos. UNDER NAGAR PARISHAD DAUDNAGAR",562100.0,INR,INR,2021-11-02 08:08:15+00:00,2021-11-02T07:58:28.821000+00:00,2021-12-10T09:47:06+00:00,"EXECUTIVE OFFICER, DAUDNAGAR (EO)",EXECUTIVE OFFICER,NAGAR PARISHAD DAUDNAGAR,AT KASERA TOLI WARD NO 14 DAUDNAGAR,"EXECUTIVE OFFICER, DAUDNAGAR",EO,NAGAR PARISHAD DAUDNAGAR,11300.0,1250.0,590.0
14798,07/BCD/ARARIA/2021-22 GR-02,Special Repair of C.J.M Court Building at Court Campus Araria,Special Repair of C.J.M Court Building at Court Campus Araria,4252565.0,INR,INR,2021-11-02 10:28:11+00:00,2021-11-02T10:10:48.412000+00:00,2022-04-21T13:34:08+00:00,"Executive Engineer, Araria",EE,Araria Division,"Executive Engineer, Araria Division ,  BUILDING CONSTRUCTION DEPARTMENT, Araria , Bihar","Superintending Engineer, Purnea Circle",SE,Purnea Circle,85100.0,5000.0,590.0
14784,MCD-NIT-19/2021-22-GR-01,Contruction of Paver Block Road and Hume Pipe Drain from house of Suresh Prasad to Ripu Gupta in Tarigodam Ward no-18 Danapur Nagar Parishad.,Contruction of Paver Block Road and Hume Pipe Drain from house of Suresh Prasad to Ripu Gupta in Tarigodam Ward no-18 Danapur Nagar Parishad.,1277075.0,INR,INR,2021-11-02 07:17:47+00:00,2021-11-02T06:57:53.857000+00:00,2021-12-07T06:42:38+00:00,"EXECUTIVE OFFICER, DANAPUR NIZAMAT",EO,NAGAR PARISHAD DANAPUR NIZAMAT,NAGAR PARISHAD DANAPUR NIZAMAT WARD NO.-35,"EXECUTIVE OFFICER, DANAPUR NIZAMAT",EO,NAGAR PARISHAD DANAPUR NIZAMAT,25600.0,2500.0,590.0
14791,02/2021-22/ NPD/GR 06,"ESTIMATE FOR THE RENOVATION OF SARKARI WELL TYPE FOR RAIN WATER HARVESTING AT WARD NO- 12(4nos.), 13(3nos.)=total 7 nos. UNDER NAGAR PARISHAD DAUDNAGAR","ESTIMATE FOR THE RENOVATION OF SARKARI WELL TYPE FOR RAIN WATER HARVESTING AT WARD NO- 12(4nos.), 13(3nos.)=total 7 nos. UNDER NAGAR PARISHAD DAUDNAGAR",562100.0,INR,INR,2021-11-02 07:58:10+00:00,2021-11-02T07:50:36.541000+00:00,2021-12-10T09:46:08+00:00,"EXECUTIVE OFFICER, DAUDNAGAR (EO)",EXECUTIVE OFFICER,NAGAR PARISHAD DAUDNAGAR,AT KASERA TOLI WARD NO 14 DAUDNAGAR,"EXECUTIVE OFFICER, DAUDNAGAR",EO,NAGAR PARISHAD DAUDNAGAR,11300.0,1250.0,590.0
14788,02/2021-22/ NPD/GR 04,"Construction of water supply scheme for 75 HH Connection.Ward no-05 Under Daudnagar Nagar Parisad,Aurangabad","Construction of water supply scheme for 75 HH Connection.Ward no-05 Under Daudnagar Nagar Parisad,Aurangabad",2386750.0,INR,INR,2021-11-02 07:41:51+00:00,2021-11-02T07:35:08.418000+00:00,2021-12-10T09:43:01+00:00,"EXECUTIVE OFFICER, DAUDNAGAR (EO)",EXECUTIVE OFFICER,NAGAR PARISHAD DAUDNAGAR,AT KASERA TOLI WARD NO 14 DAUDNAGAR,"EXECUTIVE OFFICER, DAUDNAGAR",EO,NAGAR PARISHAD DAUDNAGAR,47800.0,5000.0,590.0
14803,NPFORBESGANJ/NIT-04/2021-22-GR2,"Detailed estimate for construction of PCC road  from Lal bhagat House To Ayodhi Choudhary, in Dhatta Tola ward no 21, forbesganj For Fy 2021-22","Detailed estimate for construction of PCC road  from Lal bhagat House To Ayodhi Choudhary, in Dhatta Tola ward no 21, forbesganj For Fy 2021-22",967035.0,INR,INR,2021-11-03 06:59:27+00:00,2021-11-02T16:36:03.735000+00:00,2021-12-02T10:46:40+00:00,"EXECUTIVE OFFICER, FORBESGANJ",EO,NAGAR PARISHAD FORBESGANJ,"WARD NO. 06 FORBESGANJ, DIST- ARARIA, BIHAR, PIN-854318",DEEPAK JHA,EXECUTIVE OFFICER MOKAMA,NAGAR PARISHAD Mokama,19400.0,1250.0,590.0
14804,NPFORBESGANJ/NIT-04/2021-22-GR3,"Detailed estimate for construction of PCC road  from Viswanath Sah House To Sanjay Bhagat House near Training School, forbesganj For Fy 2021-22","Detailed estimate for construction of PCC road  from Viswanath Sah House To Sanjay Bhagat House near Training School, forbesganj For Fy 2021-22",949646.0,INR,INR,2021-11-03 07:00:38+00:00,2021-11-02T16:36:29.590000+00:00,2021-12-03T09:24:46+00:00,"EXECUTIVE OFFICER, FORBESGANJ",EO,NAGAR PARISHAD FORBESGANJ,"WARD NO. 06 FORBESGANJ, DIST- ARARIA, BIHAR, PIN-854318",DEEPAK JHA,EXECUTIVE OFFICER MOKAMA,NAGAR PARISHAD Mokama,19000.0,1250.0,590.0
14802,NPFORBESGANJ/NIT-04/2021-22-GR1,"Detailed estimate for construction of PCC road  from Dhatta Tola To Gayacy Chowk  Chamara Godam Training School Road  ward no 21, forbesganj For Fy 2021-22","Detailed estimate for construction of PCC road  from Dhatta Tola To Gayacy Chowk  Chamara Godam Training School Road  ward no 21, forbesganj For Fy 2021-22",694903.0,INR,INR,2021-11-03 06:58:19+00:00,2021-11-02T16:05:21.051000+00:00,2021-12-02T10:49:07+00:00,"EXECUTIVE OFFICER, FORBESGANJ",EO,NAGAR PARISHAD FORBESGANJ,"WARD NO. 06 FORBESGANJ, DIST- ARARIA, BIHAR, PIN-854318",DEEPAK JHA,EXECUTIVE OFFICER MOKAMA,NAGAR PARISHAD Mokama,13900.0,1250.0,590.0
14801,NIT NO- 07/2021-22/GR01-AURANGABAD,RENOVATION OF BARHETA KARAMDIH AHAR (GP- 01),RENOVATION OF BARHETA KARAMDIH AHAR (GP- 01),23211953.0,INR,INR,2021-11-03 06:44:12+00:00,2021-11-02T14:11:06.724000+00:00,2022-03-23T07:29:06+00:00,KUMAR MUKESH EE ARGB,EXECUTIVE ENGINEER,"MINOR WATER RESOURCES DEPARTMENT, AURANGABAD DIVISION",AURANGABAD,"ER. RAJENDRA KUMAR, SE PATNA",SUPERINTENDENT ENGINEER,"MINOR IRRIGATION CIRCLE, PATNA",464300.0,10000.0,3540.0
14783,07/2021-22/MID/JEHANABAD/1,RENOVATION OF HARNAKHAS TO SUHRI AHAR PYNE IRRIGATION SYSTEM,RENOVATION OF HARNAKHAS TO SUHRI AHAR PYNE IRRIGATION SYSTEM,27542037.0,INR,INR,2021-11-01 18:50:50+00:00,2021-11-01T17:51:15.443000+00:00,2021-11-29T15:06:43+00:00,Sanjib Kumar Singh,EXECUTIVE ENGINEER (EE),MINOR WATER RESOURCES DEPARTMENT,MWRD JEHANABAD,BINDESHWAR RAM,CE,MINOR WATER RESOURCES DEPARTMENT,551000.0,10000.0,3540.0
14808,NIT No. 39/CME/PMC/2021/02,Empanelment of Agencies for Supply of different types of sanitation material to Patna Municipal Corporation.,Empanelment of Agencies for Supply of different types of sanitation material to Patna Municipal Corporation.,0.0,INR,INR,2021-11-03 07:40:10+00:00,2021-11-03T06:45:32.059000+00:00,2022-02-05T08:33:29+00:00,CHIEF MUNICIPAL ENGINEER,CME,"Head Quarter, Patna Municipal Corporation, Patna","Block-C,4th Floor,Mauryalok,Patna",CHIEF MUNICIPAL ENGINEER,CME,"Head Quarter, Patna Municipal Corporation, Patna",25000.0,10000.0,590.0
14789,PHED JMU NIT No-03/2021-22,Providing labour for repair and maintenance of Ward level and Rural piped water supply schemes with transportation on Monthly basis Including CGST/ SGST /L.CESS,Providing labour for repair and maintenance of Ward level and Rural piped water supply schemes with transportation on Monthly basis Including CGST/ SGST /L.CESS,1129600.0,INR,INR,2021-11-02 08:09:07+00:00,2021-11-02T07:41:04.110000+00:00,2021-11-13T09:31:00+00:00,Er. SHIV SHANKAR DAYAL,"EXECUTIVE ENGINEER, JAMUI","P. H. Division, Jamui",PHED COLONY JAMUI SIRCHAND NAWADA ROAD NEAR OF DDC RESIDENCE,Er. Vijay kumar,Superintending Engineer(SE),P.H.Circle Munger,23000.0,2500.0,590.0
14807,NIT NO- 07/2021-22/GR02-AURANGABAD,RENOVATION OF POGAR POND (GP- 02),RENOVATION OF POGAR POND (GP- 02),34775276.0,INR,INR,2021-11-03 06:58:59+00:00,2021-11-03T06:37:16.853000+00:00,2022-03-23T07:31:33+00:00,KUMAR MUKESH EE ARGB,EXECUTIVE ENGINEER,"MINOR WATER RESOURCES DEPARTMENT, AURANGABAD DIVISION",AURANGABAD,"ER. RAJENDRA KUMAR, SE PATNA",SUPERINTENDENT ENGINEER,"MINOR IRRIGATION CIRCLE, PATNA",695600.0,10000.0,5900.0
14795,NPR-03/2021-22-GR-03,Construction of RCC Cover Slab of Drain from infornt the SDO Court Gate (Lohiya Nagar Durga Mandir) to Holi Mission School turning for the year 2020-21,Construction of RCC Cover Slab of Drain from infornt the SDO Court Gate (Lohiya Nagar Durga Mandir) to Holi Mission School turning for the year 2020-21,95852.0,INR,INR,2021-11-02 09:45:12+00:00,2021-11-02T09:25:26.414000+00:00,2021-11-20T09:31:00+00:00,"EXECUTIVE OFFICER, RAMGARH",EXECUTIVE OFFICER RAMGARH,NAGAR PANCHAYAT RAMGARH,DEWHALIA ROAD RAMGARH,Neshat Alam,EXECUTIVE OFFICER,Nagar Parishad Rosera,2000.0,500.0,590.0
14806,RFP NO- TRG/03/2021-22,"The Directorate of Employment & Training (Training Wing), Labour Resources Department, Govt. of Bihar (The Tendering Authority) invites e-Tenders from Registered Indian Manufacturers or OEM Authorised distributers/dealers for Supply, Installation and Commissioning (with AMC) of machines / tools and equipment as per the specified requirements and technical specifications, grouped under Schedule 01 to 10 of this RFQ at various Govt ITIs  in Bihar as specified in the delivery matrix. Bidder must apply for all schedules.","The Directorate of Employment & Training (Training Wing), Labour Resources Department, Govt. of Bihar (The Tendering Authority) invites e-Tenders from Registered Indian Manufacturers or OEM Authorised distributers/dealers for Supply, Installation and Commissioning (with AMC) of machines / tools and equipment as per the specified requirements and technical specifications, grouped under Schedule 01 to 10 of this RFQ at various Govt ITIs  in Bihar as specified in the delivery matrix. Bidder must apply for all schedules.",0.0,INR,INR,2021-11-03 12:10:55+00:00,2021-11-03T06:33:54.187000+00:00,2022-04-12T08:32:48+00:00,"Shreemohan Tanti,",D D T,"LABOUR RESOURCE DEPARTMENT, HQ","DIRECTORATE, EMPLOYMENT & TRAINING, 4TH FLOOR, NIYOJAN BHAWAN, BAILY ROAD, PATNA","Shreemohan Tanti,",D D T,LABOUR RESOURCE DEPARTMENT,12000000.0,50000.0,590.0
14813,14/BCD/SITAMARHI/2021-22,"Construction of Civil, PHE & Fire Fighting Works for Block Building at Nanpur Distt. Sitamarhi for the year 2021-22","Construction of Civil, PHE & Fire Fighting Works for Block Building at Nanpur Distt. Sitamarhi for the year 2021-22",176620938.0,INR,INR,2021-11-09 08:03:01+00:00,2021-11-03T11:17:12.028000+00:00,2022-03-28T09:58:07+00:00,"Executive Engineer, BUILDING DIVISION SITAMARHI",EE,Building  Division Sitamarhi,"EE, Building  Division Sitamarhi , BUILDING CONSTRUCTION DEPARTMENT,  Sitamarhi , Bihar","Superintending Engineer, Building Circle Muzaffarpur",SE,Building Circle Muzaffarpur,2766300.0,10000.0,5900.0
14816,NIT:-38/CME/PMC/2021,Balance work for Construction of G+1 Vending zone at kadamkuan under Patna Municipal Corporation with defect liability period of 5 years.,Balance work for Construction of G+1 Vending zone at kadamkuan under Patna Municipal Corporation with defect liability period of 5 years.,40947900.0,INR,INR,2021-11-05 07:01:14+00:00,2021-11-05T06:29:51.022000+00:00,2022-03-02T15:12:54+00:00,CHIEF MUNICIPAL ENGINEER,CME,"Head Quarter, Patna Municipal Corporation, Patna","Block-C,4th Floor,Mauryalok,Patna",CHIEF MUNICIPAL ENGINEER,CME,"Head Quarter, Patna Municipal Corporation, Patna",819000.0,10000.0,5900.0
14809,NIT-15/E/PATLIPUTRA/2021-22,Construction of PCC road and U/G drain road from house No-291/c Navin Kumar to Brajesh kumar D.S.P. house in ward no-22,Construction of PCC road and U/G drain road from house No-291/c Navin Kumar to Brajesh kumar D.S.P. house in ward no-22,1506200.0,INR,INR,2021-11-03 08:32:03+00:00,2021-11-03T07:41:46.053000+00:00,2021-12-23T06:15:29+00:00,"Aashish Prasad, Executive Engineer",EE,Patliputra Division,Sahdev Matho Marg sk puri park patna,"Aashish Prasad,EXECUETIVE ENGINEER",EE,Patliputra Division,30200.0,5000.0,590.0
14810,NIT No. 39/CME/PMC/2021/01,Empanelment of Agencies for Supply of different types of vehicle Tyres & Tubes (i.e. light and heavy vehicle tyres) to Patna Municipal Corporation.,Empanelment of Agencies for Supply of different types of vehicle Tyres & Tubes (i.e. light and heavy vehicle tyres) to Patna Municipal Corporation.,0.0,INR,INR,2021-11-03 08:04:02+00:00,2021-11-03T07:42:31.693000+00:00,2022-05-12T09:02:38+00:00,CHIEF MUNICIPAL ENGINEER,CME,"Head Quarter, Patna Municipal Corporation, Patna","Block-C,4th Floor,Mauryalok,Patna",CHIEF MUNICIPAL ENGINEER,CME,"Head Quarter, Patna Municipal Corporation, Patna",25000.0,10000.0,590.0
14819,BSEDC/ I/12517 /21,REQUEST FOR EMPANELMENT (RFE) for TRANSACTIONAL CONSULTANTS.,REQUEST FOR EMPANELMENT (RFE) for TRANSACTIONAL CONSULTANTS.,0.0,INR,INR,2021-11-05 08:28:07+00:00,2021-11-05T07:23:46.212000+00:00,2022-09-27T11:47:48+00:00,SUJEET KUMAR,PMU,BSEDC,"BELTRON Bhavan, Patna",Managing Director BSEDC,MD,BSEDC LTD,500000.0,10000.0,590.0
14814,27/BCD/PBD/2021-22,"Proposed combined Co-operative Building, Saharkar Bhawan(Divisional Level),  Patna for the year 2021-22","Proposed combined Co-operative Building, Saharkar Bhawan(Divisional Level),  Patna for the year 2021-22",28769784.0,INR,INR,2021-11-03 17:30:14+00:00,2021-11-03T16:57:57.612000+00:00,2022-04-12T09:21:52+00:00,"Executive Engineer, PATNA",EE,Patna Division,"EE, Patna Division, Lodipur, Near fire station office, Patna","Superintending Engineer, South Bihar Circle",SE,Superintending Engineer,575400.0,10000.0,3540.0
14800,07/BCD/ARARIA/2021-22 GR-01,Special Repair of Magistrate Court Building at Court Campus Araria,Special Repair of Magistrate Court Building at Court Campus Araria,5333127.0,INR,INR,2021-11-02 10:47:54+00:00,2021-11-02T10:44:29.378000+00:00,2022-04-21T13:24:10+00:00,"Executive Engineer, Araria",EE,Araria Division,"Executive Engineer, Araria Division ,  BUILDING CONSTRUCTION DEPARTMENT, Araria , Bihar","Superintending Engineer, Purnea Circle",SE,Purnea Circle,107000.0,5000.0,590.0
14823,NIT04/2021-22/GR-01,"CONSTRUCTION OF ROAD AND DRAIN FROM D.A.V. SCHOOL GAUSALA ROAD TO CHANDUKUNA TO SER PAR PAIN IN NAGAR PARISAD BARBIGHA ,SHEIKHPURA.","CONSTRUCTION OF ROAD AND DRAIN FROM D.A.V. SCHOOL GAUSALA ROAD TO CHANDUKUNA TO SER PAR PAIN IN NAGAR PARISAD BARBIGHA ,SHEIKHPURA.",11003700.0,INR,INR,2021-11-05 14:01:56+00:00,2021-11-05T13:11:20.445000+00:00,2022-05-20T03:34:16+00:00,BARBIGHA MUNICIPAL COUNCIL,EXECUTIVE OFFICER,UDHD BARBIGHA MUNICIPAL COUNCIL,SARMERA ROAD BARBIGHA,JYOT PRAKASH,EXECUTIVE OFFICER,BARBIGHA MUNICIPAL COUNCIL,221000.0,10000.0,3540.0
14825,MCD-NIT-19/2021-22-GR-04,Contruction of P.C.C. Road and R.C.C. Drain from house of Parveen Kumar to Sakhichand in Gandhi lane Ward no-21 Danapur Nagar Parishad.,Contruction of P.C.C. Road and R.C.C. Drain from house of Parveen Kumar to Sakhichand in Gandhi lane Ward no-21 Danapur Nagar Parishad.,1205298.0,INR,INR,2021-11-05 18:24:23+00:00,2021-11-05T18:20:52.938000+00:00,2021-12-07T10:01:34+00:00,"EXECUTIVE OFFICER, DANAPUR NIZAMAT",EO,NAGAR PARISHAD DANAPUR NIZAMAT,NAGAR PARISHAD DANAPUR NIZAMAT WARD NO.-35,"EXECUTIVE OFFICER, DANAPUR NIZAMAT",EO,NAGAR PARISHAD DANAPUR NIZAMAT,24200.0,2500.0,590.0
14817,09/2021-22/PHD/SIWAN/01,"Construction of 50 nos. 125mm X 40mm dia X 61 meter deep hand operated T/well  with India Mark II Hand Pump with Platform and drain in the ditrict of Siwan under P. H. Division, Siwan  for the year 2021-22 (GROUP-01)","Construction of 50 nos. 125mm X 40mm dia X 61 meter deep hand operated T/well  with India Mark II Hand Pump with Platform and drain in the ditrict of Siwan under P. H. Division, Siwan  for the year 2021-22 (GROUP-01)",2876500.0,INR,INR,2021-11-05 15:00:27+00:00,2021-11-05T06:30:29.981000+00:00,2022-04-10T03:08:52+00:00,RANJEET KUMAR SINGH,EE,PUBLIC HEALTH DIVISION SIWAN,PUBLIC HEALTH DIVISION SIWAN,RANJEET KUMAR SINGH,EE,PUBLIC HEALTH DIVISION SIWAN,62500.0,5000.0,590.0
14824,MCD-NIT-19/2021-22-GR-03,Contruction of P.C.C. Road and R.C.C. Drain from Lane no.-10 to Lane 13 in Ward no-21 Danapur Nagar Parishad.,Contruction of P.C.C. Road and R.C.C. Drain from Lane no.-10 to Lane 13 in Ward no-21 Danapur Nagar Parishad.,1205298.0,INR,INR,2021-11-05 18:20:27+00:00,2021-11-05T18:16:50.895000+00:00,2021-12-07T07:00:27+00:00,"EXECUTIVE OFFICER, DANAPUR NIZAMAT",EO,NAGAR PARISHAD DANAPUR NIZAMAT,NAGAR PARISHAD DANAPUR NIZAMAT WARD NO.-35,"EXECUTIVE OFFICER, DANAPUR NIZAMAT",EO,NAGAR PARISHAD DANAPUR NIZAMAT,24200.0,2500.0,590.0
14828,MCD-NIT-19/2021-22-GR-07,Contruction of Paver Block Road and Hume Pipe Drain from house of Gopal Saran to Vijay Kumar in Ward no-21 Danapur Nagar Parishad.,Contruction of Paver Block Road and Hume Pipe Drain from house of Gopal Saran to Vijay Kumar in Ward no-21 Danapur Nagar Parishad.,616220.0,INR,INR,2021-11-05 18:37:39+00:00,2021-11-05T18:32:58.719000+00:00,2021-12-07T07:48:50+00:00,"EXECUTIVE OFFICER, DANAPUR NIZAMAT",EO,NAGAR PARISHAD DANAPUR NIZAMAT,NAGAR PARISHAD DANAPUR NIZAMAT WARD NO.-35,"EXECUTIVE OFFICER, DANAPUR NIZAMAT",EO,NAGAR PARISHAD DANAPUR NIZAMAT,12400.0,1250.0,590.0
14826,MCD-NIT-19/2021-22-GR-05,Contruction of Paver Block Road and Hume Pipe Drain from house of Ramdhari Singh to Bacchu Sir in Ward no-21 Danapur Nagar Parishad.,Contruction of Paver Block Road and Hume Pipe Drain from house of Ramdhari Singh to Bacchu Sir in Ward no-21 Danapur Nagar Parishad.,1055798.0,INR,INR,2021-11-05 18:28:12+00:00,2021-11-05T18:24:50.260000+00:00,2021-12-07T07:11:21+00:00,"EXECUTIVE OFFICER, DANAPUR NIZAMAT",EO,NAGAR PARISHAD DANAPUR NIZAMAT,NAGAR PARISHAD DANAPUR NIZAMAT WARD NO.-35,"EXECUTIVE OFFICER, DANAPUR NIZAMAT",EO,NAGAR PARISHAD DANAPUR NIZAMAT,21200.0,2500.0,590.0
14829,MCD-NIT-19/2021-22-GR-08,Contruction of P.C.C. Road and Hume Pipe Drain from Main Lane to Land of Om Prakash Yadav in Ward no- 17 Danapur Nagar Parishad.,Contruction of P.C.C. Road and Hume Pipe Drain from Main Lane to Land of Om Prakash Yadav in Ward no- 17 Danapur Nagar Parishad.,782678.0,INR,INR,2021-11-05 18:42:54+00:00,2021-11-05T18:38:21.671000+00:00,2021-12-07T07:58:44+00:00,"EXECUTIVE OFFICER, DANAPUR NIZAMAT",EO,NAGAR PARISHAD DANAPUR NIZAMAT,NAGAR PARISHAD DANAPUR NIZAMAT WARD NO.-35,"EXECUTIVE OFFICER, DANAPUR NIZAMAT",EO,NAGAR PARISHAD DANAPUR NIZAMAT,15700.0,1250.0,590.0
14833,MCD-NIT-19/2021-22-GR-12,Contruction of Paver Block Road and Hume Pipe Drain from Imambara to house of Md. Sarafat in Kasyathap Toli Takiyapar Ward no-26 Danapur Nagar Parishad.,Contruction of Paver Block Road and Hume Pipe Drain from Imambara to house of Md. Sarafat in Kasyathap Toli Takiyapar Ward no-26 Danapur Nagar Parishad.,859547.0,INR,INR,2021-11-05 19:05:14+00:00,2021-11-05T19:01:02.640000+00:00,2021-12-07T08:42:39+00:00,"EXECUTIVE OFFICER, DANAPUR NIZAMAT",EO,NAGAR PARISHAD DANAPUR NIZAMAT,NAGAR PARISHAD DANAPUR NIZAMAT WARD NO.-35,"EXECUTIVE OFFICER, DANAPUR NIZAMAT",EO,NAGAR PARISHAD DANAPUR NIZAMAT,17200.0,1250.0,590.0
14834,MCD-NIT-19/2021-22-GR-13,Contruction of P.C.C. Road and Hume Pipe Drain from house of Binda Babu to Suraksha Bandh in Ward no- 29 Danapur Nagar Parishad.,Contruction of P.C.C. Road and Hume Pipe Drain from house of Binda Babu to Suraksha Bandh in Ward no- 29 Danapur Nagar Parishad.,510555.0,INR,INR,2021-11-05 19:09:07+00:00,2021-11-05T19:05:40.760000+00:00,2021-12-07T10:07:46+00:00,"EXECUTIVE OFFICER, DANAPUR NIZAMAT",EO,NAGAR PARISHAD DANAPUR NIZAMAT,NAGAR PARISHAD DANAPUR NIZAMAT WARD NO.-35,"EXECUTIVE OFFICER, DANAPUR NIZAMAT",EO,NAGAR PARISHAD DANAPUR NIZAMAT,10400.0,1250.0,590.0
14831,MCD-NIT-19/2021-22-GR-10,Contruction of Paver Block Road and Hume Pipe Drain from house of Rinku Electric to Pradip Katib in Ward no-26 Danapur Nagar Parishad.,Contruction of Paver Block Road and Hume Pipe Drain from house of Rinku Electric to Pradip Katib in Ward no-26 Danapur Nagar Parishad.,1332745.0,INR,INR,2021-11-05 18:54:07+00:00,2021-11-05T18:49:11.792000+00:00,2021-12-07T08:17:37+00:00,"EXECUTIVE OFFICER, DANAPUR NIZAMAT",EO,NAGAR PARISHAD DANAPUR NIZAMAT,NAGAR PARISHAD DANAPUR NIZAMAT WARD NO.-35,"EXECUTIVE OFFICER, DANAPUR NIZAMAT",EO,NAGAR PARISHAD DANAPUR NIZAMAT,26700.0,2500.0,590.0
14835,MCD-NIT-19/2021-22-GR-14,"Contruction of P.C.C. Road and R.C.C. Drain from Kaushik Spring Apartment to Umesh Rai Karkhana in Ward no-31,32 Danapur Nagar Parishad.","Contruction of P.C.C. Road and R.C.C. Drain from Kaushik Spring Apartment to Umesh Rai Karkhana in Ward no-31,32 Danapur Nagar Parishad.",2194795.0,INR,INR,2021-11-05 19:12:59+00:00,2021-11-05T19:09:30.416000+00:00,2021-12-07T10:16:49+00:00,"EXECUTIVE OFFICER, DANAPUR NIZAMAT",EO,NAGAR PARISHAD DANAPUR NIZAMAT,NAGAR PARISHAD DANAPUR NIZAMAT WARD NO.-35,"EXECUTIVE OFFICER, DANAPUR NIZAMAT",EO,NAGAR PARISHAD DANAPUR NIZAMAT,44000.0,5000.0,590.0
14836,MCD-NIT-19/2021-22-GR-15,Contruction of Paver Block Road and Drain from Imambara to house of Jagdish Baba to Birbal Rai via Subash Rai to Pashupati in Ward no-28 Danapur Nagar Parishad.,Contruction of Paver Block Road and Drain from Imambara to house of Jagdish Baba to Birbal Rai via Subash Rai to Pashupati in Ward no-28 Danapur Nagar Parishad.,440166.0,INR,INR,2021-11-05 19:18:31+00:00,2021-11-05T19:13:24.008000+00:00,2021-12-07T10:23:31+00:00,"EXECUTIVE OFFICER, DANAPUR NIZAMAT",EO,NAGAR PARISHAD DANAPUR NIZAMAT,NAGAR PARISHAD DANAPUR NIZAMAT WARD NO.-35,"EXECUTIVE OFFICER, DANAPUR NIZAMAT",EO,NAGAR PARISHAD DANAPUR NIZAMAT,8900.0,750.0,590.0
14830,MCD-NIT-19/2021-22-GR-09,Contruction of P.C.C. Road and Hume Pipe Drain from Aux Banswari Hall to ouse of Sudhir Kumar in Ward no- 35 Danapur Nagar Parishad.,Contruction of P.C.C. Road and Hume Pipe Drain from Aux Banswari Hall to ouse of Sudhir Kumar in Ward no- 35 Danapur Nagar Parishad.,1851464.0,INR,INR,2021-11-05 18:48:36+00:00,2021-11-05T18:43:44.786000+00:00,2021-12-07T08:13:16+00:00,"EXECUTIVE OFFICER, DANAPUR NIZAMAT",EO,NAGAR PARISHAD DANAPUR NIZAMAT,NAGAR PARISHAD DANAPUR NIZAMAT WARD NO.-35,"EXECUTIVE OFFICER, DANAPUR NIZAMAT",EO,NAGAR PARISHAD DANAPUR NIZAMAT,37100.0,5000.0,590.0
14832,MCD-NIT-19/2021-22-GR-11,Contruction of Paver Block Road and Hume Pipe Drain from house of Pradip Katib to Imambara in Kasyathap Toli Ward no-26 Danapur Nagar Parishad.,Contruction of Paver Block Road and Hume Pipe Drain from house of Pradip Katib to Imambara in Kasyathap Toli Ward no-26 Danapur Nagar Parishad.,577092.0,INR,INR,2021-11-05 19:00:37+00:00,2021-11-05T18:55:13.120000+00:00,2021-12-07T08:34:38+00:00,"EXECUTIVE OFFICER, DANAPUR NIZAMAT",EO,NAGAR PARISHAD DANAPUR NIZAMAT,NAGAR PARISHAD DANAPUR NIZAMAT WARD NO.-35,"EXECUTIVE OFFICER, DANAPUR NIZAMAT",EO,NAGAR PARISHAD DANAPUR NIZAMAT,11600.0,1250.0,590.0
14838,MCD-NIT-19/2021-22-GR-17,Contruction of Paver Block Road and Drain from house of Vijay Rai to Manesh Rai via Sakhu to Upendra Mahto via Rudal Rai to Kamta Mahto to Munna Mahto via Ravindra Rai to Shahdev Singh in Ward no-28 Danapur Nagar Parishad.,Contruction of Paver Block Road and Drain from house of Vijay Rai to Manesh Rai via Sakhu to Upendra Mahto via Rudal Rai to Kamta Mahto to Munna Mahto via Ravindra Rai to Shahdev Singh in Ward no-28 Danapur Nagar Parishad.,1048601.0,INR,INR,2021-11-05 19:27:49+00:00,2021-11-05T19:24:00.563000+00:00,2021-12-07T10:45:45+00:00,"EXECUTIVE OFFICER, DANAPUR NIZAMAT",EO,NAGAR PARISHAD DANAPUR NIZAMAT,NAGAR PARISHAD DANAPUR NIZAMAT WARD NO.-35,"EXECUTIVE OFFICER, DANAPUR NIZAMAT",EO,NAGAR PARISHAD DANAPUR NIZAMAT,21000.0,2500.0,590.0
14837,MCD-NIT-19/2021-22-GR-16,Contruction of P.C.C. Road and R.C.C. Drain from Chaitoli Aakhara to Raju Shaw in Ward no-28 Danapur Nagar Parishad.,Contruction of P.C.C. Road and R.C.C. Drain from Chaitoli Aakhara to Raju Shaw in Ward no-28 Danapur Nagar Parishad.,2459775.0,INR,INR,2021-11-05 19:23:34+00:00,2021-11-05T19:18:57.300000+00:00,2021-12-07T10:36:08+00:00,"EXECUTIVE OFFICER, DANAPUR NIZAMAT",EO,NAGAR PARISHAD DANAPUR NIZAMAT,NAGAR PARISHAD DANAPUR NIZAMAT WARD NO.-35,"EXECUTIVE OFFICER, DANAPUR NIZAMAT",EO,NAGAR PARISHAD DANAPUR NIZAMAT,49200.0,5000.0,590.0
14812,BEPC/MGT/RECT/11/2021/6832,Selection of Human Resource (HR) Agency for Providing Recruitment Services for Bihar Shiksha Pariyojana Parishad (BSPP),Selection of Human Resource (HR) Agency for Providing Recruitment Services for Bihar Shiksha Pariyojana Parishad (BSPP),0.0,INR,INR,2021-11-05 08:25:07+00:00,2021-11-03T10:51:15.718000+00:00,2022-01-18T07:02:21+00:00,"Ravi Shankar Singh,",Administrative Officer,"Bihar Education Project Council, Patna","Shiksha Bhawan, 2nd Floor,  Rashtra Bhasha Parishad Campus, Saidpur  Patna 4",Shrikant Shastree,State Project Director,"Bihar Education Project Council, Patna",200000.0,10000.0,590.0
14841,MCD-NIT-19/2021-22-GR-20,Contruction of P.C.C. Road and Hume Pipe Drain from house of Shaw Ji to Gandhi Main Road in Ward no- 32 Danapur Nagar Parishad.,Contruction of P.C.C. Road and Hume Pipe Drain from house of Shaw Ji to Gandhi Main Road in Ward no- 32 Danapur Nagar Parishad.,1757013.0,INR,INR,2021-11-05 19:49:27+00:00,2021-11-05T19:44:13.544000+00:00,2021-12-07T11:01:38+00:00,"EXECUTIVE OFFICER, DANAPUR NIZAMAT",EO,NAGAR PARISHAD DANAPUR NIZAMAT,NAGAR PARISHAD DANAPUR NIZAMAT WARD NO.-35,"EXECUTIVE OFFICER, DANAPUR NIZAMAT",EO,NAGAR PARISHAD DANAPUR NIZAMAT,35200.0,5000.0,590.0
14839,MCD-NIT-19/2021-22-GR-18,Contruction of P.C.C. Road and Hume Pipe Drain from house of Dube Ji to Gurukripa via Sudesh Pandey to Vinay Ji in Ward no- 37 Danapur Nagar Parishad.,Contruction of P.C.C. Road and Hume Pipe Drain from house of Dube Ji to Gurukripa via Sudesh Pandey to Vinay Ji in Ward no- 37 Danapur Nagar Parishad.,2182688.0,INR,INR,2021-11-05 19:34:33+00:00,2021-11-05T19:28:34.191000+00:00,2021-12-07T10:53:31+00:00,"EXECUTIVE OFFICER, DANAPUR NIZAMAT",EO,NAGAR PARISHAD DANAPUR NIZAMAT,NAGAR PARISHAD DANAPUR NIZAMAT WARD NO.-35,"EXECUTIVE OFFICER, DANAPUR NIZAMAT",EO,NAGAR PARISHAD DANAPUR NIZAMAT,43700.0,5000.0,590.0
14827,MCD-NIT-19/2021-22-GR-06,Contruction of Paver Block Road and Hume Pipe Drain from house of Suresh Kumar Gupta to Rajkumar Ji in Ward no-21 Danapur Nagar Parishad.,Contruction of Paver Block Road and Hume Pipe Drain from house of Suresh Kumar Gupta to Rajkumar Ji in Ward no-21 Danapur Nagar Parishad.,680253.0,INR,INR,2021-11-05 18:32:28+00:00,2021-11-05T18:28:39.003000+00:00,2021-12-07T07:37:18+00:00,"EXECUTIVE OFFICER, DANAPUR NIZAMAT",EO,NAGAR PARISHAD DANAPUR NIZAMAT,NAGAR PARISHAD DANAPUR NIZAMAT WARD NO.-35,"EXECUTIVE OFFICER, DANAPUR NIZAMAT",EO,NAGAR PARISHAD DANAPUR NIZAMAT,13700.0,1250.0,590.0
14854,35/BSBCCL/21-22,"UPGRADATION OF REMAINING PART OF FIRST FLOOR , GROUND FLOOR , OUTER ELEVATION 
, APPROACH ROAD & BOUNDRY WALL OF SEED CERTIFICATION BUILDING.","UPGRADATION OF REMAINING PART OF FIRST FLOOR , GROUND FLOOR , OUTER ELEVATION 
, APPROACH ROAD & BOUNDRY WALL OF SEED CERTIFICATION BUILDING.",17348645.0,INR,INR,2021-11-08 08:06:00+00:00,2021-11-08T07:48:19.900000+00:00,2021-12-16T06:01:28+00:00,DGM BSBCCL PATNA,DEPUTY GENERAL MANAGER PATNA,BSBCCL SOUTH,"BSBCCL, Hospital Road, Sastri Nagar, Patna 800023",SANTOSH KUMAR,chief general manager,BSBCCL,347000.0,10000.0,3540.0
14845,NP/MANER/03/2021-22/Gr-01,1. Construction work of community building in ward number 03 in Nagar Panchayat Maner,1. Construction work of community building in ward number 03 in Nagar Panchayat Maner,1067100.0,INR,INR,2021-11-07 08:46:13+00:00,2021-11-07T07:55:49.140000+00:00,2023-05-09T09:18:46+00:00,DEVANAND,EXECUTIVE OFFICER MANER,NAGAR PANCHAYAT MANER,GANDHI HAT ROAD MANER PATNA,DEVANAND,EXECUTIVE OFFICER,MANER NAGAR PANCHAYAT,21342.0,2500.0,590.0
14852,24/BCD/GAYA/2021-22,CONSTRUCTION OF SHED AT BACK OF WARE HOUSE NO 08 AT DURGABARI GAYA  FOR THE YEAR  2021-22,CONSTRUCTION OF SHED AT BACK OF WARE HOUSE NO 08 AT DURGABARI GAYA  FOR THE YEAR  2021-22,3543152.0,INR,INR,2021-11-08 07:09:52+00:00,2021-11-08T07:01:30.380000+00:00,2022-03-31T10:02:16+00:00,"Executive Engineer, BUILDING DIVISION GAYA",EE,Building Division Gaya,"EE, Building Division Gaya, BCD, Gaya","Superintending Engineer, BUILDING CIRCLE GAYA",SE,Building Circle Gaya,71000.0,5000.0,590.0
14849,NIT NO. -13/2021 GR-01,"Ward no- 02, 08 avam 10 me kul 03 kuna ka jirnoudhar kary avam sokhta nirman.","Ward no- 02, 08 avam 10 me kul 03 kuna ka jirnoudhar kary avam sokhta nirman.",391800.0,INR,INR,2021-11-12 11:58:37+00:00,2021-11-08T05:59:46.769000+00:00,2022-03-04T11:12:32+00:00,MUNICIPAL COMMISSIONER (BIHARSHARIF),MUNICIPAL COMMISSIONER,BIHARSHARIF MUNICIPAL CORPORATION,Biharsharif Nagar Nigam Garhpar Biharsharif Nalanda,MUNICIPAL COMMISSIONER (BIHARSHARIF),MUNICIPAL COMMISSIONER,BIHARSHARIF MUNICIPAL CORPORATION,8000.0,750.0,590.0
14844,NIT NO. 06/Nagar Panchayat Koilwar,"Daily regular cleaning of all roads, paths, ghats, important public places, under Nagar Panchayat Koilwar area, morning and night cleaning in all commercial areas, sprinkling of water on roads as per requirement, removal of all big and small drains and disposal of silt, Door to door garbage collection work (wet and dry) from all wards, segregation of waste at source, transporting it to composting peat and MRF center and disposal of unusable waste at landfill site, compost machine and MRF center Operation, sprinkling of picking and bleaching powder, sanitization, execution of dead animals and birds.","Daily regular cleaning of all roads, paths, ghats, important public places, under Nagar Panchayat Koilwar area, morning and night cleaning in all commercial areas, sprinkling of water on roads as per requirement, removal of all big and small drains and disposal of silt, Door to door garbage collection work (wet and dry) from all wards, segregation of waste at source, transporting it to composting peat and MRF center and disposal of unusable waste at landfill site, compost machine and MRF center Operation, sprinkling of picking and bleaching powder, sanitization, execution of dead animals and birds.",0.0,INR,INR,2021-11-07 08:30:07+00:00,2021-11-07T07:42:47.854000+00:00,2022-04-28T09:56:43+00:00,Prateeksha prajapati  (EO KOILWAR),EXECUTIVE OFFICER,NAGAR PANCHAYAT KOILWAR,"WARD NO.-9, PO+PS-KOILWAR, DISTT.-BHOJPUR(ARA)",Prateeksha prajapati  (EO KOILWAR),EXECUTIVE OFFICER,NAGAR PANCHAYAT KOILWAR,60000.0,6000.0,590.0
14853,NIT NO. -13/2021 GR-02,"Ward no- 11, 12 avam 13 me kul 06 kuna ka jirnoudhar kary avam sokhta nirman.","Ward no- 11, 12 avam 13 me kul 06 kuna ka jirnoudhar kary avam sokhta nirman.",786200.0,INR,INR,2021-11-12 12:08:27+00:00,2021-11-08T07:47:02.959000+00:00,2021-11-23T09:31:00+00:00,MUNICIPAL COMMISSIONER (BIHARSHARIF),MUNICIPAL COMMISSIONER,BIHARSHARIF MUNICIPAL CORPORATION,Biharsharif Nagar Nigam Garhpar Biharsharif Nalanda,MUNICIPAL COMMISSIONER (BIHARSHARIF),MUNICIPAL COMMISSIONER,BIHARSHARIF MUNICIPAL CORPORATION,15800.0,1250.0,590.0
14859,NIT NO. -13/2021 GR-06,Ward no-19 me kul 07 kuna ka jirnoudhar kary avam sokhta nirman.,Ward no-19 me kul 07 kuna ka jirnoudhar kary avam sokhta nirman.,482021.0,INR,INR,2021-11-13 05:18:28+00:00,2021-11-08T08:26:13.074000+00:00,2022-03-04T12:41:19+00:00,MUNICIPAL COMMISSIONER (BIHARSHARIF),MUNICIPAL COMMISSIONER,BIHARSHARIF MUNICIPAL CORPORATION,Biharsharif Nagar Nigam Garhpar Biharsharif Nalanda,MUNICIPAL COMMISSIONER (BIHARSHARIF),MUNICIPAL COMMISSIONER,BIHARSHARIF MUNICIPAL CORPORATION,9700.0,750.0,590.0
14858,NIT NO. -13/2021 GR-05,Ward no-17 avam 18 me kul 06 kuna ka jirnoudhar kary avam sokhta nirman.,Ward no-17 avam 18 me kul 06 kuna ka jirnoudhar kary avam sokhta nirman.,551270.0,INR,INR,2021-11-13 05:14:21+00:00,2021-11-08T08:21:56.041000+00:00,2022-03-04T12:17:34+00:00,MUNICIPAL COMMISSIONER (BIHARSHARIF),MUNICIPAL COMMISSIONER,BIHARSHARIF MUNICIPAL CORPORATION,Biharsharif Nagar Nigam Garhpar Biharsharif Nalanda,MUNICIPAL COMMISSIONER (BIHARSHARIF),MUNICIPAL COMMISSIONER,BIHARSHARIF MUNICIPAL CORPORATION,11100.0,1250.0,590.0
14860,NIT NO. -13/2021 GR-07,Ward no-20 me kul 08 kuna ka jirnoudhar kary avam sokhta nirman.,Ward no-20 me kul 08 kuna ka jirnoudhar kary avam sokhta nirman.,637845.0,INR,INR,2021-11-13 05:24:26+00:00,2021-11-08T08:29:36.232000+00:00,2022-03-04T12:52:30+00:00,MUNICIPAL COMMISSIONER (BIHARSHARIF),MUNICIPAL COMMISSIONER,BIHARSHARIF MUNICIPAL CORPORATION,Biharsharif Nagar Nigam Garhpar Biharsharif Nalanda,MUNICIPAL COMMISSIONER (BIHARSHARIF),MUNICIPAL COMMISSIONER,BIHARSHARIF MUNICIPAL CORPORATION,12800.0,1250.0,590.0
14822,RCD/PAT WEST/01/2021/22,Widening & Strengthening Work of New Jalalpur City to R.P.S. Engineering College from Km 0.00 to 1.880 for the Year 2020-21.,Widening & Strengthening Work of New Jalalpur City to R.P.S. Engineering College from Km 0.00 to 1.880 for the Year 2020-21.,65495310.0,INR,INR,2021-11-08 09:50:51+00:00,2021-11-05T10:14:19.498000+00:00,2022-05-26T06:51:29+00:00,ARUN KUMAR,Superintending Engineer,Road Construction Department,"Road Circle,Darbhanga",MUKESH KUMAR,SE,ROAD CONSTRUCTION DEPARTMENT,1310000.0,10000.0,5900.0
14861,NIT NO. -13/2021 GR-08,Ward no-21 me kul 03 kuna ka jirnoudhar kary avam sokhta nirman.,Ward no-21 me kul 03 kuna ka jirnoudhar kary avam sokhta nirman.,219532.0,INR,INR,2021-11-13 05:27:57+00:00,2021-11-08T08:32:45.556000+00:00,2022-03-04T13:00:43+00:00,MUNICIPAL COMMISSIONER (BIHARSHARIF),MUNICIPAL COMMISSIONER,BIHARSHARIF MUNICIPAL CORPORATION,Biharsharif Nagar Nigam Garhpar Biharsharif Nalanda,MUNICIPAL COMMISSIONER (BIHARSHARIF),MUNICIPAL COMMISSIONER,BIHARSHARIF MUNICIPAL CORPORATION,4400.0,500.0,590.0
14863,NIT NO. -13/2021 GR-10,Ward no-25 avam 28 me kul 05 kuna ka jirnoudhar kary avam sokhta nirman.,Ward no-25 avam 28 me kul 05 kuna ka jirnoudhar kary avam sokhta nirman.,616251.0,INR,INR,2021-11-13 05:35:36+00:00,2021-11-08T08:45:33.934000+00:00,2022-03-04T13:19:04+00:00,MUNICIPAL COMMISSIONER (BIHARSHARIF),MUNICIPAL COMMISSIONER,BIHARSHARIF MUNICIPAL CORPORATION,Biharsharif Nagar Nigam Garhpar Biharsharif Nalanda,MUNICIPAL COMMISSIONER (BIHARSHARIF),MUNICIPAL COMMISSIONER,BIHARSHARIF MUNICIPAL CORPORATION,12500.0,1250.0,590.0
14862,NIT NO. -13/2021 GR-09,Ward no-23 avam 24 me kul 08 kuna ka jirnoudhar kary avam sokhta nirman.,Ward no-23 avam 24 me kul 08 kuna ka jirnoudhar kary avam sokhta nirman.,621364.0,INR,INR,2021-11-13 05:32:08+00:00,2021-11-08T08:38:55.575000+00:00,2022-03-04T13:10:13+00:00,MUNICIPAL COMMISSIONER (BIHARSHARIF),MUNICIPAL COMMISSIONER,BIHARSHARIF MUNICIPAL CORPORATION,Biharsharif Nagar Nigam Garhpar Biharsharif Nalanda,MUNICIPAL COMMISSIONER (BIHARSHARIF),MUNICIPAL COMMISSIONER,BIHARSHARIF MUNICIPAL CORPORATION,12500.0,1250.0,590.0
14865,NIT NO. -13/2021 GR-12,Ward no.-31 me kul 05 kuna ka jirnoudhar kary avam sokhta nirman.,Ward no.-31 me kul 05 kuna ka jirnoudhar kary avam sokhta nirman.,851500.0,INR,INR,2021-11-13 05:43:56+00:00,2021-11-08T08:51:48.191000+00:00,2022-03-05T06:43:47+00:00,MUNICIPAL COMMISSIONER (BIHARSHARIF),MUNICIPAL COMMISSIONER,BIHARSHARIF MUNICIPAL CORPORATION,Biharsharif Nagar Nigam Garhpar Biharsharif Nalanda,MUNICIPAL COMMISSIONER (BIHARSHARIF),MUNICIPAL COMMISSIONER,BIHARSHARIF MUNICIPAL CORPORATION,17100.0,1250.0,590.0
14864,NIT NO. -13/2021 GR-11,Ward no-29 avam 32 me kul 05 kuna ka jirnoudhar kary avam sokhta nirman.,Ward no-29 avam 32 me kul 05 kuna ka jirnoudhar kary avam sokhta nirman.,847500.0,INR,INR,2021-11-13 05:40:23+00:00,2021-11-08T08:48:42.647000+00:00,2022-03-04T13:26:49+00:00,MUNICIPAL COMMISSIONER (BIHARSHARIF),MUNICIPAL COMMISSIONER,BIHARSHARIF MUNICIPAL CORPORATION,Biharsharif Nagar Nigam Garhpar Biharsharif Nalanda,MUNICIPAL COMMISSIONER (BIHARSHARIF),MUNICIPAL COMMISSIONER,BIHARSHARIF MUNICIPAL CORPORATION,17000.0,1250.0,590.0
14868,NIT NO. -13/2021 GR-14,Ward no.-18 me Shri Ramchandra Yadav ke ghar ke samne se Sugga Devi ke makan tak Nala Niram.,Ward no.-18 me Shri Ramchandra Yadav ke ghar ke samne se Sugga Devi ke makan tak Nala Niram.,583100.0,INR,INR,2021-11-13 05:52:31+00:00,2021-11-08T08:59:45.023000+00:00,2022-03-04T12:28:22+00:00,MUNICIPAL COMMISSIONER (BIHARSHARIF),MUNICIPAL COMMISSIONER,BIHARSHARIF MUNICIPAL CORPORATION,Biharsharif Nagar Nigam Garhpar Biharsharif Nalanda,MUNICIPAL COMMISSIONER (BIHARSHARIF),MUNICIPAL COMMISSIONER,BIHARSHARIF MUNICIPAL CORPORATION,11700.0,1250.0,590.0
14869,"11/E/KAN/2021, Group No.-02","Construction of U/G Drain & P.C.C Road Work from Sipara Matkhan Main Road 
DevNarayan Prasad to Surendra Sharma House P.M.C Patna Under Ward No-30.","Construction of U/G Drain & P.C.C Road Work from Sipara Matkhan Main Road 
DevNarayan Prasad to Surendra Sharma House P.M.C Patna Under Ward No-30.",455000.0,INR,INR,2021-11-08 11:09:10+00:00,2021-11-08T10:48:21.704000+00:00,2022-08-11T07:32:36+00:00,"Aashish Prasad, Executive Engineer",EXECUETIVE ENGINEER,"Kankarbagh Division,Patna Municipal Corporation,Patna","Tempo Stand,Kankarbagh,Patna-20","Aashish Prasad,EXECUETIVE ENGINEER",EXECUETIVE ENGINEER,"Kankarbagh Division,Patna Municipal Corporation,Patna",9100.0,750.0,590.0
14866,NIT NO. -13/2021 GR-13,Ward no.-44 me kul 02 kuna ka jirnoudhar kary avam sokhta nirman.,Ward no.-44 me kul 02 kuna ka jirnoudhar kary avam sokhta nirman.,600100.0,INR,INR,2021-11-13 05:47:22+00:00,2021-11-08T08:54:20.387000+00:00,2021-11-23T09:31:00+00:00,MUNICIPAL COMMISSIONER (BIHARSHARIF),MUNICIPAL COMMISSIONER,BIHARSHARIF MUNICIPAL CORPORATION,Biharsharif Nagar Nigam Garhpar Biharsharif Nalanda,MUNICIPAL COMMISSIONER (BIHARSHARIF),MUNICIPAL COMMISSIONER,BIHARSHARIF MUNICIPAL CORPORATION,12100.0,1250.0,590.0
14867,"11/E/KAN/2021, Gr. No. 01","Construction of U/G Drain & P.C.C Road Work from Harishchandra Nagar 
A.K Singh House to Rajendra Paswan House P.M.C Patna Under Ward No-30.","Construction of U/G Drain & P.C.C Road Work from Harishchandra Nagar 
A.K Singh House to Rajendra Paswan House P.M.C Patna Under Ward No-30.",1617500.0,INR,INR,2021-11-08 09:31:25+00:00,2021-11-08T08:58:52.742000+00:00,2022-05-09T07:54:49+00:00,"Aashish Prasad, Executive Engineer",EXECUETIVE ENGINEER,"Kankarbagh Division,Patna Municipal Corporation,Patna","Tempo Stand,Kankarbagh,Patna-20","Aashish Prasad,EXECUETIVE ENGINEER",EXECUETIVE ENGINEER,"Kankarbagh Division,Patna Municipal Corporation,Patna",32400.0,5000.0,590.0
14856,NIT NO. -13/2021 GR-03,Ward no-15 me kul 05 kuna ka jirnoudhar kary avam sokhta nirman.,Ward no-15 me kul 05 kuna ka jirnoudhar kary avam sokhta nirman.,640500.0,INR,INR,2021-11-13 05:03:33+00:00,2021-11-08T08:11:16.524000+00:00,2022-03-04T11:30:23+00:00,MUNICIPAL COMMISSIONER (BIHARSHARIF),MUNICIPAL COMMISSIONER,BIHARSHARIF MUNICIPAL CORPORATION,Biharsharif Nagar Nigam Garhpar Biharsharif Nalanda,MUNICIPAL COMMISSIONER (BIHARSHARIF),MUNICIPAL COMMISSIONER,BIHARSHARIF MUNICIPAL CORPORATION,13000.0,1250.0,590.0
14857,NIT NO. -13/2021 GR-04,Ward no-16 me kul 05 kuna ka jirnoudhar kary avam sokhta nirman.,Ward no-16 me kul 05 kuna ka jirnoudhar kary avam sokhta nirman.,442800.0,INR,INR,2021-11-13 05:09:39+00:00,2021-11-08T08:14:58.461000+00:00,2022-03-04T11:50:41+00:00,MUNICIPAL COMMISSIONER (BIHARSHARIF),MUNICIPAL COMMISSIONER,BIHARSHARIF MUNICIPAL CORPORATION,Biharsharif Nagar Nigam Garhpar Biharsharif Nalanda,MUNICIPAL COMMISSIONER (BIHARSHARIF),MUNICIPAL COMMISSIONER,BIHARSHARIF MUNICIPAL CORPORATION,9000.0,750.0,590.0
14870,19/E/WSD/2021/PMC/01,Construction of 110 meter deep (100m × 75mm) dia 2hp submersible motor pump at Ward No. 35.,Construction of 110 meter deep (100m × 75mm) dia 2hp submersible motor pump at Ward No. 35.,245800.0,INR,INR,2021-11-09 09:58:41+00:00,2021-11-08T10:59:53.206000+00:00,2021-11-19T09:31:00+00:00,Sri Ramswarup Prasad,"EE, Water Supply Division, PMC, Patna","Water Supply Division, Patna Municipal Corporation, Patna","Patna Water Board, Road No 02, Miller High School, Beer Chand Patel Path, Patna",Sri Ramswarup Prasad,"EE, Water Supply Division, PMC, Patna","Water Supply Division, Patna Municipal Corporation, Patna",5000.0,500.0,590.0
14873,19/E/WSD/2021/PMC/02,House connection in Karmali Chak and Brahmpur at Ward No. 11.,House connection in Karmali Chak and Brahmpur at Ward No. 11.,136500.0,INR,INR,2021-11-09 10:01:21+00:00,2021-11-08T11:12:46.100000+00:00,2022-05-26T08:04:59+00:00,Sri Ramswarup Prasad,"EE, Water Supply Division, PMC, Patna","Water Supply Division, Patna Municipal Corporation, Patna","Patna Water Board, Road No 02, Miller High School, Beer Chand Patel Path, Patna",Sri Ramswarup Prasad,"EE, Water Supply Division, PMC, Patna","Water Supply Division, Patna Municipal Corporation, Patna",2800.0,500.0,590.0
14874,19/E/WSD/2021/PMC/03,"Laying water supply pipe line in Harni Chak, Mushari and house connection at Ward No. 11.","Laying water supply pipe line in Harni Chak, Mushari and house connection at Ward No. 11.",1646500.0,INR,INR,2021-11-09 10:04:17+00:00,2021-11-08T11:23:35.271000+00:00,2022-05-26T08:03:52+00:00,Sri Ramswarup Prasad,"EE, Water Supply Division, PMC, Patna","Water Supply Division, Patna Municipal Corporation, Patna","Patna Water Board, Road No 02, Miller High School, Beer Chand Patel Path, Patna",Sri Ramswarup Prasad,"EE, Water Supply Division, PMC, Patna","Water Supply Division, Patna Municipal Corporation, Patna",33000.0,5000.0,590.0
14877,"11/E/KAN82021, Group No.-05","Construction of U/G Drain & P.C.C Road Work from Sipara Matkhan Main Road Laxmi 
Pandit House to Sashi Bhushan House P.M.C Patna Under Ward No-30.","Construction of U/G Drain & P.C.C Road Work from Sipara Matkhan Main Road Laxmi 
Pandit House to Sashi Bhushan House P.M.C Patna Under Ward No-30.",321900.0,INR,INR,2021-11-09 06:49:23+00:00,2021-11-09T06:32:06.270000+00:00,2022-04-18T10:36:16+00:00,"Aashish Prasad, Executive Engineer",EXECUETIVE ENGINEER,"Kankarbagh Division,Patna Municipal Corporation,Patna","Tempo Stand,Kankarbagh,Patna-20","Aashish Prasad,EXECUETIVE ENGINEER",EXECUETIVE ENGINEER,"Kankarbagh Division,Patna Municipal Corporation,Patna",6500.0,750.0,590.0
14871,Re Tender NIT NO.- 10/20221 GR-01,"Ward no.-01,03,06,08,11,12,13,14,15,17 avam 20 tak kul 20 sokhta ka nirman.","Ward no.-01,03,06,08,11,12,13,14,15,17 avam 20 tak kul 20 sokhta ka nirman.",222095.0,INR,INR,2021-11-13 05:56:10+00:00,2021-11-08T11:03:44.882000+00:00,2021-11-23T09:31:00+00:00,MUNICIPAL COMMISSIONER (BIHARSHARIF),MUNICIPAL COMMISSIONER,BIHARSHARIF MUNICIPAL CORPORATION,Biharsharif Nagar Nigam Garhpar Biharsharif Nalanda,MUNICIPAL COMMISSIONER (BIHARSHARIF),MUNICIPAL COMMISSIONER,BIHARSHARIF MUNICIPAL CORPORATION,4500.0,500.0,590.0
14875,Re Tender NIT NO.- 10/20221 GR-02,"Ward no.-33,34,35,37,38,39,41,42,43,44,45, avam 46 tak kul 20 sokhta ka nirman.","Ward no.-33,34,35,37,38,39,41,42,43,44,45, avam 46 tak kul 20 sokhta ka nirman.",222095.0,INR,INR,2021-11-13 06:03:49+00:00,2021-11-08T11:26:45.273000+00:00,2021-11-23T09:31:00+00:00,MUNICIPAL COMMISSIONER (BIHARSHARIF),MUNICIPAL COMMISSIONER,BIHARSHARIF MUNICIPAL CORPORATION,Biharsharif Nagar Nigam Garhpar Biharsharif Nalanda,MUNICIPAL COMMISSIONER (BIHARSHARIF),MUNICIPAL COMMISSIONER,BIHARSHARIF MUNICIPAL CORPORATION,4500.0,500.0,590.0
14876,"11/E/KAN82021, Group No.-04","Construction of U/G Drain & P.C.C Road Work from Sipara Matkhan Main Road 
Ramdev jee House to Avdesh Singh House Via Nirala Devi House Gali No- 02 P.M.C Patna Under Ward No-30..","Construction of U/G Drain & P.C.C Road Work from Sipara Matkhan Main Road 
Ramdev jee House to Avdesh Singh House Via Nirala Devi House Gali No- 02 P.M.C Patna Under Ward No-30..",1366700.0,INR,INR,2021-11-09 06:29:39+00:00,2021-11-09T05:53:21.087000+00:00,2022-11-12T10:47:46+00:00,"Aashish Prasad, Executive Engineer",EXECUETIVE ENGINEER,"Kankarbagh Division,Patna Municipal Corporation,Patna","Tempo Stand,Kankarbagh,Patna-20","Aashish Prasad,EXECUETIVE ENGINEER",EXECUETIVE ENGINEER,"Kankarbagh Division,Patna Municipal Corporation,Patna",27400.0,2500.0,590.0
14883,"11/E/KAN82021, Group No.-11","Construction of U/G Drain & P.C.C Road Work from Krishi Sansthan main 
Road to Premchandra jee House P.M.C Patna Under Ward No-30.","Construction of U/G Drain & P.C.C Road Work from Krishi Sansthan main 
Road to Premchandra jee House P.M.C Patna Under Ward No-30.",552100.0,INR,INR,2021-11-09 08:43:54+00:00,2021-11-09T08:33:36.505000+00:00,2021-12-16T07:22:19+00:00,"Aashish Prasad, Executive Engineer",EXECUETIVE ENGINEER,"Kankarbagh Division,Patna Municipal Corporation,Patna","Tempo Stand,Kankarbagh,Patna-20","Aashish Prasad,EXECUETIVE ENGINEER",EXECUETIVE ENGINEER,"Kankarbagh Division,Patna Municipal Corporation,Patna",11100.0,1250.0,590.0
14879,"11/E/KAN82021, Group No.-07","Construction of U/G Drain & P.C.C Road Work from Harishchandra Nagar Gautam 
Jee House to Arjun Goswami Via Parma Thakur House P.M.C Patna Under Ward No-30.","Construction of U/G Drain & P.C.C Road Work from Harishchandra Nagar Gautam 
Jee House to Arjun Goswami Via Parma Thakur House P.M.C Patna Under Ward No-30.",901400.0,INR,INR,2021-11-09 07:22:50+00:00,2021-11-09T07:10:02.356000+00:00,2022-05-17T09:55:57+00:00,"Aashish Prasad, Executive Engineer",EXECUETIVE ENGINEER,"Kankarbagh Division,Patna Municipal Corporation,Patna","Tempo Stand,Kankarbagh,Patna-20","Aashish Prasad,EXECUETIVE ENGINEER",EXECUETIVE ENGINEER,"Kankarbagh Division,Patna Municipal Corporation,Patna",18200.0,1250.0,590.0
14880,"11/E/KAN82021, Group No.-08","Construction of U/G Drain & P.C.C Road Work from Sipara Matkhan Main Road Vinod 
Prasad House to Ramadhar Jee House Gali No- 7 P.M.C Patna Under Ward No-30.","Construction of U/G Drain & P.C.C Road Work from Sipara Matkhan Main Road Vinod 
Prasad House to Ramadhar Jee House Gali No- 7 P.M.C Patna Under Ward No-30.",991200.0,INR,INR,2021-11-09 07:52:35+00:00,2021-11-09T07:25:08.076000+00:00,2022-03-11T07:32:31+00:00,"Aashish Prasad, Executive Engineer",EXECUETIVE ENGINEER,"Kankarbagh Division,Patna Municipal Corporation,Patna","Tempo Stand,Kankarbagh,Patna-20","Aashish Prasad,EXECUETIVE ENGINEER",EXECUETIVE ENGINEER,"Kankarbagh Division,Patna Municipal Corporation,Patna",19900.0,1250.0,590.0
14886,19/E/WSD/2021/PMC/05,"Estimate for temporary piyoo closing ceremony of 353th Birth Anniversary of Guru Govind Singh's ""Prakash Parv"".","Estimate for temporary piyoo closing ceremony of 353th Birth Anniversary of Guru Govind Singh's ""Prakash Parv"".",499081.0,INR,INR,2021-11-09 10:09:15+00:00,2021-11-09T08:54:21.776000+00:00,2023-02-14T09:37:13+00:00,Sri Ramswarup Prasad,"EE, Water Supply Division, PMC, Patna","Water Supply Division, Patna Municipal Corporation, Patna","Patna Water Board, Road No 02, Miller High School, Beer Chand Patel Path, Patna",Sri Ramswarup Prasad,"EE, Water Supply Division, PMC, Patna","Water Supply Division, Patna Municipal Corporation, Patna",10000.0,750.0,590.0
14872,"11/E/KAN/2021, Group No.-03","Construction of U/G Drain & P.C.C Road Work from Sipara Matkhan Main Road Pawan 
Singh House to Bagha Yadav & Abhinandan to Satish Paswan House Sipra Dih Gali No-16 P.M.C Patna Under 
Ward No-30.","Construction of U/G Drain & P.C.C Road Work from Sipara Matkhan Main Road Pawan 
Singh House to Bagha Yadav & Abhinandan to Satish Paswan House Sipra Dih Gali No-16 P.M.C Patna Under 
Ward No-30.",1608000.0,INR,INR,2021-11-08 11:28:34+00:00,2021-11-08T11:11:30.732000+00:00,2022-08-27T10:24:18+00:00,"Aashish Prasad, Executive Engineer",EXECUETIVE ENGINEER,"Kankarbagh Division,Patna Municipal Corporation,Patna","Tempo Stand,Kankarbagh,Patna-20","Aashish Prasad,EXECUETIVE ENGINEER",EXECUETIVE ENGINEER,"Kankarbagh Division,Patna Municipal Corporation,Patna",32200.0,5000.0,590.0
14884,"11/E/KAN82021, Group No.-12","Construction of U/G Drain & P.C.C Road Work from Sipara Matkhan Main Road 
Ramakant jee House to Amod Prasad House Gali No-13 P.M.C Patna Under Ward No-30.","Construction of U/G Drain & P.C.C Road Work from Sipara Matkhan Main Road 
Ramakant jee House to Amod Prasad House Gali No-13 P.M.C Patna Under Ward No-30.",1167700.0,INR,INR,2021-11-09 08:54:45+00:00,2021-11-09T08:45:41.569000+00:00,2022-06-28T07:56:16+00:00,"Aashish Prasad, Executive Engineer",EXECUETIVE ENGINEER,"Kankarbagh Division,Patna Municipal Corporation,Patna","Tempo Stand,Kankarbagh,Patna-20","Aashish Prasad,EXECUETIVE ENGINEER",EXECUETIVE ENGINEER,"Kankarbagh Division,Patna Municipal Corporation,Patna",23400.0,2500.0,590.0
14878,"11/E/KAN82021, Group No.-06","Construction of U/G Drain & P.C.C Road Work from Ajit jee House to Gorakh Ray 
House Via Ramanand Jee House P.M.C Patna Under Ward No-30.","Construction of U/G Drain & P.C.C Road Work from Ajit jee House to Gorakh Ray 
House Via Ramanand Jee House P.M.C Patna Under Ward No-30.",426400.0,INR,INR,2021-11-09 07:08:15+00:00,2021-11-09T06:51:30.522000+00:00,2022-06-15T07:42:12+00:00,"Aashish Prasad, Executive Engineer",EXECUETIVE ENGINEER,"Kankarbagh Division,Patna Municipal Corporation,Patna","Tempo Stand,Kankarbagh,Patna-20","Aashish Prasad,EXECUETIVE ENGINEER",EXECUETIVE ENGINEER,"Kankarbagh Division,Patna Municipal Corporation,Patna",8600.0,750.0,590.0
14881,"11/E/KAN82021, Group No.-09","Construction of U/G Drain & P.C.C Road Work from Ramkrishna Nagar Diva Colony 
Bharat Babu House to Manoj kumar House P.M.C Patna Under Ward No-30.","Construction of U/G Drain & P.C.C Road Work from Ramkrishna Nagar Diva Colony 
Bharat Babu House to Manoj kumar House P.M.C Patna Under Ward No-30.",1179400.0,INR,INR,2021-11-09 08:05:35+00:00,2021-11-09T07:54:26.942000+00:00,2022-06-27T09:28:58+00:00,"Aashish Prasad, Executive Engineer",EXECUETIVE ENGINEER,"Kankarbagh Division,Patna Municipal Corporation,Patna","Tempo Stand,Kankarbagh,Patna-20","Aashish Prasad,EXECUETIVE ENGINEER",EXECUETIVE ENGINEER,"Kankarbagh Division,Patna Municipal Corporation,Patna",23600.0,2500.0,590.0
14889,19/E/WSD/2021/PMC/07,"House to house connection in Samanpura, Machli Gali, Chanakyapuri, Saketpuri, Shiv Colony, Khagari Mohalla to Faiz Apartment at Ward No. 05.","House to house connection in Samanpura, Machli Gali, Chanakyapuri, Saketpuri, Shiv Colony, Khagari Mohalla to Faiz Apartment at Ward No. 05.",682461.0,INR,INR,2021-11-09 10:15:02+00:00,2021-11-09T09:10:11.850000+00:00,2021-11-24T11:05:31+00:00,Sri Ramswarup Prasad,"EE, Water Supply Division, PMC, Patna","Water Supply Division, Patna Municipal Corporation, Patna","Patna Water Board, Road No 02, Miller High School, Beer Chand Patel Path, Patna",Sri Ramswarup Prasad,"EE, Water Supply Division, PMC, Patna","Water Supply Division, Patna Municipal Corporation, Patna",13700.0,1250.0,590.0
14888,19/E/WSD/2021/PMC/06,"Extension of pipe line in Kumhrar Road, Kumhrar Middle School to Kumhrar Musahri Tola, Choudhary Tola in Baijnath Yadav House to Kallu Yadav to Surendra Yadav, Ishwari Paswan to Ramanad Yadav to Dinesh Chaudhary, Chankya Nagar Malti Devi to Ramrati Devi to Perulal Jaiswal to Raghwar Mahto, Kushwaha Baitha in Prabhat Mahto to Ravi Rajak to Lalan Dom, Ward No. 55.","Extension of pipe line in Kumhrar Road, Kumhrar Middle School to Kumhrar Musahri Tola, Choudhary Tola in Baijnath Yadav House to Kallu Yadav to Surendra Yadav, Ishwari Paswan to Ramanad Yadav to Dinesh Chaudhary, Chankya Nagar Malti Devi to Ramrati Devi to Perulal Jaiswal to Raghwar Mahto, Kushwaha Baitha in Prabhat Mahto to Ravi Rajak to Lalan Dom, Ward No. 55.",2749000.0,INR,INR,2021-11-09 10:12:31+00:00,2021-11-09T09:02:35.267000+00:00,2021-11-24T11:05:11+00:00,Sri Ramswarup Prasad,"EE, Water Supply Division, PMC, Patna","Water Supply Division, Patna Municipal Corporation, Patna","Patna Water Board, Road No 02, Miller High School, Beer Chand Patel Path, Patna",Sri Ramswarup Prasad,"EE, Water Supply Division, PMC, Patna","Water Supply Division, Patna Municipal Corporation, Patna",55000.0,5000.0,590.0
14903,MCD-NIT-21/2021-22-GR-08,Contruction of  Drain from house of Krishan Rai to Mala Devi via Yogendra Rai to Ramji Rai via Gopal Rai in Ward no-07 Danapur Nagar Parishad.,Contruction of  Drain from house of Krishan Rai to Mala Devi via Yogendra Rai to Ramji Rai via Gopal Rai in Ward no-07 Danapur Nagar Parishad.,695229.0,INR,INR,2021-11-12 03:13:46+00:00,2021-11-12T03:10:06.649000+00:00,2021-12-21T07:53:27+00:00,"EXECUTIVE OFFICER, DANAPUR NIZAMAT",EO,NAGAR PARISHAD DANAPUR NIZAMAT,NAGAR PARISHAD DANAPUR NIZAMAT WARD NO.-35,"EXECUTIVE OFFICER, DANAPUR NIZAMAT",EO,NAGAR PARISHAD DANAPUR NIZAMAT,14000.0,1250.0,590.0
14840,MCD-NIT-19/2021-22-GR-19,Contruction of R.C.C. Drain from Chhoti Devi Mandir to Dr. Ramesh Mahaseth in Ward no-23 Danapur Nagar Parishad.,Contruction of R.C.C. Drain from Chhoti Devi Mandir to Dr. Ramesh Mahaseth in Ward no-23 Danapur Nagar Parishad.,635283.0,INR,INR,2021-11-05 19:43:48+00:00,2021-11-05T19:35:15.088000+00:00,2021-11-15T09:30:02+00:00,"EXECUTIVE OFFICER, DANAPUR NIZAMAT",EO,NAGAR PARISHAD DANAPUR NIZAMAT,NAGAR PARISHAD DANAPUR NIZAMAT WARD NO.-35,"EXECUTIVE OFFICER, DANAPUR NIZAMAT",EO,NAGAR PARISHAD DANAPUR NIZAMAT,13000.0,1250.0,590.0
14902,MCD-NIT-21/2021-22-GR-07,Contruction of Paver Block Road and Hume Pipe Drain from house of Dinesh gupta to Saguni Yadav via Wakil Singh in Ward no-07 Danapur Nagar Parishad.,Contruction of Paver Block Road and Hume Pipe Drain from house of Dinesh gupta to Saguni Yadav via Wakil Singh in Ward no-07 Danapur Nagar Parishad.,745778.0,INR,INR,2021-11-12 03:09:28+00:00,2021-11-12T03:05:39.469000+00:00,2021-12-21T07:44:55+00:00,"EXECUTIVE OFFICER, DANAPUR NIZAMAT",EO,NAGAR PARISHAD DANAPUR NIZAMAT,NAGAR PARISHAD DANAPUR NIZAMAT WARD NO.-35,"EXECUTIVE OFFICER, DANAPUR NIZAMAT",EO,NAGAR PARISHAD DANAPUR NIZAMAT,15000.0,1250.0,590.0
14904,MCD-NIT-21/2021-22-GR-09,Contruction of Paver Block Road and Hume Pipe Drain from house of Dinesh Rai to Jogendra Singh via Yogendra Pandey in Ward no-08 Danapur Nagar Parishad.,Contruction of Paver Block Road and Hume Pipe Drain from house of Dinesh Rai to Jogendra Singh via Yogendra Pandey in Ward no-08 Danapur Nagar Parishad.,787283.0,INR,INR,2021-11-12 03:18:15+00:00,2021-11-12T03:14:15.332000+00:00,2021-12-21T10:03:41+00:00,"EXECUTIVE OFFICER, DANAPUR NIZAMAT",EO,NAGAR PARISHAD DANAPUR NIZAMAT,NAGAR PARISHAD DANAPUR NIZAMAT WARD NO.-35,"EXECUTIVE OFFICER, DANAPUR NIZAMAT",EO,NAGAR PARISHAD DANAPUR NIZAMAT,15800.0,1250.0,590.0
14885,19/E/WSD/2021/PMC/04,Shifting pipe line in Malsalami Running Pump House to Old Pump House at Ward No. 69.,Shifting pipe line in Malsalami Running Pump House to Old Pump House at Ward No. 69.,505000.0,INR,INR,2021-11-09 10:06:41+00:00,2021-11-09T08:46:07.322000+00:00,2021-11-19T09:31:00+00:00,Sri Ramswarup Prasad,"EE, Water Supply Division, PMC, Patna","Water Supply Division, Patna Municipal Corporation, Patna","Patna Water Board, Road No 02, Miller High School, Beer Chand Patel Path, Patna",Sri Ramswarup Prasad,"EE, Water Supply Division, PMC, Patna","Water Supply Division, Patna Municipal Corporation, Patna",10500.0,1250.0,590.0
14892,19/E/WSD/2021/PMC/10,"House to house connection in Bakerganj, Gola Road at Ward No. 37.","House to house connection in Bakerganj, Gola Road at Ward No. 37.",204738.0,INR,INR,2021-11-09 10:23:43+00:00,2021-11-09T09:47:46.343000+00:00,2021-11-19T09:31:00+00:00,Sri Ramswarup Prasad,"EE, Water Supply Division, PMC, Patna","Water Supply Division, Patna Municipal Corporation, Patna","Patna Water Board, Road No 02, Miller High School, Beer Chand Patel Path, Patna",Sri Ramswarup Prasad,"EE, Water Supply Division, PMC, Patna","Water Supply Division, Patna Municipal Corporation, Patna",4100.0,500.0,590.0
14901,MCD-NIT-21/2021-22-GR-06,Contruction of Paver Block Road and Hume Pipe Drain from house of Sachin Sharma to Devi Asthan via Hemlata in Ward no-07 Danapur Nagar Parishad.,Contruction of Paver Block Road and Hume Pipe Drain from house of Sachin Sharma to Devi Asthan via Hemlata in Ward no-07 Danapur Nagar Parishad.,982558.0,INR,INR,2021-11-12 03:05:05+00:00,2021-11-12T03:01:06.868000+00:00,2021-12-21T07:32:16+00:00,"EXECUTIVE OFFICER, DANAPUR NIZAMAT",EO,NAGAR PARISHAD DANAPUR NIZAMAT,NAGAR PARISHAD DANAPUR NIZAMAT WARD NO.-35,"EXECUTIVE OFFICER, DANAPUR NIZAMAT",EO,NAGAR PARISHAD DANAPUR NIZAMAT,19700.0,1250.0,590.0
14900,MCD-NIT-21/2021-22-GR-05,Contruction of R.C.C. Drain from house of Ranjit Kumar to Rambabu via Vijay Rakesh in Ward no-07 Danapur Nagar Parishad.,Contruction of R.C.C. Drain from house of Ranjit Kumar to Rambabu via Vijay Rakesh in Ward no-07 Danapur Nagar Parishad.,1628435.0,INR,INR,2021-11-12 03:00:36+00:00,2021-11-11T18:27:11.482000+00:00,2021-12-21T07:21:40+00:00,"EXECUTIVE OFFICER, DANAPUR NIZAMAT",EO,NAGAR PARISHAD DANAPUR NIZAMAT,NAGAR PARISHAD DANAPUR NIZAMAT WARD NO.-35,"EXECUTIVE OFFICER, DANAPUR NIZAMAT",EO,NAGAR PARISHAD DANAPUR NIZAMAT,33000.0,2500.0,590.0
14905,MCD-NIT-21/2021-22-GR-10,Contruction of Paver Block Road and Hume Pipe Drain from Behind Nasariganj Police Chauki of Mandir to Rai Ji in Ward no-29 Danapur Nagar Parishad.,Contruction of Paver Block Road and Hume Pipe Drain from Behind Nasariganj Police Chauki of Mandir to Rai Ji in Ward no-29 Danapur Nagar Parishad.,856113.0,INR,INR,2021-11-12 03:21:58+00:00,2021-11-12T03:18:43.844000+00:00,2021-12-21T10:13:33+00:00,"EXECUTIVE OFFICER, DANAPUR NIZAMAT",EO,NAGAR PARISHAD DANAPUR NIZAMAT,NAGAR PARISHAD DANAPUR NIZAMAT WARD NO.-35,"EXECUTIVE OFFICER, DANAPUR NIZAMAT",EO,NAGAR PARISHAD DANAPUR NIZAMAT,17200.0,1250.0,590.0
14909,MCD-NIT-21/2021-22-GR-14,Contruction of P.C.C. Road from house of Vijay Halwai to Shop of Prashant Raj in Ward no-14 Danapur Nagar Parishad.,Contruction of P.C.C. Road from house of Vijay Halwai to Shop of Prashant Raj in Ward no-14 Danapur Nagar Parishad.,857577.0,INR,INR,2021-11-12 03:38:50+00:00,2021-11-12T03:34:53.781000+00:00,2021-12-21T10:45:02+00:00,"EXECUTIVE OFFICER, DANAPUR NIZAMAT",EO,NAGAR PARISHAD DANAPUR NIZAMAT,NAGAR PARISHAD DANAPUR NIZAMAT WARD NO.-35,"EXECUTIVE OFFICER, DANAPUR NIZAMAT",EO,NAGAR PARISHAD DANAPUR NIZAMAT,17200.0,1250.0,590.0
14910,MCD-NIT-21/2021-22-GR-15,Contruction of P.C.C. Road from Shop of Prashant Raj to house of Ajay Ji in Ward no-14 Danapur Nagar Parishad.,Contruction of P.C.C. Road from Shop of Prashant Raj to house of Ajay Ji in Ward no-14 Danapur Nagar Parishad.,786440.0,INR,INR,2021-11-12 03:44:02+00:00,2021-11-12T03:39:35.192000+00:00,2021-12-21T10:54:23+00:00,"EXECUTIVE OFFICER, DANAPUR NIZAMAT",EO,NAGAR PARISHAD DANAPUR NIZAMAT,NAGAR PARISHAD DANAPUR NIZAMAT WARD NO.-35,"EXECUTIVE OFFICER, DANAPUR NIZAMAT",EO,NAGAR PARISHAD DANAPUR NIZAMAT,15800.0,1250.0,590.0
14906,MCD-NIT-21/2021-22-GR-11,Contruction of Paver Block Road and Hume Pipe Drain from Samsaad Ansari to Rayaj Malik in Ward no-13 Danapur Nagar Parishad.,Contruction of Paver Block Road and Hume Pipe Drain from Samsaad Ansari to Rayaj Malik in Ward no-13 Danapur Nagar Parishad.,1592016.0,INR,INR,2021-11-12 03:26:04+00:00,2021-11-12T03:22:31.526000+00:00,2021-12-21T09:51:30+00:00,"EXECUTIVE OFFICER, DANAPUR NIZAMAT",EO,NAGAR PARISHAD DANAPUR NIZAMAT,NAGAR PARISHAD DANAPUR NIZAMAT WARD NO.-35,"EXECUTIVE OFFICER, DANAPUR NIZAMAT",EO,NAGAR PARISHAD DANAPUR NIZAMAT,32000.0,5000.0,590.0
14908,MCD-NIT-21/2021-22-GR-13,Contruction of P.C.C. Road from house of Vijay Kumar to Sunil kumar in Bibiganj Ward no-13 Danapur Nagar Parishad.,Contruction of P.C.C. Road from house of Vijay Kumar to Sunil kumar in Bibiganj Ward no-13 Danapur Nagar Parishad.,1613217.0,INR,INR,2021-11-12 03:34:26+00:00,2021-11-12T03:30:50.908000+00:00,2021-12-21T10:34:45+00:00,"EXECUTIVE OFFICER, DANAPUR NIZAMAT",EO,NAGAR PARISHAD DANAPUR NIZAMAT,NAGAR PARISHAD DANAPUR NIZAMAT WARD NO.-35,"EXECUTIVE OFFICER, DANAPUR NIZAMAT",EO,NAGAR PARISHAD DANAPUR NIZAMAT,32300.0,5000.0,590.0
14907,MCD-NIT-21/2021-22-GR-12,Contruction of Paver Block Road and Hume Pipe Drain from Md. Jimal Khan to Md. Guddu Khan in Lal Kothi Ward no-13 Danapur Nagar Parishad.,Contruction of Paver Block Road and Hume Pipe Drain from Md. Jimal Khan to Md. Guddu Khan in Lal Kothi Ward no-13 Danapur Nagar Parishad.,1804755.0,INR,INR,2021-11-12 03:29:51+00:00,2021-11-12T03:26:29.744000+00:00,2021-12-21T10:23:33+00:00,"EXECUTIVE OFFICER, DANAPUR NIZAMAT",EO,NAGAR PARISHAD DANAPUR NIZAMAT,NAGAR PARISHAD DANAPUR NIZAMAT WARD NO.-35,"EXECUTIVE OFFICER, DANAPUR NIZAMAT",EO,NAGAR PARISHAD DANAPUR NIZAMAT,36100.0,5000.0,590.0
14917,"11/E/KAN82021, Group No.-14","Construction of U/G Drain & P.C.C Road Work from Harishchandra Nagar House of Vijay 
Singh to House of Krishna Prasad at P.M.C Patna Under Ward No-30.","Construction of U/G Drain & P.C.C Road Work from Harishchandra Nagar House of Vijay 
Singh to House of Krishna Prasad at P.M.C Patna Under Ward No-30.",1456200.0,INR,INR,2021-11-12 07:02:17+00:00,2021-11-12T06:47:47.926000+00:00,2022-05-28T06:48:39+00:00,"Aashish Prasad, Executive Engineer",EXECUETIVE ENGINEER,"Kankarbagh Division,Patna Municipal Corporation,Patna","Tempo Stand,Kankarbagh,Patna-20","Aashish Prasad,EXECUETIVE ENGINEER",EXECUETIVE ENGINEER,"Kankarbagh Division,Patna Municipal Corporation,Patna",29200.0,2500.0,590.0
14913,MCD-NIT-21/2021-22-GR-18,"Contruction of R.C.C. Kalbhatt from Raju, Bajrangbali Mandir, Shahin, Rambabu, Gori Shankar aside in Ward no-14 Danapur Nagar Parishad.","Contruction of R.C.C. Kalbhatt from Raju, Bajrangbali Mandir, Shahin, Rambabu, Gori Shankar aside in Ward no-14 Danapur Nagar Parishad.",341438.0,INR,INR,2021-11-12 03:59:53+00:00,2021-11-12T03:55:42.993000+00:00,2021-12-21T11:26:08+00:00,"EXECUTIVE OFFICER, DANAPUR NIZAMAT",EO,NAGAR PARISHAD DANAPUR NIZAMAT,NAGAR PARISHAD DANAPUR NIZAMAT WARD NO.-35,"EXECUTIVE OFFICER, DANAPUR NIZAMAT",EO,NAGAR PARISHAD DANAPUR NIZAMAT,6900.0,750.0,590.0
14914,MCD-NIT-21/2021-22-GR-19,Contruction of R.C.C. Slab from house of Guddu Khan to Vikki via Sanjay to Gijil Rai  via Wakil to Gopal Ji in Ward no-14 Danapur Nagar Parishad.,Contruction of R.C.C. Slab from house of Guddu Khan to Vikki via Sanjay to Gijil Rai  via Wakil to Gopal Ji in Ward no-14 Danapur Nagar Parishad.,332959.0,INR,INR,2021-11-12 04:04:29+00:00,2021-11-12T04:00:27.710000+00:00,2021-12-21T11:35:55+00:00,"EXECUTIVE OFFICER, DANAPUR NIZAMAT",EO,NAGAR PARISHAD DANAPUR NIZAMAT,NAGAR PARISHAD DANAPUR NIZAMAT WARD NO.-35,"EXECUTIVE OFFICER, DANAPUR NIZAMAT",EO,NAGAR PARISHAD DANAPUR NIZAMAT,6700.0,750.0,590.0
14912,MCD-NIT-21/2021-22-GR-17,Contruction of P.C.C. Road from house of Dharmnath Prasad to Raju in Ward no-14 Danapur Nagar Parishad.,Contruction of P.C.C. Road from house of Dharmnath Prasad to Raju in Ward no-14 Danapur Nagar Parishad.,1063413.0,INR,INR,2021-11-12 03:55:07+00:00,2021-11-12T03:50:46.870000+00:00,2021-12-21T11:11:17+00:00,"EXECUTIVE OFFICER, DANAPUR NIZAMAT",EO,NAGAR PARISHAD DANAPUR NIZAMAT,NAGAR PARISHAD DANAPUR NIZAMAT WARD NO.-35,"EXECUTIVE OFFICER, DANAPUR NIZAMAT",EO,NAGAR PARISHAD DANAPUR NIZAMAT,21300.0,2500.0,590.0
14916,MCD-NIT-21/2021-22-GR-21,Contruction of P.C.C. Road from house of Ratan Baksha Wala to Vijay halwai in Ward no-14 Danapur Nagar Parishad.,Contruction of P.C.C. Road from house of Ratan Baksha Wala to Vijay halwai in Ward no-14 Danapur Nagar Parishad.,1033918.0,INR,INR,2021-11-12 04:15:42+00:00,2021-11-12T04:10:02.859000+00:00,2021-12-21T12:02:45+00:00,"EXECUTIVE OFFICER, DANAPUR NIZAMAT",EO,NAGAR PARISHAD DANAPUR NIZAMAT,NAGAR PARISHAD DANAPUR NIZAMAT WARD NO.-35,"EXECUTIVE OFFICER, DANAPUR NIZAMAT",EO,NAGAR PARISHAD DANAPUR NIZAMAT,20700.0,2500.0,590.0
14911,MCD-NIT-21/2021-22-GR-16,Contruction of  Drain from house of Chhoti Halwai to Shahin in Ward no-14 Danapur Nagar Parishad.,Contruction of  Drain from house of Chhoti Halwai to Shahin in Ward no-14 Danapur Nagar Parishad.,321164.0,INR,INR,2021-11-12 03:50:06+00:00,2021-11-12T03:44:30.715000+00:00,2021-12-21T11:02:59+00:00,"EXECUTIVE OFFICER, DANAPUR NIZAMAT",EO,NAGAR PARISHAD DANAPUR NIZAMAT,NAGAR PARISHAD DANAPUR NIZAMAT WARD NO.-35,"EXECUTIVE OFFICER, DANAPUR NIZAMAT",EO,NAGAR PARISHAD DANAPUR NIZAMAT,6500.0,750.0,590.0
14915,MCD-NIT-21/2021-22-GR-20,Contruction of P.C.C. Road and Hume Pipe Drain from house of Boua Ji to Naushad Ji  in Ward no-14 Danapur Nagar Parishad.,Contruction of P.C.C. Road and Hume Pipe Drain from house of Boua Ji to Naushad Ji  in Ward no-14 Danapur Nagar Parishad.,220894.0,INR,INR,2021-11-12 04:09:16+00:00,2021-11-12T04:04:56.846000+00:00,2021-12-21T11:54:24+00:00,"EXECUTIVE OFFICER, DANAPUR NIZAMAT",EO,NAGAR PARISHAD DANAPUR NIZAMAT,NAGAR PARISHAD DANAPUR NIZAMAT WARD NO.-35,"EXECUTIVE OFFICER, DANAPUR NIZAMAT",EO,NAGAR PARISHAD DANAPUR NIZAMAT,4500.0,500.0,590.0
14919,"11/E/KAN82021, Group No.-15","Construction of U/G Drain & P.C.C Road Work from Harishchandra Nagar 
Sudeshwar jee House to Suvir Jee House of P.M.C Patna Under Ward No-30","Construction of U/G Drain & P.C.C Road Work from Harishchandra Nagar 
Sudeshwar jee House to Suvir Jee House of P.M.C Patna Under Ward No-30",1605900.0,INR,INR,2021-11-12 07:25:17+00:00,2021-11-12T07:09:03.191000+00:00,2022-05-09T08:30:17+00:00,"Aashish Prasad, Executive Engineer",EXECUETIVE ENGINEER,"Kankarbagh Division,Patna Municipal Corporation,Patna","Tempo Stand,Kankarbagh,Patna-20","Aashish Prasad,EXECUETIVE ENGINEER",EXECUETIVE ENGINEER,"Kankarbagh Division,Patna Municipal Corporation,Patna",32200.0,5000.0,590.0
14924,04/2021-22/GR-01,"1. Instaltion of TubeBell Boring, Motar pump and work of RCC standing in ward no-09 for  number of 150 House Hold under Nagar Panchayat Maner.","1. Instaltion of TubeBell Boring, Motar pump and work of RCC standing in ward no-09 for  number of 150 House Hold under Nagar Panchayat Maner.",2498500.0,INR,INR,2021-11-12 08:25:32+00:00,2021-11-12T08:09:04.532000+00:00,2022-01-22T09:27:53+00:00,DEVANAND,EXECUTIVE OFFICER MANER,NAGAR PANCHAYAT MANER,GANDHI HAT ROAD MANER PATNA,DEVANAND,EXECUTIVE OFFICER,MANER NAGAR PANCHAYAT,49970.0,5000.0,590.0
14922,"11/E/KAN82021, Group No.-17","Construction of U/G Drain & P.C.C Road Work from Bigrahpur Government 
School to Awadh Saw House P.M.C Patna Under Ward No-30.","Construction of U/G Drain & P.C.C Road Work from Bigrahpur Government 
School to Awadh Saw House P.M.C Patna Under Ward No-30.",1360800.0,INR,INR,2021-11-12 07:54:21+00:00,2021-11-12T07:43:55.949000+00:00,2021-12-02T09:31:00+00:00,"Aashish Prasad, Executive Engineer",EXECUETIVE ENGINEER,"Kankarbagh Division,Patna Municipal Corporation,Patna","Tempo Stand,Kankarbagh,Patna-20","Aashish Prasad,EXECUETIVE ENGINEER",EXECUETIVE ENGINEER,"Kankarbagh Division,Patna Municipal Corporation,Patna",27300.0,2500.0,590.0
14923,"11/E/KAN82021, Group No.-18","Construction of U/G Drain & P.C.C Road Work from Bigrahpur 
Samudayak Bhawan Next Door lane No-1 HariNandan Paswan House to adjoining Street Sunil 
Singh House P.M.C Patna Under Ward No-30.","Construction of U/G Drain & P.C.C Road Work from Bigrahpur 
Samudayak Bhawan Next Door lane No-1 HariNandan Paswan House to adjoining Street Sunil 
Singh House P.M.C Patna Under Ward No-30.",751600.0,INR,INR,2021-11-12 08:07:01+00:00,2021-11-12T07:56:08.256000+00:00,2021-12-02T09:31:00+00:00,"Aashish Prasad, Executive Engineer",EXECUETIVE ENGINEER,"Kankarbagh Division,Patna Municipal Corporation,Patna","Tempo Stand,Kankarbagh,Patna-20","Aashish Prasad,EXECUETIVE ENGINEER",EXECUETIVE ENGINEER,"Kankarbagh Division,Patna Municipal Corporation,Patna",15100.0,1250.0,590.0
14927,"11/E/KAN82021, Group No.-20","Construction of U/G Drain & P.C.C Road Work from Bigrahpur P.C.C Road 
Baiju Roy House to Mohan Jee House P.M.C Patna Under Ward No-30","Construction of U/G Drain & P.C.C Road Work from Bigrahpur P.C.C Road 
Baiju Roy House to Mohan Jee House P.M.C Patna Under Ward No-30",1252700.0,INR,INR,2021-11-12 08:36:02+00:00,2021-11-12T08:26:02.841000+00:00,2022-02-25T10:59:03+00:00,"Aashish Prasad, Executive Engineer",EXECUETIVE ENGINEER,"Kankarbagh Division,Patna Municipal Corporation,Patna","Tempo Stand,Kankarbagh,Patna-20","Aashish Prasad,EXECUETIVE ENGINEER",EXECUETIVE ENGINEER,"Kankarbagh Division,Patna Municipal Corporation,Patna",25100.0,2500.0,590.0
14926,NIT - 05R/2021 - 2022,"Providing Skilled, Semi Skilled and Unskilled Labours and Tools Plans with Vehicle for Repair & Maintenance work of HGNJ PWS/Ward Basis Schemes, under P. H. Division, Samastipur for year 2021-22","Providing Skilled, Semi Skilled and Unskilled Labours and Tools Plans with Vehicle for Repair & Maintenance work of HGNJ PWS/Ward Basis Schemes, under P. H. Division, Samastipur for year 2021-22",1568600.0,INR,INR,2021-11-12 09:12:42+00:00,2021-11-12T08:23:20.062000+00:00,2021-12-07T12:31:49+00:00,KUMAR ABHISHEK,EE,P.H DIVISION SAMASTIPUR,BHADURPUR PANI TANKI CAMPUS SAMASTIPUR,Manoj Kumar,SE,Public Health Engineering Dept,34000.0,2500.0,590.0
14930,"11/E/KAN82021, Group No.-22","Construction of U/G Drain & P.C.C Road Work from Sipara Matkhan 
Main Road Ramesh Prasad house to Teju Saw House P.M.C Patna Under Ward No-30.","Construction of U/G Drain & P.C.C Road Work from Sipara Matkhan 
Main Road Ramesh Prasad house to Teju Saw House P.M.C Patna Under Ward No-30.",1760100.0,INR,INR,2021-11-12 09:00:25+00:00,2021-11-12T08:49:48.839000+00:00,2022-04-12T06:28:55+00:00,"Aashish Prasad, Executive Engineer",EXECUETIVE ENGINEER,"Kankarbagh Division,Patna Municipal Corporation,Patna","Tempo Stand,Kankarbagh,Patna-20","Aashish Prasad,EXECUETIVE ENGINEER",EXECUETIVE ENGINEER,"Kankarbagh Division,Patna Municipal Corporation,Patna",35300.0,5000.0,590.0
14928,"11/E/KAN82021, Group No.-21","Construction of U/G Drain & P.C.C Road Work from Bigrahpur Karpuri jee 
House to Amak Paswan Field Gali No-2 P.M.C Patna Under Ward No-30","Construction of U/G Drain & P.C.C Road Work from Bigrahpur Karpuri jee 
House to Amak Paswan Field Gali No-2 P.M.C Patna Under Ward No-30",751100.0,INR,INR,2021-11-12 08:47:55+00:00,2021-11-12T08:37:46.731000+00:00,2022-06-15T07:46:55+00:00,"Aashish Prasad, Executive Engineer",EXECUETIVE ENGINEER,"Kankarbagh Division,Patna Municipal Corporation,Patna","Tempo Stand,Kankarbagh,Patna-20","Aashish Prasad,EXECUETIVE ENGINEER",EXECUETIVE ENGINEER,"Kankarbagh Division,Patna Municipal Corporation,Patna",15100.0,1250.0,590.0
14931,"11/E/KAN82021, Group No.-23","Construction of U/G Drain & P.C.C Road Work from Bigrahpur P.C.C Road 
Harinandan Paswan To Munna Kumar P.M.C Patna Under Ward No-30.","Construction of U/G Drain & P.C.C Road Work from Bigrahpur P.C.C Road 
Harinandan Paswan To Munna Kumar P.M.C Patna Under Ward No-30.",580000.0,INR,INR,2021-11-12 09:14:37+00:00,2021-11-12T09:03:18.055000+00:00,2022-02-25T11:07:09+00:00,"Aashish Prasad, Executive Engineer",EXECUETIVE ENGINEER,"Kankarbagh Division,Patna Municipal Corporation,Patna","Tempo Stand,Kankarbagh,Patna-20","Aashish Prasad,EXECUETIVE ENGINEER",EXECUETIVE ENGINEER,"Kankarbagh Division,Patna Municipal Corporation,Patna",11600.0,1250.0,590.0
14920,"11/E/KAN82021, Group No.-16","Construction of U/G Drain & P.C.C Road Work from Sipara Matkhan 
Main Road S.S Computer to Sipara Dih Chanarik Pasawan House Gali No- 10 P.M.C Patna Under 
Ward No-30","Construction of U/G Drain & P.C.C Road Work from Sipara Matkhan 
Main Road S.S Computer to Sipara Dih Chanarik Pasawan House Gali No- 10 P.M.C Patna Under 
Ward No-30",1074500.0,INR,INR,2021-11-12 07:41:47+00:00,2021-11-12T07:27:41.547000+00:00,2022-05-29T06:49:42+00:00,"Aashish Prasad, Executive Engineer",EXECUETIVE ENGINEER,"Kankarbagh Division,Patna Municipal Corporation,Patna","Tempo Stand,Kankarbagh,Patna-20","Aashish Prasad,EXECUETIVE ENGINEER",EXECUETIVE ENGINEER,"Kankarbagh Division,Patna Municipal Corporation,Patna",21500.0,2500.0,590.0
14925,"11/E/KAN82021, Group No.-19","Construction of U/G Drain & P.C.C Road Work from Bhupatipur Near 
AraMachine Shree Swasth Singh House of P.M.C Patna Under Ward No-30.","Construction of U/G Drain & P.C.C Road Work from Bhupatipur Near 
AraMachine Shree Swasth Singh House of P.M.C Patna Under Ward No-30.",368900.0,INR,INR,2021-11-12 08:24:10+00:00,2021-11-12T08:10:23.611000+00:00,2022-04-30T07:20:50+00:00,"Aashish Prasad, Executive Engineer",EXECUETIVE ENGINEER,"Kankarbagh Division,Patna Municipal Corporation,Patna","Tempo Stand,Kankarbagh,Patna-20","Aashish Prasad,EXECUETIVE ENGINEER",EXECUETIVE ENGINEER,"Kankarbagh Division,Patna Municipal Corporation,Patna",7400.0,750.0,590.0
14935,"11/E/KAN82021, Group No.-26","Construction of U/G Drain & P.C.C Road Work from Sipara Matkhan Main Road 
Ramnath Saw to Luvkush Singh House P.M.C Patna Under Ward No-30.","Construction of U/G Drain & P.C.C Road Work from Sipara Matkhan Main Road 
Ramnath Saw to Luvkush Singh House P.M.C Patna Under Ward No-30.",1424600.0,INR,INR,2021-11-12 09:55:27+00:00,2021-11-12T09:45:13.133000+00:00,2022-09-22T05:58:16+00:00,"Aashish Prasad, Executive Engineer",EXECUETIVE ENGINEER,"Kankarbagh Division,Patna Municipal Corporation,Patna","Tempo Stand,Kankarbagh,Patna-20","Aashish Prasad,EXECUETIVE ENGINEER",EXECUETIVE ENGINEER,"Kankarbagh Division,Patna Municipal Corporation,Patna",28500.0,2500.0,590.0
14918,NIT-15/2021-22-GR01,Procurement of Services to develop and maintain official website and infrastructure established in Gaya Municipal Corporation.,Procurement of Services to develop and maintain official website and infrastructure established in Gaya Municipal Corporation.,0.0,INR,INR,2021-11-12 08:15:46+00:00,2021-11-12T06:48:27.342000+00:00,2021-11-23T07:57:00+00:00,SAWAN KUMAR,Municipal Commissioner Gaya,GAYA MUNICIPAL CORPORATION,NEAR KEDARNATH MARKET GAYA,Sawan Kumar,MUNICIPAL COMMISSIONER,GAYA MUNICIPAL CORPORATION GAYA,42000.0,2500.0,590.0
14936,"11/E/KAN82021, Group No.-27","Construction of U/G Drain & P.C.C Road Work from Sipara Matkhan Main Road Jamun 
Roy House to Vijay Jee House Gali No-18 P.M.C Patna Under Ward No-30.","Construction of U/G Drain & P.C.C Road Work from Sipara Matkhan Main Road Jamun 
Roy House to Vijay Jee House Gali No-18 P.M.C Patna Under Ward No-30.",601400.0,INR,INR,2021-11-12 10:07:49+00:00,2021-11-12T09:57:25.387000+00:00,2022-05-29T07:03:58+00:00,"Aashish Prasad, Executive Engineer",EXECUETIVE ENGINEER,"Kankarbagh Division,Patna Municipal Corporation,Patna","Tempo Stand,Kankarbagh,Patna-20","Aashish Prasad,EXECUETIVE ENGINEER",EXECUETIVE ENGINEER,"Kankarbagh Division,Patna Municipal Corporation,Patna",12100.0,1250.0,590.0
14933,"11/E/KAN82021, Group No.-24","Construction of U/G Drain & P.C.C Road Work from Konhara Sipara 
Bhupatipur Kailash Nagar Road No-2 P.C.C Road to Jitendra kumar House P.M.C Patna Under 
Ward No-30.","Construction of U/G Drain & P.C.C Road Work from Konhara Sipara 
Bhupatipur Kailash Nagar Road No-2 P.C.C Road to Jitendra kumar House P.M.C Patna Under 
Ward No-30.",1269800.0,INR,INR,2021-11-12 09:26:59+00:00,2021-11-12T09:16:19.164000+00:00,2022-02-28T07:11:19+00:00,"Aashish Prasad, Executive Engineer",EXECUETIVE ENGINEER,"Kankarbagh Division,Patna Municipal Corporation,Patna","Tempo Stand,Kankarbagh,Patna-20","Aashish Prasad,EXECUETIVE ENGINEER",EXECUETIVE ENGINEER,"Kankarbagh Division,Patna Municipal Corporation,Patna",25400.0,2500.0,590.0
14934,"11/E/KAN82021, Group No.-25","Construction of U/G Drain & P.C.C Road Work from Krishi College ke Aage 
Premchandra jee House to Sanjay jee House P.M.C Patna Under Ward No-30.","Construction of U/G Drain & P.C.C Road Work from Krishi College ke Aage 
Premchandra jee House to Sanjay jee House P.M.C Patna Under Ward No-30.",129360.0,INR,INR,2021-11-12 09:39:47+00:00,2021-11-12T09:28:27.563000+00:00,2022-06-15T07:36:20+00:00,"Aashish Prasad, Executive Engineer",EXECUETIVE ENGINEER,"Kankarbagh Division,Patna Municipal Corporation,Patna","Tempo Stand,Kankarbagh,Patna-20","Aashish Prasad,EXECUETIVE ENGINEER",EXECUETIVE ENGINEER,"Kankarbagh Division,Patna Municipal Corporation,Patna",25900.0,2500.0,590.0
14937,RE E-TENDER 07/EEBDBH/2021-2022,"RENOVATION OF PRISONER WARD NO. 3, 6 & 7 OF THIRD SECTOR OF SPECIAL CENTRAL JAIL AT BHAGALPUR.","RENOVATION OF PRISONER WARD NO. 3, 6 & 7 OF THIRD SECTOR OF SPECIAL CENTRAL JAIL AT BHAGALPUR.",5688192.0,INR,INR,2021-11-12 10:31:38+00:00,2021-11-12T10:00:18.954000+00:00,2022-01-31T09:19:11+00:00,EXECUTIVE ENGINEER BUILDING DIVISION BHAGALPUR,EXECUTIVE ENGINEER,BUILDING CONSTRUCTION DEPARTMENT,EXECUTIVE ENGINEER BUILDING DIVISION BHAGALPUR,SUPERINTENDING ENGINEER BUILDING CIRCLE BHAGALPUR,SUPERINTENDING ENGINEER BUILDING CIRCLE BHAGALPUR,BUILDING CONSTRUCTION DEPARTMENT,113800.0,10000.0,590.0
14941,36/BSBCCL/2021-22 GR 03,Additional work of Remand Home  at Madhepura in Madhepura Distt.,Additional work of Remand Home  at Madhepura in Madhepura Distt.,4081981.0,INR,INR,2021-11-12 10:18:52+00:00,2021-11-12T10:12:55.542000+00:00,2021-12-03T09:31:00+00:00,DGM BSBCCL SAHARSA,DEPUTY GENERAL MANAGER SAHARSA,BSBCCL,"BSBCCL, Hospital Road, Sastri Nagar, Patna 800023",SANTOSH KUMAR,chief general manager,BSBCCL,82000.0,5000.0,590.0
14944,"11/E/KAN82021, Group No.-31","Construction of U/G Drain & P.C.C Road Work from Krishi College ke Aage Sanjay jee 
House to Vinod jee House P.M.C Patna Under Ward No-30.","Construction of U/G Drain & P.C.C Road Work from Krishi College ke Aage Sanjay jee 
House to Vinod jee House P.M.C Patna Under Ward No-30.",288300.0,INR,INR,2021-11-12 10:57:25+00:00,2021-11-12T10:45:52.066000+00:00,2021-12-16T09:28:03+00:00,"Aashish Prasad, Executive Engineer",EXECUETIVE ENGINEER,"Kankarbagh Division,Patna Municipal Corporation,Patna","Tempo Stand,Kankarbagh,Patna-20","Aashish Prasad,EXECUETIVE ENGINEER",EXECUETIVE ENGINEER,"Kankarbagh Division,Patna Municipal Corporation,Patna",5800.0,750.0,590.0
14945,"11/E/KAN82021, Group No.-32","Construction of U/G Drain & P.C.C Road Work from Link Road Anugrah 
Singh House to Mukesh Kumar to Awadh Prasad House P.M.C Patna Under Ward No-30","Construction of U/G Drain & P.C.C Road Work from Link Road Anugrah 
Singh House to Mukesh Kumar to Awadh Prasad House P.M.C Patna Under Ward No-30",1687500.0,INR,INR,2021-11-12 11:10:34+00:00,2021-11-12T10:59:13.530000+00:00,2022-02-28T07:28:05+00:00,"Aashish Prasad, Executive Engineer",EXECUETIVE ENGINEER,"Kankarbagh Division,Patna Municipal Corporation,Patna","Tempo Stand,Kankarbagh,Patna-20","Aashish Prasad,EXECUETIVE ENGINEER",EXECUETIVE ENGINEER,"Kankarbagh Division,Patna Municipal Corporation,Patna",33800.0,5000.0,590.0
14943,"11/E/KAN82021, Group No.-30","Construction of U/G Drain & P.C.C Road Work from Bhupatipur Shree Manoj kumar 
House to Rambhagwan Singh House P.M.C Patna Under Ward No-30.","Construction of U/G Drain & P.C.C Road Work from Bhupatipur Shree Manoj kumar 
House to Rambhagwan Singh House P.M.C Patna Under Ward No-30.",296000.0,INR,INR,2021-11-12 10:44:06+00:00,2021-11-12T10:33:48.731000+00:00,2022-02-28T07:20:14+00:00,"Aashish Prasad, Executive Engineer",EXECUETIVE ENGINEER,"Kankarbagh Division,Patna Municipal Corporation,Patna","Tempo Stand,Kankarbagh,Patna-20","Aashish Prasad,EXECUETIVE ENGINEER",EXECUETIVE ENGINEER,"Kankarbagh Division,Patna Municipal Corporation,Patna",6000.0,750.0,590.0
14942,"11/E/KAN82021, Group No.29","Construction of U/G Drain & P.C.C Road Work from Bigrahpur Wakil Ray House to Late 
Arjun Ray House P.M.C Patna Under Ward No-30.","Construction of U/G Drain & P.C.C Road Work from Bigrahpur Wakil Ray House to Late 
Arjun Ray House P.M.C Patna Under Ward No-30.",823700.0,INR,INR,2021-11-12 10:32:06+00:00,2021-11-12T10:22:17.315000+00:00,2022-02-10T07:47:35+00:00,"Aashish Prasad, Executive Engineer",EXECUETIVE ENGINEER,"Kankarbagh Division,Patna Municipal Corporation,Patna","Tempo Stand,Kankarbagh,Patna-20","Aashish Prasad,EXECUETIVE ENGINEER",EXECUETIVE ENGINEER,"Kankarbagh Division,Patna Municipal Corporation,Patna",16500.0,1250.0,590.0
14940,"11/E/KAN82021, Group No.-28","Construction of U/G Drain & P.C.C Road Work from Bigrahpur Mohalla Mahadev 
Roy House to Maya Roy House P.M.C Patna Under Ward No-30.","Construction of U/G Drain & P.C.C Road Work from Bigrahpur Mohalla Mahadev 
Roy House to Maya Roy House P.M.C Patna Under Ward No-30.",655200.0,INR,INR,2021-11-12 10:19:49+00:00,2021-11-12T10:09:20.989000+00:00,2022-02-21T09:15:55+00:00,"Aashish Prasad, Executive Engineer",EXECUETIVE ENGINEER,"Kankarbagh Division,Patna Municipal Corporation,Patna","Tempo Stand,Kankarbagh,Patna-20","Aashish Prasad,EXECUETIVE ENGINEER",EXECUETIVE ENGINEER,"Kankarbagh Division,Patna Municipal Corporation,Patna",13200.0,1250.0,590.0
14946,"11/E/KAN82021, Group No.-33","Construction of U/G Drain & P.C.C Road Work East Ramkrishna Nagar 
Devi Shani to West Gali Shiv Gangotri Bhawan ke Samne link Road P.M.C Patna Under Ward No30","Construction of U/G Drain & P.C.C Road Work East Ramkrishna Nagar 
Devi Shani to West Gali Shiv Gangotri Bhawan ke Samne link Road P.M.C Patna Under Ward No30",755700.0,INR,INR,2021-11-12 11:23:49+00:00,2021-11-12T11:12:55.829000+00:00,2022-02-04T08:46:35+00:00,"Aashish Prasad, Executive Engineer",EXECUETIVE ENGINEER,"Kankarbagh Division,Patna Municipal Corporation,Patna","Tempo Stand,Kankarbagh,Patna-20","Aashish Prasad,EXECUETIVE ENGINEER",EXECUETIVE ENGINEER,"Kankarbagh Division,Patna Municipal Corporation,Patna",15200.0,1250.0,590.0
14953,22/E/NCD/2021-22_GR03,Construction work 04 seat community toilet Submersible and bath house in Sabari nagar Railway line Under ward no-03.,Construction work 04 seat community toilet Submersible and bath house in Sabari nagar Railway line Under ward no-03.,747394.0,INR,INR,2021-11-12 14:53:57+00:00,2021-11-12T14:49:08.458000+00:00,2022-04-12T08:06:14+00:00,"Shushil Kumar Jha, Executive Engineer",EE,"New Capital Division, Patna Municipal Corporation, Patna","Harding Road, Patna",Shushil Kumar Jha,EE,"New Capital Division, Patna Municipal Corporation, Patna",14948.0,1250.0,590.0
14957,22/E/NCD/2021-22_GR07,Construction work 04 seat community toilet Submersible and bath house in jalalpur nahar mushari Under ward no-03.,Construction work 04 seat community toilet Submersible and bath house in jalalpur nahar mushari Under ward no-03.,748761.0,INR,INR,2021-11-12 15:11:52+00:00,2021-11-12T15:06:55.619000+00:00,2022-02-14T08:12:45+00:00,"Shushil Kumar Jha, Executive Engineer",EE,"New Capital Division, Patna Municipal Corporation, Patna","Harding Road, Patna",Shushil Kumar Jha,EE,"New Capital Division, Patna Municipal Corporation, Patna",14975.0,1250.0,590.0
14951,22/E/NCD/2021-22_GR01,Construction work 04 seat community toilet Submersible and bath house in kela bagan musahari Under ward no-03.,Construction work 04 seat community toilet Submersible and bath house in kela bagan musahari Under ward no-03.,749035.0,INR,INR,2021-11-12 14:43:38+00:00,2021-11-12T14:17:13.500000+00:00,2022-02-14T07:40:53+00:00,"Shushil Kumar Jha, Executive Engineer",EE,"New Capital Division, Patna Municipal Corporation, Patna","Harding Road, Patna",Shushil Kumar Jha,EE,"New Capital Division, Patna Municipal Corporation, Patna",14981.0,1250.0,590.0
14952,22/E/NCD/2021-22_GR02,Construction work 04 seat community toilet Submersible and bath house in Sangita manjhi sabri nagar nahar Under ward no-03.,Construction work 04 seat community toilet Submersible and bath house in Sangita manjhi sabri nagar nahar Under ward no-03.,748214.0,INR,INR,2021-11-12 14:48:38+00:00,2021-11-12T14:44:17.298000+00:00,2022-04-12T07:16:45+00:00,"Shushil Kumar Jha, Executive Engineer",EE,"New Capital Division, Patna Municipal Corporation, Patna","Harding Road, Patna",Shushil Kumar Jha,EE,"New Capital Division, Patna Municipal Corporation, Patna",14964.0,1250.0,590.0
14955,22/E/NCD/2021-22_GR05,Construction work 04 seat community toilet Submersible and bath house in Mahuabagh Under ward no-03.,Construction work 04 seat community toilet Submersible and bath house in Mahuabagh Under ward no-03.,747667.0,INR,INR,2021-11-12 15:02:09+00:00,2021-11-12T14:58:23.658000+00:00,2022-04-12T07:53:32+00:00,"Shushil Kumar Jha, Executive Engineer",EE,"New Capital Division, Patna Municipal Corporation, Patna","Harding Road, Patna",Shushil Kumar Jha,EE,"New Capital Division, Patna Municipal Corporation, Patna",14953.0,1250.0,590.0
14956,22/E/NCD/2021-22_GR06,Construction work 04 seat community toilet Submersible and bath house in Sipahi Manjhi Sabari Nagar Under ward no-03.,Construction work 04 seat community toilet Submersible and bath house in Sipahi Manjhi Sabari Nagar Under ward no-03.,747941.0,INR,INR,2021-11-12 15:06:29+00:00,2021-11-12T15:02:33.906000+00:00,2022-02-14T07:56:44+00:00,"Shushil Kumar Jha, Executive Engineer",EE,"New Capital Division, Patna Municipal Corporation, Patna","Harding Road, Patna",Shushil Kumar Jha,EE,"New Capital Division, Patna Municipal Corporation, Patna",14959.0,1250.0,590.0
14960,22/E/NCD/2021-22_GR10,"Construction work of  Urinal  at Aalu anusandhan kendra ,New sabjpura Krishiform, Sabrinagar Nahar & Jalalpur Nahar mushari Under ward no-03.","Construction work of  Urinal  at Aalu anusandhan kendra ,New sabjpura Krishiform, Sabrinagar Nahar & Jalalpur Nahar mushari Under ward no-03.",649994.0,INR,INR,2021-11-12 15:25:02+00:00,2021-11-12T15:21:21.901000+00:00,2022-02-14T06:57:07+00:00,"Shushil Kumar Jha, Executive Engineer",EE,"New Capital Division, Patna Municipal Corporation, Patna","Harding Road, Patna",Shushil Kumar Jha,EE,"New Capital Division, Patna Municipal Corporation, Patna",13000.0,1250.0,590.0
14962,22/E/NCD/2021-22_GR12,Details Estiamte of Main hole Reparing work under P.M.C. In ward no-14.,Details Estiamte of Main hole Reparing work under P.M.C. In ward no-14.,388386.0,INR,INR,2021-11-12 15:38:13+00:00,2021-11-12T15:34:41.133000+00:00,2021-11-28T09:11:31+00:00,"Shushil Kumar Jha, Executive Engineer",EE,"New Capital Division, Patna Municipal Corporation, Patna","Harding Road, Patna",Shushil Kumar Jha,EE,"New Capital Division, Patna Municipal Corporation, Patna",7768.0,750.0,590.0
14961,22/E/NCD/2021-22_GR11,Details Estiamte of Main hole Reparing work under P.M.C. In ward no-04.,Details Estiamte of Main hole Reparing work under P.M.C. In ward no-04.,398330.0,INR,INR,2021-11-12 15:34:19+00:00,2021-11-12T15:29:04.402000+00:00,2021-11-16T09:30:01+00:00,"Shushil Kumar Jha, Executive Engineer",EE,"New Capital Division, Patna Municipal Corporation, Patna","Harding Road, Patna",Shushil Kumar Jha,EE,"New Capital Division, Patna Municipal Corporation, Patna",7967.0,750.0,590.0
14963,22/E/NCD/2021-22_GR13,Details Estiamte of Main hole Reparing work under P.M.C. In ward no-17.,Details Estiamte of Main hole Reparing work under P.M.C. In ward no-17.,398330.0,INR,INR,2021-11-12 15:41:28+00:00,2021-11-12T15:38:33.942000+00:00,2021-11-16T09:30:01+00:00,"Shushil Kumar Jha, Executive Engineer",EE,"New Capital Division, Patna Municipal Corporation, Patna","Harding Road, Patna",Shushil Kumar Jha,EE,"New Capital Division, Patna Municipal Corporation, Patna",7968.0,750.0,590.0
14959,22/E/NCD/2021-22_GR09,"Construction work of  Urinal  at Jagdev Path Bakri Bazar, Nariyal Borad, Baily Road Rupashpur Pull & Rupashpur Bathpar Nala ke pash Under ward no-03.","Construction work of  Urinal  at Jagdev Path Bakri Bazar, Nariyal Borad, Baily Road Rupashpur Pull & Rupashpur Bathpar Nala ke pash Under ward no-03.",648647.0,INR,INR,2021-11-12 15:20:50+00:00,2021-11-12T15:17:07.190000+00:00,2022-02-14T08:44:23+00:00,"Shushil Kumar Jha, Executive Engineer",EE,"New Capital Division, Patna Municipal Corporation, Patna","Harding Road, Patna",Shushil Kumar Jha,EE,"New Capital Division, Patna Municipal Corporation, Patna",12973.0,1250.0,590.0
14958,22/E/NCD/2021-22_GR08,Construction work 04 seat community toilet Submersible and bath house in Tahal Tola Under ward no-03.,Construction work 04 seat community toilet Submersible and bath house in Tahal Tola Under ward no-03.,747394.0,INR,INR,2021-11-12 15:16:44+00:00,2021-11-12T15:12:27.635000+00:00,2022-04-12T07:40:32+00:00,"Shushil Kumar Jha, Executive Engineer",EE,"New Capital Division, Patna Municipal Corporation, Patna","Harding Road, Patna",Shushil Kumar Jha,EE,"New Capital Division, Patna Municipal Corporation, Patna",14948.0,1250.0,590.0
14954,22/E/NCD/2021-22_GR04,Construction work 04 seat community toilet Submersible and bath house in Prakash Nagar Mushari Under ward no-03.,Construction work 04 seat community toilet Submersible and bath house in Prakash Nagar Mushari Under ward no-03.,748487.0,INR,INR,2021-11-12 14:57:40+00:00,2021-11-12T14:54:17.462000+00:00,2022-02-14T08:27:33+00:00,"Shushil Kumar Jha, Executive Engineer",EE,"New Capital Division, Patna Municipal Corporation, Patna","Harding Road, Patna",Shushil Kumar Jha,EE,"New Capital Division, Patna Municipal Corporation, Patna",14697.0,1250.0,590.0
14965,22/E/NCD/2021-22_GR15,Details Estiamte of Main hole Reparing work under P.M.C. In ward no-21.,Details Estiamte of Main hole Reparing work under P.M.C. In ward no-21.,398330.0,INR,INR,2021-11-12 15:48:08+00:00,2021-11-12T15:45:07.550000+00:00,2021-11-16T09:30:01+00:00,"Shushil Kumar Jha, Executive Engineer",EE,"New Capital Division, Patna Municipal Corporation, Patna","Harding Road, Patna",Shushil Kumar Jha,EE,"New Capital Division, Patna Municipal Corporation, Patna",7968.0,750.0,590.0
14966,NVPHAJIPUR/NIT-04/2021-22 GR-01,Construction of Paver Block from Back of Lichchhavi Gas Godam  House of Soni Jee to House of Sitaram Jee in Ward no.-01,Construction of Paver Block from Back of Lichchhavi Gas Godam  House of Soni Jee to House of Sitaram Jee in Ward no.-01,167240.0,INR,INR,2021-11-13 05:08:38+00:00,2021-11-12T20:29:16.038000+00:00,2021-11-18T09:31:00+00:00,"RANA VIDYADHAR,","EXECUTIVE ENGINEER, NVP, MUZAFFARPUR+VAISHALI, HAJIPUR","NAGAR VIKAS PRAMANDAL, MUZAFFARPUR+VAISHALI, HAJIPUR","GANGA BRIDGE COLONY, NEAR D.T.O. HAJIPUR, VAISHALI-844101",RANA VIDYADHAR,"EXECUTIVE ENGINEER, NVP, MUZAFFARPUR+VAISHALI, HAJIPUR","NAGAR VIKAS PRAMANDAL, MUZAFFARPUR+VAISHALI, HAJIPUR",3400.0,500.0,590.0
14964,22/E/NCD/2021-22_GR14,Details Estiamte of Main hole Reparing work under P.M.C. In ward no-18.,Details Estiamte of Main hole Reparing work under P.M.C. In ward no-18.,397132.0,INR,INR,2021-11-12 15:44:39+00:00,2021-11-12T15:41:54.212000+00:00,2022-02-23T10:06:30+00:00,"Shushil Kumar Jha, Executive Engineer",EE,"New Capital Division, Patna Municipal Corporation, Patna","Harding Road, Patna",Shushil Kumar Jha,EE,"New Capital Division, Patna Municipal Corporation, Patna",7943.0,750.0,590.0
14967,NVPHAJIPUR/NIT-04/2021-22 GR-02,Construction of Paver Block from Nagar Prishad Sarak to House of Ashok Kumar Singh in Ward no.-01,Construction of Paver Block from Nagar Prishad Sarak to House of Ashok Kumar Singh in Ward no.-01,144686.0,INR,INR,2021-11-13 05:09:51+00:00,2021-11-12T21:44:21.974000+00:00,2021-11-18T09:31:00+00:00,"RANA VIDYADHAR,","EXECUTIVE ENGINEER, NVP, MUZAFFARPUR+VAISHALI, HAJIPUR","NAGAR VIKAS PRAMANDAL, MUZAFFARPUR+VAISHALI, HAJIPUR","GANGA BRIDGE COLONY, NEAR D.T.O. HAJIPUR, VAISHALI-844101",RANA VIDYADHAR,"EXECUTIVE ENGINEER, NVP, MUZAFFARPUR+VAISHALI, HAJIPUR","NAGAR VIKAS PRAMANDAL, MUZAFFARPUR+VAISHALI, HAJIPUR",2900.0,500.0,590.0
14971,NVPHAJIPUR/NIT-04/2021-22 GR-06,Construction of Drain and Paver Block from House of Amit Singh to House of Rajendra Singh in Ward no.-05,Construction of Drain and Paver Block from House of Amit Singh to House of Rajendra Singh in Ward no.-05,284168.0,INR,INR,2021-11-13 05:14:40+00:00,2021-11-12T22:15:46.394000+00:00,2024-09-29T12:25:10+00:00,"RANA VIDYADHAR,","EXECUTIVE ENGINEER, NVP, MUZAFFARPUR+VAISHALI, HAJIPUR","NAGAR VIKAS PRAMANDAL, MUZAFFARPUR+VAISHALI, HAJIPUR","GANGA BRIDGE COLONY, NEAR D.T.O. HAJIPUR, VAISHALI-844101",RANA VIDYADHAR,"EXECUTIVE ENGINEER, NVP, MUZAFFARPUR+VAISHALI, HAJIPUR","NAGAR VIKAS PRAMANDAL, MUZAFFARPUR+VAISHALI, HAJIPUR",5700.0,750.0,590.0
14969,NVPHAJIPUR/NIT-04/2021-22 GR-04,Construction of PCC Road from Mukhya Marg Adalbari to House of Anil Jee in Ward no.-03,Construction of PCC Road from Mukhya Marg Adalbari to House of Anil Jee in Ward no.-03,281688.0,INR,INR,2021-11-13 05:12:19+00:00,2021-11-12T21:58:44.716000+00:00,2023-07-21T11:09:56+00:00,"RANA VIDYADHAR,","EXECUTIVE ENGINEER, NVP, MUZAFFARPUR+VAISHALI, HAJIPUR","NAGAR VIKAS PRAMANDAL, MUZAFFARPUR+VAISHALI, HAJIPUR","GANGA BRIDGE COLONY, NEAR D.T.O. HAJIPUR, VAISHALI-844101",RANA VIDYADHAR,"EXECUTIVE ENGINEER, NVP, MUZAFFARPUR+VAISHALI, HAJIPUR","NAGAR VIKAS PRAMANDAL, MUZAFFARPUR+VAISHALI, HAJIPUR",5700.0,750.0,590.0
14973,NVPHAJIPUR/NIT-04/2021-22 GR-08,Construction of  Drain from House of Fezan Ali to Husain Sanjeev in Ward no.-06,Construction of  Drain from House of Fezan Ali to Husain Sanjeev in Ward no.-06,597732.0,INR,INR,2021-11-13 05:17:09+00:00,2021-11-12T22:47:37.561000+00:00,2024-09-29T12:32:53+00:00,"RANA VIDYADHAR,","EXECUTIVE ENGINEER, NVP, MUZAFFARPUR+VAISHALI, HAJIPUR","NAGAR VIKAS PRAMANDAL, MUZAFFARPUR+VAISHALI, HAJIPUR","GANGA BRIDGE COLONY, NEAR D.T.O. HAJIPUR, VAISHALI-844101",RANA VIDYADHAR,"EXECUTIVE ENGINEER, NVP, MUZAFFARPUR+VAISHALI, HAJIPUR","NAGAR VIKAS PRAMANDAL, MUZAFFARPUR+VAISHALI, HAJIPUR",12000.0,1250.0,590.0
14968,NVPHAJIPUR/NIT-04/2021-22 GR-03,Construction of Paver Block from Near of Shiv Mandir Water Tank in Ward no.-01,Construction of Paver Block from Near of Shiv Mandir Water Tank in Ward no.-01,245845.0,INR,INR,2021-11-13 05:11:22+00:00,2021-11-12T21:51:46.517000+00:00,2023-07-21T10:58:49+00:00,"RANA VIDYADHAR,","EXECUTIVE ENGINEER, NVP, MUZAFFARPUR+VAISHALI, HAJIPUR","NAGAR VIKAS PRAMANDAL, MUZAFFARPUR+VAISHALI, HAJIPUR","GANGA BRIDGE COLONY, NEAR D.T.O. HAJIPUR, VAISHALI-844101",RANA VIDYADHAR,"EXECUTIVE ENGINEER, NVP, MUZAFFARPUR+VAISHALI, HAJIPUR","NAGAR VIKAS PRAMANDAL, MUZAFFARPUR+VAISHALI, HAJIPUR",5000.0,500.0,590.0
14974,NVPHAJIPUR/NIT-04/2021-22 GR-09,Construction of  Drain and Paver Block Road from Nagar Prishad Road to House of Sachidanand in Ward no.-07,Construction of  Drain and Paver Block Road from Nagar Prishad Road to House of Sachidanand in Ward no.-07,370533.0,INR,INR,2021-11-13 05:18:14+00:00,2021-11-12T22:54:41.538000+00:00,2023-06-14T04:14:51+00:00,"RANA VIDYADHAR,","EXECUTIVE ENGINEER, NVP, MUZAFFARPUR+VAISHALI, HAJIPUR","NAGAR VIKAS PRAMANDAL, MUZAFFARPUR+VAISHALI, HAJIPUR","GANGA BRIDGE COLONY, NEAR D.T.O. HAJIPUR, VAISHALI-844101",RANA VIDYADHAR,"EXECUTIVE ENGINEER, NVP, MUZAFFARPUR+VAISHALI, HAJIPUR","NAGAR VIKAS PRAMANDAL, MUZAFFARPUR+VAISHALI, HAJIPUR",7500.0,750.0,590.0
14975,NVPHAJIPUR/NIT-04/2021-22 GR-10,Construction of  Paver Block Road from House of Upendra Kumar Singh to Shanti Palace in Ward no.-07,Construction of  Paver Block Road from House of Upendra Kumar Singh to Shanti Palace in Ward no.-07,225323.0,INR,INR,2021-11-13 05:19:26+00:00,2021-11-12T23:00:42.349000+00:00,2024-09-29T12:38:27+00:00,"RANA VIDYADHAR,","EXECUTIVE ENGINEER, NVP, MUZAFFARPUR+VAISHALI, HAJIPUR","NAGAR VIKAS PRAMANDAL, MUZAFFARPUR+VAISHALI, HAJIPUR","GANGA BRIDGE COLONY, NEAR D.T.O. HAJIPUR, VAISHALI-844101",RANA VIDYADHAR,"EXECUTIVE ENGINEER, NVP, MUZAFFARPUR+VAISHALI, HAJIPUR","NAGAR VIKAS PRAMANDAL, MUZAFFARPUR+VAISHALI, HAJIPUR",4600.0,500.0,590.0
14978,NVPHAJIPUR/NIT-04/2021-22 GR-13,Construction of Drain from House of Rajbali Mahto to Meetha kua  in Ward no.-11,Construction of Drain from House of Rajbali Mahto to Meetha kua  in Ward no.-11,301985.0,INR,INR,2021-11-13 05:23:07+00:00,2021-11-12T23:26:04.905000+00:00,2024-09-29T12:45:50+00:00,"RANA VIDYADHAR,","EXECUTIVE ENGINEER, NVP, MUZAFFARPUR+VAISHALI, HAJIPUR","NAGAR VIKAS PRAMANDAL, MUZAFFARPUR+VAISHALI, HAJIPUR","GANGA BRIDGE COLONY, NEAR D.T.O. HAJIPUR, VAISHALI-844101",RANA VIDYADHAR,"EXECUTIVE ENGINEER, NVP, MUZAFFARPUR+VAISHALI, HAJIPUR","NAGAR VIKAS PRAMANDAL, MUZAFFARPUR+VAISHALI, HAJIPUR",6100.0,750.0,590.0
14977,NVPHAJIPUR/NIT-04/2021-22 GR-12,Construction of Drain from Nagar Prishad Road to House of Vijay Bhagat in Ward no.-11,Construction of Drain from Nagar Prishad Road to House of Vijay Bhagat in Ward no.-11,245884.0,INR,INR,2021-11-13 05:21:54+00:00,2021-11-12T23:18:14.741000+00:00,2024-09-29T12:42:19+00:00,"RANA VIDYADHAR,","EXECUTIVE ENGINEER, NVP, MUZAFFARPUR+VAISHALI, HAJIPUR","NAGAR VIKAS PRAMANDAL, MUZAFFARPUR+VAISHALI, HAJIPUR","GANGA BRIDGE COLONY, NEAR D.T.O. HAJIPUR, VAISHALI-844101",RANA VIDYADHAR,"EXECUTIVE ENGINEER, NVP, MUZAFFARPUR+VAISHALI, HAJIPUR","NAGAR VIKAS PRAMANDAL, MUZAFFARPUR+VAISHALI, HAJIPUR",5000.0,500.0,590.0
14972,NVPHAJIPUR/NIT-04/2021-22 GR-07,Construction of  Paver Block Road from House of Santosh Singh to House of Sudhir Rai in Ward no.-05,Construction of  Paver Block Road from House of Santosh Singh to House of Sudhir Rai in Ward no.-05,297768.0,INR,INR,2021-11-13 05:15:57+00:00,2021-11-12T22:22:22.401000+00:00,2024-09-29T12:28:16+00:00,"RANA VIDYADHAR,","EXECUTIVE ENGINEER, NVP, MUZAFFARPUR+VAISHALI, HAJIPUR","NAGAR VIKAS PRAMANDAL, MUZAFFARPUR+VAISHALI, HAJIPUR","GANGA BRIDGE COLONY, NEAR D.T.O. HAJIPUR, VAISHALI-844101",RANA VIDYADHAR,"EXECUTIVE ENGINEER, NVP, MUZAFFARPUR+VAISHALI, HAJIPUR","NAGAR VIKAS PRAMANDAL, MUZAFFARPUR+VAISHALI, HAJIPUR",6000.0,750.0,590.0
14976,NVPHAJIPUR/NIT-04/2021-22 GR-11,Construction of Paver Block Road from Nagar Prishad Road to House of Munna Sharma PCC and Nagar Prishad Road to House of Ram Pravesh Rai  in Ward no.-08,Construction of Paver Block Road from Nagar Prishad Road to House of Munna Sharma PCC and Nagar Prishad Road to House of Ram Pravesh Rai  in Ward no.-08,588265.0,INR,INR,2021-11-13 05:20:26+00:00,2021-11-12T23:07:14.902000+00:00,2023-07-21T10:05:40+00:00,"RANA VIDYADHAR,","EXECUTIVE ENGINEER, NVP, MUZAFFARPUR+VAISHALI, HAJIPUR","NAGAR VIKAS PRAMANDAL, MUZAFFARPUR+VAISHALI, HAJIPUR","GANGA BRIDGE COLONY, NEAR D.T.O. HAJIPUR, VAISHALI-844101",RANA VIDYADHAR,"EXECUTIVE ENGINEER, NVP, MUZAFFARPUR+VAISHALI, HAJIPUR","NAGAR VIKAS PRAMANDAL, MUZAFFARPUR+VAISHALI, HAJIPUR",11800.0,1250.0,590.0
14980,NVPHAJIPUR/NIT-04/2021-22 GR-15,Construction of PCC Road from PWD Road to House of Ram Babu Paswan in Ward no.-13,Construction of PCC Road from PWD Road to House of Ram Babu Paswan in Ward no.-13,540678.0,INR,INR,2021-11-13 05:25:59+00:00,2021-11-12T23:43:42.617000+00:00,2023-07-21T10:28:44+00:00,"RANA VIDYADHAR,","EXECUTIVE ENGINEER, NVP, MUZAFFARPUR+VAISHALI, HAJIPUR","NAGAR VIKAS PRAMANDAL, MUZAFFARPUR+VAISHALI, HAJIPUR","GANGA BRIDGE COLONY, NEAR D.T.O. HAJIPUR, VAISHALI-844101",RANA VIDYADHAR,"EXECUTIVE ENGINEER, NVP, MUZAFFARPUR+VAISHALI, HAJIPUR","NAGAR VIKAS PRAMANDAL, MUZAFFARPUR+VAISHALI, HAJIPUR",10900.0,1250.0,590.0
14970,NVPHAJIPUR/NIT-04/2021-22 GR-05,Construction of Drain and Paver Block from Nagar Prishad Sarak to House of Pundeo Thakur in Ward no.-03,Construction of Drain and Paver Block from Nagar Prishad Sarak to House of Pundeo Thakur in Ward no.-03,321382.0,INR,INR,2021-11-13 05:13:37+00:00,2021-11-12T22:06:41.675000+00:00,2023-07-21T10:49:31+00:00,"RANA VIDYADHAR,","EXECUTIVE ENGINEER, NVP, MUZAFFARPUR+VAISHALI, HAJIPUR","NAGAR VIKAS PRAMANDAL, MUZAFFARPUR+VAISHALI, HAJIPUR","GANGA BRIDGE COLONY, NEAR D.T.O. HAJIPUR, VAISHALI-844101",RANA VIDYADHAR,"EXECUTIVE ENGINEER, NVP, MUZAFFARPUR+VAISHALI, HAJIPUR","NAGAR VIKAS PRAMANDAL, MUZAFFARPUR+VAISHALI, HAJIPUR",6500.0,750.0,590.0
14981,NVPHAJIPUR/NIT-04/2021-22 GR-16,Construction of Paver Block Road from House of Shabir Jee to House of Md Sahbidin for House of Isha Jee in Ward no.-14,Construction of Paver Block Road from House of Shabir Jee to House of Md Sahbidin for House of Isha Jee in Ward no.-14,187685.0,INR,INR,2021-11-13 05:06:22+00:00,2021-11-12T23:49:10.238000+00:00,2023-07-21T10:39:24+00:00,"RANA VIDYADHAR,","EXECUTIVE ENGINEER, NVP, MUZAFFARPUR+VAISHALI, HAJIPUR","NAGAR VIKAS PRAMANDAL, MUZAFFARPUR+VAISHALI, HAJIPUR","GANGA BRIDGE COLONY, NEAR D.T.O. HAJIPUR, VAISHALI-844101",RANA VIDYADHAR,"EXECUTIVE ENGINEER, NVP, MUZAFFARPUR+VAISHALI, HAJIPUR","NAGAR VIKAS PRAMANDAL, MUZAFFARPUR+VAISHALI, HAJIPUR",3800.0,500.0,590.0
14982,NVPHAJIPUR/NIT-04/2021-22 GR-17,Construction of Paver Block Road from House of Ashok Jee to Main Road in Ward no.-14,Construction of Paver Block Road from House of Ashok Jee to Main Road in Ward no.-14,297729.0,INR,INR,2021-11-13 05:05:05+00:00,2021-11-13T01:25:30.339000+00:00,2023-07-21T10:42:39+00:00,"RANA VIDYADHAR,","EXECUTIVE ENGINEER, NVP, MUZAFFARPUR+VAISHALI, HAJIPUR","NAGAR VIKAS PRAMANDAL, MUZAFFARPUR+VAISHALI, HAJIPUR","GANGA BRIDGE COLONY, NEAR D.T.O. HAJIPUR, VAISHALI-844101",RANA VIDYADHAR,"EXECUTIVE ENGINEER, NVP, MUZAFFARPUR+VAISHALI, HAJIPUR","NAGAR VIKAS PRAMANDAL, MUZAFFARPUR+VAISHALI, HAJIPUR",6000.0,750.0,590.0
14979,NVPHAJIPUR/NIT-04/2021-22 GR-14,Construction of Houl from Near of Hela Bazar Jagdamba Sthan in Ward no.-12,Construction of Houl from Near of Hela Bazar Jagdamba Sthan in Ward no.-12,599989.0,INR,INR,2021-11-13 05:24:39+00:00,2021-11-12T23:37:08.296000+00:00,2023-07-21T11:32:10+00:00,"RANA VIDYADHAR,","EXECUTIVE ENGINEER, NVP, MUZAFFARPUR+VAISHALI, HAJIPUR","NAGAR VIKAS PRAMANDAL, MUZAFFARPUR+VAISHALI, HAJIPUR","GANGA BRIDGE COLONY, NEAR D.T.O. HAJIPUR, VAISHALI-844101",RANA VIDYADHAR,"EXECUTIVE ENGINEER, NVP, MUZAFFARPUR+VAISHALI, HAJIPUR","NAGAR VIKAS PRAMANDAL, MUZAFFARPUR+VAISHALI, HAJIPUR",12000.0,1250.0,590.0
14984,NVPHAJIPUR/NIT-04/2021-22 GR-19,Construction of Chardiwari and PCC Road from Lauj of Late Naresh Singh to Jamin of Pashchim Chhor in Ward no.-24,Construction of Chardiwari and PCC Road from Lauj of Late Naresh Singh to Jamin of Pashchim Chhor in Ward no.-24,468877.0,INR,INR,2021-11-13 05:02:55+00:00,2021-11-13T01:55:10.715000+00:00,2024-09-29T12:57:39+00:00,"RANA VIDYADHAR,","EXECUTIVE ENGINEER, NVP, MUZAFFARPUR+VAISHALI, HAJIPUR","NAGAR VIKAS PRAMANDAL, MUZAFFARPUR+VAISHALI, HAJIPUR","GANGA BRIDGE COLONY, NEAR D.T.O. HAJIPUR, VAISHALI-844101",RANA VIDYADHAR,"EXECUTIVE ENGINEER, NVP, MUZAFFARPUR+VAISHALI, HAJIPUR","NAGAR VIKAS PRAMANDAL, MUZAFFARPUR+VAISHALI, HAJIPUR",9400.0,750.0,590.0
14983,NVPHAJIPUR/NIT-04/2021-22 GR-18,Construction of Drain from House of Chandrika Bhagat to House of Subodh Shukla for Nagar Prishad Road in Ward no.-20,Construction of Drain from House of Chandrika Bhagat to House of Subodh Shukla for Nagar Prishad Road in Ward no.-20,545347.0,INR,INR,2021-11-13 05:04:02+00:00,2021-11-13T01:30:34.249000+00:00,2024-09-29T12:55:20+00:00,"RANA VIDYADHAR,","EXECUTIVE ENGINEER, NVP, MUZAFFARPUR+VAISHALI, HAJIPUR","NAGAR VIKAS PRAMANDAL, MUZAFFARPUR+VAISHALI, HAJIPUR","GANGA BRIDGE COLONY, NEAR D.T.O. HAJIPUR, VAISHALI-844101",RANA VIDYADHAR,"EXECUTIVE ENGINEER, NVP, MUZAFFARPUR+VAISHALI, HAJIPUR","NAGAR VIKAS PRAMANDAL, MUZAFFARPUR+VAISHALI, HAJIPUR",11000.0,1250.0,590.0
14985,NVPHAJIPUR/NIT-04/2021-22 GR-20,Construction of Drain and Paver Block Road from House of Dr. N K Singh to House of Mohan Choudhari in Ward no.-25,Construction of Drain and Paver Block Road from House of Dr. N K Singh to House of Mohan Choudhari in Ward no.-25,507244.0,INR,INR,2021-11-13 05:01:04+00:00,2021-11-13T02:10:19.666000+00:00,2024-09-29T12:59:57+00:00,"RANA VIDYADHAR,","EXECUTIVE ENGINEER, NVP, MUZAFFARPUR+VAISHALI, HAJIPUR","NAGAR VIKAS PRAMANDAL, MUZAFFARPUR+VAISHALI, HAJIPUR","GANGA BRIDGE COLONY, NEAR D.T.O. HAJIPUR, VAISHALI-844101",RANA VIDYADHAR,"EXECUTIVE ENGINEER, NVP, MUZAFFARPUR+VAISHALI, HAJIPUR","NAGAR VIKAS PRAMANDAL, MUZAFFARPUR+VAISHALI, HAJIPUR",10200.0,1250.0,590.0
14987,NVPHAJIPUR/NIT-04/2021-22 GR-22,Construction of Drain  from House of Shanker Singh to House of Vidhya Thakur for Nagar Parshad Road in Ward no.-27,Construction of Drain  from House of Shanker Singh to House of Vidhya Thakur for Nagar Parshad Road in Ward no.-27,543464.0,INR,INR,2021-11-13 04:58:46+00:00,2021-11-13T03:49:23.992000+00:00,2024-09-29T13:04:19+00:00,"RANA VIDYADHAR,","EXECUTIVE ENGINEER, NVP, MUZAFFARPUR+VAISHALI, HAJIPUR","NAGAR VIKAS PRAMANDAL, MUZAFFARPUR+VAISHALI, HAJIPUR","GANGA BRIDGE COLONY, NEAR D.T.O. HAJIPUR, VAISHALI-844101",RANA VIDYADHAR,"EXECUTIVE ENGINEER, NVP, MUZAFFARPUR+VAISHALI, HAJIPUR","NAGAR VIKAS PRAMANDAL, MUZAFFARPUR+VAISHALI, HAJIPUR",10900.0,1250.0,590.0
14992,NVPHAJIPUR/NIT-04/2021-22 GR-27,Construction of Drai  from House of Ashok Das to House of Sanjay Sah in Ward no.-34,Construction of Drai  from House of Ashok Das to House of Sanjay Sah in Ward no.-34,549963.0,INR,INR,2021-11-13 04:53:24+00:00,2021-11-13T04:15:49.312000+00:00,2024-09-29T13:20:33+00:00,"RANA VIDYADHAR,","EXECUTIVE ENGINEER, NVP, MUZAFFARPUR+VAISHALI, HAJIPUR","NAGAR VIKAS PRAMANDAL, MUZAFFARPUR+VAISHALI, HAJIPUR","GANGA BRIDGE COLONY, NEAR D.T.O. HAJIPUR, VAISHALI-844101",RANA VIDYADHAR,"EXECUTIVE ENGINEER, NVP, MUZAFFARPUR+VAISHALI, HAJIPUR","NAGAR VIKAS PRAMANDAL, MUZAFFARPUR+VAISHALI, HAJIPUR",11000.0,1250.0,590.0
14988,NVPHAJIPUR/NIT-04/2021-22 GR-23,Construction of Drai and Paver Block Road from Ram Prasad Ram to Nagar Prishad Road in Ward no.-29,Construction of Drai and Paver Block Road from Ram Prasad Ram to Nagar Prishad Road in Ward no.-29,406095.0,INR,INR,2021-11-13 04:57:50+00:00,2021-11-13T03:54:22.680000+00:00,2023-07-21T10:45:36+00:00,"RANA VIDYADHAR,","EXECUTIVE ENGINEER, NVP, MUZAFFARPUR+VAISHALI, HAJIPUR","NAGAR VIKAS PRAMANDAL, MUZAFFARPUR+VAISHALI, HAJIPUR","GANGA BRIDGE COLONY, NEAR D.T.O. HAJIPUR, VAISHALI-844101",RANA VIDYADHAR,"EXECUTIVE ENGINEER, NVP, MUZAFFARPUR+VAISHALI, HAJIPUR","NAGAR VIKAS PRAMANDAL, MUZAFFARPUR+VAISHALI, HAJIPUR",8200.0,750.0,590.0
14989,NVPHAJIPUR/NIT-04/2021-22 GR-24,Construction of Drai and Paver Block Road from Kisan Bhawan to House of Madhu Singh in Ward no.-30,Construction of Drai and Paver Block Road from Kisan Bhawan to House of Madhu Singh in Ward no.-30,626913.0,INR,INR,2021-11-13 04:56:39+00:00,2021-11-13T03:58:36.446000+00:00,2024-09-29T13:07:11+00:00,"RANA VIDYADHAR,","EXECUTIVE ENGINEER, NVP, MUZAFFARPUR+VAISHALI, HAJIPUR","NAGAR VIKAS PRAMANDAL, MUZAFFARPUR+VAISHALI, HAJIPUR","GANGA BRIDGE COLONY, NEAR D.T.O. HAJIPUR, VAISHALI-844101",RANA VIDYADHAR,"EXECUTIVE ENGINEER, NVP, MUZAFFARPUR+VAISHALI, HAJIPUR","NAGAR VIKAS PRAMANDAL, MUZAFFARPUR+VAISHALI, HAJIPUR",12600.0,1250.0,590.0
14994,NVPHAJIPUR/NIT-04/2021-22 GR-29,Construction of Pravesh dwar from Jadua Mangali akhara in Ward no.-36,Construction of Pravesh dwar from Jadua Mangali akhara in Ward no.-36,399928.0,INR,INR,2021-11-13 04:51:19+00:00,2021-11-13T04:26:44.834000+00:00,2021-11-18T09:31:00+00:00,"RANA VIDYADHAR,","EXECUTIVE ENGINEER, NVP, MUZAFFARPUR+VAISHALI, HAJIPUR","NAGAR VIKAS PRAMANDAL, MUZAFFARPUR+VAISHALI, HAJIPUR","GANGA BRIDGE COLONY, NEAR D.T.O. HAJIPUR, VAISHALI-844101",RANA VIDYADHAR,"EXECUTIVE ENGINEER, NVP, MUZAFFARPUR+VAISHALI, HAJIPUR","NAGAR VIKAS PRAMANDAL, MUZAFFARPUR+VAISHALI, HAJIPUR",8000.0,750.0,590.0
14996,NVPHAJIPUR/NIT-04/2021-22 GR-31,Construction of PCC Road from Chiknouta Nagar Parishad Road to Vanshilal Rai and House of Dinesh Rai in Ward no.-37,Construction of PCC Road from Chiknouta Nagar Parishad Road to Vanshilal Rai and House of Dinesh Rai in Ward no.-37,656046.0,INR,INR,2021-11-13 04:48:52+00:00,2021-11-13T04:36:52.936000+00:00,2022-12-31T11:02:47+00:00,"RANA VIDYADHAR,","EXECUTIVE ENGINEER, NVP, MUZAFFARPUR+VAISHALI, HAJIPUR","NAGAR VIKAS PRAMANDAL, MUZAFFARPUR+VAISHALI, HAJIPUR","GANGA BRIDGE COLONY, NEAR D.T.O. HAJIPUR, VAISHALI-844101",RANA VIDYADHAR,"EXECUTIVE ENGINEER, NVP, MUZAFFARPUR+VAISHALI, HAJIPUR","NAGAR VIKAS PRAMANDAL, MUZAFFARPUR+VAISHALI, HAJIPUR",13200.0,1250.0,590.0
14986,NVPHAJIPUR/NIT-04/2021-22 GR-21,Construction of Drain  from House of Rakesh Kumar to House of Santosh Kumar in Ward no.-26,Construction of Drain  from House of Rakesh Kumar to House of Santosh Kumar in Ward no.-26,547618.0,INR,INR,2021-11-13 04:59:47+00:00,2021-11-13T03:44:42.601000+00:00,2021-11-18T09:31:00+00:00,"RANA VIDYADHAR,","EXECUTIVE ENGINEER, NVP, MUZAFFARPUR+VAISHALI, HAJIPUR","NAGAR VIKAS PRAMANDAL, MUZAFFARPUR+VAISHALI, HAJIPUR","GANGA BRIDGE COLONY, NEAR D.T.O. HAJIPUR, VAISHALI-844101",RANA VIDYADHAR,"EXECUTIVE ENGINEER, NVP, MUZAFFARPUR+VAISHALI, HAJIPUR","NAGAR VIKAS PRAMANDAL, MUZAFFARPUR+VAISHALI, HAJIPUR",11000.0,1250.0,590.0
14993,NVPHAJIPUR/NIT-04/2021-22 GR-28,Construction of Drai  from House of Brahama Kumari to House of Vijay Jee for House of Pintu Singh in Ward no.-35,Construction of Drai  from House of Brahama Kumari to House of Vijay Jee for House of Pintu Singh in Ward no.-35,585109.0,INR,INR,2021-11-13 04:52:21+00:00,2021-11-13T04:20:32.234000+00:00,2022-12-31T11:20:27+00:00,"RANA VIDYADHAR,","EXECUTIVE ENGINEER, NVP, MUZAFFARPUR+VAISHALI, HAJIPUR","NAGAR VIKAS PRAMANDAL, MUZAFFARPUR+VAISHALI, HAJIPUR","GANGA BRIDGE COLONY, NEAR D.T.O. HAJIPUR, VAISHALI-844101",RANA VIDYADHAR,"EXECUTIVE ENGINEER, NVP, MUZAFFARPUR+VAISHALI, HAJIPUR","NAGAR VIKAS PRAMANDAL, MUZAFFARPUR+VAISHALI, HAJIPUR",11800.0,1250.0,590.0
14990,NVPHAJIPUR/NIT-04/2021-22 GR-25,Construction of Drai  from House of Horil Singh to House of Guddu Singh in Ward no.-32,Construction of Drai  from House of Horil Singh to House of Guddu Singh in Ward no.-32,567170.0,INR,INR,2021-11-13 04:55:28+00:00,2021-11-13T04:05:01.295000+00:00,2024-09-29T13:09:23+00:00,"RANA VIDYADHAR,","EXECUTIVE ENGINEER, NVP, MUZAFFARPUR+VAISHALI, HAJIPUR","NAGAR VIKAS PRAMANDAL, MUZAFFARPUR+VAISHALI, HAJIPUR","GANGA BRIDGE COLONY, NEAR D.T.O. HAJIPUR, VAISHALI-844101",RANA VIDYADHAR,"EXECUTIVE ENGINEER, NVP, MUZAFFARPUR+VAISHALI, HAJIPUR","NAGAR VIKAS PRAMANDAL, MUZAFFARPUR+VAISHALI, HAJIPUR",11400.0,1250.0,590.0
14995,NVPHAJIPUR/NIT-04/2021-22 GR-30,Construction of Drain and Paver Block Road from Near House of Haidar in Ward no.-36,Construction of Drain and Paver Block Road from Near House of Haidar in Ward no.-36,183041.0,INR,INR,2021-11-13 04:50:16+00:00,2021-11-13T04:32:44.436000+00:00,2021-11-18T09:31:00+00:00,"RANA VIDYADHAR,","EXECUTIVE ENGINEER, NVP, MUZAFFARPUR+VAISHALI, HAJIPUR","NAGAR VIKAS PRAMANDAL, MUZAFFARPUR+VAISHALI, HAJIPUR","GANGA BRIDGE COLONY, NEAR D.T.O. HAJIPUR, VAISHALI-844101",RANA VIDYADHAR,"EXECUTIVE ENGINEER, NVP, MUZAFFARPUR+VAISHALI, HAJIPUR","NAGAR VIKAS PRAMANDAL, MUZAFFARPUR+VAISHALI, HAJIPUR",3700.0,500.0,590.0
15000,NIT-04/2021-22/GR - 02/NIRMALI,"CCONSTRUCTION OF DRAIN AND P.C.C ROAD FROM THE HOUSE OF RATAN GHIYA TO EASTERN RING BANDH IN WARD NO-11 UNDER NAGAR PANCHAYAT, NIRMALI (SUPAUL)","CCONSTRUCTION OF DRAIN AND P.C.C ROAD FROM THE HOUSE OF RATAN GHIYA TO EASTERN RING BANDH IN WARD NO-11 UNDER NAGAR PANCHAYAT, NIRMALI (SUPAUL)",1753300.0,INR,INR,2021-11-13 10:40:13+00:00,2021-11-13T07:27:03.345000+00:00,2021-11-23T09:31:00+00:00,MD. NURUL AIN,Executive Officer N.P Nirmali,NAGAR PANCHAYAT NIRMALI,THANA ROAD NIRMALI,MD. NURUL AIN,Executive Officer N.P Nirmali,NAGAR PANCHAYAT NIRMALI,33500.0,5000.0,590.0
15002,NIT-04/2021-22/GR - 03/NIRMALI,"CONSTRUCTION OF DRAIN AND ROAD WIDENING FROM THE HOUSE OF ARUN PANJIYAR TO THE HOUSE OF DEO NARAYAN NAYAK IN WARD NO-05 UNDER NAGAR PANCHAYAT, NIRMALI (SUPAUL)","CONSTRUCTION OF DRAIN AND ROAD WIDENING FROM THE HOUSE OF ARUN PANJIYAR TO THE HOUSE OF DEO NARAYAN NAYAK IN WARD NO-05 UNDER NAGAR PANCHAYAT, NIRMALI (SUPAUL)",247200.0,INR,INR,2021-11-13 10:39:21+00:00,2021-11-13T07:33:57.688000+00:00,2021-11-23T09:31:00+00:00,MD. NURUL AIN,Executive Officer N.P Nirmali,NAGAR PANCHAYAT NIRMALI,THANA ROAD NIRMALI,MD. NURUL AIN,Executive Officer N.P Nirmali,NAGAR PANCHAYAT NIRMALI,6500.0,750.0,590.0
14991,NVPHAJIPUR/NIT-04/2021-22 GR-26,Construction of Drai  from House of Upendra Rai to Main Road Bypass in Ward no.-33,Construction of Drai  from House of Upendra Rai to Main Road Bypass in Ward no.-33,635797.0,INR,INR,2021-11-13 04:54:28+00:00,2021-11-13T04:10:17.129000+00:00,2024-09-29T13:17:34+00:00,"RANA VIDYADHAR,","EXECUTIVE ENGINEER, NVP, MUZAFFARPUR+VAISHALI, HAJIPUR","NAGAR VIKAS PRAMANDAL, MUZAFFARPUR+VAISHALI, HAJIPUR","GANGA BRIDGE COLONY, NEAR D.T.O. HAJIPUR, VAISHALI-844101",RANA VIDYADHAR,"EXECUTIVE ENGINEER, NVP, MUZAFFARPUR+VAISHALI, HAJIPUR","NAGAR VIKAS PRAMANDAL, MUZAFFARPUR+VAISHALI, HAJIPUR",12800.0,1250.0,590.0
14997,NVPHAJIPUR/NIT-04/2021-22 GR-32,Construction of PCC Road from House of Jitendra to House of Bahami Thakur in Ward no.-39,Construction of PCC Road from House of Jitendra to House of Bahami Thakur in Ward no.-39,549998.0,INR,INR,2021-11-13 04:47:35+00:00,2021-11-13T04:41:51.896000+00:00,2024-09-29T13:26:23+00:00,"RANA VIDYADHAR,","EXECUTIVE ENGINEER, NVP, MUZAFFARPUR+VAISHALI, HAJIPUR","NAGAR VIKAS PRAMANDAL, MUZAFFARPUR+VAISHALI, HAJIPUR","GANGA BRIDGE COLONY, NEAR D.T.O. HAJIPUR, VAISHALI-844101",RANA VIDYADHAR,"EXECUTIVE ENGINEER, NVP, MUZAFFARPUR+VAISHALI, HAJIPUR","NAGAR VIKAS PRAMANDAL, MUZAFFARPUR+VAISHALI, HAJIPUR",11000.0,1250.0,590.0
15001,"11/E/KAN82021, Group No.-36","Construction of U/G Drain & P.C.C Road Work from Harishchandra Nagar 
Balkrishan Srivastav House via Jogendra House Via Lalanjee House to Sashikant Thakur P.M.C 
Patna Under Ward No-30.","Construction of U/G Drain & P.C.C Road Work from Harishchandra Nagar 
Balkrishan Srivastav House via Jogendra House Via Lalanjee House to Sashikant Thakur P.M.C 
Patna Under Ward No-30.",284300.0,INR,INR,2021-11-13 07:38:56+00:00,2021-11-13T07:27:34.850000+00:00,2021-12-02T09:31:00+00:00,"Aashish Prasad, Executive Engineer",EXECUETIVE ENGINEER,"Kankarbagh Division,Patna Municipal Corporation,Patna","Tempo Stand,Kankarbagh,Patna-20","Aashish Prasad,EXECUETIVE ENGINEER",EXECUETIVE ENGINEER,"Kankarbagh Division,Patna Municipal Corporation,Patna",284300.0,750.0,590.0
14999,"11/E/KAN82021, Group No.-35","Construction of U/G Drain & P.C.C Road Work from Sipara Matkhan Main Road 
Balam Paswan to Sanjay Rajak P.M.C Patna Under Ward No-30.","Construction of U/G Drain & P.C.C Road Work from Sipara Matkhan Main Road 
Balam Paswan to Sanjay Rajak P.M.C Patna Under Ward No-30.",1780100.0,INR,INR,2021-11-13 07:25:36+00:00,2021-11-13T07:14:46.484000+00:00,2022-04-29T08:08:03+00:00,"Aashish Prasad, Executive Engineer",EXECUETIVE ENGINEER,"Kankarbagh Division,Patna Municipal Corporation,Patna","Tempo Stand,Kankarbagh,Patna-20","Aashish Prasad,EXECUETIVE ENGINEER",EXECUETIVE ENGINEER,"Kankarbagh Division,Patna Municipal Corporation,Patna",35700.0,5000.0,590.0
15003,"11/E/KAN82021, Group No.-37","Construction of U/G Drain & P.C.C Road Work from Bigrahpur P.C.C Road 
Ranjeet to Surendra Jee House P.M.C Patna Under Ward No-30","Construction of U/G Drain & P.C.C Road Work from Bigrahpur P.C.C Road 
Ranjeet to Surendra Jee House P.M.C Patna Under Ward No-30",807100.0,INR,INR,2021-11-13 07:53:06+00:00,2021-11-13T07:40:50.987000+00:00,2022-02-28T08:12:37+00:00,"Aashish Prasad, Executive Engineer",EXECUETIVE ENGINEER,"Kankarbagh Division,Patna Municipal Corporation,Patna","Tempo Stand,Kankarbagh,Patna-20","Aashish Prasad,EXECUETIVE ENGINEER",EXECUETIVE ENGINEER,"Kankarbagh Division,Patna Municipal Corporation,Patna",16200.0,1250.0,590.0
15004,NIT-04/2021-22/GR - 04/NIRMALI,"CONSTRUCTION OF R.C.C DRAIN WITH COVER FROM THE HOUSE OF SATYA NARAYAN MAHATO TO THE HOUSE OF SANTOSH MAHATO IN WARD NO-02 UNDER NAGAR PANCHAYAT, NIRMALI (SUPAUL)","CONSTRUCTION OF R.C.C DRAIN WITH COVER FROM THE HOUSE OF SATYA NARAYAN MAHATO TO THE HOUSE OF SANTOSH MAHATO IN WARD NO-02 UNDER NAGAR PANCHAYAT, NIRMALI (SUPAUL)",639500.0,INR,INR,2021-11-13 10:38:26+00:00,2021-11-13T07:46:11.259000+00:00,2021-11-23T09:31:00+00:00,MD. NURUL AIN,Executive Officer N.P Nirmali,NAGAR PANCHAYAT NIRMALI,THANA ROAD NIRMALI,MD. NURUL AIN,Executive Officer N.P Nirmali,NAGAR PANCHAYAT NIRMALI,15500.0,1250.0,590.0
15005,"11/E/KAN82021, Group No.-38","Construction of U/G Drain & P.C.C Road Work Jyotish Path Main Road to 
Bhupati pur Musahari Road P.M.C Patna Under Ward No-30.","Construction of U/G Drain & P.C.C Road Work Jyotish Path Main Road to 
Bhupati pur Musahari Road P.M.C Patna Under Ward No-30.",3895200.0,INR,INR,2021-11-13 08:08:45+00:00,2021-11-13T07:55:01.508000+00:00,2022-05-05T09:47:36+00:00,"Aashish Prasad, Executive Engineer",EXECUETIVE ENGINEER,"Kankarbagh Division,Patna Municipal Corporation,Patna","Tempo Stand,Kankarbagh,Patna-20","Aashish Prasad,EXECUETIVE ENGINEER",EXECUETIVE ENGINEER,"Kankarbagh Division,Patna Municipal Corporation,Patna",78000.0,5000.0,590.0
15009,NIT-04/2021-22/GR - 08/NIRMALI,"CONSTRUCTION OF PAVER ROAD AND DRAIN FROM THE HOUSE OF UDAY SAH TO THE LAND OF DR. A.K. DAS IN JAGNANI GALI IN WARD NO-11 UNDER NAGAR PANCHAYAT, NIRMALI (SUPAUL)","CONSTRUCTION OF PAVER ROAD AND DRAIN FROM THE HOUSE OF UDAY SAH TO THE LAND OF DR. A.K. DAS IN JAGNANI GALI IN WARD NO-11 UNDER NAGAR PANCHAYAT, NIRMALI (SUPAUL)",610900.0,INR,INR,2021-11-13 10:34:27+00:00,2021-11-13T08:08:29.649000+00:00,2021-11-23T09:31:00+00:00,MD. NURUL AIN,Executive Officer N.P Nirmali,NAGAR PANCHAYAT NIRMALI,THANA ROAD NIRMALI,MD. NURUL AIN,Executive Officer N.P Nirmali,NAGAR PANCHAYAT NIRMALI,12500.0,1250.0,590.0
15007,NIT-04/2021-22/GR - 06/NIRMALI,"CONSTRUCTION OF PAVER ROAD FROM RING BANDH TO THE HOUSE OF RAJU RAUT VIA HOUSE OF SRIVASTAV JI AND ONE CULVERT IN WARD NO-07 UNDER NAGAR PANCHAYAT, NIRMALI (SUPAUL)","CONSTRUCTION OF PAVER ROAD FROM RING BANDH TO THE HOUSE OF RAJU RAUT VIA HOUSE OF SRIVASTAV JI AND ONE CULVERT IN WARD NO-07 UNDER NAGAR PANCHAYAT, NIRMALI (SUPAUL)",409900.0,INR,INR,2021-11-13 10:37:21+00:00,2021-11-13T07:59:58.596000+00:00,2021-11-23T09:31:00+00:00,MD. NURUL AIN,Executive Officer N.P Nirmali,NAGAR PANCHAYAT NIRMALI,THANA ROAD NIRMALI,MD. NURUL AIN,Executive Officer N.P Nirmali,NAGAR PANCHAYAT NIRMALI,9000.0,750.0,590.0
15006,NIT-04/2021-22/GR - 05/NIRMALI,"CONSTRUCTION OF R.C.C DRAIN WITH COVER AND PAVER ROAD FROM THE HOUSE OF DR. KADIR TO THE LAND OF BINOD SAH AND CONSTRUCTION OF TWO CULVERT NEAR THE HOUSE OF SATYA NARAYAN SAH AND BASUDEO MAHATO IN WARD NO-04 UNDER NAGAR PANCHAYAT, NIRMALI (SUPAUL)","CONSTRUCTION OF R.C.C DRAIN WITH COVER AND PAVER ROAD FROM THE HOUSE OF DR. KADIR TO THE LAND OF BINOD SAH AND CONSTRUCTION OF TWO CULVERT NEAR THE HOUSE OF SATYA NARAYAN SAH AND BASUDEO MAHATO IN WARD NO-04 UNDER NAGAR PANCHAYAT, NIRMALI (SUPAUL)",386500.0,INR,INR,2021-11-13 10:36:30+00:00,2021-11-13T07:55:54.666000+00:00,2021-11-23T09:31:00+00:00,MD. NURUL AIN,Executive Officer N.P Nirmali,NAGAR PANCHAYAT NIRMALI,THANA ROAD NIRMALI,MD. NURUL AIN,Executive Officer N.P Nirmali,NAGAR PANCHAYAT NIRMALI,9000.0,750.0,590.0
15019,"11/E/KAN82021, Group No.-40","Construction of U/G Drain & P.C.C Road Work from Ramkrishna Nagar 
Indu Bhushan Prasad House to Link Road Nagendra Prasad House Via Awadh Sundari Nivash to 
Alok Triphati Jee House P.M.C Patna Under Ward No-30.","Construction of U/G Drain & P.C.C Road Work from Ramkrishna Nagar 
Indu Bhushan Prasad House to Link Road Nagendra Prasad House Via Awadh Sundari Nivash to 
Alok Triphati Jee House P.M.C Patna Under Ward No-30.",1864900.0,INR,INR,2021-11-13 08:43:23+00:00,2021-11-13T08:32:32.460000+00:00,2022-02-28T07:35:13+00:00,"Aashish Prasad, Executive Engineer",EXECUETIVE ENGINEER,"Kankarbagh Division,Patna Municipal Corporation,Patna","Tempo Stand,Kankarbagh,Patna-20","Aashish Prasad,EXECUETIVE ENGINEER",EXECUETIVE ENGINEER,"Kankarbagh Division,Patna Municipal Corporation,Patna",37300.0,5000.0,590.0
15024,"11/E/KAN82021, Group No.-43","Construction of U/G Drain & P.C.C Road Work from East Delma Smt. 
Sidhewar Rajak Daroga jee House Via Jyotish path P.M.C Patna Under Ward No-30.","Construction of U/G Drain & P.C.C Road Work from East Delma Smt. 
Sidhewar Rajak Daroga jee House Via Jyotish path P.M.C Patna Under Ward No-30.",1902800.0,INR,INR,2021-11-13 09:24:16+00:00,2021-11-13T09:14:13.597000+00:00,2022-02-28T07:43:37+00:00,"Aashish Prasad, Executive Engineer",EXECUETIVE ENGINEER,"Kankarbagh Division,Patna Municipal Corporation,Patna","Tempo Stand,Kankarbagh,Patna-20","Aashish Prasad,EXECUETIVE ENGINEER",EXECUETIVE ENGINEER,"Kankarbagh Division,Patna Municipal Corporation,Patna",38100.0,5000.0,590.0
15008,NIT-04/2021-22/GR - 07/NIRMALI,"CONSTRUCTION OF PAVER ROAD AND DRAIN WITH COVER FROM THE HOUSE OF RAMBAHADUR SAH TO THE HOUSE OF ASHOK KAMAT IN WARD NO-09 UNDER NAGAR PANCHAYAT, NIRMALI (SUPAUL)","CONSTRUCTION OF PAVER ROAD AND DRAIN WITH COVER FROM THE HOUSE OF RAMBAHADUR SAH TO THE HOUSE OF ASHOK KAMAT IN WARD NO-09 UNDER NAGAR PANCHAYAT, NIRMALI (SUPAUL)",105000.0,INR,INR,2021-11-13 10:35:32+00:00,2021-11-13T08:02:45.253000+00:00,2021-11-23T09:31:00+00:00,MD. NURUL AIN,Executive Officer N.P Nirmali,NAGAR PANCHAYAT NIRMALI,THANA ROAD NIRMALI,MD. NURUL AIN,Executive Officer N.P Nirmali,NAGAR PANCHAYAT NIRMALI,2100.0,500.0,590.0
15014,NIT NO- 03/PHED/LKR/2021-21,"Construction of  125mm X 40mm dia X 61 meter deep hand operated T/well with India Mark II Hand Pump with Platform and drain  under SCA to SCSP for the Year 2021-22, in district of Lakhisarai.","Construction of  125mm X 40mm dia X 61 meter deep hand operated T/well with India Mark II Hand Pump with Platform and drain  under SCA to SCSP for the Year 2021-22, in district of Lakhisarai.",4608450.0,INR,INR,2021-11-13 10:51:29+00:00,2021-11-13T08:19:32.661000+00:00,2022-02-22T09:04:48+00:00,"EXECUTIVE ENGINEER, LAKHISARAI DIVISION",EE,"EXECUTIVE ENGINEER, LAKHISARAI DIVISION","EXECUTIVE ENGINEER, LAKHISARAI DIVISION","Executive Engineer, Lakhisarai Division",EE,"Executive Engineer, Lakhisarai Division",92200.0,1180.0,590.0
15022,"11/E/KAN82021, Group No.-41","Construction of U/G Drain & P.C.C Road Work from Jyotish Path to 
Adarsh Bihar Road No-2 to Kamdev Babu to South Thekedar House P.M.C Patna Under Ward No30","Construction of U/G Drain & P.C.C Road Work from Jyotish Path to 
Adarsh Bihar Road No-2 to Kamdev Babu to South Thekedar House P.M.C Patna Under Ward No30",2982500.0,INR,INR,2021-11-13 08:56:42+00:00,2021-11-13T08:46:47.815000+00:00,2022-03-10T05:55:24+00:00,"Aashish Prasad, Executive Engineer",EXECUETIVE ENGINEER,"Kankarbagh Division,Patna Municipal Corporation,Patna","Tempo Stand,Kankarbagh,Patna-20","Aashish Prasad,EXECUETIVE ENGINEER",EXECUETIVE ENGINEER,"Kankarbagh Division,Patna Municipal Corporation,Patna",59700.0,5000.0,590.0
15027,"11/E/KAN82021, Group No.-46","Construction of U/G Drain & P.C.C Road Work from Sunil Kumar Singh to 
Bharat Gas Godwon ( Old Gas Godwon More) Radhe Shyam Babu to Munna Kumar Via Kaushal 
jee to Manoj jee House P.M.C Patna Under Ward No-30.","Construction of U/G Drain & P.C.C Road Work from Sunil Kumar Singh to 
Bharat Gas Godwon ( Old Gas Godwon More) Radhe Shyam Babu to Munna Kumar Via Kaushal 
jee to Manoj jee House P.M.C Patna Under Ward No-30.",1745700.0,INR,INR,2021-11-13 10:00:29+00:00,2021-11-13T09:51:06.845000+00:00,2022-04-28T11:37:10+00:00,"Aashish Prasad, Executive Engineer",EXECUETIVE ENGINEER,"Kankarbagh Division,Patna Municipal Corporation,Patna","Tempo Stand,Kankarbagh,Patna-20","Aashish Prasad,EXECUETIVE ENGINEER",EXECUETIVE ENGINEER,"Kankarbagh Division,Patna Municipal Corporation,Patna",25000.0,5000.0,590.0
15026,"11/E/KAN82021, Group No.-45","Construction of U/G Drain & P.C.C Road Work from Ramkrishna Nagar 
Adarsh Bihar Road No -1 Sri Fulena Devi House to Mira Krishna Nikaten P.M.C Patna Under Ward 
No-30.","Construction of U/G Drain & P.C.C Road Work from Ramkrishna Nagar 
Adarsh Bihar Road No -1 Sri Fulena Devi House to Mira Krishna Nikaten P.M.C Patna Under Ward 
No-30.",1865000.0,INR,INR,2021-11-13 09:49:42+00:00,2021-11-13T09:37:54.923000+00:00,2022-02-21T06:54:08+00:00,"Aashish Prasad, Executive Engineer",EXECUETIVE ENGINEER,"Kankarbagh Division,Patna Municipal Corporation,Patna","Tempo Stand,Kankarbagh,Patna-20","Aashish Prasad,EXECUETIVE ENGINEER",EXECUETIVE ENGINEER,"Kankarbagh Division,Patna Municipal Corporation,Patna",37300.0,5000.0,590.0
15029,"11/E/KAN82021, Group No.-48","Construction of U/G Drain & P.C.C Road Work from Pragati Nagar Sipara 
P.M.C Patna Under Ward No-30.","Construction of U/G Drain & P.C.C Road Work from Pragati Nagar Sipara 
P.M.C Patna Under Ward No-30.",1647100.0,INR,INR,2021-11-13 10:26:07+00:00,2021-11-13T10:14:54.146000+00:00,2021-12-02T09:31:00+00:00,"Aashish Prasad, Executive Engineer",EXECUETIVE ENGINEER,"Kankarbagh Division,Patna Municipal Corporation,Patna","Tempo Stand,Kankarbagh,Patna-20","Aashish Prasad,EXECUETIVE ENGINEER",EXECUETIVE ENGINEER,"Kankarbagh Division,Patna Municipal Corporation,Patna",1647100.0,5000.0,590.0
15028,"11/E/KAN82021, Group No.-47","Construction of U/G Drain & P.C.C Road Work from Ramkrishna Nagar 
Road No-1 Bank of India Adjacent West New Bypass South P.M.C Patna Under Ward No-30.","Construction of U/G Drain & P.C.C Road Work from Ramkrishna Nagar 
Road No-1 Bank of India Adjacent West New Bypass South P.M.C Patna Under Ward No-30.",1499400.0,INR,INR,2021-11-13 10:13:16+00:00,2021-11-13T10:02:45.512000+00:00,2022-06-27T09:23:06+00:00,"Aashish Prasad, Executive Engineer",EXECUETIVE ENGINEER,"Kankarbagh Division,Patna Municipal Corporation,Patna","Tempo Stand,Kankarbagh,Patna-20","Aashish Prasad,EXECUETIVE ENGINEER",EXECUETIVE ENGINEER,"Kankarbagh Division,Patna Municipal Corporation,Patna",30000.0,2500.0,590.0
15023,"11/E/KAN82021, Group No.-42","Construction of U/G Drain & P.C.C Road Work Sipara Dih to N.H 83 Kali 
Mandir via Jamuna Ray P.M.C Patna Under Ward No-30.","Construction of U/G Drain & P.C.C Road Work Sipara Dih to N.H 83 Kali 
Mandir via Jamuna Ray P.M.C Patna Under Ward No-30.",1419200.0,INR,INR,2021-11-13 09:07:57+00:00,2021-11-13T08:58:43.688000+00:00,2022-05-17T09:59:58+00:00,"Aashish Prasad, Executive Engineer",EXECUETIVE ENGINEER,"Kankarbagh Division,Patna Municipal Corporation,Patna","Tempo Stand,Kankarbagh,Patna-20","Aashish Prasad,EXECUETIVE ENGINEER",EXECUETIVE ENGINEER,"Kankarbagh Division,Patna Municipal Corporation,Patna",28400.0,2500.0,590.0
15025,"11/E/KAN82021, Group No.-44","Construction of U/G Drain & P.C.C Road Work Anil Singh House to South 
Binod Singh House P.M.C Patna Under Ward No-30.","Construction of U/G Drain & P.C.C Road Work Anil Singh House to South 
Binod Singh House P.M.C Patna Under Ward No-30.",824400.0,INR,INR,2021-11-13 09:36:25+00:00,2021-11-13T09:26:02.558000+00:00,2022-04-20T08:20:20+00:00,"Aashish Prasad, Executive Engineer",EXECUETIVE ENGINEER,"Kankarbagh Division,Patna Municipal Corporation,Patna","Tempo Stand,Kankarbagh,Patna-20","Aashish Prasad,EXECUETIVE ENGINEER",EXECUETIVE ENGINEER,"Kankarbagh Division,Patna Municipal Corporation,Patna",16500.0,1250.0,590.0
15038,"11/E/KAN82021, Group No.-49","Construction of U/G Drain & P.C.C Road Work Ramkrishna Nagar Main 
Road to West Dev Kumar Singh Via Dr. Akhilesh Singh House P.M.C Patna Under Ward No-30.","Construction of U/G Drain & P.C.C Road Work Ramkrishna Nagar Main 
Road to West Dev Kumar Singh Via Dr. Akhilesh Singh House P.M.C Patna Under Ward No-30.",706700.0,INR,INR,2021-11-14 06:45:13+00:00,2021-11-14T06:32:14.128000+00:00,2022-04-12T08:09:09+00:00,"Aashish Prasad, Executive Engineer",EXECUETIVE ENGINEER,"Kankarbagh Division,Patna Municipal Corporation,Patna","Tempo Stand,Kankarbagh,Patna-20","Aashish Prasad,EXECUETIVE ENGINEER",EXECUETIVE ENGINEER,"Kankarbagh Division,Patna Municipal Corporation,Patna",14200.0,1250.0,590.0
15010,"11/E/KAN82021, Group No.-39","Construction of U/G Drain & P.C.C Road Work from Rajendra Prasad House to 
Ranjan Singh Via Birendra Kumar to Ranjan Miti Plot House P.M.C Patna Under Ward No-30","Construction of U/G Drain & P.C.C Road Work from Rajendra Prasad House to 
Ranjan Singh Via Birendra Kumar to Ranjan Miti Plot House P.M.C Patna Under Ward No-30",1349000.0,INR,INR,2021-11-13 08:30:18+00:00,2021-11-13T08:11:11.292000+00:00,2022-02-28T08:20:20+00:00,"Aashish Prasad, Executive Engineer",EXECUETIVE ENGINEER,"Kankarbagh Division,Patna Municipal Corporation,Patna","Tempo Stand,Kankarbagh,Patna-20","Aashish Prasad,EXECUETIVE ENGINEER",EXECUETIVE ENGINEER,"Kankarbagh Division,Patna Municipal Corporation,Patna",27000.0,2500.0,590.0
15031,38/BSBCCL/21-22,"ADDITIONAL WORK  (LIFT , GENERETOR,CAMPUS WORK,GRC JAALI,RCC DRAIN,GATE) FOR NEWLY CONSTRUCTED KANGANGHAT BUILDING , PATNA","ADDITIONAL WORK  (LIFT , GENERETOR,CAMPUS WORK,GRC JAALI,RCC DRAIN,GATE) FOR NEWLY CONSTRUCTED KANGANGHAT BUILDING , PATNA",20517501.0,INR,INR,2021-11-20 11:29:11+00:00,2021-11-13T10:58:11.143000+00:00,2021-12-01T07:54:46+00:00,DGM BSBCCL PATNA,DEPUTY GENERAL MANAGER PATNA,BSBCCL SOUTH,"BSBCCL, Hospital Road, Sastri Nagar, Patna 800023",SANTOSH KUMAR,chief general manager,BSBCCL,411000.0,10000.0,3540.0
15041,"11/E/KAN82021, Group No.-52","Construction of U/G Drain & P.C.C Road Work from Amardeep Nagar Sri 
Amal Singh House to Sri Surendra Singh Via Dhanesh Singh to Suresh Das House Via Om Shanti 
House P.M.C Patna Under Ward No-30.","Construction of U/G Drain & P.C.C Road Work from Amardeep Nagar Sri 
Amal Singh House to Sri Surendra Singh Via Dhanesh Singh to Suresh Das House Via Om Shanti 
House P.M.C Patna Under Ward No-30.",2514100.0,INR,INR,2021-11-14 07:52:17+00:00,2021-11-14T07:42:27.341000+00:00,2022-03-15T09:36:31+00:00,"Aashish Prasad, Executive Engineer",EXECUETIVE ENGINEER,"Kankarbagh Division,Patna Municipal Corporation,Patna","Tempo Stand,Kankarbagh,Patna-20","Aashish Prasad,EXECUETIVE ENGINEER",EXECUETIVE ENGINEER,"Kankarbagh Division,Patna Municipal Corporation,Patna",50300.0,5000.0,590.0
15039,"11/E/KAN82021, Group No.-50","Construction of U/G Drain & P.C.C Road Work New Bangali Tola to Azad 
Path P.M.C Patna Under Ward No-30.","Construction of U/G Drain & P.C.C Road Work New Bangali Tola to Azad 
Path P.M.C Patna Under Ward No-30.",1293600.0,INR,INR,2021-11-14 07:11:15+00:00,2021-11-14T06:46:52.064000+00:00,2022-03-03T10:59:47+00:00,"Aashish Prasad, Executive Engineer",EXECUETIVE ENGINEER,"Kankarbagh Division,Patna Municipal Corporation,Patna","Tempo Stand,Kankarbagh,Patna-20","Aashish Prasad,EXECUETIVE ENGINEER",EXECUETIVE ENGINEER,"Kankarbagh Division,Patna Municipal Corporation,Patna",25900.0,2500.0,590.0
15036,PHED JMU NIT No-03 /2021-22,Providing labour for repair and maintenance of Ward level and Rural piped water supply schemes with transportation on Monthly basis Including CGST/ SGST /L.CESS,Providing labour for repair and maintenance of Ward level and Rural piped water supply schemes with transportation on Monthly basis Including CGST/ SGST /L.CESS,1129600.0,INR,INR,2021-11-13 16:31:03+00:00,2021-11-13T16:02:25.969000+00:00,2021-12-15T07:09:23+00:00,Er. SHIV SHANKAR DAYAL,"EXECUTIVE ENGINEER, JAMUI","P. H. Division, Jamui",PHED COLONY JAMUI SIRCHAND NAWADA ROAD NEAR OF DDC RESIDENCE,Er. Vijay kumar,Superintending Engineer(SE),P.H.Circle Munger,23000.0,2500.0,590.0
15030,NIT-17(R)/PHD/CHAPRA-GR NO.-01,"Providing labour for repair and maintenance of Ward level and Rural piped water supply schemes under P.H.Division, Chapra","Providing labour for repair and maintenance of Ward level and Rural piped water supply schemes under P.H.Division, Chapra",1162700.0,INR,INR,2021-11-13 11:15:00+00:00,2021-11-13T10:47:19.561000+00:00,2021-12-16T12:48:47+00:00,SANYOG KUMAR,EE P H DIVISION SAHARSA,PUBLIC HEALTH DIVISION SAHARSA,PUBLIC HEALTH DIVISION SAHARSA,MANOJ MANOHAR,SE,"PUBLIC HEALTH DIVISION, CHAPRA",23400.0,2500.0,590.0
15032,36/BSBCCL/21-22 GR 2,"Construction of Proposed Football Stadium with 300 mtr track at Block level (120 x 150 mtr) Type-II at Asthama Block Uchh Vidalaya Onda, Nalanda","Construction of Proposed Football Stadium with 300 mtr track at Block level (120 x 150 mtr) Type-II at Asthama Block Uchh Vidalaya Onda, Nalanda",12714313.0,INR,INR,2021-11-13 11:20:08+00:00,2021-11-13T11:11:05.484000+00:00,2021-12-09T07:41:58+00:00,DGM BSBCCL PATNA,DEPUTY GENERAL MANAGER PATNA,BSBCCL SOUTH,"BSBCCL, Hospital Road, Sastri Nagar, Patna 800023",SANTOSH KUMAR,chief general manager,BSBCCL,255000.0,10000.0,3540.0
15047,"11/E/KAN82021, Group No.-58","Construction of U/G Drain & P.C.C Road Work from House of Dilip Rai To House of 
Ravindra Ji in west of Chaudhary Market Jaganpura of P.M.C Patna Under Ward No-32.","Construction of U/G Drain & P.C.C Road Work from House of Dilip Rai To House of 
Ravindra Ji in west of Chaudhary Market Jaganpura of P.M.C Patna Under Ward No-32.",2458879.0,INR,INR,2021-11-14 09:04:45+00:00,2021-11-14T08:52:37.328000+00:00,2022-02-21T09:50:12+00:00,"Aashish Prasad, Executive Engineer",EXECUETIVE ENGINEER,"Kankarbagh Division,Patna Municipal Corporation,Patna","Tempo Stand,Kankarbagh,Patna-20","Aashish Prasad,EXECUETIVE ENGINEER",EXECUETIVE ENGINEER,"Kankarbagh Division,Patna Municipal Corporation,Patna",49200.0,5000.0,590.0
15046,"11/E/KAN82021, Group No.-57","Construction of U/G Drain & P.C.C Road Work Gyan Bharti School to 
Ganesh jee House via Satish Paswan House New Sipara Matkhan P.M.C Patna Under Ward No-30.","Construction of U/G Drain & P.C.C Road Work Gyan Bharti School to 
Ganesh jee House via Satish Paswan House New Sipara Matkhan P.M.C Patna Under Ward No-30.",1638000.0,INR,INR,2021-11-14 08:51:08+00:00,2021-11-14T08:40:53.964000+00:00,2022-05-09T06:57:53+00:00,"Aashish Prasad, Executive Engineer",EXECUETIVE ENGINEER,"Kankarbagh Division,Patna Municipal Corporation,Patna","Tempo Stand,Kankarbagh,Patna-20","Aashish Prasad,EXECUETIVE ENGINEER",EXECUETIVE ENGINEER,"Kankarbagh Division,Patna Municipal Corporation,Patna",32800.0,5000.0,590.0
15048,"11/E/KAN82021, Group No.-59","Construction of U/G Drain & P.C.C Road Work from House of Mahesh Sinha To House 
of Shyam Nandan Prasad in East Ram Krishna Nagar of P.M.C Patna Under Ward No-32.","Construction of U/G Drain & P.C.C Road Work from House of Mahesh Sinha To House 
of Shyam Nandan Prasad in East Ram Krishna Nagar of P.M.C Patna Under Ward No-32.",2441721.0,INR,INR,2021-11-14 09:14:29+00:00,2021-11-14T09:06:03.245000+00:00,2022-03-28T06:44:49+00:00,"Aashish Prasad, Executive Engineer",EXECUETIVE ENGINEER,"Kankarbagh Division,Patna Municipal Corporation,Patna","Tempo Stand,Kankarbagh,Patna-20","Aashish Prasad,EXECUETIVE ENGINEER",EXECUETIVE ENGINEER,"Kankarbagh Division,Patna Municipal Corporation,Patna",48900.0,5000.0,590.0
15043,"11/E/KAN82021, Group No.-54","Construction of U/G Drain & P.C.C Road Work from Ramkrishna Nagar 
Adarsh Vihar Rd No-2 Sri Kaamdev Singh House to Pramod Ray to Balmukund Prasad House Via 
Alok Kumar Ghanshayam Prasad to Vinod kumar House P.M.C Patna Under Ward No-30","Construction of U/G Drain & P.C.C Road Work from Ramkrishna Nagar 
Adarsh Vihar Rd No-2 Sri Kaamdev Singh House to Pramod Ray to Balmukund Prasad House Via 
Alok Kumar Ghanshayam Prasad to Vinod kumar House P.M.C Patna Under Ward No-30",2982500.0,INR,INR,2021-11-14 08:17:51+00:00,2021-11-14T08:04:47.109000+00:00,2022-08-20T10:39:03+00:00,"Aashish Prasad, Executive Engineer",EXECUETIVE ENGINEER,"Kankarbagh Division,Patna Municipal Corporation,Patna","Tempo Stand,Kankarbagh,Patna-20","Aashish Prasad,EXECUETIVE ENGINEER",EXECUETIVE ENGINEER,"Kankarbagh Division,Patna Municipal Corporation,Patna",59700.0,5000.0,590.0
15040,"11/E/KAN82021, Group No.-51","Construction of U/G Drain & P.C.C Road Work from Khushi Marrige 
Garden to Umesh Thekedar House P.M.C Patna Under Ward No-30","Construction of U/G Drain & P.C.C Road Work from Khushi Marrige 
Garden to Umesh Thekedar House P.M.C Patna Under Ward No-30",1674900.0,INR,INR,2021-11-14 07:40:53+00:00,2021-11-14T07:13:50.334000+00:00,2022-03-11T06:36:16+00:00,"Aashish Prasad, Executive Engineer",EXECUETIVE ENGINEER,"Kankarbagh Division,Patna Municipal Corporation,Patna","Tempo Stand,Kankarbagh,Patna-20","Aashish Prasad,EXECUETIVE ENGINEER",EXECUETIVE ENGINEER,"Kankarbagh Division,Patna Municipal Corporation,Patna",33500.0,5000.0,590.0
15045,"11/E/KAN82021, Group No.-56","Construction of U/G Drain & P.C.C Road Work from Ramkrishna Nagar 
Devi Utsav Hall to Mandir Via Mukhiya jee House P.M.C Patna Under Ward No-30.","Construction of U/G Drain & P.C.C Road Work from Ramkrishna Nagar 
Devi Utsav Hall to Mandir Via Mukhiya jee House P.M.C Patna Under Ward No-30.",1433100.0,INR,INR,2021-11-14 08:39:28+00:00,2021-11-14T08:30:57.071000+00:00,2022-05-17T06:49:01+00:00,"Aashish Prasad, Executive Engineer",EXECUETIVE ENGINEER,"Kankarbagh Division,Patna Municipal Corporation,Patna","Tempo Stand,Kankarbagh,Patna-20","Aashish Prasad,EXECUETIVE ENGINEER",EXECUETIVE ENGINEER,"Kankarbagh Division,Patna Municipal Corporation,Patna",28700.0,2500.0,590.0
15044,"11/E/KAN82021, Group No.-55","Construction of U/G Drain & P.C.C Road Work from jotish Path East 
Chandeshwar Jee House to East Satendra Jee House P.M.C Patna Under Ward No-30.","Construction of U/G Drain & P.C.C Road Work from jotish Path East 
Chandeshwar Jee House to East Satendra Jee House P.M.C Patna Under Ward No-30.",578700.0,INR,INR,2021-11-14 08:29:21+00:00,2021-11-14T08:19:29.892000+00:00,2022-02-28T07:56:22+00:00,"Aashish Prasad, Executive Engineer",EXECUETIVE ENGINEER,"Kankarbagh Division,Patna Municipal Corporation,Patna","Tempo Stand,Kankarbagh,Patna-20","Aashish Prasad,EXECUETIVE ENGINEER",EXECUETIVE ENGINEER,"Kankarbagh Division,Patna Municipal Corporation,Patna",11600.0,1250.0,590.0
15042,"11/E/KAN82021, Group No.-53","Construction of U/G Drain & P.C.C Road Work from Ramkrishna Nagar 
Path No-2 Sri Ravindra Singh House to kaamdev Babu House Via Jyotish Path P.M.C Patna Under 
Ward No-30.","Construction of U/G Drain & P.C.C Road Work from Ramkrishna Nagar 
Path No-2 Sri Ravindra Singh House to kaamdev Babu House Via Jyotish Path P.M.C Patna Under 
Ward No-30.",3281100.0,INR,INR,2021-11-14 08:03:12+00:00,2021-11-14T07:53:42.111000+00:00,2021-12-18T06:52:16+00:00,"Aashish Prasad, Executive Engineer",EXECUETIVE ENGINEER,"Kankarbagh Division,Patna Municipal Corporation,Patna","Tempo Stand,Kankarbagh,Patna-20","Aashish Prasad,EXECUETIVE ENGINEER",EXECUETIVE ENGINEER,"Kankarbagh Division,Patna Municipal Corporation,Patna",65700.0,5000.0,590.0
15051,"11/E/KAN82021, Group No.-62","Construction of U/G Drain & P.C.C Road Work From House of Arun Kumar to House of 
Tarun Kumar in jaganpura Friends Colony of P.M.C Patna Under Ward No-32.","Construction of U/G Drain & P.C.C Road Work From House of Arun Kumar to House of 
Tarun Kumar in jaganpura Friends Colony of P.M.C Patna Under Ward No-32.",1487920.0,INR,INR,2021-11-14 09:45:54+00:00,2021-11-14T09:37:06.776000+00:00,2022-08-05T09:37:06+00:00,"Aashish Prasad, Executive Engineer",EXECUETIVE ENGINEER,"Kankarbagh Division,Patna Municipal Corporation,Patna","Tempo Stand,Kankarbagh,Patna-20","Aashish Prasad,EXECUETIVE ENGINEER",EXECUETIVE ENGINEER,"Kankarbagh Division,Patna Municipal Corporation,Patna",29800.0,5000.0,590.0
15054,03/2021-22/Gr--01,01. Construction of RCC Drain in ward no 01 under Nagar Panchayat Bikram,01. Construction of RCC Drain in ward no 01 under Nagar Panchayat Bikram,1373000.0,INR,INR,2021-11-14 15:17:41+00:00,2021-11-14T14:56:57.934000+00:00,2022-04-04T08:48:34+00:00,Mr. sanjiv kumar,Executive Officer,NAGAR PANCHAYAT BIKRAM,BLOCK ROAD NAGAR PANCHAYAT BIKRAM,Mr. Sanjiv Kumar,Executive Officer,NAGAR PANCHAYAT BIKRAM,27500.0,2500.0,590.0
15049,"11/E/KAN82021, Group No.-60","Construction of U/G Drain & P.C.C Road Work At South of Manokamna Mandir House 
of Chandra Prakash Chunnu House of Sri Narayan Singh in East ramlakhan Path P.M.C Patna Under Ward No32.","Construction of U/G Drain & P.C.C Road Work At South of Manokamna Mandir House 
of Chandra Prakash Chunnu House of Sri Narayan Singh in East ramlakhan Path P.M.C Patna Under Ward No32.",820967.0,INR,INR,2021-11-14 09:24:33+00:00,2021-11-14T09:15:55.487000+00:00,2022-02-28T08:02:42+00:00,"Aashish Prasad, Executive Engineer",EXECUETIVE ENGINEER,"Kankarbagh Division,Patna Municipal Corporation,Patna","Tempo Stand,Kankarbagh,Patna-20","Aashish Prasad,EXECUETIVE ENGINEER",EXECUETIVE ENGINEER,"Kankarbagh Division,Patna Municipal Corporation,Patna",16500.0,1250.0,590.0
15052,"11/E/KAN82021, Group No.-63","Construction of U/G Drain & P.C.C Road Work From House of Anirak Prasad to House 
of Manoj Kumar in Jaganpura of P.M.C Patna Under Ward No-32.","Construction of U/G Drain & P.C.C Road Work From House of Anirak Prasad to House 
of Manoj Kumar in Jaganpura of P.M.C Patna Under Ward No-32.",442301.0,INR,INR,2021-11-14 09:55:27+00:00,2021-11-14T09:47:21.194000+00:00,2022-03-28T06:52:14+00:00,"Aashish Prasad, Executive Engineer",EXECUETIVE ENGINEER,"Kankarbagh Division,Patna Municipal Corporation,Patna","Tempo Stand,Kankarbagh,Patna-20","Aashish Prasad,EXECUETIVE ENGINEER",EXECUETIVE ENGINEER,"Kankarbagh Division,Patna Municipal Corporation,Patna",8900.0,750.0,590.0
15058,03/2021-22/Gr--05,Construction of Drain and spcc road in ward no 02 under Nagar Panchayat Bikram,Construction of Drain and spcc road in ward no 02 under Nagar Panchayat Bikram,261200.0,INR,INR,2021-11-14 15:42:40+00:00,2021-11-14T15:38:36.458000+00:00,2022-04-05T06:51:52+00:00,Mr. sanjiv kumar,Executive Officer,NAGAR PANCHAYAT BIKRAM,BLOCK ROAD NAGAR PANCHAYAT BIKRAM,Mr. Sanjiv Kumar,Executive Officer,NAGAR PANCHAYAT BIKRAM,5300.0,750.0,590.0
15055,03/2021-22/Gr--02,02. Construction of Paver block in ward no 02 under Nagar Panchayat Bikram,02. Construction of Paver block in ward no 02 under Nagar Panchayat Bikram,230200.0,INR,INR,2021-11-14 15:24:37+00:00,2021-11-14T15:20:02.709000+00:00,2022-04-04T08:51:01+00:00,Mr. sanjiv kumar,Executive Officer,NAGAR PANCHAYAT BIKRAM,BLOCK ROAD NAGAR PANCHAYAT BIKRAM,Mr. Sanjiv Kumar,Executive Officer,NAGAR PANCHAYAT BIKRAM,4600.0,500.0,590.0
15057,03/2021-22/Gr--04,Construction of Drain and sokhta in ward no 02 under Nagar Panchayat Bikram,Construction of Drain and sokhta in ward no 02 under Nagar Panchayat Bikram,219300.0,INR,INR,2021-11-14 15:37:57+00:00,2021-11-14T15:33:35.051000+00:00,2022-04-04T08:55:23+00:00,Mr. sanjiv kumar,Executive Officer,NAGAR PANCHAYAT BIKRAM,BLOCK ROAD NAGAR PANCHAYAT BIKRAM,Mr. Sanjiv Kumar,Executive Officer,NAGAR PANCHAYAT BIKRAM,4400.0,500.0,590.0
15059,NVP SAMASTIPUR/01/2021-22 GR-02,CONSTRUCTION OF PCC ROAD FROM NEAR GUMTI NO.-30 TO COMPOST PIT AT DALSINGHSARAI.,CONSTRUCTION OF PCC ROAD FROM NEAR GUMTI NO.-30 TO COMPOST PIT AT DALSINGHSARAI.,623904.0,INR,INR,2021-11-15 02:44:36+00:00,2021-11-14T23:40:30.518000+00:00,2023-01-18T10:49:04+00:00,"RANA VIDYADHAR,","EXECUTIVE ENGINEER, NVP, MUZAFFARPUR+VAISHALI, HAJIPUR","NAGAR VIKAS PRAMANDAL, MUZAFFARPUR+VAISHALI, HAJIPUR","GANGA BRIDGE COLONY, NEAR D.T.O. HAJIPUR, VAISHALI-844101",RANA VIDYADHAR,"EXECUTIVE ENGINEER, NVP, MUZAFFARPUR+VAISHALI, HAJIPUR","NAGAR VIKAS PRAMANDAL, MUZAFFARPUR+VAISHALI, HAJIPUR",12500.0,1250.0,590.0
15060,03/2021-22/Gr--06,Construction of Drain and paver block road in ward no 04 under Nagar Panchayat Bikram,Construction of Drain and paver block road in ward no 04 under Nagar Panchayat Bikram,506000.0,INR,INR,2021-11-14 23:48:12+00:00,2021-11-14T23:43:13.224000+00:00,2022-04-04T08:57:35+00:00,Mr. sanjiv kumar,Executive Officer,NAGAR PANCHAYAT BIKRAM,BLOCK ROAD NAGAR PANCHAYAT BIKRAM,Mr. Sanjiv Kumar,Executive Officer,NAGAR PANCHAYAT BIKRAM,10200.0,1250.0,590.0
15063,03/2021-22/Gr--09,Construction of RCC Drain  in ward no 06 under Nagar Panchayat Bikram,Construction of RCC Drain  in ward no 06 under Nagar Panchayat Bikram,1115600.0,INR,INR,2021-11-15 00:07:42+00:00,2021-11-15T00:03:09.370000+00:00,2022-04-04T08:12:55+00:00,Mr. sanjiv kumar,Executive Officer,NAGAR PANCHAYAT BIKRAM,BLOCK ROAD NAGAR PANCHAYAT BIKRAM,Mr. Sanjiv Kumar,Executive Officer,NAGAR PANCHAYAT BIKRAM,22400.0,2500.0,590.0
15062,03/2021-22/Gr--08,Construction of Drain and pcc road in ward no 05 under Nagar Panchayat Bikram,Construction of Drain and pcc road in ward no 05 under Nagar Panchayat Bikram,838000.0,INR,INR,2021-11-15 00:02:44+00:00,2021-11-14T23:57:41.904000+00:00,2022-03-10T09:52:13+00:00,Mr. sanjiv kumar,Executive Officer,NAGAR PANCHAYAT BIKRAM,BLOCK ROAD NAGAR PANCHAYAT BIKRAM,Mr. Sanjiv Kumar,Executive Officer,NAGAR PANCHAYAT BIKRAM,16800.0,1250.0,590.0
15050,"11/E/KAN82021, Group No.-61","Construction of U/G Drain & P.C.C Road Work from Kameshwar gali of P.M.C Patna 
Under Ward No-32.","Construction of U/G Drain & P.C.C Road Work from Kameshwar gali of P.M.C Patna 
Under Ward No-32.",2442721.0,INR,INR,2021-11-14 09:35:17+00:00,2021-11-14T09:26:32.405000+00:00,2022-05-04T07:33:25+00:00,"Aashish Prasad, Executive Engineer",EXECUETIVE ENGINEER,"Kankarbagh Division,Patna Municipal Corporation,Patna","Tempo Stand,Kankarbagh,Patna-20","Aashish Prasad,EXECUETIVE ENGINEER",EXECUETIVE ENGINEER,"Kankarbagh Division,Patna Municipal Corporation,Patna",48900.0,5000.0,590.0
15067,03/2021-22/Gr--13,Construction of Drain and paver block road in ward no 08 under Nagar Panchayat Bikram,Construction of Drain and paver block road in ward no 08 under Nagar Panchayat Bikram,211700.0,INR,INR,2021-11-15 00:25:53+00:00,2021-11-15T00:21:50.854000+00:00,2022-04-05T06:11:40+00:00,Mr. sanjiv kumar,Executive Officer,NAGAR PANCHAYAT BIKRAM,BLOCK ROAD NAGAR PANCHAYAT BIKRAM,Mr. Sanjiv Kumar,Executive Officer,NAGAR PANCHAYAT BIKRAM,4300.0,500.0,590.0
15064,03/2021-22/Gr--10,Construction of RCC Drain  in ward no 06 under Nagar Panchayat Bikram,Construction of RCC Drain  in ward no 06 under Nagar Panchayat Bikram,1091200.0,INR,INR,2021-11-15 00:12:08+00:00,2021-11-15T00:08:09.358000+00:00,2022-04-04T08:16:32+00:00,Mr. sanjiv kumar,Executive Officer,NAGAR PANCHAYAT BIKRAM,BLOCK ROAD NAGAR PANCHAYAT BIKRAM,Mr. Sanjiv Kumar,Executive Officer,NAGAR PANCHAYAT BIKRAM,20500.0,2500.0,590.0
15061,03/2021-22/Gr--07,Construction of Drain and pcc road in ward no 04 under Nagar Panchayat Bikram,Construction of Drain and pcc road in ward no 04 under Nagar Panchayat Bikram,143300.0,INR,INR,2021-11-14 23:57:18+00:00,2021-11-14T23:48:31.395000+00:00,2022-04-05T06:34:18+00:00,Mr. sanjiv kumar,Executive Officer,NAGAR PANCHAYAT BIKRAM,BLOCK ROAD NAGAR PANCHAYAT BIKRAM,Mr. Sanjiv Kumar,Executive Officer,NAGAR PANCHAYAT BIKRAM,2900.0,500.0,590.0
15056,03/2021-22/Gr--03,03. Construction of Paver block in ward no 02 under Nagar Panchayat Bikram,03. Construction of Paver block in ward no 02 under Nagar Panchayat Bikram,332600.0,INR,INR,2021-11-14 15:33:08+00:00,2021-11-14T15:27:11.866000+00:00,2022-04-04T08:53:47+00:00,Mr. sanjiv kumar,Executive Officer,NAGAR PANCHAYAT BIKRAM,BLOCK ROAD NAGAR PANCHAYAT BIKRAM,Mr. Sanjiv Kumar,Executive Officer,NAGAR PANCHAYAT BIKRAM,6700.0,750.0,590.0
15071,NVP SAMASTIPUR/01/2021-22 GR-01,CONSTRUCTION OF PAVER BLOCK SOLLING FROM NAGAR PANCHAYAT OFFICE PARKING CAMPUS AT WARD-10 NAGAR PANCHAYAT DALSINGHSARAI.,CONSTRUCTION OF PAVER BLOCK SOLLING FROM NAGAR PANCHAYAT OFFICE PARKING CAMPUS AT WARD-10 NAGAR PANCHAYAT DALSINGHSARAI.,530910.0,INR,INR,2021-11-15 02:48:14+00:00,2021-11-15T00:37:50.091000+00:00,2021-11-19T09:31:00+00:00,"RANA VIDYADHAR,","EXECUTIVE ENGINEER, NVP, MUZAFFARPUR+VAISHALI, HAJIPUR","NAGAR VIKAS PRAMANDAL, MUZAFFARPUR+VAISHALI, HAJIPUR","GANGA BRIDGE COLONY, NEAR D.T.O. HAJIPUR, VAISHALI-844101",RANA VIDYADHAR,"EXECUTIVE ENGINEER, NVP, MUZAFFARPUR+VAISHALI, HAJIPUR","NAGAR VIKAS PRAMANDAL, MUZAFFARPUR+VAISHALI, HAJIPUR",11400.0,1250.0,590.0
15065,03/2021-22/Gr--11,Construction of PCC Road  in ward no 07 under Nagar Panchayat Bikram,Construction of PCC Road  in ward no 07 under Nagar Panchayat Bikram,112000.0,INR,INR,2021-11-15 00:17:00+00:00,2021-11-15T00:12:45.055000+00:00,2022-04-05T06:00:28+00:00,Mr. sanjiv kumar,Executive Officer,NAGAR PANCHAYAT BIKRAM,BLOCK ROAD NAGAR PANCHAYAT BIKRAM,Mr. Sanjiv Kumar,Executive Officer,NAGAR PANCHAYAT BIKRAM,2300.0,500.0,590.0
15066,03/2021-22/Gr--12,Construction of Drain and sokhta in ward no 07 under Nagar Panchayat Bikram,Construction of Drain and sokhta in ward no 07 under Nagar Panchayat Bikram,424800.0,INR,INR,2021-11-15 00:21:26+00:00,2021-11-15T00:17:23.004000+00:00,2022-04-05T06:04:10+00:00,Mr. sanjiv kumar,Executive Officer,NAGAR PANCHAYAT BIKRAM,BLOCK ROAD NAGAR PANCHAYAT BIKRAM,Mr. Sanjiv Kumar,Executive Officer,NAGAR PANCHAYAT BIKRAM,8500.0,750.0,590.0
15070,03/2021-22/Gr--16,Construction of PCC Road in ward no 09 under Nagar Panchayat Bikram,Construction of PCC Road in ward no 09 under Nagar Panchayat Bikram,268000.0,INR,INR,2021-11-15 00:37:55+00:00,2021-11-15T00:34:08.191000+00:00,2022-04-05T06:55:11+00:00,Mr. sanjiv kumar,Executive Officer,NAGAR PANCHAYAT BIKRAM,BLOCK ROAD NAGAR PANCHAYAT BIKRAM,Mr. Sanjiv Kumar,Executive Officer,NAGAR PANCHAYAT BIKRAM,5400.0,750.0,590.0
15073,03/2021-22/Gr--18,Construction of Paver block Road in ward no 10 under Nagar Panchayat Bikram,Construction of Paver block Road in ward no 10 under Nagar Panchayat Bikram,259500.0,INR,INR,2021-11-15 00:46:01+00:00,2021-11-15T00:42:16.344000+00:00,2022-04-04T09:00:12+00:00,Mr. sanjiv kumar,Executive Officer,NAGAR PANCHAYAT BIKRAM,BLOCK ROAD NAGAR PANCHAYAT BIKRAM,Mr. Sanjiv Kumar,Executive Officer,NAGAR PANCHAYAT BIKRAM,5200.0,750.0,590.0
15068,03/2021-22/Gr--14,Construction of PCC road in ward no 08 under Nagar Panchayat Bikram,Construction of PCC road in ward no 08 under Nagar Panchayat Bikram,166400.0,INR,INR,2021-11-15 00:29:36+00:00,2021-11-15T00:26:16.941000+00:00,2022-04-05T06:18:24+00:00,Mr. sanjiv kumar,Executive Officer,NAGAR PANCHAYAT BIKRAM,BLOCK ROAD NAGAR PANCHAYAT BIKRAM,Mr. Sanjiv Kumar,Executive Officer,NAGAR PANCHAYAT BIKRAM,3400.0,500.0,590.0
15074,NVP SAMASTIPUR/01/2021-22 GR-03,CONSTRUCTION OF NEW BUILDING ROOF REPAIRING & BUILDING RENOVATION & OFFICE COMPUS PARK DEVELOPMENT ETC. AT WARD NO.-10 NAGAR PANCHAYAT DALSINGHSARAI.,CONSTRUCTION OF NEW BUILDING ROOF REPAIRING & BUILDING RENOVATION & OFFICE COMPUS PARK DEVELOPMENT ETC. AT WARD NO.-10 NAGAR PANCHAYAT DALSINGHSARAI.,406698.0,INR,INR,2021-11-15 02:51:15+00:00,2021-11-15T00:44:38.922000+00:00,2023-01-18T12:26:40+00:00,"RANA VIDYADHAR,","EXECUTIVE ENGINEER, NVP, MUZAFFARPUR+VAISHALI, HAJIPUR","NAGAR VIKAS PRAMANDAL, MUZAFFARPUR+VAISHALI, HAJIPUR","GANGA BRIDGE COLONY, NEAR D.T.O. HAJIPUR, VAISHALI-844101",RANA VIDYADHAR,"EXECUTIVE ENGINEER, NVP, MUZAFFARPUR+VAISHALI, HAJIPUR","NAGAR VIKAS PRAMANDAL, MUZAFFARPUR+VAISHALI, HAJIPUR",8800.0,750.0,590.0
15069,03/2021-22/Gr--15,Construction of Sokhta in ward no 08 under Nagar Panchayat Bikram,Construction of Sokhta in ward no 08 under Nagar Panchayat Bikram,162400.0,INR,INR,2021-11-15 00:33:44+00:00,2021-11-15T00:29:55.388000+00:00,2022-04-05T06:22:27+00:00,Mr. sanjiv kumar,Executive Officer,NAGAR PANCHAYAT BIKRAM,BLOCK ROAD NAGAR PANCHAYAT BIKRAM,Mr. Sanjiv Kumar,Executive Officer,NAGAR PANCHAYAT BIKRAM,3300.0,500.0,590.0
15079,NVP SAMASTIPUR/01/2021-22 GR-05,PROVISION OF PAVER BLOCK INFRONT OF HOSPITAL BUILDING WARD- 13 AT NAGAR PANCHAYAT DALSINGHSARAI.,PROVISION OF PAVER BLOCK INFRONT OF HOSPITAL BUILDING WARD- 13 AT NAGAR PANCHAYAT DALSINGHSARAI.,582916.0,INR,INR,2021-11-15 02:56:13+00:00,2021-11-15T00:57:49.595000+00:00,2023-01-18T12:41:49+00:00,"RANA VIDYADHAR,","EXECUTIVE ENGINEER, NVP, MUZAFFARPUR+VAISHALI, HAJIPUR","NAGAR VIKAS PRAMANDAL, MUZAFFARPUR+VAISHALI, HAJIPUR","GANGA BRIDGE COLONY, NEAR D.T.O. HAJIPUR, VAISHALI-844101",RANA VIDYADHAR,"EXECUTIVE ENGINEER, NVP, MUZAFFARPUR+VAISHALI, HAJIPUR","NAGAR VIKAS PRAMANDAL, MUZAFFARPUR+VAISHALI, HAJIPUR",11800.0,1250.0,590.0
15072,03/2021-22/Gr--17,Construction of PCC Road in ward no 09 under Nagar Panchayat Bikram,Construction of PCC Road in ward no 09 under Nagar Panchayat Bikram,882400.0,INR,INR,2021-11-15 00:41:47+00:00,2021-11-15T00:38:16.306000+00:00,2022-04-04T08:18:26+00:00,Mr. sanjiv kumar,Executive Officer,NAGAR PANCHAYAT BIKRAM,BLOCK ROAD NAGAR PANCHAYAT BIKRAM,Mr. Sanjiv Kumar,Executive Officer,NAGAR PANCHAYAT BIKRAM,17700.0,1250.0,590.0
15076,03/2021-22/Gr--20,Construction of PCC Road in ward no 11 under Nagar Panchayat Bikram,Construction of PCC Road in ward no 11 under Nagar Panchayat Bikram,268000.0,INR,INR,2021-11-15 00:53:41+00:00,2021-11-15T00:50:29.019000+00:00,2022-04-04T09:11:16+00:00,Mr. sanjiv kumar,Executive Officer,NAGAR PANCHAYAT BIKRAM,BLOCK ROAD NAGAR PANCHAYAT BIKRAM,Mr. Sanjiv Kumar,Executive Officer,NAGAR PANCHAYAT BIKRAM,5400.0,750.0,590.0
15083,NVP SAMASTIPUR/01/2021-22 GR-06,CONSTRUCTION OF PCC ROAD FROM MAIN ROAD TO BDO AWAS WARD-02 AT NAGAR PANCHAYAT DALSINGHSARAI.,CONSTRUCTION OF PCC ROAD FROM MAIN ROAD TO BDO AWAS WARD-02 AT NAGAR PANCHAYAT DALSINGHSARAI.,444902.0,INR,INR,2021-11-15 02:59:12+00:00,2021-11-15T01:13:33.344000+00:00,2023-01-18T11:21:23+00:00,"RANA VIDYADHAR,","EXECUTIVE ENGINEER, NVP, MUZAFFARPUR+VAISHALI, HAJIPUR","NAGAR VIKAS PRAMANDAL, MUZAFFARPUR+VAISHALI, HAJIPUR","GANGA BRIDGE COLONY, NEAR D.T.O. HAJIPUR, VAISHALI-844101",RANA VIDYADHAR,"EXECUTIVE ENGINEER, NVP, MUZAFFARPUR+VAISHALI, HAJIPUR","NAGAR VIKAS PRAMANDAL, MUZAFFARPUR+VAISHALI, HAJIPUR",9600.0,750.0,590.0
15080,03/2021-22/Gr--22,Construction of PCC Road in ward no 12 under Nagar Panchayat Bikram,Construction of PCC Road in ward no 12 under Nagar Panchayat Bikram,651700.0,INR,INR,2021-11-15 01:04:29+00:00,2021-11-15T00:59:33.680000+00:00,2022-04-04T08:23:41+00:00,Mr. sanjiv kumar,Executive Officer,NAGAR PANCHAYAT BIKRAM,BLOCK ROAD NAGAR PANCHAYAT BIKRAM,Mr. Sanjiv Kumar,Executive Officer,NAGAR PANCHAYAT BIKRAM,13100.0,1250.0,590.0
15081,03/2021-22/Gr--23,Construction of Drain in ward no 13 under Nagar Panchayat Bikram,Construction of Drain in ward no 13 under Nagar Panchayat Bikram,176000.0,INR,INR,2021-11-15 01:08:54+00:00,2021-11-15T01:04:52.357000+00:00,2022-04-04T09:12:51+00:00,Mr. sanjiv kumar,Executive Officer,NAGAR PANCHAYAT BIKRAM,BLOCK ROAD NAGAR PANCHAYAT BIKRAM,Mr. Sanjiv Kumar,Executive Officer,NAGAR PANCHAYAT BIKRAM,3600.0,500.0,590.0
15077,NVP SAMASTIPUR/01/2021-22 GR-04,CONSTRUCTION OF BOUNDRYWALL OF COMPUS PIT NEAR 30 NO. GUMTI (UNIT- I & II ),CONSTRUCTION OF BOUNDRYWALL OF COMPUS PIT NEAR 30 NO. GUMTI (UNIT- I & II ),1764600.0,INR,INR,2021-11-15 02:53:39+00:00,2021-11-15T00:51:38.428000+00:00,2023-01-18T11:05:12+00:00,"RANA VIDYADHAR,","EXECUTIVE ENGINEER, NVP, MUZAFFARPUR+VAISHALI, HAJIPUR","NAGAR VIKAS PRAMANDAL, MUZAFFARPUR+VAISHALI, HAJIPUR","GANGA BRIDGE COLONY, NEAR D.T.O. HAJIPUR, VAISHALI-844101",RANA VIDYADHAR,"EXECUTIVE ENGINEER, NVP, MUZAFFARPUR+VAISHALI, HAJIPUR","NAGAR VIKAS PRAMANDAL, MUZAFFARPUR+VAISHALI, HAJIPUR",38200.0,5000.0,590.0
15078,03/2021-22/Gr--21,Construction of RCC Drain in ward no 11 under Nagar Panchayat Bikram,Construction of RCC Drain in ward no 11 under Nagar Panchayat Bikram,685100.0,INR,INR,2021-11-15 00:59:08+00:00,2021-11-15T00:54:30.146000+00:00,2022-04-04T08:20:34+00:00,Mr. sanjiv kumar,Executive Officer,NAGAR PANCHAYAT BIKRAM,BLOCK ROAD NAGAR PANCHAYAT BIKRAM,Mr. Sanjiv Kumar,Executive Officer,NAGAR PANCHAYAT BIKRAM,13700.0,1250.0,590.0
15075,03/2021-22/Gr--19,Construction of Drain and PCC Road in ward no 10 under Nagar Panchayat Bikram,Construction of Drain and PCC Road in ward no 10 under Nagar Panchayat Bikram,451100.0,INR,INR,2021-11-15 00:50:03+00:00,2021-11-15T00:46:24.127000+00:00,2022-04-04T09:02:20+00:00,Mr. sanjiv kumar,Executive Officer,NAGAR PANCHAYAT BIKRAM,BLOCK ROAD NAGAR PANCHAYAT BIKRAM,Mr. Sanjiv Kumar,Executive Officer,NAGAR PANCHAYAT BIKRAM,9100.0,750.0,590.0
15085,NVP SAMASTIPUR/01/2021-22 GR-08,CONSTRUCTION OF PCC ROAD NEAR GANGA HOSPITAL TO RAJ CLINIC WARD-13 AT NAGAR PANCHAYAT DALSINGHSARAI.,CONSTRUCTION OF PCC ROAD NEAR GANGA HOSPITAL TO RAJ CLINIC WARD-13 AT NAGAR PANCHAYAT DALSINGHSARAI.,236759.0,INR,INR,2021-11-15 03:05:06+00:00,2021-11-15T01:24:31.231000+00:00,2023-01-18T12:46:53+00:00,"RANA VIDYADHAR,","EXECUTIVE ENGINEER, NVP, MUZAFFARPUR+VAISHALI, HAJIPUR","NAGAR VIKAS PRAMANDAL, MUZAFFARPUR+VAISHALI, HAJIPUR","GANGA BRIDGE COLONY, NEAR D.T.O. HAJIPUR, VAISHALI-844101",RANA VIDYADHAR,"EXECUTIVE ENGINEER, NVP, MUZAFFARPUR+VAISHALI, HAJIPUR","NAGAR VIKAS PRAMANDAL, MUZAFFARPUR+VAISHALI, HAJIPUR",5200.0,750.0,590.0
15082,03/2021-22/Gr--24,Construction of PCC Road in ward no 13 under Nagar Panchayat Bikram,Construction of PCC Road in ward no 13 under Nagar Panchayat Bikram,619900.0,INR,INR,2021-11-15 01:33:53+00:00,2021-11-15T01:09:35.863000+00:00,2022-04-04T09:14:31+00:00,Mr. sanjiv kumar,Executive Officer,NAGAR PANCHAYAT BIKRAM,BLOCK ROAD NAGAR PANCHAYAT BIKRAM,Mr. Sanjiv Kumar,Executive Officer,NAGAR PANCHAYAT BIKRAM,12400.0,1250.0,590.0
15084,NVP SAMASTIPUR/01/2021-22 GR-07,CONSTRUCTION OF RCC DRAIN FROM SUKHDEV PODDAR TO JIVAN PASWAN SHOP WARD-13 AT NAGAR PANCHAYAT DALSINGHSARAI.,CONSTRUCTION OF RCC DRAIN FROM SUKHDEV PODDAR TO JIVAN PASWAN SHOP WARD-13 AT NAGAR PANCHAYAT DALSINGHSARAI.,597158.0,INR,INR,2021-11-15 03:02:22+00:00,2021-11-15T01:18:41.726000+00:00,2021-11-19T09:31:00+00:00,"RANA VIDYADHAR,","EXECUTIVE ENGINEER, NVP, MUZAFFARPUR+VAISHALI, HAJIPUR","NAGAR VIKAS PRAMANDAL, MUZAFFARPUR+VAISHALI, HAJIPUR","GANGA BRIDGE COLONY, NEAR D.T.O. HAJIPUR, VAISHALI-844101",RANA VIDYADHAR,"EXECUTIVE ENGINEER, NVP, MUZAFFARPUR+VAISHALI, HAJIPUR","NAGAR VIKAS PRAMANDAL, MUZAFFARPUR+VAISHALI, HAJIPUR",12800.0,1250.0,590.0
15087,03/2021-22/Gr--25,Construction of PCC Road in ward no 13 under Nagar Panchayat Bikram,Construction of PCC Road in ward no 13 under Nagar Panchayat Bikram,619900.0,INR,INR,2021-11-15 01:38:34+00:00,2021-11-15T01:34:14.123000+00:00,2022-04-04T09:16:29+00:00,Mr. sanjiv kumar,Executive Officer,NAGAR PANCHAYAT BIKRAM,BLOCK ROAD NAGAR PANCHAYAT BIKRAM,Mr. Sanjiv Kumar,Executive Officer,NAGAR PANCHAYAT BIKRAM,12400.0,1250.0,590.0
15086,NVP SAMASTIPUR/01/2021-22 GR-09,CONSTRUCTION OF B/W CHABUTRA NEAR PIPLE TREE BLOCK CAMPUS IN WARD-02 AT NAGAR PANCHAYAT DALSINGHSARAI.,CONSTRUCTION OF B/W CHABUTRA NEAR PIPLE TREE BLOCK CAMPUS IN WARD-02 AT NAGAR PANCHAYAT DALSINGHSARAI.,160625.0,INR,INR,2021-11-15 03:08:21+00:00,2021-11-15T01:31:19.222000+00:00,2023-01-18T12:50:11+00:00,"RANA VIDYADHAR,","EXECUTIVE ENGINEER, NVP, MUZAFFARPUR+VAISHALI, HAJIPUR","NAGAR VIKAS PRAMANDAL, MUZAFFARPUR+VAISHALI, HAJIPUR","GANGA BRIDGE COLONY, NEAR D.T.O. HAJIPUR, VAISHALI-844101",RANA VIDYADHAR,"EXECUTIVE ENGINEER, NVP, MUZAFFARPUR+VAISHALI, HAJIPUR","NAGAR VIKAS PRAMANDAL, MUZAFFARPUR+VAISHALI, HAJIPUR",3600.0,500.0,590.0
15092,NVP SAMASTIPUR/01/2021-22 GR-12,CONSTRUCTION OF B/W CHABUTRA NEAR PRABHU JEE GHAT (TREE) IN WARD-06 AT NAGAR PANCHAYAT DALSINGHSARAI.,CONSTRUCTION OF B/W CHABUTRA NEAR PRABHU JEE GHAT (TREE) IN WARD-06 AT NAGAR PANCHAYAT DALSINGHSARAI.,160625.0,INR,INR,2021-11-15 03:21:03+00:00,2021-11-15T01:46:21.306000+00:00,2021-11-19T09:31:00+00:00,"RANA VIDYADHAR,","EXECUTIVE ENGINEER, NVP, MUZAFFARPUR+VAISHALI, HAJIPUR","NAGAR VIKAS PRAMANDAL, MUZAFFARPUR+VAISHALI, HAJIPUR","GANGA BRIDGE COLONY, NEAR D.T.O. HAJIPUR, VAISHALI-844101",RANA VIDYADHAR,"EXECUTIVE ENGINEER, NVP, MUZAFFARPUR+VAISHALI, HAJIPUR","NAGAR VIKAS PRAMANDAL, MUZAFFARPUR+VAISHALI, HAJIPUR",3600.0,500.0,590.0
15089,03/2021-22/Gr--26,Construction of Drain in ward no 14 under Nagar Panchayat Bikram,Construction of Drain in ward no 14 under Nagar Panchayat Bikram,140100.0,INR,INR,2021-11-15 01:43:14+00:00,2021-11-15T01:39:17.066000+00:00,2022-04-05T06:25:03+00:00,Mr. sanjiv kumar,Executive Officer,NAGAR PANCHAYAT BIKRAM,BLOCK ROAD NAGAR PANCHAYAT BIKRAM,Mr. Sanjiv Kumar,Executive Officer,NAGAR PANCHAYAT BIKRAM,2800.0,500.0,590.0
15093,03/2021-22/Gr--28,Construction of Sokhta  in ward no 06 To ward no 09 under Nagar Panchayat Bikram,Construction of Sokhta  in ward no 06 To ward no 09 under Nagar Panchayat Bikram,369600.0,INR,INR,2021-11-15 01:52:18+00:00,2021-11-15T01:49:10.401000+00:00,2022-04-04T09:24:45+00:00,Mr. sanjiv kumar,Executive Officer,NAGAR PANCHAYAT BIKRAM,BLOCK ROAD NAGAR PANCHAYAT BIKRAM,Mr. Sanjiv Kumar,Executive Officer,NAGAR PANCHAYAT BIKRAM,7400.0,750.0,590.0
15091,03/2021-22/Gr--27,Construction of Sokhta  in ward no 01 To ward no 05 under Nagar Panchayat Bikram,Construction of Sokhta  in ward no 01 To ward no 05 under Nagar Panchayat Bikram,363300.0,INR,INR,2021-11-15 01:48:50+00:00,2021-11-15T01:43:37.961000+00:00,2022-04-04T09:20:11+00:00,Mr. sanjiv kumar,Executive Officer,NAGAR PANCHAYAT BIKRAM,BLOCK ROAD NAGAR PANCHAYAT BIKRAM,Mr. Sanjiv Kumar,Executive Officer,NAGAR PANCHAYAT BIKRAM,7300.0,750.0,590.0
15088,NVP SAMASTIPUR/01/2021-22 GR-10,CONSTRUCTION OF B/W CHABUTRA NEAR MAHAVIR MANDIR 32 NO. GUMTI IN WARD-11 AT NAGAR PANCHAYAT DALSINGHSARAI.,CONSTRUCTION OF B/W CHABUTRA NEAR MAHAVIR MANDIR 32 NO. GUMTI IN WARD-11 AT NAGAR PANCHAYAT DALSINGHSARAI.,160625.0,INR,INR,2021-11-15 03:11:22+00:00,2021-11-15T01:37:22.013000+00:00,2023-01-18T12:53:10+00:00,"RANA VIDYADHAR,","EXECUTIVE ENGINEER, NVP, MUZAFFARPUR+VAISHALI, HAJIPUR","NAGAR VIKAS PRAMANDAL, MUZAFFARPUR+VAISHALI, HAJIPUR","GANGA BRIDGE COLONY, NEAR D.T.O. HAJIPUR, VAISHALI-844101",RANA VIDYADHAR,"EXECUTIVE ENGINEER, NVP, MUZAFFARPUR+VAISHALI, HAJIPUR","NAGAR VIKAS PRAMANDAL, MUZAFFARPUR+VAISHALI, HAJIPUR",3600.0,500.0,590.0
15095,03/2021-22/Gr--29,Construction of Sokhta  in ward no 10 To ward no 14 under Nagar Panchayat Bikram,Construction of Sokhta  in ward no 10 To ward no 14 under Nagar Panchayat Bikram,366400.0,INR,INR,2021-11-15 01:55:37+00:00,2021-11-15T01:52:51.903000+00:00,2022-06-08T08:30:07+00:00,Mr. sanjiv kumar,Executive Officer,NAGAR PANCHAYAT BIKRAM,BLOCK ROAD NAGAR PANCHAYAT BIKRAM,Mr. Sanjiv Kumar,Executive Officer,NAGAR PANCHAYAT BIKRAM,7400.0,750.0,590.0
15099,03/2021-22/Gr--32,Construction of Sokhta and Repairing  in ward no 03 and ward no 05 under Nagar Panchayat Bikram,Construction of Sokhta and Repairing  in ward no 03 and ward no 05 under Nagar Panchayat Bikram,329000.0,INR,INR,2021-11-15 02:07:31+00:00,2021-11-15T02:04:20.850000+00:00,2022-04-04T09:35:08+00:00,Mr. sanjiv kumar,Executive Officer,NAGAR PANCHAYAT BIKRAM,BLOCK ROAD NAGAR PANCHAYAT BIKRAM,Mr. Sanjiv Kumar,Executive Officer,NAGAR PANCHAYAT BIKRAM,4600.0,750.0,590.0
15090,NVP SAMASTIPUR/01/2021-22 GR-11,CONSTRUCTION OF B/W CHABUTRA NEAR UTKARMIT VIDHYALAYA PIPLE TREE IN WARD-13 AT NAGAR PANCHAYAT DALSINGHSARAI.,CONSTRUCTION OF B/W CHABUTRA NEAR UTKARMIT VIDHYALAYA PIPLE TREE IN WARD-13 AT NAGAR PANCHAYAT DALSINGHSARAI.,160625.0,INR,INR,2021-11-15 03:20:01+00:00,2021-11-15T01:41:55.437000+00:00,2023-01-18T12:07:26+00:00,"RANA VIDYADHAR,","EXECUTIVE ENGINEER, NVP, MUZAFFARPUR+VAISHALI, HAJIPUR","NAGAR VIKAS PRAMANDAL, MUZAFFARPUR+VAISHALI, HAJIPUR","GANGA BRIDGE COLONY, NEAR D.T.O. HAJIPUR, VAISHALI-844101",RANA VIDYADHAR,"EXECUTIVE ENGINEER, NVP, MUZAFFARPUR+VAISHALI, HAJIPUR","NAGAR VIKAS PRAMANDAL, MUZAFFARPUR+VAISHALI, HAJIPUR",3600.0,500.0,590.0
15096,NVP SAMASTIPUR/01/2021-22 GR-14,CONSTRUCTION OF B/W CHABUTRA NEAR MAHAVIR CHOWK (HIGH MASK POST) IN WARD-10 AT NAGAR PANCHAYAT DALSINGHSARAI.,CONSTRUCTION OF B/W CHABUTRA NEAR MAHAVIR CHOWK (HIGH MASK POST) IN WARD-10 AT NAGAR PANCHAYAT DALSINGHSARAI.,160625.0,INR,INR,2021-11-15 03:23:32+00:00,2021-11-15T01:53:46.616000+00:00,2023-01-18T10:15:47+00:00,"RANA VIDYADHAR,","EXECUTIVE ENGINEER, NVP, MUZAFFARPUR+VAISHALI, HAJIPUR","NAGAR VIKAS PRAMANDAL, MUZAFFARPUR+VAISHALI, HAJIPUR","GANGA BRIDGE COLONY, NEAR D.T.O. HAJIPUR, VAISHALI-844101",RANA VIDYADHAR,"EXECUTIVE ENGINEER, NVP, MUZAFFARPUR+VAISHALI, HAJIPUR","NAGAR VIKAS PRAMANDAL, MUZAFFARPUR+VAISHALI, HAJIPUR",3600.0,500.0,590.0
15098,03/2021-22/Gr--31,Construction of Sokhta and Repairing  in ward no 04 under Nagar Panchayat Bikram,Construction of Sokhta and Repairing  in ward no 04 under Nagar Panchayat Bikram,723600.0,INR,INR,2021-11-15 02:04:00+00:00,2021-11-15T02:01:05.265000+00:00,2022-04-04T09:31:09+00:00,Mr. sanjiv kumar,Executive Officer,NAGAR PANCHAYAT BIKRAM,BLOCK ROAD NAGAR PANCHAYAT BIKRAM,Mr. Sanjiv Kumar,Executive Officer,NAGAR PANCHAYAT BIKRAM,14500.0,1250.0,590.0
15097,03/2021-22/Gr--30,Construction of Sokhta and Repairing  in ward no 01 to ward no 02 under Nagar Panchayat Bikram,Construction of Sokhta and Repairing  in ward no 01 to ward no 02 under Nagar Panchayat Bikram,653400.0,INR,INR,2021-11-15 02:00:27+00:00,2021-11-15T01:56:12.354000+00:00,2022-04-04T09:28:34+00:00,Mr. sanjiv kumar,Executive Officer,NAGAR PANCHAYAT BIKRAM,BLOCK ROAD NAGAR PANCHAYAT BIKRAM,Mr. Sanjiv Kumar,Executive Officer,NAGAR PANCHAYAT BIKRAM,13100.0,1250.0,590.0
15101,03/2021-22/Gr--34,Construction of Sokhta and Repairing  in ward no 10 and ward no 11 under Nagar Panchayat Bikram,Construction of Sokhta and Repairing  in ward no 10 and ward no 11 under Nagar Panchayat Bikram,526300.0,INR,INR,2021-11-15 02:14:35+00:00,2021-11-15T02:11:22.938000+00:00,2022-04-04T09:42:37+00:00,Mr. sanjiv kumar,Executive Officer,NAGAR PANCHAYAT BIKRAM,BLOCK ROAD NAGAR PANCHAYAT BIKRAM,Mr. Sanjiv Kumar,Executive Officer,NAGAR PANCHAYAT BIKRAM,10600.0,1250.0,590.0
15102,03/2021-22/Gr--35,Construction of Sokhta and Repairing  in ward no 09 and ward no 09 under Nagar Panchayat Bikram,Construction of Sokhta and Repairing  in ward no 09 and ward no 09 under Nagar Panchayat Bikram,460500.0,INR,INR,2021-11-15 02:17:33+00:00,2021-11-15T02:14:57.650000+00:00,2022-04-04T09:44:28+00:00,Mr. sanjiv kumar,Executive Officer,NAGAR PANCHAYAT BIKRAM,BLOCK ROAD NAGAR PANCHAYAT BIKRAM,Mr. Sanjiv Kumar,Executive Officer,NAGAR PANCHAYAT BIKRAM,9300.0,750.0,590.0
15100,03/2021-22/Gr--33,Construction of Sokhta and Repairing  in ward no 06 and ward no 07 under Nagar Panchayat Bikram,Construction of Sokhta and Repairing  in ward no 06 and ward no 07 under Nagar Panchayat Bikram,460500.0,INR,INR,2021-11-15 02:10:51+00:00,2021-11-15T02:07:59.988000+00:00,2022-04-04T09:39:29+00:00,Mr. sanjiv kumar,Executive Officer,NAGAR PANCHAYAT BIKRAM,BLOCK ROAD NAGAR PANCHAYAT BIKRAM,Mr. Sanjiv Kumar,Executive Officer,NAGAR PANCHAYAT BIKRAM,9300.0,750.0,590.0
15104,03/2021-22/Gr--37,Construction of Sokhta and Repairing  in ward no 14 under Nagar Panchayat Bikram,Construction of Sokhta and Repairing  in ward no 14 under Nagar Panchayat Bikram,459000.0,INR,INR,2021-11-15 02:24:04+00:00,2021-11-15T02:21:02.448000+00:00,2022-04-04T09:46:16+00:00,Mr. sanjiv kumar,Executive Officer,NAGAR PANCHAYAT BIKRAM,BLOCK ROAD NAGAR PANCHAYAT BIKRAM,Mr. Sanjiv Kumar,Executive Officer,NAGAR PANCHAYAT BIKRAM,9200.0,750.0,590.0
15106,"12/E/KAN/2021, Group No.-01","Construction of Under Ground Drain work & PCC From Divya 
Colony Ram Krishna nagar Near (Dev narayan Market) Sonu Yadav House to Budhani Singh 
House Via Ragani Devi House Under Ward No- 30 of P.M.C Patna","Construction of Under Ground Drain work & PCC From Divya 
Colony Ram Krishna nagar Near (Dev narayan Market) Sonu Yadav House to Budhani Singh 
House Via Ragani Devi House Under Ward No- 30 of P.M.C Patna",365600.0,INR,INR,2021-11-15 07:56:55+00:00,2021-11-15T07:40:53.276000+00:00,2022-03-04T07:45:56+00:00,"Aashish Prasad, Executive Engineer",EXECUETIVE ENGINEER,"Kankarbagh Division,Patna Municipal Corporation,Patna","Tempo Stand,Kankarbagh,Patna-20","Aashish Prasad,EXECUETIVE ENGINEER",EXECUETIVE ENGINEER,"Kankarbagh Division,Patna Municipal Corporation,Patna",7400.0,750.0,590.0
15105,02/BFDCL/e-Proc/2022-23.,Agencies/contractors interested in the advance purchase of Kendu leaves lots of 2022 Kendu leaves collection season from Bihar Forestry Development Corporation Limited,Agencies/contractors interested in the advance purchase of Kendu leaves lots of 2022 Kendu leaves collection season from Bihar Forestry Development Corporation Limited,0.0,INR,INR,2021-11-15 08:21:32+00:00,2021-11-15T07:39:56.615000+00:00,2021-12-10T10:21:27+00:00,Prabhakar Jha,Divisional Manager,DM Bihar Forestry Development Corp. Ltd.Patna,New Punichak Patna,Shri Alok Kumar,M.D,Head Office Bihar Forestry Development Corp. Ltd.Patna,25000.0,5900.0,590.0
15103,03/2021-22/Gr--36,Construction of Sokhta and Repairing  in ward no 12 and ward no 13 under Nagar Panchayat Bikram,Construction of Sokhta and Repairing  in ward no 12 and ward no 13 under Nagar Panchayat Bikram,394700.0,INR,INR,2021-11-15 02:20:41+00:00,2021-11-15T02:17:55+00:00,2022-06-08T08:28:10+00:00,Mr. sanjiv kumar,Executive Officer,NAGAR PANCHAYAT BIKRAM,BLOCK ROAD NAGAR PANCHAYAT BIKRAM,Mr. Sanjiv Kumar,Executive Officer,NAGAR PANCHAYAT BIKRAM,7900.0,750.0,590.0
15108,"12/E/KAN/2021, Group No.-03","Construction of J.S.B. Road and Chhai for relife of Jal Jamab at Ram Krishna Nagar Gas Godam under ward no.-30, P.M.C., Patna","Construction of J.S.B. Road and Chhai for relife of Jal Jamab at Ram Krishna Nagar Gas Godam under ward no.-30, P.M.C., Patna",165300.0,INR,INR,2021-11-15 08:42:03+00:00,2021-11-15T08:14:14.723000+00:00,2022-02-25T11:43:55+00:00,"Aashish Prasad, Executive Engineer",EXECUETIVE ENGINEER,"Kankarbagh Division,Patna Municipal Corporation,Patna","Tempo Stand,Kankarbagh,Patna-20","Aashish Prasad,EXECUETIVE ENGINEER",EXECUETIVE ENGINEER,"Kankarbagh Division,Patna Municipal Corporation,Patna",3300.0,500.0,590.0
15112,"12/E/KAN/2021, Group No.-06","Renovation of Pound Near House of Manoj Sinha Part-B in Under 
Ward NO-34 of P.M.C Patna","Renovation of Pound Near House of Manoj Sinha Part-B in Under 
Ward NO-34 of P.M.C Patna",4999145.0,INR,INR,2021-11-15 09:27:49+00:00,2021-11-15T09:18:48.009000+00:00,2022-10-13T09:35:17+00:00,"Aashish Prasad, Executive Engineer",EXECUETIVE ENGINEER,"Kankarbagh Division,Patna Municipal Corporation,Patna","Tempo Stand,Kankarbagh,Patna-20","Aashish Prasad,EXECUETIVE ENGINEER",EXECUETIVE ENGINEER,"Kankarbagh Division,Patna Municipal Corporation,Patna",100000.0,5000.0,590.0
15094,NVP SAMASTIPUR/01/2021-22 GR-13,CONSTRUCTION OF B/W CHABUTRA NEAR KRISHNA GOPAL MANDIR CAMPUS IN WARD-14 AT NAGAR PANCHAYAT DALSINGHSARAI.,CONSTRUCTION OF B/W CHABUTRA NEAR KRISHNA GOPAL MANDIR CAMPUS IN WARD-14 AT NAGAR PANCHAYAT DALSINGHSARAI.,160625.0,INR,INR,2021-11-15 03:22:36+00:00,2021-11-15T01:49:51.050000+00:00,2021-11-19T09:31:00+00:00,"RANA VIDYADHAR,","EXECUTIVE ENGINEER, NVP, MUZAFFARPUR+VAISHALI, HAJIPUR","NAGAR VIKAS PRAMANDAL, MUZAFFARPUR+VAISHALI, HAJIPUR","GANGA BRIDGE COLONY, NEAR D.T.O. HAJIPUR, VAISHALI-844101",RANA VIDYADHAR,"EXECUTIVE ENGINEER, NVP, MUZAFFARPUR+VAISHALI, HAJIPUR","NAGAR VIKAS PRAMANDAL, MUZAFFARPUR+VAISHALI, HAJIPUR",3600.0,500.0,590.0
15113,"12/E/KAN/2021, Group No.-07","Construction of Under Ground Drain work Virchand Patel 
School Defense 4 to Defense 47 in Under Ward No- 34 of P.M.C Patna.","Construction of Under Ground Drain work Virchand Patel 
School Defense 4 to Defense 47 in Under Ward No- 34 of P.M.C Patna.",1431500.0,INR,INR,2021-11-15 09:41:51+00:00,2021-11-15T09:33:18.972000+00:00,2021-12-04T07:24:02+00:00,"Aashish Prasad, Executive Engineer",EXECUETIVE ENGINEER,"Kankarbagh Division,Patna Municipal Corporation,Patna","Tempo Stand,Kankarbagh,Patna-20","Aashish Prasad,EXECUETIVE ENGINEER",EXECUETIVE ENGINEER,"Kankarbagh Division,Patna Municipal Corporation,Patna",28700.0,2500.0,590.0
15111,"12/E/KAN/2021, Group No.-05","Renovation of Pound Near House of Manoj Sinha in Under Ward NO-30 of P.M.C., Patna","Renovation of Pound Near House of Manoj Sinha in Under Ward NO-30 of P.M.C., Patna",4857900.0,INR,INR,2021-11-15 09:08:24+00:00,2021-11-15T08:55:57.954000+00:00,2022-10-13T09:26:15+00:00,"Aashish Prasad, Executive Engineer",EXECUETIVE ENGINEER,"Kankarbagh Division,Patna Municipal Corporation,Patna","Tempo Stand,Kankarbagh,Patna-20","Aashish Prasad,EXECUETIVE ENGINEER",EXECUETIVE ENGINEER,"Kankarbagh Division,Patna Municipal Corporation,Patna",97200.0,5000.0,590.0
15109,"12/E/KAN/2021, Group No.-04","Construction of Under Ground Drain From Jaganpura Sump 
House to Jaganpura Community Hall Under Ward No- 32 of P.M.C Patna.","Construction of Under Ground Drain From Jaganpura Sump 
House to Jaganpura Community Hall Under Ward No- 32 of P.M.C Patna.",1450700.0,INR,INR,2021-11-15 08:52:52+00:00,2021-11-15T08:43:39.439000+00:00,2022-03-29T05:43:53+00:00,"Aashish Prasad, Executive Engineer",EXECUETIVE ENGINEER,"Kankarbagh Division,Patna Municipal Corporation,Patna","Tempo Stand,Kankarbagh,Patna-20","Aashish Prasad,EXECUETIVE ENGINEER",EXECUETIVE ENGINEER,"Kankarbagh Division,Patna Municipal Corporation,Patna",29100.0,2500.0,590.0
15114,"12/E/KAN/2021, Group No.-08","Estimate for Construction of PCC Road in Difence Colony Under Ward No-34 of P.M.C., Patna","Estimate for Construction of PCC Road in Difence Colony Under Ward No-34 of P.M.C., Patna",728400.0,INR,INR,2021-11-15 09:53:06+00:00,2021-11-15T09:43:55.624000+00:00,2022-03-08T11:36:22+00:00,"Aashish Prasad, Executive Engineer",EXECUETIVE ENGINEER,"Kankarbagh Division,Patna Municipal Corporation,Patna","Tempo Stand,Kankarbagh,Patna-20","Aashish Prasad,EXECUETIVE ENGINEER",EXECUETIVE ENGINEER,"Kankarbagh Division,Patna Municipal Corporation,Patna",14600.0,1250.0,590.0
15117,02-DHS/2021,"Notice Inviting Tender (NIT) for supply of Buniyad Reeling Machine by suppliers empanelled with Central Silk Board, Bangalore","Notice Inviting Tender (NIT) for supply of Buniyad Reeling Machine by suppliers empanelled with Central Silk Board, Bangalore",274614.0,INR,INR,2021-11-15 11:05:29+00:00,2021-11-15T10:17:46.864000+00:00,2022-04-08T11:42:29+00:00,Pankaj Dixit,"Director Handloom and Sericulture, Department of Industries, Bihar, Patna.","Depatment of Industries, Govt. Of Bihar.","2nd Floor, Vikash Bhawan, Bailey Road, Patna, Bihar.",Pankaj Dixit,"Director Handloom and Sericulture, Department of Industries, Bihar, Patna","Depatment of Industries, Govt. Of Bihar.",274614.0,5000.0,590.0
15107,"12/E/KAN/2021, Group No.-02","Construction of Under Ground Drain and PCC Road House of 
Ramatan Prasad Jee in Dhelwa Gown Under Ward No- 30 of P.M.C Patna.","Construction of Under Ground Drain and PCC Road House of 
Ramatan Prasad Jee in Dhelwa Gown Under Ward No- 30 of P.M.C Patna.",465800.0,INR,INR,2021-11-15 08:08:12+00:00,2021-11-15T07:58:25.661000+00:00,2022-03-04T06:47:34+00:00,"Aashish Prasad, Executive Engineer",EXECUETIVE ENGINEER,"Kankarbagh Division,Patna Municipal Corporation,Patna","Tempo Stand,Kankarbagh,Patna-20","Aashish Prasad,EXECUETIVE ENGINEER",EXECUETIVE ENGINEER,"Kankarbagh Division,Patna Municipal Corporation,Patna",9400.0,750.0,590.0
15119,NIT NO-02/2021-22/03/NPRAFIGANJ,Construction of  Road with Paver Block and Drain with Slab in Ward No. 03  Khursida's House to Khawja bhai''s land.,Construction of  Road with Paver Block and Drain with Slab in Ward No. 03  Khursida's House to Khawja bhai''s land.,1137124.0,INR,INR,2021-11-15 10:30:29+00:00,2021-11-15T10:27:41.713000+00:00,2022-05-23T09:00:10+00:00,"EXECUTIVE OFFICER , RAFIGANJ",EO,"NAGAR PANCHAYAT, RAFIGANJ","NAGAR PANCHAYAT RAFIGANJ ,AURANGABAD",Mohammad Shahab Yahya (Executive Officer),Executive Officer (EO),Nagar Panchayat Rafiganj,22800.0,2500.0,590.0
15110,NPR-05/2021-22 PART A GR-01,"Construction of RCC Drain from SH 55, the house of Horil Sharma to the house of Ram Pukar Yadav Via the house of Umesh Chaurasiya   in the Ward No. 1 under Nagar Panchayat Rosera for the Year 2019-20","Construction of RCC Drain from SH 55, the house of Horil Sharma to the house of Ram Pukar Yadav Via the house of Umesh Chaurasiya   in the Ward No. 1 under Nagar Panchayat Rosera for the Year 2019-20",3241509.0,INR,INR,2021-11-16 10:15:42+00:00,2021-11-15T08:55:48.280000+00:00,2021-12-02T09:31:00+00:00,"EXECUTIVE OFFICER, RAMGARH",EXECUTIVE OFFICER RAMGARH,NAGAR PANCHAYAT RAMGARH,DEWHALIA ROAD RAMGARH,Neshat Alam,EXECUTIVE OFFICER,Nagar Parishad Rosera,64900.0,5000.0,590.0
15123,NIT NO-02/2021-22/06/NPRAFIGANJ,Construction of Drain with Slab in Ward no. 14  Jitendra Singh's house to corner of the Ahar.,Construction of Drain with Slab in Ward no. 14  Jitendra Singh's house to corner of the Ahar.,2494017.0,INR,INR,2021-11-15 10:45:10+00:00,2021-11-15T10:36:41.718000+00:00,2022-05-23T08:23:52+00:00,"EXECUTIVE OFFICER , RAFIGANJ",EO,"NAGAR PANCHAYAT, RAFIGANJ","NAGAR PANCHAYAT RAFIGANJ ,AURANGABAD",Mohammad Shahab Yahya (Executive Officer),Executive Officer (EO),Nagar Panchayat Rafiganj,49900.0,5000.0,590.0
15120,NIT NO-02/2021-22/04/NPRAFIGANJ,Construction of   Road with Paver Block and Drain with Slab in Ward No .04 Akhilesh Chaudhary's House to Pappu Yadav's House .,Construction of   Road with Paver Block and Drain with Slab in Ward No .04 Akhilesh Chaudhary's House to Pappu Yadav's House .,2360595.0,INR,INR,2021-11-15 10:33:45+00:00,2021-11-15T10:30:41.835000+00:00,2022-05-23T08:40:05+00:00,"EXECUTIVE OFFICER , RAFIGANJ",EO,"NAGAR PANCHAYAT, RAFIGANJ","NAGAR PANCHAYAT RAFIGANJ ,AURANGABAD",Mohammad Shahab Yahya (Executive Officer),Executive Officer (EO),Nagar Panchayat Rafiganj,47300.0,5000.0,590.0
15122,NIT NO-02/2021-22/05/NPRAFIGANJ,"Construction of  Road with Paver Block and Drain with Slab in Ward no. 07 Deepak ji's land to Brijanandan Prasad,via Arvind Babu teacher's House","Construction of  Road with Paver Block and Drain with Slab in Ward no. 07 Deepak ji's land to Brijanandan Prasad,via Arvind Babu teacher's House",1717707.0,INR,INR,2021-11-15 10:36:27+00:00,2021-11-15T10:33:59.397000+00:00,2022-05-23T08:32:16+00:00,"EXECUTIVE OFFICER , RAFIGANJ",EO,"NAGAR PANCHAYAT, RAFIGANJ","NAGAR PANCHAYAT RAFIGANJ ,AURANGABAD",Mohammad Shahab Yahya (Executive Officer),Executive Officer (EO),Nagar Panchayat Rafiganj,34400.0,5000.0,590.0
15118,NIT NO-02/2021-22/02/NPRAFIGANJ,"Construction of  Road with Paver Block and Drain with Slab in Ward no. 02 Nathun Chaudhary's House to Obara Path,via Pravez's House .","Construction of  Road with Paver Block and Drain with Slab in Ward no. 02 Nathun Chaudhary's House to Obara Path,via Pravez's House .",1039390.0,INR,INR,2021-11-15 10:27:29+00:00,2021-11-15T10:24:22.550000+00:00,2022-05-23T09:36:49+00:00,"EXECUTIVE OFFICER , RAFIGANJ",EO,"NAGAR PANCHAYAT, RAFIGANJ","NAGAR PANCHAYAT RAFIGANJ ,AURANGABAD",Mohammad Shahab Yahya (Executive Officer),Executive Officer (EO),Nagar Panchayat Rafiganj,20800.0,2500.0,590.0
15116,NIT NO-02/2021-22/NPRAFIGANJ,Construction of Road with Paver Block and Drain with Slab in Ward no. 01 Jaglal Chaudhary's House to  Tetari Devi's house,Construction of Road with Paver Block and Drain with Slab in Ward no. 01 Jaglal Chaudhary's House to  Tetari Devi's house,1958344.0,INR,INR,2021-11-15 10:24:07+00:00,2021-11-15T10:10:47.528000+00:00,2022-05-23T09:43:31+00:00,"EXECUTIVE OFFICER , RAFIGANJ",EO,"NAGAR PANCHAYAT, RAFIGANJ","NAGAR PANCHAYAT RAFIGANJ ,AURANGABAD",Mohammad Shahab Yahya (Executive Officer),Executive Officer (EO),Nagar Panchayat Rafiganj,39200.0,5000.0,590.0
15127,13/BCD/MOTIHARI/2021-22,CONSTRUCTION OF DRIVING TESTING TRACK AT BUS STAND (Govt.) IN THE DISTRICT- EAST CHAMPARAN 2021-22,CONSTRUCTION OF DRIVING TESTING TRACK AT BUS STAND (Govt.) IN THE DISTRICT- EAST CHAMPARAN 2021-22,3657070.0,INR,INR,2021-11-15 14:40:05+00:00,2021-11-15T13:47:24.474000+00:00,2022-01-14T10:13:44+00:00,EXECUTIVE ENGINEER BUILDING DIVISION MOTIHARI,E E,BUILDING DIVISION MOTIHARI,E E BUILDING DIVISION MOTIHARI,NIRANJAN KUMAR SINGH,SUPERINTENDING ENGINEER,BCD MOTIHARI,73200.0,5000.0,590.0
15128,NIT 03/2021-22/NPD/GR 01,"Collection of dry and wet waste in all 27 wards of Nagar Parishad  Daudnagar which include segration at source, Waste collection from shops, residential and commercial areas and transport to composed processing sites to make organic manure from wet waste.","Collection of dry and wet waste in all 27 wards of Nagar Parishad  Daudnagar which include segration at source, Waste collection from shops, residential and commercial areas and transport to composed processing sites to make organic manure from wet waste.",0.0,INR,INR,2021-11-15 15:12:29+00:00,2021-11-15T14:28:16.195000+00:00,2022-02-14T07:59:49+00:00,"EXECUTIVE OFFICER, DAUDNAGAR (EO)",EXECUTIVE OFFICER,NAGAR PARISHAD DAUDNAGAR,AT KASERA TOLI WARD NO 14 DAUDNAGAR,"EXECUTIVE OFFICER, DAUDNAGAR",EO,NAGAR PARISHAD DAUDNAGAR,50000.0,1180.0,590.0
15130,NIT 03/2021-22/NPD/GR 02,"Cleanliness work in all 27 wards of Nagar Parishad Daudnagar which includes sweeping, cleaning and washing of all roads, lanes, pavements, galies, minor and major drains garbage collection in commercial areas removing garbage from dustbing and transportation of collected waste to dump site in both morning and night shift. 
Timing:- 06:00 am to 02:00 pm and 02:00pm to 10:00 pm","Cleanliness work in all 27 wards of Nagar Parishad Daudnagar which includes sweeping, cleaning and washing of all roads, lanes, pavements, galies, minor and major drains garbage collection in commercial areas removing garbage from dustbing and transportation of collected waste to dump site in both morning and night shift. 
Timing:- 06:00 am to 02:00 pm and 02:00pm to 10:00 pm",0.0,INR,INR,2021-11-15 15:24:10+00:00,2021-11-15T15:12:48.512000+00:00,2022-02-14T07:58:14+00:00,"EXECUTIVE OFFICER, DAUDNAGAR (EO)",EXECUTIVE OFFICER,NAGAR PARISHAD DAUDNAGAR,AT KASERA TOLI WARD NO 14 DAUDNAGAR,"EXECUTIVE OFFICER, DAUDNAGAR",EO,NAGAR PARISHAD DAUDNAGAR,50000.0,1180.0,590.0
15126,43/PR/BSPTCL/2021,"Design, manufacture, assembly, testing, supply & delivery of 40 nos. of online DC Earth fault locator with all accessories","Design, manufacture, assembly, testing, supply & delivery of 40 nos. of online DC Earth fault locator with all accessories",15342883.92,INR,INR,2021-11-15 13:27:05+00:00,2021-11-15T12:31:51.097000+00:00,2022-07-22T10:32:51+00:00,MADHU PRIYA,ELECTRICAL EXECUTIVE ENGINEER,BSPTCL,VIDYUT BHAWAN PATNA,AMAR KUMAR MISHRA,ESE,BSPTCL,306858.0,11800.0,3540.0
15134,NIT-04/PHED/JAM/2021-22,"Construction of  25 Nos 125/115mm dia x 61m deep Drilled T/wells and 25 Nos 125mmdiax45m Gravel Packed T/Wells  with India Mark II Hand Pump with Pump with Platform and drain under Special Central Assistance to Scheduled caste sub plan (SCA to SCSP) on Turnkey basis under P.H.Division, Jamui for the  year 2021-22.","Construction of  25 Nos 125/115mm dia x 61m deep Drilled T/wells and 25 Nos 125mmdiax45m Gravel Packed T/Wells  with India Mark II Hand Pump with Pump with Platform and drain under Special Central Assistance to Scheduled caste sub plan (SCA to SCSP) on Turnkey basis under P.H.Division, Jamui for the  year 2021-22.",3047050.0,INR,INR,2021-11-16 08:04:16+00:00,2021-11-16T07:34:30.728000+00:00,2021-12-16T06:33:15+00:00,Er. SHIV SHANKAR DAYAL,"EXECUTIVE ENGINEER, JAMUI","P. H. Division, Jamui",PHED COLONY JAMUI SIRCHAND NAWADA ROAD NEAR OF DDC RESIDENCE,Er. Vijay kumar,Superintending Engineer(SE),P.H.Circle Munger,61000.0,5000.0,590.0
15138,"12/E/KAN/2021, Group No.-13","Construction of Under Ground Drain and PCC Road From L.I.G.-9 to 
L.I.G-17 Under Ward NO-35 of P.M.C Patna","Construction of Under Ground Drain and PCC Road From L.I.G.-9 to 
L.I.G-17 Under Ward NO-35 of P.M.C Patna",138300.0,INR,INR,2021-11-16 08:09:30+00:00,2021-11-16T07:59:31.278000+00:00,2022-11-24T07:39:48+00:00,"Aashish Prasad, Executive Engineer",EXECUETIVE ENGINEER,"Kankarbagh Division,Patna Municipal Corporation,Patna","Tempo Stand,Kankarbagh,Patna-20","Aashish Prasad,EXECUETIVE ENGINEER",EXECUETIVE ENGINEER,"Kankarbagh Division,Patna Municipal Corporation,Patna",2800.0,500.0,590.0
15124,"12/E/KAN/2021, Group No.-10","Construction of Under Ground Drain arental Flat Mandir to Around 
The Park Box Nala Under Ward NO-35 of P.M.C Patna","Construction of Under Ground Drain arental Flat Mandir to Around 
The Park Box Nala Under Ward NO-35 of P.M.C Patna",727800.0,INR,INR,2021-11-17 06:32:01+00:00,2021-11-15T10:55:22.159000+00:00,2022-10-06T09:25:58+00:00,"Aashish Prasad, Executive Engineer",EXECUETIVE ENGINEER,"Kankarbagh Division,Patna Municipal Corporation,Patna","Tempo Stand,Kankarbagh,Patna-20","Aashish Prasad,EXECUETIVE ENGINEER",EXECUETIVE ENGINEER,"Kankarbagh Division,Patna Municipal Corporation,Patna",14600.0,1250.0,590.0
15137,NIT-06/2021-22,The work of demolishing the old office building boundary wall under Nagar Panchayat Rosera year 2019-20,The work of demolishing the old office building boundary wall under Nagar Panchayat Rosera year 2019-20,0.0,INR,INR,2021-11-16 08:03:56+00:00,2021-11-16T07:48:01.325000+00:00,2021-11-23T09:31:00+00:00,"EXECUTIVE OFFICER, RAMGARH",EXECUTIVE OFFICER RAMGARH,NAGAR PANCHAYAT RAMGARH,DEWHALIA ROAD RAMGARH,Neshat Alam,EXECUTIVE OFFICER,Nagar Parishad Rosera,5000.0,,590.0
15135,"12/E/KAN/2021, Group No.-12","Construction of Under Ground Drain and PCC Road From Tiwari 
Bencher House of Jitu Ji To Railway Line Under Ward NO-35 of P.M.C Patna","Construction of Under Ground Drain and PCC Road From Tiwari 
Bencher House of Jitu Ji To Railway Line Under Ward NO-35 of P.M.C Patna",352800.0,INR,INR,2021-11-16 07:52:35+00:00,2021-11-16T07:43:33.452000+00:00,2022-10-17T07:41:35+00:00,"Aashish Prasad, Executive Engineer",EXECUETIVE ENGINEER,"Kankarbagh Division,Patna Municipal Corporation,Patna","Tempo Stand,Kankarbagh,Patna-20","Aashish Prasad,EXECUETIVE ENGINEER",EXECUETIVE ENGINEER,"Kankarbagh Division,Patna Municipal Corporation,Patna",7100.0,750.0,590.0
15133,"12/E/KAN/2021, Group No.-11","Construction of Under Ground Drain and PCC Road From House of 
Md. Sayad Ji to House of Nadim Under Ward NO-35 of P.M.C Patna","Construction of Under Ground Drain and PCC Road From House of 
Md. Sayad Ji to House of Nadim Under Ward NO-35 of P.M.C Patna",305200.0,INR,INR,2021-11-16 07:41:29+00:00,2021-11-16T07:32:42.093000+00:00,2022-10-17T07:34:04+00:00,"Aashish Prasad, Executive Engineer",EXECUETIVE ENGINEER,"Kankarbagh Division,Patna Municipal Corporation,Patna","Tempo Stand,Kankarbagh,Patna-20","Aashish Prasad,EXECUETIVE ENGINEER",EXECUETIVE ENGINEER,"Kankarbagh Division,Patna Municipal Corporation,Patna",6200.0,750.0,590.0
15141,"12/E/KAN/2021, Group No.-14","Construction of Under Ground Drain and Paver Block From House of 
Naval Yadav to Box Drain Under Ward NO-35 of P.M.C Patna","Construction of Under Ground Drain and Paver Block From House of 
Naval Yadav to Box Drain Under Ward NO-35 of P.M.C Patna",741000.0,INR,INR,2021-11-16 08:23:04+00:00,2021-11-16T08:11:13.416000+00:00,2022-10-17T07:26:25+00:00,"Aashish Prasad, Executive Engineer",EXECUETIVE ENGINEER,"Kankarbagh Division,Patna Municipal Corporation,Patna","Tempo Stand,Kankarbagh,Patna-20","Aashish Prasad,EXECUETIVE ENGINEER",EXECUETIVE ENGINEER,"Kankarbagh Division,Patna Municipal Corporation,Patna",14900.0,1250.0,590.0
15142,NIT-06/2021-22 Gr.-03,Special Repair Of 5 nos Circular Well 10m Deep And Soakpit In Ward-7 At Nagar Nigam  Chapra.,Special Repair Of 5 nos Circular Well 10m Deep And Soakpit In Ward-7 At Nagar Nigam  Chapra.,517065.0,INR,INR,2021-11-16 08:20:14+00:00,2021-11-16T08:13:38.293000+00:00,2022-06-28T09:49:02+00:00,SANJAY KUMAR UPADHYAY,MUNICIPAL COMMISSIONER,CHAPRA MUNICIPAL CORPORATION,"NEAR MUNICIPAL CHOWK, CHAPRA, SARAN",Sanjay Kumar Upadhyay,Municipal Commissioner,Chapra Municipal Corporation,10342.0,1250.0,590.0
15143,NIT-06/2021-22 Gr.-04,Special Repair Of 1 nos Circular Well 10m Deep And Soakpit In Ward-8 At Nagar Nigam  Chapra.,Special Repair Of 1 nos Circular Well 10m Deep And Soakpit In Ward-8 At Nagar Nigam  Chapra.,103408.0,INR,INR,2021-11-16 08:25:52+00:00,2021-11-16T08:21:04.983000+00:00,2022-06-28T09:56:53+00:00,SANJAY KUMAR UPADHYAY,MUNICIPAL COMMISSIONER,CHAPRA MUNICIPAL CORPORATION,"NEAR MUNICIPAL CHOWK, CHAPRA, SARAN",Sanjay Kumar Upadhyay,Municipal Commissioner,Chapra Municipal Corporation,2069.0,500.0,590.0
15136,NIT-06/2021-22 Gr.-01,Special Repair Of Circular Well 10m Deep In Ward-1 At Nagar Nigam  Chapra.,Special Repair Of Circular Well 10m Deep In Ward-1 At Nagar Nigam  Chapra.,776642.0,INR,INR,2021-11-16 08:02:23+00:00,2021-11-16T07:47:04.077000+00:00,2022-06-10T16:50:33+00:00,SANJAY KUMAR UPADHYAY,MUNICIPAL COMMISSIONER,CHAPRA MUNICIPAL CORPORATION,"NEAR MUNICIPAL CHOWK, CHAPRA, SARAN",Sanjay Kumar Upadhyay,Municipal Commissioner,Chapra Municipal Corporation,15600.0,1250.0,590.0
15145,NIT-06/2021-22 Gr.-05,Special Repair Of 1 nos Circular Well 10m Deep And Soakpit In Ward-13 At Nagar Nigam  Chapra.,Special Repair Of 1 nos Circular Well 10m Deep And Soakpit In Ward-13 At Nagar Nigam  Chapra.,103408.0,INR,INR,2021-11-16 08:33:22+00:00,2021-11-16T08:26:39.861000+00:00,2021-11-22T09:31:00+00:00,SANJAY KUMAR UPADHYAY,MUNICIPAL COMMISSIONER,CHAPRA MUNICIPAL CORPORATION,"NEAR MUNICIPAL CHOWK, CHAPRA, SARAN",Sanjay Kumar Upadhyay,Municipal Commissioner,Chapra Municipal Corporation,2069.0,500.0,590.0
15139,NIT-06/2021-22 Gr.-02,Special Repair Of 2 nos Circular Well 10m Deep And Soakpit In Ward-6 At Nagar Nigam  Chapra.,Special Repair Of 2 nos Circular Well 10m Deep And Soakpit In Ward-6 At Nagar Nigam  Chapra.,206934.0,INR,INR,2021-11-16 08:09:43+00:00,2021-11-16T08:04:44.530000+00:00,2022-06-10T15:53:49+00:00,SANJAY KUMAR UPADHYAY,MUNICIPAL COMMISSIONER,CHAPRA MUNICIPAL CORPORATION,"NEAR MUNICIPAL CHOWK, CHAPRA, SARAN",Sanjay Kumar Upadhyay,Municipal Commissioner,Chapra Municipal Corporation,4139.0,500.0,590.0
15140,NIT-04 /PHED/JAM/2021-22,"Construction of  25 Nos 125/115mm dia x 61m deep Drilled T/wells and 25 Nos 125mmdiax45m Gravel Packed T/Wells  with India Mark II Hand Pump with Pump with Platform and drain under Special Central Assistance to Scheduled caste sub plan (SCA to SCSP) on Turnkey basis under P.H.Division, Jamui for the  year 2021-22.","Construction of  25 Nos 125/115mm dia x 61m deep Drilled T/wells and 25 Nos 125mmdiax45m Gravel Packed T/Wells  with India Mark II Hand Pump with Pump with Platform and drain under Special Central Assistance to Scheduled caste sub plan (SCA to SCSP) on Turnkey basis under P.H.Division, Jamui for the  year 2021-22.",3047050.0,INR,INR,2021-11-16 08:07:48+00:00,2021-11-16T08:04:47.794000+00:00,2021-12-16T06:38:24+00:00,Er. SHIV SHANKAR DAYAL,"EXECUTIVE ENGINEER, JAMUI","P. H. Division, Jamui",PHED COLONY JAMUI SIRCHAND NAWADA ROAD NEAR OF DDC RESIDENCE,Er. Vijay kumar,Superintending Engineer(SE),P.H.Circle Munger,61000.0,5000.0,590.0
15132,03/ET/BCD/KATIHAR/2021-22,Construction of the Automated Driving Testing Training Centre at Sirniya (Haflaganj) in Katihar District,Construction of the Automated Driving Testing Training Centre at Sirniya (Haflaganj) in Katihar District,6960252.0,INR,INR,2021-11-19 11:43:48+00:00,2021-11-16T07:19:13.694000+00:00,2022-03-23T07:45:37+00:00,EXECUTIVE ENGINEER BUILDING DIVISION KATIHAR,E E,BUILDING CONSTRUCTION DEPARTMENT,BUILDING DIVISION KATIHAR,"Superintending Engineer, Purnea Circle",SE,Purnea Circle,139500.0,10000.0,590.0
15148,NIT-06/2021-22 Gr.-08,Special Repair Of Circular 1No. Well 10m Deep With Soak Pit In Ward- 17 At Nagar Nigam  Chapra In Saran Dist.,Special Repair Of Circular 1No. Well 10m Deep With Soak Pit In Ward- 17 At Nagar Nigam  Chapra In Saran Dist.,109011.0,INR,INR,2021-11-16 08:55:35+00:00,2021-11-16T08:50:05.264000+00:00,2021-11-22T09:31:00+00:00,SANJAY KUMAR UPADHYAY,MUNICIPAL COMMISSIONER,CHAPRA MUNICIPAL CORPORATION,"NEAR MUNICIPAL CHOWK, CHAPRA, SARAN",Sanjay Kumar Upadhyay,Municipal Commissioner,Chapra Municipal Corporation,2181.0,500.0,590.0
15146,NIT-06/2021-22 Gr.-6,Special Repair Of 5 nos Circular Well 10m Deep And Soakpit In Ward-15 At Nagar Nigam  Chapra.,Special Repair Of 5 nos Circular Well 10m Deep And Soakpit In Ward-15 At Nagar Nigam  Chapra.,517065.0,INR,INR,2021-11-16 08:42:46+00:00,2021-11-16T08:34:05.928000+00:00,2022-06-15T13:28:21+00:00,SANJAY KUMAR UPADHYAY,MUNICIPAL COMMISSIONER,CHAPRA MUNICIPAL CORPORATION,"NEAR MUNICIPAL CHOWK, CHAPRA, SARAN",Sanjay Kumar Upadhyay,Municipal Commissioner,Chapra Municipal Corporation,10342.0,1250.0,590.0
15147,NIT-06/2021-22 Gr.-07,Special Repair Of Circular 3No Well 10m Deep With Soak Pit In Ward- 16 At Nagar Nigam  Chapra In Saran Dist.,Special Repair Of Circular 3No Well 10m Deep With Soak Pit In Ward- 16 At Nagar Nigam  Chapra In Saran Dist.,311595.0,INR,INR,2021-11-16 08:49:30+00:00,2021-11-16T08:43:27.030000+00:00,2022-06-16T11:10:55+00:00,SANJAY KUMAR UPADHYAY,MUNICIPAL COMMISSIONER,CHAPRA MUNICIPAL CORPORATION,"NEAR MUNICIPAL CHOWK, CHAPRA, SARAN",Sanjay Kumar Upadhyay,Municipal Commissioner,Chapra Municipal Corporation,6232.0,750.0,590.0
15152,NIT-06/2021-22 Gr.-10,Special Repair Of Circular 1 No. Well 10m Deep With Soak Pit In Ward- 19 At Nagar Nigam  Chapra In Saran Dist.,Special Repair Of Circular 1 No. Well 10m Deep With Soak Pit In Ward- 19 At Nagar Nigam  Chapra In Saran Dist.,103861.0,INR,INR,2021-11-16 09:09:08+00:00,2021-11-16T09:04:07.662000+00:00,2021-11-22T09:31:00+00:00,SANJAY KUMAR UPADHYAY,MUNICIPAL COMMISSIONER,CHAPRA MUNICIPAL CORPORATION,"NEAR MUNICIPAL CHOWK, CHAPRA, SARAN",Sanjay Kumar Upadhyay,Municipal Commissioner,Chapra Municipal Corporation,2078.0,500.0,590.0
15153,NIT-06/2021-22 Gr.-11,Special Repair Of Circular 1No. Well 10m Deep With Soak Pit In Ward- 20 At Nagar Nigam  Chapra In Saran Dist.,Special Repair Of Circular 1No. Well 10m Deep With Soak Pit In Ward- 20 At Nagar Nigam  Chapra In Saran Dist.,103037.0,INR,INR,2021-11-16 09:16:28+00:00,2021-11-16T09:09:41.736000+00:00,2021-11-22T09:31:00+00:00,SANJAY KUMAR UPADHYAY,MUNICIPAL COMMISSIONER,CHAPRA MUNICIPAL CORPORATION,"NEAR MUNICIPAL CHOWK, CHAPRA, SARAN",Sanjay Kumar Upadhyay,Municipal Commissioner,Chapra Municipal Corporation,2061.0,500.0,590.0
15150,BSMCL-03\2021-22/GAYA/CLUSTER-01,"EC Approved Sandghats of Gaya (Cluster - 01)
Bajaura Sand Ghat & Patiauna Sand Ghat : (Mineable Quantity - 11633313 CFT)","EC Approved Sandghats of Gaya (Cluster - 01)
Bajaura Sand Ghat & Patiauna Sand Ghat : (Mineable Quantity - 11633313 CFT)",9150491.0,INR,INR,2021-11-16 15:44:50+00:00,2021-11-16T08:58:35.411000+00:00,2021-11-27T07:11:12.938000+00:00,MUKESH KUMAR,MDO,Bihar State Mining Corporation Ltd,"VIKAS BHAWAN, PATNA",MUKESH KUMAR,MDO,Bihar State Mining Corporation Ltd,2287623.0,29500.0,3540.0
15144,"12/E/KAN/2021, Group No.-15","Construction of Under Ground Drain and PCC Road From Arun Kumar 
Verma to Rajiv Ranjan Main Road Under Ward NO-35 of P.M.C Patna","Construction of Under Ground Drain and PCC Road From Arun Kumar 
Verma to Rajiv Ranjan Main Road Under Ward NO-35 of P.M.C Patna",395100.0,INR,INR,2021-11-16 08:32:26+00:00,2021-11-16T08:24:32.317000+00:00,2021-12-06T06:50:15+00:00,"Aashish Prasad, Executive Engineer",EXECUETIVE ENGINEER,"Kankarbagh Division,Patna Municipal Corporation,Patna","Tempo Stand,Kankarbagh,Patna-20","Aashish Prasad,EXECUETIVE ENGINEER",EXECUETIVE ENGINEER,"Kankarbagh Division,Patna Municipal Corporation,Patna",8000.0,750.0,590.0
15158,09/BCD/BUXAR/2021-22 Group 1,RENOVATION OF BALMIKI ASHRAM  WARD IN THE CAMPUS OF CENTRAL JAIL BUXAR  FOR THE YEAR - 2021-2022.,RENOVATION OF BALMIKI ASHRAM  WARD IN THE CAMPUS OF CENTRAL JAIL BUXAR  FOR THE YEAR - 2021-2022.,5865262.0,INR,INR,2021-11-16 09:33:43+00:00,2021-11-16T09:26:09.567000+00:00,2023-07-26T04:25:06+00:00,"Executive Engineer, BUILDING DIVISION BUXAR",EE,BUILDING DIVISION BUXAR,"EE, BUILDING DIVISION BUXAR, BCD","Superintending Engineer, Ara Circle",SE,Ara Circle,117400.0,10000.0,590.0
15157,09/BCD/BUXAR/2021-22 Group 2,RENOVATION OF VIVEKANAND ASHRAM AND JUBINYLE WARD IN THE CAMPUS OF CENTRAL JAIL BUXAR  FOR THE YEAR - 2021-2022.,RENOVATION OF VIVEKANAND ASHRAM AND JUBINYLE WARD IN THE CAMPUS OF CENTRAL JAIL BUXAR  FOR THE YEAR - 2021-2022.,5256386.0,INR,INR,2021-11-16 09:46:05+00:00,2021-11-16T09:25:49.874000+00:00,2023-07-26T04:25:34+00:00,"Executive Engineer, BUILDING DIVISION BUXAR",EE,BUILDING DIVISION BUXAR,"EE, BUILDING DIVISION BUXAR, BCD","Superintending Engineer, Ara Circle",SE,Ara Circle,105200.0,10000.0,590.0
15149,NIT-06/2021-22 Gr.-09,Special Repair Of Circular 1 No. Well 10m Deep With Soak Pit In Ward- 18 At Nagar Nigam  Chapra In Saran Dist.,Special Repair Of Circular 1 No. Well 10m Deep With Soak Pit In Ward- 18 At Nagar Nigam  Chapra In Saran Dist.,102834.0,INR,INR,2021-11-16 09:02:56+00:00,2021-11-16T08:56:34.996000+00:00,2021-11-22T09:31:00+00:00,SANJAY KUMAR UPADHYAY,MUNICIPAL COMMISSIONER,CHAPRA MUNICIPAL CORPORATION,"NEAR MUNICIPAL CHOWK, CHAPRA, SARAN",Sanjay Kumar Upadhyay,Municipal Commissioner,Chapra Municipal Corporation,2057.0,500.0,590.0
15154,"12/E/KAN/2021, Group No.-16","Construction of Under Ground Drain and PCC Road From Janta Flat 
241 to 244 Under Ward NO-35 of P.M.C Patna","Construction of Under Ground Drain and PCC Road From Janta Flat 
241 to 244 Under Ward NO-35 of P.M.C Patna",204500.0,INR,INR,2021-11-16 09:40:49+00:00,2021-11-16T09:10:09.346000+00:00,2021-12-06T06:55:27+00:00,"Aashish Prasad, Executive Engineer",EXECUETIVE ENGINEER,"Kankarbagh Division,Patna Municipal Corporation,Patna","Tempo Stand,Kankarbagh,Patna-20","Aashish Prasad,EXECUETIVE ENGINEER",EXECUETIVE ENGINEER,"Kankarbagh Division,Patna Municipal Corporation,Patna",4100.0,500.0,590.0
15162,BSMCL-03\2021-22/GAYA/CLUSTER-04,"EC Approved Sandghats of Gaya (Cluster - 04)
Amuwa Sand Ghat, Upadhyay Sand Ghat & Khiriyawan Sand Ghat : (Mineable Quantity -8792325 CFT)","EC Approved Sandghats of Gaya (Cluster - 04)
Amuwa Sand Ghat, Upadhyay Sand Ghat & Khiriyawan Sand Ghat : (Mineable Quantity -8792325 CFT)",8564859.0,INR,INR,2021-11-16 15:54:34+00:00,2021-11-16T09:40:09.129000+00:00,2021-11-27T07:22:10.254000+00:00,MUKESH KUMAR,MDO,Bihar State Mining Corporation Ltd,"VIKAS BHAWAN, PATNA",MUKESH KUMAR,MDO,Bihar State Mining Corporation Ltd,2141215.0,29500.0,3540.0
15166,"12/E/KAN/2021, Group No.-18","Construction of Under Ground Drain and PCC Road From Janta Flat 
241 to 244 Under Ward NO-35 of P.M.C Patna","Construction of Under Ground Drain and PCC Road From Janta Flat 
241 to 244 Under Ward NO-35 of P.M.C Patna",222100.0,INR,INR,2021-11-16 10:01:13+00:00,2021-11-16T09:52:44.787000+00:00,2021-12-06T07:08:50+00:00,"Aashish Prasad, Executive Engineer",EXECUETIVE ENGINEER,"Kankarbagh Division,Patna Municipal Corporation,Patna","Tempo Stand,Kankarbagh,Patna-20","Aashish Prasad,EXECUETIVE ENGINEER",EXECUETIVE ENGINEER,"Kankarbagh Division,Patna Municipal Corporation,Patna",4500.0,500.0,590.0
15164,"12/E/KAN/2021, Group No.-17","Construction of Under Ground Drain and PCC Road From L.I.G.-13 tp 
L.I.G-15 Under Ward NO-35 of P.M.C Patna","Construction of Under Ground Drain and PCC Road From L.I.G.-13 tp 
L.I.G-15 Under Ward NO-35 of P.M.C Patna",357300.0,INR,INR,2021-11-16 09:51:14+00:00,2021-11-16T09:42:42.719000+00:00,2022-10-06T09:30:31+00:00,"Aashish Prasad, Executive Engineer",EXECUETIVE ENGINEER,"Kankarbagh Division,Patna Municipal Corporation,Patna","Tempo Stand,Kankarbagh,Patna-20","Aashish Prasad,EXECUETIVE ENGINEER",EXECUETIVE ENGINEER,"Kankarbagh Division,Patna Municipal Corporation,Patna",7200.0,750.0,590.0
15167,BSMCL-03\2021-22/GAYA/CLUSTER-05,"EC Approved Sandghats of Gaya (Cluster - 05)
Hardawan Sand Ghat : (Mineable Quantity -9461650 CFT)","EC Approved Sandghats of Gaya (Cluster - 05)
Hardawan Sand Ghat : (Mineable Quantity -9461650 CFT)",8052432.0,INR,INR,2021-11-16 15:56:21+00:00,2021-11-16T09:54:01.900000+00:00,2021-11-27T07:25:10.886000+00:00,MUKESH KUMAR,MDO,Bihar State Mining Corporation Ltd,"VIKAS BHAWAN, PATNA",MUKESH KUMAR,MDO,Bihar State Mining Corporation Ltd,2013108.0,29500.0,3540.0
15169,BSMCL-03/2021-22/BHOJPUR/CLUSTER-01,"EC Approved Sandghats of Bhojpur (Cluster-01)
Bihta Ghat I (Mineable Quantity - 8406604.80 CFT)","EC Approved Sandghats of Bhojpur (Cluster-01)
Bihta Ghat I (Mineable Quantity - 8406604.80 CFT)",53930543.0,INR,INR,2021-11-16 15:57:01+00:00,2021-11-16T09:57:00.910000+00:00,2021-11-26T11:02:09.952000+00:00,Rajesh Kumar Kushwaha,MDO,BSMCL,"Vikash Bhwan, patna",Surendra Prasad Sinha,MDO (HQ),BIHAR STATE MINES CORPORATION LIMITED PATNA,13482636.0,29500.0,5900.0
15165,NIT-06/2021-22 Gr.-15,Special Repair Of Circular 2No Well 10m Deep With Soak Pit In Ward- 26 At Nagar Nigam  Chapra In Saran Dist.,Special Repair Of Circular 2No Well 10m Deep With Soak Pit In Ward- 26 At Nagar Nigam  Chapra In Saran Dist.,165870.0,INR,INR,2021-11-16 09:57:47+00:00,2021-11-16T09:49:12.276000+00:00,2021-11-22T09:31:00+00:00,SANJAY KUMAR UPADHYAY,MUNICIPAL COMMISSIONER,CHAPRA MUNICIPAL CORPORATION,"NEAR MUNICIPAL CHOWK, CHAPRA, SARAN",Sanjay Kumar Upadhyay,Municipal Commissioner,Chapra Municipal Corporation,3318.0,500.0,590.0
15163,NIT-06/2021-22 Gr.-14,Special Repair Of Circular 1No. Well 10m Deep With Soak Pit In Ward- 25 At Nagar Nigam  Chapra In Saran Dist.,Special Repair Of Circular 1No. Well 10m Deep With Soak Pit In Ward- 25 At Nagar Nigam  Chapra In Saran Dist.,79858.0,INR,INR,2021-11-16 09:48:14+00:00,2021-11-16T09:41:08.138000+00:00,2021-11-22T09:31:00+00:00,SANJAY KUMAR UPADHYAY,MUNICIPAL COMMISSIONER,CHAPRA MUNICIPAL CORPORATION,"NEAR MUNICIPAL CHOWK, CHAPRA, SARAN",Sanjay Kumar Upadhyay,Municipal Commissioner,Chapra Municipal Corporation,1598.0,500.0,590.0
15161,NIT-06/2021-22 Gr.-13,Special Repair Of Circular 2No Well 10m Deep With Soak Pit In Ward- 24 At Nagar Nigam  Chapra In Saran Dist.,Special Repair Of Circular 2No Well 10m Deep With Soak Pit In Ward- 24 At Nagar Nigam  Chapra In Saran Dist.,130189.0,INR,INR,2021-11-16 09:40:32+00:00,2021-11-16T09:35:12.650000+00:00,2021-11-22T09:31:00+00:00,SANJAY KUMAR UPADHYAY,MUNICIPAL COMMISSIONER,CHAPRA MUNICIPAL CORPORATION,"NEAR MUNICIPAL CHOWK, CHAPRA, SARAN",Sanjay Kumar Upadhyay,Municipal Commissioner,Chapra Municipal Corporation,2604.0,500.0,590.0
15155,NIT-06/2021-22 Gr.-12,Special Repair Of Circular 2No Well 10m Deep With Soak Pit In Ward- 21 At Nagar Nigam  Chapra In Saran Dist.,Special Repair Of Circular 2No Well 10m Deep With Soak Pit In Ward- 21 At Nagar Nigam  Chapra In Saran Dist.,205663.0,INR,INR,2021-11-16 09:25:49+00:00,2021-11-16T09:18:08.731000+00:00,2021-11-22T09:31:00+00:00,SANJAY KUMAR UPADHYAY,MUNICIPAL COMMISSIONER,CHAPRA MUNICIPAL CORPORATION,"NEAR MUNICIPAL CHOWK, CHAPRA, SARAN",Sanjay Kumar Upadhyay,Municipal Commissioner,Chapra Municipal Corporation,4114.0,500.0,590.0
15170,NIT-06/2021-22 Gr.-16,Special Repair Of Circular 2No Well 10m Deep With Soak Pit In Ward- 27 At Nagar Nigam  Chapra In Saran Dist.,Special Repair Of Circular 2No Well 10m Deep With Soak Pit In Ward- 27 At Nagar Nigam  Chapra In Saran Dist.,213096.0,INR,INR,2021-11-16 10:08:43+00:00,2021-11-16T09:58:29.977000+00:00,2021-11-22T09:31:00+00:00,SANJAY KUMAR UPADHYAY,MUNICIPAL COMMISSIONER,CHAPRA MUNICIPAL CORPORATION,"NEAR MUNICIPAL CHOWK, CHAPRA, SARAN",Sanjay Kumar Upadhyay,Municipal Commissioner,Chapra Municipal Corporation,4262.0,500.0,590.0
15173,"12/E/KAN/2021, Group No.-19","Construction of Under Ground Drain and PCC Road At Chandramani 
Road No-10 From House of Jai Sri Narayan Sharma to Raj Kiahor Singh Under Ward NO35 of P.M.C Patna","Construction of Under Ground Drain and PCC Road At Chandramani 
Road No-10 From House of Jai Sri Narayan Sharma to Raj Kiahor Singh Under Ward NO35 of P.M.C Patna",235900.0,INR,INR,2021-11-16 10:11:29+00:00,2021-11-16T10:03:02.295000+00:00,2022-11-24T07:33:30+00:00,"Aashish Prasad, Executive Engineer",EXECUETIVE ENGINEER,"Kankarbagh Division,Patna Municipal Corporation,Patna","Tempo Stand,Kankarbagh,Patna-20","Aashish Prasad,EXECUETIVE ENGINEER",EXECUETIVE ENGINEER,"Kankarbagh Division,Patna Municipal Corporation,Patna",4800.0,500.0,590.0
15176,NIT-06/2021-22 Gr.-17,Special Repair Of Circular 2No Well 10m Deep With Soak Pit In Ward- 28 & 29 At Nagar Nigam  Chapra In Saran Dist.,Special Repair Of Circular 2No Well 10m Deep With Soak Pit In Ward- 28 & 29 At Nagar Nigam  Chapra In Saran Dist.,143301.0,INR,INR,2021-11-16 10:15:19+00:00,2021-11-16T10:11:23.417000+00:00,2021-11-22T09:31:00+00:00,SANJAY KUMAR UPADHYAY,MUNICIPAL COMMISSIONER,CHAPRA MUNICIPAL CORPORATION,"NEAR MUNICIPAL CHOWK, CHAPRA, SARAN",Sanjay Kumar Upadhyay,Municipal Commissioner,Chapra Municipal Corporation,2867.0,500.0,590.0
15179,BSMCL-03/2021-22/BHOJPUR/CLUSTER-02,"EC Approved Sandghats of Bhojpur (Cluster-02)
Bihta Ghat (Mineable Quantity - 9000000 CFT)","EC Approved Sandghats of Bhojpur (Cluster-02)
Bihta Ghat (Mineable Quantity - 9000000 CFT)",32619280.0,INR,INR,2021-11-16 16:04:01+00:00,2021-11-16T10:15:21.168000+00:00,2021-11-26T11:11:47.105000+00:00,Rajesh Kumar Kushwaha,MDO,BSMCL,"Vikash Bhwan, patna",Surendra Prasad Sinha,MDO (HQ),BIHAR STATE MINES CORPORATION LIMITED PATNA,8154820.0,29500.0,5900.0
15185,"12/E/KAN/2021, Group No.-21","Construction of Under Ground Drain M.I.G Sischhak Sangh Under 
Ward NO-35 of P.M.C Patna","Construction of Under Ground Drain M.I.G Sischhak Sangh Under 
Ward NO-35 of P.M.C Patna",147400.0,INR,INR,2021-11-16 10:31:36+00:00,2021-11-16T10:23:47.291000+00:00,2022-11-24T07:27:11+00:00,"Aashish Prasad, Executive Engineer",EXECUETIVE ENGINEER,"Kankarbagh Division,Patna Municipal Corporation,Patna","Tempo Stand,Kankarbagh,Patna-20","Aashish Prasad,EXECUETIVE ENGINEER",EXECUETIVE ENGINEER,"Kankarbagh Division,Patna Municipal Corporation,Patna",3000.0,500.0,590.0
15174,BSMCL-03\2021-22/GAYA/CLUSTER-07,"EC Approved Sandghats of Gaya (Cluster - 07)
Jalahi Sand Ghat, Mohanpur Sand Ghat and Maithani Sand Ghat : (Mineable Quantity -4867388 CFT)","EC Approved Sandghats of Gaya (Cluster - 07)
Jalahi Sand Ghat, Mohanpur Sand Ghat and Maithani Sand Ghat : (Mineable Quantity -4867388 CFT)",5307285.0,INR,INR,2021-11-16 16:01:39+00:00,2021-11-16T10:03:57.255000+00:00,2021-11-27T07:27:43.394000+00:00,MUKESH KUMAR,MDO,Bihar State Mining Corporation Ltd,"VIKAS BHAWAN, PATNA",MUKESH KUMAR,MDO,Bihar State Mining Corporation Ltd,1326821.0,29500.0,590.0
15156,BSMCL-03\2021-22/GAYA/CLUSTER-02,"EC Approved Sandghats of Gaya (Cluster - 02)
Pirasin Sand Ghat & Koshila Sand Ghat : (Mineable Quantity - 8567500 CFT)","EC Approved Sandghats of Gaya (Cluster - 02)
Pirasin Sand Ghat & Koshila Sand Ghat : (Mineable Quantity - 8567500 CFT)",8052432.0,INR,INR,2021-11-16 15:50:27+00:00,2021-11-16T09:25:35.281000+00:00,2021-11-27T07:15:52.140000+00:00,MUKESH KUMAR,MDO,Bihar State Mining Corporation Ltd,"VIKAS BHAWAN, PATNA",MUKESH KUMAR,MDO,Bihar State Mining Corporation Ltd,2013108.0,29500.0,3540.0
15186,BSMCL-03\2021-22/GAYA/CLUSTER-11,"EC Approved Sandghats of Gaya (Cluster - 11)
Parewa Sand Ghat, Kenduai Sand Ghat & Bhadeja  Sand Ghat : (Mineable Quantity - 7228213 CFT)","EC Approved Sandghats of Gaya (Cluster - 11)
Parewa Sand Ghat, Kenduai Sand Ghat & Bhadeja  Sand Ghat : (Mineable Quantity - 7228213 CFT)",7027577.0,INR,INR,2021-11-16 16:10:41+00:00,2021-11-16T10:24:03.721000+00:00,2021-11-27T11:34:06.389000+00:00,MUKESH KUMAR,MDO,Bihar State Mining Corporation Ltd,"VIKAS BHAWAN, PATNA",MUKESH KUMAR,MDO,Bihar State Mining Corporation Ltd,1756894.0,29500.0,3540.0
15183,NIT-06/2021-22 Gr.-19,Special Repair Of Circular 10 Nos Well 10m Deep With Soak Pit In Ward- 30 At Nagar Nigam  Chapra In Saran Dist.,Special Repair Of Circular 10 Nos Well 10m Deep With Soak Pit In Ward- 30 At Nagar Nigam  Chapra In Saran Dist.,831137.0,INR,INR,2021-11-16 10:25:30+00:00,2021-11-16T10:19:40.652000+00:00,2022-06-15T13:15:17+00:00,SANJAY KUMAR UPADHYAY,MUNICIPAL COMMISSIONER,CHAPRA MUNICIPAL CORPORATION,"NEAR MUNICIPAL CHOWK, CHAPRA, SARAN",Sanjay Kumar Upadhyay,Municipal Commissioner,Chapra Municipal Corporation,16623.0,1250.0,590.0
15159,BSMCL-03\2021-22/GAYA/CLUSTER-03,"EC Approved Sandghats of Gaya (Cluster - 03)
Khajbatti Sand Ghat & Mocharim Sand Ghat : (Mineable Quantity -5853825 CFT)","EC Approved Sandghats of Gaya (Cluster - 03)
Khajbatti Sand Ghat & Mocharim Sand Ghat : (Mineable Quantity -5853825 CFT)",5490295.0,INR,INR,2021-11-16 15:52:34+00:00,2021-11-16T09:28:46.783000+00:00,2021-11-27T07:19:08.751000+00:00,MUKESH KUMAR,MDO,Bihar State Mining Corporation Ltd,"VIKAS BHAWAN, PATNA",MUKESH KUMAR,MDO,Bihar State Mining Corporation Ltd,1372574.0,29500.0,590.0
15182,BSMCL-03\2021-22/GAYA/CLUSTER-10,"EC Approved Sandghats of Gaya (Cluster - 10)
Chotiya Sand Ghat & Chotiya II Sand Ghat : (Mineable Quantity - 12946400 CFT)","EC Approved Sandghats of Gaya (Cluster - 10)
Chotiya Sand Ghat & Chotiya II Sand Ghat : (Mineable Quantity - 12946400 CFT)",10651171.0,INR,INR,2021-11-16 16:07:54+00:00,2021-11-16T10:19:10.731000+00:00,2021-11-26T13:44:41.976000+00:00,MUKESH KUMAR,MDO,Bihar State Mining Corporation Ltd,"VIKAS BHAWAN, PATNA",MUKESH KUMAR,MDO,Bihar State Mining Corporation Ltd,2662793.0,29500.0,3540.0
15190,BSMCL-03\2021-22/GAYA/CLUSTER-12,"EC Approved Sandghats of Gaya (Cluster - 12)
Bhusanda Sand Ghat & Ramshila  Sand Ghat : (Mineable Quantity - 4530825 CFT)","EC Approved Sandghats of Gaya (Cluster - 12)
Bhusanda Sand Ghat & Ramshila  Sand Ghat : (Mineable Quantity - 4530825 CFT)",4392236.0,INR,INR,2021-11-16 16:15:02+00:00,2021-11-16T10:30:33.615000+00:00,2021-11-27T07:00:53.030000+00:00,MUKESH KUMAR,MDO,Bihar State Mining Corporation Ltd,"VIKAS BHAWAN, PATNA",MUKESH KUMAR,MDO,Bihar State Mining Corporation Ltd,1098059.0,29500.0,590.0
15193,NIT-06/2021-22 Gr.-22,Renovation of Usable Public Wells (Circular) size of 2.0 m dia x 10.0 m deep well with 2.3 m wide circular plateform & 1.0 m dia x 2.0 m deep Soakpit in ward no. -33 under Municipal Corporation Chapra for the year 2021-22,Renovation of Usable Public Wells (Circular) size of 2.0 m dia x 10.0 m deep well with 2.3 m wide circular plateform & 1.0 m dia x 2.0 m deep Soakpit in ward no. -33 under Municipal Corporation Chapra for the year 2021-22,681349.0,INR,INR,2021-11-16 10:36:23+00:00,2021-11-16T10:33:44.420000+00:00,2022-06-10T02:17:51+00:00,SANJAY KUMAR UPADHYAY,MUNICIPAL COMMISSIONER,CHAPRA MUNICIPAL CORPORATION,"NEAR MUNICIPAL CHOWK, CHAPRA, SARAN",Sanjay Kumar Upadhyay,Municipal Commissioner,Chapra Municipal Corporation,13627.0,1250.0,590.0
15187,NIT-06/2021-22 Gr.-20,Renovation of Usable Public Wells (Circular) size of 2.0 m dia x 10.0 m deep well with 2.3 m wide circular plateform & 1.0 m dia x 2.0 m deep Soakpit in ward no. -31 under Municipal Corporation Chapra for the year 2021-22,Renovation of Usable Public Wells (Circular) size of 2.0 m dia x 10.0 m deep well with 2.3 m wide circular plateform & 1.0 m dia x 2.0 m deep Soakpit in ward no. -31 under Municipal Corporation Chapra for the year 2021-22,194673.0,INR,INR,2021-11-16 10:28:52+00:00,2021-11-16T10:26:08.783000+00:00,2022-12-17T11:10:03+00:00,SANJAY KUMAR UPADHYAY,MUNICIPAL COMMISSIONER,CHAPRA MUNICIPAL CORPORATION,"NEAR MUNICIPAL CHOWK, CHAPRA, SARAN",Sanjay Kumar Upadhyay,Municipal Commissioner,Chapra Municipal Corporation,3894.0,500.0,590.0
15177,"12/E/KAN/2021, Group No.-20","Construction of Under Ground Drain From House of Shanti Singh to 
South Povine School Under Ward NO-35 of P.M.C Patna","Construction of Under Ground Drain From House of Shanti Singh to 
South Povine School Under Ward NO-35 of P.M.C Patna",614000.0,INR,INR,2021-11-16 10:21:04+00:00,2021-11-16T10:12:55.208000+00:00,2021-12-06T07:20:55+00:00,"Aashish Prasad, Executive Engineer",EXECUETIVE ENGINEER,"Kankarbagh Division,Patna Municipal Corporation,Patna","Tempo Stand,Kankarbagh,Patna-20","Aashish Prasad,EXECUETIVE ENGINEER",EXECUETIVE ENGINEER,"Kankarbagh Division,Patna Municipal Corporation,Patna",12300.0,1250.0,590.0
15189,NIT-06/2021-22 Gr.-21,Renovation of Usable Public Wells (Circular) size of 2.0 m dia x 10.0 m deep well with 2.3 m wide circular plateform & 1.0 m dia x 2.0 m deep Soakpit in ward no. -32 under Municipal Corporation Chapra for the year 2021-22,Renovation of Usable Public Wells (Circular) size of 2.0 m dia x 10.0 m deep well with 2.3 m wide circular plateform & 1.0 m dia x 2.0 m deep Soakpit in ward no. -32 under Municipal Corporation Chapra for the year 2021-22,97334.0,INR,INR,2021-11-16 10:33:18+00:00,2021-11-16T10:29:21.346000+00:00,2022-06-28T10:03:53+00:00,SANJAY KUMAR UPADHYAY,MUNICIPAL COMMISSIONER,CHAPRA MUNICIPAL CORPORATION,"NEAR MUNICIPAL CHOWK, CHAPRA, SARAN",Sanjay Kumar Upadhyay,Municipal Commissioner,Chapra Municipal Corporation,1947.0,500.0,590.0
15192,"12/E/KAN/2021, Group No.-22","Construction of Under Ground Drain and PCC Road From Kankarbagh 
Main Road Yamuna Engineering to Brijnandan Rai Under Ward NO-35 of P.M.C Patna","Construction of Under Ground Drain and PCC Road From Kankarbagh 
Main Road Yamuna Engineering to Brijnandan Rai Under Ward NO-35 of P.M.C Patna",692600.0,INR,INR,2021-11-16 10:41:26+00:00,2021-11-16T10:33:17.362000+00:00,2021-12-06T07:32:39+00:00,"Aashish Prasad, Executive Engineer",EXECUETIVE ENGINEER,"Kankarbagh Division,Patna Municipal Corporation,Patna","Tempo Stand,Kankarbagh,Patna-20","Aashish Prasad,EXECUETIVE ENGINEER",EXECUETIVE ENGINEER,"Kankarbagh Division,Patna Municipal Corporation,Patna",13900.0,1250.0,590.0
15201,"12/E/KAN/2021, Group No.-23","Construction of Under Ground Drain Near Jahaji Kothi Under Ward 
NO-35 of P.M.C Patna","Construction of Under Ground Drain Near Jahaji Kothi Under Ward 
NO-35 of P.M.C Patna",95300.0,INR,INR,2021-11-16 10:52:52+00:00,2021-11-16T10:43:09.913000+00:00,2022-10-06T09:20:56+00:00,"Aashish Prasad, Executive Engineer",EXECUETIVE ENGINEER,"Kankarbagh Division,Patna Municipal Corporation,Patna","Tempo Stand,Kankarbagh,Patna-20","Aashish Prasad,EXECUETIVE ENGINEER",EXECUETIVE ENGINEER,"Kankarbagh Division,Patna Municipal Corporation,Patna",2000.0,500.0,590.0
15196,NIT-06/2021-22 Gr.-23,Renovation of Usable Public Wells (Circular) size of 2.0 m dia x 10.0 m deep well with 2.3 m wide circular plateform & 1.0 m dia x 2.0 m deep Soakpit in ward no. -34 under Municipal Corporation Chapra for the year 2021-22,Renovation of Usable Public Wells (Circular) size of 2.0 m dia x 10.0 m deep well with 2.3 m wide circular plateform & 1.0 m dia x 2.0 m deep Soakpit in ward no. -34 under Municipal Corporation Chapra for the year 2021-22,97334.0,INR,INR,2021-11-16 10:39:17+00:00,2021-11-16T10:36:59.109000+00:00,2021-11-22T09:31:00+00:00,SANJAY KUMAR UPADHYAY,MUNICIPAL COMMISSIONER,CHAPRA MUNICIPAL CORPORATION,"NEAR MUNICIPAL CHOWK, CHAPRA, SARAN",Sanjay Kumar Upadhyay,Municipal Commissioner,Chapra Municipal Corporation,1947.0,500.0,590.0
15205,NPR-05/2021-22 PART A GR- 02,Construction of RCC Drain from the house of Kapil Sahani to the house of Ashok Sahani  in Ward No.2 under Nagar Panchayat Rosera for the Year 2019-20,Construction of RCC Drain from the house of Kapil Sahani to the house of Ashok Sahani  in Ward No.2 under Nagar Panchayat Rosera for the Year 2019-20,899614.0,INR,INR,2021-11-16 11:26:59+00:00,2021-11-16T10:47:13.279000+00:00,2021-12-02T09:31:00+00:00,"EXECUTIVE OFFICER, RAMGARH",EXECUTIVE OFFICER RAMGARH,NAGAR PANCHAYAT RAMGARH,DEWHALIA ROAD RAMGARH,Neshat Alam,EXECUTIVE OFFICER,Nagar Parishad Rosera,18000.0,1250.0,590.0
15203,NIT-06/2021-22 Gr.-26,Renovation of Usable Public Wells (Circular) size of 2.0 m & 3.0m dia x 10.0 m deep well with 2.3 m wide circular plateform & 1.0 m dia x 2.0 m deep Soakpit in ward no. -39 under Municipal Corporation Chapra for the year 2021-22,Renovation of Usable Public Wells (Circular) size of 2.0 m & 3.0m dia x 10.0 m deep well with 2.3 m wide circular plateform & 1.0 m dia x 2.0 m deep Soakpit in ward no. -39 under Municipal Corporation Chapra for the year 2021-22,1608677.0,INR,INR,2021-11-16 10:48:10+00:00,2021-11-16T10:45:55.323000+00:00,2022-06-29T11:51:41+00:00,SANJAY KUMAR UPADHYAY,MUNICIPAL COMMISSIONER,CHAPRA MUNICIPAL CORPORATION,"NEAR MUNICIPAL CHOWK, CHAPRA, SARAN",Sanjay Kumar Upadhyay,Municipal Commissioner,Chapra Municipal Corporation,32174.0,5000.0,590.0
15197,NIT-06/2021-22 Gr.-24,Renovation of Usable Public Wells (Circular) size of 2.0 m dia x 10.0 m deep well with 2.3 m wide circular plateform & 1.0 m dia x 2.0 m deep Soakpit in ward no. -36 under Municipal Corporation Chapra for the year 2021-22,Renovation of Usable Public Wells (Circular) size of 2.0 m dia x 10.0 m deep well with 2.3 m wide circular plateform & 1.0 m dia x 2.0 m deep Soakpit in ward no. -36 under Municipal Corporation Chapra for the year 2021-22,97334.0,INR,INR,2021-11-16 10:42:18+00:00,2021-11-16T10:39:51.160000+00:00,2022-06-15T13:47:21+00:00,SANJAY KUMAR UPADHYAY,MUNICIPAL COMMISSIONER,CHAPRA MUNICIPAL CORPORATION,"NEAR MUNICIPAL CHOWK, CHAPRA, SARAN",Sanjay Kumar Upadhyay,Municipal Commissioner,Chapra Municipal Corporation,1947.0,500.0,590.0
15206,NIT-06/2021-22 Gr.-27,Renovation of Usable Public Wells (Circular) size of 2.0 m & 3.80m dia x 10.0 m deep well with 2.3 m wide circular plateform & 1.0 m dia x 2.0 m deep Soakpit in ward no. -40 under Municipal Corporation Chapra for the year 2021-22,Renovation of Usable Public Wells (Circular) size of 2.0 m & 3.80m dia x 10.0 m deep well with 2.3 m wide circular plateform & 1.0 m dia x 2.0 m deep Soakpit in ward no. -40 under Municipal Corporation Chapra for the year 2021-22,1793181.0,INR,INR,2021-11-16 10:52:16+00:00,2021-11-16T10:48:48.791000+00:00,2022-06-15T12:57:58+00:00,SANJAY KUMAR UPADHYAY,MUNICIPAL COMMISSIONER,CHAPRA MUNICIPAL CORPORATION,"NEAR MUNICIPAL CHOWK, CHAPRA, SARAN",Sanjay Kumar Upadhyay,Municipal Commissioner,Chapra Municipal Corporation,35864.0,5000.0,590.0
15195,BSMCL-03\2021-22/GAYA/CLUSTER-13,"EC Approved Sandghats of Gaya (Cluster - 13)
Telbigha Sand Ghat & Dalel Chak  Sand Ghat : (Mineable Quantity - 3755475 CFT)","EC Approved Sandghats of Gaya (Cluster - 13)
Telbigha Sand Ghat & Dalel Chak  Sand Ghat : (Mineable Quantity - 3755475 CFT)",2196117.81,INR,INR,2021-11-16 16:17:06+00:00,2021-11-16T10:36:13.622000+00:00,2021-11-27T06:56:33.672000+00:00,MUKESH KUMAR,MDO,Bihar State Mining Corporation Ltd,"VIKAS BHAWAN, PATNA",MUKESH KUMAR,MDO,Bihar State Mining Corporation Ltd,549029.45,29500.0,590.0
15212,"12/E/KAN/2021, Group No.-24","Estimate for Construction of U/G Drains Jaleshwar Mandir 
 Balaji Office Under Ward No-44 of PMC,Patna","Estimate for Construction of U/G Drains Jaleshwar Mandir 
 Balaji Office Under Ward No-44 of PMC,Patna",133200.0,INR,INR,2021-11-16 11:03:15+00:00,2021-11-16T10:54:24.228000+00:00,2022-03-31T09:55:51+00:00,"Aashish Prasad, Executive Engineer",EXECUETIVE ENGINEER,"Kankarbagh Division,Patna Municipal Corporation,Patna","Tempo Stand,Kankarbagh,Patna-20","Aashish Prasad,EXECUETIVE ENGINEER",EXECUETIVE ENGINEER,"Kankarbagh Division,Patna Municipal Corporation,Patna",2700.0,500.0,590.0
15208,BSMCL-03\2021-22/GAYA/CLUSTER-16,"EC Approved Sandghats of Gaya (Cluster - 16)
Alipur Sand Ghat : (Mineable Quantity - 12457800 CFT)","EC Approved Sandghats of Gaya (Cluster - 16)
Alipur Sand Ghat : (Mineable Quantity - 12457800 CFT)",11163599.0,INR,INR,2021-11-16 16:23:10+00:00,2021-11-16T10:50:08.530000+00:00,2021-11-26T13:52:18.418000+00:00,MUKESH KUMAR,MDO,Bihar State Mining Corporation Ltd,"VIKAS BHAWAN, PATNA",MUKESH KUMAR,MDO,Bihar State Mining Corporation Ltd,2790900.0,29500.0,3540.0
15223,"12/E/KAN/2021, Group No.-25","Construction of U/G Drains from L.I.G Chandra Bhushan Singh
 House to L.I.G Block Under Ward No-44 of PMC,Patna.","Construction of U/G Drains from L.I.G Chandra Bhushan Singh
 House to L.I.G Block Under Ward No-44 of PMC,Patna.",410800.0,INR,INR,2021-11-16 11:13:52+00:00,2021-11-16T11:04:51.320000+00:00,2022-03-31T10:03:43+00:00,"Aashish Prasad, Executive Engineer",EXECUETIVE ENGINEER,"Kankarbagh Division,Patna Municipal Corporation,Patna","Tempo Stand,Kankarbagh,Patna-20","Aashish Prasad,EXECUETIVE ENGINEER",EXECUETIVE ENGINEER,"Kankarbagh Division,Patna Municipal Corporation,Patna",8300.0,750.0,590.0
15222,NIT-06/2021-22 Gr.-30,Construction Of 15 Nos Soak Pit Near Handpump From Ward No 1 To 15  At Nagar Nigam Chapra.,Construction Of 15 Nos Soak Pit Near Handpump From Ward No 1 To 15  At Nagar Nigam Chapra.,261647.0,INR,INR,2021-11-16 11:05:28+00:00,2021-11-16T11:03:12.785000+00:00,2022-06-15T13:36:34+00:00,SANJAY KUMAR UPADHYAY,MUNICIPAL COMMISSIONER,CHAPRA MUNICIPAL CORPORATION,"NEAR MUNICIPAL CHOWK, CHAPRA, SARAN",Sanjay Kumar Upadhyay,Municipal Commissioner,Chapra Municipal Corporation,5233.0,750.0,590.0
15198,BSMCL-03\2021-22/GAYA/CLUSTER-14,"EC Approved Sandghats of Gaya (Cluster - 14)
Bihto Sarit Sand Ghat, Mathiyapur Sand Ghat & Teneri  Sand Ghat : (Mineable Quantity - 11793150 CFT)","EC Approved Sandghats of Gaya (Cluster - 14)
Bihto Sarit Sand Ghat, Mathiyapur Sand Ghat & Teneri  Sand Ghat : (Mineable Quantity - 11793150 CFT)",10907385.0,INR,INR,2021-11-16 16:19:34+00:00,2021-11-16T10:40:51.575000+00:00,2021-11-27T06:50:53.126000+00:00,MUKESH KUMAR,MDO,Bihar State Mining Corporation Ltd,"VIKAS BHAWAN, PATNA",MUKESH KUMAR,MDO,Bihar State Mining Corporation Ltd,2726846.0,29500.0,3540.0
15202,BSMCL-03\2021-22/GAYA/CLUSTER-15,"EC Approved Sandghats of Gaya (Cluster - 15)
Sadipur Sand Ghat & Kukiyaasin  Sand Ghat : (Mineable Quantity - 11829425 CFT)","EC Approved Sandghats of Gaya (Cluster - 15)
Sadipur Sand Ghat & Kukiyaasin  Sand Ghat : (Mineable Quantity - 11829425 CFT)",10394958.0,INR,INR,2021-11-16 16:21:30+00:00,2021-11-16T10:45:20.603000+00:00,2021-11-27T11:38:01.915000+00:00,MUKESH KUMAR,MDO,Bihar State Mining Corporation Ltd,"VIKAS BHAWAN, PATNA",MUKESH KUMAR,MDO,Bihar State Mining Corporation Ltd,2598739.0,29500.0,3540.0
15218,NIT-06/2021-22 Gr.-29,Renovation of Usable Public Wells (Circular) size of 2.0 m dia x 10.0 m deep well with 2.3 m wide circular plateform & 1.0 m dia x 2.0 m deep Soakpit in ward no. -45 under Municipal Corporation Chapra for the year 2021-22,Renovation of Usable Public Wells (Circular) size of 2.0 m dia x 10.0 m deep well with 2.3 m wide circular plateform & 1.0 m dia x 2.0 m deep Soakpit in ward no. -45 under Municipal Corporation Chapra for the year 2021-22,1265316.0,INR,INR,2021-11-16 11:01:27+00:00,2021-11-16T10:58:45.168000+00:00,2022-06-28T10:11:22+00:00,SANJAY KUMAR UPADHYAY,MUNICIPAL COMMISSIONER,CHAPRA MUNICIPAL CORPORATION,"NEAR MUNICIPAL CHOWK, CHAPRA, SARAN",Sanjay Kumar Upadhyay,Municipal Commissioner,Chapra Municipal Corporation,25307.0,2500.0,590.0
15211,NIT-06/2021-22 Gr.-28,Renovation of Usable Public Wells (Circular) size of 2.0m & 3.0m dia x 10.0 m deep well with 2.3 m wide circular plateform & 1.0 m dia x 2.0 m deep Soakpit in ward no. -44 (..) under Municipal Corporation Chapra for the year 2021-22,Renovation of Usable Public Wells (Circular) size of 2.0m & 3.0m dia x 10.0 m deep well with 2.3 m wide circular plateform & 1.0 m dia x 2.0 m deep Soakpit in ward no. -44 (..) under Municipal Corporation Chapra for the year 2021-22,2449181.0,INR,INR,2021-11-16 10:57:58+00:00,2021-11-16T10:54:17.324000+00:00,2022-04-21T11:18:00+00:00,SANJAY KUMAR UPADHYAY,MUNICIPAL COMMISSIONER,CHAPRA MUNICIPAL CORPORATION,"NEAR MUNICIPAL CHOWK, CHAPRA, SARAN",Sanjay Kumar Upadhyay,Municipal Commissioner,Chapra Municipal Corporation,48984.0,5000.0,590.0
15200,NIT-06/2021-22 Gr.-25,Renovation of Usable Public Wells (Circular) size of 2.0 m &3.0m dia x 10.0 m deep well with 2.3 m wide circular plateform & 1.0 m dia x 2.0 m deep Soakpit in ward no. -37 under Municipal Corporation Chapra for the year 2021-22,Renovation of Usable Public Wells (Circular) size of 2.0 m &3.0m dia x 10.0 m deep well with 2.3 m wide circular plateform & 1.0 m dia x 2.0 m deep Soakpit in ward no. -37 under Municipal Corporation Chapra for the year 2021-22,840547.0,INR,INR,2021-11-16 10:45:23+00:00,2021-11-16T10:42:46.214000+00:00,2022-12-17T11:27:40+00:00,SANJAY KUMAR UPADHYAY,MUNICIPAL COMMISSIONER,CHAPRA MUNICIPAL CORPORATION,"NEAR MUNICIPAL CHOWK, CHAPRA, SARAN",Sanjay Kumar Upadhyay,Municipal Commissioner,Chapra Municipal Corporation,16811.0,1250.0,590.0
15227,BSMCL-03\2021-22/GAYA/CLUSTER-17,"EC Approved Sandghats of Gaya (Cluster - 17)
Shanti Nagar Sand Ghat : (Mineable Quantity - 13177525 CFT)","EC Approved Sandghats of Gaya (Cluster - 17)
Shanti Nagar Sand Ghat : (Mineable Quantity - 13177525 CFT)",11163599.0,INR,INR,2021-11-16 16:24:49+00:00,2021-11-16T11:06:47.426000+00:00,2021-11-27T08:44:23.305000+00:00,MUKESH KUMAR,MDO,Bihar State Mining Corporation Ltd,"VIKAS BHAWAN, PATNA",MUKESH KUMAR,MDO,Bihar State Mining Corporation Ltd,2790900.0,29500.0,3540.0
15230,NIT-06/2021-22 Gr.-32,Construction Of 15 Nos Soak Pit Near Handpump From Ward No 31 To 45  At Nagar Nigam Chapra.,Construction Of 15 Nos Soak Pit Near Handpump From Ward No 31 To 45  At Nagar Nigam Chapra.,261647.0,INR,INR,2021-11-16 11:11:14+00:00,2021-11-16T11:09:06.370000+00:00,2021-11-22T09:31:00+00:00,SANJAY KUMAR UPADHYAY,MUNICIPAL COMMISSIONER,CHAPRA MUNICIPAL CORPORATION,"NEAR MUNICIPAL CHOWK, CHAPRA, SARAN",Sanjay Kumar Upadhyay,Municipal Commissioner,Chapra Municipal Corporation,5233.0,750.0,590.0
15240,BSMCL-03/2021-2022/AURANGABAD/CLUSTER-8,"EC Approved Sand Ghat of Aurangabad (Cluster-8) 
SAHASPUR-1 GHAT AND KARMKILA 1 :( MINEABLE QUANTITY-2670192 CFT)","EC Approved Sand Ghat of Aurangabad (Cluster-8) 
SAHASPUR-1 GHAT AND KARMKILA 1 :( MINEABLE QUANTITY-2670192 CFT)",15715831.0,INR,INR,2021-11-16 13:28:05+00:00,2021-11-16T11:15:35.670000+00:00,2021-11-26T10:40:43.992000+00:00,ANIL KUMAR,MDO,Bihar State Mining Corporation Limited,"VIKASH BHAWAN, PATNA",ANIL KUMAR,MDO,Bihar State Mining Corporation Limited,3928958.0,29500.0,3540.0
15236,BSMCL-03\2021-22/GAYA/CLUSTER-19,"EC Approved Sandghats of Gaya (Cluster - 19)
Deogaon Sand Ghat : (Mineable Quantity - 9905400 CFT)","EC Approved Sandghats of Gaya (Cluster - 19)
Deogaon Sand Ghat : (Mineable Quantity - 9905400 CFT)",8052432.0,INR,INR,2021-11-16 16:28:16+00:00,2021-11-16T11:14:36.075000+00:00,2021-11-26T13:48:53.713000+00:00,MUKESH KUMAR,MDO,Bihar State Mining Corporation Ltd,"VIKAS BHAWAN, PATNA",MUKESH KUMAR,MDO,Bihar State Mining Corporation Ltd,2013108.0,29500.0,3540.0
15242,BSMCL-03/2021-2022/AURANGABAD/CLUSTER-9,"EC Approved Sand Ghat of Aurangabad (Cluster-9) 
DHAMNI-1 GHAT AND ANIKAT 1 :( MINEABLE QUANTITY-2670192 CFT)","EC Approved Sand Ghat of Aurangabad (Cluster-9) 
DHAMNI-1 GHAT AND ANIKAT 1 :( MINEABLE QUANTITY-2670192 CFT)",15715831.0,INR,INR,2021-11-16 13:29:58+00:00,2021-11-16T11:18:44.963000+00:00,2021-11-26T10:43:38.805000+00:00,ANIL KUMAR,MDO,Bihar State Mining Corporation Limited,"VIKASH BHAWAN, PATNA",ANIL KUMAR,MDO,Bihar State Mining Corporation Limited,3928958.0,29500.0,3540.0
15244,BSMCL-03/2021-22/PATNA/CLUSTER- 07,"EC Approved Sandghats of Patna (Cluster-07)
Jalpura Masaurha Sand Ghat: ( MINEABLE QUANTITY -  15684368 ?CFT).","EC Approved Sandghats of Patna (Cluster-07)
Jalpura Masaurha Sand Ghat: ( MINEABLE QUANTITY -  15684368 ?CFT).",39777750.0,INR,INR,2021-11-16 16:49:38+00:00,2021-11-16T11:19:21.876000+00:00,2021-11-26T12:43:15.636000+00:00,Ghanshyam Jha,"M.D.O, Muzaffarpur",Bihar State Mining Corporation Ltd.,"Vikash Bhawan (New Secretariat),  Bailey, Road, Patna- 800015",Ghanshyam Jha,"M.D.O, Muzaffarpur",Bihar State Mining Corporation Ltd.,9944438.0,29500.0,5900.0
15226,NIT-06/2021-22 Gr.-31,Construction Of 15 Nos Soak Pit Near Handpump From Ward No 16 To 30  At Nagar Nigam Chapra.,Construction Of 15 Nos Soak Pit Near Handpump From Ward No 16 To 30  At Nagar Nigam Chapra.,261647.0,INR,INR,2021-11-16 11:08:18+00:00,2021-11-16T11:05:59.377000+00:00,2021-11-22T09:31:00+00:00,SANJAY KUMAR UPADHYAY,MUNICIPAL COMMISSIONER,CHAPRA MUNICIPAL CORPORATION,"NEAR MUNICIPAL CHOWK, CHAPRA, SARAN",Sanjay Kumar Upadhyay,Municipal Commissioner,Chapra Municipal Corporation,5233.0,750.0,590.0
15251,BSMCL-03/2021-22/Jamui/CLUSTER-7,"EC approved Sandghat of Jamui (Cluster-7)
(Auraia) (Minable Quantity- 10062087.5CFT)","EC approved Sandghat of Jamui (Cluster-7)
(Auraia) (Minable Quantity- 10062087.5CFT)",14163579.0,INR,INR,2021-11-16 14:05:05+00:00,2021-11-16T11:25:42.013000+00:00,2021-11-26T11:51:46.456000+00:00,Lal Bihari Prasad,MDO,Bihar State Mining Corporation Ltd,"Vikash Bhawan, Patna",Lal Bihari Prasad,MDO,Bihar State Mining Corporation Ltd,3540895.0,29500.0,3540.0
15254,"12/E/KAN/2021, Group No.-27","Construction of U/G Drains from State Bank Gali Hanuman Nagar
 K523 Under Ward No-44 of PMC,Patna.","Construction of U/G Drains from State Bank Gali Hanuman Nagar
 K523 Under Ward No-44 of PMC,Patna.",87800.0,INR,INR,2021-11-16 11:33:57+00:00,2021-11-16T11:26:23.151000+00:00,2022-03-31T10:17:03+00:00,"Aashish Prasad, Executive Engineer",EXECUETIVE ENGINEER,"Kankarbagh Division,Patna Municipal Corporation,Patna","Tempo Stand,Kankarbagh,Patna-20","Aashish Prasad,EXECUETIVE ENGINEER",EXECUETIVE ENGINEER,"Kankarbagh Division,Patna Municipal Corporation,Patna",1800.0,500.0,590.0
15245,BSMCL03/-2021-22/Jamui/CLUSTER-6,"EC approved Sandghat of Jamui (Cluster-6)
(Lotun & Ratantur) (Minable Quantity- 9973037.5CFT)","EC approved Sandghat of Jamui (Cluster-6)
(Lotun & Ratantur) (Minable Quantity- 9973037.5CFT)",14163579.0,INR,INR,2021-11-16 14:03:35+00:00,2021-11-16T11:20:53.861000+00:00,2021-11-26T11:43:35.630000+00:00,Lal Bihari Prasad,MDO,Bihar State Mining Corporation Ltd,"Vikash Bhawan, Patna",Lal Bihari Prasad,MDO,Bihar State Mining Corporation Ltd,3540895.0,29500.0,3540.0
15243,BSMCL-03\2021-22/GAYA/CLUSTER-20,"EC Approved Sandghats of Gaya (Cluster - 20)
Sundar/Belbigha Sand Ghat : (Mineable Quantity - 10086163 CFT)","EC Approved Sandghats of Gaya (Cluster - 20)
Sundar/Belbigha Sand Ghat : (Mineable Quantity - 10086163 CFT)",8418452.0,INR,INR,2021-11-16 16:30:01+00:00,2021-11-16T11:19:08.030000+00:00,2021-11-27T08:31:20.140000+00:00,MUKESH KUMAR,MDO,Bihar State Mining Corporation Ltd,"VIKAS BHAWAN, PATNA",MUKESH KUMAR,MDO,Bihar State Mining Corporation Ltd,2104613.0,29500.0,3540.0
15231,BSMCL-03/2021-2022/AURANGABAD/CLUSTER-7,"EC Approved Sand Ghat of Aurangabad (Cluster-7) 
MAJHIYAMA GHAT AND SHEIKHPURA 1 :( MINEABLE QUANTITY-2484129.75 CFT)","EC Approved Sand Ghat of Aurangabad (Cluster-7) 
MAJHIYAMA GHAT AND SHEIKHPURA 1 :( MINEABLE QUANTITY-2484129.75 CFT)",15715831.0,INR,INR,2021-11-16 13:26:02+00:00,2021-11-16T11:09:54.243000+00:00,2021-11-26T10:19:36.486000+00:00,ANIL KUMAR,MDO,Bihar State Mining Corporation Limited,"VIKASH BHAWAN, PATNA",ANIL KUMAR,MDO,Bihar State Mining Corporation Limited,3928958.0,29500.0,3540.0
15257,BSMCL-03\2021-22/GAYA/CLUSTER-22,"EC Approved Sandghats of Gaya (Cluster - 22)
Khijasarai Sand Ghat : (Mineable Quantity - 8057750 CFT)","EC Approved Sandghats of Gaya (Cluster - 22)
Khijasarai Sand Ghat : (Mineable Quantity - 8057750 CFT)",6771363.0,INR,INR,2021-11-16 16:33:08+00:00,2021-11-16T11:29:14.091000+00:00,2021-11-26T13:39:28.157000+00:00,MUKESH KUMAR,MDO,Bihar State Mining Corporation Ltd,"VIKAS BHAWAN, PATNA",MUKESH KUMAR,MDO,Bihar State Mining Corporation Ltd,1692841.0,29500.0,590.0
15239,"12/E/KAN/2021, Group No.-26","Estimate for Construction of U/G Cross Drains work from MIG
 Under Ward No-44 of PMC,Patna.","Estimate for Construction of U/G Cross Drains work from MIG
 Under Ward No-44 of PMC,Patna.",95100.0,INR,INR,2021-11-16 11:24:47+00:00,2021-11-16T11:15:31.528000+00:00,2022-03-31T10:11:52+00:00,"Aashish Prasad, Executive Engineer",EXECUETIVE ENGINEER,"Kankarbagh Division,Patna Municipal Corporation,Patna","Tempo Stand,Kankarbagh,Patna-20","Aashish Prasad,EXECUETIVE ENGINEER",EXECUETIVE ENGINEER,"Kankarbagh Division,Patna Municipal Corporation,Patna",2000.0,500.0,590.0
15267,"12/E/KAN/2021, Group No.-28","Construction of RCC Cover of Box Nala Rajendra Nagar 
Station Under Ward No- 45 of P.M.C Patna.","Construction of RCC Cover of Box Nala Rajendra Nagar 
Station Under Ward No- 45 of P.M.C Patna.",438400.0,INR,INR,2021-11-16 11:43:00+00:00,2021-11-16T11:35:20.901000+00:00,2022-02-07T06:05:16+00:00,"Aashish Prasad, Executive Engineer",EXECUETIVE ENGINEER,"Kankarbagh Division,Patna Municipal Corporation,Patna","Tempo Stand,Kankarbagh,Patna-20","Aashish Prasad,EXECUETIVE ENGINEER",EXECUETIVE ENGINEER,"Kankarbagh Division,Patna Municipal Corporation,Patna",8800.0,750.0,590.0
15255,BSMCL-03/2021-2022/AURANGABAD/CLUSTER-12,"EC Approved Sand Ghat of Aurangabad (Cluster-12) 
KESAO GHAT  :( MINEABLE QUANTITY-6675480 CFT)","EC Approved Sand Ghat of Aurangabad (Cluster-12) 
KESAO GHAT  :( MINEABLE QUANTITY-6675480 CFT)",39289578.0,INR,INR,2021-11-16 13:35:03+00:00,2021-11-16T11:26:43.318000+00:00,2021-11-26T10:47:15.721000+00:00,ANIL KUMAR,MDO,Bihar State Mining Corporation Limited,"VIKASH BHAWAN, PATNA",ANIL KUMAR,MDO,Bihar State Mining Corporation Limited,9822395.0,29500.0,5900.0
15261,BSMCL-03/2021-22/ROHTAS/CLUSTER-01,"EC APPROVED SANDGHATS OF ROHTAS (CLUSTER-01)
AMIYAWAR GHAT A (MINEABLE QUANTITY - 7626960 CFT)","EC APPROVED SANDGHATS OF ROHTAS (CLUSTER-01)
AMIYAWAR GHAT A (MINEABLE QUANTITY - 7626960 CFT)",65990508.0,INR,INR,2021-11-16 15:03:19+00:00,2021-11-16T11:31:11.488000+00:00,2021-11-26T11:44:57.854000+00:00,AKHLAK HUSSAIN,MDO,Bihar State Mining Corporation Ltd,"VIKASH BHAWAN, PATNA",AKHLAK HUSSAIN,MDO,Bihar State Mining Corporation Ltd,16497627.0,29500.0,5900.0
15271,BSMCL-03/2021-2022/AURANGABAD/CLUSTER-16,"EC Approved Sand Ghat of Aurangabad (Cluster-16) 
DIHRA B GHAT  :( MINEABLE QUANTITY-6675480 CFT)","EC Approved Sand Ghat of Aurangabad (Cluster-16) 
DIHRA B GHAT  :( MINEABLE QUANTITY-6675480 CFT)",39289578.0,INR,INR,2021-11-16 13:42:17+00:00,2021-11-16T11:38:39.935000+00:00,2021-11-26T10:53:28.746000+00:00,ANIL KUMAR,MDO,Bihar State Mining Corporation Limited,"VIKASH BHAWAN, PATNA",ANIL KUMAR,MDO,Bihar State Mining Corporation Limited,9822395.0,29500.0,5900.0
15274,BSMCL-03\2021-22/GAYA/CLUSTER-24,"EC Approved Sandghats of Gaya (Cluster - 24)
Dhuwa Sand Ghat, Dedor Sand Ghat & Tarawan Sand Ghat : (Mineable Quantity - 8758513 CFT)","EC Approved Sandghats of Gaya (Cluster - 24)
Dhuwa Sand Ghat, Dedor Sand Ghat & Tarawan Sand Ghat : (Mineable Quantity - 8758513 CFT)",9150491.0,INR,INR,2021-11-16 16:36:31+00:00,2021-11-16T11:42:04.466000+00:00,2021-11-27T07:45:50.974000+00:00,MUKESH KUMAR,MDO,Bihar State Mining Corporation Ltd,"VIKAS BHAWAN, PATNA",MUKESH KUMAR,MDO,Bihar State Mining Corporation Ltd,2287623.0,29500.0,3540.0
15259,BSMCL-03/2021-2022/AURANGABAD/CLUSTER-13,"EC Approved Sand Ghat of Aurangabad (Cluster-13) 
GATHOLI GHAT AND DIHRA GHAT-2  :( MINEABLE QUANTITY-8753537.5 CFT)","EC Approved Sand Ghat of Aurangabad (Cluster-13) 
GATHOLI GHAT AND DIHRA GHAT-2  :( MINEABLE QUANTITY-8753537.5 CFT)",24848475.0,INR,INR,2021-11-16 13:36:32+00:00,2021-11-16T11:30:35.729000+00:00,2021-11-26T10:50:11.139000+00:00,ANIL KUMAR,MDO,Bihar State Mining Corporation Limited,"VIKASH BHAWAN, PATNA",ANIL KUMAR,MDO,Bihar State Mining Corporation Limited,6212119.0,29500.0,3540.0
15279,BSMCL-03/2021-2022/AURANGABAD/CLUSTER-19,"EC Approved Sand Ghat of Aurangabad (Cluster-19) 
EMAMBARA GHAT  :( MINEABLE QUANTITY-6675480 CFT)","EC Approved Sand Ghat of Aurangabad (Cluster-19) 
EMAMBARA GHAT  :( MINEABLE QUANTITY-6675480 CFT)",39289578.0,INR,INR,2021-11-16 13:53:18+00:00,2021-11-16T11:44:49.838000+00:00,2021-11-26T10:56:10.563000+00:00,ANIL KUMAR,MDO,Bihar State Mining Corporation Limited,"VIKASH BHAWAN, PATNA",ANIL KUMAR,MDO,Bihar State Mining Corporation Limited,9822395.0,29500.0,5900.0
15262,BSMCL-03/2021-22/Jamui/CLUSTER-9,"EC approved Sandghat of Jamui (Cluster-9)
(Lipatwa) (Minable Quantity- 9272975CFT)","EC approved Sandghat of Jamui (Cluster-9)
(Lipatwa) (Minable Quantity- 9272975CFT)",12983323.0,INR,INR,2021-11-16 14:08:21+00:00,2021-11-16T11:31:57.880000+00:00,2021-11-26T11:57:03.420000+00:00,Lal Bihari Prasad,MDO,Bihar State Mining Corporation Ltd,"Vikash Bhawan, Patna",Lal Bihari Prasad,MDO,Bihar State Mining Corporation Ltd,3245831.0,29500.0,3540.0
15282,BSMCL-03/2021-2022/AURANGABAD/CLUSTER-20,"EC Approved Sand Ghat of Aurangabad (Cluster-20) 
DAUDNAGAR A GHAT  :( MINEABLE QUANTITY-6675480 CFT)","EC Approved Sand Ghat of Aurangabad (Cluster-20) 
DAUDNAGAR A GHAT  :( MINEABLE QUANTITY-6675480 CFT)",39289578.0,INR,INR,2021-11-16 13:54:34+00:00,2021-11-16T11:47:03.191000+00:00,2021-11-26T10:58:42.953000+00:00,ANIL KUMAR,MDO,Bihar State Mining Corporation Limited,"VIKASH BHAWAN, PATNA",ANIL KUMAR,MDO,Bihar State Mining Corporation Limited,9822395.0,29500.0,5900.0
15278,"12/E/KAN/2021, Group No.-29","Construction of PCC work for Transfer Station in Transport 
Nagar Under Ward No- 55 of P.M.C Patna.","Construction of PCC work for Transfer Station in Transport 
Nagar Under Ward No- 55 of P.M.C Patna.",2281300.0,INR,INR,2021-11-16 11:53:26+00:00,2021-11-16T11:44:32.961000+00:00,2022-05-04T10:59:18+00:00,"Aashish Prasad, Executive Engineer",EXECUETIVE ENGINEER,"Kankarbagh Division,Patna Municipal Corporation,Patna","Tempo Stand,Kankarbagh,Patna-20","Aashish Prasad,EXECUETIVE ENGINEER",EXECUETIVE ENGINEER,"Kankarbagh Division,Patna Municipal Corporation,Patna",45700.0,5000.0,590.0
15281,BSMCL-03\2021-22/GAYA/CLUSTER-25,"EC Approved Sandghats of Gaya (Cluster - 25)
Jamuawan Sand Ghat & Sikandarpur Sand Ghat : (Mineable Quantity - 12935663 CFT)","EC Approved Sandghats of Gaya (Cluster - 25)
Jamuawan Sand Ghat & Sikandarpur Sand Ghat : (Mineable Quantity - 12935663 CFT)",10870783.0,INR,INR,2021-11-16 16:37:45+00:00,2021-11-16T11:46:32+00:00,2021-11-27T07:48:53.106000+00:00,MUKESH KUMAR,MDO,Bihar State Mining Corporation Ltd,"VIKAS BHAWAN, PATNA",MUKESH KUMAR,MDO,Bihar State Mining Corporation Ltd,2717696.0,29500.0,3540.0
15277,BSMCL-03/2021-22/Jamui/CLUSTER-12,"EC approved Sandghat of Jamui (Cluster-12)
(Sono) (Minable Quantity- 9875300CFT)","EC approved Sandghat of Jamui (Cluster-12)
(Sono) (Minable Quantity- 9875300CFT)",12378194.0,INR,INR,2021-11-16 14:12:09+00:00,2021-11-16T11:43:47.073000+00:00,2021-11-26T12:02:13.298000+00:00,Lal Bihari Prasad,MDO,Bihar State Mining Corporation Ltd,"Vikash Bhawan, Patna",Lal Bihari Prasad,MDO,Bihar State Mining Corporation Ltd,3094549.0,29500.0,3540.0
15285,BSMCL-03/2021-22/Jamui/CLUSTER-14,"EC approved Sandghat of Jamui (Cluster-14)
(Balthar & Hanjro) (Minable Quantity- 9456525CFT)","EC approved Sandghat of Jamui (Cluster-14)
(Balthar & Hanjro) (Minable Quantity- 9456525CFT)",13278387.0,INR,INR,2021-11-16 14:15:57+00:00,2021-11-16T11:53:15.002000+00:00,2021-11-26T12:07:18.595000+00:00,Lal Bihari Prasad,MDO,Bihar State Mining Corporation Ltd,"Vikash Bhawan, Patna",Lal Bihari Prasad,MDO,Bihar State Mining Corporation Ltd,3319597.0,29500.0,3540.0
15283,BSMCL-03/2021-22/Jamui/CLUSTER-13,"EC approved Sandghat of Jamui (Cluster-13)
(Mandhata) (Minable Quantity- 9958725CFT)","EC approved Sandghat of Jamui (Cluster-13)
(Mandhata) (Minable Quantity- 9958725CFT)",13868515.0,INR,INR,2021-11-16 14:14:22+00:00,2021-11-16T11:50:19.109000+00:00,2021-11-26T12:04:37.611000+00:00,Lal Bihari Prasad,MDO,Bihar State Mining Corporation Ltd,"Vikash Bhawan, Patna",Lal Bihari Prasad,MDO,Bihar State Mining Corporation Ltd,3467129.0,29500.0,3540.0
15249,BSMCL-03\2021-22/GAYA/CLUSTER-21,"EC Approved Sandghats of Gaya (Cluster - 21)
Fatehpur Sand Ghat & Siripur Sand Ghat : (Mineable Quantity - 11399450 CFT)","EC Approved Sandghats of Gaya (Cluster - 21)
Fatehpur Sand Ghat & Siripur Sand Ghat : (Mineable Quantity - 11399450 CFT)",8784471.0,INR,INR,2021-11-16 16:31:47+00:00,2021-11-16T11:24:14.892000+00:00,2021-11-26T13:33:23.128000+00:00,MUKESH KUMAR,MDO,Bihar State Mining Corporation Ltd,"VIKAS BHAWAN, PATNA",MUKESH KUMAR,MDO,Bihar State Mining Corporation Ltd,2196118.0,29500.0,3540.0
15284,BSMCL-03\2021-22/GAYA/CLUSTER-26,"EC Approved Sandghats of Gaya (Cluster - 26)
Raiula Sand Ghat & Maltidaurpur Sand Ghat : (Mineable Quantity - 8791737 CFT)","EC Approved Sandghats of Gaya (Cluster - 26)
Raiula Sand Ghat & Maltidaurpur Sand Ghat : (Mineable Quantity - 8791737 CFT)",7320393.0,INR,INR,2021-11-16 16:39:10+00:00,2021-11-16T11:50:35.868000+00:00,2021-11-27T07:51:34.197000+00:00,MUKESH KUMAR,MDO,Bihar State Mining Corporation Ltd,"VIKAS BHAWAN, PATNA",MUKESH KUMAR,MDO,Bihar State Mining Corporation Ltd,1830098.0,29500.0,3540.0
15280,NIT NO-08/2021-22 GR-01,GR NO-01 Making soak pit 1.0m diameter 2.0 metre deep with dry brick honey comb shaft with bricks of class designation 100B For Hand Pump in the district of Aurangabad under  P.H. Division Aurangabad in the year 2021-22,GR NO-01 Making soak pit 1.0m diameter 2.0 metre deep with dry brick honey comb shaft with bricks of class designation 100B For Hand Pump in the district of Aurangabad under  P.H. Division Aurangabad in the year 2021-22,4984719.0,INR,INR,2021-11-16 12:45:18+00:00,2021-11-16T11:45:01.831000+00:00,2021-12-01T10:50:03+00:00,"EXECUTIVE ENGINEER, AURANGABAD",EE,PH DIVISION AURANGABAD,"PHED COLONY , AURANGABAD","EXECUTIVE ENGINEEER, AURANGABAD",EE,"PH DIVISION, AURANGABAD",99700.0,5000.0,590.0
15291,BSMCL-03/2021-2022/AURANGABAD/CLUSTER-21,"EC Approved Sand Ghat of Aurangabad (Cluster-21) 
DAUDNAGAR B GHAT  :( MINEABLE QUANTITY-6675480 CFT)","EC Approved Sand Ghat of Aurangabad (Cluster-21) 
DAUDNAGAR B GHAT  :( MINEABLE QUANTITY-6675480 CFT)",39289578.0,INR,INR,2021-11-16 13:55:53+00:00,2021-11-16T12:00:25.973000+00:00,2021-11-26T11:01:56.536000+00:00,ANIL KUMAR,MDO,Bihar State Mining Corporation Limited,"VIKASH BHAWAN, PATNA",ANIL KUMAR,MDO,Bihar State Mining Corporation Limited,9822395.0,29500.0,5900.0
15266,BSMCL-03/2021-22/Jamui/CLUSTER-10,"EC approved Sandghat of Jamui (Cluster-10)
(Dumri) (Minable Quantity- 10127562.5CFT)","EC approved Sandghat of Jamui (Cluster-10)
(Dumri) (Minable Quantity- 10127562.5CFT)",14163579.0,INR,INR,2021-11-16 14:09:35+00:00,2021-11-16T11:35:14.136000+00:00,2021-11-26T11:59:38.837000+00:00,Lal Bihari Prasad,MDO,Bihar State Mining Corporation Ltd,"Vikash Bhawan, Patna",Lal Bihari Prasad,MDO,Bihar State Mining Corporation Ltd,3540895.0,29500.0,3540.0
15288,BSMCL-03/2021-22/PATNA/CLUSTER- 02,"EC Approved Sandghats of Patna (Cluster-02)
Muhammadpur Sand Ghat: ( MINEABLE QUANTITY -  15613830  ?CFT).","EC Approved Sandghats of Patna (Cluster-02)
Muhammadpur Sand Ghat: ( MINEABLE QUANTITY -  15613830  ?CFT).",39458250.0,INR,INR,2021-11-16 16:29:29+00:00,2021-11-16T11:56:41.484000+00:00,2021-11-26T12:34:37.382000+00:00,Ghanshyam Jha,"M.D.O, Muzaffarpur",Bihar State Mining Corporation Ltd.,"Vikash Bhawan (New Secretariat),  Bailey, Road, Patna- 800015",Ghanshyam Jha,"M.D.O, Muzaffarpur",Bihar State Mining Corporation Ltd.,9864563.0,29500.0,5900.0
15287,BSMCL-03/2021-22/Jamui/CLUSTER-15,"EC approved Sandghat of Jamui (Cluster-15)
(Kendua) (Minable Quantity- 9491800CFT)","EC approved Sandghat of Jamui (Cluster-15)
(Kendua) (Minable Quantity- 9491800CFT)",13573451.0,INR,INR,2021-11-16 14:17:20+00:00,2021-11-16T11:56:22.033000+00:00,2021-11-26T12:09:38.817000+00:00,Lal Bihari Prasad,MDO,Bihar State Mining Corporation Ltd,"Vikash Bhawan, Patna",Lal Bihari Prasad,MDO,Bihar State Mining Corporation Ltd,3393363.0,29500.0,3540.0
15299,BSMCL-03/2021-2022/AURANGABAD/CLUSTER-23,"EC Approved Sand Ghat of Aurangabad (Cluster-23) 
KERA A GHAT :( MINEABLE QUANTITY-7179849.5 CFT)","EC Approved Sand Ghat of Aurangabad (Cluster-23) 
KERA A GHAT :( MINEABLE QUANTITY-7179849.5 CFT)",42258124.0,INR,INR,2021-11-16 13:59:41+00:00,2021-11-16T12:07:24.543000+00:00,2021-11-26T11:04:16.992000+00:00,ANIL KUMAR,MDO,Bihar State Mining Corporation Limited,"VIKASH BHAWAN, PATNA",ANIL KUMAR,MDO,Bihar State Mining Corporation Limited,10564531.0,29500.0,5900.0
15289,BSMCL-03/2021-22/Jamui/CLUSTER-16,"EC approved Sandghat of Jamui (Cluster-16)
(Dinari) (Minable Quantity- 10128475CFT)","EC approved Sandghat of Jamui (Cluster-16)
(Dinari) (Minable Quantity- 10128475CFT)",14163579.0,INR,INR,2021-11-16 14:19:37+00:00,2021-11-16T11:59:29.871000+00:00,2021-11-26T12:11:45.596000+00:00,Lal Bihari Prasad,MDO,Bihar State Mining Corporation Ltd,"Vikash Bhawan, Patna",Lal Bihari Prasad,MDO,Bihar State Mining Corporation Ltd,3540895.0,29500.0,3540.0
15294,BSMCL-03/2021-22/Jamui/CLUSTER-17,"EC approved Sandghat of Jamui (Cluster-17)
(Simaria) (Minable Quantity- 10144550CFT)","EC approved Sandghat of Jamui (Cluster-17)
(Simaria) (Minable Quantity- 10144550CFT)",14163579.0,INR,INR,2021-11-16 14:25:02+00:00,2021-11-16T12:02:16.791000+00:00,2021-11-26T12:14:55.160000+00:00,Lal Bihari Prasad,MDO,Bihar State Mining Corporation Ltd,"Vikash Bhawan, Patna",Lal Bihari Prasad,MDO,Bihar State Mining Corporation Ltd,3540895.0,29500.0,3540.0
15290,NIT NO. - 02/SBD/ 2021-22/BD/RUNNISAIDPUR,"Construction of New Embankment in 52.33 Km length i.e. Bagmati Left Embankment from Km. 89.08 to 110.96, Right Embankment from Km. 91.68 to 108.59 and Khiroi right jacketing embankment in 13.54 Km along with 13 Nos. AFS under first stage of Bagmati flood management Scheme Phase-V(a).","Construction of New Embankment in 52.33 Km length i.e. Bagmati Left Embankment from Km. 89.08 to 110.96, Right Embankment from Km. 91.68 to 108.59 and Khiroi right jacketing embankment in 13.54 Km along with 13 Nos. AFS under first stage of Bagmati flood management Scheme Phase-V(a).",1792745004.0,INR,INR,2021-11-16 13:23:24+00:00,2021-11-16T12:00:08.625000+00:00,2022-04-28T15:10:32+00:00,SHREENIWAS PRASAD,EE,"BAGMATI DIVISION, RUNNISAIDPUR","BAGMATI DIVISION, RUNNISAIDPUR",Ravindra Kumar,SUPERINTENDENT ENGINEER,BAGMATI DIVISION RUNNISHAIDPUR,18927500.0,10000.0,5900.0
15295,BSMCL-03/2021-22/PATNA/CLUSTER- 03,"EC Approved Sandghats of Patna (Cluster-03)
Mahabalipur Sand Ghat: ( MINEABLE QUANTITY -  7237500  ?CFT).","EC Approved Sandghats of Patna (Cluster-03)
Mahabalipur Sand Ghat: ( MINEABLE QUANTITY -  7237500  ?CFT).",15975000.0,INR,INR,2021-11-16 16:31:35+00:00,2021-11-16T12:04:13.795000+00:00,2021-11-26T12:04:12.547000+00:00,Ghanshyam Jha,"M.D.O, Muzaffarpur",Bihar State Mining Corporation Ltd.,"Vikash Bhawan (New Secretariat),  Bailey, Road, Patna- 800015",Ghanshyam Jha,"M.D.O, Muzaffarpur",Bihar State Mining Corporation Ltd.,3993750.0,29500.0,3540.0
15303,BSMCL-03/2021-2022/AURANGABAD/CLUSTER-24,"EC Approved Sand Ghat of Aurangabad (Cluster-24) 
KERA B GHAT :( MINEABLE QUANTITY-2907542.38 CFT)","EC Approved Sand Ghat of Aurangabad (Cluster-24) 
KERA B GHAT :( MINEABLE QUANTITY-2907542.38 CFT)",17112794.0,INR,INR,2021-11-16 14:02:39+00:00,2021-11-16T12:09:54.740000+00:00,2021-11-26T11:06:50.185000+00:00,ANIL KUMAR,MDO,Bihar State Mining Corporation Limited,"VIKASH BHAWAN, PATNA",ANIL KUMAR,MDO,Bihar State Mining Corporation Limited,4278199.0,29500.0,3540.0
15307,BSMCL-03/2021-2022/AURANGABAD/CLUSTER-25,"EC Approved Sand Ghat of Aurangabad (Cluster-25) 
NANUBIGHA A GHAT :( MINEABLE QUANTITY-6675480 CFT)","EC Approved Sand Ghat of Aurangabad (Cluster-25) 
NANUBIGHA A GHAT :( MINEABLE QUANTITY-6675480 CFT)",39289578.0,INR,INR,2021-11-16 14:06:04+00:00,2021-11-16T12:12:13.375000+00:00,2021-11-26T11:09:10.320000+00:00,ANIL KUMAR,MDO,Bihar State Mining Corporation Limited,"VIKASH BHAWAN, PATNA",ANIL KUMAR,MDO,Bihar State Mining Corporation Limited,9822395.0,29500.0,5900.0
15327,BSMCL-03/2021-22/PATNA/CLUSTER- 06,"EC Approved Sandghats of Patna (Cluster-06)
Masaurha Sand Ghat: ( MINEABLE QUANTITY -  15684773 ?CFT).","EC Approved Sandghats of Patna (Cluster-06)
Masaurha Sand Ghat: ( MINEABLE QUANTITY -  15684773 ?CFT).",39618000.0,INR,INR,2021-11-16 16:53:32+00:00,2021-11-16T12:27:33.449000+00:00,2021-11-26T12:39:42.431000+00:00,Ghanshyam Jha,"M.D.O, Muzaffarpur",Bihar State Mining Corporation Ltd.,"Vikash Bhawan (New Secretariat),  Bailey, Road, Patna- 800015",Ghanshyam Jha,"M.D.O, Muzaffarpur",Bihar State Mining Corporation Ltd.,9904500.0,29500.0,5900.0
15323,BSMCL-03/2021-22/PATNA/CLUSTER- 05,"EC Approved Sandghats of Patna (Cluster-05)
Rajipur Sand Ghat: ( MINEABLE QUANTITY -  10841175  ?CFT).","EC Approved Sandghats of Patna (Cluster-05)
Rajipur Sand Ghat: ( MINEABLE QUANTITY -  10841175  ?CFT).",38180280.0,INR,INR,2021-11-16 16:52:17+00:00,2021-11-16T12:23:05.957000+00:00,2021-11-26T12:15:48.833000+00:00,Ghanshyam Jha,"M.D.O, Muzaffarpur",Bihar State Mining Corporation Ltd.,"Vikash Bhawan (New Secretariat),  Bailey, Road, Patna- 800015",Ghanshyam Jha,"M.D.O, Muzaffarpur",Bihar State Mining Corporation Ltd.,9545063.0,29500.0,5900.0
15316,BSMCL-03/2021-22/PATNA/CLUSTER- 04,"EC Approved Sandghats of Patna (Cluster-04)
UDAIPUR GHAT Sand Ghat: ( MINEABLE QUANTITY -  8406605  ?CFT).","EC Approved Sandghats of Patna (Cluster-04)
UDAIPUR GHAT Sand Ghat: ( MINEABLE QUANTITY -  8406605  ?CFT).",39618000.0,INR,INR,2021-11-16 16:51:09+00:00,2021-11-16T12:18:20.377000+00:00,2021-11-26T12:54:26.902000+00:00,Ghanshyam Jha,"M.D.O, Muzaffarpur",Bihar State Mining Corporation Ltd.,"Vikash Bhawan (New Secretariat),  Bailey, Road, Patna- 800015",Ghanshyam Jha,"M.D.O, Muzaffarpur",Bihar State Mining Corporation Ltd.,9904500.0,29500.0,5900.0
15326,BSMCL-03\2021-22/GAYA/CLUSTER-34,"EC Approved Sandghats of Gaya (Cluster - 34)
Raushanganj Sand Ghat : (Mineable Quantity - 9072050 CFT)","EC Approved Sandghats of Gaya (Cluster - 34)
Raushanganj Sand Ghat : (Mineable Quantity - 9072050 CFT)",8052432.0,INR,INR,2021-11-16 16:50:22+00:00,2021-11-16T12:25:59.782000+00:00,2021-11-27T08:29:22.052000+00:00,MUKESH KUMAR,MDO,Bihar State Mining Corporation Ltd,"VIKAS BHAWAN, PATNA",MUKESH KUMAR,MDO,Bihar State Mining Corporation Ltd,2013108.0,29500.0,3540.0
15347,BSMCL-03/2021-22/Jamui/CLUSTER-22,"EC approved Sandghat of Jamui (Cluster-22)
(Giddheshwar) (Minable Quantity- 9711900CFT)","EC approved Sandghat of Jamui (Cluster-22)
(Giddheshwar) (Minable Quantity- 9711900CFT)",13868515.0,INR,INR,2021-11-16 14:35:54+00:00,2021-11-16T12:42:51.985000+00:00,2021-11-26T12:20:07.478000+00:00,Lal Bihari Prasad,MDO,Bihar State Mining Corporation Ltd,"Vikash Bhawan, Patna",Lal Bihari Prasad,MDO,Bihar State Mining Corporation Ltd,3467129.0,29500.0,3540.0
15321,BSMCL-03\2021-22/GAYA/CLUSTER-33,"EC Approved Sandghats of Gaya (Cluster - 33)
Banahi Sand Ghat & Mahuuama Sand Ghat : (Mineable Quantity - 5061200 CFT)","EC Approved Sandghats of Gaya (Cluster - 33)
Banahi Sand Ghat & Mahuuama Sand Ghat : (Mineable Quantity - 5061200 CFT)",4392236.0,INR,INR,2021-11-16 16:48:57+00:00,2021-11-16T12:22:18.032000+00:00,2021-11-27T11:40:57.489000+00:00,MUKESH KUMAR,MDO,Bihar State Mining Corporation Ltd,"VIKAS BHAWAN, PATNA",MUKESH KUMAR,MDO,Bihar State Mining Corporation Ltd,1098059.0,29500.0,590.0
15349,BSMCL-03\2021-22/GAYA/CLUSTER-39,"EC Approved Sandghats of Gaya (Cluster - 39)
Bajitpur Sand Ghat : (Mineable Quantity - 12091500 CFT)","EC Approved Sandghats of Gaya (Cluster - 39)
Bajitpur Sand Ghat : (Mineable Quantity - 12091500 CFT)",10980589.0,INR,INR,2021-11-16 16:56:06+00:00,2021-11-16T12:44:10.507000+00:00,2021-11-27T08:11:41.742000+00:00,MUKESH KUMAR,MDO,Bihar State Mining Corporation Ltd,"VIKAS BHAWAN, PATNA",MUKESH KUMAR,MDO,Bihar State Mining Corporation Ltd,2745147.0,29500.0,3540.0
15345,BSMCL-03\2021-22/GAYA/CLUSTER-38,"EC Approved Sandghats of Gaya (Cluster - 38)
Uchrima Sand Ghat : (Mineable Quantity - 6275025 CFT)","EC Approved Sandghats of Gaya (Cluster - 38)
Uchrima Sand Ghat : (Mineable Quantity - 6275025 CFT)",5911217.0,INR,INR,2021-11-16 16:54:57+00:00,2021-11-16T12:41:06.956000+00:00,2021-11-27T08:09:12.679000+00:00,MUKESH KUMAR,MDO,Bihar State Mining Corporation Ltd,"VIKAS BHAWAN, PATNA",MUKESH KUMAR,MDO,Bihar State Mining Corporation Ltd,1477804.0,29500.0,590.0
15344,BSMCL-03/2021-22/ROHTAS/CLUSTER-09,"EC APPROVED SANDGHATS OF ROHTAS (CLUSTER-09)
DANWAR GHAT (MINEABLE QUANTITY - 8135424 CFT)","EC APPROVED SANDGHATS OF ROHTAS (CLUSTER-09)
DANWAR GHAT (MINEABLE QUANTITY - 8135424 CFT)",70389875.0,INR,INR,2021-11-16 16:38:40+00:00,2021-11-16T12:40:56.262000+00:00,2021-11-26T11:54:04.194000+00:00,AKHLAK HUSSAIN,MDO,Bihar State Mining Corporation Ltd,"VIKASH BHAWAN, PATNA",AKHLAK HUSSAIN,MDO,Bihar State Mining Corporation Ltd,17597469.0,29500.0,5900.0
15354,BSMCL-03/2021-22/Jamui/CLUSTER-23,"EC approved Sandghat of Jamui (Cluster-23)
(Badibag) (Minable Quantity- 9933162.5CFT)","EC approved Sandghat of Jamui (Cluster-23)
(Badibag) (Minable Quantity- 9933162.5CFT)",14163579.0,INR,INR,2021-11-16 14:37:38+00:00,2021-11-16T12:46:08.388000+00:00,2021-11-26T12:22:55.179000+00:00,Lal Bihari Prasad,MDO,Bihar State Mining Corporation Ltd,"Vikash Bhawan, Patna",Lal Bihari Prasad,MDO,Bihar State Mining Corporation Ltd,3540895.0,29500.0,3540.0
15361,BSMCL-03\2021-22/GAYA/CLUSTER- 41,"EC Approved Sandghats of Gaya (Cluster - 41)
Rajan Sand Ghat, Amirganj Sand Ghat & Dakhner Sand Ghat : (Mineable Quantity - 7329388 CFT)","EC Approved Sandghats of Gaya (Cluster - 41)
Rajan Sand Ghat, Amirganj Sand Ghat & Dakhner Sand Ghat : (Mineable Quantity - 7329388 CFT)",6588353.0,INR,INR,2021-11-16 16:58:21+00:00,2021-11-16T12:51:18.631000+00:00,2021-11-27T08:25:36.699000+00:00,MUKESH KUMAR,MDO,Bihar State Mining Corporation Ltd,"VIKAS BHAWAN, PATNA",MUKESH KUMAR,MDO,Bihar State Mining Corporation Ltd,1647088.0,29500.0,590.0
15302,BSMCL-03/2021-22/Jamui/CLUSTER-19,"EC approved Sandghat of Jamui (Cluster-19)
(Jogidiha Numar) (Minable Quantity- 8157150CFT)","EC approved Sandghat of Jamui (Cluster-19)
(Jogidiha Numar) (Minable Quantity- 8157150CFT)",13278387.0,INR,INR,2021-11-16 14:27:34+00:00,2021-11-16T12:09:44.955000+00:00,2021-11-26T12:17:27.979000+00:00,Lal Bihari Prasad,MDO,Bihar State Mining Corporation Ltd,"Vikash Bhawan, Patna",Lal Bihari Prasad,MDO,Bihar State Mining Corporation Ltd,3319597.0,29500.0,3540.0
15377,BSMCL-03/2021-22/Jamui/CLUSTER-29,"EC approved Sandghat of Jamui (Cluster-29)
(Nariyana Chacho) (Minable Quantity- 9002200CFT)","EC approved Sandghat of Jamui (Cluster-29)
(Nariyana Chacho) (Minable Quantity- 9002200CFT)",12688258.0,INR,INR,2021-11-16 14:50:31+00:00,2021-11-16T13:04:39.005000+00:00,2021-11-26T12:30:33.204000+00:00,Lal Bihari Prasad,MDO,Bihar State Mining Corporation Ltd,"Vikash Bhawan, Patna",Lal Bihari Prasad,MDO,Bihar State Mining Corporation Ltd,3172065.0,29500.0,3540.0
15365,BSMCL-03/2021-22/Jamui/CLUSTER-26,"EC approved Sandghat of Jamui (Cluster-26)
(Bhour) (Minable Quantity- 9830162.5CFT)","EC approved Sandghat of Jamui (Cluster-26)
(Bhour) (Minable Quantity- 9830162.5CFT)",13868515.0,INR,INR,2021-11-16 14:44:26+00:00,2021-11-16T12:54:27.854000+00:00,2021-11-26T12:25:02.674000+00:00,Lal Bihari Prasad,MDO,Bihar State Mining Corporation Ltd,"Vikash Bhawan, Patna",Lal Bihari Prasad,MDO,Bihar State Mining Corporation Ltd,3467129.0,29500.0,3540.0
15379,BSMCL-03/2021-22/PATNA/CLUSTER- 10,"EC Approved Sandghats of Patna (Cluster-10)
Saraiya  Sand Ghat: ( MINEABLE QUANTITY -  8406605 ?CFT).","EC Approved Sandghats of Patna (Cluster-10)
Saraiya  Sand Ghat: ( MINEABLE QUANTITY -  8406605 ?CFT).",9904500.0,INR,INR,2021-11-16 16:57:57+00:00,2021-11-16T13:07:05.370000+00:00,2021-11-26T13:06:12.104000+00:00,Ghanshyam Jha,"M.D.O, Muzaffarpur",Bihar State Mining Corporation Ltd.,"Vikash Bhawan (New Secretariat),  Bailey, Road, Patna- 800015",Ghanshyam Jha,"M.D.O, Muzaffarpur",Bihar State Mining Corporation Ltd.,9904500.0,29500.0,3540.0
15372,BSMCL-03/2021-22/Jamui/CLUSTER-28,"EC approved Sandghat of Jamui (Cluster-28)
(Kendih) (Minable Quantity- 9446037.5CFT)","EC approved Sandghat of Jamui (Cluster-28)
(Kendih) (Minable Quantity- 9446037.5CFT)",13573451.0,INR,INR,2021-11-16 14:48:27+00:00,2021-11-16T12:58:59.020000+00:00,2021-11-26T12:27:19.171000+00:00,Lal Bihari Prasad,MDO,Bihar State Mining Corporation Ltd,"Vikash Bhawan, Patna",Lal Bihari Prasad,MDO,Bihar State Mining Corporation Ltd,3393363.0,29500.0,3540.0
15384,NIT-06/2021-22 Gr.-33,Repair And Construction Of Cross Drain In Different Site From Ward No 2 In Chapra Nagar Nigam.,Repair And Construction Of Cross Drain In Different Site From Ward No 2 In Chapra Nagar Nigam.,20106.0,INR,INR,2021-11-16 13:29:20+00:00,2021-11-16T13:10:55.028000+00:00,2021-11-22T09:31:00+00:00,SANJAY KUMAR UPADHYAY,MUNICIPAL COMMISSIONER,CHAPRA MUNICIPAL CORPORATION,"NEAR MUNICIPAL CHOWK, CHAPRA, SARAN",Sanjay Kumar Upadhyay,Municipal Commissioner,Chapra Municipal Corporation,403.0,250.0,590.0
15386,BSMCL-03/2021-22/PATNA/CLUSTER- 11,"EC Approved Sandghats of Patna (Cluster-11)
Dhana Nisharpura  Sand Ghat: ( MINEABLE QUANTITY -  15502523 ?CFT).","EC Approved Sandghats of Patna (Cluster-11)
Dhana Nisharpura  Sand Ghat: ( MINEABLE QUANTITY -  15502523 ?CFT).",9784688.0,INR,INR,2021-11-16 16:58:55+00:00,2021-11-16T13:11:10.212000+00:00,2021-11-26T12:46:10.910000+00:00,Ghanshyam Jha,"M.D.O, Muzaffarpur",Bihar State Mining Corporation Ltd.,"Vikash Bhawan (New Secretariat),  Bailey, Road, Patna- 800015",Ghanshyam Jha,"M.D.O, Muzaffarpur",Bihar State Mining Corporation Ltd.,9784688.0,29500.0,3540.0
15350,BSMCL-03/2021-22/PATNA/CLUSTER- 08,"EC Approved Sandghats of Patna (Cluster-08)
JALPURA GHAT  Sand Ghat: ( MINEABLE QUANTITY -  8440502 ?CFT).","EC Approved Sandghats of Patna (Cluster-08)
JALPURA GHAT  Sand Ghat: ( MINEABLE QUANTITY -  8440502 ?CFT).",39777750.0,INR,INR,2021-11-16 16:56:03+00:00,2021-11-16T12:44:45.629000+00:00,2021-11-26T13:03:46.094000+00:00,Ghanshyam Jha,"M.D.O, Muzaffarpur",Bihar State Mining Corporation Ltd.,"Vikash Bhawan (New Secretariat),  Bailey, Road, Patna- 800015",Ghanshyam Jha,"M.D.O, Muzaffarpur",Bihar State Mining Corporation Ltd.,9944438.0,29500.0,5900.0
15380,BSMCL-03/2021-22/Jamui/CLUSTER-30,"EC approved Sandghat of Jamui (Cluster-30)
(Garsanda) (Minable Quantity- 10031800CFT)","EC approved Sandghat of Jamui (Cluster-30)
(Garsanda) (Minable Quantity- 10031800CFT)",14163571.0,INR,INR,2021-11-16 14:51:58+00:00,2021-11-16T13:07:09.207000+00:00,2021-11-26T12:32:54.795000+00:00,Lal Bihari Prasad,MDO,Bihar State Mining Corporation Ltd,"Vikash Bhawan, Patna",Lal Bihari Prasad,MDO,Bihar State Mining Corporation Ltd,3540893.0,29500.0,3540.0
15389,BSMCL-03\2021-22/GAYA/CLUSTER- 46,"EC Approved Sandghats of Gaya (Cluster - 46)
Pawan Sand Ghat : (Mineable Quantity - 8158738 CFT)","EC Approved Sandghats of Gaya (Cluster - 46)
Pawan Sand Ghat : (Mineable Quantity - 8158738 CFT)",7320393.0,INR,INR,2021-11-16 17:03:59+00:00,2021-11-16T13:13:26.891000+00:00,2021-11-27T07:05:58.952000+00:00,MUKESH KUMAR,MDO,Bihar State Mining Corporation Ltd,"VIKAS BHAWAN, PATNA",MUKESH KUMAR,MDO,Bihar State Mining Corporation Ltd,1830098.0,29500.0,3540.0
15398,BSMCL-03/2021-22/ROHTAS/CLUSTER-16,"EC APPROVED SANDGHATS OF ROHTAS (CLUSTER-16)
HURKA GHAT, DALMIANAGAR  (MINEABLE QUANTITY - 11098049 CFT)","EC APPROVED SANDGHATS OF ROHTAS (CLUSTER-16)
HURKA GHAT, DALMIANAGAR  (MINEABLE QUANTITY - 11098049 CFT)",84761141.0,INR,INR,2021-11-16 16:46:25+00:00,2021-11-16T13:18:19.003000+00:00,2021-11-26T12:00:27.735000+00:00,AKHLAK HUSSAIN,MDO,Bihar State Mining Corporation Ltd,"VIKASH BHAWAN, PATNA",AKHLAK HUSSAIN,MDO,Bihar State Mining Corporation Ltd,21190285.0,29500.0,5900.0
15330,BSMCL-03/2021-22/BHOJPUR/CLUSTER-27,"EC Approved Sandghats of Bhojpur (Cluster-27)
Trikaul Sand Ghat (Mineable Quantity -11238750 CFT)","EC Approved Sandghats of Bhojpur (Cluster-27)
Trikaul Sand Ghat (Mineable Quantity -11238750 CFT)",39143135.7,INR,INR,2021-11-16 16:24:32+00:00,2021-11-16T12:29:04.961000+00:00,2021-11-26T11:19:28.095000+00:00,Rajesh Kumar Kushwaha,MDO,BSMCL,"Vikash Bhwan, patna",Surendra Prasad Sinha,MDO (HQ),BIHAR STATE MINES CORPORATION LIMITED PATNA,9785784.0,29500.0,5900.0
15336,BSMCL-03/2021-22/BHOJPUR/CLUSTER-28,"EC Approved Sandghats of Bhojpur (Cluster-28)
Chilhous Sand Ghat (Mineable Quantity -5205463 CFT)","EC Approved Sandghats of Bhojpur (Cluster-28)
Chilhous Sand Ghat (Mineable Quantity -5205463 CFT)",26095423.8,INR,INR,2021-11-16 16:25:16+00:00,2021-11-16T12:33:37.089000+00:00,2021-11-26T11:23:41.534000+00:00,Rajesh Kumar Kushwaha,MDO,BSMCL,"Vikash Bhwan, patna",Surendra Prasad Sinha,MDO (HQ),BIHAR STATE MINES CORPORATION LIMITED PATNA,6523856.0,29500.0,3540.0
15393,BSMCL-03/2021-22/ROHTAS/CLUSTER-15,"EC APPROVED SANDGHATS OF ROHTAS (CLUSTER-15)
CHAKNAHA GHAT  (MINEABLE QUANTITY - 8406605 CFT)","EC APPROVED SANDGHATS OF ROHTAS (CLUSTER-15)
CHAKNAHA GHAT  (MINEABLE QUANTITY - 8406605 CFT)",72736204.0,INR,INR,2021-11-16 16:44:28+00:00,2021-11-16T13:16:42.190000+00:00,2021-11-26T11:57:59.843000+00:00,AKHLAK HUSSAIN,MDO,Bihar State Mining Corporation Ltd,"VIKASH BHAWAN, PATNA",AKHLAK HUSSAIN,MDO,Bihar State Mining Corporation Ltd,18184051.0,29500.0,5900.0
15397,BSMCL-03/2021-22/Jamui/CLUSTER-33,"EC approved Sandghat of Jamui (Cluster-33)
(Bihari) (Minable Quantity- 8575700CFT)","EC approved Sandghat of Jamui (Cluster-33)
(Bihari) (Minable Quantity- 8575700CFT)",12097630.0,INR,INR,2021-11-16 15:02:42+00:00,2021-11-16T13:18:13.420000+00:00,2021-11-26T12:34:54.363000+00:00,Lal Bihari Prasad,MDO,Bihar State Mining Corporation Ltd,"Vikash Bhawan, Patna",Lal Bihari Prasad,MDO,Bihar State Mining Corporation Ltd,3024408.0,29500.0,3540.0
15401,BSMCL-03/2021-22/Jamui/CLUSTER-34,"EC approved Sandghat of Jamui (Cluster-34)
(Katauna) (Minable Quantity- 9436500CFT)","EC approved Sandghat of Jamui (Cluster-34)
(Katauna) (Minable Quantity- 9436500CFT)",13277887.0,INR,INR,2021-11-16 15:04:01+00:00,2021-11-16T13:20:49.099000+00:00,2021-11-26T12:37:28.961000+00:00,Lal Bihari Prasad,MDO,Bihar State Mining Corporation Ltd,"Vikash Bhawan, Patna",Lal Bihari Prasad,MDO,Bihar State Mining Corporation Ltd,3319472.0,29500.0,3540.0
15408,BSMCL-03/2021-22/PATNA/CLUSTER- 15,"EC Approved Sandghats of Patna (Cluster-15)
Lahladpur Ghat: ( MINEABLE QUANTITY -  8406605 ?CFT).","EC Approved Sandghats of Patna (Cluster-15)
Lahladpur Ghat: ( MINEABLE QUANTITY -  8406605 ?CFT).",39618000.0,INR,INR,2021-11-16 17:02:40+00:00,2021-11-16T13:25:13.586000+00:00,2021-11-26T13:11:33.601000+00:00,Ghanshyam Jha,"M.D.O, Muzaffarpur",Bihar State Mining Corporation Ltd.,"Vikash Bhawan (New Secretariat),  Bailey, Road, Patna- 800015",Ghanshyam Jha,"M.D.O, Muzaffarpur",Bihar State Mining Corporation Ltd.,9904500.0,29500.0,5900.0
15410,BSMCL-03/2021-22/PATNA/CLUSTER- 16,"EC Approved Sandghats of Patna (Cluster-16)
Janpara Ghat: ( MINEABLE QUANTITY -  8406605 ?CFT).","EC Approved Sandghats of Patna (Cluster-16)
Janpara Ghat: ( MINEABLE QUANTITY -  8406605 ?CFT).",39618000.0,INR,INR,2021-11-16 17:03:38+00:00,2021-11-16T13:27:34.598000+00:00,2021-11-26T13:08:53.761000+00:00,Ghanshyam Jha,"M.D.O, Muzaffarpur",Bihar State Mining Corporation Ltd.,"Vikash Bhawan (New Secretariat),  Bailey, Road, Patna- 800015",Ghanshyam Jha,"M.D.O, Muzaffarpur",Bihar State Mining Corporation Ltd.,9904500.0,29500.0,5900.0
15406,BSMCL-03/2021-22/Jamui/CLUSTER-35,"EC approved Sandghat of Jamui (Cluster-35)
(Satgama) (Minable Quantity- 9924350CFT)","EC approved Sandghat of Jamui (Cluster-35)
(Satgama) (Minable Quantity- 9924350CFT)",13868015.0,INR,INR,2021-11-16 15:05:23+00:00,2021-11-16T13:24:50.045000+00:00,2021-11-26T12:40:18.040000+00:00,Lal Bihari Prasad,MDO,Bihar State Mining Corporation Ltd,"Vikash Bhawan, Patna",Lal Bihari Prasad,MDO,Bihar State Mining Corporation Ltd,3467004.0,29500.0,3540.0
15395,BSMCL-03\2021-22/GAYA/CLUSTER- 47,"EC Approved Sandghats of Gaya (Cluster - 47)
Nepa Sand Ghat & Kushap Sand Ghat : (Mineable Quantity - 8515125 CFT)","EC Approved Sandghats of Gaya (Cluster - 47)
Nepa Sand Ghat & Kushap Sand Ghat : (Mineable Quantity - 8515125 CFT)",7686412.0,INR,INR,2021-11-16 17:05:02+00:00,2021-11-16T13:17:13.679000+00:00,2021-11-26T13:55:42.724000+00:00,MUKESH KUMAR,MDO,Bihar State Mining Corporation Ltd,"VIKAS BHAWAN, PATNA",MUKESH KUMAR,MDO,Bihar State Mining Corporation Ltd,1921603.0,29500.0,3540.0
15415,NIT-06/2021-22 Gr.-34,Repair And Construction Of Cross Drain In Different Site From Ward No 4 In Chapra Nagar Nigam.,Repair And Construction Of Cross Drain In Different Site From Ward No 4 In Chapra Nagar Nigam.,58375.0,INR,INR,2021-11-16 13:34:52+00:00,2021-11-16T13:30:04.230000+00:00,2021-12-11T10:50:40+00:00,SANJAY KUMAR UPADHYAY,MUNICIPAL COMMISSIONER,CHAPRA MUNICIPAL CORPORATION,"NEAR MUNICIPAL CHOWK, CHAPRA, SARAN",Sanjay Kumar Upadhyay,Municipal Commissioner,Chapra Municipal Corporation,1168.0,500.0,590.0
15418,BSMCL-03/2021-22/PATNA/CLUSTER- 17,"EC Approved Sandghats of Patna (Cluster-17)
Janpara Ghat-1 SandGhat: ( MINEABLE QUANTITY -  8406605 ?CFT).","EC Approved Sandghats of Patna (Cluster-17)
Janpara Ghat-1 SandGhat: ( MINEABLE QUANTITY -  8406605 ?CFT).",39618000.0,INR,INR,2021-11-16 17:04:26+00:00,2021-11-16T13:31:11.674000+00:00,2021-11-26T13:15:11.908000+00:00,Ghanshyam Jha,"M.D.O, Muzaffarpur",Bihar State Mining Corporation Ltd.,"Vikash Bhawan (New Secretariat),  Bailey, Road, Patna- 800015",Ghanshyam Jha,"M.D.O, Muzaffarpur",Bihar State Mining Corporation Ltd.,9904500.0,29500.0,5900.0
15417,BSMCL-03\2021-22/GAYA/CLUSTER- 50,"EC Approved Sandghats of Gaya (Cluster - 50)
Singhapur Sand Ghat : (Mineable Quantity - 8566425 CFT)","EC Approved Sandghats of Gaya (Cluster - 50)
Singhapur Sand Ghat : (Mineable Quantity - 8566425 CFT)",8162238.0,INR,INR,2021-11-16 17:08:19+00:00,2021-11-16T13:30:57.941000+00:00,2021-11-27T08:14:41.927000+00:00,MUKESH KUMAR,MDO,Bihar State Mining Corporation Ltd,"VIKAS BHAWAN, PATNA",MUKESH KUMAR,MDO,Bihar State Mining Corporation Ltd,2040559.0,29500.0,3540.0
15421,BSMCL-03/2021-22/SARAN/CLUSTER-05,"EC Approved Sandghats of Saran (Cluster- 05)
Daftar pur Rahria Ghat, Tiwari Mahua ghat (Mineable Quantity- 21497687.5 cft)","EC Approved Sandghats of Saran (Cluster- 05)
Daftar pur Rahria Ghat, Tiwari Mahua ghat (Mineable Quantity- 21497687.5 cft)",4533235.49,INR,INR,2021-11-16 16:01:45+00:00,2021-11-16T13:33:56.226000+00:00,2021-11-26T13:07:29.375000+00:00,VIKASH KUMAR PASWAN,Mineral Development Officer,Bihar State Mining Corporation Limited,"VIKASH BHAWAN, PATNA",VIKASH KUMAR PASWAN,Mineral Development Officer,Bihar State Mining Corporation Limited,1133309.0,29500.0,590.0
15412,BSMCL-03/2021-22/SARAN/CLUSTER-04,"EC Approved Sandghats of Saran (Cluster- 04)
Maharajganj Dariyaganj Ghat,  khalpura  Ghat, Raval Tola (athasai), Ghenghta Pachmi Telpa ghat (Mineable Quantity- 34997260 cft)","EC Approved Sandghats of Saran (Cluster- 04)
Maharajganj Dariyaganj Ghat,  khalpura  Ghat, Raval Tola (athasai), Ghenghta Pachmi Telpa ghat (Mineable Quantity- 34997260 cft)",8310931.73,INR,INR,2021-11-16 16:00:14+00:00,2021-11-16T13:28:29.045000+00:00,2021-11-26T12:53:24.953000+00:00,VIKASH KUMAR PASWAN,Mineral Development Officer,Bihar State Mining Corporation Limited,"VIKASH BHAWAN, PATNA",VIKASH KUMAR PASWAN,Mineral Development Officer,Bihar State Mining Corporation Limited,2077733.0,29500.0,3540.0
15427,BSMCL-03\2021-22/GAYA/CLUSTER- 51,"EC Approved Sandghats of Gaya (Cluster - 51)
Pachmahla Sand Ghat : (Mineable Quantity - 11400975 CFT)","EC Approved Sandghats of Gaya (Cluster - 51)
Pachmahla Sand Ghat : (Mineable Quantity - 11400975 CFT)",8345248.0,INR,INR,2021-11-16 17:09:25+00:00,2021-11-16T13:37:23.381000+00:00,2021-11-27T08:17:20.448000+00:00,MUKESH KUMAR,MDO,Bihar State Mining Corporation Ltd,"VIKAS BHAWAN, PATNA",MUKESH KUMAR,MDO,Bihar State Mining Corporation Ltd,2086312.0,29500.0,3540.0
15424,BSMCL-03/2021-22/PATNA/CLUSTER- 19,"EC Approved Sandghats of Patna (Cluster-19)
Katari : ( MINEABLE QUANTITY -  10671838 ?CFT).","EC Approved Sandghats of Patna (Cluster-19)
Katari : ( MINEABLE QUANTITY -  10671838 ?CFT).",36998100.0,INR,INR,2021-11-16 17:06:13+00:00,2021-11-16T13:36:10.634000+00:00,2021-11-26T12:21:32.420000+00:00,Ghanshyam Jha,"M.D.O, Muzaffarpur",Bihar State Mining Corporation Ltd.,"Vikash Bhawan (New Secretariat),  Bailey, Road, Patna- 800015",Ghanshyam Jha,"M.D.O, Muzaffarpur",Bihar State Mining Corporation Ltd.,9249525.0,29500.0,5900.0
15435,NIT-06/2021-22 Gr.-36,Repair And Construction Of Cross Drain In Different Site From Ward No 6 In Chapra Nagar Nigam.,Repair And Construction Of Cross Drain In Different Site From Ward No 6 In Chapra Nagar Nigam.,45006.0,INR,INR,2021-11-16 13:46:25+00:00,2021-11-16T13:42:36.558000+00:00,2021-12-11T09:37:24+00:00,SANJAY KUMAR UPADHYAY,MUNICIPAL COMMISSIONER,CHAPRA MUNICIPAL CORPORATION,"NEAR MUNICIPAL CHOWK, CHAPRA, SARAN",Sanjay Kumar Upadhyay,Municipal Commissioner,Chapra Municipal Corporation,901.0,250.0,590.0
15422,NIT-06/2021-22 Gr.-35,Repair And Construction Of Cross Drain In Different Site From Ward No 5 In Chapra Nagar Nigam.,Repair And Construction Of Cross Drain In Different Site From Ward No 5 In Chapra Nagar Nigam.,33472.0,INR,INR,2021-11-16 13:42:11+00:00,2021-11-16T13:35:35.559000+00:00,2021-11-22T09:31:00+00:00,SANJAY KUMAR UPADHYAY,MUNICIPAL COMMISSIONER,CHAPRA MUNICIPAL CORPORATION,"NEAR MUNICIPAL CHOWK, CHAPRA, SARAN",Sanjay Kumar Upadhyay,Municipal Commissioner,Chapra Municipal Corporation,670.0,250.0,590.0
15440,BSMCL-03/2021-22/BHOJPUR/CLUSTER-45,"EC Approved Sandghats of Bhojpur (Cluster-45)
New Haripur (Chitampur) Sand Ghat  (Mineable Quantity -9826113 CFT)","EC Approved Sandghats of Bhojpur (Cluster-45)
New Haripur (Chitampur) Sand Ghat  (Mineable Quantity -9826113 CFT)",47841610.3,INR,INR,2021-11-16 16:38:17+00:00,2021-11-16T13:46:22.754000+00:00,2021-11-26T11:27:15.230000+00:00,Rajesh Kumar Kushwaha,MDO,BSMCL,"Vikash Bhwan, patna",Surendra Prasad Sinha,MDO (HQ),BIHAR STATE MINES CORPORATION LIMITED PATNA,11960403.0,29500.0,5900.0
15434,BSMCL-03/2021-22/PATNA/CLUSTER- 21,"EC Approved Sandghats of Patna (Cluster-21)
Panechak : ( MINEABLE QUANTITY -  10856250 ?CFT).","EC Approved Sandghats of Patna (Cluster-21)
Panechak : ( MINEABLE QUANTITY -  10856250 ?CFT).",23962500.0,INR,INR,2021-11-16 17:08:14+00:00,2021-11-16T13:42:00.892000+00:00,2021-11-26T12:25:23.730000+00:00,Ghanshyam Jha,"M.D.O, Muzaffarpur",Bihar State Mining Corporation Ltd.,"Vikash Bhawan (New Secretariat),  Bailey, Road, Patna- 800015",Ghanshyam Jha,"M.D.O, Muzaffarpur",Bihar State Mining Corporation Ltd.,5990625.0,29500.0,3540.0
15452,NIT-06/2021-22 Gr.-38,Repair And Coacnstruction Of Cross Drain In Different Site From Ward No 10 In Chapra Nagar Nigam.,Repair And Coacnstruction Of Cross Drain In Different Site From Ward No 10 In Chapra Nagar Nigam.,24602.0,INR,INR,2021-11-16 13:57:05+00:00,2021-11-16T13:53:25.792000+00:00,2021-11-22T09:31:00+00:00,SANJAY KUMAR UPADHYAY,MUNICIPAL COMMISSIONER,CHAPRA MUNICIPAL CORPORATION,"NEAR MUNICIPAL CHOWK, CHAPRA, SARAN",Sanjay Kumar Upadhyay,Municipal Commissioner,Chapra Municipal Corporation,493.0,250.0,590.0
15402,BSMCL-03\2021-22/GAYA/CLUSTER- 48,"EC Approved Sandghats of Gaya (Cluster - 48)
Panch Devta Sand Ghat, Guljana Sand Ghat & Thanpur Sand Ghat : (Mineable Quantity -10866375 CFT)","EC Approved Sandghats of Gaya (Cluster - 48)
Panch Devta Sand Ghat, Guljana Sand Ghat & Thanpur Sand Ghat : (Mineable Quantity -10866375 CFT)",9845928.0,INR,INR,2021-11-16 17:06:09+00:00,2021-11-16T13:21:49.144000+00:00,2021-11-27T07:54:50.858000+00:00,MUKESH KUMAR,MDO,Bihar State Mining Corporation Ltd,"VIKAS BHAWAN, PATNA",MUKESH KUMAR,MDO,Bihar State Mining Corporation Ltd,2461482.0,29500.0,3540.0
15441,NIT-06/2021-22 Gr.-37,Repair And Coacnstruction Of Cross Drain In Different Site From Ward No 8 In Chapra Nagar Nigam.,Repair And Coacnstruction Of Cross Drain In Different Site From Ward No 8 In Chapra Nagar Nigam.,40409.0,INR,INR,2021-11-16 13:52:14+00:00,2021-11-16T13:46:58.259000+00:00,2021-11-22T09:31:00+00:00,SANJAY KUMAR UPADHYAY,MUNICIPAL COMMISSIONER,CHAPRA MUNICIPAL CORPORATION,"NEAR MUNICIPAL CHOWK, CHAPRA, SARAN",Sanjay Kumar Upadhyay,Municipal Commissioner,Chapra Municipal Corporation,809.0,250.0,590.0
15411,BSMCL-03\2021-22/GAYA/CLUSTER- 49,"EC Approved Sandghats of Gaya (Cluster - 49)
 Men Sand Ghat & Nimsar Sand Ghat : (Mineable Quantity - 4372913 CFT)","EC Approved Sandghats of Gaya (Cluster - 49)
 Men Sand Ghat & Nimsar Sand Ghat : (Mineable Quantity - 4372913 CFT)",4026216.0,INR,INR,2021-11-16 17:07:10+00:00,2021-11-16T13:27:40.409000+00:00,2021-11-27T07:58:29.401000+00:00,MUKESH KUMAR,MDO,Bihar State Mining Corporation Ltd,"VIKAS BHAWAN, PATNA",MUKESH KUMAR,MDO,Bihar State Mining Corporation Ltd,1006554.0,29500.0,590.0
15439,BSMCL-03\2021-22/GAYA/CLUSTER- 53,"EC Approved Sandghats of Gaya (Cluster - 53)
Palhat Kuttiya Sand Ghat : (Mineable Quantity - 6720250 CFT)","EC Approved Sandghats of Gaya (Cluster - 53)
Palhat Kuttiya Sand Ghat : (Mineable Quantity - 6720250 CFT)",6149130.0,INR,INR,2021-11-16 17:11:28+00:00,2021-11-16T13:46:04.478000+00:00,2021-11-27T08:22:54.941000+00:00,MUKESH KUMAR,MDO,Bihar State Mining Corporation Ltd,"VIKAS BHAWAN, PATNA",MUKESH KUMAR,MDO,Bihar State Mining Corporation Ltd,1537282.0,29500.0,590.0
15420,BSMCL-03/2021-22/PATNA/CLUSTER- 18,"EC Approved Sandghats of Patna (Cluster-18)
Ekbalganj-Nisarpura SandGhat: ( MINEABLE QUANTITY -  15211125 ?CFT).","EC Approved Sandghats of Patna (Cluster-18)
Ekbalganj-Nisarpura SandGhat: ( MINEABLE QUANTITY -  15211125 ?CFT).",39138750.0,INR,INR,2021-11-16 17:05:20+00:00,2021-11-16T13:33:09.586000+00:00,2021-11-26T12:49:07.634000+00:00,Ghanshyam Jha,"M.D.O, Muzaffarpur",Bihar State Mining Corporation Ltd.,"Vikash Bhawan (New Secretariat),  Bailey, Road, Patna- 800015",Ghanshyam Jha,"M.D.O, Muzaffarpur",Bihar State Mining Corporation Ltd.,9784688.0,29500.0,5900.0
15469,BSMCL-03/2021-22/PATNA/CLUSTER- 31,"EC Approved Sandghats of Patna (Cluster-31)
Amnabad SandGhat-1: ( MINEABLE QUANTITY -  15564825 ?CFT).","EC Approved Sandghats of Patna (Cluster-31)
Amnabad SandGhat-1: ( MINEABLE QUANTITY -  15564825 ?CFT).",39618000.0,INR,INR,2021-11-16 17:25:57+00:00,2021-11-16T14:07:40.392000+00:00,2021-11-26T12:51:53.333000+00:00,Ghanshyam Jha,"M.D.O, Muzaffarpur",Bihar State Mining Corporation Ltd.,"Vikash Bhawan (New Secretariat),  Bailey, Road, Patna- 800015",Ghanshyam Jha,"M.D.O, Muzaffarpur",Bihar State Mining Corporation Ltd.,9904500.0,29500.0,5900.0
15471,NIT-06/2021-22 Gr.-40,Repair And Coacnstruction Of Cross Drain In Different Site From Ward No 13 In Chapra Nagar Nigam.,Repair And Coacnstruction Of Cross Drain In Different Site From Ward No 13 In Chapra Nagar Nigam.,49590.0,INR,INR,2021-11-16 14:13:45+00:00,2021-11-16T14:08:37.713000+00:00,2021-12-11T09:13:03+00:00,SANJAY KUMAR UPADHYAY,MUNICIPAL COMMISSIONER,CHAPRA MUNICIPAL CORPORATION,"NEAR MUNICIPAL CHOWK, CHAPRA, SARAN",Sanjay Kumar Upadhyay,Municipal Commissioner,Chapra Municipal Corporation,912.0,250.0,590.0
15466,BSMCL-03/2021-22/SARAN/CLUSTER-09,"EC Approved Sandghats of Saran (Cluster- 09)
LCT Domwa ghat , Kalugangajal Ghat, Nayagao Rajapur ghat  (Mineable Quantity-18291602.5 cft)","EC Approved Sandghats of Saran (Cluster- 09)
LCT Domwa ghat , Kalugangajal Ghat, Nayagao Rajapur ghat  (Mineable Quantity-18291602.5 cft)",5572101.95,INR,INR,2021-11-16 16:08:26+00:00,2021-11-16T14:04:33.687000+00:00,2021-11-26T13:11:49.966000+00:00,VIKASH KUMAR PASWAN,Mineral Development Officer,Bihar State Mining Corporation Limited,"VIKASH BHAWAN, PATNA",VIKASH KUMAR PASWAN,Mineral Development Officer,Bihar State Mining Corporation Limited,1393026.0,29500.0,590.0
15464,BSMCL-03\2021-22/GAYA/CLUSTER- 58,"EC Approved Sandghats of Gaya (Cluster - 58)
Manoharpur Sand Ghat : (Mineable Quantity - 6648800 CFT)","EC Approved Sandghats of Gaya (Cluster - 58)
Manoharpur Sand Ghat : (Mineable Quantity - 6648800 CFT)",6222334.0,INR,INR,2021-11-16 17:16:36+00:00,2021-11-16T14:03:27.043000+00:00,2021-11-27T08:06:24.167000+00:00,MUKESH KUMAR,MDO,Bihar State Mining Corporation Ltd,"VIKAS BHAWAN, PATNA",MUKESH KUMAR,MDO,Bihar State Mining Corporation Ltd,1555583.0,29500.0,590.0
15455,BSMCL-03\2021-22/GAYA/CLUSTER- 56,"EC Approved Sandghats of Gaya (Cluster - 56)
Baluganj Sand Ghat : (Mineable Quantity - 4251625 CFT)","EC Approved Sandghats of Gaya (Cluster - 56)
Baluganj Sand Ghat : (Mineable Quantity - 4251625 CFT)",7320393.0,INR,INR,2021-11-16 17:14:31+00:00,2021-11-16T13:56:26.405000+00:00,2021-11-27T08:03:13.787000+00:00,MUKESH KUMAR,MDO,Bihar State Mining Corporation Ltd,"VIKAS BHAWAN, PATNA",MUKESH KUMAR,MDO,Bihar State Mining Corporation Ltd,1830098.0,29500.0,3540.0
15474,BSMCL-03/2021-22/SARAN/CLUSTER-11,"EC Approved Sandghats of Saran (Cluster- 11)
Sabalpur ghat   (Mineable Quantity-10850275 cft)","EC Approved Sandghats of Saran (Cluster- 11)
Sabalpur ghat   (Mineable Quantity-10850275 cft)",2266617.74,INR,INR,2021-11-16 16:11:09+00:00,2021-11-16T14:11:21.657000+00:00,2021-11-26T13:16:44.901000+00:00,VIKASH KUMAR PASWAN,Mineral Development Officer,Bihar State Mining Corporation Limited,"VIKASH BHAWAN, PATNA",VIKASH KUMAR PASWAN,Mineral Development Officer,Bihar State Mining Corporation Limited,566655.0,29500.0,590.0
15483,NIT-06/2021-22 Gr.-42,Repair And Coacnstruction Of Cross Drain In Different Site From Ward No 15 In Chapra Nagar Nigam.,Repair And Coacnstruction Of Cross Drain In Different Site From Ward No 15 In Chapra Nagar Nigam.,73026.0,INR,INR,2021-11-16 14:24:22+00:00,2021-11-16T14:21:16.196000+00:00,2022-06-16T12:16:49+00:00,SANJAY KUMAR UPADHYAY,MUNICIPAL COMMISSIONER,CHAPRA MUNICIPAL CORPORATION,"NEAR MUNICIPAL CHOWK, CHAPRA, SARAN",Sanjay Kumar Upadhyay,Municipal Commissioner,Chapra Municipal Corporation,1461.0,500.0,590.0
15457,NIT-06/2021-22 Gr.-39,Repair And Coacnstruction Of Cross Drain In Different Site From Ward No 11 In Chapra Nagar Nigam.,Repair And Coacnstruction Of Cross Drain In Different Site From Ward No 11 In Chapra Nagar Nigam.,28839.0,INR,INR,2021-11-16 14:06:29+00:00,2021-11-16T13:57:32.736000+00:00,2021-11-22T09:31:00+00:00,SANJAY KUMAR UPADHYAY,MUNICIPAL COMMISSIONER,CHAPRA MUNICIPAL CORPORATION,"NEAR MUNICIPAL CHOWK, CHAPRA, SARAN",Sanjay Kumar Upadhyay,Municipal Commissioner,Chapra Municipal Corporation,577.0,250.0,590.0
15487,NIT-06/2021-22 Gr.-43,Repair And Coacnstruction Of Cross Drain In Different Site From Ward No 16 In Chapra Nagar Nigam.,Repair And Coacnstruction Of Cross Drain In Different Site From Ward No 16 In Chapra Nagar Nigam.,48907.0,INR,INR,2021-11-16 14:28:11+00:00,2021-11-16T14:25:01.826000+00:00,2021-11-22T09:31:00+00:00,SANJAY KUMAR UPADHYAY,MUNICIPAL COMMISSIONER,CHAPRA MUNICIPAL CORPORATION,"NEAR MUNICIPAL CHOWK, CHAPRA, SARAN",Sanjay Kumar Upadhyay,Municipal Commissioner,Chapra Municipal Corporation,979.0,250.0,590.0
15491,BSMCL-03/2021-22/PATNA/CLUSTER- 39,"EC Approved Sandghats of Patna (Cluster-39)
L.C.T, Rajpur, Dhigha Kurji, Bajitpur, Kurji Ghat SandGhat: ( MINEABLE QUANTITY -  26320465 ?CFT).","EC Approved Sandghats of Patna (Cluster-39)
L.C.T, Rajpur, Dhigha Kurji, Bajitpur, Kurji Ghat SandGhat: ( MINEABLE QUANTITY -  26320465 ?CFT).",13198500.0,INR,INR,2021-11-16 17:29:39+00:00,2021-11-16T14:34:12.929000+00:00,2021-11-26T13:23:26.227000+00:00,Ghanshyam Jha,"M.D.O, Muzaffarpur",Bihar State Mining Corporation Ltd.,"Vikash Bhawan (New Secretariat),  Bailey, Road, Patna- 800015",Ghanshyam Jha,"M.D.O, Muzaffarpur",Bihar State Mining Corporation Ltd.,3299625.0,29500.0,3540.0
15477,NIT-06/2021-22 Gr.-41,Repair And Coacnstruction Of Cross Drain In Different Site From Ward No 14 In Chapra Nagar Nigam.,Repair And Coacnstruction Of Cross Drain In Different Site From Ward No 14 In Chapra Nagar Nigam.,68861.0,INR,INR,2021-11-16 14:20:34+00:00,2021-11-16T14:14:33.878000+00:00,2023-02-20T08:09:55+00:00,SANJAY KUMAR UPADHYAY,MUNICIPAL COMMISSIONER,CHAPRA MUNICIPAL CORPORATION,"NEAR MUNICIPAL CHOWK, CHAPRA, SARAN",Sanjay Kumar Upadhyay,Municipal Commissioner,Chapra Municipal Corporation,1378.0,500.0,590.0
15488,BSMCL-03/2021-22/PATNA/CLUSTER- 37,"EC Approved Sandghats of Patna (Cluster-37)
Lodhipur Ghat, chhitanwan Ghat, Sherpur Ghat and Bramchari SandGhat: ( MINEABLE QUANTITY -  32807700 ?CFT).","EC Approved Sandghats of Patna (Cluster-37)
Lodhipur Ghat, chhitanwan Ghat, Sherpur Ghat and Bramchari SandGhat: ( MINEABLE QUANTITY -  32807700 ?CFT).",18561700.0,INR,INR,2021-11-16 17:30:40+00:00,2021-11-16T14:26:10.515000+00:00,2021-11-26T13:17:47.259000+00:00,Ghanshyam Jha,"M.D.O, Muzaffarpur",Bihar State Mining Corporation Ltd.,"Vikash Bhawan (New Secretariat),  Bailey, Road, Patna- 800015",Ghanshyam Jha,"M.D.O, Muzaffarpur",Bihar State Mining Corporation Ltd.,4640425.0,29500.0,3540.0
15499,23/E/NCD/2021-22_GR01,Construction of P.C.C. Road & U/G drain work from Vetenry College Boys Hostel Main road to Kailash Pati Mishra Chauraha in Ward no-04.,Construction of P.C.C. Road & U/G drain work from Vetenry College Boys Hostel Main road to Kailash Pati Mishra Chauraha in Ward no-04.,1994607.0,INR,INR,2021-11-16 15:34:51+00:00,2021-11-16T15:05:55.312000+00:00,2022-02-14T07:11:22+00:00,"Shushil Kumar Jha, Executive Engineer",EE,"New Capital Division, Patna Municipal Corporation, Patna","Harding Road, Patna",Shushil Kumar Jha,EE,"New Capital Division, Patna Municipal Corporation, Patna",39892.0,5000.0,590.0
15502,NIT-6/2021-22 Gr.-044,Repair And Coacnstruction Of Cross Drain In Different Site From Ward No 18 In Chapra Nagar Nigam.,Repair And Coacnstruction Of Cross Drain In Different Site From Ward No 18 In Chapra Nagar Nigam.,40946.0,INR,INR,2021-11-17 03:18:26+00:00,2021-11-16T17:20:25.997000+00:00,2021-11-22T09:31:00+00:00,SANJAY KUMAR UPADHYAY,MUNICIPAL COMMISSIONER,CHAPRA MUNICIPAL CORPORATION,"NEAR MUNICIPAL CHOWK, CHAPRA, SARAN",Sanjay Kumar Upadhyay,Municipal Commissioner,Chapra Municipal Corporation,819.0,250.0,590.0
15503,NIT-06/2021-22 Gr.-45,Repair And Coacnstruction Of Cross Drain In Different Site From Ward No 25 In Chapra Nagar Nigam.,Repair And Coacnstruction Of Cross Drain In Different Site From Ward No 25 In Chapra Nagar Nigam.,56289.0,INR,INR,2021-11-16 17:40:04+00:00,2021-11-16T17:28:12.513000+00:00,2021-11-22T09:31:00+00:00,SANJAY KUMAR UPADHYAY,MUNICIPAL COMMISSIONER,CHAPRA MUNICIPAL CORPORATION,"NEAR MUNICIPAL CHOWK, CHAPRA, SARAN",Sanjay Kumar Upadhyay,Municipal Commissioner,Chapra Municipal Corporation,1126.0,500.0,590.0
15497,BSMCL-03/2021-22/PATNA/CLUSTER- 44,"EC Approved Sandghats of Patna (Cluster-44)
Rupapur, Bahadurganj, Chakiya, Jarkha, Devraiya, Patriganja, Tikul, Pijrawan-Gopipur, Pijrawan and Raniyadih SandGhat: ( MINEABLE QUANTITY -  3454324 ?CFT).","EC Approved Sandghats of Patna (Cluster-44)
Rupapur, Bahadurganj, Chakiya, Jarkha, Devraiya, Patriganja, Tikul, Pijrawan-Gopipur, Pijrawan and Raniyadih SandGhat: ( MINEABLE QUANTITY -  3454324 ?CFT).",1235220.0,INR,INR,2021-11-16 17:33:08+00:00,2021-11-16T14:52:12.722000+00:00,2021-11-26T13:26:25.654000+00:00,Ghanshyam Jha,"M.D.O, Muzaffarpur",Bihar State Mining Corporation Ltd.,"Vikash Bhawan (New Secretariat),  Bailey, Road, Patna- 800015",Ghanshyam Jha,"M.D.O, Muzaffarpur",Bihar State Mining Corporation Ltd.,308805.0,29500.0,590.0
15500,23/E/NCD/2021-22_GR02,Construction of P.C.C. Road & U/G drain work from Randhir Prasad house in Jagdev Path in Lohia Path to Lohia Path Main Road in ward no-03,Construction of P.C.C. Road & U/G drain work from Randhir Prasad house in Jagdev Path in Lohia Path to Lohia Path Main Road in ward no-03,542060.0,INR,INR,2021-11-16 15:39:24+00:00,2021-11-16T15:35:56.841000+00:00,2022-05-30T10:30:59+00:00,"Shushil Kumar Jha, Executive Engineer",EE,"New Capital Division, Patna Municipal Corporation, Patna","Harding Road, Patna",Shushil Kumar Jha,EE,"New Capital Division, Patna Municipal Corporation, Patna",10841.0,1250.0,590.0
15507,NIT-06/2021-22 Gr.-49,Repair And Coacnstruction Of Cross Drain In Different Site From Ward No 30 In Chapra Nagar Nigam.,Repair And Coacnstruction Of Cross Drain In Different Site From Ward No 30 In Chapra Nagar Nigam.,94690.0,INR,INR,2021-11-17 02:37:44+00:00,2021-11-17T02:34:09.536000+00:00,2021-12-11T07:10:22+00:00,SANJAY KUMAR UPADHYAY,MUNICIPAL COMMISSIONER,CHAPRA MUNICIPAL CORPORATION,"NEAR MUNICIPAL CHOWK, CHAPRA, SARAN",Sanjay Kumar Upadhyay,Municipal Commissioner,Chapra Municipal Corporation,1894.0,500.0,590.0
15501,23/E/NCD/2021-22_GR03,Construction of P.C.C. Road & U/G drain work from Sagadi masjid slum in Ward no-09.,Construction of P.C.C. Road & U/G drain work from Sagadi masjid slum in Ward no-09.,282227.0,INR,INR,2021-11-17 06:44:32+00:00,2021-11-16T15:39:54.231000+00:00,2021-11-22T09:31:00+00:00,"Shushil Kumar Jha, Executive Engineer",EE,"New Capital Division, Patna Municipal Corporation, Patna","Harding Road, Patna",Shushil Kumar Jha,EE,"New Capital Division, Patna Municipal Corporation, Patna",5645.0,750.0,590.0
15509,NIT-06/2021-22 Gr.-51,Repair And Coacnstruction Of Cross Drain In Different Site From Ward No 36 In Chapra Nagar Nigam.,Repair And Coacnstruction Of Cross Drain In Different Site From Ward No 36 In Chapra Nagar Nigam.,48012.0,INR,INR,2021-11-17 02:46:19+00:00,2021-11-17T02:42:25.919000+00:00,2021-12-11T06:42:25+00:00,SANJAY KUMAR UPADHYAY,MUNICIPAL COMMISSIONER,CHAPRA MUNICIPAL CORPORATION,"NEAR MUNICIPAL CHOWK, CHAPRA, SARAN",Sanjay Kumar Upadhyay,Municipal Commissioner,Chapra Municipal Corporation,961.0,250.0,590.0
15506,NIT-06/2021-22 Gr.-48,Repair And Coacnstruction Of Cross Drain In Different Site From Ward No 29 In Chapra Nagar Nigam.,Repair And Coacnstruction Of Cross Drain In Different Site From Ward No 29 In Chapra Nagar Nigam.,159042.0,INR,INR,2021-11-17 02:33:28+00:00,2021-11-17T02:29:48.680000+00:00,2021-12-11T08:24:44+00:00,SANJAY KUMAR UPADHYAY,MUNICIPAL COMMISSIONER,CHAPRA MUNICIPAL CORPORATION,"NEAR MUNICIPAL CHOWK, CHAPRA, SARAN",Sanjay Kumar Upadhyay,Municipal Commissioner,Chapra Municipal Corporation,3181.0,500.0,590.0
15504,NIT-06/2021-22 Gr.-46,Repair And Coacnstruction Of Cross Drain In Different Site From Ward No 26 In Chapra Nagar Nigam.,Repair And Coacnstruction Of Cross Drain In Different Site From Ward No 26 In Chapra Nagar Nigam.,48889.0,INR,INR,2021-11-17 02:16:25+00:00,2021-11-17T02:09:56.134000+00:00,2021-11-22T09:31:00+00:00,SANJAY KUMAR UPADHYAY,MUNICIPAL COMMISSIONER,CHAPRA MUNICIPAL CORPORATION,"NEAR MUNICIPAL CHOWK, CHAPRA, SARAN",Sanjay Kumar Upadhyay,Municipal Commissioner,Chapra Municipal Corporation,978.0,250.0,590.0
15508,NIT-06/2021-22 Gr.50,Repair And Coacnstruction Of Cross Drain In Different Site From Ward No 31 In Chapra Nagar Nigam.,Repair And Coacnstruction Of Cross Drain In Different Site From Ward No 31 In Chapra Nagar Nigam.,70301.0,INR,INR,2021-11-17 02:41:50+00:00,2021-11-17T02:38:30.527000+00:00,2021-12-11T06:51:57+00:00,SANJAY KUMAR UPADHYAY,MUNICIPAL COMMISSIONER,CHAPRA MUNICIPAL CORPORATION,"NEAR MUNICIPAL CHOWK, CHAPRA, SARAN",Sanjay Kumar Upadhyay,Municipal Commissioner,Chapra Municipal Corporation,1407.0,500.0,590.0
15512,NIT-06/2021-22 Gr.-54,Repair And Construction Of Cross Drain In Different Site From Ward No 43 In Chapra Nagar Nigam.,Repair And Construction Of Cross Drain In Different Site From Ward No 43 In Chapra Nagar Nigam.,108970.0,INR,INR,2021-11-17 03:02:14+00:00,2021-11-17T02:58:28.907000+00:00,2021-12-11T06:22:12+00:00,SANJAY KUMAR UPADHYAY,MUNICIPAL COMMISSIONER,CHAPRA MUNICIPAL CORPORATION,"NEAR MUNICIPAL CHOWK, CHAPRA, SARAN",Sanjay Kumar Upadhyay,Municipal Commissioner,Chapra Municipal Corporation,2180.0,500.0,590.0
15513,NIT-06/2021-22 Gr.-55,Repair And Construction Of Cross Drain In Different Site From Ward No 44 In Chapra Nagar Nigam.,Repair And Construction Of Cross Drain In Different Site From Ward No 44 In Chapra Nagar Nigam.,35930.0,INR,INR,2021-11-17 03:06:21+00:00,2021-11-17T03:02:49.056000+00:00,2021-11-22T09:31:00+00:00,SANJAY KUMAR UPADHYAY,MUNICIPAL COMMISSIONER,CHAPRA MUNICIPAL CORPORATION,"NEAR MUNICIPAL CHOWK, CHAPRA, SARAN",Sanjay Kumar Upadhyay,Municipal Commissioner,Chapra Municipal Corporation,719.0,250.0,590.0
15511,NIT-06/2021-22 Gr.-53,Repair And Coacnstruction Of Cross Drain In Different Site From Ward No 42 In Chapra Nagar Nigam.,Repair And Coacnstruction Of Cross Drain In Different Site From Ward No 42 In Chapra Nagar Nigam.,69241.0,INR,INR,2021-11-17 02:58:03+00:00,2021-11-17T02:53:15.530000+00:00,2021-11-22T09:31:00+00:00,SANJAY KUMAR UPADHYAY,MUNICIPAL COMMISSIONER,CHAPRA MUNICIPAL CORPORATION,"NEAR MUNICIPAL CHOWK, CHAPRA, SARAN",Sanjay Kumar Upadhyay,Municipal Commissioner,Chapra Municipal Corporation,1385.0,500.0,590.0
15516,11/BCD/SAMASTIPUR/2021-22 Group 1,Special repair work of non-residential and residential buildings of Cooperative Training Center Pusa.,Special repair work of non-residential and residential buildings of Cooperative Training Center Pusa.,2090164.0,INR,INR,2021-11-17 07:23:51+00:00,2021-11-17T06:34:43.723000+00:00,2022-01-13T07:25:57+00:00,"Executive Engineer, BUILDING DIVISION SAMASTIPUR",EE,Executive Engineer,"EE,  BUILDING DIVISION SAMASTIPUR, BCD SAMASTIPUR, BIHAR","Superintending Engineer, BUILDING CIRCLE DARBHANGA",SE,Superintending Engineer,41900.0,5000.0,590.0
15519,23/E/NCD/2021-22_GR05,Construction of P.C.C. Road & U/G drain work from Vinod Singh to Ramesh Soni house at Yarpur Mushri in ward no-19,Construction of P.C.C. Road & U/G drain work from Vinod Singh to Ramesh Soni house at Yarpur Mushri in ward no-19,2044453.0,INR,INR,2021-11-17 06:56:01+00:00,2021-11-17T06:50:32.466000+00:00,2021-11-22T09:31:00+00:00,"Shushil Kumar Jha, Executive Engineer",EE,"New Capital Division, Patna Municipal Corporation, Patna","Harding Road, Patna",Shushil Kumar Jha,EE,"New Capital Division, Patna Municipal Corporation, Patna",40889.0,2500.0,590.0
15518,23/E/NCD/2021-22_GR04,Construction of P.C.C. Road & U/G drain work from Stand Road Slum in Ward no-09.,Construction of P.C.C. Road & U/G drain work from Stand Road Slum in Ward no-09.,136164.0,INR,INR,2021-11-17 06:49:42+00:00,2021-11-17T06:45:02.893000+00:00,2021-11-22T09:31:00+00:00,"Shushil Kumar Jha, Executive Engineer",EE,"New Capital Division, Patna Municipal Corporation, Patna","Harding Road, Patna",Shushil Kumar Jha,EE,"New Capital Division, Patna Municipal Corporation, Patna",2723.0,500.0,590.0
15514,NIT-06/2021-22 Gr.-56,Repair And Construction Of Cross Drain In Different Site From Ward No 45 In Chapra Nagar Nigam.,Repair And Construction Of Cross Drain In Different Site From Ward No 45 In Chapra Nagar Nigam.,82666.0,INR,INR,2021-11-17 03:12:04+00:00,2021-11-17T03:06:57.591000+00:00,2021-12-11T04:45:37+00:00,SANJAY KUMAR UPADHYAY,MUNICIPAL COMMISSIONER,CHAPRA MUNICIPAL CORPORATION,"NEAR MUNICIPAL CHOWK, CHAPRA, SARAN",Sanjay Kumar Upadhyay,Municipal Commissioner,Chapra Municipal Corporation,1654.0,500.0,590.0
15521,11/BCD/SAMASTIPUR/2021-22 Group 3,Special repair work of non-residential and residential buildings of Scheduled Caste Residential High School Harpur Elouth Samastipur 2021-2022,Special repair work of non-residential and residential buildings of Scheduled Caste Residential High School Harpur Elouth Samastipur 2021-2022,3662679.0,INR,INR,2021-11-17 07:19:05+00:00,2021-11-17T06:56:33.796000+00:00,2021-12-29T11:52:00+00:00,"Executive Engineer, BUILDING DIVISION SAMASTIPUR",EE,Executive Engineer,"EE,  BUILDING DIVISION SAMASTIPUR, BCD SAMASTIPUR, BIHAR","Superintending Engineer, BUILDING CIRCLE DARBHANGA",SE,Superintending Engineer,73300.0,5000.0,590.0
15520,11/BCD/SAMASTIPUR/2021-22 Group 2,"Special repair work of non-residential and residential buildings of Kameshwar Narayan Singh Government Polytechnic Kisanpur Tabhka, Vibhutipur Samastipur for the year 2021-2022","Special repair work of non-residential and residential buildings of Kameshwar Narayan Singh Government Polytechnic Kisanpur Tabhka, Vibhutipur Samastipur for the year 2021-2022",4754783.0,INR,INR,2021-11-17 07:21:42+00:00,2021-11-17T06:56:19.464000+00:00,2022-01-13T07:21:13+00:00,"Executive Engineer, BUILDING DIVISION SAMASTIPUR",EE,Executive Engineer,"EE,  BUILDING DIVISION SAMASTIPUR, BCD SAMASTIPUR, BIHAR","Superintending Engineer, BUILDING CIRCLE DARBHANGA",SE,Superintending Engineer,95100.0,5000.0,590.0
15525,23/E/NCD/2021-22_GR09,Construction of P.C.C. Road & U/G drain work from Pather gali Branch Gali From Lalu House to Satyendra house in ward no-16.,Construction of P.C.C. Road & U/G drain work from Pather gali Branch Gali From Lalu House to Satyendra house in ward no-16.,697624.0,INR,INR,2021-11-17 07:07:35+00:00,2021-11-17T07:04:27.632000+00:00,2022-01-10T11:51:50+00:00,"Shushil Kumar Jha, Executive Engineer",EE,"New Capital Division, Patna Municipal Corporation, Patna","Harding Road, Patna",Shushil Kumar Jha,EE,"New Capital Division, Patna Municipal Corporation, Patna",13952.0,750.0,590.0
15498,BSMCL-03/2021-22/PATNA/CLUSTER- 45,"EC Approved Sandghats of Patna (Cluster-45)
Sahora, Khania, Dumri, Pitwas-dudhichak, chakiya, Gahara, Bakua, Nasopur, Sahabajpur and Kardaha Khaira SandGhat: ( MINEABLE QUANTITY -  1956021?CFT).","EC Approved Sandghats of Patna (Cluster-45)
Sahora, Khania, Dumri, Pitwas-dudhichak, chakiya, Gahara, Bakua, Nasopur, Sahabajpur and Kardaha Khaira SandGhat: ( MINEABLE QUANTITY -  1956021?CFT).",783870.0,INR,INR,2021-11-16 17:33:08+00:00,2021-11-16T14:56:21.118000+00:00,2021-11-26T13:31:44.746000+00:00,Ghanshyam Jha,"M.D.O, Muzaffarpur",Bihar State Mining Corporation Ltd.,"Vikash Bhawan (New Secretariat),  Bailey, Road, Patna- 800015",Ghanshyam Jha,"M.D.O, Muzaffarpur",Bihar State Mining Corporation Ltd.,195968.0,29500.0,590.0
15490,BSMCL-03/2021-22/PATNA/CLUSTER- 38,"EC Approved Sandghats of Patna (Cluster-38)
Shahpur-Chhitnawa, Sahpur, Peepapul and Pipapur-Panapur SandGhat: ( MINEABLE QUANTITY -  31719619 ?CFT).","EC Approved Sandghats of Patna (Cluster-38)
Shahpur-Chhitnawa, Sahpur, Peepapul and Pipapur-Panapur SandGhat: ( MINEABLE QUANTITY -  31719619 ?CFT).",16655250.0,INR,INR,2021-11-16 17:30:48+00:00,2021-11-16T14:30:19.390000+00:00,2021-11-26T13:20:47.216000+00:00,Ghanshyam Jha,"M.D.O, Muzaffarpur",Bihar State Mining Corporation Ltd.,"Vikash Bhawan (New Secretariat),  Bailey, Road, Patna- 800015",Ghanshyam Jha,"M.D.O, Muzaffarpur",Bihar State Mining Corporation Ltd.,4163813.0,29500.0,3540.0
15522,11/BCD/SAMASTIPUR/2021-22 Group 4,"Special repair work of non-residential and residential buildings of Other Backward Classes Girls Residential High School Dhruvgama Kalyanpur, Samastipur 2021-2022","Special repair work of non-residential and residential buildings of Other Backward Classes Girls Residential High School Dhruvgama Kalyanpur, Samastipur 2021-2022",3538654.0,INR,INR,2021-11-17 07:17:28+00:00,2021-11-17T06:56:45.075000+00:00,2022-01-13T07:27:36+00:00,"Executive Engineer, BUILDING DIVISION SAMASTIPUR",EE,Executive Engineer,"EE,  BUILDING DIVISION SAMASTIPUR, BCD SAMASTIPUR, BIHAR","Superintending Engineer, BUILDING CIRCLE DARBHANGA",SE,Superintending Engineer,70800.0,5000.0,590.0
15510,NIT-06/2021-22 Gr.-52,Repair And Coacnstruction Of Cross Drain In Different Site From Ward No 41 In Chapra Nagar Nigam.,Repair And Coacnstruction Of Cross Drain In Different Site From Ward No 41 In Chapra Nagar Nigam.,43195.0,INR,INR,2021-11-17 02:50:25+00:00,2021-11-17T02:46:48.789000+00:00,2021-11-22T09:31:00+00:00,SANJAY KUMAR UPADHYAY,MUNICIPAL COMMISSIONER,CHAPRA MUNICIPAL CORPORATION,"NEAR MUNICIPAL CHOWK, CHAPRA, SARAN",Sanjay Kumar Upadhyay,Municipal Commissioner,Chapra Municipal Corporation,864.0,250.0,590.0
15523,23/E/NCD/2021-22_GR07,Construction of 24 sheet samudayak sochalya mona cinema in back of bakarganj nala at slum in ward no-37.,Construction of 24 sheet samudayak sochalya mona cinema in back of bakarganj nala at slum in ward no-37.,323045.0,INR,INR,2021-11-17 07:00:30+00:00,2021-11-17T06:56:53.408000+00:00,2021-11-26T11:38:14+00:00,"Shushil Kumar Jha, Executive Engineer",EE,"New Capital Division, Patna Municipal Corporation, Patna","Harding Road, Patna",Shushil Kumar Jha,EE,"New Capital Division, Patna Municipal Corporation, Patna",6461.0,750.0,590.0
15529,23/E/NCD/2021-22_GR13,Construction of P.C.C. Road & U/G drain work from Jhony House to Shabir j house at Damaria Kabristan in ward no-13,Construction of P.C.C. Road & U/G drain work from Jhony House to Shabir j house at Damaria Kabristan in ward no-13,1054600.0,INR,INR,2021-11-17 07:27:59+00:00,2021-11-17T07:23:45.516000+00:00,2022-06-21T12:17:01+00:00,"Shushil Kumar Jha, Executive Engineer",EE,"New Capital Division, Patna Municipal Corporation, Patna","Harding Road, Patna",Shushil Kumar Jha,EE,"New Capital Division, Patna Municipal Corporation, Patna",21092.0,2500.0,590.0
15527,23/E/NCD/2021-22_GR11,Construction of f Payling and Tille Near Saristabad At kacchi talab in ward no-16 .,Construction of f Payling and Tille Near Saristabad At kacchi talab in ward no-16 .,490205.0,INR,INR,2021-11-17 07:18:28+00:00,2021-11-17T07:14:30.476000+00:00,2022-01-10T12:19:29+00:00,"Shushil Kumar Jha, Executive Engineer",EE,"New Capital Division, Patna Municipal Corporation, Patna","Harding Road, Patna",Shushil Kumar Jha,EE,"New Capital Division, Patna Municipal Corporation, Patna",9804.0,750.0,590.0
15524,23/E/NCD/2021-22_GR08,Construction of P.C.C. Road & U/G drain work from Saristabad Balkeshwar Saw House Last Side in Ward no-16.,Construction of P.C.C. Road & U/G drain work from Saristabad Balkeshwar Saw House Last Side in Ward no-16.,432177.0,INR,INR,2021-11-17 07:04:07+00:00,2021-11-17T07:00:50.891000+00:00,2022-01-10T11:39:42+00:00,"Shushil Kumar Jha, Executive Engineer",EE,"New Capital Division, Patna Municipal Corporation, Patna","Harding Road, Patna",Shushil Kumar Jha,EE,"New Capital Division, Patna Municipal Corporation, Patna",8644.0,750.0,590.0
15528,23/E/NCD/2021-22_GR12,Construction of Lighting & painting work from kacchi talab in ward no-16..,Construction of Lighting & painting work from kacchi talab in ward no-16..,184521.0,INR,INR,2021-11-17 07:23:11+00:00,2021-11-17T07:19:08.069000+00:00,2022-01-08T14:07:30+00:00,"Shushil Kumar Jha, Executive Engineer",EE,"New Capital Division, Patna Municipal Corporation, Patna","Harding Road, Patna",Shushil Kumar Jha,EE,"New Capital Division, Patna Municipal Corporation, Patna",3690.0,500.0,590.0
15526,23/E/NCD/2021-22_GR10,Construction of P.C.C. Road &  Paybhar Block From Braj Kishor Singh House to Last Stand In Ward no-16.,Construction of P.C.C. Road &  Paybhar Block From Braj Kishor Singh House to Last Stand In Ward no-16.,554699.0,INR,INR,2021-11-17 07:13:38+00:00,2021-11-17T07:08:04.955000+00:00,2022-01-10T12:07:03+00:00,"Shushil Kumar Jha, Executive Engineer",EE,"New Capital Division, Patna Municipal Corporation, Patna","Harding Road, Patna",Shushil Kumar Jha,EE,"New Capital Division, Patna Municipal Corporation, Patna",11099.0,1250.0,590.0
15538,02/RCD/SUPAUL/2021-22/02,"Repair work of  Road Sub-Division Office  & Assistant Engineer residence building of Raghopur under road division,Supaul for the year 2021-22 (GROUP-02)","Repair work of  Road Sub-Division Office  & Assistant Engineer residence building of Raghopur under road division,Supaul for the year 2021-22 (GROUP-02)",2824145.0,INR,INR,2021-11-17 10:20:47+00:00,2021-11-17T09:44:50.270000+00:00,2022-01-27T10:39:03+00:00,SURENDRA NARAYAN,EXECUTIVE ENGINEER,ROAD CONSTRUCTION DEPARTMENT,ROAD DIVISION SUPAUL,BIJAY KUMAR,SUPERINTENDING ENGINEER,ROAD CONSTRUCTION DEPARTMENT,57000.0,5000.0,590.0
15539,02/RCD/SUPAUL/2021-22/03,"Repair Work of Sub-Division Office & Boundry Wall of Road Sub-Division, Pipra under Road Division, Supaul for the year 2021-22 (GROUP-03)","Repair Work of Sub-Division Office & Boundry Wall of Road Sub-Division, Pipra under Road Division, Supaul for the year 2021-22 (GROUP-03)",1031718.0,INR,INR,2021-11-17 10:21:58+00:00,2021-11-17T09:48:52.292000+00:00,2022-01-27T09:58:23+00:00,SURENDRA NARAYAN,EXECUTIVE ENGINEER,ROAD CONSTRUCTION DEPARTMENT,ROAD DIVISION SUPAUL,BIJAY KUMAR,SUPERINTENDING ENGINEER,ROAD CONSTRUCTION DEPARTMENT,21000.0,5000.0,590.0
15536,PNP/NIT-02/2021-22,Construction of Paver Block in ward no-01 from Angeshwar sing House to Yogendra singh land,Construction of Paver Block in ward no-01 from Angeshwar sing House to Yogendra singh land,1177400.0,INR,INR,2021-11-17 09:54:37+00:00,2021-11-17T09:30:04.672000+00:00,2023-04-19T09:34:05+00:00,KISHORE KUNAL,EXECUTIVE OFFICER,NAGAR PANCHAYAT PARSA BAZAR (UDHD),NAGAR PANCHAYAT PARSA BAZAR SARAN,Mr. Kishore Kunal,EXECUTIVE OFFICER,NAGAR PANCHAYAT PARSA BAZAR SARAN,23600.0,2500.0,590.0
15535,02/RCD/SUPAUL/2021-22/01,"Repair Work of Office Building, Sub-Division Building &  Sub-Divisional Residence Building under Road Division, Supaul for the year 2021-22 (GROUP-01)","Repair Work of Office Building, Sub-Division Building &  Sub-Divisional Residence Building under Road Division, Supaul for the year 2021-22 (GROUP-01)",3288377.0,INR,INR,2021-11-17 10:19:36+00:00,2021-11-17T09:29:10.600000+00:00,2022-01-27T09:51:01+00:00,SURENDRA NARAYAN,EXECUTIVE ENGINEER,ROAD CONSTRUCTION DEPARTMENT,ROAD DIVISION SUPAUL,BIJAY KUMAR,SUPERINTENDING ENGINEER,ROAD CONSTRUCTION DEPARTMENT,66000.0,5000.0,590.0
15534,NPR-03/2021-22/GR-04,Construction of RCC Culvert in east side the house of Superintendent of Rosera Jail in Ward no. 6 under Nagar Panchayat Rosera for the year 2020-21,Construction of RCC Culvert in east side the house of Superintendent of Rosera Jail in Ward no. 6 under Nagar Panchayat Rosera for the year 2020-21,96883.0,INR,INR,2021-11-17 08:24:43+00:00,2021-11-17T08:01:44.153000+00:00,2021-11-20T09:31:00+00:00,"EXECUTIVE OFFICER, RAMGARH",EXECUTIVE OFFICER RAMGARH,NAGAR PANCHAYAT RAMGARH,DEWHALIA ROAD RAMGARH,Neshat Alam,EXECUTIVE OFFICER,Nagar Parishad Rosera,2000.0,500.0,590.0
15549,"PNP/NIT-02/2021-22,-GR06",Construction of Drain with cover slab in ward no-04 from Surendra Ram House to Baudha river.,Construction of Drain with cover slab in ward no-04 from Surendra Ram House to Baudha river.,706400.0,INR,INR,2021-11-17 15:08:40+00:00,2021-11-17T14:54:54.582000+00:00,2023-02-25T08:27:00+00:00,KISHORE KUNAL,EXECUTIVE OFFICER,NAGAR PANCHAYAT PARSA BAZAR (UDHD),NAGAR PANCHAYAT PARSA BAZAR SARAN,Mr. Kishore Kunal,EXECUTIVE OFFICER,NAGAR PANCHAYAT PARSA BAZAR SARAN,14200.0,1250.0,590.0
15540,"PNP/NIT-02/2021-22,-GR02",Construction of Drain with cover slab in ward no-02 from Masjid to Afjal miya house,Construction of Drain with cover slab in ward no-02 from Masjid to Afjal miya house,1428600.0,INR,INR,2021-11-17 10:01:36+00:00,2021-11-17T09:55:13.029000+00:00,2022-11-23T09:27:50+00:00,KISHORE KUNAL,EXECUTIVE OFFICER,NAGAR PANCHAYAT PARSA BAZAR (UDHD),NAGAR PANCHAYAT PARSA BAZAR SARAN,Mr. Kishore Kunal,EXECUTIVE OFFICER,NAGAR PANCHAYAT PARSA BAZAR SARAN,28600.0,2500.0,590.0
15544,NPR 05/2021-22-PART-A/G-4,Construction of RCC Drain and Culvert  from the house of Bhagwat Mahato to the land of Arun Bhagat in Ward no. 2 under Nagar Panchayat Rosera for the Year 2019-20,Construction of RCC Drain and Culvert  from the house of Bhagwat Mahato to the land of Arun Bhagat in Ward no. 2 under Nagar Panchayat Rosera for the Year 2019-20,451810.0,INR,INR,2021-11-17 11:25:04+00:00,2021-11-17T11:08:28.341000+00:00,2021-12-02T09:31:00+00:00,"EXECUTIVE OFFICER, RAMGARH",EXECUTIVE OFFICER RAMGARH,NAGAR PANCHAYAT RAMGARH,DEWHALIA ROAD RAMGARH,Neshat Alam,EXECUTIVE OFFICER,Nagar Parishad Rosera,9100.0,750.0,590.0
15542,"NPR-05/2021-22 /PART -A,GR-3","A. Construction of RCC Drain from Mahant Suresh Das's Math to the house of  Mahant Vidya Nand Shashtri in Ward No.2 under Nagar Panchayat Rosera for the Year 2019-20
B. Construction of RCC Drain from the house of Indar Nayak to  the house of Shashi Nayak in Ward no. 2 under Nagar Panchayat Rosera for the Year 2019-20
C. Construction of RCC Drain from the house of Ram Bilash Sahani to the house of Thakkan Sharma in Ward No.2 under Nagar Panchayat Rosera for the Year 2019-20","A. Construction of RCC Drain from Mahant Suresh Das's Math to the house of  Mahant Vidya Nand Shashtri in Ward No.2 under Nagar Panchayat Rosera for the Year 2019-20
B. Construction of RCC Drain from the house of Indar Nayak to  the house of Shashi Nayak in Ward no. 2 under Nagar Panchayat Rosera for the Year 2019-20
C. Construction of RCC Drain from the house of Ram Bilash Sahani to the house of Thakkan Sharma in Ward No.2 under Nagar Panchayat Rosera for the Year 2019-20",632631.0,INR,INR,2021-11-17 10:58:14+00:00,2021-11-17T10:09:08.275000+00:00,2021-12-02T09:31:00+00:00,"EXECUTIVE OFFICER, RAMGARH",EXECUTIVE OFFICER RAMGARH,NAGAR PANCHAYAT RAMGARH,DEWHALIA ROAD RAMGARH,Neshat Alam,EXECUTIVE OFFICER,Nagar Parishad Rosera,12700.0,1250.0,590.0
15543,37/BSBCCL/21-22,"RENOVATION WORK OF BIHAR INSTITUTE OF PUBLIC ADMINISTRATION & RURAL DEVELOPMENT , WALMI CAMPUS , PHULWARI SHARIEF , PATNA,BIHAR","RENOVATION WORK OF BIHAR INSTITUTE OF PUBLIC ADMINISTRATION & RURAL DEVELOPMENT , WALMI CAMPUS , PHULWARI SHARIEF , PATNA,BIHAR",32556899.0,INR,INR,2021-11-17 10:41:30+00:00,2021-11-17T10:13:52.331000+00:00,2021-12-09T07:54:36+00:00,DGM BSBCCL PATNA,DEPUTY GENERAL MANAGER PATNA,BSBCCL SOUTH,"BSBCCL, Hospital Road, Sastri Nagar, Patna 800023",SANTOSH KUMAR,chief general manager,BSBCCL,652000.0,10000.0,5900.0
15569,NIT-04/2021-22/GR01/chakiya,Construction of P.C.C. Road and Nala From Shivshankar sah house to kalayanpur Road and Dasharath sah land to Arun mazumdar land in ward no.-08,Construction of P.C.C. Road and Nala From Shivshankar sah house to kalayanpur Road and Dasharath sah land to Arun mazumdar land in ward no.-08,1223611.0,INR,INR,2021-11-19 16:57:07+00:00,2021-11-18T08:12:40.073000+00:00,2022-07-14T10:15:40+00:00,"EXECUTIVE OFFICER, CHAKIA",EO,NAGAR PANCHAYAT CHAKIA,"SAHEBGANJ ROAD, BARA CHAKAIA, WARD NO.-05, EAST CHAMPARAN",Executiv officer,E..O. Chakia,CHAKIA NAGAR PARISHAD,24500.0,2500.0,590.0
15572,NIT-04/2021-22/GR02/chakiya,Bill of Quantity for Rajesh kushwaha house to sunil singh's Boundry P.c.c. Road and Nala with Dekslab in ward no.-03,Bill of Quantity for Rajesh kushwaha house to sunil singh's Boundry P.c.c. Road and Nala with Dekslab in ward no.-03,996913.0,INR,INR,2021-11-19 17:08:31+00:00,2021-11-18T08:35:34.409000+00:00,2022-07-14T10:13:29+00:00,"EXECUTIVE OFFICER, CHAKIA",EO,NAGAR PANCHAYAT CHAKIA,"SAHEBGANJ ROAD, BARA CHAKAIA, WARD NO.-05, EAST CHAMPARAN",Executiv officer,E..O. Chakia,CHAKIA NAGAR PARISHAD,20000.0,1250.0,590.0
15545,11/BCD/HAJIPUR/2021-22,"Extension of record room and Construction of new room at District Registry Office Hajipur, Vaishali for the year 2021-22","Extension of record room and Construction of new room at District Registry Office Hajipur, Vaishali for the year 2021-22",5708362.0,INR,INR,2021-11-30 10:27:10+00:00,2021-11-17T12:05:20.217000+00:00,2022-06-30T08:46:34+00:00,"Executive Engineer, BUILDING DIVISION VAISHALI, HAJIPUR",EE,"Vaishali  Building  Division,  Hajipur","Executive  Engineer, Vaishali  Building  Division,  Hajipur","Superintending Engineer, Building Circle Muzaffarpur",SE,Building Circle Muzaffarpur,114200.0,10000.0,590.0
15548,"PNP/NIT-02/2021-22,-GR05",Construction of Paver Block in ward no-04 from Sudarshan singh house via Upendra singh to Mukesh Singh house.,Construction of Paver Block in ward no-04 from Sudarshan singh house via Upendra singh to Mukesh Singh house.,1428600.0,INR,INR,2021-11-17 14:48:40+00:00,2021-11-17T14:42:10.766000+00:00,2021-12-13T07:43:24+00:00,KISHORE KUNAL,EXECUTIVE OFFICER,NAGAR PANCHAYAT PARSA BAZAR (UDHD),NAGAR PANCHAYAT PARSA BAZAR SARAN,Mr. Kishore Kunal,EXECUTIVE OFFICER,NAGAR PANCHAYAT PARSA BAZAR SARAN,10600.0,1250.0,590.0
15574,NIT-04/2021-22/GR04/chakiya,Construction of P.C.C. Road and Nala From Vishawanath Ram house to Suresh Mishra house in ward no.-07,Construction of P.C.C. Road and Nala From Vishawanath Ram house to Suresh Mishra house in ward no.-07,1012937.0,INR,INR,2021-11-19 17:24:16+00:00,2021-11-18T08:36:21.509000+00:00,2022-07-14T10:09:20+00:00,"EXECUTIVE OFFICER, CHAKIA",EO,NAGAR PANCHAYAT CHAKIA,"SAHEBGANJ ROAD, BARA CHAKAIA, WARD NO.-05, EAST CHAMPARAN",Executiv officer,E..O. Chakia,CHAKIA NAGAR PARISHAD,20500.0,2500.0,590.0
15573,NIT-04/2021-22/GR03/chakiya,Construction of P.C.C road & Nala with cover salb from Dharamshala to Prabhu raj Thakur House in ward No-04.,Construction of P.C.C road & Nala with cover salb from Dharamshala to Prabhu raj Thakur House in ward No-04.,705933.0,INR,INR,2021-11-19 17:12:57+00:00,2021-11-18T08:36:00.249000+00:00,2022-07-14T10:11:28+00:00,"EXECUTIVE OFFICER, CHAKIA",EO,NAGAR PANCHAYAT CHAKIA,"SAHEBGANJ ROAD, BARA CHAKAIA, WARD NO.-05, EAST CHAMPARAN",Executiv officer,E..O. Chakia,CHAKIA NAGAR PARISHAD,15000.0,1250.0,590.0
15579,NIT-04/2021-22/GR08/chakiya,"DETAIL COST ESTIMATION  FOR CONSTRUCTION OF PORTICO, PATHWAY, SEPTIC TANK, FALSE CEILING, PHE WORK & ELECTRICL WORK IN NAGAR PARISHAD OFFICE BUILDING, CHAKIA UNADER NAGAR PARISHAD CHAKIA,
IN DISTISTRICT EAST CHAMPARAN ( MOTIHARI )","DETAIL COST ESTIMATION  FOR CONSTRUCTION OF PORTICO, PATHWAY, SEPTIC TANK, FALSE CEILING, PHE WORK & ELECTRICL WORK IN NAGAR PARISHAD OFFICE BUILDING, CHAKIA UNADER NAGAR PARISHAD CHAKIA,
IN DISTISTRICT EAST CHAMPARAN ( MOTIHARI )",2357821.0,INR,INR,2021-11-19 17:36:34+00:00,2021-11-18T08:37:46.514000+00:00,2022-07-14T09:54:35+00:00,"EXECUTIVE OFFICER, CHAKIA",EO,NAGAR PANCHAYAT CHAKIA,"SAHEBGANJ ROAD, BARA CHAKAIA, WARD NO.-05, EAST CHAMPARAN",Executiv officer,E..O. Chakia,CHAKIA NAGAR PARISHAD,47500.0,5000.0,590.0
15582,NIT-04/2021-22/GR11/chakiya,"Construction of piped water supply scheme for ward No.-06, of Chakia Nagar Parishad.","Construction of piped water supply scheme for ward No.-06, of Chakia Nagar Parishad.",432343.0,INR,INR,2021-11-19 17:43:50+00:00,2021-11-18T08:38:54.539000+00:00,2022-07-14T09:46:03+00:00,"EXECUTIVE OFFICER, CHAKIA",EO,NAGAR PANCHAYAT CHAKIA,"SAHEBGANJ ROAD, BARA CHAKAIA, WARD NO.-05, EAST CHAMPARAN",Executiv officer,E..O. Chakia,CHAKIA NAGAR PARISHAD,9000.0,750.0,590.0
15575,NIT-04/2021-22/GR05/chakiya,"Construction of Nala, chamber and P.c.c. Road in different ward of nagar parishad chakia.","Construction of Nala, chamber and P.c.c. Road in different ward of nagar parishad chakia.",2185423.0,INR,INR,2021-11-19 17:27:10+00:00,2021-11-18T08:36:40.303000+00:00,2022-07-14T10:07:02+00:00,"EXECUTIVE OFFICER, CHAKIA",EO,NAGAR PANCHAYAT CHAKIA,"SAHEBGANJ ROAD, BARA CHAKAIA, WARD NO.-05, EAST CHAMPARAN",Executiv officer,E..O. Chakia,CHAKIA NAGAR PARISHAD,44000.0,5000.0,590.0
15581,NIT-04/2021-22/GR10/chakiya,Under Nagar Parishad chakia form ward no.-01 to ward no.-12  renovation/dewatering of old wells.,Under Nagar Parishad chakia form ward no.-01 to ward no.-12  renovation/dewatering of old wells.,398211.0,INR,INR,2021-11-19 17:41:13+00:00,2021-11-18T08:38:29.914000+00:00,2022-07-14T09:48:24+00:00,"EXECUTIVE OFFICER, CHAKIA",EO,NAGAR PANCHAYAT CHAKIA,"SAHEBGANJ ROAD, BARA CHAKAIA, WARD NO.-05, EAST CHAMPARAN",Executiv officer,E..O. Chakia,CHAKIA NAGAR PARISHAD,8000.0,750.0,590.0
15576,NIT-04/2021-22/GR06/chakiya,Under nagar parishad chakia from ward no.-01 to ward no.-06 construction soak pit of different and handpumb.,Under nagar parishad chakia from ward no.-01 to ward no.-06 construction soak pit of different and handpumb.,1895332.0,INR,INR,2021-11-19 17:29:54+00:00,2021-11-18T08:36:59.445000+00:00,2022-07-14T10:01:58+00:00,"EXECUTIVE OFFICER, CHAKIA",EO,NAGAR PANCHAYAT CHAKIA,"SAHEBGANJ ROAD, BARA CHAKAIA, WARD NO.-05, EAST CHAMPARAN",Executiv officer,E..O. Chakia,CHAKIA NAGAR PARISHAD,38000.0,5000.0,590.0
15604,NIT NO-03/2021-22 (GR-01),"Construction of 07 Nos. of 125 mm/ 115 mm x 70.0 Mtr. deep D.T/W, 26Nos. 125mm x 40mm x 46.0M Deep T/W, 13 Nos. of 125mm x 45.0 Mtr. GPT and 04 Nos. 125mm x 60.0 Mtr. GPT with IM-II hand pump with provision of platform and drain for providing drinking water in place of defuct T/W in water scarce area of Rohtas District under P.H. Division, Sasaram for the Year 2021-22.","Construction of 07 Nos. of 125 mm/ 115 mm x 70.0 Mtr. deep D.T/W, 26Nos. 125mm x 40mm x 46.0M Deep T/W, 13 Nos. of 125mm x 45.0 Mtr. GPT and 04 Nos. 125mm x 60.0 Mtr. GPT with IM-II hand pump with provision of platform and drain for providing drinking water in place of defuct T/W in water scarce area of Rohtas District under P.H. Division, Sasaram for the Year 2021-22.",3085485.0,INR,INR,2021-11-19 08:04:10+00:00,2021-11-18T11:46:04.543000+00:00,2021-12-30T05:44:52+00:00,"EXECUTIVE ENGINEER, SASARAM, ROHTAS",EE,"P.H. DIVISION, SASARAM","P.H.E.D OFFICE, DHARMSHALA, PURANI G.T. ROAD, SASARAM, ROHTAS","EXECUTIVE ENGINEER, SASARAM ROHTAS",EE,"P.H.DIVISION, SASARAM",62000.0,5000.0,590.0
15583,NIT-04/2021-22/GR12/chakiya,In Ward No 8 Construction of R.C.C Culvert in road from N.H. 28 to Wards go to man chauk under Nagar Prishad Chakia.,In Ward No 8 Construction of R.C.C Culvert in road from N.H. 28 to Wards go to man chauk under Nagar Prishad Chakia.,402143.0,INR,INR,2021-11-19 17:46:58+00:00,2021-11-18T08:39:14.124000+00:00,2022-07-14T09:41:57+00:00,"EXECUTIVE OFFICER, CHAKIA",EO,NAGAR PANCHAYAT CHAKIA,"SAHEBGANJ ROAD, BARA CHAKAIA, WARD NO.-05, EAST CHAMPARAN",Executiv officer,E..O. Chakia,CHAKIA NAGAR PARISHAD,9000.0,750.0,590.0
15578,NIT-04/2021-22/GR07/chakiya,Under nagar parishad chakia from ward no.-07 to ward no.-12 construction soak pit of different and handpumb.,Under nagar parishad chakia from ward no.-07 to ward no.-12 construction soak pit of different and handpumb.,1895332.0,INR,INR,2021-11-19 17:32:55+00:00,2021-11-18T08:37:23.418000+00:00,2022-07-14T09:57:22+00:00,"EXECUTIVE OFFICER, CHAKIA",EO,NAGAR PANCHAYAT CHAKIA,"SAHEBGANJ ROAD, BARA CHAKAIA, WARD NO.-05, EAST CHAMPARAN",Executiv officer,E..O. Chakia,CHAKIA NAGAR PARISHAD,38000.0,5000.0,590.0
15584,NIT-04/2021-22/GR13/chakiya,Construction of paver Bolck soling and R.C.C Nala from Chandan Ram house to Brahmasthan and Mahesh Chaurasiya land to Ali Mohammad mansuri House and Mausam Ram House to Santosh Ram house in Ward No-11,Construction of paver Bolck soling and R.C.C Nala from Chandan Ram house to Brahmasthan and Mahesh Chaurasiya land to Ali Mohammad mansuri House and Mausam Ram House to Santosh Ram house in Ward No-11,528016.0,INR,INR,2021-11-19 17:49:18+00:00,2021-11-18T08:39:50.051000+00:00,2022-07-14T09:39:15+00:00,"EXECUTIVE OFFICER, CHAKIA",EO,NAGAR PANCHAYAT CHAKIA,"SAHEBGANJ ROAD, BARA CHAKAIA, WARD NO.-05, EAST CHAMPARAN",Executiv officer,E..O. Chakia,CHAKIA NAGAR PARISHAD,11000.0,1250.0,590.0
15580,NIT-04/2021-22/GR09/chakiya,In Muzaffarpur road under rain basera in installation of electrification and phe work and infront of rain basera in side of road construction of paver block under nagar parishad chakia.,In Muzaffarpur road under rain basera in installation of electrification and phe work and infront of rain basera in side of road construction of paver block under nagar parishad chakia.,616776.0,INR,INR,2021-11-19 17:38:43+00:00,2021-11-18T08:38:06.830000+00:00,2022-07-14T09:50:46+00:00,"EXECUTIVE OFFICER, CHAKIA",EO,NAGAR PANCHAYAT CHAKIA,"SAHEBGANJ ROAD, BARA CHAKAIA, WARD NO.-05, EAST CHAMPARAN",Executiv officer,E..O. Chakia,CHAKIA NAGAR PARISHAD,12500.0,1250.0,590.0
15607,"NPR-5/2021-22, PART ?B,G-20",Construction of RCC Drain  from the house of Arjun Mahato to the house of Uchit Lal Mahato via Sunil Kumar  in Ward no. 1 under Nagar Panchayat Rosera for the Year 2019-20,Construction of RCC Drain  from the house of Arjun Mahato to the house of Uchit Lal Mahato via Sunil Kumar  in Ward no. 1 under Nagar Panchayat Rosera for the Year 2019-20,467642.0,INR,INR,2021-11-19 06:23:23+00:00,2021-11-18T12:36:12.770000+00:00,2025-03-06T09:28:01+00:00,"EXECUTIVE OFFICER, RAMGARH",EXECUTIVE OFFICER RAMGARH,NAGAR PANCHAYAT RAMGARH,DEWHALIA ROAD RAMGARH,Neshat Alam,EXECUTIVE OFFICER,Nagar Parishad Rosera,9400.0,750.0,590.0
15614,"NPR-5/2021-22, PART ?B,GR-24","A-	Construction of RCC Drain  from the house of Dani Lal Sharma to the house of Vinod Das in Ward no. 5 under Nagar Panchayat Rosera for the Year 2019-20
B-	Construction of RCC Drain,Utility Duct and Paver Block Road from the house of Ram Badan Mahato to the house of Khusi Lal Mahato Via the Boundary of Durga Marwari in Ward no. 5 under Nagar Panchayat Rosera for the Year 2019-20","A-	Construction of RCC Drain  from the house of Dani Lal Sharma to the house of Vinod Das in Ward no. 5 under Nagar Panchayat Rosera for the Year 2019-20
B-	Construction of RCC Drain,Utility Duct and Paver Block Road from the house of Ram Badan Mahato to the house of Khusi Lal Mahato Via the Boundary of Durga Marwari in Ward no. 5 under Nagar Panchayat Rosera for the Year 2019-20",508104.0,INR,INR,2021-11-19 07:26:24+00:00,2021-11-19T07:16:07.568000+00:00,2024-06-05T08:58:25+00:00,"EXECUTIVE OFFICER, RAMGARH",EXECUTIVE OFFICER RAMGARH,NAGAR PANCHAYAT RAMGARH,DEWHALIA ROAD RAMGARH,Neshat Alam,EXECUTIVE OFFICER,Nagar Parishad Rosera,10200.0,1250.0,590.0
15605,"NPR-5/2021-22, PART ?B,GR-19","A-	Construction of Utility Duct and Paver Block Road  from SH 55(Ganesh Mahato to the house of Gagendra Sahani via the house of Sajjan Sahani in Ward no. 1 under Nagar Panchayat Rosera for the Year 2019-20
B-	Construction of RCC Drain,Utility Duct and Paver Block Road from SH-55 (Petrol Pump of Bablu) to the Bhola Baba Asthan in Ward no. 1 under Nagar Panchayat Rosera for the Year 2019-20","A-	Construction of Utility Duct and Paver Block Road  from SH 55(Ganesh Mahato to the house of Gagendra Sahani via the house of Sajjan Sahani in Ward no. 1 under Nagar Panchayat Rosera for the Year 2019-20
B-	Construction of RCC Drain,Utility Duct and Paver Block Road from SH-55 (Petrol Pump of Bablu) to the Bhola Baba Asthan in Ward no. 1 under Nagar Panchayat Rosera for the Year 2019-20",535665.0,INR,INR,2021-11-19 06:10:42+00:00,2021-11-18T11:54:13.507000+00:00,2021-12-02T09:31:00+00:00,"EXECUTIVE OFFICER, RAMGARH",EXECUTIVE OFFICER RAMGARH,NAGAR PANCHAYAT RAMGARH,DEWHALIA ROAD RAMGARH,Neshat Alam,EXECUTIVE OFFICER,Nagar Parishad Rosera,10800.0,1250.0,590.0
15615,"NPR-5/2021-22, PART ?B,GR-25","A-	Construction of RCC Drain,Utility Duct and Paver Block Road from the house of Dev Narayan Paswan to the house of Md Ashru in Ward no. 6 under Nagar Panchayat Rosera for the Year 2019-20
B-	Construction of RCC Drain,Utility Duct and Paver Block Road from the house of Md. Yashin to the house of Md. Taslim in Ward no. 6 under Nagar Panchayat Rosera for the Year 2019-20","A-	Construction of RCC Drain,Utility Duct and Paver Block Road from the house of Dev Narayan Paswan to the house of Md Ashru in Ward no. 6 under Nagar Panchayat Rosera for the Year 2019-20
B-	Construction of RCC Drain,Utility Duct and Paver Block Road from the house of Md. Yashin to the house of Md. Taslim in Ward no. 6 under Nagar Panchayat Rosera for the Year 2019-20",512525.0,INR,INR,2021-11-19 07:37:37+00:00,2021-11-19T07:27:56.876000+00:00,2021-12-02T09:31:00+00:00,"EXECUTIVE OFFICER, RAMGARH",EXECUTIVE OFFICER RAMGARH,NAGAR PANCHAYAT RAMGARH,DEWHALIA ROAD RAMGARH,Neshat Alam,EXECUTIVE OFFICER,Nagar Parishad Rosera,10300.0,1250.0,590.0
15617,NIT NO-03/2021-22 (GR-02),"Construction of 06 Nos. of 125 mm/ 115 mm x 70.0 Mtr. deep D.T/W, 27Nos. 125mm x 40mm x 46.0M Deep T/W, 12 Nos. of 125mm x 45.0 Mtr. GPT and 05 Nos. 125mm x 60.0 Mtr. GPT with IM-II hand pump with provision of platform and drain for providing drinking water in place of defuct T/W in water scarce area of Rohtas District under P.H. Division, Sasaram for the Year 2021-22.","Construction of 06 Nos. of 125 mm/ 115 mm x 70.0 Mtr. deep D.T/W, 27Nos. 125mm x 40mm x 46.0M Deep T/W, 12 Nos. of 125mm x 45.0 Mtr. GPT and 05 Nos. 125mm x 60.0 Mtr. GPT with IM-II hand pump with provision of platform and drain for providing drinking water in place of defuct T/W in water scarce area of Rohtas District under P.H. Division, Sasaram for the Year 2021-22.",3096577.0,INR,INR,2021-11-19 08:52:29+00:00,2021-11-19T08:07:01.542000+00:00,2021-12-30T05:42:46+00:00,"EXECUTIVE ENGINEER, SASARAM, ROHTAS",EE,"P.H. DIVISION, SASARAM","P.H.E.D OFFICE, DHARMSHALA, PURANI G.T. ROAD, SASARAM, ROHTAS","EXECUTIVE ENGINEER, SASARAM ROHTAS",EE,"P.H.DIVISION, SASARAM",62000.0,5000.0,590.0
15618,"NPR-5/2021-22, PART ?B,GR-27","Construction of RCC Drain,Utility Duct and Paver Block Road from the house of Md Akabar Teacher to the house of Hasan Jan  in Ward no. 6 under Nagar Panchayat Rosera for the Year 2019-20","Construction of RCC Drain,Utility Duct and Paver Block Road from the house of Md Akabar Teacher to the house of Hasan Jan  in Ward no. 6 under Nagar Panchayat Rosera for the Year 2019-20",300440.0,INR,INR,2021-11-19 09:04:17+00:00,2021-11-19T08:22:39.358000+00:00,2021-12-02T09:31:00+00:00,"EXECUTIVE OFFICER, RAMGARH",EXECUTIVE OFFICER RAMGARH,NAGAR PANCHAYAT RAMGARH,DEWHALIA ROAD RAMGARH,Neshat Alam,EXECUTIVE OFFICER,Nagar Parishad Rosera,6100.0,750.0,590.0
15612,"NPR-5/2021-22, PART ?B,GR-22","Construction of RCC Drain,Utility Duct and Paver Block Road from the house of Madan Mahato to the house of Nathuni Mahato in Ward no. 3 under Nagar Panchayat Rosera for the Year 2019-20","Construction of RCC Drain,Utility Duct and Paver Block Road from the house of Madan Mahato to the house of Nathuni Mahato in Ward no. 3 under Nagar Panchayat Rosera for the Year 2019-20",415342.0,INR,INR,2021-11-19 06:54:58+00:00,2021-11-19T06:39:24.931000+00:00,2022-02-17T06:05:50+00:00,"EXECUTIVE OFFICER, RAMGARH",EXECUTIVE OFFICER RAMGARH,NAGAR PANCHAYAT RAMGARH,DEWHALIA ROAD RAMGARH,Neshat Alam,EXECUTIVE OFFICER,Nagar Parishad Rosera,8400.0,750.0,590.0
15613,"NPR-5/2021-22, PART ?B,GR-23","A-	Construction of RCC Drain and Cross Drain from the house of Arun Singh to the house of Manoj Bharvey Gaddi  in Ward no. 3 under Nagar Panchayat Rosera for the Year 2019-20
B-	Construction of RCC Drain,Utility Duct and Paver Block Road from the house of Ranjana Singh to the house of Arun Singh in Ward no. 3 under Nagar Panchayat Rosera for the Year 2019-20","A-	Construction of RCC Drain and Cross Drain from the house of Arun Singh to the house of Manoj Bharvey Gaddi  in Ward no. 3 under Nagar Panchayat Rosera for the Year 2019-20
B-	Construction of RCC Drain,Utility Duct and Paver Block Road from the house of Ranjana Singh to the house of Arun Singh in Ward no. 3 under Nagar Panchayat Rosera for the Year 2019-20",744391.0,INR,INR,2021-11-19 07:14:17+00:00,2021-11-19T07:01:33.411000+00:00,2021-12-02T09:31:00+00:00,"EXECUTIVE OFFICER, RAMGARH",EXECUTIVE OFFICER RAMGARH,NAGAR PANCHAYAT RAMGARH,DEWHALIA ROAD RAMGARH,Neshat Alam,EXECUTIVE OFFICER,Nagar Parishad Rosera,744391.0,14900.0,590.0
15611,"NPR-5/2021-22, PART ?B,GR-21","Construction of RCC Drain,Utility Duct and Paver Block Road from the house of Ashutosh Kumar(SH-55) to the house of Adarsh Study Centre in Ward no. 1 under Nagar Panchayat Rosera for the Year 2019-20","Construction of RCC Drain,Utility Duct and Paver Block Road from the house of Ashutosh Kumar(SH-55) to the house of Adarsh Study Centre in Ward no. 1 under Nagar Panchayat Rosera for the Year 2019-20",755417.0,INR,INR,2021-11-19 06:37:07+00:00,2021-11-19T06:25:58.760000+00:00,2022-02-12T10:56:42+00:00,"EXECUTIVE OFFICER, RAMGARH",EXECUTIVE OFFICER RAMGARH,NAGAR PANCHAYAT RAMGARH,DEWHALIA ROAD RAMGARH,Neshat Alam,EXECUTIVE OFFICER,Nagar Parishad Rosera,15200.0,1250.0,590.0
15626,"NPR-5/2021-22, PART ?C,GR-31","A-	Construction of RCC Drain, Utility Duct and  Paver Block Road from the house of Ram Chandra Roy to the house of Ram Prawesh Choudhary, Some Part of Road No.-30284 in Ward No.-07 Under Nagar Panchayat Rosera for the Year 2019-20
B-	Construction of RCC Drain, Utility Duct and  Paver Block Road from the house of Ram Narayan Mahto to the house of Ganesh Mahto in ward No.-07 Under Nagar Panchayat Rosera for the Year 2019-20","A-	Construction of RCC Drain, Utility Duct and  Paver Block Road from the house of Ram Chandra Roy to the house of Ram Prawesh Choudhary, Some Part of Road No.-30284 in Ward No.-07 Under Nagar Panchayat Rosera for the Year 2019-20
B-	Construction of RCC Drain, Utility Duct and  Paver Block Road from the house of Ram Narayan Mahto to the house of Ganesh Mahto in ward No.-07 Under Nagar Panchayat Rosera for the Year 2019-20",859295.0,INR,INR,2021-11-19 10:41:45+00:00,2021-11-19T10:32:22.696000+00:00,2021-12-02T09:31:00+00:00,"EXECUTIVE OFFICER, RAMGARH",EXECUTIVE OFFICER RAMGARH,NAGAR PANCHAYAT RAMGARH,DEWHALIA ROAD RAMGARH,Neshat Alam,EXECUTIVE OFFICER,Nagar Parishad Rosera,17200.0,1250.0,590.0
15627,"NPR-5/2021-22, PART ?C,GR-32","A-	Construction of RCC Drain  from the house of Abdul Gaffar to the boundary wall of Gonar Sah in Ward no. 7 under Nagar Panchayat Rosera for the Year 2019-20
B-	Construction of RCC Drain  from the house of Janglu Sahani to SH -55 in Ward no. 7 under Nagar Panchayat Rosera for the Year 2019-20
C-	Construction of RCC Drain,Utility Duct and Paver Block Road from the house of Lalan Sahani to SH- 55 via the house of Amardeep Sahani in Ward no. 7 under Nagar Panchayat Rosera for the Year 2019-20","A-	Construction of RCC Drain  from the house of Abdul Gaffar to the boundary wall of Gonar Sah in Ward no. 7 under Nagar Panchayat Rosera for the Year 2019-20
B-	Construction of RCC Drain  from the house of Janglu Sahani to SH -55 in Ward no. 7 under Nagar Panchayat Rosera for the Year 2019-20
C-	Construction of RCC Drain,Utility Duct and Paver Block Road from the house of Lalan Sahani to SH- 55 via the house of Amardeep Sahani in Ward no. 7 under Nagar Panchayat Rosera for the Year 2019-20",416305.0,INR,INR,2021-11-19 10:52:33+00:00,2021-11-19T10:43:21.871000+00:00,2021-12-02T09:31:00+00:00,"EXECUTIVE OFFICER, RAMGARH",EXECUTIVE OFFICER RAMGARH,NAGAR PANCHAYAT RAMGARH,DEWHALIA ROAD RAMGARH,Neshat Alam,EXECUTIVE OFFICER,Nagar Parishad Rosera,8400.0,750.0,590.0
15628,"NPR-5/2021-22, PART ?C,GR-33","A-	Construction of RCC Drain, Utility Duct and  Paver Block Road from the house of Gango Mahto to the house of Jugeshwar Mahto in Ward No.-08 Under Nagar Panchayat Rosera for the Year 2019-20
B-	Construction of RCC Drain, Utility Duct and  Paver Block Road from the house of Md. Dilabar to the house of Dr. Vinod Thakur Via Shashi Bhushan Thakur, Road NO.-30315 in Ward No.-08 Under Nagar Panchayat Rosera for the Year 2019-20","A-	Construction of RCC Drain, Utility Duct and  Paver Block Road from the house of Gango Mahto to the house of Jugeshwar Mahto in Ward No.-08 Under Nagar Panchayat Rosera for the Year 2019-20
B-	Construction of RCC Drain, Utility Duct and  Paver Block Road from the house of Md. Dilabar to the house of Dr. Vinod Thakur Via Shashi Bhushan Thakur, Road NO.-30315 in Ward No.-08 Under Nagar Panchayat Rosera for the Year 2019-20",389602.0,INR,INR,2021-11-19 11:05:06+00:00,2021-11-19T10:55:12.809000+00:00,2021-12-02T09:31:00+00:00,"EXECUTIVE OFFICER, RAMGARH",EXECUTIVE OFFICER RAMGARH,NAGAR PANCHAYAT RAMGARH,DEWHALIA ROAD RAMGARH,Neshat Alam,EXECUTIVE OFFICER,Nagar Parishad Rosera,7800.0,750.0,590.0
15624,NIT-13/2021-22/ GR 1,"Construction of New 125mm X 40mm X 46M tube well with  India Mark-II HandPumps, platform & drain  etc. all complete in Habitations(SC) id. Under IMIS of Jal Shakti Under Special Central Assistance to Schedule caste sub Plan (SCA to SCSP) for the Year 2021-22 in Patna District under P.H. Division, Patna West, Patna.","Construction of New 125mm X 40mm X 46M tube well with  India Mark-II HandPumps, platform & drain  etc. all complete in Habitations(SC) id. Under IMIS of Jal Shakti Under Special Central Assistance to Schedule caste sub Plan (SCA to SCSP) for the Year 2021-22 in Patna District under P.H. Division, Patna West, Patna.",3072500.0,INR,INR,2021-11-19 12:06:16+00:00,2021-11-19T10:12:39.258000+00:00,2021-12-03T05:48:50+00:00,"Executive Engineer, P.H. division","Patna west, Patna",PHED PATNA WEST,"Road No.-2 , Rajbanshi Nagar, Baily Road, Patna",Superintending Engineer,SE (Manish Anand),"P.H.Circle, Patna",62000.0,5000.0,590.0
15632,"NPR-5/2021-22, PART ?C,GR-35",A-	Construction of Utility Duct and  Paver Block Road from the house of Kailash Das to the house of Paddum Das in ward No.-10 under Nagar Panchayat Rosera for the Year 2019-20,A-	Construction of Utility Duct and  Paver Block Road from the house of Kailash Das to the house of Paddum Das in ward No.-10 under Nagar Panchayat Rosera for the Year 2019-20,338394.0,INR,INR,2021-11-20 05:30:34+00:00,2021-11-20T02:07:47.458000+00:00,2025-02-19T08:28:49+00:00,"EXECUTIVE OFFICER, RAMGARH",EXECUTIVE OFFICER RAMGARH,NAGAR PANCHAYAT RAMGARH,DEWHALIA ROAD RAMGARH,Neshat Alam,EXECUTIVE OFFICER,Nagar Parishad Rosera,6800.0,750.0,590.0
15629,"NPR-5/2021-22, PART ?C,GR-34","A-	Construction of  Paver Block Road  from the house of Arvind Sah to the house of Bhagwan Dulari in Ward No.-09 under Nagar Panchayat Rosera for the Year 2019-20
B-	Construction of RCC Drain, Utility Duct and  Paver Block Road from the house of Sachidanand Jha to the house of Bedanand Jha in ward No.-09 Under Nagar Panchayat Rosera for the Year 2019-20","A-	Construction of  Paver Block Road  from the house of Arvind Sah to the house of Bhagwan Dulari in Ward No.-09 under Nagar Panchayat Rosera for the Year 2019-20
B-	Construction of RCC Drain, Utility Duct and  Paver Block Road from the house of Sachidanand Jha to the house of Bedanand Jha in ward No.-09 Under Nagar Panchayat Rosera for the Year 2019-20",219523.0,INR,INR,2021-11-20 05:33:19+00:00,2021-11-19T11:11:58.792000+00:00,2021-12-02T09:31:00+00:00,"EXECUTIVE OFFICER, RAMGARH",EXECUTIVE OFFICER RAMGARH,NAGAR PANCHAYAT RAMGARH,DEWHALIA ROAD RAMGARH,Neshat Alam,EXECUTIVE OFFICER,Nagar Parishad Rosera,4400.0,500.0,590.0
15633,"NPR-5/2021-22, PART ?C ,GR-36","Construction of RCC Drain,Utility Duct and Paver Block Road from the house of Ram Sevak Jha to the house of Shashi Kant Mishra in Lichi Bagan via the house of Birendra Mishra  in Ward no. 10 under Nagar Panchayat Rosera for the Year 2019-20","Construction of RCC Drain,Utility Duct and Paver Block Road from the house of Ram Sevak Jha to the house of Shashi Kant Mishra in Lichi Bagan via the house of Birendra Mishra  in Ward no. 10 under Nagar Panchayat Rosera for the Year 2019-20",861400.0,INR,INR,2021-11-20 05:19:58+00:00,2021-11-20T04:34:26.902000+00:00,2021-12-02T09:31:00+00:00,"EXECUTIVE OFFICER, RAMGARH",EXECUTIVE OFFICER RAMGARH,NAGAR PANCHAYAT RAMGARH,DEWHALIA ROAD RAMGARH,Neshat Alam,EXECUTIVE OFFICER,Nagar Parishad Rosera,17300.0,1250.0,590.0
15634,"NPR-5/2021-22, PART ?C ,GR-37","A-	Construction of RCC Drain,Utility Duct and Paver Block Road from the house of Vakil Ram(South side) to the house of Deepak Ram(Kali Asthan in Ward no. 12 under Nagar Panchayat Rosera for the Year 2019-20
B-	Construction of RCC Drain and Utility Duct from the house of Dhaneshwar Sahani to the house of Mahendra Sahani  in Ward no. 12 under Nagar Panchayat Rosera for the Year 2019-20","A-	Construction of RCC Drain,Utility Duct and Paver Block Road from the house of Vakil Ram(South side) to the house of Deepak Ram(Kali Asthan in Ward no. 12 under Nagar Panchayat Rosera for the Year 2019-20
B-	Construction of RCC Drain and Utility Duct from the house of Dhaneshwar Sahani to the house of Mahendra Sahani  in Ward no. 12 under Nagar Panchayat Rosera for the Year 2019-20",337070.0,INR,INR,2021-11-20 05:17:07+00:00,2021-11-20T04:55:58.858000+00:00,2021-12-02T09:31:00+00:00,"EXECUTIVE OFFICER, RAMGARH",EXECUTIVE OFFICER RAMGARH,NAGAR PANCHAYAT RAMGARH,DEWHALIA ROAD RAMGARH,Neshat Alam,EXECUTIVE OFFICER,Nagar Parishad Rosera,6800.0,750.0,590.0
15623,18/BCD/SBD/DBG/2021-22,"PROVISION OF NEW FENCING WORK ALONG RUNWAY,  RENNOAVATION/ EXTENSION OF OLD EXISTING  FENCING WORK  ALONG RUNWAY AND PROVISION OF VIEW CUTTER WORK ALONG NH-57  OF DARBHANGA AIRPORT, DARBHANGA FOR THE YEAR 2021-22.","PROVISION OF NEW FENCING WORK ALONG RUNWAY,  RENNOAVATION/ EXTENSION OF OLD EXISTING  FENCING WORK  ALONG RUNWAY AND PROVISION OF VIEW CUTTER WORK ALONG NH-57  OF DARBHANGA AIRPORT, DARBHANGA FOR THE YEAR 2021-22.",21492898.0,INR,INR,2021-11-19 10:11:15+00:00,2021-11-19T10:01:30.422000+00:00,2021-12-15T12:59:54+00:00,"Executive Engineer, BUILDING DIVISION DARBHANGA",EE,Building division Darbhanga,"Executive Engineer, BUILDING DIVISION DARBHANGA, BCD","Superintending Engineer, BUILDING CIRCLE DARBHANGA",SE,Building Circle Darbhanga,430000.0,10000.0,3540.0
15637,"NPR-5/2021-22, PART ?C,GR-39",Construction of RCC Drain and Utility Duct from the house of Mohan Sahani to the house of Shankar Sahani and Vikash Sahani to the house of Sakha Sahani in Ward No.- 14 under Nagar Panchayat Rosera for the Year 2019-20,Construction of RCC Drain and Utility Duct from the house of Mohan Sahani to the house of Shankar Sahani and Vikash Sahani to the house of Sakha Sahani in Ward No.- 14 under Nagar Panchayat Rosera for the Year 2019-20,253815.0,INR,INR,2021-11-20 06:12:53+00:00,2021-11-20T05:43:55.954000+00:00,2021-12-02T09:31:00+00:00,"EXECUTIVE OFFICER, RAMGARH",EXECUTIVE OFFICER RAMGARH,NAGAR PANCHAYAT RAMGARH,DEWHALIA ROAD RAMGARH,Neshat Alam,EXECUTIVE OFFICER,Nagar Parishad Rosera,5100.0,750.0,590.0
15631,NIT-04/2021-22/GR14/chakiya,"Construction of Chakia town  communitity toilet at Hanuman Mandir, Near Railway Station in Nagar Panchayat Chakia.","Construction of Chakia town  communitity toilet at Hanuman Mandir, Near Railway Station in Nagar Panchayat Chakia.",1647083.0,INR,INR,2021-11-19 17:53:49+00:00,2021-11-19T16:10:27.927000+00:00,2022-07-14T09:36:34+00:00,"EXECUTIVE OFFICER, CHAKIA",EO,NAGAR PANCHAYAT CHAKIA,"SAHEBGANJ ROAD, BARA CHAKAIA, WARD NO.-05, EAST CHAMPARAN",Executiv officer,E..O. Chakia,CHAKIA NAGAR PARISHAD,33500.0,5000.0,590.0
15636,NP/SHC/NIT03/2021-22/Gr-01,Rennovation and modification of Baba Saheb Ambedkar Stechu at Ambedkar Chowk.,Rennovation and modification of Baba Saheb Ambedkar Stechu at Ambedkar Chowk.,1460354.0,INR,INR,2021-11-20 05:55:47+00:00,2021-11-20T05:42:38.005000+00:00,2021-11-29T10:27:59+00:00,"Aditya Kumar, Executive Officer, Saharsa",Executive Officer,"NAGAR PARISHAD, SAHARSA","GANGJALA, SAHARSA","Aditya Kumar, Executive Officer, Saharsa",Executive Officer,NAGAR PARISHAD SAHARSA,29500.0,2500.0,590.0
15640,"NPR-5/2021-22, PART ?C,GR-41","A-	Construction of RCC Drain and Road from the house of Roushan Paswan to the house of Jitendra Jee Via the house Singhasan Paswan in Ward No.-17 under Nagar Panchayat Rosera for the Year 2019-20
B-	Construction of RCC Drain, Utility Duct and  Paver Block Road from the house of Mouze Karak to the house of Ramdev Sah Via Durga Mandir in Ward No.-17 Under Nagar Panchayat Rosera for the Year 2019-20
C-	Construction of RCC Drain and Cross Drain from the house of Hareram Paswan to the house of Dinesh Paswan  in Ward no. 17 under Nagar Panchayat Rosera for the Year 2019-20","A-	Construction of RCC Drain and Road from the house of Roushan Paswan to the house of Jitendra Jee Via the house Singhasan Paswan in Ward No.-17 under Nagar Panchayat Rosera for the Year 2019-20
B-	Construction of RCC Drain, Utility Duct and  Paver Block Road from the house of Mouze Karak to the house of Ramdev Sah Via Durga Mandir in Ward No.-17 Under Nagar Panchayat Rosera for the Year 2019-20
C-	Construction of RCC Drain and Cross Drain from the house of Hareram Paswan to the house of Dinesh Paswan  in Ward no. 17 under Nagar Panchayat Rosera for the Year 2019-20",606142.0,INR,INR,2021-11-20 06:32:35+00:00,2021-11-20T06:23:56.069000+00:00,2021-12-02T09:31:00+00:00,"EXECUTIVE OFFICER, RAMGARH",EXECUTIVE OFFICER RAMGARH,NAGAR PANCHAYAT RAMGARH,DEWHALIA ROAD RAMGARH,Neshat Alam,EXECUTIVE OFFICER,Nagar Parishad Rosera,12200.0,1250.0,590.0
15643,"NPR-5/2021-22, PART ?C,GR-44","Construction of RCC Drain,Utility Duct and Paver Block Road from Back Gate of Prabhat Tara School to Boundary wall (Pond) of Ranjan Thakur  in Ward no. 4 under Nagar Panchayat Rosera for the Year 2019-20","Construction of RCC Drain,Utility Duct and Paver Block Road from Back Gate of Prabhat Tara School to Boundary wall (Pond) of Ranjan Thakur  in Ward no. 4 under Nagar Panchayat Rosera for the Year 2019-20",2541556.0,INR,INR,2021-11-20 07:55:36+00:00,2021-11-20T07:30:32.469000+00:00,2021-12-02T09:31:00+00:00,"EXECUTIVE OFFICER, RAMGARH",EXECUTIVE OFFICER RAMGARH,NAGAR PANCHAYAT RAMGARH,DEWHALIA ROAD RAMGARH,Neshat Alam,EXECUTIVE OFFICER,Nagar Parishad Rosera,50900.0,5000.0,590.0
15649,NIT NO-02/2021-22/NPB/GROUP-01,Constraction of old drain reparing and R.C.C cover slab word no-01 to 07 bhabhua (kaimur) in year 2021-22,Constraction of old drain reparing and R.C.C cover slab word no-01 to 07 bhabhua (kaimur) in year 2021-22,999400.0,INR,INR,2021-11-20 12:51:36+00:00,2021-11-20T11:56:19.717000+00:00,2022-02-13T05:45:45+00:00,Sanjay Upadhyay,EO BHABHUA,NAGAR PARISHAD BHABHUA,NAGAR PARISHAD BHABHUA WARD NO-12 BHABHUA,Sanjay Upadhyay,EO BHABHUA,NAGAR PARISHAD BHABHUA,20000.0,1250.0,590.0
15630,BSEFCL/RFP/03/2021,"Grievances Redressal, Repayment Monitoring & Follow Up Services under the Bihar Student Credit Card Scheme to Bihar State Education Finance Corporation Ltd.","Grievances Redressal, Repayment Monitoring & Follow Up Services under the Bihar Student Credit Card Scheme to Bihar State Education Finance Corporation Ltd.",0.0,INR,INR,2021-11-22 12:27:36+00:00,2021-11-19T11:58:55.595000+00:00,2022-01-03T06:43:44+00:00,ARADHANA SINGH,COMPANY SECRETARY,BIHAR STATE EDUCATION FINANCE CORPORATION LIMITED,"Secretariat Annexe, Block -3, Ground Floor, Main Secretariat Campus, Patna- 800015.",JAYANT KUMAR SINGH,CEO cum Managing Director,BIHAR STATE EDUCATION FINANCE CORPORATION LIMITED,100000.0,2000.0,590.0
15621,"NPR-5/2021-22, PART ?C,GR-29","Construction of RCC Drain,Utility Duct  from the house of Md Amanat to the house of Md Niyamat in Ward no. 6 under Nagar Panchayat Rosera for the Year 2019-20","Construction of RCC Drain,Utility Duct  from the house of Md Amanat to the house of Md Niyamat in Ward no. 6 under Nagar Panchayat Rosera for the Year 2019-20",296483.0,INR,INR,2021-11-19 09:57:14+00:00,2021-11-19T09:47:30.231000+00:00,2021-12-02T09:31:00+00:00,"EXECUTIVE OFFICER, RAMGARH",EXECUTIVE OFFICER RAMGARH,NAGAR PANCHAYAT RAMGARH,DEWHALIA ROAD RAMGARH,Neshat Alam,EXECUTIVE OFFICER,Nagar Parishad Rosera,6000.0,750.0,590.0
15652,NIT NO-02/2021-22/NPB/GROUP-04,Constraction of old drain reparing and R.C.C cover slab word no-22 to 25 and 12 to 13 bhabhua (kaimur) in year 2021-22,Constraction of old drain reparing and R.C.C cover slab word no-22 to 25 and 12 to 13 bhabhua (kaimur) in year 2021-22,798000.0,INR,INR,2021-11-20 12:57:36+00:00,2021-11-20T12:27:26.140000+00:00,2022-02-13T06:08:01+00:00,Sanjay Upadhyay,EO BHABHUA,NAGAR PARISHAD BHABHUA,NAGAR PARISHAD BHABHUA WARD NO-12 BHABHUA,Sanjay Upadhyay,EO BHABHUA,NAGAR PARISHAD BHABHUA,16000.0,1250.0,590.0
15645,06/MUNG/PHED/2021-22 Gr. 01,"Construction of soak pit with dia. 1.00m and depth 2.00m with dry brick honeycomb shaft with bricks of class designation 100B near existing hand pumps under P.H. Division,  Munger.","Construction of soak pit with dia. 1.00m and depth 2.00m with dry brick honeycomb shaft with bricks of class designation 100B near existing hand pumps under P.H. Division,  Munger.",1862750.0,INR,INR,2021-11-20 13:45:43+00:00,2021-11-20T08:35:33.216000+00:00,2021-12-23T11:42:40+00:00,Sri Avi Ranjan,Executive Engineer,"P.H. Division, Munger","Basudeopur, Pani Tanki, Munger",Sri Avi Ranjan,Executive Engineer,"P.H.Division, Munger",37300.0,5000.0,590.0
15650,NIT NO-02/2021-22/NPB/GROUP-02,Constraction of old drain reparing and R.C.C cover slab word no-08 to 14 bhabhua (kaimur) in year 2021-22,Constraction of old drain reparing and R.C.C cover slab word no-08 to 14 bhabhua (kaimur) in year 2021-22,999400.0,INR,INR,2021-11-20 12:53:28+00:00,2021-11-20T12:18:34.909000+00:00,2022-02-13T05:57:58+00:00,Sanjay Upadhyay,EO BHABHUA,NAGAR PARISHAD BHABHUA,NAGAR PARISHAD BHABHUA WARD NO-12 BHABHUA,Sanjay Upadhyay,EO BHABHUA,NAGAR PARISHAD BHABHUA,20000.0,1250.0,590.0
15653,RCD/08/New Capital/2021-22,"Construction and widening of road form Beur Jail more at N.H-30 to Punpun Bandh Via Hasanpur, Jaiprakash Nagar, Chilbilli and Ganjpur part-II for the Year 2021-22.","Construction and widening of road form Beur Jail more at N.H-30 to Punpun Bandh Via Hasanpur, Jaiprakash Nagar, Chilbilli and Ganjpur part-II for the Year 2021-22.",283857230.0,INR,INR,2021-11-20 13:53:19+00:00,2021-11-20T13:10:26.159000+00:00,2021-12-15T11:24:55+00:00,Shashi Bhushan Sahay,EE,NEW CAPITAL ROAD DIVISION,NEW CAPITAL ROAD DIVISION,MUKESH KUMAR,SE,ROAD CONSTRUCTION DEPARTMENT,3839000.0,10000.0,5900.0
15655,NIT-01/2021-22 Gr No.- 01,"??? ?????? ????? ?? ??? 16 ?????? ??? ???? ????? ????, ????-???? ?? ????? ?? ???? ?? ????? ??? ?????? ?? ?????????? ??? ????? ??? ???-??-??? ?????? ???? ?? ??? ???? ?????????? ????? ??? ?????? ????? ??? ????? ????? ?? ???? ???? ??????? ?????? ?? ?????? ??????? ?? ?????????? ?? ????? ?? ??? ???????? ?? ???? ???","??? ?????? ????? ?? ??? 16 ?????? ??? ???? ????? ????, ????-???? ?? ????? ?? ???? ?? ????? ??? ?????? ?? ?????????? ??? ????? ??? ???-??-??? ?????? ???? ?? ??? ???? ?????????? ????? ??? ?????? ????? ??? ????? ????? ?? ???? ???? ??????? ?????? ?? ?????? ??????? ?? ?????????? ?? ????? ?? ??? ???????? ?? ???? ???",0.0,INR,INR,2021-11-20 14:34:02+00:00,2021-11-20T13:59:09.065000+00:00,2021-11-30T12:29:29+00:00,"Executive Officer, Marhowrah (MUKESH KUMAR)","Executive Officer, Marhowrah",NAGAR PANCHAYAT MARHOWRAH,"NAGAR PANCHAYAT MARHOWRAH, SARAN, BIHAR 841418","Executive Officer, Marhowrah (MUKESH KUMAR)","Executive Officer, Marhowrah",NAGAR PANCHAYAT MARHOWRAH,25000.0,5000.0,590.0
15658,GR-04NIT-01/2021-22NNBEGUSARAI,WARD NO-15 ME PIPRA MUKHYA SADAK SE PRAMOD SINGH GHAR TAK EWAM MANOJ KUMAR GHAR SE UMESH KUMAR KE JAMIN TAK MITTI BRICK SOLING EWAM PCC SADAK NIRMAN KARYA,WARD NO-15 ME PIPRA MUKHYA SADAK SE PRAMOD SINGH GHAR TAK EWAM MANOJ KUMAR GHAR SE UMESH KUMAR KE JAMIN TAK MITTI BRICK SOLING EWAM PCC SADAK NIRMAN KARYA,854383.0,INR,INR,2021-11-20 14:14:14+00:00,2021-11-20T14:11:49.142000+00:00,2022-01-19T09:42:04+00:00,MANOJ KUMAR,municipal commissioner,BEGUSARAI MUNICIPAL CORPORATION,NAGAR PALIKA CHOWK BEGUSARAI,MANOJ KUMAR,municipal commissioner,BEGUSARAI MUNICIPAL CORPORATION,17500.0,1250.0,590.0
15657,GR-03NIT-01/2021-22NNBEGUSARAI,WARD NO-15 ME BINOD KUMAR SINGH GHAR SE SHARMA TOLA TAK RCC NALA NIRMAN KARYA,WARD NO-15 ME BINOD KUMAR SINGH GHAR SE SHARMA TOLA TAK RCC NALA NIRMAN KARYA,663489.0,INR,INR,2021-11-20 14:11:27+00:00,2021-11-20T14:09:18.932000+00:00,2022-01-23T08:05:19+00:00,MANOJ KUMAR,municipal commissioner,BEGUSARAI MUNICIPAL CORPORATION,NAGAR PALIKA CHOWK BEGUSARAI,MANOJ KUMAR,municipal commissioner,BEGUSARAI MUNICIPAL CORPORATION,14000.0,1250.0,590.0
15654,GR-01NIT-01/2021-22NNBEGUSARAI,WARD NO-07 ME ITWA BORING ROAD SE RPS SCHOOL TAK SADAK NIRMAN KARYA,WARD NO-07 ME ITWA BORING ROAD SE RPS SCHOOL TAK SADAK NIRMAN KARYA,850679.0,INR,INR,2021-11-20 13:55:58+00:00,2021-11-20T13:36:36.319000+00:00,2022-01-23T08:36:30+00:00,MANOJ KUMAR,municipal commissioner,BEGUSARAI MUNICIPAL CORPORATION,NAGAR PALIKA CHOWK BEGUSARAI,MANOJ KUMAR,municipal commissioner,BEGUSARAI MUNICIPAL CORPORATION,17500.0,1250.0,590.0
15651,NIT NO-02/2021-22/NPB/GROUP-03,Constraction of old drain reparing and R.C.C cover slab word no-15 to 21 bhabhua (kaimur) in year 2021-22,Constraction of old drain reparing and R.C.C cover slab word no-15 to 21 bhabhua (kaimur) in year 2021-22,999400.0,INR,INR,2021-11-20 12:55:47+00:00,2021-11-20T12:21:53.575000+00:00,2022-02-13T06:03:10+00:00,Sanjay Upadhyay,EO BHABHUA,NAGAR PARISHAD BHABHUA,NAGAR PARISHAD BHABHUA WARD NO-12 BHABHUA,Sanjay Upadhyay,EO BHABHUA,NAGAR PARISHAD BHABHUA,20000.0,1250.0,590.0
15661,GR-07NIT-01/2021-22NNBEGUSARAI,WARD NO-21 ME VIDHYA NIKETAN HOSTAL SE BIPIN SINGH GHAR HOTE HUE PANKAJ SINGH GHAR TAK PAVER BLOCK KARYA. MUKHYA SADAK SE MUNNA SINGH GHAR TAK PAVER BLOCK KARYA. GOURI SHANKAR GHAR SE PANKAJ SINGH GHAR HOTE HUE MUKHYA SADAK TAK PAVER BLOCK KARYA. MUKHYA SADAK SE RAMANAND SINGH GHAR TAK PAVER BLOCK KARYA.. BIRJU SHARMA GHAR SE SURO SHARMA GHAR SE YOGENDRA SHARMA GHAR HOTE HUE MANISH KUMAR GHAR EWAM RAM VILASH SAH GHAR SE SITARAM GHAR TAK PAVER BLOCK KARYA,WARD NO-21 ME VIDHYA NIKETAN HOSTAL SE BIPIN SINGH GHAR HOTE HUE PANKAJ SINGH GHAR TAK PAVER BLOCK KARYA. MUKHYA SADAK SE MUNNA SINGH GHAR TAK PAVER BLOCK KARYA. GOURI SHANKAR GHAR SE PANKAJ SINGH GHAR HOTE HUE MUKHYA SADAK TAK PAVER BLOCK KARYA. MUKHYA SADAK SE RAMANAND SINGH GHAR TAK PAVER BLOCK KARYA.. BIRJU SHARMA GHAR SE SURO SHARMA GHAR SE YOGENDRA SHARMA GHAR HOTE HUE MANISH KUMAR GHAR EWAM RAM VILASH SAH GHAR SE SITARAM GHAR TAK PAVER BLOCK KARYA,1054695.0,INR,INR,2021-11-20 14:23:48+00:00,2021-11-20T14:19:28.655000+00:00,2022-01-23T07:41:09+00:00,MANOJ KUMAR,municipal commissioner,BEGUSARAI MUNICIPAL CORPORATION,NAGAR PALIKA CHOWK BEGUSARAI,MANOJ KUMAR,municipal commissioner,BEGUSARAI MUNICIPAL CORPORATION,22000.0,2500.0,590.0
15660,GR-06NIT-01/2021-22NNBEGUSARAI,WARD NO-20 MAHANAND SINGH CHOWK SE CHANDRADEV SINGH GHAR TAK MITTI PCC SADAK NIRMAN KARYA,WARD NO-20 MAHANAND SINGH CHOWK SE CHANDRADEV SINGH GHAR TAK MITTI PCC SADAK NIRMAN KARYA,3787017.0,INR,INR,2021-11-20 14:19:07+00:00,2021-11-20T14:17:25.777000+00:00,2022-01-23T07:00:28+00:00,MANOJ KUMAR,municipal commissioner,BEGUSARAI MUNICIPAL CORPORATION,NAGAR PALIKA CHOWK BEGUSARAI,MANOJ KUMAR,municipal commissioner,BEGUSARAI MUNICIPAL CORPORATION,76000.0,5000.0,590.0
15659,GR-05NIT-01/2021-22NNBEGUSARAI,WARD NO-20 HEMRA CHOWK SE AJAY SINGH GHAR TAK PCC SADAK NIRMAN KARYA,WARD NO-20 HEMRA CHOWK SE AJAY SINGH GHAR TAK PCC SADAK NIRMAN KARYA,3787017.0,INR,INR,2021-11-20 14:17:03+00:00,2021-11-20T14:14:36.102000+00:00,2022-01-23T07:47:42+00:00,MANOJ KUMAR,municipal commissioner,BEGUSARAI MUNICIPAL CORPORATION,NAGAR PALIKA CHOWK BEGUSARAI,MANOJ KUMAR,municipal commissioner,BEGUSARAI MUNICIPAL CORPORATION,76000.0,5000.0,590.0
15663,GR-09NIT-01/2021-22NNBEGUSARAI,WARD NO-21 NAVAL SINGH GHAR SE PUSTKALYA HOTE HUE GANESH SINGH GHAR TAK MITTI PCC SADAK NIRMAN KARYA,WARD NO-21 NAVAL SINGH GHAR SE PUSTKALYA HOTE HUE GANESH SINGH GHAR TAK MITTI PCC SADAK NIRMAN KARYA,1475414.0,INR,INR,2021-11-20 14:29:41+00:00,2021-11-20T14:27:23.700000+00:00,2022-01-19T09:28:24+00:00,MANOJ KUMAR,municipal commissioner,BEGUSARAI MUNICIPAL CORPORATION,NAGAR PALIKA CHOWK BEGUSARAI,MANOJ KUMAR,municipal commissioner,BEGUSARAI MUNICIPAL CORPORATION,30000.0,2500.0,590.0
15635,"NPR-5/2021-22, PART ?C,GR-38","A-	Construction of RCC Drain, Utility Duct and  Paver Block Road from the house of Shankar Prasad to the house of Ashok Vernwal Via Dilip Vernwal in Ward No.-13  Under Nagar Panchayat Rosera for the Year 2019-20
B-	Construction of RCC Drain,Utility Duct and Paver Block Road from the house of Raj Kumar Lal  to the house of Vinod Deo via the house of Santosh Kumar  in Ward no. 13 under Nagar Panchayat Rosera for the Year 2019-20
C-	Construction of RCC Drain and Utility Duct from the house of Arjun Mahto to the house of Ram Prasad Mahto Via Laxmi Mahto in Ward No.-13 under Nagar Panchayat Rosera for the Year 2019-2020","A-	Construction of RCC Drain, Utility Duct and  Paver Block Road from the house of Shankar Prasad to the house of Ashok Vernwal Via Dilip Vernwal in Ward No.-13  Under Nagar Panchayat Rosera for the Year 2019-20
B-	Construction of RCC Drain,Utility Duct and Paver Block Road from the house of Raj Kumar Lal  to the house of Vinod Deo via the house of Santosh Kumar  in Ward no. 13 under Nagar Panchayat Rosera for the Year 2019-20
C-	Construction of RCC Drain and Utility Duct from the house of Arjun Mahto to the house of Ram Prasad Mahto Via Laxmi Mahto in Ward No.-13 under Nagar Panchayat Rosera for the Year 2019-2020",635192.0,INR,INR,2021-11-20 05:42:22+00:00,2021-11-20T05:35:03.551000+00:00,2021-12-02T09:31:00+00:00,"EXECUTIVE OFFICER, RAMGARH",EXECUTIVE OFFICER RAMGARH,NAGAR PANCHAYAT RAMGARH,DEWHALIA ROAD RAMGARH,Neshat Alam,EXECUTIVE OFFICER,Nagar Parishad Rosera,12800.0,1250.0,590.0
15665,GR-11NIT-01/2021-22NNBEGUSARAI,WARD NO-24 ME RAM SUNDAR SAH GHAR SE RAM VILASH MAHTO KE GHAR TAK PAVER BLOCK KARYA,WARD NO-24 ME RAM SUNDAR SAH GHAR SE RAM VILASH MAHTO KE GHAR TAK PAVER BLOCK KARYA,1345892.0,INR,INR,2021-11-20 14:36:10+00:00,2021-11-20T14:34:05.286000+00:00,2022-01-23T06:52:13+00:00,MANOJ KUMAR,municipal commissioner,BEGUSARAI MUNICIPAL CORPORATION,NAGAR PALIKA CHOWK BEGUSARAI,MANOJ KUMAR,municipal commissioner,BEGUSARAI MUNICIPAL CORPORATION,27000.0,2500.0,590.0
15656,GR-02NIT-01/2021-22NNBEGUSARAI,WARD NO-07 ME RPS SCHOOL SE BHUNESHWAR PANDIT KE GHAR TAK PCC SADAK NIRMAN KARYA,WARD NO-07 ME RPS SCHOOL SE BHUNESHWAR PANDIT KE GHAR TAK PCC SADAK NIRMAN KARYA,850679.0,INR,INR,2021-11-20 14:08:57+00:00,2021-11-20T14:06:55.990000+00:00,2022-01-23T08:20:42+00:00,MANOJ KUMAR,municipal commissioner,BEGUSARAI MUNICIPAL CORPORATION,NAGAR PALIKA CHOWK BEGUSARAI,MANOJ KUMAR,municipal commissioner,BEGUSARAI MUNICIPAL CORPORATION,17500.0,1250.0,590.0
15662,GR-08NIT-01/2021-22NNBEGUSARAI,WARD NO-21 TELIYA POKHAR MUKHYA SADAK SE RAMANAND SINGH GHAR TAK MITTI PCC SADAK NIRMAN KARYA,WARD NO-21 TELIYA POKHAR MUKHYA SADAK SE RAMANAND SINGH GHAR TAK MITTI PCC SADAK NIRMAN KARYA,4666692.0,INR,INR,2021-11-20 14:26:18+00:00,2021-11-20T14:24:10.280000+00:00,2022-01-23T08:10:47+00:00,MANOJ KUMAR,municipal commissioner,BEGUSARAI MUNICIPAL CORPORATION,NAGAR PALIKA CHOWK BEGUSARAI,MANOJ KUMAR,municipal commissioner,BEGUSARAI MUNICIPAL CORPORATION,94000.0,5000.0,590.0
15664,GR-10NIT-01/2021-22NNBEGUSARAI,WARD NO-24 ME GANESH SINGH GHAR SE MUKHYA NALA TAK RCC NALA EWAM DURGA ASTHAN SE NICHE ANIL PATANG JI GHAR KE ANT TAK SADAK UCHHIKARAN KARYA,WARD NO-24 ME GANESH SINGH GHAR SE MUKHYA NALA TAK RCC NALA EWAM DURGA ASTHAN SE NICHE ANIL PATANG JI GHAR KE ANT TAK SADAK UCHHIKARAN KARYA,1193852.0,INR,INR,2021-11-20 14:33:31+00:00,2021-11-20T14:30:06.919000+00:00,2022-01-23T07:37:31+00:00,MANOJ KUMAR,municipal commissioner,BEGUSARAI MUNICIPAL CORPORATION,NAGAR PALIKA CHOWK BEGUSARAI,MANOJ KUMAR,municipal commissioner,BEGUSARAI MUNICIPAL CORPORATION,24000.0,2500.0,590.0
15668,GR-14NIT-01/2021-22NNBEGUSARAI,WARD NO-28 ME JAWAHAR SINGH KE MAKAN SE SANTOSH PARASAR KE GHAR TAK JANE WALI SADAK ME VIMLENDRA PRASAD KE GHAR SE SANJEET KUMAR EWAM BITTU KUMAR KE GHAR TAK SOIL FILLING EWAM BRICK SOLING KARYA,WARD NO-28 ME JAWAHAR SINGH KE MAKAN SE SANTOSH PARASAR KE GHAR TAK JANE WALI SADAK ME VIMLENDRA PRASAD KE GHAR SE SANJEET KUMAR EWAM BITTU KUMAR KE GHAR TAK SOIL FILLING EWAM BRICK SOLING KARYA,417198.0,INR,INR,2021-11-20 14:45:21+00:00,2021-11-20T14:42:42.911000+00:00,2022-01-19T09:22:42+00:00,MANOJ KUMAR,municipal commissioner,BEGUSARAI MUNICIPAL CORPORATION,NAGAR PALIKA CHOWK BEGUSARAI,MANOJ KUMAR,municipal commissioner,BEGUSARAI MUNICIPAL CORPORATION,8500.0,750.0,590.0
15666,GR-12NIT-01/2021-22NNBEGUSARAI,TELIYA POKHAR MUKHYA ROAD ME DOMINIYA CHOWK SE POKHAR CHOWK TAK RCC NALA NIRMAN KARYA,TELIYA POKHAR MUKHYA ROAD ME DOMINIYA CHOWK SE POKHAR CHOWK TAK RCC NALA NIRMAN KARYA,821579.0,INR,INR,2021-11-20 14:38:37+00:00,2021-11-20T14:36:30.209000+00:00,2022-01-23T08:02:29+00:00,MANOJ KUMAR,municipal commissioner,BEGUSARAI MUNICIPAL CORPORATION,NAGAR PALIKA CHOWK BEGUSARAI,MANOJ KUMAR,municipal commissioner,BEGUSARAI MUNICIPAL CORPORATION,16500.0,1250.0,590.0
15639,"NPR-5/2021-22, PART ?C,GR-40","A-	Construction of RCC Drain, Utility Duct and  Paver Block Road from the house of Ramnath Sah to the house of Suresh Sah in Ward No.-15  Under Nagar Panchayat Rosera for the Year 2019-20
B-	Construction of RCC Drain,Utility Duct and Paver Block Road from the house of Naresh Paswan to the house of Mantun Thakur in Ward no. 15 under Nagar Panchayat Rosera for the Year 2019-20
C-	Construction of RCC Drain,Utility Duct and Paver Block Road from the house of Ram Bilash Thakur to Ambey Vastralaya in Ward no. 15 under Nagar Panchayat Rosera for the Year 2019-20","A-	Construction of RCC Drain, Utility Duct and  Paver Block Road from the house of Ramnath Sah to the house of Suresh Sah in Ward No.-15  Under Nagar Panchayat Rosera for the Year 2019-20
B-	Construction of RCC Drain,Utility Duct and Paver Block Road from the house of Naresh Paswan to the house of Mantun Thakur in Ward no. 15 under Nagar Panchayat Rosera for the Year 2019-20
C-	Construction of RCC Drain,Utility Duct and Paver Block Road from the house of Ram Bilash Thakur to Ambey Vastralaya in Ward no. 15 under Nagar Panchayat Rosera for the Year 2019-20",787886.0,INR,INR,2021-11-20 06:22:35+00:00,2021-11-20T06:14:29.416000+00:00,2023-03-03T09:53:56+00:00,"EXECUTIVE OFFICER, RAMGARH",EXECUTIVE OFFICER RAMGARH,NAGAR PANCHAYAT RAMGARH,DEWHALIA ROAD RAMGARH,Neshat Alam,EXECUTIVE OFFICER,Nagar Parishad Rosera,15800.0,1250.0,590.0
15670,GR-16NIT-01/2021-22NNBEGUSARAI,WARD NO-30 ME STATION ROAD ME AJAY KUMAR SINGH KE GHAR SE SAYI SRI SADI HOUSE TAK NALA NIRMAN KARYA. RAJO SINGH GHAR SE UPENDRA RAY GHAR TAK NALA NIRMAN KARYA,WARD NO-30 ME STATION ROAD ME AJAY KUMAR SINGH KE GHAR SE SAYI SRI SADI HOUSE TAK NALA NIRMAN KARYA. RAJO SINGH GHAR SE UPENDRA RAY GHAR TAK NALA NIRMAN KARYA,797564.0,INR,INR,2021-11-20 14:50:51+00:00,2021-11-20T14:48:19.212000+00:00,2022-01-23T06:56:41+00:00,MANOJ KUMAR,municipal commissioner,BEGUSARAI MUNICIPAL CORPORATION,NAGAR PALIKA CHOWK BEGUSARAI,MANOJ KUMAR,municipal commissioner,BEGUSARAI MUNICIPAL CORPORATION,16000.0,1250.0,590.0
15669,GR-15NIT-01/2021-22NNBEGUSARAI,WARD NO-28 KE MUKHYA SADAK ME GANESH CHOUDHARY GHAR SE NALA ROAD TAK RCC NALA EWAM PCC SADAK NIRMAN KARYA,WARD NO-28 KE MUKHYA SADAK ME GANESH CHOUDHARY GHAR SE NALA ROAD TAK RCC NALA EWAM PCC SADAK NIRMAN KARYA,1748700.0,INR,INR,2021-11-20 14:47:57+00:00,2021-11-20T14:45:38.497000+00:00,2022-01-23T07:32:03+00:00,MANOJ KUMAR,municipal commissioner,BEGUSARAI MUNICIPAL CORPORATION,NAGAR PALIKA CHOWK BEGUSARAI,MANOJ KUMAR,municipal commissioner,BEGUSARAI MUNICIPAL CORPORATION,35000.0,5000.0,590.0
15674,GR-20NIT-01/2021-22NNBEGUSARAI,WARD NO-40 ME NAULAKHA MANDIR KE PICHE TEMU YADAV HOTE HUE HIRA DAS EWAM DEVENDRA RAY GHAR TAK RCC NALA EWAM PCC SADAK NIRMAN KARYA,WARD NO-40 ME NAULAKHA MANDIR KE PICHE TEMU YADAV HOTE HUE HIRA DAS EWAM DEVENDRA RAY GHAR TAK RCC NALA EWAM PCC SADAK NIRMAN KARYA,1771000.0,INR,INR,2021-11-20 15:01:26+00:00,2021-11-20T14:59:03.831000+00:00,2022-01-23T06:43:37+00:00,MANOJ KUMAR,municipal commissioner,BEGUSARAI MUNICIPAL CORPORATION,NAGAR PALIKA CHOWK BEGUSARAI,MANOJ KUMAR,municipal commissioner,BEGUSARAI MUNICIPAL CORPORATION,36000.0,5000.0,590.0
15673,GR-19NIT-01/2021-22NNBEGUSARAI,WARD NO-40 ME SHIV MANDIR KE AAGE SAKESH JI GHAR HOTE HUE MAHESH PRASAD SINGH GHAR TAK RCC NALA EWAM PCC SADAK NIRMAN KARYA,WARD NO-40 ME SHIV MANDIR KE AAGE SAKESH JI GHAR HOTE HUE MAHESH PRASAD SINGH GHAR TAK RCC NALA EWAM PCC SADAK NIRMAN KARYA,842154.0,INR,INR,2021-11-20 14:58:45+00:00,2021-11-20T14:56:48.891000+00:00,2022-01-23T07:44:39+00:00,MANOJ KUMAR,municipal commissioner,BEGUSARAI MUNICIPAL CORPORATION,NAGAR PALIKA CHOWK BEGUSARAI,MANOJ KUMAR,municipal commissioner,BEGUSARAI MUNICIPAL CORPORATION,17000.0,1250.0,590.0
15678,GR-24NIT-01/2021-22NNBEGUSARAI,WARD NO-26 VEER KUNWAR SINGH CHOWK SE SASHI SINGH GHAR TAK RCC NALA NIRMAN KARYA,WARD NO-26 VEER KUNWAR SINGH CHOWK SE SASHI SINGH GHAR TAK RCC NALA NIRMAN KARYA,3459656.0,INR,INR,2021-11-20 15:11:43+00:00,2021-11-20T15:09:40.235000+00:00,2022-01-23T07:28:54+00:00,MANOJ KUMAR,municipal commissioner,BEGUSARAI MUNICIPAL CORPORATION,NAGAR PALIKA CHOWK BEGUSARAI,MANOJ KUMAR,municipal commissioner,BEGUSARAI MUNICIPAL CORPORATION,70000.0,5000.0,590.0
15667,GR-13NIT-01/2021-22NNBEGUSARAI,WARD NO-26 ME VIJAY SINGH GHAR SE BEGUSARAI-MANJHAUL ROAD MUKHYA SADAK TAK EWAM KUMAR NAND RAY SE SRI KRISHNA SINGH PURV VIDHYAK KE GHAR TAK PCC SADAK KARYA. KANCHAN KUMARI GHAR SE MANJHAUL-BEGUSARAI ROAD MUKHYA SADAK TAK PAVER BLOCK KARYA. VIJAY SINGH GHAR SE MANJHAUL-BEGUSARAI ROAD MUKHYA SADAK TAK NALA NIRMAN KARYA,WARD NO-26 ME VIJAY SINGH GHAR SE BEGUSARAI-MANJHAUL ROAD MUKHYA SADAK TAK EWAM KUMAR NAND RAY SE SRI KRISHNA SINGH PURV VIDHYAK KE GHAR TAK PCC SADAK KARYA. KANCHAN KUMARI GHAR SE MANJHAUL-BEGUSARAI ROAD MUKHYA SADAK TAK PAVER BLOCK KARYA. VIJAY SINGH GHAR SE MANJHAUL-BEGUSARAI ROAD MUKHYA SADAK TAK NALA NIRMAN KARYA,1313771.0,INR,INR,2021-11-20 14:42:25+00:00,2021-11-20T14:38:56.686000+00:00,2022-01-23T08:43:54+00:00,MANOJ KUMAR,municipal commissioner,BEGUSARAI MUNICIPAL CORPORATION,NAGAR PALIKA CHOWK BEGUSARAI,MANOJ KUMAR,municipal commissioner,BEGUSARAI MUNICIPAL CORPORATION,26500.0,2500.0,590.0
15671,GR-17NIT-01/2021-22NNBEGUSARAI,WARD NO-32 ME ANIMAL HOSPITAL ME TOILET NIRMAN KARYA,WARD NO-32 ME ANIMAL HOSPITAL ME TOILET NIRMAN KARYA,1985928.0,INR,INR,2021-11-20 14:53:12+00:00,2021-11-20T14:51:08.825000+00:00,2022-01-23T07:03:47+00:00,MANOJ KUMAR,municipal commissioner,BEGUSARAI MUNICIPAL CORPORATION,NAGAR PALIKA CHOWK BEGUSARAI,MANOJ KUMAR,municipal commissioner,BEGUSARAI MUNICIPAL CORPORATION,40000.0,5000.0,590.0
15675,GR-21NIT-01/2021-22NNBEGUSARAI,WARD NO-41 SRI PAWAN KUMAR MISHRA KE UTTAR PURV CHAHARDIWARI SE SRI ASHOK PRASAD SINGH KE GHAR HOTE HUE SRI RAJ KISHOR PRASAD SINGH KE PURAB CHAHARDIWARI TAK MITTI BRICK SOLING EWAM DHALAYI KARYA,WARD NO-41 SRI PAWAN KUMAR MISHRA KE UTTAR PURV CHAHARDIWARI SE SRI ASHOK PRASAD SINGH KE GHAR HOTE HUE SRI RAJ KISHOR PRASAD SINGH KE PURAB CHAHARDIWARI TAK MITTI BRICK SOLING EWAM DHALAYI KARYA,1495413.0,INR,INR,2021-11-20 15:04:34+00:00,2021-11-20T15:01:44.520000+00:00,2022-01-23T07:06:50+00:00,MANOJ KUMAR,municipal commissioner,BEGUSARAI MUNICIPAL CORPORATION,NAGAR PALIKA CHOWK BEGUSARAI,MANOJ KUMAR,municipal commissioner,BEGUSARAI MUNICIPAL CORPORATION,30000.0,2500.0,590.0
15676,GR-22NIT-01/2021-22NNBEGUSARAI,WARD NO-41 ME BAMBAM SINGH KE GHAR SE SUDARSHAN SINGH GHAR HOTE HUE AJAY SINGH GHAR TAK PCC SADAK KARYA,WARD NO-41 ME BAMBAM SINGH KE GHAR SE SUDARSHAN SINGH GHAR HOTE HUE AJAY SINGH GHAR TAK PCC SADAK KARYA,827705.0,INR,INR,2021-11-20 15:07:03+00:00,2021-11-20T15:04:50.335000+00:00,2022-01-23T08:13:41+00:00,MANOJ KUMAR,municipal commissioner,BEGUSARAI MUNICIPAL CORPORATION,NAGAR PALIKA CHOWK BEGUSARAI,MANOJ KUMAR,municipal commissioner,BEGUSARAI MUNICIPAL CORPORATION,17000.0,1250.0,590.0
15681,GR-27NIT-01/2021-22NNBEGUSARAI,"Construction of Pcc Road and Repair Brick Soling Gupta Bandh from ramesh singh, bhushan singh, omprakash singh, awadhesh singh, Pani tanki in ward no-18 under Nagar Nigam Begusarai.","Construction of Pcc Road and Repair Brick Soling Gupta Bandh from ramesh singh, bhushan singh, omprakash singh, awadhesh singh, Pani tanki in ward no-18 under Nagar Nigam Begusarai.",833400.0,INR,INR,2021-11-20 15:18:19+00:00,2021-11-20T15:16:43.692000+00:00,2022-01-23T07:54:49+00:00,MANOJ KUMAR,municipal commissioner,BEGUSARAI MUNICIPAL CORPORATION,NAGAR PALIKA CHOWK BEGUSARAI,MANOJ KUMAR,municipal commissioner,BEGUSARAI MUNICIPAL CORPORATION,17000.0,1250.0,590.0
15679,GR-25NIT-01/2021-22NNBEGUSARAI,WARD NO-33 ME DAMRU LAL DURGA ASTHAN SE SHIVAJI CHOWK TAK PCC ROAD NIRMAN KARYA,WARD NO-33 ME DAMRU LAL DURGA ASTHAN SE SHIVAJI CHOWK TAK PCC ROAD NIRMAN KARYA,2883883.0,INR,INR,2021-11-20 15:14:04+00:00,2021-11-20T15:12:01.677000+00:00,2022-01-23T07:50:50+00:00,MANOJ KUMAR,municipal commissioner,BEGUSARAI MUNICIPAL CORPORATION,NAGAR PALIKA CHOWK BEGUSARAI,MANOJ KUMAR,municipal commissioner,BEGUSARAI MUNICIPAL CORPORATION,58000.0,5000.0,590.0
15672,GR-18NIT-01/2021-22NNBEGUSARAI,"WARD NO-38 ME ANITA DEVI GHAR SE SINGH JI GHAR TAK, RANJAN YADAV GHAR SE MUKESH BHAGAT GHAR TAK RAHUL JI GHAR SE PAWAN JI GHAR TAK BRAHAM ASTHAN SE SHIVCHANDRA PODDAR GHAR TAK PRAN PRAKASH FAUJI GHAR SE FAUJI JI GHAR TAK EWAM VINOD DAS GHAR SE VASISTH DAS GHAR TAK SOIL FILLING EWAM BRICK SOLING KARYA","WARD NO-38 ME ANITA DEVI GHAR SE SINGH JI GHAR TAK, RANJAN YADAV GHAR SE MUKESH BHAGAT GHAR TAK RAHUL JI GHAR SE PAWAN JI GHAR TAK BRAHAM ASTHAN SE SHIVCHANDRA PODDAR GHAR TAK PRAN PRAKASH FAUJI GHAR SE FAUJI JI GHAR TAK EWAM VINOD DAS GHAR SE VASISTH DAS GHAR TAK SOIL FILLING EWAM BRICK SOLING KARYA",848300.0,INR,INR,2021-11-20 14:56:32+00:00,2021-11-20T14:53:29.839000+00:00,2022-01-19T09:32:12+00:00,MANOJ KUMAR,municipal commissioner,BEGUSARAI MUNICIPAL CORPORATION,NAGAR PALIKA CHOWK BEGUSARAI,MANOJ KUMAR,municipal commissioner,BEGUSARAI MUNICIPAL CORPORATION,17000.0,1250.0,590.0
15685,GR-31NIT-01/2021-22NNBEGUSARAI,"Construnction of Paver Block work Santosh ji house to Durga Asthan,  at Nagar Nigam Begusarai Ward-24","Construnction of Paver Block work Santosh ji house to Durga Asthan,  at Nagar Nigam Begusarai Ward-24",2057794.0,INR,INR,2021-11-20 15:30:25+00:00,2021-11-20T15:28:19.595000+00:00,2022-01-23T07:10:39+00:00,MANOJ KUMAR,municipal commissioner,BEGUSARAI MUNICIPAL CORPORATION,NAGAR PALIKA CHOWK BEGUSARAI,MANOJ KUMAR,municipal commissioner,BEGUSARAI MUNICIPAL CORPORATION,42000.0,5000.0,590.0
15677,GR-23NIT-01/2021-22NNBEGUSARAI,WARD NO-41 ME DEVDATT SINGH GHAR SE RANJEET BHARTI GHAR TAK PAVER BLOCK SADAK NIRMAN KARYA,WARD NO-41 ME DEVDATT SINGH GHAR SE RANJEET BHARTI GHAR TAK PAVER BLOCK SADAK NIRMAN KARYA,217979.0,INR,INR,2021-11-20 15:09:20+00:00,2021-11-20T15:07:20.267000+00:00,2022-01-23T06:47:32+00:00,MANOJ KUMAR,municipal commissioner,BEGUSARAI MUNICIPAL CORPORATION,NAGAR PALIKA CHOWK BEGUSARAI,MANOJ KUMAR,municipal commissioner,BEGUSARAI MUNICIPAL CORPORATION,4500.0,500.0,590.0
15682,GR-28NIT-01/2021-22NNBEGUSARAI,WARD NO-22 ME SHIVDAYAL PODDAR KE GHAR SE AJAY SAH KE GHAR KE PASS MUKHYA NALA TAK RCC NALA NIRMAN KARYA,WARD NO-22 ME SHIVDAYAL PODDAR KE GHAR SE AJAY SAH KE GHAR KE PASS MUKHYA NALA TAK RCC NALA NIRMAN KARYA,1990500.0,INR,INR,2021-11-20 15:22:56+00:00,2021-11-20T15:20:20.328000+00:00,2022-01-23T08:16:45+00:00,MANOJ KUMAR,municipal commissioner,BEGUSARAI MUNICIPAL CORPORATION,NAGAR PALIKA CHOWK BEGUSARAI,MANOJ KUMAR,municipal commissioner,BEGUSARAI MUNICIPAL CORPORATION,40000.0,5000.0,590.0
15690,GR-36NIT-01/2021-22NNBEGUSARAI,Widdening and Construction of Pcc road from N.H. 31 to Late Ghanshyam jha house via Dr. Sangeeta Sinha  house  in ward no. 38,Widdening and Construction of Pcc road from N.H. 31 to Late Ghanshyam jha house via Dr. Sangeeta Sinha  house  in ward no. 38,2430095.0,INR,INR,2021-11-20 15:41:09+00:00,2021-11-20T15:39:25.912000+00:00,2022-01-23T07:15:04+00:00,MANOJ KUMAR,municipal commissioner,BEGUSARAI MUNICIPAL CORPORATION,NAGAR PALIKA CHOWK BEGUSARAI,MANOJ KUMAR,municipal commissioner,BEGUSARAI MUNICIPAL CORPORATION,50000.0,5000.0,590.0
15680,GR-26NIT-01/2021-22NNBEGUSARAI,"Constuction of Brick soling with P.C.C road from Hareram Paswan to Jagdish Paswan ,Bogan Das Murari Paswan, Keval Paswan,Bahadur Ram, Kari Paswan, Gandhigram Kelishpur main road to manoj Tanti, Rajo Paswan, Ramakant Thakur,Bahadur Rai, Saheb Sah to Sanjay Sah house  at Nagar Nigam Begusarai ward no.-4","Constuction of Brick soling with P.C.C road from Hareram Paswan to Jagdish Paswan ,Bogan Das Murari Paswan, Keval Paswan,Bahadur Ram, Kari Paswan, Gandhigram Kelishpur main road to manoj Tanti, Rajo Paswan, Ramakant Thakur,Bahadur Rai, Saheb Sah to Sanjay Sah house  at Nagar Nigam Begusarai ward no.-4",2316500.0,INR,INR,2021-11-20 15:16:07+00:00,2021-11-20T15:14:25.946000+00:00,2022-01-23T08:25:19+00:00,MANOJ KUMAR,municipal commissioner,BEGUSARAI MUNICIPAL CORPORATION,NAGAR PALIKA CHOWK BEGUSARAI,MANOJ KUMAR,municipal commissioner,BEGUSARAI MUNICIPAL CORPORATION,46500.0,5000.0,590.0
15684,GR-30NIT-01/2021-22NNBEGUSARAI,"Construction of Embankment, Brick soling and P.C.C work from lakshmi nagar road no-1, at Nagar Nigam Begusarai Ward-23","Construction of Embankment, Brick soling and P.C.C work from lakshmi nagar road no-1, at Nagar Nigam Begusarai Ward-23",1328784.0,INR,INR,2021-11-20 15:28:03+00:00,2021-11-20T15:26:20.475000+00:00,2022-01-23T08:40:28+00:00,MANOJ KUMAR,municipal commissioner,BEGUSARAI MUNICIPAL CORPORATION,NAGAR PALIKA CHOWK BEGUSARAI,MANOJ KUMAR,municipal commissioner,BEGUSARAI MUNICIPAL CORPORATION,27000.0,2500.0,590.0
15689,GR-35NIT-01/2021-22NNBEGUSARAI,"Construction  of Rcc drain and Paver Block road from Rajkishor Singh house to Main drain via Bambam singh, Lalan Lawyer, Batoran thakur house  in ward no. 35","Construction  of Rcc drain and Paver Block road from Rajkishor Singh house to Main drain via Bambam singh, Lalan Lawyer, Batoran thakur house  in ward no. 35",798775.0,INR,INR,2021-11-20 15:39:03+00:00,2021-11-20T15:36:56.748000+00:00,2022-01-19T08:59:14+00:00,MANOJ KUMAR,municipal commissioner,BEGUSARAI MUNICIPAL CORPORATION,NAGAR PALIKA CHOWK BEGUSARAI,MANOJ KUMAR,municipal commissioner,BEGUSARAI MUNICIPAL CORPORATION,16500.0,1250.0,590.0
15683,GR-29NIT-01/2021-22NNBEGUSARAI,WARD NO-22 ME SANJAY SAH KE GHAR MADHU SAH KE GHAR TAK RCC NALA NIRMAN KARYA,WARD NO-22 ME SANJAY SAH KE GHAR MADHU SAH KE GHAR TAK RCC NALA NIRMAN KARYA,2461200.0,INR,INR,2021-11-20 15:25:58+00:00,2021-11-20T15:23:30.703000+00:00,2022-01-23T07:59:41+00:00,MANOJ KUMAR,municipal commissioner,BEGUSARAI MUNICIPAL CORPORATION,NAGAR PALIKA CHOWK BEGUSARAI,MANOJ KUMAR,municipal commissioner,BEGUSARAI MUNICIPAL CORPORATION,50000.0,5000.0,590.0
15687,GR-33NIT-01/2021-22NNBEGUSARAI,Construction  of Rcc drain and Pcc road from Jitendra Narayan Agrawal house to Mittal Rod Agency  in ward no. 32.,Construction  of Rcc drain and Pcc road from Jitendra Narayan Agrawal house to Mittal Rod Agency  in ward no. 32.,1627707.0,INR,INR,2021-11-20 15:34:41+00:00,2021-11-20T15:32:51.781000+00:00,2022-01-23T08:32:43+00:00,MANOJ KUMAR,municipal commissioner,BEGUSARAI MUNICIPAL CORPORATION,NAGAR PALIKA CHOWK BEGUSARAI,MANOJ KUMAR,municipal commissioner,BEGUSARAI MUNICIPAL CORPORATION,33000.0,5000.0,590.0
15688,GR-34NIT-01/2021-22NNBEGUSARAI,Construction  of Rcc drain from Dharamveer Paswan house to Main drain via Shankar Paswan and Kartik Pandit house  in ward no. 35,Construction  of Rcc drain from Dharamveer Paswan house to Main drain via Shankar Paswan and Kartik Pandit house  in ward no. 35,366882.0,INR,INR,2021-11-20 15:36:38+00:00,2021-11-20T15:34:58.475000+00:00,2022-01-19T09:38:07+00:00,MANOJ KUMAR,municipal commissioner,BEGUSARAI MUNICIPAL CORPORATION,NAGAR PALIKA CHOWK BEGUSARAI,MANOJ KUMAR,municipal commissioner,BEGUSARAI MUNICIPAL CORPORATION,8000.0,750.0,590.0
15686,GR-32NIT-01/2021-22NNBEGUSARAI,Construction  of Rcc drain and Paver Block road in Dharamveer Babu Gali  in ward no. 32.,Construction  of Rcc drain and Paver Block road in Dharamveer Babu Gali  in ward no. 32.,1210908.0,INR,INR,2021-11-20 15:32:35+00:00,2021-11-20T15:30:44.642000+00:00,2022-01-23T08:28:39+00:00,MANOJ KUMAR,municipal commissioner,BEGUSARAI MUNICIPAL CORPORATION,NAGAR PALIKA CHOWK BEGUSARAI,MANOJ KUMAR,municipal commissioner,BEGUSARAI MUNICIPAL CORPORATION,25000.0,2500.0,590.0
15693,NIT-07/2021-22- NP-BELSAND,NAME OF SCHME:- NAGAR PANCHYAT BELSAND ANTARGAT MUKHYA SARAK KADAM CHOWK MEHTAR TOLA KE NAJDIK PUL SE BLOCK KE DAKSHIN HATTA TA RCC CONVER NALA NIRMAN KARYA.,NAME OF SCHME:- NAGAR PANCHYAT BELSAND ANTARGAT MUKHYA SARAK KADAM CHOWK MEHTAR TOLA KE NAJDIK PUL SE BLOCK KE DAKSHIN HATTA TA RCC CONVER NALA NIRMAN KARYA.,34319600.0,INR,INR,2021-11-22 14:42:02+00:00,2021-11-21T06:50:11.372000+00:00,2022-04-12T07:09:16+00:00,SHEONATH THAKUR (EO),EXECUTIVE OFFICER BELSAND,UDHD,NAGAR PANCHAYAT BELSAND,SHEONATH THAKUR,EXECUTIVE OFFICER BELSAND,UDHD,686500.0,10000.0,5900.0
15694,NIT No. 04/MUNG/PHED/2021-22,"Providing labour for repair and maintenance of Rural piped water supply scheme, World Bank Funded and Scheme Ward level Scheme under P. H. Division, Munger.","Providing labour for repair and maintenance of Rural piped water supply scheme, World Bank Funded and Scheme Ward level Scheme under P. H. Division, Munger.",1107457.0,INR,INR,2021-11-21 09:26:45+00:00,2021-11-21T08:29:07.836000+00:00,2021-12-23T11:56:25+00:00,Sri Avi Ranjan,Executive Engineer,"P.H. Division, Munger","Basudeopur, Pani Tanki, Munger",Sri Avi Ranjan,Executive Engineer,"P.H.Division, Munger",22500.0,2500.0,590.0
15692,06/MUNG/PHED/2021-22 Gr.- 02,Name of Work:- Construction of soak pit with dia. 1.00m and depth 2.00m with dry brick honeycomb shaft with bricks of class designation 100B near existing handpumps.,Name of Work:- Construction of soak pit with dia. 1.00m and depth 2.00m with dry brick honeycomb shaft with bricks of class designation 100B near existing handpumps.,1862750.0,INR,INR,2021-11-21 08:10:45+00:00,2021-11-21T06:32:33.557000+00:00,2021-12-23T11:14:37+00:00,Sri Avi Ranjan,Executive Engineer,"P.H. Division, Munger","Basudeopur, Pani Tanki, Munger",Sri Avi Ranjan,Executive Engineer,"P.H.Division, Munger",37300.0,5000.0,590.0
15700,23/E/NCD/21-22 GR NO-06,Construction of PCC Road and RCC Drain at New Patna Colony From Beur -Hasnpura MAin Road to Boundry of Lalan Prasad Via Shakuntalam Bhavan in ward no-11 PMC under Phulwari Shariff Assembly.,Construction of PCC Road and RCC Drain at New Patna Colony From Beur -Hasnpura MAin Road to Boundry of Lalan Prasad Via Shakuntalam Bhavan in ward no-11 PMC under Phulwari Shariff Assembly.,4027000.0,INR,INR,2021-11-21 11:04:24+00:00,2021-11-21T10:49:04.781000+00:00,2022-03-17T02:14:11+00:00,"Shushil Kumar Jha, Executive Engineer",EE,"New Capital Division, Patna Municipal Corporation, Patna","Harding Road, Patna",Shushil Kumar Jha,EE,"New Capital Division, Patna Municipal Corporation, Patna",80540.0,5000.0,590.0
15698,09/2021-22/MID/PATNA/01,"Extensive Renovation of Madhopur Adhpa and Fatehpur Dhibra Pyne Scheme Block Phulwarisharif Panchayat Dhibra Under Minor irrigation Division, Patna (GROUP 01)","Extensive Renovation of Madhopur Adhpa and Fatehpur Dhibra Pyne Scheme Block Phulwarisharif Panchayat Dhibra Under Minor irrigation Division, Patna (GROUP 01)",32512174.0,INR,INR,2021-11-21 12:27:01+00:00,2021-11-21T10:16:16.539000+00:00,2022-03-03T11:16:23+00:00,Er. RAJENDRA KUMAR,EXECUTIVE ENGINEER,"MINOR IRRIGATION DIVISION, PATNA (MWRD)","JAL BHAWAN, RIDING ROAD, SHEKHPURA, PATNA- 800014","ER. RAJENDRA KUMAR, SE PATNA",SUPERINTENDENT ENGINEER,"MINOR IRRIGATION CIRCLE, PATNA",650243.0,10000.0,5900.0
15696,REFER TO NIT 9/2021-22 group 06,Renovation HIRA DHAR & MOTI DHAR PYNE SCHEME,Renovation HIRA DHAR & MOTI DHAR PYNE SCHEME,21107228.0,INR,INR,2021-11-21 14:00:22+00:00,2021-11-21T09:45:10.083000+00:00,2022-06-10T10:51:08+00:00,Er. Bindeshwar Ram,C E Patna,"Chief  Engineer Minor Water Resources Department, Bihar Patna","Riding Road, Jal Bhawan Nearest Airport road patna",BINDESHWAR RAM,CHEIF ENGINEER,MINOR WATER RESOURCE DEPARTMENT PATNA,422200.0,10000.0,3540.0
15705,05/BCD/PURNEA/2021-22,"Construction of Driving Testing Track, Compound Wall, Approach Road, Training Office with Toilet at Maranga, Purnea for the year 2021-22","Construction of Driving Testing Track, Compound Wall, Approach Road, Training Office with Toilet at Maranga, Purnea for the year 2021-22",6906864.0,INR,INR,2021-11-21 13:35:27+00:00,2021-11-21T13:22:46.564000+00:00,2022-03-12T10:05:20+00:00,"Executive Engineer, BUILDING DIVISION PURNEA",EE,BUILDING DIVISION PURNEA,"EE, BUILDING DIVISION PURNEA, BCD, PURNEA, BIHAR","Superintending Engineer, Purnea Circle",SE,Purnea Circle,138200.0,10000.0,590.0
15703,05/NQ/MUNG/PHED/2021-22_Gr.-NQ-02/21-22,"?Design, Construction, Supply, Testing, commissioning of Water Supply Schemes with Electric Driven Pumps Non-Quality affected Habitations/ Wards in Munger Districts of Bihar on turn-key basis with 3 months Trial Run after Commissioning and Comprehensive Operation and Maintenance of 60 months after successful completion of Trial Run Period under ?MUKHYAMANTRI GRAMIN PEYJAL YOJNA?  (Non Quality Affected) Yojna  on Turn Key basis under P.H. Division, Munger.","?Design, Construction, Supply, Testing, commissioning of Water Supply Schemes with Electric Driven Pumps Non-Quality affected Habitations/ Wards in Munger Districts of Bihar on turn-key basis with 3 months Trial Run after Commissioning and Comprehensive Operation and Maintenance of 60 months after successful completion of Trial Run Period under ?MUKHYAMANTRI GRAMIN PEYJAL YOJNA?  (Non Quality Affected) Yojna  on Turn Key basis under P.H. Division, Munger.",5652564.0,INR,INR,2021-11-21 13:37:05+00:00,2021-11-21T12:19:27.780000+00:00,2022-02-02T11:12:28+00:00,Sri Avi Ranjan,Executive Engineer,"P.H. Division, Munger","Basudeopur, Pani Tanki, Munger",Sri Avi Ranjan,Executive Engineer,"P.H.Division, Munger",115600.0,10000.0,590.0
15701,REFER TO NIT 9/2021-22 group 07,"Renovation of CHITRAGHATI, BHADASENI AHAR PYNE IRRIGATION SCHEME","Renovation of CHITRAGHATI, BHADASENI AHAR PYNE IRRIGATION SCHEME",33866462.0,INR,INR,2021-11-21 13:55:08+00:00,2021-11-21T11:48:20.824000+00:00,2022-06-04T08:44:12+00:00,Er. Bindeshwar Ram,C E Patna,"Chief  Engineer Minor Water Resources Department, Bihar Patna","Riding Road, Jal Bhawan Nearest Airport road patna",BINDESHWAR RAM,CHEIF ENGINEER,MINOR WATER RESOURCE DEPARTMENT PATNA,677400.0,10000.0,5900.0
15707,"PNP/NIT-02/2021-22,-GR14",Construction of Paver Block in ward no-07 from Dharmdev Ray House via Pashuram Singh Mil to Rajesh Sah House.,Construction of Paver Block in ward no-07 from Dharmdev Ray House via Pashuram Singh Mil to Rajesh Sah House.,510600.0,INR,INR,2021-11-21 14:13:44+00:00,2021-11-21T14:05:54.663000+00:00,2023-02-25T09:13:30+00:00,KISHORE KUNAL,EXECUTIVE OFFICER,NAGAR PANCHAYAT PARSA BAZAR (UDHD),NAGAR PANCHAYAT PARSA BAZAR SARAN,Mr. Kishore Kunal,EXECUTIVE OFFICER,NAGAR PANCHAYAT PARSA BAZAR SARAN,10300.0,1250.0,590.0
15695,05/NQ/MUNG/PHED/2021-22_Gr.-NQ-01/21-22,"?Design, Construction, Supply, Testing, commissioning of Water Supply Schemes with Electric Driven Pumps Non-Quality affected Habitations/ Wards in Munger Districts of Bihar on turn-key basis with 3 months Trial Run after Commissioning and Comprehensive Operation and Maintenance of 60 months after successful completion of Trial Run Period under ?MUKHYAMANTRI GRAMIN PEYJAL YOJNA?  (Non Quality Affected) Yojna  on Turn Key basis. 
SHORT TENDER NOTICE  No. ? 05/NQ/MUN/PHED/2021-22, Ward No. 09 and 11 in Panchyat Jhikuli of Sangrampur Block under P.H. Division, Munger.","?Design, Construction, Supply, Testing, commissioning of Water Supply Schemes with Electric Driven Pumps Non-Quality affected Habitations/ Wards in Munger Districts of Bihar on turn-key basis with 3 months Trial Run after Commissioning and Comprehensive Operation and Maintenance of 60 months after successful completion of Trial Run Period under ?MUKHYAMANTRI GRAMIN PEYJAL YOJNA?  (Non Quality Affected) Yojna  on Turn Key basis. 
SHORT TENDER NOTICE  No. ? 05/NQ/MUN/PHED/2021-22, Ward No. 09 and 11 in Panchyat Jhikuli of Sangrampur Block under P.H. Division, Munger.",6269170.0,INR,INR,2021-11-21 11:43:13+00:00,2021-11-21T09:39:54.809000+00:00,2022-02-02T07:17:35+00:00,Sri Avi Ranjan,Executive Engineer,"P.H. Division, Munger","Basudeopur, Pani Tanki, Munger",Sri Avi Ranjan,Executive Engineer,"P.H.Division, Munger",126800.0,10000.0,590.0
15691,GR-37NIT-01/2021-22NNBEGUSARAI,Name of Work-Construction of pcc Road From Vijay Paswan Engineer House to Pradip Sinha Via Mantu Ji in Nagar Nigam Begusarai Ward no.39,Name of Work-Construction of pcc Road From Vijay Paswan Engineer House to Pradip Sinha Via Mantu Ji in Nagar Nigam Begusarai Ward no.39,1469776.0,INR,INR,2021-11-20 15:43:19+00:00,2021-11-20T15:41:27.643000+00:00,2022-01-23T07:17:54+00:00,MANOJ KUMAR,municipal commissioner,BEGUSARAI MUNICIPAL CORPORATION,NAGAR PALIKA CHOWK BEGUSARAI,MANOJ KUMAR,municipal commissioner,BEGUSARAI MUNICIPAL CORPORATION,30000.0,2500.0,590.0
15716,"PNP/NIT-02/2021-22,-GR21",Construction of Paver Block in ward no-12 from Karmullah Miya house to Devi Sthan.,Construction of Paver Block in ward no-12 from Karmullah Miya house to Devi Sthan.,259100.0,INR,INR,2021-11-22 01:17:13+00:00,2021-11-22T01:12:24.972000+00:00,2021-12-11T09:12:20+00:00,KISHORE KUNAL,EXECUTIVE OFFICER,NAGAR PANCHAYAT PARSA BAZAR (UDHD),NAGAR PANCHAYAT PARSA BAZAR SARAN,Mr. Kishore Kunal,EXECUTIVE OFFICER,NAGAR PANCHAYAT PARSA BAZAR SARAN,5200.0,750.0,590.0
15721,"PNP/NIT-02/2021-22,-GR26",Construction of Paver Block in ward no-14 from Pakri Tree to Atau Miya House.,Construction of Paver Block in ward no-14 from Pakri Tree to Atau Miya House.,1249500.0,INR,INR,2021-11-22 01:43:49+00:00,2021-11-22T01:38:40.139000+00:00,2021-12-14T08:25:26+00:00,KISHORE KUNAL,EXECUTIVE OFFICER,NAGAR PANCHAYAT PARSA BAZAR (UDHD),NAGAR PANCHAYAT PARSA BAZAR SARAN,Mr. Kishore Kunal,EXECUTIVE OFFICER,NAGAR PANCHAYAT PARSA BAZAR SARAN,25000.0,2500.0,590.0
15715,"PNP/NIT-02/2021-22,-GR20",Construction of Paver Block in ward no-11 from Prabhu Ray House to Mokhtar Ray House.,Construction of Paver Block in ward no-11 from Prabhu Ray House to Mokhtar Ray House.,494200.0,INR,INR,2021-11-22 01:12:12+00:00,2021-11-22T01:06:59.264000+00:00,2021-12-11T09:31:01+00:00,KISHORE KUNAL,EXECUTIVE OFFICER,NAGAR PANCHAYAT PARSA BAZAR (UDHD),NAGAR PANCHAYAT PARSA BAZAR SARAN,Mr. Kishore Kunal,EXECUTIVE OFFICER,NAGAR PANCHAYAT PARSA BAZAR SARAN,9900.0,750.0,590.0
15718,"PNP/NIT-02/2021-22,-GR23",Construction of Paver Block in ward no-12 from Sudama singh house via Shankar sah house to Dr Nagendra singh house.,Construction of Paver Block in ward no-12 from Sudama singh house via Shankar sah house to Dr Nagendra singh house.,557500.0,INR,INR,2021-11-22 01:27:27+00:00,2021-11-22T01:22:42.757000+00:00,2022-09-29T08:17:13+00:00,KISHORE KUNAL,EXECUTIVE OFFICER,NAGAR PANCHAYAT PARSA BAZAR (UDHD),NAGAR PANCHAYAT PARSA BAZAR SARAN,Mr. Kishore Kunal,EXECUTIVE OFFICER,NAGAR PANCHAYAT PARSA BAZAR SARAN,11200.0,1250.0,590.0
15709,REFER TO NIT 9/2021-22 group 09,Renovation of BUDHAWARA AHAR / PYNE IRRIGATION SCHEME,Renovation of BUDHAWARA AHAR / PYNE IRRIGATION SCHEME,24476333.0,INR,INR,2021-11-21 14:44:01+00:00,2021-11-21T14:22:43.487000+00:00,2022-06-21T07:06:19+00:00,Er. Bindeshwar Ram,C E Patna,"Chief  Engineer Minor Water Resources Department, Bihar Patna","Riding Road, Jal Bhawan Nearest Airport road patna",BINDESHWAR RAM,CHEIF ENGINEER,MINOR WATER RESOURCE DEPARTMENT PATNA,489600.0,10000.0,3540.0
15710,"PNP/NIT-02/2021-22,-GR16","Construction of Earth Work,Brick Edge Soling and PCC in ward no-08 from Devraj singh house to Gorakh singh house.","Construction of Earth Work,Brick Edge Soling and PCC in ward no-08 from Devraj singh house to Gorakh singh house.",1165400.0,INR,INR,2021-11-21 14:44:07+00:00,2021-11-21T14:36:27.960000+00:00,2022-09-12T09:43:33+00:00,KISHORE KUNAL,EXECUTIVE OFFICER,NAGAR PANCHAYAT PARSA BAZAR (UDHD),NAGAR PANCHAYAT PARSA BAZAR SARAN,Mr. Kishore Kunal,EXECUTIVE OFFICER,NAGAR PANCHAYAT PARSA BAZAR SARAN,23400.0,2500.0,590.0
15727,"PNP/NIT-02/2021-22,-GR32",Construction of Paver Block in ward no-17 from Shivpujan ray House to Daroga Ray House.,Construction of Paver Block in ward no-17 from Shivpujan ray House to Daroga Ray House.,778800.0,INR,INR,2021-11-22 02:16:13+00:00,2021-11-22T02:10:55.528000+00:00,2023-04-19T09:06:29+00:00,KISHORE KUNAL,EXECUTIVE OFFICER,NAGAR PANCHAYAT PARSA BAZAR (UDHD),NAGAR PANCHAYAT PARSA BAZAR SARAN,Mr. Kishore Kunal,EXECUTIVE OFFICER,NAGAR PANCHAYAT PARSA BAZAR SARAN,15600.0,1250.0,590.0
15723,"PNP/NIT-02/2021-22,-GR28",Construction of Drain with cover slab in ward no-15 from Sohan ray house via Birendra sah house to Lakhraj ray house.,Construction of Drain with cover slab in ward no-15 from Sohan ray house via Birendra sah house to Lakhraj ray house.,906600.0,INR,INR,2021-11-22 01:53:54+00:00,2021-11-22T01:49:11.380000+00:00,2022-06-02T09:34:11+00:00,KISHORE KUNAL,EXECUTIVE OFFICER,NAGAR PANCHAYAT PARSA BAZAR (UDHD),NAGAR PANCHAYAT PARSA BAZAR SARAN,Mr. Kishore Kunal,EXECUTIVE OFFICER,NAGAR PANCHAYAT PARSA BAZAR SARAN,18200.0,1250.0,590.0
15724,"PNP/NIT-02/2021-22,-GR29",Construction of Drain with cover slab in ward no-15 from mainudin house to  vai dargah vai pwd road to baudha pul.,Construction of Drain with cover slab in ward no-15 from mainudin house to  vai dargah vai pwd road to baudha pul.,1353900.0,INR,INR,2021-11-22 01:58:23+00:00,2021-11-22T01:54:11.029000+00:00,2022-05-19T05:19:09+00:00,KISHORE KUNAL,EXECUTIVE OFFICER,NAGAR PANCHAYAT PARSA BAZAR (UDHD),NAGAR PANCHAYAT PARSA BAZAR SARAN,Mr. Kishore Kunal,EXECUTIVE OFFICER,NAGAR PANCHAYAT PARSA BAZAR SARAN,27100.0,2500.0,590.0
15706,REFER TO NIT 9/2021-22 group 08,"Renovation of LODIPUR, JAFRA & SAHAJPURA AHAR PYNE IRRIGATION SCHEME","Renovation of LODIPUR, JAFRA & SAHAJPURA AHAR PYNE IRRIGATION SCHEME",21883894.0,INR,INR,2021-11-21 13:57:48+00:00,2021-11-21T13:26:12.020000+00:00,2022-05-04T07:14:41+00:00,Er. Bindeshwar Ram,C E Patna,"Chief  Engineer Minor Water Resources Department, Bihar Patna","Riding Road, Jal Bhawan Nearest Airport road patna",BINDESHWAR RAM,CHEIF ENGINEER,MINOR WATER RESOURCE DEPARTMENT PATNA,437700.0,10000.0,3540.0
15728,"PNP/NIT-02/2021-22,-GR33",Construction of Drain with cover slab in ward no-18 from Md. Anawaruddin House via Md. Hasim house to Md. Rauf house.,Construction of Drain with cover slab in ward no-18 from Md. Anawaruddin House via Md. Hasim house to Md. Rauf house.,1353900.0,INR,INR,2021-11-22 02:21:11+00:00,2021-11-22T02:16:36.645000+00:00,2023-04-19T10:11:34+00:00,KISHORE KUNAL,EXECUTIVE OFFICER,NAGAR PANCHAYAT PARSA BAZAR (UDHD),NAGAR PANCHAYAT PARSA BAZAR SARAN,Mr. Kishore Kunal,EXECUTIVE OFFICER,NAGAR PANCHAYAT PARSA BAZAR SARAN,27100.0,2500.0,590.0
15722,"PNP/NIT-02/2021-22,-GR27",Construction of Drain with cover slab in ward no-15 from Laldhari Ray houe via Fakan Ray house to Ramnath ray house.,Construction of Drain with cover slab in ward no-15 from Laldhari Ray houe via Fakan Ray house to Ramnath ray house.,1084145.0,INR,INR,2021-11-22 01:48:45+00:00,2021-11-22T01:44:16.729000+00:00,2022-06-08T07:28:16+00:00,KISHORE KUNAL,EXECUTIVE OFFICER,NAGAR PANCHAYAT PARSA BAZAR (UDHD),NAGAR PANCHAYAT PARSA BAZAR SARAN,Mr. Kishore Kunal,EXECUTIVE OFFICER,NAGAR PANCHAYAT PARSA BAZAR SARAN,21700.0,2500.0,590.0
15730,10/2021-22/MID/PATNA/05,Renovation of Bisarpur Ahar/Pyne Scheme Under Minor Irrigation Division Patna (GROUP-05),Renovation of Bisarpur Ahar/Pyne Scheme Under Minor Irrigation Division Patna (GROUP-05),5175334.0,INR,INR,2021-11-22 02:53:11+00:00,2021-11-22T02:25:54.760000+00:00,2022-02-09T07:37:27+00:00,Er. RAJENDRA KUMAR,EXECUTIVE ENGINEER,"MINOR IRRIGATION DIVISION, PATNA (MWRD)","JAL BHAWAN, RIDING ROAD, SHEKHPURA, PATNA- 800014","ER. RAJENDRA KUMAR, SE PATNA",SUPERINTENDENT ENGINEER,"MINOR IRRIGATION CIRCLE, PATNA",103507.0,10000.0,590.0
15731,"PNP/NIT-02/2021-22,-GR35",Construction of Paver Block in ward no-19 from Nagendra pandey house to mahesh pandey house.,Construction of Paver Block in ward no-19 from Nagendra pandey house to mahesh pandey house.,636500.0,INR,INR,2021-11-22 02:31:55+00:00,2021-11-22T02:26:39.096000+00:00,2021-12-13T06:39:53+00:00,KISHORE KUNAL,EXECUTIVE OFFICER,NAGAR PANCHAYAT PARSA BAZAR (UDHD),NAGAR PANCHAYAT PARSA BAZAR SARAN,Mr. Kishore Kunal,EXECUTIVE OFFICER,NAGAR PANCHAYAT PARSA BAZAR SARAN,12800.0,1250.0,590.0
15736,10/2021-22/MID/PATNA/10,Extensive Renovation of Aurangpur Pyne Scheme Under Minor Irrigation Division Patna  (GROUP-10),Extensive Renovation of Aurangpur Pyne Scheme Under Minor Irrigation Division Patna  (GROUP-10),5727858.0,INR,INR,2021-11-22 05:26:30+00:00,2021-11-22T05:05:31.384000+00:00,2022-02-09T07:39:54+00:00,Er. RAJENDRA KUMAR,EXECUTIVE ENGINEER,"MINOR IRRIGATION DIVISION, PATNA (MWRD)","JAL BHAWAN, RIDING ROAD, SHEKHPURA, PATNA- 800014","ER. RAJENDRA KUMAR, SE PATNA",SUPERINTENDENT ENGINEER,"MINOR IRRIGATION CIRCLE, PATNA",114557.0,10000.0,590.0
15738,10/2021-22/MID/PATNA/12,Extensive Renovation of Alampur Gonpura Pyne Scheme Under Minor irrigation Division Patna (GROUP-12),Extensive Renovation of Alampur Gonpura Pyne Scheme Under Minor irrigation Division Patna (GROUP-12),19460972.0,INR,INR,2021-11-22 06:12:49+00:00,2021-11-22T05:54:36.069000+00:00,2022-02-28T10:39:03+00:00,Er. RAJENDRA KUMAR,EXECUTIVE ENGINEER,"MINOR IRRIGATION DIVISION, PATNA (MWRD)","JAL BHAWAN, RIDING ROAD, SHEKHPURA, PATNA- 800014","ER. RAJENDRA KUMAR, SE PATNA",SUPERINTENDENT ENGINEER,"MINOR IRRIGATION CIRCLE, PATNA",389219.0,10000.0,3540.0
15737,10/2021-22/MID/PATNA/11,Extensive Renovation of Jaitiya Pyne Scheme Under Minor Irrigation Division Patna (GROUP-11),Extensive Renovation of Jaitiya Pyne Scheme Under Minor Irrigation Division Patna (GROUP-11),16777369.0,INR,INR,2021-11-22 05:49:30+00:00,2021-11-22T05:31:24.041000+00:00,2022-03-10T11:22:07+00:00,Er. RAJENDRA KUMAR,EXECUTIVE ENGINEER,"MINOR IRRIGATION DIVISION, PATNA (MWRD)","JAL BHAWAN, RIDING ROAD, SHEKHPURA, PATNA- 800014","ER. RAJENDRA KUMAR, SE PATNA",SUPERINTENDENT ENGINEER,"MINOR IRRIGATION CIRCLE, PATNA",335547.0,10000.0,3540.0
15735,10/2021-22/MID/PATNA/09,Extensive Renovation of Jalalpur  Oriara Pyne Scheme Under Minor irrigation Division Patna  (GROUP-09),Extensive Renovation of Jalalpur  Oriara Pyne Scheme Under Minor irrigation Division Patna  (GROUP-09),9446286.0,INR,INR,2021-11-22 04:50:16+00:00,2021-11-22T04:26:29.934000+00:00,2022-03-04T06:54:00+00:00,Er. RAJENDRA KUMAR,EXECUTIVE ENGINEER,"MINOR IRRIGATION DIVISION, PATNA (MWRD)","JAL BHAWAN, RIDING ROAD, SHEKHPURA, PATNA- 800014","ER. RAJENDRA KUMAR, SE PATNA",SUPERINTENDENT ENGINEER,"MINOR IRRIGATION CIRCLE, PATNA",188926.0,10000.0,3540.0
15729,"PNP/NIT-02/2021-22,-GR34",Construction of Paver Block in ward no-19 from REO road via Ashok Kumar Srivastava house to Bramhsthan.,Construction of Paver Block in ward no-19 from REO road via Ashok Kumar Srivastava house to Bramhsthan.,650800.0,INR,INR,2021-11-22 02:26:21+00:00,2021-11-22T02:21:59.983000+00:00,2021-12-14T07:26:55+00:00,KISHORE KUNAL,EXECUTIVE OFFICER,NAGAR PANCHAYAT PARSA BAZAR (UDHD),NAGAR PANCHAYAT PARSA BAZAR SARAN,Mr. Kishore Kunal,EXECUTIVE OFFICER,NAGAR PANCHAYAT PARSA BAZAR SARAN,13100.0,1250.0,590.0
15740,10/2021-22/MID/PATNA/13,Renovation of Shivmandir to Jagokhanda Pyne in Daulatpur Village Scheme Under Minor Irrigation Division Patna (GROUP-13),Renovation of Shivmandir to Jagokhanda Pyne in Daulatpur Village Scheme Under Minor Irrigation Division Patna (GROUP-13),2263043.0,INR,INR,2021-11-22 06:37:38+00:00,2021-11-22T06:16:55.076000+00:00,2022-02-09T08:15:28+00:00,Er. RAJENDRA KUMAR,EXECUTIVE ENGINEER,"MINOR IRRIGATION DIVISION, PATNA (MWRD)","JAL BHAWAN, RIDING ROAD, SHEKHPURA, PATNA- 800014","ER. RAJENDRA KUMAR, SE PATNA",SUPERINTENDENT ENGINEER,"MINOR IRRIGATION CIRCLE, PATNA",45261.0,5000.0,590.0
15743,01/2021-22 N P SHEOHAR,"Cleanliness by sweeping the main roads and all the roads of 15 wards of Municipal Council, Sheohar, keeping the water flow proper by cleaning the drains,
Solid waste, waste dumped in dustbins, lifting and transporting waste from drains and dumping in dumping yards and door-to-door collection of wet and dry wastes from houses, shops, offices, hotels etc., segregation of wastes and Proper disposal of waste in the processing center/dumping yard while processing and transporting it and other related works.","Cleanliness by sweeping the main roads and all the roads of 15 wards of Municipal Council, Sheohar, keeping the water flow proper by cleaning the drains,
Solid waste, waste dumped in dustbins, lifting and transporting waste from drains and dumping in dumping yards and door-to-door collection of wet and dry wastes from houses, shops, offices, hotels etc., segregation of wastes and Proper disposal of waste in the processing center/dumping yard while processing and transporting it and other related works.",0.0,INR,INR,2021-11-22 07:02:21+00:00,2021-11-22T06:35:56.961000+00:00,2021-12-15T11:59:46+00:00,RAVI SHANKAR SINGH,EXECUTIVE OFFICER,RAVI SHANKAR SINGH (EXECUTIVE OFFICER NAGAR PARISHADJHAJHA),"PURANI BAZAR JHAJHA, WARD NO 20",RAVI SHANKAR SINGH,EXECUTIVE OFFICER,NAGAR PARISHAD JHAJHA,50000.0,5000.0,590.0
15744,"PNP/NIT-02/2021-22,-GR39",Construction of Paver Block in ward no-22 from Hari Ray House to Krishna Ray house.,Construction of Paver Block in ward no-22 from Hari Ray House to Krishna Ray house.,612500.0,INR,INR,2021-11-22 06:44:43+00:00,2021-11-22T06:39:21.527000+00:00,2022-09-29T09:16:48+00:00,KISHORE KUNAL,EXECUTIVE OFFICER,NAGAR PANCHAYAT PARSA BAZAR (UDHD),NAGAR PANCHAYAT PARSA BAZAR SARAN,Mr. Kishore Kunal,EXECUTIVE OFFICER,NAGAR PANCHAYAT PARSA BAZAR SARAN,12300.0,1250.0,590.0
15741,"PNP/NIT-02/2021-22,-GR36","Construction of Earth Work,Brick Edge Soling and PCC in ward no.20 from Jamadar Ray house via Prabhu ray house to Hari nagar school.","Construction of Earth Work,Brick Edge Soling and PCC in ward no.20 from Jamadar Ray house via Prabhu ray house to Hari nagar school.",1762300.0,INR,INR,2021-11-22 06:31:29+00:00,2021-11-22T06:24:29.983000+00:00,2021-12-15T11:07:05+00:00,KISHORE KUNAL,EXECUTIVE OFFICER,NAGAR PANCHAYAT PARSA BAZAR (UDHD),NAGAR PANCHAYAT PARSA BAZAR SARAN,Mr. Kishore Kunal,EXECUTIVE OFFICER,NAGAR PANCHAYAT PARSA BAZAR SARAN,35300.0,5000.0,590.0
15742,"PNP/NIT-02/2021-22,-GR38",Construction of Drain with cover slab in ward no-21 from Avdhesh manjhi House to Mauji manjhi boring.,Construction of Drain with cover slab in ward no-21 from Avdhesh manjhi House to Mauji manjhi boring.,1084100.0,INR,INR,2021-11-22 06:38:45+00:00,2021-11-22T06:32:21.546000+00:00,2024-05-09T05:47:09+00:00,KISHORE KUNAL,EXECUTIVE OFFICER,NAGAR PANCHAYAT PARSA BAZAR (UDHD),NAGAR PANCHAYAT PARSA BAZAR SARAN,Mr. Kishore Kunal,EXECUTIVE OFFICER,NAGAR PANCHAYAT PARSA BAZAR SARAN,21700.0,2500.0,590.0
15746,NIT- 8/PHED/DARBHANGA/2020-21,"Construction of 125mm x 40mm x 61 mtr deep 50 Nos. India Mark II Hand Pumps in SC Tola with Platform and Drain in Darbhanga District under P.H.Division, Darbbhanga  in the year 2021-22.","Construction of 125mm x 40mm x 61 mtr deep 50 Nos. India Mark II Hand Pumps in SC Tola with Platform and Drain in Darbhanga District under P.H.Division, Darbbhanga  in the year 2021-22.",3065000.0,INR,INR,2021-11-22 08:01:20+00:00,2021-11-22T06:44:07.598000+00:00,2021-12-09T05:27:27+00:00,DILEEP KUMAR CHOUDHARY,EE,PHED Darbhanga,Phed Darbhanga,Manoj Kumar,SE,Public Health Engineering Dept,62100.0,5000.0,590.0
15732,10/2021-22/MID/PATNA/06,Extensive Renovation of Sarbahanpur Pyne Scheme Under Minor Irrigation Division Patna  (GROUP-06),Extensive Renovation of Sarbahanpur Pyne Scheme Under Minor Irrigation Division Patna  (GROUP-06),7948304.0,INR,INR,2021-11-22 03:25:14+00:00,2021-11-22T02:58:37.953000+00:00,2022-03-04T06:52:15+00:00,Er. RAJENDRA KUMAR,EXECUTIVE ENGINEER,"MINOR IRRIGATION DIVISION, PATNA (MWRD)","JAL BHAWAN, RIDING ROAD, SHEKHPURA, PATNA- 800014","ER. RAJENDRA KUMAR, SE PATNA",SUPERINTENDENT ENGINEER,"MINOR IRRIGATION CIRCLE, PATNA",158966.0,10000.0,3540.0
15734,10/2021-22/MID/PATNA/08,Extensive Renovation of Shakarpura Pyne Scheme Under Minor Irrigation Division Patna  (GROUP-08),Extensive Renovation of Shakarpura Pyne Scheme Under Minor Irrigation Division Patna  (GROUP-08),4231062.0,INR,INR,2021-11-22 04:16:28+00:00,2021-11-22T03:56:36.817000+00:00,2022-02-09T07:38:49+00:00,Er. RAJENDRA KUMAR,EXECUTIVE ENGINEER,"MINOR IRRIGATION DIVISION, PATNA (MWRD)","JAL BHAWAN, RIDING ROAD, SHEKHPURA, PATNA- 800014","ER. RAJENDRA KUMAR, SE PATNA",SUPERINTENDENT ENGINEER,"MINOR IRRIGATION CIRCLE, PATNA",84621.0,5000.0,590.0
15750,001/2021-22 N P SHEOHAR,"Cleaning the main roads and all the roads by sweeping, cleaning the drain-drain and keeping the water flow proper, solid waste, garbage put in the dustbin, lifting and transporting the garbage from the drain and dumping it in the dumping yard and houses. Door-to-door collection of wet and dry wastes from shops, offices, hotels etc., segregation and processing and transportation of wastes, proper disposal of wastes in processing centers/dumping yards and other related works.","Cleaning the main roads and all the roads by sweeping, cleaning the drain-drain and keeping the water flow proper, solid waste, garbage put in the dustbin, lifting and transporting the garbage from the drain and dumping it in the dumping yard and houses. Door-to-door collection of wet and dry wastes from shops, offices, hotels etc., segregation and processing and transportation of wastes, proper disposal of wastes in processing centers/dumping yards and other related works.",0.0,INR,INR,2021-11-22 07:08:27+00:00,2021-11-22T07:03:34.760000+00:00,2021-12-15T11:01:16+00:00,RAVI SHANKAR SINGH,EXECUTIVE OFFICER,RAVI SHANKAR SINGH (EXECUTIVE OFFICER NAGAR PARISHADJHAJHA),"PURANI BAZAR JHAJHA, WARD NO 20",RAVI SHANKAR SINGH,EXECUTIVE OFFICER,NAGAR PARISHAD JHAJHA,50000.0,5000.0,590.0
15745,NIT05/2021-22/GR-01,"Under Phulwarisharif Nagar Parishad, Construction of Chhath Ghat beautification of Shiv Mandir Talab in North side the campus of Phulwari Block for the year 2021-2022.","Under Phulwarisharif Nagar Parishad, Construction of Chhath Ghat beautification of Shiv Mandir Talab in North side the campus of Phulwari Block for the year 2021-2022.",10139642.0,INR,INR,2021-11-22 06:56:40+00:00,2021-11-22T06:41:38.932000+00:00,2021-12-12T09:31:00+00:00,"Manoj Kumar, EO","EO, Municipal Council, Aurangabad",Nagar Parishad Aurangabad,"Near Block More, Nagar Parishad Aurangabad",MANOJ KUMAR,"EXECUTIVE OFFICER, Nagar Parishad Aurangabad",Nagar Parishad Aurangabad,202800.0,10000.0,3540.0
15752,REFER TO NIT 10/2021-22 group 01,Renovation of UPARAILI AHAR PYNE IRRIGATION SCHEME,Renovation of UPARAILI AHAR PYNE IRRIGATION SCHEME,8527442.0,INR,INR,2021-11-22 08:56:29+00:00,2021-11-22T08:34:48.612000+00:00,2022-03-30T07:33:52+00:00,Er. Bindeshwar Ram,C E Patna,"Chief  Engineer Minor Water Resources Department, Bihar Patna","Riding Road, Jal Bhawan Nearest Airport road patna",BINDESHWAR RAM,CHEIF ENGINEER,MINOR WATER RESOURCE DEPARTMENT PATNA,170600.0,10000.0,3540.0
15756,REFER TO NIT 10/2021-22 group 02 and corrigendum,RENOVATION OF PARMA AHAR PYNE SCHEME,RENOVATION OF PARMA AHAR PYNE SCHEME,4873122.0,INR,INR,2021-11-22 09:58:08+00:00,2021-11-22T09:23:14.073000+00:00,2022-03-30T07:59:46+00:00,Er. Bindeshwar Ram,C E Patna,"Chief  Engineer Minor Water Resources Department, Bihar Patna","Riding Road, Jal Bhawan Nearest Airport road patna",ZAKIR HUSAIN,SUPERTENDING ENGINEER,MINOR IRRIGATION  CIRCLE GAYA,97500.0,5000.0,590.0
15754,REFER TO NIT 10/2021-22 group 03,RENOVATION OF PACHRUKHI BALIYA KHURD PYNE IRRIGATION SCHEME,RENOVATION OF PACHRUKHI BALIYA KHURD PYNE IRRIGATION SCHEME,16848724.0,INR,INR,2021-11-22 09:18:46+00:00,2021-11-22T09:06:22.750000+00:00,2022-05-04T07:23:58+00:00,Er. Bindeshwar Ram,C E Patna,"Chief  Engineer Minor Water Resources Department, Bihar Patna","Riding Road, Jal Bhawan Nearest Airport road patna",BINDESHWAR RAM,CHEIF ENGINEER,MINOR WATER RESOURCE DEPARTMENT PATNA,337000.0,10000.0,3540.0
15753,"NIT-04/2021-22/BHABHUA, GROUP-01","Making 650 nos soak pit 1.0m diameter 2.0 metre deep with dry brick honey comb shaft with bricks of class designation 100 B for Hand Pump under P.H. Division, Bhabhua in the District of Kaimur.","Making 650 nos soak pit 1.0m diameter 2.0 metre deep with dry brick honey comb shaft with bricks of class designation 100 B for Hand Pump under P.H. Division, Bhabhua in the District of Kaimur.",4843150.0,INR,INR,2021-11-23 05:53:45+00:00,2021-11-22T08:40:21.572000+00:00,2021-12-31T11:55:52+00:00,"EXECUTIVE ENGINEER , P.H. DIVISION, BHABHUA, KAIMUR",EE,"P.H. DIVISION, BHABHUA",P.H.E.D. OFFICE NEAR JAGJEEVAN STADIUM BHABHUA,KALIKA PRASAD,SE,SASARAM CIRCLE,96900.0,5000.0,590.0
15761,NIT03/2021-22/01,Contruction of Samrat Ashok Bhawan (With footing) At Nagar Panchayat Jhanjharpur,Contruction of Samrat Ashok Bhawan (With footing) At Nagar Panchayat Jhanjharpur,13739810.0,INR,INR,2021-11-22 12:42:59+00:00,2021-11-22T12:19:20.657000+00:00,2022-02-01T10:30:13+00:00,"MANOJ KUMAR EXECUTIVE OFFICER, NAGAR PARISHAD JHANJHARPUR",EO,NAGAR PARISHAD JHANJHARPUR,"BEHIND OF ANCHAL KARAYALAY JHANJHARPUR WARD 13, PO+PS- JHANJHARPUR, DIST- MDHUBANI (BIHAR) 847404","MANOJ KUMAR EXECUTIVE OFFICER, NAGAR PARISHAD JHANJHARPUR",EO,NAGAR PARISHAD JHANJHARPUR,274800.0,10000.0,3540.0
15757,NITNO.03/2021-22/PHEDNAWADA,Construction of 575 Nos. Soak Pit 1.0M diameter 2.0 meter deep with dry brick honey comb shaft with bricks of Class designation 100B for Hand pumps. under P.H Division- Nawada for the year 2021-22.,Construction of 575 Nos. Soak Pit 1.0M diameter 2.0 meter deep with dry brick honey comb shaft with bricks of Class designation 100B for Hand pumps. under P.H Division- Nawada for the year 2021-22.,4283175.0,INR,INR,2021-11-22 12:05:13+00:00,2021-11-22T10:25:09.508000+00:00,2022-01-03T08:02:23+00:00,"EXECUTIVE ENGINEER,  NAWADA",EE,P.H.DIVISION NAWADA,NEAR BIHAR BUS STAND P.H.DIVISION NAWADA,"EXECUTIVE ENGINEER, NAWADA",EE,P.H.DIVISION NAWADA,85700.0,5000.0,590.0
15760,NIT NO-05R1-PHED-ARA-2021-22,"Deployment of labour for a period of six months for Rural piped water w/s scheme, Ward level, PWS & MVS","Deployment of labour for a period of six months for Rural piped water w/s scheme, Ward level, PWS & MVS",875000.0,INR,INR,2021-11-22 12:12:51+00:00,2021-11-22T11:34:51.614000+00:00,2021-11-30T11:36:23+00:00,Arun Prakash,EXECUTIVE ENGINEER,"EXECUTIVE ENGINEER, SITAMARHI DIVISION",DUMRA SITAMARHI,KUMAR ARUP,EXECUTIVE ENGINEER,KUMAR ARUP (EXECUTIVE ENGINEER),18000.0,1250.0,590.0
15759,MCD-NIT-22/2021-22-GR-01,Contruction of P.C.C. Road and Hume Pipe Drain from house of Arun Mishra to Main Road in Behind of Sachiwalay Colony Gali (Kalyani cooperative) Ward no- 39 Danapur Nagar Parishad.,Contruction of P.C.C. Road and Hume Pipe Drain from house of Arun Mishra to Main Road in Behind of Sachiwalay Colony Gali (Kalyani cooperative) Ward no- 39 Danapur Nagar Parishad.,2047061.0,INR,INR,2021-11-22 11:23:11+00:00,2021-11-22T10:38:22.754000+00:00,2021-12-26T09:08:44+00:00,"EXECUTIVE OFFICER, DANAPUR NIZAMAT",EO,NAGAR PARISHAD DANAPUR NIZAMAT,NAGAR PARISHAD DANAPUR NIZAMAT WARD NO.-35,"EXECUTIVE OFFICER, DANAPUR NIZAMAT",EO,NAGAR PARISHAD DANAPUR NIZAMAT,43000.0,5000.0,590.0
15765,09/2021-22/MID/JEHANABAD/GR-04,RENOVATION OF BHADSARA AHAR PYNE IRRIGATION SCHEME,RENOVATION OF BHADSARA AHAR PYNE IRRIGATION SCHEME,28036586.0,INR,INR,2021-11-22 15:42:05+00:00,2021-11-22T15:26:06.921000+00:00,2022-05-11T10:30:23+00:00,Sanjib Kumar Singh,EXECUTIVE ENGINEER (EE),MINOR WATER RESOURCES DEPARTMENT,MWRD JEHANABAD,BINDESHWAR RAM,CE,MINOR WATER RESOURCES DEPARTMENT,560800.0,10000.0,3540.0
15751,NIT- 6R1 PHED/DARBHANGA/2020-21,Construction of soak pit with dia. 1.00m and depth 2.00m with dry brick honeycomb shaft with bricks of class designation 100B near existing handpumps all complete and as per direction of E/I.,Construction of soak pit with dia. 1.00m and depth 2.00m with dry brick honeycomb shaft with bricks of class designation 100B near existing handpumps all complete and as per direction of E/I.,5214800.0,INR,INR,2021-11-22 07:58:52+00:00,2021-11-22T07:18:58.644000+00:00,2021-12-09T05:35:10+00:00,DILEEP KUMAR CHOUDHARY,EE,PHED Darbhanga,Phed Darbhanga,Manoj Kumar,SE,Public Health Engineering Dept,104296.0,5000.0,590.0
15763,09/2021-22/MID/JEHANABAD/GR-02,RENOVATION OF MOHANPUR KENDUA AHAR PYNE IRRIGATION SCHEME,RENOVATION OF MOHANPUR KENDUA AHAR PYNE IRRIGATION SCHEME,37435132.0,INR,INR,2021-11-22 15:01:10+00:00,2021-11-22T14:05:51.139000+00:00,2022-06-28T06:18:16+00:00,Sanjib Kumar Singh,EXECUTIVE ENGINEER (EE),MINOR WATER RESOURCES DEPARTMENT,MWRD JEHANABAD,BINDESHWAR RAM,CE,MINOR WATER RESOURCES DEPARTMENT,748800.0,10000.0,5900.0
15766,09/2021-22/MID/JEHANABAD/GR-05,RENOVATION OF SIKARIYA PATARIYA AHAR PYNE IRRIGATION SCHEME,RENOVATION OF SIKARIYA PATARIYA AHAR PYNE IRRIGATION SCHEME,41485377.0,INR,INR,2021-11-22 16:13:17+00:00,2021-11-22T15:47:39.588000+00:00,2022-09-08T08:49:53+00:00,Sanjib Kumar Singh,EXECUTIVE ENGINEER (EE),MINOR WATER RESOURCES DEPARTMENT,MWRD JEHANABAD,BINDESHWAR RAM,CE,MINOR WATER RESOURCES DEPARTMENT,829800.0,10000.0,5900.0
15764,09/2021-22/MID/JEHANABAD/GR-03,Renovation of Devra Pyne irrigation scheme,Renovation of Devra Pyne irrigation scheme,31328147.83,INR,INR,2021-11-22 15:25:40+00:00,2021-11-22T15:01:35.074000+00:00,2022-04-12T10:44:55+00:00,Sanjib Kumar Singh,EXECUTIVE ENGINEER (EE),MINOR WATER RESOURCES DEPARTMENT,MWRD JEHANABAD,BINDESHWAR RAM,CE,MINOR WATER RESOURCES DEPARTMENT,626700.0,10000.0,5900.0
15767,01/2021-22/RCD/KATIHAR,"Widening and Strengthening of Sapni-Hasanganj Road via Bhasna & Chandrama Chowk (Total Length of Road 22.30 Km) under Road Division,Katihar for the year 2020 -21","Widening and Strengthening of Sapni-Hasanganj Road via Bhasna & Chandrama Chowk (Total Length of Road 22.30 Km) under Road Division,Katihar for the year 2020 -21",265823110.0,INR,INR,2021-11-23 11:16:43+00:00,2021-11-23T05:36:21.572000+00:00,2022-08-11T07:58:47+00:00,SUSHIL KUMAR JHA,EXECUTIVE ENGINEEER,ROAD DIVISION KATIHAR,EXECUTIVE ENGINEER RCD ROAD DIVISION KATIHAR,SHAKIR ALI,SUPERINTENDING ENGINEER,ROAD CONSTRUCTION DEPARTMENT,3658500.0,10000.0,5900.0
15772,NIT-RCD/MOTIHARI-06/2021-22,Widening & Strengthening of Single lane to Intermediate lane of NH-104 Krishnagara to Fenahara Road from Ch. 0+000 km to Ch. 11+000 km Total length- 11.000 km under Road Division Motihari for the year 2021-22.,Widening & Strengthening of Single lane to Intermediate lane of NH-104 Krishnagara to Fenahara Road from Ch. 0+000 km to Ch. 11+000 km Total length- 11.000 km under Road Division Motihari for the year 2021-22.,227449492.0,INR,INR,2021-11-23 09:32:17+00:00,2021-11-23T07:59:07.223000+00:00,2022-07-29T08:49:52+00:00,Ashok Kumar,EE,Road Construction Department,"At- Dallu Chowk, Post+P.s.- Sheikhpura, Dist- Sheikhpura, Pin Code- 811105",LAXMI NARAYAN SINGH,CHIEF ENGINEER,"ROAD CONSTRUCTION DEPARTMENT, ROAD CIRCLE, MOTIHARI",3275000.0,10000.0,5900.0
15783,20/E/WSD/2021/PMC/04,"Extension of pipe line and house to house connection in Harish Chandra Nagar, New Boring to East Mohalla at Ward No. 30.","Extension of pipe line and house to house connection in Harish Chandra Nagar, New Boring to East Mohalla at Ward No. 30.",3565160.0,INR,INR,2021-11-24 10:18:23+00:00,2021-11-23T10:01:55.450000+00:00,2021-12-07T09:31:00+00:00,Sri Ramswarup Prasad,"EE, Water Supply Division, PMC, Patna","Water Supply Division, Patna Municipal Corporation, Patna","Patna Water Board, Road No 02, Miller High School, Beer Chand Patel Path, Patna",Sri Ramswarup Prasad,"EE, Water Supply Division, PMC, Patna","Water Supply Division, Patna Municipal Corporation, Patna",71500.0,5000.0,590.0
15770,39/BSBCCL/21-22,"Fabrication & Installation  works of Bedroom Wardrobes, Kitchen Cabinet And  Wardrobe Below Sill Level  for Type A & C
FOR Multi Stored Staff Quarters for Patna High Court at Adalatganj, Patna","Fabrication & Installation  works of Bedroom Wardrobes, Kitchen Cabinet And  Wardrobe Below Sill Level  for Type A & C
FOR Multi Stored Staff Quarters for Patna High Court at Adalatganj, Patna",63853543.0,INR,INR,2021-11-23 06:57:15+00:00,2021-11-23T06:32:01.997000+00:00,2022-01-08T11:40:41+00:00,DGM BSBCCL PATNA,DEPUTY GENERAL MANAGER PATNA,BSBCCL SOUTH,"BSBCCL, Hospital Road, Sastri Nagar, Patna 800023",SANTOSH KUMAR,chief general manager,BSBCCL,1278000.0,10000.0,5900.0
15762,NIT04/2021-22/01,"Construction of RCC Side Drain from Thana Chowk to Sukhet Sima at Nagar Panchayat Jhanjharpur, Madhubani for the Year 2020-21","Construction of RCC Side Drain from Thana Chowk to Sukhet Sima at Nagar Panchayat Jhanjharpur, Madhubani for the Year 2020-21",14330301.0,INR,INR,2021-11-26 09:46:22+00:00,2021-11-22T12:46:45.480000+00:00,2022-02-01T10:45:10+00:00,"MANOJ KUMAR EXECUTIVE OFFICER, NAGAR PARISHAD JHANJHARPUR",EO,NAGAR PARISHAD JHANJHARPUR,"BEHIND OF ANCHAL KARAYALAY JHANJHARPUR WARD 13, PO+PS- JHANJHARPUR, DIST- MDHUBANI (BIHAR) 847404","MANOJ KUMAR EXECUTIVE OFFICER, NAGAR PARISHAD JHANJHARPUR",EO,NAGAR PARISHAD JHANJHARPUR,286700.0,10000.0,3540.0
15790,20/E/WSD/2021/PMC/06,"Laying water supply pipe line in Digha, Laxminiya Gali and Brach Gali and house to house connection at Ward No. 01.","Laying water supply pipe line in Digha, Laxminiya Gali and Brach Gali and house to house connection at Ward No. 01.",4818056.0,INR,INR,2021-11-24 10:23:25+00:00,2021-11-23T10:21:40.258000+00:00,2022-03-07T10:26:52+00:00,Sri Ramswarup Prasad,"EE, Water Supply Division, PMC, Patna","Water Supply Division, Patna Municipal Corporation, Patna","Patna Water Board, Road No 02, Miller High School, Beer Chand Patel Path, Patna",Sri Ramswarup Prasad,"EE, Water Supply Division, PMC, Patna","Water Supply Division, Patna Municipal Corporation, Patna",96500.0,5000.0,590.0
15792,NIT-03-PHED/BGS/2021-22,Scheme for Sinking of New India Mark II handpumps in Habitaions (SC) ID Under IMIS of Jal Shakti (Hand Pump with Platform and Drain) Under Special Central Assistance to Scheduled Caste Sub Paln (SCA to SCSP) for the Year 2021-22,Scheme for Sinking of New India Mark II handpumps in Habitaions (SC) ID Under IMIS of Jal Shakti (Hand Pump with Platform and Drain) Under Special Central Assistance to Scheduled Caste Sub Paln (SCA to SCSP) for the Year 2021-22,2150610.0,INR,INR,2021-11-23 10:31:27+00:00,2021-11-23T10:26:45.108000+00:00,2021-12-01T09:25:08+00:00,Ali Haider,Executive Engineer,"P.H.Division, Begusarai","Ratanpur Chatti Road, Panti Tanki Campus",Manoj Kumar,SE,Public Health Engineering Dept,43500.0,5000.0,590.0
15785,NIT05/2021-22/GR03,WARD NO 02 MAHADALIT TOLA SAMUDAYAK BHAWAN KE PASS SAMUDAYAK SAUCHAKLAY KA NIRMAN KARY,WARD NO 02 MAHADALIT TOLA SAMUDAYAK BHAWAN KE PASS SAMUDAYAK SAUCHAKLAY KA NIRMAN KARY,606651.0,INR,INR,2021-11-23 10:14:35+00:00,2021-11-23T10:11:16.006000+00:00,2021-12-08T09:31:00+00:00,"EXECUTIVE OFFICER ,SILAO",EO,NAGAR PANCHAYAT SILAO,"SILAO, NALANDA","EXECUTIVE OFFICER, SILAO",EO,NAGAR PANCHAYAT SILAO,15475.0,1250.0,590.0
15768,NIT NO-04/2021-22 (GR-01),Making soak pit 1.0m diameter 2.0 metre deep with dry brick honey comb shaft with bricks of class designation 100 B for Hand Pump,Making soak pit 1.0m diameter 2.0 metre deep with dry brick honey comb shaft with bricks of class designation 100 B for Hand Pump,4843150.0,INR,INR,2021-11-23 07:40:16+00:00,2021-11-23T05:57:02.968000+00:00,2021-12-31T11:59:46+00:00,"EXECUTIVE ENGINEER, SASARAM, ROHTAS",EE,"P.H. DIVISION, SASARAM","P.H.E.D OFFICE, DHARMSHALA, PURANI G.T. ROAD, SASARAM, ROHTAS","EXECUTIVE ENGINEER, SASARAM ROHTAS",EE,"P.H.DIVISION, SASARAM",96900.0,5000.0,590.0
15802,"PNP/NIT-02/2021-22,-GR03","Construction of Earth Work,Brick Edge Soling and PCC in ward no-03 from asarfi ray house via bramsthan to tinmuhani road.","Construction of Earth Work,Brick Edge Soling and PCC in ward no-03 from asarfi ray house via bramsthan to tinmuhani road.",2325700.0,INR,INR,2021-11-23 11:05:15+00:00,2021-11-23T10:51:13.279000+00:00,2022-03-26T06:25:40+00:00,KISHORE KUNAL,EXECUTIVE OFFICER,NAGAR PANCHAYAT PARSA BAZAR (UDHD),NAGAR PANCHAYAT PARSA BAZAR SARAN,Mr. Kishore Kunal,EXECUTIVE OFFICER,NAGAR PANCHAYAT PARSA BAZAR SARAN,46600.0,5000.0,590.0
15798,20/E/WSD/2021/PMC/07,Missing pipe line in Machua Toli Jaanch Lab to Abulais Lane at Ward No. 42.,Missing pipe line in Machua Toli Jaanch Lab to Abulais Lane at Ward No. 42.,200630.0,INR,INR,2021-11-24 10:26:11+00:00,2021-11-23T10:38:37.109000+00:00,2021-12-07T09:31:00+00:00,Sri Ramswarup Prasad,"EE, Water Supply Division, PMC, Patna","Water Supply Division, Patna Municipal Corporation, Patna","Patna Water Board, Road No 02, Miller High School, Beer Chand Patel Path, Patna",Sri Ramswarup Prasad,"EE, Water Supply Division, PMC, Patna","Water Supply Division, Patna Municipal Corporation, Patna",4100.0,500.0,590.0
15781,20/E/WSD/2021/PMC/02,"Laying C.I. pipe 6"" (Inch) dia in Khajpura, Ashiana Road, Bhabhua Kothi at Ward No. 02.","Laying C.I. pipe 6"" (Inch) dia in Khajpura, Ashiana Road, Bhabhua Kothi at Ward No. 02.",381072.0,INR,INR,2021-11-24 10:13:56+00:00,2021-11-23T09:42:35.224000+00:00,2021-12-07T09:31:00+00:00,Sri Ramswarup Prasad,"EE, Water Supply Division, PMC, Patna","Water Supply Division, Patna Municipal Corporation, Patna","Patna Water Board, Road No 02, Miller High School, Beer Chand Patel Path, Patna",Sri Ramswarup Prasad,"EE, Water Supply Division, PMC, Patna","Water Supply Division, Patna Municipal Corporation, Patna",7700.0,750.0,590.0
15786,20/E/WSD/2021/PMC/05,"Laying water supply pipe line in Digha, Alpana Cinema Road, Harijan Gali Tola and house to house connection at Ward No. 01.","Laying water supply pipe line in Digha, Alpana Cinema Road, Harijan Gali Tola and house to house connection at Ward No. 01.",4178846.0,INR,INR,2021-11-24 10:21:08+00:00,2021-11-23T10:12:28.854000+00:00,2022-05-18T09:10:26+00:00,Sri Ramswarup Prasad,"EE, Water Supply Division, PMC, Patna","Water Supply Division, Patna Municipal Corporation, Patna","Patna Water Board, Road No 02, Miller High School, Beer Chand Patel Path, Patna",Sri Ramswarup Prasad,"EE, Water Supply Division, PMC, Patna","Water Supply Division, Patna Municipal Corporation, Patna",83600.0,5000.0,590.0
15805,20/E/WSD/2021/PMC/10,"Laying water supply pipe line in Gardanibagh, Road No. 10, Damariya, Sahara Tent House, Jaikara Tent House to Alakapuri and house connection at Ward No. 13.","Laying water supply pipe line in Gardanibagh, Road No. 10, Damariya, Sahara Tent House, Jaikara Tent House to Alakapuri and house connection at Ward No. 13.",2824961.0,INR,INR,2021-11-24 10:34:20+00:00,2021-11-23T11:08:56.332000+00:00,2022-04-30T05:59:13+00:00,Sri Ramswarup Prasad,"EE, Water Supply Division, PMC, Patna","Water Supply Division, Patna Municipal Corporation, Patna","Patna Water Board, Road No 02, Miller High School, Beer Chand Patel Path, Patna",Sri Ramswarup Prasad,"EE, Water Supply Division, PMC, Patna","Water Supply Division, Patna Municipal Corporation, Patna",56600.0,5000.0,590.0
15808,20/E/WSD/2021/PMC/12,"Details estimate for house connection in Dr. Sanjeev Kumar Singh (MLC) House Harding Road, Patna at Ward No. 19.","Details estimate for house connection in Dr. Sanjeev Kumar Singh (MLC) House Harding Road, Patna at Ward No. 19.",179373.0,INR,INR,2021-11-24 10:39:00+00:00,2021-11-23T11:31:04.385000+00:00,2021-12-07T09:31:00+00:00,Sri Ramswarup Prasad,"EE, Water Supply Division, PMC, Patna","Water Supply Division, Patna Municipal Corporation, Patna","Patna Water Board, Road No 02, Miller High School, Beer Chand Patel Path, Patna",Sri Ramswarup Prasad,"EE, Water Supply Division, PMC, Patna","Water Supply Division, Patna Municipal Corporation, Patna",3600.0,500.0,590.0
15807,20/E/WSD/2021/PMC/11,"Extension of pipe line and house to house connection in Pashchami Lohanipur Sri Rajan Yadav, Vaidohi Bhawan, Shital Yadav to Shailendra Yadav, Gauraiya Asthan, Cute Anup Yadav Dashrath Singh Lane and Vimla Bhawan to Deepak Singh at Ward No. 36.","Extension of pipe line and house to house connection in Pashchami Lohanipur Sri Rajan Yadav, Vaidohi Bhawan, Shital Yadav to Shailendra Yadav, Gauraiya Asthan, Cute Anup Yadav Dashrath Singh Lane and Vimla Bhawan to Deepak Singh at Ward No. 36.",4516014.0,INR,INR,2021-11-24 10:36:42+00:00,2021-11-23T11:22:07.972000+00:00,2021-12-07T09:31:00+00:00,Sri Ramswarup Prasad,"EE, Water Supply Division, PMC, Patna","Water Supply Division, Patna Municipal Corporation, Patna","Patna Water Board, Road No 02, Miller High School, Beer Chand Patel Path, Patna",Sri Ramswarup Prasad,"EE, Water Supply Division, PMC, Patna","Water Supply Division, Patna Municipal Corporation, Patna",90500.0,5000.0,590.0
15800,T.N.N01/27.10.2021/BFDCL,"Selection of Agency as Resource Organization (RO) for Empanelment with Bihar Forestry Development Corporation Ltd., Patna, for implementation of Bamboo Craft Cluster in the identified villages of Bihar.","Selection of Agency as Resource Organization (RO) for Empanelment with Bihar Forestry Development Corporation Ltd., Patna, for implementation of Bamboo Craft Cluster in the identified villages of Bihar.",3500000.0,INR,INR,2021-11-23 11:36:36+00:00,2021-11-23T10:48:32.632000+00:00,2022-03-03T09:47:28+00:00,Anil Kumar Prasad,M.D,Bihar Forestry Development Corp. Ltd. Patna,"New Punaichak, Officer's Flat K-6, Patna-23.",Shri Alok Kumar,M.D,Head Office Bihar Forestry Development Corp. Ltd.Patna,25000.0,1180.0,590.0
15801,20/E/WSD/2021/PMC/08,"House to house connection in Prem Gali, Ray Hasanpur Chaitola at Ward No. 48.","House to house connection in Prem Gali, Ray Hasanpur Chaitola at Ward No. 48.",409477.0,INR,INR,2021-11-24 10:28:37+00:00,2021-11-23T10:49:31.580000+00:00,2021-12-10T09:09:55+00:00,Sri Ramswarup Prasad,"EE, Water Supply Division, PMC, Patna","Water Supply Division, Patna Municipal Corporation, Patna","Patna Water Board, Road No 02, Miller High School, Beer Chand Patel Path, Patna",Sri Ramswarup Prasad,"EE, Water Supply Division, PMC, Patna","Water Supply Division, Patna Municipal Corporation, Patna",8200.0,750.0,590.0
15803,20/E/WSD/2021/PMC/09,"Missing pipe line in Rangkarmi Praveen Path, Saidpur, Nahar Road, Shivam Apartment, Pump House to Prathmik Vidyalay to Nand Nagar Colony at Ward No. 48.","Missing pipe line in Rangkarmi Praveen Path, Saidpur, Nahar Road, Shivam Apartment, Pump House to Prathmik Vidyalay to Nand Nagar Colony at Ward No. 48.",627604.0,INR,INR,2021-11-24 10:30:39+00:00,2021-11-23T10:59:14.547000+00:00,2021-12-10T09:11:35+00:00,Sri Ramswarup Prasad,"EE, Water Supply Division, PMC, Patna","Water Supply Division, Patna Municipal Corporation, Patna","Patna Water Board, Road No 02, Miller High School, Beer Chand Patel Path, Patna",Sri Ramswarup Prasad,"EE, Water Supply Division, PMC, Patna","Water Supply Division, Patna Municipal Corporation, Patna",12600.0,1250.0,590.0
15782,20/E/WSD/2021/PMC/03,"Extension of pipe line and house to house connection in Harish Chandra Nagar, New Boring to West Mohalla at Ward No. 30.","Extension of pipe line and house to house connection in Harish Chandra Nagar, New Boring to West Mohalla at Ward No. 30.",3132709.0,INR,INR,2021-11-24 10:16:10+00:00,2021-11-23T09:52:04.652000+00:00,2022-05-09T08:30:29+00:00,Sri Ramswarup Prasad,"EE, Water Supply Division, PMC, Patna","Water Supply Division, Patna Municipal Corporation, Patna","Patna Water Board, Road No 02, Miller High School, Beer Chand Patel Path, Patna",Sri Ramswarup Prasad,"EE, Water Supply Division, PMC, Patna","Water Supply Division, Patna Municipal Corporation, Patna",62700.0,5000.0,590.0
15809,48/PR/BSPTCL/2021,Insurance Coverage of Assets and properties of Bihar State Power Transmission Company Ltd.,Insurance Coverage of Assets and properties of Bihar State Power Transmission Company Ltd.,0.0,INR,INR,2021-11-24 13:39:07+00:00,2021-11-23T12:42:52.520000+00:00,2022-07-22T10:31:54+00:00,MADHU PRIYA,ELECTRICAL EXECUTIVE ENGINEER,BSPTCL,VIDYUT BHAWAN PATNA,AMAR KUMAR MISHRA,ESE,BSPTCL,,11800.0,590.0
15806,"PNP/NIT-02/2021-22,-GR04",Construction of Paver Block in ward no-03 from Parma singh mil to Sukhdev Singh house.,Construction of Paver Block in ward no-03 from Parma singh mil to Sukhdev Singh house.,656800.0,INR,INR,2021-11-23 11:23:11+00:00,2021-11-23T11:20:32.724000+00:00,2021-12-13T07:53:48+00:00,KISHORE KUNAL,EXECUTIVE OFFICER,NAGAR PANCHAYAT PARSA BAZAR (UDHD),NAGAR PANCHAYAT PARSA BAZAR SARAN,Mr. Kishore Kunal,EXECUTIVE OFFICER,NAGAR PANCHAYAT PARSA BAZAR SARAN,13200.0,1250.0,590.0
15816,NIT-44/2021-22/GR-05,"GROUP NO.- 05 Name of Work :- Construction of Road and Drain from the house of Shankar Ram to Shatrughna Ram house, Baidyanath Ram to Chchitneshwar Ram house. Manoj Ram to Satto Ram house, Ram Pd. Sahani to Harihar Sahani house, Ganga Sahani to Baidyanath Sahani house, Ram briksh Sahani to Satya Nr. Sahani house. Our Prakash Bari to Kailash Bari. house and Binod Bari to Dinesh Bari house in Mohalla - Chunabhatti in w.no.-14.","GROUP NO.- 05 Name of Work :- Construction of Road and Drain from the house of Shankar Ram to Shatrughna Ram house, Baidyanath Ram to Chchitneshwar Ram house. Manoj Ram to Satto Ram house, Ram Pd. Sahani to Harihar Sahani house, Ganga Sahani to Baidyanath Sahani house, Ram briksh Sahani to Satya Nr. Sahani house. Our Prakash Bari to Kailash Bari. house and Binod Bari to Dinesh Bari house in Mohalla - Chunabhatti in w.no.-14.",1135100.0,INR,INR,2021-11-24 06:17:16+00:00,2021-11-24T05:23:18.906000+00:00,2021-12-02T09:31:00+00:00,SOMESH BAHADUR MATHUR,Municipal Commissioner Begusarai,"BEGUSARAI Municipal Corporation, BEGUSARAI","SRI KRISHNA SINGH CHOWK,",Manesh Kumar Meena,Municipal Commissioner,"Darbhanga Municipal Corporation, Darbhanga",22750.0,2500.0,590.0
15814,NIT-44/2021-22/GR-03,"GROUP NO.- 03 Name of Work :-  Improvement of road from North side of Sri Kamalanand Jha house upto Nandan Paswan house via Vinay Ram house, Manoj Paswan to Raju Paswan house via Kishun Paswan house, Prem Paswan to Laxman Paswan house near Rack Point & In the back of Ara Mill Gali in Beladullah in ward no.-03.","GROUP NO.- 03 Name of Work :-  Improvement of road from North side of Sri Kamalanand Jha house upto Nandan Paswan house via Vinay Ram house, Manoj Paswan to Raju Paswan house via Kishun Paswan house, Prem Paswan to Laxman Paswan house near Rack Point & In the back of Ara Mill Gali in Beladullah in ward no.-03.",1199400.0,INR,INR,2021-11-24 06:04:46+00:00,2021-11-24T05:22:29.496000+00:00,2021-12-02T09:31:00+00:00,SOMESH BAHADUR MATHUR,Municipal Commissioner Begusarai,"BEGUSARAI Municipal Corporation, BEGUSARAI","SRI KRISHNA SINGH CHOWK,",Manesh Kumar Meena,Municipal Commissioner,"Darbhanga Municipal Corporation, Darbhanga",24000.0,2500.0,590.0
15811,NIT-43/2021-22/GR-02,"GROUP-2   Name of work    :-  Construction of Vehicle Shade at G.N. Gunj Pasu Pathak Campus under Darbhanga Municipal Corporation, Darbhanga.","GROUP-2   Name of work    :-  Construction of Vehicle Shade at G.N. Gunj Pasu Pathak Campus under Darbhanga Municipal Corporation, Darbhanga.",3107500.0,INR,INR,2021-11-24 05:43:11+00:00,2021-11-24T05:08:54.922000+00:00,2022-07-21T10:12:43+00:00,SOMESH BAHADUR MATHUR,Municipal Commissioner Begusarai,"BEGUSARAI Municipal Corporation, BEGUSARAI","SRI KRISHNA SINGH CHOWK,",Manesh Kumar Meena,Municipal Commissioner,"Darbhanga Municipal Corporation, Darbhanga",62200.0,5000.0,590.0
15813,NIT-44/2021-22/GR-02,"GROUP NO.- 02 Name of Work :-  Construction of road from Ram Brivsh Mahto to Nand Kishore Thakur house, Laxman Mahto to Garbhu Mahto house is koyari Tola, Chchathi Pokhar Campus upto Gayatri Mandir & Vijay Mallik to Councellor house, Main Road to Public School is Bhatiya Pokhar north side & Drain with road from Jitendra Sharma to Ram Padarath Thakur house main road Rajesh Thakur to Ram Nagina Thakur house & Slal over existing drain from councellor house to Anganwari Kendra (Part) in ward no.-02.","GROUP NO.- 02 Name of Work :-  Construction of road from Ram Brivsh Mahto to Nand Kishore Thakur house, Laxman Mahto to Garbhu Mahto house is koyari Tola, Chchathi Pokhar Campus upto Gayatri Mandir & Vijay Mallik to Councellor house, Main Road to Public School is Bhatiya Pokhar north side & Drain with road from Jitendra Sharma to Ram Padarath Thakur house main road Rajesh Thakur to Ram Nagina Thakur house & Slal over existing drain from councellor house to Anganwari Kendra (Part) in ward no.-02.",1206400.0,INR,INR,2021-11-24 05:59:46+00:00,2021-11-24T05:21:46.343000+00:00,2021-12-02T09:31:00+00:00,SOMESH BAHADUR MATHUR,Municipal Commissioner Begusarai,"BEGUSARAI Municipal Corporation, BEGUSARAI","SRI KRISHNA SINGH CHOWK,",Manesh Kumar Meena,Municipal Commissioner,"Darbhanga Municipal Corporation, Darbhanga",24150.0,2500.0,590.0
15815,NIT-44/2021-22/GR-04,"GROUP NO.- 04 Name of Work :- Construction of Road and Drain from Vasim Raza to Raishur Rahman & Hashan Akhatar house, Shyamli Haldhar to Shishir Hukharjee house Southern Gali of Danbi Road, Vikash Kr. Poddar to Akhilesh Kr. Chy house, Bansidhar Balu Gali (Appax Dera), Sushil Thakur Gali and Drain from Deepak Sah to Dr. R.K. Mishra house in w.no.-12.","GROUP NO.- 04 Name of Work :- Construction of Road and Drain from Vasim Raza to Raishur Rahman & Hashan Akhatar house, Shyamli Haldhar to Shishir Hukharjee house Southern Gali of Danbi Road, Vikash Kr. Poddar to Akhilesh Kr. Chy house, Bansidhar Balu Gali (Appax Dera), Sushil Thakur Gali and Drain from Deepak Sah to Dr. R.K. Mishra house in w.no.-12.",1216800.0,INR,INR,2021-11-24 06:11:08+00:00,2021-11-24T05:22:54.881000+00:00,2021-12-11T09:18:33+00:00,SOMESH BAHADUR MATHUR,Municipal Commissioner Begusarai,"BEGUSARAI Municipal Corporation, BEGUSARAI","SRI KRISHNA SINGH CHOWK,",Manesh Kumar Meena,Municipal Commissioner,"Darbhanga Municipal Corporation, Darbhanga",24400.0,2500.0,590.0
15819,NIT-44/2021-22/GR-08,GROUP NO.- 08 Name of Work :-  Construction of Retaining Wall with PCC road & RCC drain situated north Bhinda of Katraihiya Pokhar near Katrhihiya Maszid in ward no.-17.,GROUP NO.- 08 Name of Work :-  Construction of Retaining Wall with PCC road & RCC drain situated north Bhinda of Katraihiya Pokhar near Katrhihiya Maszid in ward no.-17.,1160000.0,INR,INR,2021-11-24 06:34:25+00:00,2021-11-24T05:25:39.504000+00:00,2021-12-02T09:31:00+00:00,SOMESH BAHADUR MATHUR,Municipal Commissioner Begusarai,"BEGUSARAI Municipal Corporation, BEGUSARAI","SRI KRISHNA SINGH CHOWK,",Manesh Kumar Meena,Municipal Commissioner,"Darbhanga Municipal Corporation, Darbhanga",23200.0,2500.0,590.0
15810,NIT-43/2021-22/GR-01,GROUP-1   Name of work    :-   Construction of building in Godown Campus of Darbhanga Municipal Corporation with Construction of Vehicle Stand within Godown Campus.,GROUP-1   Name of work    :-   Construction of building in Godown Campus of Darbhanga Municipal Corporation with Construction of Vehicle Stand within Godown Campus.,4856000.0,INR,INR,2021-11-24 05:39:41+00:00,2021-11-24T05:08:21.464000+00:00,2022-07-13T08:53:14+00:00,SOMESH BAHADUR MATHUR,Municipal Commissioner Begusarai,"BEGUSARAI Municipal Corporation, BEGUSARAI","SRI KRISHNA SINGH CHOWK,",Manesh Kumar Meena,Municipal Commissioner,"Darbhanga Municipal Corporation, Darbhanga",97200.0,5000.0,590.0
15812,NIT-44/2021-22/GR-01,GROUP NO.- 01 Name of Work :-  Improvement of road from the house of sri Navin Yadav house to Mohan Paswan house is Alinagar and Dih main road near Amin Saheb house upto Imam Saheb house and Green land Public School to PWD road near Kalpana Cinema in Ward No. -01.,GROUP NO.- 01 Name of Work :-  Improvement of road from the house of sri Navin Yadav house to Mohan Paswan house is Alinagar and Dih main road near Amin Saheb house upto Imam Saheb house and Green land Public School to PWD road near Kalpana Cinema in Ward No. -01.,1581000.0,INR,INR,2021-11-24 05:53:23+00:00,2021-11-24T05:20:13.140000+00:00,2021-12-02T09:31:00+00:00,SOMESH BAHADUR MATHUR,Municipal Commissioner Begusarai,"BEGUSARAI Municipal Corporation, BEGUSARAI","SRI KRISHNA SINGH CHOWK,",Manesh Kumar Meena,Municipal Commissioner,"Darbhanga Municipal Corporation, Darbhanga",31650.0,5000.0,590.0
15818,NIT-44/2021-22/GR-07,GROUP NO.- 07 Name of Work :-  A. construction of PCC road from the house of Sri Ashok Thakur to the house of Sri Lakshmi Thakur in Moh.-Raj Kumar Singh in w.no.-19. B. Const. of PCC road from Bandhan General Store to the house of Pankaj Mehra in Moh.-Raj kumar ganj with part RCC drain. C. Const. of RCC drain from Aagan Badi Kendra to the house of Bose in Moh.-Raj kumar ganj. D. Const. of RCC drain from Electric Shop of Ashish Puddar to the house of Sri Mahesh Poddar in w.no.-19 in Mirzapur Road.,GROUP NO.- 07 Name of Work :-  A. construction of PCC road from the house of Sri Ashok Thakur to the house of Sri Lakshmi Thakur in Moh.-Raj Kumar Singh in w.no.-19. B. Const. of PCC road from Bandhan General Store to the house of Pankaj Mehra in Moh.-Raj kumar ganj with part RCC drain. C. Const. of RCC drain from Aagan Badi Kendra to the house of Bose in Moh.-Raj kumar ganj. D. Const. of RCC drain from Electric Shop of Ashish Puddar to the house of Sri Mahesh Poddar in w.no.-19 in Mirzapur Road.,1372500.0,INR,INR,2021-11-24 06:29:27+00:00,2021-11-24T05:24:34.890000+00:00,2021-12-02T09:31:00+00:00,SOMESH BAHADUR MATHUR,Municipal Commissioner Begusarai,"BEGUSARAI Municipal Corporation, BEGUSARAI","SRI KRISHNA SINGH CHOWK,",Manesh Kumar Meena,Municipal Commissioner,"Darbhanga Municipal Corporation, Darbhanga",27450.0,2500.0,590.0
15820,NIT-44/2021-22/GR-09,GROUP NO.- 09 Name of Work :-  construction of Shauchalaya Complex (4 Unit W/C for Male and one Unit W/C and one Bath Room for Female) Nearest in J.P.Chowk in Ward No.-16.,GROUP NO.- 09 Name of Work :-  construction of Shauchalaya Complex (4 Unit W/C for Male and one Unit W/C and one Bath Room for Female) Nearest in J.P.Chowk in Ward No.-16.,485800.0,INR,INR,2021-11-24 06:53:50+00:00,2021-11-24T05:27:58.477000+00:00,2021-12-02T09:31:00+00:00,SOMESH BAHADUR MATHUR,Municipal Commissioner Begusarai,"BEGUSARAI Municipal Corporation, BEGUSARAI","SRI KRISHNA SINGH CHOWK,",Manesh Kumar Meena,Municipal Commissioner,"Darbhanga Municipal Corporation, Darbhanga",9750.0,750.0,590.0
15817,NIT-44/2021-22/GR-06,GROUP NO.- 06 Name of Work :-  A. Construction of PCC road with RCC drain with Cover from the house of Honrible Concellor to the house of Sri Chunchun Sahni in Mohalla Donar. B. Const. of RCC drain with cover from the house of Raju Sah to the house of Sri SarSar paswan western side of Petrol pump moh.donar. C. Const. of RCC drain with cover from the house of ottm Sah to Donar chowk. D. Const. of RCC drain with RCC Cover from the house of Babloo Mandal to theh ouse of Sri Ashok Choudhary in moh.-donar in ward no.-17.,GROUP NO.- 06 Name of Work :-  A. Construction of PCC road with RCC drain with Cover from the house of Honrible Concellor to the house of Sri Chunchun Sahni in Mohalla Donar. B. Const. of RCC drain with cover from the house of Raju Sah to the house of Sri SarSar paswan western side of Petrol pump moh.donar. C. Const. of RCC drain with cover from the house of ottm Sah to Donar chowk. D. Const. of RCC drain with RCC Cover from the house of Babloo Mandal to theh ouse of Sri Ashok Choudhary in moh.-donar in ward no.-17.,1369500.0,INR,INR,2021-11-24 06:22:56+00:00,2021-11-24T05:23:49.613000+00:00,2021-12-02T09:31:00+00:00,SOMESH BAHADUR MATHUR,Municipal Commissioner Begusarai,"BEGUSARAI Municipal Corporation, BEGUSARAI","SRI KRISHNA SINGH CHOWK,",Manesh Kumar Meena,Municipal Commissioner,"Darbhanga Municipal Corporation, Darbhanga",27400.0,2500.0,590.0
15823,NIT No.-45/2021-22/GR-01,GROUP :-1 Name of Work :- Construction of Drain 1 In Alinagar from Shatrughna Bhandari house to kalpana cinema via dih bishanpur in part length upto alinagar more 2 Road with drain from alafganj masjid belal house to main road via moti house 3 road with drain from alafganj engineer mahfoos house to main road via abdul rauf house and 4 road and drain in alinagar ansar house to main road via khan saheb house in ward no 01,GROUP :-1 Name of Work :- Construction of Drain 1 In Alinagar from Shatrughna Bhandari house to kalpana cinema via dih bishanpur in part length upto alinagar more 2 Road with drain from alafganj masjid belal house to main road via moti house 3 road with drain from alafganj engineer mahfoos house to main road via abdul rauf house and 4 road and drain in alinagar ansar house to main road via khan saheb house in ward no 01,2500000.0,INR,INR,2021-11-24 07:12:02+00:00,2021-11-24T06:59:00.106000+00:00,2021-12-02T09:31:00+00:00,SOMESH BAHADUR MATHUR,Municipal Commissioner Begusarai,"BEGUSARAI Municipal Corporation, BEGUSARAI","SRI KRISHNA SINGH CHOWK,",Manesh Kumar Meena,Municipal Commissioner,"Darbhanga Municipal Corporation, Darbhanga",50000.0,5000.0,590.0
15822,NIT-07/2021-22,"Deployment of labor for a period of six months for Rural piped water/ Ward level schemes Under ""HAR GHAR NAL KA KAL YOJNA""  Darbhanga district YEAR 2020-21.","Deployment of labor for a period of six months for Rural piped water/ Ward level schemes Under ""HAR GHAR NAL KA KAL YOJNA""  Darbhanga district YEAR 2020-21.",664500.0,INR,INR,2021-11-24 07:42:32+00:00,2021-11-24T06:47:30.604000+00:00,2021-12-09T07:43:31+00:00,DILEEP KUMAR CHOUDHARY,EE,PHED Darbhanga,Phed Darbhanga,Manoj Kumar,SE,Public Health Engineering Dept,13500.0,1250.0,590.0
15827,NIT-45/2021-22/GR-05,GROUP NO.- 05 Name of Work :- Construction of Drain 1 From Gandhi Chowk to Kadirabad Chowk via Neem Chowk Part 2 From Naka no 02 to Naka no 02 via Deepak Kumar Ram Avtar Purbey Raju Agrawal Shauchalaya and vijay yadav house and 3 Kadirabad chowk to pradeep sha house via mahesh prasad house in ward no 07,GROUP NO.- 05 Name of Work :- Construction of Drain 1 From Gandhi Chowk to Kadirabad Chowk via Neem Chowk Part 2 From Naka no 02 to Naka no 02 via Deepak Kumar Ram Avtar Purbey Raju Agrawal Shauchalaya and vijay yadav house and 3 Kadirabad chowk to pradeep sha house via mahesh prasad house in ward no 07,2500000.0,INR,INR,2021-11-24 07:35:19+00:00,2021-11-24T07:03:23.856000+00:00,2021-12-02T09:31:00+00:00,SOMESH BAHADUR MATHUR,Municipal Commissioner Begusarai,"BEGUSARAI Municipal Corporation, BEGUSARAI","SRI KRISHNA SINGH CHOWK,",Manesh Kumar Meena,Municipal Commissioner,"Darbhanga Municipal Corporation, Darbhanga",50000.0,5000.0,590.0
15826,NIT-45/2021-22/GR-04,GROUP-04 Name of Work :- Construction of 1 Drain in Part length by the side of Dih Bishanpur Road 2 Road with part drain from dih Bishanpur main road to brahmasthan via awani kumar house and 3 Road with Drain from Junjhun jha house to vinit lal das house in ward no 04,GROUP-04 Name of Work :- Construction of 1 Drain in Part length by the side of Dih Bishanpur Road 2 Road with part drain from dih Bishanpur main road to brahmasthan via awani kumar house and 3 Road with Drain from Junjhun jha house to vinit lal das house in ward no 04,2498900.0,INR,INR,2021-11-24 07:30:35+00:00,2021-11-24T07:02:46.960000+00:00,2021-12-02T09:31:00+00:00,SOMESH BAHADUR MATHUR,Municipal Commissioner Begusarai,"BEGUSARAI Municipal Corporation, BEGUSARAI","SRI KRISHNA SINGH CHOWK,",Manesh Kumar Meena,Municipal Commissioner,"Darbhanga Municipal Corporation, Darbhanga",50000.0,5000.0,590.0
15824,NIT-45/2021-22/GR-02,GROUP-02 Name of Work :- Construction of 1 Road from Nandan lal das house to nageshwar lal das house 2 Road from mithun paswan house to anganbari kendra in paswan tola 3 Road from uday lal sas house to madan lal das house 4 Road from kanhaiya lal das house to suman jha house 5 Road with drain from mohan yadav house to bhawesh thakur house 6 Road with drain from bhawesh thakur house 6 road with drain from bhawesh thakur house to durganand jha house 7 Road from shivji das house to shailendra sah house and 8 Drain from shivji das house to lalita niwas in ward no 02,GROUP-02 Name of Work :- Construction of 1 Road from Nandan lal das house to nageshwar lal das house 2 Road from mithun paswan house to anganbari kendra in paswan tola 3 Road from uday lal sas house to madan lal das house 4 Road from kanhaiya lal das house to suman jha house 5 Road with drain from mohan yadav house to bhawesh thakur house 6 Road with drain from bhawesh thakur house 6 road with drain from bhawesh thakur house to durganand jha house 7 Road from shivji das house to shailendra sah house and 8 Drain from shivji das house to lalita niwas in ward no 02,2497800.0,INR,INR,2021-11-24 07:17:53+00:00,2021-11-24T07:01:49.147000+00:00,2021-12-02T09:31:00+00:00,SOMESH BAHADUR MATHUR,Municipal Commissioner Begusarai,"BEGUSARAI Municipal Corporation, BEGUSARAI","SRI KRISHNA SINGH CHOWK,",Manesh Kumar Meena,Municipal Commissioner,"Darbhanga Municipal Corporation, Darbhanga",50000.0,5000.0,590.0
15830,NIT-45/2021-22/GR-08,GROUP NO.- 08 Name of Work :-  (i) Construction of Pcc Road & RCC Drain with Cover from Dr. Jagadish Jha to V.I.P Road Hanuman Mandir Via Benta School & Dr. R. Satyawati Clinic (Part-IV) (Remaining Portion) (ii) Construction of Retaining Wall on the bank of Madmadiye Pokhar & Construction of P.C.C Road and R.C.C Drain with Cover from the house of Gope Yadav to Transformer Via chouraha. (Part-1st),GROUP NO.- 08 Name of Work :-  (i) Construction of Pcc Road & RCC Drain with Cover from Dr. Jagadish Jha to V.I.P Road Hanuman Mandir Via Benta School & Dr. R. Satyawati Clinic (Part-IV) (Remaining Portion) (ii) Construction of Retaining Wall on the bank of Madmadiye Pokhar & Construction of P.C.C Road and R.C.C Drain with Cover from the house of Gope Yadav to Transformer Via chouraha. (Part-1st),1225000.0,INR,INR,2021-11-24 08:12:24+00:00,2021-11-24T07:05:40.030000+00:00,2021-12-02T09:31:00+00:00,SOMESH BAHADUR MATHUR,Municipal Commissioner Begusarai,"BEGUSARAI Municipal Corporation, BEGUSARAI","SRI KRISHNA SINGH CHOWK,",Manesh Kumar Meena,Municipal Commissioner,"Darbhanga Municipal Corporation, Darbhanga",24500.0,2500.0,590.0
15828,NIT-45/2021-22/GR-06,"GROUP NO.- 06 Name of Work :-  Const. of road from Manish Gupta to Amareshwari Charan Sinha house Const. of drain from o.p. sharma to krishna Agrawal house, sita babu Gali, Mithilesh Sah to Binod Pandit house, Gopal Thakur to Suresh Mahto house, Baidyanath Roy to Anil Ram house & Raj kr. Master to Moti Ram house in ward no.-11.","GROUP NO.- 06 Name of Work :-  Const. of road from Manish Gupta to Amareshwari Charan Sinha house Const. of drain from o.p. sharma to krishna Agrawal house, sita babu Gali, Mithilesh Sah to Binod Pandit house, Gopal Thakur to Suresh Mahto house, Baidyanath Roy to Anil Ram house & Raj kr. Master to Moti Ram house in ward no.-11.",1820000.0,INR,INR,2021-11-24 07:55:23+00:00,2021-11-24T07:04:56.952000+00:00,2021-12-02T09:31:00+00:00,SOMESH BAHADUR MATHUR,Municipal Commissioner Begusarai,"BEGUSARAI Municipal Corporation, BEGUSARAI","SRI KRISHNA SINGH CHOWK,",Manesh Kumar Meena,Municipal Commissioner,"Darbhanga Municipal Corporation, Darbhanga",36400.0,5000.0,590.0
15837,20/E/WSD/2021/PMC/15,"Missing pipe line in Nand Nagar Colony, Saidpur Nahar Road to Sauchalay to Balram Das House at Ward No. 48.","Missing pipe line in Nand Nagar Colony, Saidpur Nahar Road to Sauchalay to Balram Das House at Ward No. 48.",489100.0,INR,INR,2021-11-24 10:46:00+00:00,2021-11-24T09:26:36.975000+00:00,2021-12-10T09:17:53+00:00,Sri Ramswarup Prasad,"EE, Water Supply Division, PMC, Patna","Water Supply Division, Patna Municipal Corporation, Patna","Patna Water Board, Road No 02, Miller High School, Beer Chand Patel Path, Patna",Sri Ramswarup Prasad,"EE, Water Supply Division, PMC, Patna","Water Supply Division, Patna Municipal Corporation, Patna",9800.0,750.0,590.0
15834,NIT-16/E/PATLIPUTRA/2021 Gr-01,REPAIR OF MANHOLE IN DIFFERENT PALACES IN WARD 22 OF PATLIPUTRA DIVISON UNDER PATLIPUTRA CIRCLE,REPAIR OF MANHOLE IN DIFFERENT PALACES IN WARD 22 OF PATLIPUTRA DIVISON UNDER PATLIPUTRA CIRCLE,315700.0,INR,INR,2021-11-24 09:55:33+00:00,2021-11-24T08:55:26.093000+00:00,2022-06-13T06:18:45+00:00,"Aashish Prasad, Executive Engineer",EE,Patliputra Division,Sahdev Matho Marg sk puri park patna,"Aashish Prasad,EXECUETIVE ENGINEER",EE,Patliputra Division,6400.0,750.0,590.0
15835,20/E/WSD/2021/PMC/13,Missing pipe line in Ashok Nagar Manokamna Mandir to South Sri Raj Kumar Jee House to Brahamdeo Singh to Ram Chandra Prasad at Ward No. 32.,Missing pipe line in Ashok Nagar Manokamna Mandir to South Sri Raj Kumar Jee House to Brahamdeo Singh to Ram Chandra Prasad at Ward No. 32.,315980.0,INR,INR,2021-11-24 10:40:54+00:00,2021-11-24T09:11:27.771000+00:00,2022-03-08T11:02:30+00:00,Sri Ramswarup Prasad,"EE, Water Supply Division, PMC, Patna","Water Supply Division, Patna Municipal Corporation, Patna","Patna Water Board, Road No 02, Miller High School, Beer Chand Patel Path, Patna",Sri Ramswarup Prasad,"EE, Water Supply Division, PMC, Patna","Water Supply Division, Patna Municipal Corporation, Patna",6500.0,750.0,590.0
15829,NIT-45/2021-22/GR-07,GROUP NO.- 07 Name of Work :-   Construction of 1 Road and Drain from Janak Paswan house to Mahendra Paswan house and 2 Drain from Shashtrinagar Shambhu Paswan house to J P Chwok in ward no 16,GROUP NO.- 07 Name of Work :-   Construction of 1 Road and Drain from Janak Paswan house to Mahendra Paswan house and 2 Drain from Shashtrinagar Shambhu Paswan house to J P Chwok in ward no 16,380000.0,INR,INR,2021-11-24 08:05:49+00:00,2021-11-24T07:05:19.136000+00:00,2021-12-02T09:31:00+00:00,SOMESH BAHADUR MATHUR,Municipal Commissioner Begusarai,"BEGUSARAI Municipal Corporation, BEGUSARAI","SRI KRISHNA SINGH CHOWK,",Manesh Kumar Meena,Municipal Commissioner,"Darbhanga Municipal Corporation, Darbhanga",7600.0,750.0,590.0
15831,NIT-45/2021-22/GR-09,GROUP NO.- 09 Name of Work :- 1 Construction of Drain from the house of Ram Chandra Mandal upto Back side of Shiv Shankar Thakur via the house of Bhagwan devi 2 Const of Drain in Mohalla Karamganj from the house of Shahid Babu upto Masjid 3 Const of Drain in Mohalla Imambari from Ram Janka Mandir upto Lt Harihar Mandal 4 Raising of Road from the house of Ramashish Rakesh upto Milan Kant dutta via Bhagwan devi in w no 37,GROUP NO.- 09 Name of Work :- 1 Construction of Drain from the house of Ram Chandra Mandal upto Back side of Shiv Shankar Thakur via the house of Bhagwan devi 2 Const of Drain in Mohalla Karamganj from the house of Shahid Babu upto Masjid 3 Const of Drain in Mohalla Imambari from Ram Janka Mandir upto Lt Harihar Mandal 4 Raising of Road from the house of Ramashish Rakesh upto Milan Kant dutta via Bhagwan devi in w no 37,2335000.0,INR,INR,2021-11-24 08:17:00+00:00,2021-11-24T07:06:09.592000+00:00,2021-12-02T09:31:00+00:00,SOMESH BAHADUR MATHUR,Municipal Commissioner Begusarai,"BEGUSARAI Municipal Corporation, BEGUSARAI","SRI KRISHNA SINGH CHOWK,",Manesh Kumar Meena,Municipal Commissioner,"Darbhanga Municipal Corporation, Darbhanga",46700.0,5000.0,590.0
15838,20/E/WSD/2021/PMC/16,"Laying HDPE pipe line in Bhikhachak, Naya Tola, Mukhiya Jee House to Ram Madan House at Ward No. 13.","Laying HDPE pipe line in Bhikhachak, Naya Tola, Mukhiya Jee House to Ram Madan House at Ward No. 13.",4066430.0,INR,INR,2021-11-24 10:48:32+00:00,2021-11-24T09:34:17.497000+00:00,2022-03-07T10:47:46+00:00,Sri Ramswarup Prasad,"EE, Water Supply Division, PMC, Patna","Water Supply Division, Patna Municipal Corporation, Patna","Patna Water Board, Road No 02, Miller High School, Beer Chand Patel Path, Patna",Sri Ramswarup Prasad,"EE, Water Supply Division, PMC, Patna","Water Supply Division, Patna Municipal Corporation, Patna",81400.0,5000.0,590.0
15825,NIT-45/2021-22/GR-03,GROUP-03 Name of Work :- Construction of 1 Drain from Nunu chy house to Jagannath Thakur house in bela dulla 2 Road with drain from umesh thakur house to sattan thakur house in bela dulla 3 Road with drain from ajay bhagat house to vijay yadav house in belashankar 4 Soling road from baidyanath thakur house to tuntun sah house via bhadai sah house in bela shankar part 5 Road with drain from bachcha yadav house to Heman Das house via Mahadev Pandit house &Link road jai Krishna jha house to Radha devi house in bela shankar ward no 03,GROUP-03 Name of Work :- Construction of 1 Drain from Nunu chy house to Jagannath Thakur house in bela dulla 2 Road with drain from umesh thakur house to sattan thakur house in bela dulla 3 Road with drain from ajay bhagat house to vijay yadav house in belashankar 4 Soling road from baidyanath thakur house to tuntun sah house via bhadai sah house in bela shankar part 5 Road with drain from bachcha yadav house to Heman Das house via Mahadev Pandit house &Link road jai Krishna jha house to Radha devi house in bela shankar ward no 03,2500000.0,INR,INR,2021-11-24 07:25:01+00:00,2021-11-24T07:02:12.947000+00:00,2021-12-02T09:31:00+00:00,SOMESH BAHADUR MATHUR,Municipal Commissioner Begusarai,"BEGUSARAI Municipal Corporation, BEGUSARAI","SRI KRISHNA SINGH CHOWK,",Manesh Kumar Meena,Municipal Commissioner,"Darbhanga Municipal Corporation, Darbhanga",50000.0,5000.0,590.0
15833,NIT-45/2021-22/GR-10,GROUP NO.- 10 Name of Work :-  Construction of Drain in Road no 01 to Road no 04 in ward no 15,GROUP NO.- 10 Name of Work :-  Construction of Drain in Road no 01 to Road no 04 in ward no 15,2500000.0,INR,INR,2021-11-24 08:29:40+00:00,2021-11-24T08:19:29.032000+00:00,2022-07-05T09:39:33+00:00,SOMESH BAHADUR MATHUR,Municipal Commissioner Begusarai,"BEGUSARAI Municipal Corporation, BEGUSARAI","SRI KRISHNA SINGH CHOWK,",Manesh Kumar Meena,Municipal Commissioner,"Darbhanga Municipal Corporation, Darbhanga",50000.0,5000.0,590.0
15836,20/E/WSD/2021/PMC/14,"Laying water supply pipe line in Digha, Post Office Road, Chauraha Gali, Haripur Colony and house to house connection at Ward No. 01.","Laying water supply pipe line in Digha, Post Office Road, Chauraha Gali, Haripur Colony and house to house connection at Ward No. 01.",4251935.0,INR,INR,2021-11-24 10:43:00+00:00,2021-11-24T09:19:27.589000+00:00,2022-03-11T09:09:04+00:00,Sri Ramswarup Prasad,"EE, Water Supply Division, PMC, Patna","Water Supply Division, Patna Municipal Corporation, Patna","Patna Water Board, Road No 02, Miller High School, Beer Chand Patel Path, Patna",Sri Ramswarup Prasad,"EE, Water Supply Division, PMC, Patna","Water Supply Division, Patna Municipal Corporation, Patna",85100.0,5000.0,590.0
15842,NIT-16/E/PATLIPUTRA/2021 Gr-02,REPAIR OF MANHOLE IN DIFFERENT PALACES IN WARD 22 OF PATLIPUTRA DIVISON UNDER PATLIPUTRA CIRCLE,REPAIR OF MANHOLE IN DIFFERENT PALACES IN WARD 22 OF PATLIPUTRA DIVISON UNDER PATLIPUTRA CIRCLE,213700.0,INR,INR,2021-11-24 10:19:43+00:00,2021-11-24T10:12:38.551000+00:00,2022-06-13T06:19:45+00:00,"Aashish Prasad, Executive Engineer",EE,Patliputra Division,Sahdev Matho Marg sk puri park patna,"Aashish Prasad,EXECUETIVE ENGINEER",EE,Patliputra Division,4300.0,500.0,590.0
15845,NIT-16/E/PATLIPUTRA/2021 Gr-04,REPAIR OF MANHOLE IN DIFFERENT PALACES IN WARD 02 OF PATLIPUTRA DIVISON UNDER PATLIPUTRA CIRCLE,REPAIR OF MANHOLE IN DIFFERENT PALACES IN WARD 02 OF PATLIPUTRA DIVISON UNDER PATLIPUTRA CIRCLE,388200.0,INR,INR,2021-11-24 10:30:03+00:00,2021-11-24T10:25:31.055000+00:00,2022-02-24T08:34:16+00:00,"Aashish Prasad, Executive Engineer",EE,Patliputra Division,Sahdev Matho Marg sk puri park patna,"Aashish Prasad,EXECUETIVE ENGINEER",EE,Patliputra Division,7800.0,750.0,590.0
15844,NIT-16/E/PATLIPUTRA/2021 Gr-03,REPAIR OF MANHOLE IN DIFFERENT PALACES IN WARD 22 OF PATLIPUTRA DIVISON UNDER PATLIPUTRA CIRCLE.,REPAIR OF MANHOLE IN DIFFERENT PALACES IN WARD 22 OF PATLIPUTRA DIVISON UNDER PATLIPUTRA CIRCLE.,527600.0,INR,INR,2021-11-24 10:25:14+00:00,2021-11-24T10:20:05.879000+00:00,2022-06-13T06:21:02+00:00,"Aashish Prasad, Executive Engineer",EE,Patliputra Division,Sahdev Matho Marg sk puri park patna,"Aashish Prasad,EXECUETIVE ENGINEER",EE,Patliputra Division,10600.0,1250.0,590.0
15841,20/E/WSD/2021/PMC/19,"Missing pipe line in Sabzibagh, Durukhi Gali, Gulab Babu House to Late Shiv Narayan Jee to Jhabbu Lal Gate to Singh Travelers at Ward No. 42.","Missing pipe line in Sabzibagh, Durukhi Gali, Gulab Babu House to Late Shiv Narayan Jee to Jhabbu Lal Gate to Singh Travelers at Ward No. 42.",3301969.0,INR,INR,2021-11-24 11:00:39+00:00,2021-11-24T09:58:20.420000+00:00,2022-03-23T09:56:09+00:00,Sri Ramswarup Prasad,"EE, Water Supply Division, PMC, Patna","Water Supply Division, Patna Municipal Corporation, Patna","Patna Water Board, Road No 02, Miller High School, Beer Chand Patel Path, Patna",Sri Ramswarup Prasad,"EE, Water Supply Division, PMC, Patna","Water Supply Division, Patna Municipal Corporation, Patna",66100.0,5000.0,590.0
15840,20/E/WSD/2021/PMC/18,Missing pipe line and house to house connection in Daldali Road from Arya Hotel to Azam Construction to Nawal Kishore Road Corner at Ward No. 38.,Missing pipe line and house to house connection in Daldali Road from Arya Hotel to Azam Construction to Nawal Kishore Road Corner at Ward No. 38.,3749655.0,INR,INR,2021-11-24 10:53:48+00:00,2021-11-24T09:50:39.087000+00:00,2022-06-25T10:14:50+00:00,Sri Ramswarup Prasad,"EE, Water Supply Division, PMC, Patna","Water Supply Division, Patna Municipal Corporation, Patna","Patna Water Board, Road No 02, Miller High School, Beer Chand Patel Path, Patna",Sri Ramswarup Prasad,"EE, Water Supply Division, PMC, Patna","Water Supply Division, Patna Municipal Corporation, Patna",75000.0,5000.0,590.0
15848,NIT-16/E/PATLIPUTRA/2021 Gr-07,"REPAIR OF MANHOLE C.Pit In sidhheshwar Nagar, Devi Sthan, Nehru Nagar, mushhar tola, Mainpura Gali No-1,2&3 , Mainpura kumhar gali MainpuraInfront Of Murti MakanEtc In Ward-22C","REPAIR OF MANHOLE C.Pit In sidhheshwar Nagar, Devi Sthan, Nehru Nagar, mushhar tola, Mainpura Gali No-1,2&3 , Mainpura kumhar gali MainpuraInfront Of Murti MakanEtc In Ward-22C",447400.0,INR,INR,2021-11-24 10:43:02+00:00,2021-11-24T10:38:51.958000+00:00,2022-01-07T11:10:15+00:00,"Aashish Prasad, Executive Engineer",EE,Patliputra Division,Sahdev Matho Marg sk puri park patna,"Aashish Prasad,EXECUETIVE ENGINEER",EE,Patliputra Division,9000.0,750.0,590.0
15852,NIT-16/E/PATLIPUTRA/2021 Gr-11,Construction of u/g drain From Late Jafo Khan House to bablu Kirana In ward-05,Construction of u/g drain From Late Jafo Khan House to bablu Kirana In ward-05,284600.0,INR,INR,2021-11-24 11:03:06+00:00,2021-11-24T10:56:40.143000+00:00,2021-12-02T12:01:21+00:00,"Aashish Prasad, Executive Engineer",EE,Patliputra Division,Sahdev Matho Marg sk puri park patna,"Aashish Prasad,EXECUETIVE ENGINEER",EE,Patliputra Division,5700.0,500.0,590.0
15851,NIT-16/E/PATLIPUTRA/2021 Gr-10,Repairing Of Manhole In different Palaces In CDA Colony & Adarsh Colony n Ward-08 Of Patliputra Division,Repairing Of Manhole In different Palaces In CDA Colony & Adarsh Colony n Ward-08 Of Patliputra Division,240900.0,INR,INR,2021-11-24 10:56:24+00:00,2021-11-24T10:52:38.055000+00:00,2021-11-29T09:31:00+00:00,"Aashish Prasad, Executive Engineer",EE,Patliputra Division,Sahdev Matho Marg sk puri park patna,"Aashish Prasad,EXECUETIVE ENGINEER",EE,Patliputra Division,4900.0,500.0,590.0
15847,NIT-16/E/PATLIPUTRA/2021 Gr-06,"Repair Of Manhole, c.pit In Different Places Such As chandrakalay vastralay, Ashok Market, English Classes, Cement Shop,Fatigan singh,near H/o- Pankaj singh, Munna ji, Tiwary ji etc In Ward-07","Repair Of Manhole, c.pit In Different Places Such As chandrakalay vastralay, Ashok Market, English Classes, Cement Shop,Fatigan singh,near H/o- Pankaj singh, Munna ji, Tiwary ji etc In Ward-07",318600.0,INR,INR,2021-11-24 10:38:32+00:00,2021-11-24T10:34:55.917000+00:00,2022-01-05T12:07:16+00:00,"Aashish Prasad, Executive Engineer",EE,Patliputra Division,Sahdev Matho Marg sk puri park patna,"Aashish Prasad,EXECUETIVE ENGINEER",EE,Patliputra Division,6400.0,750.0,590.0
15850,NIT-16/E/PATLIPUTRA/2021 Gr-09,"Repairing Of Manhole In different Palaces In Wholesale Gali Such As Near Of Aryan Enterprisses, ganesh Kirana Store,Advance Nuro Hospital  Manjusha Apt. Kartik Kirana Etc. In Ward-25","Repairing Of Manhole In different Palaces In Wholesale Gali Such As Near Of Aryan Enterprisses, ganesh Kirana Store,Advance Nuro Hospital  Manjusha Apt. Kartik Kirana Etc. In Ward-25",641200.0,INR,INR,2021-11-24 10:52:22+00:00,2021-11-24T10:47:25.361000+00:00,2021-12-02T11:56:19+00:00,"Aashish Prasad, Executive Engineer",EE,Patliputra Division,Sahdev Matho Marg sk puri park patna,"Aashish Prasad,EXECUETIVE ENGINEER",EE,Patliputra Division,12900.0,1250.0,590.0
15854,NIT-16/E/PATLIPUTRA/2021 Gr-13,Construction of U/g Drain from C.B.S.E Office In Gupta Palces In Ward-05,Construction of U/g Drain from C.B.S.E Office In Gupta Palces In Ward-05,247000.0,INR,INR,2021-11-24 11:12:42+00:00,2021-11-24T11:08:42.914000+00:00,2021-12-02T12:10:32+00:00,"Aashish Prasad, Executive Engineer",EE,Patliputra Division,Sahdev Matho Marg sk puri park patna,"Aashish Prasad,EXECUETIVE ENGINEER",EE,Patliputra Division,5000.0,500.0,590.0
15849,NIT-16/E/PATLIPUTRA/2021 Gr-08,REPAIR OF MANHOLE IN DIFFERENT PALACES IN WARD 06 OF PATLIPUTRA DIVISON UNDER PATLIPUTRA CIRCLE,REPAIR OF MANHOLE IN DIFFERENT PALACES IN WARD 06 OF PATLIPUTRA DIVISON UNDER PATLIPUTRA CIRCLE,280900.0,INR,INR,2021-11-24 10:47:04+00:00,2021-11-24T10:43:24.533000+00:00,2022-02-10T07:26:36+00:00,"Aashish Prasad, Executive Engineer",EE,Patliputra Division,Sahdev Matho Marg sk puri park patna,"Aashish Prasad,EXECUETIVE ENGINEER",EE,Patliputra Division,5700.0,750.0,590.0
15853,NIT-16/E/PATLIPUTRA/2021 Gr-12,Repair Of Manhole In different Places In Nalkup road & Patel Nagar & Ganga Path In Ward-08,Repair Of Manhole In different Places In Nalkup road & Patel Nagar & Ganga Path In Ward-08,172800.0,INR,INR,2021-11-24 11:08:27+00:00,2021-11-24T11:03:38.850000+00:00,2021-11-29T09:31:00+00:00,"Aashish Prasad, Executive Engineer",EE,Patliputra Division,Sahdev Matho Marg sk puri park patna,"Aashish Prasad,EXECUETIVE ENGINEER",EE,Patliputra Division,3500.0,500.0,590.0
15861,NPDEHRI/NIT/10-2021-22,"All Sanitation Work ROAD SWEEPING, DRAINAGE CLEANING AGE CLEANING, DOOR TO DOOR COLLECTION AND TRANSPORTATION OF SE GREGATED SOLID WASTE AND PROCESSING OF SOL ID WASTE FROM WARD NO. 01 TO 20 NAGAR PARISHAD DEHRI-DALMIANAGAR","All Sanitation Work ROAD SWEEPING, DRAINAGE CLEANING AGE CLEANING, DOOR TO DOOR COLLECTION AND TRANSPORTATION OF SE GREGATED SOLID WASTE AND PROCESSING OF SOL ID WASTE FROM WARD NO. 01 TO 20 NAGAR PARISHAD DEHRI-DALMIANAGAR",0.0,INR,INR,2021-11-24 12:04:39+00:00,2021-11-24T11:37:18.576000+00:00,2022-03-24T05:35:06+00:00,"EXECUTIVE OFFICER, (DEHRI DALMIANAGAR)",EO,NAGAR PARISHAD DEHRI DALMIANAGAR,NAGAR PARISHAD DEHRI PANI TANKI,"EXECUTIVE OFFICER, (DEHRI DALMIANAGAR)",EO,NAGAR PARISHAD DEHRI DALMIANAGAR,100000.0,10000.0,590.0
15856,NIT-16/E/PATLIPUTRA/2021 Gr-15,REPAIR OF MANHOLE IN DIFFERENT PALACES IN WARD 06 OF PATLIPUTRA DIVISON UNDER PATLIPUTRA CIRCLE,REPAIR OF MANHOLE IN DIFFERENT PALACES IN WARD 06 OF PATLIPUTRA DIVISON UNDER PATLIPUTRA CIRCLE,334800.0,INR,INR,2021-11-24 11:23:22+00:00,2021-11-24T11:19:17.851000+00:00,2022-08-20T11:16:27+00:00,"Aashish Prasad, Executive Engineer",EE,Patliputra Division,Sahdev Matho Marg sk puri park patna,"Aashish Prasad,EXECUETIVE ENGINEER",EE,Patliputra Division,6700.0,750.0,590.0
15858,NIT-16/E/PATLIPUTRA/2021 Gr-16,REPAIR OF MANHOLE IN DIFFERENT PALACES IN WARD 07 OF PATLIPUTRA DIVISON UNDER PATLIPUTRA CIRCLE,REPAIR OF MANHOLE IN DIFFERENT PALACES IN WARD 07 OF PATLIPUTRA DIVISON UNDER PATLIPUTRA CIRCLE,409900.0,INR,INR,2021-11-24 11:30:15+00:00,2021-11-24T11:24:12.459000+00:00,2022-02-10T07:27:41+00:00,"Aashish Prasad, Executive Engineer",EE,Patliputra Division,Sahdev Matho Marg sk puri park patna,"Aashish Prasad,EXECUETIVE ENGINEER",EE,Patliputra Division,8200.0,750.0,590.0
15865,NIT-16/E/PATLIPUTRA/2021 Gr-22,Construction of U/G drain and PCC Road from Sunil  kumar house to Ram Pravase Singh house in ward  no-22A,Construction of U/G drain and PCC Road from Sunil  kumar house to Ram Pravase Singh house in ward  no-22A,182600.0,INR,INR,2021-11-24 11:55:41+00:00,2021-11-24T11:52:12.503000+00:00,2022-01-05T12:11:35+00:00,"Aashish Prasad, Executive Engineer",EE,Patliputra Division,Sahdev Matho Marg sk puri park patna,"Aashish Prasad,EXECUETIVE ENGINEER",EE,Patliputra Division,3700.0,500.0,590.0
15863,NIT-16/E/PATLIPUTRA/2021 Gr-20,Construction of U/G drain and PCC Road Ajit kumar  house to Govind Mahoth houns in ward no-22A,Construction of U/G drain and PCC Road Ajit kumar  house to Govind Mahoth houns in ward no-22A,208900.0,INR,INR,2021-11-24 11:47:14+00:00,2021-11-24T11:43:33.113000+00:00,2021-11-29T09:31:00+00:00,"Aashish Prasad, Executive Engineer",EE,Patliputra Division,Sahdev Matho Marg sk puri park patna,"Aashish Prasad,EXECUETIVE ENGINEER",EE,Patliputra Division,4200.0,500.0,590.0
15859,NIT-16/E/PATLIPUTRA/2021 Gr-17,REPAIR OF MANHOLE IN DIFFERENT PALACES IN WARD 02 OF PATLIPUTRA DIVISON UNDER PATLIPUTRA CIRCLE,REPAIR OF MANHOLE IN DIFFERENT PALACES IN WARD 02 OF PATLIPUTRA DIVISON UNDER PATLIPUTRA CIRCLE,394200.0,INR,INR,2021-11-24 11:34:16+00:00,2021-11-24T11:30:40.822000+00:00,2022-02-25T08:14:54+00:00,"Aashish Prasad, Executive Engineer",EE,Patliputra Division,Sahdev Matho Marg sk puri park patna,"Aashish Prasad,EXECUETIVE ENGINEER",EE,Patliputra Division,7900.0,750.0,590.0
15864,NIT-16/E/PATLIPUTRA/2021 Gr-21,Construction of U/G drain and PCC Road Gate No-83 Ram Prasad Singh house to Ray Nivas Prasad house  in ward no-22A,Construction of U/G drain and PCC Road Gate No-83 Ram Prasad Singh house to Ray Nivas Prasad house  in ward no-22A,186800.0,INR,INR,2021-11-24 11:51:21+00:00,2021-11-24T11:47:29.652000+00:00,2022-04-20T05:39:53+00:00,"Aashish Prasad, Executive Engineer",EE,Patliputra Division,Sahdev Matho Marg sk puri park patna,"Aashish Prasad,EXECUETIVE ENGINEER",EE,Patliputra Division,3800.0,500.0,590.0
15855,NIT-16/E/PATLIPUTRA/2021 Gr-14,REPAIR OF MANHOLE IN DIFFERENT PALACES IN WARD 23 OF PATLIPUTRA DIVISON UNDER PATLIPUTRA CIRCLE,REPAIR OF MANHOLE IN DIFFERENT PALACES IN WARD 23 OF PATLIPUTRA DIVISON UNDER PATLIPUTRA CIRCLE,411600.0,INR,INR,2021-11-24 11:17:30+00:00,2021-11-24T11:13:28.231000+00:00,2022-01-11T11:38:01+00:00,"Aashish Prasad, Executive Engineer",EE,Patliputra Division,Sahdev Matho Marg sk puri park patna,"Aashish Prasad,EXECUETIVE ENGINEER",EE,Patliputra Division,8300.0,750.0,590.0
15860,NIT-16/E/PATLIPUTRA/2021 Gr-18,REPAIR OF MANHOLE IN DIFFERENT PALACES IN WARD 22-B OF PATLIPUTRA DIVISON UNDER PATLIPUTRA CIRCLE,REPAIR OF MANHOLE IN DIFFERENT PALACES IN WARD 22-B OF PATLIPUTRA DIVISON UNDER PATLIPUTRA CIRCLE,378100.0,INR,INR,2021-11-24 11:38:07+00:00,2021-11-24T11:34:36.641000+00:00,2021-12-02T12:43:38+00:00,"Aashish Prasad, Executive Engineer",EE,Patliputra Division,Sahdev Matho Marg sk puri park patna,"Aashish Prasad,EXECUETIVE ENGINEER",EE,Patliputra Division,7600.0,750.0,590.0
15868,NPDEHRI/NIT/10-2021-22 GR-02,"All Sanitation Work ROAD SWEEPING, DRAINAGE CLEANING AGE CLEANING, DOOR TO DOOR COLLECTION AND TRANSPORTATION OF SE GREGATED SOLID WASTE AND PROCESSING OF SOL ID WASTE FROM WARD NO. 21 TO 39 NAGAR PARISHAD DEHRI-DALMIANAGAR","All Sanitation Work ROAD SWEEPING, DRAINAGE CLEANING AGE CLEANING, DOOR TO DOOR COLLECTION AND TRANSPORTATION OF SE GREGATED SOLID WASTE AND PROCESSING OF SOL ID WASTE FROM WARD NO. 21 TO 39 NAGAR PARISHAD DEHRI-DALMIANAGAR",0.0,INR,INR,2021-11-24 12:12:16+00:00,2021-11-24T12:05:02.397000+00:00,2022-03-24T05:32:28+00:00,"EXECUTIVE OFFICER, (DEHRI DALMIANAGAR)",EO,NAGAR PARISHAD DEHRI DALMIANAGAR,NAGAR PARISHAD DEHRI PANI TANKI,"EXECUTIVE OFFICER, (DEHRI DALMIANAGAR)",EO,NAGAR PARISHAD DEHRI DALMIANAGAR,100000.0,10000.0,590.0
15866,NIT-16/E/PATLIPUTRA/2021 Gr-23,Construction of U/G drain and PCC Road Maykal Samul Ji house to Sushila Nivas Rajiv Ranjan house  in ward no-22A,Construction of U/G drain and PCC Road Maykal Samul Ji house to Sushila Nivas Rajiv Ranjan house  in ward no-22A,858300.0,INR,INR,2021-11-24 12:00:50+00:00,2021-11-24T11:55:55.718000+00:00,2022-01-20T11:02:34+00:00,"Aashish Prasad, Executive Engineer",EE,Patliputra Division,Sahdev Matho Marg sk puri park patna,"Aashish Prasad,EXECUETIVE ENGINEER",EE,Patliputra Division,17200.0,1250.0,590.0
15867,NIT-16/E/PATLIPUTRA/2021 Gr-24,Construction of U/G drain and PCC Road Paray Lal Paswan to Nitesh kumar  in ward no-22A,Construction of U/G drain and PCC Road Paray Lal Paswan to Nitesh kumar  in ward no-22A,99000.0,INR,INR,2021-11-24 12:05:24+00:00,2021-11-24T12:01:10.291000+00:00,2021-11-29T09:31:00+00:00,"Aashish Prasad, Executive Engineer",EE,Patliputra Division,Sahdev Matho Marg sk puri park patna,"Aashish Prasad,EXECUETIVE ENGINEER",EE,Patliputra Division,2000.0,500.0,590.0
15869,NIT-16/E/PATLIPUTRA/2021 Gr-25,Construction of U/G drain and PCC Road from Sujit Matho house  to  ram Babu house in ward no-22A,Construction of U/G drain and PCC Road from Sujit Matho house  to  ram Babu house in ward no-22A,117000.0,INR,INR,2021-11-24 12:10:19+00:00,2021-11-24T12:07:16.420000+00:00,2021-11-29T09:31:00+00:00,"Aashish Prasad, Executive Engineer",EE,Patliputra Division,Sahdev Matho Marg sk puri park patna,"Aashish Prasad,EXECUETIVE ENGINEER",EE,Patliputra Division,2400.0,500.0,590.0
15878,NIT-16/E/PATLIPUTRA/2021 Gr-34,Construction of U/G drain and PCC Road from Badrudin Ahamd house to Irfhan Hak house in ward no-22A,Construction of U/G drain and PCC Road from Badrudin Ahamd house to Irfhan Hak house in ward no-22A,107100.0,INR,INR,2021-11-24 12:47:26+00:00,2021-11-24T12:43:41.231000+00:00,2021-11-29T09:31:00+00:00,"Aashish Prasad, Executive Engineer",EE,Patliputra Division,Sahdev Matho Marg sk puri park patna,"Aashish Prasad,EXECUETIVE ENGINEER",EE,Patliputra Division,2200.0,500.0,590.0
15875,NIT-16/E/PATLIPUTRA/2021 Gr-31,Construction of U/G drain and PCC Road from Rakesh Ji house to Chandra Mohan  Ji  house  in ward no-22A,Construction of U/G drain and PCC Road from Rakesh Ji house to Chandra Mohan  Ji  house  in ward no-22A,256700.0,INR,INR,2021-11-24 12:36:09+00:00,2021-11-24T12:32:21.277000+00:00,2022-01-05T12:12:33+00:00,"Aashish Prasad, Executive Engineer",EE,Patliputra Division,Sahdev Matho Marg sk puri park patna,"Aashish Prasad,EXECUETIVE ENGINEER",EE,Patliputra Division,5200.0,750.0,590.0
15882,NIT-16/E/PATLIPUTRA/2021 Gr-38,Construction of U/G drain and PCC Road from Raksha Chand Ji house to Ravi Ji house in ward no-22A,Construction of U/G drain and PCC Road from Raksha Chand Ji house to Ravi Ji house in ward no-22A,275000.0,INR,INR,2021-11-24 13:02:40+00:00,2021-11-24T12:58:33.590000+00:00,2022-01-05T12:09:45+00:00,"Aashish Prasad, Executive Engineer",EE,Patliputra Division,Sahdev Matho Marg sk puri park patna,"Aashish Prasad,EXECUETIVE ENGINEER",EE,Patliputra Division,5500.0,750.0,590.0
15877,NIT-16/E/PATLIPUTRA/2021 Gr-33,Construction of U/G drain and PCC Road from Narash Ray House to Rakesh Ray   house in ward no-22A,Construction of U/G drain and PCC Road from Narash Ray House to Rakesh Ray   house in ward no-22A,121100.0,INR,INR,2021-11-24 12:43:27+00:00,2021-11-24T12:40:12.521000+00:00,2022-01-05T12:08:28+00:00,"Aashish Prasad, Executive Engineer",EE,Patliputra Division,Sahdev Matho Marg sk puri park patna,"Aashish Prasad,EXECUETIVE ENGINEER",EE,Patliputra Division,2500.0,500.0,590.0
15883,NIT-16/E/PATLIPUTRA/2021 Gr-39,Construction of U/G drain and PCC Road from  Dharanjay Singh house to Deorath Ray house   in ward no-22A,Construction of U/G drain and PCC Road from  Dharanjay Singh house to Deorath Ray house   in ward no-22A,299800.0,INR,INR,2021-11-24 13:06:37+00:00,2021-11-24T13:02:57.036000+00:00,2022-01-17T08:48:14+00:00,"Aashish Prasad, Executive Engineer",EE,Patliputra Division,Sahdev Matho Marg sk puri park patna,"Aashish Prasad,EXECUETIVE ENGINEER",EE,Patliputra Division,6000.0,750.0,590.0
15880,NIT-16/E/PATLIPUTRA/2021 Gr-36,Construction of U/G drain and PCC Road from Pintu Ray house to Nahar   in ward no-22A,Construction of U/G drain and PCC Road from Pintu Ray house to Nahar   in ward no-22A,177000.0,INR,INR,2021-11-24 12:54:44+00:00,2021-11-24T12:51:18.164000+00:00,2021-11-29T09:31:00+00:00,"Aashish Prasad, Executive Engineer",EE,Patliputra Division,Sahdev Matho Marg sk puri park patna,"Aashish Prasad,EXECUETIVE ENGINEER",EE,Patliputra Division,3600.0,500.0,590.0
15879,NIT-16/E/PATLIPUTRA/2021 Gr-35,Construction of U/G drain and PCC Road from Shiv Mangal ji house to Susil Ji  house in ward no-22A,Construction of U/G drain and PCC Road from Shiv Mangal ji house to Susil Ji  house in ward no-22A,181500.0,INR,INR,2021-11-24 12:51:03+00:00,2021-11-24T12:47:40.739000+00:00,2022-01-17T08:54:58+00:00,"Aashish Prasad, Executive Engineer",EE,Patliputra Division,Sahdev Matho Marg sk puri park patna,"Aashish Prasad,EXECUETIVE ENGINEER",EE,Patliputra Division,3700.0,500.0,590.0
15874,NIT-16/E/PATLIPUTRA/2021 Gr-30,Construction of U/G drain and PCC Road from Rakesh Ji house to Jai Prakash Viskarma house  in ward no-22A,Construction of U/G drain and PCC Road from Rakesh Ji house to Jai Prakash Viskarma house  in ward no-22A,122500.0,INR,INR,2021-11-24 12:32:06+00:00,2021-11-24T12:28:25.374000+00:00,2021-11-29T09:31:00+00:00,"Aashish Prasad, Executive Engineer",EE,Patliputra Division,Sahdev Matho Marg sk puri park patna,"Aashish Prasad,EXECUETIVE ENGINEER",EE,Patliputra Division,2500.0,500.0,590.0
15884,NIT-16/E/PATLIPUTRA/2021 Gr-40,Construction of U/G drain and PCC Road from  Ramchandra Choudhary  to Maharj kumar house   in ward no-22A,Construction of U/G drain and PCC Road from  Ramchandra Choudhary  to Maharj kumar house   in ward no-22A,190500.0,INR,INR,2021-11-24 13:10:27+00:00,2021-11-24T13:06:51.676000+00:00,2021-11-29T09:31:00+00:00,"Aashish Prasad, Executive Engineer",EE,Patliputra Division,Sahdev Matho Marg sk puri park patna,"Aashish Prasad,EXECUETIVE ENGINEER",EE,Patliputra Division,3900.0,500.0,590.0
15885,NIT-16/E/PATLIPUTRA/2021 Gr-41,Construction of U/G drain and PCC Road from  Sashi Bhushan Tiwari Ji huouse Papu Singh to Jadish Bhawan   in ward no-22A,Construction of U/G drain and PCC Road from  Sashi Bhushan Tiwari Ji huouse Papu Singh to Jadish Bhawan   in ward no-22A,1648300.0,INR,INR,2021-11-24 13:16:07+00:00,2021-11-24T13:12:14.918000+00:00,2022-01-17T08:56:35+00:00,"Aashish Prasad, Executive Engineer",EE,Patliputra Division,Sahdev Matho Marg sk puri park patna,"Aashish Prasad,EXECUETIVE ENGINEER",EE,Patliputra Division,33000.0,5000.0,590.0
15887,NIT-16/E/PATLIPUTRA/2021 Gr-43,Construction of U/G drain and PCC Road from  Dwarika  Singh  housne to Anjany  Singh house   in ward no-22A,Construction of U/G drain and PCC Road from  Dwarika  Singh  housne to Anjany  Singh house   in ward no-22A,1024700.0,INR,INR,2021-11-24 13:23:42+00:00,2021-11-24T13:20:14.276000+00:00,2022-01-17T08:50:25+00:00,"Aashish Prasad, Executive Engineer",EE,Patliputra Division,Sahdev Matho Marg sk puri park patna,"Aashish Prasad,EXECUETIVE ENGINEER",EE,Patliputra Division,20500.0,2500.0,590.0
15873,NIT-16/E/PATLIPUTRA/2021 Gr-29,Construction of U/G drain and PCC Road from Lala  Matho house to Dayal Ray  house in ward no-22A,Construction of U/G drain and PCC Road from Lala  Matho house to Dayal Ray  house in ward no-22A,161600.0,INR,INR,2021-11-24 12:26:05+00:00,2021-11-24T12:21:50.834000+00:00,2022-01-05T12:13:42+00:00,"Aashish Prasad, Executive Engineer",EE,Patliputra Division,Sahdev Matho Marg sk puri park patna,"Aashish Prasad,EXECUETIVE ENGINEER",EE,Patliputra Division,3300.0,500.0,590.0
15889,NIT-16/E/PATLIPUTRA/2021 Gr-45,Construction of U/G drain & PCC Road From Siban house to AnRay Prayag Ram house in  Ward-22C,Construction of U/G drain & PCC Road From Siban house to AnRay Prayag Ram house in  Ward-22C,315600.0,INR,INR,2021-11-24 13:31:02+00:00,2021-11-24T13:27:46.632000+00:00,2021-11-29T09:31:00+00:00,"Aashish Prasad, Executive Engineer",EE,Patliputra Division,Sahdev Matho Marg sk puri park patna,"Aashish Prasad,EXECUETIVE ENGINEER",EE,Patliputra Division,6400.0,750.0,590.0
15888,NIT-16/E/PATLIPUTRA/2021 Gr-44,Construction of U/G drain and PCC Road from  Dilip Ray house to Rajkumar Rai house  in ward no-22C,Construction of U/G drain and PCC Road from  Dilip Ray house to Rajkumar Rai house  in ward no-22C,207200.0,INR,INR,2021-11-24 13:27:31+00:00,2021-11-24T13:23:57.383000+00:00,2022-06-07T06:37:34+00:00,"Aashish Prasad, Executive Engineer",EE,Patliputra Division,Sahdev Matho Marg sk puri park patna,"Aashish Prasad,EXECUETIVE ENGINEER",EE,Patliputra Division,4200.0,500.0,590.0
15891,NIT-16/E/PATLIPUTRA/2021 Gr-49,Construction of U/G drain & PCC Road From Juban Ray To sri Niwas Pandey House In Ward-22C,Construction of U/G drain & PCC Road From Juban Ray To sri Niwas Pandey House In Ward-22C,186800.0,INR,INR,2021-11-24 13:38:59+00:00,2021-11-24T13:35:01.476000+00:00,2022-01-05T12:06:00+00:00,"Aashish Prasad, Executive Engineer",EE,Patliputra Division,Sahdev Matho Marg sk puri park patna,"Aashish Prasad,EXECUETIVE ENGINEER",EE,Patliputra Division,3800.0,500.0,590.0
15886,NIT-16/E/PATLIPUTRA/2021 Gr-42,Construction of U/G drain and PCC Road from  Chandra Deo Paswan house to Subudah Ram house   in ward no-22A,Construction of U/G drain and PCC Road from  Chandra Deo Paswan house to Subudah Ram house   in ward no-22A,199600.0,INR,INR,2021-11-24 13:19:58+00:00,2021-11-24T13:16:21.893000+00:00,2022-01-17T08:52:33+00:00,"Aashish Prasad, Executive Engineer",EE,Patliputra Division,Sahdev Matho Marg sk puri park patna,"Aashish Prasad,EXECUETIVE ENGINEER",EE,Patliputra Division,4000.0,500.0,590.0
15892,NIT-16/E/PATLIPUTRA/2021 Gr-50,Construction of PCC Road and UG Drain Work From Mahendra mahto house to Gokhla nand In Ward-22C,Construction of PCC Road and UG Drain Work From Mahendra mahto house to Gokhla nand In Ward-22C,437900.0,INR,INR,2021-11-24 13:43:00+00:00,2021-11-24T13:39:13.497000+00:00,2022-01-05T12:02:10+00:00,"Aashish Prasad, Executive Engineer",EE,Patliputra Division,Sahdev Matho Marg sk puri park patna,"Aashish Prasad,EXECUETIVE ENGINEER",EE,Patliputra Division,8800.0,750.0,590.0
15895,NIT-16/E/PATLIPUTRA/2021 Gr-53,"Construction of U/G drain and PCC road from Kurji Pul Devi Mandir, Mahatma Gandhi Path to H/o Akhileshwar Pd. In ward no-22B","Construction of U/G drain and PCC road from Kurji Pul Devi Mandir, Mahatma Gandhi Path to H/o Akhileshwar Pd. In ward no-22B",979500.0,INR,INR,2021-11-24 13:53:56+00:00,2021-11-24T13:50:25.940000+00:00,2022-02-12T07:05:44+00:00,"Aashish Prasad, Executive Engineer",EE,Patliputra Division,Sahdev Matho Marg sk puri park patna,"Aashish Prasad,EXECUETIVE ENGINEER",EE,Patliputra Division,19600.0,1250.0,590.0
15898,NIT-16/E/PATLIPUTRA/2021 Gr-56,Detail Estimate for Construction of 4 Nos Uniral(2Nos Gents & 2 Nos Ladies)  with Submersible Pump Near Chhajubag Domkhhana in ward  no-27,Detail Estimate for Construction of 4 Nos Uniral(2Nos Gents & 2 Nos Ladies)  with Submersible Pump Near Chhajubag Domkhhana in ward  no-27,460300.0,INR,INR,2021-11-24 14:05:40+00:00,2021-11-24T14:02:13.563000+00:00,2021-12-04T05:28:33+00:00,"Aashish Prasad, Executive Engineer",EE,Patliputra Division,Sahdev Matho Marg sk puri park patna,"Aashish Prasad,EXECUETIVE ENGINEER",EE,Patliputra Division,9300.0,750.0,590.0
15896,NIT-16/E/PATLIPUTRA/2021 Gr-54,Repair of well near Mainpura 49 no. Gate Gali Sidheswr Nagar in ward no-22C,Repair of well near Mainpura 49 no. Gate Gali Sidheswr Nagar in ward no-22C,195300.0,INR,INR,2021-11-24 13:57:38+00:00,2021-11-24T13:54:10.570000+00:00,2022-09-16T08:22:59+00:00,"Aashish Prasad, Executive Engineer",EE,Patliputra Division,Sahdev Matho Marg sk puri park patna,"Aashish Prasad,EXECUETIVE ENGINEER",EE,Patliputra Division,4000.0,500.0,590.0
15899,NIT-16/E/PATLIPUTRA/2021 Gr-57,Construction of  RCC Drain in Durga Akshram Gali Chhote Nath Dham to Chabutra to Durga Akshram Gali in ward no-05,Construction of  RCC Drain in Durga Akshram Gali Chhote Nath Dham to Chabutra to Durga Akshram Gali in ward no-05,2625830.0,INR,INR,2021-11-24 14:09:11+00:00,2021-11-24T14:05:55.109000+00:00,2022-09-22T07:46:37+00:00,"Aashish Prasad, Executive Engineer",EE,Patliputra Division,Sahdev Matho Marg sk puri park patna,"Aashish Prasad,EXECUETIVE ENGINEER",EE,Patliputra Division,52600.0,5000.0,590.0
15894,NIT-16/E/PATLIPUTRA/2021 Gr-52,Construction of U/G drain & PCC Road From Chaudhary Ji House To Mahendra Ji House In Ward-22C,Construction of U/G drain & PCC Road From Chaudhary Ji House To Mahendra Ji House In Ward-22C,212700.0,INR,INR,2021-11-24 13:50:11+00:00,2021-11-24T13:46:45.206000+00:00,2021-12-03T12:36:01+00:00,"Aashish Prasad, Executive Engineer",EE,Patliputra Division,Sahdev Matho Marg sk puri park patna,"Aashish Prasad,EXECUETIVE ENGINEER",EE,Patliputra Division,4300.0,500.0,590.0
15900,NIT-16/E/PATLIPUTRA/2021 Gr-58,Construction of  PCC Road from  Sharma Ji house Haidri Sabhab house to Mehendi Nagar Corner of Jhhopri  in ward no-05,Construction of  PCC Road from  Sharma Ji house Haidri Sabhab house to Mehendi Nagar Corner of Jhhopri  in ward no-05,3423434.0,INR,INR,2021-11-24 14:23:15+00:00,2021-11-24T14:09:27.550000+00:00,2022-04-20T08:24:52+00:00,"Aashish Prasad, Executive Engineer",EE,Patliputra Division,Sahdev Matho Marg sk puri park patna,"Aashish Prasad,EXECUETIVE ENGINEER",EE,Patliputra Division,68500.0,5000.0,590.0
15973,11/2021-22/MID/GAYA/GP-01,Extensive Renovation of Dhanawan Pyne Drainage System,Extensive Renovation of Dhanawan Pyne Drainage System,20930684.0,INR,INR,2021-11-26 03:19:25+00:00,2021-11-26T02:43:54.041000+00:00,2022-01-28T10:29:09+00:00,ER. ARBIND KUMAR SINGH,EXECUTIVE ENGINEER,ER ARBIND KUMAR SINGH,MINOR IRRIGATION DIVISION GAYA,BINDESHWAR RAM,CE,MINOR WATER RESOURCES DEPARTMENT,418700.0,10000.0,3540.0
15893,NIT-16/E/PATLIPUTRA/2021 Gr-51,Construction of Underground Drain and PCC Road From mainpura  chamber  to Ashok gupta house  in Ward no 22C,Construction of Underground Drain and PCC Road From mainpura  chamber  to Ashok gupta house  in Ward no 22C,563900.0,INR,INR,2021-11-24 13:46:30+00:00,2021-11-24T13:43:14.733000+00:00,2022-01-05T12:04:07+00:00,"Aashish Prasad, Executive Engineer",EE,Patliputra Division,Sahdev Matho Marg sk puri park patna,"Aashish Prasad,EXECUETIVE ENGINEER",EE,Patliputra Division,11300.0,1250.0,590.0
15897,NIT-16/E/PATLIPUTRA/2021 Gr-55,Detail Estimate for Construction of 4 Nos Uniral(2Nos Gents & 2 Nos Ladies)  with Submersible Pump Near China Kothi in ward no-27,Detail Estimate for Construction of 4 Nos Uniral(2Nos Gents & 2 Nos Ladies)  with Submersible Pump Near China Kothi in ward no-27,460300.0,INR,INR,2021-11-24 14:01:58+00:00,2021-11-24T13:57:54.012000+00:00,2022-05-02T10:00:11+00:00,"Aashish Prasad, Executive Engineer",EE,Patliputra Division,Sahdev Matho Marg sk puri park patna,"Aashish Prasad,EXECUETIVE ENGINEER",EE,Patliputra Division,9300.0,750.0,590.0
15977,NIT-46/2021-22/GR-45,GROUP NO.- 45 Name of Work :- 1. Construction of PCC Road in Mohalla Navtolia from Bibhakar Roy to Pankaj. 2. Const. of PCC road in Moh.-R.S.Tank from Prof. Dharmendra Kumar upto Sia Sharan Singh House.,GROUP NO.- 45 Name of Work :- 1. Construction of PCC Road in Mohalla Navtolia from Bibhakar Roy to Pankaj. 2. Const. of PCC road in Moh.-R.S.Tank from Prof. Dharmendra Kumar upto Sia Sharan Singh House.,195000.0,INR,INR,2021-11-26 03:38:42+00:00,2021-11-26T03:22:11.127000+00:00,2021-12-02T09:31:00+00:00,SOMESH BAHADUR MATHUR,Municipal Commissioner Begusarai,"BEGUSARAI Municipal Corporation, BEGUSARAI","SRI KRISHNA SINGH CHOWK,",Manesh Kumar Meena,Municipal Commissioner,"Darbhanga Municipal Corporation, Darbhanga",3900.0,500.0,590.0
15981,NIT-46/2021-22/GR-49,GROUP NO.- 49 Name of Work :- Installation of Road Safety Indicator infront of Nagar Nigam Office. B. Construction of PCC road from the house of Kishore Kumar Choudhary to the house of Mithilesh Kumar Choudhary in Mohalla Mishra tola in w.no.-26.,GROUP NO.- 49 Name of Work :- Installation of Road Safety Indicator infront of Nagar Nigam Office. B. Construction of PCC road from the house of Kishore Kumar Choudhary to the house of Mithilesh Kumar Choudhary in Mohalla Mishra tola in w.no.-26.,195500.0,INR,INR,2021-11-26 03:52:44+00:00,2021-11-26T03:49:32.340000+00:00,2022-08-24T07:02:03+00:00,SOMESH BAHADUR MATHUR,Municipal Commissioner Begusarai,"BEGUSARAI Municipal Corporation, BEGUSARAI","SRI KRISHNA SINGH CHOWK,",Manesh Kumar Meena,Municipal Commissioner,"Darbhanga Municipal Corporation, Darbhanga",3950.0,500.0,590.0
15976,NIT-46/2021-22/GR-44,GROUP NO.- 44 Name of Work :- 1. Repair of Culvert & Const. of Approach in Mohalla-Balbhadrapur at Pokhariya School Turning. 2. Repair of Culvert in Moh.-Balbhadrapur West of N.P.Mishra Chowk. 3. Repair of Drain & Const. of RCC Slab Cover in Sunny Coaching Gali. 4. Repair of Drain Near the house of Alok Chy & Const. of R.C.C Cover in Portial Portion in Balbhadrapur. 5. Repair of Drain in Moh.-Balbhadrapur Between Lt. Runnu Sinha & D.N. Verma & Const. of RCC Cover in Part.,GROUP NO.- 44 Name of Work :- 1. Repair of Culvert & Const. of Approach in Mohalla-Balbhadrapur at Pokhariya School Turning. 2. Repair of Culvert in Moh.-Balbhadrapur West of N.P.Mishra Chowk. 3. Repair of Drain & Const. of RCC Slab Cover in Sunny Coaching Gali. 4. Repair of Drain Near the house of Alok Chy & Const. of R.C.C Cover in Portial Portion in Balbhadrapur. 5. Repair of Drain in Moh.-Balbhadrapur Between Lt. Runnu Sinha & D.N. Verma & Const. of RCC Cover in Part.,197000.0,INR,INR,2021-11-26 03:33:53+00:00,2021-11-26T03:19:00.525000+00:00,2021-12-02T09:31:00+00:00,SOMESH BAHADUR MATHUR,Municipal Commissioner Begusarai,"BEGUSARAI Municipal Corporation, BEGUSARAI","SRI KRISHNA SINGH CHOWK,",Manesh Kumar Meena,Municipal Commissioner,"Darbhanga Municipal Corporation, Darbhanga",4000.0,500.0,590.0
15978,NIT-46/2021-22/GR-46,GROUP NO.- 46 Name of Work :-  Const. of Brick Soling Road in Mohalla-New Khwajasari from the house of upendra Paswan upto 300 Rft Length.,GROUP NO.- 46 Name of Work :-  Const. of Brick Soling Road in Mohalla-New Khwajasari from the house of upendra Paswan upto 300 Rft Length.,194000.0,INR,INR,2021-11-26 03:41:55+00:00,2021-11-26T03:39:01.819000+00:00,2021-12-02T09:31:00+00:00,SOMESH BAHADUR MATHUR,Municipal Commissioner Begusarai,"BEGUSARAI Municipal Corporation, BEGUSARAI","SRI KRISHNA SINGH CHOWK,",Manesh Kumar Meena,Municipal Commissioner,"Darbhanga Municipal Corporation, Darbhanga",3900.0,500.0,590.0
15975,NIT-46/2021-22/GR-43,GROUP NO.- 43 Name of Work :-  Construction of PCC Road in Mohalla-Sahganj Near Loher Sari Chowk Madan Mahato House towards Mehboob Alam House (Part).,GROUP NO.- 43 Name of Work :-  Construction of PCC Road in Mohalla-Sahganj Near Loher Sari Chowk Madan Mahato House towards Mehboob Alam House (Part).,199000.0,INR,INR,2021-11-26 03:18:31+00:00,2021-11-26T03:10:51.226000+00:00,2021-12-02T09:31:00+00:00,SOMESH BAHADUR MATHUR,Municipal Commissioner Begusarai,"BEGUSARAI Municipal Corporation, BEGUSARAI","SRI KRISHNA SINGH CHOWK,",Manesh Kumar Meena,Municipal Commissioner,"Darbhanga Municipal Corporation, Darbhanga",4000.0,500.0,590.0
15926,RCD/ARARIA-01/2021-22,"Strengthning Work of Van Vibvag Chowk to Tarabari (KursaKanta) Via Bansbari, Mahisakol, Jhamta Road from Ch :- 0+000 to 18+500 Km for the year 2020-21 under Road Division, Araia","Strengthning Work of Van Vibvag Chowk to Tarabari (KursaKanta) Via Bansbari, Mahisakol, Jhamta Road from Ch :- 0+000 to 18+500 Km for the year 2020-21 under Road Division, Araia",178049798.0,INR,INR,2021-11-26 10:03:09+00:00,2021-11-25T09:06:12.255000+00:00,2022-06-24T10:47:58+00:00,ARVIND KUMAR,EXECUTIVE ENGINEER,ROAD CONSTRUCTION DEPARTMENT,"OFFICE OF THE EXECUTIVE ENGINEER, RCD ROAD DIVISION ARARIA",SHAKIR ALI,SUPERINTENDING ENGINEER,ROAD CONSTRUCTION DEPARTMENT,2780500.0,10000.0,5900.0
15985,NIT-47/2021-22/GR-04,GROUP NO.- 04 Name of Work :- Raising of existing PCC road from Vivah Bhawan to Sri Madan Roy house (Part Length) in Shubhankarpur in ward No. -08.,GROUP NO.- 04 Name of Work :- Raising of existing PCC road from Vivah Bhawan to Sri Madan Roy house (Part Length) in Shubhankarpur in ward No. -08.,1057000.0,INR,INR,2021-11-26 04:17:19+00:00,2021-11-26T04:14:04.482000+00:00,2021-12-02T09:31:00+00:00,SOMESH BAHADUR MATHUR,Municipal Commissioner Begusarai,"BEGUSARAI Municipal Corporation, BEGUSARAI","SRI KRISHNA SINGH CHOWK,",Manesh Kumar Meena,Municipal Commissioner,"Darbhanga Municipal Corporation, Darbhanga",21150.0,2500.0,590.0
15988,NIT-47/2021-22/GR-07,GROUP NO.- 07 Name of Work :-  Construction of PCC road with arith RCC drain from DON BOSCO School to the house of Parmod Thakur via the house of Mateen Sahub in Mohalla-Bibi Pakhar in w.no.-31.(Part),GROUP NO.- 07 Name of Work :-  Construction of PCC road with arith RCC drain from DON BOSCO School to the house of Parmod Thakur via the house of Mateen Sahub in Mohalla-Bibi Pakhar in w.no.-31.(Part),1070000.0,INR,INR,2021-11-26 04:30:40+00:00,2021-11-26T04:26:35.703000+00:00,2021-12-02T09:31:00+00:00,SOMESH BAHADUR MATHUR,Municipal Commissioner Begusarai,"BEGUSARAI Municipal Corporation, BEGUSARAI","SRI KRISHNA SINGH CHOWK,",Manesh Kumar Meena,Municipal Commissioner,"Darbhanga Municipal Corporation, Darbhanga",21400.0,2500.0,590.0
15986,NIT-47/2021-22/GR-05,GROUP NO.- 05 Name of Work :- Repair of road situated near the Holy Cross School in Mohalla-Madarpur in w.no.-28.,GROUP NO.- 05 Name of Work :- Repair of road situated near the Holy Cross School in Mohalla-Madarpur in w.no.-28.,350000.0,INR,INR,2021-11-26 04:21:38+00:00,2021-11-26T04:17:37.644000+00:00,2021-12-02T09:31:00+00:00,SOMESH BAHADUR MATHUR,Municipal Commissioner Begusarai,"BEGUSARAI Municipal Corporation, BEGUSARAI","SRI KRISHNA SINGH CHOWK,",Manesh Kumar Meena,Municipal Commissioner,"Darbhanga Municipal Corporation, Darbhanga",7000.0,750.0,590.0
15980,NIT-46/2021-22/GR-48,GROUP NO.- 48 Name of Work :- Construction of RCC Drain with Cover in Mohalla-Pandasarai from the house of Sri Pramod Kr. Sah to Sabdul via the house of Md. Islam (Part).,GROUP NO.- 48 Name of Work :- Construction of RCC Drain with Cover in Mohalla-Pandasarai from the house of Sri Pramod Kr. Sah to Sabdul via the house of Md. Islam (Part).,190500.0,INR,INR,2021-11-26 03:49:03+00:00,2021-11-26T03:45:57.764000+00:00,2021-12-02T09:31:00+00:00,SOMESH BAHADUR MATHUR,Municipal Commissioner Begusarai,"BEGUSARAI Municipal Corporation, BEGUSARAI","SRI KRISHNA SINGH CHOWK,",Manesh Kumar Meena,Municipal Commissioner,"Darbhanga Municipal Corporation, Darbhanga",3950.0,500.0,590.0
15984,NIT-47/2021-22/GR-03,GROUP NO.- 03 Name of Work :- Raising of road and construction of Culvert in east side of Town Hall and repairing of existing cul. Near Ray's International School Part-III.,GROUP NO.- 03 Name of Work :- Raising of road and construction of Culvert in east side of Town Hall and repairing of existing cul. Near Ray's International School Part-III.,650000.0,INR,INR,2021-11-26 04:13:44+00:00,2021-11-26T04:10:34.026000+00:00,2021-12-02T09:31:00+00:00,SOMESH BAHADUR MATHUR,Municipal Commissioner Begusarai,"BEGUSARAI Municipal Corporation, BEGUSARAI","SRI KRISHNA SINGH CHOWK,",Manesh Kumar Meena,Municipal Commissioner,"Darbhanga Municipal Corporation, Darbhanga",13000.0,1250.0,590.0
15989,NIT-47/2021-22/GR-08,"GROUP NO.- 08 Name of Work :-   Construction of PCC road with RCC Drain from the house of Dr. Shahjaha, Mustufa & Ram Janki to the house of Shahjeb & Shamina via the house of Tahir Ji in Mohalla-Naya tola in w.no.-31.","GROUP NO.- 08 Name of Work :-   Construction of PCC road with RCC Drain from the house of Dr. Shahjaha, Mustufa & Ram Janki to the house of Shahjeb & Shamina via the house of Tahir Ji in Mohalla-Naya tola in w.no.-31.",1650000.0,INR,INR,2021-11-26 04:38:28+00:00,2021-11-26T04:31:04.408000+00:00,2021-12-02T09:31:00+00:00,SOMESH BAHADUR MATHUR,Municipal Commissioner Begusarai,"BEGUSARAI Municipal Corporation, BEGUSARAI","SRI KRISHNA SINGH CHOWK,",Manesh Kumar Meena,Municipal Commissioner,"Darbhanga Municipal Corporation, Darbhanga",33000.0,5000.0,590.0
15979,NIT-46/2021-22/GR-47,GROUP NO.- 47 Name of Work :-  1. Surrounding Work of K.M.Tank by Iron Jaali. 2. Repair of Drain & Construction of R.C.C Cover by the side of K.M.Tank in Ward no.-47.,GROUP NO.- 47 Name of Work :-  1. Surrounding Work of K.M.Tank by Iron Jaali. 2. Repair of Drain & Construction of R.C.C Cover by the side of K.M.Tank in Ward no.-47.,199500.0,INR,INR,2021-11-26 03:45:38+00:00,2021-11-26T03:42:13.878000+00:00,2021-12-02T09:31:00+00:00,SOMESH BAHADUR MATHUR,Municipal Commissioner Begusarai,"BEGUSARAI Municipal Corporation, BEGUSARAI","SRI KRISHNA SINGH CHOWK,",Manesh Kumar Meena,Municipal Commissioner,"Darbhanga Municipal Corporation, Darbhanga",4000.0,500.0,590.0
15982,NIT-47/2021-22/GR-01,GROUP NO.- 01 Name of Work :- Construction of RCC drain from Composite Pit Campus Back of Town Hall up to Town Hall Gate via infront of Ray's International School (West Side of Boundary Wall) Part-1.,GROUP NO.- 01 Name of Work :- Construction of RCC drain from Composite Pit Campus Back of Town Hall up to Town Hall Gate via infront of Ray's International School (West Side of Boundary Wall) Part-1.,747200.0,INR,INR,2021-11-26 04:03:45+00:00,2021-11-26T03:54:41.486000+00:00,2021-12-02T09:31:00+00:00,SOMESH BAHADUR MATHUR,Municipal Commissioner Begusarai,"BEGUSARAI Municipal Corporation, BEGUSARAI","SRI KRISHNA SINGH CHOWK,",Manesh Kumar Meena,Municipal Commissioner,"Darbhanga Municipal Corporation, Darbhanga",15000.0,1250.0,590.0
15992,NIT-47/2021-22/GR-11,GROUP NO.- 11 Name of Work :-  Construction of RCC Drain with Cover in Mohalla-Dildarganj in w.no.-38 from Masjid upto Dr. Md. Zakir via the house of Sri Ajmal Saheb B.D.O.,GROUP NO.- 11 Name of Work :-  Construction of RCC Drain with Cover in Mohalla-Dildarganj in w.no.-38 from Masjid upto Dr. Md. Zakir via the house of Sri Ajmal Saheb B.D.O.,658000.0,INR,INR,2021-11-26 04:59:33+00:00,2021-11-26T04:55:12.450000+00:00,2021-12-02T09:31:00+00:00,SOMESH BAHADUR MATHUR,Municipal Commissioner Begusarai,"BEGUSARAI Municipal Corporation, BEGUSARAI","SRI KRISHNA SINGH CHOWK,",Manesh Kumar Meena,Municipal Commissioner,"Darbhanga Municipal Corporation, Darbhanga",13200.0,1250.0,590.0
15983,NIT-47/2021-22/GR-02,GROUP NO.- 02 Name of Work :-  Construction of RCC drain from Composite Pit to Town Hall and Mazar to Town Hall Gate in east side of Boundary Wall Part-II.,GROUP NO.- 02 Name of Work :-  Construction of RCC drain from Composite Pit to Town Hall and Mazar to Town Hall Gate in east side of Boundary Wall Part-II.,739800.0,INR,INR,2021-11-26 04:10:14+00:00,2021-11-26T04:04:07.247000+00:00,2021-12-02T09:31:00+00:00,SOMESH BAHADUR MATHUR,Municipal Commissioner Begusarai,"BEGUSARAI Municipal Corporation, BEGUSARAI","SRI KRISHNA SINGH CHOWK,",Manesh Kumar Meena,Municipal Commissioner,"Darbhanga Municipal Corporation, Darbhanga",15000.0,1250.0,590.0
15991,NIT-47/2021-22/GR-10,GROUP NO.- 10 Name of Work :- Construction of Drain in Ward no.-36. Moh.-Belwaganj from the house of Kuwarji upto Pulia via Madya Vidyalaya Belwaganj & Raising of Road Near GAMI Pokhar Middle School.,GROUP NO.- 10 Name of Work :- Construction of Drain in Ward no.-36. Moh.-Belwaganj from the house of Kuwarji upto Pulia via Madya Vidyalaya Belwaganj & Raising of Road Near GAMI Pokhar Middle School.,750000.0,INR,INR,2021-11-26 04:51:18+00:00,2021-11-26T04:44:22.750000+00:00,2021-12-02T09:31:00+00:00,SOMESH BAHADUR MATHUR,Municipal Commissioner Begusarai,"BEGUSARAI Municipal Corporation, BEGUSARAI","SRI KRISHNA SINGH CHOWK,",Manesh Kumar Meena,Municipal Commissioner,"Darbhanga Municipal Corporation, Darbhanga",15000.0,1250.0,590.0
15993,NIT-47/2021-22/GR-12,GROUP NO.- 12 Name of Work :-  Construction of PCC Road & RCC Drain With Cover in Both Sides of Road from Bantha Chowk up to the house of Minhazul in Mohalla-Sarai Sattar Khan in w.no.-39. (Part-1st),GROUP NO.- 12 Name of Work :-  Construction of PCC Road & RCC Drain With Cover in Both Sides of Road from Bantha Chowk up to the house of Minhazul in Mohalla-Sarai Sattar Khan in w.no.-39. (Part-1st),750000.0,INR,INR,2021-11-26 05:04:22+00:00,2021-11-26T04:59:57.567000+00:00,2021-12-02T09:31:00+00:00,SOMESH BAHADUR MATHUR,Municipal Commissioner Begusarai,"BEGUSARAI Municipal Corporation, BEGUSARAI","SRI KRISHNA SINGH CHOWK,",Manesh Kumar Meena,Municipal Commissioner,"Darbhanga Municipal Corporation, Darbhanga",15000.0,1250.0,590.0
15996,NIT-47/2021-22/GR-15,GROUP NO.- 15 Name of Work :-  Construction of PCC road with RCC drain with RCC Cover from the house of Bakrid Qurrecy to L.N. Mishra Path via the house of Moin Qurrecy Ex. Concellor in Mohalla-Urdu in w.no.-25.,GROUP NO.- 15 Name of Work :-  Construction of PCC road with RCC drain with RCC Cover from the house of Bakrid Qurrecy to L.N. Mishra Path via the house of Moin Qurrecy Ex. Concellor in Mohalla-Urdu in w.no.-25.,532000.0,INR,INR,2021-11-26 05:24:02+00:00,2021-11-26T05:16:43.483000+00:00,2021-12-02T09:31:00+00:00,SOMESH BAHADUR MATHUR,Municipal Commissioner Begusarai,"BEGUSARAI Municipal Corporation, BEGUSARAI","SRI KRISHNA SINGH CHOWK,",Manesh Kumar Meena,Municipal Commissioner,"Darbhanga Municipal Corporation, Darbhanga",10700.0,1250.0,590.0
15994,NIT-47/2021-22/GR-13,GROUP NO.- 13 Name of Work :-  Construction of PCC Road and RCC Drain with Cover in Both Sides of Road From Bantha Chowk upto the house of Minhazul in Mohalla-Sarai Sattar Khan in w.no.-39. (Part-2nd),GROUP NO.- 13 Name of Work :-  Construction of PCC Road and RCC Drain with Cover in Both Sides of Road From Bantha Chowk upto the house of Minhazul in Mohalla-Sarai Sattar Khan in w.no.-39. (Part-2nd),750000.0,INR,INR,2021-11-26 05:09:52+00:00,2021-11-26T05:04:49.888000+00:00,2021-12-02T09:31:00+00:00,SOMESH BAHADUR MATHUR,Municipal Commissioner Begusarai,"BEGUSARAI Municipal Corporation, BEGUSARAI","SRI KRISHNA SINGH CHOWK,",Manesh Kumar Meena,Municipal Commissioner,"Darbhanga Municipal Corporation, Darbhanga",15000.0,1250.0,590.0
15990,NIT-47/2021-22/GR-09,GROUP NO.- 09 Name of Work :-   Construction of PCC road of Gilani Sahub Gali upto Mazar & from the house of Kalimuddine to Manhar road in Mohalla Fazilat Colony in w.no.-32 with Construction of Part drain.,GROUP NO.- 09 Name of Work :-   Construction of PCC road of Gilani Sahub Gali upto Mazar & from the house of Kalimuddine to Manhar road in Mohalla Fazilat Colony in w.no.-32 with Construction of Part drain.,1315700.0,INR,INR,2021-11-26 04:43:34+00:00,2021-11-26T04:39:37.202000+00:00,2021-12-02T09:31:00+00:00,SOMESH BAHADUR MATHUR,Municipal Commissioner Begusarai,"BEGUSARAI Municipal Corporation, BEGUSARAI","SRI KRISHNA SINGH CHOWK,",Manesh Kumar Meena,Municipal Commissioner,"Darbhanga Municipal Corporation, Darbhanga",26350.0,2500.0,590.0
15987,NIT-47/2021-22/GR-06,GROUP NO.- 06 Name of Work :-Construction of PCC road with RCC drain from the house of Nesar Ahmad Khan to the house of Umar Ali Khan & from the house of Arzoo to the house of Ahteshan Khan in Mohalla-Shermohummed in w.no.-30.,GROUP NO.- 06 Name of Work :-Construction of PCC road with RCC drain from the house of Nesar Ahmad Khan to the house of Umar Ali Khan & from the house of Arzoo to the house of Ahteshan Khan in Mohalla-Shermohummed in w.no.-30.,850000.0,INR,INR,2021-11-26 04:26:12+00:00,2021-11-26T04:22:00.989000+00:00,2021-12-02T09:31:00+00:00,SOMESH BAHADUR MATHUR,Municipal Commissioner Begusarai,"BEGUSARAI Municipal Corporation, BEGUSARAI","SRI KRISHNA SINGH CHOWK,",Manesh Kumar Meena,Municipal Commissioner,"Darbhanga Municipal Corporation, Darbhanga",17000.0,1250.0,590.0
15995,NIT-47/2021-22/GR-14,GROUP NO.- 14 Name of Work :-  Construction of PCC Road and RCC Drain with Cover in Mohalla-Balbhadrapur in w.no.-45. Near 22 No. Gumti Near the house of Mohan Mallik upto Badri Narayan Jha via Bhishma Narayan Jha House.,GROUP NO.- 14 Name of Work :-  Construction of PCC Road and RCC Drain with Cover in Mohalla-Balbhadrapur in w.no.-45. Near 22 No. Gumti Near the house of Mohan Mallik upto Badri Narayan Jha via Bhishma Narayan Jha House.,988000.0,INR,INR,2021-11-26 05:16:24+00:00,2021-11-26T05:10:14.521000+00:00,2021-12-02T09:31:00+00:00,SOMESH BAHADUR MATHUR,Municipal Commissioner Begusarai,"BEGUSARAI Municipal Corporation, BEGUSARAI","SRI KRISHNA SINGH CHOWK,",Manesh Kumar Meena,Municipal Commissioner,"Darbhanga Municipal Corporation, Darbhanga",19800.0,1250.0,590.0
16003,"14/E/KAN/2021, Group No.-02",Renovation of  Well Kumharar Thakurbari Parishar in Ashok Nagar Kumharar under ward no.-55 of P.M.C. Patna.,Renovation of  Well Kumharar Thakurbari Parishar in Ashok Nagar Kumharar under ward no.-55 of P.M.C. Patna.,140500.0,INR,INR,2021-11-26 08:15:31+00:00,2021-11-26T08:06:44.013000+00:00,2021-12-09T08:51:24+00:00,"Aashish Prasad, Executive Engineer",EXECUETIVE ENGINEER,"Kankarbagh Division,Patna Municipal Corporation,Patna","Tempo Stand,Kankarbagh,Patna-20","Aashish Prasad,EXECUETIVE ENGINEER",EXECUETIVE ENGINEER,"Kankarbagh Division,Patna Municipal Corporation,Patna",2900.0,500.0,590.0
16006,"14/E/KAN82021, Group No.-05",Renovation of well on Kumaharar Baithka under ward no.-55,Renovation of well on Kumaharar Baithka under ward no.-55,140500.0,INR,INR,2021-11-26 08:54:48+00:00,2021-11-26T08:47:37.422000+00:00,2024-07-10T08:47:35+00:00,"Aashish Prasad, Executive Engineer",EXECUETIVE ENGINEER,"Kankarbagh Division,Patna Municipal Corporation,Patna","Tempo Stand,Kankarbagh,Patna-20","Aashish Prasad,EXECUETIVE ENGINEER",EXECUETIVE ENGINEER,"Kankarbagh Division,Patna Municipal Corporation,Patna",2900.0,500.0,590.0
16007,"14/E/KAN/2021, Group No.-06","Renovation of well Devi Maa Parishar Midle School Dhanuki Villege on Pahari under ward no.-55, P.M.C., Patna","Renovation of well Devi Maa Parishar Midle School Dhanuki Villege on Pahari under ward no.-55, P.M.C., Patna",140500.0,INR,INR,2021-11-26 09:06:04+00:00,2021-11-26T08:58:37.181000+00:00,2021-12-09T09:32:55+00:00,"Aashish Prasad, Executive Engineer",EXECUETIVE ENGINEER,"Kankarbagh Division,Patna Municipal Corporation,Patna","Tempo Stand,Kankarbagh,Patna-20","Aashish Prasad,EXECUETIVE ENGINEER",EXECUETIVE ENGINEER,"Kankarbagh Division,Patna Municipal Corporation,Patna",2900.0,500.0,590.0
15999,MCD-NIT-24/2021-22-GR-03,Contruction of P.C.C. Road and Hume Pipe Drain from Saroj Apartment to Sudha Yadav via Main Road in Ward no-37 Danapur Nagar Parishad.,Contruction of P.C.C. Road and Hume Pipe Drain from Saroj Apartment to Sudha Yadav via Main Road in Ward no-37 Danapur Nagar Parishad.,1826370.0,INR,INR,2021-11-26 07:31:53+00:00,2021-11-26T07:27:14.887000+00:00,2022-01-21T08:33:57+00:00,"EXECUTIVE OFFICER, DANAPUR NIZAMAT",EO,NAGAR PARISHAD DANAPUR NIZAMAT,NAGAR PARISHAD DANAPUR NIZAMAT WARD NO.-35,"EXECUTIVE OFFICER, DANAPUR NIZAMAT",EO,NAGAR PARISHAD DANAPUR NIZAMAT,36600.0,5000.0,590.0
16001,MCD-NIT-24/2021-22-GR-05,Contruction of P.C.C. Road from Gali of Dhanesh Ji in Sarvodaya Nagar Ward no-37 Danapur Nagar Parishad.,Contruction of P.C.C. Road from Gali of Dhanesh Ji in Sarvodaya Nagar Ward no-37 Danapur Nagar Parishad.,245012.0,INR,INR,2021-11-26 07:42:10+00:00,2021-11-26T07:38:33.634000+00:00,2022-01-21T08:43:35+00:00,"EXECUTIVE OFFICER, DANAPUR NIZAMAT",EO,NAGAR PARISHAD DANAPUR NIZAMAT,NAGAR PARISHAD DANAPUR NIZAMAT WARD NO.-35,"EXECUTIVE OFFICER, DANAPUR NIZAMAT",EO,NAGAR PARISHAD DANAPUR NIZAMAT,5000.0,500.0,590.0
16010,"14/E/KAN/2021, Group No.-09","Renovation of Well in Kushwaha Panchayat Baidka Shiv Mandir Parishar under ward no.-55 P.M.C., Patna","Renovation of Well in Kushwaha Panchayat Baidka Shiv Mandir Parishar under ward no.-55 P.M.C., Patna",140500.0,INR,INR,2021-11-26 09:36:30+00:00,2021-11-26T09:28:27.879000+00:00,2024-07-10T09:17:58+00:00,"Aashish Prasad, Executive Engineer",EXECUETIVE ENGINEER,"Kankarbagh Division,Patna Municipal Corporation,Patna","Tempo Stand,Kankarbagh,Patna-20","Aashish Prasad,EXECUETIVE ENGINEER",EXECUETIVE ENGINEER,"Kankarbagh Division,Patna Municipal Corporation,Patna",2900.0,500.0,590.0
16005,"14/E/KAN/2021, Group No.-04","Renovation of well West of Sagar Mahto Kushwaha Panchayat under ward no.-55, P.M.C., Patna.","Renovation of well West of Sagar Mahto Kushwaha Panchayat under ward no.-55, P.M.C., Patna.",140500.0,INR,INR,2021-11-26 08:45:25+00:00,2021-11-26T08:37:51.929000+00:00,2024-07-10T09:04:50+00:00,"Aashish Prasad, Executive Engineer",EXECUETIVE ENGINEER,"Kankarbagh Division,Patna Municipal Corporation,Patna","Tempo Stand,Kankarbagh,Patna-20","Aashish Prasad,EXECUETIVE ENGINEER",EXECUETIVE ENGINEER,"Kankarbagh Division,Patna Municipal Corporation,Patna",2900.0,500.0,590.0
16014,"14/E/KAN/2021, Group No.-13","Repair of well in Bigrahpur Near Sri Lalji Ray under ward no.-30 P.M.C., Patna","Repair of well in Bigrahpur Near Sri Lalji Ray under ward no.-30 P.M.C., Patna",76100.0,INR,INR,2021-11-26 10:39:11+00:00,2021-11-26T10:31:57.240000+00:00,2021-12-11T08:20:42+00:00,"Aashish Prasad, Executive Engineer",EXECUETIVE ENGINEER,"Kankarbagh Division,Patna Municipal Corporation,Patna","Tempo Stand,Kankarbagh,Patna-20","Aashish Prasad,EXECUETIVE ENGINEER",EXECUETIVE ENGINEER,"Kankarbagh Division,Patna Municipal Corporation,Patna",1600.0,500.0,590.0
16013,"14/E/KAN/2021, Group No.-12","Renovation of Well East of Sri Bhubneshwar Mahto in Jaypur Dhanuki Ahra under ward no.-55 P.M.C., Patna","Renovation of Well East of Sri Bhubneshwar Mahto in Jaypur Dhanuki Ahra under ward no.-55 P.M.C., Patna",140500.0,INR,INR,2021-11-26 10:29:32+00:00,2021-11-26T10:18:17.281000+00:00,2021-12-11T08:13:06+00:00,"Aashish Prasad, Executive Engineer",EXECUETIVE ENGINEER,"Kankarbagh Division,Patna Municipal Corporation,Patna","Tempo Stand,Kankarbagh,Patna-20","Aashish Prasad,EXECUETIVE ENGINEER",EXECUETIVE ENGINEER,"Kankarbagh Division,Patna Municipal Corporation,Patna",2900.0,500.0,590.0
16011,"14/E/KAN/2021, Group No.-10",Renovation of Well behind of Smt. Pavitri Devi Kushwaha Panchyat Baidka under ward no.-55,Renovation of Well behind of Smt. Pavitri Devi Kushwaha Panchyat Baidka under ward no.-55,140500.0,INR,INR,2021-11-26 10:04:14+00:00,2021-11-26T09:38:27.634000+00:00,2024-07-10T09:26:22+00:00,"Aashish Prasad, Executive Engineer",EXECUETIVE ENGINEER,"Kankarbagh Division,Patna Municipal Corporation,Patna","Tempo Stand,Kankarbagh,Patna-20","Aashish Prasad,EXECUETIVE ENGINEER",EXECUETIVE ENGINEER,"Kankarbagh Division,Patna Municipal Corporation,Patna",2900.0,500.0,590.0
16015,"14/E/KAN/2021, Group No.-14","Repair of well in Bigrahpur Shiv Mandir Parisher under ward no.-30 P.M.C., Patna","Repair of well in Bigrahpur Shiv Mandir Parisher under ward no.-30 P.M.C., Patna",96300.0,INR,INR,2021-11-26 10:52:26+00:00,2021-11-26T10:41:44.887000+00:00,2021-12-11T08:26:45+00:00,"Aashish Prasad, Executive Engineer",EXECUETIVE ENGINEER,"Kankarbagh Division,Patna Municipal Corporation,Patna","Tempo Stand,Kankarbagh,Patna-20","Aashish Prasad,EXECUETIVE ENGINEER",EXECUETIVE ENGINEER,"Kankarbagh Division,Patna Municipal Corporation,Patna",2000.0,500.0,590.0
16012,"14/E/KAN/2021, Group No.-11","Renovation of Well East of Rambriksha Yadav in Daudbigha Middle School under ward no.-55 P.M.C., Patna","Renovation of Well East of Rambriksha Yadav in Daudbigha Middle School under ward no.-55 P.M.C., Patna",140500.0,INR,INR,2021-11-26 10:15:49+00:00,2021-11-26T10:07:44.374000+00:00,2024-07-10T09:12:08+00:00,"Aashish Prasad, Executive Engineer",EXECUETIVE ENGINEER,"Kankarbagh Division,Patna Municipal Corporation,Patna","Tempo Stand,Kankarbagh,Patna-20","Aashish Prasad,EXECUETIVE ENGINEER",EXECUETIVE ENGINEER,"Kankarbagh Division,Patna Municipal Corporation,Patna",2900.0,500.0,590.0
16009,"14/E/KAN/2021, Group No.-08","Renovation of well in East Gali Anjan Paswan under ward no.-55 P.M.C., Patna","Renovation of well in East Gali Anjan Paswan under ward no.-55 P.M.C., Patna",140500.0,INR,INR,2021-11-26 09:26:02+00:00,2021-11-26T09:19:04.939000+00:00,2024-07-10T08:39:48+00:00,"Aashish Prasad, Executive Engineer",EXECUETIVE ENGINEER,"Kankarbagh Division,Patna Municipal Corporation,Patna","Tempo Stand,Kankarbagh,Patna-20","Aashish Prasad,EXECUETIVE ENGINEER",EXECUETIVE ENGINEER,"Kankarbagh Division,Patna Municipal Corporation,Patna",2900.0,500.0,590.0
16008,"14/E/KAN/2021, Group No.-07","Renovation of Well in Dhanuki Village  H/o Ram Payare Mahto under ward no.-55, P.M.C., Patna","Renovation of Well in Dhanuki Village  H/o Ram Payare Mahto under ward no.-55, P.M.C., Patna",140500.0,INR,INR,2021-11-26 09:16:22+00:00,2021-11-26T09:09:13.551000+00:00,2024-07-10T08:53:52+00:00,"Aashish Prasad, Executive Engineer",EXECUETIVE ENGINEER,"Kankarbagh Division,Patna Municipal Corporation,Patna","Tempo Stand,Kankarbagh,Patna-20","Aashish Prasad,EXECUETIVE ENGINEER",EXECUETIVE ENGINEER,"Kankarbagh Division,Patna Municipal Corporation,Patna",2900.0,500.0,590.0
15998,"14/E/KAN/2021, Group No.-01",Renovation of Two Well in Shiv Mandir and Difence Colony under ward no.-34 of P.M.C. Patna.,Renovation of Two Well in Shiv Mandir and Difence Colony under ward no.-34 of P.M.C. Patna.,151985.0,INR,INR,2021-11-26 07:34:59+00:00,2021-11-26T07:14:20.569000+00:00,2021-12-09T08:42:04+00:00,"Aashish Prasad, Executive Engineer",EXECUETIVE ENGINEER,"Kankarbagh Division,Patna Municipal Corporation,Patna","Tempo Stand,Kankarbagh,Patna-20","Aashish Prasad,EXECUETIVE ENGINEER",EXECUETIVE ENGINEER,"Kankarbagh Division,Patna Municipal Corporation,Patna",3100.0,500.0,590.0
16017,"14/E/KAN/2021, Group No.-16","Renovation of well in different place under ward no.-32 P.M.C., Patna","Renovation of well in different place under ward no.-32 P.M.C., Patna",745900.0,INR,INR,2021-11-26 11:10:32+00:00,2021-11-26T11:03:51.384000+00:00,2022-02-07T10:27:26+00:00,"Aashish Prasad, Executive Engineer",EXECUETIVE ENGINEER,"Kankarbagh Division,Patna Municipal Corporation,Patna","Tempo Stand,Kankarbagh,Patna-20","Aashish Prasad,EXECUETIVE ENGINEER",EXECUETIVE ENGINEER,"Kankarbagh Division,Patna Municipal Corporation,Patna",15000.0,1250.0,590.0
16024,NIT no 24/PR/NBPDCL/2021,"Appointment of AMISP including design of AMI system with supply, installation and commissioning of 26 Lakhs Smart Prepaid Meter with corresponding DT Meter along with DT level energy accounting with FMS in area specified by the DISCOM under DBFOOT model (HYBRID Model, CAPEX Plus OPEX).","Appointment of AMISP including design of AMI system with supply, installation and commissioning of 26 Lakhs Smart Prepaid Meter with corresponding DT Meter along with DT level energy accounting with FMS in area specified by the DISCOM under DBFOOT model (HYBRID Model, CAPEX Plus OPEX).",19500000000.0,INR,INR,2021-11-27 07:38:16+00:00,2021-11-27T05:50:35.015000+00:00,2022-01-29T11:49:50+00:00,ANAND SUMAN,ELECTRICAL EXECUTIVE ENGINEER,NBPDCL,VIDYUT BHAWAN,ISHWAR CHANDRA YADAV,CHIEF ENGINEER (STORE & PURCHASE),NBPDCL,,25000.0,5900.0
16023,12/202122/MID/JEHANABAD/GR-02,Construction of Kakhaura Wier Across Baldaiya River & Renovation of pyne irrigation scheme,Construction of Kakhaura Wier Across Baldaiya River & Renovation of pyne irrigation scheme,114666646.0,INR,INR,2021-11-26 16:14:06+00:00,2021-11-26T15:54:14.792000+00:00,2021-12-18T12:38:17+00:00,Sanjib Kumar Singh,EXECUTIVE ENGINEER (EE),MINOR WATER RESOURCES DEPARTMENT,MWRD JEHANABAD,BINDESHWAR RAM,CHEIF ENGINEER,MINOR WATER RESOURCE DEPARTMENT PATNA,2147000.0,10000.0,5900.0
16022,12/202122/MID/JEHANABAD/GR-01,Construction of Manjhosh Wier on the Morhar River irrigation scheme,Construction of Manjhosh Wier on the Morhar River irrigation scheme,109085988.0,INR,INR,2021-11-26 15:53:43+00:00,2021-11-26T15:03:34.956000+00:00,2023-07-06T10:05:55+00:00,Sanjib Kumar Singh,EXECUTIVE ENGINEER (EE),MINOR WATER RESOURCES DEPARTMENT,MWRD JEHANABAD,BINDESHWAR RAM,CHEIF ENGINEER,MINOR WATER RESOURCE DEPARTMENT PATNA,2091000.0,10000.0,5900.0
16019,NIT-18/2021-22/(R1)PATNA EAST,"Deployment of labour for a period of six months for Rural piped water w/s scheme, Ward level & World Bank funded pipe w/s schemes under P.H. Division Patna East, Patna.","Deployment of labour for a period of six months for Rural piped water w/s scheme, Ward level & World Bank funded pipe w/s schemes under P.H. Division Patna East, Patna.",687700.0,INR,INR,2021-11-26 12:16:43+00:00,2021-11-26T11:25:09.725000+00:00,2022-02-05T08:33:33+00:00,"EXECUTIVE ENGINEER , P.H. DIVISION, PATNA EAST.",EE,"P.H. DIVISION, PATNA EAST","CHHAJJU BAGH, FRASER ROAD, PATNA-1",Superintending Engineer,SE (Manish Anand),"P.H.Circle, Patna",14000.0,1250.0,590.0
16018,16/BCD/BETTIAH/2021-22,Remaining work of Women I.T.I. Bettiah in District West Champaran.,Remaining work of Women I.T.I. Bettiah in District West Champaran.,20021128.0,INR,INR,2021-11-26 11:29:26+00:00,2021-11-26T11:07:54.833000+00:00,2021-12-23T07:42:39+00:00,"Executive Engineer, BUILDING DIVISION BETTIAH",EE,Executive Engineer Bettiah,"Executive Engineer Bettiah, BCD, Bettiah,  bihar","Superintending Engineer, BUILDING CIRCLE MOTIHARI",SE,"Superintending Engineer, Building Circle  Motihari",401000.0,10000.0,3540.0
16026,06/BCD/SBD/PURNEA 2021-22,Construction of The Block I.T Centre Building At- Dagarua in the District of Purnea for the year 2021-22,Construction of The Block I.T Centre Building At- Dagarua in the District of Purnea for the year 2021-22,88530339.0,INR,INR,2021-11-27 09:37:42+00:00,2021-11-27T06:48:01.698000+00:00,2025-02-20T10:41:47+00:00,"Executive Engineer, BUILDING DIVISION PURNEA",EE,BUILDING DIVISION PURNEA,"EE, BUILDING DIVISION PURNEA, BCD, PURNEA, BIHAR","Superintending Engineer, Purnea Circle",SE,Purnea Circle,1770700.0,10000.0,5900.0
16016,"14/E/KAN/2021, Group No.-15","Repair of well in Bigrahpur Near H/O Baiju Singh under ward no.-30 P.M.C., Patna","Repair of well in Bigrahpur Near H/O Baiju Singh under ward no.-30 P.M.C., Patna",77500.0,INR,INR,2021-11-26 11:01:50+00:00,2021-11-26T10:54:47.341000+00:00,2021-12-11T08:32:32+00:00,"Aashish Prasad, Executive Engineer",EXECUETIVE ENGINEER,"Kankarbagh Division,Patna Municipal Corporation,Patna","Tempo Stand,Kankarbagh,Patna-20","Aashish Prasad,EXECUETIVE ENGINEER",EXECUETIVE ENGINEER,"Kankarbagh Division,Patna Municipal Corporation,Patna",1600.0,500.0,590.0
16030,NPH/NIT NO. :10/2021-22,"Executive Officer on behalf of Hajipur Nagar Parishad invites proposals to provide the services for Updation of existing data along with Door-to-Door New Property Geo-Tagged Survey, Assessment, Collection and Recovery of Municipal Taxes/User Charges/Fees/Licenses/Rent etc. of Hajipur Nagar Parishad.","Executive Officer on behalf of Hajipur Nagar Parishad invites proposals to provide the services for Updation of existing data along with Door-to-Door New Property Geo-Tagged Survey, Assessment, Collection and Recovery of Municipal Taxes/User Charges/Fees/Licenses/Rent etc. of Hajipur Nagar Parishad.",0.0,INR,INR,2021-11-27 08:45:37+00:00,2021-11-27T08:18:23.892000+00:00,2021-12-16T06:27:29+00:00,SUSHIL KUMAR,EXECUTIVE OFFICER (HAJIPUR),HAJIPUR NAGAR PARISHAD,"Rambalak chowk, Hajipur",SUSHIL KUMAR,EXECUTIVE OFFICER (HAJIPUR),NAGAR PARISHAD HAJIPUR,250000.0,5000.0,590.0
16032,NIT No.-05/2021-22/Gr-16/Madhepura,"Renovation of  Sahugadh L.I. Scheme, Block- Madhepura, Panchayat-Sahugadh-2 under M.I. Division Madhepura","Renovation of  Sahugadh L.I. Scheme, Block- Madhepura, Panchayat-Sahugadh-2 under M.I. Division Madhepura",2259154.0,INR,INR,2021-11-27 11:19:02+00:00,2021-11-27T09:48:26.178000+00:00,2022-01-24T12:24:45+00:00,AJAY KUMAR,EXECUTIVE ENGINEER MADHEPURA,MINOR WATER RESOURCES DEPARTMENT MADHEPURA,NAND NAGAR BHIRKHI MADHEPURA 852113,RAVINDRA KUMAR SINGH,SE,MINOR IRRIGATION CIRCLE SAHARSA,45200.0,5000.0,590.0
16025,NIT No.-05/2021-22/Gr-17/Madhepura,"Renovation of Bara (Nayanagar-2) L.I. Scheme , Block-Gwalpara , Panchayat-Khokshi under M.I. Division Madhepura","Renovation of Bara (Nayanagar-2) L.I. Scheme , Block-Gwalpara , Panchayat-Khokshi under M.I. Division Madhepura",2040189.0,INR,INR,2021-11-27 11:20:21+00:00,2021-11-27T06:36:54.966000+00:00,2022-01-24T12:21:19+00:00,AJAY KUMAR,EXECUTIVE ENGINEER MADHEPURA,MINOR WATER RESOURCES DEPARTMENT MADHEPURA,NAND NAGAR BHIRKHI MADHEPURA 852113,RAVINDRA KUMAR SINGH,SE,MINOR IRRIGATION CIRCLE SAHARSA,40900.0,5000.0,590.0
16031,NIT No.-05/2021-22/Gr-15/Madhepura,"Renovation of  Ararghat L.I. Scheme, Block- Gwalpara, Panchayat-Shahpur under M.I. Division Madhepura","Renovation of  Ararghat L.I. Scheme, Block- Gwalpara, Panchayat-Shahpur under M.I. Division Madhepura",2116291.0,INR,INR,2021-11-27 11:16:43+00:00,2021-11-27T09:13:50.983000+00:00,2022-01-30T06:55:11+00:00,AJAY KUMAR,EXECUTIVE ENGINEER MADHEPURA,MINOR WATER RESOURCES DEPARTMENT MADHEPURA,NAND NAGAR BHIRKHI MADHEPURA 852113,RAVINDRA KUMAR SINGH,SE,MINOR IRRIGATION CIRCLE SAHARSA,42400.0,5000.0,590.0
16029,NIT No. 23/PR/SBPDCL/2021,"Appointment of AMISP including design of AMI system with supply, installation and commissioning of 10 Lakhs Smart Prepaid Meter with corresponding DT Meter along with DT level energy accounting with FMS in area specified by the DISCOM under DBFOOT model (HYBRID Model, CAPEX Plus OPEX)","Appointment of AMISP including design of AMI system with supply, installation and commissioning of 10 Lakhs Smart Prepaid Meter with corresponding DT Meter along with DT level energy accounting with FMS in area specified by the DISCOM under DBFOOT model (HYBRID Model, CAPEX Plus OPEX)",7500000000.0,INR,INR,2021-11-27 08:41:28+00:00,2021-11-27T08:09:22.158000+00:00,2022-01-29T11:39:20+00:00,SURESH PRASAD MANDAL,Electrical Superintending Engineer,SBPDCL,"2nd FLOOR, VIDYUT BHAWAN, PATNA",Arvind Kumar,GM,SBPDCL,,25000.0,5900.0
16036,21/E/WSD/2021/PMC/01,"Laying water supply pipe line in Shubh Misti Bhandar, Salimpur Ahara, Navrastra Bamper Tola Lane, Dindayal Devi Asthan and house to house connection at Ward No. 28.","Laying water supply pipe line in Shubh Misti Bhandar, Salimpur Ahara, Navrastra Bamper Tola Lane, Dindayal Devi Asthan and house to house connection at Ward No. 28.",3136588.0,INR,INR,2021-11-30 09:52:29+00:00,2021-11-27T10:06:48.298000+00:00,2022-03-03T09:50:22+00:00,Sri Ramswarup Prasad,"EE, Water Supply Division, PMC, Patna","Water Supply Division, Patna Municipal Corporation, Patna","Patna Water Board, Road No 02, Miller High School, Beer Chand Patel Path, Patna",Sri Ramswarup Prasad,"EE, Water Supply Division, PMC, Patna","Water Supply Division, Patna Municipal Corporation, Patna",63000.0,5000.0,590.0
16040,21/E/WSD/2021/PMC/03,"Extension of pipe line and house to house connection in Ashok Raj Path, Sultanganj Thana, Opposite Gadwa Tola to Dargah Road, Shahganj, Chicken Centre at Ward No. 50.","Extension of pipe line and house to house connection in Ashok Raj Path, Sultanganj Thana, Opposite Gadwa Tola to Dargah Road, Shahganj, Chicken Centre at Ward No. 50.",2362354.0,INR,INR,2021-11-30 10:01:29+00:00,2021-11-27T10:27:39.882000+00:00,2021-12-14T09:31:00+00:00,Sri Ramswarup Prasad,"EE, Water Supply Division, PMC, Patna","Water Supply Division, Patna Municipal Corporation, Patna","Patna Water Board, Road No 02, Miller High School, Beer Chand Patel Path, Patna",Sri Ramswarup Prasad,"EE, Water Supply Division, PMC, Patna","Water Supply Division, Patna Municipal Corporation, Patna",47500.0,5000.0,590.0
16027,NIT-16/2021-22,"Selection of Consultant for preparation of DPR for  Construction and Demolition (C & D) Waste under Gaya Municipal Corporation, Gaya","Selection of Consultant for preparation of DPR for  Construction and Demolition (C & D) Waste under Gaya Municipal Corporation, Gaya",0.0,INR,INR,2021-11-27 07:49:03+00:00,2021-11-27T07:37:21.377000+00:00,2021-12-09T09:31:00+00:00,SAWAN KUMAR,Municipal Commissioner Gaya,GAYA MUNICIPAL CORPORATION,NEAR KEDARNATH MARKET GAYA,Sawan Kumar,MUNICIPAL COMMISSIONER,GAYA MUNICIPAL CORPORATION GAYA,10000.0,750.0,590.0
16042,21/E/WSD/2021/PMC/05,"Laying water supply pipe line in Devi Asthan, Koiri Tola, Arfabad Road, Gaighat Bijli Office, Sakari Gali, Rithi Gali, Gur Ki Mandi Chauraha and house to house connection at Ward No. 54.","Laying water supply pipe line in Devi Asthan, Koiri Tola, Arfabad Road, Gaighat Bijli Office, Sakari Gali, Rithi Gali, Gur Ki Mandi Chauraha and house to house connection at Ward No. 54.",4261862.0,INR,INR,2021-11-30 10:04:19+00:00,2021-11-27T10:47:38.582000+00:00,2023-02-08T10:11:12+00:00,Sri Ramswarup Prasad,"EE, Water Supply Division, PMC, Patna","Water Supply Division, Patna Municipal Corporation, Patna","Patna Water Board, Road No 02, Miller High School, Beer Chand Patel Path, Patna",Sri Ramswarup Prasad,"EE, Water Supply Division, PMC, Patna","Water Supply Division, Patna Municipal Corporation, Patna",85500.0,5000.0,590.0
16028,PERD/HQ/Admin/Support Staff / 2021/(Prohibition),"Selection of Manpower Placement Agency For providing services of Office Staff (such as Data Entry Operators, Multi-tasking Staff) at Prohibition, Excise and Registration Department, Government of Bihar.","Selection of Manpower Placement Agency For providing services of Office Staff (such as Data Entry Operators, Multi-tasking Staff) at Prohibition, Excise and Registration Department, Government of Bihar.",18000000.0,INR,INR,2021-11-27 08:37:59+00:00,2021-11-27T07:51:13.508000+00:00,2022-02-08T10:44:26+00:00,Krishna Kumar,Deputy Commissioner,Prohibition Excise & Registration Department (Prohibition),"Vikash Bhawan, Patna",Krishna Kumar,Deputy Commissioner,Prohibition Excise & Registration Department (Prohibition),500000.0,10000.0,3540.0
16034,RCD/Benipur/01/21-22,Widening and Strengthening of Jhanjharpur to Bahera Road in km 8.00 to km 22.40 (Total Length - 14.40km) for the year 2021-22,Widening and Strengthening of Jhanjharpur to Bahera Road in km 8.00 to km 22.40 (Total Length - 14.40km) for the year 2021-22,249140573.0,INR,INR,2021-11-27 10:47:54+00:00,2021-11-27T09:59:47.192000+00:00,2022-07-29T09:29:00+00:00,Jitendra Prasad,Executive Engineer,"Road Division Benipur, Road Construction Department","Road Division Benipur, Darbhanga",Er. Kumud Kumar Singh,Superintending Engineer,Road Circle Darbhanga,3491500.0,10000.0,5900.0
16039,04/2021-22/BIHARSHARIF GR.03,"Construction of 125 mm x 40 mm x 46 M deep tube well ( 15 Nos.) and 125 mm x 45 M GPT (7 Nos.) with I.M. II Hand Pump, Platform & drain in Habitations(SC). Under IMIS of Jal Shakti Under Special Central Assistance to Schedule caste sub Plan (SCA to SCSP) for the Year 2021-22 under P. H. Division, Biharsharif","Construction of 125 mm x 40 mm x 46 M deep tube well ( 15 Nos.) and 125 mm x 45 M GPT (7 Nos.) with I.M. II Hand Pump, Platform & drain in Habitations(SC). Under IMIS of Jal Shakti Under Special Central Assistance to Schedule caste sub Plan (SCA to SCSP) for the Year 2021-22 under P. H. Division, Biharsharif",1364912.0,INR,INR,2021-11-27 10:34:48+00:00,2021-11-27T10:26:59.114000+00:00,2022-04-30T11:47:01+00:00,RAMA SHANKAR SINGH,EXECUTIVE ENGINEER,P.H.E.D.,Biharsharif,PRASHOON KUMAR,SE,PHED ARA,28000.0,2500.0,590.0
16044,21/E/WSD/2021/PMC/06,"Laying HDPE pipe line in Karmali Chak, Om Colony, Paswan Toli, Begampur Paijawa, Adarsh Colony and house to house connection at Ward No. 68.","Laying HDPE pipe line in Karmali Chak, Om Colony, Paswan Toli, Begampur Paijawa, Adarsh Colony and house to house connection at Ward No. 68.",4330973.0,INR,INR,2021-11-30 10:06:00+00:00,2021-11-27T11:00:03.846000+00:00,2022-04-13T10:10:51+00:00,Sri Ramswarup Prasad,"EE, Water Supply Division, PMC, Patna","Water Supply Division, Patna Municipal Corporation, Patna","Patna Water Board, Road No 02, Miller High School, Beer Chand Patel Path, Patna",Sri Ramswarup Prasad,"EE, Water Supply Division, PMC, Patna","Water Supply Division, Patna Municipal Corporation, Patna",86700.0,5000.0,590.0
16043,NIT-16/2021-22/PATNAEAST,"Construction of new 125mm X 40mm dia X 61 meter deep hand operated T/well  with India Mark II Hand Pump with Platform and drain in different blocks of  P. H. Division Patna East, Patna  in Patna District. Under special central assistance to Scheduled caste sub plan (SCA to SCSP) for the Year 2021-22.","Construction of new 125mm X 40mm dia X 61 meter deep hand operated T/well  with India Mark II Hand Pump with Platform and drain in different blocks of  P. H. Division Patna East, Patna  in Patna District. Under special central assistance to Scheduled caste sub plan (SCA to SCSP) for the Year 2021-22.",3072500.0,INR,INR,2021-11-27 11:22:57+00:00,2021-11-27T10:50:27.594000+00:00,2022-01-04T07:04:28+00:00,"EXECUTIVE ENGINEER , P.H. DIVISION, PATNA EAST.",EE,"P.H. DIVISION, PATNA EAST","CHHAJJU BAGH, FRASER ROAD, PATNA-1",PRASHOON KUMAR,SE,PHED ARA,62000.0,5000.0,590.0
16037,21/E/WSD/2021/PMC/02,"Laying HDPE pipe line in Peer Damariya Ghat, Purvi Nand Gola, Dahuchak Nagala, Jalkaderbagh Gariwan Tola and house to house connection at Ward No. 70.","Laying HDPE pipe line in Peer Damariya Ghat, Purvi Nand Gola, Dahuchak Nagala, Jalkaderbagh Gariwan Tola and house to house connection at Ward No. 70.",4615165.0,INR,INR,2021-11-30 09:54:24+00:00,2021-11-27T10:16:14.800000+00:00,2022-09-16T08:56:26+00:00,Sri Ramswarup Prasad,"EE, Water Supply Division, PMC, Patna","Water Supply Division, Patna Municipal Corporation, Patna","Patna Water Board, Road No 02, Miller High School, Beer Chand Patel Path, Patna",Sri Ramswarup Prasad,"EE, Water Supply Division, PMC, Patna","Water Supply Division, Patna Municipal Corporation, Patna",92500.0,5000.0,590.0
16066,NIT-21/21-22/PHD/CHAPRA(GR-03),"Construction of soak pit 1.0m diameter 2.0 metre deep with dry brick honey comb shaft with bricks of class designation 100B For existing hand pumps in Place of old defunct/ordinary handpump (year-2019-20 and 2020-21) in district of Saran under P.H.Division, Chapra for the year 2021-22.","Construction of soak pit 1.0m diameter 2.0 metre deep with dry brick honey comb shaft with bricks of class designation 100B For existing hand pumps in Place of old defunct/ordinary handpump (year-2019-20 and 2020-21) in district of Saran under P.H.Division, Chapra for the year 2021-22.",521570.0,INR,INR,2021-11-29 04:32:32+00:00,2021-11-29T03:58:12.972000+00:00,2021-12-17T07:22:29+00:00,SANYOG KUMAR,EE P H DIVISION SAHARSA,PUBLIC HEALTH DIVISION SAHARSA,PUBLIC HEALTH DIVISION SAHARSA,MANOJ MANOHAR,SE,"PUBLIC HEALTH DIVISION, CHAPRA",10500.0,1250.0,590.0
16065,NIT-21/21-22/PHD/CHAPRA(GR-02),"Construction of soak pit 1.0m diameter 2.0 metre deep with dry brick honey comb shaft with bricks of class designation 100B For existing hand pumps in Place of old defunct/ordinary handpump (year-2019-20 and 2020-21) in district of Saran under P.H.Division, Chapra for the year 2021-22.","Construction of soak pit 1.0m diameter 2.0 metre deep with dry brick honey comb shaft with bricks of class designation 100B For existing hand pumps in Place of old defunct/ordinary handpump (year-2019-20 and 2020-21) in district of Saran under P.H.Division, Chapra for the year 2021-22.",484315.0,INR,INR,2021-11-29 04:34:00+00:00,2021-11-28T14:02:29.597000+00:00,2021-12-17T07:03:44+00:00,SANYOG KUMAR,EE P H DIVISION SAHARSA,PUBLIC HEALTH DIVISION SAHARSA,PUBLIC HEALTH DIVISION SAHARSA,MANOJ MANOHAR,SE,"PUBLIC HEALTH DIVISION, CHAPRA",9700.0,1250.0,590.0
16050,NIT-26/E/NCD/2021-22/GR03,Construction of P.C.C. Road and U/G Drain from house of krishna Murari Sarma to house of pir manshu sharma in birla colony in ward no-03.,Construction of P.C.C. Road and U/G Drain from house of krishna Murari Sarma to house of pir manshu sharma in birla colony in ward no-03.,6534094.0,INR,INR,2021-11-28 10:26:41+00:00,2021-11-28T10:22:38.137000+00:00,2024-07-23T07:36:42+00:00,"Shushil Kumar Jha, Executive Engineer",EE,"New Capital Division, Patna Municipal Corporation, Patna","Harding Road, Patna",Shushil Kumar Jha,EE,"New Capital Division, Patna Municipal Corporation, Patna",130682.0,10000.0,590.0
16046,21/E/WSD/2021/PMC/08,"Laying HDPE pipe line in Shree Krishna Bihar Colony, Beur and house to house connection at Ward No. 11.","Laying HDPE pipe line in Shree Krishna Bihar Colony, Beur and house to house connection at Ward No. 11.",4510885.0,INR,INR,2021-11-30 10:09:30+00:00,2021-11-27T11:23:54.270000+00:00,2022-09-28T09:40:10+00:00,Sri Ramswarup Prasad,"EE, Water Supply Division, PMC, Patna","Water Supply Division, Patna Municipal Corporation, Patna","Patna Water Board, Road No 02, Miller High School, Beer Chand Patel Path, Patna",Sri Ramswarup Prasad,"EE, Water Supply Division, PMC, Patna","Water Supply Division, Patna Municipal Corporation, Patna",90500.0,5000.0,590.0
16076,13/BCD/SHEIKHPURA/2021-22,"Construction of new record room (model plan) at Vyavahar Nyayalaya, Sheikhpura, Complex development etc Work., Year 2021-22","Construction of new record room (model plan) at Vyavahar Nyayalaya, Sheikhpura, Complex development etc Work., Year 2021-22",15117148.0,INR,INR,2021-11-29 07:07:22+00:00,2021-11-29T06:26:12.586000+00:00,2022-06-06T11:19:52+00:00,"Executive Engineer, BUILDING DIVISION SHEIKHPURA",EE,building Division Sheikhpura,"EE,  BUILDING DIVISION Sheikhpura, BCD , Sheikhpura",Superintending Engineer Building Circle Munger,Superintending Engineer,Building Construction Department,302400.0,10000.0,3540.0
16045,21/E/WSD/2021/PMC/07,Laying HDPE pipe line in Ufferpura Tahal Tola and house to house connection at Ward No. 03.,Laying HDPE pipe line in Ufferpura Tahal Tola and house to house connection at Ward No. 03.,3941647.0,INR,INR,2021-11-30 10:08:04+00:00,2021-11-27T11:12:16.933000+00:00,2022-04-25T09:15:33+00:00,Sri Ramswarup Prasad,"EE, Water Supply Division, PMC, Patna","Water Supply Division, Patna Municipal Corporation, Patna","Patna Water Board, Road No 02, Miller High School, Beer Chand Patel Path, Patna",Sri Ramswarup Prasad,"EE, Water Supply Division, PMC, Patna","Water Supply Division, Patna Municipal Corporation, Patna",78900.0,5000.0,590.0
16064,NIT-21/21-22/PHD/CHAPRA (GR-01),"Construction of soak pit 1.0m diameter 2.0 metre deep with dry brick honey comb shaft with bricks of class designation 100B For existing hand pumps in Place of old defunct/ordinary handpump (year-2019-20 and 2020-21) in district of Saran under P.H.Division, Chapra for the year 2021-22.","Construction of soak pit 1.0m diameter 2.0 metre deep with dry brick honey comb shaft with bricks of class designation 100B For existing hand pumps in Place of old defunct/ordinary handpump (year-2019-20 and 2020-21) in district of Saran under P.H.Division, Chapra for the year 2021-22.",484315.0,INR,INR,2021-11-29 04:35:26+00:00,2021-11-28T13:32:20.321000+00:00,2021-12-17T06:49:44+00:00,SANYOG KUMAR,EE P H DIVISION SAHARSA,PUBLIC HEALTH DIVISION SAHARSA,PUBLIC HEALTH DIVISION SAHARSA,MANOJ MANOHAR,SE,"PUBLIC HEALTH DIVISION, CHAPRA",9700.0,1250.0,590.0
16073,BSMCL/04/2021-22 /PATNA/CLUSTER-1,"EC Approved Sandghats of Patna (Cluster-01)
Bherhariya English Sand Ghat: ( MINEABLE QUANTITY -  15756053 ?CFT).","EC Approved Sandghats of Patna (Cluster-01)
Bherhariya English Sand Ghat: ( MINEABLE QUANTITY -  15756053 ?CFT).",39777750.0,INR,INR,2021-11-29 12:46:58+00:00,2021-11-29T05:53:36.499000+00:00,2021-12-09T13:50:44.677000+00:00,Ghanshyam Jha,"M.D.O, Muzaffarpur",Bihar State Mining Corporation Ltd.,"Vikash Bhawan (New Secretariat),  Bailey, Road, Patna- 800015",Ghanshyam Jha,"M.D.O, Muzaffarpur",Bihar State Mining Corporation Ltd.,9944438.0,29500.0,5900.0
16075,BSMCL-04/2021-22/GAYA/CLUSTER-08,"EC Approved Sandghats of Gaya (Cluster - 08)
Chhanchh Sand Ghat : (Mineable Quantity - 9234050 CFT)","EC Approved Sandghats of Gaya (Cluster - 08)
Chhanchh Sand Ghat : (Mineable Quantity - 9234050 CFT)",8418452.0,INR,INR,2021-11-29 12:56:43+00:00,2021-11-29T06:25:14.909000+00:00,2021-12-09T14:08:04.774000+00:00,MUKESH KUMAR,MDO,Bihar State Mining Corporation Ltd,"VIKAS BHAWAN, PATNA",MUKESH KUMAR,MDO,Bihar State Mining Corporation Ltd,2104613.0,29500.0,3540.0
16074,BSMCL-04/2021-22/GAYA/CLUSTER-06,"EC Approved Sandghats of Gaya (Cluster - 06)
Nigri Sand Ghat : (Mineable Quantity - 9784488 CFT)","EC Approved Sandghats of Gaya (Cluster - 06)
Nigri Sand Ghat : (Mineable Quantity - 9784488 CFT)",8638063.0,INR,INR,2021-11-29 11:33:11+00:00,2021-11-29T06:07:03.762000+00:00,2021-12-09T14:04:34.802000+00:00,MUKESH KUMAR,MDO,Bihar State Mining Corporation Ltd,"VIKAS BHAWAN, PATNA",MUKESH KUMAR,MDO,Bihar State Mining Corporation Ltd,2159516.0,29500.0,3540.0
16082,BSMCL/04/2021-22 /PATNA/CLUSTER-12,"EC Approved Sandghats of Patna (Cluster-12)
NISARPURA GHAT 1 : ( MINEABLE QUANTITY -  6779520 ?CFT).","EC Approved Sandghats of Patna (Cluster-12)
NISARPURA GHAT 1 : ( MINEABLE QUANTITY -  6779520 ?CFT).",31950000.0,INR,INR,2021-11-29 12:49:32+00:00,2021-11-29T06:43:41.447000+00:00,2021-12-06T07:31:00+00:00,Ghanshyam Jha,"M.D.O, Muzaffarpur",Bihar State Mining Corporation Ltd.,"Vikash Bhawan (New Secretariat),  Bailey, Road, Patna- 800015",Ghanshyam Jha,"M.D.O, Muzaffarpur",Bihar State Mining Corporation Ltd.,7987500.0,29500.0,5900.0
16087,BSMCL/04/2021-22 /PATNA/CLUSTER-14,"EC Approved Sandghats of Patna (Cluster-14)
AMIRABAD GONA GHAT   : ( MINEABLE QUANTITY - 8406605 ?CFT).","EC Approved Sandghats of Patna (Cluster-14)
AMIRABAD GONA GHAT   : ( MINEABLE QUANTITY - 8406605 ?CFT).",39618000.0,INR,INR,2021-11-29 12:51:53+00:00,2021-11-29T06:55:18.839000+00:00,2021-12-09T14:07:06.947000+00:00,Ghanshyam Jha,"M.D.O, Muzaffarpur",Bihar State Mining Corporation Ltd.,"Vikash Bhawan (New Secretariat),  Bailey, Road, Patna- 800015",Ghanshyam Jha,"M.D.O, Muzaffarpur",Bihar State Mining Corporation Ltd.,9904500.0,29500.0,5900.0
16048,NIT-26/E/NCD/2021-22/GR01,Construction of Ug drain & p.c.c. road work from sita ram ray house to sudama singh house to subhash singh house to boring to badi nahar in rupashpur bhata par in ward no-03.,Construction of Ug drain & p.c.c. road work from sita ram ray house to sudama singh house to subhash singh house to boring to badi nahar in rupashpur bhata par in ward no-03.,6794781.0,INR,INR,2021-11-28 10:17:05+00:00,2021-11-28T09:28:05.247000+00:00,2022-03-04T08:44:26+00:00,"Shushil Kumar Jha, Executive Engineer",EE,"New Capital Division, Patna Municipal Corporation, Patna","Harding Road, Patna",Shushil Kumar Jha,EE,"New Capital Division, Patna Municipal Corporation, Patna",135896.0,10000.0,590.0
16089,BSMCL-04/2021-22/BHOJPUR/CLUSTER-03,"EC Approved Sandghats of Bhojpur (Cluster- 03)
Andhari Sand Ghat  (Mineable Quantity -10684437.50 CFT)","EC Approved Sandghats of Bhojpur (Cluster- 03)
Andhari Sand Ghat  (Mineable Quantity -10684437.50 CFT)",36968517.0,INR,INR,2021-11-29 12:56:19+00:00,2021-11-29T06:58:49.022000+00:00,2021-12-09T13:38:55.687000+00:00,Rajesh Kumar Kushwaha,MDO,BSMCL,"Vikash Bhwan, patna",RAJESH KUMAR KUSHWAHA,MDO,BIHAR STATE MINING CORPORATION LIMITED,9242129.0,29500.0,5900.0
16084,BSMCL/04/2021-22 /PATNA/CLUSTER-13,"EC Approved Sandghats of Patna (Cluster-13)
NEW KAB GHAT  : ( MINEABLE QUANTITY - 8406605 ?CFT).","EC Approved Sandghats of Patna (Cluster-13)
NEW KAB GHAT  : ( MINEABLE QUANTITY - 8406605 ?CFT).",39618000.0,INR,INR,2021-11-29 12:50:42+00:00,2021-11-29T06:51:00.283000+00:00,2021-12-09T14:04:06.489000+00:00,Ghanshyam Jha,"M.D.O, Muzaffarpur",Bihar State Mining Corporation Ltd.,"Vikash Bhawan (New Secretariat),  Bailey, Road, Patna- 800015",Ghanshyam Jha,"M.D.O, Muzaffarpur",Bihar State Mining Corporation Ltd.,9904500.0,29500.0,5900.0
16079,BSMCL/04/2021-22 /PATNA/CLUSTER-9,"EC Approved Sandghats of Patna (Cluster-09)
Ranitalab : ( MINEABLE QUANTITY -  9500400 ?CFT).","EC Approved Sandghats of Patna (Cluster-09)
Ranitalab : ( MINEABLE QUANTITY -  9500400 ?CFT).",27157500.0,INR,INR,2021-11-29 12:48:21+00:00,2021-11-29T06:34:44.186000+00:00,2021-12-06T07:31:00+00:00,Ghanshyam Jha,"M.D.O, Muzaffarpur",Bihar State Mining Corporation Ltd.,"Vikash Bhawan (New Secretariat),  Bailey, Road, Patna- 800015",Ghanshyam Jha,"M.D.O, Muzaffarpur",Bihar State Mining Corporation Ltd.,6789375.0,29500.0,3540.0
16085,BSMCL-04/2021-22/SARAN/CLUSTER-01,"EC Approved Sandghats of Saran (Cluster- 01)
Prithvi Panapur Ghat, Shaguni Taraiya Ghat & Sarouja Satjora Ghat  (Mineable Quantity- 15256080 cft)","EC Approved Sandghats of Saran (Cluster- 01)
Prithvi Panapur Ghat, Shaguni Taraiya Ghat & Sarouja Satjora Ghat  (Mineable Quantity- 15256080 cft)",4249909.0,INR,INR,2021-11-29 11:05:13+00:00,2021-11-29T06:51:09.882000+00:00,2021-12-06T07:31:00+00:00,VIKASH KUMAR PASWAN,Mineral Development Officer,Bihar State Mining Corporation Limited,"VIKASH BHAWAN, PATNA",VIKASH KUMAR PASWAN,Mineral Development Officer,Bihar State Mining Corporation Limited,1062478.0,29500.0,590.0
16096,BSMCL/04/2021-22 /PATNA/CLUSTER-23,"EC Approved Sandghats of Patna (Cluster-23)
Bindaul Sand Ghat - 01   : ( MINEABLE QUANTITY - 15653115 ?CFT).","EC Approved Sandghats of Patna (Cluster-23)
Bindaul Sand Ghat - 01   : ( MINEABLE QUANTITY - 15653115 ?CFT).",39777750.0,INR,INR,2021-11-29 12:56:34+00:00,2021-11-29T07:11:28.562000+00:00,2021-12-09T14:17:21.351000+00:00,Ghanshyam Jha,"M.D.O, Muzaffarpur",Bihar State Mining Corporation Ltd.,"Vikash Bhawan (New Secretariat),  Bailey, Road, Patna- 800015",Ghanshyam Jha,"M.D.O, Muzaffarpur",Bihar State Mining Corporation Ltd.,9944438.0,29500.0,5900.0
16067,BSMCL-04/2021-2022/AURANGABAD/CLUSTER-26,"EC Approved Sand Ghat of Aurangabad (Cluster-26) 
NANUBIGHA B:( MINEABLE QUANTITY-6675480 CFT)","EC Approved Sand Ghat of Aurangabad (Cluster-26) 
NANUBIGHA B:( MINEABLE QUANTITY-6675480 CFT)",39289578.0,INR,INR,2021-11-29 11:23:38+00:00,2021-11-29T05:12:15.040000+00:00,2021-12-07T13:59:49+00:00,ANIL KUMAR,MDO,Bihar State Mining Corporation Limited,"VIKASH BHAWAN, PATNA",ANIL KUMAR,MDO,Bihar State Mining Corporation Limited,9822395.0,29500.0,5900.0
16100,BSMCL-04/2021-22/GAYA/CLUSTER-36,"EC Approved Sandghats of Gaya (Cluster - 36)
Tarwadih Sand Ghat : (Mineable Quantity - 11099838 CFT)","EC Approved Sandghats of Gaya (Cluster - 36)
Tarwadih Sand Ghat : (Mineable Quantity - 11099838 CFT)",8455054.0,INR,INR,2021-11-29 13:15:38+00:00,2021-11-29T07:16:44.046000+00:00,2021-12-09T14:11:22.385000+00:00,MUKESH KUMAR,MDO,Bihar State Mining Corporation Ltd,"VIKAS BHAWAN, PATNA",MUKESH KUMAR,MDO,Bihar State Mining Corporation Ltd,2113763.0,29500.0,3540.0
16093,BSMCL-04/2021-22/ROHTAS/CLUSTER-03,"EC APPROVED SANDGHATS OF ROHTAS (CLUSTER-03)
MANGRAWAN GHAT -A (MINEABLE QUANTITY - 7626960 CFT)","EC APPROVED SANDGHATS OF ROHTAS (CLUSTER-03)
MANGRAWAN GHAT -A (MINEABLE QUANTITY - 7626960 CFT)",65990508.0,INR,INR,2021-11-29 12:46:50+00:00,2021-11-29T07:04:38.184000+00:00,2021-12-09T15:31:57.336000+00:00,AKHLAK HUSSAIN,MDO,Bihar State Mining Corporation Ltd,"VIKASH BHAWAN, PATNA",AKHLAK HUSSAIN,MDO,Bihar State Mining Corporation Ltd,16497627.0,29500.0,5900.0
16091,BSMCL/04/2021-22 /PATNA/CLUSTER-20,"EC Approved Sandghats of Patna (Cluster-20)
Mahuar   : ( MINEABLE QUANTITY - 5573075 ?CFT).","EC Approved Sandghats of Patna (Cluster-20)
Mahuar   : ( MINEABLE QUANTITY - 5573075 ?CFT).",17572500.0,INR,INR,2021-11-29 12:53:08+00:00,2021-11-29T07:02:53.034000+00:00,2021-12-09T14:10:50.461000+00:00,Ghanshyam Jha,"M.D.O, Muzaffarpur",Bihar State Mining Corporation Ltd.,"Vikash Bhawan (New Secretariat),  Bailey, Road, Patna- 800015",Ghanshyam Jha,"M.D.O, Muzaffarpur",Bihar State Mining Corporation Ltd.,4393125.0,29500.0,3540.0
16099,BSMCL/04/2021-22 /PATNA/CLUSTER-24,"EC Approved Sandghats of Patna (Cluster-24)
Chilka tola   : ( MINEABLE QUANTITY - 10968800 ?CFT).","EC Approved Sandghats of Patna (Cluster-24)
Chilka tola   : ( MINEABLE QUANTITY - 10968800 ?CFT).",38340000.0,INR,INR,2021-11-29 12:59:40+00:00,2021-11-29T07:15:59.427000+00:00,2021-12-06T07:31:00+00:00,Ghanshyam Jha,"M.D.O, Muzaffarpur",Bihar State Mining Corporation Ltd.,"Vikash Bhawan (New Secretariat),  Bailey, Road, Patna- 800015",Ghanshyam Jha,"M.D.O, Muzaffarpur",Bihar State Mining Corporation Ltd.,9585000.0,29500.0,5900.0
16105,BSMCL/04/2021-22 /PATNA/CLUSTER-26,"EC Approved Sandghats of Patna (Cluster-26)
Modahi Sand Ghat   : ( MINEABLE QUANTITY - 15135795 ?CFT).","EC Approved Sandghats of Patna (Cluster-26)
Modahi Sand Ghat   : ( MINEABLE QUANTITY - 15135795 ?CFT).",38340000.0,INR,INR,2021-11-29 13:06:21+00:00,2021-11-29T07:23:12.246000+00:00,2021-12-06T07:31:00+00:00,Ghanshyam Jha,"M.D.O, Muzaffarpur",Bihar State Mining Corporation Ltd.,"Vikash Bhawan (New Secretariat),  Bailey, Road, Patna- 800015",Ghanshyam Jha,"M.D.O, Muzaffarpur",Bihar State Mining Corporation Ltd.,9585000.0,29500.0,5900.0
16108,BSMCL/04/2021-22 /PATNA/CLUSTER-27,"EC Approved Sandghats of Patna (Cluster-27)
MODAHI & KATESAR GHAT   : ( MINEABLE QUANTITY - 8406605 ?CFT).","EC Approved Sandghats of Patna (Cluster-27)
MODAHI & KATESAR GHAT   : ( MINEABLE QUANTITY - 8406605 ?CFT).",39618000.0,INR,INR,2021-11-29 13:08:53+00:00,2021-11-29T07:28:25.182000+00:00,2021-12-06T07:31:00+00:00,Ghanshyam Jha,"M.D.O, Muzaffarpur",Bihar State Mining Corporation Ltd.,"Vikash Bhawan (New Secretariat),  Bailey, Road, Patna- 800015",Ghanshyam Jha,"M.D.O, Muzaffarpur",Bihar State Mining Corporation Ltd.,9904500.0,29500.0,5900.0
16102,BSMCL-04/2021-22/SARAN/CLUSTER-02,"EC Approved Sandghats of Saran (Cluster- 02)
Shengar Tola Ghat, Shiv Shakti Ghat, Jan Tola Brahampur Ghat, (Mineable Quantity- 20341440 cft)","EC Approved Sandghats of Saran (Cluster- 02)
Shengar Tola Ghat, Shiv Shakti Ghat, Jan Tola Brahampur Ghat, (Mineable Quantity- 20341440 cft)",5666545.0,INR,INR,2021-11-29 11:08:04+00:00,2021-11-29T07:18:36.281000+00:00,2021-12-06T07:31:00+00:00,VIKASH KUMAR PASWAN,Mineral Development Officer,Bihar State Mining Corporation Limited,"VIKASH BHAWAN, PATNA",VIKASH KUMAR PASWAN,Mineral Development Officer,Bihar State Mining Corporation Limited,1416637.0,29500.0,590.0
16098,BSMCL-04/2021-22/GAYA/CLUSTER-35,"EC Approved Sandghats of Gaya (Cluster - 35)
Madarpur & Dhamaniya Sand Ghat : (Mineable Quantity - 8021200CFT)","EC Approved Sandghats of Gaya (Cluster - 35)
Madarpur & Dhamaniya Sand Ghat : (Mineable Quantity - 8021200CFT)",8125636.0,INR,INR,2021-11-29 13:14:02+00:00,2021-11-29T07:12:35.452000+00:00,2021-12-07T14:28:04+00:00,MUKESH KUMAR,MDO,Bihar State Mining Corporation Ltd,"VIKAS BHAWAN, PATNA",MUKESH KUMAR,MDO,Bihar State Mining Corporation Ltd,2031409.0,29500.0,3540.0
16111,BSMCL/04/2021-22 /PATNA/CLUSTER-28,"EC Approved Sandghats of Patna (Cluster-28)
Mustafapur   : ( MINEABLE QUANTITY - 14734913 ?CFT).","EC Approved Sandghats of Patna (Cluster-28)
Mustafapur   : ( MINEABLE QUANTITY - 14734913 ?CFT).",37541250.0,INR,INR,2021-11-29 13:11:58+00:00,2021-11-29T07:31:43.015000+00:00,2021-12-06T07:31:00+00:00,Ghanshyam Jha,"M.D.O, Muzaffarpur",Bihar State Mining Corporation Ltd.,"Vikash Bhawan (New Secretariat),  Bailey, Road, Patna- 800015",Ghanshyam Jha,"M.D.O, Muzaffarpur",Bihar State Mining Corporation Ltd.,9385313.0,29500.0,5900.0
16112,BSMCL-04/2021-22/ROHTAS/CLUSTER-06,"EC APPROVED SANDGHATS OF ROHTAS (CLUSTER-06)
SHANKARPURA GHAT -B (MINEABLE QUANTITY - 8135424 CFT)","EC APPROVED SANDGHATS OF ROHTAS (CLUSTER-06)
SHANKARPURA GHAT -B (MINEABLE QUANTITY - 8135424 CFT)",70389875.0,INR,INR,2021-11-29 12:42:05+00:00,2021-11-29T07:32:33.242000+00:00,2021-12-09T15:41:03.178000+00:00,AKHLAK HUSSAIN,MDO,Bihar State Mining Corporation Ltd,"VIKASH BHAWAN, PATNA",AKHLAK HUSSAIN,MDO,Bihar State Mining Corporation Ltd,17597469.0,29500.0,5900.0
16110,BSMCL-04/2021-22/SARAN/CLUSTER-03,"EC Approved Sandghats of Saran (Cluster- 03)
Tajpur Ghat, Nath Baba Ghat,  (Mineable Quantity- 13560960 cft)","EC Approved Sandghats of Saran (Cluster- 03)
Tajpur Ghat, Nath Baba Ghat,  (Mineable Quantity- 13560960 cft)",3777697.0,INR,INR,2021-11-29 11:11:14+00:00,2021-11-29T07:30:35.799000+00:00,2021-12-06T07:31:00+00:00,VIKASH KUMAR PASWAN,Mineral Development Officer,Bihar State Mining Corporation Limited,"VIKASH BHAWAN, PATNA",VIKASH KUMAR PASWAN,Mineral Development Officer,Bihar State Mining Corporation Limited,944425.0,29500.0,590.0
16107,BSMCL-04/2021-22/ROHTAS/CLUSTER-05,"EC APPROVED SANDGHATS OF ROHTAS (CLUSTER-05)
SHANKARPURA GHAT -A (MINEABLE QUANTITY - 8135424 CFT)","EC APPROVED SANDGHATS OF ROHTAS (CLUSTER-05)
SHANKARPURA GHAT -A (MINEABLE QUANTITY - 8135424 CFT)",70389875.0,INR,INR,2021-11-29 12:43:36+00:00,2021-11-29T07:25:31.425000+00:00,2021-12-09T15:37:49.060000+00:00,AKHLAK HUSSAIN,MDO,Bihar State Mining Corporation Ltd,"VIKASH BHAWAN, PATNA",AKHLAK HUSSAIN,MDO,Bihar State Mining Corporation Ltd,17597469.0,29500.0,5900.0
16121,BSMCL-04/2021-22/GAYA/CLUSTER-45,"EC Approved Sandghats of Gaya (Cluster - 45)
Baijudham Sand Ghat : (Mineable Quantity - 9746238 CFT)","EC Approved Sandghats of Gaya (Cluster - 45)
Baijudham Sand Ghat : (Mineable Quantity - 9746238 CFT)",8674665.0,INR,INR,2021-11-29 13:27:57+00:00,2021-11-29T07:40:59.868000+00:00,2021-12-07T14:29:35+00:00,MUKESH KUMAR,MDO,Bihar State Mining Corporation Ltd,"VIKAS BHAWAN, PATNA",MUKESH KUMAR,MDO,Bihar State Mining Corporation Ltd,2168666.0,29500.0,3540.0
16114,BSMCL-04/2021-2022/AURANGABAD/CLUSTER-31,"EC Approved Sand Ghat of Aurangabad (Cluster-31) 
Pawai Ghat, and Silar ghat:( MINEABLE QUANTITY-2577000 CFT)","EC Approved Sand Ghat of Aurangabad (Cluster-31) 
Pawai Ghat, and Silar ghat:( MINEABLE QUANTITY-2577000 CFT)",16239692.0,INR,INR,2021-11-29 11:20:35+00:00,2021-11-29T07:35:37.034000+00:00,2021-12-09T14:03:10.695000+00:00,ANIL KUMAR,MDO,Bihar State Mining Corporation Limited,"VIKASH BHAWAN, PATNA",ANIL KUMAR,MDO,Bihar State Mining Corporation Limited,4059923.0,29500.0,3540.0
16131,BSMCL/04/2021-22 /PATNA/CLUSTER-33,"EC Approved Sandghats of Patna (Cluster-33)
Kateshar  : ( MINEABLE QUANTITY -10004013).","EC Approved Sandghats of Patna (Cluster-33)
Kateshar  : ( MINEABLE QUANTITY -10004013).",35145000.0,INR,INR,2021-11-29 13:32:01+00:00,2021-11-29T07:51:07.859000+00:00,2021-12-06T07:31:00+00:00,Ghanshyam Jha,"M.D.O, Muzaffarpur",Bihar State Mining Corporation Ltd.,"Vikash Bhawan (New Secretariat),  Bailey, Road, Patna- 800015",Ghanshyam Jha,"M.D.O, Muzaffarpur",Bihar State Mining Corporation Ltd.,8786250.0,29500.0,5900.0
16128,BSMCL-04/2021-22/ROHTAS/CLUSTER-08,"EC APPROVED SANDGHATS OF ROHTAS (CLUSTER-08)
KAITHI GHAT (MINEABLE QUANTITY - 8135424 CFT)","EC APPROVED SANDGHATS OF ROHTAS (CLUSTER-08)
KAITHI GHAT (MINEABLE QUANTITY - 8135424 CFT)",70389875.0,INR,INR,2021-11-29 12:35:09+00:00,2021-11-29T07:49:26.800000+00:00,2021-12-09T15:43:29.041000+00:00,AKHLAK HUSSAIN,MDO,Bihar State Mining Corporation Ltd,"VIKASH BHAWAN, PATNA",AKHLAK HUSSAIN,MDO,Bihar State Mining Corporation Ltd,17597469.0,29500.0,5900.0
16117,BSMCL/04/2021-22 /PATNA/CLUSTER-29,"EC Approved Sandghats of Patna (Cluster-29)
AMNABAD GHAT and ANANDPUR   : ( MINEABLE QUANTITY - 16194155 ?CFT).","EC Approved Sandghats of Patna (Cluster-29)
AMNABAD GHAT and ANANDPUR   : ( MINEABLE QUANTITY - 16194155 ?CFT).",58788000.0,INR,INR,2021-11-29 13:17:03+00:00,2021-11-29T07:37:07.978000+00:00,2021-12-06T07:31:00+00:00,Ghanshyam Jha,"M.D.O, Muzaffarpur",Bihar State Mining Corporation Ltd.,"Vikash Bhawan (New Secretariat),  Bailey, Road, Patna- 800015",Ghanshyam Jha,"M.D.O, Muzaffarpur",Bihar State Mining Corporation Ltd.,14697000.0,29500.0,5900.0
16136,BSMCL/04/2021-22 /PATNA/CLUSTER-34,"EC Approved Sandghats of Patna (Cluster-34)
Tekhapur  : ( MINEABLE QUANTITY -10455063 CFT).","EC Approved Sandghats of Patna (Cluster-34)
Tekhapur  : ( MINEABLE QUANTITY -10455063 CFT).",36742500.0,INR,INR,2021-11-29 13:35:01+00:00,2021-11-29T07:55:12.044000+00:00,2021-12-06T07:31:00+00:00,Ghanshyam Jha,"M.D.O, Muzaffarpur",Bihar State Mining Corporation Ltd.,"Vikash Bhawan (New Secretariat),  Bailey, Road, Patna- 800015",Ghanshyam Jha,"M.D.O, Muzaffarpur",Bihar State Mining Corporation Ltd.,9185625.0,29500.0,5900.0
16139,BSMCL-04/2021-22/GAYA/CLUSTER-59,"EC Approved Sandghats of Gaya (Cluster - 59)
Maraha Sand Ghat: (Mineable Quantity - 11669988 CFT)","EC Approved Sandghats of Gaya (Cluster - 59)
Maraha Sand Ghat: (Mineable Quantity - 11669988 CFT)",8674665.0,INR,INR,2021-11-29 13:33:08+00:00,2021-11-29T07:56:30.238000+00:00,2021-12-07T14:31:25+00:00,MUKESH KUMAR,MDO,Bihar State Mining Corporation Ltd,"VIKAS BHAWAN, PATNA",MUKESH KUMAR,MDO,Bihar State Mining Corporation Ltd,2168666.0,29500.0,3540.0
16134,BSMCL-04/2021-22/SARAN/CLUSTER-06,"EC Approved Sandghats of Saran (Cluster- 06)
Musepur Balua Ghat, Jhaua Ghat-1, Bodha Chapra Ghat, Mathurapur Ghat  (Mineable Quantity- 21900950.4 cft)","EC Approved Sandghats of Saran (Cluster- 06)
Musepur Balua Ghat, Jhaua Ghat-1, Bodha Chapra Ghat, Mathurapur Ghat  (Mineable Quantity- 21900950.4 cft)",6100980.0,INR,INR,2021-11-29 11:13:37+00:00,2021-11-29T07:52:52.481000+00:00,2021-12-06T07:31:00+00:00,VIKASH KUMAR PASWAN,Mineral Development Officer,Bihar State Mining Corporation Limited,"VIKASH BHAWAN, PATNA",VIKASH KUMAR PASWAN,Mineral Development Officer,Bihar State Mining Corporation Limited,1525245.0,29500.0,590.0
16133,BSMCL-04/2021-22/GAYA/CLUSTER-57,"EC Approved Sandghats of Gaya (Cluster - 57)
Milkibagh Sand Ghat & Paraiya Sand Ghat: (Mineable Quantity - 7712688 CFT)","EC Approved Sandghats of Gaya (Cluster - 57)
Milkibagh Sand Ghat & Paraiya Sand Ghat: (Mineable Quantity - 7712688 CFT)",7320393.0,INR,INR,2021-11-29 13:31:48+00:00,2021-11-29T07:52:52.210000+00:00,2021-12-09T14:14:21.361000+00:00,MUKESH KUMAR,MDO,Bihar State Mining Corporation Ltd,"VIKAS BHAWAN, PATNA",MUKESH KUMAR,MDO,Bihar State Mining Corporation Ltd,1830098.0,29500.0,3540.0
16125,BSMCL/04/2021-22 /PATNA/CLUSTER-32,"EC Approved Sandghats of Patna (Cluster-32)
Anandpur Mahui   : ( MINEABLE QUANTITY -15405930 ?CFT).","EC Approved Sandghats of Patna (Cluster-32)
Anandpur Mahui   : ( MINEABLE QUANTITY -15405930 ?CFT).",39458250.0,INR,INR,2021-11-29 13:28:45+00:00,2021-11-29T07:44:50.380000+00:00,2021-12-06T07:31:00+00:00,Ghanshyam Jha,"M.D.O, Muzaffarpur",Bihar State Mining Corporation Ltd.,"Vikash Bhawan (New Secretariat),  Bailey, Road, Patna- 800015",Ghanshyam Jha,"M.D.O, Muzaffarpur",Bihar State Mining Corporation Ltd.,9864563.0,29500.0,5900.0
16137,BSMCL-04/2021-22/BHOJPUR/CLUSTER-09,"EC Approved Sandghats of Bhojpur (Cluster-09)
Lodipur Sand Ghat (Mineable Quantity -12474000 CFT)","EC Approved Sandghats of Bhojpur (Cluster-09)
Lodipur Sand Ghat (Mineable Quantity -12474000 CFT)",43492373.0,INR,INR,2021-11-29 13:29:15+00:00,2021-11-29T07:56:20.198000+00:00,2021-12-09T13:45:16.581000+00:00,Rajesh Kumar Kushwaha,MDO,BSMCL,"Vikash Bhwan, patna",RAJESH KUMAR KUSHWAHA,MDO,BIHAR STATE MINING CORPORATION LIMITED,10873093.0,29500.0,5900.0
16149,BSMCL/04/2021-22 /PATNA/CLUSTER-40,"EC Approved Sandghats of Patna (Cluster-40)
SUNDARPUR GHAT, SUNDARPUR GHAT-1, DEODAR BAKHTIYARPUR GHAT And Damariyahi
Bakhtiyarpur  : ( MINEABLE QUANTITY - 34502580 CFT).","EC Approved Sandghats of Patna (Cluster-40)
SUNDARPUR GHAT, SUNDARPUR GHAT-1, DEODAR BAKHTIYARPUR GHAT And Damariyahi
Bakhtiyarpur  : ( MINEABLE QUANTITY - 34502580 CFT).",19609200.0,INR,INR,2021-11-29 13:43:07+00:00,2021-11-29T08:07:05.209000+00:00,2021-12-06T07:31:00+00:00,Ghanshyam Jha,"M.D.O, Muzaffarpur",Bihar State Mining Corporation Ltd.,"Vikash Bhawan (New Secretariat),  Bailey, Road, Patna- 800015",Ghanshyam Jha,"M.D.O, Muzaffarpur",Bihar State Mining Corporation Ltd.,4902300.0,29500.0,3540.0
16103,BSMCL/04/2021-22 /PATNA/CLUSTER-25,"EC Approved Sandghats of Patna (Cluster-25)
KAURIYA GHAT, Pareo Sand Ghat   : ( MINEABLE QUANTITY - 16244708 ?CFT).","EC Approved Sandghats of Patna (Cluster-25)
KAURIYA GHAT, Pareo Sand Ghat   : ( MINEABLE QUANTITY - 16244708 ?CFT).",44730000.0,INR,INR,2021-11-29 13:03:29+00:00,2021-11-29T07:20:17.393000+00:00,2021-12-06T07:31:00+00:00,Ghanshyam Jha,"M.D.O, Muzaffarpur",Bihar State Mining Corporation Ltd.,"Vikash Bhawan (New Secretariat),  Bailey, Road, Patna- 800015",Ghanshyam Jha,"M.D.O, Muzaffarpur",Bihar State Mining Corporation Ltd.,11182500.0,29500.0,5900.0
16094,BSMCL/04/2021-22 /PATNA/CLUSTER-22,"EC Approved Sandghats of Patna (Cluster-22)
Bindaul Sand Ghat   : ( MINEABLE QUANTITY - 15512445 ?CFT).","EC Approved Sandghats of Patna (Cluster-22)
Bindaul Sand Ghat   : ( MINEABLE QUANTITY - 15512445 ?CFT).",39618000.0,INR,INR,2021-11-29 12:54:16+00:00,2021-11-29T07:07:00.482000+00:00,2021-12-09T14:14:29.197000+00:00,Ghanshyam Jha,"M.D.O, Muzaffarpur",Bihar State Mining Corporation Ltd.,"Vikash Bhawan (New Secretariat),  Bailey, Road, Patna- 800015",Ghanshyam Jha,"M.D.O, Muzaffarpur",Bihar State Mining Corporation Ltd.,9904500.0,29500.0,5900.0
16101,BSMCL-04/2021-22/BHOJPUR/CLUSTER-04,"EC Approved Sandghats of Bhojpur (Cluster-04)
Andhari Ghat 1 (Mineable Quantity -8304912 CFT)","EC Approved Sandghats of Bhojpur (Cluster-04)
Andhari Ghat 1 (Mineable Quantity -8304912 CFT)",53278157.0,INR,INR,2021-11-29 12:57:14+00:00,2021-11-29T07:17:19.491000+00:00,2021-12-07T22:23:20+00:00,Rajesh Kumar Kushwaha,MDO,BSMCL,"Vikash Bhwan, patna",RAJESH KUMAR KUSHWAHA,MDO,BIHAR STATE MINING CORPORATION LIMITED,13319539.0,29500.0,5900.0
16145,BSMCL/04/2021-22 /PATNA/CLUSTER-36,"EC Approved Sandghats of Patna (Cluster-36)
HALDI CHAPRA GHAT-1, HALDI CHAPRA GHAT-2 AND Haldi Chapra  : ( MINEABLE QUANTITY - 25477135 CFT).","EC Approved Sandghats of Patna (Cluster-36)
HALDI CHAPRA GHAT-1, HALDI CHAPRA GHAT-2 AND Haldi Chapra  : ( MINEABLE QUANTITY - 25477135 CFT).",14581200.0,INR,INR,2021-11-29 13:40:01+00:00,2021-11-29T08:03:28.461000+00:00,2021-12-06T07:31:00+00:00,Ghanshyam Jha,"M.D.O, Muzaffarpur",Bihar State Mining Corporation Ltd.,"Vikash Bhawan (New Secretariat),  Bailey, Road, Patna- 800015",Ghanshyam Jha,"M.D.O, Muzaffarpur",Bihar State Mining Corporation Ltd.,3645300.0,29500.0,3540.0
16140,BSMCL/04/2021-22 /PATNA/CLUSTER-35,"EC Approved Sandghats of Patna (Cluster-35)
Patila  : ( MINEABLE QUANTITY -9869750 CFT).","EC Approved Sandghats of Patna (Cluster-35)
Patila  : ( MINEABLE QUANTITY -9869750 CFT).",35145000.0,INR,INR,2021-11-29 13:37:10+00:00,2021-11-29T07:59:45.515000+00:00,2021-12-06T07:31:00+00:00,Ghanshyam Jha,"M.D.O, Muzaffarpur",Bihar State Mining Corporation Ltd.,"Vikash Bhawan (New Secretariat),  Bailey, Road, Patna- 800015",Ghanshyam Jha,"M.D.O, Muzaffarpur",Bihar State Mining Corporation Ltd.,8786250.0,29500.0,5900.0
16163,BSMCL-04/2021-22/SARAN/CLUSTER-10,"EC Approved Sandghats of Saran (Cluster- 10)
Ganjmasuriya Ghat, Rewa Ghat, Badichak Ghat  (Mineable Quantity-24409728 cft)","EC Approved Sandghats of Saran (Cluster- 10)
Ganjmasuriya Ghat, Rewa Ghat, Badichak Ghat  (Mineable Quantity-24409728 cft)",6875407.0,INR,INR,2021-11-29 11:18:08+00:00,2021-11-29T08:20:39.181000+00:00,2021-12-06T07:31:00+00:00,VIKASH KUMAR PASWAN,Mineral Development Officer,Bihar State Mining Corporation Limited,"VIKASH BHAWAN, PATNA",VIKASH KUMAR PASWAN,Mineral Development Officer,Bihar State Mining Corporation Limited,1718852.0,29500.0,590.0
16146,BSMCL-04/2021-22/SARAN/CLUSTER-07,"EC Approved Sandghats of Saran (Cluster- 07)
Manupur Dighwara Ghat, Dighwara  Ghat, Dighwara Ghat-1  (Mineable Quantity-25223385.6 cft)","EC Approved Sandghats of Saran (Cluster- 07)
Manupur Dighwara Ghat, Dighwara  Ghat, Dighwara Ghat-1  (Mineable Quantity-25223385.6 cft)",7026515.0,INR,INR,2021-11-29 11:15:35+00:00,2021-11-29T08:03:58.573000+00:00,2021-12-06T07:31:00+00:00,VIKASH KUMAR PASWAN,Mineral Development Officer,Bihar State Mining Corporation Limited,"VIKASH BHAWAN, PATNA",VIKASH KUMAR PASWAN,Mineral Development Officer,Bihar State Mining Corporation Limited,1756629.0,29500.0,3540.0
16160,BSMCL/04/2021-22 /PATNA/CLUSTER-42,"EC Approved Sandghats of Patna (Cluster-42)
MOKAMA CHINTAMANICHAK-1, HATHIDAH GHAT, Dariyapur, Marachi, MOR GHAT   : ( MINEABLE QUANTITY - 40010682 CFT).","EC Approved Sandghats of Patna (Cluster-42)
MOKAMA CHINTAMANICHAK-1, HATHIDAH GHAT, Dariyapur, Marachi, MOR GHAT   : ( MINEABLE QUANTITY - 40010682 CFT).",21704200.0,INR,INR,2021-11-29 13:48:27+00:00,2021-11-29T08:16:35.195000+00:00,2021-12-09T14:26:22.185000+00:00,Ghanshyam Jha,"M.D.O, Muzaffarpur",Bihar State Mining Corporation Ltd.,"Vikash Bhawan (New Secretariat),  Bailey, Road, Patna- 800015",Ghanshyam Jha,"M.D.O, Muzaffarpur",Bihar State Mining Corporation Ltd.,5426050.0,29500.0,3540.0
16157,BSMCL-04/2021-22/SARAN/CLUSTER-08,"EC Approved Sandghats of Saran (Cluster- 08)
Dighwara Ghat -2, Dighwara  Ghat  - 3  (Mineable Quantity-16815590 cft)","EC Approved Sandghats of Saran (Cluster- 08)
Dighwara Ghat -2, Dighwara  Ghat  - 3  (Mineable Quantity-16815590 cft)",4684343.0,INR,INR,2021-11-29 11:17:15+00:00,2021-11-29T08:14:18.936000+00:00,2021-12-06T07:31:00+00:00,VIKASH KUMAR PASWAN,Mineral Development Officer,Bihar State Mining Corporation Limited,"VIKASH BHAWAN, PATNA",VIKASH KUMAR PASWAN,Mineral Development Officer,Bihar State Mining Corporation Limited,1171086.0,29500.0,590.0
16152,BSMCL/04/2021-22 /PATNA/CLUSTER-41,"EC Approved Sandghats of Patna (Cluster-41)
Dhiwar (N.T.P.C, Badh), NTPC Barh, NAWADA GHAT, Brahpur And Mokama-
Chintamanichak   : ( MINEABLE QUANTITY - 44905935 CFT).","EC Approved Sandghats of Patna (Cluster-41)
Dhiwar (N.T.P.C, Badh), NTPC Barh, NAWADA GHAT, Brahpur And Mokama-
Chintamanichak   : ( MINEABLE QUANTITY - 44905935 CFT).",24637200.0,INR,INR,2021-11-29 13:45:44+00:00,2021-11-29T08:11:10.718000+00:00,2021-12-09T14:20:42.378000+00:00,Ghanshyam Jha,"M.D.O, Muzaffarpur",Bihar State Mining Corporation Ltd.,"Vikash Bhawan (New Secretariat),  Bailey, Road, Patna- 800015",Ghanshyam Jha,"M.D.O, Muzaffarpur",Bihar State Mining Corporation Ltd.,6159300.0,29500.0,3540.0
16165,BSMCL/04/2021-22 /PATNA/CLUSTER-43,"EC Approved Sandghats of Patna (Cluster-43)
Diwan, Satparsha, Sai, Nadpura, Bibipur Nanura, Paverha, Masadhi And Devdaha   : ( MINEABLE QUANTITY - 4624325 CFT).","EC Approved Sandghats of Patna (Cluster-43)
Diwan, Satparsha, Sai, Nadpura, Bibipur Nanura, Paverha, Masadhi And Devdaha   : ( MINEABLE QUANTITY - 4624325 CFT).",856800.0,INR,INR,2021-11-29 13:52:11+00:00,2021-11-29T08:20:49.676000+00:00,2021-12-09T14:28:58.538000+00:00,Ghanshyam Jha,"M.D.O, Muzaffarpur",Bihar State Mining Corporation Ltd.,"Vikash Bhawan (New Secretariat),  Bailey, Road, Patna- 800015",Ghanshyam Jha,"M.D.O, Muzaffarpur",Bihar State Mining Corporation Ltd.,214200.0,29500.0,590.0
16176,NIT-28/2021-22/MUZAFFARPUR,"Construction of 45 Nos.125 mm x 40 mm x 61.00 Mtr. Deep hand operated T/well with India Mark II Hand Pump with P.C.C. platform and P.C.C. drain in Habitations (SC) id. Under IMIS of Jal Shakti under Special Central Assistance to Scheduled Caste Sub Plan (SCA to SCSP) for the year 2021-22. P.H.DIVISION, MUZAFFARPUR","Construction of 45 Nos.125 mm x 40 mm x 61.00 Mtr. Deep hand operated T/well with India Mark II Hand Pump with P.C.C. platform and P.C.C. drain in Habitations (SC) id. Under IMIS of Jal Shakti under Special Central Assistance to Scheduled Caste Sub Plan (SCA to SCSP) for the year 2021-22. P.H.DIVISION, MUZAFFARPUR",2524801.0,INR,INR,2021-11-29 09:20:44+00:00,2021-11-29T08:44:31.882000+00:00,2021-12-21T12:42:12+00:00,EXECUTIVE ENGINEER MUZAFFARPUR DIVISION,EE,MUZAFFARPUR DIVISION,MUZAFFARPUR DIVISION,"EXECUTIVE ENGINEER, P.H. DIVISION MUZAFFARPUR",EE,MUZAFFARPUR DIVISION,50500.0,5000.0,590.0
16169,BSMCL-04/2021-22/BHOJPUR/CLUSTER-15,"EC Approved Sandghats of Bhojpur (Cluster-15)
Baruhi Ghat 1  (Mineable Quantity -6779520 CFT)","EC Approved Sandghats of Bhojpur (Cluster-15)
Baruhi Ghat 1  (Mineable Quantity -6779520 CFT)",43492373.0,INR,INR,2021-11-29 13:24:44+00:00,2021-11-29T08:27:45.259000+00:00,2021-12-09T13:50:11.506000+00:00,Rajesh Kumar Kushwaha,MDO,BSMCL,"Vikash Bhwan, patna",RAJESH KUMAR KUSHWAHA,MDO,BIHAR STATE MINING CORPORATION LIMITED,10873093.0,29500.0,5900.0
16178,BSMCL-04/2021-22/ROHTAS/CLUSTER-14,"EC APPROVED SANDGHATS OF ROHTAS (CLUSTER-14)
PARUHAR GHAT (MINEABLE QUANTITY -8406605CFT)","EC APPROVED SANDGHATS OF ROHTAS (CLUSTER-14)
PARUHAR GHAT (MINEABLE QUANTITY -8406605CFT)",72736204.0,INR,INR,2021-11-29 12:23:33+00:00,2021-11-29T08:45:09.381000+00:00,2021-12-09T15:48:19.085000+00:00,AKHLAK HUSSAIN,MDO,Bihar State Mining Corporation Ltd,"VIKASH BHAWAN, PATNA",AKHLAK HUSSAIN,MDO,Bihar State Mining Corporation Ltd,18184051.0,29500.0,5900.0
16168,N.I.T. No. 01F2/2021-2022,Strengthening of left bank at Different R.D. of Ranipatti Distributory Ex- R.D - 60.20 (R) of EKMC  under Irrigation Division Birpur,Strengthening of left bank at Different R.D. of Ranipatti Distributory Ex- R.D - 60.20 (R) of EKMC  under Irrigation Division Birpur,2276478.0,INR,INR,2021-11-29 09:41:34+00:00,2021-11-29T08:27:18.354000+00:00,2022-02-16T06:15:20+00:00,MD TAHIR HUSSAIN,Executive Engineer,Water Resource Department,"Irrigation Division, Birpur",Shreekant Shukla,SUPERINTENDING ENGINEER,WATER RESOURCE DEPARTMENT,45600.0,5000.0,590.0
16196,BSMCL-04/2021-22/BHOJPUR/CLUSTER-24,"EC Approved Sandghats of Bhojpur (Cluster-24)
Phulari Sand Ghat  (Mineable Quantity -13824000 CFT)","EC Approved Sandghats of Bhojpur (Cluster-24)
Phulari Sand Ghat  (Mineable Quantity -13824000 CFT)",47841610.0,INR,INR,2021-11-29 13:18:36+00:00,2021-11-29T09:06:40.120000+00:00,2021-12-07T22:25:25+00:00,Rajesh Kumar Kushwaha,MDO,BSMCL,"Vikash Bhwan, patna",RAJESH KUMAR KUSHWAHA,MDO,BIHAR STATE MINING CORPORATION LIMITED,11960403.0,29500.0,5900.0
16187,BSMCL-04/2021-22/ROHTAS/CLUSTER-19,"EC APPROVED SANDGHATS OF ROHTAS (CLUSTER-19)
MAHADEVA GHAT-1, MAHADEVA(MINEABLE QUANTITY -10920274CFT)","EC APPROVED SANDGHATS OF ROHTAS (CLUSTER-19)
MAHADEVA GHAT-1, MAHADEVA(MINEABLE QUANTITY -10920274CFT)",84174559.0,INR,INR,2021-11-29 12:14:47+00:00,2021-11-29T08:55:44.084000+00:00,2021-12-09T15:50:42.960000+00:00,AKHLAK HUSSAIN,MDO,Bihar State Mining Corporation Ltd,"VIKASH BHAWAN, PATNA",AKHLAK HUSSAIN,MDO,Bihar State Mining Corporation Ltd,21043640.0,29500.0,5900.0
16170,BSMCL-04/2021-22/SARAN/CLUSTER-12,"EC Approved Sandghats of Saran (Cluster- 12)
Kalighat Darihara Saraaia(Mineable Quantity-10305725 cft)","EC Approved Sandghats of Saran (Cluster- 12)
Kalighat Darihara Saraaia(Mineable Quantity-10305725 cft)",2266618.0,INR,INR,2021-11-29 11:19:25+00:00,2021-11-29T08:27:59.939000+00:00,2021-12-06T07:31:00+00:00,VIKASH KUMAR PASWAN,Mineral Development Officer,Bihar State Mining Corporation Limited,"VIKASH BHAWAN, PATNA",VIKASH KUMAR PASWAN,Mineral Development Officer,Bihar State Mining Corporation Limited,566655.0,29500.0,590.0
16199,BSMCL-04/2021-22/BHOJPUR/CLUSTER-25,"EC Approved Sandghats of Bhojpur (Cluster-25)
Khandaul Saraiya Sand Ghat  (Mineable Quantity -14397750 CFT)","EC Approved Sandghats of Bhojpur (Cluster-25)
Khandaul Saraiya Sand Ghat  (Mineable Quantity -14397750 CFT)",49581305.0,INR,INR,2021-11-29 13:17:53+00:00,2021-11-29T09:09:33.943000+00:00,2021-12-07T22:26:10+00:00,Rajesh Kumar Kushwaha,MDO,BSMCL,"Vikash Bhwan, patna",RAJESH KUMAR KUSHWAHA,MDO,BIHAR STATE MINING CORPORATION LIMITED,12395326.0,29500.0,5900.0
16186,BSMCL-04/2021-22/BHOJPUR/CLUSTER-21,"EC Approved Sandghats of Bhojpur (Cluster-21)
Naraiyanaganj Sand Ghat  (Mineable Quantity -12467250 CFT)","EC Approved Sandghats of Bhojpur (Cluster-21)
Naraiyanaganj Sand Ghat  (Mineable Quantity -12467250 CFT)",43492373.0,INR,INR,2021-11-29 13:20:37+00:00,2021-11-29T08:54:06.437000+00:00,2021-12-07T22:18:09+00:00,Rajesh Kumar Kushwaha,MDO,BSMCL,"Vikash Bhwan, patna",RAJESH KUMAR KUSHWAHA,MDO,BIHAR STATE MINING CORPORATION LIMITED,10873093.0,29500.0,5900.0
16201,BSMCL-04/2021-22/JAMUI/CLUSTER-08,"EC approved Sandghat of Jamui (Cluster-08)
(Raksha Oraiya) (Minable Quantity- 9512687.5 CFT)","EC approved Sandghat of Jamui (Cluster-08)
(Raksha Oraiya) (Minable Quantity- 9512687.5 CFT)",14163579.0,INR,INR,2021-11-29 11:29:36+00:00,2021-11-29T09:10:50.203000+00:00,2021-12-09T13:54:24.886000+00:00,Lal Bihari Prasad,MDO,Bihar State Mining Corporation Ltd,"Vikash Bhawan, Patna",Lal Bihari Prasad,MDO,Bihar State Mining Corporation Ltd,3540895.0,29500.0,3540.0
16200,21/E/WSD/2021/PMC/09,"Laying water supply pipe line in Basist Colony, Barahpur Road and house to house connection at Ward No. 11.","Laying water supply pipe line in Basist Colony, Barahpur Road and house to house connection at Ward No. 11.",4752955.0,INR,INR,2021-11-30 10:10:46+00:00,2021-11-29T09:10:48.881000+00:00,2022-06-18T07:34:07+00:00,Sri Ramswarup Prasad,"EE, Water Supply Division, PMC, Patna","Water Supply Division, Patna Municipal Corporation, Patna","Patna Water Board, Road No 02, Miller High School, Beer Chand Patel Path, Patna",Sri Ramswarup Prasad,"EE, Water Supply Division, PMC, Patna","Water Supply Division, Patna Municipal Corporation, Patna",95100.0,5000.0,590.0
16190,BSMCL-04/2021-22/BHOJPUR/CLUSTER-22,"EC Approved Sandghats of Bhojpur (Cluster-22)
Baga Bhikhamchak Sand Ghat  (Mineable Quantity -15639750 CFT)","EC Approved Sandghats of Bhojpur (Cluster-22)
Baga Bhikhamchak Sand Ghat  (Mineable Quantity -15639750 CFT)",53713081.0,INR,INR,2021-11-29 13:19:55+00:00,2021-11-29T08:59:25.702000+00:00,2021-12-09T13:59:13.434000+00:00,Rajesh Kumar Kushwaha,MDO,BSMCL,"Vikash Bhwan, patna",RAJESH KUMAR KUSHWAHA,MDO,BIHAR STATE MINING CORPORATION LIMITED,13428270.0,29500.0,5900.0
16202,BSMCL-04\2021-22/Lakhisarai/CLUSTER-09,EC Approved Sandghats of Lakhisarai (Cluster -09) Nagadar Sand Ghat : (Mineable Quantity -9885775 CFT),EC Approved Sandghats of Lakhisarai (Cluster -09) Nagadar Sand Ghat : (Mineable Quantity -9885775 CFT),50838279.0,INR,INR,2021-11-29 11:25:19+00:00,2021-11-29T09:13:13.949000+00:00,2021-12-09T13:50:17.370000+00:00,SURENDRA PRASAD SINHA,MDO (HQ),BIHAR STATE MINES CORPORATION LIMITED PATNA,"VIKASH BHAWAN, PATNA",Surendra Prasad Sinha,MDO (HQ),BIHAR STATE MINES CORPORATION LIMITED PATNA,12709570.0,29500.0,5900.0
16183,BSMCL-04/2021-22/BHOJPUR/CLUSTER-20,"EC Approved Sandghats of Bhojpur (Cluster-20)
Kirkiri   (Mineable Quantity -9730525 CFT)","EC Approved Sandghats of Bhojpur (Cluster-20)
Kirkiri   (Mineable Quantity -9730525 CFT)",32619280.0,INR,INR,2021-11-29 13:21:21+00:00,2021-11-29T08:51:10.169000+00:00,2021-12-09T13:55:36.463000+00:00,Rajesh Kumar Kushwaha,MDO,BSMCL,"Vikash Bhwan, patna",RAJESH KUMAR KUSHWAHA,MDO,BIHAR STATE MINING CORPORATION LIMITED,8154820.0,29500.0,5900.0
16208,21/E/WSD/2021/PMC/10,"Laying water supply pipe line in Do-pulwa Durga Mandir Road, Chamar Toli, Palastic Gali and house to house connection at Ward No. 17.","Laying water supply pipe line in Do-pulwa Durga Mandir Road, Chamar Toli, Palastic Gali and house to house connection at Ward No. 17.",4451271.0,INR,INR,2021-11-30 10:12:03+00:00,2021-11-29T09:18:47.860000+00:00,2022-06-16T07:13:50+00:00,Sri Ramswarup Prasad,"EE, Water Supply Division, PMC, Patna","Water Supply Division, Patna Municipal Corporation, Patna","Patna Water Board, Road No 02, Miller High School, Beer Chand Patel Path, Patna",Sri Ramswarup Prasad,"EE, Water Supply Division, PMC, Patna","Water Supply Division, Patna Municipal Corporation, Patna",89100.0,5000.0,590.0
16155,BSMCL-04/2021-22/ROHTAS/CLUSTER-10,"EC APPROVED SANDGHATS OF ROHTAS (CLUSTER-10)
PARUAHARA GHAT-2 (MINEABLE QUANTITY - 8135424 CFT)","EC APPROVED SANDGHATS OF ROHTAS (CLUSTER-10)
PARUAHARA GHAT-2 (MINEABLE QUANTITY - 8135424 CFT)",70389875.0,INR,INR,2021-11-29 12:31:30+00:00,2021-11-29T08:13:32.645000+00:00,2021-12-09T15:45:55.313000+00:00,AKHLAK HUSSAIN,MDO,Bihar State Mining Corporation Ltd,"VIKASH BHAWAN, PATNA",AKHLAK HUSSAIN,MDO,Bihar State Mining Corporation Ltd,17597469.0,29500.0,5900.0
16204,BSMCL-04/2021-22/JAMUI/CLUSTER-11,"EC approved Sandghat of Jamui (Cluster-11)
(Judgi) (Minable Quantity- 9875300 CFT)","EC approved Sandghat of Jamui (Cluster-11)
(Judgi) (Minable Quantity- 9875300 CFT)",13868515.0,INR,INR,2021-11-29 11:30:39+00:00,2021-11-29T09:15:18.739000+00:00,2021-12-07T14:37:46+00:00,Lal Bihari Prasad,MDO,Bihar State Mining Corporation Ltd,"Vikash Bhawan, Patna",Lal Bihari Prasad,MDO,Bihar State Mining Corporation Ltd,3467129.0,29500.0,3540.0
16210,BSMCL-04/2021-22/JAMUI/CLUSTER-21,"EC approved Sandghat of Jamui (Cluster-21)
(Panvarba) (Minable Quantity- 9107012.5 CFT)","EC approved Sandghat of Jamui (Cluster-21)
(Panvarba) (Minable Quantity- 9107012.5 CFT)",12983323.0,INR,INR,2021-11-29 11:33:48+00:00,2021-11-29T09:25:20.863000+00:00,2021-12-07T14:40:55+00:00,Lal Bihari Prasad,MDO,Bihar State Mining Corporation Ltd,"Vikash Bhawan, Patna",Lal Bihari Prasad,MDO,Bihar State Mining Corporation Ltd,3245831.0,29500.0,3540.0
16218,21/E/WSD/2021/PMC/12,"House to house connection in Chandpur Bela, Diwakar Colony Gali, Medical Hall, Chamar Toli and Chapra Colony at Ward No. 17.","House to house connection in Chandpur Bela, Diwakar Colony Gali, Medical Hall, Chamar Toli and Chapra Colony at Ward No. 17.",1009300.0,INR,INR,2021-11-30 10:15:03+00:00,2021-11-29T09:42:55.020000+00:00,2022-05-09T08:12:28+00:00,Sri Ramswarup Prasad,"EE, Water Supply Division, PMC, Patna","Water Supply Division, Patna Municipal Corporation, Patna","Patna Water Board, Road No 02, Miller High School, Beer Chand Patel Path, Patna",Sri Ramswarup Prasad,"EE, Water Supply Division, PMC, Patna","Water Supply Division, Patna Municipal Corporation, Patna",20200.0,2500.0,590.0
16219,BSMCL-04/2021-22/JAMUI/CLUSTER-32,"EC approved Sandghat of Jamui (Cluster-32)
(Kalyanpur) (Minable Quantity- 9052337.5 CFT)","EC approved Sandghat of Jamui (Cluster-32)
(Kalyanpur) (Minable Quantity- 9052337.5 CFT)",12687758.0,INR,INR,2021-11-29 11:40:21+00:00,2021-11-29T09:43:10.047000+00:00,2021-12-07T14:48:46+00:00,Lal Bihari Prasad,MDO,Bihar State Mining Corporation Ltd,"Vikash Bhawan, Patna",Lal Bihari Prasad,MDO,Bihar State Mining Corporation Ltd,3171940.0,29500.0,3540.0
16213,21/E/WSD/2021/PMC/11,"House to house connection in under Kuan Gali, Ramdas Path, Moti Paan Gali at Ward No. 19.","House to house connection in under Kuan Gali, Ramdas Path, Moti Paan Gali at Ward No. 19.",696100.0,INR,INR,2021-11-30 10:13:32+00:00,2021-11-29T09:33:57.637000+00:00,2022-05-28T08:55:47+00:00,Sri Ramswarup Prasad,"EE, Water Supply Division, PMC, Patna","Water Supply Division, Patna Municipal Corporation, Patna","Patna Water Board, Road No 02, Miller High School, Beer Chand Patel Path, Patna",Sri Ramswarup Prasad,"EE, Water Supply Division, PMC, Patna","Water Supply Division, Patna Municipal Corporation, Patna",14000.0,1250.0,590.0
16225,BSMCL-04/2021-22/BHOJPUR/CLUSTER-35,"EC Approved Sandghats of Bhojpur (Cluster-35)
Khangaon Sand Ghat 1   (Mineable Quantity -8406604.80 CFT)","EC Approved Sandghats of Bhojpur (Cluster-35)
Khangaon Sand Ghat 1   (Mineable Quantity -8406604.80 CFT)",53930543.0,INR,INR,2021-11-29 13:11:17+00:00,2021-11-29T09:58:28.057000+00:00,2021-12-07T22:27:41+00:00,Rajesh Kumar Kushwaha,MDO,BSMCL,"Vikash Bhwan, patna",RAJESH KUMAR KUSHWAHA,MDO,BIHAR STATE MINING CORPORATION LIMITED,13482636.0,29500.0,5900.0
16222,21/E/WSD/2021/PMC/13,"Laying HDPE pipe line in Durga Ashram Gali, Sheikhpura, Prem Bhawan Gali, Jai Prakash Nagar Nala and house to house connection at Ward No. 05.","Laying HDPE pipe line in Durga Ashram Gali, Sheikhpura, Prem Bhawan Gali, Jai Prakash Nagar Nala and house to house connection at Ward No. 05.",3130808.0,INR,INR,2021-11-30 10:17:17+00:00,2021-11-29T09:51:42.252000+00:00,2022-03-23T10:10:15+00:00,Sri Ramswarup Prasad,"EE, Water Supply Division, PMC, Patna","Water Supply Division, Patna Municipal Corporation, Patna","Patna Water Board, Road No 02, Miller High School, Beer Chand Patel Path, Patna",Sri Ramswarup Prasad,"EE, Water Supply Division, PMC, Patna","Water Supply Division, Patna Municipal Corporation, Patna",62700.0,5000.0,590.0
16226,21/E/WSD/2021/PMC/14,"Missing pipe line in Ritha Road in Chai Dukan to Birla Mandir Road, P.N.B. A.T.M. Center at Ward No. 39.","Missing pipe line in Ritha Road in Chai Dukan to Birla Mandir Road, P.N.B. A.T.M. Center at Ward No. 39.",130362.0,INR,INR,2021-11-30 10:18:52+00:00,2021-11-29T10:00:50.606000+00:00,2021-12-14T09:31:00+00:00,Sri Ramswarup Prasad,"EE, Water Supply Division, PMC, Patna","Water Supply Division, Patna Municipal Corporation, Patna","Patna Water Board, Road No 02, Miller High School, Beer Chand Patel Path, Patna",Sri Ramswarup Prasad,"EE, Water Supply Division, PMC, Patna","Water Supply Division, Patna Municipal Corporation, Patna",2700.0,500.0,590.0
16227,BSMCL-04/2021-22/BHOJPUR/CLUSTER-36,"EC Approved Sandghats of Bhojpur (Cluster-36)
Khangaon Sand Ghat  (Mineable Quantity -8406604.80 CFT)","EC Approved Sandghats of Bhojpur (Cluster-36)
Khangaon Sand Ghat  (Mineable Quantity -8406604.80 CFT)",53930543.0,INR,INR,2021-11-29 13:10:25+00:00,2021-11-29T10:03:04.794000+00:00,2021-12-07T22:28:24+00:00,Rajesh Kumar Kushwaha,MDO,BSMCL,"Vikash Bhwan, patna",RAJESH KUMAR KUSHWAHA,MDO,BIHAR STATE MINING CORPORATION LIMITED,13482636.0,29500.0,5900.0
16221,BSMCL-04/2021-22/BHOJPUR/CLUSTER-33,"EC Approved Sandghats of Bhojpur (Cluster-33)
Sarimpur Bachri Sand Ghat   (Mineable Quantity -15396750 CFT)","EC Approved Sandghats of Bhojpur (Cluster-33)
Sarimpur Bachri Sand Ghat   (Mineable Quantity -15396750 CFT)",52190848.0,INR,INR,2021-11-29 13:12:36+00:00,2021-11-29T09:50:18.747000+00:00,2021-12-07T22:26:56+00:00,Rajesh Kumar Kushwaha,MDO,BSMCL,"Vikash Bhwan, patna",RAJESH KUMAR KUSHWAHA,MDO,BIHAR STATE MINING CORPORATION LIMITED,13047712.0,29500.0,5900.0
16207,BSMCL-04/2021-22/JAMUI/CLUSTER-18,"EC approved Sandghat of Jamui (Cluster-18)
(Ghanshyam Dhan Koluha) (Minable Quantity- 10126762.5 CFT)","EC approved Sandghat of Jamui (Cluster-18)
(Ghanshyam Dhan Koluha) (Minable Quantity- 10126762.5 CFT)",14163579.0,INR,INR,2021-11-29 11:31:47+00:00,2021-11-29T09:18:37.135000+00:00,2021-12-09T13:59:22.912000+00:00,Lal Bihari Prasad,MDO,Bihar State Mining Corporation Ltd,"Vikash Bhawan, Patna",Lal Bihari Prasad,MDO,Bihar State Mining Corporation Ltd,3540895.0,29500.0,3540.0
16239,BSMCL-04/2021-22/BHOJPUR/CLUSTER-44,"EC Approved Sandghats of Bhojpur (Cluster-44)
Tv Senetorium Sand Ghat (Mineable Quantity -12534750 CFT)","EC Approved Sandghats of Bhojpur (Cluster-44)
Tv Senetorium Sand Ghat (Mineable Quantity -12534750 CFT)",43492373.0,INR,INR,2021-11-29 13:05:18+00:00,2021-11-29T11:31:39.418000+00:00,2021-12-09T14:07:39.390000+00:00,Rajesh Kumar Kushwaha,MDO,BSMCL,"Vikash Bhwan, patna",RAJESH KUMAR KUSHWAHA,MDO,BIHAR STATE MINING CORPORATION LIMITED,10873093.0,29500.0,5900.0
16231,NIT NO-06-PHED-ARA-2021-22,Construction of  75 nos. 125mm X 40mm dia. X 61 meter deep hand operated T/well with India Mark II Hand Pump  and construction of  1.85 Mtr. dia. circular P.C.C. Platform and 3.00 mtr P.C.C drain  in (SC ) habitation id under IMIS of Jal Shakti under special central assistance to schedule caste sub plan (SCA TO SCSP) undert the jurisdiction of P.H.Division Ara for the year 2021-2022.,Construction of  75 nos. 125mm X 40mm dia. X 61 meter deep hand operated T/well with India Mark II Hand Pump  and construction of  1.85 Mtr. dia. circular P.C.C. Platform and 3.00 mtr P.C.C drain  in (SC ) habitation id under IMIS of Jal Shakti under special central assistance to schedule caste sub plan (SCA TO SCSP) undert the jurisdiction of P.H.Division Ara for the year 2021-2022.,4608525.0,INR,INR,2021-11-29 10:54:56+00:00,2021-11-29T10:25:00.966000+00:00,2022-04-30T06:52:40+00:00,Arun Prakash,EXECUTIVE ENGINEER,"EXECUTIVE ENGINEER, SITAMARHI DIVISION",DUMRA SITAMARHI,KUMAR ARUP,EXECUTIVE ENGINEER,KUMAR ARUP (EXECUTIVE ENGINEER),92000.0,5000.0,590.0
16232,21/E/WSD/2021/PMC/17,"House to house connection in Dariyapur Road, Dariyapur Mohar Tola to Late Ram Lakhan Prasad House to Chote Lal to Gauri Shankar to P.P. Sinha to Nawal Jee and Late Ram Lakhan Prasad at Ward No. 42.","House to house connection in Dariyapur Road, Dariyapur Mohar Tola to Late Ram Lakhan Prasad House to Chote Lal to Gauri Shankar to P.P. Sinha to Nawal Jee and Late Ram Lakhan Prasad at Ward No. 42.",384967.0,INR,INR,2021-11-30 10:22:13+00:00,2021-11-29T10:31:56.909000+00:00,2022-04-30T08:35:02+00:00,Sri Ramswarup Prasad,"EE, Water Supply Division, PMC, Patna","Water Supply Division, Patna Municipal Corporation, Patna","Patna Water Board, Road No 02, Miller High School, Beer Chand Patel Path, Patna",Sri Ramswarup Prasad,"EE, Water Supply Division, PMC, Patna","Water Supply Division, Patna Municipal Corporation, Patna",7700.0,750.0,590.0
16244,BSMCL-04/2021-22/BHOJPUR/CLUSTER-50,"EC Approved Sandghats of Bhojpur (Cluster-50)
Semra Makdumpur & Kamaluchak & Mahui Samriya Sand Ghat (Mineable Quantity -6271056 CFT)","EC Approved Sandghats of Bhojpur (Cluster-50)
Semra Makdumpur & Kamaluchak & Mahui Samriya Sand Ghat (Mineable Quantity -6271056 CFT)",40230445.0,INR,INR,2021-11-29 13:01:38+00:00,2021-11-29T11:49:46.708000+00:00,2021-12-09T14:13:31.964000+00:00,Rajesh Kumar Kushwaha,MDO,BSMCL,"Vikash Bhwan, patna",RAJESH KUMAR KUSHWAHA,MDO,BIHAR STATE MINING CORPORATION LIMITED,10057611.0,29500.0,5900.0
16212,BSMCL-04/2021-22/JAMUI/CLUSTER-25,"EC approved Sandghat of Jamui (Cluster-25)
(Pakri) (Minable Quantity- 9950762.5 CFT)","EC approved Sandghat of Jamui (Cluster-25)
(Pakri) (Minable Quantity- 9950762.5 CFT)",14163579.0,INR,INR,2021-11-29 11:37:34+00:00,2021-11-29T09:33:49.348000+00:00,2021-12-09T14:02:27.940000+00:00,Lal Bihari Prasad,MDO,Bihar State Mining Corporation Ltd,"Vikash Bhawan, Patna",Lal Bihari Prasad,MDO,Bihar State Mining Corporation Ltd,3540895.0,29500.0,3540.0
16252,NIT-05_JMU_PHED_2021-22,"Making Soak pit 1.0m diameter 2.0 metre deep with dry brick honey comb shaft with bricks of class designation 100 B For Hand Pump in Jhajha Sub Division  under P.H.Division, Jamui for the year 2021-22.","Making Soak pit 1.0m diameter 2.0 metre deep with dry brick honey comb shaft with bricks of class designation 100 B For Hand Pump in Jhajha Sub Division  under P.H.Division, Jamui for the year 2021-22.",1765887.0,INR,INR,2021-11-30 07:30:12+00:00,2021-11-30T06:26:46.972000+00:00,2022-01-12T07:25:36+00:00,Er. SHIV SHANKAR DAYAL,"EXECUTIVE ENGINEER, JAMUI","P. H. Division, Jamui",PHED COLONY JAMUI SIRCHAND NAWADA ROAD NEAR OF DDC RESIDENCE,Er. Vijay kumar,Superintending Engineer(SE),P.H.Circle Munger,35600.0,5000.0,590.0
16253,10/2021-22/PHD/SIWAN/01,"Construction of 200 nos. soak pit 1.0m diameter 2.0 metre deep with dry brick honey comb shaft with bricks of class designation 100B at the site of newly sunked India Mark-II  Handpumps in place of old Defunct hand in water scare areas unser P. H. Division, Siwan for the year 2021-22 (GROUP-01)","Construction of 200 nos. soak pit 1.0m diameter 2.0 metre deep with dry brick honey comb shaft with bricks of class designation 100B at the site of newly sunked India Mark-II  Handpumps in place of old Defunct hand in water scare areas unser P. H. Division, Siwan for the year 2021-22 (GROUP-01)",1490271.0,INR,INR,2021-11-30 08:20:44+00:00,2021-11-30T06:43:55.018000+00:00,2022-02-08T08:33:53+00:00,RANJEET KUMAR SINGH,EE,PUBLIC HEALTH DIVISION SIWAN,PUBLIC HEALTH DIVISION SIWAN,RANJEET KUMAR SINGH,EE,PUBLIC HEALTH DIVISION SIWAN,30000.0,5000.0,590.0
16248,NIT No.: Prohibition Excise /Application/ 01/2021,"Proposal Selection of Vendor for Design, Development, Maintenance & Deployment  of E-Lock with GPS based tracking system to Monitor the movement of excisable article for Prohibition, Excise & Registration Department, Government of Bihar","Proposal Selection of Vendor for Design, Development, Maintenance & Deployment  of E-Lock with GPS based tracking system to Monitor the movement of excisable article for Prohibition, Excise & Registration Department, Government of Bihar",0.0,INR,INR,2021-11-29 13:01:09+00:00,2021-11-29T12:04:02.271000+00:00,2022-02-09T13:20:27+00:00,Krishna Kumar,Deputy Commissioner,Prohibition Excise & Registration Department (Prohibition),"Vikash Bhawan, Patna",Krishna Kumar,Deputy Commissioner,Prohibition Excise & Registration Department (Prohibition),800000.0,10000.0,590.0
16241,BSMCL-04/2021-22/BHOJPUR/CLUSTER-47,"EC Approved Sandghats of Bhojpur (Cluster-47)
Mahui Sand Ghat  (Mineable Quantity -8406604.80 CFT)","EC Approved Sandghats of Bhojpur (Cluster-47)
Mahui Sand Ghat  (Mineable Quantity -8406604.80 CFT)",53930543.0,INR,INR,2021-11-29 13:04:04+00:00,2021-11-29T11:39:16.776000+00:00,2021-12-09T14:10:18.296000+00:00,Rajesh Kumar Kushwaha,MDO,BSMCL,"Vikash Bhwan, patna",RAJESH KUMAR KUSHWAHA,MDO,BIHAR STATE MINING CORPORATION LIMITED,13482636.0,29500.0,5900.0
16255,NIT-05JMU_PHED_2021-22,"Making Soak pit 1.0m diameter 2.0 metre deep with dry brick honey comb shaft with bricks of class designation 100 B For Hand Pump in Chakai Sub Division  under P.H.Division, Jamui for the year 2021-22.","Making Soak pit 1.0m diameter 2.0 metre deep with dry brick honey comb shaft with bricks of class designation 100 B For Hand Pump in Chakai Sub Division  under P.H.Division, Jamui for the year 2021-22.",1870201.0,INR,INR,2021-11-30 07:41:03+00:00,2021-11-30T07:30:56.278000+00:00,2022-01-12T07:31:07+00:00,Er. SHIV SHANKAR DAYAL,"EXECUTIVE ENGINEER, JAMUI","P. H. Division, Jamui",PHED COLONY JAMUI SIRCHAND NAWADA ROAD NEAR OF DDC RESIDENCE,Er. Vijay kumar,Superintending Engineer(SE),P.H.Circle Munger,37600.0,5000.0,590.0
16258,NIT06/2021-22/GR02,NAGAR PANCHAYAT SILAO WARD NUM 09 ME KHOJAGACHI KUSHWAHA TOLA SHIV MANDIR SE DEVI SATHANTAK PEVERS BLOCK PATH NIRMAN,NAGAR PANCHAYAT SILAO WARD NUM 09 ME KHOJAGACHI KUSHWAHA TOLA SHIV MANDIR SE DEVI SATHANTAK PEVERS BLOCK PATH NIRMAN,781346.0,INR,INR,2021-11-30 10:50:55+00:00,2021-11-30T10:39:24.763000+00:00,2022-02-07T09:01:54+00:00,"EXECUTIVE OFFICER ,SILAO",EO,NAGAR PANCHAYAT SILAO,"SILAO, NALANDA","EXECUTIVE OFFICER, SILAO",EO,NAGAR PANCHAYAT SILAO,15727.0,1250.0,590.0
16260,NIT06/2021-22/GR03,NAGAR PANCHAYAT SILAO WARD NUM 10 ME MUHALLA KHALIYANI SE CHAPAL ANSAR KE GHAR KE AAGE TAK PEVERS BLOCK PATH NIRMAN,NAGAR PANCHAYAT SILAO WARD NUM 10 ME MUHALLA KHALIYANI SE CHAPAL ANSAR KE GHAR KE AAGE TAK PEVERS BLOCK PATH NIRMAN,237017.0,INR,INR,2021-11-30 11:01:03+00:00,2021-11-30T10:52:27.286000+00:00,2022-02-04T10:58:41+00:00,"EXECUTIVE OFFICER ,SILAO",EO,NAGAR PANCHAYAT SILAO,"SILAO, NALANDA","EXECUTIVE OFFICER, SILAO",EO,NAGAR PANCHAYAT SILAO,4841.0,750.0,590.0
16257,NIT06/2021-22/GR01,NAGAR PANCHAYAT SILAO WARD NUM 07 ME NH-82 SE VIJAY HALWAI KE GHAR TAK PEVERS BLOCK PATH NIRMAN,NAGAR PANCHAYAT SILAO WARD NUM 07 ME NH-82 SE VIJAY HALWAI KE GHAR TAK PEVERS BLOCK PATH NIRMAN,800560.0,INR,INR,2021-11-30 10:37:45+00:00,2021-11-30T09:54:10.901000+00:00,2022-02-07T09:03:27+00:00,"EXECUTIVE OFFICER ,SILAO",EO,NAGAR PANCHAYAT SILAO,"SILAO, NALANDA","EXECUTIVE OFFICER, SILAO",EO,NAGAR PANCHAYAT SILAO,16112.0,1250.0,
16264,"13/E/KAN/2021, Group No.-03","Construction of Under Ground Drain and PCC Road From 
House of Nandu Kumar in Azam Path To Chandmari Road Under Ward No- 29 of P.M.C 
Patna.","Construction of Under Ground Drain and PCC Road From 
House of Nandu Kumar in Azam Path To Chandmari Road Under Ward No- 29 of P.M.C 
Patna.",1459800.0,INR,INR,2021-11-30 11:22:59+00:00,2021-11-30T11:13:13.983000+00:00,2022-04-19T09:04:56+00:00,"Aashish Prasad, Executive Engineer",EXECUETIVE ENGINEER,"Kankarbagh Division,Patna Municipal Corporation,Patna","Tempo Stand,Kankarbagh,Patna-20","Aashish Prasad,EXECUETIVE ENGINEER",EXECUETIVE ENGINEER,"Kankarbagh Division,Patna Municipal Corporation,Patna",29200.0,2500.0,590.0
16259,"13/E/KAN/2021, Group No.-01","Construction of Under Ground Drain and PCC Road in 
Prithwipur Gali No-01 From House of Gopal Yadav to rajbalwabha Yadav Under Ward No29 of P.M.C Patna.","Construction of Under Ground Drain and PCC Road in 
Prithwipur Gali No-01 From House of Gopal Yadav to rajbalwabha Yadav Under Ward No29 of P.M.C Patna.",902100.0,INR,INR,2021-11-30 10:58:35+00:00,2021-11-30T10:45:33.695000+00:00,2022-05-14T07:53:40+00:00,"Aashish Prasad, Executive Engineer",EXECUETIVE ENGINEER,"Kankarbagh Division,Patna Municipal Corporation,Patna","Tempo Stand,Kankarbagh,Patna-20","Aashish Prasad,EXECUETIVE ENGINEER",EXECUETIVE ENGINEER,"Kankarbagh Division,Patna Municipal Corporation,Patna",18100.0,1250.0,590.0
16261,10/BCD/SHEOHAR/2021-22,"CONSTRUCTION OF FLOOD RELIEF CENTRE AT DUMARI, BLOCK - DUMARI KATSARI IN DISTRICT SHEOHAR","CONSTRUCTION OF FLOOD RELIEF CENTRE AT DUMARI, BLOCK - DUMARI KATSARI IN DISTRICT SHEOHAR",10122888.0,INR,INR,2021-11-30 11:09:37+00:00,2021-11-30T10:58:36.347000+00:00,2021-12-24T09:31:00+00:00,"Executive Engineer, Buiding Division SHEOHAR",EE,Executive Engineer SHEOHAR,"Executive Engineer, Buiding Division SHEOHAR","Superintending Engineer, BUILDING CIRCLE MOTIHARI",SE,"Superintending Engineer, Building Circle  Motihari",202500.0,10000.0,3540.0
16254,NIT: 40/CME/PMC/2021,Empanelment of Agencies for Supply of different types of lubricants of vehicle to Patna Municipal Corporation.,Empanelment of Agencies for Supply of different types of lubricants of vehicle to Patna Municipal Corporation.,0.0,INR,INR,2021-11-30 07:19:55+00:00,2021-11-30T06:54:31.877000+00:00,2021-12-07T09:31:00+00:00,CHIEF MUNICIPAL ENGINEER,CME,"Head Quarter, Patna Municipal Corporation, Patna","Block-C,4th Floor,Mauryalok,Patna",CHIEF MUNICIPAL ENGINEER,CME,"Head Quarter, Patna Municipal Corporation, Patna",25000.0,10000.0,590.0
16265,"13/E/KAN/2021, Group No.-04","Construction of Under Ground Drain and PCC Road From 
House of Alok Kumar To Uday Kumar Gali No-01 Prithwipur Under Ward No- 29 of P.M.C 
Patna.","Construction of Under Ground Drain and PCC Road From 
House of Alok Kumar To Uday Kumar Gali No-01 Prithwipur Under Ward No- 29 of P.M.C 
Patna.",2935100.0,INR,INR,2021-11-30 11:34:13+00:00,2021-11-30T11:24:33.311000+00:00,2022-05-17T10:39:55+00:00,"Aashish Prasad, Executive Engineer",EXECUETIVE ENGINEER,"Kankarbagh Division,Patna Municipal Corporation,Patna","Tempo Stand,Kankarbagh,Patna-20","Aashish Prasad,EXECUETIVE ENGINEER",EXECUETIVE ENGINEER,"Kankarbagh Division,Patna Municipal Corporation,Patna",58800.0,5000.0,590.0
16267,NIT NO-179/SPAUM/01,Ayurvedic & Unani Raw Medicines  (Herbs).,Ayurvedic & Unani Raw Medicines  (Herbs).,5000000.0,INR,INR,2021-11-30 15:30:38+00:00,2021-11-30T15:03:56.753000+00:00,2022-09-07T07:31:29+00:00,Dr.Vishwanath Rai,Manager,"State Pharmacy of Ayurvedic and Unani Medicine , Bihar  Patna","Kadamkuan , PATNA",Dr.Vishwanath Rai,Manager,"State Pharmacy of Ayurvedic and Unani Medicine , Bihar  Patna",500000.0,2000.0,590.0
16268,NIT NO-179/SPAUM/02,Stationary  and other Office daily uses Objects For The Year-2021-22.,Stationary  and other Office daily uses Objects For The Year-2021-22.,1500000.0,INR,INR,2021-11-30 15:46:25+00:00,2021-11-30T15:04:44.606000+00:00,2022-09-07T07:29:49+00:00,Dr.Vishwanath Rai,Manager,"State Pharmacy of Ayurvedic and Unani Medicine , Bihar  Patna","Kadamkuan , PATNA",Dr.Vishwanath Rai,Manager,"State Pharmacy of Ayurvedic and Unani Medicine , Bihar  Patna",150000.0,2000.0,590.0
16238,BSMCL-04/2021-22/BHOJPUR/CLUSTER-43,"EC Approved Sandghats of Bhojpur (Cluster-43)
Koilwar & Chhitampur Ghat (Mineable Quantity -5084640 CFT)","EC Approved Sandghats of Bhojpur (Cluster-43)
Koilwar & Chhitampur Ghat (Mineable Quantity -5084640 CFT)",32619280.0,INR,INR,2021-11-29 13:05:58+00:00,2021-11-29T11:28:47.782000+00:00,2021-12-09T14:04:57.656000+00:00,Rajesh Kumar Kushwaha,MDO,BSMCL,"Vikash Bhwan, patna",RAJESH KUMAR KUSHWAHA,MDO,BIHAR STATE MINING CORPORATION LIMITED,8154820.0,29500.0,5900.0
16262,"13/E/KAN/2021, Group No.-02","Construction of Under Ground Drain and PCC Road From 
Madan lal jain Gali (Honda Showroom) To Corner of Azad Path Under Ward No- 29 of P.M.C 
Patna.","Construction of Under Ground Drain and PCC Road From 
Madan lal jain Gali (Honda Showroom) To Corner of Azad Path Under Ward No- 29 of P.M.C 
Patna.",2217200.0,INR,INR,2021-11-30 11:11:48+00:00,2021-11-30T11:01:39.034000+00:00,2022-03-26T06:10:45+00:00,"Aashish Prasad, Executive Engineer",EXECUETIVE ENGINEER,"Kankarbagh Division,Patna Municipal Corporation,Patna","Tempo Stand,Kankarbagh,Patna-20","Aashish Prasad,EXECUETIVE ENGINEER",EXECUETIVE ENGINEER,"Kankarbagh Division,Patna Municipal Corporation,Patna",44400.0,5000.0,590.0
16229,21/E/WSD/2021/PMC/15,"Missing pipe line in Dariyapur Gola Road, Sohan Pan Dukan to Late Professor Dinanath Jee House at Ward No. 42.","Missing pipe line in Dariyapur Gola Road, Sohan Pan Dukan to Late Professor Dinanath Jee House at Ward No. 42.",693085.0,INR,INR,2021-11-30 10:20:06+00:00,2021-11-29T10:12:31.507000+00:00,2022-05-23T08:21:02+00:00,Sri Ramswarup Prasad,"EE, Water Supply Division, PMC, Patna","Water Supply Division, Patna Municipal Corporation, Patna","Patna Water Board, Road No 02, Miller High School, Beer Chand Patel Path, Patna",Sri Ramswarup Prasad,"EE, Water Supply Division, PMC, Patna","Water Supply Division, Patna Municipal Corporation, Patna",13900.0,1250.0,590.0
16266,05/PIU-01/PMC/2021-22,Construction of Guard/Made Room Toilet Waiting Shed and Campus Development Work at SK Puri Guest House Under PMC.,Construction of Guard/Made Room Toilet Waiting Shed and Campus Development Work at SK Puri Guest House Under PMC.,2492000.0,INR,INR,2021-11-30 12:37:31+00:00,2021-11-30T11:54:49.224000+00:00,2022-02-01T12:13:20+00:00,"Shushil Kumar Jha, Executive Engineer PIU",EE,"Project Implementation Unit-1,Patna Municipal Corporation,Patna","Shop No-04 Maurya Tower,Patna-01","Shushil Kumar Jha,  Executive Engineer, PIU1, PATNA",EE,"Project Implementation Unit-1, Patna Municipal Corporation, Patna",49840.0,5000.0,590.0
16230,21/E/WSD/2021/PMC/16,"Missing pipe line in Kadam Kuan, Chai Tola in Arjun House to Krishna Munshi House to Naresh Mahto House at Ward No. 38.","Missing pipe line in Kadam Kuan, Chai Tola in Arjun House to Krishna Munshi House to Naresh Mahto House at Ward No. 38.",361264.0,INR,INR,2021-11-30 10:21:11+00:00,2021-11-29T10:21:45.118000+00:00,2022-03-11T09:38:37+00:00,Sri Ramswarup Prasad,"EE, Water Supply Division, PMC, Patna","Water Supply Division, Patna Municipal Corporation, Patna","Patna Water Board, Road No 02, Miller High School, Beer Chand Patel Path, Patna",Sri Ramswarup Prasad,"EE, Water Supply Division, PMC, Patna","Water Supply Division, Patna Municipal Corporation, Patna",7500.0,750.0,590.0
6580,NIT NO. - 29/2021-22,"Name of Work :- SUPPLY ERECTION, COMMISSIONING AND OPERATION MAINTENANCE OF MATERIAL RECOVERY FACILITY (MRF) of Capacity 10 TPD or 20 TPD UNDER DARBHANGA MUNICIPAL CORPORATION, DARBHANGA.","Name of Work :- SUPPLY ERECTION, COMMISSIONING AND OPERATION MAINTENANCE OF MATERIAL RECOVERY FACILITY (MRF) of Capacity 10 TPD or 20 TPD UNDER DARBHANGA MUNICIPAL CORPORATION, DARBHANGA.",0.0,INR,INR,2021-11-26 07:52:36+00:00,2020-12-22T09:18:25.084000+00:00,2021-11-27T09:31:00+00:00,SOMESH BAHADUR MATHUR,Municipal Commissioner Begusarai,"BEGUSARAI Municipal Corporation, BEGUSARAI","SRI KRISHNA SINGH CHOWK,",Manesh Kumar Meena,Municipal Commissioner,"Darbhanga Municipal Corporation, Darbhanga",100000.0,10000.0,590.0
8969,NIT No. - 07/MUNG/PHED/2021-22,"Construction of 125 mm dia. X 45 M deep Gravel Packed T/Well with installation of India Mark ? II  hand pumps, and  Construction of 10 nos. 125/115mm  X 70m  Deep Drilled T/W   with I.M-II ( IS : 15500 (pt-1 to 8)/2004) by DTH (E.D.S./K.P.D/C.O.PCU) RIG MACHINE WITH BLUE CASING  U.P.V.C. PIPE with construction of platform and drain on TURN KEY BASIS under special central assistance for SC tolas (SCA-SCP) listed under the scheme IMIS of misitry of Jalshakti for the year   2021-22 under P.H. Division, Munger in district Munger.","Construction of 125 mm dia. X 45 M deep Gravel Packed T/Well with installation of India Mark ? II  hand pumps, and  Construction of 10 nos. 125/115mm  X 70m  Deep Drilled T/W   with I.M-II ( IS : 15500 (pt-1 to 8)/2004) by DTH (E.D.S./K.P.D/C.O.PCU) RIG MACHINE WITH BLUE CASING  U.P.V.C. PIPE with construction of platform and drain on TURN KEY BASIS under special central assistance for SC tolas (SCA-SCP) listed under the scheme IMIS of misitry of Jalshakti for the year   2021-22 under P.H. Division, Munger in district Munger.",3086940.0,INR,INR,2021-11-20 08:21:27+00:00,2021-03-16T09:09:03.778000+00:00,2021-12-23T10:29:49+00:00,Sri Avi Ranjan,Executive Engineer,"P.H. Division, Munger","Basudeopur, Pani Tanki, Munger",Sri Avi Ranjan,Executive Engineer,"P.H.Division, Munger",61250.0,5000.0,590.0
