Tender ID :,Tender Ref No :,Tender Title :,Work Description,Tender Value in ₹,Tender Currency,Bid Currency,Publish Date,Contract Date :,Update Date,Issuing Authority Name,Issuing Authority Designation,Issuing Organisation Name,Issuing Address,Approving Authority Name,Approving Authority Designation,Approving Organisation Name,EMD Amount,Tender Fee Amount,Tender Processing Fee Amount
13635,NIT no.03/PR/TRZ-Patna/2021,"Supply and installation of 29 nos. Split Air Conditioner (5 Star and 2TR Capacity) with Voltage Stabilizer at 132/33 KV GSS Mohania, Dumraon, Buxar, Bikramganj & Goh under Transmission Circle, Dehri-on-Sone/Bhojpur.","Supply and installation of 29 nos. Split Air Conditioner (5 Star and 2TR Capacity) with Voltage Stabilizer at 132/33 KV GSS Mohania, Dumraon, Buxar, Bikramganj & Goh under Transmission Circle, Dehri-on-Sone/Bhojpur.",2690427.0,INR,INR,2021-10-01 10:56:20+00:00,2021-09-24T08:36:36.619000+00:00,2021-12-07T08:46:09+00:00,Electrical Executive Engineer,EEE,"BSPTCL ,Transmission Zone, Patna","Barrack no. 09. New punaichak, Near DAV BSEB,Patna-23","Chief Engineer ,Transmission Zone,Patna",CE,"BSPTCL ,Transmission Zone, Patna",53809.0,5900.0,590.0
13764,NIT-08PCD2021-22_GR02,Construction of Samudaik Bhawan in Noorpur Akhara in ward no. 72 under Patna City Division PMC Patna.,Construction of Samudaik Bhawan in Noorpur Akhara in ward no. 72 under Patna City Division PMC Patna.,2494589.0,INR,INR,2021-10-01 06:49:57+00:00,2021-10-01T06:42:50.946000+00:00,2022-02-12T09:42:49+00:00,"Ramswarup Prasad, EXECUTIVE ENGINEER",EE,"PATNA CITY DIVISION, PMC","PATNA CITY DIVISION, MEENA BAZAR, SHERSHAH PATH, PATNA-07","Ramswarup Prasad, EXECUTIVE ENGINEER",EE,"PATNA CITY DIVISION, PMC",49900.0,5000.0,590.0
13766,NIT-08PCD2021-22_GR04,Construction of RCC MenHole/Catchpit Cover in different Places in ward no. 67 under Patna City Division PMC Patna.,Construction of RCC MenHole/Catchpit Cover in different Places in ward no. 67 under Patna City Division PMC Patna.,80206.0,INR,INR,2021-10-01 07:23:42+00:00,2021-10-01T06:59:13.299000+00:00,2022-05-21T10:37:25+00:00,"Ramswarup Prasad, EXECUTIVE ENGINEER",EE,"PATNA CITY DIVISION, PMC","PATNA CITY DIVISION, MEENA BAZAR, SHERSHAH PATH, PATNA-07","Ramswarup Prasad, EXECUTIVE ENGINEER",EE,"PATNA CITY DIVISION, PMC",1700.0,500.0,590.0
13772,NP HILSA NIT09/2021-22,"NAGAR PARISHAD HILSA KE SABHI 01 SE 26 WARD ME JHARU LAGAKAR SAFAI, SABHI NALA BARA AVAM CHHOTA URAHI KARAKAR KACHARA  KA UTHAV AVAM PARIVAHAN KAR DAMPING WARD ME DALNA AVAM DOOR TO DOOR KACHARA KA UTHAV KE SATH KACHARA PRASANKARAN KARY AVAM RATRI PAHAR ME MUKHAYA MARG KI SAFAI HETU NIBANDHIT SANSTHA KE DWARA ABHIRUCHI KI ABHIVAKTI  ONE YEARS KE LIYE AMANTRIT KI JATI HI","NAGAR PARISHAD HILSA KE SABHI 01 SE 26 WARD ME JHARU LAGAKAR SAFAI, SABHI NALA BARA AVAM CHHOTA URAHI KARAKAR KACHARA  KA UTHAV AVAM PARIVAHAN KAR DAMPING WARD ME DALNA AVAM DOOR TO DOOR KACHARA KA UTHAV KE SATH KACHARA PRASANKARAN KARY AVAM RATRI PAHAR ME MUKHAYA MARG KI SAFAI HETU NIBANDHIT SANSTHA KE DWARA ABHIRUCHI KI ABHIVAKTI  ONE YEARS KE LIYE AMANTRIT KI JATI HI",0.0,INR,INR,2021-10-01 10:42:50+00:00,2021-10-01T10:13:32.042000+00:00,2021-11-25T10:20:51+00:00,"EXECUTIVE OFFICER, HILSA",EO,NAGAR PARISHAD HILSA,STATION ROAD HILSA,"EXECUTIVE OFFICER, HILSA",EO,NAGAR PARISHAD HILSA,50000.0,5000.0,590.0
13770,02/BCD/ARWAL/2021-22,"Supply of Furniture and other items for Govt. Engineering College, ARWAL.","Supply of Furniture and other items for Govt. Engineering College, ARWAL.",54324200.0,INR,INR,2021-10-01 07:54:22+00:00,2021-10-01T07:33:38.068000+00:00,2021-11-19T06:21:41+00:00,EXECUTIVE ENGINEER BUILDING DIVISION ARWAL,EE,BCD,EXECUTIVE ENGINEER,"Superintending Engineer, BUILDING CIRCLE GAYA",SE,Building Circle Gaya,1020500.0,10000.0,5900.0
13776,30/BSBCCL/21-22 GR 3,"CONSTRUCTION OF JAN SEVA KENDRA, SHALIMAR GOLAROAD ,DALDALI (OLD WARD NO-02),
SIT NO-045,MSP-1019,WARD NO.-37 UNDER PATNA SMART CITY PROJECT AT PATNA (DIST. - PATNA)","CONSTRUCTION OF JAN SEVA KENDRA, SHALIMAR GOLAROAD ,DALDALI (OLD WARD NO-02),
SIT NO-045,MSP-1019,WARD NO.-37 UNDER PATNA SMART CITY PROJECT AT PATNA (DIST. - PATNA)",4235890.0,INR,INR,2021-10-02 05:20:49+00:00,2021-10-02T05:05:14.607000+00:00,2021-12-16T06:01:09+00:00,DGM BSBCCL PATNA,DEPUTY GENERAL MANAGER PATNA,BSBCCL SOUTH,"BSBCCL, Hospital Road, Sastri Nagar, Patna 800023",SANTOSH KUMAR,chief general manager,BSBCCL,85000.0,5000.0,590.0
13777,30/BSBCCL/21-22 GR 2,"Construction of  Proposed Football Stadium at Block Level (115 x 95 mtr) Type-III in Mahadev
 Uchh Madmik Vidyalya Khushrupur  Block in Patna District 
 Under Chief Minister Khel Vikas Yojna","Construction of  Proposed Football Stadium at Block Level (115 x 95 mtr) Type-III in Mahadev
 Uchh Madmik Vidyalya Khushrupur  Block in Patna District 
 Under Chief Minister Khel Vikas Yojna",10869651.0,INR,INR,2021-10-02 05:41:00+00:00,2021-10-02T05:35:21.944000+00:00,2021-12-11T06:05:03+00:00,DGM BSBCCL PATNA,DEPUTY GENERAL MANAGER PATNA,BSBCCL SOUTH,"BSBCCL, Hospital Road, Sastri Nagar, Patna 800023",SANTOSH KUMAR,chief general manager,BSBCCL,218000.0,10000.0,3540.0
13765,NIT-08PCD2021-22_GR03,Construction of RCC MenHole/Catchpit Cover in different Places in ward no. 72 under Patna City Division PMC Patna.,Construction of RCC MenHole/Catchpit Cover in different Places in ward no. 72 under Patna City Division PMC Patna.,97908.0,INR,INR,2021-10-01 06:57:38+00:00,2021-10-01T06:50:26.197000+00:00,2021-10-25T00:51:58+00:00,"Ramswarup Prasad, EXECUTIVE ENGINEER",EE,"PATNA CITY DIVISION, PMC","PATNA CITY DIVISION, MEENA BAZAR, SHERSHAH PATH, PATNA-07","Ramswarup Prasad, EXECUTIVE ENGINEER",EE,"PATNA CITY DIVISION, PMC",2000.0,500.0,590.0
13763,NIT-08PCD2021-22_GR01,"Construction of  Samudaik Bhawan in Abdul Rahman Pur Gali Near Katra Bazar in Ward No-72 under Patna City Division, PMC, Patna.","Construction of  Samudaik Bhawan in Abdul Rahman Pur Gali Near Katra Bazar in Ward No-72 under Patna City Division, PMC, Patna.",2472346.0,INR,INR,2021-10-01 06:41:34+00:00,2021-10-01T06:29:17.905000+00:00,2022-02-23T08:24:31+00:00,"Ramswarup Prasad, EXECUTIVE ENGINEER",EE,"PATNA CITY DIVISION, PMC","PATNA CITY DIVISION, MEENA BAZAR, SHERSHAH PATH, PATNA-07","Ramswarup Prasad, EXECUTIVE ENGINEER",EE,"PATNA CITY DIVISION, PMC",49500.0,5000.0,590.0
13775,29/BSBCCL/2021-22,CONSTRUCTION OF PRPOSED BUILDING FOR VIRHAD ASHRAYA GRIHA AT PATNA,CONSTRUCTION OF PRPOSED BUILDING FOR VIRHAD ASHRAYA GRIHA AT PATNA,319228616.0,INR,INR,2021-10-02 04:58:36+00:00,2021-10-02T04:41:09.331000+00:00,2021-12-08T08:14:49+00:00,DGM BSBCCL PATNA,DEPUTY GENERAL MANAGER PATNA,BSBCCL SOUTH,"BSBCCL, Hospital Road, Sastri Nagar, Patna 800023",SANTOSH KUMAR,chief general manager,BSBCCL,4193000.0,10000.0,5900.0
13780,"06/2021-22/MID, Ara/GP 6",Renovation of Deoyar Ahar,Renovation of Deoyar Ahar,2631379.0,INR,INR,2021-10-03 11:37:27+00:00,2021-10-02T10:13:20.523000+00:00,2022-01-24T08:28:27+00:00,SUNIL KUMAR (SE),SE,MINOR WATER RESOURCES DEPARTMENT,"JAL BHAWAN, SHEIKHPURA, PATNA","ER. RAJENDRA KUMAR, SE PATNA",SUPERINTENDENT ENGINEER,"MINOR IRRIGATION CIRCLE, PATNA",52700.0,5000.0,590.0
13779,05/BSSCL/2021-22,"Design, Construction, Testing, Commissioning, 3 months Trial & Run and 10 years Operation & Maintenance on EPC basis for Sewerage Collection Network 110.43km, One STP 25 MLD Capacity, Two IPS of 12 MLD Capacity and repair and New Construction of 16 Kms Storm Water Drainage in ABD area of Biharsharif under Smart City Mission.","Design, Construction, Testing, Commissioning, 3 months Trial & Run and 10 years Operation & Maintenance on EPC basis for Sewerage Collection Network 110.43km, One STP 25 MLD Capacity, Two IPS of 12 MLD Capacity and repair and New Construction of 16 Kms Storm Water Drainage in ABD area of Biharsharif under Smart City Mission.",2541468700.0,INR,INR,2021-10-02 09:39:51+00:00,2021-10-02T08:34:39.509000+00:00,2022-11-03T11:03:08+00:00,Binod Kumar,CEO Biharsharif Smart City Limited,Biharsharif Smart City Limited,"1st Floor, Administrative Building",Binod Kumar,CEO Biharsharif Smart City Limited,Biharsharif Smart City Limited,26500000.0,100000.0,5900.0
13783,06/2021-22/MID/PATNA/02,Renovation of Baluachak Mustafapur Pyne Scheme Under Minor Irrigation Division Patna	(GROUP-02),Renovation of Baluachak Mustafapur Pyne Scheme Under Minor Irrigation Division Patna	(GROUP-02),19719938.0,INR,INR,2021-10-02 14:41:19+00:00,2021-10-02T14:05:25.289000+00:00,2022-02-04T15:38:57+00:00,RAJENDRA KUMAR,EE,MINOR IRRIGATION DIVISION PATNA,MINOR IRRIGATION DIVISION PATNA,"ER. RAJENDRA KUMAR, SE PATNA",SUPERINTENDENT ENGINEER,"MINOR IRRIGATION CIRCLE, PATNA",394399.0,10000.0,3540.0
13781,06/BCD/ARARIA/2021-22,"Description of Work-Construction of Block Cum Circle Office cum Residential Building Inspection bunglow and Campus Development Work Jokihat, Araria including (Fire Fighting, Furniture Work and Furnishing work)","Description of Work-Construction of Block Cum Circle Office cum Residential Building Inspection bunglow and Campus Development Work Jokihat, Araria including (Fire Fighting, Furniture Work and Furnishing work)",184125515.0,INR,INR,2021-10-06 14:07:37+00:00,2021-10-02T12:42:35.944000+00:00,2021-10-29T10:54:40+00:00,"Executive Engineer, Araria",EE,Araria Division,"Executive Engineer, Araria Division ,  BUILDING CONSTRUCTION DEPARTMENT, Araria , Bihar","Superintending Engineer, Purnea Circle",SE,Purnea Circle,2841255.0,10000.0,5900.0
13786,06/2021-22/MID/PATNA/05,Renovation of Gangh Pyne Scheme Under Minor Irrigation Division Patna (GROUP-05),Renovation of Gangh Pyne Scheme Under Minor Irrigation Division Patna (GROUP-05),15745226.0,INR,INR,2021-10-02 14:46:47+00:00,2021-10-02T14:16:17.271000+00:00,2022-01-06T11:01:07+00:00,RAJENDRA KUMAR,EE,MINOR IRRIGATION DIVISION PATNA,MINOR IRRIGATION DIVISION PATNA,"ER. RAJENDRA KUMAR, SE PATNA",SUPERINTENDENT ENGINEER,"MINOR IRRIGATION CIRCLE, PATNA",314905.0,10000.0,3540.0
13787,06/2021-22/MID/ARWAL/15,RENOVATION OF BELKHARA AHAR PYNE IRRIGATION SCHEME,RENOVATION OF BELKHARA AHAR PYNE IRRIGATION SCHEME,12538274.0,INR,INR,2021-10-02 15:31:51+00:00,2021-10-02T14:48:37.737000+00:00,2021-11-23T12:06:08+00:00,SANJIB KUMAR SINGH,EXECUTIVE ENGINEER,"MINOR IRRIGATION DIVISION, JEHANABAD","MINOR IRRIGATION DIVISION, JEHANABAD",BINDESHWAR RAM,CE,MINOR WATER RESOURCES DEPARTMENT,250800.0,10000.0,3540.0
13785,06/2021-22/MID/PATNA/04,Renovation of Bariakala Pyne Scheme Under Minor Irrigation Division Patna	 (GROUP-04),Renovation of Bariakala Pyne Scheme Under Minor Irrigation Division Patna	 (GROUP-04),10804866.0,INR,INR,2021-10-02 14:45:02+00:00,2021-10-02T14:13:25.727000+00:00,2021-12-13T14:07:13+00:00,RAJENDRA KUMAR,EE,MINOR IRRIGATION DIVISION PATNA,MINOR IRRIGATION DIVISION PATNA,"ER. RAJENDRA KUMAR, SE PATNA",SUPERINTENDENT ENGINEER,"MINOR IRRIGATION CIRCLE, PATNA",216098.0,10000.0,3540.0
13788,06/2021-22/MID/ARWAL/16,RENOVATION OF BAGHARA NALA IRRIGATION SCHEME,RENOVATION OF BAGHARA NALA IRRIGATION SCHEME,15812875.0,INR,INR,2021-10-02 15:45:53+00:00,2021-10-02T15:32:13.797000+00:00,2021-11-23T12:27:11+00:00,SANJIB KUMAR SINGH,EXECUTIVE ENGINEER,"MINOR IRRIGATION DIVISION, JEHANABAD","MINOR IRRIGATION DIVISION, JEHANABAD",BINDESHWAR RAM,CE,MINOR WATER RESOURCES DEPARTMENT,316300.0,10000.0,3540.0
13774,08/BCD/BEGUSARAI/2021-22,"Construction of Prakhand cum Circle office cum residential bldg, Inspection room and Campus Development of Sadar Prakhand, Begusarai. (2021-22)","Construction of Prakhand cum Circle office cum residential bldg, Inspection room and Campus Development of Sadar Prakhand, Begusarai. (2021-22)",166805219.0,INR,INR,2021-10-02 08:47:19+00:00,2021-10-01T14:58:17.009000+00:00,2021-10-30T15:45:44+00:00,EXECUTIVE ENGINEER BUILDING DIVISION BEGUSARAI,EE,BCD BUILDING DIVISION BEGUSARAI,E E BUILDING DIVISION BEGUSRAI,SUPERINTENDING ENGINEER BUILDING CIRCLE DARBHANGA,SE,BUILDING CIRCLE DARBHANGA,2669000.0,10000.0,5900.0
13782,06/2021-22/MID/PATNA/01,"Extensive Renovation of Khardiha Planga Pyne Scheme Under Minor Irrigation Division, Patna	(GROUP-01)","Extensive Renovation of Khardiha Planga Pyne Scheme Under Minor Irrigation Division, Patna	(GROUP-01)",11227020.0,INR,INR,2021-10-02 14:39:34+00:00,2021-10-02T13:53:31.281000+00:00,2021-12-09T10:09:04+00:00,RAJENDRA KUMAR,EE,MINOR IRRIGATION DIVISION PATNA,MINOR IRRIGATION DIVISION PATNA,"ER. RAJENDRA KUMAR, SE PATNA",SUPERINTENDENT ENGINEER,"MINOR IRRIGATION CIRCLE, PATNA",224541.0,10000.0,3540.0
13794,NIT06/2021-22/MID/KAIMUR/GR No-38,Renovation of  Sirihira Pokhar,Renovation of  Sirihira Pokhar,6276230.0,INR,INR,2021-10-02 17:46:47+00:00,2021-10-02T17:40:13.533000+00:00,2021-12-16T07:02:04+00:00,SUNIL KUMAR (SE),SE,MINOR WATER RESOURCES DEPARTMENT,"JAL BHAWAN, SHEIKHPURA, PATNA",BINDESHWAR RAM,CHEIF ENGINEER,MINOR WATER RESOURCE DEPARTMENT PATNA,126000.0,10000.0,590.0
13796,NIT06/2021-22/MID/KAIMUR/GR No-40,Renovation of  Kurari Pokhar,Renovation of  Kurari Pokhar,8801047.0,INR,INR,2021-10-02 18:03:45+00:00,2021-10-02T17:53:28.068000+00:00,2022-01-05T07:34:58+00:00,SUNIL KUMAR (SE),SE,MINOR WATER RESOURCES DEPARTMENT,"JAL BHAWAN, SHEIKHPURA, PATNA",BINDESHWAR RAM,CHEIF ENGINEER,MINOR WATER RESOURCE DEPARTMENT PATNA,176500.0,10000.0,3540.0
13795,NIT06/2021-22/MID/KAIMUR/GR No-39,Renovation of  Ailay Patna Pokhar,Renovation of  Ailay Patna Pokhar,8362451.0,INR,INR,2021-10-02 17:53:05+00:00,2021-10-02T17:47:09.692000+00:00,2022-01-22T07:56:00+00:00,SUNIL KUMAR (SE),SE,MINOR WATER RESOURCES DEPARTMENT,"JAL BHAWAN, SHEIKHPURA, PATNA",BINDESHWAR RAM,CHEIF ENGINEER,MINOR WATER RESOURCE DEPARTMENT PATNA,167500.0,10000.0,3540.0
13793,NIT06/2021-22/MID/KAIMUR/GR No-37,Renovation of  Jaitpur Pokhar,Renovation of  Jaitpur Pokhar,8446331.0,INR,INR,2021-10-02 17:39:49+00:00,2021-10-02T17:22:04.316000+00:00,2022-01-05T07:30:34+00:00,SUNIL KUMAR (SE),SE,MINOR WATER RESOURCES DEPARTMENT,"JAL BHAWAN, SHEIKHPURA, PATNA",BINDESHWAR RAM,CHEIF ENGINEER,MINOR WATER RESOURCE DEPARTMENT PATNA,169000.0,10000.0,3540.0
13792,NIT06/2021-22/MID/KAIMUR/GR No-36,Renovation of  Kaser Pokhar,Renovation of  Kaser Pokhar,7699874.0,INR,INR,2021-10-02 17:18:52+00:00,2021-10-02T17:02:35.898000+00:00,2022-01-06T08:28:10+00:00,SUNIL KUMAR (SE),SE,MINOR WATER RESOURCES DEPARTMENT,"JAL BHAWAN, SHEIKHPURA, PATNA",BINDESHWAR RAM,CHEIF ENGINEER,MINOR WATER RESOURCE DEPARTMENT PATNA,154000.0,10000.0,3540.0
13791,NIT06/2021-22/MID/KAIMUR/GR No-35,Renovation of Karma Pokhar,Renovation of Karma Pokhar,17930446.0,INR,INR,2021-10-02 17:01:56+00:00,2021-10-02T16:53:56.019000+00:00,2022-01-06T08:26:25+00:00,SUNIL KUMAR (SE),SE,MINOR WATER RESOURCES DEPARTMENT,"JAL BHAWAN, SHEIKHPURA, PATNA",BINDESHWAR RAM,CHEIF ENGINEER,MINOR WATER RESOURCE DEPARTMENT PATNA,359000.0,10000.0,3540.0
13790,NIT06/2021-22/MID/KAIMUR/GR No-34,Renovation of Shahpur Pokhar,Renovation of Shahpur Pokhar,10349181.0,INR,INR,2021-10-02 16:52:58+00:00,2021-10-02T16:33:04.186000+00:00,2022-01-06T08:23:56+00:00,SUNIL KUMAR (SE),SE,MINOR WATER RESOURCES DEPARTMENT,"JAL BHAWAN, SHEIKHPURA, PATNA",BINDESHWAR RAM,CHEIF ENGINEER,MINOR WATER RESOURCE DEPARTMENT PATNA,207000.0,10000.0,3540.0
13798,06/2021-22/MID/ROHTAS SASARAM/12,RENOVATION OF KUMHILA POKHAR,RENOVATION OF KUMHILA POKHAR,13497668.0,INR,INR,2021-10-03 06:56:44+00:00,2021-10-03T06:02:40.372000+00:00,2022-02-22T06:44:15+00:00,SUNIL KUMAR (SE),SE,MINOR WATER RESOURCES DEPARTMENT,"JAL BHAWAN, SHEIKHPURA, PATNA",BINDESHWAR RAM,CE,MINOR WATER RESOURCES DEPARTMENT,270000.0,10000.0,3540.0
13797,NIT06/2021-22/MID/KAIMUR/GR No-41,Renovation of  Gaura Pokhar,Renovation of  Gaura Pokhar,4940081.0,INR,INR,2021-10-02 18:12:00+00:00,2021-10-02T18:04:49.211000+00:00,2021-12-16T07:01:24+00:00,SUNIL KUMAR (SE),SE,MINOR WATER RESOURCES DEPARTMENT,"JAL BHAWAN, SHEIKHPURA, PATNA",BINDESHWAR RAM,CHEIF ENGINEER,MINOR WATER RESOURCE DEPARTMENT PATNA,99000.0,10000.0,590.0
13800,06/2021-22/MID/ROHTAS SASARAM/14,RENOVATION OF BALUAHI AHAR,RENOVATION OF BALUAHI AHAR,12448203.0,INR,INR,2021-10-03 07:14:06+00:00,2021-10-03T07:07:05.187000+00:00,2022-02-22T06:39:35+00:00,SUNIL KUMAR (SE),SE,MINOR WATER RESOURCES DEPARTMENT,"JAL BHAWAN, SHEIKHPURA, PATNA",BINDESHWAR RAM,CE,MINOR WATER RESOURCES DEPARTMENT,249000.0,10000.0,3540.0
13789,NIT06/2021-22/MID/KAIMUR/GR No-33,Renovation of Rampur Pokhar,Renovation of Rampur Pokhar,9952175.0,INR,INR,2021-10-02 16:23:47+00:00,2021-10-02T15:35:09.016000+00:00,2022-01-06T08:19:48+00:00,SUNIL KUMAR (SE),SE,MINOR WATER RESOURCES DEPARTMENT,"JAL BHAWAN, SHEIKHPURA, PATNA",BINDESHWAR RAM,CHEIF ENGINEER,MINOR WATER RESOURCE DEPARTMENT PATNA,200000.0,10000.0,3540.0
13799,06/2021-22/MID/ROHTAS SASARAM/13,RENOVATION OF KHAJURIYA POND,RENOVATION OF KHAJURIYA POND,10308589.0,INR,INR,2021-10-03 07:06:46+00:00,2021-10-03T06:57:29.564000+00:00,2022-02-22T06:42:00+00:00,SUNIL KUMAR (SE),SE,MINOR WATER RESOURCES DEPARTMENT,"JAL BHAWAN, SHEIKHPURA, PATNA",BINDESHWAR RAM,CE,MINOR WATER RESOURCES DEPARTMENT,206200.0,10000.0,3540.0
13816,REFER TO NIT 6/2021-22 group 42,RENOVATION OF EKNAR POKHAR SCHEME,RENOVATION OF EKNAR POKHAR SCHEME,11414603.0,INR,INR,2021-10-03 14:44:56+00:00,2021-10-03T11:35:04.490000+00:00,2022-03-30T07:32:37+00:00,SHARWESH KUMAR CHOUDHARY,EXECUTIVE ENGINEER,MINOR IRRIGATION DIVISION NAWADA,MINOR IRRIGATION DIVISION NAWADA,BINDESHWAR RAM,CHEIF ENGINEER,MINOR WATER RESOURCE DEPARTMENT PATNA,228300.0,10000.0,3540.0
13818,"06/2021-22/MID, Ara/GP 7",RENOVATION OF PANDURA RAMPUR AHAR,RENOVATION OF PANDURA RAMPUR AHAR,4408564.0,INR,INR,2021-10-03 11:51:40+00:00,2021-10-03T11:37:45.660000+00:00,2022-01-28T10:35:37+00:00,SUNIL KUMAR (SE),SE,MINOR WATER RESOURCES DEPARTMENT,"JAL BHAWAN, SHEIKHPURA, PATNA","ER. RAJENDRA KUMAR, SE PATNA",SUPERINTENDENT ENGINEER,"MINOR IRRIGATION CIRCLE, PATNA",88200.0,5000.0,590.0
13824,"06/2021-22/MID, Ara/GP 8",RENOVATION OF DIHRA AHAR,RENOVATION OF DIHRA AHAR,5207327.0,INR,INR,2021-10-03 12:24:41+00:00,2021-10-03T11:52:01.995000+00:00,2022-01-24T08:21:14+00:00,SUNIL KUMAR (SE),SE,MINOR WATER RESOURCES DEPARTMENT,"JAL BHAWAN, SHEIKHPURA, PATNA","ER. RAJENDRA KUMAR, SE PATNA",SUPERINTENDENT ENGINEER,"MINOR IRRIGATION CIRCLE, PATNA",104200.0,10000.0,590.0
13838,"06/2021-22/MID, Ara/GP 9",RENOVATION OF SANDESH AHAR,RENOVATION OF SANDESH AHAR,1722690.0,INR,INR,2021-10-03 12:40:44+00:00,2021-10-03T12:26:11.403000+00:00,2022-01-24T08:24:59+00:00,SUNIL KUMAR (SE),SE,MINOR WATER RESOURCES DEPARTMENT,"JAL BHAWAN, SHEIKHPURA, PATNA","ER. RAJENDRA KUMAR, SE PATNA",SUPERINTENDENT ENGINEER,"MINOR IRRIGATION CIRCLE, PATNA",34500.0,5000.0,590.0
13854,"06/2021-22/MID, Ara/GP 11",RENOVATION OF RAMASHAND AHAR,RENOVATION OF RAMASHAND AHAR,4793454.0,INR,INR,2021-10-03 12:57:57+00:00,2021-10-03T12:49:56.620000+00:00,2022-01-24T08:29:57+00:00,SUNIL KUMAR (SE),SE,MINOR WATER RESOURCES DEPARTMENT,"JAL BHAWAN, SHEIKHPURA, PATNA","ER. RAJENDRA KUMAR, SE PATNA",SUPERINTENDENT ENGINEER,"MINOR IRRIGATION CIRCLE, PATNA",95900.0,5000.0,590.0
13822,RE04/2021-22/ID TARAPUR/WRD/01,"REPAIR WORK OF CHHTRAHAR CAUSEWAY UNDER IRRIGATION DIVISION, TARAPUR. (GROUP-01)","REPAIR WORK OF CHHTRAHAR CAUSEWAY UNDER IRRIGATION DIVISION, TARAPUR. (GROUP-01)",2620367.0,INR,INR,2021-10-03 12:05:51+00:00,2021-10-03T11:51:25.436000+00:00,2022-03-12T06:11:40+00:00,ANISH RANJAN,EE,IRRIGATION DIVISION TARAPUR,IRRIGATION DIVISION TARAPUR,SHAMS PERWEZ,CE (MECH.),CHIEF ENGINEER (MECH.),53000.0,5000.0,590.0
13883,REFER TO NIT 6/2021-22 group 45,"RENOVATION OF SHEKHAPURA POND SCHEME, NAWADA","RENOVATION OF SHEKHAPURA POND SCHEME, NAWADA",8801689.0,INR,INR,2021-10-03 14:41:16+00:00,2021-10-03T13:57:07.630000+00:00,2022-03-30T07:30:31+00:00,SHARWESH KUMAR CHOUDHARY,EXECUTIVE ENGINEER,MINOR IRRIGATION DIVISION NAWADA,MINOR IRRIGATION DIVISION NAWADA,BINDESHWAR RAM,CHEIF ENGINEER,MINOR WATER RESOURCE DEPARTMENT PATNA,176100.0,10000.0,3540.0
13834,"06/2021-22 MID, Nalanda Group 20",Renovation of Chalnima Pond In Dhurganw Village Scheme,Renovation of Chalnima Pond In Dhurganw Village Scheme,6545790.0,INR,INR,2021-10-03 18:51:05+00:00,2021-10-03T12:17:11.536000+00:00,2021-12-16T06:13:51+00:00,RAJENDRA KUMAR,EE,MINOR IRRIGATION DIVISION PATNA,MINOR IRRIGATION DIVISION PATNA,"ER. RAJENDRA KUMAR, SE PATNA",SUPERINTENDENT ENGINEER,"MINOR IRRIGATION CIRCLE, PATNA",131000.0,10000.0,590.0
13847,"06/2021-22/MID, Ara/GP 10",RENOVATION OF BARANPUR AHAR,RENOVATION OF BARANPUR AHAR,1580270.0,INR,INR,2021-10-03 12:49:18+00:00,2021-10-03T12:41:13.320000+00:00,2022-01-24T08:23:09+00:00,SUNIL KUMAR (SE),SE,MINOR WATER RESOURCES DEPARTMENT,"JAL BHAWAN, SHEIKHPURA, PATNA","ER. RAJENDRA KUMAR, SE PATNA",SUPERINTENDENT ENGINEER,"MINOR IRRIGATION CIRCLE, PATNA",31700.0,5000.0,590.0
13886,"06/2021-22 MID, Nalanda Group 22",Renovation of Mari Pond - 1 Scheme,Renovation of Mari Pond - 1 Scheme,6460308.0,INR,INR,2021-10-03 19:06:27+00:00,2021-10-03T18:54:29.918000+00:00,2021-12-17T09:47:16+00:00,RAJENDRA KUMAR,EE,MINOR IRRIGATION DIVISION PATNA,MINOR IRRIGATION DIVISION PATNA,"ER. RAJENDRA KUMAR, SE PATNA",SUPERINTENDENT ENGINEER,"MINOR IRRIGATION CIRCLE, PATNA",129300.0,10000.0,590.0
13884,REFER TO NIT 6/2021-22 group 43,RRENOVATION OF SIRPAT POKHAR SCHEME,RRENOVATION OF SIRPAT POKHAR SCHEME,8426541.0,INR,INR,2021-10-03 14:35:13+00:00,2021-10-03T14:15:34.020000+00:00,2022-01-28T10:49:04+00:00,SHARWESH KUMAR CHOUDHARY,EXECUTIVE ENGINEER,MINOR IRRIGATION DIVISION NAWADA,MINOR IRRIGATION DIVISION NAWADA,BINDESHWAR RAM,CHEIF ENGINEER,MINOR WATER RESOURCE DEPARTMENT PATNA,168600.0,10000.0,3540.0
13885,REFER TO NIT 6/2021-22 group 44,RENOVATION OF  GANGTI POKHAR SCHEME,RENOVATION OF  GANGTI POKHAR SCHEME,6819269.0,INR,INR,2021-10-03 16:17:16+00:00,2021-10-03T15:45:26.561000+00:00,2021-12-10T07:40:15+00:00,SHARWESH KUMAR CHOUDHARY,EXECUTIVE ENGINEER,MINOR IRRIGATION DIVISION NAWADA,MINOR IRRIGATION DIVISION NAWADA,BINDESHWAR RAM,CHEIF ENGINEER,MINOR WATER RESOURCE DEPARTMENT PATNA,136400.0,10000.0,590.0
13891,"06/2021-22 MID, Nalanda Group 31",Renovation of Banail Pond  Scheme,Renovation of Banail Pond  Scheme,5222400.0,INR,INR,2021-10-03 20:10:20+00:00,2021-10-03T20:01:44.387000+00:00,2021-12-17T09:51:22+00:00,RAJENDRA KUMAR,EE,MINOR IRRIGATION DIVISION PATNA,MINOR IRRIGATION DIVISION PATNA,"ER. RAJENDRA KUMAR, SE PATNA",SUPERINTENDENT ENGINEER,"MINOR IRRIGATION CIRCLE, PATNA",104500.0,10000.0,590.0
13892,"06/2021-22 MID, Nalanda Group 32",Renovation of Chaudhasan & Gadda Pond Scheme,Renovation of Chaudhasan & Gadda Pond Scheme,5460000.0,INR,INR,2021-10-03 20:23:48+00:00,2021-10-03T20:11:53.259000+00:00,2021-12-17T09:51:52+00:00,RAJENDRA KUMAR,EE,MINOR IRRIGATION DIVISION PATNA,MINOR IRRIGATION DIVISION PATNA,"ER. RAJENDRA KUMAR, SE PATNA",SUPERINTENDENT ENGINEER,"MINOR IRRIGATION CIRCLE, PATNA",109200.0,10000.0,590.0
13894,"06/2021-22 MID, Nalanda Group 28",Renovation of Ghostawan Pond - 1 Scheme,Renovation of Ghostawan Pond - 1 Scheme,5681600.0,INR,INR,2021-10-03 20:47:42+00:00,2021-10-03T20:38:11.888000+00:00,2021-12-17T09:50:48+00:00,RAJENDRA KUMAR,EE,MINOR IRRIGATION DIVISION PATNA,MINOR IRRIGATION DIVISION PATNA,"ER. RAJENDRA KUMAR, SE PATNA",SUPERINTENDENT ENGINEER,"MINOR IRRIGATION CIRCLE, PATNA",113700.0,10000.0,590.0
13896,"06/2021-22 MID, Nalanda Group 26",Renovation of Ratna Pond - 1 Scheme,Renovation of Ratna Pond - 1 Scheme,13994200.0,INR,INR,2021-10-03 21:45:19+00:00,2021-10-03T21:17:18.420000+00:00,2022-02-18T06:04:58+00:00,SUNIL KUMAR (SE),SE,MINOR WATER RESOURCES DEPARTMENT,"JAL BHAWAN, SHEIKHPURA, PATNA",BINDESHWAR RAM,CHEIF ENGINEER,MINOR WATER RESOURCE DEPARTMENT PATNA,279900.0,10000.0,3540.0
13890,"06/2021-22 MID, Nalanda Group 29",Renovation of Ghostawan Pond - 2  Scheme,Renovation of Ghostawan Pond - 2  Scheme,3450200.0,INR,INR,2021-10-03 20:00:43+00:00,2021-10-03T19:49:48.695000+00:00,2021-12-20T06:09:15+00:00,RAJENDRA KUMAR,EE,MINOR IRRIGATION DIVISION PATNA,MINOR IRRIGATION DIVISION PATNA,"ER. RAJENDRA KUMAR, SE PATNA",SUPERINTENDENT ENGINEER,"MINOR IRRIGATION CIRCLE, PATNA",69100.0,5000.0,590.0
13899,"06/2021-22 MID, Nalanda Group 19",Renovation of Dehar Pond Scheme,Renovation of Dehar Pond Scheme,7499000.0,INR,INR,2021-10-03 22:14:36+00:00,2021-10-03T22:07:24.841000+00:00,2022-02-18T06:19:10+00:00,SUNIL KUMAR (SE),SE,MINOR WATER RESOURCES DEPARTMENT,"JAL BHAWAN, SHEIKHPURA, PATNA",BINDESHWAR RAM,CHEIF ENGINEER,MINOR WATER RESOURCE DEPARTMENT PATNA,150000.0,10000.0,3540.0
13898,"06/2021-22 MID, Nalanda Group 21",Renovation of Tarsing Pond Scheme,Renovation of Tarsing Pond Scheme,7228800.0,INR,INR,2021-10-03 22:06:38+00:00,2021-10-03T21:57:13.209000+00:00,2022-02-18T06:09:38+00:00,SUNIL KUMAR (SE),SE,MINOR WATER RESOURCES DEPARTMENT,"JAL BHAWAN, SHEIKHPURA, PATNA",BINDESHWAR RAM,CHEIF ENGINEER,MINOR WATER RESOURCE DEPARTMENT PATNA,144600.0,10000.0,3540.0
13893,"06/2021-22 MID, Nalanda Group 27",Renovation of Mahuri Pond Scheme,Renovation of Mahuri Pond Scheme,5361000.0,INR,INR,2021-10-03 20:37:49+00:00,2021-10-03T20:25:11.601000+00:00,2021-12-17T09:49:58+00:00,RAJENDRA KUMAR,EE,MINOR IRRIGATION DIVISION PATNA,MINOR IRRIGATION DIVISION PATNA,"ER. RAJENDRA KUMAR, SE PATNA",SUPERINTENDENT ENGINEER,"MINOR IRRIGATION CIRCLE, PATNA",107300.0,10000.0,590.0
13897,"06/2021-22 MID, Nalanda Group 30",Renovation of Ghostawan Pond - 3  Scheme,Renovation of Ghostawan Pond - 3  Scheme,7121900.0,INR,INR,2021-10-03 21:56:26+00:00,2021-10-03T21:47:19.923000+00:00,2022-02-18T06:06:31+00:00,SUNIL KUMAR (SE),SE,MINOR WATER RESOURCES DEPARTMENT,"JAL BHAWAN, SHEIKHPURA, PATNA",BINDESHWAR RAM,CHEIF ENGINEER,MINOR WATER RESOURCE DEPARTMENT PATNA,142500.0,10000.0,3540.0
13902,RENIT-05/2021-22,Construction of District Minority Officer Office Building at Lakhisarai Year- 2021-22.,Construction of District Minority Officer Office Building at Lakhisarai Year- 2021-22.,3727675.0,INR,INR,2021-10-04 06:16:27+00:00,2021-10-04T06:02:03.734000+00:00,2022-01-04T09:10:17+00:00,EXECUTIVE ENGINEER BUILDING DIVISION LAKHISARAI,EXECUTIVE ENGINEER,EXECUTIVE ENGINEER LAKHISARAI,EXECUTIVE ENGINEER BUILDING DIVISION LAKHISARAI,SUPERINTENDING ENGINEER BUILDING CIRCLE MUNGER`,SE,SUPERINTENDING ENGINEER BUILDING CIRCLE MUNGER,74600.0,5000.0,590.0
13900,"06/2021-22 MID, Nalanda Group 18",Renovation of Barakar Pond Scheme,Renovation of Barakar Pond Scheme,7069400.0,INR,INR,2021-10-03 22:26:05+00:00,2021-10-03T22:15:18.959000+00:00,2022-02-18T06:21:01+00:00,SUNIL KUMAR (SE),SE,MINOR WATER RESOURCES DEPARTMENT,"JAL BHAWAN, SHEIKHPURA, PATNA",BINDESHWAR RAM,CHEIF ENGINEER,MINOR WATER RESOURCE DEPARTMENT PATNA,141400.0,10000.0,3540.0
13887,"06/2021-22 MID, Nalanda Group 23",Renovation of Saidbarhi Pond Scheme,Renovation of Saidbarhi Pond Scheme,4812575.0,INR,INR,2021-10-03 19:19:18+00:00,2021-10-03T19:09:44.410000+00:00,2021-12-17T09:48:03+00:00,RAJENDRA KUMAR,EE,MINOR IRRIGATION DIVISION PATNA,MINOR IRRIGATION DIVISION PATNA,"ER. RAJENDRA KUMAR, SE PATNA",SUPERINTENDENT ENGINEER,"MINOR IRRIGATION CIRCLE, PATNA",96300.0,5000.0,590.0
13888,"06/2021-22 MID, Nalanda Group 24",Renovation of Durgapur Pond  Scheme,Renovation of Durgapur Pond  Scheme,3793900.0,INR,INR,2021-10-03 19:32:25+00:00,2021-10-03T19:22:18.829000+00:00,2021-12-17T09:48:49+00:00,RAJENDRA KUMAR,EE,MINOR IRRIGATION DIVISION PATNA,MINOR IRRIGATION DIVISION PATNA,"ER. RAJENDRA KUMAR, SE PATNA",SUPERINTENDENT ENGINEER,"MINOR IRRIGATION CIRCLE, PATNA",75900.0,5000.0,590.0
13940,NIT No. 35/CME/PMC/2021,RFP for  Selection of Agency for setting up of scientific sanitary landfill for inert material at Ramachak Bariya under Patna Municipal Corporation area.,RFP for  Selection of Agency for setting up of scientific sanitary landfill for inert material at Ramachak Bariya under Patna Municipal Corporation area.,0.0,INR,INR,2021-10-04 09:10:04+00:00,2021-10-04T08:44:59.577000+00:00,2021-10-16T10:31:00+00:00,CHIEF MUNICIPAL ENGINEER,CME,"Head Quarter, Patna Municipal Corporation, Patna","Block-C,4th Floor,Mauryalok,Patna",CHIEF MUNICIPAL ENGINEER,CME,"Head Quarter, Patna Municipal Corporation, Patna",100000.0,10000.0,590.0
13941,NIT: 18/E&M/MMC/2021-22,"Biometric Attendance System : Face Recognition System, Cloud-base Mobile Application and Web Portal for 2000 employees with GPS tracking system Software. 7? Tablet PC with front camera, 4GB RAM, WiFi and 4g Sim enable - 20 Pcs. 
.","Biometric Attendance System : Face Recognition System, Cloud-base Mobile Application and Web Portal for 2000 employees with GPS tracking system Software. 7? Tablet PC with front camera, 4GB RAM, WiFi and 4g Sim enable - 20 Pcs. 
.",0.0,INR,INR,2021-10-04 10:12:49+00:00,2021-10-04T09:34:35.377000+00:00,2021-10-18T09:47:06+00:00,"MUNICIPAL COMMISSIONER, MUZAFFARPUR",MUNICIPAL COMMISSIONER,MUZAFFARPUR MUNICIPAL CORPORATION,"OPPOSITE OF MUZAFFARPUR RAILWAY STATION, KACHHARI CAMPUR","MUNICIPAL COMMISSIONER, MUZAFFARPUR",MUNICIPAL COMMISSIONER,MUZAFFARPUR MUNICIPAL CORPORATION,5000.0,2000.0,590.0
14008,NP HILSA NIT10/2021-22 GROUP-02,NAGAR PARISHAD HILSA ANTARGAT BHANDAJOR POKHAR KA JIRNODHAR KARY,NAGAR PARISHAD HILSA ANTARGAT BHANDAJOR POKHAR KA JIRNODHAR KARY,2162200.0,INR,INR,2021-10-04 11:33:36+00:00,2021-10-04T11:29:12.543000+00:00,2021-12-20T10:54:44+00:00,"EXECUTIVE OFFICER, HILSA",EO,NAGAR PARISHAD HILSA,STATION ROAD HILSA,"EXECUTIVE OFFICER, HILSA",EO,NAGAR PARISHAD HILSA,43300.0,5000.0,590.0
14017,NP HILSA NIT10/2021-22 GROUP-04,NAGAR PARISHAD HILSA ANTARGAT ANUGRAH NARAYAN SINGH SIGHARA POKHAR KA JIRNODHAR KARY,NAGAR PARISHAD HILSA ANTARGAT ANUGRAH NARAYAN SINGH SIGHARA POKHAR KA JIRNODHAR KARY,2162200.0,INR,INR,2021-10-04 11:43:50+00:00,2021-10-04T11:38:54.207000+00:00,2021-12-20T10:48:21+00:00,"EXECUTIVE OFFICER, HILSA",EO,NAGAR PARISHAD HILSA,STATION ROAD HILSA,"EXECUTIVE OFFICER, HILSA",EO,NAGAR PARISHAD HILSA,43300.0,5000.0,590.0
14021,NP HILSA NIT10/2021-22 GROUP-05,NAGAR PARISHAD HILSA ANTARGAT ANUGRAH NARAYAN SINGH SIGHARA POKHAR ME SIDHI GHAT KA NIRMAN KARY,NAGAR PARISHAD HILSA ANTARGAT ANUGRAH NARAYAN SINGH SIGHARA POKHAR ME SIDHI GHAT KA NIRMAN KARY,4868100.0,INR,INR,2021-10-04 11:48:25+00:00,2021-10-04T11:44:06.780000+00:00,2021-11-28T08:18:30+00:00,"EXECUTIVE OFFICER, HILSA",EO,NAGAR PARISHAD HILSA,STATION ROAD HILSA,"EXECUTIVE OFFICER, HILSA",EO,NAGAR PARISHAD HILSA,97400.0,5000.0,590.0
14035,"NIT No - 05/E/Bankipur/2021, Group No - 01","Construction of  U/G Drain and PCC road in  Service Lane Back side of Vidhyavidhi School  in ward no.38 under Bankipur Division, PMC, Patna.","Construction of  U/G Drain and PCC road in  Service Lane Back side of Vidhyavidhi School  in ward no.38 under Bankipur Division, PMC, Patna.",1265547.0,INR,INR,2021-10-04 13:40:19+00:00,2021-10-04T12:55:55.590000+00:00,2022-09-24T12:08:32+00:00,"Aashish Prasad, Executive Engineer",EE,"BANKIPUR DIVISION, Patna Municipal Corporation, Patna","Ambedkar Bhawan, Vaishali Golumbar,Rajendra Nagar,Patna","Aashish Prasad, Executive Engineer",EE,"Bankipur Division,Patna Municipal Corporation,Patna",25400.0,2500.0,590.0
14036,NIT 05/E/Bankipur/2021,"Construction of  U/G Drain and PCC road In Loha Godam Gali, Gulab Bagh  in ward no.38 under Bankipur Division, PMC, Patna.","Construction of  U/G Drain and PCC road In Loha Godam Gali, Gulab Bagh  in ward no.38 under Bankipur Division, PMC, Patna.",636437.0,INR,INR,2021-10-04 14:00:59+00:00,2021-10-04T13:43:47.427000+00:00,2022-03-07T06:25:47+00:00,"Aashish Prasad, Executive Engineer",EE,"BANKIPUR DIVISION, Patna Municipal Corporation, Patna","Ambedkar Bhawan, Vaishali Golumbar,Rajendra Nagar,Patna","Aashish Prasad, Executive Engineer",EE,"Bankipur Division,Patna Municipal Corporation,Patna",12800.0,1250.0,590.0
14040,"05/E/Bankipur/2021, Group No. 05","Construction of  U/G Drain and PCC road from Rajendra Path to Barhiya Kothi in ward no.38 under Bankipur Division, PMC, Patna.","Construction of  U/G Drain and PCC road from Rajendra Path to Barhiya Kothi in ward no.38 under Bankipur Division, PMC, Patna.",2034214.0,INR,INR,2021-10-04 14:40:36+00:00,2021-10-04T14:31:22.063000+00:00,2022-03-07T07:22:40+00:00,"Aashish Prasad, Executive Engineer",EE,"BANKIPUR DIVISION, Patna Municipal Corporation, Patna","Ambedkar Bhawan, Vaishali Golumbar,Rajendra Nagar,Patna","Aashish Prasad, Executive Engineer",EE,"Bankipur Division,Patna Municipal Corporation,Patna",40700.0,5000.0,590.0
13993,NP HILSA NIT10/2021-22 GROUP-01,HILSA NAGAR PARISHAD KE SURY MANDIR TALAB KE PASCHIM BHINDA PAR SIDHI NIRMAN KARY,HILSA NAGAR PARISHAD KE SURY MANDIR TALAB KE PASCHIM BHINDA PAR SIDHI NIRMAN KARY,4989200.0,INR,INR,2021-10-04 11:28:54+00:00,2021-10-04T11:05:04.753000+00:00,2021-12-14T11:02:00+00:00,"EXECUTIVE OFFICER, HILSA",EO,NAGAR PARISHAD HILSA,STATION ROAD HILSA,"EXECUTIVE OFFICER, HILSA",EO,NAGAR PARISHAD HILSA,100000.0,5000.0,590.0
14039,"05/E/Bankipur/2021,  Group No. 04","Construction of  4 nos 110 Metre deep (100 mm x 50 mm) dia 2 H.P. submersibble motor pump in  ward No--38 under Bankipur Division , P.M.C","Construction of  4 nos 110 Metre deep (100 mm x 50 mm) dia 2 H.P. submersibble motor pump in  ward No--38 under Bankipur Division , P.M.C",230504.0,INR,INR,2021-10-04 14:29:20+00:00,2021-10-04T14:17:26.638000+00:00,2022-03-07T07:00:10+00:00,"Aashish Prasad, Executive Engineer",EE,"BANKIPUR DIVISION, Patna Municipal Corporation, Patna","Ambedkar Bhawan, Vaishali Golumbar,Rajendra Nagar,Patna","Aashish Prasad, Executive Engineer",EE,"Bankipur Division,Patna Municipal Corporation,Patna",4700.0,500.0,590.0
14041,"NIT No. 05/E/Bankipur/2021, Group No. 06","Construction of 110 Metre deep (100 mm x 50 mm) dia 2 H.P. 7 nos submersibble motor pump in  ward No--40 under Bankipur Division , P.M.C","Construction of 110 Metre deep (100 mm x 50 mm) dia 2 H.P. 7 nos submersibble motor pump in  ward No--40 under Bankipur Division , P.M.C",1521790.0,INR,INR,2021-10-04 14:55:11+00:00,2021-10-04T14:43:12.469000+00:00,2023-10-12T10:16:36+00:00,"Aashish Prasad, Executive Engineer",EE,"BANKIPUR DIVISION, Patna Municipal Corporation, Patna","Ambedkar Bhawan, Vaishali Golumbar,Rajendra Nagar,Patna","Aashish Prasad, Executive Engineer",EE,"Bankipur Division,Patna Municipal Corporation,Patna",30500.0,5000.0,590.0
14044,"NIT No. 05/E/Bankipur/2021, Group No.09","Construction of  U/G Drain and PCC road From Khursid Chai dukan to Arif mallik,  in ward no.40 under Bankipur Division, PMC, Patna.","Construction of  U/G Drain and PCC road From Khursid Chai dukan to Arif mallik,  in ward no.40 under Bankipur Division, PMC, Patna.",393216.0,INR,INR,2021-10-04 15:40:17+00:00,2021-10-04T15:30:34.076000+00:00,2023-12-28T12:01:22+00:00,"Aashish Prasad, Executive Engineer",EE,"BANKIPUR DIVISION, Patna Municipal Corporation, Patna","Ambedkar Bhawan, Vaishali Golumbar,Rajendra Nagar,Patna","Aashish Prasad, Executive Engineer",EE,"Bankipur Division,Patna Municipal Corporation,Patna",7900.0,750.0,590.0
14045,"NIT No. 05/E/Bankipur/2021, Group No. 10","Construction of  U/G Drain and PCC road From House of Gopal Narayan Thakur Sahab to House of Faizi Sahab, in ward no.40 under Bankipur Division, PMC, Patna.","Construction of  U/G Drain and PCC road From House of Gopal Narayan Thakur Sahab to House of Faizi Sahab, in ward no.40 under Bankipur Division, PMC, Patna.",934092.0,INR,INR,2021-10-04 15:51:30+00:00,2021-10-04T15:42:06.940000+00:00,2023-12-28T12:11:50+00:00,"Aashish Prasad, Executive Engineer",EE,"BANKIPUR DIVISION, Patna Municipal Corporation, Patna","Ambedkar Bhawan, Vaishali Golumbar,Rajendra Nagar,Patna","Aashish Prasad, Executive Engineer",EE,"Bankipur Division,Patna Municipal Corporation,Patna",18700.0,1250.0,590.0
14037,"NIT No. 05/E/Bankipur/2021, Group No. 03","Construction of  U/G Drain and PCC road In Link Gali of Samadar Park from house of Ranjan Kumar to house of Sri Ashish Kumar  in ward no.38 under Bankipur Division, PMC, Patna.","Construction of  U/G Drain and PCC road In Link Gali of Samadar Park from house of Ranjan Kumar to house of Sri Ashish Kumar  in ward no.38 under Bankipur Division, PMC, Patna.",365810.0,INR,INR,2021-10-04 14:15:28+00:00,2021-10-04T14:04:06.734000+00:00,2022-03-07T06:44:46+00:00,"Aashish Prasad, Executive Engineer",EE,"BANKIPUR DIVISION, Patna Municipal Corporation, Patna","Ambedkar Bhawan, Vaishali Golumbar,Rajendra Nagar,Patna","Aashish Prasad, Executive Engineer",EE,"Bankipur Division,Patna Municipal Corporation,Patna",7400.0,750.0,590.0
14042,"NIT No. 05/E/Bankipur/2021, Group No. 07","Construction of  U/G Drain and PCC road from Arshad Muradpur to Sun Time Shop to Amir Hasan Market, in ward no. 40 under Bankipur Division, PMC, Patna.","Construction of  U/G Drain and PCC road from Arshad Muradpur to Sun Time Shop to Amir Hasan Market, in ward no. 40 under Bankipur Division, PMC, Patna.",2217355.0,INR,INR,2021-10-04 15:15:27+00:00,2021-10-04T14:58:13.160000+00:00,2023-12-27T10:46:32+00:00,"Aashish Prasad, Executive Engineer",EE,"BANKIPUR DIVISION, Patna Municipal Corporation, Patna","Ambedkar Bhawan, Vaishali Golumbar,Rajendra Nagar,Patna","Aashish Prasad, Executive Engineer",EE,"Bankipur Division,Patna Municipal Corporation,Patna",44400.0,5000.0,590.0
14046,"NIT No. 05/E/Bankipur/2021, Group No. 11",Finishing Work  of P.M.C Bankipur Circle Office Building on occasion of Swachchhata Sarvekshan 2021 under Bankipur Division,Finishing Work  of P.M.C Bankipur Circle Office Building on occasion of Swachchhata Sarvekshan 2021 under Bankipur Division,477260.0,INR,INR,2021-10-04 18:52:46+00:00,2021-10-04T15:58:47.164000+00:00,2022-02-17T06:19:41+00:00,"Aashish Prasad, Executive Engineer",EE,"BANKIPUR DIVISION, Patna Municipal Corporation, Patna","Ambedkar Bhawan, Vaishali Golumbar,Rajendra Nagar,Patna","Aashish Prasad, Executive Engineer",EE,"Bankipur Division,Patna Municipal Corporation,Patna",9600.0,750.0,590.0
14050,06/2021-22/MID/JEHANABAD/GP 17,Renovation of saidpur ahar pyne irrigation scheme,Renovation of saidpur ahar pyne irrigation scheme,9112648.0,INR,INR,2021-10-05 02:45:55+00:00,2021-10-05T02:10:08.896000+00:00,2021-11-23T12:45:58+00:00,SANJIB KUMAR SINGH,EXECUTIVE ENGINEER,"MINOR IRRIGATION DIVISION, JEHANABAD","MINOR IRRIGATION DIVISION, JEHANABAD",BINDESHWAR RAM,CE,MINOR WATER RESOURCES DEPARTMENT,182500.0,10000.0,3540.0
14049,"05/E/Bankipur/2021, Group No.14",Repair of  Manhole in different places in ward 47.,Repair of  Manhole in different places in ward 47.,471913.0,INR,INR,2021-10-05 01:08:45+00:00,2021-10-05T00:59:14.757000+00:00,2023-01-12T08:51:33+00:00,"Aashish Prasad, Executive Engineer",EE,"BANKIPUR DIVISION, Patna Municipal Corporation, Patna","Ambedkar Bhawan, Vaishali Golumbar,Rajendra Nagar,Patna","Aashish Prasad, Executive Engineer",EE,"Bankipur Division,Patna Municipal Corporation,Patna",9500.0,750.0,590.0
14047,"NIT No. 5/E/Bankipur/2021, Group No. 12","Repairing of Community Toilet at Ambedkar Colony,Shanti Surksha Samiti, Road No-1 and Ambedkar Bhawan, Machhua Toli under Swachchha Sarvekshan 2021 in Bankipur Division, PMC .","Repairing of Community Toilet at Ambedkar Colony,Shanti Surksha Samiti, Road No-1 and Ambedkar Bhawan, Machhua Toli under Swachchha Sarvekshan 2021 in Bankipur Division, PMC .",430894.0,INR,INR,2021-10-05 00:41:26+00:00,2021-10-04T18:55:32.767000+00:00,2023-12-30T09:59:38+00:00,"Aashish Prasad, Executive Engineer",EE,"BANKIPUR DIVISION, Patna Municipal Corporation, Patna","Ambedkar Bhawan, Vaishali Golumbar,Rajendra Nagar,Patna","Aashish Prasad, Executive Engineer",EE,"Bankipur Division,Patna Municipal Corporation,Patna",8700.0,750.0,590.0
14048,"05/E/Bankipur/2021, Group No.13","Repairing of Community Toilet at Ambedkar Bhawan, In front of Petrol Pump, Nala  under Swachchha Sarvekshan 2021 in Bankipur Division, PMC .","Repairing of Community Toilet at Ambedkar Bhawan, In front of Petrol Pump, Nala  under Swachchha Sarvekshan 2021 in Bankipur Division, PMC .",390099.0,INR,INR,2021-10-05 00:57:07+00:00,2021-10-05T00:45:22.535000+00:00,2023-12-30T10:06:57+00:00,"Aashish Prasad, Executive Engineer",EE,"BANKIPUR DIVISION, Patna Municipal Corporation, Patna","Ambedkar Bhawan, Vaishali Golumbar,Rajendra Nagar,Patna","Aashish Prasad, Executive Engineer",EE,"Bankipur Division,Patna Municipal Corporation,Patna",7900.0,750.0,590.0
14064,06/BCD/PATNACITY/2021-22,"Construction of Administrative building & Workshop for Govt. Polytechnic Collage at Patna City, Gulzarbagh, Patna for the year 2021-22","Construction of Administrative building & Workshop for Govt. Polytechnic Collage at Patna City, Gulzarbagh, Patna for the year 2021-22",219171175.0,INR,INR,2021-10-05 07:46:30+00:00,2021-10-05T07:17:21.738000+00:00,2021-10-26T09:31:00+00:00,"Executive Engineer, BUILDING DIVISION PATNA CITY",EE,BUILDING DIVISION PATNA CITY,"EE, BUILDING DIVISION PATNA CITY, BCD, GULZARBAG, PATNA BIHAR",SUPERINTENDING ENGINEER PATNA CIRCLE,SE,BCD PATNA CIRCLE,3191800.0,10000.0,5900.0
14104,17/E/WSD/2021/PMC/02,"Laying water supply HDPE pipe line in Chandra Maharaj Gadh, Gulshan Haider Gali, Mahendra Bhagat Gali and Adarsh Colony, Kaath Ka Pul at Ward No. 63.","Laying water supply HDPE pipe line in Chandra Maharaj Gadh, Gulshan Haider Gali, Mahendra Bhagat Gali and Adarsh Colony, Kaath Ka Pul at Ward No. 63.",3075900.0,INR,INR,2021-10-05 11:38:32+00:00,2021-10-05T11:29:28.685000+00:00,2021-10-23T09:31:00+00:00,Sri Ramswarup Prasad,"EE, Water Supply Division, PMC, Patna","Water Supply Division, Patna Municipal Corporation, Patna","Patna Water Board, Road No 02, Miller High School, Beer Chand Patel Path, Patna",Sri Ramswarup Prasad,"EE, Water Supply Division, PMC, Patna","Water Supply Division, Patna Municipal Corporation, Patna",61600.0,5000.0,590.0
14106,17/E/WSD/2021/PMC/03,"House to house connection in Bakerganj, Gola Road at Ward No. 37.","House to house connection in Bakerganj, Gola Road at Ward No. 37.",204738.0,INR,INR,2021-10-05 11:53:19+00:00,2021-10-05T11:42:56.200000+00:00,2021-10-23T09:31:00+00:00,Sri Ramswarup Prasad,"EE, Water Supply Division, PMC, Patna","Water Supply Division, Patna Municipal Corporation, Patna","Patna Water Board, Road No 02, Miller High School, Beer Chand Patel Path, Patna",Sri Ramswarup Prasad,"EE, Water Supply Division, PMC, Patna","Water Supply Division, Patna Municipal Corporation, Patna",4100.0,500.0,590.0
14043,"NIT No. 05/E/Bankipur/2021, Group No. 08","Construction of  U/G Drain and PCC road From House of Fazzan Shahab  to Tar gali to House of Azam khazana , in ward no.40 under Bankipur Division, PMC, Patna.","Construction of  U/G Drain and PCC road From House of Fazzan Shahab  to Tar gali to House of Azam khazana , in ward no.40 under Bankipur Division, PMC, Patna.",2045139.0,INR,INR,2021-10-04 15:28:49+00:00,2021-10-04T15:17:54.056000+00:00,2023-12-28T11:54:13+00:00,"Aashish Prasad, Executive Engineer",EE,"BANKIPUR DIVISION, Patna Municipal Corporation, Patna","Ambedkar Bhawan, Vaishali Golumbar,Rajendra Nagar,Patna","Aashish Prasad, Executive Engineer",EE,"Bankipur Division,Patna Municipal Corporation,Patna",41000.0,5000.0,590.0
14147,RE-09/BCD/MOTIHARI/2021-22,Remaining work of Block  IT  Centre Kalyanpur (East-Champaran).  For the Year - 2021-22,Remaining work of Block  IT  Centre Kalyanpur (East-Champaran).  For the Year - 2021-22,12603475.0,INR,INR,2021-10-06 09:43:12+00:00,2021-10-06T09:00:14.322000+00:00,2021-11-03T04:17:55+00:00,EXECUTIVE ENGINEER BUILDING DIVISION MOTIHARI,E E,BUILDING DIVISION MOTIHARI,E E BUILDING DIVISION MOTIHARI,"Superintending Engineer, BUILDING CIRCLE MOTIHARI",SE,"Superintending Engineer, Building Circle  Motihari",252100.0,10000.0,3540.0
14148,17/E/WSD/2021/PMC/04,"Laying water supply HDPE pipe line in Sheikhpura, Bind Toli at Ward No. 08.","Laying water supply HDPE pipe line in Sheikhpura, Bind Toli at Ward No. 08.",2936700.0,INR,INR,2021-10-06 09:51:19+00:00,2021-10-06T09:36:30.763000+00:00,2022-03-14T09:20:43+00:00,Sri Ramswarup Prasad,"EE, Water Supply Division, PMC, Patna","Water Supply Division, Patna Municipal Corporation, Patna","Patna Water Board, Road No 02, Miller High School, Beer Chand Patel Path, Patna",Sri Ramswarup Prasad,"EE, Water Supply Division, PMC, Patna","Water Supply Division, Patna Municipal Corporation, Patna",58800.0,5000.0,590.0
14146,32/BSBCCL/21-22 GR2,CONSTRUCTION OF PEB GODOWN 5000 MT CAPACITY AT KAMALDIH BANKA IN DIST - BANKA,CONSTRUCTION OF PEB GODOWN 5000 MT CAPACITY AT KAMALDIH BANKA IN DIST - BANKA,47728891.0,INR,INR,2021-10-06 07:23:20+00:00,2021-10-06T07:18:10.005000+00:00,2021-11-03T08:04:06+00:00,DGM BSBCCL BHAGALPUR,DGM BSBCCL BHAGALPUR,BSBCCL SOUTH,"BSBCCL, Hospital Road, Sastri Nagar, Patna 800023",SANTOSH KUMAR,chief general manager,BSBCCL,955000.0,10000.0,5900.0
14149,17/E/WSD/2021/PMC/05,"Extension of pipe line in Budh Nagar, Road No. 01 at Ward No. 31.","Extension of pipe line in Budh Nagar, Road No. 01 at Ward No. 31.",544647.0,INR,INR,2021-10-06 10:06:22+00:00,2021-10-06T09:54:21.451000+00:00,2021-10-29T08:52:49+00:00,Sri Ramswarup Prasad,"EE, Water Supply Division, PMC, Patna","Water Supply Division, Patna Municipal Corporation, Patna","Patna Water Board, Road No 02, Miller High School, Beer Chand Patel Path, Patna",Sri Ramswarup Prasad,"EE, Water Supply Division, PMC, Patna","Water Supply Division, Patna Municipal Corporation, Patna",11000.0,1250.0,590.0
14088,18/EWD3/BCD/2021-22,"SITC of 4 nos. Trav-O-lator with suitable inclination  (10°/11°/12°), Speed 0.5m/s, Travel Height 8M, Pallet width 1M (including complete Electrical & Civil Work) with Five Year Operation & Maintenance including One Year Free Maintenance & as Per Site Requirement for Central Hall at Bihar Vidhan Mandal, Patna on EPC (Engineering Procurement and Construction) Basis.","SITC of 4 nos. Trav-O-lator with suitable inclination  (10°/11°/12°), Speed 0.5m/s, Travel Height 8M, Pallet width 1M (including complete Electrical & Civil Work) with Five Year Operation & Maintenance including One Year Free Maintenance & as Per Site Requirement for Central Hall at Bihar Vidhan Mandal, Patna on EPC (Engineering Procurement and Construction) Basis.",88400000.0,INR,INR,2021-10-05 10:57:40+00:00,2021-10-05T09:57:30.969000+00:00,2021-11-25T11:52:03+00:00,"Electrical Executive Engineer, Electric work  Division no 3",EEE,"Electrical Executive Engineer, Electric work  Division no 3  Patna ,BCD","Electrical Executive Engineer, Electric work  Division no 3  Patna ,BCD","Superintending Engineer, Electric South Bihar Circle",SE,Electric South Bihar Circle,1768000.0,10000.0,5900.0
14052,NIT03/2021&22/GR01,"Construction of Road Mission Chowk via Gautam Hardware to Machalhatta in
 Under  Nagar Parishad Barbigha","Construction of Road Mission Chowk via Gautam Hardware to Machalhatta in
 Under  Nagar Parishad Barbigha",18204277.0,INR,INR,2021-10-05 07:02:30+00:00,2021-10-05T06:42:46.136000+00:00,2022-05-20T04:05:14+00:00,BARBIGHA MUNICIPAL COUNCIL,EXECUTIVE OFFICER,UDHD BARBIGHA MUNICIPAL COUNCIL,SARMERA ROAD BARBIGHA,JYOT PRAKASH,EXECUTIVE OFFICER,BARBIGHA MUNICIPAL COUNCIL,365000.0,10000.0,3540.0
14157,08/BCD/HAJIPUR/2021-22,"Installation of Furniture at Engineering College, Bidupur Dist. Vaishali for the Year 2021-22","Installation of Furniture at Engineering College, Bidupur Dist. Vaishali for the Year 2021-22",54324200.0,INR,INR,2021-10-06 12:06:33+00:00,2021-10-06T11:46:22.046000+00:00,2021-11-22T05:29:10+00:00,"Executive Engineer, BUILDING DIVISION VAISHALI, HAJIPUR",EE,"Vaishali  Building  Division,  Hajipur","Executive  Engineer, Vaishali  Building  Division,  Hajipur","Superintending Engineer, Building Circle Muzaffarpur",SE,Building Circle Muzaffarpur,1020500.0,10000.0,5900.0
14151,17/E/WSD/2021/PMC/07,"Extension of pipe line and house to house connection in Muradpur Lane, Tartal and Chaman Maidan at Ward No. 40.","Extension of pipe line and house to house connection in Muradpur Lane, Tartal and Chaman Maidan at Ward No. 40.",1969535.0,INR,INR,2021-10-06 10:44:08+00:00,2021-10-06T10:29:32.437000+00:00,2022-06-20T10:45:02+00:00,Sri Ramswarup Prasad,"EE, Water Supply Division, PMC, Patna","Water Supply Division, Patna Municipal Corporation, Patna","Patna Water Board, Road No 02, Miller High School, Beer Chand Patel Path, Patna",Sri Ramswarup Prasad,"EE, Water Supply Division, PMC, Patna","Water Supply Division, Patna Municipal Corporation, Patna",39500.0,5000.0,590.0
14152,17/E/WSD/2021/PMC/08,"House to house connection in Samanpura, Machli Gali, Chanakyapuri, Saketpuri, Shiv Colony, Khagari Mohalla to Faiz Appartment at Ward No. 05.","House to house connection in Samanpura, Machli Gali, Chanakyapuri, Saketpuri, Shiv Colony, Khagari Mohalla to Faiz Appartment at Ward No. 05.",682461.0,INR,INR,2021-10-06 10:59:19+00:00,2021-10-06T10:46:47.927000+00:00,2021-10-23T09:31:00+00:00,Sri Ramswarup Prasad,"EE, Water Supply Division, PMC, Patna","Water Supply Division, Patna Municipal Corporation, Patna","Patna Water Board, Road No 02, Miller High School, Beer Chand Patel Path, Patna",Sri Ramswarup Prasad,"EE, Water Supply Division, PMC, Patna","Water Supply Division, Patna Municipal Corporation, Patna",13700.0,1250.0,590.0
14159,NIT-13/E/PATLIPUTRA/2021-22 Gr-03,"Improvement of Ghat with Temporary Barricading with  Sal Ballah, Chali  ,Local sand ,etc. on the occasion of Chhath festival  at Ramji Chak Ghat  during 2021","Improvement of Ghat with Temporary Barricading with  Sal Ballah, Chali  ,Local sand ,etc. on the occasion of Chhath festival  at Ramji Chak Ghat  during 2021",637121.0,INR,INR,2021-10-06 12:11:37+00:00,2021-10-06T12:05:39.082000+00:00,2021-12-08T06:46:35+00:00,"Aashish Prasad, Executive Engineer",EE,Patliputra Division,Sahdev Matho Marg sk puri park patna,"Aashish Prasad,EXECUETIVE ENGINEER",EE,Patliputra Division,12800.0,1250.0,590.0
14158,NIT-13/E/PATLIPUTRA/2021-22 Gr-02,"Improvement of Ghat with Temporary Barricading with  Sal Ballah, Chali  ,Local sand ,Jhalasi etc. on the occasion of Chhath festival  at Ramji Chak School Road Ghat  during 2021.","Improvement of Ghat with Temporary Barricading with  Sal Ballah, Chali  ,Local sand ,Jhalasi etc. on the occasion of Chhath festival  at Ramji Chak School Road Ghat  during 2021.",635155.0,INR,INR,2021-10-06 12:05:08+00:00,2021-10-06T11:57:38.361000+00:00,2021-12-08T06:45:20+00:00,"Aashish Prasad, Executive Engineer",EE,Patliputra Division,Sahdev Matho Marg sk puri park patna,"Aashish Prasad,EXECUETIVE ENGINEER",EE,Patliputra Division,12800.0,1250.0,590.0
14155,NIT-13/E/PATLIPUTRA/2021-22 Gr-01,"Construction of Parking Place and  Improvement of Ghat   with Temporary Barricading with  Sal Ballah, Chali  ,Local sand etc. on the occasion of Chhath festival  at Jahaj  Ghat during 2021.","Construction of Parking Place and  Improvement of Ghat   with Temporary Barricading with  Sal Ballah, Chali  ,Local sand etc. on the occasion of Chhath festival  at Jahaj  Ghat during 2021.",971412.0,INR,INR,2021-10-06 11:56:55+00:00,2021-10-06T11:16:17.096000+00:00,2021-12-08T06:44:16+00:00,"Aashish Prasad, Executive Engineer",EE,Patliputra Division,Sahdev Matho Marg sk puri park patna,"Aashish Prasad,EXECUETIVE ENGINEER",EE,Patliputra Division,19500.0,1250.0,590.0
14160,NIT-13/E/PATLIPUTRA/2021-22 Gr-04,"Improvement of Ghat with Temporary Barricading with  Sal Ballah, Chali  ,Local sand ,Jhalasi etc. on the occasion of Chhath festival  at Ramji Chak Nahar Ghat during 2021","Improvement of Ghat with Temporary Barricading with  Sal Ballah, Chali  ,Local sand ,Jhalasi etc. on the occasion of Chhath festival  at Ramji Chak Nahar Ghat during 2021",634650.0,INR,INR,2021-10-06 12:18:36+00:00,2021-10-06T12:11:59.847000+00:00,2021-12-08T06:48:12+00:00,"Aashish Prasad, Executive Engineer",EE,Patliputra Division,Sahdev Matho Marg sk puri park patna,"Aashish Prasad,EXECUETIVE ENGINEER",EE,Patliputra Division,12700.0,1250.0,590.0
14164,NIT-13/E/PATLIPUTRA/2021-22 Gr-08,"Improvement of Ghat with Temporary Barricading with  Sal Ballah, Chali  ,Local sand  on the occasion of Chhath festival and Kartik Purnima at Pati Pul Ghat during 2021.","Improvement of Ghat with Temporary Barricading with  Sal Ballah, Chali  ,Local sand  on the occasion of Chhath festival and Kartik Purnima at Pati Pul Ghat during 2021.",973981.0,INR,INR,2021-10-06 12:40:41+00:00,2021-10-06T12:36:15.651000+00:00,2021-11-22T11:56:52+00:00,"Aashish Prasad, Executive Engineer",EE,Patliputra Division,Sahdev Matho Marg sk puri park patna,"Aashish Prasad,EXECUETIVE ENGINEER",EE,Patliputra Division,19500.0,1250.0,590.0
14167,NIT-13/E/PATLIPUTRA/2021-22 Gr-11,"Improvement of Ghat with Temporary Barricading with  Sal Ballah, Chali  ,Local sand ,Jhalasi etc. on the occasion of Chhath festival and Kartik Purnima at Gate No-93 Ghat during 2021.","Improvement of Ghat with Temporary Barricading with  Sal Ballah, Chali  ,Local sand ,Jhalasi etc. on the occasion of Chhath festival and Kartik Purnima at Gate No-93 Ghat during 2021.",1359892.0,INR,INR,2021-10-06 12:55:37+00:00,2021-10-06T12:51:11.933000+00:00,2021-10-16T09:31:02+00:00,"Aashish Prasad, Executive Engineer",EE,Patliputra Division,Sahdev Matho Marg sk puri park patna,"Aashish Prasad,EXECUETIVE ENGINEER",EE,Patliputra Division,27200.0,2500.0,590.0
14145,32/BSBCCL/2021-22 GR 01,"New Eklavya Model Residential High School  (Cap.- 720) at Belatandi , Ramnagar (West Champaran)","New Eklavya Model Residential High School  (Cap.- 720) at Belatandi , Ramnagar (West Champaran)",464950297.0,INR,INR,2021-10-06 07:13:27+00:00,2021-10-06T06:38:51.589000+00:00,2021-11-03T07:36:00+00:00,DGM BSBCCL MUZAFFARPUR,DEPUTY GENERAL MANAGER MUZAFFARPUR,BSBCCL NORTH,"BSBCCL, Hospital Road, Sastri Nagar, Patna 800023",SANTOSH KUMAR,chief general manager,BSBCCL,5658000.0,10000.0,5900.0
14165,NIT-13/E/PATLIPUTRA/2021-22 Gr-09,"Improvement of Ghat with Temporary Barricading with  Sal Ballah, Chali  ,Local sand ,Jhalasi etc. on the occasion of Chhath festival  at Bind Toli  Ghat during 2021","Improvement of Ghat with Temporary Barricading with  Sal Ballah, Chali  ,Local sand ,Jhalasi etc. on the occasion of Chhath festival  at Bind Toli  Ghat during 2021",772098.0,INR,INR,2021-10-06 12:45:08+00:00,2021-10-06T12:41:03.564000+00:00,2021-12-16T12:22:47+00:00,"Aashish Prasad, Executive Engineer",EE,Patliputra Division,Sahdev Matho Marg sk puri park patna,"Aashish Prasad,EXECUETIVE ENGINEER",EE,Patliputra Division,15500.0,1250.0,590.0
14163,NIT-13/E/PATLIPUTRA/2021-22 Gr-07,"Improvement of Ghat with Temporary Barricading with  Sal Ballah, Chali  ,Local sand and Parking Arrangement etc. on the occasion of Chhath festival and Kartik Purnima at Shiva Ghat during 2021","Improvement of Ghat with Temporary Barricading with  Sal Ballah, Chali  ,Local sand and Parking Arrangement etc. on the occasion of Chhath festival and Kartik Purnima at Shiva Ghat during 2021",985595.0,INR,INR,2021-10-06 12:35:58+00:00,2021-10-06T12:31:18.548000+00:00,2021-11-22T11:49:47+00:00,"Aashish Prasad, Executive Engineer",EE,Patliputra Division,Sahdev Matho Marg sk puri park patna,"Aashish Prasad,EXECUETIVE ENGINEER",EE,Patliputra Division,19800.0,1250.0,590.0
14166,NIT-13/E/PATLIPUTRA/2021-22 Gr-10,"Improvement of Ghat with Temporary Barricading with  Sal Ballah, Chali  ,Local sand and Parking Arrangement etc. on the occasion of Chhath festival and Kartik Purnima at Minar Ghat during 2021","Improvement of Ghat with Temporary Barricading with  Sal Ballah, Chali  ,Local sand and Parking Arrangement etc. on the occasion of Chhath festival and Kartik Purnima at Minar Ghat during 2021",1016300.0,INR,INR,2021-10-06 12:50:56+00:00,2021-10-06T12:45:28.209000+00:00,2021-12-16T12:20:35+00:00,"Aashish Prasad, Executive Engineer",EE,Patliputra Division,Sahdev Matho Marg sk puri park patna,"Aashish Prasad,EXECUETIVE ENGINEER",EE,Patliputra Division,20400.0,2500.0,590.0
14162,NIT-13/E/PATLIPUTRA/2021-22 Gr-06,"Improvement of Ghat with Temporary Barricading with  Sal Ballah, Chali  ,Local sand ,Jhalasi etc. on the occasion of Chhath festival  under Jay Prakash Setu Ghat  during 2021","Improvement of Ghat with Temporary Barricading with  Sal Ballah, Chali  ,Local sand ,Jhalasi etc. on the occasion of Chhath festival  under Jay Prakash Setu Ghat  during 2021",623950.0,INR,INR,2021-10-06 12:31:01+00:00,2021-10-06T12:26:31.412000+00:00,2021-10-16T09:31:02+00:00,"Aashish Prasad, Executive Engineer",EE,Patliputra Division,Sahdev Matho Marg sk puri park patna,"Aashish Prasad,EXECUETIVE ENGINEER",EE,Patliputra Division,12500.0,1250.0,590.0
14161,NIT-13/E/PATLIPUTRA/2021-22 Gr-05,"Improvement of Ghat with Temporary Barricading with  Sal Ballah, Chali  ,Local sand  etc. on the occasion of Chhath festival  at Digha Ghat  during 2021","Improvement of Ghat with Temporary Barricading with  Sal Ballah, Chali  ,Local sand  etc. on the occasion of Chhath festival  at Digha Ghat  during 2021",373617.0,INR,INR,2021-10-06 12:23:40+00:00,2021-10-06T12:19:02.824000+00:00,2021-12-16T12:21:44+00:00,"Aashish Prasad, Executive Engineer",EE,Patliputra Division,Sahdev Matho Marg sk puri park patna,"Aashish Prasad,EXECUETIVE ENGINEER",EE,Patliputra Division,7500.0,1250.0,590.0
14153,17/E/WSD/2021/PMC/09,"House to house connection in Sher Shah Road, Arfabad Colony and Ambedkar Colony at Ward No. 54.","House to house connection in Sher Shah Road, Arfabad Colony and Ambedkar Colony at Ward No. 54.",859900.0,INR,INR,2021-10-06 11:19:08+00:00,2021-10-06T11:06:47.135000+00:00,2022-05-28T09:18:25+00:00,Sri Ramswarup Prasad,"EE, Water Supply Division, PMC, Patna","Water Supply Division, Patna Municipal Corporation, Patna","Patna Water Board, Road No 02, Miller High School, Beer Chand Patel Path, Patna",Sri Ramswarup Prasad,"EE, Water Supply Division, PMC, Patna","Water Supply Division, Patna Municipal Corporation, Patna",17200.0,1250.0,590.0
14171,NIT-13/E/PATLIPUTRA/2021-22 Gr-15,"Costruction of temporary approach Road and Improvement of Ghat with Temporary Barricading with  Sal Ballah, Chali  ,Local sand ,Jhalasi etc. on the occasion of Chhath festival at Kurji Ghat during 2021","Costruction of temporary approach Road and Improvement of Ghat with Temporary Barricading with  Sal Ballah, Chali  ,Local sand ,Jhalasi etc. on the occasion of Chhath festival at Kurji Ghat during 2021",2083440.0,INR,INR,2021-10-06 13:29:48+00:00,2021-10-06T13:23:35.590000+00:00,2021-10-18T14:45:08+00:00,"Aashish Prasad, Executive Engineer",EE,Patliputra Division,Sahdev Matho Marg sk puri park patna,"Aashish Prasad,EXECUETIVE ENGINEER",EE,Patliputra Division,41700.0,5000.0,590.0
14168,NIT-13/E/PATLIPUTRA/2021-22 Gr-12,"Improvement of Ghat with Temporary Barricading with  Sal Ballah, Chali  ,Local sand ,Jhalasi etc. on the occasion of Chhath festival and Kartik Purnima at  St. Michael High School , Gate No-83  Ghat during 2021.","Improvement of Ghat with Temporary Barricading with  Sal Ballah, Chali  ,Local sand ,Jhalasi etc. on the occasion of Chhath festival and Kartik Purnima at  St. Michael High School , Gate No-83  Ghat during 2021.",853265.0,INR,INR,2021-10-06 13:08:25+00:00,2021-10-06T12:58:59.368000+00:00,2021-10-16T09:31:02+00:00,"Aashish Prasad, Executive Engineer",EE,Patliputra Division,Sahdev Matho Marg sk puri park patna,"Aashish Prasad,EXECUETIVE ENGINEER",EE,Patliputra Division,17100.0,1250.0,590.0
14173,NIT-13/E/PATLIPUTRA/2021-22 Gr-17,"Costruction of temporary approach Road and Improvement of Ghat with Temporary Barricading with  Sal Ballah, Chali  ,Local sand ,Jhalasi etc. on the occasion of Chhath festival at Pahalwan Ghat during 2021","Costruction of temporary approach Road and Improvement of Ghat with Temporary Barricading with  Sal Ballah, Chali  ,Local sand ,Jhalasi etc. on the occasion of Chhath festival at Pahalwan Ghat during 2021",2072300.0,INR,INR,2021-10-06 13:37:51+00:00,2021-10-06T13:34:04.921000+00:00,2022-09-12T12:46:19+00:00,"Aashish Prasad, Executive Engineer",EE,Patliputra Division,Sahdev Matho Marg sk puri park patna,"Aashish Prasad,EXECUETIVE ENGINEER",EE,Patliputra Division,41500.0,5000.0,590.0
14169,NIT-13/E/PATLIPUTRA/2021-22 Gr-13,"Improvement of Ghat with Temporary Barricading with  Sal Ballah, Chali  ,Local sand ,Jhalasi etc. on the occasion of Chhath festival  at  Gate No-88  Ghat during 2021.","Improvement of Ghat with Temporary Barricading with  Sal Ballah, Chali  ,Local sand ,Jhalasi etc. on the occasion of Chhath festival  at  Gate No-88  Ghat during 2021.",1028462.0,INR,INR,2021-10-06 13:12:55+00:00,2021-10-06T13:08:41.813000+00:00,2021-10-16T09:31:02+00:00,"Aashish Prasad, Executive Engineer",EE,Patliputra Division,Sahdev Matho Marg sk puri park patna,"Aashish Prasad,EXECUETIVE ENGINEER",EE,Patliputra Division,20600.0,2500.0,590.0
14175,NIT-13/E/PATLIPUTRA/2021-22 Gr-18,"Costruction of temporary approach Road and Improvement of Ghat with Temporary Barricading with  Sal Ballah, Chali  ,Local sand ,Jhalasi etc. on the occasion of Chhath festival at Rajapur Ghat during 2021","Costruction of temporary approach Road and Improvement of Ghat with Temporary Barricading with  Sal Ballah, Chali  ,Local sand ,Jhalasi etc. on the occasion of Chhath festival at Rajapur Ghat during 2021",1751700.0,INR,INR,2021-10-06 13:42:16+00:00,2021-10-06T13:38:05.826000+00:00,2022-10-12T11:28:47+00:00,"Aashish Prasad, Executive Engineer",EE,Patliputra Division,Sahdev Matho Marg sk puri park patna,"Aashish Prasad,EXECUETIVE ENGINEER",EE,Patliputra Division,35100.0,5000.0,590.0
14178,NIT-13/E/PATLIPUTRA/2021-22 Gr-21,Improvement of Ghat on the occasion of Chhath festival at Budha Ghat(Pond) during 2021,Improvement of Ghat on the occasion of Chhath festival at Budha Ghat(Pond) during 2021,240914.0,INR,INR,2021-10-06 13:55:43+00:00,2021-10-06T13:51:16.162000+00:00,2021-10-16T09:31:02+00:00,"Aashish Prasad, Executive Engineer",EE,Patliputra Division,Sahdev Matho Marg sk puri park patna,"Aashish Prasad,EXECUETIVE ENGINEER",EE,Patliputra Division,4900.0,500.0,590.0
14179,NPS-NIT-05/2021-22,"Beautification of Ajgaibinath Bridge , under Nagar Parishad, Sultanganj.","Beautification of Ajgaibinath Bridge , under Nagar Parishad, Sultanganj.",5318583.0,INR,INR,2021-10-06 16:32:12+00:00,2021-10-06T16:05:40.226000+00:00,2022-04-19T14:33:41+00:00,ABHINAV KUMAR,EXECUTIVE OFFICER NAGAR PARISHAD SULTANGANJ,NAGAR PARISHAD SULTANGANJ,NAGAR PARISHAD SULTANGANJ,ABHINAV KUMAR,EXECUTIVE OFFICER NAGAR PARISHAD SULTANGANJ,NAGAR PARISHAD SULTANGANJ,106400.0,10000.0,590.0
14177,NIT-13/E/PATLIPUTRA/2021-22 Gr-20,"Costruction of temporary approach Road , Parking and Improvement of Ghat with Temporary Barricading with  Sal Ballah, Chali  ,Local sand on the occasion of Chhath festival and Kartik Purnima at Collectorate Ghat during 2021","Costruction of temporary approach Road , Parking and Improvement of Ghat with Temporary Barricading with  Sal Ballah, Chali  ,Local sand on the occasion of Chhath festival and Kartik Purnima at Collectorate Ghat during 2021",2667627.0,INR,INR,2021-10-06 13:51:00+00:00,2021-10-06T13:46:51.877000+00:00,2021-10-19T05:27:49+00:00,"Aashish Prasad, Executive Engineer",EE,Patliputra Division,Sahdev Matho Marg sk puri park patna,"Aashish Prasad,EXECUETIVE ENGINEER",EE,Patliputra Division,53400.0,5000.0,590.0
14176,NIT-13/E/PATLIPUTRA/2021-22 Gr-19,"Costruction of temporary approach Road , Parking and Improvement of Ghat with Temporary Barricading with  Sal Ballah, Chali  ,Local sand on the occasion of Chhath festival at Bans Ghat during 2021","Costruction of temporary approach Road , Parking and Improvement of Ghat with Temporary Barricading with  Sal Ballah, Chali  ,Local sand on the occasion of Chhath festival at Bans Ghat during 2021",2369426.0,INR,INR,2021-10-06 13:46:35+00:00,2021-10-06T13:42:32.302000+00:00,2023-06-07T11:25:36+00:00,"Aashish Prasad, Executive Engineer",EE,Patliputra Division,Sahdev Matho Marg sk puri park patna,"Aashish Prasad,EXECUETIVE ENGINEER",EE,Patliputra Division,47400.0,5000.0,590.0
14172,NIT-13/E/PATLIPUTRA/2021-22 Gr-16,"Costruction of temporary approach Road and Improvement of Ghat with Temporary Barricading with  Sal Ballah, Chali  ,Local sand ,Jhalasi etc. on the occasion of Chhath festival at L.C.T.  Ghat during 2021.","Costruction of temporary approach Road and Improvement of Ghat with Temporary Barricading with  Sal Ballah, Chali  ,Local sand ,Jhalasi etc. on the occasion of Chhath festival at L.C.T.  Ghat during 2021.",2098200.0,INR,INR,2021-10-06 13:33:48+00:00,2021-10-06T13:30:05.115000+00:00,2023-02-25T12:02:20+00:00,"Aashish Prasad, Executive Engineer",EE,Patliputra Division,Sahdev Matho Marg sk puri park patna,"Aashish Prasad,EXECUETIVE ENGINEER",EE,Patliputra Division,42000.0,5000.0,590.0
14180,RE TENDER NPS-NIT-04/2021-22-GR01,Construction of Har Ghar Nal ka jal Yojana 240 House Hold Water Supply Scheme in Ward No-13 (Part-ii) Vani Bagchi Gali Neem Gachhi ke Pas,Construction of Har Ghar Nal ka jal Yojana 240 House Hold Water Supply Scheme in Ward No-13 (Part-ii) Vani Bagchi Gali Neem Gachhi ke Pas,4613490.0,INR,INR,2021-10-06 17:15:30+00:00,2021-10-06T17:01:53.408000+00:00,2022-01-24T11:12:34+00:00,ABHINAV KUMAR,EXECUTIVE OFFICER NAGAR PARISHAD SULTANGANJ,NAGAR PARISHAD SULTANGANJ,NAGAR PARISHAD SULTANGANJ,ABHINAV KUMAR,EXECUTIVE OFFICER NAGAR PARISHAD SULTANGANJ,NAGAR PARISHAD SULTANGANJ,92270.0,5000.0,590.0
14185,RE TENDER-NPS-NIT-03/2021-22-GR04,"Construction of RCC Drain from the house of Travini Mandal Vai Samudayik Bhavan to the Talab, in ward no-21 under Nagar Parishad Sultanganj, Bhagalpur","Construction of RCC Drain from the house of Travini Mandal Vai Samudayik Bhavan to the Talab, in ward no-21 under Nagar Parishad Sultanganj, Bhagalpur",1573651.0,INR,INR,2021-10-06 17:45:26+00:00,2021-10-06T17:40:02.128000+00:00,2022-01-25T09:34:27+00:00,ABHINAV KUMAR,EXECUTIVE OFFICER NAGAR PARISHAD SULTANGANJ,NAGAR PARISHAD SULTANGANJ,NAGAR PARISHAD SULTANGANJ,ABHINAV KUMAR,EXECUTIVE OFFICER NAGAR PARISHAD SULTANGANJ,NAGAR PARISHAD SULTANGANJ,31474.0,5000.0,590.0
14184,RE TENDER-NPS-NIT-03/2021-22-GR03,"Construction of Drain from Shahabad Chowk to Gangapur, in ward no-20 under Nagar Parishad Sultanganj, Bhagalpur","Construction of Drain from Shahabad Chowk to Gangapur, in ward no-20 under Nagar Parishad Sultanganj, Bhagalpur",4652744.0,INR,INR,2021-10-06 17:39:42+00:00,2021-10-06T17:33:58.982000+00:00,2022-01-24T08:49:41+00:00,ABHINAV KUMAR,EXECUTIVE OFFICER NAGAR PARISHAD SULTANGANJ,NAGAR PARISHAD SULTANGANJ,NAGAR PARISHAD SULTANGANJ,ABHINAV KUMAR,EXECUTIVE OFFICER NAGAR PARISHAD SULTANGANJ,NAGAR PARISHAD SULTANGANJ,93055.0,5000.0,590.0
14181,NPS-NIT-04/2021-22-GR02,Construction of Har Ghar Nal ka jal Yojana 240 House Hold Water Supply Scheme in Ward No-03,Construction of Har Ghar Nal ka jal Yojana 240 House Hold Water Supply Scheme in Ward No-03,4061178.0,INR,INR,2021-10-06 17:20:07+00:00,2021-10-06T17:15:59.027000+00:00,2022-01-24T11:22:45+00:00,ABHINAV KUMAR,EXECUTIVE OFFICER NAGAR PARISHAD SULTANGANJ,NAGAR PARISHAD SULTANGANJ,NAGAR PARISHAD SULTANGANJ,ABHINAV KUMAR,EXECUTIVE OFFICER NAGAR PARISHAD SULTANGANJ,NAGAR PARISHAD SULTANGANJ,81224.0,5000.0,590.0
14182,RE TENDER-NPS-NIT-03/2021-22-GR01,"Construction of RCC Drain from the house of Juganu Gupta  to the house of Arvind Yadav , in ward no-04 under Nagar Parishad Sultanganj, Bhagalpur","Construction of RCC Drain from the house of Juganu Gupta  to the house of Arvind Yadav , in ward no-04 under Nagar Parishad Sultanganj, Bhagalpur",1092459.0,INR,INR,2021-10-06 17:28:32+00:00,2021-10-06T17:21:26.102000+00:00,2022-01-24T11:36:17+00:00,ABHINAV KUMAR,EXECUTIVE OFFICER NAGAR PARISHAD SULTANGANJ,NAGAR PARISHAD SULTANGANJ,NAGAR PARISHAD SULTANGANJ,ABHINAV KUMAR,EXECUTIVE OFFICER NAGAR PARISHAD SULTANGANJ,NAGAR PARISHAD SULTANGANJ,21850.0,2500.0,590.0
14187,NPS-NIT-03/2021-22-GR06,Construction of Approch Road  in Mehiretty Landfill site .Under N.P.Sultanganj.,Construction of Approch Road  in Mehiretty Landfill site .Under N.P.Sultanganj.,999558.0,INR,INR,2021-10-06 17:54:02+00:00,2021-10-06T17:50:14.604000+00:00,2022-01-25T10:33:30+00:00,ABHINAV KUMAR,EXECUTIVE OFFICER NAGAR PARISHAD SULTANGANJ,NAGAR PARISHAD SULTANGANJ,NAGAR PARISHAD SULTANGANJ,ABHINAV KUMAR,EXECUTIVE OFFICER NAGAR PARISHAD SULTANGANJ,NAGAR PARISHAD SULTANGANJ,19992.0,1250.0,590.0
14174,05/BCD/DARBHANGA/2021-22,"CONSTRUCTION WORK OF SUB-DIVISIONAL OFFICE, BIRAUL, DARBHANGA UNDER THE STATE PLAN SCHEME HEAD IN THE FINANCIAL YEAR 2021-22.","CONSTRUCTION WORK OF SUB-DIVISIONAL OFFICE, BIRAUL, DARBHANGA UNDER THE STATE PLAN SCHEME HEAD IN THE FINANCIAL YEAR 2021-22.",77834609.0,INR,INR,2021-10-06 14:32:27+00:00,2021-10-06T13:35:04.752000+00:00,2021-11-01T13:25:11+00:00,"Executive Engineer, BUILDING DIVISION DARBHANGA",EE,Building division Darbhanga,"Executive Engineer, BUILDING DIVISION DARBHANGA, BCD","Superintending Engineer, BUILDING CIRCLE DARBHANGA",SE,Building Circle Darbhanga,1560000.0,10000.0,5900.0
14209,NPS-NIT-03/2021-22-GR07,"BOQ for Construction of Entry gate and Guard Room in Miarahetti Land Fill site .under
Nagar Parishad, Sultanganj.","BOQ for Construction of Entry gate and Guard Room in Miarahetti Land Fill site .under
Nagar Parishad, Sultanganj.",582242.0,INR,INR,2021-10-08 04:13:22+00:00,2021-10-08T04:08:14.131000+00:00,2022-01-25T10:41:09+00:00,ABHINAV KUMAR,EXECUTIVE OFFICER NAGAR PARISHAD SULTANGANJ,NAGAR PARISHAD SULTANGANJ,NAGAR PARISHAD SULTANGANJ,ABHINAV KUMAR,EXECUTIVE OFFICER NAGAR PARISHAD SULTANGANJ,NAGAR PARISHAD SULTANGANJ,11645.0,1250.0,590.0
14183,RE TENDER-NPS-NIT-03/2021-22-GR02,"Construction of Approach road of Composite pits, In Ward No 09, under Nagar Parishad, Sultanganj.","Construction of Approach road of Composite pits, In Ward No 09, under Nagar Parishad, Sultanganj.",2053049.0,INR,INR,2021-10-06 17:33:36+00:00,2021-10-06T17:28:55.535000+00:00,2022-01-24T11:50:22+00:00,ABHINAV KUMAR,EXECUTIVE OFFICER NAGAR PARISHAD SULTANGANJ,NAGAR PARISHAD SULTANGANJ,NAGAR PARISHAD SULTANGANJ,ABHINAV KUMAR,EXECUTIVE OFFICER NAGAR PARISHAD SULTANGANJ,NAGAR PARISHAD SULTANGANJ,41061.0,5000.0,590.0
14188,NPS-NIT-03/2021-22-GR08,"Construction of RCC Drain from the Aashray sthal Via Back side yatri Nivas  to Nagar Sarkar Bhavan Drain , in ward no-09  Block Campus under Nagar Parishad Sultanganj, Bhagalpur","Construction of RCC Drain from the Aashray sthal Via Back side yatri Nivas  to Nagar Sarkar Bhavan Drain , in ward no-09  Block Campus under Nagar Parishad Sultanganj, Bhagalpur",921899.0,INR,INR,2021-10-06 17:57:25+00:00,2021-10-06T17:54:21.238000+00:00,2022-01-25T10:47:08+00:00,ABHINAV KUMAR,EXECUTIVE OFFICER NAGAR PARISHAD SULTANGANJ,NAGAR PARISHAD SULTANGANJ,NAGAR PARISHAD SULTANGANJ,ABHINAV KUMAR,EXECUTIVE OFFICER NAGAR PARISHAD SULTANGANJ,NAGAR PARISHAD SULTANGANJ,18438.0,1250.0,590.0
14186,RE TENDER-NPS-NIT-03/2021-22-GR05,"Construction of PCC Road from the house of Satyanarayan Mandal to the house of Rajkishor Thakur,  in ward no-24 under Nagar Parishad Sultanganj, Bhagalpur","Construction of PCC Road from the house of Satyanarayan Mandal to the house of Rajkishor Thakur,  in ward no-24 under Nagar Parishad Sultanganj, Bhagalpur",1652404.0,INR,INR,2021-10-06 17:49:52+00:00,2021-10-06T17:45:47.958000+00:00,2022-01-25T09:43:24+00:00,ABHINAV KUMAR,EXECUTIVE OFFICER NAGAR PARISHAD SULTANGANJ,NAGAR PARISHAD SULTANGANJ,NAGAR PARISHAD SULTANGANJ,ABHINAV KUMAR,EXECUTIVE OFFICER NAGAR PARISHAD SULTANGANJ,NAGAR PARISHAD SULTANGANJ,33049.0,5000.0,590.0
14189,NPS-NIT-03/2021-22-GR011,"Construction of Water Supply Sanitary Installation, Internal Electrification & Approach Road of Samrat Ashok Bhawan, At-Nagar Parishad,","Construction of Water Supply Sanitary Installation, Internal Electrification & Approach Road of Samrat Ashok Bhawan, At-Nagar Parishad,",2008809.0,INR,INR,2021-10-06 18:02:47+00:00,2021-10-06T17:57:57.178000+00:00,2022-01-25T09:25:56+00:00,ABHINAV KUMAR,EXECUTIVE OFFICER NAGAR PARISHAD SULTANGANJ,NAGAR PARISHAD SULTANGANJ,NAGAR PARISHAD SULTANGANJ,ABHINAV KUMAR,EXECUTIVE OFFICER NAGAR PARISHAD SULTANGANJ,NAGAR PARISHAD SULTANGANJ,40177.0,5000.0,590.0
14201,09/BCD/NAWADA/2021-22,Construction of Coopertaive Building (Sahakar Bhawan) at Nawada 2021-22,Construction of Coopertaive Building (Sahakar Bhawan) at Nawada 2021-22,25634016.0,INR,INR,2021-10-08 05:52:52+00:00,2021-10-07T11:24:25.680000+00:00,2022-06-01T08:21:28+00:00,"Executive Engineer, BUILDING DIVISION NAWADA",EE,Building  Division Nawada,"Executive Engineer , Building  Division Nawada, BCD, BIHAR","Superintending Engineer, BUILDING CIRCLE GAYA",SE,Building Circle Gaya,512700.0,10000.0,3540.0
14190,NPS-NIT-03/2021-22-GR09,construction of Recharge pit for rain water harwesting form roof top in Block campus nagar sarkar bhawan and samrat ashok bhawan  under Sultanganj Bhagalpur.,construction of Recharge pit for rain water harwesting form roof top in Block campus nagar sarkar bhawan and samrat ashok bhawan  under Sultanganj Bhagalpur.,96125.0,INR,INR,2021-10-06 18:18:53+00:00,2021-10-06T18:08:45.178000+00:00,2022-01-25T10:54:53+00:00,ABHINAV KUMAR,EXECUTIVE OFFICER NAGAR PARISHAD SULTANGANJ,NAGAR PARISHAD SULTANGANJ,NAGAR PARISHAD SULTANGANJ,ABHINAV KUMAR,EXECUTIVE OFFICER NAGAR PARISHAD SULTANGANJ,NAGAR PARISHAD SULTANGANJ,1923.0,750.0,590.0
14218,NIT-02/2021-22/GR-02/Chakiya,RENOVATION AND  BUITIFICATION WORK IN GANDHI MAIDAN  UNDER   NAGAR PARISHAD CHAKIA IN EAST CHAMPARAN.,RENOVATION AND  BUITIFICATION WORK IN GANDHI MAIDAN  UNDER   NAGAR PARISHAD CHAKIA IN EAST CHAMPARAN.,4516766.0,INR,INR,2021-10-08 11:37:34+00:00,2021-10-08T09:24:05.669000+00:00,2022-07-14T10:22:39+00:00,"EXECUTIVE OFFICER, CHAKIA",EO,NAGAR PANCHAYAT CHAKIA,"SAHEBGANJ ROAD, BARA CHAKAIA, WARD NO.-05, EAST CHAMPARAN",Executiv officer,E..O. Chakia,CHAKIA NAGAR PARISHAD,90500.0,5000.0,590.0
14215,NIT-12/MSCL/2021-22,Selection of agency for Development of UG Sewerage System with SBR-STP and Development of UG Storm Water Drains in ABD Area Muzaffarpur on EPC Mode under Smart Cities Mission.,Selection of agency for Development of UG Sewerage System with SBR-STP and Development of UG Storm Water Drains in ABD Area Muzaffarpur on EPC Mode under Smart Cities Mission.,2339400000.0,INR,INR,2021-10-08 10:56:30+00:00,2021-10-08T08:10:34.029000+00:00,2021-11-13T06:20:24+00:00,"Managing Director, MSCL","M.D., MSCL",Muzaffarpur Smart City Limited,"KACHHARI CAMPUS, NEAR MUZAFFARPUR RAILWAY STATION","MANAGING DIRECTOR, MSCL","M.D., MSCL",Muzaffarpur Smart City Limited,23400000.0,10000.0,5900.0
14210,24/BCD/MADHUBANI/2021-2022,"Installation of Furniture at Engineering College, Madhubani  Distr. Madhubani for  the Year 2021-22","Installation of Furniture at Engineering College, Madhubani  Distr. Madhubani for  the Year 2021-22",54324200.0,INR,INR,2021-10-08 06:20:26+00:00,2021-10-08T05:59:10.657000+00:00,2021-11-25T06:45:37+00:00,EXECUTIVE ENGINEER BUILDING DIVISION MADHUBANI,EXECUTIVE ENGINEER,BUILDING DIVISION MADHUBANI,BUILDING DIVISION MADHUBANI,"Superintending Engineer, BUILDING CIRCLE DARBHANGA",SE,Building Circle Darbhanga,1020500.0,10000.0,5900.0
14214,NIT No. 21/PR/SBPDCL/2021,Procurement of 11 KV 3 element outdoor type oil immersed combined metering unit 0.5 accuracy class of CT and 0.5 accuracy class of PT for SBPDCL & NBPDCL,Procurement of 11 KV 3 element outdoor type oil immersed combined metering unit 0.5 accuracy class of CT and 0.5 accuracy class of PT for SBPDCL & NBPDCL,38213750.0,INR,INR,2021-10-08 09:23:34+00:00,2021-10-08T07:58:43.537000+00:00,2024-10-03T06:28:27+00:00,SURESH PRASAD MANDAL,Electrical Superintending Engineer,SBPDCL,"2nd FLOOR, VIDYUT BHAWAN, PATNA",SURESH PRASAD MANDAL,"Electrical Superintending Engineer, Purchase",SBPDCL,,20000.0,5900.0
14219,NIT-02/2021-22/GR03/chakiya,"DETAIL COST ESTIMATION FOR DESILITING OF POND CONSTRUCTION OF POND STEPS, PATHWAY & EARTHWORK FILLING AROUND POND OF SARYUG MATH IN NAGAR PARISHAD  CHAKIA IN EAST CHAMPARAN.","DETAIL COST ESTIMATION FOR DESILITING OF POND CONSTRUCTION OF POND STEPS, PATHWAY & EARTHWORK FILLING AROUND POND OF SARYUG MATH IN NAGAR PARISHAD  CHAKIA IN EAST CHAMPARAN.",4931490.0,INR,INR,2021-10-08 11:43:28+00:00,2021-10-08T09:24:37.183000+00:00,2022-07-14T10:18:27+00:00,"EXECUTIVE OFFICER, CHAKIA",EO,NAGAR PANCHAYAT CHAKIA,"SAHEBGANJ ROAD, BARA CHAKAIA, WARD NO.-05, EAST CHAMPARAN",Executiv officer,E..O. Chakia,CHAKIA NAGAR PARISHAD,99000.0,5000.0,590.0
14212,4/BCD/DANAPUR/2021-22,Construction  of Remaining boundary wall of Mega Industrial Park BIHTA for N.I.T. Patna for the year 2021-22,Construction  of Remaining boundary wall of Mega Industrial Park BIHTA for N.I.T. Patna for the year 2021-22,32191018.0,INR,INR,2021-10-08 09:47:58+00:00,2021-10-08T07:48:00.389000+00:00,2023-02-27T09:29:09+00:00,PATNA WEST BUILDING DIVISION DANAPUR PATNA,EXECUTIVE ENGINEER,BUILDING CONSTRUCTION DEPARTMENT,DANAPUR PATNA,"Superintending Engineer, Patna Circle",SE,Patna CIRCLE,644000.0,10000.0,5900.0
14220,PR-177/2021,"Selection of INS accredited Advertising Agencies to work as an approved Newspaper Advertising agency  for releasing Advertisements of Bihar School Examination Board. 
All other terms and conditions remains same as inscribed in tender document.","Selection of INS accredited Advertising Agencies to work as an approved Newspaper Advertising agency  for releasing Advertisements of Bihar School Examination Board. 
All other terms and conditions remains same as inscribed in tender document.",0.0,INR,INR,2021-10-08 12:48:09+00:00,2021-10-08T11:21:26.803000+00:00,2021-11-05T07:43:14+00:00,Nodal Officer - Tender,"Nodal Officer- Tender , BSEB","Bihar School examination Board,Patna","Sinha Library Road,patna","Nodal Officer - Tender , BSEB",Nodal Officer - Tender,"Bihar School examination Board,Patna",100000.0,1000.0,590.0
14217,NIT-02/2021-22/GR01/chakia,FLORING AND FALSE CEILING WORK IN MARRIAGE HALL  UNDER NAGAR PARISHAD CHAKIA IN DISTISTRICT EAST CHAMPARAN,FLORING AND FALSE CEILING WORK IN MARRIAGE HALL  UNDER NAGAR PARISHAD CHAKIA IN DISTISTRICT EAST CHAMPARAN,2350965.38,INR,INR,2021-10-08 11:33:37+00:00,2021-10-08T09:23:23.152000+00:00,2022-07-14T10:28:30+00:00,"EXECUTIVE OFFICER, CHAKIA",EO,NAGAR PANCHAYAT CHAKIA,"SAHEBGANJ ROAD, BARA CHAKAIA, WARD NO.-05, EAST CHAMPARAN",Executiv officer,E..O. Chakia,CHAKIA NAGAR PARISHAD,47500.0,5000.0,590.0
14222,NIT 06/2021-22/NVPPE Gr.-03,Construction of  R.C.C Staging & Water Tank in Ward No-01 In Front of Office Under Nagar Panchayat Khusrupur.,Construction of  R.C.C Staging & Water Tank in Ward No-01 In Front of Office Under Nagar Panchayat Khusrupur.,570615.0,INR,INR,2021-10-08 12:31:05+00:00,2021-10-08T11:56:56.035000+00:00,2021-10-30T09:35:33+00:00,RANA VIDYA DHAR,EE NVP Patna East,"NAGAR VIKASH PRAMANDAL, PATNA EAST","S-32 Transit Hostel, Patna 800001",Rana Vidyadhar,EE NVP Patna East,"NAGAR VIKASH PRAMANDAL, PATNA EAST",11500.0,1250.0,590.0
14221,NIT 06/2021-22/NVPPE Gr.-02,Construction of  R.C.C Staging & Water Tank in Ward No-01 of Tanital Under Nagar Panchayat Khusrupur.,Construction of  R.C.C Staging & Water Tank in Ward No-01 of Tanital Under Nagar Panchayat Khusrupur.,570615.0,INR,INR,2021-10-08 12:29:54+00:00,2021-10-08T11:47:49.330000+00:00,2021-10-30T09:32:12+00:00,RANA VIDYA DHAR,EE NVP Patna East,"NAGAR VIKASH PRAMANDAL, PATNA EAST","S-32 Transit Hostel, Patna 800001",Rana Vidyadhar,EE NVP Patna East,"NAGAR VIKASH PRAMANDAL, PATNA EAST",11500.0,1250.0,590.0
14213,3/BCD/DANAPUR/2021-22,CONSTRUCTION OF ITI  BUILDING COMPLEX AT PANHARA NAUBATPUR  year 2021-22,CONSTRUCTION OF ITI  BUILDING COMPLEX AT PANHARA NAUBATPUR  year 2021-22,169428762.5,INR,INR,2021-10-08 09:22:55+00:00,2021-10-08T07:49:08.272000+00:00,2021-11-05T04:43:07+00:00,PATNA WEST BUILDING DIVISION DANAPUR PATNA,EXECUTIVE ENGINEER,BUILDING CONSTRUCTION DEPARTMENT,DANAPUR PATNA,"Superintending Engineer, Patna Circle",SE,Patna CIRCLE,2694288.0,10000.0,5900.0
14229,12/BCD/SHEIKHPURA/2021-22,"CIVIL, PHE & FIRE FIGHTING WORKS FOR BLOCK BUILDING AT SHEKHOPURSARAI, SHEIKHPURA","CIVIL, PHE & FIRE FIGHTING WORKS FOR BLOCK BUILDING AT SHEKHOPURSARAI, SHEIKHPURA",174419977.0,INR,INR,2021-10-08 12:42:19+00:00,2021-10-08T12:29:04.883000+00:00,2022-01-24T10:38:00+00:00,"Executive Engineer, BUILDING DIVISION SHEIKHPURA",EE,building Division Sheikhpura,"EE,  BUILDING DIVISION Sheikhpura, BCD , Sheikhpura",Superintending Engineer Building Circle Munger,Superintending Engineer,Building Construction Department,2744200.0,10000.0,5900.0
14224,NIT 06/2021-22/NVPPE Gr.-05,Construction of  R.C.C Staging & Water Tank in Ward No-03 Under Nagar Panchayat Khusrupur.,Construction of  R.C.C Staging & Water Tank in Ward No-03 Under Nagar Panchayat Khusrupur.,570615.0,INR,INR,2021-10-08 12:35:33+00:00,2021-10-08T12:07:19.273000+00:00,2022-03-12T23:21:05+00:00,RANA VIDYA DHAR,EE NVP Patna East,"NAGAR VIKASH PRAMANDAL, PATNA EAST","S-32 Transit Hostel, Patna 800001",Rana Vidyadhar,EE NVP Patna East,"NAGAR VIKASH PRAMANDAL, PATNA EAST",11500.0,1250.0,590.0
14242,NIT-10EPCD2021-22_GR01,Construction of Soak Pit at handpump near Kali Asthan in ward no. 62 under Patna City Division PMC. Patna.,Construction of Soak Pit at handpump near Kali Asthan in ward no. 62 under Patna City Division PMC. Patna.,32115.0,INR,INR,2021-10-09 09:52:36+00:00,2021-10-09T09:48:24.477000+00:00,2021-10-23T09:31:00+00:00,"Ramswarup Prasad, EXECUTIVE ENGINEER",EE,"PATNA CITY DIVISION, PMC","PATNA CITY DIVISION, MEENA BAZAR, SHERSHAH PATH, PATNA-07","Ramswarup Prasad, EXECUTIVE ENGINEER",EE,"PATNA CITY DIVISION, PMC",700.0,500.0,590.0
14241,NIT-10EPCD2021-22_GR02,Construction of Soak Pit at handpump near Gauriya Asthan in ward no. 62 under Patna City Division PMC. Patna.,Construction of Soak Pit at handpump near Gauriya Asthan in ward no. 62 under Patna City Division PMC. Patna.,32115.0,INR,INR,2021-10-09 09:48:06+00:00,2021-10-09T09:43:56.792000+00:00,2021-10-23T09:31:00+00:00,"Ramswarup Prasad, EXECUTIVE ENGINEER",EE,"PATNA CITY DIVISION, PMC","PATNA CITY DIVISION, MEENA BAZAR, SHERSHAH PATH, PATNA-07","Ramswarup Prasad, EXECUTIVE ENGINEER",EE,"PATNA CITY DIVISION, PMC",700.0,500.0,590.0
14239,NIT-10EPCD2021-22_GR04,Construction of Soak Pit at handpump near Ganga Babu ki Theki in ward no. 66 under Patna City Division PMC. Patna.,Construction of Soak Pit at handpump near Ganga Babu ki Theki in ward no. 66 under Patna City Division PMC. Patna.,32115.0,INR,INR,2021-10-09 09:35:00+00:00,2021-10-09T09:29:38.891000+00:00,2021-10-23T09:31:00+00:00,"Ramswarup Prasad, EXECUTIVE ENGINEER",EE,"PATNA CITY DIVISION, PMC","PATNA CITY DIVISION, MEENA BAZAR, SHERSHAH PATH, PATNA-07","Ramswarup Prasad, EXECUTIVE ENGINEER",EE,"PATNA CITY DIVISION, PMC",700.0,500.0,590.0
14245,NIT-10EPCD2021-22_GR06,Construction of Soak Pit at handpump near Madarsa in ward no. 66 under Patna City Division PMC. Patna.,Construction of Soak Pit at handpump near Madarsa in ward no. 66 under Patna City Division PMC. Patna.,32115.0,INR,INR,2021-10-09 10:01:43+00:00,2021-10-09T09:58:04.460000+00:00,2021-10-23T09:31:00+00:00,"Ramswarup Prasad, EXECUTIVE ENGINEER",EE,"PATNA CITY DIVISION, PMC","PATNA CITY DIVISION, MEENA BAZAR, SHERSHAH PATH, PATNA-07","Ramswarup Prasad, EXECUTIVE ENGINEER",EE,"PATNA CITY DIVISION, PMC",700.0,500.0,590.0
14216,NIT No.  36/CME/PMC/2021,Selection of Agency for Operation & maintenance of Fully Automatic Organic Waste composting Machines which are installed at different locations in Patna Municipal Corporation area,Selection of Agency for Operation & maintenance of Fully Automatic Organic Waste composting Machines which are installed at different locations in Patna Municipal Corporation area,0.0,INR,INR,2021-10-08 08:59:23+00:00,2021-10-08T08:34:34.400000+00:00,2021-11-08T09:05:48+00:00,CHIEF MUNICIPAL ENGINEER,CME,"Head Quarter, Patna Municipal Corporation, Patna","Block-C,4th Floor,Mauryalok,Patna",CHIEF MUNICIPAL ENGINEER,CME,"Head Quarter, Patna Municipal Corporation, Patna",50000.0,10000.0,590.0
14223,NIT 06/2021-22/NVPPE Gr.-04,Construction of  R.C.C Staging & Water Tank in Ward No-02 Under Nagar Panchayat Khusrupur.,Construction of  R.C.C Staging & Water Tank in Ward No-02 Under Nagar Panchayat Khusrupur.,570615.0,INR,INR,2021-10-08 12:33:47+00:00,2021-10-08T12:02:24.814000+00:00,2022-03-14T11:03:34+00:00,RANA VIDYA DHAR,EE NVP Patna East,"NAGAR VIKASH PRAMANDAL, PATNA EAST","S-32 Transit Hostel, Patna 800001",Rana Vidyadhar,EE NVP Patna East,"NAGAR VIKASH PRAMANDAL, PATNA EAST",11500.0,1250.0,590.0
14244,NIT-10EPCD2021-22_GR05,Construction of Soak Pit at handpump near Tiwari Gali in ward no. 66 under Patna City Division PMC. Patna.,Construction of Soak Pit at handpump near Tiwari Gali in ward no. 66 under Patna City Division PMC. Patna.,32115.0,INR,INR,2021-10-09 09:57:41+00:00,2021-10-09T09:53:28.306000+00:00,2021-10-23T09:31:00+00:00,"Ramswarup Prasad, EXECUTIVE ENGINEER",EE,"PATNA CITY DIVISION, PMC","PATNA CITY DIVISION, MEENA BAZAR, SHERSHAH PATH, PATNA-07","Ramswarup Prasad, EXECUTIVE ENGINEER",EE,"PATNA CITY DIVISION, PMC",700.0,500.0,590.0
14248,NIT-10EPCD2021-22_GR09,Construction of Soak Pit at handpump near Batau kuwan (Masjid ke pass) in ward no. 67 under Patna City Division PMC. Patna.,Construction of Soak Pit at handpump near Batau kuwan (Masjid ke pass) in ward no. 67 under Patna City Division PMC. Patna.,32115.0,INR,INR,2021-10-09 10:21:25+00:00,2021-10-09T10:18:47.612000+00:00,2021-10-23T09:31:00+00:00,"Ramswarup Prasad, EXECUTIVE ENGINEER",EE,"PATNA CITY DIVISION, PMC","PATNA CITY DIVISION, MEENA BAZAR, SHERSHAH PATH, PATNA-07","Ramswarup Prasad, EXECUTIVE ENGINEER",EE,"PATNA CITY DIVISION, PMC",700.0,500.0,590.0
14246,NIT-10EPCD2021-22_GR07,Construction of Soak Pit at handpump near Mirchai Gali in ward no. 66 under Patna City Division PMC. Patna.,Construction of Soak Pit at handpump near Mirchai Gali in ward no. 66 under Patna City Division PMC. Patna.,32115.0,INR,INR,2021-10-09 10:06:56+00:00,2021-10-09T10:02:10.573000+00:00,2021-10-23T09:31:00+00:00,"Ramswarup Prasad, EXECUTIVE ENGINEER",EE,"PATNA CITY DIVISION, PMC","PATNA CITY DIVISION, MEENA BAZAR, SHERSHAH PATH, PATNA-07","Ramswarup Prasad, EXECUTIVE ENGINEER",EE,"PATNA CITY DIVISION, PMC",700.0,500.0,590.0
14252,NIT-10EPCD2021-22_GR13,Construction of Soak Pit at handpump near Didarganj Halt Vasti in ward no. 72 under Patna City Division PMC. Patna.,Construction of Soak Pit at handpump near Didarganj Halt Vasti in ward no. 72 under Patna City Division PMC. Patna.,32115.0,INR,INR,2021-10-09 10:40:30+00:00,2021-10-09T10:36:55.220000+00:00,2021-11-09T08:20:32+00:00,"Ramswarup Prasad, EXECUTIVE ENGINEER",EE,"PATNA CITY DIVISION, PMC","PATNA CITY DIVISION, MEENA BAZAR, SHERSHAH PATH, PATNA-07","Ramswarup Prasad, EXECUTIVE ENGINEER",EE,"PATNA CITY DIVISION, PMC",700.0,500.0,590.0
14249,NIT-10EPCD2021-22_GR10,Construction of Soak Pit at handpump near Jhijhiribagh (Ramakant Mastar Saheb) in ward no. 71 under Patna City Division PMC. Patna.,Construction of Soak Pit at handpump near Jhijhiribagh (Ramakant Mastar Saheb) in ward no. 71 under Patna City Division PMC. Patna.,32115.0,INR,INR,2021-10-09 10:24:49+00:00,2021-10-09T10:22:17.405000+00:00,2021-10-23T09:31:00+00:00,"Ramswarup Prasad, EXECUTIVE ENGINEER",EE,"PATNA CITY DIVISION, PMC","PATNA CITY DIVISION, MEENA BAZAR, SHERSHAH PATH, PATNA-07","Ramswarup Prasad, EXECUTIVE ENGINEER",EE,"PATNA CITY DIVISION, PMC",700.0,500.0,590.0
14247,NIT-10EPCD2021-22_GR08,Construction of Soak Pit at handpump near Ghoda Gali in ward no. 67 under Patna City Division PMC. Patna,Construction of Soak Pit at handpump near Ghoda Gali in ward no. 67 under Patna City Division PMC. Patna,32115.0,INR,INR,2021-10-09 10:18:28+00:00,2021-10-09T10:15:23.445000+00:00,2021-10-23T09:31:00+00:00,"Ramswarup Prasad, EXECUTIVE ENGINEER",EE,"PATNA CITY DIVISION, PMC","PATNA CITY DIVISION, MEENA BAZAR, SHERSHAH PATH, PATNA-07","Ramswarup Prasad, EXECUTIVE ENGINEER",EE,"PATNA CITY DIVISION, PMC",700.0,500.0,590.0
14250,NIT-10EPCD2021-22_GR11,Construction of Soak Pit at handpump near Kumar Pappu (Sahni Tola) in ward no. 72 under Patna City Division PMC. Patna.,Construction of Soak Pit at handpump near Kumar Pappu (Sahni Tola) in ward no. 72 under Patna City Division PMC. Patna.,32115.0,INR,INR,2021-10-09 10:33:05+00:00,2021-10-09T10:25:09.948000+00:00,2021-11-09T08:10:16+00:00,"Ramswarup Prasad, EXECUTIVE ENGINEER",EE,"PATNA CITY DIVISION, PMC","PATNA CITY DIVISION, MEENA BAZAR, SHERSHAH PATH, PATNA-07","Ramswarup Prasad, EXECUTIVE ENGINEER",EE,"PATNA CITY DIVISION, PMC",700.0,500.0,590.0
14240,NIT-10EPCD2021-22_GR03,Construction of Soak Pit at handpump near Buddhi Ram ka Aakhara in ward no. 62 under Patna City Division PMC. Patna.,Construction of Soak Pit at handpump near Buddhi Ram ka Aakhara in ward no. 62 under Patna City Division PMC. Patna.,32115.0,INR,INR,2021-10-09 09:43:28+00:00,2021-10-09T09:40:09.492000+00:00,2021-10-23T09:31:00+00:00,"Ramswarup Prasad, EXECUTIVE ENGINEER",EE,"PATNA CITY DIVISION, PMC","PATNA CITY DIVISION, MEENA BAZAR, SHERSHAH PATH, PATNA-07","Ramswarup Prasad, EXECUTIVE ENGINEER",EE,"PATNA CITY DIVISION, PMC",700.0,500.0,590.0
14251,NIT-10EPCD2021-22_GR12,Construction of Soak Pit at handpump near Bazar Samiti in ward no. 72 under Patna City Division PMC. Patna.,Construction of Soak Pit at handpump near Bazar Samiti in ward no. 72 under Patna City Division PMC. Patna.,32115.0,INR,INR,2021-10-09 10:36:38+00:00,2021-10-09T10:33:20.891000+00:00,2021-11-09T08:05:19+00:00,"Ramswarup Prasad, EXECUTIVE ENGINEER",EE,"PATNA CITY DIVISION, PMC","PATNA CITY DIVISION, MEENA BAZAR, SHERSHAH PATH, PATNA-07","Ramswarup Prasad, EXECUTIVE ENGINEER",EE,"PATNA CITY DIVISION, PMC",700.0,500.0,590.0
14257,02/SBD/2021-22/IMD-DEHRI/01,"Design, drawing, Fabrication, supply,erection, fitting,fixing & testing commissioning of under Sluice  gate and head Regulator gate, hoisting bridge hoisting system and automated gate for kao weir irrigation scheme at wazirganj, sasaram in rohtas district. (GROUP-01)","Design, drawing, Fabrication, supply,erection, fitting,fixing & testing commissioning of under Sluice  gate and head Regulator gate, hoisting bridge hoisting system and automated gate for kao weir irrigation scheme at wazirganj, sasaram in rohtas district. (GROUP-01)",0.0,INR,INR,2021-10-09 14:35:42+00:00,2021-10-09T11:27:36.114000+00:00,2021-10-20T09:31:00+00:00,RAJAN KUMAR,EXECUTIVE ENGINEER,"IRRIGATION ELECTRICAL-CUM-MECHNICAL DIVISION, WALMI, PATNA","IRRIGATION ELECTRICAL-CUM-MECHNICAL DIVISION, WALMI, PATNA",ASHOK KUMAR YADAV,SE,WATER RESOURCES DEPARTMENT,494000.0,10000.0,590.0
14254,18/E/WSD/2021/PMC/01,"Construction of High Yielding Tube Well in Narkat Ghat School, Alamganj at Ward No. 52","Construction of High Yielding Tube Well in Narkat Ghat School, Alamganj at Ward No. 52",9437194.0,INR,INR,2021-10-11 09:40:18+00:00,2021-10-09T10:48:47.231000+00:00,2022-01-05T11:15:16+00:00,Sri Ramswarup Prasad,"EE, Water Supply Division, PMC, Patna","Water Supply Division, Patna Municipal Corporation, Patna","Patna Water Board, Road No 02, Miller High School, Beer Chand Patel Path, Patna",Sri Ramswarup Prasad,"EE, Water Supply Division, PMC, Patna","Water Supply Division, Patna Municipal Corporation, Patna",189000.0,10000.0,3540.0
14258,18/E/WSD/2021/PMC/03,"Laying HDPE water supply pipe line in Hotel Exotica, Ram Laxman Path, Mother India School, Road No. 25-B, B.K.Singh Gali and house to house connection at Ward No. 06.","Laying HDPE water supply pipe line in Hotel Exotica, Ram Laxman Path, Mother India School, Road No. 25-B, B.K.Singh Gali and house to house connection at Ward No. 06.",9129023.0,INR,INR,2021-10-11 09:07:34+00:00,2021-10-09T11:31:46.153000+00:00,2022-01-06T08:52:16+00:00,Sri Ramswarup Prasad,"EE, Water Supply Division, PMC, Patna","Water Supply Division, Patna Municipal Corporation, Patna","Patna Water Board, Road No 02, Miller High School, Beer Chand Patel Path, Patna",Sri Ramswarup Prasad,"EE, Water Supply Division, PMC, Patna","Water Supply Division, Patna Municipal Corporation, Patna",183000.0,10000.0,3540.0
14260,32/BSBCCL/2021-22 GR3,CONSTRUCTION OF  200 BEDDED MSDP BOYS HOSTEL AT  KAMRAN MANU MODEL SCHOOL CHANDANPATTI IN DIST- DARBHANGA,CONSTRUCTION OF  200 BEDDED MSDP BOYS HOSTEL AT  KAMRAN MANU MODEL SCHOOL CHANDANPATTI IN DIST- DARBHANGA,85900960.0,INR,INR,2021-10-11 02:21:52+00:00,2021-10-11T01:52:47.361000+00:00,2021-11-02T06:17:19+00:00,DGMBSBCCL DARBHANGA,DEPUTY GENERAL MANAGER DARBHANGA,BSBCCL NORTH,"BSBCCL, Hospital Road, Sastri Nagar, Patna 800023",SANTOSH KUMAR,chief general manager,BSBCCL,1719000.0,10000.0,5900.0
14261,32/BSBCCL/2021-22 GR4,CONSTRUCTION OF  200 BEDDED MSDP GIRLS HOSTEL AT  KAMRAN MANU MODEL SCHOOL CHANDANPATTI IN DIST- DARBHANGA,CONSTRUCTION OF  200 BEDDED MSDP GIRLS HOSTEL AT  KAMRAN MANU MODEL SCHOOL CHANDANPATTI IN DIST- DARBHANGA,85900960.0,INR,INR,2021-10-11 02:26:04+00:00,2021-10-11T02:22:42.325000+00:00,2021-11-02T06:16:38+00:00,DGMBSBCCL DARBHANGA,DEPUTY GENERAL MANAGER DARBHANGA,BSBCCL NORTH,"BSBCCL, Hospital Road, Sastri Nagar, Patna 800023",SANTOSH KUMAR,chief general manager,BSBCCL,1719000.0,10000.0,5900.0
14253,NIT-10EPCD2021-22_GR14,Construction of Soak Pit at handpump near Bazar Samiti Hanuman Mandir in ward no. 72 under Patna City Division PMC. Patna.,Construction of Soak Pit at handpump near Bazar Samiti Hanuman Mandir in ward no. 72 under Patna City Division PMC. Patna.,32115.0,INR,INR,2021-10-09 10:43:21+00:00,2021-10-09T10:40:50.881000+00:00,2021-11-09T07:55:23+00:00,"Ramswarup Prasad, EXECUTIVE ENGINEER",EE,"PATNA CITY DIVISION, PMC","PATNA CITY DIVISION, MEENA BAZAR, SHERSHAH PATH, PATNA-07","Ramswarup Prasad, EXECUTIVE ENGINEER",EE,"PATNA CITY DIVISION, PMC",700.0,500.0,590.0
14268,NIT 4/2021-22,Proposed development of  model shed type-3 for the district Registry office in the Khagaria district for the year 2021-22,Proposed development of  model shed type-3 for the district Registry office in the Khagaria district for the year 2021-22,2408562.0,INR,INR,2021-10-11 09:27:17+00:00,2021-10-11T08:51:48.599000+00:00,2022-02-08T08:27:33+00:00,EXECUTIVE ENGINEER BUILDING DIVISION KHAGARIA,EXECUTIVE ENGINEER,BUILDING DIVISION KHAGARIA,"Chitragupta Nagar, Near Town Hall, Khagaria",SUPERINTENDING ENGINEER BUILDING CIRCLE BHAGALPUR,SUPERINTENDING ENGINEER BUILDING CIRCLE BHAGALPUR,BUILDING CONSTRUCTION DEPARTMENT,48200.0,5000.0,590.0
14255,01/2021-22/NIQ/IMD-DEHRI/01,"Design, Drawing, Manufacturing, Fabrication, Supply, Erection, Testing  and Commissioning of 2 (Two)  set Centrifugal pump, Motor with C.I. casing S.S. impeller of each capacity of 5 cusec 10m head approx and motor driven by 3- phase,   11kv/0.415 kv, 30HP , as per specification it also including other allied mechanical and electrical components in turnkey basis with 5 years operation and maintenance of entire system with defect liability for Rouja Minor Pump canal scheme in Shershah Makababara. (GROUP-01)","Design, Drawing, Manufacturing, Fabrication, Supply, Erection, Testing  and Commissioning of 2 (Two)  set Centrifugal pump, Motor with C.I. casing S.S. impeller of each capacity of 5 cusec 10m head approx and motor driven by 3- phase,   11kv/0.415 kv, 30HP , as per specification it also including other allied mechanical and electrical components in turnkey basis with 5 years operation and maintenance of entire system with defect liability for Rouja Minor Pump canal scheme in Shershah Makababara. (GROUP-01)",0.0,INR,INR,2021-10-09 14:37:51+00:00,2021-10-09T10:55:01.425000+00:00,2021-10-22T05:19:16+00:00,SURESH PRASAD YADAV,EE,"IRRIGATION MECHNICAL DIVISION, MOHANIA","IRRIGATION MECHNICAL DIVISION, MOHANIA",ASHOK KUMAR YADAV,SE,WATER RESOURCES DEPARTMENT,302000.0,10000.0,590.0
14262,8NaViMaPla-08/2021- 532,"REQUEST FOR PROPOSALS (RFP) FOR CONSULTANCY SERVICES FOR URBAN DESIGN MASTER PLAN FOR SPECIAL DEVELOPMENT AREA (SDA) IN RAJGIR Town Urban Development & Housing Department, Govt. of Bihar October 2021 REGIONAL PLANNING AREA","REQUEST FOR PROPOSALS (RFP) FOR CONSULTANCY SERVICES FOR URBAN DESIGN MASTER PLAN FOR SPECIAL DEVELOPMENT AREA (SDA) IN RAJGIR Town Urban Development & Housing Department, Govt. of Bihar October 2021 REGIONAL PLANNING AREA",0.0,INR,INR,2021-10-11 07:07:00+00:00,2021-10-11T06:28:27.627000+00:00,2021-11-15T10:31:00+00:00,HARI SHANKER SINGH,SENIOR ARCHITECT,UD&HD HQ PATNA,"1st Floor ,Vikas Bhawan, New Secretariat,Patna?800015",HARI SHANKER SINGH,SENIOR ARCHITECT,UD&HD HQ PATNA,200000.0,5000.0,590.0
14265,PMAA/ADS-45/2019- 453 (ADS1),"Request for Proposal for Selection of Consultant for ?Providing Planning and Surveying Services for Preparation of Area Development Scheme (Based on Land Pooling System) in Patna Metropolitan Area, Bihar?.","Request for Proposal for Selection of Consultant for ?Providing Planning and Surveying Services for Preparation of Area Development Scheme (Based on Land Pooling System) in Patna Metropolitan Area, Bihar?.",0.0,INR,INR,2021-10-11 07:44:27+00:00,2021-10-11T07:12:15.557000+00:00,2022-06-03T07:52:05+00:00,HARI SHANKER SINGH,SENIOR ARCHITECT,UD&HD HQ PATNA,"1st Floor ,Vikas Bhawan, New Secretariat,Patna?800015",HARI SHANKER SINGH,SENIOR ARCHITECT,UD&HD HQ PATNA,100000.0,7500.0,590.0
14266,PMAA/ADS-45/2019- 453 (ADS2),"Request for Proposal for Selection of Consultant for ?Providing Planning and Surveying Services for Preparation of Area Development Scheme (Based on Land Pooling System) in Patna Metropolitan Area, Bihar?.","Request for Proposal for Selection of Consultant for ?Providing Planning and Surveying Services for Preparation of Area Development Scheme (Based on Land Pooling System) in Patna Metropolitan Area, Bihar?.",0.0,INR,INR,2021-10-11 07:53:00+00:00,2021-10-11T07:45:11.573000+00:00,2021-11-24T10:47:16+00:00,HARI SHANKER SINGH,SENIOR ARCHITECT,UD&HD HQ PATNA,"1st Floor ,Vikas Bhawan, New Secretariat,Patna?800015",HARI SHANKER SINGH,SENIOR ARCHITECT,UD&HD HQ PATNA,100000.0,7500.0,590.0
14259,MCD-NIT-12/2021-22-GR-01,CONSTURCTION OF PCC AND R.C.C  DRAIN FROM HOUSE OF RAMRAJ MAHTO TO SHAWDEO SHAW VIA RAMSHISH RAI TO RAMBACHAN RAI VIA VIJAY PANDIT TO FARID ANSARI VIA GIRJA RAI TO SHANKAR MAHTO  IN WARD NO. 01  AT NAGAR PARISHAD DANAPUR.,CONSTURCTION OF PCC AND R.C.C  DRAIN FROM HOUSE OF RAMRAJ MAHTO TO SHAWDEO SHAW VIA RAMSHISH RAI TO RAMBACHAN RAI VIA VIJAY PANDIT TO FARID ANSARI VIA GIRJA RAI TO SHANKAR MAHTO  IN WARD NO. 01  AT NAGAR PARISHAD DANAPUR.,560531.0,INR,INR,2021-10-10 10:04:59+00:00,2021-10-10T09:41:03.169000+00:00,2021-12-01T06:49:29+00:00,"EXECUTIVE OFFICER, DANAPUR NIZAMAT",EO,NAGAR PARISHAD DANAPUR NIZAMAT,NAGAR PARISHAD DANAPUR NIZAMAT WARD NO.-35,"EXECUTIVE OFFICER, DANAPUR NIZAMAT",EO,NAGAR PARISHAD DANAPUR NIZAMAT,11300.0,1250.0,590.0
14256,18/E/WSD/2021/PMC/02,Extension of pipe line and house to house connection in Nand Lal Chapra at Ward No. 46.,Extension of pipe line and house to house connection in Nand Lal Chapra at Ward No. 46.,5322501.0,INR,INR,2021-10-11 09:04:59+00:00,2021-10-09T11:12:31.105000+00:00,2022-01-20T11:07:22+00:00,Sri Ramswarup Prasad,"EE, Water Supply Division, PMC, Patna","Water Supply Division, Patna Municipal Corporation, Patna","Patna Water Board, Road No 02, Miller High School, Beer Chand Patel Path, Patna",Sri Ramswarup Prasad,"EE, Water Supply Division, PMC, Patna","Water Supply Division, Patna Municipal Corporation, Patna",107000.0,10000.0,590.0
14273,E-TENDER- 02(SBD)/2021-22,"SUPPLYING FITTING FIXING OF FURNITURE AT NEW GOVT ENGINEERING COLLEGE, KHAGARIA INCLUDING ALL TYPE OF TAXES AND CARRiAGE AND LOADING UNLOADING","SUPPLYING FITTING FIXING OF FURNITURE AT NEW GOVT ENGINEERING COLLEGE, KHAGARIA INCLUDING ALL TYPE OF TAXES AND CARRiAGE AND LOADING UNLOADING",54324200.0,INR,INR,2021-10-11 12:35:42+00:00,2021-10-11T09:43:29.892000+00:00,2021-11-16T10:39:28+00:00,EXECUTIVE ENGINEER BUILDING DIVISION KHAGARIA,EXECUTIVE ENGINEER,BUILDING DIVISION KHAGARIA,"Chitragupta Nagar, Near Town Hall, Khagaria",SUPERINTENDING ENGINEER BUILDING CIRCLE BHAGALPUR,SUPERINTENDING ENGINEER BUILDING CIRCLE BHAGALPUR,BUILDING CONSTRUCTION DEPARTMENT,1086500.0,10000.0,5900.0
14274,18/E/WSD/2021/PMC/05,"Laying HDPE water supply pipe line in Keshav Bihar Road No. 16, Lakhan Niwas Road No. 18, Rajeev Nagar Road No. 17 and house to house connection at Ward No. 06.","Laying HDPE water supply pipe line in Keshav Bihar Road No. 16, Lakhan Niwas Road No. 18, Rajeev Nagar Road No. 17 and house to house connection at Ward No. 06.",6112110.0,INR,INR,2021-10-11 10:13:08+00:00,2021-10-11T10:02:54.054000+00:00,2022-01-20T11:11:31+00:00,Sri Ramswarup Prasad,"EE, Water Supply Division, PMC, Patna","Water Supply Division, Patna Municipal Corporation, Patna","Patna Water Board, Road No 02, Miller High School, Beer Chand Patel Path, Patna",Sri Ramswarup Prasad,"EE, Water Supply Division, PMC, Patna","Water Supply Division, Patna Municipal Corporation, Patna",122500.0,10000.0,590.0
14277,NIT-19/E&M/MMC/2021-22,"Selection of Firm/ Agencies for Updation of existing data along with Door-to-Door New Property Geo-Tagged Survey, Assessment, Collection and Recovery of Municipal Taxes & User Charges etc. for Muzaffarpur Municipal Corporation.","Selection of Firm/ Agencies for Updation of existing data along with Door-to-Door New Property Geo-Tagged Survey, Assessment, Collection and Recovery of Municipal Taxes & User Charges etc. for Muzaffarpur Municipal Corporation.",0.0,INR,INR,2021-10-11 13:21:29+00:00,2021-10-11T10:59:31.050000+00:00,2021-10-24T11:58:01+00:00,"MUNICIPAL COMMISSIONER, MUZAFFARPUR",MUNICIPAL COMMISSIONER,MUZAFFARPUR MUNICIPAL CORPORATION,"OPPOSITE OF MUZAFFARPUR RAILWAY STATION, KACHHARI CAMPUR","MUNICIPAL COMMISSIONER, MUZAFFARPUR",MUNICIPAL COMMISSIONER,MUZAFFARPUR MUNICIPAL CORPORATION,200000.0,10000.0,590.0
14269,40/PR/BSPTCL/2021,"Design, manufacture, assembly, testing, supply & delivery of 175 nos. of Contactless type Potential Detector","Design, manufacture, assembly, testing, supply & delivery of 175 nos. of Contactless type Potential Detector",6066970.0,INR,INR,2021-10-11 10:09:58+00:00,2021-10-11T09:04:15.615000+00:00,2022-07-21T07:52:52+00:00,MADHU PRIYA,ELECTRICAL EXECUTIVE ENGINEER,BSPTCL,VIDYUT BHAWAN PATNA,AMAR KUMAR MISHRA,ESE,BSPTCL,121340.0,11800.0,590.0
14270,18/E/WSD/2021/PMC/04,"Laying HDPE water supply pipe line in J.P. Nagar Road No. 18, 06, 07, 05, 04, 03, 02, 01, Ramesh Chandu to Mala Ram Sadan Road No. 09 and house to house connection at Ward No. 06.","Laying HDPE water supply pipe line in J.P. Nagar Road No. 18, 06, 07, 05, 04, 03, 02, 01, Ramesh Chandu to Mala Ram Sadan Road No. 09 and house to house connection at Ward No. 06.",9665728.0,INR,INR,2021-10-11 09:50:59+00:00,2021-10-11T09:09:42.035000+00:00,2021-10-29T10:01:00+00:00,Sri Ramswarup Prasad,"EE, Water Supply Division, PMC, Patna","Water Supply Division, Patna Municipal Corporation, Patna","Patna Water Board, Road No 02, Miller High School, Beer Chand Patel Path, Patna",Sri Ramswarup Prasad,"EE, Water Supply Division, PMC, Patna","Water Supply Division, Patna Municipal Corporation, Patna",193500.0,10000.0,3540.0
14281,18/E/WSD/2021/PMC/10,"Laying water supply pipe line in Rajeev Nagar Road No. 01, 02, 04, 05, Janta Colony, Royal Garden and Moti Raj Bhawan and house to house connection at Ward No. 06.","Laying water supply pipe line in Rajeev Nagar Road No. 01, 02, 04, 05, Janta Colony, Royal Garden and Moti Raj Bhawan and house to house connection at Ward No. 06.",8869951.0,INR,INR,2021-10-16 08:17:59+00:00,2021-10-11T11:51:00.532000+00:00,2021-10-29T10:01:00+00:00,Sri Ramswarup Prasad,"EE, Water Supply Division, PMC, Patna","Water Supply Division, Patna Municipal Corporation, Patna","Patna Water Board, Road No 02, Miller High School, Beer Chand Patel Path, Patna",Sri Ramswarup Prasad,"EE, Water Supply Division, PMC, Patna","Water Supply Division, Patna Municipal Corporation, Patna",178000.0,10000.0,3540.0
14272,41/PR/BSPTCL/2021,"Design, manufacture, assembly, testing, supply & delivery of 20 nos. of Leakage current analyser for Surge arrester (LA)","Design, manufacture, assembly, testing, supply & delivery of 20 nos. of Leakage current analyser for Surge arrester (LA)",16166853.61,INR,INR,2021-10-11 10:09:06+00:00,2021-10-11T09:39:59.871000+00:00,2022-07-22T10:33:59+00:00,MADHU PRIYA,ELECTRICAL EXECUTIVE ENGINEER,BSPTCL,VIDYUT BHAWAN PATNA,AMAR KUMAR MISHRA,ESE,BSPTCL,323338.0,11800.0,3540.0
14286,MCD-NIT-12/2021-22-GR-05,Contruction of paver block road and hume pipe from house of Ram Prasad to Girja Rai via Ram babu to Ashok Rai via Bakee Rai to Munna Rai via Bhagwat Rai to land of Azad Rai in Ward no-01 Danapur Nagar Parishad.,Contruction of paver block road and hume pipe from house of Ram Prasad to Girja Rai via Ram babu to Ashok Rai via Bakee Rai to Munna Rai via Bhagwat Rai to land of Azad Rai in Ward no-01 Danapur Nagar Parishad.,1415622.0,INR,INR,2021-10-12 05:29:50+00:00,2021-10-12T05:25:58.614000+00:00,2021-12-01T08:04:51+00:00,"EXECUTIVE OFFICER, DANAPUR NIZAMAT",EO,NAGAR PARISHAD DANAPUR NIZAMAT,NAGAR PARISHAD DANAPUR NIZAMAT WARD NO.-35,"EXECUTIVE OFFICER, DANAPUR NIZAMAT",EO,NAGAR PARISHAD DANAPUR NIZAMAT,28500.0,2500.0,590.0
14279,18/E/WSD/2021/PMC/09,"Laying HDPE pipe line in Rajeev Nagar Road No. 06, 06-B to Jai Prakash Nagar Main Road, Rajeev Nagar Nala to Adrash Mandir and house to house connection at Ward No. 06.","Laying HDPE pipe line in Rajeev Nagar Road No. 06, 06-B to Jai Prakash Nagar Main Road, Rajeev Nagar Nala to Adrash Mandir and house to house connection at Ward No. 06.",9395137.0,INR,INR,2021-10-11 11:45:22+00:00,2021-10-11T11:32:48.170000+00:00,2022-01-06T09:02:58+00:00,Sri Ramswarup Prasad,"EE, Water Supply Division, PMC, Patna","Water Supply Division, Patna Municipal Corporation, Patna","Patna Water Board, Road No 02, Miller High School, Beer Chand Patel Path, Patna",Sri Ramswarup Prasad,"EE, Water Supply Division, PMC, Patna","Water Supply Division, Patna Municipal Corporation, Patna",188000.0,10000.0,3540.0
14282,15/BCD/SBD/DBG/2021-22,"PROVISION OF NEW FENCING WORK ALONG RUNWAY,  RENNOAVATION/ EXTENSION OF OLD EXISTING  FENCING WORK  ALONG RUNWAY AND PROVISION OF VIEW CUTTER WORK ALONG NH-57  OF DARBHANGA AIRPORT, DARBHANGA FOR THE YEAR 2021-22.","PROVISION OF NEW FENCING WORK ALONG RUNWAY,  RENNOAVATION/ EXTENSION OF OLD EXISTING  FENCING WORK  ALONG RUNWAY AND PROVISION OF VIEW CUTTER WORK ALONG NH-57  OF DARBHANGA AIRPORT, DARBHANGA FOR THE YEAR 2021-22.",21492898.0,INR,INR,2021-10-11 14:28:21+00:00,2021-10-11T13:38:35.855000+00:00,2021-11-01T09:31:00+00:00,"Executive Engineer, BUILDING DIVISION DARBHANGA",EE,Building division Darbhanga,"Executive Engineer, BUILDING DIVISION DARBHANGA, BCD","Superintending Engineer, BUILDING CIRCLE DARBHANGA",SE,Building Circle Darbhanga,430000.0,10000.0,3540.0
14284,MCD-NIT-12/2021-22-GR-03,Contruction of paver block road and hume pipe from house of Jogari saw to sunil rai via Arvind Kumar to Saroj Rai via Late Mangal Rai via Brij Nandan Rai  in Ward no-01 Danapur Nagar Parishad.,Contruction of paver block road and hume pipe from house of Jogari saw to sunil rai via Arvind Kumar to Saroj Rai via Late Mangal Rai via Brij Nandan Rai  in Ward no-01 Danapur Nagar Parishad.,604509.0,INR,INR,2021-10-12 05:21:52+00:00,2021-10-12T05:18:32.606000+00:00,2021-12-01T07:23:25+00:00,"EXECUTIVE OFFICER, DANAPUR NIZAMAT",EO,NAGAR PARISHAD DANAPUR NIZAMAT,NAGAR PARISHAD DANAPUR NIZAMAT WARD NO.-35,"EXECUTIVE OFFICER, DANAPUR NIZAMAT",EO,NAGAR PARISHAD DANAPUR NIZAMAT,12100.0,1250.0,590.0
14285,MCD-NIT-12/2021-22-GR-04,Contruction of paver block road and hume pipe from house of Lallan Paswan to Ganpat Pandit via Dinesh Rai to Ajit Rai in Ward no-01 Danapur Nagar Parishad.,Contruction of paver block road and hume pipe from house of Lallan Paswan to Ganpat Pandit via Dinesh Rai to Ajit Rai in Ward no-01 Danapur Nagar Parishad.,711305.0,INR,INR,2021-10-12 05:25:35+00:00,2021-10-12T05:22:16.839000+00:00,2021-12-01T07:42:08+00:00,"EXECUTIVE OFFICER, DANAPUR NIZAMAT",EO,NAGAR PARISHAD DANAPUR NIZAMAT,NAGAR PARISHAD DANAPUR NIZAMAT WARD NO.-35,"EXECUTIVE OFFICER, DANAPUR NIZAMAT",EO,NAGAR PARISHAD DANAPUR NIZAMAT,14300.0,1250.0,590.0
14283,MCD-NIT-12/2021-22-GR-02,Contruction of paver block road and hume pipe from house of Ram Sevak Rai to Pramod Mahto via Supan Rai to Shiv Kumar Mahto via Nepali Mahto to Chandravaan via Dileep Sonar to Badri Rai in Ward no-01 Danapur Nagar Parishad.,Contruction of paver block road and hume pipe from house of Ram Sevak Rai to Pramod Mahto via Supan Rai to Shiv Kumar Mahto via Nepali Mahto to Chandravaan via Dileep Sonar to Badri Rai in Ward no-01 Danapur Nagar Parishad.,648937.0,INR,INR,2021-10-12 05:17:53+00:00,2021-10-12T05:13:44.497000+00:00,2021-12-01T07:04:46+00:00,"EXECUTIVE OFFICER, DANAPUR NIZAMAT",EO,NAGAR PARISHAD DANAPUR NIZAMAT,NAGAR PARISHAD DANAPUR NIZAMAT WARD NO.-35,"EXECUTIVE OFFICER, DANAPUR NIZAMAT",EO,NAGAR PARISHAD DANAPUR NIZAMAT,13200.0,1250.0,590.0
14287,MCD-NIT-12/2021-22-GR-06,Contruction of Paver block Road and hume pipe from house of Vyas Rai to Fulender Rai via Amarnath Rai to Bachhu Rai via Vijay Rai to Nawaab Rai via Vimal Rai to Sheesha Mistri  in Ward no-01 Danapur Nagar Parishad.,Contruction of Paver block Road and hume pipe from house of Vyas Rai to Fulender Rai via Amarnath Rai to Bachhu Rai via Vijay Rai to Nawaab Rai via Vimal Rai to Sheesha Mistri  in Ward no-01 Danapur Nagar Parishad.,808924.0,INR,INR,2021-10-12 05:34:18+00:00,2021-10-12T05:30:51.900000+00:00,2021-12-01T08:15:27+00:00,"EXECUTIVE OFFICER, DANAPUR NIZAMAT",EO,NAGAR PARISHAD DANAPUR NIZAMAT,NAGAR PARISHAD DANAPUR NIZAMAT WARD NO.-35,"EXECUTIVE OFFICER, DANAPUR NIZAMAT",EO,NAGAR PARISHAD DANAPUR NIZAMAT,16400.0,1250.0,590.0
14243,NIT No. 37/CME/PMC/2021,"RFP for Selection of Agency for Design, Build, Operate and maintain of Leachate Treatment Plant of capacity 50KLD at Ramachak Bariya under Patna Municipal Corporation.","RFP for Selection of Agency for Design, Build, Operate and maintain of Leachate Treatment Plant of capacity 50KLD at Ramachak Bariya under Patna Municipal Corporation.",0.0,INR,INR,2021-10-09 10:35:39+00:00,2021-10-09T09:51:47.266000+00:00,2021-11-08T09:35:32+00:00,CHIEF MUNICIPAL ENGINEER,CME,"Head Quarter, Patna Municipal Corporation, Patna","Block-C,4th Floor,Mauryalok,Patna",CHIEF MUNICIPAL ENGINEER,CME,"Head Quarter, Patna Municipal Corporation, Patna",100000.0,10000.0,590.0
14291,NIT-07/E/AZIMABAD/2021-22_GR15,"Improvement of Ghat with Temporary Barricading with Sal Ballah, Chali ,Local sand ,Jhalasi etc. on the occasion of Chhath festival at Ghasiyari Ghat  including maintenance upto ending of Chhat festival  during Year 2021.","Improvement of Ghat with Temporary Barricading with Sal Ballah, Chali ,Local sand ,Jhalasi etc. on the occasion of Chhath festival at Ghasiyari Ghat  including maintenance upto ending of Chhat festival  during Year 2021.",579838.0,INR,INR,2021-10-12 09:07:38+00:00,2021-10-12T08:59:55.527000+00:00,2021-10-23T19:39:54+00:00,"Vikash Kumar, EXECUTIVE ENGINEER, PMC",EE,"AZIMABAD DIVISION, PATNA MUNICIPAL CORPORATION","AZIMABAD DIVISION, MEENA BAZAR, SHERSHAH PATH, PATNA-07","Vikash Kumar, EXECUTIVE ENGINEER",EXECUTIVE ENGINEER,"AZIMABAD DIVISION, PATNA MUNICIPAL CORPORATION",11600.0,1250.0,590.0
14275,18/E/WSD/2021/PMC/06,"Laying HDPE water supply pipe line in Nehora Path, Heera Singh Road No. 25-F to Adarsh Bidhaya Mandir and Rajeev Nagar Road No. 06 and house to house connection at Ward No. 06.","Laying HDPE water supply pipe line in Nehora Path, Heera Singh Road No. 25-F to Adarsh Bidhaya Mandir and Rajeev Nagar Road No. 06 and house to house connection at Ward No. 06.",9630889.0,INR,INR,2021-10-11 10:35:33+00:00,2021-10-11T10:16:52.563000+00:00,2022-01-13T11:25:38+00:00,Sri Ramswarup Prasad,"EE, Water Supply Division, PMC, Patna","Water Supply Division, Patna Municipal Corporation, Patna","Patna Water Board, Road No 02, Miller High School, Beer Chand Patel Path, Patna",Sri Ramswarup Prasad,"EE, Water Supply Division, PMC, Patna","Water Supply Division, Patna Municipal Corporation, Patna",193000.0,10000.0,3540.0
14289,31/PR/BSPTCL/2021,"Supply, Erection, Testing & Commissioning of 34 nos. of 40KVA Diesel Generator sets and construction of foundation and sheds for DG sets with connection in the existing ACDB of respective GSS as per Tender specification.","Supply, Erection, Testing & Commissioning of 34 nos. of 40KVA Diesel Generator sets and construction of foundation and sheds for DG sets with connection in the existing ACDB of respective GSS as per Tender specification.",57737820.48,INR,INR,2021-10-12 09:19:16+00:00,2021-10-12T08:38:53.824000+00:00,2022-07-21T06:25:36+00:00,MADHU PRIYA,ELECTRICAL EXECUTIVE ENGINEER,BSPTCL,VIDYUT BHAWAN PATNA,AMAR KUMAR MISHRA,ESE,BSPTCL,1154757.0,11800.0,5900.0
14292,NIT-07/E/AZIMABAD/2021-22_GR16,"Improvement of Ghat with Temporary Barricading with Sal Ballah, Chali ,Local sand ,Jhalasi etc. on the occasion of Chhath festival & Kartik Purnima at Gai Ghat  including maintenance upto ending of Chhat festival/Kartik Purnima during Year 2021.","Improvement of Ghat with Temporary Barricading with Sal Ballah, Chali ,Local sand ,Jhalasi etc. on the occasion of Chhath festival & Kartik Purnima at Gai Ghat  including maintenance upto ending of Chhat festival/Kartik Purnima during Year 2021.",1221941.0,INR,INR,2021-10-12 09:17:18+00:00,2021-10-12T09:07:56.716000+00:00,2021-10-23T19:04:05+00:00,"Vikash Kumar, EXECUTIVE ENGINEER, PMC",EE,"AZIMABAD DIVISION, PATNA MUNICIPAL CORPORATION","AZIMABAD DIVISION, MEENA BAZAR, SHERSHAH PATH, PATNA-07","Vikash Kumar, EXECUTIVE ENGINEER",EXECUTIVE ENGINEER,"AZIMABAD DIVISION, PATNA MUNICIPAL CORPORATION",24500.0,2500.0,590.0
14290,NIT-07/E/AZIMABAD/2021-22_GR14,"Improvement of Ghat with Temporary Barricading with Sal Ballah, Chali ,Local sand ,Jhalasi etc. on the occasion of Chhath festival at Narkat Ghat including maintenance upto ending of Chhat festival during Year 2021.","Improvement of Ghat with Temporary Barricading with Sal Ballah, Chali ,Local sand ,Jhalasi etc. on the occasion of Chhath festival at Narkat Ghat including maintenance upto ending of Chhat festival during Year 2021.",360252.0,INR,INR,2021-10-12 08:59:38+00:00,2021-10-12T08:41:36.433000+00:00,2021-10-23T19:23:37+00:00,"Vikash Kumar, EXECUTIVE ENGINEER, PMC",EE,"AZIMABAD DIVISION, PATNA MUNICIPAL CORPORATION","AZIMABAD DIVISION, MEENA BAZAR, SHERSHAH PATH, PATNA-07","Vikash Kumar, EXECUTIVE ENGINEER",EXECUTIVE ENGINEER,"AZIMABAD DIVISION, PATNA MUNICIPAL CORPORATION",2500.0,750.0,590.0
14293,NIT-07/E/AZIMABAD/2021-22_GR17,"Improvement of Ghat with Temporary Barricading with Sal Ballah, Chali ,Local sand ,Jhalasi etc. on the occasion of Chhath festival at Keshav Rai Ghat  including maintenance upto ending of Chhat festival  during Year 2021.","Improvement of Ghat with Temporary Barricading with Sal Ballah, Chali ,Local sand ,Jhalasi etc. on the occasion of Chhath festival at Keshav Rai Ghat  including maintenance upto ending of Chhat festival  during Year 2021.",590660.0,INR,INR,2021-10-12 09:25:31+00:00,2021-10-12T09:20:25.317000+00:00,2021-10-20T09:31:00+00:00,"Vikash Kumar, EXECUTIVE ENGINEER, PMC",EE,"AZIMABAD DIVISION, PATNA MUNICIPAL CORPORATION","AZIMABAD DIVISION, MEENA BAZAR, SHERSHAH PATH, PATNA-07","Vikash Kumar, EXECUTIVE ENGINEER",EXECUTIVE ENGINEER,"AZIMABAD DIVISION, PATNA MUNICIPAL CORPORATION",11900.0,1250.0,590.0
14288,09/2021-22,"?????? ??? ?????? ??????????????? ??? 28 ?????? ?? ????? ??,  ????? ?? ??? ???? ????/??????/??? ??? ???? ??????? ?? ???-????, ???????? ????? ?????????? ?? ????? ?? ??? ????, ????? ????/????????/????? ?? ???? ???? ??? ?? ????? ???? ????? ??? ??? ??????? ?? ???????, ????? ?? ??? ???? ???????, ????????, ?????????? ??? ?????? ??????","?????? ??? ?????? ??????????????? ??? 28 ?????? ?? ????? ??,  ????? ?? ??? ???? ????/??????/??? ??? ???? ??????? ?? ???-????, ???????? ????? ?????????? ?? ????? ?? ??? ????, ????? ????/????????/????? ?? ???? ???? ??? ?? ????? ???? ????? ??? ??? ??????? ?? ???????, ????? ?? ??? ???? ???????, ????????, ?????????? ??? ?????? ??????",0.0,INR,INR,2021-10-12 08:18:05+00:00,2021-10-12T07:51:11.427000+00:00,2022-04-05T05:41:30+00:00,"EXECUTIVE OFFICER, MOKAMA",EO,MOKAMA NAGAR PARISHAD,NAGAR PARISHAD MOKAMA,"EXECUTIVE OFFICER, MOKAMA",EO,MOKAMA NAGAR PARISHAD,100000.0,10000.0,590.0
14296,NIT-07/E/AZIMABAD/2021-22_GR19,"Improvement of Ghat with Temporary Barricading with Sal Ballah, Chali ,Local sand ,Jhalasi etc. on the occasion of Chhath festival at Loharwa Ghat  including maintenance upto ending of Chhat festival during Year 2021.","Improvement of Ghat with Temporary Barricading with Sal Ballah, Chali ,Local sand ,Jhalasi etc. on the occasion of Chhath festival at Loharwa Ghat  including maintenance upto ending of Chhat festival during Year 2021.",398994.0,INR,INR,2021-10-12 10:23:00+00:00,2021-10-12T10:15:11.550000+00:00,2021-10-20T09:31:00+00:00,"Vikash Kumar, EXECUTIVE ENGINEER, PMC",EE,"AZIMABAD DIVISION, PATNA MUNICIPAL CORPORATION","AZIMABAD DIVISION, MEENA BAZAR, SHERSHAH PATH, PATNA-07","Vikash Kumar, EXECUTIVE ENGINEER",EXECUTIVE ENGINEER,"AZIMABAD DIVISION, PATNA MUNICIPAL CORPORATION",8000.0,750.0,590.0
14297,NIT-07/E/AZIMABAD/2021-22_GR20,"Improvement of Ghat with Temporary Barricading with Sal Ballah, Chali ,Local sand ,Jhalasi etc. on the occasion of Chhath festival at Math Kedarnath Ghat  including maintenance upto ending of Chhat festival during Year 2021.","Improvement of Ghat with Temporary Barricading with Sal Ballah, Chali ,Local sand ,Jhalasi etc. on the occasion of Chhath festival at Math Kedarnath Ghat  including maintenance upto ending of Chhat festival during Year 2021.",415654.0,INR,INR,2021-10-12 10:32:47+00:00,2021-10-12T10:23:31.040000+00:00,2021-10-23T19:45:49+00:00,"Vikash Kumar, EXECUTIVE ENGINEER, PMC",EE,"AZIMABAD DIVISION, PATNA MUNICIPAL CORPORATION","AZIMABAD DIVISION, MEENA BAZAR, SHERSHAH PATH, PATNA-07","Vikash Kumar, EXECUTIVE ENGINEER",EXECUTIVE ENGINEER,"AZIMABAD DIVISION, PATNA MUNICIPAL CORPORATION",8400.0,750.0,590.0
14295,"NIT No - 09/E/Bankipur/2021, Group No - 01","Improvement of Ghat with Temporary Barricading with  Sal Ballah, Chali  ,Local sand  etc. on the occasion of Chhath festival and Kartik Purnima during 2021 at Kali  Ghat in Ward No-41.","Improvement of Ghat with Temporary Barricading with  Sal Ballah, Chali  ,Local sand  etc. on the occasion of Chhath festival and Kartik Purnima during 2021 at Kali  Ghat in Ward No-41.",1044943.0,INR,INR,2021-10-12 10:29:51+00:00,2021-10-12T09:58:01.401000+00:00,2022-02-17T06:45:15+00:00,"Aashish Prasad, Executive Engineer",EE,"BANKIPUR DIVISION, Patna Municipal Corporation, Patna","Ambedkar Bhawan, Vaishali Golumbar,Rajendra Nagar,Patna","Aashish Prasad, Executive Engineer",EE,"Bankipur Division,Patna Municipal Corporation,Patna",20900.0,2500.0,590.0
14301,NIT-07/E/AZIMABAD/2021-22_GR23,"Improvement of Ghat with Temporary Barricading with Sal Ballah, Chali ,Local sand ,Jhalasi etc. on the occasion of Chhath festival at Raja Ghat  including maintenance upto ending of Chhat festival during Year 2021.","Improvement of Ghat with Temporary Barricading with Sal Ballah, Chali ,Local sand ,Jhalasi etc. on the occasion of Chhath festival at Raja Ghat  including maintenance upto ending of Chhat festival during Year 2021.",379215.0,INR,INR,2021-10-12 10:47:50+00:00,2021-10-12T10:43:29.573000+00:00,2021-10-20T09:31:00+00:00,"Vikash Kumar, EXECUTIVE ENGINEER, PMC",EE,"AZIMABAD DIVISION, PATNA MUNICIPAL CORPORATION","AZIMABAD DIVISION, MEENA BAZAR, SHERSHAH PATH, PATNA-07","Vikash Kumar, EXECUTIVE ENGINEER",EXECUTIVE ENGINEER,"AZIMABAD DIVISION, PATNA MUNICIPAL CORPORATION",7600.0,750.0,590.0
14294,NIT-07/E/AZIMABAD/2021-22_GR18,"Improvement of Ghat with Temporary Barricading with Sal Ballah, Chali ,Local sand ,Jhalasi etc. on the occasion of Chhath festival & Kartik Purnima at Bhadra Ghat  including maintenance upto ending of Chhat festival/Kartik Purnima during Year 2021.","Improvement of Ghat with Temporary Barricading with Sal Ballah, Chali ,Local sand ,Jhalasi etc. on the occasion of Chhath festival & Kartik Purnima at Bhadra Ghat  including maintenance upto ending of Chhat festival/Kartik Purnima during Year 2021.",1305786.0,INR,INR,2021-10-12 09:39:03+00:00,2021-10-12T09:26:01.898000+00:00,2024-03-05T12:13:00+00:00,"Vikash Kumar, EXECUTIVE ENGINEER, PMC",EE,"AZIMABAD DIVISION, PATNA MUNICIPAL CORPORATION","AZIMABAD DIVISION, MEENA BAZAR, SHERSHAH PATH, PATNA-07","Vikash Kumar, EXECUTIVE ENGINEER",EXECUTIVE ENGINEER,"AZIMABAD DIVISION, PATNA MUNICIPAL CORPORATION",26200.0,2500.0,590.0
14298,NIT-07/E/AZIMABAD/2021-22_GR21,"Improvement of Ghat with Temporary Barricading with Sal Ballah, Chali ,Local sand ,Jhalasi etc. on the occasion of Chhath festival & Kartik Purnima at Mahavir Ghat  including maintenance upto ending of Chhat festival/Kartik Purnima during Year 2021.","Improvement of Ghat with Temporary Barricading with Sal Ballah, Chali ,Local sand ,Jhalasi etc. on the occasion of Chhath festival & Kartik Purnima at Mahavir Ghat  including maintenance upto ending of Chhat festival/Kartik Purnima during Year 2021.",1283954.0,INR,INR,2021-10-12 10:38:40+00:00,2021-10-12T10:33:21.706000+00:00,2024-03-05T12:08:13+00:00,"Vikash Kumar, EXECUTIVE ENGINEER, PMC",EE,"AZIMABAD DIVISION, PATNA MUNICIPAL CORPORATION","AZIMABAD DIVISION, MEENA BAZAR, SHERSHAH PATH, PATNA-07","Vikash Kumar, EXECUTIVE ENGINEER",EXECUTIVE ENGINEER,"AZIMABAD DIVISION, PATNA MUNICIPAL CORPORATION",25700.0,2500.0,590.0
14304,"NIT No - 09/E/Bankipur/2021, Group No. 04","Improvement of Ghat with Temporary Barricading with  Sal Ballah, Chali  ,Local sand  etc. on the occasion of Chhath festival during 2021 at Krishna Ghat  Ghat in Ward No-41","Improvement of Ghat with Temporary Barricading with  Sal Ballah, Chali  ,Local sand  etc. on the occasion of Chhath festival during 2021 at Krishna Ghat  Ghat in Ward No-41",604320.0,INR,INR,2021-10-12 11:20:23+00:00,2021-10-12T11:06:48.056000+00:00,2022-02-17T11:22:17+00:00,"Aashish Prasad, Executive Engineer",EE,"BANKIPUR DIVISION, Patna Municipal Corporation, Patna","Ambedkar Bhawan, Vaishali Golumbar,Rajendra Nagar,Patna","Aashish Prasad, Executive Engineer",EE,"Bankipur Division,Patna Municipal Corporation,Patna",12100.0,1250.0,590.0
14302,NIT-07/E/AZIMABAD/2021-22_GR24,"Improvement of Ghat with Temporary Barricading with Sal Ballah, Chali ,Local sand ,Jhalasi etc. on the occasion of Chhath festival at Nauzar Ghat  including maintenance upto ending of Chhat festival during Year 2021.","Improvement of Ghat with Temporary Barricading with Sal Ballah, Chali ,Local sand ,Jhalasi etc. on the occasion of Chhath festival at Nauzar Ghat  including maintenance upto ending of Chhat festival during Year 2021.",720362.0,INR,INR,2021-10-12 10:55:03+00:00,2021-10-12T10:48:07.718000+00:00,2021-10-23T19:10:44+00:00,"Vikash Kumar, EXECUTIVE ENGINEER, PMC",EE,"AZIMABAD DIVISION, PATNA MUNICIPAL CORPORATION","AZIMABAD DIVISION, MEENA BAZAR, SHERSHAH PATH, PATNA-07","Vikash Kumar, EXECUTIVE ENGINEER",EXECUTIVE ENGINEER,"AZIMABAD DIVISION, PATNA MUNICIPAL CORPORATION",14500.0,1250.0,590.0
14305,NIT-07/E/AZIMABAD/2021-22_GR25,"Improvement of Ghat with Temporary Barricading with Sal Ballah, Chali ,Local sand ,Jhalasi etc. on the occasion of Chhath festival at Tedhi Ghat  including maintenance upto ending of Chhat festival during Year 2021.","Improvement of Ghat with Temporary Barricading with Sal Ballah, Chali ,Local sand ,Jhalasi etc. on the occasion of Chhath festival at Tedhi Ghat  including maintenance upto ending of Chhat festival during Year 2021.",580129.0,INR,INR,2021-10-12 11:48:00+00:00,2021-10-12T11:38:02.311000+00:00,2021-10-20T09:31:00+00:00,"Vikash Kumar, EXECUTIVE ENGINEER, PMC",EE,"AZIMABAD DIVISION, PATNA MUNICIPAL CORPORATION","AZIMABAD DIVISION, MEENA BAZAR, SHERSHAH PATH, PATNA-07","Vikash Kumar, EXECUTIVE ENGINEER",EXECUTIVE ENGINEER,"AZIMABAD DIVISION, PATNA MUNICIPAL CORPORATION",11700.0,1250.0,590.0
14300,NIT-07/E/AZIMABAD/2021-22_GR22,"Improvement of Ghat with Temporary Barricading with Sal Ballah, Chali ,Local sand ,Jhalasi etc. on the occasion of Chhath festival & Kartik Purnima at Mittan Ghat  including maintenance upto ending of Chhat festival/Kartik Purnima during Year 2021.","Improvement of Ghat with Temporary Barricading with Sal Ballah, Chali ,Local sand ,Jhalasi etc. on the occasion of Chhath festival & Kartik Purnima at Mittan Ghat  including maintenance upto ending of Chhat festival/Kartik Purnima during Year 2021.",1226531.0,INR,INR,2021-10-12 10:43:14+00:00,2021-10-12T10:39:06.923000+00:00,2022-11-12T17:29:34+00:00,"Vikash Kumar, EXECUTIVE ENGINEER, PMC",EE,"AZIMABAD DIVISION, PATNA MUNICIPAL CORPORATION","AZIMABAD DIVISION, MEENA BAZAR, SHERSHAH PATH, PATNA-07","Vikash Kumar, EXECUTIVE ENGINEER",EXECUTIVE ENGINEER,"AZIMABAD DIVISION, PATNA MUNICIPAL CORPORATION",24600.0,2500.0,590.0
14303,"NIT No - 09/E/Bankipur/2021, Group No. 03","Improvement of Ghat with Temporary Barricading with  Sal Ballah, Chali  ,Local sand ,etc. on the occasion of Chhath festival during 2021 at Patna College  Ghat in Ward N0-41","Improvement of Ghat with Temporary Barricading with  Sal Ballah, Chali  ,Local sand ,etc. on the occasion of Chhath festival during 2021 at Patna College  Ghat in Ward N0-41",339425.0,INR,INR,2021-10-12 11:04:11+00:00,2021-10-12T10:49:58.527000+00:00,2022-02-17T10:35:54+00:00,"Aashish Prasad, Executive Engineer",EE,"BANKIPUR DIVISION, Patna Municipal Corporation, Patna","Ambedkar Bhawan, Vaishali Golumbar,Rajendra Nagar,Patna","Aashish Prasad, Executive Engineer",EE,"Bankipur Division,Patna Municipal Corporation,Patna",6800.0,750.0,590.0
14308,NIT-07/E/AZIMABAD/2021-22_GR27,"Improvement of Ghat with Temporary Barricading with Sal Ballah, Chali ,Local sand ,Jhalasi etc. on the occasion of Chhath festival at Kantahi Ghat  including maintenance upto ending of Chhat festival during Year 2021.","Improvement of Ghat with Temporary Barricading with Sal Ballah, Chali ,Local sand ,Jhalasi etc. on the occasion of Chhath festival at Kantahi Ghat  including maintenance upto ending of Chhat festival during Year 2021.",617221.0,INR,INR,2021-10-12 11:58:01+00:00,2021-10-12T11:52:50.741000+00:00,2023-02-07T09:04:52+00:00,"Vikash Kumar, EXECUTIVE ENGINEER, PMC",EE,"AZIMABAD DIVISION, PATNA MUNICIPAL CORPORATION","AZIMABAD DIVISION, MEENA BAZAR, SHERSHAH PATH, PATNA-07","Vikash Kumar, EXECUTIVE ENGINEER",EXECUTIVE ENGINEER,"AZIMABAD DIVISION, PATNA MUNICIPAL CORPORATION",12400.0,1250.0,590.0
14311,NIT-07/E/AZIMABAD/2021-22_GR30,"Improvement of Ghat with Temporary Barricading with Sal Ballah, Chali ,Local sand ,Jhalasi etc. on the occasion of Chhath festival at Mahraj Ghat  including maintenance upto ending of Chhat festival during Year 2021.","Improvement of Ghat with Temporary Barricading with Sal Ballah, Chali ,Local sand ,Jhalasi etc. on the occasion of Chhath festival at Mahraj Ghat  including maintenance upto ending of Chhat festival during Year 2021.",694204.0,INR,INR,2021-10-12 12:10:43+00:00,2021-10-12T12:07:37.944000+00:00,2021-10-20T09:31:00+00:00,"Vikash Kumar, EXECUTIVE ENGINEER, PMC",EE,"AZIMABAD DIVISION, PATNA MUNICIPAL CORPORATION","AZIMABAD DIVISION, MEENA BAZAR, SHERSHAH PATH, PATNA-07","Vikash Kumar, EXECUTIVE ENGINEER",EXECUTIVE ENGINEER,"AZIMABAD DIVISION, PATNA MUNICIPAL CORPORATION",13900.0,1250.0,590.0
14299,"NIT No - 09/E/Bankipur/2021, Group No-02","Improvement of Ghat with Temporary Barricading with  Sal Ballah, Chali, Local sand  etc. on the occasion of Chhath festival during 2021 at Kadam Ghat in Ward No-41","Improvement of Ghat with Temporary Barricading with  Sal Ballah, Chali, Local sand  etc. on the occasion of Chhath festival during 2021 at Kadam Ghat in Ward No-41",321245.0,INR,INR,2021-10-12 10:46:47+00:00,2021-10-12T10:33:51.634000+00:00,2022-02-17T10:15:12+00:00,"Aashish Prasad, Executive Engineer",EE,"BANKIPUR DIVISION, Patna Municipal Corporation, Patna","Ambedkar Bhawan, Vaishali Golumbar,Rajendra Nagar,Patna","Aashish Prasad, Executive Engineer",EE,"Bankipur Division,Patna Municipal Corporation,Patna",6500.0,750.0,590.0
14306,"NIT No - 09/E/Bankipur/2021, Group No-05",Site clearance and lighting arrangement at Mishri Ghat  on the occasion of Chhath festival  during 2021  in Ward No-41.,Site clearance and lighting arrangement at Mishri Ghat  on the occasion of Chhath festival  during 2021  in Ward No-41.,111463.0,INR,INR,2021-10-12 11:58:40+00:00,2021-10-12T11:44:35.542000+00:00,2021-10-22T09:31:00+00:00,"Aashish Prasad, Executive Engineer",EE,"BANKIPUR DIVISION, Patna Municipal Corporation, Patna","Ambedkar Bhawan, Vaishali Golumbar,Rajendra Nagar,Patna","Aashish Prasad, Executive Engineer",EE,"Bankipur Division,Patna Municipal Corporation,Patna",2300.0,500.0,590.0
14310,NIT-07/E/AZIMABAD/2021-22_GR29,"Improvement of Ghat with Temporary Barricading with Sal Ballah, Chali ,Local sand ,Jhalasi etc. on the occasion of Chhath festival at Koyla Ghat  including maintenance upto ending of Chhat festival during Year 2021.","Improvement of Ghat with Temporary Barricading with Sal Ballah, Chali ,Local sand ,Jhalasi etc. on the occasion of Chhath festival at Koyla Ghat  including maintenance upto ending of Chhat festival during Year 2021.",613057.0,INR,INR,2021-10-12 12:07:22+00:00,2021-10-12T12:02:51.860000+00:00,2021-10-23T19:57:52+00:00,"Vikash Kumar, EXECUTIVE ENGINEER, PMC",EE,"AZIMABAD DIVISION, PATNA MUNICIPAL CORPORATION","AZIMABAD DIVISION, MEENA BAZAR, SHERSHAH PATH, PATNA-07","Vikash Kumar, EXECUTIVE ENGINEER",EXECUTIVE ENGINEER,"AZIMABAD DIVISION, PATNA MUNICIPAL CORPORATION",12300.0,1250.0,590.0
14307,NIT-07/E/AZIMABAD/2021-22_GR26,"Improvement of Ghat with Temporary Barricading with Sal Ballah, Chali ,Local sand ,Jhalasi etc. on the occasion of Chhath festival at Gosai Ghat  including maintenance upto ending of Chhat festival during Year 2021.","Improvement of Ghat with Temporary Barricading with Sal Ballah, Chali ,Local sand ,Jhalasi etc. on the occasion of Chhath festival at Gosai Ghat  including maintenance upto ending of Chhat festival during Year 2021.",341656.0,INR,INR,2021-10-12 11:52:33+00:00,2021-10-12T11:48:21.217000+00:00,2021-10-23T20:23:32+00:00,"Vikash Kumar, EXECUTIVE ENGINEER, PMC",EE,"AZIMABAD DIVISION, PATNA MUNICIPAL CORPORATION","AZIMABAD DIVISION, MEENA BAZAR, SHERSHAH PATH, PATNA-07","Vikash Kumar, EXECUTIVE ENGINEER",EXECUTIVE ENGINEER,"AZIMABAD DIVISION, PATNA MUNICIPAL CORPORATION",6900.0,750.0,590.0
14313,NIT-07/E/AZIMABAD/2021-22_GR32,"Improvement of Ghat with Temporary Barricading with Sal Ballah, Chali ,Local sand ,Jhalasi etc. on the occasion of Chhath festival at Sita Ghat  including maintenance upto ending of Chhat festival during Year 2021.","Improvement of Ghat with Temporary Barricading with Sal Ballah, Chali ,Local sand ,Jhalasi etc. on the occasion of Chhath festival at Sita Ghat  including maintenance upto ending of Chhat festival during Year 2021.",1180695.0,INR,INR,2021-10-12 12:17:28+00:00,2021-10-12T12:14:19.492000+00:00,2022-11-12T17:40:37+00:00,"Vikash Kumar, EXECUTIVE ENGINEER, PMC",EE,"AZIMABAD DIVISION, PATNA MUNICIPAL CORPORATION","AZIMABAD DIVISION, MEENA BAZAR, SHERSHAH PATH, PATNA-07","Vikash Kumar, EXECUTIVE ENGINEER",EXECUTIVE ENGINEER,"AZIMABAD DIVISION, PATNA MUNICIPAL CORPORATION",23700.0,2500.0,590.0
14317,NIT-07/E/AZIMABAD/2021-22_GR36,"Improvement of Ghat with Temporary Barricading with Sal Ballah, Chali ,Local sand ,Jhalasi etc. on the occasion of Chhath festival at Colony Ghat  including maintenance upto ending of Chhat festival during Year 2021.","Improvement of Ghat with Temporary Barricading with Sal Ballah, Chali ,Local sand ,Jhalasi etc. on the occasion of Chhath festival at Colony Ghat  including maintenance upto ending of Chhat festival during Year 2021.",1275395.0,INR,INR,2021-10-12 12:34:50+00:00,2021-10-12T12:31:34.357000+00:00,2021-10-23T21:12:18+00:00,"Vikash Kumar, EXECUTIVE ENGINEER, PMC",EE,"AZIMABAD DIVISION, PATNA MUNICIPAL CORPORATION","AZIMABAD DIVISION, MEENA BAZAR, SHERSHAH PATH, PATNA-07","Vikash Kumar, EXECUTIVE ENGINEER",EXECUTIVE ENGINEER,"AZIMABAD DIVISION, PATNA MUNICIPAL CORPORATION",25600.0,2500.0,590.0
14314,NIT-07/E/AZIMABAD/2021-22_GR33,"Improvement of Ghat with Temporary Barricading with Sal Ballah, Chali ,Local sand ,Jhalasi etc. on the occasion of Chhath festival at Alamganj Ghat  including maintenance upto ending of Chhat festival during Year 2021.","Improvement of Ghat with Temporary Barricading with Sal Ballah, Chali ,Local sand ,Jhalasi etc. on the occasion of Chhath festival at Alamganj Ghat  including maintenance upto ending of Chhat festival during Year 2021.",199878.0,INR,INR,2021-10-12 12:21:32+00:00,2021-10-12T12:17:44.290000+00:00,2021-10-23T20:43:14+00:00,"Vikash Kumar, EXECUTIVE ENGINEER, PMC",EE,"AZIMABAD DIVISION, PATNA MUNICIPAL CORPORATION","AZIMABAD DIVISION, MEENA BAZAR, SHERSHAH PATH, PATNA-07","Vikash Kumar, EXECUTIVE ENGINEER",EXECUTIVE ENGINEER,"AZIMABAD DIVISION, PATNA MUNICIPAL CORPORATION",4000.0,500.0,590.0
14318,NIT-07/E/AZIMABAD/2021-22_GR37,"Improvement of Ghat with Temporary Barricading with Sal Ballah, Chali ,Local sand ,Jhalasi etc. on the occasion of Chhath festival & Kartik Purnima at Duli Ghat  including maintenance upto ending of Chhat festival/Kartik Purnima during Year 2021.","Improvement of Ghat with Temporary Barricading with Sal Ballah, Chali ,Local sand ,Jhalasi etc. on the occasion of Chhath festival & Kartik Purnima at Duli Ghat  including maintenance upto ending of Chhat festival/Kartik Purnima during Year 2021.",1032041.0,INR,INR,2021-10-12 12:39:23+00:00,2021-10-12T12:35:07.122000+00:00,2022-11-12T18:01:08+00:00,"Vikash Kumar, EXECUTIVE ENGINEER, PMC",EE,"AZIMABAD DIVISION, PATNA MUNICIPAL CORPORATION","AZIMABAD DIVISION, MEENA BAZAR, SHERSHAH PATH, PATNA-07","Vikash Kumar, EXECUTIVE ENGINEER",EXECUTIVE ENGINEER,"AZIMABAD DIVISION, PATNA MUNICIPAL CORPORATION",20700.0,2500.0,590.0
14316,NIT-07/E/AZIMABAD/2021-22_GR35,"Improvement of Ghat with Temporary Barricading with Sal Ballah, Chali ,Local sand ,Jhalasi etc. on the occasion of Chhath festival & Kartik Purnima at Sirhi Ghat  including maintenance upto ending of Chhat festival/Kartik Purnima during Year 2021.","Improvement of Ghat with Temporary Barricading with Sal Ballah, Chali ,Local sand ,Jhalasi etc. on the occasion of Chhath festival & Kartik Purnima at Sirhi Ghat  including maintenance upto ending of Chhat festival/Kartik Purnima during Year 2021.",1559831.0,INR,INR,2021-10-12 12:31:14+00:00,2021-10-12T12:26:48.070000+00:00,2022-11-12T17:50:29+00:00,"Vikash Kumar, EXECUTIVE ENGINEER, PMC",EE,"AZIMABAD DIVISION, PATNA MUNICIPAL CORPORATION","AZIMABAD DIVISION, MEENA BAZAR, SHERSHAH PATH, PATNA-07","Vikash Kumar, EXECUTIVE ENGINEER",EXECUTIVE ENGINEER,"AZIMABAD DIVISION, PATNA MUNICIPAL CORPORATION",31200.0,5000.0,590.0
14320,05/BCD/SHEOHAR/2021-22,"Campus Development Work (Construction of Boundary Wall and Approach Road) in Residential and Non-residential Campus Purnahiya, Block, Sheohar.","Campus Development Work (Construction of Boundary Wall and Approach Road) in Residential and Non-residential Campus Purnahiya, Block, Sheohar.",13673620.0,INR,INR,2021-10-12 15:02:10+00:00,2021-10-12T14:46:10.523000+00:00,2021-11-12T06:40:06+00:00,"Executive Engineer, Buiding Division SHEOHAR",EE,Executive Engineer SHEOHAR,"Executive Engineer, Buiding Division SHEOHAR","Superintending Engineer, BUILDING CIRCLE MOTIHARI",SE,"Superintending Engineer, Building Circle  Motihari",273500.0,10000.0,3540.0
14322,MCD-NIT-12/2021-22-GR-08,Contruction of P.C.C Road and hume pipe from house of Ram Babu to Dhalai Road in Ward no-02 Danapur Nagar Parishad.,Contruction of P.C.C Road and hume pipe from house of Ram Babu to Dhalai Road in Ward no-02 Danapur Nagar Parishad.,842260.0,INR,INR,2021-10-12 16:50:04+00:00,2021-10-12T16:42:15.632000+00:00,2021-11-30T06:32:16+00:00,"EXECUTIVE OFFICER, DANAPUR NIZAMAT",EO,NAGAR PARISHAD DANAPUR NIZAMAT,NAGAR PARISHAD DANAPUR NIZAMAT WARD NO.-35,"EXECUTIVE OFFICER, DANAPUR NIZAMAT",EO,NAGAR PARISHAD DANAPUR NIZAMAT,16900.0,1250.0,590.0
14323,MCD-NIT-12/2021-22-GR-09,Contruction of P.C.C Road and hume pipe from land of Chanas Rai to house of Shyam babu Rai in Ward no-02 Danapur Nagar Parishad.,Contruction of P.C.C Road and hume pipe from land of Chanas Rai to house of Shyam babu Rai in Ward no-02 Danapur Nagar Parishad.,842260.0,INR,INR,2021-10-12 16:55:50+00:00,2021-10-12T16:51:25.335000+00:00,2021-11-30T07:38:27+00:00,"EXECUTIVE OFFICER, DANAPUR NIZAMAT",EO,NAGAR PARISHAD DANAPUR NIZAMAT,NAGAR PARISHAD DANAPUR NIZAMAT WARD NO.-35,"EXECUTIVE OFFICER, DANAPUR NIZAMAT",EO,NAGAR PARISHAD DANAPUR NIZAMAT,16900.0,1250.0,590.0
14312,NIT-07/E/AZIMABAD/2021-22_GR31,"Improvement of Ghat with Temporary Barricading with Sal Ballah, Chali ,Local sand ,Jhalasi etc. on the occasion of Chhath festival at Ranipur Chakia Talaw Ghat including maintenance upto ending of Chhat festival during Year 2021.","Improvement of Ghat with Temporary Barricading with Sal Ballah, Chali ,Local sand ,Jhalasi etc. on the occasion of Chhath festival at Ranipur Chakia Talaw Ghat including maintenance upto ending of Chhat festival during Year 2021.",576830.0,INR,INR,2021-10-12 12:14:05+00:00,2021-10-12T12:10:55.248000+00:00,2023-01-25T10:37:26+00:00,"Vikash Kumar, EXECUTIVE ENGINEER, PMC",EE,"AZIMABAD DIVISION, PATNA MUNICIPAL CORPORATION","AZIMABAD DIVISION, MEENA BAZAR, SHERSHAH PATH, PATNA-07","Vikash Kumar, EXECUTIVE ENGINEER",EXECUTIVE ENGINEER,"AZIMABAD DIVISION, PATNA MUNICIPAL CORPORATION",11600.0,1250.0,590.0
14325,MCD-NIT-12/2021-22-GR-11,Contruction of P.C.C Road and hume pipe from house of Ram parvesh Rai to Shankar Rai  in Ward no-02 Danapur Nagar Parishad.,Contruction of P.C.C Road and hume pipe from house of Ram parvesh Rai to Shankar Rai  in Ward no-02 Danapur Nagar Parishad.,1006869.0,INR,INR,2021-10-12 17:08:52+00:00,2021-10-12T17:03:29.453000+00:00,2021-11-30T07:54:43+00:00,"EXECUTIVE OFFICER, DANAPUR NIZAMAT",EO,NAGAR PARISHAD DANAPUR NIZAMAT,NAGAR PARISHAD DANAPUR NIZAMAT WARD NO.-35,"EXECUTIVE OFFICER, DANAPUR NIZAMAT",EO,NAGAR PARISHAD DANAPUR NIZAMAT,20200.0,2500.0,590.0
14327,MCD-NIT-12/2021-22-GR-13,Contruction of paver block road and hume pipe from house of Bindeshwari Rai to Sanjeet Mahto via Ekwal Rai to Masudan Mahto to Bijli Mahto via Ganesh Mahto to Bhavani Mahto via Vilas Mahto to Munna Mahto via Shravan Mahto to Amrika Mahto  in Ward no-03 Danapur Nagar Parishad.,Contruction of paver block road and hume pipe from house of Bindeshwari Rai to Sanjeet Mahto via Ekwal Rai to Masudan Mahto to Bijli Mahto via Ganesh Mahto to Bhavani Mahto via Vilas Mahto to Munna Mahto via Shravan Mahto to Amrika Mahto  in Ward no-03 Danapur Nagar Parishad.,738124.0,INR,INR,2021-10-12 17:17:54+00:00,2021-10-12T17:14:09.208000+00:00,2021-11-30T08:09:39+00:00,"EXECUTIVE OFFICER, DANAPUR NIZAMAT",EO,NAGAR PARISHAD DANAPUR NIZAMAT,NAGAR PARISHAD DANAPUR NIZAMAT WARD NO.-35,"EXECUTIVE OFFICER, DANAPUR NIZAMAT",EO,NAGAR PARISHAD DANAPUR NIZAMAT,14800.0,1250.0,590.0
14324,MCD-NIT-12/2021-22-GR-10,Contruction of Paver block Road and hume pipe from house of Sukhman Rai to Sipahi Rai in Ward no-02 Danapur Nagar Parishad.,Contruction of Paver block Road and hume pipe from house of Sukhman Rai to Sipahi Rai in Ward no-02 Danapur Nagar Parishad.,754775.0,INR,INR,2021-10-12 17:01:41+00:00,2021-10-12T16:56:37.330000+00:00,2021-11-30T07:46:24+00:00,"EXECUTIVE OFFICER, DANAPUR NIZAMAT",EO,NAGAR PARISHAD DANAPUR NIZAMAT,NAGAR PARISHAD DANAPUR NIZAMAT WARD NO.-35,"EXECUTIVE OFFICER, DANAPUR NIZAMAT",EO,NAGAR PARISHAD DANAPUR NIZAMAT,15100.0,1250.0,590.0
14328,MCD-NIT-12/2021-22-GR-14,Contruction of paver block road and hume pipe from house of Pappu to Amarnath Rai via Yoga Mahto to Sugam Mahto via Mohan Mahto to Ramsevak Mahto  in Ward no-03 Danapur Nagar Parishad.,Contruction of paver block road and hume pipe from house of Pappu to Amarnath Rai via Yoga Mahto to Sugam Mahto via Mohan Mahto to Ramsevak Mahto  in Ward no-03 Danapur Nagar Parishad.,588117.0,INR,INR,2021-10-12 17:22:49+00:00,2021-10-12T17:18:23.278000+00:00,2021-11-30T08:38:40+00:00,"EXECUTIVE OFFICER, DANAPUR NIZAMAT",EO,NAGAR PARISHAD DANAPUR NIZAMAT,NAGAR PARISHAD DANAPUR NIZAMAT WARD NO.-35,"EXECUTIVE OFFICER, DANAPUR NIZAMAT",EO,NAGAR PARISHAD DANAPUR NIZAMAT,12000.0,1250.0,590.0
14329,MCD-NIT-12/2021-22-GR-15,Contruction of paver block road and hume pipe from house of Bir Prakash to Amarnath   in Ward no-03 Danapur Nagar Parishad.,Contruction of paver block road and hume pipe from house of Bir Prakash to Amarnath   in Ward no-03 Danapur Nagar Parishad.,896279.0,INR,INR,2021-10-12 17:27:51+00:00,2021-10-12T17:23:23.313000+00:00,2021-11-30T08:47:44+00:00,"EXECUTIVE OFFICER, DANAPUR NIZAMAT",EO,NAGAR PARISHAD DANAPUR NIZAMAT,NAGAR PARISHAD DANAPUR NIZAMAT WARD NO.-35,"EXECUTIVE OFFICER, DANAPUR NIZAMAT",EO,NAGAR PARISHAD DANAPUR NIZAMAT,18000.0,1250.0,590.0
14326,MCD-NIT-12/2021-22-GR-12,Contruction of P.C.C Road and hume pipe from house of Shiv Kumar Pandit to Santosh Kumar in Ward no-03 Danapur Nagar Parishad.,Contruction of P.C.C Road and hume pipe from house of Shiv Kumar Pandit to Santosh Kumar in Ward no-03 Danapur Nagar Parishad.,860443.0,INR,INR,2021-10-12 17:13:35+00:00,2021-10-12T17:09:19.668000+00:00,2021-11-30T08:02:36+00:00,"EXECUTIVE OFFICER, DANAPUR NIZAMAT",EO,NAGAR PARISHAD DANAPUR NIZAMAT,NAGAR PARISHAD DANAPUR NIZAMAT WARD NO.-35,"EXECUTIVE OFFICER, DANAPUR NIZAMAT",EO,NAGAR PARISHAD DANAPUR NIZAMAT,17300.0,1250.0,590.0
14330,MCD-NIT-12/2021-22-GR-16,Contruction of paver block road and hume pipe from house of Birju to Om Rajak via Bijender Rai to Amarendra Rai via Shiv Narayan to Ram Dulari  in Ward no-03 Danapur Nagar Parishad.,Contruction of paver block road and hume pipe from house of Birju to Om Rajak via Bijender Rai to Amarendra Rai via Shiv Narayan to Ram Dulari  in Ward no-03 Danapur Nagar Parishad.,1008305.0,INR,INR,2021-10-12 17:32:05+00:00,2021-10-12T17:28:39.414000+00:00,2021-11-30T08:57:59+00:00,"EXECUTIVE OFFICER, DANAPUR NIZAMAT",EO,NAGAR PARISHAD DANAPUR NIZAMAT,NAGAR PARISHAD DANAPUR NIZAMAT WARD NO.-35,"EXECUTIVE OFFICER, DANAPUR NIZAMAT",EO,NAGAR PARISHAD DANAPUR NIZAMAT,20200.0,2500.0,590.0
14335,"NIT No - 09/E/Bankipur/2021, Group No. 06","Site clearance and lighting arrangement at T.N Banarjee Ghat  on the occasion of Chhath festival  during 2021  in Ward 
No-41.","Site clearance and lighting arrangement at T.N Banarjee Ghat  on the occasion of Chhath festival  during 2021  in Ward 
No-41.",101544.0,INR,INR,2021-10-13 05:29:02+00:00,2021-10-13T05:11:00.149000+00:00,2021-10-22T09:31:00+00:00,"Aashish Prasad, Executive Engineer",EE,"BANKIPUR DIVISION, Patna Municipal Corporation, Patna","Ambedkar Bhawan, Vaishali Golumbar,Rajendra Nagar,Patna","Aashish Prasad, Executive Engineer",EE,"Bankipur Division,Patna Municipal Corporation,Patna",2100.0,500.0,590.0
14331,MCD-NIT-12/2021-22-GR-17,Contruction of paver block road and hume pipe from Gate of Kabristaan to House of Bachhu Rai in Ward no-03 Danapur Nagar Parishad.,Contruction of paver block road and hume pipe from Gate of Kabristaan to House of Bachhu Rai in Ward no-03 Danapur Nagar Parishad.,860351.0,INR,INR,2021-10-12 17:36:07+00:00,2021-10-12T17:32:32.918000+00:00,2021-11-30T09:02:50+00:00,"EXECUTIVE OFFICER, DANAPUR NIZAMAT",EO,NAGAR PARISHAD DANAPUR NIZAMAT,NAGAR PARISHAD DANAPUR NIZAMAT WARD NO.-35,"EXECUTIVE OFFICER, DANAPUR NIZAMAT",EO,NAGAR PARISHAD DANAPUR NIZAMAT,17300.0,1250.0,590.0
14337,"NIT No - 09/E/Bankipur/2021, Group No. 08","Improvement of Ghat with Temporary Barricading with  Sal Ballah, Chali  ,Local sand , etc. on the occasion of Chhath festival during 2021 at Golakpur  Ghat in Ward No- 49.","Improvement of Ghat with Temporary Barricading with  Sal Ballah, Chali  ,Local sand , etc. on the occasion of Chhath festival during 2021 at Golakpur  Ghat in Ward No- 49.",739966.0,INR,INR,2021-10-13 06:07:43+00:00,2021-10-13T05:51:41.441000+00:00,2022-09-28T11:03:33+00:00,"Aashish Prasad, Executive Engineer",EE,"BANKIPUR DIVISION, Patna Municipal Corporation, Patna","Ambedkar Bhawan, Vaishali Golumbar,Rajendra Nagar,Patna","Aashish Prasad, Executive Engineer",EE,"Bankipur Division,Patna Municipal Corporation,Patna",14800.0,1250.0,590.0
14333,MCD-NIT-12/2021-22-GR-19,Contruction of P.C.C  road and R.C.C Drain from house of Shiv Rai to Land of Sudeshwar Rai in Raghopur main road  Ward no-04 Danapur Nagar Parishad.,Contruction of P.C.C  road and R.C.C Drain from house of Shiv Rai to Land of Sudeshwar Rai in Raghopur main road  Ward no-04 Danapur Nagar Parishad.,1565531.0,INR,INR,2021-10-12 17:45:46+00:00,2021-10-12T17:41:46.071000+00:00,2021-11-30T09:21:55+00:00,"EXECUTIVE OFFICER, DANAPUR NIZAMAT",EO,NAGAR PARISHAD DANAPUR NIZAMAT,NAGAR PARISHAD DANAPUR NIZAMAT WARD NO.-35,"EXECUTIVE OFFICER, DANAPUR NIZAMAT",EO,NAGAR PARISHAD DANAPUR NIZAMAT,31400.0,5000.0,590.0
14334,MCD-NIT-12/2021-22-GR-20,Contruction of P.C.C  road and R.C.C Drain from house of Sunil Rajak to Moti Rai via Tiwari ji in Devi Chaura road  Ward no-04 Danapur Nagar Parishad.,Contruction of P.C.C  road and R.C.C Drain from house of Sunil Rajak to Moti Rai via Tiwari ji in Devi Chaura road  Ward no-04 Danapur Nagar Parishad.,890769.0,INR,INR,2021-10-12 17:50:52+00:00,2021-10-12T17:46:13.378000+00:00,2021-11-30T09:27:14+00:00,"EXECUTIVE OFFICER, DANAPUR NIZAMAT",EO,NAGAR PARISHAD DANAPUR NIZAMAT,NAGAR PARISHAD DANAPUR NIZAMAT WARD NO.-35,"EXECUTIVE OFFICER, DANAPUR NIZAMAT",EO,NAGAR PARISHAD DANAPUR NIZAMAT,17900.0,1250.0,590.0
14332,MCD-NIT-12/2021-22-GR-18,Contruction of P.C.C  road and R.C.C Drain from house of Shiv Rai to Raghavpur thakurvari more main road  in Ward no-04 Danapur Nagar Parishad.,Contruction of P.C.C  road and R.C.C Drain from house of Shiv Rai to Raghavpur thakurvari more main road  in Ward no-04 Danapur Nagar Parishad.,1600621.0,INR,INR,2021-10-12 17:41:20+00:00,2021-10-12T17:36:36.203000+00:00,2021-11-30T09:12:53+00:00,"EXECUTIVE OFFICER, DANAPUR NIZAMAT",EO,NAGAR PARISHAD DANAPUR NIZAMAT,NAGAR PARISHAD DANAPUR NIZAMAT WARD NO.-35,"EXECUTIVE OFFICER, DANAPUR NIZAMAT",EO,NAGAR PARISHAD DANAPUR NIZAMAT,32100.0,5000.0,590.0
14342,"NIT No - 09/E/Bankipur/2021, Group No. 11","Improvement of Ghat with Temporary Barricading  and Sal Ballah, Chali  ,Local sand ,Jhalasi etc. on the occasion of Chhath festival and Kartik Purnima during 2021 at Rani Ghat in Ward No-49","Improvement of Ghat with Temporary Barricading  and Sal Ballah, Chali  ,Local sand ,Jhalasi etc. on the occasion of Chhath festival and Kartik Purnima during 2021 at Rani Ghat in Ward No-49",1084173.0,INR,INR,2021-10-13 07:08:59+00:00,2021-10-13T06:52:35.829000+00:00,2022-09-28T10:36:48+00:00,"Aashish Prasad, Executive Engineer",EE,"BANKIPUR DIVISION, Patna Municipal Corporation, Patna","Ambedkar Bhawan, Vaishali Golumbar,Rajendra Nagar,Patna","Aashish Prasad, Executive Engineer",EE,"Bankipur Division,Patna Municipal Corporation,Patna",21700.0,2500.0,590.0
14338,"NIT No - 09/E/Bankipur/2021, Group No. 09","Improvement of Ghat with Temporary Barricading with  Sal Ballah, Chali  ,Local sand ,Jhalasi etc. on the occasion of Chhath festival and Kartik Purnima during 2021 at Barharwa in Ward No-49.","Improvement of Ghat with Temporary Barricading with  Sal Ballah, Chali  ,Local sand ,Jhalasi etc. on the occasion of Chhath festival and Kartik Purnima during 2021 at Barharwa in Ward No-49.",909442.0,INR,INR,2021-10-13 06:30:09+00:00,2021-10-13T06:15:04.247000+00:00,2022-09-28T11:30:30+00:00,"Aashish Prasad, Executive Engineer",EE,"BANKIPUR DIVISION, Patna Municipal Corporation, Patna","Ambedkar Bhawan, Vaishali Golumbar,Rajendra Nagar,Patna","Aashish Prasad, Executive Engineer",EE,"Bankipur Division,Patna Municipal Corporation,Patna",18200.0,1250.0,590.0
14336,"NIT No - 09/E/Bankipur/2021, Group No. 07","Improvement of Ghat with Temporary Barricading with  Sal Ballah, Chali  ,Local sand etc. on the occasion of Chhath festival and Kartik Purnima during 2021 at Gandhi Ghat (including east side length)  in Ward N0-49","Improvement of Ghat with Temporary Barricading with  Sal Ballah, Chali  ,Local sand etc. on the occasion of Chhath festival and Kartik Purnima during 2021 at Gandhi Ghat (including east side length)  in Ward N0-49",1160900.0,INR,INR,2021-10-13 05:46:50+00:00,2021-10-13T05:32:22.237000+00:00,2022-09-28T10:51:10+00:00,"Aashish Prasad, Executive Engineer",EE,"BANKIPUR DIVISION, Patna Municipal Corporation, Patna","Ambedkar Bhawan, Vaishali Golumbar,Rajendra Nagar,Patna","Aashish Prasad, Executive Engineer",EE,"Bankipur Division,Patna Municipal Corporation,Patna",23300.0,2500.0,590.0
14319,NIT-07/E/AZIMABAD/2021-22_GR38,"Improvement of Ghat with Temporary Barricading with Sal Ballah, Chali ,Local sand ,Jhalasi etc. on the occasion of Chhath festival & Kartik Purnima at Aadarsh Ghat  including maintenance upto ending of Chhat festival/Kartik Purnima during Year 2021.","Improvement of Ghat with Temporary Barricading with Sal Ballah, Chali ,Local sand ,Jhalasi etc. on the occasion of Chhath festival & Kartik Purnima at Aadarsh Ghat  including maintenance upto ending of Chhat festival/Kartik Purnima during Year 2021.",1303815.0,INR,INR,2021-10-12 12:43:22+00:00,2021-10-12T12:39:41.309000+00:00,2022-11-12T18:15:56+00:00,"Vikash Kumar, EXECUTIVE ENGINEER, PMC",EE,"AZIMABAD DIVISION, PATNA MUNICIPAL CORPORATION","AZIMABAD DIVISION, MEENA BAZAR, SHERSHAH PATH, PATNA-07","Vikash Kumar, EXECUTIVE ENGINEER",EXECUTIVE ENGINEER,"AZIMABAD DIVISION, PATNA MUNICIPAL CORPORATION",26100.0,2500.0,590.0
14343,NIT-07/E/AZIMABAD/2021-22_GR06,"Repair of well and construction of soak pit with inlet chamber in Maheshpur neat Lt. Uday Singh House in ward No.61 under Azimabad Division, PMC, Patna","Repair of well and construction of soak pit with inlet chamber in Maheshpur neat Lt. Uday Singh House in ward No.61 under Azimabad Division, PMC, Patna",127695.0,INR,INR,2021-10-13 07:12:03+00:00,2021-10-13T07:08:06.732000+00:00,2022-04-26T07:37:44+00:00,"Vikash Kumar, EXECUTIVE ENGINEER, PMC",EE,"AZIMABAD DIVISION, PATNA MUNICIPAL CORPORATION","AZIMABAD DIVISION, MEENA BAZAR, SHERSHAH PATH, PATNA-07","Vikash Kumar, EXECUTIVE ENGINEER",EXECUTIVE ENGINEER,"AZIMABAD DIVISION, PATNA MUNICIPAL CORPORATION",2600.0,500.0,590.0
14315,NIT-07/E/AZIMABAD/2021-22_GR34,"Improvement of Ghat with Temporary Barricading with Sal Ballah, Chali ,Local sand ,Jhalasi etc. on the occasion of Chhath festival at Karnaganj Ghat  including maintenance upto ending of Chhat festival during Year 2021.","Improvement of Ghat with Temporary Barricading with Sal Ballah, Chali ,Local sand ,Jhalasi etc. on the occasion of Chhath festival at Karnaganj Ghat  including maintenance upto ending of Chhat festival during Year 2021.",601331.0,INR,INR,2021-10-12 12:26:34+00:00,2021-10-12T12:21:46.433000+00:00,2021-10-24T02:05:36+00:00,"Vikash Kumar, EXECUTIVE ENGINEER, PMC",EE,"AZIMABAD DIVISION, PATNA MUNICIPAL CORPORATION","AZIMABAD DIVISION, MEENA BAZAR, SHERSHAH PATH, PATNA-07","Vikash Kumar, EXECUTIVE ENGINEER",EXECUTIVE ENGINEER,"AZIMABAD DIVISION, PATNA MUNICIPAL CORPORATION",12100.0,1250.0,590.0
14346,NIT-07/E/AZIMABAD/2021-22_GR08,"Repair of well and construction of soak pit with inlet chamber in Sadikpur near house of Raju Nishad in ward no. 57 under Azimabad Division, PMC, Patna","Repair of well and construction of soak pit with inlet chamber in Sadikpur near house of Raju Nishad in ward no. 57 under Azimabad Division, PMC, Patna",127960.0,INR,INR,2021-10-13 07:19:53+00:00,2021-10-13T07:15:37.518000+00:00,2021-10-20T09:31:00+00:00,"Vikash Kumar, EXECUTIVE ENGINEER, PMC",EE,"AZIMABAD DIVISION, PATNA MUNICIPAL CORPORATION","AZIMABAD DIVISION, MEENA BAZAR, SHERSHAH PATH, PATNA-07","Vikash Kumar, EXECUTIVE ENGINEER",EXECUTIVE ENGINEER,"AZIMABAD DIVISION, PATNA MUNICIPAL CORPORATION",2600.0,500.0,590.0
14349,"NIT No - 09/E/Bankipur/2021, Group No. 13","Improvement of Ghat with Temporary Barricading with  Sal Ballah, Chali  ,Local sand  etc. on the occasion of Chhath festival during 2021 at Gulbi Ghat in Ward No-49","Improvement of Ghat with Temporary Barricading with  Sal Ballah, Chali  ,Local sand  etc. on the occasion of Chhath festival during 2021 at Gulbi Ghat in Ward No-49",629968.0,INR,INR,2021-10-13 07:48:10+00:00,2021-10-13T07:33:30.979000+00:00,2021-10-26T06:39:32+00:00,"Aashish Prasad, Executive Engineer",EE,"BANKIPUR DIVISION, Patna Municipal Corporation, Patna","Ambedkar Bhawan, Vaishali Golumbar,Rajendra Nagar,Patna","Aashish Prasad, Executive Engineer",EE,"Bankipur Division,Patna Municipal Corporation,Patna",12600.0,1250.0,590.0
14345,"NIT No - 09/E/Bankipur/2021, Group No. 12","Improvement of Ghat with Temporary Barricading with  Sal Ballah, Chali  ,Local sand etc. on the occasion of Chhath festival during 2021 at B.N.R Ghat in Ward No-49","Improvement of Ghat with Temporary Barricading with  Sal Ballah, Chali  ,Local sand etc. on the occasion of Chhath festival during 2021 at B.N.R Ghat in Ward No-49",363608.0,INR,INR,2021-10-13 07:30:16+00:00,2021-10-13T07:13:31.321000+00:00,2021-10-26T06:31:57+00:00,"Aashish Prasad, Executive Engineer",EE,"BANKIPUR DIVISION, Patna Municipal Corporation, Patna","Ambedkar Bhawan, Vaishali Golumbar,Rajendra Nagar,Patna","Aashish Prasad, Executive Engineer",EE,"Bankipur Division,Patna Municipal Corporation,Patna",7300.0,750.0,590.0
14339,"NIT No - 09/E/Bankipur/2021, Group No. 10","Improvement of Ghat with Temporary Barricading with  Sal Ballah, Chali  ,Local sand  etc. on the occasion of Chhath festival and Kartik Purnima during 2021 at Law College Ghat in Ward No-49","Improvement of Ghat with Temporary Barricading with  Sal Ballah, Chali  ,Local sand  etc. on the occasion of Chhath festival and Kartik Purnima during 2021 at Law College Ghat in Ward No-49",1187779.0,INR,INR,2021-10-13 06:50:02+00:00,2021-10-13T06:35:00.473000+00:00,2022-08-30T09:39:42+00:00,"Aashish Prasad, Executive Engineer",EE,"BANKIPUR DIVISION, Patna Municipal Corporation, Patna","Ambedkar Bhawan, Vaishali Golumbar,Rajendra Nagar,Patna","Aashish Prasad, Executive Engineer",EE,"Bankipur Division,Patna Municipal Corporation,Patna",23800.0,2500.0,590.0
14353,"NIT No - 09/E/Bankipur/2021, Group No-14","Improvement of Ghat with Temporary Barricading with  Sal Ballah, Chali  ,Local sand  etc. on the occasion of Chhath festival during 2021 at Balu Ghat in Ward No-49","Improvement of Ghat with Temporary Barricading with  Sal Ballah, Chali  ,Local sand  etc. on the occasion of Chhath festival during 2021 at Balu Ghat in Ward No-49",546657.0,INR,INR,2021-10-13 08:42:26+00:00,2021-10-13T08:30:16.027000+00:00,2023-04-18T07:01:57+00:00,"Aashish Prasad, Executive Engineer",EE,"BANKIPUR DIVISION, Patna Municipal Corporation, Patna","Ambedkar Bhawan, Vaishali Golumbar,Rajendra Nagar,Patna","Aashish Prasad, Executive Engineer",EE,"Bankipur Division,Patna Municipal Corporation,Patna",11000.0,1250.0,590.0
14356,"NIT No - 09/E/Bankipur/2021, Group No. 17","Improvement of Ghat with Temporary Barricading with Sal Ballah, Chali  ,Local sand  etc. on the occasion of Chhath festival and Kartik Purnima during 2021 at Chaudhary Tola Ghat in Ward No-51","Improvement of Ghat with Temporary Barricading with Sal Ballah, Chali  ,Local sand  etc. on the occasion of Chhath festival and Kartik Purnima during 2021 at Chaudhary Tola Ghat in Ward No-51",1002532.0,INR,INR,2021-10-13 09:35:03+00:00,2021-10-13T09:19:28.042000+00:00,2021-10-26T07:53:30+00:00,"Aashish Prasad, Executive Engineer",EE,"BANKIPUR DIVISION, Patna Municipal Corporation, Patna","Ambedkar Bhawan, Vaishali Golumbar,Rajendra Nagar,Patna","Aashish Prasad, Executive Engineer",EE,"Bankipur Division,Patna Municipal Corporation,Patna",20100.0,2500.0,590.0
14344,NIT-07/E/AZIMABAD/2021-22_GR07,"Repair of well and construction of soak pit with inlet chamber in Mehndiganj Devi Asthan in ward No.61 under Azimabad Division, PMC, Patna","Repair of well and construction of soak pit with inlet chamber in Mehndiganj Devi Asthan in ward No.61 under Azimabad Division, PMC, Patna",127731.0,INR,INR,2021-10-13 07:15:18+00:00,2021-10-13T07:12:20.271000+00:00,2022-04-26T07:17:32+00:00,"Vikash Kumar, EXECUTIVE ENGINEER, PMC",EE,"AZIMABAD DIVISION, PATNA MUNICIPAL CORPORATION","AZIMABAD DIVISION, MEENA BAZAR, SHERSHAH PATH, PATNA-07","Vikash Kumar, EXECUTIVE ENGINEER",EXECUTIVE ENGINEER,"AZIMABAD DIVISION, PATNA MUNICIPAL CORPORATION",2600.0,500.0,590.0
14357,"NIT No - 09/E/Bankipur/2021, Group No. 18","Improvement of Ghat with Temporary Barricading with  Sal Ballah, Chali  ,Local sand ,Jhalasi etc. on the occasion of Chhath festival and Kartik Purnima during 2021 at Pathari Ghat in Ward No-51","Improvement of Ghat with Temporary Barricading with  Sal Ballah, Chali  ,Local sand ,Jhalasi etc. on the occasion of Chhath festival and Kartik Purnima during 2021 at Pathari Ghat in Ward No-51",998449.0,INR,INR,2021-10-13 09:51:05+00:00,2021-10-13T09:39:17.073000+00:00,2021-10-22T09:31:00+00:00,"Aashish Prasad, Executive Engineer",EE,"BANKIPUR DIVISION, Patna Municipal Corporation, Patna","Ambedkar Bhawan, Vaishali Golumbar,Rajendra Nagar,Patna","Aashish Prasad, Executive Engineer",EE,"Bankipur Division,Patna Municipal Corporation,Patna",20000.0,1250.0,590.0
14350,NIT-07/E/AZIMABAD/2021-22_GR09,"Repair of well and construction of soak pit with inlet chamber in Sadikpur park in ward no. 57 under Azimabad Division, PMC, Patna","Repair of well and construction of soak pit with inlet chamber in Sadikpur park in ward no. 57 under Azimabad Division, PMC, Patna",140187.0,INR,INR,2021-10-13 07:38:39+00:00,2021-10-13T07:34:23.370000+00:00,2021-10-20T09:31:00+00:00,"Vikash Kumar, EXECUTIVE ENGINEER, PMC",EE,"AZIMABAD DIVISION, PATNA MUNICIPAL CORPORATION","AZIMABAD DIVISION, MEENA BAZAR, SHERSHAH PATH, PATNA-07","Vikash Kumar, EXECUTIVE ENGINEER",EXECUTIVE ENGINEER,"AZIMABAD DIVISION, PATNA MUNICIPAL CORPORATION",2900.0,500.0,590.0
14347,NIT-07/E/AZIMABAD/2021-22_GR10,"Repair of well and construction of soak pit with inlet chamber in Sadikpur Koiri Tola in ward no. 57 under Azimabad Division, PMC, Patna","Repair of well and construction of soak pit with inlet chamber in Sadikpur Koiri Tola in ward no. 57 under Azimabad Division, PMC, Patna",106924.0,INR,INR,2021-10-13 07:27:07+00:00,2021-10-13T07:22:05.378000+00:00,2021-10-20T09:31:00+00:00,"Vikash Kumar, EXECUTIVE ENGINEER, PMC",EE,"AZIMABAD DIVISION, PATNA MUNICIPAL CORPORATION","AZIMABAD DIVISION, MEENA BAZAR, SHERSHAH PATH, PATNA-07","Vikash Kumar, EXECUTIVE ENGINEER",EXECUTIVE ENGINEER,"AZIMABAD DIVISION, PATNA MUNICIPAL CORPORATION",2200.0,500.0,590.0
14354,"NIT No - 09/E/Bankipur/2021, Group No. 15","Improvement of Ghat with Temporary Barricading  and Sal Ballah, Chali  ,Local sand  etc. on the occasion of Chhath festival and Kartik Purnima during 2021 at Ghagha Ghat (including Katcha Ghat ) in Ward No-49","Improvement of Ghat with Temporary Barricading  and Sal Ballah, Chali  ,Local sand  etc. on the occasion of Chhath festival and Kartik Purnima during 2021 at Ghagha Ghat (including Katcha Ghat ) in Ward No-49",1206371.0,INR,INR,2021-10-13 08:57:05+00:00,2021-10-13T08:45:10.062000+00:00,2023-04-18T07:13:22+00:00,"Aashish Prasad, Executive Engineer",EE,"BANKIPUR DIVISION, Patna Municipal Corporation, Patna","Ambedkar Bhawan, Vaishali Golumbar,Rajendra Nagar,Patna","Aashish Prasad, Executive Engineer",EE,"Bankipur Division,Patna Municipal Corporation,Patna",24200.0,2500.0,590.0
14362,"NIT No - 09/E/Bankipur/2021, Group No. 23",Development of Pond with lighting arrangement etc. on the occasion of Chhath festival at Bhawar Pokhar Park during 2021 in  ward no. 39.,Development of Pond with lighting arrangement etc. on the occasion of Chhath festival at Bhawar Pokhar Park during 2021 in  ward no. 39.,94930.0,INR,INR,2021-10-13 10:50:09+00:00,2021-10-13T10:42:01.147000+00:00,2021-10-26T08:14:58+00:00,"Aashish Prasad, Executive Engineer",EE,"BANKIPUR DIVISION, Patna Municipal Corporation, Patna","Ambedkar Bhawan, Vaishali Golumbar,Rajendra Nagar,Patna","Aashish Prasad, Executive Engineer",EE,"Bankipur Division,Patna Municipal Corporation,Patna",1900.0,500.0,590.0
14363,"NIT No - 09/E/Bankipur/2021, Group No. 24",Development of  Pond with lighting arrangement etc. on the occasion of Chhath festival at Congress Maidan during 2021 in ward no. 43.,Development of  Pond with lighting arrangement etc. on the occasion of Chhath festival at Congress Maidan during 2021 in ward no. 43.,110982.0,INR,INR,2021-10-13 10:59:54+00:00,2021-10-13T10:51:56.175000+00:00,2021-10-26T10:14:00+00:00,"Aashish Prasad, Executive Engineer",EE,"BANKIPUR DIVISION, Patna Municipal Corporation, Patna","Ambedkar Bhawan, Vaishali Golumbar,Rajendra Nagar,Patna","Aashish Prasad, Executive Engineer",EE,"Bankipur Division,Patna Municipal Corporation,Patna",2300.0,500.0,590.0
14360,"NIT No - 09/E/Bankipur/2021, Group No. 21",lighting arrangement etc. on the occasion of Chhath festival at Samadar Park during 2021 in ward no. 38.,lighting arrangement etc. on the occasion of Chhath festival at Samadar Park during 2021 in ward no. 38.,126132.0,INR,INR,2021-10-13 10:29:50+00:00,2021-10-13T10:20:41.079000+00:00,2021-10-22T09:31:00+00:00,"Aashish Prasad, Executive Engineer",EE,"BANKIPUR DIVISION, Patna Municipal Corporation, Patna","Ambedkar Bhawan, Vaishali Golumbar,Rajendra Nagar,Patna","Aashish Prasad, Executive Engineer",EE,"Bankipur Division,Patna Municipal Corporation,Patna",2600.0,500.0,590.0
14358,"NIT No - 09/E/Bankipur/2021, Group No. 19",Supply and Installation of Led Srip Rope Light on Hire Charge from Kali Ghat to  Pathari Ghat  on the occasion of Chhath festival during 2021,Supply and Installation of Led Srip Rope Light on Hire Charge from Kali Ghat to  Pathari Ghat  on the occasion of Chhath festival during 2021,1075200.0,INR,INR,2021-10-13 10:06:41+00:00,2021-10-13T09:53:28.189000+00:00,2022-12-06T11:24:59+00:00,"Aashish Prasad, Executive Engineer",EE,"BANKIPUR DIVISION, Patna Municipal Corporation, Patna","Ambedkar Bhawan, Vaishali Golumbar,Rajendra Nagar,Patna","Aashish Prasad, Executive Engineer",EE,"Bankipur Division,Patna Municipal Corporation,Patna",21600.0,2500.0,590.0
14359,"NIT No - 09/E/Bankipur/2021, Group No. 20",Construction of temporary Pond with lighting arrangement etc. on the occasion of Chhath festival in Laljee Tola during 2021 in ward no. 36.,Construction of temporary Pond with lighting arrangement etc. on the occasion of Chhath festival in Laljee Tola during 2021 in ward no. 36.,113193.0,INR,INR,2021-10-13 10:19:05+00:00,2021-10-13T10:08:21.653000+00:00,2021-10-22T09:31:00+00:00,"Aashish Prasad, Executive Engineer",EE,"BANKIPUR DIVISION, Patna Municipal Corporation, Patna","Ambedkar Bhawan, Vaishali Golumbar,Rajendra Nagar,Patna","Aashish Prasad, Executive Engineer",EE,"Bankipur Division,Patna Municipal Corporation,Patna",2300.0,500.0,590.0
14364,"NIT No - 09/E/Bankipur/2021, Group No. 25","Construction of temporary Pond with lighting arrangement etc. on the occasion of Chhath festival in Navratan Colony, Saidpur Golmber during 2021 in ward no. 43.","Construction of temporary Pond with lighting arrangement etc. on the occasion of Chhath festival in Navratan Colony, Saidpur Golmber during 2021 in ward no. 43.",116580.0,INR,INR,2021-10-13 11:09:29+00:00,2021-10-13T11:01:53.058000+00:00,2021-10-26T10:24:13+00:00,"Aashish Prasad, Executive Engineer",EE,"BANKIPUR DIVISION, Patna Municipal Corporation, Patna","Ambedkar Bhawan, Vaishali Golumbar,Rajendra Nagar,Patna","Aashish Prasad, Executive Engineer",EE,"Bankipur Division,Patna Municipal Corporation,Patna",2400.0,500.0,590.0
14355,"NIT No - 09/E/Bankipur/2021, Group No. 16","Improvement of Ghat with Temporary Barricading with  Sal Ballah, Chali  ,Local sand  etc. on the occasion of Chhath festival during 2021 at Raushan Ghat in Ward No-51","Improvement of Ghat with Temporary Barricading with  Sal Ballah, Chali  ,Local sand  etc. on the occasion of Chhath festival during 2021 at Raushan Ghat in Ward No-51",493037.0,INR,INR,2021-10-13 09:17:13+00:00,2021-10-13T08:59:38.071000+00:00,2021-10-26T07:16:41+00:00,"Aashish Prasad, Executive Engineer",EE,"BANKIPUR DIVISION, Patna Municipal Corporation, Patna","Ambedkar Bhawan, Vaishali Golumbar,Rajendra Nagar,Patna","Aashish Prasad, Executive Engineer",EE,"Bankipur Division,Patna Municipal Corporation,Patna",9900.0,750.0,590.0
14369,NIT-09EPCD2021-22_GR01,"Construction of Temporary Barricading with Sal Ballah, Chali, Local Sand, Jhalasi, Light etc. Occasion of Chhath Festival at East Didarganj Ghaat during in ward No.72 PCD,PMC.","Construction of Temporary Barricading with Sal Ballah, Chali, Local Sand, Jhalasi, Light etc. Occasion of Chhath Festival at East Didarganj Ghaat during in ward No.72 PCD,PMC.",485325.0,INR,INR,2021-10-13 15:33:55+00:00,2021-10-13T15:26:51.161000+00:00,2022-05-17T12:13:55+00:00,"Ramswarup Prasad, EXECUTIVE ENGINEER",EE,"PATNA CITY DIVISION, PMC","PATNA CITY DIVISION, MEENA BAZAR, SHERSHAH PATH, PATNA-07","Ramswarup Prasad, EXECUTIVE ENGINEER",EE,"PATNA CITY DIVISION, PMC",9800.0,750.0,590.0
14361,"NIT No - 09/E/Bankipur/2021, Group No. 22",Painting and Lighting arrangement at  Pond of Buddhmurti Golamber on the occasion of Chhath Festival 2021 in ward no. 38,Painting and Lighting arrangement at  Pond of Buddhmurti Golamber on the occasion of Chhath Festival 2021 in ward no. 38,93494.0,INR,INR,2021-10-13 10:40:13+00:00,2021-10-13T10:31:22.915000+00:00,2021-10-22T09:31:00+00:00,"Aashish Prasad, Executive Engineer",EE,"BANKIPUR DIVISION, Patna Municipal Corporation, Patna","Ambedkar Bhawan, Vaishali Golumbar,Rajendra Nagar,Patna","Aashish Prasad, Executive Engineer",EE,"Bankipur Division,Patna Municipal Corporation,Patna",1900.0,500.0,590.0
14366,"NIT No - 09/E/Bankipur/2021, Group No. 26","Development of Pond with lighting arrangement etc. on the occasion of Chhath festival in pond of  Vajpayee Park, Patliputra Path during 2021 in ward no. 43.","Development of Pond with lighting arrangement etc. on the occasion of Chhath festival in pond of  Vajpayee Park, Patliputra Path during 2021 in ward no. 43.",97005.0,INR,INR,2021-10-13 11:19:08+00:00,2021-10-13T11:11:30.973000+00:00,2021-10-26T10:30:20+00:00,"Aashish Prasad, Executive Engineer",EE,"BANKIPUR DIVISION, Patna Municipal Corporation, Patna","Ambedkar Bhawan, Vaishali Golumbar,Rajendra Nagar,Patna","Aashish Prasad, Executive Engineer",EE,"Bankipur Division,Patna Municipal Corporation,Patna",2000.0,500.0,590.0
14374,MCD-NIT-12/2021-22-GR-21,Contruction of P.C.C Road and hume pipe from house of Kedar Rai to Thakurbari more in Ward no-04 Danapur Nagar Parishad,Contruction of P.C.C Road and hume pipe from house of Kedar Rai to Thakurbari more in Ward no-04 Danapur Nagar Parishad,926006.0,INR,INR,2021-10-13 16:57:20+00:00,2021-10-13T16:51:02.380000+00:00,2021-11-30T09:51:35+00:00,"EXECUTIVE OFFICER, DANAPUR NIZAMAT",EO,NAGAR PARISHAD DANAPUR NIZAMAT,NAGAR PARISHAD DANAPUR NIZAMAT WARD NO.-35,"EXECUTIVE OFFICER, DANAPUR NIZAMAT",EO,NAGAR PARISHAD DANAPUR NIZAMAT,19200.0,1250.0,590.0
14376,NIT-09EPCD2021-22_GR07,"Construction of Temporary Barricading with Sal Ballah, Chali, Local Sand, Jhalasi, Light etc. Occasion of Chhath Festival at Shiv Ghaat during in ward No.72 PCD,PMC.","Construction of Temporary Barricading with Sal Ballah, Chali, Local Sand, Jhalasi, Light etc. Occasion of Chhath Festival at Shiv Ghaat during in ward No.72 PCD,PMC.",485107.0,INR,INR,2021-10-13 17:45:07+00:00,2021-10-13T17:01:20.036000+00:00,2022-05-12T07:35:55+00:00,"Ramswarup Prasad, EXECUTIVE ENGINEER",EE,"PATNA CITY DIVISION, PMC","PATNA CITY DIVISION, MEENA BAZAR, SHERSHAH PATH, PATNA-07","Ramswarup Prasad, EXECUTIVE ENGINEER",EE,"PATNA CITY DIVISION, PMC",9800.0,750.0,590.0
14371,NIT-09EPCD2021-22_GR04,"Construction of Temporary Barricading with Sal Ballah, Chali, Local Sand, Jhalasi, Light etc. Occasion of Chhath Festival at Panchmukhi Ghaat (East) during in ward No.72 PCD,PMC.","Construction of Temporary Barricading with Sal Ballah, Chali, Local Sand, Jhalasi, Light etc. Occasion of Chhath Festival at Panchmukhi Ghaat (East) during in ward No.72 PCD,PMC.",450190.0,INR,INR,2021-10-13 15:58:17+00:00,2021-10-13T15:44:41.588000+00:00,2022-05-17T12:00:34+00:00,"Ramswarup Prasad, EXECUTIVE ENGINEER",EE,"PATNA CITY DIVISION, PMC","PATNA CITY DIVISION, MEENA BAZAR, SHERSHAH PATH, PATNA-07","Ramswarup Prasad, EXECUTIVE ENGINEER",EE,"PATNA CITY DIVISION, PMC",9100.0,750.0,590.0
14375,MCD-NIT-12/2021-22-GR-22,Contruction of paver block road and hume pipe from house of Nagendra Mahto to Sanjay Yadav  in Ward no-05 Danapur Nagar Parishad.,Contruction of paver block road and hume pipe from house of Nagendra Mahto to Sanjay Yadav  in Ward no-05 Danapur Nagar Parishad.,597479.0,INR,INR,2021-10-13 17:04:02+00:00,2021-10-13T16:57:59.899000+00:00,2021-11-30T10:00:22+00:00,"EXECUTIVE OFFICER, DANAPUR NIZAMAT",EO,NAGAR PARISHAD DANAPUR NIZAMAT,NAGAR PARISHAD DANAPUR NIZAMAT WARD NO.-35,"EXECUTIVE OFFICER, DANAPUR NIZAMAT",EO,NAGAR PARISHAD DANAPUR NIZAMAT,12000.0,1250.0,590.0
14379,NIT-09EPCD2021-22_GR08,"Construction of Temporary Barricading with Sal Ballah, Chali, Local Sand, Jhalasi, Light etc. Occasion of Chhath Festival at Abdul Rahmanpur Ghaat during in ward No.72 PCD,PMC.","Construction of Temporary Barricading with Sal Ballah, Chali, Local Sand, Jhalasi, Light etc. Occasion of Chhath Festival at Abdul Rahmanpur Ghaat during in ward No.72 PCD,PMC.",370884.0,INR,INR,2021-10-13 17:55:53+00:00,2021-10-13T17:45:51.969000+00:00,2022-05-17T11:54:00+00:00,"Ramswarup Prasad, EXECUTIVE ENGINEER",EE,"PATNA CITY DIVISION, PMC","PATNA CITY DIVISION, MEENA BAZAR, SHERSHAH PATH, PATNA-07","Ramswarup Prasad, EXECUTIVE ENGINEER",EE,"PATNA CITY DIVISION, PMC",7500.0,750.0,590.0
14378,MCD-NIT-12/2021-22-GR-24,Contruction of paver block road and hume pipe from house of Thakur ji to Bhushan Rai  in Ward no-05 Danapur Nagar Parishad.,Contruction of paver block road and hume pipe from house of Thakur ji to Bhushan Rai  in Ward no-05 Danapur Nagar Parishad.,258012.0,INR,INR,2021-10-13 17:12:27+00:00,2021-10-13T17:09:01.635000+00:00,2021-11-30T10:15:30+00:00,"EXECUTIVE OFFICER, DANAPUR NIZAMAT",EO,NAGAR PARISHAD DANAPUR NIZAMAT,NAGAR PARISHAD DANAPUR NIZAMAT WARD NO.-35,"EXECUTIVE OFFICER, DANAPUR NIZAMAT",EO,NAGAR PARISHAD DANAPUR NIZAMAT,5200.0,750.0,590.0
14377,MCD-NIT-12/2021-22-GR-23,Contruction of P.C.C Road and hume pipe from house of Mahendra Rai to Aravind Mahto  in Ward no-05 Danapur Nagar Parishad.,Contruction of P.C.C Road and hume pipe from house of Mahendra Rai to Aravind Mahto  in Ward no-05 Danapur Nagar Parishad.,677422.0,INR,INR,2021-10-13 17:08:30+00:00,2021-10-13T17:04:40.105000+00:00,2021-11-30T10:07:23+00:00,"EXECUTIVE OFFICER, DANAPUR NIZAMAT",EO,NAGAR PARISHAD DANAPUR NIZAMAT,NAGAR PARISHAD DANAPUR NIZAMAT WARD NO.-35,"EXECUTIVE OFFICER, DANAPUR NIZAMAT",EO,NAGAR PARISHAD DANAPUR NIZAMAT,13600.0,1250.0,590.0
14373,NIT-09EPCD2021-22_GR06,"Construction of Temporary Barricading with Sal Ballah, Chali, Local Sand, Jhalasi, Light etc. Occasion of Chhath Festival at Rikabganj Ghaat during in ward No.72 PCD,PMC.","Construction of Temporary Barricading with Sal Ballah, Chali, Local Sand, Jhalasi, Light etc. Occasion of Chhath Festival at Rikabganj Ghaat during in ward No.72 PCD,PMC.",427281.0,INR,INR,2021-10-13 16:18:39+00:00,2021-10-13T16:05:08.207000+00:00,2022-05-12T08:14:33+00:00,"Ramswarup Prasad, EXECUTIVE ENGINEER",EE,"PATNA CITY DIVISION, PMC","PATNA CITY DIVISION, MEENA BAZAR, SHERSHAH PATH, PATNA-07","Ramswarup Prasad, EXECUTIVE ENGINEER",EE,"PATNA CITY DIVISION, PMC",8600.0,750.0,590.0
14380,NIT-09EPCD2021-22_GR09,"Construction of Temporary Barricading with Sal Ballah, Chali, Local Sand, Jhalasi, Light etc. Occasion of Chhath Festival at Balu Ghaat during in ward No.72 PCD,PMC.","Construction of Temporary Barricading with Sal Ballah, Chali, Local Sand, Jhalasi, Light etc. Occasion of Chhath Festival at Balu Ghaat during in ward No.72 PCD,PMC.",509312.0,INR,INR,2021-10-13 18:14:34+00:00,2021-10-13T18:02:24.230000+00:00,2022-05-12T07:57:35+00:00,"Ramswarup Prasad, EXECUTIVE ENGINEER",EE,"PATNA CITY DIVISION, PMC","PATNA CITY DIVISION, MEENA BAZAR, SHERSHAH PATH, PATNA-07","Ramswarup Prasad, EXECUTIVE ENGINEER",EE,"PATNA CITY DIVISION, PMC",10200.0,1250.0,590.0
14370,NIT-09EPCD2021-22_GR03,"Construction of Temporary Barricading with Sal Ballah, Chali, Local Sand, Jhalasi, Light etc. Occasion of Chhath Festival at Mahavir Ghaat (East) during in ward No.72 PCD,PMC.","Construction of Temporary Barricading with Sal Ballah, Chali, Local Sand, Jhalasi, Light etc. Occasion of Chhath Festival at Mahavir Ghaat (East) during in ward No.72 PCD,PMC.",392419.0,INR,INR,2021-10-13 15:44:09+00:00,2021-10-13T15:34:46.031000+00:00,2023-07-07T13:50:55+00:00,"Ramswarup Prasad, EXECUTIVE ENGINEER",EE,"PATNA CITY DIVISION, PMC","PATNA CITY DIVISION, MEENA BAZAR, SHERSHAH PATH, PATNA-07","Ramswarup Prasad, EXECUTIVE ENGINEER",EE,"PATNA CITY DIVISION, PMC",7900.0,750.0,590.0
14383,MCD-NIT-12/2021-22-GR-27,Contruction of P.C.C Road and Drain pipe from house of Sanjay ji to main road in Shahpur Ward no-05 Danapur Nagar Parishad.,Contruction of P.C.C Road and Drain pipe from house of Sanjay ji to main road in Shahpur Ward no-05 Danapur Nagar Parishad.,522021.0,INR,INR,2021-10-13 19:49:42+00:00,2021-10-13T19:45:21.265000+00:00,2021-11-30T10:46:20+00:00,"EXECUTIVE OFFICER, DANAPUR NIZAMAT",EO,NAGAR PARISHAD DANAPUR NIZAMAT,NAGAR PARISHAD DANAPUR NIZAMAT WARD NO.-35,"EXECUTIVE OFFICER, DANAPUR NIZAMAT",EO,NAGAR PARISHAD DANAPUR NIZAMAT,10500.0,1250.0,590.0
14381,MCD-NIT-12/2021-22-GR-25,Contruction of P.C.C Road and hume pipe from house of Binod Singh Yadav to Sunil Kumar in Gandhi Lane Ward no-21 Danapur Nagar Parishad.,Contruction of P.C.C Road and hume pipe from house of Binod Singh Yadav to Sunil Kumar in Gandhi Lane Ward no-21 Danapur Nagar Parishad.,929007.0,INR,INR,2021-10-13 19:40:56+00:00,2021-10-13T19:37:41.676000+00:00,2021-11-30T10:25:25+00:00,"EXECUTIVE OFFICER, DANAPUR NIZAMAT",EO,NAGAR PARISHAD DANAPUR NIZAMAT,NAGAR PARISHAD DANAPUR NIZAMAT WARD NO.-35,"EXECUTIVE OFFICER, DANAPUR NIZAMAT",EO,NAGAR PARISHAD DANAPUR NIZAMAT,18600.0,1250.0,590.0
14368,NIT-09EPCD2021-22_GR02,"Construction of Temporary Barricading with Sal Ballah, Chali, Local Sand, Jhalasi, Light etc. Occasion of Chhath Festival at Ganga Mandir Ghaat during in ward No.72 PCD,PMC.","Construction of Temporary Barricading with Sal Ballah, Chali, Local Sand, Jhalasi, Light etc. Occasion of Chhath Festival at Ganga Mandir Ghaat during in ward No.72 PCD,PMC.",361018.0,INR,INR,2021-10-13 15:21:53+00:00,2021-10-13T15:11:05.445000+00:00,2022-05-12T07:17:33+00:00,"Ramswarup Prasad, EXECUTIVE ENGINEER",EE,"PATNA CITY DIVISION, PMC","PATNA CITY DIVISION, MEENA BAZAR, SHERSHAH PATH, PATNA-07","Ramswarup Prasad, EXECUTIVE ENGINEER",EE,"PATNA CITY DIVISION, PMC",7300.0,750.0,590.0
14372,NIT-09EPCD2021-22_GR05,"Construction of Temporary Barricading with Sal Ballah, Chali, Local Sand, Jhalasi, Light etc. Occasion of Chhath Festival at west Didarganj Ghaat during in ward No.72 PCD,PMC.","Construction of Temporary Barricading with Sal Ballah, Chali, Local Sand, Jhalasi, Light etc. Occasion of Chhath Festival at west Didarganj Ghaat during in ward No.72 PCD,PMC.",451441.0,INR,INR,2021-10-13 16:04:42+00:00,2021-10-13T15:58:58.671000+00:00,2022-05-17T12:07:33+00:00,"Ramswarup Prasad, EXECUTIVE ENGINEER",EE,"PATNA CITY DIVISION, PMC","PATNA CITY DIVISION, MEENA BAZAR, SHERSHAH PATH, PATNA-07","Ramswarup Prasad, EXECUTIVE ENGINEER",EE,"PATNA CITY DIVISION, PMC",9100.0,750.0,590.0
14386,MCD-NIT-12/2021-22-GR-30,Contruction of paver block road and hume pipe from house of Rajesh Kumar to NH-30 main road  in Ward no-06 Danapur Nagar Parishad.,Contruction of paver block road and hume pipe from house of Rajesh Kumar to NH-30 main road  in Ward no-06 Danapur Nagar Parishad.,747238.0,INR,INR,2021-10-13 20:02:10+00:00,2021-10-13T19:58:01.735000+00:00,2021-11-30T11:23:59+00:00,"EXECUTIVE OFFICER, DANAPUR NIZAMAT",EO,NAGAR PARISHAD DANAPUR NIZAMAT,NAGAR PARISHAD DANAPUR NIZAMAT WARD NO.-35,"EXECUTIVE OFFICER, DANAPUR NIZAMAT",EO,NAGAR PARISHAD DANAPUR NIZAMAT,15000.0,1250.0,590.0
14382,MCD-NIT-12/2021-22-GR-26,Contruction of paver block road and Drain pipe from house of Sanjay ji to main road  in Shahpur Ward no-05 Danapur Nagar Parishad.,Contruction of paver block road and Drain pipe from house of Sanjay ji to main road  in Shahpur Ward no-05 Danapur Nagar Parishad.,899692.0,INR,INR,2021-10-13 19:44:54+00:00,2021-10-13T19:41:24.713000+00:00,2021-11-30T10:32:43+00:00,"EXECUTIVE OFFICER, DANAPUR NIZAMAT",EO,NAGAR PARISHAD DANAPUR NIZAMAT,NAGAR PARISHAD DANAPUR NIZAMAT WARD NO.-35,"EXECUTIVE OFFICER, DANAPUR NIZAMAT",EO,NAGAR PARISHAD DANAPUR NIZAMAT,18000.0,1250.0,590.0
14408,07/BCD/SAMASTIPUR/2021-22,Construction of 50 beded girl?s hostel (G+3) at Women ITI Samastipur for yr. 2021-22.,Construction of 50 beded girl?s hostel (G+3) at Women ITI Samastipur for yr. 2021-22.,24176644.0,INR,INR,2021-10-16 06:29:23+00:00,2021-10-16T05:55:43.088000+00:00,2021-11-12T10:13:13+00:00,"Executive Engineer, BUILDING DIVISION SAMASTIPUR",EE,Executive Engineer,"EE,  BUILDING DIVISION SAMASTIPUR, BCD SAMASTIPUR, BIHAR","Superintending Engineer, BUILDING CIRCLE DARBHANGA",SE,Superintending Engineer,483600.0,10000.0,3540.0
14384,MCD-NIT-12/2021-22-GR-28,Contruction of paver block road and hume pipe from house of Etwari Rai to Ramji Rai  in Ward no-06 Danapur Nagar Parishad.,Contruction of paver block road and hume pipe from house of Etwari Rai to Ramji Rai  in Ward no-06 Danapur Nagar Parishad.,1122669.0,INR,INR,2021-10-13 19:53:44+00:00,2021-10-13T19:50:07.296000+00:00,2021-11-30T11:00:53+00:00,"EXECUTIVE OFFICER, DANAPUR NIZAMAT",EO,NAGAR PARISHAD DANAPUR NIZAMAT,NAGAR PARISHAD DANAPUR NIZAMAT WARD NO.-35,"EXECUTIVE OFFICER, DANAPUR NIZAMAT",EO,NAGAR PARISHAD DANAPUR NIZAMAT,22500.0,2500.0,590.0
14385,MCD-NIT-12/2021-22-GR-29,Contruction of paver block road and hume pipe from house of Mahadev Rai to Umesh Rai in Ward no-06 Danapur Nagar Parishad.,Contruction of paver block road and hume pipe from house of Mahadev Rai to Umesh Rai in Ward no-06 Danapur Nagar Parishad.,1125985.0,INR,INR,2021-10-13 19:57:35+00:00,2021-10-13T19:54:08.309000+00:00,2021-11-30T11:13:36+00:00,"EXECUTIVE OFFICER, DANAPUR NIZAMAT",EO,NAGAR PARISHAD DANAPUR NIZAMAT,NAGAR PARISHAD DANAPUR NIZAMAT WARD NO.-35,"EXECUTIVE OFFICER, DANAPUR NIZAMAT",EO,NAGAR PARISHAD DANAPUR NIZAMAT,22600.0,2500.0,590.0
14413,18/E/WSD/2021/PMC/15,"Laying water supply HDPE pipe line in Marufganj Choura Road to Balram Rai House, Bharatpur Simli to Keshri Niwas and Shiv Yadav House and house to house connection at Ward No. 69.","Laying water supply HDPE pipe line in Marufganj Choura Road to Balram Rai House, Bharatpur Simli to Keshri Niwas and Shiv Yadav House and house to house connection at Ward No. 69.",5852817.0,INR,INR,2021-10-16 09:22:01+00:00,2021-10-16T09:10:37.642000+00:00,2022-01-06T09:35:36+00:00,Sri Ramswarup Prasad,"EE, Water Supply Division, PMC, Patna","Water Supply Division, Patna Municipal Corporation, Patna","Patna Water Board, Road No 02, Miller High School, Beer Chand Patel Path, Patna",Sri Ramswarup Prasad,"EE, Water Supply Division, PMC, Patna","Water Supply Division, Patna Municipal Corporation, Patna",117500.0,10000.0,590.0
14412,18/E/WSD/2021/PMC/14,"Laying water supply HDPE pipe line in Dalhata G.Road, Charkhi to Devi Ji Road, Baiju Sardar House, Barnel Road, Dilip Jaiswal, Besu Babu to R.Gali, Ashok Raj Path, Rameshwar Das House and house to house connection at Ward No. 69.","Laying water supply HDPE pipe line in Dalhata G.Road, Charkhi to Devi Ji Road, Baiju Sardar House, Barnel Road, Dilip Jaiswal, Besu Babu to R.Gali, Ashok Raj Path, Rameshwar Das House and house to house connection at Ward No. 69.",5595067.0,INR,INR,2021-10-16 09:08:00+00:00,2021-10-16T09:00:28.492000+00:00,2022-01-06T09:24:47+00:00,Sri Ramswarup Prasad,"EE, Water Supply Division, PMC, Patna","Water Supply Division, Patna Municipal Corporation, Patna","Patna Water Board, Road No 02, Miller High School, Beer Chand Patel Path, Patna",Sri Ramswarup Prasad,"EE, Water Supply Division, PMC, Patna","Water Supply Division, Patna Municipal Corporation, Patna",112000.0,10000.0,590.0
14414,19/BSBCCL/2021-22 GR02,"SC.&ST. RAJKIYA AMBEDKAR RESIDENTIAL  +2 SCHOOL at PIPLAWAN, PATNA.","SC.&ST. RAJKIYA AMBEDKAR RESIDENTIAL  +2 SCHOOL at PIPLAWAN, PATNA.",421973092.0,INR,INR,2021-10-16 11:47:36+00:00,2021-10-16T11:24:46.746000+00:00,2022-01-08T11:40:02+00:00,DGM BSBCCL PATNA,DEPUTY GENERAL MANAGER PATNA,BSBCCL SOUTH,"BSBCCL, Hospital Road, Sastri Nagar, Patna 800023",SANTOSH KUMAR,chief general manager,BSBCCL,5220000.0,10000.0,5900.0
14415,19/BSBCCL/2021-22 GR03,"CONSTRUCTION OF RAJKIYA AMBEDKAR RESIDENTIAL SCHOOL, SIRDALA, NAWADA.","CONSTRUCTION OF RAJKIYA AMBEDKAR RESIDENTIAL SCHOOL, SIRDALA, NAWADA.",462257380.0,INR,INR,2021-10-16 12:17:07+00:00,2021-10-16T11:55:11.116000+00:00,2022-05-26T11:08:14+00:00,DGM BSBCCL GAYA,DEPUTY GENERAL MANAGER GAYA,BSBCCL SOUTH,"BSBCCL, Hospital Road, Sastri Nagar, Patna 800023",SANTOSH KUMAR,chief general manager,BSBCCL,5623000.0,10000.0,5900.0
14411,18/E/WSD/2021/PMC/13,Laying HDPE water supply pipe line in Adarsh Vidhya Mandir Road No. 24-A to Road No. 241/2 and Devendra Prasad Gupta to Angad Verma Road No. 11 to Road No. 13 and house to house connection at Ward No. 06.,Laying HDPE water supply pipe line in Adarsh Vidhya Mandir Road No. 24-A to Road No. 241/2 and Devendra Prasad Gupta to Angad Verma Road No. 11 to Road No. 13 and house to house connection at Ward No. 06.,9650793.0,INR,INR,2021-10-16 08:57:26+00:00,2021-10-16T08:48:21.548000+00:00,2022-02-21T12:02:49+00:00,Sri Ramswarup Prasad,"EE, Water Supply Division, PMC, Patna","Water Supply Division, Patna Municipal Corporation, Patna","Patna Water Board, Road No 02, Miller High School, Beer Chand Patel Path, Patna",Sri Ramswarup Prasad,"EE, Water Supply Division, PMC, Patna","Water Supply Division, Patna Municipal Corporation, Patna",193500.0,10000.0,3540.0
14409,18/E/WSD/2021/PMC/11,"Laying HDPE water supply pipe line in Rajeev Nagar Road No. 14-A B C, Road No. 6-A, Road No. 9 and Rewa Murti Bhawan and house to house connection at Ward No. 06.","Laying HDPE water supply pipe line in Rajeev Nagar Road No. 14-A B C, Road No. 6-A, Road No. 9 and Rewa Murti Bhawan and house to house connection at Ward No. 06.",9388056.0,INR,INR,2021-10-16 08:33:11+00:00,2021-10-16T08:21:09.239000+00:00,2022-02-21T11:50:00+00:00,Sri Ramswarup Prasad,"EE, Water Supply Division, PMC, Patna","Water Supply Division, Patna Municipal Corporation, Patna","Patna Water Board, Road No 02, Miller High School, Beer Chand Patel Path, Patna",Sri Ramswarup Prasad,"EE, Water Supply Division, PMC, Patna","Water Supply Division, Patna Municipal Corporation, Patna",187800.0,10000.0,3540.0
14421,34/BSBCCL/21-22,PROPOSED CONSTRUCTION OF ADDITIONAL WORK IN REMAND HOME KISHANGANJ IN DIST- KISHANGANJ,PROPOSED CONSTRUCTION OF ADDITIONAL WORK IN REMAND HOME KISHANGANJ IN DIST- KISHANGANJ,2775187.0,INR,INR,2021-10-18 08:37:08+00:00,2021-10-18T08:30:23.987000+00:00,2022-01-07T11:52:27+00:00,DGM BSBCCL PURNEA,DEPUTY GENERAL MANAGER PURNEA,BSBCCL,"BSBCCL, Hospital Road, Sastri Nagar, Patna 800023",SANTOSH KUMAR,chief general manager,BSBCCL,56000.0,5000.0,590.0
14417,NIT NO- 02/2021-22/RETENDER/MOTIHARI,"Costruction of 03 Nos Lift irrigation Scheme (Barwa, Madhuchapra, and Bhairobhagat)","Costruction of 03 Nos Lift irrigation Scheme (Barwa, Madhuchapra, and Bhairobhagat)",9213955.0,INR,INR,2021-10-17 16:23:41+00:00,2021-10-17T14:45:59.374000+00:00,2022-04-22T07:03:20+00:00,ER RAM GOPAL RAUT,EXECUTIVE ENGINEER MINOR IRRIGATION DIVISION MOTIHARI,MINOR IRRIGATION DIVISION,BELISRAI MOTIHARI,Er. Sunil kumar CE MUZAFFARPUR 9934227277,Chief Engineer MWRD MUZAFFARPUR,MINOR WATER RESOURCES DEPARTMENT,184300.0,10000.0,3540.0
14419,NIT 08/2021-22/G-52/21,Construction of community hall and toilet near overbridge in ward no. 4 under Nagar Parishad Aurangabad.,Construction of community hall and toilet near overbridge in ward no. 4 under Nagar Parishad Aurangabad.,2499950.0,INR,INR,2021-10-18 07:55:19+00:00,2021-10-18T07:46:20.457000+00:00,2022-05-27T11:16:04+00:00,Executive Officer Aurangabad,Executive Officer Aurangabad,Municipal council Aurangabad,"Block More, Aurangabad",Ajeet Kumar,"Executive Officer, Nagar Parishad Aurangabad",Aurangabad Nagar Parishad,50000.0,5000.0,590.0
14418,33/BSBCCL/21-22 GR01,CONSTRUCTION OF PRPOSED BUILDING FOR VIRHAD ASHRAYA GRIHA AT JAMUI,CONSTRUCTION OF PRPOSED BUILDING FOR VIRHAD ASHRAYA GRIHA AT JAMUI,299448874.0,INR,INR,2021-10-18 08:24:34+00:00,2021-10-18T06:59:08.427000+00:00,2021-12-08T08:15:12+00:00,DGM BSBCCL MUNGER,DGM BSBCCL MUNGER,BSBCCL SOUTH,"BSBCCL, Hospital Road, Sastri Nagar, Patna 800023",SANTOSH KUMAR,chief general manager,BSBCCL,3995000.0,10000.0,5900.0
14426,19/BCD/EWD 3/2021-22,"Supply, Installation, Testing and Commissioning of 2 Nos. MRL Lift of 13 Passenger (Including with 5 Years Operation & Maintenance) at Old Sectt., Patna.","Supply, Installation, Testing and Commissioning of 2 Nos. MRL Lift of 13 Passenger (Including with 5 Years Operation & Maintenance) at Old Sectt., Patna.",7440687.0,INR,INR,2021-10-18 12:00:54+00:00,2021-10-18T11:52:58.402000+00:00,2022-01-03T08:54:08+00:00,"Electrical Executive Engineer, Electric work  Division no 3",EEE,"Electrical Executive Engineer, Electric work  Division no 3  Patna ,BCD","Electrical Executive Engineer, Electric work  Division no 3  Patna ,BCD","Superintending Engineer, Electric South Bihar Circle",SE,Electric South Bihar Circle,148900.0,10000.0,3540.0
14425,NIT NO- 02/2021-22/GR02/BAIRGANIA,"Road sweeping, site cleaning, cleaning of main road lifting of dead animals etc. in all wards of Nagar Parishad Bairgania everyday. Cleaning of drains everyday with special drive during pre-monsoon season. Segregation of all the waste into dry and wet waste and their transportation to the identified / dumping site separately everyday. Sanitisation, bleaching, lime and other Sanitation related works.","Road sweeping, site cleaning, cleaning of main road lifting of dead animals etc. in all wards of Nagar Parishad Bairgania everyday. Cleaning of drains everyday with special drive during pre-monsoon season. Segregation of all the waste into dry and wet waste and their transportation to the identified / dumping site separately everyday. Sanitisation, bleaching, lime and other Sanitation related works.",987000.0,INR,INR,2021-10-18 11:54:20+00:00,2021-10-18T11:38:03.322000+00:00,2021-11-01T14:44:58+00:00,EO Sushil Kumar,EXECUTIVE OFFICER NP BAIRGANIA,"NAGAR PARISHAD BAIRGANIA, UDHD",NAGAR PARSHID BAIRGANIA,Sushil Kumar,EXECUTIVE OFFICER NP Bairgania,"EXECUTIVE OFFICER, BAIRGANIA",100000.0,10000.0,590.0
14422,NIT-13/2021-22,Construction of P.C.C. Road and R.C.C. Drain with cover from Mahavir Asthan Temple towards Gandhi Dalit Tola via H/o Adya Singh in Janakpur in Ward No. 50 under G.M.C. Gaya,Construction of P.C.C. Road and R.C.C. Drain with cover from Mahavir Asthan Temple towards Gandhi Dalit Tola via H/o Adya Singh in Janakpur in Ward No. 50 under G.M.C. Gaya,6041065.0,INR,INR,2021-10-18 09:16:23+00:00,2021-10-18T08:43:10.691000+00:00,2022-07-04T06:43:03+00:00,SAWAN KUMAR,Municipal Commissioner Gaya,GAYA MUNICIPAL CORPORATION,NEAR KEDARNATH MARKET GAYA,Sawan Kumar,MUNICIPAL COMMISSIONER,GAYA MUNICIPAL CORPORATION GAYA,121000.0,10000.0,590.0
14416,NPI-NIT-01/2021-22,"Under solid waste management under Nagar Panchayat Islampur Nalanda, door to door collection and disposal of wet and dry waste in all 19 wards and operation of processing units, manufacturing of organic manure etc.","Under solid waste management under Nagar Panchayat Islampur Nalanda, door to door collection and disposal of wet and dry waste in all 19 wards and operation of processing units, manufacturing of organic manure etc.",0.0,INR,INR,2021-10-18 11:27:29+00:00,2021-10-17T05:19:38.009000+00:00,2022-02-15T11:35:49+00:00,"EXECUTIVE OFFICER, N.P. ISLAMPUR (EO)",EXECUTIVE OFFICER,NAGAR PANCHAYAT ISLAMPUR,"ISLAMPUR, NALANDA","EXCUTIVE OFFICER, ISLAMPUR",EO,NAGAR PANCHAYAT ISLAMPUR,100000.0,10000.0,590.0
14420,NIT 08/2021-22/G-53/21,Construction of community hall near Panchdev mandir and construction on uper floor on community toilet in ward no. 4 under Nagar Parishad Aurangabad.,Construction of community hall near Panchdev mandir and construction on uper floor on community toilet in ward no. 4 under Nagar Parishad Aurangabad.,2496174.0,INR,INR,2021-10-18 07:59:01+00:00,2021-10-18T07:55:46.264000+00:00,2022-05-27T11:22:16+00:00,Executive Officer Aurangabad,Executive Officer Aurangabad,Municipal council Aurangabad,"Block More, Aurangabad",Ajeet Kumar,"Executive Officer, Nagar Parishad Aurangabad",Aurangabad Nagar Parishad,50000.0,5000.0,590.0
14433,20/E/NCD/21-22 GR NO-06,"Provision for Temporary barricading with sal ballah , Lighting , control room etc on the occasion Kartik chhath festival (2021) at beur gaon talab in Ward No-11.","Provision for Temporary barricading with sal ballah , Lighting , control room etc on the occasion Kartik chhath festival (2021) at beur gaon talab in Ward No-11.",168323.0,INR,INR,2021-10-19 03:00:58+00:00,2021-10-19T02:57:08.953000+00:00,2021-10-25T11:48:19+00:00,"Shushil Kumar Jha, Executive Engineer",EE,"New Capital Division, Patna Municipal Corporation, Patna","Harding Road, Patna",Shushil Kumar Jha,EE,"New Capital Division, Patna Municipal Corporation, Patna",3366.0,500.0,590.0
14427,20/E/NCD/21-22 GR NO-01,"Construction of temporary approach road, Parking and Improvement of ghat  with  temporary barricading with Sal Ballah , Chali , local sand on the occasion of kartik chhath festival and kartik purnima at mahendru ghat during 2021.","Construction of temporary approach road, Parking and Improvement of ghat  with  temporary barricading with Sal Ballah , Chali , local sand on the occasion of kartik chhath festival and kartik purnima at mahendru ghat during 2021.",2418755.0,INR,INR,2021-10-19 02:33:39+00:00,2021-10-19T01:57:48.640000+00:00,2021-10-25T12:58:06+00:00,"Shushil Kumar Jha, Executive Engineer",EE,"New Capital Division, Patna Municipal Corporation, Patna","Harding Road, Patna",Shushil Kumar Jha,EE,"New Capital Division, Patna Municipal Corporation, Patna",48375.0,5000.0,590.0
14434,20/E/NCD/21-22 GR NO-07,"Provision for Temporary barricading with sal ballah , Lighting , control room etc on the occasion Kartik chhath festival (2021) at Manik chand talab in Ward No-10.","Provision for Temporary barricading with sal ballah , Lighting , control room etc on the occasion Kartik chhath festival (2021) at Manik chand talab in Ward No-10.",325068.0,INR,INR,2021-10-19 03:06:12+00:00,2021-10-19T03:01:20.550000+00:00,2021-10-24T09:31:00+00:00,"Shushil Kumar Jha, Executive Engineer",EE,"New Capital Division, Patna Municipal Corporation, Patna","Harding Road, Patna",Shushil Kumar Jha,EE,"New Capital Division, Patna Municipal Corporation, Patna",6501.0,750.0,590.0
14439,20/E/NCD/21-22 GR NO-12,"Provision for Temporary barricading with sal ballah , Lighting , control room etc on the occasion Kartik chhath festival (2021) at  Mahua bagh in Ward No-03.","Provision for Temporary barricading with sal ballah , Lighting , control room etc on the occasion Kartik chhath festival (2021) at  Mahua bagh in Ward No-03.",317976.0,INR,INR,2021-10-19 03:37:18+00:00,2021-10-19T03:33:06.130000+00:00,2021-10-25T11:59:58+00:00,"Shushil Kumar Jha, Executive Engineer",EE,"New Capital Division, Patna Municipal Corporation, Patna","Harding Road, Patna",Shushil Kumar Jha,EE,"New Capital Division, Patna Municipal Corporation, Patna",6360.0,750.0,590.0
14436,20/E/NCD/21-22 GR NO-09,"Provision for Temporary barricading with sal ballah , Lighting , control room etc on the occasion Kartik chhath festival  at B.M.P-10 talab under ward no-04 in yr-2021.","Provision for Temporary barricading with sal ballah , Lighting , control room etc on the occasion Kartik chhath festival  at B.M.P-10 talab under ward no-04 in yr-2021.",218913.0,INR,INR,2021-10-19 03:21:57+00:00,2021-10-19T03:12:06.067000+00:00,2021-10-26T13:41:01+00:00,"Shushil Kumar Jha, Executive Engineer",EE,"New Capital Division, Patna Municipal Corporation, Patna","Harding Road, Patna",Shushil Kumar Jha,EE,"New Capital Division, Patna Municipal Corporation, Patna",4378.0,500.0,590.0
14435,20/E/NCD/21-22 GR NO-08,"Provision for Temporary barricading with sal ballah , Lighting , control room etc on the occasion Kartik chhath festival at B.M.P-05 kartik chhath festival talab under ward no-04 in yr-2021.","Provision for Temporary barricading with sal ballah , Lighting , control room etc on the occasion Kartik chhath festival at B.M.P-05 kartik chhath festival talab under ward no-04 in yr-2021.",298716.0,INR,INR,2021-10-19 03:11:35+00:00,2021-10-19T03:06:39.001000+00:00,2021-10-25T11:17:00+00:00,"Shushil Kumar Jha, Executive Engineer",EE,"New Capital Division, Patna Municipal Corporation, Patna","Harding Road, Patna",Shushil Kumar Jha,EE,"New Capital Division, Patna Municipal Corporation, Patna",5974.0,750.0,590.0
14441,20/E/NCD/21-22 GR NO-14,"Provision for Temporary barricading with sal ballah , Lighting , control room etc on the occasion Kartik chhath festival (2021) at  Shree Krishna puri l.f.side park talab under ward no-21 in yr-2021.","Provision for Temporary barricading with sal ballah , Lighting , control room etc on the occasion Kartik chhath festival (2021) at  Shree Krishna puri l.f.side park talab under ward no-21 in yr-2021.",101035.0,INR,INR,2021-10-19 03:46:27+00:00,2021-10-19T03:42:42.731000+00:00,2021-10-25T13:31:53+00:00,"Shushil Kumar Jha, Executive Engineer",EE,"New Capital Division, Patna Municipal Corporation, Patna","Harding Road, Patna",Shushil Kumar Jha,EE,"New Capital Division, Patna Municipal Corporation, Patna",2034.0,500.0,590.0
14438,20/E/NCD/21-22 GR NO-11,"Provision for Temporary barricading with sal ballah , Lighting , control room etc on the occasion Kartik chhath festival at Shiv mandir talab under ward no-04 in yr-2021.","Provision for Temporary barricading with sal ballah , Lighting , control room etc on the occasion Kartik chhath festival at Shiv mandir talab under ward no-04 in yr-2021.",81594.0,INR,INR,2021-10-19 03:32:38+00:00,2021-10-19T03:28:35.595000+00:00,2021-10-25T11:30:16+00:00,"Shushil Kumar Jha, Executive Engineer",EE,"New Capital Division, Patna Municipal Corporation, Patna","Harding Road, Patna",Shushil Kumar Jha,EE,"New Capital Division, Patna Municipal Corporation, Patna",1648.0,500.0,590.0
14432,20/E/NCD/21-22 GR NO-05,"Provision for Temporary barricading with sal ballah , Lighting , control room etc on the occasion Kartik chhath festival (2021) at Katchi talab in Ward No-14,15&16.","Provision for Temporary barricading with sal ballah , Lighting , control room etc on the occasion Kartik chhath festival (2021) at Katchi talab in Ward No-14,15&16.",275434.0,INR,INR,2021-10-19 02:56:43+00:00,2021-10-19T02:52:42.387000+00:00,2021-10-25T12:22:54+00:00,"Shushil Kumar Jha, Executive Engineer",EE,"New Capital Division, Patna Municipal Corporation, Patna","Harding Road, Patna",Shushil Kumar Jha,EE,"New Capital Division, Patna Municipal Corporation, Patna",5510.0,750.0,590.0
14437,20/E/NCD/21-22 GR NO-10,"Provision for Temporary barricading with sal ballah , Lighting , control room etc on the occasion Kartik chhath festival (2021) at Sanjay gandhi jaiwik Udhyan in Ward No-09.","Provision for Temporary barricading with sal ballah , Lighting , control room etc on the occasion Kartik chhath festival (2021) at Sanjay gandhi jaiwik Udhyan in Ward No-09.",629216.0,INR,INR,2021-10-19 03:28:07+00:00,2021-10-19T03:22:38.616000+00:00,2021-10-25T11:01:58+00:00,"Shushil Kumar Jha, Executive Engineer",EE,"New Capital Division, Patna Municipal Corporation, Patna","Harding Road, Patna",Shushil Kumar Jha,EE,"New Capital Division, Patna Municipal Corporation, Patna",12584.0,1250.0,590.0
14440,20/E/NCD/21-22 GR NO-13,"Provision for Temporary barricading with sal ballah , Lighting , control room etc on the occasion Kartik chhath festival (2021) at panch mandir 10 no Talab in Ward No-13,14 & 15.","Provision for Temporary barricading with sal ballah , Lighting , control room etc on the occasion Kartik chhath festival (2021) at panch mandir 10 no Talab in Ward No-13,14 & 15.",216881.0,INR,INR,2021-10-19 03:42:22+00:00,2021-10-19T03:37:40.423000+00:00,2021-10-25T12:09:57+00:00,"Shushil Kumar Jha, Executive Engineer",EE,"New Capital Division, Patna Municipal Corporation, Patna","Harding Road, Patna",Shushil Kumar Jha,EE,"New Capital Division, Patna Municipal Corporation, Patna",4338.0,500.0,590.0
14442,20/E/NCD/21-22 GR NO-15,"Provision for Temporary barricading with sal ballah , Lighting , control room etc on the occasion Kartik chhath festival (2021) at Daroga ray path machali market talab under ward no-21 in yr-2021.","Provision for Temporary barricading with sal ballah , Lighting , control room etc on the occasion Kartik chhath festival (2021) at Daroga ray path machali market talab under ward no-21 in yr-2021.",100131.0,INR,INR,2021-10-19 03:50:39+00:00,2021-10-19T03:46:50.976000+00:00,2021-10-25T13:24:07+00:00,"Shushil Kumar Jha, Executive Engineer",EE,"New Capital Division, Patna Municipal Corporation, Patna","Harding Road, Patna",Shushil Kumar Jha,EE,"New Capital Division, Patna Municipal Corporation, Patna",2023.0,500.0,590.0
14446,E TENDAR 01-2021-22/04,"construction of  Shade in Nagar Parishad Jamalpur Office Campus under NP Jamaplur, Dist-Munger.","construction of  Shade in Nagar Parishad Jamalpur Office Campus under NP Jamaplur, Dist-Munger.",425700.0,INR,INR,2021-10-19 06:54:53+00:00,2021-10-19T06:46:36.111000+00:00,2022-02-09T09:29:30+00:00,"POOJA MALA (EXECUTIVE OFFICER, JAMALPUR)",EXECUTIVE OFFICER JAMALPUR,NAGAR PARISHAD JAMALPUR,OFFICE NAGAR PARISHAD JAMALPUR,"VIJAY SHIL GAUTAM (EXECUTIVE OFFICER, JAMALPUR)",EXECUTIVE OFFICER JAMALPUR,NAGAR PARISHAD JAMALPUR,8600.0,1250.0,590.0
14452,04/PIU-01/PMC/2021-22/01,"P.C.C. Work From Maner Sweet to Passport Office (Block-D) Mauryalok Complex Patna, Nagar Nigam (External)","P.C.C. Work From Maner Sweet to Passport Office (Block-D) Mauryalok Complex Patna, Nagar Nigam (External)",589800.0,INR,INR,2021-10-20 12:33:37+00:00,2021-10-20T12:13:51.202000+00:00,2022-06-15T09:17:50+00:00,"Shushil Kumar Jha, Executive Engineer PIU",EE,"Project Implementation Unit-1,Patna Municipal Corporation,Patna","Shop No-04 Maurya Tower,Patna-01","Shushil Kumar Jha,  Executive Engineer, PIU1, PATNA",EE,"Project Implementation Unit-1, Patna Municipal Corporation, Patna",11914.0,1250.0,590.0
14443,E TENDAR 01-2021-22/01,"construction of Dry Waste Store, Office, fertilizer with 02 nos. W.C.","construction of Dry Waste Store, Office, fertilizer with 02 nos. W.C.",829000.0,INR,INR,2021-10-19 06:33:26+00:00,2021-10-19T06:00:21.046000+00:00,2021-10-22T11:31:00+00:00,"POOJA MALA (EXECUTIVE OFFICER, JAMALPUR)",EXECUTIVE OFFICER JAMALPUR,NAGAR PARISHAD JAMALPUR,OFFICE NAGAR PARISHAD JAMALPUR,"VIJAY SHIL GAUTAM (EXECUTIVE OFFICER, JAMALPUR)",EXECUTIVE OFFICER JAMALPUR,NAGAR PARISHAD JAMALPUR,16500.0,2500.0,590.0
14444,E TENDAR 01-2021-22/02,Construction of Boundary wall for MRF site under NP Jamalpur,Construction of Boundary wall for MRF site under NP Jamalpur,1503800.0,INR,INR,2021-10-19 06:40:27+00:00,2021-10-19T06:34:33.647000+00:00,2021-10-22T11:31:00+00:00,"POOJA MALA (EXECUTIVE OFFICER, JAMALPUR)",EXECUTIVE OFFICER JAMALPUR,NAGAR PARISHAD JAMALPUR,OFFICE NAGAR PARISHAD JAMALPUR,"VIJAY SHIL GAUTAM (EXECUTIVE OFFICER, JAMALPUR)",EXECUTIVE OFFICER JAMALPUR,NAGAR PARISHAD JAMALPUR,30100.0,5000.0,590.0
14445,E TENDAR 01-2021-22/03,"construction of  Shade over Garrage in Nagar Parishad Jamalpur Office under NP Jamaplur, Dist-Munger.","construction of  Shade over Garrage in Nagar Parishad Jamalpur Office under NP Jamaplur, Dist-Munger.",946200.0,INR,INR,2021-10-19 06:46:11+00:00,2021-10-19T06:40:56.263000+00:00,2021-10-22T11:31:00+00:00,"POOJA MALA (EXECUTIVE OFFICER, JAMALPUR)",EXECUTIVE OFFICER JAMALPUR,NAGAR PARISHAD JAMALPUR,OFFICE NAGAR PARISHAD JAMALPUR,"VIJAY SHIL GAUTAM (EXECUTIVE OFFICER, JAMALPUR)",EXECUTIVE OFFICER JAMALPUR,NAGAR PARISHAD JAMALPUR,19000.0,2500.0,590.0
14449,NIT- 03/2021-22/GR-03,Per Side- Compost Pit- Disposal and Processing of solid wet waste in compost pit site and prepare compost pertilizer. (Zone 03),Per Side- Compost Pit- Disposal and Processing of solid wet waste in compost pit site and prepare compost pertilizer. (Zone 03),0.0,INR,INR,2021-10-19 08:07:32+00:00,2021-10-19T07:55:49.288000+00:00,2021-12-23T11:04:16+00:00,BASANT KUMAR,"EXECUTIVE OFFICER, NAGAR PANCHAYAT CHANPATIA",NAGAR PANCHAYAT CHANPATIA,"WARD NO.-10, NEAR BLOCK ROAD, TIKULIYA",BASANT KUMAR,"EXECUTIVE OFFICER, NAGAR PANCHAYAT CHANPATIA",NAGAR PANCHAYAT CHANPATIA,10000.0,5000.0,590.0
14448,NIT- 03/2021-22/GR-02,Swpping drainage Cleaning in All 15 Wards  & Night Swpping and waste carriage form Tikuliya Chowk to Dhath Chowk Bus Stand to Pathar Mandir Throgh Shyam Cinema & Sabji mandi Raod. (Zone 02),Swpping drainage Cleaning in All 15 Wards  & Night Swpping and waste carriage form Tikuliya Chowk to Dhath Chowk Bus Stand to Pathar Mandir Throgh Shyam Cinema & Sabji mandi Raod. (Zone 02),0.0,INR,INR,2021-10-19 08:05:59+00:00,2021-10-19T07:48:46.517000+00:00,2021-12-23T10:52:57+00:00,BASANT KUMAR,"EXECUTIVE OFFICER, NAGAR PANCHAYAT CHANPATIA",NAGAR PANCHAYAT CHANPATIA,"WARD NO.-10, NEAR BLOCK ROAD, TIKULIYA",BASANT KUMAR,"EXECUTIVE OFFICER, NAGAR PANCHAYAT CHANPATIA",NAGAR PANCHAYAT CHANPATIA,30000.0,5000.0,590.0
14447,NIT- 03/2021-22/GR-01,Door to Door Segregation of solid and wet waste segregate at source and wet waste dump at pit side Work (Zone 01),Door to Door Segregation of solid and wet waste segregate at source and wet waste dump at pit side Work (Zone 01),0.0,INR,INR,2021-10-19 08:04:41+00:00,2021-10-19T06:59:05.145000+00:00,2021-12-23T10:44:45+00:00,BASANT KUMAR,"EXECUTIVE OFFICER, NAGAR PANCHAYAT CHANPATIA",NAGAR PANCHAYAT CHANPATIA,"WARD NO.-10, NEAR BLOCK ROAD, TIKULIYA",BASANT KUMAR,"EXECUTIVE OFFICER, NAGAR PANCHAYAT CHANPATIA",NAGAR PANCHAYAT CHANPATIA,30000.0,5000.0,590.0
14454,42/PR/BSPTCL/2021,Procurement of 31 nos. of Portable Emergency Lighting System with inflatable balloon,Procurement of 31 nos. of Portable Emergency Lighting System with inflatable balloon,7871287.81,INR,INR,2021-10-20 13:27:57+00:00,2021-10-20T13:08:55.924000+00:00,2022-05-18T10:10:30+00:00,MADHU PRIYA,ELECTRICAL EXECUTIVE ENGINEER,BSPTCL,VIDYUT BHAWAN PATNA,AMAR KUMAR MISHRA,ESE,BSPTCL,158000.0,11800.0,3540.0
14548,NIT NO-04/2021-22/GOPALGANJ/GR16,Construction of  Paver Block Road from Pradeep lal house to NH- 28 in ward no. 06 under nagar parishad Gopalganj,Construction of  Paver Block Road from Pradeep lal house to NH- 28 in ward no. 06 under nagar parishad Gopalganj,294940.0,INR,INR,2021-10-22 01:57:39+00:00,2021-10-21T15:54:02.025000+00:00,2022-11-16T10:56:18+00:00,AJAY KUMAR,EXECUTIVE OFFICER,EXECUTIVE OFFICER,"EXECUTIVE OFFICER, NAGAR PARISAD GOPALGANJ",AJAY KUMAR,EXECUTIVE OFFICER,EXECUTIVE OFFICER,6000.0,750.0,590.0
14549,NIT NO-04/2021-22/GOPALGANJ/GR17,Construction of  PCC road from Om prakash sharma house  to Kamlakant thakur house  via Sunil sharma and Sharda Upadhyay house in ward no. 09 under Nagar parishad   Gopalganj,Construction of  PCC road from Om prakash sharma house  to Kamlakant thakur house  via Sunil sharma and Sharda Upadhyay house in ward no. 09 under Nagar parishad   Gopalganj,474919.0,INR,INR,2021-10-22 02:02:15+00:00,2021-10-22T01:58:00.577000+00:00,2022-11-16T11:08:59+00:00,AJAY KUMAR,EXECUTIVE OFFICER,EXECUTIVE OFFICER,"EXECUTIVE OFFICER, NAGAR PARISAD GOPALGANJ",AJAY KUMAR,EXECUTIVE OFFICER,EXECUTIVE OFFICER,10000.0,750.0,590.0
14551,NIT NO-04/2021-22/GOPALGANJ/GR19,Construction of drain from Prabhunath dubey house to Mohan singh house via Kapildev dubey house in ward no. 09 under Nagar parishad   Gopalganj,Construction of drain from Prabhunath dubey house to Mohan singh house via Kapildev dubey house in ward no. 09 under Nagar parishad   Gopalganj,214663.0,INR,INR,2021-10-22 02:10:51+00:00,2021-10-22T02:07:07.645000+00:00,2022-11-16T11:25:24+00:00,AJAY KUMAR,EXECUTIVE OFFICER,EXECUTIVE OFFICER,"EXECUTIVE OFFICER, NAGAR PARISAD GOPALGANJ",AJAY KUMAR,EXECUTIVE OFFICER,EXECUTIVE OFFICER,4500.0,500.0,590.0
14550,NIT NO-04/2021-22/GOPALGANJ/GR18,Construction of  PCC road from Vakil miya house  to Raja shah house in ward no. 09 under Nagar parishad   Gopalganj,Construction of  PCC road from Vakil miya house  to Raja shah house in ward no. 09 under Nagar parishad   Gopalganj,294100.0,INR,INR,2021-10-22 02:06:43+00:00,2021-10-22T02:02:48.586000+00:00,2022-11-16T11:15:55+00:00,AJAY KUMAR,EXECUTIVE OFFICER,EXECUTIVE OFFICER,"EXECUTIVE OFFICER, NAGAR PARISAD GOPALGANJ",AJAY KUMAR,EXECUTIVE OFFICER,EXECUTIVE OFFICER,6000.0,750.0,590.0
14557,NIT NO-04/2021-22/GOPALGANJ/GR25,"Construction of  crossing near Nagina shah house and Bipin bihari house & Reparing of drain near Shivpujan prasad lane, Gupta colony as well as Shankar prasad house to thana chowk via behind jagajeevan hostal  in ward no. 11 under nagar parishad Gopalganj","Construction of  crossing near Nagina shah house and Bipin bihari house & Reparing of drain near Shivpujan prasad lane, Gupta colony as well as Shankar prasad house to thana chowk via behind jagajeevan hostal  in ward no. 11 under nagar parishad Gopalganj",565475.0,INR,INR,2021-10-22 02:37:15+00:00,2021-10-22T02:33:24.918000+00:00,2022-11-22T10:02:30+00:00,AJAY KUMAR,EXECUTIVE OFFICER,EXECUTIVE OFFICER,"EXECUTIVE OFFICER, NAGAR PARISAD GOPALGANJ",AJAY KUMAR,EXECUTIVE OFFICER,EXECUTIVE OFFICER,12000.0,1250.0,590.0
14556,NIT NO-04/2021-22/GOPALGANJ/GR24,Construction of  P C C  road from Md. Nasim house  to Md. Sagir house in ward  no. 11 under nagar parishad gopalganj,Construction of  P C C  road from Md. Nasim house  to Md. Sagir house in ward  no. 11 under nagar parishad gopalganj,92473.0,INR,INR,2021-10-22 02:33:05+00:00,2021-10-22T02:29:15.953000+00:00,2022-11-22T09:52:22+00:00,AJAY KUMAR,EXECUTIVE OFFICER,EXECUTIVE OFFICER,"EXECUTIVE OFFICER, NAGAR PARISAD GOPALGANJ",AJAY KUMAR,EXECUTIVE OFFICER,EXECUTIVE OFFICER,2000.0,500.0,590.0
14558,NIT NO-04/2021-22/GOPALGANJ/GR26,Construction of PCC road and drain from PCC road to Mahavir prasad house in ward no. 11 under Nagar parishad   Gopalganj,Construction of PCC road and drain from PCC road to Mahavir prasad house in ward no. 11 under Nagar parishad   Gopalganj,161791.0,INR,INR,2021-10-22 02:41:05+00:00,2021-10-22T02:37:31.828000+00:00,2022-11-22T10:13:03+00:00,AJAY KUMAR,EXECUTIVE OFFICER,EXECUTIVE OFFICER,"EXECUTIVE OFFICER, NAGAR PARISAD GOPALGANJ",AJAY KUMAR,EXECUTIVE OFFICER,EXECUTIVE OFFICER,4000.0,500.0,590.0
14560,NIT NO-04/2021-22/GOPALGANJ/GR28,Construction of  Paver Block Road  from Navin Prakash house to Akhileshwar prasad house in ward no. 12 under nagar parishad Gopalganj,Construction of  Paver Block Road  from Navin Prakash house to Akhileshwar prasad house in ward no. 12 under nagar parishad Gopalganj,46552.0,INR,INR,2021-10-22 02:48:55+00:00,2021-10-22T02:45:39.145000+00:00,2022-11-22T10:30:02+00:00,AJAY KUMAR,EXECUTIVE OFFICER,EXECUTIVE OFFICER,"EXECUTIVE OFFICER, NAGAR PARISAD GOPALGANJ",AJAY KUMAR,EXECUTIVE OFFICER,EXECUTIVE OFFICER,1000.0,250.0,590.0
14554,NIT NO-04/2021-22/GOPALGANJ/GR22,Construction of  P C C road and drain from Haziapur Road to Anand bihari Srivastava house via Bharat prasad house in ward no. 11  under Nagar parishad   Gopalganj,Construction of  P C C road and drain from Haziapur Road to Anand bihari Srivastava house via Bharat prasad house in ward no. 11  under Nagar parishad   Gopalganj,375091.0,INR,INR,2021-10-22 02:24:23+00:00,2021-10-22T02:19:38.176000+00:00,2022-11-16T11:46:39+00:00,AJAY KUMAR,EXECUTIVE OFFICER,EXECUTIVE OFFICER,"EXECUTIVE OFFICER, NAGAR PARISAD GOPALGANJ",AJAY KUMAR,EXECUTIVE OFFICER,EXECUTIVE OFFICER,8000.0,750.0,590.0
14553,NIT NO-04/2021-22/GOPALGANJ/GR21,Construction of  Paver Block Road and drain from Pasi tola PCC road to PCC road in ward no. 10 under nagar parishad Gopalganj,Construction of  Paver Block Road and drain from Pasi tola PCC road to PCC road in ward no. 10 under nagar parishad Gopalganj,2042078.0,INR,INR,2021-10-22 02:19:21+00:00,2021-10-22T02:15:04.216000+00:00,2022-11-16T11:39:00+00:00,AJAY KUMAR,EXECUTIVE OFFICER,EXECUTIVE OFFICER,"EXECUTIVE OFFICER, NAGAR PARISAD GOPALGANJ",AJAY KUMAR,EXECUTIVE OFFICER,EXECUTIVE OFFICER,41000.0,5000.0,590.0
14559,NIT NO-04/2021-22/GOPALGANJ/GR27,Construction of  PCC Road and drain Birendra Chaudhari house to Arjun yadav house in ward no. 11 under nagar parishad Gopalganj,Construction of  PCC Road and drain Birendra Chaudhari house to Arjun yadav house in ward no. 11 under nagar parishad Gopalganj,203820.0,INR,INR,2021-10-22 02:45:17+00:00,2021-10-22T02:41:21.698000+00:00,2022-11-22T10:22:06+00:00,AJAY KUMAR,EXECUTIVE OFFICER,EXECUTIVE OFFICER,"EXECUTIVE OFFICER, NAGAR PARISAD GOPALGANJ",AJAY KUMAR,EXECUTIVE OFFICER,EXECUTIVE OFFICER,4500.0,500.0,590.0
14563,NIT NO-04/2021-22/GOPALGANJ/GR31,Construction of  P C C road  from Nejam miya house to Masjid via Abunasar house in ward no. 12 under Nagar parishad   Gopalganj,Construction of  P C C road  from Nejam miya house to Masjid via Abunasar house in ward no. 12 under Nagar parishad   Gopalganj,205177.0,INR,INR,2021-10-22 02:59:45+00:00,2021-10-22T02:56:20.466000+00:00,2022-11-22T10:52:26+00:00,AJAY KUMAR,EXECUTIVE OFFICER,EXECUTIVE OFFICER,"EXECUTIVE OFFICER, NAGAR PARISAD GOPALGANJ",AJAY KUMAR,EXECUTIVE OFFICER,EXECUTIVE OFFICER,4500.0,500.0,590.0
14564,NIT NO-04/2021-22/GOPALGANJ/GR32,Construction of  PCC Road and drain in  from Banjari Pitch path to Rahul sinha ji house via Tuntun mishra ji house in ward no. 13 under nagar parishad Gopalganj,Construction of  PCC Road and drain in  from Banjari Pitch path to Rahul sinha ji house via Tuntun mishra ji house in ward no. 13 under nagar parishad Gopalganj,502070.0,INR,INR,2021-10-22 03:03:39+00:00,2021-10-22T02:59:57.766000+00:00,2022-11-22T11:00:28+00:00,AJAY KUMAR,EXECUTIVE OFFICER,EXECUTIVE OFFICER,"EXECUTIVE OFFICER, NAGAR PARISAD GOPALGANJ",AJAY KUMAR,EXECUTIVE OFFICER,EXECUTIVE OFFICER,11000.0,1250.0,590.0
14565,NIT NO-04/2021-22/GOPALGANJ/GR33,Construction of  Paver Block Road and RCC drain from Harendra shahi house towards north side Minz stadium road in ward no. 13 under nagar parishad Gopalganj,Construction of  Paver Block Road and RCC drain from Harendra shahi house towards north side Minz stadium road in ward no. 13 under nagar parishad Gopalganj,786870.0,INR,INR,2021-10-22 03:07:25+00:00,2021-10-22T03:03:52.376000+00:00,2022-11-22T11:06:52+00:00,AJAY KUMAR,EXECUTIVE OFFICER,EXECUTIVE OFFICER,"EXECUTIVE OFFICER, NAGAR PARISAD GOPALGANJ",AJAY KUMAR,EXECUTIVE OFFICER,EXECUTIVE OFFICER,16000.0,1250.0,590.0
14562,NIT NO-04/2021-22/GOPALGANJ/GR30,RCC drain From Abdul motin house to Islam miya house in ward no. 12 under nagar parishad Gopalganj,RCC drain From Abdul motin house to Islam miya house in ward no. 12 under nagar parishad Gopalganj,180671.0,INR,INR,2021-10-22 02:56:07+00:00,2021-10-22T02:52:48.941000+00:00,2022-11-22T10:43:48+00:00,AJAY KUMAR,EXECUTIVE OFFICER,EXECUTIVE OFFICER,"EXECUTIVE OFFICER, NAGAR PARISAD GOPALGANJ",AJAY KUMAR,EXECUTIVE OFFICER,EXECUTIVE OFFICER,4000.0,500.0,590.0
14561,NIT NO-04/2021-22/GOPALGANJ/GR29,Raising of drain and Construction of  PCC Road behind Shambhu marriage hal to Dinanath Pandey house in ward no. 12 under nagar parishad Gopalganj,Raising of drain and Construction of  PCC Road behind Shambhu marriage hal to Dinanath Pandey house in ward no. 12 under nagar parishad Gopalganj,468103.0,INR,INR,2021-10-22 02:52:34+00:00,2021-10-22T02:49:09.702000+00:00,2022-11-22T10:36:37+00:00,AJAY KUMAR,EXECUTIVE OFFICER,EXECUTIVE OFFICER,"EXECUTIVE OFFICER, NAGAR PARISAD GOPALGANJ",AJAY KUMAR,EXECUTIVE OFFICER,EXECUTIVE OFFICER,10000.0,750.0,590.0
14567,NIT NO-04/2021-22/GOPALGANJ/GR35,Construction of Paver Block Road and RCC drain from Kishore prasad house to Sonu srivastava house in ward no. 14 under nagar parishad Gopalganj,Construction of Paver Block Road and RCC drain from Kishore prasad house to Sonu srivastava house in ward no. 14 under nagar parishad Gopalganj,67759.0,INR,INR,2021-10-22 03:14:41+00:00,2021-10-22T03:11:27.820000+00:00,2022-11-22T11:24:44+00:00,AJAY KUMAR,EXECUTIVE OFFICER,EXECUTIVE OFFICER,"EXECUTIVE OFFICER, NAGAR PARISAD GOPALGANJ",AJAY KUMAR,EXECUTIVE OFFICER,EXECUTIVE OFFICER,1500.0,500.0,590.0
14571,NIT NO-04/2021-22/GOPALGANJ/GR39,Construction of  Paver block  Road  from Akhilesh singh house to Shambhu pandey house  in ward no. 14 under nagar parishad Gopalganj,Construction of  Paver block  Road  from Akhilesh singh house to Shambhu pandey house  in ward no. 14 under nagar parishad Gopalganj,90367.0,INR,INR,2021-10-22 03:28:16+00:00,2021-10-22T03:25:13.317000+00:00,2022-11-22T11:53:30+00:00,AJAY KUMAR,EXECUTIVE OFFICER,EXECUTIVE OFFICER,"EXECUTIVE OFFICER, NAGAR PARISAD GOPALGANJ",AJAY KUMAR,EXECUTIVE OFFICER,EXECUTIVE OFFICER,2000.0,500.0,590.0
14569,NIT NO-04/2021-22/GOPALGANJ/GR37,Construction of  Paver Block Road and  drain from Ajay Roy house towards Tina Kedia house in ward no. 14 under nagar parishad Gopalganj,Construction of  Paver Block Road and  drain from Ajay Roy house towards Tina Kedia house in ward no. 14 under nagar parishad Gopalganj,269091.0,INR,INR,2021-10-22 03:21:34+00:00,2021-10-22T03:18:17.964000+00:00,2022-11-22T11:36:29+00:00,AJAY KUMAR,EXECUTIVE OFFICER,EXECUTIVE OFFICER,"EXECUTIVE OFFICER, NAGAR PARISAD GOPALGANJ",AJAY KUMAR,EXECUTIVE OFFICER,EXECUTIVE OFFICER,6000.0,750.0,590.0
14555,NIT NO-04/2021-22/GOPALGANJ/GR23,Construction P C C  road and drain from Guddu paswan  house to Hrideya singh house in ward no. 11 under nagar parishad gopalganj,Construction P C C  road and drain from Guddu paswan  house to Hrideya singh house in ward no. 11 under nagar parishad gopalganj,1232991.0,INR,INR,2021-10-22 02:28:56+00:00,2021-10-22T02:24:42.911000+00:00,2022-11-16T11:53:04+00:00,AJAY KUMAR,EXECUTIVE OFFICER,EXECUTIVE OFFICER,"EXECUTIVE OFFICER, NAGAR PARISAD GOPALGANJ",AJAY KUMAR,EXECUTIVE OFFICER,EXECUTIVE OFFICER,25000.0,2500.0,590.0
14552,NIT NO-04/2021-22/GOPALGANJ/GR20,Construction of  RCC drain from Prabhunath dubey house to Well  via Yogendra dubey house in ward no. 09 under nagar parishad Gopalganj,Construction of  RCC drain from Prabhunath dubey house to Well  via Yogendra dubey house in ward no. 09 under nagar parishad Gopalganj,352665.0,INR,INR,2021-10-22 02:14:46+00:00,2021-10-22T02:11:10.729000+00:00,2022-11-16T11:32:24+00:00,AJAY KUMAR,EXECUTIVE OFFICER,EXECUTIVE OFFICER,"EXECUTIVE OFFICER, NAGAR PARISAD GOPALGANJ",AJAY KUMAR,EXECUTIVE OFFICER,EXECUTIVE OFFICER,7500.0,750.0,590.0
14566,NIT NO-04/2021-22/GOPALGANJ/GR34,Construction of  Paver Block Road and repair of drain  from Banjari pitch road to Tripurari sharan house in ward no. 13 under nagar parishad Gopalganj,Construction of  Paver Block Road and repair of drain  from Banjari pitch road to Tripurari sharan house in ward no. 13 under nagar parishad Gopalganj,219541.0,INR,INR,2021-10-22 03:11:13+00:00,2021-10-22T03:07:39.260000+00:00,2022-11-22T11:15:17+00:00,AJAY KUMAR,EXECUTIVE OFFICER,EXECUTIVE OFFICER,"EXECUTIVE OFFICER, NAGAR PARISAD GOPALGANJ",AJAY KUMAR,EXECUTIVE OFFICER,EXECUTIVE OFFICER,4500.0,500.0,590.0
14573,NIT NO-04/2021-22/GOPALGANJ/GR41,Construction of  PCC Road and  drain from Raghav tiwari house to Bashist mishra house in ward no. 14 under nagar parishad Gopalganj,Construction of  PCC Road and  drain from Raghav tiwari house to Bashist mishra house in ward no. 14 under nagar parishad Gopalganj,495611.0,INR,INR,2021-10-22 03:36:32+00:00,2021-10-22T03:33:09.823000+00:00,2022-11-22T12:08:34+00:00,AJAY KUMAR,EXECUTIVE OFFICER,EXECUTIVE OFFICER,"EXECUTIVE OFFICER, NAGAR PARISAD GOPALGANJ",AJAY KUMAR,EXECUTIVE OFFICER,EXECUTIVE OFFICER,10000.0,750.0,590.0
14575,NIT NO-04/2021-22/GOPALGANJ/GR43,Construction of  Paver Block Road and  drain from Bablu prasad house to mina sri house via jaiprakash srivastava in ward no. 15 under nagar parishad Gopalganj,Construction of  Paver Block Road and  drain from Bablu prasad house to mina sri house via jaiprakash srivastava in ward no. 15 under nagar parishad Gopalganj,332038.0,INR,INR,2021-10-22 03:47:06+00:00,2021-10-22T03:43:18.480000+00:00,2022-11-22T12:15:13+00:00,AJAY KUMAR,EXECUTIVE OFFICER,EXECUTIVE OFFICER,"EXECUTIVE OFFICER, NAGAR PARISAD GOPALGANJ",AJAY KUMAR,EXECUTIVE OFFICER,EXECUTIVE OFFICER,7000.0,750.0,590.0
14570,NIT NO-04/2021-22/GOPALGANJ/GR38,Construction of  Paver Block Road and  drain from Anil Mishra house to Srikant Dixit house in ward no. 14 under nagar parishad Gopalganj,Construction of  Paver Block Road and  drain from Anil Mishra house to Srikant Dixit house in ward no. 14 under nagar parishad Gopalganj,201593.0,INR,INR,2021-10-22 03:24:59+00:00,2021-10-22T03:21:49.920000+00:00,2022-11-22T11:43:19+00:00,AJAY KUMAR,EXECUTIVE OFFICER,EXECUTIVE OFFICER,"EXECUTIVE OFFICER, NAGAR PARISAD GOPALGANJ",AJAY KUMAR,EXECUTIVE OFFICER,EXECUTIVE OFFICER,4500.0,500.0,590.0
14578,NIT NO-04/2021-22/GOPALGANJ/GR46,Construction of  Paver Block Road and RCC drain from Bangal Sweet to Ramakant Verma house via behind Bari Market in ward no. 16 under nagar parishad Gopalganj,Construction of  Paver Block Road and RCC drain from Bangal Sweet to Ramakant Verma house via behind Bari Market in ward no. 16 under nagar parishad Gopalganj,747337.0,INR,INR,2021-10-22 03:59:15+00:00,2021-10-22T03:54:37.292000+00:00,2022-11-22T13:49:52+00:00,AJAY KUMAR,EXECUTIVE OFFICER,EXECUTIVE OFFICER,"EXECUTIVE OFFICER, NAGAR PARISAD GOPALGANJ",AJAY KUMAR,EXECUTIVE OFFICER,EXECUTIVE OFFICER,16000.0,1250.0,590.0
14568,NIT NO-04/2021-22/GOPALGANJ/GR36,Construction of  Paver Block Road and RCC drain from Umesh Bernwal house to Anil tiwari house in ward no. 14 under nagar parishad Gopalganj,Construction of  Paver Block Road and RCC drain from Umesh Bernwal house to Anil tiwari house in ward no. 14 under nagar parishad Gopalganj,475982.0,INR,INR,2021-10-22 03:18:04+00:00,2021-10-22T03:14:55.245000+00:00,2021-11-02T09:31:00+00:00,AJAY KUMAR,EXECUTIVE OFFICER,EXECUTIVE OFFICER,"EXECUTIVE OFFICER, NAGAR PARISAD GOPALGANJ",AJAY KUMAR,EXECUTIVE OFFICER,EXECUTIVE OFFICER,10000.0,750.0,590.0
14572,NIT NO-04/2021-22/GOPALGANJ/GR40,Construction of  PCC Road and  drain from Sandeep verma house to Sanjay upadhyay house in ward no. 14 under nagar parishad Gopalganj,Construction of  PCC Road and  drain from Sandeep verma house to Sanjay upadhyay house in ward no. 14 under nagar parishad Gopalganj,145292.0,INR,INR,2021-10-22 03:32:39+00:00,2021-10-22T03:28:29.500000+00:00,2022-11-22T12:00:51+00:00,AJAY KUMAR,EXECUTIVE OFFICER,EXECUTIVE OFFICER,"EXECUTIVE OFFICER, NAGAR PARISAD GOPALGANJ",AJAY KUMAR,EXECUTIVE OFFICER,EXECUTIVE OFFICER,3000.0,500.0,590.0
14580,NIT NO-04/2021-22/GOPALGANJ/GR48,Construction of  Paver Block Road and RCC drain with Slab in Shyam cinema road from Krishna Manjhi  house to Lalji ram house in ward no. 17 under nagar parishad Gopalganj,Construction of  Paver Block Road and RCC drain with Slab in Shyam cinema road from Krishna Manjhi  house to Lalji ram house in ward no. 17 under nagar parishad Gopalganj,250216.0,INR,INR,2021-10-22 04:07:18+00:00,2021-10-22T04:03:50.948000+00:00,2022-11-22T13:56:34+00:00,AJAY KUMAR,EXECUTIVE OFFICER,EXECUTIVE OFFICER,"EXECUTIVE OFFICER, NAGAR PARISAD GOPALGANJ",AJAY KUMAR,EXECUTIVE OFFICER,EXECUTIVE OFFICER,6000.0,750.0,590.0
14576,NIT NO-04/2021-22/GOPALGANJ/GR44,Construction of  Paver Block Road and  drain from Jahagir miya house to feku via doma miya house in ward no. 15 under nagar parishad Gopalganj,Construction of  Paver Block Road and  drain from Jahagir miya house to feku via doma miya house in ward no. 15 under nagar parishad Gopalganj,201773.0,INR,INR,2021-10-22 03:50:22+00:00,2021-10-22T03:47:20.413000+00:00,2022-11-22T12:21:54+00:00,AJAY KUMAR,EXECUTIVE OFFICER,EXECUTIVE OFFICER,"EXECUTIVE OFFICER, NAGAR PARISAD GOPALGANJ",AJAY KUMAR,EXECUTIVE OFFICER,EXECUTIVE OFFICER,4500.0,500.0,590.0
14577,NIT NO-04/2021-22/GOPALGANJ/GR45,Construction of  Paver Block Road and RCC drain from Minku singh house to road via vijay singh house in ward no. 16 under nagar parishad Gopalganj,Construction of  Paver Block Road and RCC drain from Minku singh house to road via vijay singh house in ward no. 16 under nagar parishad Gopalganj,389709.0,INR,INR,2021-10-22 03:54:23+00:00,2021-10-22T03:50:36.854000+00:00,2022-11-22T12:28:42+00:00,AJAY KUMAR,EXECUTIVE OFFICER,EXECUTIVE OFFICER,"EXECUTIVE OFFICER, NAGAR PARISAD GOPALGANJ",AJAY KUMAR,EXECUTIVE OFFICER,EXECUTIVE OFFICER,8000.0,750.0,590.0
14581,NIT NO-04/2021-22/GOPALGANJ/GR49,Construction of  drain with slab from Naval kishor prasad house to Bangeshwar Mahato via Harendra kanu house  in ward no. 17 under nagar parishad Gopalganj,Construction of  drain with slab from Naval kishor prasad house to Bangeshwar Mahato via Harendra kanu house  in ward no. 17 under nagar parishad Gopalganj,295546.0,INR,INR,2021-10-22 04:10:54+00:00,2021-10-22T04:07:32.109000+00:00,2022-11-22T13:57:34+00:00,AJAY KUMAR,EXECUTIVE OFFICER,EXECUTIVE OFFICER,"EXECUTIVE OFFICER, NAGAR PARISAD GOPALGANJ",AJAY KUMAR,EXECUTIVE OFFICER,EXECUTIVE OFFICER,6000.0,750.0,590.0
14574,NIT NO-04/2021-22/GOPALGANJ/GR42,Construction of  PCC Road and  drain from Shamsul hoda  house to Parvej alam house in ward no. 15 under nagar parishad Gopalganj,Construction of  PCC Road and  drain from Shamsul hoda  house to Parvej alam house in ward no. 15 under nagar parishad Gopalganj,1066162.0,INR,INR,2021-10-22 03:43:04+00:00,2021-10-22T03:38:39.218000+00:00,2021-11-02T09:31:00+00:00,AJAY KUMAR,EXECUTIVE OFFICER,EXECUTIVE OFFICER,"EXECUTIVE OFFICER, NAGAR PARISAD GOPALGANJ",AJAY KUMAR,EXECUTIVE OFFICER,EXECUTIVE OFFICER,22000.0,2500.0,590.0
14579,NIT NO-04/2021-22/GOPALGANJ/GR47,Construction of  Paver Block Road and RCC drain with Slab in chandragokhul road from Anil Singh  house to Akhtar Hussain house in ward no. 17 under nagar parishad Gopalganj,Construction of  Paver Block Road and RCC drain with Slab in chandragokhul road from Anil Singh  house to Akhtar Hussain house in ward no. 17 under nagar parishad Gopalganj,711571.0,INR,INR,2021-10-22 04:03:35+00:00,2021-10-22T03:59:30.279000+00:00,2022-11-22T13:53:34+00:00,AJAY KUMAR,EXECUTIVE OFFICER,EXECUTIVE OFFICER,"EXECUTIVE OFFICER, NAGAR PARISAD GOPALGANJ",AJAY KUMAR,EXECUTIVE OFFICER,EXECUTIVE OFFICER,15500.0,1250.0,590.0
14584,NIT NO-04/2021-22/GOPALGANJ/GR52,Construction of  PCC Road and  drain from Sati Sthan to Anil Sonar via satrudhan prasad house in ward no. 19 under nagar parishad Gopalganj,Construction of  PCC Road and  drain from Sati Sthan to Anil Sonar via satrudhan prasad house in ward no. 19 under nagar parishad Gopalganj,111095.0,INR,INR,2021-10-22 04:22:31+00:00,2021-10-22T04:18:17.665000+00:00,2022-09-26T11:33:29+00:00,AJAY KUMAR,EXECUTIVE OFFICER,EXECUTIVE OFFICER,"EXECUTIVE OFFICER, NAGAR PARISAD GOPALGANJ",AJAY KUMAR,EXECUTIVE OFFICER,EXECUTIVE OFFICER,2500.0,500.0,590.0
14583,NIT NO-04/2021-22/GOPALGANJ/GR51,Construction of  PCC Road and  drain  from Sati Sthann to Satendra Master house  in ward no. 19 under nagar parishad Gopalganj,Construction of  PCC Road and  drain  from Sati Sthann to Satendra Master house  in ward no. 19 under nagar parishad Gopalganj,312635.0,INR,INR,2021-10-22 04:18:04+00:00,2021-10-22T04:14:55.760000+00:00,2022-09-26T11:35:44+00:00,AJAY KUMAR,EXECUTIVE OFFICER,EXECUTIVE OFFICER,"EXECUTIVE OFFICER, NAGAR PARISAD GOPALGANJ",AJAY KUMAR,EXECUTIVE OFFICER,EXECUTIVE OFFICER,6500.0,750.0,590.0
14582,NIT NO-04/2021-22/GOPALGANJ/GR50,Construction of  PCC Road and  Renovation of drain  from Babar Chowk to (Fatma khatoon) Manan Miya house  in ward no. 18 under nagar parishad Gopalganj,Construction of  PCC Road and  Renovation of drain  from Babar Chowk to (Fatma khatoon) Manan Miya house  in ward no. 18 under nagar parishad Gopalganj,1980590.0,INR,INR,2021-10-22 04:14:33+00:00,2021-10-22T04:11:15.042000+00:00,2022-11-22T13:43:53+00:00,AJAY KUMAR,EXECUTIVE OFFICER,EXECUTIVE OFFICER,"EXECUTIVE OFFICER, NAGAR PARISAD GOPALGANJ",AJAY KUMAR,EXECUTIVE OFFICER,EXECUTIVE OFFICER,40000.0,5000.0,590.0
14585,NIT NO-04/2021-22/GOPALGANJ/GR53,Construction of  PCC Road and drain in Thawe road beside of V mart house to the end of V Mart Building in ward no. 19 under nagar parishad Gopalganj,Construction of  PCC Road and drain in Thawe road beside of V mart house to the end of V Mart Building in ward no. 19 under nagar parishad Gopalganj,498098.0,INR,INR,2021-10-22 04:26:33+00:00,2021-10-22T04:22:45.398000+00:00,2022-09-26T11:29:40+00:00,AJAY KUMAR,EXECUTIVE OFFICER,EXECUTIVE OFFICER,"EXECUTIVE OFFICER, NAGAR PARISAD GOPALGANJ",AJAY KUMAR,EXECUTIVE OFFICER,EXECUTIVE OFFICER,10000.0,750.0,590.0
14587,NIT NO-04/2021-22/GOPALGANJ/GR55,Construction of  PCC Road and repair of drain from Sachchita Prasad house to Bipin Prasad house in ward no. 20 under nagar parishad Gopalganj,Construction of  PCC Road and repair of drain from Sachchita Prasad house to Bipin Prasad house in ward no. 20 under nagar parishad Gopalganj,180697.0,INR,INR,2021-10-22 04:33:12+00:00,2021-10-22T04:30:10.374000+00:00,2021-11-02T09:31:00+00:00,AJAY KUMAR,EXECUTIVE OFFICER,EXECUTIVE OFFICER,"EXECUTIVE OFFICER, NAGAR PARISAD GOPALGANJ",AJAY KUMAR,EXECUTIVE OFFICER,EXECUTIVE OFFICER,4000.0,500.0,590.0
14588,NIT NO-04/2021-22/GOPALGANJ/GR56,Construction of  Paver Block Road and RCC drain from Ramesh Prasad house to Ajad bhaitha house in ward no. 20 under nagar parishad Gopalganj,Construction of  Paver Block Road and RCC drain from Ramesh Prasad house to Ajad bhaitha house in ward no. 20 under nagar parishad Gopalganj,128393.0,INR,INR,2021-10-22 04:36:54+00:00,2021-10-22T04:33:32.923000+00:00,2021-11-02T09:31:00+00:00,AJAY KUMAR,EXECUTIVE OFFICER,EXECUTIVE OFFICER,"EXECUTIVE OFFICER, NAGAR PARISAD GOPALGANJ",AJAY KUMAR,EXECUTIVE OFFICER,EXECUTIVE OFFICER,3000.0,500.0,590.0
14592,NIT NO-04/2021-22/GOPALGANJ/GR60,Construction of Paver Block Road and RCC drain from Brajesh yadav house to Bijendra chaudhary house in ward no. 20  under nagar parishad Gopalganj,Construction of Paver Block Road and RCC drain from Brajesh yadav house to Bijendra chaudhary house in ward no. 20  under nagar parishad Gopalganj,667541.0,INR,INR,2021-10-22 04:57:25+00:00,2021-10-22T04:52:15.941000+00:00,2022-09-26T11:24:10+00:00,AJAY KUMAR,EXECUTIVE OFFICER,EXECUTIVE OFFICER,"EXECUTIVE OFFICER, NAGAR PARISAD GOPALGANJ",AJAY KUMAR,EXECUTIVE OFFICER,EXECUTIVE OFFICER,14000.0,1250.0,590.0
14586,NIT NO-04/2021-22/GOPALGANJ/GR54,Construction of  PCC Road and  drain from Ramnath sahu house to Om prakash kedia house & Construction of crossing and slab near Ramnath sharma marg in ward no. 20 under nagar parishad Gopalganj,Construction of  PCC Road and  drain from Ramnath sahu house to Om prakash kedia house & Construction of crossing and slab near Ramnath sharma marg in ward no. 20 under nagar parishad Gopalganj,161850.0,INR,INR,2021-10-22 04:29:54+00:00,2021-10-22T04:26:56.280000+00:00,2021-11-02T09:31:00+00:00,AJAY KUMAR,EXECUTIVE OFFICER,EXECUTIVE OFFICER,"EXECUTIVE OFFICER, NAGAR PARISAD GOPALGANJ",AJAY KUMAR,EXECUTIVE OFFICER,EXECUTIVE OFFICER,3500.0,500.0,590.0
14590,NIT NO-04/2021-22/GOPALGANJ/GR58,Construction of Paver Block Road and RCC drain from Sri ram prasad house to Ravi mahto house in ward no. 20 under nagar parishad Gopalganj,Construction of Paver Block Road and RCC drain from Sri ram prasad house to Ravi mahto house in ward no. 20 under nagar parishad Gopalganj,173294.0,INR,INR,2021-10-22 04:47:39+00:00,2021-10-22T04:43:02.831000+00:00,2021-11-02T09:31:00+00:00,AJAY KUMAR,EXECUTIVE OFFICER,EXECUTIVE OFFICER,"EXECUTIVE OFFICER, NAGAR PARISAD GOPALGANJ",AJAY KUMAR,EXECUTIVE OFFICER,EXECUTIVE OFFICER,3500.0,500.0,590.0
14594,NIT NO-04/2021-22/GOPALGANJ/GR62,Construction of  PCC Road from Nagar Parishad Bhawan to Prabhunath Prasad house in ward no. 21 under nagar parishad Gopalganj,Construction of  PCC Road from Nagar Parishad Bhawan to Prabhunath Prasad house in ward no. 21 under nagar parishad Gopalganj,929001.0,INR,INR,2021-10-22 05:08:50+00:00,2021-10-22T05:04:27.426000+00:00,2022-09-26T11:19:01+00:00,AJAY KUMAR,EXECUTIVE OFFICER,EXECUTIVE OFFICER,"EXECUTIVE OFFICER, NAGAR PARISAD GOPALGANJ",AJAY KUMAR,EXECUTIVE OFFICER,EXECUTIVE OFFICER,20000.0,1250.0,590.0
14593,NIT NO-04/2021-22/GOPALGANJ/GR61,Construction of  PCC Road and  drain in Badhariya pitch path from shambhu Prasad house to Julus Ram house in ward no. 21 under nagar parishad Gopalganj,Construction of  PCC Road and  drain in Badhariya pitch path from shambhu Prasad house to Julus Ram house in ward no. 21 under nagar parishad Gopalganj,458390.0,INR,INR,2021-10-22 05:04:09+00:00,2021-10-22T04:57:43.397000+00:00,2022-09-26T11:21:51+00:00,AJAY KUMAR,EXECUTIVE OFFICER,EXECUTIVE OFFICER,"EXECUTIVE OFFICER, NAGAR PARISAD GOPALGANJ",AJAY KUMAR,EXECUTIVE OFFICER,EXECUTIVE OFFICER,10000.0,750.0,590.0
14597,NIT NO-04/2021-22/GOPALGANJ/GR65,Construction of  Paver Block Road and RCC drain with Slab from Beside of Safi miya house to  khand  in ward no. 25 under nagar parishad Gopalganj,Construction of  Paver Block Road and RCC drain with Slab from Beside of Safi miya house to  khand  in ward no. 25 under nagar parishad Gopalganj,148047.0,INR,INR,2021-10-22 05:33:39+00:00,2021-10-22T05:18:57.086000+00:00,2022-09-26T10:57:54+00:00,AJAY KUMAR,EXECUTIVE OFFICER,EXECUTIVE OFFICER,"EXECUTIVE OFFICER, NAGAR PARISAD GOPALGANJ",AJAY KUMAR,EXECUTIVE OFFICER,EXECUTIVE OFFICER,3000.0,500.0,590.0
14591,NIT NO-04/2021-22/GOPALGANJ/GR59,Construction of Paver Block Road and RCC drain from Shipu soni house to Narayan mahto house in ward no. 20 under nagar parishad Gopalganj,Construction of Paver Block Road and RCC drain from Shipu soni house to Narayan mahto house in ward no. 20 under nagar parishad Gopalganj,350157.0,INR,INR,2021-10-22 04:51:34+00:00,2021-10-22T04:48:18.549000+00:00,2021-11-02T09:31:00+00:00,AJAY KUMAR,EXECUTIVE OFFICER,EXECUTIVE OFFICER,"EXECUTIVE OFFICER, NAGAR PARISAD GOPALGANJ",AJAY KUMAR,EXECUTIVE OFFICER,EXECUTIVE OFFICER,7500.0,750.0,590.0
14598,NIT NO-04/2021-22/GOPALGANJ/GR66,Construction of  Drain with Slab from Pradeep prasad house to Dargah road in ward no. 25 under nagar parishad Gopalganj,Construction of  Drain with Slab from Pradeep prasad house to Dargah road in ward no. 25 under nagar parishad Gopalganj,130360.0,INR,INR,2021-10-22 05:44:24+00:00,2021-10-22T05:33:55.727000+00:00,2022-09-26T10:52:34+00:00,AJAY KUMAR,EXECUTIVE OFFICER,EXECUTIVE OFFICER,"EXECUTIVE OFFICER, NAGAR PARISAD GOPALGANJ",AJAY KUMAR,EXECUTIVE OFFICER,EXECUTIVE OFFICER,3000.0,500.0,590.0
14596,NIT NO-04/2021-22/GOPALGANJ/GR64,Rising of  PCC Road and Earth / Brick work from Kalimullah house to Saran Pine gaus nagar in ward no. 23 under nagar parishad Gopalganj,Rising of  PCC Road and Earth / Brick work from Kalimullah house to Saran Pine gaus nagar in ward no. 23 under nagar parishad Gopalganj,1000277.0,INR,INR,2021-10-22 05:18:39+00:00,2021-10-22T05:14:01.976000+00:00,2022-09-26T11:06:46+00:00,AJAY KUMAR,EXECUTIVE OFFICER,EXECUTIVE OFFICER,"EXECUTIVE OFFICER, NAGAR PARISAD GOPALGANJ",AJAY KUMAR,EXECUTIVE OFFICER,EXECUTIVE OFFICER,21000.0,2500.0,590.0
14599,NIT NO-04/2021-22/GOPALGANJ/GR67,Construction of  PCC Road and  drain from NH28 to Rajesh  sahani house via Ramashamkar house in ward no. 27 under nagar parishad Gopalganj,Construction of  PCC Road and  drain from NH28 to Rajesh  sahani house via Ramashamkar house in ward no. 27 under nagar parishad Gopalganj,1276134.0,INR,INR,2021-10-22 05:50:30+00:00,2021-10-22T05:34:08.983000+00:00,2022-09-26T10:48:49+00:00,AJAY KUMAR,EXECUTIVE OFFICER,EXECUTIVE OFFICER,"EXECUTIVE OFFICER, NAGAR PARISAD GOPALGANJ",AJAY KUMAR,EXECUTIVE OFFICER,EXECUTIVE OFFICER,26000.0,2500.0,590.0
14605,NIT NO-04/2021-22/GOPALGANJ/GR72,Earth work and Brick work from Laxman patel house to Dr. B.N. Boundry and Sudama thakur house to banarasi sahani and mantulal house to chandrabhushan singh land in ward no 24 under nagar parishad Gopalganj,Earth work and Brick work from Laxman patel house to Dr. B.N. Boundry and Sudama thakur house to banarasi sahani and mantulal house to chandrabhushan singh land in ward no 24 under nagar parishad Gopalganj,947239.0,INR,INR,2021-10-22 06:27:21+00:00,2021-10-22T06:13:11.114000+00:00,2022-09-26T10:26:53+00:00,AJAY KUMAR,EXECUTIVE OFFICER,EXECUTIVE OFFICER,"EXECUTIVE OFFICER, NAGAR PARISAD GOPALGANJ",AJAY KUMAR,EXECUTIVE OFFICER,EXECUTIVE OFFICER,20000.0,1250.0,590.0
14602,NIT NO-04/2021-22/GOPALGANJ/GR69,Construction of  RCC Drain on both side of road from Badshah Ram house to Arar more via Rajnish Kushwaha house in ward no. 28 under nagar parishad Gopalganj,Construction of  RCC Drain on both side of road from Badshah Ram house to Arar more via Rajnish Kushwaha house in ward no. 28 under nagar parishad Gopalganj,1385111.0,INR,INR,2021-10-22 05:59:50+00:00,2021-10-22T05:55:15.464000+00:00,2022-09-26T10:42:01+00:00,AJAY KUMAR,EXECUTIVE OFFICER,EXECUTIVE OFFICER,"EXECUTIVE OFFICER, NAGAR PARISAD GOPALGANJ",AJAY KUMAR,EXECUTIVE OFFICER,EXECUTIVE OFFICER,28000.0,2500.0,590.0
14604,NIT NO-04/2021-22/GOPALGANJ/GR71,Construction of  Paver Block Road and  drain  from Raghunath singh house to Paswan ji house in ward no. 25 under nagar parishad Gopalganj,Construction of  Paver Block Road and  drain  from Raghunath singh house to Paswan ji house in ward no. 25 under nagar parishad Gopalganj,291319.0,INR,INR,2021-10-22 06:12:51+00:00,2021-10-22T06:06:41.655000+00:00,2022-09-26T10:29:40+00:00,AJAY KUMAR,EXECUTIVE OFFICER,EXECUTIVE OFFICER,"EXECUTIVE OFFICER, NAGAR PARISAD GOPALGANJ",AJAY KUMAR,EXECUTIVE OFFICER,EXECUTIVE OFFICER,6000.0,750.0,590.0
14601,NIT NO-04/2021-22/GOPALGANJ/GR68,Construction of  PCC Road and  drain Near NH 28 from Mansur ali house to fakaruddin miya house and Inteyaz ali house to Nabab miya house  via Jawed miya house in ward no. 26 under nagar parishad Gopalganj,Construction of  PCC Road and  drain Near NH 28 from Mansur ali house to fakaruddin miya house and Inteyaz ali house to Nabab miya house  via Jawed miya house in ward no. 26 under nagar parishad Gopalganj,299543.0,INR,INR,2021-10-22 05:54:44+00:00,2021-10-22T05:44:45.823000+00:00,2022-09-26T10:47:03+00:00,AJAY KUMAR,EXECUTIVE OFFICER,EXECUTIVE OFFICER,"EXECUTIVE OFFICER, NAGAR PARISAD GOPALGANJ",AJAY KUMAR,EXECUTIVE OFFICER,EXECUTIVE OFFICER,6000.0,750.0,590.0
14603,NIT NO-04/2021-22/GOPALGANJ/GR70,"Construction of  Crossing and RCC Cover slab in ward no. 10,12,13,14,18 and RCC cover slab in ward no 09,24 and PCC road near Kirishnakant gupta house in ward no 16  under nagar parishad Gopalganj","Construction of  Crossing and RCC Cover slab in ward no. 10,12,13,14,18 and RCC cover slab in ward no 09,24 and PCC road near Kirishnakant gupta house in ward no 16  under nagar parishad Gopalganj",795084.0,INR,INR,2021-10-22 06:05:38+00:00,2021-10-22T06:00:22.732000+00:00,2022-09-26T10:38:15+00:00,AJAY KUMAR,EXECUTIVE OFFICER,EXECUTIVE OFFICER,"EXECUTIVE OFFICER, NAGAR PARISAD GOPALGANJ",AJAY KUMAR,EXECUTIVE OFFICER,EXECUTIVE OFFICER,16000.0,1250.0,590.0
14606,NIT NO 04/2021-22 BHAGALPUR/Gr No-11,Renovation of Angari Weir gr no 11,Renovation of Angari Weir gr no 11,3556800.0,INR,INR,2021-10-22 10:03:37+00:00,2021-10-22T08:15:43.992000+00:00,2021-12-03T06:26:15+00:00,ER JAGESHWAR PRASAD,SUPRETENDING ENGINEER MINOR IRRIGATION CIRCLE BHAGALPUR,MINOR IRRIGATION CIRCLE,NEAR D M RESIDANCE,JAGESHWAR PRASAD,SUPERINTENDENT ENGINEER,MINOR IRRIGATION DIVISION BANKA,71200.0,5000.0,590.0
14607,NIT NO 04/2021-22 BHAGALPUR/Gr No-12,"Renovation of Jagunia Dhar at Bihpur, Gr No-12","Renovation of Jagunia Dhar at Bihpur, Gr No-12",5586078.0,INR,INR,2021-10-22 10:01:03+00:00,2021-10-22T08:16:00.007000+00:00,2021-11-05T12:18:23+00:00,ER JAGESHWAR PRASAD,SUPRETENDING ENGINEER MINOR IRRIGATION CIRCLE BHAGALPUR,MINOR IRRIGATION CIRCLE,NEAR D M RESIDANCE,JAGESHWAR PRASAD,SUPERINTENDENT ENGINEER,MINOR IRRIGATION DIVISION BANKA,111800.0,5000.0,590.0
14589,NIT NO-04/2021-22/GOPALGANJ/GR57,Construction of  Paver Block Road and RCC drain from Ranjan srivastava house to Durga prasad house in ward no. 20 under nagar parishad Gopalganj,Construction of  Paver Block Road and RCC drain from Ranjan srivastava house to Durga prasad house in ward no. 20 under nagar parishad Gopalganj,322189.0,INR,INR,2021-10-22 04:42:47+00:00,2021-10-22T04:37:10.804000+00:00,2021-11-02T09:31:00+00:00,AJAY KUMAR,EXECUTIVE OFFICER,EXECUTIVE OFFICER,"EXECUTIVE OFFICER, NAGAR PARISAD GOPALGANJ",AJAY KUMAR,EXECUTIVE OFFICER,EXECUTIVE OFFICER,6500.0,750.0,590.0
14595,NIT NO-04/2021-22/GOPALGANJ/GR63,Construction of  Paver Block Road and  drain with slab from NH 85 towards masjid via dr. Hasnain sahab house and Mainuddin master house in ward no. 22 under nagar parishad Gopalganj,Construction of  Paver Block Road and  drain with slab from NH 85 towards masjid via dr. Hasnain sahab house and Mainuddin master house in ward no. 22 under nagar parishad Gopalganj,1119639.0,INR,INR,2021-10-22 05:13:45+00:00,2021-10-22T05:09:07.576000+00:00,2021-11-15T12:04:02+00:00,AJAY KUMAR,EXECUTIVE OFFICER,EXECUTIVE OFFICER,"EXECUTIVE OFFICER, NAGAR PARISAD GOPALGANJ",AJAY KUMAR,EXECUTIVE OFFICER,EXECUTIVE OFFICER,23000.0,2500.0,590.0
14619,MCD-NIT-14/2021-22-GR-01,Contruction of P.C.C. Road from house of Vishwanath Turha to Soti Rai in Ward no-12 Danapur Nagar Parishad.,Contruction of P.C.C. Road from house of Vishwanath Turha to Soti Rai in Ward no-12 Danapur Nagar Parishad.,1383496.0,INR,INR,2021-10-25 11:20:07+00:00,2021-10-25T11:12:23.833000+00:00,2021-12-02T07:04:10+00:00,"EXECUTIVE OFFICER, DANAPUR NIZAMAT",EO,NAGAR PARISHAD DANAPUR NIZAMAT,NAGAR PARISHAD DANAPUR NIZAMAT WARD NO.-35,"EXECUTIVE OFFICER, DANAPUR NIZAMAT",EO,NAGAR PARISHAD DANAPUR NIZAMAT,27700.0,2500.0,590.0
14612,RE E-TENDER 06 SBD/2021-2022,"CONSTRUCTION OF ONE ADDITIONAL FLOOR ABOVE FIRST FLOOR OF 10 COURT BUILDING IN THE CAMPUS OF CIVIL COURT, BHAGALPUR. (INCLUDING ELECTRIFICATION)","CONSTRUCTION OF ONE ADDITIONAL FLOOR ABOVE FIRST FLOOR OF 10 COURT BUILDING IN THE CAMPUS OF CIVIL COURT, BHAGALPUR. (INCLUDING ELECTRIFICATION)",27976577.0,INR,INR,2021-10-23 10:03:38+00:00,2021-10-23T08:57:45.730000+00:00,2022-06-18T07:44:19+00:00,EXECUTIVE ENGINEER BUILDING DIVISION BHAGALPUR,EXECUTIVE ENGINEER,BUILDING CONSTRUCTION DEPARTMENT,EXECUTIVE ENGINEER BUILDING DIVISION BHAGALPUR,SUPERINTENDING ENGINEER BUILDING CIRCLE BHAGALPUR,SUPERINTENDING ENGINEER BUILDING CIRCLE BHAGALPUR,BUILDING CONSTRUCTION DEPARTMENT,559600.0,10000.0,3540.0
14620,MCD-NIT-14/2021-22-GR-02,Contruction of P.C.C. Road and Hume Pipe Drain from house of Lalan Matho to Main Road in Road no. 01 Madhupalli Colony Ward no- 12 Danapur Nagar Parishad.,Contruction of P.C.C. Road and Hume Pipe Drain from house of Lalan Matho to Main Road in Road no. 01 Madhupalli Colony Ward no- 12 Danapur Nagar Parishad.,1469646.0,INR,INR,2021-10-25 11:27:37+00:00,2021-10-25T11:22:24.806000+00:00,2021-12-02T07:12:24+00:00,"EXECUTIVE OFFICER, DANAPUR NIZAMAT",EO,NAGAR PARISHAD DANAPUR NIZAMAT,NAGAR PARISHAD DANAPUR NIZAMAT WARD NO.-35,"EXECUTIVE OFFICER, DANAPUR NIZAMAT",EO,NAGAR PARISHAD DANAPUR NIZAMAT,29400.0,2500.0,590.0
14622,MCD-NIT-14/2021-22-GR-04,Contruction of P.C.C. Road from Boundary of Mother Hope Play School to Gate of Apartment  in Ward no-12 Danapur Nagar Parishad.shad.,Contruction of P.C.C. Road from Boundary of Mother Hope Play School to Gate of Apartment  in Ward no-12 Danapur Nagar Parishad.shad.,244495.0,INR,INR,2021-10-25 11:38:31+00:00,2021-10-25T11:33:48.741000+00:00,2021-12-02T07:26:46+00:00,"EXECUTIVE OFFICER, DANAPUR NIZAMAT",EO,NAGAR PARISHAD DANAPUR NIZAMAT,NAGAR PARISHAD DANAPUR NIZAMAT WARD NO.-35,"EXECUTIVE OFFICER, DANAPUR NIZAMAT",EO,NAGAR PARISHAD DANAPUR NIZAMAT,5000.0,500.0,590.0
14623,MCD-NIT-14/2021-22-GR-05,Contruction of Soil filling in Kabristan in front of Vaishali Gas Agency in Saguna More Ward no-12 Danapur Nagar Parishad.,Contruction of Soil filling in Kabristan in front of Vaishali Gas Agency in Saguna More Ward no-12 Danapur Nagar Parishad.,828523.0,INR,INR,2021-10-25 11:43:03+00:00,2021-10-25T11:39:02.145000+00:00,2021-12-02T07:39:09+00:00,"EXECUTIVE OFFICER, DANAPUR NIZAMAT",EO,NAGAR PARISHAD DANAPUR NIZAMAT,NAGAR PARISHAD DANAPUR NIZAMAT WARD NO.-35,"EXECUTIVE OFFICER, DANAPUR NIZAMAT",EO,NAGAR PARISHAD DANAPUR NIZAMAT,16600.0,1250.0,590.0
14625,05/BCD/SIWAN/2021-22,"Supply & Installation of Furniture in Goverment Engineering College, Siwan","Supply & Installation of Furniture in Goverment Engineering College, Siwan",51024760.0,INR,INR,2021-10-25 12:11:37+00:00,2021-10-25T11:45:27.894000+00:00,2021-11-19T06:48:38+00:00,"Executive Engineer, Building Division Siwan",EE,Building Division Siwan,"EE, Building Division Siwan, bcd , siwan, bihar","Superintending Engineer, Building Circle Chapra",SE,Building Circle Chapra,1020500.0,10000.0,5900.0
14621,MCD-NIT-14/2021-22-GR-03,Contruction of P.C.C. Road and Hume Pipe Drain from house of  Nilam Singh to Sajandhari Singh in Madhupalli Colony Saguna Ward no- 12 Danapur Nagar Parishad.,Contruction of P.C.C. Road and Hume Pipe Drain from house of  Nilam Singh to Sajandhari Singh in Madhupalli Colony Saguna Ward no- 12 Danapur Nagar Parishad.,824833.0,INR,INR,2021-10-25 11:33:11+00:00,2021-10-25T11:28:17.112000+00:00,2021-12-02T07:19:21+00:00,"EXECUTIVE OFFICER, DANAPUR NIZAMAT",EO,NAGAR PARISHAD DANAPUR NIZAMAT,NAGAR PARISHAD DANAPUR NIZAMAT WARD NO.-35,"EXECUTIVE OFFICER, DANAPUR NIZAMAT",EO,NAGAR PARISHAD DANAPUR NIZAMAT,16500.0,1250.0,590.0
14613,03/BCD/ARWAL/2021-22,"CONSTRUCTION OF DISTRCT JUDGE RESIDENCE (G-TYPE), PRINCIPAL JUDGE RESIDENCE (G-TYPE), ADDITIONAL DISTRICT JUDGE RESIDENCE (F-TYPE) & CHIEF JUSTICE MAGISTRATE (C.J.M) RESIDENCE (E-TYPE) NEAR COLLECTORATE CAMPUS  ARWAL IN DISTRICT  ARWAL.","CONSTRUCTION OF DISTRCT JUDGE RESIDENCE (G-TYPE), PRINCIPAL JUDGE RESIDENCE (G-TYPE), ADDITIONAL DISTRICT JUDGE RESIDENCE (F-TYPE) & CHIEF JUSTICE MAGISTRATE (C.J.M) RESIDENCE (E-TYPE) NEAR COLLECTORATE CAMPUS  ARWAL IN DISTRICT  ARWAL.",52472634.0,INR,INR,2021-10-23 17:04:45+00:00,2021-10-23T16:46:02.545000+00:00,2021-11-15T09:30:02+00:00,EXECUTIVE ENGINEER BUILDING DIVISION ARWAL,EE,BCD,EXECUTIVE ENGINEER,"Superintending Engineer, BUILDING CIRCLE GAYA",SE,Building Circle Gaya,1020500.0,10000.0,5900.0
14628,16/RE-TENDER/BCD/DARBHANGA/2021-22,BALANCE WORK FOR CONSTRUCTION OF COMPUTER DATA  CUM RECORD ROOM  AT  BENIPUR BLOCK IN DISTIC DARBHANGA 2021-22,BALANCE WORK FOR CONSTRUCTION OF COMPUTER DATA  CUM RECORD ROOM  AT  BENIPUR BLOCK IN DISTIC DARBHANGA 2021-22,1522788.0,INR,INR,2021-10-25 12:39:49+00:00,2021-10-25T12:18:47.563000+00:00,2022-12-26T07:43:03+00:00,"Executive Engineer, BUILDING DIVISION DARBHANGA",EE,Building division Darbhanga,"Executive Engineer, BUILDING DIVISION DARBHANGA, BCD",SUPERINTENDING ENGINEER BUILDING CIRCLE DARBHANGA,SE,BUILDING CIRCLE DARBHANGA,31000.0,5000.0,590.0
14630,NIT No 04/2021-22/Gr No 05/Begusarai,"RENOVATION OF DIHA NALA, NIT No 04/2021-22/Gr No 05/Begusarai","RENOVATION OF DIHA NALA, NIT No 04/2021-22/Gr No 05/Begusarai",12121132.0,INR,INR,2021-10-25 12:39:33+00:00,2021-10-25T12:31:40.215000+00:00,2023-03-18T09:41:22+00:00,SHARWESH CHOUDHARY,SHARWESH CHOUDHARY,ER SHARWESH CHOUDHARY,M.I.CIRCLE MUNGER,Er. SUBHASH CHNDRA SINGH,CHEIF ENGINEER,MINOR WATER RESOURCES DEPARTMENT,242500.0,10000.0,3540.0
14632,MCD-NIT-14/2021-22-GR-06,Contruction of P.C.C. Road from house of Sanjay Gupta to Bukni Pahlawan  in Sultanpur Police Station Ward no-19 Danapur Nagar Parishad.,Contruction of P.C.C. Road from house of Sanjay Gupta to Bukni Pahlawan  in Sultanpur Police Station Ward no-19 Danapur Nagar Parishad.,1525621.0,INR,INR,2021-10-25 20:54:20+00:00,2021-10-25T20:50:11.255000+00:00,2021-12-02T07:50:09+00:00,"EXECUTIVE OFFICER, DANAPUR NIZAMAT",EO,NAGAR PARISHAD DANAPUR NIZAMAT,NAGAR PARISHAD DANAPUR NIZAMAT WARD NO.-35,"EXECUTIVE OFFICER, DANAPUR NIZAMAT",EO,NAGAR PARISHAD DANAPUR NIZAMAT,30600.0,5000.0,590.0
14635,MCD-NIT-14/2021-22-GR-09,Contruction of P.C.C. Road from Smart Kid Shri Primary School to house of Chotan Dalal  in Ward no-19 Danapur Nagar Parishad.,Contruction of P.C.C. Road from Smart Kid Shri Primary School to house of Chotan Dalal  in Ward no-19 Danapur Nagar Parishad.,685272.0,INR,INR,2021-10-25 21:07:44+00:00,2021-10-25T21:03:46.817000+00:00,2021-12-02T08:33:03+00:00,"EXECUTIVE OFFICER, DANAPUR NIZAMAT",EO,NAGAR PARISHAD DANAPUR NIZAMAT,NAGAR PARISHAD DANAPUR NIZAMAT WARD NO.-35,"EXECUTIVE OFFICER, DANAPUR NIZAMAT",EO,NAGAR PARISHAD DANAPUR NIZAMAT,13800.0,1250.0,590.0
14639,MCD-NIT-14/2021-22-GR-13,Contruction of Paver Block Road and Drain from house of Shrikant Ji to Satyendra Ji in Gajadhar chak Ramnagar Ward no-22 Danapur Nagar Parishad.,Contruction of Paver Block Road and Drain from house of Shrikant Ji to Satyendra Ji in Gajadhar chak Ramnagar Ward no-22 Danapur Nagar Parishad.,1166850.0,INR,INR,2021-10-25 21:35:36+00:00,2021-10-25T21:30:40.688000+00:00,2021-12-02T10:11:10+00:00,"EXECUTIVE OFFICER, DANAPUR NIZAMAT",EO,NAGAR PARISHAD DANAPUR NIZAMAT,NAGAR PARISHAD DANAPUR NIZAMAT WARD NO.-35,"EXECUTIVE OFFICER, DANAPUR NIZAMAT",EO,NAGAR PARISHAD DANAPUR NIZAMAT,23400.0,2500.0,590.0
14634,MCD-NIT-14/2021-22-GR-08,Contruction of Paver Block Road and Hume Pipe Drain from house of Arun ji to Ramuram via Shila Devi in Sultanpur Pachuchak Ward no-19 Danapur Nagar Parishad.,Contruction of Paver Block Road and Hume Pipe Drain from house of Arun ji to Ramuram via Shila Devi in Sultanpur Pachuchak Ward no-19 Danapur Nagar Parishad.,2342263.0,INR,INR,2021-10-25 21:03:14+00:00,2021-10-25T20:59:25.095000+00:00,2021-12-02T08:06:45+00:00,"EXECUTIVE OFFICER, DANAPUR NIZAMAT",EO,NAGAR PARISHAD DANAPUR NIZAMAT,NAGAR PARISHAD DANAPUR NIZAMAT WARD NO.-35,"EXECUTIVE OFFICER, DANAPUR NIZAMAT",EO,NAGAR PARISHAD DANAPUR NIZAMAT,46900.0,5000.0,590.0
14638,MCD-NIT-14/2021-22-GR-12,Contruction of P.C.C. Road and Hume Pipe Drain from house of Ramchandra Ji to Manoj Kumar in Ram nagar Ward no- 22 Danapur Nagar Parishad.,Contruction of P.C.C. Road and Hume Pipe Drain from house of Ramchandra Ji to Manoj Kumar in Ram nagar Ward no- 22 Danapur Nagar Parishad.,501328.0,INR,INR,2021-10-25 21:30:10+00:00,2021-10-25T21:25:31.907000+00:00,2021-12-02T10:03:32+00:00,"EXECUTIVE OFFICER, DANAPUR NIZAMAT",EO,NAGAR PARISHAD DANAPUR NIZAMAT,NAGAR PARISHAD DANAPUR NIZAMAT WARD NO.-35,"EXECUTIVE OFFICER, DANAPUR NIZAMAT",EO,NAGAR PARISHAD DANAPUR NIZAMAT,10100.0,1250.0,590.0
14633,MCD-NIT-14/2021-22-GR-07,Contruction of Paver Block Road and Hume Pipe Drain from house of Godhan to Anil Yadav in Sultanpur Ward no-19 Danapur Nagar Parishad.,Contruction of Paver Block Road and Hume Pipe Drain from house of Godhan to Anil Yadav in Sultanpur Ward no-19 Danapur Nagar Parishad.,525821.0,INR,INR,2021-10-25 20:58:58+00:00,2021-10-25T20:54:47.395000+00:00,2021-12-02T07:59:29+00:00,"EXECUTIVE OFFICER, DANAPUR NIZAMAT",EO,NAGAR PARISHAD DANAPUR NIZAMAT,NAGAR PARISHAD DANAPUR NIZAMAT WARD NO.-35,"EXECUTIVE OFFICER, DANAPUR NIZAMAT",EO,NAGAR PARISHAD DANAPUR NIZAMAT,10600.0,1250.0,590.0
14637,MCD-NIT-14/2021-22-GR-11,Contruction of Paver Block Road and Drain from house of Gajadhar Main Road to house of Shiv Ji in Ward no-22 Danapur Nagar Parishad.,Contruction of Paver Block Road and Drain from house of Gajadhar Main Road to house of Shiv Ji in Ward no-22 Danapur Nagar Parishad.,1972147.0,INR,INR,2021-10-25 21:25:06+00:00,2021-10-25T21:19:42.162000+00:00,2021-12-02T09:52:49+00:00,"EXECUTIVE OFFICER, DANAPUR NIZAMAT",EO,NAGAR PARISHAD DANAPUR NIZAMAT,NAGAR PARISHAD DANAPUR NIZAMAT WARD NO.-35,"EXECUTIVE OFFICER, DANAPUR NIZAMAT",EO,NAGAR PARISHAD DANAPUR NIZAMAT,39500.0,5000.0,590.0
14636,MCD-NIT-14/2021-22-GR-10,Contruction of Paver Block Road and Hume Pipe Drain from house of Naresh Mukhiya to Anil Rai in Pachuchak Ward no-19 Danapur Nagar Parishad.,Contruction of Paver Block Road and Hume Pipe Drain from house of Naresh Mukhiya to Anil Rai in Pachuchak Ward no-19 Danapur Nagar Parishad.,470556.0,INR,INR,2021-10-25 21:11:48+00:00,2021-10-25T21:08:22.290000+00:00,2021-12-02T09:46:00+00:00,"EXECUTIVE OFFICER, DANAPUR NIZAMAT",EO,NAGAR PARISHAD DANAPUR NIZAMAT,NAGAR PARISHAD DANAPUR NIZAMAT WARD NO.-35,"EXECUTIVE OFFICER, DANAPUR NIZAMAT",EO,NAGAR PARISHAD DANAPUR NIZAMAT,9500.0,750.0,590.0
14641,MCD-NIT-14/2021-22-GR-15,Contruction of Paver Block Road and Hume Pipe Drain from house of Vinay Rai to Kanhai Soni in Ward no-22 Danapur Nagar Parishad.,Contruction of Paver Block Road and Hume Pipe Drain from house of Vinay Rai to Kanhai Soni in Ward no-22 Danapur Nagar Parishad.,2135918.0,INR,INR,2021-10-25 21:45:13+00:00,2021-10-25T21:41:14.620000+00:00,2021-12-02T10:28:28+00:00,"EXECUTIVE OFFICER, DANAPUR NIZAMAT",EO,NAGAR PARISHAD DANAPUR NIZAMAT,NAGAR PARISHAD DANAPUR NIZAMAT WARD NO.-35,"EXECUTIVE OFFICER, DANAPUR NIZAMAT",EO,NAGAR PARISHAD DANAPUR NIZAMAT,43000.0,5000.0,590.0
14640,MCD-NIT-14/2021-22-GR-14,Contruction of R.C.C. Drain from house of Rajkumar Sharma to Rajnarayan Daur Ward no-22 Danapur Nagar Parishad.,Contruction of R.C.C. Drain from house of Rajkumar Sharma to Rajnarayan Daur Ward no-22 Danapur Nagar Parishad.,316116.0,INR,INR,2021-10-25 21:40:48+00:00,2021-10-25T21:36:16.689000+00:00,2021-12-02T10:19:26+00:00,"EXECUTIVE OFFICER, DANAPUR NIZAMAT",EO,NAGAR PARISHAD DANAPUR NIZAMAT,NAGAR PARISHAD DANAPUR NIZAMAT WARD NO.-35,"EXECUTIVE OFFICER, DANAPUR NIZAMAT",EO,NAGAR PARISHAD DANAPUR NIZAMAT,6500.0,750.0,590.0
14643,MCD-NIT-14/2021-22-GR-17,Contruction of P.C.C. Road from Ramjaipal Nagar Main Road to Shiv Mandir in Ward no-34 Danapur Nagar Parishad.,Contruction of P.C.C. Road from Ramjaipal Nagar Main Road to Shiv Mandir in Ward no-34 Danapur Nagar Parishad.,1731121.0,INR,INR,2021-10-25 21:55:32+00:00,2021-10-25T21:51:16.957000+00:00,2021-12-02T10:42:49+00:00,"EXECUTIVE OFFICER, DANAPUR NIZAMAT",EO,NAGAR PARISHAD DANAPUR NIZAMAT,NAGAR PARISHAD DANAPUR NIZAMAT WARD NO.-35,"EXECUTIVE OFFICER, DANAPUR NIZAMAT",EO,NAGAR PARISHAD DANAPUR NIZAMAT,34700.0,5000.0,590.0
14647,NIT/HISUA-02/2021-22 (GR01),"Construction of Drain, Slab, Soling, P.C.C. Work from Inter School, Hisua at Hisua ? Narhat Road to infront of Golden Singh?s house via house of Ravindra Babu under Nagar Panchayat, Hisua","Construction of Drain, Slab, Soling, P.C.C. Work from Inter School, Hisua at Hisua ? Narhat Road to infront of Golden Singh?s house via house of Ravindra Babu under Nagar Panchayat, Hisua",2342100.0,INR,INR,2021-10-26 05:03:28+00:00,2021-10-26T04:22:40.661000+00:00,2021-11-05T10:24:21+00:00,"ATISH RANJAN, EXECUTIVE OFFICER, HISUA","EO, NP, HISUA","NAGAR PARISAD, HISUA",HISUA,ATISH RANJAN (EO) HISUA,EXECUTIVE OFFICER,"NAGAR PARISAD, HISUA",46900.0,5000.0,590.0
14648,NIT/HISUA-02/2021-22 (GR02),"Detailed Estimate for Construction of P.C.C. Road  from house of Prabhat Singh at near of Boundary Wall of Irrigation Department to under Main Bazar Road via Guhiya Pyne & Godown in Ward No. : 09 & 10 under Nagar Panchayat, Hisua","Detailed Estimate for Construction of P.C.C. Road  from house of Prabhat Singh at near of Boundary Wall of Irrigation Department to under Main Bazar Road via Guhiya Pyne & Godown in Ward No. : 09 & 10 under Nagar Panchayat, Hisua",2742600.0,INR,INR,2021-10-26 05:06:10+00:00,2021-10-26T04:47:11+00:00,2022-04-27T08:13:58+00:00,"ATISH RANJAN, EXECUTIVE OFFICER, HISUA","EO, NP, HISUA","NAGAR PARISAD, HISUA",HISUA,ATISH RANJAN (EO) HISUA,EXECUTIVE OFFICER,"NAGAR PARISAD, HISUA",54900.0,5000.0,590.0
14642,MCD-NIT-14/2021-22-GR-16,Contruction of P.C.C. Road and R.C.C. Drain from house of Harendra Rai to Gandhi Rai in Ward no-34 Danapur Nagar Parishad.,Contruction of P.C.C. Road and R.C.C. Drain from house of Harendra Rai to Gandhi Rai in Ward no-34 Danapur Nagar Parishad.,1380558.0,INR,INR,2021-10-25 21:50:48+00:00,2021-10-25T21:45:36.494000+00:00,2021-12-02T10:35:39+00:00,"EXECUTIVE OFFICER, DANAPUR NIZAMAT",EO,NAGAR PARISHAD DANAPUR NIZAMAT,NAGAR PARISHAD DANAPUR NIZAMAT WARD NO.-35,"EXECUTIVE OFFICER, DANAPUR NIZAMAT",EO,NAGAR PARISHAD DANAPUR NIZAMAT,27700.0,2500.0,590.0
14645,MCD-NIT-14/2021-22-GR-19,Contruction of P.C.C. Road and R.C.C. Drain from house of Jainandan rai to Boundary of St. Domic School in Ward no-34 Danapur Nagar Parishad.,Contruction of P.C.C. Road and R.C.C. Drain from house of Jainandan rai to Boundary of St. Domic School in Ward no-34 Danapur Nagar Parishad.,1621100.0,INR,INR,2021-10-25 22:04:27+00:00,2021-10-25T22:00:50.773000+00:00,2021-12-02T11:07:30+00:00,"EXECUTIVE OFFICER, DANAPUR NIZAMAT",EO,NAGAR PARISHAD DANAPUR NIZAMAT,NAGAR PARISHAD DANAPUR NIZAMAT WARD NO.-35,"EXECUTIVE OFFICER, DANAPUR NIZAMAT",EO,NAGAR PARISHAD DANAPUR NIZAMAT,32500.0,5000.0,590.0
14646,MCD-NIT-14/2021-22-GR-20,Contruction of R.C.C. Drain from house of Thankur ji to Yogeshwar Singh via Anup kumar Ward no-34 Danapur Nagar Parishad.,Contruction of R.C.C. Drain from house of Thankur ji to Yogeshwar Singh via Anup kumar Ward no-34 Danapur Nagar Parishad.,1427300.0,INR,INR,2021-10-25 22:09:24+00:00,2021-10-25T22:04:55.212000+00:00,2021-12-02T11:19:42+00:00,"EXECUTIVE OFFICER, DANAPUR NIZAMAT",EO,NAGAR PARISHAD DANAPUR NIZAMAT,NAGAR PARISHAD DANAPUR NIZAMAT WARD NO.-35,"EXECUTIVE OFFICER, DANAPUR NIZAMAT",EO,NAGAR PARISHAD DANAPUR NIZAMAT,28600.0,2500.0,590.0
14644,MCD-NIT-14/2021-22-GR-18,Contruction of P.C.C. Road and Hume Pipe Drain from Gali of Daroga Rai Ramajaipal Nagar in Ward no-34 Danapur Nagar Parishad.,Contruction of P.C.C. Road and Hume Pipe Drain from Gali of Daroga Rai Ramajaipal Nagar in Ward no-34 Danapur Nagar Parishad.,471772.0,INR,INR,2021-10-25 22:00:27+00:00,2021-10-25T21:55:59.078000+00:00,2021-12-02T10:52:40+00:00,"EXECUTIVE OFFICER, DANAPUR NIZAMAT",EO,NAGAR PARISHAD DANAPUR NIZAMAT,NAGAR PARISHAD DANAPUR NIZAMAT WARD NO.-35,"EXECUTIVE OFFICER, DANAPUR NIZAMAT",EO,NAGAR PARISHAD DANAPUR NIZAMAT,9500.0,750.0,590.0
14656,"10/E/KAN/2021, Group No.01","Preparation of temporary Chhath ghaat by Providing Bamboo Railing ,
challi & Ghaat Surface & Lighting Arrangment with approved etc ( Year 2021) at Sipara
Bus Stand Talaab Under Ward NO-30 of P.M.C PAtna","Preparation of temporary Chhath ghaat by Providing Bamboo Railing ,
challi & Ghaat Surface & Lighting Arrangment with approved etc ( Year 2021) at Sipara
Bus Stand Talaab Under Ward NO-30 of P.M.C PAtna",890200.0,INR,INR,2021-10-27 12:08:02+00:00,2021-10-27T11:48:14.823000+00:00,2022-01-29T10:42:19+00:00,"Aashish Prasad, Executive Engineer",EXECUETIVE ENGINEER,"Kankarbagh Division,Patna Municipal Corporation,Patna","Tempo Stand,Kankarbagh,Patna-20","Aashish Prasad,EXECUETIVE ENGINEER",EXECUETIVE ENGINEER,"Kankarbagh Division,Patna Municipal Corporation,Patna",17900.0,1250.0,590.0
14649,NIT NO-04/2021-22 GR-01 NPNABINAGAR,Construction of Pcc Road & Drain from Panda Mohalla to Parsiyan Masjid via Rahim Khan's house in the Ward no-02 under NP Aurangabad.,Construction of Pcc Road & Drain from Panda Mohalla to Parsiyan Masjid via Rahim Khan's house in the Ward no-02 under NP Aurangabad.,2985059.0,INR,INR,2021-10-26 06:04:55+00:00,2021-10-26T05:08:33.400000+00:00,2021-11-18T06:56:29+00:00,Shyam Nandan Prasad,Executive Officer,Nagar Panchayat Nabinagar,Near Police Station Nabinagar,Shyam Nandan Prasad,Executive Officer,Nagar Panchayat Nabinagar,59700.0,5000.0,590.0
14650,NIT NO-04/2021-22 GR-02 NPNABINAGAR,"Construction of Pcc Road & covered Drain from Dr. Mumtaz's house to Umesh Singh's house via Sangam Studios,  in  Ward no-03 under NP Aurangabad.","Construction of Pcc Road & covered Drain from Dr. Mumtaz's house to Umesh Singh's house via Sangam Studios,  in  Ward no-03 under NP Aurangabad.",3926591.0,INR,INR,2021-10-26 06:04:08+00:00,2021-10-26T05:38:05.120000+00:00,2021-11-18T06:36:44+00:00,Shyam Nandan Prasad,Executive Officer,Nagar Panchayat Nabinagar,Near Police Station Nabinagar,Shyam Nandan Prasad,Executive Officer,Nagar Panchayat Nabinagar,78500.0,5000.0,590.0
14653,NIT NO-04/2021-22 GR-05 NPNABINAGAR,"Construction of Pcc Road & covered Drain from Basan Bigha More to Mukesh Singh's house, Mardul Pandey's house, Pramod Singh's house, Sunil Singh's house, Kamdev Yadav's house, and Dhananjay Singh's house in the Ward no-11 under NP Aurangabad.","Construction of Pcc Road & covered Drain from Basan Bigha More to Mukesh Singh's house, Mardul Pandey's house, Pramod Singh's house, Sunil Singh's house, Kamdev Yadav's house, and Dhananjay Singh's house in the Ward no-11 under NP Aurangabad.",4857330.0,INR,INR,2021-10-26 06:01:27+00:00,2021-10-26T05:55:07.824000+00:00,2021-11-18T05:54:21+00:00,Shyam Nandan Prasad,Executive Officer,Nagar Panchayat Nabinagar,Near Police Station Nabinagar,Shyam Nandan Prasad,Executive Officer,Nagar Panchayat Nabinagar,97200.0,5000.0,590.0
14651,NIT NO-04/2021-22 GR-03 NPNABINAGAR,Construction of Pcc Road & Drain with lid from Ajit Singh's house to Shankar Bhagwan's temple in Ward no-07 under NP Aurangabad.,Construction of Pcc Road & Drain with lid from Ajit Singh's house to Shankar Bhagwan's temple in Ward no-07 under NP Aurangabad.,4880156.0,INR,INR,2021-10-26 06:03:19+00:00,2021-10-26T05:46:07.847000+00:00,2021-11-18T06:20:48+00:00,Shyam Nandan Prasad,Executive Officer,Nagar Panchayat Nabinagar,Near Police Station Nabinagar,Shyam Nandan Prasad,Executive Officer,Nagar Panchayat Nabinagar,97600.0,5000.0,590.0
14652,NIT NO-04/2021-22 GR-04 NPNABINAGAR,Construction work of PCC path and covered drain from Thakurbari temple to Laxmi Sao's house in Ward No. 10 under NP Aurangabad.,Construction work of PCC path and covered drain from Thakurbari temple to Laxmi Sao's house in Ward No. 10 under NP Aurangabad.,3212706.0,INR,INR,2021-10-26 06:02:30+00:00,2021-10-26T05:49:40.869000+00:00,2021-11-18T06:10:05+00:00,Shyam Nandan Prasad,Executive Officer,Nagar Panchayat Nabinagar,Near Police Station Nabinagar,Shyam Nandan Prasad,Executive Officer,Nagar Panchayat Nabinagar,64300.0,5000.0,590.0
14655,01/BCD/EWD/PURNEA/2021-22,Provision to E.W & E.I in Girl's Hostel Building at Girls ITI ForbesganJ. Distt- Araria.(G+2),Provision to E.W & E.I in Girl's Hostel Building at Girls ITI ForbesganJ. Distt- Araria.(G+2),2062134.0,INR,INR,2021-10-27 11:01:01+00:00,2021-10-27T10:49:23.100000+00:00,2021-11-30T06:38:56+00:00,"Electrical Executive Engineer, PURNEA DIVISION",EEE,Electrical Division PURNEA,"Electrical Division PURNEA, BCD PURNEA","Superintending Engineer, Electric North Bihar Circle",SE,"Superintending Engineer, Electric North Bihar Circle",42000.0,5000.0,590.0
14658,"10/E/KAN/2021, Group No. 03","Preparation of temporary Chhath ghaat by Providing Bamboo Railing ,
challi & Ghaat Surface & Lighting Arrangment under P.M.C Patna Under Ward NO-55 of
P.M.C Patna.","Preparation of temporary Chhath ghaat by Providing Bamboo Railing ,
challi & Ghaat Surface & Lighting Arrangment under P.M.C Patna Under Ward NO-55 of
P.M.C Patna.",373205.0,INR,INR,2021-10-27 12:35:58+00:00,2021-10-27T12:24:36.027000+00:00,2021-11-05T07:09:57+00:00,"Aashish Prasad, Executive Engineer",EXECUETIVE ENGINEER,"Kankarbagh Division,Patna Municipal Corporation,Patna","Tempo Stand,Kankarbagh,Patna-20","Aashish Prasad,EXECUETIVE ENGINEER",EXECUETIVE ENGINEER,"Kankarbagh Division,Patna Municipal Corporation,Patna",7500.0,750.0,590.0
14662,NIT-12EPCD2021-22_GR10,"Construction of Approach Road of Gareriya Ghat on the occasion of Chhath festival  during 2021PCD,PMC.","Construction of Approach Road of Gareriya Ghat on the occasion of Chhath festival  during 2021PCD,PMC.",186097.0,INR,INR,2021-10-27 15:29:43+00:00,2021-10-27T15:24:47.566000+00:00,2022-05-17T11:26:05+00:00,"Ramswarup Prasad, EXECUTIVE ENGINEER",EE,"PATNA CITY DIVISION, PMC","PATNA CITY DIVISION, MEENA BAZAR, SHERSHAH PATH, PATNA-07","Ramswarup Prasad, EXECUTIVE ENGINEER",EE,"PATNA CITY DIVISION, PMC",3800.0,500.0,590.0
14665,NIT-12EPCD2021-22_GR14,"Construction of Approach Road of Nand Gola  Ghat on the occasion of Chhath festival  during 2021 PCD,PMC.","Construction of Approach Road of Nand Gola  Ghat on the occasion of Chhath festival  during 2021 PCD,PMC.",190000.0,INR,INR,2021-10-27 15:46:19+00:00,2021-10-27T15:40:27.223000+00:00,2022-05-17T10:59:10+00:00,"Ramswarup Prasad, EXECUTIVE ENGINEER",EE,"PATNA CITY DIVISION, PMC","PATNA CITY DIVISION, MEENA BAZAR, SHERSHAH PATH, PATNA-07","Ramswarup Prasad, EXECUTIVE ENGINEER",EE,"PATNA CITY DIVISION, PMC",3800.0,500.0,590.0
14657,"10/E/KAN/2021, Group No. 02","Preparation of temporary Chhath ghaat by Providing Bamboo
Railing , challi & Ghaat Surface & Lighting Arrangment with approved etc ( Year
2021) at Sipara Bathani Talaab Under Ward NO-30 of P.M.C PAtna","Preparation of temporary Chhath ghaat by Providing Bamboo
Railing , challi & Ghaat Surface & Lighting Arrangment with approved etc ( Year
2021) at Sipara Bathani Talaab Under Ward NO-30 of P.M.C PAtna",369500.0,INR,INR,2021-10-27 12:22:34+00:00,2021-10-27T12:11:30.621000+00:00,2021-11-03T11:53:23+00:00,"Aashish Prasad, Executive Engineer",EXECUETIVE ENGINEER,"Kankarbagh Division,Patna Municipal Corporation,Patna","Tempo Stand,Kankarbagh,Patna-20","Aashish Prasad,EXECUETIVE ENGINEER",EXECUETIVE ENGINEER,"Kankarbagh Division,Patna Municipal Corporation,Patna",7400.0,750.0,590.0
14666,NIT-12EPCD2021-22_GR17,"Construction of Approach Road of Panch Mukhi Ghat on the occasion of Chhath festival  during 2021of Chhath festival  during 2021 PCD,PMC.","Construction of Approach Road of Panch Mukhi Ghat on the occasion of Chhath festival  during 2021of Chhath festival  during 2021 PCD,PMC.",182648.0,INR,INR,2021-10-27 15:49:48+00:00,2021-10-27T15:46:36.048000+00:00,2022-04-27T07:01:05+00:00,"Ramswarup Prasad, EXECUTIVE ENGINEER",EE,"PATNA CITY DIVISION, PMC","PATNA CITY DIVISION, MEENA BAZAR, SHERSHAH PATH, PATNA-07","Ramswarup Prasad, EXECUTIVE ENGINEER",EE,"PATNA CITY DIVISION, PMC",3700.0,500.0,590.0
14661,NIT-12EPCD2021-22_GR09,"Construction of Approach Road of Ganga Mandir Ghat on the occasion of Chhath festival  during 2021PCD,PMC.","Construction of Approach Road of Ganga Mandir Ghat on the occasion of Chhath festival  during 2021PCD,PMC.",177297.0,INR,INR,2021-10-27 15:23:53+00:00,2021-10-27T15:19:28.717000+00:00,2022-04-27T08:26:22+00:00,"Ramswarup Prasad, EXECUTIVE ENGINEER",EE,"PATNA CITY DIVISION, PMC","PATNA CITY DIVISION, MEENA BAZAR, SHERSHAH PATH, PATNA-07","Ramswarup Prasad, EXECUTIVE ENGINEER",EE,"PATNA CITY DIVISION, PMC",3600.0,500.0,590.0
14664,NIT-12EPCD2021-22_GR13,"Construction of Approach Road of Mirchai Ghat on the occasion of Chhath festival  during 2021 PCD,PMC.","Construction of Approach Road of Mirchai Ghat on the occasion of Chhath festival  during 2021 PCD,PMC.",331343.0,INR,INR,2021-10-27 15:40:12+00:00,2021-10-27T15:33:33.976000+00:00,2023-08-01T13:17:45+00:00,"Ramswarup Prasad, EXECUTIVE ENGINEER",EE,"PATNA CITY DIVISION, PMC","PATNA CITY DIVISION, MEENA BAZAR, SHERSHAH PATH, PATNA-07","Ramswarup Prasad, EXECUTIVE ENGINEER",EE,"PATNA CITY DIVISION, PMC",6700.0,750.0,590.0
14667,NIT-12EPCD2021-22_GR19,"Construction of Approach Road of Quila Ghat on the occasion of Chhath festival  during 2021 PCD,PMC.","Construction of Approach Road of Quila Ghat on the occasion of Chhath festival  during 2021 PCD,PMC.",89537.0,INR,INR,2021-10-27 15:54:23+00:00,2021-10-27T15:50:08.321000+00:00,2022-05-21T10:46:21+00:00,"Ramswarup Prasad, EXECUTIVE ENGINEER",EE,"PATNA CITY DIVISION, PMC","PATNA CITY DIVISION, MEENA BAZAR, SHERSHAH PATH, PATNA-07","Ramswarup Prasad, EXECUTIVE ENGINEER",EE,"PATNA CITY DIVISION, PMC",1800.0,500.0,590.0
14668,NIT-12EPCD2021-22_GR21,"Construction of Approach Road of Sarifaganj  Ghat on the occasion of Chhath festival  during 2021 PCD,PMC.","Construction of Approach Road of Sarifaganj  Ghat on the occasion of Chhath festival  during 2021 PCD,PMC.",210493.0,INR,INR,2021-10-27 15:58:28+00:00,2021-10-27T15:54:41.520000+00:00,2022-03-25T09:15:47+00:00,"Ramswarup Prasad, EXECUTIVE ENGINEER",EE,"PATNA CITY DIVISION, PMC","PATNA CITY DIVISION, MEENA BAZAR, SHERSHAH PATH, PATNA-07","Ramswarup Prasad, EXECUTIVE ENGINEER",EE,"PATNA CITY DIVISION, PMC",4300.0,500.0,590.0
14660,NIT-12EPCD2021-22_GR03,"Construction of Approach Road of Abdur Rahmanpur Ghat on the occasion of Chhath festival  during 2021 PCD,PMC.","Construction of Approach Road of Abdur Rahmanpur Ghat on the occasion of Chhath festival  during 2021 PCD,PMC.",201503.0,INR,INR,2021-10-27 15:19:07+00:00,2021-10-27T15:15:41.439000+00:00,2022-04-27T07:08:41+00:00,"Ramswarup Prasad, EXECUTIVE ENGINEER",EE,"PATNA CITY DIVISION, PMC","PATNA CITY DIVISION, MEENA BAZAR, SHERSHAH PATH, PATNA-07","Ramswarup Prasad, EXECUTIVE ENGINEER",EE,"PATNA CITY DIVISION, PMC",4100.0,500.0,590.0
14669,NIT-12EPCD2021-22_GR22,"Construction of Approach Road of Shiv Ghat on the occasion of Chhath festival  during 2021PCD,PMC.","Construction of Approach Road of Shiv Ghat on the occasion of Chhath festival  during 2021PCD,PMC.",164893.0,INR,INR,2021-10-27 16:01:48+00:00,2021-10-27T15:58:43.854000+00:00,2022-04-27T08:35:37+00:00,"Ramswarup Prasad, EXECUTIVE ENGINEER",EE,"PATNA CITY DIVISION, PMC","PATNA CITY DIVISION, MEENA BAZAR, SHERSHAH PATH, PATNA-07","Ramswarup Prasad, EXECUTIVE ENGINEER",EE,"PATNA CITY DIVISION, PMC",3300.0,500.0,590.0
14659,NIT-12EPCD2021-22_GR02,"Construction of Temporary Pond with Lighting Arrangement at Quila  Ghat  on the occasion of Ideal Immersion of Durga Ji Murti for the year 2021. in ward No.67 PCD,PMC.","Construction of Temporary Pond with Lighting Arrangement at Quila  Ghat  on the occasion of Ideal Immersion of Durga Ji Murti for the year 2021. in ward No.67 PCD,PMC.",170768.0,INR,INR,2021-10-27 15:15:20+00:00,2021-10-27T15:04:44.633000+00:00,2021-10-30T17:51:17+00:00,"Ramswarup Prasad, EXECUTIVE ENGINEER",EE,"PATNA CITY DIVISION, PMC","PATNA CITY DIVISION, MEENA BAZAR, SHERSHAH PATH, PATNA-07","Ramswarup Prasad, EXECUTIVE ENGINEER",EE,"PATNA CITY DIVISION, PMC",3500.0,500.0,590.0
14663,NIT-12EPCD2021-22_GR12,"Construction of Approach Road of  Mahavir Ghat, Didarganj on the occasion of Chhath festival  during 2021 PCD,PMC.","Construction of Approach Road of  Mahavir Ghat, Didarganj on the occasion of Chhath festival  during 2021 PCD,PMC.",168686.0,INR,INR,2021-10-27 15:33:19+00:00,2021-10-27T15:30:08.404000+00:00,2022-04-27T06:47:01+00:00,"Ramswarup Prasad, EXECUTIVE ENGINEER",EE,"PATNA CITY DIVISION, PMC","PATNA CITY DIVISION, MEENA BAZAR, SHERSHAH PATH, PATNA-07","Ramswarup Prasad, EXECUTIVE ENGINEER",EE,"PATNA CITY DIVISION, PMC",3400.0,500.0,590.0
14709,"NIT No - 08/E/Bankipur/2021, Group No. 05","Construction of  U/G Drain and PCC road In Dharhara khothi From House of Ajit Kumar Sinha to House of Aanandi Singh, in ward no.42 under Bankipur Division, PMC, Patna.","Construction of  U/G Drain and PCC road In Dharhara khothi From House of Ajit Kumar Sinha to House of Aanandi Singh, in ward no.42 under Bankipur Division, PMC, Patna.",1312472.0,INR,INR,2021-10-29 10:49:52+00:00,2021-10-29T10:39:13.179000+00:00,2022-11-17T07:02:11+00:00,"Aashish Prasad, Executive Engineer",EE,"BANKIPUR DIVISION, Patna Municipal Corporation, Patna","Ambedkar Bhawan, Vaishali Golumbar,Rajendra Nagar,Patna","Aashish Prasad, Executive Engineer",EE,"Bankipur Division,Patna Municipal Corporation,Patna",26300.0,2500.0,590.0
14705,NIT-10/2021-22/BIRPUR,"FABRICATION AND ERECTION OF 15 NOS. FIXED WHEEL VERTICAL LIFT TYPE ANTI FLOOD SLUICE GATES (SIZE- 3220 MM X 4160 MM) INCLUDING EMBEDDED PARTS, HOISTING SYSTEM WITH OPERATING PLATFORM, LADDER ETC. AT 26.60KM OF  WESTERN KOSHI EMBANKMENT (INDIA PORTION).","FABRICATION AND ERECTION OF 15 NOS. FIXED WHEEL VERTICAL LIFT TYPE ANTI FLOOD SLUICE GATES (SIZE- 3220 MM X 4160 MM) INCLUDING EMBEDDED PARTS, HOISTING SYSTEM WITH OPERATING PLATFORM, LADDER ETC. AT 26.60KM OF  WESTERN KOSHI EMBANKMENT (INDIA PORTION).",40588348.0,INR,INR,2021-10-29 06:41:13+00:00,2021-10-29T06:14:45.596000+00:00,2021-11-20T07:02:57+00:00,Abdul Quaiyum,Executive Engineer,Water Resource Department,Irrigation Mechanical Division Birpur,Shreekant Shukla,SUPERINTENDING ENGINEER,WATER RESOURCE DEPARTMENT,812000.0,10000.0,5900.0
14708,NIT/RAJAULI/R/02/2021-22,"Cleanliness work in total area of Nagar Pachayat Rajauli, Nawada which includes door to door garbage collection work, segregation, secondary Storage, Sweeping and cleaning of all roads, pavements, lanes, Galis, All major and minor drains, parks, collectorate campus, Court campus, etc., cleaning and garbage collection in Commercial Areas at night time and transportation of collected waste to dumping site from secondary storage site and segregation at waste dumping/processing site.","Cleanliness work in total area of Nagar Pachayat Rajauli, Nawada which includes door to door garbage collection work, segregation, secondary Storage, Sweeping and cleaning of all roads, pavements, lanes, Galis, All major and minor drains, parks, collectorate campus, Court campus, etc., cleaning and garbage collection in Commercial Areas at night time and transportation of collected waste to dumping site from secondary storage site and segregation at waste dumping/processing site.",0.0,INR,INR,2021-10-29 10:21:33+00:00,2021-10-29T09:46:28.912000+00:00,2022-02-15T07:52:25+00:00,"EXECUTIVE OFFICER, RAJAULI","EXECUTIVE OFFICER, RAJAULI",NAGAR PANCHAYAT RAJAULI,RAJAULI,"EXECUTIVE OFFICER, RAJAULI","EXECUTIVE OFFICER, RAJAULI",NAGAR PANCHAYAT RAJAULI,100000.0,10000.0,590.0
14706,NIT - 06/2021 - 2022,"Construction of soak-pit  1.00m dia & 2.00m deep with dry brick honey-comb shaft with bricks (100B) of Class designation for Handpump. under P.H. Division, Samastipur for FY 2021-22","Construction of soak-pit  1.00m dia & 2.00m deep with dry brick honey-comb shaft with bricks (100B) of Class designation for Handpump. under P.H. Division, Samastipur for FY 2021-22",5587767.0,INR,INR,2021-10-29 11:05:31+00:00,2021-10-29T07:50:55.493000+00:00,2021-12-07T12:02:00+00:00,KUMAR ABHISHEK,EE,P.H DIVISION SAMASTIPUR,BHADURPUR PANI TANKI CAMPUS SAMASTIPUR,Manoj Kumar,SE,Public Health Engineering Dept,112000.0,10000.0,590.0
14707,NIT - 07/2021 - 2022,"Construction of 125mm X 40 mm x 61 m deep Tube Well with I.M-II Hand Pump with Platform and Drain under Special Central Assistance to Scheduled cast sub Plan within the jurisdiction of P.H. Division, Samastipur in the District of Samastipur for the Year 2021-22","Construction of 125mm X 40 mm x 61 m deep Tube Well with I.M-II Hand Pump with Platform and Drain under Special Central Assistance to Scheduled cast sub Plan within the jurisdiction of P.H. Division, Samastipur in the District of Samastipur for the Year 2021-22",3061391.0,INR,INR,2021-10-29 10:54:33+00:00,2021-10-29T09:24:33.258000+00:00,2021-12-07T12:16:15+00:00,KUMAR ABHISHEK,EE,P.H DIVISION SAMASTIPUR,BHADURPUR PANI TANKI CAMPUS SAMASTIPUR,Manoj Kumar,SE,Public Health Engineering Dept,62000.0,5000.0,590.0
14671,NIT-12EPCD2021-22_GR23,"Construction of Approach Road of  West Didarganj Ghat on the occasion of Chhath festival  during 2021 PCD,PMC.","Construction of Approach Road of  West Didarganj Ghat on the occasion of Chhath festival  during 2021 PCD,PMC.",171741.0,INR,INR,2021-10-27 16:04:59+00:00,2021-10-27T16:02:04.013000+00:00,2022-04-27T07:34:06+00:00,"Ramswarup Prasad, EXECUTIVE ENGINEER",EE,"PATNA CITY DIVISION, PMC","PATNA CITY DIVISION, MEENA BAZAR, SHERSHAH PATH, PATNA-07","Ramswarup Prasad, EXECUTIVE ENGINEER",EE,"PATNA CITY DIVISION, PMC",3500.0,500.0,590.0
14702,PHEDWESTNIT No 3 (R1)/2021-22,"Reorganisation of Puraini Rural Pipe Water Supply Scheme of Village Puraini Under Public Health Division Bhagalpur West In The District of Bhagalpur P.H. Division Bhagalpur West, Bhagalpur","Reorganisation of Puraini Rural Pipe Water Supply Scheme of Village Puraini Under Public Health Division Bhagalpur West In The District of Bhagalpur P.H. Division Bhagalpur West, Bhagalpur",125013000.0,INR,INR,2021-10-29 13:34:16+00:00,2021-10-28T12:49:47.306000+00:00,2021-11-16T11:12:17+00:00,"EXECUTIVE ENGINEER, P.H.DIVISION BHAGALPUR WEST BHAGALPUR",EXECUTIVE ENGINEER,P.H.DIVISION BHAGALPUR WEST,"EXECUTIVE ENGINEER,P.H.DIVISION BHAGALPUR WEST BHAGLAPUR",Er. Vijay kumar,Superintending Engineer(SE),P.H.Circle Munger,2501000.0,10000.0,5900.0
14714,"NIT No - 08/E/Bankipur/2021, Group No. 09","Construction of  U/G Drain and PCC road in Machuatoli Gali of Vijay verma, in ward no.42 under Bankipur Division, PMC, Patna.","Construction of  U/G Drain and PCC road in Machuatoli Gali of Vijay verma, in ward no.42 under Bankipur Division, PMC, Patna.",158234.0,INR,INR,2021-10-29 11:54:54+00:00,2021-10-29T11:43:55.288000+00:00,2022-03-31T09:52:30+00:00,"Aashish Prasad, Executive Engineer",EE,"BANKIPUR DIVISION, Patna Municipal Corporation, Patna","Ambedkar Bhawan, Vaishali Golumbar,Rajendra Nagar,Patna","Aashish Prasad, Executive Engineer",EE,"Bankipur Division,Patna Municipal Corporation,Patna",3200.0,500.0,590.0
14713,NIT_12_GR_01_2021-22,Providing labour for repair and maintenance of Ward level and Rural piped water supply schemes.,Providing labour for repair and maintenance of Ward level and Rural piped water supply schemes.,1123800.0,INR,INR,2021-10-29 12:55:44+00:00,2021-10-29T11:39:39.885000+00:00,2021-11-23T09:18:46+00:00,"Executive Engineer P.H. Division, Hajipur",EE,P.H. DIVISION HAJIPUR,Hospital road Near pani tanki campus hajipur,SUPERINTENDING ENGINNER  MUZAFFARPUR,SE,PHED CIRCLE OFFICE MUZAFFARPUR,22600.0,5000.0,590.0
14715,"NIT No - 08/E/Bankipur/2021, Group No. 10","Construction of  U/G Drain and PCC road in Dharhara khothi From House of Raja Babu Johari to House of Vinay Kumar Sinha, in ward no.42 under Bankipur Division, PMC, Patna.","Construction of  U/G Drain and PCC road in Dharhara khothi From House of Raja Babu Johari to House of Vinay Kumar Sinha, in ward no.42 under Bankipur Division, PMC, Patna.",813011.0,INR,INR,2021-10-29 12:08:25+00:00,2021-10-29T11:58:57.539000+00:00,2022-10-17T10:58:00+00:00,"Aashish Prasad, Executive Engineer",EE,"BANKIPUR DIVISION, Patna Municipal Corporation, Patna","Ambedkar Bhawan, Vaishali Golumbar,Rajendra Nagar,Patna","Aashish Prasad, Executive Engineer",EE,"Bankipur Division,Patna Municipal Corporation,Patna",16300.0,1250.0,590.0
14716,"NIT No - 08/E/Bankipur/2021, Group No. 11","Construction of  U/G Drain and PCC road in Dharhara khothi Near Ambition Triveni Apartment from House of Rajeshwar Prasad to main road and RCC cover for drain, in ward no.42 under Bankipur Division, PMC, Patna.","Construction of  U/G Drain and PCC road in Dharhara khothi Near Ambition Triveni Apartment from House of Rajeshwar Prasad to main road and RCC cover for drain, in ward no.42 under Bankipur Division, PMC, Patna.",336305.0,INR,INR,2021-10-29 12:20:56+00:00,2021-10-29T12:10:47.716000+00:00,2022-04-28T11:19:52+00:00,"Aashish Prasad, Executive Engineer",EE,"BANKIPUR DIVISION, Patna Municipal Corporation, Patna","Ambedkar Bhawan, Vaishali Golumbar,Rajendra Nagar,Patna","Aashish Prasad, Executive Engineer",EE,"Bankipur Division,Patna Municipal Corporation,Patna",7300.0,750.0,590.0
14718,"NIT No - 08/E/Bankipur/2021, Group No. 13","Construction of 110 Metre deep (100 mm x 50 mm) dia 2 H.P. 9 Nos. submersibble motor pump in  ward No--42 under Bankipur Division , P.M.C","Construction of 110 Metre deep (100 mm x 50 mm) dia 2 H.P. 9 Nos. submersibble motor pump in  ward No--42 under Bankipur Division , P.M.C",2139300.0,INR,INR,2021-10-29 12:42:12+00:00,2021-10-29T12:34:06.918000+00:00,2023-12-08T07:16:25+00:00,"Aashish Prasad, Executive Engineer",EE,"BANKIPUR DIVISION, Patna Municipal Corporation, Patna","Ambedkar Bhawan, Vaishali Golumbar,Rajendra Nagar,Patna","Aashish Prasad, Executive Engineer",EE,"Bankipur Division,Patna Municipal Corporation,Patna",42800.0,5000.0,590.0
14712,"NIT No - 08/E/Bankipur/2021, Group No. 08","Construction of  U/G Drain and PCC road In Immabara Gali Dariyapur, in ward no.42 under Bankipur Division, PMC, Patna.","Construction of  U/G Drain and PCC road In Immabara Gali Dariyapur, in ward no.42 under Bankipur Division, PMC, Patna.",387710.0,INR,INR,2021-10-29 11:41:26+00:00,2021-10-29T11:31:21.279000+00:00,2022-03-31T09:40:34+00:00,"Aashish Prasad, Executive Engineer",EE,"BANKIPUR DIVISION, Patna Municipal Corporation, Patna","Ambedkar Bhawan, Vaishali Golumbar,Rajendra Nagar,Patna","Aashish Prasad, Executive Engineer",EE,"Bankipur Division,Patna Municipal Corporation,Patna",7800.0,750.0,590.0
14711,"NIT No - 08/E/Bankipur/2021, Group No. 07","Construction of  U/G Drain and PCC road in Langer toli in Vinod Chandra Gupta Gali(Kanhai gali), in ward no.42 under Bankipur Division, PMC, Patna.","Construction of  U/G Drain and PCC road in Langer toli in Vinod Chandra Gupta Gali(Kanhai gali), in ward no.42 under Bankipur Division, PMC, Patna.",260673.0,INR,INR,2021-10-29 11:28:56+00:00,2021-10-29T11:19:14.123000+00:00,2022-03-31T09:25:58+00:00,"Aashish Prasad, Executive Engineer",EE,"BANKIPUR DIVISION, Patna Municipal Corporation, Patna","Ambedkar Bhawan, Vaishali Golumbar,Rajendra Nagar,Patna","Aashish Prasad, Executive Engineer",EE,"Bankipur Division,Patna Municipal Corporation,Patna",5300.0,750.0,590.0
14710,"NIT No - 08/E/Bankipur/2021, Group No. 06","Construction of  U/G Drain and PCC road In Durukhi Gali In Ward No - 42 under Bankipur Division, PMC, Patna.","Construction of  U/G Drain and PCC road In Durukhi Gali In Ward No - 42 under Bankipur Division, PMC, Patna.",288037.0,INR,INR,2021-10-29 11:16:22+00:00,2021-10-29T10:52:44.396000+00:00,2022-03-30T11:29:52+00:00,"Aashish Prasad, Executive Engineer",EE,"BANKIPUR DIVISION, Patna Municipal Corporation, Patna","Ambedkar Bhawan, Vaishali Golumbar,Rajendra Nagar,Patna","Aashish Prasad, Executive Engineer",EE,"Bankipur Division,Patna Municipal Corporation,Patna",5800.0,750.0,590.0
14719,"NIT No - 08/E/Bankipur/2021, Group No. 14","Repair of Damaged Protection wall of Saidpur Nahar in different places under Bankipur Division, PMC, Patna.","Repair of Damaged Protection wall of Saidpur Nahar in different places under Bankipur Division, PMC, Patna.",485988.0,INR,INR,2021-10-29 12:53:30+00:00,2021-10-29T12:43:58.820000+00:00,2021-11-19T09:31:00+00:00,"Aashish Prasad, Executive Engineer",EE,"BANKIPUR DIVISION, Patna Municipal Corporation, Patna","Ambedkar Bhawan, Vaishali Golumbar,Rajendra Nagar,Patna","Aashish Prasad, Executive Engineer",EE,"Bankipur Division,Patna Municipal Corporation,Patna",9900.0,750.0,590.0
14724,10/BCD/SAMASTIPUR/2021-22,"Construction of Shivajinagar (Samastipur) block cum Anchal residential building, inspection room, and campus development work","Construction of Shivajinagar (Samastipur) block cum Anchal residential building, inspection room, and campus development work",181448278.0,INR,INR,2021-10-29 14:59:19+00:00,2021-10-29T14:49:12.511000+00:00,2021-11-25T06:02:19+00:00,"Executive Engineer, BUILDING DIVISION SAMASTIPUR",EE,Executive Engineer,"EE,  BUILDING DIVISION SAMASTIPUR, BCD SAMASTIPUR, BIHAR","Superintending Engineer, BUILDING CIRCLE DARBHANGA",SE,Superintending Engineer,2814600.0,10000.0,5900.0
14723,08/BCD/MADHEPURA/2020-21,Furniture work for remaining work of B.P.Mandal Engineering College Madhepura.,Furniture work for remaining work of B.P.Mandal Engineering College Madhepura.,4159300.0,INR,INR,2021-10-29 14:25:36+00:00,2021-10-29T14:10:48.457000+00:00,2021-11-15T11:24:46+00:00,"Executive Engineer, BUILDING DIVISION MADHEPURA",EE,"Executive Engineer, BUILDING DIVISION MADHEPURA","EE,  BUILDING DIVISION MADHEPURA, BCD,  MADHEPURA, BIHAR","Superintending Engineer, BUILDING CIRCLE SAHARSA",SE,"Superintending Engineer, Building Circle, Saharsa",84000.0,5000.0,590.0
14729,NIT-10/E/AZIMABAD/2021-22_GR02,Sand fiiling in Approach Road of Math Kedarnath Ghat on the occasion of Chhath festival  including maintenance upto ending of Chhat festival during Year 2021 in Azimabad Division,Sand fiiling in Approach Road of Math Kedarnath Ghat on the occasion of Chhath festival  including maintenance upto ending of Chhat festival during Year 2021 in Azimabad Division,217223.0,INR,INR,2021-10-30 13:11:07+00:00,2021-10-30T13:06:33.781000+00:00,2021-11-03T11:56:04+00:00,"Vikash Kumar, EXECUTIVE ENGINEER, PMC",EE,"AZIMABAD DIVISION, PATNA MUNICIPAL CORPORATION","AZIMABAD DIVISION, MEENA BAZAR, SHERSHAH PATH, PATNA-07","Vikash Kumar, EXECUTIVE ENGINEER",EXECUTIVE ENGINEER,"AZIMABAD DIVISION, PATNA MUNICIPAL CORPORATION",4400.0,500.0,590.0
14734,NIT-10/E/AZIMABAD/2021-22_GR06,Construction of Approach Road of Keshav Rai Ghat on the occasion of Chhath festival  including maintenance upto ending of Chhat festival during Year 2021  in Azimabad Division,Construction of Approach Road of Keshav Rai Ghat on the occasion of Chhath festival  including maintenance upto ending of Chhat festival during Year 2021  in Azimabad Division,187715.0,INR,INR,2021-10-30 13:29:15+00:00,2021-10-30T13:23:13.748000+00:00,2021-11-03T11:57:29+00:00,"Vikash Kumar, EXECUTIVE ENGINEER, PMC",EE,"AZIMABAD DIVISION, PATNA MUNICIPAL CORPORATION","AZIMABAD DIVISION, MEENA BAZAR, SHERSHAH PATH, PATNA-07","Vikash Kumar, EXECUTIVE ENGINEER",EXECUTIVE ENGINEER,"AZIMABAD DIVISION, PATNA MUNICIPAL CORPORATION",3800.0,500.0,590.0
14731,NIT-10/E/AZIMABAD/2021-22_GR03,Construction of Temporary Ramp at Nauzar Ghat  on the occasion of Chhath festival  including maintenance upto ending of Chhat festival during Year 2021 . in Azimabad Division,Construction of Temporary Ramp at Nauzar Ghat  on the occasion of Chhath festival  including maintenance upto ending of Chhat festival during Year 2021 . in Azimabad Division,231907.0,INR,INR,2021-10-30 13:15:25+00:00,2021-10-30T13:11:22.640000+00:00,2021-11-02T09:31:00+00:00,"Vikash Kumar, EXECUTIVE ENGINEER, PMC",EE,"AZIMABAD DIVISION, PATNA MUNICIPAL CORPORATION","AZIMABAD DIVISION, MEENA BAZAR, SHERSHAH PATH, PATNA-07","Vikash Kumar, EXECUTIVE ENGINEER",EXECUTIVE ENGINEER,"AZIMABAD DIVISION, PATNA MUNICIPAL CORPORATION",4700.0,500.0,590.0
14735,NIT-10/E/AZIMABAD/2021-22_GR07,Barricading on the side of Road for safety at Bhadra Ghat on the occasion of Chhath festival including maintenance upto ending of Chhat festival during Year 2021 in Azimabad Division,Barricading on the side of Road for safety at Bhadra Ghat on the occasion of Chhath festival including maintenance upto ending of Chhat festival during Year 2021 in Azimabad Division,114157.0,INR,INR,2021-10-30 13:32:44+00:00,2021-10-30T13:29:28.537000+00:00,2024-03-05T12:02:50+00:00,"Vikash Kumar, EXECUTIVE ENGINEER, PMC",EE,"AZIMABAD DIVISION, PATNA MUNICIPAL CORPORATION","AZIMABAD DIVISION, MEENA BAZAR, SHERSHAH PATH, PATNA-07","Vikash Kumar, EXECUTIVE ENGINEER",EXECUTIVE ENGINEER,"AZIMABAD DIVISION, PATNA MUNICIPAL CORPORATION",2300.0,500.0,590.0
14728,NIT-10/E/AZIMABAD/2021-22_GR01,"Levelling, Barricading and cloth fencing on the occasion of Chhath festival from Narkat Ghat to Raza Ghat including maintenance upto ending of Chhat festival during Year 2021 in Azimabad Division.","Levelling, Barricading and cloth fencing on the occasion of Chhath festival from Narkat Ghat to Raza Ghat including maintenance upto ending of Chhat festival during Year 2021 in Azimabad Division.",293641.0,INR,INR,2021-10-30 13:06:16+00:00,2021-10-30T11:37:00.504000+00:00,2021-11-03T11:55:48+00:00,"Vikash Kumar, EXECUTIVE ENGINEER, PMC",EE,"AZIMABAD DIVISION, PATNA MUNICIPAL CORPORATION","AZIMABAD DIVISION, MEENA BAZAR, SHERSHAH PATH, PATNA-07","Vikash Kumar, EXECUTIVE ENGINEER",EXECUTIVE ENGINEER,"AZIMABAD DIVISION, PATNA MUNICIPAL CORPORATION",6000.0,750.0,590.0
14732,NIT-10/E/AZIMABAD/2021-22_GR04,Barricading and cloth fencing  from Khajkala Ghat to Terhi  Ghat on the occasion of Chhath festival including maintenance upto ending of Chhat festival during Year 2021 in Azimabad Division,Barricading and cloth fencing  from Khajkala Ghat to Terhi  Ghat on the occasion of Chhath festival including maintenance upto ending of Chhat festival during Year 2021 in Azimabad Division,235822.0,INR,INR,2021-10-30 13:19:10+00:00,2021-10-30T13:15:51.521000+00:00,2021-11-03T11:56:40+00:00,"Vikash Kumar, EXECUTIVE ENGINEER, PMC",EE,"AZIMABAD DIVISION, PATNA MUNICIPAL CORPORATION","AZIMABAD DIVISION, MEENA BAZAR, SHERSHAH PATH, PATNA-07","Vikash Kumar, EXECUTIVE ENGINEER",EXECUTIVE ENGINEER,"AZIMABAD DIVISION, PATNA MUNICIPAL CORPORATION",4800.0,500.0,590.0
14738,NIT-10/E/AZIMABAD/2021-22_GR10,cloth fencing in Approach of Kantahi Ghat on the occasion of Chhath festival during 2021 in Azimabad Division.,cloth fencing in Approach of Kantahi Ghat on the occasion of Chhath festival during 2021 in Azimabad Division.,195917.0,INR,INR,2021-10-30 13:42:26+00:00,2021-10-30T13:39:18.069000+00:00,2021-11-02T09:31:00+00:00,"Vikash Kumar, EXECUTIVE ENGINEER, PMC",EE,"AZIMABAD DIVISION, PATNA MUNICIPAL CORPORATION","AZIMABAD DIVISION, MEENA BAZAR, SHERSHAH PATH, PATNA-07","Vikash Kumar, EXECUTIVE ENGINEER",EXECUTIVE ENGINEER,"AZIMABAD DIVISION, PATNA MUNICIPAL CORPORATION",4000.0,500.0,590.0
14739,NIT-10/E/AZIMABAD/2021-22_GR11,Construction of Temporary Ramp at Bhadra Ghat  on the occasion of Chhath festival  including maintenance upto ending of Chhat festival during Year 2021. in Azimabad Division,Construction of Temporary Ramp at Bhadra Ghat  on the occasion of Chhath festival  including maintenance upto ending of Chhat festival during Year 2021. in Azimabad Division,421540.0,INR,INR,2021-10-30 13:45:51+00:00,2021-10-30T13:42:41.975000+00:00,2024-03-05T11:43:21+00:00,"Vikash Kumar, EXECUTIVE ENGINEER, PMC",EE,"AZIMABAD DIVISION, PATNA MUNICIPAL CORPORATION","AZIMABAD DIVISION, MEENA BAZAR, SHERSHAH PATH, PATNA-07","Vikash Kumar, EXECUTIVE ENGINEER",EXECUTIVE ENGINEER,"AZIMABAD DIVISION, PATNA MUNICIPAL CORPORATION",8500.0,750.0,590.0
14736,NIT-10/E/AZIMABAD/2021-22_GR08,Barricading on the side of Road for safety at Mahavir Ghat on the occasion of Chhath festival including maintenance upto ending of Chhat festival during Year 2021  in Azimabad Division,Barricading on the side of Road for safety at Mahavir Ghat on the occasion of Chhath festival including maintenance upto ending of Chhat festival during Year 2021  in Azimabad Division,116153.0,INR,INR,2021-10-30 13:35:51+00:00,2021-10-30T13:32:59.590000+00:00,2024-03-05T11:58:01+00:00,"Vikash Kumar, EXECUTIVE ENGINEER, PMC",EE,"AZIMABAD DIVISION, PATNA MUNICIPAL CORPORATION","AZIMABAD DIVISION, MEENA BAZAR, SHERSHAH PATH, PATNA-07","Vikash Kumar, EXECUTIVE ENGINEER",EXECUTIVE ENGINEER,"AZIMABAD DIVISION, PATNA MUNICIPAL CORPORATION",2400.0,500.0,590.0
14740,NIT-10/E/AZIMABAD/2021-22_GR12,Construction of Temporary Ramp at Mahavir Ghat  on the occasion of Chhath festival  including maintenance upto ending of Chhat festival during Year 2021. in Azimabad Division,Construction of Temporary Ramp at Mahavir Ghat  on the occasion of Chhath festival  including maintenance upto ending of Chhat festival during Year 2021. in Azimabad Division,529906.0,INR,INR,2021-10-30 13:49:56+00:00,2021-10-30T13:46:08.407000+00:00,2024-03-05T11:52:48+00:00,"Vikash Kumar, EXECUTIVE ENGINEER, PMC",EE,"AZIMABAD DIVISION, PATNA MUNICIPAL CORPORATION","AZIMABAD DIVISION, MEENA BAZAR, SHERSHAH PATH, PATNA-07","Vikash Kumar, EXECUTIVE ENGINEER",EXECUTIVE ENGINEER,"AZIMABAD DIVISION, PATNA MUNICIPAL CORPORATION",10600.0,1250.0,590.0
14733,NIT-10/E/AZIMABAD/2021-22_GR05,Construction of Approach Road of Maharaj Ghat on the occasion of Chhath festival  including maintenance upto ending of Chhat festival during Year 2021 in Azimabad Division,Construction of Approach Road of Maharaj Ghat on the occasion of Chhath festival  including maintenance upto ending of Chhat festival during Year 2021 in Azimabad Division,291417.0,INR,INR,2021-10-30 13:22:56+00:00,2021-10-30T13:19:23.685000+00:00,2021-11-03T11:56:57+00:00,"Vikash Kumar, EXECUTIVE ENGINEER, PMC",EE,"AZIMABAD DIVISION, PATNA MUNICIPAL CORPORATION","AZIMABAD DIVISION, MEENA BAZAR, SHERSHAH PATH, PATNA-07","Vikash Kumar, EXECUTIVE ENGINEER",EXECUTIVE ENGINEER,"AZIMABAD DIVISION, PATNA MUNICIPAL CORPORATION",5900.0,750.0,590.0
14737,NIT-10/E/AZIMABAD/2021-22_GR09,Barricading on the side of Road for safety at Nauzar Ghat on the occasion of Chhath festival including maintenance upto ending of Chhat festival during Year 2021 in Azimabad Division.,Barricading on the side of Road for safety at Nauzar Ghat on the occasion of Chhath festival including maintenance upto ending of Chhat festival during Year 2021 in Azimabad Division.,99140.0,INR,INR,2021-10-30 13:39:04+00:00,2021-10-30T13:36:04.861000+00:00,2021-11-02T09:31:00+00:00,"Vikash Kumar, EXECUTIVE ENGINEER, PMC",EE,"AZIMABAD DIVISION, PATNA MUNICIPAL CORPORATION","AZIMABAD DIVISION, MEENA BAZAR, SHERSHAH PATH, PATNA-07","Vikash Kumar, EXECUTIVE ENGINEER",EXECUTIVE ENGINEER,"AZIMABAD DIVISION, PATNA MUNICIPAL CORPORATION",2000.0,500.0,590.0
14717,"NIT No - 08/E/Bankipur/2021, Group No. 12","Construction of  U/G Drain and PCC road in Saidpur From Late Sitaram Mehta to V. P.  In Ward No - 42 under Bankipur Division, PMC, Patna.","Construction of  U/G Drain and PCC road in Saidpur From Late Sitaram Mehta to V. P.  In Ward No - 42 under Bankipur Division, PMC, Patna.",599183.0,INR,INR,2021-10-29 12:32:07+00:00,2021-10-29T12:22:43.988000+00:00,2022-11-17T07:46:47+00:00,"Aashish Prasad, Executive Engineer",EE,"BANKIPUR DIVISION, Patna Municipal Corporation, Patna","Ambedkar Bhawan, Vaishali Golumbar,Rajendra Nagar,Patna","Aashish Prasad, Executive Engineer",EE,"Bankipur Division,Patna Municipal Corporation,Patna",12000.0,1250.0,590.0
