Tender ID :,Tender Ref No :,Tender Title :,Work Description,Tender Value in ₹,Tender Currency,Bid Currency,Publish Date,Contract Date :,Update Date,Issuing Authority Name,Issuing Authority Designation,Issuing Organisation Name,Issuing Address,Approving Authority Name,Approving Authority Designation,Approving Organisation Name,EMD Amount,Tender Fee Amount,Tender Processing Fee Amount
23896,25/PR/SBPDCL/2022Group02,WORK- Height raising of boundary wall of central store Munger.,WORK- Height raising of boundary wall of central store Munger.,2192921.0,INR,INR,2022-07-04 05:21:38+00:00,2022-06-27T09:19:07.780000+00:00,2022-08-24T11:55:25+00:00,ARUN KUMAR,SE (CIVIL),SBPDCL CIVIL,"Vidyut Bhawan, Bailey Rd, Kidwaipuri, Patna, Bihar 800001",ARUN KUMAR,CE CIVIL,SBPDCL CIVIL,43900.0,5900.0,590.0
23892,25/PR/SBPDCL/2022Group01,WORK-  Development of road and drainage outside TRW and central store campus Munger.,WORK-  Development of road and drainage outside TRW and central store campus Munger.,3008100.0,INR,INR,2022-07-04 05:28:07+00:00,2022-06-27T04:55:28.725000+00:00,2022-08-24T11:53:48+00:00,ARUN KUMAR,SE (CIVIL),SBPDCL CIVIL,"Vidyut Bhawan, Bailey Rd, Kidwaipuri, Patna, Bihar 800001",ARUN KUMAR,CE CIVIL,SBPDCL CIVIL,60200.0,5900.0,590.0
24035,14/BSBCCL/2022-23,"Construction of Residential Building of SR. P.O. (3 Nos) and (9 Nos) Quarter
 at Kahalgaon, Bhagalpur","Construction of Residential Building of SR. P.O. (3 Nos) and (9 Nos) Quarter
 at Kahalgaon, Bhagalpur",1573680.0,INR,INR,2022-07-01 03:11:47+00:00,2022-07-01T03:00:35.113000+00:00,2023-01-20T07:49:41+00:00,DGM BSBCCL BHAGALPUR,DGM BSBCCL BHAGALPUR,BSBCCL SOUTH,"BSBCCL, Hospital Road, Sastri Nagar, Patna 800023",SANTOSH KUMAR,chief general manager,BSBCCL,32000.0,5000.0,590.0
24036,MUNG01-2022-23-28,"CONSTRUCTION   OF  DRAIN AND PCC ROAD FROM RANJIT KUMAR KE 
                                        GHAR SE DHARMENDRA KUMAR, RAJESH KUMAR,UMENSH SAH GHAR 
                                        SE MUNNA KUMAR SINHA KE GHAR  TAK  IN WARD NO. 38","CONSTRUCTION   OF  DRAIN AND PCC ROAD FROM RANJIT KUMAR KE 
                                        GHAR SE DHARMENDRA KUMAR, RAJESH KUMAR,UMENSH SAH GHAR 
                                        SE MUNNA KUMAR SINHA KE GHAR  TAK  IN WARD NO. 38",1596950.0,INR,INR,2022-07-01 04:40:52+00:00,2022-07-01T04:37:15.634000+00:00,2022-07-16T10:34:20+00:00,MUNCIPAL COMMISSIONER MUNGER,MC,NAGAR NIGAM MUNGER,NAGAR NIGAM TOWN HALL ROAD MUNGER,SHIVAKSHI DIXIT IAS,MC MUNGER,MUNCIPAL CORPORATION MUNGER,32000.0,5000.0,590.0
24037,MUNG01-2022-23-29,"1. CONSTRUCTION    OF  DRAIN AND PCC ROAD  FROM RAVISHANKAR 
                                         GALI/ KHARO PASWAN GALI/ GANGA PASWAN GALI/ PRAKSH 
                                         CHOUDHARY GALI/ MSO PHULIYA DEVI/ RAJENDRA SE BIMALKANT/ 
                                         SUGGA LAL THATHERI GALI MAI / LALAN PASWAN FOJDHRI BAZAR 
                                         BHAGWATI GALI  IN WARD NO. 40
                                      2. CONSTRUCTION  OF  DRAIN AND PCC ROAD  RAMDEV RAM KE GHAR 
                                          SE KESTO RAM, INDERADEV RAM SE OUTFALL TAK AND DR. KAMAL 
                                          SHARMA KE GHAR SE MAHESH MAHTO KE GHAR TAK IN WARD NO. 40
                                      3. CONSTRUCTION OF  DRAIN FROM BICHA GOAN MASJID KE PICHHE SE 
                                          SHRWAN SHARMA RAJENDRA SHARMA GHAR TAK IN WARD NO. 40","1. CONSTRUCTION    OF  DRAIN AND PCC ROAD  FROM RAVISHANKAR 
                                         GALI/ KHARO PASWAN GALI/ GANGA PASWAN GALI/ PRAKSH 
                                         CHOUDHARY GALI/ MSO PHULIYA DEVI/ RAJENDRA SE BIMALKANT/ 
                                         SUGGA LAL THATHERI GALI MAI / LALAN PASWAN FOJDHRI BAZAR 
                                         BHAGWATI GALI  IN WARD NO. 40
                                      2. CONSTRUCTION  OF  DRAIN AND PCC ROAD  RAMDEV RAM KE GHAR 
                                          SE KESTO RAM, INDERADEV RAM SE OUTFALL TAK AND DR. KAMAL 
                                          SHARMA KE GHAR SE MAHESH MAHTO KE GHAR TAK IN WARD NO. 40
                                      3. CONSTRUCTION OF  DRAIN FROM BICHA GOAN MASJID KE PICHHE SE 
                                          SHRWAN SHARMA RAJENDRA SHARMA GHAR TAK IN WARD NO. 40",2432400.0,INR,INR,2022-07-01 04:45:00+00:00,2022-07-01T04:41:11.355000+00:00,2022-07-16T10:28:30+00:00,MUNCIPAL COMMISSIONER MUNGER,MC,NAGAR NIGAM MUNGER,NAGAR NIGAM TOWN HALL ROAD MUNGER,SHIVAKSHI DIXIT IAS,MC MUNGER,MUNCIPAL CORPORATION MUNGER,48700.0,5000.0,590.0
24034,08/BSBCCL/2022-23 GR 05,CONSTRUCTION OF 100  BEDDED OBC(BOYS) HOSTEL AT BASANTPUR ARARIYA BIHAR,CONSTRUCTION OF 100  BEDDED OBC(BOYS) HOSTEL AT BASANTPUR ARARIYA BIHAR,74603928.0,INR,INR,2022-07-01 01:50:51+00:00,2022-07-01T01:29:58.413000+00:00,2022-08-18T11:33:07+00:00,DGM BSBCCL PURNEA,DEPUTY GENERAL MANAGER PURNEA,BSBCCL,"BSBCCL, Hospital Road, Sastri Nagar, Patna 800023",SANTOSH KUMAR,chief general manager,BSBCCL,1493000.0,10000.0,5900.0
24038,NIT-06/2022-23/SCD-EKMA/01,CONSTRUCTION OF BRICK LINNED  CHANNEL AT  RD 16.00  (L ) OF GOBARAHI SUB DISTRIBUTARY FOR HAR KHET TAK SICHAI KA PANI SCHEME  UNDER SARAN DISTRICT (1 NOS.)  (GROUP-01),CONSTRUCTION OF BRICK LINNED  CHANNEL AT  RD 16.00  (L ) OF GOBARAHI SUB DISTRIBUTARY FOR HAR KHET TAK SICHAI KA PANI SCHEME  UNDER SARAN DISTRICT (1 NOS.)  (GROUP-01),1668299.0,INR,INR,2022-07-01 06:01:31+00:00,2022-07-01T04:49:04.894000+00:00,2022-09-30T14:52:02+00:00,RAM PADARATH NARAYAN,EE,WATER RESOURCES DEPARTMENT,"SARAN CANAL DIVISION, EKMA",BRAJ KISHORE RAJAK,SE,"SARAN CANAL CIRCLE, CHAPRA",33400.0,5000.0,590.0
24039,MUNG01-2022-23-30,"1. CONSTRUCTION    OF  DRAIN FROM CHANDAN BAGH GALI NO. 7 RAJ   
                                         KISHOR SHARMA KE GHAR SE UMESH SHARMA KE GHAR TAK IN 
                                         WARD NO. 40
                                      2. CONSTRUCTION  OF  DRAIN AND PCC ROAD FROM CHUHA BAGH GALI 
                                          NO. 6 DILIP CHOUDHARY KE GHAR SE NIRMAL CHOUDHARY KE GHAR 
                                          TAK IN WARD NO. 40","1. CONSTRUCTION    OF  DRAIN FROM CHANDAN BAGH GALI NO. 7 RAJ   
                                         KISHOR SHARMA KE GHAR SE UMESH SHARMA KE GHAR TAK IN 
                                         WARD NO. 40
                                      2. CONSTRUCTION  OF  DRAIN AND PCC ROAD FROM CHUHA BAGH GALI 
                                          NO. 6 DILIP CHOUDHARY KE GHAR SE NIRMAL CHOUDHARY KE GHAR 
                                          TAK IN WARD NO. 40",1719900.0,INR,INR,2022-07-01 05:15:19+00:00,2022-07-01T05:10:41.931000+00:00,2022-07-16T10:18:44+00:00,MUNCIPAL COMMISSIONER MUNGER,MC,NAGAR NIGAM MUNGER,NAGAR NIGAM TOWN HALL ROAD MUNGER,SHIVAKSHI DIXIT IAS,MC MUNGER,MUNCIPAL CORPORATION MUNGER,34400.0,5000.0,590.0
24048,NIT05/2022-13/EE TCD NARKATIGANJ /GR-01,CONSTRUCTION OF PUCCA FIELD CHANNEL AT 3.00 RD OF BELWA SATHI DISTRIBUTORY    ( GR- 01),CONSTRUCTION OF PUCCA FIELD CHANNEL AT 3.00 RD OF BELWA SATHI DISTRIBUTORY    ( GR- 01),2961534.0,INR,INR,2022-07-01 06:08:10+00:00,2022-07-01T05:45:01.790000+00:00,2022-07-18T05:08:39+00:00,ANIL KUMAR,EXECUTIVE ENGINEER,WRD,EE TCD NARKATIGANG,GUNJAN KUMAR,S.E,WATER RESOURCES DEPARTMENT,59300.0,5000.0,590.0
24056,MUNG01-2022-23-43,"1. CONSTRUCTION  OF  PCC ROAD  FROM AMIR YADAV KE GHAR SE 
                                         MANOJ R.P.F. GHAR  TAK  IN WARD NO. 43
                                    2. CONSTRUCTION  OF  PCC ROAD  FROM SANGAT MAN ROAD SE NAYA 
                                        TOLA KALI ASTHAN TAK  IN WARD NO. 43
                                    3. CONSTRUCTION OF  PCC ROAD FROM FUCCHI YADAV KE GHAR SE 
                                        BAUKOO YADAV KE GHAR TAK  IN WARD NO. 43","1. CONSTRUCTION  OF  PCC ROAD  FROM AMIR YADAV KE GHAR SE 
                                         MANOJ R.P.F. GHAR  TAK  IN WARD NO. 43
                                    2. CONSTRUCTION  OF  PCC ROAD  FROM SANGAT MAN ROAD SE NAYA 
                                        TOLA KALI ASTHAN TAK  IN WARD NO. 43
                                    3. CONSTRUCTION OF  PCC ROAD FROM FUCCHI YADAV KE GHAR SE 
                                        BAUKOO YADAV KE GHAR TAK  IN WARD NO. 43",2421900.0,INR,INR,2022-07-01 06:17:23+00:00,2022-07-01T06:12:31.891000+00:00,2022-07-16T06:44:49+00:00,MUNCIPAL COMMISSIONER MUNGER,MC,NAGAR NIGAM MUNGER,NAGAR NIGAM TOWN HALL ROAD MUNGER,SHIVAKSHI DIXIT IAS,MC MUNGER,MUNCIPAL CORPORATION MUNGER,48500.0,5000.0,590.0
24055,MUNG01-2022-23-42,"CONSTRUCTION  OF  DRAIN FROM MOKBEERA ASHOK CHOUDHARY 
                                         KE GHAR SE PRITHIVI CHANDRA PODDAR KE GHAR SE RANJEET 
                                         SHARMA AND KALI ASTHAN HOTE HUYE MOKBEERA RAJU GUPTA KE 
                                         GHAR TAK IN WARD NO. 42","CONSTRUCTION  OF  DRAIN FROM MOKBEERA ASHOK CHOUDHARY 
                                         KE GHAR SE PRITHIVI CHANDRA PODDAR KE GHAR SE RANJEET 
                                         SHARMA AND KALI ASTHAN HOTE HUYE MOKBEERA RAJU GUPTA KE 
                                         GHAR TAK IN WARD NO. 42",2495750.0,INR,INR,2022-07-01 06:11:14+00:00,2022-07-01T06:06:42.735000+00:00,2022-07-16T06:50:42+00:00,MUNCIPAL COMMISSIONER MUNGER,MC,NAGAR NIGAM MUNGER,NAGAR NIGAM TOWN HALL ROAD MUNGER,SHIVAKSHI DIXIT IAS,MC MUNGER,MUNCIPAL CORPORATION MUNGER,50000.0,5000.0,590.0
24057,NIT08/2022-23/EE TCD RAXAUL/GR01,"Restoration work of canal from R.D. 26.93 (Km 8.210) to R.D. 36.77 (Km 11.210) of Gokhula Sub-distributary Exist. from R.D. 271.30 (Km 82.714) of T.B.C. under Triveni Canal Division, Raxaul.   (GR-01)","Restoration work of canal from R.D. 26.93 (Km 8.210) to R.D. 36.77 (Km 11.210) of Gokhula Sub-distributary Exist. from R.D. 271.30 (Km 82.714) of T.B.C. under Triveni Canal Division, Raxaul.   (GR-01)",1552113.0,INR,INR,2022-07-01 07:13:17+00:00,2022-07-01T06:14:10.104000+00:00,2022-07-18T05:49:38+00:00,KUMAR BRAJESH,EE,WRD,EE TCD DIVI RAXAUL,GUNJAN KUMAR,S.E,WATER RESOURCES DEPARTMENT,31100.0,5000.0,590.0
24041,MUNG01-2022-23-32,"CONSTRUCTION   OF  DRAIN FROM KASIM BAZAR MAIN ROAD JAMUN 
                                         SHARMA KE GHAR SE BRAHMASTHAN HOTE HUYE MANIYA 
                                         CHOWRAHA MAIN ROAD VIA MAHEDRA MANDAL VISHWKARMA 
                                         MANDIR TAK IN WARD NO. 40","CONSTRUCTION   OF  DRAIN FROM KASIM BAZAR MAIN ROAD JAMUN 
                                         SHARMA KE GHAR SE BRAHMASTHAN HOTE HUYE MANIYA 
                                         CHOWRAHA MAIN ROAD VIA MAHEDRA MANDAL VISHWKARMA 
                                         MANDIR TAK IN WARD NO. 40",2466600.0,INR,INR,2022-07-01 05:26:25+00:00,2022-07-01T05:21:05.222000+00:00,2022-07-16T09:13:50+00:00,MUNCIPAL COMMISSIONER MUNGER,MC,NAGAR NIGAM MUNGER,NAGAR NIGAM TOWN HALL ROAD MUNGER,SHIVAKSHI DIXIT IAS,MC MUNGER,MUNCIPAL CORPORATION MUNGER,49400.0,5000.0,590.0
24043,MUNG01-2022-23-33,"CONSTRUCTION   OF  DRAIN AND PCC ROAD FROM MUNGER PATNA 
                                         MAIN ROAD SE DINA MAHTO GHAR  TAK IN WARD NO. 41","CONSTRUCTION   OF  DRAIN AND PCC ROAD FROM MUNGER PATNA 
                                         MAIN ROAD SE DINA MAHTO GHAR  TAK IN WARD NO. 41",2491650.0,INR,INR,2022-07-01 05:33:02+00:00,2022-07-01T05:29:34.583000+00:00,2022-07-16T08:09:52+00:00,MUNCIPAL COMMISSIONER MUNGER,MC,NAGAR NIGAM MUNGER,NAGAR NIGAM TOWN HALL ROAD MUNGER,SHIVAKSHI DIXIT IAS,MC MUNGER,MUNCIPAL CORPORATION MUNGER,49900.0,5000.0,590.0
24058,MUNG01-2022-23-44,"CONSTRUCTION  OF  DRAIN AND PCC ROAD  FROM ARBIND YADAV KE 
                                         GHAR SE N.H - 80 TAK  IN WARD NO. 43","CONSTRUCTION  OF  DRAIN AND PCC ROAD  FROM ARBIND YADAV KE 
                                         GHAR SE N.H - 80 TAK  IN WARD NO. 43",2075400.0,INR,INR,2022-07-01 06:26:56+00:00,2022-07-01T06:21:50.812000+00:00,2022-07-16T06:37:30+00:00,MUNCIPAL COMMISSIONER MUNGER,MC,NAGAR NIGAM MUNGER,NAGAR NIGAM TOWN HALL ROAD MUNGER,SHIVAKSHI DIXIT IAS,MC MUNGER,MUNCIPAL CORPORATION MUNGER,41600.0,5000.0,590.0
24040,MUNG01-2022-23-31,"1. CONSTRUCTION   OF  DRAIN AND PCC ROAD FROM KASIM BAZAR 
                                         PRAHLAD MAHTO DISHA PASCHIM SE SHIVNANDAN MALAKAR TAK IN 
                                         WARD NO. 40
                                      2. CONSTRUCTION  OF  DRAIN FROM FOJDARI BAZAR BHARAT MATA 
                                          MANDIR SE GARIB SAW KE GHAR SE HOTE HUYE KASIM BAZAR 
                                         MASJID TAK IN WARD NO. 40","1. CONSTRUCTION   OF  DRAIN AND PCC ROAD FROM KASIM BAZAR 
                                         PRAHLAD MAHTO DISHA PASCHIM SE SHIVNANDAN MALAKAR TAK IN 
                                         WARD NO. 40
                                      2. CONSTRUCTION  OF  DRAIN FROM FOJDARI BAZAR BHARAT MATA 
                                          MANDIR SE GARIB SAW KE GHAR SE HOTE HUYE KASIM BAZAR 
                                         MASJID TAK IN WARD NO. 40",918200.0,INR,INR,2022-07-01 05:19:44+00:00,2022-07-01T05:16:37.020000+00:00,2022-07-16T09:25:08+00:00,MUNCIPAL COMMISSIONER MUNGER,MC,NAGAR NIGAM MUNGER,NAGAR NIGAM TOWN HALL ROAD MUNGER,SHIVAKSHI DIXIT IAS,MC MUNGER,MUNCIPAL CORPORATION MUNGER,18400.0,1250.0,590.0
24059,MUNG01-2022-23-45,"1. CONSTRUCTION   OF  DRAIN AND PCC ROAD FROM MAHENDRA SINGH 
                                        JAMEEN SE PRAMOD SINGH DUKAN TAK IN WARD NO. 44
                                    2. CONSTRUCTION OF PCC ROAD FROM VIKARAM SINGH KE JAMEEN SE 
                                        MAIN ROAD TAK IN WARD NO. 44
                                    3. CONSTRUCTION OF  DRAIN AND PCC ROAD FROM NAWAL SINGH KE 
                                       GHAR SE GIRI SINGH KE GHAR  TAK  IN WARD NO. 44
                                  4. CONSTRUCTION OF  PCC ROAD FROM SUNIL SINGH KE GHAR SE JHANKI 
                                       SINGH KE GHAR TAK  IN WARD NO. 44
                                  5. CONSTRUCTION OF  DRAIN FROM SARASWATI MANDIR MAIDAN KE 
                                      PICHHE SE SHARMA TOLA  TAK  IN WARD NO. 44","1. CONSTRUCTION   OF  DRAIN AND PCC ROAD FROM MAHENDRA SINGH 
                                        JAMEEN SE PRAMOD SINGH DUKAN TAK IN WARD NO. 44
                                    2. CONSTRUCTION OF PCC ROAD FROM VIKARAM SINGH KE JAMEEN SE 
                                        MAIN ROAD TAK IN WARD NO. 44
                                    3. CONSTRUCTION OF  DRAIN AND PCC ROAD FROM NAWAL SINGH KE 
                                       GHAR SE GIRI SINGH KE GHAR  TAK  IN WARD NO. 44
                                  4. CONSTRUCTION OF  PCC ROAD FROM SUNIL SINGH KE GHAR SE JHANKI 
                                       SINGH KE GHAR TAK  IN WARD NO. 44
                                  5. CONSTRUCTION OF  DRAIN FROM SARASWATI MANDIR MAIDAN KE 
                                      PICHHE SE SHARMA TOLA  TAK  IN WARD NO. 44",2172550.0,INR,INR,2022-07-01 06:31:57+00:00,2022-07-01T06:28:01.459000+00:00,2022-07-16T06:30:41+00:00,MUNCIPAL COMMISSIONER MUNGER,MC,NAGAR NIGAM MUNGER,NAGAR NIGAM TOWN HALL ROAD MUNGER,SHIVAKSHI DIXIT IAS,MC MUNGER,MUNCIPAL CORPORATION MUNGER,43500.0,5000.0,590.0
24066,06/2022-23/TCD-2/BETTIAH/06,Restoration Work of Siswa Bhumihar Sub Minor Ex RD 8.50 (R) of Mangalpur Distributory,Restoration Work of Siswa Bhumihar Sub Minor Ex RD 8.50 (R) of Mangalpur Distributory,3424322.0,INR,INR,2022-07-01 12:14:09+00:00,2022-07-01T06:55:29.193000+00:00,2022-09-18T07:26:17+00:00,RAMNATH PRASAD SE,SE,"WRD, PURNIA","Mahananda Colony, PWD Colony, Purnia, Bihar 854301",RAM NATH PRASAD,SUPERINTENDING ENGINEER,"Water Resources Department, Kishanganj",68500.0,5000.0,590.0
24061,06/2022-23/TCD-2/BETTIAH/01,Restoration Work of Pandari Minor Ex RD 237.50 (R) of Tirhut Main Canal,Restoration Work of Pandari Minor Ex RD 237.50 (R) of Tirhut Main Canal,2507524.0,INR,INR,2022-07-01 12:08:03+00:00,2022-07-01T06:47:59.456000+00:00,2022-07-04T09:31:39+00:00,RAMNATH PRASAD SE,SE,"WRD, PURNIA","Mahananda Colony, PWD Colony, Purnia, Bihar 854301",RAM NATH PRASAD,SUPERINTENDING ENGINEER,"Water Resources Department, Kishanganj",25100.0,5000.0,590.0
24063,06/2022-23/TCD-2/BETTIAH/03,Restoration Work of Patjirwa Brahm Tola Sub Minor Ex RD 63.00 (L) of Mangalpur Distributory,Restoration Work of Patjirwa Brahm Tola Sub Minor Ex RD 63.00 (L) of Mangalpur Distributory,2344848.0,INR,INR,2022-07-01 12:10:34+00:00,2022-07-01T06:51:41.041000+00:00,2024-05-15T06:34:05+00:00,RAMNATH PRASAD SE,SE,"WRD, PURNIA","Mahananda Colony, PWD Colony, Purnia, Bihar 854301",RAM NATH PRASAD,SUPERINTENDING ENGINEER,"Water Resources Department, Kishanganj",46900.0,5000.0,590.0
24064,06/2022-23/TCD-2/BETTIAH/04,Restoration Work of Parsakothi Sub Minor Ex RD 264.50 (R) of Tirhut Main Canal,Restoration Work of Parsakothi Sub Minor Ex RD 264.50 (R) of Tirhut Main Canal,1518887.0,INR,INR,2022-07-01 12:11:46+00:00,2022-07-01T06:52:49.313000+00:00,2022-07-04T09:31:39+00:00,RAMNATH PRASAD SE,SE,"WRD, PURNIA","Mahananda Colony, PWD Colony, Purnia, Bihar 854301",RAM NATH PRASAD,SUPERINTENDING ENGINEER,"Water Resources Department, Kishanganj",30400.0,5000.0,590.0
24072,05/BCD/AURANGABAD/2022-23,CONSTRUCTION OF BOUNDARY WALL & GUARD ROOM (FOR EVM & VVPAT GODOWN) AT BLOCK COLONY AURANGABAD FOR THE YEAR 2022-23,CONSTRUCTION OF BOUNDARY WALL & GUARD ROOM (FOR EVM & VVPAT GODOWN) AT BLOCK COLONY AURANGABAD FOR THE YEAR 2022-23,4018942.0,INR,INR,2022-07-01 09:36:01+00:00,2022-07-01T09:22:41.028000+00:00,2022-12-09T12:03:46+00:00,"Executive Engineer, AURANGABAD",EE,"Executive Engineer, AURANGABAD","Executive Engineer, AURANGABAD, BCD , AURANGABAD","Superintending Engineer, BUILDING CIRCLE GAYA",SE,Building Circle Gaya,80400.0,5000.0,590.0
24065,06/2022-23/TCD-2/BETTIAH/05,Restoration Work of Nawaka Tola Sub Minor Ex RD 19.60 (L) of Mahabirpur Sub Distributory,Restoration Work of Nawaka Tola Sub Minor Ex RD 19.60 (L) of Mahabirpur Sub Distributory,2326836.0,INR,INR,2022-07-01 12:12:54+00:00,2022-07-01T06:53:47.847000+00:00,2022-07-04T09:31:39+00:00,RAMNATH PRASAD SE,SE,"WRD, PURNIA","Mahananda Colony, PWD Colony, Purnia, Bihar 854301",RAM NATH PRASAD,SUPERINTENDING ENGINEER,"Water Resources Department, Kishanganj",46600.0,5000.0,590.0
24062,06/2022-23/TCD-2/BETTIAH/02,Restoration Work of Dihi Tola Sub Minor Ex RD 2.40 (L) of Nautan Sub Distributory,Restoration Work of Dihi Tola Sub Minor Ex RD 2.40 (L) of Nautan Sub Distributory,2268006.0,INR,INR,2022-07-01 12:09:15+00:00,2022-07-01T06:48:53.953000+00:00,2022-07-25T10:01:33+00:00,RAMNATH PRASAD SE,SE,"WRD, PURNIA","Mahananda Colony, PWD Colony, Purnia, Bihar 854301",RAM NATH PRASAD,SUPERINTENDING ENGINEER,"Water Resources Department, Kishanganj",45400.0,5000.0,590.0
24071,MUNG01-2022-23-50,"CONSTRUCTION  OF  DRAIN AND PCC ROAD FROM DINESH YADAV SE 
                                         DIWAKAR KUMAR KE MAKAN TAK/ JRS COLLEGE ROAD SE 7 NO. 
                                         GUMTI NAGAR PALIKA ROAD  TAK IN WARD NO. 45","CONSTRUCTION  OF  DRAIN AND PCC ROAD FROM DINESH YADAV SE 
                                         DIWAKAR KUMAR KE MAKAN TAK/ JRS COLLEGE ROAD SE 7 NO. 
                                         GUMTI NAGAR PALIKA ROAD  TAK IN WARD NO. 45",2489850.0,INR,INR,2022-07-01 08:52:24+00:00,2022-07-01T08:39:40.807000+00:00,2022-07-16T06:00:08+00:00,MUNCIPAL COMMISSIONER MUNGER,MC,NAGAR NIGAM MUNGER,NAGAR NIGAM TOWN HALL ROAD MUNGER,SHIVAKSHI DIXIT IAS,MC MUNGER,MUNCIPAL CORPORATION MUNGER,49800.0,5000.0,590.0
24073,MUNG01-2022-23-51,"CONSTRUCTION  OF  DRAIN AND PCC ROAD FROM DINESH YADAV SE 
                                        DIWAKAR KUMAR KE MAKAN TAK/ JRS COLLEGE ROAD SE 7 NO. 
                                       GUMTI NAGAR PALIKA ROAD  TAK IN WARD NO. 45 (PART - 2)","CONSTRUCTION  OF  DRAIN AND PCC ROAD FROM DINESH YADAV SE 
                                        DIWAKAR KUMAR KE MAKAN TAK/ JRS COLLEGE ROAD SE 7 NO. 
                                       GUMTI NAGAR PALIKA ROAD  TAK IN WARD NO. 45 (PART - 2)",2475850.0,INR,INR,2022-07-01 09:37:55+00:00,2022-07-01T09:33:01.595000+00:00,2022-07-16T05:49:00+00:00,MUNCIPAL COMMISSIONER MUNGER,MC,NAGAR NIGAM MUNGER,NAGAR NIGAM TOWN HALL ROAD MUNGER,SHIVAKSHI DIXIT IAS,MC MUNGER,MUNCIPAL CORPORATION MUNGER,49600.0,5000.0,590.0
24070,MUNG01-2022-23-49,"CONSTRUCTION  OF  DRAIN FROM JATASHANKAR MISTRI KE GHA SE 
                                        KAMLI SHARMA GHAR HOTE HUYE MAHADDIPUR HASANGANJ ROAD 
                                        TAK  IN WARD NO. 44","CONSTRUCTION  OF  DRAIN FROM JATASHANKAR MISTRI KE GHA SE 
                                        KAMLI SHARMA GHAR HOTE HUYE MAHADDIPUR HASANGANJ ROAD 
                                        TAK  IN WARD NO. 44",2480050.0,INR,INR,2022-07-01 08:38:46+00:00,2022-07-01T08:34:07.760000+00:00,2022-07-16T06:12:37+00:00,MUNCIPAL COMMISSIONER MUNGER,MC,NAGAR NIGAM MUNGER,NAGAR NIGAM TOWN HALL ROAD MUNGER,SHIVAKSHI DIXIT IAS,MC MUNGER,MUNCIPAL CORPORATION MUNGER,49700.0,5000.0,590.0
24074,MUNG01-2022-23-52,"1. CONSTRUCTION  OF DRAIN FROM SUBODH KUMAR KE MAKAN SE 
                                        MANOHAR SINGH VIA RAJESH YADAV KE MAKAN SE DEEPAK MISHRA 
                                        KE MAKAN TAK  IN WARD NO. 45
                                     2. CONSTRUCTION  OF DRAIN AND PCC ROAD FROM AJAY KUMAR KE 
                                        MAKAN SE BAJRANG WALI MANDIR TAK  IN WARD NO. 45","1. CONSTRUCTION  OF DRAIN FROM SUBODH KUMAR KE MAKAN SE 
                                        MANOHAR SINGH VIA RAJESH YADAV KE MAKAN SE DEEPAK MISHRA 
                                        KE MAKAN TAK  IN WARD NO. 45
                                     2. CONSTRUCTION  OF DRAIN AND PCC ROAD FROM AJAY KUMAR KE 
                                        MAKAN SE BAJRANG WALI MANDIR TAK  IN WARD NO. 45",2490250.0,INR,INR,2022-07-01 09:49:40+00:00,2022-07-01T09:43:33.020000+00:00,2022-07-16T05:41:31+00:00,MUNCIPAL COMMISSIONER MUNGER,MC,NAGAR NIGAM MUNGER,NAGAR NIGAM TOWN HALL ROAD MUNGER,SHIVAKSHI DIXIT IAS,MC MUNGER,MUNCIPAL CORPORATION MUNGER,49900.0,5000.0,590.0
24075,MUNG01-2022-23-53,"1. CONSTRUCTION  OF DRAIN AND PCC ROAD FROM MASTER SAHAB KE 
                                        MAKAN SE MUNSHI THAKUR KE MAKAN TAK BABA MANDIR SE 
                                        SURENDRA THAKUR KE MAKAN AND BINDWARA ROAD TAK IN WARD 
                                        NO. 45
                                     2. CONSTRUCTION  OF DRAIN AND PCC ROAD FROM GOWARDHAN 
                                        MANDAL KE GHAR SE JAGDISH YADAV KE MAKAN SE HOTE HUYE 
                                        MAHAVEER PRASAD KE MAKAN TAK  IN WARD NO. 45","1. CONSTRUCTION  OF DRAIN AND PCC ROAD FROM MASTER SAHAB KE 
                                        MAKAN SE MUNSHI THAKUR KE MAKAN TAK BABA MANDIR SE 
                                        SURENDRA THAKUR KE MAKAN AND BINDWARA ROAD TAK IN WARD 
                                        NO. 45
                                     2. CONSTRUCTION  OF DRAIN AND PCC ROAD FROM GOWARDHAN 
                                        MANDAL KE GHAR SE JAGDISH YADAV KE MAKAN SE HOTE HUYE 
                                        MAHAVEER PRASAD KE MAKAN TAK  IN WARD NO. 45",2470150.0,INR,INR,2022-07-01 09:56:34+00:00,2022-07-01T09:50:37.523000+00:00,2022-07-16T05:33:02+00:00,MUNCIPAL COMMISSIONER MUNGER,MC,NAGAR NIGAM MUNGER,NAGAR NIGAM TOWN HALL ROAD MUNGER,SHIVAKSHI DIXIT IAS,MC MUNGER,MUNCIPAL CORPORATION MUNGER,49500.0,5000.0,590.0
24078,MUNG01-2022-23-55,"1. CONSTRUCTION  OF DRAIN AND PCC ROAD FROM MEENA DEVI KE 
                                         MAKAN SE URISH YADAV KE MAKAN AND SAKHI CHANDRA YADAV KE 
                                         MAKAN SE GANESH YADAV SHASHI KUMAR MAKAN TAK  IN 
                                         WARD NO. 45

                                     2. CONSTRUCTION  OF DRAIN AND PCC ROAD FROM  KAMLESHWARI 
                                         YADAV KE MAKAN SE NIRMAL RAILWAY LINE  TAK  IN WARD NO. 45","1. CONSTRUCTION  OF DRAIN AND PCC ROAD FROM MEENA DEVI KE 
                                         MAKAN SE URISH YADAV KE MAKAN AND SAKHI CHANDRA YADAV KE 
                                         MAKAN SE GANESH YADAV SHASHI KUMAR MAKAN TAK  IN 
                                         WARD NO. 45

                                     2. CONSTRUCTION  OF DRAIN AND PCC ROAD FROM  KAMLESHWARI 
                                         YADAV KE MAKAN SE NIRMAL RAILWAY LINE  TAK  IN WARD NO. 45",2440350.0,INR,INR,2022-07-01 10:08:24+00:00,2022-07-01T10:03:03.154000+00:00,2022-07-16T05:21:44+00:00,MUNCIPAL COMMISSIONER MUNGER,MC,NAGAR NIGAM MUNGER,NAGAR NIGAM TOWN HALL ROAD MUNGER,SHIVAKSHI DIXIT IAS,MC MUNGER,MUNCIPAL CORPORATION MUNGER,48900.0,5000.0,590.0
24079,MUNG01-2022-23-56,"CONSTRUCTION  OF DRAIN FROM DHIRENDRA PASWAN KE GHAR SE    
                                      KANT LAL SINGH KE GHAR TAK AND PCC ROAD  FROM JAGO RAM KE   
                                      GHAR SE MAKSASPUR SCHOOL KE PICHHE HOTE HUYE MANOJ KE  
                                      GHAR TAK MAJAR GALI IN WARD NO. 33","CONSTRUCTION  OF DRAIN FROM DHIRENDRA PASWAN KE GHAR SE    
                                      KANT LAL SINGH KE GHAR TAK AND PCC ROAD  FROM JAGO RAM KE   
                                      GHAR SE MAKSASPUR SCHOOL KE PICHHE HOTE HUYE MANOJ KE  
                                      GHAR TAK MAJAR GALI IN WARD NO. 33",995850.0,INR,INR,2022-07-01 10:22:09+00:00,2022-07-01T10:08:49.754000+00:00,2022-07-16T04:47:34+00:00,MUNCIPAL COMMISSIONER MUNGER,MC,NAGAR NIGAM MUNGER,NAGAR NIGAM TOWN HALL ROAD MUNGER,SHIVAKSHI DIXIT IAS,MC MUNGER,MUNCIPAL CORPORATION MUNGER,20000.0,1250.0,590.0
24093,03/BCD/PURNEA/2022-23,"Repair work of Prisoners Ward 13 to 16 at Central Jail, Purnea for the Year 2022-23","Repair work of Prisoners Ward 13 to 16 at Central Jail, Purnea for the Year 2022-23",3900432.0,INR,INR,2022-07-02 07:38:30+00:00,2022-07-02T07:09:09.594000+00:00,2022-12-15T10:37:23+00:00,"Executive Engineer, BUILDING DIVISION PURNEA",EE,BUILDING DIVISION PURNEA,"EE, BUILDING DIVISION PURNEA, BCD, PURNEA, BIHAR","Superintending Engineer, Purnea Circle",SE,Purnea Circle,78100.0,5000.0,590.0
24083,NIT NO. 36/PR/SBPDCL/2022,"Procurement of 33/11KV 5 MVA, ONAN Power Transformer With Off Load Tap Changer for SBPDCL  in one-tier (Price Bid) online bid from empanelled vendors only against EOI No. NBPDCL/2018-19/PR/03","Procurement of 33/11KV 5 MVA, ONAN Power Transformer With Off Load Tap Changer for SBPDCL  in one-tier (Price Bid) online bid from empanelled vendors only against EOI No. NBPDCL/2018-19/PR/03",141681376.0,INR,INR,2022-07-01 13:38:24+00:00,2022-07-01T13:21:32.001000+00:00,2024-10-01T12:24:46+00:00,SURESH PRASAD MANDAL,Electrical Superintending Engineer,SBPDCL,"2nd FLOOR, VIDYUT BHAWAN, PATNA",SURESH PRASAD MANDAL,"Electrical Superintending Engineer, Purchase",SBPDCL,2416820.0,25000.0,5900.0
24086,NIT NO. 02 GROUP 03/2022-23/ZP/BANKA,Construction of I.B AT   ZILA PARISHAD LAND Block Chandan District Banka.,Construction of I.B AT   ZILA PARISHAD LAND Block Chandan District Banka.,9994700.0,INR,INR,2022-07-01 17:22:32+00:00,2022-07-01T17:18:24.447000+00:00,2022-10-29T10:45:07+00:00,MANISH KANT,DISTRICT ENGINEER,ceobankabih@gmail.com,ZILA PARISHAD BANKA,MANISH KANT,DISTRICT ENGINEER,ZILA PARISHAD BANKA,200000.0,10000.0,3540.0
24085,NIT NO. 02 GROUP 02/2022-23/ZP/BANKA,Construction of I.B AT   ZILA PARISHAD LAND Block Katoriya District Banka.,Construction of I.B AT   ZILA PARISHAD LAND Block Katoriya District Banka.,9994700.0,INR,INR,2022-07-01 17:18:02+00:00,2022-07-01T17:12:39.136000+00:00,2022-10-29T10:41:09+00:00,MANISH KANT,DISTRICT ENGINEER,ceobankabih@gmail.com,ZILA PARISHAD BANKA,MANISH KANT,DISTRICT ENGINEER,ZILA PARISHAD BANKA,200000.0,10000.0,3540.0
24087,NIT NO. 02 GROUP 04/2022-23/ZP/BANKA,"Construction of I.B AT   ZILA PARISHAD LAND Block Amarpur, Dumrama District Banka.","Construction of I.B AT   ZILA PARISHAD LAND Block Amarpur, Dumrama District Banka.",9994700.0,INR,INR,2022-07-01 17:27:57+00:00,2022-07-01T17:22:51.743000+00:00,2022-10-29T10:48:00+00:00,MANISH KANT,DISTRICT ENGINEER,ceobankabih@gmail.com,ZILA PARISHAD BANKA,MANISH KANT,DISTRICT ENGINEER,ZILA PARISHAD BANKA,200000.0,10000.0,3540.0
24084,NIT NO. 02/2022-23/ZP/BANKA,Construction of I.B AT   ZILA PARISHAD LAND Block Belhar District Banka.,Construction of I.B AT   ZILA PARISHAD LAND Block Belhar District Banka.,9994700.0,INR,INR,2022-07-01 17:12:12+00:00,2022-07-01T16:53:38.292000+00:00,2022-10-29T10:35:26+00:00,MANISH KANT,DISTRICT ENGINEER,ceobankabih@gmail.com,ZILA PARISHAD BANKA,MANISH KANT,DISTRICT ENGINEER,ZILA PARISHAD BANKA,200000.0,10000.0,3540.0
24042,NIT-06/2022-23/SCD-EKMA/02,"CONSTRUCTION OF FIELD CHANNEL AT RD. 0.50 (R ) OF BHODSHA SUB MINOR ,UNDER MAHARAJGANJ BLOCK OF SIWAN DISTRICT   FOR HAR KHET TAK SICHAI KA PANI SCHEME  (GROUP-02)","CONSTRUCTION OF FIELD CHANNEL AT RD. 0.50 (R ) OF BHODSHA SUB MINOR ,UNDER MAHARAJGANJ BLOCK OF SIWAN DISTRICT   FOR HAR KHET TAK SICHAI KA PANI SCHEME  (GROUP-02)",1506105.0,INR,INR,2022-07-01 06:04:38+00:00,2022-07-01T05:23:58.772000+00:00,2022-11-23T06:16:36+00:00,RAM PADARATH NARAYAN,EE,WATER RESOURCES DEPARTMENT,"SARAN CANAL DIVISION, EKMA",BRAJ KISHORE RAJAK,SE,"SARAN CANAL CIRCLE, CHAPRA",30200.0,5000.0,590.0
24100,KCD/NIT NO. 06 SBD/ 2022-23,"Restoration work of Kamla Western Main Canal from 0.00 to 16.059 km (Except 1.737 to 1.830 km) in Jaynagar, Basopatti and Harlakhi Block of  Madhubani District, Bihar under Har Khet Tak Sinchai Ka Pani  Programme.","Restoration work of Kamla Western Main Canal from 0.00 to 16.059 km (Except 1.737 to 1.830 km) in Jaynagar, Basopatti and Harlakhi Block of  Madhubani District, Bihar under Har Khet Tak Sinchai Ka Pani  Programme.",47747995.0,INR,INR,2022-07-04 09:22:13+00:00,2022-07-04T08:28:52.928000+00:00,2022-11-11T09:39:29+00:00,"SANJAY KUMAR SINGH,(SUPERINTENDING ENGINEER)",SE,water resources department patna,WESTERN KOSI CANAL CIRCLE JAYNAGAR,CE,"C.E.  IRRIGATION CREATION, WRD, DARBHANGA",WATER RESOURCES DEPARTMENT,955000.0,10000.0,5900.0
24094,BREDA/EoI/MFG/MGSSLY/29/2022-23,"Empanelment of Manufacturers of Luminary, Lithium Battery and Solar PV module for setting up manufacturing unit /Assembly Unit/ Plant in the state of Bihar","Empanelment of Manufacturers of Luminary, Lithium Battery and Solar PV module for setting up manufacturing unit /Assembly Unit/ Plant in the state of Bihar",0.0,INR,INR,2022-07-02 08:06:18+00:00,2022-07-02T07:20:26.224000+00:00,2022-11-30T14:41:20+00:00,ESE BREDA,ESE,HQ BREDA,VIDHUYAT BHAWAN,ESE BREDA,ESE,HQ BREDA,1000000.0,29500.0,590.0
24092,NIT-06/2022-23 MUZAFFARPUR,"CONSTRUCTION OF GUARD ROOM, GENERAL TOILET, CAMPUS DEVELOPMENT WORK IN VVPAT BUILDING (NEWLY CONSTRUCTED) AT MUZAFFARPUR FOR THE YEAR 2022-23.","CONSTRUCTION OF GUARD ROOM, GENERAL TOILET, CAMPUS DEVELOPMENT WORK IN VVPAT BUILDING (NEWLY CONSTRUCTED) AT MUZAFFARPUR FOR THE YEAR 2022-23.",6099427.0,INR,INR,2022-07-02 06:47:43+00:00,2022-07-02T06:17:29.852000+00:00,2022-12-16T11:53:09+00:00,EXECUTIVE ENGINEER BUILDING DIVISION MUZAFFARPUR,EXECUTIVE ENGINEER,BUILDING DIVISION MUZAFFARPUR,BUILDING DIVISION MUZAFFARPUR COMBINED BUILDING MUZAFFARPUR,"Superintending Engineer, Building Circle Muzaffarpur",SE,Building Circle Muzaffarpur,122000.0,10000.0,590.0
24096,06/BCD/PURNEA/2022-23,"Construction of watch tower in the campus of Civil Court, Purnea for the year 2022-23","Construction of watch tower in the campus of Civil Court, Purnea for the year 2022-23",2176051.0,INR,INR,2022-07-02 08:31:32+00:00,2022-07-02T08:25:32.395000+00:00,2022-12-14T12:46:48+00:00,"Executive Engineer, BUILDING DIVISION PURNEA",EE,BUILDING DIVISION PURNEA,"EE, BUILDING DIVISION PURNEA, BCD, PURNEA, BIHAR","Superintending Engineer, Purnea Circle",SE,Purnea Circle,43600.0,5000.0,590.0
24095,05/BCD/PURNEA/2022-23,Fitting & Fixing of Grill in different building (G.F) of Civil Court at Purnea for the year 2022-23,Fitting & Fixing of Grill in different building (G.F) of Civil Court at Purnea for the year 2022-23,3632313.0,INR,INR,2022-07-02 08:19:18+00:00,2022-07-02T08:09:33.786000+00:00,2022-12-14T12:47:17+00:00,"Executive Engineer, BUILDING DIVISION PURNEA",EE,BUILDING DIVISION PURNEA,"EE, BUILDING DIVISION PURNEA, BCD, PURNEA, BIHAR","Superintending Engineer, Purnea Circle",SE,Purnea Circle,72700.0,5000.0,590.0
24107,KCD/NIT NO. 07 SBD/ 2022-23,"Restoration work of Pakri Distributary from 0.00 to 18.313 km in Harlakhi and Madhawapur Block of  Madhubani District, Bihar under Har Khet Tak Sinchai Ka Pani  Programme.","Restoration work of Pakri Distributary from 0.00 to 18.313 km in Harlakhi and Madhawapur Block of  Madhubani District, Bihar under Har Khet Tak Sinchai Ka Pani  Programme.",53729884.0,INR,INR,2022-07-04 09:24:28+00:00,2022-07-04T09:00:22.296000+00:00,2022-11-11T09:35:38+00:00,"SANJAY KUMAR SINGH,(SUPERINTENDING ENGINEER)",SE,water resources department patna,WESTERN KOSI CANAL CIRCLE JAYNAGAR,CE,"C.E.  IRRIGATION CREATION, WRD, DARBHANGA",WATER RESOURCES DEPARTMENT,1075000.0,10000.0,5900.0
24115,04/BCD/KISHANGANJ/2022-23,construction of drainage system and repair of old drain in mandal kara (jail)kishanganj for the year 2022-23,construction of drainage system and repair of old drain in mandal kara (jail)kishanganj for the year 2022-23,4547187.0,INR,INR,2022-07-04 14:22:19+00:00,2022-07-04T13:56:38.131000+00:00,2022-08-03T03:58:29+00:00,"Executive Engineer, Kishanganj Division",EE,"Executive Engineer, Kishanganj","Executive Engineer, Kishanganj Division  ,  BUILDING CONSTRUCTION DEPARTMENT,  Division  , Bihar","Superintending Engineer, Purnea Circle",SE,Purnea Circle,91000.0,5000.0,590.0
24098,NIT- 01/2022-23_ GR-02,Construction work of Peepal tree  (shaving site) shady platform in Parsa of Ward No 02 under Nagar Panchayat Naubatpur.,Construction work of Peepal tree  (shaving site) shady platform in Parsa of Ward No 02 under Nagar Panchayat Naubatpur.,254345.0,INR,INR,2022-07-05 03:25:43+00:00,2022-07-04T08:11:11.423000+00:00,2022-07-19T09:31:00+00:00,RAUSHAN KUMAR RAUSHAN,"EXECUTIVE OFFICER, NP NAUBATPUR",NAGAR PANCHAYAT NAUBATPUR,NAGAR PANCHAYAT NAUBATPUR,RAUSHAN KUMAR RAUSHAN,EXECUTIVE OFFICER,NAGAR PANCHAYAT NAUBATPUR,5000.0,500.0,590.0
24097,NIT- 01/2022-23_ GR-01,Construction of culvert over canal in Ramnagar/Barhiya Kyari in Ward No.02 under Nagar Panchayat Naubatpur.,Construction of culvert over canal in Ramnagar/Barhiya Kyari in Ward No.02 under Nagar Panchayat Naubatpur.,527400.0,INR,INR,2022-07-05 03:23:40+00:00,2022-07-04T07:25:25.554000+00:00,2022-07-19T09:31:00+00:00,RAUSHAN KUMAR RAUSHAN,"EXECUTIVE OFFICER, NP NAUBATPUR",NAGAR PANCHAYAT NAUBATPUR,NAGAR PANCHAYAT NAUBATPUR,RAUSHAN KUMAR RAUSHAN,EXECUTIVE OFFICER,NAGAR PANCHAYAT NAUBATPUR,10500.0,1250.0,590.0
24122,17/BCD/MADHUBANI/2022-23 GR 01,"Construction of approach road, earth filling and campus development at Benipatti sub-Jail campus in district Madhubani. for  the  year- 2022-23","Construction of approach road, earth filling and campus development at Benipatti sub-Jail campus in district Madhubani. for  the  year- 2022-23",4273359.0,INR,INR,2022-07-05 10:09:54+00:00,2022-07-05T09:47:35.155000+00:00,2022-08-03T15:56:09+00:00,EXECUTIVE ENGINEER BUILDING DIVISION MADHUBANI,EXECUTIVE ENGINEER,BUILDING DIVISION MADHUBANI,BUILDING DIVISION MADHUBANI,"Superintending Engineer, BUILDING CIRCLE DARBHANGA",SE,Building Circle Darbhanga,85500.0,5000.0,590.0
24126,Civil/BIPARD/2022/02,Tender for Resident Engineer for Repair and Maintenance work,Tender for Resident Engineer for Repair and Maintenance work,0.0,INR,INR,2022-07-05 14:04:25+00:00,2022-07-05T12:33:03.883000+00:00,2022-09-17T07:04:46+00:00,Mr ABHYUDAYA,Asst. Director,Bihar Institute of Public Administration and Rural Development (BIPARD),Walmi Campus Phulwari Sharif Patna - 801505,Mr. ABHYUDAYA,Asst. Director,Bihar Institute of Public Administration and Rural Development (BIPARD),50000.0,5000.0,590.0
24117,0001,CONSTRUCTION OF DISTRICT PANCHAYAT RESOURCE CENTER AT BETTIAH,CONSTRUCTION OF DISTRICT PANCHAYAT RESOURCE CENTER AT BETTIAH,56629932.0,INR,INR,2022-07-05 14:52:02+00:00,2022-07-05T05:19:22.628000+00:00,2022-07-18T11:30:02+00:00,MITHELESH KUMAR,DISTRICT ENGINEER,zila parishad bettiah,bettiah zila parishad,MITHELESH KUMAR,DISTRICT ENGINEER,zila Parishad Bettiah,1103000.0,10000.0,5900.0
24123,17/BCD/MADHUBANI/2022-23 GR 02,"Construction of  Drain  in Campus of sub-Jail,  Jhanjharpur in  district Madhubani for  the  year- 2022-23","Construction of  Drain  in Campus of sub-Jail,  Jhanjharpur in  district Madhubani for  the  year- 2022-23",5377461.0,INR,INR,2022-07-05 10:17:20+00:00,2022-07-05T10:11:12.733000+00:00,2022-08-03T16:07:07+00:00,EXECUTIVE ENGINEER BUILDING DIVISION MADHUBANI,EXECUTIVE ENGINEER,BUILDING DIVISION MADHUBANI,BUILDING DIVISION MADHUBANI,"Superintending Engineer, BUILDING CIRCLE DARBHANGA",SE,Building Circle Darbhanga,107600.0,10000.0,590.0
24137,26/PR/SBPDCL/2022,NIT  for Repairing of burnt/defective Distribution  Transformer (DT) up to 500 KVA capacity at all the Transformer Repairing Workshops under SBPDCL & NBPDCL,NIT  for Repairing of burnt/defective Distribution  Transformer (DT) up to 500 KVA capacity at all the Transformer Repairing Workshops under SBPDCL & NBPDCL,335832537.0,INR,INR,2022-07-06 12:29:27+00:00,2022-07-06T11:40:48.453000+00:00,2023-05-02T08:43:52+00:00,RAJ KUMAR,CE,SBPDCL,"VIDYUT BHAWAN, PATNA",RAJ KUMAR,CE,SBPDCL,143000.0,10000.0,5900.0
24132,NPK-NIT-01/2022-23,"Construction of Drain From Lalu Rai's House To Pani Tanki Vai Rameshswar Rai At Nagar Panchayat Kopa, Saran Distt.","Construction of Drain From Lalu Rai's House To Pani Tanki Vai Rameshswar Rai At Nagar Panchayat Kopa, Saran Distt.",2116808.0,INR,INR,2022-07-06 09:57:10+00:00,2022-07-06T09:34:13.236000+00:00,2022-11-10T08:22:01+00:00,"EXECUTIVE OFFICER, (KOPA),",EO,NAGAR PANCHAYAT KOPA,NAGAR PANCHAYAT KOPA SARAN,"EXECUTIVE OFFICER (KOPA),",EO,NAGAR PANCHAYAT KOPA,42500.0,5000.0,590.0
24124,RE- TENDER NIT03/2022-23/EE TCD CHAKIA/GR01,CONSTRUCTION OF IRRIGATION FIELD CHANNEL AT RD 10.20(L) OF MEHSI DISTRIBUTARY OFFTAKING FROM 536.39 RD(L) OF TIRHUT MAIN CANAL AT VILLAGE BRINDABAN UNDER KALYANPUR BLOCK OF EAST CHAMPARAN DISTRICT   (GR NO. 01),CONSTRUCTION OF IRRIGATION FIELD CHANNEL AT RD 10.20(L) OF MEHSI DISTRIBUTARY OFFTAKING FROM 536.39 RD(L) OF TIRHUT MAIN CANAL AT VILLAGE BRINDABAN UNDER KALYANPUR BLOCK OF EAST CHAMPARAN DISTRICT   (GR NO. 01),3057123.0,INR,INR,2022-07-05 10:42:53+00:00,2022-07-05T10:29:08.235000+00:00,2022-07-08T09:30:01+00:00,AJAY KUMAR,EE,WRD,EE TCD CHAKIA,MD SAYEED AHMAD,SE,WRD,61200.0,5000.0,590.0
24127,04/BSBCCL/2022-23 GR 07,CONSTRUCTION OF PROPOSED 100 BEDDED OBC HOSTEL AT MADHUBANI IN DIST:- PURNEA  BC/EBC  WELFARE DEPARTMENT.,CONSTRUCTION OF PROPOSED 100 BEDDED OBC HOSTEL AT MADHUBANI IN DIST:- PURNEA  BC/EBC  WELFARE DEPARTMENT.,71634388.0,INR,INR,2022-07-06 05:09:02+00:00,2022-07-06T04:59:49.324000+00:00,2022-09-10T10:29:11+00:00,DGM BSBCCL PURNEA,DEPUTY GENERAL MANAGER PURNEA,BSBCCL,"BSBCCL, Hospital Road, Sastri Nagar, Patna 800023",SANTOSH KUMAR,chief general manager,BSBCCL,1433000.0,10000.0,5900.0
24136,04/BSBCCL/2022-23 GR06,Construction of 100 bedded OBC GIRLS Hostel at SAHARSA in Dist. SAHARSA.,Construction of 100 bedded OBC GIRLS Hostel at SAHARSA in Dist. SAHARSA.,70869461.0,INR,INR,2022-07-06 11:37:48+00:00,2022-07-06T11:24:08.353000+00:00,2022-12-16T06:37:33+00:00,DGM BSBCCL SAHARSA,DEPUTY GENERAL MANAGER SAHARSA,BSBCCL,"BSBCCL, Hospital Road, Sastri Nagar, Patna 800023",SANTOSH KUMAR,chief general manager,BSBCCL,1418000.0,10000.0,5900.0
24142,02/2022-23/BCD/KATIHAR,"CONSTRUCTION  FOR ADDITIONAL NEW WORK OF KATIHAR ENGINEERING COLLEGE, AT KATIHAR DISTRICT","CONSTRUCTION  FOR ADDITIONAL NEW WORK OF KATIHAR ENGINEERING COLLEGE, AT KATIHAR DISTRICT",156252284.0,INR,INR,2022-07-06 15:15:25+00:00,2022-07-06T14:55:34.271000+00:00,2022-08-03T10:05:37+00:00,EXECUTIVE ENGINEER BUILDING DIVISION KATIHAR,E E,BUILDING CONSTRUCTION DEPARTMENT,BUILDING DIVISION KATIHAR,"Superintending Engineer, Purnea Circle",SE,Purnea Circle,2563000.0,10000.0,5900.0
24121,NIQ/01-2022-23/FMD DIGHA/WRD,"Design, drawing , Fabrication , Supplying, Erection , Testing and commissioning of 2 Nos. Anti Flood Sluice Gate Structure at Village- Paijana and Malpur of consisting each Anti Flood Sluice 3 Nos. Gates of size (2.80m x 3.40m) with Embedded parts Hoist bridge with Platform and Railing, Hoisting arrangement with all its Accessories on Bari Nala Under Flood Control Division, Bakhtiyarpur.","Design, drawing , Fabrication , Supplying, Erection , Testing and commissioning of 2 Nos. Anti Flood Sluice Gate Structure at Village- Paijana and Malpur of consisting each Anti Flood Sluice 3 Nos. Gates of size (2.80m x 3.40m) with Embedded parts Hoist bridge with Platform and Railing, Hoisting arrangement with all its Accessories on Bari Nala Under Flood Control Division, Bakhtiyarpur.",11360000.0,INR,INR,2022-07-05 09:49:45+00:00,2022-07-05T08:52:47.633000+00:00,2022-11-08T09:05:31+00:00,MRITYUNJAY RAY,EXECUTIVE ENGINEER (MECHANICAL),WATER RESOURCES DEPARTMENT,FIELD MACHINERY DIVISION DIGHA PATNA,ABHIJEET KUMAR,JOINT DIRECTOR,"IRRIGATION MECHANICAL CIRCLE, MITHAPUR, PATNA",228000.0,10000.0,3540.0
24138,NIT 01 F2/2022-23,"Restoration work of Chauri Minor(7.095km), Wardeewan Minor(1.83km), Minor-OR-12(2.11km), Basuara Water Course(0.72km), Bakhrauli Water Course (0.832km), Mohidinpur Sub-minor(0.900km), Mominpur Minor (2.175km), Samaul Minor (1.05km) and Minor-OR-13 (1.53km) under Rahika Block of Madhubani District in WKCD Sakri through   the  program ?HER KHET TAK SINCHAIE KA PANI?","Restoration work of Chauri Minor(7.095km), Wardeewan Minor(1.83km), Minor-OR-12(2.11km), Basuara Water Course(0.72km), Bakhrauli Water Course (0.832km), Mohidinpur Sub-minor(0.900km), Mominpur Minor (2.175km), Samaul Minor (1.05km) and Minor-OR-13 (1.53km) under Rahika Block of Madhubani District in WKCD Sakri through   the  program ?HER KHET TAK SINCHAIE KA PANI?",3942178.0,INR,INR,2022-07-06 12:36:23+00:00,2022-07-06T11:46:46.404000+00:00,2022-09-06T08:30:18+00:00,PRASHURAM YADAV,EXECUTIVE ENGINEER,WRD,OFFICE OF EXECUTIVE ENGINEER WESTERN KOSHI CANAL DIVISION SAKARI,SHAMBHU KUMAR,SE,WRD,79800.0,5000.0,590.0
24162,NIT 01/2022-23 (GROUP-1),"P.C.C ROAD,  PCC IN  ""C"" TYPE QUARTER AND REPAIR AND MAINTENANCE OF QUARTER D-3 AT KOSI COLONY JHANJHARPUR IN 2022-23","P.C.C ROAD,  PCC IN  ""C"" TYPE QUARTER AND REPAIR AND MAINTENANCE OF QUARTER D-3 AT KOSI COLONY JHANJHARPUR IN 2022-23",1998832.0,INR,INR,2022-07-08 05:52:46+00:00,2022-07-07T13:41:08.928000+00:00,2022-08-08T08:17:12+00:00,Amrendra Kumar Pathak,Executive Engineer,WATER RESOURCES DEPARTMENT,WESTERN KOSI CANAL DIVISION,PRADEEP KUMAR SINHA,CE,WRD,40000.0,5000.0,590.0
24140,11/RE-TENDER/BCD/DARBHANGA/2022-23 (Group-02),CONSTRUCTION OF 500 PRISIONER MODERN KITCHEN IN THE CAMPUS OF DISTRICT JAIL DARBHANGA.,CONSTRUCTION OF 500 PRISIONER MODERN KITCHEN IN THE CAMPUS OF DISTRICT JAIL DARBHANGA.,6413940.0,INR,INR,2022-07-06 14:20:48+00:00,2022-07-06T14:05:54.696000+00:00,2022-07-28T09:47:22+00:00,"Executive Engineer, BUILDING DIVISION DARBHANGA",EE,Building division Darbhanga,"Executive Engineer, BUILDING DIVISION DARBHANGA, BCD","Superintending Engineer, BUILDING CIRCLE DARBHANGA",SE,Building Circle Darbhanga,128300.0,10000.0,590.0
24143,12/BSBCCL/2022-23 GR03,SC & ST. RAJKIYA AMBEDKAR RESIDENTIAL +2 SCHOOL AT SINGHESHWAR.,SC & ST. RAJKIYA AMBEDKAR RESIDENTIAL +2 SCHOOL AT SINGHESHWAR.,508495654.0,INR,INR,2022-07-06 18:21:30+00:00,2022-07-06T17:42:47.850000+00:00,2022-08-03T07:10:31+00:00,DGM BSBCCL SAHARSA,DEPUTY GENERAL MANAGER SAHARSA,BSBCCL,"BSBCCL, Hospital Road, Sastri Nagar, Patna 800023",SANTOSH KUMAR,chief general manager,BSBCCL,6085000.0,10000.0,5900.0
24141,11/RE-TENDER/BCD/DARBHANGA/2022-23 (Group-01),"Raising Of Perimeter Wall, At-Mandal Kara, In Distt.- Darbhanga.","Raising Of Perimeter Wall, At-Mandal Kara, In Distt.- Darbhanga.",6596117.0,INR,INR,2022-07-06 14:32:08+00:00,2022-07-06T14:23:54.130000+00:00,2022-09-20T05:29:40+00:00,"Executive Engineer, BUILDING DIVISION DARBHANGA",EE,Building division Darbhanga,"Executive Engineer, BUILDING DIVISION DARBHANGA, BCD","Superintending Engineer, BUILDING CIRCLE DARBHANGA",SE,Building Circle Darbhanga,132000.0,10000.0,590.0
24168,NIT N0 01/ 2022-23/GR01,NAGAR PARISHAD NARKATIAGANJ ME B.S.N.L TOWER (TEMPU STAND) SE POST OFFICE HUTE HUYE MAHINDRA AGENCY TAK R.C.C NALA NIRMAN WORK (GROUP -01),NAGAR PARISHAD NARKATIAGANJ ME B.S.N.L TOWER (TEMPU STAND) SE POST OFFICE HUTE HUYE MAHINDRA AGENCY TAK R.C.C NALA NIRMAN WORK (GROUP -01),4175192.0,INR,INR,2022-07-08 07:01:12+00:00,2022-07-08T05:15:04.063000+00:00,2023-05-24T11:55:08+00:00,AMIR SUHAIL,EXECUTIVE OFFICER,NAGAR PARISHAD NARKATIAGANJ,NAGAR PARISHAD NARKATIAGANJ,AMIR SUHAIL,EXECUTIVE OFFICER,NAGAR PARISHAD NARKATIAGANJ,87500.0,5000.0,590.0
24166,NIT No.-03/EEE/D/PMC/2022/02,Construction of shade and foundation for animal crematorium at Ramachak Bairiya for two units under PMC.,Construction of shade and foundation for animal crematorium at Ramachak Bairiya for two units under PMC.,18953000.0,INR,INR,2022-07-08 03:38:21+00:00,2022-07-08T03:29:47.609000+00:00,2022-09-23T07:11:37+00:00,"EXCUETIVE ENGINEER, ELECTRICAL DIVISION, PMC",EE,"Electrical Division,Patna Municipal Corporation,Patna","electric division , 4th floor, c-block, Mauryalok Patna","EXECUTIVE ENGINEER, ELECTRICAL DIVISION, PMC",EE,"Electrical Division,Patna Municipal Corporation,Patna",379100.0,10000.0,3540.0
24165,NIT No.-03/EEE/D/PMC/2022/01,"Supply , erection and commissioning of animal electric crematorium at  Ramachak Bairiya with 5 years maintenance under PMC","Supply , erection and commissioning of animal electric crematorium at  Ramachak Bairiya with 5 years maintenance under PMC",19875000.0,INR,INR,2022-07-08 03:29:28+00:00,2022-07-08T03:02:25.750000+00:00,2022-07-25T05:24:02+00:00,"EXCUETIVE ENGINEER, ELECTRICAL DIVISION, PMC",EE,"Electrical Division,Patna Municipal Corporation,Patna","electric division , 4th floor, c-block, Mauryalok Patna","EXECUTIVE ENGINEER, ELECTRICAL DIVISION, PMC",EE,"Electrical Division,Patna Municipal Corporation,Patna",400000.0,10000.0,3540.0
24163,NIT 01/2022-23 (GROUP-2),"RENOVATION OF G-TYPE AND I-TYPE QUARTERS  AT KOSI COLONY, JHANJHARPUR","RENOVATION OF G-TYPE AND I-TYPE QUARTERS  AT KOSI COLONY, JHANJHARPUR",1977524.0,INR,INR,2022-07-08 05:44:21+00:00,2022-07-07T14:50:29.234000+00:00,2022-08-08T08:09:53+00:00,Amrendra Kumar Pathak,Executive Engineer,WATER RESOURCES DEPARTMENT,WESTERN KOSI CANAL DIVISION,PRADEEP KUMAR SINHA,CE,WRD,39600.0,5000.0,590.0
24172,04/BCD/JAGBAN/MADHUBANI/2022-23,"Construction of disaster relief center (For flood affected area) at Jagban west Panchayat under Bisfi Block in district, Madhubani for the year- 2022-23","Construction of disaster relief center (For flood affected area) at Jagban west Panchayat under Bisfi Block in district, Madhubani for the year- 2022-23",11443634.0,INR,INR,2022-07-08 06:17:19+00:00,2022-07-08T06:02:17.865000+00:00,2022-08-03T15:45:54+00:00,EXECUTIVE ENGINEER BUILDING DIVISION MADHUBANI,EXECUTIVE ENGINEER,BUILDING DIVISION MADHUBANI,BUILDING DIVISION MADHUBANI,"Superintending Engineer, BUILDING CIRCLE DARBHANGA",SE,Building Circle Darbhanga,228900.0,10000.0,3540.0
24175,07/BCD/BARRI/MADHUBANI/2022-23,"Construction of disaster relief center (For flood affected area) at Barri under Benipatti Block in district, Madhubani for the year- 2022-23","Construction of disaster relief center (For flood affected area) at Barri under Benipatti Block in district, Madhubani for the year- 2022-23",11443634.0,INR,INR,2022-07-08 06:27:57+00:00,2022-07-08T06:18:09.557000+00:00,2023-01-13T06:01:13+00:00,EXECUTIVE ENGINEER BUILDING DIVISION MADHUBANI,EXECUTIVE ENGINEER,BUILDING DIVISION MADHUBANI,BUILDING DIVISION MADHUBANI,"Superintending Engineer, BUILDING CIRCLE DARBHANGA",SE,Building Circle Darbhanga,228900.0,10000.0,3540.0
24174,NIT N0 01/ 2022-23/GR 05,NAGAR PARISHAD NARKATIAGANJ  WARD NO 02 AUR 03 ME AWADH KISHOR SINGH KE GHAR SE AJAY JAISWAL KE GHAR (PULIA TAK) R.C.C NALA NIRMAN WORK ( GROUP- 5),NAGAR PARISHAD NARKATIAGANJ  WARD NO 02 AUR 03 ME AWADH KISHOR SINGH KE GHAR SE AJAY JAISWAL KE GHAR (PULIA TAK) R.C.C NALA NIRMAN WORK ( GROUP- 5),4226546.0,INR,INR,2022-07-08 07:13:19+00:00,2022-07-08T06:17:39.602000+00:00,2022-07-16T10:00:01+00:00,AMIR SUHAIL,EXECUTIVE OFFICER,NAGAR PARISHAD NARKATIAGANJ,NAGAR PARISHAD NARKATIAGANJ,AMIR SUHAIL,EXECUTIVE OFFICER,NAGAR PARISHAD NARKATIAGANJ,88500.0,5000.0,590.0
24178,NIT N0 01/ 2022-23/GR 08,NAGAR PARISHAD NARKATIAGANJ  WARD N0 11 ME SURESH JIKE GHAR SE PARAS SAH KE GHAR TAK CHATIGRAST NALI KA NIRMAN WORK( GROUP- 08),NAGAR PARISHAD NARKATIAGANJ  WARD N0 11 ME SURESH JIKE GHAR SE PARAS SAH KE GHAR TAK CHATIGRAST NALI KA NIRMAN WORK( GROUP- 08),1240377.0,INR,INR,2022-07-08 07:18:17+00:00,2022-07-08T06:48:04.101000+00:00,2022-09-05T04:39:21+00:00,AMIR SUHAIL,EXECUTIVE OFFICER,NAGAR PARISHAD NARKATIAGANJ,NAGAR PARISHAD NARKATIAGANJ,AMIR SUHAIL,EXECUTIVE OFFICER,NAGAR PARISHAD NARKATIAGANJ,25000.0,2500.0,590.0
24171,NIT N0 01/ 2022-23/GR 03,NAGAR PARISHAD NARKATIAGANJ  WARD NO 06 AUR 07 ME LOTAS PUBLIC SCHOOL SE JAMIL MIYA KE GHAR TAK P.C.C. SADAK AUR NALA NIRMAN WORK ( GROUP- 03),NAGAR PARISHAD NARKATIAGANJ  WARD NO 06 AUR 07 ME LOTAS PUBLIC SCHOOL SE JAMIL MIYA KE GHAR TAK P.C.C. SADAK AUR NALA NIRMAN WORK ( GROUP- 03),2254904.0,INR,INR,2022-07-08 07:08:04+00:00,2022-07-08T05:54:56.957000+00:00,2023-08-17T13:25:48+00:00,AMIR SUHAIL,EXECUTIVE OFFICER,NAGAR PARISHAD NARKATIAGANJ,NAGAR PARISHAD NARKATIAGANJ,AMIR SUHAIL,EXECUTIVE OFFICER,NAGAR PARISHAD NARKATIAGANJ,45600.0,5000.0,590.0
24169,NIT N0 01/ 2022-23/GR02,NAGAR PARISHAD NARKATIAGANJ ANUMANDLIYE HOSPITAL CHOWK SE MEENA DEVI KE GHAR TAK P.C.C SADAK AUM SADAK KINARE NALA AUR R.C.C SALED NIRAMN WORK (GROUP- 02),NAGAR PARISHAD NARKATIAGANJ ANUMANDLIYE HOSPITAL CHOWK SE MEENA DEVI KE GHAR TAK P.C.C SADAK AUM SADAK KINARE NALA AUR R.C.C SALED NIRAMN WORK (GROUP- 02),5523888.0,INR,INR,2022-07-08 07:04:38+00:00,2022-07-08T05:39:07.659000+00:00,2023-05-24T11:41:17+00:00,AMIR SUHAIL,EXECUTIVE OFFICER,NAGAR PARISHAD NARKATIAGANJ,NAGAR PARISHAD NARKATIAGANJ,AMIR SUHAIL,EXECUTIVE OFFICER,NAGAR PARISHAD NARKATIAGANJ,111400.0,10000.0,590.0
24176,NIT N0 01/ 2022-23/GR 06,NAGAR PARISHAD NARKATIAGANJ ANTARGAT SHIVGANJ CHOWK KE PAS R.C.C NALA NIRMAN WORK ( GROUP- 06),NAGAR PARISHAD NARKATIAGANJ ANTARGAT SHIVGANJ CHOWK KE PAS R.C.C NALA NIRMAN WORK ( GROUP- 06),927247.0,INR,INR,2022-07-08 07:15:04+00:00,2022-07-08T06:33:15.449000+00:00,2023-11-03T05:53:01+00:00,AMIR SUHAIL,EXECUTIVE OFFICER,NAGAR PARISHAD NARKATIAGANJ,NAGAR PARISHAD NARKATIAGANJ,AMIR SUHAIL,EXECUTIVE OFFICER,NAGAR PARISHAD NARKATIAGANJ,18500.0,1250.0,590.0
24182,NPBG/NIT-04/2022-23,"ConstructionofP.C.C.RoadandR.C.C.DrainfromPradipManjhitoKhannaManjhiviaCommunityBuildingRamdhaniManjhiatAmawanColony,inWardno-02UnderNagarParishadBodhgaya, District-Gaya.","ConstructionofP.C.C.RoadandR.C.C.DrainfromPradipManjhitoKhannaManjhiviaCommunityBuildingRamdhaniManjhiatAmawanColony,inWardno-02UnderNagarParishadBodhgaya, District-Gaya.",1823500.0,INR,INR,2022-07-09 06:48:20+00:00,2022-07-09T06:21:43.302000+00:00,2022-08-25T08:39:37+00:00,"EXECUTIVE OFFICER, BODHGAYA",EO,NAGAR PANCHAYAT BODHGAYA,"BODHGAYA NAGAR PANCHAYAT, GAYA, BIHAR 824231","EXECUTIVE OFFICER, BODHGAYA",EO,NAGAR PANCHAYAT BODHGAYA,36500.0,1180.0,590.0
24185,NPBG/NIT-04/2022-23/04,"Construction of P.C.C. Road in Various Road at Pokhara, in Ward no-02 Under Nagar Parishad Bodhgaya, District-Gaya.","Construction of P.C.C. Road in Various Road at Pokhara, in Ward no-02 Under Nagar Parishad Bodhgaya, District-Gaya.",417900.0,INR,INR,2022-07-09 07:12:19+00:00,2022-07-09T07:07:44+00:00,2022-08-25T07:46:52+00:00,"EXECUTIVE OFFICER, BODHGAYA",EO,NAGAR PANCHAYAT BODHGAYA,"BODHGAYA NAGAR PANCHAYAT, GAYA, BIHAR 824231","EXECUTIVE OFFICER, BODHGAYA",EO,NAGAR PANCHAYAT BODHGAYA,8500.0,1180.0,590.0
24189,NPBG/NIT-04/2022-23/08,"Construction of P.C.C. Road and Coverd Drain from Kaushal Vikas Kendra to Ramlakhan Yadav House in Ward no-04 Under Nagar Parishad Bodhgaya, District-Gaya.","Construction of P.C.C. Road and Coverd Drain from Kaushal Vikas Kendra to Ramlakhan Yadav House in Ward no-04 Under Nagar Parishad Bodhgaya, District-Gaya.",2358800.0,INR,INR,2022-07-09 07:46:56+00:00,2022-07-09T07:41:35.162000+00:00,2022-08-25T07:32:16+00:00,"EXECUTIVE OFFICER, BODHGAYA",EO,NAGAR PANCHAYAT BODHGAYA,"BODHGAYA NAGAR PANCHAYAT, GAYA, BIHAR 824231","EXECUTIVE OFFICER, BODHGAYA",EO,NAGAR PANCHAYAT BODHGAYA,47200.0,1180.0,590.0
24183,NPBG/NIT-04/2022-23/02,"Construction of P.C.C. Road Near Bhawan Buddha Statue at Braham Asthan , in Ward no-02 Under Nagar Parishad Bodhgaya, District-Gaya.","Construction of P.C.C. Road Near Bhawan Buddha Statue at Braham Asthan , in Ward no-02 Under Nagar Parishad Bodhgaya, District-Gaya.",370200.0,INR,INR,2022-07-09 06:58:30+00:00,2022-07-09T06:49:03.573000+00:00,2022-08-25T08:28:43+00:00,"EXECUTIVE OFFICER, BODHGAYA",EO,NAGAR PANCHAYAT BODHGAYA,"BODHGAYA NAGAR PANCHAYAT, GAYA, BIHAR 824231","EXECUTIVE OFFICER, BODHGAYA",EO,NAGAR PANCHAYAT BODHGAYA,7500.0,1180.0,590.0
24186,NPBG/NIT-04/2022-23/05,"Construction of Drain from Devi Asthan to Lalan Yadav House in Ward no-13 Under Nagar Parishad Bodhgaya, District-Gaya.","Construction of Drain from Devi Asthan to Lalan Yadav House in Ward no-13 Under Nagar Parishad Bodhgaya, District-Gaya.",1334700.0,INR,INR,2022-07-09 07:18:46+00:00,2022-07-09T07:12:38.784000+00:00,2022-08-25T07:37:43+00:00,"EXECUTIVE OFFICER, BODHGAYA",EO,NAGAR PANCHAYAT BODHGAYA,"BODHGAYA NAGAR PANCHAYAT, GAYA, BIHAR 824231","EXECUTIVE OFFICER, BODHGAYA",EO,NAGAR PANCHAYAT BODHGAYA,27000.0,1180.0,590.0
24187,NPBG/NIT-04/2022-23/06,"Construction of  Hume Pipe Drain from Devisthan via Lalan Yadav House to Dhibrahi Pokhara in ward no-13, Nagar Parishad Bodhgaya, District-Gaya. .","Construction of  Hume Pipe Drain from Devisthan via Lalan Yadav House to Dhibrahi Pokhara in ward no-13, Nagar Parishad Bodhgaya, District-Gaya. .",3125000.0,INR,INR,2022-07-09 07:25:19+00:00,2022-07-09T07:19:26.007000+00:00,2022-08-23T08:10:16+00:00,"EXECUTIVE OFFICER, BODHGAYA",EO,NAGAR PANCHAYAT BODHGAYA,"BODHGAYA NAGAR PANCHAYAT, GAYA, BIHAR 824231","EXECUTIVE OFFICER, BODHGAYA",EO,NAGAR PANCHAYAT BODHGAYA,62500.0,1180.0,590.0
24188,NPBG/NIT-04/2022-23/07,"Construction of  Hume Pipe Drain Dhibrahi Pokhara to Amawan Pyne in ward no-13, Nagar Parishad Bodhgaya, District-Gaya.","Construction of  Hume Pipe Drain Dhibrahi Pokhara to Amawan Pyne in ward no-13, Nagar Parishad Bodhgaya, District-Gaya.",3125000.0,INR,INR,2022-07-09 07:41:03+00:00,2022-07-09T07:26:42.562000+00:00,2022-08-23T08:14:46+00:00,"EXECUTIVE OFFICER, BODHGAYA",EO,NAGAR PANCHAYAT BODHGAYA,"BODHGAYA NAGAR PANCHAYAT, GAYA, BIHAR 824231","EXECUTIVE OFFICER, BODHGAYA",EO,NAGAR PANCHAYAT BODHGAYA,62500.0,1180.0,590.0
24184,NPBG/NIT-04/2022-23/03,"Construction of P.C.C. Road Sohan Yadav House to Amawan Ashok Kumar via Pokhara in Sevdhar Bigha , in Ward no-02 Under Nagar Parishad Bodhgaya, District-Gaya.","Construction of P.C.C. Road Sohan Yadav House to Amawan Ashok Kumar via Pokhara in Sevdhar Bigha , in Ward no-02 Under Nagar Parishad Bodhgaya, District-Gaya.",2424300.0,INR,INR,2022-07-09 07:07:20+00:00,2022-07-09T06:59:11.764000+00:00,2022-08-25T08:21:41+00:00,"EXECUTIVE OFFICER, BODHGAYA",EO,NAGAR PANCHAYAT BODHGAYA,"BODHGAYA NAGAR PANCHAYAT, GAYA, BIHAR 824231","EXECUTIVE OFFICER, BODHGAYA",EO,NAGAR PANCHAYAT BODHGAYA,48500.0,1180.0,590.0
24190,15/BSBCCL/2022-23 GR01,"ADDITIONAL WORK FOR   CONSTRUCTION OF G+3 MULTIPURPOSE BUILDING AT NOOR MOHAMMAD
 WAKF STATE   No. 1628, MOTIHARI,  EAST CHAMPARAN (BIHAR)","ADDITIONAL WORK FOR   CONSTRUCTION OF G+3 MULTIPURPOSE BUILDING AT NOOR MOHAMMAD
 WAKF STATE   No. 1628, MOTIHARI,  EAST CHAMPARAN (BIHAR)",4135426.0,INR,INR,2022-07-09 10:26:19+00:00,2022-07-09T10:03:49.854000+00:00,2022-07-27T09:31:00+00:00,DGM BSBCCL MUZAFFARPUR,DEPUTY GENERAL MANAGER MUZAFFARPUR,BSBCCL NORTH,"BSBCCL, Hospital Road, Sastri Nagar, Patna 800023",SANTOSH KUMAR,chief general manager,BSBCCL,83000.0,5000.0,590.0
24198,JALKAL/GR03/HYDRATE LIME/BMC/2022,"SUPPLY OF HYDRATE LIME IN WATER WORK, BHAGALPUR MUNICIPAL CORPORATION FOR WATER PURIFICATION WORK.","SUPPLY OF HYDRATE LIME IN WATER WORK, BHAGALPUR MUNICIPAL CORPORATION FOR WATER PURIFICATION WORK.",0.0,INR,INR,2022-07-09 12:12:58+00:00,2022-07-09T12:10:08.400000+00:00,2022-07-28T07:15:49+00:00,"MUNICIPAL COMMISSIONER, BHAGALPUR",MC,BHAGALPUR MUNICIPAL CORPORATION,"SWAMI VIVEKANAND PATH, NEAR GHURAN PEER BABA CHOWK, BHAGALPUR","MUNICIPAL COMMISSIONER, BHAGALPUR","M.C, BHAGALPUR",BHAGALPUR MUNICIPAL CORPORATION,,2500.0,590.0
24193,15/BSBCCL/2022-23 GR 04,"CONSTRUCTION OF PROPOSED BUILDING OF PRESS CLUB OF INDIA , JAMUI","CONSTRUCTION OF PROPOSED BUILDING OF PRESS CLUB OF INDIA , JAMUI",8054119.0,INR,INR,2022-07-09 12:04:07+00:00,2022-07-09T11:46:53.088000+00:00,2023-02-01T10:31:58+00:00,DGM BSBCCL MUNGER,DGM BSBCCL MUNGER,BSBCCL SOUTH,"BSBCCL, Hospital Road, Sastri Nagar, Patna 800023",SANTOSH KUMAR,chief general manager,BSBCCL,162000.0,10000.0,3540.0
24191,15/BSBCCL/2022-23 GR 02,"ADDITIONAL WORK OF  AUDITORIUM CUM ART GALLERY , PURNEA , BIHAR","ADDITIONAL WORK OF  AUDITORIUM CUM ART GALLERY , PURNEA , BIHAR",11124612.0,INR,INR,2022-07-09 10:49:07+00:00,2022-07-09T10:33:05.278000+00:00,2022-09-28T05:33:40+00:00,DGM BSBCCL PURNEA,DEPUTY GENERAL MANAGER PURNEA,BSBCCL,"BSBCCL, Hospital Road, Sastri Nagar, Patna 800023",SANTOSH KUMAR,chief general manager,BSBCCL,223000.0,10000.0,3540.0
24192,15/BSBCCL/2022-23 GR03,"Construction of Proposed Football Stadium with 300 mtr track at Block level (120 x 150 mtr) Type-II at Silao Block Sanik School, Nalanda","Construction of Proposed Football Stadium with 300 mtr track at Block level (120 x 150 mtr) Type-II at Silao Block Sanik School, Nalanda",13984951.0,INR,INR,2022-07-09 11:37:25+00:00,2022-07-09T11:22:11.118000+00:00,2022-10-10T09:45:17+00:00,DGM BSBCCL PATNA,DEPUTY GENERAL MANAGER PATNA,BSBCCL SOUTH,"BSBCCL, Hospital Road, Sastri Nagar, Patna 800023",SANTOSH KUMAR,chief general manager,BSBCCL,280000.0,10000.0,3540.0
24200,06/2022-23/TCD-1/BETTIAH,RESTORATION OF RESTORATION OF PIPRA PAKDI 16.25 TO 30.00 EX RD 327.00 (L) OF TIRHUT MAIN CANAL,RESTORATION OF RESTORATION OF PIPRA PAKDI 16.25 TO 30.00 EX RD 327.00 (L) OF TIRHUT MAIN CANAL,6781653.0,INR,INR,2022-07-10 08:20:00+00:00,2022-07-10T07:59:56.439000+00:00,2022-07-18T10:13:36+00:00,RAMNATH PRASAD SE,SE,"WRD, PURNIA","Mahananda Colony, PWD Colony, Purnia, Bihar 854301",BIJENDRA KUMAR RAM,CHIEF ENGINEER,"IRRIGATION CREATION, WATER RESOURCES DEPARTMENT, MOTIHARI",135700.0,10000.0,590.0
24201,02/2022-23/Gr-01/NPMANER,01. Installation of tubewell boaring and 45 house door to door connection in ward no. 02 in land of kameshwar ray under nagar panchayat maner.,01. Installation of tubewell boaring and 45 house door to door connection in ward no. 02 in land of kameshwar ray under nagar panchayat maner.,970345.0,INR,INR,2022-07-11 06:04:37+00:00,2022-07-11T05:41:52.086000+00:00,2023-01-19T09:05:23+00:00,Devanand,EO,Maner Nagar Panchayat,Maner,DEVANAND,EXECUTIVE OFFICER,MANER NAGAR PANCHAYAT,19500.0,1250.0,590.0
24196,JALKAL/GR02/BLEACHING POWDER STABLE/BMC/2022,"SUPPLY OF BLEACHING POWDER STABLE IN WATER WORK, BHAGALPUR MUNICIPAL CORPORATION FOR WATER PURIFICATION WORK.","SUPPLY OF BLEACHING POWDER STABLE IN WATER WORK, BHAGALPUR MUNICIPAL CORPORATION FOR WATER PURIFICATION WORK.",0.0,INR,INR,2022-07-09 12:07:29+00:00,2022-07-09T12:04:35.213000+00:00,2022-07-28T07:16:55+00:00,"MUNICIPAL COMMISSIONER, BHAGALPUR",MC,BHAGALPUR MUNICIPAL CORPORATION,"SWAMI VIVEKANAND PATH, NEAR GHURAN PEER BABA CHOWK, BHAGALPUR","MUNICIPAL COMMISSIONER, BHAGALPUR","M.C, BHAGALPUR",BHAGALPUR MUNICIPAL CORPORATION,,2500.0,590.0
24199,JALKAL/GR04/SODIUM HYPOCHLORITE SOL./BMC/2022,"SUPPLY OF SODIUM HYPOCHLORITE SOLUTION IN WATER WORK, BHAGALPUR MUNICIPAL CORPORATION FOR WATER PURIFICATION WORK.","SUPPLY OF SODIUM HYPOCHLORITE SOLUTION IN WATER WORK, BHAGALPUR MUNICIPAL CORPORATION FOR WATER PURIFICATION WORK.",0.0,INR,INR,2022-07-09 12:17:17+00:00,2022-07-09T12:14:57.100000+00:00,2022-07-28T07:14:18+00:00,"MUNICIPAL COMMISSIONER, BHAGALPUR",MC,BHAGALPUR MUNICIPAL CORPORATION,"SWAMI VIVEKANAND PATH, NEAR GHURAN PEER BABA CHOWK, BHAGALPUR","MUNICIPAL COMMISSIONER, BHAGALPUR","M.C, BHAGALPUR",BHAGALPUR MUNICIPAL CORPORATION,,2500.0,590.0
24207,NPL-NIT-03/2022-23-GR-01,Construction of RCC Drain from Haldi Ram Mor to Laxmi Sah Mithai Dukan at Nagar Parishad Lalganj,Construction of RCC Drain from Haldi Ram Mor to Laxmi Sah Mithai Dukan at Nagar Parishad Lalganj,384883.0,INR,INR,2022-07-11 11:25:10+00:00,2022-07-11T10:46:21.440000+00:00,2022-08-24T09:17:30+00:00,Executive officer,LALGANJ,NAGAR PARISHAD LALGANJ,LALGANJ VAISHALI,Executive Officer LALGANJ,Executive Officer LALGANJ,NAGAR PARISHAD LALGANJ,7700.0,750.0,590.0
24202,NIT01/2022-23/GROUP01,"??? ?????? ????????? ??????? ??? ?????? 01 ?? 14 ??? ???????? ??? ??? ?????? ????? ???, ????? ???, ???? ?????/????? ?? ???-???? ?? ?????, ??? ????-??????? ??
???-???? ??? ??? ??????? ??? ???-??-??? ???? ??? ???? ????? ????? ?? ?????????? ??? ??? ??????? ?? ?????????? ???? ?? ????
????? 
Every day in all wards 01 to 14 under Nagar Panchayat Maharajganj, the work of cleaning all main roads, main roads, other roads / streets, cleaning of all drains and drains.
Dump at processing site by cleaning and collecting dry and wet waste in separate form at source door-to-door in all wards
Doing.","??? ?????? ????????? ??????? ??? ?????? 01 ?? 14 ??? ???????? ??? ??? ?????? ????? ???, ????? ???, ???? ?????/????? ?? ???-???? ?? ?????, ??? ????-??????? ??
???-???? ??? ??? ??????? ??? ???-??-??? ???? ??? ???? ????? ????? ?? ?????????? ??? ??? ??????? ?? ?????????? ???? ?? ????
????? 
Every day in all wards 01 to 14 under Nagar Panchayat Maharajganj, the work of cleaning all main roads, main roads, other roads / streets, cleaning of all drains and drains.
Dump at processing site by cleaning and collecting dry and wet waste in separate form at source door-to-door in all wards
Doing.",0.0,INR,INR,2022-07-11 06:28:52+00:00,2022-07-11T05:57:21.818000+00:00,2022-09-09T09:31:16+00:00,HARISCHANDRA,EXECUTIVE OFFICER NAGAR PANCHAYAT MAHARAJGANJ,NAGAR PANCHAYAT MAHARAJGANJ,PASNAULI SAGAR WARD 12 ADMINISTRATIVE BUILDING,HARISCHANDRA,EXECUTIVE OFFICER NAGAR PANCHAYAT MAHARAJGANJ,NAGAR PANCHAYAT MAHARAJGANJ,250000.0,10000.0,590.0
24209,NIT-02-2022-23-GR-03,Bank strengthening of kahara minor from R.D. 0.00 to 15.00 EX RD 61.01(L) of sonbarsa raj distry. Under irrigation sub division pastpar.,Bank strengthening of kahara minor from R.D. 0.00 to 15.00 EX RD 61.01(L) of sonbarsa raj distry. Under irrigation sub division pastpar.,2572445.0,INR,INR,2022-07-11 11:04:58+00:00,2022-07-11T10:57:06.591000+00:00,2022-09-30T10:03:17+00:00,"BIDYA NAND PARSAD,",EXECUTIVE ENGINEER,"IRRIGATION CIRCLE, SAHARSA WRD","IRRIGATION CIRCLE, SAHARSA",SHREEKANT SHUKLA,SE,WATER RESOURCE DEPARTMENT,51500.0,5000.0,590.0
24210,NIT-02-2022-23-GR-04,Desilting and bank strengthening of kashnagar sub distry. From R.D. 0.00 to 35.00 Ex RD 98.75(R) of Beldaur distry under irrigation sub division murliganj.,Desilting and bank strengthening of kashnagar sub distry. From R.D. 0.00 to 35.00 Ex RD 98.75(R) of Beldaur distry under irrigation sub division murliganj.,8387291.0,INR,INR,2022-07-11 11:21:25+00:00,2022-07-11T11:05:23.892000+00:00,2022-10-07T08:12:58+00:00,"BIDYA NAND PARSAD,",EXECUTIVE ENGINEER,"IRRIGATION CIRCLE, SAHARSA WRD","IRRIGATION CIRCLE, SAHARSA",SHREEKANT SHUKLA,SE,WATER RESOURCE DEPARTMENT,167800.0,10000.0,3540.0
24205,03/BCD/ARA/2022-23,Construction of Modular Kitchen of District Jail Campus Ara,Construction of Modular Kitchen of District Jail Campus Ara,4257548.0,INR,INR,2022-07-11 10:57:35+00:00,2022-07-11T10:42:26.422000+00:00,2022-12-22T07:18:36+00:00,"Executive Engineer, BUILDING DIVISION Ara",EE,Ara Division,"EE, Ara Division , BUILDING CONSTRUCTION DEPARTMENT, Ara,  Bihar","Superintending Engineer, Ara Circle",SE,Ara Circle,85200.0,5000.0,590.0
24215,NPL-NIT-03/2022-23-GR-04,Hume Pipe Drain from land of Pankaj Jaiswal  to Ghaghara Nahar via Sichai Nahar at Nagar Parishad Lalganj,Hume Pipe Drain from land of Pankaj Jaiswal  to Ghaghara Nahar via Sichai Nahar at Nagar Parishad Lalganj,2018645.0,INR,INR,2022-07-11 11:53:37+00:00,2022-07-11T11:45:57.953000+00:00,2022-08-24T09:56:48+00:00,Executive officer,LALGANJ,NAGAR PARISHAD LALGANJ,LALGANJ VAISHALI,Executive Officer LALGANJ,Executive Officer LALGANJ,NAGAR PARISHAD LALGANJ,40400.0,5000.0,590.0
24212,NPL-NIT-03/2022-23-GR-02,Construction of RCC Drain from South of Fouji Hotal to H/o Santosh ji at Nagar Parishad Lalganj,Construction of RCC Drain from South of Fouji Hotal to H/o Santosh ji at Nagar Parishad Lalganj,769764.0,INR,INR,2022-07-11 11:37:25+00:00,2022-07-11T11:25:39.972000+00:00,2022-08-24T09:37:38+00:00,Executive officer,LALGANJ,NAGAR PARISHAD LALGANJ,LALGANJ VAISHALI,Executive Officer LALGANJ,Executive Officer LALGANJ,NAGAR PARISHAD LALGANJ,15400.0,1250.0,590.0
24206,NIT-02-2022-23-GR-01,Bank strengthening of shapur sub distributary from R.D. 0.00 to 30.64 Ex RD 84.40(R) of sonbarsa raj distry. Under irrigation sub division pastpar.,Bank strengthening of shapur sub distributary from R.D. 0.00 to 30.64 Ex RD 84.40(R) of sonbarsa raj distry. Under irrigation sub division pastpar.,4282951.0,INR,INR,2022-07-11 10:55:35+00:00,2022-07-11T10:44:25.067000+00:00,2022-09-30T09:51:12+00:00,"BIDYA NAND PARSAD,",EXECUTIVE ENGINEER,"IRRIGATION CIRCLE, SAHARSA WRD","IRRIGATION CIRCLE, SAHARSA",SHREEKANT SHUKLA,SE,WATER RESOURCE DEPARTMENT,85700.0,5000.0,590.0
24225,NIT06/NNM/GR09,"1. Construction of  Road & Drain from Late Bhim nath mishr house to Main road No. 21 Under Nagar Nigam Madhubani.
2. Construction of  Drain from Rajkumar house to Dr. mahendar singh house Ward no 21 Under Nagar Nigam Madhubani.   
3. Construction of  Road from md. Rahamtullah house to Dilar Baseer house ward No. 22 Under Nagar Nigam Madhubani.
4. Construction of  Road from Md. Anisur Rahman house Via Molvi Late Sannallauha to Mustafa Dafali ward No. 22 Under Nagar Nigam Madhubani.
5. Construction of  Drain from Maszid chaman toli to west main roadWard no 23 Under Nagar Nigam Madhubani.
6. Construction of  Drain from Munsi Naseem house to w South Chanda devi House Ward no 23 Under Nagar Nigam Madhubani. 
7. Construction of  Drain from Vishnu house to Tower Ward no 24 Under Nagar Nigam Madhubani.","1. Construction of  Road & Drain from Late Bhim nath mishr house to Main road No. 21 Under Nagar Nigam Madhubani.
2. Construction of  Drain from Rajkumar house to Dr. mahendar singh house Ward no 21 Under Nagar Nigam Madhubani.   
3. Construction of  Road from md. Rahamtullah house to Dilar Baseer house ward No. 22 Under Nagar Nigam Madhubani.
4. Construction of  Road from Md. Anisur Rahman house Via Molvi Late Sannallauha to Mustafa Dafali ward No. 22 Under Nagar Nigam Madhubani.
5. Construction of  Drain from Maszid chaman toli to west main roadWard no 23 Under Nagar Nigam Madhubani.
6. Construction of  Drain from Munsi Naseem house to w South Chanda devi House Ward no 23 Under Nagar Nigam Madhubani. 
7. Construction of  Drain from Vishnu house to Tower Ward no 24 Under Nagar Nigam Madhubani.",4713318.0,INR,INR,2022-07-11 19:45:19+00:00,2022-07-11T18:09:15.647000+00:00,2023-04-08T04:44:44+00:00,"MUNICIPAL COMMISSIONER , NAGAR NIGAM MADHUBANI",MC,NAGAR NIGAM MADHUBANI,"STATE BANK ROAD MADHUBANI, PO+PS MADHUBANI(BIHAR)","MUNICIPAL COMMISSIONER , NAGAR NIGAM MADHUBANI",MC,NAGAR NIGAM MADHUBANI,94500.0,5000.0,590.0
24224,NIT06/NNM/GR08,"1. Construction of  Road & Drain from Umesh pandit house to Parmod ram Ward No. 20 Under Nagar Nigam Madhubani.
2. Construction of  Road & Drain from Satya narayan lal DEO Sir house to Janki  house  Ward No. 20 Under Nagar Nigam Madhubani. 
3. Construction of  Road & Drain with cover from Sitili devi house to Main road  Ward No. 17 Under Nagar Nigam Madhubani.","1. Construction of  Road & Drain from Umesh pandit house to Parmod ram Ward No. 20 Under Nagar Nigam Madhubani.
2. Construction of  Road & Drain from Satya narayan lal DEO Sir house to Janki  house  Ward No. 20 Under Nagar Nigam Madhubani. 
3. Construction of  Road & Drain with cover from Sitili devi house to Main road  Ward No. 17 Under Nagar Nigam Madhubani.",3471105.0,INR,INR,2022-07-11 19:41:21+00:00,2022-07-11T18:08:29.246000+00:00,2023-05-13T03:24:13+00:00,"MUNICIPAL COMMISSIONER , NAGAR NIGAM MADHUBANI",MC,NAGAR NIGAM MADHUBANI,"STATE BANK ROAD MADHUBANI, PO+PS MADHUBANI(BIHAR)","MUNICIPAL COMMISSIONER , NAGAR NIGAM MADHUBANI",MC,NAGAR NIGAM MADHUBANI,69500.0,5000.0,590.0
24214,NPL-NIT-03/2022-23-GR-03,"Hume Pipe Drain from behind of Refferal hospital road to near land of Pankaj Jaiswal , bypass road at Nagar Parishad Lalganj","Hume Pipe Drain from behind of Refferal hospital road to near land of Pankaj Jaiswal , bypass road at Nagar Parishad Lalganj",490299.0,INR,INR,2022-07-11 11:45:25+00:00,2022-07-11T11:38:06.247000+00:00,2022-08-24T09:47:04+00:00,Executive officer,LALGANJ,NAGAR PARISHAD LALGANJ,LALGANJ VAISHALI,Executive Officer LALGANJ,Executive Officer LALGANJ,NAGAR PARISHAD LALGANJ,9900.0,750.0,590.0
24216,19/BCD/MADHUBANI/2022-23,Construction of Boundary wall for Sub registry office and residence Campus at Jaynagar in  Madhubani District.,Construction of Boundary wall for Sub registry office and residence Campus at Jaynagar in  Madhubani District.,6813214.0,INR,INR,2022-07-11 14:53:39+00:00,2022-07-11T14:43:19.683000+00:00,2022-10-11T10:58:53+00:00,EXECUTIVE ENGINEER BUILDING DIVISION MADHUBANI,EXECUTIVE ENGINEER,BUILDING DIVISION MADHUBANI,BUILDING DIVISION MADHUBANI,"Superintending Engineer, BUILDING CIRCLE DARBHANGA",SE,Building Circle Darbhanga,136300.0,10000.0,590.0
24203,NIT-02-2022-23-GR-02,Bank strengthening of amrita minor from R.D. 0.00 to 20.00 EX RD 84.40 (L) of sonbarsa raj distry. Under irrrigation sub division pastpar.,Bank strengthening of amrita minor from R.D. 0.00 to 20.00 EX RD 84.40 (L) of sonbarsa raj distry. Under irrrigation sub division pastpar.,3086513.0,INR,INR,2022-07-11 10:44:03+00:00,2022-07-11T08:57:44.063000+00:00,2022-08-08T08:29:01+00:00,"BIDYA NAND PARSAD,",EXECUTIVE ENGINEER,"IRRIGATION CIRCLE, SAHARSA WRD","IRRIGATION CIRCLE, SAHARSA",SHREEKANT SHUKLA,SE,WATER RESOURCE DEPARTMENT,61800.0,5000.0,590.0
24195,JALKAL/GR01/FERRIC ALUM/BMC/2022,"SUPPLY OF FERRIC ALUM IN WATER WORK, BHAGALPUR MUNICIPAL CORPORATION FOR WATER PURIFICATION WORK.","SUPPLY OF FERRIC ALUM IN WATER WORK, BHAGALPUR MUNICIPAL CORPORATION FOR WATER PURIFICATION WORK.",0.0,INR,INR,2022-07-09 12:03:42+00:00,2022-07-09T11:52:12.612000+00:00,2022-07-28T07:18:02+00:00,"MUNICIPAL COMMISSIONER, BHAGALPUR",MC,BHAGALPUR MUNICIPAL CORPORATION,"SWAMI VIVEKANAND PATH, NEAR GHURAN PEER BABA CHOWK, BHAGALPUR","MUNICIPAL COMMISSIONER, BHAGALPUR","M.C, BHAGALPUR",BHAGALPUR MUNICIPAL CORPORATION,,2500.0,590.0
24232,05/BCD/ARARIA/2022-23 GR-02,Construction of 20 Bedded fimale Warder Barrack at District Jail Araria.,Construction of 20 Bedded fimale Warder Barrack at District Jail Araria.,10930976.0,INR,INR,2022-07-12 08:06:08+00:00,2022-07-12T07:58:38.800000+00:00,2022-12-16T11:53:59+00:00,"Executive Engineer, Araria",EE,Araria Division,"Executive Engineer, Araria Division ,  BUILDING CONSTRUCTION DEPARTMENT, Araria , Bihar","Superintending Engineer, Purnea Circle",SE,Purnea Circle,218700.0,10000.0,3540.0
24238,03/BCD/NALANDA/2022-23,"Construction of  20 BEDDED WARDER BARRACK (FEMALE) Including (Fire Fighting, Furniture & Electrical Work) AT MANDAL KARA BIHARSHARIF NALANDA FOR THE YEAR 2021-22.","Construction of  20 BEDDED WARDER BARRACK (FEMALE) Including (Fire Fighting, Furniture & Electrical Work) AT MANDAL KARA BIHARSHARIF NALANDA FOR THE YEAR 2021-22.",15171590.0,INR,INR,2022-07-13 11:22:10+00:00,2022-07-13T10:55:07.450000+00:00,2022-11-11T11:52:41+00:00,EXECUTIVE ENGINEER NALANDA BUILDING DIVISION BIHARSHARIF,EE,BCD NALANDA BUILDING DIVISION,NALANDA BUILDING DIVISION BIHARSHARIF,SUPERINTENDING ENGINEER PATNA CIRCLE,SE,BCD PATNA CIRCLE,303600.0,10000.0,3540.0
24230,NIT No. 01/2022-23(S.B.D.)/PRD/JP-JEHANABAD,"Construction of Proposed Zila Panchayat Resource Center Building (G + 1) at Jehanabad Block, District Jehanabad, Bihar","Construction of Proposed Zila Panchayat Resource Center Building (G + 1) at Jehanabad Block, District Jehanabad, Bihar",32249135.0,INR,INR,2022-07-12 08:07:15+00:00,2022-07-12T07:26:41.241000+00:00,2022-10-10T11:15:55+00:00,SANJIB KUMAR SINGH,DISTRICT ENGINEER,PANCHAYATI RAJ DEPARTMENT JILA PARISHAD JEHANABAD,JEHANABAD,SANJIB KUMAR SINGH,DISTRICT ENGINEER,PANCHAYATI RAJ DEPARTMENT JILA PARISHAD JEHANABAD,645000.0,10000.0,5900.0
24239,NIT NO. 22/PR/BSPTCL/2022,"Fabrication, Galvanising, Testing and supply of 73.19 MT of tower structures for D/C DA+3m tower (220kV-03 Nos.; 132kV-07 Nos.) and DA+6m tower (220kV-02 Nos.; 132kV- 05 Nos.) including nuts, bolts, step bolts, washers and stubs.","Fabrication, Galvanising, Testing and supply of 73.19 MT of tower structures for D/C DA+3m tower (220kV-03 Nos.; 132kV-07 Nos.) and DA+6m tower (220kV-02 Nos.; 132kV- 05 Nos.) including nuts, bolts, step bolts, washers and stubs.",9740940.0,INR,INR,2022-07-13 11:45:49+00:00,2022-07-13T10:55:24.284000+00:00,2023-07-24T10:27:27+00:00,MADHU PRIYA,ELECTRICAL EXECUTIVE ENGINEER,BSPTCL,VIDYUT BHAWAN PATNA,AMAR KUMAR MISHRA,ESE,BSPTCL,194818.8,11800.0,3540.0
24246,16/BSBCCL/2022-23,CONSTRUCTION OF SPORTS CLUB AND GYMNASIUM IN DIST.AURANGABAD,CONSTRUCTION OF SPORTS CLUB AND GYMNASIUM IN DIST.AURANGABAD,74957906.0,INR,INR,2022-07-15 06:03:35+00:00,2022-07-15T05:33:27.126000+00:00,2022-08-24T10:57:13+00:00,DGM BSBCCL GAYA,DEPUTY GENERAL MANAGER GAYA,BSBCCL SOUTH,"BSBCCL, Hospital Road, Sastri Nagar, Patna 800023",SANTOSH KUMAR,chief general manager,BSBCCL,1500000.0,10000.0,5900.0
24235,NIT NO: 15/CME/PMC/2022,RFP for Selection of Agency for Operation & Maintenance of E-Bill Software for Patna Municipal Corporation.,RFP for Selection of Agency for Operation & Maintenance of E-Bill Software for Patna Municipal Corporation.,0.0,INR,INR,2022-07-13 07:32:04+00:00,2022-07-13T06:50:37.438000+00:00,2023-01-17T07:19:24+00:00,CHIEF MUNICIPAL ENGINEER,CME,"Head Quarter, Patna Municipal Corporation, Patna","Block-C,4th Floor,Mauryalok,Patna",CHIEF MUNICIPAL ENGINEER,CME,"Head Quarter, Patna Municipal Corporation, Patna",100000.0,10000.0,590.0
24240,NIT CL/871/2022/129 DATED 13.07.2022,"Supply, Installation, Commissioning of Real Time Ambient Noise Monitoring Stations and its Operation & Maintenance up-to 05  years from their date of commissioning.","Supply, Installation, Commissioning of Real Time Ambient Noise Monitoring Stations and its Operation & Maintenance up-to 05  years from their date of commissioning.",0.0,INR,INR,2022-07-13 11:33:26+00:00,2022-07-13T11:01:12.670000+00:00,2023-04-18T10:04:11+00:00,NEERAJ NARAYAN,MEMBER SECRETARY,BIHAR STATE POLLUTION CONTROL BOARD,"PARIVESH BHAWAN, PATLIPUTRA INDUSTRIAL AREA, PO-SADAQUAT ASHRAM, PATNA 800010",NEERAJ NARAYAN,MEMBER SECRETARY,BIHAR STATE POLLUTION CONTROL BOARD,130000.0,10000.0,590.0
24253,"13/E/KAN/2022-23, Group No.-01","REPAIR OF BOX DRAIN FROM SINGH CEMENT SHOP TO DURGA 
MAKET IN RAMKIRSHNA NAGAR UNDER WARD 30 PMC PATNA.","REPAIR OF BOX DRAIN FROM SINGH CEMENT SHOP TO DURGA 
MAKET IN RAMKIRSHNA NAGAR UNDER WARD 30 PMC PATNA.",158400.0,INR,INR,2022-07-15 08:13:15+00:00,2022-07-15T07:48:31.463000+00:00,2022-08-01T06:09:30+00:00,"Aashish Prasad, Executive Engineer",EXECUETIVE ENGINEER,"Kankarbagh Division,Patna Municipal Corporation,Patna","Tempo Stand,Kankarbagh,Patna-20","Aashish Prasad,EXECUETIVE ENGINEER",EXECUETIVE ENGINEER,"Kankarbagh Division,Patna Municipal Corporation,Patna",3200.0,500.0,590.0
24255,NIT-03/2022-23/NPR-GR01,"EOI for complete site survey, preparation of detailed Project report (DPR), Project Monitoring for installation of CCTV and complete system with infrastructure across Rajgir Municipal Council.","EOI for complete site survey, preparation of detailed Project report (DPR), Project Monitoring for installation of CCTV and complete system with infrastructure across Rajgir Municipal Council.",0.0,INR,INR,2022-07-15 08:34:19+00:00,2022-07-15T08:16:44.980000+00:00,2022-10-17T05:21:37+00:00,AJEET KUMAR,EO Rajgir,NAGAR PARISHAD RAJGIR,VEERAYTAN ROAD WARD 09 RAJGIR,AJEET KUMAR,EO Rajgir,NAGAR PARISHAD RAJGIR,25000.0,5000.0,590.0
24257,"13/E/KAN/2022-23, Group No.-04","REPAIR OF BOX DRAIN HARISHACHAND NAGAR RAILWAY LINE AATA 
CHAKI UNDER UNDER WARD NO -30 PMC PATNA.","REPAIR OF BOX DRAIN HARISHACHAND NAGAR RAILWAY LINE AATA 
CHAKI UNDER UNDER WARD NO -30 PMC PATNA.",349000.0,INR,INR,2022-07-15 08:44:15+00:00,2022-07-15T08:35:57.421000+00:00,2022-08-08T08:36:37+00:00,"Aashish Prasad, Executive Engineer",EXECUETIVE ENGINEER,"Kankarbagh Division,Patna Municipal Corporation,Patna","Tempo Stand,Kankarbagh,Patna-20","Aashish Prasad,EXECUETIVE ENGINEER",EXECUETIVE ENGINEER,"Kankarbagh Division,Patna Municipal Corporation,Patna",7000.0,750.0,590.0
24258,"13/E/KAN/2022-23, Group No.-05","REPAIR OF BOX DRAIN ON SERVICE ROAD FROM STEEL DUKAN TO 
RAMKRISHNA MORE UNDER WARD .30 PMC PATNA","REPAIR OF BOX DRAIN ON SERVICE ROAD FROM STEEL DUKAN TO 
RAMKRISHNA MORE UNDER WARD .30 PMC PATNA",747700.0,INR,INR,2022-07-15 09:10:52+00:00,2022-07-15T09:03:38.903000+00:00,2022-08-08T08:37:37+00:00,"Aashish Prasad, Executive Engineer",EXECUETIVE ENGINEER,"Kankarbagh Division,Patna Municipal Corporation,Patna","Tempo Stand,Kankarbagh,Patna-20","Aashish Prasad,EXECUETIVE ENGINEER",EXECUETIVE ENGINEER,"Kankarbagh Division,Patna Municipal Corporation,Patna",15000.0,1250.0,590.0
24256,"13/E/KAN/2022-23, Group No.-03","Repair of Box Drain at Sipara Dih To Sipara Under ward No-30 
PMC,Patna.","Repair of Box Drain at Sipara Dih To Sipara Under ward No-30 
PMC,Patna.",347800.0,INR,INR,2022-07-15 08:34:47+00:00,2022-07-15T08:21:24.307000+00:00,2022-08-08T07:47:45+00:00,"Aashish Prasad, Executive Engineer",EXECUETIVE ENGINEER,"Kankarbagh Division,Patna Municipal Corporation,Patna","Tempo Stand,Kankarbagh,Patna-20","Aashish Prasad,EXECUETIVE ENGINEER",EXECUETIVE ENGINEER,"Kankarbagh Division,Patna Municipal Corporation,Patna",7000.0,750.0,590.0
24254,"13/E/KAN/2022-23, Group No.-02","Repair of Box Drain at Different Places in Bhupatipur Under ward No-30 
PMC,Patna.","Repair of Box Drain at Different Places in Bhupatipur Under ward No-30 
PMC,Patna.",348000.0,INR,INR,2022-07-15 08:20:23+00:00,2022-07-15T08:14:58.005000+00:00,2022-08-08T07:45:27+00:00,"Aashish Prasad, Executive Engineer",EXECUETIVE ENGINEER,"Kankarbagh Division,Patna Municipal Corporation,Patna","Tempo Stand,Kankarbagh,Patna-20","Aashish Prasad,EXECUETIVE ENGINEER",EXECUETIVE ENGINEER,"Kankarbagh Division,Patna Municipal Corporation,Patna",7000.0,750.0,590.0
24259,"13/E/KAN/2022-23, Group No.-06","CONSTRUCTION OF REPAIR BOX DRAIN UNDER SERVICE ROAD FROM 
D.P HOTEL TO NAGARNOUSA BHAWAN UNDER WARD NO -30 PMC PATNA.","CONSTRUCTION OF REPAIR BOX DRAIN UNDER SERVICE ROAD FROM 
D.P HOTEL TO NAGARNOUSA BHAWAN UNDER WARD NO -30 PMC PATNA.",748900.0,INR,INR,2022-07-15 09:18:52+00:00,2022-07-15T09:13:43.105000+00:00,2022-08-08T08:38:36+00:00,"Aashish Prasad, Executive Engineer",EXECUETIVE ENGINEER,"Kankarbagh Division,Patna Municipal Corporation,Patna","Tempo Stand,Kankarbagh,Patna-20","Aashish Prasad,EXECUETIVE ENGINEER",EXECUETIVE ENGINEER,"Kankarbagh Division,Patna Municipal Corporation,Patna",15000.0,1250.0,590.0
24234,NIT-08/2022-23/BIHARSHARIF Gr.03,"Construction of  27 Nos. new 125mm X 40mm dia X 61 meter deep/  hand operated T/well and 8 Nos. 125mm DIA X 45 M. DEEP GRAVEL PACKED T/W with India Mark II Hand Pump with Platform, drain and Soakpit in place of Defunct T/W in diffrent block under P.H.Division, Biharsharif for the year 2022-23","Construction of  27 Nos. new 125mm X 40mm dia X 61 meter deep/  hand operated T/well and 8 Nos. 125mm DIA X 45 M. DEEP GRAVEL PACKED T/W with India Mark II Hand Pump with Platform, drain and Soakpit in place of Defunct T/W in diffrent block under P.H.Division, Biharsharif for the year 2022-23",2537130.0,INR,INR,2022-07-13 06:38:48+00:00,2022-07-13T06:16:35.760000+00:00,2022-08-22T10:50:55+00:00,RAMA SHANKAR SINGH,EXECUTIVE ENGINEER,P.H.E.D.,Biharsharif,Superintending Engineer,SE (Manish Anand),"P.H.Circle, Patna",50750.0,5000.0,590.0
24228,NIT NO-06/2022-23/GR-01,"GR NO-01 NAME OF WORK-  Extraction and Taken Back the materials to Divisional Store of  Defunct  IM-II, IM-III & Ordinry tube-wells in different blocks and filling the drilled bore and cleaning the site after extraction of defunct T/Well under  P.H. Division Aurangabad in the  year 2022-23","GR NO-01 NAME OF WORK-  Extraction and Taken Back the materials to Divisional Store of  Defunct  IM-II, IM-III & Ordinry tube-wells in different blocks and filling the drilled bore and cleaning the site after extraction of defunct T/Well under  P.H. Division Aurangabad in the  year 2022-23",717600.0,INR,INR,2022-07-13 06:19:59+00:00,2022-07-12T05:57:51.619000+00:00,2022-08-06T07:04:40+00:00,"EXECUTIVE ENGINEER, AURANGABAD",EE,PH DIVISION AURANGABAD,"PHED COLONY , AURANGABAD","EXECUTIVE ENGINEEER, AURANGABAD",EE,"PH DIVISION, AURANGABAD",14500.0,1250.0,590.0
24241,"NIT CL/870/2022/128, DATED-13.07.2022",Services for Scanning & Digitization of Records/ Documents of Bihar State Pollution Control Board,Services for Scanning & Digitization of Records/ Documents of Bihar State Pollution Control Board,0.0,INR,INR,2022-07-13 12:30:57+00:00,2022-07-13T12:15:10.997000+00:00,2023-03-16T09:34:10+00:00,NEERAJ NARAYAN,MEMBER SECRETARY,BIHAR STATE POLLUTION CONTROL BOARD,"PARIVESH BHAWAN, PATLIPUTRA INDUSTRIAL AREA, PO-SADAQUAT ASHRAM, PATNA 800010",NEERAJ NARAYAN,MEMBER SECRETARY,BIHAR STATE POLLUTION CONTROL BOARD,20000.0,10000.0,590.0
24266,"13/E/KAN/2022-23, Group No.-13","Construction & Repair of Manhole at Sipara Indrpuri Road No-05 Under 
ward No-30 of PMC, Patna","Construction & Repair of Manhole at Sipara Indrpuri Road No-05 Under 
ward No-30 of PMC, Patna",328800.0,INR,INR,2022-07-15 09:57:12+00:00,2022-07-15T09:52:03.148000+00:00,2022-08-08T08:46:42+00:00,"Aashish Prasad, Executive Engineer",EXECUETIVE ENGINEER,"Kankarbagh Division,Patna Municipal Corporation,Patna","Tempo Stand,Kankarbagh,Patna-20","Aashish Prasad,EXECUETIVE ENGINEER",EXECUETIVE ENGINEER,"Kankarbagh Division,Patna Municipal Corporation,Patna",6600.0,750.0,590.0
24263,"13/E/KAN/2022-23, Group No.-11","CONSTRUCTION OF REPAIRING BOX DRAIN AT MAA NURSING FROM 
BUS STAND MAIN ROAD TO RAMANAGAR MAIN ROAD UNDER WARD NO - 30 PMC PATNA","CONSTRUCTION OF REPAIRING BOX DRAIN AT MAA NURSING FROM 
BUS STAND MAIN ROAD TO RAMANAGAR MAIN ROAD UNDER WARD NO - 30 PMC PATNA",348700.0,INR,INR,2022-07-15 09:43:01+00:00,2022-07-15T09:38:49.258000+00:00,2022-08-08T08:44:12+00:00,"Aashish Prasad, Executive Engineer",EXECUETIVE ENGINEER,"Kankarbagh Division,Patna Municipal Corporation,Patna","Tempo Stand,Kankarbagh,Patna-20","Aashish Prasad,EXECUETIVE ENGINEER",EXECUETIVE ENGINEER,"Kankarbagh Division,Patna Municipal Corporation,Patna",7000.0,750.0,590.0
24264,02/2022-23/RCD/RD-BETTIAH/01,"Utility Shifting (Electric Work) of Widening & Strengthening work in Banuchhapar Oil Depot to Chhawani Chowk (Km 0.00 to 2.00) for the year 2022-23 & Supervision by Electric Supply Division, Bettiah. West Champaran (GROUP-01)","Utility Shifting (Electric Work) of Widening & Strengthening work in Banuchhapar Oil Depot to Chhawani Chowk (Km 0.00 to 2.00) for the year 2022-23 & Supervision by Electric Supply Division, Bettiah. West Champaran (GROUP-01)",3762536.0,INR,INR,2022-07-15 10:12:13+00:00,2022-07-15T09:43:49.143000+00:00,2022-07-22T13:57:37+00:00,SAMAL DEO KUMAR,EE,ROAD DIVISION HILSA,ROAD DIVISION HILSA,SAMAL DEO KUMAR,Executive Engineer (Bettiah),ROAD DIVISION BETTIAH,75300.0,5000.0,590.0
24267,"13/E/KAN/2022-23, Group No.-14","Construction of Cross Nala in Two Place near Patna Convent School Under 
ward No-30 of PMC, Patna","Construction of Cross Nala in Two Place near Patna Convent School Under 
ward No-30 of PMC, Patna",616200.0,INR,INR,2022-07-15 10:05:08+00:00,2022-07-15T09:58:28.912000+00:00,2022-08-08T08:47:45+00:00,"Aashish Prasad, Executive Engineer",EXECUETIVE ENGINEER,"Kankarbagh Division,Patna Municipal Corporation,Patna","Tempo Stand,Kankarbagh,Patna-20","Aashish Prasad,EXECUETIVE ENGINEER",EXECUETIVE ENGINEER,"Kankarbagh Division,Patna Municipal Corporation,Patna",12400.0,1250.0,590.0
24262,"13/E/KAN/2022-23, Group No.-10","REPAIR OF BOX DRAIN SITARAM MARKET TO BAZAR IN RAMKRISHAN 
NAGAR UNDER WARD NO - 30 PMC PATNA.","REPAIR OF BOX DRAIN SITARAM MARKET TO BAZAR IN RAMKRISHAN 
NAGAR UNDER WARD NO - 30 PMC PATNA.",734000.0,INR,INR,2022-07-15 09:37:47+00:00,2022-07-15T09:31:55.383000+00:00,2022-08-08T08:42:44+00:00,"Aashish Prasad, Executive Engineer",EXECUETIVE ENGINEER,"Kankarbagh Division,Patna Municipal Corporation,Patna","Tempo Stand,Kankarbagh,Patna-20","Aashish Prasad,EXECUETIVE ENGINEER",EXECUETIVE ENGINEER,"Kankarbagh Division,Patna Municipal Corporation,Patna",15000.0,1250.0,590.0
24260,"13/E/KAN/2022-23, Group No.-07","REPAIR OF BOX DAIN ON SERVICE ROAD FROM DELWA GAO MORE 
TO RAJ KUMAR TIMBER UNDER WARD NO - 30 PMC PATNA.","REPAIR OF BOX DAIN ON SERVICE ROAD FROM DELWA GAO MORE 
TO RAJ KUMAR TIMBER UNDER WARD NO - 30 PMC PATNA.",748000.0,INR,INR,2022-07-15 09:24:23+00:00,2022-07-15T09:19:52.571000+00:00,2022-08-01T08:41:06+00:00,"Aashish Prasad, Executive Engineer",EXECUETIVE ENGINEER,"Kankarbagh Division,Patna Municipal Corporation,Patna","Tempo Stand,Kankarbagh,Patna-20","Aashish Prasad,EXECUETIVE ENGINEER",EXECUETIVE ENGINEER,"Kankarbagh Division,Patna Municipal Corporation,Patna",15000.0,1250.0,590.0
24261,"13/E/KAN/2022-23, Group No.-08","RENOVATION OF WELL IN ROAD NO- 18 SIDE OF SHIV MANDIR 
UNDER WARD NO - 30 PMC PATNA","RENOVATION OF WELL IN ROAD NO- 18 SIDE OF SHIV MANDIR 
UNDER WARD NO - 30 PMC PATNA",743200.0,INR,INR,2022-07-15 09:30:42+00:00,2022-07-15T09:25:26.903000+00:00,2022-07-26T09:31:15+00:00,"Aashish Prasad, Executive Engineer",EXECUETIVE ENGINEER,"Kankarbagh Division,Patna Municipal Corporation,Patna","Tempo Stand,Kankarbagh,Patna-20","Aashish Prasad,EXECUETIVE ENGINEER",EXECUETIVE ENGINEER,"Kankarbagh Division,Patna Municipal Corporation,Patna",14900.0,1250.0,590.0
24268,"13/E/KAN/2022-23, Group No.-15","REPAIR OF ROAD WORK FROM AXIS BANK TO HOUSE OF SRI ARUN 
KUMAR SINHA UNDER WARD NO -32 PMC PATNA.","REPAIR OF ROAD WORK FROM AXIS BANK TO HOUSE OF SRI ARUN 
KUMAR SINHA UNDER WARD NO -32 PMC PATNA.",228424.0,INR,INR,2022-07-15 10:10:27+00:00,2022-07-15T10:06:11.847000+00:00,2023-06-17T08:11:01+00:00,"Aashish Prasad, Executive Engineer",EXECUETIVE ENGINEER,"Kankarbagh Division,Patna Municipal Corporation,Patna","Tempo Stand,Kankarbagh,Patna-20","Aashish Prasad,EXECUETIVE ENGINEER",EXECUETIVE ENGINEER,"Kankarbagh Division,Patna Municipal Corporation,Patna",4600.0,500.0,590.0
24271,"13/E/KAN/2022-23, Group No.-18","REPAIR OF U/G DRAIN FROM F-43 TO F-47 IN EAST INDRA NAGAR 
R0AD NO-05 UNDER WARD NO -33 PMC PATNA.","REPAIR OF U/G DRAIN FROM F-43 TO F-47 IN EAST INDRA NAGAR 
R0AD NO-05 UNDER WARD NO -33 PMC PATNA.",337400.0,INR,INR,2022-07-15 10:27:13+00:00,2022-07-15T10:20:40.353000+00:00,2023-09-18T08:04:42+00:00,"Aashish Prasad, Executive Engineer",EXECUETIVE ENGINEER,"Kankarbagh Division,Patna Municipal Corporation,Patna","Tempo Stand,Kankarbagh,Patna-20","Aashish Prasad,EXECUETIVE ENGINEER",EXECUETIVE ENGINEER,"Kankarbagh Division,Patna Municipal Corporation,Patna",6800.0,750.0,590.0
24270,"13/E/KAN/2022-23, Group No.-17","CONSTRUCTION OF UG DRAIN FROM 90 FT ROAD TO H/O SANTOSH 
PASWAN IN DUSADI PAKARI UNDER WARD NO -33 PMC PATNA.","CONSTRUCTION OF UG DRAIN FROM 90 FT ROAD TO H/O SANTOSH 
PASWAN IN DUSADI PAKARI UNDER WARD NO -33 PMC PATNA.",622095.0,INR,INR,2022-07-15 10:19:41+00:00,2022-07-15T10:15:26.880000+00:00,2023-09-18T07:59:46+00:00,"Aashish Prasad, Executive Engineer",EXECUETIVE ENGINEER,"Kankarbagh Division,Patna Municipal Corporation,Patna","Tempo Stand,Kankarbagh,Patna-20","Aashish Prasad,EXECUETIVE ENGINEER",EXECUETIVE ENGINEER,"Kankarbagh Division,Patna Municipal Corporation,Patna",12500.0,1250.0,590.0
24274,"13/E/KAN/2022-23, Group No.-20","CONSTRUCTION OF U/G DRAIN FROM J- 179 TO J- 187 J SECTOR 
UNDER WARD NO -33 PMC PATNA","CONSTRUCTION OF U/G DRAIN FROM J- 179 TO J- 187 J SECTOR 
UNDER WARD NO -33 PMC PATNA",744798.0,INR,INR,2022-07-15 10:37:23+00:00,2022-07-15T10:33:02.193000+00:00,2022-08-08T08:54:49+00:00,"Aashish Prasad, Executive Engineer",EXECUETIVE ENGINEER,"Kankarbagh Division,Patna Municipal Corporation,Patna","Tempo Stand,Kankarbagh,Patna-20","Aashish Prasad,EXECUETIVE ENGINEER",EXECUETIVE ENGINEER,"Kankarbagh Division,Patna Municipal Corporation,Patna",14900.0,1250.0,590.0
24265,"13/E/KAN/2022-23, Group No.-12","REPAIR OF BOX DRAIN FROM KAMLESH MARKET TO QUALITY SWEETS 
IN RAMKIURSHNA NAGAR UNDER WARD NO -30 PMC PATNA","REPAIR OF BOX DRAIN FROM KAMLESH MARKET TO QUALITY SWEETS 
IN RAMKIURSHNA NAGAR UNDER WARD NO -30 PMC PATNA",732200.0,INR,INR,2022-07-15 09:48:41+00:00,2022-07-15T09:43:58.540000+00:00,2022-08-08T08:45:25+00:00,"Aashish Prasad, Executive Engineer",EXECUETIVE ENGINEER,"Kankarbagh Division,Patna Municipal Corporation,Patna","Tempo Stand,Kankarbagh,Patna-20","Aashish Prasad,EXECUETIVE ENGINEER",EXECUETIVE ENGINEER,"Kankarbagh Division,Patna Municipal Corporation,Patna",15000.0,1250.0,590.0
24272,"13/E/KAN/2022-23, Group No.-19","REPAIR OF U G DRAIN FROM H/O NAGENDRA SINGH TO 
H/O KAILASHPURI THAKUR IN BHABHA COLONY UNDER WARD NO -33 PMC 
PATNA.","REPAIR OF U G DRAIN FROM H/O NAGENDRA SINGH TO 
H/O KAILASHPURI THAKUR IN BHABHA COLONY UNDER WARD NO -33 PMC 
PATNA.",534600.0,INR,INR,2022-07-15 10:32:32+00:00,2022-07-15T10:27:55.245000+00:00,2023-09-18T08:09:17+00:00,"Aashish Prasad, Executive Engineer",EXECUETIVE ENGINEER,"Kankarbagh Division,Patna Municipal Corporation,Patna","Tempo Stand,Kankarbagh,Patna-20","Aashish Prasad,EXECUETIVE ENGINEER",EXECUETIVE ENGINEER,"Kankarbagh Division,Patna Municipal Corporation,Patna",10700.0,1250.0,590.0
24276,"13/E/KAN/2022-23, Group No.-22","Construction of P.C.C Kankarbagh Anchal Parking Zone Under ward No34 of PMC, Patna.","Construction of P.C.C Kankarbagh Anchal Parking Zone Under ward No34 of PMC, Patna.",200900.0,INR,INR,2022-07-15 10:48:22+00:00,2022-07-15T10:42:53.539000+00:00,2022-08-08T08:58:26+00:00,"Aashish Prasad, Executive Engineer",EXECUETIVE ENGINEER,"Kankarbagh Division,Patna Municipal Corporation,Patna","Tempo Stand,Kankarbagh,Patna-20","Aashish Prasad,EXECUETIVE ENGINEER",EXECUETIVE ENGINEER,"Kankarbagh Division,Patna Municipal Corporation,Patna",4100.0,500.0,590.0
24277,"13/E/KAN/2022-23, Group No.-23","CONSTRUCTION OF REPAIRING DRAIN AT KANKARBAGH CIRCLE 
FROM PARKING GATE TO DURGA MANDIR UNDER WARD NO -34 PMC PATNA.","CONSTRUCTION OF REPAIRING DRAIN AT KANKARBAGH CIRCLE 
FROM PARKING GATE TO DURGA MANDIR UNDER WARD NO -34 PMC PATNA.",533200.0,INR,INR,2022-07-15 10:54:09+00:00,2022-07-15T10:48:48.882000+00:00,2022-08-08T08:59:28+00:00,"Aashish Prasad, Executive Engineer",EXECUETIVE ENGINEER,"Kankarbagh Division,Patna Municipal Corporation,Patna","Tempo Stand,Kankarbagh,Patna-20","Aashish Prasad,EXECUETIVE ENGINEER",EXECUETIVE ENGINEER,"Kankarbagh Division,Patna Municipal Corporation,Patna",10700.0,1250.0,590.0
24269,"13/E/KAN/2022-23, Group No.-16","REPAIRING OF ROAD IN PASWAN TOLI LINK ROAD AT 
RAMKRISHNA NAGAR UNDER UNDER WARD NO - 32 PMC PATNA.","REPAIRING OF ROAD IN PASWAN TOLI LINK ROAD AT 
RAMKRISHNA NAGAR UNDER UNDER WARD NO - 32 PMC PATNA.",179400.0,INR,INR,2022-07-15 10:14:56+00:00,2022-07-15T10:11:01.478000+00:00,2023-06-17T09:16:13+00:00,"Aashish Prasad, Executive Engineer",EXECUETIVE ENGINEER,"Kankarbagh Division,Patna Municipal Corporation,Patna","Tempo Stand,Kankarbagh,Patna-20","Aashish Prasad,EXECUETIVE ENGINEER",EXECUETIVE ENGINEER,"Kankarbagh Division,Patna Municipal Corporation,Patna",3600.0,500.0,590.0
24275,"13/E/KAN/2022-23, Group No.-21","CONSTRUCTION OF ESTIMATE FOR REPAIRING OF BOX DRAIN 
KANKARBAGH ANCHAL TO PARKING GATE UNDER WARD NO 34 PMC PATNA.","CONSTRUCTION OF ESTIMATE FOR REPAIRING OF BOX DRAIN 
KANKARBAGH ANCHAL TO PARKING GATE UNDER WARD NO 34 PMC PATNA.",477000.0,INR,INR,2022-07-15 10:42:25+00:00,2022-07-15T10:37:57.428000+00:00,2022-08-08T08:56:28+00:00,"Aashish Prasad, Executive Engineer",EXECUETIVE ENGINEER,"Kankarbagh Division,Patna Municipal Corporation,Patna","Tempo Stand,Kankarbagh,Patna-20","Aashish Prasad,EXECUETIVE ENGINEER",EXECUETIVE ENGINEER,"Kankarbagh Division,Patna Municipal Corporation,Patna",9600.0,750.0,590.0
24282,"13/E/KAN/2022-23, Group No.-28","CONSTRUCTION OF UG DRAIN AND PCC ROAD FROM H/O 
CHANDRAWATI DEVI TO LAXMI NIKETEN IN GANDHI NAGAR UNDER WARD 45 OF PMC 
PATNA.","CONSTRUCTION OF UG DRAIN AND PCC ROAD FROM H/O 
CHANDRAWATI DEVI TO LAXMI NIKETEN IN GANDHI NAGAR UNDER WARD 45 OF PMC 
PATNA.",614938.0,INR,INR,2022-07-15 11:26:56+00:00,2022-07-15T11:22:05.951000+00:00,2022-07-26T09:31:15+00:00,"Aashish Prasad, Executive Engineer",EXECUETIVE ENGINEER,"Kankarbagh Division,Patna Municipal Corporation,Patna","Tempo Stand,Kankarbagh,Patna-20","Aashish Prasad,EXECUETIVE ENGINEER",EXECUETIVE ENGINEER,"Kankarbagh Division,Patna Municipal Corporation,Patna",12300.0,1250.0,590.0
24278,"13/E/KAN/2022-23, Group No.-24","Construction of Approach Road at Different Places From Bypass Nala 
Ford Hospital More Under ward No-44 of PMC, Patna. (Part-02)","Construction of Approach Road at Different Places From Bypass Nala 
Ford Hospital More Under ward No-44 of PMC, Patna. (Part-02)",260800.0,INR,INR,2022-07-15 10:59:18+00:00,2022-07-15T10:54:30.638000+00:00,2022-07-26T09:31:15+00:00,"Aashish Prasad, Executive Engineer",EXECUETIVE ENGINEER,"Kankarbagh Division,Patna Municipal Corporation,Patna","Tempo Stand,Kankarbagh,Patna-20","Aashish Prasad,EXECUETIVE ENGINEER",EXECUETIVE ENGINEER,"Kankarbagh Division,Patna Municipal Corporation,Patna",5300.0,750.0,590.0
24284,"13/E/KAN/2022-23, Group No.-30","CONSTRUCTION OF UG DRAIN AND P.C.C ROAD FROM SHIV MANDIR TO 
H/O RAMADHIN SHARMA IN CHITTRANGUPTA NAGAR UNDER WARD 45 OF PMC PATNA.","CONSTRUCTION OF UG DRAIN AND P.C.C ROAD FROM SHIV MANDIR TO 
H/O RAMADHIN SHARMA IN CHITTRANGUPTA NAGAR UNDER WARD 45 OF PMC PATNA.",730034.0,INR,INR,2022-07-15 11:36:50+00:00,2022-07-15T11:32:07.052000+00:00,2022-07-26T09:31:15+00:00,"Aashish Prasad, Executive Engineer",EXECUETIVE ENGINEER,"Kankarbagh Division,Patna Municipal Corporation,Patna","Tempo Stand,Kankarbagh,Patna-20","Aashish Prasad,EXECUETIVE ENGINEER",EXECUETIVE ENGINEER,"Kankarbagh Division,Patna Municipal Corporation,Patna",14600.0,1250.0,590.0
24279,"13/E/KAN/2022-23, Group No.-25","REPAIRING OF DRAIN FROM MIG -238 TO MIG 239 IN WARD.44 
PMC PATNA.","REPAIRING OF DRAIN FROM MIG -238 TO MIG 239 IN WARD.44 
PMC PATNA.",114200.0,INR,INR,2022-07-15 11:12:09+00:00,2022-07-15T11:08:03.911000+00:00,2023-05-07T07:08:08+00:00,"Aashish Prasad, Executive Engineer",EXECUETIVE ENGINEER,"Kankarbagh Division,Patna Municipal Corporation,Patna","Tempo Stand,Kankarbagh,Patna-20","Aashish Prasad,EXECUETIVE ENGINEER",EXECUETIVE ENGINEER,"Kankarbagh Division,Patna Municipal Corporation,Patna",2900.0,500.0,590.0
24283,"13/E/KAN/2022-23, Group No.-29","CONSTRUCTION OF UG DRAN AND PCC ROAD NEAR DENTAL 
COLLEGE GANDHI NAGAR UNDER WARD 45 OF PMC PATNA.","CONSTRUCTION OF UG DRAN AND PCC ROAD NEAR DENTAL 
COLLEGE GANDHI NAGAR UNDER WARD 45 OF PMC PATNA.",718688.0,INR,INR,2022-07-15 11:31:37+00:00,2022-07-15T11:27:45.819000+00:00,2022-07-26T09:31:15+00:00,"Aashish Prasad, Executive Engineer",EXECUETIVE ENGINEER,"Kankarbagh Division,Patna Municipal Corporation,Patna","Tempo Stand,Kankarbagh,Patna-20","Aashish Prasad,EXECUETIVE ENGINEER",EXECUETIVE ENGINEER,"Kankarbagh Division,Patna Municipal Corporation,Patna",14400.0,1250.0,590.0
24281,"13/E/KAN/2022-23, Group No.-27","CONSTRUCTION OF U/G DRAIN CONNECT TO BOX CHAMBER WORK 
FROM HANUMAN NAGAR SBI ATM SWAD REST AND SUDHA BUTH UNDER WARD NO -44","CONSTRUCTION OF U/G DRAIN CONNECT TO BOX CHAMBER WORK 
FROM HANUMAN NAGAR SBI ATM SWAD REST AND SUDHA BUTH UNDER WARD NO -44",315500.0,INR,INR,2022-07-15 11:21:40+00:00,2022-07-15T11:17:22.467000+00:00,2022-12-26T11:59:05+00:00,"Aashish Prasad, Executive Engineer",EXECUETIVE ENGINEER,"Kankarbagh Division,Patna Municipal Corporation,Patna","Tempo Stand,Kankarbagh,Patna-20","Aashish Prasad,EXECUETIVE ENGINEER",EXECUETIVE ENGINEER,"Kankarbagh Division,Patna Municipal Corporation,Patna",6400.0,750.0,590.0
24286,"13/E/KAN/2022-23, Group No.-32","CONSTRUCTION OF UG DRAIN AND PCC ROAD FROM H/O SAVITA 
SADAN TO H/O LATE. SAHDEV BABU UNDER WARD 45 PMC PATNA.","CONSTRUCTION OF UG DRAIN AND PCC ROAD FROM H/O SAVITA 
SADAN TO H/O LATE. SAHDEV BABU UNDER WARD 45 PMC PATNA.",667081.0,INR,INR,2022-07-15 11:56:03+00:00,2022-07-15T11:51:00.633000+00:00,2022-11-22T10:10:15+00:00,"Aashish Prasad, Executive Engineer",EXECUETIVE ENGINEER,"Kankarbagh Division,Patna Municipal Corporation,Patna","Tempo Stand,Kankarbagh,Patna-20","Aashish Prasad,EXECUETIVE ENGINEER",EXECUETIVE ENGINEER,"Kankarbagh Division,Patna Municipal Corporation,Patna",13400.0,1250.0,590.0
24293,NIT004/ 2022 -2023,RECONSTRUCTION OF AQUADUCT CUM SLR BRIDGE AT CHAIN NO. 124   (RD- 12.40) OF CHANDAN HIGH LEVEL MAIN CANAL.,RECONSTRUCTION OF AQUADUCT CUM SLR BRIDGE AT CHAIN NO. 124   (RD- 12.40) OF CHANDAN HIGH LEVEL MAIN CANAL.,56200349.0,INR,INR,2022-07-16 02:06:45+00:00,2022-07-16T02:01:27.844000+00:00,2022-07-25T10:47:57+00:00,ACHYUTANAND SINGH,EE,Water Resource Department,IRRIGATION DIV.BAUNSI,SATYENDRA KUMAR,SE,WATER RESORCE DEPARTMENT,1125000.0,10000.0,5900.0
24288,AL/265/2021-sec-3 (AMRUT)- 0003595,Tender for Appointment of Project Development and Management Consultant (PDMC) for Implementation of AMRUT 2.0 in State of Bihar,Tender for Appointment of Project Development and Management Consultant (PDMC) for Implementation of AMRUT 2.0 in State of Bihar,0.0,INR,INR,2022-07-15 12:46:13+00:00,2022-07-15T12:38:50.208000+00:00,2022-12-07T05:17:45+00:00,HARI SHANKER SINGH,SENIOR ARCHITECT,UD&HD HQ PATNA,"1st Floor ,Vikas Bhawan, New Secretariat,Patna?800015",HARI SHANKER SINGH,SENIOR ARCHITECT,UD&HD HQ PATNA,5000000.0,10000.0,590.0
24297,"13/E/KAN/2022-23, Group No.-36","REPAIR OF DAMAGE DRAINAGE BHAGWAT NAGAR NEAR SBI UNDER 
WARD 55 OF PMC PATNA","REPAIR OF DAMAGE DRAINAGE BHAGWAT NAGAR NEAR SBI UNDER 
WARD 55 OF PMC PATNA",189707.0,INR,INR,2022-07-16 06:24:00+00:00,2022-07-16T06:19:58.777000+00:00,2023-02-03T08:42:55+00:00,"Aashish Prasad, Executive Engineer",EXECUETIVE ENGINEER,"Kankarbagh Division,Patna Municipal Corporation,Patna","Tempo Stand,Kankarbagh,Patna-20","Aashish Prasad,EXECUETIVE ENGINEER",EXECUETIVE ENGINEER,"Kankarbagh Division,Patna Municipal Corporation,Patna",3800.0,500.0,590.0
24294,"13/E/KAN/2022-23, Group No.-33","REPAIR OR MANHOLE AT DIFFERENT PLACES Under ward No-31 of 
PMC, Patna.","REPAIR OR MANHOLE AT DIFFERENT PLACES Under ward No-31 of 
PMC, Patna.",742592.0,INR,INR,2022-07-16 06:08:03+00:00,2022-07-16T05:56:06.604000+00:00,2022-11-15T06:37:43+00:00,"Aashish Prasad, Executive Engineer",EXECUETIVE ENGINEER,"Kankarbagh Division,Patna Municipal Corporation,Patna","Tempo Stand,Kankarbagh,Patna-20","Aashish Prasad,EXECUETIVE ENGINEER",EXECUETIVE ENGINEER,"Kankarbagh Division,Patna Municipal Corporation,Patna",14900.0,1250.0,590.0
24295,"13/E/KAN/2022-23, Group No.-34","CONSTRUCTION OF UG DRAIN AND P.C.C ROAD FROM H/O SONU JI 
H/O JAGDISH JI IN CHITTRAGUPTA NAGAR UNDER WARD 45 OF PMC PATNA","CONSTRUCTION OF UG DRAIN AND P.C.C ROAD FROM H/O SONU JI 
H/O JAGDISH JI IN CHITTRAGUPTA NAGAR UNDER WARD 45 OF PMC PATNA",748437.0,INR,INR,2022-07-16 06:13:48+00:00,2022-07-16T06:08:43.946000+00:00,2022-11-22T10:16:04+00:00,"Aashish Prasad, Executive Engineer",EXECUETIVE ENGINEER,"Kankarbagh Division,Patna Municipal Corporation,Patna","Tempo Stand,Kankarbagh,Patna-20","Aashish Prasad,EXECUETIVE ENGINEER",EXECUETIVE ENGINEER,"Kankarbagh Division,Patna Municipal Corporation,Patna",15000.0,1250.0,590.0
24289,MUNGER-02/2022-23,"14th finance under water supply head from Agency/contractor/supplier/ service provider/ seller, for submersible boring repairing work under Nagar Nigam, Munger from ward no. 1 to 45 including all necessary materials including all taxes.","14th finance under water supply head from Agency/contractor/supplier/ service provider/ seller, for submersible boring repairing work under Nagar Nigam, Munger from ward no. 1 to 45 including all necessary materials including all taxes.",0.0,INR,INR,2022-07-15 12:51:52+00:00,2022-07-15T12:49:49.231000+00:00,2022-08-09T14:29:12+00:00,MUNCIPAL COMMISSIONER MUNGER,MC,NAGAR NIGAM MUNGER,NAGAR NIGAM TOWN HALL ROAD MUNGER,SHIVAKSHI DIXIT IAS,MC MUNGER,MUNCIPAL CORPORATION MUNGER,50000.0,5000.0,590.0
24298,"13/E/KAN/2022-23, Group No.-37","REPAIR OF DAMAGE DRAINAGE FROM SRISTI VIHAR COLONY TO 
MAIN ROAD UNDER WARD NO 55 PMC PATNA.","REPAIR OF DAMAGE DRAINAGE FROM SRISTI VIHAR COLONY TO 
MAIN ROAD UNDER WARD NO 55 PMC PATNA.",471745.0,INR,INR,2022-07-16 06:28:40+00:00,2022-07-16T06:24:22.067000+00:00,2023-02-03T08:47:37+00:00,"Aashish Prasad, Executive Engineer",EXECUETIVE ENGINEER,"Kankarbagh Division,Patna Municipal Corporation,Patna","Tempo Stand,Kankarbagh,Patna-20","Aashish Prasad,EXECUETIVE ENGINEER",EXECUETIVE ENGINEER,"Kankarbagh Division,Patna Municipal Corporation,Patna",9500.0,750.0,590.0
24280,"13/E/KAN/2022-23, Group No.-26","REPAIRING OF DRAIN FROM JALESHWAR TEMPLE NORTH SIDE IN 
WARD 44 PMC PATNA.","REPAIRING OF DRAIN FROM JALESHWAR TEMPLE NORTH SIDE IN 
WARD 44 PMC PATNA.",747600.0,INR,INR,2022-07-15 11:16:46+00:00,2022-07-15T11:12:55.584000+00:00,2023-05-07T07:13:07+00:00,"Aashish Prasad, Executive Engineer",EXECUETIVE ENGINEER,"Kankarbagh Division,Patna Municipal Corporation,Patna","Tempo Stand,Kankarbagh,Patna-20","Aashish Prasad,EXECUETIVE ENGINEER",EXECUETIVE ENGINEER,"Kankarbagh Division,Patna Municipal Corporation,Patna",15000.0,1250.0,590.0
24285,"13/E/KAN/2022-23, Group No.-31","CONSTRUCTION OF UG DRAIN AND PCC ROAD NEAR DENTAL 
COLLEGE KANTI FECTORY ROAD H/O CHANDRAWATI DEVI TO H/O SUNIL SADAN WARD 45 
OF PMC PATNA.","CONSTRUCTION OF UG DRAIN AND PCC ROAD NEAR DENTAL 
COLLEGE KANTI FECTORY ROAD H/O CHANDRAWATI DEVI TO H/O SUNIL SADAN WARD 45 
OF PMC PATNA.",710357.0,INR,INR,2022-07-15 11:50:17+00:00,2022-07-15T11:45:51.870000+00:00,2022-07-26T09:31:15+00:00,"Aashish Prasad, Executive Engineer",EXECUETIVE ENGINEER,"Kankarbagh Division,Patna Municipal Corporation,Patna","Tempo Stand,Kankarbagh,Patna-20","Aashish Prasad,EXECUETIVE ENGINEER",EXECUETIVE ENGINEER,"Kankarbagh Division,Patna Municipal Corporation,Patna",12300.0,1250.0,590.0
24296,"13/E/KAN/2022-23, Group No.-35","CONSTRUCTION OF UG DRAIN AND PCC ROAD FROM HOUSE OF 
BAHADUR TO H/O BINOD JI IN CHITRAGUPTA NAGAR UNDER WARD 45 OF PMC PATNA","CONSTRUCTION OF UG DRAIN AND PCC ROAD FROM HOUSE OF 
BAHADUR TO H/O BINOD JI IN CHITRAGUPTA NAGAR UNDER WARD 45 OF PMC PATNA",682379.0,INR,INR,2022-07-16 06:18:53+00:00,2022-07-16T06:14:11.386000+00:00,2022-11-22T10:03:44+00:00,"Aashish Prasad, Executive Engineer",EXECUETIVE ENGINEER,"Kankarbagh Division,Patna Municipal Corporation,Patna","Tempo Stand,Kankarbagh,Patna-20","Aashish Prasad,EXECUETIVE ENGINEER",EXECUETIVE ENGINEER,"Kankarbagh Division,Patna Municipal Corporation,Patna",13700.0,1250.0,590.0
24299,"13/E/KAN/2022-23, Group No.-38","REPAIR OF DAMAGE DRAINAGE FROM PRIYADARSHI NAGAR ROAD 
NO 02 NEAR DULAR APPT TO MAIN ROAD UNDER EAD NO 55 PMC PATNA.","REPAIR OF DAMAGE DRAINAGE FROM PRIYADARSHI NAGAR ROAD 
NO 02 NEAR DULAR APPT TO MAIN ROAD UNDER EAD NO 55 PMC PATNA.",424720.0,INR,INR,2022-07-16 06:33:21+00:00,2022-07-16T06:29:03.181000+00:00,2023-02-03T08:53:15+00:00,"Aashish Prasad, Executive Engineer",EXECUETIVE ENGINEER,"Kankarbagh Division,Patna Municipal Corporation,Patna","Tempo Stand,Kankarbagh,Patna-20","Aashish Prasad,EXECUETIVE ENGINEER",EXECUETIVE ENGINEER,"Kankarbagh Division,Patna Municipal Corporation,Patna",8500.0,750.0,590.0
24301,"13/E/KAN/2022-23, Group No.-40","REPAIR OF DAMAGE DRAINAGE FOM TAPOWAN SCHOOL NEAR RAJ 
COMMUNITY HALL TO MAIN ROAD UNDER WARD 55 PMC PATNA.","REPAIR OF DAMAGE DRAINAGE FOM TAPOWAN SCHOOL NEAR RAJ 
COMMUNITY HALL TO MAIN ROAD UNDER WARD 55 PMC PATNA.",287363.0,INR,INR,2022-07-16 06:42:42+00:00,2022-07-16T06:39:07.978000+00:00,2023-02-03T09:15:40+00:00,"Aashish Prasad, Executive Engineer",EXECUETIVE ENGINEER,"Kankarbagh Division,Patna Municipal Corporation,Patna","Tempo Stand,Kankarbagh,Patna-20","Aashish Prasad,EXECUETIVE ENGINEER",EXECUETIVE ENGINEER,"Kankarbagh Division,Patna Municipal Corporation,Patna",5800.0,750.0,590.0
24300,"13/E/KAN/2022-23, Group No.-39","Repair U/G Drainage and Mainhole at Bindhayavashani Nagar UNDER 
WARD NO-55 of pmc, Patna","Repair U/G Drainage and Mainhole at Bindhayavashani Nagar UNDER 
WARD NO-55 of pmc, Patna",285691.0,INR,INR,2022-07-16 06:38:14+00:00,2022-07-16T06:34:12.395000+00:00,2023-02-03T09:20:27+00:00,"Aashish Prasad, Executive Engineer",EXECUETIVE ENGINEER,"Kankarbagh Division,Patna Municipal Corporation,Patna","Tempo Stand,Kankarbagh,Patna-20","Aashish Prasad,EXECUETIVE ENGINEER",EXECUETIVE ENGINEER,"Kankarbagh Division,Patna Municipal Corporation,Patna",5800.0,750.0,590.0
24303,"13/E/KAN/2022-23, Group No.-41","CONSTRUCTION OF UNDERGROUND DRAIN & PCC ROAD H/O 
CHHOTE MANJHI TO H/O KUNDAN MANJHI UNDER WARD 55 PMC PATNA.","CONSTRUCTION OF UNDERGROUND DRAIN & PCC ROAD H/O 
CHHOTE MANJHI TO H/O KUNDAN MANJHI UNDER WARD 55 PMC PATNA.",221700.0,INR,INR,2022-07-16 06:49:12+00:00,2022-07-16T06:45:32.245000+00:00,2023-02-15T09:39:16+00:00,"Aashish Prasad, Executive Engineer",EXECUETIVE ENGINEER,"Kankarbagh Division,Patna Municipal Corporation,Patna","Tempo Stand,Kankarbagh,Patna-20","Aashish Prasad,EXECUETIVE ENGINEER",EXECUETIVE ENGINEER,"Kankarbagh Division,Patna Municipal Corporation,Patna",4500.0,500.0,590.0
24304,"13/E/KAN/2022-23, Group No.-42","CONSTRUCTION OF U/G DRAIN & PCC ROAD FROM H/O CHUNNU 
MANJHI TO H/O DWARKA MANJHI UNDER WARD 55 PMC PATNA.","CONSTRUCTION OF U/G DRAIN & PCC ROAD FROM H/O CHUNNU 
MANJHI TO H/O DWARKA MANJHI UNDER WARD 55 PMC PATNA.",185900.0,INR,INR,2022-07-16 06:53:03+00:00,2022-07-16T06:49:31.383000+00:00,2023-02-15T09:43:55+00:00,"Aashish Prasad, Executive Engineer",EXECUETIVE ENGINEER,"Kankarbagh Division,Patna Municipal Corporation,Patna","Tempo Stand,Kankarbagh,Patna-20","Aashish Prasad,EXECUETIVE ENGINEER",EXECUETIVE ENGINEER,"Kankarbagh Division,Patna Municipal Corporation,Patna",3800.0,500.0,590.0
24307,"13/E/KAN/2022-23, Group No.-45","CONSTRUCTION OF APPROCH LANE ( LOHA PULIYA) NEAR PUNJAB 
NATIONAL BANK BIGRAGPUR NEAR NH-30 UNDER WARD NO 30","CONSTRUCTION OF APPROCH LANE ( LOHA PULIYA) NEAR PUNJAB 
NATIONAL BANK BIGRAGPUR NEAR NH-30 UNDER WARD NO 30",565800.0,INR,INR,2022-07-16 07:14:24+00:00,2022-07-16T07:09:01.624000+00:00,2022-08-01T08:43:10+00:00,"Aashish Prasad, Executive Engineer",EXECUETIVE ENGINEER,"Kankarbagh Division,Patna Municipal Corporation,Patna","Tempo Stand,Kankarbagh,Patna-20","Aashish Prasad,EXECUETIVE ENGINEER",EXECUETIVE ENGINEER,"Kankarbagh Division,Patna Municipal Corporation,Patna",11400.0,1250.0,590.0
24310,NIT NO- 14-PATLIPUTRA/2021-22/Gr-01,repair of Damaged Brick Wall Drain With Rcc Cover From Rajapur Pul In Gate No-37 In Ward-22,repair of Damaged Brick Wall Drain With Rcc Cover From Rajapur Pul In Gate No-37 In Ward-22,4123700.0,INR,INR,2022-07-16 09:01:31+00:00,2022-07-16T08:35:32.224000+00:00,2022-12-01T09:02:03+00:00,"Aashish Prasad, Executive Engineer",EE,Patliputra Division,Sahdev Matho Marg sk puri park patna,"Aashish Prasad,EXECUETIVE ENGINEER",EE,Patliputra Division,82500.0,5000.0,590.0
24312,NIT NO- 14-PATLIPUTRA/2021-22/Gr-02,Construction of U/G Drain Y Laying Of Paver Block From sima Kumari house To Pappu Ji House In ward-02,Construction of U/G Drain Y Laying Of Paver Block From sima Kumari house To Pappu Ji House In ward-02,1051900.0,INR,INR,2022-07-16 09:10:12+00:00,2022-07-16T09:02:42.663000+00:00,2023-02-08T06:22:50+00:00,"Aashish Prasad, Executive Engineer",EE,Patliputra Division,Sahdev Matho Marg sk puri park patna,"Aashish Prasad,EXECUETIVE ENGINEER",EE,Patliputra Division,21100.0,2500.0,590.0
24306,"13/E/KAN/2022-23, Group No.-44","CONSTRUCTION OF UNDER GROUND DRAIN INFRONT OF BANK OF 
INDIA LANE IN RAMKRISHNA NAGAR UNDER WARD 30 PMC PATNA.","CONSTRUCTION OF UNDER GROUND DRAIN INFRONT OF BANK OF 
INDIA LANE IN RAMKRISHNA NAGAR UNDER WARD 30 PMC PATNA.",130200.0,INR,INR,2022-07-16 07:08:34+00:00,2022-07-16T07:04:45.351000+00:00,2022-08-08T09:19:48+00:00,"Aashish Prasad, Executive Engineer",EXECUETIVE ENGINEER,"Kankarbagh Division,Patna Municipal Corporation,Patna","Tempo Stand,Kankarbagh,Patna-20","Aashish Prasad,EXECUETIVE ENGINEER",EXECUETIVE ENGINEER,"Kankarbagh Division,Patna Municipal Corporation,Patna",2700.0,500.0,590.0
24308,"13/E/KAN/2022-23, Group No.-46","CONSTRUCTION OF PCC ROAD AROUND THE VENDING ZONE FISH 
MARKET NEAR THE KANKARBAGH ANCHAL UNDER WARD NO-34 OF PMC PATNA.","CONSTRUCTION OF PCC ROAD AROUND THE VENDING ZONE FISH 
MARKET NEAR THE KANKARBAGH ANCHAL UNDER WARD NO-34 OF PMC PATNA.",616200.0,INR,INR,2022-07-16 07:20:23+00:00,2022-07-16T07:14:50.834000+00:00,2022-08-08T09:21:53+00:00,"Aashish Prasad, Executive Engineer",EXECUETIVE ENGINEER,"Kankarbagh Division,Patna Municipal Corporation,Patna","Tempo Stand,Kankarbagh,Patna-20","Aashish Prasad,EXECUETIVE ENGINEER",EXECUETIVE ENGINEER,"Kankarbagh Division,Patna Municipal Corporation,Patna",12400.0,1250.0,590.0
24309,"13/E/KAN/2022-23, Group No.-47","CONSTRUCTION OF UNDERGROUND DRAIN AT AROUND THE 
VENDING ZONE FISH MARKET NEAR KANKARBAGH ANCHAL UNDER WARD 34 PMC PATNA.","CONSTRUCTION OF UNDERGROUND DRAIN AT AROUND THE 
VENDING ZONE FISH MARKET NEAR KANKARBAGH ANCHAL UNDER WARD 34 PMC PATNA.",748600.0,INR,INR,2022-07-16 07:24:40+00:00,2022-07-16T07:20:48.265000+00:00,2022-08-08T09:22:50+00:00,"Aashish Prasad, Executive Engineer",EXECUETIVE ENGINEER,"Kankarbagh Division,Patna Municipal Corporation,Patna","Tempo Stand,Kankarbagh,Patna-20","Aashish Prasad,EXECUETIVE ENGINEER",EXECUETIVE ENGINEER,"Kankarbagh Division,Patna Municipal Corporation,Patna",15000.0,1250.0,590.0
24314,NIT NO- 14-PATLIPUTRA/2021-22/Gr-04,Construction of PCC Road and U/G drain Tilak Nagar from near of Ganpati Residency to Menika Garden Marriage Hall  in ward no-02,Construction of PCC Road and U/G drain Tilak Nagar from near of Ganpati Residency to Menika Garden Marriage Hall  in ward no-02,4242600.0,INR,INR,2022-07-16 09:26:44+00:00,2022-07-16T09:19:45.533000+00:00,2022-12-01T08:55:33+00:00,"Aashish Prasad, Executive Engineer",EE,Patliputra Division,Sahdev Matho Marg sk puri park patna,"Aashish Prasad,EXECUETIVE ENGINEER",EE,Patliputra Division,84900.0,5000.0,590.0
24316,NIT NO- 14-PATLIPUTRA/2021-22/Gr-06,Construction of PCC Road and U/G drain form Mansi Girls hostel to Ram Pukar Yadav house in ward no-23,Construction of PCC Road and U/G drain form Mansi Girls hostel to Ram Pukar Yadav house in ward no-23,454600.0,INR,INR,2022-07-16 09:40:38+00:00,2022-07-16T09:35:30.399000+00:00,2022-08-08T12:58:33+00:00,"Aashish Prasad, Executive Engineer",EE,Patliputra Division,Sahdev Matho Marg sk puri park patna,"Aashish Prasad,EXECUETIVE ENGINEER",EE,Patliputra Division,9100.0,750.0,590.0
24320,NIT NO- 14-PATLIPUTRA/2021-22/Gr-09,Construction of PCC Road and U/G drain in Anandpuri Ratan Sinha house  to Nisha Sharma  house in  ward no-23,Construction of PCC Road and U/G drain in Anandpuri Ratan Sinha house  to Nisha Sharma  house in  ward no-23,408500.0,INR,INR,2022-07-16 09:58:47+00:00,2022-07-16T09:53:55.454000+00:00,2022-08-08T13:01:40+00:00,"Aashish Prasad, Executive Engineer",EE,Patliputra Division,Sahdev Matho Marg sk puri park patna,"Aashish Prasad,EXECUETIVE ENGINEER",EE,Patliputra Division,8200.0,750.0,590.0
24318,NIT NO- 14-PATLIPUTRA/2021-22/Gr-07,Construction of PCC Road and  U/G drain in Monteshr Gali from Rampukar Yadav house in Hari Niwas in ward no-23,Construction of PCC Road and  U/G drain in Monteshr Gali from Rampukar Yadav house in Hari Niwas in ward no-23,313400.0,INR,INR,2022-07-16 09:46:26+00:00,2022-07-16T09:41:23.536000+00:00,2022-08-08T12:59:38+00:00,"Aashish Prasad, Executive Engineer",EE,Patliputra Division,Sahdev Matho Marg sk puri park patna,"Aashish Prasad,EXECUETIVE ENGINEER",EE,Patliputra Division,6300.0,750.0,590.0
24321,02/2022-23/NKCD-AMBA/WRD/02,"CONSTRUCTION OF ARTI FIELD CHANNEL AT EXISTING R.D. 14.00 ( R) OF BASDIHA DISTRIBUTORY OF VILLAGE ARTI UNDER THE SCHEME    ""HAR KHET TAK SINCHAI KA PANI"" UNDER NORTH KOEL CANAL DIVISION, AMBA (GROUP-02)","CONSTRUCTION OF ARTI FIELD CHANNEL AT EXISTING R.D. 14.00 ( R) OF BASDIHA DISTRIBUTORY OF VILLAGE ARTI UNDER THE SCHEME    ""HAR KHET TAK SINCHAI KA PANI"" UNDER NORTH KOEL CANAL DIVISION, AMBA (GROUP-02)",2884546.0,INR,INR,2022-07-16 11:05:32+00:00,2022-07-16T09:54:13.209000+00:00,2022-11-14T05:07:44+00:00,ER. ATULESH KUMAR,Executive Engineer,WATER RESOURCES DEPARTMENT,"NORTH KOEL CANAL DIVISION, AMBA",SANJEEV KUMAR,SE,WATER RESOURCES DEPARTMENT,57700.0,5000.0,590.0
24315,NIT NO- 14-PATLIPUTRA/2021-22/Gr-05,"Construction of Manhole and catch Pit Cover Slab Size 4'0""x1'0"" for Reserve Quantity in rainy Season for Mansoon 2022","Construction of Manhole and catch Pit Cover Slab Size 4'0""x1'0"" for Reserve Quantity in rainy Season for Mansoon 2022",748000.0,INR,INR,2022-07-16 09:34:50+00:00,2022-07-16T09:27:22.477000+00:00,2023-07-21T11:58:08+00:00,"Aashish Prasad, Executive Engineer",EE,Patliputra Division,Sahdev Matho Marg sk puri park patna,"Aashish Prasad,EXECUETIVE ENGINEER",EE,Patliputra Division,15000.0,1250.0,590.0
24323,02/2022-23/NKCD-AMBA/WRD/04,"CONSTRUCTION OF POKHRAHI FIELD CHANNEL AT EXISTING R.D. 8.00( R) OF BASDIHA DISTRIBUTORY FOR VILLAGE POKHRAHI UNDER THE SCHEME ""HAR KET TAK SINCHAI KA PANI"" UNDER NORTH KOEL CANAL DIVISION, AMBA  (GROUP-04)","CONSTRUCTION OF POKHRAHI FIELD CHANNEL AT EXISTING R.D. 8.00( R) OF BASDIHA DISTRIBUTORY FOR VILLAGE POKHRAHI UNDER THE SCHEME ""HAR KET TAK SINCHAI KA PANI"" UNDER NORTH KOEL CANAL DIVISION, AMBA  (GROUP-04)",2884546.0,INR,INR,2022-07-16 11:18:41+00:00,2022-07-16T10:01:34.692000+00:00,2025-09-25T06:52:15+00:00,ER. ATULESH KUMAR,Executive Engineer,WATER RESOURCES DEPARTMENT,"NORTH KOEL CANAL DIVISION, AMBA",SANJEEV KUMAR,SE,WATER RESOURCES DEPARTMENT,57700.0,5000.0,590.0
24317,02/2022-23/NKCD-AMBA/WRD/01,"CONSTRUCTION OF CHAKUA FIELD CHANNEL AT EXISTING R.D. 15.00 (L) OF GAMHARIA MINOR FOR VILLAGE CHAKUA UNDER THE SCHEME  ""HAR KHET TAK SINCHAI KA PANI"" UNDER NORTH KOEL CANAL DIVISION, AMBA (GROUP-01)","CONSTRUCTION OF CHAKUA FIELD CHANNEL AT EXISTING R.D. 15.00 (L) OF GAMHARIA MINOR FOR VILLAGE CHAKUA UNDER THE SCHEME  ""HAR KHET TAK SINCHAI KA PANI"" UNDER NORTH KOEL CANAL DIVISION, AMBA (GROUP-01)",2884546.0,INR,INR,2022-07-16 11:04:12+00:00,2022-07-16T09:40:00.922000+00:00,2022-11-22T12:07:33+00:00,ER. ATULESH KUMAR,Executive Engineer,WATER RESOURCES DEPARTMENT,"NORTH KOEL CANAL DIVISION, AMBA",SANJEEV KUMAR,SE,WATER RESOURCES DEPARTMENT,57700.0,5000.0,590.0
24326,02/2022-23/NKCD-AMBA/WRD/07,"CONSTRUCTION OF SUHI FIELD CHANNEL AT EXISTING R.D. 8.00 (L) OF MAHUARY SUB DISTRIBUTORY FOR VILLAGE SUHI  UNDER THE SCHEME   ""HAR KHET TAK SINCHAI KA PANI"" UNDER NORTH KOEL CANAL DIVISION, AMBA  (GROUP-07)","CONSTRUCTION OF SUHI FIELD CHANNEL AT EXISTING R.D. 8.00 (L) OF MAHUARY SUB DISTRIBUTORY FOR VILLAGE SUHI  UNDER THE SCHEME   ""HAR KHET TAK SINCHAI KA PANI"" UNDER NORTH KOEL CANAL DIVISION, AMBA  (GROUP-07)",2884546.0,INR,INR,2022-07-16 11:22:38+00:00,2022-07-16T10:13:26.874000+00:00,2022-11-16T11:21:51+00:00,ER. ATULESH KUMAR,Executive Engineer,WATER RESOURCES DEPARTMENT,"NORTH KOEL CANAL DIVISION, AMBA",SANJEEV KUMAR,SE,WATER RESOURCES DEPARTMENT,57700.0,5000.0,590.0
24327,02/2022-23/NKCD-AMBA/WRD/08,"CONSTRUCTION OF CHILHIYAWAN FIELD CHANNEL AT EXISTING R.D. 18.00 (R ) OF KARMA DISTRIBUTORY FOR VILLAGE CHILHIYAWAN   UNDER THE SCHEME   ""HAR KHET TAK SINCHAI KA PANI"" UNDER NORTH KOEL CANAL DIVISION, AMBA (GROUP-08)","CONSTRUCTION OF CHILHIYAWAN FIELD CHANNEL AT EXISTING R.D. 18.00 (R ) OF KARMA DISTRIBUTORY FOR VILLAGE CHILHIYAWAN   UNDER THE SCHEME   ""HAR KHET TAK SINCHAI KA PANI"" UNDER NORTH KOEL CANAL DIVISION, AMBA (GROUP-08)",2884546.0,INR,INR,2022-07-16 11:24:37+00:00,2022-07-16T10:19:15.793000+00:00,2022-07-19T09:31:00+00:00,ER. ATULESH KUMAR,Executive Engineer,WATER RESOURCES DEPARTMENT,"NORTH KOEL CANAL DIVISION, AMBA",SANJEEV KUMAR,SE,WATER RESOURCES DEPARTMENT,57700.0,5000.0,590.0
24305,"13/E/KAN/2022-23, Group No.-43","CONSTRUCTION OF REPAIRING OF BOX NALA JAY PARBHA TEMPLE TO 
MEDANTA HOSPITAL UNDER WARD 34 PMC PATNA.","CONSTRUCTION OF REPAIRING OF BOX NALA JAY PARBHA TEMPLE TO 
MEDANTA HOSPITAL UNDER WARD 34 PMC PATNA.",1102982.0,INR,INR,2022-07-16 06:59:07+00:00,2022-07-16T06:53:24.292000+00:00,2023-06-17T09:29:55+00:00,"Aashish Prasad, Executive Engineer",EXECUETIVE ENGINEER,"Kankarbagh Division,Patna Municipal Corporation,Patna","Tempo Stand,Kankarbagh,Patna-20","Aashish Prasad,EXECUETIVE ENGINEER",EXECUETIVE ENGINEER,"Kankarbagh Division,Patna Municipal Corporation,Patna",22100.0,2500.0,590.0
24328,18/BCD/MADHUBANI/2022-23,Construction of boundary wall and Campus development for D.M Residence campus in Madhubani district.,Construction of boundary wall and Campus development for D.M Residence campus in Madhubani district.,8141829.0,INR,INR,2022-07-16 10:32:21+00:00,2022-07-16T10:20:31.979000+00:00,2023-01-13T06:00:21+00:00,EXECUTIVE ENGINEER BUILDING DIVISION MADHUBANI,EXECUTIVE ENGINEER,BUILDING DIVISION MADHUBANI,BUILDING DIVISION MADHUBANI,"Superintending Engineer, BUILDING CIRCLE DARBHANGA",SE,Building Circle Darbhanga,162900.0,10000.0,3540.0
24331,02-2022,"Operation, Maintenance and Management for Data Acquisition, Result Processing of Diploma Examination (Pre and Post Examination Related Work) (General Diploma Semester - I to VI) & (Part-Time Diploma Semester - I to VIII)","Operation, Maintenance and Management for Data Acquisition, Result Processing of Diploma Examination (Pre and Post Examination Related Work) (General Diploma Semester - I to VI) & (Part-Time Diploma Semester - I to VIII)",6500000.0,INR,INR,2022-07-17 11:47:41+00:00,2022-07-17T08:18:08.492000+00:00,2022-08-18T11:57:39+00:00,Dr. Chandra Shekhar Singh,Secretary,SBTE Bihar,Patna,Dr. Chandra Shekhar Singh,Secretary,SBTE Bihar,50000.0,5000.0,590.0
24324,02/2022-23/NKCD-AMBA/WRD/05,"CONSTRUCTION OF SIMRA TELPURA (15) FIELD CHANNEL AT EXISTING R.D. 15.00 (R ) OF KARMA DISTRIBUTORY FOR VILLAGE SIMRA  UNDER THE SCHEME   ""HAR KHET TAK SINCHAI KA PANI"" UNDER NORTH KOEL CANAL DIVISION, AMBA  (GROUP-05)","CONSTRUCTION OF SIMRA TELPURA (15) FIELD CHANNEL AT EXISTING R.D. 15.00 (R ) OF KARMA DISTRIBUTORY FOR VILLAGE SIMRA  UNDER THE SCHEME   ""HAR KHET TAK SINCHAI KA PANI"" UNDER NORTH KOEL CANAL DIVISION, AMBA  (GROUP-05)",2884546.0,INR,INR,2022-07-16 11:19:59+00:00,2022-07-16T10:06:52.434000+00:00,2022-07-21T11:09:29+00:00,ER. ATULESH KUMAR,Executive Engineer,WATER RESOURCES DEPARTMENT,"NORTH KOEL CANAL DIVISION, AMBA",SANJEEV KUMAR,SE,WATER RESOURCES DEPARTMENT,57700.0,5000.0,590.0
24325,02/2022-23/NKCD-AMBA/WRD/06,"CONSTRUCTION OF SIMRA TELPURA (25) FIELD CHANNEL AT EXISTING R.D. 25.00 (R ) OF KARMA DISTRIBUTORY FOR VILLAGE SIMRA  UNDER THE SCHEME   ""HAR KHET TAK SINCHAI KA PANI"" UNDER NORTH KOEL CANAL DIVISION, AMBA (GROUP-06)","CONSTRUCTION OF SIMRA TELPURA (25) FIELD CHANNEL AT EXISTING R.D. 25.00 (R ) OF KARMA DISTRIBUTORY FOR VILLAGE SIMRA  UNDER THE SCHEME   ""HAR KHET TAK SINCHAI KA PANI"" UNDER NORTH KOEL CANAL DIVISION, AMBA (GROUP-06)",2884546.0,INR,INR,2022-07-16 11:21:11+00:00,2022-07-16T10:10:21.764000+00:00,2022-11-14T04:33:11+00:00,ER. ATULESH KUMAR,Executive Engineer,WATER RESOURCES DEPARTMENT,"NORTH KOEL CANAL DIVISION, AMBA",SANJEEV KUMAR,SE,WATER RESOURCES DEPARTMENT,57700.0,5000.0,590.0
24319,NIT NO- 14-PATLIPUTRA/2021-22/Gr-08,Construction of PCC Road and U/G drain from Anandpuri Nala to Rattan Singh House in ward no-23,Construction of PCC Road and U/G drain from Anandpuri Nala to Rattan Singh House in ward no-23,407700.0,INR,INR,2022-07-16 09:53:17+00:00,2022-07-16T09:47:05.589000+00:00,2022-08-08T13:00:44+00:00,"Aashish Prasad, Executive Engineer",EE,Patliputra Division,Sahdev Matho Marg sk puri park patna,"Aashish Prasad,EXECUETIVE ENGINEER",EE,Patliputra Division,8200.0,750.0,590.0
24322,02/2022-23/NKCD-AMBA/WRD/03,"CONSTRUCTION OF HAZARI FIELD CHANNEL AT EXISTING R.D. 08.00 (R ) OF KARMA BASANTPUR MINOR FOR VILLAGE HAZARI  UNDER THE SCHEME   ""HAR KHET TAK SINCHAI KA PANI"" UNDER NORTH KOEL CANAL DIVISION, AMBA  (GROUP-03)","CONSTRUCTION OF HAZARI FIELD CHANNEL AT EXISTING R.D. 08.00 (R ) OF KARMA BASANTPUR MINOR FOR VILLAGE HAZARI  UNDER THE SCHEME   ""HAR KHET TAK SINCHAI KA PANI"" UNDER NORTH KOEL CANAL DIVISION, AMBA  (GROUP-03)",2884546.0,INR,INR,2022-07-16 11:17:34+00:00,2022-07-16T09:57:35.062000+00:00,2022-11-14T04:38:38+00:00,ER. ATULESH KUMAR,Executive Engineer,WATER RESOURCES DEPARTMENT,"NORTH KOEL CANAL DIVISION, AMBA",SANJEEV KUMAR,SE,WATER RESOURCES DEPARTMENT,57700.0,5000.0,590.0
24333,NIT No-06/2021-22 RCD Vaishali,"Widening & Strengthening of Toll Plaza NH-22 to Daulatpur Bypass road ( Total Length 10.10 km) in Vaishali Road Division, Hajipur  (Under Saat Nischay-2 ? Sulabh Samparkata Scheme) (Including H.P. Culvert, Utility Shifting etc.)","Widening & Strengthening of Toll Plaza NH-22 to Daulatpur Bypass road ( Total Length 10.10 km) in Vaishali Road Division, Hajipur  (Under Saat Nischay-2 ? Sulabh Samparkata Scheme) (Including H.P. Culvert, Utility Shifting etc.)",229016766.0,INR,INR,2022-07-18 11:16:12+00:00,2022-07-18T08:47:41.752000+00:00,2023-03-06T06:59:42+00:00,"EXECUTIVE ENGINEER, VAISHALI ROAD DIVISION HAJIPUR",EE,VAISHALI ROAD DIVISION HAJIPUR,VAISHALI ROAD DIVISION HAJIPUR,"SUPERINTENDING ENGINEER, SARAN ROAD CIRCLE HAJIPUR",SE,SARAN ROAD CIRCLE HAJIPUR,3291000.0,10000.0,5900.0
24329,02/2022-23/NKCD-AMBA/WRD/09,"CONSTRUCTION OF PAHRA FIELD CHANNEL AT EXISTING R.D. 15.00 (L) OF KARMA DISTRIBUTORY  FOR VILLAGE PAHRA  UNDER THE SCHEME   ""HAR KHET TAK SINCHAI KA PANI"" UNDER NORTH KOEL CANAL DIVISION, AMBA (GROUP-09)","CONSTRUCTION OF PAHRA FIELD CHANNEL AT EXISTING R.D. 15.00 (L) OF KARMA DISTRIBUTORY  FOR VILLAGE PAHRA  UNDER THE SCHEME   ""HAR KHET TAK SINCHAI KA PANI"" UNDER NORTH KOEL CANAL DIVISION, AMBA (GROUP-09)",2884546.0,INR,INR,2022-07-16 11:26:03+00:00,2022-07-16T10:22:57.047000+00:00,2022-11-16T11:16:32+00:00,ER. ATULESH KUMAR,Executive Engineer,WATER RESOURCES DEPARTMENT,"NORTH KOEL CANAL DIVISION, AMBA",SANJEEV KUMAR,SE,WATER RESOURCES DEPARTMENT,57700.0,5000.0,590.0
24340,04/2022-23/IEMD-PATNA/01,"11 KV Power Sub Station shifting at Kosi Colony, Ward No. - 12 Near I-Type Quarter, Birpur. (GROUP-01)","11 KV Power Sub Station shifting at Kosi Colony, Ward No. - 12 Near I-Type Quarter, Birpur. (GROUP-01)",6970678.0,INR,INR,2022-07-18 17:17:51+00:00,2022-07-18T16:43:21.760000+00:00,2023-02-16T05:14:00+00:00,ER. CHANDRAMANI BAITHA,EE,WATER RESOURCES DEPARTMENT,"IRRIGATION ELECTRICAL-CUM-MECHNICAL DIVISION, PATNA",ABHIJEET KUMAR,JOINT DIRECTOR,"IRRIGATION MECHANICAL CIRCLE, MITHAPUR, PATNA",139500.0,10000.0,590.0
24330,06/BCD/ARARIA/2022-23,Construction of Comman Service Center (C.S.C) at Kursakanta Block in Araria District,Construction of Comman Service Center (C.S.C) at Kursakanta Block in Araria District,14508098.0,INR,INR,2022-07-16 11:11:20+00:00,2022-07-16T10:54:22.512000+00:00,2022-12-16T11:54:43+00:00,"Executive Engineer, Araria",EE,Araria Division,"Executive Engineer, Araria Division ,  BUILDING CONSTRUCTION DEPARTMENT, Araria , Bihar","Superintending Engineer, Purnea Circle",SE,Purnea Circle,290200.0,10000.0,3540.0
24339,RE NIT-07/2022-23/SCD-EKMA/01,"CONSTRUCTION OF BRICK LINNED  CHANNEL WITH CATTLE CROSSING FOR HAR KHET TAK SICHAI KA PANI SCHEME  UNDER SARAN DISTRICT (4 NOS.) ,Pirari  mr RD 9.00 (R ), RD 9.500 ( R ), RD 17.00 (L) , RD 19.00 (R ) (GROUP-01)","CONSTRUCTION OF BRICK LINNED  CHANNEL WITH CATTLE CROSSING FOR HAR KHET TAK SICHAI KA PANI SCHEME  UNDER SARAN DISTRICT (4 NOS.) ,Pirari  mr RD 9.00 (R ), RD 9.500 ( R ), RD 17.00 (L) , RD 19.00 (R ) (GROUP-01)",6301859.0,INR,INR,2022-07-18 16:08:03+00:00,2022-07-18T15:26:59.556000+00:00,2022-09-30T15:02:21+00:00,RAM PADARATH NARAYAN,EE,WATER RESOURCES DEPARTMENT,"SARAN CANAL DIVISION, EKMA",BRAJ KISHORE RAJAK,SE,"SARAN CANAL CIRCLE, CHAPRA",126100.0,10000.0,590.0
24337,07/BCD/PURNEA/2022-23 GR -01,"Construction of 4 Nos. Community Toilet for 16 Nos. Prisoners ward at Central Jail, Purnea for the year 2022-23","Construction of 4 Nos. Community Toilet for 16 Nos. Prisoners ward at Central Jail, Purnea for the year 2022-23",6289142.0,INR,INR,2022-07-18 13:11:44+00:00,2022-07-18T13:00:46.178000+00:00,2022-08-10T09:30:01+00:00,"Executive Engineer, BUILDING DIVISION PURNEA",EE,BUILDING DIVISION PURNEA,"EE, BUILDING DIVISION PURNEA, BCD, PURNEA, BIHAR","Superintending Engineer, Purnea Circle",SE,Purnea Circle,125800.0,10000.0,590.0
24344,13/BCD/SITAMARHI/2022-23 GROUP 2,Construction of Disaster relief centre (For Flood Affected Area) at Parihar (South) Under Parihar Block at Sitamarhi for the year 2022-23,Construction of Disaster relief centre (For Flood Affected Area) at Parihar (South) Under Parihar Block at Sitamarhi for the year 2022-23,11305141.0,INR,INR,2022-07-19 09:01:10+00:00,2022-07-19T07:35:48.834000+00:00,2023-02-07T04:53:59+00:00,"Executive Engineer, BUILDING DIVISION SITAMARHI",EE,Building  Division Sitamarhi,"EE, Building  Division Sitamarhi , BUILDING CONSTRUCTION DEPARTMENT,  Sitamarhi , Bihar","Superintending Engineer, Building Circle Muzaffarpur",SE,Building Circle Muzaffarpur,226200.0,10000.0,3540.0
24335,7841/2022 dt. 14/07/2022,Expression of Interest (EOI) for Hiring of Office Space.,Expression of Interest (EOI) for Hiring of Office Space.,20000000.0,INR,INR,2022-07-18 12:19:09+00:00,2022-07-18T11:40:58.960000+00:00,2022-08-22T10:30:16+00:00,Sanjivani,sanjivani@bihar.gov.in,BSEDC,Beltron Bhawan,Managing Director BSEDC,MD,BSEDC LTD,500000.0,5000.0,3540.0
24348,7800/2022,Selection of Agency for providing services related to Computer Based Test (CBT).,Selection of Agency for providing services related to Computer Based Test (CBT).,0.0,INR,INR,2022-07-19 10:29:30+00:00,2022-07-19T09:59:30.481000+00:00,2022-09-09T10:15:58+00:00,Prakash Chandra Choudhary,Project Lead,Bihar State Electronics Development Corporation Limited,Beltron Bhavan Shashtri Nagar patna,Managing Director BSEDC,MD,BSEDC LTD,1000000.0,10000.0,590.0
24341,02Retender/SBD/2022-23,"Construction of the District Panchayat Resource Centre at Munger in the District of Munger (with PHE, Fire Fightig & Electricfication work)","Construction of the District Panchayat Resource Centre at Munger in the District of Munger (with PHE, Fire Fightig & Electricfication work)",58857723.0,INR,INR,2022-07-19 04:31:03+00:00,2022-07-19T04:02:45.127000+00:00,2022-08-02T04:04:53+00:00,RANJEET KUMAR,DISTRICT ENGINEER,DISTRICT ENGINEER,FORT AREA MUNGER,RANJEET KUMAR,DISTRICT ENGINEER,DISTRICT ENGINEER,1178000.0,10000.0,5900.0
24342,13/BCD/SITAMARHI/2022-23 GROUP 4,Construction of Disaster relief centre (For Flood Affected Area) at Musachak Under Barganiya Block at Sitamarhi for the year 2022-23,Construction of Disaster relief centre (For Flood Affected Area) at Musachak Under Barganiya Block at Sitamarhi for the year 2022-23,11564841.0,INR,INR,2022-07-19 09:40:32+00:00,2022-07-19T07:34:11.875000+00:00,2023-02-07T04:55:59+00:00,"Executive Engineer, BUILDING DIVISION SITAMARHI",EE,Building  Division Sitamarhi,"EE, Building  Division Sitamarhi , BUILDING CONSTRUCTION DEPARTMENT,  Sitamarhi , Bihar","Superintending Engineer, Building Circle Muzaffarpur",SE,Building Circle Muzaffarpur,231300.0,10000.0,3540.0
24349,01/2022-23/HWD-AMBA AURANGABAD/WRD/01,RENOVATION OF DHIBAR DISTRIBUTORY OF CH.NO. 136.00 TO 203.00 UNDER DISTT. AURANGABAD (GROUP-01),RENOVATION OF DHIBAR DISTRIBUTORY OF CH.NO. 136.00 TO 203.00 UNDER DISTT. AURANGABAD (GROUP-01),3610710.0,INR,INR,2022-07-19 10:48:58+00:00,2022-07-19T10:23:45.155000+00:00,2022-09-13T05:28:15+00:00,VIVEK KUMAR,EXECUTIVE ENGINEER,WATER RESOURCES DEPARTMENT,"BATANE HEAD WORK DIVISION, AMBA",SANJEEV KUMAR,SE,WATER RESOURCES DEPARTMENT,72300.0,5000.0,590.0
24350,01/2022-23/ID-DAUDNAGAR/01,"CONSTRUCTION OF  NOAWAN FIELD CHANNEL FROM 0.00 K.M. TO 1.100 KM OFF-TAKING FROM 5.00KM (RIGHT) OF CHANDA DISBTRIBUTARY UNDER OBRA BLOCK, DISTRICT AURANGABAD (GROUP-01)","CONSTRUCTION OF  NOAWAN FIELD CHANNEL FROM 0.00 K.M. TO 1.100 KM OFF-TAKING FROM 5.00KM (RIGHT) OF CHANDA DISBTRIBUTARY UNDER OBRA BLOCK, DISTRICT AURANGABAD (GROUP-01)",3026320.0,INR,INR,2022-07-19 11:27:54+00:00,2022-07-19T11:07:23.283000+00:00,2022-09-12T05:39:07+00:00,SURESH KUMAR,EE,WATER RESOURCES DEPARTMENT,IRRIGATION DIVISION DAUDNAGAR,Awadhesh Kumar Sinha,SE,WATER RESOURCES DEPARTMENT,60600.0,5000.0,590.0
24346,12/BCD/SITAMARHI/2022-23,Earth filling and Construction of Drain  in Mandal Kara Sitamarhi for the year 2022-23,Earth filling and Construction of Drain  in Mandal Kara Sitamarhi for the year 2022-23,4624511.0,INR,INR,2022-07-19 07:48:40+00:00,2022-07-19T07:38:48.295000+00:00,2022-12-14T06:53:20+00:00,"Executive Engineer, BUILDING DIVISION SITAMARHI",EE,Building  Division Sitamarhi,"EE, Building  Division Sitamarhi , BUILDING CONSTRUCTION DEPARTMENT,  Sitamarhi , Bihar","Superintending Engineer, Building Circle Muzaffarpur",SE,Building Circle Muzaffarpur,92500.0,5000.0,590.0
24347,NIT NO:-05/EEE/D/PMC/2022,Selection of agency for operation and maintenance of 7 nos. lift  which are located in Mauryalok  Complex under Patna Municipal Corporation,Selection of agency for operation and maintenance of 7 nos. lift  which are located in Mauryalok  Complex under Patna Municipal Corporation,0.0,INR,INR,2022-07-19 09:48:41+00:00,2022-07-19T09:36:03.894000+00:00,2023-01-16T14:09:14+00:00,"EXCUETIVE ENGINEER, ELECTRICAL DIVISION, PMC",EE,"Electrical Division,Patna Municipal Corporation,Patna","electric division , 4th floor, c-block, Mauryalok Patna","EXECUTIVE ENGINEER, ELECTRICAL DIVISION, PMC",EE,"Electrical Division,Patna Municipal Corporation,Patna",50000.0,10000.0,590.0
24353,01/BCD/BHABHUA/2022-23,"Construction of Additional Work  for 20 Court Building in Civil Court Campus at Bhabhua, Kaimur","Construction of Additional Work  for 20 Court Building in Civil Court Campus at Bhabhua, Kaimur",21344599.0,INR,INR,2022-07-19 15:07:32+00:00,2022-07-19T14:45:43.025000+00:00,2023-08-03T11:02:29+00:00,"Executive Engineer, BHABUA",EE,"Executive Engineer, BHABUA","Executive Engineer, bhabua Division ,  BUILDING CONSTRUCTION DEPARTMENT, bhabua, Bihar","Superintending Engineer, Ara Circle",SE,Ara Circle,427000.0,10000.0,3540.0
24354,NHP/BIHAR/2022-23/WQLE,"Supply, Testing and Commissioning of Water Quality Lab equipment under National
Hydrology Project, Bihar (GW)","Supply, Testing and Commissioning of Water Quality Lab equipment under National
Hydrology Project, Bihar (GW)",2500000.0,INR,INR,2022-07-19 16:59:36+00:00,2022-07-19T15:40:05.988000+00:00,2022-08-22T10:06:59+00:00,Er SHAMBHU KUMAR ROY,SUPERINTENDING ENGINEER,MINOR WATER RESOURSES DEPARTMENT BIHAR,MWRD PATNA,DHRUV NARAYAN,SE,MINOR WATER RESOURCES DEPARTMENT,,10000.0,590.0
24355,08/BSBCCL/2022-23 GR04,"CONSTRUCTION OF PROPOSED 100 BEDDED OBC BOYS HOSTEL AT ARNA,  IN DIST:- GOPALGANJ","CONSTRUCTION OF PROPOSED 100 BEDDED OBC BOYS HOSTEL AT ARNA,  IN DIST:- GOPALGANJ",75475465.0,INR,INR,2022-07-20 07:17:09+00:00,2022-07-20T05:46:19.639000+00:00,2022-10-14T08:28:37+00:00,DGM BSBCCL SARAN,DEPUTY GENERAL MANAGER SARAN,BSBCCL,"BSBCCL, Hospital Road, Sastri Nagar, Patna 800023",SANTOSH KUMAR,chief general manager,BSBCCL,1510000.0,10000.0,5900.0
24352,02/BCD/KISHANGANJ/2022-23/GR05,CONSTRUCTION OF BADH ASHRAY ASTHAL AT  TEGHARIA PANCHAYAT UNDER KOCHADHAMAN BLOCK AT IN KISHANGANJ DISTRICT,CONSTRUCTION OF BADH ASHRAY ASTHAL AT  TEGHARIA PANCHAYAT UNDER KOCHADHAMAN BLOCK AT IN KISHANGANJ DISTRICT,11475193.0,INR,INR,2022-07-19 13:44:48+00:00,2022-07-19T13:30:19.303000+00:00,2022-07-30T08:27:31+00:00,"Executive Engineer, Kishanganj Division",EE,"Executive Engineer, Kishanganj","Executive Engineer, Kishanganj Division  ,  BUILDING CONSTRUCTION DEPARTMENT,  Division  , Bihar","Superintending Engineer, Purnea Circle",SE,Purnea Circle,229600.0,10000.0,3540.0
24343,13/BCD/SITAMARHI/2022-23 GROUP 3,Construction of Disaster relief centre (For Flood Affected Area) at Akhata West (Chakwa) Under Barganiya Block at Sitamarhi for the year 2022-23,Construction of Disaster relief centre (For Flood Affected Area) at Akhata West (Chakwa) Under Barganiya Block at Sitamarhi for the year 2022-23,11564841.0,INR,INR,2022-07-19 09:13:42+00:00,2022-07-19T07:34:40.962000+00:00,2022-08-11T09:30:08+00:00,"Executive Engineer, BUILDING DIVISION SITAMARHI",EE,Building  Division Sitamarhi,"EE, Building  Division Sitamarhi , BUILDING CONSTRUCTION DEPARTMENT,  Sitamarhi , Bihar","Superintending Engineer, Building Circle Muzaffarpur",SE,Building Circle Muzaffarpur,231300.0,10000.0,3540.0
24358,NIT-16/CME/PMC/2022,"Construction of T/W, panel room and supply and installation of 7.5 HP Submersible pump for Hydrant (4 nos.) at Ramachak  Bairiya Yard Under PMC","Construction of T/W, panel room and supply and installation of 7.5 HP Submersible pump for Hydrant (4 nos.) at Ramachak  Bairiya Yard Under PMC",3231400.0,INR,INR,2022-07-20 07:00:18+00:00,2022-07-20T06:39:59.091000+00:00,2022-09-14T06:36:48+00:00,CHIEF MUNICIPAL ENGINEER,CME,"Head Quarter, Patna Municipal Corporation, Patna","Block-C,4th Floor,Mauryalok,Patna",CHIEF MUNICIPAL ENGINEER,CME,"Head Quarter, Patna Municipal Corporation, Patna",64800.0,5000.0,590.0
24365,NPH/NIT RT 01/2022-23/GR-09,Construction of Drain and Paver block road from Radhuvir paswan house to Sanjay paswan and Nagar parishad road in ward no. 24,Construction of Drain and Paver block road from Radhuvir paswan house to Sanjay paswan and Nagar parishad road in ward no. 24,475000.0,INR,INR,2022-07-20 07:57:29+00:00,2022-07-20T07:52:39.786000+00:00,2022-08-16T11:27:59+00:00,SUSHIL KUMAR,EXECUTIVE OFFICER (HAJIPUR),HAJIPUR NAGAR PARISHAD,"Rambalak chowk, Hajipur",SUSHIL KUMAR,EXECUTIVE OFFICER (HAJIPUR),NAGAR PARISHAD HAJIPUR,9500.0,750.0,590.0
24357,NPH/NIT RT 01/2022-23/GR-02,Construction of Drain and Paver block road from Nagar parishad road to Ashok ray and Shankar ray house in ward no. 01,Construction of Drain and Paver block road from Nagar parishad road to Ashok ray and Shankar ray house in ward no. 01,536400.0,INR,INR,2022-07-20 06:39:03+00:00,2022-07-20T06:33:55.606000+00:00,2022-08-17T10:26:50+00:00,SUSHIL KUMAR,EXECUTIVE OFFICER (HAJIPUR),HAJIPUR NAGAR PARISHAD,"Rambalak chowk, Hajipur",SUSHIL KUMAR,EXECUTIVE OFFICER (HAJIPUR),NAGAR PARISHAD HAJIPUR,10800.0,1250.0,590.0
24364,NPH/NIT RT 01/2022-23/GR-08,Construction of Drain and Paver block road from Md Said house to Nagar parishad road in ward no. 20,Construction of Drain and Paver block road from Md Said house to Nagar parishad road in ward no. 20,332500.0,INR,INR,2022-07-20 07:45:03+00:00,2022-07-20T07:33:23.315000+00:00,2022-08-16T12:18:25+00:00,SUSHIL KUMAR,EXECUTIVE OFFICER (HAJIPUR),HAJIPUR NAGAR PARISHAD,"Rambalak chowk, Hajipur",SUSHIL KUMAR,EXECUTIVE OFFICER (HAJIPUR),NAGAR PARISHAD HAJIPUR,6700.0,750.0,590.0
24361,NPH/NIT RT 01/2022-23/GR-05,Construction of Drain and Paver block road from Nagar parishad road to Brajkishor singh teacher house in ward no. 08,Construction of Drain and Paver block road from Nagar parishad road to Brajkishor singh teacher house in ward no. 08,966100.0,INR,INR,2022-07-20 07:22:34+00:00,2022-07-20T07:16:20.401000+00:00,2023-02-25T06:39:52+00:00,SUSHIL KUMAR,EXECUTIVE OFFICER (HAJIPUR),HAJIPUR NAGAR PARISHAD,"Rambalak chowk, Hajipur",SUSHIL KUMAR,EXECUTIVE OFFICER (HAJIPUR),NAGAR PARISHAD HAJIPUR,19400.0,1250.0,590.0
24363,NPH/NIT RT 01/2022-23/GR-07,Construction of Drain and Paver block road from Nagar Parishad road Jay kishun paswan house to Gena paswan house in ward no. 20,Construction of Drain and Paver block road from Nagar Parishad road Jay kishun paswan house to Gena paswan house in ward no. 20,319400.0,INR,INR,2022-07-20 07:32:41+00:00,2022-07-20T07:28:14.095000+00:00,2022-08-17T10:25:28+00:00,SUSHIL KUMAR,EXECUTIVE OFFICER (HAJIPUR),HAJIPUR NAGAR PARISHAD,"Rambalak chowk, Hajipur",SUSHIL KUMAR,EXECUTIVE OFFICER (HAJIPUR),NAGAR PARISHAD HAJIPUR,6400.0,750.0,590.0
24372,NPH/NIT RT 01/2022-23/GR-15,Construction of Drain and Paver block road from Nagar parishad road to Vasant mahato house in ward no. 01,Construction of Drain and Paver block road from Nagar parishad road to Vasant mahato house in ward no. 01,390600.0,INR,INR,2022-07-20 08:43:31+00:00,2022-07-20T08:39:05.781000+00:00,2022-08-11T11:00:58+00:00,SUSHIL KUMAR,EXECUTIVE OFFICER (HAJIPUR),HAJIPUR NAGAR PARISHAD,"Rambalak chowk, Hajipur",SUSHIL KUMAR,EXECUTIVE OFFICER (HAJIPUR),NAGAR PARISHAD HAJIPUR,7900.0,750.0,590.0
24345,13/BCD/SITAMARHI/2022-23 GROUP 1,Construction of Disaster relief centre (For Flood Affected Area) at Chraut(East) Under Chraut Block at Sitamarhi for the year 2022-23,Construction of Disaster relief centre (For Flood Affected Area) at Chraut(East) Under Chraut Block at Sitamarhi for the year 2022-23,11305141.0,INR,INR,2022-07-19 08:09:46+00:00,2022-07-19T07:36:19.459000+00:00,2023-01-04T07:36:44+00:00,"Executive Engineer, BUILDING DIVISION SITAMARHI",EE,Building  Division Sitamarhi,"EE, Building  Division Sitamarhi , BUILDING CONSTRUCTION DEPARTMENT,  Sitamarhi , Bihar","Superintending Engineer, Building Circle Muzaffarpur",SE,Building Circle Muzaffarpur,226200.0,10000.0,3540.0
24369,NPH/NIT RT 01/2022-23/GR-12,Construction of Drain from Nagar parishad road  to Nilamani house in ward no. 27,Construction of Drain from Nagar parishad road  to Nilamani house in ward no. 27,1020000.0,INR,INR,2022-07-20 08:15:26+00:00,2022-07-20T08:10:46.238000+00:00,2023-07-21T07:22:56+00:00,SUSHIL KUMAR,EXECUTIVE OFFICER (HAJIPUR),HAJIPUR NAGAR PARISHAD,"Rambalak chowk, Hajipur",SUSHIL KUMAR,EXECUTIVE OFFICER (HAJIPUR),NAGAR PARISHAD HAJIPUR,20400.0,2500.0,590.0
24375,NPH/NIT RT 01/2022-23/GR-17,Construction of Drain and Paver block road from Vijay kumar sah house to Bhalu sah house in ward no. 29,Construction of Drain and Paver block road from Vijay kumar sah house to Bhalu sah house in ward no. 29,887900.0,INR,INR,2022-07-20 09:09:12+00:00,2022-07-20T09:04:36.892000+00:00,2022-08-11T10:40:02+00:00,SUSHIL KUMAR,EXECUTIVE OFFICER (HAJIPUR),HAJIPUR NAGAR PARISHAD,"Rambalak chowk, Hajipur",SUSHIL KUMAR,EXECUTIVE OFFICER (HAJIPUR),NAGAR PARISHAD HAJIPUR,17800.0,1250.0,590.0
24374,04NB/2022-23/01,"Construction of Approach Road For 02 Nos 1000 MT Capacity CMR,  Godowns At:-Sheohar Block, Near BSNL Tower Dist:- Sheohar","Construction of Approach Road For 02 Nos 1000 MT Capacity CMR,  Godowns At:-Sheohar Block, Near BSNL Tower Dist:- Sheohar",1496374.0,INR,INR,2022-07-20 10:00:42+00:00,2022-07-20T08:53:44.017000+00:00,2023-01-07T07:21:20+00:00,Sant Raj Rakesh,DGM,Bihar State Food & Civil Supplies Corporation Limited,"Khadya Bhawan, R Block, Daroga Prasad Rai Path Road No.2, Patna, Bihar 800001",Sant Raj Rakesh,DGM Technical,Bihar State Food & Civil Supplies Corporation Limited,30000.0,2500.0,590.0
24370,NPH/NIT RT 01/2022-23/GR-13,Construction of Drain and Paver block road from Baidhanath pandit house to Jayprakash gupta land in ward no. 29,Construction of Drain and Paver block road from Baidhanath pandit house to Jayprakash gupta land in ward no. 29,550500.0,INR,INR,2022-07-20 08:32:56+00:00,2022-07-20T08:25:10.979000+00:00,2023-09-16T06:54:06+00:00,SUSHIL KUMAR,EXECUTIVE OFFICER (HAJIPUR),HAJIPUR NAGAR PARISHAD,"Rambalak chowk, Hajipur",SUSHIL KUMAR,EXECUTIVE OFFICER (HAJIPUR),NAGAR PARISHAD HAJIPUR,11100.0,1250.0,590.0
24366,08/BSBCCL/2022-23 GR03,"CONSTRUCTION OF 520 BEDDED FOR GIRL?S RESIDENTIAL +2 HIGH SCHOOL, AT SHAHKUND BHAGALPUR BIHAR","CONSTRUCTION OF 520 BEDDED FOR GIRL?S RESIDENTIAL +2 HIGH SCHOOL, AT SHAHKUND BHAGALPUR BIHAR",423527745.0,INR,INR,2022-07-20 08:13:19+00:00,2022-07-20T07:53:50.957000+00:00,2022-10-10T06:59:47+00:00,DGM BSBCCL BHAGALPUR,DGM BSBCCL BHAGALPUR,BSBCCL SOUTH,"BSBCCL, Hospital Road, Sastri Nagar, Patna 800023",SANTOSH KUMAR,chief general manager,BSBCCL,5236000.0,10000.0,5900.0
24376,NPH/NIT RT 01/2022-23/GR-18,Construction of  Paver block road from behind Lichchhavi gas godam Soni ji house to Sitaram ji house  in ward no. 01,Construction of  Paver block road from behind Lichchhavi gas godam Soni ji house to Sitaram ji house  in ward no. 01,167300.0,INR,INR,2022-07-20 09:14:36+00:00,2022-07-20T09:09:58.074000+00:00,2022-08-11T09:58:04+00:00,SUSHIL KUMAR,EXECUTIVE OFFICER (HAJIPUR),HAJIPUR NAGAR PARISHAD,"Rambalak chowk, Hajipur",SUSHIL KUMAR,EXECUTIVE OFFICER (HAJIPUR),NAGAR PARISHAD HAJIPUR,3400.0,500.0,590.0
24379,"14/E/KAN/2022-23, Group No.-01","Work of Pipe Line (Jal Jamav) in Bus Stand under ward no.-30 of PMC, Patna","Work of Pipe Line (Jal Jamav) in Bus Stand under ward no.-30 of PMC, Patna",72600.0,INR,INR,2022-07-20 09:42:12+00:00,2022-07-20T09:29:47.114000+00:00,2022-08-08T09:24:51+00:00,"Aashish Prasad, Executive Engineer",EXECUETIVE ENGINEER,"Kankarbagh Division,Patna Municipal Corporation,Patna","Tempo Stand,Kankarbagh,Patna-20","Aashish Prasad,EXECUETIVE ENGINEER",EXECUETIVE ENGINEER,"Kankarbagh Division,Patna Municipal Corporation,Patna",1500.0,500.0,590.0
24389,04NB/2022-23/02,Construction of  Approach road for 250 MT Capacity SFC TPDS Godown   AT-Bahadurpur Block Dist-Darbhanga,Construction of  Approach road for 250 MT Capacity SFC TPDS Godown   AT-Bahadurpur Block Dist-Darbhanga,363462.0,INR,INR,2022-07-20 10:11:10+00:00,2022-07-20T10:01:10.398000+00:00,2023-01-07T07:24:29+00:00,Sant Raj Rakesh,DGM,Bihar State Food & Civil Supplies Corporation Limited,"Khadya Bhawan, R Block, Daroga Prasad Rai Path Road No.2, Patna, Bihar 800001",Sant Raj Rakesh,DGM Technical,Bihar State Food & Civil Supplies Corporation Limited,7300.0,750.0,590.0
24382,"14/E/KAN/2022-23, Group No.-02","Work of Pipe Line (Jal Jamav) in Dasratha under ward no.-30 of PMC, Patna","Work of Pipe Line (Jal Jamav) in Dasratha under ward no.-30 of PMC, Patna",98810.0,INR,INR,2022-07-20 09:47:31+00:00,2022-07-20T09:43:10.281000+00:00,2022-08-08T09:25:54+00:00,"Aashish Prasad, Executive Engineer",EXECUETIVE ENGINEER,"Kankarbagh Division,Patna Municipal Corporation,Patna","Tempo Stand,Kankarbagh,Patna-20","Aashish Prasad,EXECUETIVE ENGINEER",EXECUETIVE ENGINEER,"Kankarbagh Division,Patna Municipal Corporation,Patna",2000.0,500.0,590.0
24384,"14/E/KAN/2022-23, Group No.-03","Work of Pipe Line (Jal Jamav) inBadshahi under ward no.-30 of PMC, Patna","Work of Pipe Line (Jal Jamav) inBadshahi under ward no.-30 of PMC, Patna",105400.0,INR,INR,2022-07-20 09:52:31+00:00,2022-07-20T09:48:05.954000+00:00,2022-08-08T09:26:53+00:00,"Aashish Prasad, Executive Engineer",EXECUETIVE ENGINEER,"Kankarbagh Division,Patna Municipal Corporation,Patna","Tempo Stand,Kankarbagh,Patna-20","Aashish Prasad,EXECUETIVE ENGINEER",EXECUETIVE ENGINEER,"Kankarbagh Division,Patna Municipal Corporation,Patna",2200.0,500.0,590.0
24387,"14/E/KAN/2022-23, Group No.-05","CONSTRUCTION OF PIPE LINE Bhut Bangla (JAL JAMAV) UNDER WARD NO 30 OF PMC, PATNA.","CONSTRUCTION OF PIPE LINE Bhut Bangla (JAL JAMAV) UNDER WARD NO 30 OF PMC, PATNA.",33300.0,INR,INR,2022-07-20 10:02:26+00:00,2022-07-20T09:58:13.626000+00:00,2022-08-08T09:29:04+00:00,"Aashish Prasad, Executive Engineer",EXECUETIVE ENGINEER,"Kankarbagh Division,Patna Municipal Corporation,Patna","Tempo Stand,Kankarbagh,Patna-20","Aashish Prasad,EXECUETIVE ENGINEER",EXECUETIVE ENGINEER,"Kankarbagh Division,Patna Municipal Corporation,Patna",700.0,500.0,590.0
24385,"14/E/KAN/2022-23, Group No.-04","CONSTRUCTION OF PIPE LINE NEAR RAM KRISHNA MORE 
BYPASS (JAL JAMAV) UNDER WARD NO 30 OF PMC, PATNA.","CONSTRUCTION OF PIPE LINE NEAR RAM KRISHNA MORE 
BYPASS (JAL JAMAV) UNDER WARD NO 30 OF PMC, PATNA.",499100.0,INR,INR,2022-07-20 09:57:30+00:00,2022-07-20T09:53:36.900000+00:00,2022-08-08T09:28:07+00:00,"Aashish Prasad, Executive Engineer",EXECUETIVE ENGINEER,"Kankarbagh Division,Patna Municipal Corporation,Patna","Tempo Stand,Kankarbagh,Patna-20","Aashish Prasad,EXECUETIVE ENGINEER",EXECUETIVE ENGINEER,"Kankarbagh Division,Patna Municipal Corporation,Patna",10000.0,750.0,590.0
24390,"14/E/KAN/2022-23, Group No.-06","CONSTRUCTION OF PIPE LINE in Ghana Colony (JAL JAMAV) UNDER WARD NO 30 OF PMC, PATNA.","CONSTRUCTION OF PIPE LINE in Ghana Colony (JAL JAMAV) UNDER WARD NO 30 OF PMC, PATNA.",49700.0,INR,INR,2022-07-20 10:07:31+00:00,2022-07-20T10:03:14.322000+00:00,2022-08-08T09:30:03+00:00,"Aashish Prasad, Executive Engineer",EXECUETIVE ENGINEER,"Kankarbagh Division,Patna Municipal Corporation,Patna","Tempo Stand,Kankarbagh,Patna-20","Aashish Prasad,EXECUETIVE ENGINEER",EXECUETIVE ENGINEER,"Kankarbagh Division,Patna Municipal Corporation,Patna",1000.0,500.0,590.0
24391,"14/E/KAN/2022-23, Group No.-07","PIPELINE WORK FOR WATER LOGGING IN HARISHCHANDRA 
NAGAR UNDER WARD NO-30 OF P.M.C PATNA","PIPELINE WORK FOR WATER LOGGING IN HARISHCHANDRA 
NAGAR UNDER WARD NO-30 OF P.M.C PATNA",56300.0,INR,INR,2022-07-20 10:11:28+00:00,2022-07-20T10:08:03.237000+00:00,2022-08-08T09:31:19+00:00,"Aashish Prasad, Executive Engineer",EXECUETIVE ENGINEER,"Kankarbagh Division,Patna Municipal Corporation,Patna","Tempo Stand,Kankarbagh,Patna-20","Aashish Prasad,EXECUETIVE ENGINEER",EXECUETIVE ENGINEER,"Kankarbagh Division,Patna Municipal Corporation,Patna",1200.0,500.0,590.0
24396,"14/E/KAN/2022-23, Group No.-10","REPAIR OF MANHOLE IN DIFFERENT PLACES UNDER WARD44 OF PMC, PATNA.","REPAIR OF MANHOLE IN DIFFERENT PLACES UNDER WARD44 OF PMC, PATNA.",312400.0,INR,INR,2022-07-20 10:24:43+00:00,2022-07-20T10:20:48.236000+00:00,2022-07-29T09:30:01+00:00,"Aashish Prasad, Executive Engineer",EXECUETIVE ENGINEER,"Kankarbagh Division,Patna Municipal Corporation,Patna","Tempo Stand,Kankarbagh,Patna-20","Aashish Prasad,EXECUETIVE ENGINEER",EXECUETIVE ENGINEER,"Kankarbagh Division,Patna Municipal Corporation,Patna",6300.0,750.0,590.0
24388,NPH/NIT RT 01/2022-23/GR-25,Construction of  Drain from Brahama kumari house to Pintu singh house via Vijay ji house  in ward no. 35,Construction of  Drain from Brahama kumari house to Pintu singh house via Vijay ji house  in ward no. 35,585200.0,INR,INR,2022-07-20 10:06:46+00:00,2022-07-20T10:00:46.723000+00:00,2022-07-29T09:30:01+00:00,SUSHIL KUMAR,EXECUTIVE OFFICER (HAJIPUR),HAJIPUR NAGAR PARISHAD,"Rambalak chowk, Hajipur",SUSHIL KUMAR,EXECUTIVE OFFICER (HAJIPUR),NAGAR PARISHAD HAJIPUR,11800.0,12500.0,590.0
24392,"14/E/KAN/2022-23, Group No.-08","CONSTRUCTION OF PIPE LINE IN PRAGATI NAGAR (JAL 
JAMAV) UNDER WARD NO-30 OF PMC, PATNA.","CONSTRUCTION OF PIPE LINE IN PRAGATI NAGAR (JAL 
JAMAV) UNDER WARD NO-30 OF PMC, PATNA.",98800.0,INR,INR,2022-07-20 10:15:37+00:00,2022-07-20T10:12:06.955000+00:00,2022-08-08T09:32:26+00:00,"Aashish Prasad, Executive Engineer",EXECUETIVE ENGINEER,"Kankarbagh Division,Patna Municipal Corporation,Patna","Tempo Stand,Kankarbagh,Patna-20","Aashish Prasad,EXECUETIVE ENGINEER",EXECUETIVE ENGINEER,"Kankarbagh Division,Patna Municipal Corporation,Patna",2000.0,500.0,590.0
24395,04NB/2022-23/04,Construction of  Approach road for 500 MT Capacity SFC TPDS  Godown   AT-Runnisaidpur Block Dist-Sitamarhi,Construction of  Approach road for 500 MT Capacity SFC TPDS  Godown   AT-Runnisaidpur Block Dist-Sitamarhi,1217927.0,INR,INR,2022-07-20 10:25:39+00:00,2022-07-20T10:20:35.772000+00:00,2022-11-10T07:49:57+00:00,Sant Raj Rakesh,DGM,Bihar State Food & Civil Supplies Corporation Limited,"Khadya Bhawan, R Block, Daroga Prasad Rai Path Road No.2, Patna, Bihar 800001",Sant Raj Rakesh,DGM Technical,Bihar State Food & Civil Supplies Corporation Limited,24400.0,2500.0,590.0
24393,04NB/2022-23/03,Construction of  Approach road for  1000 MT Capacity CMR  SFC  Godown no-05 AT-Murliganj Bazar samiti Dist-Madhepura,Construction of  Approach road for  1000 MT Capacity CMR  SFC  Godown no-05 AT-Murliganj Bazar samiti Dist-Madhepura,1261891.0,INR,INR,2022-07-20 10:20:09+00:00,2022-07-20T10:14:26.014000+00:00,2023-05-31T06:10:46+00:00,Sant Raj Rakesh,DGM,Bihar State Food & Civil Supplies Corporation Limited,"Khadya Bhawan, R Block, Daroga Prasad Rai Path Road No.2, Patna, Bihar 800001",Sant Raj Rakesh,DGM Technical,Bihar State Food & Civil Supplies Corporation Limited,25300.0,2500.0,590.0
24401,"14/E/KAN/2022-23, Group No.-14","Construction of Pipe Line (Jal Jamav) in Rental Flat Park IN WARD-34 
UNDER PMC","Construction of Pipe Line (Jal Jamav) in Rental Flat Park IN WARD-34 
UNDER PMC",345800.0,INR,INR,2022-07-20 10:48:04+00:00,2022-07-20T10:42:45.571000+00:00,2022-08-08T09:37:48+00:00,"Aashish Prasad, Executive Engineer",EXECUETIVE ENGINEER,"Kankarbagh Division,Patna Municipal Corporation,Patna","Tempo Stand,Kankarbagh,Patna-20","Aashish Prasad,EXECUETIVE ENGINEER",EXECUETIVE ENGINEER,"Kankarbagh Division,Patna Municipal Corporation,Patna",7000.0,750.0,590.0
24398,04NB/2022-23/05,"Construction of  Approach Road For  500 MT Capacity SFC Godown At:- Dumri Katsari Block, Dist:- Sheohar","Construction of  Approach Road For  500 MT Capacity SFC Godown At:- Dumri Katsari Block, Dist:- Sheohar",542089.0,INR,INR,2022-07-20 10:37:28+00:00,2022-07-20T10:26:10.048000+00:00,2023-01-07T07:55:29+00:00,Sant Raj Rakesh,DGM,Bihar State Food & Civil Supplies Corporation Limited,"Khadya Bhawan, R Block, Daroga Prasad Rai Path Road No.2, Patna, Bihar 800001",Sant Raj Rakesh,DGM Technical,Bihar State Food & Civil Supplies Corporation Limited,10900.0,1250.0,590.0
24400,NPH/NIT RT 01/2022-23/GR-26,Construction of PCC road from SK ray to Nagar Parishad road in ward no. 27,Construction of PCC road from SK ray to Nagar Parishad road in ward no. 27,320900.0,INR,INR,2022-07-20 10:38:39+00:00,2022-07-20T10:33:44.349000+00:00,2022-08-11T09:22:58+00:00,SUSHIL KUMAR,EXECUTIVE OFFICER (HAJIPUR),HAJIPUR NAGAR PARISHAD,"Rambalak chowk, Hajipur",SUSHIL KUMAR,EXECUTIVE OFFICER (HAJIPUR),NAGAR PARISHAD HAJIPUR,4200.0,500.0,590.0
24394,"14/E/KAN/2022-23, Group No.-09","PLACING PIPE LINE AT TEMPORARY SUMP HOUSE IN 
JAGANPURA UNDER WARD NO-32 OF PMC, PATNA.","PLACING PIPE LINE AT TEMPORARY SUMP HOUSE IN 
JAGANPURA UNDER WARD NO-32 OF PMC, PATNA.",111800.0,INR,INR,2022-07-20 10:19:52+00:00,2022-07-20T10:16:10.010000+00:00,2023-01-24T10:10:33+00:00,"Aashish Prasad, Executive Engineer",EXECUETIVE ENGINEER,"Kankarbagh Division,Patna Municipal Corporation,Patna","Tempo Stand,Kankarbagh,Patna-20","Aashish Prasad,EXECUETIVE ENGINEER",EXECUETIVE ENGINEER,"Kankarbagh Division,Patna Municipal Corporation,Patna",2300.0,500.0,590.0
24404,"14/E/KAN/2022-23, Group No.-19","Work of closing the sewerage along the drain of Bahadurpur 
Sump House UNDER WARD NO-46 OF PMC, PATNA.","Work of closing the sewerage along the drain of Bahadurpur 
Sump House UNDER WARD NO-46 OF PMC, PATNA.",457800.0,INR,INR,2022-07-20 11:04:00+00:00,2022-07-20T11:00:06.881000+00:00,2022-09-22T08:16:31+00:00,"Aashish Prasad, Executive Engineer",EXECUETIVE ENGINEER,"Kankarbagh Division,Patna Municipal Corporation,Patna","Tempo Stand,Kankarbagh,Patna-20","Aashish Prasad,EXECUETIVE ENGINEER",EXECUETIVE ENGINEER,"Kankarbagh Division,Patna Municipal Corporation,Patna",9200.0,750.0,590.0
24405,"14/E/KAN/2022-23, Group No.-20","RENOVATION OF SLUM BASTI NEAR SHIVAJI PARK PART-B 
UNDER WARD NO-34 OF PMC, PATNA.","RENOVATION OF SLUM BASTI NEAR SHIVAJI PARK PART-B 
UNDER WARD NO-34 OF PMC, PATNA.",746300.0,INR,INR,2022-07-20 11:10:22+00:00,2022-07-20T11:04:48.212000+00:00,2022-09-22T06:08:56+00:00,"Aashish Prasad, Executive Engineer",EXECUETIVE ENGINEER,"Kankarbagh Division,Patna Municipal Corporation,Patna","Tempo Stand,Kankarbagh,Patna-20","Aashish Prasad,EXECUETIVE ENGINEER",EXECUETIVE ENGINEER,"Kankarbagh Division,Patna Municipal Corporation,Patna",15000.0,1250.0,590.0
24402,"14/E/KAN/2022-23, Group No.-16","THE LINCAGE OF MAINHOLE NEAR INDIA FAMILY MART 
JAGANPURA UNDER WARD NO.-32, PMC KANKARBAGH.","THE LINCAGE OF MAINHOLE NEAR INDIA FAMILY MART 
JAGANPURA UNDER WARD NO.-32, PMC KANKARBAGH.",309400.0,INR,INR,2022-07-20 10:52:39+00:00,2022-07-20T10:48:44.868000+00:00,2022-09-22T08:29:49+00:00,"Aashish Prasad, Executive Engineer",EXECUETIVE ENGINEER,"Kankarbagh Division,Patna Municipal Corporation,Patna","Tempo Stand,Kankarbagh,Patna-20","Aashish Prasad,EXECUETIVE ENGINEER",EXECUETIVE ENGINEER,"Kankarbagh Division,Patna Municipal Corporation,Patna",6200.0,750.0,590.0
24406,"14/E/KAN/2022-23, Group No.-23","Work of Samarseble Motor Pump Near Patliputra Stedium 
UNDER WARD NO-34 OF PMC, PATNA.","Work of Samarseble Motor Pump Near Patliputra Stedium 
UNDER WARD NO-34 OF PMC, PATNA.",245300.0,INR,INR,2022-07-20 11:17:07+00:00,2022-07-20T11:11:14.536000+00:00,2023-06-08T11:57:42+00:00,"Aashish Prasad, Executive Engineer",EXECUETIVE ENGINEER,"Kankarbagh Division,Patna Municipal Corporation,Patna","Tempo Stand,Kankarbagh,Patna-20","Aashish Prasad,EXECUETIVE ENGINEER",EXECUETIVE ENGINEER,"Kankarbagh Division,Patna Municipal Corporation,Patna",5000.0,500.0,590.0
24407,"14/E/KAN/2022-23, Group No.-24","SUPPLYING OF SAND BAG AT KANKARBAGH CIRCLE AREA 
CAMPUS FOR WATER LOGGING UNDER WARD NO 34 OF PMC, PATNA.","SUPPLYING OF SAND BAG AT KANKARBAGH CIRCLE AREA 
CAMPUS FOR WATER LOGGING UNDER WARD NO 34 OF PMC, PATNA.",208900.0,INR,INR,2022-07-20 11:21:28+00:00,2022-07-20T11:17:56.173000+00:00,2023-01-24T10:00:51+00:00,"Aashish Prasad, Executive Engineer",EXECUETIVE ENGINEER,"Kankarbagh Division,Patna Municipal Corporation,Patna","Tempo Stand,Kankarbagh,Patna-20","Aashish Prasad,EXECUETIVE ENGINEER",EXECUETIVE ENGINEER,"Kankarbagh Division,Patna Municipal Corporation,Patna",4200.0,500.0,590.0
24397,"14/E/KAN/2022-23, Group No.-11","REPAIR OF MANHOLE AT DIFFERENT PLACES OF WARD-45 
OF PMC, PATNA","REPAIR OF MANHOLE AT DIFFERENT PLACES OF WARD-45 
OF PMC, PATNA",653087.0,INR,INR,2022-07-20 10:29:20+00:00,2022-07-20T10:25:30.138000+00:00,2022-09-22T05:34:34+00:00,"Aashish Prasad, Executive Engineer",EXECUETIVE ENGINEER,"Kankarbagh Division,Patna Municipal Corporation,Patna","Tempo Stand,Kankarbagh,Patna-20","Aashish Prasad,EXECUETIVE ENGINEER",EXECUETIVE ENGINEER,"Kankarbagh Division,Patna Municipal Corporation,Patna",13100.0,1250.0,590.0
24409,"14/E/KAN/2022-23, Group No.-25","SUPPLYING S/F/F DIFFERENT PLACE AT KANKARBAGH 
CIRCLE OFFICE AREA UNDER WARD NO 34 OF PMC, PATNA.","SUPPLYING S/F/F DIFFERENT PLACE AT KANKARBAGH 
CIRCLE OFFICE AREA UNDER WARD NO 34 OF PMC, PATNA.",180100.0,INR,INR,2022-07-20 11:26:03+00:00,2022-07-20T11:22:22.259000+00:00,2023-01-24T10:30:11+00:00,"Aashish Prasad, Executive Engineer",EXECUETIVE ENGINEER,"Kankarbagh Division,Patna Municipal Corporation,Patna","Tempo Stand,Kankarbagh,Patna-20","Aashish Prasad,EXECUETIVE ENGINEER",EXECUETIVE ENGINEER,"Kankarbagh Division,Patna Municipal Corporation,Patna",3700.0,500.0,590.0
24411,"14/E/KAN/2022-23, Group No.-27","Work of Samarseble Motor Pump Near Momorial Hospital UNDER WARD NO 34 OF PMC, PATNA.","Work of Samarseble Motor Pump Near Momorial Hospital UNDER WARD NO 34 OF PMC, PATNA.",245300.0,INR,INR,2022-07-20 11:34:41+00:00,2022-07-20T11:29:19.522000+00:00,2023-06-08T12:01:38+00:00,"Aashish Prasad, Executive Engineer",EXECUETIVE ENGINEER,"Kankarbagh Division,Patna Municipal Corporation,Patna","Tempo Stand,Kankarbagh,Patna-20","Aashish Prasad,EXECUETIVE ENGINEER",EXECUETIVE ENGINEER,"Kankarbagh Division,Patna Municipal Corporation,Patna",5000.0,500.0,590.0
24410,04NB/2022-23/07,"Repair of 500 M.T TPDS ,SFC Godown no 1 At-Dariyapur Block Dist-Saran.","Repair of 500 M.T TPDS ,SFC Godown no 1 At-Dariyapur Block Dist-Saran.",706815.0,INR,INR,2022-07-20 11:32:24+00:00,2022-07-20T11:27:01.432000+00:00,2023-01-11T11:17:32+00:00,Sant Raj Rakesh,DGM,Bihar State Food & Civil Supplies Corporation Limited,"Khadya Bhawan, R Block, Daroga Prasad Rai Path Road No.2, Patna, Bihar 800001",Sant Raj Rakesh,DGM Technical,Bihar State Food & Civil Supplies Corporation Limited,14200.0,1250.0,590.0
24414,04NB/2022-23/09,Repair of  2000 M.TCapacity TPDS S.F.C Godown At-Bihariganj Block Dist-Madhepura,Repair of  2000 M.TCapacity TPDS S.F.C Godown At-Bihariganj Block Dist-Madhepura,173262.0,INR,INR,2022-07-20 11:43:43+00:00,2022-07-20T11:40:11.503000+00:00,2023-05-31T06:42:58+00:00,Sant Raj Rakesh,DGM,Bihar State Food & Civil Supplies Corporation Limited,"Khadya Bhawan, R Block, Daroga Prasad Rai Path Road No.2, Patna, Bihar 800001",Sant Raj Rakesh,DGM Technical,Bihar State Food & Civil Supplies Corporation Limited,3500.0,500.0,590.0
24403,"14/E/KAN/2022-23, Group No.-18","Estimate for the Repair Cum Leakage Drain work at different Places in Rental Flat, defense Colony under Ward No. of PMC, Patna.","Estimate for the Repair Cum Leakage Drain work at different Places in Rental Flat, defense Colony under Ward No. of PMC, Patna.",331300.0,INR,INR,2022-07-20 10:58:03+00:00,2022-07-20T10:53:27.164000+00:00,2023-01-28T07:59:18+00:00,"Aashish Prasad, Executive Engineer",EXECUETIVE ENGINEER,"Kankarbagh Division,Patna Municipal Corporation,Patna","Tempo Stand,Kankarbagh,Patna-20","Aashish Prasad,EXECUETIVE ENGINEER",EXECUETIVE ENGINEER,"Kankarbagh Division,Patna Municipal Corporation,Patna",6700.0,750.0,590.0
24399,"14/E/KAN/2022-23, Group No.-12","REPAIR OF MAN HOLE AT DIFFERENT PLACES IN WARD-46 
UNDER PMC","REPAIR OF MAN HOLE AT DIFFERENT PLACES IN WARD-46 
UNDER PMC",227462.0,INR,INR,2022-07-20 10:42:00+00:00,2022-07-20T10:30:06.972000+00:00,2025-12-16T07:41:08+00:00,"Aashish Prasad, Executive Engineer",EXECUETIVE ENGINEER,"Kankarbagh Division,Patna Municipal Corporation,Patna","Tempo Stand,Kankarbagh,Patna-20","Aashish Prasad,EXECUETIVE ENGINEER",EXECUETIVE ENGINEER,"Kankarbagh Division,Patna Municipal Corporation,Patna",4600.0,500.0,590.0
24415,"14/E/KAN/2022-23, Group No.-30","Estimate of Renovation of Construction Gents Urinal Hanuman Nagar
 more Under Ward No-44 of PMC,Patna","Estimate of Renovation of Construction Gents Urinal Hanuman Nagar
 more Under Ward No-44 of PMC,Patna",144200.0,INR,INR,2022-07-20 11:46:13+00:00,2022-07-20T11:42:22.743000+00:00,2022-12-26T11:41:47+00:00,"Aashish Prasad, Executive Engineer",EXECUETIVE ENGINEER,"Kankarbagh Division,Patna Municipal Corporation,Patna","Tempo Stand,Kankarbagh,Patna-20","Aashish Prasad,EXECUETIVE ENGINEER",EXECUETIVE ENGINEER,"Kankarbagh Division,Patna Municipal Corporation,Patna",2900.0,500.0,590.0
24417,04NB/2022-23/11,"Repair of 5000 MTCapacity CMR SFC, Godown no 1  AT-Araria Bazarsamiti   Dist-Araria.","Repair of 5000 MTCapacity CMR SFC, Godown no 1  AT-Araria Bazarsamiti   Dist-Araria.",1495145.0,INR,INR,2022-07-20 11:51:41+00:00,2022-07-20T11:47:55.225000+00:00,2024-07-25T05:34:22+00:00,Sant Raj Rakesh,DGM,Bihar State Food & Civil Supplies Corporation Limited,"Khadya Bhawan, R Block, Daroga Prasad Rai Path Road No.2, Patna, Bihar 800001",Sant Raj Rakesh,DGM Technical,Bihar State Food & Civil Supplies Corporation Limited,30000.0,750.0,590.0
24416,04NB/2022-23/10,Repair of 500 M.T TPDS S.F.C Godown  At-Alamnagar Block District -Madhepura,Repair of 500 M.T TPDS S.F.C Godown  At-Alamnagar Block District -Madhepura,260399.0,INR,INR,2022-07-20 11:47:39+00:00,2022-07-20T11:44:06.058000+00:00,2023-05-31T06:56:06+00:00,Sant Raj Rakesh,DGM,Bihar State Food & Civil Supplies Corporation Limited,"Khadya Bhawan, R Block, Daroga Prasad Rai Path Road No.2, Patna, Bihar 800001",Sant Raj Rakesh,DGM Technical,Bihar State Food & Civil Supplies Corporation Limited,5300.0,750.0,590.0
24418,04NB/2022-23/12,"Repair of 500 MT Capacity TPDS SFC, Godown  AT-Bhawanipur Block  Dist-Purnia","Repair of 500 MT Capacity TPDS SFC, Godown  AT-Bhawanipur Block  Dist-Purnia",845261.0,INR,INR,2022-07-20 11:57:46+00:00,2022-07-20T11:54:07.184000+00:00,2023-01-11T11:00:55+00:00,Sant Raj Rakesh,DGM,Bihar State Food & Civil Supplies Corporation Limited,"Khadya Bhawan, R Block, Daroga Prasad Rai Path Road No.2, Patna, Bihar 800001",Sant Raj Rakesh,DGM Technical,Bihar State Food & Civil Supplies Corporation Limited,17000.0,1250.0,590.0
24413,04NB/2022-23/08,Construction of Approach road for 2 Nos. 500 MT TPDS  S.F.C Godown AT-Majhaulia Block Dist-W.Champaran,Construction of Approach road for 2 Nos. 500 MT TPDS  S.F.C Godown AT-Majhaulia Block Dist-W.Champaran,1046116.0,INR,INR,2022-07-20 11:39:53+00:00,2022-07-20T11:35:52.457000+00:00,2023-01-07T07:44:21+00:00,Sant Raj Rakesh,DGM,Bihar State Food & Civil Supplies Corporation Limited,"Khadya Bhawan, R Block, Daroga Prasad Rai Path Road No.2, Patna, Bihar 800001",Sant Raj Rakesh,DGM Technical,Bihar State Food & Civil Supplies Corporation Limited,21000.0,2500.0,590.0
24412,"14/E/KAN/2022-23, Group No.-28","Work of Samarseble Motor Pump Near Gaytri Mandir UNDER WARD NO 34 OF PMC, PATNA.","Work of Samarseble Motor Pump Near Gaytri Mandir UNDER WARD NO 34 OF PMC, PATNA.",245300.0,INR,INR,2022-07-20 11:39:56+00:00,2022-07-20T11:35:33.579000+00:00,2023-06-08T11:51:57+00:00,"Aashish Prasad, Executive Engineer",EXECUETIVE ENGINEER,"Kankarbagh Division,Patna Municipal Corporation,Patna","Tempo Stand,Kankarbagh,Patna-20","Aashish Prasad,EXECUETIVE ENGINEER",EXECUETIVE ENGINEER,"Kankarbagh Division,Patna Municipal Corporation,Patna",5000.0,500.0,590.0
24453,38/PR/SBPDCL/2022Group04,"WORK- SPECIAL R/M WORK OF BOUNDARY WALL FOR 33/11 KV PSS PAIMAR AND CAMPUS OF DCR BUILDING MANPUR, GAYA.","WORK- SPECIAL R/M WORK OF BOUNDARY WALL FOR 33/11 KV PSS PAIMAR AND CAMPUS OF DCR BUILDING MANPUR, GAYA.",2370400.0,INR,INR,2022-07-25 07:27:12+00:00,2022-07-21T07:38:47.697000+00:00,2022-10-10T10:33:11+00:00,ARUN KUMAR,SE (CIVIL),SBPDCL CIVIL,"Vidyut Bhawan, Bailey Rd, Kidwaipuri, Patna, Bihar 800001",ARUN KUMAR,CE CIVIL,SBPDCL CIVIL,47500.0,5900.0,590.0
24437,38/PR/SBPDCL/2022Group03,WORK- SPECIAL R/M WORK OF BOUNDARY WALL FOR 33/11 KV PSS FATEHPUR(MANPUR) GAYA.,WORK- SPECIAL R/M WORK OF BOUNDARY WALL FOR 33/11 KV PSS FATEHPUR(MANPUR) GAYA.,1698500.0,INR,INR,2022-07-25 07:22:39+00:00,2022-07-21T06:24:46.718000+00:00,2022-10-10T10:32:25+00:00,ARUN KUMAR,SE (CIVIL),SBPDCL CIVIL,"Vidyut Bhawan, Bailey Rd, Kidwaipuri, Patna, Bihar 800001",ARUN KUMAR,CE CIVIL,SBPDCL CIVIL,34000.0,5900.0,590.0
24488,MPLS Connectivity/Registration/2022/02,"Selection of vendor for the Supply, Installation, Testing, Commissioning and maintenance of Secondary MPLS/VPN Connectivity for Department of Prohibition, Excise and Registration","Selection of vendor for the Supply, Installation, Testing, Commissioning and maintenance of Secondary MPLS/VPN Connectivity for Department of Prohibition, Excise and Registration",0.0,INR,INR,2022-07-22 10:14:59+00:00,2022-07-22T07:19:50.528000+00:00,2022-10-21T14:23:34+00:00,Sushil Kumar Suman,Deputy Inspector General of Registration,"Prohibition, Excise and Registration Department","Prohibition, Excise and Registration Department, Patna",Manoj Kumar Sanjay,A.I.G.,Prohibition Excise & Registration Department (Prohibition),200000.0,5000.0,590.0
24462,38/PR/SBPDCL/2022Group05,"WORK- R/M  WORK OF BUILDING AND SHED OF TRW BHABHUA, CIVIL DIVISION BHABHUA.","WORK- R/M  WORK OF BUILDING AND SHED OF TRW BHABHUA, CIVIL DIVISION BHABHUA.",1090799.0,INR,INR,2022-07-25 07:31:06+00:00,2022-07-21T08:20:34.649000+00:00,2022-09-02T05:26:33+00:00,ARUN KUMAR,SE (CIVIL),SBPDCL CIVIL,"Vidyut Bhawan, Bailey Rd, Kidwaipuri, Patna, Bihar 800001",ARUN KUMAR,CE CIVIL,SBPDCL CIVIL,21820.0,2950.0,590.0
24489,3216/ FCPD,SELECTION OF SERVICE PROVIDER FOR SCANNING AND DIGITIZATION OF LEGACY DATA AND RECORDS,SELECTION OF SERVICE PROVIDER FOR SCANNING AND DIGITIZATION OF LEGACY DATA AND RECORDS,5000000.0,INR,INR,2022-07-22 10:08:57+00:00,2022-07-22T09:19:53.044000+00:00,2023-04-12T09:34:48+00:00,Birendra Kumar Prasad,Deputy Secretary,FCPD,Old Secretariat,Sangeeta Singh,OSD,FCPD,120000.0,5900.0,590.0
24433,38/PR/SBPDCL/2022Group02,"WORK-  AREA DEVELOPMENT, CONSTRUCTION OF APPROACH PATH AND CONSTRUCTION OF PLATFORM OF PLINTH AT CENTRAL STORE BHAGALPUR.","WORK-  AREA DEVELOPMENT, CONSTRUCTION OF APPROACH PATH AND CONSTRUCTION OF PLATFORM OF PLINTH AT CENTRAL STORE BHAGALPUR.",3281858.0,INR,INR,2022-07-25 07:16:48+00:00,2022-07-21T06:04:25.216000+00:00,2022-10-20T11:11:04+00:00,ARUN KUMAR,SE (CIVIL),SBPDCL CIVIL,"Vidyut Bhawan, Bailey Rd, Kidwaipuri, Patna, Bihar 800001",ARUN KUMAR,CE CIVIL,SBPDCL CIVIL,65650.0,5900.0,590.0
24497,01/2022-23/BCD/KATIHAR,Construction of Additional 12 Rooms Circuit House in the campus of Circuit House Katihar under Katihar District,Construction of Additional 12 Rooms Circuit House in the campus of Circuit House Katihar under Katihar District,62767680.0,INR,INR,2022-07-22 15:44:23+00:00,2022-07-22T15:24:26.247000+00:00,2022-08-22T11:21:22+00:00,EXECUTIVE ENGINEER BUILDING DIVISION KATIHAR,E E,BUILDING CONSTRUCTION DEPARTMENT,BUILDING DIVISION KATIHAR,"Superintending Engineer, Purnea Circle",SE,Purnea Circle,1255400.0,10000.0,5900.0
24492,08/BSBCCL/2022-23 GR01,CONSTRUCTION OF 520 BEDDED BC-EBC +2 GIRLS RESIDENTIAL SCHOOL AT SATTAR KATAIYA DIS SAHARSA,CONSTRUCTION OF 520 BEDDED BC-EBC +2 GIRLS RESIDENTIAL SCHOOL AT SATTAR KATAIYA DIS SAHARSA,432047701.0,INR,INR,2022-07-22 10:50:32+00:00,2022-07-22T10:26:50.043000+00:00,2022-10-10T07:00:48+00:00,DGM BSBCCL SAHARSA,DEPUTY GENERAL MANAGER SAHARSA,BSBCCL,"BSBCCL, Hospital Road, Sastri Nagar, Patna 800023",SANTOSH KUMAR,chief general manager,BSBCCL,5321000.0,10000.0,5900.0
24498,09/2022-23/TCD-2/BETTIAH/01,Restoration Work of Pandari Minor Ex RD 237.50 (R) of Tirhut Main Canal,Restoration Work of Pandari Minor Ex RD 237.50 (R) of Tirhut Main Canal,2507524.0,INR,INR,2022-07-25 04:54:48+00:00,2022-07-25T04:40:26.774000+00:00,2022-10-29T04:57:15+00:00,RAMNATH PRASAD SE,SE,"WRD, PURNIA","Mahananda Colony, PWD Colony, Purnia, Bihar 854301",RAM NATH PRASAD,SUPERINTENDING ENGINEER,"Water Resources Department, Kishanganj",50200.0,5000.0,590.0
24501,09/2022-23/TCD-2/BETTIAH/04,Restoration Work of Parsakothi Sub Minor Ex RD 264.50 (R) of Tirhut Main Canal,Restoration Work of Parsakothi Sub Minor Ex RD 264.50 (R) of Tirhut Main Canal,1518887.0,INR,INR,2022-07-25 05:21:12+00:00,2022-07-25T04:44:30.814000+00:00,2022-10-29T04:01:57+00:00,RAMNATH PRASAD SE,SE,"WRD, PURNIA","Mahananda Colony, PWD Colony, Purnia, Bihar 854301",RAM NATH PRASAD,SUPERINTENDING ENGINEER,"Water Resources Department, Kishanganj",30400.0,5000.0,590.0
24499,09/2022-23/TCD-2/BETTIAH/02,Restoration Work of Vrititola Minor Ex RD 23.75 of Jagdishpur Sub-Distributory,Restoration Work of Vrititola Minor Ex RD 23.75 of Jagdishpur Sub-Distributory,1999086.0,INR,INR,2022-07-25 05:03:55+00:00,2022-07-25T04:42:57.423000+00:00,2022-10-29T04:46:54+00:00,RAMNATH PRASAD SE,SE,"WRD, PURNIA","Mahananda Colony, PWD Colony, Purnia, Bihar 854301",RAM NATH PRASAD,SUPERINTENDING ENGINEER,"Water Resources Department, Kishanganj",40000.0,5000.0,590.0
24500,09/2022-23/TCD-2/BETTIAH/03,Restoration Work of Nawaka Tola Sub Minor Ex RD 19.60 (L) of Mahabirpur Sub Distributory,Restoration Work of Nawaka Tola Sub Minor Ex RD 19.60 (L) of Mahabirpur Sub Distributory,2326836.0,INR,INR,2022-07-25 05:11:32+00:00,2022-07-25T04:43:51.984000+00:00,2022-10-29T04:34:21+00:00,RAMNATH PRASAD SE,SE,"WRD, PURNIA","Mahananda Colony, PWD Colony, Purnia, Bihar 854301",RAM NATH PRASAD,SUPERINTENDING ENGINEER,"Water Resources Department, Kishanganj",46600.0,5000.0,590.0
24490,NIT-01-2022-23 KOATH,"Smarat Ashok Bhawan Building Nagar Panchayat Koath, Rohtas.","Smarat Ashok Bhawan Building Nagar Panchayat Koath, Rohtas.",14864700.0,INR,INR,2022-07-22 11:15:29+00:00,2022-07-22T10:19:33.593000+00:00,2023-06-24T08:27:53+00:00,Mr. Sudhanshu Kumar(EXECUTIVE OFFICER MOHANIA),EO MOHANIA,NAGAR PANCHAYAT MOHANIA,"NAGAR PANCHAYAT MOHANIA, KAIMUR",Vikash Kumar(EXECUTIVE OFFICE NAGAR PANCHAYAT NASRIGANJ),EXECUTIVE OFFICE NPN,NAGAR PANCHAYAT NASRIGANJ,298800.0,10000.0,3540.0
24502,08/BSBCCL/2022-23 GR02,CONSTRUCTION OF 520 BEDDED OBC +2 GIRLS RESIDENTIAL SCHOOL AT KUMARKHAND DIS MADHEPURA,CONSTRUCTION OF 520 BEDDED OBC +2 GIRLS RESIDENTIAL SCHOOL AT KUMARKHAND DIS MADHEPURA,432306736.0,INR,INR,2022-07-25 05:15:00+00:00,2022-07-25T05:04:57.273000+00:00,2022-10-10T07:00:16+00:00,DGM BSBCCL SAHARSA,DEPUTY GENERAL MANAGER SAHARSA,BSBCCL,"BSBCCL, Hospital Road, Sastri Nagar, Patna 800023",SANTOSH KUMAR,chief general manager,BSBCCL,5324000.0,10000.0,5900.0
24504,NIT 04/2022-23/NVPPE Gr.-02,Nagar Parishad Fatuha antargat Ward no.-25 me Factory mode ls Pramod Gupta ke jamin tak PCC sadak nirman karya.,Nagar Parishad Fatuha antargat Ward no.-25 me Factory mode ls Pramod Gupta ke jamin tak PCC sadak nirman karya.,1935934.0,INR,INR,2022-07-25 07:48:01+00:00,2022-07-25T06:44:07.838000+00:00,2022-08-24T09:58:09+00:00,RANA VIDYA DHAR,EE NVP Patna East,"NAGAR VIKASH PRAMANDAL, PATNA EAST","S-32 Transit Hostel, Patna 800001",Rana Vidyadhar,EE NVP Patna East,"NAGAR VIKASH PRAMANDAL, PATNA EAST",38800.0,5000.0,590.0
24506,NIT 04/2022-23/NVPPE Gr.-04,Nagar Parishad Fatuha antargat Ward no.-26 me Anil Kumar ke makan se Arun Yadav ke makan hote hue Manoj Kumar ke makan rd PCC sadak nirman karya.,Nagar Parishad Fatuha antargat Ward no.-26 me Anil Kumar ke makan se Arun Yadav ke makan hote hue Manoj Kumar ke makan rd PCC sadak nirman karya.,353764.0,INR,INR,2022-07-25 07:54:37+00:00,2022-07-25T06:51:41.284000+00:00,2023-01-24T11:43:40+00:00,RANA VIDYA DHAR,EE NVP Patna East,"NAGAR VIKASH PRAMANDAL, PATNA EAST","S-32 Transit Hostel, Patna 800001",Rana Vidyadhar,EE NVP Patna East,"NAGAR VIKASH PRAMANDAL, PATNA EAST",7100.0,750.0,590.0
24509,NIT 04/2022-23/NVPPE Gr.-07,"Nagar Parishad Fatuha antargat Ward no.-14 me Mastana Babu ke Adhat ke pas, 14 me Premji ke Kapda Dukan ke pas, 15 me Tarachand ke ghar ke pas, 15 me Rajkumar Ganauri ke ghar ke samne, 15 me Sangat me, 15 me Vivah Bhawan me, 15 me Tulsi Ravidas ke ghar ke samne, 19 me Fulchand Master ke ghar ke samne, 19 me Saheb Gope ke ghar ke samne Kuan ka Jirnoddhar aur Sokhta Nirman Karya.","Nagar Parishad Fatuha antargat Ward no.-14 me Mastana Babu ke Adhat ke pas, 14 me Premji ke Kapda Dukan ke pas, 15 me Tarachand ke ghar ke pas, 15 me Rajkumar Ganauri ke ghar ke samne, 15 me Sangat me, 15 me Vivah Bhawan me, 15 me Tulsi Ravidas ke ghar ke samne, 19 me Fulchand Master ke ghar ke samne, 19 me Saheb Gope ke ghar ke samne Kuan ka Jirnoddhar aur Sokhta Nirman Karya.",679700.0,INR,INR,2022-07-25 08:01:04+00:00,2022-07-25T07:07:15.936000+00:00,2022-12-08T09:49:26+00:00,RANA VIDYA DHAR,EE NVP Patna East,"NAGAR VIKASH PRAMANDAL, PATNA EAST","S-32 Transit Hostel, Patna 800001",Rana Vidyadhar,EE NVP Patna East,"NAGAR VIKASH PRAMANDAL, PATNA EAST",13600.0,1250.0,590.0
24505,NIT 04/2022-23/NVPPE Gr.-03,Nagar Parishad Fatuha antargat Ward no.-25 me Birju Paswan ke ghar se hote hue Factory area mode tak RCC nala aur PCC sadak nirman karya.,Nagar Parishad Fatuha antargat Ward no.-25 me Birju Paswan ke ghar se hote hue Factory area mode tak RCC nala aur PCC sadak nirman karya.,795085.0,INR,INR,2022-07-25 07:51:43+00:00,2022-07-25T06:47:42.904000+00:00,2022-08-02T06:18:46+00:00,RANA VIDYA DHAR,EE NVP Patna East,"NAGAR VIKASH PRAMANDAL, PATNA EAST","S-32 Transit Hostel, Patna 800001",Rana Vidyadhar,EE NVP Patna East,"NAGAR VIKASH PRAMANDAL, PATNA EAST",16000.0,1250.0,590.0
24512,NIT 04/2022-23/NVPPE Gr.-09 (Re Tender),Nagar Parishad Fatuha antargat Ward no.-26 me Kamal Gope ke makan se Sudhir Yadav ke makan tak Sadak aur Nala Nirmanya Karya. (Re Tender),Nagar Parishad Fatuha antargat Ward no.-26 me Kamal Gope ke makan se Sudhir Yadav ke makan tak Sadak aur Nala Nirmanya Karya. (Re Tender),346800.0,INR,INR,2022-07-25 08:08:46+00:00,2022-07-25T07:21:59.741000+00:00,2022-08-02T02:26:30+00:00,RANA VIDYA DHAR,EE NVP Patna East,"NAGAR VIKASH PRAMANDAL, PATNA EAST","S-32 Transit Hostel, Patna 800001",Rana Vidyadhar,EE NVP Patna East,"NAGAR VIKASH PRAMANDAL, PATNA EAST",7000.0,750.0,590.0
24511,13/BCD/PBD/2022-23,Security cum sitting arrangement and other misc. work at Gandhi maidan on the eve of Independence Day (15.08.2022) for the year 2022-23,Security cum sitting arrangement and other misc. work at Gandhi maidan on the eve of Independence Day (15.08.2022) for the year 2022-23,6996899.0,INR,INR,2022-07-25 07:34:55+00:00,2022-07-25T07:13:25.475000+00:00,2022-09-05T10:27:35+00:00,"Executive Engineer, PATNA",EE,Patna Division,"EE, Patna Division, Lodipur, Near fire station office, Patna","Superintending Engineer, South Bihar Circle",SE,South Bihar Circle,140000.0,10000.0,590.0
24503,NIT 04/2022-23/NVPPE Gr.-01,Nagar Parishad Fatuha antargat Ward no.-22 me Pawan Paswan ke Ghar se hote hue Raja Paswan ke Ghar se Bhim Paswan ke Ghar se hote hue Niranjan Paswan ke ghar se Sudhir Pandit ke ghar hote hue Shankar Bhagwan ke Mandir tak Bhugarv Nala ka nirman karya.,Nagar Parishad Fatuha antargat Ward no.-22 me Pawan Paswan ke Ghar se hote hue Raja Paswan ke Ghar se Bhim Paswan ke Ghar se hote hue Niranjan Paswan ke ghar se Sudhir Pandit ke ghar hote hue Shankar Bhagwan ke Mandir tak Bhugarv Nala ka nirman karya.,2227536.0,INR,INR,2022-07-25 07:44:36+00:00,2022-07-25T06:28:41.179000+00:00,2023-01-24T11:18:14+00:00,RANA VIDYA DHAR,EE NVP Patna East,"NAGAR VIKASH PRAMANDAL, PATNA EAST","S-32 Transit Hostel, Patna 800001",Rana Vidyadhar,EE NVP Patna East,"NAGAR VIKASH PRAMANDAL, PATNA EAST",44600.0,5000.0,590.0
24508,NIT 04/2022-23/NVPPE Gr.-06,"Nagar Parishad Fatuha antargat Ward no.-02 me Nagina Ray ke ghar ke pas, 03 me Triveni Ghat ke pas, 08 me Dinesh Ray ke ghar ke pas, 08 me Amirak ji ke ghar ke pas, 08 me Late Badri Dome ke ghar ke pichhe, 09 me Sachchidanand Sinha ke ghar ke pas, 11 me Ajodha Saw ke ghar ke samne, 12 me Kailashchandra ke ghar ke Samne, 16 me Shivaji Mahto ke ghar ke samne Kuan ka Jirnoddhar aur Sokhta Nirman Karya.","Nagar Parishad Fatuha antargat Ward no.-02 me Nagina Ray ke ghar ke pas, 03 me Triveni Ghat ke pas, 08 me Dinesh Ray ke ghar ke pas, 08 me Amirak ji ke ghar ke pas, 08 me Late Badri Dome ke ghar ke pichhe, 09 me Sachchidanand Sinha ke ghar ke pas, 11 me Ajodha Saw ke ghar ke samne, 12 me Kailashchandra ke ghar ke Samne, 16 me Shivaji Mahto ke ghar ke samne Kuan ka Jirnoddhar aur Sokhta Nirman Karya.",679700.0,INR,INR,2022-07-25 07:59:02+00:00,2022-07-25T07:03:18.741000+00:00,2022-12-08T09:42:00+00:00,RANA VIDYA DHAR,EE NVP Patna East,"NAGAR VIKASH PRAMANDAL, PATNA EAST","S-32 Transit Hostel, Patna 800001",Rana Vidyadhar,EE NVP Patna East,"NAGAR VIKASH PRAMANDAL, PATNA EAST",13600.0,1250.0,590.0
24507,NIT 04/2022-23/NVPPE Gr.-05,"Nagar Parishad Fatuha antargat Ward no.-22 me Sudarshan Roy ke ghar se pas, 25 me Baba Kalyan Nath ke pas transformer ke peechhe, 26 me Mastana ji ka, 26 me Uttam ji ke ghar ke pas, 26 me Sudhir ji ke ghar ke pas, 27 me Dak Bangla parisar me, 27 me Sahkari bank parisar me, 27 me Nagar Parishad Gate ke samne,me, 27 me Shisha mill Late.Haricharan Babu ke ghar ke pas Kuan ka Jirnoddhar aur Sokhta Nirman Karya.","Nagar Parishad Fatuha antargat Ward no.-22 me Sudarshan Roy ke ghar se pas, 25 me Baba Kalyan Nath ke pas transformer ke peechhe, 26 me Mastana ji ka, 26 me Uttam ji ke ghar ke pas, 26 me Sudhir ji ke ghar ke pas, 27 me Dak Bangla parisar me, 27 me Sahkari bank parisar me, 27 me Nagar Parishad Gate ke samne,me, 27 me Shisha mill Late.Haricharan Babu ke ghar ke pas Kuan ka Jirnoddhar aur Sokhta Nirman Karya.",679700.0,INR,INR,2022-07-25 07:57:10+00:00,2022-07-25T06:59:48.741000+00:00,2022-12-08T09:28:43+00:00,RANA VIDYA DHAR,EE NVP Patna East,"NAGAR VIKASH PRAMANDAL, PATNA EAST","S-32 Transit Hostel, Patna 800001",Rana Vidyadhar,EE NVP Patna East,"NAGAR VIKASH PRAMANDAL, PATNA EAST",13600.0,1250.0,590.0
24518,NIT- 13/BCD/GAYA/2022-23,CONSTRUCTION OF DRAIN & ROAD TO REMOVE WATER LOGGING IN SUB JAIL SHERGHATI  AT GAYA  FOR THE YEAR    2022-23(Reserved for Unemployed Engineer),CONSTRUCTION OF DRAIN & ROAD TO REMOVE WATER LOGGING IN SUB JAIL SHERGHATI  AT GAYA  FOR THE YEAR    2022-23(Reserved for Unemployed Engineer),3644483.0,INR,INR,2022-07-25 08:17:01+00:00,2022-07-25T07:53:01.357000+00:00,2022-11-21T08:28:28+00:00,"Executive Engineer, BUILDING DIVISION GAYA",EE,Building Division Gaya,"EE, Building Division Gaya, BCD, Gaya","Superintending Engineer, BUILDING CIRCLE GAYA",SE,Building Circle Gaya,37000.0,5000.0,590.0
24515,NIT 04/2022-23/NVPPE Gr.-12 (Re Tender),CONSTRUCTION OF PCC ROAD AND DRAIN FROM ARJUN SAW HOUSE TO DINBANDHU HOUSE VIA ARUN JAISWAL AND ASHOK JI HOUSE IN WARD 12 UNDER NPB. (Re Tender),CONSTRUCTION OF PCC ROAD AND DRAIN FROM ARJUN SAW HOUSE TO DINBANDHU HOUSE VIA ARUN JAISWAL AND ASHOK JI HOUSE IN WARD 12 UNDER NPB. (Re Tender),501543.0,INR,INR,2022-07-25 08:15:26+00:00,2022-07-25T07:33:25.037000+00:00,2022-09-24T11:21:28+00:00,RANA VIDYA DHAR,EE NVP Patna East,"NAGAR VIKASH PRAMANDAL, PATNA EAST","S-32 Transit Hostel, Patna 800001",Rana Vidyadhar,EE NVP Patna East,"NAGAR VIKASH PRAMANDAL, PATNA EAST",10100.0,1250.0,590.0
24514,NIT 04/2022-23/NVPPE Gr.-11 (Re Tender),CONSTRUCTION OF PCC ROAD AND DRAIN FROM LAHERIYA POKHAR ROAD TO NIRALA JI HOUSE IN WARD 24 UNDER NPB.,CONSTRUCTION OF PCC ROAD AND DRAIN FROM LAHERIYA POKHAR ROAD TO NIRALA JI HOUSE IN WARD 24 UNDER NPB.,350844.0,INR,INR,2022-07-25 08:13:44+00:00,2022-07-25T07:29:28.275000+00:00,2022-09-24T11:38:58+00:00,RANA VIDYA DHAR,EE NVP Patna East,"NAGAR VIKASH PRAMANDAL, PATNA EAST","S-32 Transit Hostel, Patna 800001",Rana Vidyadhar,EE NVP Patna East,"NAGAR VIKASH PRAMANDAL, PATNA EAST",7100.0,750.0,590.0
24513,NIT 04/2022-23/NVPPE Gr.-10 (Re Tender),CONSTRUCTION OF PCC ROAD AND DRAIN FROM WAZIDPUR ROAD MAJHAR ALI HOUSE AND FROM RISHIKESH PANDAY TO BAJRANG BALI TEMPLE AND FROM NARENDRA DIXIT TO MADHUSHUDAN SHARMA HOUSE IN WARD 03 UNDER NPB.,CONSTRUCTION OF PCC ROAD AND DRAIN FROM WAZIDPUR ROAD MAJHAR ALI HOUSE AND FROM RISHIKESH PANDAY TO BAJRANG BALI TEMPLE AND FROM NARENDRA DIXIT TO MADHUSHUDAN SHARMA HOUSE IN WARD 03 UNDER NPB.,1161607.0,INR,INR,2022-07-25 08:11:34+00:00,2022-07-25T07:25:33.477000+00:00,2023-09-29T10:37:55+00:00,RANA VIDYA DHAR,EE NVP Patna East,"NAGAR VIKASH PRAMANDAL, PATNA EAST","S-32 Transit Hostel, Patna 800001",Rana Vidyadhar,EE NVP Patna East,"NAGAR VIKASH PRAMANDAL, PATNA EAST",23300.0,2500.0,590.0
24516,NIT 04/2022-23/NVPPE Gr.-13 (Re Tender),CONSTRUCTION OF PCC ROAD AND DRAIN FROM AMRENDRA KR. HOUSE TO DILIP KR. HOUSE IN WARD 23 UNDER NPB. (Re Tender),CONSTRUCTION OF PCC ROAD AND DRAIN FROM AMRENDRA KR. HOUSE TO DILIP KR. HOUSE IN WARD 23 UNDER NPB. (Re Tender),1582632.0,INR,INR,2022-07-25 08:18:01+00:00,2022-07-25T07:39:07.194000+00:00,2022-09-24T11:31:46+00:00,RANA VIDYA DHAR,EE NVP Patna East,"NAGAR VIKASH PRAMANDAL, PATNA EAST","S-32 Transit Hostel, Patna 800001",Rana Vidyadhar,EE NVP Patna East,"NAGAR VIKASH PRAMANDAL, PATNA EAST",31700.0,5000.0,590.0
24519,39/PR/SBPDCL/2022Group02,"WORK-  CONSTRUCTION OF APPROACH ROAD FROM MAIN ROAD TO POWER TRANSFORMER OF SWITCH YARD AND CRB AT 33/11Kv PSS BARUN, AURANGABAD.","WORK-  CONSTRUCTION OF APPROACH ROAD FROM MAIN ROAD TO POWER TRANSFORMER OF SWITCH YARD AND CRB AT 33/11Kv PSS BARUN, AURANGABAD.",3252000.0,INR,INR,2022-07-29 07:12:23+00:00,2022-07-25T07:59:10.362000+00:00,2022-11-02T06:16:09+00:00,ARUN KUMAR,SE (CIVIL),SBPDCL CIVIL,"Vidyut Bhawan, Bailey Rd, Kidwaipuri, Patna, Bihar 800001",ARUN KUMAR,CE CIVIL,SBPDCL CIVIL,65100.0,5900.0,590.0
24525,NIT 02/2022-23,"Under Nagar Panchayat Maharajganj, construction work of soak pit at selected places near 23 nos. government hand pump in ward number 1 to 14. (The list of 23 nos. hand pumps will be made available by the office.)","Under Nagar Panchayat Maharajganj, construction work of soak pit at selected places near 23 nos. government hand pump in ward number 1 to 14. (The list of 23 nos. hand pumps will be made available by the office.)",408250.0,INR,INR,2022-07-26 06:02:22+00:00,2022-07-25T10:39:10.622000+00:00,2022-08-03T09:30:01+00:00,HARISCHANDRA,EXECUTIVE OFFICER NAGAR PANCHAYAT MAHARAJGANJ,NAGAR PANCHAYAT MAHARAJGANJ,PASNAULI SAGAR WARD 12 ADMINISTRATIVE BUILDING,HARISCHANDRA,EXECUTIVE OFFICER NAGAR PANCHAYAT MAHARAJGANJ,NAGAR PANCHAYAT MAHARAJGANJ,8200.0,1180.0,590.0
24523,NIT 07/BCD/PATNA CITY/2022-23,"Repairing of boundary wall at Bakhtiyarpur engineering collage Bakhtiyarpur, Patna for the year 2022-23","Repairing of boundary wall at Bakhtiyarpur engineering collage Bakhtiyarpur, Patna for the year 2022-23",4400868.0,INR,INR,2022-07-25 09:10:42+00:00,2022-07-25T08:49:28.755000+00:00,2022-12-02T11:53:31+00:00,"Executive Engineer, BUILDING DIVISION PATNA CITY",EE,BUILDING DIVISION PATNA CITY,"EE, BUILDING DIVISION PATNA CITY, BCD, GULZARBAG, PATNA BIHAR","Superintending Engineer, Patna Circle",SE,Patna CIRCLE,88100.0,5000.0,590.0
24526,04/BCD/BETTIAH/2022-23 GROUP 1,Construction of sump house E/W and drainage water for disposal water logging and other work in sub jail Bagaha for 2022-23,Construction of sump house E/W and drainage water for disposal water logging and other work in sub jail Bagaha for 2022-23,5976258.0,INR,INR,2022-07-25 11:06:15+00:00,2022-07-25T10:47:49.471000+00:00,2022-11-30T10:09:29+00:00,"Executive Engineer, BUILDING DIVISION BETTIAH",EE,Executive Engineer Bettiah,"Executive Engineer Bettiah, BCD, Bettiah,  bihar","Superintending Engineer, BUILDING CIRCLE MOTIHARI",SE,"Superintending Engineer, Building Circle  Motihari",119600.0,10000.0,590.0
24522,14/BCD/SITAMARHI/2022-23,Repair and Raising of Perimeter wall of Mandal Kara  Distt. Sitamarhi for the year 2021 - 22,Repair and Raising of Perimeter wall of Mandal Kara  Distt. Sitamarhi for the year 2021 - 22,2965682.0,INR,INR,2022-07-25 08:42:32+00:00,2022-07-25T08:29:08.233000+00:00,2022-10-26T06:49:50+00:00,"Executive Engineer, BUILDING DIVISION SITAMARHI",EE,Building  Division Sitamarhi,"EE, Building  Division Sitamarhi , BUILDING CONSTRUCTION DEPARTMENT,  Sitamarhi , Bihar","Superintending Engineer, Building Circle Muzaffarpur",SE,Building Circle Muzaffarpur,59400.0,5000.0,590.0
24530,13/RE-TENDER/BCD/DARBHANGA/2022-23 (Group-03),"Disaster Relief Centre (For Flood Affected Area) At-Kewatgama Panchayat, Kusheshwarsthan Purvi in Distt-Darbhanga.","Disaster Relief Centre (For Flood Affected Area) At-Kewatgama Panchayat, Kusheshwarsthan Purvi in Distt-Darbhanga.",11406414.0,INR,INR,2022-07-25 11:32:49+00:00,2022-07-25T11:16:06.252000+00:00,2022-09-20T05:27:55+00:00,"Executive Engineer, BUILDING DIVISION DARBHANGA",EE,Building division Darbhanga,"Executive Engineer, BUILDING DIVISION DARBHANGA, BCD","Superintending Engineer, BUILDING CIRCLE DARBHANGA",SE,Building Circle Darbhanga,228200.0,10000.0,3540.0
24517,39/PR/SBPDCL/2022Group01,"WORK-  REPAIR AND MAINTENANCE WORK OF TRW BUILDING & SHED AT MUZAHIDPUR ,BHAGALPUR.","WORK-  REPAIR AND MAINTENANCE WORK OF TRW BUILDING & SHED AT MUZAHIDPUR ,BHAGALPUR.",2656200.0,INR,INR,2022-07-29 07:18:34+00:00,2022-07-25T07:42:39.873000+00:00,2022-11-02T05:23:20+00:00,ARUN KUMAR,SE (CIVIL),SBPDCL CIVIL,"Vidyut Bhawan, Bailey Rd, Kidwaipuri, Patna, Bihar 800001",ARUN KUMAR,CE CIVIL,SBPDCL CIVIL,53200.0,5900.0,590.0
24524,NIT NO- 05/PHED/LKR/2022-23 R1 (GR. NO- H-3),Construction 28 nos. 125/115 mm x 70 m deep Drilled Tube well  including platform and drain with IM-II  handpump along with soak pit  in place of old and defunct handpumps/ water scarce areas in district Lakhisarai   for the year 2022-23,Construction 28 nos. 125/115 mm x 70 m deep Drilled Tube well  including platform and drain with IM-II  handpump along with soak pit  in place of old and defunct handpumps/ water scarce areas in district Lakhisarai   for the year 2022-23,1858668.0,INR,INR,2022-07-25 11:33:24+00:00,2022-07-25T09:57:23.816000+00:00,2022-10-19T12:43:04+00:00,"EXECUTIVE ENGINEER, LAKHISARAI DIVISION",EE,"EXECUTIVE ENGINEER, LAKHISARAI DIVISION","EXECUTIVE ENGINEER, LAKHISARAI DIVISION",Manoj Kumar,SE,Public Health Engineering Dept,37200.0,5000.0,590.0
24528,04/BCD/BETTIAH/2022-23 GROUP 2,Construction of drain and sump house to remove water logging problem in D.J. Bettiah for 2022-23,Construction of drain and sump house to remove water logging problem in D.J. Bettiah for 2022-23,5414469.0,INR,INR,2022-07-25 11:10:58+00:00,2022-07-25T11:06:32.259000+00:00,2023-02-02T11:10:05+00:00,"Executive Engineer, BUILDING DIVISION BETTIAH",EE,Executive Engineer Bettiah,"Executive Engineer Bettiah, BCD, Bettiah,  bihar","Superintending Engineer, BUILDING CIRCLE MOTIHARI",SE,"Superintending Engineer, Building Circle  Motihari",108300.0,10000.0,590.0
24529,13/RE-TENDER/BCD/DARBHANGA/2022-23 (Group-02),"Disaster Relief Centre (For Flood Affected Area) At-Bhindua Panchayat, Kusheshwarsthan Purvi in Distt-Darbhanga.","Disaster Relief Centre (For Flood Affected Area) At-Bhindua Panchayat, Kusheshwarsthan Purvi in Distt-Darbhanga.",11406414.0,INR,INR,2022-07-25 11:15:25+00:00,2022-07-25T11:07:47.121000+00:00,2022-09-23T07:55:38+00:00,"Executive Engineer, BUILDING DIVISION DARBHANGA",EE,Building division Darbhanga,"Executive Engineer, BUILDING DIVISION DARBHANGA, BCD","Superintending Engineer, BUILDING CIRCLE DARBHANGA",SE,Building Circle Darbhanga,228200.0,10000.0,3540.0
24527,13/RE-TENDER/BCD/DARBHANGA/2022-23 (Group-01),"Disaster Relief Centre (For Flood Affected Area) at Itehar Panchayat, Kusheshwarsthan Purvi in Distt-Darbhanga.","Disaster Relief Centre (For Flood Affected Area) at Itehar Panchayat, Kusheshwarsthan Purvi in Distt-Darbhanga.",11406414.0,INR,INR,2022-07-25 11:06:02+00:00,2022-07-25T10:55:56.823000+00:00,2022-09-23T07:54:57+00:00,"Executive Engineer, BUILDING DIVISION DARBHANGA",EE,Building division Darbhanga,"Executive Engineer, BUILDING DIVISION DARBHANGA, BCD","Superintending Engineer, BUILDING CIRCLE DARBHANGA",SE,Building Circle Darbhanga,228200.0,10000.0,3540.0
24538,02/2022-23/ID-DAUDNAGAR/04,"CONSTRUCTION OF TERI FIELD CHANNEL FROM 0.00KM TO 1.20KM OFF-TAKING FROM 5.00KM (RIGHT) OF PATNA MAIN CANAL UNDER BARUN BLOCK, DISTRICT AURANGABAD   (GROUP-04)","CONSTRUCTION OF TERI FIELD CHANNEL FROM 0.00KM TO 1.20KM OFF-TAKING FROM 5.00KM (RIGHT) OF PATNA MAIN CANAL UNDER BARUN BLOCK, DISTRICT AURANGABAD   (GROUP-04)",3249837.0,INR,INR,2022-07-26 06:41:12+00:00,2022-07-26T05:25:25.829000+00:00,2022-09-12T05:50:28+00:00,SURESH KUMAR,EE,WATER RESOURCES DEPARTMENT,IRRIGATION DIVISION DAUDNAGAR,Awadhesh Kumar Sinha,SE,WATER RESOURCES DEPARTMENT,65000.0,5000.0,590.0
24537,02/2022-23/ID-DAUDNAGAR/03,"CONSTRUCTION OF ATRAULI FIELD CHANNEL FROM 0.00KM TO 1.20KM OFF-TAKING FROM 8.80KM (LEFT) OF MANORA DISTRIBUTARY UNDER OBRA BLOCK,DISTRICT AURANGABAD  (GROUP-03)","CONSTRUCTION OF ATRAULI FIELD CHANNEL FROM 0.00KM TO 1.20KM OFF-TAKING FROM 8.80KM (LEFT) OF MANORA DISTRIBUTARY UNDER OBRA BLOCK,DISTRICT AURANGABAD  (GROUP-03)",3249837.0,INR,INR,2022-07-26 06:40:05+00:00,2022-07-26T05:22:29.961000+00:00,2022-08-03T09:30:01+00:00,SURESH KUMAR,EE,WATER RESOURCES DEPARTMENT,IRRIGATION DIVISION DAUDNAGAR,Awadhesh Kumar Sinha,SE,WATER RESOURCES DEPARTMENT,65000.0,5000.0,590.0
24540,RE/22/BCD/MADHUBANI/2022-23,"Earth filling in Jail Campus and P.C.C road runs along both (inner & outer) side of perimeter wall of Mandal Kara, Madhubani in district Madhubani","Earth filling in Jail Campus and P.C.C road runs along both (inner & outer) side of perimeter wall of Mandal Kara, Madhubani in district Madhubani",13058090.0,INR,INR,2022-07-26 07:36:28+00:00,2022-07-26T07:03:19.709000+00:00,2022-08-22T12:09:09+00:00,EXECUTIVE ENGINEER BUILDING DIVISION MADHUBANI,EXECUTIVE ENGINEER,BUILDING DIVISION MADHUBANI,BUILDING DIVISION MADHUBANI,"Superintending Engineer, BUILDING CIRCLE DARBHANGA",SE,Building Circle Darbhanga,261200.0,10000.0,3540.0
24531,13/RE-TENDER/BCD/DARBHANGA/2022-23 (Group-04),"Disaster Relief Centre (For Flood Affected Area) At-South Panchayat, Kusheshwarsthan Purvi in Distt-Darbhanga.","Disaster Relief Centre (For Flood Affected Area) At-South Panchayat, Kusheshwarsthan Purvi in Distt-Darbhanga.",11406414.0,INR,INR,2022-07-25 11:37:56+00:00,2022-07-25T11:33:21.745000+00:00,2022-09-23T07:56:06+00:00,"Executive Engineer, BUILDING DIVISION DARBHANGA",EE,Building division Darbhanga,"Executive Engineer, BUILDING DIVISION DARBHANGA, BCD","Superintending Engineer, BUILDING CIRCLE DARBHANGA",SE,Building Circle Darbhanga,228200.0,10000.0,3540.0
24544,SFC/ARA/01(22-23),Tender For Transporting Cum Handling Contractor For Main In Araria District,Tender For Transporting Cum Handling Contractor For Main In Araria District,0.0,INR,INR,2022-07-26 09:26:14+00:00,2022-07-26T08:46:21.055000+00:00,2022-10-11T06:45:42+00:00,Sri Sanjeev Kumar Singh,District Manager Araria,"Bihar State Food and Civil Supplies Corporation Ltd., Araria","Bihar State Food and Civil Supplies Corporation Ltd., Araria",Sri Sanjeev Kumar Singh,District Manager Araria,"Bihar State Food and Civil Supplies Corporation Ltd., Araria",300000.0,5000.0,590.0
24547,03/2022-23/BATANE HWD-AMBA AURANGABAD/WRD/03,RENOVATION OF BATANE LEFT MAIN CANAL AT CH. 694.00 TO 733.00 (GROUP-03),RENOVATION OF BATANE LEFT MAIN CANAL AT CH. 694.00 TO 733.00 (GROUP-03),2052702.0,INR,INR,2022-07-26 10:26:20+00:00,2022-07-26T10:03:28.873000+00:00,2022-11-03T06:28:39+00:00,VIVEK KUMAR,EXECUTIVE ENGINEER,WATER RESOURCES DEPARTMENT,"BATANE HEAD WORK DIVISION, AMBA",SANJEEV KUMAR,SE,WATER RESOURCES DEPARTMENT,41100.0,5000.0,590.0
24536,02/2022-23/ID-DAUDNAGAR/02,"CONSTRUCTION OF BAIDAHI FIELD CHANNEL FROM 0.00KM TO 12.00KM OFF-TAKING FROM 3.90KM (LEFT) OF MAIN EASTERN CANAL UNDER BARUN BLOCK, DISTRICT AURANGABAD (GROUP-02)","CONSTRUCTION OF BAIDAHI FIELD CHANNEL FROM 0.00KM TO 12.00KM OFF-TAKING FROM 3.90KM (LEFT) OF MAIN EASTERN CANAL UNDER BARUN BLOCK, DISTRICT AURANGABAD (GROUP-02)",3249837.0,INR,INR,2022-07-26 06:39:08+00:00,2022-07-26T05:10:13.916000+00:00,2022-09-12T05:59:40+00:00,SURESH KUMAR,EE,WATER RESOURCES DEPARTMENT,IRRIGATION DIVISION DAUDNAGAR,Awadhesh Kumar Sinha,SE,WATER RESOURCES DEPARTMENT,65000.0,5000.0,590.0
24549,NIT-06R1/GR-01/2022-23,"Supply of GI Pipe of India Mark-III hand pump in Vaishali District Under PH Division, Hajipur for the year 2022-23.","Supply of GI Pipe of India Mark-III hand pump in Vaishali District Under PH Division, Hajipur for the year 2022-23.",616400.0,INR,INR,2022-07-27 06:56:05+00:00,2022-07-27T06:35:21.553000+00:00,2022-07-29T11:30:01+00:00,"Executive Engineer P.H. Division, Hajipur",EE,P.H. DIVISION HAJIPUR,Hospital road Near pani tanki campus hajipur,SUPERINTENDING ENGINNER  MUZAFFARPUR,SE,PHED CIRCLE OFFICE MUZAFFARPUR,12400.0,1250.0,590.0
24546,03/2022-23/BATANE HWD-AMBA AURANGABAD/WRD/02,RENOVATION OF BATANE LEFT MAIN CANAL AT CH. 654.00 TO 693.00  (GROUP-02),RENOVATION OF BATANE LEFT MAIN CANAL AT CH. 654.00 TO 693.00  (GROUP-02),1738098.0,INR,INR,2022-07-26 10:25:17+00:00,2022-07-26T09:59:56.647000+00:00,2022-11-03T06:16:30+00:00,VIVEK KUMAR,EXECUTIVE ENGINEER,WATER RESOURCES DEPARTMENT,"BATANE HEAD WORK DIVISION, AMBA",SANJEEV KUMAR,SE,WATER RESOURCES DEPARTMENT,34800.0,5000.0,590.0
24545,03/2022-23/BATANE HWD-AMBA AURANGABAD/WRD/01,RENOVATION  OF GODIHA DISTRIBUTORY  AT CH. 52.00 TO 95.00   (GROUP-01),RENOVATION  OF GODIHA DISTRIBUTORY  AT CH. 52.00 TO 95.00   (GROUP-01),1458951.0,INR,INR,2022-07-26 10:24:26+00:00,2022-07-26T09:52:10.423000+00:00,2022-11-03T06:41:41+00:00,VIVEK KUMAR,EXECUTIVE ENGINEER,WATER RESOURCES DEPARTMENT,"BATANE HEAD WORK DIVISION, AMBA",SANJEEV KUMAR,SE,WATER RESOURCES DEPARTMENT,29200.0,5000.0,590.0
24554,05/2022-23/SHLCD-AURANGABAD/01,"CONSTRUCTION OF PARAWAN FIELD CHANNEL WITH  CATTLE CROSSING, DISTRIBUTION  CHAMBER, AND OUTLET UNDER SONE HIGH LEVEL CANAL DIVISION, AURANGABAD (GROUP-01)","CONSTRUCTION OF PARAWAN FIELD CHANNEL WITH  CATTLE CROSSING, DISTRIBUTION  CHAMBER, AND OUTLET UNDER SONE HIGH LEVEL CANAL DIVISION, AURANGABAD (GROUP-01)",2806661.0,INR,INR,2022-07-27 14:45:11+00:00,2022-07-27T14:14:48.338000+00:00,2022-10-08T13:56:51+00:00,NAWAL KISHORE KUMAR,EXECUTIVE ENGINEER,WATER RESOURCES DEPARTMENT,"SONE HIGH LEVEL CANAL DIVISION, AURANGABAD",Awadhesh Kumar Sinha,SE,WATER RESOURCES DEPARTMENT,56200.0,5000.0,590.0
24542,NIT NO- 14/E/PATLIPUTRA/2021-22/Gr-10,Construction of Under ground drain and PCC Road from Jivak Saly Nilyam Apandpuri to mohan sweerts in ward no-23,Construction of Under ground drain and PCC Road from Jivak Saly Nilyam Apandpuri to mohan sweerts in ward no-23,5034849.0,INR,INR,2022-07-26 08:20:52+00:00,2022-07-26T07:53:08.653000+00:00,2022-10-11T09:56:16+00:00,"Aashish Prasad, Executive Engineer",EE,Patliputra Division,Sahdev Matho Marg sk puri park patna,"Aashish Prasad,EXECUETIVE ENGINEER",EE,Patliputra Division,100700.0,10000.0,590.0
24553,MCD-NIT-04/2022-23-GR-01,Construction of P.C.C. Road and R.C.C. Drain from Janakpuri lane no.? 02 Main Road to house of Shri A.K. Thakur in Nagar Parishad Danapur Nizamat.,Construction of P.C.C. Road and R.C.C. Drain from Janakpuri lane no.? 02 Main Road to house of Shri A.K. Thakur in Nagar Parishad Danapur Nizamat.,2493100.0,INR,INR,2022-07-27 12:06:28+00:00,2022-07-27T11:00:16.210000+00:00,2022-10-12T08:57:37+00:00,"EXECUTIVE OFFICER, DANAPUR NIZAMAT",EO,NAGAR PARISHAD DANAPUR NIZAMAT,NAGAR PARISHAD DANAPUR NIZAMAT WARD NO.-35,"EXECUTIVE OFFICER, DANAPUR NIZAMAT",EO,NAGAR PARISHAD DANAPUR NIZAMAT,50000.0,5000.0,590.0
24543,NIT NO - 636/ Katihar/Main,Tender for Transportation-Cum-Handling Contractor (Main),Tender for Transportation-Cum-Handling Contractor (Main),0.0,INR,INR,2022-07-29 11:17:38+00:00,2022-07-26T08:05:54.082000+00:00,2022-09-28T10:29:35+00:00,Prashant Kumar chaudhary,DM SFC,BSFC Katihar,Mirchaibari Katihar,Prashant Kumar Chaudhary,District Manager,BSFCSCL,300000.0,5000.0,590.0
24539,RE/23/BCD//MADHUBANI/2021-22,CONSTRUCTION OF FLOOD SHELTER BUILDING (FOR FLOOD AFFECTED AREA)  TARAIYA PANCHAYAT VILLAGE PIROKHAR AT  MADHWAPUR BLOCK DISTRICT  MADHUBANI.,CONSTRUCTION OF FLOOD SHELTER BUILDING (FOR FLOOD AFFECTED AREA)  TARAIYA PANCHAYAT VILLAGE PIROKHAR AT  MADHWAPUR BLOCK DISTRICT  MADHUBANI.,11182908.0,INR,INR,2022-07-26 07:02:20+00:00,2022-07-26T06:49:17.925000+00:00,2022-10-12T07:00:08+00:00,EXECUTIVE ENGINEER BUILDING DIVISION MADHUBANI,EXECUTIVE ENGINEER,BUILDING DIVISION MADHUBANI,BUILDING DIVISION MADHUBANI,"Superintending Engineer, BUILDING CIRCLE DARBHANGA",SE,Building Circle Darbhanga,223700.0,10000.0,3540.0
24556,05(R2)/2021-22,"Construction of 125mm X 40mm dia. X 61 meter(av.) deep sustainable tube well with India Mark II Hand Pump and construction of 1.85 Mtr. dia. circular P.C.C. Platform and P.C.C drain under special central assistencte to schedule caste sub plan (SCA to SCSP) under P.H. Division, Saharsa in Saharsa District for the Year of 2021-22 (Total 75 Nos.)","Construction of 125mm X 40mm dia. X 61 meter(av.) deep sustainable tube well with India Mark II Hand Pump and construction of 1.85 Mtr. dia. circular P.C.C. Platform and P.C.C drain under special central assistencte to schedule caste sub plan (SCA to SCSP) under P.H. Division, Saharsa in Saharsa District for the Year of 2021-22 (Total 75 Nos.)",3847100.0,INR,INR,2022-07-30 06:10:32+00:00,2022-07-28T05:19:17.691000+00:00,2022-10-18T11:46:51+00:00,RAJESH KUMAR SINGH,"E.E, P.H.DIVISION, SAHARSA","P.H. DIVISION, SAHARSA","P.H. DIVISION, SAHARSA NEAR RJM COLLGE, SAHARSA",SANTOSH KUMAR,SE,PHE CIRCLE SAHARSA,77000.0,5000.0,590.0
24555,05/2022-23/SHLCD-AURANGABAD/02,"CONSTRUCTION OF DARIYAPUR FIELD CHANNEL WITH CATTLE CROSSING, DISTRIBUTION  CHAMBER, AND OUT LET UNDER SONE HIGH LEVEL CANAL DIVISION, AURANGABAD (GROUP-02)","CONSTRUCTION OF DARIYAPUR FIELD CHANNEL WITH CATTLE CROSSING, DISTRIBUTION  CHAMBER, AND OUT LET UNDER SONE HIGH LEVEL CANAL DIVISION, AURANGABAD (GROUP-02)",2868735.0,INR,INR,2022-07-27 14:46:35+00:00,2022-07-27T14:20:49.343000+00:00,2022-10-08T13:49:33+00:00,NAWAL KISHORE KUMAR,EXECUTIVE ENGINEER,WATER RESOURCES DEPARTMENT,"SONE HIGH LEVEL CANAL DIVISION, AURANGABAD",Awadhesh Kumar Sinha,SE,WATER RESOURCES DEPARTMENT,57400.0,5000.0,590.0
24619,18/BSBCCL/2022-23,"INTERIOR WORK  FOR PROPOSED OFFICE OF BIHAR RURAL DEVELOPMENT SOCIETY ,BISCOMAUN  BHAWAN (5TH FLOOR), PATNA","INTERIOR WORK  FOR PROPOSED OFFICE OF BIHAR RURAL DEVELOPMENT SOCIETY ,BISCOMAUN  BHAWAN (5TH FLOOR), PATNA",18866554.0,INR,INR,2022-07-29 05:03:20+00:00,2022-07-29T04:53:30.839000+00:00,2023-06-14T09:51:52+00:00,DGM BSBCCL PATNA,DEPUTY GENERAL MANAGER PATNA,BSBCCL SOUTH,"BSBCCL, Hospital Road, Sastri Nagar, Patna 800023",SANTOSH KUMAR,chief general manager,BSBCCL,378000.0,10000.0,3540.0
24620,19/BSBCCL/2022-23,"RENOVATION  OF NAB LAB ACCRIDATED BIO & FOOD TESTING LAB  FOR  SEED CERTIFICATION BUILDING (BASOKA)  MEETHAPUR, PATNA .(II ND PHASE)","RENOVATION  OF NAB LAB ACCRIDATED BIO & FOOD TESTING LAB  FOR  SEED CERTIFICATION BUILDING (BASOKA)  MEETHAPUR, PATNA .(II ND PHASE)",32492602.0,INR,INR,2022-07-29 05:27:13+00:00,2022-07-29T05:08:38.694000+00:00,2022-09-28T07:31:10+00:00,DGM BSBCCL PATNA,DEPUTY GENERAL MANAGER PATNA,BSBCCL SOUTH,"BSBCCL, Hospital Road, Sastri Nagar, Patna 800023",SANTOSH KUMAR,chief general manager,BSBCCL,650000.0,10000.0,5900.0
24622,25/PR/BSPTCL/2022,"R&M of 04 Nos. of 132/33KV GSS  Jehanabad,  Banjari,  Sheikhpura, Hajipur.","R&M of 04 Nos. of 132/33KV GSS  Jehanabad,  Banjari,  Sheikhpura, Hajipur.",397029777.45,INR,INR,2022-07-29 07:57:16+00:00,2022-07-29T07:14:12.121000+00:00,2022-09-21T10:43:03+00:00,SHANU SWETA,EEE  PROJECT-II,BIHAR STATE POWER TRANSMISSION COMPANY LIMITED,BSPTCL 4TH FLOOR VIDYUT BHAWAN,CHEIF ENGINEER (PROJECT2),CHIEF ENGINEER,BSPTCL,3970298.0,11800.0,5900.0
24551,01/2022-23,"Door to door garbage (wet and dry) from all house in all 15 wards under Nagar Panchayat, Shekhopursarai area. pick up earthization from all houses in commercial area, Main market, main road, vegetable market, bus stop and door to door collection,  work partnar, currently in view of covid-19 fogging work done throughout the year.
Complete cleaning , sweeping work, cleaning all main road and commercials area , markets , religious places , main road , vegetable market, bus stops and all small drains of the ward , as well as pick up the waste from the ward to ward the dumping point ( determined by the nagar panchayat) and clean work in both shifts (morning and night) secondary storage sites/dustbin to garbage disposal and dumping area.","Door to door garbage (wet and dry) from all house in all 15 wards under Nagar Panchayat, Shekhopursarai area. pick up earthization from all houses in commercial area, Main market, main road, vegetable market, bus stop and door to door collection,  work partnar, currently in view of covid-19 fogging work done throughout the year.
Complete cleaning , sweeping work, cleaning all main road and commercials area , markets , religious places , main road , vegetable market, bus stops and all small drains of the ward , as well as pick up the waste from the ward to ward the dumping point ( determined by the nagar panchayat) and clean work in both shifts (morning and night) secondary storage sites/dustbin to garbage disposal and dumping area.",0.0,INR,INR,2022-07-27 09:04:00+00:00,2022-07-27T08:17:55.423000+00:00,2022-08-08T13:15:52+00:00,BARBIGHA MUNICIPAL COUNCIL,EXECUTIVE OFFICER,UDHD BARBIGHA MUNICIPAL COUNCIL,SARMERA ROAD BARBIGHA,JYOT PRAKASH,EXECUTIVE OFFICER,BARBIGHA MUNICIPAL COUNCIL,100000.0,10000.0,590.0
24624,NIT NO-07/2022-23/GR-01,"GR NO-01 NAME OF WORK-  Renovation of  2.0 M Dia x 15 M Deep Well (circular) with 3.0M wide circular  Platform, 150mm dia drain & 1.0M dia x 2.0M deep Soakpit In Block Madanpur, District Aurangabad in the  year 2022-23","GR NO-01 NAME OF WORK-  Renovation of  2.0 M Dia x 15 M Deep Well (circular) with 3.0M wide circular  Platform, 150mm dia drain & 1.0M dia x 2.0M deep Soakpit In Block Madanpur, District Aurangabad in the  year 2022-23",1184900.0,INR,INR,2022-07-29 08:47:50+00:00,2022-07-29T07:59:42.331000+00:00,2022-08-26T11:11:48+00:00,"EXECUTIVE ENGINEER, AURANGABAD",EE,PH DIVISION AURANGABAD,"PHED COLONY , AURANGABAD","EXECUTIVE ENGINEEER, AURANGABAD",EE,"PH DIVISION, AURANGABAD",24000.0,2500.0,590.0
24626,RFP-01-2022/BCST,"Request for Proposal (RFP) For Selection of Chartered Accountant Firm For Outsourcing of Accounting and Financial Management Services at Bihar Council on Science & Technology and its organizations - Bihar Remote Sensing Application Centre & Indira Gandhi Science Complex Planetarium, Patna","Request for Proposal (RFP) For Selection of Chartered Accountant Firm For Outsourcing of Accounting and Financial Management Services at Bihar Council on Science & Technology and its organizations - Bihar Remote Sensing Application Centre & Indira Gandhi Science Complex Planetarium, Patna",0.0,INR,INR,2022-07-29 09:46:52+00:00,2022-07-29T09:01:16.317000+00:00,2022-11-07T07:41:58+00:00,ANANT KUMAR,Project Director,Bihar Council on Science and Technology,"INDIRA GANDHI SCIENCE COMPLEX PLANETARIUM, ADALATGANJ, BAILEY ROAD, PATNA",ANANT KUMAR,Project Director,Bihar Council on Science and Technology,25000.0,5000.0,590.0
24621,NIT NO. 05/2022-23,Door to Door Solid and wet waste segregation & collection with General work as per NIT,Door to Door Solid and wet waste segregation & collection with General work as per NIT,0.0,INR,INR,2022-07-29 07:17:26+00:00,2022-07-29T06:47:38.447000+00:00,2022-09-29T10:38:33+00:00,MD. JAMAL AKHTAR ANSARI,EXECUTIVE OFFICER BIKRAMGANJ,NAGAR PARISHAD BIKRAMGANJ,0/0 NAGAR PARISHAD BIKRAMGANJ,MANOJ KUMAR,EXECUTIVE OFFICER BIKRAMGANJ,NAGAR PARISHAD BIKRAMGANJ,150000.0,5000.0,590.0
24623,NIT NO. 06/2022-23,Disposal and Processing of Solid waste in Four (4) compost Pit site at Bikramganj Nagar Parishad.,Disposal and Processing of Solid waste in Four (4) compost Pit site at Bikramganj Nagar Parishad.,0.0,INR,INR,2022-07-29 07:52:27+00:00,2022-07-29T07:18:02.775000+00:00,2022-09-29T11:00:22+00:00,MD. JAMAL AKHTAR ANSARI,EXECUTIVE OFFICER BIKRAMGANJ,NAGAR PARISHAD BIKRAMGANJ,0/0 NAGAR PARISHAD BIKRAMGANJ,MANOJ KUMAR,EXECUTIVE OFFICER BIKRAMGANJ,NAGAR PARISHAD BIKRAMGANJ,50000.0,5000.0,590.0
24627,24/PR/BSPTCL/2022,R&M of 02 Nos. of  220/132/33 KV GSS Bodhgaya and Khagaul.,R&M of 02 Nos. of  220/132/33 KV GSS Bodhgaya and Khagaul.,234216092.31,INR,INR,2022-07-29 10:57:31+00:00,2022-07-29T10:34:20.700000+00:00,2022-09-21T10:43:30+00:00,SHANU SWETA,EEE  PROJECT-II,BIHAR STATE POWER TRANSMISSION COMPANY LIMITED,BSPTCL 4TH FLOOR VIDYUT BHAWAN,CHEIF ENGINEER (PROJECT2),CHIEF ENGINEER,BSPTCL,2342161.0,11800.0,5900.0
24629,PHC/BIPARD/2022/02,Selection of Vendor for setting up a Primary Healthcare Centre at BIPARD,Selection of Vendor for setting up a Primary Healthcare Centre at BIPARD,0.0,INR,INR,2022-07-29 12:16:10+00:00,2022-07-29T12:05:14.067000+00:00,2022-09-17T07:12:46+00:00,Mr ABHYUDAYA,Asst. Director,Bihar Institute of Public Administration and Rural Development (BIPARD),Walmi Campus Phulwari Sharif Patna - 801505,Mr. ABHYUDAYA,Asst. Director,Bihar Institute of Public Administration and Rural Development (BIPARD),200000.0,5000.0,590.0
24633,NIT-23/PR/BSPTCL/2022,"Design, Manufacturing, Supply, Installation and Commissioning of 43 nos. of Time Synchronization Equipment at different Grid Substations of BSPTCL","Design, Manufacturing, Supply, Installation and Commissioning of 43 nos. of Time Synchronization Equipment at different Grid Substations of BSPTCL",17247023.25,INR,INR,2022-07-29 14:14:23+00:00,2022-07-29T13:32:34.468000+00:00,2023-07-12T05:27:25+00:00,MADHU PRIYA,ELECTRICAL EXECUTIVE ENGINEER,BSPTCL,VIDYUT BHAWAN PATNA,AMAR KUMAR MISHRA,ESE,BSPTCL,344940.0,11800.0,3540.0
24639,MCD-NIT-04/2022-23-GR-34,Construction of P.C.C. Road and Drain from house of Manuwaar to Md. Kamaal via Md. Ekbaal to Md. Haidar via Pathan toil main Road to Tinnu Miya via Sharif Khan in Ward no.-29 Nagar Parishad Danapur Nizamat.,Construction of P.C.C. Road and Drain from house of Manuwaar to Md. Kamaal via Md. Ekbaal to Md. Haidar via Pathan toil main Road to Tinnu Miya via Sharif Khan in Ward no.-29 Nagar Parishad Danapur Nizamat.,453600.0,INR,INR,2022-07-29 17:23:59+00:00,2022-07-29T17:19:48.968000+00:00,2022-10-18T08:00:51+00:00,"EXECUTIVE OFFICER, DANAPUR NIZAMAT",EO,NAGAR PARISHAD DANAPUR NIZAMAT,NAGAR PARISHAD DANAPUR NIZAMAT WARD NO.-35,"EXECUTIVE OFFICER, DANAPUR NIZAMAT",EO,NAGAR PARISHAD DANAPUR NIZAMAT,9100.0,750.0,590.0
24632,N.I.T. No. 30/PR/BSPTCL/2022,"Design, manufacture, testing, supply, delivery, erection & commissioning of Control & Relay Panels (220/132 kV Transformer-06 Nos., 132/33 kV Transformer-29 Nos., 220kV Line-02 Nos., 220kV B/C-02 Nos., 132kV B/C-09 Nos., 33kV B/C-07 Nos. and 132/25kV Transformer- 02 Nos.)","Design, manufacture, testing, supply, delivery, erection & commissioning of Control & Relay Panels (220/132 kV Transformer-06 Nos., 132/33 kV Transformer-29 Nos., 220kV Line-02 Nos., 220kV B/C-02 Nos., 132kV B/C-09 Nos., 33kV B/C-07 Nos. and 132/25kV Transformer- 02 Nos.)",63940944.0,INR,INR,2022-07-29 13:46:32+00:00,2022-07-29T12:52:24.472000+00:00,2023-07-24T09:34:28+00:00,SUSHANK SAUROBH,ELECTRICAL EXECUTIVE ENGINEER,BIHAR STATE POWER TRANSMISSION COMPANY LIMITED,"4th Floor, Vidyut Bhawan-II, Transmission (O&M), Bailey Road",AMAR KUMAR MISHRA,ESE,BSPTCL,1279000.0,11800.0,5900.0
24635,15/BCD/MADHUBANI/2020-23 GR-02,Construction of 20 Unit Capacity Female Warder Barrack Building in the Campus of District Jail Rampatti in District Madhubani.,Construction of 20 Unit Capacity Female Warder Barrack Building in the Campus of District Jail Rampatti in District Madhubani.,12729437.0,INR,INR,2022-07-29 14:59:32+00:00,2022-07-29T14:55:56.709000+00:00,2022-08-22T13:44:59+00:00,EXECUTIVE ENGINEER BUILDING DIVISION MADHUBANI,EXECUTIVE ENGINEER,BUILDING DIVISION MADHUBANI,BUILDING DIVISION MADHUBANI,"Superintending Engineer, BUILDING CIRCLE DARBHANGA",SE,Building Circle Darbhanga,254600.0,10000.0,3540.0
24638,MCD-NIT-04/2022-23-GR-33,Construction of P.C.C. Road and R.C.C Drain from Trimurti Nagar Mithla Colony house d Mantu Gupta to Ravindra Divedi via Rajesh Kumar to Bhola Choudhary via Yogendra Thekdaar in Nagar Parishad Danapur Nizamat.,Construction of P.C.C. Road and R.C.C Drain from Trimurti Nagar Mithla Colony house d Mantu Gupta to Ravindra Divedi via Rajesh Kumar to Bhola Choudhary via Yogendra Thekdaar in Nagar Parishad Danapur Nizamat.,4279500.0,INR,INR,2022-07-29 17:18:43+00:00,2022-07-29T17:11:17.742000+00:00,2022-10-17T10:00:06+00:00,"EXECUTIVE OFFICER, DANAPUR NIZAMAT",EO,NAGAR PARISHAD DANAPUR NIZAMAT,NAGAR PARISHAD DANAPUR NIZAMAT WARD NO.-35,"EXECUTIVE OFFICER, DANAPUR NIZAMAT",EO,NAGAR PARISHAD DANAPUR NIZAMAT,85600.0,5000.0,590.0
24634,15/BCD/MADHUBANI/2020-23 GR-01,Construction of 30 Unit Capacity Male Warder Barrack Building in the Campus of District Jail Rampatti in District Madhubani.,Construction of 30 Unit Capacity Male Warder Barrack Building in the Campus of District Jail Rampatti in District Madhubani.,14465484.0,INR,INR,2022-07-29 14:55:31+00:00,2022-07-29T14:37:22.126000+00:00,2023-01-13T06:00:46+00:00,EXECUTIVE ENGINEER BUILDING DIVISION MADHUBANI,EXECUTIVE ENGINEER,BUILDING DIVISION MADHUBANI,BUILDING DIVISION MADHUBANI,"Superintending Engineer, BUILDING CIRCLE DARBHANGA",SE,Building Circle Darbhanga,289400.0,10000.0,3540.0
24640,MCD-NIT-04/2022-23-GR-35,Construction of P.C.C. Road and R.C.C Drain from house of Dinesh Rai to Sushil Jha via Mithla Colony Mukh Marg in Ward no. 33 Nagar Parishad Danapur Nizamat.,Construction of P.C.C. Road and R.C.C Drain from house of Dinesh Rai to Sushil Jha via Mithla Colony Mukh Marg in Ward no. 33 Nagar Parishad Danapur Nizamat.,850400.0,INR,INR,2022-07-29 17:35:41+00:00,2022-07-29T17:31:24.640000+00:00,2022-10-18T08:09:17+00:00,"EXECUTIVE OFFICER, DANAPUR NIZAMAT",EO,NAGAR PARISHAD DANAPUR NIZAMAT,NAGAR PARISHAD DANAPUR NIZAMAT WARD NO.-35,"EXECUTIVE OFFICER, DANAPUR NIZAMAT",EO,NAGAR PARISHAD DANAPUR NIZAMAT,17100.0,1250.0,590.0
24646,MCD-NIT-04/2022-23-GR-41,Construction of P.C.C. Road and Hump Pipe Drain from Ganga Bihar Colony in Ward no.-39 Nagar Parishad Danapur Nizamat.,Construction of P.C.C. Road and Hump Pipe Drain from Ganga Bihar Colony in Ward no.-39 Nagar Parishad Danapur Nizamat.,1525600.0,INR,INR,2022-07-29 19:07:34+00:00,2022-07-29T18:58:21.979000+00:00,2022-10-18T08:53:11+00:00,"EXECUTIVE OFFICER, DANAPUR NIZAMAT",EO,NAGAR PARISHAD DANAPUR NIZAMAT,NAGAR PARISHAD DANAPUR NIZAMAT WARD NO.-35,"EXECUTIVE OFFICER, DANAPUR NIZAMAT",EO,NAGAR PARISHAD DANAPUR NIZAMAT,30600.0,5000.0,590.0
24643,MCD-NIT-04/2022-23-GR-38,Construction of P.C.C. Road and Hump Pipe Drain from Bazar Samiti Road house of Sanjay ji to Anju Devi in Ward no.-34 Nagar Parishad Danapur Nizamat.,Construction of P.C.C. Road and Hump Pipe Drain from Bazar Samiti Road house of Sanjay ji to Anju Devi in Ward no.-34 Nagar Parishad Danapur Nizamat.,968700.0,INR,INR,2022-07-29 18:36:48+00:00,2022-07-29T18:29:34.488000+00:00,2022-10-18T08:38:11+00:00,"EXECUTIVE OFFICER, DANAPUR NIZAMAT",EO,NAGAR PARISHAD DANAPUR NIZAMAT,NAGAR PARISHAD DANAPUR NIZAMAT WARD NO.-35,"EXECUTIVE OFFICER, DANAPUR NIZAMAT",EO,NAGAR PARISHAD DANAPUR NIZAMAT,19400.0,1250.0,590.0
24641,MCD-NIT-04/2022-23-GR-36,Construction of Paver Block Road and Hump Pipe Drain from School Road house of Ram Jatan Rai to T.N. Singh Nahar via Ram ji to Ramnath Choudhary via Ajit Kumar to Vijay Kumar in Ward no.-30 Nagar Parishad Danapur Nizamat.,Construction of Paver Block Road and Hump Pipe Drain from School Road house of Ram Jatan Rai to T.N. Singh Nahar via Ram ji to Ramnath Choudhary via Ajit Kumar to Vijay Kumar in Ward no.-30 Nagar Parishad Danapur Nizamat.,1685100.0,INR,INR,2022-07-29 17:42:48+00:00,2022-07-29T17:36:39.603000+00:00,2022-10-18T08:18:03+00:00,"EXECUTIVE OFFICER, DANAPUR NIZAMAT",EO,NAGAR PARISHAD DANAPUR NIZAMAT,NAGAR PARISHAD DANAPUR NIZAMAT WARD NO.-35,"EXECUTIVE OFFICER, DANAPUR NIZAMAT",EO,NAGAR PARISHAD DANAPUR NIZAMAT,33800.0,5000.0,590.0
24648,MCD-NIT-04/2022-23-GR-43,Construction of R.C.C. Drain from house of Uma Shankar Prasad to Jalalpur City Main Road in Ward no.-40 Nagar Parishad Danapur Nizamat.,Construction of R.C.C. Drain from house of Uma Shankar Prasad to Jalalpur City Main Road in Ward no.-40 Nagar Parishad Danapur Nizamat.,2866700.0,INR,INR,2022-07-29 19:33:39+00:00,2022-07-29T19:25:41.867000+00:00,2023-06-09T11:32:26+00:00,"EXECUTIVE OFFICER, DANAPUR NIZAMAT",EO,NAGAR PARISHAD DANAPUR NIZAMAT,NAGAR PARISHAD DANAPUR NIZAMAT WARD NO.-35,"EXECUTIVE OFFICER, DANAPUR NIZAMAT",EO,NAGAR PARISHAD DANAPUR NIZAMAT,57400.0,5000.0,590.0
24645,MCD-NIT-04/2022-23-GR-40,Construction of P.C.C. Road and Hump Pipe Drain from Abhiyanta Nagar Lalan Apartment to house of Satish Kumar in Ward no.-38 Nagar Parishad Danapur Nizamat.,Construction of P.C.C. Road and Hump Pipe Drain from Abhiyanta Nagar Lalan Apartment to house of Satish Kumar in Ward no.-38 Nagar Parishad Danapur Nizamat.,802000.0,INR,INR,2022-07-29 18:54:52+00:00,2022-07-29T18:47:16.867000+00:00,2022-10-18T08:51:06+00:00,"EXECUTIVE OFFICER, DANAPUR NIZAMAT",EO,NAGAR PARISHAD DANAPUR NIZAMAT,NAGAR PARISHAD DANAPUR NIZAMAT WARD NO.-35,"EXECUTIVE OFFICER, DANAPUR NIZAMAT",EO,NAGAR PARISHAD DANAPUR NIZAMAT,16500.0,1250.0,590.0
24649,MCD-NIT-04/2022-23-GR-44,Construction of P.C.C. Road from Anugrah Nagar house of Tuntun Singh to Rajpati Complex in Ward no.-37 Nagar Parishad Danapur Nizamat.,Construction of P.C.C. Road from Anugrah Nagar house of Tuntun Singh to Rajpati Complex in Ward no.-37 Nagar Parishad Danapur Nizamat.,1641600.0,INR,INR,2022-07-29 19:40:32+00:00,2022-07-29T19:34:35.184000+00:00,2022-10-11T10:40:20+00:00,"EXECUTIVE OFFICER, DANAPUR NIZAMAT",EO,NAGAR PARISHAD DANAPUR NIZAMAT,NAGAR PARISHAD DANAPUR NIZAMAT WARD NO.-35,"EXECUTIVE OFFICER, DANAPUR NIZAMAT",EO,NAGAR PARISHAD DANAPUR NIZAMAT,32900.0,5000.0,590.0
24631,NIT No. 29/PR/BSPTCL/2022,"Design, manufacture, testing, supply and delivery of 11 nos. of Capacitance & Tan Delta Test Kit.","Design, manufacture, testing, supply and delivery of 11 nos. of Capacitance & Tan Delta Test Kit.",39595137.98,INR,INR,2022-07-29 13:17:58+00:00,2022-07-29T12:51:26.490000+00:00,2023-03-03T11:28:02+00:00,MADHU PRIYA,ELECTRICAL EXECUTIVE ENGINEER,BSPTCL,VIDYUT BHAWAN PATNA,AMAR KUMAR MISHRA,ESE,BSPTCL,792000.0,11800.0,5900.0
24644,MCD-NIT-04/2022-23-GR-39,Construction of P.C.C. Road and Hump Pipe Drain from house of Ashok kumar Singh to Rinku ji via Aman ji in Ward no.-37 Nagar Parishad Danapur Nizamat.,Construction of P.C.C. Road and Hump Pipe Drain from house of Ashok kumar Singh to Rinku ji via Aman ji in Ward no.-37 Nagar Parishad Danapur Nizamat.,820800.0,INR,INR,2022-07-29 18:45:02+00:00,2022-07-29T18:37:48.417000+00:00,2022-10-18T08:49:11+00:00,"EXECUTIVE OFFICER, DANAPUR NIZAMAT",EO,NAGAR PARISHAD DANAPUR NIZAMAT,NAGAR PARISHAD DANAPUR NIZAMAT WARD NO.-35,"EXECUTIVE OFFICER, DANAPUR NIZAMAT",EO,NAGAR PARISHAD DANAPUR NIZAMAT,16500.0,1250.0,590.0
24637,04/BCD/PURNEA/2022-23,"Construction of Proposed 50 Bedded Warder Barrack (Male) at Central Jail, Purnea for the year 2022-23","Construction of Proposed 50 Bedded Warder Barrack (Male) at Central Jail, Purnea for the year 2022-23",23625302.0,INR,INR,2022-07-29 16:19:31+00:00,2022-07-29T15:52:35.790000+00:00,2022-08-25T10:12:20+00:00,"Executive Engineer, BUILDING DIVISION PURNEA",EE,BUILDING DIVISION PURNEA,"EE, BUILDING DIVISION PURNEA, BCD, PURNEA, BIHAR","Superintending Engineer, Purnea Circle",SE,Purnea Circle,472600.0,10000.0,3540.0
24651,MCD-NIT-04/2022-23-GR-46,Construction of P.C.C. Road and Hump Pipe Drain from R.P.S. Road Narayan Hospital to house of Madhusudan Sharma in Ward no.-39 Nagar Parishad Danapur Nizamat.,Construction of P.C.C. Road and Hump Pipe Drain from R.P.S. Road Narayan Hospital to house of Madhusudan Sharma in Ward no.-39 Nagar Parishad Danapur Nizamat.,1626600.0,INR,INR,2022-07-29 19:50:14+00:00,2022-07-29T19:46:07.449000+00:00,2022-10-11T09:02:22+00:00,"EXECUTIVE OFFICER, DANAPUR NIZAMAT",EO,NAGAR PARISHAD DANAPUR NIZAMAT,NAGAR PARISHAD DANAPUR NIZAMAT WARD NO.-35,"EXECUTIVE OFFICER, DANAPUR NIZAMAT",EO,NAGAR PARISHAD DANAPUR NIZAMAT,32600.0,5000.0,590.0
24647,MCD-NIT-04/2022-23-GR-42,Construction of Paver Block Road and Hump Pipe Drain from Surya Bihar Colony house of Rakesh Singh to B.L. Rajesh ji in Ward no.-40 Nagar Parishad Danapur Nizamat.,Construction of Paver Block Road and Hump Pipe Drain from Surya Bihar Colony house of Rakesh Singh to B.L. Rajesh ji in Ward no.-40 Nagar Parishad Danapur Nizamat.,752200.0,INR,INR,2022-07-29 19:24:31+00:00,2022-07-29T19:15:01.350000+00:00,2022-10-18T08:57:03+00:00,"EXECUTIVE OFFICER, DANAPUR NIZAMAT",EO,NAGAR PARISHAD DANAPUR NIZAMAT,NAGAR PARISHAD DANAPUR NIZAMAT WARD NO.-35,"EXECUTIVE OFFICER, DANAPUR NIZAMAT",EO,NAGAR PARISHAD DANAPUR NIZAMAT,15100.0,1250.0,590.0
24650,MCD-NIT-04/2022-23-GR-45,Construction of P.C.C. Road and R.C.C Drain from Khagual Road house of Harikrishna to Dinesh Rai via Kriti Raman Residancial in Ward no. 12 Nagar Parishad Danapur Nizamat.,Construction of P.C.C. Road and R.C.C Drain from Khagual Road house of Harikrishna to Dinesh Rai via Kriti Raman Residancial in Ward no. 12 Nagar Parishad Danapur Nizamat.,2112200.0,INR,INR,2022-07-29 19:45:09+00:00,2022-07-29T19:41:33.700000+00:00,2022-10-11T08:44:43+00:00,"EXECUTIVE OFFICER, DANAPUR NIZAMAT",EO,NAGAR PARISHAD DANAPUR NIZAMAT,NAGAR PARISHAD DANAPUR NIZAMAT WARD NO.-35,"EXECUTIVE OFFICER, DANAPUR NIZAMAT",EO,NAGAR PARISHAD DANAPUR NIZAMAT,42300.0,5000.0,590.0
24642,MCD-NIT-04/2022-23-GR-37,Construction of P.C.C. Road and Hump Pipe Drain from Ramjaypal Nagar house of Shiv ji Saw to Ashok Rai to Jagan Dev Rai in Ward no.-34 Nagar Parishad Danapur Nizamat.,Construction of P.C.C. Road and Hump Pipe Drain from Ramjaypal Nagar house of Shiv ji Saw to Ashok Rai to Jagan Dev Rai in Ward no.-34 Nagar Parishad Danapur Nizamat.,1092200.0,INR,INR,2022-07-29 17:48:53+00:00,2022-07-29T17:43:56.373000+00:00,2022-10-18T08:27:18+00:00,"EXECUTIVE OFFICER, DANAPUR NIZAMAT",EO,NAGAR PARISHAD DANAPUR NIZAMAT,NAGAR PARISHAD DANAPUR NIZAMAT WARD NO.-35,"EXECUTIVE OFFICER, DANAPUR NIZAMAT",EO,NAGAR PARISHAD DANAPUR NIZAMAT,22000.0,2500.0,590.0
24652,MCD-NIT-04/2022-23-GR-47,Construction of P.C.C. Road and R.C.C Drain from Janakpuri Lane no. 02 house of S.K. Thakur to Vimlesh Mishra in Nagar Parishad Danapur Nizamat.,Construction of P.C.C. Road and R.C.C Drain from Janakpuri Lane no. 02 house of S.K. Thakur to Vimlesh Mishra in Nagar Parishad Danapur Nizamat.,2493100.0,INR,INR,2022-07-29 19:55:28+00:00,2022-07-29T19:51:54.784000+00:00,2022-10-11T09:13:22+00:00,"EXECUTIVE OFFICER, DANAPUR NIZAMAT",EO,NAGAR PARISHAD DANAPUR NIZAMAT,NAGAR PARISHAD DANAPUR NIZAMAT WARD NO.-35,"EXECUTIVE OFFICER, DANAPUR NIZAMAT",EO,NAGAR PARISHAD DANAPUR NIZAMAT,50000.0,5000.0,590.0
24656,Re Tender NIT NO-03/2022 SL-10,ward no-09 me 02 galiyo me khule nali ke upar salab avam Lohe ke jali ka nirman.,ward no-09 me 02 galiyo me khule nali ke upar salab avam Lohe ke jali ka nirman.,505000.0,INR,INR,2022-07-30 07:20:15+00:00,2022-07-30T07:11:40.229000+00:00,2022-10-07T11:14:43+00:00,MUNICIPAL COMMISSIONER (BIHARSHARIF),MUNICIPAL COMMISSIONER,BIHARSHARIF MUNICIPAL CORPORATION,Biharsharif Nagar Nigam Garhpar Biharsharif Nalanda,MUNICIPAL COMMISSIONER (BIHARSHARIF),MUNICIPAL COMMISSIONER,BIHARSHARIF MUNICIPAL CORPORATION,10200.0,1250.0,590.0
24653,MCD-NIT-04/2022-23-GR-48,Construction of P.C.C. Road and R.C.C Drain from Janakpuri Lane no. 02 house of Mishra ji to Shri K.S. Thakur via Shashi Bhushan Rai Gali in Nagar Parishad Danapur Nizamat.,Construction of P.C.C. Road and R.C.C Drain from Janakpuri Lane no. 02 house of Mishra ji to Shri K.S. Thakur via Shashi Bhushan Rai Gali in Nagar Parishad Danapur Nizamat.,1470400.0,INR,INR,2022-07-29 20:00:47+00:00,2022-07-29T19:56:25.368000+00:00,2022-10-11T09:30:52+00:00,"EXECUTIVE OFFICER, DANAPUR NIZAMAT",EO,NAGAR PARISHAD DANAPUR NIZAMAT,NAGAR PARISHAD DANAPUR NIZAMAT WARD NO.-35,"EXECUTIVE OFFICER, DANAPUR NIZAMAT",EO,NAGAR PARISHAD DANAPUR NIZAMAT,29500.0,2500.0,590.0
24654,NIT-NNP-03/2022-23-GR01,"Cons. of R.C.C.Cross Drain at W/No.-40 Near Bajrang Wali Asthan City Road under M.Fund for Year 2022-23 of Nagar Nigam, Purnea.","Cons. of R.C.C.Cross Drain at W/No.-40 Near Bajrang Wali Asthan City Road under M.Fund for Year 2022-23 of Nagar Nigam, Purnea.",723911.0,INR,INR,2022-07-30 12:57:04+00:00,2022-07-30T06:40:54.395000+00:00,2023-02-24T10:04:08+00:00,"MUNICIPAL COMMISSIONER, PURNEA",MCO,"MUNICIPAL CORPORATION, PURNEA","KALA BHAWAN ROAD, PURNEA","MUNICIPAL COMMISSIONER, PURNEA",MCO,"MUNICIPAL CORPORATION, PURNEA",14500.0,1250.0,590.0
24660,Re Tender NIT NO-03/2022 SL-13,"ward no-39 me 04 galiyo me khule nali ke upar salab, Lohe ke jali avam nali ka surdhikaran.","ward no-39 me 04 galiyo me khule nali ke upar salab, Lohe ke jali avam nali ka surdhikaran.",506800.0,INR,INR,2022-07-30 07:46:30+00:00,2022-07-30T07:39:43.824000+00:00,2022-10-19T08:48:24+00:00,MUNICIPAL COMMISSIONER (BIHARSHARIF),MUNICIPAL COMMISSIONER,BIHARSHARIF MUNICIPAL CORPORATION,Biharsharif Nagar Nigam Garhpar Biharsharif Nalanda,MUNICIPAL COMMISSIONER (BIHARSHARIF),MUNICIPAL COMMISSIONER,BIHARSHARIF MUNICIPAL CORPORATION,10200.0,1250.0,590.0
24658,NIT-NNP-03/2022-23-GR02,"Cons. of RCC Cross Drain at Ward No.-20 & 14 (1) Near Bangali Hotel shiv Mandir Road Line Bazar, (2) Left Side of Line Bazar Chowk, (3) Housing Colony at Narkatiya Nala Near h/f Kundan Singh under M.Fund for Year 2022-23 of Nagar Nigam, Purnea.","Cons. of RCC Cross Drain at Ward No.-20 & 14 (1) Near Bangali Hotel shiv Mandir Road Line Bazar, (2) Left Side of Line Bazar Chowk, (3) Housing Colony at Narkatiya Nala Near h/f Kundan Singh under M.Fund for Year 2022-23 of Nagar Nigam, Purnea.",692427.0,INR,INR,2022-07-30 13:01:07+00:00,2022-07-30T07:28:15.490000+00:00,2023-02-24T10:27:31+00:00,"MUNICIPAL COMMISSIONER, PURNEA",MCO,"MUNICIPAL CORPORATION, PURNEA","KALA BHAWAN ROAD, PURNEA","MUNICIPAL COMMISSIONER, PURNEA",MCO,"MUNICIPAL CORPORATION, PURNEA",13900.0,1250.0,590.0
24661,NIT-NNP-03/2022-23-GR03,"Cons. of   RCC drain in the campus of Samrat Ashok Bhavan in Ward No. 7 under M.Fund for Year 2022-23 of Nagar Nigam, Purnea.","Cons. of   RCC drain in the campus of Samrat Ashok Bhavan in Ward No. 7 under M.Fund for Year 2022-23 of Nagar Nigam, Purnea.",1361475.0,INR,INR,2022-07-30 13:03:31+00:00,2022-07-30T07:44:24.373000+00:00,2023-02-24T10:47:44+00:00,"MUNICIPAL COMMISSIONER, PURNEA",MCO,"MUNICIPAL CORPORATION, PURNEA","KALA BHAWAN ROAD, PURNEA","MUNICIPAL COMMISSIONER, PURNEA",MCO,"MUNICIPAL CORPORATION, PURNEA",27300.0,2500.0,590.0
24663,NIT NO-04/2022 SL-01,Ward no 09 Mogal kuan Baolipar nayka tola ward no- 09 me pani nikasi hetu nala ke upar 130 addad Lohe ke Jali ka Nirman.,Ward no 09 Mogal kuan Baolipar nayka tola ward no- 09 me pani nikasi hetu nala ke upar 130 addad Lohe ke Jali ka Nirman.,1165280.0,INR,INR,2022-07-30 08:08:44+00:00,2022-07-30T07:57:53.976000+00:00,2022-12-13T07:38:05+00:00,MUNICIPAL COMMISSIONER (BIHARSHARIF),MUNICIPAL COMMISSIONER,BIHARSHARIF MUNICIPAL CORPORATION,Biharsharif Nagar Nigam Garhpar Biharsharif Nalanda,MUNICIPAL COMMISSIONER (BIHARSHARIF),MUNICIPAL COMMISSIONER,BIHARSHARIF MUNICIPAL CORPORATION,23500.0,2500.0,590.0
24659,Re Tender NIT NO-03/2022 SL-12,ward no-35 me 07 galiyo me khule nali ke upar salab avam Lohe ke jali ka nirman.,ward no-35 me 07 galiyo me khule nali ke upar salab avam Lohe ke jali ka nirman.,504600.0,INR,INR,2022-07-30 07:38:55+00:00,2022-07-30T07:32:00.435000+00:00,2022-10-19T08:56:01+00:00,MUNICIPAL COMMISSIONER (BIHARSHARIF),MUNICIPAL COMMISSIONER,BIHARSHARIF MUNICIPAL CORPORATION,Biharsharif Nagar Nigam Garhpar Biharsharif Nalanda,MUNICIPAL COMMISSIONER (BIHARSHARIF),MUNICIPAL COMMISSIONER,BIHARSHARIF MUNICIPAL CORPORATION,10200.0,1250.0,590.0
24657,Re Tender NIT NO-03/2022 SL-11,ward no-24 me 08 galiyo me khule nali ke upar salab avam Lohe ke jali ka nirman.,ward no-24 me 08 galiyo me khule nali ke upar salab avam Lohe ke jali ka nirman.,506300.0,INR,INR,2022-07-30 07:31:23+00:00,2022-07-30T07:20:52.200000+00:00,2022-10-07T12:00:13+00:00,MUNICIPAL COMMISSIONER (BIHARSHARIF),MUNICIPAL COMMISSIONER,BIHARSHARIF MUNICIPAL CORPORATION,Biharsharif Nagar Nigam Garhpar Biharsharif Nalanda,MUNICIPAL COMMISSIONER (BIHARSHARIF),MUNICIPAL COMMISSIONER,BIHARSHARIF MUNICIPAL CORPORATION,10200.0,1250.0,590.0
24665,NIT-NNP-03/2022-23-GR06,"Cons. of   RCC Drain and road construction work from Vakil Sharma's house in Jail Chowk Road to the Garage of Zila School Main Road (Sanjit Sinha) in ward no. 22 under M.Fund for Year 2022-23 of Nagar Nigam, Purnea.","Cons. of   RCC Drain and road construction work from Vakil Sharma's house in Jail Chowk Road to the Garage of Zila School Main Road (Sanjit Sinha) in ward no. 22 under M.Fund for Year 2022-23 of Nagar Nigam, Purnea.",1584493.0,INR,INR,2022-07-30 13:08:34+00:00,2022-07-30T08:09:43.368000+00:00,2023-02-24T11:32:19+00:00,"MUNICIPAL COMMISSIONER, PURNEA",MCO,"MUNICIPAL CORPORATION, PURNEA","KALA BHAWAN ROAD, PURNEA","MUNICIPAL COMMISSIONER, PURNEA",MCO,"MUNICIPAL CORPORATION, PURNEA",31700.0,5000.0,590.0
24664,NIT-NNP-03/2022-23-GR05,"Cons. of   RCC drain at ward no. 22 Khiru Chowk to Home Care  under M.Fund for Year 2022-23 of Nagar Nigam, Purnea.","Cons. of   RCC drain at ward no. 22 Khiru Chowk to Home Care  under M.Fund for Year 2022-23 of Nagar Nigam, Purnea.",1242566.0,INR,INR,2022-07-30 13:06:36+00:00,2022-07-30T08:04:18.976000+00:00,2023-02-24T11:18:06+00:00,"MUNICIPAL COMMISSIONER, PURNEA",MCO,"MUNICIPAL CORPORATION, PURNEA","KALA BHAWAN ROAD, PURNEA","MUNICIPAL COMMISSIONER, PURNEA",MCO,"MUNICIPAL CORPORATION, PURNEA",24900.0,2500.0,590.0
24670,NIT NO-04/2022 SL-04,Construction of drain and lane in ward 17 from house of bari khan to Istayak Ahmad through the house of mobin khan & Construction of lane from the house of Haritanti to the ranchi road in ward no 17 & Construction of lane and drain from the house of Doman saw to the house of Doman saw to the dargah gate through the house of Munna in ward no 17.,Construction of drain and lane in ward 17 from house of bari khan to Istayak Ahmad through the house of mobin khan & Construction of lane from the house of Haritanti to the ranchi road in ward no 17 & Construction of lane and drain from the house of Doman saw to the house of Doman saw to the dargah gate through the house of Munna in ward no 17.,3300160.0,INR,INR,2022-07-30 08:43:03+00:00,2022-07-30T08:33:02.348000+00:00,2022-12-13T08:20:03+00:00,MUNICIPAL COMMISSIONER (BIHARSHARIF),MUNICIPAL COMMISSIONER,BIHARSHARIF MUNICIPAL CORPORATION,Biharsharif Nagar Nigam Garhpar Biharsharif Nalanda,MUNICIPAL COMMISSIONER (BIHARSHARIF),MUNICIPAL COMMISSIONER,BIHARSHARIF MUNICIPAL CORPORATION,66100.0,5000.0,590.0
24669,NIT-NNP-03/2022-23-GR08,"Cons. of  RCC Drain Cum Road in ward no.-10 From Power Grid main Culvet to h/f Shipu Singh under M.Fund for Year 2022-23 of Nagar Nigam, Purnea.","Cons. of  RCC Drain Cum Road in ward no.-10 From Power Grid main Culvet to h/f Shipu Singh under M.Fund for Year 2022-23 of Nagar Nigam, Purnea.",2351781.0,INR,INR,2022-07-30 13:11:46+00:00,2022-07-30T08:25:42.842000+00:00,2023-02-24T12:05:29+00:00,"MUNICIPAL COMMISSIONER, PURNEA",MCO,"MUNICIPAL CORPORATION, PURNEA","KALA BHAWAN ROAD, PURNEA","MUNICIPAL COMMISSIONER, PURNEA",MCO,"MUNICIPAL CORPORATION, PURNEA",47100.0,5000.0,590.0
24666,NIT NO-04/2022 SL-02,Construction of drain and lane from the house of mukesh kumar to the house of bachu paswan through the house of manoj je and arun kumar in moh. new nalanda colony rahat par in ward no. 21,Construction of drain and lane from the house of mukesh kumar to the house of bachu paswan through the house of manoj je and arun kumar in moh. new nalanda colony rahat par in ward no. 21,3502600.0,INR,INR,2022-07-30 08:21:04+00:00,2022-07-30T08:09:43.776000+00:00,2022-12-13T07:26:25+00:00,MUNICIPAL COMMISSIONER (BIHARSHARIF),MUNICIPAL COMMISSIONER,BIHARSHARIF MUNICIPAL CORPORATION,Biharsharif Nagar Nigam Garhpar Biharsharif Nalanda,MUNICIPAL COMMISSIONER (BIHARSHARIF),MUNICIPAL COMMISSIONER,BIHARSHARIF MUNICIPAL CORPORATION,70100.0,5000.0,590.0
24672,NIT NO-04/2022 SL-05,Ward no-17 Mohalla Godaal par kaghazi mohalla me salim Hasmi ke ghar se Ajgar Husain ke ghar hote huye Rajesh jee ke ghar tak path avam nail ke marmmati ka kary.,Ward no-17 Mohalla Godaal par kaghazi mohalla me salim Hasmi ke ghar se Ajgar Husain ke ghar hote huye Rajesh jee ke ghar tak path avam nail ke marmmati ka kary.,1120600.0,INR,INR,2022-07-30 08:52:39+00:00,2022-07-30T08:43:29.885000+00:00,2022-12-13T08:28:52+00:00,MUNICIPAL COMMISSIONER (BIHARSHARIF),MUNICIPAL COMMISSIONER,BIHARSHARIF MUNICIPAL CORPORATION,Biharsharif Nagar Nigam Garhpar Biharsharif Nalanda,MUNICIPAL COMMISSIONER (BIHARSHARIF),MUNICIPAL COMMISSIONER,BIHARSHARIF MUNICIPAL CORPORATION,22500.0,2500.0,590.0
24671,NIT-NNP-03/2022-23-GR09,"Cons. of R.C.C. Drain at W/No.-41 From Sheetla Mandir to Durga Mandir (Hatia to Milanpara road via. Masjed) under M.Fund for Year 2022-23 of Nagar Nigam, Purnea.","Cons. of R.C.C. Drain at W/No.-41 From Sheetla Mandir to Durga Mandir (Hatia to Milanpara road via. Masjed) under M.Fund for Year 2022-23 of Nagar Nigam, Purnea.",2217345.0,INR,INR,2022-07-30 13:13:15+00:00,2022-07-30T08:34:33.777000+00:00,2023-02-24T12:28:17+00:00,"MUNICIPAL COMMISSIONER, PURNEA",MCO,"MUNICIPAL CORPORATION, PURNEA","KALA BHAWAN ROAD, PURNEA","MUNICIPAL COMMISSIONER, PURNEA",MCO,"MUNICIPAL CORPORATION, PURNEA",44400.0,5000.0,590.0
24667,NIT-NNP-03/2022-23-GR07,"Cons. of  RCC Drain and Road Construction  at ward no.-3 h/f Soni Sing to h/f Shashi Bhusan Singh under M.Fund for Year 2022-23 of Nagar Nigam, Purnea.","Cons. of  RCC Drain and Road Construction  at ward no.-3 h/f Soni Sing to h/f Shashi Bhusan Singh under M.Fund for Year 2022-23 of Nagar Nigam, Purnea.",2539467.0,INR,INR,2022-07-30 13:10:11+00:00,2022-07-30T08:17:46.615000+00:00,2023-02-24T11:45:45+00:00,"MUNICIPAL COMMISSIONER, PURNEA",MCO,"MUNICIPAL CORPORATION, PURNEA","KALA BHAWAN ROAD, PURNEA","MUNICIPAL COMMISSIONER, PURNEA",MCO,"MUNICIPAL CORPORATION, PURNEA",50800.0,5000.0,590.0
24668,NIT NO-04/2022 SL-03,"Ward NO-12 , Immadpur ke anusuchit jaati Ravidas tola me nail nirman avam gali me PCC dhalayee kary.","Ward NO-12 , Immadpur ke anusuchit jaati Ravidas tola me nail nirman avam gali me PCC dhalayee kary.",4129857.0,INR,INR,2022-07-30 08:32:12+00:00,2022-07-30T08:22:04.452000+00:00,2022-12-13T07:56:01+00:00,MUNICIPAL COMMISSIONER (BIHARSHARIF),MUNICIPAL COMMISSIONER,BIHARSHARIF MUNICIPAL CORPORATION,Biharsharif Nagar Nigam Garhpar Biharsharif Nalanda,MUNICIPAL COMMISSIONER (BIHARSHARIF),MUNICIPAL COMMISSIONER,BIHARSHARIF MUNICIPAL CORPORATION,82600.0,5000.0,590.0
24676,NIT-NNP-03/2022-23-GR12,"Cons. of R.C.C. Drain cum Pavers Soling at Ward No. 41 Milanpara Bajrangi Tola h/f Rajesh to land of Nandu Thakur under M.Fund for Year 2022-23 of Nagar Nigam, Purnea.","Cons. of R.C.C. Drain cum Pavers Soling at Ward No. 41 Milanpara Bajrangi Tola h/f Rajesh to land of Nandu Thakur under M.Fund for Year 2022-23 of Nagar Nigam, Purnea.",692297.0,INR,INR,2022-07-30 13:17:57+00:00,2022-07-30T09:32:53.475000+00:00,2023-02-25T05:46:28+00:00,"MUNICIPAL COMMISSIONER, PURNEA",MCO,"MUNICIPAL CORPORATION, PURNEA","KALA BHAWAN ROAD, PURNEA","MUNICIPAL COMMISSIONER, PURNEA",MCO,"MUNICIPAL CORPORATION, PURNEA",13900.0,1250.0,590.0
24677,NIT-NNP-03/2022-23-GR13,"Cons. of R.C.C. Drain at W.No.-1 and 2 Guddu Pokher to Hame Colony Chowk  under M.Fund for Year 2022-23 of Nagar Nigam, Purnea.","Cons. of R.C.C. Drain at W.No.-1 and 2 Guddu Pokher to Hame Colony Chowk  under M.Fund for Year 2022-23 of Nagar Nigam, Purnea.",4606000.0,INR,INR,2022-07-30 13:20:16+00:00,2022-07-30T09:40:16.826000+00:00,2023-02-25T06:09:15+00:00,"MUNICIPAL COMMISSIONER, PURNEA",MCO,"MUNICIPAL CORPORATION, PURNEA","KALA BHAWAN ROAD, PURNEA","MUNICIPAL COMMISSIONER, PURNEA",MCO,"MUNICIPAL CORPORATION, PURNEA",92200.0,5000.0,590.0
24673,NIT NO-04/2022 SL-06,Ward no-11 Mohalla Chhoti Shekhana me rahat parween ke ghar se tamanna parween ke ghar hote huye Immadpur chat ghat puliya tak nail ka surdhikaran avam lohe ke jail ka nirman.,Ward no-11 Mohalla Chhoti Shekhana me rahat parween ke ghar se tamanna parween ke ghar hote huye Immadpur chat ghat puliya tak nail ka surdhikaran avam lohe ke jail ka nirman.,1051800.0,INR,INR,2022-07-30 09:05:28+00:00,2022-07-30T08:53:03.965000+00:00,2022-12-13T08:42:45+00:00,MUNICIPAL COMMISSIONER (BIHARSHARIF),MUNICIPAL COMMISSIONER,BIHARSHARIF MUNICIPAL CORPORATION,Biharsharif Nagar Nigam Garhpar Biharsharif Nalanda,MUNICIPAL COMMISSIONER (BIHARSHARIF),MUNICIPAL COMMISSIONER,BIHARSHARIF MUNICIPAL CORPORATION,21100.0,2500.0,590.0
24678,"15/E/KAN/2022-23, Group No.-01","CONSTRUCTION OF R.C.C BOX DRAIN FROM YAMAHA 
SHOWROOM TO BAIJU RAM HOUSE UNDER WARD NO-30 OF PMC, PATNA.","CONSTRUCTION OF R.C.C BOX DRAIN FROM YAMAHA 
SHOWROOM TO BAIJU RAM HOUSE UNDER WARD NO-30 OF PMC, PATNA.",7525956.0,INR,INR,2022-07-30 10:03:41+00:00,2022-07-30T09:53:06.180000+00:00,2022-09-01T13:40:30+00:00,"Aashish Prasad, Executive Engineer",EXECUETIVE ENGINEER,"Kankarbagh Division,Patna Municipal Corporation,Patna","Tempo Stand,Kankarbagh,Patna-20","Aashish Prasad,EXECUETIVE ENGINEER",EXECUETIVE ENGINEER,"Kankarbagh Division,Patna Municipal Corporation,Patna",150600.0,10000.0,3540.0
24675,NIT-NNP-03/2022-23-GR11,"Cons. of R.C.C. Drain cum Pavers Soling at Ward No. 38 From sardar Tola h/f Ramanand Singh to h/f Asharfi Paswan and Link Road under M.Fund for Year 2022-23 of Nagar Nigam, Purnea.","Cons. of R.C.C. Drain cum Pavers Soling at Ward No. 38 From sardar Tola h/f Ramanand Singh to h/f Asharfi Paswan and Link Road under M.Fund for Year 2022-23 of Nagar Nigam, Purnea.",1228028.0,INR,INR,2022-07-30 13:16:17+00:00,2022-07-30T09:27:56.268000+00:00,2023-02-25T05:36:34+00:00,"MUNICIPAL COMMISSIONER, PURNEA",MCO,"MUNICIPAL CORPORATION, PURNEA","KALA BHAWAN ROAD, PURNEA","MUNICIPAL COMMISSIONER, PURNEA",MCO,"MUNICIPAL CORPORATION, PURNEA",24600.0,2500.0,590.0
24662,NIT-NNP-03/2022-23-GR04,"Cons. of  Approach road to the campus of Smart Ashok Bhawan in Ward No.-7  under M.Fund for Year 2022-23 of Nagar Nigam, Purnea.","Cons. of  Approach road to the campus of Smart Ashok Bhawan in Ward No.-7  under M.Fund for Year 2022-23 of Nagar Nigam, Purnea.",889350.0,INR,INR,2022-07-30 13:05:13+00:00,2022-07-30T07:53:25.404000+00:00,2023-02-24T11:03:26+00:00,"MUNICIPAL COMMISSIONER, PURNEA",MCO,"MUNICIPAL CORPORATION, PURNEA","KALA BHAWAN ROAD, PURNEA","MUNICIPAL COMMISSIONER, PURNEA",MCO,"MUNICIPAL CORPORATION, PURNEA",17800.0,1250.0,590.0
24681,NIT NO-04/2022 SL-07,ward no-12 Immadpur naisarai path ka marammati kary.,ward no-12 Immadpur naisarai path ka marammati kary.,1485881.0,INR,INR,2022-07-30 10:24:07+00:00,2022-07-30T10:14:43.790000+00:00,2022-12-13T08:50:27+00:00,MUNICIPAL COMMISSIONER (BIHARSHARIF),MUNICIPAL COMMISSIONER,BIHARSHARIF MUNICIPAL CORPORATION,Biharsharif Nagar Nigam Garhpar Biharsharif Nalanda,MUNICIPAL COMMISSIONER (BIHARSHARIF),MUNICIPAL COMMISSIONER,BIHARSHARIF MUNICIPAL CORPORATION,29800.0,2500.0,590.0
24682,NIT-NNP-03/2022-23-GR15,"Cons. of P.C.C. Road at W/No.-28 From Madersha Board (Ahale Masjed) to Das Tola under M.Fund for Year 2022-23 of Nagar Nigam, Purnea.","Cons. of P.C.C. Road at W/No.-28 From Madersha Board (Ahale Masjed) to Das Tola under M.Fund for Year 2022-23 of Nagar Nigam, Purnea.",2224305.0,INR,INR,2022-07-30 13:23:36+00:00,2022-07-30T10:19:43.430000+00:00,2023-02-25T06:34:04+00:00,"MUNICIPAL COMMISSIONER, PURNEA",MCO,"MUNICIPAL CORPORATION, PURNEA","KALA BHAWAN ROAD, PURNEA","MUNICIPAL COMMISSIONER, PURNEA",MCO,"MUNICIPAL CORPORATION, PURNEA",44500.0,5000.0,590.0
24674,NIT-NNP-03/2022-23-GR10,"Cons. of R.C.C. Drain at W/No.-27 From h/f Uttam Bengali to Bhagelu Sah drain culvert under M.Fund for Year 2022-23 of Nagar Nigam, Purnea.","Cons. of R.C.C. Drain at W/No.-27 From h/f Uttam Bengali to Bhagelu Sah drain culvert under M.Fund for Year 2022-23 of Nagar Nigam, Purnea.",4030205.0,INR,INR,2022-07-30 13:14:39+00:00,2022-07-30T09:21:48.716000+00:00,2023-02-24T12:37:57+00:00,"MUNICIPAL COMMISSIONER, PURNEA",MCO,"MUNICIPAL CORPORATION, PURNEA","KALA BHAWAN ROAD, PURNEA","MUNICIPAL COMMISSIONER, PURNEA",MCO,"MUNICIPAL CORPORATION, PURNEA",80700.0,5000.0,590.0
24683,NIT NO-04/2022 SL-08,ward no-23 Murarpur me utkarmit madhay vidhalay murarpur ke purvi bhag se parveen kumar ke makan hote huye mukesh pandey ke makan tak nali ka nirman.,ward no-23 Murarpur me utkarmit madhay vidhalay murarpur ke purvi bhag se parveen kumar ke makan hote huye mukesh pandey ke makan tak nali ka nirman.,1379800.0,INR,INR,2022-07-30 10:32:17+00:00,2022-07-30T10:25:08.205000+00:00,2022-12-13T09:02:56+00:00,MUNICIPAL COMMISSIONER (BIHARSHARIF),MUNICIPAL COMMISSIONER,BIHARSHARIF MUNICIPAL CORPORATION,Biharsharif Nagar Nigam Garhpar Biharsharif Nalanda,MUNICIPAL COMMISSIONER (BIHARSHARIF),MUNICIPAL COMMISSIONER,BIHARSHARIF MUNICIPAL CORPORATION,27700.0,2500.0,590.0
24685,NIT-NNP-03/2022-23-GR17,"Cons. of Partial repair of road from Law College to mobile tower main road and from rangbumi chowk ot Purnea College main road at ward no. 17 under M.Fund for Year 2022-23 of Nagar Nigam, Purnea.","Cons. of Partial repair of road from Law College to mobile tower main road and from rangbumi chowk ot Purnea College main road at ward no. 17 under M.Fund for Year 2022-23 of Nagar Nigam, Purnea.",3006131.0,INR,INR,2022-07-30 13:27:31+00:00,2022-07-30T10:30:36.373000+00:00,2023-02-25T07:42:33+00:00,"MUNICIPAL COMMISSIONER, PURNEA",MCO,"MUNICIPAL CORPORATION, PURNEA","KALA BHAWAN ROAD, PURNEA","MUNICIPAL COMMISSIONER, PURNEA",MCO,"MUNICIPAL CORPORATION, PURNEA",60200.0,5000.0,590.0
24688,NIT-NNP-03/2022-23-GR19,"Cons. of R.C.C. Drain at W.No.- 41 & 38 From Adity hotel to Manushmaradhar  under M.Fund for Year 2022-23 of Nagar Nigam, Purnea.","Cons. of R.C.C. Drain at W.No.- 41 & 38 From Adity hotel to Manushmaradhar  under M.Fund for Year 2022-23 of Nagar Nigam, Purnea.",3021760.0,INR,INR,2022-07-30 13:30:50+00:00,2022-07-30T10:51:04.944000+00:00,2023-02-25T08:40:39+00:00,"MUNICIPAL COMMISSIONER, PURNEA",MCO,"MUNICIPAL CORPORATION, PURNEA","KALA BHAWAN ROAD, PURNEA","MUNICIPAL COMMISSIONER, PURNEA",MCO,"MUNICIPAL CORPORATION, PURNEA",60500.0,5000.0,590.0
24679,"15/E/KAN/2022-23, Group No.-02","UPGRADATION OF POND NEAR BSEB EXAMINATION 
COMPOUND AT KUMHRAR UNDER WARD NO-55 OF PMC, PATNA","UPGRADATION OF POND NEAR BSEB EXAMINATION 
COMPOUND AT KUMHRAR UNDER WARD NO-55 OF PMC, PATNA",8791300.0,INR,INR,2022-07-30 10:10:06+00:00,2022-07-30T10:04:25.474000+00:00,2023-06-16T09:54:42+00:00,"Aashish Prasad, Executive Engineer",EXECUETIVE ENGINEER,"Kankarbagh Division,Patna Municipal Corporation,Patna","Tempo Stand,Kankarbagh,Patna-20","Aashish Prasad,EXECUETIVE ENGINEER",EXECUETIVE ENGINEER,"Kankarbagh Division,Patna Municipal Corporation,Patna",175900.0,10000.0,3540.0
24680,NIT-NNP-03/2022-23-GR14,"Cons. of P.C.C. Road at different Point in road from Nevalal Chowk to Line Bazar Shiv Mandir  under M.Fund for Year 2022-23 of Nagar Nigam, Purnea.","Cons. of P.C.C. Road at different Point in road from Nevalal Chowk to Line Bazar Shiv Mandir  under M.Fund for Year 2022-23 of Nagar Nigam, Purnea.",1861972.0,INR,INR,2022-07-30 13:22:08+00:00,2022-07-30T10:10:29.897000+00:00,2023-02-25T06:23:46+00:00,"MUNICIPAL COMMISSIONER, PURNEA",MCO,"MUNICIPAL CORPORATION, PURNEA","KALA BHAWAN ROAD, PURNEA","MUNICIPAL COMMISSIONER, PURNEA",MCO,"MUNICIPAL CORPORATION, PURNEA",37300.0,5000.0,590.0
24689,NIT-NNP-03/2022-23-GR20,"Cons. of R.C.C. Drain at W.No.- 30 From Tempu Stand (Bihar Talkies Road) to Kundipul under M.Fund for Year 2022-23 of Nagar Nigam, Purnea.","Cons. of R.C.C. Drain at W.No.- 30 From Tempu Stand (Bihar Talkies Road) to Kundipul under M.Fund for Year 2022-23 of Nagar Nigam, Purnea.",1802796.0,INR,INR,2022-07-30 13:32:14+00:00,2022-07-30T10:59:21.861000+00:00,2023-02-25T08:17:59+00:00,"MUNICIPAL COMMISSIONER, PURNEA",MCO,"MUNICIPAL CORPORATION, PURNEA","KALA BHAWAN ROAD, PURNEA","MUNICIPAL COMMISSIONER, PURNEA",MCO,"MUNICIPAL CORPORATION, PURNEA",36100.0,5000.0,590.0
24686,NIT-NNP-03/2022-23-GR18,"Cons. of R.C.C. Drain cum Paver's Soling at W.No.-24 from h/f Chandramani Singh to h/f Kailash Sah under M.Fund for Year 2022-23 of Nagar Nigam, Purnea.","Cons. of R.C.C. Drain cum Paver's Soling at W.No.-24 from h/f Chandramani Singh to h/f Kailash Sah under M.Fund for Year 2022-23 of Nagar Nigam, Purnea.",997268.0,INR,INR,2022-07-30 13:29:03+00:00,2022-07-30T10:45:51.390000+00:00,2023-02-25T07:59:57+00:00,"MUNICIPAL COMMISSIONER, PURNEA",MCO,"MUNICIPAL CORPORATION, PURNEA","KALA BHAWAN ROAD, PURNEA","MUNICIPAL COMMISSIONER, PURNEA",MCO,"MUNICIPAL CORPORATION, PURNEA",20000.0,2500.0,590.0
24684,NIT-NNP-03/2022-23-GR16,"Cons. of R.C.C. Drain From  Parasar Sahab Garrage ot Ford Company Lalganj Culvert via. Market oa Pathak Jee in Ward No.-22 under M.Fund for Year 2022-23 of Nagar Nigam, Purnea.","Cons. of R.C.C. Drain From  Parasar Sahab Garrage ot Ford Company Lalganj Culvert via. Market oa Pathak Jee in Ward No.-22 under M.Fund for Year 2022-23 of Nagar Nigam, Purnea.",3535460.0,INR,INR,2022-07-30 13:25:53+00:00,2022-07-30T10:25:22.730000+00:00,2023-02-25T06:51:50+00:00,"MUNICIPAL COMMISSIONER, PURNEA",MCO,"MUNICIPAL CORPORATION, PURNEA","KALA BHAWAN ROAD, PURNEA","MUNICIPAL COMMISSIONER, PURNEA",MCO,"MUNICIPAL CORPORATION, PURNEA",70800.0,5000.0,590.0
24687,04/BCD/AURANGABAD/2022-23 GROUP 1,Construction of 30 Bedded Warder Barrack (Male) at Mandal  Aurangabad,Construction of 30 Bedded Warder Barrack (Male) at Mandal  Aurangabad,16303928.0,INR,INR,2022-07-30 11:26:39+00:00,2022-07-30T10:47:07.673000+00:00,2024-02-12T06:00:03+00:00,"Executive Engineer, AURANGABAD",EE,"Executive Engineer, AURANGABAD","Executive Engineer, AURANGABAD, BCD , AURANGABAD","Superintending Engineer, BUILDING CIRCLE GAYA",SE,Building Circle Gaya,326100.0,10000.0,3540.0
24692,NIT-NNP-03/2022-23-GR23,"Cons. of P.C.C. Road at ward No.-42 R.W.D. road to h/f Md. Javed under M.Fund for Year 2022-23 of Nagar Nigam, Purnea.","Cons. of P.C.C. Road at ward No.-42 R.W.D. road to h/f Md. Javed under M.Fund for Year 2022-23 of Nagar Nigam, Purnea.",1988409.0,INR,INR,2022-07-30 13:37:43+00:00,2022-07-30T11:27:12.844000+00:00,2023-02-25T10:14:55+00:00,"MUNICIPAL COMMISSIONER, PURNEA",MCO,"MUNICIPAL CORPORATION, PURNEA","KALA BHAWAN ROAD, PURNEA","MUNICIPAL COMMISSIONER, PURNEA",MCO,"MUNICIPAL CORPORATION, PURNEA",39800.0,5000.0,590.0
24691,NIT-NNP-03/2022-23-GR22,"Cons. of road in ward No.-17  (1) h/f Rekha Rani mehta to Pro. Nandlal Yadav Paver Block (2) Paver Block road from h/f mahendra Sharma to h/f chendra Bhusan (3) Paver Block road from h/f Ashok Mahto to h/f Jay Prakash Raman (4) Brick Soling Road from h/f Kumod Sah to h/f Sonu Jha (5) PCC road from h/f Anil urao to h/f Mahesh Paswan under M.Fund for Year 2022-23 of Nagar Nigam, Purnea.","Cons. of road in ward No.-17  (1) h/f Rekha Rani mehta to Pro. Nandlal Yadav Paver Block (2) Paver Block road from h/f mahendra Sharma to h/f chendra Bhusan (3) Paver Block road from h/f Ashok Mahto to h/f Jay Prakash Raman (4) Brick Soling Road from h/f Kumod Sah to h/f Sonu Jha (5) PCC road from h/f Anil urao to h/f Mahesh Paswan under M.Fund for Year 2022-23 of Nagar Nigam, Purnea.",3271334.0,INR,INR,2022-07-30 13:36:20+00:00,2022-07-30T11:19:55.123000+00:00,2023-02-25T10:02:57+00:00,"MUNICIPAL COMMISSIONER, PURNEA",MCO,"MUNICIPAL CORPORATION, PURNEA","KALA BHAWAN ROAD, PURNEA","MUNICIPAL COMMISSIONER, PURNEA",MCO,"MUNICIPAL CORPORATION, PURNEA",65500.0,5000.0,590.0
24697,NIT-NNP-03/2022-23-GR27,"Cons. of P.C.C Road at Ward No.-30 From rambagh h/f Sarpanch Sahab to Sanjay Bindh, Sri Mithilesh Yadav to Sachidanand Jee house & etc. for Year 2020-2021 Nagar Nigam Purnea.","Cons. of P.C.C Road at Ward No.-30 From rambagh h/f Sarpanch Sahab to Sanjay Bindh, Sri Mithilesh Yadav to Sachidanand Jee house & etc. for Year 2020-2021 Nagar Nigam Purnea.",2298516.0,INR,INR,2022-07-30 13:42:26+00:00,2022-07-30T11:49:46.531000+00:00,2023-02-25T11:06:38+00:00,"MUNICIPAL COMMISSIONER, PURNEA",MCO,"MUNICIPAL CORPORATION, PURNEA","KALA BHAWAN ROAD, PURNEA","MUNICIPAL COMMISSIONER, PURNEA",MCO,"MUNICIPAL CORPORATION, PURNEA",46000.0,5000.0,590.0
24693,04/BCD/AURANGABAD/2022-23 GROUP 2,"Construction of 20 Bedded Warder Barrack (Female) at Mandal Kara , Aurangabad","Construction of 20 Bedded Warder Barrack (Female) at Mandal Kara , Aurangabad",14017676.0,INR,INR,2022-07-30 11:34:50+00:00,2022-07-30T11:27:25.480000+00:00,2024-02-12T06:00:32+00:00,"Executive Engineer, AURANGABAD",EE,"Executive Engineer, AURANGABAD","Executive Engineer, AURANGABAD, BCD , AURANGABAD","Superintending Engineer, BUILDING CIRCLE GAYA",SE,Building Circle Gaya,280400.0,10000.0,3540.0
24690,NIT-NNP-03/2022-23-GR21,"Cons. of R.C.C.Cross Drain at W/No.-14 Shri Nayak Hotel to Khadi Bhandar Culvert via. Arjun Bhawan under M.Fund for Year 2022-23 of Nagar Nigam, Purnea.","Cons. of R.C.C.Cross Drain at W/No.-14 Shri Nayak Hotel to Khadi Bhandar Culvert via. Arjun Bhawan under M.Fund for Year 2022-23 of Nagar Nigam, Purnea.",4496399.0,INR,INR,2022-07-30 13:34:57+00:00,2022-07-30T11:11:40.218000+00:00,2023-02-25T11:48:47+00:00,"MUNICIPAL COMMISSIONER, PURNEA",MCO,"MUNICIPAL CORPORATION, PURNEA","KALA BHAWAN ROAD, PURNEA","MUNICIPAL COMMISSIONER, PURNEA",MCO,"MUNICIPAL CORPORATION, PURNEA",,5000.0,590.0
24696,NIT-NNP-03/2022-23-GR25,"Cons. of P.C.C. Road at ward No.-07 Buxsa Ghat Road to h/f Ashish Singh (UCO bank Manger) link road Beshwjeet Jha Faujee under M.Fund for Year 2022-23 of Nagar Nigam, Purnea.","Cons. of P.C.C. Road at ward No.-07 Buxsa Ghat Road to h/f Ashish Singh (UCO bank Manger) link road Beshwjeet Jha Faujee under M.Fund for Year 2022-23 of Nagar Nigam, Purnea.",1965626.0,INR,INR,2022-07-30 13:40:40+00:00,2022-07-30T11:44:12.439000+00:00,2023-02-25T10:45:35+00:00,"MUNICIPAL COMMISSIONER, PURNEA",MCO,"MUNICIPAL CORPORATION, PURNEA","KALA BHAWAN ROAD, PURNEA","MUNICIPAL COMMISSIONER, PURNEA",MCO,"MUNICIPAL CORPORATION, PURNEA",39400.0,5000.0,590.0
24694,NIT-NNP-03/2022-23-GR24,"Cons. of P.C.C. Road at ward No.-07 Buxsa Ghat Road to Kajal Interprises to h/f Saroj Devi to h/f Sintu Singh under M.Fund for Year 2022-23 of Nagar Nigam, Purnea.","Cons. of P.C.C. Road at ward No.-07 Buxsa Ghat Road to Kajal Interprises to h/f Saroj Devi to h/f Sintu Singh under M.Fund for Year 2022-23 of Nagar Nigam, Purnea.",2235383.0,INR,INR,2022-07-30 13:39:12+00:00,2022-07-30T11:32:34.601000+00:00,2023-02-25T10:28:12+00:00,"MUNICIPAL COMMISSIONER, PURNEA",MCO,"MUNICIPAL CORPORATION, PURNEA","KALA BHAWAN ROAD, PURNEA","MUNICIPAL COMMISSIONER, PURNEA",MCO,"MUNICIPAL CORPORATION, PURNEA",44800.0,5000.0,590.0
24700,NIT-NNP-03/2022-23-GR30,"Cons. of P.C.C Road at Ward No.-30 Srinagar Road (Rambag) Dev Narayan Sah to Ajay Yadav, Rambag Jha Jee house to conal, Lala Chhawani Keval devi house to Manish yadav House for Year 2020-2021 Nagar Nigam Purnea.","Cons. of P.C.C Road at Ward No.-30 Srinagar Road (Rambag) Dev Narayan Sah to Ajay Yadav, Rambag Jha Jee house to conal, Lala Chhawani Keval devi house to Manish yadav House for Year 2020-2021 Nagar Nigam Purnea.",2421165.0,INR,INR,2022-07-30 13:47:10+00:00,2022-07-30T12:29:43.545000+00:00,2023-02-28T12:17:00+00:00,"MUNICIPAL COMMISSIONER, PURNEA",MCO,"MUNICIPAL CORPORATION, PURNEA","KALA BHAWAN ROAD, PURNEA","MUNICIPAL COMMISSIONER, PURNEA",MCO,"MUNICIPAL CORPORATION, PURNEA",48500.0,5000.0,590.0
24698,NIT-NNP-03/2022-23-GR28,Cons. of Paver Soling at Ward No.-31 From Samudayik Bhawan Naya Tola to h/f Sagar Sah and Rambag Defenc Colony h/f Md. Naieem to h/f Upendra Yadav for Year 2020-2021 Nagar Nigam Purnea.,Cons. of Paver Soling at Ward No.-31 From Samudayik Bhawan Naya Tola to h/f Sagar Sah and Rambag Defenc Colony h/f Md. Naieem to h/f Upendra Yadav for Year 2020-2021 Nagar Nigam Purnea.,1939775.0,INR,INR,2022-07-30 13:44:07+00:00,2022-07-30T12:05:08.925000+00:00,2023-02-28T12:06:48+00:00,"MUNICIPAL COMMISSIONER, PURNEA",MCO,"MUNICIPAL CORPORATION, PURNEA","KALA BHAWAN ROAD, PURNEA","MUNICIPAL COMMISSIONER, PURNEA",MCO,"MUNICIPAL CORPORATION, PURNEA",38800.0,5000.0,590.0
24701,NIT-NNP-03/2022-23-GR31,Cons. of P.C.C. Road at Ward No.- 43 from Ramghat h/f  MD Mahfooz to h/f  Khursheed Ali via. h/f  Lal Moahd for Year 2020-2021 Nagar Nigam Purnea.,Cons. of P.C.C. Road at Ward No.- 43 from Ramghat h/f  MD Mahfooz to h/f  Khursheed Ali via. h/f  Lal Moahd for Year 2020-2021 Nagar Nigam Purnea.,2224657.0,INR,INR,2022-07-30 13:48:33+00:00,2022-07-30T12:34:23.307000+00:00,2023-02-28T12:47:26+00:00,"MUNICIPAL COMMISSIONER, PURNEA",MCO,"MUNICIPAL CORPORATION, PURNEA","KALA BHAWAN ROAD, PURNEA","MUNICIPAL COMMISSIONER, PURNEA",MCO,"MUNICIPAL CORPORATION, PURNEA",44500.0,5000.0,590.0
24702,NIT-NNP-03/2022-23-GR32,"Cons. of P.C.C Road at Ward No.-30 Rambag h/f Vishweshwar Singh to Vishwanath Paswan, Postmartam Road to Bhola Sahani, Rajesh Verma to Nand Lal Yadav, Rajesh Verma to Nand Lal Yadav, Maharaji Hata Shanni Das to Anil Das for Year 2020-2021 Nagar Nigam Purnea.","Cons. of P.C.C Road at Ward No.-30 Rambag h/f Vishweshwar Singh to Vishwanath Paswan, Postmartam Road to Bhola Sahani, Rajesh Verma to Nand Lal Yadav, Rajesh Verma to Nand Lal Yadav, Maharaji Hata Shanni Das to Anil Das for Year 2020-2021 Nagar Nigam Purnea.",2194739.0,INR,INR,2022-07-30 13:49:50+00:00,2022-07-30T12:39:35.501000+00:00,2023-02-28T12:57:21+00:00,"MUNICIPAL COMMISSIONER, PURNEA",MCO,"MUNICIPAL CORPORATION, PURNEA","KALA BHAWAN ROAD, PURNEA","MUNICIPAL COMMISSIONER, PURNEA",MCO,"MUNICIPAL CORPORATION, PURNEA",43900.0,5000.0,590.0
24705,NIT06/2022-23/JHAJHA-GR02,RENOVATION WORK OF LEFT LOW LEVEL MAIN CANAL OF NAGI RESERVOIR SCHEME UNDER IRRIGATION DIVISION JHAJHA,RENOVATION WORK OF LEFT LOW LEVEL MAIN CANAL OF NAGI RESERVOIR SCHEME UNDER IRRIGATION DIVISION JHAJHA,9204305.0,INR,INR,2022-07-31 11:47:50+00:00,2022-07-31T08:21:27.057000+00:00,2022-08-23T13:52:23+00:00,DEEPAK PRADHAN,EXECUTIVE ENGINEER,"IRRIGATION DIVISION, JHAJHA",JHAJHA,Harish Kumar,Superintending Engineer,WATER AND LAND MANAGEMENT INSTITUTE,184000.0,10000.0,3540.0
24703,08/BCD/MUNGER/2022-23,CONSTRUCTION OF SUB REGISTRY OFFICE HAWELI KHARAGPUR AT MUNGER,CONSTRUCTION OF SUB REGISTRY OFFICE HAWELI KHARAGPUR AT MUNGER,15310948.0,INR,INR,2022-07-31 07:09:04+00:00,2022-07-31T05:57:06.285000+00:00,2022-08-30T09:13:23+00:00,"EE , Munger",EE,"BCD, Munger",Fort Area munger,Superintending Engineer Building Circle Munger,Superintending Engineer,Building Construction Department,306300.0,10000.0,3540.0
24704,NIT06/2022-23/JHAJHA-GR01,RENOVATION WORK OF BRANCH CANAL-2 OF RIGHT LOW LEVEL MAIN CANAL EXISTING FROM NAGI RESERVOIR SCHEME UNDER IRRIGATION DIVISION JHAJHA,RENOVATION WORK OF BRANCH CANAL-2 OF RIGHT LOW LEVEL MAIN CANAL EXISTING FROM NAGI RESERVOIR SCHEME UNDER IRRIGATION DIVISION JHAJHA,7662402.0,INR,INR,2022-07-31 08:37:34+00:00,2022-07-31T08:20:42.502000+00:00,2022-08-23T13:51:38+00:00,DEEPAK PRADHAN,EXECUTIVE ENGINEER,"IRRIGATION DIVISION, JHAJHA",JHAJHA,Harish Kumar,Superintending Engineer,WATER AND LAND MANAGEMENT INSTITUTE,153000.0,10000.0,3540.0
